book,chapter,verse,tafsir
أخبار أيام ثاني,1,1,"ملخص لسفر أخبار الأيام الثانى
أخبار أيام ثاني,1,2,"الإصحاح الأول
أخبار أيام ثاني,1,3,"الإصحاح الأول
أخبار أيام ثاني,1,4,"الإصحاح الأول
أخبار أيام ثاني,1,5,"الإصحاح الأول
أخبار أيام ثاني,1,6,"الإصحاح الأول
أخبار أيام ثاني,1,7,"الإصحاح الأول
أخبار أيام ثاني,1,8,"الإصحاح الأول
أخبار أيام ثاني,1,9,"الإصحاح الأول
أخبار أيام ثاني,1,10,"الإصحاح الأول
أخبار أيام ثاني,1,11,"الإصحاح الأول
أخبار أيام ثاني,1,12,"الإصحاح الأول
أخبار أيام ثاني,1,13,"الإصحاح الأول
أخبار أيام ثاني,1,14,"الإصحاح الأول
أخبار أيام ثاني,1,15,"الإصحاح الأول
أخبار أيام ثاني,1,16,"الإصحاح الأول
أخبار أيام ثاني,1,17,"الإصحاح الأول
أخبار أيام ثاني,1,18,"الإصحاح الأول
أخبار أيام ثاني,1,19,"الإصحاح الأول
أخبار أيام ثاني,1,20,"الإصحاح الأول
أخبار أيام ثاني,1,21,"الإصحاح الأول
أخبار أيام ثاني,1,22,"الإصحاح الأول
أخبار أيام ثاني,1,23,"الإصحاح الأول
أخبار أيام ثاني,1,24,"الإصحاح الأول
أخبار أيام ثاني,1,25,"الإصحاح الأول
أخبار أيام ثاني,1,26,"الإصحاح الأول
أخبار أيام ثاني,1,27,"الإصحاح الأول
أخبار أيام ثاني,1,28,"الإصحاح الأول
أخبار أيام ثاني,1,29,"الإصحاح الأول
أخبار أيام ثاني,1,30,"الإصحاح الأول
أخبار أيام ثاني,1,31,"الإصحاح الأول
أخبار أيام ثاني,1,32,"الإصحاح الأول
أخبار أيام ثاني,1,33,"الإصحاح الأول
أخبار أيام ثاني,1,34,"الإصحاح الأول
أخبار أيام ثاني,1,35,"الإصحاح الأول
أخبار أيام ثاني,1,36,"الإصحاح الأول
أخبار أيام ثاني,1,37,"الإصحاح الأول
أخبار أيام ثاني,1,38,"الإصحاح الأول
أخبار أيام ثاني,1,39,"الإصحاح الأول
أخبار أيام ثاني,1,40,"الإصحاح الأول
أخبار أيام ثاني,1,41,"الإصحاح الأول
أخبار أيام ثاني,1,42,"الإصحاح الأول
أخبار أيام ثاني,1,43,"الإصحاح الأول
أخبار أيام ثاني,1,44,"الإصحاح الأول
أخبار أيام ثاني,1,45,"الإصحاح الأول
أخبار أيام ثاني,1,46,"الإصحاح الأول
أخبار أيام ثاني,1,47,"الإصحاح الأول
أخبار أيام ثاني,1,48,"الإصحاح الأول
أخبار أيام ثاني,1,49,"الإصحاح الأول
أخبار أيام ثاني,1,50,"الإصحاح الأول
أخبار أيام ثاني,1,51,"الإصحاح الأول
أخبار أيام ثاني,1,52,"الإصحاح الأول
أخبار أيام ثاني,1,53,"الإصحاح الأول
أخبار أيام ثاني,1,54,"الإصحاح الأول
أخبار أيام ثاني,1,55,"الإصحاح الأول
أخبار أيام ثاني,1,56,"الإصحاح الأول
أخبار أيام ثاني,1,57,"الإصحاح الأول
أخبار أيام ثاني,1,58,"الإصحاح الأول
أخبار أيام ثاني,1,59,"الإصحاح الأول
أخبار أيام ثاني,1,60,"الإصحاح الأول
أخبار أيام ثاني,1,61,"الإصحاح الأول
أخبار أيام ثاني,1,62,"الإصحاح الأول
أخبار أيام ثاني,1,63,"الإصحاح الأول
أخبار أيام ثاني,1,64,"الإصحاح الأول
أخبار أيام ثاني,1,65,"الإصحاح الأول
أخبار أيام ثاني,1,66,"الإصحاح الأول
أخبار أيام ثاني,1,67,"الإصحاح الأول
أخبار أيام ثاني,1,68,"الإصحاح الأول
أخبار أيام ثاني,1,69,"الإصحاح الأول
أخبار أيام ثاني,1,70,"الإصحاح الأول
أخبار أيام ثاني,1,71,"الإصحاح الأول
أخبار أيام ثاني,1,72,"الإصحاح الأول
أخبار أيام ثاني,1,73,"الإصحاح الأول
أخبار أيام ثاني,1,74,"الإصحاح الأول
أخبار أيام ثاني,1,75,"الإصحاح الأول
أخبار أيام ثاني,1,76,"الإصحاح الأول
أخبار أيام ثاني,1,77,"الإصحاح الأول
أخبار أيام ثاني,1,78,"الإصحاح الأول
أخبار أيام ثاني,1,79,"الإصحاح الأول
أخبار أيام ثاني,1,80,"الإصحاح الأول
أخبار أيام ثاني,1,81,"الإصحاح الأول
أخبار أيام ثاني,1,82,"الإصحاح الأول
أخبار أيام ثاني,1,83,"الإصحاح الأول
أخبار أيام ثاني,1,84,"الإصحاح الأول
أخبار أيام ثاني,1,85,"الإصحاح الأول
أخبار أيام ثاني,1,86,"الإصحاح الأول
أخبار أيام ثاني,1,87,"الإصحاح الأول
أخبار أيام ثاني,1,88,"الإصحاح الأول
أخبار أيام ثاني,1,89,"الإصحاح الأول
أخبار أيام ثاني,1,90,"الإصحاح الأول
أخبار أيام ثاني,1,91,"الإصحاح الأول
أخبار أيام ثاني,1,92,"الإصحاح الأول
أخبار أيام ثاني,1,93,"الإصحاح الأول
أخبار أيام ثاني,1,94,"الإصحاح الأول
أخبار أيام ثاني,1,95,"الإصحاح الأول
أخبار أيام ثاني,1,96,"الإصحاح الأول
أخبار أيام ثاني,1,97,"الإصحاح الأول
أخبار أيام ثاني,1,98,"الإصحاح الأول
أخبار أيام ثاني,1,99,"الإصحاح الأول
أخبار أيام ثاني,2,1,"الإصحاح الثانى
أخبار أيام ثاني,2,2,"الإصحاح الثانى
أخبار أيام ثاني,2,3,"الإصحاح الثانى
أخبار أيام ثاني,2,4,"الإصحاح الثانى
أخبار أيام ثاني,2,5,"الإصحاح الثانى
أخبار أيام ثاني,2,6,"الإصحاح الثانى
أخبار أيام ثاني,2,7,"الإصحاح الثانى
أخبار أيام ثاني,2,8,"الإصحاح الثانى
أخبار أيام ثاني,2,9,"الإصحاح الثانى
أخبار أيام ثاني,2,10,"الإصحاح الثانى
أخبار أيام ثاني,2,11,"الإصحاح الثانى
أخبار أيام ثاني,2,12,"الإصحاح الثانى
أخبار أيام ثاني,2,13,"الإصحاح الثانى
أخبار أيام ثاني,2,14,"الإصحاح الثانى
أخبار أيام ثاني,2,15,"الإصحاح الثانى
أخبار أيام ثاني,2,16,"الإصحاح الثانى
أخبار أيام ثاني,2,17,"الإصحاح الثانى
أخبار أيام ثاني,2,18,"الإصحاح الثانى
أخبار أيام ثاني,2,19,"الإصحاح الثانى
أخبار أيام ثاني,2,20,"الإصحاح الثانى
أخبار أيام ثاني,2,21,"الإصحاح الثانى
أخبار أيام ثاني,2,22,"الإصحاح الثانى
أخبار أيام ثاني,2,23,"الإصحاح الثانى
أخبار أيام ثاني,2,24,"الإصحاح الثانى
أخبار أيام ثاني,2,25,"الإصحاح الثانى
أخبار أيام ثاني,2,26,"الإصحاح الثانى
أخبار أيام ثاني,2,27,"الإصحاح الثانى
أخبار أيام ثاني,2,28,"الإصحاح الثانى
أخبار أيام ثاني,2,29,"الإصحاح الثانى
أخبار أيام ثاني,2,30,"الإصحاح الثانى
أخبار أيام ثاني,2,31,"الإصحاح الثانى
أخبار أيام ثاني,2,32,"الإصحاح الثانى
أخبار أيام ثاني,2,33,"الإصحاح الثانى
أخبار أيام ثاني,2,34,"الإصحاح الثانى
أخبار أيام ثاني,2,35,"الإصحاح الثانى
أخبار أيام ثاني,2,36,"الإصحاح الثانى
أخبار أيام ثاني,2,37,"الإصحاح الثانى
أخبار أيام ثاني,2,38,"الإصحاح الثانى
أخبار أيام ثاني,2,39,"الإصحاح الثانى
أخبار أيام ثاني,2,40,"الإصحاح الثانى
أخبار أيام ثاني,2,41,"الإصحاح الثانى
أخبار أيام ثاني,2,42,"الإصحاح الثانى
أخبار أيام ثاني,2,43,"الإصحاح الثانى
أخبار أيام ثاني,2,44,"الإصحاح الثانى
أخبار أيام ثاني,2,45,"الإصحاح الثانى
أخبار أيام ثاني,2,46,"الإصحاح الثانى
أخبار أيام ثاني,2,47,"الإصحاح الثانى
أخبار أيام ثاني,2,48,"الإصحاح الثانى
أخبار أيام ثاني,2,49,"الإصحاح الثانى
أخبار أيام ثاني,2,50,"الإصحاح الثانى
أخبار أيام ثاني,2,51,"الإصحاح الثانى
أخبار أيام ثاني,2,52,"الإصحاح الثانى
أخبار أيام ثاني,2,53,"الإصحاح الثانى
أخبار أيام ثاني,2,54,"الإصحاح الثانى
أخبار أيام ثاني,2,55,"الإصحاح الثانى
أخبار أيام ثاني,2,56,"الإصحاح الثانى
أخبار أيام ثاني,2,57,"الإصحاح الثانى
أخبار أيام ثاني,2,58,"الإصحاح الثانى
أخبار أيام ثاني,2,59,"الإصحاح الثانى
أخبار أيام ثاني,2,60,"الإصحاح الثانى
أخبار أيام ثاني,2,61,"الإصحاح الثانى
أخبار أيام ثاني,2,62,"الإصحاح الثانى
أخبار أيام ثاني,2,63,"الإصحاح الثانى
أخبار أيام ثاني,2,64,"الإصحاح الثانى
أخبار أيام ثاني,2,65,"الإصحاح الثانى
أخبار أيام ثاني,2,66,"الإصحاح الثانى
أخبار أيام ثاني,2,67,"الإصحاح الثانى
أخبار أيام ثاني,2,68,"الإصحاح الثانى
أخبار أيام ثاني,2,69,"الإصحاح الثانى
أخبار أيام ثاني,2,70,"الإصحاح الثانى
أخبار أيام ثاني,2,71,"الإصحاح الثانى
أخبار أيام ثاني,2,72,"الإصحاح الثانى
أخبار أيام ثاني,2,73,"الإصحاح الثانى
أخبار أيام ثاني,2,74,"الإصحاح الثانى
أخبار أيام ثاني,2,75,"الإصحاح الثانى
أخبار أيام ثاني,2,76,"الإصحاح الثانى
أخبار أيام ثاني,2,77,"الإصحاح الثانى
أخبار أيام ثاني,2,78,"الإصحاح الثانى
أخبار أيام ثاني,2,79,"الإصحاح الثانى
أخبار أيام ثاني,2,80,"الإصحاح الثانى
أخبار أيام ثاني,2,81,"الإصحاح الثانى
أخبار أيام ثاني,2,82,"الإصحاح الثانى
أخبار أيام ثاني,2,83,"الإصحاح الثانى
أخبار أيام ثاني,2,84,"الإصحاح الثانى
أخبار أيام ثاني,2,85,"الإصحاح الثانى
أخبار أيام ثاني,2,86,"الإصحاح الثانى
أخبار أيام ثاني,2,87,"الإصحاح الثانى
أخبار أيام ثاني,2,88,"الإصحاح الثانى
أخبار أيام ثاني,2,89,"الإصحاح الثانى
أخبار أيام ثاني,2,90,"الإصحاح الثانى
أخبار أيام ثاني,2,91,"الإصحاح الثانى
أخبار أيام ثاني,2,92,"الإصحاح الثانى
أخبار أيام ثاني,2,93,"الإصحاح الثانى
أخبار أيام ثاني,2,94,"الإصحاح الثانى
أخبار أيام ثاني,2,95,"الإصحاح الثانى
أخبار أيام ثاني,2,96,"الإصحاح الثانى
أخبار أيام ثاني,2,97,"الإصحاح الثانى
أخبار أيام ثاني,2,98,"الإصحاح الثانى
أخبار أيام ثاني,2,99,"الإصحاح الثانى
أخبار أيام ثاني,3,1,"الإصحاح الثالث
أخبار أيام ثاني,3,2,"الإصحاح الثالث
أخبار أيام ثاني,3,3,"الإصحاح الثالث
أخبار أيام ثاني,3,4,"الإصحاح الثالث
أخبار أيام ثاني,3,5,"الإصحاح الثالث
أخبار أيام ثاني,3,6,"الإصحاح الثالث
أخبار أيام ثاني,3,7,"الإصحاح الثالث
أخبار أيام ثاني,3,8,"الإصحاح الثالث
أخبار أيام ثاني,3,9,"الإصحاح الثالث
أخبار أيام ثاني,3,10,"الإصحاح الثالث
أخبار أيام ثاني,3,11,"الإصحاح الثالث
أخبار أيام ثاني,3,12,"الإصحاح الثالث
أخبار أيام ثاني,3,13,"الإصحاح الثالث
أخبار أيام ثاني,3,14,"الإصحاح الثالث
أخبار أيام ثاني,3,15,"الإصحاح الثالث
أخبار أيام ثاني,3,16,"الإصحاح الثالث
أخبار أيام ثاني,3,17,"الإصحاح الثالث
أخبار أيام ثاني,3,18,"الإصحاح الثالث
أخبار أيام ثاني,3,19,"الإصحاح الثالث
أخبار أيام ثاني,3,20,"الإصحاح الثالث
أخبار أيام ثاني,3,21,"الإصحاح الثالث
أخبار أيام ثاني,3,22,"الإصحاح الثالث
أخبار أيام ثاني,3,23,"الإصحاح الثالث
أخبار أيام ثاني,3,24,"الإصحاح الثالث
أخبار أيام ثاني,3,25,"الإصحاح الثالث
أخبار أيام ثاني,3,26,"الإصحاح الثالث
أخبار أيام ثاني,3,27,"الإصحاح الثالث
أخبار أيام ثاني,3,28,"الإصحاح الثالث
أخبار أيام ثاني,3,29,"الإصحاح الثالث
أخبار أيام ثاني,3,30,"الإصحاح الثالث
أخبار أيام ثاني,3,31,"الإصحاح الثالث
أخبار أيام ثاني,3,32,"الإصحاح الثالث
أخبار أيام ثاني,3,33,"الإصحاح الثالث
أخبار أيام ثاني,3,34,"الإصحاح الثالث
أخبار أيام ثاني,3,35,"الإصحاح الثالث
أخبار أيام ثاني,3,36,"الإصحاح الثالث
أخبار أيام ثاني,3,37,"الإصحاح الثالث
أخبار أيام ثاني,3,38,"الإصحاح الثالث
أخبار أيام ثاني,3,39,"الإصحاح الثالث
أخبار أيام ثاني,3,40,"الإصحاح الثالث
أخبار أيام ثاني,3,41,"الإصحاح الثالث
أخبار أيام ثاني,3,42,"الإصحاح الثالث
أخبار أيام ثاني,3,43,"الإصحاح الثالث
أخبار أيام ثاني,3,44,"الإصحاح الثالث
أخبار أيام ثاني,3,45,"الإصحاح الثالث
أخبار أيام ثاني,3,46,"الإصحاح الثالث
أخبار أيام ثاني,3,47,"الإصحاح الثالث
أخبار أيام ثاني,3,48,"الإصحاح الثالث
أخبار أيام ثاني,3,49,"الإصحاح الثالث
أخبار أيام ثاني,3,50,"الإصحاح الثالث
أخبار أيام ثاني,3,51,"الإصحاح الثالث
أخبار أيام ثاني,3,52,"الإصحاح الثالث
أخبار أيام ثاني,3,53,"الإصحاح الثالث
أخبار أيام ثاني,3,54,"الإصحاح الثالث
أخبار أيام ثاني,3,55,"الإصحاح الثالث
أخبار أيام ثاني,3,56,"الإصحاح الثالث
أخبار أيام ثاني,3,57,"الإصحاح الثالث
أخبار أيام ثاني,3,58,"الإصحاح الثالث
أخبار أيام ثاني,3,59,"الإصحاح الثالث
أخبار أيام ثاني,3,60,"الإصحاح الثالث
أخبار أيام ثاني,3,61,"الإصحاح الثالث
أخبار أيام ثاني,3,62,"الإصحاح الثالث
أخبار أيام ثاني,3,63,"الإصحاح الثالث
أخبار أيام ثاني,3,64,"الإصحاح الثالث
أخبار أيام ثاني,3,65,"الإصحاح الثالث
أخبار أيام ثاني,3,66,"الإصحاح الثالث
أخبار أيام ثاني,3,67,"الإصحاح الثالث
أخبار أيام ثاني,3,68,"الإصحاح الثالث
أخبار أيام ثاني,3,69,"الإصحاح الثالث
أخبار أيام ثاني,3,70,"الإصحاح الثالث
أخبار أيام ثاني,3,71,"الإصحاح الثالث
أخبار أيام ثاني,3,72,"الإصحاح الثالث
أخبار أيام ثاني,3,73,"الإصحاح الثالث
أخبار أيام ثاني,3,74,"الإصحاح الثالث
أخبار أيام ثاني,3,75,"الإصحاح الثالث
أخبار أيام ثاني,3,76,"الإصحاح الثالث
أخبار أيام ثاني,3,77,"الإصحاح الثالث
أخبار أيام ثاني,3,78,"الإصحاح الثالث
أخبار أيام ثاني,3,79,"الإصحاح الثالث
أخبار أيام ثاني,3,80,"الإصحاح الثالث
أخبار أيام ثاني,3,81,"الإصحاح الثالث
أخبار أيام ثاني,3,82,"الإصحاح الثالث
أخبار أيام ثاني,3,83,"الإصحاح الثالث
أخبار أيام ثاني,3,84,"الإصحاح الثالث
أخبار أيام ثاني,3,85,"الإصحاح الثالث
أخبار أيام ثاني,3,86,"الإصحاح الثالث
أخبار أيام ثاني,3,87,"الإصحاح الثالث
أخبار أيام ثاني,3,88,"الإصحاح الثالث
أخبار أيام ثاني,3,89,"الإصحاح الثالث
أخبار أيام ثاني,3,90,"الإصحاح الثالث
أخبار أيام ثاني,3,91,"الإصحاح الثالث
أخبار أيام ثاني,3,92,"الإصحاح الثالث
أخبار أيام ثاني,3,93,"الإصحاح الثالث
أخبار أيام ثاني,3,94,"الإصحاح الثالث
أخبار أيام ثاني,3,95,"الإصحاح الثالث
أخبار أيام ثاني,3,96,"الإصحاح الثالث
أخبار أيام ثاني,3,97,"الإصحاح الثالث
أخبار أيام ثاني,3,98,"الإصحاح الثالث
أخبار أيام ثاني,3,99,"الإصحاح الثالث
أخبار أيام ثاني,4,1,"الإصحاح الرابع
أخبار أيام ثاني,4,2,"الإصحاح الرابع
أخبار أيام ثاني,4,3,"الإصحاح الرابع
أخبار أيام ثاني,4,4,"الإصحاح الرابع
أخبار أيام ثاني,4,5,"الإصحاح الرابع
أخبار أيام ثاني,4,6,"الإصحاح الرابع
أخبار أيام ثاني,4,7,"الإصحاح الرابع
أخبار أيام ثاني,4,8,"الإصحاح الرابع
أخبار أيام ثاني,4,9,"الإصحاح الرابع
أخبار أيام ثاني,4,10,"الإصحاح الرابع
أخبار أيام ثاني,4,11,"الإصحاح الرابع
أخبار أيام ثاني,4,12,"الإصحاح الرابع
أخبار أيام ثاني,4,13,"الإصحاح الرابع
أخبار أيام ثاني,4,14,"الإصحاح الرابع
أخبار أيام ثاني,4,15,"الإصحاح الرابع
أخبار أيام ثاني,4,16,"الإصحاح الرابع
أخبار أيام ثاني,4,17,"الإصحاح الرابع
أخبار أيام ثاني,4,18,"الإصحاح الرابع
أخبار أيام ثاني,4,19,"الإصحاح الرابع
أخبار أيام ثاني,4,20,"الإصحاح الرابع
أخبار أيام ثاني,4,21,"الإصحاح الرابع
أخبار أيام ثاني,4,22,"الإصحاح الرابع
أخبار أيام ثاني,4,23,"الإصحاح الرابع
أخبار أيام ثاني,4,24,"الإصحاح الرابع
أخبار أيام ثاني,4,25,"الإصحاح الرابع
أخبار أيام ثاني,4,26,"الإصحاح الرابع
أخبار أيام ثاني,4,27,"الإصحاح الرابع
أخبار أيام ثاني,4,28,"الإصحاح الرابع
أخبار أيام ثاني,4,29,"الإصحاح الرابع
أخبار أيام ثاني,4,30,"الإصحاح الرابع
أخبار أيام ثاني,4,31,"الإصحاح الرابع
أخبار أيام ثاني,4,32,"الإصحاح الرابع
أخبار أيام ثاني,4,33,"الإصحاح الرابع
أخبار أيام ثاني,4,34,"الإصحاح الرابع
أخبار أيام ثاني,4,35,"الإصحاح الرابع
أخبار أيام ثاني,4,36,"الإصحاح الرابع
أخبار أيام ثاني,4,37,"الإصحاح الرابع
أخبار أيام ثاني,4,38,"الإصحاح الرابع
أخبار أيام ثاني,4,39,"الإصحاح الرابع
أخبار أيام ثاني,4,40,"الإصحاح الرابع
أخبار أيام ثاني,4,41,"الإصحاح الرابع
أخبار أيام ثاني,4,42,"الإصحاح الرابع
أخبار أيام ثاني,4,43,"الإصحاح الرابع
أخبار أيام ثاني,4,44,"الإصحاح الرابع
أخبار أيام ثاني,4,45,"الإصحاح الرابع
أخبار أيام ثاني,4,46,"الإصحاح الرابع
أخبار أيام ثاني,4,47,"الإصحاح الرابع
أخبار أيام ثاني,4,48,"الإصحاح الرابع
أخبار أيام ثاني,4,49,"الإصحاح الرابع
أخبار أيام ثاني,4,50,"الإصحاح الرابع
أخبار أيام ثاني,4,51,"الإصحاح الرابع
أخبار أيام ثاني,4,52,"الإصحاح الرابع
أخبار أيام ثاني,4,53,"الإصحاح الرابع
أخبار أيام ثاني,4,54,"الإصحاح الرابع
أخبار أيام ثاني,4,55,"الإصحاح الرابع
أخبار أيام ثاني,4,56,"الإصحاح الرابع
أخبار أيام ثاني,4,57,"الإصحاح الرابع
أخبار أيام ثاني,4,58,"الإصحاح الرابع
أخبار أيام ثاني,4,59,"الإصحاح الرابع
أخبار أيام ثاني,4,60,"الإصحاح الرابع
أخبار أيام ثاني,4,61,"الإصحاح الرابع
أخبار أيام ثاني,4,62,"الإصحاح الرابع
أخبار أيام ثاني,4,63,"الإصحاح الرابع
أخبار أيام ثاني,4,64,"الإصحاح الرابع
أخبار أيام ثاني,4,65,"الإصحاح الرابع
أخبار أيام ثاني,4,66,"الإصحاح الرابع
أخبار أيام ثاني,4,67,"الإصحاح الرابع
أخبار أيام ثاني,4,68,"الإصحاح الرابع
أخبار أيام ثاني,4,69,"الإصحاح الرابع
أخبار أيام ثاني,4,70,"الإصحاح الرابع
أخبار أيام ثاني,4,71,"الإصحاح الرابع
أخبار أيام ثاني,4,72,"الإصحاح الرابع
أخبار أيام ثاني,4,73,"الإصحاح الرابع
أخبار أيام ثاني,4,74,"الإصحاح الرابع
أخبار أيام ثاني,4,75,"الإصحاح الرابع
أخبار أيام ثاني,4,76,"الإصحاح الرابع
أخبار أيام ثاني,4,77,"الإصحاح الرابع
أخبار أيام ثاني,4,78,"الإصحاح الرابع
أخبار أيام ثاني,4,79,"الإصحاح الرابع
أخبار أيام ثاني,4,80,"الإصحاح الرابع
أخبار أيام ثاني,4,81,"الإصحاح الرابع
أخبار أيام ثاني,4,82,"الإصحاح الرابع
أخبار أيام ثاني,4,83,"الإصحاح الرابع
أخبار أيام ثاني,4,84,"الإصحاح الرابع
أخبار أيام ثاني,4,85,"الإصحاح الرابع
أخبار أيام ثاني,4,86,"الإصحاح الرابع
أخبار أيام ثاني,4,87,"الإصحاح الرابع
أخبار أيام ثاني,4,88,"الإصحاح الرابع
أخبار أيام ثاني,4,89,"الإصحاح الرابع
أخبار أيام ثاني,4,90,"الإصحاح الرابع
أخبار أيام ثاني,4,91,"الإصحاح الرابع
أخبار أيام ثاني,4,92,"الإصحاح الرابع
أخبار أيام ثاني,4,93,"الإصحاح الرابع
أخبار أيام ثاني,4,94,"الإصحاح الرابع
أخبار أيام ثاني,4,95,"الإصحاح الرابع
أخبار أيام ثاني,4,96,"الإصحاح الرابع
أخبار أيام ثاني,4,97,"الإصحاح الرابع
أخبار أيام ثاني,4,98,"الإصحاح الرابع
أخبار أيام ثاني,4,99,"الإصحاح الرابع
أخبار أيام ثاني,5,1,"الإصحاح الخامس
أخبار أيام ثاني,5,2,"الإصحاح الخامس
أخبار أيام ثاني,5,3,"الإصحاح الخامس
أخبار أيام ثاني,5,4,"الإصحاح الخامس
أخبار أيام ثاني,5,5,"الإصحاح الخامس
أخبار أيام ثاني,5,6,"الإصحاح الخامس
أخبار أيام ثاني,5,7,"الإصحاح الخامس
أخبار أيام ثاني,5,8,"الإصحاح الخامس
أخبار أيام ثاني,5,9,"الإصحاح الخامس
أخبار أيام ثاني,5,10,"الإصحاح الخامس
أخبار أيام ثاني,5,11,"الإصحاح الخامس
أخبار أيام ثاني,5,12,"الإصحاح الخامس
أخبار أيام ثاني,5,13,"الإصحاح الخامس
أخبار أيام ثاني,5,14,"الإصحاح الخامس
أخبار أيام ثاني,5,15,"الإصحاح الخامس
أخبار أيام ثاني,5,16,"الإصحاح الخامس
أخبار أيام ثاني,5,17,"الإصحاح الخامس
أخبار أيام ثاني,5,18,"الإصحاح الخامس
أخبار أيام ثاني,5,19,"الإصحاح الخامس
أخبار أيام ثاني,5,20,"الإصحاح الخامس
أخبار أيام ثاني,5,21,"الإصحاح الخامس
أخبار أيام ثاني,5,22,"الإصحاح الخامس
أخبار أيام ثاني,5,23,"الإصحاح الخامس
أخبار أيام ثاني,5,24,"الإصحاح الخامس
أخبار أيام ثاني,5,25,"الإصحاح الخامس
أخبار أيام ثاني,5,26,"الإصحاح الخامس
أخبار أيام ثاني,5,27,"الإصحاح الخامس
أخبار أيام ثاني,5,28,"الإصحاح الخامس
أخبار أيام ثاني,5,29,"الإصحاح الخامس
أخبار أيام ثاني,5,30,"الإصحاح الخامس
أخبار أيام ثاني,5,31,"الإصحاح الخامس
أخبار أيام ثاني,5,32,"الإصحاح الخامس
أخبار أيام ثاني,5,33,"الإصحاح الخامس
أخبار أيام ثاني,5,34,"الإصحاح الخامس
أخبار أيام ثاني,5,35,"الإصحاح الخامس
أخبار أيام ثاني,5,36,"الإصحاح الخامس
أخبار أيام ثاني,5,37,"الإصحاح الخامس
أخبار أيام ثاني,5,38,"الإصحاح الخامس
أخبار أيام ثاني,5,39,"الإصحاح الخامس
أخبار أيام ثاني,5,40,"الإصحاح الخامس
أخبار أيام ثاني,5,41,"الإصحاح الخامس
أخبار أيام ثاني,5,42,"الإصحاح الخامس
أخبار أيام ثاني,5,43,"الإصحاح الخامس
أخبار أيام ثاني,5,44,"الإصحاح الخامس
أخبار أيام ثاني,5,45,"الإصحاح الخامس
أخبار أيام ثاني,5,46,"الإصحاح الخامس
أخبار أيام ثاني,5,47,"الإصحاح الخامس
أخبار أيام ثاني,5,48,"الإصحاح الخامس
أخبار أيام ثاني,5,49,"الإصحاح الخامس
أخبار أيام ثاني,5,50,"الإصحاح الخامس
أخبار أيام ثاني,5,51,"الإصحاح الخامس
أخبار أيام ثاني,5,52,"الإصحاح الخامس
أخبار أيام ثاني,5,53,"الإصحاح الخامس
أخبار أيام ثاني,5,54,"الإصحاح الخامس
أخبار أيام ثاني,5,55,"الإصحاح الخامس
أخبار أيام ثاني,5,56,"الإصحاح الخامس
أخبار أيام ثاني,5,57,"الإصحاح الخامس
أخبار أيام ثاني,5,58,"الإصحاح الخامس
أخبار أيام ثاني,5,59,"الإصحاح الخامس
أخبار أيام ثاني,5,60,"الإصحاح الخامس
أخبار أيام ثاني,5,61,"الإصحاح الخامس
أخبار أيام ثاني,5,62,"الإصحاح الخامس
أخبار أيام ثاني,5,63,"الإصحاح الخامس
أخبار أيام ثاني,5,64,"الإصحاح الخامس
أخبار أيام ثاني,5,65,"الإصحاح الخامس
أخبار أيام ثاني,5,66,"الإصحاح الخامس
أخبار أيام ثاني,5,67,"الإصحاح الخامس
أخبار أيام ثاني,5,68,"الإصحاح الخامس
أخبار أيام ثاني,5,69,"الإصحاح الخامس
أخبار أيام ثاني,5,70,"الإصحاح الخامس
أخبار أيام ثاني,5,71,"الإصحاح الخامس
أخبار أيام ثاني,5,72,"الإصحاح الخامس
أخبار أيام ثاني,5,73,"الإصحاح الخامس
أخبار أيام ثاني,5,74,"الإصحاح الخامس
أخبار أيام ثاني,5,75,"الإصحاح الخامس
أخبار أيام ثاني,5,76,"الإصحاح الخامس
أخبار أيام ثاني,5,77,"الإصحاح الخامس
أخبار أيام ثاني,5,78,"الإصحاح الخامس
أخبار أيام ثاني,5,79,"الإصحاح الخامس
أخبار أيام ثاني,5,80,"الإصحاح الخامس
أخبار أيام ثاني,5,81,"الإصحاح الخامس
أخبار أيام ثاني,5,82,"الإصحاح الخامس
أخبار أيام ثاني,5,83,"الإصحاح الخامس
أخبار أيام ثاني,5,84,"الإصحاح الخامس
أخبار أيام ثاني,5,85,"الإصحاح الخامس
أخبار أيام ثاني,5,86,"الإصحاح الخامس
أخبار أيام ثاني,5,87,"الإصحاح الخامس
أخبار أيام ثاني,5,88,"الإصحاح الخامس
أخبار أيام ثاني,5,89,"الإصحاح الخامس
أخبار أيام ثاني,5,90,"الإصحاح الخامس
أخبار أيام ثاني,5,91,"الإصحاح الخامس
أخبار أيام ثاني,5,92,"الإصحاح الخامس
أخبار أيام ثاني,5,93,"الإصحاح الخامس
أخبار أيام ثاني,5,94,"الإصحاح الخامس
أخبار أيام ثاني,5,95,"الإصحاح الخامس
أخبار أيام ثاني,5,96,"الإصحاح الخامس
أخبار أيام ثاني,5,97,"الإصحاح الخامس
أخبار أيام ثاني,5,98,"الإصحاح الخامس
أخبار أيام ثاني,5,99,"الإصحاح الخامس
أخبار أيام ثاني,6,1,"الإصحاح السادس
أخبار أيام ثاني,6,2,"الإصحاح السادس
أخبار أيام ثاني,6,3,"الإصحاح السادس
أخبار أيام ثاني,6,4,"الإصحاح السادس
أخبار أيام ثاني,6,5,"الإصحاح السادس
أخبار أيام ثاني,6,6,"الإصحاح السادس
أخبار أيام ثاني,6,7,"الإصحاح السادس
أخبار أيام ثاني,6,8,"الإصحاح السادس
أخبار أيام ثاني,6,9,"الإصحاح السادس
أخبار أيام ثاني,6,10,"الإصحاح السادس
أخبار أيام ثاني,6,11,"الإصحاح السادس
أخبار أيام ثاني,6,12,"الإصحاح السادس
أخبار أيام ثاني,6,13,"الإصحاح السادس
أخبار أيام ثاني,6,14,"الإصحاح السادس
أخبار أيام ثاني,6,15,"الإصحاح السادس
أخبار أيام ثاني,6,16,"الإصحاح السادس
أخبار أيام ثاني,6,17,"الإصحاح السادس
أخبار أيام ثاني,6,18,"الإصحاح السادس
أخبار أيام ثاني,6,19,"الإصحاح السادس
أخبار أيام ثاني,6,20,"الإصحاح السادس
أخبار أيام ثاني,6,21,"الإصحاح السادس
أخبار أيام ثاني,6,22,"الإصحاح السادس
أخبار أيام ثاني,6,23,"الإصحاح السادس
أخبار أيام ثاني,6,24,"الإصحاح السادس
أخبار أيام ثاني,6,25,"الإصحاح السادس
أخبار أيام ثاني,6,26,"الإصحاح السادس
أخبار أيام ثاني,6,27,"الإصحاح السادس
أخبار أيام ثاني,6,28,"الإصحاح السادس
أخبار أيام ثاني,6,29,"الإصحاح السادس
أخبار أيام ثاني,6,30,"الإصحاح السادس
أخبار أيام ثاني,6,31,"الإصحاح السادس
أخبار أيام ثاني,6,32,"الإصحاح السادس
أخبار أيام ثاني,6,33,"الإصحاح السادس
أخبار أيام ثاني,6,34,"الإصحاح السادس
أخبار أيام ثاني,6,35,"الإصحاح السادس
أخبار أيام ثاني,6,36,"الإصحاح السادس
أخبار أيام ثاني,6,37,"الإصحاح السادس
أخبار أيام ثاني,6,38,"الإصحاح السادس
أخبار أيام ثاني,6,39,"الإصحاح السادس
أخبار أيام ثاني,6,40,"الإصحاح السادس
أخبار أيام ثاني,6,41,"الإصحاح السادس
أخبار أيام ثاني,6,42,"الإصحاح السادس
أخبار أيام ثاني,6,43,"الإصحاح السادس
أخبار أيام ثاني,6,44,"الإصحاح السادس
أخبار أيام ثاني,6,45,"الإصحاح السادس
أخبار أيام ثاني,6,46,"الإصحاح السادس
أخبار أيام ثاني,6,47,"الإصحاح السادس
أخبار أيام ثاني,6,48,"الإصحاح السادس
أخبار أيام ثاني,6,49,"الإصحاح السادس
أخبار أيام ثاني,6,50,"الإصحاح السادس
أخبار أيام ثاني,6,51,"الإصحاح السادس
أخبار أيام ثاني,6,52,"الإصحاح السادس
أخبار أيام ثاني,6,53,"الإصحاح السادس
أخبار أيام ثاني,6,54,"الإصحاح السادس
أخبار أيام ثاني,6,55,"الإصحاح السادس
أخبار أيام ثاني,6,56,"الإصحاح السادس
أخبار أيام ثاني,6,57,"الإصحاح السادس
أخبار أيام ثاني,6,58,"الإصحاح السادس
أخبار أيام ثاني,6,59,"الإصحاح السادس
أخبار أيام ثاني,6,60,"الإصحاح السادس
أخبار أيام ثاني,6,61,"الإصحاح السادس
أخبار أيام ثاني,6,62,"الإصحاح السادس
أخبار أيام ثاني,6,63,"الإصحاح السادس
أخبار أيام ثاني,6,64,"الإصحاح السادس
أخبار أيام ثاني,6,65,"الإصحاح السادس
أخبار أيام ثاني,6,66,"الإصحاح السادس
أخبار أيام ثاني,6,67,"الإصحاح السادس
أخبار أيام ثاني,6,68,"الإصحاح السادس
أخبار أيام ثاني,6,69,"الإصحاح السادس
أخبار أيام ثاني,6,70,"الإصحاح السادس
أخبار أيام ثاني,6,71,"الإصحاح السادس
أخبار أيام ثاني,6,72,"الإصحاح السادس
أخبار أيام ثاني,6,73,"الإصحاح السادس
أخبار أيام ثاني,6,74,"الإصحاح السادس
أخبار أيام ثاني,6,75,"الإصحاح السادس
أخبار أيام ثاني,6,76,"الإصحاح السادس
أخبار أيام ثاني,6,77,"الإصحاح السادس
أخبار أيام ثاني,6,78,"الإصحاح السادس
أخبار أيام ثاني,6,79,"الإصحاح السادس
أخبار أيام ثاني,6,80,"الإصحاح السادس
أخبار أيام ثاني,6,81,"الإصحاح السادس
أخبار أيام ثاني,6,82,"الإصحاح السادس
أخبار أيام ثاني,6,83,"الإصحاح السادس
أخبار أيام ثاني,6,84,"الإصحاح السادس
أخبار أيام ثاني,6,85,"الإصحاح السادس
أخبار أيام ثاني,6,86,"الإصحاح السادس
أخبار أيام ثاني,6,87,"الإصحاح السادس
أخبار أيام ثاني,6,88,"الإصحاح السادس
أخبار أيام ثاني,6,89,"الإصحاح السادس
أخبار أيام ثاني,6,90,"الإصحاح السادس
أخبار أيام ثاني,6,91,"الإصحاح السادس
أخبار أيام ثاني,6,92,"الإصحاح السادس
أخبار أيام ثاني,6,93,"الإصحاح السادس
أخبار أيام ثاني,6,94,"الإصحاح السادس
أخبار أيام ثاني,6,95,"الإصحاح السادس
أخبار أيام ثاني,6,96,"الإصحاح السادس
أخبار أيام ثاني,6,97,"الإصحاح السادس
أخبار أيام ثاني,6,98,"الإصحاح السادس
أخبار أيام ثاني,6,99,"الإصحاح السادس
أخبار أيام ثاني,7,1,"الإصحاح السابع
أخبار أيام ثاني,7,2,"الإصحاح السابع
أخبار أيام ثاني,7,3,"الإصحاح السابع
أخبار أيام ثاني,7,4,"الإصحاح السابع
أخبار أيام ثاني,7,5,"الإصحاح السابع
أخبار أيام ثاني,7,6,"الإصحاح السابع
أخبار أيام ثاني,7,7,"الإصحاح السابع
أخبار أيام ثاني,7,8,"الإصحاح السابع
أخبار أيام ثاني,7,9,"الإصحاح السابع
أخبار أيام ثاني,7,10,"الإصحاح السابع
أخبار أيام ثاني,7,11,"الإصحاح السابع
أخبار أيام ثاني,7,12,"الإصحاح السابع
أخبار أيام ثاني,7,13,"الإصحاح السابع
أخبار أيام ثاني,7,14,"الإصحاح السابع
أخبار أيام ثاني,7,15,"الإصحاح السابع
أخبار أيام ثاني,7,16,"الإصحاح السابع
أخبار أيام ثاني,7,17,"الإصحاح السابع
أخبار أيام ثاني,7,18,"الإصحاح السابع
أخبار أيام ثاني,7,19,"الإصحاح السابع
أخبار أيام ثاني,7,20,"الإصحاح السابع
أخبار أيام ثاني,7,21,"الإصحاح السابع
أخبار أيام ثاني,7,22,"الإصحاح السابع
أخبار أيام ثاني,7,23,"الإصحاح السابع
أخبار أيام ثاني,7,24,"الإصحاح السابع
أخبار أيام ثاني,7,25,"الإصحاح السابع
أخبار أيام ثاني,7,26,"الإصحاح السابع
أخبار أيام ثاني,7,27,"الإصحاح السابع
أخبار أيام ثاني,7,28,"الإصحاح السابع
أخبار أيام ثاني,7,29,"الإصحاح السابع
أخبار أيام ثاني,7,30,"الإصحاح السابع
أخبار أيام ثاني,7,31,"الإصحاح السابع
أخبار أيام ثاني,7,32,"الإصحاح السابع
أخبار أيام ثاني,7,33,"الإصحاح السابع
أخبار أيام ثاني,7,34,"الإصحاح السابع
أخبار أيام ثاني,7,35,"الإصحاح السابع
أخبار أيام ثاني,7,36,"الإصحاح السابع
أخبار أيام ثاني,7,37,"الإصحاح السابع
أخبار أيام ثاني,7,38,"الإصحاح السابع
أخبار أيام ثاني,7,39,"الإصحاح السابع
أخبار أيام ثاني,7,40,"الإصحاح السابع
أخبار أيام ثاني,7,41,"الإصحاح السابع
أخبار أيام ثاني,7,42,"الإصحاح السابع
أخبار أيام ثاني,7,43,"الإصحاح السابع
أخبار أيام ثاني,7,44,"الإصحاح السابع
أخبار أيام ثاني,7,45,"الإصحاح السابع
أخبار أيام ثاني,7,46,"الإصحاح السابع
أخبار أيام ثاني,7,47,"الإصحاح السابع
أخبار أيام ثاني,7,48,"الإصحاح السابع
أخبار أيام ثاني,7,49,"الإصحاح السابع
أخبار أيام ثاني,7,50,"الإصحاح السابع
أخبار أيام ثاني,7,51,"الإصحاح السابع
أخبار أيام ثاني,7,52,"الإصحاح السابع
أخبار أيام ثاني,7,53,"الإصحاح السابع
أخبار أيام ثاني,7,54,"الإصحاح السابع
أخبار أيام ثاني,7,55,"الإصحاح السابع
أخبار أيام ثاني,7,56,"الإصحاح السابع
أخبار أيام ثاني,7,57,"الإصحاح السابع
أخبار أيام ثاني,7,58,"الإصحاح السابع
أخبار أيام ثاني,7,59,"الإصحاح السابع
أخبار أيام ثاني,7,60,"الإصحاح السابع
أخبار أيام ثاني,7,61,"الإصحاح السابع
أخبار أيام ثاني,7,62,"الإصحاح السابع
أخبار أيام ثاني,7,63,"الإصحاح السابع
أخبار أيام ثاني,7,64,"الإصحاح السابع
أخبار أيام ثاني,7,65,"الإصحاح السابع
أخبار أيام ثاني,7,66,"الإصحاح السابع
أخبار أيام ثاني,7,67,"الإصحاح السابع
أخبار أيام ثاني,7,68,"الإصحاح السابع
أخبار أيام ثاني,7,69,"الإصحاح السابع
أخبار أيام ثاني,7,70,"الإصحاح السابع
أخبار أيام ثاني,7,71,"الإصحاح السابع
أخبار أيام ثاني,7,72,"الإصحاح السابع
أخبار أيام ثاني,7,73,"الإصحاح السابع
أخبار أيام ثاني,7,74,"الإصحاح السابع
أخبار أيام ثاني,7,75,"الإصحاح السابع
أخبار أيام ثاني,7,76,"الإصحاح السابع
أخبار أيام ثاني,7,77,"الإصحاح السابع
أخبار أيام ثاني,7,78,"الإصحاح السابع
أخبار أيام ثاني,7,79,"الإصحاح السابع
أخبار أيام ثاني,7,80,"الإصحاح السابع
أخبار أيام ثاني,7,81,"الإصحاح السابع
أخبار أيام ثاني,7,82,"الإصحاح السابع
أخبار أيام ثاني,7,83,"الإصحاح السابع
أخبار أيام ثاني,7,84,"الإصحاح السابع
أخبار أيام ثاني,7,85,"الإصحاح السابع
أخبار أيام ثاني,7,86,"الإصحاح السابع
أخبار أيام ثاني,7,87,"الإصحاح السابع
أخبار أيام ثاني,7,88,"الإصحاح السابع
أخبار أيام ثاني,7,89,"الإصحاح السابع
أخبار أيام ثاني,7,90,"الإصحاح السابع
أخبار أيام ثاني,7,91,"الإصحاح السابع
أخبار أيام ثاني,7,92,"الإصحاح السابع
أخبار أيام ثاني,7,93,"الإصحاح السابع
أخبار أيام ثاني,7,94,"الإصحاح السابع
أخبار أيام ثاني,7,95,"الإصحاح السابع
أخبار أيام ثاني,7,96,"الإصحاح السابع
أخبار أيام ثاني,7,97,"الإصحاح السابع
أخبار أيام ثاني,7,98,"الإصحاح السابع
أخبار أيام ثاني,7,99,"الإصحاح السابع
أخبار أيام ثاني,8,1,"الإصحاح الثامن
أخبار أيام ثاني,8,2,"الإصحاح الثامن
أخبار أيام ثاني,8,3,"الإصحاح الثامن
أخبار أيام ثاني,8,4,"الإصحاح الثامن
أخبار أيام ثاني,8,5,"الإصحاح الثامن
أخبار أيام ثاني,8,6,"الإصحاح الثامن
أخبار أيام ثاني,8,7,"الإصحاح الثامن
أخبار أيام ثاني,8,8,"الإصحاح الثامن
أخبار أيام ثاني,8,9,"الإصحاح الثامن
أخبار أيام ثاني,8,10,"الإصحاح الثامن
أخبار أيام ثاني,8,11,"الإصحاح الثامن
أخبار أيام ثاني,8,12,"الإصحاح الثامن
أخبار أيام ثاني,8,13,"الإصحاح الثامن
أخبار أيام ثاني,8,14,"الإصحاح الثامن
أخبار أيام ثاني,8,15,"الإصحاح الثامن
أخبار أيام ثاني,8,16,"الإصحاح الثامن
أخبار أيام ثاني,8,17,"الإصحاح الثامن
أخبار أيام ثاني,8,18,"الإصحاح الثامن
أخبار أيام ثاني,8,19,"الإصحاح الثامن
أخبار أيام ثاني,8,20,"الإصحاح الثامن
أخبار أيام ثاني,8,21,"الإصحاح الثامن
أخبار أيام ثاني,8,22,"الإصحاح الثامن
أخبار أيام ثاني,8,23,"الإصحاح الثامن
أخبار أيام ثاني,8,24,"الإصحاح الثامن
أخبار أيام ثاني,8,25,"الإصحاح الثامن
أخبار أيام ثاني,8,26,"الإصحاح الثامن
أخبار أيام ثاني,8,27,"الإصحاح الثامن
أخبار أيام ثاني,8,28,"الإصحاح الثامن
أخبار أيام ثاني,8,29,"الإصحاح الثامن
أخبار أيام ثاني,8,30,"الإصحاح الثامن
أخبار أيام ثاني,8,31,"الإصحاح الثامن
أخبار أيام ثاني,8,32,"الإصحاح الثامن
أخبار أيام ثاني,8,33,"الإصحاح الثامن
أخبار أيام ثاني,8,34,"الإصحاح الثامن
أخبار أيام ثاني,8,35,"الإصحاح الثامن
أخبار أيام ثاني,8,36,"الإصحاح الثامن
أخبار أيام ثاني,8,37,"الإصحاح الثامن
أخبار أيام ثاني,8,38,"الإصحاح الثامن
أخبار أيام ثاني,8,39,"الإصحاح الثامن
أخبار أيام ثاني,8,40,"الإصحاح الثامن
أخبار أيام ثاني,8,41,"الإصحاح الثامن
أخبار أيام ثاني,8,42,"الإصحاح الثامن
أخبار أيام ثاني,8,43,"الإصحاح الثامن
أخبار أيام ثاني,8,44,"الإصحاح الثامن
أخبار أيام ثاني,8,45,"الإصحاح الثامن
أخبار أيام ثاني,8,46,"الإصحاح الثامن
أخبار أيام ثاني,8,47,"الإصحاح الثامن
أخبار أيام ثاني,8,48,"الإصحاح الثامن
أخبار أيام ثاني,8,49,"الإصحاح الثامن
أخبار أيام ثاني,8,50,"الإصحاح الثامن
أخبار أيام ثاني,8,51,"الإصحاح الثامن
أخبار أيام ثاني,8,52,"الإصحاح الثامن
أخبار أيام ثاني,8,53,"الإصحاح الثامن
أخبار أيام ثاني,8,54,"الإصحاح الثامن
أخبار أيام ثاني,8,55,"الإصحاح الثامن
أخبار أيام ثاني,8,56,"الإصحاح الثامن
أخبار أيام ثاني,8,57,"الإصحاح الثامن
أخبار أيام ثاني,8,58,"الإصحاح الثامن
أخبار أيام ثاني,8,59,"الإصحاح الثامن
أخبار أيام ثاني,8,60,"الإصحاح الثامن
أخبار أيام ثاني,8,61,"الإصحاح الثامن
أخبار أيام ثاني,8,62,"الإصحاح الثامن
أخبار أيام ثاني,8,63,"الإصحاح الثامن
أخبار أيام ثاني,8,64,"الإصحاح الثامن
أخبار أيام ثاني,8,65,"الإصحاح الثامن
أخبار أيام ثاني,8,66,"الإصحاح الثامن
أخبار أيام ثاني,8,67,"الإصحاح الثامن
أخبار أيام ثاني,8,68,"الإصحاح الثامن
أخبار أيام ثاني,8,69,"الإصحاح الثامن
أخبار أيام ثاني,8,70,"الإصحاح الثامن
أخبار أيام ثاني,8,71,"الإصحاح الثامن
أخبار أيام ثاني,8,72,"الإصحاح الثامن
أخبار أيام ثاني,8,73,"الإصحاح الثامن
أخبار أيام ثاني,8,74,"الإصحاح الثامن
أخبار أيام ثاني,8,75,"الإصحاح الثامن
أخبار أيام ثاني,8,76,"الإصحاح الثامن
أخبار أيام ثاني,8,77,"الإصحاح الثامن
أخبار أيام ثاني,8,78,"الإصحاح الثامن
أخبار أيام ثاني,8,79,"الإصحاح الثامن
أخبار أيام ثاني,8,80,"الإصحاح الثامن
أخبار أيام ثاني,8,81,"الإصحاح الثامن
أخبار أيام ثاني,8,82,"الإصحاح الثامن
أخبار أيام ثاني,8,83,"الإصحاح الثامن
أخبار أيام ثاني,8,84,"الإصحاح الثامن
أخبار أيام ثاني,8,85,"الإصحاح الثامن
أخبار أيام ثاني,8,86,"الإصحاح الثامن
أخبار أيام ثاني,8,87,"الإصحاح الثامن
أخبار أيام ثاني,8,88,"الإصحاح الثامن
أخبار أيام ثاني,8,89,"الإصحاح الثامن
أخبار أيام ثاني,8,90,"الإصحاح الثامن
أخبار أيام ثاني,8,91,"الإصحاح الثامن
أخبار أيام ثاني,8,92,"الإصحاح الثامن
أخبار أيام ثاني,8,93,"الإصحاح الثامن
أخبار أيام ثاني,8,94,"الإصحاح الثامن
أخبار أيام ثاني,8,95,"الإصحاح الثامن
أخبار أيام ثاني,8,96,"الإصحاح الثامن
أخبار أيام ثاني,8,97,"الإصحاح الثامن
أخبار أيام ثاني,8,98,"الإصحاح الثامن
أخبار أيام ثاني,8,99,"الإصحاح الثامن
أخبار أيام ثاني,9,1,"الإصحاح التاسع
أخبار أيام ثاني,9,2,"الإصحاح التاسع
أخبار أيام ثاني,9,3,"الإصحاح التاسع
أخبار أيام ثاني,9,4,"الإصحاح التاسع
أخبار أيام ثاني,9,5,"الإصحاح التاسع
أخبار أيام ثاني,9,6,"الإصحاح التاسع
أخبار أيام ثاني,9,7,"الإصحاح التاسع
أخبار أيام ثاني,9,8,"الإصحاح التاسع
أخبار أيام ثاني,9,9,"الإصحاح التاسع
أخبار أيام ثاني,9,10,"الإصحاح التاسع
أخبار أيام ثاني,9,11,"الإصحاح التاسع
أخبار أيام ثاني,9,12,"الإصحاح التاسع
أخبار أيام ثاني,9,13,"الإصحاح التاسع
أخبار أيام ثاني,9,14,"الإصحاح التاسع
أخبار أيام ثاني,9,15,"الإصحاح التاسع
أخبار أيام ثاني,9,16,"الإصحاح التاسع
أخبار أيام ثاني,9,17,"الإصحاح التاسع
أخبار أيام ثاني,9,18,"الإصحاح التاسع
أخبار أيام ثاني,9,19,"الإصحاح التاسع
أخبار أيام ثاني,9,20,"الإصحاح التاسع
أخبار أيام ثاني,9,21,"الإصحاح التاسع
أخبار أيام ثاني,9,22,"الإصحاح التاسع
أخبار أيام ثاني,9,23,"الإصحاح التاسع
أخبار أيام ثاني,9,24,"الإصحاح التاسع
أخبار أيام ثاني,9,25,"الإصحاح التاسع
أخبار أيام ثاني,9,26,"الإصحاح التاسع
أخبار أيام ثاني,9,27,"الإصحاح التاسع
أخبار أيام ثاني,9,28,"الإصحاح التاسع
أخبار أيام ثاني,9,29,"الإصحاح التاسع
أخبار أيام ثاني,9,30,"الإصحاح التاسع
أخبار أيام ثاني,9,31,"الإصحاح التاسع
أخبار أيام ثاني,9,32,"الإصحاح التاسع
أخبار أيام ثاني,9,33,"الإصحاح التاسع
أخبار أيام ثاني,9,34,"الإصحاح التاسع
أخبار أيام ثاني,9,35,"الإصحاح التاسع
أخبار أيام ثاني,9,36,"الإصحاح التاسع
أخبار أيام ثاني,9,37,"الإصحاح التاسع
أخبار أيام ثاني,9,38,"الإصحاح التاسع
أخبار أيام ثاني,9,39,"الإصحاح التاسع
أخبار أيام ثاني,9,40,"الإصحاح التاسع
أخبار أيام ثاني,9,41,"الإصحاح التاسع
أخبار أيام ثاني,9,42,"الإصحاح التاسع
أخبار أيام ثاني,9,43,"الإصحاح التاسع
أخبار أيام ثاني,9,44,"الإصحاح التاسع
أخبار أيام ثاني,9,45,"الإصحاح التاسع
أخبار أيام ثاني,9,46,"الإصحاح التاسع
أخبار أيام ثاني,9,47,"الإصحاح التاسع
أخبار أيام ثاني,9,48,"الإصحاح التاسع
أخبار أيام ثاني,9,49,"الإصحاح التاسع
أخبار أيام ثاني,9,50,"الإصحاح التاسع
أخبار أيام ثاني,9,51,"الإصحاح التاسع
أخبار أيام ثاني,9,52,"الإصحاح التاسع
أخبار أيام ثاني,9,53,"الإصحاح التاسع
أخبار أيام ثاني,9,54,"الإصحاح التاسع
أخبار أيام ثاني,9,55,"الإصحاح التاسع
أخبار أيام ثاني,9,56,"الإصحاح التاسع
أخبار أيام ثاني,9,57,"الإصحاح التاسع
أخبار أيام ثاني,9,58,"الإصحاح التاسع
أخبار أيام ثاني,9,59,"الإصحاح التاسع
أخبار أيام ثاني,9,60,"الإصحاح التاسع
أخبار أيام ثاني,9,61,"الإصحاح التاسع
أخبار أيام ثاني,9,62,"الإصحاح التاسع
أخبار أيام ثاني,9,63,"الإصحاح التاسع
أخبار أيام ثاني,9,64,"الإصحاح التاسع
أخبار أيام ثاني,9,65,"الإصحاح التاسع
أخبار أيام ثاني,9,66,"الإصحاح التاسع
أخبار أيام ثاني,9,67,"الإصحاح التاسع
أخبار أيام ثاني,9,68,"الإصحاح التاسع
أخبار أيام ثاني,9,69,"الإصحاح التاسع
أخبار أيام ثاني,9,70,"الإصحاح التاسع
أخبار أيام ثاني,9,71,"الإصحاح التاسع
أخبار أيام ثاني,9,72,"الإصحاح التاسع
أخبار أيام ثاني,9,73,"الإصحاح التاسع
أخبار أيام ثاني,9,74,"الإصحاح التاسع
أخبار أيام ثاني,9,75,"الإصحاح التاسع
أخبار أيام ثاني,9,76,"الإصحاح التاسع
أخبار أيام ثاني,9,77,"الإصحاح التاسع
أخبار أيام ثاني,9,78,"الإصحاح التاسع
أخبار أيام ثاني,9,79,"الإصحاح التاسع
أخبار أيام ثاني,9,80,"الإصحاح التاسع
أخبار أيام ثاني,9,81,"الإصحاح التاسع
أخبار أيام ثاني,9,82,"الإصحاح التاسع
أخبار أيام ثاني,9,83,"الإصحاح التاسع
أخبار أيام ثاني,9,84,"الإصحاح التاسع
أخبار أيام ثاني,9,85,"الإصحاح التاسع
أخبار أيام ثاني,9,86,"الإصحاح التاسع
أخبار أيام ثاني,9,87,"الإصحاح التاسع
أخبار أيام ثاني,9,88,"الإصحاح التاسع
أخبار أيام ثاني,9,89,"الإصحاح التاسع
أخبار أيام ثاني,9,90,"الإصحاح التاسع
أخبار أيام ثاني,9,91,"الإصحاح التاسع
أخبار أيام ثاني,9,92,"الإصحاح التاسع
أخبار أيام ثاني,9,93,"الإصحاح التاسع
أخبار أيام ثاني,9,94,"الإصحاح التاسع
أخبار أيام ثاني,9,95,"الإصحاح التاسع
أخبار أيام ثاني,9,96,"الإصحاح التاسع
أخبار أيام ثاني,9,97,"الإصحاح التاسع
أخبار أيام ثاني,9,98,"الإصحاح التاسع
أخبار أيام ثاني,9,99,"الإصحاح التاسع
أخبار أيام ثاني,10,1,"الإصحاح العاشر
أخبار أيام ثاني,10,2,"الإصحاح العاشر
أخبار أيام ثاني,10,3,"الإصحاح العاشر
أخبار أيام ثاني,10,4,"الإصحاح العاشر
أخبار أيام ثاني,10,5,"الإصحاح العاشر
أخبار أيام ثاني,10,6,"الإصحاح العاشر
أخبار أيام ثاني,10,7,"الإصحاح العاشر
أخبار أيام ثاني,10,8,"الإصحاح العاشر
أخبار أيام ثاني,10,9,"الإصحاح العاشر
أخبار أيام ثاني,10,10,"الإصحاح العاشر
أخبار أيام ثاني,10,11,"الإصحاح العاشر
أخبار أيام ثاني,10,12,"الإصحاح العاشر
أخبار أيام ثاني,10,13,"الإصحاح العاشر
أخبار أيام ثاني,10,14,"الإصحاح العاشر
أخبار أيام ثاني,10,15,"الإصحاح العاشر
أخبار أيام ثاني,10,16,"الإصحاح العاشر
أخبار أيام ثاني,10,17,"الإصحاح العاشر
أخبار أيام ثاني,10,18,"الإصحاح العاشر
أخبار أيام ثاني,10,19,"الإصحاح العاشر
أخبار أيام ثاني,10,20,"الإصحاح العاشر
أخبار أيام ثاني,10,21,"الإصحاح العاشر
أخبار أيام ثاني,10,22,"الإصحاح العاشر
أخبار أيام ثاني,10,23,"الإصحاح العاشر
أخبار أيام ثاني,10,24,"الإصحاح العاشر
أخبار أيام ثاني,10,25,"الإصحاح العاشر
أخبار أيام ثاني,10,26,"الإصحاح العاشر
أخبار أيام ثاني,10,27,"الإصحاح العاشر
أخبار أيام ثاني,10,28,"الإصحاح العاشر
أخبار أيام ثاني,10,29,"الإصحاح العاشر
أخبار أيام ثاني,10,30,"الإصحاح العاشر
أخبار أيام ثاني,10,31,"الإصحاح العاشر
أخبار أيام ثاني,10,32,"الإصحاح العاشر
أخبار أيام ثاني,10,33,"الإصحاح العاشر
أخبار أيام ثاني,10,34,"الإصحاح العاشر
أخبار أيام ثاني,10,35,"الإصحاح العاشر
أخبار أيام ثاني,10,36,"الإصحاح العاشر
أخبار أيام ثاني,10,37,"الإصحاح العاشر
أخبار أيام ثاني,10,38,"الإصحاح العاشر
أخبار أيام ثاني,10,39,"الإصحاح العاشر
أخبار أيام ثاني,10,40,"الإصحاح العاشر
أخبار أيام ثاني,10,41,"الإصحاح العاشر
أخبار أيام ثاني,10,42,"الإصحاح العاشر
أخبار أيام ثاني,10,43,"الإصحاح العاشر
أخبار أيام ثاني,10,44,"الإصحاح العاشر
أخبار أيام ثاني,10,45,"الإصحاح العاشر
أخبار أيام ثاني,10,46,"الإصحاح العاشر
أخبار أيام ثاني,10,47,"الإصحاح العاشر
أخبار أيام ثاني,10,48,"الإصحاح العاشر
أخبار أيام ثاني,10,49,"الإصحاح العاشر
أخبار أيام ثاني,10,50,"الإصحاح العاشر
أخبار أيام ثاني,10,51,"الإصحاح العاشر
أخبار أيام ثاني,10,52,"الإصحاح العاشر
أخبار أيام ثاني,10,53,"الإصحاح العاشر
أخبار أيام ثاني,10,54,"الإصحاح العاشر
أخبار أيام ثاني,10,55,"الإصحاح العاشر
أخبار أيام ثاني,10,56,"الإصحاح العاشر
أخبار أيام ثاني,10,57,"الإصحاح العاشر
أخبار أيام ثاني,10,58,"الإصحاح العاشر
أخبار أيام ثاني,10,59,"الإصحاح العاشر
أخبار أيام ثاني,10,60,"الإصحاح العاشر
أخبار أيام ثاني,10,61,"الإصحاح العاشر
أخبار أيام ثاني,10,62,"الإصحاح العاشر
أخبار أيام ثاني,10,63,"الإصحاح العاشر
أخبار أيام ثاني,10,64,"الإصحاح العاشر
أخبار أيام ثاني,10,65,"الإصحاح العاشر
أخبار أيام ثاني,10,66,"الإصحاح العاشر
أخبار أيام ثاني,10,67,"الإصحاح العاشر
أخبار أيام ثاني,10,68,"الإصحاح العاشر
أخبار أيام ثاني,10,69,"الإصحاح العاشر
أخبار أيام ثاني,10,70,"الإصحاح العاشر
أخبار أيام ثاني,10,71,"الإصحاح العاشر
أخبار أيام ثاني,10,72,"الإصحاح العاشر
أخبار أيام ثاني,10,73,"الإصحاح العاشر
أخبار أيام ثاني,10,74,"الإصحاح العاشر
أخبار أيام ثاني,10,75,"الإصحاح العاشر
أخبار أيام ثاني,10,76,"الإصحاح العاشر
أخبار أيام ثاني,10,77,"الإصحاح العاشر
أخبار أيام ثاني,10,78,"الإصحاح العاشر
أخبار أيام ثاني,10,79,"الإصحاح العاشر
أخبار أيام ثاني,10,80,"الإصحاح العاشر
أخبار أيام ثاني,10,81,"الإصحاح العاشر
أخبار أيام ثاني,10,82,"الإصحاح العاشر
أخبار أيام ثاني,10,83,"الإصحاح العاشر
أخبار أيام ثاني,10,84,"الإصحاح العاشر
أخبار أيام ثاني,10,85,"الإصحاح العاشر
أخبار أيام ثاني,10,86,"الإصحاح العاشر
أخبار أيام ثاني,10,87,"الإصحاح العاشر
أخبار أيام ثاني,10,88,"الإصحاح العاشر
أخبار أيام ثاني,10,89,"الإصحاح العاشر
أخبار أيام ثاني,10,90,"الإصحاح العاشر
أخبار أيام ثاني,10,91,"الإصحاح العاشر
أخبار أيام ثاني,10,92,"الإصحاح العاشر
أخبار أيام ثاني,10,93,"الإصحاح العاشر
أخبار أيام ثاني,10,94,"الإصحاح العاشر
أخبار أيام ثاني,10,95,"الإصحاح العاشر
أخبار أيام ثاني,10,96,"الإصحاح العاشر
أخبار أيام ثاني,10,97,"الإصحاح العاشر
أخبار أيام ثاني,10,98,"الإصحاح العاشر
أخبار أيام ثاني,10,99,"الإصحاح العاشر
أخبار أيام ثاني,11,1,"الإصحاح الحادى عشر
أخبار أيام ثاني,11,2,"الإصحاح الحادى عشر
أخبار أيام ثاني,11,3,"الإصحاح الحادى عشر
أخبار أيام ثاني,11,4,"الإصحاح الحادى عشر
أخبار أيام ثاني,11,5,"الإصحاح الحادى عشر
أخبار أيام ثاني,11,6,"الإصحاح الحادى عشر
أخبار أيام ثاني,11,7,"الإصحاح الحادى عشر
أخبار أيام ثاني,11,8,"الإصحاح الحادى عشر
أخبار أيام ثاني,11,9,"الإصحاح الحادى عشر
أخبار أيام ثاني,11,10,"الإصحاح الحادى عشر
أخبار أيام ثاني,11,11,"الإصحاح الحادى عشر
أخبار أيام ثاني,11,12,"الإصحاح الحادى عشر
أخبار أيام ثاني,11,13,"الإصحاح الحادى عشر
أخبار أيام ثاني,11,14,"الإصحاح الحادى عشر
أخبار أيام ثاني,11,15,"الإصحاح الحادى عشر
أخبار أيام ثاني,11,16,"الإصحاح الحادى عشر
أخبار أيام ثاني,11,17,"الإصحاح الحادى عشر
أخبار أيام ثاني,11,18,"الإصحاح الحادى عشر
أخبار أيام ثاني,11,19,"الإصحاح الحادى عشر
أخبار أيام ثاني,11,20,"الإصحاح الحادى عشر
أخبار أيام ثاني,11,21,"الإصحاح الحادى عشر
أخبار أيام ثاني,11,22,"الإصحاح الحادى عشر
أخبار أيام ثاني,11,23,"الإصحاح الحادى عشر
أخبار أيام ثاني,11,24,"الإصحاح الحادى عشر
أخبار أيام ثاني,11,25,"الإصحاح الحادى عشر
أخبار أيام ثاني,11,26,"الإصحاح الحادى عشر
أخبار أيام ثاني,11,27,"الإصحاح الحادى عشر
أخبار أيام ثاني,11,28,"الإصحاح الحادى عشر
أخبار أيام ثاني,11,29,"الإصحاح الحادى عشر
أخبار أيام ثاني,11,30,"الإصحاح الحادى عشر
أخبار أيام ثاني,11,31,"الإصحاح الحادى عشر
أخبار أيام ثاني,11,32,"الإصحاح الحادى عشر
أخبار أيام ثاني,11,33,"الإصحاح الحادى عشر
أخبار أيام ثاني,11,34,"الإصحاح الحادى عشر
أخبار أيام ثاني,11,35,"الإصحاح الحادى عشر
أخبار أيام ثاني,11,36,"الإصحاح الحادى عشر
أخبار أيام ثاني,11,37,"الإصحاح الحادى عشر
أخبار أيام ثاني,11,38,"الإصحاح الحادى عشر
أخبار أيام ثاني,11,39,"الإصحاح الحادى عشر
أخبار أيام ثاني,11,40,"الإصحاح الحادى عشر
أخبار أيام ثاني,11,41,"الإصحاح الحادى عشر
أخبار أيام ثاني,11,42,"الإصحاح الحادى عشر
أخبار أيام ثاني,11,43,"الإصحاح الحادى عشر
أخبار أيام ثاني,11,44,"الإصحاح الحادى عشر
أخبار أيام ثاني,11,45,"الإصحاح الحادى عشر
أخبار أيام ثاني,11,46,"الإصحاح الحادى عشر
أخبار أيام ثاني,11,47,"الإصحاح الحادى عشر
أخبار أيام ثاني,11,48,"الإصحاح الحادى عشر
أخبار أيام ثاني,11,49,"الإصحاح الحادى عشر
أخبار أيام ثاني,11,50,"الإصحاح الحادى عشر
أخبار أيام ثاني,11,51,"الإصحاح الحادى عشر
أخبار أيام ثاني,11,52,"الإصحاح الحادى عشر
أخبار أيام ثاني,11,53,"الإصحاح الحادى عشر
أخبار أيام ثاني,11,54,"الإصحاح الحادى عشر
أخبار أيام ثاني,11,55,"الإصحاح الحادى عشر
أخبار أيام ثاني,11,56,"الإصحاح الحادى عشر
أخبار أيام ثاني,11,57,"الإصحاح الحادى عشر
أخبار أيام ثاني,11,58,"الإصحاح الحادى عشر
أخبار أيام ثاني,11,59,"الإصحاح الحادى عشر
أخبار أيام ثاني,11,60,"الإصحاح الحادى عشر
أخبار أيام ثاني,11,61,"الإصحاح الحادى عشر
أخبار أيام ثاني,11,62,"الإصحاح الحادى عشر
أخبار أيام ثاني,11,63,"الإصحاح الحادى عشر
أخبار أيام ثاني,11,64,"الإصحاح الحادى عشر
أخبار أيام ثاني,11,65,"الإصحاح الحادى عشر
أخبار أيام ثاني,11,66,"الإصحاح الحادى عشر
أخبار أيام ثاني,11,67,"الإصحاح الحادى عشر
أخبار أيام ثاني,11,68,"الإصحاح الحادى عشر
أخبار أيام ثاني,11,69,"الإصحاح الحادى عشر
أخبار أيام ثاني,11,70,"الإصحاح الحادى عشر
أخبار أيام ثاني,11,71,"الإصحاح الحادى عشر
أخبار أيام ثاني,11,72,"الإصحاح الحادى عشر
أخبار أيام ثاني,11,73,"الإصحاح الحادى عشر
أخبار أيام ثاني,11,74,"الإصحاح الحادى عشر
أخبار أيام ثاني,11,75,"الإصحاح الحادى عشر
أخبار أيام ثاني,11,76,"الإصحاح الحادى عشر
أخبار أيام ثاني,11,77,"الإصحاح الحادى عشر
أخبار أيام ثاني,11,78,"الإصحاح الحادى عشر
أخبار أيام ثاني,11,79,"الإصحاح الحادى عشر
أخبار أيام ثاني,11,80,"الإصحاح الحادى عشر
أخبار أيام ثاني,11,81,"الإصحاح الحادى عشر
أخبار أيام ثاني,11,82,"الإصحاح الحادى عشر
أخبار أيام ثاني,11,83,"الإصحاح الحادى عشر
أخبار أيام ثاني,11,84,"الإصحاح الحادى عشر
أخبار أيام ثاني,11,85,"الإصحاح الحادى عشر
أخبار أيام ثاني,11,86,"الإصحاح الحادى عشر
أخبار أيام ثاني,11,87,"الإصحاح الحادى عشر
أخبار أيام ثاني,11,88,"الإصحاح الحادى عشر
أخبار أيام ثاني,11,89,"الإصحاح الحادى عشر
أخبار أيام ثاني,11,90,"الإصحاح الحادى عشر
أخبار أيام ثاني,11,91,"الإصحاح الحادى عشر
أخبار أيام ثاني,11,92,"الإصحاح الحادى عشر
أخبار أيام ثاني,11,93,"الإصحاح الحادى عشر
أخبار أيام ثاني,11,94,"الإصحاح الحادى عشر
أخبار أيام ثاني,11,95,"الإصحاح الحادى عشر
أخبار أيام ثاني,11,96,"الإصحاح الحادى عشر
أخبار أيام ثاني,11,97,"الإصحاح الحادى عشر
أخبار أيام ثاني,11,98,"الإصحاح الحادى عشر
أخبار أيام ثاني,11,99,"الإصحاح الحادى عشر
أخبار أيام ثاني,12,1,"الإصحاح الثانى عشر
أخبار أيام ثاني,12,2,"الإصحاح الثانى عشر
أخبار أيام ثاني,12,3,"الإصحاح الثانى عشر
أخبار أيام ثاني,12,4,"الإصحاح الثانى عشر
أخبار أيام ثاني,12,5,"الإصحاح الثانى عشر
أخبار أيام ثاني,12,6,"الإصحاح الثانى عشر
أخبار أيام ثاني,12,7,"الإصحاح الثانى عشر
أخبار أيام ثاني,12,8,"الإصحاح الثانى عشر
أخبار أيام ثاني,12,9,"الإصحاح الثانى عشر
أخبار أيام ثاني,12,10,"الإصحاح الثانى عشر
أخبار أيام ثاني,12,11,"الإصحاح الثانى عشر
أخبار أيام ثاني,12,12,"الإصحاح الثانى عشر
أخبار أيام ثاني,12,13,"الإصحاح الثانى عشر
أخبار أيام ثاني,12,14,"الإصحاح الثانى عشر
أخبار أيام ثاني,12,15,"الإصحاح الثانى عشر
أخبار أيام ثاني,12,16,"الإصحاح الثانى عشر
أخبار أيام ثاني,12,17,"الإصحاح الثانى عشر
أخبار أيام ثاني,12,18,"الإصحاح الثانى عشر
أخبار أيام ثاني,12,19,"الإصحاح الثانى عشر
أخبار أيام ثاني,12,20,"الإصحاح الثانى عشر
أخبار أيام ثاني,12,21,"الإصحاح الثانى عشر
أخبار أيام ثاني,12,22,"الإصحاح الثانى عشر
أخبار أيام ثاني,12,23,"الإصحاح الثانى عشر
أخبار أيام ثاني,12,24,"الإصحاح الثانى عشر
أخبار أيام ثاني,12,25,"الإصحاح الثانى عشر
أخبار أيام ثاني,12,26,"الإصحاح الثانى عشر
أخبار أيام ثاني,12,27,"الإصحاح الثانى عشر
أخبار أيام ثاني,12,28,"الإصحاح الثانى عشر
أخبار أيام ثاني,12,29,"الإصحاح الثانى عشر
أخبار أيام ثاني,12,30,"الإصحاح الثانى عشر
أخبار أيام ثاني,12,31,"الإصحاح الثانى عشر
أخبار أيام ثاني,12,32,"الإصحاح الثانى عشر
أخبار أيام ثاني,12,33,"الإصحاح الثانى عشر
أخبار أيام ثاني,12,34,"الإصحاح الثانى عشر
أخبار أيام ثاني,12,35,"الإصحاح الثانى عشر
أخبار أيام ثاني,12,36,"الإصحاح الثانى عشر
أخبار أيام ثاني,12,37,"الإصحاح الثانى عشر
أخبار أيام ثاني,12,38,"الإصحاح الثانى عشر
أخبار أيام ثاني,12,39,"الإصحاح الثانى عشر
أخبار أيام ثاني,12,40,"الإصحاح الثانى عشر
أخبار أيام ثاني,12,41,"الإصحاح الثانى عشر
أخبار أيام ثاني,12,42,"الإصحاح الثانى عشر
أخبار أيام ثاني,12,43,"الإصحاح الثانى عشر
أخبار أيام ثاني,12,44,"الإصحاح الثانى عشر
أخبار أيام ثاني,12,45,"الإصحاح الثانى عشر
أخبار أيام ثاني,12,46,"الإصحاح الثانى عشر
أخبار أيام ثاني,12,47,"الإصحاح الثانى عشر
أخبار أيام ثاني,12,48,"الإصحاح الثانى عشر
أخبار أيام ثاني,12,49,"الإصحاح الثانى عشر
أخبار أيام ثاني,12,50,"الإصحاح الثانى عشر
أخبار أيام ثاني,12,51,"الإصحاح الثانى عشر
أخبار أيام ثاني,12,52,"الإصحاح الثانى عشر
أخبار أيام ثاني,12,53,"الإصحاح الثانى عشر
أخبار أيام ثاني,12,54,"الإصحاح الثانى عشر
أخبار أيام ثاني,12,55,"الإصحاح الثانى عشر
أخبار أيام ثاني,12,56,"الإصحاح الثانى عشر
أخبار أيام ثاني,12,57,"الإصحاح الثانى عشر
أخبار أيام ثاني,12,58,"الإصحاح الثانى عشر
أخبار أيام ثاني,12,59,"الإصحاح الثانى عشر
أخبار أيام ثاني,12,60,"الإصحاح الثانى عشر
أخبار أيام ثاني,12,61,"الإصحاح الثانى عشر
أخبار أيام ثاني,12,62,"الإصحاح الثانى عشر
أخبار أيام ثاني,12,63,"الإصحاح الثانى عشر
أخبار أيام ثاني,12,64,"الإصحاح الثانى عشر
أخبار أيام ثاني,12,65,"الإصحاح الثانى عشر
أخبار أيام ثاني,12,66,"الإصحاح الثانى عشر
أخبار أيام ثاني,12,67,"الإصحاح الثانى عشر
أخبار أيام ثاني,12,68,"الإصحاح الثانى عشر
أخبار أيام ثاني,12,69,"الإصحاح الثانى عشر
أخبار أيام ثاني,12,70,"الإصحاح الثانى عشر
أخبار أيام ثاني,12,71,"الإصحاح الثانى عشر
أخبار أيام ثاني,12,72,"الإصحاح الثانى عشر
أخبار أيام ثاني,12,73,"الإصحاح الثانى عشر
أخبار أيام ثاني,12,74,"الإصحاح الثانى عشر
أخبار أيام ثاني,12,75,"الإصحاح الثانى عشر
أخبار أيام ثاني,12,76,"الإصحاح الثانى عشر
أخبار أيام ثاني,12,77,"الإصحاح الثانى عشر
أخبار أيام ثاني,12,78,"الإصحاح الثانى عشر
أخبار أيام ثاني,12,79,"الإصحاح الثانى عشر
أخبار أيام ثاني,12,80,"الإصحاح الثانى عشر
أخبار أيام ثاني,12,81,"الإصحاح الثانى عشر
أخبار أيام ثاني,12,82,"الإصحاح الثانى عشر
أخبار أيام ثاني,12,83,"الإصحاح الثانى عشر
أخبار أيام ثاني,12,84,"الإصحاح الثانى عشر
أخبار أيام ثاني,12,85,"الإصحاح الثانى عشر
أخبار أيام ثاني,12,86,"الإصحاح الثانى عشر
أخبار أيام ثاني,12,87,"الإصحاح الثانى عشر
أخبار أيام ثاني,12,88,"الإصحاح الثانى عشر
أخبار أيام ثاني,12,89,"الإصحاح الثانى عشر
أخبار أيام ثاني,12,90,"الإصحاح الثانى عشر
أخبار أيام ثاني,12,91,"الإصحاح الثانى عشر
أخبار أيام ثاني,12,92,"الإصحاح الثانى عشر
أخبار أيام ثاني,12,93,"الإصحاح الثانى عشر
أخبار أيام ثاني,12,94,"الإصحاح الثانى عشر
أخبار أيام ثاني,12,95,"الإصحاح الثانى عشر
أخبار أيام ثاني,12,96,"الإصحاح الثانى عشر
أخبار أيام ثاني,12,97,"الإصحاح الثانى عشر
أخبار أيام ثاني,12,98,"الإصحاح الثانى عشر
أخبار أيام ثاني,12,99,"الإصحاح الثانى عشر
أخبار أيام ثاني,13,1,"الإصحاح الثالث عشر
أخبار أيام ثاني,13,2,"الإصحاح الثالث عشر
أخبار أيام ثاني,13,3,"الإصحاح الثالث عشر
أخبار أيام ثاني,13,4,"الإصحاح الثالث عشر
أخبار أيام ثاني,13,5,"الإصحاح الثالث عشر
أخبار أيام ثاني,13,6,"الإصحاح الثالث عشر
أخبار أيام ثاني,13,7,"الإصحاح الثالث عشر
أخبار أيام ثاني,13,8,"الإصحاح الثالث عشر
أخبار أيام ثاني,13,9,"الإصحاح الثالث عشر
أخبار أيام ثاني,13,10,"الإصحاح الثالث عشر
أخبار أيام ثاني,13,11,"الإصحاح الثالث عشر
أخبار أيام ثاني,13,12,"الإصحاح الثالث عشر
أخبار أيام ثاني,13,13,"الإصحاح الثالث عشر
أخبار أيام ثاني,13,14,"الإصحاح الثالث عشر
أخبار أيام ثاني,13,15,"الإصحاح الثالث عشر
أخبار أيام ثاني,13,16,"الإصحاح الثالث عشر
أخبار أيام ثاني,13,17,"الإصحاح الثالث عشر
أخبار أيام ثاني,13,18,"الإصحاح الثالث عشر
أخبار أيام ثاني,13,19,"الإصحاح الثالث عشر
أخبار أيام ثاني,13,20,"الإصحاح الثالث عشر
أخبار أيام ثاني,13,21,"الإصحاح الثالث عشر
أخبار أيام ثاني,13,22,"الإصحاح الثالث عشر
أخبار أيام ثاني,13,23,"الإصحاح الثالث عشر
أخبار أيام ثاني,13,24,"الإصحاح الثالث عشر
أخبار أيام ثاني,13,25,"الإصحاح الثالث عشر
أخبار أيام ثاني,13,26,"الإصحاح الثالث عشر
أخبار أيام ثاني,13,27,"الإصحاح الثالث عشر
أخبار أيام ثاني,13,28,"الإصحاح الثالث عشر
أخبار أيام ثاني,13,29,"الإصحاح الثالث عشر
أخبار أيام ثاني,13,30,"الإصحاح الثالث عشر
أخبار أيام ثاني,13,31,"الإصحاح الثالث عشر
أخبار أيام ثاني,13,32,"الإصحاح الثالث عشر
أخبار أيام ثاني,13,33,"الإصحاح الثالث عشر
أخبار أيام ثاني,13,34,"الإصحاح الثالث عشر
أخبار أيام ثاني,13,35,"الإصحاح الثالث عشر
أخبار أيام ثاني,13,36,"الإصحاح الثالث عشر
أخبار أيام ثاني,13,37,"الإصحاح الثالث عشر
أخبار أيام ثاني,13,38,"الإصحاح الثالث عشر
أخبار أيام ثاني,13,39,"الإصحاح الثالث عشر
أخبار أيام ثاني,13,40,"الإصحاح الثالث عشر
أخبار أيام ثاني,13,41,"الإصحاح الثالث عشر
أخبار أيام ثاني,13,42,"الإصحاح الثالث عشر
أخبار أيام ثاني,13,43,"الإصحاح الثالث عشر
أخبار أيام ثاني,13,44,"الإصحاح الثالث عشر
أخبار أيام ثاني,13,45,"الإصحاح الثالث عشر
أخبار أيام ثاني,13,46,"الإصحاح الثالث عشر
أخبار أيام ثاني,13,47,"الإصحاح الثالث عشر
أخبار أيام ثاني,13,48,"الإصحاح الثالث عشر
أخبار أيام ثاني,13,49,"الإصحاح الثالث عشر
أخبار أيام ثاني,13,50,"الإصحاح الثالث عشر
أخبار أيام ثاني,13,51,"الإصحاح الثالث عشر
أخبار أيام ثاني,13,52,"الإصحاح الثالث عشر
أخبار أيام ثاني,13,53,"الإصحاح الثالث عشر
أخبار أيام ثاني,13,54,"الإصحاح الثالث عشر
أخبار أيام ثاني,13,55,"الإصحاح الثالث عشر
أخبار أيام ثاني,13,56,"الإصحاح الثالث عشر
أخبار أيام ثاني,13,57,"الإصحاح الثالث عشر
أخبار أيام ثاني,13,58,"الإصحاح الثالث عشر
أخبار أيام ثاني,13,59,"الإصحاح الثالث عشر
أخبار أيام ثاني,13,60,"الإصحاح الثالث عشر
أخبار أيام ثاني,13,61,"الإصحاح الثالث عشر
أخبار أيام ثاني,13,62,"الإصحاح الثالث عشر
أخبار أيام ثاني,13,63,"الإصحاح الثالث عشر
أخبار أيام ثاني,13,64,"الإصحاح الثالث عشر
أخبار أيام ثاني,13,65,"الإصحاح الثالث عشر
أخبار أيام ثاني,13,66,"الإصحاح الثالث عشر
أخبار أيام ثاني,13,67,"الإصحاح الثالث عشر
أخبار أيام ثاني,13,68,"الإصحاح الثالث عشر
أخبار أيام ثاني,13,69,"الإصحاح الثالث عشر
أخبار أيام ثاني,13,70,"الإصحاح الثالث عشر
أخبار أيام ثاني,13,71,"الإصحاح الثالث عشر
أخبار أيام ثاني,13,72,"الإصحاح الثالث عشر
أخبار أيام ثاني,13,73,"الإصحاح الثالث عشر
أخبار أيام ثاني,13,74,"الإصحاح الثالث عشر
أخبار أيام ثاني,13,75,"الإصحاح الثالث عشر
أخبار أيام ثاني,13,76,"الإصحاح الثالث عشر
أخبار أيام ثاني,13,77,"الإصحاح الثالث عشر
أخبار أيام ثاني,13,78,"الإصحاح الثالث عشر
أخبار أيام ثاني,13,79,"الإصحاح الثالث عشر
أخبار أيام ثاني,13,80,"الإصحاح الثالث عشر
أخبار أيام ثاني,13,81,"الإصحاح الثالث عشر
أخبار أيام ثاني,13,82,"الإصحاح الثالث عشر
أخبار أيام ثاني,13,83,"الإصحاح الثالث عشر
أخبار أيام ثاني,13,84,"الإصحاح الثالث عشر
أخبار أيام ثاني,13,85,"الإصحاح الثالث عشر
أخبار أيام ثاني,13,86,"الإصحاح الثالث عشر
أخبار أيام ثاني,13,87,"الإصحاح الثالث عشر
أخبار أيام ثاني,13,88,"الإصحاح الثالث عشر
أخبار أيام ثاني,13,89,"الإصحاح الثالث عشر
أخبار أيام ثاني,13,90,"الإصحاح الثالث عشر
أخبار أيام ثاني,13,91,"الإصحاح الثالث عشر
أخبار أيام ثاني,13,92,"الإصحاح الثالث عشر
أخبار أيام ثاني,13,93,"الإصحاح الثالث عشر
أخبار أيام ثاني,13,94,"الإصحاح الثالث عشر
أخبار أيام ثاني,13,95,"الإصحاح الثالث عشر
أخبار أيام ثاني,13,96,"الإصحاح الثالث عشر
أخبار أيام ثاني,13,97,"الإصحاح الثالث عشر
أخبار أيام ثاني,13,98,"الإصحاح الثالث عشر
أخبار أيام ثاني,13,99,"الإصحاح الثالث عشر
أخبار أيام ثاني,14,1,"الإصحاح الرابع عشر
أخبار أيام ثاني,14,2,"الإصحاح الرابع عشر
أخبار أيام ثاني,14,3,"الإصحاح الرابع عشر
أخبار أيام ثاني,14,4,"الإصحاح الرابع عشر
أخبار أيام ثاني,14,5,"الإصحاح الرابع عشر
أخبار أيام ثاني,14,6,"الإصحاح الرابع عشر
أخبار أيام ثاني,14,7,"الإصحاح الرابع عشر
أخبار أيام ثاني,14,8,"الإصحاح الرابع عشر
أخبار أيام ثاني,14,9,"الإصحاح الرابع عشر
أخبار أيام ثاني,14,10,"الإصحاح الرابع عشر
أخبار أيام ثاني,14,11,"الإصحاح الرابع عشر
أخبار أيام ثاني,14,12,"الإصحاح الرابع عشر
أخبار أيام ثاني,14,13,"الإصحاح الرابع عشر
أخبار أيام ثاني,14,14,"الإصحاح الرابع عشر
أخبار أيام ثاني,14,15,"الإصحاح الرابع عشر
أخبار أيام ثاني,14,16,"الإصحاح الرابع عشر
أخبار أيام ثاني,14,17,"الإصحاح الرابع عشر
أخبار أيام ثاني,14,18,"الإصحاح الرابع عشر
أخبار أيام ثاني,14,19,"الإصحاح الرابع عشر
أخبار أيام ثاني,14,20,"الإصحاح الرابع عشر
أخبار أيام ثاني,14,21,"الإصحاح الرابع عشر
أخبار أيام ثاني,14,22,"الإصحاح الرابع عشر
أخبار أيام ثاني,14,23,"الإصحاح الرابع عشر
أخبار أيام ثاني,14,24,"الإصحاح الرابع عشر
أخبار أيام ثاني,14,25,"الإصحاح الرابع عشر
أخبار أيام ثاني,14,26,"الإصحاح الرابع عشر
أخبار أيام ثاني,14,27,"الإصحاح الرابع عشر
أخبار أيام ثاني,14,28,"الإصحاح الرابع عشر
أخبار أيام ثاني,14,29,"الإصحاح الرابع عشر
أخبار أيام ثاني,14,30,"الإصحاح الرابع عشر
أخبار أيام ثاني,14,31,"الإصحاح الرابع عشر
أخبار أيام ثاني,14,32,"الإصحاح الرابع عشر
أخبار أيام ثاني,14,33,"الإصحاح الرابع عشر
أخبار أيام ثاني,14,34,"الإصحاح الرابع عشر
أخبار أيام ثاني,14,35,"الإصحاح الرابع عشر
أخبار أيام ثاني,14,36,"الإصحاح الرابع عشر
أخبار أيام ثاني,14,37,"الإصحاح الرابع عشر
أخبار أيام ثاني,14,38,"الإصحاح الرابع عشر
أخبار أيام ثاني,14,39,"الإصحاح الرابع عشر
أخبار أيام ثاني,14,40,"الإصحاح الرابع عشر
أخبار أيام ثاني,14,41,"الإصحاح الرابع عشر
أخبار أيام ثاني,14,42,"الإصحاح الرابع عشر
أخبار أيام ثاني,14,43,"الإصحاح الرابع عشر
أخبار أيام ثاني,14,44,"الإصحاح الرابع عشر
أخبار أيام ثاني,14,45,"الإصحاح الرابع عشر
أخبار أيام ثاني,14,46,"الإصحاح الرابع عشر
أخبار أيام ثاني,14,47,"الإصحاح الرابع عشر
أخبار أيام ثاني,14,48,"الإصحاح الرابع عشر
أخبار أيام ثاني,14,49,"الإصحاح الرابع عشر
أخبار أيام ثاني,14,50,"الإصحاح الرابع عشر
أخبار أيام ثاني,14,51,"الإصحاح الرابع عشر
أخبار أيام ثاني,14,52,"الإصحاح الرابع عشر
أخبار أيام ثاني,14,53,"الإصحاح الرابع عشر
أخبار أيام ثاني,14,54,"الإصحاح الرابع عشر
أخبار أيام ثاني,14,55,"الإصحاح الرابع عشر
أخبار أيام ثاني,14,56,"الإصحاح الرابع عشر
أخبار أيام ثاني,14,57,"الإصحاح الرابع عشر
أخبار أيام ثاني,14,58,"الإصحاح الرابع عشر
أخبار أيام ثاني,14,59,"الإصحاح الرابع عشر
أخبار أيام ثاني,14,60,"الإصحاح الرابع عشر
أخبار أيام ثاني,14,61,"الإصحاح الرابع عشر
أخبار أيام ثاني,14,62,"الإصحاح الرابع عشر
أخبار أيام ثاني,14,63,"الإصحاح الرابع عشر
أخبار أيام ثاني,14,64,"الإصحاح الرابع عشر
أخبار أيام ثاني,14,65,"الإصحاح الرابع عشر
أخبار أيام ثاني,14,66,"الإصحاح الرابع عشر
أخبار أيام ثاني,14,67,"الإصحاح الرابع عشر
أخبار أيام ثاني,14,68,"الإصحاح الرابع عشر
أخبار أيام ثاني,14,69,"الإصحاح الرابع عشر
أخبار أيام ثاني,14,70,"الإصحاح الرابع عشر
أخبار أيام ثاني,14,71,"الإصحاح الرابع عشر
أخبار أيام ثاني,14,72,"الإصحاح الرابع عشر
أخبار أيام ثاني,14,73,"الإصحاح الرابع عشر
أخبار أيام ثاني,14,74,"الإصحاح الرابع عشر
أخبار أيام ثاني,14,75,"الإصحاح الرابع عشر
أخبار أيام ثاني,14,76,"الإصحاح الرابع عشر
أخبار أيام ثاني,14,77,"الإصحاح الرابع عشر
أخبار أيام ثاني,14,78,"الإصحاح الرابع عشر
أخبار أيام ثاني,14,79,"الإصحاح الرابع عشر
أخبار أيام ثاني,14,80,"الإصحاح الرابع عشر
أخبار أيام ثاني,14,81,"الإصحاح الرابع عشر
أخبار أيام ثاني,14,82,"الإصحاح الرابع عشر
أخبار أيام ثاني,14,83,"الإصحاح الرابع عشر
أخبار أيام ثاني,14,84,"الإصحاح الرابع عشر
أخبار أيام ثاني,14,85,"الإصحاح الرابع عشر
أخبار أيام ثاني,14,86,"الإصحاح الرابع عشر
أخبار أيام ثاني,14,87,"الإصحاح الرابع عشر
أخبار أيام ثاني,14,88,"الإصحاح الرابع عشر
أخبار أيام ثاني,14,89,"الإصحاح الرابع عشر
أخبار أيام ثاني,14,90,"الإصحاح الرابع عشر
أخبار أيام ثاني,14,91,"الإصحاح الرابع عشر
أخبار أيام ثاني,14,92,"الإصحاح الرابع عشر
أخبار أيام ثاني,14,93,"الإصحاح الرابع عشر
أخبار أيام ثاني,14,94,"الإصحاح الرابع عشر
أخبار أيام ثاني,14,95,"الإصحاح الرابع عشر
أخبار أيام ثاني,14,96,"الإصحاح الرابع عشر
أخبار أيام ثاني,14,97,"الإصحاح الرابع عشر
أخبار أيام ثاني,14,98,"الإصحاح الرابع عشر
أخبار أيام ثاني,14,99,"الإصحاح الرابع عشر
أخبار أيام ثاني,15,1,"الإصحاح الخامس عشر
أخبار أيام ثاني,15,2,"الإصحاح الخامس عشر
أخبار أيام ثاني,15,3,"الإصحاح الخامس عشر
أخبار أيام ثاني,15,4,"الإصحاح الخامس عشر
أخبار أيام ثاني,15,5,"الإصحاح الخامس عشر
أخبار أيام ثاني,15,6,"الإصحاح الخامس عشر
أخبار أيام ثاني,15,7,"الإصحاح الخامس عشر
أخبار أيام ثاني,15,8,"الإصحاح الخامس عشر
أخبار أيام ثاني,15,9,"الإصحاح الخامس عشر
أخبار أيام ثاني,15,10,"الإصحاح الخامس عشر
أخبار أيام ثاني,15,11,"الإصحاح الخامس عشر
أخبار أيام ثاني,15,12,"الإصحاح الخامس عشر
أخبار أيام ثاني,15,13,"الإصحاح الخامس عشر
أخبار أيام ثاني,15,14,"الإصحاح الخامس عشر
أخبار أيام ثاني,15,15,"الإصحاح الخامس عشر
أخبار أيام ثاني,15,16,"الإصحاح الخامس عشر
أخبار أيام ثاني,15,17,"الإصحاح الخامس عشر
أخبار أيام ثاني,15,18,"الإصحاح الخامس عشر
أخبار أيام ثاني,15,19,"الإصحاح الخامس عشر
أخبار أيام ثاني,15,20,"الإصحاح الخامس عشر
أخبار أيام ثاني,15,21,"الإصحاح الخامس عشر
أخبار أيام ثاني,15,22,"الإصحاح الخامس عشر
أخبار أيام ثاني,15,23,"الإصحاح الخامس عشر
أخبار أيام ثاني,15,24,"الإصحاح الخامس عشر
أخبار أيام ثاني,15,25,"الإصحاح الخامس عشر
أخبار أيام ثاني,15,26,"الإصحاح الخامس عشر
أخبار أيام ثاني,15,27,"الإصحاح الخامس عشر
أخبار أيام ثاني,15,28,"الإصحاح الخامس عشر
أخبار أيام ثاني,15,29,"الإصحاح الخامس عشر
أخبار أيام ثاني,15,30,"الإصحاح الخامس عشر
أخبار أيام ثاني,15,31,"الإصحاح الخامس عشر
أخبار أيام ثاني,15,32,"الإصحاح الخامس عشر
أخبار أيام ثاني,15,33,"الإصحاح الخامس عشر
أخبار أيام ثاني,15,34,"الإصحاح الخامس عشر
أخبار أيام ثاني,15,35,"الإصحاح الخامس عشر
أخبار أيام ثاني,15,36,"الإصحاح الخامس عشر
أخبار أيام ثاني,15,37,"الإصحاح الخامس عشر
أخبار أيام ثاني,15,38,"الإصحاح الخامس عشر
أخبار أيام ثاني,15,39,"الإصحاح الخامس عشر
أخبار أيام ثاني,15,40,"الإصحاح الخامس عشر
أخبار أيام ثاني,15,41,"الإصحاح الخامس عشر
أخبار أيام ثاني,15,42,"الإصحاح الخامس عشر
أخبار أيام ثاني,15,43,"الإصحاح الخامس عشر
أخبار أيام ثاني,15,44,"الإصحاح الخامس عشر
أخبار أيام ثاني,15,45,"الإصحاح الخامس عشر
أخبار أيام ثاني,15,46,"الإصحاح الخامس عشر
أخبار أيام ثاني,15,47,"الإصحاح الخامس عشر
أخبار أيام ثاني,15,48,"الإصحاح الخامس عشر
أخبار أيام ثاني,15,49,"الإصحاح الخامس عشر
أخبار أيام ثاني,15,50,"الإصحاح الخامس عشر
أخبار أيام ثاني,15,51,"الإصحاح الخامس عشر
أخبار أيام ثاني,15,52,"الإصحاح الخامس عشر
أخبار أيام ثاني,15,53,"الإصحاح الخامس عشر
أخبار أيام ثاني,15,54,"الإصحاح الخامس عشر
أخبار أيام ثاني,15,55,"الإصحاح الخامس عشر
أخبار أيام ثاني,15,56,"الإصحاح الخامس عشر
أخبار أيام ثاني,15,57,"الإصحاح الخامس عشر
أخبار أيام ثاني,15,58,"الإصحاح الخامس عشر
أخبار أيام ثاني,15,59,"الإصحاح الخامس عشر
أخبار أيام ثاني,15,60,"الإصحاح الخامس عشر
أخبار أيام ثاني,15,61,"الإصحاح الخامس عشر
أخبار أيام ثاني,15,62,"الإصحاح الخامس عشر
أخبار أيام ثاني,15,63,"الإصحاح الخامس عشر
أخبار أيام ثاني,15,64,"الإصحاح الخامس عشر
أخبار أيام ثاني,15,65,"الإصحاح الخامس عشر
أخبار أيام ثاني,15,66,"الإصحاح الخامس عشر
أخبار أيام ثاني,15,67,"الإصحاح الخامس عشر
أخبار أيام ثاني,15,68,"الإصحاح الخامس عشر
أخبار أيام ثاني,15,69,"الإصحاح الخامس عشر
أخبار أيام ثاني,15,70,"الإصحاح الخامس عشر
أخبار أيام ثاني,15,71,"الإصحاح الخامس عشر
أخبار أيام ثاني,15,72,"الإصحاح الخامس عشر
أخبار أيام ثاني,15,73,"الإصحاح الخامس عشر
أخبار أيام ثاني,15,74,"الإصحاح الخامس عشر
أخبار أيام ثاني,15,75,"الإصحاح الخامس عشر
أخبار أيام ثاني,15,76,"الإصحاح الخامس عشر
أخبار أيام ثاني,15,77,"الإصحاح الخامس عشر
أخبار أيام ثاني,15,78,"الإصحاح الخامس عشر
أخبار أيام ثاني,15,79,"الإصحاح الخامس عشر
أخبار أيام ثاني,15,80,"الإصحاح الخامس عشر
أخبار أيام ثاني,15,81,"الإصحاح الخامس عشر
أخبار أيام ثاني,15,82,"الإصحاح الخامس عشر
أخبار أيام ثاني,15,83,"الإصحاح الخامس عشر
أخبار أيام ثاني,15,84,"الإصحاح الخامس عشر
أخبار أيام ثاني,15,85,"الإصحاح الخامس عشر
أخبار أيام ثاني,15,86,"الإصحاح الخامس عشر
أخبار أيام ثاني,15,87,"الإصحاح الخامس عشر
أخبار أيام ثاني,15,88,"الإصحاح الخامس عشر
أخبار أيام ثاني,15,89,"الإصحاح الخامس عشر
أخبار أيام ثاني,15,90,"الإصحاح الخامس عشر
أخبار أيام ثاني,15,91,"الإصحاح الخامس عشر
أخبار أيام ثاني,15,92,"الإصحاح الخامس عشر
أخبار أيام ثاني,15,93,"الإصحاح الخامس عشر
أخبار أيام ثاني,15,94,"الإصحاح الخامس عشر
أخبار أيام ثاني,15,95,"الإصحاح الخامس عشر
أخبار أيام ثاني,15,96,"الإصحاح الخامس عشر
أخبار أيام ثاني,15,97,"الإصحاح الخامس عشر
أخبار أيام ثاني,15,98,"الإصحاح الخامس عشر
أخبار أيام ثاني,15,99,"الإصحاح الخامس عشر
أخبار أيام ثاني,16,1,"الإصحاح السادس عشر
أخبار أيام ثاني,16,2,"الإصحاح السادس عشر
أخبار أيام ثاني,16,3,"الإصحاح السادس عشر
أخبار أيام ثاني,16,4,"الإصحاح السادس عشر
أخبار أيام ثاني,16,5,"الإصحاح السادس عشر
أخبار أيام ثاني,16,6,"الإصحاح السادس عشر
أخبار أيام ثاني,16,7,"الإصحاح السادس عشر
أخبار أيام ثاني,16,8,"الإصحاح السادس عشر
أخبار أيام ثاني,16,9,"الإصحاح السادس عشر
أخبار أيام ثاني,16,10,"الإصحاح السادس عشر
أخبار أيام ثاني,16,11,"الإصحاح السادس عشر
أخبار أيام ثاني,16,12,"الإصحاح السادس عشر
أخبار أيام ثاني,16,13,"الإصحاح السادس عشر
أخبار أيام ثاني,16,14,"الإصحاح السادس عشر
أخبار أيام ثاني,16,15,"الإصحاح السادس عشر
أخبار أيام ثاني,16,16,"الإصحاح السادس عشر
أخبار أيام ثاني,16,17,"الإصحاح السادس عشر
أخبار أيام ثاني,16,18,"الإصحاح السادس عشر
أخبار أيام ثاني,16,19,"الإصحاح السادس عشر
أخبار أيام ثاني,16,20,"الإصحاح السادس عشر
أخبار أيام ثاني,16,21,"الإصحاح السادس عشر
أخبار أيام ثاني,16,22,"الإصحاح السادس عشر
أخبار أيام ثاني,16,23,"الإصحاح السادس عشر
أخبار أيام ثاني,16,24,"الإصحاح السادس عشر
أخبار أيام ثاني,16,25,"الإصحاح السادس عشر
أخبار أيام ثاني,16,26,"الإصحاح السادس عشر
أخبار أيام ثاني,16,27,"الإصحاح السادس عشر
أخبار أيام ثاني,16,28,"الإصحاح السادس عشر
أخبار أيام ثاني,16,29,"الإصحاح السادس عشر
أخبار أيام ثاني,16,30,"الإصحاح السادس عشر
أخبار أيام ثاني,16,31,"الإصحاح السادس عشر
أخبار أيام ثاني,16,32,"الإصحاح السادس عشر
أخبار أيام ثاني,16,33,"الإصحاح السادس عشر
أخبار أيام ثاني,16,34,"الإصحاح السادس عشر
أخبار أيام ثاني,16,35,"الإصحاح السادس عشر
أخبار أيام ثاني,16,36,"الإصحاح السادس عشر
أخبار أيام ثاني,16,37,"الإصحاح السادس عشر
أخبار أيام ثاني,16,38,"الإصحاح السادس عشر
أخبار أيام ثاني,16,39,"الإصحاح السادس عشر
أخبار أيام ثاني,16,40,"الإصحاح السادس عشر
أخبار أيام ثاني,16,41,"الإصحاح السادس عشر
أخبار أيام ثاني,16,42,"الإصحاح السادس عشر
أخبار أيام ثاني,16,43,"الإصحاح السادس عشر
أخبار أيام ثاني,16,44,"الإصحاح السادس عشر
أخبار أيام ثاني,16,45,"الإصحاح السادس عشر
أخبار أيام ثاني,16,46,"الإصحاح السادس عشر
أخبار أيام ثاني,16,47,"الإصحاح السادس عشر
أخبار أيام ثاني,16,48,"الإصحاح السادس عشر
أخبار أيام ثاني,16,49,"الإصحاح السادس عشر
أخبار أيام ثاني,16,50,"الإصحاح السادس عشر
أخبار أيام ثاني,16,51,"الإصحاح السادس عشر
أخبار أيام ثاني,16,52,"الإصحاح السادس عشر
أخبار أيام ثاني,16,53,"الإصحاح السادس عشر
أخبار أيام ثاني,16,54,"الإصحاح السادس عشر
أخبار أيام ثاني,16,55,"الإصحاح السادس عشر
أخبار أيام ثاني,16,56,"الإصحاح السادس عشر
أخبار أيام ثاني,16,57,"الإصحاح السادس عشر
أخبار أيام ثاني,16,58,"الإصحاح السادس عشر
أخبار أيام ثاني,16,59,"الإصحاح السادس عشر
أخبار أيام ثاني,16,60,"الإصحاح السادس عشر
أخبار أيام ثاني,16,61,"الإصحاح السادس عشر
أخبار أيام ثاني,16,62,"الإصحاح السادس عشر
أخبار أيام ثاني,16,63,"الإصحاح السادس عشر
أخبار أيام ثاني,16,64,"الإصحاح السادس عشر
أخبار أيام ثاني,16,65,"الإصحاح السادس عشر
أخبار أيام ثاني,16,66,"الإصحاح السادس عشر
أخبار أيام ثاني,16,67,"الإصحاح السادس عشر
أخبار أيام ثاني,16,68,"الإصحاح السادس عشر
أخبار أيام ثاني,16,69,"الإصحاح السادس عشر
أخبار أيام ثاني,16,70,"الإصحاح السادس عشر
أخبار أيام ثاني,16,71,"الإصحاح السادس عشر
أخبار أيام ثاني,16,72,"الإصحاح السادس عشر
أخبار أيام ثاني,16,73,"الإصحاح السادس عشر
أخبار أيام ثاني,16,74,"الإصحاح السادس عشر
أخبار أيام ثاني,16,75,"الإصحاح السادس عشر
أخبار أيام ثاني,16,76,"الإصحاح السادس عشر
أخبار أيام ثاني,16,77,"الإصحاح السادس عشر
أخبار أيام ثاني,16,78,"الإصحاح السادس عشر
أخبار أيام ثاني,16,79,"الإصحاح السادس عشر
أخبار أيام ثاني,16,80,"الإصحاح السادس عشر
أخبار أيام ثاني,16,81,"الإصحاح السادس عشر
أخبار أيام ثاني,16,82,"الإصحاح السادس عشر
أخبار أيام ثاني,16,83,"الإصحاح السادس عشر
أخبار أيام ثاني,16,84,"الإصحاح السادس عشر
أخبار أيام ثاني,16,85,"الإصحاح السادس عشر
أخبار أيام ثاني,16,86,"الإصحاح السادس عشر
أخبار أيام ثاني,16,87,"الإصحاح السادس عشر
أخبار أيام ثاني,16,88,"الإصحاح السادس عشر
أخبار أيام ثاني,16,89,"الإصحاح السادس عشر
أخبار أيام ثاني,16,90,"الإصحاح السادس عشر
أخبار أيام ثاني,16,91,"الإصحاح السادس عشر
أخبار أيام ثاني,16,92,"الإصحاح السادس عشر
أخبار أيام ثاني,16,93,"الإصحاح السادس عشر
أخبار أيام ثاني,16,94,"الإصحاح السادس عشر
أخبار أيام ثاني,16,95,"الإصحاح السادس عشر
أخبار أيام ثاني,16,96,"الإصحاح السادس عشر
أخبار أيام ثاني,16,97,"الإصحاح السادس عشر
أخبار أيام ثاني,16,98,"الإصحاح السادس عشر
أخبار أيام ثاني,16,99,"الإصحاح السادس عشر
أخبار أيام ثاني,17,1,"الإصحاح السابع عشر
أخبار أيام ثاني,17,2,"الإصحاح السابع عشر
أخبار أيام ثاني,17,3,"الإصحاح السابع عشر
أخبار أيام ثاني,17,4,"الإصحاح السابع عشر
أخبار أيام ثاني,17,5,"الإصحاح السابع عشر
أخبار أيام ثاني,17,6,"الإصحاح السابع عشر
أخبار أيام ثاني,17,7,"الإصحاح السابع عشر
أخبار أيام ثاني,17,8,"الإصحاح السابع عشر
أخبار أيام ثاني,17,9,"الإصحاح السابع عشر
أخبار أيام ثاني,17,10,"الإصحاح السابع عشر
أخبار أيام ثاني,17,11,"الإصحاح السابع عشر
أخبار أيام ثاني,17,12,"الإصحاح السابع عشر
أخبار أيام ثاني,17,13,"الإصحاح السابع عشر
أخبار أيام ثاني,17,14,"الإصحاح السابع عشر
أخبار أيام ثاني,17,15,"الإصحاح السابع عشر
أخبار أيام ثاني,17,16,"الإصحاح السابع عشر
أخبار أيام ثاني,17,17,"الإصحاح السابع عشر
أخبار أيام ثاني,17,18,"الإصحاح السابع عشر
أخبار أيام ثاني,17,19,"الإصحاح السابع عشر
أخبار أيام ثاني,17,20,"الإصحاح السابع عشر
أخبار أيام ثاني,17,21,"الإصحاح السابع عشر
أخبار أيام ثاني,17,22,"الإصحاح السابع عشر
أخبار أيام ثاني,17,23,"الإصحاح السابع عشر
أخبار أيام ثاني,17,24,"الإصحاح السابع عشر
أخبار أيام ثاني,17,25,"الإصحاح السابع عشر
أخبار أيام ثاني,17,26,"الإصحاح السابع عشر
أخبار أيام ثاني,17,27,"الإصحاح السابع عشر
أخبار أيام ثاني,17,28,"الإصحاح السابع عشر
أخبار أيام ثاني,17,29,"الإصحاح السابع عشر
أخبار أيام ثاني,17,30,"الإصحاح السابع عشر
أخبار أيام ثاني,17,31,"الإصحاح السابع عشر
أخبار أيام ثاني,17,32,"الإصحاح السابع عشر
أخبار أيام ثاني,17,33,"الإصحاح السابع عشر
أخبار أيام ثاني,17,34,"الإصحاح السابع عشر
أخبار أيام ثاني,17,35,"الإصحاح السابع عشر
أخبار أيام ثاني,17,36,"الإصحاح السابع عشر
أخبار أيام ثاني,17,37,"الإصحاح السابع عشر
أخبار أيام ثاني,17,38,"الإصحاح السابع عشر
أخبار أيام ثاني,17,39,"الإصحاح السابع عشر
أخبار أيام ثاني,17,40,"الإصحاح السابع عشر
أخبار أيام ثاني,17,41,"الإصحاح السابع عشر
أخبار أيام ثاني,17,42,"الإصحاح السابع عشر
أخبار أيام ثاني,17,43,"الإصحاح السابع عشر
أخبار أيام ثاني,17,44,"الإصحاح السابع عشر
أخبار أيام ثاني,17,45,"الإصحاح السابع عشر
أخبار أيام ثاني,17,46,"الإصحاح السابع عشر
أخبار أيام ثاني,17,47,"الإصحاح السابع عشر
أخبار أيام ثاني,17,48,"الإصحاح السابع عشر
أخبار أيام ثاني,17,49,"الإصحاح السابع عشر
أخبار أيام ثاني,17,50,"الإصحاح السابع عشر
أخبار أيام ثاني,17,51,"الإصحاح السابع عشر
أخبار أيام ثاني,17,52,"الإصحاح السابع عشر
أخبار أيام ثاني,17,53,"الإصحاح السابع عشر
أخبار أيام ثاني,17,54,"الإصحاح السابع عشر
أخبار أيام ثاني,17,55,"الإصحاح السابع عشر
أخبار أيام ثاني,17,56,"الإصحاح السابع عشر
أخبار أيام ثاني,17,57,"الإصحاح السابع عشر
أخبار أيام ثاني,17,58,"الإصحاح السابع عشر
أخبار أيام ثاني,17,59,"الإصحاح السابع عشر
أخبار أيام ثاني,17,60,"الإصحاح السابع عشر
أخبار أيام ثاني,17,61,"الإصحاح السابع عشر
أخبار أيام ثاني,17,62,"الإصحاح السابع عشر
أخبار أيام ثاني,17,63,"الإصحاح السابع عشر
أخبار أيام ثاني,17,64,"الإصحاح السابع عشر
أخبار أيام ثاني,17,65,"الإصحاح السابع عشر
أخبار أيام ثاني,17,66,"الإصحاح السابع عشر
أخبار أيام ثاني,17,67,"الإصحاح السابع عشر
أخبار أيام ثاني,17,68,"الإصحاح السابع عشر
أخبار أيام ثاني,17,69,"الإصحاح السابع عشر
أخبار أيام ثاني,17,70,"الإصحاح السابع عشر
أخبار أيام ثاني,17,71,"الإصحاح السابع عشر
أخبار أيام ثاني,17,72,"الإصحاح السابع عشر
أخبار أيام ثاني,17,73,"الإصحاح السابع عشر
أخبار أيام ثاني,17,74,"الإصحاح السابع عشر
أخبار أيام ثاني,17,75,"الإصحاح السابع عشر
أخبار أيام ثاني,17,76,"الإصحاح السابع عشر
أخبار أيام ثاني,17,77,"الإصحاح السابع عشر
أخبار أيام ثاني,17,78,"الإصحاح السابع عشر
أخبار أيام ثاني,17,79,"الإصحاح السابع عشر
أخبار أيام ثاني,17,80,"الإصحاح السابع عشر
أخبار أيام ثاني,17,81,"الإصحاح السابع عشر
أخبار أيام ثاني,17,82,"الإصحاح السابع عشر
أخبار أيام ثاني,17,83,"الإصحاح السابع عشر
أخبار أيام ثاني,17,84,"الإصحاح السابع عشر
أخبار أيام ثاني,17,85,"الإصحاح السابع عشر
أخبار أيام ثاني,17,86,"الإصحاح السابع عشر
أخبار أيام ثاني,17,87,"الإصحاح السابع عشر
أخبار أيام ثاني,17,88,"الإصحاح السابع عشر
أخبار أيام ثاني,17,89,"الإصحاح السابع عشر
أخبار أيام ثاني,17,90,"الإصحاح السابع عشر
أخبار أيام ثاني,17,91,"الإصحاح السابع عشر
أخبار أيام ثاني,17,92,"الإصحاح السابع عشر
أخبار أيام ثاني,17,93,"الإصحاح السابع عشر
أخبار أيام ثاني,17,94,"الإصحاح السابع عشر
أخبار أيام ثاني,17,95,"الإصحاح السابع عشر
أخبار أيام ثاني,17,96,"الإصحاح السابع عشر
أخبار أيام ثاني,17,97,"الإصحاح السابع عشر
أخبار أيام ثاني,17,98,"الإصحاح السابع عشر
أخبار أيام ثاني,17,99,"الإصحاح السابع عشر
أخبار أيام ثاني,18,1,"الإصحاح الثامن عشر
أخبار أيام ثاني,18,2,"الإصحاح الثامن عشر
أخبار أيام ثاني,18,3,"الإصحاح الثامن عشر
أخبار أيام ثاني,18,4,"الإصحاح الثامن عشر
أخبار أيام ثاني,18,5,"الإصحاح الثامن عشر
أخبار أيام ثاني,18,6,"الإصحاح الثامن عشر
أخبار أيام ثاني,18,7,"الإصحاح الثامن عشر
أخبار أيام ثاني,18,8,"الإصحاح الثامن عشر
أخبار أيام ثاني,18,9,"الإصحاح الثامن عشر
أخبار أيام ثاني,18,10,"الإصحاح الثامن عشر
أخبار أيام ثاني,18,11,"الإصحاح الثامن عشر
أخبار أيام ثاني,18,12,"الإصحاح الثامن عشر
أخبار أيام ثاني,18,13,"الإصحاح الثامن عشر
أخبار أيام ثاني,18,14,"الإصحاح الثامن عشر
أخبار أيام ثاني,18,15,"الإصحاح الثامن عشر
أخبار أيام ثاني,18,16,"الإصحاح الثامن عشر
أخبار أيام ثاني,18,17,"الإصحاح الثامن عشر
أخبار أيام ثاني,18,18,"الإصحاح الثامن عشر
أخبار أيام ثاني,18,19,"الإصحاح الثامن عشر
أخبار أيام ثاني,18,20,"الإصحاح الثامن عشر
أخبار أيام ثاني,18,21,"الإصحاح الثامن عشر
أخبار أيام ثاني,18,22,"الإصحاح الثامن عشر
أخبار أيام ثاني,18,23,"الإصحاح الثامن عشر
أخبار أيام ثاني,18,24,"الإصحاح الثامن عشر
أخبار أيام ثاني,18,25,"الإصحاح الثامن عشر
أخبار أيام ثاني,18,26,"الإصحاح الثامن عشر
أخبار أيام ثاني,18,27,"الإصحاح الثامن عشر
أخبار أيام ثاني,18,28,"الإصحاح الثامن عشر
أخبار أيام ثاني,18,29,"الإصحاح الثامن عشر
أخبار أيام ثاني,18,30,"الإصحاح الثامن عشر
أخبار أيام ثاني,18,31,"الإصحاح الثامن عشر
أخبار أيام ثاني,18,32,"الإصحاح الثامن عشر
أخبار أيام ثاني,18,33,"الإصحاح الثامن عشر
أخبار أيام ثاني,18,34,"الإصحاح الثامن عشر
أخبار أيام ثاني,18,35,"الإصحاح الثامن عشر
أخبار أيام ثاني,18,36,"الإصحاح الثامن عشر
أخبار أيام ثاني,18,37,"الإصحاح الثامن عشر
أخبار أيام ثاني,18,38,"الإصحاح الثامن عشر
أخبار أيام ثاني,18,39,"الإصحاح الثامن عشر
أخبار أيام ثاني,18,40,"الإصحاح الثامن عشر
أخبار أيام ثاني,18,41,"الإصحاح الثامن عشر
أخبار أيام ثاني,18,42,"الإصحاح الثامن عشر
أخبار أيام ثاني,18,43,"الإصحاح الثامن عشر
أخبار أيام ثاني,18,44,"الإصحاح الثامن عشر
أخبار أيام ثاني,18,45,"الإصحاح الثامن عشر
أخبار أيام ثاني,18,46,"الإصحاح الثامن عشر
أخبار أيام ثاني,18,47,"الإصحاح الثامن عشر
أخبار أيام ثاني,18,48,"الإصحاح الثامن عشر
أخبار أيام ثاني,18,49,"الإصحاح الثامن عشر
أخبار أيام ثاني,18,50,"الإصحاح الثامن عشر
أخبار أيام ثاني,18,51,"الإصحاح الثامن عشر
أخبار أيام ثاني,18,52,"الإصحاح الثامن عشر
أخبار أيام ثاني,18,53,"الإصحاح الثامن عشر
أخبار أيام ثاني,18,54,"الإصحاح الثامن عشر
أخبار أيام ثاني,18,55,"الإصحاح الثامن عشر
أخبار أيام ثاني,18,56,"الإصحاح الثامن عشر
أخبار أيام ثاني,18,57,"الإصحاح الثامن عشر
أخبار أيام ثاني,18,58,"الإصحاح الثامن عشر
أخبار أيام ثاني,18,59,"الإصحاح الثامن عشر
أخبار أيام ثاني,18,60,"الإصحاح الثامن عشر
أخبار أيام ثاني,18,61,"الإصحاح الثامن عشر
أخبار أيام ثاني,18,62,"الإصحاح الثامن عشر
أخبار أيام ثاني,18,63,"الإصحاح الثامن عشر
أخبار أيام ثاني,18,64,"الإصحاح الثامن عشر
أخبار أيام ثاني,18,65,"الإصحاح الثامن عشر
أخبار أيام ثاني,18,66,"الإصحاح الثامن عشر
أخبار أيام ثاني,18,67,"الإصحاح الثامن عشر
أخبار أيام ثاني,18,68,"الإصحاح الثامن عشر
أخبار أيام ثاني,18,69,"الإصحاح الثامن عشر
أخبار أيام ثاني,18,70,"الإصحاح الثامن عشر
أخبار أيام ثاني,18,71,"الإصحاح الثامن عشر
أخبار أيام ثاني,18,72,"الإصحاح الثامن عشر
أخبار أيام ثاني,18,73,"الإصحاح الثامن عشر
أخبار أيام ثاني,18,74,"الإصحاح الثامن عشر
أخبار أيام ثاني,18,75,"الإصحاح الثامن عشر
أخبار أيام ثاني,18,76,"الإصحاح الثامن عشر
أخبار أيام ثاني,18,77,"الإصحاح الثامن عشر
أخبار أيام ثاني,18,78,"الإصحاح الثامن عشر
أخبار أيام ثاني,18,79,"الإصحاح الثامن عشر
أخبار أيام ثاني,18,80,"الإصحاح الثامن عشر
أخبار أيام ثاني,18,81,"الإصحاح الثامن عشر
أخبار أيام ثاني,18,82,"الإصحاح الثامن عشر
أخبار أيام ثاني,18,83,"الإصحاح الثامن عشر
أخبار أيام ثاني,18,84,"الإصحاح الثامن عشر
أخبار أيام ثاني,18,85,"الإصحاح الثامن عشر
أخبار أيام ثاني,18,86,"الإصحاح الثامن عشر
أخبار أيام ثاني,18,87,"الإصحاح الثامن عشر
أخبار أيام ثاني,18,88,"الإصحاح الثامن عشر
أخبار أيام ثاني,18,89,"الإصحاح الثامن عشر
أخبار أيام ثاني,18,90,"الإصحاح الثامن عشر
أخبار أيام ثاني,18,91,"الإصحاح الثامن عشر
أخبار أيام ثاني,18,92,"الإصحاح الثامن عشر
أخبار أيام ثاني,18,93,"الإصحاح الثامن عشر
أخبار أيام ثاني,18,94,"الإصحاح الثامن عشر
أخبار أيام ثاني,18,95,"الإصحاح الثامن عشر
أخبار أيام ثاني,18,96,"الإصحاح الثامن عشر
أخبار أيام ثاني,18,97,"الإصحاح الثامن عشر
أخبار أيام ثاني,18,98,"الإصحاح الثامن عشر
أخبار أيام ثاني,18,99,"الإصحاح الثامن عشر
أخبار أيام ثاني,19,1,"الإصحاح التاسع عشر
أخبار أيام ثاني,19,2,"الإصحاح التاسع عشر
أخبار أيام ثاني,19,3,"الإصحاح التاسع عشر
أخبار أيام ثاني,19,4,"الإصحاح التاسع عشر
أخبار أيام ثاني,19,5,"الإصحاح التاسع عشر
أخبار أيام ثاني,19,6,"الإصحاح التاسع عشر
أخبار أيام ثاني,19,7,"الإصحاح التاسع عشر
أخبار أيام ثاني,19,8,"الإصحاح التاسع عشر
أخبار أيام ثاني,19,9,"الإصحاح التاسع عشر
أخبار أيام ثاني,19,10,"الإصحاح التاسع عشر
أخبار أيام ثاني,19,11,"الإصحاح التاسع عشر
أخبار أيام ثاني,19,12,"الإصحاح التاسع عشر
أخبار أيام ثاني,19,13,"الإصحاح التاسع عشر
أخبار أيام ثاني,19,14,"الإصحاح التاسع عشر
أخبار أيام ثاني,19,15,"الإصحاح التاسع عشر
أخبار أيام ثاني,19,16,"الإصحاح التاسع عشر
أخبار أيام ثاني,19,17,"الإصحاح التاسع عشر
أخبار أيام ثاني,19,18,"الإصحاح التاسع عشر
أخبار أيام ثاني,19,19,"الإصحاح التاسع عشر
أخبار أيام ثاني,19,20,"الإصحاح التاسع عشر
أخبار أيام ثاني,19,21,"الإصحاح التاسع عشر
أخبار أيام ثاني,19,22,"الإصحاح التاسع عشر
أخبار أيام ثاني,19,23,"الإصحاح التاسع عشر
أخبار أيام ثاني,19,24,"الإصحاح التاسع عشر
أخبار أيام ثاني,19,25,"الإصحاح التاسع عشر
أخبار أيام ثاني,19,26,"الإصحاح التاسع عشر
أخبار أيام ثاني,19,27,"الإصحاح التاسع عشر
أخبار أيام ثاني,19,28,"الإصحاح التاسع عشر
أخبار أيام ثاني,19,29,"الإصحاح التاسع عشر
أخبار أيام ثاني,19,30,"الإصحاح التاسع عشر
أخبار أيام ثاني,19,31,"الإصحاح التاسع عشر
أخبار أيام ثاني,19,32,"الإصحاح التاسع عشر
أخبار أيام ثاني,19,33,"الإصحاح التاسع عشر
أخبار أيام ثاني,19,34,"الإصحاح التاسع عشر
أخبار أيام ثاني,19,35,"الإصحاح التاسع عشر
أخبار أيام ثاني,19,36,"الإصحاح التاسع عشر
أخبار أيام ثاني,19,37,"الإصحاح التاسع عشر
أخبار أيام ثاني,19,38,"الإصحاح التاسع عشر
أخبار أيام ثاني,19,39,"الإصحاح التاسع عشر
أخبار أيام ثاني,19,40,"الإصحاح التاسع عشر
أخبار أيام ثاني,19,41,"الإصحاح التاسع عشر
أخبار أيام ثاني,19,42,"الإصحاح التاسع عشر
أخبار أيام ثاني,19,43,"الإصحاح التاسع عشر
أخبار أيام ثاني,19,44,"الإصحاح التاسع عشر
أخبار أيام ثاني,19,45,"الإصحاح التاسع عشر
أخبار أيام ثاني,19,46,"الإصحاح التاسع عشر
أخبار أيام ثاني,19,47,"الإصحاح التاسع عشر
أخبار أيام ثاني,19,48,"الإصحاح التاسع عشر
أخبار أيام ثاني,19,49,"الإصحاح التاسع عشر
أخبار أيام ثاني,19,50,"الإصحاح التاسع عشر
أخبار أيام ثاني,19,51,"الإصحاح التاسع عشر
أخبار أيام ثاني,19,52,"الإصحاح التاسع عشر
أخبار أيام ثاني,19,53,"الإصحاح التاسع عشر
أخبار أيام ثاني,19,54,"الإصحاح التاسع عشر
أخبار أيام ثاني,19,55,"الإصحاح التاسع عشر
أخبار أيام ثاني,19,56,"الإصحاح التاسع عشر
أخبار أيام ثاني,19,57,"الإصحاح التاسع عشر
أخبار أيام ثاني,19,58,"الإصحاح التاسع عشر
أخبار أيام ثاني,19,59,"الإصحاح التاسع عشر
أخبار أيام ثاني,19,60,"الإصحاح التاسع عشر
أخبار أيام ثاني,19,61,"الإصحاح التاسع عشر
أخبار أيام ثاني,19,62,"الإصحاح التاسع عشر
أخبار أيام ثاني,19,63,"الإصحاح التاسع عشر
أخبار أيام ثاني,19,64,"الإصحاح التاسع عشر
أخبار أيام ثاني,19,65,"الإصحاح التاسع عشر
أخبار أيام ثاني,19,66,"الإصحاح التاسع عشر
أخبار أيام ثاني,19,67,"الإصحاح التاسع عشر
أخبار أيام ثاني,19,68,"الإصحاح التاسع عشر
أخبار أيام ثاني,19,69,"الإصحاح التاسع عشر
أخبار أيام ثاني,19,70,"الإصحاح التاسع عشر
أخبار أيام ثاني,19,71,"الإصحاح التاسع عشر
أخبار أيام ثاني,19,72,"الإصحاح التاسع عشر
أخبار أيام ثاني,19,73,"الإصحاح التاسع عشر
أخبار أيام ثاني,19,74,"الإصحاح التاسع عشر
أخبار أيام ثاني,19,75,"الإصحاح التاسع عشر
أخبار أيام ثاني,19,76,"الإصحاح التاسع عشر
أخبار أيام ثاني,19,77,"الإصحاح التاسع عشر
أخبار أيام ثاني,19,78,"الإصحاح التاسع عشر
أخبار أيام ثاني,19,79,"الإصحاح التاسع عشر
أخبار أيام ثاني,19,80,"الإصحاح التاسع عشر
أخبار أيام ثاني,19,81,"الإصحاح التاسع عشر
أخبار أيام ثاني,19,82,"الإصحاح التاسع عشر
أخبار أيام ثاني,19,83,"الإصحاح التاسع عشر
أخبار أيام ثاني,19,84,"الإصحاح التاسع عشر
أخبار أيام ثاني,19,85,"الإصحاح التاسع عشر
أخبار أيام ثاني,19,86,"الإصحاح التاسع عشر
أخبار أيام ثاني,19,87,"الإصحاح التاسع عشر
أخبار أيام ثاني,19,88,"الإصحاح التاسع عشر
أخبار أيام ثاني,19,89,"الإصحاح التاسع عشر
أخبار أيام ثاني,19,90,"الإصحاح التاسع عشر
أخبار أيام ثاني,19,91,"الإصحاح التاسع عشر
أخبار أيام ثاني,19,92,"الإصحاح التاسع عشر
أخبار أيام ثاني,19,93,"الإصحاح التاسع عشر
أخبار أيام ثاني,19,94,"الإصحاح التاسع عشر
أخبار أيام ثاني,19,95,"الإصحاح التاسع عشر
أخبار أيام ثاني,19,96,"الإصحاح التاسع عشر
أخبار أيام ثاني,19,97,"الإصحاح التاسع عشر
أخبار أيام ثاني,19,98,"الإصحاح التاسع عشر
أخبار أيام ثاني,19,99,"الإصحاح التاسع عشر
أخبار أيام ثاني,20,1,"الإصحاح العشرون
أخبار أيام ثاني,20,2,"الإصحاح العشرون
أخبار أيام ثاني,20,3,"الإصحاح العشرون
أخبار أيام ثاني,20,4,"الإصحاح العشرون
أخبار أيام ثاني,20,5,"الإصحاح العشرون
أخبار أيام ثاني,20,6,"الإصحاح العشرون
أخبار أيام ثاني,20,7,"الإصحاح العشرون
أخبار أيام ثاني,20,8,"الإصحاح العشرون
أخبار أيام ثاني,20,9,"الإصحاح العشرون
أخبار أيام ثاني,20,10,"الإصحاح العشرون
أخبار أيام ثاني,20,11,"الإصحاح العشرون
أخبار أيام ثاني,20,12,"الإصحاح العشرون
أخبار أيام ثاني,20,13,"الإصحاح العشرون
أخبار أيام ثاني,20,14,"الإصحاح العشرون
أخبار أيام ثاني,20,15,"الإصحاح العشرون
أخبار أيام ثاني,20,16,"الإصحاح العشرون
أخبار أيام ثاني,20,17,"الإصحاح العشرون
أخبار أيام ثاني,20,18,"الإصحاح العشرون
أخبار أيام ثاني,20,19,"الإصحاح العشرون
أخبار أيام ثاني,20,20,"الإصحاح العشرون
أخبار أيام ثاني,20,21,"الإصحاح العشرون
أخبار أيام ثاني,20,22,"الإصحاح العشرون
أخبار أيام ثاني,20,23,"الإصحاح العشرون
أخبار أيام ثاني,20,24,"الإصحاح العشرون
أخبار أيام ثاني,20,25,"الإصحاح العشرون
أخبار أيام ثاني,20,26,"الإصحاح العشرون
أخبار أيام ثاني,20,27,"الإصحاح العشرون
أخبار أيام ثاني,20,28,"الإصحاح العشرون
أخبار أيام ثاني,20,29,"الإصحاح العشرون
أخبار أيام ثاني,20,30,"الإصحاح العشرون
أخبار أيام ثاني,20,31,"الإصحاح العشرون
أخبار أيام ثاني,20,32,"الإصحاح العشرون
أخبار أيام ثاني,20,33,"الإصحاح العشرون
أخبار أيام ثاني,20,34,"الإصحاح العشرون
أخبار أيام ثاني,20,35,"الإصحاح العشرون
أخبار أيام ثاني,20,36,"الإصحاح العشرون
أخبار أيام ثاني,20,37,"الإصحاح العشرون
أخبار أيام ثاني,20,38,"الإصحاح العشرون
أخبار أيام ثاني,20,39,"الإصحاح العشرون
أخبار أيام ثاني,20,40,"الإصحاح العشرون
أخبار أيام ثاني,20,41,"الإصحاح العشرون
أخبار أيام ثاني,20,42,"الإصحاح العشرون
أخبار أيام ثاني,20,43,"الإصحاح العشرون
أخبار أيام ثاني,20,44,"الإصحاح العشرون
أخبار أيام ثاني,20,45,"الإصحاح العشرون
أخبار أيام ثاني,20,46,"الإصحاح العشرون
أخبار أيام ثاني,20,47,"الإصحاح العشرون
أخبار أيام ثاني,20,48,"الإصحاح العشرون
أخبار أيام ثاني,20,49,"الإصحاح العشرون
أخبار أيام ثاني,20,50,"الإصحاح العشرون
أخبار أيام ثاني,20,51,"الإصحاح العشرون
أخبار أيام ثاني,20,52,"الإصحاح العشرون
أخبار أيام ثاني,20,53,"الإصحاح العشرون
أخبار أيام ثاني,20,54,"الإصحاح العشرون
أخبار أيام ثاني,20,55,"الإصحاح العشرون
أخبار أيام ثاني,20,56,"الإصحاح العشرون
أخبار أيام ثاني,20,57,"الإصحاح العشرون
أخبار أيام ثاني,20,58,"الإصحاح العشرون
أخبار أيام ثاني,20,59,"الإصحاح العشرون
أخبار أيام ثاني,20,60,"الإصحاح العشرون
أخبار أيام ثاني,20,61,"الإصحاح العشرون
أخبار أيام ثاني,20,62,"الإصحاح العشرون
أخبار أيام ثاني,20,63,"الإصحاح العشرون
أخبار أيام ثاني,20,64,"الإصحاح العشرون
أخبار أيام ثاني,20,65,"الإصحاح العشرون
أخبار أيام ثاني,20,66,"الإصحاح العشرون
أخبار أيام ثاني,20,67,"الإصحاح العشرون
أخبار أيام ثاني,20,68,"الإصحاح العشرون
أخبار أيام ثاني,20,69,"الإصحاح العشرون
أخبار أيام ثاني,20,70,"الإصحاح العشرون
أخبار أيام ثاني,20,71,"الإصحاح العشرون
أخبار أيام ثاني,20,72,"الإصحاح العشرون
أخبار أيام ثاني,20,73,"الإصحاح العشرون
أخبار أيام ثاني,20,74,"الإصحاح العشرون
أخبار أيام ثاني,20,75,"الإصحاح العشرون
أخبار أيام ثاني,20,76,"الإصحاح العشرون
أخبار أيام ثاني,20,77,"الإصحاح العشرون
أخبار أيام ثاني,20,78,"الإصحاح العشرون
أخبار أيام ثاني,20,79,"الإصحاح العشرون
أخبار أيام ثاني,20,80,"الإصحاح العشرون
أخبار أيام ثاني,20,81,"الإصحاح العشرون
أخبار أيام ثاني,20,82,"الإصحاح العشرون
أخبار أيام ثاني,20,83,"الإصحاح العشرون
أخبار أيام ثاني,20,84,"الإصحاح العشرون
أخبار أيام ثاني,20,85,"الإصحاح العشرون
أخبار أيام ثاني,20,86,"الإصحاح العشرون
أخبار أيام ثاني,20,87,"الإصحاح العشرون
أخبار أيام ثاني,20,88,"الإصحاح العشرون
أخبار أيام ثاني,20,89,"الإصحاح العشرون
أخبار أيام ثاني,20,90,"الإصحاح العشرون
أخبار أيام ثاني,20,91,"الإصحاح العشرون
أخبار أيام ثاني,20,92,"الإصحاح العشرون
أخبار أيام ثاني,20,93,"الإصحاح العشرون
أخبار أيام ثاني,20,94,"الإصحاح العشرون
أخبار أيام ثاني,20,95,"الإصحاح العشرون
أخبار أيام ثاني,20,96,"الإصحاح العشرون
أخبار أيام ثاني,20,97,"الإصحاح العشرون
أخبار أيام ثاني,20,98,"الإصحاح العشرون
أخبار أيام ثاني,20,99,"الإصحاح العشرون
أخبار أيام ثاني,21,1,"الإصحاح الحادى والعشرون
أخبار أيام ثاني,21,2,"الإصحاح الحادى والعشرون
أخبار أيام ثاني,21,3,"الإصحاح الحادى والعشرون
أخبار أيام ثاني,21,4,"الإصحاح الحادى والعشرون
أخبار أيام ثاني,21,5,"الإصحاح الحادى والعشرون
أخبار أيام ثاني,21,6,"الإصحاح الحادى والعشرون
أخبار أيام ثاني,21,7,"الإصحاح الحادى والعشرون
أخبار أيام ثاني,21,8,"الإصحاح الحادى والعشرون
أخبار أيام ثاني,21,9,"الإصحاح الحادى والعشرون
أخبار أيام ثاني,21,10,"الإصحاح الحادى والعشرون
أخبار أيام ثاني,21,11,"الإصحاح الحادى والعشرون
أخبار أيام ثاني,21,12,"الإصحاح الحادى والعشرون
أخبار أيام ثاني,21,13,"الإصحاح الحادى والعشرون
أخبار أيام ثاني,21,14,"الإصحاح الحادى والعشرون
أخبار أيام ثاني,21,15,"الإصحاح الحادى والعشرون
أخبار أيام ثاني,21,16,"الإصحاح الحادى والعشرون
أخبار أيام ثاني,21,17,"الإصحاح الحادى والعشرون
أخبار أيام ثاني,21,18,"الإصحاح الحادى والعشرون
أخبار أيام ثاني,21,19,"الإصحاح الحادى والعشرون
أخبار أيام ثاني,21,20,"الإصحاح الحادى والعشرون
أخبار أيام ثاني,21,21,"الإصحاح الحادى والعشرون
أخبار أيام ثاني,21,22,"الإصحاح الحادى والعشرون
أخبار أيام ثاني,21,23,"الإصحاح الحادى والعشرون
أخبار أيام ثاني,21,24,"الإصحاح الحادى والعشرون
أخبار أيام ثاني,21,25,"الإصحاح الحادى والعشرون
أخبار أيام ثاني,21,26,"الإصحاح الحادى والعشرون
أخبار أيام ثاني,21,27,"الإصحاح الحادى والعشرون
أخبار أيام ثاني,21,28,"الإصحاح الحادى والعشرون
أخبار أيام ثاني,21,29,"الإصحاح الحادى والعشرون
أخبار أيام ثاني,21,30,"الإصحاح الحادى والعشرون
أخبار أيام ثاني,21,31,"الإصحاح الحادى والعشرون
أخبار أيام ثاني,21,32,"الإصحاح الحادى والعشرون
أخبار أيام ثاني,21,33,"الإصحاح الحادى والعشرون
أخبار أيام ثاني,21,34,"الإصحاح الحادى والعشرون
أخبار أيام ثاني,21,35,"الإصحاح الحادى والعشرون
أخبار أيام ثاني,21,36,"الإصحاح الحادى والعشرون
أخبار أيام ثاني,21,37,"الإصحاح الحادى والعشرون
أخبار أيام ثاني,21,38,"الإصحاح الحادى والعشرون
أخبار أيام ثاني,21,39,"الإصحاح الحادى والعشرون
أخبار أيام ثاني,21,40,"الإصحاح الحادى والعشرون
أخبار أيام ثاني,21,41,"الإصحاح الحادى والعشرون
أخبار أيام ثاني,21,42,"الإصحاح الحادى والعشرون
أخبار أيام ثاني,21,43,"الإصحاح الحادى والعشرون
أخبار أيام ثاني,21,44,"الإصحاح الحادى والعشرون
أخبار أيام ثاني,21,45,"الإصحاح الحادى والعشرون
أخبار أيام ثاني,21,46,"الإصحاح الحادى والعشرون
أخبار أيام ثاني,21,47,"الإصحاح الحادى والعشرون
أخبار أيام ثاني,21,48,"الإصحاح الحادى والعشرون
أخبار أيام ثاني,21,49,"الإصحاح الحادى والعشرون
أخبار أيام ثاني,21,50,"الإصحاح الحادى والعشرون
أخبار أيام ثاني,21,51,"الإصحاح الحادى والعشرون
أخبار أيام ثاني,21,52,"الإصحاح الحادى والعشرون
أخبار أيام ثاني,21,53,"الإصحاح الحادى والعشرون
أخبار أيام ثاني,21,54,"الإصحاح الحادى والعشرون
أخبار أيام ثاني,21,55,"الإصحاح الحادى والعشرون
أخبار أيام ثاني,21,56,"الإصحاح الحادى والعشرون
أخبار أيام ثاني,21,57,"الإصحاح الحادى والعشرون
أخبار أيام ثاني,21,58,"الإصحاح الحادى والعشرون
أخبار أيام ثاني,21,59,"الإصحاح الحادى والعشرون
أخبار أيام ثاني,21,60,"الإصحاح الحادى والعشرون
أخبار أيام ثاني,21,61,"الإصحاح الحادى والعشرون
أخبار أيام ثاني,21,62,"الإصحاح الحادى والعشرون
أخبار أيام ثاني,21,63,"الإصحاح الحادى والعشرون
أخبار أيام ثاني,21,64,"الإصحاح الحادى والعشرون
أخبار أيام ثاني,21,65,"الإصحاح الحادى والعشرون
أخبار أيام ثاني,21,66,"الإصحاح الحادى والعشرون
أخبار أيام ثاني,21,67,"الإصحاح الحادى والعشرون
أخبار أيام ثاني,21,68,"الإصحاح الحادى والعشرون
أخبار أيام ثاني,21,69,"الإصحاح الحادى والعشرون
أخبار أيام ثاني,21,70,"الإصحاح الحادى والعشرون
أخبار أيام ثاني,21,71,"الإصحاح الحادى والعشرون
أخبار أيام ثاني,21,72,"الإصحاح الحادى والعشرون
أخبار أيام ثاني,21,73,"الإصحاح الحادى والعشرون
أخبار أيام ثاني,21,74,"الإصحاح الحادى والعشرون
أخبار أيام ثاني,21,75,"الإصحاح الحادى والعشرون
أخبار أيام ثاني,21,76,"الإصحاح الحادى والعشرون
أخبار أيام ثاني,21,77,"الإصحاح الحادى والعشرون
أخبار أيام ثاني,21,78,"الإصحاح الحادى والعشرون
أخبار أيام ثاني,21,79,"الإصحاح الحادى والعشرون
أخبار أيام ثاني,21,80,"الإصحاح الحادى والعشرون
أخبار أيام ثاني,21,81,"الإصحاح الحادى والعشرون
أخبار أيام ثاني,21,82,"الإصحاح الحادى والعشرون
أخبار أيام ثاني,21,83,"الإصحاح الحادى والعشرون
أخبار أيام ثاني,21,84,"الإصحاح الحادى والعشرون
أخبار أيام ثاني,21,85,"الإصحاح الحادى والعشرون
أخبار أيام ثاني,21,86,"الإصحاح الحادى والعشرون
أخبار أيام ثاني,21,87,"الإصحاح الحادى والعشرون
أخبار أيام ثاني,21,88,"الإصحاح الحادى والعشرون
أخبار أيام ثاني,21,89,"الإصحاح الحادى والعشرون
أخبار أيام ثاني,21,90,"الإصحاح الحادى والعشرون
أخبار أيام ثاني,21,91,"الإصحاح الحادى والعشرون
أخبار أيام ثاني,21,92,"الإصحاح الحادى والعشرون
أخبار أيام ثاني,21,93,"الإصحاح الحادى والعشرون
أخبار أيام ثاني,21,94,"الإصحاح الحادى والعشرون
أخبار أيام ثاني,21,95,"الإصحاح الحادى والعشرون
أخبار أيام ثاني,21,96,"الإصحاح الحادى والعشرون
أخبار أيام ثاني,21,97,"الإصحاح الحادى والعشرون
أخبار أيام ثاني,21,98,"الإصحاح الحادى والعشرون
أخبار أيام ثاني,21,99,"الإصحاح الحادى والعشرون
أخبار أيام ثاني,22,1,"الإصحاح الثانى والعشرون
أخبار أيام ثاني,22,2,"الإصحاح الثانى والعشرون
أخبار أيام ثاني,22,3,"الإصحاح الثانى والعشرون
أخبار أيام ثاني,22,4,"الإصحاح الثانى والعشرون
أخبار أيام ثاني,22,5,"الإصحاح الثانى والعشرون
أخبار أيام ثاني,22,6,"الإصحاح الثانى والعشرون
أخبار أيام ثاني,22,7,"الإصحاح الثانى والعشرون
أخبار أيام ثاني,22,8,"الإصحاح الثانى والعشرون
أخبار أيام ثاني,22,9,"الإصحاح الثانى والعشرون
أخبار أيام ثاني,22,10,"الإصحاح الثانى والعشرون
أخبار أيام ثاني,22,11,"الإصحاح الثانى والعشرون
أخبار أيام ثاني,22,12,"الإصحاح الثانى والعشرون
أخبار أيام ثاني,22,13,"الإصحاح الثانى والعشرون
أخبار أيام ثاني,22,14,"الإصحاح الثانى والعشرون
أخبار أيام ثاني,22,15,"الإصحاح الثانى والعشرون
أخبار أيام ثاني,22,16,"الإصحاح الثانى والعشرون
أخبار أيام ثاني,22,17,"الإصحاح الثانى والعشرون
أخبار أيام ثاني,22,18,"الإصحاح الثانى والعشرون
أخبار أيام ثاني,22,19,"الإصحاح الثانى والعشرون
أخبار أيام ثاني,22,20,"الإصحاح الثانى والعشرون
أخبار أيام ثاني,22,21,"الإصحاح الثانى والعشرون
أخبار أيام ثاني,22,22,"الإصحاح الثانى والعشرون
أخبار أيام ثاني,22,23,"الإصحاح الثانى والعشرون
أخبار أيام ثاني,22,24,"الإصحاح الثانى والعشرون
أخبار أيام ثاني,22,25,"الإصحاح الثانى والعشرون
أخبار أيام ثاني,22,26,"الإصحاح الثانى والعشرون
أخبار أيام ثاني,22,27,"الإصحاح الثانى والعشرون
أخبار أيام ثاني,22,28,"الإصحاح الثانى والعشرون
أخبار أيام ثاني,22,29,"الإصحاح الثانى والعشرون
أخبار أيام ثاني,22,30,"الإصحاح الثانى والعشرون
أخبار أيام ثاني,22,31,"الإصحاح الثانى والعشرون
أخبار أيام ثاني,22,32,"الإصحاح الثانى والعشرون
أخبار أيام ثاني,22,33,"الإصحاح الثانى والعشرون
أخبار أيام ثاني,22,34,"الإصحاح الثانى والعشرون
أخبار أيام ثاني,22,35,"الإصحاح الثانى والعشرون
أخبار أيام ثاني,22,36,"الإصحاح الثانى والعشرون
أخبار أيام ثاني,22,37,"الإصحاح الثانى والعشرون
أخبار أيام ثاني,22,38,"الإصحاح الثانى والعشرون
أخبار أيام ثاني,22,39,"الإصحاح الثانى والعشرون
أخبار أيام ثاني,22,40,"الإصحاح الثانى والعشرون
أخبار أيام ثاني,22,41,"الإصحاح الثانى والعشرون
أخبار أيام ثاني,22,42,"الإصحاح الثانى والعشرون
أخبار أيام ثاني,22,43,"الإصحاح الثانى والعشرون
أخبار أيام ثاني,22,44,"الإصحاح الثانى والعشرون
أخبار أيام ثاني,22,45,"الإصحاح الثانى والعشرون
أخبار أيام ثاني,22,46,"الإصحاح الثانى والعشرون
أخبار أيام ثاني,22,47,"الإصحاح الثانى والعشرون
أخبار أيام ثاني,22,48,"الإصحاح الثانى والعشرون
أخبار أيام ثاني,22,49,"الإصحاح الثانى والعشرون
أخبار أيام ثاني,22,50,"الإصحاح الثانى والعشرون
أخبار أيام ثاني,22,51,"الإصحاح الثانى والعشرون
أخبار أيام ثاني,22,52,"الإصحاح الثانى والعشرون
أخبار أيام ثاني,22,53,"الإصحاح الثانى والعشرون
أخبار أيام ثاني,22,54,"الإصحاح الثانى والعشرون
أخبار أيام ثاني,22,55,"الإصحاح الثانى والعشرون
أخبار أيام ثاني,22,56,"الإصحاح الثانى والعشرون
أخبار أيام ثاني,22,57,"الإصحاح الثانى والعشرون
أخبار أيام ثاني,22,58,"الإصحاح الثانى والعشرون
أخبار أيام ثاني,22,59,"الإصحاح الثانى والعشرون
أخبار أيام ثاني,22,60,"الإصحاح الثانى والعشرون
أخبار أيام ثاني,22,61,"الإصحاح الثانى والعشرون
أخبار أيام ثاني,22,62,"الإصحاح الثانى والعشرون
أخبار أيام ثاني,22,63,"الإصحاح الثانى والعشرون
أخبار أيام ثاني,22,64,"الإصحاح الثانى والعشرون
أخبار أيام ثاني,22,65,"الإصحاح الثانى والعشرون
أخبار أيام ثاني,22,66,"الإصحاح الثانى والعشرون
أخبار أيام ثاني,22,67,"الإصحاح الثانى والعشرون
أخبار أيام ثاني,22,68,"الإصحاح الثانى والعشرون
أخبار أيام ثاني,22,69,"الإصحاح الثانى والعشرون
أخبار أيام ثاني,22,70,"الإصحاح الثانى والعشرون
أخبار أيام ثاني,22,71,"الإصحاح الثانى والعشرون
أخبار أيام ثاني,22,72,"الإصحاح الثانى والعشرون
أخبار أيام ثاني,22,73,"الإصحاح الثانى والعشرون
أخبار أيام ثاني,22,74,"الإصحاح الثانى والعشرون
أخبار أيام ثاني,22,75,"الإصحاح الثانى والعشرون
أخبار أيام ثاني,22,76,"الإصحاح الثانى والعشرون
أخبار أيام ثاني,22,77,"الإصحاح الثانى والعشرون
أخبار أيام ثاني,22,78,"الإصحاح الثانى والعشرون
أخبار أيام ثاني,22,79,"الإصحاح الثانى والعشرون
أخبار أيام ثاني,22,80,"الإصحاح الثانى والعشرون
أخبار أيام ثاني,22,81,"الإصحاح الثانى والعشرون
أخبار أيام ثاني,22,82,"الإصحاح الثانى والعشرون
أخبار أيام ثاني,22,83,"الإصحاح الثانى والعشرون
أخبار أيام ثاني,22,84,"الإصحاح الثانى والعشرون
أخبار أيام ثاني,22,85,"الإصحاح الثانى والعشرون
أخبار أيام ثاني,22,86,"الإصحاح الثانى والعشرون
أخبار أيام ثاني,22,87,"الإصحاح الثانى والعشرون
أخبار أيام ثاني,22,88,"الإصحاح الثانى والعشرون
أخبار أيام ثاني,22,89,"الإصحاح الثانى والعشرون
أخبار أيام ثاني,22,90,"الإصحاح الثانى والعشرون
أخبار أيام ثاني,22,91,"الإصحاح الثانى والعشرون
أخبار أيام ثاني,22,92,"الإصحاح الثانى والعشرون
أخبار أيام ثاني,22,93,"الإصحاح الثانى والعشرون
أخبار أيام ثاني,22,94,"الإصحاح الثانى والعشرون
أخبار أيام ثاني,22,95,"الإصحاح الثانى والعشرون
أخبار أيام ثاني,22,96,"الإصحاح الثانى والعشرون
أخبار أيام ثاني,22,97,"الإصحاح الثانى والعشرون
أخبار أيام ثاني,22,98,"الإصحاح الثانى والعشرون
أخبار أيام ثاني,22,99,"الإصحاح الثانى والعشرون
أخبار أيام ثاني,23,1,"الإصحاح الثالث والعشرون
أخبار أيام ثاني,23,2,"الإصحاح الثالث والعشرون
أخبار أيام ثاني,23,3,"الإصحاح الثالث والعشرون
أخبار أيام ثاني,23,4,"الإصحاح الثالث والعشرون
أخبار أيام ثاني,23,5,"الإصحاح الثالث والعشرون
أخبار أيام ثاني,23,6,"الإصحاح الثالث والعشرون
أخبار أيام ثاني,23,7,"الإصحاح الثالث والعشرون
أخبار أيام ثاني,23,8,"الإصحاح الثالث والعشرون
أخبار أيام ثاني,23,9,"الإصحاح الثالث والعشرون
أخبار أيام ثاني,23,10,"الإصحاح الثالث والعشرون
أخبار أيام ثاني,23,11,"الإصحاح الثالث والعشرون
أخبار أيام ثاني,23,12,"الإصحاح الثالث والعشرون
أخبار أيام ثاني,23,13,"الإصحاح الثالث والعشرون
أخبار أيام ثاني,23,14,"الإصحاح الثالث والعشرون
أخبار أيام ثاني,23,15,"الإصحاح الثالث والعشرون
أخبار أيام ثاني,23,16,"الإصحاح الثالث والعشرون
أخبار أيام ثاني,23,17,"الإصحاح الثالث والعشرون
أخبار أيام ثاني,23,18,"الإصحاح الثالث والعشرون
أخبار أيام ثاني,23,19,"الإصحاح الثالث والعشرون
أخبار أيام ثاني,23,20,"الإصحاح الثالث والعشرون
أخبار أيام ثاني,23,21,"الإصحاح الثالث والعشرون
أخبار أيام ثاني,23,22,"الإصحاح الثالث والعشرون
أخبار أيام ثاني,23,23,"الإصحاح الثالث والعشرون
أخبار أيام ثاني,23,24,"الإصحاح الثالث والعشرون
أخبار أيام ثاني,23,25,"الإصحاح الثالث والعشرون
أخبار أيام ثاني,23,26,"الإصحاح الثالث والعشرون
أخبار أيام ثاني,23,27,"الإصحاح الثالث والعشرون
أخبار أيام ثاني,23,28,"الإصحاح الثالث والعشرون
أخبار أيام ثاني,23,29,"الإصحاح الثالث والعشرون
أخبار أيام ثاني,23,30,"الإصحاح الثالث والعشرون
أخبار أيام ثاني,23,31,"الإصحاح الثالث والعشرون
أخبار أيام ثاني,23,32,"الإصحاح الثالث والعشرون
أخبار أيام ثاني,23,33,"الإصحاح الثالث والعشرون
أخبار أيام ثاني,23,34,"الإصحاح الثالث والعشرون
أخبار أيام ثاني,23,35,"الإصحاح الثالث والعشرون
أخبار أيام ثاني,23,36,"الإصحاح الثالث والعشرون
أخبار أيام ثاني,23,37,"الإصحاح الثالث والعشرون
أخبار أيام ثاني,23,38,"الإصحاح الثالث والعشرون
أخبار أيام ثاني,23,39,"الإصحاح الثالث والعشرون
أخبار أيام ثاني,23,40,"الإصحاح الثالث والعشرون
أخبار أيام ثاني,23,41,"الإصحاح الثالث والعشرون
أخبار أيام ثاني,23,42,"الإصحاح الثالث والعشرون
أخبار أيام ثاني,23,43,"الإصحاح الثالث والعشرون
أخبار أيام ثاني,23,44,"الإصحاح الثالث والعشرون
أخبار أيام ثاني,23,45,"الإصحاح الثالث والعشرون
أخبار أيام ثاني,23,46,"الإصحاح الثالث والعشرون
أخبار أيام ثاني,23,47,"الإصحاح الثالث والعشرون
أخبار أيام ثاني,23,48,"الإصحاح الثالث والعشرون
أخبار أيام ثاني,23,49,"الإصحاح الثالث والعشرون
أخبار أيام ثاني,23,50,"الإصحاح الثالث والعشرون
أخبار أيام ثاني,23,51,"الإصحاح الثالث والعشرون
أخبار أيام ثاني,23,52,"الإصحاح الثالث والعشرون
أخبار أيام ثاني,23,53,"الإصحاح الثالث والعشرون
أخبار أيام ثاني,23,54,"الإصحاح الثالث والعشرون
أخبار أيام ثاني,23,55,"الإصحاح الثالث والعشرون
أخبار أيام ثاني,23,56,"الإصحاح الثالث والعشرون
أخبار أيام ثاني,23,57,"الإصحاح الثالث والعشرون
أخبار أيام ثاني,23,58,"الإصحاح الثالث والعشرون
أخبار أيام ثاني,23,59,"الإصحاح الثالث والعشرون
أخبار أيام ثاني,23,60,"الإصحاح الثالث والعشرون
أخبار أيام ثاني,23,61,"الإصحاح الثالث والعشرون
أخبار أيام ثاني,23,62,"الإصحاح الثالث والعشرون
أخبار أيام ثاني,23,63,"الإصحاح الثالث والعشرون
أخبار أيام ثاني,23,64,"الإصحاح الثالث والعشرون
أخبار أيام ثاني,23,65,"الإصحاح الثالث والعشرون
أخبار أيام ثاني,23,66,"الإصحاح الثالث والعشرون
أخبار أيام ثاني,23,67,"الإصحاح الثالث والعشرون
أخبار أيام ثاني,23,68,"الإصحاح الثالث والعشرون
أخبار أيام ثاني,23,69,"الإصحاح الثالث والعشرون
أخبار أيام ثاني,23,70,"الإصحاح الثالث والعشرون
أخبار أيام ثاني,23,71,"الإصحاح الثالث والعشرون
أخبار أيام ثاني,23,72,"الإصحاح الثالث والعشرون
أخبار أيام ثاني,23,73,"الإصحاح الثالث والعشرون
أخبار أيام ثاني,23,74,"الإصحاح الثالث والعشرون
أخبار أيام ثاني,23,75,"الإصحاح الثالث والعشرون
أخبار أيام ثاني,23,76,"الإصحاح الثالث والعشرون
أخبار أيام ثاني,23,77,"الإصحاح الثالث والعشرون
أخبار أيام ثاني,23,78,"الإصحاح الثالث والعشرون
أخبار أيام ثاني,23,79,"الإصحاح الثالث والعشرون
أخبار أيام ثاني,23,80,"الإصحاح الثالث والعشرون
أخبار أيام ثاني,23,81,"الإصحاح الثالث والعشرون
أخبار أيام ثاني,23,82,"الإصحاح الثالث والعشرون
أخبار أيام ثاني,23,83,"الإصحاح الثالث والعشرون
أخبار أيام ثاني,23,84,"الإصحاح الثالث والعشرون
أخبار أيام ثاني,23,85,"الإصحاح الثالث والعشرون
أخبار أيام ثاني,23,86,"الإصحاح الثالث والعشرون
أخبار أيام ثاني,23,87,"الإصحاح الثالث والعشرون
أخبار أيام ثاني,23,88,"الإصحاح الثالث والعشرون
أخبار أيام ثاني,23,89,"الإصحاح الثالث والعشرون
أخبار أيام ثاني,23,90,"الإصحاح الثالث والعشرون
أخبار أيام ثاني,23,91,"الإصحاح الثالث والعشرون
أخبار أيام ثاني,23,92,"الإصحاح الثالث والعشرون
أخبار أيام ثاني,23,93,"الإصحاح الثالث والعشرون
أخبار أيام ثاني,23,94,"الإصحاح الثالث والعشرون
أخبار أيام ثاني,23,95,"الإصحاح الثالث والعشرون
أخبار أيام ثاني,23,96,"الإصحاح الثالث والعشرون
أخبار أيام ثاني,23,97,"الإصحاح الثالث والعشرون
أخبار أيام ثاني,23,98,"الإصحاح الثالث والعشرون
أخبار أيام ثاني,23,99,"الإصحاح الثالث والعشرون
أخبار أيام ثاني,24,1,"الإصحاح الرابع والعشرون
أخبار أيام ثاني,24,2,"الإصحاح الرابع والعشرون
أخبار أيام ثاني,24,3,"الإصحاح الرابع والعشرون
أخبار أيام ثاني,24,4,"الإصحاح الرابع والعشرون
أخبار أيام ثاني,24,5,"الإصحاح الرابع والعشرون
أخبار أيام ثاني,24,6,"الإصحاح الرابع والعشرون
أخبار أيام ثاني,24,7,"الإصحاح الرابع والعشرون
أخبار أيام ثاني,24,8,"الإصحاح الرابع والعشرون
أخبار أيام ثاني,24,9,"الإصحاح الرابع والعشرون
أخبار أيام ثاني,24,10,"الإصحاح الرابع والعشرون
أخبار أيام ثاني,24,11,"الإصحاح الرابع والعشرون
أخبار أيام ثاني,24,12,"الإصحاح الرابع والعشرون
أخبار أيام ثاني,24,13,"الإصحاح الرابع والعشرون
أخبار أيام ثاني,24,14,"الإصحاح الرابع والعشرون
أخبار أيام ثاني,24,15,"الإصحاح الرابع والعشرون
أخبار أيام ثاني,24,16,"الإصحاح الرابع والعشرون
أخبار أيام ثاني,24,17,"الإصحاح الرابع والعشرون
أخبار أيام ثاني,24,18,"الإصحاح الرابع والعشرون
أخبار أيام ثاني,24,19,"الإصحاح الرابع والعشرون
أخبار أيام ثاني,24,20,"الإصحاح الرابع والعشرون
أخبار أيام ثاني,24,21,"الإصحاح الرابع والعشرون
أخبار أيام ثاني,24,22,"الإصحاح الرابع والعشرون
أخبار أيام ثاني,24,23,"الإصحاح الرابع والعشرون
أخبار أيام ثاني,24,24,"الإصحاح الرابع والعشرون
أخبار أيام ثاني,24,25,"الإصحاح الرابع والعشرون
أخبار أيام ثاني,24,26,"الإصحاح الرابع والعشرون
أخبار أيام ثاني,24,27,"الإصحاح الرابع والعشرون
أخبار أيام ثاني,24,28,"الإصحاح الرابع والعشرون
أخبار أيام ثاني,24,29,"الإصحاح الرابع والعشرون
أخبار أيام ثاني,24,30,"الإصحاح الرابع والعشرون
أخبار أيام ثاني,24,31,"الإصحاح الرابع والعشرون
أخبار أيام ثاني,24,32,"الإصحاح الرابع والعشرون
أخبار أيام ثاني,24,33,"الإصحاح الرابع والعشرون
أخبار أيام ثاني,24,34,"الإصحاح الرابع والعشرون
أخبار أيام ثاني,24,35,"الإصحاح الرابع والعشرون
أخبار أيام ثاني,24,36,"الإصحاح الرابع والعشرون
أخبار أيام ثاني,24,37,"الإصحاح الرابع والعشرون
أخبار أيام ثاني,24,38,"الإصحاح الرابع والعشرون
أخبار أيام ثاني,24,39,"الإصحاح الرابع والعشرون
أخبار أيام ثاني,24,40,"الإصحاح الرابع والعشرون
أخبار أيام ثاني,24,41,"الإصحاح الرابع والعشرون
أخبار أيام ثاني,24,42,"الإصحاح الرابع والعشرون
أخبار أيام ثاني,24,43,"الإصحاح الرابع والعشرون
أخبار أيام ثاني,24,44,"الإصحاح الرابع والعشرون
أخبار أيام ثاني,24,45,"الإصحاح الرابع والعشرون
أخبار أيام ثاني,24,46,"الإصحاح الرابع والعشرون
أخبار أيام ثاني,24,47,"الإصحاح الرابع والعشرون
أخبار أيام ثاني,24,48,"الإصحاح الرابع والعشرون
أخبار أيام ثاني,24,49,"الإصحاح الرابع والعشرون
أخبار أيام ثاني,24,50,"الإصحاح الرابع والعشرون
أخبار أيام ثاني,24,51,"الإصحاح الرابع والعشرون
أخبار أيام ثاني,24,52,"الإصحاح الرابع والعشرون
أخبار أيام ثاني,24,53,"الإصحاح الرابع والعشرون
أخبار أيام ثاني,24,54,"الإصحاح الرابع والعشرون
أخبار أيام ثاني,24,55,"الإصحاح الرابع والعشرون
أخبار أيام ثاني,24,56,"الإصحاح الرابع والعشرون
أخبار أيام ثاني,24,57,"الإصحاح الرابع والعشرون
أخبار أيام ثاني,24,58,"الإصحاح الرابع والعشرون
أخبار أيام ثاني,24,59,"الإصحاح الرابع والعشرون
أخبار أيام ثاني,24,60,"الإصحاح الرابع والعشرون
أخبار أيام ثاني,24,61,"الإصحاح الرابع والعشرون
أخبار أيام ثاني,24,62,"الإصحاح الرابع والعشرون
أخبار أيام ثاني,24,63,"الإصحاح الرابع والعشرون
أخبار أيام ثاني,24,64,"الإصحاح الرابع والعشرون
أخبار أيام ثاني,24,65,"الإصحاح الرابع والعشرون
أخبار أيام ثاني,24,66,"الإصحاح الرابع والعشرون
أخبار أيام ثاني,24,67,"الإصحاح الرابع والعشرون
أخبار أيام ثاني,24,68,"الإصحاح الرابع والعشرون
أخبار أيام ثاني,24,69,"الإصحاح الرابع والعشرون
أخبار أيام ثاني,24,70,"الإصحاح الرابع والعشرون
أخبار أيام ثاني,24,71,"الإصحاح الرابع والعشرون
أخبار أيام ثاني,24,72,"الإصحاح الرابع والعشرون
أخبار أيام ثاني,24,73,"الإصحاح الرابع والعشرون
أخبار أيام ثاني,24,74,"الإصحاح الرابع والعشرون
أخبار أيام ثاني,24,75,"الإصحاح الرابع والعشرون
أخبار أيام ثاني,24,76,"الإصحاح الرابع والعشرون
أخبار أيام ثاني,24,77,"الإصحاح الرابع والعشرون
أخبار أيام ثاني,24,78,"الإصحاح الرابع والعشرون
أخبار أيام ثاني,24,79,"الإصحاح الرابع والعشرون
أخبار أيام ثاني,24,80,"الإصحاح الرابع والعشرون
أخبار أيام ثاني,24,81,"الإصحاح الرابع والعشرون
أخبار أيام ثاني,24,82,"الإصحاح الرابع والعشرون
أخبار أيام ثاني,24,83,"الإصحاح الرابع والعشرون
أخبار أيام ثاني,24,84,"الإصحاح الرابع والعشرون
أخبار أيام ثاني,24,85,"الإصحاح الرابع والعشرون
أخبار أيام ثاني,24,86,"الإصحاح الرابع والعشرون
أخبار أيام ثاني,24,87,"الإصحاح الرابع والعشرون
أخبار أيام ثاني,24,88,"الإصحاح الرابع والعشرون
أخبار أيام ثاني,24,89,"الإصحاح الرابع والعشرون
أخبار أيام ثاني,24,90,"الإصحاح الرابع والعشرون
أخبار أيام ثاني,24,91,"الإصحاح الرابع والعشرون
أخبار أيام ثاني,24,92,"الإصحاح الرابع والعشرون
أخبار أيام ثاني,24,93,"الإصحاح الرابع والعشرون
أخبار أيام ثاني,24,94,"الإصحاح الرابع والعشرون
أخبار أيام ثاني,24,95,"الإصحاح الرابع والعشرون
أخبار أيام ثاني,24,96,"الإصحاح الرابع والعشرون
أخبار أيام ثاني,24,97,"الإصحاح الرابع والعشرون
أخبار أيام ثاني,24,98,"الإصحاح الرابع والعشرون
أخبار أيام ثاني,24,99,"الإصحاح الرابع والعشرون
أخبار أيام ثاني,25,1,"الإصحاح الخامس والعشرون
أخبار أيام ثاني,25,2,"الإصحاح الخامس والعشرون
أخبار أيام ثاني,25,3,"الإصحاح الخامس والعشرون
أخبار أيام ثاني,25,4,"الإصحاح الخامس والعشرون
أخبار أيام ثاني,25,5,"الإصحاح الخامس والعشرون
أخبار أيام ثاني,25,6,"الإصحاح الخامس والعشرون
أخبار أيام ثاني,25,7,"الإصحاح الخامس والعشرون
أخبار أيام ثاني,25,8,"الإصحاح الخامس والعشرون
أخبار أيام ثاني,25,9,"الإصحاح الخامس والعشرون
أخبار أيام ثاني,25,10,"الإصحاح الخامس والعشرون
أخبار أيام ثاني,25,11,"الإصحاح الخامس والعشرون
أخبار أيام ثاني,25,12,"الإصحاح الخامس والعشرون
أخبار أيام ثاني,25,13,"الإصحاح الخامس والعشرون
أخبار أيام ثاني,25,14,"الإصحاح الخامس والعشرون
أخبار أيام ثاني,25,15,"الإصحاح الخامس والعشرون
أخبار أيام ثاني,25,16,"الإصحاح الخامس والعشرون
أخبار أيام ثاني,25,17,"الإصحاح الخامس والعشرون
أخبار أيام ثاني,25,18,"الإصحاح الخامس والعشرون
أخبار أيام ثاني,25,19,"الإصحاح الخامس والعشرون
أخبار أيام ثاني,25,20,"الإصحاح الخامس والعشرون
أخبار أيام ثاني,25,21,"الإصحاح الخامس والعشرون
أخبار أيام ثاني,25,22,"الإصحاح الخامس والعشرون
أخبار أيام ثاني,25,23,"الإصحاح الخامس والعشرون
أخبار أيام ثاني,25,24,"الإصحاح الخامس والعشرون
أخبار أيام ثاني,25,25,"الإصحاح الخامس والعشرون
أخبار أيام ثاني,25,26,"الإصحاح الخامس والعشرون
أخبار أيام ثاني,25,27,"الإصحاح الخامس والعشرون
أخبار أيام ثاني,25,28,"الإصحاح الخامس والعشرون
أخبار أيام ثاني,25,29,"الإصحاح الخامس والعشرون
أخبار أيام ثاني,25,30,"الإصحاح الخامس والعشرون
أخبار أيام ثاني,25,31,"الإصحاح الخامس والعشرون
أخبار أيام ثاني,25,32,"الإصحاح الخامس والعشرون
أخبار أيام ثاني,25,33,"الإصحاح الخامس والعشرون
أخبار أيام ثاني,25,34,"الإصحاح الخامس والعشرون
أخبار أيام ثاني,25,35,"الإصحاح الخامس والعشرون
أخبار أيام ثاني,25,36,"الإصحاح الخامس والعشرون
أخبار أيام ثاني,25,37,"الإصحاح الخامس والعشرون
أخبار أيام ثاني,25,38,"الإصحاح الخامس والعشرون
أخبار أيام ثاني,25,39,"الإصحاح الخامس والعشرون
أخبار أيام ثاني,25,40,"الإصحاح الخامس والعشرون
أخبار أيام ثاني,25,41,"الإصحاح الخامس والعشرون
أخبار أيام ثاني,25,42,"الإصحاح الخامس والعشرون
أخبار أيام ثاني,25,43,"الإصحاح الخامس والعشرون
أخبار أيام ثاني,25,44,"الإصحاح الخامس والعشرون
أخبار أيام ثاني,25,45,"الإصحاح الخامس والعشرون
أخبار أيام ثاني,25,46,"الإصحاح الخامس والعشرون
أخبار أيام ثاني,25,47,"الإصحاح الخامس والعشرون
أخبار أيام ثاني,25,48,"الإصحاح الخامس والعشرون
أخبار أيام ثاني,25,49,"الإصحاح الخامس والعشرون
أخبار أيام ثاني,25,50,"الإصحاح الخامس والعشرون
أخبار أيام ثاني,25,51,"الإصحاح الخامس والعشرون
أخبار أيام ثاني,25,52,"الإصحاح الخامس والعشرون
أخبار أيام ثاني,25,53,"الإصحاح الخامس والعشرون
أخبار أيام ثاني,25,54,"الإصحاح الخامس والعشرون
أخبار أيام ثاني,25,55,"الإصحاح الخامس والعشرون
أخبار أيام ثاني,25,56,"الإصحاح الخامس والعشرون
أخبار أيام ثاني,25,57,"الإصحاح الخامس والعشرون
أخبار أيام ثاني,25,58,"الإصحاح الخامس والعشرون
أخبار أيام ثاني,25,59,"الإصحاح الخامس والعشرون
أخبار أيام ثاني,25,60,"الإصحاح الخامس والعشرون
أخبار أيام ثاني,25,61,"الإصحاح الخامس والعشرون
أخبار أيام ثاني,25,62,"الإصحاح الخامس والعشرون
أخبار أيام ثاني,25,63,"الإصحاح الخامس والعشرون
أخبار أيام ثاني,25,64,"الإصحاح الخامس والعشرون
أخبار أيام ثاني,25,65,"الإصحاح الخامس والعشرون
أخبار أيام ثاني,25,66,"الإصحاح الخامس والعشرون
أخبار أيام ثاني,25,67,"الإصحاح الخامس والعشرون
أخبار أيام ثاني,25,68,"الإصحاح الخامس والعشرون
أخبار أيام ثاني,25,69,"الإصحاح الخامس والعشرون
أخبار أيام ثاني,25,70,"الإصحاح الخامس والعشرون
أخبار أيام ثاني,25,71,"الإصحاح الخامس والعشرون
أخبار أيام ثاني,25,72,"الإصحاح الخامس والعشرون
أخبار أيام ثاني,25,73,"الإصحاح الخامس والعشرون
أخبار أيام ثاني,25,74,"الإصحاح الخامس والعشرون
أخبار أيام ثاني,25,75,"الإصحاح الخامس والعشرون
أخبار أيام ثاني,25,76,"الإصحاح الخامس والعشرون
أخبار أيام ثاني,25,77,"الإصحاح الخامس والعشرون
أخبار أيام ثاني,25,78,"الإصحاح الخامس والعشرون
أخبار أيام ثاني,25,79,"الإصحاح الخامس والعشرون
أخبار أيام ثاني,25,80,"الإصحاح الخامس والعشرون
أخبار أيام ثاني,25,81,"الإصحاح الخامس والعشرون
أخبار أيام ثاني,25,82,"الإصحاح الخامس والعشرون
أخبار أيام ثاني,25,83,"الإصحاح الخامس والعشرون
أخبار أيام ثاني,25,84,"الإصحاح الخامس والعشرون
أخبار أيام ثاني,25,85,"الإصحاح الخامس والعشرون
أخبار أيام ثاني,25,86,"الإصحاح الخامس والعشرون
أخبار أيام ثاني,25,87,"الإصحاح الخامس والعشرون
أخبار أيام ثاني,25,88,"الإصحاح الخامس والعشرون
أخبار أيام ثاني,25,89,"الإصحاح الخامس والعشرون
أخبار أيام ثاني,25,90,"الإصحاح الخامس والعشرون
أخبار أيام ثاني,25,91,"الإصحاح الخامس والعشرون
أخبار أيام ثاني,25,92,"الإصحاح الخامس والعشرون
أخبار أيام ثاني,25,93,"الإصحاح الخامس والعشرون
أخبار أيام ثاني,25,94,"الإصحاح الخامس والعشرون
أخبار أيام ثاني,25,95,"الإصحاح الخامس والعشرون
أخبار أيام ثاني,25,96,"الإصحاح الخامس والعشرون
أخبار أيام ثاني,25,97,"الإصحاح الخامس والعشرون
أخبار أيام ثاني,25,98,"الإصحاح الخامس والعشرون
أخبار أيام ثاني,25,99,"الإصحاح الخامس والعشرون
أخبار أيام ثاني,26,1,"الإصحاح السادس والعشرون
أخبار أيام ثاني,26,2,"الإصحاح السادس والعشرون
أخبار أيام ثاني,26,3,"الإصحاح السادس والعشرون
أخبار أيام ثاني,26,4,"الإصحاح السادس والعشرون
أخبار أيام ثاني,26,5,"الإصحاح السادس والعشرون
أخبار أيام ثاني,26,6,"الإصحاح السادس والعشرون
أخبار أيام ثاني,26,7,"الإصحاح السادس والعشرون
أخبار أيام ثاني,26,8,"الإصحاح السادس والعشرون
أخبار أيام ثاني,26,9,"الإصحاح السادس والعشرون
أخبار أيام ثاني,26,10,"الإصحاح السادس والعشرون
أخبار أيام ثاني,26,11,"الإصحاح السادس والعشرون
أخبار أيام ثاني,26,12,"الإصحاح السادس والعشرون
أخبار أيام ثاني,26,13,"الإصحاح السادس والعشرون
أخبار أيام ثاني,26,14,"الإصحاح السادس والعشرون
أخبار أيام ثاني,26,15,"الإصحاح السادس والعشرون
أخبار أيام ثاني,26,16,"الإصحاح السادس والعشرون
أخبار أيام ثاني,26,17,"الإصحاح السادس والعشرون
أخبار أيام ثاني,26,18,"الإصحاح السادس والعشرون
أخبار أيام ثاني,26,19,"الإصحاح السادس والعشرون
أخبار أيام ثاني,26,20,"الإصحاح السادس والعشرون
أخبار أيام ثاني,26,21,"الإصحاح السادس والعشرون
أخبار أيام ثاني,26,22,"الإصحاح السادس والعشرون
أخبار أيام ثاني,26,23,"الإصحاح السادس والعشرون
أخبار أيام ثاني,26,24,"الإصحاح السادس والعشرون
أخبار أيام ثاني,26,25,"الإصحاح السادس والعشرون
أخبار أيام ثاني,26,26,"الإصحاح السادس والعشرون
أخبار أيام ثاني,26,27,"الإصحاح السادس والعشرون
أخبار أيام ثاني,26,28,"الإصحاح السادس والعشرون
أخبار أيام ثاني,26,29,"الإصحاح السادس والعشرون
أخبار أيام ثاني,26,30,"الإصحاح السادس والعشرون
أخبار أيام ثاني,26,31,"الإصحاح السادس والعشرون
أخبار أيام ثاني,26,32,"الإصحاح السادس والعشرون
أخبار أيام ثاني,26,33,"الإصحاح السادس والعشرون
أخبار أيام ثاني,26,34,"الإصحاح السادس والعشرون
أخبار أيام ثاني,26,35,"الإصحاح السادس والعشرون
أخبار أيام ثاني,26,36,"الإصحاح السادس والعشرون
أخبار أيام ثاني,26,37,"الإصحاح السادس والعشرون
أخبار أيام ثاني,26,38,"الإصحاح السادس والعشرون
أخبار أيام ثاني,26,39,"الإصحاح السادس والعشرون
أخبار أيام ثاني,26,40,"الإصحاح السادس والعشرون
أخبار أيام ثاني,26,41,"الإصحاح السادس والعشرون
أخبار أيام ثاني,26,42,"الإصحاح السادس والعشرون
أخبار أيام ثاني,26,43,"الإصحاح السادس والعشرون
أخبار أيام ثاني,26,44,"الإصحاح السادس والعشرون
أخبار أيام ثاني,26,45,"الإصحاح السادس والعشرون
أخبار أيام ثاني,26,46,"الإصحاح السادس والعشرون
أخبار أيام ثاني,26,47,"الإصحاح السادس والعشرون
أخبار أيام ثاني,26,48,"الإصحاح السادس والعشرون
أخبار أيام ثاني,26,49,"الإصحاح السادس والعشرون
أخبار أيام ثاني,26,50,"الإصحاح السادس والعشرون
أخبار أيام ثاني,26,51,"الإصحاح السادس والعشرون
أخبار أيام ثاني,26,52,"الإصحاح السادس والعشرون
أخبار أيام ثاني,26,53,"الإصحاح السادس والعشرون
أخبار أيام ثاني,26,54,"الإصحاح السادس والعشرون
أخبار أيام ثاني,26,55,"الإصحاح السادس والعشرون
أخبار أيام ثاني,26,56,"الإصحاح السادس والعشرون
أخبار أيام ثاني,26,57,"الإصحاح السادس والعشرون
أخبار أيام ثاني,26,58,"الإصحاح السادس والعشرون
أخبار أيام ثاني,26,59,"الإصحاح السادس والعشرون
أخبار أيام ثاني,26,60,"الإصحاح السادس والعشرون
أخبار أيام ثاني,26,61,"الإصحاح السادس والعشرون
أخبار أيام ثاني,26,62,"الإصحاح السادس والعشرون
أخبار أيام ثاني,26,63,"الإصحاح السادس والعشرون
أخبار أيام ثاني,26,64,"الإصحاح السادس والعشرون
أخبار أيام ثاني,26,65,"الإصحاح السادس والعشرون
أخبار أيام ثاني,26,66,"الإصحاح السادس والعشرون
أخبار أيام ثاني,26,67,"الإصحاح السادس والعشرون
أخبار أيام ثاني,26,68,"الإصحاح السادس والعشرون
أخبار أيام ثاني,26,69,"الإصحاح السادس والعشرون
أخبار أيام ثاني,26,70,"الإصحاح السادس والعشرون
أخبار أيام ثاني,26,71,"الإصحاح السادس والعشرون
أخبار أيام ثاني,26,72,"الإصحاح السادس والعشرون
أخبار أيام ثاني,26,73,"الإصحاح السادس والعشرون
أخبار أيام ثاني,26,74,"الإصحاح السادس والعشرون
أخبار أيام ثاني,26,75,"الإصحاح السادس والعشرون
أخبار أيام ثاني,26,76,"الإصحاح السادس والعشرون
أخبار أيام ثاني,26,77,"الإصحاح السادس والعشرون
أخبار أيام ثاني,26,78,"الإصحاح السادس والعشرون
أخبار أيام ثاني,26,79,"الإصحاح السادس والعشرون
أخبار أيام ثاني,26,80,"الإصحاح السادس والعشرون
أخبار أيام ثاني,26,81,"الإصحاح السادس والعشرون
أخبار أيام ثاني,26,82,"الإصحاح السادس والعشرون
أخبار أيام ثاني,26,83,"الإصحاح السادس والعشرون
أخبار أيام ثاني,26,84,"الإصحاح السادس والعشرون
أخبار أيام ثاني,26,85,"الإصحاح السادس والعشرون
أخبار أيام ثاني,26,86,"الإصحاح السادس والعشرون
أخبار أيام ثاني,26,87,"الإصحاح السادس والعشرون
أخبار أيام ثاني,26,88,"الإصحاح السادس والعشرون
أخبار أيام ثاني,26,89,"الإصحاح السادس والعشرون
أخبار أيام ثاني,26,90,"الإصحاح السادس والعشرون
أخبار أيام ثاني,26,91,"الإصحاح السادس والعشرون
أخبار أيام ثاني,26,92,"الإصحاح السادس والعشرون
أخبار أيام ثاني,26,93,"الإصحاح السادس والعشرون
أخبار أيام ثاني,26,94,"الإصحاح السادس والعشرون
أخبار أيام ثاني,26,95,"الإصحاح السادس والعشرون
أخبار أيام ثاني,26,96,"الإصحاح السادس والعشرون
أخبار أيام ثاني,26,97,"الإصحاح السادس والعشرون
أخبار أيام ثاني,26,98,"الإصحاح السادس والعشرون
أخبار أيام ثاني,26,99,"الإصحاح السادس والعشرون
أخبار أيام ثاني,27,1,"الإصحاح السابع والعشرون
أخبار أيام ثاني,27,2,"الإصحاح السابع والعشرون
أخبار أيام ثاني,27,3,"الإصحاح السابع والعشرون
أخبار أيام ثاني,27,4,"الإصحاح السابع والعشرون
أخبار أيام ثاني,27,5,"الإصحاح السابع والعشرون
أخبار أيام ثاني,27,6,"الإصحاح السابع والعشرون
أخبار أيام ثاني,27,7,"الإصحاح السابع والعشرون
أخبار أيام ثاني,27,8,"الإصحاح السابع والعشرون
أخبار أيام ثاني,27,9,"الإصحاح السابع والعشرون
أخبار أيام ثاني,27,10,"الإصحاح السابع والعشرون
أخبار أيام ثاني,27,11,"الإصحاح السابع والعشرون
أخبار أيام ثاني,27,12,"الإصحاح السابع والعشرون
أخبار أيام ثاني,27,13,"الإصحاح السابع والعشرون
أخبار أيام ثاني,27,14,"الإصحاح السابع والعشرون
أخبار أيام ثاني,27,15,"الإصحاح السابع والعشرون
أخبار أيام ثاني,27,16,"الإصحاح السابع والعشرون
أخبار أيام ثاني,27,17,"الإصحاح السابع والعشرون
أخبار أيام ثاني,27,18,"الإصحاح السابع والعشرون
أخبار أيام ثاني,27,19,"الإصحاح السابع والعشرون
أخبار أيام ثاني,27,20,"الإصحاح السابع والعشرون
أخبار أيام ثاني,27,21,"الإصحاح السابع والعشرون
أخبار أيام ثاني,27,22,"الإصحاح السابع والعشرون
أخبار أيام ثاني,27,23,"الإصحاح السابع والعشرون
أخبار أيام ثاني,27,24,"الإصحاح السابع والعشرون
أخبار أيام ثاني,27,25,"الإصحاح السابع والعشرون
أخبار أيام ثاني,27,26,"الإصحاح السابع والعشرون
أخبار أيام ثاني,27,27,"الإصحاح السابع والعشرون
أخبار أيام ثاني,27,28,"الإصحاح السابع والعشرون
أخبار أيام ثاني,27,29,"الإصحاح السابع والعشرون
أخبار أيام ثاني,27,30,"الإصحاح السابع والعشرون
أخبار أيام ثاني,27,31,"الإصحاح السابع والعشرون
أخبار أيام ثاني,27,32,"الإصحاح السابع والعشرون
أخبار أيام ثاني,27,33,"الإصحاح السابع والعشرون
أخبار أيام ثاني,27,34,"الإصحاح السابع والعشرون
أخبار أيام ثاني,27,35,"الإصحاح السابع والعشرون
أخبار أيام ثاني,27,36,"الإصحاح السابع والعشرون
أخبار أيام ثاني,27,37,"الإصحاح السابع والعشرون
أخبار أيام ثاني,27,38,"الإصحاح السابع والعشرون
أخبار أيام ثاني,27,39,"الإصحاح السابع والعشرون
أخبار أيام ثاني,27,40,"الإصحاح السابع والعشرون
أخبار أيام ثاني,27,41,"الإصحاح السابع والعشرون
أخبار أيام ثاني,27,42,"الإصحاح السابع والعشرون
أخبار أيام ثاني,27,43,"الإصحاح السابع والعشرون
أخبار أيام ثاني,27,44,"الإصحاح السابع والعشرون
أخبار أيام ثاني,27,45,"الإصحاح السابع والعشرون
أخبار أيام ثاني,27,46,"الإصحاح السابع والعشرون
أخبار أيام ثاني,27,47,"الإصحاح السابع والعشرون
أخبار أيام ثاني,27,48,"الإصحاح السابع والعشرون
أخبار أيام ثاني,27,49,"الإصحاح السابع والعشرون
أخبار أيام ثاني,27,50,"الإصحاح السابع والعشرون
أخبار أيام ثاني,27,51,"الإصحاح السابع والعشرون
أخبار أيام ثاني,27,52,"الإصحاح السابع والعشرون
أخبار أيام ثاني,27,53,"الإصحاح السابع والعشرون
أخبار أيام ثاني,27,54,"الإصحاح السابع والعشرون
أخبار أيام ثاني,27,55,"الإصحاح السابع والعشرون
أخبار أيام ثاني,27,56,"الإصحاح السابع والعشرون
أخبار أيام ثاني,27,57,"الإصحاح السابع والعشرون
أخبار أيام ثاني,27,58,"الإصحاح السابع والعشرون
أخبار أيام ثاني,27,59,"الإصحاح السابع والعشرون
أخبار أيام ثاني,27,60,"الإصحاح السابع والعشرون
أخبار أيام ثاني,27,61,"الإصحاح السابع والعشرون
أخبار أيام ثاني,27,62,"الإصحاح السابع والعشرون
أخبار أيام ثاني,27,63,"الإصحاح السابع والعشرون
أخبار أيام ثاني,27,64,"الإصحاح السابع والعشرون
أخبار أيام ثاني,27,65,"الإصحاح السابع والعشرون
أخبار أيام ثاني,27,66,"الإصحاح السابع والعشرون
أخبار أيام ثاني,27,67,"الإصحاح السابع والعشرون
أخبار أيام ثاني,27,68,"الإصحاح السابع والعشرون
أخبار أيام ثاني,27,69,"الإصحاح السابع والعشرون
أخبار أيام ثاني,27,70,"الإصحاح السابع والعشرون
أخبار أيام ثاني,27,71,"الإصحاح السابع والعشرون
أخبار أيام ثاني,27,72,"الإصحاح السابع والعشرون
أخبار أيام ثاني,27,73,"الإصحاح السابع والعشرون
أخبار أيام ثاني,27,74,"الإصحاح السابع والعشرون
أخبار أيام ثاني,27,75,"الإصحاح السابع والعشرون
أخبار أيام ثاني,27,76,"الإصحاح السابع والعشرون
أخبار أيام ثاني,27,77,"الإصحاح السابع والعشرون
أخبار أيام ثاني,27,78,"الإصحاح السابع والعشرون
أخبار أيام ثاني,27,79,"الإصحاح السابع والعشرون
أخبار أيام ثاني,27,80,"الإصحاح السابع والعشرون
أخبار أيام ثاني,27,81,"الإصحاح السابع والعشرون
أخبار أيام ثاني,27,82,"الإصحاح السابع والعشرون
أخبار أيام ثاني,27,83,"الإصحاح السابع والعشرون
أخبار أيام ثاني,27,84,"الإصحاح السابع والعشرون
أخبار أيام ثاني,27,85,"الإصحاح السابع والعشرون
أخبار أيام ثاني,27,86,"الإصحاح السابع والعشرون
أخبار أيام ثاني,27,87,"الإصحاح السابع والعشرون
أخبار أيام ثاني,27,88,"الإصحاح السابع والعشرون
أخبار أيام ثاني,27,89,"الإصحاح السابع والعشرون
أخبار أيام ثاني,27,90,"الإصحاح السابع والعشرون
أخبار أيام ثاني,27,91,"الإصحاح السابع والعشرون
أخبار أيام ثاني,27,92,"الإصحاح السابع والعشرون
أخبار أيام ثاني,27,93,"الإصحاح السابع والعشرون
أخبار أيام ثاني,27,94,"الإصحاح السابع والعشرون
أخبار أيام ثاني,27,95,"الإصحاح السابع والعشرون
أخبار أيام ثاني,27,96,"الإصحاح السابع والعشرون
أخبار أيام ثاني,27,97,"الإصحاح السابع والعشرون
أخبار أيام ثاني,27,98,"الإصحاح السابع والعشرون
أخبار أيام ثاني,27,99,"الإصحاح السابع والعشرون
أخبار أيام ثاني,28,1,"الإصحاح الثامن والعشرون
أخبار أيام ثاني,28,2,"الإصحاح الثامن والعشرون
أخبار أيام ثاني,28,3,"الإصحاح الثامن والعشرون
أخبار أيام ثاني,28,4,"الإصحاح الثامن والعشرون
أخبار أيام ثاني,28,5,"الإصحاح الثامن والعشرون
أخبار أيام ثاني,28,6,"الإصحاح الثامن والعشرون
أخبار أيام ثاني,28,7,"الإصحاح الثامن والعشرون
أخبار أيام ثاني,28,8,"الإصحاح الثامن والعشرون
أخبار أيام ثاني,28,9,"الإصحاح الثامن والعشرون
أخبار أيام ثاني,28,10,"الإصحاح الثامن والعشرون
أخبار أيام ثاني,28,11,"الإصحاح الثامن والعشرون
أخبار أيام ثاني,28,12,"الإصحاح الثامن والعشرون
أخبار أيام ثاني,28,13,"الإصحاح الثامن والعشرون
أخبار أيام ثاني,28,14,"الإصحاح الثامن والعشرون
أخبار أيام ثاني,28,15,"الإصحاح الثامن والعشرون
أخبار أيام ثاني,28,16,"الإصحاح الثامن والعشرون
أخبار أيام ثاني,28,17,"الإصحاح الثامن والعشرون
أخبار أيام ثاني,28,18,"الإصحاح الثامن والعشرون
أخبار أيام ثاني,28,19,"الإصحاح الثامن والعشرون
أخبار أيام ثاني,28,20,"الإصحاح الثامن والعشرون
أخبار أيام ثاني,28,21,"الإصحاح الثامن والعشرون
أخبار أيام ثاني,28,22,"الإصحاح الثامن والعشرون
أخبار أيام ثاني,28,23,"الإصحاح الثامن والعشرون
أخبار أيام ثاني,28,24,"الإصحاح الثامن والعشرون
أخبار أيام ثاني,28,25,"الإصحاح الثامن والعشرون
أخبار أيام ثاني,28,26,"الإصحاح الثامن والعشرون
أخبار أيام ثاني,28,27,"الإصحاح الثامن والعشرون
أخبار أيام ثاني,28,28,"الإصحاح الثامن والعشرون
أخبار أيام ثاني,28,29,"الإصحاح الثامن والعشرون
أخبار أيام ثاني,28,30,"الإصحاح الثامن والعشرون
أخبار أيام ثاني,28,31,"الإصحاح الثامن والعشرون
أخبار أيام ثاني,28,32,"الإصحاح الثامن والعشرون
أخبار أيام ثاني,28,33,"الإصحاح الثامن والعشرون
أخبار أيام ثاني,28,34,"الإصحاح الثامن والعشرون
أخبار أيام ثاني,28,35,"الإصحاح الثامن والعشرون
أخبار أيام ثاني,28,36,"الإصحاح الثامن والعشرون
أخبار أيام ثاني,28,37,"الإصحاح الثامن والعشرون
أخبار أيام ثاني,28,38,"الإصحاح الثامن والعشرون
أخبار أيام ثاني,28,39,"الإصحاح الثامن والعشرون
أخبار أيام ثاني,28,40,"الإصحاح الثامن والعشرون
أخبار أيام ثاني,28,41,"الإصحاح الثامن والعشرون
أخبار أيام ثاني,28,42,"الإصحاح الثامن والعشرون
أخبار أيام ثاني,28,43,"الإصحاح الثامن والعشرون
أخبار أيام ثاني,28,44,"الإصحاح الثامن والعشرون
أخبار أيام ثاني,28,45,"الإصحاح الثامن والعشرون
أخبار أيام ثاني,28,46,"الإصحاح الثامن والعشرون
أخبار أيام ثاني,28,47,"الإصحاح الثامن والعشرون
أخبار أيام ثاني,28,48,"الإصحاح الثامن والعشرون
أخبار أيام ثاني,28,49,"الإصحاح الثامن والعشرون
أخبار أيام ثاني,28,50,"الإصحاح الثامن والعشرون
أخبار أيام ثاني,28,51,"الإصحاح الثامن والعشرون
أخبار أيام ثاني,28,52,"الإصحاح الثامن والعشرون
أخبار أيام ثاني,28,53,"الإصحاح الثامن والعشرون
أخبار أيام ثاني,28,54,"الإصحاح الثامن والعشرون
أخبار أيام ثاني,28,55,"الإصحاح الثامن والعشرون
أخبار أيام ثاني,28,56,"الإصحاح الثامن والعشرون
أخبار أيام ثاني,28,57,"الإصحاح الثامن والعشرون
أخبار أيام ثاني,28,58,"الإصحاح الثامن والعشرون
أخبار أيام ثاني,28,59,"الإصحاح الثامن والعشرون
أخبار أيام ثاني,28,60,"الإصحاح الثامن والعشرون
أخبار أيام ثاني,28,61,"الإصحاح الثامن والعشرون
أخبار أيام ثاني,28,62,"الإصحاح الثامن والعشرون
أخبار أيام ثاني,28,63,"الإصحاح الثامن والعشرون
أخبار أيام ثاني,28,64,"الإصحاح الثامن والعشرون
أخبار أيام ثاني,28,65,"الإصحاح الثامن والعشرون
أخبار أيام ثاني,28,66,"الإصحاح الثامن والعشرون
أخبار أيام ثاني,28,67,"الإصحاح الثامن والعشرون
أخبار أيام ثاني,28,68,"الإصحاح الثامن والعشرون
أخبار أيام ثاني,28,69,"الإصحاح الثامن والعشرون
أخبار أيام ثاني,28,70,"الإصحاح الثامن والعشرون
أخبار أيام ثاني,28,71,"الإصحاح الثامن والعشرون
أخبار أيام ثاني,28,72,"الإصحاح الثامن والعشرون
أخبار أيام ثاني,28,73,"الإصحاح الثامن والعشرون
أخبار أيام ثاني,28,74,"الإصحاح الثامن والعشرون
أخبار أيام ثاني,28,75,"الإصحاح الثامن والعشرون
أخبار أيام ثاني,28,76,"الإصحاح الثامن والعشرون
أخبار أيام ثاني,28,77,"الإصحاح الثامن والعشرون
أخبار أيام ثاني,28,78,"الإصحاح الثامن والعشرون
أخبار أيام ثاني,28,79,"الإصحاح الثامن والعشرون
أخبار أيام ثاني,28,80,"الإصحاح الثامن والعشرون
أخبار أيام ثاني,28,81,"الإصحاح الثامن والعشرون
أخبار أيام ثاني,28,82,"الإصحاح الثامن والعشرون
أخبار أيام ثاني,28,83,"الإصحاح الثامن والعشرون
أخبار أيام ثاني,28,84,"الإصحاح الثامن والعشرون
أخبار أيام ثاني,28,85,"الإصحاح الثامن والعشرون
أخبار أيام ثاني,28,86,"الإصحاح الثامن والعشرون
أخبار أيام ثاني,28,87,"الإصحاح الثامن والعشرون
أخبار أيام ثاني,28,88,"الإصحاح الثامن والعشرون
أخبار أيام ثاني,28,89,"الإصحاح الثامن والعشرون
أخبار أيام ثاني,28,90,"الإصحاح الثامن والعشرون
أخبار أيام ثاني,28,91,"الإصحاح الثامن والعشرون
أخبار أيام ثاني,28,92,"الإصحاح الثامن والعشرون
أخبار أيام ثاني,28,93,"الإصحاح الثامن والعشرون
أخبار أيام ثاني,28,94,"الإصحاح الثامن والعشرون
أخبار أيام ثاني,28,95,"الإصحاح الثامن والعشرون
أخبار أيام ثاني,28,96,"الإصحاح الثامن والعشرون
أخبار أيام ثاني,28,97,"الإصحاح الثامن والعشرون
أخبار أيام ثاني,28,98,"الإصحاح الثامن والعشرون
أخبار أيام ثاني,28,99,"الإصحاح الثامن والعشرون
أخبار أيام ثاني,29,1,"الإصحاح التاسع والعشرون
أخبار أيام ثاني,29,2,"الإصحاح التاسع والعشرون
أخبار أيام ثاني,29,3,"الإصحاح التاسع والعشرون
أخبار أيام ثاني,29,4,"الإصحاح التاسع والعشرون
أخبار أيام ثاني,29,5,"الإصحاح التاسع والعشرون
أخبار أيام ثاني,29,6,"الإصحاح التاسع والعشرون
أخبار أيام ثاني,29,7,"الإصحاح التاسع والعشرون
أخبار أيام ثاني,29,8,"الإصحاح التاسع والعشرون
أخبار أيام ثاني,29,9,"الإصحاح التاسع والعشرون
أخبار أيام ثاني,29,10,"الإصحاح التاسع والعشرون
أخبار أيام ثاني,29,11,"الإصحاح التاسع والعشرون
أخبار أيام ثاني,29,12,"الإصحاح التاسع والعشرون
أخبار أيام ثاني,29,13,"الإصحاح التاسع والعشرون
أخبار أيام ثاني,29,14,"الإصحاح التاسع والعشرون
أخبار أيام ثاني,29,15,"الإصحاح التاسع والعشرون
أخبار أيام ثاني,29,16,"الإصحاح التاسع والعشرون
أخبار أيام ثاني,29,17,"الإصحاح التاسع والعشرون
أخبار أيام ثاني,29,18,"الإصحاح التاسع والعشرون
أخبار أيام ثاني,29,19,"الإصحاح التاسع والعشرون
أخبار أيام ثاني,29,20,"الإصحاح التاسع والعشرون
أخبار أيام ثاني,29,21,"الإصحاح التاسع والعشرون
أخبار أيام ثاني,29,22,"الإصحاح التاسع والعشرون
أخبار أيام ثاني,29,23,"الإصحاح التاسع والعشرون
أخبار أيام ثاني,29,24,"الإصحاح التاسع والعشرون
أخبار أيام ثاني,29,25,"الإصحاح التاسع والعشرون
أخبار أيام ثاني,29,26,"الإصحاح التاسع والعشرون
أخبار أيام ثاني,29,27,"الإصحاح التاسع والعشرون
أخبار أيام ثاني,29,28,"الإصحاح التاسع والعشرون
أخبار أيام ثاني,29,29,"الإصحاح التاسع والعشرون
أخبار أيام ثاني,29,30,"الإصحاح التاسع والعشرون
أخبار أيام ثاني,29,31,"الإصحاح التاسع والعشرون
أخبار أيام ثاني,29,32,"الإصحاح التاسع والعشرون
أخبار أيام ثاني,29,33,"الإصحاح التاسع والعشرون
أخبار أيام ثاني,29,34,"الإصحاح التاسع والعشرون
أخبار أيام ثاني,29,35,"الإصحاح التاسع والعشرون
أخبار أيام ثاني,29,36,"الإصحاح التاسع والعشرون
أخبار أيام ثاني,29,37,"الإصحاح التاسع والعشرون
أخبار أيام ثاني,29,38,"الإصحاح التاسع والعشرون
أخبار أيام ثاني,29,39,"الإصحاح التاسع والعشرون
أخبار أيام ثاني,29,40,"الإصحاح التاسع والعشرون
أخبار أيام ثاني,29,41,"الإصحاح التاسع والعشرون
أخبار أيام ثاني,29,42,"الإصحاح التاسع والعشرون
أخبار أيام ثاني,29,43,"الإصحاح التاسع والعشرون
أخبار أيام ثاني,29,44,"الإصحاح التاسع والعشرون
أخبار أيام ثاني,29,45,"الإصحاح التاسع والعشرون
أخبار أيام ثاني,29,46,"الإصحاح التاسع والعشرون
أخبار أيام ثاني,29,47,"الإصحاح التاسع والعشرون
أخبار أيام ثاني,29,48,"الإصحاح التاسع والعشرون
أخبار أيام ثاني,29,49,"الإصحاح التاسع والعشرون
أخبار أيام ثاني,29,50,"الإصحاح التاسع والعشرون
أخبار أيام ثاني,29,51,"الإصحاح التاسع والعشرون
أخبار أيام ثاني,29,52,"الإصحاح التاسع والعشرون
أخبار أيام ثاني,29,53,"الإصحاح التاسع والعشرون
أخبار أيام ثاني,29,54,"الإصحاح التاسع والعشرون
أخبار أيام ثاني,29,55,"الإصحاح التاسع والعشرون
أخبار أيام ثاني,29,56,"الإصحاح التاسع والعشرون
أخبار أيام ثاني,29,57,"الإصحاح التاسع والعشرون
أخبار أيام ثاني,29,58,"الإصحاح التاسع والعشرون
أخبار أيام ثاني,29,59,"الإصحاح التاسع والعشرون
أخبار أيام ثاني,29,60,"الإصحاح التاسع والعشرون
أخبار أيام ثاني,29,61,"الإصحاح التاسع والعشرون
أخبار أيام ثاني,29,62,"الإصحاح التاسع والعشرون
أخبار أيام ثاني,29,63,"الإصحاح التاسع والعشرون
أخبار أيام ثاني,29,64,"الإصحاح التاسع والعشرون
أخبار أيام ثاني,29,65,"الإصحاح التاسع والعشرون
أخبار أيام ثاني,29,66,"الإصحاح التاسع والعشرون
أخبار أيام ثاني,29,67,"الإصحاح التاسع والعشرون
أخبار أيام ثاني,29,68,"الإصحاح التاسع والعشرون
أخبار أيام ثاني,29,69,"الإصحاح التاسع والعشرون
أخبار أيام ثاني,29,70,"الإصحاح التاسع والعشرون
أخبار أيام ثاني,29,71,"الإصحاح التاسع والعشرون
أخبار أيام ثاني,29,72,"الإصحاح التاسع والعشرون
أخبار أيام ثاني,29,73,"الإصحاح التاسع والعشرون
أخبار أيام ثاني,29,74,"الإصحاح التاسع والعشرون
أخبار أيام ثاني,29,75,"الإصحاح التاسع والعشرون
أخبار أيام ثاني,29,76,"الإصحاح التاسع والعشرون
أخبار أيام ثاني,29,77,"الإصحاح التاسع والعشرون
أخبار أيام ثاني,29,78,"الإصحاح التاسع والعشرون
أخبار أيام ثاني,29,79,"الإصحاح التاسع والعشرون
أخبار أيام ثاني,29,80,"الإصحاح التاسع والعشرون
أخبار أيام ثاني,29,81,"الإصحاح التاسع والعشرون
أخبار أيام ثاني,29,82,"الإصحاح التاسع والعشرون
أخبار أيام ثاني,29,83,"الإصحاح التاسع والعشرون
أخبار أيام ثاني,29,84,"الإصحاح التاسع والعشرون
أخبار أيام ثاني,29,85,"الإصحاح التاسع والعشرون
أخبار أيام ثاني,29,86,"الإصحاح التاسع والعشرون
أخبار أيام ثاني,29,87,"الإصحاح التاسع والعشرون
أخبار أيام ثاني,29,88,"الإصحاح التاسع والعشرون
أخبار أيام ثاني,29,89,"الإصحاح التاسع والعشرون
أخبار أيام ثاني,29,90,"الإصحاح التاسع والعشرون
أخبار أيام ثاني,29,91,"الإصحاح التاسع والعشرون
أخبار أيام ثاني,29,92,"الإصحاح التاسع والعشرون
أخبار أيام ثاني,29,93,"الإصحاح التاسع والعشرون
أخبار أيام ثاني,29,94,"الإصحاح التاسع والعشرون
أخبار أيام ثاني,29,95,"الإصحاح التاسع والعشرون
أخبار أيام ثاني,29,96,"الإصحاح التاسع والعشرون
أخبار أيام ثاني,29,97,"الإصحاح التاسع والعشرون
أخبار أيام ثاني,29,98,"الإصحاح التاسع والعشرون
أخبار أيام ثاني,29,99,"الإصحاح التاسع والعشرون
أخبار أيام ثاني,30,1,"الإصحاح الثلاثون
أخبار أيام ثاني,30,2,"الإصحاح الثلاثون
أخبار أيام ثاني,30,3,"الإصحاح الثلاثون
أخبار أيام ثاني,30,4,"الإصحاح الثلاثون
أخبار أيام ثاني,30,5,"الإصحاح الثلاثون
أخبار أيام ثاني,30,6,"الإصحاح الثلاثون
أخبار أيام ثاني,30,7,"الإصحاح الثلاثون
أخبار أيام ثاني,30,8,"الإصحاح الثلاثون
أخبار أيام ثاني,30,9,"الإصحاح الثلاثون
أخبار أيام ثاني,30,10,"الإصحاح الثلاثون
أخبار أيام ثاني,30,11,"الإصحاح الثلاثون
أخبار أيام ثاني,30,12,"الإصحاح الثلاثون
أخبار أيام ثاني,30,13,"الإصحاح الثلاثون
أخبار أيام ثاني,30,14,"الإصحاح الثلاثون
أخبار أيام ثاني,30,15,"الإصحاح الثلاثون
أخبار أيام ثاني,30,16,"الإصحاح الثلاثون
أخبار أيام ثاني,30,17,"الإصحاح الثلاثون
أخبار أيام ثاني,30,18,"الإصحاح الثلاثون
أخبار أيام ثاني,30,19,"الإصحاح الثلاثون
أخبار أيام ثاني,30,20,"الإصحاح الثلاثون
أخبار أيام ثاني,30,21,"الإصحاح الثلاثون
أخبار أيام ثاني,30,22,"الإصحاح الثلاثون
أخبار أيام ثاني,30,23,"الإصحاح الثلاثون
أخبار أيام ثاني,30,24,"الإصحاح الثلاثون
أخبار أيام ثاني,30,25,"الإصحاح الثلاثون
أخبار أيام ثاني,30,26,"الإصحاح الثلاثون
أخبار أيام ثاني,30,27,"الإصحاح الثلاثون
أخبار أيام ثاني,30,28,"الإصحاح الثلاثون
أخبار أيام ثاني,30,29,"الإصحاح الثلاثون
أخبار أيام ثاني,30,30,"الإصحاح الثلاثون
أخبار أيام ثاني,30,31,"الإصحاح الثلاثون
أخبار أيام ثاني,30,32,"الإصحاح الثلاثون
أخبار أيام ثاني,30,33,"الإصحاح الثلاثون
أخبار أيام ثاني,30,34,"الإصحاح الثلاثون
أخبار أيام ثاني,30,35,"الإصحاح الثلاثون
أخبار أيام ثاني,30,36,"الإصحاح الثلاثون
أخبار أيام ثاني,30,37,"الإصحاح الثلاثون
أخبار أيام ثاني,30,38,"الإصحاح الثلاثون
أخبار أيام ثاني,30,39,"الإصحاح الثلاثون
أخبار أيام ثاني,30,40,"الإصحاح الثلاثون
أخبار أيام ثاني,30,41,"الإصحاح الثلاثون
أخبار أيام ثاني,30,42,"الإصحاح الثلاثون
أخبار أيام ثاني,30,43,"الإصحاح الثلاثون
أخبار أيام ثاني,30,44,"الإصحاح الثلاثون
أخبار أيام ثاني,30,45,"الإصحاح الثلاثون
أخبار أيام ثاني,30,46,"الإصحاح الثلاثون
أخبار أيام ثاني,30,47,"الإصحاح الثلاثون
أخبار أيام ثاني,30,48,"الإصحاح الثلاثون
أخبار أيام ثاني,30,49,"الإصحاح الثلاثون
أخبار أيام ثاني,30,50,"الإصحاح الثلاثون
أخبار أيام ثاني,30,51,"الإصحاح الثلاثون
أخبار أيام ثاني,30,52,"الإصحاح الثلاثون
أخبار أيام ثاني,30,53,"الإصحاح الثلاثون
أخبار أيام ثاني,30,54,"الإصحاح الثلاثون
أخبار أيام ثاني,30,55,"الإصحاح الثلاثون
أخبار أيام ثاني,30,56,"الإصحاح الثلاثون
أخبار أيام ثاني,30,57,"الإصحاح الثلاثون
أخبار أيام ثاني,30,58,"الإصحاح الثلاثون
أخبار أيام ثاني,30,59,"الإصحاح الثلاثون
أخبار أيام ثاني,30,60,"الإصحاح الثلاثون
أخبار أيام ثاني,30,61,"الإصحاح الثلاثون
أخبار أيام ثاني,30,62,"الإصحاح الثلاثون
أخبار أيام ثاني,30,63,"الإصحاح الثلاثون
أخبار أيام ثاني,30,64,"الإصحاح الثلاثون
أخبار أيام ثاني,30,65,"الإصحاح الثلاثون
أخبار أيام ثاني,30,66,"الإصحاح الثلاثون
أخبار أيام ثاني,30,67,"الإصحاح الثلاثون
أخبار أيام ثاني,30,68,"الإصحاح الثلاثون
أخبار أيام ثاني,30,69,"الإصحاح الثلاثون
أخبار أيام ثاني,30,70,"الإصحاح الثلاثون
أخبار أيام ثاني,30,71,"الإصحاح الثلاثون
أخبار أيام ثاني,30,72,"الإصحاح الثلاثون
أخبار أيام ثاني,30,73,"الإصحاح الثلاثون
أخبار أيام ثاني,30,74,"الإصحاح الثلاثون
أخبار أيام ثاني,30,75,"الإصحاح الثلاثون
أخبار أيام ثاني,30,76,"الإصحاح الثلاثون
أخبار أيام ثاني,30,77,"الإصحاح الثلاثون
أخبار أيام ثاني,30,78,"الإصحاح الثلاثون
أخبار أيام ثاني,30,79,"الإصحاح الثلاثون
أخبار أيام ثاني,30,80,"الإصحاح الثلاثون
أخبار أيام ثاني,30,81,"الإصحاح الثلاثون
أخبار أيام ثاني,30,82,"الإصحاح الثلاثون
أخبار أيام ثاني,30,83,"الإصحاح الثلاثون
أخبار أيام ثاني,30,84,"الإصحاح الثلاثون
أخبار أيام ثاني,30,85,"الإصحاح الثلاثون
أخبار أيام ثاني,30,86,"الإصحاح الثلاثون
أخبار أيام ثاني,30,87,"الإصحاح الثلاثون
أخبار أيام ثاني,30,88,"الإصحاح الثلاثون
أخبار أيام ثاني,30,89,"الإصحاح الثلاثون
أخبار أيام ثاني,30,90,"الإصحاح الثلاثون
أخبار أيام ثاني,30,91,"الإصحاح الثلاثون
أخبار أيام ثاني,30,92,"الإصحاح الثلاثون
أخبار أيام ثاني,30,93,"الإصحاح الثلاثون
أخبار أيام ثاني,30,94,"الإصحاح الثلاثون
أخبار أيام ثاني,30,95,"الإصحاح الثلاثون
أخبار أيام ثاني,30,96,"الإصحاح الثلاثون
أخبار أيام ثاني,30,97,"الإصحاح الثلاثون
أخبار أيام ثاني,30,98,"الإصحاح الثلاثون
أخبار أيام ثاني,30,99,"الإصحاح الثلاثون
أخبار أيام ثاني,31,1,"الإصحاح الحادى والثلاثون
أخبار أيام ثاني,31,2,"الإصحاح الحادى والثلاثون
أخبار أيام ثاني,31,3,"الإصحاح الحادى والثلاثون
أخبار أيام ثاني,31,4,"الإصحاح الحادى والثلاثون
أخبار أيام ثاني,31,5,"الإصحاح الحادى والثلاثون
أخبار أيام ثاني,31,6,"الإصحاح الحادى والثلاثون
أخبار أيام ثاني,31,7,"الإصحاح الحادى والثلاثون
أخبار أيام ثاني,31,8,"الإصحاح الحادى والثلاثون
أخبار أيام ثاني,31,9,"الإصحاح الحادى والثلاثون
أخبار أيام ثاني,31,10,"الإصحاح الحادى والثلاثون
أخبار أيام ثاني,31,11,"الإصحاح الحادى والثلاثون
أخبار أيام ثاني,31,12,"الإصحاح الحادى والثلاثون
أخبار أيام ثاني,31,13,"الإصحاح الحادى والثلاثون
أخبار أيام ثاني,31,14,"الإصحاح الحادى والثلاثون
أخبار أيام ثاني,31,15,"الإصحاح الحادى والثلاثون
أخبار أيام ثاني,31,16,"الإصحاح الحادى والثلاثون
أخبار أيام ثاني,31,17,"الإصحاح الحادى والثلاثون
أخبار أيام ثاني,31,18,"الإصحاح الحادى والثلاثون
أخبار أيام ثاني,31,19,"الإصحاح الحادى والثلاثون
أخبار أيام ثاني,31,20,"الإصحاح الحادى والثلاثون
أخبار أيام ثاني,31,21,"الإصحاح الحادى والثلاثون
أخبار أيام ثاني,31,22,"الإصحاح الحادى والثلاثون
أخبار أيام ثاني,31,23,"الإصحاح الحادى والثلاثون
أخبار أيام ثاني,31,24,"الإصحاح الحادى والثلاثون
أخبار أيام ثاني,31,25,"الإصحاح الحادى والثلاثون
أخبار أيام ثاني,31,26,"الإصحاح الحادى والثلاثون
أخبار أيام ثاني,31,27,"الإصحاح الحادى والثلاثون
أخبار أيام ثاني,31,28,"الإصحاح الحادى والثلاثون
أخبار أيام ثاني,31,29,"الإصحاح الحادى والثلاثون
أخبار أيام ثاني,31,30,"الإصحاح الحادى والثلاثون
أخبار أيام ثاني,31,31,"الإصحاح الحادى والثلاثون
أخبار أيام ثاني,31,32,"الإصحاح الحادى والثلاثون
أخبار أيام ثاني,31,33,"الإصحاح الحادى والثلاثون
أخبار أيام ثاني,31,34,"الإصحاح الحادى والثلاثون
أخبار أيام ثاني,31,35,"الإصحاح الحادى والثلاثون
أخبار أيام ثاني,31,36,"الإصحاح الحادى والثلاثون
أخبار أيام ثاني,31,37,"الإصحاح الحادى والثلاثون
أخبار أيام ثاني,31,38,"الإصحاح الحادى والثلاثون
أخبار أيام ثاني,31,39,"الإصحاح الحادى والثلاثون
أخبار أيام ثاني,31,40,"الإصحاح الحادى والثلاثون
أخبار أيام ثاني,31,41,"الإصحاح الحادى والثلاثون
أخبار أيام ثاني,31,42,"الإصحاح الحادى والثلاثون
أخبار أيام ثاني,31,43,"الإصحاح الحادى والثلاثون
أخبار أيام ثاني,31,44,"الإصحاح الحادى والثلاثون
أخبار أيام ثاني,31,45,"الإصحاح الحادى والثلاثون
أخبار أيام ثاني,31,46,"الإصحاح الحادى والثلاثون
أخبار أيام ثاني,31,47,"الإصحاح الحادى والثلاثون
أخبار أيام ثاني,31,48,"الإصحاح الحادى والثلاثون
أخبار أيام ثاني,31,49,"الإصحاح الحادى والثلاثون
أخبار أيام ثاني,31,50,"الإصحاح الحادى والثلاثون
أخبار أيام ثاني,31,51,"الإصحاح الحادى والثلاثون
أخبار أيام ثاني,31,52,"الإصحاح الحادى والثلاثون
أخبار أيام ثاني,31,53,"الإصحاح الحادى والثلاثون
أخبار أيام ثاني,31,54,"الإصحاح الحادى والثلاثون
أخبار أيام ثاني,31,55,"الإصحاح الحادى والثلاثون
أخبار أيام ثاني,31,56,"الإصحاح الحادى والثلاثون
أخبار أيام ثاني,31,57,"الإصحاح الحادى والثلاثون
أخبار أيام ثاني,31,58,"الإصحاح الحادى والثلاثون
أخبار أيام ثاني,31,59,"الإصحاح الحادى والثلاثون
أخبار أيام ثاني,31,60,"الإصحاح الحادى والثلاثون
أخبار أيام ثاني,31,61,"الإصحاح الحادى والثلاثون
أخبار أيام ثاني,31,62,"الإصحاح الحادى والثلاثون
أخبار أيام ثاني,31,63,"الإصحاح الحادى والثلاثون
أخبار أيام ثاني,31,64,"الإصحاح الحادى والثلاثون
أخبار أيام ثاني,31,65,"الإصحاح الحادى والثلاثون
أخبار أيام ثاني,31,66,"الإصحاح الحادى والثلاثون
أخبار أيام ثاني,31,67,"الإصحاح الحادى والثلاثون
أخبار أيام ثاني,31,68,"الإصحاح الحادى والثلاثون
أخبار أيام ثاني,31,69,"الإصحاح الحادى والثلاثون
أخبار أيام ثاني,31,70,"الإصحاح الحادى والثلاثون
أخبار أيام ثاني,31,71,"الإصحاح الحادى والثلاثون
أخبار أيام ثاني,31,72,"الإصحاح الحادى والثلاثون
أخبار أيام ثاني,31,73,"الإصحاح الحادى والثلاثون
أخبار أيام ثاني,31,74,"الإصحاح الحادى والثلاثون
أخبار أيام ثاني,31,75,"الإصحاح الحادى والثلاثون
أخبار أيام ثاني,31,76,"الإصحاح الحادى والثلاثون
أخبار أيام ثاني,31,77,"الإصحاح الحادى والثلاثون
أخبار أيام ثاني,31,78,"الإصحاح الحادى والثلاثون
أخبار أيام ثاني,31,79,"الإصحاح الحادى والثلاثون
أخبار أيام ثاني,31,80,"الإصحاح الحادى والثلاثون
أخبار أيام ثاني,31,81,"الإصحاح الحادى والثلاثون
أخبار أيام ثاني,31,82,"الإصحاح الحادى والثلاثون
أخبار أيام ثاني,31,83,"الإصحاح الحادى والثلاثون
أخبار أيام ثاني,31,84,"الإصحاح الحادى والثلاثون
أخبار أيام ثاني,31,85,"الإصحاح الحادى والثلاثون
أخبار أيام ثاني,31,86,"الإصحاح الحادى والثلاثون
أخبار أيام ثاني,31,87,"الإصحاح الحادى والثلاثون
أخبار أيام ثاني,31,88,"الإصحاح الحادى والثلاثون
أخبار أيام ثاني,31,89,"الإصحاح الحادى والثلاثون
أخبار أيام ثاني,31,90,"الإصحاح الحادى والثلاثون
أخبار أيام ثاني,31,91,"الإصحاح الحادى والثلاثون
أخبار أيام ثاني,31,92,"الإصحاح الحادى والثلاثون
أخبار أيام ثاني,31,93,"الإصحاح الحادى والثلاثون
أخبار أيام ثاني,31,94,"الإصحاح الحادى والثلاثون
أخبار أيام ثاني,31,95,"الإصحاح الحادى والثلاثون
أخبار أيام ثاني,31,96,"الإصحاح الحادى والثلاثون
أخبار أيام ثاني,31,97,"الإصحاح الحادى والثلاثون
أخبار أيام ثاني,31,98,"الإصحاح الحادى والثلاثون
أخبار أيام ثاني,31,99,"الإصحاح الحادى والثلاثون
أخبار أيام ثاني,32,1,"الإصحاح الثانى والثلاثون
أخبار أيام ثاني,32,2,"الإصحاح الثانى والثلاثون
أخبار أيام ثاني,32,3,"الإصحاح الثانى والثلاثون
أخبار أيام ثاني,32,4,"الإصحاح الثانى والثلاثون
أخبار أيام ثاني,32,5,"الإصحاح الثانى والثلاثون
أخبار أيام ثاني,32,6,"الإصحاح الثانى والثلاثون
أخبار أيام ثاني,32,7,"الإصحاح الثانى والثلاثون
أخبار أيام ثاني,32,8,"الإصحاح الثانى والثلاثون
أخبار أيام ثاني,32,9,"الإصحاح الثانى والثلاثون
أخبار أيام ثاني,32,10,"الإصحاح الثانى والثلاثون
أخبار أيام ثاني,32,11,"الإصحاح الثانى والثلاثون
أخبار أيام ثاني,32,12,"الإصحاح الثانى والثلاثون
أخبار أيام ثاني,32,13,"الإصحاح الثانى والثلاثون
أخبار أيام ثاني,32,14,"الإصحاح الثانى والثلاثون
أخبار أيام ثاني,32,15,"الإصحاح الثانى والثلاثون
أخبار أيام ثاني,32,16,"الإصحاح الثانى والثلاثون
أخبار أيام ثاني,32,17,"الإصحاح الثانى والثلاثون
أخبار أيام ثاني,32,18,"الإصحاح الثانى والثلاثون
أخبار أيام ثاني,32,19,"الإصحاح الثانى والثلاثون
أخبار أيام ثاني,32,20,"الإصحاح الثانى والثلاثون
أخبار أيام ثاني,32,21,"الإصحاح الثانى والثلاثون
أخبار أيام ثاني,32,22,"الإصحاح الثانى والثلاثون
أخبار أيام ثاني,32,23,"الإصحاح الثانى والثلاثون
أخبار أيام ثاني,32,24,"الإصحاح الثانى والثلاثون
أخبار أيام ثاني,32,25,"الإصحاح الثانى والثلاثون
أخبار أيام ثاني,32,26,"الإصحاح الثانى والثلاثون
أخبار أيام ثاني,32,27,"الإصحاح الثانى والثلاثون
أخبار أيام ثاني,32,28,"الإصحاح الثانى والثلاثون
أخبار أيام ثاني,32,29,"الإصحاح الثانى والثلاثون
أخبار أيام ثاني,32,30,"الإصحاح الثانى والثلاثون
أخبار أيام ثاني,32,31,"الإصحاح الثانى والثلاثون
أخبار أيام ثاني,32,32,"الإصحاح الثانى والثلاثون
أخبار أيام ثاني,32,33,"الإصحاح الثانى والثلاثون
أخبار أيام ثاني,32,34,"الإصحاح الثانى والثلاثون
أخبار أيام ثاني,32,35,"الإصحاح الثانى والثلاثون
أخبار أيام ثاني,32,36,"الإصحاح الثانى والثلاثون
أخبار أيام ثاني,32,37,"الإصحاح الثانى والثلاثون
أخبار أيام ثاني,32,38,"الإصحاح الثانى والثلاثون
أخبار أيام ثاني,32,39,"الإصحاح الثانى والثلاثون
أخبار أيام ثاني,32,40,"الإصحاح الثانى والثلاثون
أخبار أيام ثاني,32,41,"الإصحاح الثانى والثلاثون
أخبار أيام ثاني,32,42,"الإصحاح الثانى والثلاثون
أخبار أيام ثاني,32,43,"الإصحاح الثانى والثلاثون
أخبار أيام ثاني,32,44,"الإصحاح الثانى والثلاثون
أخبار أيام ثاني,32,45,"الإصحاح الثانى والثلاثون
أخبار أيام ثاني,32,46,"الإصحاح الثانى والثلاثون
أخبار أيام ثاني,32,47,"الإصحاح الثانى والثلاثون
أخبار أيام ثاني,32,48,"الإصحاح الثانى والثلاثون
أخبار أيام ثاني,32,49,"الإصحاح الثانى والثلاثون
أخبار أيام ثاني,32,50,"الإصحاح الثانى والثلاثون
أخبار أيام ثاني,32,51,"الإصحاح الثانى والثلاثون
أخبار أيام ثاني,32,52,"الإصحاح الثانى والثلاثون
أخبار أيام ثاني,32,53,"الإصحاح الثانى والثلاثون
أخبار أيام ثاني,32,54,"الإصحاح الثانى والثلاثون
أخبار أيام ثاني,32,55,"الإصحاح الثانى والثلاثون
أخبار أيام ثاني,32,56,"الإصحاح الثانى والثلاثون
أخبار أيام ثاني,32,57,"الإصحاح الثانى والثلاثون
أخبار أيام ثاني,32,58,"الإصحاح الثانى والثلاثون
أخبار أيام ثاني,32,59,"الإصحاح الثانى والثلاثون
أخبار أيام ثاني,32,60,"الإصحاح الثانى والثلاثون
أخبار أيام ثاني,32,61,"الإصحاح الثانى والثلاثون
أخبار أيام ثاني,32,62,"الإصحاح الثانى والثلاثون
أخبار أيام ثاني,32,63,"الإصحاح الثانى والثلاثون
أخبار أيام ثاني,32,64,"الإصحاح الثانى والثلاثون
أخبار أيام ثاني,32,65,"الإصحاح الثانى والثلاثون
أخبار أيام ثاني,32,66,"الإصحاح الثانى والثلاثون
أخبار أيام ثاني,32,67,"الإصحاح الثانى والثلاثون
أخبار أيام ثاني,32,68,"الإصحاح الثانى والثلاثون
أخبار أيام ثاني,32,69,"الإصحاح الثانى والثلاثون
أخبار أيام ثاني,32,70,"الإصحاح الثانى والثلاثون
أخبار أيام ثاني,32,71,"الإصحاح الثانى والثلاثون
أخبار أيام ثاني,32,72,"الإصحاح الثانى والثلاثون
أخبار أيام ثاني,32,73,"الإصحاح الثانى والثلاثون
أخبار أيام ثاني,32,74,"الإصحاح الثانى والثلاثون
أخبار أيام ثاني,32,75,"الإصحاح الثانى والثلاثون
أخبار أيام ثاني,32,76,"الإصحاح الثانى والثلاثون
أخبار أيام ثاني,32,77,"الإصحاح الثانى والثلاثون
أخبار أيام ثاني,32,78,"الإصحاح الثانى والثلاثون
أخبار أيام ثاني,32,79,"الإصحاح الثانى والثلاثون
أخبار أيام ثاني,32,80,"الإصحاح الثانى والثلاثون
أخبار أيام ثاني,32,81,"الإصحاح الثانى والثلاثون
أخبار أيام ثاني,32,82,"الإصحاح الثانى والثلاثون
أخبار أيام ثاني,32,83,"الإصحاح الثانى والثلاثون
أخبار أيام ثاني,32,84,"الإصحاح الثانى والثلاثون
أخبار أيام ثاني,32,85,"الإصحاح الثانى والثلاثون
أخبار أيام ثاني,32,86,"الإصحاح الثانى والثلاثون
أخبار أيام ثاني,32,87,"الإصحاح الثانى والثلاثون
أخبار أيام ثاني,32,88,"الإصحاح الثانى والثلاثون
أخبار أيام ثاني,32,89,"الإصحاح الثانى والثلاثون
أخبار أيام ثاني,32,90,"الإصحاح الثانى والثلاثون
أخبار أيام ثاني,32,91,"الإصحاح الثانى والثلاثون
أخبار أيام ثاني,32,92,"الإصحاح الثانى والثلاثون
أخبار أيام ثاني,32,93,"الإصحاح الثانى والثلاثون
أخبار أيام ثاني,32,94,"الإصحاح الثانى والثلاثون
أخبار أيام ثاني,32,95,"الإصحاح الثانى والثلاثون
أخبار أيام ثاني,32,96,"الإصحاح الثانى والثلاثون
أخبار أيام ثاني,32,97,"الإصحاح الثانى والثلاثون
أخبار أيام ثاني,32,98,"الإصحاح الثانى والثلاثون
أخبار أيام ثاني,32,99,"الإصحاح الثانى والثلاثون
أخبار أيام ثاني,33,1,"الإصحاح الثالث والثلاثون
أخبار أيام ثاني,33,2,"الإصحاح الثالث والثلاثون
أخبار أيام ثاني,33,3,"الإصحاح الثالث والثلاثون
أخبار أيام ثاني,33,4,"الإصحاح الثالث والثلاثون
أخبار أيام ثاني,33,5,"الإصحاح الثالث والثلاثون
أخبار أيام ثاني,33,6,"الإصحاح الثالث والثلاثون
أخبار أيام ثاني,33,7,"الإصحاح الثالث والثلاثون
أخبار أيام ثاني,33,8,"الإصحاح الثالث والثلاثون
أخبار أيام ثاني,33,9,"الإصحاح الثالث والثلاثون
أخبار أيام ثاني,33,10,"الإصحاح الثالث والثلاثون
أخبار أيام ثاني,33,11,"الإصحاح الثالث والثلاثون
أخبار أيام ثاني,33,12,"الإصحاح الثالث والثلاثون
أخبار أيام ثاني,33,13,"الإصحاح الثالث والثلاثون
أخبار أيام ثاني,33,14,"الإصحاح الثالث والثلاثون
أخبار أيام ثاني,33,15,"الإصحاح الثالث والثلاثون
أخبار أيام ثاني,33,16,"الإصحاح الثالث والثلاثون
أخبار أيام ثاني,33,17,"الإصحاح الثالث والثلاثون
أخبار أيام ثاني,33,18,"الإصحاح الثالث والثلاثون
أخبار أيام ثاني,33,19,"الإصحاح الثالث والثلاثون
أخبار أيام ثاني,33,20,"الإصحاح الثالث والثلاثون
أخبار أيام ثاني,33,21,"الإصحاح الثالث والثلاثون
أخبار أيام ثاني,33,22,"الإصحاح الثالث والثلاثون
أخبار أيام ثاني,33,23,"الإصحاح الثالث والثلاثون
أخبار أيام ثاني,33,24,"الإصحاح الثالث والثلاثون
أخبار أيام ثاني,33,25,"الإصحاح الثالث والثلاثون
أخبار أيام ثاني,33,26,"الإصحاح الثالث والثلاثون
أخبار أيام ثاني,33,27,"الإصحاح الثالث والثلاثون
أخبار أيام ثاني,33,28,"الإصحاح الثالث والثلاثون
أخبار أيام ثاني,33,29,"الإصحاح الثالث والثلاثون
أخبار أيام ثاني,33,30,"الإصحاح الثالث والثلاثون
أخبار أيام ثاني,33,31,"الإصحاح الثالث والثلاثون
أخبار أيام ثاني,33,32,"الإصحاح الثالث والثلاثون
أخبار أيام ثاني,33,33,"الإصحاح الثالث والثلاثون
أخبار أيام ثاني,33,34,"الإصحاح الثالث والثلاثون
أخبار أيام ثاني,33,35,"الإصحاح الثالث والثلاثون
أخبار أيام ثاني,33,36,"الإصحاح الثالث والثلاثون
أخبار أيام ثاني,33,37,"الإصحاح الثالث والثلاثون
أخبار أيام ثاني,33,38,"الإصحاح الثالث والثلاثون
أخبار أيام ثاني,33,39,"الإصحاح الثالث والثلاثون
أخبار أيام ثاني,33,40,"الإصحاح الثالث والثلاثون
أخبار أيام ثاني,33,41,"الإصحاح الثالث والثلاثون
أخبار أيام ثاني,33,42,"الإصحاح الثالث والثلاثون
أخبار أيام ثاني,33,43,"الإصحاح الثالث والثلاثون
أخبار أيام ثاني,33,44,"الإصحاح الثالث والثلاثون
أخبار أيام ثاني,33,45,"الإصحاح الثالث والثلاثون
أخبار أيام ثاني,33,46,"الإصحاح الثالث والثلاثون
أخبار أيام ثاني,33,47,"الإصحاح الثالث والثلاثون
أخبار أيام ثاني,33,48,"الإصحاح الثالث والثلاثون
أخبار أيام ثاني,33,49,"الإصحاح الثالث والثلاثون
أخبار أيام ثاني,33,50,"الإصحاح الثالث والثلاثون
أخبار أيام ثاني,33,51,"الإصحاح الثالث والثلاثون
أخبار أيام ثاني,33,52,"الإصحاح الثالث والثلاثون
أخبار أيام ثاني,33,53,"الإصحاح الثالث والثلاثون
أخبار أيام ثاني,33,54,"الإصحاح الثالث والثلاثون
أخبار أيام ثاني,33,55,"الإصحاح الثالث والثلاثون
أخبار أيام ثاني,33,56,"الإصحاح الثالث والثلاثون
أخبار أيام ثاني,33,57,"الإصحاح الثالث والثلاثون
أخبار أيام ثاني,33,58,"الإصحاح الثالث والثلاثون
أخبار أيام ثاني,33,59,"الإصحاح الثالث والثلاثون
أخبار أيام ثاني,33,60,"الإصحاح الثالث والثلاثون
أخبار أيام ثاني,33,61,"الإصحاح الثالث والثلاثون
أخبار أيام ثاني,33,62,"الإصحاح الثالث والثلاثون
أخبار أيام ثاني,33,63,"الإصحاح الثالث والثلاثون
أخبار أيام ثاني,33,64,"الإصحاح الثالث والثلاثون
أخبار أيام ثاني,33,65,"الإصحاح الثالث والثلاثون
أخبار أيام ثاني,33,66,"الإصحاح الثالث والثلاثون
أخبار أيام ثاني,33,67,"الإصحاح الثالث والثلاثون
أخبار أيام ثاني,33,68,"الإصحاح الثالث والثلاثون
أخبار أيام ثاني,33,69,"الإصحاح الثالث والثلاثون
أخبار أيام ثاني,33,70,"الإصحاح الثالث والثلاثون
أخبار أيام ثاني,33,71,"الإصحاح الثالث والثلاثون
أخبار أيام ثاني,33,72,"الإصحاح الثالث والثلاثون
أخبار أيام ثاني,33,73,"الإصحاح الثالث والثلاثون
أخبار أيام ثاني,33,74,"الإصحاح الثالث والثلاثون
أخبار أيام ثاني,33,75,"الإصحاح الثالث والثلاثون
أخبار أيام ثاني,33,76,"الإصحاح الثالث والثلاثون
أخبار أيام ثاني,33,77,"الإصحاح الثالث والثلاثون
أخبار أيام ثاني,33,78,"الإصحاح الثالث والثلاثون
أخبار أيام ثاني,33,79,"الإصحاح الثالث والثلاثون
أخبار أيام ثاني,33,80,"الإصحاح الثالث والثلاثون
أخبار أيام ثاني,33,81,"الإصحاح الثالث والثلاثون
أخبار أيام ثاني,33,82,"الإصحاح الثالث والثلاثون
أخبار أيام ثاني,33,83,"الإصحاح الثالث والثلاثون
أخبار أيام ثاني,33,84,"الإصحاح الثالث والثلاثون
أخبار أيام ثاني,33,85,"الإصحاح الثالث والثلاثون
أخبار أيام ثاني,33,86,"الإصحاح الثالث والثلاثون
أخبار أيام ثاني,33,87,"الإصحاح الثالث والثلاثون
أخبار أيام ثاني,33,88,"الإصحاح الثالث والثلاثون
أخبار أيام ثاني,33,89,"الإصحاح الثالث والثلاثون
أخبار أيام ثاني,33,90,"الإصحاح الثالث والثلاثون
أخبار أيام ثاني,33,91,"الإصحاح الثالث والثلاثون
أخبار أيام ثاني,33,92,"الإصحاح الثالث والثلاثون
أخبار أيام ثاني,33,93,"الإصحاح الثالث والثلاثون
أخبار أيام ثاني,33,94,"الإصحاح الثالث والثلاثون
أخبار أيام ثاني,33,95,"الإصحاح الثالث والثلاثون
أخبار أيام ثاني,33,96,"الإصحاح الثالث والثلاثون
أخبار أيام ثاني,33,97,"الإصحاح الثالث والثلاثون
أخبار أيام ثاني,33,98,"الإصحاح الثالث والثلاثون
أخبار أيام ثاني,33,99,"الإصحاح الثالث والثلاثون
أخبار أيام ثاني,34,1,"الإصحاح الرابع والثلاثون
أخبار أيام ثاني,34,2,"الإصحاح الرابع والثلاثون
أخبار أيام ثاني,34,3,"الإصحاح الرابع والثلاثون
أخبار أيام ثاني,34,4,"الإصحاح الرابع والثلاثون
أخبار أيام ثاني,34,5,"الإصحاح الرابع والثلاثون
أخبار أيام ثاني,34,6,"الإصحاح الرابع والثلاثون
أخبار أيام ثاني,34,7,"الإصحاح الرابع والثلاثون
أخبار أيام ثاني,34,8,"الإصحاح الرابع والثلاثون
أخبار أيام ثاني,34,9,"الإصحاح الرابع والثلاثون
أخبار أيام ثاني,34,10,"الإصحاح الرابع والثلاثون
أخبار أيام ثاني,34,11,"الإصحاح الرابع والثلاثون
أخبار أيام ثاني,34,12,"الإصحاح الرابع والثلاثون
أخبار أيام ثاني,34,13,"الإصحاح الرابع والثلاثون
أخبار أيام ثاني,34,14,"الإصحاح الرابع والثلاثون
أخبار أيام ثاني,34,15,"الإصحاح الرابع والثلاثون
أخبار أيام ثاني,34,16,"الإصحاح الرابع والثلاثون
أخبار أيام ثاني,34,17,"الإصحاح الرابع والثلاثون
أخبار أيام ثاني,34,18,"الإصحاح الرابع والثلاثون
أخبار أيام ثاني,34,19,"الإصحاح الرابع والثلاثون
أخبار أيام ثاني,34,20,"الإصحاح الرابع والثلاثون
أخبار أيام ثاني,34,21,"الإصحاح الرابع والثلاثون
أخبار أيام ثاني,34,22,"الإصحاح الرابع والثلاثون
أخبار أيام ثاني,34,23,"الإصحاح الرابع والثلاثون
أخبار أيام ثاني,34,24,"الإصحاح الرابع والثلاثون
أخبار أيام ثاني,34,25,"الإصحاح الرابع والثلاثون
أخبار أيام ثاني,34,26,"الإصحاح الرابع والثلاثون
أخبار أيام ثاني,34,27,"الإصحاح الرابع والثلاثون
أخبار أيام ثاني,34,28,"الإصحاح الرابع والثلاثون
أخبار أيام ثاني,34,29,"الإصحاح الرابع والثلاثون
أخبار أيام ثاني,34,30,"الإصحاح الرابع والثلاثون
أخبار أيام ثاني,34,31,"الإصحاح الرابع والثلاثون
أخبار أيام ثاني,34,32,"الإصحاح الرابع والثلاثون
أخبار أيام ثاني,34,33,"الإصحاح الرابع والثلاثون
أخبار أيام ثاني,34,34,"الإصحاح الرابع والثلاثون
أخبار أيام ثاني,34,35,"الإصحاح الرابع والثلاثون
أخبار أيام ثاني,34,36,"الإصحاح الرابع والثلاثون
أخبار أيام ثاني,34,37,"الإصحاح الرابع والثلاثون
أخبار أيام ثاني,34,38,"الإصحاح الرابع والثلاثون
أخبار أيام ثاني,34,39,"الإصحاح الرابع والثلاثون
أخبار أيام ثاني,34,40,"الإصحاح الرابع والثلاثون
أخبار أيام ثاني,34,41,"الإصحاح الرابع والثلاثون
أخبار أيام ثاني,34,42,"الإصحاح الرابع والثلاثون
أخبار أيام ثاني,34,43,"الإصحاح الرابع والثلاثون
أخبار أيام ثاني,34,44,"الإصحاح الرابع والثلاثون
أخبار أيام ثاني,34,45,"الإصحاح الرابع والثلاثون
أخبار أيام ثاني,34,46,"الإصحاح الرابع والثلاثون
أخبار أيام ثاني,34,47,"الإصحاح الرابع والثلاثون
أخبار أيام ثاني,34,48,"الإصحاح الرابع والثلاثون
أخبار أيام ثاني,34,49,"الإصحاح الرابع والثلاثون
أخبار أيام ثاني,34,50,"الإصحاح الرابع والثلاثون
أخبار أيام ثاني,34,51,"الإصحاح الرابع والثلاثون
أخبار أيام ثاني,34,52,"الإصحاح الرابع والثلاثون
أخبار أيام ثاني,34,53,"الإصحاح الرابع والثلاثون
أخبار أيام ثاني,34,54,"الإصحاح الرابع والثلاثون
أخبار أيام ثاني,34,55,"الإصحاح الرابع والثلاثون
أخبار أيام ثاني,34,56,"الإصحاح الرابع والثلاثون
أخبار أيام ثاني,34,57,"الإصحاح الرابع والثلاثون
أخبار أيام ثاني,34,58,"الإصحاح الرابع والثلاثون
أخبار أيام ثاني,34,59,"الإصحاح الرابع والثلاثون
أخبار أيام ثاني,34,60,"الإصحاح الرابع والثلاثون
أخبار أيام ثاني,34,61,"الإصحاح الرابع والثلاثون
أخبار أيام ثاني,34,62,"الإصحاح الرابع والثلاثون
أخبار أيام ثاني,34,63,"الإصحاح الرابع والثلاثون
أخبار أيام ثاني,34,64,"الإصحاح الرابع والثلاثون
أخبار أيام ثاني,34,65,"الإصحاح الرابع والثلاثون
أخبار أيام ثاني,34,66,"الإصحاح الرابع والثلاثون
أخبار أيام ثاني,34,67,"الإصحاح الرابع والثلاثون
أخبار أيام ثاني,34,68,"الإصحاح الرابع والثلاثون
أخبار أيام ثاني,34,69,"الإصحاح الرابع والثلاثون
أخبار أيام ثاني,34,70,"الإصحاح الرابع والثلاثون
أخبار أيام ثاني,34,71,"الإصحاح الرابع والثلاثون
أخبار أيام ثاني,34,72,"الإصحاح الرابع والثلاثون
أخبار أيام ثاني,34,73,"الإصحاح الرابع والثلاثون
أخبار أيام ثاني,34,74,"الإصحاح الرابع والثلاثون
أخبار أيام ثاني,34,75,"الإصحاح الرابع والثلاثون
أخبار أيام ثاني,34,76,"الإصحاح الرابع والثلاثون
أخبار أيام ثاني,34,77,"الإصحاح الرابع والثلاثون
أخبار أيام ثاني,34,78,"الإصحاح الرابع والثلاثون
أخبار أيام ثاني,34,79,"الإصحاح الرابع والثلاثون
أخبار أيام ثاني,34,80,"الإصحاح الرابع والثلاثون
أخبار أيام ثاني,34,81,"الإصحاح الرابع والثلاثون
أخبار أيام ثاني,34,82,"الإصحاح الرابع والثلاثون
أخبار أيام ثاني,34,83,"الإصحاح الرابع والثلاثون
أخبار أيام ثاني,34,84,"الإصحاح الرابع والثلاثون
أخبار أيام ثاني,34,85,"الإصحاح الرابع والثلاثون
أخبار أيام ثاني,34,86,"الإصحاح الرابع والثلاثون
أخبار أيام ثاني,34,87,"الإصحاح الرابع والثلاثون
أخبار أيام ثاني,34,88,"الإصحاح الرابع والثلاثون
أخبار أيام ثاني,34,89,"الإصحاح الرابع والثلاثون
أخبار أيام ثاني,34,90,"الإصحاح الرابع والثلاثون
أخبار أيام ثاني,34,91,"الإصحاح الرابع والثلاثون
أخبار أيام ثاني,34,92,"الإصحاح الرابع والثلاثون
أخبار أيام ثاني,34,93,"الإصحاح الرابع والثلاثون
أخبار أيام ثاني,34,94,"الإصحاح الرابع والثلاثون
أخبار أيام ثاني,34,95,"الإصحاح الرابع والثلاثون
أخبار أيام ثاني,34,96,"الإصحاح الرابع والثلاثون
أخبار أيام ثاني,34,97,"الإصحاح الرابع والثلاثون
أخبار أيام ثاني,34,98,"الإصحاح الرابع والثلاثون
أخبار أيام ثاني,34,99,"الإصحاح الرابع والثلاثون
أخبار أيام ثاني,35,1,"الإصحاح الخامس والثلاثون
أخبار أيام ثاني,35,2,"الإصحاح الخامس والثلاثون
أخبار أيام ثاني,35,3,"الإصحاح الخامس والثلاثون
أخبار أيام ثاني,35,4,"الإصحاح الخامس والثلاثون
أخبار أيام ثاني,35,5,"الإصحاح الخامس والثلاثون
أخبار أيام ثاني,35,6,"الإصحاح الخامس والثلاثون
أخبار أيام ثاني,35,7,"الإصحاح الخامس والثلاثون
أخبار أيام ثاني,35,8,"الإصحاح الخامس والثلاثون
أخبار أيام ثاني,35,9,"الإصحاح الخامس والثلاثون
أخبار أيام ثاني,35,10,"الإصحاح الخامس والثلاثون
أخبار أيام ثاني,35,11,"الإصحاح الخامس والثلاثون
أخبار أيام ثاني,35,12,"الإصحاح الخامس والثلاثون
أخبار أيام ثاني,35,13,"الإصحاح الخامس والثلاثون
أخبار أيام ثاني,35,14,"الإصحاح الخامس والثلاثون
أخبار أيام ثاني,35,15,"الإصحاح الخامس والثلاثون
أخبار أيام ثاني,35,16,"الإصحاح الخامس والثلاثون
أخبار أيام ثاني,35,17,"الإصحاح الخامس والثلاثون
أخبار أيام ثاني,35,18,"الإصحاح الخامس والثلاثون
أخبار أيام ثاني,35,19,"الإصحاح الخامس والثلاثون
أخبار أيام ثاني,35,20,"الإصحاح الخامس والثلاثون
أخبار أيام ثاني,35,21,"الإصحاح الخامس والثلاثون
أخبار أيام ثاني,35,22,"الإصحاح الخامس والثلاثون
أخبار أيام ثاني,35,23,"الإصحاح الخامس والثلاثون
أخبار أيام ثاني,35,24,"الإصحاح الخامس والثلاثون
أخبار أيام ثاني,35,25,"الإصحاح الخامس والثلاثون
أخبار أيام ثاني,35,26,"الإصحاح الخامس والثلاثون
أخبار أيام ثاني,35,27,"الإصحاح الخامس والثلاثون
أخبار أيام ثاني,35,28,"الإصحاح الخامس والثلاثون
أخبار أيام ثاني,35,29,"الإصحاح الخامس والثلاثون
أخبار أيام ثاني,35,30,"الإصحاح الخامس والثلاثون
أخبار أيام ثاني,35,31,"الإصحاح الخامس والثلاثون
أخبار أيام ثاني,35,32,"الإصحاح الخامس والثلاثون
أخبار أيام ثاني,35,33,"الإصحاح الخامس والثلاثون
أخبار أيام ثاني,35,34,"الإصحاح الخامس والثلاثون
أخبار أيام ثاني,35,35,"الإصحاح الخامس والثلاثون
أخبار أيام ثاني,35,36,"الإصحاح الخامس والثلاثون
أخبار أيام ثاني,35,37,"الإصحاح الخامس والثلاثون
أخبار أيام ثاني,35,38,"الإصحاح الخامس والثلاثون
أخبار أيام ثاني,35,39,"الإصحاح الخامس والثلاثون
أخبار أيام ثاني,35,40,"الإصحاح الخامس والثلاثون
أخبار أيام ثاني,35,41,"الإصحاح الخامس والثلاثون
أخبار أيام ثاني,35,42,"الإصحاح الخامس والثلاثون
أخبار أيام ثاني,35,43,"الإصحاح الخامس والثلاثون
أخبار أيام ثاني,35,44,"الإصحاح الخامس والثلاثون
أخبار أيام ثاني,35,45,"الإصحاح الخامس والثلاثون
أخبار أيام ثاني,35,46,"الإصحاح الخامس والثلاثون
أخبار أيام ثاني,35,47,"الإصحاح الخامس والثلاثون
أخبار أيام ثاني,35,48,"الإصحاح الخامس والثلاثون
أخبار أيام ثاني,35,49,"الإصحاح الخامس والثلاثون
أخبار أيام ثاني,35,50,"الإصحاح الخامس والثلاثون
أخبار أيام ثاني,35,51,"الإصحاح الخامس والثلاثون
أخبار أيام ثاني,35,52,"الإصحاح الخامس والثلاثون
أخبار أيام ثاني,35,53,"الإصحاح الخامس والثلاثون
أخبار أيام ثاني,35,54,"الإصحاح الخامس والثلاثون
أخبار أيام ثاني,35,55,"الإصحاح الخامس والثلاثون
أخبار أيام ثاني,35,56,"الإصحاح الخامس والثلاثون
أخبار أيام ثاني,35,57,"الإصحاح الخامس والثلاثون
أخبار أيام ثاني,35,58,"الإصحاح الخامس والثلاثون
أخبار أيام ثاني,35,59,"الإصحاح الخامس والثلاثون
أخبار أيام ثاني,35,60,"الإصحاح الخامس والثلاثون
أخبار أيام ثاني,35,61,"الإصحاح الخامس والثلاثون
أخبار أيام ثاني,35,62,"الإصحاح الخامس والثلاثون
أخبار أيام ثاني,35,63,"الإصحاح الخامس والثلاثون
أخبار أيام ثاني,35,64,"الإصحاح الخامس والثلاثون
أخبار أيام ثاني,35,65,"الإصحاح الخامس والثلاثون
أخبار أيام ثاني,35,66,"الإصحاح الخامس والثلاثون
أخبار أيام ثاني,35,67,"الإصحاح الخامس والثلاثون
أخبار أيام ثاني,35,68,"الإصحاح الخامس والثلاثون
أخبار أيام ثاني,35,69,"الإصحاح الخامس والثلاثون
أخبار أيام ثاني,35,70,"الإصحاح الخامس والثلاثون
أخبار أيام ثاني,35,71,"الإصحاح الخامس والثلاثون
أخبار أيام ثاني,35,72,"الإصحاح الخامس والثلاثون
أخبار أيام ثاني,35,73,"الإصحاح الخامس والثلاثون
أخبار أيام ثاني,35,74,"الإصحاح الخامس والثلاثون
أخبار أيام ثاني,35,75,"الإصحاح الخامس والثلاثون
أخبار أيام ثاني,35,76,"الإصحاح الخامس والثلاثون
أخبار أيام ثاني,35,77,"الإصحاح الخامس والثلاثون
أخبار أيام ثاني,35,78,"الإصحاح الخامس والثلاثون
أخبار أيام ثاني,35,79,"الإصحاح الخامس والثلاثون
أخبار أيام ثاني,35,80,"الإصحاح الخامس والثلاثون
أخبار أيام ثاني,35,81,"الإصحاح الخامس والثلاثون
أخبار أيام ثاني,35,82,"الإصحاح الخامس والثلاثون
أخبار أيام ثاني,35,83,"الإصحاح الخامس والثلاثون
أخبار أيام ثاني,35,84,"الإصحاح الخامس والثلاثون
أخبار أيام ثاني,35,85,"الإصحاح الخامس والثلاثون
أخبار أيام ثاني,35,86,"الإصحاح الخامس والثلاثون
أخبار أيام ثاني,35,87,"الإصحاح الخامس والثلاثون
أخبار أيام ثاني,35,88,"الإصحاح الخامس والثلاثون
أخبار أيام ثاني,35,89,"الإصحاح الخامس والثلاثون
أخبار أيام ثاني,35,90,"الإصحاح الخامس والثلاثون
أخبار أيام ثاني,35,91,"الإصحاح الخامس والثلاثون
أخبار أيام ثاني,35,92,"الإصحاح الخامس والثلاثون
أخبار أيام ثاني,35,93,"الإصحاح الخامس والثلاثون
أخبار أيام ثاني,35,94,"الإصحاح الخامس والثلاثون
أخبار أيام ثاني,35,95,"الإصحاح الخامس والثلاثون
أخبار أيام ثاني,35,96,"الإصحاح الخامس والثلاثون
أخبار أيام ثاني,35,97,"الإصحاح الخامس والثلاثون
أخبار أيام ثاني,35,98,"الإصحاح الخامس والثلاثون
أخبار أيام ثاني,35,99,"الإصحاح الخامس والثلاثون
أخبار أيام ثاني,36,1,"الإصحاح السادس والثلاثون
أخبار أيام ثاني,36,2,"الإصحاح السادس والثلاثون
أخبار أيام ثاني,36,3,"الإصحاح السادس والثلاثون
أخبار أيام ثاني,36,4,"الإصحاح السادس والثلاثون
أخبار أيام ثاني,36,5,"الإصحاح السادس والثلاثون
أخبار أيام ثاني,36,6,"الإصحاح السادس والثلاثون
أخبار أيام ثاني,36,7,"الإصحاح السادس والثلاثون
أخبار أيام ثاني,36,8,"الإصحاح السادس والثلاثون
أخبار أيام ثاني,36,9,"الإصحاح السادس والثلاثون
أخبار أيام ثاني,36,10,"الإصحاح السادس والثلاثون
أخبار أيام ثاني,36,11,"الإصحاح السادس والثلاثون
أخبار أيام ثاني,36,12,"الإصحاح السادس والثلاثون
أخبار أيام ثاني,36,13,"الإصحاح السادس والثلاثون
أخبار أيام ثاني,36,14,"الإصحاح السادس والثلاثون
أخبار أيام ثاني,36,15,"الإصحاح السادس والثلاثون
أخبار أيام ثاني,36,16,"الإصحاح السادس والثلاثون
أخبار أيام ثاني,36,17,"الإصحاح السادس والثلاثون
أخبار أيام ثاني,36,18,"الإصحاح السادس والثلاثون
أخبار أيام ثاني,36,19,"الإصحاح السادس والثلاثون
أخبار أيام ثاني,36,20,"الإصحاح السادس والثلاثون
أخبار أيام ثاني,36,21,"الإصحاح السادس والثلاثون
أخبار أيام ثاني,36,22,"الإصحاح السادس والثلاثون
أخبار أيام ثاني,36,23,"الإصحاح السادس والثلاثون
أخبار أيام ثاني,36,24,"الإصحاح السادس والثلاثون
أخبار أيام ثاني,36,25,"الإصحاح السادس والثلاثون
أخبار أيام ثاني,36,26,"الإصحاح السادس والثلاثون
أخبار أيام ثاني,36,27,"الإصحاح السادس والثلاثون
أخبار أيام ثاني,36,28,"الإصحاح السادس والثلاثون
أخبار أيام ثاني,36,29,"الإصحاح السادس والثلاثون
أخبار أيام ثاني,36,30,"الإصحاح السادس والثلاثون
أخبار أيام ثاني,36,31,"الإصحاح السادس والثلاثون
أخبار أيام ثاني,36,32,"الإصحاح السادس والثلاثون
أخبار أيام ثاني,36,33,"الإصحاح السادس والثلاثون
أخبار أيام ثاني,36,34,"الإصحاح السادس والثلاثون
أخبار أيام ثاني,36,35,"الإصحاح السادس والثلاثون
أخبار أيام ثاني,36,36,"الإصحاح السادس والثلاثون
أخبار أيام ثاني,36,37,"الإصحاح السادس والثلاثون
أخبار أيام ثاني,36,38,"الإصحاح السادس والثلاثون
أخبار أيام ثاني,36,39,"الإصحاح السادس والثلاثون
أخبار أيام ثاني,36,40,"الإصحاح السادس والثلاثون
أخبار أيام ثاني,36,41,"الإصحاح السادس والثلاثون
أخبار أيام ثاني,36,42,"الإصحاح السادس والثلاثون
أخبار أيام ثاني,36,43,"الإصحاح السادس والثلاثون
أخبار أيام ثاني,36,44,"الإصحاح السادس والثلاثون
أخبار أيام ثاني,36,45,"الإصحاح السادس والثلاثون
أخبار أيام ثاني,36,46,"الإصحاح السادس والثلاثون
أخبار أيام ثاني,36,47,"الإصحاح السادس والثلاثون
أخبار أيام ثاني,36,48,"الإصحاح السادس والثلاثون
أخبار أيام ثاني,36,49,"الإصحاح السادس والثلاثون
أخبار أيام ثاني,36,50,"الإصحاح السادس والثلاثون
أخبار أيام ثاني,36,51,"الإصحاح السادس والثلاثون
أخبار أيام ثاني,36,52,"الإصحاح السادس والثلاثون
أخبار أيام ثاني,36,53,"الإصحاح السادس والثلاثون
أخبار أيام ثاني,36,54,"الإصحاح السادس والثلاثون
أخبار أيام ثاني,36,55,"الإصحاح السادس والثلاثون
أخبار أيام ثاني,36,56,"الإصحاح السادس والثلاثون
أخبار أيام ثاني,36,57,"الإصحاح السادس والثلاثون
أخبار أيام ثاني,36,58,"الإصحاح السادس والثلاثون
أخبار أيام ثاني,36,59,"الإصحاح السادس والثلاثون
أخبار أيام ثاني,36,60,"الإصحاح السادس والثلاثون
أخبار أيام ثاني,36,61,"الإصحاح السادس والثلاثون
أخبار أيام ثاني,36,62,"الإصحاح السادس والثلاثون
أخبار أيام ثاني,36,63,"الإصحاح السادس والثلاثون
أخبار أيام ثاني,36,64,"الإصحاح السادس والثلاثون
أخبار أيام ثاني,36,65,"الإصحاح السادس والثلاثون
أخبار أيام ثاني,36,66,"الإصحاح السادس والثلاثون
أخبار أيام ثاني,36,67,"الإصحاح السادس والثلاثون
أخبار أيام ثاني,36,68,"الإصحاح السادس والثلاثون
أخبار أيام ثاني,36,69,"الإصحاح السادس والثلاثون
أخبار أيام ثاني,36,70,"الإصحاح السادس والثلاثون
أخبار أيام ثاني,36,71,"الإصحاح السادس والثلاثون
أخبار أيام ثاني,36,72,"الإصحاح السادس والثلاثون
أخبار أيام ثاني,36,73,"الإصحاح السادس والثلاثون
أخبار أيام ثاني,36,74,"الإصحاح السادس والثلاثون
أخبار أيام ثاني,36,75,"الإصحاح السادس والثلاثون
أخبار أيام ثاني,36,76,"الإصحاح السادس والثلاثون
أخبار أيام ثاني,36,77,"الإصحاح السادس والثلاثون
أخبار أيام ثاني,36,78,"الإصحاح السادس والثلاثون
أخبار أيام ثاني,36,79,"الإصحاح السادس والثلاثون
أخبار أيام ثاني,36,80,"الإصحاح السادس والثلاثون
أخبار أيام ثاني,36,81,"الإصحاح السادس والثلاثون
أخبار أيام ثاني,36,82,"الإصحاح السادس والثلاثون
أخبار أيام ثاني,36,83,"الإصحاح السادس والثلاثون
أخبار أيام ثاني,36,84,"الإصحاح السادس والثلاثون
أخبار أيام ثاني,36,85,"الإصحاح السادس والثلاثون
أخبار أيام ثاني,36,86,"الإصحاح السادس والثلاثون
أخبار أيام ثاني,36,87,"الإصحاح السادس والثلاثون
أخبار أيام ثاني,36,88,"الإصحاح السادس والثلاثون
أخبار أيام ثاني,36,89,"الإصحاح السادس والثلاثون
أخبار أيام ثاني,36,90,"الإصحاح السادس والثلاثون
أخبار أيام ثاني,36,91,"الإصحاح السادس والثلاثون
أخبار أيام ثاني,36,92,"الإصحاح السادس والثلاثون
أخبار أيام ثاني,36,93,"الإصحاح السادس والثلاثون
أخبار أيام ثاني,36,94,"الإصحاح السادس والثلاثون
أخبار أيام ثاني,36,95,"الإصحاح السادس والثلاثون
أخبار أيام ثاني,36,96,"الإصحاح السادس والثلاثون
أخبار أيام ثاني,36,97,"الإصحاح السادس والثلاثون
أخبار أيام ثاني,36,98,"الإصحاح السادس والثلاثون
أخبار أيام ثاني,36,99,"الإصحاح السادس والثلاثون