book,chapter,verse,tafsir
تثنية,1,1,"المقدمة
تثنية,1,2,"الإصحاح الأول
تثنية,1,3,"الإصحاح الأول
تثنية,1,4,"الإصحاح الأول
تثنية,1,5,"الإصحاح الأول
تثنية,1,6,"الإصحاح الأول
تثنية,1,7,"الإصحاح الأول
تثنية,1,8,"الإصحاح الأول
تثنية,1,9,"الإصحاح الأول
تثنية,1,10,"الإصحاح الأول
تثنية,1,11,"الإصحاح الأول
تثنية,1,12,"الإصحاح الأول
تثنية,1,13,"الإصحاح الأول
تثنية,1,14,"الإصحاح الأول
تثنية,1,15,"الإصحاح الأول
تثنية,1,16,"الإصحاح الأول
تثنية,1,17,"الإصحاح الأول
تثنية,1,18,"الإصحاح الأول
تثنية,1,19,"الإصحاح الأول
تثنية,1,20,"الإصحاح الأول
تثنية,1,21,"الإصحاح الأول
تثنية,1,22,"الإصحاح الأول
تثنية,1,23,"الإصحاح الأول
تثنية,1,24,"الإصحاح الأول
تثنية,1,25,"الإصحاح الأول
تثنية,1,26,"الإصحاح الأول
تثنية,1,27,"الإصحاح الأول
تثنية,1,28,"الإصحاح الأول
تثنية,1,29,"الإصحاح الأول
تثنية,1,30,"الإصحاح الأول
تثنية,1,31,"الإصحاح الأول
تثنية,1,32,"الإصحاح الأول
تثنية,1,33,"الإصحاح الأول
تثنية,1,34,"الإصحاح الأول
تثنية,1,35,"الإصحاح الأول
تثنية,1,36,"الإصحاح الأول
تثنية,1,37,"الإصحاح الأول
تثنية,1,38,"الإصحاح الأول
تثنية,1,39,"الإصحاح الأول
تثنية,1,40,"الإصحاح الأول
تثنية,1,41,"الإصحاح الأول
تثنية,1,42,"الإصحاح الأول
تثنية,1,43,"الإصحاح الأول
تثنية,1,44,"الإصحاح الأول
تثنية,1,45,"الإصحاح الأول
تثنية,1,46,"الإصحاح الأول
تثنية,1,47,"الإصحاح الأول
تثنية,1,48,"الإصحاح الأول
تثنية,1,49,"الإصحاح الأول
تثنية,1,50,"الإصحاح الأول
تثنية,1,51,"الإصحاح الأول
تثنية,1,52,"الإصحاح الأول
تثنية,1,53,"الإصحاح الأول
تثنية,1,54,"الإصحاح الأول
تثنية,1,55,"الإصحاح الأول
تثنية,1,56,"الإصحاح الأول
تثنية,1,57,"الإصحاح الأول
تثنية,1,58,"الإصحاح الأول
تثنية,1,59,"الإصحاح الأول
تثنية,1,60,"الإصحاح الأول
تثنية,1,61,"الإصحاح الأول
تثنية,1,62,"الإصحاح الأول
تثنية,1,63,"الإصحاح الأول
تثنية,1,64,"الإصحاح الأول
تثنية,1,65,"الإصحاح الأول
تثنية,1,66,"الإصحاح الأول
تثنية,1,67,"الإصحاح الأول
تثنية,1,68,"الإصحاح الأول
تثنية,1,69,"الإصحاح الأول
تثنية,1,70,"الإصحاح الأول
تثنية,1,71,"الإصحاح الأول
تثنية,1,72,"الإصحاح الأول
تثنية,1,73,"الإصحاح الأول
تثنية,1,74,"الإصحاح الأول
تثنية,1,75,"الإصحاح الأول
تثنية,1,76,"الإصحاح الأول
تثنية,1,77,"الإصحاح الأول
تثنية,1,78,"الإصحاح الأول
تثنية,1,79,"الإصحاح الأول
تثنية,1,80,"الإصحاح الأول
تثنية,1,81,"الإصحاح الأول
تثنية,1,82,"الإصحاح الأول
تثنية,1,83,"الإصحاح الأول
تثنية,1,84,"الإصحاح الأول
تثنية,1,85,"الإصحاح الأول
تثنية,1,86,"الإصحاح الأول
تثنية,1,87,"الإصحاح الأول
تثنية,1,88,"الإصحاح الأول
تثنية,1,89,"الإصحاح الأول
تثنية,1,90,"الإصحاح الأول
تثنية,1,91,"الإصحاح الأول
تثنية,1,92,"الإصحاح الأول
تثنية,1,93,"الإصحاح الأول
تثنية,1,94,"الإصحاح الأول
تثنية,1,95,"الإصحاح الأول
تثنية,1,96,"الإصحاح الأول
تثنية,1,97,"الإصحاح الأول
تثنية,1,98,"الإصحاح الأول
تثنية,1,99,"الإصحاح الأول
تثنية,2,1,"الإصحاح الثانى
تثنية,2,2,"الإصحاح الثانى
تثنية,2,3,"الإصحاح الثانى
تثنية,2,4,"الإصحاح الثانى
تثنية,2,5,"الإصحاح الثانى
تثنية,2,6,"الإصحاح الثانى
تثنية,2,7,"الإصحاح الثانى
تثنية,2,8,"الإصحاح الثانى
تثنية,2,9,"الإصحاح الثانى
تثنية,2,10,"الإصحاح الثانى
تثنية,2,11,"الإصحاح الثانى
تثنية,2,12,"الإصحاح الثانى
تثنية,2,13,"الإصحاح الثانى
تثنية,2,14,"الإصحاح الثانى
تثنية,2,15,"الإصحاح الثانى
تثنية,2,16,"الإصحاح الثانى
تثنية,2,17,"الإصحاح الثانى
تثنية,2,18,"الإصحاح الثانى
تثنية,2,19,"الإصحاح الثانى
تثنية,2,20,"الإصحاح الثانى
تثنية,2,21,"الإصحاح الثانى
تثنية,2,22,"الإصحاح الثانى
تثنية,2,23,"الإصحاح الثانى
تثنية,2,24,"الإصحاح الثانى
تثنية,2,25,"الإصحاح الثانى
تثنية,2,26,"الإصحاح الثانى
تثنية,2,27,"الإصحاح الثانى
تثنية,2,28,"الإصحاح الثانى
تثنية,2,29,"الإصحاح الثانى
تثنية,2,30,"الإصحاح الثانى
تثنية,2,31,"الإصحاح الثانى
تثنية,2,32,"الإصحاح الثانى
تثنية,2,33,"الإصحاح الثانى
تثنية,2,34,"الإصحاح الثانى
تثنية,2,35,"الإصحاح الثانى
تثنية,2,36,"الإصحاح الثانى
تثنية,2,37,"الإصحاح الثانى
تثنية,2,38,"الإصحاح الثانى
تثنية,2,39,"الإصحاح الثانى
تثنية,2,40,"الإصحاح الثانى
تثنية,2,41,"الإصحاح الثانى
تثنية,2,42,"الإصحاح الثانى
تثنية,2,43,"الإصحاح الثانى
تثنية,2,44,"الإصحاح الثانى
تثنية,2,45,"الإصحاح الثانى
تثنية,2,46,"الإصحاح الثانى
تثنية,2,47,"الإصحاح الثانى
تثنية,2,48,"الإصحاح الثانى
تثنية,2,49,"الإصحاح الثانى
تثنية,2,50,"الإصحاح الثانى
تثنية,2,51,"الإصحاح الثانى
تثنية,2,52,"الإصحاح الثانى
تثنية,2,53,"الإصحاح الثانى
تثنية,2,54,"الإصحاح الثانى
تثنية,2,55,"الإصحاح الثانى
تثنية,2,56,"الإصحاح الثانى
تثنية,2,57,"الإصحاح الثانى
تثنية,2,58,"الإصحاح الثانى
تثنية,2,59,"الإصحاح الثانى
تثنية,2,60,"الإصحاح الثانى
تثنية,2,61,"الإصحاح الثانى
تثنية,2,62,"الإصحاح الثانى
تثنية,2,63,"الإصحاح الثانى
تثنية,2,64,"الإصحاح الثانى
تثنية,2,65,"الإصحاح الثانى
تثنية,2,66,"الإصحاح الثانى
تثنية,2,67,"الإصحاح الثانى
تثنية,2,68,"الإصحاح الثانى
تثنية,2,69,"الإصحاح الثانى
تثنية,2,70,"الإصحاح الثانى
تثنية,2,71,"الإصحاح الثانى
تثنية,2,72,"الإصحاح الثانى
تثنية,2,73,"الإصحاح الثانى
تثنية,2,74,"الإصحاح الثانى
تثنية,2,75,"الإصحاح الثانى
تثنية,2,76,"الإصحاح الثانى
تثنية,2,77,"الإصحاح الثانى
تثنية,2,78,"الإصحاح الثانى
تثنية,2,79,"الإصحاح الثانى
تثنية,2,80,"الإصحاح الثانى
تثنية,2,81,"الإصحاح الثانى
تثنية,2,82,"الإصحاح الثانى
تثنية,2,83,"الإصحاح الثانى
تثنية,2,84,"الإصحاح الثانى
تثنية,2,85,"الإصحاح الثانى
تثنية,2,86,"الإصحاح الثانى
تثنية,2,87,"الإصحاح الثانى
تثنية,2,88,"الإصحاح الثانى
تثنية,2,89,"الإصحاح الثانى
تثنية,2,90,"الإصحاح الثانى
تثنية,2,91,"الإصحاح الثانى
تثنية,2,92,"الإصحاح الثانى
تثنية,2,93,"الإصحاح الثانى
تثنية,2,94,"الإصحاح الثانى
تثنية,2,95,"الإصحاح الثانى
تثنية,2,96,"الإصحاح الثانى
تثنية,2,97,"الإصحاح الثانى
تثنية,2,98,"الإصحاح الثانى
تثنية,2,99,"الإصحاح الثانى
تثنية,3,1,"الإصحاح الثالث
تثنية,3,2,"الإصحاح الثالث
تثنية,3,3,"الإصحاح الثالث
تثنية,3,4,"الإصحاح الثالث
تثنية,3,5,"الإصحاح الثالث
تثنية,3,6,"الإصحاح الثالث
تثنية,3,7,"الإصحاح الثالث
تثنية,3,8,"الإصحاح الثالث
تثنية,3,9,"الإصحاح الثالث
تثنية,3,10,"الإصحاح الثالث
تثنية,3,11,"الإصحاح الثالث
تثنية,3,12,"الإصحاح الثالث
تثنية,3,13,"الإصحاح الثالث
تثنية,3,14,"الإصحاح الثالث
تثنية,3,15,"الإصحاح الثالث
تثنية,3,16,"الإصحاح الثالث
تثنية,3,17,"الإصحاح الثالث
تثنية,3,18,"الإصحاح الثالث
تثنية,3,19,"الإصحاح الثالث
تثنية,3,20,"الإصحاح الثالث
تثنية,3,21,"الإصحاح الثالث
تثنية,3,22,"الإصحاح الثالث
تثنية,3,23,"الإصحاح الثالث
تثنية,3,24,"الإصحاح الثالث
تثنية,3,25,"الإصحاح الثالث
تثنية,3,26,"الإصحاح الثالث
تثنية,3,27,"الإصحاح الثالث
تثنية,3,28,"الإصحاح الثالث
تثنية,3,29,"الإصحاح الثالث
تثنية,3,30,"الإصحاح الثالث
تثنية,3,31,"الإصحاح الثالث
تثنية,3,32,"الإصحاح الثالث
تثنية,3,33,"الإصحاح الثالث
تثنية,3,34,"الإصحاح الثالث
تثنية,3,35,"الإصحاح الثالث
تثنية,3,36,"الإصحاح الثالث
تثنية,3,37,"الإصحاح الثالث
تثنية,3,38,"الإصحاح الثالث
تثنية,3,39,"الإصحاح الثالث
تثنية,3,40,"الإصحاح الثالث
تثنية,3,41,"الإصحاح الثالث
تثنية,3,42,"الإصحاح الثالث
تثنية,3,43,"الإصحاح الثالث
تثنية,3,44,"الإصحاح الثالث
تثنية,3,45,"الإصحاح الثالث
تثنية,3,46,"الإصحاح الثالث
تثنية,3,47,"الإصحاح الثالث
تثنية,3,48,"الإصحاح الثالث
تثنية,3,49,"الإصحاح الثالث
تثنية,3,50,"الإصحاح الثالث
تثنية,3,51,"الإصحاح الثالث
تثنية,3,52,"الإصحاح الثالث
تثنية,3,53,"الإصحاح الثالث
تثنية,3,54,"الإصحاح الثالث
تثنية,3,55,"الإصحاح الثالث
تثنية,3,56,"الإصحاح الثالث
تثنية,3,57,"الإصحاح الثالث
تثنية,3,58,"الإصحاح الثالث
تثنية,3,59,"الإصحاح الثالث
تثنية,3,60,"الإصحاح الثالث
تثنية,3,61,"الإصحاح الثالث
تثنية,3,62,"الإصحاح الثالث
تثنية,3,63,"الإصحاح الثالث
تثنية,3,64,"الإصحاح الثالث
تثنية,3,65,"الإصحاح الثالث
تثنية,3,66,"الإصحاح الثالث
تثنية,3,67,"الإصحاح الثالث
تثنية,3,68,"الإصحاح الثالث
تثنية,3,69,"الإصحاح الثالث
تثنية,3,70,"الإصحاح الثالث
تثنية,3,71,"الإصحاح الثالث
تثنية,3,72,"الإصحاح الثالث
تثنية,3,73,"الإصحاح الثالث
تثنية,3,74,"الإصحاح الثالث
تثنية,3,75,"الإصحاح الثالث
تثنية,3,76,"الإصحاح الثالث
تثنية,3,77,"الإصحاح الثالث
تثنية,3,78,"الإصحاح الثالث
تثنية,3,79,"الإصحاح الثالث
تثنية,3,80,"الإصحاح الثالث
تثنية,3,81,"الإصحاح الثالث
تثنية,3,82,"الإصحاح الثالث
تثنية,3,83,"الإصحاح الثالث
تثنية,3,84,"الإصحاح الثالث
تثنية,3,85,"الإصحاح الثالث
تثنية,3,86,"الإصحاح الثالث
تثنية,3,87,"الإصحاح الثالث
تثنية,3,88,"الإصحاح الثالث
تثنية,3,89,"الإصحاح الثالث
تثنية,3,90,"الإصحاح الثالث
تثنية,3,91,"الإصحاح الثالث
تثنية,3,92,"الإصحاح الثالث
تثنية,3,93,"الإصحاح الثالث
تثنية,3,94,"الإصحاح الثالث
تثنية,3,95,"الإصحاح الثالث
تثنية,3,96,"الإصحاح الثالث
تثنية,3,97,"الإصحاح الثالث
تثنية,3,98,"الإصحاح الثالث
تثنية,3,99,"الإصحاح الثالث
تثنية,4,1,"الإصحاح الرابع
تثنية,4,2,"الإصحاح الرابع
تثنية,4,3,"الإصحاح الرابع
تثنية,4,4,"الإصحاح الرابع
تثنية,4,5,"الإصحاح الرابع
تثنية,4,6,"الإصحاح الرابع
تثنية,4,7,"الإصحاح الرابع
تثنية,4,8,"الإصحاح الرابع
تثنية,4,9,"الإصحاح الرابع
تثنية,4,10,"الإصحاح الرابع
تثنية,4,11,"الإصحاح الرابع
تثنية,4,12,"الإصحاح الرابع
تثنية,4,13,"الإصحاح الرابع
تثنية,4,14,"الإصحاح الرابع
تثنية,4,15,"الإصحاح الرابع
تثنية,4,16,"الإصحاح الرابع
تثنية,4,17,"الإصحاح الرابع
تثنية,4,18,"الإصحاح الرابع
تثنية,4,19,"الإصحاح الرابع
تثنية,4,20,"الإصحاح الرابع
تثنية,4,21,"الإصحاح الرابع
تثنية,4,22,"الإصحاح الرابع
تثنية,4,23,"الإصحاح الرابع
تثنية,4,24,"الإصحاح الرابع
تثنية,4,25,"الإصحاح الرابع
تثنية,4,26,"الإصحاح الرابع
تثنية,4,27,"الإصحاح الرابع
تثنية,4,28,"الإصحاح الرابع
تثنية,4,29,"الإصحاح الرابع
تثنية,4,30,"الإصحاح الرابع
تثنية,4,31,"الإصحاح الرابع
تثنية,4,32,"الإصحاح الرابع
تثنية,4,33,"الإصحاح الرابع
تثنية,4,34,"الإصحاح الرابع
تثنية,4,35,"الإصحاح الرابع
تثنية,4,36,"الإصحاح الرابع
تثنية,4,37,"الإصحاح الرابع
تثنية,4,38,"الإصحاح الرابع
تثنية,4,39,"الإصحاح الرابع
تثنية,4,40,"الإصحاح الرابع
تثنية,4,41,"الإصحاح الرابع
تثنية,4,42,"الإصحاح الرابع
تثنية,4,43,"الإصحاح الرابع
تثنية,4,44,"الإصحاح الرابع
تثنية,4,45,"الإصحاح الرابع
تثنية,4,46,"الإصحاح الرابع
تثنية,4,47,"الإصحاح الرابع
تثنية,4,48,"الإصحاح الرابع
تثنية,4,49,"الإصحاح الرابع
تثنية,4,50,"الإصحاح الرابع
تثنية,4,51,"الإصحاح الرابع
تثنية,4,52,"الإصحاح الرابع
تثنية,4,53,"الإصحاح الرابع
تثنية,4,54,"الإصحاح الرابع
تثنية,4,55,"الإصحاح الرابع
تثنية,4,56,"الإصحاح الرابع
تثنية,4,57,"الإصحاح الرابع
تثنية,4,58,"الإصحاح الرابع
تثنية,4,59,"الإصحاح الرابع
تثنية,4,60,"الإصحاح الرابع
تثنية,4,61,"الإصحاح الرابع
تثنية,4,62,"الإصحاح الرابع
تثنية,4,63,"الإصحاح الرابع
تثنية,4,64,"الإصحاح الرابع
تثنية,4,65,"الإصحاح الرابع
تثنية,4,66,"الإصحاح الرابع
تثنية,4,67,"الإصحاح الرابع
تثنية,4,68,"الإصحاح الرابع
تثنية,4,69,"الإصحاح الرابع
تثنية,4,70,"الإصحاح الرابع
تثنية,4,71,"الإصحاح الرابع
تثنية,4,72,"الإصحاح الرابع
تثنية,4,73,"الإصحاح الرابع
تثنية,4,74,"الإصحاح الرابع
تثنية,4,75,"الإصحاح الرابع
تثنية,4,76,"الإصحاح الرابع
تثنية,4,77,"الإصحاح الرابع
تثنية,4,78,"الإصحاح الرابع
تثنية,4,79,"الإصحاح الرابع
تثنية,4,80,"الإصحاح الرابع
تثنية,4,81,"الإصحاح الرابع
تثنية,4,82,"الإصحاح الرابع
تثنية,4,83,"الإصحاح الرابع
تثنية,4,84,"الإصحاح الرابع
تثنية,4,85,"الإصحاح الرابع
تثنية,4,86,"الإصحاح الرابع
تثنية,4,87,"الإصحاح الرابع
تثنية,4,88,"الإصحاح الرابع
تثنية,4,89,"الإصحاح الرابع
تثنية,4,90,"الإصحاح الرابع
تثنية,4,91,"الإصحاح الرابع
تثنية,4,92,"الإصحاح الرابع
تثنية,4,93,"الإصحاح الرابع
تثنية,4,94,"الإصحاح الرابع
تثنية,4,95,"الإصحاح الرابع
تثنية,4,96,"الإصحاح الرابع
تثنية,4,97,"الإصحاح الرابع
تثنية,4,98,"الإصحاح الرابع
تثنية,4,99,"الإصحاح الرابع
تثنية,5,1,"الإصحاح الخامس
تثنية,5,2,"الإصحاح الخامس
تثنية,5,3,"الإصحاح الخامس
تثنية,5,4,"الإصحاح الخامس
تثنية,5,5,"الإصحاح الخامس
تثنية,5,6,"الإصحاح الخامس
تثنية,5,7,"الإصحاح الخامس
تثنية,5,8,"الإصحاح الخامس
تثنية,5,9,"الإصحاح الخامس
تثنية,5,10,"الإصحاح الخامس
تثنية,5,11,"الإصحاح الخامس
تثنية,5,12,"الإصحاح الخامس
تثنية,5,13,"الإصحاح الخامس
تثنية,5,14,"الإصحاح الخامس
تثنية,5,15,"الإصحاح الخامس
تثنية,5,16,"الإصحاح الخامس
تثنية,5,17,"الإصحاح الخامس
تثنية,5,18,"الإصحاح الخامس
تثنية,5,19,"الإصحاح الخامس
تثنية,5,20,"الإصحاح الخامس
تثنية,5,21,"الإصحاح الخامس
تثنية,5,22,"الإصحاح الخامس
تثنية,5,23,"الإصحاح الخامس
تثنية,5,24,"الإصحاح الخامس
تثنية,5,25,"الإصحاح الخامس
تثنية,5,26,"الإصحاح الخامس
تثنية,5,27,"الإصحاح الخامس
تثنية,5,28,"الإصحاح الخامس
تثنية,5,29,"الإصحاح الخامس
تثنية,5,30,"الإصحاح الخامس
تثنية,5,31,"الإصحاح الخامس
تثنية,5,32,"الإصحاح الخامس
تثنية,5,33,"الإصحاح الخامس
تثنية,5,34,"الإصحاح الخامس
تثنية,5,35,"الإصحاح الخامس
تثنية,5,36,"الإصحاح الخامس
تثنية,5,37,"الإصحاح الخامس
تثنية,5,38,"الإصحاح الخامس
تثنية,5,39,"الإصحاح الخامس
تثنية,5,40,"الإصحاح الخامس
تثنية,5,41,"الإصحاح الخامس
تثنية,5,42,"الإصحاح الخامس
تثنية,5,43,"الإصحاح الخامس
تثنية,5,44,"الإصحاح الخامس
تثنية,5,45,"الإصحاح الخامس
تثنية,5,46,"الإصحاح الخامس
تثنية,5,47,"الإصحاح الخامس
تثنية,5,48,"الإصحاح الخامس
تثنية,5,49,"الإصحاح الخامس
تثنية,5,50,"الإصحاح الخامس
تثنية,5,51,"الإصحاح الخامس
تثنية,5,52,"الإصحاح الخامس
تثنية,5,53,"الإصحاح الخامس
تثنية,5,54,"الإصحاح الخامس
تثنية,5,55,"الإصحاح الخامس
تثنية,5,56,"الإصحاح الخامس
تثنية,5,57,"الإصحاح الخامس
تثنية,5,58,"الإصحاح الخامس
تثنية,5,59,"الإصحاح الخامس
تثنية,5,60,"الإصحاح الخامس
تثنية,5,61,"الإصحاح الخامس
تثنية,5,62,"الإصحاح الخامس
تثنية,5,63,"الإصحاح الخامس
تثنية,5,64,"الإصحاح الخامس
تثنية,5,65,"الإصحاح الخامس
تثنية,5,66,"الإصحاح الخامس
تثنية,5,67,"الإصحاح الخامس
تثنية,5,68,"الإصحاح الخامس
تثنية,5,69,"الإصحاح الخامس
تثنية,5,70,"الإصحاح الخامس
تثنية,5,71,"الإصحاح الخامس
تثنية,5,72,"الإصحاح الخامس
تثنية,5,73,"الإصحاح الخامس
تثنية,5,74,"الإصحاح الخامس
تثنية,5,75,"الإصحاح الخامس
تثنية,5,76,"الإصحاح الخامس
تثنية,5,77,"الإصحاح الخامس
تثنية,5,78,"الإصحاح الخامس
تثنية,5,79,"الإصحاح الخامس
تثنية,5,80,"الإصحاح الخامس
تثنية,5,81,"الإصحاح الخامس
تثنية,5,82,"الإصحاح الخامس
تثنية,5,83,"الإصحاح الخامس
تثنية,5,84,"الإصحاح الخامس
تثنية,5,85,"الإصحاح الخامس
تثنية,5,86,"الإصحاح الخامس
تثنية,5,87,"الإصحاح الخامس
تثنية,5,88,"الإصحاح الخامس
تثنية,5,89,"الإصحاح الخامس
تثنية,5,90,"الإصحاح الخامس
تثنية,5,91,"الإصحاح الخامس
تثنية,5,92,"الإصحاح الخامس
تثنية,5,93,"الإصحاح الخامس
تثنية,5,94,"الإصحاح الخامس
تثنية,5,95,"الإصحاح الخامس
تثنية,5,96,"الإصحاح الخامس
تثنية,5,97,"الإصحاح الخامس
تثنية,5,98,"الإصحاح الخامس
تثنية,5,99,"الإصحاح الخامس
تثنية,6,1,"الإصحاح السادس
تثنية,6,2,"الإصحاح السادس
تثنية,6,3,"الإصحاح السادس
تثنية,6,4,"الإصحاح السادس
تثنية,6,5,"الإصحاح السادس
تثنية,6,6,"الإصحاح السادس
تثنية,6,7,"الإصحاح السادس
تثنية,6,8,"الإصحاح السادس
تثنية,6,9,"الإصحاح السادس
تثنية,6,10,"الإصحاح السادس
تثنية,6,11,"الإصحاح السادس
تثنية,6,12,"الإصحاح السادس
تثنية,6,13,"الإصحاح السادس
تثنية,6,14,"الإصحاح السادس
تثنية,6,15,"الإصحاح السادس
تثنية,6,16,"الإصحاح السادس
تثنية,6,17,"الإصحاح السادس
تثنية,6,18,"الإصحاح السادس
تثنية,6,19,"الإصحاح السادس
تثنية,6,20,"الإصحاح السادس
تثنية,6,21,"الإصحاح السادس
تثنية,6,22,"الإصحاح السادس
تثنية,6,23,"الإصحاح السادس
تثنية,6,24,"الإصحاح السادس
تثنية,6,25,"الإصحاح السادس
تثنية,6,26,"الإصحاح السادس
تثنية,6,27,"الإصحاح السادس
تثنية,6,28,"الإصحاح السادس
تثنية,6,29,"الإصحاح السادس
تثنية,6,30,"الإصحاح السادس
تثنية,6,31,"الإصحاح السادس
تثنية,6,32,"الإصحاح السادس
تثنية,6,33,"الإصحاح السادس
تثنية,6,34,"الإصحاح السادس
تثنية,6,35,"الإصحاح السادس
تثنية,6,36,"الإصحاح السادس
تثنية,6,37,"الإصحاح السادس
تثنية,6,38,"الإصحاح السادس
تثنية,6,39,"الإصحاح السادس
تثنية,6,40,"الإصحاح السادس
تثنية,6,41,"الإصحاح السادس
تثنية,6,42,"الإصحاح السادس
تثنية,6,43,"الإصحاح السادس
تثنية,6,44,"الإصحاح السادس
تثنية,6,45,"الإصحاح السادس
تثنية,6,46,"الإصحاح السادس
تثنية,6,47,"الإصحاح السادس
تثنية,6,48,"الإصحاح السادس
تثنية,6,49,"الإصحاح السادس
تثنية,6,50,"الإصحاح السادس
تثنية,6,51,"الإصحاح السادس
تثنية,6,52,"الإصحاح السادس
تثنية,6,53,"الإصحاح السادس
تثنية,6,54,"الإصحاح السادس
تثنية,6,55,"الإصحاح السادس
تثنية,6,56,"الإصحاح السادس
تثنية,6,57,"الإصحاح السادس
تثنية,6,58,"الإصحاح السادس
تثنية,6,59,"الإصحاح السادس
تثنية,6,60,"الإصحاح السادس
تثنية,6,61,"الإصحاح السادس
تثنية,6,62,"الإصحاح السادس
تثنية,6,63,"الإصحاح السادس
تثنية,6,64,"الإصحاح السادس
تثنية,6,65,"الإصحاح السادس
تثنية,6,66,"الإصحاح السادس
تثنية,6,67,"الإصحاح السادس
تثنية,6,68,"الإصحاح السادس
تثنية,6,69,"الإصحاح السادس
تثنية,6,70,"الإصحاح السادس
تثنية,6,71,"الإصحاح السادس
تثنية,6,72,"الإصحاح السادس
تثنية,6,73,"الإصحاح السادس
تثنية,6,74,"الإصحاح السادس
تثنية,6,75,"الإصحاح السادس
تثنية,6,76,"الإصحاح السادس
تثنية,6,77,"الإصحاح السادس
تثنية,6,78,"الإصحاح السادس
تثنية,6,79,"الإصحاح السادس
تثنية,6,80,"الإصحاح السادس
تثنية,6,81,"الإصحاح السادس
تثنية,6,82,"الإصحاح السادس
تثنية,6,83,"الإصحاح السادس
تثنية,6,84,"الإصحاح السادس
تثنية,6,85,"الإصحاح السادس
تثنية,6,86,"الإصحاح السادس
تثنية,6,87,"الإصحاح السادس
تثنية,6,88,"الإصحاح السادس
تثنية,6,89,"الإصحاح السادس
تثنية,6,90,"الإصحاح السادس
تثنية,6,91,"الإصحاح السادس
تثنية,6,92,"الإصحاح السادس
تثنية,6,93,"الإصحاح السادس
تثنية,6,94,"الإصحاح السادس
تثنية,6,95,"الإصحاح السادس
تثنية,6,96,"الإصحاح السادس
تثنية,6,97,"الإصحاح السادس
تثنية,6,98,"الإصحاح السادس
تثنية,6,99,"الإصحاح السادس
تثنية,7,1,"الإصحاح السابع
تثنية,7,2,"الإصحاح السابع
تثنية,7,3,"الإصحاح السابع
تثنية,7,4,"الإصحاح السابع
تثنية,7,5,"الإصحاح السابع
تثنية,7,6,"الإصحاح السابع
تثنية,7,7,"الإصحاح السابع
تثنية,7,8,"الإصحاح السابع
تثنية,7,9,"الإصحاح السابع
تثنية,7,10,"الإصحاح السابع
تثنية,7,11,"الإصحاح السابع
تثنية,7,12,"الإصحاح السابع
تثنية,7,13,"الإصحاح السابع
تثنية,7,14,"الإصحاح السابع
تثنية,7,15,"الإصحاح السابع
تثنية,7,16,"الإصحاح السابع
تثنية,7,17,"الإصحاح السابع
تثنية,7,18,"الإصحاح السابع
تثنية,7,19,"الإصحاح السابع
تثنية,7,20,"الإصحاح السابع
تثنية,7,21,"الإصحاح السابع
تثنية,7,22,"الإصحاح السابع
تثنية,7,23,"الإصحاح السابع
تثنية,7,24,"الإصحاح السابع
تثنية,7,25,"الإصحاح السابع
تثنية,7,26,"الإصحاح السابع
تثنية,7,27,"الإصحاح السابع
تثنية,7,28,"الإصحاح السابع
تثنية,7,29,"الإصحاح السابع
تثنية,7,30,"الإصحاح السابع
تثنية,7,31,"الإصحاح السابع
تثنية,7,32,"الإصحاح السابع
تثنية,7,33,"الإصحاح السابع
تثنية,7,34,"الإصحاح السابع
تثنية,7,35,"الإصحاح السابع
تثنية,7,36,"الإصحاح السابع
تثنية,7,37,"الإصحاح السابع
تثنية,7,38,"الإصحاح السابع
تثنية,7,39,"الإصحاح السابع
تثنية,7,40,"الإصحاح السابع
تثنية,7,41,"الإصحاح السابع
تثنية,7,42,"الإصحاح السابع
تثنية,7,43,"الإصحاح السابع
تثنية,7,44,"الإصحاح السابع
تثنية,7,45,"الإصحاح السابع
تثنية,7,46,"الإصحاح السابع
تثنية,7,47,"الإصحاح السابع
تثنية,7,48,"الإصحاح السابع
تثنية,7,49,"الإصحاح السابع
تثنية,7,50,"الإصحاح السابع
تثنية,7,51,"الإصحاح السابع
تثنية,7,52,"الإصحاح السابع
تثنية,7,53,"الإصحاح السابع
تثنية,7,54,"الإصحاح السابع
تثنية,7,55,"الإصحاح السابع
تثنية,7,56,"الإصحاح السابع
تثنية,7,57,"الإصحاح السابع
تثنية,7,58,"الإصحاح السابع
تثنية,7,59,"الإصحاح السابع
تثنية,7,60,"الإصحاح السابع
تثنية,7,61,"الإصحاح السابع
تثنية,7,62,"الإصحاح السابع
تثنية,7,63,"الإصحاح السابع
تثنية,7,64,"الإصحاح السابع
تثنية,7,65,"الإصحاح السابع
تثنية,7,66,"الإصحاح السابع
تثنية,7,67,"الإصحاح السابع
تثنية,7,68,"الإصحاح السابع
تثنية,7,69,"الإصحاح السابع
تثنية,7,70,"الإصحاح السابع
تثنية,7,71,"الإصحاح السابع
تثنية,7,72,"الإصحاح السابع
تثنية,7,73,"الإصحاح السابع
تثنية,7,74,"الإصحاح السابع
تثنية,7,75,"الإصحاح السابع
تثنية,7,76,"الإصحاح السابع
تثنية,7,77,"الإصحاح السابع
تثنية,7,78,"الإصحاح السابع
تثنية,7,79,"الإصحاح السابع
تثنية,7,80,"الإصحاح السابع
تثنية,7,81,"الإصحاح السابع
تثنية,7,82,"الإصحاح السابع
تثنية,7,83,"الإصحاح السابع
تثنية,7,84,"الإصحاح السابع
تثنية,7,85,"الإصحاح السابع
تثنية,7,86,"الإصحاح السابع
تثنية,7,87,"الإصحاح السابع
تثنية,7,88,"الإصحاح السابع
تثنية,7,89,"الإصحاح السابع
تثنية,7,90,"الإصحاح السابع
تثنية,7,91,"الإصحاح السابع
تثنية,7,92,"الإصحاح السابع
تثنية,7,93,"الإصحاح السابع
تثنية,7,94,"الإصحاح السابع
تثنية,7,95,"الإصحاح السابع
تثنية,7,96,"الإصحاح السابع
تثنية,7,97,"الإصحاح السابع
تثنية,7,98,"الإصحاح السابع
تثنية,7,99,"الإصحاح السابع
تثنية,8,1,"الإصحاح الثامن
تثنية,8,2,"الإصحاح الثامن
تثنية,8,3,"الإصحاح الثامن
تثنية,8,4,"الإصحاح الثامن
تثنية,8,5,"الإصحاح الثامن
تثنية,8,6,"الإصحاح الثامن
تثنية,8,7,"الإصحاح الثامن
تثنية,8,8,"الإصحاح الثامن
تثنية,8,9,"الإصحاح الثامن
تثنية,8,10,"الإصحاح الثامن
تثنية,8,11,"الإصحاح الثامن
تثنية,8,12,"الإصحاح الثامن
تثنية,8,13,"الإصحاح الثامن
تثنية,8,14,"الإصحاح الثامن
تثنية,8,15,"الإصحاح الثامن
تثنية,8,16,"الإصحاح الثامن
تثنية,8,17,"الإصحاح الثامن
تثنية,8,18,"الإصحاح الثامن
تثنية,8,19,"الإصحاح الثامن
تثنية,8,20,"الإصحاح الثامن
تثنية,8,21,"الإصحاح الثامن
تثنية,8,22,"الإصحاح الثامن
تثنية,8,23,"الإصحاح الثامن
تثنية,8,24,"الإصحاح الثامن
تثنية,8,25,"الإصحاح الثامن
تثنية,8,26,"الإصحاح الثامن
تثنية,8,27,"الإصحاح الثامن
تثنية,8,28,"الإصحاح الثامن
تثنية,8,29,"الإصحاح الثامن
تثنية,8,30,"الإصحاح الثامن
تثنية,8,31,"الإصحاح الثامن
تثنية,8,32,"الإصحاح الثامن
تثنية,8,33,"الإصحاح الثامن
تثنية,8,34,"الإصحاح الثامن
تثنية,8,35,"الإصحاح الثامن
تثنية,8,36,"الإصحاح الثامن
تثنية,8,37,"الإصحاح الثامن
تثنية,8,38,"الإصحاح الثامن
تثنية,8,39,"الإصحاح الثامن
تثنية,8,40,"الإصحاح الثامن
تثنية,8,41,"الإصحاح الثامن
تثنية,8,42,"الإصحاح الثامن
تثنية,8,43,"الإصحاح الثامن
تثنية,8,44,"الإصحاح الثامن
تثنية,8,45,"الإصحاح الثامن
تثنية,8,46,"الإصحاح الثامن
تثنية,8,47,"الإصحاح الثامن
تثنية,8,48,"الإصحاح الثامن
تثنية,8,49,"الإصحاح الثامن
تثنية,8,50,"الإصحاح الثامن
تثنية,8,51,"الإصحاح الثامن
تثنية,8,52,"الإصحاح الثامن
تثنية,8,53,"الإصحاح الثامن
تثنية,8,54,"الإصحاح الثامن
تثنية,8,55,"الإصحاح الثامن
تثنية,8,56,"الإصحاح الثامن
تثنية,8,57,"الإصحاح الثامن
تثنية,8,58,"الإصحاح الثامن
تثنية,8,59,"الإصحاح الثامن
تثنية,8,60,"الإصحاح الثامن
تثنية,8,61,"الإصحاح الثامن
تثنية,8,62,"الإصحاح الثامن
تثنية,8,63,"الإصحاح الثامن
تثنية,8,64,"الإصحاح الثامن
تثنية,8,65,"الإصحاح الثامن
تثنية,8,66,"الإصحاح الثامن
تثنية,8,67,"الإصحاح الثامن
تثنية,8,68,"الإصحاح الثامن
تثنية,8,69,"الإصحاح الثامن
تثنية,8,70,"الإصحاح الثامن
تثنية,8,71,"الإصحاح الثامن
تثنية,8,72,"الإصحاح الثامن
تثنية,8,73,"الإصحاح الثامن
تثنية,8,74,"الإصحاح الثامن
تثنية,8,75,"الإصحاح الثامن
تثنية,8,76,"الإصحاح الثامن
تثنية,8,77,"الإصحاح الثامن
تثنية,8,78,"الإصحاح الثامن
تثنية,8,79,"الإصحاح الثامن
تثنية,8,80,"الإصحاح الثامن
تثنية,8,81,"الإصحاح الثامن
تثنية,8,82,"الإصحاح الثامن
تثنية,8,83,"الإصحاح الثامن
تثنية,8,84,"الإصحاح الثامن
تثنية,8,85,"الإصحاح الثامن
تثنية,8,86,"الإصحاح الثامن
تثنية,8,87,"الإصحاح الثامن
تثنية,8,88,"الإصحاح الثامن
تثنية,8,89,"الإصحاح الثامن
تثنية,8,90,"الإصحاح الثامن
تثنية,8,91,"الإصحاح الثامن
تثنية,8,92,"الإصحاح الثامن
تثنية,8,93,"الإصحاح الثامن
تثنية,8,94,"الإصحاح الثامن
تثنية,8,95,"الإصحاح الثامن
تثنية,8,96,"الإصحاح الثامن
تثنية,8,97,"الإصحاح الثامن
تثنية,8,98,"الإصحاح الثامن
تثنية,8,99,"الإصحاح الثامن
تثنية,9,1,"الإصحاح التاسع
تثنية,9,2,"الإصحاح التاسع
تثنية,9,3,"الإصحاح التاسع
تثنية,9,4,"الإصحاح التاسع
تثنية,9,5,"الإصحاح التاسع
تثنية,9,6,"الإصحاح التاسع
تثنية,9,7,"الإصحاح التاسع
تثنية,9,8,"الإصحاح التاسع
تثنية,9,9,"الإصحاح التاسع
تثنية,9,10,"الإصحاح التاسع
تثنية,9,11,"الإصحاح التاسع
تثنية,9,12,"الإصحاح التاسع
تثنية,9,13,"الإصحاح التاسع
تثنية,9,14,"الإصحاح التاسع
تثنية,9,15,"الإصحاح التاسع
تثنية,9,16,"الإصحاح التاسع
تثنية,9,17,"الإصحاح التاسع
تثنية,9,18,"الإصحاح التاسع
تثنية,9,19,"الإصحاح التاسع
تثنية,9,20,"الإصحاح التاسع
تثنية,9,21,"الإصحاح التاسع
تثنية,9,22,"الإصحاح التاسع
تثنية,9,23,"الإصحاح التاسع
تثنية,9,24,"الإصحاح التاسع
تثنية,9,25,"الإصحاح التاسع
تثنية,9,26,"الإصحاح التاسع
تثنية,9,27,"الإصحاح التاسع
تثنية,9,28,"الإصحاح التاسع
تثنية,9,29,"الإصحاح التاسع
تثنية,9,30,"الإصحاح التاسع
تثنية,9,31,"الإصحاح التاسع
تثنية,9,32,"الإصحاح التاسع
تثنية,9,33,"الإصحاح التاسع
تثنية,9,34,"الإصحاح التاسع
تثنية,9,35,"الإصحاح التاسع
تثنية,9,36,"الإصحاح التاسع
تثنية,9,37,"الإصحاح التاسع
تثنية,9,38,"الإصحاح التاسع
تثنية,9,39,"الإصحاح التاسع
تثنية,9,40,"الإصحاح التاسع
تثنية,9,41,"الإصحاح التاسع
تثنية,9,42,"الإصحاح التاسع
تثنية,9,43,"الإصحاح التاسع
تثنية,9,44,"الإصحاح التاسع
تثنية,9,45,"الإصحاح التاسع
تثنية,9,46,"الإصحاح التاسع
تثنية,9,47,"الإصحاح التاسع
تثنية,9,48,"الإصحاح التاسع
تثنية,9,49,"الإصحاح التاسع
تثنية,9,50,"الإصحاح التاسع
تثنية,9,51,"الإصحاح التاسع
تثنية,9,52,"الإصحاح التاسع
تثنية,9,53,"الإصحاح التاسع
تثنية,9,54,"الإصحاح التاسع
تثنية,9,55,"الإصحاح التاسع
تثنية,9,56,"الإصحاح التاسع
تثنية,9,57,"الإصحاح التاسع
تثنية,9,58,"الإصحاح التاسع
تثنية,9,59,"الإصحاح التاسع
تثنية,9,60,"الإصحاح التاسع
تثنية,9,61,"الإصحاح التاسع
تثنية,9,62,"الإصحاح التاسع
تثنية,9,63,"الإصحاح التاسع
تثنية,9,64,"الإصحاح التاسع
تثنية,9,65,"الإصحاح التاسع
تثنية,9,66,"الإصحاح التاسع
تثنية,9,67,"الإصحاح التاسع
تثنية,9,68,"الإصحاح التاسع
تثنية,9,69,"الإصحاح التاسع
تثنية,9,70,"الإصحاح التاسع
تثنية,9,71,"الإصحاح التاسع
تثنية,9,72,"الإصحاح التاسع
تثنية,9,73,"الإصحاح التاسع
تثنية,9,74,"الإصحاح التاسع
تثنية,9,75,"الإصحاح التاسع
تثنية,9,76,"الإصحاح التاسع
تثنية,9,77,"الإصحاح التاسع
تثنية,9,78,"الإصحاح التاسع
تثنية,9,79,"الإصحاح التاسع
تثنية,9,80,"الإصحاح التاسع
تثنية,9,81,"الإصحاح التاسع
تثنية,9,82,"الإصحاح التاسع
تثنية,9,83,"الإصحاح التاسع
تثنية,9,84,"الإصحاح التاسع
تثنية,9,85,"الإصحاح التاسع
تثنية,9,86,"الإصحاح التاسع
تثنية,9,87,"الإصحاح التاسع
تثنية,9,88,"الإصحاح التاسع
تثنية,9,89,"الإصحاح التاسع
تثنية,9,90,"الإصحاح التاسع
تثنية,9,91,"الإصحاح التاسع
تثنية,9,92,"الإصحاح التاسع
تثنية,9,93,"الإصحاح التاسع
تثنية,9,94,"الإصحاح التاسع
تثنية,9,95,"الإصحاح التاسع
تثنية,9,96,"الإصحاح التاسع
تثنية,9,97,"الإصحاح التاسع
تثنية,9,98,"الإصحاح التاسع
تثنية,9,99,"الإصحاح التاسع
تثنية,10,1,"الإصحاح العاشر
تثنية,10,2,"الإصحاح العاشر
تثنية,10,3,"الإصحاح العاشر
تثنية,10,4,"الإصحاح العاشر
تثنية,10,5,"الإصحاح العاشر
تثنية,10,6,"الإصحاح العاشر
تثنية,10,7,"الإصحاح العاشر
تثنية,10,8,"الإصحاح العاشر
تثنية,10,9,"الإصحاح العاشر
تثنية,10,10,"الإصحاح العاشر
تثنية,10,11,"الإصحاح العاشر
تثنية,10,12,"الإصحاح العاشر
تثنية,10,13,"الإصحاح العاشر
تثنية,10,14,"الإصحاح العاشر
تثنية,10,15,"الإصحاح العاشر
تثنية,10,16,"الإصحاح العاشر
تثنية,10,17,"الإصحاح العاشر
تثنية,10,18,"الإصحاح العاشر
تثنية,10,19,"الإصحاح العاشر
تثنية,10,20,"الإصحاح العاشر
تثنية,10,21,"الإصحاح العاشر
تثنية,10,22,"الإصحاح العاشر
تثنية,10,23,"الإصحاح العاشر
تثنية,10,24,"الإصحاح العاشر
تثنية,10,25,"الإصحاح العاشر
تثنية,10,26,"الإصحاح العاشر
تثنية,10,27,"الإصحاح العاشر
تثنية,10,28,"الإصحاح العاشر
تثنية,10,29,"الإصحاح العاشر
تثنية,10,30,"الإصحاح العاشر
تثنية,10,31,"الإصحاح العاشر
تثنية,10,32,"الإصحاح العاشر
تثنية,10,33,"الإصحاح العاشر
تثنية,10,34,"الإصحاح العاشر
تثنية,10,35,"الإصحاح العاشر
تثنية,10,36,"الإصحاح العاشر
تثنية,10,37,"الإصحاح العاشر
تثنية,10,38,"الإصحاح العاشر
تثنية,10,39,"الإصحاح العاشر
تثنية,10,40,"الإصحاح العاشر
تثنية,10,41,"الإصحاح العاشر
تثنية,10,42,"الإصحاح العاشر
تثنية,10,43,"الإصحاح العاشر
تثنية,10,44,"الإصحاح العاشر
تثنية,10,45,"الإصحاح العاشر
تثنية,10,46,"الإصحاح العاشر
تثنية,10,47,"الإصحاح العاشر
تثنية,10,48,"الإصحاح العاشر
تثنية,10,49,"الإصحاح العاشر
تثنية,10,50,"الإصحاح العاشر
تثنية,10,51,"الإصحاح العاشر
تثنية,10,52,"الإصحاح العاشر
تثنية,10,53,"الإصحاح العاشر
تثنية,10,54,"الإصحاح العاشر
تثنية,10,55,"الإصحاح العاشر
تثنية,10,56,"الإصحاح العاشر
تثنية,10,57,"الإصحاح العاشر
تثنية,10,58,"الإصحاح العاشر
تثنية,10,59,"الإصحاح العاشر
تثنية,10,60,"الإصحاح العاشر
تثنية,10,61,"الإصحاح العاشر
تثنية,10,62,"الإصحاح العاشر
تثنية,10,63,"الإصحاح العاشر
تثنية,10,64,"الإصحاح العاشر
تثنية,10,65,"الإصحاح العاشر
تثنية,10,66,"الإصحاح العاشر
تثنية,10,67,"الإصحاح العاشر
تثنية,10,68,"الإصحاح العاشر
تثنية,10,69,"الإصحاح العاشر
تثنية,10,70,"الإصحاح العاشر
تثنية,10,71,"الإصحاح العاشر
تثنية,10,72,"الإصحاح العاشر
تثنية,10,73,"الإصحاح العاشر
تثنية,10,74,"الإصحاح العاشر
تثنية,10,75,"الإصحاح العاشر
تثنية,10,76,"الإصحاح العاشر
تثنية,10,77,"الإصحاح العاشر
تثنية,10,78,"الإصحاح العاشر
تثنية,10,79,"الإصحاح العاشر
تثنية,10,80,"الإصحاح العاشر
تثنية,10,81,"الإصحاح العاشر
تثنية,10,82,"الإصحاح العاشر
تثنية,10,83,"الإصحاح العاشر
تثنية,10,84,"الإصحاح العاشر
تثنية,10,85,"الإصحاح العاشر
تثنية,10,86,"الإصحاح العاشر
تثنية,10,87,"الإصحاح العاشر
تثنية,10,88,"الإصحاح العاشر
تثنية,10,89,"الإصحاح العاشر
تثنية,10,90,"الإصحاح العاشر
تثنية,10,91,"الإصحاح العاشر
تثنية,10,92,"الإصحاح العاشر
تثنية,10,93,"الإصحاح العاشر
تثنية,10,94,"الإصحاح العاشر
تثنية,10,95,"الإصحاح العاشر
تثنية,10,96,"الإصحاح العاشر
تثنية,10,97,"الإصحاح العاشر
تثنية,10,98,"الإصحاح العاشر
تثنية,10,99,"الإصحاح العاشر
تثنية,11,1,"الإصحاح الحادى عشر
تثنية,11,2,"الإصحاح الحادى عشر
تثنية,11,3,"الإصحاح الحادى عشر
تثنية,11,4,"الإصحاح الحادى عشر
تثنية,11,5,"الإصحاح الحادى عشر
تثنية,11,6,"الإصحاح الحادى عشر
تثنية,11,7,"الإصحاح الحادى عشر
تثنية,11,8,"الإصحاح الحادى عشر
تثنية,11,9,"الإصحاح الحادى عشر
تثنية,11,10,"الإصحاح الحادى عشر
تثنية,11,11,"الإصحاح الحادى عشر
تثنية,11,12,"الإصحاح الحادى عشر
تثنية,11,13,"الإصحاح الحادى عشر
تثنية,11,14,"الإصحاح الحادى عشر
تثنية,11,15,"الإصحاح الحادى عشر
تثنية,11,16,"الإصحاح الحادى عشر
تثنية,11,17,"الإصحاح الحادى عشر
تثنية,11,18,"الإصحاح الحادى عشر
تثنية,11,19,"الإصحاح الحادى عشر
تثنية,11,20,"الإصحاح الحادى عشر
تثنية,11,21,"الإصحاح الحادى عشر
تثنية,11,22,"الإصحاح الحادى عشر
تثنية,11,23,"الإصحاح الحادى عشر
تثنية,11,24,"الإصحاح الحادى عشر
تثنية,11,25,"الإصحاح الحادى عشر
تثنية,11,26,"الإصحاح الحادى عشر
تثنية,11,27,"الإصحاح الحادى عشر
تثنية,11,28,"الإصحاح الحادى عشر
تثنية,11,29,"الإصحاح الحادى عشر
تثنية,11,30,"الإصحاح الحادى عشر
تثنية,11,31,"الإصحاح الحادى عشر
تثنية,11,32,"الإصحاح الحادى عشر
تثنية,11,33,"الإصحاح الحادى عشر
تثنية,11,34,"الإصحاح الحادى عشر
تثنية,11,35,"الإصحاح الحادى عشر
تثنية,11,36,"الإصحاح الحادى عشر
تثنية,11,37,"الإصحاح الحادى عشر
تثنية,11,38,"الإصحاح الحادى عشر
تثنية,11,39,"الإصحاح الحادى عشر
تثنية,11,40,"الإصحاح الحادى عشر
تثنية,11,41,"الإصحاح الحادى عشر
تثنية,11,42,"الإصحاح الحادى عشر
تثنية,11,43,"الإصحاح الحادى عشر
تثنية,11,44,"الإصحاح الحادى عشر
تثنية,11,45,"الإصحاح الحادى عشر
تثنية,11,46,"الإصحاح الحادى عشر
تثنية,11,47,"الإصحاح الحادى عشر
تثنية,11,48,"الإصحاح الحادى عشر
تثنية,11,49,"الإصحاح الحادى عشر
تثنية,11,50,"الإصحاح الحادى عشر
تثنية,11,51,"الإصحاح الحادى عشر
تثنية,11,52,"الإصحاح الحادى عشر
تثنية,11,53,"الإصحاح الحادى عشر
تثنية,11,54,"الإصحاح الحادى عشر
تثنية,11,55,"الإصحاح الحادى عشر
تثنية,11,56,"الإصحاح الحادى عشر
تثنية,11,57,"الإصحاح الحادى عشر
تثنية,11,58,"الإصحاح الحادى عشر
تثنية,11,59,"الإصحاح الحادى عشر
تثنية,11,60,"الإصحاح الحادى عشر
تثنية,11,61,"الإصحاح الحادى عشر
تثنية,11,62,"الإصحاح الحادى عشر
تثنية,11,63,"الإصحاح الحادى عشر
تثنية,11,64,"الإصحاح الحادى عشر
تثنية,11,65,"الإصحاح الحادى عشر
تثنية,11,66,"الإصحاح الحادى عشر
تثنية,11,67,"الإصحاح الحادى عشر
تثنية,11,68,"الإصحاح الحادى عشر
تثنية,11,69,"الإصحاح الحادى عشر
تثنية,11,70,"الإصحاح الحادى عشر
تثنية,11,71,"الإصحاح الحادى عشر
تثنية,11,72,"الإصحاح الحادى عشر
تثنية,11,73,"الإصحاح الحادى عشر
تثنية,11,74,"الإصحاح الحادى عشر
تثنية,11,75,"الإصحاح الحادى عشر
تثنية,11,76,"الإصحاح الحادى عشر
تثنية,11,77,"الإصحاح الحادى عشر
تثنية,11,78,"الإصحاح الحادى عشر
تثنية,11,79,"الإصحاح الحادى عشر
تثنية,11,80,"الإصحاح الحادى عشر
تثنية,11,81,"الإصحاح الحادى عشر
تثنية,11,82,"الإصحاح الحادى عشر
تثنية,11,83,"الإصحاح الحادى عشر
تثنية,11,84,"الإصحاح الحادى عشر
تثنية,11,85,"الإصحاح الحادى عشر
تثنية,11,86,"الإصحاح الحادى عشر
تثنية,11,87,"الإصحاح الحادى عشر
تثنية,11,88,"الإصحاح الحادى عشر
تثنية,11,89,"الإصحاح الحادى عشر
تثنية,11,90,"الإصحاح الحادى عشر
تثنية,11,91,"الإصحاح الحادى عشر
تثنية,11,92,"الإصحاح الحادى عشر
تثنية,11,93,"الإصحاح الحادى عشر
تثنية,11,94,"الإصحاح الحادى عشر
تثنية,11,95,"الإصحاح الحادى عشر
تثنية,11,96,"الإصحاح الحادى عشر
تثنية,11,97,"الإصحاح الحادى عشر
تثنية,11,98,"الإصحاح الحادى عشر
تثنية,11,99,"الإصحاح الحادى عشر
تثنية,12,1,"الإصحاح الثانى عشر
تثنية,12,2,"الإصحاح الثانى عشر
تثنية,12,3,"الإصحاح الثانى عشر
تثنية,12,4,"الإصحاح الثانى عشر
تثنية,12,5,"الإصحاح الثانى عشر
تثنية,12,6,"الإصحاح الثانى عشر
تثنية,12,7,"الإصحاح الثانى عشر
تثنية,12,8,"الإصحاح الثانى عشر
تثنية,12,9,"الإصحاح الثانى عشر
تثنية,12,10,"الإصحاح الثانى عشر
تثنية,12,11,"الإصحاح الثانى عشر
تثنية,12,12,"الإصحاح الثانى عشر
تثنية,12,13,"الإصحاح الثانى عشر
تثنية,12,14,"الإصحاح الثانى عشر
تثنية,12,15,"الإصحاح الثانى عشر
تثنية,12,16,"الإصحاح الثانى عشر
تثنية,12,17,"الإصحاح الثانى عشر
تثنية,12,18,"الإصحاح الثانى عشر
تثنية,12,19,"الإصحاح الثانى عشر
تثنية,12,20,"الإصحاح الثانى عشر
تثنية,12,21,"الإصحاح الثانى عشر
تثنية,12,22,"الإصحاح الثانى عشر
تثنية,12,23,"الإصحاح الثانى عشر
تثنية,12,24,"الإصحاح الثانى عشر
تثنية,12,25,"الإصحاح الثانى عشر
تثنية,12,26,"الإصحاح الثانى عشر
تثنية,12,27,"الإصحاح الثانى عشر
تثنية,12,28,"الإصحاح الثانى عشر
تثنية,12,29,"الإصحاح الثانى عشر
تثنية,12,30,"الإصحاح الثانى عشر
تثنية,12,31,"الإصحاح الثانى عشر
تثنية,12,32,"الإصحاح الثانى عشر
تثنية,12,33,"الإصحاح الثانى عشر
تثنية,12,34,"الإصحاح الثانى عشر
تثنية,12,35,"الإصحاح الثانى عشر
تثنية,12,36,"الإصحاح الثانى عشر
تثنية,12,37,"الإصحاح الثانى عشر
تثنية,12,38,"الإصحاح الثانى عشر
تثنية,12,39,"الإصحاح الثانى عشر
تثنية,12,40,"الإصحاح الثانى عشر
تثنية,12,41,"الإصحاح الثانى عشر
تثنية,12,42,"الإصحاح الثانى عشر
تثنية,12,43,"الإصحاح الثانى عشر
تثنية,12,44,"الإصحاح الثانى عشر
تثنية,12,45,"الإصحاح الثانى عشر
تثنية,12,46,"الإصحاح الثانى عشر
تثنية,12,47,"الإصحاح الثانى عشر
تثنية,12,48,"الإصحاح الثانى عشر
تثنية,12,49,"الإصحاح الثانى عشر
تثنية,12,50,"الإصحاح الثانى عشر
تثنية,12,51,"الإصحاح الثانى عشر
تثنية,12,52,"الإصحاح الثانى عشر
تثنية,12,53,"الإصحاح الثانى عشر
تثنية,12,54,"الإصحاح الثانى عشر
تثنية,12,55,"الإصحاح الثانى عشر
تثنية,12,56,"الإصحاح الثانى عشر
تثنية,12,57,"الإصحاح الثانى عشر
تثنية,12,58,"الإصحاح الثانى عشر
تثنية,12,59,"الإصحاح الثانى عشر
تثنية,12,60,"الإصحاح الثانى عشر
تثنية,12,61,"الإصحاح الثانى عشر
تثنية,12,62,"الإصحاح الثانى عشر
تثنية,12,63,"الإصحاح الثانى عشر
تثنية,12,64,"الإصحاح الثانى عشر
تثنية,12,65,"الإصحاح الثانى عشر
تثنية,12,66,"الإصحاح الثانى عشر
تثنية,12,67,"الإصحاح الثانى عشر
تثنية,12,68,"الإصحاح الثانى عشر
تثنية,12,69,"الإصحاح الثانى عشر
تثنية,12,70,"الإصحاح الثانى عشر
تثنية,12,71,"الإصحاح الثانى عشر
تثنية,12,72,"الإصحاح الثانى عشر
تثنية,12,73,"الإصحاح الثانى عشر
تثنية,12,74,"الإصحاح الثانى عشر
تثنية,12,75,"الإصحاح الثانى عشر
تثنية,12,76,"الإصحاح الثانى عشر
تثنية,12,77,"الإصحاح الثانى عشر
تثنية,12,78,"الإصحاح الثانى عشر
تثنية,12,79,"الإصحاح الثانى عشر
تثنية,12,80,"الإصحاح الثانى عشر
تثنية,12,81,"الإصحاح الثانى عشر
تثنية,12,82,"الإصحاح الثانى عشر
تثنية,12,83,"الإصحاح الثانى عشر
تثنية,12,84,"الإصحاح الثانى عشر
تثنية,12,85,"الإصحاح الثانى عشر
تثنية,12,86,"الإصحاح الثانى عشر
تثنية,12,87,"الإصحاح الثانى عشر
تثنية,12,88,"الإصحاح الثانى عشر
تثنية,12,89,"الإصحاح الثانى عشر
تثنية,12,90,"الإصحاح الثانى عشر
تثنية,12,91,"الإصحاح الثانى عشر
تثنية,12,92,"الإصحاح الثانى عشر
تثنية,12,93,"الإصحاح الثانى عشر
تثنية,12,94,"الإصحاح الثانى عشر
تثنية,12,95,"الإصحاح الثانى عشر
تثنية,12,96,"الإصحاح الثانى عشر
تثنية,12,97,"الإصحاح الثانى عشر
تثنية,12,98,"الإصحاح الثانى عشر
تثنية,12,99,"الإصحاح الثانى عشر
تثنية,13,1,"الإصحاح الثالث عشر
تثنية,13,2,"الإصحاح الثالث عشر
تثنية,13,3,"الإصحاح الثالث عشر
تثنية,13,4,"الإصحاح الثالث عشر
تثنية,13,5,"الإصحاح الثالث عشر
تثنية,13,6,"الإصحاح الثالث عشر
تثنية,13,7,"الإصحاح الثالث عشر
تثنية,13,8,"الإصحاح الثالث عشر
تثنية,13,9,"الإصحاح الثالث عشر
تثنية,13,10,"الإصحاح الثالث عشر
تثنية,13,11,"الإصحاح الثالث عشر
تثنية,13,12,"الإصحاح الثالث عشر
تثنية,13,13,"الإصحاح الثالث عشر
تثنية,13,14,"الإصحاح الثالث عشر
تثنية,13,15,"الإصحاح الثالث عشر
تثنية,13,16,"الإصحاح الثالث عشر
تثنية,13,17,"الإصحاح الثالث عشر
تثنية,13,18,"الإصحاح الثالث عشر
تثنية,13,19,"الإصحاح الثالث عشر
تثنية,13,20,"الإصحاح الثالث عشر
تثنية,13,21,"الإصحاح الثالث عشر
تثنية,13,22,"الإصحاح الثالث عشر
تثنية,13,23,"الإصحاح الثالث عشر
تثنية,13,24,"الإصحاح الثالث عشر
تثنية,13,25,"الإصحاح الثالث عشر
تثنية,13,26,"الإصحاح الثالث عشر
تثنية,13,27,"الإصحاح الثالث عشر
تثنية,13,28,"الإصحاح الثالث عشر
تثنية,13,29,"الإصحاح الثالث عشر
تثنية,13,30,"الإصحاح الثالث عشر
تثنية,13,31,"الإصحاح الثالث عشر
تثنية,13,32,"الإصحاح الثالث عشر
تثنية,13,33,"الإصحاح الثالث عشر
تثنية,13,34,"الإصحاح الثالث عشر
تثنية,13,35,"الإصحاح الثالث عشر
تثنية,13,36,"الإصحاح الثالث عشر
تثنية,13,37,"الإصحاح الثالث عشر
تثنية,13,38,"الإصحاح الثالث عشر
تثنية,13,39,"الإصحاح الثالث عشر
تثنية,13,40,"الإصحاح الثالث عشر
تثنية,13,41,"الإصحاح الثالث عشر
تثنية,13,42,"الإصحاح الثالث عشر
تثنية,13,43,"الإصحاح الثالث عشر
تثنية,13,44,"الإصحاح الثالث عشر
تثنية,13,45,"الإصحاح الثالث عشر
تثنية,13,46,"الإصحاح الثالث عشر
تثنية,13,47,"الإصحاح الثالث عشر
تثنية,13,48,"الإصحاح الثالث عشر
تثنية,13,49,"الإصحاح الثالث عشر
تثنية,13,50,"الإصحاح الثالث عشر
تثنية,13,51,"الإصحاح الثالث عشر
تثنية,13,52,"الإصحاح الثالث عشر
تثنية,13,53,"الإصحاح الثالث عشر
تثنية,13,54,"الإصحاح الثالث عشر
تثنية,13,55,"الإصحاح الثالث عشر
تثنية,13,56,"الإصحاح الثالث عشر
تثنية,13,57,"الإصحاح الثالث عشر
تثنية,13,58,"الإصحاح الثالث عشر
تثنية,13,59,"الإصحاح الثالث عشر
تثنية,13,60,"الإصحاح الثالث عشر
تثنية,13,61,"الإصحاح الثالث عشر
تثنية,13,62,"الإصحاح الثالث عشر
تثنية,13,63,"الإصحاح الثالث عشر
تثنية,13,64,"الإصحاح الثالث عشر
تثنية,13,65,"الإصحاح الثالث عشر
تثنية,13,66,"الإصحاح الثالث عشر
تثنية,13,67,"الإصحاح الثالث عشر
تثنية,13,68,"الإصحاح الثالث عشر
تثنية,13,69,"الإصحاح الثالث عشر
تثنية,13,70,"الإصحاح الثالث عشر
تثنية,13,71,"الإصحاح الثالث عشر
تثنية,13,72,"الإصحاح الثالث عشر
تثنية,13,73,"الإصحاح الثالث عشر
تثنية,13,74,"الإصحاح الثالث عشر
تثنية,13,75,"الإصحاح الثالث عشر
تثنية,13,76,"الإصحاح الثالث عشر
تثنية,13,77,"الإصحاح الثالث عشر
تثنية,13,78,"الإصحاح الثالث عشر
تثنية,13,79,"الإصحاح الثالث عشر
تثنية,13,80,"الإصحاح الثالث عشر
تثنية,13,81,"الإصحاح الثالث عشر
تثنية,13,82,"الإصحاح الثالث عشر
تثنية,13,83,"الإصحاح الثالث عشر
تثنية,13,84,"الإصحاح الثالث عشر
تثنية,13,85,"الإصحاح الثالث عشر
تثنية,13,86,"الإصحاح الثالث عشر
تثنية,13,87,"الإصحاح الثالث عشر
تثنية,13,88,"الإصحاح الثالث عشر
تثنية,13,89,"الإصحاح الثالث عشر
تثنية,13,90,"الإصحاح الثالث عشر
تثنية,13,91,"الإصحاح الثالث عشر
تثنية,13,92,"الإصحاح الثالث عشر
تثنية,13,93,"الإصحاح الثالث عشر
تثنية,13,94,"الإصحاح الثالث عشر
تثنية,13,95,"الإصحاح الثالث عشر
تثنية,13,96,"الإصحاح الثالث عشر
تثنية,13,97,"الإصحاح الثالث عشر
تثنية,13,98,"الإصحاح الثالث عشر
تثنية,13,99,"الإصحاح الثالث عشر
تثنية,14,1,"الإصحاح الرابع عشر
تثنية,14,2,"الإصحاح الرابع عشر
تثنية,14,3,"الإصحاح الرابع عشر
تثنية,14,4,"الإصحاح الرابع عشر
تثنية,14,5,"الإصحاح الرابع عشر
تثنية,14,6,"الإصحاح الرابع عشر
تثنية,14,7,"الإصحاح الرابع عشر
تثنية,14,8,"الإصحاح الرابع عشر
تثنية,14,9,"الإصحاح الرابع عشر
تثنية,14,10,"الإصحاح الرابع عشر
تثنية,14,11,"الإصحاح الرابع عشر
تثنية,14,12,"الإصحاح الرابع عشر
تثنية,14,13,"الإصحاح الرابع عشر
تثنية,14,14,"الإصحاح الرابع عشر
تثنية,14,15,"الإصحاح الرابع عشر
تثنية,14,16,"الإصحاح الرابع عشر
تثنية,14,17,"الإصحاح الرابع عشر
تثنية,14,18,"الإصحاح الرابع عشر
تثنية,14,19,"الإصحاح الرابع عشر
تثنية,14,20,"الإصحاح الرابع عشر
تثنية,14,21,"الإصحاح الرابع عشر
تثنية,14,22,"الإصحاح الرابع عشر
تثنية,14,23,"الإصحاح الرابع عشر
تثنية,14,24,"الإصحاح الرابع عشر
تثنية,14,25,"الإصحاح الرابع عشر
تثنية,14,26,"الإصحاح الرابع عشر
تثنية,14,27,"الإصحاح الرابع عشر
تثنية,14,28,"الإصحاح الرابع عشر
تثنية,14,29,"الإصحاح الرابع عشر
تثنية,14,30,"الإصحاح الرابع عشر
تثنية,14,31,"الإصحاح الرابع عشر
تثنية,14,32,"الإصحاح الرابع عشر
تثنية,14,33,"الإصحاح الرابع عشر
تثنية,14,34,"الإصحاح الرابع عشر
تثنية,14,35,"الإصحاح الرابع عشر
تثنية,14,36,"الإصحاح الرابع عشر
تثنية,14,37,"الإصحاح الرابع عشر
تثنية,14,38,"الإصحاح الرابع عشر
تثنية,14,39,"الإصحاح الرابع عشر
تثنية,14,40,"الإصحاح الرابع عشر
تثنية,14,41,"الإصحاح الرابع عشر
تثنية,14,42,"الإصحاح الرابع عشر
تثنية,14,43,"الإصحاح الرابع عشر
تثنية,14,44,"الإصحاح الرابع عشر
تثنية,14,45,"الإصحاح الرابع عشر
تثنية,14,46,"الإصحاح الرابع عشر
تثنية,14,47,"الإصحاح الرابع عشر
تثنية,14,48,"الإصحاح الرابع عشر
تثنية,14,49,"الإصحاح الرابع عشر
تثنية,14,50,"الإصحاح الرابع عشر
تثنية,14,51,"الإصحاح الرابع عشر
تثنية,14,52,"الإصحاح الرابع عشر
تثنية,14,53,"الإصحاح الرابع عشر
تثنية,14,54,"الإصحاح الرابع عشر
تثنية,14,55,"الإصحاح الرابع عشر
تثنية,14,56,"الإصحاح الرابع عشر
تثنية,14,57,"الإصحاح الرابع عشر
تثنية,14,58,"الإصحاح الرابع عشر
تثنية,14,59,"الإصحاح الرابع عشر
تثنية,14,60,"الإصحاح الرابع عشر
تثنية,14,61,"الإصحاح الرابع عشر
تثنية,14,62,"الإصحاح الرابع عشر
تثنية,14,63,"الإصحاح الرابع عشر
تثنية,14,64,"الإصحاح الرابع عشر
تثنية,14,65,"الإصحاح الرابع عشر
تثنية,14,66,"الإصحاح الرابع عشر
تثنية,14,67,"الإصحاح الرابع عشر
تثنية,14,68,"الإصحاح الرابع عشر
تثنية,14,69,"الإصحاح الرابع عشر
تثنية,14,70,"الإصحاح الرابع عشر
تثنية,14,71,"الإصحاح الرابع عشر
تثنية,14,72,"الإصحاح الرابع عشر
تثنية,14,73,"الإصحاح الرابع عشر
تثنية,14,74,"الإصحاح الرابع عشر
تثنية,14,75,"الإصحاح الرابع عشر
تثنية,14,76,"الإصحاح الرابع عشر
تثنية,14,77,"الإصحاح الرابع عشر
تثنية,14,78,"الإصحاح الرابع عشر
تثنية,14,79,"الإصحاح الرابع عشر
تثنية,14,80,"الإصحاح الرابع عشر
تثنية,14,81,"الإصحاح الرابع عشر
تثنية,14,82,"الإصحاح الرابع عشر
تثنية,14,83,"الإصحاح الرابع عشر
تثنية,14,84,"الإصحاح الرابع عشر
تثنية,14,85,"الإصحاح الرابع عشر
تثنية,14,86,"الإصحاح الرابع عشر
تثنية,14,87,"الإصحاح الرابع عشر
تثنية,14,88,"الإصحاح الرابع عشر
تثنية,14,89,"الإصحاح الرابع عشر
تثنية,14,90,"الإصحاح الرابع عشر
تثنية,14,91,"الإصحاح الرابع عشر
تثنية,14,92,"الإصحاح الرابع عشر
تثنية,14,93,"الإصحاح الرابع عشر
تثنية,14,94,"الإصحاح الرابع عشر
تثنية,14,95,"الإصحاح الرابع عشر
تثنية,14,96,"الإصحاح الرابع عشر
تثنية,14,97,"الإصحاح الرابع عشر
تثنية,14,98,"الإصحاح الرابع عشر
تثنية,14,99,"الإصحاح الرابع عشر
تثنية,15,1,"الإصحاح الخامس عشر
تثنية,15,2,"الإصحاح الخامس عشر
تثنية,15,3,"الإصحاح الخامس عشر
تثنية,15,4,"الإصحاح الخامس عشر
تثنية,15,5,"الإصحاح الخامس عشر
تثنية,15,6,"الإصحاح الخامس عشر
تثنية,15,7,"الإصحاح الخامس عشر
تثنية,15,8,"الإصحاح الخامس عشر
تثنية,15,9,"الإصحاح الخامس عشر
تثنية,15,10,"الإصحاح الخامس عشر
تثنية,15,11,"الإصحاح الخامس عشر
تثنية,15,12,"الإصحاح الخامس عشر
تثنية,15,13,"الإصحاح الخامس عشر
تثنية,15,14,"الإصحاح الخامس عشر
تثنية,15,15,"الإصحاح الخامس عشر
تثنية,15,16,"الإصحاح الخامس عشر
تثنية,15,17,"الإصحاح الخامس عشر
تثنية,15,18,"الإصحاح الخامس عشر
تثنية,15,19,"الإصحاح الخامس عشر
تثنية,15,20,"الإصحاح الخامس عشر
تثنية,15,21,"الإصحاح الخامس عشر
تثنية,15,22,"الإصحاح الخامس عشر
تثنية,15,23,"الإصحاح الخامس عشر
تثنية,15,24,"الإصحاح الخامس عشر
تثنية,15,25,"الإصحاح الخامس عشر
تثنية,15,26,"الإصحاح الخامس عشر
تثنية,15,27,"الإصحاح الخامس عشر
تثنية,15,28,"الإصحاح الخامس عشر
تثنية,15,29,"الإصحاح الخامس عشر
تثنية,15,30,"الإصحاح الخامس عشر
تثنية,15,31,"الإصحاح الخامس عشر
تثنية,15,32,"الإصحاح الخامس عشر
تثنية,15,33,"الإصحاح الخامس عشر
تثنية,15,34,"الإصحاح الخامس عشر
تثنية,15,35,"الإصحاح الخامس عشر
تثنية,15,36,"الإصحاح الخامس عشر
تثنية,15,37,"الإصحاح الخامس عشر
تثنية,15,38,"الإصحاح الخامس عشر
تثنية,15,39,"الإصحاح الخامس عشر
تثنية,15,40,"الإصحاح الخامس عشر
تثنية,15,41,"الإصحاح الخامس عشر
تثنية,15,42,"الإصحاح الخامس عشر
تثنية,15,43,"الإصحاح الخامس عشر
تثنية,15,44,"الإصحاح الخامس عشر
تثنية,15,45,"الإصحاح الخامس عشر
تثنية,15,46,"الإصحاح الخامس عشر
تثنية,15,47,"الإصحاح الخامس عشر
تثنية,15,48,"الإصحاح الخامس عشر
تثنية,15,49,"الإصحاح الخامس عشر
تثنية,15,50,"الإصحاح الخامس عشر
تثنية,15,51,"الإصحاح الخامس عشر
تثنية,15,52,"الإصحاح الخامس عشر
تثنية,15,53,"الإصحاح الخامس عشر
تثنية,15,54,"الإصحاح الخامس عشر
تثنية,15,55,"الإصحاح الخامس عشر
تثنية,15,56,"الإصحاح الخامس عشر
تثنية,15,57,"الإصحاح الخامس عشر
تثنية,15,58,"الإصحاح الخامس عشر
تثنية,15,59,"الإصحاح الخامس عشر
تثنية,15,60,"الإصحاح الخامس عشر
تثنية,15,61,"الإصحاح الخامس عشر
تثنية,15,62,"الإصحاح الخامس عشر
تثنية,15,63,"الإصحاح الخامس عشر
تثنية,15,64,"الإصحاح الخامس عشر
تثنية,15,65,"الإصحاح الخامس عشر
تثنية,15,66,"الإصحاح الخامس عشر
تثنية,15,67,"الإصحاح الخامس عشر
تثنية,15,68,"الإصحاح الخامس عشر
تثنية,15,69,"الإصحاح الخامس عشر
تثنية,15,70,"الإصحاح الخامس عشر
تثنية,15,71,"الإصحاح الخامس عشر
تثنية,15,72,"الإصحاح الخامس عشر
تثنية,15,73,"الإصحاح الخامس عشر
تثنية,15,74,"الإصحاح الخامس عشر
تثنية,15,75,"الإصحاح الخامس عشر
تثنية,15,76,"الإصحاح الخامس عشر
تثنية,15,77,"الإصحاح الخامس عشر
تثنية,15,78,"الإصحاح الخامس عشر
تثنية,15,79,"الإصحاح الخامس عشر
تثنية,15,80,"الإصحاح الخامس عشر
تثنية,15,81,"الإصحاح الخامس عشر
تثنية,15,82,"الإصحاح الخامس عشر
تثنية,15,83,"الإصحاح الخامس عشر
تثنية,15,84,"الإصحاح الخامس عشر
تثنية,15,85,"الإصحاح الخامس عشر
تثنية,15,86,"الإصحاح الخامس عشر
تثنية,15,87,"الإصحاح الخامس عشر
تثنية,15,88,"الإصحاح الخامس عشر
تثنية,15,89,"الإصحاح الخامس عشر
تثنية,15,90,"الإصحاح الخامس عشر
تثنية,15,91,"الإصحاح الخامس عشر
تثنية,15,92,"الإصحاح الخامس عشر
تثنية,15,93,"الإصحاح الخامس عشر
تثنية,15,94,"الإصحاح الخامس عشر
تثنية,15,95,"الإصحاح الخامس عشر
تثنية,15,96,"الإصحاح الخامس عشر
تثنية,15,97,"الإصحاح الخامس عشر
تثنية,15,98,"الإصحاح الخامس عشر
تثنية,15,99,"الإصحاح الخامس عشر
تثنية,16,1,"الإصحاح السادس عشر
تثنية,16,2,"الإصحاح السادس عشر
تثنية,16,3,"الإصحاح السادس عشر
تثنية,16,4,"الإصحاح السادس عشر
تثنية,16,5,"الإصحاح السادس عشر
تثنية,16,6,"الإصحاح السادس عشر
تثنية,16,7,"الإصحاح السادس عشر
تثنية,16,8,"الإصحاح السادس عشر
تثنية,16,9,"الإصحاح السادس عشر
تثنية,16,10,"الإصحاح السادس عشر
تثنية,16,11,"الإصحاح السادس عشر
تثنية,16,12,"الإصحاح السادس عشر
تثنية,16,13,"الإصحاح السادس عشر
تثنية,16,14,"الإصحاح السادس عشر
تثنية,16,15,"الإصحاح السادس عشر
تثنية,16,16,"الإصحاح السادس عشر
تثنية,16,17,"الإصحاح السادس عشر
تثنية,16,18,"الإصحاح السادس عشر
تثنية,16,19,"الإصحاح السادس عشر
تثنية,16,20,"الإصحاح السادس عشر
تثنية,16,21,"الإصحاح السادس عشر
تثنية,16,22,"الإصحاح السادس عشر
تثنية,16,23,"الإصحاح السادس عشر
تثنية,16,24,"الإصحاح السادس عشر
تثنية,16,25,"الإصحاح السادس عشر
تثنية,16,26,"الإصحاح السادس عشر
تثنية,16,27,"الإصحاح السادس عشر
تثنية,16,28,"الإصحاح السادس عشر
تثنية,16,29,"الإصحاح السادس عشر
تثنية,16,30,"الإصحاح السادس عشر
تثنية,16,31,"الإصحاح السادس عشر
تثنية,16,32,"الإصحاح السادس عشر
تثنية,16,33,"الإصحاح السادس عشر
تثنية,16,34,"الإصحاح السادس عشر
تثنية,16,35,"الإصحاح السادس عشر
تثنية,16,36,"الإصحاح السادس عشر
تثنية,16,37,"الإصحاح السادس عشر
تثنية,16,38,"الإصحاح السادس عشر
تثنية,16,39,"الإصحاح السادس عشر
تثنية,16,40,"الإصحاح السادس عشر
تثنية,16,41,"الإصحاح السادس عشر
تثنية,16,42,"الإصحاح السادس عشر
تثنية,16,43,"الإصحاح السادس عشر
تثنية,16,44,"الإصحاح السادس عشر
تثنية,16,45,"الإصحاح السادس عشر
تثنية,16,46,"الإصحاح السادس عشر
تثنية,16,47,"الإصحاح السادس عشر
تثنية,16,48,"الإصحاح السادس عشر
تثنية,16,49,"الإصحاح السادس عشر
تثنية,16,50,"الإصحاح السادس عشر
تثنية,16,51,"الإصحاح السادس عشر
تثنية,16,52,"الإصحاح السادس عشر
تثنية,16,53,"الإصحاح السادس عشر
تثنية,16,54,"الإصحاح السادس عشر
تثنية,16,55,"الإصحاح السادس عشر
تثنية,16,56,"الإصحاح السادس عشر
تثنية,16,57,"الإصحاح السادس عشر
تثنية,16,58,"الإصحاح السادس عشر
تثنية,16,59,"الإصحاح السادس عشر
تثنية,16,60,"الإصحاح السادس عشر
تثنية,16,61,"الإصحاح السادس عشر
تثنية,16,62,"الإصحاح السادس عشر
تثنية,16,63,"الإصحاح السادس عشر
تثنية,16,64,"الإصحاح السادس عشر
تثنية,16,65,"الإصحاح السادس عشر
تثنية,16,66,"الإصحاح السادس عشر
تثنية,16,67,"الإصحاح السادس عشر
تثنية,16,68,"الإصحاح السادس عشر
تثنية,16,69,"الإصحاح السادس عشر
تثنية,16,70,"الإصحاح السادس عشر
تثنية,16,71,"الإصحاح السادس عشر
تثنية,16,72,"الإصحاح السادس عشر
تثنية,16,73,"الإصحاح السادس عشر
تثنية,16,74,"الإصحاح السادس عشر
تثنية,16,75,"الإصحاح السادس عشر
تثنية,16,76,"الإصحاح السادس عشر
تثنية,16,77,"الإصحاح السادس عشر
تثنية,16,78,"الإصحاح السادس عشر
تثنية,16,79,"الإصحاح السادس عشر
تثنية,16,80,"الإصحاح السادس عشر
تثنية,16,81,"الإصحاح السادس عشر
تثنية,16,82,"الإصحاح السادس عشر
تثنية,16,83,"الإصحاح السادس عشر
تثنية,16,84,"الإصحاح السادس عشر
تثنية,16,85,"الإصحاح السادس عشر
تثنية,16,86,"الإصحاح السادس عشر
تثنية,16,87,"الإصحاح السادس عشر
تثنية,16,88,"الإصحاح السادس عشر
تثنية,16,89,"الإصحاح السادس عشر
تثنية,16,90,"الإصحاح السادس عشر
تثنية,16,91,"الإصحاح السادس عشر
تثنية,16,92,"الإصحاح السادس عشر
تثنية,16,93,"الإصحاح السادس عشر
تثنية,16,94,"الإصحاح السادس عشر
تثنية,16,95,"الإصحاح السادس عشر
تثنية,16,96,"الإصحاح السادس عشر
تثنية,16,97,"الإصحاح السادس عشر
تثنية,16,98,"الإصحاح السادس عشر
تثنية,16,99,"الإصحاح السادس عشر
تثنية,17,1,"الإصحاح السابع عشر
تثنية,17,2,"الإصحاح السابع عشر
تثنية,17,3,"الإصحاح السابع عشر
تثنية,17,4,"الإصحاح السابع عشر
تثنية,17,5,"الإصحاح السابع عشر
تثنية,17,6,"الإصحاح السابع عشر
تثنية,17,7,"الإصحاح السابع عشر
تثنية,17,8,"الإصحاح السابع عشر
تثنية,17,9,"الإصحاح السابع عشر
تثنية,17,10,"الإصحاح السابع عشر
تثنية,17,11,"الإصحاح السابع عشر
تثنية,17,12,"الإصحاح السابع عشر
تثنية,17,13,"الإصحاح السابع عشر
تثنية,17,14,"الإصحاح السابع عشر
تثنية,17,15,"الإصحاح السابع عشر
تثنية,17,16,"الإصحاح السابع عشر
تثنية,17,17,"الإصحاح السابع عشر
تثنية,17,18,"الإصحاح السابع عشر
تثنية,17,19,"الإصحاح السابع عشر
تثنية,17,20,"الإصحاح السابع عشر
تثنية,17,21,"الإصحاح السابع عشر
تثنية,17,22,"الإصحاح السابع عشر
تثنية,17,23,"الإصحاح السابع عشر
تثنية,17,24,"الإصحاح السابع عشر
تثنية,17,25,"الإصحاح السابع عشر
تثنية,17,26,"الإصحاح السابع عشر
تثنية,17,27,"الإصحاح السابع عشر
تثنية,17,28,"الإصحاح السابع عشر
تثنية,17,29,"الإصحاح السابع عشر
تثنية,17,30,"الإصحاح السابع عشر
تثنية,17,31,"الإصحاح السابع عشر
تثنية,17,32,"الإصحاح السابع عشر
تثنية,17,33,"الإصحاح السابع عشر
تثنية,17,34,"الإصحاح السابع عشر
تثنية,17,35,"الإصحاح السابع عشر
تثنية,17,36,"الإصحاح السابع عشر
تثنية,17,37,"الإصحاح السابع عشر
تثنية,17,38,"الإصحاح السابع عشر
تثنية,17,39,"الإصحاح السابع عشر
تثنية,17,40,"الإصحاح السابع عشر
تثنية,17,41,"الإصحاح السابع عشر
تثنية,17,42,"الإصحاح السابع عشر
تثنية,17,43,"الإصحاح السابع عشر
تثنية,17,44,"الإصحاح السابع عشر
تثنية,17,45,"الإصحاح السابع عشر
تثنية,17,46,"الإصحاح السابع عشر
تثنية,17,47,"الإصحاح السابع عشر
تثنية,17,48,"الإصحاح السابع عشر
تثنية,17,49,"الإصحاح السابع عشر
تثنية,17,50,"الإصحاح السابع عشر
تثنية,17,51,"الإصحاح السابع عشر
تثنية,17,52,"الإصحاح السابع عشر
تثنية,17,53,"الإصحاح السابع عشر
تثنية,17,54,"الإصحاح السابع عشر
تثنية,17,55,"الإصحاح السابع عشر
تثنية,17,56,"الإصحاح السابع عشر
تثنية,17,57,"الإصحاح السابع عشر
تثنية,17,58,"الإصحاح السابع عشر
تثنية,17,59,"الإصحاح السابع عشر
تثنية,17,60,"الإصحاح السابع عشر
تثنية,17,61,"الإصحاح السابع عشر
تثنية,17,62,"الإصحاح السابع عشر
تثنية,17,63,"الإصحاح السابع عشر
تثنية,17,64,"الإصحاح السابع عشر
تثنية,17,65,"الإصحاح السابع عشر
تثنية,17,66,"الإصحاح السابع عشر
تثنية,17,67,"الإصحاح السابع عشر
تثنية,17,68,"الإصحاح السابع عشر
تثنية,17,69,"الإصحاح السابع عشر
تثنية,17,70,"الإصحاح السابع عشر
تثنية,17,71,"الإصحاح السابع عشر
تثنية,17,72,"الإصحاح السابع عشر
تثنية,17,73,"الإصحاح السابع عشر
تثنية,17,74,"الإصحاح السابع عشر
تثنية,17,75,"الإصحاح السابع عشر
تثنية,17,76,"الإصحاح السابع عشر
تثنية,17,77,"الإصحاح السابع عشر
تثنية,17,78,"الإصحاح السابع عشر
تثنية,17,79,"الإصحاح السابع عشر
تثنية,17,80,"الإصحاح السابع عشر
تثنية,17,81,"الإصحاح السابع عشر
تثنية,17,82,"الإصحاح السابع عشر
تثنية,17,83,"الإصحاح السابع عشر
تثنية,17,84,"الإصحاح السابع عشر
تثنية,17,85,"الإصحاح السابع عشر
تثنية,17,86,"الإصحاح السابع عشر
تثنية,17,87,"الإصحاح السابع عشر
تثنية,17,88,"الإصحاح السابع عشر
تثنية,17,89,"الإصحاح السابع عشر
تثنية,17,90,"الإصحاح السابع عشر
تثنية,17,91,"الإصحاح السابع عشر
تثنية,17,92,"الإصحاح السابع عشر
تثنية,17,93,"الإصحاح السابع عشر
تثنية,17,94,"الإصحاح السابع عشر
تثنية,17,95,"الإصحاح السابع عشر
تثنية,17,96,"الإصحاح السابع عشر
تثنية,17,97,"الإصحاح السابع عشر
تثنية,17,98,"الإصحاح السابع عشر
تثنية,17,99,"الإصحاح السابع عشر
تثنية,18,1,"الإصحاح الثامن عشر
تثنية,18,2,"الإصحاح الثامن عشر
تثنية,18,3,"الإصحاح الثامن عشر
تثنية,18,4,"الإصحاح الثامن عشر
تثنية,18,5,"الإصحاح الثامن عشر
تثنية,18,6,"الإصحاح الثامن عشر
تثنية,18,7,"الإصحاح الثامن عشر
تثنية,18,8,"الإصحاح الثامن عشر
تثنية,18,9,"الإصحاح الثامن عشر
تثنية,18,10,"الإصحاح الثامن عشر
تثنية,18,11,"الإصحاح الثامن عشر
تثنية,18,12,"الإصحاح الثامن عشر
تثنية,18,13,"الإصحاح الثامن عشر
تثنية,18,14,"الإصحاح الثامن عشر
تثنية,18,15,"الإصحاح الثامن عشر
تثنية,18,16,"الإصحاح الثامن عشر
تثنية,18,17,"الإصحاح الثامن عشر
تثنية,18,18,"الإصحاح الثامن عشر
تثنية,18,19,"الإصحاح الثامن عشر
تثنية,18,20,"الإصحاح الثامن عشر
تثنية,18,21,"الإصحاح الثامن عشر
تثنية,18,22,"الإصحاح الثامن عشر
تثنية,18,23,"الإصحاح الثامن عشر
تثنية,18,24,"الإصحاح الثامن عشر
تثنية,18,25,"الإصحاح الثامن عشر
تثنية,18,26,"الإصحاح الثامن عشر
تثنية,18,27,"الإصحاح الثامن عشر
تثنية,18,28,"الإصحاح الثامن عشر
تثنية,18,29,"الإصحاح الثامن عشر
تثنية,18,30,"الإصحاح الثامن عشر
تثنية,18,31,"الإصحاح الثامن عشر
تثنية,18,32,"الإصحاح الثامن عشر
تثنية,18,33,"الإصحاح الثامن عشر
تثنية,18,34,"الإصحاح الثامن عشر
تثنية,18,35,"الإصحاح الثامن عشر
تثنية,18,36,"الإصحاح الثامن عشر
تثنية,18,37,"الإصحاح الثامن عشر
تثنية,18,38,"الإصحاح الثامن عشر
تثنية,18,39,"الإصحاح الثامن عشر
تثنية,18,40,"الإصحاح الثامن عشر
تثنية,18,41,"الإصحاح الثامن عشر
تثنية,18,42,"الإصحاح الثامن عشر
تثنية,18,43,"الإصحاح الثامن عشر
تثنية,18,44,"الإصحاح الثامن عشر
تثنية,18,45,"الإصحاح الثامن عشر
تثنية,18,46,"الإصحاح الثامن عشر
تثنية,18,47,"الإصحاح الثامن عشر
تثنية,18,48,"الإصحاح الثامن عشر
تثنية,18,49,"الإصحاح الثامن عشر
تثنية,18,50,"الإصحاح الثامن عشر
تثنية,18,51,"الإصحاح الثامن عشر
تثنية,18,52,"الإصحاح الثامن عشر
تثنية,18,53,"الإصحاح الثامن عشر
تثنية,18,54,"الإصحاح الثامن عشر
تثنية,18,55,"الإصحاح الثامن عشر
تثنية,18,56,"الإصحاح الثامن عشر
تثنية,18,57,"الإصحاح الثامن عشر
تثنية,18,58,"الإصحاح الثامن عشر
تثنية,18,59,"الإصحاح الثامن عشر
تثنية,18,60,"الإصحاح الثامن عشر
تثنية,18,61,"الإصحاح الثامن عشر
تثنية,18,62,"الإصحاح الثامن عشر
تثنية,18,63,"الإصحاح الثامن عشر
تثنية,18,64,"الإصحاح الثامن عشر
تثنية,18,65,"الإصحاح الثامن عشر
تثنية,18,66,"الإصحاح الثامن عشر
تثنية,18,67,"الإصحاح الثامن عشر
تثنية,18,68,"الإصحاح الثامن عشر
تثنية,18,69,"الإصحاح الثامن عشر
تثنية,18,70,"الإصحاح الثامن عشر
تثنية,18,71,"الإصحاح الثامن عشر
تثنية,18,72,"الإصحاح الثامن عشر
تثنية,18,73,"الإصحاح الثامن عشر
تثنية,18,74,"الإصحاح الثامن عشر
تثنية,18,75,"الإصحاح الثامن عشر
تثنية,18,76,"الإصحاح الثامن عشر
تثنية,18,77,"الإصحاح الثامن عشر
تثنية,18,78,"الإصحاح الثامن عشر
تثنية,18,79,"الإصحاح الثامن عشر
تثنية,18,80,"الإصحاح الثامن عشر
تثنية,18,81,"الإصحاح الثامن عشر
تثنية,18,82,"الإصحاح الثامن عشر
تثنية,18,83,"الإصحاح الثامن عشر
تثنية,18,84,"الإصحاح الثامن عشر
تثنية,18,85,"الإصحاح الثامن عشر
تثنية,18,86,"الإصحاح الثامن عشر
تثنية,18,87,"الإصحاح الثامن عشر
تثنية,18,88,"الإصحاح الثامن عشر
تثنية,18,89,"الإصحاح الثامن عشر
تثنية,18,90,"الإصحاح الثامن عشر
تثنية,18,91,"الإصحاح الثامن عشر
تثنية,18,92,"الإصحاح الثامن عشر
تثنية,18,93,"الإصحاح الثامن عشر
تثنية,18,94,"الإصحاح الثامن عشر
تثنية,18,95,"الإصحاح الثامن عشر
تثنية,18,96,"الإصحاح الثامن عشر
تثنية,18,97,"الإصحاح الثامن عشر
تثنية,18,98,"الإصحاح الثامن عشر
تثنية,18,99,"الإصحاح الثامن عشر
تثنية,19,1,"الإصحاح التاسع عشر
تثنية,19,2,"الإصحاح التاسع عشر
تثنية,19,3,"الإصحاح التاسع عشر
تثنية,19,4,"الإصحاح التاسع عشر
تثنية,19,5,"الإصحاح التاسع عشر
تثنية,19,6,"الإصحاح التاسع عشر
تثنية,19,7,"الإصحاح التاسع عشر
تثنية,19,8,"الإصحاح التاسع عشر
تثنية,19,9,"الإصحاح التاسع عشر
تثنية,19,10,"الإصحاح التاسع عشر
تثنية,19,11,"الإصحاح التاسع عشر
تثنية,19,12,"الإصحاح التاسع عشر
تثنية,19,13,"الإصحاح التاسع عشر
تثنية,19,14,"الإصحاح التاسع عشر
تثنية,19,15,"الإصحاح التاسع عشر
تثنية,19,16,"الإصحاح التاسع عشر
تثنية,19,17,"الإصحاح التاسع عشر
تثنية,19,18,"الإصحاح التاسع عشر
تثنية,19,19,"الإصحاح التاسع عشر
تثنية,19,20,"الإصحاح التاسع عشر
تثنية,19,21,"الإصحاح التاسع عشر
تثنية,19,22,"الإصحاح التاسع عشر
تثنية,19,23,"الإصحاح التاسع عشر
تثنية,19,24,"الإصحاح التاسع عشر
تثنية,19,25,"الإصحاح التاسع عشر
تثنية,19,26,"الإصحاح التاسع عشر
تثنية,19,27,"الإصحاح التاسع عشر
تثنية,19,28,"الإصحاح التاسع عشر
تثنية,19,29,"الإصحاح التاسع عشر
تثنية,19,30,"الإصحاح التاسع عشر
تثنية,19,31,"الإصحاح التاسع عشر
تثنية,19,32,"الإصحاح التاسع عشر
تثنية,19,33,"الإصحاح التاسع عشر
تثنية,19,34,"الإصحاح التاسع عشر
تثنية,19,35,"الإصحاح التاسع عشر
تثنية,19,36,"الإصحاح التاسع عشر
تثنية,19,37,"الإصحاح التاسع عشر
تثنية,19,38,"الإصحاح التاسع عشر
تثنية,19,39,"الإصحاح التاسع عشر
تثنية,19,40,"الإصحاح التاسع عشر
تثنية,19,41,"الإصحاح التاسع عشر
تثنية,19,42,"الإصحاح التاسع عشر
تثنية,19,43,"الإصحاح التاسع عشر
تثنية,19,44,"الإصحاح التاسع عشر
تثنية,19,45,"الإصحاح التاسع عشر
تثنية,19,46,"الإصحاح التاسع عشر
تثنية,19,47,"الإصحاح التاسع عشر
تثنية,19,48,"الإصحاح التاسع عشر
تثنية,19,49,"الإصحاح التاسع عشر
تثنية,19,50,"الإصحاح التاسع عشر
تثنية,19,51,"الإصحاح التاسع عشر
تثنية,19,52,"الإصحاح التاسع عشر
تثنية,19,53,"الإصحاح التاسع عشر
تثنية,19,54,"الإصحاح التاسع عشر
تثنية,19,55,"الإصحاح التاسع عشر
تثنية,19,56,"الإصحاح التاسع عشر
تثنية,19,57,"الإصحاح التاسع عشر
تثنية,19,58,"الإصحاح التاسع عشر
تثنية,19,59,"الإصحاح التاسع عشر
تثنية,19,60,"الإصحاح التاسع عشر
تثنية,19,61,"الإصحاح التاسع عشر
تثنية,19,62,"الإصحاح التاسع عشر
تثنية,19,63,"الإصحاح التاسع عشر
تثنية,19,64,"الإصحاح التاسع عشر
تثنية,19,65,"الإصحاح التاسع عشر
تثنية,19,66,"الإصحاح التاسع عشر
تثنية,19,67,"الإصحاح التاسع عشر
تثنية,19,68,"الإصحاح التاسع عشر
تثنية,19,69,"الإصحاح التاسع عشر
تثنية,19,70,"الإصحاح التاسع عشر
تثنية,19,71,"الإصحاح التاسع عشر
تثنية,19,72,"الإصحاح التاسع عشر
تثنية,19,73,"الإصحاح التاسع عشر
تثنية,19,74,"الإصحاح التاسع عشر
تثنية,19,75,"الإصحاح التاسع عشر
تثنية,19,76,"الإصحاح التاسع عشر
تثنية,19,77,"الإصحاح التاسع عشر
تثنية,19,78,"الإصحاح التاسع عشر
تثنية,19,79,"الإصحاح التاسع عشر
تثنية,19,80,"الإصحاح التاسع عشر
تثنية,19,81,"الإصحاح التاسع عشر
تثنية,19,82,"الإصحاح التاسع عشر
تثنية,19,83,"الإصحاح التاسع عشر
تثنية,19,84,"الإصحاح التاسع عشر
تثنية,19,85,"الإصحاح التاسع عشر
تثنية,19,86,"الإصحاح التاسع عشر
تثنية,19,87,"الإصحاح التاسع عشر
تثنية,19,88,"الإصحاح التاسع عشر
تثنية,19,89,"الإصحاح التاسع عشر
تثنية,19,90,"الإصحاح التاسع عشر
تثنية,19,91,"الإصحاح التاسع عشر
تثنية,19,92,"الإصحاح التاسع عشر
تثنية,19,93,"الإصحاح التاسع عشر
تثنية,19,94,"الإصحاح التاسع عشر
تثنية,19,95,"الإصحاح التاسع عشر
تثنية,19,96,"الإصحاح التاسع عشر
تثنية,19,97,"الإصحاح التاسع عشر
تثنية,19,98,"الإصحاح التاسع عشر
تثنية,19,99,"الإصحاح التاسع عشر
تثنية,20,1,"الإصحاح العشرون
تثنية,20,2,"الإصحاح العشرون
تثنية,20,3,"الإصحاح العشرون
تثنية,20,4,"الإصحاح العشرون
تثنية,20,5,"الإصحاح العشرون
تثنية,20,6,"الإصحاح العشرون
تثنية,20,7,"الإصحاح العشرون
تثنية,20,8,"الإصحاح العشرون
تثنية,20,9,"الإصحاح العشرون
تثنية,20,10,"الإصحاح العشرون
تثنية,20,11,"الإصحاح العشرون
تثنية,20,12,"الإصحاح العشرون
تثنية,20,13,"الإصحاح العشرون
تثنية,20,14,"الإصحاح العشرون
تثنية,20,15,"الإصحاح العشرون
تثنية,20,16,"الإصحاح العشرون
تثنية,20,17,"الإصحاح العشرون
تثنية,20,18,"الإصحاح العشرون
تثنية,20,19,"الإصحاح العشرون
تثنية,20,20,"الإصحاح العشرون
تثنية,20,21,"الإصحاح العشرون
تثنية,20,22,"الإصحاح العشرون
تثنية,20,23,"الإصحاح العشرون
تثنية,20,24,"الإصحاح العشرون
تثنية,20,25,"الإصحاح العشرون
تثنية,20,26,"الإصحاح العشرون
تثنية,20,27,"الإصحاح العشرون
تثنية,20,28,"الإصحاح العشرون
تثنية,20,29,"الإصحاح العشرون
تثنية,20,30,"الإصحاح العشرون
تثنية,20,31,"الإصحاح العشرون
تثنية,20,32,"الإصحاح العشرون
تثنية,20,33,"الإصحاح العشرون
تثنية,20,34,"الإصحاح العشرون
تثنية,20,35,"الإصحاح العشرون
تثنية,20,36,"الإصحاح العشرون
تثنية,20,37,"الإصحاح العشرون
تثنية,20,38,"الإصحاح العشرون
تثنية,20,39,"الإصحاح العشرون
تثنية,20,40,"الإصحاح العشرون
تثنية,20,41,"الإصحاح العشرون
تثنية,20,42,"الإصحاح العشرون
تثنية,20,43,"الإصحاح العشرون
تثنية,20,44,"الإصحاح العشرون
تثنية,20,45,"الإصحاح العشرون
تثنية,20,46,"الإصحاح العشرون
تثنية,20,47,"الإصحاح العشرون
تثنية,20,48,"الإصحاح العشرون
تثنية,20,49,"الإصحاح العشرون
تثنية,20,50,"الإصحاح العشرون
تثنية,20,51,"الإصحاح العشرون
تثنية,20,52,"الإصحاح العشرون
تثنية,20,53,"الإصحاح العشرون
تثنية,20,54,"الإصحاح العشرون
تثنية,20,55,"الإصحاح العشرون
تثنية,20,56,"الإصحاح العشرون
تثنية,20,57,"الإصحاح العشرون
تثنية,20,58,"الإصحاح العشرون
تثنية,20,59,"الإصحاح العشرون
تثنية,20,60,"الإصحاح العشرون
تثنية,20,61,"الإصحاح العشرون
تثنية,20,62,"الإصحاح العشرون
تثنية,20,63,"الإصحاح العشرون
تثنية,20,64,"الإصحاح العشرون
تثنية,20,65,"الإصحاح العشرون
تثنية,20,66,"الإصحاح العشرون
تثنية,20,67,"الإصحاح العشرون
تثنية,20,68,"الإصحاح العشرون
تثنية,20,69,"الإصحاح العشرون
تثنية,20,70,"الإصحاح العشرون
تثنية,20,71,"الإصحاح العشرون
تثنية,20,72,"الإصحاح العشرون
تثنية,20,73,"الإصحاح العشرون
تثنية,20,74,"الإصحاح العشرون
تثنية,20,75,"الإصحاح العشرون
تثنية,20,76,"الإصحاح العشرون
تثنية,20,77,"الإصحاح العشرون
تثنية,20,78,"الإصحاح العشرون
تثنية,20,79,"الإصحاح العشرون
تثنية,20,80,"الإصحاح العشرون
تثنية,20,81,"الإصحاح العشرون
تثنية,20,82,"الإصحاح العشرون
تثنية,20,83,"الإصحاح العشرون
تثنية,20,84,"الإصحاح العشرون
تثنية,20,85,"الإصحاح العشرون
تثنية,20,86,"الإصحاح العشرون
تثنية,20,87,"الإصحاح العشرون
تثنية,20,88,"الإصحاح العشرون
تثنية,20,89,"الإصحاح العشرون
تثنية,20,90,"الإصحاح العشرون
تثنية,20,91,"الإصحاح العشرون
تثنية,20,92,"الإصحاح العشرون
تثنية,20,93,"الإصحاح العشرون
تثنية,20,94,"الإصحاح العشرون
تثنية,20,95,"الإصحاح العشرون
تثنية,20,96,"الإصحاح العشرون
تثنية,20,97,"الإصحاح العشرون
تثنية,20,98,"الإصحاح العشرون
تثنية,20,99,"الإصحاح العشرون
تثنية,21,1,"الإصحاح الحادى والعشرون
تثنية,21,2,"الإصحاح الحادى والعشرون
تثنية,21,3,"الإصحاح الحادى والعشرون
تثنية,21,4,"الإصحاح الحادى والعشرون
تثنية,21,5,"الإصحاح الحادى والعشرون
تثنية,21,6,"الإصحاح الحادى والعشرون
تثنية,21,7,"الإصحاح الحادى والعشرون
تثنية,21,8,"الإصحاح الحادى والعشرون
تثنية,21,9,"الإصحاح الحادى والعشرون
تثنية,21,10,"الإصحاح الحادى والعشرون
تثنية,21,11,"الإصحاح الحادى والعشرون
تثنية,21,12,"الإصحاح الحادى والعشرون
تثنية,21,13,"الإصحاح الحادى والعشرون
تثنية,21,14,"الإصحاح الحادى والعشرون
تثنية,21,15,"الإصحاح الحادى والعشرون
تثنية,21,16,"الإصحاح الحادى والعشرون
تثنية,21,17,"الإصحاح الحادى والعشرون
تثنية,21,18,"الإصحاح الحادى والعشرون
تثنية,21,19,"الإصحاح الحادى والعشرون
تثنية,21,20,"الإصحاح الحادى والعشرون
تثنية,21,21,"الإصحاح الحادى والعشرون
تثنية,21,22,"الإصحاح الحادى والعشرون
تثنية,21,23,"الإصحاح الحادى والعشرون
تثنية,21,24,"الإصحاح الحادى والعشرون
تثنية,21,25,"الإصحاح الحادى والعشرون
تثنية,21,26,"الإصحاح الحادى والعشرون
تثنية,21,27,"الإصحاح الحادى والعشرون
تثنية,21,28,"الإصحاح الحادى والعشرون
تثنية,21,29,"الإصحاح الحادى والعشرون
تثنية,21,30,"الإصحاح الحادى والعشرون
تثنية,21,31,"الإصحاح الحادى والعشرون
تثنية,21,32,"الإصحاح الحادى والعشرون
تثنية,21,33,"الإصحاح الحادى والعشرون
تثنية,21,34,"الإصحاح الحادى والعشرون
تثنية,21,35,"الإصحاح الحادى والعشرون
تثنية,21,36,"الإصحاح الحادى والعشرون
تثنية,21,37,"الإصحاح الحادى والعشرون
تثنية,21,38,"الإصحاح الحادى والعشرون
تثنية,21,39,"الإصحاح الحادى والعشرون
تثنية,21,40,"الإصحاح الحادى والعشرون
تثنية,21,41,"الإصحاح الحادى والعشرون
تثنية,21,42,"الإصحاح الحادى والعشرون
تثنية,21,43,"الإصحاح الحادى والعشرون
تثنية,21,44,"الإصحاح الحادى والعشرون
تثنية,21,45,"الإصحاح الحادى والعشرون
تثنية,21,46,"الإصحاح الحادى والعشرون
تثنية,21,47,"الإصحاح الحادى والعشرون
تثنية,21,48,"الإصحاح الحادى والعشرون
تثنية,21,49,"الإصحاح الحادى والعشرون
تثنية,21,50,"الإصحاح الحادى والعشرون
تثنية,21,51,"الإصحاح الحادى والعشرون
تثنية,21,52,"الإصحاح الحادى والعشرون
تثنية,21,53,"الإصحاح الحادى والعشرون
تثنية,21,54,"الإصحاح الحادى والعشرون
تثنية,21,55,"الإصحاح الحادى والعشرون
تثنية,21,56,"الإصحاح الحادى والعشرون
تثنية,21,57,"الإصحاح الحادى والعشرون
تثنية,21,58,"الإصحاح الحادى والعشرون
تثنية,21,59,"الإصحاح الحادى والعشرون
تثنية,21,60,"الإصحاح الحادى والعشرون
تثنية,21,61,"الإصحاح الحادى والعشرون
تثنية,21,62,"الإصحاح الحادى والعشرون
تثنية,21,63,"الإصحاح الحادى والعشرون
تثنية,21,64,"الإصحاح الحادى والعشرون
تثنية,21,65,"الإصحاح الحادى والعشرون
تثنية,21,66,"الإصحاح الحادى والعشرون
تثنية,21,67,"الإصحاح الحادى والعشرون
تثنية,21,68,"الإصحاح الحادى والعشرون
تثنية,21,69,"الإصحاح الحادى والعشرون
تثنية,21,70,"الإصحاح الحادى والعشرون
تثنية,21,71,"الإصحاح الحادى والعشرون
تثنية,21,72,"الإصحاح الحادى والعشرون
تثنية,21,73,"الإصحاح الحادى والعشرون
تثنية,21,74,"الإصحاح الحادى والعشرون
تثنية,21,75,"الإصحاح الحادى والعشرون
تثنية,21,76,"الإصحاح الحادى والعشرون
تثنية,21,77,"الإصحاح الحادى والعشرون
تثنية,21,78,"الإصحاح الحادى والعشرون
تثنية,21,79,"الإصحاح الحادى والعشرون
تثنية,21,80,"الإصحاح الحادى والعشرون
تثنية,21,81,"الإصحاح الحادى والعشرون
تثنية,21,82,"الإصحاح الحادى والعشرون
تثنية,21,83,"الإصحاح الحادى والعشرون
تثنية,21,84,"الإصحاح الحادى والعشرون
تثنية,21,85,"الإصحاح الحادى والعشرون
تثنية,21,86,"الإصحاح الحادى والعشرون
تثنية,21,87,"الإصحاح الحادى والعشرون
تثنية,21,88,"الإصحاح الحادى والعشرون
تثنية,21,89,"الإصحاح الحادى والعشرون
تثنية,21,90,"الإصحاح الحادى والعشرون
تثنية,21,91,"الإصحاح الحادى والعشرون
تثنية,21,92,"الإصحاح الحادى والعشرون
تثنية,21,93,"الإصحاح الحادى والعشرون
تثنية,21,94,"الإصحاح الحادى والعشرون
تثنية,21,95,"الإصحاح الحادى والعشرون
تثنية,21,96,"الإصحاح الحادى والعشرون
تثنية,21,97,"الإصحاح الحادى والعشرون
تثنية,21,98,"الإصحاح الحادى والعشرون
تثنية,21,99,"الإصحاح الحادى والعشرون
تثنية,22,1,"الإصحاح الثانى والعشرون
تثنية,22,2,"الإصحاح الثانى والعشرون
تثنية,22,3,"الإصحاح الثانى والعشرون
تثنية,22,4,"الإصحاح الثانى والعشرون
تثنية,22,5,"الإصحاح الثانى والعشرون
تثنية,22,6,"الإصحاح الثانى والعشرون
تثنية,22,7,"الإصحاح الثانى والعشرون
تثنية,22,8,"الإصحاح الثانى والعشرون
تثنية,22,9,"الإصحاح الثانى والعشرون
تثنية,22,10,"الإصحاح الثانى والعشرون
تثنية,22,11,"الإصحاح الثانى والعشرون
تثنية,22,12,"الإصحاح الثانى والعشرون
تثنية,22,13,"الإصحاح الثانى والعشرون
تثنية,22,14,"الإصحاح الثانى والعشرون
تثنية,22,15,"الإصحاح الثانى والعشرون
تثنية,22,16,"الإصحاح الثانى والعشرون
تثنية,22,17,"الإصحاح الثانى والعشرون
تثنية,22,18,"الإصحاح الثانى والعشرون
تثنية,22,19,"الإصحاح الثانى والعشرون
تثنية,22,20,"الإصحاح الثانى والعشرون
تثنية,22,21,"الإصحاح الثانى والعشرون
تثنية,22,22,"الإصحاح الثانى والعشرون
تثنية,22,23,"الإصحاح الثانى والعشرون
تثنية,22,24,"الإصحاح الثانى والعشرون
تثنية,22,25,"الإصحاح الثانى والعشرون
تثنية,22,26,"الإصحاح الثانى والعشرون
تثنية,22,27,"الإصحاح الثانى والعشرون
تثنية,22,28,"الإصحاح الثانى والعشرون
تثنية,22,29,"الإصحاح الثانى والعشرون
تثنية,22,30,"الإصحاح الثانى والعشرون
تثنية,22,31,"الإصحاح الثانى والعشرون
تثنية,22,32,"الإصحاح الثانى والعشرون
تثنية,22,33,"الإصحاح الثانى والعشرون
تثنية,22,34,"الإصحاح الثانى والعشرون
تثنية,22,35,"الإصحاح الثانى والعشرون
تثنية,22,36,"الإصحاح الثانى والعشرون
تثنية,22,37,"الإصحاح الثانى والعشرون
تثنية,22,38,"الإصحاح الثانى والعشرون
تثنية,22,39,"الإصحاح الثانى والعشرون
تثنية,22,40,"الإصحاح الثانى والعشرون
تثنية,22,41,"الإصحاح الثانى والعشرون
تثنية,22,42,"الإصحاح الثانى والعشرون
تثنية,22,43,"الإصحاح الثانى والعشرون
تثنية,22,44,"الإصحاح الثانى والعشرون
تثنية,22,45,"الإصحاح الثانى والعشرون
تثنية,22,46,"الإصحاح الثانى والعشرون
تثنية,22,47,"الإصحاح الثانى والعشرون
تثنية,22,48,"الإصحاح الثانى والعشرون
تثنية,22,49,"الإصحاح الثانى والعشرون
تثنية,22,50,"الإصحاح الثانى والعشرون
تثنية,22,51,"الإصحاح الثانى والعشرون
تثنية,22,52,"الإصحاح الثانى والعشرون
تثنية,22,53,"الإصحاح الثانى والعشرون
تثنية,22,54,"الإصحاح الثانى والعشرون
تثنية,22,55,"الإصحاح الثانى والعشرون
تثنية,22,56,"الإصحاح الثانى والعشرون
تثنية,22,57,"الإصحاح الثانى والعشرون
تثنية,22,58,"الإصحاح الثانى والعشرون
تثنية,22,59,"الإصحاح الثانى والعشرون
تثنية,22,60,"الإصحاح الثانى والعشرون
تثنية,22,61,"الإصحاح الثانى والعشرون
تثنية,22,62,"الإصحاح الثانى والعشرون
تثنية,22,63,"الإصحاح الثانى والعشرون
تثنية,22,64,"الإصحاح الثانى والعشرون
تثنية,22,65,"الإصحاح الثانى والعشرون
تثنية,22,66,"الإصحاح الثانى والعشرون
تثنية,22,67,"الإصحاح الثانى والعشرون
تثنية,22,68,"الإصحاح الثانى والعشرون
تثنية,22,69,"الإصحاح الثانى والعشرون
تثنية,22,70,"الإصحاح الثانى والعشرون
تثنية,22,71,"الإصحاح الثانى والعشرون
تثنية,22,72,"الإصحاح الثانى والعشرون
تثنية,22,73,"الإصحاح الثانى والعشرون
تثنية,22,74,"الإصحاح الثانى والعشرون
تثنية,22,75,"الإصحاح الثانى والعشرون
تثنية,22,76,"الإصحاح الثانى والعشرون
تثنية,22,77,"الإصحاح الثانى والعشرون
تثنية,22,78,"الإصحاح الثانى والعشرون
تثنية,22,79,"الإصحاح الثانى والعشرون
تثنية,22,80,"الإصحاح الثانى والعشرون
تثنية,22,81,"الإصحاح الثانى والعشرون
تثنية,22,82,"الإصحاح الثانى والعشرون
تثنية,22,83,"الإصحاح الثانى والعشرون
تثنية,22,84,"الإصحاح الثانى والعشرون
تثنية,22,85,"الإصحاح الثانى والعشرون
تثنية,22,86,"الإصحاح الثانى والعشرون
تثنية,22,87,"الإصحاح الثانى والعشرون
تثنية,22,88,"الإصحاح الثانى والعشرون
تثنية,22,89,"الإصحاح الثانى والعشرون
تثنية,22,90,"الإصحاح الثانى والعشرون
تثنية,22,91,"الإصحاح الثانى والعشرون
تثنية,22,92,"الإصحاح الثانى والعشرون
تثنية,22,93,"الإصحاح الثانى والعشرون
تثنية,22,94,"الإصحاح الثانى والعشرون
تثنية,22,95,"الإصحاح الثانى والعشرون
تثنية,22,96,"الإصحاح الثانى والعشرون
تثنية,22,97,"الإصحاح الثانى والعشرون
تثنية,22,98,"الإصحاح الثانى والعشرون
تثنية,22,99,"الإصحاح الثانى والعشرون
تثنية,23,1,"الإصحاح الثالث والعشرون
تثنية,23,2,"الإصحاح الثالث والعشرون
تثنية,23,3,"الإصحاح الثالث والعشرون
تثنية,23,4,"الإصحاح الثالث والعشرون
تثنية,23,5,"الإصحاح الثالث والعشرون
تثنية,23,6,"الإصحاح الثالث والعشرون
تثنية,23,7,"الإصحاح الثالث والعشرون
تثنية,23,8,"الإصحاح الثالث والعشرون
تثنية,23,9,"الإصحاح الثالث والعشرون
تثنية,23,10,"الإصحاح الثالث والعشرون
تثنية,23,11,"الإصحاح الثالث والعشرون
تثنية,23,12,"الإصحاح الثالث والعشرون
تثنية,23,13,"الإصحاح الثالث والعشرون
تثنية,23,14,"الإصحاح الثالث والعشرون
تثنية,23,15,"الإصحاح الثالث والعشرون
تثنية,23,16,"الإصحاح الثالث والعشرون
تثنية,23,17,"الإصحاح الثالث والعشرون
تثنية,23,18,"الإصحاح الثالث والعشرون
تثنية,23,19,"الإصحاح الثالث والعشرون
تثنية,23,20,"الإصحاح الثالث والعشرون
تثنية,23,21,"الإصحاح الثالث والعشرون
تثنية,23,22,"الإصحاح الثالث والعشرون
تثنية,23,23,"الإصحاح الثالث والعشرون
تثنية,23,24,"الإصحاح الثالث والعشرون
تثنية,23,25,"الإصحاح الثالث والعشرون
تثنية,23,26,"الإصحاح الثالث والعشرون
تثنية,23,27,"الإصحاح الثالث والعشرون
تثنية,23,28,"الإصحاح الثالث والعشرون
تثنية,23,29,"الإصحاح الثالث والعشرون
تثنية,23,30,"الإصحاح الثالث والعشرون
تثنية,23,31,"الإصحاح الثالث والعشرون
تثنية,23,32,"الإصحاح الثالث والعشرون
تثنية,23,33,"الإصحاح الثالث والعشرون
تثنية,23,34,"الإصحاح الثالث والعشرون
تثنية,23,35,"الإصحاح الثالث والعشرون
تثنية,23,36,"الإصحاح الثالث والعشرون
تثنية,23,37,"الإصحاح الثالث والعشرون
تثنية,23,38,"الإصحاح الثالث والعشرون
تثنية,23,39,"الإصحاح الثالث والعشرون
تثنية,23,40,"الإصحاح الثالث والعشرون
تثنية,23,41,"الإصحاح الثالث والعشرون
تثنية,23,42,"الإصحاح الثالث والعشرون
تثنية,23,43,"الإصحاح الثالث والعشرون
تثنية,23,44,"الإصحاح الثالث والعشرون
تثنية,23,45,"الإصحاح الثالث والعشرون
تثنية,23,46,"الإصحاح الثالث والعشرون
تثنية,23,47,"الإصحاح الثالث والعشرون
تثنية,23,48,"الإصحاح الثالث والعشرون
تثنية,23,49,"الإصحاح الثالث والعشرون
تثنية,23,50,"الإصحاح الثالث والعشرون
تثنية,23,51,"الإصحاح الثالث والعشرون
تثنية,23,52,"الإصحاح الثالث والعشرون
تثنية,23,53,"الإصحاح الثالث والعشرون
تثنية,23,54,"الإصحاح الثالث والعشرون
تثنية,23,55,"الإصحاح الثالث والعشرون
تثنية,23,56,"الإصحاح الثالث والعشرون
تثنية,23,57,"الإصحاح الثالث والعشرون
تثنية,23,58,"الإصحاح الثالث والعشرون
تثنية,23,59,"الإصحاح الثالث والعشرون
تثنية,23,60,"الإصحاح الثالث والعشرون
تثنية,23,61,"الإصحاح الثالث والعشرون
تثنية,23,62,"الإصحاح الثالث والعشرون
تثنية,23,63,"الإصحاح الثالث والعشرون
تثنية,23,64,"الإصحاح الثالث والعشرون
تثنية,23,65,"الإصحاح الثالث والعشرون
تثنية,23,66,"الإصحاح الثالث والعشرون
تثنية,23,67,"الإصحاح الثالث والعشرون
تثنية,23,68,"الإصحاح الثالث والعشرون
تثنية,23,69,"الإصحاح الثالث والعشرون
تثنية,23,70,"الإصحاح الثالث والعشرون
تثنية,23,71,"الإصحاح الثالث والعشرون
تثنية,23,72,"الإصحاح الثالث والعشرون
تثنية,23,73,"الإصحاح الثالث والعشرون
تثنية,23,74,"الإصحاح الثالث والعشرون
تثنية,23,75,"الإصحاح الثالث والعشرون
تثنية,23,76,"الإصحاح الثالث والعشرون
تثنية,23,77,"الإصحاح الثالث والعشرون
تثنية,23,78,"الإصحاح الثالث والعشرون
تثنية,23,79,"الإصحاح الثالث والعشرون
تثنية,23,80,"الإصحاح الثالث والعشرون
تثنية,23,81,"الإصحاح الثالث والعشرون
تثنية,23,82,"الإصحاح الثالث والعشرون
تثنية,23,83,"الإصحاح الثالث والعشرون
تثنية,23,84,"الإصحاح الثالث والعشرون
تثنية,23,85,"الإصحاح الثالث والعشرون
تثنية,23,86,"الإصحاح الثالث والعشرون
تثنية,23,87,"الإصحاح الثالث والعشرون
تثنية,23,88,"الإصحاح الثالث والعشرون
تثنية,23,89,"الإصحاح الثالث والعشرون
تثنية,23,90,"الإصحاح الثالث والعشرون
تثنية,23,91,"الإصحاح الثالث والعشرون
تثنية,23,92,"الإصحاح الثالث والعشرون
تثنية,23,93,"الإصحاح الثالث والعشرون
تثنية,23,94,"الإصحاح الثالث والعشرون
تثنية,23,95,"الإصحاح الثالث والعشرون
تثنية,23,96,"الإصحاح الثالث والعشرون
تثنية,23,97,"الإصحاح الثالث والعشرون
تثنية,23,98,"الإصحاح الثالث والعشرون
تثنية,23,99,"الإصحاح الثالث والعشرون
تثنية,24,1,"الإصحاح الرابع والعشرون
تثنية,24,2,"الإصحاح الرابع والعشرون
تثنية,24,3,"الإصحاح الرابع والعشرون
تثنية,24,4,"الإصحاح الرابع والعشرون
تثنية,24,5,"الإصحاح الرابع والعشرون
تثنية,24,6,"الإصحاح الرابع والعشرون
تثنية,24,7,"الإصحاح الرابع والعشرون
تثنية,24,8,"الإصحاح الرابع والعشرون
تثنية,24,9,"الإصحاح الرابع والعشرون
تثنية,24,10,"الإصحاح الرابع والعشرون
تثنية,24,11,"الإصحاح الرابع والعشرون
تثنية,24,12,"الإصحاح الرابع والعشرون
تثنية,24,13,"الإصحاح الرابع والعشرون
تثنية,24,14,"الإصحاح الرابع والعشرون
تثنية,24,15,"الإصحاح الرابع والعشرون
تثنية,24,16,"الإصحاح الرابع والعشرون
تثنية,24,17,"الإصحاح الرابع والعشرون
تثنية,24,18,"الإصحاح الرابع والعشرون
تثنية,24,19,"الإصحاح الرابع والعشرون
تثنية,24,20,"الإصحاح الرابع والعشرون
تثنية,24,21,"الإصحاح الرابع والعشرون
تثنية,24,22,"الإصحاح الرابع والعشرون
تثنية,24,23,"الإصحاح الرابع والعشرون
تثنية,24,24,"الإصحاح الرابع والعشرون
تثنية,24,25,"الإصحاح الرابع والعشرون
تثنية,24,26,"الإصحاح الرابع والعشرون
تثنية,24,27,"الإصحاح الرابع والعشرون
تثنية,24,28,"الإصحاح الرابع والعشرون
تثنية,24,29,"الإصحاح الرابع والعشرون
تثنية,24,30,"الإصحاح الرابع والعشرون
تثنية,24,31,"الإصحاح الرابع والعشرون
تثنية,24,32,"الإصحاح الرابع والعشرون
تثنية,24,33,"الإصحاح الرابع والعشرون
تثنية,24,34,"الإصحاح الرابع والعشرون
تثنية,24,35,"الإصحاح الرابع والعشرون
تثنية,24,36,"الإصحاح الرابع والعشرون
تثنية,24,37,"الإصحاح الرابع والعشرون
تثنية,24,38,"الإصحاح الرابع والعشرون
تثنية,24,39,"الإصحاح الرابع والعشرون
تثنية,24,40,"الإصحاح الرابع والعشرون
تثنية,24,41,"الإصحاح الرابع والعشرون
تثنية,24,42,"الإصحاح الرابع والعشرون
تثنية,24,43,"الإصحاح الرابع والعشرون
تثنية,24,44,"الإصحاح الرابع والعشرون
تثنية,24,45,"الإصحاح الرابع والعشرون
تثنية,24,46,"الإصحاح الرابع والعشرون
تثنية,24,47,"الإصحاح الرابع والعشرون
تثنية,24,48,"الإصحاح الرابع والعشرون
تثنية,24,49,"الإصحاح الرابع والعشرون
تثنية,24,50,"الإصحاح الرابع والعشرون
تثنية,24,51,"الإصحاح الرابع والعشرون
تثنية,24,52,"الإصحاح الرابع والعشرون
تثنية,24,53,"الإصحاح الرابع والعشرون
تثنية,24,54,"الإصحاح الرابع والعشرون
تثنية,24,55,"الإصحاح الرابع والعشرون
تثنية,24,56,"الإصحاح الرابع والعشرون
تثنية,24,57,"الإصحاح الرابع والعشرون
تثنية,24,58,"الإصحاح الرابع والعشرون
تثنية,24,59,"الإصحاح الرابع والعشرون
تثنية,24,60,"الإصحاح الرابع والعشرون
تثنية,24,61,"الإصحاح الرابع والعشرون
تثنية,24,62,"الإصحاح الرابع والعشرون
تثنية,24,63,"الإصحاح الرابع والعشرون
تثنية,24,64,"الإصحاح الرابع والعشرون
تثنية,24,65,"الإصحاح الرابع والعشرون
تثنية,24,66,"الإصحاح الرابع والعشرون
تثنية,24,67,"الإصحاح الرابع والعشرون
تثنية,24,68,"الإصحاح الرابع والعشرون
تثنية,24,69,"الإصحاح الرابع والعشرون
تثنية,24,70,"الإصحاح الرابع والعشرون
تثنية,24,71,"الإصحاح الرابع والعشرون
تثنية,24,72,"الإصحاح الرابع والعشرون
تثنية,24,73,"الإصحاح الرابع والعشرون
تثنية,24,74,"الإصحاح الرابع والعشرون
تثنية,24,75,"الإصحاح الرابع والعشرون
تثنية,24,76,"الإصحاح الرابع والعشرون
تثنية,24,77,"الإصحاح الرابع والعشرون
تثنية,24,78,"الإصحاح الرابع والعشرون
تثنية,24,79,"الإصحاح الرابع والعشرون
تثنية,24,80,"الإصحاح الرابع والعشرون
تثنية,24,81,"الإصحاح الرابع والعشرون
تثنية,24,82,"الإصحاح الرابع والعشرون
تثنية,24,83,"الإصحاح الرابع والعشرون
تثنية,24,84,"الإصحاح الرابع والعشرون
تثنية,24,85,"الإصحاح الرابع والعشرون
تثنية,24,86,"الإصحاح الرابع والعشرون
تثنية,24,87,"الإصحاح الرابع والعشرون
تثنية,24,88,"الإصحاح الرابع والعشرون
تثنية,24,89,"الإصحاح الرابع والعشرون
تثنية,24,90,"الإصحاح الرابع والعشرون
تثنية,24,91,"الإصحاح الرابع والعشرون
تثنية,24,92,"الإصحاح الرابع والعشرون
تثنية,24,93,"الإصحاح الرابع والعشرون
تثنية,24,94,"الإصحاح الرابع والعشرون
تثنية,24,95,"الإصحاح الرابع والعشرون
تثنية,24,96,"الإصحاح الرابع والعشرون
تثنية,24,97,"الإصحاح الرابع والعشرون
تثنية,24,98,"الإصحاح الرابع والعشرون
تثنية,24,99,"الإصحاح الرابع والعشرون
تثنية,25,1,"الإصحاح الخامس والعشرون
تثنية,25,2,"الإصحاح الخامس والعشرون
تثنية,25,3,"الإصحاح الخامس والعشرون
تثنية,25,4,"الإصحاح الخامس والعشرون
تثنية,25,5,"الإصحاح الخامس والعشرون
تثنية,25,6,"الإصحاح الخامس والعشرون
تثنية,25,7,"الإصحاح الخامس والعشرون
تثنية,25,8,"الإصحاح الخامس والعشرون
تثنية,25,9,"الإصحاح الخامس والعشرون
تثنية,25,10,"الإصحاح الخامس والعشرون
تثنية,25,11,"الإصحاح الخامس والعشرون
تثنية,25,12,"الإصحاح الخامس والعشرون
تثنية,25,13,"الإصحاح الخامس والعشرون
تثنية,25,14,"الإصحاح الخامس والعشرون
تثنية,25,15,"الإصحاح الخامس والعشرون
تثنية,25,16,"الإصحاح الخامس والعشرون
تثنية,25,17,"الإصحاح الخامس والعشرون
تثنية,25,18,"الإصحاح الخامس والعشرون
تثنية,25,19,"الإصحاح الخامس والعشرون
تثنية,25,20,"الإصحاح الخامس والعشرون
تثنية,25,21,"الإصحاح الخامس والعشرون
تثنية,25,22,"الإصحاح الخامس والعشرون
تثنية,25,23,"الإصحاح الخامس والعشرون
تثنية,25,24,"الإصحاح الخامس والعشرون
تثنية,25,25,"الإصحاح الخامس والعشرون
تثنية,25,26,"الإصحاح الخامس والعشرون
تثنية,25,27,"الإصحاح الخامس والعشرون
تثنية,25,28,"الإصحاح الخامس والعشرون
تثنية,25,29,"الإصحاح الخامس والعشرون
تثنية,25,30,"الإصحاح الخامس والعشرون
تثنية,25,31,"الإصحاح الخامس والعشرون
تثنية,25,32,"الإصحاح الخامس والعشرون
تثنية,25,33,"الإصحاح الخامس والعشرون
تثنية,25,34,"الإصحاح الخامس والعشرون
تثنية,25,35,"الإصحاح الخامس والعشرون
تثنية,25,36,"الإصحاح الخامس والعشرون
تثنية,25,37,"الإصحاح الخامس والعشرون
تثنية,25,38,"الإصحاح الخامس والعشرون
تثنية,25,39,"الإصحاح الخامس والعشرون
تثنية,25,40,"الإصحاح الخامس والعشرون
تثنية,25,41,"الإصحاح الخامس والعشرون
تثنية,25,42,"الإصحاح الخامس والعشرون
تثنية,25,43,"الإصحاح الخامس والعشرون
تثنية,25,44,"الإصحاح الخامس والعشرون
تثنية,25,45,"الإصحاح الخامس والعشرون
تثنية,25,46,"الإصحاح الخامس والعشرون
تثنية,25,47,"الإصحاح الخامس والعشرون
تثنية,25,48,"الإصحاح الخامس والعشرون
تثنية,25,49,"الإصحاح الخامس والعشرون
تثنية,25,50,"الإصحاح الخامس والعشرون
تثنية,25,51,"الإصحاح الخامس والعشرون
تثنية,25,52,"الإصحاح الخامس والعشرون
تثنية,25,53,"الإصحاح الخامس والعشرون
تثنية,25,54,"الإصحاح الخامس والعشرون
تثنية,25,55,"الإصحاح الخامس والعشرون
تثنية,25,56,"الإصحاح الخامس والعشرون
تثنية,25,57,"الإصحاح الخامس والعشرون
تثنية,25,58,"الإصحاح الخامس والعشرون
تثنية,25,59,"الإصحاح الخامس والعشرون
تثنية,25,60,"الإصحاح الخامس والعشرون
تثنية,25,61,"الإصحاح الخامس والعشرون
تثنية,25,62,"الإصحاح الخامس والعشرون
تثنية,25,63,"الإصحاح الخامس والعشرون
تثنية,25,64,"الإصحاح الخامس والعشرون
تثنية,25,65,"الإصحاح الخامس والعشرون
تثنية,25,66,"الإصحاح الخامس والعشرون
تثنية,25,67,"الإصحاح الخامس والعشرون
تثنية,25,68,"الإصحاح الخامس والعشرون
تثنية,25,69,"الإصحاح الخامس والعشرون
تثنية,25,70,"الإصحاح الخامس والعشرون
تثنية,25,71,"الإصحاح الخامس والعشرون
تثنية,25,72,"الإصحاح الخامس والعشرون
تثنية,25,73,"الإصحاح الخامس والعشرون
تثنية,25,74,"الإصحاح الخامس والعشرون
تثنية,25,75,"الإصحاح الخامس والعشرون
تثنية,25,76,"الإصحاح الخامس والعشرون
تثنية,25,77,"الإصحاح الخامس والعشرون
تثنية,25,78,"الإصحاح الخامس والعشرون
تثنية,25,79,"الإصحاح الخامس والعشرون
تثنية,25,80,"الإصحاح الخامس والعشرون
تثنية,25,81,"الإصحاح الخامس والعشرون
تثنية,25,82,"الإصحاح الخامس والعشرون
تثنية,25,83,"الإصحاح الخامس والعشرون
تثنية,25,84,"الإصحاح الخامس والعشرون
تثنية,25,85,"الإصحاح الخامس والعشرون
تثنية,25,86,"الإصحاح الخامس والعشرون
تثنية,25,87,"الإصحاح الخامس والعشرون
تثنية,25,88,"الإصحاح الخامس والعشرون
تثنية,25,89,"الإصحاح الخامس والعشرون
تثنية,25,90,"الإصحاح الخامس والعشرون
تثنية,25,91,"الإصحاح الخامس والعشرون
تثنية,25,92,"الإصحاح الخامس والعشرون
تثنية,25,93,"الإصحاح الخامس والعشرون
تثنية,25,94,"الإصحاح الخامس والعشرون
تثنية,25,95,"الإصحاح الخامس والعشرون
تثنية,25,96,"الإصحاح الخامس والعشرون
تثنية,25,97,"الإصحاح الخامس والعشرون
تثنية,25,98,"الإصحاح الخامس والعشرون
تثنية,25,99,"الإصحاح الخامس والعشرون
تثنية,26,1,"الإصحاح السادس والعشرون
تثنية,26,2,"الإصحاح السادس والعشرون
تثنية,26,3,"الإصحاح السادس والعشرون
تثنية,26,4,"الإصحاح السادس والعشرون
تثنية,26,5,"الإصحاح السادس والعشرون
تثنية,26,6,"الإصحاح السادس والعشرون
تثنية,26,7,"الإصحاح السادس والعشرون
تثنية,26,8,"الإصحاح السادس والعشرون
تثنية,26,9,"الإصحاح السادس والعشرون
تثنية,26,10,"الإصحاح السادس والعشرون
تثنية,26,11,"الإصحاح السادس والعشرون
تثنية,26,12,"الإصحاح السادس والعشرون
تثنية,26,13,"الإصحاح السادس والعشرون
تثنية,26,14,"الإصحاح السادس والعشرون
تثنية,26,15,"الإصحاح السادس والعشرون
تثنية,26,16,"الإصحاح السادس والعشرون
تثنية,26,17,"الإصحاح السادس والعشرون
تثنية,26,18,"الإصحاح السادس والعشرون
تثنية,26,19,"الإصحاح السادس والعشرون
تثنية,26,20,"الإصحاح السادس والعشرون
تثنية,26,21,"الإصحاح السادس والعشرون
تثنية,26,22,"الإصحاح السادس والعشرون
تثنية,26,23,"الإصحاح السادس والعشرون
تثنية,26,24,"الإصحاح السادس والعشرون
تثنية,26,25,"الإصحاح السادس والعشرون
تثنية,26,26,"الإصحاح السادس والعشرون
تثنية,26,27,"الإصحاح السادس والعشرون
تثنية,26,28,"الإصحاح السادس والعشرون
تثنية,26,29,"الإصحاح السادس والعشرون
تثنية,26,30,"الإصحاح السادس والعشرون
تثنية,26,31,"الإصحاح السادس والعشرون
تثنية,26,32,"الإصحاح السادس والعشرون
تثنية,26,33,"الإصحاح السادس والعشرون
تثنية,26,34,"الإصحاح السادس والعشرون
تثنية,26,35,"الإصحاح السادس والعشرون
تثنية,26,36,"الإصحاح السادس والعشرون
تثنية,26,37,"الإصحاح السادس والعشرون
تثنية,26,38,"الإصحاح السادس والعشرون
تثنية,26,39,"الإصحاح السادس والعشرون
تثنية,26,40,"الإصحاح السادس والعشرون
تثنية,26,41,"الإصحاح السادس والعشرون
تثنية,26,42,"الإصحاح السادس والعشرون
تثنية,26,43,"الإصحاح السادس والعشرون
تثنية,26,44,"الإصحاح السادس والعشرون
تثنية,26,45,"الإصحاح السادس والعشرون
تثنية,26,46,"الإصحاح السادس والعشرون
تثنية,26,47,"الإصحاح السادس والعشرون
تثنية,26,48,"الإصحاح السادس والعشرون
تثنية,26,49,"الإصحاح السادس والعشرون
تثنية,26,50,"الإصحاح السادس والعشرون
تثنية,26,51,"الإصحاح السادس والعشرون
تثنية,26,52,"الإصحاح السادس والعشرون
تثنية,26,53,"الإصحاح السادس والعشرون
تثنية,26,54,"الإصحاح السادس والعشرون
تثنية,26,55,"الإصحاح السادس والعشرون
تثنية,26,56,"الإصحاح السادس والعشرون
تثنية,26,57,"الإصحاح السادس والعشرون
تثنية,26,58,"الإصحاح السادس والعشرون
تثنية,26,59,"الإصحاح السادس والعشرون
تثنية,26,60,"الإصحاح السادس والعشرون
تثنية,26,61,"الإصحاح السادس والعشرون
تثنية,26,62,"الإصحاح السادس والعشرون
تثنية,26,63,"الإصحاح السادس والعشرون
تثنية,26,64,"الإصحاح السادس والعشرون
تثنية,26,65,"الإصحاح السادس والعشرون
تثنية,26,66,"الإصحاح السادس والعشرون
تثنية,26,67,"الإصحاح السادس والعشرون
تثنية,26,68,"الإصحاح السادس والعشرون
تثنية,26,69,"الإصحاح السادس والعشرون
تثنية,26,70,"الإصحاح السادس والعشرون
تثنية,26,71,"الإصحاح السادس والعشرون
تثنية,26,72,"الإصحاح السادس والعشرون
تثنية,26,73,"الإصحاح السادس والعشرون
تثنية,26,74,"الإصحاح السادس والعشرون
تثنية,26,75,"الإصحاح السادس والعشرون
تثنية,26,76,"الإصحاح السادس والعشرون
تثنية,26,77,"الإصحاح السادس والعشرون
تثنية,26,78,"الإصحاح السادس والعشرون
تثنية,26,79,"الإصحاح السادس والعشرون
تثنية,26,80,"الإصحاح السادس والعشرون
تثنية,26,81,"الإصحاح السادس والعشرون
تثنية,26,82,"الإصحاح السادس والعشرون
تثنية,26,83,"الإصحاح السادس والعشرون
تثنية,26,84,"الإصحاح السادس والعشرون
تثنية,26,85,"الإصحاح السادس والعشرون
تثنية,26,86,"الإصحاح السادس والعشرون
تثنية,26,87,"الإصحاح السادس والعشرون
تثنية,26,88,"الإصحاح السادس والعشرون
تثنية,26,89,"الإصحاح السادس والعشرون
تثنية,26,90,"الإصحاح السادس والعشرون
تثنية,26,91,"الإصحاح السادس والعشرون
تثنية,26,92,"الإصحاح السادس والعشرون
تثنية,26,93,"الإصحاح السادس والعشرون
تثنية,26,94,"الإصحاح السادس والعشرون
تثنية,26,95,"الإصحاح السادس والعشرون
تثنية,26,96,"الإصحاح السادس والعشرون
تثنية,26,97,"الإصحاح السادس والعشرون
تثنية,26,98,"الإصحاح السادس والعشرون
تثنية,26,99,"الإصحاح السادس والعشرون
تثنية,27,1,"الإصحاح السابع والعشرون
تثنية,27,2,"الإصحاح السابع والعشرون
تثنية,27,3,"الإصحاح السابع والعشرون
تثنية,27,4,"الإصحاح السابع والعشرون
تثنية,27,5,"الإصحاح السابع والعشرون
تثنية,27,6,"الإصحاح السابع والعشرون
تثنية,27,7,"الإصحاح السابع والعشرون
تثنية,27,8,"الإصحاح السابع والعشرون
تثنية,27,9,"الإصحاح السابع والعشرون
تثنية,27,10,"الإصحاح السابع والعشرون
تثنية,27,11,"الإصحاح السابع والعشرون
تثنية,27,12,"الإصحاح السابع والعشرون
تثنية,27,13,"الإصحاح السابع والعشرون
تثنية,27,14,"الإصحاح السابع والعشرون
تثنية,27,15,"الإصحاح السابع والعشرون
تثنية,27,16,"الإصحاح السابع والعشرون
تثنية,27,17,"الإصحاح السابع والعشرون
تثنية,27,18,"الإصحاح السابع والعشرون
تثنية,27,19,"الإصحاح السابع والعشرون
تثنية,27,20,"الإصحاح السابع والعشرون
تثنية,27,21,"الإصحاح السابع والعشرون
تثنية,27,22,"الإصحاح السابع والعشرون
تثنية,27,23,"الإصحاح السابع والعشرون
تثنية,27,24,"الإصحاح السابع والعشرون
تثنية,27,25,"الإصحاح السابع والعشرون
تثنية,27,26,"الإصحاح السابع والعشرون
تثنية,27,27,"الإصحاح السابع والعشرون
تثنية,27,28,"الإصحاح السابع والعشرون
تثنية,27,29,"الإصحاح السابع والعشرون
تثنية,27,30,"الإصحاح السابع والعشرون
تثنية,27,31,"الإصحاح السابع والعشرون
تثنية,27,32,"الإصحاح السابع والعشرون
تثنية,27,33,"الإصحاح السابع والعشرون
تثنية,27,34,"الإصحاح السابع والعشرون
تثنية,27,35,"الإصحاح السابع والعشرون
تثنية,27,36,"الإصحاح السابع والعشرون
تثنية,27,37,"الإصحاح السابع والعشرون
تثنية,27,38,"الإصحاح السابع والعشرون
تثنية,27,39,"الإصحاح السابع والعشرون
تثنية,27,40,"الإصحاح السابع والعشرون
تثنية,27,41,"الإصحاح السابع والعشرون
تثنية,27,42,"الإصحاح السابع والعشرون
تثنية,27,43,"الإصحاح السابع والعشرون
تثنية,27,44,"الإصحاح السابع والعشرون
تثنية,27,45,"الإصحاح السابع والعشرون
تثنية,27,46,"الإصحاح السابع والعشرون
تثنية,27,47,"الإصحاح السابع والعشرون
تثنية,27,48,"الإصحاح السابع والعشرون
تثنية,27,49,"الإصحاح السابع والعشرون
تثنية,27,50,"الإصحاح السابع والعشرون
تثنية,27,51,"الإصحاح السابع والعشرون
تثنية,27,52,"الإصحاح السابع والعشرون
تثنية,27,53,"الإصحاح السابع والعشرون
تثنية,27,54,"الإصحاح السابع والعشرون
تثنية,27,55,"الإصحاح السابع والعشرون
تثنية,27,56,"الإصحاح السابع والعشرون
تثنية,27,57,"الإصحاح السابع والعشرون
تثنية,27,58,"الإصحاح السابع والعشرون
تثنية,27,59,"الإصحاح السابع والعشرون
تثنية,27,60,"الإصحاح السابع والعشرون
تثنية,27,61,"الإصحاح السابع والعشرون
تثنية,27,62,"الإصحاح السابع والعشرون
تثنية,27,63,"الإصحاح السابع والعشرون
تثنية,27,64,"الإصحاح السابع والعشرون
تثنية,27,65,"الإصحاح السابع والعشرون
تثنية,27,66,"الإصحاح السابع والعشرون
تثنية,27,67,"الإصحاح السابع والعشرون
تثنية,27,68,"الإصحاح السابع والعشرون
تثنية,27,69,"الإصحاح السابع والعشرون
تثنية,27,70,"الإصحاح السابع والعشرون
تثنية,27,71,"الإصحاح السابع والعشرون
تثنية,27,72,"الإصحاح السابع والعشرون
تثنية,27,73,"الإصحاح السابع والعشرون
تثنية,27,74,"الإصحاح السابع والعشرون
تثنية,27,75,"الإصحاح السابع والعشرون
تثنية,27,76,"الإصحاح السابع والعشرون
تثنية,27,77,"الإصحاح السابع والعشرون
تثنية,27,78,"الإصحاح السابع والعشرون
تثنية,27,79,"الإصحاح السابع والعشرون
تثنية,27,80,"الإصحاح السابع والعشرون
تثنية,27,81,"الإصحاح السابع والعشرون
تثنية,27,82,"الإصحاح السابع والعشرون
تثنية,27,83,"الإصحاح السابع والعشرون
تثنية,27,84,"الإصحاح السابع والعشرون
تثنية,27,85,"الإصحاح السابع والعشرون
تثنية,27,86,"الإصحاح السابع والعشرون
تثنية,27,87,"الإصحاح السابع والعشرون
تثنية,27,88,"الإصحاح السابع والعشرون
تثنية,27,89,"الإصحاح السابع والعشرون
تثنية,27,90,"الإصحاح السابع والعشرون
تثنية,27,91,"الإصحاح السابع والعشرون
تثنية,27,92,"الإصحاح السابع والعشرون
تثنية,27,93,"الإصحاح السابع والعشرون
تثنية,27,94,"الإصحاح السابع والعشرون
تثنية,27,95,"الإصحاح السابع والعشرون
تثنية,27,96,"الإصحاح السابع والعشرون
تثنية,27,97,"الإصحاح السابع والعشرون
تثنية,27,98,"الإصحاح السابع والعشرون
تثنية,27,99,"الإصحاح السابع والعشرون
تثنية,28,1,"الإصحاح الثامن والعشرون
تثنية,28,2,"الإصحاح الثامن والعشرون
تثنية,28,3,"الإصحاح الثامن والعشرون
تثنية,28,4,"الإصحاح الثامن والعشرون
تثنية,28,5,"الإصحاح الثامن والعشرون
تثنية,28,6,"الإصحاح الثامن والعشرون
تثنية,28,7,"الإصحاح الثامن والعشرون
تثنية,28,8,"الإصحاح الثامن والعشرون
تثنية,28,9,"الإصحاح الثامن والعشرون
تثنية,28,10,"الإصحاح الثامن والعشرون
تثنية,28,11,"الإصحاح الثامن والعشرون
تثنية,28,12,"الإصحاح الثامن والعشرون
تثنية,28,13,"الإصحاح الثامن والعشرون
تثنية,28,14,"الإصحاح الثامن والعشرون
تثنية,28,15,"الإصحاح الثامن والعشرون
تثنية,28,16,"الإصحاح الثامن والعشرون
تثنية,28,17,"الإصحاح الثامن والعشرون
تثنية,28,18,"الإصحاح الثامن والعشرون
تثنية,28,19,"الإصحاح الثامن والعشرون
تثنية,28,20,"الإصحاح الثامن والعشرون
تثنية,28,21,"الإصحاح الثامن والعشرون
تثنية,28,22,"الإصحاح الثامن والعشرون
تثنية,28,23,"الإصحاح الثامن والعشرون
تثنية,28,24,"الإصحاح الثامن والعشرون
تثنية,28,25,"الإصحاح الثامن والعشرون
تثنية,28,26,"الإصحاح الثامن والعشرون
تثنية,28,27,"الإصحاح الثامن والعشرون
تثنية,28,28,"الإصحاح الثامن والعشرون
تثنية,28,29,"الإصحاح الثامن والعشرون
تثنية,28,30,"الإصحاح الثامن والعشرون
تثنية,28,31,"الإصحاح الثامن والعشرون
تثنية,28,32,"الإصحاح الثامن والعشرون
تثنية,28,33,"الإصحاح الثامن والعشرون
تثنية,28,34,"الإصحاح الثامن والعشرون
تثنية,28,35,"الإصحاح الثامن والعشرون
تثنية,28,36,"الإصحاح الثامن والعشرون
تثنية,28,37,"الإصحاح الثامن والعشرون
تثنية,28,38,"الإصحاح الثامن والعشرون
تثنية,28,39,"الإصحاح الثامن والعشرون
تثنية,28,40,"الإصحاح الثامن والعشرون
تثنية,28,41,"الإصحاح الثامن والعشرون
تثنية,28,42,"الإصحاح الثامن والعشرون
تثنية,28,43,"الإصحاح الثامن والعشرون
تثنية,28,44,"الإصحاح الثامن والعشرون
تثنية,28,45,"الإصحاح الثامن والعشرون
تثنية,28,46,"الإصحاح الثامن والعشرون
تثنية,28,47,"الإصحاح الثامن والعشرون
تثنية,28,48,"الإصحاح الثامن والعشرون
تثنية,28,49,"الإصحاح الثامن والعشرون
تثنية,28,50,"الإصحاح الثامن والعشرون
تثنية,28,51,"الإصحاح الثامن والعشرون
تثنية,28,52,"الإصحاح الثامن والعشرون
تثنية,28,53,"الإصحاح الثامن والعشرون
تثنية,28,54,"الإصحاح الثامن والعشرون
تثنية,28,55,"الإصحاح الثامن والعشرون
تثنية,28,56,"الإصحاح الثامن والعشرون
تثنية,28,57,"الإصحاح الثامن والعشرون
تثنية,28,58,"الإصحاح الثامن والعشرون
تثنية,28,59,"الإصحاح الثامن والعشرون
تثنية,28,60,"الإصحاح الثامن والعشرون
تثنية,28,61,"الإصحاح الثامن والعشرون
تثنية,28,62,"الإصحاح الثامن والعشرون
تثنية,28,63,"الإصحاح الثامن والعشرون
تثنية,28,64,"الإصحاح الثامن والعشرون
تثنية,28,65,"الإصحاح الثامن والعشرون
تثنية,28,66,"الإصحاح الثامن والعشرون
تثنية,28,67,"الإصحاح الثامن والعشرون
تثنية,28,68,"الإصحاح الثامن والعشرون
تثنية,28,69,"الإصحاح الثامن والعشرون
تثنية,28,70,"الإصحاح الثامن والعشرون
تثنية,28,71,"الإصحاح الثامن والعشرون
تثنية,28,72,"الإصحاح الثامن والعشرون
تثنية,28,73,"الإصحاح الثامن والعشرون
تثنية,28,74,"الإصحاح الثامن والعشرون
تثنية,28,75,"الإصحاح الثامن والعشرون
تثنية,28,76,"الإصحاح الثامن والعشرون
تثنية,28,77,"الإصحاح الثامن والعشرون
تثنية,28,78,"الإصحاح الثامن والعشرون
تثنية,28,79,"الإصحاح الثامن والعشرون
تثنية,28,80,"الإصحاح الثامن والعشرون
تثنية,28,81,"الإصحاح الثامن والعشرون
تثنية,28,82,"الإصحاح الثامن والعشرون
تثنية,28,83,"الإصحاح الثامن والعشرون
تثنية,28,84,"الإصحاح الثامن والعشرون
تثنية,28,85,"الإصحاح الثامن والعشرون
تثنية,28,86,"الإصحاح الثامن والعشرون
تثنية,28,87,"الإصحاح الثامن والعشرون
تثنية,28,88,"الإصحاح الثامن والعشرون
تثنية,28,89,"الإصحاح الثامن والعشرون
تثنية,28,90,"الإصحاح الثامن والعشرون
تثنية,28,91,"الإصحاح الثامن والعشرون
تثنية,28,92,"الإصحاح الثامن والعشرون
تثنية,28,93,"الإصحاح الثامن والعشرون
تثنية,28,94,"الإصحاح الثامن والعشرون
تثنية,28,95,"الإصحاح الثامن والعشرون
تثنية,28,96,"الإصحاح الثامن والعشرون
تثنية,28,97,"الإصحاح الثامن والعشرون
تثنية,28,98,"الإصحاح الثامن والعشرون
تثنية,28,99,"الإصحاح الثامن والعشرون
تثنية,29,1,"الإصحاح التاسع والعشرون
تثنية,29,2,"الإصحاح التاسع والعشرون
تثنية,29,3,"الإصحاح التاسع والعشرون
تثنية,29,4,"الإصحاح التاسع والعشرون
تثنية,29,5,"الإصحاح التاسع والعشرون
تثنية,29,6,"الإصحاح التاسع والعشرون
تثنية,29,7,"الإصحاح التاسع والعشرون
تثنية,29,8,"الإصحاح التاسع والعشرون
تثنية,29,9,"الإصحاح التاسع والعشرون
تثنية,29,10,"الإصحاح التاسع والعشرون
تثنية,29,11,"الإصحاح التاسع والعشرون
تثنية,29,12,"الإصحاح التاسع والعشرون
تثنية,29,13,"الإصحاح التاسع والعشرون
تثنية,29,14,"الإصحاح التاسع والعشرون
تثنية,29,15,"الإصحاح التاسع والعشرون
تثنية,29,16,"الإصحاح التاسع والعشرون
تثنية,29,17,"الإصحاح التاسع والعشرون
تثنية,29,18,"الإصحاح التاسع والعشرون
تثنية,29,19,"الإصحاح التاسع والعشرون
تثنية,29,20,"الإصحاح التاسع والعشرون
تثنية,29,21,"الإصحاح التاسع والعشرون
تثنية,29,22,"الإصحاح التاسع والعشرون
تثنية,29,23,"الإصحاح التاسع والعشرون
تثنية,29,24,"الإصحاح التاسع والعشرون
تثنية,29,25,"الإصحاح التاسع والعشرون
تثنية,29,26,"الإصحاح التاسع والعشرون
تثنية,29,27,"الإصحاح التاسع والعشرون
تثنية,29,28,"الإصحاح التاسع والعشرون
تثنية,29,29,"الإصحاح التاسع والعشرون
تثنية,29,30,"الإصحاح التاسع والعشرون
تثنية,29,31,"الإصحاح التاسع والعشرون
تثنية,29,32,"الإصحاح التاسع والعشرون
تثنية,29,33,"الإصحاح التاسع والعشرون
تثنية,29,34,"الإصحاح التاسع والعشرون
تثنية,29,35,"الإصحاح التاسع والعشرون
تثنية,29,36,"الإصحاح التاسع والعشرون
تثنية,29,37,"الإصحاح التاسع والعشرون
تثنية,29,38,"الإصحاح التاسع والعشرون
تثنية,29,39,"الإصحاح التاسع والعشرون
تثنية,29,40,"الإصحاح التاسع والعشرون
تثنية,29,41,"الإصحاح التاسع والعشرون
تثنية,29,42,"الإصحاح التاسع والعشرون
تثنية,29,43,"الإصحاح التاسع والعشرون
تثنية,29,44,"الإصحاح التاسع والعشرون
تثنية,29,45,"الإصحاح التاسع والعشرون
تثنية,29,46,"الإصحاح التاسع والعشرون
تثنية,29,47,"الإصحاح التاسع والعشرون
تثنية,29,48,"الإصحاح التاسع والعشرون
تثنية,29,49,"الإصحاح التاسع والعشرون
تثنية,29,50,"الإصحاح التاسع والعشرون
تثنية,29,51,"الإصحاح التاسع والعشرون
تثنية,29,52,"الإصحاح التاسع والعشرون
تثنية,29,53,"الإصحاح التاسع والعشرون
تثنية,29,54,"الإصحاح التاسع والعشرون
تثنية,29,55,"الإصحاح التاسع والعشرون
تثنية,29,56,"الإصحاح التاسع والعشرون
تثنية,29,57,"الإصحاح التاسع والعشرون
تثنية,29,58,"الإصحاح التاسع والعشرون
تثنية,29,59,"الإصحاح التاسع والعشرون
تثنية,29,60,"الإصحاح التاسع والعشرون
تثنية,29,61,"الإصحاح التاسع والعشرون
تثنية,29,62,"الإصحاح التاسع والعشرون
تثنية,29,63,"الإصحاح التاسع والعشرون
تثنية,29,64,"الإصحاح التاسع والعشرون
تثنية,29,65,"الإصحاح التاسع والعشرون
تثنية,29,66,"الإصحاح التاسع والعشرون
تثنية,29,67,"الإصحاح التاسع والعشرون
تثنية,29,68,"الإصحاح التاسع والعشرون
تثنية,29,69,"الإصحاح التاسع والعشرون
تثنية,29,70,"الإصحاح التاسع والعشرون
تثنية,29,71,"الإصحاح التاسع والعشرون
تثنية,29,72,"الإصحاح التاسع والعشرون
تثنية,29,73,"الإصحاح التاسع والعشرون
تثنية,29,74,"الإصحاح التاسع والعشرون
تثنية,29,75,"الإصحاح التاسع والعشرون
تثنية,29,76,"الإصحاح التاسع والعشرون
تثنية,29,77,"الإصحاح التاسع والعشرون
تثنية,29,78,"الإصحاح التاسع والعشرون
تثنية,29,79,"الإصحاح التاسع والعشرون
تثنية,29,80,"الإصحاح التاسع والعشرون
تثنية,29,81,"الإصحاح التاسع والعشرون
تثنية,29,82,"الإصحاح التاسع والعشرون
تثنية,29,83,"الإصحاح التاسع والعشرون
تثنية,29,84,"الإصحاح التاسع والعشرون
تثنية,29,85,"الإصحاح التاسع والعشرون
تثنية,29,86,"الإصحاح التاسع والعشرون
تثنية,29,87,"الإصحاح التاسع والعشرون
تثنية,29,88,"الإصحاح التاسع والعشرون
تثنية,29,89,"الإصحاح التاسع والعشرون
تثنية,29,90,"الإصحاح التاسع والعشرون
تثنية,29,91,"الإصحاح التاسع والعشرون
تثنية,29,92,"الإصحاح التاسع والعشرون
تثنية,29,93,"الإصحاح التاسع والعشرون
تثنية,29,94,"الإصحاح التاسع والعشرون
تثنية,29,95,"الإصحاح التاسع والعشرون
تثنية,29,96,"الإصحاح التاسع والعشرون
تثنية,29,97,"الإصحاح التاسع والعشرون
تثنية,29,98,"الإصحاح التاسع والعشرون
تثنية,29,99,"الإصحاح التاسع والعشرون
تثنية,30,1,"الإصحاح الثلاثون
تثنية,30,2,"الإصحاح الثلاثون
تثنية,30,3,"الإصحاح الثلاثون
تثنية,30,4,"الإصحاح الثلاثون
تثنية,30,5,"الإصحاح الثلاثون
تثنية,30,6,"الإصحاح الثلاثون
تثنية,30,7,"الإصحاح الثلاثون
تثنية,30,8,"الإصحاح الثلاثون
تثنية,30,9,"الإصحاح الثلاثون
تثنية,30,10,"الإصحاح الثلاثون
تثنية,30,11,"الإصحاح الثلاثون
تثنية,30,12,"الإصحاح الثلاثون
تثنية,30,13,"الإصحاح الثلاثون
تثنية,30,14,"الإصحاح الثلاثون
تثنية,30,15,"الإصحاح الثلاثون
تثنية,30,16,"الإصحاح الثلاثون
تثنية,30,17,"الإصحاح الثلاثون
تثنية,30,18,"الإصحاح الثلاثون
تثنية,30,19,"الإصحاح الثلاثون
تثنية,30,20,"الإصحاح الثلاثون
تثنية,30,21,"الإصحاح الثلاثون
تثنية,30,22,"الإصحاح الثلاثون
تثنية,30,23,"الإصحاح الثلاثون
تثنية,30,24,"الإصحاح الثلاثون
تثنية,30,25,"الإصحاح الثلاثون
تثنية,30,26,"الإصحاح الثلاثون
تثنية,30,27,"الإصحاح الثلاثون
تثنية,30,28,"الإصحاح الثلاثون
تثنية,30,29,"الإصحاح الثلاثون
تثنية,30,30,"الإصحاح الثلاثون
تثنية,30,31,"الإصحاح الثلاثون
تثنية,30,32,"الإصحاح الثلاثون
تثنية,30,33,"الإصحاح الثلاثون
تثنية,30,34,"الإصحاح الثلاثون
تثنية,30,35,"الإصحاح الثلاثون
تثنية,30,36,"الإصحاح الثلاثون
تثنية,30,37,"الإصحاح الثلاثون
تثنية,30,38,"الإصحاح الثلاثون
تثنية,30,39,"الإصحاح الثلاثون
تثنية,30,40,"الإصحاح الثلاثون
تثنية,30,41,"الإصحاح الثلاثون
تثنية,30,42,"الإصحاح الثلاثون
تثنية,30,43,"الإصحاح الثلاثون
تثنية,30,44,"الإصحاح الثلاثون
تثنية,30,45,"الإصحاح الثلاثون
تثنية,30,46,"الإصحاح الثلاثون
تثنية,30,47,"الإصحاح الثلاثون
تثنية,30,48,"الإصحاح الثلاثون
تثنية,30,49,"الإصحاح الثلاثون
تثنية,30,50,"الإصحاح الثلاثون
تثنية,30,51,"الإصحاح الثلاثون
تثنية,30,52,"الإصحاح الثلاثون
تثنية,30,53,"الإصحاح الثلاثون
تثنية,30,54,"الإصحاح الثلاثون
تثنية,30,55,"الإصحاح الثلاثون
تثنية,30,56,"الإصحاح الثلاثون
تثنية,30,57,"الإصحاح الثلاثون
تثنية,30,58,"الإصحاح الثلاثون
تثنية,30,59,"الإصحاح الثلاثون
تثنية,30,60,"الإصحاح الثلاثون
تثنية,30,61,"الإصحاح الثلاثون
تثنية,30,62,"الإصحاح الثلاثون
تثنية,30,63,"الإصحاح الثلاثون
تثنية,30,64,"الإصحاح الثلاثون
تثنية,30,65,"الإصحاح الثلاثون
تثنية,30,66,"الإصحاح الثلاثون
تثنية,30,67,"الإصحاح الثلاثون
تثنية,30,68,"الإصحاح الثلاثون
تثنية,30,69,"الإصحاح الثلاثون
تثنية,30,70,"الإصحاح الثلاثون
تثنية,30,71,"الإصحاح الثلاثون
تثنية,30,72,"الإصحاح الثلاثون
تثنية,30,73,"الإصحاح الثلاثون
تثنية,30,74,"الإصحاح الثلاثون
تثنية,30,75,"الإصحاح الثلاثون
تثنية,30,76,"الإصحاح الثلاثون
تثنية,30,77,"الإصحاح الثلاثون
تثنية,30,78,"الإصحاح الثلاثون
تثنية,30,79,"الإصحاح الثلاثون
تثنية,30,80,"الإصحاح الثلاثون
تثنية,30,81,"الإصحاح الثلاثون
تثنية,30,82,"الإصحاح الثلاثون
تثنية,30,83,"الإصحاح الثلاثون
تثنية,30,84,"الإصحاح الثلاثون
تثنية,30,85,"الإصحاح الثلاثون
تثنية,30,86,"الإصحاح الثلاثون
تثنية,30,87,"الإصحاح الثلاثون
تثنية,30,88,"الإصحاح الثلاثون
تثنية,30,89,"الإصحاح الثلاثون
تثنية,30,90,"الإصحاح الثلاثون
تثنية,30,91,"الإصحاح الثلاثون
تثنية,30,92,"الإصحاح الثلاثون
تثنية,30,93,"الإصحاح الثلاثون
تثنية,30,94,"الإصحاح الثلاثون
تثنية,30,95,"الإصحاح الثلاثون
تثنية,30,96,"الإصحاح الثلاثون
تثنية,30,97,"الإصحاح الثلاثون
تثنية,30,98,"الإصحاح الثلاثون
تثنية,30,99,"الإصحاح الثلاثون
تثنية,31,1,"الإصحاح الحادى والثلاثون
تثنية,31,2,"الإصحاح الحادى والثلاثون
تثنية,31,3,"الإصحاح الحادى والثلاثون
تثنية,31,4,"الإصحاح الحادى والثلاثون
تثنية,31,5,"الإصحاح الحادى والثلاثون
تثنية,31,6,"الإصحاح الحادى والثلاثون
تثنية,31,7,"الإصحاح الحادى والثلاثون
تثنية,31,8,"الإصحاح الحادى والثلاثون
تثنية,31,9,"الإصحاح الحادى والثلاثون
تثنية,31,10,"الإصحاح الحادى والثلاثون
تثنية,31,11,"الإصحاح الحادى والثلاثون
تثنية,31,12,"الإصحاح الحادى والثلاثون
تثنية,31,13,"الإصحاح الحادى والثلاثون
تثنية,31,14,"الإصحاح الحادى والثلاثون
تثنية,31,15,"الإصحاح الحادى والثلاثون
تثنية,31,16,"الإصحاح الحادى والثلاثون
تثنية,31,17,"الإصحاح الحادى والثلاثون
تثنية,31,18,"الإصحاح الحادى والثلاثون
تثنية,31,19,"الإصحاح الحادى والثلاثون
تثنية,31,20,"الإصحاح الحادى والثلاثون
تثنية,31,21,"الإصحاح الحادى والثلاثون
تثنية,31,22,"الإصحاح الحادى والثلاثون
تثنية,31,23,"الإصحاح الحادى والثلاثون
تثنية,31,24,"الإصحاح الحادى والثلاثون
تثنية,31,25,"الإصحاح الحادى والثلاثون
تثنية,31,26,"الإصحاح الحادى والثلاثون
تثنية,31,27,"الإصحاح الحادى والثلاثون
تثنية,31,28,"الإصحاح الحادى والثلاثون
تثنية,31,29,"الإصحاح الحادى والثلاثون
تثنية,31,30,"الإصحاح الحادى والثلاثون
تثنية,31,31,"الإصحاح الحادى والثلاثون
تثنية,31,32,"الإصحاح الحادى والثلاثون
تثنية,31,33,"الإصحاح الحادى والثلاثون
تثنية,31,34,"الإصحاح الحادى والثلاثون
تثنية,31,35,"الإصحاح الحادى والثلاثون
تثنية,31,36,"الإصحاح الحادى والثلاثون
تثنية,31,37,"الإصحاح الحادى والثلاثون
تثنية,31,38,"الإصحاح الحادى والثلاثون
تثنية,31,39,"الإصحاح الحادى والثلاثون
تثنية,31,40,"الإصحاح الحادى والثلاثون
تثنية,31,41,"الإصحاح الحادى والثلاثون
تثنية,31,42,"الإصحاح الحادى والثلاثون
تثنية,31,43,"الإصحاح الحادى والثلاثون
تثنية,31,44,"الإصحاح الحادى والثلاثون
تثنية,31,45,"الإصحاح الحادى والثلاثون
تثنية,31,46,"الإصحاح الحادى والثلاثون
تثنية,31,47,"الإصحاح الحادى والثلاثون
تثنية,31,48,"الإصحاح الحادى والثلاثون
تثنية,31,49,"الإصحاح الحادى والثلاثون
تثنية,31,50,"الإصحاح الحادى والثلاثون
تثنية,31,51,"الإصحاح الحادى والثلاثون
تثنية,31,52,"الإصحاح الحادى والثلاثون
تثنية,31,53,"الإصحاح الحادى والثلاثون
تثنية,31,54,"الإصحاح الحادى والثلاثون
تثنية,31,55,"الإصحاح الحادى والثلاثون
تثنية,31,56,"الإصحاح الحادى والثلاثون
تثنية,31,57,"الإصحاح الحادى والثلاثون
تثنية,31,58,"الإصحاح الحادى والثلاثون
تثنية,31,59,"الإصحاح الحادى والثلاثون
تثنية,31,60,"الإصحاح الحادى والثلاثون
تثنية,31,61,"الإصحاح الحادى والثلاثون
تثنية,31,62,"الإصحاح الحادى والثلاثون
تثنية,31,63,"الإصحاح الحادى والثلاثون
تثنية,31,64,"الإصحاح الحادى والثلاثون
تثنية,31,65,"الإصحاح الحادى والثلاثون
تثنية,31,66,"الإصحاح الحادى والثلاثون
تثنية,31,67,"الإصحاح الحادى والثلاثون
تثنية,31,68,"الإصحاح الحادى والثلاثون
تثنية,31,69,"الإصحاح الحادى والثلاثون
تثنية,31,70,"الإصحاح الحادى والثلاثون
تثنية,31,71,"الإصحاح الحادى والثلاثون
تثنية,31,72,"الإصحاح الحادى والثلاثون
تثنية,31,73,"الإصحاح الحادى والثلاثون
تثنية,31,74,"الإصحاح الحادى والثلاثون
تثنية,31,75,"الإصحاح الحادى والثلاثون
تثنية,31,76,"الإصحاح الحادى والثلاثون
تثنية,31,77,"الإصحاح الحادى والثلاثون
تثنية,31,78,"الإصحاح الحادى والثلاثون
تثنية,31,79,"الإصحاح الحادى والثلاثون
تثنية,31,80,"الإصحاح الحادى والثلاثون
تثنية,31,81,"الإصحاح الحادى والثلاثون
تثنية,31,82,"الإصحاح الحادى والثلاثون
تثنية,31,83,"الإصحاح الحادى والثلاثون
تثنية,31,84,"الإصحاح الحادى والثلاثون
تثنية,31,85,"الإصحاح الحادى والثلاثون
تثنية,31,86,"الإصحاح الحادى والثلاثون
تثنية,31,87,"الإصحاح الحادى والثلاثون
تثنية,31,88,"الإصحاح الحادى والثلاثون
تثنية,31,89,"الإصحاح الحادى والثلاثون
تثنية,31,90,"الإصحاح الحادى والثلاثون
تثنية,31,91,"الإصحاح الحادى والثلاثون
تثنية,31,92,"الإصحاح الحادى والثلاثون
تثنية,31,93,"الإصحاح الحادى والثلاثون
تثنية,31,94,"الإصحاح الحادى والثلاثون
تثنية,31,95,"الإصحاح الحادى والثلاثون
تثنية,31,96,"الإصحاح الحادى والثلاثون
تثنية,31,97,"الإصحاح الحادى والثلاثون
تثنية,31,98,"الإصحاح الحادى والثلاثون
تثنية,31,99,"الإصحاح الحادى والثلاثون
تثنية,32,1,"الإصحاح الثانى والثلاثون
تثنية,32,2,"الإصحاح الثانى والثلاثون
تثنية,32,3,"الإصحاح الثانى والثلاثون
تثنية,32,4,"الإصحاح الثانى والثلاثون
تثنية,32,5,"الإصحاح الثانى والثلاثون
تثنية,32,6,"الإصحاح الثانى والثلاثون
تثنية,32,7,"الإصحاح الثانى والثلاثون
تثنية,32,8,"الإصحاح الثانى والثلاثون
تثنية,32,9,"الإصحاح الثانى والثلاثون
تثنية,32,10,"الإصحاح الثانى والثلاثون
تثنية,32,11,"الإصحاح الثانى والثلاثون
تثنية,32,12,"الإصحاح الثانى والثلاثون
تثنية,32,13,"الإصحاح الثانى والثلاثون
تثنية,32,14,"الإصحاح الثانى والثلاثون
تثنية,32,15,"الإصحاح الثانى والثلاثون
تثنية,32,16,"الإصحاح الثانى والثلاثون
تثنية,32,17,"الإصحاح الثانى والثلاثون
تثنية,32,18,"الإصحاح الثانى والثلاثون
تثنية,32,19,"الإصحاح الثانى والثلاثون
تثنية,32,20,"الإصحاح الثانى والثلاثون
تثنية,32,21,"الإصحاح الثانى والثلاثون
تثنية,32,22,"الإصحاح الثانى والثلاثون
تثنية,32,23,"الإصحاح الثانى والثلاثون
تثنية,32,24,"الإصحاح الثانى والثلاثون
تثنية,32,25,"الإصحاح الثانى والثلاثون
تثنية,32,26,"الإصحاح الثانى والثلاثون
تثنية,32,27,"الإصحاح الثانى والثلاثون
تثنية,32,28,"الإصحاح الثانى والثلاثون
تثنية,32,29,"الإصحاح الثانى والثلاثون
تثنية,32,30,"الإصحاح الثانى والثلاثون
تثنية,32,31,"الإصحاح الثانى والثلاثون
تثنية,32,32,"الإصحاح الثانى والثلاثون
تثنية,32,33,"الإصحاح الثانى والثلاثون
تثنية,32,34,"الإصحاح الثانى والثلاثون
تثنية,32,35,"الإصحاح الثانى والثلاثون
تثنية,32,36,"الإصحاح الثانى والثلاثون
تثنية,32,37,"الإصحاح الثانى والثلاثون
تثنية,32,38,"الإصحاح الثانى والثلاثون
تثنية,32,39,"الإصحاح الثانى والثلاثون
تثنية,32,40,"الإصحاح الثانى والثلاثون
تثنية,32,41,"الإصحاح الثانى والثلاثون
تثنية,32,42,"الإصحاح الثانى والثلاثون
تثنية,32,43,"الإصحاح الثانى والثلاثون
تثنية,32,44,"الإصحاح الثانى والثلاثون
تثنية,32,45,"الإصحاح الثانى والثلاثون
تثنية,32,46,"الإصحاح الثانى والثلاثون
تثنية,32,47,"الإصحاح الثانى والثلاثون
تثنية,32,48,"الإصحاح الثانى والثلاثون
تثنية,32,49,"الإصحاح الثانى والثلاثون
تثنية,32,50,"الإصحاح الثانى والثلاثون
تثنية,32,51,"الإصحاح الثانى والثلاثون
تثنية,32,52,"الإصحاح الثانى والثلاثون
تثنية,32,53,"الإصحاح الثانى والثلاثون
تثنية,32,54,"الإصحاح الثانى والثلاثون
تثنية,32,55,"الإصحاح الثانى والثلاثون
تثنية,32,56,"الإصحاح الثانى والثلاثون
تثنية,32,57,"الإصحاح الثانى والثلاثون
تثنية,32,58,"الإصحاح الثانى والثلاثون
تثنية,32,59,"الإصحاح الثانى والثلاثون
تثنية,32,60,"الإصحاح الثانى والثلاثون
تثنية,32,61,"الإصحاح الثانى والثلاثون
تثنية,32,62,"الإصحاح الثانى والثلاثون
تثنية,32,63,"الإصحاح الثانى والثلاثون
تثنية,32,64,"الإصحاح الثانى والثلاثون
تثنية,32,65,"الإصحاح الثانى والثلاثون
تثنية,32,66,"الإصحاح الثانى والثلاثون
تثنية,32,67,"الإصحاح الثانى والثلاثون
تثنية,32,68,"الإصحاح الثانى والثلاثون
تثنية,32,69,"الإصحاح الثانى والثلاثون
تثنية,32,70,"الإصحاح الثانى والثلاثون
تثنية,32,71,"الإصحاح الثانى والثلاثون
تثنية,32,72,"الإصحاح الثانى والثلاثون
تثنية,32,73,"الإصحاح الثانى والثلاثون
تثنية,32,74,"الإصحاح الثانى والثلاثون
تثنية,32,75,"الإصحاح الثانى والثلاثون
تثنية,32,76,"الإصحاح الثانى والثلاثون
تثنية,32,77,"الإصحاح الثانى والثلاثون
تثنية,32,78,"الإصحاح الثانى والثلاثون
تثنية,32,79,"الإصحاح الثانى والثلاثون
تثنية,32,80,"الإصحاح الثانى والثلاثون
تثنية,32,81,"الإصحاح الثانى والثلاثون
تثنية,32,82,"الإصحاح الثانى والثلاثون
تثنية,32,83,"الإصحاح الثانى والثلاثون
تثنية,32,84,"الإصحاح الثانى والثلاثون
تثنية,32,85,"الإصحاح الثانى والثلاثون
تثنية,32,86,"الإصحاح الثانى والثلاثون
تثنية,32,87,"الإصحاح الثانى والثلاثون
تثنية,32,88,"الإصحاح الثانى والثلاثون
تثنية,32,89,"الإصحاح الثانى والثلاثون
تثنية,32,90,"الإصحاح الثانى والثلاثون
تثنية,32,91,"الإصحاح الثانى والثلاثون
تثنية,32,92,"الإصحاح الثانى والثلاثون
تثنية,32,93,"الإصحاح الثانى والثلاثون
تثنية,32,94,"الإصحاح الثانى والثلاثون
تثنية,32,95,"الإصحاح الثانى والثلاثون
تثنية,32,96,"الإصحاح الثانى والثلاثون
تثنية,32,97,"الإصحاح الثانى والثلاثون
تثنية,32,98,"الإصحاح الثانى والثلاثون
تثنية,32,99,"الإصحاح الثانى والثلاثون
تثنية,33,1,"الإصحاح الثالث والثلاثون
تثنية,33,2,"الإصحاح الثالث والثلاثون
تثنية,33,3,"الإصحاح الثالث والثلاثون
تثنية,33,4,"الإصحاح الثالث والثلاثون
تثنية,33,5,"الإصحاح الثالث والثلاثون
تثنية,33,6,"الإصحاح الثالث والثلاثون
تثنية,33,7,"الإصحاح الثالث والثلاثون
تثنية,33,8,"الإصحاح الثالث والثلاثون
تثنية,33,9,"الإصحاح الثالث والثلاثون
تثنية,33,10,"الإصحاح الثالث والثلاثون
تثنية,33,11,"الإصحاح الثالث والثلاثون
تثنية,33,12,"الإصحاح الثالث والثلاثون
تثنية,33,13,"الإصحاح الثالث والثلاثون
تثنية,33,14,"الإصحاح الثالث والثلاثون
تثنية,33,15,"الإصحاح الثالث والثلاثون
تثنية,33,16,"الإصحاح الثالث والثلاثون
تثنية,33,17,"الإصحاح الثالث والثلاثون
تثنية,33,18,"الإصحاح الثالث والثلاثون
تثنية,33,19,"الإصحاح الثالث والثلاثون
تثنية,33,20,"الإصحاح الثالث والثلاثون
تثنية,33,21,"الإصحاح الثالث والثلاثون
تثنية,33,22,"الإصحاح الثالث والثلاثون
تثنية,33,23,"الإصحاح الثالث والثلاثون
تثنية,33,24,"الإصحاح الثالث والثلاثون
تثنية,33,25,"الإصحاح الثالث والثلاثون
تثنية,33,26,"الإصحاح الثالث والثلاثون
تثنية,33,27,"الإصحاح الثالث والثلاثون
تثنية,33,28,"الإصحاح الثالث والثلاثون
تثنية,33,29,"الإصحاح الثالث والثلاثون
تثنية,33,30,"الإصحاح الثالث والثلاثون
تثنية,33,31,"الإصحاح الثالث والثلاثون
تثنية,33,32,"الإصحاح الثالث والثلاثون
تثنية,33,33,"الإصحاح الثالث والثلاثون
تثنية,33,34,"الإصحاح الثالث والثلاثون
تثنية,33,35,"الإصحاح الثالث والثلاثون
تثنية,33,36,"الإصحاح الثالث والثلاثون
تثنية,33,37,"الإصحاح الثالث والثلاثون
تثنية,33,38,"الإصحاح الثالث والثلاثون
تثنية,33,39,"الإصحاح الثالث والثلاثون
تثنية,33,40,"الإصحاح الثالث والثلاثون
تثنية,33,41,"الإصحاح الثالث والثلاثون
تثنية,33,42,"الإصحاح الثالث والثلاثون
تثنية,33,43,"الإصحاح الثالث والثلاثون
تثنية,33,44,"الإصحاح الثالث والثلاثون
تثنية,33,45,"الإصحاح الثالث والثلاثون
تثنية,33,46,"الإصحاح الثالث والثلاثون
تثنية,33,47,"الإصحاح الثالث والثلاثون
تثنية,33,48,"الإصحاح الثالث والثلاثون
تثنية,33,49,"الإصحاح الثالث والثلاثون
تثنية,33,50,"الإصحاح الثالث والثلاثون
تثنية,33,51,"الإصحاح الثالث والثلاثون
تثنية,33,52,"الإصحاح الثالث والثلاثون
تثنية,33,53,"الإصحاح الثالث والثلاثون
تثنية,33,54,"الإصحاح الثالث والثلاثون
تثنية,33,55,"الإصحاح الثالث والثلاثون
تثنية,33,56,"الإصحاح الثالث والثلاثون
تثنية,33,57,"الإصحاح الثالث والثلاثون
تثنية,33,58,"الإصحاح الثالث والثلاثون
تثنية,33,59,"الإصحاح الثالث والثلاثون
تثنية,33,60,"الإصحاح الثالث والثلاثون
تثنية,33,61,"الإصحاح الثالث والثلاثون
تثنية,33,62,"الإصحاح الثالث والثلاثون
تثنية,33,63,"الإصحاح الثالث والثلاثون
تثنية,33,64,"الإصحاح الثالث والثلاثون
تثنية,33,65,"الإصحاح الثالث والثلاثون
تثنية,33,66,"الإصحاح الثالث والثلاثون
تثنية,33,67,"الإصحاح الثالث والثلاثون
تثنية,33,68,"الإصحاح الثالث والثلاثون
تثنية,33,69,"الإصحاح الثالث والثلاثون
تثنية,33,70,"الإصحاح الثالث والثلاثون
تثنية,33,71,"الإصحاح الثالث والثلاثون
تثنية,33,72,"الإصحاح الثالث والثلاثون
تثنية,33,73,"الإصحاح الثالث والثلاثون
تثنية,33,74,"الإصحاح الثالث والثلاثون
تثنية,33,75,"الإصحاح الثالث والثلاثون
تثنية,33,76,"الإصحاح الثالث والثلاثون
تثنية,33,77,"الإصحاح الثالث والثلاثون
تثنية,33,78,"الإصحاح الثالث والثلاثون
تثنية,33,79,"الإصحاح الثالث والثلاثون
تثنية,33,80,"الإصحاح الثالث والثلاثون
تثنية,33,81,"الإصحاح الثالث والثلاثون
تثنية,33,82,"الإصحاح الثالث والثلاثون
تثنية,33,83,"الإصحاح الثالث والثلاثون
تثنية,33,84,"الإصحاح الثالث والثلاثون
تثنية,33,85,"الإصحاح الثالث والثلاثون
تثنية,33,86,"الإصحاح الثالث والثلاثون
تثنية,33,87,"الإصحاح الثالث والثلاثون
تثنية,33,88,"الإصحاح الثالث والثلاثون
تثنية,33,89,"الإصحاح الثالث والثلاثون
تثنية,33,90,"الإصحاح الثالث والثلاثون
تثنية,33,91,"الإصحاح الثالث والثلاثون
تثنية,33,92,"الإصحاح الثالث والثلاثون
تثنية,33,93,"الإصحاح الثالث والثلاثون
تثنية,33,94,"الإصحاح الثالث والثلاثون
تثنية,33,95,"الإصحاح الثالث والثلاثون
تثنية,33,96,"الإصحاح الثالث والثلاثون
تثنية,33,97,"الإصحاح الثالث والثلاثون
تثنية,33,98,"الإصحاح الثالث والثلاثون
تثنية,33,99,"الإصحاح الثالث والثلاثون
تثنية,34,1,"الإصحاح الرابع والثلاثون
تثنية,34,2,"الإصحاح الرابع والثلاثون
تثنية,34,3,"الإصحاح الرابع والثلاثون
تثنية,34,4,"الإصحاح الرابع والثلاثون
تثنية,34,5,"الإصحاح الرابع والثلاثون
تثنية,34,6,"الإصحاح الرابع والثلاثون
تثنية,34,7,"الإصحاح الرابع والثلاثون
تثنية,34,8,"الإصحاح الرابع والثلاثون
تثنية,34,9,"الإصحاح الرابع والثلاثون
تثنية,34,10,"الإصحاح الرابع والثلاثون
تثنية,34,11,"الإصحاح الرابع والثلاثون
تثنية,34,12,"الإصحاح الرابع والثلاثون
تثنية,34,13,"الإصحاح الرابع والثلاثون
تثنية,34,14,"الإصحاح الرابع والثلاثون
تثنية,34,15,"الإصحاح الرابع والثلاثون
تثنية,34,16,"الإصحاح الرابع والثلاثون
تثنية,34,17,"الإصحاح الرابع والثلاثون
تثنية,34,18,"الإصحاح الرابع والثلاثون
تثنية,34,19,"الإصحاح الرابع والثلاثون
تثنية,34,20,"الإصحاح الرابع والثلاثون
تثنية,34,21,"الإصحاح الرابع والثلاثون
تثنية,34,22,"الإصحاح الرابع والثلاثون
تثنية,34,23,"الإصحاح الرابع والثلاثون
تثنية,34,24,"الإصحاح الرابع والثلاثون
تثنية,34,25,"الإصحاح الرابع والثلاثون
تثنية,34,26,"الإصحاح الرابع والثلاثون
تثنية,34,27,"الإصحاح الرابع والثلاثون
تثنية,34,28,"الإصحاح الرابع والثلاثون
تثنية,34,29,"الإصحاح الرابع والثلاثون
تثنية,34,30,"الإصحاح الرابع والثلاثون
تثنية,34,31,"الإصحاح الرابع والثلاثون
تثنية,34,32,"الإصحاح الرابع والثلاثون
تثنية,34,33,"الإصحاح الرابع والثلاثون
تثنية,34,34,"الإصحاح الرابع والثلاثون
تثنية,34,35,"الإصحاح الرابع والثلاثون
تثنية,34,36,"الإصحاح الرابع والثلاثون
تثنية,34,37,"الإصحاح الرابع والثلاثون
تثنية,34,38,"الإصحاح الرابع والثلاثون
تثنية,34,39,"الإصحاح الرابع والثلاثون
تثنية,34,40,"الإصحاح الرابع والثلاثون
تثنية,34,41,"الإصحاح الرابع والثلاثون
تثنية,34,42,"الإصحاح الرابع والثلاثون
تثنية,34,43,"الإصحاح الرابع والثلاثون
تثنية,34,44,"الإصحاح الرابع والثلاثون
تثنية,34,45,"الإصحاح الرابع والثلاثون
تثنية,34,46,"الإصحاح الرابع والثلاثون
تثنية,34,47,"الإصحاح الرابع والثلاثون
تثنية,34,48,"الإصحاح الرابع والثلاثون
تثنية,34,49,"الإصحاح الرابع والثلاثون
تثنية,34,50,"الإصحاح الرابع والثلاثون
تثنية,34,51,"الإصحاح الرابع والثلاثون
تثنية,34,52,"الإصحاح الرابع والثلاثون
تثنية,34,53,"الإصحاح الرابع والثلاثون
تثنية,34,54,"الإصحاح الرابع والثلاثون
تثنية,34,55,"الإصحاح الرابع والثلاثون
تثنية,34,56,"الإصحاح الرابع والثلاثون
تثنية,34,57,"الإصحاح الرابع والثلاثون
تثنية,34,58,"الإصحاح الرابع والثلاثون
تثنية,34,59,"الإصحاح الرابع والثلاثون
تثنية,34,60,"الإصحاح الرابع والثلاثون
تثنية,34,61,"الإصحاح الرابع والثلاثون
تثنية,34,62,"الإصحاح الرابع والثلاثون
تثنية,34,63,"الإصحاح الرابع والثلاثون
تثنية,34,64,"الإصحاح الرابع والثلاثون
تثنية,34,65,"الإصحاح الرابع والثلاثون
تثنية,34,66,"الإصحاح الرابع والثلاثون
تثنية,34,67,"الإصحاح الرابع والثلاثون
تثنية,34,68,"الإصحاح الرابع والثلاثون
تثنية,34,69,"الإصحاح الرابع والثلاثون
تثنية,34,70,"الإصحاح الرابع والثلاثون
تثنية,34,71,"الإصحاح الرابع والثلاثون
تثنية,34,72,"الإصحاح الرابع والثلاثون
تثنية,34,73,"الإصحاح الرابع والثلاثون
تثنية,34,74,"الإصحاح الرابع والثلاثون
تثنية,34,75,"الإصحاح الرابع والثلاثون
تثنية,34,76,"الإصحاح الرابع والثلاثون
تثنية,34,77,"الإصحاح الرابع والثلاثون
تثنية,34,78,"الإصحاح الرابع والثلاثون
تثنية,34,79,"الإصحاح الرابع والثلاثون
تثنية,34,80,"الإصحاح الرابع والثلاثون
تثنية,34,81,"الإصحاح الرابع والثلاثون
تثنية,34,82,"الإصحاح الرابع والثلاثون
تثنية,34,83,"الإصحاح الرابع والثلاثون
تثنية,34,84,"الإصحاح الرابع والثلاثون
تثنية,34,85,"الإصحاح الرابع والثلاثون
تثنية,34,86,"الإصحاح الرابع والثلاثون
تثنية,34,87,"الإصحاح الرابع والثلاثون
تثنية,34,88,"الإصحاح الرابع والثلاثون
تثنية,34,89,"الإصحاح الرابع والثلاثون
تثنية,34,90,"الإصحاح الرابع والثلاثون
تثنية,34,91,"الإصحاح الرابع والثلاثون
تثنية,34,92,"الإصحاح الرابع والثلاثون
تثنية,34,93,"الإصحاح الرابع والثلاثون
تثنية,34,94,"الإصحاح الرابع والثلاثون
تثنية,34,95,"الإصحاح الرابع والثلاثون
تثنية,34,96,"الإصحاح الرابع والثلاثون
تثنية,34,97,"الإصحاح الرابع والثلاثون
تثنية,34,98,"الإصحاح الرابع والثلاثون
تثنية,34,99,"الإصحاح الرابع والثلاثون