book,chapter,verse,tafsir
جامعة,1,1,"المقدمة 1- معنى كلمة الجامعة:
جامعة,1,2,"الإصحاح الأول آية (1): ""كلام الجامعة ابن داود الملك في أورشليم.""
جامعة,1,3,"الإصحاح الأول آية (1): ""كلام الجامعة ابن داود الملك في أورشليم.""
جامعة,1,4,"الإصحاح الأول آية (1): ""كلام الجامعة ابن داود الملك في أورشليم.""
جامعة,1,5,"الإصحاح الأول آية (1): ""كلام الجامعة ابن داود الملك في أورشليم.""
جامعة,1,6,"الإصحاح الأول آية (1): ""كلام الجامعة ابن داود الملك في أورشليم.""
جامعة,1,7,"الإصحاح الأول آية (1): ""كلام الجامعة ابن داود الملك في أورشليم.""
جامعة,1,8,"الإصحاح الأول آية (1): ""كلام الجامعة ابن داود الملك في أورشليم.""
جامعة,1,9,"الإصحاح الأول آية (1): ""كلام الجامعة ابن داود الملك في أورشليم.""
جامعة,1,10,"الإصحاح الأول آية (1): ""كلام الجامعة ابن داود الملك في أورشليم.""
جامعة,1,11,"الإصحاح الأول آية (1): ""كلام الجامعة ابن داود الملك في أورشليم.""
جامعة,1,12,"الإصحاح الأول آية (1): ""كلام الجامعة ابن داود الملك في أورشليم.""
جامعة,1,13,"الإصحاح الأول آية (1): ""كلام الجامعة ابن داود الملك في أورشليم.""
جامعة,1,14,"الإصحاح الأول آية (1): ""كلام الجامعة ابن داود الملك في أورشليم.""
جامعة,1,15,"الإصحاح الأول آية (1): ""كلام الجامعة ابن داود الملك في أورشليم.""
جامعة,1,16,"الإصحاح الأول آية (1): ""كلام الجامعة ابن داود الملك في أورشليم.""
جامعة,1,17,"الإصحاح الأول آية (1): ""كلام الجامعة ابن داود الملك في أورشليم.""
جامعة,1,18,"الإصحاح الأول آية (1): ""كلام الجامعة ابن داود الملك في أورشليم.""
جامعة,1,19,"الإصحاح الأول آية (1): ""كلام الجامعة ابن داود الملك في أورشليم.""
جامعة,1,20,"الإصحاح الأول آية (1): ""كلام الجامعة ابن داود الملك في أورشليم.""
جامعة,1,21,"الإصحاح الأول آية (1): ""كلام الجامعة ابن داود الملك في أورشليم.""
جامعة,1,22,"الإصحاح الأول آية (1): ""كلام الجامعة ابن داود الملك في أورشليم.""
جامعة,1,23,"الإصحاح الأول آية (1): ""كلام الجامعة ابن داود الملك في أورشليم.""
جامعة,1,24,"الإصحاح الأول آية (1): ""كلام الجامعة ابن داود الملك في أورشليم.""
جامعة,1,25,"الإصحاح الأول آية (1): ""كلام الجامعة ابن داود الملك في أورشليم.""
جامعة,1,26,"الإصحاح الأول آية (1): ""كلام الجامعة ابن داود الملك في أورشليم.""
جامعة,1,27,"الإصحاح الأول آية (1): ""كلام الجامعة ابن داود الملك في أورشليم.""
جامعة,1,28,"الإصحاح الأول آية (1): ""كلام الجامعة ابن داود الملك في أورشليم.""
جامعة,1,29,"الإصحاح الأول آية (1): ""كلام الجامعة ابن داود الملك في أورشليم.""
جامعة,1,30,"الإصحاح الأول آية (1): ""كلام الجامعة ابن داود الملك في أورشليم.""
جامعة,1,31,"الإصحاح الأول آية (1): ""كلام الجامعة ابن داود الملك في أورشليم.""
جامعة,1,32,"الإصحاح الأول آية (1): ""كلام الجامعة ابن داود الملك في أورشليم.""
جامعة,1,33,"الإصحاح الأول آية (1): ""كلام الجامعة ابن داود الملك في أورشليم.""
جامعة,1,34,"الإصحاح الأول آية (1): ""كلام الجامعة ابن داود الملك في أورشليم.""
جامعة,1,35,"الإصحاح الأول آية (1): ""كلام الجامعة ابن داود الملك في أورشليم.""
جامعة,1,36,"الإصحاح الأول آية (1): ""كلام الجامعة ابن داود الملك في أورشليم.""
جامعة,1,37,"الإصحاح الأول آية (1): ""كلام الجامعة ابن داود الملك في أورشليم.""
جامعة,1,38,"الإصحاح الأول آية (1): ""كلام الجامعة ابن داود الملك في أورشليم.""
جامعة,1,39,"الإصحاح الأول آية (1): ""كلام الجامعة ابن داود الملك في أورشليم.""
جامعة,1,40,"الإصحاح الأول آية (1): ""كلام الجامعة ابن داود الملك في أورشليم.""
جامعة,1,41,"الإصحاح الأول آية (1): ""كلام الجامعة ابن داود الملك في أورشليم.""
جامعة,1,42,"الإصحاح الأول آية (1): ""كلام الجامعة ابن داود الملك في أورشليم.""
جامعة,1,43,"الإصحاح الأول آية (1): ""كلام الجامعة ابن داود الملك في أورشليم.""
جامعة,1,44,"الإصحاح الأول آية (1): ""كلام الجامعة ابن داود الملك في أورشليم.""
جامعة,1,45,"الإصحاح الأول آية (1): ""كلام الجامعة ابن داود الملك في أورشليم.""
جامعة,1,46,"الإصحاح الأول آية (1): ""كلام الجامعة ابن داود الملك في أورشليم.""
جامعة,1,47,"الإصحاح الأول آية (1): ""كلام الجامعة ابن داود الملك في أورشليم.""
جامعة,1,48,"الإصحاح الأول آية (1): ""كلام الجامعة ابن داود الملك في أورشليم.""
جامعة,1,49,"الإصحاح الأول آية (1): ""كلام الجامعة ابن داود الملك في أورشليم.""
جامعة,1,50,"الإصحاح الأول آية (1): ""كلام الجامعة ابن داود الملك في أورشليم.""
جامعة,1,51,"الإصحاح الأول آية (1): ""كلام الجامعة ابن داود الملك في أورشليم.""
جامعة,1,52,"الإصحاح الأول آية (1): ""كلام الجامعة ابن داود الملك في أورشليم.""
جامعة,1,53,"الإصحاح الأول آية (1): ""كلام الجامعة ابن داود الملك في أورشليم.""
جامعة,1,54,"الإصحاح الأول آية (1): ""كلام الجامعة ابن داود الملك في أورشليم.""
جامعة,1,55,"الإصحاح الأول آية (1): ""كلام الجامعة ابن داود الملك في أورشليم.""
جامعة,1,56,"الإصحاح الأول آية (1): ""كلام الجامعة ابن داود الملك في أورشليم.""
جامعة,1,57,"الإصحاح الأول آية (1): ""كلام الجامعة ابن داود الملك في أورشليم.""
جامعة,1,58,"الإصحاح الأول آية (1): ""كلام الجامعة ابن داود الملك في أورشليم.""
جامعة,1,59,"الإصحاح الأول آية (1): ""كلام الجامعة ابن داود الملك في أورشليم.""
جامعة,1,60,"الإصحاح الأول آية (1): ""كلام الجامعة ابن داود الملك في أورشليم.""
جامعة,1,61,"الإصحاح الأول آية (1): ""كلام الجامعة ابن داود الملك في أورشليم.""
جامعة,1,62,"الإصحاح الأول آية (1): ""كلام الجامعة ابن داود الملك في أورشليم.""
جامعة,1,63,"الإصحاح الأول آية (1): ""كلام الجامعة ابن داود الملك في أورشليم.""
جامعة,1,64,"الإصحاح الأول آية (1): ""كلام الجامعة ابن داود الملك في أورشليم.""
جامعة,1,65,"الإصحاح الأول آية (1): ""كلام الجامعة ابن داود الملك في أورشليم.""
جامعة,1,66,"الإصحاح الأول آية (1): ""كلام الجامعة ابن داود الملك في أورشليم.""
جامعة,1,67,"الإصحاح الأول آية (1): ""كلام الجامعة ابن داود الملك في أورشليم.""
جامعة,1,68,"الإصحاح الأول آية (1): ""كلام الجامعة ابن داود الملك في أورشليم.""
جامعة,1,69,"الإصحاح الأول آية (1): ""كلام الجامعة ابن داود الملك في أورشليم.""
جامعة,1,70,"الإصحاح الأول آية (1): ""كلام الجامعة ابن داود الملك في أورشليم.""
جامعة,1,71,"الإصحاح الأول آية (1): ""كلام الجامعة ابن داود الملك في أورشليم.""
جامعة,1,72,"الإصحاح الأول آية (1): ""كلام الجامعة ابن داود الملك في أورشليم.""
جامعة,1,73,"الإصحاح الأول آية (1): ""كلام الجامعة ابن داود الملك في أورشليم.""
جامعة,1,74,"الإصحاح الأول آية (1): ""كلام الجامعة ابن داود الملك في أورشليم.""
جامعة,1,75,"الإصحاح الأول آية (1): ""كلام الجامعة ابن داود الملك في أورشليم.""
جامعة,1,76,"الإصحاح الأول آية (1): ""كلام الجامعة ابن داود الملك في أورشليم.""
جامعة,1,77,"الإصحاح الأول آية (1): ""كلام الجامعة ابن داود الملك في أورشليم.""
جامعة,1,78,"الإصحاح الأول آية (1): ""كلام الجامعة ابن داود الملك في أورشليم.""
جامعة,1,79,"الإصحاح الأول آية (1): ""كلام الجامعة ابن داود الملك في أورشليم.""
جامعة,1,80,"الإصحاح الأول آية (1): ""كلام الجامعة ابن داود الملك في أورشليم.""
جامعة,1,81,"الإصحاح الأول آية (1): ""كلام الجامعة ابن داود الملك في أورشليم.""
جامعة,1,82,"الإصحاح الأول آية (1): ""كلام الجامعة ابن داود الملك في أورشليم.""
جامعة,1,83,"الإصحاح الأول آية (1): ""كلام الجامعة ابن داود الملك في أورشليم.""
جامعة,1,84,"الإصحاح الأول آية (1): ""كلام الجامعة ابن داود الملك في أورشليم.""
جامعة,1,85,"الإصحاح الأول آية (1): ""كلام الجامعة ابن داود الملك في أورشليم.""
جامعة,1,86,"الإصحاح الأول آية (1): ""كلام الجامعة ابن داود الملك في أورشليم.""
جامعة,1,87,"الإصحاح الأول آية (1): ""كلام الجامعة ابن داود الملك في أورشليم.""
جامعة,1,88,"الإصحاح الأول آية (1): ""كلام الجامعة ابن داود الملك في أورشليم.""
جامعة,1,89,"الإصحاح الأول آية (1): ""كلام الجامعة ابن داود الملك في أورشليم.""
جامعة,1,90,"الإصحاح الأول آية (1): ""كلام الجامعة ابن داود الملك في أورشليم.""
جامعة,1,91,"الإصحاح الأول آية (1): ""كلام الجامعة ابن داود الملك في أورشليم.""
جامعة,1,92,"الإصحاح الأول آية (1): ""كلام الجامعة ابن داود الملك في أورشليم.""
جامعة,1,93,"الإصحاح الأول آية (1): ""كلام الجامعة ابن داود الملك في أورشليم.""
جامعة,1,94,"الإصحاح الأول آية (1): ""كلام الجامعة ابن داود الملك في أورشليم.""
جامعة,1,95,"الإصحاح الأول آية (1): ""كلام الجامعة ابن داود الملك في أورشليم.""
جامعة,1,96,"الإصحاح الأول آية (1): ""كلام الجامعة ابن داود الملك في أورشليم.""
جامعة,1,97,"الإصحاح الأول آية (1): ""كلام الجامعة ابن داود الملك في أورشليم.""
جامعة,1,98,"الإصحاح الأول آية (1): ""كلام الجامعة ابن داود الملك في أورشليم.""
جامعة,1,99,"الإصحاح الأول آية (1): ""كلام الجامعة ابن داود الملك في أورشليم.""
جامعة,2,1,"الإصحاح الثاني الآيات (1-3): ""قلت أنا في قلبي هلم امتحنك بالفرح فترى خيراً وإذا هذا أيضاً باطل. للضحك قلت مجنون وللفرح ماذا يفعل. افتكرت في قلبي أن أعلل جسدي بالخمر وقلبي يلهج بالحكمة وأن اخذ بالحماقة حتى أرى ما هو الخير لبني البشر حتى يفعلوه تحت السماوات مدة أيام حياتهم.""
جامعة,2,2,"الإصحاح الثاني الآيات (1-3): ""قلت أنا في قلبي هلم امتحنك بالفرح فترى خيراً وإذا هذا أيضاً باطل. للضحك قلت مجنون وللفرح ماذا يفعل. افتكرت في قلبي أن أعلل جسدي بالخمر وقلبي يلهج بالحكمة وأن اخذ بالحماقة حتى أرى ما هو الخير لبني البشر حتى يفعلوه تحت السماوات مدة أيام حياتهم.""
جامعة,2,3,"الإصحاح الثاني الآيات (1-3): ""قلت أنا في قلبي هلم امتحنك بالفرح فترى خيراً وإذا هذا أيضاً باطل. للضحك قلت مجنون وللفرح ماذا يفعل. افتكرت في قلبي أن أعلل جسدي بالخمر وقلبي يلهج بالحكمة وأن اخذ بالحماقة حتى أرى ما هو الخير لبني البشر حتى يفعلوه تحت السماوات مدة أيام حياتهم.""
جامعة,2,4,"الإصحاح الثاني الآيات (1-3): ""قلت أنا في قلبي هلم امتحنك بالفرح فترى خيراً وإذا هذا أيضاً باطل. للضحك قلت مجنون وللفرح ماذا يفعل. افتكرت في قلبي أن أعلل جسدي بالخمر وقلبي يلهج بالحكمة وأن اخذ بالحماقة حتى أرى ما هو الخير لبني البشر حتى يفعلوه تحت السماوات مدة أيام حياتهم.""
جامعة,2,5,"الإصحاح الثاني الآيات (1-3): ""قلت أنا في قلبي هلم امتحنك بالفرح فترى خيراً وإذا هذا أيضاً باطل. للضحك قلت مجنون وللفرح ماذا يفعل. افتكرت في قلبي أن أعلل جسدي بالخمر وقلبي يلهج بالحكمة وأن اخذ بالحماقة حتى أرى ما هو الخير لبني البشر حتى يفعلوه تحت السماوات مدة أيام حياتهم.""
جامعة,2,6,"الإصحاح الثاني الآيات (1-3): ""قلت أنا في قلبي هلم امتحنك بالفرح فترى خيراً وإذا هذا أيضاً باطل. للضحك قلت مجنون وللفرح ماذا يفعل. افتكرت في قلبي أن أعلل جسدي بالخمر وقلبي يلهج بالحكمة وأن اخذ بالحماقة حتى أرى ما هو الخير لبني البشر حتى يفعلوه تحت السماوات مدة أيام حياتهم.""
جامعة,2,7,"الإصحاح الثاني الآيات (1-3): ""قلت أنا في قلبي هلم امتحنك بالفرح فترى خيراً وإذا هذا أيضاً باطل. للضحك قلت مجنون وللفرح ماذا يفعل. افتكرت في قلبي أن أعلل جسدي بالخمر وقلبي يلهج بالحكمة وأن اخذ بالحماقة حتى أرى ما هو الخير لبني البشر حتى يفعلوه تحت السماوات مدة أيام حياتهم.""
جامعة,2,8,"الإصحاح الثاني الآيات (1-3): ""قلت أنا في قلبي هلم امتحنك بالفرح فترى خيراً وإذا هذا أيضاً باطل. للضحك قلت مجنون وللفرح ماذا يفعل. افتكرت في قلبي أن أعلل جسدي بالخمر وقلبي يلهج بالحكمة وأن اخذ بالحماقة حتى أرى ما هو الخير لبني البشر حتى يفعلوه تحت السماوات مدة أيام حياتهم.""
جامعة,2,9,"الإصحاح الثاني الآيات (1-3): ""قلت أنا في قلبي هلم امتحنك بالفرح فترى خيراً وإذا هذا أيضاً باطل. للضحك قلت مجنون وللفرح ماذا يفعل. افتكرت في قلبي أن أعلل جسدي بالخمر وقلبي يلهج بالحكمة وأن اخذ بالحماقة حتى أرى ما هو الخير لبني البشر حتى يفعلوه تحت السماوات مدة أيام حياتهم.""
جامعة,2,10,"الإصحاح الثاني الآيات (1-3): ""قلت أنا في قلبي هلم امتحنك بالفرح فترى خيراً وإذا هذا أيضاً باطل. للضحك قلت مجنون وللفرح ماذا يفعل. افتكرت في قلبي أن أعلل جسدي بالخمر وقلبي يلهج بالحكمة وأن اخذ بالحماقة حتى أرى ما هو الخير لبني البشر حتى يفعلوه تحت السماوات مدة أيام حياتهم.""
جامعة,2,11,"الإصحاح الثاني الآيات (1-3): ""قلت أنا في قلبي هلم امتحنك بالفرح فترى خيراً وإذا هذا أيضاً باطل. للضحك قلت مجنون وللفرح ماذا يفعل. افتكرت في قلبي أن أعلل جسدي بالخمر وقلبي يلهج بالحكمة وأن اخذ بالحماقة حتى أرى ما هو الخير لبني البشر حتى يفعلوه تحت السماوات مدة أيام حياتهم.""
جامعة,2,12,"الإصحاح الثاني الآيات (1-3): ""قلت أنا في قلبي هلم امتحنك بالفرح فترى خيراً وإذا هذا أيضاً باطل. للضحك قلت مجنون وللفرح ماذا يفعل. افتكرت في قلبي أن أعلل جسدي بالخمر وقلبي يلهج بالحكمة وأن اخذ بالحماقة حتى أرى ما هو الخير لبني البشر حتى يفعلوه تحت السماوات مدة أيام حياتهم.""
جامعة,2,13,"الإصحاح الثاني الآيات (1-3): ""قلت أنا في قلبي هلم امتحنك بالفرح فترى خيراً وإذا هذا أيضاً باطل. للضحك قلت مجنون وللفرح ماذا يفعل. افتكرت في قلبي أن أعلل جسدي بالخمر وقلبي يلهج بالحكمة وأن اخذ بالحماقة حتى أرى ما هو الخير لبني البشر حتى يفعلوه تحت السماوات مدة أيام حياتهم.""
جامعة,2,14,"الإصحاح الثاني الآيات (1-3): ""قلت أنا في قلبي هلم امتحنك بالفرح فترى خيراً وإذا هذا أيضاً باطل. للضحك قلت مجنون وللفرح ماذا يفعل. افتكرت في قلبي أن أعلل جسدي بالخمر وقلبي يلهج بالحكمة وأن اخذ بالحماقة حتى أرى ما هو الخير لبني البشر حتى يفعلوه تحت السماوات مدة أيام حياتهم.""
جامعة,2,15,"الإصحاح الثاني الآيات (1-3): ""قلت أنا في قلبي هلم امتحنك بالفرح فترى خيراً وإذا هذا أيضاً باطل. للضحك قلت مجنون وللفرح ماذا يفعل. افتكرت في قلبي أن أعلل جسدي بالخمر وقلبي يلهج بالحكمة وأن اخذ بالحماقة حتى أرى ما هو الخير لبني البشر حتى يفعلوه تحت السماوات مدة أيام حياتهم.""
جامعة,2,16,"الإصحاح الثاني الآيات (1-3): ""قلت أنا في قلبي هلم امتحنك بالفرح فترى خيراً وإذا هذا أيضاً باطل. للضحك قلت مجنون وللفرح ماذا يفعل. افتكرت في قلبي أن أعلل جسدي بالخمر وقلبي يلهج بالحكمة وأن اخذ بالحماقة حتى أرى ما هو الخير لبني البشر حتى يفعلوه تحت السماوات مدة أيام حياتهم.""
جامعة,2,17,"الإصحاح الثاني الآيات (1-3): ""قلت أنا في قلبي هلم امتحنك بالفرح فترى خيراً وإذا هذا أيضاً باطل. للضحك قلت مجنون وللفرح ماذا يفعل. افتكرت في قلبي أن أعلل جسدي بالخمر وقلبي يلهج بالحكمة وأن اخذ بالحماقة حتى أرى ما هو الخير لبني البشر حتى يفعلوه تحت السماوات مدة أيام حياتهم.""
جامعة,2,18,"الإصحاح الثاني الآيات (1-3): ""قلت أنا في قلبي هلم امتحنك بالفرح فترى خيراً وإذا هذا أيضاً باطل. للضحك قلت مجنون وللفرح ماذا يفعل. افتكرت في قلبي أن أعلل جسدي بالخمر وقلبي يلهج بالحكمة وأن اخذ بالحماقة حتى أرى ما هو الخير لبني البشر حتى يفعلوه تحت السماوات مدة أيام حياتهم.""
جامعة,2,19,"الإصحاح الثاني الآيات (1-3): ""قلت أنا في قلبي هلم امتحنك بالفرح فترى خيراً وإذا هذا أيضاً باطل. للضحك قلت مجنون وللفرح ماذا يفعل. افتكرت في قلبي أن أعلل جسدي بالخمر وقلبي يلهج بالحكمة وأن اخذ بالحماقة حتى أرى ما هو الخير لبني البشر حتى يفعلوه تحت السماوات مدة أيام حياتهم.""
جامعة,2,20,"الإصحاح الثاني الآيات (1-3): ""قلت أنا في قلبي هلم امتحنك بالفرح فترى خيراً وإذا هذا أيضاً باطل. للضحك قلت مجنون وللفرح ماذا يفعل. افتكرت في قلبي أن أعلل جسدي بالخمر وقلبي يلهج بالحكمة وأن اخذ بالحماقة حتى أرى ما هو الخير لبني البشر حتى يفعلوه تحت السماوات مدة أيام حياتهم.""
جامعة,2,21,"الإصحاح الثاني الآيات (1-3): ""قلت أنا في قلبي هلم امتحنك بالفرح فترى خيراً وإذا هذا أيضاً باطل. للضحك قلت مجنون وللفرح ماذا يفعل. افتكرت في قلبي أن أعلل جسدي بالخمر وقلبي يلهج بالحكمة وأن اخذ بالحماقة حتى أرى ما هو الخير لبني البشر حتى يفعلوه تحت السماوات مدة أيام حياتهم.""
جامعة,2,22,"الإصحاح الثاني الآيات (1-3): ""قلت أنا في قلبي هلم امتحنك بالفرح فترى خيراً وإذا هذا أيضاً باطل. للضحك قلت مجنون وللفرح ماذا يفعل. افتكرت في قلبي أن أعلل جسدي بالخمر وقلبي يلهج بالحكمة وأن اخذ بالحماقة حتى أرى ما هو الخير لبني البشر حتى يفعلوه تحت السماوات مدة أيام حياتهم.""
جامعة,2,23,"الإصحاح الثاني الآيات (1-3): ""قلت أنا في قلبي هلم امتحنك بالفرح فترى خيراً وإذا هذا أيضاً باطل. للضحك قلت مجنون وللفرح ماذا يفعل. افتكرت في قلبي أن أعلل جسدي بالخمر وقلبي يلهج بالحكمة وأن اخذ بالحماقة حتى أرى ما هو الخير لبني البشر حتى يفعلوه تحت السماوات مدة أيام حياتهم.""
جامعة,2,24,"الإصحاح الثاني الآيات (1-3): ""قلت أنا في قلبي هلم امتحنك بالفرح فترى خيراً وإذا هذا أيضاً باطل. للضحك قلت مجنون وللفرح ماذا يفعل. افتكرت في قلبي أن أعلل جسدي بالخمر وقلبي يلهج بالحكمة وأن اخذ بالحماقة حتى أرى ما هو الخير لبني البشر حتى يفعلوه تحت السماوات مدة أيام حياتهم.""
جامعة,2,25,"الإصحاح الثاني الآيات (1-3): ""قلت أنا في قلبي هلم امتحنك بالفرح فترى خيراً وإذا هذا أيضاً باطل. للضحك قلت مجنون وللفرح ماذا يفعل. افتكرت في قلبي أن أعلل جسدي بالخمر وقلبي يلهج بالحكمة وأن اخذ بالحماقة حتى أرى ما هو الخير لبني البشر حتى يفعلوه تحت السماوات مدة أيام حياتهم.""
جامعة,2,26,"الإصحاح الثاني الآيات (1-3): ""قلت أنا في قلبي هلم امتحنك بالفرح فترى خيراً وإذا هذا أيضاً باطل. للضحك قلت مجنون وللفرح ماذا يفعل. افتكرت في قلبي أن أعلل جسدي بالخمر وقلبي يلهج بالحكمة وأن اخذ بالحماقة حتى أرى ما هو الخير لبني البشر حتى يفعلوه تحت السماوات مدة أيام حياتهم.""
جامعة,2,27,"الإصحاح الثاني الآيات (1-3): ""قلت أنا في قلبي هلم امتحنك بالفرح فترى خيراً وإذا هذا أيضاً باطل. للضحك قلت مجنون وللفرح ماذا يفعل. افتكرت في قلبي أن أعلل جسدي بالخمر وقلبي يلهج بالحكمة وأن اخذ بالحماقة حتى أرى ما هو الخير لبني البشر حتى يفعلوه تحت السماوات مدة أيام حياتهم.""
جامعة,2,28,"الإصحاح الثاني الآيات (1-3): ""قلت أنا في قلبي هلم امتحنك بالفرح فترى خيراً وإذا هذا أيضاً باطل. للضحك قلت مجنون وللفرح ماذا يفعل. افتكرت في قلبي أن أعلل جسدي بالخمر وقلبي يلهج بالحكمة وأن اخذ بالحماقة حتى أرى ما هو الخير لبني البشر حتى يفعلوه تحت السماوات مدة أيام حياتهم.""
جامعة,2,29,"الإصحاح الثاني الآيات (1-3): ""قلت أنا في قلبي هلم امتحنك بالفرح فترى خيراً وإذا هذا أيضاً باطل. للضحك قلت مجنون وللفرح ماذا يفعل. افتكرت في قلبي أن أعلل جسدي بالخمر وقلبي يلهج بالحكمة وأن اخذ بالحماقة حتى أرى ما هو الخير لبني البشر حتى يفعلوه تحت السماوات مدة أيام حياتهم.""
جامعة,2,30,"الإصحاح الثاني الآيات (1-3): ""قلت أنا في قلبي هلم امتحنك بالفرح فترى خيراً وإذا هذا أيضاً باطل. للضحك قلت مجنون وللفرح ماذا يفعل. افتكرت في قلبي أن أعلل جسدي بالخمر وقلبي يلهج بالحكمة وأن اخذ بالحماقة حتى أرى ما هو الخير لبني البشر حتى يفعلوه تحت السماوات مدة أيام حياتهم.""
جامعة,2,31,"الإصحاح الثاني الآيات (1-3): ""قلت أنا في قلبي هلم امتحنك بالفرح فترى خيراً وإذا هذا أيضاً باطل. للضحك قلت مجنون وللفرح ماذا يفعل. افتكرت في قلبي أن أعلل جسدي بالخمر وقلبي يلهج بالحكمة وأن اخذ بالحماقة حتى أرى ما هو الخير لبني البشر حتى يفعلوه تحت السماوات مدة أيام حياتهم.""
جامعة,2,32,"الإصحاح الثاني الآيات (1-3): ""قلت أنا في قلبي هلم امتحنك بالفرح فترى خيراً وإذا هذا أيضاً باطل. للضحك قلت مجنون وللفرح ماذا يفعل. افتكرت في قلبي أن أعلل جسدي بالخمر وقلبي يلهج بالحكمة وأن اخذ بالحماقة حتى أرى ما هو الخير لبني البشر حتى يفعلوه تحت السماوات مدة أيام حياتهم.""
جامعة,2,33,"الإصحاح الثاني الآيات (1-3): ""قلت أنا في قلبي هلم امتحنك بالفرح فترى خيراً وإذا هذا أيضاً باطل. للضحك قلت مجنون وللفرح ماذا يفعل. افتكرت في قلبي أن أعلل جسدي بالخمر وقلبي يلهج بالحكمة وأن اخذ بالحماقة حتى أرى ما هو الخير لبني البشر حتى يفعلوه تحت السماوات مدة أيام حياتهم.""
جامعة,2,34,"الإصحاح الثاني الآيات (1-3): ""قلت أنا في قلبي هلم امتحنك بالفرح فترى خيراً وإذا هذا أيضاً باطل. للضحك قلت مجنون وللفرح ماذا يفعل. افتكرت في قلبي أن أعلل جسدي بالخمر وقلبي يلهج بالحكمة وأن اخذ بالحماقة حتى أرى ما هو الخير لبني البشر حتى يفعلوه تحت السماوات مدة أيام حياتهم.""
جامعة,2,35,"الإصحاح الثاني الآيات (1-3): ""قلت أنا في قلبي هلم امتحنك بالفرح فترى خيراً وإذا هذا أيضاً باطل. للضحك قلت مجنون وللفرح ماذا يفعل. افتكرت في قلبي أن أعلل جسدي بالخمر وقلبي يلهج بالحكمة وأن اخذ بالحماقة حتى أرى ما هو الخير لبني البشر حتى يفعلوه تحت السماوات مدة أيام حياتهم.""
جامعة,2,36,"الإصحاح الثاني الآيات (1-3): ""قلت أنا في قلبي هلم امتحنك بالفرح فترى خيراً وإذا هذا أيضاً باطل. للضحك قلت مجنون وللفرح ماذا يفعل. افتكرت في قلبي أن أعلل جسدي بالخمر وقلبي يلهج بالحكمة وأن اخذ بالحماقة حتى أرى ما هو الخير لبني البشر حتى يفعلوه تحت السماوات مدة أيام حياتهم.""
جامعة,2,37,"الإصحاح الثاني الآيات (1-3): ""قلت أنا في قلبي هلم امتحنك بالفرح فترى خيراً وإذا هذا أيضاً باطل. للضحك قلت مجنون وللفرح ماذا يفعل. افتكرت في قلبي أن أعلل جسدي بالخمر وقلبي يلهج بالحكمة وأن اخذ بالحماقة حتى أرى ما هو الخير لبني البشر حتى يفعلوه تحت السماوات مدة أيام حياتهم.""
جامعة,2,38,"الإصحاح الثاني الآيات (1-3): ""قلت أنا في قلبي هلم امتحنك بالفرح فترى خيراً وإذا هذا أيضاً باطل. للضحك قلت مجنون وللفرح ماذا يفعل. افتكرت في قلبي أن أعلل جسدي بالخمر وقلبي يلهج بالحكمة وأن اخذ بالحماقة حتى أرى ما هو الخير لبني البشر حتى يفعلوه تحت السماوات مدة أيام حياتهم.""
جامعة,2,39,"الإصحاح الثاني الآيات (1-3): ""قلت أنا في قلبي هلم امتحنك بالفرح فترى خيراً وإذا هذا أيضاً باطل. للضحك قلت مجنون وللفرح ماذا يفعل. افتكرت في قلبي أن أعلل جسدي بالخمر وقلبي يلهج بالحكمة وأن اخذ بالحماقة حتى أرى ما هو الخير لبني البشر حتى يفعلوه تحت السماوات مدة أيام حياتهم.""
جامعة,2,40,"الإصحاح الثاني الآيات (1-3): ""قلت أنا في قلبي هلم امتحنك بالفرح فترى خيراً وإذا هذا أيضاً باطل. للضحك قلت مجنون وللفرح ماذا يفعل. افتكرت في قلبي أن أعلل جسدي بالخمر وقلبي يلهج بالحكمة وأن اخذ بالحماقة حتى أرى ما هو الخير لبني البشر حتى يفعلوه تحت السماوات مدة أيام حياتهم.""
جامعة,2,41,"الإصحاح الثاني الآيات (1-3): ""قلت أنا في قلبي هلم امتحنك بالفرح فترى خيراً وإذا هذا أيضاً باطل. للضحك قلت مجنون وللفرح ماذا يفعل. افتكرت في قلبي أن أعلل جسدي بالخمر وقلبي يلهج بالحكمة وأن اخذ بالحماقة حتى أرى ما هو الخير لبني البشر حتى يفعلوه تحت السماوات مدة أيام حياتهم.""
جامعة,2,42,"الإصحاح الثاني الآيات (1-3): ""قلت أنا في قلبي هلم امتحنك بالفرح فترى خيراً وإذا هذا أيضاً باطل. للضحك قلت مجنون وللفرح ماذا يفعل. افتكرت في قلبي أن أعلل جسدي بالخمر وقلبي يلهج بالحكمة وأن اخذ بالحماقة حتى أرى ما هو الخير لبني البشر حتى يفعلوه تحت السماوات مدة أيام حياتهم.""
جامعة,2,43,"الإصحاح الثاني الآيات (1-3): ""قلت أنا في قلبي هلم امتحنك بالفرح فترى خيراً وإذا هذا أيضاً باطل. للضحك قلت مجنون وللفرح ماذا يفعل. افتكرت في قلبي أن أعلل جسدي بالخمر وقلبي يلهج بالحكمة وأن اخذ بالحماقة حتى أرى ما هو الخير لبني البشر حتى يفعلوه تحت السماوات مدة أيام حياتهم.""
جامعة,2,44,"الإصحاح الثاني الآيات (1-3): ""قلت أنا في قلبي هلم امتحنك بالفرح فترى خيراً وإذا هذا أيضاً باطل. للضحك قلت مجنون وللفرح ماذا يفعل. افتكرت في قلبي أن أعلل جسدي بالخمر وقلبي يلهج بالحكمة وأن اخذ بالحماقة حتى أرى ما هو الخير لبني البشر حتى يفعلوه تحت السماوات مدة أيام حياتهم.""
جامعة,2,45,"الإصحاح الثاني الآيات (1-3): ""قلت أنا في قلبي هلم امتحنك بالفرح فترى خيراً وإذا هذا أيضاً باطل. للضحك قلت مجنون وللفرح ماذا يفعل. افتكرت في قلبي أن أعلل جسدي بالخمر وقلبي يلهج بالحكمة وأن اخذ بالحماقة حتى أرى ما هو الخير لبني البشر حتى يفعلوه تحت السماوات مدة أيام حياتهم.""
جامعة,2,46,"الإصحاح الثاني الآيات (1-3): ""قلت أنا في قلبي هلم امتحنك بالفرح فترى خيراً وإذا هذا أيضاً باطل. للضحك قلت مجنون وللفرح ماذا يفعل. افتكرت في قلبي أن أعلل جسدي بالخمر وقلبي يلهج بالحكمة وأن اخذ بالحماقة حتى أرى ما هو الخير لبني البشر حتى يفعلوه تحت السماوات مدة أيام حياتهم.""
جامعة,2,47,"الإصحاح الثاني الآيات (1-3): ""قلت أنا في قلبي هلم امتحنك بالفرح فترى خيراً وإذا هذا أيضاً باطل. للضحك قلت مجنون وللفرح ماذا يفعل. افتكرت في قلبي أن أعلل جسدي بالخمر وقلبي يلهج بالحكمة وأن اخذ بالحماقة حتى أرى ما هو الخير لبني البشر حتى يفعلوه تحت السماوات مدة أيام حياتهم.""
جامعة,2,48,"الإصحاح الثاني الآيات (1-3): ""قلت أنا في قلبي هلم امتحنك بالفرح فترى خيراً وإذا هذا أيضاً باطل. للضحك قلت مجنون وللفرح ماذا يفعل. افتكرت في قلبي أن أعلل جسدي بالخمر وقلبي يلهج بالحكمة وأن اخذ بالحماقة حتى أرى ما هو الخير لبني البشر حتى يفعلوه تحت السماوات مدة أيام حياتهم.""
جامعة,2,49,"الإصحاح الثاني الآيات (1-3): ""قلت أنا في قلبي هلم امتحنك بالفرح فترى خيراً وإذا هذا أيضاً باطل. للضحك قلت مجنون وللفرح ماذا يفعل. افتكرت في قلبي أن أعلل جسدي بالخمر وقلبي يلهج بالحكمة وأن اخذ بالحماقة حتى أرى ما هو الخير لبني البشر حتى يفعلوه تحت السماوات مدة أيام حياتهم.""
جامعة,2,50,"الإصحاح الثاني الآيات (1-3): ""قلت أنا في قلبي هلم امتحنك بالفرح فترى خيراً وإذا هذا أيضاً باطل. للضحك قلت مجنون وللفرح ماذا يفعل. افتكرت في قلبي أن أعلل جسدي بالخمر وقلبي يلهج بالحكمة وأن اخذ بالحماقة حتى أرى ما هو الخير لبني البشر حتى يفعلوه تحت السماوات مدة أيام حياتهم.""
جامعة,2,51,"الإصحاح الثاني الآيات (1-3): ""قلت أنا في قلبي هلم امتحنك بالفرح فترى خيراً وإذا هذا أيضاً باطل. للضحك قلت مجنون وللفرح ماذا يفعل. افتكرت في قلبي أن أعلل جسدي بالخمر وقلبي يلهج بالحكمة وأن اخذ بالحماقة حتى أرى ما هو الخير لبني البشر حتى يفعلوه تحت السماوات مدة أيام حياتهم.""
جامعة,2,52,"الإصحاح الثاني الآيات (1-3): ""قلت أنا في قلبي هلم امتحنك بالفرح فترى خيراً وإذا هذا أيضاً باطل. للضحك قلت مجنون وللفرح ماذا يفعل. افتكرت في قلبي أن أعلل جسدي بالخمر وقلبي يلهج بالحكمة وأن اخذ بالحماقة حتى أرى ما هو الخير لبني البشر حتى يفعلوه تحت السماوات مدة أيام حياتهم.""
جامعة,2,53,"الإصحاح الثاني الآيات (1-3): ""قلت أنا في قلبي هلم امتحنك بالفرح فترى خيراً وإذا هذا أيضاً باطل. للضحك قلت مجنون وللفرح ماذا يفعل. افتكرت في قلبي أن أعلل جسدي بالخمر وقلبي يلهج بالحكمة وأن اخذ بالحماقة حتى أرى ما هو الخير لبني البشر حتى يفعلوه تحت السماوات مدة أيام حياتهم.""
جامعة,2,54,"الإصحاح الثاني الآيات (1-3): ""قلت أنا في قلبي هلم امتحنك بالفرح فترى خيراً وإذا هذا أيضاً باطل. للضحك قلت مجنون وللفرح ماذا يفعل. افتكرت في قلبي أن أعلل جسدي بالخمر وقلبي يلهج بالحكمة وأن اخذ بالحماقة حتى أرى ما هو الخير لبني البشر حتى يفعلوه تحت السماوات مدة أيام حياتهم.""
جامعة,2,55,"الإصحاح الثاني الآيات (1-3): ""قلت أنا في قلبي هلم امتحنك بالفرح فترى خيراً وإذا هذا أيضاً باطل. للضحك قلت مجنون وللفرح ماذا يفعل. افتكرت في قلبي أن أعلل جسدي بالخمر وقلبي يلهج بالحكمة وأن اخذ بالحماقة حتى أرى ما هو الخير لبني البشر حتى يفعلوه تحت السماوات مدة أيام حياتهم.""
جامعة,2,56,"الإصحاح الثاني الآيات (1-3): ""قلت أنا في قلبي هلم امتحنك بالفرح فترى خيراً وإذا هذا أيضاً باطل. للضحك قلت مجنون وللفرح ماذا يفعل. افتكرت في قلبي أن أعلل جسدي بالخمر وقلبي يلهج بالحكمة وأن اخذ بالحماقة حتى أرى ما هو الخير لبني البشر حتى يفعلوه تحت السماوات مدة أيام حياتهم.""
جامعة,2,57,"الإصحاح الثاني الآيات (1-3): ""قلت أنا في قلبي هلم امتحنك بالفرح فترى خيراً وإذا هذا أيضاً باطل. للضحك قلت مجنون وللفرح ماذا يفعل. افتكرت في قلبي أن أعلل جسدي بالخمر وقلبي يلهج بالحكمة وأن اخذ بالحماقة حتى أرى ما هو الخير لبني البشر حتى يفعلوه تحت السماوات مدة أيام حياتهم.""
جامعة,2,58,"الإصحاح الثاني الآيات (1-3): ""قلت أنا في قلبي هلم امتحنك بالفرح فترى خيراً وإذا هذا أيضاً باطل. للضحك قلت مجنون وللفرح ماذا يفعل. افتكرت في قلبي أن أعلل جسدي بالخمر وقلبي يلهج بالحكمة وأن اخذ بالحماقة حتى أرى ما هو الخير لبني البشر حتى يفعلوه تحت السماوات مدة أيام حياتهم.""
جامعة,2,59,"الإصحاح الثاني الآيات (1-3): ""قلت أنا في قلبي هلم امتحنك بالفرح فترى خيراً وإذا هذا أيضاً باطل. للضحك قلت مجنون وللفرح ماذا يفعل. افتكرت في قلبي أن أعلل جسدي بالخمر وقلبي يلهج بالحكمة وأن اخذ بالحماقة حتى أرى ما هو الخير لبني البشر حتى يفعلوه تحت السماوات مدة أيام حياتهم.""
جامعة,2,60,"الإصحاح الثاني الآيات (1-3): ""قلت أنا في قلبي هلم امتحنك بالفرح فترى خيراً وإذا هذا أيضاً باطل. للضحك قلت مجنون وللفرح ماذا يفعل. افتكرت في قلبي أن أعلل جسدي بالخمر وقلبي يلهج بالحكمة وأن اخذ بالحماقة حتى أرى ما هو الخير لبني البشر حتى يفعلوه تحت السماوات مدة أيام حياتهم.""
جامعة,2,61,"الإصحاح الثاني الآيات (1-3): ""قلت أنا في قلبي هلم امتحنك بالفرح فترى خيراً وإذا هذا أيضاً باطل. للضحك قلت مجنون وللفرح ماذا يفعل. افتكرت في قلبي أن أعلل جسدي بالخمر وقلبي يلهج بالحكمة وأن اخذ بالحماقة حتى أرى ما هو الخير لبني البشر حتى يفعلوه تحت السماوات مدة أيام حياتهم.""
جامعة,2,62,"الإصحاح الثاني الآيات (1-3): ""قلت أنا في قلبي هلم امتحنك بالفرح فترى خيراً وإذا هذا أيضاً باطل. للضحك قلت مجنون وللفرح ماذا يفعل. افتكرت في قلبي أن أعلل جسدي بالخمر وقلبي يلهج بالحكمة وأن اخذ بالحماقة حتى أرى ما هو الخير لبني البشر حتى يفعلوه تحت السماوات مدة أيام حياتهم.""
جامعة,2,63,"الإصحاح الثاني الآيات (1-3): ""قلت أنا في قلبي هلم امتحنك بالفرح فترى خيراً وإذا هذا أيضاً باطل. للضحك قلت مجنون وللفرح ماذا يفعل. افتكرت في قلبي أن أعلل جسدي بالخمر وقلبي يلهج بالحكمة وأن اخذ بالحماقة حتى أرى ما هو الخير لبني البشر حتى يفعلوه تحت السماوات مدة أيام حياتهم.""
جامعة,2,64,"الإصحاح الثاني الآيات (1-3): ""قلت أنا في قلبي هلم امتحنك بالفرح فترى خيراً وإذا هذا أيضاً باطل. للضحك قلت مجنون وللفرح ماذا يفعل. افتكرت في قلبي أن أعلل جسدي بالخمر وقلبي يلهج بالحكمة وأن اخذ بالحماقة حتى أرى ما هو الخير لبني البشر حتى يفعلوه تحت السماوات مدة أيام حياتهم.""
جامعة,2,65,"الإصحاح الثاني الآيات (1-3): ""قلت أنا في قلبي هلم امتحنك بالفرح فترى خيراً وإذا هذا أيضاً باطل. للضحك قلت مجنون وللفرح ماذا يفعل. افتكرت في قلبي أن أعلل جسدي بالخمر وقلبي يلهج بالحكمة وأن اخذ بالحماقة حتى أرى ما هو الخير لبني البشر حتى يفعلوه تحت السماوات مدة أيام حياتهم.""
جامعة,2,66,"الإصحاح الثاني الآيات (1-3): ""قلت أنا في قلبي هلم امتحنك بالفرح فترى خيراً وإذا هذا أيضاً باطل. للضحك قلت مجنون وللفرح ماذا يفعل. افتكرت في قلبي أن أعلل جسدي بالخمر وقلبي يلهج بالحكمة وأن اخذ بالحماقة حتى أرى ما هو الخير لبني البشر حتى يفعلوه تحت السماوات مدة أيام حياتهم.""
جامعة,2,67,"الإصحاح الثاني الآيات (1-3): ""قلت أنا في قلبي هلم امتحنك بالفرح فترى خيراً وإذا هذا أيضاً باطل. للضحك قلت مجنون وللفرح ماذا يفعل. افتكرت في قلبي أن أعلل جسدي بالخمر وقلبي يلهج بالحكمة وأن اخذ بالحماقة حتى أرى ما هو الخير لبني البشر حتى يفعلوه تحت السماوات مدة أيام حياتهم.""
جامعة,2,68,"الإصحاح الثاني الآيات (1-3): ""قلت أنا في قلبي هلم امتحنك بالفرح فترى خيراً وإذا هذا أيضاً باطل. للضحك قلت مجنون وللفرح ماذا يفعل. افتكرت في قلبي أن أعلل جسدي بالخمر وقلبي يلهج بالحكمة وأن اخذ بالحماقة حتى أرى ما هو الخير لبني البشر حتى يفعلوه تحت السماوات مدة أيام حياتهم.""
جامعة,2,69,"الإصحاح الثاني الآيات (1-3): ""قلت أنا في قلبي هلم امتحنك بالفرح فترى خيراً وإذا هذا أيضاً باطل. للضحك قلت مجنون وللفرح ماذا يفعل. افتكرت في قلبي أن أعلل جسدي بالخمر وقلبي يلهج بالحكمة وأن اخذ بالحماقة حتى أرى ما هو الخير لبني البشر حتى يفعلوه تحت السماوات مدة أيام حياتهم.""
جامعة,2,70,"الإصحاح الثاني الآيات (1-3): ""قلت أنا في قلبي هلم امتحنك بالفرح فترى خيراً وإذا هذا أيضاً باطل. للضحك قلت مجنون وللفرح ماذا يفعل. افتكرت في قلبي أن أعلل جسدي بالخمر وقلبي يلهج بالحكمة وأن اخذ بالحماقة حتى أرى ما هو الخير لبني البشر حتى يفعلوه تحت السماوات مدة أيام حياتهم.""
جامعة,2,71,"الإصحاح الثاني الآيات (1-3): ""قلت أنا في قلبي هلم امتحنك بالفرح فترى خيراً وإذا هذا أيضاً باطل. للضحك قلت مجنون وللفرح ماذا يفعل. افتكرت في قلبي أن أعلل جسدي بالخمر وقلبي يلهج بالحكمة وأن اخذ بالحماقة حتى أرى ما هو الخير لبني البشر حتى يفعلوه تحت السماوات مدة أيام حياتهم.""
جامعة,2,72,"الإصحاح الثاني الآيات (1-3): ""قلت أنا في قلبي هلم امتحنك بالفرح فترى خيراً وإذا هذا أيضاً باطل. للضحك قلت مجنون وللفرح ماذا يفعل. افتكرت في قلبي أن أعلل جسدي بالخمر وقلبي يلهج بالحكمة وأن اخذ بالحماقة حتى أرى ما هو الخير لبني البشر حتى يفعلوه تحت السماوات مدة أيام حياتهم.""
جامعة,2,73,"الإصحاح الثاني الآيات (1-3): ""قلت أنا في قلبي هلم امتحنك بالفرح فترى خيراً وإذا هذا أيضاً باطل. للضحك قلت مجنون وللفرح ماذا يفعل. افتكرت في قلبي أن أعلل جسدي بالخمر وقلبي يلهج بالحكمة وأن اخذ بالحماقة حتى أرى ما هو الخير لبني البشر حتى يفعلوه تحت السماوات مدة أيام حياتهم.""
جامعة,2,74,"الإصحاح الثاني الآيات (1-3): ""قلت أنا في قلبي هلم امتحنك بالفرح فترى خيراً وإذا هذا أيضاً باطل. للضحك قلت مجنون وللفرح ماذا يفعل. افتكرت في قلبي أن أعلل جسدي بالخمر وقلبي يلهج بالحكمة وأن اخذ بالحماقة حتى أرى ما هو الخير لبني البشر حتى يفعلوه تحت السماوات مدة أيام حياتهم.""
جامعة,2,75,"الإصحاح الثاني الآيات (1-3): ""قلت أنا في قلبي هلم امتحنك بالفرح فترى خيراً وإذا هذا أيضاً باطل. للضحك قلت مجنون وللفرح ماذا يفعل. افتكرت في قلبي أن أعلل جسدي بالخمر وقلبي يلهج بالحكمة وأن اخذ بالحماقة حتى أرى ما هو الخير لبني البشر حتى يفعلوه تحت السماوات مدة أيام حياتهم.""
جامعة,2,76,"الإصحاح الثاني الآيات (1-3): ""قلت أنا في قلبي هلم امتحنك بالفرح فترى خيراً وإذا هذا أيضاً باطل. للضحك قلت مجنون وللفرح ماذا يفعل. افتكرت في قلبي أن أعلل جسدي بالخمر وقلبي يلهج بالحكمة وأن اخذ بالحماقة حتى أرى ما هو الخير لبني البشر حتى يفعلوه تحت السماوات مدة أيام حياتهم.""
جامعة,2,77,"الإصحاح الثاني الآيات (1-3): ""قلت أنا في قلبي هلم امتحنك بالفرح فترى خيراً وإذا هذا أيضاً باطل. للضحك قلت مجنون وللفرح ماذا يفعل. افتكرت في قلبي أن أعلل جسدي بالخمر وقلبي يلهج بالحكمة وأن اخذ بالحماقة حتى أرى ما هو الخير لبني البشر حتى يفعلوه تحت السماوات مدة أيام حياتهم.""
جامعة,2,78,"الإصحاح الثاني الآيات (1-3): ""قلت أنا في قلبي هلم امتحنك بالفرح فترى خيراً وإذا هذا أيضاً باطل. للضحك قلت مجنون وللفرح ماذا يفعل. افتكرت في قلبي أن أعلل جسدي بالخمر وقلبي يلهج بالحكمة وأن اخذ بالحماقة حتى أرى ما هو الخير لبني البشر حتى يفعلوه تحت السماوات مدة أيام حياتهم.""
جامعة,2,79,"الإصحاح الثاني الآيات (1-3): ""قلت أنا في قلبي هلم امتحنك بالفرح فترى خيراً وإذا هذا أيضاً باطل. للضحك قلت مجنون وللفرح ماذا يفعل. افتكرت في قلبي أن أعلل جسدي بالخمر وقلبي يلهج بالحكمة وأن اخذ بالحماقة حتى أرى ما هو الخير لبني البشر حتى يفعلوه تحت السماوات مدة أيام حياتهم.""
جامعة,2,80,"الإصحاح الثاني الآيات (1-3): ""قلت أنا في قلبي هلم امتحنك بالفرح فترى خيراً وإذا هذا أيضاً باطل. للضحك قلت مجنون وللفرح ماذا يفعل. افتكرت في قلبي أن أعلل جسدي بالخمر وقلبي يلهج بالحكمة وأن اخذ بالحماقة حتى أرى ما هو الخير لبني البشر حتى يفعلوه تحت السماوات مدة أيام حياتهم.""
جامعة,2,81,"الإصحاح الثاني الآيات (1-3): ""قلت أنا في قلبي هلم امتحنك بالفرح فترى خيراً وإذا هذا أيضاً باطل. للضحك قلت مجنون وللفرح ماذا يفعل. افتكرت في قلبي أن أعلل جسدي بالخمر وقلبي يلهج بالحكمة وأن اخذ بالحماقة حتى أرى ما هو الخير لبني البشر حتى يفعلوه تحت السماوات مدة أيام حياتهم.""
جامعة,2,82,"الإصحاح الثاني الآيات (1-3): ""قلت أنا في قلبي هلم امتحنك بالفرح فترى خيراً وإذا هذا أيضاً باطل. للضحك قلت مجنون وللفرح ماذا يفعل. افتكرت في قلبي أن أعلل جسدي بالخمر وقلبي يلهج بالحكمة وأن اخذ بالحماقة حتى أرى ما هو الخير لبني البشر حتى يفعلوه تحت السماوات مدة أيام حياتهم.""
جامعة,2,83,"الإصحاح الثاني الآيات (1-3): ""قلت أنا في قلبي هلم امتحنك بالفرح فترى خيراً وإذا هذا أيضاً باطل. للضحك قلت مجنون وللفرح ماذا يفعل. افتكرت في قلبي أن أعلل جسدي بالخمر وقلبي يلهج بالحكمة وأن اخذ بالحماقة حتى أرى ما هو الخير لبني البشر حتى يفعلوه تحت السماوات مدة أيام حياتهم.""
جامعة,2,84,"الإصحاح الثاني الآيات (1-3): ""قلت أنا في قلبي هلم امتحنك بالفرح فترى خيراً وإذا هذا أيضاً باطل. للضحك قلت مجنون وللفرح ماذا يفعل. افتكرت في قلبي أن أعلل جسدي بالخمر وقلبي يلهج بالحكمة وأن اخذ بالحماقة حتى أرى ما هو الخير لبني البشر حتى يفعلوه تحت السماوات مدة أيام حياتهم.""
جامعة,2,85,"الإصحاح الثاني الآيات (1-3): ""قلت أنا في قلبي هلم امتحنك بالفرح فترى خيراً وإذا هذا أيضاً باطل. للضحك قلت مجنون وللفرح ماذا يفعل. افتكرت في قلبي أن أعلل جسدي بالخمر وقلبي يلهج بالحكمة وأن اخذ بالحماقة حتى أرى ما هو الخير لبني البشر حتى يفعلوه تحت السماوات مدة أيام حياتهم.""
جامعة,2,86,"الإصحاح الثاني الآيات (1-3): ""قلت أنا في قلبي هلم امتحنك بالفرح فترى خيراً وإذا هذا أيضاً باطل. للضحك قلت مجنون وللفرح ماذا يفعل. افتكرت في قلبي أن أعلل جسدي بالخمر وقلبي يلهج بالحكمة وأن اخذ بالحماقة حتى أرى ما هو الخير لبني البشر حتى يفعلوه تحت السماوات مدة أيام حياتهم.""
جامعة,2,87,"الإصحاح الثاني الآيات (1-3): ""قلت أنا في قلبي هلم امتحنك بالفرح فترى خيراً وإذا هذا أيضاً باطل. للضحك قلت مجنون وللفرح ماذا يفعل. افتكرت في قلبي أن أعلل جسدي بالخمر وقلبي يلهج بالحكمة وأن اخذ بالحماقة حتى أرى ما هو الخير لبني البشر حتى يفعلوه تحت السماوات مدة أيام حياتهم.""
جامعة,2,88,"الإصحاح الثاني الآيات (1-3): ""قلت أنا في قلبي هلم امتحنك بالفرح فترى خيراً وإذا هذا أيضاً باطل. للضحك قلت مجنون وللفرح ماذا يفعل. افتكرت في قلبي أن أعلل جسدي بالخمر وقلبي يلهج بالحكمة وأن اخذ بالحماقة حتى أرى ما هو الخير لبني البشر حتى يفعلوه تحت السماوات مدة أيام حياتهم.""
جامعة,2,89,"الإصحاح الثاني الآيات (1-3): ""قلت أنا في قلبي هلم امتحنك بالفرح فترى خيراً وإذا هذا أيضاً باطل. للضحك قلت مجنون وللفرح ماذا يفعل. افتكرت في قلبي أن أعلل جسدي بالخمر وقلبي يلهج بالحكمة وأن اخذ بالحماقة حتى أرى ما هو الخير لبني البشر حتى يفعلوه تحت السماوات مدة أيام حياتهم.""
جامعة,2,90,"الإصحاح الثاني الآيات (1-3): ""قلت أنا في قلبي هلم امتحنك بالفرح فترى خيراً وإذا هذا أيضاً باطل. للضحك قلت مجنون وللفرح ماذا يفعل. افتكرت في قلبي أن أعلل جسدي بالخمر وقلبي يلهج بالحكمة وأن اخذ بالحماقة حتى أرى ما هو الخير لبني البشر حتى يفعلوه تحت السماوات مدة أيام حياتهم.""
جامعة,2,91,"الإصحاح الثاني الآيات (1-3): ""قلت أنا في قلبي هلم امتحنك بالفرح فترى خيراً وإذا هذا أيضاً باطل. للضحك قلت مجنون وللفرح ماذا يفعل. افتكرت في قلبي أن أعلل جسدي بالخمر وقلبي يلهج بالحكمة وأن اخذ بالحماقة حتى أرى ما هو الخير لبني البشر حتى يفعلوه تحت السماوات مدة أيام حياتهم.""
جامعة,2,92,"الإصحاح الثاني الآيات (1-3): ""قلت أنا في قلبي هلم امتحنك بالفرح فترى خيراً وإذا هذا أيضاً باطل. للضحك قلت مجنون وللفرح ماذا يفعل. افتكرت في قلبي أن أعلل جسدي بالخمر وقلبي يلهج بالحكمة وأن اخذ بالحماقة حتى أرى ما هو الخير لبني البشر حتى يفعلوه تحت السماوات مدة أيام حياتهم.""
جامعة,2,93,"الإصحاح الثاني الآيات (1-3): ""قلت أنا في قلبي هلم امتحنك بالفرح فترى خيراً وإذا هذا أيضاً باطل. للضحك قلت مجنون وللفرح ماذا يفعل. افتكرت في قلبي أن أعلل جسدي بالخمر وقلبي يلهج بالحكمة وأن اخذ بالحماقة حتى أرى ما هو الخير لبني البشر حتى يفعلوه تحت السماوات مدة أيام حياتهم.""
جامعة,2,94,"الإصحاح الثاني الآيات (1-3): ""قلت أنا في قلبي هلم امتحنك بالفرح فترى خيراً وإذا هذا أيضاً باطل. للضحك قلت مجنون وللفرح ماذا يفعل. افتكرت في قلبي أن أعلل جسدي بالخمر وقلبي يلهج بالحكمة وأن اخذ بالحماقة حتى أرى ما هو الخير لبني البشر حتى يفعلوه تحت السماوات مدة أيام حياتهم.""
جامعة,2,95,"الإصحاح الثاني الآيات (1-3): ""قلت أنا في قلبي هلم امتحنك بالفرح فترى خيراً وإذا هذا أيضاً باطل. للضحك قلت مجنون وللفرح ماذا يفعل. افتكرت في قلبي أن أعلل جسدي بالخمر وقلبي يلهج بالحكمة وأن اخذ بالحماقة حتى أرى ما هو الخير لبني البشر حتى يفعلوه تحت السماوات مدة أيام حياتهم.""
جامعة,2,96,"الإصحاح الثاني الآيات (1-3): ""قلت أنا في قلبي هلم امتحنك بالفرح فترى خيراً وإذا هذا أيضاً باطل. للضحك قلت مجنون وللفرح ماذا يفعل. افتكرت في قلبي أن أعلل جسدي بالخمر وقلبي يلهج بالحكمة وأن اخذ بالحماقة حتى أرى ما هو الخير لبني البشر حتى يفعلوه تحت السماوات مدة أيام حياتهم.""
جامعة,2,97,"الإصحاح الثاني الآيات (1-3): ""قلت أنا في قلبي هلم امتحنك بالفرح فترى خيراً وإذا هذا أيضاً باطل. للضحك قلت مجنون وللفرح ماذا يفعل. افتكرت في قلبي أن أعلل جسدي بالخمر وقلبي يلهج بالحكمة وأن اخذ بالحماقة حتى أرى ما هو الخير لبني البشر حتى يفعلوه تحت السماوات مدة أيام حياتهم.""
جامعة,2,98,"الإصحاح الثاني الآيات (1-3): ""قلت أنا في قلبي هلم امتحنك بالفرح فترى خيراً وإذا هذا أيضاً باطل. للضحك قلت مجنون وللفرح ماذا يفعل. افتكرت في قلبي أن أعلل جسدي بالخمر وقلبي يلهج بالحكمة وأن اخذ بالحماقة حتى أرى ما هو الخير لبني البشر حتى يفعلوه تحت السماوات مدة أيام حياتهم.""
جامعة,2,99,"الإصحاح الثاني الآيات (1-3): ""قلت أنا في قلبي هلم امتحنك بالفرح فترى خيراً وإذا هذا أيضاً باطل. للضحك قلت مجنون وللفرح ماذا يفعل. افتكرت في قلبي أن أعلل جسدي بالخمر وقلبي يلهج بالحكمة وأن اخذ بالحماقة حتى أرى ما هو الخير لبني البشر حتى يفعلوه تحت السماوات مدة أيام حياتهم.""
جامعة,3,1,"الإصحاح الثالث الآيات (1-15): ""لكل شيء زمان ولكل أمر تحت السماوات وقت. للولادة وقت وللموت وقت للغرس وقت ولقلع المغروس وقت. للقتل وقت وللشفاء وقت للهدم وقت وللبناء وقت. للبكاء وقت وللضحك وقت للنوح وقت وللرقص وقت. لتفريق الحجارة وقت ولجمع الحجارة وقت للمعانقة وقت وللانفصال عن المعانقة وقت. للكسب وقت وللخسارة وقت للصيانة وقت وللطرح وقت. للتمزيق وقت وللتخييط وقت للسكوت وقت وللتكلم وقت. للحب وقت وللبغضة وقت للحرب وقت وللصلح وقت. فأي منفعة لمن يتعب مما يتعب به. قد رأيت الشغل الذي أعطاه الله بني البشر ليشتغلوا به. صنع الكل حسناً في وقته وأيضاً جعل الأبدية في قلبهم التي بلاها لا يدرك الإنسان العمل الذي يعمله الله من البداية إلى النهاية.عرفت انه ليس لهم خير إلا أن يفرحوا ويفعلوا خيرا في حياتهم. وأيضاً أن يأكل كل إنسان ويشرب ويرى خيراً من كل تعبه فهو عطية الله. قد عرفت أن كل ما يعمله الله انه يكون إلى الأبد لا شيء يزاد عليه ولا شيء ينقص منه وأن الله عمله حتى يخافوا أمامه. ما كان فمن القدم هو وما يكون فمن القدم قد كان والله يطلب ما قد مضى.""
جامعة,3,2,"الإصحاح الثالث الآيات (1-15): ""لكل شيء زمان ولكل أمر تحت السماوات وقت. للولادة وقت وللموت وقت للغرس وقت ولقلع المغروس وقت. للقتل وقت وللشفاء وقت للهدم وقت وللبناء وقت. للبكاء وقت وللضحك وقت للنوح وقت وللرقص وقت. لتفريق الحجارة وقت ولجمع الحجارة وقت للمعانقة وقت وللانفصال عن المعانقة وقت. للكسب وقت وللخسارة وقت للصيانة وقت وللطرح وقت. للتمزيق وقت وللتخييط وقت للسكوت وقت وللتكلم وقت. للحب وقت وللبغضة وقت للحرب وقت وللصلح وقت. فأي منفعة لمن يتعب مما يتعب به. قد رأيت الشغل الذي أعطاه الله بني البشر ليشتغلوا به. صنع الكل حسناً في وقته وأيضاً جعل الأبدية في قلبهم التي بلاها لا يدرك الإنسان العمل الذي يعمله الله من البداية إلى النهاية.عرفت انه ليس لهم خير إلا أن يفرحوا ويفعلوا خيرا في حياتهم. وأيضاً أن يأكل كل إنسان ويشرب ويرى خيراً من كل تعبه فهو عطية الله. قد عرفت أن كل ما يعمله الله انه يكون إلى الأبد لا شيء يزاد عليه ولا شيء ينقص منه وأن الله عمله حتى يخافوا أمامه. ما كان فمن القدم هو وما يكون فمن القدم قد كان والله يطلب ما قد مضى.""
جامعة,3,3,"الإصحاح الثالث الآيات (1-15): ""لكل شيء زمان ولكل أمر تحت السماوات وقت. للولادة وقت وللموت وقت للغرس وقت ولقلع المغروس وقت. للقتل وقت وللشفاء وقت للهدم وقت وللبناء وقت. للبكاء وقت وللضحك وقت للنوح وقت وللرقص وقت. لتفريق الحجارة وقت ولجمع الحجارة وقت للمعانقة وقت وللانفصال عن المعانقة وقت. للكسب وقت وللخسارة وقت للصيانة وقت وللطرح وقت. للتمزيق وقت وللتخييط وقت للسكوت وقت وللتكلم وقت. للحب وقت وللبغضة وقت للحرب وقت وللصلح وقت. فأي منفعة لمن يتعب مما يتعب به. قد رأيت الشغل الذي أعطاه الله بني البشر ليشتغلوا به. صنع الكل حسناً في وقته وأيضاً جعل الأبدية في قلبهم التي بلاها لا يدرك الإنسان العمل الذي يعمله الله من البداية إلى النهاية.عرفت انه ليس لهم خير إلا أن يفرحوا ويفعلوا خيرا في حياتهم. وأيضاً أن يأكل كل إنسان ويشرب ويرى خيراً من كل تعبه فهو عطية الله. قد عرفت أن كل ما يعمله الله انه يكون إلى الأبد لا شيء يزاد عليه ولا شيء ينقص منه وأن الله عمله حتى يخافوا أمامه. ما كان فمن القدم هو وما يكون فمن القدم قد كان والله يطلب ما قد مضى.""
جامعة,3,4,"الإصحاح الثالث الآيات (1-15): ""لكل شيء زمان ولكل أمر تحت السماوات وقت. للولادة وقت وللموت وقت للغرس وقت ولقلع المغروس وقت. للقتل وقت وللشفاء وقت للهدم وقت وللبناء وقت. للبكاء وقت وللضحك وقت للنوح وقت وللرقص وقت. لتفريق الحجارة وقت ولجمع الحجارة وقت للمعانقة وقت وللانفصال عن المعانقة وقت. للكسب وقت وللخسارة وقت للصيانة وقت وللطرح وقت. للتمزيق وقت وللتخييط وقت للسكوت وقت وللتكلم وقت. للحب وقت وللبغضة وقت للحرب وقت وللصلح وقت. فأي منفعة لمن يتعب مما يتعب به. قد رأيت الشغل الذي أعطاه الله بني البشر ليشتغلوا به. صنع الكل حسناً في وقته وأيضاً جعل الأبدية في قلبهم التي بلاها لا يدرك الإنسان العمل الذي يعمله الله من البداية إلى النهاية.عرفت انه ليس لهم خير إلا أن يفرحوا ويفعلوا خيرا في حياتهم. وأيضاً أن يأكل كل إنسان ويشرب ويرى خيراً من كل تعبه فهو عطية الله. قد عرفت أن كل ما يعمله الله انه يكون إلى الأبد لا شيء يزاد عليه ولا شيء ينقص منه وأن الله عمله حتى يخافوا أمامه. ما كان فمن القدم هو وما يكون فمن القدم قد كان والله يطلب ما قد مضى.""
جامعة,3,5,"الإصحاح الثالث الآيات (1-15): ""لكل شيء زمان ولكل أمر تحت السماوات وقت. للولادة وقت وللموت وقت للغرس وقت ولقلع المغروس وقت. للقتل وقت وللشفاء وقت للهدم وقت وللبناء وقت. للبكاء وقت وللضحك وقت للنوح وقت وللرقص وقت. لتفريق الحجارة وقت ولجمع الحجارة وقت للمعانقة وقت وللانفصال عن المعانقة وقت. للكسب وقت وللخسارة وقت للصيانة وقت وللطرح وقت. للتمزيق وقت وللتخييط وقت للسكوت وقت وللتكلم وقت. للحب وقت وللبغضة وقت للحرب وقت وللصلح وقت. فأي منفعة لمن يتعب مما يتعب به. قد رأيت الشغل الذي أعطاه الله بني البشر ليشتغلوا به. صنع الكل حسناً في وقته وأيضاً جعل الأبدية في قلبهم التي بلاها لا يدرك الإنسان العمل الذي يعمله الله من البداية إلى النهاية.عرفت انه ليس لهم خير إلا أن يفرحوا ويفعلوا خيرا في حياتهم. وأيضاً أن يأكل كل إنسان ويشرب ويرى خيراً من كل تعبه فهو عطية الله. قد عرفت أن كل ما يعمله الله انه يكون إلى الأبد لا شيء يزاد عليه ولا شيء ينقص منه وأن الله عمله حتى يخافوا أمامه. ما كان فمن القدم هو وما يكون فمن القدم قد كان والله يطلب ما قد مضى.""
جامعة,3,6,"الإصحاح الثالث الآيات (1-15): ""لكل شيء زمان ولكل أمر تحت السماوات وقت. للولادة وقت وللموت وقت للغرس وقت ولقلع المغروس وقت. للقتل وقت وللشفاء وقت للهدم وقت وللبناء وقت. للبكاء وقت وللضحك وقت للنوح وقت وللرقص وقت. لتفريق الحجارة وقت ولجمع الحجارة وقت للمعانقة وقت وللانفصال عن المعانقة وقت. للكسب وقت وللخسارة وقت للصيانة وقت وللطرح وقت. للتمزيق وقت وللتخييط وقت للسكوت وقت وللتكلم وقت. للحب وقت وللبغضة وقت للحرب وقت وللصلح وقت. فأي منفعة لمن يتعب مما يتعب به. قد رأيت الشغل الذي أعطاه الله بني البشر ليشتغلوا به. صنع الكل حسناً في وقته وأيضاً جعل الأبدية في قلبهم التي بلاها لا يدرك الإنسان العمل الذي يعمله الله من البداية إلى النهاية.عرفت انه ليس لهم خير إلا أن يفرحوا ويفعلوا خيرا في حياتهم. وأيضاً أن يأكل كل إنسان ويشرب ويرى خيراً من كل تعبه فهو عطية الله. قد عرفت أن كل ما يعمله الله انه يكون إلى الأبد لا شيء يزاد عليه ولا شيء ينقص منه وأن الله عمله حتى يخافوا أمامه. ما كان فمن القدم هو وما يكون فمن القدم قد كان والله يطلب ما قد مضى.""
جامعة,3,7,"الإصحاح الثالث الآيات (1-15): ""لكل شيء زمان ولكل أمر تحت السماوات وقت. للولادة وقت وللموت وقت للغرس وقت ولقلع المغروس وقت. للقتل وقت وللشفاء وقت للهدم وقت وللبناء وقت. للبكاء وقت وللضحك وقت للنوح وقت وللرقص وقت. لتفريق الحجارة وقت ولجمع الحجارة وقت للمعانقة وقت وللانفصال عن المعانقة وقت. للكسب وقت وللخسارة وقت للصيانة وقت وللطرح وقت. للتمزيق وقت وللتخييط وقت للسكوت وقت وللتكلم وقت. للحب وقت وللبغضة وقت للحرب وقت وللصلح وقت. فأي منفعة لمن يتعب مما يتعب به. قد رأيت الشغل الذي أعطاه الله بني البشر ليشتغلوا به. صنع الكل حسناً في وقته وأيضاً جعل الأبدية في قلبهم التي بلاها لا يدرك الإنسان العمل الذي يعمله الله من البداية إلى النهاية.عرفت انه ليس لهم خير إلا أن يفرحوا ويفعلوا خيرا في حياتهم. وأيضاً أن يأكل كل إنسان ويشرب ويرى خيراً من كل تعبه فهو عطية الله. قد عرفت أن كل ما يعمله الله انه يكون إلى الأبد لا شيء يزاد عليه ولا شيء ينقص منه وأن الله عمله حتى يخافوا أمامه. ما كان فمن القدم هو وما يكون فمن القدم قد كان والله يطلب ما قد مضى.""
جامعة,3,8,"الإصحاح الثالث الآيات (1-15): ""لكل شيء زمان ولكل أمر تحت السماوات وقت. للولادة وقت وللموت وقت للغرس وقت ولقلع المغروس وقت. للقتل وقت وللشفاء وقت للهدم وقت وللبناء وقت. للبكاء وقت وللضحك وقت للنوح وقت وللرقص وقت. لتفريق الحجارة وقت ولجمع الحجارة وقت للمعانقة وقت وللانفصال عن المعانقة وقت. للكسب وقت وللخسارة وقت للصيانة وقت وللطرح وقت. للتمزيق وقت وللتخييط وقت للسكوت وقت وللتكلم وقت. للحب وقت وللبغضة وقت للحرب وقت وللصلح وقت. فأي منفعة لمن يتعب مما يتعب به. قد رأيت الشغل الذي أعطاه الله بني البشر ليشتغلوا به. صنع الكل حسناً في وقته وأيضاً جعل الأبدية في قلبهم التي بلاها لا يدرك الإنسان العمل الذي يعمله الله من البداية إلى النهاية.عرفت انه ليس لهم خير إلا أن يفرحوا ويفعلوا خيرا في حياتهم. وأيضاً أن يأكل كل إنسان ويشرب ويرى خيراً من كل تعبه فهو عطية الله. قد عرفت أن كل ما يعمله الله انه يكون إلى الأبد لا شيء يزاد عليه ولا شيء ينقص منه وأن الله عمله حتى يخافوا أمامه. ما كان فمن القدم هو وما يكون فمن القدم قد كان والله يطلب ما قد مضى.""
جامعة,3,9,"الإصحاح الثالث الآيات (1-15): ""لكل شيء زمان ولكل أمر تحت السماوات وقت. للولادة وقت وللموت وقت للغرس وقت ولقلع المغروس وقت. للقتل وقت وللشفاء وقت للهدم وقت وللبناء وقت. للبكاء وقت وللضحك وقت للنوح وقت وللرقص وقت. لتفريق الحجارة وقت ولجمع الحجارة وقت للمعانقة وقت وللانفصال عن المعانقة وقت. للكسب وقت وللخسارة وقت للصيانة وقت وللطرح وقت. للتمزيق وقت وللتخييط وقت للسكوت وقت وللتكلم وقت. للحب وقت وللبغضة وقت للحرب وقت وللصلح وقت. فأي منفعة لمن يتعب مما يتعب به. قد رأيت الشغل الذي أعطاه الله بني البشر ليشتغلوا به. صنع الكل حسناً في وقته وأيضاً جعل الأبدية في قلبهم التي بلاها لا يدرك الإنسان العمل الذي يعمله الله من البداية إلى النهاية.عرفت انه ليس لهم خير إلا أن يفرحوا ويفعلوا خيرا في حياتهم. وأيضاً أن يأكل كل إنسان ويشرب ويرى خيراً من كل تعبه فهو عطية الله. قد عرفت أن كل ما يعمله الله انه يكون إلى الأبد لا شيء يزاد عليه ولا شيء ينقص منه وأن الله عمله حتى يخافوا أمامه. ما كان فمن القدم هو وما يكون فمن القدم قد كان والله يطلب ما قد مضى.""
جامعة,3,10,"الإصحاح الثالث الآيات (1-15): ""لكل شيء زمان ولكل أمر تحت السماوات وقت. للولادة وقت وللموت وقت للغرس وقت ولقلع المغروس وقت. للقتل وقت وللشفاء وقت للهدم وقت وللبناء وقت. للبكاء وقت وللضحك وقت للنوح وقت وللرقص وقت. لتفريق الحجارة وقت ولجمع الحجارة وقت للمعانقة وقت وللانفصال عن المعانقة وقت. للكسب وقت وللخسارة وقت للصيانة وقت وللطرح وقت. للتمزيق وقت وللتخييط وقت للسكوت وقت وللتكلم وقت. للحب وقت وللبغضة وقت للحرب وقت وللصلح وقت. فأي منفعة لمن يتعب مما يتعب به. قد رأيت الشغل الذي أعطاه الله بني البشر ليشتغلوا به. صنع الكل حسناً في وقته وأيضاً جعل الأبدية في قلبهم التي بلاها لا يدرك الإنسان العمل الذي يعمله الله من البداية إلى النهاية.عرفت انه ليس لهم خير إلا أن يفرحوا ويفعلوا خيرا في حياتهم. وأيضاً أن يأكل كل إنسان ويشرب ويرى خيراً من كل تعبه فهو عطية الله. قد عرفت أن كل ما يعمله الله انه يكون إلى الأبد لا شيء يزاد عليه ولا شيء ينقص منه وأن الله عمله حتى يخافوا أمامه. ما كان فمن القدم هو وما يكون فمن القدم قد كان والله يطلب ما قد مضى.""
جامعة,3,11,"الإصحاح الثالث الآيات (1-15): ""لكل شيء زمان ولكل أمر تحت السماوات وقت. للولادة وقت وللموت وقت للغرس وقت ولقلع المغروس وقت. للقتل وقت وللشفاء وقت للهدم وقت وللبناء وقت. للبكاء وقت وللضحك وقت للنوح وقت وللرقص وقت. لتفريق الحجارة وقت ولجمع الحجارة وقت للمعانقة وقت وللانفصال عن المعانقة وقت. للكسب وقت وللخسارة وقت للصيانة وقت وللطرح وقت. للتمزيق وقت وللتخييط وقت للسكوت وقت وللتكلم وقت. للحب وقت وللبغضة وقت للحرب وقت وللصلح وقت. فأي منفعة لمن يتعب مما يتعب به. قد رأيت الشغل الذي أعطاه الله بني البشر ليشتغلوا به. صنع الكل حسناً في وقته وأيضاً جعل الأبدية في قلبهم التي بلاها لا يدرك الإنسان العمل الذي يعمله الله من البداية إلى النهاية.عرفت انه ليس لهم خير إلا أن يفرحوا ويفعلوا خيرا في حياتهم. وأيضاً أن يأكل كل إنسان ويشرب ويرى خيراً من كل تعبه فهو عطية الله. قد عرفت أن كل ما يعمله الله انه يكون إلى الأبد لا شيء يزاد عليه ولا شيء ينقص منه وأن الله عمله حتى يخافوا أمامه. ما كان فمن القدم هو وما يكون فمن القدم قد كان والله يطلب ما قد مضى.""
جامعة,3,12,"الإصحاح الثالث الآيات (1-15): ""لكل شيء زمان ولكل أمر تحت السماوات وقت. للولادة وقت وللموت وقت للغرس وقت ولقلع المغروس وقت. للقتل وقت وللشفاء وقت للهدم وقت وللبناء وقت. للبكاء وقت وللضحك وقت للنوح وقت وللرقص وقت. لتفريق الحجارة وقت ولجمع الحجارة وقت للمعانقة وقت وللانفصال عن المعانقة وقت. للكسب وقت وللخسارة وقت للصيانة وقت وللطرح وقت. للتمزيق وقت وللتخييط وقت للسكوت وقت وللتكلم وقت. للحب وقت وللبغضة وقت للحرب وقت وللصلح وقت. فأي منفعة لمن يتعب مما يتعب به. قد رأيت الشغل الذي أعطاه الله بني البشر ليشتغلوا به. صنع الكل حسناً في وقته وأيضاً جعل الأبدية في قلبهم التي بلاها لا يدرك الإنسان العمل الذي يعمله الله من البداية إلى النهاية.عرفت انه ليس لهم خير إلا أن يفرحوا ويفعلوا خيرا في حياتهم. وأيضاً أن يأكل كل إنسان ويشرب ويرى خيراً من كل تعبه فهو عطية الله. قد عرفت أن كل ما يعمله الله انه يكون إلى الأبد لا شيء يزاد عليه ولا شيء ينقص منه وأن الله عمله حتى يخافوا أمامه. ما كان فمن القدم هو وما يكون فمن القدم قد كان والله يطلب ما قد مضى.""
جامعة,3,13,"الإصحاح الثالث الآيات (1-15): ""لكل شيء زمان ولكل أمر تحت السماوات وقت. للولادة وقت وللموت وقت للغرس وقت ولقلع المغروس وقت. للقتل وقت وللشفاء وقت للهدم وقت وللبناء وقت. للبكاء وقت وللضحك وقت للنوح وقت وللرقص وقت. لتفريق الحجارة وقت ولجمع الحجارة وقت للمعانقة وقت وللانفصال عن المعانقة وقت. للكسب وقت وللخسارة وقت للصيانة وقت وللطرح وقت. للتمزيق وقت وللتخييط وقت للسكوت وقت وللتكلم وقت. للحب وقت وللبغضة وقت للحرب وقت وللصلح وقت. فأي منفعة لمن يتعب مما يتعب به. قد رأيت الشغل الذي أعطاه الله بني البشر ليشتغلوا به. صنع الكل حسناً في وقته وأيضاً جعل الأبدية في قلبهم التي بلاها لا يدرك الإنسان العمل الذي يعمله الله من البداية إلى النهاية.عرفت انه ليس لهم خير إلا أن يفرحوا ويفعلوا خيرا في حياتهم. وأيضاً أن يأكل كل إنسان ويشرب ويرى خيراً من كل تعبه فهو عطية الله. قد عرفت أن كل ما يعمله الله انه يكون إلى الأبد لا شيء يزاد عليه ولا شيء ينقص منه وأن الله عمله حتى يخافوا أمامه. ما كان فمن القدم هو وما يكون فمن القدم قد كان والله يطلب ما قد مضى.""
جامعة,3,14,"الإصحاح الثالث الآيات (1-15): ""لكل شيء زمان ولكل أمر تحت السماوات وقت. للولادة وقت وللموت وقت للغرس وقت ولقلع المغروس وقت. للقتل وقت وللشفاء وقت للهدم وقت وللبناء وقت. للبكاء وقت وللضحك وقت للنوح وقت وللرقص وقت. لتفريق الحجارة وقت ولجمع الحجارة وقت للمعانقة وقت وللانفصال عن المعانقة وقت. للكسب وقت وللخسارة وقت للصيانة وقت وللطرح وقت. للتمزيق وقت وللتخييط وقت للسكوت وقت وللتكلم وقت. للحب وقت وللبغضة وقت للحرب وقت وللصلح وقت. فأي منفعة لمن يتعب مما يتعب به. قد رأيت الشغل الذي أعطاه الله بني البشر ليشتغلوا به. صنع الكل حسناً في وقته وأيضاً جعل الأبدية في قلبهم التي بلاها لا يدرك الإنسان العمل الذي يعمله الله من البداية إلى النهاية.عرفت انه ليس لهم خير إلا أن يفرحوا ويفعلوا خيرا في حياتهم. وأيضاً أن يأكل كل إنسان ويشرب ويرى خيراً من كل تعبه فهو عطية الله. قد عرفت أن كل ما يعمله الله انه يكون إلى الأبد لا شيء يزاد عليه ولا شيء ينقص منه وأن الله عمله حتى يخافوا أمامه. ما كان فمن القدم هو وما يكون فمن القدم قد كان والله يطلب ما قد مضى.""
جامعة,3,15,"الإصحاح الثالث الآيات (1-15): ""لكل شيء زمان ولكل أمر تحت السماوات وقت. للولادة وقت وللموت وقت للغرس وقت ولقلع المغروس وقت. للقتل وقت وللشفاء وقت للهدم وقت وللبناء وقت. للبكاء وقت وللضحك وقت للنوح وقت وللرقص وقت. لتفريق الحجارة وقت ولجمع الحجارة وقت للمعانقة وقت وللانفصال عن المعانقة وقت. للكسب وقت وللخسارة وقت للصيانة وقت وللطرح وقت. للتمزيق وقت وللتخييط وقت للسكوت وقت وللتكلم وقت. للحب وقت وللبغضة وقت للحرب وقت وللصلح وقت. فأي منفعة لمن يتعب مما يتعب به. قد رأيت الشغل الذي أعطاه الله بني البشر ليشتغلوا به. صنع الكل حسناً في وقته وأيضاً جعل الأبدية في قلبهم التي بلاها لا يدرك الإنسان العمل الذي يعمله الله من البداية إلى النهاية.عرفت انه ليس لهم خير إلا أن يفرحوا ويفعلوا خيرا في حياتهم. وأيضاً أن يأكل كل إنسان ويشرب ويرى خيراً من كل تعبه فهو عطية الله. قد عرفت أن كل ما يعمله الله انه يكون إلى الأبد لا شيء يزاد عليه ولا شيء ينقص منه وأن الله عمله حتى يخافوا أمامه. ما كان فمن القدم هو وما يكون فمن القدم قد كان والله يطلب ما قد مضى.""
جامعة,3,16,"الإصحاح الثالث الآيات (1-15): ""لكل شيء زمان ولكل أمر تحت السماوات وقت. للولادة وقت وللموت وقت للغرس وقت ولقلع المغروس وقت. للقتل وقت وللشفاء وقت للهدم وقت وللبناء وقت. للبكاء وقت وللضحك وقت للنوح وقت وللرقص وقت. لتفريق الحجارة وقت ولجمع الحجارة وقت للمعانقة وقت وللانفصال عن المعانقة وقت. للكسب وقت وللخسارة وقت للصيانة وقت وللطرح وقت. للتمزيق وقت وللتخييط وقت للسكوت وقت وللتكلم وقت. للحب وقت وللبغضة وقت للحرب وقت وللصلح وقت. فأي منفعة لمن يتعب مما يتعب به. قد رأيت الشغل الذي أعطاه الله بني البشر ليشتغلوا به. صنع الكل حسناً في وقته وأيضاً جعل الأبدية في قلبهم التي بلاها لا يدرك الإنسان العمل الذي يعمله الله من البداية إلى النهاية.عرفت انه ليس لهم خير إلا أن يفرحوا ويفعلوا خيرا في حياتهم. وأيضاً أن يأكل كل إنسان ويشرب ويرى خيراً من كل تعبه فهو عطية الله. قد عرفت أن كل ما يعمله الله انه يكون إلى الأبد لا شيء يزاد عليه ولا شيء ينقص منه وأن الله عمله حتى يخافوا أمامه. ما كان فمن القدم هو وما يكون فمن القدم قد كان والله يطلب ما قد مضى.""
جامعة,3,17,"الإصحاح الثالث الآيات (1-15): ""لكل شيء زمان ولكل أمر تحت السماوات وقت. للولادة وقت وللموت وقت للغرس وقت ولقلع المغروس وقت. للقتل وقت وللشفاء وقت للهدم وقت وللبناء وقت. للبكاء وقت وللضحك وقت للنوح وقت وللرقص وقت. لتفريق الحجارة وقت ولجمع الحجارة وقت للمعانقة وقت وللانفصال عن المعانقة وقت. للكسب وقت وللخسارة وقت للصيانة وقت وللطرح وقت. للتمزيق وقت وللتخييط وقت للسكوت وقت وللتكلم وقت. للحب وقت وللبغضة وقت للحرب وقت وللصلح وقت. فأي منفعة لمن يتعب مما يتعب به. قد رأيت الشغل الذي أعطاه الله بني البشر ليشتغلوا به. صنع الكل حسناً في وقته وأيضاً جعل الأبدية في قلبهم التي بلاها لا يدرك الإنسان العمل الذي يعمله الله من البداية إلى النهاية.عرفت انه ليس لهم خير إلا أن يفرحوا ويفعلوا خيرا في حياتهم. وأيضاً أن يأكل كل إنسان ويشرب ويرى خيراً من كل تعبه فهو عطية الله. قد عرفت أن كل ما يعمله الله انه يكون إلى الأبد لا شيء يزاد عليه ولا شيء ينقص منه وأن الله عمله حتى يخافوا أمامه. ما كان فمن القدم هو وما يكون فمن القدم قد كان والله يطلب ما قد مضى.""
جامعة,3,18,"الإصحاح الثالث الآيات (1-15): ""لكل شيء زمان ولكل أمر تحت السماوات وقت. للولادة وقت وللموت وقت للغرس وقت ولقلع المغروس وقت. للقتل وقت وللشفاء وقت للهدم وقت وللبناء وقت. للبكاء وقت وللضحك وقت للنوح وقت وللرقص وقت. لتفريق الحجارة وقت ولجمع الحجارة وقت للمعانقة وقت وللانفصال عن المعانقة وقت. للكسب وقت وللخسارة وقت للصيانة وقت وللطرح وقت. للتمزيق وقت وللتخييط وقت للسكوت وقت وللتكلم وقت. للحب وقت وللبغضة وقت للحرب وقت وللصلح وقت. فأي منفعة لمن يتعب مما يتعب به. قد رأيت الشغل الذي أعطاه الله بني البشر ليشتغلوا به. صنع الكل حسناً في وقته وأيضاً جعل الأبدية في قلبهم التي بلاها لا يدرك الإنسان العمل الذي يعمله الله من البداية إلى النهاية.عرفت انه ليس لهم خير إلا أن يفرحوا ويفعلوا خيرا في حياتهم. وأيضاً أن يأكل كل إنسان ويشرب ويرى خيراً من كل تعبه فهو عطية الله. قد عرفت أن كل ما يعمله الله انه يكون إلى الأبد لا شيء يزاد عليه ولا شيء ينقص منه وأن الله عمله حتى يخافوا أمامه. ما كان فمن القدم هو وما يكون فمن القدم قد كان والله يطلب ما قد مضى.""
جامعة,3,19,"الإصحاح الثالث الآيات (1-15): ""لكل شيء زمان ولكل أمر تحت السماوات وقت. للولادة وقت وللموت وقت للغرس وقت ولقلع المغروس وقت. للقتل وقت وللشفاء وقت للهدم وقت وللبناء وقت. للبكاء وقت وللضحك وقت للنوح وقت وللرقص وقت. لتفريق الحجارة وقت ولجمع الحجارة وقت للمعانقة وقت وللانفصال عن المعانقة وقت. للكسب وقت وللخسارة وقت للصيانة وقت وللطرح وقت. للتمزيق وقت وللتخييط وقت للسكوت وقت وللتكلم وقت. للحب وقت وللبغضة وقت للحرب وقت وللصلح وقت. فأي منفعة لمن يتعب مما يتعب به. قد رأيت الشغل الذي أعطاه الله بني البشر ليشتغلوا به. صنع الكل حسناً في وقته وأيضاً جعل الأبدية في قلبهم التي بلاها لا يدرك الإنسان العمل الذي يعمله الله من البداية إلى النهاية.عرفت انه ليس لهم خير إلا أن يفرحوا ويفعلوا خيرا في حياتهم. وأيضاً أن يأكل كل إنسان ويشرب ويرى خيراً من كل تعبه فهو عطية الله. قد عرفت أن كل ما يعمله الله انه يكون إلى الأبد لا شيء يزاد عليه ولا شيء ينقص منه وأن الله عمله حتى يخافوا أمامه. ما كان فمن القدم هو وما يكون فمن القدم قد كان والله يطلب ما قد مضى.""
جامعة,3,20,"الإصحاح الثالث الآيات (1-15): ""لكل شيء زمان ولكل أمر تحت السماوات وقت. للولادة وقت وللموت وقت للغرس وقت ولقلع المغروس وقت. للقتل وقت وللشفاء وقت للهدم وقت وللبناء وقت. للبكاء وقت وللضحك وقت للنوح وقت وللرقص وقت. لتفريق الحجارة وقت ولجمع الحجارة وقت للمعانقة وقت وللانفصال عن المعانقة وقت. للكسب وقت وللخسارة وقت للصيانة وقت وللطرح وقت. للتمزيق وقت وللتخييط وقت للسكوت وقت وللتكلم وقت. للحب وقت وللبغضة وقت للحرب وقت وللصلح وقت. فأي منفعة لمن يتعب مما يتعب به. قد رأيت الشغل الذي أعطاه الله بني البشر ليشتغلوا به. صنع الكل حسناً في وقته وأيضاً جعل الأبدية في قلبهم التي بلاها لا يدرك الإنسان العمل الذي يعمله الله من البداية إلى النهاية.عرفت انه ليس لهم خير إلا أن يفرحوا ويفعلوا خيرا في حياتهم. وأيضاً أن يأكل كل إنسان ويشرب ويرى خيراً من كل تعبه فهو عطية الله. قد عرفت أن كل ما يعمله الله انه يكون إلى الأبد لا شيء يزاد عليه ولا شيء ينقص منه وأن الله عمله حتى يخافوا أمامه. ما كان فمن القدم هو وما يكون فمن القدم قد كان والله يطلب ما قد مضى.""
جامعة,3,21,"الإصحاح الثالث الآيات (1-15): ""لكل شيء زمان ولكل أمر تحت السماوات وقت. للولادة وقت وللموت وقت للغرس وقت ولقلع المغروس وقت. للقتل وقت وللشفاء وقت للهدم وقت وللبناء وقت. للبكاء وقت وللضحك وقت للنوح وقت وللرقص وقت. لتفريق الحجارة وقت ولجمع الحجارة وقت للمعانقة وقت وللانفصال عن المعانقة وقت. للكسب وقت وللخسارة وقت للصيانة وقت وللطرح وقت. للتمزيق وقت وللتخييط وقت للسكوت وقت وللتكلم وقت. للحب وقت وللبغضة وقت للحرب وقت وللصلح وقت. فأي منفعة لمن يتعب مما يتعب به. قد رأيت الشغل الذي أعطاه الله بني البشر ليشتغلوا به. صنع الكل حسناً في وقته وأيضاً جعل الأبدية في قلبهم التي بلاها لا يدرك الإنسان العمل الذي يعمله الله من البداية إلى النهاية.عرفت انه ليس لهم خير إلا أن يفرحوا ويفعلوا خيرا في حياتهم. وأيضاً أن يأكل كل إنسان ويشرب ويرى خيراً من كل تعبه فهو عطية الله. قد عرفت أن كل ما يعمله الله انه يكون إلى الأبد لا شيء يزاد عليه ولا شيء ينقص منه وأن الله عمله حتى يخافوا أمامه. ما كان فمن القدم هو وما يكون فمن القدم قد كان والله يطلب ما قد مضى.""
جامعة,3,22,"الإصحاح الثالث الآيات (1-15): ""لكل شيء زمان ولكل أمر تحت السماوات وقت. للولادة وقت وللموت وقت للغرس وقت ولقلع المغروس وقت. للقتل وقت وللشفاء وقت للهدم وقت وللبناء وقت. للبكاء وقت وللضحك وقت للنوح وقت وللرقص وقت. لتفريق الحجارة وقت ولجمع الحجارة وقت للمعانقة وقت وللانفصال عن المعانقة وقت. للكسب وقت وللخسارة وقت للصيانة وقت وللطرح وقت. للتمزيق وقت وللتخييط وقت للسكوت وقت وللتكلم وقت. للحب وقت وللبغضة وقت للحرب وقت وللصلح وقت. فأي منفعة لمن يتعب مما يتعب به. قد رأيت الشغل الذي أعطاه الله بني البشر ليشتغلوا به. صنع الكل حسناً في وقته وأيضاً جعل الأبدية في قلبهم التي بلاها لا يدرك الإنسان العمل الذي يعمله الله من البداية إلى النهاية.عرفت انه ليس لهم خير إلا أن يفرحوا ويفعلوا خيرا في حياتهم. وأيضاً أن يأكل كل إنسان ويشرب ويرى خيراً من كل تعبه فهو عطية الله. قد عرفت أن كل ما يعمله الله انه يكون إلى الأبد لا شيء يزاد عليه ولا شيء ينقص منه وأن الله عمله حتى يخافوا أمامه. ما كان فمن القدم هو وما يكون فمن القدم قد كان والله يطلب ما قد مضى.""
جامعة,3,23,"الإصحاح الثالث الآيات (1-15): ""لكل شيء زمان ولكل أمر تحت السماوات وقت. للولادة وقت وللموت وقت للغرس وقت ولقلع المغروس وقت. للقتل وقت وللشفاء وقت للهدم وقت وللبناء وقت. للبكاء وقت وللضحك وقت للنوح وقت وللرقص وقت. لتفريق الحجارة وقت ولجمع الحجارة وقت للمعانقة وقت وللانفصال عن المعانقة وقت. للكسب وقت وللخسارة وقت للصيانة وقت وللطرح وقت. للتمزيق وقت وللتخييط وقت للسكوت وقت وللتكلم وقت. للحب وقت وللبغضة وقت للحرب وقت وللصلح وقت. فأي منفعة لمن يتعب مما يتعب به. قد رأيت الشغل الذي أعطاه الله بني البشر ليشتغلوا به. صنع الكل حسناً في وقته وأيضاً جعل الأبدية في قلبهم التي بلاها لا يدرك الإنسان العمل الذي يعمله الله من البداية إلى النهاية.عرفت انه ليس لهم خير إلا أن يفرحوا ويفعلوا خيرا في حياتهم. وأيضاً أن يأكل كل إنسان ويشرب ويرى خيراً من كل تعبه فهو عطية الله. قد عرفت أن كل ما يعمله الله انه يكون إلى الأبد لا شيء يزاد عليه ولا شيء ينقص منه وأن الله عمله حتى يخافوا أمامه. ما كان فمن القدم هو وما يكون فمن القدم قد كان والله يطلب ما قد مضى.""
جامعة,3,24,"الإصحاح الثالث الآيات (1-15): ""لكل شيء زمان ولكل أمر تحت السماوات وقت. للولادة وقت وللموت وقت للغرس وقت ولقلع المغروس وقت. للقتل وقت وللشفاء وقت للهدم وقت وللبناء وقت. للبكاء وقت وللضحك وقت للنوح وقت وللرقص وقت. لتفريق الحجارة وقت ولجمع الحجارة وقت للمعانقة وقت وللانفصال عن المعانقة وقت. للكسب وقت وللخسارة وقت للصيانة وقت وللطرح وقت. للتمزيق وقت وللتخييط وقت للسكوت وقت وللتكلم وقت. للحب وقت وللبغضة وقت للحرب وقت وللصلح وقت. فأي منفعة لمن يتعب مما يتعب به. قد رأيت الشغل الذي أعطاه الله بني البشر ليشتغلوا به. صنع الكل حسناً في وقته وأيضاً جعل الأبدية في قلبهم التي بلاها لا يدرك الإنسان العمل الذي يعمله الله من البداية إلى النهاية.عرفت انه ليس لهم خير إلا أن يفرحوا ويفعلوا خيرا في حياتهم. وأيضاً أن يأكل كل إنسان ويشرب ويرى خيراً من كل تعبه فهو عطية الله. قد عرفت أن كل ما يعمله الله انه يكون إلى الأبد لا شيء يزاد عليه ولا شيء ينقص منه وأن الله عمله حتى يخافوا أمامه. ما كان فمن القدم هو وما يكون فمن القدم قد كان والله يطلب ما قد مضى.""
جامعة,3,25,"الإصحاح الثالث الآيات (1-15): ""لكل شيء زمان ولكل أمر تحت السماوات وقت. للولادة وقت وللموت وقت للغرس وقت ولقلع المغروس وقت. للقتل وقت وللشفاء وقت للهدم وقت وللبناء وقت. للبكاء وقت وللضحك وقت للنوح وقت وللرقص وقت. لتفريق الحجارة وقت ولجمع الحجارة وقت للمعانقة وقت وللانفصال عن المعانقة وقت. للكسب وقت وللخسارة وقت للصيانة وقت وللطرح وقت. للتمزيق وقت وللتخييط وقت للسكوت وقت وللتكلم وقت. للحب وقت وللبغضة وقت للحرب وقت وللصلح وقت. فأي منفعة لمن يتعب مما يتعب به. قد رأيت الشغل الذي أعطاه الله بني البشر ليشتغلوا به. صنع الكل حسناً في وقته وأيضاً جعل الأبدية في قلبهم التي بلاها لا يدرك الإنسان العمل الذي يعمله الله من البداية إلى النهاية.عرفت انه ليس لهم خير إلا أن يفرحوا ويفعلوا خيرا في حياتهم. وأيضاً أن يأكل كل إنسان ويشرب ويرى خيراً من كل تعبه فهو عطية الله. قد عرفت أن كل ما يعمله الله انه يكون إلى الأبد لا شيء يزاد عليه ولا شيء ينقص منه وأن الله عمله حتى يخافوا أمامه. ما كان فمن القدم هو وما يكون فمن القدم قد كان والله يطلب ما قد مضى.""
جامعة,3,26,"الإصحاح الثالث الآيات (1-15): ""لكل شيء زمان ولكل أمر تحت السماوات وقت. للولادة وقت وللموت وقت للغرس وقت ولقلع المغروس وقت. للقتل وقت وللشفاء وقت للهدم وقت وللبناء وقت. للبكاء وقت وللضحك وقت للنوح وقت وللرقص وقت. لتفريق الحجارة وقت ولجمع الحجارة وقت للمعانقة وقت وللانفصال عن المعانقة وقت. للكسب وقت وللخسارة وقت للصيانة وقت وللطرح وقت. للتمزيق وقت وللتخييط وقت للسكوت وقت وللتكلم وقت. للحب وقت وللبغضة وقت للحرب وقت وللصلح وقت. فأي منفعة لمن يتعب مما يتعب به. قد رأيت الشغل الذي أعطاه الله بني البشر ليشتغلوا به. صنع الكل حسناً في وقته وأيضاً جعل الأبدية في قلبهم التي بلاها لا يدرك الإنسان العمل الذي يعمله الله من البداية إلى النهاية.عرفت انه ليس لهم خير إلا أن يفرحوا ويفعلوا خيرا في حياتهم. وأيضاً أن يأكل كل إنسان ويشرب ويرى خيراً من كل تعبه فهو عطية الله. قد عرفت أن كل ما يعمله الله انه يكون إلى الأبد لا شيء يزاد عليه ولا شيء ينقص منه وأن الله عمله حتى يخافوا أمامه. ما كان فمن القدم هو وما يكون فمن القدم قد كان والله يطلب ما قد مضى.""
جامعة,3,27,"الإصحاح الثالث الآيات (1-15): ""لكل شيء زمان ولكل أمر تحت السماوات وقت. للولادة وقت وللموت وقت للغرس وقت ولقلع المغروس وقت. للقتل وقت وللشفاء وقت للهدم وقت وللبناء وقت. للبكاء وقت وللضحك وقت للنوح وقت وللرقص وقت. لتفريق الحجارة وقت ولجمع الحجارة وقت للمعانقة وقت وللانفصال عن المعانقة وقت. للكسب وقت وللخسارة وقت للصيانة وقت وللطرح وقت. للتمزيق وقت وللتخييط وقت للسكوت وقت وللتكلم وقت. للحب وقت وللبغضة وقت للحرب وقت وللصلح وقت. فأي منفعة لمن يتعب مما يتعب به. قد رأيت الشغل الذي أعطاه الله بني البشر ليشتغلوا به. صنع الكل حسناً في وقته وأيضاً جعل الأبدية في قلبهم التي بلاها لا يدرك الإنسان العمل الذي يعمله الله من البداية إلى النهاية.عرفت انه ليس لهم خير إلا أن يفرحوا ويفعلوا خيرا في حياتهم. وأيضاً أن يأكل كل إنسان ويشرب ويرى خيراً من كل تعبه فهو عطية الله. قد عرفت أن كل ما يعمله الله انه يكون إلى الأبد لا شيء يزاد عليه ولا شيء ينقص منه وأن الله عمله حتى يخافوا أمامه. ما كان فمن القدم هو وما يكون فمن القدم قد كان والله يطلب ما قد مضى.""
جامعة,3,28,"الإصحاح الثالث الآيات (1-15): ""لكل شيء زمان ولكل أمر تحت السماوات وقت. للولادة وقت وللموت وقت للغرس وقت ولقلع المغروس وقت. للقتل وقت وللشفاء وقت للهدم وقت وللبناء وقت. للبكاء وقت وللضحك وقت للنوح وقت وللرقص وقت. لتفريق الحجارة وقت ولجمع الحجارة وقت للمعانقة وقت وللانفصال عن المعانقة وقت. للكسب وقت وللخسارة وقت للصيانة وقت وللطرح وقت. للتمزيق وقت وللتخييط وقت للسكوت وقت وللتكلم وقت. للحب وقت وللبغضة وقت للحرب وقت وللصلح وقت. فأي منفعة لمن يتعب مما يتعب به. قد رأيت الشغل الذي أعطاه الله بني البشر ليشتغلوا به. صنع الكل حسناً في وقته وأيضاً جعل الأبدية في قلبهم التي بلاها لا يدرك الإنسان العمل الذي يعمله الله من البداية إلى النهاية.عرفت انه ليس لهم خير إلا أن يفرحوا ويفعلوا خيرا في حياتهم. وأيضاً أن يأكل كل إنسان ويشرب ويرى خيراً من كل تعبه فهو عطية الله. قد عرفت أن كل ما يعمله الله انه يكون إلى الأبد لا شيء يزاد عليه ولا شيء ينقص منه وأن الله عمله حتى يخافوا أمامه. ما كان فمن القدم هو وما يكون فمن القدم قد كان والله يطلب ما قد مضى.""
جامعة,3,29,"الإصحاح الثالث الآيات (1-15): ""لكل شيء زمان ولكل أمر تحت السماوات وقت. للولادة وقت وللموت وقت للغرس وقت ولقلع المغروس وقت. للقتل وقت وللشفاء وقت للهدم وقت وللبناء وقت. للبكاء وقت وللضحك وقت للنوح وقت وللرقص وقت. لتفريق الحجارة وقت ولجمع الحجارة وقت للمعانقة وقت وللانفصال عن المعانقة وقت. للكسب وقت وللخسارة وقت للصيانة وقت وللطرح وقت. للتمزيق وقت وللتخييط وقت للسكوت وقت وللتكلم وقت. للحب وقت وللبغضة وقت للحرب وقت وللصلح وقت. فأي منفعة لمن يتعب مما يتعب به. قد رأيت الشغل الذي أعطاه الله بني البشر ليشتغلوا به. صنع الكل حسناً في وقته وأيضاً جعل الأبدية في قلبهم التي بلاها لا يدرك الإنسان العمل الذي يعمله الله من البداية إلى النهاية.عرفت انه ليس لهم خير إلا أن يفرحوا ويفعلوا خيرا في حياتهم. وأيضاً أن يأكل كل إنسان ويشرب ويرى خيراً من كل تعبه فهو عطية الله. قد عرفت أن كل ما يعمله الله انه يكون إلى الأبد لا شيء يزاد عليه ولا شيء ينقص منه وأن الله عمله حتى يخافوا أمامه. ما كان فمن القدم هو وما يكون فمن القدم قد كان والله يطلب ما قد مضى.""
جامعة,3,30,"الإصحاح الثالث الآيات (1-15): ""لكل شيء زمان ولكل أمر تحت السماوات وقت. للولادة وقت وللموت وقت للغرس وقت ولقلع المغروس وقت. للقتل وقت وللشفاء وقت للهدم وقت وللبناء وقت. للبكاء وقت وللضحك وقت للنوح وقت وللرقص وقت. لتفريق الحجارة وقت ولجمع الحجارة وقت للمعانقة وقت وللانفصال عن المعانقة وقت. للكسب وقت وللخسارة وقت للصيانة وقت وللطرح وقت. للتمزيق وقت وللتخييط وقت للسكوت وقت وللتكلم وقت. للحب وقت وللبغضة وقت للحرب وقت وللصلح وقت. فأي منفعة لمن يتعب مما يتعب به. قد رأيت الشغل الذي أعطاه الله بني البشر ليشتغلوا به. صنع الكل حسناً في وقته وأيضاً جعل الأبدية في قلبهم التي بلاها لا يدرك الإنسان العمل الذي يعمله الله من البداية إلى النهاية.عرفت انه ليس لهم خير إلا أن يفرحوا ويفعلوا خيرا في حياتهم. وأيضاً أن يأكل كل إنسان ويشرب ويرى خيراً من كل تعبه فهو عطية الله. قد عرفت أن كل ما يعمله الله انه يكون إلى الأبد لا شيء يزاد عليه ولا شيء ينقص منه وأن الله عمله حتى يخافوا أمامه. ما كان فمن القدم هو وما يكون فمن القدم قد كان والله يطلب ما قد مضى.""
جامعة,3,31,"الإصحاح الثالث الآيات (1-15): ""لكل شيء زمان ولكل أمر تحت السماوات وقت. للولادة وقت وللموت وقت للغرس وقت ولقلع المغروس وقت. للقتل وقت وللشفاء وقت للهدم وقت وللبناء وقت. للبكاء وقت وللضحك وقت للنوح وقت وللرقص وقت. لتفريق الحجارة وقت ولجمع الحجارة وقت للمعانقة وقت وللانفصال عن المعانقة وقت. للكسب وقت وللخسارة وقت للصيانة وقت وللطرح وقت. للتمزيق وقت وللتخييط وقت للسكوت وقت وللتكلم وقت. للحب وقت وللبغضة وقت للحرب وقت وللصلح وقت. فأي منفعة لمن يتعب مما يتعب به. قد رأيت الشغل الذي أعطاه الله بني البشر ليشتغلوا به. صنع الكل حسناً في وقته وأيضاً جعل الأبدية في قلبهم التي بلاها لا يدرك الإنسان العمل الذي يعمله الله من البداية إلى النهاية.عرفت انه ليس لهم خير إلا أن يفرحوا ويفعلوا خيرا في حياتهم. وأيضاً أن يأكل كل إنسان ويشرب ويرى خيراً من كل تعبه فهو عطية الله. قد عرفت أن كل ما يعمله الله انه يكون إلى الأبد لا شيء يزاد عليه ولا شيء ينقص منه وأن الله عمله حتى يخافوا أمامه. ما كان فمن القدم هو وما يكون فمن القدم قد كان والله يطلب ما قد مضى.""
جامعة,3,32,"الإصحاح الثالث الآيات (1-15): ""لكل شيء زمان ولكل أمر تحت السماوات وقت. للولادة وقت وللموت وقت للغرس وقت ولقلع المغروس وقت. للقتل وقت وللشفاء وقت للهدم وقت وللبناء وقت. للبكاء وقت وللضحك وقت للنوح وقت وللرقص وقت. لتفريق الحجارة وقت ولجمع الحجارة وقت للمعانقة وقت وللانفصال عن المعانقة وقت. للكسب وقت وللخسارة وقت للصيانة وقت وللطرح وقت. للتمزيق وقت وللتخييط وقت للسكوت وقت وللتكلم وقت. للحب وقت وللبغضة وقت للحرب وقت وللصلح وقت. فأي منفعة لمن يتعب مما يتعب به. قد رأيت الشغل الذي أعطاه الله بني البشر ليشتغلوا به. صنع الكل حسناً في وقته وأيضاً جعل الأبدية في قلبهم التي بلاها لا يدرك الإنسان العمل الذي يعمله الله من البداية إلى النهاية.عرفت انه ليس لهم خير إلا أن يفرحوا ويفعلوا خيرا في حياتهم. وأيضاً أن يأكل كل إنسان ويشرب ويرى خيراً من كل تعبه فهو عطية الله. قد عرفت أن كل ما يعمله الله انه يكون إلى الأبد لا شيء يزاد عليه ولا شيء ينقص منه وأن الله عمله حتى يخافوا أمامه. ما كان فمن القدم هو وما يكون فمن القدم قد كان والله يطلب ما قد مضى.""
جامعة,3,33,"الإصحاح الثالث الآيات (1-15): ""لكل شيء زمان ولكل أمر تحت السماوات وقت. للولادة وقت وللموت وقت للغرس وقت ولقلع المغروس وقت. للقتل وقت وللشفاء وقت للهدم وقت وللبناء وقت. للبكاء وقت وللضحك وقت للنوح وقت وللرقص وقت. لتفريق الحجارة وقت ولجمع الحجارة وقت للمعانقة وقت وللانفصال عن المعانقة وقت. للكسب وقت وللخسارة وقت للصيانة وقت وللطرح وقت. للتمزيق وقت وللتخييط وقت للسكوت وقت وللتكلم وقت. للحب وقت وللبغضة وقت للحرب وقت وللصلح وقت. فأي منفعة لمن يتعب مما يتعب به. قد رأيت الشغل الذي أعطاه الله بني البشر ليشتغلوا به. صنع الكل حسناً في وقته وأيضاً جعل الأبدية في قلبهم التي بلاها لا يدرك الإنسان العمل الذي يعمله الله من البداية إلى النهاية.عرفت انه ليس لهم خير إلا أن يفرحوا ويفعلوا خيرا في حياتهم. وأيضاً أن يأكل كل إنسان ويشرب ويرى خيراً من كل تعبه فهو عطية الله. قد عرفت أن كل ما يعمله الله انه يكون إلى الأبد لا شيء يزاد عليه ولا شيء ينقص منه وأن الله عمله حتى يخافوا أمامه. ما كان فمن القدم هو وما يكون فمن القدم قد كان والله يطلب ما قد مضى.""
جامعة,3,34,"الإصحاح الثالث الآيات (1-15): ""لكل شيء زمان ولكل أمر تحت السماوات وقت. للولادة وقت وللموت وقت للغرس وقت ولقلع المغروس وقت. للقتل وقت وللشفاء وقت للهدم وقت وللبناء وقت. للبكاء وقت وللضحك وقت للنوح وقت وللرقص وقت. لتفريق الحجارة وقت ولجمع الحجارة وقت للمعانقة وقت وللانفصال عن المعانقة وقت. للكسب وقت وللخسارة وقت للصيانة وقت وللطرح وقت. للتمزيق وقت وللتخييط وقت للسكوت وقت وللتكلم وقت. للحب وقت وللبغضة وقت للحرب وقت وللصلح وقت. فأي منفعة لمن يتعب مما يتعب به. قد رأيت الشغل الذي أعطاه الله بني البشر ليشتغلوا به. صنع الكل حسناً في وقته وأيضاً جعل الأبدية في قلبهم التي بلاها لا يدرك الإنسان العمل الذي يعمله الله من البداية إلى النهاية.عرفت انه ليس لهم خير إلا أن يفرحوا ويفعلوا خيرا في حياتهم. وأيضاً أن يأكل كل إنسان ويشرب ويرى خيراً من كل تعبه فهو عطية الله. قد عرفت أن كل ما يعمله الله انه يكون إلى الأبد لا شيء يزاد عليه ولا شيء ينقص منه وأن الله عمله حتى يخافوا أمامه. ما كان فمن القدم هو وما يكون فمن القدم قد كان والله يطلب ما قد مضى.""
جامعة,3,35,"الإصحاح الثالث الآيات (1-15): ""لكل شيء زمان ولكل أمر تحت السماوات وقت. للولادة وقت وللموت وقت للغرس وقت ولقلع المغروس وقت. للقتل وقت وللشفاء وقت للهدم وقت وللبناء وقت. للبكاء وقت وللضحك وقت للنوح وقت وللرقص وقت. لتفريق الحجارة وقت ولجمع الحجارة وقت للمعانقة وقت وللانفصال عن المعانقة وقت. للكسب وقت وللخسارة وقت للصيانة وقت وللطرح وقت. للتمزيق وقت وللتخييط وقت للسكوت وقت وللتكلم وقت. للحب وقت وللبغضة وقت للحرب وقت وللصلح وقت. فأي منفعة لمن يتعب مما يتعب به. قد رأيت الشغل الذي أعطاه الله بني البشر ليشتغلوا به. صنع الكل حسناً في وقته وأيضاً جعل الأبدية في قلبهم التي بلاها لا يدرك الإنسان العمل الذي يعمله الله من البداية إلى النهاية.عرفت انه ليس لهم خير إلا أن يفرحوا ويفعلوا خيرا في حياتهم. وأيضاً أن يأكل كل إنسان ويشرب ويرى خيراً من كل تعبه فهو عطية الله. قد عرفت أن كل ما يعمله الله انه يكون إلى الأبد لا شيء يزاد عليه ولا شيء ينقص منه وأن الله عمله حتى يخافوا أمامه. ما كان فمن القدم هو وما يكون فمن القدم قد كان والله يطلب ما قد مضى.""
جامعة,3,36,"الإصحاح الثالث الآيات (1-15): ""لكل شيء زمان ولكل أمر تحت السماوات وقت. للولادة وقت وللموت وقت للغرس وقت ولقلع المغروس وقت. للقتل وقت وللشفاء وقت للهدم وقت وللبناء وقت. للبكاء وقت وللضحك وقت للنوح وقت وللرقص وقت. لتفريق الحجارة وقت ولجمع الحجارة وقت للمعانقة وقت وللانفصال عن المعانقة وقت. للكسب وقت وللخسارة وقت للصيانة وقت وللطرح وقت. للتمزيق وقت وللتخييط وقت للسكوت وقت وللتكلم وقت. للحب وقت وللبغضة وقت للحرب وقت وللصلح وقت. فأي منفعة لمن يتعب مما يتعب به. قد رأيت الشغل الذي أعطاه الله بني البشر ليشتغلوا به. صنع الكل حسناً في وقته وأيضاً جعل الأبدية في قلبهم التي بلاها لا يدرك الإنسان العمل الذي يعمله الله من البداية إلى النهاية.عرفت انه ليس لهم خير إلا أن يفرحوا ويفعلوا خيرا في حياتهم. وأيضاً أن يأكل كل إنسان ويشرب ويرى خيراً من كل تعبه فهو عطية الله. قد عرفت أن كل ما يعمله الله انه يكون إلى الأبد لا شيء يزاد عليه ولا شيء ينقص منه وأن الله عمله حتى يخافوا أمامه. ما كان فمن القدم هو وما يكون فمن القدم قد كان والله يطلب ما قد مضى.""
جامعة,3,37,"الإصحاح الثالث الآيات (1-15): ""لكل شيء زمان ولكل أمر تحت السماوات وقت. للولادة وقت وللموت وقت للغرس وقت ولقلع المغروس وقت. للقتل وقت وللشفاء وقت للهدم وقت وللبناء وقت. للبكاء وقت وللضحك وقت للنوح وقت وللرقص وقت. لتفريق الحجارة وقت ولجمع الحجارة وقت للمعانقة وقت وللانفصال عن المعانقة وقت. للكسب وقت وللخسارة وقت للصيانة وقت وللطرح وقت. للتمزيق وقت وللتخييط وقت للسكوت وقت وللتكلم وقت. للحب وقت وللبغضة وقت للحرب وقت وللصلح وقت. فأي منفعة لمن يتعب مما يتعب به. قد رأيت الشغل الذي أعطاه الله بني البشر ليشتغلوا به. صنع الكل حسناً في وقته وأيضاً جعل الأبدية في قلبهم التي بلاها لا يدرك الإنسان العمل الذي يعمله الله من البداية إلى النهاية.عرفت انه ليس لهم خير إلا أن يفرحوا ويفعلوا خيرا في حياتهم. وأيضاً أن يأكل كل إنسان ويشرب ويرى خيراً من كل تعبه فهو عطية الله. قد عرفت أن كل ما يعمله الله انه يكون إلى الأبد لا شيء يزاد عليه ولا شيء ينقص منه وأن الله عمله حتى يخافوا أمامه. ما كان فمن القدم هو وما يكون فمن القدم قد كان والله يطلب ما قد مضى.""
جامعة,3,38,"الإصحاح الثالث الآيات (1-15): ""لكل شيء زمان ولكل أمر تحت السماوات وقت. للولادة وقت وللموت وقت للغرس وقت ولقلع المغروس وقت. للقتل وقت وللشفاء وقت للهدم وقت وللبناء وقت. للبكاء وقت وللضحك وقت للنوح وقت وللرقص وقت. لتفريق الحجارة وقت ولجمع الحجارة وقت للمعانقة وقت وللانفصال عن المعانقة وقت. للكسب وقت وللخسارة وقت للصيانة وقت وللطرح وقت. للتمزيق وقت وللتخييط وقت للسكوت وقت وللتكلم وقت. للحب وقت وللبغضة وقت للحرب وقت وللصلح وقت. فأي منفعة لمن يتعب مما يتعب به. قد رأيت الشغل الذي أعطاه الله بني البشر ليشتغلوا به. صنع الكل حسناً في وقته وأيضاً جعل الأبدية في قلبهم التي بلاها لا يدرك الإنسان العمل الذي يعمله الله من البداية إلى النهاية.عرفت انه ليس لهم خير إلا أن يفرحوا ويفعلوا خيرا في حياتهم. وأيضاً أن يأكل كل إنسان ويشرب ويرى خيراً من كل تعبه فهو عطية الله. قد عرفت أن كل ما يعمله الله انه يكون إلى الأبد لا شيء يزاد عليه ولا شيء ينقص منه وأن الله عمله حتى يخافوا أمامه. ما كان فمن القدم هو وما يكون فمن القدم قد كان والله يطلب ما قد مضى.""
جامعة,3,39,"الإصحاح الثالث الآيات (1-15): ""لكل شيء زمان ولكل أمر تحت السماوات وقت. للولادة وقت وللموت وقت للغرس وقت ولقلع المغروس وقت. للقتل وقت وللشفاء وقت للهدم وقت وللبناء وقت. للبكاء وقت وللضحك وقت للنوح وقت وللرقص وقت. لتفريق الحجارة وقت ولجمع الحجارة وقت للمعانقة وقت وللانفصال عن المعانقة وقت. للكسب وقت وللخسارة وقت للصيانة وقت وللطرح وقت. للتمزيق وقت وللتخييط وقت للسكوت وقت وللتكلم وقت. للحب وقت وللبغضة وقت للحرب وقت وللصلح وقت. فأي منفعة لمن يتعب مما يتعب به. قد رأيت الشغل الذي أعطاه الله بني البشر ليشتغلوا به. صنع الكل حسناً في وقته وأيضاً جعل الأبدية في قلبهم التي بلاها لا يدرك الإنسان العمل الذي يعمله الله من البداية إلى النهاية.عرفت انه ليس لهم خير إلا أن يفرحوا ويفعلوا خيرا في حياتهم. وأيضاً أن يأكل كل إنسان ويشرب ويرى خيراً من كل تعبه فهو عطية الله. قد عرفت أن كل ما يعمله الله انه يكون إلى الأبد لا شيء يزاد عليه ولا شيء ينقص منه وأن الله عمله حتى يخافوا أمامه. ما كان فمن القدم هو وما يكون فمن القدم قد كان والله يطلب ما قد مضى.""
جامعة,3,40,"الإصحاح الثالث الآيات (1-15): ""لكل شيء زمان ولكل أمر تحت السماوات وقت. للولادة وقت وللموت وقت للغرس وقت ولقلع المغروس وقت. للقتل وقت وللشفاء وقت للهدم وقت وللبناء وقت. للبكاء وقت وللضحك وقت للنوح وقت وللرقص وقت. لتفريق الحجارة وقت ولجمع الحجارة وقت للمعانقة وقت وللانفصال عن المعانقة وقت. للكسب وقت وللخسارة وقت للصيانة وقت وللطرح وقت. للتمزيق وقت وللتخييط وقت للسكوت وقت وللتكلم وقت. للحب وقت وللبغضة وقت للحرب وقت وللصلح وقت. فأي منفعة لمن يتعب مما يتعب به. قد رأيت الشغل الذي أعطاه الله بني البشر ليشتغلوا به. صنع الكل حسناً في وقته وأيضاً جعل الأبدية في قلبهم التي بلاها لا يدرك الإنسان العمل الذي يعمله الله من البداية إلى النهاية.عرفت انه ليس لهم خير إلا أن يفرحوا ويفعلوا خيرا في حياتهم. وأيضاً أن يأكل كل إنسان ويشرب ويرى خيراً من كل تعبه فهو عطية الله. قد عرفت أن كل ما يعمله الله انه يكون إلى الأبد لا شيء يزاد عليه ولا شيء ينقص منه وأن الله عمله حتى يخافوا أمامه. ما كان فمن القدم هو وما يكون فمن القدم قد كان والله يطلب ما قد مضى.""
جامعة,3,41,"الإصحاح الثالث الآيات (1-15): ""لكل شيء زمان ولكل أمر تحت السماوات وقت. للولادة وقت وللموت وقت للغرس وقت ولقلع المغروس وقت. للقتل وقت وللشفاء وقت للهدم وقت وللبناء وقت. للبكاء وقت وللضحك وقت للنوح وقت وللرقص وقت. لتفريق الحجارة وقت ولجمع الحجارة وقت للمعانقة وقت وللانفصال عن المعانقة وقت. للكسب وقت وللخسارة وقت للصيانة وقت وللطرح وقت. للتمزيق وقت وللتخييط وقت للسكوت وقت وللتكلم وقت. للحب وقت وللبغضة وقت للحرب وقت وللصلح وقت. فأي منفعة لمن يتعب مما يتعب به. قد رأيت الشغل الذي أعطاه الله بني البشر ليشتغلوا به. صنع الكل حسناً في وقته وأيضاً جعل الأبدية في قلبهم التي بلاها لا يدرك الإنسان العمل الذي يعمله الله من البداية إلى النهاية.عرفت انه ليس لهم خير إلا أن يفرحوا ويفعلوا خيرا في حياتهم. وأيضاً أن يأكل كل إنسان ويشرب ويرى خيراً من كل تعبه فهو عطية الله. قد عرفت أن كل ما يعمله الله انه يكون إلى الأبد لا شيء يزاد عليه ولا شيء ينقص منه وأن الله عمله حتى يخافوا أمامه. ما كان فمن القدم هو وما يكون فمن القدم قد كان والله يطلب ما قد مضى.""
جامعة,3,42,"الإصحاح الثالث الآيات (1-15): ""لكل شيء زمان ولكل أمر تحت السماوات وقت. للولادة وقت وللموت وقت للغرس وقت ولقلع المغروس وقت. للقتل وقت وللشفاء وقت للهدم وقت وللبناء وقت. للبكاء وقت وللضحك وقت للنوح وقت وللرقص وقت. لتفريق الحجارة وقت ولجمع الحجارة وقت للمعانقة وقت وللانفصال عن المعانقة وقت. للكسب وقت وللخسارة وقت للصيانة وقت وللطرح وقت. للتمزيق وقت وللتخييط وقت للسكوت وقت وللتكلم وقت. للحب وقت وللبغضة وقت للحرب وقت وللصلح وقت. فأي منفعة لمن يتعب مما يتعب به. قد رأيت الشغل الذي أعطاه الله بني البشر ليشتغلوا به. صنع الكل حسناً في وقته وأيضاً جعل الأبدية في قلبهم التي بلاها لا يدرك الإنسان العمل الذي يعمله الله من البداية إلى النهاية.عرفت انه ليس لهم خير إلا أن يفرحوا ويفعلوا خيرا في حياتهم. وأيضاً أن يأكل كل إنسان ويشرب ويرى خيراً من كل تعبه فهو عطية الله. قد عرفت أن كل ما يعمله الله انه يكون إلى الأبد لا شيء يزاد عليه ولا شيء ينقص منه وأن الله عمله حتى يخافوا أمامه. ما كان فمن القدم هو وما يكون فمن القدم قد كان والله يطلب ما قد مضى.""
جامعة,3,43,"الإصحاح الثالث الآيات (1-15): ""لكل شيء زمان ولكل أمر تحت السماوات وقت. للولادة وقت وللموت وقت للغرس وقت ولقلع المغروس وقت. للقتل وقت وللشفاء وقت للهدم وقت وللبناء وقت. للبكاء وقت وللضحك وقت للنوح وقت وللرقص وقت. لتفريق الحجارة وقت ولجمع الحجارة وقت للمعانقة وقت وللانفصال عن المعانقة وقت. للكسب وقت وللخسارة وقت للصيانة وقت وللطرح وقت. للتمزيق وقت وللتخييط وقت للسكوت وقت وللتكلم وقت. للحب وقت وللبغضة وقت للحرب وقت وللصلح وقت. فأي منفعة لمن يتعب مما يتعب به. قد رأيت الشغل الذي أعطاه الله بني البشر ليشتغلوا به. صنع الكل حسناً في وقته وأيضاً جعل الأبدية في قلبهم التي بلاها لا يدرك الإنسان العمل الذي يعمله الله من البداية إلى النهاية.عرفت انه ليس لهم خير إلا أن يفرحوا ويفعلوا خيرا في حياتهم. وأيضاً أن يأكل كل إنسان ويشرب ويرى خيراً من كل تعبه فهو عطية الله. قد عرفت أن كل ما يعمله الله انه يكون إلى الأبد لا شيء يزاد عليه ولا شيء ينقص منه وأن الله عمله حتى يخافوا أمامه. ما كان فمن القدم هو وما يكون فمن القدم قد كان والله يطلب ما قد مضى.""
جامعة,3,44,"الإصحاح الثالث الآيات (1-15): ""لكل شيء زمان ولكل أمر تحت السماوات وقت. للولادة وقت وللموت وقت للغرس وقت ولقلع المغروس وقت. للقتل وقت وللشفاء وقت للهدم وقت وللبناء وقت. للبكاء وقت وللضحك وقت للنوح وقت وللرقص وقت. لتفريق الحجارة وقت ولجمع الحجارة وقت للمعانقة وقت وللانفصال عن المعانقة وقت. للكسب وقت وللخسارة وقت للصيانة وقت وللطرح وقت. للتمزيق وقت وللتخييط وقت للسكوت وقت وللتكلم وقت. للحب وقت وللبغضة وقت للحرب وقت وللصلح وقت. فأي منفعة لمن يتعب مما يتعب به. قد رأيت الشغل الذي أعطاه الله بني البشر ليشتغلوا به. صنع الكل حسناً في وقته وأيضاً جعل الأبدية في قلبهم التي بلاها لا يدرك الإنسان العمل الذي يعمله الله من البداية إلى النهاية.عرفت انه ليس لهم خير إلا أن يفرحوا ويفعلوا خيرا في حياتهم. وأيضاً أن يأكل كل إنسان ويشرب ويرى خيراً من كل تعبه فهو عطية الله. قد عرفت أن كل ما يعمله الله انه يكون إلى الأبد لا شيء يزاد عليه ولا شيء ينقص منه وأن الله عمله حتى يخافوا أمامه. ما كان فمن القدم هو وما يكون فمن القدم قد كان والله يطلب ما قد مضى.""
جامعة,3,45,"الإصحاح الثالث الآيات (1-15): ""لكل شيء زمان ولكل أمر تحت السماوات وقت. للولادة وقت وللموت وقت للغرس وقت ولقلع المغروس وقت. للقتل وقت وللشفاء وقت للهدم وقت وللبناء وقت. للبكاء وقت وللضحك وقت للنوح وقت وللرقص وقت. لتفريق الحجارة وقت ولجمع الحجارة وقت للمعانقة وقت وللانفصال عن المعانقة وقت. للكسب وقت وللخسارة وقت للصيانة وقت وللطرح وقت. للتمزيق وقت وللتخييط وقت للسكوت وقت وللتكلم وقت. للحب وقت وللبغضة وقت للحرب وقت وللصلح وقت. فأي منفعة لمن يتعب مما يتعب به. قد رأيت الشغل الذي أعطاه الله بني البشر ليشتغلوا به. صنع الكل حسناً في وقته وأيضاً جعل الأبدية في قلبهم التي بلاها لا يدرك الإنسان العمل الذي يعمله الله من البداية إلى النهاية.عرفت انه ليس لهم خير إلا أن يفرحوا ويفعلوا خيرا في حياتهم. وأيضاً أن يأكل كل إنسان ويشرب ويرى خيراً من كل تعبه فهو عطية الله. قد عرفت أن كل ما يعمله الله انه يكون إلى الأبد لا شيء يزاد عليه ولا شيء ينقص منه وأن الله عمله حتى يخافوا أمامه. ما كان فمن القدم هو وما يكون فمن القدم قد كان والله يطلب ما قد مضى.""
جامعة,3,46,"الإصحاح الثالث الآيات (1-15): ""لكل شيء زمان ولكل أمر تحت السماوات وقت. للولادة وقت وللموت وقت للغرس وقت ولقلع المغروس وقت. للقتل وقت وللشفاء وقت للهدم وقت وللبناء وقت. للبكاء وقت وللضحك وقت للنوح وقت وللرقص وقت. لتفريق الحجارة وقت ولجمع الحجارة وقت للمعانقة وقت وللانفصال عن المعانقة وقت. للكسب وقت وللخسارة وقت للصيانة وقت وللطرح وقت. للتمزيق وقت وللتخييط وقت للسكوت وقت وللتكلم وقت. للحب وقت وللبغضة وقت للحرب وقت وللصلح وقت. فأي منفعة لمن يتعب مما يتعب به. قد رأيت الشغل الذي أعطاه الله بني البشر ليشتغلوا به. صنع الكل حسناً في وقته وأيضاً جعل الأبدية في قلبهم التي بلاها لا يدرك الإنسان العمل الذي يعمله الله من البداية إلى النهاية.عرفت انه ليس لهم خير إلا أن يفرحوا ويفعلوا خيرا في حياتهم. وأيضاً أن يأكل كل إنسان ويشرب ويرى خيراً من كل تعبه فهو عطية الله. قد عرفت أن كل ما يعمله الله انه يكون إلى الأبد لا شيء يزاد عليه ولا شيء ينقص منه وأن الله عمله حتى يخافوا أمامه. ما كان فمن القدم هو وما يكون فمن القدم قد كان والله يطلب ما قد مضى.""
جامعة,3,47,"الإصحاح الثالث الآيات (1-15): ""لكل شيء زمان ولكل أمر تحت السماوات وقت. للولادة وقت وللموت وقت للغرس وقت ولقلع المغروس وقت. للقتل وقت وللشفاء وقت للهدم وقت وللبناء وقت. للبكاء وقت وللضحك وقت للنوح وقت وللرقص وقت. لتفريق الحجارة وقت ولجمع الحجارة وقت للمعانقة وقت وللانفصال عن المعانقة وقت. للكسب وقت وللخسارة وقت للصيانة وقت وللطرح وقت. للتمزيق وقت وللتخييط وقت للسكوت وقت وللتكلم وقت. للحب وقت وللبغضة وقت للحرب وقت وللصلح وقت. فأي منفعة لمن يتعب مما يتعب به. قد رأيت الشغل الذي أعطاه الله بني البشر ليشتغلوا به. صنع الكل حسناً في وقته وأيضاً جعل الأبدية في قلبهم التي بلاها لا يدرك الإنسان العمل الذي يعمله الله من البداية إلى النهاية.عرفت انه ليس لهم خير إلا أن يفرحوا ويفعلوا خيرا في حياتهم. وأيضاً أن يأكل كل إنسان ويشرب ويرى خيراً من كل تعبه فهو عطية الله. قد عرفت أن كل ما يعمله الله انه يكون إلى الأبد لا شيء يزاد عليه ولا شيء ينقص منه وأن الله عمله حتى يخافوا أمامه. ما كان فمن القدم هو وما يكون فمن القدم قد كان والله يطلب ما قد مضى.""
جامعة,3,48,"الإصحاح الثالث الآيات (1-15): ""لكل شيء زمان ولكل أمر تحت السماوات وقت. للولادة وقت وللموت وقت للغرس وقت ولقلع المغروس وقت. للقتل وقت وللشفاء وقت للهدم وقت وللبناء وقت. للبكاء وقت وللضحك وقت للنوح وقت وللرقص وقت. لتفريق الحجارة وقت ولجمع الحجارة وقت للمعانقة وقت وللانفصال عن المعانقة وقت. للكسب وقت وللخسارة وقت للصيانة وقت وللطرح وقت. للتمزيق وقت وللتخييط وقت للسكوت وقت وللتكلم وقت. للحب وقت وللبغضة وقت للحرب وقت وللصلح وقت. فأي منفعة لمن يتعب مما يتعب به. قد رأيت الشغل الذي أعطاه الله بني البشر ليشتغلوا به. صنع الكل حسناً في وقته وأيضاً جعل الأبدية في قلبهم التي بلاها لا يدرك الإنسان العمل الذي يعمله الله من البداية إلى النهاية.عرفت انه ليس لهم خير إلا أن يفرحوا ويفعلوا خيرا في حياتهم. وأيضاً أن يأكل كل إنسان ويشرب ويرى خيراً من كل تعبه فهو عطية الله. قد عرفت أن كل ما يعمله الله انه يكون إلى الأبد لا شيء يزاد عليه ولا شيء ينقص منه وأن الله عمله حتى يخافوا أمامه. ما كان فمن القدم هو وما يكون فمن القدم قد كان والله يطلب ما قد مضى.""
جامعة,3,49,"الإصحاح الثالث الآيات (1-15): ""لكل شيء زمان ولكل أمر تحت السماوات وقت. للولادة وقت وللموت وقت للغرس وقت ولقلع المغروس وقت. للقتل وقت وللشفاء وقت للهدم وقت وللبناء وقت. للبكاء وقت وللضحك وقت للنوح وقت وللرقص وقت. لتفريق الحجارة وقت ولجمع الحجارة وقت للمعانقة وقت وللانفصال عن المعانقة وقت. للكسب وقت وللخسارة وقت للصيانة وقت وللطرح وقت. للتمزيق وقت وللتخييط وقت للسكوت وقت وللتكلم وقت. للحب وقت وللبغضة وقت للحرب وقت وللصلح وقت. فأي منفعة لمن يتعب مما يتعب به. قد رأيت الشغل الذي أعطاه الله بني البشر ليشتغلوا به. صنع الكل حسناً في وقته وأيضاً جعل الأبدية في قلبهم التي بلاها لا يدرك الإنسان العمل الذي يعمله الله من البداية إلى النهاية.عرفت انه ليس لهم خير إلا أن يفرحوا ويفعلوا خيرا في حياتهم. وأيضاً أن يأكل كل إنسان ويشرب ويرى خيراً من كل تعبه فهو عطية الله. قد عرفت أن كل ما يعمله الله انه يكون إلى الأبد لا شيء يزاد عليه ولا شيء ينقص منه وأن الله عمله حتى يخافوا أمامه. ما كان فمن القدم هو وما يكون فمن القدم قد كان والله يطلب ما قد مضى.""
جامعة,3,50,"الإصحاح الثالث الآيات (1-15): ""لكل شيء زمان ولكل أمر تحت السماوات وقت. للولادة وقت وللموت وقت للغرس وقت ولقلع المغروس وقت. للقتل وقت وللشفاء وقت للهدم وقت وللبناء وقت. للبكاء وقت وللضحك وقت للنوح وقت وللرقص وقت. لتفريق الحجارة وقت ولجمع الحجارة وقت للمعانقة وقت وللانفصال عن المعانقة وقت. للكسب وقت وللخسارة وقت للصيانة وقت وللطرح وقت. للتمزيق وقت وللتخييط وقت للسكوت وقت وللتكلم وقت. للحب وقت وللبغضة وقت للحرب وقت وللصلح وقت. فأي منفعة لمن يتعب مما يتعب به. قد رأيت الشغل الذي أعطاه الله بني البشر ليشتغلوا به. صنع الكل حسناً في وقته وأيضاً جعل الأبدية في قلبهم التي بلاها لا يدرك الإنسان العمل الذي يعمله الله من البداية إلى النهاية.عرفت انه ليس لهم خير إلا أن يفرحوا ويفعلوا خيرا في حياتهم. وأيضاً أن يأكل كل إنسان ويشرب ويرى خيراً من كل تعبه فهو عطية الله. قد عرفت أن كل ما يعمله الله انه يكون إلى الأبد لا شيء يزاد عليه ولا شيء ينقص منه وأن الله عمله حتى يخافوا أمامه. ما كان فمن القدم هو وما يكون فمن القدم قد كان والله يطلب ما قد مضى.""
جامعة,3,51,"الإصحاح الثالث الآيات (1-15): ""لكل شيء زمان ولكل أمر تحت السماوات وقت. للولادة وقت وللموت وقت للغرس وقت ولقلع المغروس وقت. للقتل وقت وللشفاء وقت للهدم وقت وللبناء وقت. للبكاء وقت وللضحك وقت للنوح وقت وللرقص وقت. لتفريق الحجارة وقت ولجمع الحجارة وقت للمعانقة وقت وللانفصال عن المعانقة وقت. للكسب وقت وللخسارة وقت للصيانة وقت وللطرح وقت. للتمزيق وقت وللتخييط وقت للسكوت وقت وللتكلم وقت. للحب وقت وللبغضة وقت للحرب وقت وللصلح وقت. فأي منفعة لمن يتعب مما يتعب به. قد رأيت الشغل الذي أعطاه الله بني البشر ليشتغلوا به. صنع الكل حسناً في وقته وأيضاً جعل الأبدية في قلبهم التي بلاها لا يدرك الإنسان العمل الذي يعمله الله من البداية إلى النهاية.عرفت انه ليس لهم خير إلا أن يفرحوا ويفعلوا خيرا في حياتهم. وأيضاً أن يأكل كل إنسان ويشرب ويرى خيراً من كل تعبه فهو عطية الله. قد عرفت أن كل ما يعمله الله انه يكون إلى الأبد لا شيء يزاد عليه ولا شيء ينقص منه وأن الله عمله حتى يخافوا أمامه. ما كان فمن القدم هو وما يكون فمن القدم قد كان والله يطلب ما قد مضى.""
جامعة,3,52,"الإصحاح الثالث الآيات (1-15): ""لكل شيء زمان ولكل أمر تحت السماوات وقت. للولادة وقت وللموت وقت للغرس وقت ولقلع المغروس وقت. للقتل وقت وللشفاء وقت للهدم وقت وللبناء وقت. للبكاء وقت وللضحك وقت للنوح وقت وللرقص وقت. لتفريق الحجارة وقت ولجمع الحجارة وقت للمعانقة وقت وللانفصال عن المعانقة وقت. للكسب وقت وللخسارة وقت للصيانة وقت وللطرح وقت. للتمزيق وقت وللتخييط وقت للسكوت وقت وللتكلم وقت. للحب وقت وللبغضة وقت للحرب وقت وللصلح وقت. فأي منفعة لمن يتعب مما يتعب به. قد رأيت الشغل الذي أعطاه الله بني البشر ليشتغلوا به. صنع الكل حسناً في وقته وأيضاً جعل الأبدية في قلبهم التي بلاها لا يدرك الإنسان العمل الذي يعمله الله من البداية إلى النهاية.عرفت انه ليس لهم خير إلا أن يفرحوا ويفعلوا خيرا في حياتهم. وأيضاً أن يأكل كل إنسان ويشرب ويرى خيراً من كل تعبه فهو عطية الله. قد عرفت أن كل ما يعمله الله انه يكون إلى الأبد لا شيء يزاد عليه ولا شيء ينقص منه وأن الله عمله حتى يخافوا أمامه. ما كان فمن القدم هو وما يكون فمن القدم قد كان والله يطلب ما قد مضى.""
جامعة,3,53,"الإصحاح الثالث الآيات (1-15): ""لكل شيء زمان ولكل أمر تحت السماوات وقت. للولادة وقت وللموت وقت للغرس وقت ولقلع المغروس وقت. للقتل وقت وللشفاء وقت للهدم وقت وللبناء وقت. للبكاء وقت وللضحك وقت للنوح وقت وللرقص وقت. لتفريق الحجارة وقت ولجمع الحجارة وقت للمعانقة وقت وللانفصال عن المعانقة وقت. للكسب وقت وللخسارة وقت للصيانة وقت وللطرح وقت. للتمزيق وقت وللتخييط وقت للسكوت وقت وللتكلم وقت. للحب وقت وللبغضة وقت للحرب وقت وللصلح وقت. فأي منفعة لمن يتعب مما يتعب به. قد رأيت الشغل الذي أعطاه الله بني البشر ليشتغلوا به. صنع الكل حسناً في وقته وأيضاً جعل الأبدية في قلبهم التي بلاها لا يدرك الإنسان العمل الذي يعمله الله من البداية إلى النهاية.عرفت انه ليس لهم خير إلا أن يفرحوا ويفعلوا خيرا في حياتهم. وأيضاً أن يأكل كل إنسان ويشرب ويرى خيراً من كل تعبه فهو عطية الله. قد عرفت أن كل ما يعمله الله انه يكون إلى الأبد لا شيء يزاد عليه ولا شيء ينقص منه وأن الله عمله حتى يخافوا أمامه. ما كان فمن القدم هو وما يكون فمن القدم قد كان والله يطلب ما قد مضى.""
جامعة,3,54,"الإصحاح الثالث الآيات (1-15): ""لكل شيء زمان ولكل أمر تحت السماوات وقت. للولادة وقت وللموت وقت للغرس وقت ولقلع المغروس وقت. للقتل وقت وللشفاء وقت للهدم وقت وللبناء وقت. للبكاء وقت وللضحك وقت للنوح وقت وللرقص وقت. لتفريق الحجارة وقت ولجمع الحجارة وقت للمعانقة وقت وللانفصال عن المعانقة وقت. للكسب وقت وللخسارة وقت للصيانة وقت وللطرح وقت. للتمزيق وقت وللتخييط وقت للسكوت وقت وللتكلم وقت. للحب وقت وللبغضة وقت للحرب وقت وللصلح وقت. فأي منفعة لمن يتعب مما يتعب به. قد رأيت الشغل الذي أعطاه الله بني البشر ليشتغلوا به. صنع الكل حسناً في وقته وأيضاً جعل الأبدية في قلبهم التي بلاها لا يدرك الإنسان العمل الذي يعمله الله من البداية إلى النهاية.عرفت انه ليس لهم خير إلا أن يفرحوا ويفعلوا خيرا في حياتهم. وأيضاً أن يأكل كل إنسان ويشرب ويرى خيراً من كل تعبه فهو عطية الله. قد عرفت أن كل ما يعمله الله انه يكون إلى الأبد لا شيء يزاد عليه ولا شيء ينقص منه وأن الله عمله حتى يخافوا أمامه. ما كان فمن القدم هو وما يكون فمن القدم قد كان والله يطلب ما قد مضى.""
جامعة,3,55,"الإصحاح الثالث الآيات (1-15): ""لكل شيء زمان ولكل أمر تحت السماوات وقت. للولادة وقت وللموت وقت للغرس وقت ولقلع المغروس وقت. للقتل وقت وللشفاء وقت للهدم وقت وللبناء وقت. للبكاء وقت وللضحك وقت للنوح وقت وللرقص وقت. لتفريق الحجارة وقت ولجمع الحجارة وقت للمعانقة وقت وللانفصال عن المعانقة وقت. للكسب وقت وللخسارة وقت للصيانة وقت وللطرح وقت. للتمزيق وقت وللتخييط وقت للسكوت وقت وللتكلم وقت. للحب وقت وللبغضة وقت للحرب وقت وللصلح وقت. فأي منفعة لمن يتعب مما يتعب به. قد رأيت الشغل الذي أعطاه الله بني البشر ليشتغلوا به. صنع الكل حسناً في وقته وأيضاً جعل الأبدية في قلبهم التي بلاها لا يدرك الإنسان العمل الذي يعمله الله من البداية إلى النهاية.عرفت انه ليس لهم خير إلا أن يفرحوا ويفعلوا خيرا في حياتهم. وأيضاً أن يأكل كل إنسان ويشرب ويرى خيراً من كل تعبه فهو عطية الله. قد عرفت أن كل ما يعمله الله انه يكون إلى الأبد لا شيء يزاد عليه ولا شيء ينقص منه وأن الله عمله حتى يخافوا أمامه. ما كان فمن القدم هو وما يكون فمن القدم قد كان والله يطلب ما قد مضى.""
جامعة,3,56,"الإصحاح الثالث الآيات (1-15): ""لكل شيء زمان ولكل أمر تحت السماوات وقت. للولادة وقت وللموت وقت للغرس وقت ولقلع المغروس وقت. للقتل وقت وللشفاء وقت للهدم وقت وللبناء وقت. للبكاء وقت وللضحك وقت للنوح وقت وللرقص وقت. لتفريق الحجارة وقت ولجمع الحجارة وقت للمعانقة وقت وللانفصال عن المعانقة وقت. للكسب وقت وللخسارة وقت للصيانة وقت وللطرح وقت. للتمزيق وقت وللتخييط وقت للسكوت وقت وللتكلم وقت. للحب وقت وللبغضة وقت للحرب وقت وللصلح وقت. فأي منفعة لمن يتعب مما يتعب به. قد رأيت الشغل الذي أعطاه الله بني البشر ليشتغلوا به. صنع الكل حسناً في وقته وأيضاً جعل الأبدية في قلبهم التي بلاها لا يدرك الإنسان العمل الذي يعمله الله من البداية إلى النهاية.عرفت انه ليس لهم خير إلا أن يفرحوا ويفعلوا خيرا في حياتهم. وأيضاً أن يأكل كل إنسان ويشرب ويرى خيراً من كل تعبه فهو عطية الله. قد عرفت أن كل ما يعمله الله انه يكون إلى الأبد لا شيء يزاد عليه ولا شيء ينقص منه وأن الله عمله حتى يخافوا أمامه. ما كان فمن القدم هو وما يكون فمن القدم قد كان والله يطلب ما قد مضى.""
جامعة,3,57,"الإصحاح الثالث الآيات (1-15): ""لكل شيء زمان ولكل أمر تحت السماوات وقت. للولادة وقت وللموت وقت للغرس وقت ولقلع المغروس وقت. للقتل وقت وللشفاء وقت للهدم وقت وللبناء وقت. للبكاء وقت وللضحك وقت للنوح وقت وللرقص وقت. لتفريق الحجارة وقت ولجمع الحجارة وقت للمعانقة وقت وللانفصال عن المعانقة وقت. للكسب وقت وللخسارة وقت للصيانة وقت وللطرح وقت. للتمزيق وقت وللتخييط وقت للسكوت وقت وللتكلم وقت. للحب وقت وللبغضة وقت للحرب وقت وللصلح وقت. فأي منفعة لمن يتعب مما يتعب به. قد رأيت الشغل الذي أعطاه الله بني البشر ليشتغلوا به. صنع الكل حسناً في وقته وأيضاً جعل الأبدية في قلبهم التي بلاها لا يدرك الإنسان العمل الذي يعمله الله من البداية إلى النهاية.عرفت انه ليس لهم خير إلا أن يفرحوا ويفعلوا خيرا في حياتهم. وأيضاً أن يأكل كل إنسان ويشرب ويرى خيراً من كل تعبه فهو عطية الله. قد عرفت أن كل ما يعمله الله انه يكون إلى الأبد لا شيء يزاد عليه ولا شيء ينقص منه وأن الله عمله حتى يخافوا أمامه. ما كان فمن القدم هو وما يكون فمن القدم قد كان والله يطلب ما قد مضى.""
جامعة,3,58,"الإصحاح الثالث الآيات (1-15): ""لكل شيء زمان ولكل أمر تحت السماوات وقت. للولادة وقت وللموت وقت للغرس وقت ولقلع المغروس وقت. للقتل وقت وللشفاء وقت للهدم وقت وللبناء وقت. للبكاء وقت وللضحك وقت للنوح وقت وللرقص وقت. لتفريق الحجارة وقت ولجمع الحجارة وقت للمعانقة وقت وللانفصال عن المعانقة وقت. للكسب وقت وللخسارة وقت للصيانة وقت وللطرح وقت. للتمزيق وقت وللتخييط وقت للسكوت وقت وللتكلم وقت. للحب وقت وللبغضة وقت للحرب وقت وللصلح وقت. فأي منفعة لمن يتعب مما يتعب به. قد رأيت الشغل الذي أعطاه الله بني البشر ليشتغلوا به. صنع الكل حسناً في وقته وأيضاً جعل الأبدية في قلبهم التي بلاها لا يدرك الإنسان العمل الذي يعمله الله من البداية إلى النهاية.عرفت انه ليس لهم خير إلا أن يفرحوا ويفعلوا خيرا في حياتهم. وأيضاً أن يأكل كل إنسان ويشرب ويرى خيراً من كل تعبه فهو عطية الله. قد عرفت أن كل ما يعمله الله انه يكون إلى الأبد لا شيء يزاد عليه ولا شيء ينقص منه وأن الله عمله حتى يخافوا أمامه. ما كان فمن القدم هو وما يكون فمن القدم قد كان والله يطلب ما قد مضى.""
جامعة,3,59,"الإصحاح الثالث الآيات (1-15): ""لكل شيء زمان ولكل أمر تحت السماوات وقت. للولادة وقت وللموت وقت للغرس وقت ولقلع المغروس وقت. للقتل وقت وللشفاء وقت للهدم وقت وللبناء وقت. للبكاء وقت وللضحك وقت للنوح وقت وللرقص وقت. لتفريق الحجارة وقت ولجمع الحجارة وقت للمعانقة وقت وللانفصال عن المعانقة وقت. للكسب وقت وللخسارة وقت للصيانة وقت وللطرح وقت. للتمزيق وقت وللتخييط وقت للسكوت وقت وللتكلم وقت. للحب وقت وللبغضة وقت للحرب وقت وللصلح وقت. فأي منفعة لمن يتعب مما يتعب به. قد رأيت الشغل الذي أعطاه الله بني البشر ليشتغلوا به. صنع الكل حسناً في وقته وأيضاً جعل الأبدية في قلبهم التي بلاها لا يدرك الإنسان العمل الذي يعمله الله من البداية إلى النهاية.عرفت انه ليس لهم خير إلا أن يفرحوا ويفعلوا خيرا في حياتهم. وأيضاً أن يأكل كل إنسان ويشرب ويرى خيراً من كل تعبه فهو عطية الله. قد عرفت أن كل ما يعمله الله انه يكون إلى الأبد لا شيء يزاد عليه ولا شيء ينقص منه وأن الله عمله حتى يخافوا أمامه. ما كان فمن القدم هو وما يكون فمن القدم قد كان والله يطلب ما قد مضى.""
جامعة,3,60,"الإصحاح الثالث الآيات (1-15): ""لكل شيء زمان ولكل أمر تحت السماوات وقت. للولادة وقت وللموت وقت للغرس وقت ولقلع المغروس وقت. للقتل وقت وللشفاء وقت للهدم وقت وللبناء وقت. للبكاء وقت وللضحك وقت للنوح وقت وللرقص وقت. لتفريق الحجارة وقت ولجمع الحجارة وقت للمعانقة وقت وللانفصال عن المعانقة وقت. للكسب وقت وللخسارة وقت للصيانة وقت وللطرح وقت. للتمزيق وقت وللتخييط وقت للسكوت وقت وللتكلم وقت. للحب وقت وللبغضة وقت للحرب وقت وللصلح وقت. فأي منفعة لمن يتعب مما يتعب به. قد رأيت الشغل الذي أعطاه الله بني البشر ليشتغلوا به. صنع الكل حسناً في وقته وأيضاً جعل الأبدية في قلبهم التي بلاها لا يدرك الإنسان العمل الذي يعمله الله من البداية إلى النهاية.عرفت انه ليس لهم خير إلا أن يفرحوا ويفعلوا خيرا في حياتهم. وأيضاً أن يأكل كل إنسان ويشرب ويرى خيراً من كل تعبه فهو عطية الله. قد عرفت أن كل ما يعمله الله انه يكون إلى الأبد لا شيء يزاد عليه ولا شيء ينقص منه وأن الله عمله حتى يخافوا أمامه. ما كان فمن القدم هو وما يكون فمن القدم قد كان والله يطلب ما قد مضى.""
جامعة,3,61,"الإصحاح الثالث الآيات (1-15): ""لكل شيء زمان ولكل أمر تحت السماوات وقت. للولادة وقت وللموت وقت للغرس وقت ولقلع المغروس وقت. للقتل وقت وللشفاء وقت للهدم وقت وللبناء وقت. للبكاء وقت وللضحك وقت للنوح وقت وللرقص وقت. لتفريق الحجارة وقت ولجمع الحجارة وقت للمعانقة وقت وللانفصال عن المعانقة وقت. للكسب وقت وللخسارة وقت للصيانة وقت وللطرح وقت. للتمزيق وقت وللتخييط وقت للسكوت وقت وللتكلم وقت. للحب وقت وللبغضة وقت للحرب وقت وللصلح وقت. فأي منفعة لمن يتعب مما يتعب به. قد رأيت الشغل الذي أعطاه الله بني البشر ليشتغلوا به. صنع الكل حسناً في وقته وأيضاً جعل الأبدية في قلبهم التي بلاها لا يدرك الإنسان العمل الذي يعمله الله من البداية إلى النهاية.عرفت انه ليس لهم خير إلا أن يفرحوا ويفعلوا خيرا في حياتهم. وأيضاً أن يأكل كل إنسان ويشرب ويرى خيراً من كل تعبه فهو عطية الله. قد عرفت أن كل ما يعمله الله انه يكون إلى الأبد لا شيء يزاد عليه ولا شيء ينقص منه وأن الله عمله حتى يخافوا أمامه. ما كان فمن القدم هو وما يكون فمن القدم قد كان والله يطلب ما قد مضى.""
جامعة,3,62,"الإصحاح الثالث الآيات (1-15): ""لكل شيء زمان ولكل أمر تحت السماوات وقت. للولادة وقت وللموت وقت للغرس وقت ولقلع المغروس وقت. للقتل وقت وللشفاء وقت للهدم وقت وللبناء وقت. للبكاء وقت وللضحك وقت للنوح وقت وللرقص وقت. لتفريق الحجارة وقت ولجمع الحجارة وقت للمعانقة وقت وللانفصال عن المعانقة وقت. للكسب وقت وللخسارة وقت للصيانة وقت وللطرح وقت. للتمزيق وقت وللتخييط وقت للسكوت وقت وللتكلم وقت. للحب وقت وللبغضة وقت للحرب وقت وللصلح وقت. فأي منفعة لمن يتعب مما يتعب به. قد رأيت الشغل الذي أعطاه الله بني البشر ليشتغلوا به. صنع الكل حسناً في وقته وأيضاً جعل الأبدية في قلبهم التي بلاها لا يدرك الإنسان العمل الذي يعمله الله من البداية إلى النهاية.عرفت انه ليس لهم خير إلا أن يفرحوا ويفعلوا خيرا في حياتهم. وأيضاً أن يأكل كل إنسان ويشرب ويرى خيراً من كل تعبه فهو عطية الله. قد عرفت أن كل ما يعمله الله انه يكون إلى الأبد لا شيء يزاد عليه ولا شيء ينقص منه وأن الله عمله حتى يخافوا أمامه. ما كان فمن القدم هو وما يكون فمن القدم قد كان والله يطلب ما قد مضى.""
جامعة,3,63,"الإصحاح الثالث الآيات (1-15): ""لكل شيء زمان ولكل أمر تحت السماوات وقت. للولادة وقت وللموت وقت للغرس وقت ولقلع المغروس وقت. للقتل وقت وللشفاء وقت للهدم وقت وللبناء وقت. للبكاء وقت وللضحك وقت للنوح وقت وللرقص وقت. لتفريق الحجارة وقت ولجمع الحجارة وقت للمعانقة وقت وللانفصال عن المعانقة وقت. للكسب وقت وللخسارة وقت للصيانة وقت وللطرح وقت. للتمزيق وقت وللتخييط وقت للسكوت وقت وللتكلم وقت. للحب وقت وللبغضة وقت للحرب وقت وللصلح وقت. فأي منفعة لمن يتعب مما يتعب به. قد رأيت الشغل الذي أعطاه الله بني البشر ليشتغلوا به. صنع الكل حسناً في وقته وأيضاً جعل الأبدية في قلبهم التي بلاها لا يدرك الإنسان العمل الذي يعمله الله من البداية إلى النهاية.عرفت انه ليس لهم خير إلا أن يفرحوا ويفعلوا خيرا في حياتهم. وأيضاً أن يأكل كل إنسان ويشرب ويرى خيراً من كل تعبه فهو عطية الله. قد عرفت أن كل ما يعمله الله انه يكون إلى الأبد لا شيء يزاد عليه ولا شيء ينقص منه وأن الله عمله حتى يخافوا أمامه. ما كان فمن القدم هو وما يكون فمن القدم قد كان والله يطلب ما قد مضى.""
جامعة,3,64,"الإصحاح الثالث الآيات (1-15): ""لكل شيء زمان ولكل أمر تحت السماوات وقت. للولادة وقت وللموت وقت للغرس وقت ولقلع المغروس وقت. للقتل وقت وللشفاء وقت للهدم وقت وللبناء وقت. للبكاء وقت وللضحك وقت للنوح وقت وللرقص وقت. لتفريق الحجارة وقت ولجمع الحجارة وقت للمعانقة وقت وللانفصال عن المعانقة وقت. للكسب وقت وللخسارة وقت للصيانة وقت وللطرح وقت. للتمزيق وقت وللتخييط وقت للسكوت وقت وللتكلم وقت. للحب وقت وللبغضة وقت للحرب وقت وللصلح وقت. فأي منفعة لمن يتعب مما يتعب به. قد رأيت الشغل الذي أعطاه الله بني البشر ليشتغلوا به. صنع الكل حسناً في وقته وأيضاً جعل الأبدية في قلبهم التي بلاها لا يدرك الإنسان العمل الذي يعمله الله من البداية إلى النهاية.عرفت انه ليس لهم خير إلا أن يفرحوا ويفعلوا خيرا في حياتهم. وأيضاً أن يأكل كل إنسان ويشرب ويرى خيراً من كل تعبه فهو عطية الله. قد عرفت أن كل ما يعمله الله انه يكون إلى الأبد لا شيء يزاد عليه ولا شيء ينقص منه وأن الله عمله حتى يخافوا أمامه. ما كان فمن القدم هو وما يكون فمن القدم قد كان والله يطلب ما قد مضى.""
جامعة,3,65,"الإصحاح الثالث الآيات (1-15): ""لكل شيء زمان ولكل أمر تحت السماوات وقت. للولادة وقت وللموت وقت للغرس وقت ولقلع المغروس وقت. للقتل وقت وللشفاء وقت للهدم وقت وللبناء وقت. للبكاء وقت وللضحك وقت للنوح وقت وللرقص وقت. لتفريق الحجارة وقت ولجمع الحجارة وقت للمعانقة وقت وللانفصال عن المعانقة وقت. للكسب وقت وللخسارة وقت للصيانة وقت وللطرح وقت. للتمزيق وقت وللتخييط وقت للسكوت وقت وللتكلم وقت. للحب وقت وللبغضة وقت للحرب وقت وللصلح وقت. فأي منفعة لمن يتعب مما يتعب به. قد رأيت الشغل الذي أعطاه الله بني البشر ليشتغلوا به. صنع الكل حسناً في وقته وأيضاً جعل الأبدية في قلبهم التي بلاها لا يدرك الإنسان العمل الذي يعمله الله من البداية إلى النهاية.عرفت انه ليس لهم خير إلا أن يفرحوا ويفعلوا خيرا في حياتهم. وأيضاً أن يأكل كل إنسان ويشرب ويرى خيراً من كل تعبه فهو عطية الله. قد عرفت أن كل ما يعمله الله انه يكون إلى الأبد لا شيء يزاد عليه ولا شيء ينقص منه وأن الله عمله حتى يخافوا أمامه. ما كان فمن القدم هو وما يكون فمن القدم قد كان والله يطلب ما قد مضى.""
جامعة,3,66,"الإصحاح الثالث الآيات (1-15): ""لكل شيء زمان ولكل أمر تحت السماوات وقت. للولادة وقت وللموت وقت للغرس وقت ولقلع المغروس وقت. للقتل وقت وللشفاء وقت للهدم وقت وللبناء وقت. للبكاء وقت وللضحك وقت للنوح وقت وللرقص وقت. لتفريق الحجارة وقت ولجمع الحجارة وقت للمعانقة وقت وللانفصال عن المعانقة وقت. للكسب وقت وللخسارة وقت للصيانة وقت وللطرح وقت. للتمزيق وقت وللتخييط وقت للسكوت وقت وللتكلم وقت. للحب وقت وللبغضة وقت للحرب وقت وللصلح وقت. فأي منفعة لمن يتعب مما يتعب به. قد رأيت الشغل الذي أعطاه الله بني البشر ليشتغلوا به. صنع الكل حسناً في وقته وأيضاً جعل الأبدية في قلبهم التي بلاها لا يدرك الإنسان العمل الذي يعمله الله من البداية إلى النهاية.عرفت انه ليس لهم خير إلا أن يفرحوا ويفعلوا خيرا في حياتهم. وأيضاً أن يأكل كل إنسان ويشرب ويرى خيراً من كل تعبه فهو عطية الله. قد عرفت أن كل ما يعمله الله انه يكون إلى الأبد لا شيء يزاد عليه ولا شيء ينقص منه وأن الله عمله حتى يخافوا أمامه. ما كان فمن القدم هو وما يكون فمن القدم قد كان والله يطلب ما قد مضى.""
جامعة,3,67,"الإصحاح الثالث الآيات (1-15): ""لكل شيء زمان ولكل أمر تحت السماوات وقت. للولادة وقت وللموت وقت للغرس وقت ولقلع المغروس وقت. للقتل وقت وللشفاء وقت للهدم وقت وللبناء وقت. للبكاء وقت وللضحك وقت للنوح وقت وللرقص وقت. لتفريق الحجارة وقت ولجمع الحجارة وقت للمعانقة وقت وللانفصال عن المعانقة وقت. للكسب وقت وللخسارة وقت للصيانة وقت وللطرح وقت. للتمزيق وقت وللتخييط وقت للسكوت وقت وللتكلم وقت. للحب وقت وللبغضة وقت للحرب وقت وللصلح وقت. فأي منفعة لمن يتعب مما يتعب به. قد رأيت الشغل الذي أعطاه الله بني البشر ليشتغلوا به. صنع الكل حسناً في وقته وأيضاً جعل الأبدية في قلبهم التي بلاها لا يدرك الإنسان العمل الذي يعمله الله من البداية إلى النهاية.عرفت انه ليس لهم خير إلا أن يفرحوا ويفعلوا خيرا في حياتهم. وأيضاً أن يأكل كل إنسان ويشرب ويرى خيراً من كل تعبه فهو عطية الله. قد عرفت أن كل ما يعمله الله انه يكون إلى الأبد لا شيء يزاد عليه ولا شيء ينقص منه وأن الله عمله حتى يخافوا أمامه. ما كان فمن القدم هو وما يكون فمن القدم قد كان والله يطلب ما قد مضى.""
جامعة,3,68,"الإصحاح الثالث الآيات (1-15): ""لكل شيء زمان ولكل أمر تحت السماوات وقت. للولادة وقت وللموت وقت للغرس وقت ولقلع المغروس وقت. للقتل وقت وللشفاء وقت للهدم وقت وللبناء وقت. للبكاء وقت وللضحك وقت للنوح وقت وللرقص وقت. لتفريق الحجارة وقت ولجمع الحجارة وقت للمعانقة وقت وللانفصال عن المعانقة وقت. للكسب وقت وللخسارة وقت للصيانة وقت وللطرح وقت. للتمزيق وقت وللتخييط وقت للسكوت وقت وللتكلم وقت. للحب وقت وللبغضة وقت للحرب وقت وللصلح وقت. فأي منفعة لمن يتعب مما يتعب به. قد رأيت الشغل الذي أعطاه الله بني البشر ليشتغلوا به. صنع الكل حسناً في وقته وأيضاً جعل الأبدية في قلبهم التي بلاها لا يدرك الإنسان العمل الذي يعمله الله من البداية إلى النهاية.عرفت انه ليس لهم خير إلا أن يفرحوا ويفعلوا خيرا في حياتهم. وأيضاً أن يأكل كل إنسان ويشرب ويرى خيراً من كل تعبه فهو عطية الله. قد عرفت أن كل ما يعمله الله انه يكون إلى الأبد لا شيء يزاد عليه ولا شيء ينقص منه وأن الله عمله حتى يخافوا أمامه. ما كان فمن القدم هو وما يكون فمن القدم قد كان والله يطلب ما قد مضى.""
جامعة,3,69,"الإصحاح الثالث الآيات (1-15): ""لكل شيء زمان ولكل أمر تحت السماوات وقت. للولادة وقت وللموت وقت للغرس وقت ولقلع المغروس وقت. للقتل وقت وللشفاء وقت للهدم وقت وللبناء وقت. للبكاء وقت وللضحك وقت للنوح وقت وللرقص وقت. لتفريق الحجارة وقت ولجمع الحجارة وقت للمعانقة وقت وللانفصال عن المعانقة وقت. للكسب وقت وللخسارة وقت للصيانة وقت وللطرح وقت. للتمزيق وقت وللتخييط وقت للسكوت وقت وللتكلم وقت. للحب وقت وللبغضة وقت للحرب وقت وللصلح وقت. فأي منفعة لمن يتعب مما يتعب به. قد رأيت الشغل الذي أعطاه الله بني البشر ليشتغلوا به. صنع الكل حسناً في وقته وأيضاً جعل الأبدية في قلبهم التي بلاها لا يدرك الإنسان العمل الذي يعمله الله من البداية إلى النهاية.عرفت انه ليس لهم خير إلا أن يفرحوا ويفعلوا خيرا في حياتهم. وأيضاً أن يأكل كل إنسان ويشرب ويرى خيراً من كل تعبه فهو عطية الله. قد عرفت أن كل ما يعمله الله انه يكون إلى الأبد لا شيء يزاد عليه ولا شيء ينقص منه وأن الله عمله حتى يخافوا أمامه. ما كان فمن القدم هو وما يكون فمن القدم قد كان والله يطلب ما قد مضى.""
جامعة,3,70,"الإصحاح الثالث الآيات (1-15): ""لكل شيء زمان ولكل أمر تحت السماوات وقت. للولادة وقت وللموت وقت للغرس وقت ولقلع المغروس وقت. للقتل وقت وللشفاء وقت للهدم وقت وللبناء وقت. للبكاء وقت وللضحك وقت للنوح وقت وللرقص وقت. لتفريق الحجارة وقت ولجمع الحجارة وقت للمعانقة وقت وللانفصال عن المعانقة وقت. للكسب وقت وللخسارة وقت للصيانة وقت وللطرح وقت. للتمزيق وقت وللتخييط وقت للسكوت وقت وللتكلم وقت. للحب وقت وللبغضة وقت للحرب وقت وللصلح وقت. فأي منفعة لمن يتعب مما يتعب به. قد رأيت الشغل الذي أعطاه الله بني البشر ليشتغلوا به. صنع الكل حسناً في وقته وأيضاً جعل الأبدية في قلبهم التي بلاها لا يدرك الإنسان العمل الذي يعمله الله من البداية إلى النهاية.عرفت انه ليس لهم خير إلا أن يفرحوا ويفعلوا خيرا في حياتهم. وأيضاً أن يأكل كل إنسان ويشرب ويرى خيراً من كل تعبه فهو عطية الله. قد عرفت أن كل ما يعمله الله انه يكون إلى الأبد لا شيء يزاد عليه ولا شيء ينقص منه وأن الله عمله حتى يخافوا أمامه. ما كان فمن القدم هو وما يكون فمن القدم قد كان والله يطلب ما قد مضى.""
جامعة,3,71,"الإصحاح الثالث الآيات (1-15): ""لكل شيء زمان ولكل أمر تحت السماوات وقت. للولادة وقت وللموت وقت للغرس وقت ولقلع المغروس وقت. للقتل وقت وللشفاء وقت للهدم وقت وللبناء وقت. للبكاء وقت وللضحك وقت للنوح وقت وللرقص وقت. لتفريق الحجارة وقت ولجمع الحجارة وقت للمعانقة وقت وللانفصال عن المعانقة وقت. للكسب وقت وللخسارة وقت للصيانة وقت وللطرح وقت. للتمزيق وقت وللتخييط وقت للسكوت وقت وللتكلم وقت. للحب وقت وللبغضة وقت للحرب وقت وللصلح وقت. فأي منفعة لمن يتعب مما يتعب به. قد رأيت الشغل الذي أعطاه الله بني البشر ليشتغلوا به. صنع الكل حسناً في وقته وأيضاً جعل الأبدية في قلبهم التي بلاها لا يدرك الإنسان العمل الذي يعمله الله من البداية إلى النهاية.عرفت انه ليس لهم خير إلا أن يفرحوا ويفعلوا خيرا في حياتهم. وأيضاً أن يأكل كل إنسان ويشرب ويرى خيراً من كل تعبه فهو عطية الله. قد عرفت أن كل ما يعمله الله انه يكون إلى الأبد لا شيء يزاد عليه ولا شيء ينقص منه وأن الله عمله حتى يخافوا أمامه. ما كان فمن القدم هو وما يكون فمن القدم قد كان والله يطلب ما قد مضى.""
جامعة,3,72,"الإصحاح الثالث الآيات (1-15): ""لكل شيء زمان ولكل أمر تحت السماوات وقت. للولادة وقت وللموت وقت للغرس وقت ولقلع المغروس وقت. للقتل وقت وللشفاء وقت للهدم وقت وللبناء وقت. للبكاء وقت وللضحك وقت للنوح وقت وللرقص وقت. لتفريق الحجارة وقت ولجمع الحجارة وقت للمعانقة وقت وللانفصال عن المعانقة وقت. للكسب وقت وللخسارة وقت للصيانة وقت وللطرح وقت. للتمزيق وقت وللتخييط وقت للسكوت وقت وللتكلم وقت. للحب وقت وللبغضة وقت للحرب وقت وللصلح وقت. فأي منفعة لمن يتعب مما يتعب به. قد رأيت الشغل الذي أعطاه الله بني البشر ليشتغلوا به. صنع الكل حسناً في وقته وأيضاً جعل الأبدية في قلبهم التي بلاها لا يدرك الإنسان العمل الذي يعمله الله من البداية إلى النهاية.عرفت انه ليس لهم خير إلا أن يفرحوا ويفعلوا خيرا في حياتهم. وأيضاً أن يأكل كل إنسان ويشرب ويرى خيراً من كل تعبه فهو عطية الله. قد عرفت أن كل ما يعمله الله انه يكون إلى الأبد لا شيء يزاد عليه ولا شيء ينقص منه وأن الله عمله حتى يخافوا أمامه. ما كان فمن القدم هو وما يكون فمن القدم قد كان والله يطلب ما قد مضى.""
جامعة,3,73,"الإصحاح الثالث الآيات (1-15): ""لكل شيء زمان ولكل أمر تحت السماوات وقت. للولادة وقت وللموت وقت للغرس وقت ولقلع المغروس وقت. للقتل وقت وللشفاء وقت للهدم وقت وللبناء وقت. للبكاء وقت وللضحك وقت للنوح وقت وللرقص وقت. لتفريق الحجارة وقت ولجمع الحجارة وقت للمعانقة وقت وللانفصال عن المعانقة وقت. للكسب وقت وللخسارة وقت للصيانة وقت وللطرح وقت. للتمزيق وقت وللتخييط وقت للسكوت وقت وللتكلم وقت. للحب وقت وللبغضة وقت للحرب وقت وللصلح وقت. فأي منفعة لمن يتعب مما يتعب به. قد رأيت الشغل الذي أعطاه الله بني البشر ليشتغلوا به. صنع الكل حسناً في وقته وأيضاً جعل الأبدية في قلبهم التي بلاها لا يدرك الإنسان العمل الذي يعمله الله من البداية إلى النهاية.عرفت انه ليس لهم خير إلا أن يفرحوا ويفعلوا خيرا في حياتهم. وأيضاً أن يأكل كل إنسان ويشرب ويرى خيراً من كل تعبه فهو عطية الله. قد عرفت أن كل ما يعمله الله انه يكون إلى الأبد لا شيء يزاد عليه ولا شيء ينقص منه وأن الله عمله حتى يخافوا أمامه. ما كان فمن القدم هو وما يكون فمن القدم قد كان والله يطلب ما قد مضى.""
جامعة,3,74,"الإصحاح الثالث الآيات (1-15): ""لكل شيء زمان ولكل أمر تحت السماوات وقت. للولادة وقت وللموت وقت للغرس وقت ولقلع المغروس وقت. للقتل وقت وللشفاء وقت للهدم وقت وللبناء وقت. للبكاء وقت وللضحك وقت للنوح وقت وللرقص وقت. لتفريق الحجارة وقت ولجمع الحجارة وقت للمعانقة وقت وللانفصال عن المعانقة وقت. للكسب وقت وللخسارة وقت للصيانة وقت وللطرح وقت. للتمزيق وقت وللتخييط وقت للسكوت وقت وللتكلم وقت. للحب وقت وللبغضة وقت للحرب وقت وللصلح وقت. فأي منفعة لمن يتعب مما يتعب به. قد رأيت الشغل الذي أعطاه الله بني البشر ليشتغلوا به. صنع الكل حسناً في وقته وأيضاً جعل الأبدية في قلبهم التي بلاها لا يدرك الإنسان العمل الذي يعمله الله من البداية إلى النهاية.عرفت انه ليس لهم خير إلا أن يفرحوا ويفعلوا خيرا في حياتهم. وأيضاً أن يأكل كل إنسان ويشرب ويرى خيراً من كل تعبه فهو عطية الله. قد عرفت أن كل ما يعمله الله انه يكون إلى الأبد لا شيء يزاد عليه ولا شيء ينقص منه وأن الله عمله حتى يخافوا أمامه. ما كان فمن القدم هو وما يكون فمن القدم قد كان والله يطلب ما قد مضى.""
جامعة,3,75,"الإصحاح الثالث الآيات (1-15): ""لكل شيء زمان ولكل أمر تحت السماوات وقت. للولادة وقت وللموت وقت للغرس وقت ولقلع المغروس وقت. للقتل وقت وللشفاء وقت للهدم وقت وللبناء وقت. للبكاء وقت وللضحك وقت للنوح وقت وللرقص وقت. لتفريق الحجارة وقت ولجمع الحجارة وقت للمعانقة وقت وللانفصال عن المعانقة وقت. للكسب وقت وللخسارة وقت للصيانة وقت وللطرح وقت. للتمزيق وقت وللتخييط وقت للسكوت وقت وللتكلم وقت. للحب وقت وللبغضة وقت للحرب وقت وللصلح وقت. فأي منفعة لمن يتعب مما يتعب به. قد رأيت الشغل الذي أعطاه الله بني البشر ليشتغلوا به. صنع الكل حسناً في وقته وأيضاً جعل الأبدية في قلبهم التي بلاها لا يدرك الإنسان العمل الذي يعمله الله من البداية إلى النهاية.عرفت انه ليس لهم خير إلا أن يفرحوا ويفعلوا خيرا في حياتهم. وأيضاً أن يأكل كل إنسان ويشرب ويرى خيراً من كل تعبه فهو عطية الله. قد عرفت أن كل ما يعمله الله انه يكون إلى الأبد لا شيء يزاد عليه ولا شيء ينقص منه وأن الله عمله حتى يخافوا أمامه. ما كان فمن القدم هو وما يكون فمن القدم قد كان والله يطلب ما قد مضى.""
جامعة,3,76,"الإصحاح الثالث الآيات (1-15): ""لكل شيء زمان ولكل أمر تحت السماوات وقت. للولادة وقت وللموت وقت للغرس وقت ولقلع المغروس وقت. للقتل وقت وللشفاء وقت للهدم وقت وللبناء وقت. للبكاء وقت وللضحك وقت للنوح وقت وللرقص وقت. لتفريق الحجارة وقت ولجمع الحجارة وقت للمعانقة وقت وللانفصال عن المعانقة وقت. للكسب وقت وللخسارة وقت للصيانة وقت وللطرح وقت. للتمزيق وقت وللتخييط وقت للسكوت وقت وللتكلم وقت. للحب وقت وللبغضة وقت للحرب وقت وللصلح وقت. فأي منفعة لمن يتعب مما يتعب به. قد رأيت الشغل الذي أعطاه الله بني البشر ليشتغلوا به. صنع الكل حسناً في وقته وأيضاً جعل الأبدية في قلبهم التي بلاها لا يدرك الإنسان العمل الذي يعمله الله من البداية إلى النهاية.عرفت انه ليس لهم خير إلا أن يفرحوا ويفعلوا خيرا في حياتهم. وأيضاً أن يأكل كل إنسان ويشرب ويرى خيراً من كل تعبه فهو عطية الله. قد عرفت أن كل ما يعمله الله انه يكون إلى الأبد لا شيء يزاد عليه ولا شيء ينقص منه وأن الله عمله حتى يخافوا أمامه. ما كان فمن القدم هو وما يكون فمن القدم قد كان والله يطلب ما قد مضى.""
جامعة,3,77,"الإصحاح الثالث الآيات (1-15): ""لكل شيء زمان ولكل أمر تحت السماوات وقت. للولادة وقت وللموت وقت للغرس وقت ولقلع المغروس وقت. للقتل وقت وللشفاء وقت للهدم وقت وللبناء وقت. للبكاء وقت وللضحك وقت للنوح وقت وللرقص وقت. لتفريق الحجارة وقت ولجمع الحجارة وقت للمعانقة وقت وللانفصال عن المعانقة وقت. للكسب وقت وللخسارة وقت للصيانة وقت وللطرح وقت. للتمزيق وقت وللتخييط وقت للسكوت وقت وللتكلم وقت. للحب وقت وللبغضة وقت للحرب وقت وللصلح وقت. فأي منفعة لمن يتعب مما يتعب به. قد رأيت الشغل الذي أعطاه الله بني البشر ليشتغلوا به. صنع الكل حسناً في وقته وأيضاً جعل الأبدية في قلبهم التي بلاها لا يدرك الإنسان العمل الذي يعمله الله من البداية إلى النهاية.عرفت انه ليس لهم خير إلا أن يفرحوا ويفعلوا خيرا في حياتهم. وأيضاً أن يأكل كل إنسان ويشرب ويرى خيراً من كل تعبه فهو عطية الله. قد عرفت أن كل ما يعمله الله انه يكون إلى الأبد لا شيء يزاد عليه ولا شيء ينقص منه وأن الله عمله حتى يخافوا أمامه. ما كان فمن القدم هو وما يكون فمن القدم قد كان والله يطلب ما قد مضى.""
جامعة,3,78,"الإصحاح الثالث الآيات (1-15): ""لكل شيء زمان ولكل أمر تحت السماوات وقت. للولادة وقت وللموت وقت للغرس وقت ولقلع المغروس وقت. للقتل وقت وللشفاء وقت للهدم وقت وللبناء وقت. للبكاء وقت وللضحك وقت للنوح وقت وللرقص وقت. لتفريق الحجارة وقت ولجمع الحجارة وقت للمعانقة وقت وللانفصال عن المعانقة وقت. للكسب وقت وللخسارة وقت للصيانة وقت وللطرح وقت. للتمزيق وقت وللتخييط وقت للسكوت وقت وللتكلم وقت. للحب وقت وللبغضة وقت للحرب وقت وللصلح وقت. فأي منفعة لمن يتعب مما يتعب به. قد رأيت الشغل الذي أعطاه الله بني البشر ليشتغلوا به. صنع الكل حسناً في وقته وأيضاً جعل الأبدية في قلبهم التي بلاها لا يدرك الإنسان العمل الذي يعمله الله من البداية إلى النهاية.عرفت انه ليس لهم خير إلا أن يفرحوا ويفعلوا خيرا في حياتهم. وأيضاً أن يأكل كل إنسان ويشرب ويرى خيراً من كل تعبه فهو عطية الله. قد عرفت أن كل ما يعمله الله انه يكون إلى الأبد لا شيء يزاد عليه ولا شيء ينقص منه وأن الله عمله حتى يخافوا أمامه. ما كان فمن القدم هو وما يكون فمن القدم قد كان والله يطلب ما قد مضى.""
جامعة,3,79,"الإصحاح الثالث الآيات (1-15): ""لكل شيء زمان ولكل أمر تحت السماوات وقت. للولادة وقت وللموت وقت للغرس وقت ولقلع المغروس وقت. للقتل وقت وللشفاء وقت للهدم وقت وللبناء وقت. للبكاء وقت وللضحك وقت للنوح وقت وللرقص وقت. لتفريق الحجارة وقت ولجمع الحجارة وقت للمعانقة وقت وللانفصال عن المعانقة وقت. للكسب وقت وللخسارة وقت للصيانة وقت وللطرح وقت. للتمزيق وقت وللتخييط وقت للسكوت وقت وللتكلم وقت. للحب وقت وللبغضة وقت للحرب وقت وللصلح وقت. فأي منفعة لمن يتعب مما يتعب به. قد رأيت الشغل الذي أعطاه الله بني البشر ليشتغلوا به. صنع الكل حسناً في وقته وأيضاً جعل الأبدية في قلبهم التي بلاها لا يدرك الإنسان العمل الذي يعمله الله من البداية إلى النهاية.عرفت انه ليس لهم خير إلا أن يفرحوا ويفعلوا خيرا في حياتهم. وأيضاً أن يأكل كل إنسان ويشرب ويرى خيراً من كل تعبه فهو عطية الله. قد عرفت أن كل ما يعمله الله انه يكون إلى الأبد لا شيء يزاد عليه ولا شيء ينقص منه وأن الله عمله حتى يخافوا أمامه. ما كان فمن القدم هو وما يكون فمن القدم قد كان والله يطلب ما قد مضى.""
جامعة,3,80,"الإصحاح الثالث الآيات (1-15): ""لكل شيء زمان ولكل أمر تحت السماوات وقت. للولادة وقت وللموت وقت للغرس وقت ولقلع المغروس وقت. للقتل وقت وللشفاء وقت للهدم وقت وللبناء وقت. للبكاء وقت وللضحك وقت للنوح وقت وللرقص وقت. لتفريق الحجارة وقت ولجمع الحجارة وقت للمعانقة وقت وللانفصال عن المعانقة وقت. للكسب وقت وللخسارة وقت للصيانة وقت وللطرح وقت. للتمزيق وقت وللتخييط وقت للسكوت وقت وللتكلم وقت. للحب وقت وللبغضة وقت للحرب وقت وللصلح وقت. فأي منفعة لمن يتعب مما يتعب به. قد رأيت الشغل الذي أعطاه الله بني البشر ليشتغلوا به. صنع الكل حسناً في وقته وأيضاً جعل الأبدية في قلبهم التي بلاها لا يدرك الإنسان العمل الذي يعمله الله من البداية إلى النهاية.عرفت انه ليس لهم خير إلا أن يفرحوا ويفعلوا خيرا في حياتهم. وأيضاً أن يأكل كل إنسان ويشرب ويرى خيراً من كل تعبه فهو عطية الله. قد عرفت أن كل ما يعمله الله انه يكون إلى الأبد لا شيء يزاد عليه ولا شيء ينقص منه وأن الله عمله حتى يخافوا أمامه. ما كان فمن القدم هو وما يكون فمن القدم قد كان والله يطلب ما قد مضى.""
جامعة,3,81,"الإصحاح الثالث الآيات (1-15): ""لكل شيء زمان ولكل أمر تحت السماوات وقت. للولادة وقت وللموت وقت للغرس وقت ولقلع المغروس وقت. للقتل وقت وللشفاء وقت للهدم وقت وللبناء وقت. للبكاء وقت وللضحك وقت للنوح وقت وللرقص وقت. لتفريق الحجارة وقت ولجمع الحجارة وقت للمعانقة وقت وللانفصال عن المعانقة وقت. للكسب وقت وللخسارة وقت للصيانة وقت وللطرح وقت. للتمزيق وقت وللتخييط وقت للسكوت وقت وللتكلم وقت. للحب وقت وللبغضة وقت للحرب وقت وللصلح وقت. فأي منفعة لمن يتعب مما يتعب به. قد رأيت الشغل الذي أعطاه الله بني البشر ليشتغلوا به. صنع الكل حسناً في وقته وأيضاً جعل الأبدية في قلبهم التي بلاها لا يدرك الإنسان العمل الذي يعمله الله من البداية إلى النهاية.عرفت انه ليس لهم خير إلا أن يفرحوا ويفعلوا خيرا في حياتهم. وأيضاً أن يأكل كل إنسان ويشرب ويرى خيراً من كل تعبه فهو عطية الله. قد عرفت أن كل ما يعمله الله انه يكون إلى الأبد لا شيء يزاد عليه ولا شيء ينقص منه وأن الله عمله حتى يخافوا أمامه. ما كان فمن القدم هو وما يكون فمن القدم قد كان والله يطلب ما قد مضى.""
جامعة,3,82,"الإصحاح الثالث الآيات (1-15): ""لكل شيء زمان ولكل أمر تحت السماوات وقت. للولادة وقت وللموت وقت للغرس وقت ولقلع المغروس وقت. للقتل وقت وللشفاء وقت للهدم وقت وللبناء وقت. للبكاء وقت وللضحك وقت للنوح وقت وللرقص وقت. لتفريق الحجارة وقت ولجمع الحجارة وقت للمعانقة وقت وللانفصال عن المعانقة وقت. للكسب وقت وللخسارة وقت للصيانة وقت وللطرح وقت. للتمزيق وقت وللتخييط وقت للسكوت وقت وللتكلم وقت. للحب وقت وللبغضة وقت للحرب وقت وللصلح وقت. فأي منفعة لمن يتعب مما يتعب به. قد رأيت الشغل الذي أعطاه الله بني البشر ليشتغلوا به. صنع الكل حسناً في وقته وأيضاً جعل الأبدية في قلبهم التي بلاها لا يدرك الإنسان العمل الذي يعمله الله من البداية إلى النهاية.عرفت انه ليس لهم خير إلا أن يفرحوا ويفعلوا خيرا في حياتهم. وأيضاً أن يأكل كل إنسان ويشرب ويرى خيراً من كل تعبه فهو عطية الله. قد عرفت أن كل ما يعمله الله انه يكون إلى الأبد لا شيء يزاد عليه ولا شيء ينقص منه وأن الله عمله حتى يخافوا أمامه. ما كان فمن القدم هو وما يكون فمن القدم قد كان والله يطلب ما قد مضى.""
جامعة,3,83,"الإصحاح الثالث الآيات (1-15): ""لكل شيء زمان ولكل أمر تحت السماوات وقت. للولادة وقت وللموت وقت للغرس وقت ولقلع المغروس وقت. للقتل وقت وللشفاء وقت للهدم وقت وللبناء وقت. للبكاء وقت وللضحك وقت للنوح وقت وللرقص وقت. لتفريق الحجارة وقت ولجمع الحجارة وقت للمعانقة وقت وللانفصال عن المعانقة وقت. للكسب وقت وللخسارة وقت للصيانة وقت وللطرح وقت. للتمزيق وقت وللتخييط وقت للسكوت وقت وللتكلم وقت. للحب وقت وللبغضة وقت للحرب وقت وللصلح وقت. فأي منفعة لمن يتعب مما يتعب به. قد رأيت الشغل الذي أعطاه الله بني البشر ليشتغلوا به. صنع الكل حسناً في وقته وأيضاً جعل الأبدية في قلبهم التي بلاها لا يدرك الإنسان العمل الذي يعمله الله من البداية إلى النهاية.عرفت انه ليس لهم خير إلا أن يفرحوا ويفعلوا خيرا في حياتهم. وأيضاً أن يأكل كل إنسان ويشرب ويرى خيراً من كل تعبه فهو عطية الله. قد عرفت أن كل ما يعمله الله انه يكون إلى الأبد لا شيء يزاد عليه ولا شيء ينقص منه وأن الله عمله حتى يخافوا أمامه. ما كان فمن القدم هو وما يكون فمن القدم قد كان والله يطلب ما قد مضى.""
جامعة,3,84,"الإصحاح الثالث الآيات (1-15): ""لكل شيء زمان ولكل أمر تحت السماوات وقت. للولادة وقت وللموت وقت للغرس وقت ولقلع المغروس وقت. للقتل وقت وللشفاء وقت للهدم وقت وللبناء وقت. للبكاء وقت وللضحك وقت للنوح وقت وللرقص وقت. لتفريق الحجارة وقت ولجمع الحجارة وقت للمعانقة وقت وللانفصال عن المعانقة وقت. للكسب وقت وللخسارة وقت للصيانة وقت وللطرح وقت. للتمزيق وقت وللتخييط وقت للسكوت وقت وللتكلم وقت. للحب وقت وللبغضة وقت للحرب وقت وللصلح وقت. فأي منفعة لمن يتعب مما يتعب به. قد رأيت الشغل الذي أعطاه الله بني البشر ليشتغلوا به. صنع الكل حسناً في وقته وأيضاً جعل الأبدية في قلبهم التي بلاها لا يدرك الإنسان العمل الذي يعمله الله من البداية إلى النهاية.عرفت انه ليس لهم خير إلا أن يفرحوا ويفعلوا خيرا في حياتهم. وأيضاً أن يأكل كل إنسان ويشرب ويرى خيراً من كل تعبه فهو عطية الله. قد عرفت أن كل ما يعمله الله انه يكون إلى الأبد لا شيء يزاد عليه ولا شيء ينقص منه وأن الله عمله حتى يخافوا أمامه. ما كان فمن القدم هو وما يكون فمن القدم قد كان والله يطلب ما قد مضى.""
جامعة,3,85,"الإصحاح الثالث الآيات (1-15): ""لكل شيء زمان ولكل أمر تحت السماوات وقت. للولادة وقت وللموت وقت للغرس وقت ولقلع المغروس وقت. للقتل وقت وللشفاء وقت للهدم وقت وللبناء وقت. للبكاء وقت وللضحك وقت للنوح وقت وللرقص وقت. لتفريق الحجارة وقت ولجمع الحجارة وقت للمعانقة وقت وللانفصال عن المعانقة وقت. للكسب وقت وللخسارة وقت للصيانة وقت وللطرح وقت. للتمزيق وقت وللتخييط وقت للسكوت وقت وللتكلم وقت. للحب وقت وللبغضة وقت للحرب وقت وللصلح وقت. فأي منفعة لمن يتعب مما يتعب به. قد رأيت الشغل الذي أعطاه الله بني البشر ليشتغلوا به. صنع الكل حسناً في وقته وأيضاً جعل الأبدية في قلبهم التي بلاها لا يدرك الإنسان العمل الذي يعمله الله من البداية إلى النهاية.عرفت انه ليس لهم خير إلا أن يفرحوا ويفعلوا خيرا في حياتهم. وأيضاً أن يأكل كل إنسان ويشرب ويرى خيراً من كل تعبه فهو عطية الله. قد عرفت أن كل ما يعمله الله انه يكون إلى الأبد لا شيء يزاد عليه ولا شيء ينقص منه وأن الله عمله حتى يخافوا أمامه. ما كان فمن القدم هو وما يكون فمن القدم قد كان والله يطلب ما قد مضى.""
جامعة,3,86,"الإصحاح الثالث الآيات (1-15): ""لكل شيء زمان ولكل أمر تحت السماوات وقت. للولادة وقت وللموت وقت للغرس وقت ولقلع المغروس وقت. للقتل وقت وللشفاء وقت للهدم وقت وللبناء وقت. للبكاء وقت وللضحك وقت للنوح وقت وللرقص وقت. لتفريق الحجارة وقت ولجمع الحجارة وقت للمعانقة وقت وللانفصال عن المعانقة وقت. للكسب وقت وللخسارة وقت للصيانة وقت وللطرح وقت. للتمزيق وقت وللتخييط وقت للسكوت وقت وللتكلم وقت. للحب وقت وللبغضة وقت للحرب وقت وللصلح وقت. فأي منفعة لمن يتعب مما يتعب به. قد رأيت الشغل الذي أعطاه الله بني البشر ليشتغلوا به. صنع الكل حسناً في وقته وأيضاً جعل الأبدية في قلبهم التي بلاها لا يدرك الإنسان العمل الذي يعمله الله من البداية إلى النهاية.عرفت انه ليس لهم خير إلا أن يفرحوا ويفعلوا خيرا في حياتهم. وأيضاً أن يأكل كل إنسان ويشرب ويرى خيراً من كل تعبه فهو عطية الله. قد عرفت أن كل ما يعمله الله انه يكون إلى الأبد لا شيء يزاد عليه ولا شيء ينقص منه وأن الله عمله حتى يخافوا أمامه. ما كان فمن القدم هو وما يكون فمن القدم قد كان والله يطلب ما قد مضى.""
جامعة,3,87,"الإصحاح الثالث الآيات (1-15): ""لكل شيء زمان ولكل أمر تحت السماوات وقت. للولادة وقت وللموت وقت للغرس وقت ولقلع المغروس وقت. للقتل وقت وللشفاء وقت للهدم وقت وللبناء وقت. للبكاء وقت وللضحك وقت للنوح وقت وللرقص وقت. لتفريق الحجارة وقت ولجمع الحجارة وقت للمعانقة وقت وللانفصال عن المعانقة وقت. للكسب وقت وللخسارة وقت للصيانة وقت وللطرح وقت. للتمزيق وقت وللتخييط وقت للسكوت وقت وللتكلم وقت. للحب وقت وللبغضة وقت للحرب وقت وللصلح وقت. فأي منفعة لمن يتعب مما يتعب به. قد رأيت الشغل الذي أعطاه الله بني البشر ليشتغلوا به. صنع الكل حسناً في وقته وأيضاً جعل الأبدية في قلبهم التي بلاها لا يدرك الإنسان العمل الذي يعمله الله من البداية إلى النهاية.عرفت انه ليس لهم خير إلا أن يفرحوا ويفعلوا خيرا في حياتهم. وأيضاً أن يأكل كل إنسان ويشرب ويرى خيراً من كل تعبه فهو عطية الله. قد عرفت أن كل ما يعمله الله انه يكون إلى الأبد لا شيء يزاد عليه ولا شيء ينقص منه وأن الله عمله حتى يخافوا أمامه. ما كان فمن القدم هو وما يكون فمن القدم قد كان والله يطلب ما قد مضى.""
جامعة,3,88,"الإصحاح الثالث الآيات (1-15): ""لكل شيء زمان ولكل أمر تحت السماوات وقت. للولادة وقت وللموت وقت للغرس وقت ولقلع المغروس وقت. للقتل وقت وللشفاء وقت للهدم وقت وللبناء وقت. للبكاء وقت وللضحك وقت للنوح وقت وللرقص وقت. لتفريق الحجارة وقت ولجمع الحجارة وقت للمعانقة وقت وللانفصال عن المعانقة وقت. للكسب وقت وللخسارة وقت للصيانة وقت وللطرح وقت. للتمزيق وقت وللتخييط وقت للسكوت وقت وللتكلم وقت. للحب وقت وللبغضة وقت للحرب وقت وللصلح وقت. فأي منفعة لمن يتعب مما يتعب به. قد رأيت الشغل الذي أعطاه الله بني البشر ليشتغلوا به. صنع الكل حسناً في وقته وأيضاً جعل الأبدية في قلبهم التي بلاها لا يدرك الإنسان العمل الذي يعمله الله من البداية إلى النهاية.عرفت انه ليس لهم خير إلا أن يفرحوا ويفعلوا خيرا في حياتهم. وأيضاً أن يأكل كل إنسان ويشرب ويرى خيراً من كل تعبه فهو عطية الله. قد عرفت أن كل ما يعمله الله انه يكون إلى الأبد لا شيء يزاد عليه ولا شيء ينقص منه وأن الله عمله حتى يخافوا أمامه. ما كان فمن القدم هو وما يكون فمن القدم قد كان والله يطلب ما قد مضى.""
جامعة,3,89,"الإصحاح الثالث الآيات (1-15): ""لكل شيء زمان ولكل أمر تحت السماوات وقت. للولادة وقت وللموت وقت للغرس وقت ولقلع المغروس وقت. للقتل وقت وللشفاء وقت للهدم وقت وللبناء وقت. للبكاء وقت وللضحك وقت للنوح وقت وللرقص وقت. لتفريق الحجارة وقت ولجمع الحجارة وقت للمعانقة وقت وللانفصال عن المعانقة وقت. للكسب وقت وللخسارة وقت للصيانة وقت وللطرح وقت. للتمزيق وقت وللتخييط وقت للسكوت وقت وللتكلم وقت. للحب وقت وللبغضة وقت للحرب وقت وللصلح وقت. فأي منفعة لمن يتعب مما يتعب به. قد رأيت الشغل الذي أعطاه الله بني البشر ليشتغلوا به. صنع الكل حسناً في وقته وأيضاً جعل الأبدية في قلبهم التي بلاها لا يدرك الإنسان العمل الذي يعمله الله من البداية إلى النهاية.عرفت انه ليس لهم خير إلا أن يفرحوا ويفعلوا خيرا في حياتهم. وأيضاً أن يأكل كل إنسان ويشرب ويرى خيراً من كل تعبه فهو عطية الله. قد عرفت أن كل ما يعمله الله انه يكون إلى الأبد لا شيء يزاد عليه ولا شيء ينقص منه وأن الله عمله حتى يخافوا أمامه. ما كان فمن القدم هو وما يكون فمن القدم قد كان والله يطلب ما قد مضى.""
جامعة,3,90,"الإصحاح الثالث الآيات (1-15): ""لكل شيء زمان ولكل أمر تحت السماوات وقت. للولادة وقت وللموت وقت للغرس وقت ولقلع المغروس وقت. للقتل وقت وللشفاء وقت للهدم وقت وللبناء وقت. للبكاء وقت وللضحك وقت للنوح وقت وللرقص وقت. لتفريق الحجارة وقت ولجمع الحجارة وقت للمعانقة وقت وللانفصال عن المعانقة وقت. للكسب وقت وللخسارة وقت للصيانة وقت وللطرح وقت. للتمزيق وقت وللتخييط وقت للسكوت وقت وللتكلم وقت. للحب وقت وللبغضة وقت للحرب وقت وللصلح وقت. فأي منفعة لمن يتعب مما يتعب به. قد رأيت الشغل الذي أعطاه الله بني البشر ليشتغلوا به. صنع الكل حسناً في وقته وأيضاً جعل الأبدية في قلبهم التي بلاها لا يدرك الإنسان العمل الذي يعمله الله من البداية إلى النهاية.عرفت انه ليس لهم خير إلا أن يفرحوا ويفعلوا خيرا في حياتهم. وأيضاً أن يأكل كل إنسان ويشرب ويرى خيراً من كل تعبه فهو عطية الله. قد عرفت أن كل ما يعمله الله انه يكون إلى الأبد لا شيء يزاد عليه ولا شيء ينقص منه وأن الله عمله حتى يخافوا أمامه. ما كان فمن القدم هو وما يكون فمن القدم قد كان والله يطلب ما قد مضى.""
جامعة,3,91,"الإصحاح الثالث الآيات (1-15): ""لكل شيء زمان ولكل أمر تحت السماوات وقت. للولادة وقت وللموت وقت للغرس وقت ولقلع المغروس وقت. للقتل وقت وللشفاء وقت للهدم وقت وللبناء وقت. للبكاء وقت وللضحك وقت للنوح وقت وللرقص وقت. لتفريق الحجارة وقت ولجمع الحجارة وقت للمعانقة وقت وللانفصال عن المعانقة وقت. للكسب وقت وللخسارة وقت للصيانة وقت وللطرح وقت. للتمزيق وقت وللتخييط وقت للسكوت وقت وللتكلم وقت. للحب وقت وللبغضة وقت للحرب وقت وللصلح وقت. فأي منفعة لمن يتعب مما يتعب به. قد رأيت الشغل الذي أعطاه الله بني البشر ليشتغلوا به. صنع الكل حسناً في وقته وأيضاً جعل الأبدية في قلبهم التي بلاها لا يدرك الإنسان العمل الذي يعمله الله من البداية إلى النهاية.عرفت انه ليس لهم خير إلا أن يفرحوا ويفعلوا خيرا في حياتهم. وأيضاً أن يأكل كل إنسان ويشرب ويرى خيراً من كل تعبه فهو عطية الله. قد عرفت أن كل ما يعمله الله انه يكون إلى الأبد لا شيء يزاد عليه ولا شيء ينقص منه وأن الله عمله حتى يخافوا أمامه. ما كان فمن القدم هو وما يكون فمن القدم قد كان والله يطلب ما قد مضى.""
جامعة,3,92,"الإصحاح الثالث الآيات (1-15): ""لكل شيء زمان ولكل أمر تحت السماوات وقت. للولادة وقت وللموت وقت للغرس وقت ولقلع المغروس وقت. للقتل وقت وللشفاء وقت للهدم وقت وللبناء وقت. للبكاء وقت وللضحك وقت للنوح وقت وللرقص وقت. لتفريق الحجارة وقت ولجمع الحجارة وقت للمعانقة وقت وللانفصال عن المعانقة وقت. للكسب وقت وللخسارة وقت للصيانة وقت وللطرح وقت. للتمزيق وقت وللتخييط وقت للسكوت وقت وللتكلم وقت. للحب وقت وللبغضة وقت للحرب وقت وللصلح وقت. فأي منفعة لمن يتعب مما يتعب به. قد رأيت الشغل الذي أعطاه الله بني البشر ليشتغلوا به. صنع الكل حسناً في وقته وأيضاً جعل الأبدية في قلبهم التي بلاها لا يدرك الإنسان العمل الذي يعمله الله من البداية إلى النهاية.عرفت انه ليس لهم خير إلا أن يفرحوا ويفعلوا خيرا في حياتهم. وأيضاً أن يأكل كل إنسان ويشرب ويرى خيراً من كل تعبه فهو عطية الله. قد عرفت أن كل ما يعمله الله انه يكون إلى الأبد لا شيء يزاد عليه ولا شيء ينقص منه وأن الله عمله حتى يخافوا أمامه. ما كان فمن القدم هو وما يكون فمن القدم قد كان والله يطلب ما قد مضى.""
جامعة,3,93,"الإصحاح الثالث الآيات (1-15): ""لكل شيء زمان ولكل أمر تحت السماوات وقت. للولادة وقت وللموت وقت للغرس وقت ولقلع المغروس وقت. للقتل وقت وللشفاء وقت للهدم وقت وللبناء وقت. للبكاء وقت وللضحك وقت للنوح وقت وللرقص وقت. لتفريق الحجارة وقت ولجمع الحجارة وقت للمعانقة وقت وللانفصال عن المعانقة وقت. للكسب وقت وللخسارة وقت للصيانة وقت وللطرح وقت. للتمزيق وقت وللتخييط وقت للسكوت وقت وللتكلم وقت. للحب وقت وللبغضة وقت للحرب وقت وللصلح وقت. فأي منفعة لمن يتعب مما يتعب به. قد رأيت الشغل الذي أعطاه الله بني البشر ليشتغلوا به. صنع الكل حسناً في وقته وأيضاً جعل الأبدية في قلبهم التي بلاها لا يدرك الإنسان العمل الذي يعمله الله من البداية إلى النهاية.عرفت انه ليس لهم خير إلا أن يفرحوا ويفعلوا خيرا في حياتهم. وأيضاً أن يأكل كل إنسان ويشرب ويرى خيراً من كل تعبه فهو عطية الله. قد عرفت أن كل ما يعمله الله انه يكون إلى الأبد لا شيء يزاد عليه ولا شيء ينقص منه وأن الله عمله حتى يخافوا أمامه. ما كان فمن القدم هو وما يكون فمن القدم قد كان والله يطلب ما قد مضى.""
جامعة,3,94,"الإصحاح الثالث الآيات (1-15): ""لكل شيء زمان ولكل أمر تحت السماوات وقت. للولادة وقت وللموت وقت للغرس وقت ولقلع المغروس وقت. للقتل وقت وللشفاء وقت للهدم وقت وللبناء وقت. للبكاء وقت وللضحك وقت للنوح وقت وللرقص وقت. لتفريق الحجارة وقت ولجمع الحجارة وقت للمعانقة وقت وللانفصال عن المعانقة وقت. للكسب وقت وللخسارة وقت للصيانة وقت وللطرح وقت. للتمزيق وقت وللتخييط وقت للسكوت وقت وللتكلم وقت. للحب وقت وللبغضة وقت للحرب وقت وللصلح وقت. فأي منفعة لمن يتعب مما يتعب به. قد رأيت الشغل الذي أعطاه الله بني البشر ليشتغلوا به. صنع الكل حسناً في وقته وأيضاً جعل الأبدية في قلبهم التي بلاها لا يدرك الإنسان العمل الذي يعمله الله من البداية إلى النهاية.عرفت انه ليس لهم خير إلا أن يفرحوا ويفعلوا خيرا في حياتهم. وأيضاً أن يأكل كل إنسان ويشرب ويرى خيراً من كل تعبه فهو عطية الله. قد عرفت أن كل ما يعمله الله انه يكون إلى الأبد لا شيء يزاد عليه ولا شيء ينقص منه وأن الله عمله حتى يخافوا أمامه. ما كان فمن القدم هو وما يكون فمن القدم قد كان والله يطلب ما قد مضى.""
جامعة,3,95,"الإصحاح الثالث الآيات (1-15): ""لكل شيء زمان ولكل أمر تحت السماوات وقت. للولادة وقت وللموت وقت للغرس وقت ولقلع المغروس وقت. للقتل وقت وللشفاء وقت للهدم وقت وللبناء وقت. للبكاء وقت وللضحك وقت للنوح وقت وللرقص وقت. لتفريق الحجارة وقت ولجمع الحجارة وقت للمعانقة وقت وللانفصال عن المعانقة وقت. للكسب وقت وللخسارة وقت للصيانة وقت وللطرح وقت. للتمزيق وقت وللتخييط وقت للسكوت وقت وللتكلم وقت. للحب وقت وللبغضة وقت للحرب وقت وللصلح وقت. فأي منفعة لمن يتعب مما يتعب به. قد رأيت الشغل الذي أعطاه الله بني البشر ليشتغلوا به. صنع الكل حسناً في وقته وأيضاً جعل الأبدية في قلبهم التي بلاها لا يدرك الإنسان العمل الذي يعمله الله من البداية إلى النهاية.عرفت انه ليس لهم خير إلا أن يفرحوا ويفعلوا خيرا في حياتهم. وأيضاً أن يأكل كل إنسان ويشرب ويرى خيراً من كل تعبه فهو عطية الله. قد عرفت أن كل ما يعمله الله انه يكون إلى الأبد لا شيء يزاد عليه ولا شيء ينقص منه وأن الله عمله حتى يخافوا أمامه. ما كان فمن القدم هو وما يكون فمن القدم قد كان والله يطلب ما قد مضى.""
جامعة,3,96,"الإصحاح الثالث الآيات (1-15): ""لكل شيء زمان ولكل أمر تحت السماوات وقت. للولادة وقت وللموت وقت للغرس وقت ولقلع المغروس وقت. للقتل وقت وللشفاء وقت للهدم وقت وللبناء وقت. للبكاء وقت وللضحك وقت للنوح وقت وللرقص وقت. لتفريق الحجارة وقت ولجمع الحجارة وقت للمعانقة وقت وللانفصال عن المعانقة وقت. للكسب وقت وللخسارة وقت للصيانة وقت وللطرح وقت. للتمزيق وقت وللتخييط وقت للسكوت وقت وللتكلم وقت. للحب وقت وللبغضة وقت للحرب وقت وللصلح وقت. فأي منفعة لمن يتعب مما يتعب به. قد رأيت الشغل الذي أعطاه الله بني البشر ليشتغلوا به. صنع الكل حسناً في وقته وأيضاً جعل الأبدية في قلبهم التي بلاها لا يدرك الإنسان العمل الذي يعمله الله من البداية إلى النهاية.عرفت انه ليس لهم خير إلا أن يفرحوا ويفعلوا خيرا في حياتهم. وأيضاً أن يأكل كل إنسان ويشرب ويرى خيراً من كل تعبه فهو عطية الله. قد عرفت أن كل ما يعمله الله انه يكون إلى الأبد لا شيء يزاد عليه ولا شيء ينقص منه وأن الله عمله حتى يخافوا أمامه. ما كان فمن القدم هو وما يكون فمن القدم قد كان والله يطلب ما قد مضى.""
جامعة,3,97,"الإصحاح الثالث الآيات (1-15): ""لكل شيء زمان ولكل أمر تحت السماوات وقت. للولادة وقت وللموت وقت للغرس وقت ولقلع المغروس وقت. للقتل وقت وللشفاء وقت للهدم وقت وللبناء وقت. للبكاء وقت وللضحك وقت للنوح وقت وللرقص وقت. لتفريق الحجارة وقت ولجمع الحجارة وقت للمعانقة وقت وللانفصال عن المعانقة وقت. للكسب وقت وللخسارة وقت للصيانة وقت وللطرح وقت. للتمزيق وقت وللتخييط وقت للسكوت وقت وللتكلم وقت. للحب وقت وللبغضة وقت للحرب وقت وللصلح وقت. فأي منفعة لمن يتعب مما يتعب به. قد رأيت الشغل الذي أعطاه الله بني البشر ليشتغلوا به. صنع الكل حسناً في وقته وأيضاً جعل الأبدية في قلبهم التي بلاها لا يدرك الإنسان العمل الذي يعمله الله من البداية إلى النهاية.عرفت انه ليس لهم خير إلا أن يفرحوا ويفعلوا خيرا في حياتهم. وأيضاً أن يأكل كل إنسان ويشرب ويرى خيراً من كل تعبه فهو عطية الله. قد عرفت أن كل ما يعمله الله انه يكون إلى الأبد لا شيء يزاد عليه ولا شيء ينقص منه وأن الله عمله حتى يخافوا أمامه. ما كان فمن القدم هو وما يكون فمن القدم قد كان والله يطلب ما قد مضى.""
جامعة,3,98,"الإصحاح الثالث الآيات (1-15): ""لكل شيء زمان ولكل أمر تحت السماوات وقت. للولادة وقت وللموت وقت للغرس وقت ولقلع المغروس وقت. للقتل وقت وللشفاء وقت للهدم وقت وللبناء وقت. للبكاء وقت وللضحك وقت للنوح وقت وللرقص وقت. لتفريق الحجارة وقت ولجمع الحجارة وقت للمعانقة وقت وللانفصال عن المعانقة وقت. للكسب وقت وللخسارة وقت للصيانة وقت وللطرح وقت. للتمزيق وقت وللتخييط وقت للسكوت وقت وللتكلم وقت. للحب وقت وللبغضة وقت للحرب وقت وللصلح وقت. فأي منفعة لمن يتعب مما يتعب به. قد رأيت الشغل الذي أعطاه الله بني البشر ليشتغلوا به. صنع الكل حسناً في وقته وأيضاً جعل الأبدية في قلبهم التي بلاها لا يدرك الإنسان العمل الذي يعمله الله من البداية إلى النهاية.عرفت انه ليس لهم خير إلا أن يفرحوا ويفعلوا خيرا في حياتهم. وأيضاً أن يأكل كل إنسان ويشرب ويرى خيراً من كل تعبه فهو عطية الله. قد عرفت أن كل ما يعمله الله انه يكون إلى الأبد لا شيء يزاد عليه ولا شيء ينقص منه وأن الله عمله حتى يخافوا أمامه. ما كان فمن القدم هو وما يكون فمن القدم قد كان والله يطلب ما قد مضى.""
جامعة,3,99,"الإصحاح الثالث الآيات (1-15): ""لكل شيء زمان ولكل أمر تحت السماوات وقت. للولادة وقت وللموت وقت للغرس وقت ولقلع المغروس وقت. للقتل وقت وللشفاء وقت للهدم وقت وللبناء وقت. للبكاء وقت وللضحك وقت للنوح وقت وللرقص وقت. لتفريق الحجارة وقت ولجمع الحجارة وقت للمعانقة وقت وللانفصال عن المعانقة وقت. للكسب وقت وللخسارة وقت للصيانة وقت وللطرح وقت. للتمزيق وقت وللتخييط وقت للسكوت وقت وللتكلم وقت. للحب وقت وللبغضة وقت للحرب وقت وللصلح وقت. فأي منفعة لمن يتعب مما يتعب به. قد رأيت الشغل الذي أعطاه الله بني البشر ليشتغلوا به. صنع الكل حسناً في وقته وأيضاً جعل الأبدية في قلبهم التي بلاها لا يدرك الإنسان العمل الذي يعمله الله من البداية إلى النهاية.عرفت انه ليس لهم خير إلا أن يفرحوا ويفعلوا خيرا في حياتهم. وأيضاً أن يأكل كل إنسان ويشرب ويرى خيراً من كل تعبه فهو عطية الله. قد عرفت أن كل ما يعمله الله انه يكون إلى الأبد لا شيء يزاد عليه ولا شيء ينقص منه وأن الله عمله حتى يخافوا أمامه. ما كان فمن القدم هو وما يكون فمن القدم قد كان والله يطلب ما قد مضى.""
جامعة,4,1,"الإصحاح الرابع في تأملات سليمان في هذا الإصحاح نراه يصل للنتيجة التي يرد إثباتها ويه بطلان هذا العالم\'a1 بعدة طرق\'a1 فالفقراء مظلومون والأغنياء محسودون من الكسالى الذين لا يعملون ومن يجمع المال لا يشبع منه\'a1 وهو تعيس إذ لا يعرف لمن يترك ما قد جمعه. ومن يتسلط أي يملك لا يثبت في سلطته بل إذا ملك غيره ينفض عنه شعبه ويلتفوا حول الملك الجديد.
جامعة,4,2,"الإصحاح الرابع في تأملات سليمان في هذا الإصحاح نراه يصل للنتيجة التي يرد إثباتها ويه بطلان هذا العالم\'a1 بعدة طرق\'a1 فالفقراء مظلومون والأغنياء محسودون من الكسالى الذين لا يعملون ومن يجمع المال لا يشبع منه\'a1 وهو تعيس إذ لا يعرف لمن يترك ما قد جمعه. ومن يتسلط أي يملك لا يثبت في سلطته بل إذا ملك غيره ينفض عنه شعبه ويلتفوا حول الملك الجديد.
جامعة,4,3,"الإصحاح الرابع في تأملات سليمان في هذا الإصحاح نراه يصل للنتيجة التي يرد إثباتها ويه بطلان هذا العالم\'a1 بعدة طرق\'a1 فالفقراء مظلومون والأغنياء محسودون من الكسالى الذين لا يعملون ومن يجمع المال لا يشبع منه\'a1 وهو تعيس إذ لا يعرف لمن يترك ما قد جمعه. ومن يتسلط أي يملك لا يثبت في سلطته بل إذا ملك غيره ينفض عنه شعبه ويلتفوا حول الملك الجديد.
جامعة,4,4,"الإصحاح الرابع في تأملات سليمان في هذا الإصحاح نراه يصل للنتيجة التي يرد إثباتها ويه بطلان هذا العالم\'a1 بعدة طرق\'a1 فالفقراء مظلومون والأغنياء محسودون من الكسالى الذين لا يعملون ومن يجمع المال لا يشبع منه\'a1 وهو تعيس إذ لا يعرف لمن يترك ما قد جمعه. ومن يتسلط أي يملك لا يثبت في سلطته بل إذا ملك غيره ينفض عنه شعبه ويلتفوا حول الملك الجديد.
جامعة,4,5,"الإصحاح الرابع في تأملات سليمان في هذا الإصحاح نراه يصل للنتيجة التي يرد إثباتها ويه بطلان هذا العالم\'a1 بعدة طرق\'a1 فالفقراء مظلومون والأغنياء محسودون من الكسالى الذين لا يعملون ومن يجمع المال لا يشبع منه\'a1 وهو تعيس إذ لا يعرف لمن يترك ما قد جمعه. ومن يتسلط أي يملك لا يثبت في سلطته بل إذا ملك غيره ينفض عنه شعبه ويلتفوا حول الملك الجديد.
جامعة,4,6,"الإصحاح الرابع في تأملات سليمان في هذا الإصحاح نراه يصل للنتيجة التي يرد إثباتها ويه بطلان هذا العالم\'a1 بعدة طرق\'a1 فالفقراء مظلومون والأغنياء محسودون من الكسالى الذين لا يعملون ومن يجمع المال لا يشبع منه\'a1 وهو تعيس إذ لا يعرف لمن يترك ما قد جمعه. ومن يتسلط أي يملك لا يثبت في سلطته بل إذا ملك غيره ينفض عنه شعبه ويلتفوا حول الملك الجديد.
جامعة,4,7,"الإصحاح الرابع في تأملات سليمان في هذا الإصحاح نراه يصل للنتيجة التي يرد إثباتها ويه بطلان هذا العالم\'a1 بعدة طرق\'a1 فالفقراء مظلومون والأغنياء محسودون من الكسالى الذين لا يعملون ومن يجمع المال لا يشبع منه\'a1 وهو تعيس إذ لا يعرف لمن يترك ما قد جمعه. ومن يتسلط أي يملك لا يثبت في سلطته بل إذا ملك غيره ينفض عنه شعبه ويلتفوا حول الملك الجديد.
جامعة,4,8,"الإصحاح الرابع في تأملات سليمان في هذا الإصحاح نراه يصل للنتيجة التي يرد إثباتها ويه بطلان هذا العالم\'a1 بعدة طرق\'a1 فالفقراء مظلومون والأغنياء محسودون من الكسالى الذين لا يعملون ومن يجمع المال لا يشبع منه\'a1 وهو تعيس إذ لا يعرف لمن يترك ما قد جمعه. ومن يتسلط أي يملك لا يثبت في سلطته بل إذا ملك غيره ينفض عنه شعبه ويلتفوا حول الملك الجديد.
جامعة,4,9,"الإصحاح الرابع في تأملات سليمان في هذا الإصحاح نراه يصل للنتيجة التي يرد إثباتها ويه بطلان هذا العالم\'a1 بعدة طرق\'a1 فالفقراء مظلومون والأغنياء محسودون من الكسالى الذين لا يعملون ومن يجمع المال لا يشبع منه\'a1 وهو تعيس إذ لا يعرف لمن يترك ما قد جمعه. ومن يتسلط أي يملك لا يثبت في سلطته بل إذا ملك غيره ينفض عنه شعبه ويلتفوا حول الملك الجديد.
جامعة,4,10,"الإصحاح الرابع في تأملات سليمان في هذا الإصحاح نراه يصل للنتيجة التي يرد إثباتها ويه بطلان هذا العالم\'a1 بعدة طرق\'a1 فالفقراء مظلومون والأغنياء محسودون من الكسالى الذين لا يعملون ومن يجمع المال لا يشبع منه\'a1 وهو تعيس إذ لا يعرف لمن يترك ما قد جمعه. ومن يتسلط أي يملك لا يثبت في سلطته بل إذا ملك غيره ينفض عنه شعبه ويلتفوا حول الملك الجديد.
جامعة,4,11,"الإصحاح الرابع في تأملات سليمان في هذا الإصحاح نراه يصل للنتيجة التي يرد إثباتها ويه بطلان هذا العالم\'a1 بعدة طرق\'a1 فالفقراء مظلومون والأغنياء محسودون من الكسالى الذين لا يعملون ومن يجمع المال لا يشبع منه\'a1 وهو تعيس إذ لا يعرف لمن يترك ما قد جمعه. ومن يتسلط أي يملك لا يثبت في سلطته بل إذا ملك غيره ينفض عنه شعبه ويلتفوا حول الملك الجديد.
جامعة,4,12,"الإصحاح الرابع في تأملات سليمان في هذا الإصحاح نراه يصل للنتيجة التي يرد إثباتها ويه بطلان هذا العالم\'a1 بعدة طرق\'a1 فالفقراء مظلومون والأغنياء محسودون من الكسالى الذين لا يعملون ومن يجمع المال لا يشبع منه\'a1 وهو تعيس إذ لا يعرف لمن يترك ما قد جمعه. ومن يتسلط أي يملك لا يثبت في سلطته بل إذا ملك غيره ينفض عنه شعبه ويلتفوا حول الملك الجديد.
جامعة,4,13,"الإصحاح الرابع في تأملات سليمان في هذا الإصحاح نراه يصل للنتيجة التي يرد إثباتها ويه بطلان هذا العالم\'a1 بعدة طرق\'a1 فالفقراء مظلومون والأغنياء محسودون من الكسالى الذين لا يعملون ومن يجمع المال لا يشبع منه\'a1 وهو تعيس إذ لا يعرف لمن يترك ما قد جمعه. ومن يتسلط أي يملك لا يثبت في سلطته بل إذا ملك غيره ينفض عنه شعبه ويلتفوا حول الملك الجديد.
جامعة,4,14,"الإصحاح الرابع في تأملات سليمان في هذا الإصحاح نراه يصل للنتيجة التي يرد إثباتها ويه بطلان هذا العالم\'a1 بعدة طرق\'a1 فالفقراء مظلومون والأغنياء محسودون من الكسالى الذين لا يعملون ومن يجمع المال لا يشبع منه\'a1 وهو تعيس إذ لا يعرف لمن يترك ما قد جمعه. ومن يتسلط أي يملك لا يثبت في سلطته بل إذا ملك غيره ينفض عنه شعبه ويلتفوا حول الملك الجديد.
جامعة,4,15,"الإصحاح الرابع في تأملات سليمان في هذا الإصحاح نراه يصل للنتيجة التي يرد إثباتها ويه بطلان هذا العالم\'a1 بعدة طرق\'a1 فالفقراء مظلومون والأغنياء محسودون من الكسالى الذين لا يعملون ومن يجمع المال لا يشبع منه\'a1 وهو تعيس إذ لا يعرف لمن يترك ما قد جمعه. ومن يتسلط أي يملك لا يثبت في سلطته بل إذا ملك غيره ينفض عنه شعبه ويلتفوا حول الملك الجديد.
جامعة,4,16,"الإصحاح الرابع في تأملات سليمان في هذا الإصحاح نراه يصل للنتيجة التي يرد إثباتها ويه بطلان هذا العالم\'a1 بعدة طرق\'a1 فالفقراء مظلومون والأغنياء محسودون من الكسالى الذين لا يعملون ومن يجمع المال لا يشبع منه\'a1 وهو تعيس إذ لا يعرف لمن يترك ما قد جمعه. ومن يتسلط أي يملك لا يثبت في سلطته بل إذا ملك غيره ينفض عنه شعبه ويلتفوا حول الملك الجديد.
جامعة,4,17,"الإصحاح الرابع في تأملات سليمان في هذا الإصحاح نراه يصل للنتيجة التي يرد إثباتها ويه بطلان هذا العالم\'a1 بعدة طرق\'a1 فالفقراء مظلومون والأغنياء محسودون من الكسالى الذين لا يعملون ومن يجمع المال لا يشبع منه\'a1 وهو تعيس إذ لا يعرف لمن يترك ما قد جمعه. ومن يتسلط أي يملك لا يثبت في سلطته بل إذا ملك غيره ينفض عنه شعبه ويلتفوا حول الملك الجديد.
جامعة,4,18,"الإصحاح الرابع في تأملات سليمان في هذا الإصحاح نراه يصل للنتيجة التي يرد إثباتها ويه بطلان هذا العالم\'a1 بعدة طرق\'a1 فالفقراء مظلومون والأغنياء محسودون من الكسالى الذين لا يعملون ومن يجمع المال لا يشبع منه\'a1 وهو تعيس إذ لا يعرف لمن يترك ما قد جمعه. ومن يتسلط أي يملك لا يثبت في سلطته بل إذا ملك غيره ينفض عنه شعبه ويلتفوا حول الملك الجديد.
جامعة,4,19,"الإصحاح الرابع في تأملات سليمان في هذا الإصحاح نراه يصل للنتيجة التي يرد إثباتها ويه بطلان هذا العالم\'a1 بعدة طرق\'a1 فالفقراء مظلومون والأغنياء محسودون من الكسالى الذين لا يعملون ومن يجمع المال لا يشبع منه\'a1 وهو تعيس إذ لا يعرف لمن يترك ما قد جمعه. ومن يتسلط أي يملك لا يثبت في سلطته بل إذا ملك غيره ينفض عنه شعبه ويلتفوا حول الملك الجديد.
جامعة,4,20,"الإصحاح الرابع في تأملات سليمان في هذا الإصحاح نراه يصل للنتيجة التي يرد إثباتها ويه بطلان هذا العالم\'a1 بعدة طرق\'a1 فالفقراء مظلومون والأغنياء محسودون من الكسالى الذين لا يعملون ومن يجمع المال لا يشبع منه\'a1 وهو تعيس إذ لا يعرف لمن يترك ما قد جمعه. ومن يتسلط أي يملك لا يثبت في سلطته بل إذا ملك غيره ينفض عنه شعبه ويلتفوا حول الملك الجديد.
جامعة,4,21,"الإصحاح الرابع في تأملات سليمان في هذا الإصحاح نراه يصل للنتيجة التي يرد إثباتها ويه بطلان هذا العالم\'a1 بعدة طرق\'a1 فالفقراء مظلومون والأغنياء محسودون من الكسالى الذين لا يعملون ومن يجمع المال لا يشبع منه\'a1 وهو تعيس إذ لا يعرف لمن يترك ما قد جمعه. ومن يتسلط أي يملك لا يثبت في سلطته بل إذا ملك غيره ينفض عنه شعبه ويلتفوا حول الملك الجديد.
جامعة,4,22,"الإصحاح الرابع في تأملات سليمان في هذا الإصحاح نراه يصل للنتيجة التي يرد إثباتها ويه بطلان هذا العالم\'a1 بعدة طرق\'a1 فالفقراء مظلومون والأغنياء محسودون من الكسالى الذين لا يعملون ومن يجمع المال لا يشبع منه\'a1 وهو تعيس إذ لا يعرف لمن يترك ما قد جمعه. ومن يتسلط أي يملك لا يثبت في سلطته بل إذا ملك غيره ينفض عنه شعبه ويلتفوا حول الملك الجديد.
جامعة,4,23,"الإصحاح الرابع في تأملات سليمان في هذا الإصحاح نراه يصل للنتيجة التي يرد إثباتها ويه بطلان هذا العالم\'a1 بعدة طرق\'a1 فالفقراء مظلومون والأغنياء محسودون من الكسالى الذين لا يعملون ومن يجمع المال لا يشبع منه\'a1 وهو تعيس إذ لا يعرف لمن يترك ما قد جمعه. ومن يتسلط أي يملك لا يثبت في سلطته بل إذا ملك غيره ينفض عنه شعبه ويلتفوا حول الملك الجديد.
جامعة,4,24,"الإصحاح الرابع في تأملات سليمان في هذا الإصحاح نراه يصل للنتيجة التي يرد إثباتها ويه بطلان هذا العالم\'a1 بعدة طرق\'a1 فالفقراء مظلومون والأغنياء محسودون من الكسالى الذين لا يعملون ومن يجمع المال لا يشبع منه\'a1 وهو تعيس إذ لا يعرف لمن يترك ما قد جمعه. ومن يتسلط أي يملك لا يثبت في سلطته بل إذا ملك غيره ينفض عنه شعبه ويلتفوا حول الملك الجديد.
جامعة,4,25,"الإصحاح الرابع في تأملات سليمان في هذا الإصحاح نراه يصل للنتيجة التي يرد إثباتها ويه بطلان هذا العالم\'a1 بعدة طرق\'a1 فالفقراء مظلومون والأغنياء محسودون من الكسالى الذين لا يعملون ومن يجمع المال لا يشبع منه\'a1 وهو تعيس إذ لا يعرف لمن يترك ما قد جمعه. ومن يتسلط أي يملك لا يثبت في سلطته بل إذا ملك غيره ينفض عنه شعبه ويلتفوا حول الملك الجديد.
جامعة,4,26,"الإصحاح الرابع في تأملات سليمان في هذا الإصحاح نراه يصل للنتيجة التي يرد إثباتها ويه بطلان هذا العالم\'a1 بعدة طرق\'a1 فالفقراء مظلومون والأغنياء محسودون من الكسالى الذين لا يعملون ومن يجمع المال لا يشبع منه\'a1 وهو تعيس إذ لا يعرف لمن يترك ما قد جمعه. ومن يتسلط أي يملك لا يثبت في سلطته بل إذا ملك غيره ينفض عنه شعبه ويلتفوا حول الملك الجديد.
جامعة,4,27,"الإصحاح الرابع في تأملات سليمان في هذا الإصحاح نراه يصل للنتيجة التي يرد إثباتها ويه بطلان هذا العالم\'a1 بعدة طرق\'a1 فالفقراء مظلومون والأغنياء محسودون من الكسالى الذين لا يعملون ومن يجمع المال لا يشبع منه\'a1 وهو تعيس إذ لا يعرف لمن يترك ما قد جمعه. ومن يتسلط أي يملك لا يثبت في سلطته بل إذا ملك غيره ينفض عنه شعبه ويلتفوا حول الملك الجديد.
جامعة,4,28,"الإصحاح الرابع في تأملات سليمان في هذا الإصحاح نراه يصل للنتيجة التي يرد إثباتها ويه بطلان هذا العالم\'a1 بعدة طرق\'a1 فالفقراء مظلومون والأغنياء محسودون من الكسالى الذين لا يعملون ومن يجمع المال لا يشبع منه\'a1 وهو تعيس إذ لا يعرف لمن يترك ما قد جمعه. ومن يتسلط أي يملك لا يثبت في سلطته بل إذا ملك غيره ينفض عنه شعبه ويلتفوا حول الملك الجديد.
جامعة,4,29,"الإصحاح الرابع في تأملات سليمان في هذا الإصحاح نراه يصل للنتيجة التي يرد إثباتها ويه بطلان هذا العالم\'a1 بعدة طرق\'a1 فالفقراء مظلومون والأغنياء محسودون من الكسالى الذين لا يعملون ومن يجمع المال لا يشبع منه\'a1 وهو تعيس إذ لا يعرف لمن يترك ما قد جمعه. ومن يتسلط أي يملك لا يثبت في سلطته بل إذا ملك غيره ينفض عنه شعبه ويلتفوا حول الملك الجديد.
جامعة,4,30,"الإصحاح الرابع في تأملات سليمان في هذا الإصحاح نراه يصل للنتيجة التي يرد إثباتها ويه بطلان هذا العالم\'a1 بعدة طرق\'a1 فالفقراء مظلومون والأغنياء محسودون من الكسالى الذين لا يعملون ومن يجمع المال لا يشبع منه\'a1 وهو تعيس إذ لا يعرف لمن يترك ما قد جمعه. ومن يتسلط أي يملك لا يثبت في سلطته بل إذا ملك غيره ينفض عنه شعبه ويلتفوا حول الملك الجديد.
جامعة,4,31,"الإصحاح الرابع في تأملات سليمان في هذا الإصحاح نراه يصل للنتيجة التي يرد إثباتها ويه بطلان هذا العالم\'a1 بعدة طرق\'a1 فالفقراء مظلومون والأغنياء محسودون من الكسالى الذين لا يعملون ومن يجمع المال لا يشبع منه\'a1 وهو تعيس إذ لا يعرف لمن يترك ما قد جمعه. ومن يتسلط أي يملك لا يثبت في سلطته بل إذا ملك غيره ينفض عنه شعبه ويلتفوا حول الملك الجديد.
جامعة,4,32,"الإصحاح الرابع في تأملات سليمان في هذا الإصحاح نراه يصل للنتيجة التي يرد إثباتها ويه بطلان هذا العالم\'a1 بعدة طرق\'a1 فالفقراء مظلومون والأغنياء محسودون من الكسالى الذين لا يعملون ومن يجمع المال لا يشبع منه\'a1 وهو تعيس إذ لا يعرف لمن يترك ما قد جمعه. ومن يتسلط أي يملك لا يثبت في سلطته بل إذا ملك غيره ينفض عنه شعبه ويلتفوا حول الملك الجديد.
جامعة,4,33,"الإصحاح الرابع في تأملات سليمان في هذا الإصحاح نراه يصل للنتيجة التي يرد إثباتها ويه بطلان هذا العالم\'a1 بعدة طرق\'a1 فالفقراء مظلومون والأغنياء محسودون من الكسالى الذين لا يعملون ومن يجمع المال لا يشبع منه\'a1 وهو تعيس إذ لا يعرف لمن يترك ما قد جمعه. ومن يتسلط أي يملك لا يثبت في سلطته بل إذا ملك غيره ينفض عنه شعبه ويلتفوا حول الملك الجديد.
جامعة,4,34,"الإصحاح الرابع في تأملات سليمان في هذا الإصحاح نراه يصل للنتيجة التي يرد إثباتها ويه بطلان هذا العالم\'a1 بعدة طرق\'a1 فالفقراء مظلومون والأغنياء محسودون من الكسالى الذين لا يعملون ومن يجمع المال لا يشبع منه\'a1 وهو تعيس إذ لا يعرف لمن يترك ما قد جمعه. ومن يتسلط أي يملك لا يثبت في سلطته بل إذا ملك غيره ينفض عنه شعبه ويلتفوا حول الملك الجديد.
جامعة,4,35,"الإصحاح الرابع في تأملات سليمان في هذا الإصحاح نراه يصل للنتيجة التي يرد إثباتها ويه بطلان هذا العالم\'a1 بعدة طرق\'a1 فالفقراء مظلومون والأغنياء محسودون من الكسالى الذين لا يعملون ومن يجمع المال لا يشبع منه\'a1 وهو تعيس إذ لا يعرف لمن يترك ما قد جمعه. ومن يتسلط أي يملك لا يثبت في سلطته بل إذا ملك غيره ينفض عنه شعبه ويلتفوا حول الملك الجديد.
جامعة,4,36,"الإصحاح الرابع في تأملات سليمان في هذا الإصحاح نراه يصل للنتيجة التي يرد إثباتها ويه بطلان هذا العالم\'a1 بعدة طرق\'a1 فالفقراء مظلومون والأغنياء محسودون من الكسالى الذين لا يعملون ومن يجمع المال لا يشبع منه\'a1 وهو تعيس إذ لا يعرف لمن يترك ما قد جمعه. ومن يتسلط أي يملك لا يثبت في سلطته بل إذا ملك غيره ينفض عنه شعبه ويلتفوا حول الملك الجديد.
جامعة,4,37,"الإصحاح الرابع في تأملات سليمان في هذا الإصحاح نراه يصل للنتيجة التي يرد إثباتها ويه بطلان هذا العالم\'a1 بعدة طرق\'a1 فالفقراء مظلومون والأغنياء محسودون من الكسالى الذين لا يعملون ومن يجمع المال لا يشبع منه\'a1 وهو تعيس إذ لا يعرف لمن يترك ما قد جمعه. ومن يتسلط أي يملك لا يثبت في سلطته بل إذا ملك غيره ينفض عنه شعبه ويلتفوا حول الملك الجديد.
جامعة,4,38,"الإصحاح الرابع في تأملات سليمان في هذا الإصحاح نراه يصل للنتيجة التي يرد إثباتها ويه بطلان هذا العالم\'a1 بعدة طرق\'a1 فالفقراء مظلومون والأغنياء محسودون من الكسالى الذين لا يعملون ومن يجمع المال لا يشبع منه\'a1 وهو تعيس إذ لا يعرف لمن يترك ما قد جمعه. ومن يتسلط أي يملك لا يثبت في سلطته بل إذا ملك غيره ينفض عنه شعبه ويلتفوا حول الملك الجديد.
جامعة,4,39,"الإصحاح الرابع في تأملات سليمان في هذا الإصحاح نراه يصل للنتيجة التي يرد إثباتها ويه بطلان هذا العالم\'a1 بعدة طرق\'a1 فالفقراء مظلومون والأغنياء محسودون من الكسالى الذين لا يعملون ومن يجمع المال لا يشبع منه\'a1 وهو تعيس إذ لا يعرف لمن يترك ما قد جمعه. ومن يتسلط أي يملك لا يثبت في سلطته بل إذا ملك غيره ينفض عنه شعبه ويلتفوا حول الملك الجديد.
جامعة,4,40,"الإصحاح الرابع في تأملات سليمان في هذا الإصحاح نراه يصل للنتيجة التي يرد إثباتها ويه بطلان هذا العالم\'a1 بعدة طرق\'a1 فالفقراء مظلومون والأغنياء محسودون من الكسالى الذين لا يعملون ومن يجمع المال لا يشبع منه\'a1 وهو تعيس إذ لا يعرف لمن يترك ما قد جمعه. ومن يتسلط أي يملك لا يثبت في سلطته بل إذا ملك غيره ينفض عنه شعبه ويلتفوا حول الملك الجديد.
جامعة,4,41,"الإصحاح الرابع في تأملات سليمان في هذا الإصحاح نراه يصل للنتيجة التي يرد إثباتها ويه بطلان هذا العالم\'a1 بعدة طرق\'a1 فالفقراء مظلومون والأغنياء محسودون من الكسالى الذين لا يعملون ومن يجمع المال لا يشبع منه\'a1 وهو تعيس إذ لا يعرف لمن يترك ما قد جمعه. ومن يتسلط أي يملك لا يثبت في سلطته بل إذا ملك غيره ينفض عنه شعبه ويلتفوا حول الملك الجديد.
جامعة,4,42,"الإصحاح الرابع في تأملات سليمان في هذا الإصحاح نراه يصل للنتيجة التي يرد إثباتها ويه بطلان هذا العالم\'a1 بعدة طرق\'a1 فالفقراء مظلومون والأغنياء محسودون من الكسالى الذين لا يعملون ومن يجمع المال لا يشبع منه\'a1 وهو تعيس إذ لا يعرف لمن يترك ما قد جمعه. ومن يتسلط أي يملك لا يثبت في سلطته بل إذا ملك غيره ينفض عنه شعبه ويلتفوا حول الملك الجديد.
جامعة,4,43,"الإصحاح الرابع في تأملات سليمان في هذا الإصحاح نراه يصل للنتيجة التي يرد إثباتها ويه بطلان هذا العالم\'a1 بعدة طرق\'a1 فالفقراء مظلومون والأغنياء محسودون من الكسالى الذين لا يعملون ومن يجمع المال لا يشبع منه\'a1 وهو تعيس إذ لا يعرف لمن يترك ما قد جمعه. ومن يتسلط أي يملك لا يثبت في سلطته بل إذا ملك غيره ينفض عنه شعبه ويلتفوا حول الملك الجديد.
جامعة,4,44,"الإصحاح الرابع في تأملات سليمان في هذا الإصحاح نراه يصل للنتيجة التي يرد إثباتها ويه بطلان هذا العالم\'a1 بعدة طرق\'a1 فالفقراء مظلومون والأغنياء محسودون من الكسالى الذين لا يعملون ومن يجمع المال لا يشبع منه\'a1 وهو تعيس إذ لا يعرف لمن يترك ما قد جمعه. ومن يتسلط أي يملك لا يثبت في سلطته بل إذا ملك غيره ينفض عنه شعبه ويلتفوا حول الملك الجديد.
جامعة,4,45,"الإصحاح الرابع في تأملات سليمان في هذا الإصحاح نراه يصل للنتيجة التي يرد إثباتها ويه بطلان هذا العالم\'a1 بعدة طرق\'a1 فالفقراء مظلومون والأغنياء محسودون من الكسالى الذين لا يعملون ومن يجمع المال لا يشبع منه\'a1 وهو تعيس إذ لا يعرف لمن يترك ما قد جمعه. ومن يتسلط أي يملك لا يثبت في سلطته بل إذا ملك غيره ينفض عنه شعبه ويلتفوا حول الملك الجديد.
جامعة,4,46,"الإصحاح الرابع في تأملات سليمان في هذا الإصحاح نراه يصل للنتيجة التي يرد إثباتها ويه بطلان هذا العالم\'a1 بعدة طرق\'a1 فالفقراء مظلومون والأغنياء محسودون من الكسالى الذين لا يعملون ومن يجمع المال لا يشبع منه\'a1 وهو تعيس إذ لا يعرف لمن يترك ما قد جمعه. ومن يتسلط أي يملك لا يثبت في سلطته بل إذا ملك غيره ينفض عنه شعبه ويلتفوا حول الملك الجديد.
جامعة,4,47,"الإصحاح الرابع في تأملات سليمان في هذا الإصحاح نراه يصل للنتيجة التي يرد إثباتها ويه بطلان هذا العالم\'a1 بعدة طرق\'a1 فالفقراء مظلومون والأغنياء محسودون من الكسالى الذين لا يعملون ومن يجمع المال لا يشبع منه\'a1 وهو تعيس إذ لا يعرف لمن يترك ما قد جمعه. ومن يتسلط أي يملك لا يثبت في سلطته بل إذا ملك غيره ينفض عنه شعبه ويلتفوا حول الملك الجديد.
جامعة,4,48,"الإصحاح الرابع في تأملات سليمان في هذا الإصحاح نراه يصل للنتيجة التي يرد إثباتها ويه بطلان هذا العالم\'a1 بعدة طرق\'a1 فالفقراء مظلومون والأغنياء محسودون من الكسالى الذين لا يعملون ومن يجمع المال لا يشبع منه\'a1 وهو تعيس إذ لا يعرف لمن يترك ما قد جمعه. ومن يتسلط أي يملك لا يثبت في سلطته بل إذا ملك غيره ينفض عنه شعبه ويلتفوا حول الملك الجديد.
جامعة,4,49,"الإصحاح الرابع في تأملات سليمان في هذا الإصحاح نراه يصل للنتيجة التي يرد إثباتها ويه بطلان هذا العالم\'a1 بعدة طرق\'a1 فالفقراء مظلومون والأغنياء محسودون من الكسالى الذين لا يعملون ومن يجمع المال لا يشبع منه\'a1 وهو تعيس إذ لا يعرف لمن يترك ما قد جمعه. ومن يتسلط أي يملك لا يثبت في سلطته بل إذا ملك غيره ينفض عنه شعبه ويلتفوا حول الملك الجديد.
جامعة,4,50,"الإصحاح الرابع في تأملات سليمان في هذا الإصحاح نراه يصل للنتيجة التي يرد إثباتها ويه بطلان هذا العالم\'a1 بعدة طرق\'a1 فالفقراء مظلومون والأغنياء محسودون من الكسالى الذين لا يعملون ومن يجمع المال لا يشبع منه\'a1 وهو تعيس إذ لا يعرف لمن يترك ما قد جمعه. ومن يتسلط أي يملك لا يثبت في سلطته بل إذا ملك غيره ينفض عنه شعبه ويلتفوا حول الملك الجديد.
جامعة,4,51,"الإصحاح الرابع في تأملات سليمان في هذا الإصحاح نراه يصل للنتيجة التي يرد إثباتها ويه بطلان هذا العالم\'a1 بعدة طرق\'a1 فالفقراء مظلومون والأغنياء محسودون من الكسالى الذين لا يعملون ومن يجمع المال لا يشبع منه\'a1 وهو تعيس إذ لا يعرف لمن يترك ما قد جمعه. ومن يتسلط أي يملك لا يثبت في سلطته بل إذا ملك غيره ينفض عنه شعبه ويلتفوا حول الملك الجديد.
جامعة,4,52,"الإصحاح الرابع في تأملات سليمان في هذا الإصحاح نراه يصل للنتيجة التي يرد إثباتها ويه بطلان هذا العالم\'a1 بعدة طرق\'a1 فالفقراء مظلومون والأغنياء محسودون من الكسالى الذين لا يعملون ومن يجمع المال لا يشبع منه\'a1 وهو تعيس إذ لا يعرف لمن يترك ما قد جمعه. ومن يتسلط أي يملك لا يثبت في سلطته بل إذا ملك غيره ينفض عنه شعبه ويلتفوا حول الملك الجديد.
جامعة,4,53,"الإصحاح الرابع في تأملات سليمان في هذا الإصحاح نراه يصل للنتيجة التي يرد إثباتها ويه بطلان هذا العالم\'a1 بعدة طرق\'a1 فالفقراء مظلومون والأغنياء محسودون من الكسالى الذين لا يعملون ومن يجمع المال لا يشبع منه\'a1 وهو تعيس إذ لا يعرف لمن يترك ما قد جمعه. ومن يتسلط أي يملك لا يثبت في سلطته بل إذا ملك غيره ينفض عنه شعبه ويلتفوا حول الملك الجديد.
جامعة,4,54,"الإصحاح الرابع في تأملات سليمان في هذا الإصحاح نراه يصل للنتيجة التي يرد إثباتها ويه بطلان هذا العالم\'a1 بعدة طرق\'a1 فالفقراء مظلومون والأغنياء محسودون من الكسالى الذين لا يعملون ومن يجمع المال لا يشبع منه\'a1 وهو تعيس إذ لا يعرف لمن يترك ما قد جمعه. ومن يتسلط أي يملك لا يثبت في سلطته بل إذا ملك غيره ينفض عنه شعبه ويلتفوا حول الملك الجديد.
جامعة,4,55,"الإصحاح الرابع في تأملات سليمان في هذا الإصحاح نراه يصل للنتيجة التي يرد إثباتها ويه بطلان هذا العالم\'a1 بعدة طرق\'a1 فالفقراء مظلومون والأغنياء محسودون من الكسالى الذين لا يعملون ومن يجمع المال لا يشبع منه\'a1 وهو تعيس إذ لا يعرف لمن يترك ما قد جمعه. ومن يتسلط أي يملك لا يثبت في سلطته بل إذا ملك غيره ينفض عنه شعبه ويلتفوا حول الملك الجديد.
جامعة,4,56,"الإصحاح الرابع في تأملات سليمان في هذا الإصحاح نراه يصل للنتيجة التي يرد إثباتها ويه بطلان هذا العالم\'a1 بعدة طرق\'a1 فالفقراء مظلومون والأغنياء محسودون من الكسالى الذين لا يعملون ومن يجمع المال لا يشبع منه\'a1 وهو تعيس إذ لا يعرف لمن يترك ما قد جمعه. ومن يتسلط أي يملك لا يثبت في سلطته بل إذا ملك غيره ينفض عنه شعبه ويلتفوا حول الملك الجديد.
جامعة,4,57,"الإصحاح الرابع في تأملات سليمان في هذا الإصحاح نراه يصل للنتيجة التي يرد إثباتها ويه بطلان هذا العالم\'a1 بعدة طرق\'a1 فالفقراء مظلومون والأغنياء محسودون من الكسالى الذين لا يعملون ومن يجمع المال لا يشبع منه\'a1 وهو تعيس إذ لا يعرف لمن يترك ما قد جمعه. ومن يتسلط أي يملك لا يثبت في سلطته بل إذا ملك غيره ينفض عنه شعبه ويلتفوا حول الملك الجديد.
جامعة,4,58,"الإصحاح الرابع في تأملات سليمان في هذا الإصحاح نراه يصل للنتيجة التي يرد إثباتها ويه بطلان هذا العالم\'a1 بعدة طرق\'a1 فالفقراء مظلومون والأغنياء محسودون من الكسالى الذين لا يعملون ومن يجمع المال لا يشبع منه\'a1 وهو تعيس إذ لا يعرف لمن يترك ما قد جمعه. ومن يتسلط أي يملك لا يثبت في سلطته بل إذا ملك غيره ينفض عنه شعبه ويلتفوا حول الملك الجديد.
جامعة,4,59,"الإصحاح الرابع في تأملات سليمان في هذا الإصحاح نراه يصل للنتيجة التي يرد إثباتها ويه بطلان هذا العالم\'a1 بعدة طرق\'a1 فالفقراء مظلومون والأغنياء محسودون من الكسالى الذين لا يعملون ومن يجمع المال لا يشبع منه\'a1 وهو تعيس إذ لا يعرف لمن يترك ما قد جمعه. ومن يتسلط أي يملك لا يثبت في سلطته بل إذا ملك غيره ينفض عنه شعبه ويلتفوا حول الملك الجديد.
جامعة,4,60,"الإصحاح الرابع في تأملات سليمان في هذا الإصحاح نراه يصل للنتيجة التي يرد إثباتها ويه بطلان هذا العالم\'a1 بعدة طرق\'a1 فالفقراء مظلومون والأغنياء محسودون من الكسالى الذين لا يعملون ومن يجمع المال لا يشبع منه\'a1 وهو تعيس إذ لا يعرف لمن يترك ما قد جمعه. ومن يتسلط أي يملك لا يثبت في سلطته بل إذا ملك غيره ينفض عنه شعبه ويلتفوا حول الملك الجديد.
جامعة,4,61,"الإصحاح الرابع في تأملات سليمان في هذا الإصحاح نراه يصل للنتيجة التي يرد إثباتها ويه بطلان هذا العالم\'a1 بعدة طرق\'a1 فالفقراء مظلومون والأغنياء محسودون من الكسالى الذين لا يعملون ومن يجمع المال لا يشبع منه\'a1 وهو تعيس إذ لا يعرف لمن يترك ما قد جمعه. ومن يتسلط أي يملك لا يثبت في سلطته بل إذا ملك غيره ينفض عنه شعبه ويلتفوا حول الملك الجديد.
جامعة,4,62,"الإصحاح الرابع في تأملات سليمان في هذا الإصحاح نراه يصل للنتيجة التي يرد إثباتها ويه بطلان هذا العالم\'a1 بعدة طرق\'a1 فالفقراء مظلومون والأغنياء محسودون من الكسالى الذين لا يعملون ومن يجمع المال لا يشبع منه\'a1 وهو تعيس إذ لا يعرف لمن يترك ما قد جمعه. ومن يتسلط أي يملك لا يثبت في سلطته بل إذا ملك غيره ينفض عنه شعبه ويلتفوا حول الملك الجديد.
جامعة,4,63,"الإصحاح الرابع في تأملات سليمان في هذا الإصحاح نراه يصل للنتيجة التي يرد إثباتها ويه بطلان هذا العالم\'a1 بعدة طرق\'a1 فالفقراء مظلومون والأغنياء محسودون من الكسالى الذين لا يعملون ومن يجمع المال لا يشبع منه\'a1 وهو تعيس إذ لا يعرف لمن يترك ما قد جمعه. ومن يتسلط أي يملك لا يثبت في سلطته بل إذا ملك غيره ينفض عنه شعبه ويلتفوا حول الملك الجديد.
جامعة,4,64,"الإصحاح الرابع في تأملات سليمان في هذا الإصحاح نراه يصل للنتيجة التي يرد إثباتها ويه بطلان هذا العالم\'a1 بعدة طرق\'a1 فالفقراء مظلومون والأغنياء محسودون من الكسالى الذين لا يعملون ومن يجمع المال لا يشبع منه\'a1 وهو تعيس إذ لا يعرف لمن يترك ما قد جمعه. ومن يتسلط أي يملك لا يثبت في سلطته بل إذا ملك غيره ينفض عنه شعبه ويلتفوا حول الملك الجديد.
جامعة,4,65,"الإصحاح الرابع في تأملات سليمان في هذا الإصحاح نراه يصل للنتيجة التي يرد إثباتها ويه بطلان هذا العالم\'a1 بعدة طرق\'a1 فالفقراء مظلومون والأغنياء محسودون من الكسالى الذين لا يعملون ومن يجمع المال لا يشبع منه\'a1 وهو تعيس إذ لا يعرف لمن يترك ما قد جمعه. ومن يتسلط أي يملك لا يثبت في سلطته بل إذا ملك غيره ينفض عنه شعبه ويلتفوا حول الملك الجديد.
جامعة,4,66,"الإصحاح الرابع في تأملات سليمان في هذا الإصحاح نراه يصل للنتيجة التي يرد إثباتها ويه بطلان هذا العالم\'a1 بعدة طرق\'a1 فالفقراء مظلومون والأغنياء محسودون من الكسالى الذين لا يعملون ومن يجمع المال لا يشبع منه\'a1 وهو تعيس إذ لا يعرف لمن يترك ما قد جمعه. ومن يتسلط أي يملك لا يثبت في سلطته بل إذا ملك غيره ينفض عنه شعبه ويلتفوا حول الملك الجديد.
جامعة,4,67,"الإصحاح الرابع في تأملات سليمان في هذا الإصحاح نراه يصل للنتيجة التي يرد إثباتها ويه بطلان هذا العالم\'a1 بعدة طرق\'a1 فالفقراء مظلومون والأغنياء محسودون من الكسالى الذين لا يعملون ومن يجمع المال لا يشبع منه\'a1 وهو تعيس إذ لا يعرف لمن يترك ما قد جمعه. ومن يتسلط أي يملك لا يثبت في سلطته بل إذا ملك غيره ينفض عنه شعبه ويلتفوا حول الملك الجديد.
جامعة,4,68,"الإصحاح الرابع في تأملات سليمان في هذا الإصحاح نراه يصل للنتيجة التي يرد إثباتها ويه بطلان هذا العالم\'a1 بعدة طرق\'a1 فالفقراء مظلومون والأغنياء محسودون من الكسالى الذين لا يعملون ومن يجمع المال لا يشبع منه\'a1 وهو تعيس إذ لا يعرف لمن يترك ما قد جمعه. ومن يتسلط أي يملك لا يثبت في سلطته بل إذا ملك غيره ينفض عنه شعبه ويلتفوا حول الملك الجديد.
جامعة,4,69,"الإصحاح الرابع في تأملات سليمان في هذا الإصحاح نراه يصل للنتيجة التي يرد إثباتها ويه بطلان هذا العالم\'a1 بعدة طرق\'a1 فالفقراء مظلومون والأغنياء محسودون من الكسالى الذين لا يعملون ومن يجمع المال لا يشبع منه\'a1 وهو تعيس إذ لا يعرف لمن يترك ما قد جمعه. ومن يتسلط أي يملك لا يثبت في سلطته بل إذا ملك غيره ينفض عنه شعبه ويلتفوا حول الملك الجديد.
جامعة,4,70,"الإصحاح الرابع في تأملات سليمان في هذا الإصحاح نراه يصل للنتيجة التي يرد إثباتها ويه بطلان هذا العالم\'a1 بعدة طرق\'a1 فالفقراء مظلومون والأغنياء محسودون من الكسالى الذين لا يعملون ومن يجمع المال لا يشبع منه\'a1 وهو تعيس إذ لا يعرف لمن يترك ما قد جمعه. ومن يتسلط أي يملك لا يثبت في سلطته بل إذا ملك غيره ينفض عنه شعبه ويلتفوا حول الملك الجديد.
جامعة,4,71,"الإصحاح الرابع في تأملات سليمان في هذا الإصحاح نراه يصل للنتيجة التي يرد إثباتها ويه بطلان هذا العالم\'a1 بعدة طرق\'a1 فالفقراء مظلومون والأغنياء محسودون من الكسالى الذين لا يعملون ومن يجمع المال لا يشبع منه\'a1 وهو تعيس إذ لا يعرف لمن يترك ما قد جمعه. ومن يتسلط أي يملك لا يثبت في سلطته بل إذا ملك غيره ينفض عنه شعبه ويلتفوا حول الملك الجديد.
جامعة,4,72,"الإصحاح الرابع في تأملات سليمان في هذا الإصحاح نراه يصل للنتيجة التي يرد إثباتها ويه بطلان هذا العالم\'a1 بعدة طرق\'a1 فالفقراء مظلومون والأغنياء محسودون من الكسالى الذين لا يعملون ومن يجمع المال لا يشبع منه\'a1 وهو تعيس إذ لا يعرف لمن يترك ما قد جمعه. ومن يتسلط أي يملك لا يثبت في سلطته بل إذا ملك غيره ينفض عنه شعبه ويلتفوا حول الملك الجديد.
جامعة,4,73,"الإصحاح الرابع في تأملات سليمان في هذا الإصحاح نراه يصل للنتيجة التي يرد إثباتها ويه بطلان هذا العالم\'a1 بعدة طرق\'a1 فالفقراء مظلومون والأغنياء محسودون من الكسالى الذين لا يعملون ومن يجمع المال لا يشبع منه\'a1 وهو تعيس إذ لا يعرف لمن يترك ما قد جمعه. ومن يتسلط أي يملك لا يثبت في سلطته بل إذا ملك غيره ينفض عنه شعبه ويلتفوا حول الملك الجديد.
جامعة,4,74,"الإصحاح الرابع في تأملات سليمان في هذا الإصحاح نراه يصل للنتيجة التي يرد إثباتها ويه بطلان هذا العالم\'a1 بعدة طرق\'a1 فالفقراء مظلومون والأغنياء محسودون من الكسالى الذين لا يعملون ومن يجمع المال لا يشبع منه\'a1 وهو تعيس إذ لا يعرف لمن يترك ما قد جمعه. ومن يتسلط أي يملك لا يثبت في سلطته بل إذا ملك غيره ينفض عنه شعبه ويلتفوا حول الملك الجديد.
جامعة,4,75,"الإصحاح الرابع في تأملات سليمان في هذا الإصحاح نراه يصل للنتيجة التي يرد إثباتها ويه بطلان هذا العالم\'a1 بعدة طرق\'a1 فالفقراء مظلومون والأغنياء محسودون من الكسالى الذين لا يعملون ومن يجمع المال لا يشبع منه\'a1 وهو تعيس إذ لا يعرف لمن يترك ما قد جمعه. ومن يتسلط أي يملك لا يثبت في سلطته بل إذا ملك غيره ينفض عنه شعبه ويلتفوا حول الملك الجديد.
جامعة,4,76,"الإصحاح الرابع في تأملات سليمان في هذا الإصحاح نراه يصل للنتيجة التي يرد إثباتها ويه بطلان هذا العالم\'a1 بعدة طرق\'a1 فالفقراء مظلومون والأغنياء محسودون من الكسالى الذين لا يعملون ومن يجمع المال لا يشبع منه\'a1 وهو تعيس إذ لا يعرف لمن يترك ما قد جمعه. ومن يتسلط أي يملك لا يثبت في سلطته بل إذا ملك غيره ينفض عنه شعبه ويلتفوا حول الملك الجديد.
جامعة,4,77,"الإصحاح الرابع في تأملات سليمان في هذا الإصحاح نراه يصل للنتيجة التي يرد إثباتها ويه بطلان هذا العالم\'a1 بعدة طرق\'a1 فالفقراء مظلومون والأغنياء محسودون من الكسالى الذين لا يعملون ومن يجمع المال لا يشبع منه\'a1 وهو تعيس إذ لا يعرف لمن يترك ما قد جمعه. ومن يتسلط أي يملك لا يثبت في سلطته بل إذا ملك غيره ينفض عنه شعبه ويلتفوا حول الملك الجديد.
جامعة,4,78,"الإصحاح الرابع في تأملات سليمان في هذا الإصحاح نراه يصل للنتيجة التي يرد إثباتها ويه بطلان هذا العالم\'a1 بعدة طرق\'a1 فالفقراء مظلومون والأغنياء محسودون من الكسالى الذين لا يعملون ومن يجمع المال لا يشبع منه\'a1 وهو تعيس إذ لا يعرف لمن يترك ما قد جمعه. ومن يتسلط أي يملك لا يثبت في سلطته بل إذا ملك غيره ينفض عنه شعبه ويلتفوا حول الملك الجديد.
جامعة,4,79,"الإصحاح الرابع في تأملات سليمان في هذا الإصحاح نراه يصل للنتيجة التي يرد إثباتها ويه بطلان هذا العالم\'a1 بعدة طرق\'a1 فالفقراء مظلومون والأغنياء محسودون من الكسالى الذين لا يعملون ومن يجمع المال لا يشبع منه\'a1 وهو تعيس إذ لا يعرف لمن يترك ما قد جمعه. ومن يتسلط أي يملك لا يثبت في سلطته بل إذا ملك غيره ينفض عنه شعبه ويلتفوا حول الملك الجديد.
جامعة,4,80,"الإصحاح الرابع في تأملات سليمان في هذا الإصحاح نراه يصل للنتيجة التي يرد إثباتها ويه بطلان هذا العالم\'a1 بعدة طرق\'a1 فالفقراء مظلومون والأغنياء محسودون من الكسالى الذين لا يعملون ومن يجمع المال لا يشبع منه\'a1 وهو تعيس إذ لا يعرف لمن يترك ما قد جمعه. ومن يتسلط أي يملك لا يثبت في سلطته بل إذا ملك غيره ينفض عنه شعبه ويلتفوا حول الملك الجديد.
جامعة,4,81,"الإصحاح الرابع في تأملات سليمان في هذا الإصحاح نراه يصل للنتيجة التي يرد إثباتها ويه بطلان هذا العالم\'a1 بعدة طرق\'a1 فالفقراء مظلومون والأغنياء محسودون من الكسالى الذين لا يعملون ومن يجمع المال لا يشبع منه\'a1 وهو تعيس إذ لا يعرف لمن يترك ما قد جمعه. ومن يتسلط أي يملك لا يثبت في سلطته بل إذا ملك غيره ينفض عنه شعبه ويلتفوا حول الملك الجديد.
جامعة,4,82,"الإصحاح الرابع في تأملات سليمان في هذا الإصحاح نراه يصل للنتيجة التي يرد إثباتها ويه بطلان هذا العالم\'a1 بعدة طرق\'a1 فالفقراء مظلومون والأغنياء محسودون من الكسالى الذين لا يعملون ومن يجمع المال لا يشبع منه\'a1 وهو تعيس إذ لا يعرف لمن يترك ما قد جمعه. ومن يتسلط أي يملك لا يثبت في سلطته بل إذا ملك غيره ينفض عنه شعبه ويلتفوا حول الملك الجديد.
جامعة,4,83,"الإصحاح الرابع في تأملات سليمان في هذا الإصحاح نراه يصل للنتيجة التي يرد إثباتها ويه بطلان هذا العالم\'a1 بعدة طرق\'a1 فالفقراء مظلومون والأغنياء محسودون من الكسالى الذين لا يعملون ومن يجمع المال لا يشبع منه\'a1 وهو تعيس إذ لا يعرف لمن يترك ما قد جمعه. ومن يتسلط أي يملك لا يثبت في سلطته بل إذا ملك غيره ينفض عنه شعبه ويلتفوا حول الملك الجديد.
جامعة,4,84,"الإصحاح الرابع في تأملات سليمان في هذا الإصحاح نراه يصل للنتيجة التي يرد إثباتها ويه بطلان هذا العالم\'a1 بعدة طرق\'a1 فالفقراء مظلومون والأغنياء محسودون من الكسالى الذين لا يعملون ومن يجمع المال لا يشبع منه\'a1 وهو تعيس إذ لا يعرف لمن يترك ما قد جمعه. ومن يتسلط أي يملك لا يثبت في سلطته بل إذا ملك غيره ينفض عنه شعبه ويلتفوا حول الملك الجديد.
جامعة,4,85,"الإصحاح الرابع في تأملات سليمان في هذا الإصحاح نراه يصل للنتيجة التي يرد إثباتها ويه بطلان هذا العالم\'a1 بعدة طرق\'a1 فالفقراء مظلومون والأغنياء محسودون من الكسالى الذين لا يعملون ومن يجمع المال لا يشبع منه\'a1 وهو تعيس إذ لا يعرف لمن يترك ما قد جمعه. ومن يتسلط أي يملك لا يثبت في سلطته بل إذا ملك غيره ينفض عنه شعبه ويلتفوا حول الملك الجديد.
جامعة,4,86,"الإصحاح الرابع في تأملات سليمان في هذا الإصحاح نراه يصل للنتيجة التي يرد إثباتها ويه بطلان هذا العالم\'a1 بعدة طرق\'a1 فالفقراء مظلومون والأغنياء محسودون من الكسالى الذين لا يعملون ومن يجمع المال لا يشبع منه\'a1 وهو تعيس إذ لا يعرف لمن يترك ما قد جمعه. ومن يتسلط أي يملك لا يثبت في سلطته بل إذا ملك غيره ينفض عنه شعبه ويلتفوا حول الملك الجديد.
جامعة,4,87,"الإصحاح الرابع في تأملات سليمان في هذا الإصحاح نراه يصل للنتيجة التي يرد إثباتها ويه بطلان هذا العالم\'a1 بعدة طرق\'a1 فالفقراء مظلومون والأغنياء محسودون من الكسالى الذين لا يعملون ومن يجمع المال لا يشبع منه\'a1 وهو تعيس إذ لا يعرف لمن يترك ما قد جمعه. ومن يتسلط أي يملك لا يثبت في سلطته بل إذا ملك غيره ينفض عنه شعبه ويلتفوا حول الملك الجديد.
جامعة,4,88,"الإصحاح الرابع في تأملات سليمان في هذا الإصحاح نراه يصل للنتيجة التي يرد إثباتها ويه بطلان هذا العالم\'a1 بعدة طرق\'a1 فالفقراء مظلومون والأغنياء محسودون من الكسالى الذين لا يعملون ومن يجمع المال لا يشبع منه\'a1 وهو تعيس إذ لا يعرف لمن يترك ما قد جمعه. ومن يتسلط أي يملك لا يثبت في سلطته بل إذا ملك غيره ينفض عنه شعبه ويلتفوا حول الملك الجديد.
جامعة,4,89,"الإصحاح الرابع في تأملات سليمان في هذا الإصحاح نراه يصل للنتيجة التي يرد إثباتها ويه بطلان هذا العالم\'a1 بعدة طرق\'a1 فالفقراء مظلومون والأغنياء محسودون من الكسالى الذين لا يعملون ومن يجمع المال لا يشبع منه\'a1 وهو تعيس إذ لا يعرف لمن يترك ما قد جمعه. ومن يتسلط أي يملك لا يثبت في سلطته بل إذا ملك غيره ينفض عنه شعبه ويلتفوا حول الملك الجديد.
جامعة,4,90,"الإصحاح الرابع في تأملات سليمان في هذا الإصحاح نراه يصل للنتيجة التي يرد إثباتها ويه بطلان هذا العالم\'a1 بعدة طرق\'a1 فالفقراء مظلومون والأغنياء محسودون من الكسالى الذين لا يعملون ومن يجمع المال لا يشبع منه\'a1 وهو تعيس إذ لا يعرف لمن يترك ما قد جمعه. ومن يتسلط أي يملك لا يثبت في سلطته بل إذا ملك غيره ينفض عنه شعبه ويلتفوا حول الملك الجديد.
جامعة,4,91,"الإصحاح الرابع في تأملات سليمان في هذا الإصحاح نراه يصل للنتيجة التي يرد إثباتها ويه بطلان هذا العالم\'a1 بعدة طرق\'a1 فالفقراء مظلومون والأغنياء محسودون من الكسالى الذين لا يعملون ومن يجمع المال لا يشبع منه\'a1 وهو تعيس إذ لا يعرف لمن يترك ما قد جمعه. ومن يتسلط أي يملك لا يثبت في سلطته بل إذا ملك غيره ينفض عنه شعبه ويلتفوا حول الملك الجديد.
جامعة,4,92,"الإصحاح الرابع في تأملات سليمان في هذا الإصحاح نراه يصل للنتيجة التي يرد إثباتها ويه بطلان هذا العالم\'a1 بعدة طرق\'a1 فالفقراء مظلومون والأغنياء محسودون من الكسالى الذين لا يعملون ومن يجمع المال لا يشبع منه\'a1 وهو تعيس إذ لا يعرف لمن يترك ما قد جمعه. ومن يتسلط أي يملك لا يثبت في سلطته بل إذا ملك غيره ينفض عنه شعبه ويلتفوا حول الملك الجديد.
جامعة,4,93,"الإصحاح الرابع في تأملات سليمان في هذا الإصحاح نراه يصل للنتيجة التي يرد إثباتها ويه بطلان هذا العالم\'a1 بعدة طرق\'a1 فالفقراء مظلومون والأغنياء محسودون من الكسالى الذين لا يعملون ومن يجمع المال لا يشبع منه\'a1 وهو تعيس إذ لا يعرف لمن يترك ما قد جمعه. ومن يتسلط أي يملك لا يثبت في سلطته بل إذا ملك غيره ينفض عنه شعبه ويلتفوا حول الملك الجديد.
جامعة,4,94,"الإصحاح الرابع في تأملات سليمان في هذا الإصحاح نراه يصل للنتيجة التي يرد إثباتها ويه بطلان هذا العالم\'a1 بعدة طرق\'a1 فالفقراء مظلومون والأغنياء محسودون من الكسالى الذين لا يعملون ومن يجمع المال لا يشبع منه\'a1 وهو تعيس إذ لا يعرف لمن يترك ما قد جمعه. ومن يتسلط أي يملك لا يثبت في سلطته بل إذا ملك غيره ينفض عنه شعبه ويلتفوا حول الملك الجديد.
جامعة,4,95,"الإصحاح الرابع في تأملات سليمان في هذا الإصحاح نراه يصل للنتيجة التي يرد إثباتها ويه بطلان هذا العالم\'a1 بعدة طرق\'a1 فالفقراء مظلومون والأغنياء محسودون من الكسالى الذين لا يعملون ومن يجمع المال لا يشبع منه\'a1 وهو تعيس إذ لا يعرف لمن يترك ما قد جمعه. ومن يتسلط أي يملك لا يثبت في سلطته بل إذا ملك غيره ينفض عنه شعبه ويلتفوا حول الملك الجديد.
جامعة,4,96,"الإصحاح الرابع في تأملات سليمان في هذا الإصحاح نراه يصل للنتيجة التي يرد إثباتها ويه بطلان هذا العالم\'a1 بعدة طرق\'a1 فالفقراء مظلومون والأغنياء محسودون من الكسالى الذين لا يعملون ومن يجمع المال لا يشبع منه\'a1 وهو تعيس إذ لا يعرف لمن يترك ما قد جمعه. ومن يتسلط أي يملك لا يثبت في سلطته بل إذا ملك غيره ينفض عنه شعبه ويلتفوا حول الملك الجديد.
جامعة,4,97,"الإصحاح الرابع في تأملات سليمان في هذا الإصحاح نراه يصل للنتيجة التي يرد إثباتها ويه بطلان هذا العالم\'a1 بعدة طرق\'a1 فالفقراء مظلومون والأغنياء محسودون من الكسالى الذين لا يعملون ومن يجمع المال لا يشبع منه\'a1 وهو تعيس إذ لا يعرف لمن يترك ما قد جمعه. ومن يتسلط أي يملك لا يثبت في سلطته بل إذا ملك غيره ينفض عنه شعبه ويلتفوا حول الملك الجديد.
جامعة,4,98,"الإصحاح الرابع في تأملات سليمان في هذا الإصحاح نراه يصل للنتيجة التي يرد إثباتها ويه بطلان هذا العالم\'a1 بعدة طرق\'a1 فالفقراء مظلومون والأغنياء محسودون من الكسالى الذين لا يعملون ومن يجمع المال لا يشبع منه\'a1 وهو تعيس إذ لا يعرف لمن يترك ما قد جمعه. ومن يتسلط أي يملك لا يثبت في سلطته بل إذا ملك غيره ينفض عنه شعبه ويلتفوا حول الملك الجديد.
جامعة,4,99,"الإصحاح الرابع في تأملات سليمان في هذا الإصحاح نراه يصل للنتيجة التي يرد إثباتها ويه بطلان هذا العالم\'a1 بعدة طرق\'a1 فالفقراء مظلومون والأغنياء محسودون من الكسالى الذين لا يعملون ومن يجمع المال لا يشبع منه\'a1 وهو تعيس إذ لا يعرف لمن يترك ما قد جمعه. ومن يتسلط أي يملك لا يثبت في سلطته بل إذا ملك غيره ينفض عنه شعبه ويلتفوا حول الملك الجديد.
جامعة,5,1,"الإصحاح الخامس لقد أثبت سليمان في الإصحاحات (1-4) أن العالم باطل وابتداء من هذا الإصحاح نجده يقدم نصائح عملية فيها يقدم لكل منا دوره العملي الذي يجب أن يسلك به.
جامعة,5,2,"الإصحاح الخامس لقد أثبت سليمان في الإصحاحات (1-4) أن العالم باطل وابتداء من هذا الإصحاح نجده يقدم نصائح عملية فيها يقدم لكل منا دوره العملي الذي يجب أن يسلك به.
جامعة,5,3,"الإصحاح الخامس لقد أثبت سليمان في الإصحاحات (1-4) أن العالم باطل وابتداء من هذا الإصحاح نجده يقدم نصائح عملية فيها يقدم لكل منا دوره العملي الذي يجب أن يسلك به.
جامعة,5,4,"الإصحاح الخامس لقد أثبت سليمان في الإصحاحات (1-4) أن العالم باطل وابتداء من هذا الإصحاح نجده يقدم نصائح عملية فيها يقدم لكل منا دوره العملي الذي يجب أن يسلك به.
جامعة,5,5,"الإصحاح الخامس لقد أثبت سليمان في الإصحاحات (1-4) أن العالم باطل وابتداء من هذا الإصحاح نجده يقدم نصائح عملية فيها يقدم لكل منا دوره العملي الذي يجب أن يسلك به.
جامعة,5,6,"الإصحاح الخامس لقد أثبت سليمان في الإصحاحات (1-4) أن العالم باطل وابتداء من هذا الإصحاح نجده يقدم نصائح عملية فيها يقدم لكل منا دوره العملي الذي يجب أن يسلك به.
جامعة,5,7,"الإصحاح الخامس لقد أثبت سليمان في الإصحاحات (1-4) أن العالم باطل وابتداء من هذا الإصحاح نجده يقدم نصائح عملية فيها يقدم لكل منا دوره العملي الذي يجب أن يسلك به.
جامعة,5,8,"الإصحاح الخامس لقد أثبت سليمان في الإصحاحات (1-4) أن العالم باطل وابتداء من هذا الإصحاح نجده يقدم نصائح عملية فيها يقدم لكل منا دوره العملي الذي يجب أن يسلك به.
جامعة,5,9,"الإصحاح الخامس لقد أثبت سليمان في الإصحاحات (1-4) أن العالم باطل وابتداء من هذا الإصحاح نجده يقدم نصائح عملية فيها يقدم لكل منا دوره العملي الذي يجب أن يسلك به.
جامعة,5,10,"الإصحاح الخامس لقد أثبت سليمان في الإصحاحات (1-4) أن العالم باطل وابتداء من هذا الإصحاح نجده يقدم نصائح عملية فيها يقدم لكل منا دوره العملي الذي يجب أن يسلك به.
جامعة,5,11,"الإصحاح الخامس لقد أثبت سليمان في الإصحاحات (1-4) أن العالم باطل وابتداء من هذا الإصحاح نجده يقدم نصائح عملية فيها يقدم لكل منا دوره العملي الذي يجب أن يسلك به.
جامعة,5,12,"الإصحاح الخامس لقد أثبت سليمان في الإصحاحات (1-4) أن العالم باطل وابتداء من هذا الإصحاح نجده يقدم نصائح عملية فيها يقدم لكل منا دوره العملي الذي يجب أن يسلك به.
جامعة,5,13,"الإصحاح الخامس لقد أثبت سليمان في الإصحاحات (1-4) أن العالم باطل وابتداء من هذا الإصحاح نجده يقدم نصائح عملية فيها يقدم لكل منا دوره العملي الذي يجب أن يسلك به.
جامعة,5,14,"الإصحاح الخامس لقد أثبت سليمان في الإصحاحات (1-4) أن العالم باطل وابتداء من هذا الإصحاح نجده يقدم نصائح عملية فيها يقدم لكل منا دوره العملي الذي يجب أن يسلك به.
جامعة,5,15,"الإصحاح الخامس لقد أثبت سليمان في الإصحاحات (1-4) أن العالم باطل وابتداء من هذا الإصحاح نجده يقدم نصائح عملية فيها يقدم لكل منا دوره العملي الذي يجب أن يسلك به.
جامعة,5,16,"الإصحاح الخامس لقد أثبت سليمان في الإصحاحات (1-4) أن العالم باطل وابتداء من هذا الإصحاح نجده يقدم نصائح عملية فيها يقدم لكل منا دوره العملي الذي يجب أن يسلك به.
جامعة,5,17,"الإصحاح الخامس لقد أثبت سليمان في الإصحاحات (1-4) أن العالم باطل وابتداء من هذا الإصحاح نجده يقدم نصائح عملية فيها يقدم لكل منا دوره العملي الذي يجب أن يسلك به.
جامعة,5,18,"الإصحاح الخامس لقد أثبت سليمان في الإصحاحات (1-4) أن العالم باطل وابتداء من هذا الإصحاح نجده يقدم نصائح عملية فيها يقدم لكل منا دوره العملي الذي يجب أن يسلك به.
جامعة,5,19,"الإصحاح الخامس لقد أثبت سليمان في الإصحاحات (1-4) أن العالم باطل وابتداء من هذا الإصحاح نجده يقدم نصائح عملية فيها يقدم لكل منا دوره العملي الذي يجب أن يسلك به.
جامعة,5,20,"الإصحاح الخامس لقد أثبت سليمان في الإصحاحات (1-4) أن العالم باطل وابتداء من هذا الإصحاح نجده يقدم نصائح عملية فيها يقدم لكل منا دوره العملي الذي يجب أن يسلك به.
جامعة,5,21,"الإصحاح الخامس لقد أثبت سليمان في الإصحاحات (1-4) أن العالم باطل وابتداء من هذا الإصحاح نجده يقدم نصائح عملية فيها يقدم لكل منا دوره العملي الذي يجب أن يسلك به.
جامعة,5,22,"الإصحاح الخامس لقد أثبت سليمان في الإصحاحات (1-4) أن العالم باطل وابتداء من هذا الإصحاح نجده يقدم نصائح عملية فيها يقدم لكل منا دوره العملي الذي يجب أن يسلك به.
جامعة,5,23,"الإصحاح الخامس لقد أثبت سليمان في الإصحاحات (1-4) أن العالم باطل وابتداء من هذا الإصحاح نجده يقدم نصائح عملية فيها يقدم لكل منا دوره العملي الذي يجب أن يسلك به.
جامعة,5,24,"الإصحاح الخامس لقد أثبت سليمان في الإصحاحات (1-4) أن العالم باطل وابتداء من هذا الإصحاح نجده يقدم نصائح عملية فيها يقدم لكل منا دوره العملي الذي يجب أن يسلك به.
جامعة,5,25,"الإصحاح الخامس لقد أثبت سليمان في الإصحاحات (1-4) أن العالم باطل وابتداء من هذا الإصحاح نجده يقدم نصائح عملية فيها يقدم لكل منا دوره العملي الذي يجب أن يسلك به.
جامعة,5,26,"الإصحاح الخامس لقد أثبت سليمان في الإصحاحات (1-4) أن العالم باطل وابتداء من هذا الإصحاح نجده يقدم نصائح عملية فيها يقدم لكل منا دوره العملي الذي يجب أن يسلك به.
جامعة,5,27,"الإصحاح الخامس لقد أثبت سليمان في الإصحاحات (1-4) أن العالم باطل وابتداء من هذا الإصحاح نجده يقدم نصائح عملية فيها يقدم لكل منا دوره العملي الذي يجب أن يسلك به.
جامعة,5,28,"الإصحاح الخامس لقد أثبت سليمان في الإصحاحات (1-4) أن العالم باطل وابتداء من هذا الإصحاح نجده يقدم نصائح عملية فيها يقدم لكل منا دوره العملي الذي يجب أن يسلك به.
جامعة,5,29,"الإصحاح الخامس لقد أثبت سليمان في الإصحاحات (1-4) أن العالم باطل وابتداء من هذا الإصحاح نجده يقدم نصائح عملية فيها يقدم لكل منا دوره العملي الذي يجب أن يسلك به.
جامعة,5,30,"الإصحاح الخامس لقد أثبت سليمان في الإصحاحات (1-4) أن العالم باطل وابتداء من هذا الإصحاح نجده يقدم نصائح عملية فيها يقدم لكل منا دوره العملي الذي يجب أن يسلك به.
جامعة,5,31,"الإصحاح الخامس لقد أثبت سليمان في الإصحاحات (1-4) أن العالم باطل وابتداء من هذا الإصحاح نجده يقدم نصائح عملية فيها يقدم لكل منا دوره العملي الذي يجب أن يسلك به.
جامعة,5,32,"الإصحاح الخامس لقد أثبت سليمان في الإصحاحات (1-4) أن العالم باطل وابتداء من هذا الإصحاح نجده يقدم نصائح عملية فيها يقدم لكل منا دوره العملي الذي يجب أن يسلك به.
جامعة,5,33,"الإصحاح الخامس لقد أثبت سليمان في الإصحاحات (1-4) أن العالم باطل وابتداء من هذا الإصحاح نجده يقدم نصائح عملية فيها يقدم لكل منا دوره العملي الذي يجب أن يسلك به.
جامعة,5,34,"الإصحاح الخامس لقد أثبت سليمان في الإصحاحات (1-4) أن العالم باطل وابتداء من هذا الإصحاح نجده يقدم نصائح عملية فيها يقدم لكل منا دوره العملي الذي يجب أن يسلك به.
جامعة,5,35,"الإصحاح الخامس لقد أثبت سليمان في الإصحاحات (1-4) أن العالم باطل وابتداء من هذا الإصحاح نجده يقدم نصائح عملية فيها يقدم لكل منا دوره العملي الذي يجب أن يسلك به.
جامعة,5,36,"الإصحاح الخامس لقد أثبت سليمان في الإصحاحات (1-4) أن العالم باطل وابتداء من هذا الإصحاح نجده يقدم نصائح عملية فيها يقدم لكل منا دوره العملي الذي يجب أن يسلك به.
جامعة,5,37,"الإصحاح الخامس لقد أثبت سليمان في الإصحاحات (1-4) أن العالم باطل وابتداء من هذا الإصحاح نجده يقدم نصائح عملية فيها يقدم لكل منا دوره العملي الذي يجب أن يسلك به.
جامعة,5,38,"الإصحاح الخامس لقد أثبت سليمان في الإصحاحات (1-4) أن العالم باطل وابتداء من هذا الإصحاح نجده يقدم نصائح عملية فيها يقدم لكل منا دوره العملي الذي يجب أن يسلك به.
جامعة,5,39,"الإصحاح الخامس لقد أثبت سليمان في الإصحاحات (1-4) أن العالم باطل وابتداء من هذا الإصحاح نجده يقدم نصائح عملية فيها يقدم لكل منا دوره العملي الذي يجب أن يسلك به.
جامعة,5,40,"الإصحاح الخامس لقد أثبت سليمان في الإصحاحات (1-4) أن العالم باطل وابتداء من هذا الإصحاح نجده يقدم نصائح عملية فيها يقدم لكل منا دوره العملي الذي يجب أن يسلك به.
جامعة,5,41,"الإصحاح الخامس لقد أثبت سليمان في الإصحاحات (1-4) أن العالم باطل وابتداء من هذا الإصحاح نجده يقدم نصائح عملية فيها يقدم لكل منا دوره العملي الذي يجب أن يسلك به.
جامعة,5,42,"الإصحاح الخامس لقد أثبت سليمان في الإصحاحات (1-4) أن العالم باطل وابتداء من هذا الإصحاح نجده يقدم نصائح عملية فيها يقدم لكل منا دوره العملي الذي يجب أن يسلك به.
جامعة,5,43,"الإصحاح الخامس لقد أثبت سليمان في الإصحاحات (1-4) أن العالم باطل وابتداء من هذا الإصحاح نجده يقدم نصائح عملية فيها يقدم لكل منا دوره العملي الذي يجب أن يسلك به.
جامعة,5,44,"الإصحاح الخامس لقد أثبت سليمان في الإصحاحات (1-4) أن العالم باطل وابتداء من هذا الإصحاح نجده يقدم نصائح عملية فيها يقدم لكل منا دوره العملي الذي يجب أن يسلك به.
جامعة,5,45,"الإصحاح الخامس لقد أثبت سليمان في الإصحاحات (1-4) أن العالم باطل وابتداء من هذا الإصحاح نجده يقدم نصائح عملية فيها يقدم لكل منا دوره العملي الذي يجب أن يسلك به.
جامعة,5,46,"الإصحاح الخامس لقد أثبت سليمان في الإصحاحات (1-4) أن العالم باطل وابتداء من هذا الإصحاح نجده يقدم نصائح عملية فيها يقدم لكل منا دوره العملي الذي يجب أن يسلك به.
جامعة,5,47,"الإصحاح الخامس لقد أثبت سليمان في الإصحاحات (1-4) أن العالم باطل وابتداء من هذا الإصحاح نجده يقدم نصائح عملية فيها يقدم لكل منا دوره العملي الذي يجب أن يسلك به.
جامعة,5,48,"الإصحاح الخامس لقد أثبت سليمان في الإصحاحات (1-4) أن العالم باطل وابتداء من هذا الإصحاح نجده يقدم نصائح عملية فيها يقدم لكل منا دوره العملي الذي يجب أن يسلك به.
جامعة,5,49,"الإصحاح الخامس لقد أثبت سليمان في الإصحاحات (1-4) أن العالم باطل وابتداء من هذا الإصحاح نجده يقدم نصائح عملية فيها يقدم لكل منا دوره العملي الذي يجب أن يسلك به.
جامعة,5,50,"الإصحاح الخامس لقد أثبت سليمان في الإصحاحات (1-4) أن العالم باطل وابتداء من هذا الإصحاح نجده يقدم نصائح عملية فيها يقدم لكل منا دوره العملي الذي يجب أن يسلك به.
جامعة,5,51,"الإصحاح الخامس لقد أثبت سليمان في الإصحاحات (1-4) أن العالم باطل وابتداء من هذا الإصحاح نجده يقدم نصائح عملية فيها يقدم لكل منا دوره العملي الذي يجب أن يسلك به.
جامعة,5,52,"الإصحاح الخامس لقد أثبت سليمان في الإصحاحات (1-4) أن العالم باطل وابتداء من هذا الإصحاح نجده يقدم نصائح عملية فيها يقدم لكل منا دوره العملي الذي يجب أن يسلك به.
جامعة,5,53,"الإصحاح الخامس لقد أثبت سليمان في الإصحاحات (1-4) أن العالم باطل وابتداء من هذا الإصحاح نجده يقدم نصائح عملية فيها يقدم لكل منا دوره العملي الذي يجب أن يسلك به.
جامعة,5,54,"الإصحاح الخامس لقد أثبت سليمان في الإصحاحات (1-4) أن العالم باطل وابتداء من هذا الإصحاح نجده يقدم نصائح عملية فيها يقدم لكل منا دوره العملي الذي يجب أن يسلك به.
جامعة,5,55,"الإصحاح الخامس لقد أثبت سليمان في الإصحاحات (1-4) أن العالم باطل وابتداء من هذا الإصحاح نجده يقدم نصائح عملية فيها يقدم لكل منا دوره العملي الذي يجب أن يسلك به.
جامعة,5,56,"الإصحاح الخامس لقد أثبت سليمان في الإصحاحات (1-4) أن العالم باطل وابتداء من هذا الإصحاح نجده يقدم نصائح عملية فيها يقدم لكل منا دوره العملي الذي يجب أن يسلك به.
جامعة,5,57,"الإصحاح الخامس لقد أثبت سليمان في الإصحاحات (1-4) أن العالم باطل وابتداء من هذا الإصحاح نجده يقدم نصائح عملية فيها يقدم لكل منا دوره العملي الذي يجب أن يسلك به.
جامعة,5,58,"الإصحاح الخامس لقد أثبت سليمان في الإصحاحات (1-4) أن العالم باطل وابتداء من هذا الإصحاح نجده يقدم نصائح عملية فيها يقدم لكل منا دوره العملي الذي يجب أن يسلك به.
جامعة,5,59,"الإصحاح الخامس لقد أثبت سليمان في الإصحاحات (1-4) أن العالم باطل وابتداء من هذا الإصحاح نجده يقدم نصائح عملية فيها يقدم لكل منا دوره العملي الذي يجب أن يسلك به.
جامعة,5,60,"الإصحاح الخامس لقد أثبت سليمان في الإصحاحات (1-4) أن العالم باطل وابتداء من هذا الإصحاح نجده يقدم نصائح عملية فيها يقدم لكل منا دوره العملي الذي يجب أن يسلك به.
جامعة,5,61,"الإصحاح الخامس لقد أثبت سليمان في الإصحاحات (1-4) أن العالم باطل وابتداء من هذا الإصحاح نجده يقدم نصائح عملية فيها يقدم لكل منا دوره العملي الذي يجب أن يسلك به.
جامعة,5,62,"الإصحاح الخامس لقد أثبت سليمان في الإصحاحات (1-4) أن العالم باطل وابتداء من هذا الإصحاح نجده يقدم نصائح عملية فيها يقدم لكل منا دوره العملي الذي يجب أن يسلك به.
جامعة,5,63,"الإصحاح الخامس لقد أثبت سليمان في الإصحاحات (1-4) أن العالم باطل وابتداء من هذا الإصحاح نجده يقدم نصائح عملية فيها يقدم لكل منا دوره العملي الذي يجب أن يسلك به.
جامعة,5,64,"الإصحاح الخامس لقد أثبت سليمان في الإصحاحات (1-4) أن العالم باطل وابتداء من هذا الإصحاح نجده يقدم نصائح عملية فيها يقدم لكل منا دوره العملي الذي يجب أن يسلك به.
جامعة,5,65,"الإصحاح الخامس لقد أثبت سليمان في الإصحاحات (1-4) أن العالم باطل وابتداء من هذا الإصحاح نجده يقدم نصائح عملية فيها يقدم لكل منا دوره العملي الذي يجب أن يسلك به.
جامعة,5,66,"الإصحاح الخامس لقد أثبت سليمان في الإصحاحات (1-4) أن العالم باطل وابتداء من هذا الإصحاح نجده يقدم نصائح عملية فيها يقدم لكل منا دوره العملي الذي يجب أن يسلك به.
جامعة,5,67,"الإصحاح الخامس لقد أثبت سليمان في الإصحاحات (1-4) أن العالم باطل وابتداء من هذا الإصحاح نجده يقدم نصائح عملية فيها يقدم لكل منا دوره العملي الذي يجب أن يسلك به.
جامعة,5,68,"الإصحاح الخامس لقد أثبت سليمان في الإصحاحات (1-4) أن العالم باطل وابتداء من هذا الإصحاح نجده يقدم نصائح عملية فيها يقدم لكل منا دوره العملي الذي يجب أن يسلك به.
جامعة,5,69,"الإصحاح الخامس لقد أثبت سليمان في الإصحاحات (1-4) أن العالم باطل وابتداء من هذا الإصحاح نجده يقدم نصائح عملية فيها يقدم لكل منا دوره العملي الذي يجب أن يسلك به.
جامعة,5,70,"الإصحاح الخامس لقد أثبت سليمان في الإصحاحات (1-4) أن العالم باطل وابتداء من هذا الإصحاح نجده يقدم نصائح عملية فيها يقدم لكل منا دوره العملي الذي يجب أن يسلك به.
جامعة,5,71,"الإصحاح الخامس لقد أثبت سليمان في الإصحاحات (1-4) أن العالم باطل وابتداء من هذا الإصحاح نجده يقدم نصائح عملية فيها يقدم لكل منا دوره العملي الذي يجب أن يسلك به.
جامعة,5,72,"الإصحاح الخامس لقد أثبت سليمان في الإصحاحات (1-4) أن العالم باطل وابتداء من هذا الإصحاح نجده يقدم نصائح عملية فيها يقدم لكل منا دوره العملي الذي يجب أن يسلك به.
جامعة,5,73,"الإصحاح الخامس لقد أثبت سليمان في الإصحاحات (1-4) أن العالم باطل وابتداء من هذا الإصحاح نجده يقدم نصائح عملية فيها يقدم لكل منا دوره العملي الذي يجب أن يسلك به.
جامعة,5,74,"الإصحاح الخامس لقد أثبت سليمان في الإصحاحات (1-4) أن العالم باطل وابتداء من هذا الإصحاح نجده يقدم نصائح عملية فيها يقدم لكل منا دوره العملي الذي يجب أن يسلك به.
جامعة,5,75,"الإصحاح الخامس لقد أثبت سليمان في الإصحاحات (1-4) أن العالم باطل وابتداء من هذا الإصحاح نجده يقدم نصائح عملية فيها يقدم لكل منا دوره العملي الذي يجب أن يسلك به.
جامعة,5,76,"الإصحاح الخامس لقد أثبت سليمان في الإصحاحات (1-4) أن العالم باطل وابتداء من هذا الإصحاح نجده يقدم نصائح عملية فيها يقدم لكل منا دوره العملي الذي يجب أن يسلك به.
جامعة,5,77,"الإصحاح الخامس لقد أثبت سليمان في الإصحاحات (1-4) أن العالم باطل وابتداء من هذا الإصحاح نجده يقدم نصائح عملية فيها يقدم لكل منا دوره العملي الذي يجب أن يسلك به.
جامعة,5,78,"الإصحاح الخامس لقد أثبت سليمان في الإصحاحات (1-4) أن العالم باطل وابتداء من هذا الإصحاح نجده يقدم نصائح عملية فيها يقدم لكل منا دوره العملي الذي يجب أن يسلك به.
جامعة,5,79,"الإصحاح الخامس لقد أثبت سليمان في الإصحاحات (1-4) أن العالم باطل وابتداء من هذا الإصحاح نجده يقدم نصائح عملية فيها يقدم لكل منا دوره العملي الذي يجب أن يسلك به.
جامعة,5,80,"الإصحاح الخامس لقد أثبت سليمان في الإصحاحات (1-4) أن العالم باطل وابتداء من هذا الإصحاح نجده يقدم نصائح عملية فيها يقدم لكل منا دوره العملي الذي يجب أن يسلك به.
جامعة,5,81,"الإصحاح الخامس لقد أثبت سليمان في الإصحاحات (1-4) أن العالم باطل وابتداء من هذا الإصحاح نجده يقدم نصائح عملية فيها يقدم لكل منا دوره العملي الذي يجب أن يسلك به.
جامعة,5,82,"الإصحاح الخامس لقد أثبت سليمان في الإصحاحات (1-4) أن العالم باطل وابتداء من هذا الإصحاح نجده يقدم نصائح عملية فيها يقدم لكل منا دوره العملي الذي يجب أن يسلك به.
جامعة,5,83,"الإصحاح الخامس لقد أثبت سليمان في الإصحاحات (1-4) أن العالم باطل وابتداء من هذا الإصحاح نجده يقدم نصائح عملية فيها يقدم لكل منا دوره العملي الذي يجب أن يسلك به.
جامعة,5,84,"الإصحاح الخامس لقد أثبت سليمان في الإصحاحات (1-4) أن العالم باطل وابتداء من هذا الإصحاح نجده يقدم نصائح عملية فيها يقدم لكل منا دوره العملي الذي يجب أن يسلك به.
جامعة,5,85,"الإصحاح الخامس لقد أثبت سليمان في الإصحاحات (1-4) أن العالم باطل وابتداء من هذا الإصحاح نجده يقدم نصائح عملية فيها يقدم لكل منا دوره العملي الذي يجب أن يسلك به.
جامعة,5,86,"الإصحاح الخامس لقد أثبت سليمان في الإصحاحات (1-4) أن العالم باطل وابتداء من هذا الإصحاح نجده يقدم نصائح عملية فيها يقدم لكل منا دوره العملي الذي يجب أن يسلك به.
جامعة,5,87,"الإصحاح الخامس لقد أثبت سليمان في الإصحاحات (1-4) أن العالم باطل وابتداء من هذا الإصحاح نجده يقدم نصائح عملية فيها يقدم لكل منا دوره العملي الذي يجب أن يسلك به.
جامعة,5,88,"الإصحاح الخامس لقد أثبت سليمان في الإصحاحات (1-4) أن العالم باطل وابتداء من هذا الإصحاح نجده يقدم نصائح عملية فيها يقدم لكل منا دوره العملي الذي يجب أن يسلك به.
جامعة,5,89,"الإصحاح الخامس لقد أثبت سليمان في الإصحاحات (1-4) أن العالم باطل وابتداء من هذا الإصحاح نجده يقدم نصائح عملية فيها يقدم لكل منا دوره العملي الذي يجب أن يسلك به.
جامعة,5,90,"الإصحاح الخامس لقد أثبت سليمان في الإصحاحات (1-4) أن العالم باطل وابتداء من هذا الإصحاح نجده يقدم نصائح عملية فيها يقدم لكل منا دوره العملي الذي يجب أن يسلك به.
جامعة,5,91,"الإصحاح الخامس لقد أثبت سليمان في الإصحاحات (1-4) أن العالم باطل وابتداء من هذا الإصحاح نجده يقدم نصائح عملية فيها يقدم لكل منا دوره العملي الذي يجب أن يسلك به.
جامعة,5,92,"الإصحاح الخامس لقد أثبت سليمان في الإصحاحات (1-4) أن العالم باطل وابتداء من هذا الإصحاح نجده يقدم نصائح عملية فيها يقدم لكل منا دوره العملي الذي يجب أن يسلك به.
جامعة,5,93,"الإصحاح الخامس لقد أثبت سليمان في الإصحاحات (1-4) أن العالم باطل وابتداء من هذا الإصحاح نجده يقدم نصائح عملية فيها يقدم لكل منا دوره العملي الذي يجب أن يسلك به.
جامعة,5,94,"الإصحاح الخامس لقد أثبت سليمان في الإصحاحات (1-4) أن العالم باطل وابتداء من هذا الإصحاح نجده يقدم نصائح عملية فيها يقدم لكل منا دوره العملي الذي يجب أن يسلك به.
جامعة,5,95,"الإصحاح الخامس لقد أثبت سليمان في الإصحاحات (1-4) أن العالم باطل وابتداء من هذا الإصحاح نجده يقدم نصائح عملية فيها يقدم لكل منا دوره العملي الذي يجب أن يسلك به.
جامعة,5,96,"الإصحاح الخامس لقد أثبت سليمان في الإصحاحات (1-4) أن العالم باطل وابتداء من هذا الإصحاح نجده يقدم نصائح عملية فيها يقدم لكل منا دوره العملي الذي يجب أن يسلك به.
جامعة,5,97,"الإصحاح الخامس لقد أثبت سليمان في الإصحاحات (1-4) أن العالم باطل وابتداء من هذا الإصحاح نجده يقدم نصائح عملية فيها يقدم لكل منا دوره العملي الذي يجب أن يسلك به.
جامعة,5,98,"الإصحاح الخامس لقد أثبت سليمان في الإصحاحات (1-4) أن العالم باطل وابتداء من هذا الإصحاح نجده يقدم نصائح عملية فيها يقدم لكل منا دوره العملي الذي يجب أن يسلك به.
جامعة,5,99,"الإصحاح الخامس لقد أثبت سليمان في الإصحاحات (1-4) أن العالم باطل وابتداء من هذا الإصحاح نجده يقدم نصائح عملية فيها يقدم لكل منا دوره العملي الذي يجب أن يسلك به.
جامعة,6,1,"الإصحاح السادس الآيات (1\'a12): ""يوجد شر قد رأيته تحت الشمس وهو كثير بين الناس. رجل أعطاه الله غنى ومالاً وكرامة وليس لنفسه عوز من كل ما يشتهيه ولم يعطه الله استطاعة على أن يأكل منه بل يأكله إنسان غريب هذا باطل ومصيبة رديئة هو.""
جامعة,6,2,"الإصحاح السادس الآيات (1\'a12): ""يوجد شر قد رأيته تحت الشمس وهو كثير بين الناس. رجل أعطاه الله غنى ومالاً وكرامة وليس لنفسه عوز من كل ما يشتهيه ولم يعطه الله استطاعة على أن يأكل منه بل يأكله إنسان غريب هذا باطل ومصيبة رديئة هو.""
جامعة,6,3,"الإصحاح السادس الآيات (1\'a12): ""يوجد شر قد رأيته تحت الشمس وهو كثير بين الناس. رجل أعطاه الله غنى ومالاً وكرامة وليس لنفسه عوز من كل ما يشتهيه ولم يعطه الله استطاعة على أن يأكل منه بل يأكله إنسان غريب هذا باطل ومصيبة رديئة هو.""
جامعة,6,4,"الإصحاح السادس الآيات (1\'a12): ""يوجد شر قد رأيته تحت الشمس وهو كثير بين الناس. رجل أعطاه الله غنى ومالاً وكرامة وليس لنفسه عوز من كل ما يشتهيه ولم يعطه الله استطاعة على أن يأكل منه بل يأكله إنسان غريب هذا باطل ومصيبة رديئة هو.""
جامعة,6,5,"الإصحاح السادس الآيات (1\'a12): ""يوجد شر قد رأيته تحت الشمس وهو كثير بين الناس. رجل أعطاه الله غنى ومالاً وكرامة وليس لنفسه عوز من كل ما يشتهيه ولم يعطه الله استطاعة على أن يأكل منه بل يأكله إنسان غريب هذا باطل ومصيبة رديئة هو.""
جامعة,6,6,"الإصحاح السادس الآيات (1\'a12): ""يوجد شر قد رأيته تحت الشمس وهو كثير بين الناس. رجل أعطاه الله غنى ومالاً وكرامة وليس لنفسه عوز من كل ما يشتهيه ولم يعطه الله استطاعة على أن يأكل منه بل يأكله إنسان غريب هذا باطل ومصيبة رديئة هو.""
جامعة,6,7,"الإصحاح السادس الآيات (1\'a12): ""يوجد شر قد رأيته تحت الشمس وهو كثير بين الناس. رجل أعطاه الله غنى ومالاً وكرامة وليس لنفسه عوز من كل ما يشتهيه ولم يعطه الله استطاعة على أن يأكل منه بل يأكله إنسان غريب هذا باطل ومصيبة رديئة هو.""
جامعة,6,8,"الإصحاح السادس الآيات (1\'a12): ""يوجد شر قد رأيته تحت الشمس وهو كثير بين الناس. رجل أعطاه الله غنى ومالاً وكرامة وليس لنفسه عوز من كل ما يشتهيه ولم يعطه الله استطاعة على أن يأكل منه بل يأكله إنسان غريب هذا باطل ومصيبة رديئة هو.""
جامعة,6,9,"الإصحاح السادس الآيات (1\'a12): ""يوجد شر قد رأيته تحت الشمس وهو كثير بين الناس. رجل أعطاه الله غنى ومالاً وكرامة وليس لنفسه عوز من كل ما يشتهيه ولم يعطه الله استطاعة على أن يأكل منه بل يأكله إنسان غريب هذا باطل ومصيبة رديئة هو.""
جامعة,6,10,"الإصحاح السادس الآيات (1\'a12): ""يوجد شر قد رأيته تحت الشمس وهو كثير بين الناس. رجل أعطاه الله غنى ومالاً وكرامة وليس لنفسه عوز من كل ما يشتهيه ولم يعطه الله استطاعة على أن يأكل منه بل يأكله إنسان غريب هذا باطل ومصيبة رديئة هو.""
جامعة,6,11,"الإصحاح السادس الآيات (1\'a12): ""يوجد شر قد رأيته تحت الشمس وهو كثير بين الناس. رجل أعطاه الله غنى ومالاً وكرامة وليس لنفسه عوز من كل ما يشتهيه ولم يعطه الله استطاعة على أن يأكل منه بل يأكله إنسان غريب هذا باطل ومصيبة رديئة هو.""
جامعة,6,12,"الإصحاح السادس الآيات (1\'a12): ""يوجد شر قد رأيته تحت الشمس وهو كثير بين الناس. رجل أعطاه الله غنى ومالاً وكرامة وليس لنفسه عوز من كل ما يشتهيه ولم يعطه الله استطاعة على أن يأكل منه بل يأكله إنسان غريب هذا باطل ومصيبة رديئة هو.""
جامعة,6,13,"الإصحاح السادس الآيات (1\'a12): ""يوجد شر قد رأيته تحت الشمس وهو كثير بين الناس. رجل أعطاه الله غنى ومالاً وكرامة وليس لنفسه عوز من كل ما يشتهيه ولم يعطه الله استطاعة على أن يأكل منه بل يأكله إنسان غريب هذا باطل ومصيبة رديئة هو.""
جامعة,6,14,"الإصحاح السادس الآيات (1\'a12): ""يوجد شر قد رأيته تحت الشمس وهو كثير بين الناس. رجل أعطاه الله غنى ومالاً وكرامة وليس لنفسه عوز من كل ما يشتهيه ولم يعطه الله استطاعة على أن يأكل منه بل يأكله إنسان غريب هذا باطل ومصيبة رديئة هو.""
جامعة,6,15,"الإصحاح السادس الآيات (1\'a12): ""يوجد شر قد رأيته تحت الشمس وهو كثير بين الناس. رجل أعطاه الله غنى ومالاً وكرامة وليس لنفسه عوز من كل ما يشتهيه ولم يعطه الله استطاعة على أن يأكل منه بل يأكله إنسان غريب هذا باطل ومصيبة رديئة هو.""
جامعة,6,16,"الإصحاح السادس الآيات (1\'a12): ""يوجد شر قد رأيته تحت الشمس وهو كثير بين الناس. رجل أعطاه الله غنى ومالاً وكرامة وليس لنفسه عوز من كل ما يشتهيه ولم يعطه الله استطاعة على أن يأكل منه بل يأكله إنسان غريب هذا باطل ومصيبة رديئة هو.""
جامعة,6,17,"الإصحاح السادس الآيات (1\'a12): ""يوجد شر قد رأيته تحت الشمس وهو كثير بين الناس. رجل أعطاه الله غنى ومالاً وكرامة وليس لنفسه عوز من كل ما يشتهيه ولم يعطه الله استطاعة على أن يأكل منه بل يأكله إنسان غريب هذا باطل ومصيبة رديئة هو.""
جامعة,6,18,"الإصحاح السادس الآيات (1\'a12): ""يوجد شر قد رأيته تحت الشمس وهو كثير بين الناس. رجل أعطاه الله غنى ومالاً وكرامة وليس لنفسه عوز من كل ما يشتهيه ولم يعطه الله استطاعة على أن يأكل منه بل يأكله إنسان غريب هذا باطل ومصيبة رديئة هو.""
جامعة,6,19,"الإصحاح السادس الآيات (1\'a12): ""يوجد شر قد رأيته تحت الشمس وهو كثير بين الناس. رجل أعطاه الله غنى ومالاً وكرامة وليس لنفسه عوز من كل ما يشتهيه ولم يعطه الله استطاعة على أن يأكل منه بل يأكله إنسان غريب هذا باطل ومصيبة رديئة هو.""
جامعة,6,20,"الإصحاح السادس الآيات (1\'a12): ""يوجد شر قد رأيته تحت الشمس وهو كثير بين الناس. رجل أعطاه الله غنى ومالاً وكرامة وليس لنفسه عوز من كل ما يشتهيه ولم يعطه الله استطاعة على أن يأكل منه بل يأكله إنسان غريب هذا باطل ومصيبة رديئة هو.""
جامعة,6,21,"الإصحاح السادس الآيات (1\'a12): ""يوجد شر قد رأيته تحت الشمس وهو كثير بين الناس. رجل أعطاه الله غنى ومالاً وكرامة وليس لنفسه عوز من كل ما يشتهيه ولم يعطه الله استطاعة على أن يأكل منه بل يأكله إنسان غريب هذا باطل ومصيبة رديئة هو.""
جامعة,6,22,"الإصحاح السادس الآيات (1\'a12): ""يوجد شر قد رأيته تحت الشمس وهو كثير بين الناس. رجل أعطاه الله غنى ومالاً وكرامة وليس لنفسه عوز من كل ما يشتهيه ولم يعطه الله استطاعة على أن يأكل منه بل يأكله إنسان غريب هذا باطل ومصيبة رديئة هو.""
جامعة,6,23,"الإصحاح السادس الآيات (1\'a12): ""يوجد شر قد رأيته تحت الشمس وهو كثير بين الناس. رجل أعطاه الله غنى ومالاً وكرامة وليس لنفسه عوز من كل ما يشتهيه ولم يعطه الله استطاعة على أن يأكل منه بل يأكله إنسان غريب هذا باطل ومصيبة رديئة هو.""
جامعة,6,24,"الإصحاح السادس الآيات (1\'a12): ""يوجد شر قد رأيته تحت الشمس وهو كثير بين الناس. رجل أعطاه الله غنى ومالاً وكرامة وليس لنفسه عوز من كل ما يشتهيه ولم يعطه الله استطاعة على أن يأكل منه بل يأكله إنسان غريب هذا باطل ومصيبة رديئة هو.""
جامعة,6,25,"الإصحاح السادس الآيات (1\'a12): ""يوجد شر قد رأيته تحت الشمس وهو كثير بين الناس. رجل أعطاه الله غنى ومالاً وكرامة وليس لنفسه عوز من كل ما يشتهيه ولم يعطه الله استطاعة على أن يأكل منه بل يأكله إنسان غريب هذا باطل ومصيبة رديئة هو.""
جامعة,6,26,"الإصحاح السادس الآيات (1\'a12): ""يوجد شر قد رأيته تحت الشمس وهو كثير بين الناس. رجل أعطاه الله غنى ومالاً وكرامة وليس لنفسه عوز من كل ما يشتهيه ولم يعطه الله استطاعة على أن يأكل منه بل يأكله إنسان غريب هذا باطل ومصيبة رديئة هو.""
جامعة,6,27,"الإصحاح السادس الآيات (1\'a12): ""يوجد شر قد رأيته تحت الشمس وهو كثير بين الناس. رجل أعطاه الله غنى ومالاً وكرامة وليس لنفسه عوز من كل ما يشتهيه ولم يعطه الله استطاعة على أن يأكل منه بل يأكله إنسان غريب هذا باطل ومصيبة رديئة هو.""
جامعة,6,28,"الإصحاح السادس الآيات (1\'a12): ""يوجد شر قد رأيته تحت الشمس وهو كثير بين الناس. رجل أعطاه الله غنى ومالاً وكرامة وليس لنفسه عوز من كل ما يشتهيه ولم يعطه الله استطاعة على أن يأكل منه بل يأكله إنسان غريب هذا باطل ومصيبة رديئة هو.""
جامعة,6,29,"الإصحاح السادس الآيات (1\'a12): ""يوجد شر قد رأيته تحت الشمس وهو كثير بين الناس. رجل أعطاه الله غنى ومالاً وكرامة وليس لنفسه عوز من كل ما يشتهيه ولم يعطه الله استطاعة على أن يأكل منه بل يأكله إنسان غريب هذا باطل ومصيبة رديئة هو.""
جامعة,6,30,"الإصحاح السادس الآيات (1\'a12): ""يوجد شر قد رأيته تحت الشمس وهو كثير بين الناس. رجل أعطاه الله غنى ومالاً وكرامة وليس لنفسه عوز من كل ما يشتهيه ولم يعطه الله استطاعة على أن يأكل منه بل يأكله إنسان غريب هذا باطل ومصيبة رديئة هو.""
جامعة,6,31,"الإصحاح السادس الآيات (1\'a12): ""يوجد شر قد رأيته تحت الشمس وهو كثير بين الناس. رجل أعطاه الله غنى ومالاً وكرامة وليس لنفسه عوز من كل ما يشتهيه ولم يعطه الله استطاعة على أن يأكل منه بل يأكله إنسان غريب هذا باطل ومصيبة رديئة هو.""
جامعة,6,32,"الإصحاح السادس الآيات (1\'a12): ""يوجد شر قد رأيته تحت الشمس وهو كثير بين الناس. رجل أعطاه الله غنى ومالاً وكرامة وليس لنفسه عوز من كل ما يشتهيه ولم يعطه الله استطاعة على أن يأكل منه بل يأكله إنسان غريب هذا باطل ومصيبة رديئة هو.""
جامعة,6,33,"الإصحاح السادس الآيات (1\'a12): ""يوجد شر قد رأيته تحت الشمس وهو كثير بين الناس. رجل أعطاه الله غنى ومالاً وكرامة وليس لنفسه عوز من كل ما يشتهيه ولم يعطه الله استطاعة على أن يأكل منه بل يأكله إنسان غريب هذا باطل ومصيبة رديئة هو.""
جامعة,6,34,"الإصحاح السادس الآيات (1\'a12): ""يوجد شر قد رأيته تحت الشمس وهو كثير بين الناس. رجل أعطاه الله غنى ومالاً وكرامة وليس لنفسه عوز من كل ما يشتهيه ولم يعطه الله استطاعة على أن يأكل منه بل يأكله إنسان غريب هذا باطل ومصيبة رديئة هو.""
جامعة,6,35,"الإصحاح السادس الآيات (1\'a12): ""يوجد شر قد رأيته تحت الشمس وهو كثير بين الناس. رجل أعطاه الله غنى ومالاً وكرامة وليس لنفسه عوز من كل ما يشتهيه ولم يعطه الله استطاعة على أن يأكل منه بل يأكله إنسان غريب هذا باطل ومصيبة رديئة هو.""
جامعة,6,36,"الإصحاح السادس الآيات (1\'a12): ""يوجد شر قد رأيته تحت الشمس وهو كثير بين الناس. رجل أعطاه الله غنى ومالاً وكرامة وليس لنفسه عوز من كل ما يشتهيه ولم يعطه الله استطاعة على أن يأكل منه بل يأكله إنسان غريب هذا باطل ومصيبة رديئة هو.""
جامعة,6,37,"الإصحاح السادس الآيات (1\'a12): ""يوجد شر قد رأيته تحت الشمس وهو كثير بين الناس. رجل أعطاه الله غنى ومالاً وكرامة وليس لنفسه عوز من كل ما يشتهيه ولم يعطه الله استطاعة على أن يأكل منه بل يأكله إنسان غريب هذا باطل ومصيبة رديئة هو.""
جامعة,6,38,"الإصحاح السادس الآيات (1\'a12): ""يوجد شر قد رأيته تحت الشمس وهو كثير بين الناس. رجل أعطاه الله غنى ومالاً وكرامة وليس لنفسه عوز من كل ما يشتهيه ولم يعطه الله استطاعة على أن يأكل منه بل يأكله إنسان غريب هذا باطل ومصيبة رديئة هو.""
جامعة,6,39,"الإصحاح السادس الآيات (1\'a12): ""يوجد شر قد رأيته تحت الشمس وهو كثير بين الناس. رجل أعطاه الله غنى ومالاً وكرامة وليس لنفسه عوز من كل ما يشتهيه ولم يعطه الله استطاعة على أن يأكل منه بل يأكله إنسان غريب هذا باطل ومصيبة رديئة هو.""
جامعة,6,40,"الإصحاح السادس الآيات (1\'a12): ""يوجد شر قد رأيته تحت الشمس وهو كثير بين الناس. رجل أعطاه الله غنى ومالاً وكرامة وليس لنفسه عوز من كل ما يشتهيه ولم يعطه الله استطاعة على أن يأكل منه بل يأكله إنسان غريب هذا باطل ومصيبة رديئة هو.""
جامعة,6,41,"الإصحاح السادس الآيات (1\'a12): ""يوجد شر قد رأيته تحت الشمس وهو كثير بين الناس. رجل أعطاه الله غنى ومالاً وكرامة وليس لنفسه عوز من كل ما يشتهيه ولم يعطه الله استطاعة على أن يأكل منه بل يأكله إنسان غريب هذا باطل ومصيبة رديئة هو.""
جامعة,6,42,"الإصحاح السادس الآيات (1\'a12): ""يوجد شر قد رأيته تحت الشمس وهو كثير بين الناس. رجل أعطاه الله غنى ومالاً وكرامة وليس لنفسه عوز من كل ما يشتهيه ولم يعطه الله استطاعة على أن يأكل منه بل يأكله إنسان غريب هذا باطل ومصيبة رديئة هو.""
جامعة,6,43,"الإصحاح السادس الآيات (1\'a12): ""يوجد شر قد رأيته تحت الشمس وهو كثير بين الناس. رجل أعطاه الله غنى ومالاً وكرامة وليس لنفسه عوز من كل ما يشتهيه ولم يعطه الله استطاعة على أن يأكل منه بل يأكله إنسان غريب هذا باطل ومصيبة رديئة هو.""
جامعة,6,44,"الإصحاح السادس الآيات (1\'a12): ""يوجد شر قد رأيته تحت الشمس وهو كثير بين الناس. رجل أعطاه الله غنى ومالاً وكرامة وليس لنفسه عوز من كل ما يشتهيه ولم يعطه الله استطاعة على أن يأكل منه بل يأكله إنسان غريب هذا باطل ومصيبة رديئة هو.""
جامعة,6,45,"الإصحاح السادس الآيات (1\'a12): ""يوجد شر قد رأيته تحت الشمس وهو كثير بين الناس. رجل أعطاه الله غنى ومالاً وكرامة وليس لنفسه عوز من كل ما يشتهيه ولم يعطه الله استطاعة على أن يأكل منه بل يأكله إنسان غريب هذا باطل ومصيبة رديئة هو.""
جامعة,6,46,"الإصحاح السادس الآيات (1\'a12): ""يوجد شر قد رأيته تحت الشمس وهو كثير بين الناس. رجل أعطاه الله غنى ومالاً وكرامة وليس لنفسه عوز من كل ما يشتهيه ولم يعطه الله استطاعة على أن يأكل منه بل يأكله إنسان غريب هذا باطل ومصيبة رديئة هو.""
جامعة,6,47,"الإصحاح السادس الآيات (1\'a12): ""يوجد شر قد رأيته تحت الشمس وهو كثير بين الناس. رجل أعطاه الله غنى ومالاً وكرامة وليس لنفسه عوز من كل ما يشتهيه ولم يعطه الله استطاعة على أن يأكل منه بل يأكله إنسان غريب هذا باطل ومصيبة رديئة هو.""
جامعة,6,48,"الإصحاح السادس الآيات (1\'a12): ""يوجد شر قد رأيته تحت الشمس وهو كثير بين الناس. رجل أعطاه الله غنى ومالاً وكرامة وليس لنفسه عوز من كل ما يشتهيه ولم يعطه الله استطاعة على أن يأكل منه بل يأكله إنسان غريب هذا باطل ومصيبة رديئة هو.""
جامعة,6,49,"الإصحاح السادس الآيات (1\'a12): ""يوجد شر قد رأيته تحت الشمس وهو كثير بين الناس. رجل أعطاه الله غنى ومالاً وكرامة وليس لنفسه عوز من كل ما يشتهيه ولم يعطه الله استطاعة على أن يأكل منه بل يأكله إنسان غريب هذا باطل ومصيبة رديئة هو.""
جامعة,6,50,"الإصحاح السادس الآيات (1\'a12): ""يوجد شر قد رأيته تحت الشمس وهو كثير بين الناس. رجل أعطاه الله غنى ومالاً وكرامة وليس لنفسه عوز من كل ما يشتهيه ولم يعطه الله استطاعة على أن يأكل منه بل يأكله إنسان غريب هذا باطل ومصيبة رديئة هو.""
جامعة,6,51,"الإصحاح السادس الآيات (1\'a12): ""يوجد شر قد رأيته تحت الشمس وهو كثير بين الناس. رجل أعطاه الله غنى ومالاً وكرامة وليس لنفسه عوز من كل ما يشتهيه ولم يعطه الله استطاعة على أن يأكل منه بل يأكله إنسان غريب هذا باطل ومصيبة رديئة هو.""
جامعة,6,52,"الإصحاح السادس الآيات (1\'a12): ""يوجد شر قد رأيته تحت الشمس وهو كثير بين الناس. رجل أعطاه الله غنى ومالاً وكرامة وليس لنفسه عوز من كل ما يشتهيه ولم يعطه الله استطاعة على أن يأكل منه بل يأكله إنسان غريب هذا باطل ومصيبة رديئة هو.""
جامعة,6,53,"الإصحاح السادس الآيات (1\'a12): ""يوجد شر قد رأيته تحت الشمس وهو كثير بين الناس. رجل أعطاه الله غنى ومالاً وكرامة وليس لنفسه عوز من كل ما يشتهيه ولم يعطه الله استطاعة على أن يأكل منه بل يأكله إنسان غريب هذا باطل ومصيبة رديئة هو.""
جامعة,6,54,"الإصحاح السادس الآيات (1\'a12): ""يوجد شر قد رأيته تحت الشمس وهو كثير بين الناس. رجل أعطاه الله غنى ومالاً وكرامة وليس لنفسه عوز من كل ما يشتهيه ولم يعطه الله استطاعة على أن يأكل منه بل يأكله إنسان غريب هذا باطل ومصيبة رديئة هو.""
جامعة,6,55,"الإصحاح السادس الآيات (1\'a12): ""يوجد شر قد رأيته تحت الشمس وهو كثير بين الناس. رجل أعطاه الله غنى ومالاً وكرامة وليس لنفسه عوز من كل ما يشتهيه ولم يعطه الله استطاعة على أن يأكل منه بل يأكله إنسان غريب هذا باطل ومصيبة رديئة هو.""
جامعة,6,56,"الإصحاح السادس الآيات (1\'a12): ""يوجد شر قد رأيته تحت الشمس وهو كثير بين الناس. رجل أعطاه الله غنى ومالاً وكرامة وليس لنفسه عوز من كل ما يشتهيه ولم يعطه الله استطاعة على أن يأكل منه بل يأكله إنسان غريب هذا باطل ومصيبة رديئة هو.""
جامعة,6,57,"الإصحاح السادس الآيات (1\'a12): ""يوجد شر قد رأيته تحت الشمس وهو كثير بين الناس. رجل أعطاه الله غنى ومالاً وكرامة وليس لنفسه عوز من كل ما يشتهيه ولم يعطه الله استطاعة على أن يأكل منه بل يأكله إنسان غريب هذا باطل ومصيبة رديئة هو.""
جامعة,6,58,"الإصحاح السادس الآيات (1\'a12): ""يوجد شر قد رأيته تحت الشمس وهو كثير بين الناس. رجل أعطاه الله غنى ومالاً وكرامة وليس لنفسه عوز من كل ما يشتهيه ولم يعطه الله استطاعة على أن يأكل منه بل يأكله إنسان غريب هذا باطل ومصيبة رديئة هو.""
جامعة,6,59,"الإصحاح السادس الآيات (1\'a12): ""يوجد شر قد رأيته تحت الشمس وهو كثير بين الناس. رجل أعطاه الله غنى ومالاً وكرامة وليس لنفسه عوز من كل ما يشتهيه ولم يعطه الله استطاعة على أن يأكل منه بل يأكله إنسان غريب هذا باطل ومصيبة رديئة هو.""
جامعة,6,60,"الإصحاح السادس الآيات (1\'a12): ""يوجد شر قد رأيته تحت الشمس وهو كثير بين الناس. رجل أعطاه الله غنى ومالاً وكرامة وليس لنفسه عوز من كل ما يشتهيه ولم يعطه الله استطاعة على أن يأكل منه بل يأكله إنسان غريب هذا باطل ومصيبة رديئة هو.""
جامعة,6,61,"الإصحاح السادس الآيات (1\'a12): ""يوجد شر قد رأيته تحت الشمس وهو كثير بين الناس. رجل أعطاه الله غنى ومالاً وكرامة وليس لنفسه عوز من كل ما يشتهيه ولم يعطه الله استطاعة على أن يأكل منه بل يأكله إنسان غريب هذا باطل ومصيبة رديئة هو.""
جامعة,6,62,"الإصحاح السادس الآيات (1\'a12): ""يوجد شر قد رأيته تحت الشمس وهو كثير بين الناس. رجل أعطاه الله غنى ومالاً وكرامة وليس لنفسه عوز من كل ما يشتهيه ولم يعطه الله استطاعة على أن يأكل منه بل يأكله إنسان غريب هذا باطل ومصيبة رديئة هو.""
جامعة,6,63,"الإصحاح السادس الآيات (1\'a12): ""يوجد شر قد رأيته تحت الشمس وهو كثير بين الناس. رجل أعطاه الله غنى ومالاً وكرامة وليس لنفسه عوز من كل ما يشتهيه ولم يعطه الله استطاعة على أن يأكل منه بل يأكله إنسان غريب هذا باطل ومصيبة رديئة هو.""
جامعة,6,64,"الإصحاح السادس الآيات (1\'a12): ""يوجد شر قد رأيته تحت الشمس وهو كثير بين الناس. رجل أعطاه الله غنى ومالاً وكرامة وليس لنفسه عوز من كل ما يشتهيه ولم يعطه الله استطاعة على أن يأكل منه بل يأكله إنسان غريب هذا باطل ومصيبة رديئة هو.""
جامعة,6,65,"الإصحاح السادس الآيات (1\'a12): ""يوجد شر قد رأيته تحت الشمس وهو كثير بين الناس. رجل أعطاه الله غنى ومالاً وكرامة وليس لنفسه عوز من كل ما يشتهيه ولم يعطه الله استطاعة على أن يأكل منه بل يأكله إنسان غريب هذا باطل ومصيبة رديئة هو.""
جامعة,6,66,"الإصحاح السادس الآيات (1\'a12): ""يوجد شر قد رأيته تحت الشمس وهو كثير بين الناس. رجل أعطاه الله غنى ومالاً وكرامة وليس لنفسه عوز من كل ما يشتهيه ولم يعطه الله استطاعة على أن يأكل منه بل يأكله إنسان غريب هذا باطل ومصيبة رديئة هو.""
جامعة,6,67,"الإصحاح السادس الآيات (1\'a12): ""يوجد شر قد رأيته تحت الشمس وهو كثير بين الناس. رجل أعطاه الله غنى ومالاً وكرامة وليس لنفسه عوز من كل ما يشتهيه ولم يعطه الله استطاعة على أن يأكل منه بل يأكله إنسان غريب هذا باطل ومصيبة رديئة هو.""
جامعة,6,68,"الإصحاح السادس الآيات (1\'a12): ""يوجد شر قد رأيته تحت الشمس وهو كثير بين الناس. رجل أعطاه الله غنى ومالاً وكرامة وليس لنفسه عوز من كل ما يشتهيه ولم يعطه الله استطاعة على أن يأكل منه بل يأكله إنسان غريب هذا باطل ومصيبة رديئة هو.""
جامعة,6,69,"الإصحاح السادس الآيات (1\'a12): ""يوجد شر قد رأيته تحت الشمس وهو كثير بين الناس. رجل أعطاه الله غنى ومالاً وكرامة وليس لنفسه عوز من كل ما يشتهيه ولم يعطه الله استطاعة على أن يأكل منه بل يأكله إنسان غريب هذا باطل ومصيبة رديئة هو.""
جامعة,6,70,"الإصحاح السادس الآيات (1\'a12): ""يوجد شر قد رأيته تحت الشمس وهو كثير بين الناس. رجل أعطاه الله غنى ومالاً وكرامة وليس لنفسه عوز من كل ما يشتهيه ولم يعطه الله استطاعة على أن يأكل منه بل يأكله إنسان غريب هذا باطل ومصيبة رديئة هو.""
جامعة,6,71,"الإصحاح السادس الآيات (1\'a12): ""يوجد شر قد رأيته تحت الشمس وهو كثير بين الناس. رجل أعطاه الله غنى ومالاً وكرامة وليس لنفسه عوز من كل ما يشتهيه ولم يعطه الله استطاعة على أن يأكل منه بل يأكله إنسان غريب هذا باطل ومصيبة رديئة هو.""
جامعة,6,72,"الإصحاح السادس الآيات (1\'a12): ""يوجد شر قد رأيته تحت الشمس وهو كثير بين الناس. رجل أعطاه الله غنى ومالاً وكرامة وليس لنفسه عوز من كل ما يشتهيه ولم يعطه الله استطاعة على أن يأكل منه بل يأكله إنسان غريب هذا باطل ومصيبة رديئة هو.""
جامعة,6,73,"الإصحاح السادس الآيات (1\'a12): ""يوجد شر قد رأيته تحت الشمس وهو كثير بين الناس. رجل أعطاه الله غنى ومالاً وكرامة وليس لنفسه عوز من كل ما يشتهيه ولم يعطه الله استطاعة على أن يأكل منه بل يأكله إنسان غريب هذا باطل ومصيبة رديئة هو.""
جامعة,6,74,"الإصحاح السادس الآيات (1\'a12): ""يوجد شر قد رأيته تحت الشمس وهو كثير بين الناس. رجل أعطاه الله غنى ومالاً وكرامة وليس لنفسه عوز من كل ما يشتهيه ولم يعطه الله استطاعة على أن يأكل منه بل يأكله إنسان غريب هذا باطل ومصيبة رديئة هو.""
جامعة,6,75,"الإصحاح السادس الآيات (1\'a12): ""يوجد شر قد رأيته تحت الشمس وهو كثير بين الناس. رجل أعطاه الله غنى ومالاً وكرامة وليس لنفسه عوز من كل ما يشتهيه ولم يعطه الله استطاعة على أن يأكل منه بل يأكله إنسان غريب هذا باطل ومصيبة رديئة هو.""
جامعة,6,76,"الإصحاح السادس الآيات (1\'a12): ""يوجد شر قد رأيته تحت الشمس وهو كثير بين الناس. رجل أعطاه الله غنى ومالاً وكرامة وليس لنفسه عوز من كل ما يشتهيه ولم يعطه الله استطاعة على أن يأكل منه بل يأكله إنسان غريب هذا باطل ومصيبة رديئة هو.""
جامعة,6,77,"الإصحاح السادس الآيات (1\'a12): ""يوجد شر قد رأيته تحت الشمس وهو كثير بين الناس. رجل أعطاه الله غنى ومالاً وكرامة وليس لنفسه عوز من كل ما يشتهيه ولم يعطه الله استطاعة على أن يأكل منه بل يأكله إنسان غريب هذا باطل ومصيبة رديئة هو.""
جامعة,6,78,"الإصحاح السادس الآيات (1\'a12): ""يوجد شر قد رأيته تحت الشمس وهو كثير بين الناس. رجل أعطاه الله غنى ومالاً وكرامة وليس لنفسه عوز من كل ما يشتهيه ولم يعطه الله استطاعة على أن يأكل منه بل يأكله إنسان غريب هذا باطل ومصيبة رديئة هو.""
جامعة,6,79,"الإصحاح السادس الآيات (1\'a12): ""يوجد شر قد رأيته تحت الشمس وهو كثير بين الناس. رجل أعطاه الله غنى ومالاً وكرامة وليس لنفسه عوز من كل ما يشتهيه ولم يعطه الله استطاعة على أن يأكل منه بل يأكله إنسان غريب هذا باطل ومصيبة رديئة هو.""
جامعة,6,80,"الإصحاح السادس الآيات (1\'a12): ""يوجد شر قد رأيته تحت الشمس وهو كثير بين الناس. رجل أعطاه الله غنى ومالاً وكرامة وليس لنفسه عوز من كل ما يشتهيه ولم يعطه الله استطاعة على أن يأكل منه بل يأكله إنسان غريب هذا باطل ومصيبة رديئة هو.""
جامعة,6,81,"الإصحاح السادس الآيات (1\'a12): ""يوجد شر قد رأيته تحت الشمس وهو كثير بين الناس. رجل أعطاه الله غنى ومالاً وكرامة وليس لنفسه عوز من كل ما يشتهيه ولم يعطه الله استطاعة على أن يأكل منه بل يأكله إنسان غريب هذا باطل ومصيبة رديئة هو.""
جامعة,6,82,"الإصحاح السادس الآيات (1\'a12): ""يوجد شر قد رأيته تحت الشمس وهو كثير بين الناس. رجل أعطاه الله غنى ومالاً وكرامة وليس لنفسه عوز من كل ما يشتهيه ولم يعطه الله استطاعة على أن يأكل منه بل يأكله إنسان غريب هذا باطل ومصيبة رديئة هو.""
جامعة,6,83,"الإصحاح السادس الآيات (1\'a12): ""يوجد شر قد رأيته تحت الشمس وهو كثير بين الناس. رجل أعطاه الله غنى ومالاً وكرامة وليس لنفسه عوز من كل ما يشتهيه ولم يعطه الله استطاعة على أن يأكل منه بل يأكله إنسان غريب هذا باطل ومصيبة رديئة هو.""
جامعة,6,84,"الإصحاح السادس الآيات (1\'a12): ""يوجد شر قد رأيته تحت الشمس وهو كثير بين الناس. رجل أعطاه الله غنى ومالاً وكرامة وليس لنفسه عوز من كل ما يشتهيه ولم يعطه الله استطاعة على أن يأكل منه بل يأكله إنسان غريب هذا باطل ومصيبة رديئة هو.""
جامعة,6,85,"الإصحاح السادس الآيات (1\'a12): ""يوجد شر قد رأيته تحت الشمس وهو كثير بين الناس. رجل أعطاه الله غنى ومالاً وكرامة وليس لنفسه عوز من كل ما يشتهيه ولم يعطه الله استطاعة على أن يأكل منه بل يأكله إنسان غريب هذا باطل ومصيبة رديئة هو.""
جامعة,6,86,"الإصحاح السادس الآيات (1\'a12): ""يوجد شر قد رأيته تحت الشمس وهو كثير بين الناس. رجل أعطاه الله غنى ومالاً وكرامة وليس لنفسه عوز من كل ما يشتهيه ولم يعطه الله استطاعة على أن يأكل منه بل يأكله إنسان غريب هذا باطل ومصيبة رديئة هو.""
جامعة,6,87,"الإصحاح السادس الآيات (1\'a12): ""يوجد شر قد رأيته تحت الشمس وهو كثير بين الناس. رجل أعطاه الله غنى ومالاً وكرامة وليس لنفسه عوز من كل ما يشتهيه ولم يعطه الله استطاعة على أن يأكل منه بل يأكله إنسان غريب هذا باطل ومصيبة رديئة هو.""
جامعة,6,88,"الإصحاح السادس الآيات (1\'a12): ""يوجد شر قد رأيته تحت الشمس وهو كثير بين الناس. رجل أعطاه الله غنى ومالاً وكرامة وليس لنفسه عوز من كل ما يشتهيه ولم يعطه الله استطاعة على أن يأكل منه بل يأكله إنسان غريب هذا باطل ومصيبة رديئة هو.""
جامعة,6,89,"الإصحاح السادس الآيات (1\'a12): ""يوجد شر قد رأيته تحت الشمس وهو كثير بين الناس. رجل أعطاه الله غنى ومالاً وكرامة وليس لنفسه عوز من كل ما يشتهيه ولم يعطه الله استطاعة على أن يأكل منه بل يأكله إنسان غريب هذا باطل ومصيبة رديئة هو.""
جامعة,6,90,"الإصحاح السادس الآيات (1\'a12): ""يوجد شر قد رأيته تحت الشمس وهو كثير بين الناس. رجل أعطاه الله غنى ومالاً وكرامة وليس لنفسه عوز من كل ما يشتهيه ولم يعطه الله استطاعة على أن يأكل منه بل يأكله إنسان غريب هذا باطل ومصيبة رديئة هو.""
جامعة,6,91,"الإصحاح السادس الآيات (1\'a12): ""يوجد شر قد رأيته تحت الشمس وهو كثير بين الناس. رجل أعطاه الله غنى ومالاً وكرامة وليس لنفسه عوز من كل ما يشتهيه ولم يعطه الله استطاعة على أن يأكل منه بل يأكله إنسان غريب هذا باطل ومصيبة رديئة هو.""
جامعة,6,92,"الإصحاح السادس الآيات (1\'a12): ""يوجد شر قد رأيته تحت الشمس وهو كثير بين الناس. رجل أعطاه الله غنى ومالاً وكرامة وليس لنفسه عوز من كل ما يشتهيه ولم يعطه الله استطاعة على أن يأكل منه بل يأكله إنسان غريب هذا باطل ومصيبة رديئة هو.""
جامعة,6,93,"الإصحاح السادس الآيات (1\'a12): ""يوجد شر قد رأيته تحت الشمس وهو كثير بين الناس. رجل أعطاه الله غنى ومالاً وكرامة وليس لنفسه عوز من كل ما يشتهيه ولم يعطه الله استطاعة على أن يأكل منه بل يأكله إنسان غريب هذا باطل ومصيبة رديئة هو.""
جامعة,6,94,"الإصحاح السادس الآيات (1\'a12): ""يوجد شر قد رأيته تحت الشمس وهو كثير بين الناس. رجل أعطاه الله غنى ومالاً وكرامة وليس لنفسه عوز من كل ما يشتهيه ولم يعطه الله استطاعة على أن يأكل منه بل يأكله إنسان غريب هذا باطل ومصيبة رديئة هو.""
جامعة,6,95,"الإصحاح السادس الآيات (1\'a12): ""يوجد شر قد رأيته تحت الشمس وهو كثير بين الناس. رجل أعطاه الله غنى ومالاً وكرامة وليس لنفسه عوز من كل ما يشتهيه ولم يعطه الله استطاعة على أن يأكل منه بل يأكله إنسان غريب هذا باطل ومصيبة رديئة هو.""
جامعة,6,96,"الإصحاح السادس الآيات (1\'a12): ""يوجد شر قد رأيته تحت الشمس وهو كثير بين الناس. رجل أعطاه الله غنى ومالاً وكرامة وليس لنفسه عوز من كل ما يشتهيه ولم يعطه الله استطاعة على أن يأكل منه بل يأكله إنسان غريب هذا باطل ومصيبة رديئة هو.""
جامعة,6,97,"الإصحاح السادس الآيات (1\'a12): ""يوجد شر قد رأيته تحت الشمس وهو كثير بين الناس. رجل أعطاه الله غنى ومالاً وكرامة وليس لنفسه عوز من كل ما يشتهيه ولم يعطه الله استطاعة على أن يأكل منه بل يأكله إنسان غريب هذا باطل ومصيبة رديئة هو.""
جامعة,6,98,"الإصحاح السادس الآيات (1\'a12): ""يوجد شر قد رأيته تحت الشمس وهو كثير بين الناس. رجل أعطاه الله غنى ومالاً وكرامة وليس لنفسه عوز من كل ما يشتهيه ولم يعطه الله استطاعة على أن يأكل منه بل يأكله إنسان غريب هذا باطل ومصيبة رديئة هو.""
جامعة,6,99,"الإصحاح السادس الآيات (1\'a12): ""يوجد شر قد رأيته تحت الشمس وهو كثير بين الناس. رجل أعطاه الله غنى ومالاً وكرامة وليس لنفسه عوز من كل ما يشتهيه ولم يعطه الله استطاعة على أن يأكل منه بل يأكله إنسان غريب هذا باطل ومصيبة رديئة هو.""
جامعة,7,1,"الإصحاح السابع هذا الإصحاح يقدم لنا مجموعة نصائح في شكل قطع شعرية\'a1 غايتها السلوك بروح الحكمة بعيداً عن اللهو والترف والحياة المستهترة ناظرين للحياة الأبدية.
جامعة,7,2,"الإصحاح السابع هذا الإصحاح يقدم لنا مجموعة نصائح في شكل قطع شعرية\'a1 غايتها السلوك بروح الحكمة بعيداً عن اللهو والترف والحياة المستهترة ناظرين للحياة الأبدية.
جامعة,7,3,"الإصحاح السابع هذا الإصحاح يقدم لنا مجموعة نصائح في شكل قطع شعرية\'a1 غايتها السلوك بروح الحكمة بعيداً عن اللهو والترف والحياة المستهترة ناظرين للحياة الأبدية.
جامعة,7,4,"الإصحاح السابع هذا الإصحاح يقدم لنا مجموعة نصائح في شكل قطع شعرية\'a1 غايتها السلوك بروح الحكمة بعيداً عن اللهو والترف والحياة المستهترة ناظرين للحياة الأبدية.
جامعة,7,5,"الإصحاح السابع هذا الإصحاح يقدم لنا مجموعة نصائح في شكل قطع شعرية\'a1 غايتها السلوك بروح الحكمة بعيداً عن اللهو والترف والحياة المستهترة ناظرين للحياة الأبدية.
جامعة,7,6,"الإصحاح السابع هذا الإصحاح يقدم لنا مجموعة نصائح في شكل قطع شعرية\'a1 غايتها السلوك بروح الحكمة بعيداً عن اللهو والترف والحياة المستهترة ناظرين للحياة الأبدية.
جامعة,7,7,"الإصحاح السابع هذا الإصحاح يقدم لنا مجموعة نصائح في شكل قطع شعرية\'a1 غايتها السلوك بروح الحكمة بعيداً عن اللهو والترف والحياة المستهترة ناظرين للحياة الأبدية.
جامعة,7,8,"الإصحاح السابع هذا الإصحاح يقدم لنا مجموعة نصائح في شكل قطع شعرية\'a1 غايتها السلوك بروح الحكمة بعيداً عن اللهو والترف والحياة المستهترة ناظرين للحياة الأبدية.
جامعة,7,9,"الإصحاح السابع هذا الإصحاح يقدم لنا مجموعة نصائح في شكل قطع شعرية\'a1 غايتها السلوك بروح الحكمة بعيداً عن اللهو والترف والحياة المستهترة ناظرين للحياة الأبدية.
جامعة,7,10,"الإصحاح السابع هذا الإصحاح يقدم لنا مجموعة نصائح في شكل قطع شعرية\'a1 غايتها السلوك بروح الحكمة بعيداً عن اللهو والترف والحياة المستهترة ناظرين للحياة الأبدية.
جامعة,7,11,"الإصحاح السابع هذا الإصحاح يقدم لنا مجموعة نصائح في شكل قطع شعرية\'a1 غايتها السلوك بروح الحكمة بعيداً عن اللهو والترف والحياة المستهترة ناظرين للحياة الأبدية.
جامعة,7,12,"الإصحاح السابع هذا الإصحاح يقدم لنا مجموعة نصائح في شكل قطع شعرية\'a1 غايتها السلوك بروح الحكمة بعيداً عن اللهو والترف والحياة المستهترة ناظرين للحياة الأبدية.
جامعة,7,13,"الإصحاح السابع هذا الإصحاح يقدم لنا مجموعة نصائح في شكل قطع شعرية\'a1 غايتها السلوك بروح الحكمة بعيداً عن اللهو والترف والحياة المستهترة ناظرين للحياة الأبدية.
جامعة,7,14,"الإصحاح السابع هذا الإصحاح يقدم لنا مجموعة نصائح في شكل قطع شعرية\'a1 غايتها السلوك بروح الحكمة بعيداً عن اللهو والترف والحياة المستهترة ناظرين للحياة الأبدية.
جامعة,7,15,"الإصحاح السابع هذا الإصحاح يقدم لنا مجموعة نصائح في شكل قطع شعرية\'a1 غايتها السلوك بروح الحكمة بعيداً عن اللهو والترف والحياة المستهترة ناظرين للحياة الأبدية.
جامعة,7,16,"الإصحاح السابع هذا الإصحاح يقدم لنا مجموعة نصائح في شكل قطع شعرية\'a1 غايتها السلوك بروح الحكمة بعيداً عن اللهو والترف والحياة المستهترة ناظرين للحياة الأبدية.
جامعة,7,17,"الإصحاح السابع هذا الإصحاح يقدم لنا مجموعة نصائح في شكل قطع شعرية\'a1 غايتها السلوك بروح الحكمة بعيداً عن اللهو والترف والحياة المستهترة ناظرين للحياة الأبدية.
جامعة,7,18,"الإصحاح السابع هذا الإصحاح يقدم لنا مجموعة نصائح في شكل قطع شعرية\'a1 غايتها السلوك بروح الحكمة بعيداً عن اللهو والترف والحياة المستهترة ناظرين للحياة الأبدية.
جامعة,7,19,"الإصحاح السابع هذا الإصحاح يقدم لنا مجموعة نصائح في شكل قطع شعرية\'a1 غايتها السلوك بروح الحكمة بعيداً عن اللهو والترف والحياة المستهترة ناظرين للحياة الأبدية.
جامعة,7,20,"الإصحاح السابع هذا الإصحاح يقدم لنا مجموعة نصائح في شكل قطع شعرية\'a1 غايتها السلوك بروح الحكمة بعيداً عن اللهو والترف والحياة المستهترة ناظرين للحياة الأبدية.
جامعة,7,21,"الإصحاح السابع هذا الإصحاح يقدم لنا مجموعة نصائح في شكل قطع شعرية\'a1 غايتها السلوك بروح الحكمة بعيداً عن اللهو والترف والحياة المستهترة ناظرين للحياة الأبدية.
جامعة,7,22,"الإصحاح السابع هذا الإصحاح يقدم لنا مجموعة نصائح في شكل قطع شعرية\'a1 غايتها السلوك بروح الحكمة بعيداً عن اللهو والترف والحياة المستهترة ناظرين للحياة الأبدية.
جامعة,7,23,"الإصحاح السابع هذا الإصحاح يقدم لنا مجموعة نصائح في شكل قطع شعرية\'a1 غايتها السلوك بروح الحكمة بعيداً عن اللهو والترف والحياة المستهترة ناظرين للحياة الأبدية.
جامعة,7,24,"الإصحاح السابع هذا الإصحاح يقدم لنا مجموعة نصائح في شكل قطع شعرية\'a1 غايتها السلوك بروح الحكمة بعيداً عن اللهو والترف والحياة المستهترة ناظرين للحياة الأبدية.
جامعة,7,25,"الإصحاح السابع هذا الإصحاح يقدم لنا مجموعة نصائح في شكل قطع شعرية\'a1 غايتها السلوك بروح الحكمة بعيداً عن اللهو والترف والحياة المستهترة ناظرين للحياة الأبدية.
جامعة,7,26,"الإصحاح السابع هذا الإصحاح يقدم لنا مجموعة نصائح في شكل قطع شعرية\'a1 غايتها السلوك بروح الحكمة بعيداً عن اللهو والترف والحياة المستهترة ناظرين للحياة الأبدية.
جامعة,7,27,"الإصحاح السابع هذا الإصحاح يقدم لنا مجموعة نصائح في شكل قطع شعرية\'a1 غايتها السلوك بروح الحكمة بعيداً عن اللهو والترف والحياة المستهترة ناظرين للحياة الأبدية.
جامعة,7,28,"الإصحاح السابع هذا الإصحاح يقدم لنا مجموعة نصائح في شكل قطع شعرية\'a1 غايتها السلوك بروح الحكمة بعيداً عن اللهو والترف والحياة المستهترة ناظرين للحياة الأبدية.
جامعة,7,29,"الإصحاح السابع هذا الإصحاح يقدم لنا مجموعة نصائح في شكل قطع شعرية\'a1 غايتها السلوك بروح الحكمة بعيداً عن اللهو والترف والحياة المستهترة ناظرين للحياة الأبدية.
جامعة,7,30,"الإصحاح السابع هذا الإصحاح يقدم لنا مجموعة نصائح في شكل قطع شعرية\'a1 غايتها السلوك بروح الحكمة بعيداً عن اللهو والترف والحياة المستهترة ناظرين للحياة الأبدية.
جامعة,7,31,"الإصحاح السابع هذا الإصحاح يقدم لنا مجموعة نصائح في شكل قطع شعرية\'a1 غايتها السلوك بروح الحكمة بعيداً عن اللهو والترف والحياة المستهترة ناظرين للحياة الأبدية.
جامعة,7,32,"الإصحاح السابع هذا الإصحاح يقدم لنا مجموعة نصائح في شكل قطع شعرية\'a1 غايتها السلوك بروح الحكمة بعيداً عن اللهو والترف والحياة المستهترة ناظرين للحياة الأبدية.
جامعة,7,33,"الإصحاح السابع هذا الإصحاح يقدم لنا مجموعة نصائح في شكل قطع شعرية\'a1 غايتها السلوك بروح الحكمة بعيداً عن اللهو والترف والحياة المستهترة ناظرين للحياة الأبدية.
جامعة,7,34,"الإصحاح السابع هذا الإصحاح يقدم لنا مجموعة نصائح في شكل قطع شعرية\'a1 غايتها السلوك بروح الحكمة بعيداً عن اللهو والترف والحياة المستهترة ناظرين للحياة الأبدية.
جامعة,7,35,"الإصحاح السابع هذا الإصحاح يقدم لنا مجموعة نصائح في شكل قطع شعرية\'a1 غايتها السلوك بروح الحكمة بعيداً عن اللهو والترف والحياة المستهترة ناظرين للحياة الأبدية.
جامعة,7,36,"الإصحاح السابع هذا الإصحاح يقدم لنا مجموعة نصائح في شكل قطع شعرية\'a1 غايتها السلوك بروح الحكمة بعيداً عن اللهو والترف والحياة المستهترة ناظرين للحياة الأبدية.
جامعة,7,37,"الإصحاح السابع هذا الإصحاح يقدم لنا مجموعة نصائح في شكل قطع شعرية\'a1 غايتها السلوك بروح الحكمة بعيداً عن اللهو والترف والحياة المستهترة ناظرين للحياة الأبدية.
جامعة,7,38,"الإصحاح السابع هذا الإصحاح يقدم لنا مجموعة نصائح في شكل قطع شعرية\'a1 غايتها السلوك بروح الحكمة بعيداً عن اللهو والترف والحياة المستهترة ناظرين للحياة الأبدية.
جامعة,7,39,"الإصحاح السابع هذا الإصحاح يقدم لنا مجموعة نصائح في شكل قطع شعرية\'a1 غايتها السلوك بروح الحكمة بعيداً عن اللهو والترف والحياة المستهترة ناظرين للحياة الأبدية.
جامعة,7,40,"الإصحاح السابع هذا الإصحاح يقدم لنا مجموعة نصائح في شكل قطع شعرية\'a1 غايتها السلوك بروح الحكمة بعيداً عن اللهو والترف والحياة المستهترة ناظرين للحياة الأبدية.
جامعة,7,41,"الإصحاح السابع هذا الإصحاح يقدم لنا مجموعة نصائح في شكل قطع شعرية\'a1 غايتها السلوك بروح الحكمة بعيداً عن اللهو والترف والحياة المستهترة ناظرين للحياة الأبدية.
جامعة,7,42,"الإصحاح السابع هذا الإصحاح يقدم لنا مجموعة نصائح في شكل قطع شعرية\'a1 غايتها السلوك بروح الحكمة بعيداً عن اللهو والترف والحياة المستهترة ناظرين للحياة الأبدية.
جامعة,7,43,"الإصحاح السابع هذا الإصحاح يقدم لنا مجموعة نصائح في شكل قطع شعرية\'a1 غايتها السلوك بروح الحكمة بعيداً عن اللهو والترف والحياة المستهترة ناظرين للحياة الأبدية.
جامعة,7,44,"الإصحاح السابع هذا الإصحاح يقدم لنا مجموعة نصائح في شكل قطع شعرية\'a1 غايتها السلوك بروح الحكمة بعيداً عن اللهو والترف والحياة المستهترة ناظرين للحياة الأبدية.
جامعة,7,45,"الإصحاح السابع هذا الإصحاح يقدم لنا مجموعة نصائح في شكل قطع شعرية\'a1 غايتها السلوك بروح الحكمة بعيداً عن اللهو والترف والحياة المستهترة ناظرين للحياة الأبدية.
جامعة,7,46,"الإصحاح السابع هذا الإصحاح يقدم لنا مجموعة نصائح في شكل قطع شعرية\'a1 غايتها السلوك بروح الحكمة بعيداً عن اللهو والترف والحياة المستهترة ناظرين للحياة الأبدية.
جامعة,7,47,"الإصحاح السابع هذا الإصحاح يقدم لنا مجموعة نصائح في شكل قطع شعرية\'a1 غايتها السلوك بروح الحكمة بعيداً عن اللهو والترف والحياة المستهترة ناظرين للحياة الأبدية.
جامعة,7,48,"الإصحاح السابع هذا الإصحاح يقدم لنا مجموعة نصائح في شكل قطع شعرية\'a1 غايتها السلوك بروح الحكمة بعيداً عن اللهو والترف والحياة المستهترة ناظرين للحياة الأبدية.
جامعة,7,49,"الإصحاح السابع هذا الإصحاح يقدم لنا مجموعة نصائح في شكل قطع شعرية\'a1 غايتها السلوك بروح الحكمة بعيداً عن اللهو والترف والحياة المستهترة ناظرين للحياة الأبدية.
جامعة,7,50,"الإصحاح السابع هذا الإصحاح يقدم لنا مجموعة نصائح في شكل قطع شعرية\'a1 غايتها السلوك بروح الحكمة بعيداً عن اللهو والترف والحياة المستهترة ناظرين للحياة الأبدية.
جامعة,7,51,"الإصحاح السابع هذا الإصحاح يقدم لنا مجموعة نصائح في شكل قطع شعرية\'a1 غايتها السلوك بروح الحكمة بعيداً عن اللهو والترف والحياة المستهترة ناظرين للحياة الأبدية.
جامعة,7,52,"الإصحاح السابع هذا الإصحاح يقدم لنا مجموعة نصائح في شكل قطع شعرية\'a1 غايتها السلوك بروح الحكمة بعيداً عن اللهو والترف والحياة المستهترة ناظرين للحياة الأبدية.
جامعة,7,53,"الإصحاح السابع هذا الإصحاح يقدم لنا مجموعة نصائح في شكل قطع شعرية\'a1 غايتها السلوك بروح الحكمة بعيداً عن اللهو والترف والحياة المستهترة ناظرين للحياة الأبدية.
جامعة,7,54,"الإصحاح السابع هذا الإصحاح يقدم لنا مجموعة نصائح في شكل قطع شعرية\'a1 غايتها السلوك بروح الحكمة بعيداً عن اللهو والترف والحياة المستهترة ناظرين للحياة الأبدية.
جامعة,7,55,"الإصحاح السابع هذا الإصحاح يقدم لنا مجموعة نصائح في شكل قطع شعرية\'a1 غايتها السلوك بروح الحكمة بعيداً عن اللهو والترف والحياة المستهترة ناظرين للحياة الأبدية.
جامعة,7,56,"الإصحاح السابع هذا الإصحاح يقدم لنا مجموعة نصائح في شكل قطع شعرية\'a1 غايتها السلوك بروح الحكمة بعيداً عن اللهو والترف والحياة المستهترة ناظرين للحياة الأبدية.
جامعة,7,57,"الإصحاح السابع هذا الإصحاح يقدم لنا مجموعة نصائح في شكل قطع شعرية\'a1 غايتها السلوك بروح الحكمة بعيداً عن اللهو والترف والحياة المستهترة ناظرين للحياة الأبدية.
جامعة,7,58,"الإصحاح السابع هذا الإصحاح يقدم لنا مجموعة نصائح في شكل قطع شعرية\'a1 غايتها السلوك بروح الحكمة بعيداً عن اللهو والترف والحياة المستهترة ناظرين للحياة الأبدية.
جامعة,7,59,"الإصحاح السابع هذا الإصحاح يقدم لنا مجموعة نصائح في شكل قطع شعرية\'a1 غايتها السلوك بروح الحكمة بعيداً عن اللهو والترف والحياة المستهترة ناظرين للحياة الأبدية.
جامعة,7,60,"الإصحاح السابع هذا الإصحاح يقدم لنا مجموعة نصائح في شكل قطع شعرية\'a1 غايتها السلوك بروح الحكمة بعيداً عن اللهو والترف والحياة المستهترة ناظرين للحياة الأبدية.
جامعة,7,61,"الإصحاح السابع هذا الإصحاح يقدم لنا مجموعة نصائح في شكل قطع شعرية\'a1 غايتها السلوك بروح الحكمة بعيداً عن اللهو والترف والحياة المستهترة ناظرين للحياة الأبدية.
جامعة,7,62,"الإصحاح السابع هذا الإصحاح يقدم لنا مجموعة نصائح في شكل قطع شعرية\'a1 غايتها السلوك بروح الحكمة بعيداً عن اللهو والترف والحياة المستهترة ناظرين للحياة الأبدية.
جامعة,7,63,"الإصحاح السابع هذا الإصحاح يقدم لنا مجموعة نصائح في شكل قطع شعرية\'a1 غايتها السلوك بروح الحكمة بعيداً عن اللهو والترف والحياة المستهترة ناظرين للحياة الأبدية.
جامعة,7,64,"الإصحاح السابع هذا الإصحاح يقدم لنا مجموعة نصائح في شكل قطع شعرية\'a1 غايتها السلوك بروح الحكمة بعيداً عن اللهو والترف والحياة المستهترة ناظرين للحياة الأبدية.
جامعة,7,65,"الإصحاح السابع هذا الإصحاح يقدم لنا مجموعة نصائح في شكل قطع شعرية\'a1 غايتها السلوك بروح الحكمة بعيداً عن اللهو والترف والحياة المستهترة ناظرين للحياة الأبدية.
جامعة,7,66,"الإصحاح السابع هذا الإصحاح يقدم لنا مجموعة نصائح في شكل قطع شعرية\'a1 غايتها السلوك بروح الحكمة بعيداً عن اللهو والترف والحياة المستهترة ناظرين للحياة الأبدية.
جامعة,7,67,"الإصحاح السابع هذا الإصحاح يقدم لنا مجموعة نصائح في شكل قطع شعرية\'a1 غايتها السلوك بروح الحكمة بعيداً عن اللهو والترف والحياة المستهترة ناظرين للحياة الأبدية.
جامعة,7,68,"الإصحاح السابع هذا الإصحاح يقدم لنا مجموعة نصائح في شكل قطع شعرية\'a1 غايتها السلوك بروح الحكمة بعيداً عن اللهو والترف والحياة المستهترة ناظرين للحياة الأبدية.
جامعة,7,69,"الإصحاح السابع هذا الإصحاح يقدم لنا مجموعة نصائح في شكل قطع شعرية\'a1 غايتها السلوك بروح الحكمة بعيداً عن اللهو والترف والحياة المستهترة ناظرين للحياة الأبدية.
جامعة,7,70,"الإصحاح السابع هذا الإصحاح يقدم لنا مجموعة نصائح في شكل قطع شعرية\'a1 غايتها السلوك بروح الحكمة بعيداً عن اللهو والترف والحياة المستهترة ناظرين للحياة الأبدية.
جامعة,7,71,"الإصحاح السابع هذا الإصحاح يقدم لنا مجموعة نصائح في شكل قطع شعرية\'a1 غايتها السلوك بروح الحكمة بعيداً عن اللهو والترف والحياة المستهترة ناظرين للحياة الأبدية.
جامعة,7,72,"الإصحاح السابع هذا الإصحاح يقدم لنا مجموعة نصائح في شكل قطع شعرية\'a1 غايتها السلوك بروح الحكمة بعيداً عن اللهو والترف والحياة المستهترة ناظرين للحياة الأبدية.
جامعة,7,73,"الإصحاح السابع هذا الإصحاح يقدم لنا مجموعة نصائح في شكل قطع شعرية\'a1 غايتها السلوك بروح الحكمة بعيداً عن اللهو والترف والحياة المستهترة ناظرين للحياة الأبدية.
جامعة,7,74,"الإصحاح السابع هذا الإصحاح يقدم لنا مجموعة نصائح في شكل قطع شعرية\'a1 غايتها السلوك بروح الحكمة بعيداً عن اللهو والترف والحياة المستهترة ناظرين للحياة الأبدية.
جامعة,7,75,"الإصحاح السابع هذا الإصحاح يقدم لنا مجموعة نصائح في شكل قطع شعرية\'a1 غايتها السلوك بروح الحكمة بعيداً عن اللهو والترف والحياة المستهترة ناظرين للحياة الأبدية.
جامعة,7,76,"الإصحاح السابع هذا الإصحاح يقدم لنا مجموعة نصائح في شكل قطع شعرية\'a1 غايتها السلوك بروح الحكمة بعيداً عن اللهو والترف والحياة المستهترة ناظرين للحياة الأبدية.
جامعة,7,77,"الإصحاح السابع هذا الإصحاح يقدم لنا مجموعة نصائح في شكل قطع شعرية\'a1 غايتها السلوك بروح الحكمة بعيداً عن اللهو والترف والحياة المستهترة ناظرين للحياة الأبدية.
جامعة,7,78,"الإصحاح السابع هذا الإصحاح يقدم لنا مجموعة نصائح في شكل قطع شعرية\'a1 غايتها السلوك بروح الحكمة بعيداً عن اللهو والترف والحياة المستهترة ناظرين للحياة الأبدية.
جامعة,7,79,"الإصحاح السابع هذا الإصحاح يقدم لنا مجموعة نصائح في شكل قطع شعرية\'a1 غايتها السلوك بروح الحكمة بعيداً عن اللهو والترف والحياة المستهترة ناظرين للحياة الأبدية.
جامعة,7,80,"الإصحاح السابع هذا الإصحاح يقدم لنا مجموعة نصائح في شكل قطع شعرية\'a1 غايتها السلوك بروح الحكمة بعيداً عن اللهو والترف والحياة المستهترة ناظرين للحياة الأبدية.
جامعة,7,81,"الإصحاح السابع هذا الإصحاح يقدم لنا مجموعة نصائح في شكل قطع شعرية\'a1 غايتها السلوك بروح الحكمة بعيداً عن اللهو والترف والحياة المستهترة ناظرين للحياة الأبدية.
جامعة,7,82,"الإصحاح السابع هذا الإصحاح يقدم لنا مجموعة نصائح في شكل قطع شعرية\'a1 غايتها السلوك بروح الحكمة بعيداً عن اللهو والترف والحياة المستهترة ناظرين للحياة الأبدية.
جامعة,7,83,"الإصحاح السابع هذا الإصحاح يقدم لنا مجموعة نصائح في شكل قطع شعرية\'a1 غايتها السلوك بروح الحكمة بعيداً عن اللهو والترف والحياة المستهترة ناظرين للحياة الأبدية.
جامعة,7,84,"الإصحاح السابع هذا الإصحاح يقدم لنا مجموعة نصائح في شكل قطع شعرية\'a1 غايتها السلوك بروح الحكمة بعيداً عن اللهو والترف والحياة المستهترة ناظرين للحياة الأبدية.
جامعة,7,85,"الإصحاح السابع هذا الإصحاح يقدم لنا مجموعة نصائح في شكل قطع شعرية\'a1 غايتها السلوك بروح الحكمة بعيداً عن اللهو والترف والحياة المستهترة ناظرين للحياة الأبدية.
جامعة,7,86,"الإصحاح السابع هذا الإصحاح يقدم لنا مجموعة نصائح في شكل قطع شعرية\'a1 غايتها السلوك بروح الحكمة بعيداً عن اللهو والترف والحياة المستهترة ناظرين للحياة الأبدية.
جامعة,7,87,"الإصحاح السابع هذا الإصحاح يقدم لنا مجموعة نصائح في شكل قطع شعرية\'a1 غايتها السلوك بروح الحكمة بعيداً عن اللهو والترف والحياة المستهترة ناظرين للحياة الأبدية.
جامعة,7,88,"الإصحاح السابع هذا الإصحاح يقدم لنا مجموعة نصائح في شكل قطع شعرية\'a1 غايتها السلوك بروح الحكمة بعيداً عن اللهو والترف والحياة المستهترة ناظرين للحياة الأبدية.
جامعة,7,89,"الإصحاح السابع هذا الإصحاح يقدم لنا مجموعة نصائح في شكل قطع شعرية\'a1 غايتها السلوك بروح الحكمة بعيداً عن اللهو والترف والحياة المستهترة ناظرين للحياة الأبدية.
جامعة,7,90,"الإصحاح السابع هذا الإصحاح يقدم لنا مجموعة نصائح في شكل قطع شعرية\'a1 غايتها السلوك بروح الحكمة بعيداً عن اللهو والترف والحياة المستهترة ناظرين للحياة الأبدية.
جامعة,7,91,"الإصحاح السابع هذا الإصحاح يقدم لنا مجموعة نصائح في شكل قطع شعرية\'a1 غايتها السلوك بروح الحكمة بعيداً عن اللهو والترف والحياة المستهترة ناظرين للحياة الأبدية.
جامعة,7,92,"الإصحاح السابع هذا الإصحاح يقدم لنا مجموعة نصائح في شكل قطع شعرية\'a1 غايتها السلوك بروح الحكمة بعيداً عن اللهو والترف والحياة المستهترة ناظرين للحياة الأبدية.
جامعة,7,93,"الإصحاح السابع هذا الإصحاح يقدم لنا مجموعة نصائح في شكل قطع شعرية\'a1 غايتها السلوك بروح الحكمة بعيداً عن اللهو والترف والحياة المستهترة ناظرين للحياة الأبدية.
جامعة,7,94,"الإصحاح السابع هذا الإصحاح يقدم لنا مجموعة نصائح في شكل قطع شعرية\'a1 غايتها السلوك بروح الحكمة بعيداً عن اللهو والترف والحياة المستهترة ناظرين للحياة الأبدية.
جامعة,7,95,"الإصحاح السابع هذا الإصحاح يقدم لنا مجموعة نصائح في شكل قطع شعرية\'a1 غايتها السلوك بروح الحكمة بعيداً عن اللهو والترف والحياة المستهترة ناظرين للحياة الأبدية.
جامعة,7,96,"الإصحاح السابع هذا الإصحاح يقدم لنا مجموعة نصائح في شكل قطع شعرية\'a1 غايتها السلوك بروح الحكمة بعيداً عن اللهو والترف والحياة المستهترة ناظرين للحياة الأبدية.
جامعة,7,97,"الإصحاح السابع هذا الإصحاح يقدم لنا مجموعة نصائح في شكل قطع شعرية\'a1 غايتها السلوك بروح الحكمة بعيداً عن اللهو والترف والحياة المستهترة ناظرين للحياة الأبدية.
جامعة,7,98,"الإصحاح السابع هذا الإصحاح يقدم لنا مجموعة نصائح في شكل قطع شعرية\'a1 غايتها السلوك بروح الحكمة بعيداً عن اللهو والترف والحياة المستهترة ناظرين للحياة الأبدية.
جامعة,7,99,"الإصحاح السابع هذا الإصحاح يقدم لنا مجموعة نصائح في شكل قطع شعرية\'a1 غايتها السلوك بروح الحكمة بعيداً عن اللهو والترف والحياة المستهترة ناظرين للحياة الأبدية.
جامعة,8,1,"الإصحاح الثامن آية(1): ""من كالحكيم ومن يفهم تفسير أمر حكمة الإنسان تنير وجهه وصلابة وجهه تتغير.""
جامعة,8,2,"الإصحاح الثامن آية(1): ""من كالحكيم ومن يفهم تفسير أمر حكمة الإنسان تنير وجهه وصلابة وجهه تتغير.""
جامعة,8,3,"الإصحاح الثامن آية(1): ""من كالحكيم ومن يفهم تفسير أمر حكمة الإنسان تنير وجهه وصلابة وجهه تتغير.""
جامعة,8,4,"الإصحاح الثامن آية(1): ""من كالحكيم ومن يفهم تفسير أمر حكمة الإنسان تنير وجهه وصلابة وجهه تتغير.""
جامعة,8,5,"الإصحاح الثامن آية(1): ""من كالحكيم ومن يفهم تفسير أمر حكمة الإنسان تنير وجهه وصلابة وجهه تتغير.""
جامعة,8,6,"الإصحاح الثامن آية(1): ""من كالحكيم ومن يفهم تفسير أمر حكمة الإنسان تنير وجهه وصلابة وجهه تتغير.""
جامعة,8,7,"الإصحاح الثامن آية(1): ""من كالحكيم ومن يفهم تفسير أمر حكمة الإنسان تنير وجهه وصلابة وجهه تتغير.""
جامعة,8,8,"الإصحاح الثامن آية(1): ""من كالحكيم ومن يفهم تفسير أمر حكمة الإنسان تنير وجهه وصلابة وجهه تتغير.""
جامعة,8,9,"الإصحاح الثامن آية(1): ""من كالحكيم ومن يفهم تفسير أمر حكمة الإنسان تنير وجهه وصلابة وجهه تتغير.""
جامعة,8,10,"الإصحاح الثامن آية(1): ""من كالحكيم ومن يفهم تفسير أمر حكمة الإنسان تنير وجهه وصلابة وجهه تتغير.""
جامعة,8,11,"الإصحاح الثامن آية(1): ""من كالحكيم ومن يفهم تفسير أمر حكمة الإنسان تنير وجهه وصلابة وجهه تتغير.""
جامعة,8,12,"الإصحاح الثامن آية(1): ""من كالحكيم ومن يفهم تفسير أمر حكمة الإنسان تنير وجهه وصلابة وجهه تتغير.""
جامعة,8,13,"الإصحاح الثامن آية(1): ""من كالحكيم ومن يفهم تفسير أمر حكمة الإنسان تنير وجهه وصلابة وجهه تتغير.""
جامعة,8,14,"الإصحاح الثامن آية(1): ""من كالحكيم ومن يفهم تفسير أمر حكمة الإنسان تنير وجهه وصلابة وجهه تتغير.""
جامعة,8,15,"الإصحاح الثامن آية(1): ""من كالحكيم ومن يفهم تفسير أمر حكمة الإنسان تنير وجهه وصلابة وجهه تتغير.""
جامعة,8,16,"الإصحاح الثامن آية(1): ""من كالحكيم ومن يفهم تفسير أمر حكمة الإنسان تنير وجهه وصلابة وجهه تتغير.""
جامعة,8,17,"الإصحاح الثامن آية(1): ""من كالحكيم ومن يفهم تفسير أمر حكمة الإنسان تنير وجهه وصلابة وجهه تتغير.""
جامعة,8,18,"الإصحاح الثامن آية(1): ""من كالحكيم ومن يفهم تفسير أمر حكمة الإنسان تنير وجهه وصلابة وجهه تتغير.""
جامعة,8,19,"الإصحاح الثامن آية(1): ""من كالحكيم ومن يفهم تفسير أمر حكمة الإنسان تنير وجهه وصلابة وجهه تتغير.""
جامعة,8,20,"الإصحاح الثامن آية(1): ""من كالحكيم ومن يفهم تفسير أمر حكمة الإنسان تنير وجهه وصلابة وجهه تتغير.""
جامعة,8,21,"الإصحاح الثامن آية(1): ""من كالحكيم ومن يفهم تفسير أمر حكمة الإنسان تنير وجهه وصلابة وجهه تتغير.""
جامعة,8,22,"الإصحاح الثامن آية(1): ""من كالحكيم ومن يفهم تفسير أمر حكمة الإنسان تنير وجهه وصلابة وجهه تتغير.""
جامعة,8,23,"الإصحاح الثامن آية(1): ""من كالحكيم ومن يفهم تفسير أمر حكمة الإنسان تنير وجهه وصلابة وجهه تتغير.""
جامعة,8,24,"الإصحاح الثامن آية(1): ""من كالحكيم ومن يفهم تفسير أمر حكمة الإنسان تنير وجهه وصلابة وجهه تتغير.""
جامعة,8,25,"الإصحاح الثامن آية(1): ""من كالحكيم ومن يفهم تفسير أمر حكمة الإنسان تنير وجهه وصلابة وجهه تتغير.""
جامعة,8,26,"الإصحاح الثامن آية(1): ""من كالحكيم ومن يفهم تفسير أمر حكمة الإنسان تنير وجهه وصلابة وجهه تتغير.""
جامعة,8,27,"الإصحاح الثامن آية(1): ""من كالحكيم ومن يفهم تفسير أمر حكمة الإنسان تنير وجهه وصلابة وجهه تتغير.""
جامعة,8,28,"الإصحاح الثامن آية(1): ""من كالحكيم ومن يفهم تفسير أمر حكمة الإنسان تنير وجهه وصلابة وجهه تتغير.""
جامعة,8,29,"الإصحاح الثامن آية(1): ""من كالحكيم ومن يفهم تفسير أمر حكمة الإنسان تنير وجهه وصلابة وجهه تتغير.""
جامعة,8,30,"الإصحاح الثامن آية(1): ""من كالحكيم ومن يفهم تفسير أمر حكمة الإنسان تنير وجهه وصلابة وجهه تتغير.""
جامعة,8,31,"الإصحاح الثامن آية(1): ""من كالحكيم ومن يفهم تفسير أمر حكمة الإنسان تنير وجهه وصلابة وجهه تتغير.""
جامعة,8,32,"الإصحاح الثامن آية(1): ""من كالحكيم ومن يفهم تفسير أمر حكمة الإنسان تنير وجهه وصلابة وجهه تتغير.""
جامعة,8,33,"الإصحاح الثامن آية(1): ""من كالحكيم ومن يفهم تفسير أمر حكمة الإنسان تنير وجهه وصلابة وجهه تتغير.""
جامعة,8,34,"الإصحاح الثامن آية(1): ""من كالحكيم ومن يفهم تفسير أمر حكمة الإنسان تنير وجهه وصلابة وجهه تتغير.""
جامعة,8,35,"الإصحاح الثامن آية(1): ""من كالحكيم ومن يفهم تفسير أمر حكمة الإنسان تنير وجهه وصلابة وجهه تتغير.""
جامعة,8,36,"الإصحاح الثامن آية(1): ""من كالحكيم ومن يفهم تفسير أمر حكمة الإنسان تنير وجهه وصلابة وجهه تتغير.""
جامعة,8,37,"الإصحاح الثامن آية(1): ""من كالحكيم ومن يفهم تفسير أمر حكمة الإنسان تنير وجهه وصلابة وجهه تتغير.""
جامعة,8,38,"الإصحاح الثامن آية(1): ""من كالحكيم ومن يفهم تفسير أمر حكمة الإنسان تنير وجهه وصلابة وجهه تتغير.""
جامعة,8,39,"الإصحاح الثامن آية(1): ""من كالحكيم ومن يفهم تفسير أمر حكمة الإنسان تنير وجهه وصلابة وجهه تتغير.""
جامعة,8,40,"الإصحاح الثامن آية(1): ""من كالحكيم ومن يفهم تفسير أمر حكمة الإنسان تنير وجهه وصلابة وجهه تتغير.""
جامعة,8,41,"الإصحاح الثامن آية(1): ""من كالحكيم ومن يفهم تفسير أمر حكمة الإنسان تنير وجهه وصلابة وجهه تتغير.""
جامعة,8,42,"الإصحاح الثامن آية(1): ""من كالحكيم ومن يفهم تفسير أمر حكمة الإنسان تنير وجهه وصلابة وجهه تتغير.""
جامعة,8,43,"الإصحاح الثامن آية(1): ""من كالحكيم ومن يفهم تفسير أمر حكمة الإنسان تنير وجهه وصلابة وجهه تتغير.""
جامعة,8,44,"الإصحاح الثامن آية(1): ""من كالحكيم ومن يفهم تفسير أمر حكمة الإنسان تنير وجهه وصلابة وجهه تتغير.""
جامعة,8,45,"الإصحاح الثامن آية(1): ""من كالحكيم ومن يفهم تفسير أمر حكمة الإنسان تنير وجهه وصلابة وجهه تتغير.""
جامعة,8,46,"الإصحاح الثامن آية(1): ""من كالحكيم ومن يفهم تفسير أمر حكمة الإنسان تنير وجهه وصلابة وجهه تتغير.""
جامعة,8,47,"الإصحاح الثامن آية(1): ""من كالحكيم ومن يفهم تفسير أمر حكمة الإنسان تنير وجهه وصلابة وجهه تتغير.""
جامعة,8,48,"الإصحاح الثامن آية(1): ""من كالحكيم ومن يفهم تفسير أمر حكمة الإنسان تنير وجهه وصلابة وجهه تتغير.""
جامعة,8,49,"الإصحاح الثامن آية(1): ""من كالحكيم ومن يفهم تفسير أمر حكمة الإنسان تنير وجهه وصلابة وجهه تتغير.""
جامعة,8,50,"الإصحاح الثامن آية(1): ""من كالحكيم ومن يفهم تفسير أمر حكمة الإنسان تنير وجهه وصلابة وجهه تتغير.""
جامعة,8,51,"الإصحاح الثامن آية(1): ""من كالحكيم ومن يفهم تفسير أمر حكمة الإنسان تنير وجهه وصلابة وجهه تتغير.""
جامعة,8,52,"الإصحاح الثامن آية(1): ""من كالحكيم ومن يفهم تفسير أمر حكمة الإنسان تنير وجهه وصلابة وجهه تتغير.""
جامعة,8,53,"الإصحاح الثامن آية(1): ""من كالحكيم ومن يفهم تفسير أمر حكمة الإنسان تنير وجهه وصلابة وجهه تتغير.""
جامعة,8,54,"الإصحاح الثامن آية(1): ""من كالحكيم ومن يفهم تفسير أمر حكمة الإنسان تنير وجهه وصلابة وجهه تتغير.""
جامعة,8,55,"الإصحاح الثامن آية(1): ""من كالحكيم ومن يفهم تفسير أمر حكمة الإنسان تنير وجهه وصلابة وجهه تتغير.""
جامعة,8,56,"الإصحاح الثامن آية(1): ""من كالحكيم ومن يفهم تفسير أمر حكمة الإنسان تنير وجهه وصلابة وجهه تتغير.""
جامعة,8,57,"الإصحاح الثامن آية(1): ""من كالحكيم ومن يفهم تفسير أمر حكمة الإنسان تنير وجهه وصلابة وجهه تتغير.""
جامعة,8,58,"الإصحاح الثامن آية(1): ""من كالحكيم ومن يفهم تفسير أمر حكمة الإنسان تنير وجهه وصلابة وجهه تتغير.""
جامعة,8,59,"الإصحاح الثامن آية(1): ""من كالحكيم ومن يفهم تفسير أمر حكمة الإنسان تنير وجهه وصلابة وجهه تتغير.""
جامعة,8,60,"الإصحاح الثامن آية(1): ""من كالحكيم ومن يفهم تفسير أمر حكمة الإنسان تنير وجهه وصلابة وجهه تتغير.""
جامعة,8,61,"الإصحاح الثامن آية(1): ""من كالحكيم ومن يفهم تفسير أمر حكمة الإنسان تنير وجهه وصلابة وجهه تتغير.""
جامعة,8,62,"الإصحاح الثامن آية(1): ""من كالحكيم ومن يفهم تفسير أمر حكمة الإنسان تنير وجهه وصلابة وجهه تتغير.""
جامعة,8,63,"الإصحاح الثامن آية(1): ""من كالحكيم ومن يفهم تفسير أمر حكمة الإنسان تنير وجهه وصلابة وجهه تتغير.""
جامعة,8,64,"الإصحاح الثامن آية(1): ""من كالحكيم ومن يفهم تفسير أمر حكمة الإنسان تنير وجهه وصلابة وجهه تتغير.""
جامعة,8,65,"الإصحاح الثامن آية(1): ""من كالحكيم ومن يفهم تفسير أمر حكمة الإنسان تنير وجهه وصلابة وجهه تتغير.""
جامعة,8,66,"الإصحاح الثامن آية(1): ""من كالحكيم ومن يفهم تفسير أمر حكمة الإنسان تنير وجهه وصلابة وجهه تتغير.""
جامعة,8,67,"الإصحاح الثامن آية(1): ""من كالحكيم ومن يفهم تفسير أمر حكمة الإنسان تنير وجهه وصلابة وجهه تتغير.""
جامعة,8,68,"الإصحاح الثامن آية(1): ""من كالحكيم ومن يفهم تفسير أمر حكمة الإنسان تنير وجهه وصلابة وجهه تتغير.""
جامعة,8,69,"الإصحاح الثامن آية(1): ""من كالحكيم ومن يفهم تفسير أمر حكمة الإنسان تنير وجهه وصلابة وجهه تتغير.""
جامعة,8,70,"الإصحاح الثامن آية(1): ""من كالحكيم ومن يفهم تفسير أمر حكمة الإنسان تنير وجهه وصلابة وجهه تتغير.""
جامعة,8,71,"الإصحاح الثامن آية(1): ""من كالحكيم ومن يفهم تفسير أمر حكمة الإنسان تنير وجهه وصلابة وجهه تتغير.""
جامعة,8,72,"الإصحاح الثامن آية(1): ""من كالحكيم ومن يفهم تفسير أمر حكمة الإنسان تنير وجهه وصلابة وجهه تتغير.""
جامعة,8,73,"الإصحاح الثامن آية(1): ""من كالحكيم ومن يفهم تفسير أمر حكمة الإنسان تنير وجهه وصلابة وجهه تتغير.""
جامعة,8,74,"الإصحاح الثامن آية(1): ""من كالحكيم ومن يفهم تفسير أمر حكمة الإنسان تنير وجهه وصلابة وجهه تتغير.""
جامعة,8,75,"الإصحاح الثامن آية(1): ""من كالحكيم ومن يفهم تفسير أمر حكمة الإنسان تنير وجهه وصلابة وجهه تتغير.""
جامعة,8,76,"الإصحاح الثامن آية(1): ""من كالحكيم ومن يفهم تفسير أمر حكمة الإنسان تنير وجهه وصلابة وجهه تتغير.""
جامعة,8,77,"الإصحاح الثامن آية(1): ""من كالحكيم ومن يفهم تفسير أمر حكمة الإنسان تنير وجهه وصلابة وجهه تتغير.""
جامعة,8,78,"الإصحاح الثامن آية(1): ""من كالحكيم ومن يفهم تفسير أمر حكمة الإنسان تنير وجهه وصلابة وجهه تتغير.""
جامعة,8,79,"الإصحاح الثامن آية(1): ""من كالحكيم ومن يفهم تفسير أمر حكمة الإنسان تنير وجهه وصلابة وجهه تتغير.""
جامعة,8,80,"الإصحاح الثامن آية(1): ""من كالحكيم ومن يفهم تفسير أمر حكمة الإنسان تنير وجهه وصلابة وجهه تتغير.""
جامعة,8,81,"الإصحاح الثامن آية(1): ""من كالحكيم ومن يفهم تفسير أمر حكمة الإنسان تنير وجهه وصلابة وجهه تتغير.""
جامعة,8,82,"الإصحاح الثامن آية(1): ""من كالحكيم ومن يفهم تفسير أمر حكمة الإنسان تنير وجهه وصلابة وجهه تتغير.""
جامعة,8,83,"الإصحاح الثامن آية(1): ""من كالحكيم ومن يفهم تفسير أمر حكمة الإنسان تنير وجهه وصلابة وجهه تتغير.""
جامعة,8,84,"الإصحاح الثامن آية(1): ""من كالحكيم ومن يفهم تفسير أمر حكمة الإنسان تنير وجهه وصلابة وجهه تتغير.""
جامعة,8,85,"الإصحاح الثامن آية(1): ""من كالحكيم ومن يفهم تفسير أمر حكمة الإنسان تنير وجهه وصلابة وجهه تتغير.""
جامعة,8,86,"الإصحاح الثامن آية(1): ""من كالحكيم ومن يفهم تفسير أمر حكمة الإنسان تنير وجهه وصلابة وجهه تتغير.""
جامعة,8,87,"الإصحاح الثامن آية(1): ""من كالحكيم ومن يفهم تفسير أمر حكمة الإنسان تنير وجهه وصلابة وجهه تتغير.""
جامعة,8,88,"الإصحاح الثامن آية(1): ""من كالحكيم ومن يفهم تفسير أمر حكمة الإنسان تنير وجهه وصلابة وجهه تتغير.""
جامعة,8,89,"الإصحاح الثامن آية(1): ""من كالحكيم ومن يفهم تفسير أمر حكمة الإنسان تنير وجهه وصلابة وجهه تتغير.""
جامعة,8,90,"الإصحاح الثامن آية(1): ""من كالحكيم ومن يفهم تفسير أمر حكمة الإنسان تنير وجهه وصلابة وجهه تتغير.""
جامعة,8,91,"الإصحاح الثامن آية(1): ""من كالحكيم ومن يفهم تفسير أمر حكمة الإنسان تنير وجهه وصلابة وجهه تتغير.""
جامعة,8,92,"الإصحاح الثامن آية(1): ""من كالحكيم ومن يفهم تفسير أمر حكمة الإنسان تنير وجهه وصلابة وجهه تتغير.""
جامعة,8,93,"الإصحاح الثامن آية(1): ""من كالحكيم ومن يفهم تفسير أمر حكمة الإنسان تنير وجهه وصلابة وجهه تتغير.""
جامعة,8,94,"الإصحاح الثامن آية(1): ""من كالحكيم ومن يفهم تفسير أمر حكمة الإنسان تنير وجهه وصلابة وجهه تتغير.""
جامعة,8,95,"الإصحاح الثامن آية(1): ""من كالحكيم ومن يفهم تفسير أمر حكمة الإنسان تنير وجهه وصلابة وجهه تتغير.""
جامعة,8,96,"الإصحاح الثامن آية(1): ""من كالحكيم ومن يفهم تفسير أمر حكمة الإنسان تنير وجهه وصلابة وجهه تتغير.""
جامعة,8,97,"الإصحاح الثامن آية(1): ""من كالحكيم ومن يفهم تفسير أمر حكمة الإنسان تنير وجهه وصلابة وجهه تتغير.""
جامعة,8,98,"الإصحاح الثامن آية(1): ""من كالحكيم ومن يفهم تفسير أمر حكمة الإنسان تنير وجهه وصلابة وجهه تتغير.""
جامعة,8,99,"الإصحاح الثامن آية(1): ""من كالحكيم ومن يفهم تفسير أمر حكمة الإنسان تنير وجهه وصلابة وجهه تتغير.""
جامعة,9,1,"الإصحاح التاسع الآيات (1-3): ""لأن هذا كله جعلته في قلبي وامتحنت هذا كله أن الصديقين والحكماء وأعمالهم في يد الله الإنسان لا يعلم حباً ولا بغضاً الكل أمامهم. الكل على ما للكل حادثة واحدة للصديق وللشرير للصالح وللطاهر وللنجس للذابح وللذي لا يذبح كالصالح الخاطئ الحالف كالذي يخاف الحلف. هذا اشر كل ما عمل تحت الشمس أن حادثة واحدة للجميع وأيضاً قلب بني البشر ملأن من الشر والحماقة في قلبهم وهم أحياء وبعد ذلك يذهبون إلى الأموات.""
جامعة,9,2,"الإصحاح التاسع الآيات (1-3): ""لأن هذا كله جعلته في قلبي وامتحنت هذا كله أن الصديقين والحكماء وأعمالهم في يد الله الإنسان لا يعلم حباً ولا بغضاً الكل أمامهم. الكل على ما للكل حادثة واحدة للصديق وللشرير للصالح وللطاهر وللنجس للذابح وللذي لا يذبح كالصالح الخاطئ الحالف كالذي يخاف الحلف. هذا اشر كل ما عمل تحت الشمس أن حادثة واحدة للجميع وأيضاً قلب بني البشر ملأن من الشر والحماقة في قلبهم وهم أحياء وبعد ذلك يذهبون إلى الأموات.""
جامعة,9,3,"الإصحاح التاسع الآيات (1-3): ""لأن هذا كله جعلته في قلبي وامتحنت هذا كله أن الصديقين والحكماء وأعمالهم في يد الله الإنسان لا يعلم حباً ولا بغضاً الكل أمامهم. الكل على ما للكل حادثة واحدة للصديق وللشرير للصالح وللطاهر وللنجس للذابح وللذي لا يذبح كالصالح الخاطئ الحالف كالذي يخاف الحلف. هذا اشر كل ما عمل تحت الشمس أن حادثة واحدة للجميع وأيضاً قلب بني البشر ملأن من الشر والحماقة في قلبهم وهم أحياء وبعد ذلك يذهبون إلى الأموات.""
جامعة,9,4,"الإصحاح التاسع الآيات (1-3): ""لأن هذا كله جعلته في قلبي وامتحنت هذا كله أن الصديقين والحكماء وأعمالهم في يد الله الإنسان لا يعلم حباً ولا بغضاً الكل أمامهم. الكل على ما للكل حادثة واحدة للصديق وللشرير للصالح وللطاهر وللنجس للذابح وللذي لا يذبح كالصالح الخاطئ الحالف كالذي يخاف الحلف. هذا اشر كل ما عمل تحت الشمس أن حادثة واحدة للجميع وأيضاً قلب بني البشر ملأن من الشر والحماقة في قلبهم وهم أحياء وبعد ذلك يذهبون إلى الأموات.""
جامعة,9,5,"الإصحاح التاسع الآيات (1-3): ""لأن هذا كله جعلته في قلبي وامتحنت هذا كله أن الصديقين والحكماء وأعمالهم في يد الله الإنسان لا يعلم حباً ولا بغضاً الكل أمامهم. الكل على ما للكل حادثة واحدة للصديق وللشرير للصالح وللطاهر وللنجس للذابح وللذي لا يذبح كالصالح الخاطئ الحالف كالذي يخاف الحلف. هذا اشر كل ما عمل تحت الشمس أن حادثة واحدة للجميع وأيضاً قلب بني البشر ملأن من الشر والحماقة في قلبهم وهم أحياء وبعد ذلك يذهبون إلى الأموات.""
جامعة,9,6,"الإصحاح التاسع الآيات (1-3): ""لأن هذا كله جعلته في قلبي وامتحنت هذا كله أن الصديقين والحكماء وأعمالهم في يد الله الإنسان لا يعلم حباً ولا بغضاً الكل أمامهم. الكل على ما للكل حادثة واحدة للصديق وللشرير للصالح وللطاهر وللنجس للذابح وللذي لا يذبح كالصالح الخاطئ الحالف كالذي يخاف الحلف. هذا اشر كل ما عمل تحت الشمس أن حادثة واحدة للجميع وأيضاً قلب بني البشر ملأن من الشر والحماقة في قلبهم وهم أحياء وبعد ذلك يذهبون إلى الأموات.""
جامعة,9,7,"الإصحاح التاسع الآيات (1-3): ""لأن هذا كله جعلته في قلبي وامتحنت هذا كله أن الصديقين والحكماء وأعمالهم في يد الله الإنسان لا يعلم حباً ولا بغضاً الكل أمامهم. الكل على ما للكل حادثة واحدة للصديق وللشرير للصالح وللطاهر وللنجس للذابح وللذي لا يذبح كالصالح الخاطئ الحالف كالذي يخاف الحلف. هذا اشر كل ما عمل تحت الشمس أن حادثة واحدة للجميع وأيضاً قلب بني البشر ملأن من الشر والحماقة في قلبهم وهم أحياء وبعد ذلك يذهبون إلى الأموات.""
جامعة,9,8,"الإصحاح التاسع الآيات (1-3): ""لأن هذا كله جعلته في قلبي وامتحنت هذا كله أن الصديقين والحكماء وأعمالهم في يد الله الإنسان لا يعلم حباً ولا بغضاً الكل أمامهم. الكل على ما للكل حادثة واحدة للصديق وللشرير للصالح وللطاهر وللنجس للذابح وللذي لا يذبح كالصالح الخاطئ الحالف كالذي يخاف الحلف. هذا اشر كل ما عمل تحت الشمس أن حادثة واحدة للجميع وأيضاً قلب بني البشر ملأن من الشر والحماقة في قلبهم وهم أحياء وبعد ذلك يذهبون إلى الأموات.""
جامعة,9,9,"الإصحاح التاسع الآيات (1-3): ""لأن هذا كله جعلته في قلبي وامتحنت هذا كله أن الصديقين والحكماء وأعمالهم في يد الله الإنسان لا يعلم حباً ولا بغضاً الكل أمامهم. الكل على ما للكل حادثة واحدة للصديق وللشرير للصالح وللطاهر وللنجس للذابح وللذي لا يذبح كالصالح الخاطئ الحالف كالذي يخاف الحلف. هذا اشر كل ما عمل تحت الشمس أن حادثة واحدة للجميع وأيضاً قلب بني البشر ملأن من الشر والحماقة في قلبهم وهم أحياء وبعد ذلك يذهبون إلى الأموات.""
جامعة,9,10,"الإصحاح التاسع الآيات (1-3): ""لأن هذا كله جعلته في قلبي وامتحنت هذا كله أن الصديقين والحكماء وأعمالهم في يد الله الإنسان لا يعلم حباً ولا بغضاً الكل أمامهم. الكل على ما للكل حادثة واحدة للصديق وللشرير للصالح وللطاهر وللنجس للذابح وللذي لا يذبح كالصالح الخاطئ الحالف كالذي يخاف الحلف. هذا اشر كل ما عمل تحت الشمس أن حادثة واحدة للجميع وأيضاً قلب بني البشر ملأن من الشر والحماقة في قلبهم وهم أحياء وبعد ذلك يذهبون إلى الأموات.""
جامعة,9,11,"الإصحاح التاسع الآيات (1-3): ""لأن هذا كله جعلته في قلبي وامتحنت هذا كله أن الصديقين والحكماء وأعمالهم في يد الله الإنسان لا يعلم حباً ولا بغضاً الكل أمامهم. الكل على ما للكل حادثة واحدة للصديق وللشرير للصالح وللطاهر وللنجس للذابح وللذي لا يذبح كالصالح الخاطئ الحالف كالذي يخاف الحلف. هذا اشر كل ما عمل تحت الشمس أن حادثة واحدة للجميع وأيضاً قلب بني البشر ملأن من الشر والحماقة في قلبهم وهم أحياء وبعد ذلك يذهبون إلى الأموات.""
جامعة,9,12,"الإصحاح التاسع الآيات (1-3): ""لأن هذا كله جعلته في قلبي وامتحنت هذا كله أن الصديقين والحكماء وأعمالهم في يد الله الإنسان لا يعلم حباً ولا بغضاً الكل أمامهم. الكل على ما للكل حادثة واحدة للصديق وللشرير للصالح وللطاهر وللنجس للذابح وللذي لا يذبح كالصالح الخاطئ الحالف كالذي يخاف الحلف. هذا اشر كل ما عمل تحت الشمس أن حادثة واحدة للجميع وأيضاً قلب بني البشر ملأن من الشر والحماقة في قلبهم وهم أحياء وبعد ذلك يذهبون إلى الأموات.""
جامعة,9,13,"الإصحاح التاسع الآيات (1-3): ""لأن هذا كله جعلته في قلبي وامتحنت هذا كله أن الصديقين والحكماء وأعمالهم في يد الله الإنسان لا يعلم حباً ولا بغضاً الكل أمامهم. الكل على ما للكل حادثة واحدة للصديق وللشرير للصالح وللطاهر وللنجس للذابح وللذي لا يذبح كالصالح الخاطئ الحالف كالذي يخاف الحلف. هذا اشر كل ما عمل تحت الشمس أن حادثة واحدة للجميع وأيضاً قلب بني البشر ملأن من الشر والحماقة في قلبهم وهم أحياء وبعد ذلك يذهبون إلى الأموات.""
جامعة,9,14,"الإصحاح التاسع الآيات (1-3): ""لأن هذا كله جعلته في قلبي وامتحنت هذا كله أن الصديقين والحكماء وأعمالهم في يد الله الإنسان لا يعلم حباً ولا بغضاً الكل أمامهم. الكل على ما للكل حادثة واحدة للصديق وللشرير للصالح وللطاهر وللنجس للذابح وللذي لا يذبح كالصالح الخاطئ الحالف كالذي يخاف الحلف. هذا اشر كل ما عمل تحت الشمس أن حادثة واحدة للجميع وأيضاً قلب بني البشر ملأن من الشر والحماقة في قلبهم وهم أحياء وبعد ذلك يذهبون إلى الأموات.""
جامعة,9,15,"الإصحاح التاسع الآيات (1-3): ""لأن هذا كله جعلته في قلبي وامتحنت هذا كله أن الصديقين والحكماء وأعمالهم في يد الله الإنسان لا يعلم حباً ولا بغضاً الكل أمامهم. الكل على ما للكل حادثة واحدة للصديق وللشرير للصالح وللطاهر وللنجس للذابح وللذي لا يذبح كالصالح الخاطئ الحالف كالذي يخاف الحلف. هذا اشر كل ما عمل تحت الشمس أن حادثة واحدة للجميع وأيضاً قلب بني البشر ملأن من الشر والحماقة في قلبهم وهم أحياء وبعد ذلك يذهبون إلى الأموات.""
جامعة,9,16,"الإصحاح التاسع الآيات (1-3): ""لأن هذا كله جعلته في قلبي وامتحنت هذا كله أن الصديقين والحكماء وأعمالهم في يد الله الإنسان لا يعلم حباً ولا بغضاً الكل أمامهم. الكل على ما للكل حادثة واحدة للصديق وللشرير للصالح وللطاهر وللنجس للذابح وللذي لا يذبح كالصالح الخاطئ الحالف كالذي يخاف الحلف. هذا اشر كل ما عمل تحت الشمس أن حادثة واحدة للجميع وأيضاً قلب بني البشر ملأن من الشر والحماقة في قلبهم وهم أحياء وبعد ذلك يذهبون إلى الأموات.""
جامعة,9,17,"الإصحاح التاسع الآيات (1-3): ""لأن هذا كله جعلته في قلبي وامتحنت هذا كله أن الصديقين والحكماء وأعمالهم في يد الله الإنسان لا يعلم حباً ولا بغضاً الكل أمامهم. الكل على ما للكل حادثة واحدة للصديق وللشرير للصالح وللطاهر وللنجس للذابح وللذي لا يذبح كالصالح الخاطئ الحالف كالذي يخاف الحلف. هذا اشر كل ما عمل تحت الشمس أن حادثة واحدة للجميع وأيضاً قلب بني البشر ملأن من الشر والحماقة في قلبهم وهم أحياء وبعد ذلك يذهبون إلى الأموات.""
جامعة,9,18,"الإصحاح التاسع الآيات (1-3): ""لأن هذا كله جعلته في قلبي وامتحنت هذا كله أن الصديقين والحكماء وأعمالهم في يد الله الإنسان لا يعلم حباً ولا بغضاً الكل أمامهم. الكل على ما للكل حادثة واحدة للصديق وللشرير للصالح وللطاهر وللنجس للذابح وللذي لا يذبح كالصالح الخاطئ الحالف كالذي يخاف الحلف. هذا اشر كل ما عمل تحت الشمس أن حادثة واحدة للجميع وأيضاً قلب بني البشر ملأن من الشر والحماقة في قلبهم وهم أحياء وبعد ذلك يذهبون إلى الأموات.""
جامعة,9,19,"الإصحاح التاسع الآيات (1-3): ""لأن هذا كله جعلته في قلبي وامتحنت هذا كله أن الصديقين والحكماء وأعمالهم في يد الله الإنسان لا يعلم حباً ولا بغضاً الكل أمامهم. الكل على ما للكل حادثة واحدة للصديق وللشرير للصالح وللطاهر وللنجس للذابح وللذي لا يذبح كالصالح الخاطئ الحالف كالذي يخاف الحلف. هذا اشر كل ما عمل تحت الشمس أن حادثة واحدة للجميع وأيضاً قلب بني البشر ملأن من الشر والحماقة في قلبهم وهم أحياء وبعد ذلك يذهبون إلى الأموات.""
جامعة,9,20,"الإصحاح التاسع الآيات (1-3): ""لأن هذا كله جعلته في قلبي وامتحنت هذا كله أن الصديقين والحكماء وأعمالهم في يد الله الإنسان لا يعلم حباً ولا بغضاً الكل أمامهم. الكل على ما للكل حادثة واحدة للصديق وللشرير للصالح وللطاهر وللنجس للذابح وللذي لا يذبح كالصالح الخاطئ الحالف كالذي يخاف الحلف. هذا اشر كل ما عمل تحت الشمس أن حادثة واحدة للجميع وأيضاً قلب بني البشر ملأن من الشر والحماقة في قلبهم وهم أحياء وبعد ذلك يذهبون إلى الأموات.""
جامعة,9,21,"الإصحاح التاسع الآيات (1-3): ""لأن هذا كله جعلته في قلبي وامتحنت هذا كله أن الصديقين والحكماء وأعمالهم في يد الله الإنسان لا يعلم حباً ولا بغضاً الكل أمامهم. الكل على ما للكل حادثة واحدة للصديق وللشرير للصالح وللطاهر وللنجس للذابح وللذي لا يذبح كالصالح الخاطئ الحالف كالذي يخاف الحلف. هذا اشر كل ما عمل تحت الشمس أن حادثة واحدة للجميع وأيضاً قلب بني البشر ملأن من الشر والحماقة في قلبهم وهم أحياء وبعد ذلك يذهبون إلى الأموات.""
جامعة,9,22,"الإصحاح التاسع الآيات (1-3): ""لأن هذا كله جعلته في قلبي وامتحنت هذا كله أن الصديقين والحكماء وأعمالهم في يد الله الإنسان لا يعلم حباً ولا بغضاً الكل أمامهم. الكل على ما للكل حادثة واحدة للصديق وللشرير للصالح وللطاهر وللنجس للذابح وللذي لا يذبح كالصالح الخاطئ الحالف كالذي يخاف الحلف. هذا اشر كل ما عمل تحت الشمس أن حادثة واحدة للجميع وأيضاً قلب بني البشر ملأن من الشر والحماقة في قلبهم وهم أحياء وبعد ذلك يذهبون إلى الأموات.""
جامعة,9,23,"الإصحاح التاسع الآيات (1-3): ""لأن هذا كله جعلته في قلبي وامتحنت هذا كله أن الصديقين والحكماء وأعمالهم في يد الله الإنسان لا يعلم حباً ولا بغضاً الكل أمامهم. الكل على ما للكل حادثة واحدة للصديق وللشرير للصالح وللطاهر وللنجس للذابح وللذي لا يذبح كالصالح الخاطئ الحالف كالذي يخاف الحلف. هذا اشر كل ما عمل تحت الشمس أن حادثة واحدة للجميع وأيضاً قلب بني البشر ملأن من الشر والحماقة في قلبهم وهم أحياء وبعد ذلك يذهبون إلى الأموات.""
جامعة,9,24,"الإصحاح التاسع الآيات (1-3): ""لأن هذا كله جعلته في قلبي وامتحنت هذا كله أن الصديقين والحكماء وأعمالهم في يد الله الإنسان لا يعلم حباً ولا بغضاً الكل أمامهم. الكل على ما للكل حادثة واحدة للصديق وللشرير للصالح وللطاهر وللنجس للذابح وللذي لا يذبح كالصالح الخاطئ الحالف كالذي يخاف الحلف. هذا اشر كل ما عمل تحت الشمس أن حادثة واحدة للجميع وأيضاً قلب بني البشر ملأن من الشر والحماقة في قلبهم وهم أحياء وبعد ذلك يذهبون إلى الأموات.""
جامعة,9,25,"الإصحاح التاسع الآيات (1-3): ""لأن هذا كله جعلته في قلبي وامتحنت هذا كله أن الصديقين والحكماء وأعمالهم في يد الله الإنسان لا يعلم حباً ولا بغضاً الكل أمامهم. الكل على ما للكل حادثة واحدة للصديق وللشرير للصالح وللطاهر وللنجس للذابح وللذي لا يذبح كالصالح الخاطئ الحالف كالذي يخاف الحلف. هذا اشر كل ما عمل تحت الشمس أن حادثة واحدة للجميع وأيضاً قلب بني البشر ملأن من الشر والحماقة في قلبهم وهم أحياء وبعد ذلك يذهبون إلى الأموات.""
جامعة,9,26,"الإصحاح التاسع الآيات (1-3): ""لأن هذا كله جعلته في قلبي وامتحنت هذا كله أن الصديقين والحكماء وأعمالهم في يد الله الإنسان لا يعلم حباً ولا بغضاً الكل أمامهم. الكل على ما للكل حادثة واحدة للصديق وللشرير للصالح وللطاهر وللنجس للذابح وللذي لا يذبح كالصالح الخاطئ الحالف كالذي يخاف الحلف. هذا اشر كل ما عمل تحت الشمس أن حادثة واحدة للجميع وأيضاً قلب بني البشر ملأن من الشر والحماقة في قلبهم وهم أحياء وبعد ذلك يذهبون إلى الأموات.""
جامعة,9,27,"الإصحاح التاسع الآيات (1-3): ""لأن هذا كله جعلته في قلبي وامتحنت هذا كله أن الصديقين والحكماء وأعمالهم في يد الله الإنسان لا يعلم حباً ولا بغضاً الكل أمامهم. الكل على ما للكل حادثة واحدة للصديق وللشرير للصالح وللطاهر وللنجس للذابح وللذي لا يذبح كالصالح الخاطئ الحالف كالذي يخاف الحلف. هذا اشر كل ما عمل تحت الشمس أن حادثة واحدة للجميع وأيضاً قلب بني البشر ملأن من الشر والحماقة في قلبهم وهم أحياء وبعد ذلك يذهبون إلى الأموات.""
جامعة,9,28,"الإصحاح التاسع الآيات (1-3): ""لأن هذا كله جعلته في قلبي وامتحنت هذا كله أن الصديقين والحكماء وأعمالهم في يد الله الإنسان لا يعلم حباً ولا بغضاً الكل أمامهم. الكل على ما للكل حادثة واحدة للصديق وللشرير للصالح وللطاهر وللنجس للذابح وللذي لا يذبح كالصالح الخاطئ الحالف كالذي يخاف الحلف. هذا اشر كل ما عمل تحت الشمس أن حادثة واحدة للجميع وأيضاً قلب بني البشر ملأن من الشر والحماقة في قلبهم وهم أحياء وبعد ذلك يذهبون إلى الأموات.""
جامعة,9,29,"الإصحاح التاسع الآيات (1-3): ""لأن هذا كله جعلته في قلبي وامتحنت هذا كله أن الصديقين والحكماء وأعمالهم في يد الله الإنسان لا يعلم حباً ولا بغضاً الكل أمامهم. الكل على ما للكل حادثة واحدة للصديق وللشرير للصالح وللطاهر وللنجس للذابح وللذي لا يذبح كالصالح الخاطئ الحالف كالذي يخاف الحلف. هذا اشر كل ما عمل تحت الشمس أن حادثة واحدة للجميع وأيضاً قلب بني البشر ملأن من الشر والحماقة في قلبهم وهم أحياء وبعد ذلك يذهبون إلى الأموات.""
جامعة,9,30,"الإصحاح التاسع الآيات (1-3): ""لأن هذا كله جعلته في قلبي وامتحنت هذا كله أن الصديقين والحكماء وأعمالهم في يد الله الإنسان لا يعلم حباً ولا بغضاً الكل أمامهم. الكل على ما للكل حادثة واحدة للصديق وللشرير للصالح وللطاهر وللنجس للذابح وللذي لا يذبح كالصالح الخاطئ الحالف كالذي يخاف الحلف. هذا اشر كل ما عمل تحت الشمس أن حادثة واحدة للجميع وأيضاً قلب بني البشر ملأن من الشر والحماقة في قلبهم وهم أحياء وبعد ذلك يذهبون إلى الأموات.""
جامعة,9,31,"الإصحاح التاسع الآيات (1-3): ""لأن هذا كله جعلته في قلبي وامتحنت هذا كله أن الصديقين والحكماء وأعمالهم في يد الله الإنسان لا يعلم حباً ولا بغضاً الكل أمامهم. الكل على ما للكل حادثة واحدة للصديق وللشرير للصالح وللطاهر وللنجس للذابح وللذي لا يذبح كالصالح الخاطئ الحالف كالذي يخاف الحلف. هذا اشر كل ما عمل تحت الشمس أن حادثة واحدة للجميع وأيضاً قلب بني البشر ملأن من الشر والحماقة في قلبهم وهم أحياء وبعد ذلك يذهبون إلى الأموات.""
جامعة,9,32,"الإصحاح التاسع الآيات (1-3): ""لأن هذا كله جعلته في قلبي وامتحنت هذا كله أن الصديقين والحكماء وأعمالهم في يد الله الإنسان لا يعلم حباً ولا بغضاً الكل أمامهم. الكل على ما للكل حادثة واحدة للصديق وللشرير للصالح وللطاهر وللنجس للذابح وللذي لا يذبح كالصالح الخاطئ الحالف كالذي يخاف الحلف. هذا اشر كل ما عمل تحت الشمس أن حادثة واحدة للجميع وأيضاً قلب بني البشر ملأن من الشر والحماقة في قلبهم وهم أحياء وبعد ذلك يذهبون إلى الأموات.""
جامعة,9,33,"الإصحاح التاسع الآيات (1-3): ""لأن هذا كله جعلته في قلبي وامتحنت هذا كله أن الصديقين والحكماء وأعمالهم في يد الله الإنسان لا يعلم حباً ولا بغضاً الكل أمامهم. الكل على ما للكل حادثة واحدة للصديق وللشرير للصالح وللطاهر وللنجس للذابح وللذي لا يذبح كالصالح الخاطئ الحالف كالذي يخاف الحلف. هذا اشر كل ما عمل تحت الشمس أن حادثة واحدة للجميع وأيضاً قلب بني البشر ملأن من الشر والحماقة في قلبهم وهم أحياء وبعد ذلك يذهبون إلى الأموات.""
جامعة,9,34,"الإصحاح التاسع الآيات (1-3): ""لأن هذا كله جعلته في قلبي وامتحنت هذا كله أن الصديقين والحكماء وأعمالهم في يد الله الإنسان لا يعلم حباً ولا بغضاً الكل أمامهم. الكل على ما للكل حادثة واحدة للصديق وللشرير للصالح وللطاهر وللنجس للذابح وللذي لا يذبح كالصالح الخاطئ الحالف كالذي يخاف الحلف. هذا اشر كل ما عمل تحت الشمس أن حادثة واحدة للجميع وأيضاً قلب بني البشر ملأن من الشر والحماقة في قلبهم وهم أحياء وبعد ذلك يذهبون إلى الأموات.""
جامعة,9,35,"الإصحاح التاسع الآيات (1-3): ""لأن هذا كله جعلته في قلبي وامتحنت هذا كله أن الصديقين والحكماء وأعمالهم في يد الله الإنسان لا يعلم حباً ولا بغضاً الكل أمامهم. الكل على ما للكل حادثة واحدة للصديق وللشرير للصالح وللطاهر وللنجس للذابح وللذي لا يذبح كالصالح الخاطئ الحالف كالذي يخاف الحلف. هذا اشر كل ما عمل تحت الشمس أن حادثة واحدة للجميع وأيضاً قلب بني البشر ملأن من الشر والحماقة في قلبهم وهم أحياء وبعد ذلك يذهبون إلى الأموات.""
جامعة,9,36,"الإصحاح التاسع الآيات (1-3): ""لأن هذا كله جعلته في قلبي وامتحنت هذا كله أن الصديقين والحكماء وأعمالهم في يد الله الإنسان لا يعلم حباً ولا بغضاً الكل أمامهم. الكل على ما للكل حادثة واحدة للصديق وللشرير للصالح وللطاهر وللنجس للذابح وللذي لا يذبح كالصالح الخاطئ الحالف كالذي يخاف الحلف. هذا اشر كل ما عمل تحت الشمس أن حادثة واحدة للجميع وأيضاً قلب بني البشر ملأن من الشر والحماقة في قلبهم وهم أحياء وبعد ذلك يذهبون إلى الأموات.""
جامعة,9,37,"الإصحاح التاسع الآيات (1-3): ""لأن هذا كله جعلته في قلبي وامتحنت هذا كله أن الصديقين والحكماء وأعمالهم في يد الله الإنسان لا يعلم حباً ولا بغضاً الكل أمامهم. الكل على ما للكل حادثة واحدة للصديق وللشرير للصالح وللطاهر وللنجس للذابح وللذي لا يذبح كالصالح الخاطئ الحالف كالذي يخاف الحلف. هذا اشر كل ما عمل تحت الشمس أن حادثة واحدة للجميع وأيضاً قلب بني البشر ملأن من الشر والحماقة في قلبهم وهم أحياء وبعد ذلك يذهبون إلى الأموات.""
جامعة,9,38,"الإصحاح التاسع الآيات (1-3): ""لأن هذا كله جعلته في قلبي وامتحنت هذا كله أن الصديقين والحكماء وأعمالهم في يد الله الإنسان لا يعلم حباً ولا بغضاً الكل أمامهم. الكل على ما للكل حادثة واحدة للصديق وللشرير للصالح وللطاهر وللنجس للذابح وللذي لا يذبح كالصالح الخاطئ الحالف كالذي يخاف الحلف. هذا اشر كل ما عمل تحت الشمس أن حادثة واحدة للجميع وأيضاً قلب بني البشر ملأن من الشر والحماقة في قلبهم وهم أحياء وبعد ذلك يذهبون إلى الأموات.""
جامعة,9,39,"الإصحاح التاسع الآيات (1-3): ""لأن هذا كله جعلته في قلبي وامتحنت هذا كله أن الصديقين والحكماء وأعمالهم في يد الله الإنسان لا يعلم حباً ولا بغضاً الكل أمامهم. الكل على ما للكل حادثة واحدة للصديق وللشرير للصالح وللطاهر وللنجس للذابح وللذي لا يذبح كالصالح الخاطئ الحالف كالذي يخاف الحلف. هذا اشر كل ما عمل تحت الشمس أن حادثة واحدة للجميع وأيضاً قلب بني البشر ملأن من الشر والحماقة في قلبهم وهم أحياء وبعد ذلك يذهبون إلى الأموات.""
جامعة,9,40,"الإصحاح التاسع الآيات (1-3): ""لأن هذا كله جعلته في قلبي وامتحنت هذا كله أن الصديقين والحكماء وأعمالهم في يد الله الإنسان لا يعلم حباً ولا بغضاً الكل أمامهم. الكل على ما للكل حادثة واحدة للصديق وللشرير للصالح وللطاهر وللنجس للذابح وللذي لا يذبح كالصالح الخاطئ الحالف كالذي يخاف الحلف. هذا اشر كل ما عمل تحت الشمس أن حادثة واحدة للجميع وأيضاً قلب بني البشر ملأن من الشر والحماقة في قلبهم وهم أحياء وبعد ذلك يذهبون إلى الأموات.""
جامعة,9,41,"الإصحاح التاسع الآيات (1-3): ""لأن هذا كله جعلته في قلبي وامتحنت هذا كله أن الصديقين والحكماء وأعمالهم في يد الله الإنسان لا يعلم حباً ولا بغضاً الكل أمامهم. الكل على ما للكل حادثة واحدة للصديق وللشرير للصالح وللطاهر وللنجس للذابح وللذي لا يذبح كالصالح الخاطئ الحالف كالذي يخاف الحلف. هذا اشر كل ما عمل تحت الشمس أن حادثة واحدة للجميع وأيضاً قلب بني البشر ملأن من الشر والحماقة في قلبهم وهم أحياء وبعد ذلك يذهبون إلى الأموات.""
جامعة,9,42,"الإصحاح التاسع الآيات (1-3): ""لأن هذا كله جعلته في قلبي وامتحنت هذا كله أن الصديقين والحكماء وأعمالهم في يد الله الإنسان لا يعلم حباً ولا بغضاً الكل أمامهم. الكل على ما للكل حادثة واحدة للصديق وللشرير للصالح وللطاهر وللنجس للذابح وللذي لا يذبح كالصالح الخاطئ الحالف كالذي يخاف الحلف. هذا اشر كل ما عمل تحت الشمس أن حادثة واحدة للجميع وأيضاً قلب بني البشر ملأن من الشر والحماقة في قلبهم وهم أحياء وبعد ذلك يذهبون إلى الأموات.""
جامعة,9,43,"الإصحاح التاسع الآيات (1-3): ""لأن هذا كله جعلته في قلبي وامتحنت هذا كله أن الصديقين والحكماء وأعمالهم في يد الله الإنسان لا يعلم حباً ولا بغضاً الكل أمامهم. الكل على ما للكل حادثة واحدة للصديق وللشرير للصالح وللطاهر وللنجس للذابح وللذي لا يذبح كالصالح الخاطئ الحالف كالذي يخاف الحلف. هذا اشر كل ما عمل تحت الشمس أن حادثة واحدة للجميع وأيضاً قلب بني البشر ملأن من الشر والحماقة في قلبهم وهم أحياء وبعد ذلك يذهبون إلى الأموات.""
جامعة,9,44,"الإصحاح التاسع الآيات (1-3): ""لأن هذا كله جعلته في قلبي وامتحنت هذا كله أن الصديقين والحكماء وأعمالهم في يد الله الإنسان لا يعلم حباً ولا بغضاً الكل أمامهم. الكل على ما للكل حادثة واحدة للصديق وللشرير للصالح وللطاهر وللنجس للذابح وللذي لا يذبح كالصالح الخاطئ الحالف كالذي يخاف الحلف. هذا اشر كل ما عمل تحت الشمس أن حادثة واحدة للجميع وأيضاً قلب بني البشر ملأن من الشر والحماقة في قلبهم وهم أحياء وبعد ذلك يذهبون إلى الأموات.""
جامعة,9,45,"الإصحاح التاسع الآيات (1-3): ""لأن هذا كله جعلته في قلبي وامتحنت هذا كله أن الصديقين والحكماء وأعمالهم في يد الله الإنسان لا يعلم حباً ولا بغضاً الكل أمامهم. الكل على ما للكل حادثة واحدة للصديق وللشرير للصالح وللطاهر وللنجس للذابح وللذي لا يذبح كالصالح الخاطئ الحالف كالذي يخاف الحلف. هذا اشر كل ما عمل تحت الشمس أن حادثة واحدة للجميع وأيضاً قلب بني البشر ملأن من الشر والحماقة في قلبهم وهم أحياء وبعد ذلك يذهبون إلى الأموات.""
جامعة,9,46,"الإصحاح التاسع الآيات (1-3): ""لأن هذا كله جعلته في قلبي وامتحنت هذا كله أن الصديقين والحكماء وأعمالهم في يد الله الإنسان لا يعلم حباً ولا بغضاً الكل أمامهم. الكل على ما للكل حادثة واحدة للصديق وللشرير للصالح وللطاهر وللنجس للذابح وللذي لا يذبح كالصالح الخاطئ الحالف كالذي يخاف الحلف. هذا اشر كل ما عمل تحت الشمس أن حادثة واحدة للجميع وأيضاً قلب بني البشر ملأن من الشر والحماقة في قلبهم وهم أحياء وبعد ذلك يذهبون إلى الأموات.""
جامعة,9,47,"الإصحاح التاسع الآيات (1-3): ""لأن هذا كله جعلته في قلبي وامتحنت هذا كله أن الصديقين والحكماء وأعمالهم في يد الله الإنسان لا يعلم حباً ولا بغضاً الكل أمامهم. الكل على ما للكل حادثة واحدة للصديق وللشرير للصالح وللطاهر وللنجس للذابح وللذي لا يذبح كالصالح الخاطئ الحالف كالذي يخاف الحلف. هذا اشر كل ما عمل تحت الشمس أن حادثة واحدة للجميع وأيضاً قلب بني البشر ملأن من الشر والحماقة في قلبهم وهم أحياء وبعد ذلك يذهبون إلى الأموات.""
جامعة,9,48,"الإصحاح التاسع الآيات (1-3): ""لأن هذا كله جعلته في قلبي وامتحنت هذا كله أن الصديقين والحكماء وأعمالهم في يد الله الإنسان لا يعلم حباً ولا بغضاً الكل أمامهم. الكل على ما للكل حادثة واحدة للصديق وللشرير للصالح وللطاهر وللنجس للذابح وللذي لا يذبح كالصالح الخاطئ الحالف كالذي يخاف الحلف. هذا اشر كل ما عمل تحت الشمس أن حادثة واحدة للجميع وأيضاً قلب بني البشر ملأن من الشر والحماقة في قلبهم وهم أحياء وبعد ذلك يذهبون إلى الأموات.""
جامعة,9,49,"الإصحاح التاسع الآيات (1-3): ""لأن هذا كله جعلته في قلبي وامتحنت هذا كله أن الصديقين والحكماء وأعمالهم في يد الله الإنسان لا يعلم حباً ولا بغضاً الكل أمامهم. الكل على ما للكل حادثة واحدة للصديق وللشرير للصالح وللطاهر وللنجس للذابح وللذي لا يذبح كالصالح الخاطئ الحالف كالذي يخاف الحلف. هذا اشر كل ما عمل تحت الشمس أن حادثة واحدة للجميع وأيضاً قلب بني البشر ملأن من الشر والحماقة في قلبهم وهم أحياء وبعد ذلك يذهبون إلى الأموات.""
جامعة,9,50,"الإصحاح التاسع الآيات (1-3): ""لأن هذا كله جعلته في قلبي وامتحنت هذا كله أن الصديقين والحكماء وأعمالهم في يد الله الإنسان لا يعلم حباً ولا بغضاً الكل أمامهم. الكل على ما للكل حادثة واحدة للصديق وللشرير للصالح وللطاهر وللنجس للذابح وللذي لا يذبح كالصالح الخاطئ الحالف كالذي يخاف الحلف. هذا اشر كل ما عمل تحت الشمس أن حادثة واحدة للجميع وأيضاً قلب بني البشر ملأن من الشر والحماقة في قلبهم وهم أحياء وبعد ذلك يذهبون إلى الأموات.""
جامعة,9,51,"الإصحاح التاسع الآيات (1-3): ""لأن هذا كله جعلته في قلبي وامتحنت هذا كله أن الصديقين والحكماء وأعمالهم في يد الله الإنسان لا يعلم حباً ولا بغضاً الكل أمامهم. الكل على ما للكل حادثة واحدة للصديق وللشرير للصالح وللطاهر وللنجس للذابح وللذي لا يذبح كالصالح الخاطئ الحالف كالذي يخاف الحلف. هذا اشر كل ما عمل تحت الشمس أن حادثة واحدة للجميع وأيضاً قلب بني البشر ملأن من الشر والحماقة في قلبهم وهم أحياء وبعد ذلك يذهبون إلى الأموات.""
جامعة,9,52,"الإصحاح التاسع الآيات (1-3): ""لأن هذا كله جعلته في قلبي وامتحنت هذا كله أن الصديقين والحكماء وأعمالهم في يد الله الإنسان لا يعلم حباً ولا بغضاً الكل أمامهم. الكل على ما للكل حادثة واحدة للصديق وللشرير للصالح وللطاهر وللنجس للذابح وللذي لا يذبح كالصالح الخاطئ الحالف كالذي يخاف الحلف. هذا اشر كل ما عمل تحت الشمس أن حادثة واحدة للجميع وأيضاً قلب بني البشر ملأن من الشر والحماقة في قلبهم وهم أحياء وبعد ذلك يذهبون إلى الأموات.""
جامعة,9,53,"الإصحاح التاسع الآيات (1-3): ""لأن هذا كله جعلته في قلبي وامتحنت هذا كله أن الصديقين والحكماء وأعمالهم في يد الله الإنسان لا يعلم حباً ولا بغضاً الكل أمامهم. الكل على ما للكل حادثة واحدة للصديق وللشرير للصالح وللطاهر وللنجس للذابح وللذي لا يذبح كالصالح الخاطئ الحالف كالذي يخاف الحلف. هذا اشر كل ما عمل تحت الشمس أن حادثة واحدة للجميع وأيضاً قلب بني البشر ملأن من الشر والحماقة في قلبهم وهم أحياء وبعد ذلك يذهبون إلى الأموات.""
جامعة,9,54,"الإصحاح التاسع الآيات (1-3): ""لأن هذا كله جعلته في قلبي وامتحنت هذا كله أن الصديقين والحكماء وأعمالهم في يد الله الإنسان لا يعلم حباً ولا بغضاً الكل أمامهم. الكل على ما للكل حادثة واحدة للصديق وللشرير للصالح وللطاهر وللنجس للذابح وللذي لا يذبح كالصالح الخاطئ الحالف كالذي يخاف الحلف. هذا اشر كل ما عمل تحت الشمس أن حادثة واحدة للجميع وأيضاً قلب بني البشر ملأن من الشر والحماقة في قلبهم وهم أحياء وبعد ذلك يذهبون إلى الأموات.""
جامعة,9,55,"الإصحاح التاسع الآيات (1-3): ""لأن هذا كله جعلته في قلبي وامتحنت هذا كله أن الصديقين والحكماء وأعمالهم في يد الله الإنسان لا يعلم حباً ولا بغضاً الكل أمامهم. الكل على ما للكل حادثة واحدة للصديق وللشرير للصالح وللطاهر وللنجس للذابح وللذي لا يذبح كالصالح الخاطئ الحالف كالذي يخاف الحلف. هذا اشر كل ما عمل تحت الشمس أن حادثة واحدة للجميع وأيضاً قلب بني البشر ملأن من الشر والحماقة في قلبهم وهم أحياء وبعد ذلك يذهبون إلى الأموات.""
جامعة,9,56,"الإصحاح التاسع الآيات (1-3): ""لأن هذا كله جعلته في قلبي وامتحنت هذا كله أن الصديقين والحكماء وأعمالهم في يد الله الإنسان لا يعلم حباً ولا بغضاً الكل أمامهم. الكل على ما للكل حادثة واحدة للصديق وللشرير للصالح وللطاهر وللنجس للذابح وللذي لا يذبح كالصالح الخاطئ الحالف كالذي يخاف الحلف. هذا اشر كل ما عمل تحت الشمس أن حادثة واحدة للجميع وأيضاً قلب بني البشر ملأن من الشر والحماقة في قلبهم وهم أحياء وبعد ذلك يذهبون إلى الأموات.""
جامعة,9,57,"الإصحاح التاسع الآيات (1-3): ""لأن هذا كله جعلته في قلبي وامتحنت هذا كله أن الصديقين والحكماء وأعمالهم في يد الله الإنسان لا يعلم حباً ولا بغضاً الكل أمامهم. الكل على ما للكل حادثة واحدة للصديق وللشرير للصالح وللطاهر وللنجس للذابح وللذي لا يذبح كالصالح الخاطئ الحالف كالذي يخاف الحلف. هذا اشر كل ما عمل تحت الشمس أن حادثة واحدة للجميع وأيضاً قلب بني البشر ملأن من الشر والحماقة في قلبهم وهم أحياء وبعد ذلك يذهبون إلى الأموات.""
جامعة,9,58,"الإصحاح التاسع الآيات (1-3): ""لأن هذا كله جعلته في قلبي وامتحنت هذا كله أن الصديقين والحكماء وأعمالهم في يد الله الإنسان لا يعلم حباً ولا بغضاً الكل أمامهم. الكل على ما للكل حادثة واحدة للصديق وللشرير للصالح وللطاهر وللنجس للذابح وللذي لا يذبح كالصالح الخاطئ الحالف كالذي يخاف الحلف. هذا اشر كل ما عمل تحت الشمس أن حادثة واحدة للجميع وأيضاً قلب بني البشر ملأن من الشر والحماقة في قلبهم وهم أحياء وبعد ذلك يذهبون إلى الأموات.""
جامعة,9,59,"الإصحاح التاسع الآيات (1-3): ""لأن هذا كله جعلته في قلبي وامتحنت هذا كله أن الصديقين والحكماء وأعمالهم في يد الله الإنسان لا يعلم حباً ولا بغضاً الكل أمامهم. الكل على ما للكل حادثة واحدة للصديق وللشرير للصالح وللطاهر وللنجس للذابح وللذي لا يذبح كالصالح الخاطئ الحالف كالذي يخاف الحلف. هذا اشر كل ما عمل تحت الشمس أن حادثة واحدة للجميع وأيضاً قلب بني البشر ملأن من الشر والحماقة في قلبهم وهم أحياء وبعد ذلك يذهبون إلى الأموات.""
جامعة,9,60,"الإصحاح التاسع الآيات (1-3): ""لأن هذا كله جعلته في قلبي وامتحنت هذا كله أن الصديقين والحكماء وأعمالهم في يد الله الإنسان لا يعلم حباً ولا بغضاً الكل أمامهم. الكل على ما للكل حادثة واحدة للصديق وللشرير للصالح وللطاهر وللنجس للذابح وللذي لا يذبح كالصالح الخاطئ الحالف كالذي يخاف الحلف. هذا اشر كل ما عمل تحت الشمس أن حادثة واحدة للجميع وأيضاً قلب بني البشر ملأن من الشر والحماقة في قلبهم وهم أحياء وبعد ذلك يذهبون إلى الأموات.""
جامعة,9,61,"الإصحاح التاسع الآيات (1-3): ""لأن هذا كله جعلته في قلبي وامتحنت هذا كله أن الصديقين والحكماء وأعمالهم في يد الله الإنسان لا يعلم حباً ولا بغضاً الكل أمامهم. الكل على ما للكل حادثة واحدة للصديق وللشرير للصالح وللطاهر وللنجس للذابح وللذي لا يذبح كالصالح الخاطئ الحالف كالذي يخاف الحلف. هذا اشر كل ما عمل تحت الشمس أن حادثة واحدة للجميع وأيضاً قلب بني البشر ملأن من الشر والحماقة في قلبهم وهم أحياء وبعد ذلك يذهبون إلى الأموات.""
جامعة,9,62,"الإصحاح التاسع الآيات (1-3): ""لأن هذا كله جعلته في قلبي وامتحنت هذا كله أن الصديقين والحكماء وأعمالهم في يد الله الإنسان لا يعلم حباً ولا بغضاً الكل أمامهم. الكل على ما للكل حادثة واحدة للصديق وللشرير للصالح وللطاهر وللنجس للذابح وللذي لا يذبح كالصالح الخاطئ الحالف كالذي يخاف الحلف. هذا اشر كل ما عمل تحت الشمس أن حادثة واحدة للجميع وأيضاً قلب بني البشر ملأن من الشر والحماقة في قلبهم وهم أحياء وبعد ذلك يذهبون إلى الأموات.""
جامعة,9,63,"الإصحاح التاسع الآيات (1-3): ""لأن هذا كله جعلته في قلبي وامتحنت هذا كله أن الصديقين والحكماء وأعمالهم في يد الله الإنسان لا يعلم حباً ولا بغضاً الكل أمامهم. الكل على ما للكل حادثة واحدة للصديق وللشرير للصالح وللطاهر وللنجس للذابح وللذي لا يذبح كالصالح الخاطئ الحالف كالذي يخاف الحلف. هذا اشر كل ما عمل تحت الشمس أن حادثة واحدة للجميع وأيضاً قلب بني البشر ملأن من الشر والحماقة في قلبهم وهم أحياء وبعد ذلك يذهبون إلى الأموات.""
جامعة,9,64,"الإصحاح التاسع الآيات (1-3): ""لأن هذا كله جعلته في قلبي وامتحنت هذا كله أن الصديقين والحكماء وأعمالهم في يد الله الإنسان لا يعلم حباً ولا بغضاً الكل أمامهم. الكل على ما للكل حادثة واحدة للصديق وللشرير للصالح وللطاهر وللنجس للذابح وللذي لا يذبح كالصالح الخاطئ الحالف كالذي يخاف الحلف. هذا اشر كل ما عمل تحت الشمس أن حادثة واحدة للجميع وأيضاً قلب بني البشر ملأن من الشر والحماقة في قلبهم وهم أحياء وبعد ذلك يذهبون إلى الأموات.""
جامعة,9,65,"الإصحاح التاسع الآيات (1-3): ""لأن هذا كله جعلته في قلبي وامتحنت هذا كله أن الصديقين والحكماء وأعمالهم في يد الله الإنسان لا يعلم حباً ولا بغضاً الكل أمامهم. الكل على ما للكل حادثة واحدة للصديق وللشرير للصالح وللطاهر وللنجس للذابح وللذي لا يذبح كالصالح الخاطئ الحالف كالذي يخاف الحلف. هذا اشر كل ما عمل تحت الشمس أن حادثة واحدة للجميع وأيضاً قلب بني البشر ملأن من الشر والحماقة في قلبهم وهم أحياء وبعد ذلك يذهبون إلى الأموات.""
جامعة,9,66,"الإصحاح التاسع الآيات (1-3): ""لأن هذا كله جعلته في قلبي وامتحنت هذا كله أن الصديقين والحكماء وأعمالهم في يد الله الإنسان لا يعلم حباً ولا بغضاً الكل أمامهم. الكل على ما للكل حادثة واحدة للصديق وللشرير للصالح وللطاهر وللنجس للذابح وللذي لا يذبح كالصالح الخاطئ الحالف كالذي يخاف الحلف. هذا اشر كل ما عمل تحت الشمس أن حادثة واحدة للجميع وأيضاً قلب بني البشر ملأن من الشر والحماقة في قلبهم وهم أحياء وبعد ذلك يذهبون إلى الأموات.""
جامعة,9,67,"الإصحاح التاسع الآيات (1-3): ""لأن هذا كله جعلته في قلبي وامتحنت هذا كله أن الصديقين والحكماء وأعمالهم في يد الله الإنسان لا يعلم حباً ولا بغضاً الكل أمامهم. الكل على ما للكل حادثة واحدة للصديق وللشرير للصالح وللطاهر وللنجس للذابح وللذي لا يذبح كالصالح الخاطئ الحالف كالذي يخاف الحلف. هذا اشر كل ما عمل تحت الشمس أن حادثة واحدة للجميع وأيضاً قلب بني البشر ملأن من الشر والحماقة في قلبهم وهم أحياء وبعد ذلك يذهبون إلى الأموات.""
جامعة,9,68,"الإصحاح التاسع الآيات (1-3): ""لأن هذا كله جعلته في قلبي وامتحنت هذا كله أن الصديقين والحكماء وأعمالهم في يد الله الإنسان لا يعلم حباً ولا بغضاً الكل أمامهم. الكل على ما للكل حادثة واحدة للصديق وللشرير للصالح وللطاهر وللنجس للذابح وللذي لا يذبح كالصالح الخاطئ الحالف كالذي يخاف الحلف. هذا اشر كل ما عمل تحت الشمس أن حادثة واحدة للجميع وأيضاً قلب بني البشر ملأن من الشر والحماقة في قلبهم وهم أحياء وبعد ذلك يذهبون إلى الأموات.""
جامعة,9,69,"الإصحاح التاسع الآيات (1-3): ""لأن هذا كله جعلته في قلبي وامتحنت هذا كله أن الصديقين والحكماء وأعمالهم في يد الله الإنسان لا يعلم حباً ولا بغضاً الكل أمامهم. الكل على ما للكل حادثة واحدة للصديق وللشرير للصالح وللطاهر وللنجس للذابح وللذي لا يذبح كالصالح الخاطئ الحالف كالذي يخاف الحلف. هذا اشر كل ما عمل تحت الشمس أن حادثة واحدة للجميع وأيضاً قلب بني البشر ملأن من الشر والحماقة في قلبهم وهم أحياء وبعد ذلك يذهبون إلى الأموات.""
جامعة,9,70,"الإصحاح التاسع الآيات (1-3): ""لأن هذا كله جعلته في قلبي وامتحنت هذا كله أن الصديقين والحكماء وأعمالهم في يد الله الإنسان لا يعلم حباً ولا بغضاً الكل أمامهم. الكل على ما للكل حادثة واحدة للصديق وللشرير للصالح وللطاهر وللنجس للذابح وللذي لا يذبح كالصالح الخاطئ الحالف كالذي يخاف الحلف. هذا اشر كل ما عمل تحت الشمس أن حادثة واحدة للجميع وأيضاً قلب بني البشر ملأن من الشر والحماقة في قلبهم وهم أحياء وبعد ذلك يذهبون إلى الأموات.""
جامعة,9,71,"الإصحاح التاسع الآيات (1-3): ""لأن هذا كله جعلته في قلبي وامتحنت هذا كله أن الصديقين والحكماء وأعمالهم في يد الله الإنسان لا يعلم حباً ولا بغضاً الكل أمامهم. الكل على ما للكل حادثة واحدة للصديق وللشرير للصالح وللطاهر وللنجس للذابح وللذي لا يذبح كالصالح الخاطئ الحالف كالذي يخاف الحلف. هذا اشر كل ما عمل تحت الشمس أن حادثة واحدة للجميع وأيضاً قلب بني البشر ملأن من الشر والحماقة في قلبهم وهم أحياء وبعد ذلك يذهبون إلى الأموات.""
جامعة,9,72,"الإصحاح التاسع الآيات (1-3): ""لأن هذا كله جعلته في قلبي وامتحنت هذا كله أن الصديقين والحكماء وأعمالهم في يد الله الإنسان لا يعلم حباً ولا بغضاً الكل أمامهم. الكل على ما للكل حادثة واحدة للصديق وللشرير للصالح وللطاهر وللنجس للذابح وللذي لا يذبح كالصالح الخاطئ الحالف كالذي يخاف الحلف. هذا اشر كل ما عمل تحت الشمس أن حادثة واحدة للجميع وأيضاً قلب بني البشر ملأن من الشر والحماقة في قلبهم وهم أحياء وبعد ذلك يذهبون إلى الأموات.""
جامعة,9,73,"الإصحاح التاسع الآيات (1-3): ""لأن هذا كله جعلته في قلبي وامتحنت هذا كله أن الصديقين والحكماء وأعمالهم في يد الله الإنسان لا يعلم حباً ولا بغضاً الكل أمامهم. الكل على ما للكل حادثة واحدة للصديق وللشرير للصالح وللطاهر وللنجس للذابح وللذي لا يذبح كالصالح الخاطئ الحالف كالذي يخاف الحلف. هذا اشر كل ما عمل تحت الشمس أن حادثة واحدة للجميع وأيضاً قلب بني البشر ملأن من الشر والحماقة في قلبهم وهم أحياء وبعد ذلك يذهبون إلى الأموات.""
جامعة,9,74,"الإصحاح التاسع الآيات (1-3): ""لأن هذا كله جعلته في قلبي وامتحنت هذا كله أن الصديقين والحكماء وأعمالهم في يد الله الإنسان لا يعلم حباً ولا بغضاً الكل أمامهم. الكل على ما للكل حادثة واحدة للصديق وللشرير للصالح وللطاهر وللنجس للذابح وللذي لا يذبح كالصالح الخاطئ الحالف كالذي يخاف الحلف. هذا اشر كل ما عمل تحت الشمس أن حادثة واحدة للجميع وأيضاً قلب بني البشر ملأن من الشر والحماقة في قلبهم وهم أحياء وبعد ذلك يذهبون إلى الأموات.""
جامعة,9,75,"الإصحاح التاسع الآيات (1-3): ""لأن هذا كله جعلته في قلبي وامتحنت هذا كله أن الصديقين والحكماء وأعمالهم في يد الله الإنسان لا يعلم حباً ولا بغضاً الكل أمامهم. الكل على ما للكل حادثة واحدة للصديق وللشرير للصالح وللطاهر وللنجس للذابح وللذي لا يذبح كالصالح الخاطئ الحالف كالذي يخاف الحلف. هذا اشر كل ما عمل تحت الشمس أن حادثة واحدة للجميع وأيضاً قلب بني البشر ملأن من الشر والحماقة في قلبهم وهم أحياء وبعد ذلك يذهبون إلى الأموات.""
جامعة,9,76,"الإصحاح التاسع الآيات (1-3): ""لأن هذا كله جعلته في قلبي وامتحنت هذا كله أن الصديقين والحكماء وأعمالهم في يد الله الإنسان لا يعلم حباً ولا بغضاً الكل أمامهم. الكل على ما للكل حادثة واحدة للصديق وللشرير للصالح وللطاهر وللنجس للذابح وللذي لا يذبح كالصالح الخاطئ الحالف كالذي يخاف الحلف. هذا اشر كل ما عمل تحت الشمس أن حادثة واحدة للجميع وأيضاً قلب بني البشر ملأن من الشر والحماقة في قلبهم وهم أحياء وبعد ذلك يذهبون إلى الأموات.""
جامعة,9,77,"الإصحاح التاسع الآيات (1-3): ""لأن هذا كله جعلته في قلبي وامتحنت هذا كله أن الصديقين والحكماء وأعمالهم في يد الله الإنسان لا يعلم حباً ولا بغضاً الكل أمامهم. الكل على ما للكل حادثة واحدة للصديق وللشرير للصالح وللطاهر وللنجس للذابح وللذي لا يذبح كالصالح الخاطئ الحالف كالذي يخاف الحلف. هذا اشر كل ما عمل تحت الشمس أن حادثة واحدة للجميع وأيضاً قلب بني البشر ملأن من الشر والحماقة في قلبهم وهم أحياء وبعد ذلك يذهبون إلى الأموات.""
جامعة,9,78,"الإصحاح التاسع الآيات (1-3): ""لأن هذا كله جعلته في قلبي وامتحنت هذا كله أن الصديقين والحكماء وأعمالهم في يد الله الإنسان لا يعلم حباً ولا بغضاً الكل أمامهم. الكل على ما للكل حادثة واحدة للصديق وللشرير للصالح وللطاهر وللنجس للذابح وللذي لا يذبح كالصالح الخاطئ الحالف كالذي يخاف الحلف. هذا اشر كل ما عمل تحت الشمس أن حادثة واحدة للجميع وأيضاً قلب بني البشر ملأن من الشر والحماقة في قلبهم وهم أحياء وبعد ذلك يذهبون إلى الأموات.""
جامعة,9,79,"الإصحاح التاسع الآيات (1-3): ""لأن هذا كله جعلته في قلبي وامتحنت هذا كله أن الصديقين والحكماء وأعمالهم في يد الله الإنسان لا يعلم حباً ولا بغضاً الكل أمامهم. الكل على ما للكل حادثة واحدة للصديق وللشرير للصالح وللطاهر وللنجس للذابح وللذي لا يذبح كالصالح الخاطئ الحالف كالذي يخاف الحلف. هذا اشر كل ما عمل تحت الشمس أن حادثة واحدة للجميع وأيضاً قلب بني البشر ملأن من الشر والحماقة في قلبهم وهم أحياء وبعد ذلك يذهبون إلى الأموات.""
جامعة,9,80,"الإصحاح التاسع الآيات (1-3): ""لأن هذا كله جعلته في قلبي وامتحنت هذا كله أن الصديقين والحكماء وأعمالهم في يد الله الإنسان لا يعلم حباً ولا بغضاً الكل أمامهم. الكل على ما للكل حادثة واحدة للصديق وللشرير للصالح وللطاهر وللنجس للذابح وللذي لا يذبح كالصالح الخاطئ الحالف كالذي يخاف الحلف. هذا اشر كل ما عمل تحت الشمس أن حادثة واحدة للجميع وأيضاً قلب بني البشر ملأن من الشر والحماقة في قلبهم وهم أحياء وبعد ذلك يذهبون إلى الأموات.""
جامعة,9,81,"الإصحاح التاسع الآيات (1-3): ""لأن هذا كله جعلته في قلبي وامتحنت هذا كله أن الصديقين والحكماء وأعمالهم في يد الله الإنسان لا يعلم حباً ولا بغضاً الكل أمامهم. الكل على ما للكل حادثة واحدة للصديق وللشرير للصالح وللطاهر وللنجس للذابح وللذي لا يذبح كالصالح الخاطئ الحالف كالذي يخاف الحلف. هذا اشر كل ما عمل تحت الشمس أن حادثة واحدة للجميع وأيضاً قلب بني البشر ملأن من الشر والحماقة في قلبهم وهم أحياء وبعد ذلك يذهبون إلى الأموات.""
جامعة,9,82,"الإصحاح التاسع الآيات (1-3): ""لأن هذا كله جعلته في قلبي وامتحنت هذا كله أن الصديقين والحكماء وأعمالهم في يد الله الإنسان لا يعلم حباً ولا بغضاً الكل أمامهم. الكل على ما للكل حادثة واحدة للصديق وللشرير للصالح وللطاهر وللنجس للذابح وللذي لا يذبح كالصالح الخاطئ الحالف كالذي يخاف الحلف. هذا اشر كل ما عمل تحت الشمس أن حادثة واحدة للجميع وأيضاً قلب بني البشر ملأن من الشر والحماقة في قلبهم وهم أحياء وبعد ذلك يذهبون إلى الأموات.""
جامعة,9,83,"الإصحاح التاسع الآيات (1-3): ""لأن هذا كله جعلته في قلبي وامتحنت هذا كله أن الصديقين والحكماء وأعمالهم في يد الله الإنسان لا يعلم حباً ولا بغضاً الكل أمامهم. الكل على ما للكل حادثة واحدة للصديق وللشرير للصالح وللطاهر وللنجس للذابح وللذي لا يذبح كالصالح الخاطئ الحالف كالذي يخاف الحلف. هذا اشر كل ما عمل تحت الشمس أن حادثة واحدة للجميع وأيضاً قلب بني البشر ملأن من الشر والحماقة في قلبهم وهم أحياء وبعد ذلك يذهبون إلى الأموات.""
جامعة,9,84,"الإصحاح التاسع الآيات (1-3): ""لأن هذا كله جعلته في قلبي وامتحنت هذا كله أن الصديقين والحكماء وأعمالهم في يد الله الإنسان لا يعلم حباً ولا بغضاً الكل أمامهم. الكل على ما للكل حادثة واحدة للصديق وللشرير للصالح وللطاهر وللنجس للذابح وللذي لا يذبح كالصالح الخاطئ الحالف كالذي يخاف الحلف. هذا اشر كل ما عمل تحت الشمس أن حادثة واحدة للجميع وأيضاً قلب بني البشر ملأن من الشر والحماقة في قلبهم وهم أحياء وبعد ذلك يذهبون إلى الأموات.""
جامعة,9,85,"الإصحاح التاسع الآيات (1-3): ""لأن هذا كله جعلته في قلبي وامتحنت هذا كله أن الصديقين والحكماء وأعمالهم في يد الله الإنسان لا يعلم حباً ولا بغضاً الكل أمامهم. الكل على ما للكل حادثة واحدة للصديق وللشرير للصالح وللطاهر وللنجس للذابح وللذي لا يذبح كالصالح الخاطئ الحالف كالذي يخاف الحلف. هذا اشر كل ما عمل تحت الشمس أن حادثة واحدة للجميع وأيضاً قلب بني البشر ملأن من الشر والحماقة في قلبهم وهم أحياء وبعد ذلك يذهبون إلى الأموات.""
جامعة,9,86,"الإصحاح التاسع الآيات (1-3): ""لأن هذا كله جعلته في قلبي وامتحنت هذا كله أن الصديقين والحكماء وأعمالهم في يد الله الإنسان لا يعلم حباً ولا بغضاً الكل أمامهم. الكل على ما للكل حادثة واحدة للصديق وللشرير للصالح وللطاهر وللنجس للذابح وللذي لا يذبح كالصالح الخاطئ الحالف كالذي يخاف الحلف. هذا اشر كل ما عمل تحت الشمس أن حادثة واحدة للجميع وأيضاً قلب بني البشر ملأن من الشر والحماقة في قلبهم وهم أحياء وبعد ذلك يذهبون إلى الأموات.""
جامعة,9,87,"الإصحاح التاسع الآيات (1-3): ""لأن هذا كله جعلته في قلبي وامتحنت هذا كله أن الصديقين والحكماء وأعمالهم في يد الله الإنسان لا يعلم حباً ولا بغضاً الكل أمامهم. الكل على ما للكل حادثة واحدة للصديق وللشرير للصالح وللطاهر وللنجس للذابح وللذي لا يذبح كالصالح الخاطئ الحالف كالذي يخاف الحلف. هذا اشر كل ما عمل تحت الشمس أن حادثة واحدة للجميع وأيضاً قلب بني البشر ملأن من الشر والحماقة في قلبهم وهم أحياء وبعد ذلك يذهبون إلى الأموات.""
جامعة,9,88,"الإصحاح التاسع الآيات (1-3): ""لأن هذا كله جعلته في قلبي وامتحنت هذا كله أن الصديقين والحكماء وأعمالهم في يد الله الإنسان لا يعلم حباً ولا بغضاً الكل أمامهم. الكل على ما للكل حادثة واحدة للصديق وللشرير للصالح وللطاهر وللنجس للذابح وللذي لا يذبح كالصالح الخاطئ الحالف كالذي يخاف الحلف. هذا اشر كل ما عمل تحت الشمس أن حادثة واحدة للجميع وأيضاً قلب بني البشر ملأن من الشر والحماقة في قلبهم وهم أحياء وبعد ذلك يذهبون إلى الأموات.""
جامعة,9,89,"الإصحاح التاسع الآيات (1-3): ""لأن هذا كله جعلته في قلبي وامتحنت هذا كله أن الصديقين والحكماء وأعمالهم في يد الله الإنسان لا يعلم حباً ولا بغضاً الكل أمامهم. الكل على ما للكل حادثة واحدة للصديق وللشرير للصالح وللطاهر وللنجس للذابح وللذي لا يذبح كالصالح الخاطئ الحالف كالذي يخاف الحلف. هذا اشر كل ما عمل تحت الشمس أن حادثة واحدة للجميع وأيضاً قلب بني البشر ملأن من الشر والحماقة في قلبهم وهم أحياء وبعد ذلك يذهبون إلى الأموات.""
جامعة,9,90,"الإصحاح التاسع الآيات (1-3): ""لأن هذا كله جعلته في قلبي وامتحنت هذا كله أن الصديقين والحكماء وأعمالهم في يد الله الإنسان لا يعلم حباً ولا بغضاً الكل أمامهم. الكل على ما للكل حادثة واحدة للصديق وللشرير للصالح وللطاهر وللنجس للذابح وللذي لا يذبح كالصالح الخاطئ الحالف كالذي يخاف الحلف. هذا اشر كل ما عمل تحت الشمس أن حادثة واحدة للجميع وأيضاً قلب بني البشر ملأن من الشر والحماقة في قلبهم وهم أحياء وبعد ذلك يذهبون إلى الأموات.""
جامعة,9,91,"الإصحاح التاسع الآيات (1-3): ""لأن هذا كله جعلته في قلبي وامتحنت هذا كله أن الصديقين والحكماء وأعمالهم في يد الله الإنسان لا يعلم حباً ولا بغضاً الكل أمامهم. الكل على ما للكل حادثة واحدة للصديق وللشرير للصالح وللطاهر وللنجس للذابح وللذي لا يذبح كالصالح الخاطئ الحالف كالذي يخاف الحلف. هذا اشر كل ما عمل تحت الشمس أن حادثة واحدة للجميع وأيضاً قلب بني البشر ملأن من الشر والحماقة في قلبهم وهم أحياء وبعد ذلك يذهبون إلى الأموات.""
جامعة,9,92,"الإصحاح التاسع الآيات (1-3): ""لأن هذا كله جعلته في قلبي وامتحنت هذا كله أن الصديقين والحكماء وأعمالهم في يد الله الإنسان لا يعلم حباً ولا بغضاً الكل أمامهم. الكل على ما للكل حادثة واحدة للصديق وللشرير للصالح وللطاهر وللنجس للذابح وللذي لا يذبح كالصالح الخاطئ الحالف كالذي يخاف الحلف. هذا اشر كل ما عمل تحت الشمس أن حادثة واحدة للجميع وأيضاً قلب بني البشر ملأن من الشر والحماقة في قلبهم وهم أحياء وبعد ذلك يذهبون إلى الأموات.""
جامعة,9,93,"الإصحاح التاسع الآيات (1-3): ""لأن هذا كله جعلته في قلبي وامتحنت هذا كله أن الصديقين والحكماء وأعمالهم في يد الله الإنسان لا يعلم حباً ولا بغضاً الكل أمامهم. الكل على ما للكل حادثة واحدة للصديق وللشرير للصالح وللطاهر وللنجس للذابح وللذي لا يذبح كالصالح الخاطئ الحالف كالذي يخاف الحلف. هذا اشر كل ما عمل تحت الشمس أن حادثة واحدة للجميع وأيضاً قلب بني البشر ملأن من الشر والحماقة في قلبهم وهم أحياء وبعد ذلك يذهبون إلى الأموات.""
جامعة,9,94,"الإصحاح التاسع الآيات (1-3): ""لأن هذا كله جعلته في قلبي وامتحنت هذا كله أن الصديقين والحكماء وأعمالهم في يد الله الإنسان لا يعلم حباً ولا بغضاً الكل أمامهم. الكل على ما للكل حادثة واحدة للصديق وللشرير للصالح وللطاهر وللنجس للذابح وللذي لا يذبح كالصالح الخاطئ الحالف كالذي يخاف الحلف. هذا اشر كل ما عمل تحت الشمس أن حادثة واحدة للجميع وأيضاً قلب بني البشر ملأن من الشر والحماقة في قلبهم وهم أحياء وبعد ذلك يذهبون إلى الأموات.""
جامعة,9,95,"الإصحاح التاسع الآيات (1-3): ""لأن هذا كله جعلته في قلبي وامتحنت هذا كله أن الصديقين والحكماء وأعمالهم في يد الله الإنسان لا يعلم حباً ولا بغضاً الكل أمامهم. الكل على ما للكل حادثة واحدة للصديق وللشرير للصالح وللطاهر وللنجس للذابح وللذي لا يذبح كالصالح الخاطئ الحالف كالذي يخاف الحلف. هذا اشر كل ما عمل تحت الشمس أن حادثة واحدة للجميع وأيضاً قلب بني البشر ملأن من الشر والحماقة في قلبهم وهم أحياء وبعد ذلك يذهبون إلى الأموات.""
جامعة,9,96,"الإصحاح التاسع الآيات (1-3): ""لأن هذا كله جعلته في قلبي وامتحنت هذا كله أن الصديقين والحكماء وأعمالهم في يد الله الإنسان لا يعلم حباً ولا بغضاً الكل أمامهم. الكل على ما للكل حادثة واحدة للصديق وللشرير للصالح وللطاهر وللنجس للذابح وللذي لا يذبح كالصالح الخاطئ الحالف كالذي يخاف الحلف. هذا اشر كل ما عمل تحت الشمس أن حادثة واحدة للجميع وأيضاً قلب بني البشر ملأن من الشر والحماقة في قلبهم وهم أحياء وبعد ذلك يذهبون إلى الأموات.""
جامعة,9,97,"الإصحاح التاسع الآيات (1-3): ""لأن هذا كله جعلته في قلبي وامتحنت هذا كله أن الصديقين والحكماء وأعمالهم في يد الله الإنسان لا يعلم حباً ولا بغضاً الكل أمامهم. الكل على ما للكل حادثة واحدة للصديق وللشرير للصالح وللطاهر وللنجس للذابح وللذي لا يذبح كالصالح الخاطئ الحالف كالذي يخاف الحلف. هذا اشر كل ما عمل تحت الشمس أن حادثة واحدة للجميع وأيضاً قلب بني البشر ملأن من الشر والحماقة في قلبهم وهم أحياء وبعد ذلك يذهبون إلى الأموات.""
جامعة,9,98,"الإصحاح التاسع الآيات (1-3): ""لأن هذا كله جعلته في قلبي وامتحنت هذا كله أن الصديقين والحكماء وأعمالهم في يد الله الإنسان لا يعلم حباً ولا بغضاً الكل أمامهم. الكل على ما للكل حادثة واحدة للصديق وللشرير للصالح وللطاهر وللنجس للذابح وللذي لا يذبح كالصالح الخاطئ الحالف كالذي يخاف الحلف. هذا اشر كل ما عمل تحت الشمس أن حادثة واحدة للجميع وأيضاً قلب بني البشر ملأن من الشر والحماقة في قلبهم وهم أحياء وبعد ذلك يذهبون إلى الأموات.""
جامعة,9,99,"الإصحاح التاسع الآيات (1-3): ""لأن هذا كله جعلته في قلبي وامتحنت هذا كله أن الصديقين والحكماء وأعمالهم في يد الله الإنسان لا يعلم حباً ولا بغضاً الكل أمامهم. الكل على ما للكل حادثة واحدة للصديق وللشرير للصالح وللطاهر وللنجس للذابح وللذي لا يذبح كالصالح الخاطئ الحالف كالذي يخاف الحلف. هذا اشر كل ما عمل تحت الشمس أن حادثة واحدة للجميع وأيضاً قلب بني البشر ملأن من الشر والحماقة في قلبهم وهم أحياء وبعد ذلك يذهبون إلى الأموات.""
جامعة,10,1,"الإصحاح العاشر آية(1): ""الذباب الميت ينتن ويخمر طيب العطار جهالة قليلة اثقل من الحكمة ومن الكرامة.""
جامعة,10,2,"الإصحاح العاشر آية(1): ""الذباب الميت ينتن ويخمر طيب العطار جهالة قليلة اثقل من الحكمة ومن الكرامة.""
جامعة,10,3,"الإصحاح العاشر آية(1): ""الذباب الميت ينتن ويخمر طيب العطار جهالة قليلة اثقل من الحكمة ومن الكرامة.""
جامعة,10,4,"الإصحاح العاشر آية(1): ""الذباب الميت ينتن ويخمر طيب العطار جهالة قليلة اثقل من الحكمة ومن الكرامة.""
جامعة,10,5,"الإصحاح العاشر آية(1): ""الذباب الميت ينتن ويخمر طيب العطار جهالة قليلة اثقل من الحكمة ومن الكرامة.""
جامعة,10,6,"الإصحاح العاشر آية(1): ""الذباب الميت ينتن ويخمر طيب العطار جهالة قليلة اثقل من الحكمة ومن الكرامة.""
جامعة,10,7,"الإصحاح العاشر آية(1): ""الذباب الميت ينتن ويخمر طيب العطار جهالة قليلة اثقل من الحكمة ومن الكرامة.""
جامعة,10,8,"الإصحاح العاشر آية(1): ""الذباب الميت ينتن ويخمر طيب العطار جهالة قليلة اثقل من الحكمة ومن الكرامة.""
جامعة,10,9,"الإصحاح العاشر آية(1): ""الذباب الميت ينتن ويخمر طيب العطار جهالة قليلة اثقل من الحكمة ومن الكرامة.""
جامعة,10,10,"الإصحاح العاشر آية(1): ""الذباب الميت ينتن ويخمر طيب العطار جهالة قليلة اثقل من الحكمة ومن الكرامة.""
جامعة,10,11,"الإصحاح العاشر آية(1): ""الذباب الميت ينتن ويخمر طيب العطار جهالة قليلة اثقل من الحكمة ومن الكرامة.""
جامعة,10,12,"الإصحاح العاشر آية(1): ""الذباب الميت ينتن ويخمر طيب العطار جهالة قليلة اثقل من الحكمة ومن الكرامة.""
جامعة,10,13,"الإصحاح العاشر آية(1): ""الذباب الميت ينتن ويخمر طيب العطار جهالة قليلة اثقل من الحكمة ومن الكرامة.""
جامعة,10,14,"الإصحاح العاشر آية(1): ""الذباب الميت ينتن ويخمر طيب العطار جهالة قليلة اثقل من الحكمة ومن الكرامة.""
جامعة,10,15,"الإصحاح العاشر آية(1): ""الذباب الميت ينتن ويخمر طيب العطار جهالة قليلة اثقل من الحكمة ومن الكرامة.""
جامعة,10,16,"الإصحاح العاشر آية(1): ""الذباب الميت ينتن ويخمر طيب العطار جهالة قليلة اثقل من الحكمة ومن الكرامة.""
جامعة,10,17,"الإصحاح العاشر آية(1): ""الذباب الميت ينتن ويخمر طيب العطار جهالة قليلة اثقل من الحكمة ومن الكرامة.""
جامعة,10,18,"الإصحاح العاشر آية(1): ""الذباب الميت ينتن ويخمر طيب العطار جهالة قليلة اثقل من الحكمة ومن الكرامة.""
جامعة,10,19,"الإصحاح العاشر آية(1): ""الذباب الميت ينتن ويخمر طيب العطار جهالة قليلة اثقل من الحكمة ومن الكرامة.""
جامعة,10,20,"الإصحاح العاشر آية(1): ""الذباب الميت ينتن ويخمر طيب العطار جهالة قليلة اثقل من الحكمة ومن الكرامة.""
جامعة,10,21,"الإصحاح العاشر آية(1): ""الذباب الميت ينتن ويخمر طيب العطار جهالة قليلة اثقل من الحكمة ومن الكرامة.""
جامعة,10,22,"الإصحاح العاشر آية(1): ""الذباب الميت ينتن ويخمر طيب العطار جهالة قليلة اثقل من الحكمة ومن الكرامة.""
جامعة,10,23,"الإصحاح العاشر آية(1): ""الذباب الميت ينتن ويخمر طيب العطار جهالة قليلة اثقل من الحكمة ومن الكرامة.""
جامعة,10,24,"الإصحاح العاشر آية(1): ""الذباب الميت ينتن ويخمر طيب العطار جهالة قليلة اثقل من الحكمة ومن الكرامة.""
جامعة,10,25,"الإصحاح العاشر آية(1): ""الذباب الميت ينتن ويخمر طيب العطار جهالة قليلة اثقل من الحكمة ومن الكرامة.""
جامعة,10,26,"الإصحاح العاشر آية(1): ""الذباب الميت ينتن ويخمر طيب العطار جهالة قليلة اثقل من الحكمة ومن الكرامة.""
جامعة,10,27,"الإصحاح العاشر آية(1): ""الذباب الميت ينتن ويخمر طيب العطار جهالة قليلة اثقل من الحكمة ومن الكرامة.""
جامعة,10,28,"الإصحاح العاشر آية(1): ""الذباب الميت ينتن ويخمر طيب العطار جهالة قليلة اثقل من الحكمة ومن الكرامة.""
جامعة,10,29,"الإصحاح العاشر آية(1): ""الذباب الميت ينتن ويخمر طيب العطار جهالة قليلة اثقل من الحكمة ومن الكرامة.""
جامعة,10,30,"الإصحاح العاشر آية(1): ""الذباب الميت ينتن ويخمر طيب العطار جهالة قليلة اثقل من الحكمة ومن الكرامة.""
جامعة,10,31,"الإصحاح العاشر آية(1): ""الذباب الميت ينتن ويخمر طيب العطار جهالة قليلة اثقل من الحكمة ومن الكرامة.""
جامعة,10,32,"الإصحاح العاشر آية(1): ""الذباب الميت ينتن ويخمر طيب العطار جهالة قليلة اثقل من الحكمة ومن الكرامة.""
جامعة,10,33,"الإصحاح العاشر آية(1): ""الذباب الميت ينتن ويخمر طيب العطار جهالة قليلة اثقل من الحكمة ومن الكرامة.""
جامعة,10,34,"الإصحاح العاشر آية(1): ""الذباب الميت ينتن ويخمر طيب العطار جهالة قليلة اثقل من الحكمة ومن الكرامة.""
جامعة,10,35,"الإصحاح العاشر آية(1): ""الذباب الميت ينتن ويخمر طيب العطار جهالة قليلة اثقل من الحكمة ومن الكرامة.""
جامعة,10,36,"الإصحاح العاشر آية(1): ""الذباب الميت ينتن ويخمر طيب العطار جهالة قليلة اثقل من الحكمة ومن الكرامة.""
جامعة,10,37,"الإصحاح العاشر آية(1): ""الذباب الميت ينتن ويخمر طيب العطار جهالة قليلة اثقل من الحكمة ومن الكرامة.""
جامعة,10,38,"الإصحاح العاشر آية(1): ""الذباب الميت ينتن ويخمر طيب العطار جهالة قليلة اثقل من الحكمة ومن الكرامة.""
جامعة,10,39,"الإصحاح العاشر آية(1): ""الذباب الميت ينتن ويخمر طيب العطار جهالة قليلة اثقل من الحكمة ومن الكرامة.""
جامعة,10,40,"الإصحاح العاشر آية(1): ""الذباب الميت ينتن ويخمر طيب العطار جهالة قليلة اثقل من الحكمة ومن الكرامة.""
جامعة,10,41,"الإصحاح العاشر آية(1): ""الذباب الميت ينتن ويخمر طيب العطار جهالة قليلة اثقل من الحكمة ومن الكرامة.""
جامعة,10,42,"الإصحاح العاشر آية(1): ""الذباب الميت ينتن ويخمر طيب العطار جهالة قليلة اثقل من الحكمة ومن الكرامة.""
جامعة,10,43,"الإصحاح العاشر آية(1): ""الذباب الميت ينتن ويخمر طيب العطار جهالة قليلة اثقل من الحكمة ومن الكرامة.""
جامعة,10,44,"الإصحاح العاشر آية(1): ""الذباب الميت ينتن ويخمر طيب العطار جهالة قليلة اثقل من الحكمة ومن الكرامة.""
جامعة,10,45,"الإصحاح العاشر آية(1): ""الذباب الميت ينتن ويخمر طيب العطار جهالة قليلة اثقل من الحكمة ومن الكرامة.""
جامعة,10,46,"الإصحاح العاشر آية(1): ""الذباب الميت ينتن ويخمر طيب العطار جهالة قليلة اثقل من الحكمة ومن الكرامة.""
جامعة,10,47,"الإصحاح العاشر آية(1): ""الذباب الميت ينتن ويخمر طيب العطار جهالة قليلة اثقل من الحكمة ومن الكرامة.""
جامعة,10,48,"الإصحاح العاشر آية(1): ""الذباب الميت ينتن ويخمر طيب العطار جهالة قليلة اثقل من الحكمة ومن الكرامة.""
جامعة,10,49,"الإصحاح العاشر آية(1): ""الذباب الميت ينتن ويخمر طيب العطار جهالة قليلة اثقل من الحكمة ومن الكرامة.""
جامعة,10,50,"الإصحاح العاشر آية(1): ""الذباب الميت ينتن ويخمر طيب العطار جهالة قليلة اثقل من الحكمة ومن الكرامة.""
جامعة,10,51,"الإصحاح العاشر آية(1): ""الذباب الميت ينتن ويخمر طيب العطار جهالة قليلة اثقل من الحكمة ومن الكرامة.""
جامعة,10,52,"الإصحاح العاشر آية(1): ""الذباب الميت ينتن ويخمر طيب العطار جهالة قليلة اثقل من الحكمة ومن الكرامة.""
جامعة,10,53,"الإصحاح العاشر آية(1): ""الذباب الميت ينتن ويخمر طيب العطار جهالة قليلة اثقل من الحكمة ومن الكرامة.""
جامعة,10,54,"الإصحاح العاشر آية(1): ""الذباب الميت ينتن ويخمر طيب العطار جهالة قليلة اثقل من الحكمة ومن الكرامة.""
جامعة,10,55,"الإصحاح العاشر آية(1): ""الذباب الميت ينتن ويخمر طيب العطار جهالة قليلة اثقل من الحكمة ومن الكرامة.""
جامعة,10,56,"الإصحاح العاشر آية(1): ""الذباب الميت ينتن ويخمر طيب العطار جهالة قليلة اثقل من الحكمة ومن الكرامة.""
جامعة,10,57,"الإصحاح العاشر آية(1): ""الذباب الميت ينتن ويخمر طيب العطار جهالة قليلة اثقل من الحكمة ومن الكرامة.""
جامعة,10,58,"الإصحاح العاشر آية(1): ""الذباب الميت ينتن ويخمر طيب العطار جهالة قليلة اثقل من الحكمة ومن الكرامة.""
جامعة,10,59,"الإصحاح العاشر آية(1): ""الذباب الميت ينتن ويخمر طيب العطار جهالة قليلة اثقل من الحكمة ومن الكرامة.""
جامعة,10,60,"الإصحاح العاشر آية(1): ""الذباب الميت ينتن ويخمر طيب العطار جهالة قليلة اثقل من الحكمة ومن الكرامة.""
جامعة,10,61,"الإصحاح العاشر آية(1): ""الذباب الميت ينتن ويخمر طيب العطار جهالة قليلة اثقل من الحكمة ومن الكرامة.""
جامعة,10,62,"الإصحاح العاشر آية(1): ""الذباب الميت ينتن ويخمر طيب العطار جهالة قليلة اثقل من الحكمة ومن الكرامة.""
جامعة,10,63,"الإصحاح العاشر آية(1): ""الذباب الميت ينتن ويخمر طيب العطار جهالة قليلة اثقل من الحكمة ومن الكرامة.""
جامعة,10,64,"الإصحاح العاشر آية(1): ""الذباب الميت ينتن ويخمر طيب العطار جهالة قليلة اثقل من الحكمة ومن الكرامة.""
جامعة,10,65,"الإصحاح العاشر آية(1): ""الذباب الميت ينتن ويخمر طيب العطار جهالة قليلة اثقل من الحكمة ومن الكرامة.""
جامعة,10,66,"الإصحاح العاشر آية(1): ""الذباب الميت ينتن ويخمر طيب العطار جهالة قليلة اثقل من الحكمة ومن الكرامة.""
جامعة,10,67,"الإصحاح العاشر آية(1): ""الذباب الميت ينتن ويخمر طيب العطار جهالة قليلة اثقل من الحكمة ومن الكرامة.""
جامعة,10,68,"الإصحاح العاشر آية(1): ""الذباب الميت ينتن ويخمر طيب العطار جهالة قليلة اثقل من الحكمة ومن الكرامة.""
جامعة,10,69,"الإصحاح العاشر آية(1): ""الذباب الميت ينتن ويخمر طيب العطار جهالة قليلة اثقل من الحكمة ومن الكرامة.""
جامعة,10,70,"الإصحاح العاشر آية(1): ""الذباب الميت ينتن ويخمر طيب العطار جهالة قليلة اثقل من الحكمة ومن الكرامة.""
جامعة,10,71,"الإصحاح العاشر آية(1): ""الذباب الميت ينتن ويخمر طيب العطار جهالة قليلة اثقل من الحكمة ومن الكرامة.""
جامعة,10,72,"الإصحاح العاشر آية(1): ""الذباب الميت ينتن ويخمر طيب العطار جهالة قليلة اثقل من الحكمة ومن الكرامة.""
جامعة,10,73,"الإصحاح العاشر آية(1): ""الذباب الميت ينتن ويخمر طيب العطار جهالة قليلة اثقل من الحكمة ومن الكرامة.""
جامعة,10,74,"الإصحاح العاشر آية(1): ""الذباب الميت ينتن ويخمر طيب العطار جهالة قليلة اثقل من الحكمة ومن الكرامة.""
جامعة,10,75,"الإصحاح العاشر آية(1): ""الذباب الميت ينتن ويخمر طيب العطار جهالة قليلة اثقل من الحكمة ومن الكرامة.""
جامعة,10,76,"الإصحاح العاشر آية(1): ""الذباب الميت ينتن ويخمر طيب العطار جهالة قليلة اثقل من الحكمة ومن الكرامة.""
جامعة,10,77,"الإصحاح العاشر آية(1): ""الذباب الميت ينتن ويخمر طيب العطار جهالة قليلة اثقل من الحكمة ومن الكرامة.""
جامعة,10,78,"الإصحاح العاشر آية(1): ""الذباب الميت ينتن ويخمر طيب العطار جهالة قليلة اثقل من الحكمة ومن الكرامة.""
جامعة,10,79,"الإصحاح العاشر آية(1): ""الذباب الميت ينتن ويخمر طيب العطار جهالة قليلة اثقل من الحكمة ومن الكرامة.""
جامعة,10,80,"الإصحاح العاشر آية(1): ""الذباب الميت ينتن ويخمر طيب العطار جهالة قليلة اثقل من الحكمة ومن الكرامة.""
جامعة,10,81,"الإصحاح العاشر آية(1): ""الذباب الميت ينتن ويخمر طيب العطار جهالة قليلة اثقل من الحكمة ومن الكرامة.""
جامعة,10,82,"الإصحاح العاشر آية(1): ""الذباب الميت ينتن ويخمر طيب العطار جهالة قليلة اثقل من الحكمة ومن الكرامة.""
جامعة,10,83,"الإصحاح العاشر آية(1): ""الذباب الميت ينتن ويخمر طيب العطار جهالة قليلة اثقل من الحكمة ومن الكرامة.""
جامعة,10,84,"الإصحاح العاشر آية(1): ""الذباب الميت ينتن ويخمر طيب العطار جهالة قليلة اثقل من الحكمة ومن الكرامة.""
جامعة,10,85,"الإصحاح العاشر آية(1): ""الذباب الميت ينتن ويخمر طيب العطار جهالة قليلة اثقل من الحكمة ومن الكرامة.""
جامعة,10,86,"الإصحاح العاشر آية(1): ""الذباب الميت ينتن ويخمر طيب العطار جهالة قليلة اثقل من الحكمة ومن الكرامة.""
جامعة,10,87,"الإصحاح العاشر آية(1): ""الذباب الميت ينتن ويخمر طيب العطار جهالة قليلة اثقل من الحكمة ومن الكرامة.""
جامعة,10,88,"الإصحاح العاشر آية(1): ""الذباب الميت ينتن ويخمر طيب العطار جهالة قليلة اثقل من الحكمة ومن الكرامة.""
جامعة,10,89,"الإصحاح العاشر آية(1): ""الذباب الميت ينتن ويخمر طيب العطار جهالة قليلة اثقل من الحكمة ومن الكرامة.""
جامعة,10,90,"الإصحاح العاشر آية(1): ""الذباب الميت ينتن ويخمر طيب العطار جهالة قليلة اثقل من الحكمة ومن الكرامة.""
جامعة,10,91,"الإصحاح العاشر آية(1): ""الذباب الميت ينتن ويخمر طيب العطار جهالة قليلة اثقل من الحكمة ومن الكرامة.""
جامعة,10,92,"الإصحاح العاشر آية(1): ""الذباب الميت ينتن ويخمر طيب العطار جهالة قليلة اثقل من الحكمة ومن الكرامة.""
جامعة,10,93,"الإصحاح العاشر آية(1): ""الذباب الميت ينتن ويخمر طيب العطار جهالة قليلة اثقل من الحكمة ومن الكرامة.""
جامعة,10,94,"الإصحاح العاشر آية(1): ""الذباب الميت ينتن ويخمر طيب العطار جهالة قليلة اثقل من الحكمة ومن الكرامة.""
جامعة,10,95,"الإصحاح العاشر آية(1): ""الذباب الميت ينتن ويخمر طيب العطار جهالة قليلة اثقل من الحكمة ومن الكرامة.""
جامعة,10,96,"الإصحاح العاشر آية(1): ""الذباب الميت ينتن ويخمر طيب العطار جهالة قليلة اثقل من الحكمة ومن الكرامة.""
جامعة,10,97,"الإصحاح العاشر آية(1): ""الذباب الميت ينتن ويخمر طيب العطار جهالة قليلة اثقل من الحكمة ومن الكرامة.""
جامعة,10,98,"الإصحاح العاشر آية(1): ""الذباب الميت ينتن ويخمر طيب العطار جهالة قليلة اثقل من الحكمة ومن الكرامة.""
جامعة,10,99,"الإصحاح العاشر آية(1): ""الذباب الميت ينتن ويخمر طيب العطار جهالة قليلة اثقل من الحكمة ومن الكرامة.""
جامعة,11,1,"الإصحاح الحادي عشر آية(1): ""ارم خبزك على وجه المياه فانك تجده بعد أيام كثيرة.""
جامعة,11,2,"الإصحاح الحادي عشر آية(1): ""ارم خبزك على وجه المياه فانك تجده بعد أيام كثيرة.""
جامعة,11,3,"الإصحاح الحادي عشر آية(1): ""ارم خبزك على وجه المياه فانك تجده بعد أيام كثيرة.""
جامعة,11,4,"الإصحاح الحادي عشر آية(1): ""ارم خبزك على وجه المياه فانك تجده بعد أيام كثيرة.""
جامعة,11,5,"الإصحاح الحادي عشر آية(1): ""ارم خبزك على وجه المياه فانك تجده بعد أيام كثيرة.""
جامعة,11,6,"الإصحاح الحادي عشر آية(1): ""ارم خبزك على وجه المياه فانك تجده بعد أيام كثيرة.""
جامعة,11,7,"الإصحاح الحادي عشر آية(1): ""ارم خبزك على وجه المياه فانك تجده بعد أيام كثيرة.""
جامعة,11,8,"الإصحاح الحادي عشر آية(1): ""ارم خبزك على وجه المياه فانك تجده بعد أيام كثيرة.""
جامعة,11,9,"الإصحاح الحادي عشر آية(1): ""ارم خبزك على وجه المياه فانك تجده بعد أيام كثيرة.""
جامعة,11,10,"الإصحاح الحادي عشر آية(1): ""ارم خبزك على وجه المياه فانك تجده بعد أيام كثيرة.""
جامعة,11,11,"الإصحاح الحادي عشر آية(1): ""ارم خبزك على وجه المياه فانك تجده بعد أيام كثيرة.""
جامعة,11,12,"الإصحاح الحادي عشر آية(1): ""ارم خبزك على وجه المياه فانك تجده بعد أيام كثيرة.""
جامعة,11,13,"الإصحاح الحادي عشر آية(1): ""ارم خبزك على وجه المياه فانك تجده بعد أيام كثيرة.""
جامعة,11,14,"الإصحاح الحادي عشر آية(1): ""ارم خبزك على وجه المياه فانك تجده بعد أيام كثيرة.""
جامعة,11,15,"الإصحاح الحادي عشر آية(1): ""ارم خبزك على وجه المياه فانك تجده بعد أيام كثيرة.""
جامعة,11,16,"الإصحاح الحادي عشر آية(1): ""ارم خبزك على وجه المياه فانك تجده بعد أيام كثيرة.""
جامعة,11,17,"الإصحاح الحادي عشر آية(1): ""ارم خبزك على وجه المياه فانك تجده بعد أيام كثيرة.""
جامعة,11,18,"الإصحاح الحادي عشر آية(1): ""ارم خبزك على وجه المياه فانك تجده بعد أيام كثيرة.""
جامعة,11,19,"الإصحاح الحادي عشر آية(1): ""ارم خبزك على وجه المياه فانك تجده بعد أيام كثيرة.""
جامعة,11,20,"الإصحاح الحادي عشر آية(1): ""ارم خبزك على وجه المياه فانك تجده بعد أيام كثيرة.""
جامعة,11,21,"الإصحاح الحادي عشر آية(1): ""ارم خبزك على وجه المياه فانك تجده بعد أيام كثيرة.""
جامعة,11,22,"الإصحاح الحادي عشر آية(1): ""ارم خبزك على وجه المياه فانك تجده بعد أيام كثيرة.""
جامعة,11,23,"الإصحاح الحادي عشر آية(1): ""ارم خبزك على وجه المياه فانك تجده بعد أيام كثيرة.""
جامعة,11,24,"الإصحاح الحادي عشر آية(1): ""ارم خبزك على وجه المياه فانك تجده بعد أيام كثيرة.""
جامعة,11,25,"الإصحاح الحادي عشر آية(1): ""ارم خبزك على وجه المياه فانك تجده بعد أيام كثيرة.""
جامعة,11,26,"الإصحاح الحادي عشر آية(1): ""ارم خبزك على وجه المياه فانك تجده بعد أيام كثيرة.""
جامعة,11,27,"الإصحاح الحادي عشر آية(1): ""ارم خبزك على وجه المياه فانك تجده بعد أيام كثيرة.""
جامعة,11,28,"الإصحاح الحادي عشر آية(1): ""ارم خبزك على وجه المياه فانك تجده بعد أيام كثيرة.""
جامعة,11,29,"الإصحاح الحادي عشر آية(1): ""ارم خبزك على وجه المياه فانك تجده بعد أيام كثيرة.""
جامعة,11,30,"الإصحاح الحادي عشر آية(1): ""ارم خبزك على وجه المياه فانك تجده بعد أيام كثيرة.""
جامعة,11,31,"الإصحاح الحادي عشر آية(1): ""ارم خبزك على وجه المياه فانك تجده بعد أيام كثيرة.""
جامعة,11,32,"الإصحاح الحادي عشر آية(1): ""ارم خبزك على وجه المياه فانك تجده بعد أيام كثيرة.""
جامعة,11,33,"الإصحاح الحادي عشر آية(1): ""ارم خبزك على وجه المياه فانك تجده بعد أيام كثيرة.""
جامعة,11,34,"الإصحاح الحادي عشر آية(1): ""ارم خبزك على وجه المياه فانك تجده بعد أيام كثيرة.""
جامعة,11,35,"الإصحاح الحادي عشر آية(1): ""ارم خبزك على وجه المياه فانك تجده بعد أيام كثيرة.""
جامعة,11,36,"الإصحاح الحادي عشر آية(1): ""ارم خبزك على وجه المياه فانك تجده بعد أيام كثيرة.""
جامعة,11,37,"الإصحاح الحادي عشر آية(1): ""ارم خبزك على وجه المياه فانك تجده بعد أيام كثيرة.""
جامعة,11,38,"الإصحاح الحادي عشر آية(1): ""ارم خبزك على وجه المياه فانك تجده بعد أيام كثيرة.""
جامعة,11,39,"الإصحاح الحادي عشر آية(1): ""ارم خبزك على وجه المياه فانك تجده بعد أيام كثيرة.""
جامعة,11,40,"الإصحاح الحادي عشر آية(1): ""ارم خبزك على وجه المياه فانك تجده بعد أيام كثيرة.""
جامعة,11,41,"الإصحاح الحادي عشر آية(1): ""ارم خبزك على وجه المياه فانك تجده بعد أيام كثيرة.""
جامعة,11,42,"الإصحاح الحادي عشر آية(1): ""ارم خبزك على وجه المياه فانك تجده بعد أيام كثيرة.""
جامعة,11,43,"الإصحاح الحادي عشر آية(1): ""ارم خبزك على وجه المياه فانك تجده بعد أيام كثيرة.""
جامعة,11,44,"الإصحاح الحادي عشر آية(1): ""ارم خبزك على وجه المياه فانك تجده بعد أيام كثيرة.""
جامعة,11,45,"الإصحاح الحادي عشر آية(1): ""ارم خبزك على وجه المياه فانك تجده بعد أيام كثيرة.""
جامعة,11,46,"الإصحاح الحادي عشر آية(1): ""ارم خبزك على وجه المياه فانك تجده بعد أيام كثيرة.""
جامعة,11,47,"الإصحاح الحادي عشر آية(1): ""ارم خبزك على وجه المياه فانك تجده بعد أيام كثيرة.""
جامعة,11,48,"الإصحاح الحادي عشر آية(1): ""ارم خبزك على وجه المياه فانك تجده بعد أيام كثيرة.""
جامعة,11,49,"الإصحاح الحادي عشر آية(1): ""ارم خبزك على وجه المياه فانك تجده بعد أيام كثيرة.""
جامعة,11,50,"الإصحاح الحادي عشر آية(1): ""ارم خبزك على وجه المياه فانك تجده بعد أيام كثيرة.""
جامعة,11,51,"الإصحاح الحادي عشر آية(1): ""ارم خبزك على وجه المياه فانك تجده بعد أيام كثيرة.""
جامعة,11,52,"الإصحاح الحادي عشر آية(1): ""ارم خبزك على وجه المياه فانك تجده بعد أيام كثيرة.""
جامعة,11,53,"الإصحاح الحادي عشر آية(1): ""ارم خبزك على وجه المياه فانك تجده بعد أيام كثيرة.""
جامعة,11,54,"الإصحاح الحادي عشر آية(1): ""ارم خبزك على وجه المياه فانك تجده بعد أيام كثيرة.""
جامعة,11,55,"الإصحاح الحادي عشر آية(1): ""ارم خبزك على وجه المياه فانك تجده بعد أيام كثيرة.""
جامعة,11,56,"الإصحاح الحادي عشر آية(1): ""ارم خبزك على وجه المياه فانك تجده بعد أيام كثيرة.""
جامعة,11,57,"الإصحاح الحادي عشر آية(1): ""ارم خبزك على وجه المياه فانك تجده بعد أيام كثيرة.""
جامعة,11,58,"الإصحاح الحادي عشر آية(1): ""ارم خبزك على وجه المياه فانك تجده بعد أيام كثيرة.""
جامعة,11,59,"الإصحاح الحادي عشر آية(1): ""ارم خبزك على وجه المياه فانك تجده بعد أيام كثيرة.""
جامعة,11,60,"الإصحاح الحادي عشر آية(1): ""ارم خبزك على وجه المياه فانك تجده بعد أيام كثيرة.""
جامعة,11,61,"الإصحاح الحادي عشر آية(1): ""ارم خبزك على وجه المياه فانك تجده بعد أيام كثيرة.""
جامعة,11,62,"الإصحاح الحادي عشر آية(1): ""ارم خبزك على وجه المياه فانك تجده بعد أيام كثيرة.""
جامعة,11,63,"الإصحاح الحادي عشر آية(1): ""ارم خبزك على وجه المياه فانك تجده بعد أيام كثيرة.""
جامعة,11,64,"الإصحاح الحادي عشر آية(1): ""ارم خبزك على وجه المياه فانك تجده بعد أيام كثيرة.""
جامعة,11,65,"الإصحاح الحادي عشر آية(1): ""ارم خبزك على وجه المياه فانك تجده بعد أيام كثيرة.""
جامعة,11,66,"الإصحاح الحادي عشر آية(1): ""ارم خبزك على وجه المياه فانك تجده بعد أيام كثيرة.""
جامعة,11,67,"الإصحاح الحادي عشر آية(1): ""ارم خبزك على وجه المياه فانك تجده بعد أيام كثيرة.""
جامعة,11,68,"الإصحاح الحادي عشر آية(1): ""ارم خبزك على وجه المياه فانك تجده بعد أيام كثيرة.""
جامعة,11,69,"الإصحاح الحادي عشر آية(1): ""ارم خبزك على وجه المياه فانك تجده بعد أيام كثيرة.""
جامعة,11,70,"الإصحاح الحادي عشر آية(1): ""ارم خبزك على وجه المياه فانك تجده بعد أيام كثيرة.""
جامعة,11,71,"الإصحاح الحادي عشر آية(1): ""ارم خبزك على وجه المياه فانك تجده بعد أيام كثيرة.""
جامعة,11,72,"الإصحاح الحادي عشر آية(1): ""ارم خبزك على وجه المياه فانك تجده بعد أيام كثيرة.""
جامعة,11,73,"الإصحاح الحادي عشر آية(1): ""ارم خبزك على وجه المياه فانك تجده بعد أيام كثيرة.""
جامعة,11,74,"الإصحاح الحادي عشر آية(1): ""ارم خبزك على وجه المياه فانك تجده بعد أيام كثيرة.""
جامعة,11,75,"الإصحاح الحادي عشر آية(1): ""ارم خبزك على وجه المياه فانك تجده بعد أيام كثيرة.""
جامعة,11,76,"الإصحاح الحادي عشر آية(1): ""ارم خبزك على وجه المياه فانك تجده بعد أيام كثيرة.""
جامعة,11,77,"الإصحاح الحادي عشر آية(1): ""ارم خبزك على وجه المياه فانك تجده بعد أيام كثيرة.""
جامعة,11,78,"الإصحاح الحادي عشر آية(1): ""ارم خبزك على وجه المياه فانك تجده بعد أيام كثيرة.""
جامعة,11,79,"الإصحاح الحادي عشر آية(1): ""ارم خبزك على وجه المياه فانك تجده بعد أيام كثيرة.""
جامعة,11,80,"الإصحاح الحادي عشر آية(1): ""ارم خبزك على وجه المياه فانك تجده بعد أيام كثيرة.""
جامعة,11,81,"الإصحاح الحادي عشر آية(1): ""ارم خبزك على وجه المياه فانك تجده بعد أيام كثيرة.""
جامعة,11,82,"الإصحاح الحادي عشر آية(1): ""ارم خبزك على وجه المياه فانك تجده بعد أيام كثيرة.""
جامعة,11,83,"الإصحاح الحادي عشر آية(1): ""ارم خبزك على وجه المياه فانك تجده بعد أيام كثيرة.""
جامعة,11,84,"الإصحاح الحادي عشر آية(1): ""ارم خبزك على وجه المياه فانك تجده بعد أيام كثيرة.""
جامعة,11,85,"الإصحاح الحادي عشر آية(1): ""ارم خبزك على وجه المياه فانك تجده بعد أيام كثيرة.""
جامعة,11,86,"الإصحاح الحادي عشر آية(1): ""ارم خبزك على وجه المياه فانك تجده بعد أيام كثيرة.""
جامعة,11,87,"الإصحاح الحادي عشر آية(1): ""ارم خبزك على وجه المياه فانك تجده بعد أيام كثيرة.""
جامعة,11,88,"الإصحاح الحادي عشر آية(1): ""ارم خبزك على وجه المياه فانك تجده بعد أيام كثيرة.""
جامعة,11,89,"الإصحاح الحادي عشر آية(1): ""ارم خبزك على وجه المياه فانك تجده بعد أيام كثيرة.""
جامعة,11,90,"الإصحاح الحادي عشر آية(1): ""ارم خبزك على وجه المياه فانك تجده بعد أيام كثيرة.""
جامعة,11,91,"الإصحاح الحادي عشر آية(1): ""ارم خبزك على وجه المياه فانك تجده بعد أيام كثيرة.""
جامعة,11,92,"الإصحاح الحادي عشر آية(1): ""ارم خبزك على وجه المياه فانك تجده بعد أيام كثيرة.""
جامعة,11,93,"الإصحاح الحادي عشر آية(1): ""ارم خبزك على وجه المياه فانك تجده بعد أيام كثيرة.""
جامعة,11,94,"الإصحاح الحادي عشر آية(1): ""ارم خبزك على وجه المياه فانك تجده بعد أيام كثيرة.""
جامعة,11,95,"الإصحاح الحادي عشر آية(1): ""ارم خبزك على وجه المياه فانك تجده بعد أيام كثيرة.""
جامعة,11,96,"الإصحاح الحادي عشر آية(1): ""ارم خبزك على وجه المياه فانك تجده بعد أيام كثيرة.""
جامعة,11,97,"الإصحاح الحادي عشر آية(1): ""ارم خبزك على وجه المياه فانك تجده بعد أيام كثيرة.""
جامعة,11,98,"الإصحاح الحادي عشر آية(1): ""ارم خبزك على وجه المياه فانك تجده بعد أيام كثيرة.""
جامعة,11,99,"الإصحاح الحادي عشر آية(1): ""ارم خبزك على وجه المياه فانك تجده بعد أيام كثيرة.""
جامعة,12,1,"الإصحاح الثاني عشر آية(1): ""فاذكر خالقك في أيام شبابك قبل أن تأتى أيام الشر أو تجيء السنون إذ تقول ليس لي فيها سرور.""
جامعة,12,2,"الإصحاح الثاني عشر آية(1): ""فاذكر خالقك في أيام شبابك قبل أن تأتى أيام الشر أو تجيء السنون إذ تقول ليس لي فيها سرور.""
جامعة,12,3,"الإصحاح الثاني عشر آية(1): ""فاذكر خالقك في أيام شبابك قبل أن تأتى أيام الشر أو تجيء السنون إذ تقول ليس لي فيها سرور.""
جامعة,12,4,"الإصحاح الثاني عشر آية(1): ""فاذكر خالقك في أيام شبابك قبل أن تأتى أيام الشر أو تجيء السنون إذ تقول ليس لي فيها سرور.""
جامعة,12,5,"الإصحاح الثاني عشر آية(1): ""فاذكر خالقك في أيام شبابك قبل أن تأتى أيام الشر أو تجيء السنون إذ تقول ليس لي فيها سرور.""
جامعة,12,6,"الإصحاح الثاني عشر آية(1): ""فاذكر خالقك في أيام شبابك قبل أن تأتى أيام الشر أو تجيء السنون إذ تقول ليس لي فيها سرور.""
جامعة,12,7,"الإصحاح الثاني عشر آية(1): ""فاذكر خالقك في أيام شبابك قبل أن تأتى أيام الشر أو تجيء السنون إذ تقول ليس لي فيها سرور.""
جامعة,12,8,"الإصحاح الثاني عشر آية(1): ""فاذكر خالقك في أيام شبابك قبل أن تأتى أيام الشر أو تجيء السنون إذ تقول ليس لي فيها سرور.""
جامعة,12,9,"الإصحاح الثاني عشر آية(1): ""فاذكر خالقك في أيام شبابك قبل أن تأتى أيام الشر أو تجيء السنون إذ تقول ليس لي فيها سرور.""
جامعة,12,10,"الإصحاح الثاني عشر آية(1): ""فاذكر خالقك في أيام شبابك قبل أن تأتى أيام الشر أو تجيء السنون إذ تقول ليس لي فيها سرور.""
جامعة,12,11,"الإصحاح الثاني عشر آية(1): ""فاذكر خالقك في أيام شبابك قبل أن تأتى أيام الشر أو تجيء السنون إذ تقول ليس لي فيها سرور.""
جامعة,12,12,"الإصحاح الثاني عشر آية(1): ""فاذكر خالقك في أيام شبابك قبل أن تأتى أيام الشر أو تجيء السنون إذ تقول ليس لي فيها سرور.""
جامعة,12,13,"الإصحاح الثاني عشر آية(1): ""فاذكر خالقك في أيام شبابك قبل أن تأتى أيام الشر أو تجيء السنون إذ تقول ليس لي فيها سرور.""
جامعة,12,14,"الإصحاح الثاني عشر آية(1): ""فاذكر خالقك في أيام شبابك قبل أن تأتى أيام الشر أو تجيء السنون إذ تقول ليس لي فيها سرور.""
جامعة,12,15,"الإصحاح الثاني عشر آية(1): ""فاذكر خالقك في أيام شبابك قبل أن تأتى أيام الشر أو تجيء السنون إذ تقول ليس لي فيها سرور.""
جامعة,12,16,"الإصحاح الثاني عشر آية(1): ""فاذكر خالقك في أيام شبابك قبل أن تأتى أيام الشر أو تجيء السنون إذ تقول ليس لي فيها سرور.""
جامعة,12,17,"الإصحاح الثاني عشر آية(1): ""فاذكر خالقك في أيام شبابك قبل أن تأتى أيام الشر أو تجيء السنون إذ تقول ليس لي فيها سرور.""
جامعة,12,18,"الإصحاح الثاني عشر آية(1): ""فاذكر خالقك في أيام شبابك قبل أن تأتى أيام الشر أو تجيء السنون إذ تقول ليس لي فيها سرور.""
جامعة,12,19,"الإصحاح الثاني عشر آية(1): ""فاذكر خالقك في أيام شبابك قبل أن تأتى أيام الشر أو تجيء السنون إذ تقول ليس لي فيها سرور.""
جامعة,12,20,"الإصحاح الثاني عشر آية(1): ""فاذكر خالقك في أيام شبابك قبل أن تأتى أيام الشر أو تجيء السنون إذ تقول ليس لي فيها سرور.""
جامعة,12,21,"الإصحاح الثاني عشر آية(1): ""فاذكر خالقك في أيام شبابك قبل أن تأتى أيام الشر أو تجيء السنون إذ تقول ليس لي فيها سرور.""
جامعة,12,22,"الإصحاح الثاني عشر آية(1): ""فاذكر خالقك في أيام شبابك قبل أن تأتى أيام الشر أو تجيء السنون إذ تقول ليس لي فيها سرور.""
جامعة,12,23,"الإصحاح الثاني عشر آية(1): ""فاذكر خالقك في أيام شبابك قبل أن تأتى أيام الشر أو تجيء السنون إذ تقول ليس لي فيها سرور.""
جامعة,12,24,"الإصحاح الثاني عشر آية(1): ""فاذكر خالقك في أيام شبابك قبل أن تأتى أيام الشر أو تجيء السنون إذ تقول ليس لي فيها سرور.""
جامعة,12,25,"الإصحاح الثاني عشر آية(1): ""فاذكر خالقك في أيام شبابك قبل أن تأتى أيام الشر أو تجيء السنون إذ تقول ليس لي فيها سرور.""
جامعة,12,26,"الإصحاح الثاني عشر آية(1): ""فاذكر خالقك في أيام شبابك قبل أن تأتى أيام الشر أو تجيء السنون إذ تقول ليس لي فيها سرور.""
جامعة,12,27,"الإصحاح الثاني عشر آية(1): ""فاذكر خالقك في أيام شبابك قبل أن تأتى أيام الشر أو تجيء السنون إذ تقول ليس لي فيها سرور.""
جامعة,12,28,"الإصحاح الثاني عشر آية(1): ""فاذكر خالقك في أيام شبابك قبل أن تأتى أيام الشر أو تجيء السنون إذ تقول ليس لي فيها سرور.""
جامعة,12,29,"الإصحاح الثاني عشر آية(1): ""فاذكر خالقك في أيام شبابك قبل أن تأتى أيام الشر أو تجيء السنون إذ تقول ليس لي فيها سرور.""
جامعة,12,30,"الإصحاح الثاني عشر آية(1): ""فاذكر خالقك في أيام شبابك قبل أن تأتى أيام الشر أو تجيء السنون إذ تقول ليس لي فيها سرور.""
جامعة,12,31,"الإصحاح الثاني عشر آية(1): ""فاذكر خالقك في أيام شبابك قبل أن تأتى أيام الشر أو تجيء السنون إذ تقول ليس لي فيها سرور.""
جامعة,12,32,"الإصحاح الثاني عشر آية(1): ""فاذكر خالقك في أيام شبابك قبل أن تأتى أيام الشر أو تجيء السنون إذ تقول ليس لي فيها سرور.""
جامعة,12,33,"الإصحاح الثاني عشر آية(1): ""فاذكر خالقك في أيام شبابك قبل أن تأتى أيام الشر أو تجيء السنون إذ تقول ليس لي فيها سرور.""
جامعة,12,34,"الإصحاح الثاني عشر آية(1): ""فاذكر خالقك في أيام شبابك قبل أن تأتى أيام الشر أو تجيء السنون إذ تقول ليس لي فيها سرور.""
جامعة,12,35,"الإصحاح الثاني عشر آية(1): ""فاذكر خالقك في أيام شبابك قبل أن تأتى أيام الشر أو تجيء السنون إذ تقول ليس لي فيها سرور.""
جامعة,12,36,"الإصحاح الثاني عشر آية(1): ""فاذكر خالقك في أيام شبابك قبل أن تأتى أيام الشر أو تجيء السنون إذ تقول ليس لي فيها سرور.""
جامعة,12,37,"الإصحاح الثاني عشر آية(1): ""فاذكر خالقك في أيام شبابك قبل أن تأتى أيام الشر أو تجيء السنون إذ تقول ليس لي فيها سرور.""
جامعة,12,38,"الإصحاح الثاني عشر آية(1): ""فاذكر خالقك في أيام شبابك قبل أن تأتى أيام الشر أو تجيء السنون إذ تقول ليس لي فيها سرور.""
جامعة,12,39,"الإصحاح الثاني عشر آية(1): ""فاذكر خالقك في أيام شبابك قبل أن تأتى أيام الشر أو تجيء السنون إذ تقول ليس لي فيها سرور.""
جامعة,12,40,"الإصحاح الثاني عشر آية(1): ""فاذكر خالقك في أيام شبابك قبل أن تأتى أيام الشر أو تجيء السنون إذ تقول ليس لي فيها سرور.""
جامعة,12,41,"الإصحاح الثاني عشر آية(1): ""فاذكر خالقك في أيام شبابك قبل أن تأتى أيام الشر أو تجيء السنون إذ تقول ليس لي فيها سرور.""
جامعة,12,42,"الإصحاح الثاني عشر آية(1): ""فاذكر خالقك في أيام شبابك قبل أن تأتى أيام الشر أو تجيء السنون إذ تقول ليس لي فيها سرور.""
جامعة,12,43,"الإصحاح الثاني عشر آية(1): ""فاذكر خالقك في أيام شبابك قبل أن تأتى أيام الشر أو تجيء السنون إذ تقول ليس لي فيها سرور.""
جامعة,12,44,"الإصحاح الثاني عشر آية(1): ""فاذكر خالقك في أيام شبابك قبل أن تأتى أيام الشر أو تجيء السنون إذ تقول ليس لي فيها سرور.""
جامعة,12,45,"الإصحاح الثاني عشر آية(1): ""فاذكر خالقك في أيام شبابك قبل أن تأتى أيام الشر أو تجيء السنون إذ تقول ليس لي فيها سرور.""
جامعة,12,46,"الإصحاح الثاني عشر آية(1): ""فاذكر خالقك في أيام شبابك قبل أن تأتى أيام الشر أو تجيء السنون إذ تقول ليس لي فيها سرور.""
جامعة,12,47,"الإصحاح الثاني عشر آية(1): ""فاذكر خالقك في أيام شبابك قبل أن تأتى أيام الشر أو تجيء السنون إذ تقول ليس لي فيها سرور.""
جامعة,12,48,"الإصحاح الثاني عشر آية(1): ""فاذكر خالقك في أيام شبابك قبل أن تأتى أيام الشر أو تجيء السنون إذ تقول ليس لي فيها سرور.""
جامعة,12,49,"الإصحاح الثاني عشر آية(1): ""فاذكر خالقك في أيام شبابك قبل أن تأتى أيام الشر أو تجيء السنون إذ تقول ليس لي فيها سرور.""
جامعة,12,50,"الإصحاح الثاني عشر آية(1): ""فاذكر خالقك في أيام شبابك قبل أن تأتى أيام الشر أو تجيء السنون إذ تقول ليس لي فيها سرور.""
جامعة,12,51,"الإصحاح الثاني عشر آية(1): ""فاذكر خالقك في أيام شبابك قبل أن تأتى أيام الشر أو تجيء السنون إذ تقول ليس لي فيها سرور.""
جامعة,12,52,"الإصحاح الثاني عشر آية(1): ""فاذكر خالقك في أيام شبابك قبل أن تأتى أيام الشر أو تجيء السنون إذ تقول ليس لي فيها سرور.""
جامعة,12,53,"الإصحاح الثاني عشر آية(1): ""فاذكر خالقك في أيام شبابك قبل أن تأتى أيام الشر أو تجيء السنون إذ تقول ليس لي فيها سرور.""
جامعة,12,54,"الإصحاح الثاني عشر آية(1): ""فاذكر خالقك في أيام شبابك قبل أن تأتى أيام الشر أو تجيء السنون إذ تقول ليس لي فيها سرور.""
جامعة,12,55,"الإصحاح الثاني عشر آية(1): ""فاذكر خالقك في أيام شبابك قبل أن تأتى أيام الشر أو تجيء السنون إذ تقول ليس لي فيها سرور.""
جامعة,12,56,"الإصحاح الثاني عشر آية(1): ""فاذكر خالقك في أيام شبابك قبل أن تأتى أيام الشر أو تجيء السنون إذ تقول ليس لي فيها سرور.""
جامعة,12,57,"الإصحاح الثاني عشر آية(1): ""فاذكر خالقك في أيام شبابك قبل أن تأتى أيام الشر أو تجيء السنون إذ تقول ليس لي فيها سرور.""
جامعة,12,58,"الإصحاح الثاني عشر آية(1): ""فاذكر خالقك في أيام شبابك قبل أن تأتى أيام الشر أو تجيء السنون إذ تقول ليس لي فيها سرور.""
جامعة,12,59,"الإصحاح الثاني عشر آية(1): ""فاذكر خالقك في أيام شبابك قبل أن تأتى أيام الشر أو تجيء السنون إذ تقول ليس لي فيها سرور.""
جامعة,12,60,"الإصحاح الثاني عشر آية(1): ""فاذكر خالقك في أيام شبابك قبل أن تأتى أيام الشر أو تجيء السنون إذ تقول ليس لي فيها سرور.""
جامعة,12,61,"الإصحاح الثاني عشر آية(1): ""فاذكر خالقك في أيام شبابك قبل أن تأتى أيام الشر أو تجيء السنون إذ تقول ليس لي فيها سرور.""
جامعة,12,62,"الإصحاح الثاني عشر آية(1): ""فاذكر خالقك في أيام شبابك قبل أن تأتى أيام الشر أو تجيء السنون إذ تقول ليس لي فيها سرور.""
جامعة,12,63,"الإصحاح الثاني عشر آية(1): ""فاذكر خالقك في أيام شبابك قبل أن تأتى أيام الشر أو تجيء السنون إذ تقول ليس لي فيها سرور.""
جامعة,12,64,"الإصحاح الثاني عشر آية(1): ""فاذكر خالقك في أيام شبابك قبل أن تأتى أيام الشر أو تجيء السنون إذ تقول ليس لي فيها سرور.""
جامعة,12,65,"الإصحاح الثاني عشر آية(1): ""فاذكر خالقك في أيام شبابك قبل أن تأتى أيام الشر أو تجيء السنون إذ تقول ليس لي فيها سرور.""
جامعة,12,66,"الإصحاح الثاني عشر آية(1): ""فاذكر خالقك في أيام شبابك قبل أن تأتى أيام الشر أو تجيء السنون إذ تقول ليس لي فيها سرور.""
جامعة,12,67,"الإصحاح الثاني عشر آية(1): ""فاذكر خالقك في أيام شبابك قبل أن تأتى أيام الشر أو تجيء السنون إذ تقول ليس لي فيها سرور.""
جامعة,12,68,"الإصحاح الثاني عشر آية(1): ""فاذكر خالقك في أيام شبابك قبل أن تأتى أيام الشر أو تجيء السنون إذ تقول ليس لي فيها سرور.""
جامعة,12,69,"الإصحاح الثاني عشر آية(1): ""فاذكر خالقك في أيام شبابك قبل أن تأتى أيام الشر أو تجيء السنون إذ تقول ليس لي فيها سرور.""
جامعة,12,70,"الإصحاح الثاني عشر آية(1): ""فاذكر خالقك في أيام شبابك قبل أن تأتى أيام الشر أو تجيء السنون إذ تقول ليس لي فيها سرور.""
جامعة,12,71,"الإصحاح الثاني عشر آية(1): ""فاذكر خالقك في أيام شبابك قبل أن تأتى أيام الشر أو تجيء السنون إذ تقول ليس لي فيها سرور.""
جامعة,12,72,"الإصحاح الثاني عشر آية(1): ""فاذكر خالقك في أيام شبابك قبل أن تأتى أيام الشر أو تجيء السنون إذ تقول ليس لي فيها سرور.""
جامعة,12,73,"الإصحاح الثاني عشر آية(1): ""فاذكر خالقك في أيام شبابك قبل أن تأتى أيام الشر أو تجيء السنون إذ تقول ليس لي فيها سرور.""
جامعة,12,74,"الإصحاح الثاني عشر آية(1): ""فاذكر خالقك في أيام شبابك قبل أن تأتى أيام الشر أو تجيء السنون إذ تقول ليس لي فيها سرور.""
جامعة,12,75,"الإصحاح الثاني عشر آية(1): ""فاذكر خالقك في أيام شبابك قبل أن تأتى أيام الشر أو تجيء السنون إذ تقول ليس لي فيها سرور.""
جامعة,12,76,"الإصحاح الثاني عشر آية(1): ""فاذكر خالقك في أيام شبابك قبل أن تأتى أيام الشر أو تجيء السنون إذ تقول ليس لي فيها سرور.""
جامعة,12,77,"الإصحاح الثاني عشر آية(1): ""فاذكر خالقك في أيام شبابك قبل أن تأتى أيام الشر أو تجيء السنون إذ تقول ليس لي فيها سرور.""
جامعة,12,78,"الإصحاح الثاني عشر آية(1): ""فاذكر خالقك في أيام شبابك قبل أن تأتى أيام الشر أو تجيء السنون إذ تقول ليس لي فيها سرور.""
جامعة,12,79,"الإصحاح الثاني عشر آية(1): ""فاذكر خالقك في أيام شبابك قبل أن تأتى أيام الشر أو تجيء السنون إذ تقول ليس لي فيها سرور.""
جامعة,12,80,"الإصحاح الثاني عشر آية(1): ""فاذكر خالقك في أيام شبابك قبل أن تأتى أيام الشر أو تجيء السنون إذ تقول ليس لي فيها سرور.""
جامعة,12,81,"الإصحاح الثاني عشر آية(1): ""فاذكر خالقك في أيام شبابك قبل أن تأتى أيام الشر أو تجيء السنون إذ تقول ليس لي فيها سرور.""
جامعة,12,82,"الإصحاح الثاني عشر آية(1): ""فاذكر خالقك في أيام شبابك قبل أن تأتى أيام الشر أو تجيء السنون إذ تقول ليس لي فيها سرور.""
جامعة,12,83,"الإصحاح الثاني عشر آية(1): ""فاذكر خالقك في أيام شبابك قبل أن تأتى أيام الشر أو تجيء السنون إذ تقول ليس لي فيها سرور.""
جامعة,12,84,"الإصحاح الثاني عشر آية(1): ""فاذكر خالقك في أيام شبابك قبل أن تأتى أيام الشر أو تجيء السنون إذ تقول ليس لي فيها سرور.""
جامعة,12,85,"الإصحاح الثاني عشر آية(1): ""فاذكر خالقك في أيام شبابك قبل أن تأتى أيام الشر أو تجيء السنون إذ تقول ليس لي فيها سرور.""
جامعة,12,86,"الإصحاح الثاني عشر آية(1): ""فاذكر خالقك في أيام شبابك قبل أن تأتى أيام الشر أو تجيء السنون إذ تقول ليس لي فيها سرور.""
جامعة,12,87,"الإصحاح الثاني عشر آية(1): ""فاذكر خالقك في أيام شبابك قبل أن تأتى أيام الشر أو تجيء السنون إذ تقول ليس لي فيها سرور.""
جامعة,12,88,"الإصحاح الثاني عشر آية(1): ""فاذكر خالقك في أيام شبابك قبل أن تأتى أيام الشر أو تجيء السنون إذ تقول ليس لي فيها سرور.""
جامعة,12,89,"الإصحاح الثاني عشر آية(1): ""فاذكر خالقك في أيام شبابك قبل أن تأتى أيام الشر أو تجيء السنون إذ تقول ليس لي فيها سرور.""
جامعة,12,90,"الإصحاح الثاني عشر آية(1): ""فاذكر خالقك في أيام شبابك قبل أن تأتى أيام الشر أو تجيء السنون إذ تقول ليس لي فيها سرور.""
جامعة,12,91,"الإصحاح الثاني عشر آية(1): ""فاذكر خالقك في أيام شبابك قبل أن تأتى أيام الشر أو تجيء السنون إذ تقول ليس لي فيها سرور.""
جامعة,12,92,"الإصحاح الثاني عشر آية(1): ""فاذكر خالقك في أيام شبابك قبل أن تأتى أيام الشر أو تجيء السنون إذ تقول ليس لي فيها سرور.""
جامعة,12,93,"الإصحاح الثاني عشر آية(1): ""فاذكر خالقك في أيام شبابك قبل أن تأتى أيام الشر أو تجيء السنون إذ تقول ليس لي فيها سرور.""
جامعة,12,94,"الإصحاح الثاني عشر آية(1): ""فاذكر خالقك في أيام شبابك قبل أن تأتى أيام الشر أو تجيء السنون إذ تقول ليس لي فيها سرور.""
جامعة,12,95,"الإصحاح الثاني عشر آية(1): ""فاذكر خالقك في أيام شبابك قبل أن تأتى أيام الشر أو تجيء السنون إذ تقول ليس لي فيها سرور.""
جامعة,12,96,"الإصحاح الثاني عشر آية(1): ""فاذكر خالقك في أيام شبابك قبل أن تأتى أيام الشر أو تجيء السنون إذ تقول ليس لي فيها سرور.""
جامعة,12,97,"الإصحاح الثاني عشر آية(1): ""فاذكر خالقك في أيام شبابك قبل أن تأتى أيام الشر أو تجيء السنون إذ تقول ليس لي فيها سرور.""
جامعة,12,98,"الإصحاح الثاني عشر آية(1): ""فاذكر خالقك في أيام شبابك قبل أن تأتى أيام الشر أو تجيء السنون إذ تقول ليس لي فيها سرور.""
جامعة,12,99,"الإصحاح الثاني عشر آية(1): ""فاذكر خالقك في أيام شبابك قبل أن تأتى أيام الشر أو تجيء السنون إذ تقول ليس لي فيها سرور.""