book,chapter,verse,tafsir
صفنيا,1,1,"المقدمة 1. صفنيا اسم عبري يعني ""الله يستر"" أو ""الذي يستره يهوه"".
صفنيا,1,2,"الإصحاح الأول الآيات (1-6): ""كلمة الرب التي صارت إلى صفنيا بن كوشي بن جدليا بن امريا بن حزقيا في أيام يوشيا بن أمون ملك يهوذا. نزعا انزع الكل عن وجه الأرض يقول الرب. انزع الإنسان والحيوان انزع طيور السماء وسمك البحر والمعاثر مع الأشرار واقطع الإنسان عن وجه الأرض يقول الرب. وأمد يدي على يهوذا وعلى كل سكان أورشليم واقطع من هذا المكان بقية البعل اسم الكماريم مع الكهنة. والساجدين على السطوح لجند السماء والساجدين الحالفين بالرب والحالفين بمكوم. والمرتدين من وراء الرب والذين لم يطلبوا الرب ولا سألوا عنه.""
صفنيا,1,3,"الإصحاح الأول الآيات (1-6): ""كلمة الرب التي صارت إلى صفنيا بن كوشي بن جدليا بن امريا بن حزقيا في أيام يوشيا بن أمون ملك يهوذا. نزعا انزع الكل عن وجه الأرض يقول الرب. انزع الإنسان والحيوان انزع طيور السماء وسمك البحر والمعاثر مع الأشرار واقطع الإنسان عن وجه الأرض يقول الرب. وأمد يدي على يهوذا وعلى كل سكان أورشليم واقطع من هذا المكان بقية البعل اسم الكماريم مع الكهنة. والساجدين على السطوح لجند السماء والساجدين الحالفين بالرب والحالفين بمكوم. والمرتدين من وراء الرب والذين لم يطلبوا الرب ولا سألوا عنه.""
صفنيا,1,4,"الإصحاح الأول الآيات (1-6): ""كلمة الرب التي صارت إلى صفنيا بن كوشي بن جدليا بن امريا بن حزقيا في أيام يوشيا بن أمون ملك يهوذا. نزعا انزع الكل عن وجه الأرض يقول الرب. انزع الإنسان والحيوان انزع طيور السماء وسمك البحر والمعاثر مع الأشرار واقطع الإنسان عن وجه الأرض يقول الرب. وأمد يدي على يهوذا وعلى كل سكان أورشليم واقطع من هذا المكان بقية البعل اسم الكماريم مع الكهنة. والساجدين على السطوح لجند السماء والساجدين الحالفين بالرب والحالفين بمكوم. والمرتدين من وراء الرب والذين لم يطلبوا الرب ولا سألوا عنه.""
صفنيا,1,5,"الإصحاح الأول الآيات (1-6): ""كلمة الرب التي صارت إلى صفنيا بن كوشي بن جدليا بن امريا بن حزقيا في أيام يوشيا بن أمون ملك يهوذا. نزعا انزع الكل عن وجه الأرض يقول الرب. انزع الإنسان والحيوان انزع طيور السماء وسمك البحر والمعاثر مع الأشرار واقطع الإنسان عن وجه الأرض يقول الرب. وأمد يدي على يهوذا وعلى كل سكان أورشليم واقطع من هذا المكان بقية البعل اسم الكماريم مع الكهنة. والساجدين على السطوح لجند السماء والساجدين الحالفين بالرب والحالفين بمكوم. والمرتدين من وراء الرب والذين لم يطلبوا الرب ولا سألوا عنه.""
صفنيا,1,6,"الإصحاح الأول الآيات (1-6): ""كلمة الرب التي صارت إلى صفنيا بن كوشي بن جدليا بن امريا بن حزقيا في أيام يوشيا بن أمون ملك يهوذا. نزعا انزع الكل عن وجه الأرض يقول الرب. انزع الإنسان والحيوان انزع طيور السماء وسمك البحر والمعاثر مع الأشرار واقطع الإنسان عن وجه الأرض يقول الرب. وأمد يدي على يهوذا وعلى كل سكان أورشليم واقطع من هذا المكان بقية البعل اسم الكماريم مع الكهنة. والساجدين على السطوح لجند السماء والساجدين الحالفين بالرب والحالفين بمكوم. والمرتدين من وراء الرب والذين لم يطلبوا الرب ولا سألوا عنه.""
صفنيا,1,7,"الإصحاح الأول الآيات (1-6): ""كلمة الرب التي صارت إلى صفنيا بن كوشي بن جدليا بن امريا بن حزقيا في أيام يوشيا بن أمون ملك يهوذا. نزعا انزع الكل عن وجه الأرض يقول الرب. انزع الإنسان والحيوان انزع طيور السماء وسمك البحر والمعاثر مع الأشرار واقطع الإنسان عن وجه الأرض يقول الرب. وأمد يدي على يهوذا وعلى كل سكان أورشليم واقطع من هذا المكان بقية البعل اسم الكماريم مع الكهنة. والساجدين على السطوح لجند السماء والساجدين الحالفين بالرب والحالفين بمكوم. والمرتدين من وراء الرب والذين لم يطلبوا الرب ولا سألوا عنه.""
صفنيا,1,8,"الإصحاح الأول الآيات (1-6): ""كلمة الرب التي صارت إلى صفنيا بن كوشي بن جدليا بن امريا بن حزقيا في أيام يوشيا بن أمون ملك يهوذا. نزعا انزع الكل عن وجه الأرض يقول الرب. انزع الإنسان والحيوان انزع طيور السماء وسمك البحر والمعاثر مع الأشرار واقطع الإنسان عن وجه الأرض يقول الرب. وأمد يدي على يهوذا وعلى كل سكان أورشليم واقطع من هذا المكان بقية البعل اسم الكماريم مع الكهنة. والساجدين على السطوح لجند السماء والساجدين الحالفين بالرب والحالفين بمكوم. والمرتدين من وراء الرب والذين لم يطلبوا الرب ولا سألوا عنه.""
صفنيا,1,9,"الإصحاح الأول الآيات (1-6): ""كلمة الرب التي صارت إلى صفنيا بن كوشي بن جدليا بن امريا بن حزقيا في أيام يوشيا بن أمون ملك يهوذا. نزعا انزع الكل عن وجه الأرض يقول الرب. انزع الإنسان والحيوان انزع طيور السماء وسمك البحر والمعاثر مع الأشرار واقطع الإنسان عن وجه الأرض يقول الرب. وأمد يدي على يهوذا وعلى كل سكان أورشليم واقطع من هذا المكان بقية البعل اسم الكماريم مع الكهنة. والساجدين على السطوح لجند السماء والساجدين الحالفين بالرب والحالفين بمكوم. والمرتدين من وراء الرب والذين لم يطلبوا الرب ولا سألوا عنه.""
صفنيا,1,10,"الإصحاح الأول الآيات (1-6): ""كلمة الرب التي صارت إلى صفنيا بن كوشي بن جدليا بن امريا بن حزقيا في أيام يوشيا بن أمون ملك يهوذا. نزعا انزع الكل عن وجه الأرض يقول الرب. انزع الإنسان والحيوان انزع طيور السماء وسمك البحر والمعاثر مع الأشرار واقطع الإنسان عن وجه الأرض يقول الرب. وأمد يدي على يهوذا وعلى كل سكان أورشليم واقطع من هذا المكان بقية البعل اسم الكماريم مع الكهنة. والساجدين على السطوح لجند السماء والساجدين الحالفين بالرب والحالفين بمكوم. والمرتدين من وراء الرب والذين لم يطلبوا الرب ولا سألوا عنه.""
صفنيا,1,11,"الإصحاح الأول الآيات (1-6): ""كلمة الرب التي صارت إلى صفنيا بن كوشي بن جدليا بن امريا بن حزقيا في أيام يوشيا بن أمون ملك يهوذا. نزعا انزع الكل عن وجه الأرض يقول الرب. انزع الإنسان والحيوان انزع طيور السماء وسمك البحر والمعاثر مع الأشرار واقطع الإنسان عن وجه الأرض يقول الرب. وأمد يدي على يهوذا وعلى كل سكان أورشليم واقطع من هذا المكان بقية البعل اسم الكماريم مع الكهنة. والساجدين على السطوح لجند السماء والساجدين الحالفين بالرب والحالفين بمكوم. والمرتدين من وراء الرب والذين لم يطلبوا الرب ولا سألوا عنه.""
صفنيا,1,12,"الإصحاح الأول الآيات (1-6): ""كلمة الرب التي صارت إلى صفنيا بن كوشي بن جدليا بن امريا بن حزقيا في أيام يوشيا بن أمون ملك يهوذا. نزعا انزع الكل عن وجه الأرض يقول الرب. انزع الإنسان والحيوان انزع طيور السماء وسمك البحر والمعاثر مع الأشرار واقطع الإنسان عن وجه الأرض يقول الرب. وأمد يدي على يهوذا وعلى كل سكان أورشليم واقطع من هذا المكان بقية البعل اسم الكماريم مع الكهنة. والساجدين على السطوح لجند السماء والساجدين الحالفين بالرب والحالفين بمكوم. والمرتدين من وراء الرب والذين لم يطلبوا الرب ولا سألوا عنه.""
صفنيا,1,13,"الإصحاح الأول الآيات (1-6): ""كلمة الرب التي صارت إلى صفنيا بن كوشي بن جدليا بن امريا بن حزقيا في أيام يوشيا بن أمون ملك يهوذا. نزعا انزع الكل عن وجه الأرض يقول الرب. انزع الإنسان والحيوان انزع طيور السماء وسمك البحر والمعاثر مع الأشرار واقطع الإنسان عن وجه الأرض يقول الرب. وأمد يدي على يهوذا وعلى كل سكان أورشليم واقطع من هذا المكان بقية البعل اسم الكماريم مع الكهنة. والساجدين على السطوح لجند السماء والساجدين الحالفين بالرب والحالفين بمكوم. والمرتدين من وراء الرب والذين لم يطلبوا الرب ولا سألوا عنه.""
صفنيا,1,14,"الإصحاح الأول الآيات (1-6): ""كلمة الرب التي صارت إلى صفنيا بن كوشي بن جدليا بن امريا بن حزقيا في أيام يوشيا بن أمون ملك يهوذا. نزعا انزع الكل عن وجه الأرض يقول الرب. انزع الإنسان والحيوان انزع طيور السماء وسمك البحر والمعاثر مع الأشرار واقطع الإنسان عن وجه الأرض يقول الرب. وأمد يدي على يهوذا وعلى كل سكان أورشليم واقطع من هذا المكان بقية البعل اسم الكماريم مع الكهنة. والساجدين على السطوح لجند السماء والساجدين الحالفين بالرب والحالفين بمكوم. والمرتدين من وراء الرب والذين لم يطلبوا الرب ولا سألوا عنه.""
صفنيا,1,15,"الإصحاح الأول الآيات (1-6): ""كلمة الرب التي صارت إلى صفنيا بن كوشي بن جدليا بن امريا بن حزقيا في أيام يوشيا بن أمون ملك يهوذا. نزعا انزع الكل عن وجه الأرض يقول الرب. انزع الإنسان والحيوان انزع طيور السماء وسمك البحر والمعاثر مع الأشرار واقطع الإنسان عن وجه الأرض يقول الرب. وأمد يدي على يهوذا وعلى كل سكان أورشليم واقطع من هذا المكان بقية البعل اسم الكماريم مع الكهنة. والساجدين على السطوح لجند السماء والساجدين الحالفين بالرب والحالفين بمكوم. والمرتدين من وراء الرب والذين لم يطلبوا الرب ولا سألوا عنه.""
صفنيا,1,16,"الإصحاح الأول الآيات (1-6): ""كلمة الرب التي صارت إلى صفنيا بن كوشي بن جدليا بن امريا بن حزقيا في أيام يوشيا بن أمون ملك يهوذا. نزعا انزع الكل عن وجه الأرض يقول الرب. انزع الإنسان والحيوان انزع طيور السماء وسمك البحر والمعاثر مع الأشرار واقطع الإنسان عن وجه الأرض يقول الرب. وأمد يدي على يهوذا وعلى كل سكان أورشليم واقطع من هذا المكان بقية البعل اسم الكماريم مع الكهنة. والساجدين على السطوح لجند السماء والساجدين الحالفين بالرب والحالفين بمكوم. والمرتدين من وراء الرب والذين لم يطلبوا الرب ولا سألوا عنه.""
صفنيا,1,17,"الإصحاح الأول الآيات (1-6): ""كلمة الرب التي صارت إلى صفنيا بن كوشي بن جدليا بن امريا بن حزقيا في أيام يوشيا بن أمون ملك يهوذا. نزعا انزع الكل عن وجه الأرض يقول الرب. انزع الإنسان والحيوان انزع طيور السماء وسمك البحر والمعاثر مع الأشرار واقطع الإنسان عن وجه الأرض يقول الرب. وأمد يدي على يهوذا وعلى كل سكان أورشليم واقطع من هذا المكان بقية البعل اسم الكماريم مع الكهنة. والساجدين على السطوح لجند السماء والساجدين الحالفين بالرب والحالفين بمكوم. والمرتدين من وراء الرب والذين لم يطلبوا الرب ولا سألوا عنه.""
صفنيا,1,18,"الإصحاح الأول الآيات (1-6): ""كلمة الرب التي صارت إلى صفنيا بن كوشي بن جدليا بن امريا بن حزقيا في أيام يوشيا بن أمون ملك يهوذا. نزعا انزع الكل عن وجه الأرض يقول الرب. انزع الإنسان والحيوان انزع طيور السماء وسمك البحر والمعاثر مع الأشرار واقطع الإنسان عن وجه الأرض يقول الرب. وأمد يدي على يهوذا وعلى كل سكان أورشليم واقطع من هذا المكان بقية البعل اسم الكماريم مع الكهنة. والساجدين على السطوح لجند السماء والساجدين الحالفين بالرب والحالفين بمكوم. والمرتدين من وراء الرب والذين لم يطلبوا الرب ولا سألوا عنه.""
صفنيا,1,19,"الإصحاح الأول الآيات (1-6): ""كلمة الرب التي صارت إلى صفنيا بن كوشي بن جدليا بن امريا بن حزقيا في أيام يوشيا بن أمون ملك يهوذا. نزعا انزع الكل عن وجه الأرض يقول الرب. انزع الإنسان والحيوان انزع طيور السماء وسمك البحر والمعاثر مع الأشرار واقطع الإنسان عن وجه الأرض يقول الرب. وأمد يدي على يهوذا وعلى كل سكان أورشليم واقطع من هذا المكان بقية البعل اسم الكماريم مع الكهنة. والساجدين على السطوح لجند السماء والساجدين الحالفين بالرب والحالفين بمكوم. والمرتدين من وراء الرب والذين لم يطلبوا الرب ولا سألوا عنه.""
صفنيا,1,20,"الإصحاح الأول الآيات (1-6): ""كلمة الرب التي صارت إلى صفنيا بن كوشي بن جدليا بن امريا بن حزقيا في أيام يوشيا بن أمون ملك يهوذا. نزعا انزع الكل عن وجه الأرض يقول الرب. انزع الإنسان والحيوان انزع طيور السماء وسمك البحر والمعاثر مع الأشرار واقطع الإنسان عن وجه الأرض يقول الرب. وأمد يدي على يهوذا وعلى كل سكان أورشليم واقطع من هذا المكان بقية البعل اسم الكماريم مع الكهنة. والساجدين على السطوح لجند السماء والساجدين الحالفين بالرب والحالفين بمكوم. والمرتدين من وراء الرب والذين لم يطلبوا الرب ولا سألوا عنه.""
صفنيا,1,21,"الإصحاح الأول الآيات (1-6): ""كلمة الرب التي صارت إلى صفنيا بن كوشي بن جدليا بن امريا بن حزقيا في أيام يوشيا بن أمون ملك يهوذا. نزعا انزع الكل عن وجه الأرض يقول الرب. انزع الإنسان والحيوان انزع طيور السماء وسمك البحر والمعاثر مع الأشرار واقطع الإنسان عن وجه الأرض يقول الرب. وأمد يدي على يهوذا وعلى كل سكان أورشليم واقطع من هذا المكان بقية البعل اسم الكماريم مع الكهنة. والساجدين على السطوح لجند السماء والساجدين الحالفين بالرب والحالفين بمكوم. والمرتدين من وراء الرب والذين لم يطلبوا الرب ولا سألوا عنه.""
صفنيا,1,22,"الإصحاح الأول الآيات (1-6): ""كلمة الرب التي صارت إلى صفنيا بن كوشي بن جدليا بن امريا بن حزقيا في أيام يوشيا بن أمون ملك يهوذا. نزعا انزع الكل عن وجه الأرض يقول الرب. انزع الإنسان والحيوان انزع طيور السماء وسمك البحر والمعاثر مع الأشرار واقطع الإنسان عن وجه الأرض يقول الرب. وأمد يدي على يهوذا وعلى كل سكان أورشليم واقطع من هذا المكان بقية البعل اسم الكماريم مع الكهنة. والساجدين على السطوح لجند السماء والساجدين الحالفين بالرب والحالفين بمكوم. والمرتدين من وراء الرب والذين لم يطلبوا الرب ولا سألوا عنه.""
صفنيا,1,23,"الإصحاح الأول الآيات (1-6): ""كلمة الرب التي صارت إلى صفنيا بن كوشي بن جدليا بن امريا بن حزقيا في أيام يوشيا بن أمون ملك يهوذا. نزعا انزع الكل عن وجه الأرض يقول الرب. انزع الإنسان والحيوان انزع طيور السماء وسمك البحر والمعاثر مع الأشرار واقطع الإنسان عن وجه الأرض يقول الرب. وأمد يدي على يهوذا وعلى كل سكان أورشليم واقطع من هذا المكان بقية البعل اسم الكماريم مع الكهنة. والساجدين على السطوح لجند السماء والساجدين الحالفين بالرب والحالفين بمكوم. والمرتدين من وراء الرب والذين لم يطلبوا الرب ولا سألوا عنه.""
صفنيا,1,24,"الإصحاح الأول الآيات (1-6): ""كلمة الرب التي صارت إلى صفنيا بن كوشي بن جدليا بن امريا بن حزقيا في أيام يوشيا بن أمون ملك يهوذا. نزعا انزع الكل عن وجه الأرض يقول الرب. انزع الإنسان والحيوان انزع طيور السماء وسمك البحر والمعاثر مع الأشرار واقطع الإنسان عن وجه الأرض يقول الرب. وأمد يدي على يهوذا وعلى كل سكان أورشليم واقطع من هذا المكان بقية البعل اسم الكماريم مع الكهنة. والساجدين على السطوح لجند السماء والساجدين الحالفين بالرب والحالفين بمكوم. والمرتدين من وراء الرب والذين لم يطلبوا الرب ولا سألوا عنه.""
صفنيا,1,25,"الإصحاح الأول الآيات (1-6): ""كلمة الرب التي صارت إلى صفنيا بن كوشي بن جدليا بن امريا بن حزقيا في أيام يوشيا بن أمون ملك يهوذا. نزعا انزع الكل عن وجه الأرض يقول الرب. انزع الإنسان والحيوان انزع طيور السماء وسمك البحر والمعاثر مع الأشرار واقطع الإنسان عن وجه الأرض يقول الرب. وأمد يدي على يهوذا وعلى كل سكان أورشليم واقطع من هذا المكان بقية البعل اسم الكماريم مع الكهنة. والساجدين على السطوح لجند السماء والساجدين الحالفين بالرب والحالفين بمكوم. والمرتدين من وراء الرب والذين لم يطلبوا الرب ولا سألوا عنه.""
صفنيا,1,26,"الإصحاح الأول الآيات (1-6): ""كلمة الرب التي صارت إلى صفنيا بن كوشي بن جدليا بن امريا بن حزقيا في أيام يوشيا بن أمون ملك يهوذا. نزعا انزع الكل عن وجه الأرض يقول الرب. انزع الإنسان والحيوان انزع طيور السماء وسمك البحر والمعاثر مع الأشرار واقطع الإنسان عن وجه الأرض يقول الرب. وأمد يدي على يهوذا وعلى كل سكان أورشليم واقطع من هذا المكان بقية البعل اسم الكماريم مع الكهنة. والساجدين على السطوح لجند السماء والساجدين الحالفين بالرب والحالفين بمكوم. والمرتدين من وراء الرب والذين لم يطلبوا الرب ولا سألوا عنه.""
صفنيا,1,27,"الإصحاح الأول الآيات (1-6): ""كلمة الرب التي صارت إلى صفنيا بن كوشي بن جدليا بن امريا بن حزقيا في أيام يوشيا بن أمون ملك يهوذا. نزعا انزع الكل عن وجه الأرض يقول الرب. انزع الإنسان والحيوان انزع طيور السماء وسمك البحر والمعاثر مع الأشرار واقطع الإنسان عن وجه الأرض يقول الرب. وأمد يدي على يهوذا وعلى كل سكان أورشليم واقطع من هذا المكان بقية البعل اسم الكماريم مع الكهنة. والساجدين على السطوح لجند السماء والساجدين الحالفين بالرب والحالفين بمكوم. والمرتدين من وراء الرب والذين لم يطلبوا الرب ولا سألوا عنه.""
صفنيا,1,28,"الإصحاح الأول الآيات (1-6): ""كلمة الرب التي صارت إلى صفنيا بن كوشي بن جدليا بن امريا بن حزقيا في أيام يوشيا بن أمون ملك يهوذا. نزعا انزع الكل عن وجه الأرض يقول الرب. انزع الإنسان والحيوان انزع طيور السماء وسمك البحر والمعاثر مع الأشرار واقطع الإنسان عن وجه الأرض يقول الرب. وأمد يدي على يهوذا وعلى كل سكان أورشليم واقطع من هذا المكان بقية البعل اسم الكماريم مع الكهنة. والساجدين على السطوح لجند السماء والساجدين الحالفين بالرب والحالفين بمكوم. والمرتدين من وراء الرب والذين لم يطلبوا الرب ولا سألوا عنه.""
صفنيا,1,29,"الإصحاح الأول الآيات (1-6): ""كلمة الرب التي صارت إلى صفنيا بن كوشي بن جدليا بن امريا بن حزقيا في أيام يوشيا بن أمون ملك يهوذا. نزعا انزع الكل عن وجه الأرض يقول الرب. انزع الإنسان والحيوان انزع طيور السماء وسمك البحر والمعاثر مع الأشرار واقطع الإنسان عن وجه الأرض يقول الرب. وأمد يدي على يهوذا وعلى كل سكان أورشليم واقطع من هذا المكان بقية البعل اسم الكماريم مع الكهنة. والساجدين على السطوح لجند السماء والساجدين الحالفين بالرب والحالفين بمكوم. والمرتدين من وراء الرب والذين لم يطلبوا الرب ولا سألوا عنه.""
صفنيا,1,30,"الإصحاح الأول الآيات (1-6): ""كلمة الرب التي صارت إلى صفنيا بن كوشي بن جدليا بن امريا بن حزقيا في أيام يوشيا بن أمون ملك يهوذا. نزعا انزع الكل عن وجه الأرض يقول الرب. انزع الإنسان والحيوان انزع طيور السماء وسمك البحر والمعاثر مع الأشرار واقطع الإنسان عن وجه الأرض يقول الرب. وأمد يدي على يهوذا وعلى كل سكان أورشليم واقطع من هذا المكان بقية البعل اسم الكماريم مع الكهنة. والساجدين على السطوح لجند السماء والساجدين الحالفين بالرب والحالفين بمكوم. والمرتدين من وراء الرب والذين لم يطلبوا الرب ولا سألوا عنه.""
صفنيا,1,31,"الإصحاح الأول الآيات (1-6): ""كلمة الرب التي صارت إلى صفنيا بن كوشي بن جدليا بن امريا بن حزقيا في أيام يوشيا بن أمون ملك يهوذا. نزعا انزع الكل عن وجه الأرض يقول الرب. انزع الإنسان والحيوان انزع طيور السماء وسمك البحر والمعاثر مع الأشرار واقطع الإنسان عن وجه الأرض يقول الرب. وأمد يدي على يهوذا وعلى كل سكان أورشليم واقطع من هذا المكان بقية البعل اسم الكماريم مع الكهنة. والساجدين على السطوح لجند السماء والساجدين الحالفين بالرب والحالفين بمكوم. والمرتدين من وراء الرب والذين لم يطلبوا الرب ولا سألوا عنه.""
صفنيا,1,32,"الإصحاح الأول الآيات (1-6): ""كلمة الرب التي صارت إلى صفنيا بن كوشي بن جدليا بن امريا بن حزقيا في أيام يوشيا بن أمون ملك يهوذا. نزعا انزع الكل عن وجه الأرض يقول الرب. انزع الإنسان والحيوان انزع طيور السماء وسمك البحر والمعاثر مع الأشرار واقطع الإنسان عن وجه الأرض يقول الرب. وأمد يدي على يهوذا وعلى كل سكان أورشليم واقطع من هذا المكان بقية البعل اسم الكماريم مع الكهنة. والساجدين على السطوح لجند السماء والساجدين الحالفين بالرب والحالفين بمكوم. والمرتدين من وراء الرب والذين لم يطلبوا الرب ولا سألوا عنه.""
صفنيا,1,33,"الإصحاح الأول الآيات (1-6): ""كلمة الرب التي صارت إلى صفنيا بن كوشي بن جدليا بن امريا بن حزقيا في أيام يوشيا بن أمون ملك يهوذا. نزعا انزع الكل عن وجه الأرض يقول الرب. انزع الإنسان والحيوان انزع طيور السماء وسمك البحر والمعاثر مع الأشرار واقطع الإنسان عن وجه الأرض يقول الرب. وأمد يدي على يهوذا وعلى كل سكان أورشليم واقطع من هذا المكان بقية البعل اسم الكماريم مع الكهنة. والساجدين على السطوح لجند السماء والساجدين الحالفين بالرب والحالفين بمكوم. والمرتدين من وراء الرب والذين لم يطلبوا الرب ولا سألوا عنه.""
صفنيا,1,34,"الإصحاح الأول الآيات (1-6): ""كلمة الرب التي صارت إلى صفنيا بن كوشي بن جدليا بن امريا بن حزقيا في أيام يوشيا بن أمون ملك يهوذا. نزعا انزع الكل عن وجه الأرض يقول الرب. انزع الإنسان والحيوان انزع طيور السماء وسمك البحر والمعاثر مع الأشرار واقطع الإنسان عن وجه الأرض يقول الرب. وأمد يدي على يهوذا وعلى كل سكان أورشليم واقطع من هذا المكان بقية البعل اسم الكماريم مع الكهنة. والساجدين على السطوح لجند السماء والساجدين الحالفين بالرب والحالفين بمكوم. والمرتدين من وراء الرب والذين لم يطلبوا الرب ولا سألوا عنه.""
صفنيا,1,35,"الإصحاح الأول الآيات (1-6): ""كلمة الرب التي صارت إلى صفنيا بن كوشي بن جدليا بن امريا بن حزقيا في أيام يوشيا بن أمون ملك يهوذا. نزعا انزع الكل عن وجه الأرض يقول الرب. انزع الإنسان والحيوان انزع طيور السماء وسمك البحر والمعاثر مع الأشرار واقطع الإنسان عن وجه الأرض يقول الرب. وأمد يدي على يهوذا وعلى كل سكان أورشليم واقطع من هذا المكان بقية البعل اسم الكماريم مع الكهنة. والساجدين على السطوح لجند السماء والساجدين الحالفين بالرب والحالفين بمكوم. والمرتدين من وراء الرب والذين لم يطلبوا الرب ولا سألوا عنه.""
صفنيا,1,36,"الإصحاح الأول الآيات (1-6): ""كلمة الرب التي صارت إلى صفنيا بن كوشي بن جدليا بن امريا بن حزقيا في أيام يوشيا بن أمون ملك يهوذا. نزعا انزع الكل عن وجه الأرض يقول الرب. انزع الإنسان والحيوان انزع طيور السماء وسمك البحر والمعاثر مع الأشرار واقطع الإنسان عن وجه الأرض يقول الرب. وأمد يدي على يهوذا وعلى كل سكان أورشليم واقطع من هذا المكان بقية البعل اسم الكماريم مع الكهنة. والساجدين على السطوح لجند السماء والساجدين الحالفين بالرب والحالفين بمكوم. والمرتدين من وراء الرب والذين لم يطلبوا الرب ولا سألوا عنه.""
صفنيا,1,37,"الإصحاح الأول الآيات (1-6): ""كلمة الرب التي صارت إلى صفنيا بن كوشي بن جدليا بن امريا بن حزقيا في أيام يوشيا بن أمون ملك يهوذا. نزعا انزع الكل عن وجه الأرض يقول الرب. انزع الإنسان والحيوان انزع طيور السماء وسمك البحر والمعاثر مع الأشرار واقطع الإنسان عن وجه الأرض يقول الرب. وأمد يدي على يهوذا وعلى كل سكان أورشليم واقطع من هذا المكان بقية البعل اسم الكماريم مع الكهنة. والساجدين على السطوح لجند السماء والساجدين الحالفين بالرب والحالفين بمكوم. والمرتدين من وراء الرب والذين لم يطلبوا الرب ولا سألوا عنه.""
صفنيا,1,38,"الإصحاح الأول الآيات (1-6): ""كلمة الرب التي صارت إلى صفنيا بن كوشي بن جدليا بن امريا بن حزقيا في أيام يوشيا بن أمون ملك يهوذا. نزعا انزع الكل عن وجه الأرض يقول الرب. انزع الإنسان والحيوان انزع طيور السماء وسمك البحر والمعاثر مع الأشرار واقطع الإنسان عن وجه الأرض يقول الرب. وأمد يدي على يهوذا وعلى كل سكان أورشليم واقطع من هذا المكان بقية البعل اسم الكماريم مع الكهنة. والساجدين على السطوح لجند السماء والساجدين الحالفين بالرب والحالفين بمكوم. والمرتدين من وراء الرب والذين لم يطلبوا الرب ولا سألوا عنه.""
صفنيا,1,39,"الإصحاح الأول الآيات (1-6): ""كلمة الرب التي صارت إلى صفنيا بن كوشي بن جدليا بن امريا بن حزقيا في أيام يوشيا بن أمون ملك يهوذا. نزعا انزع الكل عن وجه الأرض يقول الرب. انزع الإنسان والحيوان انزع طيور السماء وسمك البحر والمعاثر مع الأشرار واقطع الإنسان عن وجه الأرض يقول الرب. وأمد يدي على يهوذا وعلى كل سكان أورشليم واقطع من هذا المكان بقية البعل اسم الكماريم مع الكهنة. والساجدين على السطوح لجند السماء والساجدين الحالفين بالرب والحالفين بمكوم. والمرتدين من وراء الرب والذين لم يطلبوا الرب ولا سألوا عنه.""
صفنيا,1,40,"الإصحاح الأول الآيات (1-6): ""كلمة الرب التي صارت إلى صفنيا بن كوشي بن جدليا بن امريا بن حزقيا في أيام يوشيا بن أمون ملك يهوذا. نزعا انزع الكل عن وجه الأرض يقول الرب. انزع الإنسان والحيوان انزع طيور السماء وسمك البحر والمعاثر مع الأشرار واقطع الإنسان عن وجه الأرض يقول الرب. وأمد يدي على يهوذا وعلى كل سكان أورشليم واقطع من هذا المكان بقية البعل اسم الكماريم مع الكهنة. والساجدين على السطوح لجند السماء والساجدين الحالفين بالرب والحالفين بمكوم. والمرتدين من وراء الرب والذين لم يطلبوا الرب ولا سألوا عنه.""
صفنيا,1,41,"الإصحاح الأول الآيات (1-6): ""كلمة الرب التي صارت إلى صفنيا بن كوشي بن جدليا بن امريا بن حزقيا في أيام يوشيا بن أمون ملك يهوذا. نزعا انزع الكل عن وجه الأرض يقول الرب. انزع الإنسان والحيوان انزع طيور السماء وسمك البحر والمعاثر مع الأشرار واقطع الإنسان عن وجه الأرض يقول الرب. وأمد يدي على يهوذا وعلى كل سكان أورشليم واقطع من هذا المكان بقية البعل اسم الكماريم مع الكهنة. والساجدين على السطوح لجند السماء والساجدين الحالفين بالرب والحالفين بمكوم. والمرتدين من وراء الرب والذين لم يطلبوا الرب ولا سألوا عنه.""
صفنيا,1,42,"الإصحاح الأول الآيات (1-6): ""كلمة الرب التي صارت إلى صفنيا بن كوشي بن جدليا بن امريا بن حزقيا في أيام يوشيا بن أمون ملك يهوذا. نزعا انزع الكل عن وجه الأرض يقول الرب. انزع الإنسان والحيوان انزع طيور السماء وسمك البحر والمعاثر مع الأشرار واقطع الإنسان عن وجه الأرض يقول الرب. وأمد يدي على يهوذا وعلى كل سكان أورشليم واقطع من هذا المكان بقية البعل اسم الكماريم مع الكهنة. والساجدين على السطوح لجند السماء والساجدين الحالفين بالرب والحالفين بمكوم. والمرتدين من وراء الرب والذين لم يطلبوا الرب ولا سألوا عنه.""
صفنيا,1,43,"الإصحاح الأول الآيات (1-6): ""كلمة الرب التي صارت إلى صفنيا بن كوشي بن جدليا بن امريا بن حزقيا في أيام يوشيا بن أمون ملك يهوذا. نزعا انزع الكل عن وجه الأرض يقول الرب. انزع الإنسان والحيوان انزع طيور السماء وسمك البحر والمعاثر مع الأشرار واقطع الإنسان عن وجه الأرض يقول الرب. وأمد يدي على يهوذا وعلى كل سكان أورشليم واقطع من هذا المكان بقية البعل اسم الكماريم مع الكهنة. والساجدين على السطوح لجند السماء والساجدين الحالفين بالرب والحالفين بمكوم. والمرتدين من وراء الرب والذين لم يطلبوا الرب ولا سألوا عنه.""
صفنيا,1,44,"الإصحاح الأول الآيات (1-6): ""كلمة الرب التي صارت إلى صفنيا بن كوشي بن جدليا بن امريا بن حزقيا في أيام يوشيا بن أمون ملك يهوذا. نزعا انزع الكل عن وجه الأرض يقول الرب. انزع الإنسان والحيوان انزع طيور السماء وسمك البحر والمعاثر مع الأشرار واقطع الإنسان عن وجه الأرض يقول الرب. وأمد يدي على يهوذا وعلى كل سكان أورشليم واقطع من هذا المكان بقية البعل اسم الكماريم مع الكهنة. والساجدين على السطوح لجند السماء والساجدين الحالفين بالرب والحالفين بمكوم. والمرتدين من وراء الرب والذين لم يطلبوا الرب ولا سألوا عنه.""
صفنيا,1,45,"الإصحاح الأول الآيات (1-6): ""كلمة الرب التي صارت إلى صفنيا بن كوشي بن جدليا بن امريا بن حزقيا في أيام يوشيا بن أمون ملك يهوذا. نزعا انزع الكل عن وجه الأرض يقول الرب. انزع الإنسان والحيوان انزع طيور السماء وسمك البحر والمعاثر مع الأشرار واقطع الإنسان عن وجه الأرض يقول الرب. وأمد يدي على يهوذا وعلى كل سكان أورشليم واقطع من هذا المكان بقية البعل اسم الكماريم مع الكهنة. والساجدين على السطوح لجند السماء والساجدين الحالفين بالرب والحالفين بمكوم. والمرتدين من وراء الرب والذين لم يطلبوا الرب ولا سألوا عنه.""
صفنيا,1,46,"الإصحاح الأول الآيات (1-6): ""كلمة الرب التي صارت إلى صفنيا بن كوشي بن جدليا بن امريا بن حزقيا في أيام يوشيا بن أمون ملك يهوذا. نزعا انزع الكل عن وجه الأرض يقول الرب. انزع الإنسان والحيوان انزع طيور السماء وسمك البحر والمعاثر مع الأشرار واقطع الإنسان عن وجه الأرض يقول الرب. وأمد يدي على يهوذا وعلى كل سكان أورشليم واقطع من هذا المكان بقية البعل اسم الكماريم مع الكهنة. والساجدين على السطوح لجند السماء والساجدين الحالفين بالرب والحالفين بمكوم. والمرتدين من وراء الرب والذين لم يطلبوا الرب ولا سألوا عنه.""
صفنيا,1,47,"الإصحاح الأول الآيات (1-6): ""كلمة الرب التي صارت إلى صفنيا بن كوشي بن جدليا بن امريا بن حزقيا في أيام يوشيا بن أمون ملك يهوذا. نزعا انزع الكل عن وجه الأرض يقول الرب. انزع الإنسان والحيوان انزع طيور السماء وسمك البحر والمعاثر مع الأشرار واقطع الإنسان عن وجه الأرض يقول الرب. وأمد يدي على يهوذا وعلى كل سكان أورشليم واقطع من هذا المكان بقية البعل اسم الكماريم مع الكهنة. والساجدين على السطوح لجند السماء والساجدين الحالفين بالرب والحالفين بمكوم. والمرتدين من وراء الرب والذين لم يطلبوا الرب ولا سألوا عنه.""
صفنيا,1,48,"الإصحاح الأول الآيات (1-6): ""كلمة الرب التي صارت إلى صفنيا بن كوشي بن جدليا بن امريا بن حزقيا في أيام يوشيا بن أمون ملك يهوذا. نزعا انزع الكل عن وجه الأرض يقول الرب. انزع الإنسان والحيوان انزع طيور السماء وسمك البحر والمعاثر مع الأشرار واقطع الإنسان عن وجه الأرض يقول الرب. وأمد يدي على يهوذا وعلى كل سكان أورشليم واقطع من هذا المكان بقية البعل اسم الكماريم مع الكهنة. والساجدين على السطوح لجند السماء والساجدين الحالفين بالرب والحالفين بمكوم. والمرتدين من وراء الرب والذين لم يطلبوا الرب ولا سألوا عنه.""
صفنيا,1,49,"الإصحاح الأول الآيات (1-6): ""كلمة الرب التي صارت إلى صفنيا بن كوشي بن جدليا بن امريا بن حزقيا في أيام يوشيا بن أمون ملك يهوذا. نزعا انزع الكل عن وجه الأرض يقول الرب. انزع الإنسان والحيوان انزع طيور السماء وسمك البحر والمعاثر مع الأشرار واقطع الإنسان عن وجه الأرض يقول الرب. وأمد يدي على يهوذا وعلى كل سكان أورشليم واقطع من هذا المكان بقية البعل اسم الكماريم مع الكهنة. والساجدين على السطوح لجند السماء والساجدين الحالفين بالرب والحالفين بمكوم. والمرتدين من وراء الرب والذين لم يطلبوا الرب ولا سألوا عنه.""
صفنيا,1,50,"الإصحاح الأول الآيات (1-6): ""كلمة الرب التي صارت إلى صفنيا بن كوشي بن جدليا بن امريا بن حزقيا في أيام يوشيا بن أمون ملك يهوذا. نزعا انزع الكل عن وجه الأرض يقول الرب. انزع الإنسان والحيوان انزع طيور السماء وسمك البحر والمعاثر مع الأشرار واقطع الإنسان عن وجه الأرض يقول الرب. وأمد يدي على يهوذا وعلى كل سكان أورشليم واقطع من هذا المكان بقية البعل اسم الكماريم مع الكهنة. والساجدين على السطوح لجند السماء والساجدين الحالفين بالرب والحالفين بمكوم. والمرتدين من وراء الرب والذين لم يطلبوا الرب ولا سألوا عنه.""
صفنيا,1,51,"الإصحاح الأول الآيات (1-6): ""كلمة الرب التي صارت إلى صفنيا بن كوشي بن جدليا بن امريا بن حزقيا في أيام يوشيا بن أمون ملك يهوذا. نزعا انزع الكل عن وجه الأرض يقول الرب. انزع الإنسان والحيوان انزع طيور السماء وسمك البحر والمعاثر مع الأشرار واقطع الإنسان عن وجه الأرض يقول الرب. وأمد يدي على يهوذا وعلى كل سكان أورشليم واقطع من هذا المكان بقية البعل اسم الكماريم مع الكهنة. والساجدين على السطوح لجند السماء والساجدين الحالفين بالرب والحالفين بمكوم. والمرتدين من وراء الرب والذين لم يطلبوا الرب ولا سألوا عنه.""
صفنيا,1,52,"الإصحاح الأول الآيات (1-6): ""كلمة الرب التي صارت إلى صفنيا بن كوشي بن جدليا بن امريا بن حزقيا في أيام يوشيا بن أمون ملك يهوذا. نزعا انزع الكل عن وجه الأرض يقول الرب. انزع الإنسان والحيوان انزع طيور السماء وسمك البحر والمعاثر مع الأشرار واقطع الإنسان عن وجه الأرض يقول الرب. وأمد يدي على يهوذا وعلى كل سكان أورشليم واقطع من هذا المكان بقية البعل اسم الكماريم مع الكهنة. والساجدين على السطوح لجند السماء والساجدين الحالفين بالرب والحالفين بمكوم. والمرتدين من وراء الرب والذين لم يطلبوا الرب ولا سألوا عنه.""
صفنيا,1,53,"الإصحاح الأول الآيات (1-6): ""كلمة الرب التي صارت إلى صفنيا بن كوشي بن جدليا بن امريا بن حزقيا في أيام يوشيا بن أمون ملك يهوذا. نزعا انزع الكل عن وجه الأرض يقول الرب. انزع الإنسان والحيوان انزع طيور السماء وسمك البحر والمعاثر مع الأشرار واقطع الإنسان عن وجه الأرض يقول الرب. وأمد يدي على يهوذا وعلى كل سكان أورشليم واقطع من هذا المكان بقية البعل اسم الكماريم مع الكهنة. والساجدين على السطوح لجند السماء والساجدين الحالفين بالرب والحالفين بمكوم. والمرتدين من وراء الرب والذين لم يطلبوا الرب ولا سألوا عنه.""
صفنيا,1,54,"الإصحاح الأول الآيات (1-6): ""كلمة الرب التي صارت إلى صفنيا بن كوشي بن جدليا بن امريا بن حزقيا في أيام يوشيا بن أمون ملك يهوذا. نزعا انزع الكل عن وجه الأرض يقول الرب. انزع الإنسان والحيوان انزع طيور السماء وسمك البحر والمعاثر مع الأشرار واقطع الإنسان عن وجه الأرض يقول الرب. وأمد يدي على يهوذا وعلى كل سكان أورشليم واقطع من هذا المكان بقية البعل اسم الكماريم مع الكهنة. والساجدين على السطوح لجند السماء والساجدين الحالفين بالرب والحالفين بمكوم. والمرتدين من وراء الرب والذين لم يطلبوا الرب ولا سألوا عنه.""
صفنيا,1,55,"الإصحاح الأول الآيات (1-6): ""كلمة الرب التي صارت إلى صفنيا بن كوشي بن جدليا بن امريا بن حزقيا في أيام يوشيا بن أمون ملك يهوذا. نزعا انزع الكل عن وجه الأرض يقول الرب. انزع الإنسان والحيوان انزع طيور السماء وسمك البحر والمعاثر مع الأشرار واقطع الإنسان عن وجه الأرض يقول الرب. وأمد يدي على يهوذا وعلى كل سكان أورشليم واقطع من هذا المكان بقية البعل اسم الكماريم مع الكهنة. والساجدين على السطوح لجند السماء والساجدين الحالفين بالرب والحالفين بمكوم. والمرتدين من وراء الرب والذين لم يطلبوا الرب ولا سألوا عنه.""
صفنيا,1,56,"الإصحاح الأول الآيات (1-6): ""كلمة الرب التي صارت إلى صفنيا بن كوشي بن جدليا بن امريا بن حزقيا في أيام يوشيا بن أمون ملك يهوذا. نزعا انزع الكل عن وجه الأرض يقول الرب. انزع الإنسان والحيوان انزع طيور السماء وسمك البحر والمعاثر مع الأشرار واقطع الإنسان عن وجه الأرض يقول الرب. وأمد يدي على يهوذا وعلى كل سكان أورشليم واقطع من هذا المكان بقية البعل اسم الكماريم مع الكهنة. والساجدين على السطوح لجند السماء والساجدين الحالفين بالرب والحالفين بمكوم. والمرتدين من وراء الرب والذين لم يطلبوا الرب ولا سألوا عنه.""
صفنيا,1,57,"الإصحاح الأول الآيات (1-6): ""كلمة الرب التي صارت إلى صفنيا بن كوشي بن جدليا بن امريا بن حزقيا في أيام يوشيا بن أمون ملك يهوذا. نزعا انزع الكل عن وجه الأرض يقول الرب. انزع الإنسان والحيوان انزع طيور السماء وسمك البحر والمعاثر مع الأشرار واقطع الإنسان عن وجه الأرض يقول الرب. وأمد يدي على يهوذا وعلى كل سكان أورشليم واقطع من هذا المكان بقية البعل اسم الكماريم مع الكهنة. والساجدين على السطوح لجند السماء والساجدين الحالفين بالرب والحالفين بمكوم. والمرتدين من وراء الرب والذين لم يطلبوا الرب ولا سألوا عنه.""
صفنيا,1,58,"الإصحاح الأول الآيات (1-6): ""كلمة الرب التي صارت إلى صفنيا بن كوشي بن جدليا بن امريا بن حزقيا في أيام يوشيا بن أمون ملك يهوذا. نزعا انزع الكل عن وجه الأرض يقول الرب. انزع الإنسان والحيوان انزع طيور السماء وسمك البحر والمعاثر مع الأشرار واقطع الإنسان عن وجه الأرض يقول الرب. وأمد يدي على يهوذا وعلى كل سكان أورشليم واقطع من هذا المكان بقية البعل اسم الكماريم مع الكهنة. والساجدين على السطوح لجند السماء والساجدين الحالفين بالرب والحالفين بمكوم. والمرتدين من وراء الرب والذين لم يطلبوا الرب ولا سألوا عنه.""
صفنيا,1,59,"الإصحاح الأول الآيات (1-6): ""كلمة الرب التي صارت إلى صفنيا بن كوشي بن جدليا بن امريا بن حزقيا في أيام يوشيا بن أمون ملك يهوذا. نزعا انزع الكل عن وجه الأرض يقول الرب. انزع الإنسان والحيوان انزع طيور السماء وسمك البحر والمعاثر مع الأشرار واقطع الإنسان عن وجه الأرض يقول الرب. وأمد يدي على يهوذا وعلى كل سكان أورشليم واقطع من هذا المكان بقية البعل اسم الكماريم مع الكهنة. والساجدين على السطوح لجند السماء والساجدين الحالفين بالرب والحالفين بمكوم. والمرتدين من وراء الرب والذين لم يطلبوا الرب ولا سألوا عنه.""
صفنيا,1,60,"الإصحاح الأول الآيات (1-6): ""كلمة الرب التي صارت إلى صفنيا بن كوشي بن جدليا بن امريا بن حزقيا في أيام يوشيا بن أمون ملك يهوذا. نزعا انزع الكل عن وجه الأرض يقول الرب. انزع الإنسان والحيوان انزع طيور السماء وسمك البحر والمعاثر مع الأشرار واقطع الإنسان عن وجه الأرض يقول الرب. وأمد يدي على يهوذا وعلى كل سكان أورشليم واقطع من هذا المكان بقية البعل اسم الكماريم مع الكهنة. والساجدين على السطوح لجند السماء والساجدين الحالفين بالرب والحالفين بمكوم. والمرتدين من وراء الرب والذين لم يطلبوا الرب ولا سألوا عنه.""
صفنيا,1,61,"الإصحاح الأول الآيات (1-6): ""كلمة الرب التي صارت إلى صفنيا بن كوشي بن جدليا بن امريا بن حزقيا في أيام يوشيا بن أمون ملك يهوذا. نزعا انزع الكل عن وجه الأرض يقول الرب. انزع الإنسان والحيوان انزع طيور السماء وسمك البحر والمعاثر مع الأشرار واقطع الإنسان عن وجه الأرض يقول الرب. وأمد يدي على يهوذا وعلى كل سكان أورشليم واقطع من هذا المكان بقية البعل اسم الكماريم مع الكهنة. والساجدين على السطوح لجند السماء والساجدين الحالفين بالرب والحالفين بمكوم. والمرتدين من وراء الرب والذين لم يطلبوا الرب ولا سألوا عنه.""
صفنيا,1,62,"الإصحاح الأول الآيات (1-6): ""كلمة الرب التي صارت إلى صفنيا بن كوشي بن جدليا بن امريا بن حزقيا في أيام يوشيا بن أمون ملك يهوذا. نزعا انزع الكل عن وجه الأرض يقول الرب. انزع الإنسان والحيوان انزع طيور السماء وسمك البحر والمعاثر مع الأشرار واقطع الإنسان عن وجه الأرض يقول الرب. وأمد يدي على يهوذا وعلى كل سكان أورشليم واقطع من هذا المكان بقية البعل اسم الكماريم مع الكهنة. والساجدين على السطوح لجند السماء والساجدين الحالفين بالرب والحالفين بمكوم. والمرتدين من وراء الرب والذين لم يطلبوا الرب ولا سألوا عنه.""
صفنيا,1,63,"الإصحاح الأول الآيات (1-6): ""كلمة الرب التي صارت إلى صفنيا بن كوشي بن جدليا بن امريا بن حزقيا في أيام يوشيا بن أمون ملك يهوذا. نزعا انزع الكل عن وجه الأرض يقول الرب. انزع الإنسان والحيوان انزع طيور السماء وسمك البحر والمعاثر مع الأشرار واقطع الإنسان عن وجه الأرض يقول الرب. وأمد يدي على يهوذا وعلى كل سكان أورشليم واقطع من هذا المكان بقية البعل اسم الكماريم مع الكهنة. والساجدين على السطوح لجند السماء والساجدين الحالفين بالرب والحالفين بمكوم. والمرتدين من وراء الرب والذين لم يطلبوا الرب ولا سألوا عنه.""
صفنيا,1,64,"الإصحاح الأول الآيات (1-6): ""كلمة الرب التي صارت إلى صفنيا بن كوشي بن جدليا بن امريا بن حزقيا في أيام يوشيا بن أمون ملك يهوذا. نزعا انزع الكل عن وجه الأرض يقول الرب. انزع الإنسان والحيوان انزع طيور السماء وسمك البحر والمعاثر مع الأشرار واقطع الإنسان عن وجه الأرض يقول الرب. وأمد يدي على يهوذا وعلى كل سكان أورشليم واقطع من هذا المكان بقية البعل اسم الكماريم مع الكهنة. والساجدين على السطوح لجند السماء والساجدين الحالفين بالرب والحالفين بمكوم. والمرتدين من وراء الرب والذين لم يطلبوا الرب ولا سألوا عنه.""
صفنيا,1,65,"الإصحاح الأول الآيات (1-6): ""كلمة الرب التي صارت إلى صفنيا بن كوشي بن جدليا بن امريا بن حزقيا في أيام يوشيا بن أمون ملك يهوذا. نزعا انزع الكل عن وجه الأرض يقول الرب. انزع الإنسان والحيوان انزع طيور السماء وسمك البحر والمعاثر مع الأشرار واقطع الإنسان عن وجه الأرض يقول الرب. وأمد يدي على يهوذا وعلى كل سكان أورشليم واقطع من هذا المكان بقية البعل اسم الكماريم مع الكهنة. والساجدين على السطوح لجند السماء والساجدين الحالفين بالرب والحالفين بمكوم. والمرتدين من وراء الرب والذين لم يطلبوا الرب ولا سألوا عنه.""
صفنيا,1,66,"الإصحاح الأول الآيات (1-6): ""كلمة الرب التي صارت إلى صفنيا بن كوشي بن جدليا بن امريا بن حزقيا في أيام يوشيا بن أمون ملك يهوذا. نزعا انزع الكل عن وجه الأرض يقول الرب. انزع الإنسان والحيوان انزع طيور السماء وسمك البحر والمعاثر مع الأشرار واقطع الإنسان عن وجه الأرض يقول الرب. وأمد يدي على يهوذا وعلى كل سكان أورشليم واقطع من هذا المكان بقية البعل اسم الكماريم مع الكهنة. والساجدين على السطوح لجند السماء والساجدين الحالفين بالرب والحالفين بمكوم. والمرتدين من وراء الرب والذين لم يطلبوا الرب ولا سألوا عنه.""
صفنيا,1,67,"الإصحاح الأول الآيات (1-6): ""كلمة الرب التي صارت إلى صفنيا بن كوشي بن جدليا بن امريا بن حزقيا في أيام يوشيا بن أمون ملك يهوذا. نزعا انزع الكل عن وجه الأرض يقول الرب. انزع الإنسان والحيوان انزع طيور السماء وسمك البحر والمعاثر مع الأشرار واقطع الإنسان عن وجه الأرض يقول الرب. وأمد يدي على يهوذا وعلى كل سكان أورشليم واقطع من هذا المكان بقية البعل اسم الكماريم مع الكهنة. والساجدين على السطوح لجند السماء والساجدين الحالفين بالرب والحالفين بمكوم. والمرتدين من وراء الرب والذين لم يطلبوا الرب ولا سألوا عنه.""
صفنيا,1,68,"الإصحاح الأول الآيات (1-6): ""كلمة الرب التي صارت إلى صفنيا بن كوشي بن جدليا بن امريا بن حزقيا في أيام يوشيا بن أمون ملك يهوذا. نزعا انزع الكل عن وجه الأرض يقول الرب. انزع الإنسان والحيوان انزع طيور السماء وسمك البحر والمعاثر مع الأشرار واقطع الإنسان عن وجه الأرض يقول الرب. وأمد يدي على يهوذا وعلى كل سكان أورشليم واقطع من هذا المكان بقية البعل اسم الكماريم مع الكهنة. والساجدين على السطوح لجند السماء والساجدين الحالفين بالرب والحالفين بمكوم. والمرتدين من وراء الرب والذين لم يطلبوا الرب ولا سألوا عنه.""
صفنيا,1,69,"الإصحاح الأول الآيات (1-6): ""كلمة الرب التي صارت إلى صفنيا بن كوشي بن جدليا بن امريا بن حزقيا في أيام يوشيا بن أمون ملك يهوذا. نزعا انزع الكل عن وجه الأرض يقول الرب. انزع الإنسان والحيوان انزع طيور السماء وسمك البحر والمعاثر مع الأشرار واقطع الإنسان عن وجه الأرض يقول الرب. وأمد يدي على يهوذا وعلى كل سكان أورشليم واقطع من هذا المكان بقية البعل اسم الكماريم مع الكهنة. والساجدين على السطوح لجند السماء والساجدين الحالفين بالرب والحالفين بمكوم. والمرتدين من وراء الرب والذين لم يطلبوا الرب ولا سألوا عنه.""
صفنيا,1,70,"الإصحاح الأول الآيات (1-6): ""كلمة الرب التي صارت إلى صفنيا بن كوشي بن جدليا بن امريا بن حزقيا في أيام يوشيا بن أمون ملك يهوذا. نزعا انزع الكل عن وجه الأرض يقول الرب. انزع الإنسان والحيوان انزع طيور السماء وسمك البحر والمعاثر مع الأشرار واقطع الإنسان عن وجه الأرض يقول الرب. وأمد يدي على يهوذا وعلى كل سكان أورشليم واقطع من هذا المكان بقية البعل اسم الكماريم مع الكهنة. والساجدين على السطوح لجند السماء والساجدين الحالفين بالرب والحالفين بمكوم. والمرتدين من وراء الرب والذين لم يطلبوا الرب ولا سألوا عنه.""
صفنيا,1,71,"الإصحاح الأول الآيات (1-6): ""كلمة الرب التي صارت إلى صفنيا بن كوشي بن جدليا بن امريا بن حزقيا في أيام يوشيا بن أمون ملك يهوذا. نزعا انزع الكل عن وجه الأرض يقول الرب. انزع الإنسان والحيوان انزع طيور السماء وسمك البحر والمعاثر مع الأشرار واقطع الإنسان عن وجه الأرض يقول الرب. وأمد يدي على يهوذا وعلى كل سكان أورشليم واقطع من هذا المكان بقية البعل اسم الكماريم مع الكهنة. والساجدين على السطوح لجند السماء والساجدين الحالفين بالرب والحالفين بمكوم. والمرتدين من وراء الرب والذين لم يطلبوا الرب ولا سألوا عنه.""
صفنيا,1,72,"الإصحاح الأول الآيات (1-6): ""كلمة الرب التي صارت إلى صفنيا بن كوشي بن جدليا بن امريا بن حزقيا في أيام يوشيا بن أمون ملك يهوذا. نزعا انزع الكل عن وجه الأرض يقول الرب. انزع الإنسان والحيوان انزع طيور السماء وسمك البحر والمعاثر مع الأشرار واقطع الإنسان عن وجه الأرض يقول الرب. وأمد يدي على يهوذا وعلى كل سكان أورشليم واقطع من هذا المكان بقية البعل اسم الكماريم مع الكهنة. والساجدين على السطوح لجند السماء والساجدين الحالفين بالرب والحالفين بمكوم. والمرتدين من وراء الرب والذين لم يطلبوا الرب ولا سألوا عنه.""
صفنيا,1,73,"الإصحاح الأول الآيات (1-6): ""كلمة الرب التي صارت إلى صفنيا بن كوشي بن جدليا بن امريا بن حزقيا في أيام يوشيا بن أمون ملك يهوذا. نزعا انزع الكل عن وجه الأرض يقول الرب. انزع الإنسان والحيوان انزع طيور السماء وسمك البحر والمعاثر مع الأشرار واقطع الإنسان عن وجه الأرض يقول الرب. وأمد يدي على يهوذا وعلى كل سكان أورشليم واقطع من هذا المكان بقية البعل اسم الكماريم مع الكهنة. والساجدين على السطوح لجند السماء والساجدين الحالفين بالرب والحالفين بمكوم. والمرتدين من وراء الرب والذين لم يطلبوا الرب ولا سألوا عنه.""
صفنيا,1,74,"الإصحاح الأول الآيات (1-6): ""كلمة الرب التي صارت إلى صفنيا بن كوشي بن جدليا بن امريا بن حزقيا في أيام يوشيا بن أمون ملك يهوذا. نزعا انزع الكل عن وجه الأرض يقول الرب. انزع الإنسان والحيوان انزع طيور السماء وسمك البحر والمعاثر مع الأشرار واقطع الإنسان عن وجه الأرض يقول الرب. وأمد يدي على يهوذا وعلى كل سكان أورشليم واقطع من هذا المكان بقية البعل اسم الكماريم مع الكهنة. والساجدين على السطوح لجند السماء والساجدين الحالفين بالرب والحالفين بمكوم. والمرتدين من وراء الرب والذين لم يطلبوا الرب ولا سألوا عنه.""
صفنيا,1,75,"الإصحاح الأول الآيات (1-6): ""كلمة الرب التي صارت إلى صفنيا بن كوشي بن جدليا بن امريا بن حزقيا في أيام يوشيا بن أمون ملك يهوذا. نزعا انزع الكل عن وجه الأرض يقول الرب. انزع الإنسان والحيوان انزع طيور السماء وسمك البحر والمعاثر مع الأشرار واقطع الإنسان عن وجه الأرض يقول الرب. وأمد يدي على يهوذا وعلى كل سكان أورشليم واقطع من هذا المكان بقية البعل اسم الكماريم مع الكهنة. والساجدين على السطوح لجند السماء والساجدين الحالفين بالرب والحالفين بمكوم. والمرتدين من وراء الرب والذين لم يطلبوا الرب ولا سألوا عنه.""
صفنيا,1,76,"الإصحاح الأول الآيات (1-6): ""كلمة الرب التي صارت إلى صفنيا بن كوشي بن جدليا بن امريا بن حزقيا في أيام يوشيا بن أمون ملك يهوذا. نزعا انزع الكل عن وجه الأرض يقول الرب. انزع الإنسان والحيوان انزع طيور السماء وسمك البحر والمعاثر مع الأشرار واقطع الإنسان عن وجه الأرض يقول الرب. وأمد يدي على يهوذا وعلى كل سكان أورشليم واقطع من هذا المكان بقية البعل اسم الكماريم مع الكهنة. والساجدين على السطوح لجند السماء والساجدين الحالفين بالرب والحالفين بمكوم. والمرتدين من وراء الرب والذين لم يطلبوا الرب ولا سألوا عنه.""
صفنيا,1,77,"الإصحاح الأول الآيات (1-6): ""كلمة الرب التي صارت إلى صفنيا بن كوشي بن جدليا بن امريا بن حزقيا في أيام يوشيا بن أمون ملك يهوذا. نزعا انزع الكل عن وجه الأرض يقول الرب. انزع الإنسان والحيوان انزع طيور السماء وسمك البحر والمعاثر مع الأشرار واقطع الإنسان عن وجه الأرض يقول الرب. وأمد يدي على يهوذا وعلى كل سكان أورشليم واقطع من هذا المكان بقية البعل اسم الكماريم مع الكهنة. والساجدين على السطوح لجند السماء والساجدين الحالفين بالرب والحالفين بمكوم. والمرتدين من وراء الرب والذين لم يطلبوا الرب ولا سألوا عنه.""
صفنيا,1,78,"الإصحاح الأول الآيات (1-6): ""كلمة الرب التي صارت إلى صفنيا بن كوشي بن جدليا بن امريا بن حزقيا في أيام يوشيا بن أمون ملك يهوذا. نزعا انزع الكل عن وجه الأرض يقول الرب. انزع الإنسان والحيوان انزع طيور السماء وسمك البحر والمعاثر مع الأشرار واقطع الإنسان عن وجه الأرض يقول الرب. وأمد يدي على يهوذا وعلى كل سكان أورشليم واقطع من هذا المكان بقية البعل اسم الكماريم مع الكهنة. والساجدين على السطوح لجند السماء والساجدين الحالفين بالرب والحالفين بمكوم. والمرتدين من وراء الرب والذين لم يطلبوا الرب ولا سألوا عنه.""
صفنيا,1,79,"الإصحاح الأول الآيات (1-6): ""كلمة الرب التي صارت إلى صفنيا بن كوشي بن جدليا بن امريا بن حزقيا في أيام يوشيا بن أمون ملك يهوذا. نزعا انزع الكل عن وجه الأرض يقول الرب. انزع الإنسان والحيوان انزع طيور السماء وسمك البحر والمعاثر مع الأشرار واقطع الإنسان عن وجه الأرض يقول الرب. وأمد يدي على يهوذا وعلى كل سكان أورشليم واقطع من هذا المكان بقية البعل اسم الكماريم مع الكهنة. والساجدين على السطوح لجند السماء والساجدين الحالفين بالرب والحالفين بمكوم. والمرتدين من وراء الرب والذين لم يطلبوا الرب ولا سألوا عنه.""
صفنيا,1,80,"الإصحاح الأول الآيات (1-6): ""كلمة الرب التي صارت إلى صفنيا بن كوشي بن جدليا بن امريا بن حزقيا في أيام يوشيا بن أمون ملك يهوذا. نزعا انزع الكل عن وجه الأرض يقول الرب. انزع الإنسان والحيوان انزع طيور السماء وسمك البحر والمعاثر مع الأشرار واقطع الإنسان عن وجه الأرض يقول الرب. وأمد يدي على يهوذا وعلى كل سكان أورشليم واقطع من هذا المكان بقية البعل اسم الكماريم مع الكهنة. والساجدين على السطوح لجند السماء والساجدين الحالفين بالرب والحالفين بمكوم. والمرتدين من وراء الرب والذين لم يطلبوا الرب ولا سألوا عنه.""
صفنيا,1,81,"الإصحاح الأول الآيات (1-6): ""كلمة الرب التي صارت إلى صفنيا بن كوشي بن جدليا بن امريا بن حزقيا في أيام يوشيا بن أمون ملك يهوذا. نزعا انزع الكل عن وجه الأرض يقول الرب. انزع الإنسان والحيوان انزع طيور السماء وسمك البحر والمعاثر مع الأشرار واقطع الإنسان عن وجه الأرض يقول الرب. وأمد يدي على يهوذا وعلى كل سكان أورشليم واقطع من هذا المكان بقية البعل اسم الكماريم مع الكهنة. والساجدين على السطوح لجند السماء والساجدين الحالفين بالرب والحالفين بمكوم. والمرتدين من وراء الرب والذين لم يطلبوا الرب ولا سألوا عنه.""
صفنيا,1,82,"الإصحاح الأول الآيات (1-6): ""كلمة الرب التي صارت إلى صفنيا بن كوشي بن جدليا بن امريا بن حزقيا في أيام يوشيا بن أمون ملك يهوذا. نزعا انزع الكل عن وجه الأرض يقول الرب. انزع الإنسان والحيوان انزع طيور السماء وسمك البحر والمعاثر مع الأشرار واقطع الإنسان عن وجه الأرض يقول الرب. وأمد يدي على يهوذا وعلى كل سكان أورشليم واقطع من هذا المكان بقية البعل اسم الكماريم مع الكهنة. والساجدين على السطوح لجند السماء والساجدين الحالفين بالرب والحالفين بمكوم. والمرتدين من وراء الرب والذين لم يطلبوا الرب ولا سألوا عنه.""
صفنيا,1,83,"الإصحاح الأول الآيات (1-6): ""كلمة الرب التي صارت إلى صفنيا بن كوشي بن جدليا بن امريا بن حزقيا في أيام يوشيا بن أمون ملك يهوذا. نزعا انزع الكل عن وجه الأرض يقول الرب. انزع الإنسان والحيوان انزع طيور السماء وسمك البحر والمعاثر مع الأشرار واقطع الإنسان عن وجه الأرض يقول الرب. وأمد يدي على يهوذا وعلى كل سكان أورشليم واقطع من هذا المكان بقية البعل اسم الكماريم مع الكهنة. والساجدين على السطوح لجند السماء والساجدين الحالفين بالرب والحالفين بمكوم. والمرتدين من وراء الرب والذين لم يطلبوا الرب ولا سألوا عنه.""
صفنيا,1,84,"الإصحاح الأول الآيات (1-6): ""كلمة الرب التي صارت إلى صفنيا بن كوشي بن جدليا بن امريا بن حزقيا في أيام يوشيا بن أمون ملك يهوذا. نزعا انزع الكل عن وجه الأرض يقول الرب. انزع الإنسان والحيوان انزع طيور السماء وسمك البحر والمعاثر مع الأشرار واقطع الإنسان عن وجه الأرض يقول الرب. وأمد يدي على يهوذا وعلى كل سكان أورشليم واقطع من هذا المكان بقية البعل اسم الكماريم مع الكهنة. والساجدين على السطوح لجند السماء والساجدين الحالفين بالرب والحالفين بمكوم. والمرتدين من وراء الرب والذين لم يطلبوا الرب ولا سألوا عنه.""
صفنيا,1,85,"الإصحاح الأول الآيات (1-6): ""كلمة الرب التي صارت إلى صفنيا بن كوشي بن جدليا بن امريا بن حزقيا في أيام يوشيا بن أمون ملك يهوذا. نزعا انزع الكل عن وجه الأرض يقول الرب. انزع الإنسان والحيوان انزع طيور السماء وسمك البحر والمعاثر مع الأشرار واقطع الإنسان عن وجه الأرض يقول الرب. وأمد يدي على يهوذا وعلى كل سكان أورشليم واقطع من هذا المكان بقية البعل اسم الكماريم مع الكهنة. والساجدين على السطوح لجند السماء والساجدين الحالفين بالرب والحالفين بمكوم. والمرتدين من وراء الرب والذين لم يطلبوا الرب ولا سألوا عنه.""
صفنيا,1,86,"الإصحاح الأول الآيات (1-6): ""كلمة الرب التي صارت إلى صفنيا بن كوشي بن جدليا بن امريا بن حزقيا في أيام يوشيا بن أمون ملك يهوذا. نزعا انزع الكل عن وجه الأرض يقول الرب. انزع الإنسان والحيوان انزع طيور السماء وسمك البحر والمعاثر مع الأشرار واقطع الإنسان عن وجه الأرض يقول الرب. وأمد يدي على يهوذا وعلى كل سكان أورشليم واقطع من هذا المكان بقية البعل اسم الكماريم مع الكهنة. والساجدين على السطوح لجند السماء والساجدين الحالفين بالرب والحالفين بمكوم. والمرتدين من وراء الرب والذين لم يطلبوا الرب ولا سألوا عنه.""
صفنيا,1,87,"الإصحاح الأول الآيات (1-6): ""كلمة الرب التي صارت إلى صفنيا بن كوشي بن جدليا بن امريا بن حزقيا في أيام يوشيا بن أمون ملك يهوذا. نزعا انزع الكل عن وجه الأرض يقول الرب. انزع الإنسان والحيوان انزع طيور السماء وسمك البحر والمعاثر مع الأشرار واقطع الإنسان عن وجه الأرض يقول الرب. وأمد يدي على يهوذا وعلى كل سكان أورشليم واقطع من هذا المكان بقية البعل اسم الكماريم مع الكهنة. والساجدين على السطوح لجند السماء والساجدين الحالفين بالرب والحالفين بمكوم. والمرتدين من وراء الرب والذين لم يطلبوا الرب ولا سألوا عنه.""
صفنيا,1,88,"الإصحاح الأول الآيات (1-6): ""كلمة الرب التي صارت إلى صفنيا بن كوشي بن جدليا بن امريا بن حزقيا في أيام يوشيا بن أمون ملك يهوذا. نزعا انزع الكل عن وجه الأرض يقول الرب. انزع الإنسان والحيوان انزع طيور السماء وسمك البحر والمعاثر مع الأشرار واقطع الإنسان عن وجه الأرض يقول الرب. وأمد يدي على يهوذا وعلى كل سكان أورشليم واقطع من هذا المكان بقية البعل اسم الكماريم مع الكهنة. والساجدين على السطوح لجند السماء والساجدين الحالفين بالرب والحالفين بمكوم. والمرتدين من وراء الرب والذين لم يطلبوا الرب ولا سألوا عنه.""
صفنيا,1,89,"الإصحاح الأول الآيات (1-6): ""كلمة الرب التي صارت إلى صفنيا بن كوشي بن جدليا بن امريا بن حزقيا في أيام يوشيا بن أمون ملك يهوذا. نزعا انزع الكل عن وجه الأرض يقول الرب. انزع الإنسان والحيوان انزع طيور السماء وسمك البحر والمعاثر مع الأشرار واقطع الإنسان عن وجه الأرض يقول الرب. وأمد يدي على يهوذا وعلى كل سكان أورشليم واقطع من هذا المكان بقية البعل اسم الكماريم مع الكهنة. والساجدين على السطوح لجند السماء والساجدين الحالفين بالرب والحالفين بمكوم. والمرتدين من وراء الرب والذين لم يطلبوا الرب ولا سألوا عنه.""
صفنيا,1,90,"الإصحاح الأول الآيات (1-6): ""كلمة الرب التي صارت إلى صفنيا بن كوشي بن جدليا بن امريا بن حزقيا في أيام يوشيا بن أمون ملك يهوذا. نزعا انزع الكل عن وجه الأرض يقول الرب. انزع الإنسان والحيوان انزع طيور السماء وسمك البحر والمعاثر مع الأشرار واقطع الإنسان عن وجه الأرض يقول الرب. وأمد يدي على يهوذا وعلى كل سكان أورشليم واقطع من هذا المكان بقية البعل اسم الكماريم مع الكهنة. والساجدين على السطوح لجند السماء والساجدين الحالفين بالرب والحالفين بمكوم. والمرتدين من وراء الرب والذين لم يطلبوا الرب ولا سألوا عنه.""
صفنيا,1,91,"الإصحاح الأول الآيات (1-6): ""كلمة الرب التي صارت إلى صفنيا بن كوشي بن جدليا بن امريا بن حزقيا في أيام يوشيا بن أمون ملك يهوذا. نزعا انزع الكل عن وجه الأرض يقول الرب. انزع الإنسان والحيوان انزع طيور السماء وسمك البحر والمعاثر مع الأشرار واقطع الإنسان عن وجه الأرض يقول الرب. وأمد يدي على يهوذا وعلى كل سكان أورشليم واقطع من هذا المكان بقية البعل اسم الكماريم مع الكهنة. والساجدين على السطوح لجند السماء والساجدين الحالفين بالرب والحالفين بمكوم. والمرتدين من وراء الرب والذين لم يطلبوا الرب ولا سألوا عنه.""
صفنيا,1,92,"الإصحاح الأول الآيات (1-6): ""كلمة الرب التي صارت إلى صفنيا بن كوشي بن جدليا بن امريا بن حزقيا في أيام يوشيا بن أمون ملك يهوذا. نزعا انزع الكل عن وجه الأرض يقول الرب. انزع الإنسان والحيوان انزع طيور السماء وسمك البحر والمعاثر مع الأشرار واقطع الإنسان عن وجه الأرض يقول الرب. وأمد يدي على يهوذا وعلى كل سكان أورشليم واقطع من هذا المكان بقية البعل اسم الكماريم مع الكهنة. والساجدين على السطوح لجند السماء والساجدين الحالفين بالرب والحالفين بمكوم. والمرتدين من وراء الرب والذين لم يطلبوا الرب ولا سألوا عنه.""
صفنيا,1,93,"الإصحاح الأول الآيات (1-6): ""كلمة الرب التي صارت إلى صفنيا بن كوشي بن جدليا بن امريا بن حزقيا في أيام يوشيا بن أمون ملك يهوذا. نزعا انزع الكل عن وجه الأرض يقول الرب. انزع الإنسان والحيوان انزع طيور السماء وسمك البحر والمعاثر مع الأشرار واقطع الإنسان عن وجه الأرض يقول الرب. وأمد يدي على يهوذا وعلى كل سكان أورشليم واقطع من هذا المكان بقية البعل اسم الكماريم مع الكهنة. والساجدين على السطوح لجند السماء والساجدين الحالفين بالرب والحالفين بمكوم. والمرتدين من وراء الرب والذين لم يطلبوا الرب ولا سألوا عنه.""
صفنيا,1,94,"الإصحاح الأول الآيات (1-6): ""كلمة الرب التي صارت إلى صفنيا بن كوشي بن جدليا بن امريا بن حزقيا في أيام يوشيا بن أمون ملك يهوذا. نزعا انزع الكل عن وجه الأرض يقول الرب. انزع الإنسان والحيوان انزع طيور السماء وسمك البحر والمعاثر مع الأشرار واقطع الإنسان عن وجه الأرض يقول الرب. وأمد يدي على يهوذا وعلى كل سكان أورشليم واقطع من هذا المكان بقية البعل اسم الكماريم مع الكهنة. والساجدين على السطوح لجند السماء والساجدين الحالفين بالرب والحالفين بمكوم. والمرتدين من وراء الرب والذين لم يطلبوا الرب ولا سألوا عنه.""
صفنيا,1,95,"الإصحاح الأول الآيات (1-6): ""كلمة الرب التي صارت إلى صفنيا بن كوشي بن جدليا بن امريا بن حزقيا في أيام يوشيا بن أمون ملك يهوذا. نزعا انزع الكل عن وجه الأرض يقول الرب. انزع الإنسان والحيوان انزع طيور السماء وسمك البحر والمعاثر مع الأشرار واقطع الإنسان عن وجه الأرض يقول الرب. وأمد يدي على يهوذا وعلى كل سكان أورشليم واقطع من هذا المكان بقية البعل اسم الكماريم مع الكهنة. والساجدين على السطوح لجند السماء والساجدين الحالفين بالرب والحالفين بمكوم. والمرتدين من وراء الرب والذين لم يطلبوا الرب ولا سألوا عنه.""
صفنيا,1,96,"الإصحاح الأول الآيات (1-6): ""كلمة الرب التي صارت إلى صفنيا بن كوشي بن جدليا بن امريا بن حزقيا في أيام يوشيا بن أمون ملك يهوذا. نزعا انزع الكل عن وجه الأرض يقول الرب. انزع الإنسان والحيوان انزع طيور السماء وسمك البحر والمعاثر مع الأشرار واقطع الإنسان عن وجه الأرض يقول الرب. وأمد يدي على يهوذا وعلى كل سكان أورشليم واقطع من هذا المكان بقية البعل اسم الكماريم مع الكهنة. والساجدين على السطوح لجند السماء والساجدين الحالفين بالرب والحالفين بمكوم. والمرتدين من وراء الرب والذين لم يطلبوا الرب ولا سألوا عنه.""
صفنيا,1,97,"الإصحاح الأول الآيات (1-6): ""كلمة الرب التي صارت إلى صفنيا بن كوشي بن جدليا بن امريا بن حزقيا في أيام يوشيا بن أمون ملك يهوذا. نزعا انزع الكل عن وجه الأرض يقول الرب. انزع الإنسان والحيوان انزع طيور السماء وسمك البحر والمعاثر مع الأشرار واقطع الإنسان عن وجه الأرض يقول الرب. وأمد يدي على يهوذا وعلى كل سكان أورشليم واقطع من هذا المكان بقية البعل اسم الكماريم مع الكهنة. والساجدين على السطوح لجند السماء والساجدين الحالفين بالرب والحالفين بمكوم. والمرتدين من وراء الرب والذين لم يطلبوا الرب ولا سألوا عنه.""
صفنيا,1,98,"الإصحاح الأول الآيات (1-6): ""كلمة الرب التي صارت إلى صفنيا بن كوشي بن جدليا بن امريا بن حزقيا في أيام يوشيا بن أمون ملك يهوذا. نزعا انزع الكل عن وجه الأرض يقول الرب. انزع الإنسان والحيوان انزع طيور السماء وسمك البحر والمعاثر مع الأشرار واقطع الإنسان عن وجه الأرض يقول الرب. وأمد يدي على يهوذا وعلى كل سكان أورشليم واقطع من هذا المكان بقية البعل اسم الكماريم مع الكهنة. والساجدين على السطوح لجند السماء والساجدين الحالفين بالرب والحالفين بمكوم. والمرتدين من وراء الرب والذين لم يطلبوا الرب ولا سألوا عنه.""
صفنيا,1,99,"الإصحاح الأول الآيات (1-6): ""كلمة الرب التي صارت إلى صفنيا بن كوشي بن جدليا بن امريا بن حزقيا في أيام يوشيا بن أمون ملك يهوذا. نزعا انزع الكل عن وجه الأرض يقول الرب. انزع الإنسان والحيوان انزع طيور السماء وسمك البحر والمعاثر مع الأشرار واقطع الإنسان عن وجه الأرض يقول الرب. وأمد يدي على يهوذا وعلى كل سكان أورشليم واقطع من هذا المكان بقية البعل اسم الكماريم مع الكهنة. والساجدين على السطوح لجند السماء والساجدين الحالفين بالرب والحالفين بمكوم. والمرتدين من وراء الرب والذين لم يطلبوا الرب ولا سألوا عنه.""
صفنيا,2,1,"الإصحاح الثاني الآيات (1-3): ""تجمعي واجتمعي يا أيتها الأمة غير المستحية. قبل ولادة القضاء كالعصافة عبر اليوم قبل أن يأتي عليكم حمو غضب الرب قبل أن يأتي عليكم يوم سخط الرب. اطلبوا الرب يا جميع بائسي الأرض الذين فعلوا حكمه اطلبوا البر اطلبوا التواضع لعلكم تسترون في يوم سخط الرب.""
صفنيا,2,2,"الإصحاح الثاني الآيات (1-3): ""تجمعي واجتمعي يا أيتها الأمة غير المستحية. قبل ولادة القضاء كالعصافة عبر اليوم قبل أن يأتي عليكم حمو غضب الرب قبل أن يأتي عليكم يوم سخط الرب. اطلبوا الرب يا جميع بائسي الأرض الذين فعلوا حكمه اطلبوا البر اطلبوا التواضع لعلكم تسترون في يوم سخط الرب.""
صفنيا,2,3,"الإصحاح الثاني الآيات (1-3): ""تجمعي واجتمعي يا أيتها الأمة غير المستحية. قبل ولادة القضاء كالعصافة عبر اليوم قبل أن يأتي عليكم حمو غضب الرب قبل أن يأتي عليكم يوم سخط الرب. اطلبوا الرب يا جميع بائسي الأرض الذين فعلوا حكمه اطلبوا البر اطلبوا التواضع لعلكم تسترون في يوم سخط الرب.""
صفنيا,2,4,"الإصحاح الثاني الآيات (1-3): ""تجمعي واجتمعي يا أيتها الأمة غير المستحية. قبل ولادة القضاء كالعصافة عبر اليوم قبل أن يأتي عليكم حمو غضب الرب قبل أن يأتي عليكم يوم سخط الرب. اطلبوا الرب يا جميع بائسي الأرض الذين فعلوا حكمه اطلبوا البر اطلبوا التواضع لعلكم تسترون في يوم سخط الرب.""
صفنيا,2,5,"الإصحاح الثاني الآيات (1-3): ""تجمعي واجتمعي يا أيتها الأمة غير المستحية. قبل ولادة القضاء كالعصافة عبر اليوم قبل أن يأتي عليكم حمو غضب الرب قبل أن يأتي عليكم يوم سخط الرب. اطلبوا الرب يا جميع بائسي الأرض الذين فعلوا حكمه اطلبوا البر اطلبوا التواضع لعلكم تسترون في يوم سخط الرب.""
صفنيا,2,6,"الإصحاح الثاني الآيات (1-3): ""تجمعي واجتمعي يا أيتها الأمة غير المستحية. قبل ولادة القضاء كالعصافة عبر اليوم قبل أن يأتي عليكم حمو غضب الرب قبل أن يأتي عليكم يوم سخط الرب. اطلبوا الرب يا جميع بائسي الأرض الذين فعلوا حكمه اطلبوا البر اطلبوا التواضع لعلكم تسترون في يوم سخط الرب.""
صفنيا,2,7,"الإصحاح الثاني الآيات (1-3): ""تجمعي واجتمعي يا أيتها الأمة غير المستحية. قبل ولادة القضاء كالعصافة عبر اليوم قبل أن يأتي عليكم حمو غضب الرب قبل أن يأتي عليكم يوم سخط الرب. اطلبوا الرب يا جميع بائسي الأرض الذين فعلوا حكمه اطلبوا البر اطلبوا التواضع لعلكم تسترون في يوم سخط الرب.""
صفنيا,2,8,"الإصحاح الثاني الآيات (1-3): ""تجمعي واجتمعي يا أيتها الأمة غير المستحية. قبل ولادة القضاء كالعصافة عبر اليوم قبل أن يأتي عليكم حمو غضب الرب قبل أن يأتي عليكم يوم سخط الرب. اطلبوا الرب يا جميع بائسي الأرض الذين فعلوا حكمه اطلبوا البر اطلبوا التواضع لعلكم تسترون في يوم سخط الرب.""
صفنيا,2,9,"الإصحاح الثاني الآيات (1-3): ""تجمعي واجتمعي يا أيتها الأمة غير المستحية. قبل ولادة القضاء كالعصافة عبر اليوم قبل أن يأتي عليكم حمو غضب الرب قبل أن يأتي عليكم يوم سخط الرب. اطلبوا الرب يا جميع بائسي الأرض الذين فعلوا حكمه اطلبوا البر اطلبوا التواضع لعلكم تسترون في يوم سخط الرب.""
صفنيا,2,10,"الإصحاح الثاني الآيات (1-3): ""تجمعي واجتمعي يا أيتها الأمة غير المستحية. قبل ولادة القضاء كالعصافة عبر اليوم قبل أن يأتي عليكم حمو غضب الرب قبل أن يأتي عليكم يوم سخط الرب. اطلبوا الرب يا جميع بائسي الأرض الذين فعلوا حكمه اطلبوا البر اطلبوا التواضع لعلكم تسترون في يوم سخط الرب.""
صفنيا,2,11,"الإصحاح الثاني الآيات (1-3): ""تجمعي واجتمعي يا أيتها الأمة غير المستحية. قبل ولادة القضاء كالعصافة عبر اليوم قبل أن يأتي عليكم حمو غضب الرب قبل أن يأتي عليكم يوم سخط الرب. اطلبوا الرب يا جميع بائسي الأرض الذين فعلوا حكمه اطلبوا البر اطلبوا التواضع لعلكم تسترون في يوم سخط الرب.""
صفنيا,2,12,"الإصحاح الثاني الآيات (1-3): ""تجمعي واجتمعي يا أيتها الأمة غير المستحية. قبل ولادة القضاء كالعصافة عبر اليوم قبل أن يأتي عليكم حمو غضب الرب قبل أن يأتي عليكم يوم سخط الرب. اطلبوا الرب يا جميع بائسي الأرض الذين فعلوا حكمه اطلبوا البر اطلبوا التواضع لعلكم تسترون في يوم سخط الرب.""
صفنيا,2,13,"الإصحاح الثاني الآيات (1-3): ""تجمعي واجتمعي يا أيتها الأمة غير المستحية. قبل ولادة القضاء كالعصافة عبر اليوم قبل أن يأتي عليكم حمو غضب الرب قبل أن يأتي عليكم يوم سخط الرب. اطلبوا الرب يا جميع بائسي الأرض الذين فعلوا حكمه اطلبوا البر اطلبوا التواضع لعلكم تسترون في يوم سخط الرب.""
صفنيا,2,14,"الإصحاح الثاني الآيات (1-3): ""تجمعي واجتمعي يا أيتها الأمة غير المستحية. قبل ولادة القضاء كالعصافة عبر اليوم قبل أن يأتي عليكم حمو غضب الرب قبل أن يأتي عليكم يوم سخط الرب. اطلبوا الرب يا جميع بائسي الأرض الذين فعلوا حكمه اطلبوا البر اطلبوا التواضع لعلكم تسترون في يوم سخط الرب.""
صفنيا,2,15,"الإصحاح الثاني الآيات (1-3): ""تجمعي واجتمعي يا أيتها الأمة غير المستحية. قبل ولادة القضاء كالعصافة عبر اليوم قبل أن يأتي عليكم حمو غضب الرب قبل أن يأتي عليكم يوم سخط الرب. اطلبوا الرب يا جميع بائسي الأرض الذين فعلوا حكمه اطلبوا البر اطلبوا التواضع لعلكم تسترون في يوم سخط الرب.""
صفنيا,2,16,"الإصحاح الثاني الآيات (1-3): ""تجمعي واجتمعي يا أيتها الأمة غير المستحية. قبل ولادة القضاء كالعصافة عبر اليوم قبل أن يأتي عليكم حمو غضب الرب قبل أن يأتي عليكم يوم سخط الرب. اطلبوا الرب يا جميع بائسي الأرض الذين فعلوا حكمه اطلبوا البر اطلبوا التواضع لعلكم تسترون في يوم سخط الرب.""
صفنيا,2,17,"الإصحاح الثاني الآيات (1-3): ""تجمعي واجتمعي يا أيتها الأمة غير المستحية. قبل ولادة القضاء كالعصافة عبر اليوم قبل أن يأتي عليكم حمو غضب الرب قبل أن يأتي عليكم يوم سخط الرب. اطلبوا الرب يا جميع بائسي الأرض الذين فعلوا حكمه اطلبوا البر اطلبوا التواضع لعلكم تسترون في يوم سخط الرب.""
صفنيا,2,18,"الإصحاح الثاني الآيات (1-3): ""تجمعي واجتمعي يا أيتها الأمة غير المستحية. قبل ولادة القضاء كالعصافة عبر اليوم قبل أن يأتي عليكم حمو غضب الرب قبل أن يأتي عليكم يوم سخط الرب. اطلبوا الرب يا جميع بائسي الأرض الذين فعلوا حكمه اطلبوا البر اطلبوا التواضع لعلكم تسترون في يوم سخط الرب.""
صفنيا,2,19,"الإصحاح الثاني الآيات (1-3): ""تجمعي واجتمعي يا أيتها الأمة غير المستحية. قبل ولادة القضاء كالعصافة عبر اليوم قبل أن يأتي عليكم حمو غضب الرب قبل أن يأتي عليكم يوم سخط الرب. اطلبوا الرب يا جميع بائسي الأرض الذين فعلوا حكمه اطلبوا البر اطلبوا التواضع لعلكم تسترون في يوم سخط الرب.""
صفنيا,2,20,"الإصحاح الثاني الآيات (1-3): ""تجمعي واجتمعي يا أيتها الأمة غير المستحية. قبل ولادة القضاء كالعصافة عبر اليوم قبل أن يأتي عليكم حمو غضب الرب قبل أن يأتي عليكم يوم سخط الرب. اطلبوا الرب يا جميع بائسي الأرض الذين فعلوا حكمه اطلبوا البر اطلبوا التواضع لعلكم تسترون في يوم سخط الرب.""
صفنيا,2,21,"الإصحاح الثاني الآيات (1-3): ""تجمعي واجتمعي يا أيتها الأمة غير المستحية. قبل ولادة القضاء كالعصافة عبر اليوم قبل أن يأتي عليكم حمو غضب الرب قبل أن يأتي عليكم يوم سخط الرب. اطلبوا الرب يا جميع بائسي الأرض الذين فعلوا حكمه اطلبوا البر اطلبوا التواضع لعلكم تسترون في يوم سخط الرب.""
صفنيا,2,22,"الإصحاح الثاني الآيات (1-3): ""تجمعي واجتمعي يا أيتها الأمة غير المستحية. قبل ولادة القضاء كالعصافة عبر اليوم قبل أن يأتي عليكم حمو غضب الرب قبل أن يأتي عليكم يوم سخط الرب. اطلبوا الرب يا جميع بائسي الأرض الذين فعلوا حكمه اطلبوا البر اطلبوا التواضع لعلكم تسترون في يوم سخط الرب.""
صفنيا,2,23,"الإصحاح الثاني الآيات (1-3): ""تجمعي واجتمعي يا أيتها الأمة غير المستحية. قبل ولادة القضاء كالعصافة عبر اليوم قبل أن يأتي عليكم حمو غضب الرب قبل أن يأتي عليكم يوم سخط الرب. اطلبوا الرب يا جميع بائسي الأرض الذين فعلوا حكمه اطلبوا البر اطلبوا التواضع لعلكم تسترون في يوم سخط الرب.""
صفنيا,2,24,"الإصحاح الثاني الآيات (1-3): ""تجمعي واجتمعي يا أيتها الأمة غير المستحية. قبل ولادة القضاء كالعصافة عبر اليوم قبل أن يأتي عليكم حمو غضب الرب قبل أن يأتي عليكم يوم سخط الرب. اطلبوا الرب يا جميع بائسي الأرض الذين فعلوا حكمه اطلبوا البر اطلبوا التواضع لعلكم تسترون في يوم سخط الرب.""
صفنيا,2,25,"الإصحاح الثاني الآيات (1-3): ""تجمعي واجتمعي يا أيتها الأمة غير المستحية. قبل ولادة القضاء كالعصافة عبر اليوم قبل أن يأتي عليكم حمو غضب الرب قبل أن يأتي عليكم يوم سخط الرب. اطلبوا الرب يا جميع بائسي الأرض الذين فعلوا حكمه اطلبوا البر اطلبوا التواضع لعلكم تسترون في يوم سخط الرب.""
صفنيا,2,26,"الإصحاح الثاني الآيات (1-3): ""تجمعي واجتمعي يا أيتها الأمة غير المستحية. قبل ولادة القضاء كالعصافة عبر اليوم قبل أن يأتي عليكم حمو غضب الرب قبل أن يأتي عليكم يوم سخط الرب. اطلبوا الرب يا جميع بائسي الأرض الذين فعلوا حكمه اطلبوا البر اطلبوا التواضع لعلكم تسترون في يوم سخط الرب.""
صفنيا,2,27,"الإصحاح الثاني الآيات (1-3): ""تجمعي واجتمعي يا أيتها الأمة غير المستحية. قبل ولادة القضاء كالعصافة عبر اليوم قبل أن يأتي عليكم حمو غضب الرب قبل أن يأتي عليكم يوم سخط الرب. اطلبوا الرب يا جميع بائسي الأرض الذين فعلوا حكمه اطلبوا البر اطلبوا التواضع لعلكم تسترون في يوم سخط الرب.""
صفنيا,2,28,"الإصحاح الثاني الآيات (1-3): ""تجمعي واجتمعي يا أيتها الأمة غير المستحية. قبل ولادة القضاء كالعصافة عبر اليوم قبل أن يأتي عليكم حمو غضب الرب قبل أن يأتي عليكم يوم سخط الرب. اطلبوا الرب يا جميع بائسي الأرض الذين فعلوا حكمه اطلبوا البر اطلبوا التواضع لعلكم تسترون في يوم سخط الرب.""
صفنيا,2,29,"الإصحاح الثاني الآيات (1-3): ""تجمعي واجتمعي يا أيتها الأمة غير المستحية. قبل ولادة القضاء كالعصافة عبر اليوم قبل أن يأتي عليكم حمو غضب الرب قبل أن يأتي عليكم يوم سخط الرب. اطلبوا الرب يا جميع بائسي الأرض الذين فعلوا حكمه اطلبوا البر اطلبوا التواضع لعلكم تسترون في يوم سخط الرب.""
صفنيا,2,30,"الإصحاح الثاني الآيات (1-3): ""تجمعي واجتمعي يا أيتها الأمة غير المستحية. قبل ولادة القضاء كالعصافة عبر اليوم قبل أن يأتي عليكم حمو غضب الرب قبل أن يأتي عليكم يوم سخط الرب. اطلبوا الرب يا جميع بائسي الأرض الذين فعلوا حكمه اطلبوا البر اطلبوا التواضع لعلكم تسترون في يوم سخط الرب.""
صفنيا,2,31,"الإصحاح الثاني الآيات (1-3): ""تجمعي واجتمعي يا أيتها الأمة غير المستحية. قبل ولادة القضاء كالعصافة عبر اليوم قبل أن يأتي عليكم حمو غضب الرب قبل أن يأتي عليكم يوم سخط الرب. اطلبوا الرب يا جميع بائسي الأرض الذين فعلوا حكمه اطلبوا البر اطلبوا التواضع لعلكم تسترون في يوم سخط الرب.""
صفنيا,2,32,"الإصحاح الثاني الآيات (1-3): ""تجمعي واجتمعي يا أيتها الأمة غير المستحية. قبل ولادة القضاء كالعصافة عبر اليوم قبل أن يأتي عليكم حمو غضب الرب قبل أن يأتي عليكم يوم سخط الرب. اطلبوا الرب يا جميع بائسي الأرض الذين فعلوا حكمه اطلبوا البر اطلبوا التواضع لعلكم تسترون في يوم سخط الرب.""
صفنيا,2,33,"الإصحاح الثاني الآيات (1-3): ""تجمعي واجتمعي يا أيتها الأمة غير المستحية. قبل ولادة القضاء كالعصافة عبر اليوم قبل أن يأتي عليكم حمو غضب الرب قبل أن يأتي عليكم يوم سخط الرب. اطلبوا الرب يا جميع بائسي الأرض الذين فعلوا حكمه اطلبوا البر اطلبوا التواضع لعلكم تسترون في يوم سخط الرب.""
صفنيا,2,34,"الإصحاح الثاني الآيات (1-3): ""تجمعي واجتمعي يا أيتها الأمة غير المستحية. قبل ولادة القضاء كالعصافة عبر اليوم قبل أن يأتي عليكم حمو غضب الرب قبل أن يأتي عليكم يوم سخط الرب. اطلبوا الرب يا جميع بائسي الأرض الذين فعلوا حكمه اطلبوا البر اطلبوا التواضع لعلكم تسترون في يوم سخط الرب.""
صفنيا,2,35,"الإصحاح الثاني الآيات (1-3): ""تجمعي واجتمعي يا أيتها الأمة غير المستحية. قبل ولادة القضاء كالعصافة عبر اليوم قبل أن يأتي عليكم حمو غضب الرب قبل أن يأتي عليكم يوم سخط الرب. اطلبوا الرب يا جميع بائسي الأرض الذين فعلوا حكمه اطلبوا البر اطلبوا التواضع لعلكم تسترون في يوم سخط الرب.""
صفنيا,2,36,"الإصحاح الثاني الآيات (1-3): ""تجمعي واجتمعي يا أيتها الأمة غير المستحية. قبل ولادة القضاء كالعصافة عبر اليوم قبل أن يأتي عليكم حمو غضب الرب قبل أن يأتي عليكم يوم سخط الرب. اطلبوا الرب يا جميع بائسي الأرض الذين فعلوا حكمه اطلبوا البر اطلبوا التواضع لعلكم تسترون في يوم سخط الرب.""
صفنيا,2,37,"الإصحاح الثاني الآيات (1-3): ""تجمعي واجتمعي يا أيتها الأمة غير المستحية. قبل ولادة القضاء كالعصافة عبر اليوم قبل أن يأتي عليكم حمو غضب الرب قبل أن يأتي عليكم يوم سخط الرب. اطلبوا الرب يا جميع بائسي الأرض الذين فعلوا حكمه اطلبوا البر اطلبوا التواضع لعلكم تسترون في يوم سخط الرب.""
صفنيا,2,38,"الإصحاح الثاني الآيات (1-3): ""تجمعي واجتمعي يا أيتها الأمة غير المستحية. قبل ولادة القضاء كالعصافة عبر اليوم قبل أن يأتي عليكم حمو غضب الرب قبل أن يأتي عليكم يوم سخط الرب. اطلبوا الرب يا جميع بائسي الأرض الذين فعلوا حكمه اطلبوا البر اطلبوا التواضع لعلكم تسترون في يوم سخط الرب.""
صفنيا,2,39,"الإصحاح الثاني الآيات (1-3): ""تجمعي واجتمعي يا أيتها الأمة غير المستحية. قبل ولادة القضاء كالعصافة عبر اليوم قبل أن يأتي عليكم حمو غضب الرب قبل أن يأتي عليكم يوم سخط الرب. اطلبوا الرب يا جميع بائسي الأرض الذين فعلوا حكمه اطلبوا البر اطلبوا التواضع لعلكم تسترون في يوم سخط الرب.""
صفنيا,2,40,"الإصحاح الثاني الآيات (1-3): ""تجمعي واجتمعي يا أيتها الأمة غير المستحية. قبل ولادة القضاء كالعصافة عبر اليوم قبل أن يأتي عليكم حمو غضب الرب قبل أن يأتي عليكم يوم سخط الرب. اطلبوا الرب يا جميع بائسي الأرض الذين فعلوا حكمه اطلبوا البر اطلبوا التواضع لعلكم تسترون في يوم سخط الرب.""
صفنيا,2,41,"الإصحاح الثاني الآيات (1-3): ""تجمعي واجتمعي يا أيتها الأمة غير المستحية. قبل ولادة القضاء كالعصافة عبر اليوم قبل أن يأتي عليكم حمو غضب الرب قبل أن يأتي عليكم يوم سخط الرب. اطلبوا الرب يا جميع بائسي الأرض الذين فعلوا حكمه اطلبوا البر اطلبوا التواضع لعلكم تسترون في يوم سخط الرب.""
صفنيا,2,42,"الإصحاح الثاني الآيات (1-3): ""تجمعي واجتمعي يا أيتها الأمة غير المستحية. قبل ولادة القضاء كالعصافة عبر اليوم قبل أن يأتي عليكم حمو غضب الرب قبل أن يأتي عليكم يوم سخط الرب. اطلبوا الرب يا جميع بائسي الأرض الذين فعلوا حكمه اطلبوا البر اطلبوا التواضع لعلكم تسترون في يوم سخط الرب.""
صفنيا,2,43,"الإصحاح الثاني الآيات (1-3): ""تجمعي واجتمعي يا أيتها الأمة غير المستحية. قبل ولادة القضاء كالعصافة عبر اليوم قبل أن يأتي عليكم حمو غضب الرب قبل أن يأتي عليكم يوم سخط الرب. اطلبوا الرب يا جميع بائسي الأرض الذين فعلوا حكمه اطلبوا البر اطلبوا التواضع لعلكم تسترون في يوم سخط الرب.""
صفنيا,2,44,"الإصحاح الثاني الآيات (1-3): ""تجمعي واجتمعي يا أيتها الأمة غير المستحية. قبل ولادة القضاء كالعصافة عبر اليوم قبل أن يأتي عليكم حمو غضب الرب قبل أن يأتي عليكم يوم سخط الرب. اطلبوا الرب يا جميع بائسي الأرض الذين فعلوا حكمه اطلبوا البر اطلبوا التواضع لعلكم تسترون في يوم سخط الرب.""
صفنيا,2,45,"الإصحاح الثاني الآيات (1-3): ""تجمعي واجتمعي يا أيتها الأمة غير المستحية. قبل ولادة القضاء كالعصافة عبر اليوم قبل أن يأتي عليكم حمو غضب الرب قبل أن يأتي عليكم يوم سخط الرب. اطلبوا الرب يا جميع بائسي الأرض الذين فعلوا حكمه اطلبوا البر اطلبوا التواضع لعلكم تسترون في يوم سخط الرب.""
صفنيا,2,46,"الإصحاح الثاني الآيات (1-3): ""تجمعي واجتمعي يا أيتها الأمة غير المستحية. قبل ولادة القضاء كالعصافة عبر اليوم قبل أن يأتي عليكم حمو غضب الرب قبل أن يأتي عليكم يوم سخط الرب. اطلبوا الرب يا جميع بائسي الأرض الذين فعلوا حكمه اطلبوا البر اطلبوا التواضع لعلكم تسترون في يوم سخط الرب.""
صفنيا,2,47,"الإصحاح الثاني الآيات (1-3): ""تجمعي واجتمعي يا أيتها الأمة غير المستحية. قبل ولادة القضاء كالعصافة عبر اليوم قبل أن يأتي عليكم حمو غضب الرب قبل أن يأتي عليكم يوم سخط الرب. اطلبوا الرب يا جميع بائسي الأرض الذين فعلوا حكمه اطلبوا البر اطلبوا التواضع لعلكم تسترون في يوم سخط الرب.""
صفنيا,2,48,"الإصحاح الثاني الآيات (1-3): ""تجمعي واجتمعي يا أيتها الأمة غير المستحية. قبل ولادة القضاء كالعصافة عبر اليوم قبل أن يأتي عليكم حمو غضب الرب قبل أن يأتي عليكم يوم سخط الرب. اطلبوا الرب يا جميع بائسي الأرض الذين فعلوا حكمه اطلبوا البر اطلبوا التواضع لعلكم تسترون في يوم سخط الرب.""
صفنيا,2,49,"الإصحاح الثاني الآيات (1-3): ""تجمعي واجتمعي يا أيتها الأمة غير المستحية. قبل ولادة القضاء كالعصافة عبر اليوم قبل أن يأتي عليكم حمو غضب الرب قبل أن يأتي عليكم يوم سخط الرب. اطلبوا الرب يا جميع بائسي الأرض الذين فعلوا حكمه اطلبوا البر اطلبوا التواضع لعلكم تسترون في يوم سخط الرب.""
صفنيا,2,50,"الإصحاح الثاني الآيات (1-3): ""تجمعي واجتمعي يا أيتها الأمة غير المستحية. قبل ولادة القضاء كالعصافة عبر اليوم قبل أن يأتي عليكم حمو غضب الرب قبل أن يأتي عليكم يوم سخط الرب. اطلبوا الرب يا جميع بائسي الأرض الذين فعلوا حكمه اطلبوا البر اطلبوا التواضع لعلكم تسترون في يوم سخط الرب.""
صفنيا,2,51,"الإصحاح الثاني الآيات (1-3): ""تجمعي واجتمعي يا أيتها الأمة غير المستحية. قبل ولادة القضاء كالعصافة عبر اليوم قبل أن يأتي عليكم حمو غضب الرب قبل أن يأتي عليكم يوم سخط الرب. اطلبوا الرب يا جميع بائسي الأرض الذين فعلوا حكمه اطلبوا البر اطلبوا التواضع لعلكم تسترون في يوم سخط الرب.""
صفنيا,2,52,"الإصحاح الثاني الآيات (1-3): ""تجمعي واجتمعي يا أيتها الأمة غير المستحية. قبل ولادة القضاء كالعصافة عبر اليوم قبل أن يأتي عليكم حمو غضب الرب قبل أن يأتي عليكم يوم سخط الرب. اطلبوا الرب يا جميع بائسي الأرض الذين فعلوا حكمه اطلبوا البر اطلبوا التواضع لعلكم تسترون في يوم سخط الرب.""
صفنيا,2,53,"الإصحاح الثاني الآيات (1-3): ""تجمعي واجتمعي يا أيتها الأمة غير المستحية. قبل ولادة القضاء كالعصافة عبر اليوم قبل أن يأتي عليكم حمو غضب الرب قبل أن يأتي عليكم يوم سخط الرب. اطلبوا الرب يا جميع بائسي الأرض الذين فعلوا حكمه اطلبوا البر اطلبوا التواضع لعلكم تسترون في يوم سخط الرب.""
صفنيا,2,54,"الإصحاح الثاني الآيات (1-3): ""تجمعي واجتمعي يا أيتها الأمة غير المستحية. قبل ولادة القضاء كالعصافة عبر اليوم قبل أن يأتي عليكم حمو غضب الرب قبل أن يأتي عليكم يوم سخط الرب. اطلبوا الرب يا جميع بائسي الأرض الذين فعلوا حكمه اطلبوا البر اطلبوا التواضع لعلكم تسترون في يوم سخط الرب.""
صفنيا,2,55,"الإصحاح الثاني الآيات (1-3): ""تجمعي واجتمعي يا أيتها الأمة غير المستحية. قبل ولادة القضاء كالعصافة عبر اليوم قبل أن يأتي عليكم حمو غضب الرب قبل أن يأتي عليكم يوم سخط الرب. اطلبوا الرب يا جميع بائسي الأرض الذين فعلوا حكمه اطلبوا البر اطلبوا التواضع لعلكم تسترون في يوم سخط الرب.""
صفنيا,2,56,"الإصحاح الثاني الآيات (1-3): ""تجمعي واجتمعي يا أيتها الأمة غير المستحية. قبل ولادة القضاء كالعصافة عبر اليوم قبل أن يأتي عليكم حمو غضب الرب قبل أن يأتي عليكم يوم سخط الرب. اطلبوا الرب يا جميع بائسي الأرض الذين فعلوا حكمه اطلبوا البر اطلبوا التواضع لعلكم تسترون في يوم سخط الرب.""
صفنيا,2,57,"الإصحاح الثاني الآيات (1-3): ""تجمعي واجتمعي يا أيتها الأمة غير المستحية. قبل ولادة القضاء كالعصافة عبر اليوم قبل أن يأتي عليكم حمو غضب الرب قبل أن يأتي عليكم يوم سخط الرب. اطلبوا الرب يا جميع بائسي الأرض الذين فعلوا حكمه اطلبوا البر اطلبوا التواضع لعلكم تسترون في يوم سخط الرب.""
صفنيا,2,58,"الإصحاح الثاني الآيات (1-3): ""تجمعي واجتمعي يا أيتها الأمة غير المستحية. قبل ولادة القضاء كالعصافة عبر اليوم قبل أن يأتي عليكم حمو غضب الرب قبل أن يأتي عليكم يوم سخط الرب. اطلبوا الرب يا جميع بائسي الأرض الذين فعلوا حكمه اطلبوا البر اطلبوا التواضع لعلكم تسترون في يوم سخط الرب.""
صفنيا,2,59,"الإصحاح الثاني الآيات (1-3): ""تجمعي واجتمعي يا أيتها الأمة غير المستحية. قبل ولادة القضاء كالعصافة عبر اليوم قبل أن يأتي عليكم حمو غضب الرب قبل أن يأتي عليكم يوم سخط الرب. اطلبوا الرب يا جميع بائسي الأرض الذين فعلوا حكمه اطلبوا البر اطلبوا التواضع لعلكم تسترون في يوم سخط الرب.""
صفنيا,2,60,"الإصحاح الثاني الآيات (1-3): ""تجمعي واجتمعي يا أيتها الأمة غير المستحية. قبل ولادة القضاء كالعصافة عبر اليوم قبل أن يأتي عليكم حمو غضب الرب قبل أن يأتي عليكم يوم سخط الرب. اطلبوا الرب يا جميع بائسي الأرض الذين فعلوا حكمه اطلبوا البر اطلبوا التواضع لعلكم تسترون في يوم سخط الرب.""
صفنيا,2,61,"الإصحاح الثاني الآيات (1-3): ""تجمعي واجتمعي يا أيتها الأمة غير المستحية. قبل ولادة القضاء كالعصافة عبر اليوم قبل أن يأتي عليكم حمو غضب الرب قبل أن يأتي عليكم يوم سخط الرب. اطلبوا الرب يا جميع بائسي الأرض الذين فعلوا حكمه اطلبوا البر اطلبوا التواضع لعلكم تسترون في يوم سخط الرب.""
صفنيا,2,62,"الإصحاح الثاني الآيات (1-3): ""تجمعي واجتمعي يا أيتها الأمة غير المستحية. قبل ولادة القضاء كالعصافة عبر اليوم قبل أن يأتي عليكم حمو غضب الرب قبل أن يأتي عليكم يوم سخط الرب. اطلبوا الرب يا جميع بائسي الأرض الذين فعلوا حكمه اطلبوا البر اطلبوا التواضع لعلكم تسترون في يوم سخط الرب.""
صفنيا,2,63,"الإصحاح الثاني الآيات (1-3): ""تجمعي واجتمعي يا أيتها الأمة غير المستحية. قبل ولادة القضاء كالعصافة عبر اليوم قبل أن يأتي عليكم حمو غضب الرب قبل أن يأتي عليكم يوم سخط الرب. اطلبوا الرب يا جميع بائسي الأرض الذين فعلوا حكمه اطلبوا البر اطلبوا التواضع لعلكم تسترون في يوم سخط الرب.""
صفنيا,2,64,"الإصحاح الثاني الآيات (1-3): ""تجمعي واجتمعي يا أيتها الأمة غير المستحية. قبل ولادة القضاء كالعصافة عبر اليوم قبل أن يأتي عليكم حمو غضب الرب قبل أن يأتي عليكم يوم سخط الرب. اطلبوا الرب يا جميع بائسي الأرض الذين فعلوا حكمه اطلبوا البر اطلبوا التواضع لعلكم تسترون في يوم سخط الرب.""
صفنيا,2,65,"الإصحاح الثاني الآيات (1-3): ""تجمعي واجتمعي يا أيتها الأمة غير المستحية. قبل ولادة القضاء كالعصافة عبر اليوم قبل أن يأتي عليكم حمو غضب الرب قبل أن يأتي عليكم يوم سخط الرب. اطلبوا الرب يا جميع بائسي الأرض الذين فعلوا حكمه اطلبوا البر اطلبوا التواضع لعلكم تسترون في يوم سخط الرب.""
صفنيا,2,66,"الإصحاح الثاني الآيات (1-3): ""تجمعي واجتمعي يا أيتها الأمة غير المستحية. قبل ولادة القضاء كالعصافة عبر اليوم قبل أن يأتي عليكم حمو غضب الرب قبل أن يأتي عليكم يوم سخط الرب. اطلبوا الرب يا جميع بائسي الأرض الذين فعلوا حكمه اطلبوا البر اطلبوا التواضع لعلكم تسترون في يوم سخط الرب.""
صفنيا,2,67,"الإصحاح الثاني الآيات (1-3): ""تجمعي واجتمعي يا أيتها الأمة غير المستحية. قبل ولادة القضاء كالعصافة عبر اليوم قبل أن يأتي عليكم حمو غضب الرب قبل أن يأتي عليكم يوم سخط الرب. اطلبوا الرب يا جميع بائسي الأرض الذين فعلوا حكمه اطلبوا البر اطلبوا التواضع لعلكم تسترون في يوم سخط الرب.""
صفنيا,2,68,"الإصحاح الثاني الآيات (1-3): ""تجمعي واجتمعي يا أيتها الأمة غير المستحية. قبل ولادة القضاء كالعصافة عبر اليوم قبل أن يأتي عليكم حمو غضب الرب قبل أن يأتي عليكم يوم سخط الرب. اطلبوا الرب يا جميع بائسي الأرض الذين فعلوا حكمه اطلبوا البر اطلبوا التواضع لعلكم تسترون في يوم سخط الرب.""
صفنيا,2,69,"الإصحاح الثاني الآيات (1-3): ""تجمعي واجتمعي يا أيتها الأمة غير المستحية. قبل ولادة القضاء كالعصافة عبر اليوم قبل أن يأتي عليكم حمو غضب الرب قبل أن يأتي عليكم يوم سخط الرب. اطلبوا الرب يا جميع بائسي الأرض الذين فعلوا حكمه اطلبوا البر اطلبوا التواضع لعلكم تسترون في يوم سخط الرب.""
صفنيا,2,70,"الإصحاح الثاني الآيات (1-3): ""تجمعي واجتمعي يا أيتها الأمة غير المستحية. قبل ولادة القضاء كالعصافة عبر اليوم قبل أن يأتي عليكم حمو غضب الرب قبل أن يأتي عليكم يوم سخط الرب. اطلبوا الرب يا جميع بائسي الأرض الذين فعلوا حكمه اطلبوا البر اطلبوا التواضع لعلكم تسترون في يوم سخط الرب.""
صفنيا,2,71,"الإصحاح الثاني الآيات (1-3): ""تجمعي واجتمعي يا أيتها الأمة غير المستحية. قبل ولادة القضاء كالعصافة عبر اليوم قبل أن يأتي عليكم حمو غضب الرب قبل أن يأتي عليكم يوم سخط الرب. اطلبوا الرب يا جميع بائسي الأرض الذين فعلوا حكمه اطلبوا البر اطلبوا التواضع لعلكم تسترون في يوم سخط الرب.""
صفنيا,2,72,"الإصحاح الثاني الآيات (1-3): ""تجمعي واجتمعي يا أيتها الأمة غير المستحية. قبل ولادة القضاء كالعصافة عبر اليوم قبل أن يأتي عليكم حمو غضب الرب قبل أن يأتي عليكم يوم سخط الرب. اطلبوا الرب يا جميع بائسي الأرض الذين فعلوا حكمه اطلبوا البر اطلبوا التواضع لعلكم تسترون في يوم سخط الرب.""
صفنيا,2,73,"الإصحاح الثاني الآيات (1-3): ""تجمعي واجتمعي يا أيتها الأمة غير المستحية. قبل ولادة القضاء كالعصافة عبر اليوم قبل أن يأتي عليكم حمو غضب الرب قبل أن يأتي عليكم يوم سخط الرب. اطلبوا الرب يا جميع بائسي الأرض الذين فعلوا حكمه اطلبوا البر اطلبوا التواضع لعلكم تسترون في يوم سخط الرب.""
صفنيا,2,74,"الإصحاح الثاني الآيات (1-3): ""تجمعي واجتمعي يا أيتها الأمة غير المستحية. قبل ولادة القضاء كالعصافة عبر اليوم قبل أن يأتي عليكم حمو غضب الرب قبل أن يأتي عليكم يوم سخط الرب. اطلبوا الرب يا جميع بائسي الأرض الذين فعلوا حكمه اطلبوا البر اطلبوا التواضع لعلكم تسترون في يوم سخط الرب.""
صفنيا,2,75,"الإصحاح الثاني الآيات (1-3): ""تجمعي واجتمعي يا أيتها الأمة غير المستحية. قبل ولادة القضاء كالعصافة عبر اليوم قبل أن يأتي عليكم حمو غضب الرب قبل أن يأتي عليكم يوم سخط الرب. اطلبوا الرب يا جميع بائسي الأرض الذين فعلوا حكمه اطلبوا البر اطلبوا التواضع لعلكم تسترون في يوم سخط الرب.""
صفنيا,2,76,"الإصحاح الثاني الآيات (1-3): ""تجمعي واجتمعي يا أيتها الأمة غير المستحية. قبل ولادة القضاء كالعصافة عبر اليوم قبل أن يأتي عليكم حمو غضب الرب قبل أن يأتي عليكم يوم سخط الرب. اطلبوا الرب يا جميع بائسي الأرض الذين فعلوا حكمه اطلبوا البر اطلبوا التواضع لعلكم تسترون في يوم سخط الرب.""
صفنيا,2,77,"الإصحاح الثاني الآيات (1-3): ""تجمعي واجتمعي يا أيتها الأمة غير المستحية. قبل ولادة القضاء كالعصافة عبر اليوم قبل أن يأتي عليكم حمو غضب الرب قبل أن يأتي عليكم يوم سخط الرب. اطلبوا الرب يا جميع بائسي الأرض الذين فعلوا حكمه اطلبوا البر اطلبوا التواضع لعلكم تسترون في يوم سخط الرب.""
صفنيا,2,78,"الإصحاح الثاني الآيات (1-3): ""تجمعي واجتمعي يا أيتها الأمة غير المستحية. قبل ولادة القضاء كالعصافة عبر اليوم قبل أن يأتي عليكم حمو غضب الرب قبل أن يأتي عليكم يوم سخط الرب. اطلبوا الرب يا جميع بائسي الأرض الذين فعلوا حكمه اطلبوا البر اطلبوا التواضع لعلكم تسترون في يوم سخط الرب.""
صفنيا,2,79,"الإصحاح الثاني الآيات (1-3): ""تجمعي واجتمعي يا أيتها الأمة غير المستحية. قبل ولادة القضاء كالعصافة عبر اليوم قبل أن يأتي عليكم حمو غضب الرب قبل أن يأتي عليكم يوم سخط الرب. اطلبوا الرب يا جميع بائسي الأرض الذين فعلوا حكمه اطلبوا البر اطلبوا التواضع لعلكم تسترون في يوم سخط الرب.""
صفنيا,2,80,"الإصحاح الثاني الآيات (1-3): ""تجمعي واجتمعي يا أيتها الأمة غير المستحية. قبل ولادة القضاء كالعصافة عبر اليوم قبل أن يأتي عليكم حمو غضب الرب قبل أن يأتي عليكم يوم سخط الرب. اطلبوا الرب يا جميع بائسي الأرض الذين فعلوا حكمه اطلبوا البر اطلبوا التواضع لعلكم تسترون في يوم سخط الرب.""
صفنيا,2,81,"الإصحاح الثاني الآيات (1-3): ""تجمعي واجتمعي يا أيتها الأمة غير المستحية. قبل ولادة القضاء كالعصافة عبر اليوم قبل أن يأتي عليكم حمو غضب الرب قبل أن يأتي عليكم يوم سخط الرب. اطلبوا الرب يا جميع بائسي الأرض الذين فعلوا حكمه اطلبوا البر اطلبوا التواضع لعلكم تسترون في يوم سخط الرب.""
صفنيا,2,82,"الإصحاح الثاني الآيات (1-3): ""تجمعي واجتمعي يا أيتها الأمة غير المستحية. قبل ولادة القضاء كالعصافة عبر اليوم قبل أن يأتي عليكم حمو غضب الرب قبل أن يأتي عليكم يوم سخط الرب. اطلبوا الرب يا جميع بائسي الأرض الذين فعلوا حكمه اطلبوا البر اطلبوا التواضع لعلكم تسترون في يوم سخط الرب.""
صفنيا,2,83,"الإصحاح الثاني الآيات (1-3): ""تجمعي واجتمعي يا أيتها الأمة غير المستحية. قبل ولادة القضاء كالعصافة عبر اليوم قبل أن يأتي عليكم حمو غضب الرب قبل أن يأتي عليكم يوم سخط الرب. اطلبوا الرب يا جميع بائسي الأرض الذين فعلوا حكمه اطلبوا البر اطلبوا التواضع لعلكم تسترون في يوم سخط الرب.""
صفنيا,2,84,"الإصحاح الثاني الآيات (1-3): ""تجمعي واجتمعي يا أيتها الأمة غير المستحية. قبل ولادة القضاء كالعصافة عبر اليوم قبل أن يأتي عليكم حمو غضب الرب قبل أن يأتي عليكم يوم سخط الرب. اطلبوا الرب يا جميع بائسي الأرض الذين فعلوا حكمه اطلبوا البر اطلبوا التواضع لعلكم تسترون في يوم سخط الرب.""
صفنيا,2,85,"الإصحاح الثاني الآيات (1-3): ""تجمعي واجتمعي يا أيتها الأمة غير المستحية. قبل ولادة القضاء كالعصافة عبر اليوم قبل أن يأتي عليكم حمو غضب الرب قبل أن يأتي عليكم يوم سخط الرب. اطلبوا الرب يا جميع بائسي الأرض الذين فعلوا حكمه اطلبوا البر اطلبوا التواضع لعلكم تسترون في يوم سخط الرب.""
صفنيا,2,86,"الإصحاح الثاني الآيات (1-3): ""تجمعي واجتمعي يا أيتها الأمة غير المستحية. قبل ولادة القضاء كالعصافة عبر اليوم قبل أن يأتي عليكم حمو غضب الرب قبل أن يأتي عليكم يوم سخط الرب. اطلبوا الرب يا جميع بائسي الأرض الذين فعلوا حكمه اطلبوا البر اطلبوا التواضع لعلكم تسترون في يوم سخط الرب.""
صفنيا,2,87,"الإصحاح الثاني الآيات (1-3): ""تجمعي واجتمعي يا أيتها الأمة غير المستحية. قبل ولادة القضاء كالعصافة عبر اليوم قبل أن يأتي عليكم حمو غضب الرب قبل أن يأتي عليكم يوم سخط الرب. اطلبوا الرب يا جميع بائسي الأرض الذين فعلوا حكمه اطلبوا البر اطلبوا التواضع لعلكم تسترون في يوم سخط الرب.""
صفنيا,2,88,"الإصحاح الثاني الآيات (1-3): ""تجمعي واجتمعي يا أيتها الأمة غير المستحية. قبل ولادة القضاء كالعصافة عبر اليوم قبل أن يأتي عليكم حمو غضب الرب قبل أن يأتي عليكم يوم سخط الرب. اطلبوا الرب يا جميع بائسي الأرض الذين فعلوا حكمه اطلبوا البر اطلبوا التواضع لعلكم تسترون في يوم سخط الرب.""
صفنيا,2,89,"الإصحاح الثاني الآيات (1-3): ""تجمعي واجتمعي يا أيتها الأمة غير المستحية. قبل ولادة القضاء كالعصافة عبر اليوم قبل أن يأتي عليكم حمو غضب الرب قبل أن يأتي عليكم يوم سخط الرب. اطلبوا الرب يا جميع بائسي الأرض الذين فعلوا حكمه اطلبوا البر اطلبوا التواضع لعلكم تسترون في يوم سخط الرب.""
صفنيا,2,90,"الإصحاح الثاني الآيات (1-3): ""تجمعي واجتمعي يا أيتها الأمة غير المستحية. قبل ولادة القضاء كالعصافة عبر اليوم قبل أن يأتي عليكم حمو غضب الرب قبل أن يأتي عليكم يوم سخط الرب. اطلبوا الرب يا جميع بائسي الأرض الذين فعلوا حكمه اطلبوا البر اطلبوا التواضع لعلكم تسترون في يوم سخط الرب.""
صفنيا,2,91,"الإصحاح الثاني الآيات (1-3): ""تجمعي واجتمعي يا أيتها الأمة غير المستحية. قبل ولادة القضاء كالعصافة عبر اليوم قبل أن يأتي عليكم حمو غضب الرب قبل أن يأتي عليكم يوم سخط الرب. اطلبوا الرب يا جميع بائسي الأرض الذين فعلوا حكمه اطلبوا البر اطلبوا التواضع لعلكم تسترون في يوم سخط الرب.""
صفنيا,2,92,"الإصحاح الثاني الآيات (1-3): ""تجمعي واجتمعي يا أيتها الأمة غير المستحية. قبل ولادة القضاء كالعصافة عبر اليوم قبل أن يأتي عليكم حمو غضب الرب قبل أن يأتي عليكم يوم سخط الرب. اطلبوا الرب يا جميع بائسي الأرض الذين فعلوا حكمه اطلبوا البر اطلبوا التواضع لعلكم تسترون في يوم سخط الرب.""
صفنيا,2,93,"الإصحاح الثاني الآيات (1-3): ""تجمعي واجتمعي يا أيتها الأمة غير المستحية. قبل ولادة القضاء كالعصافة عبر اليوم قبل أن يأتي عليكم حمو غضب الرب قبل أن يأتي عليكم يوم سخط الرب. اطلبوا الرب يا جميع بائسي الأرض الذين فعلوا حكمه اطلبوا البر اطلبوا التواضع لعلكم تسترون في يوم سخط الرب.""
صفنيا,2,94,"الإصحاح الثاني الآيات (1-3): ""تجمعي واجتمعي يا أيتها الأمة غير المستحية. قبل ولادة القضاء كالعصافة عبر اليوم قبل أن يأتي عليكم حمو غضب الرب قبل أن يأتي عليكم يوم سخط الرب. اطلبوا الرب يا جميع بائسي الأرض الذين فعلوا حكمه اطلبوا البر اطلبوا التواضع لعلكم تسترون في يوم سخط الرب.""
صفنيا,2,95,"الإصحاح الثاني الآيات (1-3): ""تجمعي واجتمعي يا أيتها الأمة غير المستحية. قبل ولادة القضاء كالعصافة عبر اليوم قبل أن يأتي عليكم حمو غضب الرب قبل أن يأتي عليكم يوم سخط الرب. اطلبوا الرب يا جميع بائسي الأرض الذين فعلوا حكمه اطلبوا البر اطلبوا التواضع لعلكم تسترون في يوم سخط الرب.""
صفنيا,2,96,"الإصحاح الثاني الآيات (1-3): ""تجمعي واجتمعي يا أيتها الأمة غير المستحية. قبل ولادة القضاء كالعصافة عبر اليوم قبل أن يأتي عليكم حمو غضب الرب قبل أن يأتي عليكم يوم سخط الرب. اطلبوا الرب يا جميع بائسي الأرض الذين فعلوا حكمه اطلبوا البر اطلبوا التواضع لعلكم تسترون في يوم سخط الرب.""
صفنيا,2,97,"الإصحاح الثاني الآيات (1-3): ""تجمعي واجتمعي يا أيتها الأمة غير المستحية. قبل ولادة القضاء كالعصافة عبر اليوم قبل أن يأتي عليكم حمو غضب الرب قبل أن يأتي عليكم يوم سخط الرب. اطلبوا الرب يا جميع بائسي الأرض الذين فعلوا حكمه اطلبوا البر اطلبوا التواضع لعلكم تسترون في يوم سخط الرب.""
صفنيا,2,98,"الإصحاح الثاني الآيات (1-3): ""تجمعي واجتمعي يا أيتها الأمة غير المستحية. قبل ولادة القضاء كالعصافة عبر اليوم قبل أن يأتي عليكم حمو غضب الرب قبل أن يأتي عليكم يوم سخط الرب. اطلبوا الرب يا جميع بائسي الأرض الذين فعلوا حكمه اطلبوا البر اطلبوا التواضع لعلكم تسترون في يوم سخط الرب.""
صفنيا,2,99,"الإصحاح الثاني الآيات (1-3): ""تجمعي واجتمعي يا أيتها الأمة غير المستحية. قبل ولادة القضاء كالعصافة عبر اليوم قبل أن يأتي عليكم حمو غضب الرب قبل أن يأتي عليكم يوم سخط الرب. اطلبوا الرب يا جميع بائسي الأرض الذين فعلوا حكمه اطلبوا البر اطلبوا التواضع لعلكم تسترون في يوم سخط الرب.""
صفنيا,3,1,"الإصحاح الثالث انتهى الإصحاح السابق وقد أعطانا أملاً بنهاية سلطان الشيطان\'a1 ولكن مع تحذير أن من يقبل بأن يصبح له عبداً سيصير سخرية. وهنا يعرض صورة لأمة اليهود التي أسلمت نفسها أو باعت نفسها للشيطان\'a1 وهي أيضاً صورة للبشرية الساقطة قبل المسيح. ونرى فيها قول بولس الرسول ""الجميع زاغوا وفسدوا.."" ( رو3) ثم ينتهي الإصحاح برجاء في المسيح الذي يأتي للخلاص.
صفنيا,3,2,"الإصحاح الثالث انتهى الإصحاح السابق وقد أعطانا أملاً بنهاية سلطان الشيطان\'a1 ولكن مع تحذير أن من يقبل بأن يصبح له عبداً سيصير سخرية. وهنا يعرض صورة لأمة اليهود التي أسلمت نفسها أو باعت نفسها للشيطان\'a1 وهي أيضاً صورة للبشرية الساقطة قبل المسيح. ونرى فيها قول بولس الرسول ""الجميع زاغوا وفسدوا.."" ( رو3) ثم ينتهي الإصحاح برجاء في المسيح الذي يأتي للخلاص.
صفنيا,3,3,"الإصحاح الثالث انتهى الإصحاح السابق وقد أعطانا أملاً بنهاية سلطان الشيطان\'a1 ولكن مع تحذير أن من يقبل بأن يصبح له عبداً سيصير سخرية. وهنا يعرض صورة لأمة اليهود التي أسلمت نفسها أو باعت نفسها للشيطان\'a1 وهي أيضاً صورة للبشرية الساقطة قبل المسيح. ونرى فيها قول بولس الرسول ""الجميع زاغوا وفسدوا.."" ( رو3) ثم ينتهي الإصحاح برجاء في المسيح الذي يأتي للخلاص.
صفنيا,3,4,"الإصحاح الثالث انتهى الإصحاح السابق وقد أعطانا أملاً بنهاية سلطان الشيطان\'a1 ولكن مع تحذير أن من يقبل بأن يصبح له عبداً سيصير سخرية. وهنا يعرض صورة لأمة اليهود التي أسلمت نفسها أو باعت نفسها للشيطان\'a1 وهي أيضاً صورة للبشرية الساقطة قبل المسيح. ونرى فيها قول بولس الرسول ""الجميع زاغوا وفسدوا.."" ( رو3) ثم ينتهي الإصحاح برجاء في المسيح الذي يأتي للخلاص.
صفنيا,3,5,"الإصحاح الثالث انتهى الإصحاح السابق وقد أعطانا أملاً بنهاية سلطان الشيطان\'a1 ولكن مع تحذير أن من يقبل بأن يصبح له عبداً سيصير سخرية. وهنا يعرض صورة لأمة اليهود التي أسلمت نفسها أو باعت نفسها للشيطان\'a1 وهي أيضاً صورة للبشرية الساقطة قبل المسيح. ونرى فيها قول بولس الرسول ""الجميع زاغوا وفسدوا.."" ( رو3) ثم ينتهي الإصحاح برجاء في المسيح الذي يأتي للخلاص.
صفنيا,3,6,"الإصحاح الثالث انتهى الإصحاح السابق وقد أعطانا أملاً بنهاية سلطان الشيطان\'a1 ولكن مع تحذير أن من يقبل بأن يصبح له عبداً سيصير سخرية. وهنا يعرض صورة لأمة اليهود التي أسلمت نفسها أو باعت نفسها للشيطان\'a1 وهي أيضاً صورة للبشرية الساقطة قبل المسيح. ونرى فيها قول بولس الرسول ""الجميع زاغوا وفسدوا.."" ( رو3) ثم ينتهي الإصحاح برجاء في المسيح الذي يأتي للخلاص.
صفنيا,3,7,"الإصحاح الثالث انتهى الإصحاح السابق وقد أعطانا أملاً بنهاية سلطان الشيطان\'a1 ولكن مع تحذير أن من يقبل بأن يصبح له عبداً سيصير سخرية. وهنا يعرض صورة لأمة اليهود التي أسلمت نفسها أو باعت نفسها للشيطان\'a1 وهي أيضاً صورة للبشرية الساقطة قبل المسيح. ونرى فيها قول بولس الرسول ""الجميع زاغوا وفسدوا.."" ( رو3) ثم ينتهي الإصحاح برجاء في المسيح الذي يأتي للخلاص.
صفنيا,3,8,"الإصحاح الثالث انتهى الإصحاح السابق وقد أعطانا أملاً بنهاية سلطان الشيطان\'a1 ولكن مع تحذير أن من يقبل بأن يصبح له عبداً سيصير سخرية. وهنا يعرض صورة لأمة اليهود التي أسلمت نفسها أو باعت نفسها للشيطان\'a1 وهي أيضاً صورة للبشرية الساقطة قبل المسيح. ونرى فيها قول بولس الرسول ""الجميع زاغوا وفسدوا.."" ( رو3) ثم ينتهي الإصحاح برجاء في المسيح الذي يأتي للخلاص.
صفنيا,3,9,"الإصحاح الثالث انتهى الإصحاح السابق وقد أعطانا أملاً بنهاية سلطان الشيطان\'a1 ولكن مع تحذير أن من يقبل بأن يصبح له عبداً سيصير سخرية. وهنا يعرض صورة لأمة اليهود التي أسلمت نفسها أو باعت نفسها للشيطان\'a1 وهي أيضاً صورة للبشرية الساقطة قبل المسيح. ونرى فيها قول بولس الرسول ""الجميع زاغوا وفسدوا.."" ( رو3) ثم ينتهي الإصحاح برجاء في المسيح الذي يأتي للخلاص.
صفنيا,3,10,"الإصحاح الثالث انتهى الإصحاح السابق وقد أعطانا أملاً بنهاية سلطان الشيطان\'a1 ولكن مع تحذير أن من يقبل بأن يصبح له عبداً سيصير سخرية. وهنا يعرض صورة لأمة اليهود التي أسلمت نفسها أو باعت نفسها للشيطان\'a1 وهي أيضاً صورة للبشرية الساقطة قبل المسيح. ونرى فيها قول بولس الرسول ""الجميع زاغوا وفسدوا.."" ( رو3) ثم ينتهي الإصحاح برجاء في المسيح الذي يأتي للخلاص.
صفنيا,3,11,"الإصحاح الثالث انتهى الإصحاح السابق وقد أعطانا أملاً بنهاية سلطان الشيطان\'a1 ولكن مع تحذير أن من يقبل بأن يصبح له عبداً سيصير سخرية. وهنا يعرض صورة لأمة اليهود التي أسلمت نفسها أو باعت نفسها للشيطان\'a1 وهي أيضاً صورة للبشرية الساقطة قبل المسيح. ونرى فيها قول بولس الرسول ""الجميع زاغوا وفسدوا.."" ( رو3) ثم ينتهي الإصحاح برجاء في المسيح الذي يأتي للخلاص.
صفنيا,3,12,"الإصحاح الثالث انتهى الإصحاح السابق وقد أعطانا أملاً بنهاية سلطان الشيطان\'a1 ولكن مع تحذير أن من يقبل بأن يصبح له عبداً سيصير سخرية. وهنا يعرض صورة لأمة اليهود التي أسلمت نفسها أو باعت نفسها للشيطان\'a1 وهي أيضاً صورة للبشرية الساقطة قبل المسيح. ونرى فيها قول بولس الرسول ""الجميع زاغوا وفسدوا.."" ( رو3) ثم ينتهي الإصحاح برجاء في المسيح الذي يأتي للخلاص.
صفنيا,3,13,"الإصحاح الثالث انتهى الإصحاح السابق وقد أعطانا أملاً بنهاية سلطان الشيطان\'a1 ولكن مع تحذير أن من يقبل بأن يصبح له عبداً سيصير سخرية. وهنا يعرض صورة لأمة اليهود التي أسلمت نفسها أو باعت نفسها للشيطان\'a1 وهي أيضاً صورة للبشرية الساقطة قبل المسيح. ونرى فيها قول بولس الرسول ""الجميع زاغوا وفسدوا.."" ( رو3) ثم ينتهي الإصحاح برجاء في المسيح الذي يأتي للخلاص.
صفنيا,3,14,"الإصحاح الثالث انتهى الإصحاح السابق وقد أعطانا أملاً بنهاية سلطان الشيطان\'a1 ولكن مع تحذير أن من يقبل بأن يصبح له عبداً سيصير سخرية. وهنا يعرض صورة لأمة اليهود التي أسلمت نفسها أو باعت نفسها للشيطان\'a1 وهي أيضاً صورة للبشرية الساقطة قبل المسيح. ونرى فيها قول بولس الرسول ""الجميع زاغوا وفسدوا.."" ( رو3) ثم ينتهي الإصحاح برجاء في المسيح الذي يأتي للخلاص.
صفنيا,3,15,"الإصحاح الثالث انتهى الإصحاح السابق وقد أعطانا أملاً بنهاية سلطان الشيطان\'a1 ولكن مع تحذير أن من يقبل بأن يصبح له عبداً سيصير سخرية. وهنا يعرض صورة لأمة اليهود التي أسلمت نفسها أو باعت نفسها للشيطان\'a1 وهي أيضاً صورة للبشرية الساقطة قبل المسيح. ونرى فيها قول بولس الرسول ""الجميع زاغوا وفسدوا.."" ( رو3) ثم ينتهي الإصحاح برجاء في المسيح الذي يأتي للخلاص.
صفنيا,3,16,"الإصحاح الثالث انتهى الإصحاح السابق وقد أعطانا أملاً بنهاية سلطان الشيطان\'a1 ولكن مع تحذير أن من يقبل بأن يصبح له عبداً سيصير سخرية. وهنا يعرض صورة لأمة اليهود التي أسلمت نفسها أو باعت نفسها للشيطان\'a1 وهي أيضاً صورة للبشرية الساقطة قبل المسيح. ونرى فيها قول بولس الرسول ""الجميع زاغوا وفسدوا.."" ( رو3) ثم ينتهي الإصحاح برجاء في المسيح الذي يأتي للخلاص.
صفنيا,3,17,"الإصحاح الثالث انتهى الإصحاح السابق وقد أعطانا أملاً بنهاية سلطان الشيطان\'a1 ولكن مع تحذير أن من يقبل بأن يصبح له عبداً سيصير سخرية. وهنا يعرض صورة لأمة اليهود التي أسلمت نفسها أو باعت نفسها للشيطان\'a1 وهي أيضاً صورة للبشرية الساقطة قبل المسيح. ونرى فيها قول بولس الرسول ""الجميع زاغوا وفسدوا.."" ( رو3) ثم ينتهي الإصحاح برجاء في المسيح الذي يأتي للخلاص.
صفنيا,3,18,"الإصحاح الثالث انتهى الإصحاح السابق وقد أعطانا أملاً بنهاية سلطان الشيطان\'a1 ولكن مع تحذير أن من يقبل بأن يصبح له عبداً سيصير سخرية. وهنا يعرض صورة لأمة اليهود التي أسلمت نفسها أو باعت نفسها للشيطان\'a1 وهي أيضاً صورة للبشرية الساقطة قبل المسيح. ونرى فيها قول بولس الرسول ""الجميع زاغوا وفسدوا.."" ( رو3) ثم ينتهي الإصحاح برجاء في المسيح الذي يأتي للخلاص.
صفنيا,3,19,"الإصحاح الثالث انتهى الإصحاح السابق وقد أعطانا أملاً بنهاية سلطان الشيطان\'a1 ولكن مع تحذير أن من يقبل بأن يصبح له عبداً سيصير سخرية. وهنا يعرض صورة لأمة اليهود التي أسلمت نفسها أو باعت نفسها للشيطان\'a1 وهي أيضاً صورة للبشرية الساقطة قبل المسيح. ونرى فيها قول بولس الرسول ""الجميع زاغوا وفسدوا.."" ( رو3) ثم ينتهي الإصحاح برجاء في المسيح الذي يأتي للخلاص.
صفنيا,3,20,"الإصحاح الثالث انتهى الإصحاح السابق وقد أعطانا أملاً بنهاية سلطان الشيطان\'a1 ولكن مع تحذير أن من يقبل بأن يصبح له عبداً سيصير سخرية. وهنا يعرض صورة لأمة اليهود التي أسلمت نفسها أو باعت نفسها للشيطان\'a1 وهي أيضاً صورة للبشرية الساقطة قبل المسيح. ونرى فيها قول بولس الرسول ""الجميع زاغوا وفسدوا.."" ( رو3) ثم ينتهي الإصحاح برجاء في المسيح الذي يأتي للخلاص.
صفنيا,3,21,"الإصحاح الثالث انتهى الإصحاح السابق وقد أعطانا أملاً بنهاية سلطان الشيطان\'a1 ولكن مع تحذير أن من يقبل بأن يصبح له عبداً سيصير سخرية. وهنا يعرض صورة لأمة اليهود التي أسلمت نفسها أو باعت نفسها للشيطان\'a1 وهي أيضاً صورة للبشرية الساقطة قبل المسيح. ونرى فيها قول بولس الرسول ""الجميع زاغوا وفسدوا.."" ( رو3) ثم ينتهي الإصحاح برجاء في المسيح الذي يأتي للخلاص.
صفنيا,3,22,"الإصحاح الثالث انتهى الإصحاح السابق وقد أعطانا أملاً بنهاية سلطان الشيطان\'a1 ولكن مع تحذير أن من يقبل بأن يصبح له عبداً سيصير سخرية. وهنا يعرض صورة لأمة اليهود التي أسلمت نفسها أو باعت نفسها للشيطان\'a1 وهي أيضاً صورة للبشرية الساقطة قبل المسيح. ونرى فيها قول بولس الرسول ""الجميع زاغوا وفسدوا.."" ( رو3) ثم ينتهي الإصحاح برجاء في المسيح الذي يأتي للخلاص.
صفنيا,3,23,"الإصحاح الثالث انتهى الإصحاح السابق وقد أعطانا أملاً بنهاية سلطان الشيطان\'a1 ولكن مع تحذير أن من يقبل بأن يصبح له عبداً سيصير سخرية. وهنا يعرض صورة لأمة اليهود التي أسلمت نفسها أو باعت نفسها للشيطان\'a1 وهي أيضاً صورة للبشرية الساقطة قبل المسيح. ونرى فيها قول بولس الرسول ""الجميع زاغوا وفسدوا.."" ( رو3) ثم ينتهي الإصحاح برجاء في المسيح الذي يأتي للخلاص.
صفنيا,3,24,"الإصحاح الثالث انتهى الإصحاح السابق وقد أعطانا أملاً بنهاية سلطان الشيطان\'a1 ولكن مع تحذير أن من يقبل بأن يصبح له عبداً سيصير سخرية. وهنا يعرض صورة لأمة اليهود التي أسلمت نفسها أو باعت نفسها للشيطان\'a1 وهي أيضاً صورة للبشرية الساقطة قبل المسيح. ونرى فيها قول بولس الرسول ""الجميع زاغوا وفسدوا.."" ( رو3) ثم ينتهي الإصحاح برجاء في المسيح الذي يأتي للخلاص.
صفنيا,3,25,"الإصحاح الثالث انتهى الإصحاح السابق وقد أعطانا أملاً بنهاية سلطان الشيطان\'a1 ولكن مع تحذير أن من يقبل بأن يصبح له عبداً سيصير سخرية. وهنا يعرض صورة لأمة اليهود التي أسلمت نفسها أو باعت نفسها للشيطان\'a1 وهي أيضاً صورة للبشرية الساقطة قبل المسيح. ونرى فيها قول بولس الرسول ""الجميع زاغوا وفسدوا.."" ( رو3) ثم ينتهي الإصحاح برجاء في المسيح الذي يأتي للخلاص.
صفنيا,3,26,"الإصحاح الثالث انتهى الإصحاح السابق وقد أعطانا أملاً بنهاية سلطان الشيطان\'a1 ولكن مع تحذير أن من يقبل بأن يصبح له عبداً سيصير سخرية. وهنا يعرض صورة لأمة اليهود التي أسلمت نفسها أو باعت نفسها للشيطان\'a1 وهي أيضاً صورة للبشرية الساقطة قبل المسيح. ونرى فيها قول بولس الرسول ""الجميع زاغوا وفسدوا.."" ( رو3) ثم ينتهي الإصحاح برجاء في المسيح الذي يأتي للخلاص.
صفنيا,3,27,"الإصحاح الثالث انتهى الإصحاح السابق وقد أعطانا أملاً بنهاية سلطان الشيطان\'a1 ولكن مع تحذير أن من يقبل بأن يصبح له عبداً سيصير سخرية. وهنا يعرض صورة لأمة اليهود التي أسلمت نفسها أو باعت نفسها للشيطان\'a1 وهي أيضاً صورة للبشرية الساقطة قبل المسيح. ونرى فيها قول بولس الرسول ""الجميع زاغوا وفسدوا.."" ( رو3) ثم ينتهي الإصحاح برجاء في المسيح الذي يأتي للخلاص.
صفنيا,3,28,"الإصحاح الثالث انتهى الإصحاح السابق وقد أعطانا أملاً بنهاية سلطان الشيطان\'a1 ولكن مع تحذير أن من يقبل بأن يصبح له عبداً سيصير سخرية. وهنا يعرض صورة لأمة اليهود التي أسلمت نفسها أو باعت نفسها للشيطان\'a1 وهي أيضاً صورة للبشرية الساقطة قبل المسيح. ونرى فيها قول بولس الرسول ""الجميع زاغوا وفسدوا.."" ( رو3) ثم ينتهي الإصحاح برجاء في المسيح الذي يأتي للخلاص.
صفنيا,3,29,"الإصحاح الثالث انتهى الإصحاح السابق وقد أعطانا أملاً بنهاية سلطان الشيطان\'a1 ولكن مع تحذير أن من يقبل بأن يصبح له عبداً سيصير سخرية. وهنا يعرض صورة لأمة اليهود التي أسلمت نفسها أو باعت نفسها للشيطان\'a1 وهي أيضاً صورة للبشرية الساقطة قبل المسيح. ونرى فيها قول بولس الرسول ""الجميع زاغوا وفسدوا.."" ( رو3) ثم ينتهي الإصحاح برجاء في المسيح الذي يأتي للخلاص.
صفنيا,3,30,"الإصحاح الثالث انتهى الإصحاح السابق وقد أعطانا أملاً بنهاية سلطان الشيطان\'a1 ولكن مع تحذير أن من يقبل بأن يصبح له عبداً سيصير سخرية. وهنا يعرض صورة لأمة اليهود التي أسلمت نفسها أو باعت نفسها للشيطان\'a1 وهي أيضاً صورة للبشرية الساقطة قبل المسيح. ونرى فيها قول بولس الرسول ""الجميع زاغوا وفسدوا.."" ( رو3) ثم ينتهي الإصحاح برجاء في المسيح الذي يأتي للخلاص.
صفنيا,3,31,"الإصحاح الثالث انتهى الإصحاح السابق وقد أعطانا أملاً بنهاية سلطان الشيطان\'a1 ولكن مع تحذير أن من يقبل بأن يصبح له عبداً سيصير سخرية. وهنا يعرض صورة لأمة اليهود التي أسلمت نفسها أو باعت نفسها للشيطان\'a1 وهي أيضاً صورة للبشرية الساقطة قبل المسيح. ونرى فيها قول بولس الرسول ""الجميع زاغوا وفسدوا.."" ( رو3) ثم ينتهي الإصحاح برجاء في المسيح الذي يأتي للخلاص.
صفنيا,3,32,"الإصحاح الثالث انتهى الإصحاح السابق وقد أعطانا أملاً بنهاية سلطان الشيطان\'a1 ولكن مع تحذير أن من يقبل بأن يصبح له عبداً سيصير سخرية. وهنا يعرض صورة لأمة اليهود التي أسلمت نفسها أو باعت نفسها للشيطان\'a1 وهي أيضاً صورة للبشرية الساقطة قبل المسيح. ونرى فيها قول بولس الرسول ""الجميع زاغوا وفسدوا.."" ( رو3) ثم ينتهي الإصحاح برجاء في المسيح الذي يأتي للخلاص.
صفنيا,3,33,"الإصحاح الثالث انتهى الإصحاح السابق وقد أعطانا أملاً بنهاية سلطان الشيطان\'a1 ولكن مع تحذير أن من يقبل بأن يصبح له عبداً سيصير سخرية. وهنا يعرض صورة لأمة اليهود التي أسلمت نفسها أو باعت نفسها للشيطان\'a1 وهي أيضاً صورة للبشرية الساقطة قبل المسيح. ونرى فيها قول بولس الرسول ""الجميع زاغوا وفسدوا.."" ( رو3) ثم ينتهي الإصحاح برجاء في المسيح الذي يأتي للخلاص.
صفنيا,3,34,"الإصحاح الثالث انتهى الإصحاح السابق وقد أعطانا أملاً بنهاية سلطان الشيطان\'a1 ولكن مع تحذير أن من يقبل بأن يصبح له عبداً سيصير سخرية. وهنا يعرض صورة لأمة اليهود التي أسلمت نفسها أو باعت نفسها للشيطان\'a1 وهي أيضاً صورة للبشرية الساقطة قبل المسيح. ونرى فيها قول بولس الرسول ""الجميع زاغوا وفسدوا.."" ( رو3) ثم ينتهي الإصحاح برجاء في المسيح الذي يأتي للخلاص.
صفنيا,3,35,"الإصحاح الثالث انتهى الإصحاح السابق وقد أعطانا أملاً بنهاية سلطان الشيطان\'a1 ولكن مع تحذير أن من يقبل بأن يصبح له عبداً سيصير سخرية. وهنا يعرض صورة لأمة اليهود التي أسلمت نفسها أو باعت نفسها للشيطان\'a1 وهي أيضاً صورة للبشرية الساقطة قبل المسيح. ونرى فيها قول بولس الرسول ""الجميع زاغوا وفسدوا.."" ( رو3) ثم ينتهي الإصحاح برجاء في المسيح الذي يأتي للخلاص.
صفنيا,3,36,"الإصحاح الثالث انتهى الإصحاح السابق وقد أعطانا أملاً بنهاية سلطان الشيطان\'a1 ولكن مع تحذير أن من يقبل بأن يصبح له عبداً سيصير سخرية. وهنا يعرض صورة لأمة اليهود التي أسلمت نفسها أو باعت نفسها للشيطان\'a1 وهي أيضاً صورة للبشرية الساقطة قبل المسيح. ونرى فيها قول بولس الرسول ""الجميع زاغوا وفسدوا.."" ( رو3) ثم ينتهي الإصحاح برجاء في المسيح الذي يأتي للخلاص.
صفنيا,3,37,"الإصحاح الثالث انتهى الإصحاح السابق وقد أعطانا أملاً بنهاية سلطان الشيطان\'a1 ولكن مع تحذير أن من يقبل بأن يصبح له عبداً سيصير سخرية. وهنا يعرض صورة لأمة اليهود التي أسلمت نفسها أو باعت نفسها للشيطان\'a1 وهي أيضاً صورة للبشرية الساقطة قبل المسيح. ونرى فيها قول بولس الرسول ""الجميع زاغوا وفسدوا.."" ( رو3) ثم ينتهي الإصحاح برجاء في المسيح الذي يأتي للخلاص.
صفنيا,3,38,"الإصحاح الثالث انتهى الإصحاح السابق وقد أعطانا أملاً بنهاية سلطان الشيطان\'a1 ولكن مع تحذير أن من يقبل بأن يصبح له عبداً سيصير سخرية. وهنا يعرض صورة لأمة اليهود التي أسلمت نفسها أو باعت نفسها للشيطان\'a1 وهي أيضاً صورة للبشرية الساقطة قبل المسيح. ونرى فيها قول بولس الرسول ""الجميع زاغوا وفسدوا.."" ( رو3) ثم ينتهي الإصحاح برجاء في المسيح الذي يأتي للخلاص.
صفنيا,3,39,"الإصحاح الثالث انتهى الإصحاح السابق وقد أعطانا أملاً بنهاية سلطان الشيطان\'a1 ولكن مع تحذير أن من يقبل بأن يصبح له عبداً سيصير سخرية. وهنا يعرض صورة لأمة اليهود التي أسلمت نفسها أو باعت نفسها للشيطان\'a1 وهي أيضاً صورة للبشرية الساقطة قبل المسيح. ونرى فيها قول بولس الرسول ""الجميع زاغوا وفسدوا.."" ( رو3) ثم ينتهي الإصحاح برجاء في المسيح الذي يأتي للخلاص.
صفنيا,3,40,"الإصحاح الثالث انتهى الإصحاح السابق وقد أعطانا أملاً بنهاية سلطان الشيطان\'a1 ولكن مع تحذير أن من يقبل بأن يصبح له عبداً سيصير سخرية. وهنا يعرض صورة لأمة اليهود التي أسلمت نفسها أو باعت نفسها للشيطان\'a1 وهي أيضاً صورة للبشرية الساقطة قبل المسيح. ونرى فيها قول بولس الرسول ""الجميع زاغوا وفسدوا.."" ( رو3) ثم ينتهي الإصحاح برجاء في المسيح الذي يأتي للخلاص.
صفنيا,3,41,"الإصحاح الثالث انتهى الإصحاح السابق وقد أعطانا أملاً بنهاية سلطان الشيطان\'a1 ولكن مع تحذير أن من يقبل بأن يصبح له عبداً سيصير سخرية. وهنا يعرض صورة لأمة اليهود التي أسلمت نفسها أو باعت نفسها للشيطان\'a1 وهي أيضاً صورة للبشرية الساقطة قبل المسيح. ونرى فيها قول بولس الرسول ""الجميع زاغوا وفسدوا.."" ( رو3) ثم ينتهي الإصحاح برجاء في المسيح الذي يأتي للخلاص.
صفنيا,3,42,"الإصحاح الثالث انتهى الإصحاح السابق وقد أعطانا أملاً بنهاية سلطان الشيطان\'a1 ولكن مع تحذير أن من يقبل بأن يصبح له عبداً سيصير سخرية. وهنا يعرض صورة لأمة اليهود التي أسلمت نفسها أو باعت نفسها للشيطان\'a1 وهي أيضاً صورة للبشرية الساقطة قبل المسيح. ونرى فيها قول بولس الرسول ""الجميع زاغوا وفسدوا.."" ( رو3) ثم ينتهي الإصحاح برجاء في المسيح الذي يأتي للخلاص.
صفنيا,3,43,"الإصحاح الثالث انتهى الإصحاح السابق وقد أعطانا أملاً بنهاية سلطان الشيطان\'a1 ولكن مع تحذير أن من يقبل بأن يصبح له عبداً سيصير سخرية. وهنا يعرض صورة لأمة اليهود التي أسلمت نفسها أو باعت نفسها للشيطان\'a1 وهي أيضاً صورة للبشرية الساقطة قبل المسيح. ونرى فيها قول بولس الرسول ""الجميع زاغوا وفسدوا.."" ( رو3) ثم ينتهي الإصحاح برجاء في المسيح الذي يأتي للخلاص.
صفنيا,3,44,"الإصحاح الثالث انتهى الإصحاح السابق وقد أعطانا أملاً بنهاية سلطان الشيطان\'a1 ولكن مع تحذير أن من يقبل بأن يصبح له عبداً سيصير سخرية. وهنا يعرض صورة لأمة اليهود التي أسلمت نفسها أو باعت نفسها للشيطان\'a1 وهي أيضاً صورة للبشرية الساقطة قبل المسيح. ونرى فيها قول بولس الرسول ""الجميع زاغوا وفسدوا.."" ( رو3) ثم ينتهي الإصحاح برجاء في المسيح الذي يأتي للخلاص.
صفنيا,3,45,"الإصحاح الثالث انتهى الإصحاح السابق وقد أعطانا أملاً بنهاية سلطان الشيطان\'a1 ولكن مع تحذير أن من يقبل بأن يصبح له عبداً سيصير سخرية. وهنا يعرض صورة لأمة اليهود التي أسلمت نفسها أو باعت نفسها للشيطان\'a1 وهي أيضاً صورة للبشرية الساقطة قبل المسيح. ونرى فيها قول بولس الرسول ""الجميع زاغوا وفسدوا.."" ( رو3) ثم ينتهي الإصحاح برجاء في المسيح الذي يأتي للخلاص.
صفنيا,3,46,"الإصحاح الثالث انتهى الإصحاح السابق وقد أعطانا أملاً بنهاية سلطان الشيطان\'a1 ولكن مع تحذير أن من يقبل بأن يصبح له عبداً سيصير سخرية. وهنا يعرض صورة لأمة اليهود التي أسلمت نفسها أو باعت نفسها للشيطان\'a1 وهي أيضاً صورة للبشرية الساقطة قبل المسيح. ونرى فيها قول بولس الرسول ""الجميع زاغوا وفسدوا.."" ( رو3) ثم ينتهي الإصحاح برجاء في المسيح الذي يأتي للخلاص.
صفنيا,3,47,"الإصحاح الثالث انتهى الإصحاح السابق وقد أعطانا أملاً بنهاية سلطان الشيطان\'a1 ولكن مع تحذير أن من يقبل بأن يصبح له عبداً سيصير سخرية. وهنا يعرض صورة لأمة اليهود التي أسلمت نفسها أو باعت نفسها للشيطان\'a1 وهي أيضاً صورة للبشرية الساقطة قبل المسيح. ونرى فيها قول بولس الرسول ""الجميع زاغوا وفسدوا.."" ( رو3) ثم ينتهي الإصحاح برجاء في المسيح الذي يأتي للخلاص.
صفنيا,3,48,"الإصحاح الثالث انتهى الإصحاح السابق وقد أعطانا أملاً بنهاية سلطان الشيطان\'a1 ولكن مع تحذير أن من يقبل بأن يصبح له عبداً سيصير سخرية. وهنا يعرض صورة لأمة اليهود التي أسلمت نفسها أو باعت نفسها للشيطان\'a1 وهي أيضاً صورة للبشرية الساقطة قبل المسيح. ونرى فيها قول بولس الرسول ""الجميع زاغوا وفسدوا.."" ( رو3) ثم ينتهي الإصحاح برجاء في المسيح الذي يأتي للخلاص.
صفنيا,3,49,"الإصحاح الثالث انتهى الإصحاح السابق وقد أعطانا أملاً بنهاية سلطان الشيطان\'a1 ولكن مع تحذير أن من يقبل بأن يصبح له عبداً سيصير سخرية. وهنا يعرض صورة لأمة اليهود التي أسلمت نفسها أو باعت نفسها للشيطان\'a1 وهي أيضاً صورة للبشرية الساقطة قبل المسيح. ونرى فيها قول بولس الرسول ""الجميع زاغوا وفسدوا.."" ( رو3) ثم ينتهي الإصحاح برجاء في المسيح الذي يأتي للخلاص.
صفنيا,3,50,"الإصحاح الثالث انتهى الإصحاح السابق وقد أعطانا أملاً بنهاية سلطان الشيطان\'a1 ولكن مع تحذير أن من يقبل بأن يصبح له عبداً سيصير سخرية. وهنا يعرض صورة لأمة اليهود التي أسلمت نفسها أو باعت نفسها للشيطان\'a1 وهي أيضاً صورة للبشرية الساقطة قبل المسيح. ونرى فيها قول بولس الرسول ""الجميع زاغوا وفسدوا.."" ( رو3) ثم ينتهي الإصحاح برجاء في المسيح الذي يأتي للخلاص.
صفنيا,3,51,"الإصحاح الثالث انتهى الإصحاح السابق وقد أعطانا أملاً بنهاية سلطان الشيطان\'a1 ولكن مع تحذير أن من يقبل بأن يصبح له عبداً سيصير سخرية. وهنا يعرض صورة لأمة اليهود التي أسلمت نفسها أو باعت نفسها للشيطان\'a1 وهي أيضاً صورة للبشرية الساقطة قبل المسيح. ونرى فيها قول بولس الرسول ""الجميع زاغوا وفسدوا.."" ( رو3) ثم ينتهي الإصحاح برجاء في المسيح الذي يأتي للخلاص.
صفنيا,3,52,"الإصحاح الثالث انتهى الإصحاح السابق وقد أعطانا أملاً بنهاية سلطان الشيطان\'a1 ولكن مع تحذير أن من يقبل بأن يصبح له عبداً سيصير سخرية. وهنا يعرض صورة لأمة اليهود التي أسلمت نفسها أو باعت نفسها للشيطان\'a1 وهي أيضاً صورة للبشرية الساقطة قبل المسيح. ونرى فيها قول بولس الرسول ""الجميع زاغوا وفسدوا.."" ( رو3) ثم ينتهي الإصحاح برجاء في المسيح الذي يأتي للخلاص.
صفنيا,3,53,"الإصحاح الثالث انتهى الإصحاح السابق وقد أعطانا أملاً بنهاية سلطان الشيطان\'a1 ولكن مع تحذير أن من يقبل بأن يصبح له عبداً سيصير سخرية. وهنا يعرض صورة لأمة اليهود التي أسلمت نفسها أو باعت نفسها للشيطان\'a1 وهي أيضاً صورة للبشرية الساقطة قبل المسيح. ونرى فيها قول بولس الرسول ""الجميع زاغوا وفسدوا.."" ( رو3) ثم ينتهي الإصحاح برجاء في المسيح الذي يأتي للخلاص.
صفنيا,3,54,"الإصحاح الثالث انتهى الإصحاح السابق وقد أعطانا أملاً بنهاية سلطان الشيطان\'a1 ولكن مع تحذير أن من يقبل بأن يصبح له عبداً سيصير سخرية. وهنا يعرض صورة لأمة اليهود التي أسلمت نفسها أو باعت نفسها للشيطان\'a1 وهي أيضاً صورة للبشرية الساقطة قبل المسيح. ونرى فيها قول بولس الرسول ""الجميع زاغوا وفسدوا.."" ( رو3) ثم ينتهي الإصحاح برجاء في المسيح الذي يأتي للخلاص.
صفنيا,3,55,"الإصحاح الثالث انتهى الإصحاح السابق وقد أعطانا أملاً بنهاية سلطان الشيطان\'a1 ولكن مع تحذير أن من يقبل بأن يصبح له عبداً سيصير سخرية. وهنا يعرض صورة لأمة اليهود التي أسلمت نفسها أو باعت نفسها للشيطان\'a1 وهي أيضاً صورة للبشرية الساقطة قبل المسيح. ونرى فيها قول بولس الرسول ""الجميع زاغوا وفسدوا.."" ( رو3) ثم ينتهي الإصحاح برجاء في المسيح الذي يأتي للخلاص.
صفنيا,3,56,"الإصحاح الثالث انتهى الإصحاح السابق وقد أعطانا أملاً بنهاية سلطان الشيطان\'a1 ولكن مع تحذير أن من يقبل بأن يصبح له عبداً سيصير سخرية. وهنا يعرض صورة لأمة اليهود التي أسلمت نفسها أو باعت نفسها للشيطان\'a1 وهي أيضاً صورة للبشرية الساقطة قبل المسيح. ونرى فيها قول بولس الرسول ""الجميع زاغوا وفسدوا.."" ( رو3) ثم ينتهي الإصحاح برجاء في المسيح الذي يأتي للخلاص.
صفنيا,3,57,"الإصحاح الثالث انتهى الإصحاح السابق وقد أعطانا أملاً بنهاية سلطان الشيطان\'a1 ولكن مع تحذير أن من يقبل بأن يصبح له عبداً سيصير سخرية. وهنا يعرض صورة لأمة اليهود التي أسلمت نفسها أو باعت نفسها للشيطان\'a1 وهي أيضاً صورة للبشرية الساقطة قبل المسيح. ونرى فيها قول بولس الرسول ""الجميع زاغوا وفسدوا.."" ( رو3) ثم ينتهي الإصحاح برجاء في المسيح الذي يأتي للخلاص.
صفنيا,3,58,"الإصحاح الثالث انتهى الإصحاح السابق وقد أعطانا أملاً بنهاية سلطان الشيطان\'a1 ولكن مع تحذير أن من يقبل بأن يصبح له عبداً سيصير سخرية. وهنا يعرض صورة لأمة اليهود التي أسلمت نفسها أو باعت نفسها للشيطان\'a1 وهي أيضاً صورة للبشرية الساقطة قبل المسيح. ونرى فيها قول بولس الرسول ""الجميع زاغوا وفسدوا.."" ( رو3) ثم ينتهي الإصحاح برجاء في المسيح الذي يأتي للخلاص.
صفنيا,3,59,"الإصحاح الثالث انتهى الإصحاح السابق وقد أعطانا أملاً بنهاية سلطان الشيطان\'a1 ولكن مع تحذير أن من يقبل بأن يصبح له عبداً سيصير سخرية. وهنا يعرض صورة لأمة اليهود التي أسلمت نفسها أو باعت نفسها للشيطان\'a1 وهي أيضاً صورة للبشرية الساقطة قبل المسيح. ونرى فيها قول بولس الرسول ""الجميع زاغوا وفسدوا.."" ( رو3) ثم ينتهي الإصحاح برجاء في المسيح الذي يأتي للخلاص.
صفنيا,3,60,"الإصحاح الثالث انتهى الإصحاح السابق وقد أعطانا أملاً بنهاية سلطان الشيطان\'a1 ولكن مع تحذير أن من يقبل بأن يصبح له عبداً سيصير سخرية. وهنا يعرض صورة لأمة اليهود التي أسلمت نفسها أو باعت نفسها للشيطان\'a1 وهي أيضاً صورة للبشرية الساقطة قبل المسيح. ونرى فيها قول بولس الرسول ""الجميع زاغوا وفسدوا.."" ( رو3) ثم ينتهي الإصحاح برجاء في المسيح الذي يأتي للخلاص.
صفنيا,3,61,"الإصحاح الثالث انتهى الإصحاح السابق وقد أعطانا أملاً بنهاية سلطان الشيطان\'a1 ولكن مع تحذير أن من يقبل بأن يصبح له عبداً سيصير سخرية. وهنا يعرض صورة لأمة اليهود التي أسلمت نفسها أو باعت نفسها للشيطان\'a1 وهي أيضاً صورة للبشرية الساقطة قبل المسيح. ونرى فيها قول بولس الرسول ""الجميع زاغوا وفسدوا.."" ( رو3) ثم ينتهي الإصحاح برجاء في المسيح الذي يأتي للخلاص.
صفنيا,3,62,"الإصحاح الثالث انتهى الإصحاح السابق وقد أعطانا أملاً بنهاية سلطان الشيطان\'a1 ولكن مع تحذير أن من يقبل بأن يصبح له عبداً سيصير سخرية. وهنا يعرض صورة لأمة اليهود التي أسلمت نفسها أو باعت نفسها للشيطان\'a1 وهي أيضاً صورة للبشرية الساقطة قبل المسيح. ونرى فيها قول بولس الرسول ""الجميع زاغوا وفسدوا.."" ( رو3) ثم ينتهي الإصحاح برجاء في المسيح الذي يأتي للخلاص.
صفنيا,3,63,"الإصحاح الثالث انتهى الإصحاح السابق وقد أعطانا أملاً بنهاية سلطان الشيطان\'a1 ولكن مع تحذير أن من يقبل بأن يصبح له عبداً سيصير سخرية. وهنا يعرض صورة لأمة اليهود التي أسلمت نفسها أو باعت نفسها للشيطان\'a1 وهي أيضاً صورة للبشرية الساقطة قبل المسيح. ونرى فيها قول بولس الرسول ""الجميع زاغوا وفسدوا.."" ( رو3) ثم ينتهي الإصحاح برجاء في المسيح الذي يأتي للخلاص.
صفنيا,3,64,"الإصحاح الثالث انتهى الإصحاح السابق وقد أعطانا أملاً بنهاية سلطان الشيطان\'a1 ولكن مع تحذير أن من يقبل بأن يصبح له عبداً سيصير سخرية. وهنا يعرض صورة لأمة اليهود التي أسلمت نفسها أو باعت نفسها للشيطان\'a1 وهي أيضاً صورة للبشرية الساقطة قبل المسيح. ونرى فيها قول بولس الرسول ""الجميع زاغوا وفسدوا.."" ( رو3) ثم ينتهي الإصحاح برجاء في المسيح الذي يأتي للخلاص.
صفنيا,3,65,"الإصحاح الثالث انتهى الإصحاح السابق وقد أعطانا أملاً بنهاية سلطان الشيطان\'a1 ولكن مع تحذير أن من يقبل بأن يصبح له عبداً سيصير سخرية. وهنا يعرض صورة لأمة اليهود التي أسلمت نفسها أو باعت نفسها للشيطان\'a1 وهي أيضاً صورة للبشرية الساقطة قبل المسيح. ونرى فيها قول بولس الرسول ""الجميع زاغوا وفسدوا.."" ( رو3) ثم ينتهي الإصحاح برجاء في المسيح الذي يأتي للخلاص.
صفنيا,3,66,"الإصحاح الثالث انتهى الإصحاح السابق وقد أعطانا أملاً بنهاية سلطان الشيطان\'a1 ولكن مع تحذير أن من يقبل بأن يصبح له عبداً سيصير سخرية. وهنا يعرض صورة لأمة اليهود التي أسلمت نفسها أو باعت نفسها للشيطان\'a1 وهي أيضاً صورة للبشرية الساقطة قبل المسيح. ونرى فيها قول بولس الرسول ""الجميع زاغوا وفسدوا.."" ( رو3) ثم ينتهي الإصحاح برجاء في المسيح الذي يأتي للخلاص.
صفنيا,3,67,"الإصحاح الثالث انتهى الإصحاح السابق وقد أعطانا أملاً بنهاية سلطان الشيطان\'a1 ولكن مع تحذير أن من يقبل بأن يصبح له عبداً سيصير سخرية. وهنا يعرض صورة لأمة اليهود التي أسلمت نفسها أو باعت نفسها للشيطان\'a1 وهي أيضاً صورة للبشرية الساقطة قبل المسيح. ونرى فيها قول بولس الرسول ""الجميع زاغوا وفسدوا.."" ( رو3) ثم ينتهي الإصحاح برجاء في المسيح الذي يأتي للخلاص.
صفنيا,3,68,"الإصحاح الثالث انتهى الإصحاح السابق وقد أعطانا أملاً بنهاية سلطان الشيطان\'a1 ولكن مع تحذير أن من يقبل بأن يصبح له عبداً سيصير سخرية. وهنا يعرض صورة لأمة اليهود التي أسلمت نفسها أو باعت نفسها للشيطان\'a1 وهي أيضاً صورة للبشرية الساقطة قبل المسيح. ونرى فيها قول بولس الرسول ""الجميع زاغوا وفسدوا.."" ( رو3) ثم ينتهي الإصحاح برجاء في المسيح الذي يأتي للخلاص.
صفنيا,3,69,"الإصحاح الثالث انتهى الإصحاح السابق وقد أعطانا أملاً بنهاية سلطان الشيطان\'a1 ولكن مع تحذير أن من يقبل بأن يصبح له عبداً سيصير سخرية. وهنا يعرض صورة لأمة اليهود التي أسلمت نفسها أو باعت نفسها للشيطان\'a1 وهي أيضاً صورة للبشرية الساقطة قبل المسيح. ونرى فيها قول بولس الرسول ""الجميع زاغوا وفسدوا.."" ( رو3) ثم ينتهي الإصحاح برجاء في المسيح الذي يأتي للخلاص.
صفنيا,3,70,"الإصحاح الثالث انتهى الإصحاح السابق وقد أعطانا أملاً بنهاية سلطان الشيطان\'a1 ولكن مع تحذير أن من يقبل بأن يصبح له عبداً سيصير سخرية. وهنا يعرض صورة لأمة اليهود التي أسلمت نفسها أو باعت نفسها للشيطان\'a1 وهي أيضاً صورة للبشرية الساقطة قبل المسيح. ونرى فيها قول بولس الرسول ""الجميع زاغوا وفسدوا.."" ( رو3) ثم ينتهي الإصحاح برجاء في المسيح الذي يأتي للخلاص.
صفنيا,3,71,"الإصحاح الثالث انتهى الإصحاح السابق وقد أعطانا أملاً بنهاية سلطان الشيطان\'a1 ولكن مع تحذير أن من يقبل بأن يصبح له عبداً سيصير سخرية. وهنا يعرض صورة لأمة اليهود التي أسلمت نفسها أو باعت نفسها للشيطان\'a1 وهي أيضاً صورة للبشرية الساقطة قبل المسيح. ونرى فيها قول بولس الرسول ""الجميع زاغوا وفسدوا.."" ( رو3) ثم ينتهي الإصحاح برجاء في المسيح الذي يأتي للخلاص.
صفنيا,3,72,"الإصحاح الثالث انتهى الإصحاح السابق وقد أعطانا أملاً بنهاية سلطان الشيطان\'a1 ولكن مع تحذير أن من يقبل بأن يصبح له عبداً سيصير سخرية. وهنا يعرض صورة لأمة اليهود التي أسلمت نفسها أو باعت نفسها للشيطان\'a1 وهي أيضاً صورة للبشرية الساقطة قبل المسيح. ونرى فيها قول بولس الرسول ""الجميع زاغوا وفسدوا.."" ( رو3) ثم ينتهي الإصحاح برجاء في المسيح الذي يأتي للخلاص.
صفنيا,3,73,"الإصحاح الثالث انتهى الإصحاح السابق وقد أعطانا أملاً بنهاية سلطان الشيطان\'a1 ولكن مع تحذير أن من يقبل بأن يصبح له عبداً سيصير سخرية. وهنا يعرض صورة لأمة اليهود التي أسلمت نفسها أو باعت نفسها للشيطان\'a1 وهي أيضاً صورة للبشرية الساقطة قبل المسيح. ونرى فيها قول بولس الرسول ""الجميع زاغوا وفسدوا.."" ( رو3) ثم ينتهي الإصحاح برجاء في المسيح الذي يأتي للخلاص.
صفنيا,3,74,"الإصحاح الثالث انتهى الإصحاح السابق وقد أعطانا أملاً بنهاية سلطان الشيطان\'a1 ولكن مع تحذير أن من يقبل بأن يصبح له عبداً سيصير سخرية. وهنا يعرض صورة لأمة اليهود التي أسلمت نفسها أو باعت نفسها للشيطان\'a1 وهي أيضاً صورة للبشرية الساقطة قبل المسيح. ونرى فيها قول بولس الرسول ""الجميع زاغوا وفسدوا.."" ( رو3) ثم ينتهي الإصحاح برجاء في المسيح الذي يأتي للخلاص.
صفنيا,3,75,"الإصحاح الثالث انتهى الإصحاح السابق وقد أعطانا أملاً بنهاية سلطان الشيطان\'a1 ولكن مع تحذير أن من يقبل بأن يصبح له عبداً سيصير سخرية. وهنا يعرض صورة لأمة اليهود التي أسلمت نفسها أو باعت نفسها للشيطان\'a1 وهي أيضاً صورة للبشرية الساقطة قبل المسيح. ونرى فيها قول بولس الرسول ""الجميع زاغوا وفسدوا.."" ( رو3) ثم ينتهي الإصحاح برجاء في المسيح الذي يأتي للخلاص.
صفنيا,3,76,"الإصحاح الثالث انتهى الإصحاح السابق وقد أعطانا أملاً بنهاية سلطان الشيطان\'a1 ولكن مع تحذير أن من يقبل بأن يصبح له عبداً سيصير سخرية. وهنا يعرض صورة لأمة اليهود التي أسلمت نفسها أو باعت نفسها للشيطان\'a1 وهي أيضاً صورة للبشرية الساقطة قبل المسيح. ونرى فيها قول بولس الرسول ""الجميع زاغوا وفسدوا.."" ( رو3) ثم ينتهي الإصحاح برجاء في المسيح الذي يأتي للخلاص.
صفنيا,3,77,"الإصحاح الثالث انتهى الإصحاح السابق وقد أعطانا أملاً بنهاية سلطان الشيطان\'a1 ولكن مع تحذير أن من يقبل بأن يصبح له عبداً سيصير سخرية. وهنا يعرض صورة لأمة اليهود التي أسلمت نفسها أو باعت نفسها للشيطان\'a1 وهي أيضاً صورة للبشرية الساقطة قبل المسيح. ونرى فيها قول بولس الرسول ""الجميع زاغوا وفسدوا.."" ( رو3) ثم ينتهي الإصحاح برجاء في المسيح الذي يأتي للخلاص.
صفنيا,3,78,"الإصحاح الثالث انتهى الإصحاح السابق وقد أعطانا أملاً بنهاية سلطان الشيطان\'a1 ولكن مع تحذير أن من يقبل بأن يصبح له عبداً سيصير سخرية. وهنا يعرض صورة لأمة اليهود التي أسلمت نفسها أو باعت نفسها للشيطان\'a1 وهي أيضاً صورة للبشرية الساقطة قبل المسيح. ونرى فيها قول بولس الرسول ""الجميع زاغوا وفسدوا.."" ( رو3) ثم ينتهي الإصحاح برجاء في المسيح الذي يأتي للخلاص.
صفنيا,3,79,"الإصحاح الثالث انتهى الإصحاح السابق وقد أعطانا أملاً بنهاية سلطان الشيطان\'a1 ولكن مع تحذير أن من يقبل بأن يصبح له عبداً سيصير سخرية. وهنا يعرض صورة لأمة اليهود التي أسلمت نفسها أو باعت نفسها للشيطان\'a1 وهي أيضاً صورة للبشرية الساقطة قبل المسيح. ونرى فيها قول بولس الرسول ""الجميع زاغوا وفسدوا.."" ( رو3) ثم ينتهي الإصحاح برجاء في المسيح الذي يأتي للخلاص.
صفنيا,3,80,"الإصحاح الثالث انتهى الإصحاح السابق وقد أعطانا أملاً بنهاية سلطان الشيطان\'a1 ولكن مع تحذير أن من يقبل بأن يصبح له عبداً سيصير سخرية. وهنا يعرض صورة لأمة اليهود التي أسلمت نفسها أو باعت نفسها للشيطان\'a1 وهي أيضاً صورة للبشرية الساقطة قبل المسيح. ونرى فيها قول بولس الرسول ""الجميع زاغوا وفسدوا.."" ( رو3) ثم ينتهي الإصحاح برجاء في المسيح الذي يأتي للخلاص.
صفنيا,3,81,"الإصحاح الثالث انتهى الإصحاح السابق وقد أعطانا أملاً بنهاية سلطان الشيطان\'a1 ولكن مع تحذير أن من يقبل بأن يصبح له عبداً سيصير سخرية. وهنا يعرض صورة لأمة اليهود التي أسلمت نفسها أو باعت نفسها للشيطان\'a1 وهي أيضاً صورة للبشرية الساقطة قبل المسيح. ونرى فيها قول بولس الرسول ""الجميع زاغوا وفسدوا.."" ( رو3) ثم ينتهي الإصحاح برجاء في المسيح الذي يأتي للخلاص.
صفنيا,3,82,"الإصحاح الثالث انتهى الإصحاح السابق وقد أعطانا أملاً بنهاية سلطان الشيطان\'a1 ولكن مع تحذير أن من يقبل بأن يصبح له عبداً سيصير سخرية. وهنا يعرض صورة لأمة اليهود التي أسلمت نفسها أو باعت نفسها للشيطان\'a1 وهي أيضاً صورة للبشرية الساقطة قبل المسيح. ونرى فيها قول بولس الرسول ""الجميع زاغوا وفسدوا.."" ( رو3) ثم ينتهي الإصحاح برجاء في المسيح الذي يأتي للخلاص.
صفنيا,3,83,"الإصحاح الثالث انتهى الإصحاح السابق وقد أعطانا أملاً بنهاية سلطان الشيطان\'a1 ولكن مع تحذير أن من يقبل بأن يصبح له عبداً سيصير سخرية. وهنا يعرض صورة لأمة اليهود التي أسلمت نفسها أو باعت نفسها للشيطان\'a1 وهي أيضاً صورة للبشرية الساقطة قبل المسيح. ونرى فيها قول بولس الرسول ""الجميع زاغوا وفسدوا.."" ( رو3) ثم ينتهي الإصحاح برجاء في المسيح الذي يأتي للخلاص.
صفنيا,3,84,"الإصحاح الثالث انتهى الإصحاح السابق وقد أعطانا أملاً بنهاية سلطان الشيطان\'a1 ولكن مع تحذير أن من يقبل بأن يصبح له عبداً سيصير سخرية. وهنا يعرض صورة لأمة اليهود التي أسلمت نفسها أو باعت نفسها للشيطان\'a1 وهي أيضاً صورة للبشرية الساقطة قبل المسيح. ونرى فيها قول بولس الرسول ""الجميع زاغوا وفسدوا.."" ( رو3) ثم ينتهي الإصحاح برجاء في المسيح الذي يأتي للخلاص.
صفنيا,3,85,"الإصحاح الثالث انتهى الإصحاح السابق وقد أعطانا أملاً بنهاية سلطان الشيطان\'a1 ولكن مع تحذير أن من يقبل بأن يصبح له عبداً سيصير سخرية. وهنا يعرض صورة لأمة اليهود التي أسلمت نفسها أو باعت نفسها للشيطان\'a1 وهي أيضاً صورة للبشرية الساقطة قبل المسيح. ونرى فيها قول بولس الرسول ""الجميع زاغوا وفسدوا.."" ( رو3) ثم ينتهي الإصحاح برجاء في المسيح الذي يأتي للخلاص.
صفنيا,3,86,"الإصحاح الثالث انتهى الإصحاح السابق وقد أعطانا أملاً بنهاية سلطان الشيطان\'a1 ولكن مع تحذير أن من يقبل بأن يصبح له عبداً سيصير سخرية. وهنا يعرض صورة لأمة اليهود التي أسلمت نفسها أو باعت نفسها للشيطان\'a1 وهي أيضاً صورة للبشرية الساقطة قبل المسيح. ونرى فيها قول بولس الرسول ""الجميع زاغوا وفسدوا.."" ( رو3) ثم ينتهي الإصحاح برجاء في المسيح الذي يأتي للخلاص.
صفنيا,3,87,"الإصحاح الثالث انتهى الإصحاح السابق وقد أعطانا أملاً بنهاية سلطان الشيطان\'a1 ولكن مع تحذير أن من يقبل بأن يصبح له عبداً سيصير سخرية. وهنا يعرض صورة لأمة اليهود التي أسلمت نفسها أو باعت نفسها للشيطان\'a1 وهي أيضاً صورة للبشرية الساقطة قبل المسيح. ونرى فيها قول بولس الرسول ""الجميع زاغوا وفسدوا.."" ( رو3) ثم ينتهي الإصحاح برجاء في المسيح الذي يأتي للخلاص.
صفنيا,3,88,"الإصحاح الثالث انتهى الإصحاح السابق وقد أعطانا أملاً بنهاية سلطان الشيطان\'a1 ولكن مع تحذير أن من يقبل بأن يصبح له عبداً سيصير سخرية. وهنا يعرض صورة لأمة اليهود التي أسلمت نفسها أو باعت نفسها للشيطان\'a1 وهي أيضاً صورة للبشرية الساقطة قبل المسيح. ونرى فيها قول بولس الرسول ""الجميع زاغوا وفسدوا.."" ( رو3) ثم ينتهي الإصحاح برجاء في المسيح الذي يأتي للخلاص.
صفنيا,3,89,"الإصحاح الثالث انتهى الإصحاح السابق وقد أعطانا أملاً بنهاية سلطان الشيطان\'a1 ولكن مع تحذير أن من يقبل بأن يصبح له عبداً سيصير سخرية. وهنا يعرض صورة لأمة اليهود التي أسلمت نفسها أو باعت نفسها للشيطان\'a1 وهي أيضاً صورة للبشرية الساقطة قبل المسيح. ونرى فيها قول بولس الرسول ""الجميع زاغوا وفسدوا.."" ( رو3) ثم ينتهي الإصحاح برجاء في المسيح الذي يأتي للخلاص.
صفنيا,3,90,"الإصحاح الثالث انتهى الإصحاح السابق وقد أعطانا أملاً بنهاية سلطان الشيطان\'a1 ولكن مع تحذير أن من يقبل بأن يصبح له عبداً سيصير سخرية. وهنا يعرض صورة لأمة اليهود التي أسلمت نفسها أو باعت نفسها للشيطان\'a1 وهي أيضاً صورة للبشرية الساقطة قبل المسيح. ونرى فيها قول بولس الرسول ""الجميع زاغوا وفسدوا.."" ( رو3) ثم ينتهي الإصحاح برجاء في المسيح الذي يأتي للخلاص.
صفنيا,3,91,"الإصحاح الثالث انتهى الإصحاح السابق وقد أعطانا أملاً بنهاية سلطان الشيطان\'a1 ولكن مع تحذير أن من يقبل بأن يصبح له عبداً سيصير سخرية. وهنا يعرض صورة لأمة اليهود التي أسلمت نفسها أو باعت نفسها للشيطان\'a1 وهي أيضاً صورة للبشرية الساقطة قبل المسيح. ونرى فيها قول بولس الرسول ""الجميع زاغوا وفسدوا.."" ( رو3) ثم ينتهي الإصحاح برجاء في المسيح الذي يأتي للخلاص.
صفنيا,3,92,"الإصحاح الثالث انتهى الإصحاح السابق وقد أعطانا أملاً بنهاية سلطان الشيطان\'a1 ولكن مع تحذير أن من يقبل بأن يصبح له عبداً سيصير سخرية. وهنا يعرض صورة لأمة اليهود التي أسلمت نفسها أو باعت نفسها للشيطان\'a1 وهي أيضاً صورة للبشرية الساقطة قبل المسيح. ونرى فيها قول بولس الرسول ""الجميع زاغوا وفسدوا.."" ( رو3) ثم ينتهي الإصحاح برجاء في المسيح الذي يأتي للخلاص.
صفنيا,3,93,"الإصحاح الثالث انتهى الإصحاح السابق وقد أعطانا أملاً بنهاية سلطان الشيطان\'a1 ولكن مع تحذير أن من يقبل بأن يصبح له عبداً سيصير سخرية. وهنا يعرض صورة لأمة اليهود التي أسلمت نفسها أو باعت نفسها للشيطان\'a1 وهي أيضاً صورة للبشرية الساقطة قبل المسيح. ونرى فيها قول بولس الرسول ""الجميع زاغوا وفسدوا.."" ( رو3) ثم ينتهي الإصحاح برجاء في المسيح الذي يأتي للخلاص.
صفنيا,3,94,"الإصحاح الثالث انتهى الإصحاح السابق وقد أعطانا أملاً بنهاية سلطان الشيطان\'a1 ولكن مع تحذير أن من يقبل بأن يصبح له عبداً سيصير سخرية. وهنا يعرض صورة لأمة اليهود التي أسلمت نفسها أو باعت نفسها للشيطان\'a1 وهي أيضاً صورة للبشرية الساقطة قبل المسيح. ونرى فيها قول بولس الرسول ""الجميع زاغوا وفسدوا.."" ( رو3) ثم ينتهي الإصحاح برجاء في المسيح الذي يأتي للخلاص.
صفنيا,3,95,"الإصحاح الثالث انتهى الإصحاح السابق وقد أعطانا أملاً بنهاية سلطان الشيطان\'a1 ولكن مع تحذير أن من يقبل بأن يصبح له عبداً سيصير سخرية. وهنا يعرض صورة لأمة اليهود التي أسلمت نفسها أو باعت نفسها للشيطان\'a1 وهي أيضاً صورة للبشرية الساقطة قبل المسيح. ونرى فيها قول بولس الرسول ""الجميع زاغوا وفسدوا.."" ( رو3) ثم ينتهي الإصحاح برجاء في المسيح الذي يأتي للخلاص.
صفنيا,3,96,"الإصحاح الثالث انتهى الإصحاح السابق وقد أعطانا أملاً بنهاية سلطان الشيطان\'a1 ولكن مع تحذير أن من يقبل بأن يصبح له عبداً سيصير سخرية. وهنا يعرض صورة لأمة اليهود التي أسلمت نفسها أو باعت نفسها للشيطان\'a1 وهي أيضاً صورة للبشرية الساقطة قبل المسيح. ونرى فيها قول بولس الرسول ""الجميع زاغوا وفسدوا.."" ( رو3) ثم ينتهي الإصحاح برجاء في المسيح الذي يأتي للخلاص.
صفنيا,3,97,"الإصحاح الثالث انتهى الإصحاح السابق وقد أعطانا أملاً بنهاية سلطان الشيطان\'a1 ولكن مع تحذير أن من يقبل بأن يصبح له عبداً سيصير سخرية. وهنا يعرض صورة لأمة اليهود التي أسلمت نفسها أو باعت نفسها للشيطان\'a1 وهي أيضاً صورة للبشرية الساقطة قبل المسيح. ونرى فيها قول بولس الرسول ""الجميع زاغوا وفسدوا.."" ( رو3) ثم ينتهي الإصحاح برجاء في المسيح الذي يأتي للخلاص.
صفنيا,3,98,"الإصحاح الثالث انتهى الإصحاح السابق وقد أعطانا أملاً بنهاية سلطان الشيطان\'a1 ولكن مع تحذير أن من يقبل بأن يصبح له عبداً سيصير سخرية. وهنا يعرض صورة لأمة اليهود التي أسلمت نفسها أو باعت نفسها للشيطان\'a1 وهي أيضاً صورة للبشرية الساقطة قبل المسيح. ونرى فيها قول بولس الرسول ""الجميع زاغوا وفسدوا.."" ( رو3) ثم ينتهي الإصحاح برجاء في المسيح الذي يأتي للخلاص.
صفنيا,3,99,"الإصحاح الثالث انتهى الإصحاح السابق وقد أعطانا أملاً بنهاية سلطان الشيطان\'a1 ولكن مع تحذير أن من يقبل بأن يصبح له عبداً سيصير سخرية. وهنا يعرض صورة لأمة اليهود التي أسلمت نفسها أو باعت نفسها للشيطان\'a1 وهي أيضاً صورة للبشرية الساقطة قبل المسيح. ونرى فيها قول بولس الرسول ""الجميع زاغوا وفسدوا.."" ( رو3) ثم ينتهي الإصحاح برجاء في المسيح الذي يأتي للخلاص.