book,chapter,verse,tafsir
صموئيل أول,1,1,"مقدمات للأسفار التاريخية 
صموئيل أول,1,2,"الإصحاح الأول 
صموئيل أول,1,3,"الإصحاح الأول 
صموئيل أول,1,4,"الإصحاح الأول 
صموئيل أول,1,5,"الإصحاح الأول 
صموئيل أول,1,6,"الإصحاح الأول 
صموئيل أول,1,7,"الإصحاح الأول 
صموئيل أول,1,8,"الإصحاح الأول 
صموئيل أول,1,9,"الإصحاح الأول 
صموئيل أول,1,10,"الإصحاح الأول 
صموئيل أول,1,11,"الإصحاح الأول 
صموئيل أول,1,12,"الإصحاح الأول 
صموئيل أول,1,13,"الإصحاح الأول 
صموئيل أول,1,14,"الإصحاح الأول 
صموئيل أول,1,15,"الإصحاح الأول 
صموئيل أول,1,16,"الإصحاح الأول 
صموئيل أول,1,17,"الإصحاح الأول 
صموئيل أول,1,18,"الإصحاح الأول 
صموئيل أول,1,19,"الإصحاح الأول 
صموئيل أول,1,20,"الإصحاح الأول 
صموئيل أول,1,21,"الإصحاح الأول 
صموئيل أول,1,22,"الإصحاح الأول 
صموئيل أول,1,23,"الإصحاح الأول 
صموئيل أول,1,24,"الإصحاح الأول 
صموئيل أول,1,25,"الإصحاح الأول 
صموئيل أول,1,26,"الإصحاح الأول 
صموئيل أول,1,27,"الإصحاح الأول 
صموئيل أول,1,28,"الإصحاح الأول 
صموئيل أول,1,29,"الإصحاح الأول 
صموئيل أول,1,30,"الإصحاح الأول 
صموئيل أول,1,31,"الإصحاح الأول 
صموئيل أول,1,32,"الإصحاح الأول 
صموئيل أول,1,33,"الإصحاح الأول 
صموئيل أول,1,34,"الإصحاح الأول 
صموئيل أول,1,35,"الإصحاح الأول 
صموئيل أول,1,36,"الإصحاح الأول 
صموئيل أول,1,37,"الإصحاح الأول 
صموئيل أول,1,38,"الإصحاح الأول 
صموئيل أول,1,39,"الإصحاح الأول 
صموئيل أول,1,40,"الإصحاح الأول 
صموئيل أول,1,41,"الإصحاح الأول 
صموئيل أول,1,42,"الإصحاح الأول 
صموئيل أول,1,43,"الإصحاح الأول 
صموئيل أول,1,44,"الإصحاح الأول 
صموئيل أول,1,45,"الإصحاح الأول 
صموئيل أول,1,46,"الإصحاح الأول 
صموئيل أول,1,47,"الإصحاح الأول 
صموئيل أول,1,48,"الإصحاح الأول 
صموئيل أول,1,49,"الإصحاح الأول 
صموئيل أول,1,50,"الإصحاح الأول 
صموئيل أول,1,51,"الإصحاح الأول 
صموئيل أول,1,52,"الإصحاح الأول 
صموئيل أول,1,53,"الإصحاح الأول 
صموئيل أول,1,54,"الإصحاح الأول 
صموئيل أول,1,55,"الإصحاح الأول 
صموئيل أول,1,56,"الإصحاح الأول 
صموئيل أول,1,57,"الإصحاح الأول 
صموئيل أول,1,58,"الإصحاح الأول 
صموئيل أول,1,59,"الإصحاح الأول 
صموئيل أول,1,60,"الإصحاح الأول 
صموئيل أول,1,61,"الإصحاح الأول 
صموئيل أول,1,62,"الإصحاح الأول 
صموئيل أول,1,63,"الإصحاح الأول 
صموئيل أول,1,64,"الإصحاح الأول 
صموئيل أول,1,65,"الإصحاح الأول 
صموئيل أول,1,66,"الإصحاح الأول 
صموئيل أول,1,67,"الإصحاح الأول 
صموئيل أول,1,68,"الإصحاح الأول 
صموئيل أول,1,69,"الإصحاح الأول 
صموئيل أول,1,70,"الإصحاح الأول 
صموئيل أول,1,71,"الإصحاح الأول 
صموئيل أول,1,72,"الإصحاح الأول 
صموئيل أول,1,73,"الإصحاح الأول 
صموئيل أول,1,74,"الإصحاح الأول 
صموئيل أول,1,75,"الإصحاح الأول 
صموئيل أول,1,76,"الإصحاح الأول 
صموئيل أول,1,77,"الإصحاح الأول 
صموئيل أول,1,78,"الإصحاح الأول 
صموئيل أول,1,79,"الإصحاح الأول 
صموئيل أول,1,80,"الإصحاح الأول 
صموئيل أول,1,81,"الإصحاح الأول 
صموئيل أول,1,82,"الإصحاح الأول 
صموئيل أول,1,83,"الإصحاح الأول 
صموئيل أول,1,84,"الإصحاح الأول 
صموئيل أول,1,85,"الإصحاح الأول 
صموئيل أول,1,86,"الإصحاح الأول 
صموئيل أول,1,87,"الإصحاح الأول 
صموئيل أول,1,88,"الإصحاح الأول 
صموئيل أول,1,89,"الإصحاح الأول 
صموئيل أول,1,90,"الإصحاح الأول 
صموئيل أول,1,91,"الإصحاح الأول 
صموئيل أول,1,92,"الإصحاح الأول 
صموئيل أول,1,93,"الإصحاح الأول 
صموئيل أول,1,94,"الإصحاح الأول 
صموئيل أول,1,95,"الإصحاح الأول 
صموئيل أول,1,96,"الإصحاح الأول 
صموئيل أول,1,97,"الإصحاح الأول 
صموئيل أول,1,98,"الإصحاح الأول 
صموئيل أول,1,99,"الإصحاح الأول 
صموئيل أول,2,1,"الإصحاح الثانى
صموئيل أول,2,2,"الإصحاح الثانى
صموئيل أول,2,3,"الإصحاح الثانى
صموئيل أول,2,4,"الإصحاح الثانى
صموئيل أول,2,5,"الإصحاح الثانى
صموئيل أول,2,6,"الإصحاح الثانى
صموئيل أول,2,7,"الإصحاح الثانى
صموئيل أول,2,8,"الإصحاح الثانى
صموئيل أول,2,9,"الإصحاح الثانى
صموئيل أول,2,10,"الإصحاح الثانى
صموئيل أول,2,11,"الإصحاح الثانى
صموئيل أول,2,12,"الإصحاح الثانى
صموئيل أول,2,13,"الإصحاح الثانى
صموئيل أول,2,14,"الإصحاح الثانى
صموئيل أول,2,15,"الإصحاح الثانى
صموئيل أول,2,16,"الإصحاح الثانى
صموئيل أول,2,17,"الإصحاح الثانى
صموئيل أول,2,18,"الإصحاح الثانى
صموئيل أول,2,19,"الإصحاح الثانى
صموئيل أول,2,20,"الإصحاح الثانى
صموئيل أول,2,21,"الإصحاح الثانى
صموئيل أول,2,22,"الإصحاح الثانى
صموئيل أول,2,23,"الإصحاح الثانى
صموئيل أول,2,24,"الإصحاح الثانى
صموئيل أول,2,25,"الإصحاح الثانى
صموئيل أول,2,26,"الإصحاح الثانى
صموئيل أول,2,27,"الإصحاح الثانى
صموئيل أول,2,28,"الإصحاح الثانى
صموئيل أول,2,29,"الإصحاح الثانى
صموئيل أول,2,30,"الإصحاح الثانى
صموئيل أول,2,31,"الإصحاح الثانى
صموئيل أول,2,32,"الإصحاح الثانى
صموئيل أول,2,33,"الإصحاح الثانى
صموئيل أول,2,34,"الإصحاح الثانى
صموئيل أول,2,35,"الإصحاح الثانى
صموئيل أول,2,36,"الإصحاح الثانى
صموئيل أول,2,37,"الإصحاح الثانى
صموئيل أول,2,38,"الإصحاح الثانى
صموئيل أول,2,39,"الإصحاح الثانى
صموئيل أول,2,40,"الإصحاح الثانى
صموئيل أول,2,41,"الإصحاح الثانى
صموئيل أول,2,42,"الإصحاح الثانى
صموئيل أول,2,43,"الإصحاح الثانى
صموئيل أول,2,44,"الإصحاح الثانى
صموئيل أول,2,45,"الإصحاح الثانى
صموئيل أول,2,46,"الإصحاح الثانى
صموئيل أول,2,47,"الإصحاح الثانى
صموئيل أول,2,48,"الإصحاح الثانى
صموئيل أول,2,49,"الإصحاح الثانى
صموئيل أول,2,50,"الإصحاح الثانى
صموئيل أول,2,51,"الإصحاح الثانى
صموئيل أول,2,52,"الإصحاح الثانى
صموئيل أول,2,53,"الإصحاح الثانى
صموئيل أول,2,54,"الإصحاح الثانى
صموئيل أول,2,55,"الإصحاح الثانى
صموئيل أول,2,56,"الإصحاح الثانى
صموئيل أول,2,57,"الإصحاح الثانى
صموئيل أول,2,58,"الإصحاح الثانى
صموئيل أول,2,59,"الإصحاح الثانى
صموئيل أول,2,60,"الإصحاح الثانى
صموئيل أول,2,61,"الإصحاح الثانى
صموئيل أول,2,62,"الإصحاح الثانى
صموئيل أول,2,63,"الإصحاح الثانى
صموئيل أول,2,64,"الإصحاح الثانى
صموئيل أول,2,65,"الإصحاح الثانى
صموئيل أول,2,66,"الإصحاح الثانى
صموئيل أول,2,67,"الإصحاح الثانى
صموئيل أول,2,68,"الإصحاح الثانى
صموئيل أول,2,69,"الإصحاح الثانى
صموئيل أول,2,70,"الإصحاح الثانى
صموئيل أول,2,71,"الإصحاح الثانى
صموئيل أول,2,72,"الإصحاح الثانى
صموئيل أول,2,73,"الإصحاح الثانى
صموئيل أول,2,74,"الإصحاح الثانى
صموئيل أول,2,75,"الإصحاح الثانى
صموئيل أول,2,76,"الإصحاح الثانى
صموئيل أول,2,77,"الإصحاح الثانى
صموئيل أول,2,78,"الإصحاح الثانى
صموئيل أول,2,79,"الإصحاح الثانى
صموئيل أول,2,80,"الإصحاح الثانى
صموئيل أول,2,81,"الإصحاح الثانى
صموئيل أول,2,82,"الإصحاح الثانى
صموئيل أول,2,83,"الإصحاح الثانى
صموئيل أول,2,84,"الإصحاح الثانى
صموئيل أول,2,85,"الإصحاح الثانى
صموئيل أول,2,86,"الإصحاح الثانى
صموئيل أول,2,87,"الإصحاح الثانى
صموئيل أول,2,88,"الإصحاح الثانى
صموئيل أول,2,89,"الإصحاح الثانى
صموئيل أول,2,90,"الإصحاح الثانى
صموئيل أول,2,91,"الإصحاح الثانى
صموئيل أول,2,92,"الإصحاح الثانى
صموئيل أول,2,93,"الإصحاح الثانى
صموئيل أول,2,94,"الإصحاح الثانى
صموئيل أول,2,95,"الإصحاح الثانى
صموئيل أول,2,96,"الإصحاح الثانى
صموئيل أول,2,97,"الإصحاح الثانى
صموئيل أول,2,98,"الإصحاح الثانى
صموئيل أول,2,99,"الإصحاح الثانى
صموئيل أول,3,1,"الإصحاح الثالث 
صموئيل أول,3,2,"الإصحاح الثالث 
صموئيل أول,3,3,"الإصحاح الثالث 
صموئيل أول,3,4,"الإصحاح الثالث 
صموئيل أول,3,5,"الإصحاح الثالث 
صموئيل أول,3,6,"الإصحاح الثالث 
صموئيل أول,3,7,"الإصحاح الثالث 
صموئيل أول,3,8,"الإصحاح الثالث 
صموئيل أول,3,9,"الإصحاح الثالث 
صموئيل أول,3,10,"الإصحاح الثالث 
صموئيل أول,3,11,"الإصحاح الثالث 
صموئيل أول,3,12,"الإصحاح الثالث 
صموئيل أول,3,13,"الإصحاح الثالث 
صموئيل أول,3,14,"الإصحاح الثالث 
صموئيل أول,3,15,"الإصحاح الثالث 
صموئيل أول,3,16,"الإصحاح الثالث 
صموئيل أول,3,17,"الإصحاح الثالث 
صموئيل أول,3,18,"الإصحاح الثالث 
صموئيل أول,3,19,"الإصحاح الثالث 
صموئيل أول,3,20,"الإصحاح الثالث 
صموئيل أول,3,21,"الإصحاح الثالث 
صموئيل أول,3,22,"الإصحاح الثالث 
صموئيل أول,3,23,"الإصحاح الثالث 
صموئيل أول,3,24,"الإصحاح الثالث 
صموئيل أول,3,25,"الإصحاح الثالث 
صموئيل أول,3,26,"الإصحاح الثالث 
صموئيل أول,3,27,"الإصحاح الثالث 
صموئيل أول,3,28,"الإصحاح الثالث 
صموئيل أول,3,29,"الإصحاح الثالث 
صموئيل أول,3,30,"الإصحاح الثالث 
صموئيل أول,3,31,"الإصحاح الثالث 
صموئيل أول,3,32,"الإصحاح الثالث 
صموئيل أول,3,33,"الإصحاح الثالث 
صموئيل أول,3,34,"الإصحاح الثالث 
صموئيل أول,3,35,"الإصحاح الثالث 
صموئيل أول,3,36,"الإصحاح الثالث 
صموئيل أول,3,37,"الإصحاح الثالث 
صموئيل أول,3,38,"الإصحاح الثالث 
صموئيل أول,3,39,"الإصحاح الثالث 
صموئيل أول,3,40,"الإصحاح الثالث 
صموئيل أول,3,41,"الإصحاح الثالث 
صموئيل أول,3,42,"الإصحاح الثالث 
صموئيل أول,3,43,"الإصحاح الثالث 
صموئيل أول,3,44,"الإصحاح الثالث 
صموئيل أول,3,45,"الإصحاح الثالث 
صموئيل أول,3,46,"الإصحاح الثالث 
صموئيل أول,3,47,"الإصحاح الثالث 
صموئيل أول,3,48,"الإصحاح الثالث 
صموئيل أول,3,49,"الإصحاح الثالث 
صموئيل أول,3,50,"الإصحاح الثالث 
صموئيل أول,3,51,"الإصحاح الثالث 
صموئيل أول,3,52,"الإصحاح الثالث 
صموئيل أول,3,53,"الإصحاح الثالث 
صموئيل أول,3,54,"الإصحاح الثالث 
صموئيل أول,3,55,"الإصحاح الثالث 
صموئيل أول,3,56,"الإصحاح الثالث 
صموئيل أول,3,57,"الإصحاح الثالث 
صموئيل أول,3,58,"الإصحاح الثالث 
صموئيل أول,3,59,"الإصحاح الثالث 
صموئيل أول,3,60,"الإصحاح الثالث 
صموئيل أول,3,61,"الإصحاح الثالث 
صموئيل أول,3,62,"الإصحاح الثالث 
صموئيل أول,3,63,"الإصحاح الثالث 
صموئيل أول,3,64,"الإصحاح الثالث 
صموئيل أول,3,65,"الإصحاح الثالث 
صموئيل أول,3,66,"الإصحاح الثالث 
صموئيل أول,3,67,"الإصحاح الثالث 
صموئيل أول,3,68,"الإصحاح الثالث 
صموئيل أول,3,69,"الإصحاح الثالث 
صموئيل أول,3,70,"الإصحاح الثالث 
صموئيل أول,3,71,"الإصحاح الثالث 
صموئيل أول,3,72,"الإصحاح الثالث 
صموئيل أول,3,73,"الإصحاح الثالث 
صموئيل أول,3,74,"الإصحاح الثالث 
صموئيل أول,3,75,"الإصحاح الثالث 
صموئيل أول,3,76,"الإصحاح الثالث 
صموئيل أول,3,77,"الإصحاح الثالث 
صموئيل أول,3,78,"الإصحاح الثالث 
صموئيل أول,3,79,"الإصحاح الثالث 
صموئيل أول,3,80,"الإصحاح الثالث 
صموئيل أول,3,81,"الإصحاح الثالث 
صموئيل أول,3,82,"الإصحاح الثالث 
صموئيل أول,3,83,"الإصحاح الثالث 
صموئيل أول,3,84,"الإصحاح الثالث 
صموئيل أول,3,85,"الإصحاح الثالث 
صموئيل أول,3,86,"الإصحاح الثالث 
صموئيل أول,3,87,"الإصحاح الثالث 
صموئيل أول,3,88,"الإصحاح الثالث 
صموئيل أول,3,89,"الإصحاح الثالث 
صموئيل أول,3,90,"الإصحاح الثالث 
صموئيل أول,3,91,"الإصحاح الثالث 
صموئيل أول,3,92,"الإصحاح الثالث 
صموئيل أول,3,93,"الإصحاح الثالث 
صموئيل أول,3,94,"الإصحاح الثالث 
صموئيل أول,3,95,"الإصحاح الثالث 
صموئيل أول,3,96,"الإصحاح الثالث 
صموئيل أول,3,97,"الإصحاح الثالث 
صموئيل أول,3,98,"الإصحاح الثالث 
صموئيل أول,3,99,"الإصحاح الثالث 
صموئيل أول,4,1,"الإصحاح الرابع
صموئيل أول,4,2,"الإصحاح الرابع
صموئيل أول,4,3,"الإصحاح الرابع
صموئيل أول,4,4,"الإصحاح الرابع
صموئيل أول,4,5,"الإصحاح الرابع
صموئيل أول,4,6,"الإصحاح الرابع
صموئيل أول,4,7,"الإصحاح الرابع
صموئيل أول,4,8,"الإصحاح الرابع
صموئيل أول,4,9,"الإصحاح الرابع
صموئيل أول,4,10,"الإصحاح الرابع
صموئيل أول,4,11,"الإصحاح الرابع
صموئيل أول,4,12,"الإصحاح الرابع
صموئيل أول,4,13,"الإصحاح الرابع
صموئيل أول,4,14,"الإصحاح الرابع
صموئيل أول,4,15,"الإصحاح الرابع
صموئيل أول,4,16,"الإصحاح الرابع
صموئيل أول,4,17,"الإصحاح الرابع
صموئيل أول,4,18,"الإصحاح الرابع
صموئيل أول,4,19,"الإصحاح الرابع
صموئيل أول,4,20,"الإصحاح الرابع
صموئيل أول,4,21,"الإصحاح الرابع
صموئيل أول,4,22,"الإصحاح الرابع
صموئيل أول,4,23,"الإصحاح الرابع
صموئيل أول,4,24,"الإصحاح الرابع
صموئيل أول,4,25,"الإصحاح الرابع
صموئيل أول,4,26,"الإصحاح الرابع
صموئيل أول,4,27,"الإصحاح الرابع
صموئيل أول,4,28,"الإصحاح الرابع
صموئيل أول,4,29,"الإصحاح الرابع
صموئيل أول,4,30,"الإصحاح الرابع
صموئيل أول,4,31,"الإصحاح الرابع
صموئيل أول,4,32,"الإصحاح الرابع
صموئيل أول,4,33,"الإصحاح الرابع
صموئيل أول,4,34,"الإصحاح الرابع
صموئيل أول,4,35,"الإصحاح الرابع
صموئيل أول,4,36,"الإصحاح الرابع
صموئيل أول,4,37,"الإصحاح الرابع
صموئيل أول,4,38,"الإصحاح الرابع
صموئيل أول,4,39,"الإصحاح الرابع
صموئيل أول,4,40,"الإصحاح الرابع
صموئيل أول,4,41,"الإصحاح الرابع
صموئيل أول,4,42,"الإصحاح الرابع
صموئيل أول,4,43,"الإصحاح الرابع
صموئيل أول,4,44,"الإصحاح الرابع
صموئيل أول,4,45,"الإصحاح الرابع
صموئيل أول,4,46,"الإصحاح الرابع
صموئيل أول,4,47,"الإصحاح الرابع
صموئيل أول,4,48,"الإصحاح الرابع
صموئيل أول,4,49,"الإصحاح الرابع
صموئيل أول,4,50,"الإصحاح الرابع
صموئيل أول,4,51,"الإصحاح الرابع
صموئيل أول,4,52,"الإصحاح الرابع
صموئيل أول,4,53,"الإصحاح الرابع
صموئيل أول,4,54,"الإصحاح الرابع
صموئيل أول,4,55,"الإصحاح الرابع
صموئيل أول,4,56,"الإصحاح الرابع
صموئيل أول,4,57,"الإصحاح الرابع
صموئيل أول,4,58,"الإصحاح الرابع
صموئيل أول,4,59,"الإصحاح الرابع
صموئيل أول,4,60,"الإصحاح الرابع
صموئيل أول,4,61,"الإصحاح الرابع
صموئيل أول,4,62,"الإصحاح الرابع
صموئيل أول,4,63,"الإصحاح الرابع
صموئيل أول,4,64,"الإصحاح الرابع
صموئيل أول,4,65,"الإصحاح الرابع
صموئيل أول,4,66,"الإصحاح الرابع
صموئيل أول,4,67,"الإصحاح الرابع
صموئيل أول,4,68,"الإصحاح الرابع
صموئيل أول,4,69,"الإصحاح الرابع
صموئيل أول,4,70,"الإصحاح الرابع
صموئيل أول,4,71,"الإصحاح الرابع
صموئيل أول,4,72,"الإصحاح الرابع
صموئيل أول,4,73,"الإصحاح الرابع
صموئيل أول,4,74,"الإصحاح الرابع
صموئيل أول,4,75,"الإصحاح الرابع
صموئيل أول,4,76,"الإصحاح الرابع
صموئيل أول,4,77,"الإصحاح الرابع
صموئيل أول,4,78,"الإصحاح الرابع
صموئيل أول,4,79,"الإصحاح الرابع
صموئيل أول,4,80,"الإصحاح الرابع
صموئيل أول,4,81,"الإصحاح الرابع
صموئيل أول,4,82,"الإصحاح الرابع
صموئيل أول,4,83,"الإصحاح الرابع
صموئيل أول,4,84,"الإصحاح الرابع
صموئيل أول,4,85,"الإصحاح الرابع
صموئيل أول,4,86,"الإصحاح الرابع
صموئيل أول,4,87,"الإصحاح الرابع
صموئيل أول,4,88,"الإصحاح الرابع
صموئيل أول,4,89,"الإصحاح الرابع
صموئيل أول,4,90,"الإصحاح الرابع
صموئيل أول,4,91,"الإصحاح الرابع
صموئيل أول,4,92,"الإصحاح الرابع
صموئيل أول,4,93,"الإصحاح الرابع
صموئيل أول,4,94,"الإصحاح الرابع
صموئيل أول,4,95,"الإصحاح الرابع
صموئيل أول,4,96,"الإصحاح الرابع
صموئيل أول,4,97,"الإصحاح الرابع
صموئيل أول,4,98,"الإصحاح الرابع
صموئيل أول,4,99,"الإصحاح الرابع
صموئيل أول,5,1,"الإصحاح الخامس
صموئيل أول,5,2,"الإصحاح الخامس
صموئيل أول,5,3,"الإصحاح الخامس
صموئيل أول,5,4,"الإصحاح الخامس
صموئيل أول,5,5,"الإصحاح الخامس
صموئيل أول,5,6,"الإصحاح الخامس
صموئيل أول,5,7,"الإصحاح الخامس
صموئيل أول,5,8,"الإصحاح الخامس
صموئيل أول,5,9,"الإصحاح الخامس
صموئيل أول,5,10,"الإصحاح الخامس
صموئيل أول,5,11,"الإصحاح الخامس
صموئيل أول,5,12,"الإصحاح الخامس
صموئيل أول,5,13,"الإصحاح الخامس
صموئيل أول,5,14,"الإصحاح الخامس
صموئيل أول,5,15,"الإصحاح الخامس
صموئيل أول,5,16,"الإصحاح الخامس
صموئيل أول,5,17,"الإصحاح الخامس
صموئيل أول,5,18,"الإصحاح الخامس
صموئيل أول,5,19,"الإصحاح الخامس
صموئيل أول,5,20,"الإصحاح الخامس
صموئيل أول,5,21,"الإصحاح الخامس
صموئيل أول,5,22,"الإصحاح الخامس
صموئيل أول,5,23,"الإصحاح الخامس
صموئيل أول,5,24,"الإصحاح الخامس
صموئيل أول,5,25,"الإصحاح الخامس
صموئيل أول,5,26,"الإصحاح الخامس
صموئيل أول,5,27,"الإصحاح الخامس
صموئيل أول,5,28,"الإصحاح الخامس
صموئيل أول,5,29,"الإصحاح الخامس
صموئيل أول,5,30,"الإصحاح الخامس
صموئيل أول,5,31,"الإصحاح الخامس
صموئيل أول,5,32,"الإصحاح الخامس
صموئيل أول,5,33,"الإصحاح الخامس
صموئيل أول,5,34,"الإصحاح الخامس
صموئيل أول,5,35,"الإصحاح الخامس
صموئيل أول,5,36,"الإصحاح الخامس
صموئيل أول,5,37,"الإصحاح الخامس
صموئيل أول,5,38,"الإصحاح الخامس
صموئيل أول,5,39,"الإصحاح الخامس
صموئيل أول,5,40,"الإصحاح الخامس
صموئيل أول,5,41,"الإصحاح الخامس
صموئيل أول,5,42,"الإصحاح الخامس
صموئيل أول,5,43,"الإصحاح الخامس
صموئيل أول,5,44,"الإصحاح الخامس
صموئيل أول,5,45,"الإصحاح الخامس
صموئيل أول,5,46,"الإصحاح الخامس
صموئيل أول,5,47,"الإصحاح الخامس
صموئيل أول,5,48,"الإصحاح الخامس
صموئيل أول,5,49,"الإصحاح الخامس
صموئيل أول,5,50,"الإصحاح الخامس
صموئيل أول,5,51,"الإصحاح الخامس
صموئيل أول,5,52,"الإصحاح الخامس
صموئيل أول,5,53,"الإصحاح الخامس
صموئيل أول,5,54,"الإصحاح الخامس
صموئيل أول,5,55,"الإصحاح الخامس
صموئيل أول,5,56,"الإصحاح الخامس
صموئيل أول,5,57,"الإصحاح الخامس
صموئيل أول,5,58,"الإصحاح الخامس
صموئيل أول,5,59,"الإصحاح الخامس
صموئيل أول,5,60,"الإصحاح الخامس
صموئيل أول,5,61,"الإصحاح الخامس
صموئيل أول,5,62,"الإصحاح الخامس
صموئيل أول,5,63,"الإصحاح الخامس
صموئيل أول,5,64,"الإصحاح الخامس
صموئيل أول,5,65,"الإصحاح الخامس
صموئيل أول,5,66,"الإصحاح الخامس
صموئيل أول,5,67,"الإصحاح الخامس
صموئيل أول,5,68,"الإصحاح الخامس
صموئيل أول,5,69,"الإصحاح الخامس
صموئيل أول,5,70,"الإصحاح الخامس
صموئيل أول,5,71,"الإصحاح الخامس
صموئيل أول,5,72,"الإصحاح الخامس
صموئيل أول,5,73,"الإصحاح الخامس
صموئيل أول,5,74,"الإصحاح الخامس
صموئيل أول,5,75,"الإصحاح الخامس
صموئيل أول,5,76,"الإصحاح الخامس
صموئيل أول,5,77,"الإصحاح الخامس
صموئيل أول,5,78,"الإصحاح الخامس
صموئيل أول,5,79,"الإصحاح الخامس
صموئيل أول,5,80,"الإصحاح الخامس
صموئيل أول,5,81,"الإصحاح الخامس
صموئيل أول,5,82,"الإصحاح الخامس
صموئيل أول,5,83,"الإصحاح الخامس
صموئيل أول,5,84,"الإصحاح الخامس
صموئيل أول,5,85,"الإصحاح الخامس
صموئيل أول,5,86,"الإصحاح الخامس
صموئيل أول,5,87,"الإصحاح الخامس
صموئيل أول,5,88,"الإصحاح الخامس
صموئيل أول,5,89,"الإصحاح الخامس
صموئيل أول,5,90,"الإصحاح الخامس
صموئيل أول,5,91,"الإصحاح الخامس
صموئيل أول,5,92,"الإصحاح الخامس
صموئيل أول,5,93,"الإصحاح الخامس
صموئيل أول,5,94,"الإصحاح الخامس
صموئيل أول,5,95,"الإصحاح الخامس
صموئيل أول,5,96,"الإصحاح الخامس
صموئيل أول,5,97,"الإصحاح الخامس
صموئيل أول,5,98,"الإصحاح الخامس
صموئيل أول,5,99,"الإصحاح الخامس
صموئيل أول,6,1,"الإصحاح السادس
صموئيل أول,6,2,"الإصحاح السادس
صموئيل أول,6,3,"الإصحاح السادس
صموئيل أول,6,4,"الإصحاح السادس
صموئيل أول,6,5,"الإصحاح السادس
صموئيل أول,6,6,"الإصحاح السادس
صموئيل أول,6,7,"الإصحاح السادس
صموئيل أول,6,8,"الإصحاح السادس
صموئيل أول,6,9,"الإصحاح السادس
صموئيل أول,6,10,"الإصحاح السادس
صموئيل أول,6,11,"الإصحاح السادس
صموئيل أول,6,12,"الإصحاح السادس
صموئيل أول,6,13,"الإصحاح السادس
صموئيل أول,6,14,"الإصحاح السادس
صموئيل أول,6,15,"الإصحاح السادس
صموئيل أول,6,16,"الإصحاح السادس
صموئيل أول,6,17,"الإصحاح السادس
صموئيل أول,6,18,"الإصحاح السادس
صموئيل أول,6,19,"الإصحاح السادس
صموئيل أول,6,20,"الإصحاح السادس
صموئيل أول,6,21,"الإصحاح السادس
صموئيل أول,6,22,"الإصحاح السادس
صموئيل أول,6,23,"الإصحاح السادس
صموئيل أول,6,24,"الإصحاح السادس
صموئيل أول,6,25,"الإصحاح السادس
صموئيل أول,6,26,"الإصحاح السادس
صموئيل أول,6,27,"الإصحاح السادس
صموئيل أول,6,28,"الإصحاح السادس
صموئيل أول,6,29,"الإصحاح السادس
صموئيل أول,6,30,"الإصحاح السادس
صموئيل أول,6,31,"الإصحاح السادس
صموئيل أول,6,32,"الإصحاح السادس
صموئيل أول,6,33,"الإصحاح السادس
صموئيل أول,6,34,"الإصحاح السادس
صموئيل أول,6,35,"الإصحاح السادس
صموئيل أول,6,36,"الإصحاح السادس
صموئيل أول,6,37,"الإصحاح السادس
صموئيل أول,6,38,"الإصحاح السادس
صموئيل أول,6,39,"الإصحاح السادس
صموئيل أول,6,40,"الإصحاح السادس
صموئيل أول,6,41,"الإصحاح السادس
صموئيل أول,6,42,"الإصحاح السادس
صموئيل أول,6,43,"الإصحاح السادس
صموئيل أول,6,44,"الإصحاح السادس
صموئيل أول,6,45,"الإصحاح السادس
صموئيل أول,6,46,"الإصحاح السادس
صموئيل أول,6,47,"الإصحاح السادس
صموئيل أول,6,48,"الإصحاح السادس
صموئيل أول,6,49,"الإصحاح السادس
صموئيل أول,6,50,"الإصحاح السادس
صموئيل أول,6,51,"الإصحاح السادس
صموئيل أول,6,52,"الإصحاح السادس
صموئيل أول,6,53,"الإصحاح السادس
صموئيل أول,6,54,"الإصحاح السادس
صموئيل أول,6,55,"الإصحاح السادس
صموئيل أول,6,56,"الإصحاح السادس
صموئيل أول,6,57,"الإصحاح السادس
صموئيل أول,6,58,"الإصحاح السادس
صموئيل أول,6,59,"الإصحاح السادس
صموئيل أول,6,60,"الإصحاح السادس
صموئيل أول,6,61,"الإصحاح السادس
صموئيل أول,6,62,"الإصحاح السادس
صموئيل أول,6,63,"الإصحاح السادس
صموئيل أول,6,64,"الإصحاح السادس
صموئيل أول,6,65,"الإصحاح السادس
صموئيل أول,6,66,"الإصحاح السادس
صموئيل أول,6,67,"الإصحاح السادس
صموئيل أول,6,68,"الإصحاح السادس
صموئيل أول,6,69,"الإصحاح السادس
صموئيل أول,6,70,"الإصحاح السادس
صموئيل أول,6,71,"الإصحاح السادس
صموئيل أول,6,72,"الإصحاح السادس
صموئيل أول,6,73,"الإصحاح السادس
صموئيل أول,6,74,"الإصحاح السادس
صموئيل أول,6,75,"الإصحاح السادس
صموئيل أول,6,76,"الإصحاح السادس
صموئيل أول,6,77,"الإصحاح السادس
صموئيل أول,6,78,"الإصحاح السادس
صموئيل أول,6,79,"الإصحاح السادس
صموئيل أول,6,80,"الإصحاح السادس
صموئيل أول,6,81,"الإصحاح السادس
صموئيل أول,6,82,"الإصحاح السادس
صموئيل أول,6,83,"الإصحاح السادس
صموئيل أول,6,84,"الإصحاح السادس
صموئيل أول,6,85,"الإصحاح السادس
صموئيل أول,6,86,"الإصحاح السادس
صموئيل أول,6,87,"الإصحاح السادس
صموئيل أول,6,88,"الإصحاح السادس
صموئيل أول,6,89,"الإصحاح السادس
صموئيل أول,6,90,"الإصحاح السادس
صموئيل أول,6,91,"الإصحاح السادس
صموئيل أول,6,92,"الإصحاح السادس
صموئيل أول,6,93,"الإصحاح السادس
صموئيل أول,6,94,"الإصحاح السادس
صموئيل أول,6,95,"الإصحاح السادس
صموئيل أول,6,96,"الإصحاح السادس
صموئيل أول,6,97,"الإصحاح السادس
صموئيل أول,6,98,"الإصحاح السادس
صموئيل أول,6,99,"الإصحاح السادس
صموئيل أول,7,1,"الأصحاح السابع    
صموئيل أول,7,2,"الأصحاح السابع    
صموئيل أول,7,3,"الأصحاح السابع    
صموئيل أول,7,4,"الأصحاح السابع    
صموئيل أول,7,5,"الأصحاح السابع    
صموئيل أول,7,6,"الأصحاح السابع    
صموئيل أول,7,7,"الأصحاح السابع    
صموئيل أول,7,8,"الأصحاح السابع    
صموئيل أول,7,9,"الأصحاح السابع    
صموئيل أول,7,10,"الأصحاح السابع    
صموئيل أول,7,11,"الأصحاح السابع    
صموئيل أول,7,12,"الأصحاح السابع    
صموئيل أول,7,13,"الأصحاح السابع    
صموئيل أول,7,14,"الأصحاح السابع    
صموئيل أول,7,15,"الأصحاح السابع    
صموئيل أول,7,16,"الأصحاح السابع    
صموئيل أول,7,17,"الأصحاح السابع    
صموئيل أول,7,18,"الأصحاح السابع    
صموئيل أول,7,19,"الأصحاح السابع    
صموئيل أول,7,20,"الأصحاح السابع    
صموئيل أول,7,21,"الأصحاح السابع    
صموئيل أول,7,22,"الأصحاح السابع    
صموئيل أول,7,23,"الأصحاح السابع    
صموئيل أول,7,24,"الأصحاح السابع    
صموئيل أول,7,25,"الأصحاح السابع    
صموئيل أول,7,26,"الأصحاح السابع    
صموئيل أول,7,27,"الأصحاح السابع    
صموئيل أول,7,28,"الأصحاح السابع    
صموئيل أول,7,29,"الأصحاح السابع    
صموئيل أول,7,30,"الأصحاح السابع    
صموئيل أول,7,31,"الأصحاح السابع    
صموئيل أول,7,32,"الأصحاح السابع    
صموئيل أول,7,33,"الأصحاح السابع    
صموئيل أول,7,34,"الأصحاح السابع    
صموئيل أول,7,35,"الأصحاح السابع    
صموئيل أول,7,36,"الأصحاح السابع    
صموئيل أول,7,37,"الأصحاح السابع    
صموئيل أول,7,38,"الأصحاح السابع    
صموئيل أول,7,39,"الأصحاح السابع    
صموئيل أول,7,40,"الأصحاح السابع    
صموئيل أول,7,41,"الأصحاح السابع    
صموئيل أول,7,42,"الأصحاح السابع    
صموئيل أول,7,43,"الأصحاح السابع    
صموئيل أول,7,44,"الأصحاح السابع    
صموئيل أول,7,45,"الأصحاح السابع    
صموئيل أول,7,46,"الأصحاح السابع    
صموئيل أول,7,47,"الأصحاح السابع    
صموئيل أول,7,48,"الأصحاح السابع    
صموئيل أول,7,49,"الأصحاح السابع    
صموئيل أول,7,50,"الأصحاح السابع    
صموئيل أول,7,51,"الأصحاح السابع    
صموئيل أول,7,52,"الأصحاح السابع    
صموئيل أول,7,53,"الأصحاح السابع    
صموئيل أول,7,54,"الأصحاح السابع    
صموئيل أول,7,55,"الأصحاح السابع    
صموئيل أول,7,56,"الأصحاح السابع    
صموئيل أول,7,57,"الأصحاح السابع    
صموئيل أول,7,58,"الأصحاح السابع    
صموئيل أول,7,59,"الأصحاح السابع    
صموئيل أول,7,60,"الأصحاح السابع    
صموئيل أول,7,61,"الأصحاح السابع    
صموئيل أول,7,62,"الأصحاح السابع    
صموئيل أول,7,63,"الأصحاح السابع    
صموئيل أول,7,64,"الأصحاح السابع    
صموئيل أول,7,65,"الأصحاح السابع    
صموئيل أول,7,66,"الأصحاح السابع    
صموئيل أول,7,67,"الأصحاح السابع    
صموئيل أول,7,68,"الأصحاح السابع    
صموئيل أول,7,69,"الأصحاح السابع    
صموئيل أول,7,70,"الأصحاح السابع    
صموئيل أول,7,71,"الأصحاح السابع    
صموئيل أول,7,72,"الأصحاح السابع    
صموئيل أول,7,73,"الأصحاح السابع    
صموئيل أول,7,74,"الأصحاح السابع    
صموئيل أول,7,75,"الأصحاح السابع    
صموئيل أول,7,76,"الأصحاح السابع    
صموئيل أول,7,77,"الأصحاح السابع    
صموئيل أول,7,78,"الأصحاح السابع    
صموئيل أول,7,79,"الأصحاح السابع    
صموئيل أول,7,80,"الأصحاح السابع    
صموئيل أول,7,81,"الأصحاح السابع    
صموئيل أول,7,82,"الأصحاح السابع    
صموئيل أول,7,83,"الأصحاح السابع    
صموئيل أول,7,84,"الأصحاح السابع    
صموئيل أول,7,85,"الأصحاح السابع    
صموئيل أول,7,86,"الأصحاح السابع    
صموئيل أول,7,87,"الأصحاح السابع    
صموئيل أول,7,88,"الأصحاح السابع    
صموئيل أول,7,89,"الأصحاح السابع    
صموئيل أول,7,90,"الأصحاح السابع    
صموئيل أول,7,91,"الأصحاح السابع    
صموئيل أول,7,92,"الأصحاح السابع    
صموئيل أول,7,93,"الأصحاح السابع    
صموئيل أول,7,94,"الأصحاح السابع    
صموئيل أول,7,95,"الأصحاح السابع    
صموئيل أول,7,96,"الأصحاح السابع    
صموئيل أول,7,97,"الأصحاح السابع    
صموئيل أول,7,98,"الأصحاح السابع    
صموئيل أول,7,99,"الأصحاح السابع    
صموئيل أول,8,1,"الأصحاح الثامن
صموئيل أول,8,2,"الأصحاح الثامن
صموئيل أول,8,3,"الأصحاح الثامن
صموئيل أول,8,4,"الأصحاح الثامن
صموئيل أول,8,5,"الأصحاح الثامن
صموئيل أول,8,6,"الأصحاح الثامن
صموئيل أول,8,7,"الأصحاح الثامن
صموئيل أول,8,8,"الأصحاح الثامن
صموئيل أول,8,9,"الأصحاح الثامن
صموئيل أول,8,10,"الأصحاح الثامن
صموئيل أول,8,11,"الأصحاح الثامن
صموئيل أول,8,12,"الأصحاح الثامن
صموئيل أول,8,13,"الأصحاح الثامن
صموئيل أول,8,14,"الأصحاح الثامن
صموئيل أول,8,15,"الأصحاح الثامن
صموئيل أول,8,16,"الأصحاح الثامن
صموئيل أول,8,17,"الأصحاح الثامن
صموئيل أول,8,18,"الأصحاح الثامن
صموئيل أول,8,19,"الأصحاح الثامن
صموئيل أول,8,20,"الأصحاح الثامن
صموئيل أول,8,21,"الأصحاح الثامن
صموئيل أول,8,22,"الأصحاح الثامن
صموئيل أول,8,23,"الأصحاح الثامن
صموئيل أول,8,24,"الأصحاح الثامن
صموئيل أول,8,25,"الأصحاح الثامن
صموئيل أول,8,26,"الأصحاح الثامن
صموئيل أول,8,27,"الأصحاح الثامن
صموئيل أول,8,28,"الأصحاح الثامن
صموئيل أول,8,29,"الأصحاح الثامن
صموئيل أول,8,30,"الأصحاح الثامن
صموئيل أول,8,31,"الأصحاح الثامن
صموئيل أول,8,32,"الأصحاح الثامن
صموئيل أول,8,33,"الأصحاح الثامن
صموئيل أول,8,34,"الأصحاح الثامن
صموئيل أول,8,35,"الأصحاح الثامن
صموئيل أول,8,36,"الأصحاح الثامن
صموئيل أول,8,37,"الأصحاح الثامن
صموئيل أول,8,38,"الأصحاح الثامن
صموئيل أول,8,39,"الأصحاح الثامن
صموئيل أول,8,40,"الأصحاح الثامن
صموئيل أول,8,41,"الأصحاح الثامن
صموئيل أول,8,42,"الأصحاح الثامن
صموئيل أول,8,43,"الأصحاح الثامن
صموئيل أول,8,44,"الأصحاح الثامن
صموئيل أول,8,45,"الأصحاح الثامن
صموئيل أول,8,46,"الأصحاح الثامن
صموئيل أول,8,47,"الأصحاح الثامن
صموئيل أول,8,48,"الأصحاح الثامن
صموئيل أول,8,49,"الأصحاح الثامن
صموئيل أول,8,50,"الأصحاح الثامن
صموئيل أول,8,51,"الأصحاح الثامن
صموئيل أول,8,52,"الأصحاح الثامن
صموئيل أول,8,53,"الأصحاح الثامن
صموئيل أول,8,54,"الأصحاح الثامن
صموئيل أول,8,55,"الأصحاح الثامن
صموئيل أول,8,56,"الأصحاح الثامن
صموئيل أول,8,57,"الأصحاح الثامن
صموئيل أول,8,58,"الأصحاح الثامن
صموئيل أول,8,59,"الأصحاح الثامن
صموئيل أول,8,60,"الأصحاح الثامن
صموئيل أول,8,61,"الأصحاح الثامن
صموئيل أول,8,62,"الأصحاح الثامن
صموئيل أول,8,63,"الأصحاح الثامن
صموئيل أول,8,64,"الأصحاح الثامن
صموئيل أول,8,65,"الأصحاح الثامن
صموئيل أول,8,66,"الأصحاح الثامن
صموئيل أول,8,67,"الأصحاح الثامن
صموئيل أول,8,68,"الأصحاح الثامن
صموئيل أول,8,69,"الأصحاح الثامن
صموئيل أول,8,70,"الأصحاح الثامن
صموئيل أول,8,71,"الأصحاح الثامن
صموئيل أول,8,72,"الأصحاح الثامن
صموئيل أول,8,73,"الأصحاح الثامن
صموئيل أول,8,74,"الأصحاح الثامن
صموئيل أول,8,75,"الأصحاح الثامن
صموئيل أول,8,76,"الأصحاح الثامن
صموئيل أول,8,77,"الأصحاح الثامن
صموئيل أول,8,78,"الأصحاح الثامن
صموئيل أول,8,79,"الأصحاح الثامن
صموئيل أول,8,80,"الأصحاح الثامن
صموئيل أول,8,81,"الأصحاح الثامن
صموئيل أول,8,82,"الأصحاح الثامن
صموئيل أول,8,83,"الأصحاح الثامن
صموئيل أول,8,84,"الأصحاح الثامن
صموئيل أول,8,85,"الأصحاح الثامن
صموئيل أول,8,86,"الأصحاح الثامن
صموئيل أول,8,87,"الأصحاح الثامن
صموئيل أول,8,88,"الأصحاح الثامن
صموئيل أول,8,89,"الأصحاح الثامن
صموئيل أول,8,90,"الأصحاح الثامن
صموئيل أول,8,91,"الأصحاح الثامن
صموئيل أول,8,92,"الأصحاح الثامن
صموئيل أول,8,93,"الأصحاح الثامن
صموئيل أول,8,94,"الأصحاح الثامن
صموئيل أول,8,95,"الأصحاح الثامن
صموئيل أول,8,96,"الأصحاح الثامن
صموئيل أول,8,97,"الأصحاح الثامن
صموئيل أول,8,98,"الأصحاح الثامن
صموئيل أول,8,99,"الأصحاح الثامن
صموئيل أول,9,1,"الأصحاح التاسع 
صموئيل أول,9,2,"الأصحاح التاسع 
صموئيل أول,9,3,"الأصحاح التاسع 
صموئيل أول,9,4,"الأصحاح التاسع 
صموئيل أول,9,5,"الأصحاح التاسع 
صموئيل أول,9,6,"الأصحاح التاسع 
صموئيل أول,9,7,"الأصحاح التاسع 
صموئيل أول,9,8,"الأصحاح التاسع 
صموئيل أول,9,9,"الأصحاح التاسع 
صموئيل أول,9,10,"الأصحاح التاسع 
صموئيل أول,9,11,"الأصحاح التاسع 
صموئيل أول,9,12,"الأصحاح التاسع 
صموئيل أول,9,13,"الأصحاح التاسع 
صموئيل أول,9,14,"الأصحاح التاسع 
صموئيل أول,9,15,"الأصحاح التاسع 
صموئيل أول,9,16,"الأصحاح التاسع 
صموئيل أول,9,17,"الأصحاح التاسع 
صموئيل أول,9,18,"الأصحاح التاسع 
صموئيل أول,9,19,"الأصحاح التاسع 
صموئيل أول,9,20,"الأصحاح التاسع 
صموئيل أول,9,21,"الأصحاح التاسع 
صموئيل أول,9,22,"الأصحاح التاسع 
صموئيل أول,9,23,"الأصحاح التاسع 
صموئيل أول,9,24,"الأصحاح التاسع 
صموئيل أول,9,25,"الأصحاح التاسع 
صموئيل أول,9,26,"الأصحاح التاسع 
صموئيل أول,9,27,"الأصحاح التاسع 
صموئيل أول,9,28,"الأصحاح التاسع 
صموئيل أول,9,29,"الأصحاح التاسع 
صموئيل أول,9,30,"الأصحاح التاسع 
صموئيل أول,9,31,"الأصحاح التاسع 
صموئيل أول,9,32,"الأصحاح التاسع 
صموئيل أول,9,33,"الأصحاح التاسع 
صموئيل أول,9,34,"الأصحاح التاسع 
صموئيل أول,9,35,"الأصحاح التاسع 
صموئيل أول,9,36,"الأصحاح التاسع 
صموئيل أول,9,37,"الأصحاح التاسع 
صموئيل أول,9,38,"الأصحاح التاسع 
صموئيل أول,9,39,"الأصحاح التاسع 
صموئيل أول,9,40,"الأصحاح التاسع 
صموئيل أول,9,41,"الأصحاح التاسع 
صموئيل أول,9,42,"الأصحاح التاسع 
صموئيل أول,9,43,"الأصحاح التاسع 
صموئيل أول,9,44,"الأصحاح التاسع 
صموئيل أول,9,45,"الأصحاح التاسع 
صموئيل أول,9,46,"الأصحاح التاسع 
صموئيل أول,9,47,"الأصحاح التاسع 
صموئيل أول,9,48,"الأصحاح التاسع 
صموئيل أول,9,49,"الأصحاح التاسع 
صموئيل أول,9,50,"الأصحاح التاسع 
صموئيل أول,9,51,"الأصحاح التاسع 
صموئيل أول,9,52,"الأصحاح التاسع 
صموئيل أول,9,53,"الأصحاح التاسع 
صموئيل أول,9,54,"الأصحاح التاسع 
صموئيل أول,9,55,"الأصحاح التاسع 
صموئيل أول,9,56,"الأصحاح التاسع 
صموئيل أول,9,57,"الأصحاح التاسع 
صموئيل أول,9,58,"الأصحاح التاسع 
صموئيل أول,9,59,"الأصحاح التاسع 
صموئيل أول,9,60,"الأصحاح التاسع 
صموئيل أول,9,61,"الأصحاح التاسع 
صموئيل أول,9,62,"الأصحاح التاسع 
صموئيل أول,9,63,"الأصحاح التاسع 
صموئيل أول,9,64,"الأصحاح التاسع 
صموئيل أول,9,65,"الأصحاح التاسع 
صموئيل أول,9,66,"الأصحاح التاسع 
صموئيل أول,9,67,"الأصحاح التاسع 
صموئيل أول,9,68,"الأصحاح التاسع 
صموئيل أول,9,69,"الأصحاح التاسع 
صموئيل أول,9,70,"الأصحاح التاسع 
صموئيل أول,9,71,"الأصحاح التاسع 
صموئيل أول,9,72,"الأصحاح التاسع 
صموئيل أول,9,73,"الأصحاح التاسع 
صموئيل أول,9,74,"الأصحاح التاسع 
صموئيل أول,9,75,"الأصحاح التاسع 
صموئيل أول,9,76,"الأصحاح التاسع 
صموئيل أول,9,77,"الأصحاح التاسع 
صموئيل أول,9,78,"الأصحاح التاسع 
صموئيل أول,9,79,"الأصحاح التاسع 
صموئيل أول,9,80,"الأصحاح التاسع 
صموئيل أول,9,81,"الأصحاح التاسع 
صموئيل أول,9,82,"الأصحاح التاسع 
صموئيل أول,9,83,"الأصحاح التاسع 
صموئيل أول,9,84,"الأصحاح التاسع 
صموئيل أول,9,85,"الأصحاح التاسع 
صموئيل أول,9,86,"الأصحاح التاسع 
صموئيل أول,9,87,"الأصحاح التاسع 
صموئيل أول,9,88,"الأصحاح التاسع 
صموئيل أول,9,89,"الأصحاح التاسع 
صموئيل أول,9,90,"الأصحاح التاسع 
صموئيل أول,9,91,"الأصحاح التاسع 
صموئيل أول,9,92,"الأصحاح التاسع 
صموئيل أول,9,93,"الأصحاح التاسع 
صموئيل أول,9,94,"الأصحاح التاسع 
صموئيل أول,9,95,"الأصحاح التاسع 
صموئيل أول,9,96,"الأصحاح التاسع 
صموئيل أول,9,97,"الأصحاح التاسع 
صموئيل أول,9,98,"الأصحاح التاسع 
صموئيل أول,9,99,"الأصحاح التاسع 
صموئيل أول,10,1,"الإصحاح العاشر
صموئيل أول,10,2,"الإصحاح العاشر
صموئيل أول,10,3,"الإصحاح العاشر
صموئيل أول,10,4,"الإصحاح العاشر
صموئيل أول,10,5,"الإصحاح العاشر
صموئيل أول,10,6,"الإصحاح العاشر
صموئيل أول,10,7,"الإصحاح العاشر
صموئيل أول,10,8,"الإصحاح العاشر
صموئيل أول,10,9,"الإصحاح العاشر
صموئيل أول,10,10,"الإصحاح العاشر
صموئيل أول,10,11,"الإصحاح العاشر
صموئيل أول,10,12,"الإصحاح العاشر
صموئيل أول,10,13,"الإصحاح العاشر
صموئيل أول,10,14,"الإصحاح العاشر
صموئيل أول,10,15,"الإصحاح العاشر
صموئيل أول,10,16,"الإصحاح العاشر
صموئيل أول,10,17,"الإصحاح العاشر
صموئيل أول,10,18,"الإصحاح العاشر
صموئيل أول,10,19,"الإصحاح العاشر
صموئيل أول,10,20,"الإصحاح العاشر
صموئيل أول,10,21,"الإصحاح العاشر
صموئيل أول,10,22,"الإصحاح العاشر
صموئيل أول,10,23,"الإصحاح العاشر
صموئيل أول,10,24,"الإصحاح العاشر
صموئيل أول,10,25,"الإصحاح العاشر
صموئيل أول,10,26,"الإصحاح العاشر
صموئيل أول,10,27,"الإصحاح العاشر
صموئيل أول,10,28,"الإصحاح العاشر
صموئيل أول,10,29,"الإصحاح العاشر
صموئيل أول,10,30,"الإصحاح العاشر
صموئيل أول,10,31,"الإصحاح العاشر
صموئيل أول,10,32,"الإصحاح العاشر
صموئيل أول,10,33,"الإصحاح العاشر
صموئيل أول,10,34,"الإصحاح العاشر
صموئيل أول,10,35,"الإصحاح العاشر
صموئيل أول,10,36,"الإصحاح العاشر
صموئيل أول,10,37,"الإصحاح العاشر
صموئيل أول,10,38,"الإصحاح العاشر
صموئيل أول,10,39,"الإصحاح العاشر
صموئيل أول,10,40,"الإصحاح العاشر
صموئيل أول,10,41,"الإصحاح العاشر
صموئيل أول,10,42,"الإصحاح العاشر
صموئيل أول,10,43,"الإصحاح العاشر
صموئيل أول,10,44,"الإصحاح العاشر
صموئيل أول,10,45,"الإصحاح العاشر
صموئيل أول,10,46,"الإصحاح العاشر
صموئيل أول,10,47,"الإصحاح العاشر
صموئيل أول,10,48,"الإصحاح العاشر
صموئيل أول,10,49,"الإصحاح العاشر
صموئيل أول,10,50,"الإصحاح العاشر
صموئيل أول,10,51,"الإصحاح العاشر
صموئيل أول,10,52,"الإصحاح العاشر
صموئيل أول,10,53,"الإصحاح العاشر
صموئيل أول,10,54,"الإصحاح العاشر
صموئيل أول,10,55,"الإصحاح العاشر
صموئيل أول,10,56,"الإصحاح العاشر
صموئيل أول,10,57,"الإصحاح العاشر
صموئيل أول,10,58,"الإصحاح العاشر
صموئيل أول,10,59,"الإصحاح العاشر
صموئيل أول,10,60,"الإصحاح العاشر
صموئيل أول,10,61,"الإصحاح العاشر
صموئيل أول,10,62,"الإصحاح العاشر
صموئيل أول,10,63,"الإصحاح العاشر
صموئيل أول,10,64,"الإصحاح العاشر
صموئيل أول,10,65,"الإصحاح العاشر
صموئيل أول,10,66,"الإصحاح العاشر
صموئيل أول,10,67,"الإصحاح العاشر
صموئيل أول,10,68,"الإصحاح العاشر
صموئيل أول,10,69,"الإصحاح العاشر
صموئيل أول,10,70,"الإصحاح العاشر
صموئيل أول,10,71,"الإصحاح العاشر
صموئيل أول,10,72,"الإصحاح العاشر
صموئيل أول,10,73,"الإصحاح العاشر
صموئيل أول,10,74,"الإصحاح العاشر
صموئيل أول,10,75,"الإصحاح العاشر
صموئيل أول,10,76,"الإصحاح العاشر
صموئيل أول,10,77,"الإصحاح العاشر
صموئيل أول,10,78,"الإصحاح العاشر
صموئيل أول,10,79,"الإصحاح العاشر
صموئيل أول,10,80,"الإصحاح العاشر
صموئيل أول,10,81,"الإصحاح العاشر
صموئيل أول,10,82,"الإصحاح العاشر
صموئيل أول,10,83,"الإصحاح العاشر
صموئيل أول,10,84,"الإصحاح العاشر
صموئيل أول,10,85,"الإصحاح العاشر
صموئيل أول,10,86,"الإصحاح العاشر
صموئيل أول,10,87,"الإصحاح العاشر
صموئيل أول,10,88,"الإصحاح العاشر
صموئيل أول,10,89,"الإصحاح العاشر
صموئيل أول,10,90,"الإصحاح العاشر
صموئيل أول,10,91,"الإصحاح العاشر
صموئيل أول,10,92,"الإصحاح العاشر
صموئيل أول,10,93,"الإصحاح العاشر
صموئيل أول,10,94,"الإصحاح العاشر
صموئيل أول,10,95,"الإصحاح العاشر
صموئيل أول,10,96,"الإصحاح العاشر
صموئيل أول,10,97,"الإصحاح العاشر
صموئيل أول,10,98,"الإصحاح العاشر
صموئيل أول,10,99,"الإصحاح العاشر
صموئيل أول,11,1,"الإصحاح الحادى عشر 
صموئيل أول,11,2,"الإصحاح الحادى عشر 
صموئيل أول,11,3,"الإصحاح الحادى عشر 
صموئيل أول,11,4,"الإصحاح الحادى عشر 
صموئيل أول,11,5,"الإصحاح الحادى عشر 
صموئيل أول,11,6,"الإصحاح الحادى عشر 
صموئيل أول,11,7,"الإصحاح الحادى عشر 
صموئيل أول,11,8,"الإصحاح الحادى عشر 
صموئيل أول,11,9,"الإصحاح الحادى عشر 
صموئيل أول,11,10,"الإصحاح الحادى عشر 
صموئيل أول,11,11,"الإصحاح الحادى عشر 
صموئيل أول,11,12,"الإصحاح الحادى عشر 
صموئيل أول,11,13,"الإصحاح الحادى عشر 
صموئيل أول,11,14,"الإصحاح الحادى عشر 
صموئيل أول,11,15,"الإصحاح الحادى عشر 
صموئيل أول,11,16,"الإصحاح الحادى عشر 
صموئيل أول,11,17,"الإصحاح الحادى عشر 
صموئيل أول,11,18,"الإصحاح الحادى عشر 
صموئيل أول,11,19,"الإصحاح الحادى عشر 
صموئيل أول,11,20,"الإصحاح الحادى عشر 
صموئيل أول,11,21,"الإصحاح الحادى عشر 
صموئيل أول,11,22,"الإصحاح الحادى عشر 
صموئيل أول,11,23,"الإصحاح الحادى عشر 
صموئيل أول,11,24,"الإصحاح الحادى عشر 
صموئيل أول,11,25,"الإصحاح الحادى عشر 
صموئيل أول,11,26,"الإصحاح الحادى عشر 
صموئيل أول,11,27,"الإصحاح الحادى عشر 
صموئيل أول,11,28,"الإصحاح الحادى عشر 
صموئيل أول,11,29,"الإصحاح الحادى عشر 
صموئيل أول,11,30,"الإصحاح الحادى عشر 
صموئيل أول,11,31,"الإصحاح الحادى عشر 
صموئيل أول,11,32,"الإصحاح الحادى عشر 
صموئيل أول,11,33,"الإصحاح الحادى عشر 
صموئيل أول,11,34,"الإصحاح الحادى عشر 
صموئيل أول,11,35,"الإصحاح الحادى عشر 
صموئيل أول,11,36,"الإصحاح الحادى عشر 
صموئيل أول,11,37,"الإصحاح الحادى عشر 
صموئيل أول,11,38,"الإصحاح الحادى عشر 
صموئيل أول,11,39,"الإصحاح الحادى عشر 
صموئيل أول,11,40,"الإصحاح الحادى عشر 
صموئيل أول,11,41,"الإصحاح الحادى عشر 
صموئيل أول,11,42,"الإصحاح الحادى عشر 
صموئيل أول,11,43,"الإصحاح الحادى عشر 
صموئيل أول,11,44,"الإصحاح الحادى عشر 
صموئيل أول,11,45,"الإصحاح الحادى عشر 
صموئيل أول,11,46,"الإصحاح الحادى عشر 
صموئيل أول,11,47,"الإصحاح الحادى عشر 
صموئيل أول,11,48,"الإصحاح الحادى عشر 
صموئيل أول,11,49,"الإصحاح الحادى عشر 
صموئيل أول,11,50,"الإصحاح الحادى عشر 
صموئيل أول,11,51,"الإصحاح الحادى عشر 
صموئيل أول,11,52,"الإصحاح الحادى عشر 
صموئيل أول,11,53,"الإصحاح الحادى عشر 
صموئيل أول,11,54,"الإصحاح الحادى عشر 
صموئيل أول,11,55,"الإصحاح الحادى عشر 
صموئيل أول,11,56,"الإصحاح الحادى عشر 
صموئيل أول,11,57,"الإصحاح الحادى عشر 
صموئيل أول,11,58,"الإصحاح الحادى عشر 
صموئيل أول,11,59,"الإصحاح الحادى عشر 
صموئيل أول,11,60,"الإصحاح الحادى عشر 
صموئيل أول,11,61,"الإصحاح الحادى عشر 
صموئيل أول,11,62,"الإصحاح الحادى عشر 
صموئيل أول,11,63,"الإصحاح الحادى عشر 
صموئيل أول,11,64,"الإصحاح الحادى عشر 
صموئيل أول,11,65,"الإصحاح الحادى عشر 
صموئيل أول,11,66,"الإصحاح الحادى عشر 
صموئيل أول,11,67,"الإصحاح الحادى عشر 
صموئيل أول,11,68,"الإصحاح الحادى عشر 
صموئيل أول,11,69,"الإصحاح الحادى عشر 
صموئيل أول,11,70,"الإصحاح الحادى عشر 
صموئيل أول,11,71,"الإصحاح الحادى عشر 
صموئيل أول,11,72,"الإصحاح الحادى عشر 
صموئيل أول,11,73,"الإصحاح الحادى عشر 
صموئيل أول,11,74,"الإصحاح الحادى عشر 
صموئيل أول,11,75,"الإصحاح الحادى عشر 
صموئيل أول,11,76,"الإصحاح الحادى عشر 
صموئيل أول,11,77,"الإصحاح الحادى عشر 
صموئيل أول,11,78,"الإصحاح الحادى عشر 
صموئيل أول,11,79,"الإصحاح الحادى عشر 
صموئيل أول,11,80,"الإصحاح الحادى عشر 
صموئيل أول,11,81,"الإصحاح الحادى عشر 
صموئيل أول,11,82,"الإصحاح الحادى عشر 
صموئيل أول,11,83,"الإصحاح الحادى عشر 
صموئيل أول,11,84,"الإصحاح الحادى عشر 
صموئيل أول,11,85,"الإصحاح الحادى عشر 
صموئيل أول,11,86,"الإصحاح الحادى عشر 
صموئيل أول,11,87,"الإصحاح الحادى عشر 
صموئيل أول,11,88,"الإصحاح الحادى عشر 
صموئيل أول,11,89,"الإصحاح الحادى عشر 
صموئيل أول,11,90,"الإصحاح الحادى عشر 
صموئيل أول,11,91,"الإصحاح الحادى عشر 
صموئيل أول,11,92,"الإصحاح الحادى عشر 
صموئيل أول,11,93,"الإصحاح الحادى عشر 
صموئيل أول,11,94,"الإصحاح الحادى عشر 
صموئيل أول,11,95,"الإصحاح الحادى عشر 
صموئيل أول,11,96,"الإصحاح الحادى عشر 
صموئيل أول,11,97,"الإصحاح الحادى عشر 
صموئيل أول,11,98,"الإصحاح الحادى عشر 
صموئيل أول,11,99,"الإصحاح الحادى عشر 
صموئيل أول,12,1,"الإصحاح الثانى عشر
صموئيل أول,12,2,"الإصحاح الثانى عشر
صموئيل أول,12,3,"الإصحاح الثانى عشر
صموئيل أول,12,4,"الإصحاح الثانى عشر
صموئيل أول,12,5,"الإصحاح الثانى عشر
صموئيل أول,12,6,"الإصحاح الثانى عشر
صموئيل أول,12,7,"الإصحاح الثانى عشر
صموئيل أول,12,8,"الإصحاح الثانى عشر
صموئيل أول,12,9,"الإصحاح الثانى عشر
صموئيل أول,12,10,"الإصحاح الثانى عشر
صموئيل أول,12,11,"الإصحاح الثانى عشر
صموئيل أول,12,12,"الإصحاح الثانى عشر
صموئيل أول,12,13,"الإصحاح الثانى عشر
صموئيل أول,12,14,"الإصحاح الثانى عشر
صموئيل أول,12,15,"الإصحاح الثانى عشر
صموئيل أول,12,16,"الإصحاح الثانى عشر
صموئيل أول,12,17,"الإصحاح الثانى عشر
صموئيل أول,12,18,"الإصحاح الثانى عشر
صموئيل أول,12,19,"الإصحاح الثانى عشر
صموئيل أول,12,20,"الإصحاح الثانى عشر
صموئيل أول,12,21,"الإصحاح الثانى عشر
صموئيل أول,12,22,"الإصحاح الثانى عشر
صموئيل أول,12,23,"الإصحاح الثانى عشر
صموئيل أول,12,24,"الإصحاح الثانى عشر
صموئيل أول,12,25,"الإصحاح الثانى عشر
صموئيل أول,12,26,"الإصحاح الثانى عشر
صموئيل أول,12,27,"الإصحاح الثانى عشر
صموئيل أول,12,28,"الإصحاح الثانى عشر
صموئيل أول,12,29,"الإصحاح الثانى عشر
صموئيل أول,12,30,"الإصحاح الثانى عشر
صموئيل أول,12,31,"الإصحاح الثانى عشر
صموئيل أول,12,32,"الإصحاح الثانى عشر
صموئيل أول,12,33,"الإصحاح الثانى عشر
صموئيل أول,12,34,"الإصحاح الثانى عشر
صموئيل أول,12,35,"الإصحاح الثانى عشر
صموئيل أول,12,36,"الإصحاح الثانى عشر
صموئيل أول,12,37,"الإصحاح الثانى عشر
صموئيل أول,12,38,"الإصحاح الثانى عشر
صموئيل أول,12,39,"الإصحاح الثانى عشر
صموئيل أول,12,40,"الإصحاح الثانى عشر
صموئيل أول,12,41,"الإصحاح الثانى عشر
صموئيل أول,12,42,"الإصحاح الثانى عشر
صموئيل أول,12,43,"الإصحاح الثانى عشر
صموئيل أول,12,44,"الإصحاح الثانى عشر
صموئيل أول,12,45,"الإصحاح الثانى عشر
صموئيل أول,12,46,"الإصحاح الثانى عشر
صموئيل أول,12,47,"الإصحاح الثانى عشر
صموئيل أول,12,48,"الإصحاح الثانى عشر
صموئيل أول,12,49,"الإصحاح الثانى عشر
صموئيل أول,12,50,"الإصحاح الثانى عشر
صموئيل أول,12,51,"الإصحاح الثانى عشر
صموئيل أول,12,52,"الإصحاح الثانى عشر
صموئيل أول,12,53,"الإصحاح الثانى عشر
صموئيل أول,12,54,"الإصحاح الثانى عشر
صموئيل أول,12,55,"الإصحاح الثانى عشر
صموئيل أول,12,56,"الإصحاح الثانى عشر
صموئيل أول,12,57,"الإصحاح الثانى عشر
صموئيل أول,12,58,"الإصحاح الثانى عشر
صموئيل أول,12,59,"الإصحاح الثانى عشر
صموئيل أول,12,60,"الإصحاح الثانى عشر
صموئيل أول,12,61,"الإصحاح الثانى عشر
صموئيل أول,12,62,"الإصحاح الثانى عشر
صموئيل أول,12,63,"الإصحاح الثانى عشر
صموئيل أول,12,64,"الإصحاح الثانى عشر
صموئيل أول,12,65,"الإصحاح الثانى عشر
صموئيل أول,12,66,"الإصحاح الثانى عشر
صموئيل أول,12,67,"الإصحاح الثانى عشر
صموئيل أول,12,68,"الإصحاح الثانى عشر
صموئيل أول,12,69,"الإصحاح الثانى عشر
صموئيل أول,12,70,"الإصحاح الثانى عشر
صموئيل أول,12,71,"الإصحاح الثانى عشر
صموئيل أول,12,72,"الإصحاح الثانى عشر
صموئيل أول,12,73,"الإصحاح الثانى عشر
صموئيل أول,12,74,"الإصحاح الثانى عشر
صموئيل أول,12,75,"الإصحاح الثانى عشر
صموئيل أول,12,76,"الإصحاح الثانى عشر
صموئيل أول,12,77,"الإصحاح الثانى عشر
صموئيل أول,12,78,"الإصحاح الثانى عشر
صموئيل أول,12,79,"الإصحاح الثانى عشر
صموئيل أول,12,80,"الإصحاح الثانى عشر
صموئيل أول,12,81,"الإصحاح الثانى عشر
صموئيل أول,12,82,"الإصحاح الثانى عشر
صموئيل أول,12,83,"الإصحاح الثانى عشر
صموئيل أول,12,84,"الإصحاح الثانى عشر
صموئيل أول,12,85,"الإصحاح الثانى عشر
صموئيل أول,12,86,"الإصحاح الثانى عشر
صموئيل أول,12,87,"الإصحاح الثانى عشر
صموئيل أول,12,88,"الإصحاح الثانى عشر
صموئيل أول,12,89,"الإصحاح الثانى عشر
صموئيل أول,12,90,"الإصحاح الثانى عشر
صموئيل أول,12,91,"الإصحاح الثانى عشر
صموئيل أول,12,92,"الإصحاح الثانى عشر
صموئيل أول,12,93,"الإصحاح الثانى عشر
صموئيل أول,12,94,"الإصحاح الثانى عشر
صموئيل أول,12,95,"الإصحاح الثانى عشر
صموئيل أول,12,96,"الإصحاح الثانى عشر
صموئيل أول,12,97,"الإصحاح الثانى عشر
صموئيل أول,12,98,"الإصحاح الثانى عشر
صموئيل أول,12,99,"الإصحاح الثانى عشر
صموئيل أول,13,1,"الأصحاح الثالث عشر
صموئيل أول,13,2,"الأصحاح الثالث عشر
صموئيل أول,13,3,"الأصحاح الثالث عشر
صموئيل أول,13,4,"الأصحاح الثالث عشر
صموئيل أول,13,5,"الأصحاح الثالث عشر
صموئيل أول,13,6,"الأصحاح الثالث عشر
صموئيل أول,13,7,"الأصحاح الثالث عشر
صموئيل أول,13,8,"الأصحاح الثالث عشر
صموئيل أول,13,9,"الأصحاح الثالث عشر
صموئيل أول,13,10,"الأصحاح الثالث عشر
صموئيل أول,13,11,"الأصحاح الثالث عشر
صموئيل أول,13,12,"الأصحاح الثالث عشر
صموئيل أول,13,13,"الأصحاح الثالث عشر
صموئيل أول,13,14,"الأصحاح الثالث عشر
صموئيل أول,13,15,"الأصحاح الثالث عشر
صموئيل أول,13,16,"الأصحاح الثالث عشر
صموئيل أول,13,17,"الأصحاح الثالث عشر
صموئيل أول,13,18,"الأصحاح الثالث عشر
صموئيل أول,13,19,"الأصحاح الثالث عشر
صموئيل أول,13,20,"الأصحاح الثالث عشر
صموئيل أول,13,21,"الأصحاح الثالث عشر
صموئيل أول,13,22,"الأصحاح الثالث عشر
صموئيل أول,13,23,"الأصحاح الثالث عشر
صموئيل أول,13,24,"الأصحاح الثالث عشر
صموئيل أول,13,25,"الأصحاح الثالث عشر
صموئيل أول,13,26,"الأصحاح الثالث عشر
صموئيل أول,13,27,"الأصحاح الثالث عشر
صموئيل أول,13,28,"الأصحاح الثالث عشر
صموئيل أول,13,29,"الأصحاح الثالث عشر
صموئيل أول,13,30,"الأصحاح الثالث عشر
صموئيل أول,13,31,"الأصحاح الثالث عشر
صموئيل أول,13,32,"الأصحاح الثالث عشر
صموئيل أول,13,33,"الأصحاح الثالث عشر
صموئيل أول,13,34,"الأصحاح الثالث عشر
صموئيل أول,13,35,"الأصحاح الثالث عشر
صموئيل أول,13,36,"الأصحاح الثالث عشر
صموئيل أول,13,37,"الأصحاح الثالث عشر
صموئيل أول,13,38,"الأصحاح الثالث عشر
صموئيل أول,13,39,"الأصحاح الثالث عشر
صموئيل أول,13,40,"الأصحاح الثالث عشر
صموئيل أول,13,41,"الأصحاح الثالث عشر
صموئيل أول,13,42,"الأصحاح الثالث عشر
صموئيل أول,13,43,"الأصحاح الثالث عشر
صموئيل أول,13,44,"الأصحاح الثالث عشر
صموئيل أول,13,45,"الأصحاح الثالث عشر
صموئيل أول,13,46,"الأصحاح الثالث عشر
صموئيل أول,13,47,"الأصحاح الثالث عشر
صموئيل أول,13,48,"الأصحاح الثالث عشر
صموئيل أول,13,49,"الأصحاح الثالث عشر
صموئيل أول,13,50,"الأصحاح الثالث عشر
صموئيل أول,13,51,"الأصحاح الثالث عشر
صموئيل أول,13,52,"الأصحاح الثالث عشر
صموئيل أول,13,53,"الأصحاح الثالث عشر
صموئيل أول,13,54,"الأصحاح الثالث عشر
صموئيل أول,13,55,"الأصحاح الثالث عشر
صموئيل أول,13,56,"الأصحاح الثالث عشر
صموئيل أول,13,57,"الأصحاح الثالث عشر
صموئيل أول,13,58,"الأصحاح الثالث عشر
صموئيل أول,13,59,"الأصحاح الثالث عشر
صموئيل أول,13,60,"الأصحاح الثالث عشر
صموئيل أول,13,61,"الأصحاح الثالث عشر
صموئيل أول,13,62,"الأصحاح الثالث عشر
صموئيل أول,13,63,"الأصحاح الثالث عشر
صموئيل أول,13,64,"الأصحاح الثالث عشر
صموئيل أول,13,65,"الأصحاح الثالث عشر
صموئيل أول,13,66,"الأصحاح الثالث عشر
صموئيل أول,13,67,"الأصحاح الثالث عشر
صموئيل أول,13,68,"الأصحاح الثالث عشر
صموئيل أول,13,69,"الأصحاح الثالث عشر
صموئيل أول,13,70,"الأصحاح الثالث عشر
صموئيل أول,13,71,"الأصحاح الثالث عشر
صموئيل أول,13,72,"الأصحاح الثالث عشر
صموئيل أول,13,73,"الأصحاح الثالث عشر
صموئيل أول,13,74,"الأصحاح الثالث عشر
صموئيل أول,13,75,"الأصحاح الثالث عشر
صموئيل أول,13,76,"الأصحاح الثالث عشر
صموئيل أول,13,77,"الأصحاح الثالث عشر
صموئيل أول,13,78,"الأصحاح الثالث عشر
صموئيل أول,13,79,"الأصحاح الثالث عشر
صموئيل أول,13,80,"الأصحاح الثالث عشر
صموئيل أول,13,81,"الأصحاح الثالث عشر
صموئيل أول,13,82,"الأصحاح الثالث عشر
صموئيل أول,13,83,"الأصحاح الثالث عشر
صموئيل أول,13,84,"الأصحاح الثالث عشر
صموئيل أول,13,85,"الأصحاح الثالث عشر
صموئيل أول,13,86,"الأصحاح الثالث عشر
صموئيل أول,13,87,"الأصحاح الثالث عشر
صموئيل أول,13,88,"الأصحاح الثالث عشر
صموئيل أول,13,89,"الأصحاح الثالث عشر
صموئيل أول,13,90,"الأصحاح الثالث عشر
صموئيل أول,13,91,"الأصحاح الثالث عشر
صموئيل أول,13,92,"الأصحاح الثالث عشر
صموئيل أول,13,93,"الأصحاح الثالث عشر
صموئيل أول,13,94,"الأصحاح الثالث عشر
صموئيل أول,13,95,"الأصحاح الثالث عشر
صموئيل أول,13,96,"الأصحاح الثالث عشر
صموئيل أول,13,97,"الأصحاح الثالث عشر
صموئيل أول,13,98,"الأصحاح الثالث عشر
صموئيل أول,13,99,"الأصحاح الثالث عشر
صموئيل أول,14,1,"الآيات (1-10) :-
صموئيل أول,14,2,"الآيات (1-10) :-
صموئيل أول,14,3,"الآيات (1-10) :-
صموئيل أول,14,4,"الآيات (1-10) :-
صموئيل أول,14,5,"الآيات (1-10) :-
صموئيل أول,14,6,"الآيات (1-10) :-
صموئيل أول,14,7,"الآيات (1-10) :-
صموئيل أول,14,8,"الآيات (1-10) :-
صموئيل أول,14,9,"الآيات (1-10) :-
صموئيل أول,14,10,"الآيات (1-10) :-
صموئيل أول,14,11,"الآيات (1-10) :-
صموئيل أول,14,12,"الآيات (1-10) :-
صموئيل أول,14,13,"الآيات (1-10) :-
صموئيل أول,14,14,"الآيات (1-10) :-
صموئيل أول,14,15,"الآيات (1-10) :-
صموئيل أول,14,16,"الآيات (1-10) :-
صموئيل أول,14,17,"الآيات (1-10) :-
صموئيل أول,14,18,"الآيات (1-10) :-
صموئيل أول,14,19,"الآيات (1-10) :-
صموئيل أول,14,20,"الآيات (1-10) :-
صموئيل أول,14,21,"الآيات (1-10) :-
صموئيل أول,14,22,"الآيات (1-10) :-
صموئيل أول,14,23,"الآيات (1-10) :-
صموئيل أول,14,24,"الآيات (1-10) :-
صموئيل أول,14,25,"الآيات (1-10) :-
صموئيل أول,14,26,"الآيات (1-10) :-
صموئيل أول,14,27,"الآيات (1-10) :-
صموئيل أول,14,28,"الآيات (1-10) :-
صموئيل أول,14,29,"الآيات (1-10) :-
صموئيل أول,14,30,"الآيات (1-10) :-
صموئيل أول,14,31,"الآيات (1-10) :-
صموئيل أول,14,32,"الآيات (1-10) :-
صموئيل أول,14,33,"الآيات (1-10) :-
صموئيل أول,14,34,"الآيات (1-10) :-
صموئيل أول,14,35,"الآيات (1-10) :-
صموئيل أول,14,36,"الآيات (1-10) :-
صموئيل أول,14,37,"الآيات (1-10) :-
صموئيل أول,14,38,"الآيات (1-10) :-
صموئيل أول,14,39,"الآيات (1-10) :-
صموئيل أول,14,40,"الآيات (1-10) :-
صموئيل أول,14,41,"الآيات (1-10) :-
صموئيل أول,14,42,"الآيات (1-10) :-
صموئيل أول,14,43,"الآيات (1-10) :-
صموئيل أول,14,44,"الآيات (1-10) :-
صموئيل أول,14,45,"الآيات (1-10) :-
صموئيل أول,14,46,"الآيات (1-10) :-
صموئيل أول,14,47,"الآيات (1-10) :-
صموئيل أول,14,48,"الآيات (1-10) :-
صموئيل أول,14,49,"الآيات (1-10) :-
صموئيل أول,14,50,"الآيات (1-10) :-
صموئيل أول,14,51,"الآيات (1-10) :-
صموئيل أول,14,52,"الآيات (1-10) :-
صموئيل أول,14,53,"الآيات (1-10) :-
صموئيل أول,14,54,"الآيات (1-10) :-
صموئيل أول,14,55,"الآيات (1-10) :-
صموئيل أول,14,56,"الآيات (1-10) :-
صموئيل أول,14,57,"الآيات (1-10) :-
صموئيل أول,14,58,"الآيات (1-10) :-
صموئيل أول,14,59,"الآيات (1-10) :-
صموئيل أول,14,60,"الآيات (1-10) :-
صموئيل أول,14,61,"الآيات (1-10) :-
صموئيل أول,14,62,"الآيات (1-10) :-
صموئيل أول,14,63,"الآيات (1-10) :-
صموئيل أول,14,64,"الآيات (1-10) :-
صموئيل أول,14,65,"الآيات (1-10) :-
صموئيل أول,14,66,"الآيات (1-10) :-
صموئيل أول,14,67,"الآيات (1-10) :-
صموئيل أول,14,68,"الآيات (1-10) :-
صموئيل أول,14,69,"الآيات (1-10) :-
صموئيل أول,14,70,"الآيات (1-10) :-
صموئيل أول,14,71,"الآيات (1-10) :-
صموئيل أول,14,72,"الآيات (1-10) :-
صموئيل أول,14,73,"الآيات (1-10) :-
صموئيل أول,14,74,"الآيات (1-10) :-
صموئيل أول,14,75,"الآيات (1-10) :-
صموئيل أول,14,76,"الآيات (1-10) :-
صموئيل أول,14,77,"الآيات (1-10) :-
صموئيل أول,14,78,"الآيات (1-10) :-
صموئيل أول,14,79,"الآيات (1-10) :-
صموئيل أول,14,80,"الآيات (1-10) :-
صموئيل أول,14,81,"الآيات (1-10) :-
صموئيل أول,14,82,"الآيات (1-10) :-
صموئيل أول,14,83,"الآيات (1-10) :-
صموئيل أول,14,84,"الآيات (1-10) :-
صموئيل أول,14,85,"الآيات (1-10) :-
صموئيل أول,14,86,"الآيات (1-10) :-
صموئيل أول,14,87,"الآيات (1-10) :-
صموئيل أول,14,88,"الآيات (1-10) :-
صموئيل أول,14,89,"الآيات (1-10) :-
صموئيل أول,14,90,"الآيات (1-10) :-
صموئيل أول,14,91,"الآيات (1-10) :-
صموئيل أول,14,92,"الآيات (1-10) :-
صموئيل أول,14,93,"الآيات (1-10) :-
صموئيل أول,14,94,"الآيات (1-10) :-
صموئيل أول,14,95,"الآيات (1-10) :-
صموئيل أول,14,96,"الآيات (1-10) :-
صموئيل أول,14,97,"الآيات (1-10) :-
صموئيل أول,14,98,"الآيات (1-10) :-
صموئيل أول,14,99,"الآيات (1-10) :-
صموئيل أول,15,1,"الإصحاح الخامس عشر
صموئيل أول,15,2,"الإصحاح الخامس عشر
صموئيل أول,15,3,"الإصحاح الخامس عشر
صموئيل أول,15,4,"الإصحاح الخامس عشر
صموئيل أول,15,5,"الإصحاح الخامس عشر
صموئيل أول,15,6,"الإصحاح الخامس عشر
صموئيل أول,15,7,"الإصحاح الخامس عشر
صموئيل أول,15,8,"الإصحاح الخامس عشر
صموئيل أول,15,9,"الإصحاح الخامس عشر
صموئيل أول,15,10,"الإصحاح الخامس عشر
صموئيل أول,15,11,"الإصحاح الخامس عشر
صموئيل أول,15,12,"الإصحاح الخامس عشر
صموئيل أول,15,13,"الإصحاح الخامس عشر
صموئيل أول,15,14,"الإصحاح الخامس عشر
صموئيل أول,15,15,"الإصحاح الخامس عشر
صموئيل أول,15,16,"الإصحاح الخامس عشر
صموئيل أول,15,17,"الإصحاح الخامس عشر
صموئيل أول,15,18,"الإصحاح الخامس عشر
صموئيل أول,15,19,"الإصحاح الخامس عشر
صموئيل أول,15,20,"الإصحاح الخامس عشر
صموئيل أول,15,21,"الإصحاح الخامس عشر
صموئيل أول,15,22,"الإصحاح الخامس عشر
صموئيل أول,15,23,"الإصحاح الخامس عشر
صموئيل أول,15,24,"الإصحاح الخامس عشر
صموئيل أول,15,25,"الإصحاح الخامس عشر
صموئيل أول,15,26,"الإصحاح الخامس عشر
صموئيل أول,15,27,"الإصحاح الخامس عشر
صموئيل أول,15,28,"الإصحاح الخامس عشر
صموئيل أول,15,29,"الإصحاح الخامس عشر
صموئيل أول,15,30,"الإصحاح الخامس عشر
صموئيل أول,15,31,"الإصحاح الخامس عشر
صموئيل أول,15,32,"الإصحاح الخامس عشر
صموئيل أول,15,33,"الإصحاح الخامس عشر
صموئيل أول,15,34,"الإصحاح الخامس عشر
صموئيل أول,15,35,"الإصحاح الخامس عشر
صموئيل أول,15,36,"الإصحاح الخامس عشر
صموئيل أول,15,37,"الإصحاح الخامس عشر
صموئيل أول,15,38,"الإصحاح الخامس عشر
صموئيل أول,15,39,"الإصحاح الخامس عشر
صموئيل أول,15,40,"الإصحاح الخامس عشر
صموئيل أول,15,41,"الإصحاح الخامس عشر
صموئيل أول,15,42,"الإصحاح الخامس عشر
صموئيل أول,15,43,"الإصحاح الخامس عشر
صموئيل أول,15,44,"الإصحاح الخامس عشر
صموئيل أول,15,45,"الإصحاح الخامس عشر
صموئيل أول,15,46,"الإصحاح الخامس عشر
صموئيل أول,15,47,"الإصحاح الخامس عشر
صموئيل أول,15,48,"الإصحاح الخامس عشر
صموئيل أول,15,49,"الإصحاح الخامس عشر
صموئيل أول,15,50,"الإصحاح الخامس عشر
صموئيل أول,15,51,"الإصحاح الخامس عشر
صموئيل أول,15,52,"الإصحاح الخامس عشر
صموئيل أول,15,53,"الإصحاح الخامس عشر
صموئيل أول,15,54,"الإصحاح الخامس عشر
صموئيل أول,15,55,"الإصحاح الخامس عشر
صموئيل أول,15,56,"الإصحاح الخامس عشر
صموئيل أول,15,57,"الإصحاح الخامس عشر
صموئيل أول,15,58,"الإصحاح الخامس عشر
صموئيل أول,15,59,"الإصحاح الخامس عشر
صموئيل أول,15,60,"الإصحاح الخامس عشر
صموئيل أول,15,61,"الإصحاح الخامس عشر
صموئيل أول,15,62,"الإصحاح الخامس عشر
صموئيل أول,15,63,"الإصحاح الخامس عشر
صموئيل أول,15,64,"الإصحاح الخامس عشر
صموئيل أول,15,65,"الإصحاح الخامس عشر
صموئيل أول,15,66,"الإصحاح الخامس عشر
صموئيل أول,15,67,"الإصحاح الخامس عشر
صموئيل أول,15,68,"الإصحاح الخامس عشر
صموئيل أول,15,69,"الإصحاح الخامس عشر
صموئيل أول,15,70,"الإصحاح الخامس عشر
صموئيل أول,15,71,"الإصحاح الخامس عشر
صموئيل أول,15,72,"الإصحاح الخامس عشر
صموئيل أول,15,73,"الإصحاح الخامس عشر
صموئيل أول,15,74,"الإصحاح الخامس عشر
صموئيل أول,15,75,"الإصحاح الخامس عشر
صموئيل أول,15,76,"الإصحاح الخامس عشر
صموئيل أول,15,77,"الإصحاح الخامس عشر
صموئيل أول,15,78,"الإصحاح الخامس عشر
صموئيل أول,15,79,"الإصحاح الخامس عشر
صموئيل أول,15,80,"الإصحاح الخامس عشر
صموئيل أول,15,81,"الإصحاح الخامس عشر
صموئيل أول,15,82,"الإصحاح الخامس عشر
صموئيل أول,15,83,"الإصحاح الخامس عشر
صموئيل أول,15,84,"الإصحاح الخامس عشر
صموئيل أول,15,85,"الإصحاح الخامس عشر
صموئيل أول,15,86,"الإصحاح الخامس عشر
صموئيل أول,15,87,"الإصحاح الخامس عشر
صموئيل أول,15,88,"الإصحاح الخامس عشر
صموئيل أول,15,89,"الإصحاح الخامس عشر
صموئيل أول,15,90,"الإصحاح الخامس عشر
صموئيل أول,15,91,"الإصحاح الخامس عشر
صموئيل أول,15,92,"الإصحاح الخامس عشر
صموئيل أول,15,93,"الإصحاح الخامس عشر
صموئيل أول,15,94,"الإصحاح الخامس عشر
صموئيل أول,15,95,"الإصحاح الخامس عشر
صموئيل أول,15,96,"الإصحاح الخامس عشر
صموئيل أول,15,97,"الإصحاح الخامس عشر
صموئيل أول,15,98,"الإصحاح الخامس عشر
صموئيل أول,15,99,"الإصحاح الخامس عشر
صموئيل أول,16,1,"الإصحاح السادس عشر
صموئيل أول,16,2,"الإصحاح السادس عشر
صموئيل أول,16,3,"الإصحاح السادس عشر
صموئيل أول,16,4,"الإصحاح السادس عشر
صموئيل أول,16,5,"الإصحاح السادس عشر
صموئيل أول,16,6,"الإصحاح السادس عشر
صموئيل أول,16,7,"الإصحاح السادس عشر
صموئيل أول,16,8,"الإصحاح السادس عشر
صموئيل أول,16,9,"الإصحاح السادس عشر
صموئيل أول,16,10,"الإصحاح السادس عشر
صموئيل أول,16,11,"الإصحاح السادس عشر
صموئيل أول,16,12,"الإصحاح السادس عشر
صموئيل أول,16,13,"الإصحاح السادس عشر
صموئيل أول,16,14,"الإصحاح السادس عشر
صموئيل أول,16,15,"الإصحاح السادس عشر
صموئيل أول,16,16,"الإصحاح السادس عشر
صموئيل أول,16,17,"الإصحاح السادس عشر
صموئيل أول,16,18,"الإصحاح السادس عشر
صموئيل أول,16,19,"الإصحاح السادس عشر
صموئيل أول,16,20,"الإصحاح السادس عشر
صموئيل أول,16,21,"الإصحاح السادس عشر
صموئيل أول,16,22,"الإصحاح السادس عشر
صموئيل أول,16,23,"الإصحاح السادس عشر
صموئيل أول,16,24,"الإصحاح السادس عشر
صموئيل أول,16,25,"الإصحاح السادس عشر
صموئيل أول,16,26,"الإصحاح السادس عشر
صموئيل أول,16,27,"الإصحاح السادس عشر
صموئيل أول,16,28,"الإصحاح السادس عشر
صموئيل أول,16,29,"الإصحاح السادس عشر
صموئيل أول,16,30,"الإصحاح السادس عشر
صموئيل أول,16,31,"الإصحاح السادس عشر
صموئيل أول,16,32,"الإصحاح السادس عشر
صموئيل أول,16,33,"الإصحاح السادس عشر
صموئيل أول,16,34,"الإصحاح السادس عشر
صموئيل أول,16,35,"الإصحاح السادس عشر
صموئيل أول,16,36,"الإصحاح السادس عشر
صموئيل أول,16,37,"الإصحاح السادس عشر
صموئيل أول,16,38,"الإصحاح السادس عشر
صموئيل أول,16,39,"الإصحاح السادس عشر
صموئيل أول,16,40,"الإصحاح السادس عشر
صموئيل أول,16,41,"الإصحاح السادس عشر
صموئيل أول,16,42,"الإصحاح السادس عشر
صموئيل أول,16,43,"الإصحاح السادس عشر
صموئيل أول,16,44,"الإصحاح السادس عشر
صموئيل أول,16,45,"الإصحاح السادس عشر
صموئيل أول,16,46,"الإصحاح السادس عشر
صموئيل أول,16,47,"الإصحاح السادس عشر
صموئيل أول,16,48,"الإصحاح السادس عشر
صموئيل أول,16,49,"الإصحاح السادس عشر
صموئيل أول,16,50,"الإصحاح السادس عشر
صموئيل أول,16,51,"الإصحاح السادس عشر
صموئيل أول,16,52,"الإصحاح السادس عشر
صموئيل أول,16,53,"الإصحاح السادس عشر
صموئيل أول,16,54,"الإصحاح السادس عشر
صموئيل أول,16,55,"الإصحاح السادس عشر
صموئيل أول,16,56,"الإصحاح السادس عشر
صموئيل أول,16,57,"الإصحاح السادس عشر
صموئيل أول,16,58,"الإصحاح السادس عشر
صموئيل أول,16,59,"الإصحاح السادس عشر
صموئيل أول,16,60,"الإصحاح السادس عشر
صموئيل أول,16,61,"الإصحاح السادس عشر
صموئيل أول,16,62,"الإصحاح السادس عشر
صموئيل أول,16,63,"الإصحاح السادس عشر
صموئيل أول,16,64,"الإصحاح السادس عشر
صموئيل أول,16,65,"الإصحاح السادس عشر
صموئيل أول,16,66,"الإصحاح السادس عشر
صموئيل أول,16,67,"الإصحاح السادس عشر
صموئيل أول,16,68,"الإصحاح السادس عشر
صموئيل أول,16,69,"الإصحاح السادس عشر
صموئيل أول,16,70,"الإصحاح السادس عشر
صموئيل أول,16,71,"الإصحاح السادس عشر
صموئيل أول,16,72,"الإصحاح السادس عشر
صموئيل أول,16,73,"الإصحاح السادس عشر
صموئيل أول,16,74,"الإصحاح السادس عشر
صموئيل أول,16,75,"الإصحاح السادس عشر
صموئيل أول,16,76,"الإصحاح السادس عشر
صموئيل أول,16,77,"الإصحاح السادس عشر
صموئيل أول,16,78,"الإصحاح السادس عشر
صموئيل أول,16,79,"الإصحاح السادس عشر
صموئيل أول,16,80,"الإصحاح السادس عشر
صموئيل أول,16,81,"الإصحاح السادس عشر
صموئيل أول,16,82,"الإصحاح السادس عشر
صموئيل أول,16,83,"الإصحاح السادس عشر
صموئيل أول,16,84,"الإصحاح السادس عشر
صموئيل أول,16,85,"الإصحاح السادس عشر
صموئيل أول,16,86,"الإصحاح السادس عشر
صموئيل أول,16,87,"الإصحاح السادس عشر
صموئيل أول,16,88,"الإصحاح السادس عشر
صموئيل أول,16,89,"الإصحاح السادس عشر
صموئيل أول,16,90,"الإصحاح السادس عشر
صموئيل أول,16,91,"الإصحاح السادس عشر
صموئيل أول,16,92,"الإصحاح السادس عشر
صموئيل أول,16,93,"الإصحاح السادس عشر
صموئيل أول,16,94,"الإصحاح السادس عشر
صموئيل أول,16,95,"الإصحاح السادس عشر
صموئيل أول,16,96,"الإصحاح السادس عشر
صموئيل أول,16,97,"الإصحاح السادس عشر
صموئيل أول,16,98,"الإصحاح السادس عشر
صموئيل أول,16,99,"الإصحاح السادس عشر
صموئيل أول,17,1,"الأصحاح السابع عشر
صموئيل أول,17,2,"الأصحاح السابع عشر
صموئيل أول,17,3,"الأصحاح السابع عشر
صموئيل أول,17,4,"الأصحاح السابع عشر
صموئيل أول,17,5,"الأصحاح السابع عشر
صموئيل أول,17,6,"الأصحاح السابع عشر
صموئيل أول,17,7,"الأصحاح السابع عشر
صموئيل أول,17,8,"الأصحاح السابع عشر
صموئيل أول,17,9,"الأصحاح السابع عشر
صموئيل أول,17,10,"الأصحاح السابع عشر
صموئيل أول,17,11,"الأصحاح السابع عشر
صموئيل أول,17,12,"الأصحاح السابع عشر
صموئيل أول,17,13,"الأصحاح السابع عشر
صموئيل أول,17,14,"الأصحاح السابع عشر
صموئيل أول,17,15,"الأصحاح السابع عشر
صموئيل أول,17,16,"الأصحاح السابع عشر
صموئيل أول,17,17,"الأصحاح السابع عشر
صموئيل أول,17,18,"الأصحاح السابع عشر
صموئيل أول,17,19,"الأصحاح السابع عشر
صموئيل أول,17,20,"الأصحاح السابع عشر
صموئيل أول,17,21,"الأصحاح السابع عشر
صموئيل أول,17,22,"الأصحاح السابع عشر
صموئيل أول,17,23,"الأصحاح السابع عشر
صموئيل أول,17,24,"الأصحاح السابع عشر
صموئيل أول,17,25,"الأصحاح السابع عشر
صموئيل أول,17,26,"الأصحاح السابع عشر
صموئيل أول,17,27,"الأصحاح السابع عشر
صموئيل أول,17,28,"الأصحاح السابع عشر
صموئيل أول,17,29,"الأصحاح السابع عشر
صموئيل أول,17,30,"الأصحاح السابع عشر
صموئيل أول,17,31,"الأصحاح السابع عشر
صموئيل أول,17,32,"الأصحاح السابع عشر
صموئيل أول,17,33,"الأصحاح السابع عشر
صموئيل أول,17,34,"الأصحاح السابع عشر
صموئيل أول,17,35,"الأصحاح السابع عشر
صموئيل أول,17,36,"الأصحاح السابع عشر
صموئيل أول,17,37,"الأصحاح السابع عشر
صموئيل أول,17,38,"الأصحاح السابع عشر
صموئيل أول,17,39,"الأصحاح السابع عشر
صموئيل أول,17,40,"الأصحاح السابع عشر
صموئيل أول,17,41,"الأصحاح السابع عشر
صموئيل أول,17,42,"الأصحاح السابع عشر
صموئيل أول,17,43,"الأصحاح السابع عشر
صموئيل أول,17,44,"الأصحاح السابع عشر
صموئيل أول,17,45,"الأصحاح السابع عشر
صموئيل أول,17,46,"الأصحاح السابع عشر
صموئيل أول,17,47,"الأصحاح السابع عشر
صموئيل أول,17,48,"الأصحاح السابع عشر
صموئيل أول,17,49,"الأصحاح السابع عشر
صموئيل أول,17,50,"الأصحاح السابع عشر
صموئيل أول,17,51,"الأصحاح السابع عشر
صموئيل أول,17,52,"الأصحاح السابع عشر
صموئيل أول,17,53,"الأصحاح السابع عشر
صموئيل أول,17,54,"الأصحاح السابع عشر
صموئيل أول,17,55,"الأصحاح السابع عشر
صموئيل أول,17,56,"الأصحاح السابع عشر
صموئيل أول,17,57,"الأصحاح السابع عشر
صموئيل أول,17,58,"الأصحاح السابع عشر
صموئيل أول,17,59,"الأصحاح السابع عشر
صموئيل أول,17,60,"الأصحاح السابع عشر
صموئيل أول,17,61,"الأصحاح السابع عشر
صموئيل أول,17,62,"الأصحاح السابع عشر
صموئيل أول,17,63,"الأصحاح السابع عشر
صموئيل أول,17,64,"الأصحاح السابع عشر
صموئيل أول,17,65,"الأصحاح السابع عشر
صموئيل أول,17,66,"الأصحاح السابع عشر
صموئيل أول,17,67,"الأصحاح السابع عشر
صموئيل أول,17,68,"الأصحاح السابع عشر
صموئيل أول,17,69,"الأصحاح السابع عشر
صموئيل أول,17,70,"الأصحاح السابع عشر
صموئيل أول,17,71,"الأصحاح السابع عشر
صموئيل أول,17,72,"الأصحاح السابع عشر
صموئيل أول,17,73,"الأصحاح السابع عشر
صموئيل أول,17,74,"الأصحاح السابع عشر
صموئيل أول,17,75,"الأصحاح السابع عشر
صموئيل أول,17,76,"الأصحاح السابع عشر
صموئيل أول,17,77,"الأصحاح السابع عشر
صموئيل أول,17,78,"الأصحاح السابع عشر
صموئيل أول,17,79,"الأصحاح السابع عشر
صموئيل أول,17,80,"الأصحاح السابع عشر
صموئيل أول,17,81,"الأصحاح السابع عشر
صموئيل أول,17,82,"الأصحاح السابع عشر
صموئيل أول,17,83,"الأصحاح السابع عشر
صموئيل أول,17,84,"الأصحاح السابع عشر
صموئيل أول,17,85,"الأصحاح السابع عشر
صموئيل أول,17,86,"الأصحاح السابع عشر
صموئيل أول,17,87,"الأصحاح السابع عشر
صموئيل أول,17,88,"الأصحاح السابع عشر
صموئيل أول,17,89,"الأصحاح السابع عشر
صموئيل أول,17,90,"الأصحاح السابع عشر
صموئيل أول,17,91,"الأصحاح السابع عشر
صموئيل أول,17,92,"الأصحاح السابع عشر
صموئيل أول,17,93,"الأصحاح السابع عشر
صموئيل أول,17,94,"الأصحاح السابع عشر
صموئيل أول,17,95,"الأصحاح السابع عشر
صموئيل أول,17,96,"الأصحاح السابع عشر
صموئيل أول,17,97,"الأصحاح السابع عشر
صموئيل أول,17,98,"الأصحاح السابع عشر
صموئيل أول,17,99,"الأصحاح السابع عشر
صموئيل أول,18,1,"الإصحاح الثامن عشر
صموئيل أول,18,2,"الإصحاح الثامن عشر
صموئيل أول,18,3,"الإصحاح الثامن عشر
صموئيل أول,18,4,"الإصحاح الثامن عشر
صموئيل أول,18,5,"الإصحاح الثامن عشر
صموئيل أول,18,6,"الإصحاح الثامن عشر
صموئيل أول,18,7,"الإصحاح الثامن عشر
صموئيل أول,18,8,"الإصحاح الثامن عشر
صموئيل أول,18,9,"الإصحاح الثامن عشر
صموئيل أول,18,10,"الإصحاح الثامن عشر
صموئيل أول,18,11,"الإصحاح الثامن عشر
صموئيل أول,18,12,"الإصحاح الثامن عشر
صموئيل أول,18,13,"الإصحاح الثامن عشر
صموئيل أول,18,14,"الإصحاح الثامن عشر
صموئيل أول,18,15,"الإصحاح الثامن عشر
صموئيل أول,18,16,"الإصحاح الثامن عشر
صموئيل أول,18,17,"الإصحاح الثامن عشر
صموئيل أول,18,18,"الإصحاح الثامن عشر
صموئيل أول,18,19,"الإصحاح الثامن عشر
صموئيل أول,18,20,"الإصحاح الثامن عشر
صموئيل أول,18,21,"الإصحاح الثامن عشر
صموئيل أول,18,22,"الإصحاح الثامن عشر
صموئيل أول,18,23,"الإصحاح الثامن عشر
صموئيل أول,18,24,"الإصحاح الثامن عشر
صموئيل أول,18,25,"الإصحاح الثامن عشر
صموئيل أول,18,26,"الإصحاح الثامن عشر
صموئيل أول,18,27,"الإصحاح الثامن عشر
صموئيل أول,18,28,"الإصحاح الثامن عشر
صموئيل أول,18,29,"الإصحاح الثامن عشر
صموئيل أول,18,30,"الإصحاح الثامن عشر
صموئيل أول,18,31,"الإصحاح الثامن عشر
صموئيل أول,18,32,"الإصحاح الثامن عشر
صموئيل أول,18,33,"الإصحاح الثامن عشر
صموئيل أول,18,34,"الإصحاح الثامن عشر
صموئيل أول,18,35,"الإصحاح الثامن عشر
صموئيل أول,18,36,"الإصحاح الثامن عشر
صموئيل أول,18,37,"الإصحاح الثامن عشر
صموئيل أول,18,38,"الإصحاح الثامن عشر
صموئيل أول,18,39,"الإصحاح الثامن عشر
صموئيل أول,18,40,"الإصحاح الثامن عشر
صموئيل أول,18,41,"الإصحاح الثامن عشر
صموئيل أول,18,42,"الإصحاح الثامن عشر
صموئيل أول,18,43,"الإصحاح الثامن عشر
صموئيل أول,18,44,"الإصحاح الثامن عشر
صموئيل أول,18,45,"الإصحاح الثامن عشر
صموئيل أول,18,46,"الإصحاح الثامن عشر
صموئيل أول,18,47,"الإصحاح الثامن عشر
صموئيل أول,18,48,"الإصحاح الثامن عشر
صموئيل أول,18,49,"الإصحاح الثامن عشر
صموئيل أول,18,50,"الإصحاح الثامن عشر
صموئيل أول,18,51,"الإصحاح الثامن عشر
صموئيل أول,18,52,"الإصحاح الثامن عشر
صموئيل أول,18,53,"الإصحاح الثامن عشر
صموئيل أول,18,54,"الإصحاح الثامن عشر
صموئيل أول,18,55,"الإصحاح الثامن عشر
صموئيل أول,18,56,"الإصحاح الثامن عشر
صموئيل أول,18,57,"الإصحاح الثامن عشر
صموئيل أول,18,58,"الإصحاح الثامن عشر
صموئيل أول,18,59,"الإصحاح الثامن عشر
صموئيل أول,18,60,"الإصحاح الثامن عشر
صموئيل أول,18,61,"الإصحاح الثامن عشر
صموئيل أول,18,62,"الإصحاح الثامن عشر
صموئيل أول,18,63,"الإصحاح الثامن عشر
صموئيل أول,18,64,"الإصحاح الثامن عشر
صموئيل أول,18,65,"الإصحاح الثامن عشر
صموئيل أول,18,66,"الإصحاح الثامن عشر
صموئيل أول,18,67,"الإصحاح الثامن عشر
صموئيل أول,18,68,"الإصحاح الثامن عشر
صموئيل أول,18,69,"الإصحاح الثامن عشر
صموئيل أول,18,70,"الإصحاح الثامن عشر
صموئيل أول,18,71,"الإصحاح الثامن عشر
صموئيل أول,18,72,"الإصحاح الثامن عشر
صموئيل أول,18,73,"الإصحاح الثامن عشر
صموئيل أول,18,74,"الإصحاح الثامن عشر
صموئيل أول,18,75,"الإصحاح الثامن عشر
صموئيل أول,18,76,"الإصحاح الثامن عشر
صموئيل أول,18,77,"الإصحاح الثامن عشر
صموئيل أول,18,78,"الإصحاح الثامن عشر
صموئيل أول,18,79,"الإصحاح الثامن عشر
صموئيل أول,18,80,"الإصحاح الثامن عشر
صموئيل أول,18,81,"الإصحاح الثامن عشر
صموئيل أول,18,82,"الإصحاح الثامن عشر
صموئيل أول,18,83,"الإصحاح الثامن عشر
صموئيل أول,18,84,"الإصحاح الثامن عشر
صموئيل أول,18,85,"الإصحاح الثامن عشر
صموئيل أول,18,86,"الإصحاح الثامن عشر
صموئيل أول,18,87,"الإصحاح الثامن عشر
صموئيل أول,18,88,"الإصحاح الثامن عشر
صموئيل أول,18,89,"الإصحاح الثامن عشر
صموئيل أول,18,90,"الإصحاح الثامن عشر
صموئيل أول,18,91,"الإصحاح الثامن عشر
صموئيل أول,18,92,"الإصحاح الثامن عشر
صموئيل أول,18,93,"الإصحاح الثامن عشر
صموئيل أول,18,94,"الإصحاح الثامن عشر
صموئيل أول,18,95,"الإصحاح الثامن عشر
صموئيل أول,18,96,"الإصحاح الثامن عشر
صموئيل أول,18,97,"الإصحاح الثامن عشر
صموئيل أول,18,98,"الإصحاح الثامن عشر
صموئيل أول,18,99,"الإصحاح الثامن عشر
صموئيل أول,19,1,"الإصحاح التاسع عشر
صموئيل أول,19,2,"الإصحاح التاسع عشر
صموئيل أول,19,3,"الإصحاح التاسع عشر
صموئيل أول,19,4,"الإصحاح التاسع عشر
صموئيل أول,19,5,"الإصحاح التاسع عشر
صموئيل أول,19,6,"الإصحاح التاسع عشر
صموئيل أول,19,7,"الإصحاح التاسع عشر
صموئيل أول,19,8,"الإصحاح التاسع عشر
صموئيل أول,19,9,"الإصحاح التاسع عشر
صموئيل أول,19,10,"الإصحاح التاسع عشر
صموئيل أول,19,11,"الإصحاح التاسع عشر
صموئيل أول,19,12,"الإصحاح التاسع عشر
صموئيل أول,19,13,"الإصحاح التاسع عشر
صموئيل أول,19,14,"الإصحاح التاسع عشر
صموئيل أول,19,15,"الإصحاح التاسع عشر
صموئيل أول,19,16,"الإصحاح التاسع عشر
صموئيل أول,19,17,"الإصحاح التاسع عشر
صموئيل أول,19,18,"الإصحاح التاسع عشر
صموئيل أول,19,19,"الإصحاح التاسع عشر
صموئيل أول,19,20,"الإصحاح التاسع عشر
صموئيل أول,19,21,"الإصحاح التاسع عشر
صموئيل أول,19,22,"الإصحاح التاسع عشر
صموئيل أول,19,23,"الإصحاح التاسع عشر
صموئيل أول,19,24,"الإصحاح التاسع عشر
صموئيل أول,19,25,"الإصحاح التاسع عشر
صموئيل أول,19,26,"الإصحاح التاسع عشر
صموئيل أول,19,27,"الإصحاح التاسع عشر
صموئيل أول,19,28,"الإصحاح التاسع عشر
صموئيل أول,19,29,"الإصحاح التاسع عشر
صموئيل أول,19,30,"الإصحاح التاسع عشر
صموئيل أول,19,31,"الإصحاح التاسع عشر
صموئيل أول,19,32,"الإصحاح التاسع عشر
صموئيل أول,19,33,"الإصحاح التاسع عشر
صموئيل أول,19,34,"الإصحاح التاسع عشر
صموئيل أول,19,35,"الإصحاح التاسع عشر
صموئيل أول,19,36,"الإصحاح التاسع عشر
صموئيل أول,19,37,"الإصحاح التاسع عشر
صموئيل أول,19,38,"الإصحاح التاسع عشر
صموئيل أول,19,39,"الإصحاح التاسع عشر
صموئيل أول,19,40,"الإصحاح التاسع عشر
صموئيل أول,19,41,"الإصحاح التاسع عشر
صموئيل أول,19,42,"الإصحاح التاسع عشر
صموئيل أول,19,43,"الإصحاح التاسع عشر
صموئيل أول,19,44,"الإصحاح التاسع عشر
صموئيل أول,19,45,"الإصحاح التاسع عشر
صموئيل أول,19,46,"الإصحاح التاسع عشر
صموئيل أول,19,47,"الإصحاح التاسع عشر
صموئيل أول,19,48,"الإصحاح التاسع عشر
صموئيل أول,19,49,"الإصحاح التاسع عشر
صموئيل أول,19,50,"الإصحاح التاسع عشر
صموئيل أول,19,51,"الإصحاح التاسع عشر
صموئيل أول,19,52,"الإصحاح التاسع عشر
صموئيل أول,19,53,"الإصحاح التاسع عشر
صموئيل أول,19,54,"الإصحاح التاسع عشر
صموئيل أول,19,55,"الإصحاح التاسع عشر
صموئيل أول,19,56,"الإصحاح التاسع عشر
صموئيل أول,19,57,"الإصحاح التاسع عشر
صموئيل أول,19,58,"الإصحاح التاسع عشر
صموئيل أول,19,59,"الإصحاح التاسع عشر
صموئيل أول,19,60,"الإصحاح التاسع عشر
صموئيل أول,19,61,"الإصحاح التاسع عشر
صموئيل أول,19,62,"الإصحاح التاسع عشر
صموئيل أول,19,63,"الإصحاح التاسع عشر
صموئيل أول,19,64,"الإصحاح التاسع عشر
صموئيل أول,19,65,"الإصحاح التاسع عشر
صموئيل أول,19,66,"الإصحاح التاسع عشر
صموئيل أول,19,67,"الإصحاح التاسع عشر
صموئيل أول,19,68,"الإصحاح التاسع عشر
صموئيل أول,19,69,"الإصحاح التاسع عشر
صموئيل أول,19,70,"الإصحاح التاسع عشر
صموئيل أول,19,71,"الإصحاح التاسع عشر
صموئيل أول,19,72,"الإصحاح التاسع عشر
صموئيل أول,19,73,"الإصحاح التاسع عشر
صموئيل أول,19,74,"الإصحاح التاسع عشر
صموئيل أول,19,75,"الإصحاح التاسع عشر
صموئيل أول,19,76,"الإصحاح التاسع عشر
صموئيل أول,19,77,"الإصحاح التاسع عشر
صموئيل أول,19,78,"الإصحاح التاسع عشر
صموئيل أول,19,79,"الإصحاح التاسع عشر
صموئيل أول,19,80,"الإصحاح التاسع عشر
صموئيل أول,19,81,"الإصحاح التاسع عشر
صموئيل أول,19,82,"الإصحاح التاسع عشر
صموئيل أول,19,83,"الإصحاح التاسع عشر
صموئيل أول,19,84,"الإصحاح التاسع عشر
صموئيل أول,19,85,"الإصحاح التاسع عشر
صموئيل أول,19,86,"الإصحاح التاسع عشر
صموئيل أول,19,87,"الإصحاح التاسع عشر
صموئيل أول,19,88,"الإصحاح التاسع عشر
صموئيل أول,19,89,"الإصحاح التاسع عشر
صموئيل أول,19,90,"الإصحاح التاسع عشر
صموئيل أول,19,91,"الإصحاح التاسع عشر
صموئيل أول,19,92,"الإصحاح التاسع عشر
صموئيل أول,19,93,"الإصحاح التاسع عشر
صموئيل أول,19,94,"الإصحاح التاسع عشر
صموئيل أول,19,95,"الإصحاح التاسع عشر
صموئيل أول,19,96,"الإصحاح التاسع عشر
صموئيل أول,19,97,"الإصحاح التاسع عشر
صموئيل أول,19,98,"الإصحاح التاسع عشر
صموئيل أول,19,99,"الإصحاح التاسع عشر
صموئيل أول,20,1,"الإصحاح العشرون
صموئيل أول,20,2,"الإصحاح العشرون
صموئيل أول,20,3,"الإصحاح العشرون
صموئيل أول,20,4,"الإصحاح العشرون
صموئيل أول,20,5,"الإصحاح العشرون
صموئيل أول,20,6,"الإصحاح العشرون
صموئيل أول,20,7,"الإصحاح العشرون
صموئيل أول,20,8,"الإصحاح العشرون
صموئيل أول,20,9,"الإصحاح العشرون
صموئيل أول,20,10,"الإصحاح العشرون
صموئيل أول,20,11,"الإصحاح العشرون
صموئيل أول,20,12,"الإصحاح العشرون
صموئيل أول,20,13,"الإصحاح العشرون
صموئيل أول,20,14,"الإصحاح العشرون
صموئيل أول,20,15,"الإصحاح العشرون
صموئيل أول,20,16,"الإصحاح العشرون
صموئيل أول,20,17,"الإصحاح العشرون
صموئيل أول,20,18,"الإصحاح العشرون
صموئيل أول,20,19,"الإصحاح العشرون
صموئيل أول,20,20,"الإصحاح العشرون
صموئيل أول,20,21,"الإصحاح العشرون
صموئيل أول,20,22,"الإصحاح العشرون
صموئيل أول,20,23,"الإصحاح العشرون
صموئيل أول,20,24,"الإصحاح العشرون
صموئيل أول,20,25,"الإصحاح العشرون
صموئيل أول,20,26,"الإصحاح العشرون
صموئيل أول,20,27,"الإصحاح العشرون
صموئيل أول,20,28,"الإصحاح العشرون
صموئيل أول,20,29,"الإصحاح العشرون
صموئيل أول,20,30,"الإصحاح العشرون
صموئيل أول,20,31,"الإصحاح العشرون
صموئيل أول,20,32,"الإصحاح العشرون
صموئيل أول,20,33,"الإصحاح العشرون
صموئيل أول,20,34,"الإصحاح العشرون
صموئيل أول,20,35,"الإصحاح العشرون
صموئيل أول,20,36,"الإصحاح العشرون
صموئيل أول,20,37,"الإصحاح العشرون
صموئيل أول,20,38,"الإصحاح العشرون
صموئيل أول,20,39,"الإصحاح العشرون
صموئيل أول,20,40,"الإصحاح العشرون
صموئيل أول,20,41,"الإصحاح العشرون
صموئيل أول,20,42,"الإصحاح العشرون
صموئيل أول,20,43,"الإصحاح العشرون
صموئيل أول,20,44,"الإصحاح العشرون
صموئيل أول,20,45,"الإصحاح العشرون
صموئيل أول,20,46,"الإصحاح العشرون
صموئيل أول,20,47,"الإصحاح العشرون
صموئيل أول,20,48,"الإصحاح العشرون
صموئيل أول,20,49,"الإصحاح العشرون
صموئيل أول,20,50,"الإصحاح العشرون
صموئيل أول,20,51,"الإصحاح العشرون
صموئيل أول,20,52,"الإصحاح العشرون
صموئيل أول,20,53,"الإصحاح العشرون
صموئيل أول,20,54,"الإصحاح العشرون
صموئيل أول,20,55,"الإصحاح العشرون
صموئيل أول,20,56,"الإصحاح العشرون
صموئيل أول,20,57,"الإصحاح العشرون
صموئيل أول,20,58,"الإصحاح العشرون
صموئيل أول,20,59,"الإصحاح العشرون
صموئيل أول,20,60,"الإصحاح العشرون
صموئيل أول,20,61,"الإصحاح العشرون
صموئيل أول,20,62,"الإصحاح العشرون
صموئيل أول,20,63,"الإصحاح العشرون
صموئيل أول,20,64,"الإصحاح العشرون
صموئيل أول,20,65,"الإصحاح العشرون
صموئيل أول,20,66,"الإصحاح العشرون
صموئيل أول,20,67,"الإصحاح العشرون
صموئيل أول,20,68,"الإصحاح العشرون
صموئيل أول,20,69,"الإصحاح العشرون
صموئيل أول,20,70,"الإصحاح العشرون
صموئيل أول,20,71,"الإصحاح العشرون
صموئيل أول,20,72,"الإصحاح العشرون
صموئيل أول,20,73,"الإصحاح العشرون
صموئيل أول,20,74,"الإصحاح العشرون
صموئيل أول,20,75,"الإصحاح العشرون
صموئيل أول,20,76,"الإصحاح العشرون
صموئيل أول,20,77,"الإصحاح العشرون
صموئيل أول,20,78,"الإصحاح العشرون
صموئيل أول,20,79,"الإصحاح العشرون
صموئيل أول,20,80,"الإصحاح العشرون
صموئيل أول,20,81,"الإصحاح العشرون
صموئيل أول,20,82,"الإصحاح العشرون
صموئيل أول,20,83,"الإصحاح العشرون
صموئيل أول,20,84,"الإصحاح العشرون
صموئيل أول,20,85,"الإصحاح العشرون
صموئيل أول,20,86,"الإصحاح العشرون
صموئيل أول,20,87,"الإصحاح العشرون
صموئيل أول,20,88,"الإصحاح العشرون
صموئيل أول,20,89,"الإصحاح العشرون
صموئيل أول,20,90,"الإصحاح العشرون
صموئيل أول,20,91,"الإصحاح العشرون
صموئيل أول,20,92,"الإصحاح العشرون
صموئيل أول,20,93,"الإصحاح العشرون
صموئيل أول,20,94,"الإصحاح العشرون
صموئيل أول,20,95,"الإصحاح العشرون
صموئيل أول,20,96,"الإصحاح العشرون
صموئيل أول,20,97,"الإصحاح العشرون
صموئيل أول,20,98,"الإصحاح العشرون
صموئيل أول,20,99,"الإصحاح العشرون
صموئيل أول,21,1,"الإصحاح الحادى والعشرون
صموئيل أول,21,2,"الإصحاح الحادى والعشرون
صموئيل أول,21,3,"الإصحاح الحادى والعشرون
صموئيل أول,21,4,"الإصحاح الحادى والعشرون
صموئيل أول,21,5,"الإصحاح الحادى والعشرون
صموئيل أول,21,6,"الإصحاح الحادى والعشرون
صموئيل أول,21,7,"الإصحاح الحادى والعشرون
صموئيل أول,21,8,"الإصحاح الحادى والعشرون
صموئيل أول,21,9,"الإصحاح الحادى والعشرون
صموئيل أول,21,10,"الإصحاح الحادى والعشرون
صموئيل أول,21,11,"الإصحاح الحادى والعشرون
صموئيل أول,21,12,"الإصحاح الحادى والعشرون
صموئيل أول,21,13,"الإصحاح الحادى والعشرون
صموئيل أول,21,14,"الإصحاح الحادى والعشرون
صموئيل أول,21,15,"الإصحاح الحادى والعشرون
صموئيل أول,21,16,"الإصحاح الحادى والعشرون
صموئيل أول,21,17,"الإصحاح الحادى والعشرون
صموئيل أول,21,18,"الإصحاح الحادى والعشرون
صموئيل أول,21,19,"الإصحاح الحادى والعشرون
صموئيل أول,21,20,"الإصحاح الحادى والعشرون
صموئيل أول,21,21,"الإصحاح الحادى والعشرون
صموئيل أول,21,22,"الإصحاح الحادى والعشرون
صموئيل أول,21,23,"الإصحاح الحادى والعشرون
صموئيل أول,21,24,"الإصحاح الحادى والعشرون
صموئيل أول,21,25,"الإصحاح الحادى والعشرون
صموئيل أول,21,26,"الإصحاح الحادى والعشرون
صموئيل أول,21,27,"الإصحاح الحادى والعشرون
صموئيل أول,21,28,"الإصحاح الحادى والعشرون
صموئيل أول,21,29,"الإصحاح الحادى والعشرون
صموئيل أول,21,30,"الإصحاح الحادى والعشرون
صموئيل أول,21,31,"الإصحاح الحادى والعشرون
صموئيل أول,21,32,"الإصحاح الحادى والعشرون
صموئيل أول,21,33,"الإصحاح الحادى والعشرون
صموئيل أول,21,34,"الإصحاح الحادى والعشرون
صموئيل أول,21,35,"الإصحاح الحادى والعشرون
صموئيل أول,21,36,"الإصحاح الحادى والعشرون
صموئيل أول,21,37,"الإصحاح الحادى والعشرون
صموئيل أول,21,38,"الإصحاح الحادى والعشرون
صموئيل أول,21,39,"الإصحاح الحادى والعشرون
صموئيل أول,21,40,"الإصحاح الحادى والعشرون
صموئيل أول,21,41,"الإصحاح الحادى والعشرون
صموئيل أول,21,42,"الإصحاح الحادى والعشرون
صموئيل أول,21,43,"الإصحاح الحادى والعشرون
صموئيل أول,21,44,"الإصحاح الحادى والعشرون
صموئيل أول,21,45,"الإصحاح الحادى والعشرون
صموئيل أول,21,46,"الإصحاح الحادى والعشرون
صموئيل أول,21,47,"الإصحاح الحادى والعشرون
صموئيل أول,21,48,"الإصحاح الحادى والعشرون
صموئيل أول,21,49,"الإصحاح الحادى والعشرون
صموئيل أول,21,50,"الإصحاح الحادى والعشرون
صموئيل أول,21,51,"الإصحاح الحادى والعشرون
صموئيل أول,21,52,"الإصحاح الحادى والعشرون
صموئيل أول,21,53,"الإصحاح الحادى والعشرون
صموئيل أول,21,54,"الإصحاح الحادى والعشرون
صموئيل أول,21,55,"الإصحاح الحادى والعشرون
صموئيل أول,21,56,"الإصحاح الحادى والعشرون
صموئيل أول,21,57,"الإصحاح الحادى والعشرون
صموئيل أول,21,58,"الإصحاح الحادى والعشرون
صموئيل أول,21,59,"الإصحاح الحادى والعشرون
صموئيل أول,21,60,"الإصحاح الحادى والعشرون
صموئيل أول,21,61,"الإصحاح الحادى والعشرون
صموئيل أول,21,62,"الإصحاح الحادى والعشرون
صموئيل أول,21,63,"الإصحاح الحادى والعشرون
صموئيل أول,21,64,"الإصحاح الحادى والعشرون
صموئيل أول,21,65,"الإصحاح الحادى والعشرون
صموئيل أول,21,66,"الإصحاح الحادى والعشرون
صموئيل أول,21,67,"الإصحاح الحادى والعشرون
صموئيل أول,21,68,"الإصحاح الحادى والعشرون
صموئيل أول,21,69,"الإصحاح الحادى والعشرون
صموئيل أول,21,70,"الإصحاح الحادى والعشرون
صموئيل أول,21,71,"الإصحاح الحادى والعشرون
صموئيل أول,21,72,"الإصحاح الحادى والعشرون
صموئيل أول,21,73,"الإصحاح الحادى والعشرون
صموئيل أول,21,74,"الإصحاح الحادى والعشرون
صموئيل أول,21,75,"الإصحاح الحادى والعشرون
صموئيل أول,21,76,"الإصحاح الحادى والعشرون
صموئيل أول,21,77,"الإصحاح الحادى والعشرون
صموئيل أول,21,78,"الإصحاح الحادى والعشرون
صموئيل أول,21,79,"الإصحاح الحادى والعشرون
صموئيل أول,21,80,"الإصحاح الحادى والعشرون
صموئيل أول,21,81,"الإصحاح الحادى والعشرون
صموئيل أول,21,82,"الإصحاح الحادى والعشرون
صموئيل أول,21,83,"الإصحاح الحادى والعشرون
صموئيل أول,21,84,"الإصحاح الحادى والعشرون
صموئيل أول,21,85,"الإصحاح الحادى والعشرون
صموئيل أول,21,86,"الإصحاح الحادى والعشرون
صموئيل أول,21,87,"الإصحاح الحادى والعشرون
صموئيل أول,21,88,"الإصحاح الحادى والعشرون
صموئيل أول,21,89,"الإصحاح الحادى والعشرون
صموئيل أول,21,90,"الإصحاح الحادى والعشرون
صموئيل أول,21,91,"الإصحاح الحادى والعشرون
صموئيل أول,21,92,"الإصحاح الحادى والعشرون
صموئيل أول,21,93,"الإصحاح الحادى والعشرون
صموئيل أول,21,94,"الإصحاح الحادى والعشرون
صموئيل أول,21,95,"الإصحاح الحادى والعشرون
صموئيل أول,21,96,"الإصحاح الحادى والعشرون
صموئيل أول,21,97,"الإصحاح الحادى والعشرون
صموئيل أول,21,98,"الإصحاح الحادى والعشرون
صموئيل أول,21,99,"الإصحاح الحادى والعشرون
صموئيل أول,22,1,"الإصحاح الثانى والعشرون 
صموئيل أول,22,2,"الإصحاح الثانى والعشرون 
صموئيل أول,22,3,"الإصحاح الثانى والعشرون 
صموئيل أول,22,4,"الإصحاح الثانى والعشرون 
صموئيل أول,22,5,"الإصحاح الثانى والعشرون 
صموئيل أول,22,6,"الإصحاح الثانى والعشرون 
صموئيل أول,22,7,"الإصحاح الثانى والعشرون 
صموئيل أول,22,8,"الإصحاح الثانى والعشرون 
صموئيل أول,22,9,"الإصحاح الثانى والعشرون 
صموئيل أول,22,10,"الإصحاح الثانى والعشرون 
صموئيل أول,22,11,"الإصحاح الثانى والعشرون 
صموئيل أول,22,12,"الإصحاح الثانى والعشرون 
صموئيل أول,22,13,"الإصحاح الثانى والعشرون 
صموئيل أول,22,14,"الإصحاح الثانى والعشرون 
صموئيل أول,22,15,"الإصحاح الثانى والعشرون 
صموئيل أول,22,16,"الإصحاح الثانى والعشرون 
صموئيل أول,22,17,"الإصحاح الثانى والعشرون 
صموئيل أول,22,18,"الإصحاح الثانى والعشرون 
صموئيل أول,22,19,"الإصحاح الثانى والعشرون 
صموئيل أول,22,20,"الإصحاح الثانى والعشرون 
صموئيل أول,22,21,"الإصحاح الثانى والعشرون 
صموئيل أول,22,22,"الإصحاح الثانى والعشرون 
صموئيل أول,22,23,"الإصحاح الثانى والعشرون 
صموئيل أول,22,24,"الإصحاح الثانى والعشرون 
صموئيل أول,22,25,"الإصحاح الثانى والعشرون 
صموئيل أول,22,26,"الإصحاح الثانى والعشرون 
صموئيل أول,22,27,"الإصحاح الثانى والعشرون 
صموئيل أول,22,28,"الإصحاح الثانى والعشرون 
صموئيل أول,22,29,"الإصحاح الثانى والعشرون 
صموئيل أول,22,30,"الإصحاح الثانى والعشرون 
صموئيل أول,22,31,"الإصحاح الثانى والعشرون 
صموئيل أول,22,32,"الإصحاح الثانى والعشرون 
صموئيل أول,22,33,"الإصحاح الثانى والعشرون 
صموئيل أول,22,34,"الإصحاح الثانى والعشرون 
صموئيل أول,22,35,"الإصحاح الثانى والعشرون 
صموئيل أول,22,36,"الإصحاح الثانى والعشرون 
صموئيل أول,22,37,"الإصحاح الثانى والعشرون 
صموئيل أول,22,38,"الإصحاح الثانى والعشرون 
صموئيل أول,22,39,"الإصحاح الثانى والعشرون 
صموئيل أول,22,40,"الإصحاح الثانى والعشرون 
صموئيل أول,22,41,"الإصحاح الثانى والعشرون 
صموئيل أول,22,42,"الإصحاح الثانى والعشرون 
صموئيل أول,22,43,"الإصحاح الثانى والعشرون 
صموئيل أول,22,44,"الإصحاح الثانى والعشرون 
صموئيل أول,22,45,"الإصحاح الثانى والعشرون 
صموئيل أول,22,46,"الإصحاح الثانى والعشرون 
صموئيل أول,22,47,"الإصحاح الثانى والعشرون 
صموئيل أول,22,48,"الإصحاح الثانى والعشرون 
صموئيل أول,22,49,"الإصحاح الثانى والعشرون 
صموئيل أول,22,50,"الإصحاح الثانى والعشرون 
صموئيل أول,22,51,"الإصحاح الثانى والعشرون 
صموئيل أول,22,52,"الإصحاح الثانى والعشرون 
صموئيل أول,22,53,"الإصحاح الثانى والعشرون 
صموئيل أول,22,54,"الإصحاح الثانى والعشرون 
صموئيل أول,22,55,"الإصحاح الثانى والعشرون 
صموئيل أول,22,56,"الإصحاح الثانى والعشرون 
صموئيل أول,22,57,"الإصحاح الثانى والعشرون 
صموئيل أول,22,58,"الإصحاح الثانى والعشرون 
صموئيل أول,22,59,"الإصحاح الثانى والعشرون 
صموئيل أول,22,60,"الإصحاح الثانى والعشرون 
صموئيل أول,22,61,"الإصحاح الثانى والعشرون 
صموئيل أول,22,62,"الإصحاح الثانى والعشرون 
صموئيل أول,22,63,"الإصحاح الثانى والعشرون 
صموئيل أول,22,64,"الإصحاح الثانى والعشرون 
صموئيل أول,22,65,"الإصحاح الثانى والعشرون 
صموئيل أول,22,66,"الإصحاح الثانى والعشرون 
صموئيل أول,22,67,"الإصحاح الثانى والعشرون 
صموئيل أول,22,68,"الإصحاح الثانى والعشرون 
صموئيل أول,22,69,"الإصحاح الثانى والعشرون 
صموئيل أول,22,70,"الإصحاح الثانى والعشرون 
صموئيل أول,22,71,"الإصحاح الثانى والعشرون 
صموئيل أول,22,72,"الإصحاح الثانى والعشرون 
صموئيل أول,22,73,"الإصحاح الثانى والعشرون 
صموئيل أول,22,74,"الإصحاح الثانى والعشرون 
صموئيل أول,22,75,"الإصحاح الثانى والعشرون 
صموئيل أول,22,76,"الإصحاح الثانى والعشرون 
صموئيل أول,22,77,"الإصحاح الثانى والعشرون 
صموئيل أول,22,78,"الإصحاح الثانى والعشرون 
صموئيل أول,22,79,"الإصحاح الثانى والعشرون 
صموئيل أول,22,80,"الإصحاح الثانى والعشرون 
صموئيل أول,22,81,"الإصحاح الثانى والعشرون 
صموئيل أول,22,82,"الإصحاح الثانى والعشرون 
صموئيل أول,22,83,"الإصحاح الثانى والعشرون 
صموئيل أول,22,84,"الإصحاح الثانى والعشرون 
صموئيل أول,22,85,"الإصحاح الثانى والعشرون 
صموئيل أول,22,86,"الإصحاح الثانى والعشرون 
صموئيل أول,22,87,"الإصحاح الثانى والعشرون 
صموئيل أول,22,88,"الإصحاح الثانى والعشرون 
صموئيل أول,22,89,"الإصحاح الثانى والعشرون 
صموئيل أول,22,90,"الإصحاح الثانى والعشرون 
صموئيل أول,22,91,"الإصحاح الثانى والعشرون 
صموئيل أول,22,92,"الإصحاح الثانى والعشرون 
صموئيل أول,22,93,"الإصحاح الثانى والعشرون 
صموئيل أول,22,94,"الإصحاح الثانى والعشرون 
صموئيل أول,22,95,"الإصحاح الثانى والعشرون 
صموئيل أول,22,96,"الإصحاح الثانى والعشرون 
صموئيل أول,22,97,"الإصحاح الثانى والعشرون 
صموئيل أول,22,98,"الإصحاح الثانى والعشرون 
صموئيل أول,22,99,"الإصحاح الثانى والعشرون 
صموئيل أول,23,1,"الإصحاح الثالث والعشرون
صموئيل أول,23,2,"الإصحاح الثالث والعشرون
صموئيل أول,23,3,"الإصحاح الثالث والعشرون
صموئيل أول,23,4,"الإصحاح الثالث والعشرون
صموئيل أول,23,5,"الإصحاح الثالث والعشرون
صموئيل أول,23,6,"الإصحاح الثالث والعشرون
صموئيل أول,23,7,"الإصحاح الثالث والعشرون
صموئيل أول,23,8,"الإصحاح الثالث والعشرون
صموئيل أول,23,9,"الإصحاح الثالث والعشرون
صموئيل أول,23,10,"الإصحاح الثالث والعشرون
صموئيل أول,23,11,"الإصحاح الثالث والعشرون
صموئيل أول,23,12,"الإصحاح الثالث والعشرون
صموئيل أول,23,13,"الإصحاح الثالث والعشرون
صموئيل أول,23,14,"الإصحاح الثالث والعشرون
صموئيل أول,23,15,"الإصحاح الثالث والعشرون
صموئيل أول,23,16,"الإصحاح الثالث والعشرون
صموئيل أول,23,17,"الإصحاح الثالث والعشرون
صموئيل أول,23,18,"الإصحاح الثالث والعشرون
صموئيل أول,23,19,"الإصحاح الثالث والعشرون
صموئيل أول,23,20,"الإصحاح الثالث والعشرون
صموئيل أول,23,21,"الإصحاح الثالث والعشرون
صموئيل أول,23,22,"الإصحاح الثالث والعشرون
صموئيل أول,23,23,"الإصحاح الثالث والعشرون
صموئيل أول,23,24,"الإصحاح الثالث والعشرون
صموئيل أول,23,25,"الإصحاح الثالث والعشرون
صموئيل أول,23,26,"الإصحاح الثالث والعشرون
صموئيل أول,23,27,"الإصحاح الثالث والعشرون
صموئيل أول,23,28,"الإصحاح الثالث والعشرون
صموئيل أول,23,29,"الإصحاح الثالث والعشرون
صموئيل أول,23,30,"الإصحاح الثالث والعشرون
صموئيل أول,23,31,"الإصحاح الثالث والعشرون
صموئيل أول,23,32,"الإصحاح الثالث والعشرون
صموئيل أول,23,33,"الإصحاح الثالث والعشرون
صموئيل أول,23,34,"الإصحاح الثالث والعشرون
صموئيل أول,23,35,"الإصحاح الثالث والعشرون
صموئيل أول,23,36,"الإصحاح الثالث والعشرون
صموئيل أول,23,37,"الإصحاح الثالث والعشرون
صموئيل أول,23,38,"الإصحاح الثالث والعشرون
صموئيل أول,23,39,"الإصحاح الثالث والعشرون
صموئيل أول,23,40,"الإصحاح الثالث والعشرون
صموئيل أول,23,41,"الإصحاح الثالث والعشرون
صموئيل أول,23,42,"الإصحاح الثالث والعشرون
صموئيل أول,23,43,"الإصحاح الثالث والعشرون
صموئيل أول,23,44,"الإصحاح الثالث والعشرون
صموئيل أول,23,45,"الإصحاح الثالث والعشرون
صموئيل أول,23,46,"الإصحاح الثالث والعشرون
صموئيل أول,23,47,"الإصحاح الثالث والعشرون
صموئيل أول,23,48,"الإصحاح الثالث والعشرون
صموئيل أول,23,49,"الإصحاح الثالث والعشرون
صموئيل أول,23,50,"الإصحاح الثالث والعشرون
صموئيل أول,23,51,"الإصحاح الثالث والعشرون
صموئيل أول,23,52,"الإصحاح الثالث والعشرون
صموئيل أول,23,53,"الإصحاح الثالث والعشرون
صموئيل أول,23,54,"الإصحاح الثالث والعشرون
صموئيل أول,23,55,"الإصحاح الثالث والعشرون
صموئيل أول,23,56,"الإصحاح الثالث والعشرون
صموئيل أول,23,57,"الإصحاح الثالث والعشرون
صموئيل أول,23,58,"الإصحاح الثالث والعشرون
صموئيل أول,23,59,"الإصحاح الثالث والعشرون
صموئيل أول,23,60,"الإصحاح الثالث والعشرون
صموئيل أول,23,61,"الإصحاح الثالث والعشرون
صموئيل أول,23,62,"الإصحاح الثالث والعشرون
صموئيل أول,23,63,"الإصحاح الثالث والعشرون
صموئيل أول,23,64,"الإصحاح الثالث والعشرون
صموئيل أول,23,65,"الإصحاح الثالث والعشرون
صموئيل أول,23,66,"الإصحاح الثالث والعشرون
صموئيل أول,23,67,"الإصحاح الثالث والعشرون
صموئيل أول,23,68,"الإصحاح الثالث والعشرون
صموئيل أول,23,69,"الإصحاح الثالث والعشرون
صموئيل أول,23,70,"الإصحاح الثالث والعشرون
صموئيل أول,23,71,"الإصحاح الثالث والعشرون
صموئيل أول,23,72,"الإصحاح الثالث والعشرون
صموئيل أول,23,73,"الإصحاح الثالث والعشرون
صموئيل أول,23,74,"الإصحاح الثالث والعشرون
صموئيل أول,23,75,"الإصحاح الثالث والعشرون
صموئيل أول,23,76,"الإصحاح الثالث والعشرون
صموئيل أول,23,77,"الإصحاح الثالث والعشرون
صموئيل أول,23,78,"الإصحاح الثالث والعشرون
صموئيل أول,23,79,"الإصحاح الثالث والعشرون
صموئيل أول,23,80,"الإصحاح الثالث والعشرون
صموئيل أول,23,81,"الإصحاح الثالث والعشرون
صموئيل أول,23,82,"الإصحاح الثالث والعشرون
صموئيل أول,23,83,"الإصحاح الثالث والعشرون
صموئيل أول,23,84,"الإصحاح الثالث والعشرون
صموئيل أول,23,85,"الإصحاح الثالث والعشرون
صموئيل أول,23,86,"الإصحاح الثالث والعشرون
صموئيل أول,23,87,"الإصحاح الثالث والعشرون
صموئيل أول,23,88,"الإصحاح الثالث والعشرون
صموئيل أول,23,89,"الإصحاح الثالث والعشرون
صموئيل أول,23,90,"الإصحاح الثالث والعشرون
صموئيل أول,23,91,"الإصحاح الثالث والعشرون
صموئيل أول,23,92,"الإصحاح الثالث والعشرون
صموئيل أول,23,93,"الإصحاح الثالث والعشرون
صموئيل أول,23,94,"الإصحاح الثالث والعشرون
صموئيل أول,23,95,"الإصحاح الثالث والعشرون
صموئيل أول,23,96,"الإصحاح الثالث والعشرون
صموئيل أول,23,97,"الإصحاح الثالث والعشرون
صموئيل أول,23,98,"الإصحاح الثالث والعشرون
صموئيل أول,23,99,"الإصحاح الثالث والعشرون
صموئيل أول,24,1,"الإصحاح الرابع والعشرون
صموئيل أول,24,2,"الإصحاح الرابع والعشرون
صموئيل أول,24,3,"الإصحاح الرابع والعشرون
صموئيل أول,24,4,"الإصحاح الرابع والعشرون
صموئيل أول,24,5,"الإصحاح الرابع والعشرون
صموئيل أول,24,6,"الإصحاح الرابع والعشرون
صموئيل أول,24,7,"الإصحاح الرابع والعشرون
صموئيل أول,24,8,"الإصحاح الرابع والعشرون
صموئيل أول,24,9,"الإصحاح الرابع والعشرون
صموئيل أول,24,10,"الإصحاح الرابع والعشرون
صموئيل أول,24,11,"الإصحاح الرابع والعشرون
صموئيل أول,24,12,"الإصحاح الرابع والعشرون
صموئيل أول,24,13,"الإصحاح الرابع والعشرون
صموئيل أول,24,14,"الإصحاح الرابع والعشرون
صموئيل أول,24,15,"الإصحاح الرابع والعشرون
صموئيل أول,24,16,"الإصحاح الرابع والعشرون
صموئيل أول,24,17,"الإصحاح الرابع والعشرون
صموئيل أول,24,18,"الإصحاح الرابع والعشرون
صموئيل أول,24,19,"الإصحاح الرابع والعشرون
صموئيل أول,24,20,"الإصحاح الرابع والعشرون
صموئيل أول,24,21,"الإصحاح الرابع والعشرون
صموئيل أول,24,22,"الإصحاح الرابع والعشرون
صموئيل أول,24,23,"الإصحاح الرابع والعشرون
صموئيل أول,24,24,"الإصحاح الرابع والعشرون
صموئيل أول,24,25,"الإصحاح الرابع والعشرون
صموئيل أول,24,26,"الإصحاح الرابع والعشرون
صموئيل أول,24,27,"الإصحاح الرابع والعشرون
صموئيل أول,24,28,"الإصحاح الرابع والعشرون
صموئيل أول,24,29,"الإصحاح الرابع والعشرون
صموئيل أول,24,30,"الإصحاح الرابع والعشرون
صموئيل أول,24,31,"الإصحاح الرابع والعشرون
صموئيل أول,24,32,"الإصحاح الرابع والعشرون
صموئيل أول,24,33,"الإصحاح الرابع والعشرون
صموئيل أول,24,34,"الإصحاح الرابع والعشرون
صموئيل أول,24,35,"الإصحاح الرابع والعشرون
صموئيل أول,24,36,"الإصحاح الرابع والعشرون
صموئيل أول,24,37,"الإصحاح الرابع والعشرون
صموئيل أول,24,38,"الإصحاح الرابع والعشرون
صموئيل أول,24,39,"الإصحاح الرابع والعشرون
صموئيل أول,24,40,"الإصحاح الرابع والعشرون
صموئيل أول,24,41,"الإصحاح الرابع والعشرون
صموئيل أول,24,42,"الإصحاح الرابع والعشرون
صموئيل أول,24,43,"الإصحاح الرابع والعشرون
صموئيل أول,24,44,"الإصحاح الرابع والعشرون
صموئيل أول,24,45,"الإصحاح الرابع والعشرون
صموئيل أول,24,46,"الإصحاح الرابع والعشرون
صموئيل أول,24,47,"الإصحاح الرابع والعشرون
صموئيل أول,24,48,"الإصحاح الرابع والعشرون
صموئيل أول,24,49,"الإصحاح الرابع والعشرون
صموئيل أول,24,50,"الإصحاح الرابع والعشرون
صموئيل أول,24,51,"الإصحاح الرابع والعشرون
صموئيل أول,24,52,"الإصحاح الرابع والعشرون
صموئيل أول,24,53,"الإصحاح الرابع والعشرون
صموئيل أول,24,54,"الإصحاح الرابع والعشرون
صموئيل أول,24,55,"الإصحاح الرابع والعشرون
صموئيل أول,24,56,"الإصحاح الرابع والعشرون
صموئيل أول,24,57,"الإصحاح الرابع والعشرون
صموئيل أول,24,58,"الإصحاح الرابع والعشرون
صموئيل أول,24,59,"الإصحاح الرابع والعشرون
صموئيل أول,24,60,"الإصحاح الرابع والعشرون
صموئيل أول,24,61,"الإصحاح الرابع والعشرون
صموئيل أول,24,62,"الإصحاح الرابع والعشرون
صموئيل أول,24,63,"الإصحاح الرابع والعشرون
صموئيل أول,24,64,"الإصحاح الرابع والعشرون
صموئيل أول,24,65,"الإصحاح الرابع والعشرون
صموئيل أول,24,66,"الإصحاح الرابع والعشرون
صموئيل أول,24,67,"الإصحاح الرابع والعشرون
صموئيل أول,24,68,"الإصحاح الرابع والعشرون
صموئيل أول,24,69,"الإصحاح الرابع والعشرون
صموئيل أول,24,70,"الإصحاح الرابع والعشرون
صموئيل أول,24,71,"الإصحاح الرابع والعشرون
صموئيل أول,24,72,"الإصحاح الرابع والعشرون
صموئيل أول,24,73,"الإصحاح الرابع والعشرون
صموئيل أول,24,74,"الإصحاح الرابع والعشرون
صموئيل أول,24,75,"الإصحاح الرابع والعشرون
صموئيل أول,24,76,"الإصحاح الرابع والعشرون
صموئيل أول,24,77,"الإصحاح الرابع والعشرون
صموئيل أول,24,78,"الإصحاح الرابع والعشرون
صموئيل أول,24,79,"الإصحاح الرابع والعشرون
صموئيل أول,24,80,"الإصحاح الرابع والعشرون
صموئيل أول,24,81,"الإصحاح الرابع والعشرون
صموئيل أول,24,82,"الإصحاح الرابع والعشرون
صموئيل أول,24,83,"الإصحاح الرابع والعشرون
صموئيل أول,24,84,"الإصحاح الرابع والعشرون
صموئيل أول,24,85,"الإصحاح الرابع والعشرون
صموئيل أول,24,86,"الإصحاح الرابع والعشرون
صموئيل أول,24,87,"الإصحاح الرابع والعشرون
صموئيل أول,24,88,"الإصحاح الرابع والعشرون
صموئيل أول,24,89,"الإصحاح الرابع والعشرون
صموئيل أول,24,90,"الإصحاح الرابع والعشرون
صموئيل أول,24,91,"الإصحاح الرابع والعشرون
صموئيل أول,24,92,"الإصحاح الرابع والعشرون
صموئيل أول,24,93,"الإصحاح الرابع والعشرون
صموئيل أول,24,94,"الإصحاح الرابع والعشرون
صموئيل أول,24,95,"الإصحاح الرابع والعشرون
صموئيل أول,24,96,"الإصحاح الرابع والعشرون
صموئيل أول,24,97,"الإصحاح الرابع والعشرون
صموئيل أول,24,98,"الإصحاح الرابع والعشرون
صموئيل أول,24,99,"الإصحاح الرابع والعشرون
صموئيل أول,25,1,"الإصحاح الخامس والعشرون
صموئيل أول,25,2,"الإصحاح الخامس والعشرون
صموئيل أول,25,3,"الإصحاح الخامس والعشرون
صموئيل أول,25,4,"الإصحاح الخامس والعشرون
صموئيل أول,25,5,"الإصحاح الخامس والعشرون
صموئيل أول,25,6,"الإصحاح الخامس والعشرون
صموئيل أول,25,7,"الإصحاح الخامس والعشرون
صموئيل أول,25,8,"الإصحاح الخامس والعشرون
صموئيل أول,25,9,"الإصحاح الخامس والعشرون
صموئيل أول,25,10,"الإصحاح الخامس والعشرون
صموئيل أول,25,11,"الإصحاح الخامس والعشرون
صموئيل أول,25,12,"الإصحاح الخامس والعشرون
صموئيل أول,25,13,"الإصحاح الخامس والعشرون
صموئيل أول,25,14,"الإصحاح الخامس والعشرون
صموئيل أول,25,15,"الإصحاح الخامس والعشرون
صموئيل أول,25,16,"الإصحاح الخامس والعشرون
صموئيل أول,25,17,"الإصحاح الخامس والعشرون
صموئيل أول,25,18,"الإصحاح الخامس والعشرون
صموئيل أول,25,19,"الإصحاح الخامس والعشرون
صموئيل أول,25,20,"الإصحاح الخامس والعشرون
صموئيل أول,25,21,"الإصحاح الخامس والعشرون
صموئيل أول,25,22,"الإصحاح الخامس والعشرون
صموئيل أول,25,23,"الإصحاح الخامس والعشرون
صموئيل أول,25,24,"الإصحاح الخامس والعشرون
صموئيل أول,25,25,"الإصحاح الخامس والعشرون
صموئيل أول,25,26,"الإصحاح الخامس والعشرون
صموئيل أول,25,27,"الإصحاح الخامس والعشرون
صموئيل أول,25,28,"الإصحاح الخامس والعشرون
صموئيل أول,25,29,"الإصحاح الخامس والعشرون
صموئيل أول,25,30,"الإصحاح الخامس والعشرون
صموئيل أول,25,31,"الإصحاح الخامس والعشرون
صموئيل أول,25,32,"الإصحاح الخامس والعشرون
صموئيل أول,25,33,"الإصحاح الخامس والعشرون
صموئيل أول,25,34,"الإصحاح الخامس والعشرون
صموئيل أول,25,35,"الإصحاح الخامس والعشرون
صموئيل أول,25,36,"الإصحاح الخامس والعشرون
صموئيل أول,25,37,"الإصحاح الخامس والعشرون
صموئيل أول,25,38,"الإصحاح الخامس والعشرون
صموئيل أول,25,39,"الإصحاح الخامس والعشرون
صموئيل أول,25,40,"الإصحاح الخامس والعشرون
صموئيل أول,25,41,"الإصحاح الخامس والعشرون
صموئيل أول,25,42,"الإصحاح الخامس والعشرون
صموئيل أول,25,43,"الإصحاح الخامس والعشرون
صموئيل أول,25,44,"الإصحاح الخامس والعشرون
صموئيل أول,25,45,"الإصحاح الخامس والعشرون
صموئيل أول,25,46,"الإصحاح الخامس والعشرون
صموئيل أول,25,47,"الإصحاح الخامس والعشرون
صموئيل أول,25,48,"الإصحاح الخامس والعشرون
صموئيل أول,25,49,"الإصحاح الخامس والعشرون
صموئيل أول,25,50,"الإصحاح الخامس والعشرون
صموئيل أول,25,51,"الإصحاح الخامس والعشرون
صموئيل أول,25,52,"الإصحاح الخامس والعشرون
صموئيل أول,25,53,"الإصحاح الخامس والعشرون
صموئيل أول,25,54,"الإصحاح الخامس والعشرون
صموئيل أول,25,55,"الإصحاح الخامس والعشرون
صموئيل أول,25,56,"الإصحاح الخامس والعشرون
صموئيل أول,25,57,"الإصحاح الخامس والعشرون
صموئيل أول,25,58,"الإصحاح الخامس والعشرون
صموئيل أول,25,59,"الإصحاح الخامس والعشرون
صموئيل أول,25,60,"الإصحاح الخامس والعشرون
صموئيل أول,25,61,"الإصحاح الخامس والعشرون
صموئيل أول,25,62,"الإصحاح الخامس والعشرون
صموئيل أول,25,63,"الإصحاح الخامس والعشرون
صموئيل أول,25,64,"الإصحاح الخامس والعشرون
صموئيل أول,25,65,"الإصحاح الخامس والعشرون
صموئيل أول,25,66,"الإصحاح الخامس والعشرون
صموئيل أول,25,67,"الإصحاح الخامس والعشرون
صموئيل أول,25,68,"الإصحاح الخامس والعشرون
صموئيل أول,25,69,"الإصحاح الخامس والعشرون
صموئيل أول,25,70,"الإصحاح الخامس والعشرون
صموئيل أول,25,71,"الإصحاح الخامس والعشرون
صموئيل أول,25,72,"الإصحاح الخامس والعشرون
صموئيل أول,25,73,"الإصحاح الخامس والعشرون
صموئيل أول,25,74,"الإصحاح الخامس والعشرون
صموئيل أول,25,75,"الإصحاح الخامس والعشرون
صموئيل أول,25,76,"الإصحاح الخامس والعشرون
صموئيل أول,25,77,"الإصحاح الخامس والعشرون
صموئيل أول,25,78,"الإصحاح الخامس والعشرون
صموئيل أول,25,79,"الإصحاح الخامس والعشرون
صموئيل أول,25,80,"الإصحاح الخامس والعشرون
صموئيل أول,25,81,"الإصحاح الخامس والعشرون
صموئيل أول,25,82,"الإصحاح الخامس والعشرون
صموئيل أول,25,83,"الإصحاح الخامس والعشرون
صموئيل أول,25,84,"الإصحاح الخامس والعشرون
صموئيل أول,25,85,"الإصحاح الخامس والعشرون
صموئيل أول,25,86,"الإصحاح الخامس والعشرون
صموئيل أول,25,87,"الإصحاح الخامس والعشرون
صموئيل أول,25,88,"الإصحاح الخامس والعشرون
صموئيل أول,25,89,"الإصحاح الخامس والعشرون
صموئيل أول,25,90,"الإصحاح الخامس والعشرون
صموئيل أول,25,91,"الإصحاح الخامس والعشرون
صموئيل أول,25,92,"الإصحاح الخامس والعشرون
صموئيل أول,25,93,"الإصحاح الخامس والعشرون
صموئيل أول,25,94,"الإصحاح الخامس والعشرون
صموئيل أول,25,95,"الإصحاح الخامس والعشرون
صموئيل أول,25,96,"الإصحاح الخامس والعشرون
صموئيل أول,25,97,"الإصحاح الخامس والعشرون
صموئيل أول,25,98,"الإصحاح الخامس والعشرون
صموئيل أول,25,99,"الإصحاح الخامس والعشرون
صموئيل أول,26,1,"الإصحاح السادس والعشرون
صموئيل أول,26,2,"الإصحاح السادس والعشرون
صموئيل أول,26,3,"الإصحاح السادس والعشرون
صموئيل أول,26,4,"الإصحاح السادس والعشرون
صموئيل أول,26,5,"الإصحاح السادس والعشرون
صموئيل أول,26,6,"الإصحاح السادس والعشرون
صموئيل أول,26,7,"الإصحاح السادس والعشرون
صموئيل أول,26,8,"الإصحاح السادس والعشرون
صموئيل أول,26,9,"الإصحاح السادس والعشرون
صموئيل أول,26,10,"الإصحاح السادس والعشرون
صموئيل أول,26,11,"الإصحاح السادس والعشرون
صموئيل أول,26,12,"الإصحاح السادس والعشرون
صموئيل أول,26,13,"الإصحاح السادس والعشرون
صموئيل أول,26,14,"الإصحاح السادس والعشرون
صموئيل أول,26,15,"الإصحاح السادس والعشرون
صموئيل أول,26,16,"الإصحاح السادس والعشرون
صموئيل أول,26,17,"الإصحاح السادس والعشرون
صموئيل أول,26,18,"الإصحاح السادس والعشرون
صموئيل أول,26,19,"الإصحاح السادس والعشرون
صموئيل أول,26,20,"الإصحاح السادس والعشرون
صموئيل أول,26,21,"الإصحاح السادس والعشرون
صموئيل أول,26,22,"الإصحاح السادس والعشرون
صموئيل أول,26,23,"الإصحاح السادس والعشرون
صموئيل أول,26,24,"الإصحاح السادس والعشرون
صموئيل أول,26,25,"الإصحاح السادس والعشرون
صموئيل أول,26,26,"الإصحاح السادس والعشرون
صموئيل أول,26,27,"الإصحاح السادس والعشرون
صموئيل أول,26,28,"الإصحاح السادس والعشرون
صموئيل أول,26,29,"الإصحاح السادس والعشرون
صموئيل أول,26,30,"الإصحاح السادس والعشرون
صموئيل أول,26,31,"الإصحاح السادس والعشرون
صموئيل أول,26,32,"الإصحاح السادس والعشرون
صموئيل أول,26,33,"الإصحاح السادس والعشرون
صموئيل أول,26,34,"الإصحاح السادس والعشرون
صموئيل أول,26,35,"الإصحاح السادس والعشرون
صموئيل أول,26,36,"الإصحاح السادس والعشرون
صموئيل أول,26,37,"الإصحاح السادس والعشرون
صموئيل أول,26,38,"الإصحاح السادس والعشرون
صموئيل أول,26,39,"الإصحاح السادس والعشرون
صموئيل أول,26,40,"الإصحاح السادس والعشرون
صموئيل أول,26,41,"الإصحاح السادس والعشرون
صموئيل أول,26,42,"الإصحاح السادس والعشرون
صموئيل أول,26,43,"الإصحاح السادس والعشرون
صموئيل أول,26,44,"الإصحاح السادس والعشرون
صموئيل أول,26,45,"الإصحاح السادس والعشرون
صموئيل أول,26,46,"الإصحاح السادس والعشرون
صموئيل أول,26,47,"الإصحاح السادس والعشرون
صموئيل أول,26,48,"الإصحاح السادس والعشرون
صموئيل أول,26,49,"الإصحاح السادس والعشرون
صموئيل أول,26,50,"الإصحاح السادس والعشرون
صموئيل أول,26,51,"الإصحاح السادس والعشرون
صموئيل أول,26,52,"الإصحاح السادس والعشرون
صموئيل أول,26,53,"الإصحاح السادس والعشرون
صموئيل أول,26,54,"الإصحاح السادس والعشرون
صموئيل أول,26,55,"الإصحاح السادس والعشرون
صموئيل أول,26,56,"الإصحاح السادس والعشرون
صموئيل أول,26,57,"الإصحاح السادس والعشرون
صموئيل أول,26,58,"الإصحاح السادس والعشرون
صموئيل أول,26,59,"الإصحاح السادس والعشرون
صموئيل أول,26,60,"الإصحاح السادس والعشرون
صموئيل أول,26,61,"الإصحاح السادس والعشرون
صموئيل أول,26,62,"الإصحاح السادس والعشرون
صموئيل أول,26,63,"الإصحاح السادس والعشرون
صموئيل أول,26,64,"الإصحاح السادس والعشرون
صموئيل أول,26,65,"الإصحاح السادس والعشرون
صموئيل أول,26,66,"الإصحاح السادس والعشرون
صموئيل أول,26,67,"الإصحاح السادس والعشرون
صموئيل أول,26,68,"الإصحاح السادس والعشرون
صموئيل أول,26,69,"الإصحاح السادس والعشرون
صموئيل أول,26,70,"الإصحاح السادس والعشرون
صموئيل أول,26,71,"الإصحاح السادس والعشرون
صموئيل أول,26,72,"الإصحاح السادس والعشرون
صموئيل أول,26,73,"الإصحاح السادس والعشرون
صموئيل أول,26,74,"الإصحاح السادس والعشرون
صموئيل أول,26,75,"الإصحاح السادس والعشرون
صموئيل أول,26,76,"الإصحاح السادس والعشرون
صموئيل أول,26,77,"الإصحاح السادس والعشرون
صموئيل أول,26,78,"الإصحاح السادس والعشرون
صموئيل أول,26,79,"الإصحاح السادس والعشرون
صموئيل أول,26,80,"الإصحاح السادس والعشرون
صموئيل أول,26,81,"الإصحاح السادس والعشرون
صموئيل أول,26,82,"الإصحاح السادس والعشرون
صموئيل أول,26,83,"الإصحاح السادس والعشرون
صموئيل أول,26,84,"الإصحاح السادس والعشرون
صموئيل أول,26,85,"الإصحاح السادس والعشرون
صموئيل أول,26,86,"الإصحاح السادس والعشرون
صموئيل أول,26,87,"الإصحاح السادس والعشرون
صموئيل أول,26,88,"الإصحاح السادس والعشرون
صموئيل أول,26,89,"الإصحاح السادس والعشرون
صموئيل أول,26,90,"الإصحاح السادس والعشرون
صموئيل أول,26,91,"الإصحاح السادس والعشرون
صموئيل أول,26,92,"الإصحاح السادس والعشرون
صموئيل أول,26,93,"الإصحاح السادس والعشرون
صموئيل أول,26,94,"الإصحاح السادس والعشرون
صموئيل أول,26,95,"الإصحاح السادس والعشرون
صموئيل أول,26,96,"الإصحاح السادس والعشرون
صموئيل أول,26,97,"الإصحاح السادس والعشرون
صموئيل أول,26,98,"الإصحاح السادس والعشرون
صموئيل أول,26,99,"الإصحاح السادس والعشرون
صموئيل أول,27,1,"الإصحاح السابع والعشرون
صموئيل أول,27,2,"الإصحاح السابع والعشرون
صموئيل أول,27,3,"الإصحاح السابع والعشرون
صموئيل أول,27,4,"الإصحاح السابع والعشرون
صموئيل أول,27,5,"الإصحاح السابع والعشرون
صموئيل أول,27,6,"الإصحاح السابع والعشرون
صموئيل أول,27,7,"الإصحاح السابع والعشرون
صموئيل أول,27,8,"الإصحاح السابع والعشرون
صموئيل أول,27,9,"الإصحاح السابع والعشرون
صموئيل أول,27,10,"الإصحاح السابع والعشرون
صموئيل أول,27,11,"الإصحاح السابع والعشرون
صموئيل أول,27,12,"الإصحاح السابع والعشرون
صموئيل أول,27,13,"الإصحاح السابع والعشرون
صموئيل أول,27,14,"الإصحاح السابع والعشرون
صموئيل أول,27,15,"الإصحاح السابع والعشرون
صموئيل أول,27,16,"الإصحاح السابع والعشرون
صموئيل أول,27,17,"الإصحاح السابع والعشرون
صموئيل أول,27,18,"الإصحاح السابع والعشرون
صموئيل أول,27,19,"الإصحاح السابع والعشرون
صموئيل أول,27,20,"الإصحاح السابع والعشرون
صموئيل أول,27,21,"الإصحاح السابع والعشرون
صموئيل أول,27,22,"الإصحاح السابع والعشرون
صموئيل أول,27,23,"الإصحاح السابع والعشرون
صموئيل أول,27,24,"الإصحاح السابع والعشرون
صموئيل أول,27,25,"الإصحاح السابع والعشرون
صموئيل أول,27,26,"الإصحاح السابع والعشرون
صموئيل أول,27,27,"الإصحاح السابع والعشرون
صموئيل أول,27,28,"الإصحاح السابع والعشرون
صموئيل أول,27,29,"الإصحاح السابع والعشرون
صموئيل أول,27,30,"الإصحاح السابع والعشرون
صموئيل أول,27,31,"الإصحاح السابع والعشرون
صموئيل أول,27,32,"الإصحاح السابع والعشرون
صموئيل أول,27,33,"الإصحاح السابع والعشرون
صموئيل أول,27,34,"الإصحاح السابع والعشرون
صموئيل أول,27,35,"الإصحاح السابع والعشرون
صموئيل أول,27,36,"الإصحاح السابع والعشرون
صموئيل أول,27,37,"الإصحاح السابع والعشرون
صموئيل أول,27,38,"الإصحاح السابع والعشرون
صموئيل أول,27,39,"الإصحاح السابع والعشرون
صموئيل أول,27,40,"الإصحاح السابع والعشرون
صموئيل أول,27,41,"الإصحاح السابع والعشرون
صموئيل أول,27,42,"الإصحاح السابع والعشرون
صموئيل أول,27,43,"الإصحاح السابع والعشرون
صموئيل أول,27,44,"الإصحاح السابع والعشرون
صموئيل أول,27,45,"الإصحاح السابع والعشرون
صموئيل أول,27,46,"الإصحاح السابع والعشرون
صموئيل أول,27,47,"الإصحاح السابع والعشرون
صموئيل أول,27,48,"الإصحاح السابع والعشرون
صموئيل أول,27,49,"الإصحاح السابع والعشرون
صموئيل أول,27,50,"الإصحاح السابع والعشرون
صموئيل أول,27,51,"الإصحاح السابع والعشرون
صموئيل أول,27,52,"الإصحاح السابع والعشرون
صموئيل أول,27,53,"الإصحاح السابع والعشرون
صموئيل أول,27,54,"الإصحاح السابع والعشرون
صموئيل أول,27,55,"الإصحاح السابع والعشرون
صموئيل أول,27,56,"الإصحاح السابع والعشرون
صموئيل أول,27,57,"الإصحاح السابع والعشرون
صموئيل أول,27,58,"الإصحاح السابع والعشرون
صموئيل أول,27,59,"الإصحاح السابع والعشرون
صموئيل أول,27,60,"الإصحاح السابع والعشرون
صموئيل أول,27,61,"الإصحاح السابع والعشرون
صموئيل أول,27,62,"الإصحاح السابع والعشرون
صموئيل أول,27,63,"الإصحاح السابع والعشرون
صموئيل أول,27,64,"الإصحاح السابع والعشرون
صموئيل أول,27,65,"الإصحاح السابع والعشرون
صموئيل أول,27,66,"الإصحاح السابع والعشرون
صموئيل أول,27,67,"الإصحاح السابع والعشرون
صموئيل أول,27,68,"الإصحاح السابع والعشرون
صموئيل أول,27,69,"الإصحاح السابع والعشرون
صموئيل أول,27,70,"الإصحاح السابع والعشرون
صموئيل أول,27,71,"الإصحاح السابع والعشرون
صموئيل أول,27,72,"الإصحاح السابع والعشرون
صموئيل أول,27,73,"الإصحاح السابع والعشرون
صموئيل أول,27,74,"الإصحاح السابع والعشرون
صموئيل أول,27,75,"الإصحاح السابع والعشرون
صموئيل أول,27,76,"الإصحاح السابع والعشرون
صموئيل أول,27,77,"الإصحاح السابع والعشرون
صموئيل أول,27,78,"الإصحاح السابع والعشرون
صموئيل أول,27,79,"الإصحاح السابع والعشرون
صموئيل أول,27,80,"الإصحاح السابع والعشرون
صموئيل أول,27,81,"الإصحاح السابع والعشرون
صموئيل أول,27,82,"الإصحاح السابع والعشرون
صموئيل أول,27,83,"الإصحاح السابع والعشرون
صموئيل أول,27,84,"الإصحاح السابع والعشرون
صموئيل أول,27,85,"الإصحاح السابع والعشرون
صموئيل أول,27,86,"الإصحاح السابع والعشرون
صموئيل أول,27,87,"الإصحاح السابع والعشرون
صموئيل أول,27,88,"الإصحاح السابع والعشرون
صموئيل أول,27,89,"الإصحاح السابع والعشرون
صموئيل أول,27,90,"الإصحاح السابع والعشرون
صموئيل أول,27,91,"الإصحاح السابع والعشرون
صموئيل أول,27,92,"الإصحاح السابع والعشرون
صموئيل أول,27,93,"الإصحاح السابع والعشرون
صموئيل أول,27,94,"الإصحاح السابع والعشرون
صموئيل أول,27,95,"الإصحاح السابع والعشرون
صموئيل أول,27,96,"الإصحاح السابع والعشرون
صموئيل أول,27,97,"الإصحاح السابع والعشرون
صموئيل أول,27,98,"الإصحاح السابع والعشرون
صموئيل أول,27,99,"الإصحاح السابع والعشرون
صموئيل أول,28,1,"الإصحاح الثامن والعشرون
صموئيل أول,28,2,"الإصحاح الثامن والعشرون
صموئيل أول,28,3,"الإصحاح الثامن والعشرون
صموئيل أول,28,4,"الإصحاح الثامن والعشرون
صموئيل أول,28,5,"الإصحاح الثامن والعشرون
صموئيل أول,28,6,"الإصحاح الثامن والعشرون
صموئيل أول,28,7,"الإصحاح الثامن والعشرون
صموئيل أول,28,8,"الإصحاح الثامن والعشرون
صموئيل أول,28,9,"الإصحاح الثامن والعشرون
صموئيل أول,28,10,"الإصحاح الثامن والعشرون
صموئيل أول,28,11,"الإصحاح الثامن والعشرون
صموئيل أول,28,12,"الإصحاح الثامن والعشرون
صموئيل أول,28,13,"الإصحاح الثامن والعشرون
صموئيل أول,28,14,"الإصحاح الثامن والعشرون
صموئيل أول,28,15,"الإصحاح الثامن والعشرون
صموئيل أول,28,16,"الإصحاح الثامن والعشرون
صموئيل أول,28,17,"الإصحاح الثامن والعشرون
صموئيل أول,28,18,"الإصحاح الثامن والعشرون
صموئيل أول,28,19,"الإصحاح الثامن والعشرون
صموئيل أول,28,20,"الإصحاح الثامن والعشرون
صموئيل أول,28,21,"الإصحاح الثامن والعشرون
صموئيل أول,28,22,"الإصحاح الثامن والعشرون
صموئيل أول,28,23,"الإصحاح الثامن والعشرون
صموئيل أول,28,24,"الإصحاح الثامن والعشرون
صموئيل أول,28,25,"الإصحاح الثامن والعشرون
صموئيل أول,28,26,"الإصحاح الثامن والعشرون
صموئيل أول,28,27,"الإصحاح الثامن والعشرون
صموئيل أول,28,28,"الإصحاح الثامن والعشرون
صموئيل أول,28,29,"الإصحاح الثامن والعشرون
صموئيل أول,28,30,"الإصحاح الثامن والعشرون
صموئيل أول,28,31,"الإصحاح الثامن والعشرون
صموئيل أول,28,32,"الإصحاح الثامن والعشرون
صموئيل أول,28,33,"الإصحاح الثامن والعشرون
صموئيل أول,28,34,"الإصحاح الثامن والعشرون
صموئيل أول,28,35,"الإصحاح الثامن والعشرون
صموئيل أول,28,36,"الإصحاح الثامن والعشرون
صموئيل أول,28,37,"الإصحاح الثامن والعشرون
صموئيل أول,28,38,"الإصحاح الثامن والعشرون
صموئيل أول,28,39,"الإصحاح الثامن والعشرون
صموئيل أول,28,40,"الإصحاح الثامن والعشرون
صموئيل أول,28,41,"الإصحاح الثامن والعشرون
صموئيل أول,28,42,"الإصحاح الثامن والعشرون
صموئيل أول,28,43,"الإصحاح الثامن والعشرون
صموئيل أول,28,44,"الإصحاح الثامن والعشرون
صموئيل أول,28,45,"الإصحاح الثامن والعشرون
صموئيل أول,28,46,"الإصحاح الثامن والعشرون
صموئيل أول,28,47,"الإصحاح الثامن والعشرون
صموئيل أول,28,48,"الإصحاح الثامن والعشرون
صموئيل أول,28,49,"الإصحاح الثامن والعشرون
صموئيل أول,28,50,"الإصحاح الثامن والعشرون
صموئيل أول,28,51,"الإصحاح الثامن والعشرون
صموئيل أول,28,52,"الإصحاح الثامن والعشرون
صموئيل أول,28,53,"الإصحاح الثامن والعشرون
صموئيل أول,28,54,"الإصحاح الثامن والعشرون
صموئيل أول,28,55,"الإصحاح الثامن والعشرون
صموئيل أول,28,56,"الإصحاح الثامن والعشرون
صموئيل أول,28,57,"الإصحاح الثامن والعشرون
صموئيل أول,28,58,"الإصحاح الثامن والعشرون
صموئيل أول,28,59,"الإصحاح الثامن والعشرون
صموئيل أول,28,60,"الإصحاح الثامن والعشرون
صموئيل أول,28,61,"الإصحاح الثامن والعشرون
صموئيل أول,28,62,"الإصحاح الثامن والعشرون
صموئيل أول,28,63,"الإصحاح الثامن والعشرون
صموئيل أول,28,64,"الإصحاح الثامن والعشرون
صموئيل أول,28,65,"الإصحاح الثامن والعشرون
صموئيل أول,28,66,"الإصحاح الثامن والعشرون
صموئيل أول,28,67,"الإصحاح الثامن والعشرون
صموئيل أول,28,68,"الإصحاح الثامن والعشرون
صموئيل أول,28,69,"الإصحاح الثامن والعشرون
صموئيل أول,28,70,"الإصحاح الثامن والعشرون
صموئيل أول,28,71,"الإصحاح الثامن والعشرون
صموئيل أول,28,72,"الإصحاح الثامن والعشرون
صموئيل أول,28,73,"الإصحاح الثامن والعشرون
صموئيل أول,28,74,"الإصحاح الثامن والعشرون
صموئيل أول,28,75,"الإصحاح الثامن والعشرون
صموئيل أول,28,76,"الإصحاح الثامن والعشرون
صموئيل أول,28,77,"الإصحاح الثامن والعشرون
صموئيل أول,28,78,"الإصحاح الثامن والعشرون
صموئيل أول,28,79,"الإصحاح الثامن والعشرون
صموئيل أول,28,80,"الإصحاح الثامن والعشرون
صموئيل أول,28,81,"الإصحاح الثامن والعشرون
صموئيل أول,28,82,"الإصحاح الثامن والعشرون
صموئيل أول,28,83,"الإصحاح الثامن والعشرون
صموئيل أول,28,84,"الإصحاح الثامن والعشرون
صموئيل أول,28,85,"الإصحاح الثامن والعشرون
صموئيل أول,28,86,"الإصحاح الثامن والعشرون
صموئيل أول,28,87,"الإصحاح الثامن والعشرون
صموئيل أول,28,88,"الإصحاح الثامن والعشرون
صموئيل أول,28,89,"الإصحاح الثامن والعشرون
صموئيل أول,28,90,"الإصحاح الثامن والعشرون
صموئيل أول,28,91,"الإصحاح الثامن والعشرون
صموئيل أول,28,92,"الإصحاح الثامن والعشرون
صموئيل أول,28,93,"الإصحاح الثامن والعشرون
صموئيل أول,28,94,"الإصحاح الثامن والعشرون
صموئيل أول,28,95,"الإصحاح الثامن والعشرون
صموئيل أول,28,96,"الإصحاح الثامن والعشرون
صموئيل أول,28,97,"الإصحاح الثامن والعشرون
صموئيل أول,28,98,"الإصحاح الثامن والعشرون
صموئيل أول,28,99,"الإصحاح الثامن والعشرون
صموئيل أول,29,1,"الإصحاح التاسع والعشرون
صموئيل أول,29,2,"الإصحاح التاسع والعشرون
صموئيل أول,29,3,"الإصحاح التاسع والعشرون
صموئيل أول,29,4,"الإصحاح التاسع والعشرون
صموئيل أول,29,5,"الإصحاح التاسع والعشرون
صموئيل أول,29,6,"الإصحاح التاسع والعشرون
صموئيل أول,29,7,"الإصحاح التاسع والعشرون
صموئيل أول,29,8,"الإصحاح التاسع والعشرون
صموئيل أول,29,9,"الإصحاح التاسع والعشرون
صموئيل أول,29,10,"الإصحاح التاسع والعشرون
صموئيل أول,29,11,"الإصحاح التاسع والعشرون
صموئيل أول,29,12,"الإصحاح التاسع والعشرون
صموئيل أول,29,13,"الإصحاح التاسع والعشرون
صموئيل أول,29,14,"الإصحاح التاسع والعشرون
صموئيل أول,29,15,"الإصحاح التاسع والعشرون
صموئيل أول,29,16,"الإصحاح التاسع والعشرون
صموئيل أول,29,17,"الإصحاح التاسع والعشرون
صموئيل أول,29,18,"الإصحاح التاسع والعشرون
صموئيل أول,29,19,"الإصحاح التاسع والعشرون
صموئيل أول,29,20,"الإصحاح التاسع والعشرون
صموئيل أول,29,21,"الإصحاح التاسع والعشرون
صموئيل أول,29,22,"الإصحاح التاسع والعشرون
صموئيل أول,29,23,"الإصحاح التاسع والعشرون
صموئيل أول,29,24,"الإصحاح التاسع والعشرون
صموئيل أول,29,25,"الإصحاح التاسع والعشرون
صموئيل أول,29,26,"الإصحاح التاسع والعشرون
صموئيل أول,29,27,"الإصحاح التاسع والعشرون
صموئيل أول,29,28,"الإصحاح التاسع والعشرون
صموئيل أول,29,29,"الإصحاح التاسع والعشرون
صموئيل أول,29,30,"الإصحاح التاسع والعشرون
صموئيل أول,29,31,"الإصحاح التاسع والعشرون
صموئيل أول,29,32,"الإصحاح التاسع والعشرون
صموئيل أول,29,33,"الإصحاح التاسع والعشرون
صموئيل أول,29,34,"الإصحاح التاسع والعشرون
صموئيل أول,29,35,"الإصحاح التاسع والعشرون
صموئيل أول,29,36,"الإصحاح التاسع والعشرون
صموئيل أول,29,37,"الإصحاح التاسع والعشرون
صموئيل أول,29,38,"الإصحاح التاسع والعشرون
صموئيل أول,29,39,"الإصحاح التاسع والعشرون
صموئيل أول,29,40,"الإصحاح التاسع والعشرون
صموئيل أول,29,41,"الإصحاح التاسع والعشرون
صموئيل أول,29,42,"الإصحاح التاسع والعشرون
صموئيل أول,29,43,"الإصحاح التاسع والعشرون
صموئيل أول,29,44,"الإصحاح التاسع والعشرون
صموئيل أول,29,45,"الإصحاح التاسع والعشرون
صموئيل أول,29,46,"الإصحاح التاسع والعشرون
صموئيل أول,29,47,"الإصحاح التاسع والعشرون
صموئيل أول,29,48,"الإصحاح التاسع والعشرون
صموئيل أول,29,49,"الإصحاح التاسع والعشرون
صموئيل أول,29,50,"الإصحاح التاسع والعشرون
صموئيل أول,29,51,"الإصحاح التاسع والعشرون
صموئيل أول,29,52,"الإصحاح التاسع والعشرون
صموئيل أول,29,53,"الإصحاح التاسع والعشرون
صموئيل أول,29,54,"الإصحاح التاسع والعشرون
صموئيل أول,29,55,"الإصحاح التاسع والعشرون
صموئيل أول,29,56,"الإصحاح التاسع والعشرون
صموئيل أول,29,57,"الإصحاح التاسع والعشرون
صموئيل أول,29,58,"الإصحاح التاسع والعشرون
صموئيل أول,29,59,"الإصحاح التاسع والعشرون
صموئيل أول,29,60,"الإصحاح التاسع والعشرون
صموئيل أول,29,61,"الإصحاح التاسع والعشرون
صموئيل أول,29,62,"الإصحاح التاسع والعشرون
صموئيل أول,29,63,"الإصحاح التاسع والعشرون
صموئيل أول,29,64,"الإصحاح التاسع والعشرون
صموئيل أول,29,65,"الإصحاح التاسع والعشرون
صموئيل أول,29,66,"الإصحاح التاسع والعشرون
صموئيل أول,29,67,"الإصحاح التاسع والعشرون
صموئيل أول,29,68,"الإصحاح التاسع والعشرون
صموئيل أول,29,69,"الإصحاح التاسع والعشرون
صموئيل أول,29,70,"الإصحاح التاسع والعشرون
صموئيل أول,29,71,"الإصحاح التاسع والعشرون
صموئيل أول,29,72,"الإصحاح التاسع والعشرون
صموئيل أول,29,73,"الإصحاح التاسع والعشرون
صموئيل أول,29,74,"الإصحاح التاسع والعشرون
صموئيل أول,29,75,"الإصحاح التاسع والعشرون
صموئيل أول,29,76,"الإصحاح التاسع والعشرون
صموئيل أول,29,77,"الإصحاح التاسع والعشرون
صموئيل أول,29,78,"الإصحاح التاسع والعشرون
صموئيل أول,29,79,"الإصحاح التاسع والعشرون
صموئيل أول,29,80,"الإصحاح التاسع والعشرون
صموئيل أول,29,81,"الإصحاح التاسع والعشرون
صموئيل أول,29,82,"الإصحاح التاسع والعشرون
صموئيل أول,29,83,"الإصحاح التاسع والعشرون
صموئيل أول,29,84,"الإصحاح التاسع والعشرون
صموئيل أول,29,85,"الإصحاح التاسع والعشرون
صموئيل أول,29,86,"الإصحاح التاسع والعشرون
صموئيل أول,29,87,"الإصحاح التاسع والعشرون
صموئيل أول,29,88,"الإصحاح التاسع والعشرون
صموئيل أول,29,89,"الإصحاح التاسع والعشرون
صموئيل أول,29,90,"الإصحاح التاسع والعشرون
صموئيل أول,29,91,"الإصحاح التاسع والعشرون
صموئيل أول,29,92,"الإصحاح التاسع والعشرون
صموئيل أول,29,93,"الإصحاح التاسع والعشرون
صموئيل أول,29,94,"الإصحاح التاسع والعشرون
صموئيل أول,29,95,"الإصحاح التاسع والعشرون
صموئيل أول,29,96,"الإصحاح التاسع والعشرون
صموئيل أول,29,97,"الإصحاح التاسع والعشرون
صموئيل أول,29,98,"الإصحاح التاسع والعشرون
صموئيل أول,29,99,"الإصحاح التاسع والعشرون
صموئيل أول,30,1,"الإصحاح الثلاثون 
صموئيل أول,30,2,"الإصحاح الثلاثون 
صموئيل أول,30,3,"الإصحاح الثلاثون 
صموئيل أول,30,4,"الإصحاح الثلاثون 
صموئيل أول,30,5,"الإصحاح الثلاثون 
صموئيل أول,30,6,"الإصحاح الثلاثون 
صموئيل أول,30,7,"الإصحاح الثلاثون 
صموئيل أول,30,8,"الإصحاح الثلاثون 
صموئيل أول,30,9,"الإصحاح الثلاثون 
صموئيل أول,30,10,"الإصحاح الثلاثون 
صموئيل أول,30,11,"الإصحاح الثلاثون 
صموئيل أول,30,12,"الإصحاح الثلاثون 
صموئيل أول,30,13,"الإصحاح الثلاثون 
صموئيل أول,30,14,"الإصحاح الثلاثون 
صموئيل أول,30,15,"الإصحاح الثلاثون 
صموئيل أول,30,16,"الإصحاح الثلاثون 
صموئيل أول,30,17,"الإصحاح الثلاثون 
صموئيل أول,30,18,"الإصحاح الثلاثون 
صموئيل أول,30,19,"الإصحاح الثلاثون 
صموئيل أول,30,20,"الإصحاح الثلاثون 
صموئيل أول,30,21,"الإصحاح الثلاثون 
صموئيل أول,30,22,"الإصحاح الثلاثون 
صموئيل أول,30,23,"الإصحاح الثلاثون 
صموئيل أول,30,24,"الإصحاح الثلاثون 
صموئيل أول,30,25,"الإصحاح الثلاثون 
صموئيل أول,30,26,"الإصحاح الثلاثون 
صموئيل أول,30,27,"الإصحاح الثلاثون 
صموئيل أول,30,28,"الإصحاح الثلاثون 
صموئيل أول,30,29,"الإصحاح الثلاثون 
صموئيل أول,30,30,"الإصحاح الثلاثون 
صموئيل أول,30,31,"الإصحاح الثلاثون 
صموئيل أول,30,32,"الإصحاح الثلاثون 
صموئيل أول,30,33,"الإصحاح الثلاثون 
صموئيل أول,30,34,"الإصحاح الثلاثون 
صموئيل أول,30,35,"الإصحاح الثلاثون 
صموئيل أول,30,36,"الإصحاح الثلاثون 
صموئيل أول,30,37,"الإصحاح الثلاثون 
صموئيل أول,30,38,"الإصحاح الثلاثون 
صموئيل أول,30,39,"الإصحاح الثلاثون 
صموئيل أول,30,40,"الإصحاح الثلاثون 
صموئيل أول,30,41,"الإصحاح الثلاثون 
صموئيل أول,30,42,"الإصحاح الثلاثون 
صموئيل أول,30,43,"الإصحاح الثلاثون 
صموئيل أول,30,44,"الإصحاح الثلاثون 
صموئيل أول,30,45,"الإصحاح الثلاثون 
صموئيل أول,30,46,"الإصحاح الثلاثون 
صموئيل أول,30,47,"الإصحاح الثلاثون 
صموئيل أول,30,48,"الإصحاح الثلاثون 
صموئيل أول,30,49,"الإصحاح الثلاثون 
صموئيل أول,30,50,"الإصحاح الثلاثون 
صموئيل أول,30,51,"الإصحاح الثلاثون 
صموئيل أول,30,52,"الإصحاح الثلاثون 
صموئيل أول,30,53,"الإصحاح الثلاثون 
صموئيل أول,30,54,"الإصحاح الثلاثون 
صموئيل أول,30,55,"الإصحاح الثلاثون 
صموئيل أول,30,56,"الإصحاح الثلاثون 
صموئيل أول,30,57,"الإصحاح الثلاثون 
صموئيل أول,30,58,"الإصحاح الثلاثون 
صموئيل أول,30,59,"الإصحاح الثلاثون 
صموئيل أول,30,60,"الإصحاح الثلاثون 
صموئيل أول,30,61,"الإصحاح الثلاثون 
صموئيل أول,30,62,"الإصحاح الثلاثون 
صموئيل أول,30,63,"الإصحاح الثلاثون 
صموئيل أول,30,64,"الإصحاح الثلاثون 
صموئيل أول,30,65,"الإصحاح الثلاثون 
صموئيل أول,30,66,"الإصحاح الثلاثون 
صموئيل أول,30,67,"الإصحاح الثلاثون 
صموئيل أول,30,68,"الإصحاح الثلاثون 
صموئيل أول,30,69,"الإصحاح الثلاثون 
صموئيل أول,30,70,"الإصحاح الثلاثون 
صموئيل أول,30,71,"الإصحاح الثلاثون 
صموئيل أول,30,72,"الإصحاح الثلاثون 
صموئيل أول,30,73,"الإصحاح الثلاثون 
صموئيل أول,30,74,"الإصحاح الثلاثون 
صموئيل أول,30,75,"الإصحاح الثلاثون 
صموئيل أول,30,76,"الإصحاح الثلاثون 
صموئيل أول,30,77,"الإصحاح الثلاثون 
صموئيل أول,30,78,"الإصحاح الثلاثون 
صموئيل أول,30,79,"الإصحاح الثلاثون 
صموئيل أول,30,80,"الإصحاح الثلاثون 
صموئيل أول,30,81,"الإصحاح الثلاثون 
صموئيل أول,30,82,"الإصحاح الثلاثون 
صموئيل أول,30,83,"الإصحاح الثلاثون 
صموئيل أول,30,84,"الإصحاح الثلاثون 
صموئيل أول,30,85,"الإصحاح الثلاثون 
صموئيل أول,30,86,"الإصحاح الثلاثون 
صموئيل أول,30,87,"الإصحاح الثلاثون 
صموئيل أول,30,88,"الإصحاح الثلاثون 
صموئيل أول,30,89,"الإصحاح الثلاثون 
صموئيل أول,30,90,"الإصحاح الثلاثون 
صموئيل أول,30,91,"الإصحاح الثلاثون 
صموئيل أول,30,92,"الإصحاح الثلاثون 
صموئيل أول,30,93,"الإصحاح الثلاثون 
صموئيل أول,30,94,"الإصحاح الثلاثون 
صموئيل أول,30,95,"الإصحاح الثلاثون 
صموئيل أول,30,96,"الإصحاح الثلاثون 
صموئيل أول,30,97,"الإصحاح الثلاثون 
صموئيل أول,30,98,"الإصحاح الثلاثون 
صموئيل أول,30,99,"الإصحاح الثلاثون 
صموئيل أول,31,1,"الإصحاح الحادى والثلاثون
صموئيل أول,31,2,"الإصحاح الحادى والثلاثون
صموئيل أول,31,3,"الإصحاح الحادى والثلاثون
صموئيل أول,31,4,"الإصحاح الحادى والثلاثون
صموئيل أول,31,5,"الإصحاح الحادى والثلاثون
صموئيل أول,31,6,"الإصحاح الحادى والثلاثون
صموئيل أول,31,7,"الإصحاح الحادى والثلاثون
صموئيل أول,31,8,"الإصحاح الحادى والثلاثون
صموئيل أول,31,9,"الإصحاح الحادى والثلاثون
صموئيل أول,31,10,"الإصحاح الحادى والثلاثون
صموئيل أول,31,11,"الإصحاح الحادى والثلاثون
صموئيل أول,31,12,"الإصحاح الحادى والثلاثون
صموئيل أول,31,13,"الإصحاح الحادى والثلاثون
صموئيل أول,31,14,"الإصحاح الحادى والثلاثون
صموئيل أول,31,15,"الإصحاح الحادى والثلاثون
صموئيل أول,31,16,"الإصحاح الحادى والثلاثون
صموئيل أول,31,17,"الإصحاح الحادى والثلاثون
صموئيل أول,31,18,"الإصحاح الحادى والثلاثون
صموئيل أول,31,19,"الإصحاح الحادى والثلاثون
صموئيل أول,31,20,"الإصحاح الحادى والثلاثون
صموئيل أول,31,21,"الإصحاح الحادى والثلاثون
صموئيل أول,31,22,"الإصحاح الحادى والثلاثون
صموئيل أول,31,23,"الإصحاح الحادى والثلاثون
صموئيل أول,31,24,"الإصحاح الحادى والثلاثون
صموئيل أول,31,25,"الإصحاح الحادى والثلاثون
صموئيل أول,31,26,"الإصحاح الحادى والثلاثون
صموئيل أول,31,27,"الإصحاح الحادى والثلاثون
صموئيل أول,31,28,"الإصحاح الحادى والثلاثون
صموئيل أول,31,29,"الإصحاح الحادى والثلاثون
صموئيل أول,31,30,"الإصحاح الحادى والثلاثون
صموئيل أول,31,31,"الإصحاح الحادى والثلاثون
صموئيل أول,31,32,"الإصحاح الحادى والثلاثون
صموئيل أول,31,33,"الإصحاح الحادى والثلاثون
صموئيل أول,31,34,"الإصحاح الحادى والثلاثون
صموئيل أول,31,35,"الإصحاح الحادى والثلاثون
صموئيل أول,31,36,"الإصحاح الحادى والثلاثون
صموئيل أول,31,37,"الإصحاح الحادى والثلاثون
صموئيل أول,31,38,"الإصحاح الحادى والثلاثون
صموئيل أول,31,39,"الإصحاح الحادى والثلاثون
صموئيل أول,31,40,"الإصحاح الحادى والثلاثون
صموئيل أول,31,41,"الإصحاح الحادى والثلاثون
صموئيل أول,31,42,"الإصحاح الحادى والثلاثون
صموئيل أول,31,43,"الإصحاح الحادى والثلاثون
صموئيل أول,31,44,"الإصحاح الحادى والثلاثون
صموئيل أول,31,45,"الإصحاح الحادى والثلاثون
صموئيل أول,31,46,"الإصحاح الحادى والثلاثون
صموئيل أول,31,47,"الإصحاح الحادى والثلاثون
صموئيل أول,31,48,"الإصحاح الحادى والثلاثون
صموئيل أول,31,49,"الإصحاح الحادى والثلاثون
صموئيل أول,31,50,"الإصحاح الحادى والثلاثون
صموئيل أول,31,51,"الإصحاح الحادى والثلاثون
صموئيل أول,31,52,"الإصحاح الحادى والثلاثون
صموئيل أول,31,53,"الإصحاح الحادى والثلاثون
صموئيل أول,31,54,"الإصحاح الحادى والثلاثون
صموئيل أول,31,55,"الإصحاح الحادى والثلاثون
صموئيل أول,31,56,"الإصحاح الحادى والثلاثون
صموئيل أول,31,57,"الإصحاح الحادى والثلاثون
صموئيل أول,31,58,"الإصحاح الحادى والثلاثون
صموئيل أول,31,59,"الإصحاح الحادى والثلاثون
صموئيل أول,31,60,"الإصحاح الحادى والثلاثون
صموئيل أول,31,61,"الإصحاح الحادى والثلاثون
صموئيل أول,31,62,"الإصحاح الحادى والثلاثون
صموئيل أول,31,63,"الإصحاح الحادى والثلاثون
صموئيل أول,31,64,"الإصحاح الحادى والثلاثون
صموئيل أول,31,65,"الإصحاح الحادى والثلاثون
صموئيل أول,31,66,"الإصحاح الحادى والثلاثون
صموئيل أول,31,67,"الإصحاح الحادى والثلاثون
صموئيل أول,31,68,"الإصحاح الحادى والثلاثون
صموئيل أول,31,69,"الإصحاح الحادى والثلاثون
صموئيل أول,31,70,"الإصحاح الحادى والثلاثون
صموئيل أول,31,71,"الإصحاح الحادى والثلاثون
صموئيل أول,31,72,"الإصحاح الحادى والثلاثون
صموئيل أول,31,73,"الإصحاح الحادى والثلاثون
صموئيل أول,31,74,"الإصحاح الحادى والثلاثون
صموئيل أول,31,75,"الإصحاح الحادى والثلاثون
صموئيل أول,31,76,"الإصحاح الحادى والثلاثون
صموئيل أول,31,77,"الإصحاح الحادى والثلاثون
صموئيل أول,31,78,"الإصحاح الحادى والثلاثون
صموئيل أول,31,79,"الإصحاح الحادى والثلاثون
صموئيل أول,31,80,"الإصحاح الحادى والثلاثون
صموئيل أول,31,81,"الإصحاح الحادى والثلاثون
صموئيل أول,31,82,"الإصحاح الحادى والثلاثون
صموئيل أول,31,83,"الإصحاح الحادى والثلاثون
صموئيل أول,31,84,"الإصحاح الحادى والثلاثون
صموئيل أول,31,85,"الإصحاح الحادى والثلاثون
صموئيل أول,31,86,"الإصحاح الحادى والثلاثون
صموئيل أول,31,87,"الإصحاح الحادى والثلاثون
صموئيل أول,31,88,"الإصحاح الحادى والثلاثون
صموئيل أول,31,89,"الإصحاح الحادى والثلاثون
صموئيل أول,31,90,"الإصحاح الحادى والثلاثون
صموئيل أول,31,91,"الإصحاح الحادى والثلاثون
صموئيل أول,31,92,"الإصحاح الحادى والثلاثون
صموئيل أول,31,93,"الإصحاح الحادى والثلاثون
صموئيل أول,31,94,"الإصحاح الحادى والثلاثون
صموئيل أول,31,95,"الإصحاح الحادى والثلاثون
صموئيل أول,31,96,"الإصحاح الحادى والثلاثون
صموئيل أول,31,97,"الإصحاح الحادى والثلاثون
صموئيل أول,31,98,"الإصحاح الحادى والثلاثون
صموئيل أول,31,99,"الإصحاح الحادى والثلاثون