book,chapter,verse,tafsir
قضاة,1,1,"المقدمة
قضاة,1,1,"سفر يشوع يعلن ميراثنا أرض الموعد بيشوع الحقيقى وسفر القضاة يكشف عن الإلتزام بدوام الجهاد مادمنا في الجسد حتى نستولى على كنعان كلها\'a1 أي ننعم بكمال الوعد. ونجد في هذا الإصحاح أخبار متنوعة ففي الآيات (2-21) نرى غزو جنوب كنعان بواسطة يهوذا وفي الآيات (22-26) نرى إستيلاء سبط يوسف على بيت إيل وفي الآيات (27-36) قائمة المدن التي لم تستطع الأسباط الوسطى والشمالية طرد الكنعانيين منها. وبذلك نرى أن الله يسجل من جاهد ومن تقاعس فى إصحاح واحد ليشجعنا أن نجاهد ضد إبليس. فأمكانية هزيمة إبليس موجودة بشرط أن نجاهد ولا نتهاون.
قضاة,2,1,"الآيات (1-5): وصعد ملاك الرب من الجلجال إلى بوكيم وقال قد أصعدتكم من مصر وأتيت بكم إلى الأرض التي أقسمت لآبائكم وقلت لا انكث عهدي معكم إلى الأبد.و انتم فلا تقطعوا عهدا مع سكان هذه الأرض اهدموا مذابحهم ولم تسمعوا لصوتي فماذا عملتم. فقلت أيضا لا اطردهم من أمامكم بل يكونون لكم مضايقين وتكون آلهتهم لكم شركا. وكان لما تكلم ملاك الرب بهذا الكلام إلى جميع بني إسرائيل أن الشعب رفعوا صوتهم وبكوا. فدعوا اسم ذلك المكان بوكيم وذبحوا هناك للرب.
قضاة,2,2,"الآيات (1-5): وصعد ملاك الرب من الجلجال إلى بوكيم وقال قد أصعدتكم من مصر وأتيت بكم إلى الأرض التي أقسمت لآبائكم وقلت لا انكث عهدي معكم إلى الأبد.و انتم فلا تقطعوا عهدا مع سكان هذه الأرض اهدموا مذابحهم ولم تسمعوا لصوتي فماذا عملتم. فقلت أيضا لا اطردهم من أمامكم بل يكونون لكم مضايقين وتكون آلهتهم لكم شركا. وكان لما تكلم ملاك الرب بهذا الكلام إلى جميع بني إسرائيل أن الشعب رفعوا صوتهم وبكوا. فدعوا اسم ذلك المكان بوكيم وذبحوا هناك للرب.
قضاة,2,3,"الآيات (1-5): وصعد ملاك الرب من الجلجال إلى بوكيم وقال قد أصعدتكم من مصر وأتيت بكم إلى الأرض التي أقسمت لآبائكم وقلت لا انكث عهدي معكم إلى الأبد.و انتم فلا تقطعوا عهدا مع سكان هذه الأرض اهدموا مذابحهم ولم تسمعوا لصوتي فماذا عملتم. فقلت أيضا لا اطردهم من أمامكم بل يكونون لكم مضايقين وتكون آلهتهم لكم شركا. وكان لما تكلم ملاك الرب بهذا الكلام إلى جميع بني إسرائيل أن الشعب رفعوا صوتهم وبكوا. فدعوا اسم ذلك المكان بوكيم وذبحوا هناك للرب.
قضاة,2,4,"الآيات (1-5): وصعد ملاك الرب من الجلجال إلى بوكيم وقال قد أصعدتكم من مصر وأتيت بكم إلى الأرض التي أقسمت لآبائكم وقلت لا انكث عهدي معكم إلى الأبد.و انتم فلا تقطعوا عهدا مع سكان هذه الأرض اهدموا مذابحهم ولم تسمعوا لصوتي فماذا عملتم. فقلت أيضا لا اطردهم من أمامكم بل يكونون لكم مضايقين وتكون آلهتهم لكم شركا. وكان لما تكلم ملاك الرب بهذا الكلام إلى جميع بني إسرائيل أن الشعب رفعوا صوتهم وبكوا. فدعوا اسم ذلك المكان بوكيم وذبحوا هناك للرب.
قضاة,2,5,"الآيات (1-5): وصعد ملاك الرب من الجلجال إلى بوكيم وقال قد أصعدتكم من مصر وأتيت بكم إلى الأرض التي أقسمت لآبائكم وقلت لا انكث عهدي معكم إلى الأبد.و انتم فلا تقطعوا عهدا مع سكان هذه الأرض اهدموا مذابحهم ولم تسمعوا لصوتي فماذا عملتم. فقلت أيضا لا اطردهم من أمامكم بل يكونون لكم مضايقين وتكون آلهتهم لكم شركا. وكان لما تكلم ملاك الرب بهذا الكلام إلى جميع بني إسرائيل أن الشعب رفعوا صوتهم وبكوا. فدعوا اسم ذلك المكان بوكيم وذبحوا هناك للرب.
قضاة,2,6,"الآيات (1-5): وصعد ملاك الرب من الجلجال إلى بوكيم وقال قد أصعدتكم من مصر وأتيت بكم إلى الأرض التي أقسمت لآبائكم وقلت لا انكث عهدي معكم إلى الأبد.و انتم فلا تقطعوا عهدا مع سكان هذه الأرض اهدموا مذابحهم ولم تسمعوا لصوتي فماذا عملتم. فقلت أيضا لا اطردهم من أمامكم بل يكونون لكم مضايقين وتكون آلهتهم لكم شركا. وكان لما تكلم ملاك الرب بهذا الكلام إلى جميع بني إسرائيل أن الشعب رفعوا صوتهم وبكوا. فدعوا اسم ذلك المكان بوكيم وذبحوا هناك للرب.
قضاة,2,7,"الآيات (1-5): وصعد ملاك الرب من الجلجال إلى بوكيم وقال قد أصعدتكم من مصر وأتيت بكم إلى الأرض التي أقسمت لآبائكم وقلت لا انكث عهدي معكم إلى الأبد.و انتم فلا تقطعوا عهدا مع سكان هذه الأرض اهدموا مذابحهم ولم تسمعوا لصوتي فماذا عملتم. فقلت أيضا لا اطردهم من أمامكم بل يكونون لكم مضايقين وتكون آلهتهم لكم شركا. وكان لما تكلم ملاك الرب بهذا الكلام إلى جميع بني إسرائيل أن الشعب رفعوا صوتهم وبكوا. فدعوا اسم ذلك المكان بوكيم وذبحوا هناك للرب.
قضاة,2,8,"الآيات (1-5): وصعد ملاك الرب من الجلجال إلى بوكيم وقال قد أصعدتكم من مصر وأتيت بكم إلى الأرض التي أقسمت لآبائكم وقلت لا انكث عهدي معكم إلى الأبد.و انتم فلا تقطعوا عهدا مع سكان هذه الأرض اهدموا مذابحهم ولم تسمعوا لصوتي فماذا عملتم. فقلت أيضا لا اطردهم من أمامكم بل يكونون لكم مضايقين وتكون آلهتهم لكم شركا. وكان لما تكلم ملاك الرب بهذا الكلام إلى جميع بني إسرائيل أن الشعب رفعوا صوتهم وبكوا. فدعوا اسم ذلك المكان بوكيم وذبحوا هناك للرب.
قضاة,2,9,"الآيات (1-5): وصعد ملاك الرب من الجلجال إلى بوكيم وقال قد أصعدتكم من مصر وأتيت بكم إلى الأرض التي أقسمت لآبائكم وقلت لا انكث عهدي معكم إلى الأبد.و انتم فلا تقطعوا عهدا مع سكان هذه الأرض اهدموا مذابحهم ولم تسمعوا لصوتي فماذا عملتم. فقلت أيضا لا اطردهم من أمامكم بل يكونون لكم مضايقين وتكون آلهتهم لكم شركا. وكان لما تكلم ملاك الرب بهذا الكلام إلى جميع بني إسرائيل أن الشعب رفعوا صوتهم وبكوا. فدعوا اسم ذلك المكان بوكيم وذبحوا هناك للرب.
قضاة,2,10,"الآيات (1-5): وصعد ملاك الرب من الجلجال إلى بوكيم وقال قد أصعدتكم من مصر وأتيت بكم إلى الأرض التي أقسمت لآبائكم وقلت لا انكث عهدي معكم إلى الأبد.و انتم فلا تقطعوا عهدا مع سكان هذه الأرض اهدموا مذابحهم ولم تسمعوا لصوتي فماذا عملتم. فقلت أيضا لا اطردهم من أمامكم بل يكونون لكم مضايقين وتكون آلهتهم لكم شركا. وكان لما تكلم ملاك الرب بهذا الكلام إلى جميع بني إسرائيل أن الشعب رفعوا صوتهم وبكوا. فدعوا اسم ذلك المكان بوكيم وذبحوا هناك للرب.
قضاة,2,11,"الآيات (1-5): وصعد ملاك الرب من الجلجال إلى بوكيم وقال قد أصعدتكم من مصر وأتيت بكم إلى الأرض التي أقسمت لآبائكم وقلت لا انكث عهدي معكم إلى الأبد.و انتم فلا تقطعوا عهدا مع سكان هذه الأرض اهدموا مذابحهم ولم تسمعوا لصوتي فماذا عملتم. فقلت أيضا لا اطردهم من أمامكم بل يكونون لكم مضايقين وتكون آلهتهم لكم شركا. وكان لما تكلم ملاك الرب بهذا الكلام إلى جميع بني إسرائيل أن الشعب رفعوا صوتهم وبكوا. فدعوا اسم ذلك المكان بوكيم وذبحوا هناك للرب.
قضاة,2,12,"الآيات (1-5): وصعد ملاك الرب من الجلجال إلى بوكيم وقال قد أصعدتكم من مصر وأتيت بكم إلى الأرض التي أقسمت لآبائكم وقلت لا انكث عهدي معكم إلى الأبد.و انتم فلا تقطعوا عهدا مع سكان هذه الأرض اهدموا مذابحهم ولم تسمعوا لصوتي فماذا عملتم. فقلت أيضا لا اطردهم من أمامكم بل يكونون لكم مضايقين وتكون آلهتهم لكم شركا. وكان لما تكلم ملاك الرب بهذا الكلام إلى جميع بني إسرائيل أن الشعب رفعوا صوتهم وبكوا. فدعوا اسم ذلك المكان بوكيم وذبحوا هناك للرب.
قضاة,2,13,"الآيات (1-5): وصعد ملاك الرب من الجلجال إلى بوكيم وقال قد أصعدتكم من مصر وأتيت بكم إلى الأرض التي أقسمت لآبائكم وقلت لا انكث عهدي معكم إلى الأبد.و انتم فلا تقطعوا عهدا مع سكان هذه الأرض اهدموا مذابحهم ولم تسمعوا لصوتي فماذا عملتم. فقلت أيضا لا اطردهم من أمامكم بل يكونون لكم مضايقين وتكون آلهتهم لكم شركا. وكان لما تكلم ملاك الرب بهذا الكلام إلى جميع بني إسرائيل أن الشعب رفعوا صوتهم وبكوا. فدعوا اسم ذلك المكان بوكيم وذبحوا هناك للرب.
قضاة,2,14,"الآيات (1-5): وصعد ملاك الرب من الجلجال إلى بوكيم وقال قد أصعدتكم من مصر وأتيت بكم إلى الأرض التي أقسمت لآبائكم وقلت لا انكث عهدي معكم إلى الأبد.و انتم فلا تقطعوا عهدا مع سكان هذه الأرض اهدموا مذابحهم ولم تسمعوا لصوتي فماذا عملتم. فقلت أيضا لا اطردهم من أمامكم بل يكونون لكم مضايقين وتكون آلهتهم لكم شركا. وكان لما تكلم ملاك الرب بهذا الكلام إلى جميع بني إسرائيل أن الشعب رفعوا صوتهم وبكوا. فدعوا اسم ذلك المكان بوكيم وذبحوا هناك للرب.
قضاة,2,15,"الآيات (1-5): وصعد ملاك الرب من الجلجال إلى بوكيم وقال قد أصعدتكم من مصر وأتيت بكم إلى الأرض التي أقسمت لآبائكم وقلت لا انكث عهدي معكم إلى الأبد.و انتم فلا تقطعوا عهدا مع سكان هذه الأرض اهدموا مذابحهم ولم تسمعوا لصوتي فماذا عملتم. فقلت أيضا لا اطردهم من أمامكم بل يكونون لكم مضايقين وتكون آلهتهم لكم شركا. وكان لما تكلم ملاك الرب بهذا الكلام إلى جميع بني إسرائيل أن الشعب رفعوا صوتهم وبكوا. فدعوا اسم ذلك المكان بوكيم وذبحوا هناك للرب.
قضاة,2,16,"الآيات (1-5): وصعد ملاك الرب من الجلجال إلى بوكيم وقال قد أصعدتكم من مصر وأتيت بكم إلى الأرض التي أقسمت لآبائكم وقلت لا انكث عهدي معكم إلى الأبد.و انتم فلا تقطعوا عهدا مع سكان هذه الأرض اهدموا مذابحهم ولم تسمعوا لصوتي فماذا عملتم. فقلت أيضا لا اطردهم من أمامكم بل يكونون لكم مضايقين وتكون آلهتهم لكم شركا. وكان لما تكلم ملاك الرب بهذا الكلام إلى جميع بني إسرائيل أن الشعب رفعوا صوتهم وبكوا. فدعوا اسم ذلك المكان بوكيم وذبحوا هناك للرب.
قضاة,2,17,"الآيات (1-5): وصعد ملاك الرب من الجلجال إلى بوكيم وقال قد أصعدتكم من مصر وأتيت بكم إلى الأرض التي أقسمت لآبائكم وقلت لا انكث عهدي معكم إلى الأبد.و انتم فلا تقطعوا عهدا مع سكان هذه الأرض اهدموا مذابحهم ولم تسمعوا لصوتي فماذا عملتم. فقلت أيضا لا اطردهم من أمامكم بل يكونون لكم مضايقين وتكون آلهتهم لكم شركا. وكان لما تكلم ملاك الرب بهذا الكلام إلى جميع بني إسرائيل أن الشعب رفعوا صوتهم وبكوا. فدعوا اسم ذلك المكان بوكيم وذبحوا هناك للرب.
قضاة,2,18,"الآيات (1-5): وصعد ملاك الرب من الجلجال إلى بوكيم وقال قد أصعدتكم من مصر وأتيت بكم إلى الأرض التي أقسمت لآبائكم وقلت لا انكث عهدي معكم إلى الأبد.و انتم فلا تقطعوا عهدا مع سكان هذه الأرض اهدموا مذابحهم ولم تسمعوا لصوتي فماذا عملتم. فقلت أيضا لا اطردهم من أمامكم بل يكونون لكم مضايقين وتكون آلهتهم لكم شركا. وكان لما تكلم ملاك الرب بهذا الكلام إلى جميع بني إسرائيل أن الشعب رفعوا صوتهم وبكوا. فدعوا اسم ذلك المكان بوكيم وذبحوا هناك للرب.
قضاة,2,19,"الآيات (1-5): وصعد ملاك الرب من الجلجال إلى بوكيم وقال قد أصعدتكم من مصر وأتيت بكم إلى الأرض التي أقسمت لآبائكم وقلت لا انكث عهدي معكم إلى الأبد.و انتم فلا تقطعوا عهدا مع سكان هذه الأرض اهدموا مذابحهم ولم تسمعوا لصوتي فماذا عملتم. فقلت أيضا لا اطردهم من أمامكم بل يكونون لكم مضايقين وتكون آلهتهم لكم شركا. وكان لما تكلم ملاك الرب بهذا الكلام إلى جميع بني إسرائيل أن الشعب رفعوا صوتهم وبكوا. فدعوا اسم ذلك المكان بوكيم وذبحوا هناك للرب.
قضاة,2,20,"الآيات (1-5): وصعد ملاك الرب من الجلجال إلى بوكيم وقال قد أصعدتكم من مصر وأتيت بكم إلى الأرض التي أقسمت لآبائكم وقلت لا انكث عهدي معكم إلى الأبد.و انتم فلا تقطعوا عهدا مع سكان هذه الأرض اهدموا مذابحهم ولم تسمعوا لصوتي فماذا عملتم. فقلت أيضا لا اطردهم من أمامكم بل يكونون لكم مضايقين وتكون آلهتهم لكم شركا. وكان لما تكلم ملاك الرب بهذا الكلام إلى جميع بني إسرائيل أن الشعب رفعوا صوتهم وبكوا. فدعوا اسم ذلك المكان بوكيم وذبحوا هناك للرب.
قضاة,2,21,"الآيات (1-5): وصعد ملاك الرب من الجلجال إلى بوكيم وقال قد أصعدتكم من مصر وأتيت بكم إلى الأرض التي أقسمت لآبائكم وقلت لا انكث عهدي معكم إلى الأبد.و انتم فلا تقطعوا عهدا مع سكان هذه الأرض اهدموا مذابحهم ولم تسمعوا لصوتي فماذا عملتم. فقلت أيضا لا اطردهم من أمامكم بل يكونون لكم مضايقين وتكون آلهتهم لكم شركا. وكان لما تكلم ملاك الرب بهذا الكلام إلى جميع بني إسرائيل أن الشعب رفعوا صوتهم وبكوا. فدعوا اسم ذلك المكان بوكيم وذبحوا هناك للرب.
قضاة,2,22,"الآيات (1-5): وصعد ملاك الرب من الجلجال إلى بوكيم وقال قد أصعدتكم من مصر وأتيت بكم إلى الأرض التي أقسمت لآبائكم وقلت لا انكث عهدي معكم إلى الأبد.و انتم فلا تقطعوا عهدا مع سكان هذه الأرض اهدموا مذابحهم ولم تسمعوا لصوتي فماذا عملتم. فقلت أيضا لا اطردهم من أمامكم بل يكونون لكم مضايقين وتكون آلهتهم لكم شركا. وكان لما تكلم ملاك الرب بهذا الكلام إلى جميع بني إسرائيل أن الشعب رفعوا صوتهم وبكوا. فدعوا اسم ذلك المكان بوكيم وذبحوا هناك للرب.
قضاة,2,23,"الآيات (1-5): وصعد ملاك الرب من الجلجال إلى بوكيم وقال قد أصعدتكم من مصر وأتيت بكم إلى الأرض التي أقسمت لآبائكم وقلت لا انكث عهدي معكم إلى الأبد.و انتم فلا تقطعوا عهدا مع سكان هذه الأرض اهدموا مذابحهم ولم تسمعوا لصوتي فماذا عملتم. فقلت أيضا لا اطردهم من أمامكم بل يكونون لكم مضايقين وتكون آلهتهم لكم شركا. وكان لما تكلم ملاك الرب بهذا الكلام إلى جميع بني إسرائيل أن الشعب رفعوا صوتهم وبكوا. فدعوا اسم ذلك المكان بوكيم وذبحوا هناك للرب.
قضاة,2,24,"الآيات (1-5): وصعد ملاك الرب من الجلجال إلى بوكيم وقال قد أصعدتكم من مصر وأتيت بكم إلى الأرض التي أقسمت لآبائكم وقلت لا انكث عهدي معكم إلى الأبد.و انتم فلا تقطعوا عهدا مع سكان هذه الأرض اهدموا مذابحهم ولم تسمعوا لصوتي فماذا عملتم. فقلت أيضا لا اطردهم من أمامكم بل يكونون لكم مضايقين وتكون آلهتهم لكم شركا. وكان لما تكلم ملاك الرب بهذا الكلام إلى جميع بني إسرائيل أن الشعب رفعوا صوتهم وبكوا. فدعوا اسم ذلك المكان بوكيم وذبحوا هناك للرب.
قضاة,2,25,"الآيات (1-5): وصعد ملاك الرب من الجلجال إلى بوكيم وقال قد أصعدتكم من مصر وأتيت بكم إلى الأرض التي أقسمت لآبائكم وقلت لا انكث عهدي معكم إلى الأبد.و انتم فلا تقطعوا عهدا مع سكان هذه الأرض اهدموا مذابحهم ولم تسمعوا لصوتي فماذا عملتم. فقلت أيضا لا اطردهم من أمامكم بل يكونون لكم مضايقين وتكون آلهتهم لكم شركا. وكان لما تكلم ملاك الرب بهذا الكلام إلى جميع بني إسرائيل أن الشعب رفعوا صوتهم وبكوا. فدعوا اسم ذلك المكان بوكيم وذبحوا هناك للرب.
قضاة,2,26,"الآيات (1-5): وصعد ملاك الرب من الجلجال إلى بوكيم وقال قد أصعدتكم من مصر وأتيت بكم إلى الأرض التي أقسمت لآبائكم وقلت لا انكث عهدي معكم إلى الأبد.و انتم فلا تقطعوا عهدا مع سكان هذه الأرض اهدموا مذابحهم ولم تسمعوا لصوتي فماذا عملتم. فقلت أيضا لا اطردهم من أمامكم بل يكونون لكم مضايقين وتكون آلهتهم لكم شركا. وكان لما تكلم ملاك الرب بهذا الكلام إلى جميع بني إسرائيل أن الشعب رفعوا صوتهم وبكوا. فدعوا اسم ذلك المكان بوكيم وذبحوا هناك للرب.
قضاة,2,27,"الآيات (1-5): وصعد ملاك الرب من الجلجال إلى بوكيم وقال قد أصعدتكم من مصر وأتيت بكم إلى الأرض التي أقسمت لآبائكم وقلت لا انكث عهدي معكم إلى الأبد.و انتم فلا تقطعوا عهدا مع سكان هذه الأرض اهدموا مذابحهم ولم تسمعوا لصوتي فماذا عملتم. فقلت أيضا لا اطردهم من أمامكم بل يكونون لكم مضايقين وتكون آلهتهم لكم شركا. وكان لما تكلم ملاك الرب بهذا الكلام إلى جميع بني إسرائيل أن الشعب رفعوا صوتهم وبكوا. فدعوا اسم ذلك المكان بوكيم وذبحوا هناك للرب.
قضاة,2,28,"الآيات (1-5): وصعد ملاك الرب من الجلجال إلى بوكيم وقال قد أصعدتكم من مصر وأتيت بكم إلى الأرض التي أقسمت لآبائكم وقلت لا انكث عهدي معكم إلى الأبد.و انتم فلا تقطعوا عهدا مع سكان هذه الأرض اهدموا مذابحهم ولم تسمعوا لصوتي فماذا عملتم. فقلت أيضا لا اطردهم من أمامكم بل يكونون لكم مضايقين وتكون آلهتهم لكم شركا. وكان لما تكلم ملاك الرب بهذا الكلام إلى جميع بني إسرائيل أن الشعب رفعوا صوتهم وبكوا. فدعوا اسم ذلك المكان بوكيم وذبحوا هناك للرب.
قضاة,2,29,"الآيات (1-5): وصعد ملاك الرب من الجلجال إلى بوكيم وقال قد أصعدتكم من مصر وأتيت بكم إلى الأرض التي أقسمت لآبائكم وقلت لا انكث عهدي معكم إلى الأبد.و انتم فلا تقطعوا عهدا مع سكان هذه الأرض اهدموا مذابحهم ولم تسمعوا لصوتي فماذا عملتم. فقلت أيضا لا اطردهم من أمامكم بل يكونون لكم مضايقين وتكون آلهتهم لكم شركا. وكان لما تكلم ملاك الرب بهذا الكلام إلى جميع بني إسرائيل أن الشعب رفعوا صوتهم وبكوا. فدعوا اسم ذلك المكان بوكيم وذبحوا هناك للرب.
قضاة,2,30,"الآيات (1-5): وصعد ملاك الرب من الجلجال إلى بوكيم وقال قد أصعدتكم من مصر وأتيت بكم إلى الأرض التي أقسمت لآبائكم وقلت لا انكث عهدي معكم إلى الأبد.و انتم فلا تقطعوا عهدا مع سكان هذه الأرض اهدموا مذابحهم ولم تسمعوا لصوتي فماذا عملتم. فقلت أيضا لا اطردهم من أمامكم بل يكونون لكم مضايقين وتكون آلهتهم لكم شركا. وكان لما تكلم ملاك الرب بهذا الكلام إلى جميع بني إسرائيل أن الشعب رفعوا صوتهم وبكوا. فدعوا اسم ذلك المكان بوكيم وذبحوا هناك للرب.
قضاة,2,31,"الآيات (1-5): وصعد ملاك الرب من الجلجال إلى بوكيم وقال قد أصعدتكم من مصر وأتيت بكم إلى الأرض التي أقسمت لآبائكم وقلت لا انكث عهدي معكم إلى الأبد.و انتم فلا تقطعوا عهدا مع سكان هذه الأرض اهدموا مذابحهم ولم تسمعوا لصوتي فماذا عملتم. فقلت أيضا لا اطردهم من أمامكم بل يكونون لكم مضايقين وتكون آلهتهم لكم شركا. وكان لما تكلم ملاك الرب بهذا الكلام إلى جميع بني إسرائيل أن الشعب رفعوا صوتهم وبكوا. فدعوا اسم ذلك المكان بوكيم وذبحوا هناك للرب.
قضاة,2,32,"الآيات (1-5): وصعد ملاك الرب من الجلجال إلى بوكيم وقال قد أصعدتكم من مصر وأتيت بكم إلى الأرض التي أقسمت لآبائكم وقلت لا انكث عهدي معكم إلى الأبد.و انتم فلا تقطعوا عهدا مع سكان هذه الأرض اهدموا مذابحهم ولم تسمعوا لصوتي فماذا عملتم. فقلت أيضا لا اطردهم من أمامكم بل يكونون لكم مضايقين وتكون آلهتهم لكم شركا. وكان لما تكلم ملاك الرب بهذا الكلام إلى جميع بني إسرائيل أن الشعب رفعوا صوتهم وبكوا. فدعوا اسم ذلك المكان بوكيم وذبحوا هناك للرب.
قضاة,2,33,"الآيات (1-5): وصعد ملاك الرب من الجلجال إلى بوكيم وقال قد أصعدتكم من مصر وأتيت بكم إلى الأرض التي أقسمت لآبائكم وقلت لا انكث عهدي معكم إلى الأبد.و انتم فلا تقطعوا عهدا مع سكان هذه الأرض اهدموا مذابحهم ولم تسمعوا لصوتي فماذا عملتم. فقلت أيضا لا اطردهم من أمامكم بل يكونون لكم مضايقين وتكون آلهتهم لكم شركا. وكان لما تكلم ملاك الرب بهذا الكلام إلى جميع بني إسرائيل أن الشعب رفعوا صوتهم وبكوا. فدعوا اسم ذلك المكان بوكيم وذبحوا هناك للرب.
قضاة,2,34,"الآيات (1-5): وصعد ملاك الرب من الجلجال إلى بوكيم وقال قد أصعدتكم من مصر وأتيت بكم إلى الأرض التي أقسمت لآبائكم وقلت لا انكث عهدي معكم إلى الأبد.و انتم فلا تقطعوا عهدا مع سكان هذه الأرض اهدموا مذابحهم ولم تسمعوا لصوتي فماذا عملتم. فقلت أيضا لا اطردهم من أمامكم بل يكونون لكم مضايقين وتكون آلهتهم لكم شركا. وكان لما تكلم ملاك الرب بهذا الكلام إلى جميع بني إسرائيل أن الشعب رفعوا صوتهم وبكوا. فدعوا اسم ذلك المكان بوكيم وذبحوا هناك للرب.
قضاة,2,35,"الآيات (1-5): وصعد ملاك الرب من الجلجال إلى بوكيم وقال قد أصعدتكم من مصر وأتيت بكم إلى الأرض التي أقسمت لآبائكم وقلت لا انكث عهدي معكم إلى الأبد.و انتم فلا تقطعوا عهدا مع سكان هذه الأرض اهدموا مذابحهم ولم تسمعوا لصوتي فماذا عملتم. فقلت أيضا لا اطردهم من أمامكم بل يكونون لكم مضايقين وتكون آلهتهم لكم شركا. وكان لما تكلم ملاك الرب بهذا الكلام إلى جميع بني إسرائيل أن الشعب رفعوا صوتهم وبكوا. فدعوا اسم ذلك المكان بوكيم وذبحوا هناك للرب.
قضاة,2,36,"الآيات (1-5): وصعد ملاك الرب من الجلجال إلى بوكيم وقال قد أصعدتكم من مصر وأتيت بكم إلى الأرض التي أقسمت لآبائكم وقلت لا انكث عهدي معكم إلى الأبد.و انتم فلا تقطعوا عهدا مع سكان هذه الأرض اهدموا مذابحهم ولم تسمعوا لصوتي فماذا عملتم. فقلت أيضا لا اطردهم من أمامكم بل يكونون لكم مضايقين وتكون آلهتهم لكم شركا. وكان لما تكلم ملاك الرب بهذا الكلام إلى جميع بني إسرائيل أن الشعب رفعوا صوتهم وبكوا. فدعوا اسم ذلك المكان بوكيم وذبحوا هناك للرب.
قضاة,2,37,"الآيات (1-5): وصعد ملاك الرب من الجلجال إلى بوكيم وقال قد أصعدتكم من مصر وأتيت بكم إلى الأرض التي أقسمت لآبائكم وقلت لا انكث عهدي معكم إلى الأبد.و انتم فلا تقطعوا عهدا مع سكان هذه الأرض اهدموا مذابحهم ولم تسمعوا لصوتي فماذا عملتم. فقلت أيضا لا اطردهم من أمامكم بل يكونون لكم مضايقين وتكون آلهتهم لكم شركا. وكان لما تكلم ملاك الرب بهذا الكلام إلى جميع بني إسرائيل أن الشعب رفعوا صوتهم وبكوا. فدعوا اسم ذلك المكان بوكيم وذبحوا هناك للرب.
قضاة,2,38,"الآيات (1-5): وصعد ملاك الرب من الجلجال إلى بوكيم وقال قد أصعدتكم من مصر وأتيت بكم إلى الأرض التي أقسمت لآبائكم وقلت لا انكث عهدي معكم إلى الأبد.و انتم فلا تقطعوا عهدا مع سكان هذه الأرض اهدموا مذابحهم ولم تسمعوا لصوتي فماذا عملتم. فقلت أيضا لا اطردهم من أمامكم بل يكونون لكم مضايقين وتكون آلهتهم لكم شركا. وكان لما تكلم ملاك الرب بهذا الكلام إلى جميع بني إسرائيل أن الشعب رفعوا صوتهم وبكوا. فدعوا اسم ذلك المكان بوكيم وذبحوا هناك للرب.
قضاة,2,39,"الآيات (1-5): وصعد ملاك الرب من الجلجال إلى بوكيم وقال قد أصعدتكم من مصر وأتيت بكم إلى الأرض التي أقسمت لآبائكم وقلت لا انكث عهدي معكم إلى الأبد.و انتم فلا تقطعوا عهدا مع سكان هذه الأرض اهدموا مذابحهم ولم تسمعوا لصوتي فماذا عملتم. فقلت أيضا لا اطردهم من أمامكم بل يكونون لكم مضايقين وتكون آلهتهم لكم شركا. وكان لما تكلم ملاك الرب بهذا الكلام إلى جميع بني إسرائيل أن الشعب رفعوا صوتهم وبكوا. فدعوا اسم ذلك المكان بوكيم وذبحوا هناك للرب.
قضاة,2,40,"الآيات (1-5): وصعد ملاك الرب من الجلجال إلى بوكيم وقال قد أصعدتكم من مصر وأتيت بكم إلى الأرض التي أقسمت لآبائكم وقلت لا انكث عهدي معكم إلى الأبد.و انتم فلا تقطعوا عهدا مع سكان هذه الأرض اهدموا مذابحهم ولم تسمعوا لصوتي فماذا عملتم. فقلت أيضا لا اطردهم من أمامكم بل يكونون لكم مضايقين وتكون آلهتهم لكم شركا. وكان لما تكلم ملاك الرب بهذا الكلام إلى جميع بني إسرائيل أن الشعب رفعوا صوتهم وبكوا. فدعوا اسم ذلك المكان بوكيم وذبحوا هناك للرب.
قضاة,2,41,"الآيات (1-5): وصعد ملاك الرب من الجلجال إلى بوكيم وقال قد أصعدتكم من مصر وأتيت بكم إلى الأرض التي أقسمت لآبائكم وقلت لا انكث عهدي معكم إلى الأبد.و انتم فلا تقطعوا عهدا مع سكان هذه الأرض اهدموا مذابحهم ولم تسمعوا لصوتي فماذا عملتم. فقلت أيضا لا اطردهم من أمامكم بل يكونون لكم مضايقين وتكون آلهتهم لكم شركا. وكان لما تكلم ملاك الرب بهذا الكلام إلى جميع بني إسرائيل أن الشعب رفعوا صوتهم وبكوا. فدعوا اسم ذلك المكان بوكيم وذبحوا هناك للرب.
قضاة,2,42,"الآيات (1-5): وصعد ملاك الرب من الجلجال إلى بوكيم وقال قد أصعدتكم من مصر وأتيت بكم إلى الأرض التي أقسمت لآبائكم وقلت لا انكث عهدي معكم إلى الأبد.و انتم فلا تقطعوا عهدا مع سكان هذه الأرض اهدموا مذابحهم ولم تسمعوا لصوتي فماذا عملتم. فقلت أيضا لا اطردهم من أمامكم بل يكونون لكم مضايقين وتكون آلهتهم لكم شركا. وكان لما تكلم ملاك الرب بهذا الكلام إلى جميع بني إسرائيل أن الشعب رفعوا صوتهم وبكوا. فدعوا اسم ذلك المكان بوكيم وذبحوا هناك للرب.
قضاة,2,43,"الآيات (1-5): وصعد ملاك الرب من الجلجال إلى بوكيم وقال قد أصعدتكم من مصر وأتيت بكم إلى الأرض التي أقسمت لآبائكم وقلت لا انكث عهدي معكم إلى الأبد.و انتم فلا تقطعوا عهدا مع سكان هذه الأرض اهدموا مذابحهم ولم تسمعوا لصوتي فماذا عملتم. فقلت أيضا لا اطردهم من أمامكم بل يكونون لكم مضايقين وتكون آلهتهم لكم شركا. وكان لما تكلم ملاك الرب بهذا الكلام إلى جميع بني إسرائيل أن الشعب رفعوا صوتهم وبكوا. فدعوا اسم ذلك المكان بوكيم وذبحوا هناك للرب.
قضاة,2,44,"الآيات (1-5): وصعد ملاك الرب من الجلجال إلى بوكيم وقال قد أصعدتكم من مصر وأتيت بكم إلى الأرض التي أقسمت لآبائكم وقلت لا انكث عهدي معكم إلى الأبد.و انتم فلا تقطعوا عهدا مع سكان هذه الأرض اهدموا مذابحهم ولم تسمعوا لصوتي فماذا عملتم. فقلت أيضا لا اطردهم من أمامكم بل يكونون لكم مضايقين وتكون آلهتهم لكم شركا. وكان لما تكلم ملاك الرب بهذا الكلام إلى جميع بني إسرائيل أن الشعب رفعوا صوتهم وبكوا. فدعوا اسم ذلك المكان بوكيم وذبحوا هناك للرب.
قضاة,2,45,"الآيات (1-5): وصعد ملاك الرب من الجلجال إلى بوكيم وقال قد أصعدتكم من مصر وأتيت بكم إلى الأرض التي أقسمت لآبائكم وقلت لا انكث عهدي معكم إلى الأبد.و انتم فلا تقطعوا عهدا مع سكان هذه الأرض اهدموا مذابحهم ولم تسمعوا لصوتي فماذا عملتم. فقلت أيضا لا اطردهم من أمامكم بل يكونون لكم مضايقين وتكون آلهتهم لكم شركا. وكان لما تكلم ملاك الرب بهذا الكلام إلى جميع بني إسرائيل أن الشعب رفعوا صوتهم وبكوا. فدعوا اسم ذلك المكان بوكيم وذبحوا هناك للرب.
قضاة,2,46,"الآيات (1-5): وصعد ملاك الرب من الجلجال إلى بوكيم وقال قد أصعدتكم من مصر وأتيت بكم إلى الأرض التي أقسمت لآبائكم وقلت لا انكث عهدي معكم إلى الأبد.و انتم فلا تقطعوا عهدا مع سكان هذه الأرض اهدموا مذابحهم ولم تسمعوا لصوتي فماذا عملتم. فقلت أيضا لا اطردهم من أمامكم بل يكونون لكم مضايقين وتكون آلهتهم لكم شركا. وكان لما تكلم ملاك الرب بهذا الكلام إلى جميع بني إسرائيل أن الشعب رفعوا صوتهم وبكوا. فدعوا اسم ذلك المكان بوكيم وذبحوا هناك للرب.
قضاة,2,47,"الآيات (1-5): وصعد ملاك الرب من الجلجال إلى بوكيم وقال قد أصعدتكم من مصر وأتيت بكم إلى الأرض التي أقسمت لآبائكم وقلت لا انكث عهدي معكم إلى الأبد.و انتم فلا تقطعوا عهدا مع سكان هذه الأرض اهدموا مذابحهم ولم تسمعوا لصوتي فماذا عملتم. فقلت أيضا لا اطردهم من أمامكم بل يكونون لكم مضايقين وتكون آلهتهم لكم شركا. وكان لما تكلم ملاك الرب بهذا الكلام إلى جميع بني إسرائيل أن الشعب رفعوا صوتهم وبكوا. فدعوا اسم ذلك المكان بوكيم وذبحوا هناك للرب.
قضاة,2,48,"الآيات (1-5): وصعد ملاك الرب من الجلجال إلى بوكيم وقال قد أصعدتكم من مصر وأتيت بكم إلى الأرض التي أقسمت لآبائكم وقلت لا انكث عهدي معكم إلى الأبد.و انتم فلا تقطعوا عهدا مع سكان هذه الأرض اهدموا مذابحهم ولم تسمعوا لصوتي فماذا عملتم. فقلت أيضا لا اطردهم من أمامكم بل يكونون لكم مضايقين وتكون آلهتهم لكم شركا. وكان لما تكلم ملاك الرب بهذا الكلام إلى جميع بني إسرائيل أن الشعب رفعوا صوتهم وبكوا. فدعوا اسم ذلك المكان بوكيم وذبحوا هناك للرب.
قضاة,2,49,"الآيات (1-5): وصعد ملاك الرب من الجلجال إلى بوكيم وقال قد أصعدتكم من مصر وأتيت بكم إلى الأرض التي أقسمت لآبائكم وقلت لا انكث عهدي معكم إلى الأبد.و انتم فلا تقطعوا عهدا مع سكان هذه الأرض اهدموا مذابحهم ولم تسمعوا لصوتي فماذا عملتم. فقلت أيضا لا اطردهم من أمامكم بل يكونون لكم مضايقين وتكون آلهتهم لكم شركا. وكان لما تكلم ملاك الرب بهذا الكلام إلى جميع بني إسرائيل أن الشعب رفعوا صوتهم وبكوا. فدعوا اسم ذلك المكان بوكيم وذبحوا هناك للرب.
قضاة,2,50,"الآيات (1-5): وصعد ملاك الرب من الجلجال إلى بوكيم وقال قد أصعدتكم من مصر وأتيت بكم إلى الأرض التي أقسمت لآبائكم وقلت لا انكث عهدي معكم إلى الأبد.و انتم فلا تقطعوا عهدا مع سكان هذه الأرض اهدموا مذابحهم ولم تسمعوا لصوتي فماذا عملتم. فقلت أيضا لا اطردهم من أمامكم بل يكونون لكم مضايقين وتكون آلهتهم لكم شركا. وكان لما تكلم ملاك الرب بهذا الكلام إلى جميع بني إسرائيل أن الشعب رفعوا صوتهم وبكوا. فدعوا اسم ذلك المكان بوكيم وذبحوا هناك للرب.
قضاة,2,51,"الآيات (1-5): وصعد ملاك الرب من الجلجال إلى بوكيم وقال قد أصعدتكم من مصر وأتيت بكم إلى الأرض التي أقسمت لآبائكم وقلت لا انكث عهدي معكم إلى الأبد.و انتم فلا تقطعوا عهدا مع سكان هذه الأرض اهدموا مذابحهم ولم تسمعوا لصوتي فماذا عملتم. فقلت أيضا لا اطردهم من أمامكم بل يكونون لكم مضايقين وتكون آلهتهم لكم شركا. وكان لما تكلم ملاك الرب بهذا الكلام إلى جميع بني إسرائيل أن الشعب رفعوا صوتهم وبكوا. فدعوا اسم ذلك المكان بوكيم وذبحوا هناك للرب.
قضاة,2,52,"الآيات (1-5): وصعد ملاك الرب من الجلجال إلى بوكيم وقال قد أصعدتكم من مصر وأتيت بكم إلى الأرض التي أقسمت لآبائكم وقلت لا انكث عهدي معكم إلى الأبد.و انتم فلا تقطعوا عهدا مع سكان هذه الأرض اهدموا مذابحهم ولم تسمعوا لصوتي فماذا عملتم. فقلت أيضا لا اطردهم من أمامكم بل يكونون لكم مضايقين وتكون آلهتهم لكم شركا. وكان لما تكلم ملاك الرب بهذا الكلام إلى جميع بني إسرائيل أن الشعب رفعوا صوتهم وبكوا. فدعوا اسم ذلك المكان بوكيم وذبحوا هناك للرب.
قضاة,2,53,"الآيات (1-5): وصعد ملاك الرب من الجلجال إلى بوكيم وقال قد أصعدتكم من مصر وأتيت بكم إلى الأرض التي أقسمت لآبائكم وقلت لا انكث عهدي معكم إلى الأبد.و انتم فلا تقطعوا عهدا مع سكان هذه الأرض اهدموا مذابحهم ولم تسمعوا لصوتي فماذا عملتم. فقلت أيضا لا اطردهم من أمامكم بل يكونون لكم مضايقين وتكون آلهتهم لكم شركا. وكان لما تكلم ملاك الرب بهذا الكلام إلى جميع بني إسرائيل أن الشعب رفعوا صوتهم وبكوا. فدعوا اسم ذلك المكان بوكيم وذبحوا هناك للرب.
قضاة,2,54,"الآيات (1-5): وصعد ملاك الرب من الجلجال إلى بوكيم وقال قد أصعدتكم من مصر وأتيت بكم إلى الأرض التي أقسمت لآبائكم وقلت لا انكث عهدي معكم إلى الأبد.و انتم فلا تقطعوا عهدا مع سكان هذه الأرض اهدموا مذابحهم ولم تسمعوا لصوتي فماذا عملتم. فقلت أيضا لا اطردهم من أمامكم بل يكونون لكم مضايقين وتكون آلهتهم لكم شركا. وكان لما تكلم ملاك الرب بهذا الكلام إلى جميع بني إسرائيل أن الشعب رفعوا صوتهم وبكوا. فدعوا اسم ذلك المكان بوكيم وذبحوا هناك للرب.
قضاة,2,55,"الآيات (1-5): وصعد ملاك الرب من الجلجال إلى بوكيم وقال قد أصعدتكم من مصر وأتيت بكم إلى الأرض التي أقسمت لآبائكم وقلت لا انكث عهدي معكم إلى الأبد.و انتم فلا تقطعوا عهدا مع سكان هذه الأرض اهدموا مذابحهم ولم تسمعوا لصوتي فماذا عملتم. فقلت أيضا لا اطردهم من أمامكم بل يكونون لكم مضايقين وتكون آلهتهم لكم شركا. وكان لما تكلم ملاك الرب بهذا الكلام إلى جميع بني إسرائيل أن الشعب رفعوا صوتهم وبكوا. فدعوا اسم ذلك المكان بوكيم وذبحوا هناك للرب.
قضاة,2,56,"الآيات (1-5): وصعد ملاك الرب من الجلجال إلى بوكيم وقال قد أصعدتكم من مصر وأتيت بكم إلى الأرض التي أقسمت لآبائكم وقلت لا انكث عهدي معكم إلى الأبد.و انتم فلا تقطعوا عهدا مع سكان هذه الأرض اهدموا مذابحهم ولم تسمعوا لصوتي فماذا عملتم. فقلت أيضا لا اطردهم من أمامكم بل يكونون لكم مضايقين وتكون آلهتهم لكم شركا. وكان لما تكلم ملاك الرب بهذا الكلام إلى جميع بني إسرائيل أن الشعب رفعوا صوتهم وبكوا. فدعوا اسم ذلك المكان بوكيم وذبحوا هناك للرب.
قضاة,2,57,"الآيات (1-5): وصعد ملاك الرب من الجلجال إلى بوكيم وقال قد أصعدتكم من مصر وأتيت بكم إلى الأرض التي أقسمت لآبائكم وقلت لا انكث عهدي معكم إلى الأبد.و انتم فلا تقطعوا عهدا مع سكان هذه الأرض اهدموا مذابحهم ولم تسمعوا لصوتي فماذا عملتم. فقلت أيضا لا اطردهم من أمامكم بل يكونون لكم مضايقين وتكون آلهتهم لكم شركا. وكان لما تكلم ملاك الرب بهذا الكلام إلى جميع بني إسرائيل أن الشعب رفعوا صوتهم وبكوا. فدعوا اسم ذلك المكان بوكيم وذبحوا هناك للرب.
قضاة,2,58,"الآيات (1-5): وصعد ملاك الرب من الجلجال إلى بوكيم وقال قد أصعدتكم من مصر وأتيت بكم إلى الأرض التي أقسمت لآبائكم وقلت لا انكث عهدي معكم إلى الأبد.و انتم فلا تقطعوا عهدا مع سكان هذه الأرض اهدموا مذابحهم ولم تسمعوا لصوتي فماذا عملتم. فقلت أيضا لا اطردهم من أمامكم بل يكونون لكم مضايقين وتكون آلهتهم لكم شركا. وكان لما تكلم ملاك الرب بهذا الكلام إلى جميع بني إسرائيل أن الشعب رفعوا صوتهم وبكوا. فدعوا اسم ذلك المكان بوكيم وذبحوا هناك للرب.
قضاة,2,59,"الآيات (1-5): وصعد ملاك الرب من الجلجال إلى بوكيم وقال قد أصعدتكم من مصر وأتيت بكم إلى الأرض التي أقسمت لآبائكم وقلت لا انكث عهدي معكم إلى الأبد.و انتم فلا تقطعوا عهدا مع سكان هذه الأرض اهدموا مذابحهم ولم تسمعوا لصوتي فماذا عملتم. فقلت أيضا لا اطردهم من أمامكم بل يكونون لكم مضايقين وتكون آلهتهم لكم شركا. وكان لما تكلم ملاك الرب بهذا الكلام إلى جميع بني إسرائيل أن الشعب رفعوا صوتهم وبكوا. فدعوا اسم ذلك المكان بوكيم وذبحوا هناك للرب.
قضاة,2,60,"الآيات (1-5): وصعد ملاك الرب من الجلجال إلى بوكيم وقال قد أصعدتكم من مصر وأتيت بكم إلى الأرض التي أقسمت لآبائكم وقلت لا انكث عهدي معكم إلى الأبد.و انتم فلا تقطعوا عهدا مع سكان هذه الأرض اهدموا مذابحهم ولم تسمعوا لصوتي فماذا عملتم. فقلت أيضا لا اطردهم من أمامكم بل يكونون لكم مضايقين وتكون آلهتهم لكم شركا. وكان لما تكلم ملاك الرب بهذا الكلام إلى جميع بني إسرائيل أن الشعب رفعوا صوتهم وبكوا. فدعوا اسم ذلك المكان بوكيم وذبحوا هناك للرب.
قضاة,2,61,"الآيات (1-5): وصعد ملاك الرب من الجلجال إلى بوكيم وقال قد أصعدتكم من مصر وأتيت بكم إلى الأرض التي أقسمت لآبائكم وقلت لا انكث عهدي معكم إلى الأبد.و انتم فلا تقطعوا عهدا مع سكان هذه الأرض اهدموا مذابحهم ولم تسمعوا لصوتي فماذا عملتم. فقلت أيضا لا اطردهم من أمامكم بل يكونون لكم مضايقين وتكون آلهتهم لكم شركا. وكان لما تكلم ملاك الرب بهذا الكلام إلى جميع بني إسرائيل أن الشعب رفعوا صوتهم وبكوا. فدعوا اسم ذلك المكان بوكيم وذبحوا هناك للرب.
قضاة,2,62,"الآيات (1-5): وصعد ملاك الرب من الجلجال إلى بوكيم وقال قد أصعدتكم من مصر وأتيت بكم إلى الأرض التي أقسمت لآبائكم وقلت لا انكث عهدي معكم إلى الأبد.و انتم فلا تقطعوا عهدا مع سكان هذه الأرض اهدموا مذابحهم ولم تسمعوا لصوتي فماذا عملتم. فقلت أيضا لا اطردهم من أمامكم بل يكونون لكم مضايقين وتكون آلهتهم لكم شركا. وكان لما تكلم ملاك الرب بهذا الكلام إلى جميع بني إسرائيل أن الشعب رفعوا صوتهم وبكوا. فدعوا اسم ذلك المكان بوكيم وذبحوا هناك للرب.
قضاة,2,63,"الآيات (1-5): وصعد ملاك الرب من الجلجال إلى بوكيم وقال قد أصعدتكم من مصر وأتيت بكم إلى الأرض التي أقسمت لآبائكم وقلت لا انكث عهدي معكم إلى الأبد.و انتم فلا تقطعوا عهدا مع سكان هذه الأرض اهدموا مذابحهم ولم تسمعوا لصوتي فماذا عملتم. فقلت أيضا لا اطردهم من أمامكم بل يكونون لكم مضايقين وتكون آلهتهم لكم شركا. وكان لما تكلم ملاك الرب بهذا الكلام إلى جميع بني إسرائيل أن الشعب رفعوا صوتهم وبكوا. فدعوا اسم ذلك المكان بوكيم وذبحوا هناك للرب.
قضاة,2,64,"الآيات (1-5): وصعد ملاك الرب من الجلجال إلى بوكيم وقال قد أصعدتكم من مصر وأتيت بكم إلى الأرض التي أقسمت لآبائكم وقلت لا انكث عهدي معكم إلى الأبد.و انتم فلا تقطعوا عهدا مع سكان هذه الأرض اهدموا مذابحهم ولم تسمعوا لصوتي فماذا عملتم. فقلت أيضا لا اطردهم من أمامكم بل يكونون لكم مضايقين وتكون آلهتهم لكم شركا. وكان لما تكلم ملاك الرب بهذا الكلام إلى جميع بني إسرائيل أن الشعب رفعوا صوتهم وبكوا. فدعوا اسم ذلك المكان بوكيم وذبحوا هناك للرب.
قضاة,2,65,"الآيات (1-5): وصعد ملاك الرب من الجلجال إلى بوكيم وقال قد أصعدتكم من مصر وأتيت بكم إلى الأرض التي أقسمت لآبائكم وقلت لا انكث عهدي معكم إلى الأبد.و انتم فلا تقطعوا عهدا مع سكان هذه الأرض اهدموا مذابحهم ولم تسمعوا لصوتي فماذا عملتم. فقلت أيضا لا اطردهم من أمامكم بل يكونون لكم مضايقين وتكون آلهتهم لكم شركا. وكان لما تكلم ملاك الرب بهذا الكلام إلى جميع بني إسرائيل أن الشعب رفعوا صوتهم وبكوا. فدعوا اسم ذلك المكان بوكيم وذبحوا هناك للرب.
قضاة,2,66,"الآيات (1-5): وصعد ملاك الرب من الجلجال إلى بوكيم وقال قد أصعدتكم من مصر وأتيت بكم إلى الأرض التي أقسمت لآبائكم وقلت لا انكث عهدي معكم إلى الأبد.و انتم فلا تقطعوا عهدا مع سكان هذه الأرض اهدموا مذابحهم ولم تسمعوا لصوتي فماذا عملتم. فقلت أيضا لا اطردهم من أمامكم بل يكونون لكم مضايقين وتكون آلهتهم لكم شركا. وكان لما تكلم ملاك الرب بهذا الكلام إلى جميع بني إسرائيل أن الشعب رفعوا صوتهم وبكوا. فدعوا اسم ذلك المكان بوكيم وذبحوا هناك للرب.
قضاة,2,67,"الآيات (1-5): وصعد ملاك الرب من الجلجال إلى بوكيم وقال قد أصعدتكم من مصر وأتيت بكم إلى الأرض التي أقسمت لآبائكم وقلت لا انكث عهدي معكم إلى الأبد.و انتم فلا تقطعوا عهدا مع سكان هذه الأرض اهدموا مذابحهم ولم تسمعوا لصوتي فماذا عملتم. فقلت أيضا لا اطردهم من أمامكم بل يكونون لكم مضايقين وتكون آلهتهم لكم شركا. وكان لما تكلم ملاك الرب بهذا الكلام إلى جميع بني إسرائيل أن الشعب رفعوا صوتهم وبكوا. فدعوا اسم ذلك المكان بوكيم وذبحوا هناك للرب.
قضاة,2,68,"الآيات (1-5): وصعد ملاك الرب من الجلجال إلى بوكيم وقال قد أصعدتكم من مصر وأتيت بكم إلى الأرض التي أقسمت لآبائكم وقلت لا انكث عهدي معكم إلى الأبد.و انتم فلا تقطعوا عهدا مع سكان هذه الأرض اهدموا مذابحهم ولم تسمعوا لصوتي فماذا عملتم. فقلت أيضا لا اطردهم من أمامكم بل يكونون لكم مضايقين وتكون آلهتهم لكم شركا. وكان لما تكلم ملاك الرب بهذا الكلام إلى جميع بني إسرائيل أن الشعب رفعوا صوتهم وبكوا. فدعوا اسم ذلك المكان بوكيم وذبحوا هناك للرب.
قضاة,2,69,"الآيات (1-5): وصعد ملاك الرب من الجلجال إلى بوكيم وقال قد أصعدتكم من مصر وأتيت بكم إلى الأرض التي أقسمت لآبائكم وقلت لا انكث عهدي معكم إلى الأبد.و انتم فلا تقطعوا عهدا مع سكان هذه الأرض اهدموا مذابحهم ولم تسمعوا لصوتي فماذا عملتم. فقلت أيضا لا اطردهم من أمامكم بل يكونون لكم مضايقين وتكون آلهتهم لكم شركا. وكان لما تكلم ملاك الرب بهذا الكلام إلى جميع بني إسرائيل أن الشعب رفعوا صوتهم وبكوا. فدعوا اسم ذلك المكان بوكيم وذبحوا هناك للرب.
قضاة,2,70,"الآيات (1-5): وصعد ملاك الرب من الجلجال إلى بوكيم وقال قد أصعدتكم من مصر وأتيت بكم إلى الأرض التي أقسمت لآبائكم وقلت لا انكث عهدي معكم إلى الأبد.و انتم فلا تقطعوا عهدا مع سكان هذه الأرض اهدموا مذابحهم ولم تسمعوا لصوتي فماذا عملتم. فقلت أيضا لا اطردهم من أمامكم بل يكونون لكم مضايقين وتكون آلهتهم لكم شركا. وكان لما تكلم ملاك الرب بهذا الكلام إلى جميع بني إسرائيل أن الشعب رفعوا صوتهم وبكوا. فدعوا اسم ذلك المكان بوكيم وذبحوا هناك للرب.
قضاة,2,71,"الآيات (1-5): وصعد ملاك الرب من الجلجال إلى بوكيم وقال قد أصعدتكم من مصر وأتيت بكم إلى الأرض التي أقسمت لآبائكم وقلت لا انكث عهدي معكم إلى الأبد.و انتم فلا تقطعوا عهدا مع سكان هذه الأرض اهدموا مذابحهم ولم تسمعوا لصوتي فماذا عملتم. فقلت أيضا لا اطردهم من أمامكم بل يكونون لكم مضايقين وتكون آلهتهم لكم شركا. وكان لما تكلم ملاك الرب بهذا الكلام إلى جميع بني إسرائيل أن الشعب رفعوا صوتهم وبكوا. فدعوا اسم ذلك المكان بوكيم وذبحوا هناك للرب.
قضاة,2,72,"الآيات (1-5): وصعد ملاك الرب من الجلجال إلى بوكيم وقال قد أصعدتكم من مصر وأتيت بكم إلى الأرض التي أقسمت لآبائكم وقلت لا انكث عهدي معكم إلى الأبد.و انتم فلا تقطعوا عهدا مع سكان هذه الأرض اهدموا مذابحهم ولم تسمعوا لصوتي فماذا عملتم. فقلت أيضا لا اطردهم من أمامكم بل يكونون لكم مضايقين وتكون آلهتهم لكم شركا. وكان لما تكلم ملاك الرب بهذا الكلام إلى جميع بني إسرائيل أن الشعب رفعوا صوتهم وبكوا. فدعوا اسم ذلك المكان بوكيم وذبحوا هناك للرب.
قضاة,2,73,"الآيات (1-5): وصعد ملاك الرب من الجلجال إلى بوكيم وقال قد أصعدتكم من مصر وأتيت بكم إلى الأرض التي أقسمت لآبائكم وقلت لا انكث عهدي معكم إلى الأبد.و انتم فلا تقطعوا عهدا مع سكان هذه الأرض اهدموا مذابحهم ولم تسمعوا لصوتي فماذا عملتم. فقلت أيضا لا اطردهم من أمامكم بل يكونون لكم مضايقين وتكون آلهتهم لكم شركا. وكان لما تكلم ملاك الرب بهذا الكلام إلى جميع بني إسرائيل أن الشعب رفعوا صوتهم وبكوا. فدعوا اسم ذلك المكان بوكيم وذبحوا هناك للرب.
قضاة,2,74,"الآيات (1-5): وصعد ملاك الرب من الجلجال إلى بوكيم وقال قد أصعدتكم من مصر وأتيت بكم إلى الأرض التي أقسمت لآبائكم وقلت لا انكث عهدي معكم إلى الأبد.و انتم فلا تقطعوا عهدا مع سكان هذه الأرض اهدموا مذابحهم ولم تسمعوا لصوتي فماذا عملتم. فقلت أيضا لا اطردهم من أمامكم بل يكونون لكم مضايقين وتكون آلهتهم لكم شركا. وكان لما تكلم ملاك الرب بهذا الكلام إلى جميع بني إسرائيل أن الشعب رفعوا صوتهم وبكوا. فدعوا اسم ذلك المكان بوكيم وذبحوا هناك للرب.
قضاة,2,75,"الآيات (1-5): وصعد ملاك الرب من الجلجال إلى بوكيم وقال قد أصعدتكم من مصر وأتيت بكم إلى الأرض التي أقسمت لآبائكم وقلت لا انكث عهدي معكم إلى الأبد.و انتم فلا تقطعوا عهدا مع سكان هذه الأرض اهدموا مذابحهم ولم تسمعوا لصوتي فماذا عملتم. فقلت أيضا لا اطردهم من أمامكم بل يكونون لكم مضايقين وتكون آلهتهم لكم شركا. وكان لما تكلم ملاك الرب بهذا الكلام إلى جميع بني إسرائيل أن الشعب رفعوا صوتهم وبكوا. فدعوا اسم ذلك المكان بوكيم وذبحوا هناك للرب.
قضاة,2,76,"الآيات (1-5): وصعد ملاك الرب من الجلجال إلى بوكيم وقال قد أصعدتكم من مصر وأتيت بكم إلى الأرض التي أقسمت لآبائكم وقلت لا انكث عهدي معكم إلى الأبد.و انتم فلا تقطعوا عهدا مع سكان هذه الأرض اهدموا مذابحهم ولم تسمعوا لصوتي فماذا عملتم. فقلت أيضا لا اطردهم من أمامكم بل يكونون لكم مضايقين وتكون آلهتهم لكم شركا. وكان لما تكلم ملاك الرب بهذا الكلام إلى جميع بني إسرائيل أن الشعب رفعوا صوتهم وبكوا. فدعوا اسم ذلك المكان بوكيم وذبحوا هناك للرب.
قضاة,2,77,"الآيات (1-5): وصعد ملاك الرب من الجلجال إلى بوكيم وقال قد أصعدتكم من مصر وأتيت بكم إلى الأرض التي أقسمت لآبائكم وقلت لا انكث عهدي معكم إلى الأبد.و انتم فلا تقطعوا عهدا مع سكان هذه الأرض اهدموا مذابحهم ولم تسمعوا لصوتي فماذا عملتم. فقلت أيضا لا اطردهم من أمامكم بل يكونون لكم مضايقين وتكون آلهتهم لكم شركا. وكان لما تكلم ملاك الرب بهذا الكلام إلى جميع بني إسرائيل أن الشعب رفعوا صوتهم وبكوا. فدعوا اسم ذلك المكان بوكيم وذبحوا هناك للرب.
قضاة,2,78,"الآيات (1-5): وصعد ملاك الرب من الجلجال إلى بوكيم وقال قد أصعدتكم من مصر وأتيت بكم إلى الأرض التي أقسمت لآبائكم وقلت لا انكث عهدي معكم إلى الأبد.و انتم فلا تقطعوا عهدا مع سكان هذه الأرض اهدموا مذابحهم ولم تسمعوا لصوتي فماذا عملتم. فقلت أيضا لا اطردهم من أمامكم بل يكونون لكم مضايقين وتكون آلهتهم لكم شركا. وكان لما تكلم ملاك الرب بهذا الكلام إلى جميع بني إسرائيل أن الشعب رفعوا صوتهم وبكوا. فدعوا اسم ذلك المكان بوكيم وذبحوا هناك للرب.
قضاة,2,79,"الآيات (1-5): وصعد ملاك الرب من الجلجال إلى بوكيم وقال قد أصعدتكم من مصر وأتيت بكم إلى الأرض التي أقسمت لآبائكم وقلت لا انكث عهدي معكم إلى الأبد.و انتم فلا تقطعوا عهدا مع سكان هذه الأرض اهدموا مذابحهم ولم تسمعوا لصوتي فماذا عملتم. فقلت أيضا لا اطردهم من أمامكم بل يكونون لكم مضايقين وتكون آلهتهم لكم شركا. وكان لما تكلم ملاك الرب بهذا الكلام إلى جميع بني إسرائيل أن الشعب رفعوا صوتهم وبكوا. فدعوا اسم ذلك المكان بوكيم وذبحوا هناك للرب.
قضاة,2,80,"الآيات (1-5): وصعد ملاك الرب من الجلجال إلى بوكيم وقال قد أصعدتكم من مصر وأتيت بكم إلى الأرض التي أقسمت لآبائكم وقلت لا انكث عهدي معكم إلى الأبد.و انتم فلا تقطعوا عهدا مع سكان هذه الأرض اهدموا مذابحهم ولم تسمعوا لصوتي فماذا عملتم. فقلت أيضا لا اطردهم من أمامكم بل يكونون لكم مضايقين وتكون آلهتهم لكم شركا. وكان لما تكلم ملاك الرب بهذا الكلام إلى جميع بني إسرائيل أن الشعب رفعوا صوتهم وبكوا. فدعوا اسم ذلك المكان بوكيم وذبحوا هناك للرب.
قضاة,2,81,"الآيات (1-5): وصعد ملاك الرب من الجلجال إلى بوكيم وقال قد أصعدتكم من مصر وأتيت بكم إلى الأرض التي أقسمت لآبائكم وقلت لا انكث عهدي معكم إلى الأبد.و انتم فلا تقطعوا عهدا مع سكان هذه الأرض اهدموا مذابحهم ولم تسمعوا لصوتي فماذا عملتم. فقلت أيضا لا اطردهم من أمامكم بل يكونون لكم مضايقين وتكون آلهتهم لكم شركا. وكان لما تكلم ملاك الرب بهذا الكلام إلى جميع بني إسرائيل أن الشعب رفعوا صوتهم وبكوا. فدعوا اسم ذلك المكان بوكيم وذبحوا هناك للرب.
قضاة,2,82,"الآيات (1-5): وصعد ملاك الرب من الجلجال إلى بوكيم وقال قد أصعدتكم من مصر وأتيت بكم إلى الأرض التي أقسمت لآبائكم وقلت لا انكث عهدي معكم إلى الأبد.و انتم فلا تقطعوا عهدا مع سكان هذه الأرض اهدموا مذابحهم ولم تسمعوا لصوتي فماذا عملتم. فقلت أيضا لا اطردهم من أمامكم بل يكونون لكم مضايقين وتكون آلهتهم لكم شركا. وكان لما تكلم ملاك الرب بهذا الكلام إلى جميع بني إسرائيل أن الشعب رفعوا صوتهم وبكوا. فدعوا اسم ذلك المكان بوكيم وذبحوا هناك للرب.
قضاة,2,83,"الآيات (1-5): وصعد ملاك الرب من الجلجال إلى بوكيم وقال قد أصعدتكم من مصر وأتيت بكم إلى الأرض التي أقسمت لآبائكم وقلت لا انكث عهدي معكم إلى الأبد.و انتم فلا تقطعوا عهدا مع سكان هذه الأرض اهدموا مذابحهم ولم تسمعوا لصوتي فماذا عملتم. فقلت أيضا لا اطردهم من أمامكم بل يكونون لكم مضايقين وتكون آلهتهم لكم شركا. وكان لما تكلم ملاك الرب بهذا الكلام إلى جميع بني إسرائيل أن الشعب رفعوا صوتهم وبكوا. فدعوا اسم ذلك المكان بوكيم وذبحوا هناك للرب.
قضاة,2,84,"الآيات (1-5): وصعد ملاك الرب من الجلجال إلى بوكيم وقال قد أصعدتكم من مصر وأتيت بكم إلى الأرض التي أقسمت لآبائكم وقلت لا انكث عهدي معكم إلى الأبد.و انتم فلا تقطعوا عهدا مع سكان هذه الأرض اهدموا مذابحهم ولم تسمعوا لصوتي فماذا عملتم. فقلت أيضا لا اطردهم من أمامكم بل يكونون لكم مضايقين وتكون آلهتهم لكم شركا. وكان لما تكلم ملاك الرب بهذا الكلام إلى جميع بني إسرائيل أن الشعب رفعوا صوتهم وبكوا. فدعوا اسم ذلك المكان بوكيم وذبحوا هناك للرب.
قضاة,2,85,"الآيات (1-5): وصعد ملاك الرب من الجلجال إلى بوكيم وقال قد أصعدتكم من مصر وأتيت بكم إلى الأرض التي أقسمت لآبائكم وقلت لا انكث عهدي معكم إلى الأبد.و انتم فلا تقطعوا عهدا مع سكان هذه الأرض اهدموا مذابحهم ولم تسمعوا لصوتي فماذا عملتم. فقلت أيضا لا اطردهم من أمامكم بل يكونون لكم مضايقين وتكون آلهتهم لكم شركا. وكان لما تكلم ملاك الرب بهذا الكلام إلى جميع بني إسرائيل أن الشعب رفعوا صوتهم وبكوا. فدعوا اسم ذلك المكان بوكيم وذبحوا هناك للرب.
قضاة,2,86,"الآيات (1-5): وصعد ملاك الرب من الجلجال إلى بوكيم وقال قد أصعدتكم من مصر وأتيت بكم إلى الأرض التي أقسمت لآبائكم وقلت لا انكث عهدي معكم إلى الأبد.و انتم فلا تقطعوا عهدا مع سكان هذه الأرض اهدموا مذابحهم ولم تسمعوا لصوتي فماذا عملتم. فقلت أيضا لا اطردهم من أمامكم بل يكونون لكم مضايقين وتكون آلهتهم لكم شركا. وكان لما تكلم ملاك الرب بهذا الكلام إلى جميع بني إسرائيل أن الشعب رفعوا صوتهم وبكوا. فدعوا اسم ذلك المكان بوكيم وذبحوا هناك للرب.
قضاة,2,87,"الآيات (1-5): وصعد ملاك الرب من الجلجال إلى بوكيم وقال قد أصعدتكم من مصر وأتيت بكم إلى الأرض التي أقسمت لآبائكم وقلت لا انكث عهدي معكم إلى الأبد.و انتم فلا تقطعوا عهدا مع سكان هذه الأرض اهدموا مذابحهم ولم تسمعوا لصوتي فماذا عملتم. فقلت أيضا لا اطردهم من أمامكم بل يكونون لكم مضايقين وتكون آلهتهم لكم شركا. وكان لما تكلم ملاك الرب بهذا الكلام إلى جميع بني إسرائيل أن الشعب رفعوا صوتهم وبكوا. فدعوا اسم ذلك المكان بوكيم وذبحوا هناك للرب.
قضاة,2,88,"الآيات (1-5): وصعد ملاك الرب من الجلجال إلى بوكيم وقال قد أصعدتكم من مصر وأتيت بكم إلى الأرض التي أقسمت لآبائكم وقلت لا انكث عهدي معكم إلى الأبد.و انتم فلا تقطعوا عهدا مع سكان هذه الأرض اهدموا مذابحهم ولم تسمعوا لصوتي فماذا عملتم. فقلت أيضا لا اطردهم من أمامكم بل يكونون لكم مضايقين وتكون آلهتهم لكم شركا. وكان لما تكلم ملاك الرب بهذا الكلام إلى جميع بني إسرائيل أن الشعب رفعوا صوتهم وبكوا. فدعوا اسم ذلك المكان بوكيم وذبحوا هناك للرب.
قضاة,2,89,"الآيات (1-5): وصعد ملاك الرب من الجلجال إلى بوكيم وقال قد أصعدتكم من مصر وأتيت بكم إلى الأرض التي أقسمت لآبائكم وقلت لا انكث عهدي معكم إلى الأبد.و انتم فلا تقطعوا عهدا مع سكان هذه الأرض اهدموا مذابحهم ولم تسمعوا لصوتي فماذا عملتم. فقلت أيضا لا اطردهم من أمامكم بل يكونون لكم مضايقين وتكون آلهتهم لكم شركا. وكان لما تكلم ملاك الرب بهذا الكلام إلى جميع بني إسرائيل أن الشعب رفعوا صوتهم وبكوا. فدعوا اسم ذلك المكان بوكيم وذبحوا هناك للرب.
قضاة,2,90,"الآيات (1-5): وصعد ملاك الرب من الجلجال إلى بوكيم وقال قد أصعدتكم من مصر وأتيت بكم إلى الأرض التي أقسمت لآبائكم وقلت لا انكث عهدي معكم إلى الأبد.و انتم فلا تقطعوا عهدا مع سكان هذه الأرض اهدموا مذابحهم ولم تسمعوا لصوتي فماذا عملتم. فقلت أيضا لا اطردهم من أمامكم بل يكونون لكم مضايقين وتكون آلهتهم لكم شركا. وكان لما تكلم ملاك الرب بهذا الكلام إلى جميع بني إسرائيل أن الشعب رفعوا صوتهم وبكوا. فدعوا اسم ذلك المكان بوكيم وذبحوا هناك للرب.
قضاة,2,91,"الآيات (1-5): وصعد ملاك الرب من الجلجال إلى بوكيم وقال قد أصعدتكم من مصر وأتيت بكم إلى الأرض التي أقسمت لآبائكم وقلت لا انكث عهدي معكم إلى الأبد.و انتم فلا تقطعوا عهدا مع سكان هذه الأرض اهدموا مذابحهم ولم تسمعوا لصوتي فماذا عملتم. فقلت أيضا لا اطردهم من أمامكم بل يكونون لكم مضايقين وتكون آلهتهم لكم شركا. وكان لما تكلم ملاك الرب بهذا الكلام إلى جميع بني إسرائيل أن الشعب رفعوا صوتهم وبكوا. فدعوا اسم ذلك المكان بوكيم وذبحوا هناك للرب.
قضاة,2,92,"الآيات (1-5): وصعد ملاك الرب من الجلجال إلى بوكيم وقال قد أصعدتكم من مصر وأتيت بكم إلى الأرض التي أقسمت لآبائكم وقلت لا انكث عهدي معكم إلى الأبد.و انتم فلا تقطعوا عهدا مع سكان هذه الأرض اهدموا مذابحهم ولم تسمعوا لصوتي فماذا عملتم. فقلت أيضا لا اطردهم من أمامكم بل يكونون لكم مضايقين وتكون آلهتهم لكم شركا. وكان لما تكلم ملاك الرب بهذا الكلام إلى جميع بني إسرائيل أن الشعب رفعوا صوتهم وبكوا. فدعوا اسم ذلك المكان بوكيم وذبحوا هناك للرب.
قضاة,2,93,"الآيات (1-5): وصعد ملاك الرب من الجلجال إلى بوكيم وقال قد أصعدتكم من مصر وأتيت بكم إلى الأرض التي أقسمت لآبائكم وقلت لا انكث عهدي معكم إلى الأبد.و انتم فلا تقطعوا عهدا مع سكان هذه الأرض اهدموا مذابحهم ولم تسمعوا لصوتي فماذا عملتم. فقلت أيضا لا اطردهم من أمامكم بل يكونون لكم مضايقين وتكون آلهتهم لكم شركا. وكان لما تكلم ملاك الرب بهذا الكلام إلى جميع بني إسرائيل أن الشعب رفعوا صوتهم وبكوا. فدعوا اسم ذلك المكان بوكيم وذبحوا هناك للرب.
قضاة,2,94,"الآيات (1-5): وصعد ملاك الرب من الجلجال إلى بوكيم وقال قد أصعدتكم من مصر وأتيت بكم إلى الأرض التي أقسمت لآبائكم وقلت لا انكث عهدي معكم إلى الأبد.و انتم فلا تقطعوا عهدا مع سكان هذه الأرض اهدموا مذابحهم ولم تسمعوا لصوتي فماذا عملتم. فقلت أيضا لا اطردهم من أمامكم بل يكونون لكم مضايقين وتكون آلهتهم لكم شركا. وكان لما تكلم ملاك الرب بهذا الكلام إلى جميع بني إسرائيل أن الشعب رفعوا صوتهم وبكوا. فدعوا اسم ذلك المكان بوكيم وذبحوا هناك للرب.
قضاة,2,95,"الآيات (1-5): وصعد ملاك الرب من الجلجال إلى بوكيم وقال قد أصعدتكم من مصر وأتيت بكم إلى الأرض التي أقسمت لآبائكم وقلت لا انكث عهدي معكم إلى الأبد.و انتم فلا تقطعوا عهدا مع سكان هذه الأرض اهدموا مذابحهم ولم تسمعوا لصوتي فماذا عملتم. فقلت أيضا لا اطردهم من أمامكم بل يكونون لكم مضايقين وتكون آلهتهم لكم شركا. وكان لما تكلم ملاك الرب بهذا الكلام إلى جميع بني إسرائيل أن الشعب رفعوا صوتهم وبكوا. فدعوا اسم ذلك المكان بوكيم وذبحوا هناك للرب.
قضاة,2,96,"الآيات (1-5): وصعد ملاك الرب من الجلجال إلى بوكيم وقال قد أصعدتكم من مصر وأتيت بكم إلى الأرض التي أقسمت لآبائكم وقلت لا انكث عهدي معكم إلى الأبد.و انتم فلا تقطعوا عهدا مع سكان هذه الأرض اهدموا مذابحهم ولم تسمعوا لصوتي فماذا عملتم. فقلت أيضا لا اطردهم من أمامكم بل يكونون لكم مضايقين وتكون آلهتهم لكم شركا. وكان لما تكلم ملاك الرب بهذا الكلام إلى جميع بني إسرائيل أن الشعب رفعوا صوتهم وبكوا. فدعوا اسم ذلك المكان بوكيم وذبحوا هناك للرب.
قضاة,2,97,"الآيات (1-5): وصعد ملاك الرب من الجلجال إلى بوكيم وقال قد أصعدتكم من مصر وأتيت بكم إلى الأرض التي أقسمت لآبائكم وقلت لا انكث عهدي معكم إلى الأبد.و انتم فلا تقطعوا عهدا مع سكان هذه الأرض اهدموا مذابحهم ولم تسمعوا لصوتي فماذا عملتم. فقلت أيضا لا اطردهم من أمامكم بل يكونون لكم مضايقين وتكون آلهتهم لكم شركا. وكان لما تكلم ملاك الرب بهذا الكلام إلى جميع بني إسرائيل أن الشعب رفعوا صوتهم وبكوا. فدعوا اسم ذلك المكان بوكيم وذبحوا هناك للرب.
قضاة,2,98,"الآيات (1-5): وصعد ملاك الرب من الجلجال إلى بوكيم وقال قد أصعدتكم من مصر وأتيت بكم إلى الأرض التي أقسمت لآبائكم وقلت لا انكث عهدي معكم إلى الأبد.و انتم فلا تقطعوا عهدا مع سكان هذه الأرض اهدموا مذابحهم ولم تسمعوا لصوتي فماذا عملتم. فقلت أيضا لا اطردهم من أمامكم بل يكونون لكم مضايقين وتكون آلهتهم لكم شركا. وكان لما تكلم ملاك الرب بهذا الكلام إلى جميع بني إسرائيل أن الشعب رفعوا صوتهم وبكوا. فدعوا اسم ذلك المكان بوكيم وذبحوا هناك للرب.
قضاة,2,99,"الآيات (1-5): وصعد ملاك الرب من الجلجال إلى بوكيم وقال قد أصعدتكم من مصر وأتيت بكم إلى الأرض التي أقسمت لآبائكم وقلت لا انكث عهدي معكم إلى الأبد.و انتم فلا تقطعوا عهدا مع سكان هذه الأرض اهدموا مذابحهم ولم تسمعوا لصوتي فماذا عملتم. فقلت أيضا لا اطردهم من أمامكم بل يكونون لكم مضايقين وتكون آلهتهم لكم شركا. وكان لما تكلم ملاك الرب بهذا الكلام إلى جميع بني إسرائيل أن الشعب رفعوا صوتهم وبكوا. فدعوا اسم ذلك المكان بوكيم وذبحوا هناك للرب.
قضاة,3,1,"الآيات (1-7): ""فهؤلاء هم الأمم الذين تركهم الرب ليمتحن بهم إسرائيل كل الذين لم يعرفوا جميع حروب كنعان. إنما لمعرفة اجيال بني إسرائيل لتعليمهم الحرب الذين لم يعرفوها قبل فقط. أقطاب الفلسطينيين الخمسة وجميع الكنعانيين والصيدونيين والحويين سكان جبل لبنان من جبل بعل حرمون إلى مدخل حماة. كانوا لامتحان إسرائيل بهم لكي يعلم هل يسمعون وصايا الرب التي أوصى بها إباءهم عن يد موسى. فسكن بنو إسرائيل في وسط الكنعانيين والحثيين والاموريين والفرزيين والحويين واليبوسيين. واتخذوا بناتهم لأنفسهم نساء وأعطوا بناتهم لبنيهم وعبدوا آلهتهم. فعمل بنو إسرائيل الشر في عيني الرب ونسوا الرب إلههم وعبدوا البعليم والسواري.""
قضاة,3,2,"الآيات (1-7): ""فهؤلاء هم الأمم الذين تركهم الرب ليمتحن بهم إسرائيل كل الذين لم يعرفوا جميع حروب كنعان. إنما لمعرفة اجيال بني إسرائيل لتعليمهم الحرب الذين لم يعرفوها قبل فقط. أقطاب الفلسطينيين الخمسة وجميع الكنعانيين والصيدونيين والحويين سكان جبل لبنان من جبل بعل حرمون إلى مدخل حماة. كانوا لامتحان إسرائيل بهم لكي يعلم هل يسمعون وصايا الرب التي أوصى بها إباءهم عن يد موسى. فسكن بنو إسرائيل في وسط الكنعانيين والحثيين والاموريين والفرزيين والحويين واليبوسيين. واتخذوا بناتهم لأنفسهم نساء وأعطوا بناتهم لبنيهم وعبدوا آلهتهم. فعمل بنو إسرائيل الشر في عيني الرب ونسوا الرب إلههم وعبدوا البعليم والسواري.""
قضاة,3,3,"الآيات (1-7): ""فهؤلاء هم الأمم الذين تركهم الرب ليمتحن بهم إسرائيل كل الذين لم يعرفوا جميع حروب كنعان. إنما لمعرفة اجيال بني إسرائيل لتعليمهم الحرب الذين لم يعرفوها قبل فقط. أقطاب الفلسطينيين الخمسة وجميع الكنعانيين والصيدونيين والحويين سكان جبل لبنان من جبل بعل حرمون إلى مدخل حماة. كانوا لامتحان إسرائيل بهم لكي يعلم هل يسمعون وصايا الرب التي أوصى بها إباءهم عن يد موسى. فسكن بنو إسرائيل في وسط الكنعانيين والحثيين والاموريين والفرزيين والحويين واليبوسيين. واتخذوا بناتهم لأنفسهم نساء وأعطوا بناتهم لبنيهم وعبدوا آلهتهم. فعمل بنو إسرائيل الشر في عيني الرب ونسوا الرب إلههم وعبدوا البعليم والسواري.""
قضاة,3,4,"الآيات (1-7): ""فهؤلاء هم الأمم الذين تركهم الرب ليمتحن بهم إسرائيل كل الذين لم يعرفوا جميع حروب كنعان. إنما لمعرفة اجيال بني إسرائيل لتعليمهم الحرب الذين لم يعرفوها قبل فقط. أقطاب الفلسطينيين الخمسة وجميع الكنعانيين والصيدونيين والحويين سكان جبل لبنان من جبل بعل حرمون إلى مدخل حماة. كانوا لامتحان إسرائيل بهم لكي يعلم هل يسمعون وصايا الرب التي أوصى بها إباءهم عن يد موسى. فسكن بنو إسرائيل في وسط الكنعانيين والحثيين والاموريين والفرزيين والحويين واليبوسيين. واتخذوا بناتهم لأنفسهم نساء وأعطوا بناتهم لبنيهم وعبدوا آلهتهم. فعمل بنو إسرائيل الشر في عيني الرب ونسوا الرب إلههم وعبدوا البعليم والسواري.""
قضاة,3,5,"الآيات (1-7): ""فهؤلاء هم الأمم الذين تركهم الرب ليمتحن بهم إسرائيل كل الذين لم يعرفوا جميع حروب كنعان. إنما لمعرفة اجيال بني إسرائيل لتعليمهم الحرب الذين لم يعرفوها قبل فقط. أقطاب الفلسطينيين الخمسة وجميع الكنعانيين والصيدونيين والحويين سكان جبل لبنان من جبل بعل حرمون إلى مدخل حماة. كانوا لامتحان إسرائيل بهم لكي يعلم هل يسمعون وصايا الرب التي أوصى بها إباءهم عن يد موسى. فسكن بنو إسرائيل في وسط الكنعانيين والحثيين والاموريين والفرزيين والحويين واليبوسيين. واتخذوا بناتهم لأنفسهم نساء وأعطوا بناتهم لبنيهم وعبدوا آلهتهم. فعمل بنو إسرائيل الشر في عيني الرب ونسوا الرب إلههم وعبدوا البعليم والسواري.""
قضاة,3,6,"الآيات (1-7): ""فهؤلاء هم الأمم الذين تركهم الرب ليمتحن بهم إسرائيل كل الذين لم يعرفوا جميع حروب كنعان. إنما لمعرفة اجيال بني إسرائيل لتعليمهم الحرب الذين لم يعرفوها قبل فقط. أقطاب الفلسطينيين الخمسة وجميع الكنعانيين والصيدونيين والحويين سكان جبل لبنان من جبل بعل حرمون إلى مدخل حماة. كانوا لامتحان إسرائيل بهم لكي يعلم هل يسمعون وصايا الرب التي أوصى بها إباءهم عن يد موسى. فسكن بنو إسرائيل في وسط الكنعانيين والحثيين والاموريين والفرزيين والحويين واليبوسيين. واتخذوا بناتهم لأنفسهم نساء وأعطوا بناتهم لبنيهم وعبدوا آلهتهم. فعمل بنو إسرائيل الشر في عيني الرب ونسوا الرب إلههم وعبدوا البعليم والسواري.""
قضاة,3,7,"الآيات (1-7): ""فهؤلاء هم الأمم الذين تركهم الرب ليمتحن بهم إسرائيل كل الذين لم يعرفوا جميع حروب كنعان. إنما لمعرفة اجيال بني إسرائيل لتعليمهم الحرب الذين لم يعرفوها قبل فقط. أقطاب الفلسطينيين الخمسة وجميع الكنعانيين والصيدونيين والحويين سكان جبل لبنان من جبل بعل حرمون إلى مدخل حماة. كانوا لامتحان إسرائيل بهم لكي يعلم هل يسمعون وصايا الرب التي أوصى بها إباءهم عن يد موسى. فسكن بنو إسرائيل في وسط الكنعانيين والحثيين والاموريين والفرزيين والحويين واليبوسيين. واتخذوا بناتهم لأنفسهم نساء وأعطوا بناتهم لبنيهم وعبدوا آلهتهم. فعمل بنو إسرائيل الشر في عيني الرب ونسوا الرب إلههم وعبدوا البعليم والسواري.""
قضاة,3,8,"الآيات (1-7): ""فهؤلاء هم الأمم الذين تركهم الرب ليمتحن بهم إسرائيل كل الذين لم يعرفوا جميع حروب كنعان. إنما لمعرفة اجيال بني إسرائيل لتعليمهم الحرب الذين لم يعرفوها قبل فقط. أقطاب الفلسطينيين الخمسة وجميع الكنعانيين والصيدونيين والحويين سكان جبل لبنان من جبل بعل حرمون إلى مدخل حماة. كانوا لامتحان إسرائيل بهم لكي يعلم هل يسمعون وصايا الرب التي أوصى بها إباءهم عن يد موسى. فسكن بنو إسرائيل في وسط الكنعانيين والحثيين والاموريين والفرزيين والحويين واليبوسيين. واتخذوا بناتهم لأنفسهم نساء وأعطوا بناتهم لبنيهم وعبدوا آلهتهم. فعمل بنو إسرائيل الشر في عيني الرب ونسوا الرب إلههم وعبدوا البعليم والسواري.""
قضاة,3,9,"الآيات (1-7): ""فهؤلاء هم الأمم الذين تركهم الرب ليمتحن بهم إسرائيل كل الذين لم يعرفوا جميع حروب كنعان. إنما لمعرفة اجيال بني إسرائيل لتعليمهم الحرب الذين لم يعرفوها قبل فقط. أقطاب الفلسطينيين الخمسة وجميع الكنعانيين والصيدونيين والحويين سكان جبل لبنان من جبل بعل حرمون إلى مدخل حماة. كانوا لامتحان إسرائيل بهم لكي يعلم هل يسمعون وصايا الرب التي أوصى بها إباءهم عن يد موسى. فسكن بنو إسرائيل في وسط الكنعانيين والحثيين والاموريين والفرزيين والحويين واليبوسيين. واتخذوا بناتهم لأنفسهم نساء وأعطوا بناتهم لبنيهم وعبدوا آلهتهم. فعمل بنو إسرائيل الشر في عيني الرب ونسوا الرب إلههم وعبدوا البعليم والسواري.""
قضاة,3,10,"الآيات (1-7): ""فهؤلاء هم الأمم الذين تركهم الرب ليمتحن بهم إسرائيل كل الذين لم يعرفوا جميع حروب كنعان. إنما لمعرفة اجيال بني إسرائيل لتعليمهم الحرب الذين لم يعرفوها قبل فقط. أقطاب الفلسطينيين الخمسة وجميع الكنعانيين والصيدونيين والحويين سكان جبل لبنان من جبل بعل حرمون إلى مدخل حماة. كانوا لامتحان إسرائيل بهم لكي يعلم هل يسمعون وصايا الرب التي أوصى بها إباءهم عن يد موسى. فسكن بنو إسرائيل في وسط الكنعانيين والحثيين والاموريين والفرزيين والحويين واليبوسيين. واتخذوا بناتهم لأنفسهم نساء وأعطوا بناتهم لبنيهم وعبدوا آلهتهم. فعمل بنو إسرائيل الشر في عيني الرب ونسوا الرب إلههم وعبدوا البعليم والسواري.""
قضاة,3,11,"الآيات (1-7): ""فهؤلاء هم الأمم الذين تركهم الرب ليمتحن بهم إسرائيل كل الذين لم يعرفوا جميع حروب كنعان. إنما لمعرفة اجيال بني إسرائيل لتعليمهم الحرب الذين لم يعرفوها قبل فقط. أقطاب الفلسطينيين الخمسة وجميع الكنعانيين والصيدونيين والحويين سكان جبل لبنان من جبل بعل حرمون إلى مدخل حماة. كانوا لامتحان إسرائيل بهم لكي يعلم هل يسمعون وصايا الرب التي أوصى بها إباءهم عن يد موسى. فسكن بنو إسرائيل في وسط الكنعانيين والحثيين والاموريين والفرزيين والحويين واليبوسيين. واتخذوا بناتهم لأنفسهم نساء وأعطوا بناتهم لبنيهم وعبدوا آلهتهم. فعمل بنو إسرائيل الشر في عيني الرب ونسوا الرب إلههم وعبدوا البعليم والسواري.""
قضاة,3,12,"الآيات (1-7): ""فهؤلاء هم الأمم الذين تركهم الرب ليمتحن بهم إسرائيل كل الذين لم يعرفوا جميع حروب كنعان. إنما لمعرفة اجيال بني إسرائيل لتعليمهم الحرب الذين لم يعرفوها قبل فقط. أقطاب الفلسطينيين الخمسة وجميع الكنعانيين والصيدونيين والحويين سكان جبل لبنان من جبل بعل حرمون إلى مدخل حماة. كانوا لامتحان إسرائيل بهم لكي يعلم هل يسمعون وصايا الرب التي أوصى بها إباءهم عن يد موسى. فسكن بنو إسرائيل في وسط الكنعانيين والحثيين والاموريين والفرزيين والحويين واليبوسيين. واتخذوا بناتهم لأنفسهم نساء وأعطوا بناتهم لبنيهم وعبدوا آلهتهم. فعمل بنو إسرائيل الشر في عيني الرب ونسوا الرب إلههم وعبدوا البعليم والسواري.""
قضاة,3,13,"الآيات (1-7): ""فهؤلاء هم الأمم الذين تركهم الرب ليمتحن بهم إسرائيل كل الذين لم يعرفوا جميع حروب كنعان. إنما لمعرفة اجيال بني إسرائيل لتعليمهم الحرب الذين لم يعرفوها قبل فقط. أقطاب الفلسطينيين الخمسة وجميع الكنعانيين والصيدونيين والحويين سكان جبل لبنان من جبل بعل حرمون إلى مدخل حماة. كانوا لامتحان إسرائيل بهم لكي يعلم هل يسمعون وصايا الرب التي أوصى بها إباءهم عن يد موسى. فسكن بنو إسرائيل في وسط الكنعانيين والحثيين والاموريين والفرزيين والحويين واليبوسيين. واتخذوا بناتهم لأنفسهم نساء وأعطوا بناتهم لبنيهم وعبدوا آلهتهم. فعمل بنو إسرائيل الشر في عيني الرب ونسوا الرب إلههم وعبدوا البعليم والسواري.""
قضاة,3,14,"الآيات (1-7): ""فهؤلاء هم الأمم الذين تركهم الرب ليمتحن بهم إسرائيل كل الذين لم يعرفوا جميع حروب كنعان. إنما لمعرفة اجيال بني إسرائيل لتعليمهم الحرب الذين لم يعرفوها قبل فقط. أقطاب الفلسطينيين الخمسة وجميع الكنعانيين والصيدونيين والحويين سكان جبل لبنان من جبل بعل حرمون إلى مدخل حماة. كانوا لامتحان إسرائيل بهم لكي يعلم هل يسمعون وصايا الرب التي أوصى بها إباءهم عن يد موسى. فسكن بنو إسرائيل في وسط الكنعانيين والحثيين والاموريين والفرزيين والحويين واليبوسيين. واتخذوا بناتهم لأنفسهم نساء وأعطوا بناتهم لبنيهم وعبدوا آلهتهم. فعمل بنو إسرائيل الشر في عيني الرب ونسوا الرب إلههم وعبدوا البعليم والسواري.""
قضاة,3,15,"الآيات (1-7): ""فهؤلاء هم الأمم الذين تركهم الرب ليمتحن بهم إسرائيل كل الذين لم يعرفوا جميع حروب كنعان. إنما لمعرفة اجيال بني إسرائيل لتعليمهم الحرب الذين لم يعرفوها قبل فقط. أقطاب الفلسطينيين الخمسة وجميع الكنعانيين والصيدونيين والحويين سكان جبل لبنان من جبل بعل حرمون إلى مدخل حماة. كانوا لامتحان إسرائيل بهم لكي يعلم هل يسمعون وصايا الرب التي أوصى بها إباءهم عن يد موسى. فسكن بنو إسرائيل في وسط الكنعانيين والحثيين والاموريين والفرزيين والحويين واليبوسيين. واتخذوا بناتهم لأنفسهم نساء وأعطوا بناتهم لبنيهم وعبدوا آلهتهم. فعمل بنو إسرائيل الشر في عيني الرب ونسوا الرب إلههم وعبدوا البعليم والسواري.""
قضاة,3,16,"الآيات (1-7): ""فهؤلاء هم الأمم الذين تركهم الرب ليمتحن بهم إسرائيل كل الذين لم يعرفوا جميع حروب كنعان. إنما لمعرفة اجيال بني إسرائيل لتعليمهم الحرب الذين لم يعرفوها قبل فقط. أقطاب الفلسطينيين الخمسة وجميع الكنعانيين والصيدونيين والحويين سكان جبل لبنان من جبل بعل حرمون إلى مدخل حماة. كانوا لامتحان إسرائيل بهم لكي يعلم هل يسمعون وصايا الرب التي أوصى بها إباءهم عن يد موسى. فسكن بنو إسرائيل في وسط الكنعانيين والحثيين والاموريين والفرزيين والحويين واليبوسيين. واتخذوا بناتهم لأنفسهم نساء وأعطوا بناتهم لبنيهم وعبدوا آلهتهم. فعمل بنو إسرائيل الشر في عيني الرب ونسوا الرب إلههم وعبدوا البعليم والسواري.""
قضاة,3,17,"الآيات (1-7): ""فهؤلاء هم الأمم الذين تركهم الرب ليمتحن بهم إسرائيل كل الذين لم يعرفوا جميع حروب كنعان. إنما لمعرفة اجيال بني إسرائيل لتعليمهم الحرب الذين لم يعرفوها قبل فقط. أقطاب الفلسطينيين الخمسة وجميع الكنعانيين والصيدونيين والحويين سكان جبل لبنان من جبل بعل حرمون إلى مدخل حماة. كانوا لامتحان إسرائيل بهم لكي يعلم هل يسمعون وصايا الرب التي أوصى بها إباءهم عن يد موسى. فسكن بنو إسرائيل في وسط الكنعانيين والحثيين والاموريين والفرزيين والحويين واليبوسيين. واتخذوا بناتهم لأنفسهم نساء وأعطوا بناتهم لبنيهم وعبدوا آلهتهم. فعمل بنو إسرائيل الشر في عيني الرب ونسوا الرب إلههم وعبدوا البعليم والسواري.""
قضاة,3,18,"الآيات (1-7): ""فهؤلاء هم الأمم الذين تركهم الرب ليمتحن بهم إسرائيل كل الذين لم يعرفوا جميع حروب كنعان. إنما لمعرفة اجيال بني إسرائيل لتعليمهم الحرب الذين لم يعرفوها قبل فقط. أقطاب الفلسطينيين الخمسة وجميع الكنعانيين والصيدونيين والحويين سكان جبل لبنان من جبل بعل حرمون إلى مدخل حماة. كانوا لامتحان إسرائيل بهم لكي يعلم هل يسمعون وصايا الرب التي أوصى بها إباءهم عن يد موسى. فسكن بنو إسرائيل في وسط الكنعانيين والحثيين والاموريين والفرزيين والحويين واليبوسيين. واتخذوا بناتهم لأنفسهم نساء وأعطوا بناتهم لبنيهم وعبدوا آلهتهم. فعمل بنو إسرائيل الشر في عيني الرب ونسوا الرب إلههم وعبدوا البعليم والسواري.""
قضاة,3,19,"الآيات (1-7): ""فهؤلاء هم الأمم الذين تركهم الرب ليمتحن بهم إسرائيل كل الذين لم يعرفوا جميع حروب كنعان. إنما لمعرفة اجيال بني إسرائيل لتعليمهم الحرب الذين لم يعرفوها قبل فقط. أقطاب الفلسطينيين الخمسة وجميع الكنعانيين والصيدونيين والحويين سكان جبل لبنان من جبل بعل حرمون إلى مدخل حماة. كانوا لامتحان إسرائيل بهم لكي يعلم هل يسمعون وصايا الرب التي أوصى بها إباءهم عن يد موسى. فسكن بنو إسرائيل في وسط الكنعانيين والحثيين والاموريين والفرزيين والحويين واليبوسيين. واتخذوا بناتهم لأنفسهم نساء وأعطوا بناتهم لبنيهم وعبدوا آلهتهم. فعمل بنو إسرائيل الشر في عيني الرب ونسوا الرب إلههم وعبدوا البعليم والسواري.""
قضاة,3,20,"الآيات (1-7): ""فهؤلاء هم الأمم الذين تركهم الرب ليمتحن بهم إسرائيل كل الذين لم يعرفوا جميع حروب كنعان. إنما لمعرفة اجيال بني إسرائيل لتعليمهم الحرب الذين لم يعرفوها قبل فقط. أقطاب الفلسطينيين الخمسة وجميع الكنعانيين والصيدونيين والحويين سكان جبل لبنان من جبل بعل حرمون إلى مدخل حماة. كانوا لامتحان إسرائيل بهم لكي يعلم هل يسمعون وصايا الرب التي أوصى بها إباءهم عن يد موسى. فسكن بنو إسرائيل في وسط الكنعانيين والحثيين والاموريين والفرزيين والحويين واليبوسيين. واتخذوا بناتهم لأنفسهم نساء وأعطوا بناتهم لبنيهم وعبدوا آلهتهم. فعمل بنو إسرائيل الشر في عيني الرب ونسوا الرب إلههم وعبدوا البعليم والسواري.""
قضاة,3,21,"الآيات (1-7): ""فهؤلاء هم الأمم الذين تركهم الرب ليمتحن بهم إسرائيل كل الذين لم يعرفوا جميع حروب كنعان. إنما لمعرفة اجيال بني إسرائيل لتعليمهم الحرب الذين لم يعرفوها قبل فقط. أقطاب الفلسطينيين الخمسة وجميع الكنعانيين والصيدونيين والحويين سكان جبل لبنان من جبل بعل حرمون إلى مدخل حماة. كانوا لامتحان إسرائيل بهم لكي يعلم هل يسمعون وصايا الرب التي أوصى بها إباءهم عن يد موسى. فسكن بنو إسرائيل في وسط الكنعانيين والحثيين والاموريين والفرزيين والحويين واليبوسيين. واتخذوا بناتهم لأنفسهم نساء وأعطوا بناتهم لبنيهم وعبدوا آلهتهم. فعمل بنو إسرائيل الشر في عيني الرب ونسوا الرب إلههم وعبدوا البعليم والسواري.""
قضاة,3,22,"الآيات (1-7): ""فهؤلاء هم الأمم الذين تركهم الرب ليمتحن بهم إسرائيل كل الذين لم يعرفوا جميع حروب كنعان. إنما لمعرفة اجيال بني إسرائيل لتعليمهم الحرب الذين لم يعرفوها قبل فقط. أقطاب الفلسطينيين الخمسة وجميع الكنعانيين والصيدونيين والحويين سكان جبل لبنان من جبل بعل حرمون إلى مدخل حماة. كانوا لامتحان إسرائيل بهم لكي يعلم هل يسمعون وصايا الرب التي أوصى بها إباءهم عن يد موسى. فسكن بنو إسرائيل في وسط الكنعانيين والحثيين والاموريين والفرزيين والحويين واليبوسيين. واتخذوا بناتهم لأنفسهم نساء وأعطوا بناتهم لبنيهم وعبدوا آلهتهم. فعمل بنو إسرائيل الشر في عيني الرب ونسوا الرب إلههم وعبدوا البعليم والسواري.""
قضاة,3,23,"الآيات (1-7): ""فهؤلاء هم الأمم الذين تركهم الرب ليمتحن بهم إسرائيل كل الذين لم يعرفوا جميع حروب كنعان. إنما لمعرفة اجيال بني إسرائيل لتعليمهم الحرب الذين لم يعرفوها قبل فقط. أقطاب الفلسطينيين الخمسة وجميع الكنعانيين والصيدونيين والحويين سكان جبل لبنان من جبل بعل حرمون إلى مدخل حماة. كانوا لامتحان إسرائيل بهم لكي يعلم هل يسمعون وصايا الرب التي أوصى بها إباءهم عن يد موسى. فسكن بنو إسرائيل في وسط الكنعانيين والحثيين والاموريين والفرزيين والحويين واليبوسيين. واتخذوا بناتهم لأنفسهم نساء وأعطوا بناتهم لبنيهم وعبدوا آلهتهم. فعمل بنو إسرائيل الشر في عيني الرب ونسوا الرب إلههم وعبدوا البعليم والسواري.""
قضاة,3,24,"الآيات (1-7): ""فهؤلاء هم الأمم الذين تركهم الرب ليمتحن بهم إسرائيل كل الذين لم يعرفوا جميع حروب كنعان. إنما لمعرفة اجيال بني إسرائيل لتعليمهم الحرب الذين لم يعرفوها قبل فقط. أقطاب الفلسطينيين الخمسة وجميع الكنعانيين والصيدونيين والحويين سكان جبل لبنان من جبل بعل حرمون إلى مدخل حماة. كانوا لامتحان إسرائيل بهم لكي يعلم هل يسمعون وصايا الرب التي أوصى بها إباءهم عن يد موسى. فسكن بنو إسرائيل في وسط الكنعانيين والحثيين والاموريين والفرزيين والحويين واليبوسيين. واتخذوا بناتهم لأنفسهم نساء وأعطوا بناتهم لبنيهم وعبدوا آلهتهم. فعمل بنو إسرائيل الشر في عيني الرب ونسوا الرب إلههم وعبدوا البعليم والسواري.""
قضاة,3,25,"الآيات (1-7): ""فهؤلاء هم الأمم الذين تركهم الرب ليمتحن بهم إسرائيل كل الذين لم يعرفوا جميع حروب كنعان. إنما لمعرفة اجيال بني إسرائيل لتعليمهم الحرب الذين لم يعرفوها قبل فقط. أقطاب الفلسطينيين الخمسة وجميع الكنعانيين والصيدونيين والحويين سكان جبل لبنان من جبل بعل حرمون إلى مدخل حماة. كانوا لامتحان إسرائيل بهم لكي يعلم هل يسمعون وصايا الرب التي أوصى بها إباءهم عن يد موسى. فسكن بنو إسرائيل في وسط الكنعانيين والحثيين والاموريين والفرزيين والحويين واليبوسيين. واتخذوا بناتهم لأنفسهم نساء وأعطوا بناتهم لبنيهم وعبدوا آلهتهم. فعمل بنو إسرائيل الشر في عيني الرب ونسوا الرب إلههم وعبدوا البعليم والسواري.""
قضاة,3,26,"الآيات (1-7): ""فهؤلاء هم الأمم الذين تركهم الرب ليمتحن بهم إسرائيل كل الذين لم يعرفوا جميع حروب كنعان. إنما لمعرفة اجيال بني إسرائيل لتعليمهم الحرب الذين لم يعرفوها قبل فقط. أقطاب الفلسطينيين الخمسة وجميع الكنعانيين والصيدونيين والحويين سكان جبل لبنان من جبل بعل حرمون إلى مدخل حماة. كانوا لامتحان إسرائيل بهم لكي يعلم هل يسمعون وصايا الرب التي أوصى بها إباءهم عن يد موسى. فسكن بنو إسرائيل في وسط الكنعانيين والحثيين والاموريين والفرزيين والحويين واليبوسيين. واتخذوا بناتهم لأنفسهم نساء وأعطوا بناتهم لبنيهم وعبدوا آلهتهم. فعمل بنو إسرائيل الشر في عيني الرب ونسوا الرب إلههم وعبدوا البعليم والسواري.""
قضاة,3,27,"الآيات (1-7): ""فهؤلاء هم الأمم الذين تركهم الرب ليمتحن بهم إسرائيل كل الذين لم يعرفوا جميع حروب كنعان. إنما لمعرفة اجيال بني إسرائيل لتعليمهم الحرب الذين لم يعرفوها قبل فقط. أقطاب الفلسطينيين الخمسة وجميع الكنعانيين والصيدونيين والحويين سكان جبل لبنان من جبل بعل حرمون إلى مدخل حماة. كانوا لامتحان إسرائيل بهم لكي يعلم هل يسمعون وصايا الرب التي أوصى بها إباءهم عن يد موسى. فسكن بنو إسرائيل في وسط الكنعانيين والحثيين والاموريين والفرزيين والحويين واليبوسيين. واتخذوا بناتهم لأنفسهم نساء وأعطوا بناتهم لبنيهم وعبدوا آلهتهم. فعمل بنو إسرائيل الشر في عيني الرب ونسوا الرب إلههم وعبدوا البعليم والسواري.""
قضاة,3,28,"الآيات (1-7): ""فهؤلاء هم الأمم الذين تركهم الرب ليمتحن بهم إسرائيل كل الذين لم يعرفوا جميع حروب كنعان. إنما لمعرفة اجيال بني إسرائيل لتعليمهم الحرب الذين لم يعرفوها قبل فقط. أقطاب الفلسطينيين الخمسة وجميع الكنعانيين والصيدونيين والحويين سكان جبل لبنان من جبل بعل حرمون إلى مدخل حماة. كانوا لامتحان إسرائيل بهم لكي يعلم هل يسمعون وصايا الرب التي أوصى بها إباءهم عن يد موسى. فسكن بنو إسرائيل في وسط الكنعانيين والحثيين والاموريين والفرزيين والحويين واليبوسيين. واتخذوا بناتهم لأنفسهم نساء وأعطوا بناتهم لبنيهم وعبدوا آلهتهم. فعمل بنو إسرائيل الشر في عيني الرب ونسوا الرب إلههم وعبدوا البعليم والسواري.""
قضاة,3,29,"الآيات (1-7): ""فهؤلاء هم الأمم الذين تركهم الرب ليمتحن بهم إسرائيل كل الذين لم يعرفوا جميع حروب كنعان. إنما لمعرفة اجيال بني إسرائيل لتعليمهم الحرب الذين لم يعرفوها قبل فقط. أقطاب الفلسطينيين الخمسة وجميع الكنعانيين والصيدونيين والحويين سكان جبل لبنان من جبل بعل حرمون إلى مدخل حماة. كانوا لامتحان إسرائيل بهم لكي يعلم هل يسمعون وصايا الرب التي أوصى بها إباءهم عن يد موسى. فسكن بنو إسرائيل في وسط الكنعانيين والحثيين والاموريين والفرزيين والحويين واليبوسيين. واتخذوا بناتهم لأنفسهم نساء وأعطوا بناتهم لبنيهم وعبدوا آلهتهم. فعمل بنو إسرائيل الشر في عيني الرب ونسوا الرب إلههم وعبدوا البعليم والسواري.""
قضاة,3,30,"الآيات (1-7): ""فهؤلاء هم الأمم الذين تركهم الرب ليمتحن بهم إسرائيل كل الذين لم يعرفوا جميع حروب كنعان. إنما لمعرفة اجيال بني إسرائيل لتعليمهم الحرب الذين لم يعرفوها قبل فقط. أقطاب الفلسطينيين الخمسة وجميع الكنعانيين والصيدونيين والحويين سكان جبل لبنان من جبل بعل حرمون إلى مدخل حماة. كانوا لامتحان إسرائيل بهم لكي يعلم هل يسمعون وصايا الرب التي أوصى بها إباءهم عن يد موسى. فسكن بنو إسرائيل في وسط الكنعانيين والحثيين والاموريين والفرزيين والحويين واليبوسيين. واتخذوا بناتهم لأنفسهم نساء وأعطوا بناتهم لبنيهم وعبدوا آلهتهم. فعمل بنو إسرائيل الشر في عيني الرب ونسوا الرب إلههم وعبدوا البعليم والسواري.""
قضاة,3,31,"الآيات (1-7): ""فهؤلاء هم الأمم الذين تركهم الرب ليمتحن بهم إسرائيل كل الذين لم يعرفوا جميع حروب كنعان. إنما لمعرفة اجيال بني إسرائيل لتعليمهم الحرب الذين لم يعرفوها قبل فقط. أقطاب الفلسطينيين الخمسة وجميع الكنعانيين والصيدونيين والحويين سكان جبل لبنان من جبل بعل حرمون إلى مدخل حماة. كانوا لامتحان إسرائيل بهم لكي يعلم هل يسمعون وصايا الرب التي أوصى بها إباءهم عن يد موسى. فسكن بنو إسرائيل في وسط الكنعانيين والحثيين والاموريين والفرزيين والحويين واليبوسيين. واتخذوا بناتهم لأنفسهم نساء وأعطوا بناتهم لبنيهم وعبدوا آلهتهم. فعمل بنو إسرائيل الشر في عيني الرب ونسوا الرب إلههم وعبدوا البعليم والسواري.""
قضاة,3,32,"الآيات (1-7): ""فهؤلاء هم الأمم الذين تركهم الرب ليمتحن بهم إسرائيل كل الذين لم يعرفوا جميع حروب كنعان. إنما لمعرفة اجيال بني إسرائيل لتعليمهم الحرب الذين لم يعرفوها قبل فقط. أقطاب الفلسطينيين الخمسة وجميع الكنعانيين والصيدونيين والحويين سكان جبل لبنان من جبل بعل حرمون إلى مدخل حماة. كانوا لامتحان إسرائيل بهم لكي يعلم هل يسمعون وصايا الرب التي أوصى بها إباءهم عن يد موسى. فسكن بنو إسرائيل في وسط الكنعانيين والحثيين والاموريين والفرزيين والحويين واليبوسيين. واتخذوا بناتهم لأنفسهم نساء وأعطوا بناتهم لبنيهم وعبدوا آلهتهم. فعمل بنو إسرائيل الشر في عيني الرب ونسوا الرب إلههم وعبدوا البعليم والسواري.""
قضاة,3,33,"الآيات (1-7): ""فهؤلاء هم الأمم الذين تركهم الرب ليمتحن بهم إسرائيل كل الذين لم يعرفوا جميع حروب كنعان. إنما لمعرفة اجيال بني إسرائيل لتعليمهم الحرب الذين لم يعرفوها قبل فقط. أقطاب الفلسطينيين الخمسة وجميع الكنعانيين والصيدونيين والحويين سكان جبل لبنان من جبل بعل حرمون إلى مدخل حماة. كانوا لامتحان إسرائيل بهم لكي يعلم هل يسمعون وصايا الرب التي أوصى بها إباءهم عن يد موسى. فسكن بنو إسرائيل في وسط الكنعانيين والحثيين والاموريين والفرزيين والحويين واليبوسيين. واتخذوا بناتهم لأنفسهم نساء وأعطوا بناتهم لبنيهم وعبدوا آلهتهم. فعمل بنو إسرائيل الشر في عيني الرب ونسوا الرب إلههم وعبدوا البعليم والسواري.""
قضاة,3,34,"الآيات (1-7): ""فهؤلاء هم الأمم الذين تركهم الرب ليمتحن بهم إسرائيل كل الذين لم يعرفوا جميع حروب كنعان. إنما لمعرفة اجيال بني إسرائيل لتعليمهم الحرب الذين لم يعرفوها قبل فقط. أقطاب الفلسطينيين الخمسة وجميع الكنعانيين والصيدونيين والحويين سكان جبل لبنان من جبل بعل حرمون إلى مدخل حماة. كانوا لامتحان إسرائيل بهم لكي يعلم هل يسمعون وصايا الرب التي أوصى بها إباءهم عن يد موسى. فسكن بنو إسرائيل في وسط الكنعانيين والحثيين والاموريين والفرزيين والحويين واليبوسيين. واتخذوا بناتهم لأنفسهم نساء وأعطوا بناتهم لبنيهم وعبدوا آلهتهم. فعمل بنو إسرائيل الشر في عيني الرب ونسوا الرب إلههم وعبدوا البعليم والسواري.""
قضاة,3,35,"الآيات (1-7): ""فهؤلاء هم الأمم الذين تركهم الرب ليمتحن بهم إسرائيل كل الذين لم يعرفوا جميع حروب كنعان. إنما لمعرفة اجيال بني إسرائيل لتعليمهم الحرب الذين لم يعرفوها قبل فقط. أقطاب الفلسطينيين الخمسة وجميع الكنعانيين والصيدونيين والحويين سكان جبل لبنان من جبل بعل حرمون إلى مدخل حماة. كانوا لامتحان إسرائيل بهم لكي يعلم هل يسمعون وصايا الرب التي أوصى بها إباءهم عن يد موسى. فسكن بنو إسرائيل في وسط الكنعانيين والحثيين والاموريين والفرزيين والحويين واليبوسيين. واتخذوا بناتهم لأنفسهم نساء وأعطوا بناتهم لبنيهم وعبدوا آلهتهم. فعمل بنو إسرائيل الشر في عيني الرب ونسوا الرب إلههم وعبدوا البعليم والسواري.""
قضاة,3,36,"الآيات (1-7): ""فهؤلاء هم الأمم الذين تركهم الرب ليمتحن بهم إسرائيل كل الذين لم يعرفوا جميع حروب كنعان. إنما لمعرفة اجيال بني إسرائيل لتعليمهم الحرب الذين لم يعرفوها قبل فقط. أقطاب الفلسطينيين الخمسة وجميع الكنعانيين والصيدونيين والحويين سكان جبل لبنان من جبل بعل حرمون إلى مدخل حماة. كانوا لامتحان إسرائيل بهم لكي يعلم هل يسمعون وصايا الرب التي أوصى بها إباءهم عن يد موسى. فسكن بنو إسرائيل في وسط الكنعانيين والحثيين والاموريين والفرزيين والحويين واليبوسيين. واتخذوا بناتهم لأنفسهم نساء وأعطوا بناتهم لبنيهم وعبدوا آلهتهم. فعمل بنو إسرائيل الشر في عيني الرب ونسوا الرب إلههم وعبدوا البعليم والسواري.""
قضاة,3,37,"الآيات (1-7): ""فهؤلاء هم الأمم الذين تركهم الرب ليمتحن بهم إسرائيل كل الذين لم يعرفوا جميع حروب كنعان. إنما لمعرفة اجيال بني إسرائيل لتعليمهم الحرب الذين لم يعرفوها قبل فقط. أقطاب الفلسطينيين الخمسة وجميع الكنعانيين والصيدونيين والحويين سكان جبل لبنان من جبل بعل حرمون إلى مدخل حماة. كانوا لامتحان إسرائيل بهم لكي يعلم هل يسمعون وصايا الرب التي أوصى بها إباءهم عن يد موسى. فسكن بنو إسرائيل في وسط الكنعانيين والحثيين والاموريين والفرزيين والحويين واليبوسيين. واتخذوا بناتهم لأنفسهم نساء وأعطوا بناتهم لبنيهم وعبدوا آلهتهم. فعمل بنو إسرائيل الشر في عيني الرب ونسوا الرب إلههم وعبدوا البعليم والسواري.""
قضاة,3,38,"الآيات (1-7): ""فهؤلاء هم الأمم الذين تركهم الرب ليمتحن بهم إسرائيل كل الذين لم يعرفوا جميع حروب كنعان. إنما لمعرفة اجيال بني إسرائيل لتعليمهم الحرب الذين لم يعرفوها قبل فقط. أقطاب الفلسطينيين الخمسة وجميع الكنعانيين والصيدونيين والحويين سكان جبل لبنان من جبل بعل حرمون إلى مدخل حماة. كانوا لامتحان إسرائيل بهم لكي يعلم هل يسمعون وصايا الرب التي أوصى بها إباءهم عن يد موسى. فسكن بنو إسرائيل في وسط الكنعانيين والحثيين والاموريين والفرزيين والحويين واليبوسيين. واتخذوا بناتهم لأنفسهم نساء وأعطوا بناتهم لبنيهم وعبدوا آلهتهم. فعمل بنو إسرائيل الشر في عيني الرب ونسوا الرب إلههم وعبدوا البعليم والسواري.""
قضاة,3,39,"الآيات (1-7): ""فهؤلاء هم الأمم الذين تركهم الرب ليمتحن بهم إسرائيل كل الذين لم يعرفوا جميع حروب كنعان. إنما لمعرفة اجيال بني إسرائيل لتعليمهم الحرب الذين لم يعرفوها قبل فقط. أقطاب الفلسطينيين الخمسة وجميع الكنعانيين والصيدونيين والحويين سكان جبل لبنان من جبل بعل حرمون إلى مدخل حماة. كانوا لامتحان إسرائيل بهم لكي يعلم هل يسمعون وصايا الرب التي أوصى بها إباءهم عن يد موسى. فسكن بنو إسرائيل في وسط الكنعانيين والحثيين والاموريين والفرزيين والحويين واليبوسيين. واتخذوا بناتهم لأنفسهم نساء وأعطوا بناتهم لبنيهم وعبدوا آلهتهم. فعمل بنو إسرائيل الشر في عيني الرب ونسوا الرب إلههم وعبدوا البعليم والسواري.""
قضاة,3,40,"الآيات (1-7): ""فهؤلاء هم الأمم الذين تركهم الرب ليمتحن بهم إسرائيل كل الذين لم يعرفوا جميع حروب كنعان. إنما لمعرفة اجيال بني إسرائيل لتعليمهم الحرب الذين لم يعرفوها قبل فقط. أقطاب الفلسطينيين الخمسة وجميع الكنعانيين والصيدونيين والحويين سكان جبل لبنان من جبل بعل حرمون إلى مدخل حماة. كانوا لامتحان إسرائيل بهم لكي يعلم هل يسمعون وصايا الرب التي أوصى بها إباءهم عن يد موسى. فسكن بنو إسرائيل في وسط الكنعانيين والحثيين والاموريين والفرزيين والحويين واليبوسيين. واتخذوا بناتهم لأنفسهم نساء وأعطوا بناتهم لبنيهم وعبدوا آلهتهم. فعمل بنو إسرائيل الشر في عيني الرب ونسوا الرب إلههم وعبدوا البعليم والسواري.""
قضاة,3,41,"الآيات (1-7): ""فهؤلاء هم الأمم الذين تركهم الرب ليمتحن بهم إسرائيل كل الذين لم يعرفوا جميع حروب كنعان. إنما لمعرفة اجيال بني إسرائيل لتعليمهم الحرب الذين لم يعرفوها قبل فقط. أقطاب الفلسطينيين الخمسة وجميع الكنعانيين والصيدونيين والحويين سكان جبل لبنان من جبل بعل حرمون إلى مدخل حماة. كانوا لامتحان إسرائيل بهم لكي يعلم هل يسمعون وصايا الرب التي أوصى بها إباءهم عن يد موسى. فسكن بنو إسرائيل في وسط الكنعانيين والحثيين والاموريين والفرزيين والحويين واليبوسيين. واتخذوا بناتهم لأنفسهم نساء وأعطوا بناتهم لبنيهم وعبدوا آلهتهم. فعمل بنو إسرائيل الشر في عيني الرب ونسوا الرب إلههم وعبدوا البعليم والسواري.""
قضاة,3,42,"الآيات (1-7): ""فهؤلاء هم الأمم الذين تركهم الرب ليمتحن بهم إسرائيل كل الذين لم يعرفوا جميع حروب كنعان. إنما لمعرفة اجيال بني إسرائيل لتعليمهم الحرب الذين لم يعرفوها قبل فقط. أقطاب الفلسطينيين الخمسة وجميع الكنعانيين والصيدونيين والحويين سكان جبل لبنان من جبل بعل حرمون إلى مدخل حماة. كانوا لامتحان إسرائيل بهم لكي يعلم هل يسمعون وصايا الرب التي أوصى بها إباءهم عن يد موسى. فسكن بنو إسرائيل في وسط الكنعانيين والحثيين والاموريين والفرزيين والحويين واليبوسيين. واتخذوا بناتهم لأنفسهم نساء وأعطوا بناتهم لبنيهم وعبدوا آلهتهم. فعمل بنو إسرائيل الشر في عيني الرب ونسوا الرب إلههم وعبدوا البعليم والسواري.""
قضاة,3,43,"الآيات (1-7): ""فهؤلاء هم الأمم الذين تركهم الرب ليمتحن بهم إسرائيل كل الذين لم يعرفوا جميع حروب كنعان. إنما لمعرفة اجيال بني إسرائيل لتعليمهم الحرب الذين لم يعرفوها قبل فقط. أقطاب الفلسطينيين الخمسة وجميع الكنعانيين والصيدونيين والحويين سكان جبل لبنان من جبل بعل حرمون إلى مدخل حماة. كانوا لامتحان إسرائيل بهم لكي يعلم هل يسمعون وصايا الرب التي أوصى بها إباءهم عن يد موسى. فسكن بنو إسرائيل في وسط الكنعانيين والحثيين والاموريين والفرزيين والحويين واليبوسيين. واتخذوا بناتهم لأنفسهم نساء وأعطوا بناتهم لبنيهم وعبدوا آلهتهم. فعمل بنو إسرائيل الشر في عيني الرب ونسوا الرب إلههم وعبدوا البعليم والسواري.""
قضاة,3,44,"الآيات (1-7): ""فهؤلاء هم الأمم الذين تركهم الرب ليمتحن بهم إسرائيل كل الذين لم يعرفوا جميع حروب كنعان. إنما لمعرفة اجيال بني إسرائيل لتعليمهم الحرب الذين لم يعرفوها قبل فقط. أقطاب الفلسطينيين الخمسة وجميع الكنعانيين والصيدونيين والحويين سكان جبل لبنان من جبل بعل حرمون إلى مدخل حماة. كانوا لامتحان إسرائيل بهم لكي يعلم هل يسمعون وصايا الرب التي أوصى بها إباءهم عن يد موسى. فسكن بنو إسرائيل في وسط الكنعانيين والحثيين والاموريين والفرزيين والحويين واليبوسيين. واتخذوا بناتهم لأنفسهم نساء وأعطوا بناتهم لبنيهم وعبدوا آلهتهم. فعمل بنو إسرائيل الشر في عيني الرب ونسوا الرب إلههم وعبدوا البعليم والسواري.""
قضاة,3,45,"الآيات (1-7): ""فهؤلاء هم الأمم الذين تركهم الرب ليمتحن بهم إسرائيل كل الذين لم يعرفوا جميع حروب كنعان. إنما لمعرفة اجيال بني إسرائيل لتعليمهم الحرب الذين لم يعرفوها قبل فقط. أقطاب الفلسطينيين الخمسة وجميع الكنعانيين والصيدونيين والحويين سكان جبل لبنان من جبل بعل حرمون إلى مدخل حماة. كانوا لامتحان إسرائيل بهم لكي يعلم هل يسمعون وصايا الرب التي أوصى بها إباءهم عن يد موسى. فسكن بنو إسرائيل في وسط الكنعانيين والحثيين والاموريين والفرزيين والحويين واليبوسيين. واتخذوا بناتهم لأنفسهم نساء وأعطوا بناتهم لبنيهم وعبدوا آلهتهم. فعمل بنو إسرائيل الشر في عيني الرب ونسوا الرب إلههم وعبدوا البعليم والسواري.""
قضاة,3,46,"الآيات (1-7): ""فهؤلاء هم الأمم الذين تركهم الرب ليمتحن بهم إسرائيل كل الذين لم يعرفوا جميع حروب كنعان. إنما لمعرفة اجيال بني إسرائيل لتعليمهم الحرب الذين لم يعرفوها قبل فقط. أقطاب الفلسطينيين الخمسة وجميع الكنعانيين والصيدونيين والحويين سكان جبل لبنان من جبل بعل حرمون إلى مدخل حماة. كانوا لامتحان إسرائيل بهم لكي يعلم هل يسمعون وصايا الرب التي أوصى بها إباءهم عن يد موسى. فسكن بنو إسرائيل في وسط الكنعانيين والحثيين والاموريين والفرزيين والحويين واليبوسيين. واتخذوا بناتهم لأنفسهم نساء وأعطوا بناتهم لبنيهم وعبدوا آلهتهم. فعمل بنو إسرائيل الشر في عيني الرب ونسوا الرب إلههم وعبدوا البعليم والسواري.""
قضاة,3,47,"الآيات (1-7): ""فهؤلاء هم الأمم الذين تركهم الرب ليمتحن بهم إسرائيل كل الذين لم يعرفوا جميع حروب كنعان. إنما لمعرفة اجيال بني إسرائيل لتعليمهم الحرب الذين لم يعرفوها قبل فقط. أقطاب الفلسطينيين الخمسة وجميع الكنعانيين والصيدونيين والحويين سكان جبل لبنان من جبل بعل حرمون إلى مدخل حماة. كانوا لامتحان إسرائيل بهم لكي يعلم هل يسمعون وصايا الرب التي أوصى بها إباءهم عن يد موسى. فسكن بنو إسرائيل في وسط الكنعانيين والحثيين والاموريين والفرزيين والحويين واليبوسيين. واتخذوا بناتهم لأنفسهم نساء وأعطوا بناتهم لبنيهم وعبدوا آلهتهم. فعمل بنو إسرائيل الشر في عيني الرب ونسوا الرب إلههم وعبدوا البعليم والسواري.""
قضاة,3,48,"الآيات (1-7): ""فهؤلاء هم الأمم الذين تركهم الرب ليمتحن بهم إسرائيل كل الذين لم يعرفوا جميع حروب كنعان. إنما لمعرفة اجيال بني إسرائيل لتعليمهم الحرب الذين لم يعرفوها قبل فقط. أقطاب الفلسطينيين الخمسة وجميع الكنعانيين والصيدونيين والحويين سكان جبل لبنان من جبل بعل حرمون إلى مدخل حماة. كانوا لامتحان إسرائيل بهم لكي يعلم هل يسمعون وصايا الرب التي أوصى بها إباءهم عن يد موسى. فسكن بنو إسرائيل في وسط الكنعانيين والحثيين والاموريين والفرزيين والحويين واليبوسيين. واتخذوا بناتهم لأنفسهم نساء وأعطوا بناتهم لبنيهم وعبدوا آلهتهم. فعمل بنو إسرائيل الشر في عيني الرب ونسوا الرب إلههم وعبدوا البعليم والسواري.""
قضاة,3,49,"الآيات (1-7): ""فهؤلاء هم الأمم الذين تركهم الرب ليمتحن بهم إسرائيل كل الذين لم يعرفوا جميع حروب كنعان. إنما لمعرفة اجيال بني إسرائيل لتعليمهم الحرب الذين لم يعرفوها قبل فقط. أقطاب الفلسطينيين الخمسة وجميع الكنعانيين والصيدونيين والحويين سكان جبل لبنان من جبل بعل حرمون إلى مدخل حماة. كانوا لامتحان إسرائيل بهم لكي يعلم هل يسمعون وصايا الرب التي أوصى بها إباءهم عن يد موسى. فسكن بنو إسرائيل في وسط الكنعانيين والحثيين والاموريين والفرزيين والحويين واليبوسيين. واتخذوا بناتهم لأنفسهم نساء وأعطوا بناتهم لبنيهم وعبدوا آلهتهم. فعمل بنو إسرائيل الشر في عيني الرب ونسوا الرب إلههم وعبدوا البعليم والسواري.""
قضاة,3,50,"الآيات (1-7): ""فهؤلاء هم الأمم الذين تركهم الرب ليمتحن بهم إسرائيل كل الذين لم يعرفوا جميع حروب كنعان. إنما لمعرفة اجيال بني إسرائيل لتعليمهم الحرب الذين لم يعرفوها قبل فقط. أقطاب الفلسطينيين الخمسة وجميع الكنعانيين والصيدونيين والحويين سكان جبل لبنان من جبل بعل حرمون إلى مدخل حماة. كانوا لامتحان إسرائيل بهم لكي يعلم هل يسمعون وصايا الرب التي أوصى بها إباءهم عن يد موسى. فسكن بنو إسرائيل في وسط الكنعانيين والحثيين والاموريين والفرزيين والحويين واليبوسيين. واتخذوا بناتهم لأنفسهم نساء وأعطوا بناتهم لبنيهم وعبدوا آلهتهم. فعمل بنو إسرائيل الشر في عيني الرب ونسوا الرب إلههم وعبدوا البعليم والسواري.""
قضاة,3,51,"الآيات (1-7): ""فهؤلاء هم الأمم الذين تركهم الرب ليمتحن بهم إسرائيل كل الذين لم يعرفوا جميع حروب كنعان. إنما لمعرفة اجيال بني إسرائيل لتعليمهم الحرب الذين لم يعرفوها قبل فقط. أقطاب الفلسطينيين الخمسة وجميع الكنعانيين والصيدونيين والحويين سكان جبل لبنان من جبل بعل حرمون إلى مدخل حماة. كانوا لامتحان إسرائيل بهم لكي يعلم هل يسمعون وصايا الرب التي أوصى بها إباءهم عن يد موسى. فسكن بنو إسرائيل في وسط الكنعانيين والحثيين والاموريين والفرزيين والحويين واليبوسيين. واتخذوا بناتهم لأنفسهم نساء وأعطوا بناتهم لبنيهم وعبدوا آلهتهم. فعمل بنو إسرائيل الشر في عيني الرب ونسوا الرب إلههم وعبدوا البعليم والسواري.""
قضاة,3,52,"الآيات (1-7): ""فهؤلاء هم الأمم الذين تركهم الرب ليمتحن بهم إسرائيل كل الذين لم يعرفوا جميع حروب كنعان. إنما لمعرفة اجيال بني إسرائيل لتعليمهم الحرب الذين لم يعرفوها قبل فقط. أقطاب الفلسطينيين الخمسة وجميع الكنعانيين والصيدونيين والحويين سكان جبل لبنان من جبل بعل حرمون إلى مدخل حماة. كانوا لامتحان إسرائيل بهم لكي يعلم هل يسمعون وصايا الرب التي أوصى بها إباءهم عن يد موسى. فسكن بنو إسرائيل في وسط الكنعانيين والحثيين والاموريين والفرزيين والحويين واليبوسيين. واتخذوا بناتهم لأنفسهم نساء وأعطوا بناتهم لبنيهم وعبدوا آلهتهم. فعمل بنو إسرائيل الشر في عيني الرب ونسوا الرب إلههم وعبدوا البعليم والسواري.""
قضاة,3,53,"الآيات (1-7): ""فهؤلاء هم الأمم الذين تركهم الرب ليمتحن بهم إسرائيل كل الذين لم يعرفوا جميع حروب كنعان. إنما لمعرفة اجيال بني إسرائيل لتعليمهم الحرب الذين لم يعرفوها قبل فقط. أقطاب الفلسطينيين الخمسة وجميع الكنعانيين والصيدونيين والحويين سكان جبل لبنان من جبل بعل حرمون إلى مدخل حماة. كانوا لامتحان إسرائيل بهم لكي يعلم هل يسمعون وصايا الرب التي أوصى بها إباءهم عن يد موسى. فسكن بنو إسرائيل في وسط الكنعانيين والحثيين والاموريين والفرزيين والحويين واليبوسيين. واتخذوا بناتهم لأنفسهم نساء وأعطوا بناتهم لبنيهم وعبدوا آلهتهم. فعمل بنو إسرائيل الشر في عيني الرب ونسوا الرب إلههم وعبدوا البعليم والسواري.""
قضاة,3,54,"الآيات (1-7): ""فهؤلاء هم الأمم الذين تركهم الرب ليمتحن بهم إسرائيل كل الذين لم يعرفوا جميع حروب كنعان. إنما لمعرفة اجيال بني إسرائيل لتعليمهم الحرب الذين لم يعرفوها قبل فقط. أقطاب الفلسطينيين الخمسة وجميع الكنعانيين والصيدونيين والحويين سكان جبل لبنان من جبل بعل حرمون إلى مدخل حماة. كانوا لامتحان إسرائيل بهم لكي يعلم هل يسمعون وصايا الرب التي أوصى بها إباءهم عن يد موسى. فسكن بنو إسرائيل في وسط الكنعانيين والحثيين والاموريين والفرزيين والحويين واليبوسيين. واتخذوا بناتهم لأنفسهم نساء وأعطوا بناتهم لبنيهم وعبدوا آلهتهم. فعمل بنو إسرائيل الشر في عيني الرب ونسوا الرب إلههم وعبدوا البعليم والسواري.""
قضاة,3,55,"الآيات (1-7): ""فهؤلاء هم الأمم الذين تركهم الرب ليمتحن بهم إسرائيل كل الذين لم يعرفوا جميع حروب كنعان. إنما لمعرفة اجيال بني إسرائيل لتعليمهم الحرب الذين لم يعرفوها قبل فقط. أقطاب الفلسطينيين الخمسة وجميع الكنعانيين والصيدونيين والحويين سكان جبل لبنان من جبل بعل حرمون إلى مدخل حماة. كانوا لامتحان إسرائيل بهم لكي يعلم هل يسمعون وصايا الرب التي أوصى بها إباءهم عن يد موسى. فسكن بنو إسرائيل في وسط الكنعانيين والحثيين والاموريين والفرزيين والحويين واليبوسيين. واتخذوا بناتهم لأنفسهم نساء وأعطوا بناتهم لبنيهم وعبدوا آلهتهم. فعمل بنو إسرائيل الشر في عيني الرب ونسوا الرب إلههم وعبدوا البعليم والسواري.""
قضاة,3,56,"الآيات (1-7): ""فهؤلاء هم الأمم الذين تركهم الرب ليمتحن بهم إسرائيل كل الذين لم يعرفوا جميع حروب كنعان. إنما لمعرفة اجيال بني إسرائيل لتعليمهم الحرب الذين لم يعرفوها قبل فقط. أقطاب الفلسطينيين الخمسة وجميع الكنعانيين والصيدونيين والحويين سكان جبل لبنان من جبل بعل حرمون إلى مدخل حماة. كانوا لامتحان إسرائيل بهم لكي يعلم هل يسمعون وصايا الرب التي أوصى بها إباءهم عن يد موسى. فسكن بنو إسرائيل في وسط الكنعانيين والحثيين والاموريين والفرزيين والحويين واليبوسيين. واتخذوا بناتهم لأنفسهم نساء وأعطوا بناتهم لبنيهم وعبدوا آلهتهم. فعمل بنو إسرائيل الشر في عيني الرب ونسوا الرب إلههم وعبدوا البعليم والسواري.""
قضاة,3,57,"الآيات (1-7): ""فهؤلاء هم الأمم الذين تركهم الرب ليمتحن بهم إسرائيل كل الذين لم يعرفوا جميع حروب كنعان. إنما لمعرفة اجيال بني إسرائيل لتعليمهم الحرب الذين لم يعرفوها قبل فقط. أقطاب الفلسطينيين الخمسة وجميع الكنعانيين والصيدونيين والحويين سكان جبل لبنان من جبل بعل حرمون إلى مدخل حماة. كانوا لامتحان إسرائيل بهم لكي يعلم هل يسمعون وصايا الرب التي أوصى بها إباءهم عن يد موسى. فسكن بنو إسرائيل في وسط الكنعانيين والحثيين والاموريين والفرزيين والحويين واليبوسيين. واتخذوا بناتهم لأنفسهم نساء وأعطوا بناتهم لبنيهم وعبدوا آلهتهم. فعمل بنو إسرائيل الشر في عيني الرب ونسوا الرب إلههم وعبدوا البعليم والسواري.""
قضاة,3,58,"الآيات (1-7): ""فهؤلاء هم الأمم الذين تركهم الرب ليمتحن بهم إسرائيل كل الذين لم يعرفوا جميع حروب كنعان. إنما لمعرفة اجيال بني إسرائيل لتعليمهم الحرب الذين لم يعرفوها قبل فقط. أقطاب الفلسطينيين الخمسة وجميع الكنعانيين والصيدونيين والحويين سكان جبل لبنان من جبل بعل حرمون إلى مدخل حماة. كانوا لامتحان إسرائيل بهم لكي يعلم هل يسمعون وصايا الرب التي أوصى بها إباءهم عن يد موسى. فسكن بنو إسرائيل في وسط الكنعانيين والحثيين والاموريين والفرزيين والحويين واليبوسيين. واتخذوا بناتهم لأنفسهم نساء وأعطوا بناتهم لبنيهم وعبدوا آلهتهم. فعمل بنو إسرائيل الشر في عيني الرب ونسوا الرب إلههم وعبدوا البعليم والسواري.""
قضاة,3,59,"الآيات (1-7): ""فهؤلاء هم الأمم الذين تركهم الرب ليمتحن بهم إسرائيل كل الذين لم يعرفوا جميع حروب كنعان. إنما لمعرفة اجيال بني إسرائيل لتعليمهم الحرب الذين لم يعرفوها قبل فقط. أقطاب الفلسطينيين الخمسة وجميع الكنعانيين والصيدونيين والحويين سكان جبل لبنان من جبل بعل حرمون إلى مدخل حماة. كانوا لامتحان إسرائيل بهم لكي يعلم هل يسمعون وصايا الرب التي أوصى بها إباءهم عن يد موسى. فسكن بنو إسرائيل في وسط الكنعانيين والحثيين والاموريين والفرزيين والحويين واليبوسيين. واتخذوا بناتهم لأنفسهم نساء وأعطوا بناتهم لبنيهم وعبدوا آلهتهم. فعمل بنو إسرائيل الشر في عيني الرب ونسوا الرب إلههم وعبدوا البعليم والسواري.""
قضاة,3,60,"الآيات (1-7): ""فهؤلاء هم الأمم الذين تركهم الرب ليمتحن بهم إسرائيل كل الذين لم يعرفوا جميع حروب كنعان. إنما لمعرفة اجيال بني إسرائيل لتعليمهم الحرب الذين لم يعرفوها قبل فقط. أقطاب الفلسطينيين الخمسة وجميع الكنعانيين والصيدونيين والحويين سكان جبل لبنان من جبل بعل حرمون إلى مدخل حماة. كانوا لامتحان إسرائيل بهم لكي يعلم هل يسمعون وصايا الرب التي أوصى بها إباءهم عن يد موسى. فسكن بنو إسرائيل في وسط الكنعانيين والحثيين والاموريين والفرزيين والحويين واليبوسيين. واتخذوا بناتهم لأنفسهم نساء وأعطوا بناتهم لبنيهم وعبدوا آلهتهم. فعمل بنو إسرائيل الشر في عيني الرب ونسوا الرب إلههم وعبدوا البعليم والسواري.""
قضاة,3,61,"الآيات (1-7): ""فهؤلاء هم الأمم الذين تركهم الرب ليمتحن بهم إسرائيل كل الذين لم يعرفوا جميع حروب كنعان. إنما لمعرفة اجيال بني إسرائيل لتعليمهم الحرب الذين لم يعرفوها قبل فقط. أقطاب الفلسطينيين الخمسة وجميع الكنعانيين والصيدونيين والحويين سكان جبل لبنان من جبل بعل حرمون إلى مدخل حماة. كانوا لامتحان إسرائيل بهم لكي يعلم هل يسمعون وصايا الرب التي أوصى بها إباءهم عن يد موسى. فسكن بنو إسرائيل في وسط الكنعانيين والحثيين والاموريين والفرزيين والحويين واليبوسيين. واتخذوا بناتهم لأنفسهم نساء وأعطوا بناتهم لبنيهم وعبدوا آلهتهم. فعمل بنو إسرائيل الشر في عيني الرب ونسوا الرب إلههم وعبدوا البعليم والسواري.""
قضاة,3,62,"الآيات (1-7): ""فهؤلاء هم الأمم الذين تركهم الرب ليمتحن بهم إسرائيل كل الذين لم يعرفوا جميع حروب كنعان. إنما لمعرفة اجيال بني إسرائيل لتعليمهم الحرب الذين لم يعرفوها قبل فقط. أقطاب الفلسطينيين الخمسة وجميع الكنعانيين والصيدونيين والحويين سكان جبل لبنان من جبل بعل حرمون إلى مدخل حماة. كانوا لامتحان إسرائيل بهم لكي يعلم هل يسمعون وصايا الرب التي أوصى بها إباءهم عن يد موسى. فسكن بنو إسرائيل في وسط الكنعانيين والحثيين والاموريين والفرزيين والحويين واليبوسيين. واتخذوا بناتهم لأنفسهم نساء وأعطوا بناتهم لبنيهم وعبدوا آلهتهم. فعمل بنو إسرائيل الشر في عيني الرب ونسوا الرب إلههم وعبدوا البعليم والسواري.""
قضاة,3,63,"الآيات (1-7): ""فهؤلاء هم الأمم الذين تركهم الرب ليمتحن بهم إسرائيل كل الذين لم يعرفوا جميع حروب كنعان. إنما لمعرفة اجيال بني إسرائيل لتعليمهم الحرب الذين لم يعرفوها قبل فقط. أقطاب الفلسطينيين الخمسة وجميع الكنعانيين والصيدونيين والحويين سكان جبل لبنان من جبل بعل حرمون إلى مدخل حماة. كانوا لامتحان إسرائيل بهم لكي يعلم هل يسمعون وصايا الرب التي أوصى بها إباءهم عن يد موسى. فسكن بنو إسرائيل في وسط الكنعانيين والحثيين والاموريين والفرزيين والحويين واليبوسيين. واتخذوا بناتهم لأنفسهم نساء وأعطوا بناتهم لبنيهم وعبدوا آلهتهم. فعمل بنو إسرائيل الشر في عيني الرب ونسوا الرب إلههم وعبدوا البعليم والسواري.""
قضاة,3,64,"الآيات (1-7): ""فهؤلاء هم الأمم الذين تركهم الرب ليمتحن بهم إسرائيل كل الذين لم يعرفوا جميع حروب كنعان. إنما لمعرفة اجيال بني إسرائيل لتعليمهم الحرب الذين لم يعرفوها قبل فقط. أقطاب الفلسطينيين الخمسة وجميع الكنعانيين والصيدونيين والحويين سكان جبل لبنان من جبل بعل حرمون إلى مدخل حماة. كانوا لامتحان إسرائيل بهم لكي يعلم هل يسمعون وصايا الرب التي أوصى بها إباءهم عن يد موسى. فسكن بنو إسرائيل في وسط الكنعانيين والحثيين والاموريين والفرزيين والحويين واليبوسيين. واتخذوا بناتهم لأنفسهم نساء وأعطوا بناتهم لبنيهم وعبدوا آلهتهم. فعمل بنو إسرائيل الشر في عيني الرب ونسوا الرب إلههم وعبدوا البعليم والسواري.""
قضاة,3,65,"الآيات (1-7): ""فهؤلاء هم الأمم الذين تركهم الرب ليمتحن بهم إسرائيل كل الذين لم يعرفوا جميع حروب كنعان. إنما لمعرفة اجيال بني إسرائيل لتعليمهم الحرب الذين لم يعرفوها قبل فقط. أقطاب الفلسطينيين الخمسة وجميع الكنعانيين والصيدونيين والحويين سكان جبل لبنان من جبل بعل حرمون إلى مدخل حماة. كانوا لامتحان إسرائيل بهم لكي يعلم هل يسمعون وصايا الرب التي أوصى بها إباءهم عن يد موسى. فسكن بنو إسرائيل في وسط الكنعانيين والحثيين والاموريين والفرزيين والحويين واليبوسيين. واتخذوا بناتهم لأنفسهم نساء وأعطوا بناتهم لبنيهم وعبدوا آلهتهم. فعمل بنو إسرائيل الشر في عيني الرب ونسوا الرب إلههم وعبدوا البعليم والسواري.""
قضاة,3,66,"الآيات (1-7): ""فهؤلاء هم الأمم الذين تركهم الرب ليمتحن بهم إسرائيل كل الذين لم يعرفوا جميع حروب كنعان. إنما لمعرفة اجيال بني إسرائيل لتعليمهم الحرب الذين لم يعرفوها قبل فقط. أقطاب الفلسطينيين الخمسة وجميع الكنعانيين والصيدونيين والحويين سكان جبل لبنان من جبل بعل حرمون إلى مدخل حماة. كانوا لامتحان إسرائيل بهم لكي يعلم هل يسمعون وصايا الرب التي أوصى بها إباءهم عن يد موسى. فسكن بنو إسرائيل في وسط الكنعانيين والحثيين والاموريين والفرزيين والحويين واليبوسيين. واتخذوا بناتهم لأنفسهم نساء وأعطوا بناتهم لبنيهم وعبدوا آلهتهم. فعمل بنو إسرائيل الشر في عيني الرب ونسوا الرب إلههم وعبدوا البعليم والسواري.""
قضاة,3,67,"الآيات (1-7): ""فهؤلاء هم الأمم الذين تركهم الرب ليمتحن بهم إسرائيل كل الذين لم يعرفوا جميع حروب كنعان. إنما لمعرفة اجيال بني إسرائيل لتعليمهم الحرب الذين لم يعرفوها قبل فقط. أقطاب الفلسطينيين الخمسة وجميع الكنعانيين والصيدونيين والحويين سكان جبل لبنان من جبل بعل حرمون إلى مدخل حماة. كانوا لامتحان إسرائيل بهم لكي يعلم هل يسمعون وصايا الرب التي أوصى بها إباءهم عن يد موسى. فسكن بنو إسرائيل في وسط الكنعانيين والحثيين والاموريين والفرزيين والحويين واليبوسيين. واتخذوا بناتهم لأنفسهم نساء وأعطوا بناتهم لبنيهم وعبدوا آلهتهم. فعمل بنو إسرائيل الشر في عيني الرب ونسوا الرب إلههم وعبدوا البعليم والسواري.""
قضاة,3,68,"الآيات (1-7): ""فهؤلاء هم الأمم الذين تركهم الرب ليمتحن بهم إسرائيل كل الذين لم يعرفوا جميع حروب كنعان. إنما لمعرفة اجيال بني إسرائيل لتعليمهم الحرب الذين لم يعرفوها قبل فقط. أقطاب الفلسطينيين الخمسة وجميع الكنعانيين والصيدونيين والحويين سكان جبل لبنان من جبل بعل حرمون إلى مدخل حماة. كانوا لامتحان إسرائيل بهم لكي يعلم هل يسمعون وصايا الرب التي أوصى بها إباءهم عن يد موسى. فسكن بنو إسرائيل في وسط الكنعانيين والحثيين والاموريين والفرزيين والحويين واليبوسيين. واتخذوا بناتهم لأنفسهم نساء وأعطوا بناتهم لبنيهم وعبدوا آلهتهم. فعمل بنو إسرائيل الشر في عيني الرب ونسوا الرب إلههم وعبدوا البعليم والسواري.""
قضاة,3,69,"الآيات (1-7): ""فهؤلاء هم الأمم الذين تركهم الرب ليمتحن بهم إسرائيل كل الذين لم يعرفوا جميع حروب كنعان. إنما لمعرفة اجيال بني إسرائيل لتعليمهم الحرب الذين لم يعرفوها قبل فقط. أقطاب الفلسطينيين الخمسة وجميع الكنعانيين والصيدونيين والحويين سكان جبل لبنان من جبل بعل حرمون إلى مدخل حماة. كانوا لامتحان إسرائيل بهم لكي يعلم هل يسمعون وصايا الرب التي أوصى بها إباءهم عن يد موسى. فسكن بنو إسرائيل في وسط الكنعانيين والحثيين والاموريين والفرزيين والحويين واليبوسيين. واتخذوا بناتهم لأنفسهم نساء وأعطوا بناتهم لبنيهم وعبدوا آلهتهم. فعمل بنو إسرائيل الشر في عيني الرب ونسوا الرب إلههم وعبدوا البعليم والسواري.""
قضاة,3,70,"الآيات (1-7): ""فهؤلاء هم الأمم الذين تركهم الرب ليمتحن بهم إسرائيل كل الذين لم يعرفوا جميع حروب كنعان. إنما لمعرفة اجيال بني إسرائيل لتعليمهم الحرب الذين لم يعرفوها قبل فقط. أقطاب الفلسطينيين الخمسة وجميع الكنعانيين والصيدونيين والحويين سكان جبل لبنان من جبل بعل حرمون إلى مدخل حماة. كانوا لامتحان إسرائيل بهم لكي يعلم هل يسمعون وصايا الرب التي أوصى بها إباءهم عن يد موسى. فسكن بنو إسرائيل في وسط الكنعانيين والحثيين والاموريين والفرزيين والحويين واليبوسيين. واتخذوا بناتهم لأنفسهم نساء وأعطوا بناتهم لبنيهم وعبدوا آلهتهم. فعمل بنو إسرائيل الشر في عيني الرب ونسوا الرب إلههم وعبدوا البعليم والسواري.""
قضاة,3,71,"الآيات (1-7): ""فهؤلاء هم الأمم الذين تركهم الرب ليمتحن بهم إسرائيل كل الذين لم يعرفوا جميع حروب كنعان. إنما لمعرفة اجيال بني إسرائيل لتعليمهم الحرب الذين لم يعرفوها قبل فقط. أقطاب الفلسطينيين الخمسة وجميع الكنعانيين والصيدونيين والحويين سكان جبل لبنان من جبل بعل حرمون إلى مدخل حماة. كانوا لامتحان إسرائيل بهم لكي يعلم هل يسمعون وصايا الرب التي أوصى بها إباءهم عن يد موسى. فسكن بنو إسرائيل في وسط الكنعانيين والحثيين والاموريين والفرزيين والحويين واليبوسيين. واتخذوا بناتهم لأنفسهم نساء وأعطوا بناتهم لبنيهم وعبدوا آلهتهم. فعمل بنو إسرائيل الشر في عيني الرب ونسوا الرب إلههم وعبدوا البعليم والسواري.""
قضاة,3,72,"الآيات (1-7): ""فهؤلاء هم الأمم الذين تركهم الرب ليمتحن بهم إسرائيل كل الذين لم يعرفوا جميع حروب كنعان. إنما لمعرفة اجيال بني إسرائيل لتعليمهم الحرب الذين لم يعرفوها قبل فقط. أقطاب الفلسطينيين الخمسة وجميع الكنعانيين والصيدونيين والحويين سكان جبل لبنان من جبل بعل حرمون إلى مدخل حماة. كانوا لامتحان إسرائيل بهم لكي يعلم هل يسمعون وصايا الرب التي أوصى بها إباءهم عن يد موسى. فسكن بنو إسرائيل في وسط الكنعانيين والحثيين والاموريين والفرزيين والحويين واليبوسيين. واتخذوا بناتهم لأنفسهم نساء وأعطوا بناتهم لبنيهم وعبدوا آلهتهم. فعمل بنو إسرائيل الشر في عيني الرب ونسوا الرب إلههم وعبدوا البعليم والسواري.""
قضاة,3,73,"الآيات (1-7): ""فهؤلاء هم الأمم الذين تركهم الرب ليمتحن بهم إسرائيل كل الذين لم يعرفوا جميع حروب كنعان. إنما لمعرفة اجيال بني إسرائيل لتعليمهم الحرب الذين لم يعرفوها قبل فقط. أقطاب الفلسطينيين الخمسة وجميع الكنعانيين والصيدونيين والحويين سكان جبل لبنان من جبل بعل حرمون إلى مدخل حماة. كانوا لامتحان إسرائيل بهم لكي يعلم هل يسمعون وصايا الرب التي أوصى بها إباءهم عن يد موسى. فسكن بنو إسرائيل في وسط الكنعانيين والحثيين والاموريين والفرزيين والحويين واليبوسيين. واتخذوا بناتهم لأنفسهم نساء وأعطوا بناتهم لبنيهم وعبدوا آلهتهم. فعمل بنو إسرائيل الشر في عيني الرب ونسوا الرب إلههم وعبدوا البعليم والسواري.""
قضاة,3,74,"الآيات (1-7): ""فهؤلاء هم الأمم الذين تركهم الرب ليمتحن بهم إسرائيل كل الذين لم يعرفوا جميع حروب كنعان. إنما لمعرفة اجيال بني إسرائيل لتعليمهم الحرب الذين لم يعرفوها قبل فقط. أقطاب الفلسطينيين الخمسة وجميع الكنعانيين والصيدونيين والحويين سكان جبل لبنان من جبل بعل حرمون إلى مدخل حماة. كانوا لامتحان إسرائيل بهم لكي يعلم هل يسمعون وصايا الرب التي أوصى بها إباءهم عن يد موسى. فسكن بنو إسرائيل في وسط الكنعانيين والحثيين والاموريين والفرزيين والحويين واليبوسيين. واتخذوا بناتهم لأنفسهم نساء وأعطوا بناتهم لبنيهم وعبدوا آلهتهم. فعمل بنو إسرائيل الشر في عيني الرب ونسوا الرب إلههم وعبدوا البعليم والسواري.""
قضاة,3,75,"الآيات (1-7): ""فهؤلاء هم الأمم الذين تركهم الرب ليمتحن بهم إسرائيل كل الذين لم يعرفوا جميع حروب كنعان. إنما لمعرفة اجيال بني إسرائيل لتعليمهم الحرب الذين لم يعرفوها قبل فقط. أقطاب الفلسطينيين الخمسة وجميع الكنعانيين والصيدونيين والحويين سكان جبل لبنان من جبل بعل حرمون إلى مدخل حماة. كانوا لامتحان إسرائيل بهم لكي يعلم هل يسمعون وصايا الرب التي أوصى بها إباءهم عن يد موسى. فسكن بنو إسرائيل في وسط الكنعانيين والحثيين والاموريين والفرزيين والحويين واليبوسيين. واتخذوا بناتهم لأنفسهم نساء وأعطوا بناتهم لبنيهم وعبدوا آلهتهم. فعمل بنو إسرائيل الشر في عيني الرب ونسوا الرب إلههم وعبدوا البعليم والسواري.""
قضاة,3,76,"الآيات (1-7): ""فهؤلاء هم الأمم الذين تركهم الرب ليمتحن بهم إسرائيل كل الذين لم يعرفوا جميع حروب كنعان. إنما لمعرفة اجيال بني إسرائيل لتعليمهم الحرب الذين لم يعرفوها قبل فقط. أقطاب الفلسطينيين الخمسة وجميع الكنعانيين والصيدونيين والحويين سكان جبل لبنان من جبل بعل حرمون إلى مدخل حماة. كانوا لامتحان إسرائيل بهم لكي يعلم هل يسمعون وصايا الرب التي أوصى بها إباءهم عن يد موسى. فسكن بنو إسرائيل في وسط الكنعانيين والحثيين والاموريين والفرزيين والحويين واليبوسيين. واتخذوا بناتهم لأنفسهم نساء وأعطوا بناتهم لبنيهم وعبدوا آلهتهم. فعمل بنو إسرائيل الشر في عيني الرب ونسوا الرب إلههم وعبدوا البعليم والسواري.""
قضاة,3,77,"الآيات (1-7): ""فهؤلاء هم الأمم الذين تركهم الرب ليمتحن بهم إسرائيل كل الذين لم يعرفوا جميع حروب كنعان. إنما لمعرفة اجيال بني إسرائيل لتعليمهم الحرب الذين لم يعرفوها قبل فقط. أقطاب الفلسطينيين الخمسة وجميع الكنعانيين والصيدونيين والحويين سكان جبل لبنان من جبل بعل حرمون إلى مدخل حماة. كانوا لامتحان إسرائيل بهم لكي يعلم هل يسمعون وصايا الرب التي أوصى بها إباءهم عن يد موسى. فسكن بنو إسرائيل في وسط الكنعانيين والحثيين والاموريين والفرزيين والحويين واليبوسيين. واتخذوا بناتهم لأنفسهم نساء وأعطوا بناتهم لبنيهم وعبدوا آلهتهم. فعمل بنو إسرائيل الشر في عيني الرب ونسوا الرب إلههم وعبدوا البعليم والسواري.""
قضاة,3,78,"الآيات (1-7): ""فهؤلاء هم الأمم الذين تركهم الرب ليمتحن بهم إسرائيل كل الذين لم يعرفوا جميع حروب كنعان. إنما لمعرفة اجيال بني إسرائيل لتعليمهم الحرب الذين لم يعرفوها قبل فقط. أقطاب الفلسطينيين الخمسة وجميع الكنعانيين والصيدونيين والحويين سكان جبل لبنان من جبل بعل حرمون إلى مدخل حماة. كانوا لامتحان إسرائيل بهم لكي يعلم هل يسمعون وصايا الرب التي أوصى بها إباءهم عن يد موسى. فسكن بنو إسرائيل في وسط الكنعانيين والحثيين والاموريين والفرزيين والحويين واليبوسيين. واتخذوا بناتهم لأنفسهم نساء وأعطوا بناتهم لبنيهم وعبدوا آلهتهم. فعمل بنو إسرائيل الشر في عيني الرب ونسوا الرب إلههم وعبدوا البعليم والسواري.""
قضاة,3,79,"الآيات (1-7): ""فهؤلاء هم الأمم الذين تركهم الرب ليمتحن بهم إسرائيل كل الذين لم يعرفوا جميع حروب كنعان. إنما لمعرفة اجيال بني إسرائيل لتعليمهم الحرب الذين لم يعرفوها قبل فقط. أقطاب الفلسطينيين الخمسة وجميع الكنعانيين والصيدونيين والحويين سكان جبل لبنان من جبل بعل حرمون إلى مدخل حماة. كانوا لامتحان إسرائيل بهم لكي يعلم هل يسمعون وصايا الرب التي أوصى بها إباءهم عن يد موسى. فسكن بنو إسرائيل في وسط الكنعانيين والحثيين والاموريين والفرزيين والحويين واليبوسيين. واتخذوا بناتهم لأنفسهم نساء وأعطوا بناتهم لبنيهم وعبدوا آلهتهم. فعمل بنو إسرائيل الشر في عيني الرب ونسوا الرب إلههم وعبدوا البعليم والسواري.""
قضاة,3,80,"الآيات (1-7): ""فهؤلاء هم الأمم الذين تركهم الرب ليمتحن بهم إسرائيل كل الذين لم يعرفوا جميع حروب كنعان. إنما لمعرفة اجيال بني إسرائيل لتعليمهم الحرب الذين لم يعرفوها قبل فقط. أقطاب الفلسطينيين الخمسة وجميع الكنعانيين والصيدونيين والحويين سكان جبل لبنان من جبل بعل حرمون إلى مدخل حماة. كانوا لامتحان إسرائيل بهم لكي يعلم هل يسمعون وصايا الرب التي أوصى بها إباءهم عن يد موسى. فسكن بنو إسرائيل في وسط الكنعانيين والحثيين والاموريين والفرزيين والحويين واليبوسيين. واتخذوا بناتهم لأنفسهم نساء وأعطوا بناتهم لبنيهم وعبدوا آلهتهم. فعمل بنو إسرائيل الشر في عيني الرب ونسوا الرب إلههم وعبدوا البعليم والسواري.""
قضاة,3,81,"الآيات (1-7): ""فهؤلاء هم الأمم الذين تركهم الرب ليمتحن بهم إسرائيل كل الذين لم يعرفوا جميع حروب كنعان. إنما لمعرفة اجيال بني إسرائيل لتعليمهم الحرب الذين لم يعرفوها قبل فقط. أقطاب الفلسطينيين الخمسة وجميع الكنعانيين والصيدونيين والحويين سكان جبل لبنان من جبل بعل حرمون إلى مدخل حماة. كانوا لامتحان إسرائيل بهم لكي يعلم هل يسمعون وصايا الرب التي أوصى بها إباءهم عن يد موسى. فسكن بنو إسرائيل في وسط الكنعانيين والحثيين والاموريين والفرزيين والحويين واليبوسيين. واتخذوا بناتهم لأنفسهم نساء وأعطوا بناتهم لبنيهم وعبدوا آلهتهم. فعمل بنو إسرائيل الشر في عيني الرب ونسوا الرب إلههم وعبدوا البعليم والسواري.""
قضاة,3,82,"الآيات (1-7): ""فهؤلاء هم الأمم الذين تركهم الرب ليمتحن بهم إسرائيل كل الذين لم يعرفوا جميع حروب كنعان. إنما لمعرفة اجيال بني إسرائيل لتعليمهم الحرب الذين لم يعرفوها قبل فقط. أقطاب الفلسطينيين الخمسة وجميع الكنعانيين والصيدونيين والحويين سكان جبل لبنان من جبل بعل حرمون إلى مدخل حماة. كانوا لامتحان إسرائيل بهم لكي يعلم هل يسمعون وصايا الرب التي أوصى بها إباءهم عن يد موسى. فسكن بنو إسرائيل في وسط الكنعانيين والحثيين والاموريين والفرزيين والحويين واليبوسيين. واتخذوا بناتهم لأنفسهم نساء وأعطوا بناتهم لبنيهم وعبدوا آلهتهم. فعمل بنو إسرائيل الشر في عيني الرب ونسوا الرب إلههم وعبدوا البعليم والسواري.""
قضاة,3,83,"الآيات (1-7): ""فهؤلاء هم الأمم الذين تركهم الرب ليمتحن بهم إسرائيل كل الذين لم يعرفوا جميع حروب كنعان. إنما لمعرفة اجيال بني إسرائيل لتعليمهم الحرب الذين لم يعرفوها قبل فقط. أقطاب الفلسطينيين الخمسة وجميع الكنعانيين والصيدونيين والحويين سكان جبل لبنان من جبل بعل حرمون إلى مدخل حماة. كانوا لامتحان إسرائيل بهم لكي يعلم هل يسمعون وصايا الرب التي أوصى بها إباءهم عن يد موسى. فسكن بنو إسرائيل في وسط الكنعانيين والحثيين والاموريين والفرزيين والحويين واليبوسيين. واتخذوا بناتهم لأنفسهم نساء وأعطوا بناتهم لبنيهم وعبدوا آلهتهم. فعمل بنو إسرائيل الشر في عيني الرب ونسوا الرب إلههم وعبدوا البعليم والسواري.""
قضاة,3,84,"الآيات (1-7): ""فهؤلاء هم الأمم الذين تركهم الرب ليمتحن بهم إسرائيل كل الذين لم يعرفوا جميع حروب كنعان. إنما لمعرفة اجيال بني إسرائيل لتعليمهم الحرب الذين لم يعرفوها قبل فقط. أقطاب الفلسطينيين الخمسة وجميع الكنعانيين والصيدونيين والحويين سكان جبل لبنان من جبل بعل حرمون إلى مدخل حماة. كانوا لامتحان إسرائيل بهم لكي يعلم هل يسمعون وصايا الرب التي أوصى بها إباءهم عن يد موسى. فسكن بنو إسرائيل في وسط الكنعانيين والحثيين والاموريين والفرزيين والحويين واليبوسيين. واتخذوا بناتهم لأنفسهم نساء وأعطوا بناتهم لبنيهم وعبدوا آلهتهم. فعمل بنو إسرائيل الشر في عيني الرب ونسوا الرب إلههم وعبدوا البعليم والسواري.""
قضاة,3,85,"الآيات (1-7): ""فهؤلاء هم الأمم الذين تركهم الرب ليمتحن بهم إسرائيل كل الذين لم يعرفوا جميع حروب كنعان. إنما لمعرفة اجيال بني إسرائيل لتعليمهم الحرب الذين لم يعرفوها قبل فقط. أقطاب الفلسطينيين الخمسة وجميع الكنعانيين والصيدونيين والحويين سكان جبل لبنان من جبل بعل حرمون إلى مدخل حماة. كانوا لامتحان إسرائيل بهم لكي يعلم هل يسمعون وصايا الرب التي أوصى بها إباءهم عن يد موسى. فسكن بنو إسرائيل في وسط الكنعانيين والحثيين والاموريين والفرزيين والحويين واليبوسيين. واتخذوا بناتهم لأنفسهم نساء وأعطوا بناتهم لبنيهم وعبدوا آلهتهم. فعمل بنو إسرائيل الشر في عيني الرب ونسوا الرب إلههم وعبدوا البعليم والسواري.""
قضاة,3,86,"الآيات (1-7): ""فهؤلاء هم الأمم الذين تركهم الرب ليمتحن بهم إسرائيل كل الذين لم يعرفوا جميع حروب كنعان. إنما لمعرفة اجيال بني إسرائيل لتعليمهم الحرب الذين لم يعرفوها قبل فقط. أقطاب الفلسطينيين الخمسة وجميع الكنعانيين والصيدونيين والحويين سكان جبل لبنان من جبل بعل حرمون إلى مدخل حماة. كانوا لامتحان إسرائيل بهم لكي يعلم هل يسمعون وصايا الرب التي أوصى بها إباءهم عن يد موسى. فسكن بنو إسرائيل في وسط الكنعانيين والحثيين والاموريين والفرزيين والحويين واليبوسيين. واتخذوا بناتهم لأنفسهم نساء وأعطوا بناتهم لبنيهم وعبدوا آلهتهم. فعمل بنو إسرائيل الشر في عيني الرب ونسوا الرب إلههم وعبدوا البعليم والسواري.""
قضاة,3,87,"الآيات (1-7): ""فهؤلاء هم الأمم الذين تركهم الرب ليمتحن بهم إسرائيل كل الذين لم يعرفوا جميع حروب كنعان. إنما لمعرفة اجيال بني إسرائيل لتعليمهم الحرب الذين لم يعرفوها قبل فقط. أقطاب الفلسطينيين الخمسة وجميع الكنعانيين والصيدونيين والحويين سكان جبل لبنان من جبل بعل حرمون إلى مدخل حماة. كانوا لامتحان إسرائيل بهم لكي يعلم هل يسمعون وصايا الرب التي أوصى بها إباءهم عن يد موسى. فسكن بنو إسرائيل في وسط الكنعانيين والحثيين والاموريين والفرزيين والحويين واليبوسيين. واتخذوا بناتهم لأنفسهم نساء وأعطوا بناتهم لبنيهم وعبدوا آلهتهم. فعمل بنو إسرائيل الشر في عيني الرب ونسوا الرب إلههم وعبدوا البعليم والسواري.""
قضاة,3,88,"الآيات (1-7): ""فهؤلاء هم الأمم الذين تركهم الرب ليمتحن بهم إسرائيل كل الذين لم يعرفوا جميع حروب كنعان. إنما لمعرفة اجيال بني إسرائيل لتعليمهم الحرب الذين لم يعرفوها قبل فقط. أقطاب الفلسطينيين الخمسة وجميع الكنعانيين والصيدونيين والحويين سكان جبل لبنان من جبل بعل حرمون إلى مدخل حماة. كانوا لامتحان إسرائيل بهم لكي يعلم هل يسمعون وصايا الرب التي أوصى بها إباءهم عن يد موسى. فسكن بنو إسرائيل في وسط الكنعانيين والحثيين والاموريين والفرزيين والحويين واليبوسيين. واتخذوا بناتهم لأنفسهم نساء وأعطوا بناتهم لبنيهم وعبدوا آلهتهم. فعمل بنو إسرائيل الشر في عيني الرب ونسوا الرب إلههم وعبدوا البعليم والسواري.""
قضاة,3,89,"الآيات (1-7): ""فهؤلاء هم الأمم الذين تركهم الرب ليمتحن بهم إسرائيل كل الذين لم يعرفوا جميع حروب كنعان. إنما لمعرفة اجيال بني إسرائيل لتعليمهم الحرب الذين لم يعرفوها قبل فقط. أقطاب الفلسطينيين الخمسة وجميع الكنعانيين والصيدونيين والحويين سكان جبل لبنان من جبل بعل حرمون إلى مدخل حماة. كانوا لامتحان إسرائيل بهم لكي يعلم هل يسمعون وصايا الرب التي أوصى بها إباءهم عن يد موسى. فسكن بنو إسرائيل في وسط الكنعانيين والحثيين والاموريين والفرزيين والحويين واليبوسيين. واتخذوا بناتهم لأنفسهم نساء وأعطوا بناتهم لبنيهم وعبدوا آلهتهم. فعمل بنو إسرائيل الشر في عيني الرب ونسوا الرب إلههم وعبدوا البعليم والسواري.""
قضاة,3,90,"الآيات (1-7): ""فهؤلاء هم الأمم الذين تركهم الرب ليمتحن بهم إسرائيل كل الذين لم يعرفوا جميع حروب كنعان. إنما لمعرفة اجيال بني إسرائيل لتعليمهم الحرب الذين لم يعرفوها قبل فقط. أقطاب الفلسطينيين الخمسة وجميع الكنعانيين والصيدونيين والحويين سكان جبل لبنان من جبل بعل حرمون إلى مدخل حماة. كانوا لامتحان إسرائيل بهم لكي يعلم هل يسمعون وصايا الرب التي أوصى بها إباءهم عن يد موسى. فسكن بنو إسرائيل في وسط الكنعانيين والحثيين والاموريين والفرزيين والحويين واليبوسيين. واتخذوا بناتهم لأنفسهم نساء وأعطوا بناتهم لبنيهم وعبدوا آلهتهم. فعمل بنو إسرائيل الشر في عيني الرب ونسوا الرب إلههم وعبدوا البعليم والسواري.""
قضاة,3,91,"الآيات (1-7): ""فهؤلاء هم الأمم الذين تركهم الرب ليمتحن بهم إسرائيل كل الذين لم يعرفوا جميع حروب كنعان. إنما لمعرفة اجيال بني إسرائيل لتعليمهم الحرب الذين لم يعرفوها قبل فقط. أقطاب الفلسطينيين الخمسة وجميع الكنعانيين والصيدونيين والحويين سكان جبل لبنان من جبل بعل حرمون إلى مدخل حماة. كانوا لامتحان إسرائيل بهم لكي يعلم هل يسمعون وصايا الرب التي أوصى بها إباءهم عن يد موسى. فسكن بنو إسرائيل في وسط الكنعانيين والحثيين والاموريين والفرزيين والحويين واليبوسيين. واتخذوا بناتهم لأنفسهم نساء وأعطوا بناتهم لبنيهم وعبدوا آلهتهم. فعمل بنو إسرائيل الشر في عيني الرب ونسوا الرب إلههم وعبدوا البعليم والسواري.""
قضاة,3,92,"الآيات (1-7): ""فهؤلاء هم الأمم الذين تركهم الرب ليمتحن بهم إسرائيل كل الذين لم يعرفوا جميع حروب كنعان. إنما لمعرفة اجيال بني إسرائيل لتعليمهم الحرب الذين لم يعرفوها قبل فقط. أقطاب الفلسطينيين الخمسة وجميع الكنعانيين والصيدونيين والحويين سكان جبل لبنان من جبل بعل حرمون إلى مدخل حماة. كانوا لامتحان إسرائيل بهم لكي يعلم هل يسمعون وصايا الرب التي أوصى بها إباءهم عن يد موسى. فسكن بنو إسرائيل في وسط الكنعانيين والحثيين والاموريين والفرزيين والحويين واليبوسيين. واتخذوا بناتهم لأنفسهم نساء وأعطوا بناتهم لبنيهم وعبدوا آلهتهم. فعمل بنو إسرائيل الشر في عيني الرب ونسوا الرب إلههم وعبدوا البعليم والسواري.""
قضاة,3,93,"الآيات (1-7): ""فهؤلاء هم الأمم الذين تركهم الرب ليمتحن بهم إسرائيل كل الذين لم يعرفوا جميع حروب كنعان. إنما لمعرفة اجيال بني إسرائيل لتعليمهم الحرب الذين لم يعرفوها قبل فقط. أقطاب الفلسطينيين الخمسة وجميع الكنعانيين والصيدونيين والحويين سكان جبل لبنان من جبل بعل حرمون إلى مدخل حماة. كانوا لامتحان إسرائيل بهم لكي يعلم هل يسمعون وصايا الرب التي أوصى بها إباءهم عن يد موسى. فسكن بنو إسرائيل في وسط الكنعانيين والحثيين والاموريين والفرزيين والحويين واليبوسيين. واتخذوا بناتهم لأنفسهم نساء وأعطوا بناتهم لبنيهم وعبدوا آلهتهم. فعمل بنو إسرائيل الشر في عيني الرب ونسوا الرب إلههم وعبدوا البعليم والسواري.""
قضاة,3,94,"الآيات (1-7): ""فهؤلاء هم الأمم الذين تركهم الرب ليمتحن بهم إسرائيل كل الذين لم يعرفوا جميع حروب كنعان. إنما لمعرفة اجيال بني إسرائيل لتعليمهم الحرب الذين لم يعرفوها قبل فقط. أقطاب الفلسطينيين الخمسة وجميع الكنعانيين والصيدونيين والحويين سكان جبل لبنان من جبل بعل حرمون إلى مدخل حماة. كانوا لامتحان إسرائيل بهم لكي يعلم هل يسمعون وصايا الرب التي أوصى بها إباءهم عن يد موسى. فسكن بنو إسرائيل في وسط الكنعانيين والحثيين والاموريين والفرزيين والحويين واليبوسيين. واتخذوا بناتهم لأنفسهم نساء وأعطوا بناتهم لبنيهم وعبدوا آلهتهم. فعمل بنو إسرائيل الشر في عيني الرب ونسوا الرب إلههم وعبدوا البعليم والسواري.""
قضاة,3,95,"الآيات (1-7): ""فهؤلاء هم الأمم الذين تركهم الرب ليمتحن بهم إسرائيل كل الذين لم يعرفوا جميع حروب كنعان. إنما لمعرفة اجيال بني إسرائيل لتعليمهم الحرب الذين لم يعرفوها قبل فقط. أقطاب الفلسطينيين الخمسة وجميع الكنعانيين والصيدونيين والحويين سكان جبل لبنان من جبل بعل حرمون إلى مدخل حماة. كانوا لامتحان إسرائيل بهم لكي يعلم هل يسمعون وصايا الرب التي أوصى بها إباءهم عن يد موسى. فسكن بنو إسرائيل في وسط الكنعانيين والحثيين والاموريين والفرزيين والحويين واليبوسيين. واتخذوا بناتهم لأنفسهم نساء وأعطوا بناتهم لبنيهم وعبدوا آلهتهم. فعمل بنو إسرائيل الشر في عيني الرب ونسوا الرب إلههم وعبدوا البعليم والسواري.""
قضاة,3,96,"الآيات (1-7): ""فهؤلاء هم الأمم الذين تركهم الرب ليمتحن بهم إسرائيل كل الذين لم يعرفوا جميع حروب كنعان. إنما لمعرفة اجيال بني إسرائيل لتعليمهم الحرب الذين لم يعرفوها قبل فقط. أقطاب الفلسطينيين الخمسة وجميع الكنعانيين والصيدونيين والحويين سكان جبل لبنان من جبل بعل حرمون إلى مدخل حماة. كانوا لامتحان إسرائيل بهم لكي يعلم هل يسمعون وصايا الرب التي أوصى بها إباءهم عن يد موسى. فسكن بنو إسرائيل في وسط الكنعانيين والحثيين والاموريين والفرزيين والحويين واليبوسيين. واتخذوا بناتهم لأنفسهم نساء وأعطوا بناتهم لبنيهم وعبدوا آلهتهم. فعمل بنو إسرائيل الشر في عيني الرب ونسوا الرب إلههم وعبدوا البعليم والسواري.""
قضاة,3,97,"الآيات (1-7): ""فهؤلاء هم الأمم الذين تركهم الرب ليمتحن بهم إسرائيل كل الذين لم يعرفوا جميع حروب كنعان. إنما لمعرفة اجيال بني إسرائيل لتعليمهم الحرب الذين لم يعرفوها قبل فقط. أقطاب الفلسطينيين الخمسة وجميع الكنعانيين والصيدونيين والحويين سكان جبل لبنان من جبل بعل حرمون إلى مدخل حماة. كانوا لامتحان إسرائيل بهم لكي يعلم هل يسمعون وصايا الرب التي أوصى بها إباءهم عن يد موسى. فسكن بنو إسرائيل في وسط الكنعانيين والحثيين والاموريين والفرزيين والحويين واليبوسيين. واتخذوا بناتهم لأنفسهم نساء وأعطوا بناتهم لبنيهم وعبدوا آلهتهم. فعمل بنو إسرائيل الشر في عيني الرب ونسوا الرب إلههم وعبدوا البعليم والسواري.""
قضاة,3,98,"الآيات (1-7): ""فهؤلاء هم الأمم الذين تركهم الرب ليمتحن بهم إسرائيل كل الذين لم يعرفوا جميع حروب كنعان. إنما لمعرفة اجيال بني إسرائيل لتعليمهم الحرب الذين لم يعرفوها قبل فقط. أقطاب الفلسطينيين الخمسة وجميع الكنعانيين والصيدونيين والحويين سكان جبل لبنان من جبل بعل حرمون إلى مدخل حماة. كانوا لامتحان إسرائيل بهم لكي يعلم هل يسمعون وصايا الرب التي أوصى بها إباءهم عن يد موسى. فسكن بنو إسرائيل في وسط الكنعانيين والحثيين والاموريين والفرزيين والحويين واليبوسيين. واتخذوا بناتهم لأنفسهم نساء وأعطوا بناتهم لبنيهم وعبدوا آلهتهم. فعمل بنو إسرائيل الشر في عيني الرب ونسوا الرب إلههم وعبدوا البعليم والسواري.""
قضاة,3,99,"الآيات (1-7): ""فهؤلاء هم الأمم الذين تركهم الرب ليمتحن بهم إسرائيل كل الذين لم يعرفوا جميع حروب كنعان. إنما لمعرفة اجيال بني إسرائيل لتعليمهم الحرب الذين لم يعرفوها قبل فقط. أقطاب الفلسطينيين الخمسة وجميع الكنعانيين والصيدونيين والحويين سكان جبل لبنان من جبل بعل حرمون إلى مدخل حماة. كانوا لامتحان إسرائيل بهم لكي يعلم هل يسمعون وصايا الرب التي أوصى بها إباءهم عن يد موسى. فسكن بنو إسرائيل في وسط الكنعانيين والحثيين والاموريين والفرزيين والحويين واليبوسيين. واتخذوا بناتهم لأنفسهم نساء وأعطوا بناتهم لبنيهم وعبدوا آلهتهم. فعمل بنو إسرائيل الشر في عيني الرب ونسوا الرب إلههم وعبدوا البعليم والسواري.""
قضاة,4,1,"نرى هنا أن الله يبرز دور النساء الإيجابى فالمرأة هي نصف الكنيسة وعليها دور عظيم ودبورة قامت بعمل لم يعمله الرجال\'a1 فهى التي فكرت في خلاص شعبها من نير العبودية. وأثارت غيرة باراق الخائرة\'a1 وعنفت الرجال الذين لم يتعاونوا في وقت الشدة. ولكننا نلمس تكامل أعضاء الكنيسة. فنحن نلاحظ أن دبورة وحدها لم تستطع أن تقوم بالعمل وحدها ولا باراق استطاع العمل وحده بل كان معهم 10.000 رجل وكانت هناك ياعيل أيضاً. فعلينا أن لا نحتقر أصغر عضو فى الكنيسة. 
قضاة,4,2,"نرى هنا أن الله يبرز دور النساء الإيجابى فالمرأة هي نصف الكنيسة وعليها دور عظيم ودبورة قامت بعمل لم يعمله الرجال\'a1 فهى التي فكرت في خلاص شعبها من نير العبودية. وأثارت غيرة باراق الخائرة\'a1 وعنفت الرجال الذين لم يتعاونوا في وقت الشدة. ولكننا نلمس تكامل أعضاء الكنيسة. فنحن نلاحظ أن دبورة وحدها لم تستطع أن تقوم بالعمل وحدها ولا باراق استطاع العمل وحده بل كان معهم 10.000 رجل وكانت هناك ياعيل أيضاً. فعلينا أن لا نحتقر أصغر عضو فى الكنيسة. 
قضاة,4,3,"نرى هنا أن الله يبرز دور النساء الإيجابى فالمرأة هي نصف الكنيسة وعليها دور عظيم ودبورة قامت بعمل لم يعمله الرجال\'a1 فهى التي فكرت في خلاص شعبها من نير العبودية. وأثارت غيرة باراق الخائرة\'a1 وعنفت الرجال الذين لم يتعاونوا في وقت الشدة. ولكننا نلمس تكامل أعضاء الكنيسة. فنحن نلاحظ أن دبورة وحدها لم تستطع أن تقوم بالعمل وحدها ولا باراق استطاع العمل وحده بل كان معهم 10.000 رجل وكانت هناك ياعيل أيضاً. فعلينا أن لا نحتقر أصغر عضو فى الكنيسة. 
قضاة,4,4,"نرى هنا أن الله يبرز دور النساء الإيجابى فالمرأة هي نصف الكنيسة وعليها دور عظيم ودبورة قامت بعمل لم يعمله الرجال\'a1 فهى التي فكرت في خلاص شعبها من نير العبودية. وأثارت غيرة باراق الخائرة\'a1 وعنفت الرجال الذين لم يتعاونوا في وقت الشدة. ولكننا نلمس تكامل أعضاء الكنيسة. فنحن نلاحظ أن دبورة وحدها لم تستطع أن تقوم بالعمل وحدها ولا باراق استطاع العمل وحده بل كان معهم 10.000 رجل وكانت هناك ياعيل أيضاً. فعلينا أن لا نحتقر أصغر عضو فى الكنيسة. 
قضاة,4,5,"نرى هنا أن الله يبرز دور النساء الإيجابى فالمرأة هي نصف الكنيسة وعليها دور عظيم ودبورة قامت بعمل لم يعمله الرجال\'a1 فهى التي فكرت في خلاص شعبها من نير العبودية. وأثارت غيرة باراق الخائرة\'a1 وعنفت الرجال الذين لم يتعاونوا في وقت الشدة. ولكننا نلمس تكامل أعضاء الكنيسة. فنحن نلاحظ أن دبورة وحدها لم تستطع أن تقوم بالعمل وحدها ولا باراق استطاع العمل وحده بل كان معهم 10.000 رجل وكانت هناك ياعيل أيضاً. فعلينا أن لا نحتقر أصغر عضو فى الكنيسة. 
قضاة,4,6,"نرى هنا أن الله يبرز دور النساء الإيجابى فالمرأة هي نصف الكنيسة وعليها دور عظيم ودبورة قامت بعمل لم يعمله الرجال\'a1 فهى التي فكرت في خلاص شعبها من نير العبودية. وأثارت غيرة باراق الخائرة\'a1 وعنفت الرجال الذين لم يتعاونوا في وقت الشدة. ولكننا نلمس تكامل أعضاء الكنيسة. فنحن نلاحظ أن دبورة وحدها لم تستطع أن تقوم بالعمل وحدها ولا باراق استطاع العمل وحده بل كان معهم 10.000 رجل وكانت هناك ياعيل أيضاً. فعلينا أن لا نحتقر أصغر عضو فى الكنيسة. 
قضاة,4,7,"نرى هنا أن الله يبرز دور النساء الإيجابى فالمرأة هي نصف الكنيسة وعليها دور عظيم ودبورة قامت بعمل لم يعمله الرجال\'a1 فهى التي فكرت في خلاص شعبها من نير العبودية. وأثارت غيرة باراق الخائرة\'a1 وعنفت الرجال الذين لم يتعاونوا في وقت الشدة. ولكننا نلمس تكامل أعضاء الكنيسة. فنحن نلاحظ أن دبورة وحدها لم تستطع أن تقوم بالعمل وحدها ولا باراق استطاع العمل وحده بل كان معهم 10.000 رجل وكانت هناك ياعيل أيضاً. فعلينا أن لا نحتقر أصغر عضو فى الكنيسة. 
قضاة,4,8,"نرى هنا أن الله يبرز دور النساء الإيجابى فالمرأة هي نصف الكنيسة وعليها دور عظيم ودبورة قامت بعمل لم يعمله الرجال\'a1 فهى التي فكرت في خلاص شعبها من نير العبودية. وأثارت غيرة باراق الخائرة\'a1 وعنفت الرجال الذين لم يتعاونوا في وقت الشدة. ولكننا نلمس تكامل أعضاء الكنيسة. فنحن نلاحظ أن دبورة وحدها لم تستطع أن تقوم بالعمل وحدها ولا باراق استطاع العمل وحده بل كان معهم 10.000 رجل وكانت هناك ياعيل أيضاً. فعلينا أن لا نحتقر أصغر عضو فى الكنيسة. 
قضاة,4,9,"نرى هنا أن الله يبرز دور النساء الإيجابى فالمرأة هي نصف الكنيسة وعليها دور عظيم ودبورة قامت بعمل لم يعمله الرجال\'a1 فهى التي فكرت في خلاص شعبها من نير العبودية. وأثارت غيرة باراق الخائرة\'a1 وعنفت الرجال الذين لم يتعاونوا في وقت الشدة. ولكننا نلمس تكامل أعضاء الكنيسة. فنحن نلاحظ أن دبورة وحدها لم تستطع أن تقوم بالعمل وحدها ولا باراق استطاع العمل وحده بل كان معهم 10.000 رجل وكانت هناك ياعيل أيضاً. فعلينا أن لا نحتقر أصغر عضو فى الكنيسة. 
قضاة,4,10,"نرى هنا أن الله يبرز دور النساء الإيجابى فالمرأة هي نصف الكنيسة وعليها دور عظيم ودبورة قامت بعمل لم يعمله الرجال\'a1 فهى التي فكرت في خلاص شعبها من نير العبودية. وأثارت غيرة باراق الخائرة\'a1 وعنفت الرجال الذين لم يتعاونوا في وقت الشدة. ولكننا نلمس تكامل أعضاء الكنيسة. فنحن نلاحظ أن دبورة وحدها لم تستطع أن تقوم بالعمل وحدها ولا باراق استطاع العمل وحده بل كان معهم 10.000 رجل وكانت هناك ياعيل أيضاً. فعلينا أن لا نحتقر أصغر عضو فى الكنيسة. 
قضاة,4,11,"نرى هنا أن الله يبرز دور النساء الإيجابى فالمرأة هي نصف الكنيسة وعليها دور عظيم ودبورة قامت بعمل لم يعمله الرجال\'a1 فهى التي فكرت في خلاص شعبها من نير العبودية. وأثارت غيرة باراق الخائرة\'a1 وعنفت الرجال الذين لم يتعاونوا في وقت الشدة. ولكننا نلمس تكامل أعضاء الكنيسة. فنحن نلاحظ أن دبورة وحدها لم تستطع أن تقوم بالعمل وحدها ولا باراق استطاع العمل وحده بل كان معهم 10.000 رجل وكانت هناك ياعيل أيضاً. فعلينا أن لا نحتقر أصغر عضو فى الكنيسة. 
قضاة,4,12,"نرى هنا أن الله يبرز دور النساء الإيجابى فالمرأة هي نصف الكنيسة وعليها دور عظيم ودبورة قامت بعمل لم يعمله الرجال\'a1 فهى التي فكرت في خلاص شعبها من نير العبودية. وأثارت غيرة باراق الخائرة\'a1 وعنفت الرجال الذين لم يتعاونوا في وقت الشدة. ولكننا نلمس تكامل أعضاء الكنيسة. فنحن نلاحظ أن دبورة وحدها لم تستطع أن تقوم بالعمل وحدها ولا باراق استطاع العمل وحده بل كان معهم 10.000 رجل وكانت هناك ياعيل أيضاً. فعلينا أن لا نحتقر أصغر عضو فى الكنيسة. 
قضاة,4,13,"نرى هنا أن الله يبرز دور النساء الإيجابى فالمرأة هي نصف الكنيسة وعليها دور عظيم ودبورة قامت بعمل لم يعمله الرجال\'a1 فهى التي فكرت في خلاص شعبها من نير العبودية. وأثارت غيرة باراق الخائرة\'a1 وعنفت الرجال الذين لم يتعاونوا في وقت الشدة. ولكننا نلمس تكامل أعضاء الكنيسة. فنحن نلاحظ أن دبورة وحدها لم تستطع أن تقوم بالعمل وحدها ولا باراق استطاع العمل وحده بل كان معهم 10.000 رجل وكانت هناك ياعيل أيضاً. فعلينا أن لا نحتقر أصغر عضو فى الكنيسة. 
قضاة,4,14,"نرى هنا أن الله يبرز دور النساء الإيجابى فالمرأة هي نصف الكنيسة وعليها دور عظيم ودبورة قامت بعمل لم يعمله الرجال\'a1 فهى التي فكرت في خلاص شعبها من نير العبودية. وأثارت غيرة باراق الخائرة\'a1 وعنفت الرجال الذين لم يتعاونوا في وقت الشدة. ولكننا نلمس تكامل أعضاء الكنيسة. فنحن نلاحظ أن دبورة وحدها لم تستطع أن تقوم بالعمل وحدها ولا باراق استطاع العمل وحده بل كان معهم 10.000 رجل وكانت هناك ياعيل أيضاً. فعلينا أن لا نحتقر أصغر عضو فى الكنيسة. 
قضاة,4,15,"نرى هنا أن الله يبرز دور النساء الإيجابى فالمرأة هي نصف الكنيسة وعليها دور عظيم ودبورة قامت بعمل لم يعمله الرجال\'a1 فهى التي فكرت في خلاص شعبها من نير العبودية. وأثارت غيرة باراق الخائرة\'a1 وعنفت الرجال الذين لم يتعاونوا في وقت الشدة. ولكننا نلمس تكامل أعضاء الكنيسة. فنحن نلاحظ أن دبورة وحدها لم تستطع أن تقوم بالعمل وحدها ولا باراق استطاع العمل وحده بل كان معهم 10.000 رجل وكانت هناك ياعيل أيضاً. فعلينا أن لا نحتقر أصغر عضو فى الكنيسة. 
قضاة,4,16,"نرى هنا أن الله يبرز دور النساء الإيجابى فالمرأة هي نصف الكنيسة وعليها دور عظيم ودبورة قامت بعمل لم يعمله الرجال\'a1 فهى التي فكرت في خلاص شعبها من نير العبودية. وأثارت غيرة باراق الخائرة\'a1 وعنفت الرجال الذين لم يتعاونوا في وقت الشدة. ولكننا نلمس تكامل أعضاء الكنيسة. فنحن نلاحظ أن دبورة وحدها لم تستطع أن تقوم بالعمل وحدها ولا باراق استطاع العمل وحده بل كان معهم 10.000 رجل وكانت هناك ياعيل أيضاً. فعلينا أن لا نحتقر أصغر عضو فى الكنيسة. 
قضاة,4,17,"نرى هنا أن الله يبرز دور النساء الإيجابى فالمرأة هي نصف الكنيسة وعليها دور عظيم ودبورة قامت بعمل لم يعمله الرجال\'a1 فهى التي فكرت في خلاص شعبها من نير العبودية. وأثارت غيرة باراق الخائرة\'a1 وعنفت الرجال الذين لم يتعاونوا في وقت الشدة. ولكننا نلمس تكامل أعضاء الكنيسة. فنحن نلاحظ أن دبورة وحدها لم تستطع أن تقوم بالعمل وحدها ولا باراق استطاع العمل وحده بل كان معهم 10.000 رجل وكانت هناك ياعيل أيضاً. فعلينا أن لا نحتقر أصغر عضو فى الكنيسة. 
قضاة,4,18,"نرى هنا أن الله يبرز دور النساء الإيجابى فالمرأة هي نصف الكنيسة وعليها دور عظيم ودبورة قامت بعمل لم يعمله الرجال\'a1 فهى التي فكرت في خلاص شعبها من نير العبودية. وأثارت غيرة باراق الخائرة\'a1 وعنفت الرجال الذين لم يتعاونوا في وقت الشدة. ولكننا نلمس تكامل أعضاء الكنيسة. فنحن نلاحظ أن دبورة وحدها لم تستطع أن تقوم بالعمل وحدها ولا باراق استطاع العمل وحده بل كان معهم 10.000 رجل وكانت هناك ياعيل أيضاً. فعلينا أن لا نحتقر أصغر عضو فى الكنيسة. 
قضاة,4,19,"نرى هنا أن الله يبرز دور النساء الإيجابى فالمرأة هي نصف الكنيسة وعليها دور عظيم ودبورة قامت بعمل لم يعمله الرجال\'a1 فهى التي فكرت في خلاص شعبها من نير العبودية. وأثارت غيرة باراق الخائرة\'a1 وعنفت الرجال الذين لم يتعاونوا في وقت الشدة. ولكننا نلمس تكامل أعضاء الكنيسة. فنحن نلاحظ أن دبورة وحدها لم تستطع أن تقوم بالعمل وحدها ولا باراق استطاع العمل وحده بل كان معهم 10.000 رجل وكانت هناك ياعيل أيضاً. فعلينا أن لا نحتقر أصغر عضو فى الكنيسة. 
قضاة,4,20,"نرى هنا أن الله يبرز دور النساء الإيجابى فالمرأة هي نصف الكنيسة وعليها دور عظيم ودبورة قامت بعمل لم يعمله الرجال\'a1 فهى التي فكرت في خلاص شعبها من نير العبودية. وأثارت غيرة باراق الخائرة\'a1 وعنفت الرجال الذين لم يتعاونوا في وقت الشدة. ولكننا نلمس تكامل أعضاء الكنيسة. فنحن نلاحظ أن دبورة وحدها لم تستطع أن تقوم بالعمل وحدها ولا باراق استطاع العمل وحده بل كان معهم 10.000 رجل وكانت هناك ياعيل أيضاً. فعلينا أن لا نحتقر أصغر عضو فى الكنيسة. 
قضاة,4,21,"نرى هنا أن الله يبرز دور النساء الإيجابى فالمرأة هي نصف الكنيسة وعليها دور عظيم ودبورة قامت بعمل لم يعمله الرجال\'a1 فهى التي فكرت في خلاص شعبها من نير العبودية. وأثارت غيرة باراق الخائرة\'a1 وعنفت الرجال الذين لم يتعاونوا في وقت الشدة. ولكننا نلمس تكامل أعضاء الكنيسة. فنحن نلاحظ أن دبورة وحدها لم تستطع أن تقوم بالعمل وحدها ولا باراق استطاع العمل وحده بل كان معهم 10.000 رجل وكانت هناك ياعيل أيضاً. فعلينا أن لا نحتقر أصغر عضو فى الكنيسة. 
قضاة,4,22,"نرى هنا أن الله يبرز دور النساء الإيجابى فالمرأة هي نصف الكنيسة وعليها دور عظيم ودبورة قامت بعمل لم يعمله الرجال\'a1 فهى التي فكرت في خلاص شعبها من نير العبودية. وأثارت غيرة باراق الخائرة\'a1 وعنفت الرجال الذين لم يتعاونوا في وقت الشدة. ولكننا نلمس تكامل أعضاء الكنيسة. فنحن نلاحظ أن دبورة وحدها لم تستطع أن تقوم بالعمل وحدها ولا باراق استطاع العمل وحده بل كان معهم 10.000 رجل وكانت هناك ياعيل أيضاً. فعلينا أن لا نحتقر أصغر عضو فى الكنيسة. 
قضاة,4,23,"نرى هنا أن الله يبرز دور النساء الإيجابى فالمرأة هي نصف الكنيسة وعليها دور عظيم ودبورة قامت بعمل لم يعمله الرجال\'a1 فهى التي فكرت في خلاص شعبها من نير العبودية. وأثارت غيرة باراق الخائرة\'a1 وعنفت الرجال الذين لم يتعاونوا في وقت الشدة. ولكننا نلمس تكامل أعضاء الكنيسة. فنحن نلاحظ أن دبورة وحدها لم تستطع أن تقوم بالعمل وحدها ولا باراق استطاع العمل وحده بل كان معهم 10.000 رجل وكانت هناك ياعيل أيضاً. فعلينا أن لا نحتقر أصغر عضو فى الكنيسة. 
قضاة,4,24,"نرى هنا أن الله يبرز دور النساء الإيجابى فالمرأة هي نصف الكنيسة وعليها دور عظيم ودبورة قامت بعمل لم يعمله الرجال\'a1 فهى التي فكرت في خلاص شعبها من نير العبودية. وأثارت غيرة باراق الخائرة\'a1 وعنفت الرجال الذين لم يتعاونوا في وقت الشدة. ولكننا نلمس تكامل أعضاء الكنيسة. فنحن نلاحظ أن دبورة وحدها لم تستطع أن تقوم بالعمل وحدها ولا باراق استطاع العمل وحده بل كان معهم 10.000 رجل وكانت هناك ياعيل أيضاً. فعلينا أن لا نحتقر أصغر عضو فى الكنيسة. 
قضاة,4,25,"نرى هنا أن الله يبرز دور النساء الإيجابى فالمرأة هي نصف الكنيسة وعليها دور عظيم ودبورة قامت بعمل لم يعمله الرجال\'a1 فهى التي فكرت في خلاص شعبها من نير العبودية. وأثارت غيرة باراق الخائرة\'a1 وعنفت الرجال الذين لم يتعاونوا في وقت الشدة. ولكننا نلمس تكامل أعضاء الكنيسة. فنحن نلاحظ أن دبورة وحدها لم تستطع أن تقوم بالعمل وحدها ولا باراق استطاع العمل وحده بل كان معهم 10.000 رجل وكانت هناك ياعيل أيضاً. فعلينا أن لا نحتقر أصغر عضو فى الكنيسة. 
قضاة,4,26,"نرى هنا أن الله يبرز دور النساء الإيجابى فالمرأة هي نصف الكنيسة وعليها دور عظيم ودبورة قامت بعمل لم يعمله الرجال\'a1 فهى التي فكرت في خلاص شعبها من نير العبودية. وأثارت غيرة باراق الخائرة\'a1 وعنفت الرجال الذين لم يتعاونوا في وقت الشدة. ولكننا نلمس تكامل أعضاء الكنيسة. فنحن نلاحظ أن دبورة وحدها لم تستطع أن تقوم بالعمل وحدها ولا باراق استطاع العمل وحده بل كان معهم 10.000 رجل وكانت هناك ياعيل أيضاً. فعلينا أن لا نحتقر أصغر عضو فى الكنيسة. 
قضاة,4,27,"نرى هنا أن الله يبرز دور النساء الإيجابى فالمرأة هي نصف الكنيسة وعليها دور عظيم ودبورة قامت بعمل لم يعمله الرجال\'a1 فهى التي فكرت في خلاص شعبها من نير العبودية. وأثارت غيرة باراق الخائرة\'a1 وعنفت الرجال الذين لم يتعاونوا في وقت الشدة. ولكننا نلمس تكامل أعضاء الكنيسة. فنحن نلاحظ أن دبورة وحدها لم تستطع أن تقوم بالعمل وحدها ولا باراق استطاع العمل وحده بل كان معهم 10.000 رجل وكانت هناك ياعيل أيضاً. فعلينا أن لا نحتقر أصغر عضو فى الكنيسة. 
قضاة,4,28,"نرى هنا أن الله يبرز دور النساء الإيجابى فالمرأة هي نصف الكنيسة وعليها دور عظيم ودبورة قامت بعمل لم يعمله الرجال\'a1 فهى التي فكرت في خلاص شعبها من نير العبودية. وأثارت غيرة باراق الخائرة\'a1 وعنفت الرجال الذين لم يتعاونوا في وقت الشدة. ولكننا نلمس تكامل أعضاء الكنيسة. فنحن نلاحظ أن دبورة وحدها لم تستطع أن تقوم بالعمل وحدها ولا باراق استطاع العمل وحده بل كان معهم 10.000 رجل وكانت هناك ياعيل أيضاً. فعلينا أن لا نحتقر أصغر عضو فى الكنيسة. 
قضاة,4,29,"نرى هنا أن الله يبرز دور النساء الإيجابى فالمرأة هي نصف الكنيسة وعليها دور عظيم ودبورة قامت بعمل لم يعمله الرجال\'a1 فهى التي فكرت في خلاص شعبها من نير العبودية. وأثارت غيرة باراق الخائرة\'a1 وعنفت الرجال الذين لم يتعاونوا في وقت الشدة. ولكننا نلمس تكامل أعضاء الكنيسة. فنحن نلاحظ أن دبورة وحدها لم تستطع أن تقوم بالعمل وحدها ولا باراق استطاع العمل وحده بل كان معهم 10.000 رجل وكانت هناك ياعيل أيضاً. فعلينا أن لا نحتقر أصغر عضو فى الكنيسة. 
قضاة,4,30,"نرى هنا أن الله يبرز دور النساء الإيجابى فالمرأة هي نصف الكنيسة وعليها دور عظيم ودبورة قامت بعمل لم يعمله الرجال\'a1 فهى التي فكرت في خلاص شعبها من نير العبودية. وأثارت غيرة باراق الخائرة\'a1 وعنفت الرجال الذين لم يتعاونوا في وقت الشدة. ولكننا نلمس تكامل أعضاء الكنيسة. فنحن نلاحظ أن دبورة وحدها لم تستطع أن تقوم بالعمل وحدها ولا باراق استطاع العمل وحده بل كان معهم 10.000 رجل وكانت هناك ياعيل أيضاً. فعلينا أن لا نحتقر أصغر عضو فى الكنيسة. 
قضاة,4,31,"نرى هنا أن الله يبرز دور النساء الإيجابى فالمرأة هي نصف الكنيسة وعليها دور عظيم ودبورة قامت بعمل لم يعمله الرجال\'a1 فهى التي فكرت في خلاص شعبها من نير العبودية. وأثارت غيرة باراق الخائرة\'a1 وعنفت الرجال الذين لم يتعاونوا في وقت الشدة. ولكننا نلمس تكامل أعضاء الكنيسة. فنحن نلاحظ أن دبورة وحدها لم تستطع أن تقوم بالعمل وحدها ولا باراق استطاع العمل وحده بل كان معهم 10.000 رجل وكانت هناك ياعيل أيضاً. فعلينا أن لا نحتقر أصغر عضو فى الكنيسة. 
قضاة,4,32,"نرى هنا أن الله يبرز دور النساء الإيجابى فالمرأة هي نصف الكنيسة وعليها دور عظيم ودبورة قامت بعمل لم يعمله الرجال\'a1 فهى التي فكرت في خلاص شعبها من نير العبودية. وأثارت غيرة باراق الخائرة\'a1 وعنفت الرجال الذين لم يتعاونوا في وقت الشدة. ولكننا نلمس تكامل أعضاء الكنيسة. فنحن نلاحظ أن دبورة وحدها لم تستطع أن تقوم بالعمل وحدها ولا باراق استطاع العمل وحده بل كان معهم 10.000 رجل وكانت هناك ياعيل أيضاً. فعلينا أن لا نحتقر أصغر عضو فى الكنيسة. 
قضاة,4,33,"نرى هنا أن الله يبرز دور النساء الإيجابى فالمرأة هي نصف الكنيسة وعليها دور عظيم ودبورة قامت بعمل لم يعمله الرجال\'a1 فهى التي فكرت في خلاص شعبها من نير العبودية. وأثارت غيرة باراق الخائرة\'a1 وعنفت الرجال الذين لم يتعاونوا في وقت الشدة. ولكننا نلمس تكامل أعضاء الكنيسة. فنحن نلاحظ أن دبورة وحدها لم تستطع أن تقوم بالعمل وحدها ولا باراق استطاع العمل وحده بل كان معهم 10.000 رجل وكانت هناك ياعيل أيضاً. فعلينا أن لا نحتقر أصغر عضو فى الكنيسة. 
قضاة,4,34,"نرى هنا أن الله يبرز دور النساء الإيجابى فالمرأة هي نصف الكنيسة وعليها دور عظيم ودبورة قامت بعمل لم يعمله الرجال\'a1 فهى التي فكرت في خلاص شعبها من نير العبودية. وأثارت غيرة باراق الخائرة\'a1 وعنفت الرجال الذين لم يتعاونوا في وقت الشدة. ولكننا نلمس تكامل أعضاء الكنيسة. فنحن نلاحظ أن دبورة وحدها لم تستطع أن تقوم بالعمل وحدها ولا باراق استطاع العمل وحده بل كان معهم 10.000 رجل وكانت هناك ياعيل أيضاً. فعلينا أن لا نحتقر أصغر عضو فى الكنيسة. 
قضاة,4,35,"نرى هنا أن الله يبرز دور النساء الإيجابى فالمرأة هي نصف الكنيسة وعليها دور عظيم ودبورة قامت بعمل لم يعمله الرجال\'a1 فهى التي فكرت في خلاص شعبها من نير العبودية. وأثارت غيرة باراق الخائرة\'a1 وعنفت الرجال الذين لم يتعاونوا في وقت الشدة. ولكننا نلمس تكامل أعضاء الكنيسة. فنحن نلاحظ أن دبورة وحدها لم تستطع أن تقوم بالعمل وحدها ولا باراق استطاع العمل وحده بل كان معهم 10.000 رجل وكانت هناك ياعيل أيضاً. فعلينا أن لا نحتقر أصغر عضو فى الكنيسة. 
قضاة,4,36,"نرى هنا أن الله يبرز دور النساء الإيجابى فالمرأة هي نصف الكنيسة وعليها دور عظيم ودبورة قامت بعمل لم يعمله الرجال\'a1 فهى التي فكرت في خلاص شعبها من نير العبودية. وأثارت غيرة باراق الخائرة\'a1 وعنفت الرجال الذين لم يتعاونوا في وقت الشدة. ولكننا نلمس تكامل أعضاء الكنيسة. فنحن نلاحظ أن دبورة وحدها لم تستطع أن تقوم بالعمل وحدها ولا باراق استطاع العمل وحده بل كان معهم 10.000 رجل وكانت هناك ياعيل أيضاً. فعلينا أن لا نحتقر أصغر عضو فى الكنيسة. 
قضاة,4,37,"نرى هنا أن الله يبرز دور النساء الإيجابى فالمرأة هي نصف الكنيسة وعليها دور عظيم ودبورة قامت بعمل لم يعمله الرجال\'a1 فهى التي فكرت في خلاص شعبها من نير العبودية. وأثارت غيرة باراق الخائرة\'a1 وعنفت الرجال الذين لم يتعاونوا في وقت الشدة. ولكننا نلمس تكامل أعضاء الكنيسة. فنحن نلاحظ أن دبورة وحدها لم تستطع أن تقوم بالعمل وحدها ولا باراق استطاع العمل وحده بل كان معهم 10.000 رجل وكانت هناك ياعيل أيضاً. فعلينا أن لا نحتقر أصغر عضو فى الكنيسة. 
قضاة,4,38,"نرى هنا أن الله يبرز دور النساء الإيجابى فالمرأة هي نصف الكنيسة وعليها دور عظيم ودبورة قامت بعمل لم يعمله الرجال\'a1 فهى التي فكرت في خلاص شعبها من نير العبودية. وأثارت غيرة باراق الخائرة\'a1 وعنفت الرجال الذين لم يتعاونوا في وقت الشدة. ولكننا نلمس تكامل أعضاء الكنيسة. فنحن نلاحظ أن دبورة وحدها لم تستطع أن تقوم بالعمل وحدها ولا باراق استطاع العمل وحده بل كان معهم 10.000 رجل وكانت هناك ياعيل أيضاً. فعلينا أن لا نحتقر أصغر عضو فى الكنيسة. 
قضاة,4,39,"نرى هنا أن الله يبرز دور النساء الإيجابى فالمرأة هي نصف الكنيسة وعليها دور عظيم ودبورة قامت بعمل لم يعمله الرجال\'a1 فهى التي فكرت في خلاص شعبها من نير العبودية. وأثارت غيرة باراق الخائرة\'a1 وعنفت الرجال الذين لم يتعاونوا في وقت الشدة. ولكننا نلمس تكامل أعضاء الكنيسة. فنحن نلاحظ أن دبورة وحدها لم تستطع أن تقوم بالعمل وحدها ولا باراق استطاع العمل وحده بل كان معهم 10.000 رجل وكانت هناك ياعيل أيضاً. فعلينا أن لا نحتقر أصغر عضو فى الكنيسة. 
قضاة,4,40,"نرى هنا أن الله يبرز دور النساء الإيجابى فالمرأة هي نصف الكنيسة وعليها دور عظيم ودبورة قامت بعمل لم يعمله الرجال\'a1 فهى التي فكرت في خلاص شعبها من نير العبودية. وأثارت غيرة باراق الخائرة\'a1 وعنفت الرجال الذين لم يتعاونوا في وقت الشدة. ولكننا نلمس تكامل أعضاء الكنيسة. فنحن نلاحظ أن دبورة وحدها لم تستطع أن تقوم بالعمل وحدها ولا باراق استطاع العمل وحده بل كان معهم 10.000 رجل وكانت هناك ياعيل أيضاً. فعلينا أن لا نحتقر أصغر عضو فى الكنيسة. 
قضاة,4,41,"نرى هنا أن الله يبرز دور النساء الإيجابى فالمرأة هي نصف الكنيسة وعليها دور عظيم ودبورة قامت بعمل لم يعمله الرجال\'a1 فهى التي فكرت في خلاص شعبها من نير العبودية. وأثارت غيرة باراق الخائرة\'a1 وعنفت الرجال الذين لم يتعاونوا في وقت الشدة. ولكننا نلمس تكامل أعضاء الكنيسة. فنحن نلاحظ أن دبورة وحدها لم تستطع أن تقوم بالعمل وحدها ولا باراق استطاع العمل وحده بل كان معهم 10.000 رجل وكانت هناك ياعيل أيضاً. فعلينا أن لا نحتقر أصغر عضو فى الكنيسة. 
قضاة,4,42,"نرى هنا أن الله يبرز دور النساء الإيجابى فالمرأة هي نصف الكنيسة وعليها دور عظيم ودبورة قامت بعمل لم يعمله الرجال\'a1 فهى التي فكرت في خلاص شعبها من نير العبودية. وأثارت غيرة باراق الخائرة\'a1 وعنفت الرجال الذين لم يتعاونوا في وقت الشدة. ولكننا نلمس تكامل أعضاء الكنيسة. فنحن نلاحظ أن دبورة وحدها لم تستطع أن تقوم بالعمل وحدها ولا باراق استطاع العمل وحده بل كان معهم 10.000 رجل وكانت هناك ياعيل أيضاً. فعلينا أن لا نحتقر أصغر عضو فى الكنيسة. 
قضاة,4,43,"نرى هنا أن الله يبرز دور النساء الإيجابى فالمرأة هي نصف الكنيسة وعليها دور عظيم ودبورة قامت بعمل لم يعمله الرجال\'a1 فهى التي فكرت في خلاص شعبها من نير العبودية. وأثارت غيرة باراق الخائرة\'a1 وعنفت الرجال الذين لم يتعاونوا في وقت الشدة. ولكننا نلمس تكامل أعضاء الكنيسة. فنحن نلاحظ أن دبورة وحدها لم تستطع أن تقوم بالعمل وحدها ولا باراق استطاع العمل وحده بل كان معهم 10.000 رجل وكانت هناك ياعيل أيضاً. فعلينا أن لا نحتقر أصغر عضو فى الكنيسة. 
قضاة,4,44,"نرى هنا أن الله يبرز دور النساء الإيجابى فالمرأة هي نصف الكنيسة وعليها دور عظيم ودبورة قامت بعمل لم يعمله الرجال\'a1 فهى التي فكرت في خلاص شعبها من نير العبودية. وأثارت غيرة باراق الخائرة\'a1 وعنفت الرجال الذين لم يتعاونوا في وقت الشدة. ولكننا نلمس تكامل أعضاء الكنيسة. فنحن نلاحظ أن دبورة وحدها لم تستطع أن تقوم بالعمل وحدها ولا باراق استطاع العمل وحده بل كان معهم 10.000 رجل وكانت هناك ياعيل أيضاً. فعلينا أن لا نحتقر أصغر عضو فى الكنيسة. 
قضاة,4,45,"نرى هنا أن الله يبرز دور النساء الإيجابى فالمرأة هي نصف الكنيسة وعليها دور عظيم ودبورة قامت بعمل لم يعمله الرجال\'a1 فهى التي فكرت في خلاص شعبها من نير العبودية. وأثارت غيرة باراق الخائرة\'a1 وعنفت الرجال الذين لم يتعاونوا في وقت الشدة. ولكننا نلمس تكامل أعضاء الكنيسة. فنحن نلاحظ أن دبورة وحدها لم تستطع أن تقوم بالعمل وحدها ولا باراق استطاع العمل وحده بل كان معهم 10.000 رجل وكانت هناك ياعيل أيضاً. فعلينا أن لا نحتقر أصغر عضو فى الكنيسة. 
قضاة,4,46,"نرى هنا أن الله يبرز دور النساء الإيجابى فالمرأة هي نصف الكنيسة وعليها دور عظيم ودبورة قامت بعمل لم يعمله الرجال\'a1 فهى التي فكرت في خلاص شعبها من نير العبودية. وأثارت غيرة باراق الخائرة\'a1 وعنفت الرجال الذين لم يتعاونوا في وقت الشدة. ولكننا نلمس تكامل أعضاء الكنيسة. فنحن نلاحظ أن دبورة وحدها لم تستطع أن تقوم بالعمل وحدها ولا باراق استطاع العمل وحده بل كان معهم 10.000 رجل وكانت هناك ياعيل أيضاً. فعلينا أن لا نحتقر أصغر عضو فى الكنيسة. 
قضاة,4,47,"نرى هنا أن الله يبرز دور النساء الإيجابى فالمرأة هي نصف الكنيسة وعليها دور عظيم ودبورة قامت بعمل لم يعمله الرجال\'a1 فهى التي فكرت في خلاص شعبها من نير العبودية. وأثارت غيرة باراق الخائرة\'a1 وعنفت الرجال الذين لم يتعاونوا في وقت الشدة. ولكننا نلمس تكامل أعضاء الكنيسة. فنحن نلاحظ أن دبورة وحدها لم تستطع أن تقوم بالعمل وحدها ولا باراق استطاع العمل وحده بل كان معهم 10.000 رجل وكانت هناك ياعيل أيضاً. فعلينا أن لا نحتقر أصغر عضو فى الكنيسة. 
قضاة,4,48,"نرى هنا أن الله يبرز دور النساء الإيجابى فالمرأة هي نصف الكنيسة وعليها دور عظيم ودبورة قامت بعمل لم يعمله الرجال\'a1 فهى التي فكرت في خلاص شعبها من نير العبودية. وأثارت غيرة باراق الخائرة\'a1 وعنفت الرجال الذين لم يتعاونوا في وقت الشدة. ولكننا نلمس تكامل أعضاء الكنيسة. فنحن نلاحظ أن دبورة وحدها لم تستطع أن تقوم بالعمل وحدها ولا باراق استطاع العمل وحده بل كان معهم 10.000 رجل وكانت هناك ياعيل أيضاً. فعلينا أن لا نحتقر أصغر عضو فى الكنيسة. 
قضاة,4,49,"نرى هنا أن الله يبرز دور النساء الإيجابى فالمرأة هي نصف الكنيسة وعليها دور عظيم ودبورة قامت بعمل لم يعمله الرجال\'a1 فهى التي فكرت في خلاص شعبها من نير العبودية. وأثارت غيرة باراق الخائرة\'a1 وعنفت الرجال الذين لم يتعاونوا في وقت الشدة. ولكننا نلمس تكامل أعضاء الكنيسة. فنحن نلاحظ أن دبورة وحدها لم تستطع أن تقوم بالعمل وحدها ولا باراق استطاع العمل وحده بل كان معهم 10.000 رجل وكانت هناك ياعيل أيضاً. فعلينا أن لا نحتقر أصغر عضو فى الكنيسة. 
قضاة,4,50,"نرى هنا أن الله يبرز دور النساء الإيجابى فالمرأة هي نصف الكنيسة وعليها دور عظيم ودبورة قامت بعمل لم يعمله الرجال\'a1 فهى التي فكرت في خلاص شعبها من نير العبودية. وأثارت غيرة باراق الخائرة\'a1 وعنفت الرجال الذين لم يتعاونوا في وقت الشدة. ولكننا نلمس تكامل أعضاء الكنيسة. فنحن نلاحظ أن دبورة وحدها لم تستطع أن تقوم بالعمل وحدها ولا باراق استطاع العمل وحده بل كان معهم 10.000 رجل وكانت هناك ياعيل أيضاً. فعلينا أن لا نحتقر أصغر عضو فى الكنيسة. 
قضاة,4,51,"نرى هنا أن الله يبرز دور النساء الإيجابى فالمرأة هي نصف الكنيسة وعليها دور عظيم ودبورة قامت بعمل لم يعمله الرجال\'a1 فهى التي فكرت في خلاص شعبها من نير العبودية. وأثارت غيرة باراق الخائرة\'a1 وعنفت الرجال الذين لم يتعاونوا في وقت الشدة. ولكننا نلمس تكامل أعضاء الكنيسة. فنحن نلاحظ أن دبورة وحدها لم تستطع أن تقوم بالعمل وحدها ولا باراق استطاع العمل وحده بل كان معهم 10.000 رجل وكانت هناك ياعيل أيضاً. فعلينا أن لا نحتقر أصغر عضو فى الكنيسة. 
قضاة,4,52,"نرى هنا أن الله يبرز دور النساء الإيجابى فالمرأة هي نصف الكنيسة وعليها دور عظيم ودبورة قامت بعمل لم يعمله الرجال\'a1 فهى التي فكرت في خلاص شعبها من نير العبودية. وأثارت غيرة باراق الخائرة\'a1 وعنفت الرجال الذين لم يتعاونوا في وقت الشدة. ولكننا نلمس تكامل أعضاء الكنيسة. فنحن نلاحظ أن دبورة وحدها لم تستطع أن تقوم بالعمل وحدها ولا باراق استطاع العمل وحده بل كان معهم 10.000 رجل وكانت هناك ياعيل أيضاً. فعلينا أن لا نحتقر أصغر عضو فى الكنيسة. 
قضاة,4,53,"نرى هنا أن الله يبرز دور النساء الإيجابى فالمرأة هي نصف الكنيسة وعليها دور عظيم ودبورة قامت بعمل لم يعمله الرجال\'a1 فهى التي فكرت في خلاص شعبها من نير العبودية. وأثارت غيرة باراق الخائرة\'a1 وعنفت الرجال الذين لم يتعاونوا في وقت الشدة. ولكننا نلمس تكامل أعضاء الكنيسة. فنحن نلاحظ أن دبورة وحدها لم تستطع أن تقوم بالعمل وحدها ولا باراق استطاع العمل وحده بل كان معهم 10.000 رجل وكانت هناك ياعيل أيضاً. فعلينا أن لا نحتقر أصغر عضو فى الكنيسة. 
قضاة,4,54,"نرى هنا أن الله يبرز دور النساء الإيجابى فالمرأة هي نصف الكنيسة وعليها دور عظيم ودبورة قامت بعمل لم يعمله الرجال\'a1 فهى التي فكرت في خلاص شعبها من نير العبودية. وأثارت غيرة باراق الخائرة\'a1 وعنفت الرجال الذين لم يتعاونوا في وقت الشدة. ولكننا نلمس تكامل أعضاء الكنيسة. فنحن نلاحظ أن دبورة وحدها لم تستطع أن تقوم بالعمل وحدها ولا باراق استطاع العمل وحده بل كان معهم 10.000 رجل وكانت هناك ياعيل أيضاً. فعلينا أن لا نحتقر أصغر عضو فى الكنيسة. 
قضاة,4,55,"نرى هنا أن الله يبرز دور النساء الإيجابى فالمرأة هي نصف الكنيسة وعليها دور عظيم ودبورة قامت بعمل لم يعمله الرجال\'a1 فهى التي فكرت في خلاص شعبها من نير العبودية. وأثارت غيرة باراق الخائرة\'a1 وعنفت الرجال الذين لم يتعاونوا في وقت الشدة. ولكننا نلمس تكامل أعضاء الكنيسة. فنحن نلاحظ أن دبورة وحدها لم تستطع أن تقوم بالعمل وحدها ولا باراق استطاع العمل وحده بل كان معهم 10.000 رجل وكانت هناك ياعيل أيضاً. فعلينا أن لا نحتقر أصغر عضو فى الكنيسة. 
قضاة,4,56,"نرى هنا أن الله يبرز دور النساء الإيجابى فالمرأة هي نصف الكنيسة وعليها دور عظيم ودبورة قامت بعمل لم يعمله الرجال\'a1 فهى التي فكرت في خلاص شعبها من نير العبودية. وأثارت غيرة باراق الخائرة\'a1 وعنفت الرجال الذين لم يتعاونوا في وقت الشدة. ولكننا نلمس تكامل أعضاء الكنيسة. فنحن نلاحظ أن دبورة وحدها لم تستطع أن تقوم بالعمل وحدها ولا باراق استطاع العمل وحده بل كان معهم 10.000 رجل وكانت هناك ياعيل أيضاً. فعلينا أن لا نحتقر أصغر عضو فى الكنيسة. 
قضاة,4,57,"نرى هنا أن الله يبرز دور النساء الإيجابى فالمرأة هي نصف الكنيسة وعليها دور عظيم ودبورة قامت بعمل لم يعمله الرجال\'a1 فهى التي فكرت في خلاص شعبها من نير العبودية. وأثارت غيرة باراق الخائرة\'a1 وعنفت الرجال الذين لم يتعاونوا في وقت الشدة. ولكننا نلمس تكامل أعضاء الكنيسة. فنحن نلاحظ أن دبورة وحدها لم تستطع أن تقوم بالعمل وحدها ولا باراق استطاع العمل وحده بل كان معهم 10.000 رجل وكانت هناك ياعيل أيضاً. فعلينا أن لا نحتقر أصغر عضو فى الكنيسة. 
قضاة,4,58,"نرى هنا أن الله يبرز دور النساء الإيجابى فالمرأة هي نصف الكنيسة وعليها دور عظيم ودبورة قامت بعمل لم يعمله الرجال\'a1 فهى التي فكرت في خلاص شعبها من نير العبودية. وأثارت غيرة باراق الخائرة\'a1 وعنفت الرجال الذين لم يتعاونوا في وقت الشدة. ولكننا نلمس تكامل أعضاء الكنيسة. فنحن نلاحظ أن دبورة وحدها لم تستطع أن تقوم بالعمل وحدها ولا باراق استطاع العمل وحده بل كان معهم 10.000 رجل وكانت هناك ياعيل أيضاً. فعلينا أن لا نحتقر أصغر عضو فى الكنيسة. 
قضاة,4,59,"نرى هنا أن الله يبرز دور النساء الإيجابى فالمرأة هي نصف الكنيسة وعليها دور عظيم ودبورة قامت بعمل لم يعمله الرجال\'a1 فهى التي فكرت في خلاص شعبها من نير العبودية. وأثارت غيرة باراق الخائرة\'a1 وعنفت الرجال الذين لم يتعاونوا في وقت الشدة. ولكننا نلمس تكامل أعضاء الكنيسة. فنحن نلاحظ أن دبورة وحدها لم تستطع أن تقوم بالعمل وحدها ولا باراق استطاع العمل وحده بل كان معهم 10.000 رجل وكانت هناك ياعيل أيضاً. فعلينا أن لا نحتقر أصغر عضو فى الكنيسة. 
قضاة,4,60,"نرى هنا أن الله يبرز دور النساء الإيجابى فالمرأة هي نصف الكنيسة وعليها دور عظيم ودبورة قامت بعمل لم يعمله الرجال\'a1 فهى التي فكرت في خلاص شعبها من نير العبودية. وأثارت غيرة باراق الخائرة\'a1 وعنفت الرجال الذين لم يتعاونوا في وقت الشدة. ولكننا نلمس تكامل أعضاء الكنيسة. فنحن نلاحظ أن دبورة وحدها لم تستطع أن تقوم بالعمل وحدها ولا باراق استطاع العمل وحده بل كان معهم 10.000 رجل وكانت هناك ياعيل أيضاً. فعلينا أن لا نحتقر أصغر عضو فى الكنيسة. 
قضاة,4,61,"نرى هنا أن الله يبرز دور النساء الإيجابى فالمرأة هي نصف الكنيسة وعليها دور عظيم ودبورة قامت بعمل لم يعمله الرجال\'a1 فهى التي فكرت في خلاص شعبها من نير العبودية. وأثارت غيرة باراق الخائرة\'a1 وعنفت الرجال الذين لم يتعاونوا في وقت الشدة. ولكننا نلمس تكامل أعضاء الكنيسة. فنحن نلاحظ أن دبورة وحدها لم تستطع أن تقوم بالعمل وحدها ولا باراق استطاع العمل وحده بل كان معهم 10.000 رجل وكانت هناك ياعيل أيضاً. فعلينا أن لا نحتقر أصغر عضو فى الكنيسة. 
قضاة,4,62,"نرى هنا أن الله يبرز دور النساء الإيجابى فالمرأة هي نصف الكنيسة وعليها دور عظيم ودبورة قامت بعمل لم يعمله الرجال\'a1 فهى التي فكرت في خلاص شعبها من نير العبودية. وأثارت غيرة باراق الخائرة\'a1 وعنفت الرجال الذين لم يتعاونوا في وقت الشدة. ولكننا نلمس تكامل أعضاء الكنيسة. فنحن نلاحظ أن دبورة وحدها لم تستطع أن تقوم بالعمل وحدها ولا باراق استطاع العمل وحده بل كان معهم 10.000 رجل وكانت هناك ياعيل أيضاً. فعلينا أن لا نحتقر أصغر عضو فى الكنيسة. 
قضاة,4,63,"نرى هنا أن الله يبرز دور النساء الإيجابى فالمرأة هي نصف الكنيسة وعليها دور عظيم ودبورة قامت بعمل لم يعمله الرجال\'a1 فهى التي فكرت في خلاص شعبها من نير العبودية. وأثارت غيرة باراق الخائرة\'a1 وعنفت الرجال الذين لم يتعاونوا في وقت الشدة. ولكننا نلمس تكامل أعضاء الكنيسة. فنحن نلاحظ أن دبورة وحدها لم تستطع أن تقوم بالعمل وحدها ولا باراق استطاع العمل وحده بل كان معهم 10.000 رجل وكانت هناك ياعيل أيضاً. فعلينا أن لا نحتقر أصغر عضو فى الكنيسة. 
قضاة,4,64,"نرى هنا أن الله يبرز دور النساء الإيجابى فالمرأة هي نصف الكنيسة وعليها دور عظيم ودبورة قامت بعمل لم يعمله الرجال\'a1 فهى التي فكرت في خلاص شعبها من نير العبودية. وأثارت غيرة باراق الخائرة\'a1 وعنفت الرجال الذين لم يتعاونوا في وقت الشدة. ولكننا نلمس تكامل أعضاء الكنيسة. فنحن نلاحظ أن دبورة وحدها لم تستطع أن تقوم بالعمل وحدها ولا باراق استطاع العمل وحده بل كان معهم 10.000 رجل وكانت هناك ياعيل أيضاً. فعلينا أن لا نحتقر أصغر عضو فى الكنيسة. 
قضاة,4,65,"نرى هنا أن الله يبرز دور النساء الإيجابى فالمرأة هي نصف الكنيسة وعليها دور عظيم ودبورة قامت بعمل لم يعمله الرجال\'a1 فهى التي فكرت في خلاص شعبها من نير العبودية. وأثارت غيرة باراق الخائرة\'a1 وعنفت الرجال الذين لم يتعاونوا في وقت الشدة. ولكننا نلمس تكامل أعضاء الكنيسة. فنحن نلاحظ أن دبورة وحدها لم تستطع أن تقوم بالعمل وحدها ولا باراق استطاع العمل وحده بل كان معهم 10.000 رجل وكانت هناك ياعيل أيضاً. فعلينا أن لا نحتقر أصغر عضو فى الكنيسة. 
قضاة,4,66,"نرى هنا أن الله يبرز دور النساء الإيجابى فالمرأة هي نصف الكنيسة وعليها دور عظيم ودبورة قامت بعمل لم يعمله الرجال\'a1 فهى التي فكرت في خلاص شعبها من نير العبودية. وأثارت غيرة باراق الخائرة\'a1 وعنفت الرجال الذين لم يتعاونوا في وقت الشدة. ولكننا نلمس تكامل أعضاء الكنيسة. فنحن نلاحظ أن دبورة وحدها لم تستطع أن تقوم بالعمل وحدها ولا باراق استطاع العمل وحده بل كان معهم 10.000 رجل وكانت هناك ياعيل أيضاً. فعلينا أن لا نحتقر أصغر عضو فى الكنيسة. 
قضاة,4,67,"نرى هنا أن الله يبرز دور النساء الإيجابى فالمرأة هي نصف الكنيسة وعليها دور عظيم ودبورة قامت بعمل لم يعمله الرجال\'a1 فهى التي فكرت في خلاص شعبها من نير العبودية. وأثارت غيرة باراق الخائرة\'a1 وعنفت الرجال الذين لم يتعاونوا في وقت الشدة. ولكننا نلمس تكامل أعضاء الكنيسة. فنحن نلاحظ أن دبورة وحدها لم تستطع أن تقوم بالعمل وحدها ولا باراق استطاع العمل وحده بل كان معهم 10.000 رجل وكانت هناك ياعيل أيضاً. فعلينا أن لا نحتقر أصغر عضو فى الكنيسة. 
قضاة,4,68,"نرى هنا أن الله يبرز دور النساء الإيجابى فالمرأة هي نصف الكنيسة وعليها دور عظيم ودبورة قامت بعمل لم يعمله الرجال\'a1 فهى التي فكرت في خلاص شعبها من نير العبودية. وأثارت غيرة باراق الخائرة\'a1 وعنفت الرجال الذين لم يتعاونوا في وقت الشدة. ولكننا نلمس تكامل أعضاء الكنيسة. فنحن نلاحظ أن دبورة وحدها لم تستطع أن تقوم بالعمل وحدها ولا باراق استطاع العمل وحده بل كان معهم 10.000 رجل وكانت هناك ياعيل أيضاً. فعلينا أن لا نحتقر أصغر عضو فى الكنيسة. 
قضاة,4,69,"نرى هنا أن الله يبرز دور النساء الإيجابى فالمرأة هي نصف الكنيسة وعليها دور عظيم ودبورة قامت بعمل لم يعمله الرجال\'a1 فهى التي فكرت في خلاص شعبها من نير العبودية. وأثارت غيرة باراق الخائرة\'a1 وعنفت الرجال الذين لم يتعاونوا في وقت الشدة. ولكننا نلمس تكامل أعضاء الكنيسة. فنحن نلاحظ أن دبورة وحدها لم تستطع أن تقوم بالعمل وحدها ولا باراق استطاع العمل وحده بل كان معهم 10.000 رجل وكانت هناك ياعيل أيضاً. فعلينا أن لا نحتقر أصغر عضو فى الكنيسة. 
قضاة,4,70,"نرى هنا أن الله يبرز دور النساء الإيجابى فالمرأة هي نصف الكنيسة وعليها دور عظيم ودبورة قامت بعمل لم يعمله الرجال\'a1 فهى التي فكرت في خلاص شعبها من نير العبودية. وأثارت غيرة باراق الخائرة\'a1 وعنفت الرجال الذين لم يتعاونوا في وقت الشدة. ولكننا نلمس تكامل أعضاء الكنيسة. فنحن نلاحظ أن دبورة وحدها لم تستطع أن تقوم بالعمل وحدها ولا باراق استطاع العمل وحده بل كان معهم 10.000 رجل وكانت هناك ياعيل أيضاً. فعلينا أن لا نحتقر أصغر عضو فى الكنيسة. 
قضاة,4,71,"نرى هنا أن الله يبرز دور النساء الإيجابى فالمرأة هي نصف الكنيسة وعليها دور عظيم ودبورة قامت بعمل لم يعمله الرجال\'a1 فهى التي فكرت في خلاص شعبها من نير العبودية. وأثارت غيرة باراق الخائرة\'a1 وعنفت الرجال الذين لم يتعاونوا في وقت الشدة. ولكننا نلمس تكامل أعضاء الكنيسة. فنحن نلاحظ أن دبورة وحدها لم تستطع أن تقوم بالعمل وحدها ولا باراق استطاع العمل وحده بل كان معهم 10.000 رجل وكانت هناك ياعيل أيضاً. فعلينا أن لا نحتقر أصغر عضو فى الكنيسة. 
قضاة,4,72,"نرى هنا أن الله يبرز دور النساء الإيجابى فالمرأة هي نصف الكنيسة وعليها دور عظيم ودبورة قامت بعمل لم يعمله الرجال\'a1 فهى التي فكرت في خلاص شعبها من نير العبودية. وأثارت غيرة باراق الخائرة\'a1 وعنفت الرجال الذين لم يتعاونوا في وقت الشدة. ولكننا نلمس تكامل أعضاء الكنيسة. فنحن نلاحظ أن دبورة وحدها لم تستطع أن تقوم بالعمل وحدها ولا باراق استطاع العمل وحده بل كان معهم 10.000 رجل وكانت هناك ياعيل أيضاً. فعلينا أن لا نحتقر أصغر عضو فى الكنيسة. 
قضاة,4,73,"نرى هنا أن الله يبرز دور النساء الإيجابى فالمرأة هي نصف الكنيسة وعليها دور عظيم ودبورة قامت بعمل لم يعمله الرجال\'a1 فهى التي فكرت في خلاص شعبها من نير العبودية. وأثارت غيرة باراق الخائرة\'a1 وعنفت الرجال الذين لم يتعاونوا في وقت الشدة. ولكننا نلمس تكامل أعضاء الكنيسة. فنحن نلاحظ أن دبورة وحدها لم تستطع أن تقوم بالعمل وحدها ولا باراق استطاع العمل وحده بل كان معهم 10.000 رجل وكانت هناك ياعيل أيضاً. فعلينا أن لا نحتقر أصغر عضو فى الكنيسة. 
قضاة,4,74,"نرى هنا أن الله يبرز دور النساء الإيجابى فالمرأة هي نصف الكنيسة وعليها دور عظيم ودبورة قامت بعمل لم يعمله الرجال\'a1 فهى التي فكرت في خلاص شعبها من نير العبودية. وأثارت غيرة باراق الخائرة\'a1 وعنفت الرجال الذين لم يتعاونوا في وقت الشدة. ولكننا نلمس تكامل أعضاء الكنيسة. فنحن نلاحظ أن دبورة وحدها لم تستطع أن تقوم بالعمل وحدها ولا باراق استطاع العمل وحده بل كان معهم 10.000 رجل وكانت هناك ياعيل أيضاً. فعلينا أن لا نحتقر أصغر عضو فى الكنيسة. 
قضاة,4,75,"نرى هنا أن الله يبرز دور النساء الإيجابى فالمرأة هي نصف الكنيسة وعليها دور عظيم ودبورة قامت بعمل لم يعمله الرجال\'a1 فهى التي فكرت في خلاص شعبها من نير العبودية. وأثارت غيرة باراق الخائرة\'a1 وعنفت الرجال الذين لم يتعاونوا في وقت الشدة. ولكننا نلمس تكامل أعضاء الكنيسة. فنحن نلاحظ أن دبورة وحدها لم تستطع أن تقوم بالعمل وحدها ولا باراق استطاع العمل وحده بل كان معهم 10.000 رجل وكانت هناك ياعيل أيضاً. فعلينا أن لا نحتقر أصغر عضو فى الكنيسة. 
قضاة,4,76,"نرى هنا أن الله يبرز دور النساء الإيجابى فالمرأة هي نصف الكنيسة وعليها دور عظيم ودبورة قامت بعمل لم يعمله الرجال\'a1 فهى التي فكرت في خلاص شعبها من نير العبودية. وأثارت غيرة باراق الخائرة\'a1 وعنفت الرجال الذين لم يتعاونوا في وقت الشدة. ولكننا نلمس تكامل أعضاء الكنيسة. فنحن نلاحظ أن دبورة وحدها لم تستطع أن تقوم بالعمل وحدها ولا باراق استطاع العمل وحده بل كان معهم 10.000 رجل وكانت هناك ياعيل أيضاً. فعلينا أن لا نحتقر أصغر عضو فى الكنيسة. 
قضاة,4,77,"نرى هنا أن الله يبرز دور النساء الإيجابى فالمرأة هي نصف الكنيسة وعليها دور عظيم ودبورة قامت بعمل لم يعمله الرجال\'a1 فهى التي فكرت في خلاص شعبها من نير العبودية. وأثارت غيرة باراق الخائرة\'a1 وعنفت الرجال الذين لم يتعاونوا في وقت الشدة. ولكننا نلمس تكامل أعضاء الكنيسة. فنحن نلاحظ أن دبورة وحدها لم تستطع أن تقوم بالعمل وحدها ولا باراق استطاع العمل وحده بل كان معهم 10.000 رجل وكانت هناك ياعيل أيضاً. فعلينا أن لا نحتقر أصغر عضو فى الكنيسة. 
قضاة,4,78,"نرى هنا أن الله يبرز دور النساء الإيجابى فالمرأة هي نصف الكنيسة وعليها دور عظيم ودبورة قامت بعمل لم يعمله الرجال\'a1 فهى التي فكرت في خلاص شعبها من نير العبودية. وأثارت غيرة باراق الخائرة\'a1 وعنفت الرجال الذين لم يتعاونوا في وقت الشدة. ولكننا نلمس تكامل أعضاء الكنيسة. فنحن نلاحظ أن دبورة وحدها لم تستطع أن تقوم بالعمل وحدها ولا باراق استطاع العمل وحده بل كان معهم 10.000 رجل وكانت هناك ياعيل أيضاً. فعلينا أن لا نحتقر أصغر عضو فى الكنيسة. 
قضاة,4,79,"نرى هنا أن الله يبرز دور النساء الإيجابى فالمرأة هي نصف الكنيسة وعليها دور عظيم ودبورة قامت بعمل لم يعمله الرجال\'a1 فهى التي فكرت في خلاص شعبها من نير العبودية. وأثارت غيرة باراق الخائرة\'a1 وعنفت الرجال الذين لم يتعاونوا في وقت الشدة. ولكننا نلمس تكامل أعضاء الكنيسة. فنحن نلاحظ أن دبورة وحدها لم تستطع أن تقوم بالعمل وحدها ولا باراق استطاع العمل وحده بل كان معهم 10.000 رجل وكانت هناك ياعيل أيضاً. فعلينا أن لا نحتقر أصغر عضو فى الكنيسة. 
قضاة,4,80,"نرى هنا أن الله يبرز دور النساء الإيجابى فالمرأة هي نصف الكنيسة وعليها دور عظيم ودبورة قامت بعمل لم يعمله الرجال\'a1 فهى التي فكرت في خلاص شعبها من نير العبودية. وأثارت غيرة باراق الخائرة\'a1 وعنفت الرجال الذين لم يتعاونوا في وقت الشدة. ولكننا نلمس تكامل أعضاء الكنيسة. فنحن نلاحظ أن دبورة وحدها لم تستطع أن تقوم بالعمل وحدها ولا باراق استطاع العمل وحده بل كان معهم 10.000 رجل وكانت هناك ياعيل أيضاً. فعلينا أن لا نحتقر أصغر عضو فى الكنيسة. 
قضاة,4,81,"نرى هنا أن الله يبرز دور النساء الإيجابى فالمرأة هي نصف الكنيسة وعليها دور عظيم ودبورة قامت بعمل لم يعمله الرجال\'a1 فهى التي فكرت في خلاص شعبها من نير العبودية. وأثارت غيرة باراق الخائرة\'a1 وعنفت الرجال الذين لم يتعاونوا في وقت الشدة. ولكننا نلمس تكامل أعضاء الكنيسة. فنحن نلاحظ أن دبورة وحدها لم تستطع أن تقوم بالعمل وحدها ولا باراق استطاع العمل وحده بل كان معهم 10.000 رجل وكانت هناك ياعيل أيضاً. فعلينا أن لا نحتقر أصغر عضو فى الكنيسة. 
قضاة,4,82,"نرى هنا أن الله يبرز دور النساء الإيجابى فالمرأة هي نصف الكنيسة وعليها دور عظيم ودبورة قامت بعمل لم يعمله الرجال\'a1 فهى التي فكرت في خلاص شعبها من نير العبودية. وأثارت غيرة باراق الخائرة\'a1 وعنفت الرجال الذين لم يتعاونوا في وقت الشدة. ولكننا نلمس تكامل أعضاء الكنيسة. فنحن نلاحظ أن دبورة وحدها لم تستطع أن تقوم بالعمل وحدها ولا باراق استطاع العمل وحده بل كان معهم 10.000 رجل وكانت هناك ياعيل أيضاً. فعلينا أن لا نحتقر أصغر عضو فى الكنيسة. 
قضاة,4,83,"نرى هنا أن الله يبرز دور النساء الإيجابى فالمرأة هي نصف الكنيسة وعليها دور عظيم ودبورة قامت بعمل لم يعمله الرجال\'a1 فهى التي فكرت في خلاص شعبها من نير العبودية. وأثارت غيرة باراق الخائرة\'a1 وعنفت الرجال الذين لم يتعاونوا في وقت الشدة. ولكننا نلمس تكامل أعضاء الكنيسة. فنحن نلاحظ أن دبورة وحدها لم تستطع أن تقوم بالعمل وحدها ولا باراق استطاع العمل وحده بل كان معهم 10.000 رجل وكانت هناك ياعيل أيضاً. فعلينا أن لا نحتقر أصغر عضو فى الكنيسة. 
قضاة,4,84,"نرى هنا أن الله يبرز دور النساء الإيجابى فالمرأة هي نصف الكنيسة وعليها دور عظيم ودبورة قامت بعمل لم يعمله الرجال\'a1 فهى التي فكرت في خلاص شعبها من نير العبودية. وأثارت غيرة باراق الخائرة\'a1 وعنفت الرجال الذين لم يتعاونوا في وقت الشدة. ولكننا نلمس تكامل أعضاء الكنيسة. فنحن نلاحظ أن دبورة وحدها لم تستطع أن تقوم بالعمل وحدها ولا باراق استطاع العمل وحده بل كان معهم 10.000 رجل وكانت هناك ياعيل أيضاً. فعلينا أن لا نحتقر أصغر عضو فى الكنيسة. 
قضاة,4,85,"نرى هنا أن الله يبرز دور النساء الإيجابى فالمرأة هي نصف الكنيسة وعليها دور عظيم ودبورة قامت بعمل لم يعمله الرجال\'a1 فهى التي فكرت في خلاص شعبها من نير العبودية. وأثارت غيرة باراق الخائرة\'a1 وعنفت الرجال الذين لم يتعاونوا في وقت الشدة. ولكننا نلمس تكامل أعضاء الكنيسة. فنحن نلاحظ أن دبورة وحدها لم تستطع أن تقوم بالعمل وحدها ولا باراق استطاع العمل وحده بل كان معهم 10.000 رجل وكانت هناك ياعيل أيضاً. فعلينا أن لا نحتقر أصغر عضو فى الكنيسة. 
قضاة,4,86,"نرى هنا أن الله يبرز دور النساء الإيجابى فالمرأة هي نصف الكنيسة وعليها دور عظيم ودبورة قامت بعمل لم يعمله الرجال\'a1 فهى التي فكرت في خلاص شعبها من نير العبودية. وأثارت غيرة باراق الخائرة\'a1 وعنفت الرجال الذين لم يتعاونوا في وقت الشدة. ولكننا نلمس تكامل أعضاء الكنيسة. فنحن نلاحظ أن دبورة وحدها لم تستطع أن تقوم بالعمل وحدها ولا باراق استطاع العمل وحده بل كان معهم 10.000 رجل وكانت هناك ياعيل أيضاً. فعلينا أن لا نحتقر أصغر عضو فى الكنيسة. 
قضاة,4,87,"نرى هنا أن الله يبرز دور النساء الإيجابى فالمرأة هي نصف الكنيسة وعليها دور عظيم ودبورة قامت بعمل لم يعمله الرجال\'a1 فهى التي فكرت في خلاص شعبها من نير العبودية. وأثارت غيرة باراق الخائرة\'a1 وعنفت الرجال الذين لم يتعاونوا في وقت الشدة. ولكننا نلمس تكامل أعضاء الكنيسة. فنحن نلاحظ أن دبورة وحدها لم تستطع أن تقوم بالعمل وحدها ولا باراق استطاع العمل وحده بل كان معهم 10.000 رجل وكانت هناك ياعيل أيضاً. فعلينا أن لا نحتقر أصغر عضو فى الكنيسة. 
قضاة,4,88,"نرى هنا أن الله يبرز دور النساء الإيجابى فالمرأة هي نصف الكنيسة وعليها دور عظيم ودبورة قامت بعمل لم يعمله الرجال\'a1 فهى التي فكرت في خلاص شعبها من نير العبودية. وأثارت غيرة باراق الخائرة\'a1 وعنفت الرجال الذين لم يتعاونوا في وقت الشدة. ولكننا نلمس تكامل أعضاء الكنيسة. فنحن نلاحظ أن دبورة وحدها لم تستطع أن تقوم بالعمل وحدها ولا باراق استطاع العمل وحده بل كان معهم 10.000 رجل وكانت هناك ياعيل أيضاً. فعلينا أن لا نحتقر أصغر عضو فى الكنيسة. 
قضاة,4,89,"نرى هنا أن الله يبرز دور النساء الإيجابى فالمرأة هي نصف الكنيسة وعليها دور عظيم ودبورة قامت بعمل لم يعمله الرجال\'a1 فهى التي فكرت في خلاص شعبها من نير العبودية. وأثارت غيرة باراق الخائرة\'a1 وعنفت الرجال الذين لم يتعاونوا في وقت الشدة. ولكننا نلمس تكامل أعضاء الكنيسة. فنحن نلاحظ أن دبورة وحدها لم تستطع أن تقوم بالعمل وحدها ولا باراق استطاع العمل وحده بل كان معهم 10.000 رجل وكانت هناك ياعيل أيضاً. فعلينا أن لا نحتقر أصغر عضو فى الكنيسة. 
قضاة,4,90,"نرى هنا أن الله يبرز دور النساء الإيجابى فالمرأة هي نصف الكنيسة وعليها دور عظيم ودبورة قامت بعمل لم يعمله الرجال\'a1 فهى التي فكرت في خلاص شعبها من نير العبودية. وأثارت غيرة باراق الخائرة\'a1 وعنفت الرجال الذين لم يتعاونوا في وقت الشدة. ولكننا نلمس تكامل أعضاء الكنيسة. فنحن نلاحظ أن دبورة وحدها لم تستطع أن تقوم بالعمل وحدها ولا باراق استطاع العمل وحده بل كان معهم 10.000 رجل وكانت هناك ياعيل أيضاً. فعلينا أن لا نحتقر أصغر عضو فى الكنيسة. 
قضاة,4,91,"نرى هنا أن الله يبرز دور النساء الإيجابى فالمرأة هي نصف الكنيسة وعليها دور عظيم ودبورة قامت بعمل لم يعمله الرجال\'a1 فهى التي فكرت في خلاص شعبها من نير العبودية. وأثارت غيرة باراق الخائرة\'a1 وعنفت الرجال الذين لم يتعاونوا في وقت الشدة. ولكننا نلمس تكامل أعضاء الكنيسة. فنحن نلاحظ أن دبورة وحدها لم تستطع أن تقوم بالعمل وحدها ولا باراق استطاع العمل وحده بل كان معهم 10.000 رجل وكانت هناك ياعيل أيضاً. فعلينا أن لا نحتقر أصغر عضو فى الكنيسة. 
قضاة,4,92,"نرى هنا أن الله يبرز دور النساء الإيجابى فالمرأة هي نصف الكنيسة وعليها دور عظيم ودبورة قامت بعمل لم يعمله الرجال\'a1 فهى التي فكرت في خلاص شعبها من نير العبودية. وأثارت غيرة باراق الخائرة\'a1 وعنفت الرجال الذين لم يتعاونوا في وقت الشدة. ولكننا نلمس تكامل أعضاء الكنيسة. فنحن نلاحظ أن دبورة وحدها لم تستطع أن تقوم بالعمل وحدها ولا باراق استطاع العمل وحده بل كان معهم 10.000 رجل وكانت هناك ياعيل أيضاً. فعلينا أن لا نحتقر أصغر عضو فى الكنيسة. 
قضاة,4,93,"نرى هنا أن الله يبرز دور النساء الإيجابى فالمرأة هي نصف الكنيسة وعليها دور عظيم ودبورة قامت بعمل لم يعمله الرجال\'a1 فهى التي فكرت في خلاص شعبها من نير العبودية. وأثارت غيرة باراق الخائرة\'a1 وعنفت الرجال الذين لم يتعاونوا في وقت الشدة. ولكننا نلمس تكامل أعضاء الكنيسة. فنحن نلاحظ أن دبورة وحدها لم تستطع أن تقوم بالعمل وحدها ولا باراق استطاع العمل وحده بل كان معهم 10.000 رجل وكانت هناك ياعيل أيضاً. فعلينا أن لا نحتقر أصغر عضو فى الكنيسة. 
قضاة,4,94,"نرى هنا أن الله يبرز دور النساء الإيجابى فالمرأة هي نصف الكنيسة وعليها دور عظيم ودبورة قامت بعمل لم يعمله الرجال\'a1 فهى التي فكرت في خلاص شعبها من نير العبودية. وأثارت غيرة باراق الخائرة\'a1 وعنفت الرجال الذين لم يتعاونوا في وقت الشدة. ولكننا نلمس تكامل أعضاء الكنيسة. فنحن نلاحظ أن دبورة وحدها لم تستطع أن تقوم بالعمل وحدها ولا باراق استطاع العمل وحده بل كان معهم 10.000 رجل وكانت هناك ياعيل أيضاً. فعلينا أن لا نحتقر أصغر عضو فى الكنيسة. 
قضاة,4,95,"نرى هنا أن الله يبرز دور النساء الإيجابى فالمرأة هي نصف الكنيسة وعليها دور عظيم ودبورة قامت بعمل لم يعمله الرجال\'a1 فهى التي فكرت في خلاص شعبها من نير العبودية. وأثارت غيرة باراق الخائرة\'a1 وعنفت الرجال الذين لم يتعاونوا في وقت الشدة. ولكننا نلمس تكامل أعضاء الكنيسة. فنحن نلاحظ أن دبورة وحدها لم تستطع أن تقوم بالعمل وحدها ولا باراق استطاع العمل وحده بل كان معهم 10.000 رجل وكانت هناك ياعيل أيضاً. فعلينا أن لا نحتقر أصغر عضو فى الكنيسة. 
قضاة,4,96,"نرى هنا أن الله يبرز دور النساء الإيجابى فالمرأة هي نصف الكنيسة وعليها دور عظيم ودبورة قامت بعمل لم يعمله الرجال\'a1 فهى التي فكرت في خلاص شعبها من نير العبودية. وأثارت غيرة باراق الخائرة\'a1 وعنفت الرجال الذين لم يتعاونوا في وقت الشدة. ولكننا نلمس تكامل أعضاء الكنيسة. فنحن نلاحظ أن دبورة وحدها لم تستطع أن تقوم بالعمل وحدها ولا باراق استطاع العمل وحده بل كان معهم 10.000 رجل وكانت هناك ياعيل أيضاً. فعلينا أن لا نحتقر أصغر عضو فى الكنيسة. 
قضاة,4,97,"نرى هنا أن الله يبرز دور النساء الإيجابى فالمرأة هي نصف الكنيسة وعليها دور عظيم ودبورة قامت بعمل لم يعمله الرجال\'a1 فهى التي فكرت في خلاص شعبها من نير العبودية. وأثارت غيرة باراق الخائرة\'a1 وعنفت الرجال الذين لم يتعاونوا في وقت الشدة. ولكننا نلمس تكامل أعضاء الكنيسة. فنحن نلاحظ أن دبورة وحدها لم تستطع أن تقوم بالعمل وحدها ولا باراق استطاع العمل وحده بل كان معهم 10.000 رجل وكانت هناك ياعيل أيضاً. فعلينا أن لا نحتقر أصغر عضو فى الكنيسة. 
قضاة,4,98,"نرى هنا أن الله يبرز دور النساء الإيجابى فالمرأة هي نصف الكنيسة وعليها دور عظيم ودبورة قامت بعمل لم يعمله الرجال\'a1 فهى التي فكرت في خلاص شعبها من نير العبودية. وأثارت غيرة باراق الخائرة\'a1 وعنفت الرجال الذين لم يتعاونوا في وقت الشدة. ولكننا نلمس تكامل أعضاء الكنيسة. فنحن نلاحظ أن دبورة وحدها لم تستطع أن تقوم بالعمل وحدها ولا باراق استطاع العمل وحده بل كان معهم 10.000 رجل وكانت هناك ياعيل أيضاً. فعلينا أن لا نحتقر أصغر عضو فى الكنيسة. 
قضاة,4,99,"نرى هنا أن الله يبرز دور النساء الإيجابى فالمرأة هي نصف الكنيسة وعليها دور عظيم ودبورة قامت بعمل لم يعمله الرجال\'a1 فهى التي فكرت في خلاص شعبها من نير العبودية. وأثارت غيرة باراق الخائرة\'a1 وعنفت الرجال الذين لم يتعاونوا في وقت الشدة. ولكننا نلمس تكامل أعضاء الكنيسة. فنحن نلاحظ أن دبورة وحدها لم تستطع أن تقوم بالعمل وحدها ولا باراق استطاع العمل وحده بل كان معهم 10.000 رجل وكانت هناك ياعيل أيضاً. فعلينا أن لا نحتقر أصغر عضو فى الكنيسة. 
قضاة,5,1,"تسبحة دبورة = نشيد الغلبة. مكتوب بأسلوب شعرى رائع وهي تسبحة الإنسان المجاهد الذي يكون كدبورة أي نحلة نشيطة يترنم بها أثناء جهاده الروحى وينقسم النشيد إلى 3 أقسام كل منها 9 أعداد (3-11\'a1 13-21\'a1 22-30) أمّا العددان 1\'a1 2 فهما مقدمة للتسبحة والعدد 12 مقدمة للقسم الثانى والعدد 31 خاتمة للتسبحة.
قضاة,5,2,"تسبحة دبورة = نشيد الغلبة. مكتوب بأسلوب شعرى رائع وهي تسبحة الإنسان المجاهد الذي يكون كدبورة أي نحلة نشيطة يترنم بها أثناء جهاده الروحى وينقسم النشيد إلى 3 أقسام كل منها 9 أعداد (3-11\'a1 13-21\'a1 22-30) أمّا العددان 1\'a1 2 فهما مقدمة للتسبحة والعدد 12 مقدمة للقسم الثانى والعدد 31 خاتمة للتسبحة.
قضاة,5,3,"تسبحة دبورة = نشيد الغلبة. مكتوب بأسلوب شعرى رائع وهي تسبحة الإنسان المجاهد الذي يكون كدبورة أي نحلة نشيطة يترنم بها أثناء جهاده الروحى وينقسم النشيد إلى 3 أقسام كل منها 9 أعداد (3-11\'a1 13-21\'a1 22-30) أمّا العددان 1\'a1 2 فهما مقدمة للتسبحة والعدد 12 مقدمة للقسم الثانى والعدد 31 خاتمة للتسبحة.
قضاة,5,4,"تسبحة دبورة = نشيد الغلبة. مكتوب بأسلوب شعرى رائع وهي تسبحة الإنسان المجاهد الذي يكون كدبورة أي نحلة نشيطة يترنم بها أثناء جهاده الروحى وينقسم النشيد إلى 3 أقسام كل منها 9 أعداد (3-11\'a1 13-21\'a1 22-30) أمّا العددان 1\'a1 2 فهما مقدمة للتسبحة والعدد 12 مقدمة للقسم الثانى والعدد 31 خاتمة للتسبحة.
قضاة,5,5,"تسبحة دبورة = نشيد الغلبة. مكتوب بأسلوب شعرى رائع وهي تسبحة الإنسان المجاهد الذي يكون كدبورة أي نحلة نشيطة يترنم بها أثناء جهاده الروحى وينقسم النشيد إلى 3 أقسام كل منها 9 أعداد (3-11\'a1 13-21\'a1 22-30) أمّا العددان 1\'a1 2 فهما مقدمة للتسبحة والعدد 12 مقدمة للقسم الثانى والعدد 31 خاتمة للتسبحة.
قضاة,5,6,"تسبحة دبورة = نشيد الغلبة. مكتوب بأسلوب شعرى رائع وهي تسبحة الإنسان المجاهد الذي يكون كدبورة أي نحلة نشيطة يترنم بها أثناء جهاده الروحى وينقسم النشيد إلى 3 أقسام كل منها 9 أعداد (3-11\'a1 13-21\'a1 22-30) أمّا العددان 1\'a1 2 فهما مقدمة للتسبحة والعدد 12 مقدمة للقسم الثانى والعدد 31 خاتمة للتسبحة.
قضاة,5,7,"تسبحة دبورة = نشيد الغلبة. مكتوب بأسلوب شعرى رائع وهي تسبحة الإنسان المجاهد الذي يكون كدبورة أي نحلة نشيطة يترنم بها أثناء جهاده الروحى وينقسم النشيد إلى 3 أقسام كل منها 9 أعداد (3-11\'a1 13-21\'a1 22-30) أمّا العددان 1\'a1 2 فهما مقدمة للتسبحة والعدد 12 مقدمة للقسم الثانى والعدد 31 خاتمة للتسبحة.
قضاة,5,8,"تسبحة دبورة = نشيد الغلبة. مكتوب بأسلوب شعرى رائع وهي تسبحة الإنسان المجاهد الذي يكون كدبورة أي نحلة نشيطة يترنم بها أثناء جهاده الروحى وينقسم النشيد إلى 3 أقسام كل منها 9 أعداد (3-11\'a1 13-21\'a1 22-30) أمّا العددان 1\'a1 2 فهما مقدمة للتسبحة والعدد 12 مقدمة للقسم الثانى والعدد 31 خاتمة للتسبحة.
قضاة,5,9,"تسبحة دبورة = نشيد الغلبة. مكتوب بأسلوب شعرى رائع وهي تسبحة الإنسان المجاهد الذي يكون كدبورة أي نحلة نشيطة يترنم بها أثناء جهاده الروحى وينقسم النشيد إلى 3 أقسام كل منها 9 أعداد (3-11\'a1 13-21\'a1 22-30) أمّا العددان 1\'a1 2 فهما مقدمة للتسبحة والعدد 12 مقدمة للقسم الثانى والعدد 31 خاتمة للتسبحة.
قضاة,5,10,"تسبحة دبورة = نشيد الغلبة. مكتوب بأسلوب شعرى رائع وهي تسبحة الإنسان المجاهد الذي يكون كدبورة أي نحلة نشيطة يترنم بها أثناء جهاده الروحى وينقسم النشيد إلى 3 أقسام كل منها 9 أعداد (3-11\'a1 13-21\'a1 22-30) أمّا العددان 1\'a1 2 فهما مقدمة للتسبحة والعدد 12 مقدمة للقسم الثانى والعدد 31 خاتمة للتسبحة.
قضاة,5,11,"تسبحة دبورة = نشيد الغلبة. مكتوب بأسلوب شعرى رائع وهي تسبحة الإنسان المجاهد الذي يكون كدبورة أي نحلة نشيطة يترنم بها أثناء جهاده الروحى وينقسم النشيد إلى 3 أقسام كل منها 9 أعداد (3-11\'a1 13-21\'a1 22-30) أمّا العددان 1\'a1 2 فهما مقدمة للتسبحة والعدد 12 مقدمة للقسم الثانى والعدد 31 خاتمة للتسبحة.
قضاة,5,12,"تسبحة دبورة = نشيد الغلبة. مكتوب بأسلوب شعرى رائع وهي تسبحة الإنسان المجاهد الذي يكون كدبورة أي نحلة نشيطة يترنم بها أثناء جهاده الروحى وينقسم النشيد إلى 3 أقسام كل منها 9 أعداد (3-11\'a1 13-21\'a1 22-30) أمّا العددان 1\'a1 2 فهما مقدمة للتسبحة والعدد 12 مقدمة للقسم الثانى والعدد 31 خاتمة للتسبحة.
قضاة,5,13,"تسبحة دبورة = نشيد الغلبة. مكتوب بأسلوب شعرى رائع وهي تسبحة الإنسان المجاهد الذي يكون كدبورة أي نحلة نشيطة يترنم بها أثناء جهاده الروحى وينقسم النشيد إلى 3 أقسام كل منها 9 أعداد (3-11\'a1 13-21\'a1 22-30) أمّا العددان 1\'a1 2 فهما مقدمة للتسبحة والعدد 12 مقدمة للقسم الثانى والعدد 31 خاتمة للتسبحة.
قضاة,5,14,"تسبحة دبورة = نشيد الغلبة. مكتوب بأسلوب شعرى رائع وهي تسبحة الإنسان المجاهد الذي يكون كدبورة أي نحلة نشيطة يترنم بها أثناء جهاده الروحى وينقسم النشيد إلى 3 أقسام كل منها 9 أعداد (3-11\'a1 13-21\'a1 22-30) أمّا العددان 1\'a1 2 فهما مقدمة للتسبحة والعدد 12 مقدمة للقسم الثانى والعدد 31 خاتمة للتسبحة.
قضاة,5,15,"تسبحة دبورة = نشيد الغلبة. مكتوب بأسلوب شعرى رائع وهي تسبحة الإنسان المجاهد الذي يكون كدبورة أي نحلة نشيطة يترنم بها أثناء جهاده الروحى وينقسم النشيد إلى 3 أقسام كل منها 9 أعداد (3-11\'a1 13-21\'a1 22-30) أمّا العددان 1\'a1 2 فهما مقدمة للتسبحة والعدد 12 مقدمة للقسم الثانى والعدد 31 خاتمة للتسبحة.
قضاة,5,16,"تسبحة دبورة = نشيد الغلبة. مكتوب بأسلوب شعرى رائع وهي تسبحة الإنسان المجاهد الذي يكون كدبورة أي نحلة نشيطة يترنم بها أثناء جهاده الروحى وينقسم النشيد إلى 3 أقسام كل منها 9 أعداد (3-11\'a1 13-21\'a1 22-30) أمّا العددان 1\'a1 2 فهما مقدمة للتسبحة والعدد 12 مقدمة للقسم الثانى والعدد 31 خاتمة للتسبحة.
قضاة,5,17,"تسبحة دبورة = نشيد الغلبة. مكتوب بأسلوب شعرى رائع وهي تسبحة الإنسان المجاهد الذي يكون كدبورة أي نحلة نشيطة يترنم بها أثناء جهاده الروحى وينقسم النشيد إلى 3 أقسام كل منها 9 أعداد (3-11\'a1 13-21\'a1 22-30) أمّا العددان 1\'a1 2 فهما مقدمة للتسبحة والعدد 12 مقدمة للقسم الثانى والعدد 31 خاتمة للتسبحة.
قضاة,5,18,"تسبحة دبورة = نشيد الغلبة. مكتوب بأسلوب شعرى رائع وهي تسبحة الإنسان المجاهد الذي يكون كدبورة أي نحلة نشيطة يترنم بها أثناء جهاده الروحى وينقسم النشيد إلى 3 أقسام كل منها 9 أعداد (3-11\'a1 13-21\'a1 22-30) أمّا العددان 1\'a1 2 فهما مقدمة للتسبحة والعدد 12 مقدمة للقسم الثانى والعدد 31 خاتمة للتسبحة.
قضاة,5,19,"تسبحة دبورة = نشيد الغلبة. مكتوب بأسلوب شعرى رائع وهي تسبحة الإنسان المجاهد الذي يكون كدبورة أي نحلة نشيطة يترنم بها أثناء جهاده الروحى وينقسم النشيد إلى 3 أقسام كل منها 9 أعداد (3-11\'a1 13-21\'a1 22-30) أمّا العددان 1\'a1 2 فهما مقدمة للتسبحة والعدد 12 مقدمة للقسم الثانى والعدد 31 خاتمة للتسبحة.
قضاة,5,20,"تسبحة دبورة = نشيد الغلبة. مكتوب بأسلوب شعرى رائع وهي تسبحة الإنسان المجاهد الذي يكون كدبورة أي نحلة نشيطة يترنم بها أثناء جهاده الروحى وينقسم النشيد إلى 3 أقسام كل منها 9 أعداد (3-11\'a1 13-21\'a1 22-30) أمّا العددان 1\'a1 2 فهما مقدمة للتسبحة والعدد 12 مقدمة للقسم الثانى والعدد 31 خاتمة للتسبحة.
قضاة,5,21,"تسبحة دبورة = نشيد الغلبة. مكتوب بأسلوب شعرى رائع وهي تسبحة الإنسان المجاهد الذي يكون كدبورة أي نحلة نشيطة يترنم بها أثناء جهاده الروحى وينقسم النشيد إلى 3 أقسام كل منها 9 أعداد (3-11\'a1 13-21\'a1 22-30) أمّا العددان 1\'a1 2 فهما مقدمة للتسبحة والعدد 12 مقدمة للقسم الثانى والعدد 31 خاتمة للتسبحة.
قضاة,5,22,"تسبحة دبورة = نشيد الغلبة. مكتوب بأسلوب شعرى رائع وهي تسبحة الإنسان المجاهد الذي يكون كدبورة أي نحلة نشيطة يترنم بها أثناء جهاده الروحى وينقسم النشيد إلى 3 أقسام كل منها 9 أعداد (3-11\'a1 13-21\'a1 22-30) أمّا العددان 1\'a1 2 فهما مقدمة للتسبحة والعدد 12 مقدمة للقسم الثانى والعدد 31 خاتمة للتسبحة.
قضاة,5,23,"تسبحة دبورة = نشيد الغلبة. مكتوب بأسلوب شعرى رائع وهي تسبحة الإنسان المجاهد الذي يكون كدبورة أي نحلة نشيطة يترنم بها أثناء جهاده الروحى وينقسم النشيد إلى 3 أقسام كل منها 9 أعداد (3-11\'a1 13-21\'a1 22-30) أمّا العددان 1\'a1 2 فهما مقدمة للتسبحة والعدد 12 مقدمة للقسم الثانى والعدد 31 خاتمة للتسبحة.
قضاة,5,24,"تسبحة دبورة = نشيد الغلبة. مكتوب بأسلوب شعرى رائع وهي تسبحة الإنسان المجاهد الذي يكون كدبورة أي نحلة نشيطة يترنم بها أثناء جهاده الروحى وينقسم النشيد إلى 3 أقسام كل منها 9 أعداد (3-11\'a1 13-21\'a1 22-30) أمّا العددان 1\'a1 2 فهما مقدمة للتسبحة والعدد 12 مقدمة للقسم الثانى والعدد 31 خاتمة للتسبحة.
قضاة,5,25,"تسبحة دبورة = نشيد الغلبة. مكتوب بأسلوب شعرى رائع وهي تسبحة الإنسان المجاهد الذي يكون كدبورة أي نحلة نشيطة يترنم بها أثناء جهاده الروحى وينقسم النشيد إلى 3 أقسام كل منها 9 أعداد (3-11\'a1 13-21\'a1 22-30) أمّا العددان 1\'a1 2 فهما مقدمة للتسبحة والعدد 12 مقدمة للقسم الثانى والعدد 31 خاتمة للتسبحة.
قضاة,5,26,"تسبحة دبورة = نشيد الغلبة. مكتوب بأسلوب شعرى رائع وهي تسبحة الإنسان المجاهد الذي يكون كدبورة أي نحلة نشيطة يترنم بها أثناء جهاده الروحى وينقسم النشيد إلى 3 أقسام كل منها 9 أعداد (3-11\'a1 13-21\'a1 22-30) أمّا العددان 1\'a1 2 فهما مقدمة للتسبحة والعدد 12 مقدمة للقسم الثانى والعدد 31 خاتمة للتسبحة.
قضاة,5,27,"تسبحة دبورة = نشيد الغلبة. مكتوب بأسلوب شعرى رائع وهي تسبحة الإنسان المجاهد الذي يكون كدبورة أي نحلة نشيطة يترنم بها أثناء جهاده الروحى وينقسم النشيد إلى 3 أقسام كل منها 9 أعداد (3-11\'a1 13-21\'a1 22-30) أمّا العددان 1\'a1 2 فهما مقدمة للتسبحة والعدد 12 مقدمة للقسم الثانى والعدد 31 خاتمة للتسبحة.
قضاة,5,28,"تسبحة دبورة = نشيد الغلبة. مكتوب بأسلوب شعرى رائع وهي تسبحة الإنسان المجاهد الذي يكون كدبورة أي نحلة نشيطة يترنم بها أثناء جهاده الروحى وينقسم النشيد إلى 3 أقسام كل منها 9 أعداد (3-11\'a1 13-21\'a1 22-30) أمّا العددان 1\'a1 2 فهما مقدمة للتسبحة والعدد 12 مقدمة للقسم الثانى والعدد 31 خاتمة للتسبحة.
قضاة,5,29,"تسبحة دبورة = نشيد الغلبة. مكتوب بأسلوب شعرى رائع وهي تسبحة الإنسان المجاهد الذي يكون كدبورة أي نحلة نشيطة يترنم بها أثناء جهاده الروحى وينقسم النشيد إلى 3 أقسام كل منها 9 أعداد (3-11\'a1 13-21\'a1 22-30) أمّا العددان 1\'a1 2 فهما مقدمة للتسبحة والعدد 12 مقدمة للقسم الثانى والعدد 31 خاتمة للتسبحة.
قضاة,5,30,"تسبحة دبورة = نشيد الغلبة. مكتوب بأسلوب شعرى رائع وهي تسبحة الإنسان المجاهد الذي يكون كدبورة أي نحلة نشيطة يترنم بها أثناء جهاده الروحى وينقسم النشيد إلى 3 أقسام كل منها 9 أعداد (3-11\'a1 13-21\'a1 22-30) أمّا العددان 1\'a1 2 فهما مقدمة للتسبحة والعدد 12 مقدمة للقسم الثانى والعدد 31 خاتمة للتسبحة.
قضاة,5,31,"تسبحة دبورة = نشيد الغلبة. مكتوب بأسلوب شعرى رائع وهي تسبحة الإنسان المجاهد الذي يكون كدبورة أي نحلة نشيطة يترنم بها أثناء جهاده الروحى وينقسم النشيد إلى 3 أقسام كل منها 9 أعداد (3-11\'a1 13-21\'a1 22-30) أمّا العددان 1\'a1 2 فهما مقدمة للتسبحة والعدد 12 مقدمة للقسم الثانى والعدد 31 خاتمة للتسبحة.
قضاة,5,32,"تسبحة دبورة = نشيد الغلبة. مكتوب بأسلوب شعرى رائع وهي تسبحة الإنسان المجاهد الذي يكون كدبورة أي نحلة نشيطة يترنم بها أثناء جهاده الروحى وينقسم النشيد إلى 3 أقسام كل منها 9 أعداد (3-11\'a1 13-21\'a1 22-30) أمّا العددان 1\'a1 2 فهما مقدمة للتسبحة والعدد 12 مقدمة للقسم الثانى والعدد 31 خاتمة للتسبحة.
قضاة,5,33,"تسبحة دبورة = نشيد الغلبة. مكتوب بأسلوب شعرى رائع وهي تسبحة الإنسان المجاهد الذي يكون كدبورة أي نحلة نشيطة يترنم بها أثناء جهاده الروحى وينقسم النشيد إلى 3 أقسام كل منها 9 أعداد (3-11\'a1 13-21\'a1 22-30) أمّا العددان 1\'a1 2 فهما مقدمة للتسبحة والعدد 12 مقدمة للقسم الثانى والعدد 31 خاتمة للتسبحة.
قضاة,5,34,"تسبحة دبورة = نشيد الغلبة. مكتوب بأسلوب شعرى رائع وهي تسبحة الإنسان المجاهد الذي يكون كدبورة أي نحلة نشيطة يترنم بها أثناء جهاده الروحى وينقسم النشيد إلى 3 أقسام كل منها 9 أعداد (3-11\'a1 13-21\'a1 22-30) أمّا العددان 1\'a1 2 فهما مقدمة للتسبحة والعدد 12 مقدمة للقسم الثانى والعدد 31 خاتمة للتسبحة.
قضاة,5,35,"تسبحة دبورة = نشيد الغلبة. مكتوب بأسلوب شعرى رائع وهي تسبحة الإنسان المجاهد الذي يكون كدبورة أي نحلة نشيطة يترنم بها أثناء جهاده الروحى وينقسم النشيد إلى 3 أقسام كل منها 9 أعداد (3-11\'a1 13-21\'a1 22-30) أمّا العددان 1\'a1 2 فهما مقدمة للتسبحة والعدد 12 مقدمة للقسم الثانى والعدد 31 خاتمة للتسبحة.
قضاة,5,36,"تسبحة دبورة = نشيد الغلبة. مكتوب بأسلوب شعرى رائع وهي تسبحة الإنسان المجاهد الذي يكون كدبورة أي نحلة نشيطة يترنم بها أثناء جهاده الروحى وينقسم النشيد إلى 3 أقسام كل منها 9 أعداد (3-11\'a1 13-21\'a1 22-30) أمّا العددان 1\'a1 2 فهما مقدمة للتسبحة والعدد 12 مقدمة للقسم الثانى والعدد 31 خاتمة للتسبحة.
قضاة,5,37,"تسبحة دبورة = نشيد الغلبة. مكتوب بأسلوب شعرى رائع وهي تسبحة الإنسان المجاهد الذي يكون كدبورة أي نحلة نشيطة يترنم بها أثناء جهاده الروحى وينقسم النشيد إلى 3 أقسام كل منها 9 أعداد (3-11\'a1 13-21\'a1 22-30) أمّا العددان 1\'a1 2 فهما مقدمة للتسبحة والعدد 12 مقدمة للقسم الثانى والعدد 31 خاتمة للتسبحة.
قضاة,5,38,"تسبحة دبورة = نشيد الغلبة. مكتوب بأسلوب شعرى رائع وهي تسبحة الإنسان المجاهد الذي يكون كدبورة أي نحلة نشيطة يترنم بها أثناء جهاده الروحى وينقسم النشيد إلى 3 أقسام كل منها 9 أعداد (3-11\'a1 13-21\'a1 22-30) أمّا العددان 1\'a1 2 فهما مقدمة للتسبحة والعدد 12 مقدمة للقسم الثانى والعدد 31 خاتمة للتسبحة.
قضاة,5,39,"تسبحة دبورة = نشيد الغلبة. مكتوب بأسلوب شعرى رائع وهي تسبحة الإنسان المجاهد الذي يكون كدبورة أي نحلة نشيطة يترنم بها أثناء جهاده الروحى وينقسم النشيد إلى 3 أقسام كل منها 9 أعداد (3-11\'a1 13-21\'a1 22-30) أمّا العددان 1\'a1 2 فهما مقدمة للتسبحة والعدد 12 مقدمة للقسم الثانى والعدد 31 خاتمة للتسبحة.
قضاة,5,40,"تسبحة دبورة = نشيد الغلبة. مكتوب بأسلوب شعرى رائع وهي تسبحة الإنسان المجاهد الذي يكون كدبورة أي نحلة نشيطة يترنم بها أثناء جهاده الروحى وينقسم النشيد إلى 3 أقسام كل منها 9 أعداد (3-11\'a1 13-21\'a1 22-30) أمّا العددان 1\'a1 2 فهما مقدمة للتسبحة والعدد 12 مقدمة للقسم الثانى والعدد 31 خاتمة للتسبحة.
قضاة,5,41,"تسبحة دبورة = نشيد الغلبة. مكتوب بأسلوب شعرى رائع وهي تسبحة الإنسان المجاهد الذي يكون كدبورة أي نحلة نشيطة يترنم بها أثناء جهاده الروحى وينقسم النشيد إلى 3 أقسام كل منها 9 أعداد (3-11\'a1 13-21\'a1 22-30) أمّا العددان 1\'a1 2 فهما مقدمة للتسبحة والعدد 12 مقدمة للقسم الثانى والعدد 31 خاتمة للتسبحة.
قضاة,5,42,"تسبحة دبورة = نشيد الغلبة. مكتوب بأسلوب شعرى رائع وهي تسبحة الإنسان المجاهد الذي يكون كدبورة أي نحلة نشيطة يترنم بها أثناء جهاده الروحى وينقسم النشيد إلى 3 أقسام كل منها 9 أعداد (3-11\'a1 13-21\'a1 22-30) أمّا العددان 1\'a1 2 فهما مقدمة للتسبحة والعدد 12 مقدمة للقسم الثانى والعدد 31 خاتمة للتسبحة.
قضاة,5,43,"تسبحة دبورة = نشيد الغلبة. مكتوب بأسلوب شعرى رائع وهي تسبحة الإنسان المجاهد الذي يكون كدبورة أي نحلة نشيطة يترنم بها أثناء جهاده الروحى وينقسم النشيد إلى 3 أقسام كل منها 9 أعداد (3-11\'a1 13-21\'a1 22-30) أمّا العددان 1\'a1 2 فهما مقدمة للتسبحة والعدد 12 مقدمة للقسم الثانى والعدد 31 خاتمة للتسبحة.
قضاة,5,44,"تسبحة دبورة = نشيد الغلبة. مكتوب بأسلوب شعرى رائع وهي تسبحة الإنسان المجاهد الذي يكون كدبورة أي نحلة نشيطة يترنم بها أثناء جهاده الروحى وينقسم النشيد إلى 3 أقسام كل منها 9 أعداد (3-11\'a1 13-21\'a1 22-30) أمّا العددان 1\'a1 2 فهما مقدمة للتسبحة والعدد 12 مقدمة للقسم الثانى والعدد 31 خاتمة للتسبحة.
قضاة,5,45,"تسبحة دبورة = نشيد الغلبة. مكتوب بأسلوب شعرى رائع وهي تسبحة الإنسان المجاهد الذي يكون كدبورة أي نحلة نشيطة يترنم بها أثناء جهاده الروحى وينقسم النشيد إلى 3 أقسام كل منها 9 أعداد (3-11\'a1 13-21\'a1 22-30) أمّا العددان 1\'a1 2 فهما مقدمة للتسبحة والعدد 12 مقدمة للقسم الثانى والعدد 31 خاتمة للتسبحة.
قضاة,5,46,"تسبحة دبورة = نشيد الغلبة. مكتوب بأسلوب شعرى رائع وهي تسبحة الإنسان المجاهد الذي يكون كدبورة أي نحلة نشيطة يترنم بها أثناء جهاده الروحى وينقسم النشيد إلى 3 أقسام كل منها 9 أعداد (3-11\'a1 13-21\'a1 22-30) أمّا العددان 1\'a1 2 فهما مقدمة للتسبحة والعدد 12 مقدمة للقسم الثانى والعدد 31 خاتمة للتسبحة.
قضاة,5,47,"تسبحة دبورة = نشيد الغلبة. مكتوب بأسلوب شعرى رائع وهي تسبحة الإنسان المجاهد الذي يكون كدبورة أي نحلة نشيطة يترنم بها أثناء جهاده الروحى وينقسم النشيد إلى 3 أقسام كل منها 9 أعداد (3-11\'a1 13-21\'a1 22-30) أمّا العددان 1\'a1 2 فهما مقدمة للتسبحة والعدد 12 مقدمة للقسم الثانى والعدد 31 خاتمة للتسبحة.
قضاة,5,48,"تسبحة دبورة = نشيد الغلبة. مكتوب بأسلوب شعرى رائع وهي تسبحة الإنسان المجاهد الذي يكون كدبورة أي نحلة نشيطة يترنم بها أثناء جهاده الروحى وينقسم النشيد إلى 3 أقسام كل منها 9 أعداد (3-11\'a1 13-21\'a1 22-30) أمّا العددان 1\'a1 2 فهما مقدمة للتسبحة والعدد 12 مقدمة للقسم الثانى والعدد 31 خاتمة للتسبحة.
قضاة,5,49,"تسبحة دبورة = نشيد الغلبة. مكتوب بأسلوب شعرى رائع وهي تسبحة الإنسان المجاهد الذي يكون كدبورة أي نحلة نشيطة يترنم بها أثناء جهاده الروحى وينقسم النشيد إلى 3 أقسام كل منها 9 أعداد (3-11\'a1 13-21\'a1 22-30) أمّا العددان 1\'a1 2 فهما مقدمة للتسبحة والعدد 12 مقدمة للقسم الثانى والعدد 31 خاتمة للتسبحة.
قضاة,5,50,"تسبحة دبورة = نشيد الغلبة. مكتوب بأسلوب شعرى رائع وهي تسبحة الإنسان المجاهد الذي يكون كدبورة أي نحلة نشيطة يترنم بها أثناء جهاده الروحى وينقسم النشيد إلى 3 أقسام كل منها 9 أعداد (3-11\'a1 13-21\'a1 22-30) أمّا العددان 1\'a1 2 فهما مقدمة للتسبحة والعدد 12 مقدمة للقسم الثانى والعدد 31 خاتمة للتسبحة.
قضاة,5,51,"تسبحة دبورة = نشيد الغلبة. مكتوب بأسلوب شعرى رائع وهي تسبحة الإنسان المجاهد الذي يكون كدبورة أي نحلة نشيطة يترنم بها أثناء جهاده الروحى وينقسم النشيد إلى 3 أقسام كل منها 9 أعداد (3-11\'a1 13-21\'a1 22-30) أمّا العددان 1\'a1 2 فهما مقدمة للتسبحة والعدد 12 مقدمة للقسم الثانى والعدد 31 خاتمة للتسبحة.
قضاة,5,52,"تسبحة دبورة = نشيد الغلبة. مكتوب بأسلوب شعرى رائع وهي تسبحة الإنسان المجاهد الذي يكون كدبورة أي نحلة نشيطة يترنم بها أثناء جهاده الروحى وينقسم النشيد إلى 3 أقسام كل منها 9 أعداد (3-11\'a1 13-21\'a1 22-30) أمّا العددان 1\'a1 2 فهما مقدمة للتسبحة والعدد 12 مقدمة للقسم الثانى والعدد 31 خاتمة للتسبحة.
قضاة,5,53,"تسبحة دبورة = نشيد الغلبة. مكتوب بأسلوب شعرى رائع وهي تسبحة الإنسان المجاهد الذي يكون كدبورة أي نحلة نشيطة يترنم بها أثناء جهاده الروحى وينقسم النشيد إلى 3 أقسام كل منها 9 أعداد (3-11\'a1 13-21\'a1 22-30) أمّا العددان 1\'a1 2 فهما مقدمة للتسبحة والعدد 12 مقدمة للقسم الثانى والعدد 31 خاتمة للتسبحة.
قضاة,5,54,"تسبحة دبورة = نشيد الغلبة. مكتوب بأسلوب شعرى رائع وهي تسبحة الإنسان المجاهد الذي يكون كدبورة أي نحلة نشيطة يترنم بها أثناء جهاده الروحى وينقسم النشيد إلى 3 أقسام كل منها 9 أعداد (3-11\'a1 13-21\'a1 22-30) أمّا العددان 1\'a1 2 فهما مقدمة للتسبحة والعدد 12 مقدمة للقسم الثانى والعدد 31 خاتمة للتسبحة.
قضاة,5,55,"تسبحة دبورة = نشيد الغلبة. مكتوب بأسلوب شعرى رائع وهي تسبحة الإنسان المجاهد الذي يكون كدبورة أي نحلة نشيطة يترنم بها أثناء جهاده الروحى وينقسم النشيد إلى 3 أقسام كل منها 9 أعداد (3-11\'a1 13-21\'a1 22-30) أمّا العددان 1\'a1 2 فهما مقدمة للتسبحة والعدد 12 مقدمة للقسم الثانى والعدد 31 خاتمة للتسبحة.
قضاة,5,56,"تسبحة دبورة = نشيد الغلبة. مكتوب بأسلوب شعرى رائع وهي تسبحة الإنسان المجاهد الذي يكون كدبورة أي نحلة نشيطة يترنم بها أثناء جهاده الروحى وينقسم النشيد إلى 3 أقسام كل منها 9 أعداد (3-11\'a1 13-21\'a1 22-30) أمّا العددان 1\'a1 2 فهما مقدمة للتسبحة والعدد 12 مقدمة للقسم الثانى والعدد 31 خاتمة للتسبحة.
قضاة,5,57,"تسبحة دبورة = نشيد الغلبة. مكتوب بأسلوب شعرى رائع وهي تسبحة الإنسان المجاهد الذي يكون كدبورة أي نحلة نشيطة يترنم بها أثناء جهاده الروحى وينقسم النشيد إلى 3 أقسام كل منها 9 أعداد (3-11\'a1 13-21\'a1 22-30) أمّا العددان 1\'a1 2 فهما مقدمة للتسبحة والعدد 12 مقدمة للقسم الثانى والعدد 31 خاتمة للتسبحة.
قضاة,5,58,"تسبحة دبورة = نشيد الغلبة. مكتوب بأسلوب شعرى رائع وهي تسبحة الإنسان المجاهد الذي يكون كدبورة أي نحلة نشيطة يترنم بها أثناء جهاده الروحى وينقسم النشيد إلى 3 أقسام كل منها 9 أعداد (3-11\'a1 13-21\'a1 22-30) أمّا العددان 1\'a1 2 فهما مقدمة للتسبحة والعدد 12 مقدمة للقسم الثانى والعدد 31 خاتمة للتسبحة.
قضاة,5,59,"تسبحة دبورة = نشيد الغلبة. مكتوب بأسلوب شعرى رائع وهي تسبحة الإنسان المجاهد الذي يكون كدبورة أي نحلة نشيطة يترنم بها أثناء جهاده الروحى وينقسم النشيد إلى 3 أقسام كل منها 9 أعداد (3-11\'a1 13-21\'a1 22-30) أمّا العددان 1\'a1 2 فهما مقدمة للتسبحة والعدد 12 مقدمة للقسم الثانى والعدد 31 خاتمة للتسبحة.
قضاة,5,60,"تسبحة دبورة = نشيد الغلبة. مكتوب بأسلوب شعرى رائع وهي تسبحة الإنسان المجاهد الذي يكون كدبورة أي نحلة نشيطة يترنم بها أثناء جهاده الروحى وينقسم النشيد إلى 3 أقسام كل منها 9 أعداد (3-11\'a1 13-21\'a1 22-30) أمّا العددان 1\'a1 2 فهما مقدمة للتسبحة والعدد 12 مقدمة للقسم الثانى والعدد 31 خاتمة للتسبحة.
قضاة,5,61,"تسبحة دبورة = نشيد الغلبة. مكتوب بأسلوب شعرى رائع وهي تسبحة الإنسان المجاهد الذي يكون كدبورة أي نحلة نشيطة يترنم بها أثناء جهاده الروحى وينقسم النشيد إلى 3 أقسام كل منها 9 أعداد (3-11\'a1 13-21\'a1 22-30) أمّا العددان 1\'a1 2 فهما مقدمة للتسبحة والعدد 12 مقدمة للقسم الثانى والعدد 31 خاتمة للتسبحة.
قضاة,5,62,"تسبحة دبورة = نشيد الغلبة. مكتوب بأسلوب شعرى رائع وهي تسبحة الإنسان المجاهد الذي يكون كدبورة أي نحلة نشيطة يترنم بها أثناء جهاده الروحى وينقسم النشيد إلى 3 أقسام كل منها 9 أعداد (3-11\'a1 13-21\'a1 22-30) أمّا العددان 1\'a1 2 فهما مقدمة للتسبحة والعدد 12 مقدمة للقسم الثانى والعدد 31 خاتمة للتسبحة.
قضاة,5,63,"تسبحة دبورة = نشيد الغلبة. مكتوب بأسلوب شعرى رائع وهي تسبحة الإنسان المجاهد الذي يكون كدبورة أي نحلة نشيطة يترنم بها أثناء جهاده الروحى وينقسم النشيد إلى 3 أقسام كل منها 9 أعداد (3-11\'a1 13-21\'a1 22-30) أمّا العددان 1\'a1 2 فهما مقدمة للتسبحة والعدد 12 مقدمة للقسم الثانى والعدد 31 خاتمة للتسبحة.
قضاة,5,64,"تسبحة دبورة = نشيد الغلبة. مكتوب بأسلوب شعرى رائع وهي تسبحة الإنسان المجاهد الذي يكون كدبورة أي نحلة نشيطة يترنم بها أثناء جهاده الروحى وينقسم النشيد إلى 3 أقسام كل منها 9 أعداد (3-11\'a1 13-21\'a1 22-30) أمّا العددان 1\'a1 2 فهما مقدمة للتسبحة والعدد 12 مقدمة للقسم الثانى والعدد 31 خاتمة للتسبحة.
قضاة,5,65,"تسبحة دبورة = نشيد الغلبة. مكتوب بأسلوب شعرى رائع وهي تسبحة الإنسان المجاهد الذي يكون كدبورة أي نحلة نشيطة يترنم بها أثناء جهاده الروحى وينقسم النشيد إلى 3 أقسام كل منها 9 أعداد (3-11\'a1 13-21\'a1 22-30) أمّا العددان 1\'a1 2 فهما مقدمة للتسبحة والعدد 12 مقدمة للقسم الثانى والعدد 31 خاتمة للتسبحة.
قضاة,5,66,"تسبحة دبورة = نشيد الغلبة. مكتوب بأسلوب شعرى رائع وهي تسبحة الإنسان المجاهد الذي يكون كدبورة أي نحلة نشيطة يترنم بها أثناء جهاده الروحى وينقسم النشيد إلى 3 أقسام كل منها 9 أعداد (3-11\'a1 13-21\'a1 22-30) أمّا العددان 1\'a1 2 فهما مقدمة للتسبحة والعدد 12 مقدمة للقسم الثانى والعدد 31 خاتمة للتسبحة.
قضاة,5,67,"تسبحة دبورة = نشيد الغلبة. مكتوب بأسلوب شعرى رائع وهي تسبحة الإنسان المجاهد الذي يكون كدبورة أي نحلة نشيطة يترنم بها أثناء جهاده الروحى وينقسم النشيد إلى 3 أقسام كل منها 9 أعداد (3-11\'a1 13-21\'a1 22-30) أمّا العددان 1\'a1 2 فهما مقدمة للتسبحة والعدد 12 مقدمة للقسم الثانى والعدد 31 خاتمة للتسبحة.
قضاة,5,68,"تسبحة دبورة = نشيد الغلبة. مكتوب بأسلوب شعرى رائع وهي تسبحة الإنسان المجاهد الذي يكون كدبورة أي نحلة نشيطة يترنم بها أثناء جهاده الروحى وينقسم النشيد إلى 3 أقسام كل منها 9 أعداد (3-11\'a1 13-21\'a1 22-30) أمّا العددان 1\'a1 2 فهما مقدمة للتسبحة والعدد 12 مقدمة للقسم الثانى والعدد 31 خاتمة للتسبحة.
قضاة,5,69,"تسبحة دبورة = نشيد الغلبة. مكتوب بأسلوب شعرى رائع وهي تسبحة الإنسان المجاهد الذي يكون كدبورة أي نحلة نشيطة يترنم بها أثناء جهاده الروحى وينقسم النشيد إلى 3 أقسام كل منها 9 أعداد (3-11\'a1 13-21\'a1 22-30) أمّا العددان 1\'a1 2 فهما مقدمة للتسبحة والعدد 12 مقدمة للقسم الثانى والعدد 31 خاتمة للتسبحة.
قضاة,5,70,"تسبحة دبورة = نشيد الغلبة. مكتوب بأسلوب شعرى رائع وهي تسبحة الإنسان المجاهد الذي يكون كدبورة أي نحلة نشيطة يترنم بها أثناء جهاده الروحى وينقسم النشيد إلى 3 أقسام كل منها 9 أعداد (3-11\'a1 13-21\'a1 22-30) أمّا العددان 1\'a1 2 فهما مقدمة للتسبحة والعدد 12 مقدمة للقسم الثانى والعدد 31 خاتمة للتسبحة.
قضاة,5,71,"تسبحة دبورة = نشيد الغلبة. مكتوب بأسلوب شعرى رائع وهي تسبحة الإنسان المجاهد الذي يكون كدبورة أي نحلة نشيطة يترنم بها أثناء جهاده الروحى وينقسم النشيد إلى 3 أقسام كل منها 9 أعداد (3-11\'a1 13-21\'a1 22-30) أمّا العددان 1\'a1 2 فهما مقدمة للتسبحة والعدد 12 مقدمة للقسم الثانى والعدد 31 خاتمة للتسبحة.
قضاة,5,72,"تسبحة دبورة = نشيد الغلبة. مكتوب بأسلوب شعرى رائع وهي تسبحة الإنسان المجاهد الذي يكون كدبورة أي نحلة نشيطة يترنم بها أثناء جهاده الروحى وينقسم النشيد إلى 3 أقسام كل منها 9 أعداد (3-11\'a1 13-21\'a1 22-30) أمّا العددان 1\'a1 2 فهما مقدمة للتسبحة والعدد 12 مقدمة للقسم الثانى والعدد 31 خاتمة للتسبحة.
قضاة,5,73,"تسبحة دبورة = نشيد الغلبة. مكتوب بأسلوب شعرى رائع وهي تسبحة الإنسان المجاهد الذي يكون كدبورة أي نحلة نشيطة يترنم بها أثناء جهاده الروحى وينقسم النشيد إلى 3 أقسام كل منها 9 أعداد (3-11\'a1 13-21\'a1 22-30) أمّا العددان 1\'a1 2 فهما مقدمة للتسبحة والعدد 12 مقدمة للقسم الثانى والعدد 31 خاتمة للتسبحة.
قضاة,5,74,"تسبحة دبورة = نشيد الغلبة. مكتوب بأسلوب شعرى رائع وهي تسبحة الإنسان المجاهد الذي يكون كدبورة أي نحلة نشيطة يترنم بها أثناء جهاده الروحى وينقسم النشيد إلى 3 أقسام كل منها 9 أعداد (3-11\'a1 13-21\'a1 22-30) أمّا العددان 1\'a1 2 فهما مقدمة للتسبحة والعدد 12 مقدمة للقسم الثانى والعدد 31 خاتمة للتسبحة.
قضاة,5,75,"تسبحة دبورة = نشيد الغلبة. مكتوب بأسلوب شعرى رائع وهي تسبحة الإنسان المجاهد الذي يكون كدبورة أي نحلة نشيطة يترنم بها أثناء جهاده الروحى وينقسم النشيد إلى 3 أقسام كل منها 9 أعداد (3-11\'a1 13-21\'a1 22-30) أمّا العددان 1\'a1 2 فهما مقدمة للتسبحة والعدد 12 مقدمة للقسم الثانى والعدد 31 خاتمة للتسبحة.
قضاة,5,76,"تسبحة دبورة = نشيد الغلبة. مكتوب بأسلوب شعرى رائع وهي تسبحة الإنسان المجاهد الذي يكون كدبورة أي نحلة نشيطة يترنم بها أثناء جهاده الروحى وينقسم النشيد إلى 3 أقسام كل منها 9 أعداد (3-11\'a1 13-21\'a1 22-30) أمّا العددان 1\'a1 2 فهما مقدمة للتسبحة والعدد 12 مقدمة للقسم الثانى والعدد 31 خاتمة للتسبحة.
قضاة,5,77,"تسبحة دبورة = نشيد الغلبة. مكتوب بأسلوب شعرى رائع وهي تسبحة الإنسان المجاهد الذي يكون كدبورة أي نحلة نشيطة يترنم بها أثناء جهاده الروحى وينقسم النشيد إلى 3 أقسام كل منها 9 أعداد (3-11\'a1 13-21\'a1 22-30) أمّا العددان 1\'a1 2 فهما مقدمة للتسبحة والعدد 12 مقدمة للقسم الثانى والعدد 31 خاتمة للتسبحة.
قضاة,5,78,"تسبحة دبورة = نشيد الغلبة. مكتوب بأسلوب شعرى رائع وهي تسبحة الإنسان المجاهد الذي يكون كدبورة أي نحلة نشيطة يترنم بها أثناء جهاده الروحى وينقسم النشيد إلى 3 أقسام كل منها 9 أعداد (3-11\'a1 13-21\'a1 22-30) أمّا العددان 1\'a1 2 فهما مقدمة للتسبحة والعدد 12 مقدمة للقسم الثانى والعدد 31 خاتمة للتسبحة.
قضاة,5,79,"تسبحة دبورة = نشيد الغلبة. مكتوب بأسلوب شعرى رائع وهي تسبحة الإنسان المجاهد الذي يكون كدبورة أي نحلة نشيطة يترنم بها أثناء جهاده الروحى وينقسم النشيد إلى 3 أقسام كل منها 9 أعداد (3-11\'a1 13-21\'a1 22-30) أمّا العددان 1\'a1 2 فهما مقدمة للتسبحة والعدد 12 مقدمة للقسم الثانى والعدد 31 خاتمة للتسبحة.
قضاة,5,80,"تسبحة دبورة = نشيد الغلبة. مكتوب بأسلوب شعرى رائع وهي تسبحة الإنسان المجاهد الذي يكون كدبورة أي نحلة نشيطة يترنم بها أثناء جهاده الروحى وينقسم النشيد إلى 3 أقسام كل منها 9 أعداد (3-11\'a1 13-21\'a1 22-30) أمّا العددان 1\'a1 2 فهما مقدمة للتسبحة والعدد 12 مقدمة للقسم الثانى والعدد 31 خاتمة للتسبحة.
قضاة,5,81,"تسبحة دبورة = نشيد الغلبة. مكتوب بأسلوب شعرى رائع وهي تسبحة الإنسان المجاهد الذي يكون كدبورة أي نحلة نشيطة يترنم بها أثناء جهاده الروحى وينقسم النشيد إلى 3 أقسام كل منها 9 أعداد (3-11\'a1 13-21\'a1 22-30) أمّا العددان 1\'a1 2 فهما مقدمة للتسبحة والعدد 12 مقدمة للقسم الثانى والعدد 31 خاتمة للتسبحة.
قضاة,5,82,"تسبحة دبورة = نشيد الغلبة. مكتوب بأسلوب شعرى رائع وهي تسبحة الإنسان المجاهد الذي يكون كدبورة أي نحلة نشيطة يترنم بها أثناء جهاده الروحى وينقسم النشيد إلى 3 أقسام كل منها 9 أعداد (3-11\'a1 13-21\'a1 22-30) أمّا العددان 1\'a1 2 فهما مقدمة للتسبحة والعدد 12 مقدمة للقسم الثانى والعدد 31 خاتمة للتسبحة.
قضاة,5,83,"تسبحة دبورة = نشيد الغلبة. مكتوب بأسلوب شعرى رائع وهي تسبحة الإنسان المجاهد الذي يكون كدبورة أي نحلة نشيطة يترنم بها أثناء جهاده الروحى وينقسم النشيد إلى 3 أقسام كل منها 9 أعداد (3-11\'a1 13-21\'a1 22-30) أمّا العددان 1\'a1 2 فهما مقدمة للتسبحة والعدد 12 مقدمة للقسم الثانى والعدد 31 خاتمة للتسبحة.
قضاة,5,84,"تسبحة دبورة = نشيد الغلبة. مكتوب بأسلوب شعرى رائع وهي تسبحة الإنسان المجاهد الذي يكون كدبورة أي نحلة نشيطة يترنم بها أثناء جهاده الروحى وينقسم النشيد إلى 3 أقسام كل منها 9 أعداد (3-11\'a1 13-21\'a1 22-30) أمّا العددان 1\'a1 2 فهما مقدمة للتسبحة والعدد 12 مقدمة للقسم الثانى والعدد 31 خاتمة للتسبحة.
قضاة,5,85,"تسبحة دبورة = نشيد الغلبة. مكتوب بأسلوب شعرى رائع وهي تسبحة الإنسان المجاهد الذي يكون كدبورة أي نحلة نشيطة يترنم بها أثناء جهاده الروحى وينقسم النشيد إلى 3 أقسام كل منها 9 أعداد (3-11\'a1 13-21\'a1 22-30) أمّا العددان 1\'a1 2 فهما مقدمة للتسبحة والعدد 12 مقدمة للقسم الثانى والعدد 31 خاتمة للتسبحة.
قضاة,5,86,"تسبحة دبورة = نشيد الغلبة. مكتوب بأسلوب شعرى رائع وهي تسبحة الإنسان المجاهد الذي يكون كدبورة أي نحلة نشيطة يترنم بها أثناء جهاده الروحى وينقسم النشيد إلى 3 أقسام كل منها 9 أعداد (3-11\'a1 13-21\'a1 22-30) أمّا العددان 1\'a1 2 فهما مقدمة للتسبحة والعدد 12 مقدمة للقسم الثانى والعدد 31 خاتمة للتسبحة.
قضاة,5,87,"تسبحة دبورة = نشيد الغلبة. مكتوب بأسلوب شعرى رائع وهي تسبحة الإنسان المجاهد الذي يكون كدبورة أي نحلة نشيطة يترنم بها أثناء جهاده الروحى وينقسم النشيد إلى 3 أقسام كل منها 9 أعداد (3-11\'a1 13-21\'a1 22-30) أمّا العددان 1\'a1 2 فهما مقدمة للتسبحة والعدد 12 مقدمة للقسم الثانى والعدد 31 خاتمة للتسبحة.
قضاة,5,88,"تسبحة دبورة = نشيد الغلبة. مكتوب بأسلوب شعرى رائع وهي تسبحة الإنسان المجاهد الذي يكون كدبورة أي نحلة نشيطة يترنم بها أثناء جهاده الروحى وينقسم النشيد إلى 3 أقسام كل منها 9 أعداد (3-11\'a1 13-21\'a1 22-30) أمّا العددان 1\'a1 2 فهما مقدمة للتسبحة والعدد 12 مقدمة للقسم الثانى والعدد 31 خاتمة للتسبحة.
قضاة,5,89,"تسبحة دبورة = نشيد الغلبة. مكتوب بأسلوب شعرى رائع وهي تسبحة الإنسان المجاهد الذي يكون كدبورة أي نحلة نشيطة يترنم بها أثناء جهاده الروحى وينقسم النشيد إلى 3 أقسام كل منها 9 أعداد (3-11\'a1 13-21\'a1 22-30) أمّا العددان 1\'a1 2 فهما مقدمة للتسبحة والعدد 12 مقدمة للقسم الثانى والعدد 31 خاتمة للتسبحة.
قضاة,5,90,"تسبحة دبورة = نشيد الغلبة. مكتوب بأسلوب شعرى رائع وهي تسبحة الإنسان المجاهد الذي يكون كدبورة أي نحلة نشيطة يترنم بها أثناء جهاده الروحى وينقسم النشيد إلى 3 أقسام كل منها 9 أعداد (3-11\'a1 13-21\'a1 22-30) أمّا العددان 1\'a1 2 فهما مقدمة للتسبحة والعدد 12 مقدمة للقسم الثانى والعدد 31 خاتمة للتسبحة.
قضاة,5,91,"تسبحة دبورة = نشيد الغلبة. مكتوب بأسلوب شعرى رائع وهي تسبحة الإنسان المجاهد الذي يكون كدبورة أي نحلة نشيطة يترنم بها أثناء جهاده الروحى وينقسم النشيد إلى 3 أقسام كل منها 9 أعداد (3-11\'a1 13-21\'a1 22-30) أمّا العددان 1\'a1 2 فهما مقدمة للتسبحة والعدد 12 مقدمة للقسم الثانى والعدد 31 خاتمة للتسبحة.
قضاة,5,92,"تسبحة دبورة = نشيد الغلبة. مكتوب بأسلوب شعرى رائع وهي تسبحة الإنسان المجاهد الذي يكون كدبورة أي نحلة نشيطة يترنم بها أثناء جهاده الروحى وينقسم النشيد إلى 3 أقسام كل منها 9 أعداد (3-11\'a1 13-21\'a1 22-30) أمّا العددان 1\'a1 2 فهما مقدمة للتسبحة والعدد 12 مقدمة للقسم الثانى والعدد 31 خاتمة للتسبحة.
قضاة,5,93,"تسبحة دبورة = نشيد الغلبة. مكتوب بأسلوب شعرى رائع وهي تسبحة الإنسان المجاهد الذي يكون كدبورة أي نحلة نشيطة يترنم بها أثناء جهاده الروحى وينقسم النشيد إلى 3 أقسام كل منها 9 أعداد (3-11\'a1 13-21\'a1 22-30) أمّا العددان 1\'a1 2 فهما مقدمة للتسبحة والعدد 12 مقدمة للقسم الثانى والعدد 31 خاتمة للتسبحة.
قضاة,5,94,"تسبحة دبورة = نشيد الغلبة. مكتوب بأسلوب شعرى رائع وهي تسبحة الإنسان المجاهد الذي يكون كدبورة أي نحلة نشيطة يترنم بها أثناء جهاده الروحى وينقسم النشيد إلى 3 أقسام كل منها 9 أعداد (3-11\'a1 13-21\'a1 22-30) أمّا العددان 1\'a1 2 فهما مقدمة للتسبحة والعدد 12 مقدمة للقسم الثانى والعدد 31 خاتمة للتسبحة.
قضاة,5,95,"تسبحة دبورة = نشيد الغلبة. مكتوب بأسلوب شعرى رائع وهي تسبحة الإنسان المجاهد الذي يكون كدبورة أي نحلة نشيطة يترنم بها أثناء جهاده الروحى وينقسم النشيد إلى 3 أقسام كل منها 9 أعداد (3-11\'a1 13-21\'a1 22-30) أمّا العددان 1\'a1 2 فهما مقدمة للتسبحة والعدد 12 مقدمة للقسم الثانى والعدد 31 خاتمة للتسبحة.
قضاة,5,96,"تسبحة دبورة = نشيد الغلبة. مكتوب بأسلوب شعرى رائع وهي تسبحة الإنسان المجاهد الذي يكون كدبورة أي نحلة نشيطة يترنم بها أثناء جهاده الروحى وينقسم النشيد إلى 3 أقسام كل منها 9 أعداد (3-11\'a1 13-21\'a1 22-30) أمّا العددان 1\'a1 2 فهما مقدمة للتسبحة والعدد 12 مقدمة للقسم الثانى والعدد 31 خاتمة للتسبحة.
قضاة,5,97,"تسبحة دبورة = نشيد الغلبة. مكتوب بأسلوب شعرى رائع وهي تسبحة الإنسان المجاهد الذي يكون كدبورة أي نحلة نشيطة يترنم بها أثناء جهاده الروحى وينقسم النشيد إلى 3 أقسام كل منها 9 أعداد (3-11\'a1 13-21\'a1 22-30) أمّا العددان 1\'a1 2 فهما مقدمة للتسبحة والعدد 12 مقدمة للقسم الثانى والعدد 31 خاتمة للتسبحة.
قضاة,5,98,"تسبحة دبورة = نشيد الغلبة. مكتوب بأسلوب شعرى رائع وهي تسبحة الإنسان المجاهد الذي يكون كدبورة أي نحلة نشيطة يترنم بها أثناء جهاده الروحى وينقسم النشيد إلى 3 أقسام كل منها 9 أعداد (3-11\'a1 13-21\'a1 22-30) أمّا العددان 1\'a1 2 فهما مقدمة للتسبحة والعدد 12 مقدمة للقسم الثانى والعدد 31 خاتمة للتسبحة.
قضاة,5,99,"تسبحة دبورة = نشيد الغلبة. مكتوب بأسلوب شعرى رائع وهي تسبحة الإنسان المجاهد الذي يكون كدبورة أي نحلة نشيطة يترنم بها أثناء جهاده الروحى وينقسم النشيد إلى 3 أقسام كل منها 9 أعداد (3-11\'a1 13-21\'a1 22-30) أمّا العددان 1\'a1 2 فهما مقدمة للتسبحة والعدد 12 مقدمة للقسم الثانى والعدد 31 خاتمة للتسبحة.
قضاة,6,1,"نجد هنا صورة متكررة لقد أراح الله الأرض 40 سنة فعوضاً عن أن يشكروا الرب على إحساناته نسوا الله وعاشوا في الخطية\'a1 وهي صورة متكررة في سفر القضاة وفى حياة كل منّا. وهنا تركهم الرب للمديانيين\'a1 ليس مديانيين الجنوب حيث عاش يثرون حمو موسى بل مديانيين الشرق الذين كانوا قد إتحدوا مع موآب في موضوع بلعام وكان هؤلاء أشرار مملوئين عنفاً\'a1 وكانوا أول من أستخدم الجمال المدجنة على نطاق واسع ممّا جعل الإغارة من مكان قصى أمراً سهلاً عليهم. وقد إتفقوا مع العمالقة وبنى المشرق (قبائل من عرب البادية) على مضايقة الإسرائليين فهرب منهم الإسرائيليون إلى كهوف الجبال\'a1 وكلما زرع الإسرائيليون أتلفوا حقولهم وإستولوا على محصولاتهم وسلبوا حيواناتهم حتى لم يتركوا لهم القوت الضرورى للحياة.
قضاة,6,2,"نجد هنا صورة متكررة لقد أراح الله الأرض 40 سنة فعوضاً عن أن يشكروا الرب على إحساناته نسوا الله وعاشوا في الخطية\'a1 وهي صورة متكررة في سفر القضاة وفى حياة كل منّا. وهنا تركهم الرب للمديانيين\'a1 ليس مديانيين الجنوب حيث عاش يثرون حمو موسى بل مديانيين الشرق الذين كانوا قد إتحدوا مع موآب في موضوع بلعام وكان هؤلاء أشرار مملوئين عنفاً\'a1 وكانوا أول من أستخدم الجمال المدجنة على نطاق واسع ممّا جعل الإغارة من مكان قصى أمراً سهلاً عليهم. وقد إتفقوا مع العمالقة وبنى المشرق (قبائل من عرب البادية) على مضايقة الإسرائليين فهرب منهم الإسرائيليون إلى كهوف الجبال\'a1 وكلما زرع الإسرائيليون أتلفوا حقولهم وإستولوا على محصولاتهم وسلبوا حيواناتهم حتى لم يتركوا لهم القوت الضرورى للحياة.
قضاة,6,3,"نجد هنا صورة متكررة لقد أراح الله الأرض 40 سنة فعوضاً عن أن يشكروا الرب على إحساناته نسوا الله وعاشوا في الخطية\'a1 وهي صورة متكررة في سفر القضاة وفى حياة كل منّا. وهنا تركهم الرب للمديانيين\'a1 ليس مديانيين الجنوب حيث عاش يثرون حمو موسى بل مديانيين الشرق الذين كانوا قد إتحدوا مع موآب في موضوع بلعام وكان هؤلاء أشرار مملوئين عنفاً\'a1 وكانوا أول من أستخدم الجمال المدجنة على نطاق واسع ممّا جعل الإغارة من مكان قصى أمراً سهلاً عليهم. وقد إتفقوا مع العمالقة وبنى المشرق (قبائل من عرب البادية) على مضايقة الإسرائليين فهرب منهم الإسرائيليون إلى كهوف الجبال\'a1 وكلما زرع الإسرائيليون أتلفوا حقولهم وإستولوا على محصولاتهم وسلبوا حيواناتهم حتى لم يتركوا لهم القوت الضرورى للحياة.
قضاة,6,4,"نجد هنا صورة متكررة لقد أراح الله الأرض 40 سنة فعوضاً عن أن يشكروا الرب على إحساناته نسوا الله وعاشوا في الخطية\'a1 وهي صورة متكررة في سفر القضاة وفى حياة كل منّا. وهنا تركهم الرب للمديانيين\'a1 ليس مديانيين الجنوب حيث عاش يثرون حمو موسى بل مديانيين الشرق الذين كانوا قد إتحدوا مع موآب في موضوع بلعام وكان هؤلاء أشرار مملوئين عنفاً\'a1 وكانوا أول من أستخدم الجمال المدجنة على نطاق واسع ممّا جعل الإغارة من مكان قصى أمراً سهلاً عليهم. وقد إتفقوا مع العمالقة وبنى المشرق (قبائل من عرب البادية) على مضايقة الإسرائليين فهرب منهم الإسرائيليون إلى كهوف الجبال\'a1 وكلما زرع الإسرائيليون أتلفوا حقولهم وإستولوا على محصولاتهم وسلبوا حيواناتهم حتى لم يتركوا لهم القوت الضرورى للحياة.
قضاة,6,5,"نجد هنا صورة متكررة لقد أراح الله الأرض 40 سنة فعوضاً عن أن يشكروا الرب على إحساناته نسوا الله وعاشوا في الخطية\'a1 وهي صورة متكررة في سفر القضاة وفى حياة كل منّا. وهنا تركهم الرب للمديانيين\'a1 ليس مديانيين الجنوب حيث عاش يثرون حمو موسى بل مديانيين الشرق الذين كانوا قد إتحدوا مع موآب في موضوع بلعام وكان هؤلاء أشرار مملوئين عنفاً\'a1 وكانوا أول من أستخدم الجمال المدجنة على نطاق واسع ممّا جعل الإغارة من مكان قصى أمراً سهلاً عليهم. وقد إتفقوا مع العمالقة وبنى المشرق (قبائل من عرب البادية) على مضايقة الإسرائليين فهرب منهم الإسرائيليون إلى كهوف الجبال\'a1 وكلما زرع الإسرائيليون أتلفوا حقولهم وإستولوا على محصولاتهم وسلبوا حيواناتهم حتى لم يتركوا لهم القوت الضرورى للحياة.
قضاة,6,6,"نجد هنا صورة متكررة لقد أراح الله الأرض 40 سنة فعوضاً عن أن يشكروا الرب على إحساناته نسوا الله وعاشوا في الخطية\'a1 وهي صورة متكررة في سفر القضاة وفى حياة كل منّا. وهنا تركهم الرب للمديانيين\'a1 ليس مديانيين الجنوب حيث عاش يثرون حمو موسى بل مديانيين الشرق الذين كانوا قد إتحدوا مع موآب في موضوع بلعام وكان هؤلاء أشرار مملوئين عنفاً\'a1 وكانوا أول من أستخدم الجمال المدجنة على نطاق واسع ممّا جعل الإغارة من مكان قصى أمراً سهلاً عليهم. وقد إتفقوا مع العمالقة وبنى المشرق (قبائل من عرب البادية) على مضايقة الإسرائليين فهرب منهم الإسرائيليون إلى كهوف الجبال\'a1 وكلما زرع الإسرائيليون أتلفوا حقولهم وإستولوا على محصولاتهم وسلبوا حيواناتهم حتى لم يتركوا لهم القوت الضرورى للحياة.
قضاة,6,7,"نجد هنا صورة متكررة لقد أراح الله الأرض 40 سنة فعوضاً عن أن يشكروا الرب على إحساناته نسوا الله وعاشوا في الخطية\'a1 وهي صورة متكررة في سفر القضاة وفى حياة كل منّا. وهنا تركهم الرب للمديانيين\'a1 ليس مديانيين الجنوب حيث عاش يثرون حمو موسى بل مديانيين الشرق الذين كانوا قد إتحدوا مع موآب في موضوع بلعام وكان هؤلاء أشرار مملوئين عنفاً\'a1 وكانوا أول من أستخدم الجمال المدجنة على نطاق واسع ممّا جعل الإغارة من مكان قصى أمراً سهلاً عليهم. وقد إتفقوا مع العمالقة وبنى المشرق (قبائل من عرب البادية) على مضايقة الإسرائليين فهرب منهم الإسرائيليون إلى كهوف الجبال\'a1 وكلما زرع الإسرائيليون أتلفوا حقولهم وإستولوا على محصولاتهم وسلبوا حيواناتهم حتى لم يتركوا لهم القوت الضرورى للحياة.
قضاة,6,8,"نجد هنا صورة متكررة لقد أراح الله الأرض 40 سنة فعوضاً عن أن يشكروا الرب على إحساناته نسوا الله وعاشوا في الخطية\'a1 وهي صورة متكررة في سفر القضاة وفى حياة كل منّا. وهنا تركهم الرب للمديانيين\'a1 ليس مديانيين الجنوب حيث عاش يثرون حمو موسى بل مديانيين الشرق الذين كانوا قد إتحدوا مع موآب في موضوع بلعام وكان هؤلاء أشرار مملوئين عنفاً\'a1 وكانوا أول من أستخدم الجمال المدجنة على نطاق واسع ممّا جعل الإغارة من مكان قصى أمراً سهلاً عليهم. وقد إتفقوا مع العمالقة وبنى المشرق (قبائل من عرب البادية) على مضايقة الإسرائليين فهرب منهم الإسرائيليون إلى كهوف الجبال\'a1 وكلما زرع الإسرائيليون أتلفوا حقولهم وإستولوا على محصولاتهم وسلبوا حيواناتهم حتى لم يتركوا لهم القوت الضرورى للحياة.
قضاة,6,9,"نجد هنا صورة متكررة لقد أراح الله الأرض 40 سنة فعوضاً عن أن يشكروا الرب على إحساناته نسوا الله وعاشوا في الخطية\'a1 وهي صورة متكررة في سفر القضاة وفى حياة كل منّا. وهنا تركهم الرب للمديانيين\'a1 ليس مديانيين الجنوب حيث عاش يثرون حمو موسى بل مديانيين الشرق الذين كانوا قد إتحدوا مع موآب في موضوع بلعام وكان هؤلاء أشرار مملوئين عنفاً\'a1 وكانوا أول من أستخدم الجمال المدجنة على نطاق واسع ممّا جعل الإغارة من مكان قصى أمراً سهلاً عليهم. وقد إتفقوا مع العمالقة وبنى المشرق (قبائل من عرب البادية) على مضايقة الإسرائليين فهرب منهم الإسرائيليون إلى كهوف الجبال\'a1 وكلما زرع الإسرائيليون أتلفوا حقولهم وإستولوا على محصولاتهم وسلبوا حيواناتهم حتى لم يتركوا لهم القوت الضرورى للحياة.
قضاة,6,10,"نجد هنا صورة متكررة لقد أراح الله الأرض 40 سنة فعوضاً عن أن يشكروا الرب على إحساناته نسوا الله وعاشوا في الخطية\'a1 وهي صورة متكررة في سفر القضاة وفى حياة كل منّا. وهنا تركهم الرب للمديانيين\'a1 ليس مديانيين الجنوب حيث عاش يثرون حمو موسى بل مديانيين الشرق الذين كانوا قد إتحدوا مع موآب في موضوع بلعام وكان هؤلاء أشرار مملوئين عنفاً\'a1 وكانوا أول من أستخدم الجمال المدجنة على نطاق واسع ممّا جعل الإغارة من مكان قصى أمراً سهلاً عليهم. وقد إتفقوا مع العمالقة وبنى المشرق (قبائل من عرب البادية) على مضايقة الإسرائليين فهرب منهم الإسرائيليون إلى كهوف الجبال\'a1 وكلما زرع الإسرائيليون أتلفوا حقولهم وإستولوا على محصولاتهم وسلبوا حيواناتهم حتى لم يتركوا لهم القوت الضرورى للحياة.
قضاة,6,11,"نجد هنا صورة متكررة لقد أراح الله الأرض 40 سنة فعوضاً عن أن يشكروا الرب على إحساناته نسوا الله وعاشوا في الخطية\'a1 وهي صورة متكررة في سفر القضاة وفى حياة كل منّا. وهنا تركهم الرب للمديانيين\'a1 ليس مديانيين الجنوب حيث عاش يثرون حمو موسى بل مديانيين الشرق الذين كانوا قد إتحدوا مع موآب في موضوع بلعام وكان هؤلاء أشرار مملوئين عنفاً\'a1 وكانوا أول من أستخدم الجمال المدجنة على نطاق واسع ممّا جعل الإغارة من مكان قصى أمراً سهلاً عليهم. وقد إتفقوا مع العمالقة وبنى المشرق (قبائل من عرب البادية) على مضايقة الإسرائليين فهرب منهم الإسرائيليون إلى كهوف الجبال\'a1 وكلما زرع الإسرائيليون أتلفوا حقولهم وإستولوا على محصولاتهم وسلبوا حيواناتهم حتى لم يتركوا لهم القوت الضرورى للحياة.
قضاة,6,12,"نجد هنا صورة متكررة لقد أراح الله الأرض 40 سنة فعوضاً عن أن يشكروا الرب على إحساناته نسوا الله وعاشوا في الخطية\'a1 وهي صورة متكررة في سفر القضاة وفى حياة كل منّا. وهنا تركهم الرب للمديانيين\'a1 ليس مديانيين الجنوب حيث عاش يثرون حمو موسى بل مديانيين الشرق الذين كانوا قد إتحدوا مع موآب في موضوع بلعام وكان هؤلاء أشرار مملوئين عنفاً\'a1 وكانوا أول من أستخدم الجمال المدجنة على نطاق واسع ممّا جعل الإغارة من مكان قصى أمراً سهلاً عليهم. وقد إتفقوا مع العمالقة وبنى المشرق (قبائل من عرب البادية) على مضايقة الإسرائليين فهرب منهم الإسرائيليون إلى كهوف الجبال\'a1 وكلما زرع الإسرائيليون أتلفوا حقولهم وإستولوا على محصولاتهم وسلبوا حيواناتهم حتى لم يتركوا لهم القوت الضرورى للحياة.
قضاة,6,13,"نجد هنا صورة متكررة لقد أراح الله الأرض 40 سنة فعوضاً عن أن يشكروا الرب على إحساناته نسوا الله وعاشوا في الخطية\'a1 وهي صورة متكررة في سفر القضاة وفى حياة كل منّا. وهنا تركهم الرب للمديانيين\'a1 ليس مديانيين الجنوب حيث عاش يثرون حمو موسى بل مديانيين الشرق الذين كانوا قد إتحدوا مع موآب في موضوع بلعام وكان هؤلاء أشرار مملوئين عنفاً\'a1 وكانوا أول من أستخدم الجمال المدجنة على نطاق واسع ممّا جعل الإغارة من مكان قصى أمراً سهلاً عليهم. وقد إتفقوا مع العمالقة وبنى المشرق (قبائل من عرب البادية) على مضايقة الإسرائليين فهرب منهم الإسرائيليون إلى كهوف الجبال\'a1 وكلما زرع الإسرائيليون أتلفوا حقولهم وإستولوا على محصولاتهم وسلبوا حيواناتهم حتى لم يتركوا لهم القوت الضرورى للحياة.
قضاة,6,14,"نجد هنا صورة متكررة لقد أراح الله الأرض 40 سنة فعوضاً عن أن يشكروا الرب على إحساناته نسوا الله وعاشوا في الخطية\'a1 وهي صورة متكررة في سفر القضاة وفى حياة كل منّا. وهنا تركهم الرب للمديانيين\'a1 ليس مديانيين الجنوب حيث عاش يثرون حمو موسى بل مديانيين الشرق الذين كانوا قد إتحدوا مع موآب في موضوع بلعام وكان هؤلاء أشرار مملوئين عنفاً\'a1 وكانوا أول من أستخدم الجمال المدجنة على نطاق واسع ممّا جعل الإغارة من مكان قصى أمراً سهلاً عليهم. وقد إتفقوا مع العمالقة وبنى المشرق (قبائل من عرب البادية) على مضايقة الإسرائليين فهرب منهم الإسرائيليون إلى كهوف الجبال\'a1 وكلما زرع الإسرائيليون أتلفوا حقولهم وإستولوا على محصولاتهم وسلبوا حيواناتهم حتى لم يتركوا لهم القوت الضرورى للحياة.
قضاة,6,15,"نجد هنا صورة متكررة لقد أراح الله الأرض 40 سنة فعوضاً عن أن يشكروا الرب على إحساناته نسوا الله وعاشوا في الخطية\'a1 وهي صورة متكررة في سفر القضاة وفى حياة كل منّا. وهنا تركهم الرب للمديانيين\'a1 ليس مديانيين الجنوب حيث عاش يثرون حمو موسى بل مديانيين الشرق الذين كانوا قد إتحدوا مع موآب في موضوع بلعام وكان هؤلاء أشرار مملوئين عنفاً\'a1 وكانوا أول من أستخدم الجمال المدجنة على نطاق واسع ممّا جعل الإغارة من مكان قصى أمراً سهلاً عليهم. وقد إتفقوا مع العمالقة وبنى المشرق (قبائل من عرب البادية) على مضايقة الإسرائليين فهرب منهم الإسرائيليون إلى كهوف الجبال\'a1 وكلما زرع الإسرائيليون أتلفوا حقولهم وإستولوا على محصولاتهم وسلبوا حيواناتهم حتى لم يتركوا لهم القوت الضرورى للحياة.
قضاة,6,16,"نجد هنا صورة متكررة لقد أراح الله الأرض 40 سنة فعوضاً عن أن يشكروا الرب على إحساناته نسوا الله وعاشوا في الخطية\'a1 وهي صورة متكررة في سفر القضاة وفى حياة كل منّا. وهنا تركهم الرب للمديانيين\'a1 ليس مديانيين الجنوب حيث عاش يثرون حمو موسى بل مديانيين الشرق الذين كانوا قد إتحدوا مع موآب في موضوع بلعام وكان هؤلاء أشرار مملوئين عنفاً\'a1 وكانوا أول من أستخدم الجمال المدجنة على نطاق واسع ممّا جعل الإغارة من مكان قصى أمراً سهلاً عليهم. وقد إتفقوا مع العمالقة وبنى المشرق (قبائل من عرب البادية) على مضايقة الإسرائليين فهرب منهم الإسرائيليون إلى كهوف الجبال\'a1 وكلما زرع الإسرائيليون أتلفوا حقولهم وإستولوا على محصولاتهم وسلبوا حيواناتهم حتى لم يتركوا لهم القوت الضرورى للحياة.
قضاة,6,17,"نجد هنا صورة متكررة لقد أراح الله الأرض 40 سنة فعوضاً عن أن يشكروا الرب على إحساناته نسوا الله وعاشوا في الخطية\'a1 وهي صورة متكررة في سفر القضاة وفى حياة كل منّا. وهنا تركهم الرب للمديانيين\'a1 ليس مديانيين الجنوب حيث عاش يثرون حمو موسى بل مديانيين الشرق الذين كانوا قد إتحدوا مع موآب في موضوع بلعام وكان هؤلاء أشرار مملوئين عنفاً\'a1 وكانوا أول من أستخدم الجمال المدجنة على نطاق واسع ممّا جعل الإغارة من مكان قصى أمراً سهلاً عليهم. وقد إتفقوا مع العمالقة وبنى المشرق (قبائل من عرب البادية) على مضايقة الإسرائليين فهرب منهم الإسرائيليون إلى كهوف الجبال\'a1 وكلما زرع الإسرائيليون أتلفوا حقولهم وإستولوا على محصولاتهم وسلبوا حيواناتهم حتى لم يتركوا لهم القوت الضرورى للحياة.
قضاة,6,18,"نجد هنا صورة متكررة لقد أراح الله الأرض 40 سنة فعوضاً عن أن يشكروا الرب على إحساناته نسوا الله وعاشوا في الخطية\'a1 وهي صورة متكررة في سفر القضاة وفى حياة كل منّا. وهنا تركهم الرب للمديانيين\'a1 ليس مديانيين الجنوب حيث عاش يثرون حمو موسى بل مديانيين الشرق الذين كانوا قد إتحدوا مع موآب في موضوع بلعام وكان هؤلاء أشرار مملوئين عنفاً\'a1 وكانوا أول من أستخدم الجمال المدجنة على نطاق واسع ممّا جعل الإغارة من مكان قصى أمراً سهلاً عليهم. وقد إتفقوا مع العمالقة وبنى المشرق (قبائل من عرب البادية) على مضايقة الإسرائليين فهرب منهم الإسرائيليون إلى كهوف الجبال\'a1 وكلما زرع الإسرائيليون أتلفوا حقولهم وإستولوا على محصولاتهم وسلبوا حيواناتهم حتى لم يتركوا لهم القوت الضرورى للحياة.
قضاة,6,19,"نجد هنا صورة متكررة لقد أراح الله الأرض 40 سنة فعوضاً عن أن يشكروا الرب على إحساناته نسوا الله وعاشوا في الخطية\'a1 وهي صورة متكررة في سفر القضاة وفى حياة كل منّا. وهنا تركهم الرب للمديانيين\'a1 ليس مديانيين الجنوب حيث عاش يثرون حمو موسى بل مديانيين الشرق الذين كانوا قد إتحدوا مع موآب في موضوع بلعام وكان هؤلاء أشرار مملوئين عنفاً\'a1 وكانوا أول من أستخدم الجمال المدجنة على نطاق واسع ممّا جعل الإغارة من مكان قصى أمراً سهلاً عليهم. وقد إتفقوا مع العمالقة وبنى المشرق (قبائل من عرب البادية) على مضايقة الإسرائليين فهرب منهم الإسرائيليون إلى كهوف الجبال\'a1 وكلما زرع الإسرائيليون أتلفوا حقولهم وإستولوا على محصولاتهم وسلبوا حيواناتهم حتى لم يتركوا لهم القوت الضرورى للحياة.
قضاة,6,20,"نجد هنا صورة متكررة لقد أراح الله الأرض 40 سنة فعوضاً عن أن يشكروا الرب على إحساناته نسوا الله وعاشوا في الخطية\'a1 وهي صورة متكررة في سفر القضاة وفى حياة كل منّا. وهنا تركهم الرب للمديانيين\'a1 ليس مديانيين الجنوب حيث عاش يثرون حمو موسى بل مديانيين الشرق الذين كانوا قد إتحدوا مع موآب في موضوع بلعام وكان هؤلاء أشرار مملوئين عنفاً\'a1 وكانوا أول من أستخدم الجمال المدجنة على نطاق واسع ممّا جعل الإغارة من مكان قصى أمراً سهلاً عليهم. وقد إتفقوا مع العمالقة وبنى المشرق (قبائل من عرب البادية) على مضايقة الإسرائليين فهرب منهم الإسرائيليون إلى كهوف الجبال\'a1 وكلما زرع الإسرائيليون أتلفوا حقولهم وإستولوا على محصولاتهم وسلبوا حيواناتهم حتى لم يتركوا لهم القوت الضرورى للحياة.
قضاة,6,21,"نجد هنا صورة متكررة لقد أراح الله الأرض 40 سنة فعوضاً عن أن يشكروا الرب على إحساناته نسوا الله وعاشوا في الخطية\'a1 وهي صورة متكررة في سفر القضاة وفى حياة كل منّا. وهنا تركهم الرب للمديانيين\'a1 ليس مديانيين الجنوب حيث عاش يثرون حمو موسى بل مديانيين الشرق الذين كانوا قد إتحدوا مع موآب في موضوع بلعام وكان هؤلاء أشرار مملوئين عنفاً\'a1 وكانوا أول من أستخدم الجمال المدجنة على نطاق واسع ممّا جعل الإغارة من مكان قصى أمراً سهلاً عليهم. وقد إتفقوا مع العمالقة وبنى المشرق (قبائل من عرب البادية) على مضايقة الإسرائليين فهرب منهم الإسرائيليون إلى كهوف الجبال\'a1 وكلما زرع الإسرائيليون أتلفوا حقولهم وإستولوا على محصولاتهم وسلبوا حيواناتهم حتى لم يتركوا لهم القوت الضرورى للحياة.
قضاة,6,22,"نجد هنا صورة متكررة لقد أراح الله الأرض 40 سنة فعوضاً عن أن يشكروا الرب على إحساناته نسوا الله وعاشوا في الخطية\'a1 وهي صورة متكررة في سفر القضاة وفى حياة كل منّا. وهنا تركهم الرب للمديانيين\'a1 ليس مديانيين الجنوب حيث عاش يثرون حمو موسى بل مديانيين الشرق الذين كانوا قد إتحدوا مع موآب في موضوع بلعام وكان هؤلاء أشرار مملوئين عنفاً\'a1 وكانوا أول من أستخدم الجمال المدجنة على نطاق واسع ممّا جعل الإغارة من مكان قصى أمراً سهلاً عليهم. وقد إتفقوا مع العمالقة وبنى المشرق (قبائل من عرب البادية) على مضايقة الإسرائليين فهرب منهم الإسرائيليون إلى كهوف الجبال\'a1 وكلما زرع الإسرائيليون أتلفوا حقولهم وإستولوا على محصولاتهم وسلبوا حيواناتهم حتى لم يتركوا لهم القوت الضرورى للحياة.
قضاة,6,23,"نجد هنا صورة متكررة لقد أراح الله الأرض 40 سنة فعوضاً عن أن يشكروا الرب على إحساناته نسوا الله وعاشوا في الخطية\'a1 وهي صورة متكررة في سفر القضاة وفى حياة كل منّا. وهنا تركهم الرب للمديانيين\'a1 ليس مديانيين الجنوب حيث عاش يثرون حمو موسى بل مديانيين الشرق الذين كانوا قد إتحدوا مع موآب في موضوع بلعام وكان هؤلاء أشرار مملوئين عنفاً\'a1 وكانوا أول من أستخدم الجمال المدجنة على نطاق واسع ممّا جعل الإغارة من مكان قصى أمراً سهلاً عليهم. وقد إتفقوا مع العمالقة وبنى المشرق (قبائل من عرب البادية) على مضايقة الإسرائليين فهرب منهم الإسرائيليون إلى كهوف الجبال\'a1 وكلما زرع الإسرائيليون أتلفوا حقولهم وإستولوا على محصولاتهم وسلبوا حيواناتهم حتى لم يتركوا لهم القوت الضرورى للحياة.
قضاة,6,24,"نجد هنا صورة متكررة لقد أراح الله الأرض 40 سنة فعوضاً عن أن يشكروا الرب على إحساناته نسوا الله وعاشوا في الخطية\'a1 وهي صورة متكررة في سفر القضاة وفى حياة كل منّا. وهنا تركهم الرب للمديانيين\'a1 ليس مديانيين الجنوب حيث عاش يثرون حمو موسى بل مديانيين الشرق الذين كانوا قد إتحدوا مع موآب في موضوع بلعام وكان هؤلاء أشرار مملوئين عنفاً\'a1 وكانوا أول من أستخدم الجمال المدجنة على نطاق واسع ممّا جعل الإغارة من مكان قصى أمراً سهلاً عليهم. وقد إتفقوا مع العمالقة وبنى المشرق (قبائل من عرب البادية) على مضايقة الإسرائليين فهرب منهم الإسرائيليون إلى كهوف الجبال\'a1 وكلما زرع الإسرائيليون أتلفوا حقولهم وإستولوا على محصولاتهم وسلبوا حيواناتهم حتى لم يتركوا لهم القوت الضرورى للحياة.
قضاة,6,25,"نجد هنا صورة متكررة لقد أراح الله الأرض 40 سنة فعوضاً عن أن يشكروا الرب على إحساناته نسوا الله وعاشوا في الخطية\'a1 وهي صورة متكررة في سفر القضاة وفى حياة كل منّا. وهنا تركهم الرب للمديانيين\'a1 ليس مديانيين الجنوب حيث عاش يثرون حمو موسى بل مديانيين الشرق الذين كانوا قد إتحدوا مع موآب في موضوع بلعام وكان هؤلاء أشرار مملوئين عنفاً\'a1 وكانوا أول من أستخدم الجمال المدجنة على نطاق واسع ممّا جعل الإغارة من مكان قصى أمراً سهلاً عليهم. وقد إتفقوا مع العمالقة وبنى المشرق (قبائل من عرب البادية) على مضايقة الإسرائليين فهرب منهم الإسرائيليون إلى كهوف الجبال\'a1 وكلما زرع الإسرائيليون أتلفوا حقولهم وإستولوا على محصولاتهم وسلبوا حيواناتهم حتى لم يتركوا لهم القوت الضرورى للحياة.
قضاة,6,26,"نجد هنا صورة متكررة لقد أراح الله الأرض 40 سنة فعوضاً عن أن يشكروا الرب على إحساناته نسوا الله وعاشوا في الخطية\'a1 وهي صورة متكررة في سفر القضاة وفى حياة كل منّا. وهنا تركهم الرب للمديانيين\'a1 ليس مديانيين الجنوب حيث عاش يثرون حمو موسى بل مديانيين الشرق الذين كانوا قد إتحدوا مع موآب في موضوع بلعام وكان هؤلاء أشرار مملوئين عنفاً\'a1 وكانوا أول من أستخدم الجمال المدجنة على نطاق واسع ممّا جعل الإغارة من مكان قصى أمراً سهلاً عليهم. وقد إتفقوا مع العمالقة وبنى المشرق (قبائل من عرب البادية) على مضايقة الإسرائليين فهرب منهم الإسرائيليون إلى كهوف الجبال\'a1 وكلما زرع الإسرائيليون أتلفوا حقولهم وإستولوا على محصولاتهم وسلبوا حيواناتهم حتى لم يتركوا لهم القوت الضرورى للحياة.
قضاة,6,27,"نجد هنا صورة متكررة لقد أراح الله الأرض 40 سنة فعوضاً عن أن يشكروا الرب على إحساناته نسوا الله وعاشوا في الخطية\'a1 وهي صورة متكررة في سفر القضاة وفى حياة كل منّا. وهنا تركهم الرب للمديانيين\'a1 ليس مديانيين الجنوب حيث عاش يثرون حمو موسى بل مديانيين الشرق الذين كانوا قد إتحدوا مع موآب في موضوع بلعام وكان هؤلاء أشرار مملوئين عنفاً\'a1 وكانوا أول من أستخدم الجمال المدجنة على نطاق واسع ممّا جعل الإغارة من مكان قصى أمراً سهلاً عليهم. وقد إتفقوا مع العمالقة وبنى المشرق (قبائل من عرب البادية) على مضايقة الإسرائليين فهرب منهم الإسرائيليون إلى كهوف الجبال\'a1 وكلما زرع الإسرائيليون أتلفوا حقولهم وإستولوا على محصولاتهم وسلبوا حيواناتهم حتى لم يتركوا لهم القوت الضرورى للحياة.
قضاة,6,28,"نجد هنا صورة متكررة لقد أراح الله الأرض 40 سنة فعوضاً عن أن يشكروا الرب على إحساناته نسوا الله وعاشوا في الخطية\'a1 وهي صورة متكررة في سفر القضاة وفى حياة كل منّا. وهنا تركهم الرب للمديانيين\'a1 ليس مديانيين الجنوب حيث عاش يثرون حمو موسى بل مديانيين الشرق الذين كانوا قد إتحدوا مع موآب في موضوع بلعام وكان هؤلاء أشرار مملوئين عنفاً\'a1 وكانوا أول من أستخدم الجمال المدجنة على نطاق واسع ممّا جعل الإغارة من مكان قصى أمراً سهلاً عليهم. وقد إتفقوا مع العمالقة وبنى المشرق (قبائل من عرب البادية) على مضايقة الإسرائليين فهرب منهم الإسرائيليون إلى كهوف الجبال\'a1 وكلما زرع الإسرائيليون أتلفوا حقولهم وإستولوا على محصولاتهم وسلبوا حيواناتهم حتى لم يتركوا لهم القوت الضرورى للحياة.
قضاة,6,29,"نجد هنا صورة متكررة لقد أراح الله الأرض 40 سنة فعوضاً عن أن يشكروا الرب على إحساناته نسوا الله وعاشوا في الخطية\'a1 وهي صورة متكررة في سفر القضاة وفى حياة كل منّا. وهنا تركهم الرب للمديانيين\'a1 ليس مديانيين الجنوب حيث عاش يثرون حمو موسى بل مديانيين الشرق الذين كانوا قد إتحدوا مع موآب في موضوع بلعام وكان هؤلاء أشرار مملوئين عنفاً\'a1 وكانوا أول من أستخدم الجمال المدجنة على نطاق واسع ممّا جعل الإغارة من مكان قصى أمراً سهلاً عليهم. وقد إتفقوا مع العمالقة وبنى المشرق (قبائل من عرب البادية) على مضايقة الإسرائليين فهرب منهم الإسرائيليون إلى كهوف الجبال\'a1 وكلما زرع الإسرائيليون أتلفوا حقولهم وإستولوا على محصولاتهم وسلبوا حيواناتهم حتى لم يتركوا لهم القوت الضرورى للحياة.
قضاة,6,30,"نجد هنا صورة متكررة لقد أراح الله الأرض 40 سنة فعوضاً عن أن يشكروا الرب على إحساناته نسوا الله وعاشوا في الخطية\'a1 وهي صورة متكررة في سفر القضاة وفى حياة كل منّا. وهنا تركهم الرب للمديانيين\'a1 ليس مديانيين الجنوب حيث عاش يثرون حمو موسى بل مديانيين الشرق الذين كانوا قد إتحدوا مع موآب في موضوع بلعام وكان هؤلاء أشرار مملوئين عنفاً\'a1 وكانوا أول من أستخدم الجمال المدجنة على نطاق واسع ممّا جعل الإغارة من مكان قصى أمراً سهلاً عليهم. وقد إتفقوا مع العمالقة وبنى المشرق (قبائل من عرب البادية) على مضايقة الإسرائليين فهرب منهم الإسرائيليون إلى كهوف الجبال\'a1 وكلما زرع الإسرائيليون أتلفوا حقولهم وإستولوا على محصولاتهم وسلبوا حيواناتهم حتى لم يتركوا لهم القوت الضرورى للحياة.
قضاة,6,31,"نجد هنا صورة متكررة لقد أراح الله الأرض 40 سنة فعوضاً عن أن يشكروا الرب على إحساناته نسوا الله وعاشوا في الخطية\'a1 وهي صورة متكررة في سفر القضاة وفى حياة كل منّا. وهنا تركهم الرب للمديانيين\'a1 ليس مديانيين الجنوب حيث عاش يثرون حمو موسى بل مديانيين الشرق الذين كانوا قد إتحدوا مع موآب في موضوع بلعام وكان هؤلاء أشرار مملوئين عنفاً\'a1 وكانوا أول من أستخدم الجمال المدجنة على نطاق واسع ممّا جعل الإغارة من مكان قصى أمراً سهلاً عليهم. وقد إتفقوا مع العمالقة وبنى المشرق (قبائل من عرب البادية) على مضايقة الإسرائليين فهرب منهم الإسرائيليون إلى كهوف الجبال\'a1 وكلما زرع الإسرائيليون أتلفوا حقولهم وإستولوا على محصولاتهم وسلبوا حيواناتهم حتى لم يتركوا لهم القوت الضرورى للحياة.
قضاة,6,32,"نجد هنا صورة متكررة لقد أراح الله الأرض 40 سنة فعوضاً عن أن يشكروا الرب على إحساناته نسوا الله وعاشوا في الخطية\'a1 وهي صورة متكررة في سفر القضاة وفى حياة كل منّا. وهنا تركهم الرب للمديانيين\'a1 ليس مديانيين الجنوب حيث عاش يثرون حمو موسى بل مديانيين الشرق الذين كانوا قد إتحدوا مع موآب في موضوع بلعام وكان هؤلاء أشرار مملوئين عنفاً\'a1 وكانوا أول من أستخدم الجمال المدجنة على نطاق واسع ممّا جعل الإغارة من مكان قصى أمراً سهلاً عليهم. وقد إتفقوا مع العمالقة وبنى المشرق (قبائل من عرب البادية) على مضايقة الإسرائليين فهرب منهم الإسرائيليون إلى كهوف الجبال\'a1 وكلما زرع الإسرائيليون أتلفوا حقولهم وإستولوا على محصولاتهم وسلبوا حيواناتهم حتى لم يتركوا لهم القوت الضرورى للحياة.
قضاة,6,33,"نجد هنا صورة متكررة لقد أراح الله الأرض 40 سنة فعوضاً عن أن يشكروا الرب على إحساناته نسوا الله وعاشوا في الخطية\'a1 وهي صورة متكررة في سفر القضاة وفى حياة كل منّا. وهنا تركهم الرب للمديانيين\'a1 ليس مديانيين الجنوب حيث عاش يثرون حمو موسى بل مديانيين الشرق الذين كانوا قد إتحدوا مع موآب في موضوع بلعام وكان هؤلاء أشرار مملوئين عنفاً\'a1 وكانوا أول من أستخدم الجمال المدجنة على نطاق واسع ممّا جعل الإغارة من مكان قصى أمراً سهلاً عليهم. وقد إتفقوا مع العمالقة وبنى المشرق (قبائل من عرب البادية) على مضايقة الإسرائليين فهرب منهم الإسرائيليون إلى كهوف الجبال\'a1 وكلما زرع الإسرائيليون أتلفوا حقولهم وإستولوا على محصولاتهم وسلبوا حيواناتهم حتى لم يتركوا لهم القوت الضرورى للحياة.
قضاة,6,34,"نجد هنا صورة متكررة لقد أراح الله الأرض 40 سنة فعوضاً عن أن يشكروا الرب على إحساناته نسوا الله وعاشوا في الخطية\'a1 وهي صورة متكررة في سفر القضاة وفى حياة كل منّا. وهنا تركهم الرب للمديانيين\'a1 ليس مديانيين الجنوب حيث عاش يثرون حمو موسى بل مديانيين الشرق الذين كانوا قد إتحدوا مع موآب في موضوع بلعام وكان هؤلاء أشرار مملوئين عنفاً\'a1 وكانوا أول من أستخدم الجمال المدجنة على نطاق واسع ممّا جعل الإغارة من مكان قصى أمراً سهلاً عليهم. وقد إتفقوا مع العمالقة وبنى المشرق (قبائل من عرب البادية) على مضايقة الإسرائليين فهرب منهم الإسرائيليون إلى كهوف الجبال\'a1 وكلما زرع الإسرائيليون أتلفوا حقولهم وإستولوا على محصولاتهم وسلبوا حيواناتهم حتى لم يتركوا لهم القوت الضرورى للحياة.
قضاة,6,35,"نجد هنا صورة متكررة لقد أراح الله الأرض 40 سنة فعوضاً عن أن يشكروا الرب على إحساناته نسوا الله وعاشوا في الخطية\'a1 وهي صورة متكررة في سفر القضاة وفى حياة كل منّا. وهنا تركهم الرب للمديانيين\'a1 ليس مديانيين الجنوب حيث عاش يثرون حمو موسى بل مديانيين الشرق الذين كانوا قد إتحدوا مع موآب في موضوع بلعام وكان هؤلاء أشرار مملوئين عنفاً\'a1 وكانوا أول من أستخدم الجمال المدجنة على نطاق واسع ممّا جعل الإغارة من مكان قصى أمراً سهلاً عليهم. وقد إتفقوا مع العمالقة وبنى المشرق (قبائل من عرب البادية) على مضايقة الإسرائليين فهرب منهم الإسرائيليون إلى كهوف الجبال\'a1 وكلما زرع الإسرائيليون أتلفوا حقولهم وإستولوا على محصولاتهم وسلبوا حيواناتهم حتى لم يتركوا لهم القوت الضرورى للحياة.
قضاة,6,36,"نجد هنا صورة متكررة لقد أراح الله الأرض 40 سنة فعوضاً عن أن يشكروا الرب على إحساناته نسوا الله وعاشوا في الخطية\'a1 وهي صورة متكررة في سفر القضاة وفى حياة كل منّا. وهنا تركهم الرب للمديانيين\'a1 ليس مديانيين الجنوب حيث عاش يثرون حمو موسى بل مديانيين الشرق الذين كانوا قد إتحدوا مع موآب في موضوع بلعام وكان هؤلاء أشرار مملوئين عنفاً\'a1 وكانوا أول من أستخدم الجمال المدجنة على نطاق واسع ممّا جعل الإغارة من مكان قصى أمراً سهلاً عليهم. وقد إتفقوا مع العمالقة وبنى المشرق (قبائل من عرب البادية) على مضايقة الإسرائليين فهرب منهم الإسرائيليون إلى كهوف الجبال\'a1 وكلما زرع الإسرائيليون أتلفوا حقولهم وإستولوا على محصولاتهم وسلبوا حيواناتهم حتى لم يتركوا لهم القوت الضرورى للحياة.
قضاة,6,37,"نجد هنا صورة متكررة لقد أراح الله الأرض 40 سنة فعوضاً عن أن يشكروا الرب على إحساناته نسوا الله وعاشوا في الخطية\'a1 وهي صورة متكررة في سفر القضاة وفى حياة كل منّا. وهنا تركهم الرب للمديانيين\'a1 ليس مديانيين الجنوب حيث عاش يثرون حمو موسى بل مديانيين الشرق الذين كانوا قد إتحدوا مع موآب في موضوع بلعام وكان هؤلاء أشرار مملوئين عنفاً\'a1 وكانوا أول من أستخدم الجمال المدجنة على نطاق واسع ممّا جعل الإغارة من مكان قصى أمراً سهلاً عليهم. وقد إتفقوا مع العمالقة وبنى المشرق (قبائل من عرب البادية) على مضايقة الإسرائليين فهرب منهم الإسرائيليون إلى كهوف الجبال\'a1 وكلما زرع الإسرائيليون أتلفوا حقولهم وإستولوا على محصولاتهم وسلبوا حيواناتهم حتى لم يتركوا لهم القوت الضرورى للحياة.
قضاة,6,38,"نجد هنا صورة متكررة لقد أراح الله الأرض 40 سنة فعوضاً عن أن يشكروا الرب على إحساناته نسوا الله وعاشوا في الخطية\'a1 وهي صورة متكررة في سفر القضاة وفى حياة كل منّا. وهنا تركهم الرب للمديانيين\'a1 ليس مديانيين الجنوب حيث عاش يثرون حمو موسى بل مديانيين الشرق الذين كانوا قد إتحدوا مع موآب في موضوع بلعام وكان هؤلاء أشرار مملوئين عنفاً\'a1 وكانوا أول من أستخدم الجمال المدجنة على نطاق واسع ممّا جعل الإغارة من مكان قصى أمراً سهلاً عليهم. وقد إتفقوا مع العمالقة وبنى المشرق (قبائل من عرب البادية) على مضايقة الإسرائليين فهرب منهم الإسرائيليون إلى كهوف الجبال\'a1 وكلما زرع الإسرائيليون أتلفوا حقولهم وإستولوا على محصولاتهم وسلبوا حيواناتهم حتى لم يتركوا لهم القوت الضرورى للحياة.
قضاة,6,39,"نجد هنا صورة متكررة لقد أراح الله الأرض 40 سنة فعوضاً عن أن يشكروا الرب على إحساناته نسوا الله وعاشوا في الخطية\'a1 وهي صورة متكررة في سفر القضاة وفى حياة كل منّا. وهنا تركهم الرب للمديانيين\'a1 ليس مديانيين الجنوب حيث عاش يثرون حمو موسى بل مديانيين الشرق الذين كانوا قد إتحدوا مع موآب في موضوع بلعام وكان هؤلاء أشرار مملوئين عنفاً\'a1 وكانوا أول من أستخدم الجمال المدجنة على نطاق واسع ممّا جعل الإغارة من مكان قصى أمراً سهلاً عليهم. وقد إتفقوا مع العمالقة وبنى المشرق (قبائل من عرب البادية) على مضايقة الإسرائليين فهرب منهم الإسرائيليون إلى كهوف الجبال\'a1 وكلما زرع الإسرائيليون أتلفوا حقولهم وإستولوا على محصولاتهم وسلبوا حيواناتهم حتى لم يتركوا لهم القوت الضرورى للحياة.
قضاة,6,40,"نجد هنا صورة متكررة لقد أراح الله الأرض 40 سنة فعوضاً عن أن يشكروا الرب على إحساناته نسوا الله وعاشوا في الخطية\'a1 وهي صورة متكررة في سفر القضاة وفى حياة كل منّا. وهنا تركهم الرب للمديانيين\'a1 ليس مديانيين الجنوب حيث عاش يثرون حمو موسى بل مديانيين الشرق الذين كانوا قد إتحدوا مع موآب في موضوع بلعام وكان هؤلاء أشرار مملوئين عنفاً\'a1 وكانوا أول من أستخدم الجمال المدجنة على نطاق واسع ممّا جعل الإغارة من مكان قصى أمراً سهلاً عليهم. وقد إتفقوا مع العمالقة وبنى المشرق (قبائل من عرب البادية) على مضايقة الإسرائليين فهرب منهم الإسرائيليون إلى كهوف الجبال\'a1 وكلما زرع الإسرائيليون أتلفوا حقولهم وإستولوا على محصولاتهم وسلبوا حيواناتهم حتى لم يتركوا لهم القوت الضرورى للحياة.
قضاة,6,41,"نجد هنا صورة متكررة لقد أراح الله الأرض 40 سنة فعوضاً عن أن يشكروا الرب على إحساناته نسوا الله وعاشوا في الخطية\'a1 وهي صورة متكررة في سفر القضاة وفى حياة كل منّا. وهنا تركهم الرب للمديانيين\'a1 ليس مديانيين الجنوب حيث عاش يثرون حمو موسى بل مديانيين الشرق الذين كانوا قد إتحدوا مع موآب في موضوع بلعام وكان هؤلاء أشرار مملوئين عنفاً\'a1 وكانوا أول من أستخدم الجمال المدجنة على نطاق واسع ممّا جعل الإغارة من مكان قصى أمراً سهلاً عليهم. وقد إتفقوا مع العمالقة وبنى المشرق (قبائل من عرب البادية) على مضايقة الإسرائليين فهرب منهم الإسرائيليون إلى كهوف الجبال\'a1 وكلما زرع الإسرائيليون أتلفوا حقولهم وإستولوا على محصولاتهم وسلبوا حيواناتهم حتى لم يتركوا لهم القوت الضرورى للحياة.
قضاة,6,42,"نجد هنا صورة متكررة لقد أراح الله الأرض 40 سنة فعوضاً عن أن يشكروا الرب على إحساناته نسوا الله وعاشوا في الخطية\'a1 وهي صورة متكررة في سفر القضاة وفى حياة كل منّا. وهنا تركهم الرب للمديانيين\'a1 ليس مديانيين الجنوب حيث عاش يثرون حمو موسى بل مديانيين الشرق الذين كانوا قد إتحدوا مع موآب في موضوع بلعام وكان هؤلاء أشرار مملوئين عنفاً\'a1 وكانوا أول من أستخدم الجمال المدجنة على نطاق واسع ممّا جعل الإغارة من مكان قصى أمراً سهلاً عليهم. وقد إتفقوا مع العمالقة وبنى المشرق (قبائل من عرب البادية) على مضايقة الإسرائليين فهرب منهم الإسرائيليون إلى كهوف الجبال\'a1 وكلما زرع الإسرائيليون أتلفوا حقولهم وإستولوا على محصولاتهم وسلبوا حيواناتهم حتى لم يتركوا لهم القوت الضرورى للحياة.
قضاة,6,43,"نجد هنا صورة متكررة لقد أراح الله الأرض 40 سنة فعوضاً عن أن يشكروا الرب على إحساناته نسوا الله وعاشوا في الخطية\'a1 وهي صورة متكررة في سفر القضاة وفى حياة كل منّا. وهنا تركهم الرب للمديانيين\'a1 ليس مديانيين الجنوب حيث عاش يثرون حمو موسى بل مديانيين الشرق الذين كانوا قد إتحدوا مع موآب في موضوع بلعام وكان هؤلاء أشرار مملوئين عنفاً\'a1 وكانوا أول من أستخدم الجمال المدجنة على نطاق واسع ممّا جعل الإغارة من مكان قصى أمراً سهلاً عليهم. وقد إتفقوا مع العمالقة وبنى المشرق (قبائل من عرب البادية) على مضايقة الإسرائليين فهرب منهم الإسرائيليون إلى كهوف الجبال\'a1 وكلما زرع الإسرائيليون أتلفوا حقولهم وإستولوا على محصولاتهم وسلبوا حيواناتهم حتى لم يتركوا لهم القوت الضرورى للحياة.
قضاة,6,44,"نجد هنا صورة متكررة لقد أراح الله الأرض 40 سنة فعوضاً عن أن يشكروا الرب على إحساناته نسوا الله وعاشوا في الخطية\'a1 وهي صورة متكررة في سفر القضاة وفى حياة كل منّا. وهنا تركهم الرب للمديانيين\'a1 ليس مديانيين الجنوب حيث عاش يثرون حمو موسى بل مديانيين الشرق الذين كانوا قد إتحدوا مع موآب في موضوع بلعام وكان هؤلاء أشرار مملوئين عنفاً\'a1 وكانوا أول من أستخدم الجمال المدجنة على نطاق واسع ممّا جعل الإغارة من مكان قصى أمراً سهلاً عليهم. وقد إتفقوا مع العمالقة وبنى المشرق (قبائل من عرب البادية) على مضايقة الإسرائليين فهرب منهم الإسرائيليون إلى كهوف الجبال\'a1 وكلما زرع الإسرائيليون أتلفوا حقولهم وإستولوا على محصولاتهم وسلبوا حيواناتهم حتى لم يتركوا لهم القوت الضرورى للحياة.
قضاة,6,45,"نجد هنا صورة متكررة لقد أراح الله الأرض 40 سنة فعوضاً عن أن يشكروا الرب على إحساناته نسوا الله وعاشوا في الخطية\'a1 وهي صورة متكررة في سفر القضاة وفى حياة كل منّا. وهنا تركهم الرب للمديانيين\'a1 ليس مديانيين الجنوب حيث عاش يثرون حمو موسى بل مديانيين الشرق الذين كانوا قد إتحدوا مع موآب في موضوع بلعام وكان هؤلاء أشرار مملوئين عنفاً\'a1 وكانوا أول من أستخدم الجمال المدجنة على نطاق واسع ممّا جعل الإغارة من مكان قصى أمراً سهلاً عليهم. وقد إتفقوا مع العمالقة وبنى المشرق (قبائل من عرب البادية) على مضايقة الإسرائليين فهرب منهم الإسرائيليون إلى كهوف الجبال\'a1 وكلما زرع الإسرائيليون أتلفوا حقولهم وإستولوا على محصولاتهم وسلبوا حيواناتهم حتى لم يتركوا لهم القوت الضرورى للحياة.
قضاة,6,46,"نجد هنا صورة متكررة لقد أراح الله الأرض 40 سنة فعوضاً عن أن يشكروا الرب على إحساناته نسوا الله وعاشوا في الخطية\'a1 وهي صورة متكررة في سفر القضاة وفى حياة كل منّا. وهنا تركهم الرب للمديانيين\'a1 ليس مديانيين الجنوب حيث عاش يثرون حمو موسى بل مديانيين الشرق الذين كانوا قد إتحدوا مع موآب في موضوع بلعام وكان هؤلاء أشرار مملوئين عنفاً\'a1 وكانوا أول من أستخدم الجمال المدجنة على نطاق واسع ممّا جعل الإغارة من مكان قصى أمراً سهلاً عليهم. وقد إتفقوا مع العمالقة وبنى المشرق (قبائل من عرب البادية) على مضايقة الإسرائليين فهرب منهم الإسرائيليون إلى كهوف الجبال\'a1 وكلما زرع الإسرائيليون أتلفوا حقولهم وإستولوا على محصولاتهم وسلبوا حيواناتهم حتى لم يتركوا لهم القوت الضرورى للحياة.
قضاة,6,47,"نجد هنا صورة متكررة لقد أراح الله الأرض 40 سنة فعوضاً عن أن يشكروا الرب على إحساناته نسوا الله وعاشوا في الخطية\'a1 وهي صورة متكررة في سفر القضاة وفى حياة كل منّا. وهنا تركهم الرب للمديانيين\'a1 ليس مديانيين الجنوب حيث عاش يثرون حمو موسى بل مديانيين الشرق الذين كانوا قد إتحدوا مع موآب في موضوع بلعام وكان هؤلاء أشرار مملوئين عنفاً\'a1 وكانوا أول من أستخدم الجمال المدجنة على نطاق واسع ممّا جعل الإغارة من مكان قصى أمراً سهلاً عليهم. وقد إتفقوا مع العمالقة وبنى المشرق (قبائل من عرب البادية) على مضايقة الإسرائليين فهرب منهم الإسرائيليون إلى كهوف الجبال\'a1 وكلما زرع الإسرائيليون أتلفوا حقولهم وإستولوا على محصولاتهم وسلبوا حيواناتهم حتى لم يتركوا لهم القوت الضرورى للحياة.
قضاة,6,48,"نجد هنا صورة متكررة لقد أراح الله الأرض 40 سنة فعوضاً عن أن يشكروا الرب على إحساناته نسوا الله وعاشوا في الخطية\'a1 وهي صورة متكررة في سفر القضاة وفى حياة كل منّا. وهنا تركهم الرب للمديانيين\'a1 ليس مديانيين الجنوب حيث عاش يثرون حمو موسى بل مديانيين الشرق الذين كانوا قد إتحدوا مع موآب في موضوع بلعام وكان هؤلاء أشرار مملوئين عنفاً\'a1 وكانوا أول من أستخدم الجمال المدجنة على نطاق واسع ممّا جعل الإغارة من مكان قصى أمراً سهلاً عليهم. وقد إتفقوا مع العمالقة وبنى المشرق (قبائل من عرب البادية) على مضايقة الإسرائليين فهرب منهم الإسرائيليون إلى كهوف الجبال\'a1 وكلما زرع الإسرائيليون أتلفوا حقولهم وإستولوا على محصولاتهم وسلبوا حيواناتهم حتى لم يتركوا لهم القوت الضرورى للحياة.
قضاة,6,49,"نجد هنا صورة متكررة لقد أراح الله الأرض 40 سنة فعوضاً عن أن يشكروا الرب على إحساناته نسوا الله وعاشوا في الخطية\'a1 وهي صورة متكررة في سفر القضاة وفى حياة كل منّا. وهنا تركهم الرب للمديانيين\'a1 ليس مديانيين الجنوب حيث عاش يثرون حمو موسى بل مديانيين الشرق الذين كانوا قد إتحدوا مع موآب في موضوع بلعام وكان هؤلاء أشرار مملوئين عنفاً\'a1 وكانوا أول من أستخدم الجمال المدجنة على نطاق واسع ممّا جعل الإغارة من مكان قصى أمراً سهلاً عليهم. وقد إتفقوا مع العمالقة وبنى المشرق (قبائل من عرب البادية) على مضايقة الإسرائليين فهرب منهم الإسرائيليون إلى كهوف الجبال\'a1 وكلما زرع الإسرائيليون أتلفوا حقولهم وإستولوا على محصولاتهم وسلبوا حيواناتهم حتى لم يتركوا لهم القوت الضرورى للحياة.
قضاة,6,50,"نجد هنا صورة متكررة لقد أراح الله الأرض 40 سنة فعوضاً عن أن يشكروا الرب على إحساناته نسوا الله وعاشوا في الخطية\'a1 وهي صورة متكررة في سفر القضاة وفى حياة كل منّا. وهنا تركهم الرب للمديانيين\'a1 ليس مديانيين الجنوب حيث عاش يثرون حمو موسى بل مديانيين الشرق الذين كانوا قد إتحدوا مع موآب في موضوع بلعام وكان هؤلاء أشرار مملوئين عنفاً\'a1 وكانوا أول من أستخدم الجمال المدجنة على نطاق واسع ممّا جعل الإغارة من مكان قصى أمراً سهلاً عليهم. وقد إتفقوا مع العمالقة وبنى المشرق (قبائل من عرب البادية) على مضايقة الإسرائليين فهرب منهم الإسرائيليون إلى كهوف الجبال\'a1 وكلما زرع الإسرائيليون أتلفوا حقولهم وإستولوا على محصولاتهم وسلبوا حيواناتهم حتى لم يتركوا لهم القوت الضرورى للحياة.
قضاة,6,51,"نجد هنا صورة متكررة لقد أراح الله الأرض 40 سنة فعوضاً عن أن يشكروا الرب على إحساناته نسوا الله وعاشوا في الخطية\'a1 وهي صورة متكررة في سفر القضاة وفى حياة كل منّا. وهنا تركهم الرب للمديانيين\'a1 ليس مديانيين الجنوب حيث عاش يثرون حمو موسى بل مديانيين الشرق الذين كانوا قد إتحدوا مع موآب في موضوع بلعام وكان هؤلاء أشرار مملوئين عنفاً\'a1 وكانوا أول من أستخدم الجمال المدجنة على نطاق واسع ممّا جعل الإغارة من مكان قصى أمراً سهلاً عليهم. وقد إتفقوا مع العمالقة وبنى المشرق (قبائل من عرب البادية) على مضايقة الإسرائليين فهرب منهم الإسرائيليون إلى كهوف الجبال\'a1 وكلما زرع الإسرائيليون أتلفوا حقولهم وإستولوا على محصولاتهم وسلبوا حيواناتهم حتى لم يتركوا لهم القوت الضرورى للحياة.
قضاة,6,52,"نجد هنا صورة متكررة لقد أراح الله الأرض 40 سنة فعوضاً عن أن يشكروا الرب على إحساناته نسوا الله وعاشوا في الخطية\'a1 وهي صورة متكررة في سفر القضاة وفى حياة كل منّا. وهنا تركهم الرب للمديانيين\'a1 ليس مديانيين الجنوب حيث عاش يثرون حمو موسى بل مديانيين الشرق الذين كانوا قد إتحدوا مع موآب في موضوع بلعام وكان هؤلاء أشرار مملوئين عنفاً\'a1 وكانوا أول من أستخدم الجمال المدجنة على نطاق واسع ممّا جعل الإغارة من مكان قصى أمراً سهلاً عليهم. وقد إتفقوا مع العمالقة وبنى المشرق (قبائل من عرب البادية) على مضايقة الإسرائليين فهرب منهم الإسرائيليون إلى كهوف الجبال\'a1 وكلما زرع الإسرائيليون أتلفوا حقولهم وإستولوا على محصولاتهم وسلبوا حيواناتهم حتى لم يتركوا لهم القوت الضرورى للحياة.
قضاة,6,53,"نجد هنا صورة متكررة لقد أراح الله الأرض 40 سنة فعوضاً عن أن يشكروا الرب على إحساناته نسوا الله وعاشوا في الخطية\'a1 وهي صورة متكررة في سفر القضاة وفى حياة كل منّا. وهنا تركهم الرب للمديانيين\'a1 ليس مديانيين الجنوب حيث عاش يثرون حمو موسى بل مديانيين الشرق الذين كانوا قد إتحدوا مع موآب في موضوع بلعام وكان هؤلاء أشرار مملوئين عنفاً\'a1 وكانوا أول من أستخدم الجمال المدجنة على نطاق واسع ممّا جعل الإغارة من مكان قصى أمراً سهلاً عليهم. وقد إتفقوا مع العمالقة وبنى المشرق (قبائل من عرب البادية) على مضايقة الإسرائليين فهرب منهم الإسرائيليون إلى كهوف الجبال\'a1 وكلما زرع الإسرائيليون أتلفوا حقولهم وإستولوا على محصولاتهم وسلبوا حيواناتهم حتى لم يتركوا لهم القوت الضرورى للحياة.
قضاة,6,54,"نجد هنا صورة متكررة لقد أراح الله الأرض 40 سنة فعوضاً عن أن يشكروا الرب على إحساناته نسوا الله وعاشوا في الخطية\'a1 وهي صورة متكررة في سفر القضاة وفى حياة كل منّا. وهنا تركهم الرب للمديانيين\'a1 ليس مديانيين الجنوب حيث عاش يثرون حمو موسى بل مديانيين الشرق الذين كانوا قد إتحدوا مع موآب في موضوع بلعام وكان هؤلاء أشرار مملوئين عنفاً\'a1 وكانوا أول من أستخدم الجمال المدجنة على نطاق واسع ممّا جعل الإغارة من مكان قصى أمراً سهلاً عليهم. وقد إتفقوا مع العمالقة وبنى المشرق (قبائل من عرب البادية) على مضايقة الإسرائليين فهرب منهم الإسرائيليون إلى كهوف الجبال\'a1 وكلما زرع الإسرائيليون أتلفوا حقولهم وإستولوا على محصولاتهم وسلبوا حيواناتهم حتى لم يتركوا لهم القوت الضرورى للحياة.
قضاة,6,55,"نجد هنا صورة متكررة لقد أراح الله الأرض 40 سنة فعوضاً عن أن يشكروا الرب على إحساناته نسوا الله وعاشوا في الخطية\'a1 وهي صورة متكررة في سفر القضاة وفى حياة كل منّا. وهنا تركهم الرب للمديانيين\'a1 ليس مديانيين الجنوب حيث عاش يثرون حمو موسى بل مديانيين الشرق الذين كانوا قد إتحدوا مع موآب في موضوع بلعام وكان هؤلاء أشرار مملوئين عنفاً\'a1 وكانوا أول من أستخدم الجمال المدجنة على نطاق واسع ممّا جعل الإغارة من مكان قصى أمراً سهلاً عليهم. وقد إتفقوا مع العمالقة وبنى المشرق (قبائل من عرب البادية) على مضايقة الإسرائليين فهرب منهم الإسرائيليون إلى كهوف الجبال\'a1 وكلما زرع الإسرائيليون أتلفوا حقولهم وإستولوا على محصولاتهم وسلبوا حيواناتهم حتى لم يتركوا لهم القوت الضرورى للحياة.
قضاة,6,56,"نجد هنا صورة متكررة لقد أراح الله الأرض 40 سنة فعوضاً عن أن يشكروا الرب على إحساناته نسوا الله وعاشوا في الخطية\'a1 وهي صورة متكررة في سفر القضاة وفى حياة كل منّا. وهنا تركهم الرب للمديانيين\'a1 ليس مديانيين الجنوب حيث عاش يثرون حمو موسى بل مديانيين الشرق الذين كانوا قد إتحدوا مع موآب في موضوع بلعام وكان هؤلاء أشرار مملوئين عنفاً\'a1 وكانوا أول من أستخدم الجمال المدجنة على نطاق واسع ممّا جعل الإغارة من مكان قصى أمراً سهلاً عليهم. وقد إتفقوا مع العمالقة وبنى المشرق (قبائل من عرب البادية) على مضايقة الإسرائليين فهرب منهم الإسرائيليون إلى كهوف الجبال\'a1 وكلما زرع الإسرائيليون أتلفوا حقولهم وإستولوا على محصولاتهم وسلبوا حيواناتهم حتى لم يتركوا لهم القوت الضرورى للحياة.
قضاة,6,57,"نجد هنا صورة متكررة لقد أراح الله الأرض 40 سنة فعوضاً عن أن يشكروا الرب على إحساناته نسوا الله وعاشوا في الخطية\'a1 وهي صورة متكررة في سفر القضاة وفى حياة كل منّا. وهنا تركهم الرب للمديانيين\'a1 ليس مديانيين الجنوب حيث عاش يثرون حمو موسى بل مديانيين الشرق الذين كانوا قد إتحدوا مع موآب في موضوع بلعام وكان هؤلاء أشرار مملوئين عنفاً\'a1 وكانوا أول من أستخدم الجمال المدجنة على نطاق واسع ممّا جعل الإغارة من مكان قصى أمراً سهلاً عليهم. وقد إتفقوا مع العمالقة وبنى المشرق (قبائل من عرب البادية) على مضايقة الإسرائليين فهرب منهم الإسرائيليون إلى كهوف الجبال\'a1 وكلما زرع الإسرائيليون أتلفوا حقولهم وإستولوا على محصولاتهم وسلبوا حيواناتهم حتى لم يتركوا لهم القوت الضرورى للحياة.
قضاة,6,58,"نجد هنا صورة متكررة لقد أراح الله الأرض 40 سنة فعوضاً عن أن يشكروا الرب على إحساناته نسوا الله وعاشوا في الخطية\'a1 وهي صورة متكررة في سفر القضاة وفى حياة كل منّا. وهنا تركهم الرب للمديانيين\'a1 ليس مديانيين الجنوب حيث عاش يثرون حمو موسى بل مديانيين الشرق الذين كانوا قد إتحدوا مع موآب في موضوع بلعام وكان هؤلاء أشرار مملوئين عنفاً\'a1 وكانوا أول من أستخدم الجمال المدجنة على نطاق واسع ممّا جعل الإغارة من مكان قصى أمراً سهلاً عليهم. وقد إتفقوا مع العمالقة وبنى المشرق (قبائل من عرب البادية) على مضايقة الإسرائليين فهرب منهم الإسرائيليون إلى كهوف الجبال\'a1 وكلما زرع الإسرائيليون أتلفوا حقولهم وإستولوا على محصولاتهم وسلبوا حيواناتهم حتى لم يتركوا لهم القوت الضرورى للحياة.
قضاة,6,59,"نجد هنا صورة متكررة لقد أراح الله الأرض 40 سنة فعوضاً عن أن يشكروا الرب على إحساناته نسوا الله وعاشوا في الخطية\'a1 وهي صورة متكررة في سفر القضاة وفى حياة كل منّا. وهنا تركهم الرب للمديانيين\'a1 ليس مديانيين الجنوب حيث عاش يثرون حمو موسى بل مديانيين الشرق الذين كانوا قد إتحدوا مع موآب في موضوع بلعام وكان هؤلاء أشرار مملوئين عنفاً\'a1 وكانوا أول من أستخدم الجمال المدجنة على نطاق واسع ممّا جعل الإغارة من مكان قصى أمراً سهلاً عليهم. وقد إتفقوا مع العمالقة وبنى المشرق (قبائل من عرب البادية) على مضايقة الإسرائليين فهرب منهم الإسرائيليون إلى كهوف الجبال\'a1 وكلما زرع الإسرائيليون أتلفوا حقولهم وإستولوا على محصولاتهم وسلبوا حيواناتهم حتى لم يتركوا لهم القوت الضرورى للحياة.
قضاة,6,60,"نجد هنا صورة متكررة لقد أراح الله الأرض 40 سنة فعوضاً عن أن يشكروا الرب على إحساناته نسوا الله وعاشوا في الخطية\'a1 وهي صورة متكررة في سفر القضاة وفى حياة كل منّا. وهنا تركهم الرب للمديانيين\'a1 ليس مديانيين الجنوب حيث عاش يثرون حمو موسى بل مديانيين الشرق الذين كانوا قد إتحدوا مع موآب في موضوع بلعام وكان هؤلاء أشرار مملوئين عنفاً\'a1 وكانوا أول من أستخدم الجمال المدجنة على نطاق واسع ممّا جعل الإغارة من مكان قصى أمراً سهلاً عليهم. وقد إتفقوا مع العمالقة وبنى المشرق (قبائل من عرب البادية) على مضايقة الإسرائليين فهرب منهم الإسرائيليون إلى كهوف الجبال\'a1 وكلما زرع الإسرائيليون أتلفوا حقولهم وإستولوا على محصولاتهم وسلبوا حيواناتهم حتى لم يتركوا لهم القوت الضرورى للحياة.
قضاة,6,61,"نجد هنا صورة متكررة لقد أراح الله الأرض 40 سنة فعوضاً عن أن يشكروا الرب على إحساناته نسوا الله وعاشوا في الخطية\'a1 وهي صورة متكررة في سفر القضاة وفى حياة كل منّا. وهنا تركهم الرب للمديانيين\'a1 ليس مديانيين الجنوب حيث عاش يثرون حمو موسى بل مديانيين الشرق الذين كانوا قد إتحدوا مع موآب في موضوع بلعام وكان هؤلاء أشرار مملوئين عنفاً\'a1 وكانوا أول من أستخدم الجمال المدجنة على نطاق واسع ممّا جعل الإغارة من مكان قصى أمراً سهلاً عليهم. وقد إتفقوا مع العمالقة وبنى المشرق (قبائل من عرب البادية) على مضايقة الإسرائليين فهرب منهم الإسرائيليون إلى كهوف الجبال\'a1 وكلما زرع الإسرائيليون أتلفوا حقولهم وإستولوا على محصولاتهم وسلبوا حيواناتهم حتى لم يتركوا لهم القوت الضرورى للحياة.
قضاة,6,62,"نجد هنا صورة متكررة لقد أراح الله الأرض 40 سنة فعوضاً عن أن يشكروا الرب على إحساناته نسوا الله وعاشوا في الخطية\'a1 وهي صورة متكررة في سفر القضاة وفى حياة كل منّا. وهنا تركهم الرب للمديانيين\'a1 ليس مديانيين الجنوب حيث عاش يثرون حمو موسى بل مديانيين الشرق الذين كانوا قد إتحدوا مع موآب في موضوع بلعام وكان هؤلاء أشرار مملوئين عنفاً\'a1 وكانوا أول من أستخدم الجمال المدجنة على نطاق واسع ممّا جعل الإغارة من مكان قصى أمراً سهلاً عليهم. وقد إتفقوا مع العمالقة وبنى المشرق (قبائل من عرب البادية) على مضايقة الإسرائليين فهرب منهم الإسرائيليون إلى كهوف الجبال\'a1 وكلما زرع الإسرائيليون أتلفوا حقولهم وإستولوا على محصولاتهم وسلبوا حيواناتهم حتى لم يتركوا لهم القوت الضرورى للحياة.
قضاة,6,63,"نجد هنا صورة متكررة لقد أراح الله الأرض 40 سنة فعوضاً عن أن يشكروا الرب على إحساناته نسوا الله وعاشوا في الخطية\'a1 وهي صورة متكررة في سفر القضاة وفى حياة كل منّا. وهنا تركهم الرب للمديانيين\'a1 ليس مديانيين الجنوب حيث عاش يثرون حمو موسى بل مديانيين الشرق الذين كانوا قد إتحدوا مع موآب في موضوع بلعام وكان هؤلاء أشرار مملوئين عنفاً\'a1 وكانوا أول من أستخدم الجمال المدجنة على نطاق واسع ممّا جعل الإغارة من مكان قصى أمراً سهلاً عليهم. وقد إتفقوا مع العمالقة وبنى المشرق (قبائل من عرب البادية) على مضايقة الإسرائليين فهرب منهم الإسرائيليون إلى كهوف الجبال\'a1 وكلما زرع الإسرائيليون أتلفوا حقولهم وإستولوا على محصولاتهم وسلبوا حيواناتهم حتى لم يتركوا لهم القوت الضرورى للحياة.
قضاة,6,64,"نجد هنا صورة متكررة لقد أراح الله الأرض 40 سنة فعوضاً عن أن يشكروا الرب على إحساناته نسوا الله وعاشوا في الخطية\'a1 وهي صورة متكررة في سفر القضاة وفى حياة كل منّا. وهنا تركهم الرب للمديانيين\'a1 ليس مديانيين الجنوب حيث عاش يثرون حمو موسى بل مديانيين الشرق الذين كانوا قد إتحدوا مع موآب في موضوع بلعام وكان هؤلاء أشرار مملوئين عنفاً\'a1 وكانوا أول من أستخدم الجمال المدجنة على نطاق واسع ممّا جعل الإغارة من مكان قصى أمراً سهلاً عليهم. وقد إتفقوا مع العمالقة وبنى المشرق (قبائل من عرب البادية) على مضايقة الإسرائليين فهرب منهم الإسرائيليون إلى كهوف الجبال\'a1 وكلما زرع الإسرائيليون أتلفوا حقولهم وإستولوا على محصولاتهم وسلبوا حيواناتهم حتى لم يتركوا لهم القوت الضرورى للحياة.
قضاة,6,65,"نجد هنا صورة متكررة لقد أراح الله الأرض 40 سنة فعوضاً عن أن يشكروا الرب على إحساناته نسوا الله وعاشوا في الخطية\'a1 وهي صورة متكررة في سفر القضاة وفى حياة كل منّا. وهنا تركهم الرب للمديانيين\'a1 ليس مديانيين الجنوب حيث عاش يثرون حمو موسى بل مديانيين الشرق الذين كانوا قد إتحدوا مع موآب في موضوع بلعام وكان هؤلاء أشرار مملوئين عنفاً\'a1 وكانوا أول من أستخدم الجمال المدجنة على نطاق واسع ممّا جعل الإغارة من مكان قصى أمراً سهلاً عليهم. وقد إتفقوا مع العمالقة وبنى المشرق (قبائل من عرب البادية) على مضايقة الإسرائليين فهرب منهم الإسرائيليون إلى كهوف الجبال\'a1 وكلما زرع الإسرائيليون أتلفوا حقولهم وإستولوا على محصولاتهم وسلبوا حيواناتهم حتى لم يتركوا لهم القوت الضرورى للحياة.
قضاة,6,66,"نجد هنا صورة متكررة لقد أراح الله الأرض 40 سنة فعوضاً عن أن يشكروا الرب على إحساناته نسوا الله وعاشوا في الخطية\'a1 وهي صورة متكررة في سفر القضاة وفى حياة كل منّا. وهنا تركهم الرب للمديانيين\'a1 ليس مديانيين الجنوب حيث عاش يثرون حمو موسى بل مديانيين الشرق الذين كانوا قد إتحدوا مع موآب في موضوع بلعام وكان هؤلاء أشرار مملوئين عنفاً\'a1 وكانوا أول من أستخدم الجمال المدجنة على نطاق واسع ممّا جعل الإغارة من مكان قصى أمراً سهلاً عليهم. وقد إتفقوا مع العمالقة وبنى المشرق (قبائل من عرب البادية) على مضايقة الإسرائليين فهرب منهم الإسرائيليون إلى كهوف الجبال\'a1 وكلما زرع الإسرائيليون أتلفوا حقولهم وإستولوا على محصولاتهم وسلبوا حيواناتهم حتى لم يتركوا لهم القوت الضرورى للحياة.
قضاة,6,67,"نجد هنا صورة متكررة لقد أراح الله الأرض 40 سنة فعوضاً عن أن يشكروا الرب على إحساناته نسوا الله وعاشوا في الخطية\'a1 وهي صورة متكررة في سفر القضاة وفى حياة كل منّا. وهنا تركهم الرب للمديانيين\'a1 ليس مديانيين الجنوب حيث عاش يثرون حمو موسى بل مديانيين الشرق الذين كانوا قد إتحدوا مع موآب في موضوع بلعام وكان هؤلاء أشرار مملوئين عنفاً\'a1 وكانوا أول من أستخدم الجمال المدجنة على نطاق واسع ممّا جعل الإغارة من مكان قصى أمراً سهلاً عليهم. وقد إتفقوا مع العمالقة وبنى المشرق (قبائل من عرب البادية) على مضايقة الإسرائليين فهرب منهم الإسرائيليون إلى كهوف الجبال\'a1 وكلما زرع الإسرائيليون أتلفوا حقولهم وإستولوا على محصولاتهم وسلبوا حيواناتهم حتى لم يتركوا لهم القوت الضرورى للحياة.
قضاة,6,68,"نجد هنا صورة متكررة لقد أراح الله الأرض 40 سنة فعوضاً عن أن يشكروا الرب على إحساناته نسوا الله وعاشوا في الخطية\'a1 وهي صورة متكررة في سفر القضاة وفى حياة كل منّا. وهنا تركهم الرب للمديانيين\'a1 ليس مديانيين الجنوب حيث عاش يثرون حمو موسى بل مديانيين الشرق الذين كانوا قد إتحدوا مع موآب في موضوع بلعام وكان هؤلاء أشرار مملوئين عنفاً\'a1 وكانوا أول من أستخدم الجمال المدجنة على نطاق واسع ممّا جعل الإغارة من مكان قصى أمراً سهلاً عليهم. وقد إتفقوا مع العمالقة وبنى المشرق (قبائل من عرب البادية) على مضايقة الإسرائليين فهرب منهم الإسرائيليون إلى كهوف الجبال\'a1 وكلما زرع الإسرائيليون أتلفوا حقولهم وإستولوا على محصولاتهم وسلبوا حيواناتهم حتى لم يتركوا لهم القوت الضرورى للحياة.
قضاة,6,69,"نجد هنا صورة متكررة لقد أراح الله الأرض 40 سنة فعوضاً عن أن يشكروا الرب على إحساناته نسوا الله وعاشوا في الخطية\'a1 وهي صورة متكررة في سفر القضاة وفى حياة كل منّا. وهنا تركهم الرب للمديانيين\'a1 ليس مديانيين الجنوب حيث عاش يثرون حمو موسى بل مديانيين الشرق الذين كانوا قد إتحدوا مع موآب في موضوع بلعام وكان هؤلاء أشرار مملوئين عنفاً\'a1 وكانوا أول من أستخدم الجمال المدجنة على نطاق واسع ممّا جعل الإغارة من مكان قصى أمراً سهلاً عليهم. وقد إتفقوا مع العمالقة وبنى المشرق (قبائل من عرب البادية) على مضايقة الإسرائليين فهرب منهم الإسرائيليون إلى كهوف الجبال\'a1 وكلما زرع الإسرائيليون أتلفوا حقولهم وإستولوا على محصولاتهم وسلبوا حيواناتهم حتى لم يتركوا لهم القوت الضرورى للحياة.
قضاة,6,70,"نجد هنا صورة متكررة لقد أراح الله الأرض 40 سنة فعوضاً عن أن يشكروا الرب على إحساناته نسوا الله وعاشوا في الخطية\'a1 وهي صورة متكررة في سفر القضاة وفى حياة كل منّا. وهنا تركهم الرب للمديانيين\'a1 ليس مديانيين الجنوب حيث عاش يثرون حمو موسى بل مديانيين الشرق الذين كانوا قد إتحدوا مع موآب في موضوع بلعام وكان هؤلاء أشرار مملوئين عنفاً\'a1 وكانوا أول من أستخدم الجمال المدجنة على نطاق واسع ممّا جعل الإغارة من مكان قصى أمراً سهلاً عليهم. وقد إتفقوا مع العمالقة وبنى المشرق (قبائل من عرب البادية) على مضايقة الإسرائليين فهرب منهم الإسرائيليون إلى كهوف الجبال\'a1 وكلما زرع الإسرائيليون أتلفوا حقولهم وإستولوا على محصولاتهم وسلبوا حيواناتهم حتى لم يتركوا لهم القوت الضرورى للحياة.
قضاة,6,71,"نجد هنا صورة متكررة لقد أراح الله الأرض 40 سنة فعوضاً عن أن يشكروا الرب على إحساناته نسوا الله وعاشوا في الخطية\'a1 وهي صورة متكررة في سفر القضاة وفى حياة كل منّا. وهنا تركهم الرب للمديانيين\'a1 ليس مديانيين الجنوب حيث عاش يثرون حمو موسى بل مديانيين الشرق الذين كانوا قد إتحدوا مع موآب في موضوع بلعام وكان هؤلاء أشرار مملوئين عنفاً\'a1 وكانوا أول من أستخدم الجمال المدجنة على نطاق واسع ممّا جعل الإغارة من مكان قصى أمراً سهلاً عليهم. وقد إتفقوا مع العمالقة وبنى المشرق (قبائل من عرب البادية) على مضايقة الإسرائليين فهرب منهم الإسرائيليون إلى كهوف الجبال\'a1 وكلما زرع الإسرائيليون أتلفوا حقولهم وإستولوا على محصولاتهم وسلبوا حيواناتهم حتى لم يتركوا لهم القوت الضرورى للحياة.
قضاة,6,72,"نجد هنا صورة متكررة لقد أراح الله الأرض 40 سنة فعوضاً عن أن يشكروا الرب على إحساناته نسوا الله وعاشوا في الخطية\'a1 وهي صورة متكررة في سفر القضاة وفى حياة كل منّا. وهنا تركهم الرب للمديانيين\'a1 ليس مديانيين الجنوب حيث عاش يثرون حمو موسى بل مديانيين الشرق الذين كانوا قد إتحدوا مع موآب في موضوع بلعام وكان هؤلاء أشرار مملوئين عنفاً\'a1 وكانوا أول من أستخدم الجمال المدجنة على نطاق واسع ممّا جعل الإغارة من مكان قصى أمراً سهلاً عليهم. وقد إتفقوا مع العمالقة وبنى المشرق (قبائل من عرب البادية) على مضايقة الإسرائليين فهرب منهم الإسرائيليون إلى كهوف الجبال\'a1 وكلما زرع الإسرائيليون أتلفوا حقولهم وإستولوا على محصولاتهم وسلبوا حيواناتهم حتى لم يتركوا لهم القوت الضرورى للحياة.
قضاة,6,73,"نجد هنا صورة متكررة لقد أراح الله الأرض 40 سنة فعوضاً عن أن يشكروا الرب على إحساناته نسوا الله وعاشوا في الخطية\'a1 وهي صورة متكررة في سفر القضاة وفى حياة كل منّا. وهنا تركهم الرب للمديانيين\'a1 ليس مديانيين الجنوب حيث عاش يثرون حمو موسى بل مديانيين الشرق الذين كانوا قد إتحدوا مع موآب في موضوع بلعام وكان هؤلاء أشرار مملوئين عنفاً\'a1 وكانوا أول من أستخدم الجمال المدجنة على نطاق واسع ممّا جعل الإغارة من مكان قصى أمراً سهلاً عليهم. وقد إتفقوا مع العمالقة وبنى المشرق (قبائل من عرب البادية) على مضايقة الإسرائليين فهرب منهم الإسرائيليون إلى كهوف الجبال\'a1 وكلما زرع الإسرائيليون أتلفوا حقولهم وإستولوا على محصولاتهم وسلبوا حيواناتهم حتى لم يتركوا لهم القوت الضرورى للحياة.
قضاة,6,74,"نجد هنا صورة متكررة لقد أراح الله الأرض 40 سنة فعوضاً عن أن يشكروا الرب على إحساناته نسوا الله وعاشوا في الخطية\'a1 وهي صورة متكررة في سفر القضاة وفى حياة كل منّا. وهنا تركهم الرب للمديانيين\'a1 ليس مديانيين الجنوب حيث عاش يثرون حمو موسى بل مديانيين الشرق الذين كانوا قد إتحدوا مع موآب في موضوع بلعام وكان هؤلاء أشرار مملوئين عنفاً\'a1 وكانوا أول من أستخدم الجمال المدجنة على نطاق واسع ممّا جعل الإغارة من مكان قصى أمراً سهلاً عليهم. وقد إتفقوا مع العمالقة وبنى المشرق (قبائل من عرب البادية) على مضايقة الإسرائليين فهرب منهم الإسرائيليون إلى كهوف الجبال\'a1 وكلما زرع الإسرائيليون أتلفوا حقولهم وإستولوا على محصولاتهم وسلبوا حيواناتهم حتى لم يتركوا لهم القوت الضرورى للحياة.
قضاة,6,75,"نجد هنا صورة متكررة لقد أراح الله الأرض 40 سنة فعوضاً عن أن يشكروا الرب على إحساناته نسوا الله وعاشوا في الخطية\'a1 وهي صورة متكررة في سفر القضاة وفى حياة كل منّا. وهنا تركهم الرب للمديانيين\'a1 ليس مديانيين الجنوب حيث عاش يثرون حمو موسى بل مديانيين الشرق الذين كانوا قد إتحدوا مع موآب في موضوع بلعام وكان هؤلاء أشرار مملوئين عنفاً\'a1 وكانوا أول من أستخدم الجمال المدجنة على نطاق واسع ممّا جعل الإغارة من مكان قصى أمراً سهلاً عليهم. وقد إتفقوا مع العمالقة وبنى المشرق (قبائل من عرب البادية) على مضايقة الإسرائليين فهرب منهم الإسرائيليون إلى كهوف الجبال\'a1 وكلما زرع الإسرائيليون أتلفوا حقولهم وإستولوا على محصولاتهم وسلبوا حيواناتهم حتى لم يتركوا لهم القوت الضرورى للحياة.
قضاة,6,76,"نجد هنا صورة متكررة لقد أراح الله الأرض 40 سنة فعوضاً عن أن يشكروا الرب على إحساناته نسوا الله وعاشوا في الخطية\'a1 وهي صورة متكررة في سفر القضاة وفى حياة كل منّا. وهنا تركهم الرب للمديانيين\'a1 ليس مديانيين الجنوب حيث عاش يثرون حمو موسى بل مديانيين الشرق الذين كانوا قد إتحدوا مع موآب في موضوع بلعام وكان هؤلاء أشرار مملوئين عنفاً\'a1 وكانوا أول من أستخدم الجمال المدجنة على نطاق واسع ممّا جعل الإغارة من مكان قصى أمراً سهلاً عليهم. وقد إتفقوا مع العمالقة وبنى المشرق (قبائل من عرب البادية) على مضايقة الإسرائليين فهرب منهم الإسرائيليون إلى كهوف الجبال\'a1 وكلما زرع الإسرائيليون أتلفوا حقولهم وإستولوا على محصولاتهم وسلبوا حيواناتهم حتى لم يتركوا لهم القوت الضرورى للحياة.
قضاة,6,77,"نجد هنا صورة متكررة لقد أراح الله الأرض 40 سنة فعوضاً عن أن يشكروا الرب على إحساناته نسوا الله وعاشوا في الخطية\'a1 وهي صورة متكررة في سفر القضاة وفى حياة كل منّا. وهنا تركهم الرب للمديانيين\'a1 ليس مديانيين الجنوب حيث عاش يثرون حمو موسى بل مديانيين الشرق الذين كانوا قد إتحدوا مع موآب في موضوع بلعام وكان هؤلاء أشرار مملوئين عنفاً\'a1 وكانوا أول من أستخدم الجمال المدجنة على نطاق واسع ممّا جعل الإغارة من مكان قصى أمراً سهلاً عليهم. وقد إتفقوا مع العمالقة وبنى المشرق (قبائل من عرب البادية) على مضايقة الإسرائليين فهرب منهم الإسرائيليون إلى كهوف الجبال\'a1 وكلما زرع الإسرائيليون أتلفوا حقولهم وإستولوا على محصولاتهم وسلبوا حيواناتهم حتى لم يتركوا لهم القوت الضرورى للحياة.
قضاة,6,78,"نجد هنا صورة متكررة لقد أراح الله الأرض 40 سنة فعوضاً عن أن يشكروا الرب على إحساناته نسوا الله وعاشوا في الخطية\'a1 وهي صورة متكررة في سفر القضاة وفى حياة كل منّا. وهنا تركهم الرب للمديانيين\'a1 ليس مديانيين الجنوب حيث عاش يثرون حمو موسى بل مديانيين الشرق الذين كانوا قد إتحدوا مع موآب في موضوع بلعام وكان هؤلاء أشرار مملوئين عنفاً\'a1 وكانوا أول من أستخدم الجمال المدجنة على نطاق واسع ممّا جعل الإغارة من مكان قصى أمراً سهلاً عليهم. وقد إتفقوا مع العمالقة وبنى المشرق (قبائل من عرب البادية) على مضايقة الإسرائليين فهرب منهم الإسرائيليون إلى كهوف الجبال\'a1 وكلما زرع الإسرائيليون أتلفوا حقولهم وإستولوا على محصولاتهم وسلبوا حيواناتهم حتى لم يتركوا لهم القوت الضرورى للحياة.
قضاة,6,79,"نجد هنا صورة متكررة لقد أراح الله الأرض 40 سنة فعوضاً عن أن يشكروا الرب على إحساناته نسوا الله وعاشوا في الخطية\'a1 وهي صورة متكررة في سفر القضاة وفى حياة كل منّا. وهنا تركهم الرب للمديانيين\'a1 ليس مديانيين الجنوب حيث عاش يثرون حمو موسى بل مديانيين الشرق الذين كانوا قد إتحدوا مع موآب في موضوع بلعام وكان هؤلاء أشرار مملوئين عنفاً\'a1 وكانوا أول من أستخدم الجمال المدجنة على نطاق واسع ممّا جعل الإغارة من مكان قصى أمراً سهلاً عليهم. وقد إتفقوا مع العمالقة وبنى المشرق (قبائل من عرب البادية) على مضايقة الإسرائليين فهرب منهم الإسرائيليون إلى كهوف الجبال\'a1 وكلما زرع الإسرائيليون أتلفوا حقولهم وإستولوا على محصولاتهم وسلبوا حيواناتهم حتى لم يتركوا لهم القوت الضرورى للحياة.
قضاة,6,80,"نجد هنا صورة متكررة لقد أراح الله الأرض 40 سنة فعوضاً عن أن يشكروا الرب على إحساناته نسوا الله وعاشوا في الخطية\'a1 وهي صورة متكررة في سفر القضاة وفى حياة كل منّا. وهنا تركهم الرب للمديانيين\'a1 ليس مديانيين الجنوب حيث عاش يثرون حمو موسى بل مديانيين الشرق الذين كانوا قد إتحدوا مع موآب في موضوع بلعام وكان هؤلاء أشرار مملوئين عنفاً\'a1 وكانوا أول من أستخدم الجمال المدجنة على نطاق واسع ممّا جعل الإغارة من مكان قصى أمراً سهلاً عليهم. وقد إتفقوا مع العمالقة وبنى المشرق (قبائل من عرب البادية) على مضايقة الإسرائليين فهرب منهم الإسرائيليون إلى كهوف الجبال\'a1 وكلما زرع الإسرائيليون أتلفوا حقولهم وإستولوا على محصولاتهم وسلبوا حيواناتهم حتى لم يتركوا لهم القوت الضرورى للحياة.
قضاة,6,81,"نجد هنا صورة متكررة لقد أراح الله الأرض 40 سنة فعوضاً عن أن يشكروا الرب على إحساناته نسوا الله وعاشوا في الخطية\'a1 وهي صورة متكررة في سفر القضاة وفى حياة كل منّا. وهنا تركهم الرب للمديانيين\'a1 ليس مديانيين الجنوب حيث عاش يثرون حمو موسى بل مديانيين الشرق الذين كانوا قد إتحدوا مع موآب في موضوع بلعام وكان هؤلاء أشرار مملوئين عنفاً\'a1 وكانوا أول من أستخدم الجمال المدجنة على نطاق واسع ممّا جعل الإغارة من مكان قصى أمراً سهلاً عليهم. وقد إتفقوا مع العمالقة وبنى المشرق (قبائل من عرب البادية) على مضايقة الإسرائليين فهرب منهم الإسرائيليون إلى كهوف الجبال\'a1 وكلما زرع الإسرائيليون أتلفوا حقولهم وإستولوا على محصولاتهم وسلبوا حيواناتهم حتى لم يتركوا لهم القوت الضرورى للحياة.
قضاة,6,82,"نجد هنا صورة متكررة لقد أراح الله الأرض 40 سنة فعوضاً عن أن يشكروا الرب على إحساناته نسوا الله وعاشوا في الخطية\'a1 وهي صورة متكررة في سفر القضاة وفى حياة كل منّا. وهنا تركهم الرب للمديانيين\'a1 ليس مديانيين الجنوب حيث عاش يثرون حمو موسى بل مديانيين الشرق الذين كانوا قد إتحدوا مع موآب في موضوع بلعام وكان هؤلاء أشرار مملوئين عنفاً\'a1 وكانوا أول من أستخدم الجمال المدجنة على نطاق واسع ممّا جعل الإغارة من مكان قصى أمراً سهلاً عليهم. وقد إتفقوا مع العمالقة وبنى المشرق (قبائل من عرب البادية) على مضايقة الإسرائليين فهرب منهم الإسرائيليون إلى كهوف الجبال\'a1 وكلما زرع الإسرائيليون أتلفوا حقولهم وإستولوا على محصولاتهم وسلبوا حيواناتهم حتى لم يتركوا لهم القوت الضرورى للحياة.
قضاة,6,83,"نجد هنا صورة متكررة لقد أراح الله الأرض 40 سنة فعوضاً عن أن يشكروا الرب على إحساناته نسوا الله وعاشوا في الخطية\'a1 وهي صورة متكررة في سفر القضاة وفى حياة كل منّا. وهنا تركهم الرب للمديانيين\'a1 ليس مديانيين الجنوب حيث عاش يثرون حمو موسى بل مديانيين الشرق الذين كانوا قد إتحدوا مع موآب في موضوع بلعام وكان هؤلاء أشرار مملوئين عنفاً\'a1 وكانوا أول من أستخدم الجمال المدجنة على نطاق واسع ممّا جعل الإغارة من مكان قصى أمراً سهلاً عليهم. وقد إتفقوا مع العمالقة وبنى المشرق (قبائل من عرب البادية) على مضايقة الإسرائليين فهرب منهم الإسرائيليون إلى كهوف الجبال\'a1 وكلما زرع الإسرائيليون أتلفوا حقولهم وإستولوا على محصولاتهم وسلبوا حيواناتهم حتى لم يتركوا لهم القوت الضرورى للحياة.
قضاة,6,84,"نجد هنا صورة متكررة لقد أراح الله الأرض 40 سنة فعوضاً عن أن يشكروا الرب على إحساناته نسوا الله وعاشوا في الخطية\'a1 وهي صورة متكررة في سفر القضاة وفى حياة كل منّا. وهنا تركهم الرب للمديانيين\'a1 ليس مديانيين الجنوب حيث عاش يثرون حمو موسى بل مديانيين الشرق الذين كانوا قد إتحدوا مع موآب في موضوع بلعام وكان هؤلاء أشرار مملوئين عنفاً\'a1 وكانوا أول من أستخدم الجمال المدجنة على نطاق واسع ممّا جعل الإغارة من مكان قصى أمراً سهلاً عليهم. وقد إتفقوا مع العمالقة وبنى المشرق (قبائل من عرب البادية) على مضايقة الإسرائليين فهرب منهم الإسرائيليون إلى كهوف الجبال\'a1 وكلما زرع الإسرائيليون أتلفوا حقولهم وإستولوا على محصولاتهم وسلبوا حيواناتهم حتى لم يتركوا لهم القوت الضرورى للحياة.
قضاة,6,85,"نجد هنا صورة متكررة لقد أراح الله الأرض 40 سنة فعوضاً عن أن يشكروا الرب على إحساناته نسوا الله وعاشوا في الخطية\'a1 وهي صورة متكررة في سفر القضاة وفى حياة كل منّا. وهنا تركهم الرب للمديانيين\'a1 ليس مديانيين الجنوب حيث عاش يثرون حمو موسى بل مديانيين الشرق الذين كانوا قد إتحدوا مع موآب في موضوع بلعام وكان هؤلاء أشرار مملوئين عنفاً\'a1 وكانوا أول من أستخدم الجمال المدجنة على نطاق واسع ممّا جعل الإغارة من مكان قصى أمراً سهلاً عليهم. وقد إتفقوا مع العمالقة وبنى المشرق (قبائل من عرب البادية) على مضايقة الإسرائليين فهرب منهم الإسرائيليون إلى كهوف الجبال\'a1 وكلما زرع الإسرائيليون أتلفوا حقولهم وإستولوا على محصولاتهم وسلبوا حيواناتهم حتى لم يتركوا لهم القوت الضرورى للحياة.
قضاة,6,86,"نجد هنا صورة متكررة لقد أراح الله الأرض 40 سنة فعوضاً عن أن يشكروا الرب على إحساناته نسوا الله وعاشوا في الخطية\'a1 وهي صورة متكررة في سفر القضاة وفى حياة كل منّا. وهنا تركهم الرب للمديانيين\'a1 ليس مديانيين الجنوب حيث عاش يثرون حمو موسى بل مديانيين الشرق الذين كانوا قد إتحدوا مع موآب في موضوع بلعام وكان هؤلاء أشرار مملوئين عنفاً\'a1 وكانوا أول من أستخدم الجمال المدجنة على نطاق واسع ممّا جعل الإغارة من مكان قصى أمراً سهلاً عليهم. وقد إتفقوا مع العمالقة وبنى المشرق (قبائل من عرب البادية) على مضايقة الإسرائليين فهرب منهم الإسرائيليون إلى كهوف الجبال\'a1 وكلما زرع الإسرائيليون أتلفوا حقولهم وإستولوا على محصولاتهم وسلبوا حيواناتهم حتى لم يتركوا لهم القوت الضرورى للحياة.
قضاة,6,87,"نجد هنا صورة متكررة لقد أراح الله الأرض 40 سنة فعوضاً عن أن يشكروا الرب على إحساناته نسوا الله وعاشوا في الخطية\'a1 وهي صورة متكررة في سفر القضاة وفى حياة كل منّا. وهنا تركهم الرب للمديانيين\'a1 ليس مديانيين الجنوب حيث عاش يثرون حمو موسى بل مديانيين الشرق الذين كانوا قد إتحدوا مع موآب في موضوع بلعام وكان هؤلاء أشرار مملوئين عنفاً\'a1 وكانوا أول من أستخدم الجمال المدجنة على نطاق واسع ممّا جعل الإغارة من مكان قصى أمراً سهلاً عليهم. وقد إتفقوا مع العمالقة وبنى المشرق (قبائل من عرب البادية) على مضايقة الإسرائليين فهرب منهم الإسرائيليون إلى كهوف الجبال\'a1 وكلما زرع الإسرائيليون أتلفوا حقولهم وإستولوا على محصولاتهم وسلبوا حيواناتهم حتى لم يتركوا لهم القوت الضرورى للحياة.
قضاة,6,88,"نجد هنا صورة متكررة لقد أراح الله الأرض 40 سنة فعوضاً عن أن يشكروا الرب على إحساناته نسوا الله وعاشوا في الخطية\'a1 وهي صورة متكررة في سفر القضاة وفى حياة كل منّا. وهنا تركهم الرب للمديانيين\'a1 ليس مديانيين الجنوب حيث عاش يثرون حمو موسى بل مديانيين الشرق الذين كانوا قد إتحدوا مع موآب في موضوع بلعام وكان هؤلاء أشرار مملوئين عنفاً\'a1 وكانوا أول من أستخدم الجمال المدجنة على نطاق واسع ممّا جعل الإغارة من مكان قصى أمراً سهلاً عليهم. وقد إتفقوا مع العمالقة وبنى المشرق (قبائل من عرب البادية) على مضايقة الإسرائليين فهرب منهم الإسرائيليون إلى كهوف الجبال\'a1 وكلما زرع الإسرائيليون أتلفوا حقولهم وإستولوا على محصولاتهم وسلبوا حيواناتهم حتى لم يتركوا لهم القوت الضرورى للحياة.
قضاة,6,89,"نجد هنا صورة متكررة لقد أراح الله الأرض 40 سنة فعوضاً عن أن يشكروا الرب على إحساناته نسوا الله وعاشوا في الخطية\'a1 وهي صورة متكررة في سفر القضاة وفى حياة كل منّا. وهنا تركهم الرب للمديانيين\'a1 ليس مديانيين الجنوب حيث عاش يثرون حمو موسى بل مديانيين الشرق الذين كانوا قد إتحدوا مع موآب في موضوع بلعام وكان هؤلاء أشرار مملوئين عنفاً\'a1 وكانوا أول من أستخدم الجمال المدجنة على نطاق واسع ممّا جعل الإغارة من مكان قصى أمراً سهلاً عليهم. وقد إتفقوا مع العمالقة وبنى المشرق (قبائل من عرب البادية) على مضايقة الإسرائليين فهرب منهم الإسرائيليون إلى كهوف الجبال\'a1 وكلما زرع الإسرائيليون أتلفوا حقولهم وإستولوا على محصولاتهم وسلبوا حيواناتهم حتى لم يتركوا لهم القوت الضرورى للحياة.
قضاة,6,90,"نجد هنا صورة متكررة لقد أراح الله الأرض 40 سنة فعوضاً عن أن يشكروا الرب على إحساناته نسوا الله وعاشوا في الخطية\'a1 وهي صورة متكررة في سفر القضاة وفى حياة كل منّا. وهنا تركهم الرب للمديانيين\'a1 ليس مديانيين الجنوب حيث عاش يثرون حمو موسى بل مديانيين الشرق الذين كانوا قد إتحدوا مع موآب في موضوع بلعام وكان هؤلاء أشرار مملوئين عنفاً\'a1 وكانوا أول من أستخدم الجمال المدجنة على نطاق واسع ممّا جعل الإغارة من مكان قصى أمراً سهلاً عليهم. وقد إتفقوا مع العمالقة وبنى المشرق (قبائل من عرب البادية) على مضايقة الإسرائليين فهرب منهم الإسرائيليون إلى كهوف الجبال\'a1 وكلما زرع الإسرائيليون أتلفوا حقولهم وإستولوا على محصولاتهم وسلبوا حيواناتهم حتى لم يتركوا لهم القوت الضرورى للحياة.
قضاة,6,91,"نجد هنا صورة متكررة لقد أراح الله الأرض 40 سنة فعوضاً عن أن يشكروا الرب على إحساناته نسوا الله وعاشوا في الخطية\'a1 وهي صورة متكررة في سفر القضاة وفى حياة كل منّا. وهنا تركهم الرب للمديانيين\'a1 ليس مديانيين الجنوب حيث عاش يثرون حمو موسى بل مديانيين الشرق الذين كانوا قد إتحدوا مع موآب في موضوع بلعام وكان هؤلاء أشرار مملوئين عنفاً\'a1 وكانوا أول من أستخدم الجمال المدجنة على نطاق واسع ممّا جعل الإغارة من مكان قصى أمراً سهلاً عليهم. وقد إتفقوا مع العمالقة وبنى المشرق (قبائل من عرب البادية) على مضايقة الإسرائليين فهرب منهم الإسرائيليون إلى كهوف الجبال\'a1 وكلما زرع الإسرائيليون أتلفوا حقولهم وإستولوا على محصولاتهم وسلبوا حيواناتهم حتى لم يتركوا لهم القوت الضرورى للحياة.
قضاة,6,92,"نجد هنا صورة متكررة لقد أراح الله الأرض 40 سنة فعوضاً عن أن يشكروا الرب على إحساناته نسوا الله وعاشوا في الخطية\'a1 وهي صورة متكررة في سفر القضاة وفى حياة كل منّا. وهنا تركهم الرب للمديانيين\'a1 ليس مديانيين الجنوب حيث عاش يثرون حمو موسى بل مديانيين الشرق الذين كانوا قد إتحدوا مع موآب في موضوع بلعام وكان هؤلاء أشرار مملوئين عنفاً\'a1 وكانوا أول من أستخدم الجمال المدجنة على نطاق واسع ممّا جعل الإغارة من مكان قصى أمراً سهلاً عليهم. وقد إتفقوا مع العمالقة وبنى المشرق (قبائل من عرب البادية) على مضايقة الإسرائليين فهرب منهم الإسرائيليون إلى كهوف الجبال\'a1 وكلما زرع الإسرائيليون أتلفوا حقولهم وإستولوا على محصولاتهم وسلبوا حيواناتهم حتى لم يتركوا لهم القوت الضرورى للحياة.
قضاة,6,93,"نجد هنا صورة متكررة لقد أراح الله الأرض 40 سنة فعوضاً عن أن يشكروا الرب على إحساناته نسوا الله وعاشوا في الخطية\'a1 وهي صورة متكررة في سفر القضاة وفى حياة كل منّا. وهنا تركهم الرب للمديانيين\'a1 ليس مديانيين الجنوب حيث عاش يثرون حمو موسى بل مديانيين الشرق الذين كانوا قد إتحدوا مع موآب في موضوع بلعام وكان هؤلاء أشرار مملوئين عنفاً\'a1 وكانوا أول من أستخدم الجمال المدجنة على نطاق واسع ممّا جعل الإغارة من مكان قصى أمراً سهلاً عليهم. وقد إتفقوا مع العمالقة وبنى المشرق (قبائل من عرب البادية) على مضايقة الإسرائليين فهرب منهم الإسرائيليون إلى كهوف الجبال\'a1 وكلما زرع الإسرائيليون أتلفوا حقولهم وإستولوا على محصولاتهم وسلبوا حيواناتهم حتى لم يتركوا لهم القوت الضرورى للحياة.
قضاة,6,94,"نجد هنا صورة متكررة لقد أراح الله الأرض 40 سنة فعوضاً عن أن يشكروا الرب على إحساناته نسوا الله وعاشوا في الخطية\'a1 وهي صورة متكررة في سفر القضاة وفى حياة كل منّا. وهنا تركهم الرب للمديانيين\'a1 ليس مديانيين الجنوب حيث عاش يثرون حمو موسى بل مديانيين الشرق الذين كانوا قد إتحدوا مع موآب في موضوع بلعام وكان هؤلاء أشرار مملوئين عنفاً\'a1 وكانوا أول من أستخدم الجمال المدجنة على نطاق واسع ممّا جعل الإغارة من مكان قصى أمراً سهلاً عليهم. وقد إتفقوا مع العمالقة وبنى المشرق (قبائل من عرب البادية) على مضايقة الإسرائليين فهرب منهم الإسرائيليون إلى كهوف الجبال\'a1 وكلما زرع الإسرائيليون أتلفوا حقولهم وإستولوا على محصولاتهم وسلبوا حيواناتهم حتى لم يتركوا لهم القوت الضرورى للحياة.
قضاة,6,95,"نجد هنا صورة متكررة لقد أراح الله الأرض 40 سنة فعوضاً عن أن يشكروا الرب على إحساناته نسوا الله وعاشوا في الخطية\'a1 وهي صورة متكررة في سفر القضاة وفى حياة كل منّا. وهنا تركهم الرب للمديانيين\'a1 ليس مديانيين الجنوب حيث عاش يثرون حمو موسى بل مديانيين الشرق الذين كانوا قد إتحدوا مع موآب في موضوع بلعام وكان هؤلاء أشرار مملوئين عنفاً\'a1 وكانوا أول من أستخدم الجمال المدجنة على نطاق واسع ممّا جعل الإغارة من مكان قصى أمراً سهلاً عليهم. وقد إتفقوا مع العمالقة وبنى المشرق (قبائل من عرب البادية) على مضايقة الإسرائليين فهرب منهم الإسرائيليون إلى كهوف الجبال\'a1 وكلما زرع الإسرائيليون أتلفوا حقولهم وإستولوا على محصولاتهم وسلبوا حيواناتهم حتى لم يتركوا لهم القوت الضرورى للحياة.
قضاة,6,96,"نجد هنا صورة متكررة لقد أراح الله الأرض 40 سنة فعوضاً عن أن يشكروا الرب على إحساناته نسوا الله وعاشوا في الخطية\'a1 وهي صورة متكررة في سفر القضاة وفى حياة كل منّا. وهنا تركهم الرب للمديانيين\'a1 ليس مديانيين الجنوب حيث عاش يثرون حمو موسى بل مديانيين الشرق الذين كانوا قد إتحدوا مع موآب في موضوع بلعام وكان هؤلاء أشرار مملوئين عنفاً\'a1 وكانوا أول من أستخدم الجمال المدجنة على نطاق واسع ممّا جعل الإغارة من مكان قصى أمراً سهلاً عليهم. وقد إتفقوا مع العمالقة وبنى المشرق (قبائل من عرب البادية) على مضايقة الإسرائليين فهرب منهم الإسرائيليون إلى كهوف الجبال\'a1 وكلما زرع الإسرائيليون أتلفوا حقولهم وإستولوا على محصولاتهم وسلبوا حيواناتهم حتى لم يتركوا لهم القوت الضرورى للحياة.
قضاة,6,97,"نجد هنا صورة متكررة لقد أراح الله الأرض 40 سنة فعوضاً عن أن يشكروا الرب على إحساناته نسوا الله وعاشوا في الخطية\'a1 وهي صورة متكررة في سفر القضاة وفى حياة كل منّا. وهنا تركهم الرب للمديانيين\'a1 ليس مديانيين الجنوب حيث عاش يثرون حمو موسى بل مديانيين الشرق الذين كانوا قد إتحدوا مع موآب في موضوع بلعام وكان هؤلاء أشرار مملوئين عنفاً\'a1 وكانوا أول من أستخدم الجمال المدجنة على نطاق واسع ممّا جعل الإغارة من مكان قصى أمراً سهلاً عليهم. وقد إتفقوا مع العمالقة وبنى المشرق (قبائل من عرب البادية) على مضايقة الإسرائليين فهرب منهم الإسرائيليون إلى كهوف الجبال\'a1 وكلما زرع الإسرائيليون أتلفوا حقولهم وإستولوا على محصولاتهم وسلبوا حيواناتهم حتى لم يتركوا لهم القوت الضرورى للحياة.
قضاة,6,98,"نجد هنا صورة متكررة لقد أراح الله الأرض 40 سنة فعوضاً عن أن يشكروا الرب على إحساناته نسوا الله وعاشوا في الخطية\'a1 وهي صورة متكررة في سفر القضاة وفى حياة كل منّا. وهنا تركهم الرب للمديانيين\'a1 ليس مديانيين الجنوب حيث عاش يثرون حمو موسى بل مديانيين الشرق الذين كانوا قد إتحدوا مع موآب في موضوع بلعام وكان هؤلاء أشرار مملوئين عنفاً\'a1 وكانوا أول من أستخدم الجمال المدجنة على نطاق واسع ممّا جعل الإغارة من مكان قصى أمراً سهلاً عليهم. وقد إتفقوا مع العمالقة وبنى المشرق (قبائل من عرب البادية) على مضايقة الإسرائليين فهرب منهم الإسرائيليون إلى كهوف الجبال\'a1 وكلما زرع الإسرائيليون أتلفوا حقولهم وإستولوا على محصولاتهم وسلبوا حيواناتهم حتى لم يتركوا لهم القوت الضرورى للحياة.
قضاة,6,99,"نجد هنا صورة متكررة لقد أراح الله الأرض 40 سنة فعوضاً عن أن يشكروا الرب على إحساناته نسوا الله وعاشوا في الخطية\'a1 وهي صورة متكررة في سفر القضاة وفى حياة كل منّا. وهنا تركهم الرب للمديانيين\'a1 ليس مديانيين الجنوب حيث عاش يثرون حمو موسى بل مديانيين الشرق الذين كانوا قد إتحدوا مع موآب في موضوع بلعام وكان هؤلاء أشرار مملوئين عنفاً\'a1 وكانوا أول من أستخدم الجمال المدجنة على نطاق واسع ممّا جعل الإغارة من مكان قصى أمراً سهلاً عليهم. وقد إتفقوا مع العمالقة وبنى المشرق (قبائل من عرب البادية) على مضايقة الإسرائليين فهرب منهم الإسرائيليون إلى كهوف الجبال\'a1 وكلما زرع الإسرائيليون أتلفوا حقولهم وإستولوا على محصولاتهم وسلبوا حيواناتهم حتى لم يتركوا لهم القوت الضرورى للحياة.
قضاة,7,1,"آية (1): ""فبكر يربعل اي جدعون وكل الشعب الذي معه ونزلوا على عين حرود وكان جيش المديانيين شماليهم عند تل مورة في الوادي.""
قضاة,7,2,"آية (1): ""فبكر يربعل اي جدعون وكل الشعب الذي معه ونزلوا على عين حرود وكان جيش المديانيين شماليهم عند تل مورة في الوادي.""
قضاة,7,3,"آية (1): ""فبكر يربعل اي جدعون وكل الشعب الذي معه ونزلوا على عين حرود وكان جيش المديانيين شماليهم عند تل مورة في الوادي.""
قضاة,7,4,"آية (1): ""فبكر يربعل اي جدعون وكل الشعب الذي معه ونزلوا على عين حرود وكان جيش المديانيين شماليهم عند تل مورة في الوادي.""
قضاة,7,5,"آية (1): ""فبكر يربعل اي جدعون وكل الشعب الذي معه ونزلوا على عين حرود وكان جيش المديانيين شماليهم عند تل مورة في الوادي.""
قضاة,7,6,"آية (1): ""فبكر يربعل اي جدعون وكل الشعب الذي معه ونزلوا على عين حرود وكان جيش المديانيين شماليهم عند تل مورة في الوادي.""
قضاة,7,7,"آية (1): ""فبكر يربعل اي جدعون وكل الشعب الذي معه ونزلوا على عين حرود وكان جيش المديانيين شماليهم عند تل مورة في الوادي.""
قضاة,7,8,"آية (1): ""فبكر يربعل اي جدعون وكل الشعب الذي معه ونزلوا على عين حرود وكان جيش المديانيين شماليهم عند تل مورة في الوادي.""
قضاة,7,9,"آية (1): ""فبكر يربعل اي جدعون وكل الشعب الذي معه ونزلوا على عين حرود وكان جيش المديانيين شماليهم عند تل مورة في الوادي.""
قضاة,7,10,"آية (1): ""فبكر يربعل اي جدعون وكل الشعب الذي معه ونزلوا على عين حرود وكان جيش المديانيين شماليهم عند تل مورة في الوادي.""
قضاة,7,11,"آية (1): ""فبكر يربعل اي جدعون وكل الشعب الذي معه ونزلوا على عين حرود وكان جيش المديانيين شماليهم عند تل مورة في الوادي.""
قضاة,7,12,"آية (1): ""فبكر يربعل اي جدعون وكل الشعب الذي معه ونزلوا على عين حرود وكان جيش المديانيين شماليهم عند تل مورة في الوادي.""
قضاة,7,13,"آية (1): ""فبكر يربعل اي جدعون وكل الشعب الذي معه ونزلوا على عين حرود وكان جيش المديانيين شماليهم عند تل مورة في الوادي.""
قضاة,7,14,"آية (1): ""فبكر يربعل اي جدعون وكل الشعب الذي معه ونزلوا على عين حرود وكان جيش المديانيين شماليهم عند تل مورة في الوادي.""
قضاة,7,15,"آية (1): ""فبكر يربعل اي جدعون وكل الشعب الذي معه ونزلوا على عين حرود وكان جيش المديانيين شماليهم عند تل مورة في الوادي.""
قضاة,7,16,"آية (1): ""فبكر يربعل اي جدعون وكل الشعب الذي معه ونزلوا على عين حرود وكان جيش المديانيين شماليهم عند تل مورة في الوادي.""
قضاة,7,17,"آية (1): ""فبكر يربعل اي جدعون وكل الشعب الذي معه ونزلوا على عين حرود وكان جيش المديانيين شماليهم عند تل مورة في الوادي.""
قضاة,7,18,"آية (1): ""فبكر يربعل اي جدعون وكل الشعب الذي معه ونزلوا على عين حرود وكان جيش المديانيين شماليهم عند تل مورة في الوادي.""
قضاة,7,19,"آية (1): ""فبكر يربعل اي جدعون وكل الشعب الذي معه ونزلوا على عين حرود وكان جيش المديانيين شماليهم عند تل مورة في الوادي.""
قضاة,7,20,"آية (1): ""فبكر يربعل اي جدعون وكل الشعب الذي معه ونزلوا على عين حرود وكان جيش المديانيين شماليهم عند تل مورة في الوادي.""
قضاة,7,21,"آية (1): ""فبكر يربعل اي جدعون وكل الشعب الذي معه ونزلوا على عين حرود وكان جيش المديانيين شماليهم عند تل مورة في الوادي.""
قضاة,7,22,"آية (1): ""فبكر يربعل اي جدعون وكل الشعب الذي معه ونزلوا على عين حرود وكان جيش المديانيين شماليهم عند تل مورة في الوادي.""
قضاة,7,23,"آية (1): ""فبكر يربعل اي جدعون وكل الشعب الذي معه ونزلوا على عين حرود وكان جيش المديانيين شماليهم عند تل مورة في الوادي.""
قضاة,7,24,"آية (1): ""فبكر يربعل اي جدعون وكل الشعب الذي معه ونزلوا على عين حرود وكان جيش المديانيين شماليهم عند تل مورة في الوادي.""
قضاة,7,25,"آية (1): ""فبكر يربعل اي جدعون وكل الشعب الذي معه ونزلوا على عين حرود وكان جيش المديانيين شماليهم عند تل مورة في الوادي.""
قضاة,7,26,"آية (1): ""فبكر يربعل اي جدعون وكل الشعب الذي معه ونزلوا على عين حرود وكان جيش المديانيين شماليهم عند تل مورة في الوادي.""
قضاة,7,27,"آية (1): ""فبكر يربعل اي جدعون وكل الشعب الذي معه ونزلوا على عين حرود وكان جيش المديانيين شماليهم عند تل مورة في الوادي.""
قضاة,7,28,"آية (1): ""فبكر يربعل اي جدعون وكل الشعب الذي معه ونزلوا على عين حرود وكان جيش المديانيين شماليهم عند تل مورة في الوادي.""
قضاة,7,29,"آية (1): ""فبكر يربعل اي جدعون وكل الشعب الذي معه ونزلوا على عين حرود وكان جيش المديانيين شماليهم عند تل مورة في الوادي.""
قضاة,7,30,"آية (1): ""فبكر يربعل اي جدعون وكل الشعب الذي معه ونزلوا على عين حرود وكان جيش المديانيين شماليهم عند تل مورة في الوادي.""
قضاة,7,31,"آية (1): ""فبكر يربعل اي جدعون وكل الشعب الذي معه ونزلوا على عين حرود وكان جيش المديانيين شماليهم عند تل مورة في الوادي.""
قضاة,7,32,"آية (1): ""فبكر يربعل اي جدعون وكل الشعب الذي معه ونزلوا على عين حرود وكان جيش المديانيين شماليهم عند تل مورة في الوادي.""
قضاة,7,33,"آية (1): ""فبكر يربعل اي جدعون وكل الشعب الذي معه ونزلوا على عين حرود وكان جيش المديانيين شماليهم عند تل مورة في الوادي.""
قضاة,7,34,"آية (1): ""فبكر يربعل اي جدعون وكل الشعب الذي معه ونزلوا على عين حرود وكان جيش المديانيين شماليهم عند تل مورة في الوادي.""
قضاة,7,35,"آية (1): ""فبكر يربعل اي جدعون وكل الشعب الذي معه ونزلوا على عين حرود وكان جيش المديانيين شماليهم عند تل مورة في الوادي.""
قضاة,7,36,"آية (1): ""فبكر يربعل اي جدعون وكل الشعب الذي معه ونزلوا على عين حرود وكان جيش المديانيين شماليهم عند تل مورة في الوادي.""
قضاة,7,37,"آية (1): ""فبكر يربعل اي جدعون وكل الشعب الذي معه ونزلوا على عين حرود وكان جيش المديانيين شماليهم عند تل مورة في الوادي.""
قضاة,7,38,"آية (1): ""فبكر يربعل اي جدعون وكل الشعب الذي معه ونزلوا على عين حرود وكان جيش المديانيين شماليهم عند تل مورة في الوادي.""
قضاة,7,39,"آية (1): ""فبكر يربعل اي جدعون وكل الشعب الذي معه ونزلوا على عين حرود وكان جيش المديانيين شماليهم عند تل مورة في الوادي.""
قضاة,7,40,"آية (1): ""فبكر يربعل اي جدعون وكل الشعب الذي معه ونزلوا على عين حرود وكان جيش المديانيين شماليهم عند تل مورة في الوادي.""
قضاة,7,41,"آية (1): ""فبكر يربعل اي جدعون وكل الشعب الذي معه ونزلوا على عين حرود وكان جيش المديانيين شماليهم عند تل مورة في الوادي.""
قضاة,7,42,"آية (1): ""فبكر يربعل اي جدعون وكل الشعب الذي معه ونزلوا على عين حرود وكان جيش المديانيين شماليهم عند تل مورة في الوادي.""
قضاة,7,43,"آية (1): ""فبكر يربعل اي جدعون وكل الشعب الذي معه ونزلوا على عين حرود وكان جيش المديانيين شماليهم عند تل مورة في الوادي.""
قضاة,7,44,"آية (1): ""فبكر يربعل اي جدعون وكل الشعب الذي معه ونزلوا على عين حرود وكان جيش المديانيين شماليهم عند تل مورة في الوادي.""
قضاة,7,45,"آية (1): ""فبكر يربعل اي جدعون وكل الشعب الذي معه ونزلوا على عين حرود وكان جيش المديانيين شماليهم عند تل مورة في الوادي.""
قضاة,7,46,"آية (1): ""فبكر يربعل اي جدعون وكل الشعب الذي معه ونزلوا على عين حرود وكان جيش المديانيين شماليهم عند تل مورة في الوادي.""
قضاة,7,47,"آية (1): ""فبكر يربعل اي جدعون وكل الشعب الذي معه ونزلوا على عين حرود وكان جيش المديانيين شماليهم عند تل مورة في الوادي.""
قضاة,7,48,"آية (1): ""فبكر يربعل اي جدعون وكل الشعب الذي معه ونزلوا على عين حرود وكان جيش المديانيين شماليهم عند تل مورة في الوادي.""
قضاة,7,49,"آية (1): ""فبكر يربعل اي جدعون وكل الشعب الذي معه ونزلوا على عين حرود وكان جيش المديانيين شماليهم عند تل مورة في الوادي.""
قضاة,7,50,"آية (1): ""فبكر يربعل اي جدعون وكل الشعب الذي معه ونزلوا على عين حرود وكان جيش المديانيين شماليهم عند تل مورة في الوادي.""
قضاة,7,51,"آية (1): ""فبكر يربعل اي جدعون وكل الشعب الذي معه ونزلوا على عين حرود وكان جيش المديانيين شماليهم عند تل مورة في الوادي.""
قضاة,7,52,"آية (1): ""فبكر يربعل اي جدعون وكل الشعب الذي معه ونزلوا على عين حرود وكان جيش المديانيين شماليهم عند تل مورة في الوادي.""
قضاة,7,53,"آية (1): ""فبكر يربعل اي جدعون وكل الشعب الذي معه ونزلوا على عين حرود وكان جيش المديانيين شماليهم عند تل مورة في الوادي.""
قضاة,7,54,"آية (1): ""فبكر يربعل اي جدعون وكل الشعب الذي معه ونزلوا على عين حرود وكان جيش المديانيين شماليهم عند تل مورة في الوادي.""
قضاة,7,55,"آية (1): ""فبكر يربعل اي جدعون وكل الشعب الذي معه ونزلوا على عين حرود وكان جيش المديانيين شماليهم عند تل مورة في الوادي.""
قضاة,7,56,"آية (1): ""فبكر يربعل اي جدعون وكل الشعب الذي معه ونزلوا على عين حرود وكان جيش المديانيين شماليهم عند تل مورة في الوادي.""
قضاة,7,57,"آية (1): ""فبكر يربعل اي جدعون وكل الشعب الذي معه ونزلوا على عين حرود وكان جيش المديانيين شماليهم عند تل مورة في الوادي.""
قضاة,7,58,"آية (1): ""فبكر يربعل اي جدعون وكل الشعب الذي معه ونزلوا على عين حرود وكان جيش المديانيين شماليهم عند تل مورة في الوادي.""
قضاة,7,59,"آية (1): ""فبكر يربعل اي جدعون وكل الشعب الذي معه ونزلوا على عين حرود وكان جيش المديانيين شماليهم عند تل مورة في الوادي.""
قضاة,7,60,"آية (1): ""فبكر يربعل اي جدعون وكل الشعب الذي معه ونزلوا على عين حرود وكان جيش المديانيين شماليهم عند تل مورة في الوادي.""
قضاة,7,61,"آية (1): ""فبكر يربعل اي جدعون وكل الشعب الذي معه ونزلوا على عين حرود وكان جيش المديانيين شماليهم عند تل مورة في الوادي.""
قضاة,7,62,"آية (1): ""فبكر يربعل اي جدعون وكل الشعب الذي معه ونزلوا على عين حرود وكان جيش المديانيين شماليهم عند تل مورة في الوادي.""
قضاة,7,63,"آية (1): ""فبكر يربعل اي جدعون وكل الشعب الذي معه ونزلوا على عين حرود وكان جيش المديانيين شماليهم عند تل مورة في الوادي.""
قضاة,7,64,"آية (1): ""فبكر يربعل اي جدعون وكل الشعب الذي معه ونزلوا على عين حرود وكان جيش المديانيين شماليهم عند تل مورة في الوادي.""
قضاة,7,65,"آية (1): ""فبكر يربعل اي جدعون وكل الشعب الذي معه ونزلوا على عين حرود وكان جيش المديانيين شماليهم عند تل مورة في الوادي.""
قضاة,7,66,"آية (1): ""فبكر يربعل اي جدعون وكل الشعب الذي معه ونزلوا على عين حرود وكان جيش المديانيين شماليهم عند تل مورة في الوادي.""
قضاة,7,67,"آية (1): ""فبكر يربعل اي جدعون وكل الشعب الذي معه ونزلوا على عين حرود وكان جيش المديانيين شماليهم عند تل مورة في الوادي.""
قضاة,7,68,"آية (1): ""فبكر يربعل اي جدعون وكل الشعب الذي معه ونزلوا على عين حرود وكان جيش المديانيين شماليهم عند تل مورة في الوادي.""
قضاة,7,69,"آية (1): ""فبكر يربعل اي جدعون وكل الشعب الذي معه ونزلوا على عين حرود وكان جيش المديانيين شماليهم عند تل مورة في الوادي.""
قضاة,7,70,"آية (1): ""فبكر يربعل اي جدعون وكل الشعب الذي معه ونزلوا على عين حرود وكان جيش المديانيين شماليهم عند تل مورة في الوادي.""
قضاة,7,71,"آية (1): ""فبكر يربعل اي جدعون وكل الشعب الذي معه ونزلوا على عين حرود وكان جيش المديانيين شماليهم عند تل مورة في الوادي.""
قضاة,7,72,"آية (1): ""فبكر يربعل اي جدعون وكل الشعب الذي معه ونزلوا على عين حرود وكان جيش المديانيين شماليهم عند تل مورة في الوادي.""
قضاة,7,73,"آية (1): ""فبكر يربعل اي جدعون وكل الشعب الذي معه ونزلوا على عين حرود وكان جيش المديانيين شماليهم عند تل مورة في الوادي.""
قضاة,7,74,"آية (1): ""فبكر يربعل اي جدعون وكل الشعب الذي معه ونزلوا على عين حرود وكان جيش المديانيين شماليهم عند تل مورة في الوادي.""
قضاة,7,75,"آية (1): ""فبكر يربعل اي جدعون وكل الشعب الذي معه ونزلوا على عين حرود وكان جيش المديانيين شماليهم عند تل مورة في الوادي.""
قضاة,7,76,"آية (1): ""فبكر يربعل اي جدعون وكل الشعب الذي معه ونزلوا على عين حرود وكان جيش المديانيين شماليهم عند تل مورة في الوادي.""
قضاة,7,77,"آية (1): ""فبكر يربعل اي جدعون وكل الشعب الذي معه ونزلوا على عين حرود وكان جيش المديانيين شماليهم عند تل مورة في الوادي.""
قضاة,7,78,"آية (1): ""فبكر يربعل اي جدعون وكل الشعب الذي معه ونزلوا على عين حرود وكان جيش المديانيين شماليهم عند تل مورة في الوادي.""
قضاة,7,79,"آية (1): ""فبكر يربعل اي جدعون وكل الشعب الذي معه ونزلوا على عين حرود وكان جيش المديانيين شماليهم عند تل مورة في الوادي.""
قضاة,7,80,"آية (1): ""فبكر يربعل اي جدعون وكل الشعب الذي معه ونزلوا على عين حرود وكان جيش المديانيين شماليهم عند تل مورة في الوادي.""
قضاة,7,81,"آية (1): ""فبكر يربعل اي جدعون وكل الشعب الذي معه ونزلوا على عين حرود وكان جيش المديانيين شماليهم عند تل مورة في الوادي.""
قضاة,7,82,"آية (1): ""فبكر يربعل اي جدعون وكل الشعب الذي معه ونزلوا على عين حرود وكان جيش المديانيين شماليهم عند تل مورة في الوادي.""
قضاة,7,83,"آية (1): ""فبكر يربعل اي جدعون وكل الشعب الذي معه ونزلوا على عين حرود وكان جيش المديانيين شماليهم عند تل مورة في الوادي.""
قضاة,7,84,"آية (1): ""فبكر يربعل اي جدعون وكل الشعب الذي معه ونزلوا على عين حرود وكان جيش المديانيين شماليهم عند تل مورة في الوادي.""
قضاة,7,85,"آية (1): ""فبكر يربعل اي جدعون وكل الشعب الذي معه ونزلوا على عين حرود وكان جيش المديانيين شماليهم عند تل مورة في الوادي.""
قضاة,7,86,"آية (1): ""فبكر يربعل اي جدعون وكل الشعب الذي معه ونزلوا على عين حرود وكان جيش المديانيين شماليهم عند تل مورة في الوادي.""
قضاة,7,87,"آية (1): ""فبكر يربعل اي جدعون وكل الشعب الذي معه ونزلوا على عين حرود وكان جيش المديانيين شماليهم عند تل مورة في الوادي.""
قضاة,7,88,"آية (1): ""فبكر يربعل اي جدعون وكل الشعب الذي معه ونزلوا على عين حرود وكان جيش المديانيين شماليهم عند تل مورة في الوادي.""
قضاة,7,89,"آية (1): ""فبكر يربعل اي جدعون وكل الشعب الذي معه ونزلوا على عين حرود وكان جيش المديانيين شماليهم عند تل مورة في الوادي.""
قضاة,7,90,"آية (1): ""فبكر يربعل اي جدعون وكل الشعب الذي معه ونزلوا على عين حرود وكان جيش المديانيين شماليهم عند تل مورة في الوادي.""
قضاة,7,91,"آية (1): ""فبكر يربعل اي جدعون وكل الشعب الذي معه ونزلوا على عين حرود وكان جيش المديانيين شماليهم عند تل مورة في الوادي.""
قضاة,7,92,"آية (1): ""فبكر يربعل اي جدعون وكل الشعب الذي معه ونزلوا على عين حرود وكان جيش المديانيين شماليهم عند تل مورة في الوادي.""
قضاة,7,93,"آية (1): ""فبكر يربعل اي جدعون وكل الشعب الذي معه ونزلوا على عين حرود وكان جيش المديانيين شماليهم عند تل مورة في الوادي.""
قضاة,7,94,"آية (1): ""فبكر يربعل اي جدعون وكل الشعب الذي معه ونزلوا على عين حرود وكان جيش المديانيين شماليهم عند تل مورة في الوادي.""
قضاة,7,95,"آية (1): ""فبكر يربعل اي جدعون وكل الشعب الذي معه ونزلوا على عين حرود وكان جيش المديانيين شماليهم عند تل مورة في الوادي.""
قضاة,7,96,"آية (1): ""فبكر يربعل اي جدعون وكل الشعب الذي معه ونزلوا على عين حرود وكان جيش المديانيين شماليهم عند تل مورة في الوادي.""
قضاة,7,97,"آية (1): ""فبكر يربعل اي جدعون وكل الشعب الذي معه ونزلوا على عين حرود وكان جيش المديانيين شماليهم عند تل مورة في الوادي.""
قضاة,7,98,"آية (1): ""فبكر يربعل اي جدعون وكل الشعب الذي معه ونزلوا على عين حرود وكان جيش المديانيين شماليهم عند تل مورة في الوادي.""
قضاة,7,99,"آية (1): ""فبكر يربعل اي جدعون وكل الشعب الذي معه ونزلوا على عين حرود وكان جيش المديانيين شماليهم عند تل مورة في الوادي.""
قضاة,8,1,"آية (1): ""وقال له رجال افرايم ما هذا الأمر الذي فعلت بنا إذ لم تدعنا عند ذهابك لمحاربة المديانيين وخاصموه بشدة.""
قضاة,8,2,"آية (1): ""وقال له رجال افرايم ما هذا الأمر الذي فعلت بنا إذ لم تدعنا عند ذهابك لمحاربة المديانيين وخاصموه بشدة.""
قضاة,8,3,"آية (1): ""وقال له رجال افرايم ما هذا الأمر الذي فعلت بنا إذ لم تدعنا عند ذهابك لمحاربة المديانيين وخاصموه بشدة.""
قضاة,8,4,"آية (1): ""وقال له رجال افرايم ما هذا الأمر الذي فعلت بنا إذ لم تدعنا عند ذهابك لمحاربة المديانيين وخاصموه بشدة.""
قضاة,8,5,"آية (1): ""وقال له رجال افرايم ما هذا الأمر الذي فعلت بنا إذ لم تدعنا عند ذهابك لمحاربة المديانيين وخاصموه بشدة.""
قضاة,8,6,"آية (1): ""وقال له رجال افرايم ما هذا الأمر الذي فعلت بنا إذ لم تدعنا عند ذهابك لمحاربة المديانيين وخاصموه بشدة.""
قضاة,8,7,"آية (1): ""وقال له رجال افرايم ما هذا الأمر الذي فعلت بنا إذ لم تدعنا عند ذهابك لمحاربة المديانيين وخاصموه بشدة.""
قضاة,8,8,"آية (1): ""وقال له رجال افرايم ما هذا الأمر الذي فعلت بنا إذ لم تدعنا عند ذهابك لمحاربة المديانيين وخاصموه بشدة.""
قضاة,8,9,"آية (1): ""وقال له رجال افرايم ما هذا الأمر الذي فعلت بنا إذ لم تدعنا عند ذهابك لمحاربة المديانيين وخاصموه بشدة.""
قضاة,8,10,"آية (1): ""وقال له رجال افرايم ما هذا الأمر الذي فعلت بنا إذ لم تدعنا عند ذهابك لمحاربة المديانيين وخاصموه بشدة.""
قضاة,8,11,"آية (1): ""وقال له رجال افرايم ما هذا الأمر الذي فعلت بنا إذ لم تدعنا عند ذهابك لمحاربة المديانيين وخاصموه بشدة.""
قضاة,8,12,"آية (1): ""وقال له رجال افرايم ما هذا الأمر الذي فعلت بنا إذ لم تدعنا عند ذهابك لمحاربة المديانيين وخاصموه بشدة.""
قضاة,8,13,"آية (1): ""وقال له رجال افرايم ما هذا الأمر الذي فعلت بنا إذ لم تدعنا عند ذهابك لمحاربة المديانيين وخاصموه بشدة.""
قضاة,8,14,"آية (1): ""وقال له رجال افرايم ما هذا الأمر الذي فعلت بنا إذ لم تدعنا عند ذهابك لمحاربة المديانيين وخاصموه بشدة.""
قضاة,8,15,"آية (1): ""وقال له رجال افرايم ما هذا الأمر الذي فعلت بنا إذ لم تدعنا عند ذهابك لمحاربة المديانيين وخاصموه بشدة.""
قضاة,8,16,"آية (1): ""وقال له رجال افرايم ما هذا الأمر الذي فعلت بنا إذ لم تدعنا عند ذهابك لمحاربة المديانيين وخاصموه بشدة.""
قضاة,8,17,"آية (1): ""وقال له رجال افرايم ما هذا الأمر الذي فعلت بنا إذ لم تدعنا عند ذهابك لمحاربة المديانيين وخاصموه بشدة.""
قضاة,8,18,"آية (1): ""وقال له رجال افرايم ما هذا الأمر الذي فعلت بنا إذ لم تدعنا عند ذهابك لمحاربة المديانيين وخاصموه بشدة.""
قضاة,8,19,"آية (1): ""وقال له رجال افرايم ما هذا الأمر الذي فعلت بنا إذ لم تدعنا عند ذهابك لمحاربة المديانيين وخاصموه بشدة.""
قضاة,8,20,"آية (1): ""وقال له رجال افرايم ما هذا الأمر الذي فعلت بنا إذ لم تدعنا عند ذهابك لمحاربة المديانيين وخاصموه بشدة.""
قضاة,8,21,"آية (1): ""وقال له رجال افرايم ما هذا الأمر الذي فعلت بنا إذ لم تدعنا عند ذهابك لمحاربة المديانيين وخاصموه بشدة.""
قضاة,8,22,"آية (1): ""وقال له رجال افرايم ما هذا الأمر الذي فعلت بنا إذ لم تدعنا عند ذهابك لمحاربة المديانيين وخاصموه بشدة.""
قضاة,8,23,"آية (1): ""وقال له رجال افرايم ما هذا الأمر الذي فعلت بنا إذ لم تدعنا عند ذهابك لمحاربة المديانيين وخاصموه بشدة.""
قضاة,8,24,"آية (1): ""وقال له رجال افرايم ما هذا الأمر الذي فعلت بنا إذ لم تدعنا عند ذهابك لمحاربة المديانيين وخاصموه بشدة.""
قضاة,8,25,"آية (1): ""وقال له رجال افرايم ما هذا الأمر الذي فعلت بنا إذ لم تدعنا عند ذهابك لمحاربة المديانيين وخاصموه بشدة.""
قضاة,8,26,"آية (1): ""وقال له رجال افرايم ما هذا الأمر الذي فعلت بنا إذ لم تدعنا عند ذهابك لمحاربة المديانيين وخاصموه بشدة.""
قضاة,8,27,"آية (1): ""وقال له رجال افرايم ما هذا الأمر الذي فعلت بنا إذ لم تدعنا عند ذهابك لمحاربة المديانيين وخاصموه بشدة.""
قضاة,8,28,"آية (1): ""وقال له رجال افرايم ما هذا الأمر الذي فعلت بنا إذ لم تدعنا عند ذهابك لمحاربة المديانيين وخاصموه بشدة.""
قضاة,8,29,"آية (1): ""وقال له رجال افرايم ما هذا الأمر الذي فعلت بنا إذ لم تدعنا عند ذهابك لمحاربة المديانيين وخاصموه بشدة.""
قضاة,8,30,"آية (1): ""وقال له رجال افرايم ما هذا الأمر الذي فعلت بنا إذ لم تدعنا عند ذهابك لمحاربة المديانيين وخاصموه بشدة.""
قضاة,8,31,"آية (1): ""وقال له رجال افرايم ما هذا الأمر الذي فعلت بنا إذ لم تدعنا عند ذهابك لمحاربة المديانيين وخاصموه بشدة.""
قضاة,8,32,"آية (1): ""وقال له رجال افرايم ما هذا الأمر الذي فعلت بنا إذ لم تدعنا عند ذهابك لمحاربة المديانيين وخاصموه بشدة.""
قضاة,8,33,"آية (1): ""وقال له رجال افرايم ما هذا الأمر الذي فعلت بنا إذ لم تدعنا عند ذهابك لمحاربة المديانيين وخاصموه بشدة.""
قضاة,8,34,"آية (1): ""وقال له رجال افرايم ما هذا الأمر الذي فعلت بنا إذ لم تدعنا عند ذهابك لمحاربة المديانيين وخاصموه بشدة.""
قضاة,8,35,"آية (1): ""وقال له رجال افرايم ما هذا الأمر الذي فعلت بنا إذ لم تدعنا عند ذهابك لمحاربة المديانيين وخاصموه بشدة.""
قضاة,8,36,"آية (1): ""وقال له رجال افرايم ما هذا الأمر الذي فعلت بنا إذ لم تدعنا عند ذهابك لمحاربة المديانيين وخاصموه بشدة.""
قضاة,8,37,"آية (1): ""وقال له رجال افرايم ما هذا الأمر الذي فعلت بنا إذ لم تدعنا عند ذهابك لمحاربة المديانيين وخاصموه بشدة.""
قضاة,8,38,"آية (1): ""وقال له رجال افرايم ما هذا الأمر الذي فعلت بنا إذ لم تدعنا عند ذهابك لمحاربة المديانيين وخاصموه بشدة.""
قضاة,8,39,"آية (1): ""وقال له رجال افرايم ما هذا الأمر الذي فعلت بنا إذ لم تدعنا عند ذهابك لمحاربة المديانيين وخاصموه بشدة.""
قضاة,8,40,"آية (1): ""وقال له رجال افرايم ما هذا الأمر الذي فعلت بنا إذ لم تدعنا عند ذهابك لمحاربة المديانيين وخاصموه بشدة.""
قضاة,8,41,"آية (1): ""وقال له رجال افرايم ما هذا الأمر الذي فعلت بنا إذ لم تدعنا عند ذهابك لمحاربة المديانيين وخاصموه بشدة.""
قضاة,8,42,"آية (1): ""وقال له رجال افرايم ما هذا الأمر الذي فعلت بنا إذ لم تدعنا عند ذهابك لمحاربة المديانيين وخاصموه بشدة.""
قضاة,8,43,"آية (1): ""وقال له رجال افرايم ما هذا الأمر الذي فعلت بنا إذ لم تدعنا عند ذهابك لمحاربة المديانيين وخاصموه بشدة.""
قضاة,8,44,"آية (1): ""وقال له رجال افرايم ما هذا الأمر الذي فعلت بنا إذ لم تدعنا عند ذهابك لمحاربة المديانيين وخاصموه بشدة.""
قضاة,8,45,"آية (1): ""وقال له رجال افرايم ما هذا الأمر الذي فعلت بنا إذ لم تدعنا عند ذهابك لمحاربة المديانيين وخاصموه بشدة.""
قضاة,8,46,"آية (1): ""وقال له رجال افرايم ما هذا الأمر الذي فعلت بنا إذ لم تدعنا عند ذهابك لمحاربة المديانيين وخاصموه بشدة.""
قضاة,8,47,"آية (1): ""وقال له رجال افرايم ما هذا الأمر الذي فعلت بنا إذ لم تدعنا عند ذهابك لمحاربة المديانيين وخاصموه بشدة.""
قضاة,8,48,"آية (1): ""وقال له رجال افرايم ما هذا الأمر الذي فعلت بنا إذ لم تدعنا عند ذهابك لمحاربة المديانيين وخاصموه بشدة.""
قضاة,8,49,"آية (1): ""وقال له رجال افرايم ما هذا الأمر الذي فعلت بنا إذ لم تدعنا عند ذهابك لمحاربة المديانيين وخاصموه بشدة.""
قضاة,8,50,"آية (1): ""وقال له رجال افرايم ما هذا الأمر الذي فعلت بنا إذ لم تدعنا عند ذهابك لمحاربة المديانيين وخاصموه بشدة.""
قضاة,8,51,"آية (1): ""وقال له رجال افرايم ما هذا الأمر الذي فعلت بنا إذ لم تدعنا عند ذهابك لمحاربة المديانيين وخاصموه بشدة.""
قضاة,8,52,"آية (1): ""وقال له رجال افرايم ما هذا الأمر الذي فعلت بنا إذ لم تدعنا عند ذهابك لمحاربة المديانيين وخاصموه بشدة.""
قضاة,8,53,"آية (1): ""وقال له رجال افرايم ما هذا الأمر الذي فعلت بنا إذ لم تدعنا عند ذهابك لمحاربة المديانيين وخاصموه بشدة.""
قضاة,8,54,"آية (1): ""وقال له رجال افرايم ما هذا الأمر الذي فعلت بنا إذ لم تدعنا عند ذهابك لمحاربة المديانيين وخاصموه بشدة.""
قضاة,8,55,"آية (1): ""وقال له رجال افرايم ما هذا الأمر الذي فعلت بنا إذ لم تدعنا عند ذهابك لمحاربة المديانيين وخاصموه بشدة.""
قضاة,8,56,"آية (1): ""وقال له رجال افرايم ما هذا الأمر الذي فعلت بنا إذ لم تدعنا عند ذهابك لمحاربة المديانيين وخاصموه بشدة.""
قضاة,8,57,"آية (1): ""وقال له رجال افرايم ما هذا الأمر الذي فعلت بنا إذ لم تدعنا عند ذهابك لمحاربة المديانيين وخاصموه بشدة.""
قضاة,8,58,"آية (1): ""وقال له رجال افرايم ما هذا الأمر الذي فعلت بنا إذ لم تدعنا عند ذهابك لمحاربة المديانيين وخاصموه بشدة.""
قضاة,8,59,"آية (1): ""وقال له رجال افرايم ما هذا الأمر الذي فعلت بنا إذ لم تدعنا عند ذهابك لمحاربة المديانيين وخاصموه بشدة.""
قضاة,8,60,"آية (1): ""وقال له رجال افرايم ما هذا الأمر الذي فعلت بنا إذ لم تدعنا عند ذهابك لمحاربة المديانيين وخاصموه بشدة.""
قضاة,8,61,"آية (1): ""وقال له رجال افرايم ما هذا الأمر الذي فعلت بنا إذ لم تدعنا عند ذهابك لمحاربة المديانيين وخاصموه بشدة.""
قضاة,8,62,"آية (1): ""وقال له رجال افرايم ما هذا الأمر الذي فعلت بنا إذ لم تدعنا عند ذهابك لمحاربة المديانيين وخاصموه بشدة.""
قضاة,8,63,"آية (1): ""وقال له رجال افرايم ما هذا الأمر الذي فعلت بنا إذ لم تدعنا عند ذهابك لمحاربة المديانيين وخاصموه بشدة.""
قضاة,8,64,"آية (1): ""وقال له رجال افرايم ما هذا الأمر الذي فعلت بنا إذ لم تدعنا عند ذهابك لمحاربة المديانيين وخاصموه بشدة.""
قضاة,8,65,"آية (1): ""وقال له رجال افرايم ما هذا الأمر الذي فعلت بنا إذ لم تدعنا عند ذهابك لمحاربة المديانيين وخاصموه بشدة.""
قضاة,8,66,"آية (1): ""وقال له رجال افرايم ما هذا الأمر الذي فعلت بنا إذ لم تدعنا عند ذهابك لمحاربة المديانيين وخاصموه بشدة.""
قضاة,8,67,"آية (1): ""وقال له رجال افرايم ما هذا الأمر الذي فعلت بنا إذ لم تدعنا عند ذهابك لمحاربة المديانيين وخاصموه بشدة.""
قضاة,8,68,"آية (1): ""وقال له رجال افرايم ما هذا الأمر الذي فعلت بنا إذ لم تدعنا عند ذهابك لمحاربة المديانيين وخاصموه بشدة.""
قضاة,8,69,"آية (1): ""وقال له رجال افرايم ما هذا الأمر الذي فعلت بنا إذ لم تدعنا عند ذهابك لمحاربة المديانيين وخاصموه بشدة.""
قضاة,8,70,"آية (1): ""وقال له رجال افرايم ما هذا الأمر الذي فعلت بنا إذ لم تدعنا عند ذهابك لمحاربة المديانيين وخاصموه بشدة.""
قضاة,8,71,"آية (1): ""وقال له رجال افرايم ما هذا الأمر الذي فعلت بنا إذ لم تدعنا عند ذهابك لمحاربة المديانيين وخاصموه بشدة.""
قضاة,8,72,"آية (1): ""وقال له رجال افرايم ما هذا الأمر الذي فعلت بنا إذ لم تدعنا عند ذهابك لمحاربة المديانيين وخاصموه بشدة.""
قضاة,8,73,"آية (1): ""وقال له رجال افرايم ما هذا الأمر الذي فعلت بنا إذ لم تدعنا عند ذهابك لمحاربة المديانيين وخاصموه بشدة.""
قضاة,8,74,"آية (1): ""وقال له رجال افرايم ما هذا الأمر الذي فعلت بنا إذ لم تدعنا عند ذهابك لمحاربة المديانيين وخاصموه بشدة.""
قضاة,8,75,"آية (1): ""وقال له رجال افرايم ما هذا الأمر الذي فعلت بنا إذ لم تدعنا عند ذهابك لمحاربة المديانيين وخاصموه بشدة.""
قضاة,8,76,"آية (1): ""وقال له رجال افرايم ما هذا الأمر الذي فعلت بنا إذ لم تدعنا عند ذهابك لمحاربة المديانيين وخاصموه بشدة.""
قضاة,8,77,"آية (1): ""وقال له رجال افرايم ما هذا الأمر الذي فعلت بنا إذ لم تدعنا عند ذهابك لمحاربة المديانيين وخاصموه بشدة.""
قضاة,8,78,"آية (1): ""وقال له رجال افرايم ما هذا الأمر الذي فعلت بنا إذ لم تدعنا عند ذهابك لمحاربة المديانيين وخاصموه بشدة.""
قضاة,8,79,"آية (1): ""وقال له رجال افرايم ما هذا الأمر الذي فعلت بنا إذ لم تدعنا عند ذهابك لمحاربة المديانيين وخاصموه بشدة.""
قضاة,8,80,"آية (1): ""وقال له رجال افرايم ما هذا الأمر الذي فعلت بنا إذ لم تدعنا عند ذهابك لمحاربة المديانيين وخاصموه بشدة.""
قضاة,8,81,"آية (1): ""وقال له رجال افرايم ما هذا الأمر الذي فعلت بنا إذ لم تدعنا عند ذهابك لمحاربة المديانيين وخاصموه بشدة.""
قضاة,8,82,"آية (1): ""وقال له رجال افرايم ما هذا الأمر الذي فعلت بنا إذ لم تدعنا عند ذهابك لمحاربة المديانيين وخاصموه بشدة.""
قضاة,8,83,"آية (1): ""وقال له رجال افرايم ما هذا الأمر الذي فعلت بنا إذ لم تدعنا عند ذهابك لمحاربة المديانيين وخاصموه بشدة.""
قضاة,8,84,"آية (1): ""وقال له رجال افرايم ما هذا الأمر الذي فعلت بنا إذ لم تدعنا عند ذهابك لمحاربة المديانيين وخاصموه بشدة.""
قضاة,8,85,"آية (1): ""وقال له رجال افرايم ما هذا الأمر الذي فعلت بنا إذ لم تدعنا عند ذهابك لمحاربة المديانيين وخاصموه بشدة.""
قضاة,8,86,"آية (1): ""وقال له رجال افرايم ما هذا الأمر الذي فعلت بنا إذ لم تدعنا عند ذهابك لمحاربة المديانيين وخاصموه بشدة.""
قضاة,8,87,"آية (1): ""وقال له رجال افرايم ما هذا الأمر الذي فعلت بنا إذ لم تدعنا عند ذهابك لمحاربة المديانيين وخاصموه بشدة.""
قضاة,8,88,"آية (1): ""وقال له رجال افرايم ما هذا الأمر الذي فعلت بنا إذ لم تدعنا عند ذهابك لمحاربة المديانيين وخاصموه بشدة.""
قضاة,8,89,"آية (1): ""وقال له رجال افرايم ما هذا الأمر الذي فعلت بنا إذ لم تدعنا عند ذهابك لمحاربة المديانيين وخاصموه بشدة.""
قضاة,8,90,"آية (1): ""وقال له رجال افرايم ما هذا الأمر الذي فعلت بنا إذ لم تدعنا عند ذهابك لمحاربة المديانيين وخاصموه بشدة.""
قضاة,8,91,"آية (1): ""وقال له رجال افرايم ما هذا الأمر الذي فعلت بنا إذ لم تدعنا عند ذهابك لمحاربة المديانيين وخاصموه بشدة.""
قضاة,8,92,"آية (1): ""وقال له رجال افرايم ما هذا الأمر الذي فعلت بنا إذ لم تدعنا عند ذهابك لمحاربة المديانيين وخاصموه بشدة.""
قضاة,8,93,"آية (1): ""وقال له رجال افرايم ما هذا الأمر الذي فعلت بنا إذ لم تدعنا عند ذهابك لمحاربة المديانيين وخاصموه بشدة.""
قضاة,8,94,"آية (1): ""وقال له رجال افرايم ما هذا الأمر الذي فعلت بنا إذ لم تدعنا عند ذهابك لمحاربة المديانيين وخاصموه بشدة.""
قضاة,8,95,"آية (1): ""وقال له رجال افرايم ما هذا الأمر الذي فعلت بنا إذ لم تدعنا عند ذهابك لمحاربة المديانيين وخاصموه بشدة.""
قضاة,8,96,"آية (1): ""وقال له رجال افرايم ما هذا الأمر الذي فعلت بنا إذ لم تدعنا عند ذهابك لمحاربة المديانيين وخاصموه بشدة.""
قضاة,8,97,"آية (1): ""وقال له رجال افرايم ما هذا الأمر الذي فعلت بنا إذ لم تدعنا عند ذهابك لمحاربة المديانيين وخاصموه بشدة.""
قضاة,8,98,"آية (1): ""وقال له رجال افرايم ما هذا الأمر الذي فعلت بنا إذ لم تدعنا عند ذهابك لمحاربة المديانيين وخاصموه بشدة.""
قضاة,8,99,"آية (1): ""وقال له رجال افرايم ما هذا الأمر الذي فعلت بنا إذ لم تدعنا عند ذهابك لمحاربة المديانيين وخاصموه بشدة.""
قضاة,9,1,"الآيات (1-2): ""ذهب ابيمالك بن يربعل إلى شكيم إلى اخوة أمه وكلمهم وجميع عشيرة بيت أبى أمه قائلا. تكلموا الآن في أذان جميع أهل شكيم أيما هو خير لكم اان يتسلط عليكم سبعون رجلا جميع بني يربعل أم أن يتسلط عليكم رجل واحد واذكروا أنى أنا عظمكم ولحمكم.""
قضاة,9,2,"الآيات (1-2): ""ذهب ابيمالك بن يربعل إلى شكيم إلى اخوة أمه وكلمهم وجميع عشيرة بيت أبى أمه قائلا. تكلموا الآن في أذان جميع أهل شكيم أيما هو خير لكم اان يتسلط عليكم سبعون رجلا جميع بني يربعل أم أن يتسلط عليكم رجل واحد واذكروا أنى أنا عظمكم ولحمكم.""
قضاة,9,3,"الآيات (1-2): ""ذهب ابيمالك بن يربعل إلى شكيم إلى اخوة أمه وكلمهم وجميع عشيرة بيت أبى أمه قائلا. تكلموا الآن في أذان جميع أهل شكيم أيما هو خير لكم اان يتسلط عليكم سبعون رجلا جميع بني يربعل أم أن يتسلط عليكم رجل واحد واذكروا أنى أنا عظمكم ولحمكم.""
قضاة,9,4,"الآيات (1-2): ""ذهب ابيمالك بن يربعل إلى شكيم إلى اخوة أمه وكلمهم وجميع عشيرة بيت أبى أمه قائلا. تكلموا الآن في أذان جميع أهل شكيم أيما هو خير لكم اان يتسلط عليكم سبعون رجلا جميع بني يربعل أم أن يتسلط عليكم رجل واحد واذكروا أنى أنا عظمكم ولحمكم.""
قضاة,9,5,"الآيات (1-2): ""ذهب ابيمالك بن يربعل إلى شكيم إلى اخوة أمه وكلمهم وجميع عشيرة بيت أبى أمه قائلا. تكلموا الآن في أذان جميع أهل شكيم أيما هو خير لكم اان يتسلط عليكم سبعون رجلا جميع بني يربعل أم أن يتسلط عليكم رجل واحد واذكروا أنى أنا عظمكم ولحمكم.""
قضاة,9,6,"الآيات (1-2): ""ذهب ابيمالك بن يربعل إلى شكيم إلى اخوة أمه وكلمهم وجميع عشيرة بيت أبى أمه قائلا. تكلموا الآن في أذان جميع أهل شكيم أيما هو خير لكم اان يتسلط عليكم سبعون رجلا جميع بني يربعل أم أن يتسلط عليكم رجل واحد واذكروا أنى أنا عظمكم ولحمكم.""
قضاة,9,7,"الآيات (1-2): ""ذهب ابيمالك بن يربعل إلى شكيم إلى اخوة أمه وكلمهم وجميع عشيرة بيت أبى أمه قائلا. تكلموا الآن في أذان جميع أهل شكيم أيما هو خير لكم اان يتسلط عليكم سبعون رجلا جميع بني يربعل أم أن يتسلط عليكم رجل واحد واذكروا أنى أنا عظمكم ولحمكم.""
قضاة,9,8,"الآيات (1-2): ""ذهب ابيمالك بن يربعل إلى شكيم إلى اخوة أمه وكلمهم وجميع عشيرة بيت أبى أمه قائلا. تكلموا الآن في أذان جميع أهل شكيم أيما هو خير لكم اان يتسلط عليكم سبعون رجلا جميع بني يربعل أم أن يتسلط عليكم رجل واحد واذكروا أنى أنا عظمكم ولحمكم.""
قضاة,9,9,"الآيات (1-2): ""ذهب ابيمالك بن يربعل إلى شكيم إلى اخوة أمه وكلمهم وجميع عشيرة بيت أبى أمه قائلا. تكلموا الآن في أذان جميع أهل شكيم أيما هو خير لكم اان يتسلط عليكم سبعون رجلا جميع بني يربعل أم أن يتسلط عليكم رجل واحد واذكروا أنى أنا عظمكم ولحمكم.""
قضاة,9,10,"الآيات (1-2): ""ذهب ابيمالك بن يربعل إلى شكيم إلى اخوة أمه وكلمهم وجميع عشيرة بيت أبى أمه قائلا. تكلموا الآن في أذان جميع أهل شكيم أيما هو خير لكم اان يتسلط عليكم سبعون رجلا جميع بني يربعل أم أن يتسلط عليكم رجل واحد واذكروا أنى أنا عظمكم ولحمكم.""
قضاة,9,11,"الآيات (1-2): ""ذهب ابيمالك بن يربعل إلى شكيم إلى اخوة أمه وكلمهم وجميع عشيرة بيت أبى أمه قائلا. تكلموا الآن في أذان جميع أهل شكيم أيما هو خير لكم اان يتسلط عليكم سبعون رجلا جميع بني يربعل أم أن يتسلط عليكم رجل واحد واذكروا أنى أنا عظمكم ولحمكم.""
قضاة,9,12,"الآيات (1-2): ""ذهب ابيمالك بن يربعل إلى شكيم إلى اخوة أمه وكلمهم وجميع عشيرة بيت أبى أمه قائلا. تكلموا الآن في أذان جميع أهل شكيم أيما هو خير لكم اان يتسلط عليكم سبعون رجلا جميع بني يربعل أم أن يتسلط عليكم رجل واحد واذكروا أنى أنا عظمكم ولحمكم.""
قضاة,9,13,"الآيات (1-2): ""ذهب ابيمالك بن يربعل إلى شكيم إلى اخوة أمه وكلمهم وجميع عشيرة بيت أبى أمه قائلا. تكلموا الآن في أذان جميع أهل شكيم أيما هو خير لكم اان يتسلط عليكم سبعون رجلا جميع بني يربعل أم أن يتسلط عليكم رجل واحد واذكروا أنى أنا عظمكم ولحمكم.""
قضاة,9,14,"الآيات (1-2): ""ذهب ابيمالك بن يربعل إلى شكيم إلى اخوة أمه وكلمهم وجميع عشيرة بيت أبى أمه قائلا. تكلموا الآن في أذان جميع أهل شكيم أيما هو خير لكم اان يتسلط عليكم سبعون رجلا جميع بني يربعل أم أن يتسلط عليكم رجل واحد واذكروا أنى أنا عظمكم ولحمكم.""
قضاة,9,15,"الآيات (1-2): ""ذهب ابيمالك بن يربعل إلى شكيم إلى اخوة أمه وكلمهم وجميع عشيرة بيت أبى أمه قائلا. تكلموا الآن في أذان جميع أهل شكيم أيما هو خير لكم اان يتسلط عليكم سبعون رجلا جميع بني يربعل أم أن يتسلط عليكم رجل واحد واذكروا أنى أنا عظمكم ولحمكم.""
قضاة,9,16,"الآيات (1-2): ""ذهب ابيمالك بن يربعل إلى شكيم إلى اخوة أمه وكلمهم وجميع عشيرة بيت أبى أمه قائلا. تكلموا الآن في أذان جميع أهل شكيم أيما هو خير لكم اان يتسلط عليكم سبعون رجلا جميع بني يربعل أم أن يتسلط عليكم رجل واحد واذكروا أنى أنا عظمكم ولحمكم.""
قضاة,9,17,"الآيات (1-2): ""ذهب ابيمالك بن يربعل إلى شكيم إلى اخوة أمه وكلمهم وجميع عشيرة بيت أبى أمه قائلا. تكلموا الآن في أذان جميع أهل شكيم أيما هو خير لكم اان يتسلط عليكم سبعون رجلا جميع بني يربعل أم أن يتسلط عليكم رجل واحد واذكروا أنى أنا عظمكم ولحمكم.""
قضاة,9,18,"الآيات (1-2): ""ذهب ابيمالك بن يربعل إلى شكيم إلى اخوة أمه وكلمهم وجميع عشيرة بيت أبى أمه قائلا. تكلموا الآن في أذان جميع أهل شكيم أيما هو خير لكم اان يتسلط عليكم سبعون رجلا جميع بني يربعل أم أن يتسلط عليكم رجل واحد واذكروا أنى أنا عظمكم ولحمكم.""
قضاة,9,19,"الآيات (1-2): ""ذهب ابيمالك بن يربعل إلى شكيم إلى اخوة أمه وكلمهم وجميع عشيرة بيت أبى أمه قائلا. تكلموا الآن في أذان جميع أهل شكيم أيما هو خير لكم اان يتسلط عليكم سبعون رجلا جميع بني يربعل أم أن يتسلط عليكم رجل واحد واذكروا أنى أنا عظمكم ولحمكم.""
قضاة,9,20,"الآيات (1-2): ""ذهب ابيمالك بن يربعل إلى شكيم إلى اخوة أمه وكلمهم وجميع عشيرة بيت أبى أمه قائلا. تكلموا الآن في أذان جميع أهل شكيم أيما هو خير لكم اان يتسلط عليكم سبعون رجلا جميع بني يربعل أم أن يتسلط عليكم رجل واحد واذكروا أنى أنا عظمكم ولحمكم.""
قضاة,9,21,"الآيات (1-2): ""ذهب ابيمالك بن يربعل إلى شكيم إلى اخوة أمه وكلمهم وجميع عشيرة بيت أبى أمه قائلا. تكلموا الآن في أذان جميع أهل شكيم أيما هو خير لكم اان يتسلط عليكم سبعون رجلا جميع بني يربعل أم أن يتسلط عليكم رجل واحد واذكروا أنى أنا عظمكم ولحمكم.""
قضاة,9,22,"الآيات (1-2): ""ذهب ابيمالك بن يربعل إلى شكيم إلى اخوة أمه وكلمهم وجميع عشيرة بيت أبى أمه قائلا. تكلموا الآن في أذان جميع أهل شكيم أيما هو خير لكم اان يتسلط عليكم سبعون رجلا جميع بني يربعل أم أن يتسلط عليكم رجل واحد واذكروا أنى أنا عظمكم ولحمكم.""
قضاة,9,23,"الآيات (1-2): ""ذهب ابيمالك بن يربعل إلى شكيم إلى اخوة أمه وكلمهم وجميع عشيرة بيت أبى أمه قائلا. تكلموا الآن في أذان جميع أهل شكيم أيما هو خير لكم اان يتسلط عليكم سبعون رجلا جميع بني يربعل أم أن يتسلط عليكم رجل واحد واذكروا أنى أنا عظمكم ولحمكم.""
قضاة,9,24,"الآيات (1-2): ""ذهب ابيمالك بن يربعل إلى شكيم إلى اخوة أمه وكلمهم وجميع عشيرة بيت أبى أمه قائلا. تكلموا الآن في أذان جميع أهل شكيم أيما هو خير لكم اان يتسلط عليكم سبعون رجلا جميع بني يربعل أم أن يتسلط عليكم رجل واحد واذكروا أنى أنا عظمكم ولحمكم.""
قضاة,9,25,"الآيات (1-2): ""ذهب ابيمالك بن يربعل إلى شكيم إلى اخوة أمه وكلمهم وجميع عشيرة بيت أبى أمه قائلا. تكلموا الآن في أذان جميع أهل شكيم أيما هو خير لكم اان يتسلط عليكم سبعون رجلا جميع بني يربعل أم أن يتسلط عليكم رجل واحد واذكروا أنى أنا عظمكم ولحمكم.""
قضاة,9,26,"الآيات (1-2): ""ذهب ابيمالك بن يربعل إلى شكيم إلى اخوة أمه وكلمهم وجميع عشيرة بيت أبى أمه قائلا. تكلموا الآن في أذان جميع أهل شكيم أيما هو خير لكم اان يتسلط عليكم سبعون رجلا جميع بني يربعل أم أن يتسلط عليكم رجل واحد واذكروا أنى أنا عظمكم ولحمكم.""
قضاة,9,27,"الآيات (1-2): ""ذهب ابيمالك بن يربعل إلى شكيم إلى اخوة أمه وكلمهم وجميع عشيرة بيت أبى أمه قائلا. تكلموا الآن في أذان جميع أهل شكيم أيما هو خير لكم اان يتسلط عليكم سبعون رجلا جميع بني يربعل أم أن يتسلط عليكم رجل واحد واذكروا أنى أنا عظمكم ولحمكم.""
قضاة,9,28,"الآيات (1-2): ""ذهب ابيمالك بن يربعل إلى شكيم إلى اخوة أمه وكلمهم وجميع عشيرة بيت أبى أمه قائلا. تكلموا الآن في أذان جميع أهل شكيم أيما هو خير لكم اان يتسلط عليكم سبعون رجلا جميع بني يربعل أم أن يتسلط عليكم رجل واحد واذكروا أنى أنا عظمكم ولحمكم.""
قضاة,9,29,"الآيات (1-2): ""ذهب ابيمالك بن يربعل إلى شكيم إلى اخوة أمه وكلمهم وجميع عشيرة بيت أبى أمه قائلا. تكلموا الآن في أذان جميع أهل شكيم أيما هو خير لكم اان يتسلط عليكم سبعون رجلا جميع بني يربعل أم أن يتسلط عليكم رجل واحد واذكروا أنى أنا عظمكم ولحمكم.""
قضاة,9,30,"الآيات (1-2): ""ذهب ابيمالك بن يربعل إلى شكيم إلى اخوة أمه وكلمهم وجميع عشيرة بيت أبى أمه قائلا. تكلموا الآن في أذان جميع أهل شكيم أيما هو خير لكم اان يتسلط عليكم سبعون رجلا جميع بني يربعل أم أن يتسلط عليكم رجل واحد واذكروا أنى أنا عظمكم ولحمكم.""
قضاة,9,31,"الآيات (1-2): ""ذهب ابيمالك بن يربعل إلى شكيم إلى اخوة أمه وكلمهم وجميع عشيرة بيت أبى أمه قائلا. تكلموا الآن في أذان جميع أهل شكيم أيما هو خير لكم اان يتسلط عليكم سبعون رجلا جميع بني يربعل أم أن يتسلط عليكم رجل واحد واذكروا أنى أنا عظمكم ولحمكم.""
قضاة,9,32,"الآيات (1-2): ""ذهب ابيمالك بن يربعل إلى شكيم إلى اخوة أمه وكلمهم وجميع عشيرة بيت أبى أمه قائلا. تكلموا الآن في أذان جميع أهل شكيم أيما هو خير لكم اان يتسلط عليكم سبعون رجلا جميع بني يربعل أم أن يتسلط عليكم رجل واحد واذكروا أنى أنا عظمكم ولحمكم.""
قضاة,9,33,"الآيات (1-2): ""ذهب ابيمالك بن يربعل إلى شكيم إلى اخوة أمه وكلمهم وجميع عشيرة بيت أبى أمه قائلا. تكلموا الآن في أذان جميع أهل شكيم أيما هو خير لكم اان يتسلط عليكم سبعون رجلا جميع بني يربعل أم أن يتسلط عليكم رجل واحد واذكروا أنى أنا عظمكم ولحمكم.""
قضاة,9,34,"الآيات (1-2): ""ذهب ابيمالك بن يربعل إلى شكيم إلى اخوة أمه وكلمهم وجميع عشيرة بيت أبى أمه قائلا. تكلموا الآن في أذان جميع أهل شكيم أيما هو خير لكم اان يتسلط عليكم سبعون رجلا جميع بني يربعل أم أن يتسلط عليكم رجل واحد واذكروا أنى أنا عظمكم ولحمكم.""
قضاة,9,35,"الآيات (1-2): ""ذهب ابيمالك بن يربعل إلى شكيم إلى اخوة أمه وكلمهم وجميع عشيرة بيت أبى أمه قائلا. تكلموا الآن في أذان جميع أهل شكيم أيما هو خير لكم اان يتسلط عليكم سبعون رجلا جميع بني يربعل أم أن يتسلط عليكم رجل واحد واذكروا أنى أنا عظمكم ولحمكم.""
قضاة,9,36,"الآيات (1-2): ""ذهب ابيمالك بن يربعل إلى شكيم إلى اخوة أمه وكلمهم وجميع عشيرة بيت أبى أمه قائلا. تكلموا الآن في أذان جميع أهل شكيم أيما هو خير لكم اان يتسلط عليكم سبعون رجلا جميع بني يربعل أم أن يتسلط عليكم رجل واحد واذكروا أنى أنا عظمكم ولحمكم.""
قضاة,9,37,"الآيات (1-2): ""ذهب ابيمالك بن يربعل إلى شكيم إلى اخوة أمه وكلمهم وجميع عشيرة بيت أبى أمه قائلا. تكلموا الآن في أذان جميع أهل شكيم أيما هو خير لكم اان يتسلط عليكم سبعون رجلا جميع بني يربعل أم أن يتسلط عليكم رجل واحد واذكروا أنى أنا عظمكم ولحمكم.""
قضاة,9,38,"الآيات (1-2): ""ذهب ابيمالك بن يربعل إلى شكيم إلى اخوة أمه وكلمهم وجميع عشيرة بيت أبى أمه قائلا. تكلموا الآن في أذان جميع أهل شكيم أيما هو خير لكم اان يتسلط عليكم سبعون رجلا جميع بني يربعل أم أن يتسلط عليكم رجل واحد واذكروا أنى أنا عظمكم ولحمكم.""
قضاة,9,39,"الآيات (1-2): ""ذهب ابيمالك بن يربعل إلى شكيم إلى اخوة أمه وكلمهم وجميع عشيرة بيت أبى أمه قائلا. تكلموا الآن في أذان جميع أهل شكيم أيما هو خير لكم اان يتسلط عليكم سبعون رجلا جميع بني يربعل أم أن يتسلط عليكم رجل واحد واذكروا أنى أنا عظمكم ولحمكم.""
قضاة,9,40,"الآيات (1-2): ""ذهب ابيمالك بن يربعل إلى شكيم إلى اخوة أمه وكلمهم وجميع عشيرة بيت أبى أمه قائلا. تكلموا الآن في أذان جميع أهل شكيم أيما هو خير لكم اان يتسلط عليكم سبعون رجلا جميع بني يربعل أم أن يتسلط عليكم رجل واحد واذكروا أنى أنا عظمكم ولحمكم.""
قضاة,9,41,"الآيات (1-2): ""ذهب ابيمالك بن يربعل إلى شكيم إلى اخوة أمه وكلمهم وجميع عشيرة بيت أبى أمه قائلا. تكلموا الآن في أذان جميع أهل شكيم أيما هو خير لكم اان يتسلط عليكم سبعون رجلا جميع بني يربعل أم أن يتسلط عليكم رجل واحد واذكروا أنى أنا عظمكم ولحمكم.""
قضاة,9,42,"الآيات (1-2): ""ذهب ابيمالك بن يربعل إلى شكيم إلى اخوة أمه وكلمهم وجميع عشيرة بيت أبى أمه قائلا. تكلموا الآن في أذان جميع أهل شكيم أيما هو خير لكم اان يتسلط عليكم سبعون رجلا جميع بني يربعل أم أن يتسلط عليكم رجل واحد واذكروا أنى أنا عظمكم ولحمكم.""
قضاة,9,43,"الآيات (1-2): ""ذهب ابيمالك بن يربعل إلى شكيم إلى اخوة أمه وكلمهم وجميع عشيرة بيت أبى أمه قائلا. تكلموا الآن في أذان جميع أهل شكيم أيما هو خير لكم اان يتسلط عليكم سبعون رجلا جميع بني يربعل أم أن يتسلط عليكم رجل واحد واذكروا أنى أنا عظمكم ولحمكم.""
قضاة,9,44,"الآيات (1-2): ""ذهب ابيمالك بن يربعل إلى شكيم إلى اخوة أمه وكلمهم وجميع عشيرة بيت أبى أمه قائلا. تكلموا الآن في أذان جميع أهل شكيم أيما هو خير لكم اان يتسلط عليكم سبعون رجلا جميع بني يربعل أم أن يتسلط عليكم رجل واحد واذكروا أنى أنا عظمكم ولحمكم.""
قضاة,9,45,"الآيات (1-2): ""ذهب ابيمالك بن يربعل إلى شكيم إلى اخوة أمه وكلمهم وجميع عشيرة بيت أبى أمه قائلا. تكلموا الآن في أذان جميع أهل شكيم أيما هو خير لكم اان يتسلط عليكم سبعون رجلا جميع بني يربعل أم أن يتسلط عليكم رجل واحد واذكروا أنى أنا عظمكم ولحمكم.""
قضاة,9,46,"الآيات (1-2): ""ذهب ابيمالك بن يربعل إلى شكيم إلى اخوة أمه وكلمهم وجميع عشيرة بيت أبى أمه قائلا. تكلموا الآن في أذان جميع أهل شكيم أيما هو خير لكم اان يتسلط عليكم سبعون رجلا جميع بني يربعل أم أن يتسلط عليكم رجل واحد واذكروا أنى أنا عظمكم ولحمكم.""
قضاة,9,47,"الآيات (1-2): ""ذهب ابيمالك بن يربعل إلى شكيم إلى اخوة أمه وكلمهم وجميع عشيرة بيت أبى أمه قائلا. تكلموا الآن في أذان جميع أهل شكيم أيما هو خير لكم اان يتسلط عليكم سبعون رجلا جميع بني يربعل أم أن يتسلط عليكم رجل واحد واذكروا أنى أنا عظمكم ولحمكم.""
قضاة,9,48,"الآيات (1-2): ""ذهب ابيمالك بن يربعل إلى شكيم إلى اخوة أمه وكلمهم وجميع عشيرة بيت أبى أمه قائلا. تكلموا الآن في أذان جميع أهل شكيم أيما هو خير لكم اان يتسلط عليكم سبعون رجلا جميع بني يربعل أم أن يتسلط عليكم رجل واحد واذكروا أنى أنا عظمكم ولحمكم.""
قضاة,9,49,"الآيات (1-2): ""ذهب ابيمالك بن يربعل إلى شكيم إلى اخوة أمه وكلمهم وجميع عشيرة بيت أبى أمه قائلا. تكلموا الآن في أذان جميع أهل شكيم أيما هو خير لكم اان يتسلط عليكم سبعون رجلا جميع بني يربعل أم أن يتسلط عليكم رجل واحد واذكروا أنى أنا عظمكم ولحمكم.""
قضاة,9,50,"الآيات (1-2): ""ذهب ابيمالك بن يربعل إلى شكيم إلى اخوة أمه وكلمهم وجميع عشيرة بيت أبى أمه قائلا. تكلموا الآن في أذان جميع أهل شكيم أيما هو خير لكم اان يتسلط عليكم سبعون رجلا جميع بني يربعل أم أن يتسلط عليكم رجل واحد واذكروا أنى أنا عظمكم ولحمكم.""
قضاة,9,51,"الآيات (1-2): ""ذهب ابيمالك بن يربعل إلى شكيم إلى اخوة أمه وكلمهم وجميع عشيرة بيت أبى أمه قائلا. تكلموا الآن في أذان جميع أهل شكيم أيما هو خير لكم اان يتسلط عليكم سبعون رجلا جميع بني يربعل أم أن يتسلط عليكم رجل واحد واذكروا أنى أنا عظمكم ولحمكم.""
قضاة,9,52,"الآيات (1-2): ""ذهب ابيمالك بن يربعل إلى شكيم إلى اخوة أمه وكلمهم وجميع عشيرة بيت أبى أمه قائلا. تكلموا الآن في أذان جميع أهل شكيم أيما هو خير لكم اان يتسلط عليكم سبعون رجلا جميع بني يربعل أم أن يتسلط عليكم رجل واحد واذكروا أنى أنا عظمكم ولحمكم.""
قضاة,9,53,"الآيات (1-2): ""ذهب ابيمالك بن يربعل إلى شكيم إلى اخوة أمه وكلمهم وجميع عشيرة بيت أبى أمه قائلا. تكلموا الآن في أذان جميع أهل شكيم أيما هو خير لكم اان يتسلط عليكم سبعون رجلا جميع بني يربعل أم أن يتسلط عليكم رجل واحد واذكروا أنى أنا عظمكم ولحمكم.""
قضاة,9,54,"الآيات (1-2): ""ذهب ابيمالك بن يربعل إلى شكيم إلى اخوة أمه وكلمهم وجميع عشيرة بيت أبى أمه قائلا. تكلموا الآن في أذان جميع أهل شكيم أيما هو خير لكم اان يتسلط عليكم سبعون رجلا جميع بني يربعل أم أن يتسلط عليكم رجل واحد واذكروا أنى أنا عظمكم ولحمكم.""
قضاة,9,55,"الآيات (1-2): ""ذهب ابيمالك بن يربعل إلى شكيم إلى اخوة أمه وكلمهم وجميع عشيرة بيت أبى أمه قائلا. تكلموا الآن في أذان جميع أهل شكيم أيما هو خير لكم اان يتسلط عليكم سبعون رجلا جميع بني يربعل أم أن يتسلط عليكم رجل واحد واذكروا أنى أنا عظمكم ولحمكم.""
قضاة,9,56,"الآيات (1-2): ""ذهب ابيمالك بن يربعل إلى شكيم إلى اخوة أمه وكلمهم وجميع عشيرة بيت أبى أمه قائلا. تكلموا الآن في أذان جميع أهل شكيم أيما هو خير لكم اان يتسلط عليكم سبعون رجلا جميع بني يربعل أم أن يتسلط عليكم رجل واحد واذكروا أنى أنا عظمكم ولحمكم.""
قضاة,9,57,"الآيات (1-2): ""ذهب ابيمالك بن يربعل إلى شكيم إلى اخوة أمه وكلمهم وجميع عشيرة بيت أبى أمه قائلا. تكلموا الآن في أذان جميع أهل شكيم أيما هو خير لكم اان يتسلط عليكم سبعون رجلا جميع بني يربعل أم أن يتسلط عليكم رجل واحد واذكروا أنى أنا عظمكم ولحمكم.""
قضاة,9,58,"الآيات (1-2): ""ذهب ابيمالك بن يربعل إلى شكيم إلى اخوة أمه وكلمهم وجميع عشيرة بيت أبى أمه قائلا. تكلموا الآن في أذان جميع أهل شكيم أيما هو خير لكم اان يتسلط عليكم سبعون رجلا جميع بني يربعل أم أن يتسلط عليكم رجل واحد واذكروا أنى أنا عظمكم ولحمكم.""
قضاة,9,59,"الآيات (1-2): ""ذهب ابيمالك بن يربعل إلى شكيم إلى اخوة أمه وكلمهم وجميع عشيرة بيت أبى أمه قائلا. تكلموا الآن في أذان جميع أهل شكيم أيما هو خير لكم اان يتسلط عليكم سبعون رجلا جميع بني يربعل أم أن يتسلط عليكم رجل واحد واذكروا أنى أنا عظمكم ولحمكم.""
قضاة,9,60,"الآيات (1-2): ""ذهب ابيمالك بن يربعل إلى شكيم إلى اخوة أمه وكلمهم وجميع عشيرة بيت أبى أمه قائلا. تكلموا الآن في أذان جميع أهل شكيم أيما هو خير لكم اان يتسلط عليكم سبعون رجلا جميع بني يربعل أم أن يتسلط عليكم رجل واحد واذكروا أنى أنا عظمكم ولحمكم.""
قضاة,9,61,"الآيات (1-2): ""ذهب ابيمالك بن يربعل إلى شكيم إلى اخوة أمه وكلمهم وجميع عشيرة بيت أبى أمه قائلا. تكلموا الآن في أذان جميع أهل شكيم أيما هو خير لكم اان يتسلط عليكم سبعون رجلا جميع بني يربعل أم أن يتسلط عليكم رجل واحد واذكروا أنى أنا عظمكم ولحمكم.""
قضاة,9,62,"الآيات (1-2): ""ذهب ابيمالك بن يربعل إلى شكيم إلى اخوة أمه وكلمهم وجميع عشيرة بيت أبى أمه قائلا. تكلموا الآن في أذان جميع أهل شكيم أيما هو خير لكم اان يتسلط عليكم سبعون رجلا جميع بني يربعل أم أن يتسلط عليكم رجل واحد واذكروا أنى أنا عظمكم ولحمكم.""
قضاة,9,63,"الآيات (1-2): ""ذهب ابيمالك بن يربعل إلى شكيم إلى اخوة أمه وكلمهم وجميع عشيرة بيت أبى أمه قائلا. تكلموا الآن في أذان جميع أهل شكيم أيما هو خير لكم اان يتسلط عليكم سبعون رجلا جميع بني يربعل أم أن يتسلط عليكم رجل واحد واذكروا أنى أنا عظمكم ولحمكم.""
قضاة,9,64,"الآيات (1-2): ""ذهب ابيمالك بن يربعل إلى شكيم إلى اخوة أمه وكلمهم وجميع عشيرة بيت أبى أمه قائلا. تكلموا الآن في أذان جميع أهل شكيم أيما هو خير لكم اان يتسلط عليكم سبعون رجلا جميع بني يربعل أم أن يتسلط عليكم رجل واحد واذكروا أنى أنا عظمكم ولحمكم.""
قضاة,9,65,"الآيات (1-2): ""ذهب ابيمالك بن يربعل إلى شكيم إلى اخوة أمه وكلمهم وجميع عشيرة بيت أبى أمه قائلا. تكلموا الآن في أذان جميع أهل شكيم أيما هو خير لكم اان يتسلط عليكم سبعون رجلا جميع بني يربعل أم أن يتسلط عليكم رجل واحد واذكروا أنى أنا عظمكم ولحمكم.""
قضاة,9,66,"الآيات (1-2): ""ذهب ابيمالك بن يربعل إلى شكيم إلى اخوة أمه وكلمهم وجميع عشيرة بيت أبى أمه قائلا. تكلموا الآن في أذان جميع أهل شكيم أيما هو خير لكم اان يتسلط عليكم سبعون رجلا جميع بني يربعل أم أن يتسلط عليكم رجل واحد واذكروا أنى أنا عظمكم ولحمكم.""
قضاة,9,67,"الآيات (1-2): ""ذهب ابيمالك بن يربعل إلى شكيم إلى اخوة أمه وكلمهم وجميع عشيرة بيت أبى أمه قائلا. تكلموا الآن في أذان جميع أهل شكيم أيما هو خير لكم اان يتسلط عليكم سبعون رجلا جميع بني يربعل أم أن يتسلط عليكم رجل واحد واذكروا أنى أنا عظمكم ولحمكم.""
قضاة,9,68,"الآيات (1-2): ""ذهب ابيمالك بن يربعل إلى شكيم إلى اخوة أمه وكلمهم وجميع عشيرة بيت أبى أمه قائلا. تكلموا الآن في أذان جميع أهل شكيم أيما هو خير لكم اان يتسلط عليكم سبعون رجلا جميع بني يربعل أم أن يتسلط عليكم رجل واحد واذكروا أنى أنا عظمكم ولحمكم.""
قضاة,9,69,"الآيات (1-2): ""ذهب ابيمالك بن يربعل إلى شكيم إلى اخوة أمه وكلمهم وجميع عشيرة بيت أبى أمه قائلا. تكلموا الآن في أذان جميع أهل شكيم أيما هو خير لكم اان يتسلط عليكم سبعون رجلا جميع بني يربعل أم أن يتسلط عليكم رجل واحد واذكروا أنى أنا عظمكم ولحمكم.""
قضاة,9,70,"الآيات (1-2): ""ذهب ابيمالك بن يربعل إلى شكيم إلى اخوة أمه وكلمهم وجميع عشيرة بيت أبى أمه قائلا. تكلموا الآن في أذان جميع أهل شكيم أيما هو خير لكم اان يتسلط عليكم سبعون رجلا جميع بني يربعل أم أن يتسلط عليكم رجل واحد واذكروا أنى أنا عظمكم ولحمكم.""
قضاة,9,71,"الآيات (1-2): ""ذهب ابيمالك بن يربعل إلى شكيم إلى اخوة أمه وكلمهم وجميع عشيرة بيت أبى أمه قائلا. تكلموا الآن في أذان جميع أهل شكيم أيما هو خير لكم اان يتسلط عليكم سبعون رجلا جميع بني يربعل أم أن يتسلط عليكم رجل واحد واذكروا أنى أنا عظمكم ولحمكم.""
قضاة,9,72,"الآيات (1-2): ""ذهب ابيمالك بن يربعل إلى شكيم إلى اخوة أمه وكلمهم وجميع عشيرة بيت أبى أمه قائلا. تكلموا الآن في أذان جميع أهل شكيم أيما هو خير لكم اان يتسلط عليكم سبعون رجلا جميع بني يربعل أم أن يتسلط عليكم رجل واحد واذكروا أنى أنا عظمكم ولحمكم.""
قضاة,9,73,"الآيات (1-2): ""ذهب ابيمالك بن يربعل إلى شكيم إلى اخوة أمه وكلمهم وجميع عشيرة بيت أبى أمه قائلا. تكلموا الآن في أذان جميع أهل شكيم أيما هو خير لكم اان يتسلط عليكم سبعون رجلا جميع بني يربعل أم أن يتسلط عليكم رجل واحد واذكروا أنى أنا عظمكم ولحمكم.""
قضاة,9,74,"الآيات (1-2): ""ذهب ابيمالك بن يربعل إلى شكيم إلى اخوة أمه وكلمهم وجميع عشيرة بيت أبى أمه قائلا. تكلموا الآن في أذان جميع أهل شكيم أيما هو خير لكم اان يتسلط عليكم سبعون رجلا جميع بني يربعل أم أن يتسلط عليكم رجل واحد واذكروا أنى أنا عظمكم ولحمكم.""
قضاة,9,75,"الآيات (1-2): ""ذهب ابيمالك بن يربعل إلى شكيم إلى اخوة أمه وكلمهم وجميع عشيرة بيت أبى أمه قائلا. تكلموا الآن في أذان جميع أهل شكيم أيما هو خير لكم اان يتسلط عليكم سبعون رجلا جميع بني يربعل أم أن يتسلط عليكم رجل واحد واذكروا أنى أنا عظمكم ولحمكم.""
قضاة,9,76,"الآيات (1-2): ""ذهب ابيمالك بن يربعل إلى شكيم إلى اخوة أمه وكلمهم وجميع عشيرة بيت أبى أمه قائلا. تكلموا الآن في أذان جميع أهل شكيم أيما هو خير لكم اان يتسلط عليكم سبعون رجلا جميع بني يربعل أم أن يتسلط عليكم رجل واحد واذكروا أنى أنا عظمكم ولحمكم.""
قضاة,9,77,"الآيات (1-2): ""ذهب ابيمالك بن يربعل إلى شكيم إلى اخوة أمه وكلمهم وجميع عشيرة بيت أبى أمه قائلا. تكلموا الآن في أذان جميع أهل شكيم أيما هو خير لكم اان يتسلط عليكم سبعون رجلا جميع بني يربعل أم أن يتسلط عليكم رجل واحد واذكروا أنى أنا عظمكم ولحمكم.""
قضاة,9,78,"الآيات (1-2): ""ذهب ابيمالك بن يربعل إلى شكيم إلى اخوة أمه وكلمهم وجميع عشيرة بيت أبى أمه قائلا. تكلموا الآن في أذان جميع أهل شكيم أيما هو خير لكم اان يتسلط عليكم سبعون رجلا جميع بني يربعل أم أن يتسلط عليكم رجل واحد واذكروا أنى أنا عظمكم ولحمكم.""
قضاة,9,79,"الآيات (1-2): ""ذهب ابيمالك بن يربعل إلى شكيم إلى اخوة أمه وكلمهم وجميع عشيرة بيت أبى أمه قائلا. تكلموا الآن في أذان جميع أهل شكيم أيما هو خير لكم اان يتسلط عليكم سبعون رجلا جميع بني يربعل أم أن يتسلط عليكم رجل واحد واذكروا أنى أنا عظمكم ولحمكم.""
قضاة,9,80,"الآيات (1-2): ""ذهب ابيمالك بن يربعل إلى شكيم إلى اخوة أمه وكلمهم وجميع عشيرة بيت أبى أمه قائلا. تكلموا الآن في أذان جميع أهل شكيم أيما هو خير لكم اان يتسلط عليكم سبعون رجلا جميع بني يربعل أم أن يتسلط عليكم رجل واحد واذكروا أنى أنا عظمكم ولحمكم.""
قضاة,9,81,"الآيات (1-2): ""ذهب ابيمالك بن يربعل إلى شكيم إلى اخوة أمه وكلمهم وجميع عشيرة بيت أبى أمه قائلا. تكلموا الآن في أذان جميع أهل شكيم أيما هو خير لكم اان يتسلط عليكم سبعون رجلا جميع بني يربعل أم أن يتسلط عليكم رجل واحد واذكروا أنى أنا عظمكم ولحمكم.""
قضاة,9,82,"الآيات (1-2): ""ذهب ابيمالك بن يربعل إلى شكيم إلى اخوة أمه وكلمهم وجميع عشيرة بيت أبى أمه قائلا. تكلموا الآن في أذان جميع أهل شكيم أيما هو خير لكم اان يتسلط عليكم سبعون رجلا جميع بني يربعل أم أن يتسلط عليكم رجل واحد واذكروا أنى أنا عظمكم ولحمكم.""
قضاة,9,83,"الآيات (1-2): ""ذهب ابيمالك بن يربعل إلى شكيم إلى اخوة أمه وكلمهم وجميع عشيرة بيت أبى أمه قائلا. تكلموا الآن في أذان جميع أهل شكيم أيما هو خير لكم اان يتسلط عليكم سبعون رجلا جميع بني يربعل أم أن يتسلط عليكم رجل واحد واذكروا أنى أنا عظمكم ولحمكم.""
قضاة,9,84,"الآيات (1-2): ""ذهب ابيمالك بن يربعل إلى شكيم إلى اخوة أمه وكلمهم وجميع عشيرة بيت أبى أمه قائلا. تكلموا الآن في أذان جميع أهل شكيم أيما هو خير لكم اان يتسلط عليكم سبعون رجلا جميع بني يربعل أم أن يتسلط عليكم رجل واحد واذكروا أنى أنا عظمكم ولحمكم.""
قضاة,9,85,"الآيات (1-2): ""ذهب ابيمالك بن يربعل إلى شكيم إلى اخوة أمه وكلمهم وجميع عشيرة بيت أبى أمه قائلا. تكلموا الآن في أذان جميع أهل شكيم أيما هو خير لكم اان يتسلط عليكم سبعون رجلا جميع بني يربعل أم أن يتسلط عليكم رجل واحد واذكروا أنى أنا عظمكم ولحمكم.""
قضاة,9,86,"الآيات (1-2): ""ذهب ابيمالك بن يربعل إلى شكيم إلى اخوة أمه وكلمهم وجميع عشيرة بيت أبى أمه قائلا. تكلموا الآن في أذان جميع أهل شكيم أيما هو خير لكم اان يتسلط عليكم سبعون رجلا جميع بني يربعل أم أن يتسلط عليكم رجل واحد واذكروا أنى أنا عظمكم ولحمكم.""
قضاة,9,87,"الآيات (1-2): ""ذهب ابيمالك بن يربعل إلى شكيم إلى اخوة أمه وكلمهم وجميع عشيرة بيت أبى أمه قائلا. تكلموا الآن في أذان جميع أهل شكيم أيما هو خير لكم اان يتسلط عليكم سبعون رجلا جميع بني يربعل أم أن يتسلط عليكم رجل واحد واذكروا أنى أنا عظمكم ولحمكم.""
قضاة,9,88,"الآيات (1-2): ""ذهب ابيمالك بن يربعل إلى شكيم إلى اخوة أمه وكلمهم وجميع عشيرة بيت أبى أمه قائلا. تكلموا الآن في أذان جميع أهل شكيم أيما هو خير لكم اان يتسلط عليكم سبعون رجلا جميع بني يربعل أم أن يتسلط عليكم رجل واحد واذكروا أنى أنا عظمكم ولحمكم.""
قضاة,9,89,"الآيات (1-2): ""ذهب ابيمالك بن يربعل إلى شكيم إلى اخوة أمه وكلمهم وجميع عشيرة بيت أبى أمه قائلا. تكلموا الآن في أذان جميع أهل شكيم أيما هو خير لكم اان يتسلط عليكم سبعون رجلا جميع بني يربعل أم أن يتسلط عليكم رجل واحد واذكروا أنى أنا عظمكم ولحمكم.""
قضاة,9,90,"الآيات (1-2): ""ذهب ابيمالك بن يربعل إلى شكيم إلى اخوة أمه وكلمهم وجميع عشيرة بيت أبى أمه قائلا. تكلموا الآن في أذان جميع أهل شكيم أيما هو خير لكم اان يتسلط عليكم سبعون رجلا جميع بني يربعل أم أن يتسلط عليكم رجل واحد واذكروا أنى أنا عظمكم ولحمكم.""
قضاة,9,91,"الآيات (1-2): ""ذهب ابيمالك بن يربعل إلى شكيم إلى اخوة أمه وكلمهم وجميع عشيرة بيت أبى أمه قائلا. تكلموا الآن في أذان جميع أهل شكيم أيما هو خير لكم اان يتسلط عليكم سبعون رجلا جميع بني يربعل أم أن يتسلط عليكم رجل واحد واذكروا أنى أنا عظمكم ولحمكم.""
قضاة,9,92,"الآيات (1-2): ""ذهب ابيمالك بن يربعل إلى شكيم إلى اخوة أمه وكلمهم وجميع عشيرة بيت أبى أمه قائلا. تكلموا الآن في أذان جميع أهل شكيم أيما هو خير لكم اان يتسلط عليكم سبعون رجلا جميع بني يربعل أم أن يتسلط عليكم رجل واحد واذكروا أنى أنا عظمكم ولحمكم.""
قضاة,9,93,"الآيات (1-2): ""ذهب ابيمالك بن يربعل إلى شكيم إلى اخوة أمه وكلمهم وجميع عشيرة بيت أبى أمه قائلا. تكلموا الآن في أذان جميع أهل شكيم أيما هو خير لكم اان يتسلط عليكم سبعون رجلا جميع بني يربعل أم أن يتسلط عليكم رجل واحد واذكروا أنى أنا عظمكم ولحمكم.""
قضاة,9,94,"الآيات (1-2): ""ذهب ابيمالك بن يربعل إلى شكيم إلى اخوة أمه وكلمهم وجميع عشيرة بيت أبى أمه قائلا. تكلموا الآن في أذان جميع أهل شكيم أيما هو خير لكم اان يتسلط عليكم سبعون رجلا جميع بني يربعل أم أن يتسلط عليكم رجل واحد واذكروا أنى أنا عظمكم ولحمكم.""
قضاة,9,95,"الآيات (1-2): ""ذهب ابيمالك بن يربعل إلى شكيم إلى اخوة أمه وكلمهم وجميع عشيرة بيت أبى أمه قائلا. تكلموا الآن في أذان جميع أهل شكيم أيما هو خير لكم اان يتسلط عليكم سبعون رجلا جميع بني يربعل أم أن يتسلط عليكم رجل واحد واذكروا أنى أنا عظمكم ولحمكم.""
قضاة,9,96,"الآيات (1-2): ""ذهب ابيمالك بن يربعل إلى شكيم إلى اخوة أمه وكلمهم وجميع عشيرة بيت أبى أمه قائلا. تكلموا الآن في أذان جميع أهل شكيم أيما هو خير لكم اان يتسلط عليكم سبعون رجلا جميع بني يربعل أم أن يتسلط عليكم رجل واحد واذكروا أنى أنا عظمكم ولحمكم.""
قضاة,9,97,"الآيات (1-2): ""ذهب ابيمالك بن يربعل إلى شكيم إلى اخوة أمه وكلمهم وجميع عشيرة بيت أبى أمه قائلا. تكلموا الآن في أذان جميع أهل شكيم أيما هو خير لكم اان يتسلط عليكم سبعون رجلا جميع بني يربعل أم أن يتسلط عليكم رجل واحد واذكروا أنى أنا عظمكم ولحمكم.""
قضاة,9,98,"الآيات (1-2): ""ذهب ابيمالك بن يربعل إلى شكيم إلى اخوة أمه وكلمهم وجميع عشيرة بيت أبى أمه قائلا. تكلموا الآن في أذان جميع أهل شكيم أيما هو خير لكم اان يتسلط عليكم سبعون رجلا جميع بني يربعل أم أن يتسلط عليكم رجل واحد واذكروا أنى أنا عظمكم ولحمكم.""
قضاة,9,99,"الآيات (1-2): ""ذهب ابيمالك بن يربعل إلى شكيم إلى اخوة أمه وكلمهم وجميع عشيرة بيت أبى أمه قائلا. تكلموا الآن في أذان جميع أهل شكيم أيما هو خير لكم اان يتسلط عليكم سبعون رجلا جميع بني يربعل أم أن يتسلط عليكم رجل واحد واذكروا أنى أنا عظمكم ولحمكم.""
قضاة,10,1,"الآيات (1-2): ""قام بعد ابيمالك لتخليص إسرائيل تولع بن فواه بن دودو رجل من يساكر كان ساكنا في شامير في جبل افرايم. فقضى لإسرائيل ثلاثا وعشرين سنة ومات ودفن في شامير.""
قضاة,10,2,"الآيات (1-2): ""قام بعد ابيمالك لتخليص إسرائيل تولع بن فواه بن دودو رجل من يساكر كان ساكنا في شامير في جبل افرايم. فقضى لإسرائيل ثلاثا وعشرين سنة ومات ودفن في شامير.""
قضاة,10,3,"الآيات (1-2): ""قام بعد ابيمالك لتخليص إسرائيل تولع بن فواه بن دودو رجل من يساكر كان ساكنا في شامير في جبل افرايم. فقضى لإسرائيل ثلاثا وعشرين سنة ومات ودفن في شامير.""
قضاة,10,4,"الآيات (1-2): ""قام بعد ابيمالك لتخليص إسرائيل تولع بن فواه بن دودو رجل من يساكر كان ساكنا في شامير في جبل افرايم. فقضى لإسرائيل ثلاثا وعشرين سنة ومات ودفن في شامير.""
قضاة,10,5,"الآيات (1-2): ""قام بعد ابيمالك لتخليص إسرائيل تولع بن فواه بن دودو رجل من يساكر كان ساكنا في شامير في جبل افرايم. فقضى لإسرائيل ثلاثا وعشرين سنة ومات ودفن في شامير.""
قضاة,10,6,"الآيات (1-2): ""قام بعد ابيمالك لتخليص إسرائيل تولع بن فواه بن دودو رجل من يساكر كان ساكنا في شامير في جبل افرايم. فقضى لإسرائيل ثلاثا وعشرين سنة ومات ودفن في شامير.""
قضاة,10,7,"الآيات (1-2): ""قام بعد ابيمالك لتخليص إسرائيل تولع بن فواه بن دودو رجل من يساكر كان ساكنا في شامير في جبل افرايم. فقضى لإسرائيل ثلاثا وعشرين سنة ومات ودفن في شامير.""
قضاة,10,8,"الآيات (1-2): ""قام بعد ابيمالك لتخليص إسرائيل تولع بن فواه بن دودو رجل من يساكر كان ساكنا في شامير في جبل افرايم. فقضى لإسرائيل ثلاثا وعشرين سنة ومات ودفن في شامير.""
قضاة,10,9,"الآيات (1-2): ""قام بعد ابيمالك لتخليص إسرائيل تولع بن فواه بن دودو رجل من يساكر كان ساكنا في شامير في جبل افرايم. فقضى لإسرائيل ثلاثا وعشرين سنة ومات ودفن في شامير.""
قضاة,10,10,"الآيات (1-2): ""قام بعد ابيمالك لتخليص إسرائيل تولع بن فواه بن دودو رجل من يساكر كان ساكنا في شامير في جبل افرايم. فقضى لإسرائيل ثلاثا وعشرين سنة ومات ودفن في شامير.""
قضاة,10,11,"الآيات (1-2): ""قام بعد ابيمالك لتخليص إسرائيل تولع بن فواه بن دودو رجل من يساكر كان ساكنا في شامير في جبل افرايم. فقضى لإسرائيل ثلاثا وعشرين سنة ومات ودفن في شامير.""
قضاة,10,12,"الآيات (1-2): ""قام بعد ابيمالك لتخليص إسرائيل تولع بن فواه بن دودو رجل من يساكر كان ساكنا في شامير في جبل افرايم. فقضى لإسرائيل ثلاثا وعشرين سنة ومات ودفن في شامير.""
قضاة,10,13,"الآيات (1-2): ""قام بعد ابيمالك لتخليص إسرائيل تولع بن فواه بن دودو رجل من يساكر كان ساكنا في شامير في جبل افرايم. فقضى لإسرائيل ثلاثا وعشرين سنة ومات ودفن في شامير.""
قضاة,10,14,"الآيات (1-2): ""قام بعد ابيمالك لتخليص إسرائيل تولع بن فواه بن دودو رجل من يساكر كان ساكنا في شامير في جبل افرايم. فقضى لإسرائيل ثلاثا وعشرين سنة ومات ودفن في شامير.""
قضاة,10,15,"الآيات (1-2): ""قام بعد ابيمالك لتخليص إسرائيل تولع بن فواه بن دودو رجل من يساكر كان ساكنا في شامير في جبل افرايم. فقضى لإسرائيل ثلاثا وعشرين سنة ومات ودفن في شامير.""
قضاة,10,16,"الآيات (1-2): ""قام بعد ابيمالك لتخليص إسرائيل تولع بن فواه بن دودو رجل من يساكر كان ساكنا في شامير في جبل افرايم. فقضى لإسرائيل ثلاثا وعشرين سنة ومات ودفن في شامير.""
قضاة,10,17,"الآيات (1-2): ""قام بعد ابيمالك لتخليص إسرائيل تولع بن فواه بن دودو رجل من يساكر كان ساكنا في شامير في جبل افرايم. فقضى لإسرائيل ثلاثا وعشرين سنة ومات ودفن في شامير.""
قضاة,10,18,"الآيات (1-2): ""قام بعد ابيمالك لتخليص إسرائيل تولع بن فواه بن دودو رجل من يساكر كان ساكنا في شامير في جبل افرايم. فقضى لإسرائيل ثلاثا وعشرين سنة ومات ودفن في شامير.""
قضاة,10,19,"الآيات (1-2): ""قام بعد ابيمالك لتخليص إسرائيل تولع بن فواه بن دودو رجل من يساكر كان ساكنا في شامير في جبل افرايم. فقضى لإسرائيل ثلاثا وعشرين سنة ومات ودفن في شامير.""
قضاة,10,20,"الآيات (1-2): ""قام بعد ابيمالك لتخليص إسرائيل تولع بن فواه بن دودو رجل من يساكر كان ساكنا في شامير في جبل افرايم. فقضى لإسرائيل ثلاثا وعشرين سنة ومات ودفن في شامير.""
قضاة,10,21,"الآيات (1-2): ""قام بعد ابيمالك لتخليص إسرائيل تولع بن فواه بن دودو رجل من يساكر كان ساكنا في شامير في جبل افرايم. فقضى لإسرائيل ثلاثا وعشرين سنة ومات ودفن في شامير.""
قضاة,10,22,"الآيات (1-2): ""قام بعد ابيمالك لتخليص إسرائيل تولع بن فواه بن دودو رجل من يساكر كان ساكنا في شامير في جبل افرايم. فقضى لإسرائيل ثلاثا وعشرين سنة ومات ودفن في شامير.""
قضاة,10,23,"الآيات (1-2): ""قام بعد ابيمالك لتخليص إسرائيل تولع بن فواه بن دودو رجل من يساكر كان ساكنا في شامير في جبل افرايم. فقضى لإسرائيل ثلاثا وعشرين سنة ومات ودفن في شامير.""
قضاة,10,24,"الآيات (1-2): ""قام بعد ابيمالك لتخليص إسرائيل تولع بن فواه بن دودو رجل من يساكر كان ساكنا في شامير في جبل افرايم. فقضى لإسرائيل ثلاثا وعشرين سنة ومات ودفن في شامير.""
قضاة,10,25,"الآيات (1-2): ""قام بعد ابيمالك لتخليص إسرائيل تولع بن فواه بن دودو رجل من يساكر كان ساكنا في شامير في جبل افرايم. فقضى لإسرائيل ثلاثا وعشرين سنة ومات ودفن في شامير.""
قضاة,10,26,"الآيات (1-2): ""قام بعد ابيمالك لتخليص إسرائيل تولع بن فواه بن دودو رجل من يساكر كان ساكنا في شامير في جبل افرايم. فقضى لإسرائيل ثلاثا وعشرين سنة ومات ودفن في شامير.""
قضاة,10,27,"الآيات (1-2): ""قام بعد ابيمالك لتخليص إسرائيل تولع بن فواه بن دودو رجل من يساكر كان ساكنا في شامير في جبل افرايم. فقضى لإسرائيل ثلاثا وعشرين سنة ومات ودفن في شامير.""
قضاة,10,28,"الآيات (1-2): ""قام بعد ابيمالك لتخليص إسرائيل تولع بن فواه بن دودو رجل من يساكر كان ساكنا في شامير في جبل افرايم. فقضى لإسرائيل ثلاثا وعشرين سنة ومات ودفن في شامير.""
قضاة,10,29,"الآيات (1-2): ""قام بعد ابيمالك لتخليص إسرائيل تولع بن فواه بن دودو رجل من يساكر كان ساكنا في شامير في جبل افرايم. فقضى لإسرائيل ثلاثا وعشرين سنة ومات ودفن في شامير.""
قضاة,10,30,"الآيات (1-2): ""قام بعد ابيمالك لتخليص إسرائيل تولع بن فواه بن دودو رجل من يساكر كان ساكنا في شامير في جبل افرايم. فقضى لإسرائيل ثلاثا وعشرين سنة ومات ودفن في شامير.""
قضاة,10,31,"الآيات (1-2): ""قام بعد ابيمالك لتخليص إسرائيل تولع بن فواه بن دودو رجل من يساكر كان ساكنا في شامير في جبل افرايم. فقضى لإسرائيل ثلاثا وعشرين سنة ومات ودفن في شامير.""
قضاة,10,32,"الآيات (1-2): ""قام بعد ابيمالك لتخليص إسرائيل تولع بن فواه بن دودو رجل من يساكر كان ساكنا في شامير في جبل افرايم. فقضى لإسرائيل ثلاثا وعشرين سنة ومات ودفن في شامير.""
قضاة,10,33,"الآيات (1-2): ""قام بعد ابيمالك لتخليص إسرائيل تولع بن فواه بن دودو رجل من يساكر كان ساكنا في شامير في جبل افرايم. فقضى لإسرائيل ثلاثا وعشرين سنة ومات ودفن في شامير.""
قضاة,10,34,"الآيات (1-2): ""قام بعد ابيمالك لتخليص إسرائيل تولع بن فواه بن دودو رجل من يساكر كان ساكنا في شامير في جبل افرايم. فقضى لإسرائيل ثلاثا وعشرين سنة ومات ودفن في شامير.""
قضاة,10,35,"الآيات (1-2): ""قام بعد ابيمالك لتخليص إسرائيل تولع بن فواه بن دودو رجل من يساكر كان ساكنا في شامير في جبل افرايم. فقضى لإسرائيل ثلاثا وعشرين سنة ومات ودفن في شامير.""
قضاة,10,36,"الآيات (1-2): ""قام بعد ابيمالك لتخليص إسرائيل تولع بن فواه بن دودو رجل من يساكر كان ساكنا في شامير في جبل افرايم. فقضى لإسرائيل ثلاثا وعشرين سنة ومات ودفن في شامير.""
قضاة,10,37,"الآيات (1-2): ""قام بعد ابيمالك لتخليص إسرائيل تولع بن فواه بن دودو رجل من يساكر كان ساكنا في شامير في جبل افرايم. فقضى لإسرائيل ثلاثا وعشرين سنة ومات ودفن في شامير.""
قضاة,10,38,"الآيات (1-2): ""قام بعد ابيمالك لتخليص إسرائيل تولع بن فواه بن دودو رجل من يساكر كان ساكنا في شامير في جبل افرايم. فقضى لإسرائيل ثلاثا وعشرين سنة ومات ودفن في شامير.""
قضاة,10,39,"الآيات (1-2): ""قام بعد ابيمالك لتخليص إسرائيل تولع بن فواه بن دودو رجل من يساكر كان ساكنا في شامير في جبل افرايم. فقضى لإسرائيل ثلاثا وعشرين سنة ومات ودفن في شامير.""
قضاة,10,40,"الآيات (1-2): ""قام بعد ابيمالك لتخليص إسرائيل تولع بن فواه بن دودو رجل من يساكر كان ساكنا في شامير في جبل افرايم. فقضى لإسرائيل ثلاثا وعشرين سنة ومات ودفن في شامير.""
قضاة,10,41,"الآيات (1-2): ""قام بعد ابيمالك لتخليص إسرائيل تولع بن فواه بن دودو رجل من يساكر كان ساكنا في شامير في جبل افرايم. فقضى لإسرائيل ثلاثا وعشرين سنة ومات ودفن في شامير.""
قضاة,10,42,"الآيات (1-2): ""قام بعد ابيمالك لتخليص إسرائيل تولع بن فواه بن دودو رجل من يساكر كان ساكنا في شامير في جبل افرايم. فقضى لإسرائيل ثلاثا وعشرين سنة ومات ودفن في شامير.""
قضاة,10,43,"الآيات (1-2): ""قام بعد ابيمالك لتخليص إسرائيل تولع بن فواه بن دودو رجل من يساكر كان ساكنا في شامير في جبل افرايم. فقضى لإسرائيل ثلاثا وعشرين سنة ومات ودفن في شامير.""
قضاة,10,44,"الآيات (1-2): ""قام بعد ابيمالك لتخليص إسرائيل تولع بن فواه بن دودو رجل من يساكر كان ساكنا في شامير في جبل افرايم. فقضى لإسرائيل ثلاثا وعشرين سنة ومات ودفن في شامير.""
قضاة,10,45,"الآيات (1-2): ""قام بعد ابيمالك لتخليص إسرائيل تولع بن فواه بن دودو رجل من يساكر كان ساكنا في شامير في جبل افرايم. فقضى لإسرائيل ثلاثا وعشرين سنة ومات ودفن في شامير.""
قضاة,10,46,"الآيات (1-2): ""قام بعد ابيمالك لتخليص إسرائيل تولع بن فواه بن دودو رجل من يساكر كان ساكنا في شامير في جبل افرايم. فقضى لإسرائيل ثلاثا وعشرين سنة ومات ودفن في شامير.""
قضاة,10,47,"الآيات (1-2): ""قام بعد ابيمالك لتخليص إسرائيل تولع بن فواه بن دودو رجل من يساكر كان ساكنا في شامير في جبل افرايم. فقضى لإسرائيل ثلاثا وعشرين سنة ومات ودفن في شامير.""
قضاة,10,48,"الآيات (1-2): ""قام بعد ابيمالك لتخليص إسرائيل تولع بن فواه بن دودو رجل من يساكر كان ساكنا في شامير في جبل افرايم. فقضى لإسرائيل ثلاثا وعشرين سنة ومات ودفن في شامير.""
قضاة,10,49,"الآيات (1-2): ""قام بعد ابيمالك لتخليص إسرائيل تولع بن فواه بن دودو رجل من يساكر كان ساكنا في شامير في جبل افرايم. فقضى لإسرائيل ثلاثا وعشرين سنة ومات ودفن في شامير.""
قضاة,10,50,"الآيات (1-2): ""قام بعد ابيمالك لتخليص إسرائيل تولع بن فواه بن دودو رجل من يساكر كان ساكنا في شامير في جبل افرايم. فقضى لإسرائيل ثلاثا وعشرين سنة ومات ودفن في شامير.""
قضاة,10,51,"الآيات (1-2): ""قام بعد ابيمالك لتخليص إسرائيل تولع بن فواه بن دودو رجل من يساكر كان ساكنا في شامير في جبل افرايم. فقضى لإسرائيل ثلاثا وعشرين سنة ومات ودفن في شامير.""
قضاة,10,52,"الآيات (1-2): ""قام بعد ابيمالك لتخليص إسرائيل تولع بن فواه بن دودو رجل من يساكر كان ساكنا في شامير في جبل افرايم. فقضى لإسرائيل ثلاثا وعشرين سنة ومات ودفن في شامير.""
قضاة,10,53,"الآيات (1-2): ""قام بعد ابيمالك لتخليص إسرائيل تولع بن فواه بن دودو رجل من يساكر كان ساكنا في شامير في جبل افرايم. فقضى لإسرائيل ثلاثا وعشرين سنة ومات ودفن في شامير.""
قضاة,10,54,"الآيات (1-2): ""قام بعد ابيمالك لتخليص إسرائيل تولع بن فواه بن دودو رجل من يساكر كان ساكنا في شامير في جبل افرايم. فقضى لإسرائيل ثلاثا وعشرين سنة ومات ودفن في شامير.""
قضاة,10,55,"الآيات (1-2): ""قام بعد ابيمالك لتخليص إسرائيل تولع بن فواه بن دودو رجل من يساكر كان ساكنا في شامير في جبل افرايم. فقضى لإسرائيل ثلاثا وعشرين سنة ومات ودفن في شامير.""
قضاة,10,56,"الآيات (1-2): ""قام بعد ابيمالك لتخليص إسرائيل تولع بن فواه بن دودو رجل من يساكر كان ساكنا في شامير في جبل افرايم. فقضى لإسرائيل ثلاثا وعشرين سنة ومات ودفن في شامير.""
قضاة,10,57,"الآيات (1-2): ""قام بعد ابيمالك لتخليص إسرائيل تولع بن فواه بن دودو رجل من يساكر كان ساكنا في شامير في جبل افرايم. فقضى لإسرائيل ثلاثا وعشرين سنة ومات ودفن في شامير.""
قضاة,10,58,"الآيات (1-2): ""قام بعد ابيمالك لتخليص إسرائيل تولع بن فواه بن دودو رجل من يساكر كان ساكنا في شامير في جبل افرايم. فقضى لإسرائيل ثلاثا وعشرين سنة ومات ودفن في شامير.""
قضاة,10,59,"الآيات (1-2): ""قام بعد ابيمالك لتخليص إسرائيل تولع بن فواه بن دودو رجل من يساكر كان ساكنا في شامير في جبل افرايم. فقضى لإسرائيل ثلاثا وعشرين سنة ومات ودفن في شامير.""
قضاة,10,60,"الآيات (1-2): ""قام بعد ابيمالك لتخليص إسرائيل تولع بن فواه بن دودو رجل من يساكر كان ساكنا في شامير في جبل افرايم. فقضى لإسرائيل ثلاثا وعشرين سنة ومات ودفن في شامير.""
قضاة,10,61,"الآيات (1-2): ""قام بعد ابيمالك لتخليص إسرائيل تولع بن فواه بن دودو رجل من يساكر كان ساكنا في شامير في جبل افرايم. فقضى لإسرائيل ثلاثا وعشرين سنة ومات ودفن في شامير.""
قضاة,10,62,"الآيات (1-2): ""قام بعد ابيمالك لتخليص إسرائيل تولع بن فواه بن دودو رجل من يساكر كان ساكنا في شامير في جبل افرايم. فقضى لإسرائيل ثلاثا وعشرين سنة ومات ودفن في شامير.""
قضاة,10,63,"الآيات (1-2): ""قام بعد ابيمالك لتخليص إسرائيل تولع بن فواه بن دودو رجل من يساكر كان ساكنا في شامير في جبل افرايم. فقضى لإسرائيل ثلاثا وعشرين سنة ومات ودفن في شامير.""
قضاة,10,64,"الآيات (1-2): ""قام بعد ابيمالك لتخليص إسرائيل تولع بن فواه بن دودو رجل من يساكر كان ساكنا في شامير في جبل افرايم. فقضى لإسرائيل ثلاثا وعشرين سنة ومات ودفن في شامير.""
قضاة,10,65,"الآيات (1-2): ""قام بعد ابيمالك لتخليص إسرائيل تولع بن فواه بن دودو رجل من يساكر كان ساكنا في شامير في جبل افرايم. فقضى لإسرائيل ثلاثا وعشرين سنة ومات ودفن في شامير.""
قضاة,10,66,"الآيات (1-2): ""قام بعد ابيمالك لتخليص إسرائيل تولع بن فواه بن دودو رجل من يساكر كان ساكنا في شامير في جبل افرايم. فقضى لإسرائيل ثلاثا وعشرين سنة ومات ودفن في شامير.""
قضاة,10,67,"الآيات (1-2): ""قام بعد ابيمالك لتخليص إسرائيل تولع بن فواه بن دودو رجل من يساكر كان ساكنا في شامير في جبل افرايم. فقضى لإسرائيل ثلاثا وعشرين سنة ومات ودفن في شامير.""
قضاة,10,68,"الآيات (1-2): ""قام بعد ابيمالك لتخليص إسرائيل تولع بن فواه بن دودو رجل من يساكر كان ساكنا في شامير في جبل افرايم. فقضى لإسرائيل ثلاثا وعشرين سنة ومات ودفن في شامير.""
قضاة,10,69,"الآيات (1-2): ""قام بعد ابيمالك لتخليص إسرائيل تولع بن فواه بن دودو رجل من يساكر كان ساكنا في شامير في جبل افرايم. فقضى لإسرائيل ثلاثا وعشرين سنة ومات ودفن في شامير.""
قضاة,10,70,"الآيات (1-2): ""قام بعد ابيمالك لتخليص إسرائيل تولع بن فواه بن دودو رجل من يساكر كان ساكنا في شامير في جبل افرايم. فقضى لإسرائيل ثلاثا وعشرين سنة ومات ودفن في شامير.""
قضاة,10,71,"الآيات (1-2): ""قام بعد ابيمالك لتخليص إسرائيل تولع بن فواه بن دودو رجل من يساكر كان ساكنا في شامير في جبل افرايم. فقضى لإسرائيل ثلاثا وعشرين سنة ومات ودفن في شامير.""
قضاة,10,72,"الآيات (1-2): ""قام بعد ابيمالك لتخليص إسرائيل تولع بن فواه بن دودو رجل من يساكر كان ساكنا في شامير في جبل افرايم. فقضى لإسرائيل ثلاثا وعشرين سنة ومات ودفن في شامير.""
قضاة,10,73,"الآيات (1-2): ""قام بعد ابيمالك لتخليص إسرائيل تولع بن فواه بن دودو رجل من يساكر كان ساكنا في شامير في جبل افرايم. فقضى لإسرائيل ثلاثا وعشرين سنة ومات ودفن في شامير.""
قضاة,10,74,"الآيات (1-2): ""قام بعد ابيمالك لتخليص إسرائيل تولع بن فواه بن دودو رجل من يساكر كان ساكنا في شامير في جبل افرايم. فقضى لإسرائيل ثلاثا وعشرين سنة ومات ودفن في شامير.""
قضاة,10,75,"الآيات (1-2): ""قام بعد ابيمالك لتخليص إسرائيل تولع بن فواه بن دودو رجل من يساكر كان ساكنا في شامير في جبل افرايم. فقضى لإسرائيل ثلاثا وعشرين سنة ومات ودفن في شامير.""
قضاة,10,76,"الآيات (1-2): ""قام بعد ابيمالك لتخليص إسرائيل تولع بن فواه بن دودو رجل من يساكر كان ساكنا في شامير في جبل افرايم. فقضى لإسرائيل ثلاثا وعشرين سنة ومات ودفن في شامير.""
قضاة,10,77,"الآيات (1-2): ""قام بعد ابيمالك لتخليص إسرائيل تولع بن فواه بن دودو رجل من يساكر كان ساكنا في شامير في جبل افرايم. فقضى لإسرائيل ثلاثا وعشرين سنة ومات ودفن في شامير.""
قضاة,10,78,"الآيات (1-2): ""قام بعد ابيمالك لتخليص إسرائيل تولع بن فواه بن دودو رجل من يساكر كان ساكنا في شامير في جبل افرايم. فقضى لإسرائيل ثلاثا وعشرين سنة ومات ودفن في شامير.""
قضاة,10,79,"الآيات (1-2): ""قام بعد ابيمالك لتخليص إسرائيل تولع بن فواه بن دودو رجل من يساكر كان ساكنا في شامير في جبل افرايم. فقضى لإسرائيل ثلاثا وعشرين سنة ومات ودفن في شامير.""
قضاة,10,80,"الآيات (1-2): ""قام بعد ابيمالك لتخليص إسرائيل تولع بن فواه بن دودو رجل من يساكر كان ساكنا في شامير في جبل افرايم. فقضى لإسرائيل ثلاثا وعشرين سنة ومات ودفن في شامير.""
قضاة,10,81,"الآيات (1-2): ""قام بعد ابيمالك لتخليص إسرائيل تولع بن فواه بن دودو رجل من يساكر كان ساكنا في شامير في جبل افرايم. فقضى لإسرائيل ثلاثا وعشرين سنة ومات ودفن في شامير.""
قضاة,10,82,"الآيات (1-2): ""قام بعد ابيمالك لتخليص إسرائيل تولع بن فواه بن دودو رجل من يساكر كان ساكنا في شامير في جبل افرايم. فقضى لإسرائيل ثلاثا وعشرين سنة ومات ودفن في شامير.""
قضاة,10,83,"الآيات (1-2): ""قام بعد ابيمالك لتخليص إسرائيل تولع بن فواه بن دودو رجل من يساكر كان ساكنا في شامير في جبل افرايم. فقضى لإسرائيل ثلاثا وعشرين سنة ومات ودفن في شامير.""
قضاة,10,84,"الآيات (1-2): ""قام بعد ابيمالك لتخليص إسرائيل تولع بن فواه بن دودو رجل من يساكر كان ساكنا في شامير في جبل افرايم. فقضى لإسرائيل ثلاثا وعشرين سنة ومات ودفن في شامير.""
قضاة,10,85,"الآيات (1-2): ""قام بعد ابيمالك لتخليص إسرائيل تولع بن فواه بن دودو رجل من يساكر كان ساكنا في شامير في جبل افرايم. فقضى لإسرائيل ثلاثا وعشرين سنة ومات ودفن في شامير.""
قضاة,10,86,"الآيات (1-2): ""قام بعد ابيمالك لتخليص إسرائيل تولع بن فواه بن دودو رجل من يساكر كان ساكنا في شامير في جبل افرايم. فقضى لإسرائيل ثلاثا وعشرين سنة ومات ودفن في شامير.""
قضاة,10,87,"الآيات (1-2): ""قام بعد ابيمالك لتخليص إسرائيل تولع بن فواه بن دودو رجل من يساكر كان ساكنا في شامير في جبل افرايم. فقضى لإسرائيل ثلاثا وعشرين سنة ومات ودفن في شامير.""
قضاة,10,88,"الآيات (1-2): ""قام بعد ابيمالك لتخليص إسرائيل تولع بن فواه بن دودو رجل من يساكر كان ساكنا في شامير في جبل افرايم. فقضى لإسرائيل ثلاثا وعشرين سنة ومات ودفن في شامير.""
قضاة,10,89,"الآيات (1-2): ""قام بعد ابيمالك لتخليص إسرائيل تولع بن فواه بن دودو رجل من يساكر كان ساكنا في شامير في جبل افرايم. فقضى لإسرائيل ثلاثا وعشرين سنة ومات ودفن في شامير.""
قضاة,10,90,"الآيات (1-2): ""قام بعد ابيمالك لتخليص إسرائيل تولع بن فواه بن دودو رجل من يساكر كان ساكنا في شامير في جبل افرايم. فقضى لإسرائيل ثلاثا وعشرين سنة ومات ودفن في شامير.""
قضاة,10,91,"الآيات (1-2): ""قام بعد ابيمالك لتخليص إسرائيل تولع بن فواه بن دودو رجل من يساكر كان ساكنا في شامير في جبل افرايم. فقضى لإسرائيل ثلاثا وعشرين سنة ومات ودفن في شامير.""
قضاة,10,92,"الآيات (1-2): ""قام بعد ابيمالك لتخليص إسرائيل تولع بن فواه بن دودو رجل من يساكر كان ساكنا في شامير في جبل افرايم. فقضى لإسرائيل ثلاثا وعشرين سنة ومات ودفن في شامير.""
قضاة,10,93,"الآيات (1-2): ""قام بعد ابيمالك لتخليص إسرائيل تولع بن فواه بن دودو رجل من يساكر كان ساكنا في شامير في جبل افرايم. فقضى لإسرائيل ثلاثا وعشرين سنة ومات ودفن في شامير.""
قضاة,10,94,"الآيات (1-2): ""قام بعد ابيمالك لتخليص إسرائيل تولع بن فواه بن دودو رجل من يساكر كان ساكنا في شامير في جبل افرايم. فقضى لإسرائيل ثلاثا وعشرين سنة ومات ودفن في شامير.""
قضاة,10,95,"الآيات (1-2): ""قام بعد ابيمالك لتخليص إسرائيل تولع بن فواه بن دودو رجل من يساكر كان ساكنا في شامير في جبل افرايم. فقضى لإسرائيل ثلاثا وعشرين سنة ومات ودفن في شامير.""
قضاة,10,96,"الآيات (1-2): ""قام بعد ابيمالك لتخليص إسرائيل تولع بن فواه بن دودو رجل من يساكر كان ساكنا في شامير في جبل افرايم. فقضى لإسرائيل ثلاثا وعشرين سنة ومات ودفن في شامير.""
قضاة,10,97,"الآيات (1-2): ""قام بعد ابيمالك لتخليص إسرائيل تولع بن فواه بن دودو رجل من يساكر كان ساكنا في شامير في جبل افرايم. فقضى لإسرائيل ثلاثا وعشرين سنة ومات ودفن في شامير.""
قضاة,10,98,"الآيات (1-2): ""قام بعد ابيمالك لتخليص إسرائيل تولع بن فواه بن دودو رجل من يساكر كان ساكنا في شامير في جبل افرايم. فقضى لإسرائيل ثلاثا وعشرين سنة ومات ودفن في شامير.""
قضاة,10,99,"الآيات (1-2): ""قام بعد ابيمالك لتخليص إسرائيل تولع بن فواه بن دودو رجل من يساكر كان ساكنا في شامير في جبل افرايم. فقضى لإسرائيل ثلاثا وعشرين سنة ومات ودفن في شامير.""
قضاة,11,1,"الآيات (1-3): ""وكان يفتاح الجلعادي جبار باس وهو ابن امرأة زانية وجلعاد ولد يفتاح. ثم ولدت امرأة جلعاد له بنين فلما كبر بنو المرأة طردوا يفتاح وقالوا له لا ترث في بيت أبينا لأنك أنت ابن امرأة أخرى. فهرب يفتاح من وجه اخوته وأقام في ارض طوب فاجتمع إلى يفتاح رجال بطالون وكانوا يخرجون معه.""
قضاة,11,2,"الآيات (1-3): ""وكان يفتاح الجلعادي جبار باس وهو ابن امرأة زانية وجلعاد ولد يفتاح. ثم ولدت امرأة جلعاد له بنين فلما كبر بنو المرأة طردوا يفتاح وقالوا له لا ترث في بيت أبينا لأنك أنت ابن امرأة أخرى. فهرب يفتاح من وجه اخوته وأقام في ارض طوب فاجتمع إلى يفتاح رجال بطالون وكانوا يخرجون معه.""
قضاة,11,3,"الآيات (1-3): ""وكان يفتاح الجلعادي جبار باس وهو ابن امرأة زانية وجلعاد ولد يفتاح. ثم ولدت امرأة جلعاد له بنين فلما كبر بنو المرأة طردوا يفتاح وقالوا له لا ترث في بيت أبينا لأنك أنت ابن امرأة أخرى. فهرب يفتاح من وجه اخوته وأقام في ارض طوب فاجتمع إلى يفتاح رجال بطالون وكانوا يخرجون معه.""
قضاة,11,4,"الآيات (1-3): ""وكان يفتاح الجلعادي جبار باس وهو ابن امرأة زانية وجلعاد ولد يفتاح. ثم ولدت امرأة جلعاد له بنين فلما كبر بنو المرأة طردوا يفتاح وقالوا له لا ترث في بيت أبينا لأنك أنت ابن امرأة أخرى. فهرب يفتاح من وجه اخوته وأقام في ارض طوب فاجتمع إلى يفتاح رجال بطالون وكانوا يخرجون معه.""
قضاة,11,5,"الآيات (1-3): ""وكان يفتاح الجلعادي جبار باس وهو ابن امرأة زانية وجلعاد ولد يفتاح. ثم ولدت امرأة جلعاد له بنين فلما كبر بنو المرأة طردوا يفتاح وقالوا له لا ترث في بيت أبينا لأنك أنت ابن امرأة أخرى. فهرب يفتاح من وجه اخوته وأقام في ارض طوب فاجتمع إلى يفتاح رجال بطالون وكانوا يخرجون معه.""
قضاة,11,6,"الآيات (1-3): ""وكان يفتاح الجلعادي جبار باس وهو ابن امرأة زانية وجلعاد ولد يفتاح. ثم ولدت امرأة جلعاد له بنين فلما كبر بنو المرأة طردوا يفتاح وقالوا له لا ترث في بيت أبينا لأنك أنت ابن امرأة أخرى. فهرب يفتاح من وجه اخوته وأقام في ارض طوب فاجتمع إلى يفتاح رجال بطالون وكانوا يخرجون معه.""
قضاة,11,7,"الآيات (1-3): ""وكان يفتاح الجلعادي جبار باس وهو ابن امرأة زانية وجلعاد ولد يفتاح. ثم ولدت امرأة جلعاد له بنين فلما كبر بنو المرأة طردوا يفتاح وقالوا له لا ترث في بيت أبينا لأنك أنت ابن امرأة أخرى. فهرب يفتاح من وجه اخوته وأقام في ارض طوب فاجتمع إلى يفتاح رجال بطالون وكانوا يخرجون معه.""
قضاة,11,8,"الآيات (1-3): ""وكان يفتاح الجلعادي جبار باس وهو ابن امرأة زانية وجلعاد ولد يفتاح. ثم ولدت امرأة جلعاد له بنين فلما كبر بنو المرأة طردوا يفتاح وقالوا له لا ترث في بيت أبينا لأنك أنت ابن امرأة أخرى. فهرب يفتاح من وجه اخوته وأقام في ارض طوب فاجتمع إلى يفتاح رجال بطالون وكانوا يخرجون معه.""
قضاة,11,9,"الآيات (1-3): ""وكان يفتاح الجلعادي جبار باس وهو ابن امرأة زانية وجلعاد ولد يفتاح. ثم ولدت امرأة جلعاد له بنين فلما كبر بنو المرأة طردوا يفتاح وقالوا له لا ترث في بيت أبينا لأنك أنت ابن امرأة أخرى. فهرب يفتاح من وجه اخوته وأقام في ارض طوب فاجتمع إلى يفتاح رجال بطالون وكانوا يخرجون معه.""
قضاة,11,10,"الآيات (1-3): ""وكان يفتاح الجلعادي جبار باس وهو ابن امرأة زانية وجلعاد ولد يفتاح. ثم ولدت امرأة جلعاد له بنين فلما كبر بنو المرأة طردوا يفتاح وقالوا له لا ترث في بيت أبينا لأنك أنت ابن امرأة أخرى. فهرب يفتاح من وجه اخوته وأقام في ارض طوب فاجتمع إلى يفتاح رجال بطالون وكانوا يخرجون معه.""
قضاة,11,11,"الآيات (1-3): ""وكان يفتاح الجلعادي جبار باس وهو ابن امرأة زانية وجلعاد ولد يفتاح. ثم ولدت امرأة جلعاد له بنين فلما كبر بنو المرأة طردوا يفتاح وقالوا له لا ترث في بيت أبينا لأنك أنت ابن امرأة أخرى. فهرب يفتاح من وجه اخوته وأقام في ارض طوب فاجتمع إلى يفتاح رجال بطالون وكانوا يخرجون معه.""
قضاة,11,12,"الآيات (1-3): ""وكان يفتاح الجلعادي جبار باس وهو ابن امرأة زانية وجلعاد ولد يفتاح. ثم ولدت امرأة جلعاد له بنين فلما كبر بنو المرأة طردوا يفتاح وقالوا له لا ترث في بيت أبينا لأنك أنت ابن امرأة أخرى. فهرب يفتاح من وجه اخوته وأقام في ارض طوب فاجتمع إلى يفتاح رجال بطالون وكانوا يخرجون معه.""
قضاة,11,13,"الآيات (1-3): ""وكان يفتاح الجلعادي جبار باس وهو ابن امرأة زانية وجلعاد ولد يفتاح. ثم ولدت امرأة جلعاد له بنين فلما كبر بنو المرأة طردوا يفتاح وقالوا له لا ترث في بيت أبينا لأنك أنت ابن امرأة أخرى. فهرب يفتاح من وجه اخوته وأقام في ارض طوب فاجتمع إلى يفتاح رجال بطالون وكانوا يخرجون معه.""
قضاة,11,14,"الآيات (1-3): ""وكان يفتاح الجلعادي جبار باس وهو ابن امرأة زانية وجلعاد ولد يفتاح. ثم ولدت امرأة جلعاد له بنين فلما كبر بنو المرأة طردوا يفتاح وقالوا له لا ترث في بيت أبينا لأنك أنت ابن امرأة أخرى. فهرب يفتاح من وجه اخوته وأقام في ارض طوب فاجتمع إلى يفتاح رجال بطالون وكانوا يخرجون معه.""
قضاة,11,15,"الآيات (1-3): ""وكان يفتاح الجلعادي جبار باس وهو ابن امرأة زانية وجلعاد ولد يفتاح. ثم ولدت امرأة جلعاد له بنين فلما كبر بنو المرأة طردوا يفتاح وقالوا له لا ترث في بيت أبينا لأنك أنت ابن امرأة أخرى. فهرب يفتاح من وجه اخوته وأقام في ارض طوب فاجتمع إلى يفتاح رجال بطالون وكانوا يخرجون معه.""
قضاة,11,16,"الآيات (1-3): ""وكان يفتاح الجلعادي جبار باس وهو ابن امرأة زانية وجلعاد ولد يفتاح. ثم ولدت امرأة جلعاد له بنين فلما كبر بنو المرأة طردوا يفتاح وقالوا له لا ترث في بيت أبينا لأنك أنت ابن امرأة أخرى. فهرب يفتاح من وجه اخوته وأقام في ارض طوب فاجتمع إلى يفتاح رجال بطالون وكانوا يخرجون معه.""
قضاة,11,17,"الآيات (1-3): ""وكان يفتاح الجلعادي جبار باس وهو ابن امرأة زانية وجلعاد ولد يفتاح. ثم ولدت امرأة جلعاد له بنين فلما كبر بنو المرأة طردوا يفتاح وقالوا له لا ترث في بيت أبينا لأنك أنت ابن امرأة أخرى. فهرب يفتاح من وجه اخوته وأقام في ارض طوب فاجتمع إلى يفتاح رجال بطالون وكانوا يخرجون معه.""
قضاة,11,18,"الآيات (1-3): ""وكان يفتاح الجلعادي جبار باس وهو ابن امرأة زانية وجلعاد ولد يفتاح. ثم ولدت امرأة جلعاد له بنين فلما كبر بنو المرأة طردوا يفتاح وقالوا له لا ترث في بيت أبينا لأنك أنت ابن امرأة أخرى. فهرب يفتاح من وجه اخوته وأقام في ارض طوب فاجتمع إلى يفتاح رجال بطالون وكانوا يخرجون معه.""
قضاة,11,19,"الآيات (1-3): ""وكان يفتاح الجلعادي جبار باس وهو ابن امرأة زانية وجلعاد ولد يفتاح. ثم ولدت امرأة جلعاد له بنين فلما كبر بنو المرأة طردوا يفتاح وقالوا له لا ترث في بيت أبينا لأنك أنت ابن امرأة أخرى. فهرب يفتاح من وجه اخوته وأقام في ارض طوب فاجتمع إلى يفتاح رجال بطالون وكانوا يخرجون معه.""
قضاة,11,20,"الآيات (1-3): ""وكان يفتاح الجلعادي جبار باس وهو ابن امرأة زانية وجلعاد ولد يفتاح. ثم ولدت امرأة جلعاد له بنين فلما كبر بنو المرأة طردوا يفتاح وقالوا له لا ترث في بيت أبينا لأنك أنت ابن امرأة أخرى. فهرب يفتاح من وجه اخوته وأقام في ارض طوب فاجتمع إلى يفتاح رجال بطالون وكانوا يخرجون معه.""
قضاة,11,21,"الآيات (1-3): ""وكان يفتاح الجلعادي جبار باس وهو ابن امرأة زانية وجلعاد ولد يفتاح. ثم ولدت امرأة جلعاد له بنين فلما كبر بنو المرأة طردوا يفتاح وقالوا له لا ترث في بيت أبينا لأنك أنت ابن امرأة أخرى. فهرب يفتاح من وجه اخوته وأقام في ارض طوب فاجتمع إلى يفتاح رجال بطالون وكانوا يخرجون معه.""
قضاة,11,22,"الآيات (1-3): ""وكان يفتاح الجلعادي جبار باس وهو ابن امرأة زانية وجلعاد ولد يفتاح. ثم ولدت امرأة جلعاد له بنين فلما كبر بنو المرأة طردوا يفتاح وقالوا له لا ترث في بيت أبينا لأنك أنت ابن امرأة أخرى. فهرب يفتاح من وجه اخوته وأقام في ارض طوب فاجتمع إلى يفتاح رجال بطالون وكانوا يخرجون معه.""
قضاة,11,23,"الآيات (1-3): ""وكان يفتاح الجلعادي جبار باس وهو ابن امرأة زانية وجلعاد ولد يفتاح. ثم ولدت امرأة جلعاد له بنين فلما كبر بنو المرأة طردوا يفتاح وقالوا له لا ترث في بيت أبينا لأنك أنت ابن امرأة أخرى. فهرب يفتاح من وجه اخوته وأقام في ارض طوب فاجتمع إلى يفتاح رجال بطالون وكانوا يخرجون معه.""
قضاة,11,24,"الآيات (1-3): ""وكان يفتاح الجلعادي جبار باس وهو ابن امرأة زانية وجلعاد ولد يفتاح. ثم ولدت امرأة جلعاد له بنين فلما كبر بنو المرأة طردوا يفتاح وقالوا له لا ترث في بيت أبينا لأنك أنت ابن امرأة أخرى. فهرب يفتاح من وجه اخوته وأقام في ارض طوب فاجتمع إلى يفتاح رجال بطالون وكانوا يخرجون معه.""
قضاة,11,25,"الآيات (1-3): ""وكان يفتاح الجلعادي جبار باس وهو ابن امرأة زانية وجلعاد ولد يفتاح. ثم ولدت امرأة جلعاد له بنين فلما كبر بنو المرأة طردوا يفتاح وقالوا له لا ترث في بيت أبينا لأنك أنت ابن امرأة أخرى. فهرب يفتاح من وجه اخوته وأقام في ارض طوب فاجتمع إلى يفتاح رجال بطالون وكانوا يخرجون معه.""
قضاة,11,26,"الآيات (1-3): ""وكان يفتاح الجلعادي جبار باس وهو ابن امرأة زانية وجلعاد ولد يفتاح. ثم ولدت امرأة جلعاد له بنين فلما كبر بنو المرأة طردوا يفتاح وقالوا له لا ترث في بيت أبينا لأنك أنت ابن امرأة أخرى. فهرب يفتاح من وجه اخوته وأقام في ارض طوب فاجتمع إلى يفتاح رجال بطالون وكانوا يخرجون معه.""
قضاة,11,27,"الآيات (1-3): ""وكان يفتاح الجلعادي جبار باس وهو ابن امرأة زانية وجلعاد ولد يفتاح. ثم ولدت امرأة جلعاد له بنين فلما كبر بنو المرأة طردوا يفتاح وقالوا له لا ترث في بيت أبينا لأنك أنت ابن امرأة أخرى. فهرب يفتاح من وجه اخوته وأقام في ارض طوب فاجتمع إلى يفتاح رجال بطالون وكانوا يخرجون معه.""
قضاة,11,28,"الآيات (1-3): ""وكان يفتاح الجلعادي جبار باس وهو ابن امرأة زانية وجلعاد ولد يفتاح. ثم ولدت امرأة جلعاد له بنين فلما كبر بنو المرأة طردوا يفتاح وقالوا له لا ترث في بيت أبينا لأنك أنت ابن امرأة أخرى. فهرب يفتاح من وجه اخوته وأقام في ارض طوب فاجتمع إلى يفتاح رجال بطالون وكانوا يخرجون معه.""
قضاة,11,29,"الآيات (1-3): ""وكان يفتاح الجلعادي جبار باس وهو ابن امرأة زانية وجلعاد ولد يفتاح. ثم ولدت امرأة جلعاد له بنين فلما كبر بنو المرأة طردوا يفتاح وقالوا له لا ترث في بيت أبينا لأنك أنت ابن امرأة أخرى. فهرب يفتاح من وجه اخوته وأقام في ارض طوب فاجتمع إلى يفتاح رجال بطالون وكانوا يخرجون معه.""
قضاة,11,30,"الآيات (1-3): ""وكان يفتاح الجلعادي جبار باس وهو ابن امرأة زانية وجلعاد ولد يفتاح. ثم ولدت امرأة جلعاد له بنين فلما كبر بنو المرأة طردوا يفتاح وقالوا له لا ترث في بيت أبينا لأنك أنت ابن امرأة أخرى. فهرب يفتاح من وجه اخوته وأقام في ارض طوب فاجتمع إلى يفتاح رجال بطالون وكانوا يخرجون معه.""
قضاة,11,31,"الآيات (1-3): ""وكان يفتاح الجلعادي جبار باس وهو ابن امرأة زانية وجلعاد ولد يفتاح. ثم ولدت امرأة جلعاد له بنين فلما كبر بنو المرأة طردوا يفتاح وقالوا له لا ترث في بيت أبينا لأنك أنت ابن امرأة أخرى. فهرب يفتاح من وجه اخوته وأقام في ارض طوب فاجتمع إلى يفتاح رجال بطالون وكانوا يخرجون معه.""
قضاة,11,32,"الآيات (1-3): ""وكان يفتاح الجلعادي جبار باس وهو ابن امرأة زانية وجلعاد ولد يفتاح. ثم ولدت امرأة جلعاد له بنين فلما كبر بنو المرأة طردوا يفتاح وقالوا له لا ترث في بيت أبينا لأنك أنت ابن امرأة أخرى. فهرب يفتاح من وجه اخوته وأقام في ارض طوب فاجتمع إلى يفتاح رجال بطالون وكانوا يخرجون معه.""
قضاة,11,33,"الآيات (1-3): ""وكان يفتاح الجلعادي جبار باس وهو ابن امرأة زانية وجلعاد ولد يفتاح. ثم ولدت امرأة جلعاد له بنين فلما كبر بنو المرأة طردوا يفتاح وقالوا له لا ترث في بيت أبينا لأنك أنت ابن امرأة أخرى. فهرب يفتاح من وجه اخوته وأقام في ارض طوب فاجتمع إلى يفتاح رجال بطالون وكانوا يخرجون معه.""
قضاة,11,34,"الآيات (1-3): ""وكان يفتاح الجلعادي جبار باس وهو ابن امرأة زانية وجلعاد ولد يفتاح. ثم ولدت امرأة جلعاد له بنين فلما كبر بنو المرأة طردوا يفتاح وقالوا له لا ترث في بيت أبينا لأنك أنت ابن امرأة أخرى. فهرب يفتاح من وجه اخوته وأقام في ارض طوب فاجتمع إلى يفتاح رجال بطالون وكانوا يخرجون معه.""
قضاة,11,35,"الآيات (1-3): ""وكان يفتاح الجلعادي جبار باس وهو ابن امرأة زانية وجلعاد ولد يفتاح. ثم ولدت امرأة جلعاد له بنين فلما كبر بنو المرأة طردوا يفتاح وقالوا له لا ترث في بيت أبينا لأنك أنت ابن امرأة أخرى. فهرب يفتاح من وجه اخوته وأقام في ارض طوب فاجتمع إلى يفتاح رجال بطالون وكانوا يخرجون معه.""
قضاة,11,36,"الآيات (1-3): ""وكان يفتاح الجلعادي جبار باس وهو ابن امرأة زانية وجلعاد ولد يفتاح. ثم ولدت امرأة جلعاد له بنين فلما كبر بنو المرأة طردوا يفتاح وقالوا له لا ترث في بيت أبينا لأنك أنت ابن امرأة أخرى. فهرب يفتاح من وجه اخوته وأقام في ارض طوب فاجتمع إلى يفتاح رجال بطالون وكانوا يخرجون معه.""
قضاة,11,37,"الآيات (1-3): ""وكان يفتاح الجلعادي جبار باس وهو ابن امرأة زانية وجلعاد ولد يفتاح. ثم ولدت امرأة جلعاد له بنين فلما كبر بنو المرأة طردوا يفتاح وقالوا له لا ترث في بيت أبينا لأنك أنت ابن امرأة أخرى. فهرب يفتاح من وجه اخوته وأقام في ارض طوب فاجتمع إلى يفتاح رجال بطالون وكانوا يخرجون معه.""
قضاة,11,38,"الآيات (1-3): ""وكان يفتاح الجلعادي جبار باس وهو ابن امرأة زانية وجلعاد ولد يفتاح. ثم ولدت امرأة جلعاد له بنين فلما كبر بنو المرأة طردوا يفتاح وقالوا له لا ترث في بيت أبينا لأنك أنت ابن امرأة أخرى. فهرب يفتاح من وجه اخوته وأقام في ارض طوب فاجتمع إلى يفتاح رجال بطالون وكانوا يخرجون معه.""
قضاة,11,39,"الآيات (1-3): ""وكان يفتاح الجلعادي جبار باس وهو ابن امرأة زانية وجلعاد ولد يفتاح. ثم ولدت امرأة جلعاد له بنين فلما كبر بنو المرأة طردوا يفتاح وقالوا له لا ترث في بيت أبينا لأنك أنت ابن امرأة أخرى. فهرب يفتاح من وجه اخوته وأقام في ارض طوب فاجتمع إلى يفتاح رجال بطالون وكانوا يخرجون معه.""
قضاة,11,40,"الآيات (1-3): ""وكان يفتاح الجلعادي جبار باس وهو ابن امرأة زانية وجلعاد ولد يفتاح. ثم ولدت امرأة جلعاد له بنين فلما كبر بنو المرأة طردوا يفتاح وقالوا له لا ترث في بيت أبينا لأنك أنت ابن امرأة أخرى. فهرب يفتاح من وجه اخوته وأقام في ارض طوب فاجتمع إلى يفتاح رجال بطالون وكانوا يخرجون معه.""
قضاة,11,41,"الآيات (1-3): ""وكان يفتاح الجلعادي جبار باس وهو ابن امرأة زانية وجلعاد ولد يفتاح. ثم ولدت امرأة جلعاد له بنين فلما كبر بنو المرأة طردوا يفتاح وقالوا له لا ترث في بيت أبينا لأنك أنت ابن امرأة أخرى. فهرب يفتاح من وجه اخوته وأقام في ارض طوب فاجتمع إلى يفتاح رجال بطالون وكانوا يخرجون معه.""
قضاة,11,42,"الآيات (1-3): ""وكان يفتاح الجلعادي جبار باس وهو ابن امرأة زانية وجلعاد ولد يفتاح. ثم ولدت امرأة جلعاد له بنين فلما كبر بنو المرأة طردوا يفتاح وقالوا له لا ترث في بيت أبينا لأنك أنت ابن امرأة أخرى. فهرب يفتاح من وجه اخوته وأقام في ارض طوب فاجتمع إلى يفتاح رجال بطالون وكانوا يخرجون معه.""
قضاة,11,43,"الآيات (1-3): ""وكان يفتاح الجلعادي جبار باس وهو ابن امرأة زانية وجلعاد ولد يفتاح. ثم ولدت امرأة جلعاد له بنين فلما كبر بنو المرأة طردوا يفتاح وقالوا له لا ترث في بيت أبينا لأنك أنت ابن امرأة أخرى. فهرب يفتاح من وجه اخوته وأقام في ارض طوب فاجتمع إلى يفتاح رجال بطالون وكانوا يخرجون معه.""
قضاة,11,44,"الآيات (1-3): ""وكان يفتاح الجلعادي جبار باس وهو ابن امرأة زانية وجلعاد ولد يفتاح. ثم ولدت امرأة جلعاد له بنين فلما كبر بنو المرأة طردوا يفتاح وقالوا له لا ترث في بيت أبينا لأنك أنت ابن امرأة أخرى. فهرب يفتاح من وجه اخوته وأقام في ارض طوب فاجتمع إلى يفتاح رجال بطالون وكانوا يخرجون معه.""
قضاة,11,45,"الآيات (1-3): ""وكان يفتاح الجلعادي جبار باس وهو ابن امرأة زانية وجلعاد ولد يفتاح. ثم ولدت امرأة جلعاد له بنين فلما كبر بنو المرأة طردوا يفتاح وقالوا له لا ترث في بيت أبينا لأنك أنت ابن امرأة أخرى. فهرب يفتاح من وجه اخوته وأقام في ارض طوب فاجتمع إلى يفتاح رجال بطالون وكانوا يخرجون معه.""
قضاة,11,46,"الآيات (1-3): ""وكان يفتاح الجلعادي جبار باس وهو ابن امرأة زانية وجلعاد ولد يفتاح. ثم ولدت امرأة جلعاد له بنين فلما كبر بنو المرأة طردوا يفتاح وقالوا له لا ترث في بيت أبينا لأنك أنت ابن امرأة أخرى. فهرب يفتاح من وجه اخوته وأقام في ارض طوب فاجتمع إلى يفتاح رجال بطالون وكانوا يخرجون معه.""
قضاة,11,47,"الآيات (1-3): ""وكان يفتاح الجلعادي جبار باس وهو ابن امرأة زانية وجلعاد ولد يفتاح. ثم ولدت امرأة جلعاد له بنين فلما كبر بنو المرأة طردوا يفتاح وقالوا له لا ترث في بيت أبينا لأنك أنت ابن امرأة أخرى. فهرب يفتاح من وجه اخوته وأقام في ارض طوب فاجتمع إلى يفتاح رجال بطالون وكانوا يخرجون معه.""
قضاة,11,48,"الآيات (1-3): ""وكان يفتاح الجلعادي جبار باس وهو ابن امرأة زانية وجلعاد ولد يفتاح. ثم ولدت امرأة جلعاد له بنين فلما كبر بنو المرأة طردوا يفتاح وقالوا له لا ترث في بيت أبينا لأنك أنت ابن امرأة أخرى. فهرب يفتاح من وجه اخوته وأقام في ارض طوب فاجتمع إلى يفتاح رجال بطالون وكانوا يخرجون معه.""
قضاة,11,49,"الآيات (1-3): ""وكان يفتاح الجلعادي جبار باس وهو ابن امرأة زانية وجلعاد ولد يفتاح. ثم ولدت امرأة جلعاد له بنين فلما كبر بنو المرأة طردوا يفتاح وقالوا له لا ترث في بيت أبينا لأنك أنت ابن امرأة أخرى. فهرب يفتاح من وجه اخوته وأقام في ارض طوب فاجتمع إلى يفتاح رجال بطالون وكانوا يخرجون معه.""
قضاة,11,50,"الآيات (1-3): ""وكان يفتاح الجلعادي جبار باس وهو ابن امرأة زانية وجلعاد ولد يفتاح. ثم ولدت امرأة جلعاد له بنين فلما كبر بنو المرأة طردوا يفتاح وقالوا له لا ترث في بيت أبينا لأنك أنت ابن امرأة أخرى. فهرب يفتاح من وجه اخوته وأقام في ارض طوب فاجتمع إلى يفتاح رجال بطالون وكانوا يخرجون معه.""
قضاة,11,51,"الآيات (1-3): ""وكان يفتاح الجلعادي جبار باس وهو ابن امرأة زانية وجلعاد ولد يفتاح. ثم ولدت امرأة جلعاد له بنين فلما كبر بنو المرأة طردوا يفتاح وقالوا له لا ترث في بيت أبينا لأنك أنت ابن امرأة أخرى. فهرب يفتاح من وجه اخوته وأقام في ارض طوب فاجتمع إلى يفتاح رجال بطالون وكانوا يخرجون معه.""
قضاة,11,52,"الآيات (1-3): ""وكان يفتاح الجلعادي جبار باس وهو ابن امرأة زانية وجلعاد ولد يفتاح. ثم ولدت امرأة جلعاد له بنين فلما كبر بنو المرأة طردوا يفتاح وقالوا له لا ترث في بيت أبينا لأنك أنت ابن امرأة أخرى. فهرب يفتاح من وجه اخوته وأقام في ارض طوب فاجتمع إلى يفتاح رجال بطالون وكانوا يخرجون معه.""
قضاة,11,53,"الآيات (1-3): ""وكان يفتاح الجلعادي جبار باس وهو ابن امرأة زانية وجلعاد ولد يفتاح. ثم ولدت امرأة جلعاد له بنين فلما كبر بنو المرأة طردوا يفتاح وقالوا له لا ترث في بيت أبينا لأنك أنت ابن امرأة أخرى. فهرب يفتاح من وجه اخوته وأقام في ارض طوب فاجتمع إلى يفتاح رجال بطالون وكانوا يخرجون معه.""
قضاة,11,54,"الآيات (1-3): ""وكان يفتاح الجلعادي جبار باس وهو ابن امرأة زانية وجلعاد ولد يفتاح. ثم ولدت امرأة جلعاد له بنين فلما كبر بنو المرأة طردوا يفتاح وقالوا له لا ترث في بيت أبينا لأنك أنت ابن امرأة أخرى. فهرب يفتاح من وجه اخوته وأقام في ارض طوب فاجتمع إلى يفتاح رجال بطالون وكانوا يخرجون معه.""
قضاة,11,55,"الآيات (1-3): ""وكان يفتاح الجلعادي جبار باس وهو ابن امرأة زانية وجلعاد ولد يفتاح. ثم ولدت امرأة جلعاد له بنين فلما كبر بنو المرأة طردوا يفتاح وقالوا له لا ترث في بيت أبينا لأنك أنت ابن امرأة أخرى. فهرب يفتاح من وجه اخوته وأقام في ارض طوب فاجتمع إلى يفتاح رجال بطالون وكانوا يخرجون معه.""
قضاة,11,56,"الآيات (1-3): ""وكان يفتاح الجلعادي جبار باس وهو ابن امرأة زانية وجلعاد ولد يفتاح. ثم ولدت امرأة جلعاد له بنين فلما كبر بنو المرأة طردوا يفتاح وقالوا له لا ترث في بيت أبينا لأنك أنت ابن امرأة أخرى. فهرب يفتاح من وجه اخوته وأقام في ارض طوب فاجتمع إلى يفتاح رجال بطالون وكانوا يخرجون معه.""
قضاة,11,57,"الآيات (1-3): ""وكان يفتاح الجلعادي جبار باس وهو ابن امرأة زانية وجلعاد ولد يفتاح. ثم ولدت امرأة جلعاد له بنين فلما كبر بنو المرأة طردوا يفتاح وقالوا له لا ترث في بيت أبينا لأنك أنت ابن امرأة أخرى. فهرب يفتاح من وجه اخوته وأقام في ارض طوب فاجتمع إلى يفتاح رجال بطالون وكانوا يخرجون معه.""
قضاة,11,58,"الآيات (1-3): ""وكان يفتاح الجلعادي جبار باس وهو ابن امرأة زانية وجلعاد ولد يفتاح. ثم ولدت امرأة جلعاد له بنين فلما كبر بنو المرأة طردوا يفتاح وقالوا له لا ترث في بيت أبينا لأنك أنت ابن امرأة أخرى. فهرب يفتاح من وجه اخوته وأقام في ارض طوب فاجتمع إلى يفتاح رجال بطالون وكانوا يخرجون معه.""
قضاة,11,59,"الآيات (1-3): ""وكان يفتاح الجلعادي جبار باس وهو ابن امرأة زانية وجلعاد ولد يفتاح. ثم ولدت امرأة جلعاد له بنين فلما كبر بنو المرأة طردوا يفتاح وقالوا له لا ترث في بيت أبينا لأنك أنت ابن امرأة أخرى. فهرب يفتاح من وجه اخوته وأقام في ارض طوب فاجتمع إلى يفتاح رجال بطالون وكانوا يخرجون معه.""
قضاة,11,60,"الآيات (1-3): ""وكان يفتاح الجلعادي جبار باس وهو ابن امرأة زانية وجلعاد ولد يفتاح. ثم ولدت امرأة جلعاد له بنين فلما كبر بنو المرأة طردوا يفتاح وقالوا له لا ترث في بيت أبينا لأنك أنت ابن امرأة أخرى. فهرب يفتاح من وجه اخوته وأقام في ارض طوب فاجتمع إلى يفتاح رجال بطالون وكانوا يخرجون معه.""
قضاة,11,61,"الآيات (1-3): ""وكان يفتاح الجلعادي جبار باس وهو ابن امرأة زانية وجلعاد ولد يفتاح. ثم ولدت امرأة جلعاد له بنين فلما كبر بنو المرأة طردوا يفتاح وقالوا له لا ترث في بيت أبينا لأنك أنت ابن امرأة أخرى. فهرب يفتاح من وجه اخوته وأقام في ارض طوب فاجتمع إلى يفتاح رجال بطالون وكانوا يخرجون معه.""
قضاة,11,62,"الآيات (1-3): ""وكان يفتاح الجلعادي جبار باس وهو ابن امرأة زانية وجلعاد ولد يفتاح. ثم ولدت امرأة جلعاد له بنين فلما كبر بنو المرأة طردوا يفتاح وقالوا له لا ترث في بيت أبينا لأنك أنت ابن امرأة أخرى. فهرب يفتاح من وجه اخوته وأقام في ارض طوب فاجتمع إلى يفتاح رجال بطالون وكانوا يخرجون معه.""
قضاة,11,63,"الآيات (1-3): ""وكان يفتاح الجلعادي جبار باس وهو ابن امرأة زانية وجلعاد ولد يفتاح. ثم ولدت امرأة جلعاد له بنين فلما كبر بنو المرأة طردوا يفتاح وقالوا له لا ترث في بيت أبينا لأنك أنت ابن امرأة أخرى. فهرب يفتاح من وجه اخوته وأقام في ارض طوب فاجتمع إلى يفتاح رجال بطالون وكانوا يخرجون معه.""
قضاة,11,64,"الآيات (1-3): ""وكان يفتاح الجلعادي جبار باس وهو ابن امرأة زانية وجلعاد ولد يفتاح. ثم ولدت امرأة جلعاد له بنين فلما كبر بنو المرأة طردوا يفتاح وقالوا له لا ترث في بيت أبينا لأنك أنت ابن امرأة أخرى. فهرب يفتاح من وجه اخوته وأقام في ارض طوب فاجتمع إلى يفتاح رجال بطالون وكانوا يخرجون معه.""
قضاة,11,65,"الآيات (1-3): ""وكان يفتاح الجلعادي جبار باس وهو ابن امرأة زانية وجلعاد ولد يفتاح. ثم ولدت امرأة جلعاد له بنين فلما كبر بنو المرأة طردوا يفتاح وقالوا له لا ترث في بيت أبينا لأنك أنت ابن امرأة أخرى. فهرب يفتاح من وجه اخوته وأقام في ارض طوب فاجتمع إلى يفتاح رجال بطالون وكانوا يخرجون معه.""
قضاة,11,66,"الآيات (1-3): ""وكان يفتاح الجلعادي جبار باس وهو ابن امرأة زانية وجلعاد ولد يفتاح. ثم ولدت امرأة جلعاد له بنين فلما كبر بنو المرأة طردوا يفتاح وقالوا له لا ترث في بيت أبينا لأنك أنت ابن امرأة أخرى. فهرب يفتاح من وجه اخوته وأقام في ارض طوب فاجتمع إلى يفتاح رجال بطالون وكانوا يخرجون معه.""
قضاة,11,67,"الآيات (1-3): ""وكان يفتاح الجلعادي جبار باس وهو ابن امرأة زانية وجلعاد ولد يفتاح. ثم ولدت امرأة جلعاد له بنين فلما كبر بنو المرأة طردوا يفتاح وقالوا له لا ترث في بيت أبينا لأنك أنت ابن امرأة أخرى. فهرب يفتاح من وجه اخوته وأقام في ارض طوب فاجتمع إلى يفتاح رجال بطالون وكانوا يخرجون معه.""
قضاة,11,68,"الآيات (1-3): ""وكان يفتاح الجلعادي جبار باس وهو ابن امرأة زانية وجلعاد ولد يفتاح. ثم ولدت امرأة جلعاد له بنين فلما كبر بنو المرأة طردوا يفتاح وقالوا له لا ترث في بيت أبينا لأنك أنت ابن امرأة أخرى. فهرب يفتاح من وجه اخوته وأقام في ارض طوب فاجتمع إلى يفتاح رجال بطالون وكانوا يخرجون معه.""
قضاة,11,69,"الآيات (1-3): ""وكان يفتاح الجلعادي جبار باس وهو ابن امرأة زانية وجلعاد ولد يفتاح. ثم ولدت امرأة جلعاد له بنين فلما كبر بنو المرأة طردوا يفتاح وقالوا له لا ترث في بيت أبينا لأنك أنت ابن امرأة أخرى. فهرب يفتاح من وجه اخوته وأقام في ارض طوب فاجتمع إلى يفتاح رجال بطالون وكانوا يخرجون معه.""
قضاة,11,70,"الآيات (1-3): ""وكان يفتاح الجلعادي جبار باس وهو ابن امرأة زانية وجلعاد ولد يفتاح. ثم ولدت امرأة جلعاد له بنين فلما كبر بنو المرأة طردوا يفتاح وقالوا له لا ترث في بيت أبينا لأنك أنت ابن امرأة أخرى. فهرب يفتاح من وجه اخوته وأقام في ارض طوب فاجتمع إلى يفتاح رجال بطالون وكانوا يخرجون معه.""
قضاة,11,71,"الآيات (1-3): ""وكان يفتاح الجلعادي جبار باس وهو ابن امرأة زانية وجلعاد ولد يفتاح. ثم ولدت امرأة جلعاد له بنين فلما كبر بنو المرأة طردوا يفتاح وقالوا له لا ترث في بيت أبينا لأنك أنت ابن امرأة أخرى. فهرب يفتاح من وجه اخوته وأقام في ارض طوب فاجتمع إلى يفتاح رجال بطالون وكانوا يخرجون معه.""
قضاة,11,72,"الآيات (1-3): ""وكان يفتاح الجلعادي جبار باس وهو ابن امرأة زانية وجلعاد ولد يفتاح. ثم ولدت امرأة جلعاد له بنين فلما كبر بنو المرأة طردوا يفتاح وقالوا له لا ترث في بيت أبينا لأنك أنت ابن امرأة أخرى. فهرب يفتاح من وجه اخوته وأقام في ارض طوب فاجتمع إلى يفتاح رجال بطالون وكانوا يخرجون معه.""
قضاة,11,73,"الآيات (1-3): ""وكان يفتاح الجلعادي جبار باس وهو ابن امرأة زانية وجلعاد ولد يفتاح. ثم ولدت امرأة جلعاد له بنين فلما كبر بنو المرأة طردوا يفتاح وقالوا له لا ترث في بيت أبينا لأنك أنت ابن امرأة أخرى. فهرب يفتاح من وجه اخوته وأقام في ارض طوب فاجتمع إلى يفتاح رجال بطالون وكانوا يخرجون معه.""
قضاة,11,74,"الآيات (1-3): ""وكان يفتاح الجلعادي جبار باس وهو ابن امرأة زانية وجلعاد ولد يفتاح. ثم ولدت امرأة جلعاد له بنين فلما كبر بنو المرأة طردوا يفتاح وقالوا له لا ترث في بيت أبينا لأنك أنت ابن امرأة أخرى. فهرب يفتاح من وجه اخوته وأقام في ارض طوب فاجتمع إلى يفتاح رجال بطالون وكانوا يخرجون معه.""
قضاة,11,75,"الآيات (1-3): ""وكان يفتاح الجلعادي جبار باس وهو ابن امرأة زانية وجلعاد ولد يفتاح. ثم ولدت امرأة جلعاد له بنين فلما كبر بنو المرأة طردوا يفتاح وقالوا له لا ترث في بيت أبينا لأنك أنت ابن امرأة أخرى. فهرب يفتاح من وجه اخوته وأقام في ارض طوب فاجتمع إلى يفتاح رجال بطالون وكانوا يخرجون معه.""
قضاة,11,76,"الآيات (1-3): ""وكان يفتاح الجلعادي جبار باس وهو ابن امرأة زانية وجلعاد ولد يفتاح. ثم ولدت امرأة جلعاد له بنين فلما كبر بنو المرأة طردوا يفتاح وقالوا له لا ترث في بيت أبينا لأنك أنت ابن امرأة أخرى. فهرب يفتاح من وجه اخوته وأقام في ارض طوب فاجتمع إلى يفتاح رجال بطالون وكانوا يخرجون معه.""
قضاة,11,77,"الآيات (1-3): ""وكان يفتاح الجلعادي جبار باس وهو ابن امرأة زانية وجلعاد ولد يفتاح. ثم ولدت امرأة جلعاد له بنين فلما كبر بنو المرأة طردوا يفتاح وقالوا له لا ترث في بيت أبينا لأنك أنت ابن امرأة أخرى. فهرب يفتاح من وجه اخوته وأقام في ارض طوب فاجتمع إلى يفتاح رجال بطالون وكانوا يخرجون معه.""
قضاة,11,78,"الآيات (1-3): ""وكان يفتاح الجلعادي جبار باس وهو ابن امرأة زانية وجلعاد ولد يفتاح. ثم ولدت امرأة جلعاد له بنين فلما كبر بنو المرأة طردوا يفتاح وقالوا له لا ترث في بيت أبينا لأنك أنت ابن امرأة أخرى. فهرب يفتاح من وجه اخوته وأقام في ارض طوب فاجتمع إلى يفتاح رجال بطالون وكانوا يخرجون معه.""
قضاة,11,79,"الآيات (1-3): ""وكان يفتاح الجلعادي جبار باس وهو ابن امرأة زانية وجلعاد ولد يفتاح. ثم ولدت امرأة جلعاد له بنين فلما كبر بنو المرأة طردوا يفتاح وقالوا له لا ترث في بيت أبينا لأنك أنت ابن امرأة أخرى. فهرب يفتاح من وجه اخوته وأقام في ارض طوب فاجتمع إلى يفتاح رجال بطالون وكانوا يخرجون معه.""
قضاة,11,80,"الآيات (1-3): ""وكان يفتاح الجلعادي جبار باس وهو ابن امرأة زانية وجلعاد ولد يفتاح. ثم ولدت امرأة جلعاد له بنين فلما كبر بنو المرأة طردوا يفتاح وقالوا له لا ترث في بيت أبينا لأنك أنت ابن امرأة أخرى. فهرب يفتاح من وجه اخوته وأقام في ارض طوب فاجتمع إلى يفتاح رجال بطالون وكانوا يخرجون معه.""
قضاة,11,81,"الآيات (1-3): ""وكان يفتاح الجلعادي جبار باس وهو ابن امرأة زانية وجلعاد ولد يفتاح. ثم ولدت امرأة جلعاد له بنين فلما كبر بنو المرأة طردوا يفتاح وقالوا له لا ترث في بيت أبينا لأنك أنت ابن امرأة أخرى. فهرب يفتاح من وجه اخوته وأقام في ارض طوب فاجتمع إلى يفتاح رجال بطالون وكانوا يخرجون معه.""
قضاة,11,82,"الآيات (1-3): ""وكان يفتاح الجلعادي جبار باس وهو ابن امرأة زانية وجلعاد ولد يفتاح. ثم ولدت امرأة جلعاد له بنين فلما كبر بنو المرأة طردوا يفتاح وقالوا له لا ترث في بيت أبينا لأنك أنت ابن امرأة أخرى. فهرب يفتاح من وجه اخوته وأقام في ارض طوب فاجتمع إلى يفتاح رجال بطالون وكانوا يخرجون معه.""
قضاة,11,83,"الآيات (1-3): ""وكان يفتاح الجلعادي جبار باس وهو ابن امرأة زانية وجلعاد ولد يفتاح. ثم ولدت امرأة جلعاد له بنين فلما كبر بنو المرأة طردوا يفتاح وقالوا له لا ترث في بيت أبينا لأنك أنت ابن امرأة أخرى. فهرب يفتاح من وجه اخوته وأقام في ارض طوب فاجتمع إلى يفتاح رجال بطالون وكانوا يخرجون معه.""
قضاة,11,84,"الآيات (1-3): ""وكان يفتاح الجلعادي جبار باس وهو ابن امرأة زانية وجلعاد ولد يفتاح. ثم ولدت امرأة جلعاد له بنين فلما كبر بنو المرأة طردوا يفتاح وقالوا له لا ترث في بيت أبينا لأنك أنت ابن امرأة أخرى. فهرب يفتاح من وجه اخوته وأقام في ارض طوب فاجتمع إلى يفتاح رجال بطالون وكانوا يخرجون معه.""
قضاة,11,85,"الآيات (1-3): ""وكان يفتاح الجلعادي جبار باس وهو ابن امرأة زانية وجلعاد ولد يفتاح. ثم ولدت امرأة جلعاد له بنين فلما كبر بنو المرأة طردوا يفتاح وقالوا له لا ترث في بيت أبينا لأنك أنت ابن امرأة أخرى. فهرب يفتاح من وجه اخوته وأقام في ارض طوب فاجتمع إلى يفتاح رجال بطالون وكانوا يخرجون معه.""
قضاة,11,86,"الآيات (1-3): ""وكان يفتاح الجلعادي جبار باس وهو ابن امرأة زانية وجلعاد ولد يفتاح. ثم ولدت امرأة جلعاد له بنين فلما كبر بنو المرأة طردوا يفتاح وقالوا له لا ترث في بيت أبينا لأنك أنت ابن امرأة أخرى. فهرب يفتاح من وجه اخوته وأقام في ارض طوب فاجتمع إلى يفتاح رجال بطالون وكانوا يخرجون معه.""
قضاة,11,87,"الآيات (1-3): ""وكان يفتاح الجلعادي جبار باس وهو ابن امرأة زانية وجلعاد ولد يفتاح. ثم ولدت امرأة جلعاد له بنين فلما كبر بنو المرأة طردوا يفتاح وقالوا له لا ترث في بيت أبينا لأنك أنت ابن امرأة أخرى. فهرب يفتاح من وجه اخوته وأقام في ارض طوب فاجتمع إلى يفتاح رجال بطالون وكانوا يخرجون معه.""
قضاة,11,88,"الآيات (1-3): ""وكان يفتاح الجلعادي جبار باس وهو ابن امرأة زانية وجلعاد ولد يفتاح. ثم ولدت امرأة جلعاد له بنين فلما كبر بنو المرأة طردوا يفتاح وقالوا له لا ترث في بيت أبينا لأنك أنت ابن امرأة أخرى. فهرب يفتاح من وجه اخوته وأقام في ارض طوب فاجتمع إلى يفتاح رجال بطالون وكانوا يخرجون معه.""
قضاة,11,89,"الآيات (1-3): ""وكان يفتاح الجلعادي جبار باس وهو ابن امرأة زانية وجلعاد ولد يفتاح. ثم ولدت امرأة جلعاد له بنين فلما كبر بنو المرأة طردوا يفتاح وقالوا له لا ترث في بيت أبينا لأنك أنت ابن امرأة أخرى. فهرب يفتاح من وجه اخوته وأقام في ارض طوب فاجتمع إلى يفتاح رجال بطالون وكانوا يخرجون معه.""
قضاة,11,90,"الآيات (1-3): ""وكان يفتاح الجلعادي جبار باس وهو ابن امرأة زانية وجلعاد ولد يفتاح. ثم ولدت امرأة جلعاد له بنين فلما كبر بنو المرأة طردوا يفتاح وقالوا له لا ترث في بيت أبينا لأنك أنت ابن امرأة أخرى. فهرب يفتاح من وجه اخوته وأقام في ارض طوب فاجتمع إلى يفتاح رجال بطالون وكانوا يخرجون معه.""
قضاة,11,91,"الآيات (1-3): ""وكان يفتاح الجلعادي جبار باس وهو ابن امرأة زانية وجلعاد ولد يفتاح. ثم ولدت امرأة جلعاد له بنين فلما كبر بنو المرأة طردوا يفتاح وقالوا له لا ترث في بيت أبينا لأنك أنت ابن امرأة أخرى. فهرب يفتاح من وجه اخوته وأقام في ارض طوب فاجتمع إلى يفتاح رجال بطالون وكانوا يخرجون معه.""
قضاة,11,92,"الآيات (1-3): ""وكان يفتاح الجلعادي جبار باس وهو ابن امرأة زانية وجلعاد ولد يفتاح. ثم ولدت امرأة جلعاد له بنين فلما كبر بنو المرأة طردوا يفتاح وقالوا له لا ترث في بيت أبينا لأنك أنت ابن امرأة أخرى. فهرب يفتاح من وجه اخوته وأقام في ارض طوب فاجتمع إلى يفتاح رجال بطالون وكانوا يخرجون معه.""
قضاة,11,93,"الآيات (1-3): ""وكان يفتاح الجلعادي جبار باس وهو ابن امرأة زانية وجلعاد ولد يفتاح. ثم ولدت امرأة جلعاد له بنين فلما كبر بنو المرأة طردوا يفتاح وقالوا له لا ترث في بيت أبينا لأنك أنت ابن امرأة أخرى. فهرب يفتاح من وجه اخوته وأقام في ارض طوب فاجتمع إلى يفتاح رجال بطالون وكانوا يخرجون معه.""
قضاة,11,94,"الآيات (1-3): ""وكان يفتاح الجلعادي جبار باس وهو ابن امرأة زانية وجلعاد ولد يفتاح. ثم ولدت امرأة جلعاد له بنين فلما كبر بنو المرأة طردوا يفتاح وقالوا له لا ترث في بيت أبينا لأنك أنت ابن امرأة أخرى. فهرب يفتاح من وجه اخوته وأقام في ارض طوب فاجتمع إلى يفتاح رجال بطالون وكانوا يخرجون معه.""
قضاة,11,95,"الآيات (1-3): ""وكان يفتاح الجلعادي جبار باس وهو ابن امرأة زانية وجلعاد ولد يفتاح. ثم ولدت امرأة جلعاد له بنين فلما كبر بنو المرأة طردوا يفتاح وقالوا له لا ترث في بيت أبينا لأنك أنت ابن امرأة أخرى. فهرب يفتاح من وجه اخوته وأقام في ارض طوب فاجتمع إلى يفتاح رجال بطالون وكانوا يخرجون معه.""
قضاة,11,96,"الآيات (1-3): ""وكان يفتاح الجلعادي جبار باس وهو ابن امرأة زانية وجلعاد ولد يفتاح. ثم ولدت امرأة جلعاد له بنين فلما كبر بنو المرأة طردوا يفتاح وقالوا له لا ترث في بيت أبينا لأنك أنت ابن امرأة أخرى. فهرب يفتاح من وجه اخوته وأقام في ارض طوب فاجتمع إلى يفتاح رجال بطالون وكانوا يخرجون معه.""
قضاة,11,97,"الآيات (1-3): ""وكان يفتاح الجلعادي جبار باس وهو ابن امرأة زانية وجلعاد ولد يفتاح. ثم ولدت امرأة جلعاد له بنين فلما كبر بنو المرأة طردوا يفتاح وقالوا له لا ترث في بيت أبينا لأنك أنت ابن امرأة أخرى. فهرب يفتاح من وجه اخوته وأقام في ارض طوب فاجتمع إلى يفتاح رجال بطالون وكانوا يخرجون معه.""
قضاة,11,98,"الآيات (1-3): ""وكان يفتاح الجلعادي جبار باس وهو ابن امرأة زانية وجلعاد ولد يفتاح. ثم ولدت امرأة جلعاد له بنين فلما كبر بنو المرأة طردوا يفتاح وقالوا له لا ترث في بيت أبينا لأنك أنت ابن امرأة أخرى. فهرب يفتاح من وجه اخوته وأقام في ارض طوب فاجتمع إلى يفتاح رجال بطالون وكانوا يخرجون معه.""
قضاة,11,99,"الآيات (1-3): ""وكان يفتاح الجلعادي جبار باس وهو ابن امرأة زانية وجلعاد ولد يفتاح. ثم ولدت امرأة جلعاد له بنين فلما كبر بنو المرأة طردوا يفتاح وقالوا له لا ترث في بيت أبينا لأنك أنت ابن امرأة أخرى. فهرب يفتاح من وجه اخوته وأقام في ارض طوب فاجتمع إلى يفتاح رجال بطالون وكانوا يخرجون معه.""
قضاة,12,1,"الآية (1): ""اجتمع رجال افرايم وعبروا إلى جهة الشمال وقالوا ليفتاح لماذا عبرت لمحاربة بني عمون ولم تدعنا للذهاب معك نحرق بيتك عليك بنار.""
قضاة,12,2,"الآية (1): ""اجتمع رجال افرايم وعبروا إلى جهة الشمال وقالوا ليفتاح لماذا عبرت لمحاربة بني عمون ولم تدعنا للذهاب معك نحرق بيتك عليك بنار.""
قضاة,12,3,"الآية (1): ""اجتمع رجال افرايم وعبروا إلى جهة الشمال وقالوا ليفتاح لماذا عبرت لمحاربة بني عمون ولم تدعنا للذهاب معك نحرق بيتك عليك بنار.""
قضاة,12,4,"الآية (1): ""اجتمع رجال افرايم وعبروا إلى جهة الشمال وقالوا ليفتاح لماذا عبرت لمحاربة بني عمون ولم تدعنا للذهاب معك نحرق بيتك عليك بنار.""
قضاة,12,5,"الآية (1): ""اجتمع رجال افرايم وعبروا إلى جهة الشمال وقالوا ليفتاح لماذا عبرت لمحاربة بني عمون ولم تدعنا للذهاب معك نحرق بيتك عليك بنار.""
قضاة,12,6,"الآية (1): ""اجتمع رجال افرايم وعبروا إلى جهة الشمال وقالوا ليفتاح لماذا عبرت لمحاربة بني عمون ولم تدعنا للذهاب معك نحرق بيتك عليك بنار.""
قضاة,12,7,"الآية (1): ""اجتمع رجال افرايم وعبروا إلى جهة الشمال وقالوا ليفتاح لماذا عبرت لمحاربة بني عمون ولم تدعنا للذهاب معك نحرق بيتك عليك بنار.""
قضاة,12,8,"الآية (1): ""اجتمع رجال افرايم وعبروا إلى جهة الشمال وقالوا ليفتاح لماذا عبرت لمحاربة بني عمون ولم تدعنا للذهاب معك نحرق بيتك عليك بنار.""
قضاة,12,9,"الآية (1): ""اجتمع رجال افرايم وعبروا إلى جهة الشمال وقالوا ليفتاح لماذا عبرت لمحاربة بني عمون ولم تدعنا للذهاب معك نحرق بيتك عليك بنار.""
قضاة,12,10,"الآية (1): ""اجتمع رجال افرايم وعبروا إلى جهة الشمال وقالوا ليفتاح لماذا عبرت لمحاربة بني عمون ولم تدعنا للذهاب معك نحرق بيتك عليك بنار.""
قضاة,12,11,"الآية (1): ""اجتمع رجال افرايم وعبروا إلى جهة الشمال وقالوا ليفتاح لماذا عبرت لمحاربة بني عمون ولم تدعنا للذهاب معك نحرق بيتك عليك بنار.""
قضاة,12,12,"الآية (1): ""اجتمع رجال افرايم وعبروا إلى جهة الشمال وقالوا ليفتاح لماذا عبرت لمحاربة بني عمون ولم تدعنا للذهاب معك نحرق بيتك عليك بنار.""
قضاة,12,13,"الآية (1): ""اجتمع رجال افرايم وعبروا إلى جهة الشمال وقالوا ليفتاح لماذا عبرت لمحاربة بني عمون ولم تدعنا للذهاب معك نحرق بيتك عليك بنار.""
قضاة,12,14,"الآية (1): ""اجتمع رجال افرايم وعبروا إلى جهة الشمال وقالوا ليفتاح لماذا عبرت لمحاربة بني عمون ولم تدعنا للذهاب معك نحرق بيتك عليك بنار.""
قضاة,12,15,"الآية (1): ""اجتمع رجال افرايم وعبروا إلى جهة الشمال وقالوا ليفتاح لماذا عبرت لمحاربة بني عمون ولم تدعنا للذهاب معك نحرق بيتك عليك بنار.""
قضاة,12,16,"الآية (1): ""اجتمع رجال افرايم وعبروا إلى جهة الشمال وقالوا ليفتاح لماذا عبرت لمحاربة بني عمون ولم تدعنا للذهاب معك نحرق بيتك عليك بنار.""
قضاة,12,17,"الآية (1): ""اجتمع رجال افرايم وعبروا إلى جهة الشمال وقالوا ليفتاح لماذا عبرت لمحاربة بني عمون ولم تدعنا للذهاب معك نحرق بيتك عليك بنار.""
قضاة,12,18,"الآية (1): ""اجتمع رجال افرايم وعبروا إلى جهة الشمال وقالوا ليفتاح لماذا عبرت لمحاربة بني عمون ولم تدعنا للذهاب معك نحرق بيتك عليك بنار.""
قضاة,12,19,"الآية (1): ""اجتمع رجال افرايم وعبروا إلى جهة الشمال وقالوا ليفتاح لماذا عبرت لمحاربة بني عمون ولم تدعنا للذهاب معك نحرق بيتك عليك بنار.""
قضاة,12,20,"الآية (1): ""اجتمع رجال افرايم وعبروا إلى جهة الشمال وقالوا ليفتاح لماذا عبرت لمحاربة بني عمون ولم تدعنا للذهاب معك نحرق بيتك عليك بنار.""
قضاة,12,21,"الآية (1): ""اجتمع رجال افرايم وعبروا إلى جهة الشمال وقالوا ليفتاح لماذا عبرت لمحاربة بني عمون ولم تدعنا للذهاب معك نحرق بيتك عليك بنار.""
قضاة,12,22,"الآية (1): ""اجتمع رجال افرايم وعبروا إلى جهة الشمال وقالوا ليفتاح لماذا عبرت لمحاربة بني عمون ولم تدعنا للذهاب معك نحرق بيتك عليك بنار.""
قضاة,12,23,"الآية (1): ""اجتمع رجال افرايم وعبروا إلى جهة الشمال وقالوا ليفتاح لماذا عبرت لمحاربة بني عمون ولم تدعنا للذهاب معك نحرق بيتك عليك بنار.""
قضاة,12,24,"الآية (1): ""اجتمع رجال افرايم وعبروا إلى جهة الشمال وقالوا ليفتاح لماذا عبرت لمحاربة بني عمون ولم تدعنا للذهاب معك نحرق بيتك عليك بنار.""
قضاة,12,25,"الآية (1): ""اجتمع رجال افرايم وعبروا إلى جهة الشمال وقالوا ليفتاح لماذا عبرت لمحاربة بني عمون ولم تدعنا للذهاب معك نحرق بيتك عليك بنار.""
قضاة,12,26,"الآية (1): ""اجتمع رجال افرايم وعبروا إلى جهة الشمال وقالوا ليفتاح لماذا عبرت لمحاربة بني عمون ولم تدعنا للذهاب معك نحرق بيتك عليك بنار.""
قضاة,12,27,"الآية (1): ""اجتمع رجال افرايم وعبروا إلى جهة الشمال وقالوا ليفتاح لماذا عبرت لمحاربة بني عمون ولم تدعنا للذهاب معك نحرق بيتك عليك بنار.""
قضاة,12,28,"الآية (1): ""اجتمع رجال افرايم وعبروا إلى جهة الشمال وقالوا ليفتاح لماذا عبرت لمحاربة بني عمون ولم تدعنا للذهاب معك نحرق بيتك عليك بنار.""
قضاة,12,29,"الآية (1): ""اجتمع رجال افرايم وعبروا إلى جهة الشمال وقالوا ليفتاح لماذا عبرت لمحاربة بني عمون ولم تدعنا للذهاب معك نحرق بيتك عليك بنار.""
قضاة,12,30,"الآية (1): ""اجتمع رجال افرايم وعبروا إلى جهة الشمال وقالوا ليفتاح لماذا عبرت لمحاربة بني عمون ولم تدعنا للذهاب معك نحرق بيتك عليك بنار.""
قضاة,12,31,"الآية (1): ""اجتمع رجال افرايم وعبروا إلى جهة الشمال وقالوا ليفتاح لماذا عبرت لمحاربة بني عمون ولم تدعنا للذهاب معك نحرق بيتك عليك بنار.""
قضاة,12,32,"الآية (1): ""اجتمع رجال افرايم وعبروا إلى جهة الشمال وقالوا ليفتاح لماذا عبرت لمحاربة بني عمون ولم تدعنا للذهاب معك نحرق بيتك عليك بنار.""
قضاة,12,33,"الآية (1): ""اجتمع رجال افرايم وعبروا إلى جهة الشمال وقالوا ليفتاح لماذا عبرت لمحاربة بني عمون ولم تدعنا للذهاب معك نحرق بيتك عليك بنار.""
قضاة,12,34,"الآية (1): ""اجتمع رجال افرايم وعبروا إلى جهة الشمال وقالوا ليفتاح لماذا عبرت لمحاربة بني عمون ولم تدعنا للذهاب معك نحرق بيتك عليك بنار.""
قضاة,12,35,"الآية (1): ""اجتمع رجال افرايم وعبروا إلى جهة الشمال وقالوا ليفتاح لماذا عبرت لمحاربة بني عمون ولم تدعنا للذهاب معك نحرق بيتك عليك بنار.""
قضاة,12,36,"الآية (1): ""اجتمع رجال افرايم وعبروا إلى جهة الشمال وقالوا ليفتاح لماذا عبرت لمحاربة بني عمون ولم تدعنا للذهاب معك نحرق بيتك عليك بنار.""
قضاة,12,37,"الآية (1): ""اجتمع رجال افرايم وعبروا إلى جهة الشمال وقالوا ليفتاح لماذا عبرت لمحاربة بني عمون ولم تدعنا للذهاب معك نحرق بيتك عليك بنار.""
قضاة,12,38,"الآية (1): ""اجتمع رجال افرايم وعبروا إلى جهة الشمال وقالوا ليفتاح لماذا عبرت لمحاربة بني عمون ولم تدعنا للذهاب معك نحرق بيتك عليك بنار.""
قضاة,12,39,"الآية (1): ""اجتمع رجال افرايم وعبروا إلى جهة الشمال وقالوا ليفتاح لماذا عبرت لمحاربة بني عمون ولم تدعنا للذهاب معك نحرق بيتك عليك بنار.""
قضاة,12,40,"الآية (1): ""اجتمع رجال افرايم وعبروا إلى جهة الشمال وقالوا ليفتاح لماذا عبرت لمحاربة بني عمون ولم تدعنا للذهاب معك نحرق بيتك عليك بنار.""
قضاة,12,41,"الآية (1): ""اجتمع رجال افرايم وعبروا إلى جهة الشمال وقالوا ليفتاح لماذا عبرت لمحاربة بني عمون ولم تدعنا للذهاب معك نحرق بيتك عليك بنار.""
قضاة,12,42,"الآية (1): ""اجتمع رجال افرايم وعبروا إلى جهة الشمال وقالوا ليفتاح لماذا عبرت لمحاربة بني عمون ولم تدعنا للذهاب معك نحرق بيتك عليك بنار.""
قضاة,12,43,"الآية (1): ""اجتمع رجال افرايم وعبروا إلى جهة الشمال وقالوا ليفتاح لماذا عبرت لمحاربة بني عمون ولم تدعنا للذهاب معك نحرق بيتك عليك بنار.""
قضاة,12,44,"الآية (1): ""اجتمع رجال افرايم وعبروا إلى جهة الشمال وقالوا ليفتاح لماذا عبرت لمحاربة بني عمون ولم تدعنا للذهاب معك نحرق بيتك عليك بنار.""
قضاة,12,45,"الآية (1): ""اجتمع رجال افرايم وعبروا إلى جهة الشمال وقالوا ليفتاح لماذا عبرت لمحاربة بني عمون ولم تدعنا للذهاب معك نحرق بيتك عليك بنار.""
قضاة,12,46,"الآية (1): ""اجتمع رجال افرايم وعبروا إلى جهة الشمال وقالوا ليفتاح لماذا عبرت لمحاربة بني عمون ولم تدعنا للذهاب معك نحرق بيتك عليك بنار.""
قضاة,12,47,"الآية (1): ""اجتمع رجال افرايم وعبروا إلى جهة الشمال وقالوا ليفتاح لماذا عبرت لمحاربة بني عمون ولم تدعنا للذهاب معك نحرق بيتك عليك بنار.""
قضاة,12,48,"الآية (1): ""اجتمع رجال افرايم وعبروا إلى جهة الشمال وقالوا ليفتاح لماذا عبرت لمحاربة بني عمون ولم تدعنا للذهاب معك نحرق بيتك عليك بنار.""
قضاة,12,49,"الآية (1): ""اجتمع رجال افرايم وعبروا إلى جهة الشمال وقالوا ليفتاح لماذا عبرت لمحاربة بني عمون ولم تدعنا للذهاب معك نحرق بيتك عليك بنار.""
قضاة,12,50,"الآية (1): ""اجتمع رجال افرايم وعبروا إلى جهة الشمال وقالوا ليفتاح لماذا عبرت لمحاربة بني عمون ولم تدعنا للذهاب معك نحرق بيتك عليك بنار.""
قضاة,12,51,"الآية (1): ""اجتمع رجال افرايم وعبروا إلى جهة الشمال وقالوا ليفتاح لماذا عبرت لمحاربة بني عمون ولم تدعنا للذهاب معك نحرق بيتك عليك بنار.""
قضاة,12,52,"الآية (1): ""اجتمع رجال افرايم وعبروا إلى جهة الشمال وقالوا ليفتاح لماذا عبرت لمحاربة بني عمون ولم تدعنا للذهاب معك نحرق بيتك عليك بنار.""
قضاة,12,53,"الآية (1): ""اجتمع رجال افرايم وعبروا إلى جهة الشمال وقالوا ليفتاح لماذا عبرت لمحاربة بني عمون ولم تدعنا للذهاب معك نحرق بيتك عليك بنار.""
قضاة,12,54,"الآية (1): ""اجتمع رجال افرايم وعبروا إلى جهة الشمال وقالوا ليفتاح لماذا عبرت لمحاربة بني عمون ولم تدعنا للذهاب معك نحرق بيتك عليك بنار.""
قضاة,12,55,"الآية (1): ""اجتمع رجال افرايم وعبروا إلى جهة الشمال وقالوا ليفتاح لماذا عبرت لمحاربة بني عمون ولم تدعنا للذهاب معك نحرق بيتك عليك بنار.""
قضاة,12,56,"الآية (1): ""اجتمع رجال افرايم وعبروا إلى جهة الشمال وقالوا ليفتاح لماذا عبرت لمحاربة بني عمون ولم تدعنا للذهاب معك نحرق بيتك عليك بنار.""
قضاة,12,57,"الآية (1): ""اجتمع رجال افرايم وعبروا إلى جهة الشمال وقالوا ليفتاح لماذا عبرت لمحاربة بني عمون ولم تدعنا للذهاب معك نحرق بيتك عليك بنار.""
قضاة,12,58,"الآية (1): ""اجتمع رجال افرايم وعبروا إلى جهة الشمال وقالوا ليفتاح لماذا عبرت لمحاربة بني عمون ولم تدعنا للذهاب معك نحرق بيتك عليك بنار.""
قضاة,12,59,"الآية (1): ""اجتمع رجال افرايم وعبروا إلى جهة الشمال وقالوا ليفتاح لماذا عبرت لمحاربة بني عمون ولم تدعنا للذهاب معك نحرق بيتك عليك بنار.""
قضاة,12,60,"الآية (1): ""اجتمع رجال افرايم وعبروا إلى جهة الشمال وقالوا ليفتاح لماذا عبرت لمحاربة بني عمون ولم تدعنا للذهاب معك نحرق بيتك عليك بنار.""
قضاة,12,61,"الآية (1): ""اجتمع رجال افرايم وعبروا إلى جهة الشمال وقالوا ليفتاح لماذا عبرت لمحاربة بني عمون ولم تدعنا للذهاب معك نحرق بيتك عليك بنار.""
قضاة,12,62,"الآية (1): ""اجتمع رجال افرايم وعبروا إلى جهة الشمال وقالوا ليفتاح لماذا عبرت لمحاربة بني عمون ولم تدعنا للذهاب معك نحرق بيتك عليك بنار.""
قضاة,12,63,"الآية (1): ""اجتمع رجال افرايم وعبروا إلى جهة الشمال وقالوا ليفتاح لماذا عبرت لمحاربة بني عمون ولم تدعنا للذهاب معك نحرق بيتك عليك بنار.""
قضاة,12,64,"الآية (1): ""اجتمع رجال افرايم وعبروا إلى جهة الشمال وقالوا ليفتاح لماذا عبرت لمحاربة بني عمون ولم تدعنا للذهاب معك نحرق بيتك عليك بنار.""
قضاة,12,65,"الآية (1): ""اجتمع رجال افرايم وعبروا إلى جهة الشمال وقالوا ليفتاح لماذا عبرت لمحاربة بني عمون ولم تدعنا للذهاب معك نحرق بيتك عليك بنار.""
قضاة,12,66,"الآية (1): ""اجتمع رجال افرايم وعبروا إلى جهة الشمال وقالوا ليفتاح لماذا عبرت لمحاربة بني عمون ولم تدعنا للذهاب معك نحرق بيتك عليك بنار.""
قضاة,12,67,"الآية (1): ""اجتمع رجال افرايم وعبروا إلى جهة الشمال وقالوا ليفتاح لماذا عبرت لمحاربة بني عمون ولم تدعنا للذهاب معك نحرق بيتك عليك بنار.""
قضاة,12,68,"الآية (1): ""اجتمع رجال افرايم وعبروا إلى جهة الشمال وقالوا ليفتاح لماذا عبرت لمحاربة بني عمون ولم تدعنا للذهاب معك نحرق بيتك عليك بنار.""
قضاة,12,69,"الآية (1): ""اجتمع رجال افرايم وعبروا إلى جهة الشمال وقالوا ليفتاح لماذا عبرت لمحاربة بني عمون ولم تدعنا للذهاب معك نحرق بيتك عليك بنار.""
قضاة,12,70,"الآية (1): ""اجتمع رجال افرايم وعبروا إلى جهة الشمال وقالوا ليفتاح لماذا عبرت لمحاربة بني عمون ولم تدعنا للذهاب معك نحرق بيتك عليك بنار.""
قضاة,12,71,"الآية (1): ""اجتمع رجال افرايم وعبروا إلى جهة الشمال وقالوا ليفتاح لماذا عبرت لمحاربة بني عمون ولم تدعنا للذهاب معك نحرق بيتك عليك بنار.""
قضاة,12,72,"الآية (1): ""اجتمع رجال افرايم وعبروا إلى جهة الشمال وقالوا ليفتاح لماذا عبرت لمحاربة بني عمون ولم تدعنا للذهاب معك نحرق بيتك عليك بنار.""
قضاة,12,73,"الآية (1): ""اجتمع رجال افرايم وعبروا إلى جهة الشمال وقالوا ليفتاح لماذا عبرت لمحاربة بني عمون ولم تدعنا للذهاب معك نحرق بيتك عليك بنار.""
قضاة,12,74,"الآية (1): ""اجتمع رجال افرايم وعبروا إلى جهة الشمال وقالوا ليفتاح لماذا عبرت لمحاربة بني عمون ولم تدعنا للذهاب معك نحرق بيتك عليك بنار.""
قضاة,12,75,"الآية (1): ""اجتمع رجال افرايم وعبروا إلى جهة الشمال وقالوا ليفتاح لماذا عبرت لمحاربة بني عمون ولم تدعنا للذهاب معك نحرق بيتك عليك بنار.""
قضاة,12,76,"الآية (1): ""اجتمع رجال افرايم وعبروا إلى جهة الشمال وقالوا ليفتاح لماذا عبرت لمحاربة بني عمون ولم تدعنا للذهاب معك نحرق بيتك عليك بنار.""
قضاة,12,77,"الآية (1): ""اجتمع رجال افرايم وعبروا إلى جهة الشمال وقالوا ليفتاح لماذا عبرت لمحاربة بني عمون ولم تدعنا للذهاب معك نحرق بيتك عليك بنار.""
قضاة,12,78,"الآية (1): ""اجتمع رجال افرايم وعبروا إلى جهة الشمال وقالوا ليفتاح لماذا عبرت لمحاربة بني عمون ولم تدعنا للذهاب معك نحرق بيتك عليك بنار.""
قضاة,12,79,"الآية (1): ""اجتمع رجال افرايم وعبروا إلى جهة الشمال وقالوا ليفتاح لماذا عبرت لمحاربة بني عمون ولم تدعنا للذهاب معك نحرق بيتك عليك بنار.""
قضاة,12,80,"الآية (1): ""اجتمع رجال افرايم وعبروا إلى جهة الشمال وقالوا ليفتاح لماذا عبرت لمحاربة بني عمون ولم تدعنا للذهاب معك نحرق بيتك عليك بنار.""
قضاة,12,81,"الآية (1): ""اجتمع رجال افرايم وعبروا إلى جهة الشمال وقالوا ليفتاح لماذا عبرت لمحاربة بني عمون ولم تدعنا للذهاب معك نحرق بيتك عليك بنار.""
قضاة,12,82,"الآية (1): ""اجتمع رجال افرايم وعبروا إلى جهة الشمال وقالوا ليفتاح لماذا عبرت لمحاربة بني عمون ولم تدعنا للذهاب معك نحرق بيتك عليك بنار.""
قضاة,12,83,"الآية (1): ""اجتمع رجال افرايم وعبروا إلى جهة الشمال وقالوا ليفتاح لماذا عبرت لمحاربة بني عمون ولم تدعنا للذهاب معك نحرق بيتك عليك بنار.""
قضاة,12,84,"الآية (1): ""اجتمع رجال افرايم وعبروا إلى جهة الشمال وقالوا ليفتاح لماذا عبرت لمحاربة بني عمون ولم تدعنا للذهاب معك نحرق بيتك عليك بنار.""
قضاة,12,85,"الآية (1): ""اجتمع رجال افرايم وعبروا إلى جهة الشمال وقالوا ليفتاح لماذا عبرت لمحاربة بني عمون ولم تدعنا للذهاب معك نحرق بيتك عليك بنار.""
قضاة,12,86,"الآية (1): ""اجتمع رجال افرايم وعبروا إلى جهة الشمال وقالوا ليفتاح لماذا عبرت لمحاربة بني عمون ولم تدعنا للذهاب معك نحرق بيتك عليك بنار.""
قضاة,12,87,"الآية (1): ""اجتمع رجال افرايم وعبروا إلى جهة الشمال وقالوا ليفتاح لماذا عبرت لمحاربة بني عمون ولم تدعنا للذهاب معك نحرق بيتك عليك بنار.""
قضاة,12,88,"الآية (1): ""اجتمع رجال افرايم وعبروا إلى جهة الشمال وقالوا ليفتاح لماذا عبرت لمحاربة بني عمون ولم تدعنا للذهاب معك نحرق بيتك عليك بنار.""
قضاة,12,89,"الآية (1): ""اجتمع رجال افرايم وعبروا إلى جهة الشمال وقالوا ليفتاح لماذا عبرت لمحاربة بني عمون ولم تدعنا للذهاب معك نحرق بيتك عليك بنار.""
قضاة,12,90,"الآية (1): ""اجتمع رجال افرايم وعبروا إلى جهة الشمال وقالوا ليفتاح لماذا عبرت لمحاربة بني عمون ولم تدعنا للذهاب معك نحرق بيتك عليك بنار.""
قضاة,12,91,"الآية (1): ""اجتمع رجال افرايم وعبروا إلى جهة الشمال وقالوا ليفتاح لماذا عبرت لمحاربة بني عمون ولم تدعنا للذهاب معك نحرق بيتك عليك بنار.""
قضاة,12,92,"الآية (1): ""اجتمع رجال افرايم وعبروا إلى جهة الشمال وقالوا ليفتاح لماذا عبرت لمحاربة بني عمون ولم تدعنا للذهاب معك نحرق بيتك عليك بنار.""
قضاة,12,93,"الآية (1): ""اجتمع رجال افرايم وعبروا إلى جهة الشمال وقالوا ليفتاح لماذا عبرت لمحاربة بني عمون ولم تدعنا للذهاب معك نحرق بيتك عليك بنار.""
قضاة,12,94,"الآية (1): ""اجتمع رجال افرايم وعبروا إلى جهة الشمال وقالوا ليفتاح لماذا عبرت لمحاربة بني عمون ولم تدعنا للذهاب معك نحرق بيتك عليك بنار.""
قضاة,12,95,"الآية (1): ""اجتمع رجال افرايم وعبروا إلى جهة الشمال وقالوا ليفتاح لماذا عبرت لمحاربة بني عمون ولم تدعنا للذهاب معك نحرق بيتك عليك بنار.""
قضاة,12,96,"الآية (1): ""اجتمع رجال افرايم وعبروا إلى جهة الشمال وقالوا ليفتاح لماذا عبرت لمحاربة بني عمون ولم تدعنا للذهاب معك نحرق بيتك عليك بنار.""
قضاة,12,97,"الآية (1): ""اجتمع رجال افرايم وعبروا إلى جهة الشمال وقالوا ليفتاح لماذا عبرت لمحاربة بني عمون ولم تدعنا للذهاب معك نحرق بيتك عليك بنار.""
قضاة,12,98,"الآية (1): ""اجتمع رجال افرايم وعبروا إلى جهة الشمال وقالوا ليفتاح لماذا عبرت لمحاربة بني عمون ولم تدعنا للذهاب معك نحرق بيتك عليك بنار.""
قضاة,12,99,"الآية (1): ""اجتمع رجال افرايم وعبروا إلى جهة الشمال وقالوا ليفتاح لماذا عبرت لمحاربة بني عمون ولم تدعنا للذهاب معك نحرق بيتك عليك بنار.""
قضاة,13,1,"الإصحاحات (13-16) هي قصة شمشون وهو يرمز للمسيح في أشياء عديدة. نذكرها ونضع بجانبها علامة? . وشمشون غالباً كان معاصراً ليفتاح. فيفتاح خلص إسرائيل من بنى عمون وشمشون خلصهم من الفلسطينيين. وكان للفلسطينيون شأن عظيم في ذلك الزمان حتى أيام داود. وهم لم يُخضِعوا إسرائيل عسكرياً لكنهم كانوا يستغلونهم ويرهبونهم ويضايقونهم. والفلسطينيين ليسوا كنعانيين بل هم من جزيرة كريت (كفتور) لذلك كانوا يسمون بالكفتوريون. 
قضاة,13,2,"الإصحاحات (13-16) هي قصة شمشون وهو يرمز للمسيح في أشياء عديدة. نذكرها ونضع بجانبها علامة? . وشمشون غالباً كان معاصراً ليفتاح. فيفتاح خلص إسرائيل من بنى عمون وشمشون خلصهم من الفلسطينيين. وكان للفلسطينيون شأن عظيم في ذلك الزمان حتى أيام داود. وهم لم يُخضِعوا إسرائيل عسكرياً لكنهم كانوا يستغلونهم ويرهبونهم ويضايقونهم. والفلسطينيين ليسوا كنعانيين بل هم من جزيرة كريت (كفتور) لذلك كانوا يسمون بالكفتوريون. 
قضاة,13,3,"الإصحاحات (13-16) هي قصة شمشون وهو يرمز للمسيح في أشياء عديدة. نذكرها ونضع بجانبها علامة? . وشمشون غالباً كان معاصراً ليفتاح. فيفتاح خلص إسرائيل من بنى عمون وشمشون خلصهم من الفلسطينيين. وكان للفلسطينيون شأن عظيم في ذلك الزمان حتى أيام داود. وهم لم يُخضِعوا إسرائيل عسكرياً لكنهم كانوا يستغلونهم ويرهبونهم ويضايقونهم. والفلسطينيين ليسوا كنعانيين بل هم من جزيرة كريت (كفتور) لذلك كانوا يسمون بالكفتوريون. 
قضاة,13,4,"الإصحاحات (13-16) هي قصة شمشون وهو يرمز للمسيح في أشياء عديدة. نذكرها ونضع بجانبها علامة? . وشمشون غالباً كان معاصراً ليفتاح. فيفتاح خلص إسرائيل من بنى عمون وشمشون خلصهم من الفلسطينيين. وكان للفلسطينيون شأن عظيم في ذلك الزمان حتى أيام داود. وهم لم يُخضِعوا إسرائيل عسكرياً لكنهم كانوا يستغلونهم ويرهبونهم ويضايقونهم. والفلسطينيين ليسوا كنعانيين بل هم من جزيرة كريت (كفتور) لذلك كانوا يسمون بالكفتوريون. 
قضاة,13,5,"الإصحاحات (13-16) هي قصة شمشون وهو يرمز للمسيح في أشياء عديدة. نذكرها ونضع بجانبها علامة? . وشمشون غالباً كان معاصراً ليفتاح. فيفتاح خلص إسرائيل من بنى عمون وشمشون خلصهم من الفلسطينيين. وكان للفلسطينيون شأن عظيم في ذلك الزمان حتى أيام داود. وهم لم يُخضِعوا إسرائيل عسكرياً لكنهم كانوا يستغلونهم ويرهبونهم ويضايقونهم. والفلسطينيين ليسوا كنعانيين بل هم من جزيرة كريت (كفتور) لذلك كانوا يسمون بالكفتوريون. 
قضاة,13,6,"الإصحاحات (13-16) هي قصة شمشون وهو يرمز للمسيح في أشياء عديدة. نذكرها ونضع بجانبها علامة? . وشمشون غالباً كان معاصراً ليفتاح. فيفتاح خلص إسرائيل من بنى عمون وشمشون خلصهم من الفلسطينيين. وكان للفلسطينيون شأن عظيم في ذلك الزمان حتى أيام داود. وهم لم يُخضِعوا إسرائيل عسكرياً لكنهم كانوا يستغلونهم ويرهبونهم ويضايقونهم. والفلسطينيين ليسوا كنعانيين بل هم من جزيرة كريت (كفتور) لذلك كانوا يسمون بالكفتوريون. 
قضاة,13,7,"الإصحاحات (13-16) هي قصة شمشون وهو يرمز للمسيح في أشياء عديدة. نذكرها ونضع بجانبها علامة? . وشمشون غالباً كان معاصراً ليفتاح. فيفتاح خلص إسرائيل من بنى عمون وشمشون خلصهم من الفلسطينيين. وكان للفلسطينيون شأن عظيم في ذلك الزمان حتى أيام داود. وهم لم يُخضِعوا إسرائيل عسكرياً لكنهم كانوا يستغلونهم ويرهبونهم ويضايقونهم. والفلسطينيين ليسوا كنعانيين بل هم من جزيرة كريت (كفتور) لذلك كانوا يسمون بالكفتوريون. 
قضاة,13,8,"الإصحاحات (13-16) هي قصة شمشون وهو يرمز للمسيح في أشياء عديدة. نذكرها ونضع بجانبها علامة? . وشمشون غالباً كان معاصراً ليفتاح. فيفتاح خلص إسرائيل من بنى عمون وشمشون خلصهم من الفلسطينيين. وكان للفلسطينيون شأن عظيم في ذلك الزمان حتى أيام داود. وهم لم يُخضِعوا إسرائيل عسكرياً لكنهم كانوا يستغلونهم ويرهبونهم ويضايقونهم. والفلسطينيين ليسوا كنعانيين بل هم من جزيرة كريت (كفتور) لذلك كانوا يسمون بالكفتوريون. 
قضاة,13,9,"الإصحاحات (13-16) هي قصة شمشون وهو يرمز للمسيح في أشياء عديدة. نذكرها ونضع بجانبها علامة? . وشمشون غالباً كان معاصراً ليفتاح. فيفتاح خلص إسرائيل من بنى عمون وشمشون خلصهم من الفلسطينيين. وكان للفلسطينيون شأن عظيم في ذلك الزمان حتى أيام داود. وهم لم يُخضِعوا إسرائيل عسكرياً لكنهم كانوا يستغلونهم ويرهبونهم ويضايقونهم. والفلسطينيين ليسوا كنعانيين بل هم من جزيرة كريت (كفتور) لذلك كانوا يسمون بالكفتوريون. 
قضاة,13,10,"الإصحاحات (13-16) هي قصة شمشون وهو يرمز للمسيح في أشياء عديدة. نذكرها ونضع بجانبها علامة? . وشمشون غالباً كان معاصراً ليفتاح. فيفتاح خلص إسرائيل من بنى عمون وشمشون خلصهم من الفلسطينيين. وكان للفلسطينيون شأن عظيم في ذلك الزمان حتى أيام داود. وهم لم يُخضِعوا إسرائيل عسكرياً لكنهم كانوا يستغلونهم ويرهبونهم ويضايقونهم. والفلسطينيين ليسوا كنعانيين بل هم من جزيرة كريت (كفتور) لذلك كانوا يسمون بالكفتوريون. 
قضاة,13,11,"الإصحاحات (13-16) هي قصة شمشون وهو يرمز للمسيح في أشياء عديدة. نذكرها ونضع بجانبها علامة? . وشمشون غالباً كان معاصراً ليفتاح. فيفتاح خلص إسرائيل من بنى عمون وشمشون خلصهم من الفلسطينيين. وكان للفلسطينيون شأن عظيم في ذلك الزمان حتى أيام داود. وهم لم يُخضِعوا إسرائيل عسكرياً لكنهم كانوا يستغلونهم ويرهبونهم ويضايقونهم. والفلسطينيين ليسوا كنعانيين بل هم من جزيرة كريت (كفتور) لذلك كانوا يسمون بالكفتوريون. 
قضاة,13,12,"الإصحاحات (13-16) هي قصة شمشون وهو يرمز للمسيح في أشياء عديدة. نذكرها ونضع بجانبها علامة? . وشمشون غالباً كان معاصراً ليفتاح. فيفتاح خلص إسرائيل من بنى عمون وشمشون خلصهم من الفلسطينيين. وكان للفلسطينيون شأن عظيم في ذلك الزمان حتى أيام داود. وهم لم يُخضِعوا إسرائيل عسكرياً لكنهم كانوا يستغلونهم ويرهبونهم ويضايقونهم. والفلسطينيين ليسوا كنعانيين بل هم من جزيرة كريت (كفتور) لذلك كانوا يسمون بالكفتوريون. 
قضاة,13,13,"الإصحاحات (13-16) هي قصة شمشون وهو يرمز للمسيح في أشياء عديدة. نذكرها ونضع بجانبها علامة? . وشمشون غالباً كان معاصراً ليفتاح. فيفتاح خلص إسرائيل من بنى عمون وشمشون خلصهم من الفلسطينيين. وكان للفلسطينيون شأن عظيم في ذلك الزمان حتى أيام داود. وهم لم يُخضِعوا إسرائيل عسكرياً لكنهم كانوا يستغلونهم ويرهبونهم ويضايقونهم. والفلسطينيين ليسوا كنعانيين بل هم من جزيرة كريت (كفتور) لذلك كانوا يسمون بالكفتوريون. 
قضاة,13,14,"الإصحاحات (13-16) هي قصة شمشون وهو يرمز للمسيح في أشياء عديدة. نذكرها ونضع بجانبها علامة? . وشمشون غالباً كان معاصراً ليفتاح. فيفتاح خلص إسرائيل من بنى عمون وشمشون خلصهم من الفلسطينيين. وكان للفلسطينيون شأن عظيم في ذلك الزمان حتى أيام داود. وهم لم يُخضِعوا إسرائيل عسكرياً لكنهم كانوا يستغلونهم ويرهبونهم ويضايقونهم. والفلسطينيين ليسوا كنعانيين بل هم من جزيرة كريت (كفتور) لذلك كانوا يسمون بالكفتوريون. 
قضاة,13,15,"الإصحاحات (13-16) هي قصة شمشون وهو يرمز للمسيح في أشياء عديدة. نذكرها ونضع بجانبها علامة? . وشمشون غالباً كان معاصراً ليفتاح. فيفتاح خلص إسرائيل من بنى عمون وشمشون خلصهم من الفلسطينيين. وكان للفلسطينيون شأن عظيم في ذلك الزمان حتى أيام داود. وهم لم يُخضِعوا إسرائيل عسكرياً لكنهم كانوا يستغلونهم ويرهبونهم ويضايقونهم. والفلسطينيين ليسوا كنعانيين بل هم من جزيرة كريت (كفتور) لذلك كانوا يسمون بالكفتوريون. 
قضاة,13,16,"الإصحاحات (13-16) هي قصة شمشون وهو يرمز للمسيح في أشياء عديدة. نذكرها ونضع بجانبها علامة? . وشمشون غالباً كان معاصراً ليفتاح. فيفتاح خلص إسرائيل من بنى عمون وشمشون خلصهم من الفلسطينيين. وكان للفلسطينيون شأن عظيم في ذلك الزمان حتى أيام داود. وهم لم يُخضِعوا إسرائيل عسكرياً لكنهم كانوا يستغلونهم ويرهبونهم ويضايقونهم. والفلسطينيين ليسوا كنعانيين بل هم من جزيرة كريت (كفتور) لذلك كانوا يسمون بالكفتوريون. 
قضاة,13,17,"الإصحاحات (13-16) هي قصة شمشون وهو يرمز للمسيح في أشياء عديدة. نذكرها ونضع بجانبها علامة? . وشمشون غالباً كان معاصراً ليفتاح. فيفتاح خلص إسرائيل من بنى عمون وشمشون خلصهم من الفلسطينيين. وكان للفلسطينيون شأن عظيم في ذلك الزمان حتى أيام داود. وهم لم يُخضِعوا إسرائيل عسكرياً لكنهم كانوا يستغلونهم ويرهبونهم ويضايقونهم. والفلسطينيين ليسوا كنعانيين بل هم من جزيرة كريت (كفتور) لذلك كانوا يسمون بالكفتوريون. 
قضاة,13,18,"الإصحاحات (13-16) هي قصة شمشون وهو يرمز للمسيح في أشياء عديدة. نذكرها ونضع بجانبها علامة? . وشمشون غالباً كان معاصراً ليفتاح. فيفتاح خلص إسرائيل من بنى عمون وشمشون خلصهم من الفلسطينيين. وكان للفلسطينيون شأن عظيم في ذلك الزمان حتى أيام داود. وهم لم يُخضِعوا إسرائيل عسكرياً لكنهم كانوا يستغلونهم ويرهبونهم ويضايقونهم. والفلسطينيين ليسوا كنعانيين بل هم من جزيرة كريت (كفتور) لذلك كانوا يسمون بالكفتوريون. 
قضاة,13,19,"الإصحاحات (13-16) هي قصة شمشون وهو يرمز للمسيح في أشياء عديدة. نذكرها ونضع بجانبها علامة? . وشمشون غالباً كان معاصراً ليفتاح. فيفتاح خلص إسرائيل من بنى عمون وشمشون خلصهم من الفلسطينيين. وكان للفلسطينيون شأن عظيم في ذلك الزمان حتى أيام داود. وهم لم يُخضِعوا إسرائيل عسكرياً لكنهم كانوا يستغلونهم ويرهبونهم ويضايقونهم. والفلسطينيين ليسوا كنعانيين بل هم من جزيرة كريت (كفتور) لذلك كانوا يسمون بالكفتوريون. 
قضاة,13,20,"الإصحاحات (13-16) هي قصة شمشون وهو يرمز للمسيح في أشياء عديدة. نذكرها ونضع بجانبها علامة? . وشمشون غالباً كان معاصراً ليفتاح. فيفتاح خلص إسرائيل من بنى عمون وشمشون خلصهم من الفلسطينيين. وكان للفلسطينيون شأن عظيم في ذلك الزمان حتى أيام داود. وهم لم يُخضِعوا إسرائيل عسكرياً لكنهم كانوا يستغلونهم ويرهبونهم ويضايقونهم. والفلسطينيين ليسوا كنعانيين بل هم من جزيرة كريت (كفتور) لذلك كانوا يسمون بالكفتوريون. 
قضاة,13,21,"الإصحاحات (13-16) هي قصة شمشون وهو يرمز للمسيح في أشياء عديدة. نذكرها ونضع بجانبها علامة? . وشمشون غالباً كان معاصراً ليفتاح. فيفتاح خلص إسرائيل من بنى عمون وشمشون خلصهم من الفلسطينيين. وكان للفلسطينيون شأن عظيم في ذلك الزمان حتى أيام داود. وهم لم يُخضِعوا إسرائيل عسكرياً لكنهم كانوا يستغلونهم ويرهبونهم ويضايقونهم. والفلسطينيين ليسوا كنعانيين بل هم من جزيرة كريت (كفتور) لذلك كانوا يسمون بالكفتوريون. 
قضاة,13,22,"الإصحاحات (13-16) هي قصة شمشون وهو يرمز للمسيح في أشياء عديدة. نذكرها ونضع بجانبها علامة? . وشمشون غالباً كان معاصراً ليفتاح. فيفتاح خلص إسرائيل من بنى عمون وشمشون خلصهم من الفلسطينيين. وكان للفلسطينيون شأن عظيم في ذلك الزمان حتى أيام داود. وهم لم يُخضِعوا إسرائيل عسكرياً لكنهم كانوا يستغلونهم ويرهبونهم ويضايقونهم. والفلسطينيين ليسوا كنعانيين بل هم من جزيرة كريت (كفتور) لذلك كانوا يسمون بالكفتوريون. 
قضاة,13,23,"الإصحاحات (13-16) هي قصة شمشون وهو يرمز للمسيح في أشياء عديدة. نذكرها ونضع بجانبها علامة? . وشمشون غالباً كان معاصراً ليفتاح. فيفتاح خلص إسرائيل من بنى عمون وشمشون خلصهم من الفلسطينيين. وكان للفلسطينيون شأن عظيم في ذلك الزمان حتى أيام داود. وهم لم يُخضِعوا إسرائيل عسكرياً لكنهم كانوا يستغلونهم ويرهبونهم ويضايقونهم. والفلسطينيين ليسوا كنعانيين بل هم من جزيرة كريت (كفتور) لذلك كانوا يسمون بالكفتوريون. 
قضاة,13,24,"الإصحاحات (13-16) هي قصة شمشون وهو يرمز للمسيح في أشياء عديدة. نذكرها ونضع بجانبها علامة? . وشمشون غالباً كان معاصراً ليفتاح. فيفتاح خلص إسرائيل من بنى عمون وشمشون خلصهم من الفلسطينيين. وكان للفلسطينيون شأن عظيم في ذلك الزمان حتى أيام داود. وهم لم يُخضِعوا إسرائيل عسكرياً لكنهم كانوا يستغلونهم ويرهبونهم ويضايقونهم. والفلسطينيين ليسوا كنعانيين بل هم من جزيرة كريت (كفتور) لذلك كانوا يسمون بالكفتوريون. 
قضاة,13,25,"الإصحاحات (13-16) هي قصة شمشون وهو يرمز للمسيح في أشياء عديدة. نذكرها ونضع بجانبها علامة? . وشمشون غالباً كان معاصراً ليفتاح. فيفتاح خلص إسرائيل من بنى عمون وشمشون خلصهم من الفلسطينيين. وكان للفلسطينيون شأن عظيم في ذلك الزمان حتى أيام داود. وهم لم يُخضِعوا إسرائيل عسكرياً لكنهم كانوا يستغلونهم ويرهبونهم ويضايقونهم. والفلسطينيين ليسوا كنعانيين بل هم من جزيرة كريت (كفتور) لذلك كانوا يسمون بالكفتوريون. 
قضاة,13,26,"الإصحاحات (13-16) هي قصة شمشون وهو يرمز للمسيح في أشياء عديدة. نذكرها ونضع بجانبها علامة? . وشمشون غالباً كان معاصراً ليفتاح. فيفتاح خلص إسرائيل من بنى عمون وشمشون خلصهم من الفلسطينيين. وكان للفلسطينيون شأن عظيم في ذلك الزمان حتى أيام داود. وهم لم يُخضِعوا إسرائيل عسكرياً لكنهم كانوا يستغلونهم ويرهبونهم ويضايقونهم. والفلسطينيين ليسوا كنعانيين بل هم من جزيرة كريت (كفتور) لذلك كانوا يسمون بالكفتوريون. 
قضاة,13,27,"الإصحاحات (13-16) هي قصة شمشون وهو يرمز للمسيح في أشياء عديدة. نذكرها ونضع بجانبها علامة? . وشمشون غالباً كان معاصراً ليفتاح. فيفتاح خلص إسرائيل من بنى عمون وشمشون خلصهم من الفلسطينيين. وكان للفلسطينيون شأن عظيم في ذلك الزمان حتى أيام داود. وهم لم يُخضِعوا إسرائيل عسكرياً لكنهم كانوا يستغلونهم ويرهبونهم ويضايقونهم. والفلسطينيين ليسوا كنعانيين بل هم من جزيرة كريت (كفتور) لذلك كانوا يسمون بالكفتوريون. 
قضاة,13,28,"الإصحاحات (13-16) هي قصة شمشون وهو يرمز للمسيح في أشياء عديدة. نذكرها ونضع بجانبها علامة? . وشمشون غالباً كان معاصراً ليفتاح. فيفتاح خلص إسرائيل من بنى عمون وشمشون خلصهم من الفلسطينيين. وكان للفلسطينيون شأن عظيم في ذلك الزمان حتى أيام داود. وهم لم يُخضِعوا إسرائيل عسكرياً لكنهم كانوا يستغلونهم ويرهبونهم ويضايقونهم. والفلسطينيين ليسوا كنعانيين بل هم من جزيرة كريت (كفتور) لذلك كانوا يسمون بالكفتوريون. 
قضاة,13,29,"الإصحاحات (13-16) هي قصة شمشون وهو يرمز للمسيح في أشياء عديدة. نذكرها ونضع بجانبها علامة? . وشمشون غالباً كان معاصراً ليفتاح. فيفتاح خلص إسرائيل من بنى عمون وشمشون خلصهم من الفلسطينيين. وكان للفلسطينيون شأن عظيم في ذلك الزمان حتى أيام داود. وهم لم يُخضِعوا إسرائيل عسكرياً لكنهم كانوا يستغلونهم ويرهبونهم ويضايقونهم. والفلسطينيين ليسوا كنعانيين بل هم من جزيرة كريت (كفتور) لذلك كانوا يسمون بالكفتوريون. 
قضاة,13,30,"الإصحاحات (13-16) هي قصة شمشون وهو يرمز للمسيح في أشياء عديدة. نذكرها ونضع بجانبها علامة? . وشمشون غالباً كان معاصراً ليفتاح. فيفتاح خلص إسرائيل من بنى عمون وشمشون خلصهم من الفلسطينيين. وكان للفلسطينيون شأن عظيم في ذلك الزمان حتى أيام داود. وهم لم يُخضِعوا إسرائيل عسكرياً لكنهم كانوا يستغلونهم ويرهبونهم ويضايقونهم. والفلسطينيين ليسوا كنعانيين بل هم من جزيرة كريت (كفتور) لذلك كانوا يسمون بالكفتوريون. 
قضاة,13,31,"الإصحاحات (13-16) هي قصة شمشون وهو يرمز للمسيح في أشياء عديدة. نذكرها ونضع بجانبها علامة? . وشمشون غالباً كان معاصراً ليفتاح. فيفتاح خلص إسرائيل من بنى عمون وشمشون خلصهم من الفلسطينيين. وكان للفلسطينيون شأن عظيم في ذلك الزمان حتى أيام داود. وهم لم يُخضِعوا إسرائيل عسكرياً لكنهم كانوا يستغلونهم ويرهبونهم ويضايقونهم. والفلسطينيين ليسوا كنعانيين بل هم من جزيرة كريت (كفتور) لذلك كانوا يسمون بالكفتوريون. 
قضاة,13,32,"الإصحاحات (13-16) هي قصة شمشون وهو يرمز للمسيح في أشياء عديدة. نذكرها ونضع بجانبها علامة? . وشمشون غالباً كان معاصراً ليفتاح. فيفتاح خلص إسرائيل من بنى عمون وشمشون خلصهم من الفلسطينيين. وكان للفلسطينيون شأن عظيم في ذلك الزمان حتى أيام داود. وهم لم يُخضِعوا إسرائيل عسكرياً لكنهم كانوا يستغلونهم ويرهبونهم ويضايقونهم. والفلسطينيين ليسوا كنعانيين بل هم من جزيرة كريت (كفتور) لذلك كانوا يسمون بالكفتوريون. 
قضاة,13,33,"الإصحاحات (13-16) هي قصة شمشون وهو يرمز للمسيح في أشياء عديدة. نذكرها ونضع بجانبها علامة? . وشمشون غالباً كان معاصراً ليفتاح. فيفتاح خلص إسرائيل من بنى عمون وشمشون خلصهم من الفلسطينيين. وكان للفلسطينيون شأن عظيم في ذلك الزمان حتى أيام داود. وهم لم يُخضِعوا إسرائيل عسكرياً لكنهم كانوا يستغلونهم ويرهبونهم ويضايقونهم. والفلسطينيين ليسوا كنعانيين بل هم من جزيرة كريت (كفتور) لذلك كانوا يسمون بالكفتوريون. 
قضاة,13,34,"الإصحاحات (13-16) هي قصة شمشون وهو يرمز للمسيح في أشياء عديدة. نذكرها ونضع بجانبها علامة? . وشمشون غالباً كان معاصراً ليفتاح. فيفتاح خلص إسرائيل من بنى عمون وشمشون خلصهم من الفلسطينيين. وكان للفلسطينيون شأن عظيم في ذلك الزمان حتى أيام داود. وهم لم يُخضِعوا إسرائيل عسكرياً لكنهم كانوا يستغلونهم ويرهبونهم ويضايقونهم. والفلسطينيين ليسوا كنعانيين بل هم من جزيرة كريت (كفتور) لذلك كانوا يسمون بالكفتوريون. 
قضاة,13,35,"الإصحاحات (13-16) هي قصة شمشون وهو يرمز للمسيح في أشياء عديدة. نذكرها ونضع بجانبها علامة? . وشمشون غالباً كان معاصراً ليفتاح. فيفتاح خلص إسرائيل من بنى عمون وشمشون خلصهم من الفلسطينيين. وكان للفلسطينيون شأن عظيم في ذلك الزمان حتى أيام داود. وهم لم يُخضِعوا إسرائيل عسكرياً لكنهم كانوا يستغلونهم ويرهبونهم ويضايقونهم. والفلسطينيين ليسوا كنعانيين بل هم من جزيرة كريت (كفتور) لذلك كانوا يسمون بالكفتوريون. 
قضاة,13,36,"الإصحاحات (13-16) هي قصة شمشون وهو يرمز للمسيح في أشياء عديدة. نذكرها ونضع بجانبها علامة? . وشمشون غالباً كان معاصراً ليفتاح. فيفتاح خلص إسرائيل من بنى عمون وشمشون خلصهم من الفلسطينيين. وكان للفلسطينيون شأن عظيم في ذلك الزمان حتى أيام داود. وهم لم يُخضِعوا إسرائيل عسكرياً لكنهم كانوا يستغلونهم ويرهبونهم ويضايقونهم. والفلسطينيين ليسوا كنعانيين بل هم من جزيرة كريت (كفتور) لذلك كانوا يسمون بالكفتوريون. 
قضاة,13,37,"الإصحاحات (13-16) هي قصة شمشون وهو يرمز للمسيح في أشياء عديدة. نذكرها ونضع بجانبها علامة? . وشمشون غالباً كان معاصراً ليفتاح. فيفتاح خلص إسرائيل من بنى عمون وشمشون خلصهم من الفلسطينيين. وكان للفلسطينيون شأن عظيم في ذلك الزمان حتى أيام داود. وهم لم يُخضِعوا إسرائيل عسكرياً لكنهم كانوا يستغلونهم ويرهبونهم ويضايقونهم. والفلسطينيين ليسوا كنعانيين بل هم من جزيرة كريت (كفتور) لذلك كانوا يسمون بالكفتوريون. 
قضاة,13,38,"الإصحاحات (13-16) هي قصة شمشون وهو يرمز للمسيح في أشياء عديدة. نذكرها ونضع بجانبها علامة? . وشمشون غالباً كان معاصراً ليفتاح. فيفتاح خلص إسرائيل من بنى عمون وشمشون خلصهم من الفلسطينيين. وكان للفلسطينيون شأن عظيم في ذلك الزمان حتى أيام داود. وهم لم يُخضِعوا إسرائيل عسكرياً لكنهم كانوا يستغلونهم ويرهبونهم ويضايقونهم. والفلسطينيين ليسوا كنعانيين بل هم من جزيرة كريت (كفتور) لذلك كانوا يسمون بالكفتوريون. 
قضاة,13,39,"الإصحاحات (13-16) هي قصة شمشون وهو يرمز للمسيح في أشياء عديدة. نذكرها ونضع بجانبها علامة? . وشمشون غالباً كان معاصراً ليفتاح. فيفتاح خلص إسرائيل من بنى عمون وشمشون خلصهم من الفلسطينيين. وكان للفلسطينيون شأن عظيم في ذلك الزمان حتى أيام داود. وهم لم يُخضِعوا إسرائيل عسكرياً لكنهم كانوا يستغلونهم ويرهبونهم ويضايقونهم. والفلسطينيين ليسوا كنعانيين بل هم من جزيرة كريت (كفتور) لذلك كانوا يسمون بالكفتوريون. 
قضاة,13,40,"الإصحاحات (13-16) هي قصة شمشون وهو يرمز للمسيح في أشياء عديدة. نذكرها ونضع بجانبها علامة? . وشمشون غالباً كان معاصراً ليفتاح. فيفتاح خلص إسرائيل من بنى عمون وشمشون خلصهم من الفلسطينيين. وكان للفلسطينيون شأن عظيم في ذلك الزمان حتى أيام داود. وهم لم يُخضِعوا إسرائيل عسكرياً لكنهم كانوا يستغلونهم ويرهبونهم ويضايقونهم. والفلسطينيين ليسوا كنعانيين بل هم من جزيرة كريت (كفتور) لذلك كانوا يسمون بالكفتوريون. 
قضاة,13,41,"الإصحاحات (13-16) هي قصة شمشون وهو يرمز للمسيح في أشياء عديدة. نذكرها ونضع بجانبها علامة? . وشمشون غالباً كان معاصراً ليفتاح. فيفتاح خلص إسرائيل من بنى عمون وشمشون خلصهم من الفلسطينيين. وكان للفلسطينيون شأن عظيم في ذلك الزمان حتى أيام داود. وهم لم يُخضِعوا إسرائيل عسكرياً لكنهم كانوا يستغلونهم ويرهبونهم ويضايقونهم. والفلسطينيين ليسوا كنعانيين بل هم من جزيرة كريت (كفتور) لذلك كانوا يسمون بالكفتوريون. 
قضاة,13,42,"الإصحاحات (13-16) هي قصة شمشون وهو يرمز للمسيح في أشياء عديدة. نذكرها ونضع بجانبها علامة? . وشمشون غالباً كان معاصراً ليفتاح. فيفتاح خلص إسرائيل من بنى عمون وشمشون خلصهم من الفلسطينيين. وكان للفلسطينيون شأن عظيم في ذلك الزمان حتى أيام داود. وهم لم يُخضِعوا إسرائيل عسكرياً لكنهم كانوا يستغلونهم ويرهبونهم ويضايقونهم. والفلسطينيين ليسوا كنعانيين بل هم من جزيرة كريت (كفتور) لذلك كانوا يسمون بالكفتوريون. 
قضاة,13,43,"الإصحاحات (13-16) هي قصة شمشون وهو يرمز للمسيح في أشياء عديدة. نذكرها ونضع بجانبها علامة? . وشمشون غالباً كان معاصراً ليفتاح. فيفتاح خلص إسرائيل من بنى عمون وشمشون خلصهم من الفلسطينيين. وكان للفلسطينيون شأن عظيم في ذلك الزمان حتى أيام داود. وهم لم يُخضِعوا إسرائيل عسكرياً لكنهم كانوا يستغلونهم ويرهبونهم ويضايقونهم. والفلسطينيين ليسوا كنعانيين بل هم من جزيرة كريت (كفتور) لذلك كانوا يسمون بالكفتوريون. 
قضاة,13,44,"الإصحاحات (13-16) هي قصة شمشون وهو يرمز للمسيح في أشياء عديدة. نذكرها ونضع بجانبها علامة? . وشمشون غالباً كان معاصراً ليفتاح. فيفتاح خلص إسرائيل من بنى عمون وشمشون خلصهم من الفلسطينيين. وكان للفلسطينيون شأن عظيم في ذلك الزمان حتى أيام داود. وهم لم يُخضِعوا إسرائيل عسكرياً لكنهم كانوا يستغلونهم ويرهبونهم ويضايقونهم. والفلسطينيين ليسوا كنعانيين بل هم من جزيرة كريت (كفتور) لذلك كانوا يسمون بالكفتوريون. 
قضاة,13,45,"الإصحاحات (13-16) هي قصة شمشون وهو يرمز للمسيح في أشياء عديدة. نذكرها ونضع بجانبها علامة? . وشمشون غالباً كان معاصراً ليفتاح. فيفتاح خلص إسرائيل من بنى عمون وشمشون خلصهم من الفلسطينيين. وكان للفلسطينيون شأن عظيم في ذلك الزمان حتى أيام داود. وهم لم يُخضِعوا إسرائيل عسكرياً لكنهم كانوا يستغلونهم ويرهبونهم ويضايقونهم. والفلسطينيين ليسوا كنعانيين بل هم من جزيرة كريت (كفتور) لذلك كانوا يسمون بالكفتوريون. 
قضاة,13,46,"الإصحاحات (13-16) هي قصة شمشون وهو يرمز للمسيح في أشياء عديدة. نذكرها ونضع بجانبها علامة? . وشمشون غالباً كان معاصراً ليفتاح. فيفتاح خلص إسرائيل من بنى عمون وشمشون خلصهم من الفلسطينيين. وكان للفلسطينيون شأن عظيم في ذلك الزمان حتى أيام داود. وهم لم يُخضِعوا إسرائيل عسكرياً لكنهم كانوا يستغلونهم ويرهبونهم ويضايقونهم. والفلسطينيين ليسوا كنعانيين بل هم من جزيرة كريت (كفتور) لذلك كانوا يسمون بالكفتوريون. 
قضاة,13,47,"الإصحاحات (13-16) هي قصة شمشون وهو يرمز للمسيح في أشياء عديدة. نذكرها ونضع بجانبها علامة? . وشمشون غالباً كان معاصراً ليفتاح. فيفتاح خلص إسرائيل من بنى عمون وشمشون خلصهم من الفلسطينيين. وكان للفلسطينيون شأن عظيم في ذلك الزمان حتى أيام داود. وهم لم يُخضِعوا إسرائيل عسكرياً لكنهم كانوا يستغلونهم ويرهبونهم ويضايقونهم. والفلسطينيين ليسوا كنعانيين بل هم من جزيرة كريت (كفتور) لذلك كانوا يسمون بالكفتوريون. 
قضاة,13,48,"الإصحاحات (13-16) هي قصة شمشون وهو يرمز للمسيح في أشياء عديدة. نذكرها ونضع بجانبها علامة? . وشمشون غالباً كان معاصراً ليفتاح. فيفتاح خلص إسرائيل من بنى عمون وشمشون خلصهم من الفلسطينيين. وكان للفلسطينيون شأن عظيم في ذلك الزمان حتى أيام داود. وهم لم يُخضِعوا إسرائيل عسكرياً لكنهم كانوا يستغلونهم ويرهبونهم ويضايقونهم. والفلسطينيين ليسوا كنعانيين بل هم من جزيرة كريت (كفتور) لذلك كانوا يسمون بالكفتوريون. 
قضاة,13,49,"الإصحاحات (13-16) هي قصة شمشون وهو يرمز للمسيح في أشياء عديدة. نذكرها ونضع بجانبها علامة? . وشمشون غالباً كان معاصراً ليفتاح. فيفتاح خلص إسرائيل من بنى عمون وشمشون خلصهم من الفلسطينيين. وكان للفلسطينيون شأن عظيم في ذلك الزمان حتى أيام داود. وهم لم يُخضِعوا إسرائيل عسكرياً لكنهم كانوا يستغلونهم ويرهبونهم ويضايقونهم. والفلسطينيين ليسوا كنعانيين بل هم من جزيرة كريت (كفتور) لذلك كانوا يسمون بالكفتوريون. 
قضاة,13,50,"الإصحاحات (13-16) هي قصة شمشون وهو يرمز للمسيح في أشياء عديدة. نذكرها ونضع بجانبها علامة? . وشمشون غالباً كان معاصراً ليفتاح. فيفتاح خلص إسرائيل من بنى عمون وشمشون خلصهم من الفلسطينيين. وكان للفلسطينيون شأن عظيم في ذلك الزمان حتى أيام داود. وهم لم يُخضِعوا إسرائيل عسكرياً لكنهم كانوا يستغلونهم ويرهبونهم ويضايقونهم. والفلسطينيين ليسوا كنعانيين بل هم من جزيرة كريت (كفتور) لذلك كانوا يسمون بالكفتوريون. 
قضاة,13,51,"الإصحاحات (13-16) هي قصة شمشون وهو يرمز للمسيح في أشياء عديدة. نذكرها ونضع بجانبها علامة? . وشمشون غالباً كان معاصراً ليفتاح. فيفتاح خلص إسرائيل من بنى عمون وشمشون خلصهم من الفلسطينيين. وكان للفلسطينيون شأن عظيم في ذلك الزمان حتى أيام داود. وهم لم يُخضِعوا إسرائيل عسكرياً لكنهم كانوا يستغلونهم ويرهبونهم ويضايقونهم. والفلسطينيين ليسوا كنعانيين بل هم من جزيرة كريت (كفتور) لذلك كانوا يسمون بالكفتوريون. 
قضاة,13,52,"الإصحاحات (13-16) هي قصة شمشون وهو يرمز للمسيح في أشياء عديدة. نذكرها ونضع بجانبها علامة? . وشمشون غالباً كان معاصراً ليفتاح. فيفتاح خلص إسرائيل من بنى عمون وشمشون خلصهم من الفلسطينيين. وكان للفلسطينيون شأن عظيم في ذلك الزمان حتى أيام داود. وهم لم يُخضِعوا إسرائيل عسكرياً لكنهم كانوا يستغلونهم ويرهبونهم ويضايقونهم. والفلسطينيين ليسوا كنعانيين بل هم من جزيرة كريت (كفتور) لذلك كانوا يسمون بالكفتوريون. 
قضاة,13,53,"الإصحاحات (13-16) هي قصة شمشون وهو يرمز للمسيح في أشياء عديدة. نذكرها ونضع بجانبها علامة? . وشمشون غالباً كان معاصراً ليفتاح. فيفتاح خلص إسرائيل من بنى عمون وشمشون خلصهم من الفلسطينيين. وكان للفلسطينيون شأن عظيم في ذلك الزمان حتى أيام داود. وهم لم يُخضِعوا إسرائيل عسكرياً لكنهم كانوا يستغلونهم ويرهبونهم ويضايقونهم. والفلسطينيين ليسوا كنعانيين بل هم من جزيرة كريت (كفتور) لذلك كانوا يسمون بالكفتوريون. 
قضاة,13,54,"الإصحاحات (13-16) هي قصة شمشون وهو يرمز للمسيح في أشياء عديدة. نذكرها ونضع بجانبها علامة? . وشمشون غالباً كان معاصراً ليفتاح. فيفتاح خلص إسرائيل من بنى عمون وشمشون خلصهم من الفلسطينيين. وكان للفلسطينيون شأن عظيم في ذلك الزمان حتى أيام داود. وهم لم يُخضِعوا إسرائيل عسكرياً لكنهم كانوا يستغلونهم ويرهبونهم ويضايقونهم. والفلسطينيين ليسوا كنعانيين بل هم من جزيرة كريت (كفتور) لذلك كانوا يسمون بالكفتوريون. 
قضاة,13,55,"الإصحاحات (13-16) هي قصة شمشون وهو يرمز للمسيح في أشياء عديدة. نذكرها ونضع بجانبها علامة? . وشمشون غالباً كان معاصراً ليفتاح. فيفتاح خلص إسرائيل من بنى عمون وشمشون خلصهم من الفلسطينيين. وكان للفلسطينيون شأن عظيم في ذلك الزمان حتى أيام داود. وهم لم يُخضِعوا إسرائيل عسكرياً لكنهم كانوا يستغلونهم ويرهبونهم ويضايقونهم. والفلسطينيين ليسوا كنعانيين بل هم من جزيرة كريت (كفتور) لذلك كانوا يسمون بالكفتوريون. 
قضاة,13,56,"الإصحاحات (13-16) هي قصة شمشون وهو يرمز للمسيح في أشياء عديدة. نذكرها ونضع بجانبها علامة? . وشمشون غالباً كان معاصراً ليفتاح. فيفتاح خلص إسرائيل من بنى عمون وشمشون خلصهم من الفلسطينيين. وكان للفلسطينيون شأن عظيم في ذلك الزمان حتى أيام داود. وهم لم يُخضِعوا إسرائيل عسكرياً لكنهم كانوا يستغلونهم ويرهبونهم ويضايقونهم. والفلسطينيين ليسوا كنعانيين بل هم من جزيرة كريت (كفتور) لذلك كانوا يسمون بالكفتوريون. 
قضاة,13,57,"الإصحاحات (13-16) هي قصة شمشون وهو يرمز للمسيح في أشياء عديدة. نذكرها ونضع بجانبها علامة? . وشمشون غالباً كان معاصراً ليفتاح. فيفتاح خلص إسرائيل من بنى عمون وشمشون خلصهم من الفلسطينيين. وكان للفلسطينيون شأن عظيم في ذلك الزمان حتى أيام داود. وهم لم يُخضِعوا إسرائيل عسكرياً لكنهم كانوا يستغلونهم ويرهبونهم ويضايقونهم. والفلسطينيين ليسوا كنعانيين بل هم من جزيرة كريت (كفتور) لذلك كانوا يسمون بالكفتوريون. 
قضاة,13,58,"الإصحاحات (13-16) هي قصة شمشون وهو يرمز للمسيح في أشياء عديدة. نذكرها ونضع بجانبها علامة? . وشمشون غالباً كان معاصراً ليفتاح. فيفتاح خلص إسرائيل من بنى عمون وشمشون خلصهم من الفلسطينيين. وكان للفلسطينيون شأن عظيم في ذلك الزمان حتى أيام داود. وهم لم يُخضِعوا إسرائيل عسكرياً لكنهم كانوا يستغلونهم ويرهبونهم ويضايقونهم. والفلسطينيين ليسوا كنعانيين بل هم من جزيرة كريت (كفتور) لذلك كانوا يسمون بالكفتوريون. 
قضاة,13,59,"الإصحاحات (13-16) هي قصة شمشون وهو يرمز للمسيح في أشياء عديدة. نذكرها ونضع بجانبها علامة? . وشمشون غالباً كان معاصراً ليفتاح. فيفتاح خلص إسرائيل من بنى عمون وشمشون خلصهم من الفلسطينيين. وكان للفلسطينيون شأن عظيم في ذلك الزمان حتى أيام داود. وهم لم يُخضِعوا إسرائيل عسكرياً لكنهم كانوا يستغلونهم ويرهبونهم ويضايقونهم. والفلسطينيين ليسوا كنعانيين بل هم من جزيرة كريت (كفتور) لذلك كانوا يسمون بالكفتوريون. 
قضاة,13,60,"الإصحاحات (13-16) هي قصة شمشون وهو يرمز للمسيح في أشياء عديدة. نذكرها ونضع بجانبها علامة? . وشمشون غالباً كان معاصراً ليفتاح. فيفتاح خلص إسرائيل من بنى عمون وشمشون خلصهم من الفلسطينيين. وكان للفلسطينيون شأن عظيم في ذلك الزمان حتى أيام داود. وهم لم يُخضِعوا إسرائيل عسكرياً لكنهم كانوا يستغلونهم ويرهبونهم ويضايقونهم. والفلسطينيين ليسوا كنعانيين بل هم من جزيرة كريت (كفتور) لذلك كانوا يسمون بالكفتوريون. 
قضاة,13,61,"الإصحاحات (13-16) هي قصة شمشون وهو يرمز للمسيح في أشياء عديدة. نذكرها ونضع بجانبها علامة? . وشمشون غالباً كان معاصراً ليفتاح. فيفتاح خلص إسرائيل من بنى عمون وشمشون خلصهم من الفلسطينيين. وكان للفلسطينيون شأن عظيم في ذلك الزمان حتى أيام داود. وهم لم يُخضِعوا إسرائيل عسكرياً لكنهم كانوا يستغلونهم ويرهبونهم ويضايقونهم. والفلسطينيين ليسوا كنعانيين بل هم من جزيرة كريت (كفتور) لذلك كانوا يسمون بالكفتوريون. 
قضاة,13,62,"الإصحاحات (13-16) هي قصة شمشون وهو يرمز للمسيح في أشياء عديدة. نذكرها ونضع بجانبها علامة? . وشمشون غالباً كان معاصراً ليفتاح. فيفتاح خلص إسرائيل من بنى عمون وشمشون خلصهم من الفلسطينيين. وكان للفلسطينيون شأن عظيم في ذلك الزمان حتى أيام داود. وهم لم يُخضِعوا إسرائيل عسكرياً لكنهم كانوا يستغلونهم ويرهبونهم ويضايقونهم. والفلسطينيين ليسوا كنعانيين بل هم من جزيرة كريت (كفتور) لذلك كانوا يسمون بالكفتوريون. 
قضاة,13,63,"الإصحاحات (13-16) هي قصة شمشون وهو يرمز للمسيح في أشياء عديدة. نذكرها ونضع بجانبها علامة? . وشمشون غالباً كان معاصراً ليفتاح. فيفتاح خلص إسرائيل من بنى عمون وشمشون خلصهم من الفلسطينيين. وكان للفلسطينيون شأن عظيم في ذلك الزمان حتى أيام داود. وهم لم يُخضِعوا إسرائيل عسكرياً لكنهم كانوا يستغلونهم ويرهبونهم ويضايقونهم. والفلسطينيين ليسوا كنعانيين بل هم من جزيرة كريت (كفتور) لذلك كانوا يسمون بالكفتوريون. 
قضاة,13,64,"الإصحاحات (13-16) هي قصة شمشون وهو يرمز للمسيح في أشياء عديدة. نذكرها ونضع بجانبها علامة? . وشمشون غالباً كان معاصراً ليفتاح. فيفتاح خلص إسرائيل من بنى عمون وشمشون خلصهم من الفلسطينيين. وكان للفلسطينيون شأن عظيم في ذلك الزمان حتى أيام داود. وهم لم يُخضِعوا إسرائيل عسكرياً لكنهم كانوا يستغلونهم ويرهبونهم ويضايقونهم. والفلسطينيين ليسوا كنعانيين بل هم من جزيرة كريت (كفتور) لذلك كانوا يسمون بالكفتوريون. 
قضاة,13,65,"الإصحاحات (13-16) هي قصة شمشون وهو يرمز للمسيح في أشياء عديدة. نذكرها ونضع بجانبها علامة? . وشمشون غالباً كان معاصراً ليفتاح. فيفتاح خلص إسرائيل من بنى عمون وشمشون خلصهم من الفلسطينيين. وكان للفلسطينيون شأن عظيم في ذلك الزمان حتى أيام داود. وهم لم يُخضِعوا إسرائيل عسكرياً لكنهم كانوا يستغلونهم ويرهبونهم ويضايقونهم. والفلسطينيين ليسوا كنعانيين بل هم من جزيرة كريت (كفتور) لذلك كانوا يسمون بالكفتوريون. 
قضاة,13,66,"الإصحاحات (13-16) هي قصة شمشون وهو يرمز للمسيح في أشياء عديدة. نذكرها ونضع بجانبها علامة? . وشمشون غالباً كان معاصراً ليفتاح. فيفتاح خلص إسرائيل من بنى عمون وشمشون خلصهم من الفلسطينيين. وكان للفلسطينيون شأن عظيم في ذلك الزمان حتى أيام داود. وهم لم يُخضِعوا إسرائيل عسكرياً لكنهم كانوا يستغلونهم ويرهبونهم ويضايقونهم. والفلسطينيين ليسوا كنعانيين بل هم من جزيرة كريت (كفتور) لذلك كانوا يسمون بالكفتوريون. 
قضاة,13,67,"الإصحاحات (13-16) هي قصة شمشون وهو يرمز للمسيح في أشياء عديدة. نذكرها ونضع بجانبها علامة? . وشمشون غالباً كان معاصراً ليفتاح. فيفتاح خلص إسرائيل من بنى عمون وشمشون خلصهم من الفلسطينيين. وكان للفلسطينيون شأن عظيم في ذلك الزمان حتى أيام داود. وهم لم يُخضِعوا إسرائيل عسكرياً لكنهم كانوا يستغلونهم ويرهبونهم ويضايقونهم. والفلسطينيين ليسوا كنعانيين بل هم من جزيرة كريت (كفتور) لذلك كانوا يسمون بالكفتوريون. 
قضاة,13,68,"الإصحاحات (13-16) هي قصة شمشون وهو يرمز للمسيح في أشياء عديدة. نذكرها ونضع بجانبها علامة? . وشمشون غالباً كان معاصراً ليفتاح. فيفتاح خلص إسرائيل من بنى عمون وشمشون خلصهم من الفلسطينيين. وكان للفلسطينيون شأن عظيم في ذلك الزمان حتى أيام داود. وهم لم يُخضِعوا إسرائيل عسكرياً لكنهم كانوا يستغلونهم ويرهبونهم ويضايقونهم. والفلسطينيين ليسوا كنعانيين بل هم من جزيرة كريت (كفتور) لذلك كانوا يسمون بالكفتوريون. 
قضاة,13,69,"الإصحاحات (13-16) هي قصة شمشون وهو يرمز للمسيح في أشياء عديدة. نذكرها ونضع بجانبها علامة? . وشمشون غالباً كان معاصراً ليفتاح. فيفتاح خلص إسرائيل من بنى عمون وشمشون خلصهم من الفلسطينيين. وكان للفلسطينيون شأن عظيم في ذلك الزمان حتى أيام داود. وهم لم يُخضِعوا إسرائيل عسكرياً لكنهم كانوا يستغلونهم ويرهبونهم ويضايقونهم. والفلسطينيين ليسوا كنعانيين بل هم من جزيرة كريت (كفتور) لذلك كانوا يسمون بالكفتوريون. 
قضاة,13,70,"الإصحاحات (13-16) هي قصة شمشون وهو يرمز للمسيح في أشياء عديدة. نذكرها ونضع بجانبها علامة? . وشمشون غالباً كان معاصراً ليفتاح. فيفتاح خلص إسرائيل من بنى عمون وشمشون خلصهم من الفلسطينيين. وكان للفلسطينيون شأن عظيم في ذلك الزمان حتى أيام داود. وهم لم يُخضِعوا إسرائيل عسكرياً لكنهم كانوا يستغلونهم ويرهبونهم ويضايقونهم. والفلسطينيين ليسوا كنعانيين بل هم من جزيرة كريت (كفتور) لذلك كانوا يسمون بالكفتوريون. 
قضاة,13,71,"الإصحاحات (13-16) هي قصة شمشون وهو يرمز للمسيح في أشياء عديدة. نذكرها ونضع بجانبها علامة? . وشمشون غالباً كان معاصراً ليفتاح. فيفتاح خلص إسرائيل من بنى عمون وشمشون خلصهم من الفلسطينيين. وكان للفلسطينيون شأن عظيم في ذلك الزمان حتى أيام داود. وهم لم يُخضِعوا إسرائيل عسكرياً لكنهم كانوا يستغلونهم ويرهبونهم ويضايقونهم. والفلسطينيين ليسوا كنعانيين بل هم من جزيرة كريت (كفتور) لذلك كانوا يسمون بالكفتوريون. 
قضاة,13,72,"الإصحاحات (13-16) هي قصة شمشون وهو يرمز للمسيح في أشياء عديدة. نذكرها ونضع بجانبها علامة? . وشمشون غالباً كان معاصراً ليفتاح. فيفتاح خلص إسرائيل من بنى عمون وشمشون خلصهم من الفلسطينيين. وكان للفلسطينيون شأن عظيم في ذلك الزمان حتى أيام داود. وهم لم يُخضِعوا إسرائيل عسكرياً لكنهم كانوا يستغلونهم ويرهبونهم ويضايقونهم. والفلسطينيين ليسوا كنعانيين بل هم من جزيرة كريت (كفتور) لذلك كانوا يسمون بالكفتوريون. 
قضاة,13,73,"الإصحاحات (13-16) هي قصة شمشون وهو يرمز للمسيح في أشياء عديدة. نذكرها ونضع بجانبها علامة? . وشمشون غالباً كان معاصراً ليفتاح. فيفتاح خلص إسرائيل من بنى عمون وشمشون خلصهم من الفلسطينيين. وكان للفلسطينيون شأن عظيم في ذلك الزمان حتى أيام داود. وهم لم يُخضِعوا إسرائيل عسكرياً لكنهم كانوا يستغلونهم ويرهبونهم ويضايقونهم. والفلسطينيين ليسوا كنعانيين بل هم من جزيرة كريت (كفتور) لذلك كانوا يسمون بالكفتوريون. 
قضاة,13,74,"الإصحاحات (13-16) هي قصة شمشون وهو يرمز للمسيح في أشياء عديدة. نذكرها ونضع بجانبها علامة? . وشمشون غالباً كان معاصراً ليفتاح. فيفتاح خلص إسرائيل من بنى عمون وشمشون خلصهم من الفلسطينيين. وكان للفلسطينيون شأن عظيم في ذلك الزمان حتى أيام داود. وهم لم يُخضِعوا إسرائيل عسكرياً لكنهم كانوا يستغلونهم ويرهبونهم ويضايقونهم. والفلسطينيين ليسوا كنعانيين بل هم من جزيرة كريت (كفتور) لذلك كانوا يسمون بالكفتوريون. 
قضاة,13,75,"الإصحاحات (13-16) هي قصة شمشون وهو يرمز للمسيح في أشياء عديدة. نذكرها ونضع بجانبها علامة? . وشمشون غالباً كان معاصراً ليفتاح. فيفتاح خلص إسرائيل من بنى عمون وشمشون خلصهم من الفلسطينيين. وكان للفلسطينيون شأن عظيم في ذلك الزمان حتى أيام داود. وهم لم يُخضِعوا إسرائيل عسكرياً لكنهم كانوا يستغلونهم ويرهبونهم ويضايقونهم. والفلسطينيين ليسوا كنعانيين بل هم من جزيرة كريت (كفتور) لذلك كانوا يسمون بالكفتوريون. 
قضاة,13,76,"الإصحاحات (13-16) هي قصة شمشون وهو يرمز للمسيح في أشياء عديدة. نذكرها ونضع بجانبها علامة? . وشمشون غالباً كان معاصراً ليفتاح. فيفتاح خلص إسرائيل من بنى عمون وشمشون خلصهم من الفلسطينيين. وكان للفلسطينيون شأن عظيم في ذلك الزمان حتى أيام داود. وهم لم يُخضِعوا إسرائيل عسكرياً لكنهم كانوا يستغلونهم ويرهبونهم ويضايقونهم. والفلسطينيين ليسوا كنعانيين بل هم من جزيرة كريت (كفتور) لذلك كانوا يسمون بالكفتوريون. 
قضاة,13,77,"الإصحاحات (13-16) هي قصة شمشون وهو يرمز للمسيح في أشياء عديدة. نذكرها ونضع بجانبها علامة? . وشمشون غالباً كان معاصراً ليفتاح. فيفتاح خلص إسرائيل من بنى عمون وشمشون خلصهم من الفلسطينيين. وكان للفلسطينيون شأن عظيم في ذلك الزمان حتى أيام داود. وهم لم يُخضِعوا إسرائيل عسكرياً لكنهم كانوا يستغلونهم ويرهبونهم ويضايقونهم. والفلسطينيين ليسوا كنعانيين بل هم من جزيرة كريت (كفتور) لذلك كانوا يسمون بالكفتوريون. 
قضاة,13,78,"الإصحاحات (13-16) هي قصة شمشون وهو يرمز للمسيح في أشياء عديدة. نذكرها ونضع بجانبها علامة? . وشمشون غالباً كان معاصراً ليفتاح. فيفتاح خلص إسرائيل من بنى عمون وشمشون خلصهم من الفلسطينيين. وكان للفلسطينيون شأن عظيم في ذلك الزمان حتى أيام داود. وهم لم يُخضِعوا إسرائيل عسكرياً لكنهم كانوا يستغلونهم ويرهبونهم ويضايقونهم. والفلسطينيين ليسوا كنعانيين بل هم من جزيرة كريت (كفتور) لذلك كانوا يسمون بالكفتوريون. 
قضاة,13,79,"الإصحاحات (13-16) هي قصة شمشون وهو يرمز للمسيح في أشياء عديدة. نذكرها ونضع بجانبها علامة? . وشمشون غالباً كان معاصراً ليفتاح. فيفتاح خلص إسرائيل من بنى عمون وشمشون خلصهم من الفلسطينيين. وكان للفلسطينيون شأن عظيم في ذلك الزمان حتى أيام داود. وهم لم يُخضِعوا إسرائيل عسكرياً لكنهم كانوا يستغلونهم ويرهبونهم ويضايقونهم. والفلسطينيين ليسوا كنعانيين بل هم من جزيرة كريت (كفتور) لذلك كانوا يسمون بالكفتوريون. 
قضاة,13,80,"الإصحاحات (13-16) هي قصة شمشون وهو يرمز للمسيح في أشياء عديدة. نذكرها ونضع بجانبها علامة? . وشمشون غالباً كان معاصراً ليفتاح. فيفتاح خلص إسرائيل من بنى عمون وشمشون خلصهم من الفلسطينيين. وكان للفلسطينيون شأن عظيم في ذلك الزمان حتى أيام داود. وهم لم يُخضِعوا إسرائيل عسكرياً لكنهم كانوا يستغلونهم ويرهبونهم ويضايقونهم. والفلسطينيين ليسوا كنعانيين بل هم من جزيرة كريت (كفتور) لذلك كانوا يسمون بالكفتوريون. 
قضاة,13,81,"الإصحاحات (13-16) هي قصة شمشون وهو يرمز للمسيح في أشياء عديدة. نذكرها ونضع بجانبها علامة? . وشمشون غالباً كان معاصراً ليفتاح. فيفتاح خلص إسرائيل من بنى عمون وشمشون خلصهم من الفلسطينيين. وكان للفلسطينيون شأن عظيم في ذلك الزمان حتى أيام داود. وهم لم يُخضِعوا إسرائيل عسكرياً لكنهم كانوا يستغلونهم ويرهبونهم ويضايقونهم. والفلسطينيين ليسوا كنعانيين بل هم من جزيرة كريت (كفتور) لذلك كانوا يسمون بالكفتوريون. 
قضاة,13,82,"الإصحاحات (13-16) هي قصة شمشون وهو يرمز للمسيح في أشياء عديدة. نذكرها ونضع بجانبها علامة? . وشمشون غالباً كان معاصراً ليفتاح. فيفتاح خلص إسرائيل من بنى عمون وشمشون خلصهم من الفلسطينيين. وكان للفلسطينيون شأن عظيم في ذلك الزمان حتى أيام داود. وهم لم يُخضِعوا إسرائيل عسكرياً لكنهم كانوا يستغلونهم ويرهبونهم ويضايقونهم. والفلسطينيين ليسوا كنعانيين بل هم من جزيرة كريت (كفتور) لذلك كانوا يسمون بالكفتوريون. 
قضاة,13,83,"الإصحاحات (13-16) هي قصة شمشون وهو يرمز للمسيح في أشياء عديدة. نذكرها ونضع بجانبها علامة? . وشمشون غالباً كان معاصراً ليفتاح. فيفتاح خلص إسرائيل من بنى عمون وشمشون خلصهم من الفلسطينيين. وكان للفلسطينيون شأن عظيم في ذلك الزمان حتى أيام داود. وهم لم يُخضِعوا إسرائيل عسكرياً لكنهم كانوا يستغلونهم ويرهبونهم ويضايقونهم. والفلسطينيين ليسوا كنعانيين بل هم من جزيرة كريت (كفتور) لذلك كانوا يسمون بالكفتوريون. 
قضاة,13,84,"الإصحاحات (13-16) هي قصة شمشون وهو يرمز للمسيح في أشياء عديدة. نذكرها ونضع بجانبها علامة? . وشمشون غالباً كان معاصراً ليفتاح. فيفتاح خلص إسرائيل من بنى عمون وشمشون خلصهم من الفلسطينيين. وكان للفلسطينيون شأن عظيم في ذلك الزمان حتى أيام داود. وهم لم يُخضِعوا إسرائيل عسكرياً لكنهم كانوا يستغلونهم ويرهبونهم ويضايقونهم. والفلسطينيين ليسوا كنعانيين بل هم من جزيرة كريت (كفتور) لذلك كانوا يسمون بالكفتوريون. 
قضاة,13,85,"الإصحاحات (13-16) هي قصة شمشون وهو يرمز للمسيح في أشياء عديدة. نذكرها ونضع بجانبها علامة? . وشمشون غالباً كان معاصراً ليفتاح. فيفتاح خلص إسرائيل من بنى عمون وشمشون خلصهم من الفلسطينيين. وكان للفلسطينيون شأن عظيم في ذلك الزمان حتى أيام داود. وهم لم يُخضِعوا إسرائيل عسكرياً لكنهم كانوا يستغلونهم ويرهبونهم ويضايقونهم. والفلسطينيين ليسوا كنعانيين بل هم من جزيرة كريت (كفتور) لذلك كانوا يسمون بالكفتوريون. 
قضاة,13,86,"الإصحاحات (13-16) هي قصة شمشون وهو يرمز للمسيح في أشياء عديدة. نذكرها ونضع بجانبها علامة? . وشمشون غالباً كان معاصراً ليفتاح. فيفتاح خلص إسرائيل من بنى عمون وشمشون خلصهم من الفلسطينيين. وكان للفلسطينيون شأن عظيم في ذلك الزمان حتى أيام داود. وهم لم يُخضِعوا إسرائيل عسكرياً لكنهم كانوا يستغلونهم ويرهبونهم ويضايقونهم. والفلسطينيين ليسوا كنعانيين بل هم من جزيرة كريت (كفتور) لذلك كانوا يسمون بالكفتوريون. 
قضاة,13,87,"الإصحاحات (13-16) هي قصة شمشون وهو يرمز للمسيح في أشياء عديدة. نذكرها ونضع بجانبها علامة? . وشمشون غالباً كان معاصراً ليفتاح. فيفتاح خلص إسرائيل من بنى عمون وشمشون خلصهم من الفلسطينيين. وكان للفلسطينيون شأن عظيم في ذلك الزمان حتى أيام داود. وهم لم يُخضِعوا إسرائيل عسكرياً لكنهم كانوا يستغلونهم ويرهبونهم ويضايقونهم. والفلسطينيين ليسوا كنعانيين بل هم من جزيرة كريت (كفتور) لذلك كانوا يسمون بالكفتوريون. 
قضاة,13,88,"الإصحاحات (13-16) هي قصة شمشون وهو يرمز للمسيح في أشياء عديدة. نذكرها ونضع بجانبها علامة? . وشمشون غالباً كان معاصراً ليفتاح. فيفتاح خلص إسرائيل من بنى عمون وشمشون خلصهم من الفلسطينيين. وكان للفلسطينيون شأن عظيم في ذلك الزمان حتى أيام داود. وهم لم يُخضِعوا إسرائيل عسكرياً لكنهم كانوا يستغلونهم ويرهبونهم ويضايقونهم. والفلسطينيين ليسوا كنعانيين بل هم من جزيرة كريت (كفتور) لذلك كانوا يسمون بالكفتوريون. 
قضاة,13,89,"الإصحاحات (13-16) هي قصة شمشون وهو يرمز للمسيح في أشياء عديدة. نذكرها ونضع بجانبها علامة? . وشمشون غالباً كان معاصراً ليفتاح. فيفتاح خلص إسرائيل من بنى عمون وشمشون خلصهم من الفلسطينيين. وكان للفلسطينيون شأن عظيم في ذلك الزمان حتى أيام داود. وهم لم يُخضِعوا إسرائيل عسكرياً لكنهم كانوا يستغلونهم ويرهبونهم ويضايقونهم. والفلسطينيين ليسوا كنعانيين بل هم من جزيرة كريت (كفتور) لذلك كانوا يسمون بالكفتوريون. 
قضاة,13,90,"الإصحاحات (13-16) هي قصة شمشون وهو يرمز للمسيح في أشياء عديدة. نذكرها ونضع بجانبها علامة? . وشمشون غالباً كان معاصراً ليفتاح. فيفتاح خلص إسرائيل من بنى عمون وشمشون خلصهم من الفلسطينيين. وكان للفلسطينيون شأن عظيم في ذلك الزمان حتى أيام داود. وهم لم يُخضِعوا إسرائيل عسكرياً لكنهم كانوا يستغلونهم ويرهبونهم ويضايقونهم. والفلسطينيين ليسوا كنعانيين بل هم من جزيرة كريت (كفتور) لذلك كانوا يسمون بالكفتوريون. 
قضاة,13,91,"الإصحاحات (13-16) هي قصة شمشون وهو يرمز للمسيح في أشياء عديدة. نذكرها ونضع بجانبها علامة? . وشمشون غالباً كان معاصراً ليفتاح. فيفتاح خلص إسرائيل من بنى عمون وشمشون خلصهم من الفلسطينيين. وكان للفلسطينيون شأن عظيم في ذلك الزمان حتى أيام داود. وهم لم يُخضِعوا إسرائيل عسكرياً لكنهم كانوا يستغلونهم ويرهبونهم ويضايقونهم. والفلسطينيين ليسوا كنعانيين بل هم من جزيرة كريت (كفتور) لذلك كانوا يسمون بالكفتوريون. 
قضاة,13,92,"الإصحاحات (13-16) هي قصة شمشون وهو يرمز للمسيح في أشياء عديدة. نذكرها ونضع بجانبها علامة? . وشمشون غالباً كان معاصراً ليفتاح. فيفتاح خلص إسرائيل من بنى عمون وشمشون خلصهم من الفلسطينيين. وكان للفلسطينيون شأن عظيم في ذلك الزمان حتى أيام داود. وهم لم يُخضِعوا إسرائيل عسكرياً لكنهم كانوا يستغلونهم ويرهبونهم ويضايقونهم. والفلسطينيين ليسوا كنعانيين بل هم من جزيرة كريت (كفتور) لذلك كانوا يسمون بالكفتوريون. 
قضاة,13,93,"الإصحاحات (13-16) هي قصة شمشون وهو يرمز للمسيح في أشياء عديدة. نذكرها ونضع بجانبها علامة? . وشمشون غالباً كان معاصراً ليفتاح. فيفتاح خلص إسرائيل من بنى عمون وشمشون خلصهم من الفلسطينيين. وكان للفلسطينيون شأن عظيم في ذلك الزمان حتى أيام داود. وهم لم يُخضِعوا إسرائيل عسكرياً لكنهم كانوا يستغلونهم ويرهبونهم ويضايقونهم. والفلسطينيين ليسوا كنعانيين بل هم من جزيرة كريت (كفتور) لذلك كانوا يسمون بالكفتوريون. 
قضاة,13,94,"الإصحاحات (13-16) هي قصة شمشون وهو يرمز للمسيح في أشياء عديدة. نذكرها ونضع بجانبها علامة? . وشمشون غالباً كان معاصراً ليفتاح. فيفتاح خلص إسرائيل من بنى عمون وشمشون خلصهم من الفلسطينيين. وكان للفلسطينيون شأن عظيم في ذلك الزمان حتى أيام داود. وهم لم يُخضِعوا إسرائيل عسكرياً لكنهم كانوا يستغلونهم ويرهبونهم ويضايقونهم. والفلسطينيين ليسوا كنعانيين بل هم من جزيرة كريت (كفتور) لذلك كانوا يسمون بالكفتوريون. 
قضاة,13,95,"الإصحاحات (13-16) هي قصة شمشون وهو يرمز للمسيح في أشياء عديدة. نذكرها ونضع بجانبها علامة? . وشمشون غالباً كان معاصراً ليفتاح. فيفتاح خلص إسرائيل من بنى عمون وشمشون خلصهم من الفلسطينيين. وكان للفلسطينيون شأن عظيم في ذلك الزمان حتى أيام داود. وهم لم يُخضِعوا إسرائيل عسكرياً لكنهم كانوا يستغلونهم ويرهبونهم ويضايقونهم. والفلسطينيين ليسوا كنعانيين بل هم من جزيرة كريت (كفتور) لذلك كانوا يسمون بالكفتوريون. 
قضاة,13,96,"الإصحاحات (13-16) هي قصة شمشون وهو يرمز للمسيح في أشياء عديدة. نذكرها ونضع بجانبها علامة? . وشمشون غالباً كان معاصراً ليفتاح. فيفتاح خلص إسرائيل من بنى عمون وشمشون خلصهم من الفلسطينيين. وكان للفلسطينيون شأن عظيم في ذلك الزمان حتى أيام داود. وهم لم يُخضِعوا إسرائيل عسكرياً لكنهم كانوا يستغلونهم ويرهبونهم ويضايقونهم. والفلسطينيين ليسوا كنعانيين بل هم من جزيرة كريت (كفتور) لذلك كانوا يسمون بالكفتوريون. 
قضاة,13,97,"الإصحاحات (13-16) هي قصة شمشون وهو يرمز للمسيح في أشياء عديدة. نذكرها ونضع بجانبها علامة? . وشمشون غالباً كان معاصراً ليفتاح. فيفتاح خلص إسرائيل من بنى عمون وشمشون خلصهم من الفلسطينيين. وكان للفلسطينيون شأن عظيم في ذلك الزمان حتى أيام داود. وهم لم يُخضِعوا إسرائيل عسكرياً لكنهم كانوا يستغلونهم ويرهبونهم ويضايقونهم. والفلسطينيين ليسوا كنعانيين بل هم من جزيرة كريت (كفتور) لذلك كانوا يسمون بالكفتوريون. 
قضاة,13,98,"الإصحاحات (13-16) هي قصة شمشون وهو يرمز للمسيح في أشياء عديدة. نذكرها ونضع بجانبها علامة? . وشمشون غالباً كان معاصراً ليفتاح. فيفتاح خلص إسرائيل من بنى عمون وشمشون خلصهم من الفلسطينيين. وكان للفلسطينيون شأن عظيم في ذلك الزمان حتى أيام داود. وهم لم يُخضِعوا إسرائيل عسكرياً لكنهم كانوا يستغلونهم ويرهبونهم ويضايقونهم. والفلسطينيين ليسوا كنعانيين بل هم من جزيرة كريت (كفتور) لذلك كانوا يسمون بالكفتوريون. 
قضاة,13,99,"الإصحاحات (13-16) هي قصة شمشون وهو يرمز للمسيح في أشياء عديدة. نذكرها ونضع بجانبها علامة? . وشمشون غالباً كان معاصراً ليفتاح. فيفتاح خلص إسرائيل من بنى عمون وشمشون خلصهم من الفلسطينيين. وكان للفلسطينيون شأن عظيم في ذلك الزمان حتى أيام داود. وهم لم يُخضِعوا إسرائيل عسكرياً لكنهم كانوا يستغلونهم ويرهبونهم ويضايقونهم. والفلسطينيين ليسوا كنعانيين بل هم من جزيرة كريت (كفتور) لذلك كانوا يسمون بالكفتوريون. 
قضاة,14,1,"الآيات (1-4): ""ونزل شمشون إلى تمنة ورأى امرأة في تمنة من بنات الفلسطينيين. فصعد واخبر أباه وأمه وقال قد رأيت امرأة في تمنة من بنات الفلسطينيين فالان خذاها لي امرأة. فقال له أبوه وأمه أليس في بنات اخوتك وفي كل شعبي امرأة حتى انك ذاهب لتأخذ امرأة من الفلسطينيين الغلف فقال شمشون لأبيه إياها خذ لي لأنها حسنت في عيني. ولم يعلم أبوه وأمه أن ذلك من الرب لأنه كان يطلب علة على الفلسطينيين وفي ذلك الوقت كان الفلسطينيون متسلطين على إسرائيل.""
قضاة,14,2,"الآيات (1-4): ""ونزل شمشون إلى تمنة ورأى امرأة في تمنة من بنات الفلسطينيين. فصعد واخبر أباه وأمه وقال قد رأيت امرأة في تمنة من بنات الفلسطينيين فالان خذاها لي امرأة. فقال له أبوه وأمه أليس في بنات اخوتك وفي كل شعبي امرأة حتى انك ذاهب لتأخذ امرأة من الفلسطينيين الغلف فقال شمشون لأبيه إياها خذ لي لأنها حسنت في عيني. ولم يعلم أبوه وأمه أن ذلك من الرب لأنه كان يطلب علة على الفلسطينيين وفي ذلك الوقت كان الفلسطينيون متسلطين على إسرائيل.""
قضاة,14,3,"الآيات (1-4): ""ونزل شمشون إلى تمنة ورأى امرأة في تمنة من بنات الفلسطينيين. فصعد واخبر أباه وأمه وقال قد رأيت امرأة في تمنة من بنات الفلسطينيين فالان خذاها لي امرأة. فقال له أبوه وأمه أليس في بنات اخوتك وفي كل شعبي امرأة حتى انك ذاهب لتأخذ امرأة من الفلسطينيين الغلف فقال شمشون لأبيه إياها خذ لي لأنها حسنت في عيني. ولم يعلم أبوه وأمه أن ذلك من الرب لأنه كان يطلب علة على الفلسطينيين وفي ذلك الوقت كان الفلسطينيون متسلطين على إسرائيل.""
قضاة,14,4,"الآيات (1-4): ""ونزل شمشون إلى تمنة ورأى امرأة في تمنة من بنات الفلسطينيين. فصعد واخبر أباه وأمه وقال قد رأيت امرأة في تمنة من بنات الفلسطينيين فالان خذاها لي امرأة. فقال له أبوه وأمه أليس في بنات اخوتك وفي كل شعبي امرأة حتى انك ذاهب لتأخذ امرأة من الفلسطينيين الغلف فقال شمشون لأبيه إياها خذ لي لأنها حسنت في عيني. ولم يعلم أبوه وأمه أن ذلك من الرب لأنه كان يطلب علة على الفلسطينيين وفي ذلك الوقت كان الفلسطينيون متسلطين على إسرائيل.""
قضاة,14,5,"الآيات (1-4): ""ونزل شمشون إلى تمنة ورأى امرأة في تمنة من بنات الفلسطينيين. فصعد واخبر أباه وأمه وقال قد رأيت امرأة في تمنة من بنات الفلسطينيين فالان خذاها لي امرأة. فقال له أبوه وأمه أليس في بنات اخوتك وفي كل شعبي امرأة حتى انك ذاهب لتأخذ امرأة من الفلسطينيين الغلف فقال شمشون لأبيه إياها خذ لي لأنها حسنت في عيني. ولم يعلم أبوه وأمه أن ذلك من الرب لأنه كان يطلب علة على الفلسطينيين وفي ذلك الوقت كان الفلسطينيون متسلطين على إسرائيل.""
قضاة,14,6,"الآيات (1-4): ""ونزل شمشون إلى تمنة ورأى امرأة في تمنة من بنات الفلسطينيين. فصعد واخبر أباه وأمه وقال قد رأيت امرأة في تمنة من بنات الفلسطينيين فالان خذاها لي امرأة. فقال له أبوه وأمه أليس في بنات اخوتك وفي كل شعبي امرأة حتى انك ذاهب لتأخذ امرأة من الفلسطينيين الغلف فقال شمشون لأبيه إياها خذ لي لأنها حسنت في عيني. ولم يعلم أبوه وأمه أن ذلك من الرب لأنه كان يطلب علة على الفلسطينيين وفي ذلك الوقت كان الفلسطينيون متسلطين على إسرائيل.""
قضاة,14,7,"الآيات (1-4): ""ونزل شمشون إلى تمنة ورأى امرأة في تمنة من بنات الفلسطينيين. فصعد واخبر أباه وأمه وقال قد رأيت امرأة في تمنة من بنات الفلسطينيين فالان خذاها لي امرأة. فقال له أبوه وأمه أليس في بنات اخوتك وفي كل شعبي امرأة حتى انك ذاهب لتأخذ امرأة من الفلسطينيين الغلف فقال شمشون لأبيه إياها خذ لي لأنها حسنت في عيني. ولم يعلم أبوه وأمه أن ذلك من الرب لأنه كان يطلب علة على الفلسطينيين وفي ذلك الوقت كان الفلسطينيون متسلطين على إسرائيل.""
قضاة,14,8,"الآيات (1-4): ""ونزل شمشون إلى تمنة ورأى امرأة في تمنة من بنات الفلسطينيين. فصعد واخبر أباه وأمه وقال قد رأيت امرأة في تمنة من بنات الفلسطينيين فالان خذاها لي امرأة. فقال له أبوه وأمه أليس في بنات اخوتك وفي كل شعبي امرأة حتى انك ذاهب لتأخذ امرأة من الفلسطينيين الغلف فقال شمشون لأبيه إياها خذ لي لأنها حسنت في عيني. ولم يعلم أبوه وأمه أن ذلك من الرب لأنه كان يطلب علة على الفلسطينيين وفي ذلك الوقت كان الفلسطينيون متسلطين على إسرائيل.""
قضاة,14,9,"الآيات (1-4): ""ونزل شمشون إلى تمنة ورأى امرأة في تمنة من بنات الفلسطينيين. فصعد واخبر أباه وأمه وقال قد رأيت امرأة في تمنة من بنات الفلسطينيين فالان خذاها لي امرأة. فقال له أبوه وأمه أليس في بنات اخوتك وفي كل شعبي امرأة حتى انك ذاهب لتأخذ امرأة من الفلسطينيين الغلف فقال شمشون لأبيه إياها خذ لي لأنها حسنت في عيني. ولم يعلم أبوه وأمه أن ذلك من الرب لأنه كان يطلب علة على الفلسطينيين وفي ذلك الوقت كان الفلسطينيون متسلطين على إسرائيل.""
قضاة,14,10,"الآيات (1-4): ""ونزل شمشون إلى تمنة ورأى امرأة في تمنة من بنات الفلسطينيين. فصعد واخبر أباه وأمه وقال قد رأيت امرأة في تمنة من بنات الفلسطينيين فالان خذاها لي امرأة. فقال له أبوه وأمه أليس في بنات اخوتك وفي كل شعبي امرأة حتى انك ذاهب لتأخذ امرأة من الفلسطينيين الغلف فقال شمشون لأبيه إياها خذ لي لأنها حسنت في عيني. ولم يعلم أبوه وأمه أن ذلك من الرب لأنه كان يطلب علة على الفلسطينيين وفي ذلك الوقت كان الفلسطينيون متسلطين على إسرائيل.""
قضاة,14,11,"الآيات (1-4): ""ونزل شمشون إلى تمنة ورأى امرأة في تمنة من بنات الفلسطينيين. فصعد واخبر أباه وأمه وقال قد رأيت امرأة في تمنة من بنات الفلسطينيين فالان خذاها لي امرأة. فقال له أبوه وأمه أليس في بنات اخوتك وفي كل شعبي امرأة حتى انك ذاهب لتأخذ امرأة من الفلسطينيين الغلف فقال شمشون لأبيه إياها خذ لي لأنها حسنت في عيني. ولم يعلم أبوه وأمه أن ذلك من الرب لأنه كان يطلب علة على الفلسطينيين وفي ذلك الوقت كان الفلسطينيون متسلطين على إسرائيل.""
قضاة,14,12,"الآيات (1-4): ""ونزل شمشون إلى تمنة ورأى امرأة في تمنة من بنات الفلسطينيين. فصعد واخبر أباه وأمه وقال قد رأيت امرأة في تمنة من بنات الفلسطينيين فالان خذاها لي امرأة. فقال له أبوه وأمه أليس في بنات اخوتك وفي كل شعبي امرأة حتى انك ذاهب لتأخذ امرأة من الفلسطينيين الغلف فقال شمشون لأبيه إياها خذ لي لأنها حسنت في عيني. ولم يعلم أبوه وأمه أن ذلك من الرب لأنه كان يطلب علة على الفلسطينيين وفي ذلك الوقت كان الفلسطينيون متسلطين على إسرائيل.""
قضاة,14,13,"الآيات (1-4): ""ونزل شمشون إلى تمنة ورأى امرأة في تمنة من بنات الفلسطينيين. فصعد واخبر أباه وأمه وقال قد رأيت امرأة في تمنة من بنات الفلسطينيين فالان خذاها لي امرأة. فقال له أبوه وأمه أليس في بنات اخوتك وفي كل شعبي امرأة حتى انك ذاهب لتأخذ امرأة من الفلسطينيين الغلف فقال شمشون لأبيه إياها خذ لي لأنها حسنت في عيني. ولم يعلم أبوه وأمه أن ذلك من الرب لأنه كان يطلب علة على الفلسطينيين وفي ذلك الوقت كان الفلسطينيون متسلطين على إسرائيل.""
قضاة,14,14,"الآيات (1-4): ""ونزل شمشون إلى تمنة ورأى امرأة في تمنة من بنات الفلسطينيين. فصعد واخبر أباه وأمه وقال قد رأيت امرأة في تمنة من بنات الفلسطينيين فالان خذاها لي امرأة. فقال له أبوه وأمه أليس في بنات اخوتك وفي كل شعبي امرأة حتى انك ذاهب لتأخذ امرأة من الفلسطينيين الغلف فقال شمشون لأبيه إياها خذ لي لأنها حسنت في عيني. ولم يعلم أبوه وأمه أن ذلك من الرب لأنه كان يطلب علة على الفلسطينيين وفي ذلك الوقت كان الفلسطينيون متسلطين على إسرائيل.""
قضاة,14,15,"الآيات (1-4): ""ونزل شمشون إلى تمنة ورأى امرأة في تمنة من بنات الفلسطينيين. فصعد واخبر أباه وأمه وقال قد رأيت امرأة في تمنة من بنات الفلسطينيين فالان خذاها لي امرأة. فقال له أبوه وأمه أليس في بنات اخوتك وفي كل شعبي امرأة حتى انك ذاهب لتأخذ امرأة من الفلسطينيين الغلف فقال شمشون لأبيه إياها خذ لي لأنها حسنت في عيني. ولم يعلم أبوه وأمه أن ذلك من الرب لأنه كان يطلب علة على الفلسطينيين وفي ذلك الوقت كان الفلسطينيون متسلطين على إسرائيل.""
قضاة,14,16,"الآيات (1-4): ""ونزل شمشون إلى تمنة ورأى امرأة في تمنة من بنات الفلسطينيين. فصعد واخبر أباه وأمه وقال قد رأيت امرأة في تمنة من بنات الفلسطينيين فالان خذاها لي امرأة. فقال له أبوه وأمه أليس في بنات اخوتك وفي كل شعبي امرأة حتى انك ذاهب لتأخذ امرأة من الفلسطينيين الغلف فقال شمشون لأبيه إياها خذ لي لأنها حسنت في عيني. ولم يعلم أبوه وأمه أن ذلك من الرب لأنه كان يطلب علة على الفلسطينيين وفي ذلك الوقت كان الفلسطينيون متسلطين على إسرائيل.""
قضاة,14,17,"الآيات (1-4): ""ونزل شمشون إلى تمنة ورأى امرأة في تمنة من بنات الفلسطينيين. فصعد واخبر أباه وأمه وقال قد رأيت امرأة في تمنة من بنات الفلسطينيين فالان خذاها لي امرأة. فقال له أبوه وأمه أليس في بنات اخوتك وفي كل شعبي امرأة حتى انك ذاهب لتأخذ امرأة من الفلسطينيين الغلف فقال شمشون لأبيه إياها خذ لي لأنها حسنت في عيني. ولم يعلم أبوه وأمه أن ذلك من الرب لأنه كان يطلب علة على الفلسطينيين وفي ذلك الوقت كان الفلسطينيون متسلطين على إسرائيل.""
قضاة,14,18,"الآيات (1-4): ""ونزل شمشون إلى تمنة ورأى امرأة في تمنة من بنات الفلسطينيين. فصعد واخبر أباه وأمه وقال قد رأيت امرأة في تمنة من بنات الفلسطينيين فالان خذاها لي امرأة. فقال له أبوه وأمه أليس في بنات اخوتك وفي كل شعبي امرأة حتى انك ذاهب لتأخذ امرأة من الفلسطينيين الغلف فقال شمشون لأبيه إياها خذ لي لأنها حسنت في عيني. ولم يعلم أبوه وأمه أن ذلك من الرب لأنه كان يطلب علة على الفلسطينيين وفي ذلك الوقت كان الفلسطينيون متسلطين على إسرائيل.""
قضاة,14,19,"الآيات (1-4): ""ونزل شمشون إلى تمنة ورأى امرأة في تمنة من بنات الفلسطينيين. فصعد واخبر أباه وأمه وقال قد رأيت امرأة في تمنة من بنات الفلسطينيين فالان خذاها لي امرأة. فقال له أبوه وأمه أليس في بنات اخوتك وفي كل شعبي امرأة حتى انك ذاهب لتأخذ امرأة من الفلسطينيين الغلف فقال شمشون لأبيه إياها خذ لي لأنها حسنت في عيني. ولم يعلم أبوه وأمه أن ذلك من الرب لأنه كان يطلب علة على الفلسطينيين وفي ذلك الوقت كان الفلسطينيون متسلطين على إسرائيل.""
قضاة,14,20,"الآيات (1-4): ""ونزل شمشون إلى تمنة ورأى امرأة في تمنة من بنات الفلسطينيين. فصعد واخبر أباه وأمه وقال قد رأيت امرأة في تمنة من بنات الفلسطينيين فالان خذاها لي امرأة. فقال له أبوه وأمه أليس في بنات اخوتك وفي كل شعبي امرأة حتى انك ذاهب لتأخذ امرأة من الفلسطينيين الغلف فقال شمشون لأبيه إياها خذ لي لأنها حسنت في عيني. ولم يعلم أبوه وأمه أن ذلك من الرب لأنه كان يطلب علة على الفلسطينيين وفي ذلك الوقت كان الفلسطينيون متسلطين على إسرائيل.""
قضاة,14,21,"الآيات (1-4): ""ونزل شمشون إلى تمنة ورأى امرأة في تمنة من بنات الفلسطينيين. فصعد واخبر أباه وأمه وقال قد رأيت امرأة في تمنة من بنات الفلسطينيين فالان خذاها لي امرأة. فقال له أبوه وأمه أليس في بنات اخوتك وفي كل شعبي امرأة حتى انك ذاهب لتأخذ امرأة من الفلسطينيين الغلف فقال شمشون لأبيه إياها خذ لي لأنها حسنت في عيني. ولم يعلم أبوه وأمه أن ذلك من الرب لأنه كان يطلب علة على الفلسطينيين وفي ذلك الوقت كان الفلسطينيون متسلطين على إسرائيل.""
قضاة,14,22,"الآيات (1-4): ""ونزل شمشون إلى تمنة ورأى امرأة في تمنة من بنات الفلسطينيين. فصعد واخبر أباه وأمه وقال قد رأيت امرأة في تمنة من بنات الفلسطينيين فالان خذاها لي امرأة. فقال له أبوه وأمه أليس في بنات اخوتك وفي كل شعبي امرأة حتى انك ذاهب لتأخذ امرأة من الفلسطينيين الغلف فقال شمشون لأبيه إياها خذ لي لأنها حسنت في عيني. ولم يعلم أبوه وأمه أن ذلك من الرب لأنه كان يطلب علة على الفلسطينيين وفي ذلك الوقت كان الفلسطينيون متسلطين على إسرائيل.""
قضاة,14,23,"الآيات (1-4): ""ونزل شمشون إلى تمنة ورأى امرأة في تمنة من بنات الفلسطينيين. فصعد واخبر أباه وأمه وقال قد رأيت امرأة في تمنة من بنات الفلسطينيين فالان خذاها لي امرأة. فقال له أبوه وأمه أليس في بنات اخوتك وفي كل شعبي امرأة حتى انك ذاهب لتأخذ امرأة من الفلسطينيين الغلف فقال شمشون لأبيه إياها خذ لي لأنها حسنت في عيني. ولم يعلم أبوه وأمه أن ذلك من الرب لأنه كان يطلب علة على الفلسطينيين وفي ذلك الوقت كان الفلسطينيون متسلطين على إسرائيل.""
قضاة,14,24,"الآيات (1-4): ""ونزل شمشون إلى تمنة ورأى امرأة في تمنة من بنات الفلسطينيين. فصعد واخبر أباه وأمه وقال قد رأيت امرأة في تمنة من بنات الفلسطينيين فالان خذاها لي امرأة. فقال له أبوه وأمه أليس في بنات اخوتك وفي كل شعبي امرأة حتى انك ذاهب لتأخذ امرأة من الفلسطينيين الغلف فقال شمشون لأبيه إياها خذ لي لأنها حسنت في عيني. ولم يعلم أبوه وأمه أن ذلك من الرب لأنه كان يطلب علة على الفلسطينيين وفي ذلك الوقت كان الفلسطينيون متسلطين على إسرائيل.""
قضاة,14,25,"الآيات (1-4): ""ونزل شمشون إلى تمنة ورأى امرأة في تمنة من بنات الفلسطينيين. فصعد واخبر أباه وأمه وقال قد رأيت امرأة في تمنة من بنات الفلسطينيين فالان خذاها لي امرأة. فقال له أبوه وأمه أليس في بنات اخوتك وفي كل شعبي امرأة حتى انك ذاهب لتأخذ امرأة من الفلسطينيين الغلف فقال شمشون لأبيه إياها خذ لي لأنها حسنت في عيني. ولم يعلم أبوه وأمه أن ذلك من الرب لأنه كان يطلب علة على الفلسطينيين وفي ذلك الوقت كان الفلسطينيون متسلطين على إسرائيل.""
قضاة,14,26,"الآيات (1-4): ""ونزل شمشون إلى تمنة ورأى امرأة في تمنة من بنات الفلسطينيين. فصعد واخبر أباه وأمه وقال قد رأيت امرأة في تمنة من بنات الفلسطينيين فالان خذاها لي امرأة. فقال له أبوه وأمه أليس في بنات اخوتك وفي كل شعبي امرأة حتى انك ذاهب لتأخذ امرأة من الفلسطينيين الغلف فقال شمشون لأبيه إياها خذ لي لأنها حسنت في عيني. ولم يعلم أبوه وأمه أن ذلك من الرب لأنه كان يطلب علة على الفلسطينيين وفي ذلك الوقت كان الفلسطينيون متسلطين على إسرائيل.""
قضاة,14,27,"الآيات (1-4): ""ونزل شمشون إلى تمنة ورأى امرأة في تمنة من بنات الفلسطينيين. فصعد واخبر أباه وأمه وقال قد رأيت امرأة في تمنة من بنات الفلسطينيين فالان خذاها لي امرأة. فقال له أبوه وأمه أليس في بنات اخوتك وفي كل شعبي امرأة حتى انك ذاهب لتأخذ امرأة من الفلسطينيين الغلف فقال شمشون لأبيه إياها خذ لي لأنها حسنت في عيني. ولم يعلم أبوه وأمه أن ذلك من الرب لأنه كان يطلب علة على الفلسطينيين وفي ذلك الوقت كان الفلسطينيون متسلطين على إسرائيل.""
قضاة,14,28,"الآيات (1-4): ""ونزل شمشون إلى تمنة ورأى امرأة في تمنة من بنات الفلسطينيين. فصعد واخبر أباه وأمه وقال قد رأيت امرأة في تمنة من بنات الفلسطينيين فالان خذاها لي امرأة. فقال له أبوه وأمه أليس في بنات اخوتك وفي كل شعبي امرأة حتى انك ذاهب لتأخذ امرأة من الفلسطينيين الغلف فقال شمشون لأبيه إياها خذ لي لأنها حسنت في عيني. ولم يعلم أبوه وأمه أن ذلك من الرب لأنه كان يطلب علة على الفلسطينيين وفي ذلك الوقت كان الفلسطينيون متسلطين على إسرائيل.""
قضاة,14,29,"الآيات (1-4): ""ونزل شمشون إلى تمنة ورأى امرأة في تمنة من بنات الفلسطينيين. فصعد واخبر أباه وأمه وقال قد رأيت امرأة في تمنة من بنات الفلسطينيين فالان خذاها لي امرأة. فقال له أبوه وأمه أليس في بنات اخوتك وفي كل شعبي امرأة حتى انك ذاهب لتأخذ امرأة من الفلسطينيين الغلف فقال شمشون لأبيه إياها خذ لي لأنها حسنت في عيني. ولم يعلم أبوه وأمه أن ذلك من الرب لأنه كان يطلب علة على الفلسطينيين وفي ذلك الوقت كان الفلسطينيون متسلطين على إسرائيل.""
قضاة,14,30,"الآيات (1-4): ""ونزل شمشون إلى تمنة ورأى امرأة في تمنة من بنات الفلسطينيين. فصعد واخبر أباه وأمه وقال قد رأيت امرأة في تمنة من بنات الفلسطينيين فالان خذاها لي امرأة. فقال له أبوه وأمه أليس في بنات اخوتك وفي كل شعبي امرأة حتى انك ذاهب لتأخذ امرأة من الفلسطينيين الغلف فقال شمشون لأبيه إياها خذ لي لأنها حسنت في عيني. ولم يعلم أبوه وأمه أن ذلك من الرب لأنه كان يطلب علة على الفلسطينيين وفي ذلك الوقت كان الفلسطينيون متسلطين على إسرائيل.""
قضاة,14,31,"الآيات (1-4): ""ونزل شمشون إلى تمنة ورأى امرأة في تمنة من بنات الفلسطينيين. فصعد واخبر أباه وأمه وقال قد رأيت امرأة في تمنة من بنات الفلسطينيين فالان خذاها لي امرأة. فقال له أبوه وأمه أليس في بنات اخوتك وفي كل شعبي امرأة حتى انك ذاهب لتأخذ امرأة من الفلسطينيين الغلف فقال شمشون لأبيه إياها خذ لي لأنها حسنت في عيني. ولم يعلم أبوه وأمه أن ذلك من الرب لأنه كان يطلب علة على الفلسطينيين وفي ذلك الوقت كان الفلسطينيون متسلطين على إسرائيل.""
قضاة,14,32,"الآيات (1-4): ""ونزل شمشون إلى تمنة ورأى امرأة في تمنة من بنات الفلسطينيين. فصعد واخبر أباه وأمه وقال قد رأيت امرأة في تمنة من بنات الفلسطينيين فالان خذاها لي امرأة. فقال له أبوه وأمه أليس في بنات اخوتك وفي كل شعبي امرأة حتى انك ذاهب لتأخذ امرأة من الفلسطينيين الغلف فقال شمشون لأبيه إياها خذ لي لأنها حسنت في عيني. ولم يعلم أبوه وأمه أن ذلك من الرب لأنه كان يطلب علة على الفلسطينيين وفي ذلك الوقت كان الفلسطينيون متسلطين على إسرائيل.""
قضاة,14,33,"الآيات (1-4): ""ونزل شمشون إلى تمنة ورأى امرأة في تمنة من بنات الفلسطينيين. فصعد واخبر أباه وأمه وقال قد رأيت امرأة في تمنة من بنات الفلسطينيين فالان خذاها لي امرأة. فقال له أبوه وأمه أليس في بنات اخوتك وفي كل شعبي امرأة حتى انك ذاهب لتأخذ امرأة من الفلسطينيين الغلف فقال شمشون لأبيه إياها خذ لي لأنها حسنت في عيني. ولم يعلم أبوه وأمه أن ذلك من الرب لأنه كان يطلب علة على الفلسطينيين وفي ذلك الوقت كان الفلسطينيون متسلطين على إسرائيل.""
قضاة,14,34,"الآيات (1-4): ""ونزل شمشون إلى تمنة ورأى امرأة في تمنة من بنات الفلسطينيين. فصعد واخبر أباه وأمه وقال قد رأيت امرأة في تمنة من بنات الفلسطينيين فالان خذاها لي امرأة. فقال له أبوه وأمه أليس في بنات اخوتك وفي كل شعبي امرأة حتى انك ذاهب لتأخذ امرأة من الفلسطينيين الغلف فقال شمشون لأبيه إياها خذ لي لأنها حسنت في عيني. ولم يعلم أبوه وأمه أن ذلك من الرب لأنه كان يطلب علة على الفلسطينيين وفي ذلك الوقت كان الفلسطينيون متسلطين على إسرائيل.""
قضاة,14,35,"الآيات (1-4): ""ونزل شمشون إلى تمنة ورأى امرأة في تمنة من بنات الفلسطينيين. فصعد واخبر أباه وأمه وقال قد رأيت امرأة في تمنة من بنات الفلسطينيين فالان خذاها لي امرأة. فقال له أبوه وأمه أليس في بنات اخوتك وفي كل شعبي امرأة حتى انك ذاهب لتأخذ امرأة من الفلسطينيين الغلف فقال شمشون لأبيه إياها خذ لي لأنها حسنت في عيني. ولم يعلم أبوه وأمه أن ذلك من الرب لأنه كان يطلب علة على الفلسطينيين وفي ذلك الوقت كان الفلسطينيون متسلطين على إسرائيل.""
قضاة,14,36,"الآيات (1-4): ""ونزل شمشون إلى تمنة ورأى امرأة في تمنة من بنات الفلسطينيين. فصعد واخبر أباه وأمه وقال قد رأيت امرأة في تمنة من بنات الفلسطينيين فالان خذاها لي امرأة. فقال له أبوه وأمه أليس في بنات اخوتك وفي كل شعبي امرأة حتى انك ذاهب لتأخذ امرأة من الفلسطينيين الغلف فقال شمشون لأبيه إياها خذ لي لأنها حسنت في عيني. ولم يعلم أبوه وأمه أن ذلك من الرب لأنه كان يطلب علة على الفلسطينيين وفي ذلك الوقت كان الفلسطينيون متسلطين على إسرائيل.""
قضاة,14,37,"الآيات (1-4): ""ونزل شمشون إلى تمنة ورأى امرأة في تمنة من بنات الفلسطينيين. فصعد واخبر أباه وأمه وقال قد رأيت امرأة في تمنة من بنات الفلسطينيين فالان خذاها لي امرأة. فقال له أبوه وأمه أليس في بنات اخوتك وفي كل شعبي امرأة حتى انك ذاهب لتأخذ امرأة من الفلسطينيين الغلف فقال شمشون لأبيه إياها خذ لي لأنها حسنت في عيني. ولم يعلم أبوه وأمه أن ذلك من الرب لأنه كان يطلب علة على الفلسطينيين وفي ذلك الوقت كان الفلسطينيون متسلطين على إسرائيل.""
قضاة,14,38,"الآيات (1-4): ""ونزل شمشون إلى تمنة ورأى امرأة في تمنة من بنات الفلسطينيين. فصعد واخبر أباه وأمه وقال قد رأيت امرأة في تمنة من بنات الفلسطينيين فالان خذاها لي امرأة. فقال له أبوه وأمه أليس في بنات اخوتك وفي كل شعبي امرأة حتى انك ذاهب لتأخذ امرأة من الفلسطينيين الغلف فقال شمشون لأبيه إياها خذ لي لأنها حسنت في عيني. ولم يعلم أبوه وأمه أن ذلك من الرب لأنه كان يطلب علة على الفلسطينيين وفي ذلك الوقت كان الفلسطينيون متسلطين على إسرائيل.""
قضاة,14,39,"الآيات (1-4): ""ونزل شمشون إلى تمنة ورأى امرأة في تمنة من بنات الفلسطينيين. فصعد واخبر أباه وأمه وقال قد رأيت امرأة في تمنة من بنات الفلسطينيين فالان خذاها لي امرأة. فقال له أبوه وأمه أليس في بنات اخوتك وفي كل شعبي امرأة حتى انك ذاهب لتأخذ امرأة من الفلسطينيين الغلف فقال شمشون لأبيه إياها خذ لي لأنها حسنت في عيني. ولم يعلم أبوه وأمه أن ذلك من الرب لأنه كان يطلب علة على الفلسطينيين وفي ذلك الوقت كان الفلسطينيون متسلطين على إسرائيل.""
قضاة,14,40,"الآيات (1-4): ""ونزل شمشون إلى تمنة ورأى امرأة في تمنة من بنات الفلسطينيين. فصعد واخبر أباه وأمه وقال قد رأيت امرأة في تمنة من بنات الفلسطينيين فالان خذاها لي امرأة. فقال له أبوه وأمه أليس في بنات اخوتك وفي كل شعبي امرأة حتى انك ذاهب لتأخذ امرأة من الفلسطينيين الغلف فقال شمشون لأبيه إياها خذ لي لأنها حسنت في عيني. ولم يعلم أبوه وأمه أن ذلك من الرب لأنه كان يطلب علة على الفلسطينيين وفي ذلك الوقت كان الفلسطينيون متسلطين على إسرائيل.""
قضاة,14,41,"الآيات (1-4): ""ونزل شمشون إلى تمنة ورأى امرأة في تمنة من بنات الفلسطينيين. فصعد واخبر أباه وأمه وقال قد رأيت امرأة في تمنة من بنات الفلسطينيين فالان خذاها لي امرأة. فقال له أبوه وأمه أليس في بنات اخوتك وفي كل شعبي امرأة حتى انك ذاهب لتأخذ امرأة من الفلسطينيين الغلف فقال شمشون لأبيه إياها خذ لي لأنها حسنت في عيني. ولم يعلم أبوه وأمه أن ذلك من الرب لأنه كان يطلب علة على الفلسطينيين وفي ذلك الوقت كان الفلسطينيون متسلطين على إسرائيل.""
قضاة,14,42,"الآيات (1-4): ""ونزل شمشون إلى تمنة ورأى امرأة في تمنة من بنات الفلسطينيين. فصعد واخبر أباه وأمه وقال قد رأيت امرأة في تمنة من بنات الفلسطينيين فالان خذاها لي امرأة. فقال له أبوه وأمه أليس في بنات اخوتك وفي كل شعبي امرأة حتى انك ذاهب لتأخذ امرأة من الفلسطينيين الغلف فقال شمشون لأبيه إياها خذ لي لأنها حسنت في عيني. ولم يعلم أبوه وأمه أن ذلك من الرب لأنه كان يطلب علة على الفلسطينيين وفي ذلك الوقت كان الفلسطينيون متسلطين على إسرائيل.""
قضاة,14,43,"الآيات (1-4): ""ونزل شمشون إلى تمنة ورأى امرأة في تمنة من بنات الفلسطينيين. فصعد واخبر أباه وأمه وقال قد رأيت امرأة في تمنة من بنات الفلسطينيين فالان خذاها لي امرأة. فقال له أبوه وأمه أليس في بنات اخوتك وفي كل شعبي امرأة حتى انك ذاهب لتأخذ امرأة من الفلسطينيين الغلف فقال شمشون لأبيه إياها خذ لي لأنها حسنت في عيني. ولم يعلم أبوه وأمه أن ذلك من الرب لأنه كان يطلب علة على الفلسطينيين وفي ذلك الوقت كان الفلسطينيون متسلطين على إسرائيل.""
قضاة,14,44,"الآيات (1-4): ""ونزل شمشون إلى تمنة ورأى امرأة في تمنة من بنات الفلسطينيين. فصعد واخبر أباه وأمه وقال قد رأيت امرأة في تمنة من بنات الفلسطينيين فالان خذاها لي امرأة. فقال له أبوه وأمه أليس في بنات اخوتك وفي كل شعبي امرأة حتى انك ذاهب لتأخذ امرأة من الفلسطينيين الغلف فقال شمشون لأبيه إياها خذ لي لأنها حسنت في عيني. ولم يعلم أبوه وأمه أن ذلك من الرب لأنه كان يطلب علة على الفلسطينيين وفي ذلك الوقت كان الفلسطينيون متسلطين على إسرائيل.""
قضاة,14,45,"الآيات (1-4): ""ونزل شمشون إلى تمنة ورأى امرأة في تمنة من بنات الفلسطينيين. فصعد واخبر أباه وأمه وقال قد رأيت امرأة في تمنة من بنات الفلسطينيين فالان خذاها لي امرأة. فقال له أبوه وأمه أليس في بنات اخوتك وفي كل شعبي امرأة حتى انك ذاهب لتأخذ امرأة من الفلسطينيين الغلف فقال شمشون لأبيه إياها خذ لي لأنها حسنت في عيني. ولم يعلم أبوه وأمه أن ذلك من الرب لأنه كان يطلب علة على الفلسطينيين وفي ذلك الوقت كان الفلسطينيون متسلطين على إسرائيل.""
قضاة,14,46,"الآيات (1-4): ""ونزل شمشون إلى تمنة ورأى امرأة في تمنة من بنات الفلسطينيين. فصعد واخبر أباه وأمه وقال قد رأيت امرأة في تمنة من بنات الفلسطينيين فالان خذاها لي امرأة. فقال له أبوه وأمه أليس في بنات اخوتك وفي كل شعبي امرأة حتى انك ذاهب لتأخذ امرأة من الفلسطينيين الغلف فقال شمشون لأبيه إياها خذ لي لأنها حسنت في عيني. ولم يعلم أبوه وأمه أن ذلك من الرب لأنه كان يطلب علة على الفلسطينيين وفي ذلك الوقت كان الفلسطينيون متسلطين على إسرائيل.""
قضاة,14,47,"الآيات (1-4): ""ونزل شمشون إلى تمنة ورأى امرأة في تمنة من بنات الفلسطينيين. فصعد واخبر أباه وأمه وقال قد رأيت امرأة في تمنة من بنات الفلسطينيين فالان خذاها لي امرأة. فقال له أبوه وأمه أليس في بنات اخوتك وفي كل شعبي امرأة حتى انك ذاهب لتأخذ امرأة من الفلسطينيين الغلف فقال شمشون لأبيه إياها خذ لي لأنها حسنت في عيني. ولم يعلم أبوه وأمه أن ذلك من الرب لأنه كان يطلب علة على الفلسطينيين وفي ذلك الوقت كان الفلسطينيون متسلطين على إسرائيل.""
قضاة,14,48,"الآيات (1-4): ""ونزل شمشون إلى تمنة ورأى امرأة في تمنة من بنات الفلسطينيين. فصعد واخبر أباه وأمه وقال قد رأيت امرأة في تمنة من بنات الفلسطينيين فالان خذاها لي امرأة. فقال له أبوه وأمه أليس في بنات اخوتك وفي كل شعبي امرأة حتى انك ذاهب لتأخذ امرأة من الفلسطينيين الغلف فقال شمشون لأبيه إياها خذ لي لأنها حسنت في عيني. ولم يعلم أبوه وأمه أن ذلك من الرب لأنه كان يطلب علة على الفلسطينيين وفي ذلك الوقت كان الفلسطينيون متسلطين على إسرائيل.""
قضاة,14,49,"الآيات (1-4): ""ونزل شمشون إلى تمنة ورأى امرأة في تمنة من بنات الفلسطينيين. فصعد واخبر أباه وأمه وقال قد رأيت امرأة في تمنة من بنات الفلسطينيين فالان خذاها لي امرأة. فقال له أبوه وأمه أليس في بنات اخوتك وفي كل شعبي امرأة حتى انك ذاهب لتأخذ امرأة من الفلسطينيين الغلف فقال شمشون لأبيه إياها خذ لي لأنها حسنت في عيني. ولم يعلم أبوه وأمه أن ذلك من الرب لأنه كان يطلب علة على الفلسطينيين وفي ذلك الوقت كان الفلسطينيون متسلطين على إسرائيل.""
قضاة,14,50,"الآيات (1-4): ""ونزل شمشون إلى تمنة ورأى امرأة في تمنة من بنات الفلسطينيين. فصعد واخبر أباه وأمه وقال قد رأيت امرأة في تمنة من بنات الفلسطينيين فالان خذاها لي امرأة. فقال له أبوه وأمه أليس في بنات اخوتك وفي كل شعبي امرأة حتى انك ذاهب لتأخذ امرأة من الفلسطينيين الغلف فقال شمشون لأبيه إياها خذ لي لأنها حسنت في عيني. ولم يعلم أبوه وأمه أن ذلك من الرب لأنه كان يطلب علة على الفلسطينيين وفي ذلك الوقت كان الفلسطينيون متسلطين على إسرائيل.""
قضاة,14,51,"الآيات (1-4): ""ونزل شمشون إلى تمنة ورأى امرأة في تمنة من بنات الفلسطينيين. فصعد واخبر أباه وأمه وقال قد رأيت امرأة في تمنة من بنات الفلسطينيين فالان خذاها لي امرأة. فقال له أبوه وأمه أليس في بنات اخوتك وفي كل شعبي امرأة حتى انك ذاهب لتأخذ امرأة من الفلسطينيين الغلف فقال شمشون لأبيه إياها خذ لي لأنها حسنت في عيني. ولم يعلم أبوه وأمه أن ذلك من الرب لأنه كان يطلب علة على الفلسطينيين وفي ذلك الوقت كان الفلسطينيون متسلطين على إسرائيل.""
قضاة,14,52,"الآيات (1-4): ""ونزل شمشون إلى تمنة ورأى امرأة في تمنة من بنات الفلسطينيين. فصعد واخبر أباه وأمه وقال قد رأيت امرأة في تمنة من بنات الفلسطينيين فالان خذاها لي امرأة. فقال له أبوه وأمه أليس في بنات اخوتك وفي كل شعبي امرأة حتى انك ذاهب لتأخذ امرأة من الفلسطينيين الغلف فقال شمشون لأبيه إياها خذ لي لأنها حسنت في عيني. ولم يعلم أبوه وأمه أن ذلك من الرب لأنه كان يطلب علة على الفلسطينيين وفي ذلك الوقت كان الفلسطينيون متسلطين على إسرائيل.""
قضاة,14,53,"الآيات (1-4): ""ونزل شمشون إلى تمنة ورأى امرأة في تمنة من بنات الفلسطينيين. فصعد واخبر أباه وأمه وقال قد رأيت امرأة في تمنة من بنات الفلسطينيين فالان خذاها لي امرأة. فقال له أبوه وأمه أليس في بنات اخوتك وفي كل شعبي امرأة حتى انك ذاهب لتأخذ امرأة من الفلسطينيين الغلف فقال شمشون لأبيه إياها خذ لي لأنها حسنت في عيني. ولم يعلم أبوه وأمه أن ذلك من الرب لأنه كان يطلب علة على الفلسطينيين وفي ذلك الوقت كان الفلسطينيون متسلطين على إسرائيل.""
قضاة,14,54,"الآيات (1-4): ""ونزل شمشون إلى تمنة ورأى امرأة في تمنة من بنات الفلسطينيين. فصعد واخبر أباه وأمه وقال قد رأيت امرأة في تمنة من بنات الفلسطينيين فالان خذاها لي امرأة. فقال له أبوه وأمه أليس في بنات اخوتك وفي كل شعبي امرأة حتى انك ذاهب لتأخذ امرأة من الفلسطينيين الغلف فقال شمشون لأبيه إياها خذ لي لأنها حسنت في عيني. ولم يعلم أبوه وأمه أن ذلك من الرب لأنه كان يطلب علة على الفلسطينيين وفي ذلك الوقت كان الفلسطينيون متسلطين على إسرائيل.""
قضاة,14,55,"الآيات (1-4): ""ونزل شمشون إلى تمنة ورأى امرأة في تمنة من بنات الفلسطينيين. فصعد واخبر أباه وأمه وقال قد رأيت امرأة في تمنة من بنات الفلسطينيين فالان خذاها لي امرأة. فقال له أبوه وأمه أليس في بنات اخوتك وفي كل شعبي امرأة حتى انك ذاهب لتأخذ امرأة من الفلسطينيين الغلف فقال شمشون لأبيه إياها خذ لي لأنها حسنت في عيني. ولم يعلم أبوه وأمه أن ذلك من الرب لأنه كان يطلب علة على الفلسطينيين وفي ذلك الوقت كان الفلسطينيون متسلطين على إسرائيل.""
قضاة,14,56,"الآيات (1-4): ""ونزل شمشون إلى تمنة ورأى امرأة في تمنة من بنات الفلسطينيين. فصعد واخبر أباه وأمه وقال قد رأيت امرأة في تمنة من بنات الفلسطينيين فالان خذاها لي امرأة. فقال له أبوه وأمه أليس في بنات اخوتك وفي كل شعبي امرأة حتى انك ذاهب لتأخذ امرأة من الفلسطينيين الغلف فقال شمشون لأبيه إياها خذ لي لأنها حسنت في عيني. ولم يعلم أبوه وأمه أن ذلك من الرب لأنه كان يطلب علة على الفلسطينيين وفي ذلك الوقت كان الفلسطينيون متسلطين على إسرائيل.""
قضاة,14,57,"الآيات (1-4): ""ونزل شمشون إلى تمنة ورأى امرأة في تمنة من بنات الفلسطينيين. فصعد واخبر أباه وأمه وقال قد رأيت امرأة في تمنة من بنات الفلسطينيين فالان خذاها لي امرأة. فقال له أبوه وأمه أليس في بنات اخوتك وفي كل شعبي امرأة حتى انك ذاهب لتأخذ امرأة من الفلسطينيين الغلف فقال شمشون لأبيه إياها خذ لي لأنها حسنت في عيني. ولم يعلم أبوه وأمه أن ذلك من الرب لأنه كان يطلب علة على الفلسطينيين وفي ذلك الوقت كان الفلسطينيون متسلطين على إسرائيل.""
قضاة,14,58,"الآيات (1-4): ""ونزل شمشون إلى تمنة ورأى امرأة في تمنة من بنات الفلسطينيين. فصعد واخبر أباه وأمه وقال قد رأيت امرأة في تمنة من بنات الفلسطينيين فالان خذاها لي امرأة. فقال له أبوه وأمه أليس في بنات اخوتك وفي كل شعبي امرأة حتى انك ذاهب لتأخذ امرأة من الفلسطينيين الغلف فقال شمشون لأبيه إياها خذ لي لأنها حسنت في عيني. ولم يعلم أبوه وأمه أن ذلك من الرب لأنه كان يطلب علة على الفلسطينيين وفي ذلك الوقت كان الفلسطينيون متسلطين على إسرائيل.""
قضاة,14,59,"الآيات (1-4): ""ونزل شمشون إلى تمنة ورأى امرأة في تمنة من بنات الفلسطينيين. فصعد واخبر أباه وأمه وقال قد رأيت امرأة في تمنة من بنات الفلسطينيين فالان خذاها لي امرأة. فقال له أبوه وأمه أليس في بنات اخوتك وفي كل شعبي امرأة حتى انك ذاهب لتأخذ امرأة من الفلسطينيين الغلف فقال شمشون لأبيه إياها خذ لي لأنها حسنت في عيني. ولم يعلم أبوه وأمه أن ذلك من الرب لأنه كان يطلب علة على الفلسطينيين وفي ذلك الوقت كان الفلسطينيون متسلطين على إسرائيل.""
قضاة,14,60,"الآيات (1-4): ""ونزل شمشون إلى تمنة ورأى امرأة في تمنة من بنات الفلسطينيين. فصعد واخبر أباه وأمه وقال قد رأيت امرأة في تمنة من بنات الفلسطينيين فالان خذاها لي امرأة. فقال له أبوه وأمه أليس في بنات اخوتك وفي كل شعبي امرأة حتى انك ذاهب لتأخذ امرأة من الفلسطينيين الغلف فقال شمشون لأبيه إياها خذ لي لأنها حسنت في عيني. ولم يعلم أبوه وأمه أن ذلك من الرب لأنه كان يطلب علة على الفلسطينيين وفي ذلك الوقت كان الفلسطينيون متسلطين على إسرائيل.""
قضاة,14,61,"الآيات (1-4): ""ونزل شمشون إلى تمنة ورأى امرأة في تمنة من بنات الفلسطينيين. فصعد واخبر أباه وأمه وقال قد رأيت امرأة في تمنة من بنات الفلسطينيين فالان خذاها لي امرأة. فقال له أبوه وأمه أليس في بنات اخوتك وفي كل شعبي امرأة حتى انك ذاهب لتأخذ امرأة من الفلسطينيين الغلف فقال شمشون لأبيه إياها خذ لي لأنها حسنت في عيني. ولم يعلم أبوه وأمه أن ذلك من الرب لأنه كان يطلب علة على الفلسطينيين وفي ذلك الوقت كان الفلسطينيون متسلطين على إسرائيل.""
قضاة,14,62,"الآيات (1-4): ""ونزل شمشون إلى تمنة ورأى امرأة في تمنة من بنات الفلسطينيين. فصعد واخبر أباه وأمه وقال قد رأيت امرأة في تمنة من بنات الفلسطينيين فالان خذاها لي امرأة. فقال له أبوه وأمه أليس في بنات اخوتك وفي كل شعبي امرأة حتى انك ذاهب لتأخذ امرأة من الفلسطينيين الغلف فقال شمشون لأبيه إياها خذ لي لأنها حسنت في عيني. ولم يعلم أبوه وأمه أن ذلك من الرب لأنه كان يطلب علة على الفلسطينيين وفي ذلك الوقت كان الفلسطينيون متسلطين على إسرائيل.""
قضاة,14,63,"الآيات (1-4): ""ونزل شمشون إلى تمنة ورأى امرأة في تمنة من بنات الفلسطينيين. فصعد واخبر أباه وأمه وقال قد رأيت امرأة في تمنة من بنات الفلسطينيين فالان خذاها لي امرأة. فقال له أبوه وأمه أليس في بنات اخوتك وفي كل شعبي امرأة حتى انك ذاهب لتأخذ امرأة من الفلسطينيين الغلف فقال شمشون لأبيه إياها خذ لي لأنها حسنت في عيني. ولم يعلم أبوه وأمه أن ذلك من الرب لأنه كان يطلب علة على الفلسطينيين وفي ذلك الوقت كان الفلسطينيون متسلطين على إسرائيل.""
قضاة,14,64,"الآيات (1-4): ""ونزل شمشون إلى تمنة ورأى امرأة في تمنة من بنات الفلسطينيين. فصعد واخبر أباه وأمه وقال قد رأيت امرأة في تمنة من بنات الفلسطينيين فالان خذاها لي امرأة. فقال له أبوه وأمه أليس في بنات اخوتك وفي كل شعبي امرأة حتى انك ذاهب لتأخذ امرأة من الفلسطينيين الغلف فقال شمشون لأبيه إياها خذ لي لأنها حسنت في عيني. ولم يعلم أبوه وأمه أن ذلك من الرب لأنه كان يطلب علة على الفلسطينيين وفي ذلك الوقت كان الفلسطينيون متسلطين على إسرائيل.""
قضاة,14,65,"الآيات (1-4): ""ونزل شمشون إلى تمنة ورأى امرأة في تمنة من بنات الفلسطينيين. فصعد واخبر أباه وأمه وقال قد رأيت امرأة في تمنة من بنات الفلسطينيين فالان خذاها لي امرأة. فقال له أبوه وأمه أليس في بنات اخوتك وفي كل شعبي امرأة حتى انك ذاهب لتأخذ امرأة من الفلسطينيين الغلف فقال شمشون لأبيه إياها خذ لي لأنها حسنت في عيني. ولم يعلم أبوه وأمه أن ذلك من الرب لأنه كان يطلب علة على الفلسطينيين وفي ذلك الوقت كان الفلسطينيون متسلطين على إسرائيل.""
قضاة,14,66,"الآيات (1-4): ""ونزل شمشون إلى تمنة ورأى امرأة في تمنة من بنات الفلسطينيين. فصعد واخبر أباه وأمه وقال قد رأيت امرأة في تمنة من بنات الفلسطينيين فالان خذاها لي امرأة. فقال له أبوه وأمه أليس في بنات اخوتك وفي كل شعبي امرأة حتى انك ذاهب لتأخذ امرأة من الفلسطينيين الغلف فقال شمشون لأبيه إياها خذ لي لأنها حسنت في عيني. ولم يعلم أبوه وأمه أن ذلك من الرب لأنه كان يطلب علة على الفلسطينيين وفي ذلك الوقت كان الفلسطينيون متسلطين على إسرائيل.""
قضاة,14,67,"الآيات (1-4): ""ونزل شمشون إلى تمنة ورأى امرأة في تمنة من بنات الفلسطينيين. فصعد واخبر أباه وأمه وقال قد رأيت امرأة في تمنة من بنات الفلسطينيين فالان خذاها لي امرأة. فقال له أبوه وأمه أليس في بنات اخوتك وفي كل شعبي امرأة حتى انك ذاهب لتأخذ امرأة من الفلسطينيين الغلف فقال شمشون لأبيه إياها خذ لي لأنها حسنت في عيني. ولم يعلم أبوه وأمه أن ذلك من الرب لأنه كان يطلب علة على الفلسطينيين وفي ذلك الوقت كان الفلسطينيون متسلطين على إسرائيل.""
قضاة,14,68,"الآيات (1-4): ""ونزل شمشون إلى تمنة ورأى امرأة في تمنة من بنات الفلسطينيين. فصعد واخبر أباه وأمه وقال قد رأيت امرأة في تمنة من بنات الفلسطينيين فالان خذاها لي امرأة. فقال له أبوه وأمه أليس في بنات اخوتك وفي كل شعبي امرأة حتى انك ذاهب لتأخذ امرأة من الفلسطينيين الغلف فقال شمشون لأبيه إياها خذ لي لأنها حسنت في عيني. ولم يعلم أبوه وأمه أن ذلك من الرب لأنه كان يطلب علة على الفلسطينيين وفي ذلك الوقت كان الفلسطينيون متسلطين على إسرائيل.""
قضاة,14,69,"الآيات (1-4): ""ونزل شمشون إلى تمنة ورأى امرأة في تمنة من بنات الفلسطينيين. فصعد واخبر أباه وأمه وقال قد رأيت امرأة في تمنة من بنات الفلسطينيين فالان خذاها لي امرأة. فقال له أبوه وأمه أليس في بنات اخوتك وفي كل شعبي امرأة حتى انك ذاهب لتأخذ امرأة من الفلسطينيين الغلف فقال شمشون لأبيه إياها خذ لي لأنها حسنت في عيني. ولم يعلم أبوه وأمه أن ذلك من الرب لأنه كان يطلب علة على الفلسطينيين وفي ذلك الوقت كان الفلسطينيون متسلطين على إسرائيل.""
قضاة,14,70,"الآيات (1-4): ""ونزل شمشون إلى تمنة ورأى امرأة في تمنة من بنات الفلسطينيين. فصعد واخبر أباه وأمه وقال قد رأيت امرأة في تمنة من بنات الفلسطينيين فالان خذاها لي امرأة. فقال له أبوه وأمه أليس في بنات اخوتك وفي كل شعبي امرأة حتى انك ذاهب لتأخذ امرأة من الفلسطينيين الغلف فقال شمشون لأبيه إياها خذ لي لأنها حسنت في عيني. ولم يعلم أبوه وأمه أن ذلك من الرب لأنه كان يطلب علة على الفلسطينيين وفي ذلك الوقت كان الفلسطينيون متسلطين على إسرائيل.""
قضاة,14,71,"الآيات (1-4): ""ونزل شمشون إلى تمنة ورأى امرأة في تمنة من بنات الفلسطينيين. فصعد واخبر أباه وأمه وقال قد رأيت امرأة في تمنة من بنات الفلسطينيين فالان خذاها لي امرأة. فقال له أبوه وأمه أليس في بنات اخوتك وفي كل شعبي امرأة حتى انك ذاهب لتأخذ امرأة من الفلسطينيين الغلف فقال شمشون لأبيه إياها خذ لي لأنها حسنت في عيني. ولم يعلم أبوه وأمه أن ذلك من الرب لأنه كان يطلب علة على الفلسطينيين وفي ذلك الوقت كان الفلسطينيون متسلطين على إسرائيل.""
قضاة,14,72,"الآيات (1-4): ""ونزل شمشون إلى تمنة ورأى امرأة في تمنة من بنات الفلسطينيين. فصعد واخبر أباه وأمه وقال قد رأيت امرأة في تمنة من بنات الفلسطينيين فالان خذاها لي امرأة. فقال له أبوه وأمه أليس في بنات اخوتك وفي كل شعبي امرأة حتى انك ذاهب لتأخذ امرأة من الفلسطينيين الغلف فقال شمشون لأبيه إياها خذ لي لأنها حسنت في عيني. ولم يعلم أبوه وأمه أن ذلك من الرب لأنه كان يطلب علة على الفلسطينيين وفي ذلك الوقت كان الفلسطينيون متسلطين على إسرائيل.""
قضاة,14,73,"الآيات (1-4): ""ونزل شمشون إلى تمنة ورأى امرأة في تمنة من بنات الفلسطينيين. فصعد واخبر أباه وأمه وقال قد رأيت امرأة في تمنة من بنات الفلسطينيين فالان خذاها لي امرأة. فقال له أبوه وأمه أليس في بنات اخوتك وفي كل شعبي امرأة حتى انك ذاهب لتأخذ امرأة من الفلسطينيين الغلف فقال شمشون لأبيه إياها خذ لي لأنها حسنت في عيني. ولم يعلم أبوه وأمه أن ذلك من الرب لأنه كان يطلب علة على الفلسطينيين وفي ذلك الوقت كان الفلسطينيون متسلطين على إسرائيل.""
قضاة,14,74,"الآيات (1-4): ""ونزل شمشون إلى تمنة ورأى امرأة في تمنة من بنات الفلسطينيين. فصعد واخبر أباه وأمه وقال قد رأيت امرأة في تمنة من بنات الفلسطينيين فالان خذاها لي امرأة. فقال له أبوه وأمه أليس في بنات اخوتك وفي كل شعبي امرأة حتى انك ذاهب لتأخذ امرأة من الفلسطينيين الغلف فقال شمشون لأبيه إياها خذ لي لأنها حسنت في عيني. ولم يعلم أبوه وأمه أن ذلك من الرب لأنه كان يطلب علة على الفلسطينيين وفي ذلك الوقت كان الفلسطينيون متسلطين على إسرائيل.""
قضاة,14,75,"الآيات (1-4): ""ونزل شمشون إلى تمنة ورأى امرأة في تمنة من بنات الفلسطينيين. فصعد واخبر أباه وأمه وقال قد رأيت امرأة في تمنة من بنات الفلسطينيين فالان خذاها لي امرأة. فقال له أبوه وأمه أليس في بنات اخوتك وفي كل شعبي امرأة حتى انك ذاهب لتأخذ امرأة من الفلسطينيين الغلف فقال شمشون لأبيه إياها خذ لي لأنها حسنت في عيني. ولم يعلم أبوه وأمه أن ذلك من الرب لأنه كان يطلب علة على الفلسطينيين وفي ذلك الوقت كان الفلسطينيون متسلطين على إسرائيل.""
قضاة,14,76,"الآيات (1-4): ""ونزل شمشون إلى تمنة ورأى امرأة في تمنة من بنات الفلسطينيين. فصعد واخبر أباه وأمه وقال قد رأيت امرأة في تمنة من بنات الفلسطينيين فالان خذاها لي امرأة. فقال له أبوه وأمه أليس في بنات اخوتك وفي كل شعبي امرأة حتى انك ذاهب لتأخذ امرأة من الفلسطينيين الغلف فقال شمشون لأبيه إياها خذ لي لأنها حسنت في عيني. ولم يعلم أبوه وأمه أن ذلك من الرب لأنه كان يطلب علة على الفلسطينيين وفي ذلك الوقت كان الفلسطينيون متسلطين على إسرائيل.""
قضاة,14,77,"الآيات (1-4): ""ونزل شمشون إلى تمنة ورأى امرأة في تمنة من بنات الفلسطينيين. فصعد واخبر أباه وأمه وقال قد رأيت امرأة في تمنة من بنات الفلسطينيين فالان خذاها لي امرأة. فقال له أبوه وأمه أليس في بنات اخوتك وفي كل شعبي امرأة حتى انك ذاهب لتأخذ امرأة من الفلسطينيين الغلف فقال شمشون لأبيه إياها خذ لي لأنها حسنت في عيني. ولم يعلم أبوه وأمه أن ذلك من الرب لأنه كان يطلب علة على الفلسطينيين وفي ذلك الوقت كان الفلسطينيون متسلطين على إسرائيل.""
قضاة,14,78,"الآيات (1-4): ""ونزل شمشون إلى تمنة ورأى امرأة في تمنة من بنات الفلسطينيين. فصعد واخبر أباه وأمه وقال قد رأيت امرأة في تمنة من بنات الفلسطينيين فالان خذاها لي امرأة. فقال له أبوه وأمه أليس في بنات اخوتك وفي كل شعبي امرأة حتى انك ذاهب لتأخذ امرأة من الفلسطينيين الغلف فقال شمشون لأبيه إياها خذ لي لأنها حسنت في عيني. ولم يعلم أبوه وأمه أن ذلك من الرب لأنه كان يطلب علة على الفلسطينيين وفي ذلك الوقت كان الفلسطينيون متسلطين على إسرائيل.""
قضاة,14,79,"الآيات (1-4): ""ونزل شمشون إلى تمنة ورأى امرأة في تمنة من بنات الفلسطينيين. فصعد واخبر أباه وأمه وقال قد رأيت امرأة في تمنة من بنات الفلسطينيين فالان خذاها لي امرأة. فقال له أبوه وأمه أليس في بنات اخوتك وفي كل شعبي امرأة حتى انك ذاهب لتأخذ امرأة من الفلسطينيين الغلف فقال شمشون لأبيه إياها خذ لي لأنها حسنت في عيني. ولم يعلم أبوه وأمه أن ذلك من الرب لأنه كان يطلب علة على الفلسطينيين وفي ذلك الوقت كان الفلسطينيون متسلطين على إسرائيل.""
قضاة,14,80,"الآيات (1-4): ""ونزل شمشون إلى تمنة ورأى امرأة في تمنة من بنات الفلسطينيين. فصعد واخبر أباه وأمه وقال قد رأيت امرأة في تمنة من بنات الفلسطينيين فالان خذاها لي امرأة. فقال له أبوه وأمه أليس في بنات اخوتك وفي كل شعبي امرأة حتى انك ذاهب لتأخذ امرأة من الفلسطينيين الغلف فقال شمشون لأبيه إياها خذ لي لأنها حسنت في عيني. ولم يعلم أبوه وأمه أن ذلك من الرب لأنه كان يطلب علة على الفلسطينيين وفي ذلك الوقت كان الفلسطينيون متسلطين على إسرائيل.""
قضاة,14,81,"الآيات (1-4): ""ونزل شمشون إلى تمنة ورأى امرأة في تمنة من بنات الفلسطينيين. فصعد واخبر أباه وأمه وقال قد رأيت امرأة في تمنة من بنات الفلسطينيين فالان خذاها لي امرأة. فقال له أبوه وأمه أليس في بنات اخوتك وفي كل شعبي امرأة حتى انك ذاهب لتأخذ امرأة من الفلسطينيين الغلف فقال شمشون لأبيه إياها خذ لي لأنها حسنت في عيني. ولم يعلم أبوه وأمه أن ذلك من الرب لأنه كان يطلب علة على الفلسطينيين وفي ذلك الوقت كان الفلسطينيون متسلطين على إسرائيل.""
قضاة,14,82,"الآيات (1-4): ""ونزل شمشون إلى تمنة ورأى امرأة في تمنة من بنات الفلسطينيين. فصعد واخبر أباه وأمه وقال قد رأيت امرأة في تمنة من بنات الفلسطينيين فالان خذاها لي امرأة. فقال له أبوه وأمه أليس في بنات اخوتك وفي كل شعبي امرأة حتى انك ذاهب لتأخذ امرأة من الفلسطينيين الغلف فقال شمشون لأبيه إياها خذ لي لأنها حسنت في عيني. ولم يعلم أبوه وأمه أن ذلك من الرب لأنه كان يطلب علة على الفلسطينيين وفي ذلك الوقت كان الفلسطينيون متسلطين على إسرائيل.""
قضاة,14,83,"الآيات (1-4): ""ونزل شمشون إلى تمنة ورأى امرأة في تمنة من بنات الفلسطينيين. فصعد واخبر أباه وأمه وقال قد رأيت امرأة في تمنة من بنات الفلسطينيين فالان خذاها لي امرأة. فقال له أبوه وأمه أليس في بنات اخوتك وفي كل شعبي امرأة حتى انك ذاهب لتأخذ امرأة من الفلسطينيين الغلف فقال شمشون لأبيه إياها خذ لي لأنها حسنت في عيني. ولم يعلم أبوه وأمه أن ذلك من الرب لأنه كان يطلب علة على الفلسطينيين وفي ذلك الوقت كان الفلسطينيون متسلطين على إسرائيل.""
قضاة,14,84,"الآيات (1-4): ""ونزل شمشون إلى تمنة ورأى امرأة في تمنة من بنات الفلسطينيين. فصعد واخبر أباه وأمه وقال قد رأيت امرأة في تمنة من بنات الفلسطينيين فالان خذاها لي امرأة. فقال له أبوه وأمه أليس في بنات اخوتك وفي كل شعبي امرأة حتى انك ذاهب لتأخذ امرأة من الفلسطينيين الغلف فقال شمشون لأبيه إياها خذ لي لأنها حسنت في عيني. ولم يعلم أبوه وأمه أن ذلك من الرب لأنه كان يطلب علة على الفلسطينيين وفي ذلك الوقت كان الفلسطينيون متسلطين على إسرائيل.""
قضاة,14,85,"الآيات (1-4): ""ونزل شمشون إلى تمنة ورأى امرأة في تمنة من بنات الفلسطينيين. فصعد واخبر أباه وأمه وقال قد رأيت امرأة في تمنة من بنات الفلسطينيين فالان خذاها لي امرأة. فقال له أبوه وأمه أليس في بنات اخوتك وفي كل شعبي امرأة حتى انك ذاهب لتأخذ امرأة من الفلسطينيين الغلف فقال شمشون لأبيه إياها خذ لي لأنها حسنت في عيني. ولم يعلم أبوه وأمه أن ذلك من الرب لأنه كان يطلب علة على الفلسطينيين وفي ذلك الوقت كان الفلسطينيون متسلطين على إسرائيل.""
قضاة,14,86,"الآيات (1-4): ""ونزل شمشون إلى تمنة ورأى امرأة في تمنة من بنات الفلسطينيين. فصعد واخبر أباه وأمه وقال قد رأيت امرأة في تمنة من بنات الفلسطينيين فالان خذاها لي امرأة. فقال له أبوه وأمه أليس في بنات اخوتك وفي كل شعبي امرأة حتى انك ذاهب لتأخذ امرأة من الفلسطينيين الغلف فقال شمشون لأبيه إياها خذ لي لأنها حسنت في عيني. ولم يعلم أبوه وأمه أن ذلك من الرب لأنه كان يطلب علة على الفلسطينيين وفي ذلك الوقت كان الفلسطينيون متسلطين على إسرائيل.""
قضاة,14,87,"الآيات (1-4): ""ونزل شمشون إلى تمنة ورأى امرأة في تمنة من بنات الفلسطينيين. فصعد واخبر أباه وأمه وقال قد رأيت امرأة في تمنة من بنات الفلسطينيين فالان خذاها لي امرأة. فقال له أبوه وأمه أليس في بنات اخوتك وفي كل شعبي امرأة حتى انك ذاهب لتأخذ امرأة من الفلسطينيين الغلف فقال شمشون لأبيه إياها خذ لي لأنها حسنت في عيني. ولم يعلم أبوه وأمه أن ذلك من الرب لأنه كان يطلب علة على الفلسطينيين وفي ذلك الوقت كان الفلسطينيون متسلطين على إسرائيل.""
قضاة,14,88,"الآيات (1-4): ""ونزل شمشون إلى تمنة ورأى امرأة في تمنة من بنات الفلسطينيين. فصعد واخبر أباه وأمه وقال قد رأيت امرأة في تمنة من بنات الفلسطينيين فالان خذاها لي امرأة. فقال له أبوه وأمه أليس في بنات اخوتك وفي كل شعبي امرأة حتى انك ذاهب لتأخذ امرأة من الفلسطينيين الغلف فقال شمشون لأبيه إياها خذ لي لأنها حسنت في عيني. ولم يعلم أبوه وأمه أن ذلك من الرب لأنه كان يطلب علة على الفلسطينيين وفي ذلك الوقت كان الفلسطينيون متسلطين على إسرائيل.""
قضاة,14,89,"الآيات (1-4): ""ونزل شمشون إلى تمنة ورأى امرأة في تمنة من بنات الفلسطينيين. فصعد واخبر أباه وأمه وقال قد رأيت امرأة في تمنة من بنات الفلسطينيين فالان خذاها لي امرأة. فقال له أبوه وأمه أليس في بنات اخوتك وفي كل شعبي امرأة حتى انك ذاهب لتأخذ امرأة من الفلسطينيين الغلف فقال شمشون لأبيه إياها خذ لي لأنها حسنت في عيني. ولم يعلم أبوه وأمه أن ذلك من الرب لأنه كان يطلب علة على الفلسطينيين وفي ذلك الوقت كان الفلسطينيون متسلطين على إسرائيل.""
قضاة,14,90,"الآيات (1-4): ""ونزل شمشون إلى تمنة ورأى امرأة في تمنة من بنات الفلسطينيين. فصعد واخبر أباه وأمه وقال قد رأيت امرأة في تمنة من بنات الفلسطينيين فالان خذاها لي امرأة. فقال له أبوه وأمه أليس في بنات اخوتك وفي كل شعبي امرأة حتى انك ذاهب لتأخذ امرأة من الفلسطينيين الغلف فقال شمشون لأبيه إياها خذ لي لأنها حسنت في عيني. ولم يعلم أبوه وأمه أن ذلك من الرب لأنه كان يطلب علة على الفلسطينيين وفي ذلك الوقت كان الفلسطينيون متسلطين على إسرائيل.""
قضاة,14,91,"الآيات (1-4): ""ونزل شمشون إلى تمنة ورأى امرأة في تمنة من بنات الفلسطينيين. فصعد واخبر أباه وأمه وقال قد رأيت امرأة في تمنة من بنات الفلسطينيين فالان خذاها لي امرأة. فقال له أبوه وأمه أليس في بنات اخوتك وفي كل شعبي امرأة حتى انك ذاهب لتأخذ امرأة من الفلسطينيين الغلف فقال شمشون لأبيه إياها خذ لي لأنها حسنت في عيني. ولم يعلم أبوه وأمه أن ذلك من الرب لأنه كان يطلب علة على الفلسطينيين وفي ذلك الوقت كان الفلسطينيون متسلطين على إسرائيل.""
قضاة,14,92,"الآيات (1-4): ""ونزل شمشون إلى تمنة ورأى امرأة في تمنة من بنات الفلسطينيين. فصعد واخبر أباه وأمه وقال قد رأيت امرأة في تمنة من بنات الفلسطينيين فالان خذاها لي امرأة. فقال له أبوه وأمه أليس في بنات اخوتك وفي كل شعبي امرأة حتى انك ذاهب لتأخذ امرأة من الفلسطينيين الغلف فقال شمشون لأبيه إياها خذ لي لأنها حسنت في عيني. ولم يعلم أبوه وأمه أن ذلك من الرب لأنه كان يطلب علة على الفلسطينيين وفي ذلك الوقت كان الفلسطينيون متسلطين على إسرائيل.""
قضاة,14,93,"الآيات (1-4): ""ونزل شمشون إلى تمنة ورأى امرأة في تمنة من بنات الفلسطينيين. فصعد واخبر أباه وأمه وقال قد رأيت امرأة في تمنة من بنات الفلسطينيين فالان خذاها لي امرأة. فقال له أبوه وأمه أليس في بنات اخوتك وفي كل شعبي امرأة حتى انك ذاهب لتأخذ امرأة من الفلسطينيين الغلف فقال شمشون لأبيه إياها خذ لي لأنها حسنت في عيني. ولم يعلم أبوه وأمه أن ذلك من الرب لأنه كان يطلب علة على الفلسطينيين وفي ذلك الوقت كان الفلسطينيون متسلطين على إسرائيل.""
قضاة,14,94,"الآيات (1-4): ""ونزل شمشون إلى تمنة ورأى امرأة في تمنة من بنات الفلسطينيين. فصعد واخبر أباه وأمه وقال قد رأيت امرأة في تمنة من بنات الفلسطينيين فالان خذاها لي امرأة. فقال له أبوه وأمه أليس في بنات اخوتك وفي كل شعبي امرأة حتى انك ذاهب لتأخذ امرأة من الفلسطينيين الغلف فقال شمشون لأبيه إياها خذ لي لأنها حسنت في عيني. ولم يعلم أبوه وأمه أن ذلك من الرب لأنه كان يطلب علة على الفلسطينيين وفي ذلك الوقت كان الفلسطينيون متسلطين على إسرائيل.""
قضاة,14,95,"الآيات (1-4): ""ونزل شمشون إلى تمنة ورأى امرأة في تمنة من بنات الفلسطينيين. فصعد واخبر أباه وأمه وقال قد رأيت امرأة في تمنة من بنات الفلسطينيين فالان خذاها لي امرأة. فقال له أبوه وأمه أليس في بنات اخوتك وفي كل شعبي امرأة حتى انك ذاهب لتأخذ امرأة من الفلسطينيين الغلف فقال شمشون لأبيه إياها خذ لي لأنها حسنت في عيني. ولم يعلم أبوه وأمه أن ذلك من الرب لأنه كان يطلب علة على الفلسطينيين وفي ذلك الوقت كان الفلسطينيون متسلطين على إسرائيل.""
قضاة,14,96,"الآيات (1-4): ""ونزل شمشون إلى تمنة ورأى امرأة في تمنة من بنات الفلسطينيين. فصعد واخبر أباه وأمه وقال قد رأيت امرأة في تمنة من بنات الفلسطينيين فالان خذاها لي امرأة. فقال له أبوه وأمه أليس في بنات اخوتك وفي كل شعبي امرأة حتى انك ذاهب لتأخذ امرأة من الفلسطينيين الغلف فقال شمشون لأبيه إياها خذ لي لأنها حسنت في عيني. ولم يعلم أبوه وأمه أن ذلك من الرب لأنه كان يطلب علة على الفلسطينيين وفي ذلك الوقت كان الفلسطينيون متسلطين على إسرائيل.""
قضاة,14,97,"الآيات (1-4): ""ونزل شمشون إلى تمنة ورأى امرأة في تمنة من بنات الفلسطينيين. فصعد واخبر أباه وأمه وقال قد رأيت امرأة في تمنة من بنات الفلسطينيين فالان خذاها لي امرأة. فقال له أبوه وأمه أليس في بنات اخوتك وفي كل شعبي امرأة حتى انك ذاهب لتأخذ امرأة من الفلسطينيين الغلف فقال شمشون لأبيه إياها خذ لي لأنها حسنت في عيني. ولم يعلم أبوه وأمه أن ذلك من الرب لأنه كان يطلب علة على الفلسطينيين وفي ذلك الوقت كان الفلسطينيون متسلطين على إسرائيل.""
قضاة,14,98,"الآيات (1-4): ""ونزل شمشون إلى تمنة ورأى امرأة في تمنة من بنات الفلسطينيين. فصعد واخبر أباه وأمه وقال قد رأيت امرأة في تمنة من بنات الفلسطينيين فالان خذاها لي امرأة. فقال له أبوه وأمه أليس في بنات اخوتك وفي كل شعبي امرأة حتى انك ذاهب لتأخذ امرأة من الفلسطينيين الغلف فقال شمشون لأبيه إياها خذ لي لأنها حسنت في عيني. ولم يعلم أبوه وأمه أن ذلك من الرب لأنه كان يطلب علة على الفلسطينيين وفي ذلك الوقت كان الفلسطينيون متسلطين على إسرائيل.""
قضاة,14,99,"الآيات (1-4): ""ونزل شمشون إلى تمنة ورأى امرأة في تمنة من بنات الفلسطينيين. فصعد واخبر أباه وأمه وقال قد رأيت امرأة في تمنة من بنات الفلسطينيين فالان خذاها لي امرأة. فقال له أبوه وأمه أليس في بنات اخوتك وفي كل شعبي امرأة حتى انك ذاهب لتأخذ امرأة من الفلسطينيين الغلف فقال شمشون لأبيه إياها خذ لي لأنها حسنت في عيني. ولم يعلم أبوه وأمه أن ذلك من الرب لأنه كان يطلب علة على الفلسطينيين وفي ذلك الوقت كان الفلسطينيون متسلطين على إسرائيل.""
قضاة,15,1,"الآيات (1-3): ""وكان بعد مدة في أيام حصاد الحنطة أن شمشون افتقد امرأته بجدي معزى. وقال ادخل إلى آمراتي إلى حجرتها ولكن أباها لم يدعه أن يدخل وقال أبوها أنى قلت انك قد كرهتها فأعطيتها لصاحبك أليست أختها الصغيرة احسن منها فلتكن لك عوضا عنها. فقال لهم شمشون أنى بريء الآن من الفلسطينيين إذا عملت بهم شرا.""
قضاة,15,2,"الآيات (1-3): ""وكان بعد مدة في أيام حصاد الحنطة أن شمشون افتقد امرأته بجدي معزى. وقال ادخل إلى آمراتي إلى حجرتها ولكن أباها لم يدعه أن يدخل وقال أبوها أنى قلت انك قد كرهتها فأعطيتها لصاحبك أليست أختها الصغيرة احسن منها فلتكن لك عوضا عنها. فقال لهم شمشون أنى بريء الآن من الفلسطينيين إذا عملت بهم شرا.""
قضاة,15,3,"الآيات (1-3): ""وكان بعد مدة في أيام حصاد الحنطة أن شمشون افتقد امرأته بجدي معزى. وقال ادخل إلى آمراتي إلى حجرتها ولكن أباها لم يدعه أن يدخل وقال أبوها أنى قلت انك قد كرهتها فأعطيتها لصاحبك أليست أختها الصغيرة احسن منها فلتكن لك عوضا عنها. فقال لهم شمشون أنى بريء الآن من الفلسطينيين إذا عملت بهم شرا.""
قضاة,15,4,"الآيات (1-3): ""وكان بعد مدة في أيام حصاد الحنطة أن شمشون افتقد امرأته بجدي معزى. وقال ادخل إلى آمراتي إلى حجرتها ولكن أباها لم يدعه أن يدخل وقال أبوها أنى قلت انك قد كرهتها فأعطيتها لصاحبك أليست أختها الصغيرة احسن منها فلتكن لك عوضا عنها. فقال لهم شمشون أنى بريء الآن من الفلسطينيين إذا عملت بهم شرا.""
قضاة,15,5,"الآيات (1-3): ""وكان بعد مدة في أيام حصاد الحنطة أن شمشون افتقد امرأته بجدي معزى. وقال ادخل إلى آمراتي إلى حجرتها ولكن أباها لم يدعه أن يدخل وقال أبوها أنى قلت انك قد كرهتها فأعطيتها لصاحبك أليست أختها الصغيرة احسن منها فلتكن لك عوضا عنها. فقال لهم شمشون أنى بريء الآن من الفلسطينيين إذا عملت بهم شرا.""
قضاة,15,6,"الآيات (1-3): ""وكان بعد مدة في أيام حصاد الحنطة أن شمشون افتقد امرأته بجدي معزى. وقال ادخل إلى آمراتي إلى حجرتها ولكن أباها لم يدعه أن يدخل وقال أبوها أنى قلت انك قد كرهتها فأعطيتها لصاحبك أليست أختها الصغيرة احسن منها فلتكن لك عوضا عنها. فقال لهم شمشون أنى بريء الآن من الفلسطينيين إذا عملت بهم شرا.""
قضاة,15,7,"الآيات (1-3): ""وكان بعد مدة في أيام حصاد الحنطة أن شمشون افتقد امرأته بجدي معزى. وقال ادخل إلى آمراتي إلى حجرتها ولكن أباها لم يدعه أن يدخل وقال أبوها أنى قلت انك قد كرهتها فأعطيتها لصاحبك أليست أختها الصغيرة احسن منها فلتكن لك عوضا عنها. فقال لهم شمشون أنى بريء الآن من الفلسطينيين إذا عملت بهم شرا.""
قضاة,15,8,"الآيات (1-3): ""وكان بعد مدة في أيام حصاد الحنطة أن شمشون افتقد امرأته بجدي معزى. وقال ادخل إلى آمراتي إلى حجرتها ولكن أباها لم يدعه أن يدخل وقال أبوها أنى قلت انك قد كرهتها فأعطيتها لصاحبك أليست أختها الصغيرة احسن منها فلتكن لك عوضا عنها. فقال لهم شمشون أنى بريء الآن من الفلسطينيين إذا عملت بهم شرا.""
قضاة,15,9,"الآيات (1-3): ""وكان بعد مدة في أيام حصاد الحنطة أن شمشون افتقد امرأته بجدي معزى. وقال ادخل إلى آمراتي إلى حجرتها ولكن أباها لم يدعه أن يدخل وقال أبوها أنى قلت انك قد كرهتها فأعطيتها لصاحبك أليست أختها الصغيرة احسن منها فلتكن لك عوضا عنها. فقال لهم شمشون أنى بريء الآن من الفلسطينيين إذا عملت بهم شرا.""
قضاة,15,10,"الآيات (1-3): ""وكان بعد مدة في أيام حصاد الحنطة أن شمشون افتقد امرأته بجدي معزى. وقال ادخل إلى آمراتي إلى حجرتها ولكن أباها لم يدعه أن يدخل وقال أبوها أنى قلت انك قد كرهتها فأعطيتها لصاحبك أليست أختها الصغيرة احسن منها فلتكن لك عوضا عنها. فقال لهم شمشون أنى بريء الآن من الفلسطينيين إذا عملت بهم شرا.""
قضاة,15,11,"الآيات (1-3): ""وكان بعد مدة في أيام حصاد الحنطة أن شمشون افتقد امرأته بجدي معزى. وقال ادخل إلى آمراتي إلى حجرتها ولكن أباها لم يدعه أن يدخل وقال أبوها أنى قلت انك قد كرهتها فأعطيتها لصاحبك أليست أختها الصغيرة احسن منها فلتكن لك عوضا عنها. فقال لهم شمشون أنى بريء الآن من الفلسطينيين إذا عملت بهم شرا.""
قضاة,15,12,"الآيات (1-3): ""وكان بعد مدة في أيام حصاد الحنطة أن شمشون افتقد امرأته بجدي معزى. وقال ادخل إلى آمراتي إلى حجرتها ولكن أباها لم يدعه أن يدخل وقال أبوها أنى قلت انك قد كرهتها فأعطيتها لصاحبك أليست أختها الصغيرة احسن منها فلتكن لك عوضا عنها. فقال لهم شمشون أنى بريء الآن من الفلسطينيين إذا عملت بهم شرا.""
قضاة,15,13,"الآيات (1-3): ""وكان بعد مدة في أيام حصاد الحنطة أن شمشون افتقد امرأته بجدي معزى. وقال ادخل إلى آمراتي إلى حجرتها ولكن أباها لم يدعه أن يدخل وقال أبوها أنى قلت انك قد كرهتها فأعطيتها لصاحبك أليست أختها الصغيرة احسن منها فلتكن لك عوضا عنها. فقال لهم شمشون أنى بريء الآن من الفلسطينيين إذا عملت بهم شرا.""
قضاة,15,14,"الآيات (1-3): ""وكان بعد مدة في أيام حصاد الحنطة أن شمشون افتقد امرأته بجدي معزى. وقال ادخل إلى آمراتي إلى حجرتها ولكن أباها لم يدعه أن يدخل وقال أبوها أنى قلت انك قد كرهتها فأعطيتها لصاحبك أليست أختها الصغيرة احسن منها فلتكن لك عوضا عنها. فقال لهم شمشون أنى بريء الآن من الفلسطينيين إذا عملت بهم شرا.""
قضاة,15,15,"الآيات (1-3): ""وكان بعد مدة في أيام حصاد الحنطة أن شمشون افتقد امرأته بجدي معزى. وقال ادخل إلى آمراتي إلى حجرتها ولكن أباها لم يدعه أن يدخل وقال أبوها أنى قلت انك قد كرهتها فأعطيتها لصاحبك أليست أختها الصغيرة احسن منها فلتكن لك عوضا عنها. فقال لهم شمشون أنى بريء الآن من الفلسطينيين إذا عملت بهم شرا.""
قضاة,15,16,"الآيات (1-3): ""وكان بعد مدة في أيام حصاد الحنطة أن شمشون افتقد امرأته بجدي معزى. وقال ادخل إلى آمراتي إلى حجرتها ولكن أباها لم يدعه أن يدخل وقال أبوها أنى قلت انك قد كرهتها فأعطيتها لصاحبك أليست أختها الصغيرة احسن منها فلتكن لك عوضا عنها. فقال لهم شمشون أنى بريء الآن من الفلسطينيين إذا عملت بهم شرا.""
قضاة,15,17,"الآيات (1-3): ""وكان بعد مدة في أيام حصاد الحنطة أن شمشون افتقد امرأته بجدي معزى. وقال ادخل إلى آمراتي إلى حجرتها ولكن أباها لم يدعه أن يدخل وقال أبوها أنى قلت انك قد كرهتها فأعطيتها لصاحبك أليست أختها الصغيرة احسن منها فلتكن لك عوضا عنها. فقال لهم شمشون أنى بريء الآن من الفلسطينيين إذا عملت بهم شرا.""
قضاة,15,18,"الآيات (1-3): ""وكان بعد مدة في أيام حصاد الحنطة أن شمشون افتقد امرأته بجدي معزى. وقال ادخل إلى آمراتي إلى حجرتها ولكن أباها لم يدعه أن يدخل وقال أبوها أنى قلت انك قد كرهتها فأعطيتها لصاحبك أليست أختها الصغيرة احسن منها فلتكن لك عوضا عنها. فقال لهم شمشون أنى بريء الآن من الفلسطينيين إذا عملت بهم شرا.""
قضاة,15,19,"الآيات (1-3): ""وكان بعد مدة في أيام حصاد الحنطة أن شمشون افتقد امرأته بجدي معزى. وقال ادخل إلى آمراتي إلى حجرتها ولكن أباها لم يدعه أن يدخل وقال أبوها أنى قلت انك قد كرهتها فأعطيتها لصاحبك أليست أختها الصغيرة احسن منها فلتكن لك عوضا عنها. فقال لهم شمشون أنى بريء الآن من الفلسطينيين إذا عملت بهم شرا.""
قضاة,15,20,"الآيات (1-3): ""وكان بعد مدة في أيام حصاد الحنطة أن شمشون افتقد امرأته بجدي معزى. وقال ادخل إلى آمراتي إلى حجرتها ولكن أباها لم يدعه أن يدخل وقال أبوها أنى قلت انك قد كرهتها فأعطيتها لصاحبك أليست أختها الصغيرة احسن منها فلتكن لك عوضا عنها. فقال لهم شمشون أنى بريء الآن من الفلسطينيين إذا عملت بهم شرا.""
قضاة,15,21,"الآيات (1-3): ""وكان بعد مدة في أيام حصاد الحنطة أن شمشون افتقد امرأته بجدي معزى. وقال ادخل إلى آمراتي إلى حجرتها ولكن أباها لم يدعه أن يدخل وقال أبوها أنى قلت انك قد كرهتها فأعطيتها لصاحبك أليست أختها الصغيرة احسن منها فلتكن لك عوضا عنها. فقال لهم شمشون أنى بريء الآن من الفلسطينيين إذا عملت بهم شرا.""
قضاة,15,22,"الآيات (1-3): ""وكان بعد مدة في أيام حصاد الحنطة أن شمشون افتقد امرأته بجدي معزى. وقال ادخل إلى آمراتي إلى حجرتها ولكن أباها لم يدعه أن يدخل وقال أبوها أنى قلت انك قد كرهتها فأعطيتها لصاحبك أليست أختها الصغيرة احسن منها فلتكن لك عوضا عنها. فقال لهم شمشون أنى بريء الآن من الفلسطينيين إذا عملت بهم شرا.""
قضاة,15,23,"الآيات (1-3): ""وكان بعد مدة في أيام حصاد الحنطة أن شمشون افتقد امرأته بجدي معزى. وقال ادخل إلى آمراتي إلى حجرتها ولكن أباها لم يدعه أن يدخل وقال أبوها أنى قلت انك قد كرهتها فأعطيتها لصاحبك أليست أختها الصغيرة احسن منها فلتكن لك عوضا عنها. فقال لهم شمشون أنى بريء الآن من الفلسطينيين إذا عملت بهم شرا.""
قضاة,15,24,"الآيات (1-3): ""وكان بعد مدة في أيام حصاد الحنطة أن شمشون افتقد امرأته بجدي معزى. وقال ادخل إلى آمراتي إلى حجرتها ولكن أباها لم يدعه أن يدخل وقال أبوها أنى قلت انك قد كرهتها فأعطيتها لصاحبك أليست أختها الصغيرة احسن منها فلتكن لك عوضا عنها. فقال لهم شمشون أنى بريء الآن من الفلسطينيين إذا عملت بهم شرا.""
قضاة,15,25,"الآيات (1-3): ""وكان بعد مدة في أيام حصاد الحنطة أن شمشون افتقد امرأته بجدي معزى. وقال ادخل إلى آمراتي إلى حجرتها ولكن أباها لم يدعه أن يدخل وقال أبوها أنى قلت انك قد كرهتها فأعطيتها لصاحبك أليست أختها الصغيرة احسن منها فلتكن لك عوضا عنها. فقال لهم شمشون أنى بريء الآن من الفلسطينيين إذا عملت بهم شرا.""
قضاة,15,26,"الآيات (1-3): ""وكان بعد مدة في أيام حصاد الحنطة أن شمشون افتقد امرأته بجدي معزى. وقال ادخل إلى آمراتي إلى حجرتها ولكن أباها لم يدعه أن يدخل وقال أبوها أنى قلت انك قد كرهتها فأعطيتها لصاحبك أليست أختها الصغيرة احسن منها فلتكن لك عوضا عنها. فقال لهم شمشون أنى بريء الآن من الفلسطينيين إذا عملت بهم شرا.""
قضاة,15,27,"الآيات (1-3): ""وكان بعد مدة في أيام حصاد الحنطة أن شمشون افتقد امرأته بجدي معزى. وقال ادخل إلى آمراتي إلى حجرتها ولكن أباها لم يدعه أن يدخل وقال أبوها أنى قلت انك قد كرهتها فأعطيتها لصاحبك أليست أختها الصغيرة احسن منها فلتكن لك عوضا عنها. فقال لهم شمشون أنى بريء الآن من الفلسطينيين إذا عملت بهم شرا.""
قضاة,15,28,"الآيات (1-3): ""وكان بعد مدة في أيام حصاد الحنطة أن شمشون افتقد امرأته بجدي معزى. وقال ادخل إلى آمراتي إلى حجرتها ولكن أباها لم يدعه أن يدخل وقال أبوها أنى قلت انك قد كرهتها فأعطيتها لصاحبك أليست أختها الصغيرة احسن منها فلتكن لك عوضا عنها. فقال لهم شمشون أنى بريء الآن من الفلسطينيين إذا عملت بهم شرا.""
قضاة,15,29,"الآيات (1-3): ""وكان بعد مدة في أيام حصاد الحنطة أن شمشون افتقد امرأته بجدي معزى. وقال ادخل إلى آمراتي إلى حجرتها ولكن أباها لم يدعه أن يدخل وقال أبوها أنى قلت انك قد كرهتها فأعطيتها لصاحبك أليست أختها الصغيرة احسن منها فلتكن لك عوضا عنها. فقال لهم شمشون أنى بريء الآن من الفلسطينيين إذا عملت بهم شرا.""
قضاة,15,30,"الآيات (1-3): ""وكان بعد مدة في أيام حصاد الحنطة أن شمشون افتقد امرأته بجدي معزى. وقال ادخل إلى آمراتي إلى حجرتها ولكن أباها لم يدعه أن يدخل وقال أبوها أنى قلت انك قد كرهتها فأعطيتها لصاحبك أليست أختها الصغيرة احسن منها فلتكن لك عوضا عنها. فقال لهم شمشون أنى بريء الآن من الفلسطينيين إذا عملت بهم شرا.""
قضاة,15,31,"الآيات (1-3): ""وكان بعد مدة في أيام حصاد الحنطة أن شمشون افتقد امرأته بجدي معزى. وقال ادخل إلى آمراتي إلى حجرتها ولكن أباها لم يدعه أن يدخل وقال أبوها أنى قلت انك قد كرهتها فأعطيتها لصاحبك أليست أختها الصغيرة احسن منها فلتكن لك عوضا عنها. فقال لهم شمشون أنى بريء الآن من الفلسطينيين إذا عملت بهم شرا.""
قضاة,15,32,"الآيات (1-3): ""وكان بعد مدة في أيام حصاد الحنطة أن شمشون افتقد امرأته بجدي معزى. وقال ادخل إلى آمراتي إلى حجرتها ولكن أباها لم يدعه أن يدخل وقال أبوها أنى قلت انك قد كرهتها فأعطيتها لصاحبك أليست أختها الصغيرة احسن منها فلتكن لك عوضا عنها. فقال لهم شمشون أنى بريء الآن من الفلسطينيين إذا عملت بهم شرا.""
قضاة,15,33,"الآيات (1-3): ""وكان بعد مدة في أيام حصاد الحنطة أن شمشون افتقد امرأته بجدي معزى. وقال ادخل إلى آمراتي إلى حجرتها ولكن أباها لم يدعه أن يدخل وقال أبوها أنى قلت انك قد كرهتها فأعطيتها لصاحبك أليست أختها الصغيرة احسن منها فلتكن لك عوضا عنها. فقال لهم شمشون أنى بريء الآن من الفلسطينيين إذا عملت بهم شرا.""
قضاة,15,34,"الآيات (1-3): ""وكان بعد مدة في أيام حصاد الحنطة أن شمشون افتقد امرأته بجدي معزى. وقال ادخل إلى آمراتي إلى حجرتها ولكن أباها لم يدعه أن يدخل وقال أبوها أنى قلت انك قد كرهتها فأعطيتها لصاحبك أليست أختها الصغيرة احسن منها فلتكن لك عوضا عنها. فقال لهم شمشون أنى بريء الآن من الفلسطينيين إذا عملت بهم شرا.""
قضاة,15,35,"الآيات (1-3): ""وكان بعد مدة في أيام حصاد الحنطة أن شمشون افتقد امرأته بجدي معزى. وقال ادخل إلى آمراتي إلى حجرتها ولكن أباها لم يدعه أن يدخل وقال أبوها أنى قلت انك قد كرهتها فأعطيتها لصاحبك أليست أختها الصغيرة احسن منها فلتكن لك عوضا عنها. فقال لهم شمشون أنى بريء الآن من الفلسطينيين إذا عملت بهم شرا.""
قضاة,15,36,"الآيات (1-3): ""وكان بعد مدة في أيام حصاد الحنطة أن شمشون افتقد امرأته بجدي معزى. وقال ادخل إلى آمراتي إلى حجرتها ولكن أباها لم يدعه أن يدخل وقال أبوها أنى قلت انك قد كرهتها فأعطيتها لصاحبك أليست أختها الصغيرة احسن منها فلتكن لك عوضا عنها. فقال لهم شمشون أنى بريء الآن من الفلسطينيين إذا عملت بهم شرا.""
قضاة,15,37,"الآيات (1-3): ""وكان بعد مدة في أيام حصاد الحنطة أن شمشون افتقد امرأته بجدي معزى. وقال ادخل إلى آمراتي إلى حجرتها ولكن أباها لم يدعه أن يدخل وقال أبوها أنى قلت انك قد كرهتها فأعطيتها لصاحبك أليست أختها الصغيرة احسن منها فلتكن لك عوضا عنها. فقال لهم شمشون أنى بريء الآن من الفلسطينيين إذا عملت بهم شرا.""
قضاة,15,38,"الآيات (1-3): ""وكان بعد مدة في أيام حصاد الحنطة أن شمشون افتقد امرأته بجدي معزى. وقال ادخل إلى آمراتي إلى حجرتها ولكن أباها لم يدعه أن يدخل وقال أبوها أنى قلت انك قد كرهتها فأعطيتها لصاحبك أليست أختها الصغيرة احسن منها فلتكن لك عوضا عنها. فقال لهم شمشون أنى بريء الآن من الفلسطينيين إذا عملت بهم شرا.""
قضاة,15,39,"الآيات (1-3): ""وكان بعد مدة في أيام حصاد الحنطة أن شمشون افتقد امرأته بجدي معزى. وقال ادخل إلى آمراتي إلى حجرتها ولكن أباها لم يدعه أن يدخل وقال أبوها أنى قلت انك قد كرهتها فأعطيتها لصاحبك أليست أختها الصغيرة احسن منها فلتكن لك عوضا عنها. فقال لهم شمشون أنى بريء الآن من الفلسطينيين إذا عملت بهم شرا.""
قضاة,15,40,"الآيات (1-3): ""وكان بعد مدة في أيام حصاد الحنطة أن شمشون افتقد امرأته بجدي معزى. وقال ادخل إلى آمراتي إلى حجرتها ولكن أباها لم يدعه أن يدخل وقال أبوها أنى قلت انك قد كرهتها فأعطيتها لصاحبك أليست أختها الصغيرة احسن منها فلتكن لك عوضا عنها. فقال لهم شمشون أنى بريء الآن من الفلسطينيين إذا عملت بهم شرا.""
قضاة,15,41,"الآيات (1-3): ""وكان بعد مدة في أيام حصاد الحنطة أن شمشون افتقد امرأته بجدي معزى. وقال ادخل إلى آمراتي إلى حجرتها ولكن أباها لم يدعه أن يدخل وقال أبوها أنى قلت انك قد كرهتها فأعطيتها لصاحبك أليست أختها الصغيرة احسن منها فلتكن لك عوضا عنها. فقال لهم شمشون أنى بريء الآن من الفلسطينيين إذا عملت بهم شرا.""
قضاة,15,42,"الآيات (1-3): ""وكان بعد مدة في أيام حصاد الحنطة أن شمشون افتقد امرأته بجدي معزى. وقال ادخل إلى آمراتي إلى حجرتها ولكن أباها لم يدعه أن يدخل وقال أبوها أنى قلت انك قد كرهتها فأعطيتها لصاحبك أليست أختها الصغيرة احسن منها فلتكن لك عوضا عنها. فقال لهم شمشون أنى بريء الآن من الفلسطينيين إذا عملت بهم شرا.""
قضاة,15,43,"الآيات (1-3): ""وكان بعد مدة في أيام حصاد الحنطة أن شمشون افتقد امرأته بجدي معزى. وقال ادخل إلى آمراتي إلى حجرتها ولكن أباها لم يدعه أن يدخل وقال أبوها أنى قلت انك قد كرهتها فأعطيتها لصاحبك أليست أختها الصغيرة احسن منها فلتكن لك عوضا عنها. فقال لهم شمشون أنى بريء الآن من الفلسطينيين إذا عملت بهم شرا.""
قضاة,15,44,"الآيات (1-3): ""وكان بعد مدة في أيام حصاد الحنطة أن شمشون افتقد امرأته بجدي معزى. وقال ادخل إلى آمراتي إلى حجرتها ولكن أباها لم يدعه أن يدخل وقال أبوها أنى قلت انك قد كرهتها فأعطيتها لصاحبك أليست أختها الصغيرة احسن منها فلتكن لك عوضا عنها. فقال لهم شمشون أنى بريء الآن من الفلسطينيين إذا عملت بهم شرا.""
قضاة,15,45,"الآيات (1-3): ""وكان بعد مدة في أيام حصاد الحنطة أن شمشون افتقد امرأته بجدي معزى. وقال ادخل إلى آمراتي إلى حجرتها ولكن أباها لم يدعه أن يدخل وقال أبوها أنى قلت انك قد كرهتها فأعطيتها لصاحبك أليست أختها الصغيرة احسن منها فلتكن لك عوضا عنها. فقال لهم شمشون أنى بريء الآن من الفلسطينيين إذا عملت بهم شرا.""
قضاة,15,46,"الآيات (1-3): ""وكان بعد مدة في أيام حصاد الحنطة أن شمشون افتقد امرأته بجدي معزى. وقال ادخل إلى آمراتي إلى حجرتها ولكن أباها لم يدعه أن يدخل وقال أبوها أنى قلت انك قد كرهتها فأعطيتها لصاحبك أليست أختها الصغيرة احسن منها فلتكن لك عوضا عنها. فقال لهم شمشون أنى بريء الآن من الفلسطينيين إذا عملت بهم شرا.""
قضاة,15,47,"الآيات (1-3): ""وكان بعد مدة في أيام حصاد الحنطة أن شمشون افتقد امرأته بجدي معزى. وقال ادخل إلى آمراتي إلى حجرتها ولكن أباها لم يدعه أن يدخل وقال أبوها أنى قلت انك قد كرهتها فأعطيتها لصاحبك أليست أختها الصغيرة احسن منها فلتكن لك عوضا عنها. فقال لهم شمشون أنى بريء الآن من الفلسطينيين إذا عملت بهم شرا.""
قضاة,15,48,"الآيات (1-3): ""وكان بعد مدة في أيام حصاد الحنطة أن شمشون افتقد امرأته بجدي معزى. وقال ادخل إلى آمراتي إلى حجرتها ولكن أباها لم يدعه أن يدخل وقال أبوها أنى قلت انك قد كرهتها فأعطيتها لصاحبك أليست أختها الصغيرة احسن منها فلتكن لك عوضا عنها. فقال لهم شمشون أنى بريء الآن من الفلسطينيين إذا عملت بهم شرا.""
قضاة,15,49,"الآيات (1-3): ""وكان بعد مدة في أيام حصاد الحنطة أن شمشون افتقد امرأته بجدي معزى. وقال ادخل إلى آمراتي إلى حجرتها ولكن أباها لم يدعه أن يدخل وقال أبوها أنى قلت انك قد كرهتها فأعطيتها لصاحبك أليست أختها الصغيرة احسن منها فلتكن لك عوضا عنها. فقال لهم شمشون أنى بريء الآن من الفلسطينيين إذا عملت بهم شرا.""
قضاة,15,50,"الآيات (1-3): ""وكان بعد مدة في أيام حصاد الحنطة أن شمشون افتقد امرأته بجدي معزى. وقال ادخل إلى آمراتي إلى حجرتها ولكن أباها لم يدعه أن يدخل وقال أبوها أنى قلت انك قد كرهتها فأعطيتها لصاحبك أليست أختها الصغيرة احسن منها فلتكن لك عوضا عنها. فقال لهم شمشون أنى بريء الآن من الفلسطينيين إذا عملت بهم شرا.""
قضاة,15,51,"الآيات (1-3): ""وكان بعد مدة في أيام حصاد الحنطة أن شمشون افتقد امرأته بجدي معزى. وقال ادخل إلى آمراتي إلى حجرتها ولكن أباها لم يدعه أن يدخل وقال أبوها أنى قلت انك قد كرهتها فأعطيتها لصاحبك أليست أختها الصغيرة احسن منها فلتكن لك عوضا عنها. فقال لهم شمشون أنى بريء الآن من الفلسطينيين إذا عملت بهم شرا.""
قضاة,15,52,"الآيات (1-3): ""وكان بعد مدة في أيام حصاد الحنطة أن شمشون افتقد امرأته بجدي معزى. وقال ادخل إلى آمراتي إلى حجرتها ولكن أباها لم يدعه أن يدخل وقال أبوها أنى قلت انك قد كرهتها فأعطيتها لصاحبك أليست أختها الصغيرة احسن منها فلتكن لك عوضا عنها. فقال لهم شمشون أنى بريء الآن من الفلسطينيين إذا عملت بهم شرا.""
قضاة,15,53,"الآيات (1-3): ""وكان بعد مدة في أيام حصاد الحنطة أن شمشون افتقد امرأته بجدي معزى. وقال ادخل إلى آمراتي إلى حجرتها ولكن أباها لم يدعه أن يدخل وقال أبوها أنى قلت انك قد كرهتها فأعطيتها لصاحبك أليست أختها الصغيرة احسن منها فلتكن لك عوضا عنها. فقال لهم شمشون أنى بريء الآن من الفلسطينيين إذا عملت بهم شرا.""
قضاة,15,54,"الآيات (1-3): ""وكان بعد مدة في أيام حصاد الحنطة أن شمشون افتقد امرأته بجدي معزى. وقال ادخل إلى آمراتي إلى حجرتها ولكن أباها لم يدعه أن يدخل وقال أبوها أنى قلت انك قد كرهتها فأعطيتها لصاحبك أليست أختها الصغيرة احسن منها فلتكن لك عوضا عنها. فقال لهم شمشون أنى بريء الآن من الفلسطينيين إذا عملت بهم شرا.""
قضاة,15,55,"الآيات (1-3): ""وكان بعد مدة في أيام حصاد الحنطة أن شمشون افتقد امرأته بجدي معزى. وقال ادخل إلى آمراتي إلى حجرتها ولكن أباها لم يدعه أن يدخل وقال أبوها أنى قلت انك قد كرهتها فأعطيتها لصاحبك أليست أختها الصغيرة احسن منها فلتكن لك عوضا عنها. فقال لهم شمشون أنى بريء الآن من الفلسطينيين إذا عملت بهم شرا.""
قضاة,15,56,"الآيات (1-3): ""وكان بعد مدة في أيام حصاد الحنطة أن شمشون افتقد امرأته بجدي معزى. وقال ادخل إلى آمراتي إلى حجرتها ولكن أباها لم يدعه أن يدخل وقال أبوها أنى قلت انك قد كرهتها فأعطيتها لصاحبك أليست أختها الصغيرة احسن منها فلتكن لك عوضا عنها. فقال لهم شمشون أنى بريء الآن من الفلسطينيين إذا عملت بهم شرا.""
قضاة,15,57,"الآيات (1-3): ""وكان بعد مدة في أيام حصاد الحنطة أن شمشون افتقد امرأته بجدي معزى. وقال ادخل إلى آمراتي إلى حجرتها ولكن أباها لم يدعه أن يدخل وقال أبوها أنى قلت انك قد كرهتها فأعطيتها لصاحبك أليست أختها الصغيرة احسن منها فلتكن لك عوضا عنها. فقال لهم شمشون أنى بريء الآن من الفلسطينيين إذا عملت بهم شرا.""
قضاة,15,58,"الآيات (1-3): ""وكان بعد مدة في أيام حصاد الحنطة أن شمشون افتقد امرأته بجدي معزى. وقال ادخل إلى آمراتي إلى حجرتها ولكن أباها لم يدعه أن يدخل وقال أبوها أنى قلت انك قد كرهتها فأعطيتها لصاحبك أليست أختها الصغيرة احسن منها فلتكن لك عوضا عنها. فقال لهم شمشون أنى بريء الآن من الفلسطينيين إذا عملت بهم شرا.""
قضاة,15,59,"الآيات (1-3): ""وكان بعد مدة في أيام حصاد الحنطة أن شمشون افتقد امرأته بجدي معزى. وقال ادخل إلى آمراتي إلى حجرتها ولكن أباها لم يدعه أن يدخل وقال أبوها أنى قلت انك قد كرهتها فأعطيتها لصاحبك أليست أختها الصغيرة احسن منها فلتكن لك عوضا عنها. فقال لهم شمشون أنى بريء الآن من الفلسطينيين إذا عملت بهم شرا.""
قضاة,15,60,"الآيات (1-3): ""وكان بعد مدة في أيام حصاد الحنطة أن شمشون افتقد امرأته بجدي معزى. وقال ادخل إلى آمراتي إلى حجرتها ولكن أباها لم يدعه أن يدخل وقال أبوها أنى قلت انك قد كرهتها فأعطيتها لصاحبك أليست أختها الصغيرة احسن منها فلتكن لك عوضا عنها. فقال لهم شمشون أنى بريء الآن من الفلسطينيين إذا عملت بهم شرا.""
قضاة,15,61,"الآيات (1-3): ""وكان بعد مدة في أيام حصاد الحنطة أن شمشون افتقد امرأته بجدي معزى. وقال ادخل إلى آمراتي إلى حجرتها ولكن أباها لم يدعه أن يدخل وقال أبوها أنى قلت انك قد كرهتها فأعطيتها لصاحبك أليست أختها الصغيرة احسن منها فلتكن لك عوضا عنها. فقال لهم شمشون أنى بريء الآن من الفلسطينيين إذا عملت بهم شرا.""
قضاة,15,62,"الآيات (1-3): ""وكان بعد مدة في أيام حصاد الحنطة أن شمشون افتقد امرأته بجدي معزى. وقال ادخل إلى آمراتي إلى حجرتها ولكن أباها لم يدعه أن يدخل وقال أبوها أنى قلت انك قد كرهتها فأعطيتها لصاحبك أليست أختها الصغيرة احسن منها فلتكن لك عوضا عنها. فقال لهم شمشون أنى بريء الآن من الفلسطينيين إذا عملت بهم شرا.""
قضاة,15,63,"الآيات (1-3): ""وكان بعد مدة في أيام حصاد الحنطة أن شمشون افتقد امرأته بجدي معزى. وقال ادخل إلى آمراتي إلى حجرتها ولكن أباها لم يدعه أن يدخل وقال أبوها أنى قلت انك قد كرهتها فأعطيتها لصاحبك أليست أختها الصغيرة احسن منها فلتكن لك عوضا عنها. فقال لهم شمشون أنى بريء الآن من الفلسطينيين إذا عملت بهم شرا.""
قضاة,15,64,"الآيات (1-3): ""وكان بعد مدة في أيام حصاد الحنطة أن شمشون افتقد امرأته بجدي معزى. وقال ادخل إلى آمراتي إلى حجرتها ولكن أباها لم يدعه أن يدخل وقال أبوها أنى قلت انك قد كرهتها فأعطيتها لصاحبك أليست أختها الصغيرة احسن منها فلتكن لك عوضا عنها. فقال لهم شمشون أنى بريء الآن من الفلسطينيين إذا عملت بهم شرا.""
قضاة,15,65,"الآيات (1-3): ""وكان بعد مدة في أيام حصاد الحنطة أن شمشون افتقد امرأته بجدي معزى. وقال ادخل إلى آمراتي إلى حجرتها ولكن أباها لم يدعه أن يدخل وقال أبوها أنى قلت انك قد كرهتها فأعطيتها لصاحبك أليست أختها الصغيرة احسن منها فلتكن لك عوضا عنها. فقال لهم شمشون أنى بريء الآن من الفلسطينيين إذا عملت بهم شرا.""
قضاة,15,66,"الآيات (1-3): ""وكان بعد مدة في أيام حصاد الحنطة أن شمشون افتقد امرأته بجدي معزى. وقال ادخل إلى آمراتي إلى حجرتها ولكن أباها لم يدعه أن يدخل وقال أبوها أنى قلت انك قد كرهتها فأعطيتها لصاحبك أليست أختها الصغيرة احسن منها فلتكن لك عوضا عنها. فقال لهم شمشون أنى بريء الآن من الفلسطينيين إذا عملت بهم شرا.""
قضاة,15,67,"الآيات (1-3): ""وكان بعد مدة في أيام حصاد الحنطة أن شمشون افتقد امرأته بجدي معزى. وقال ادخل إلى آمراتي إلى حجرتها ولكن أباها لم يدعه أن يدخل وقال أبوها أنى قلت انك قد كرهتها فأعطيتها لصاحبك أليست أختها الصغيرة احسن منها فلتكن لك عوضا عنها. فقال لهم شمشون أنى بريء الآن من الفلسطينيين إذا عملت بهم شرا.""
قضاة,15,68,"الآيات (1-3): ""وكان بعد مدة في أيام حصاد الحنطة أن شمشون افتقد امرأته بجدي معزى. وقال ادخل إلى آمراتي إلى حجرتها ولكن أباها لم يدعه أن يدخل وقال أبوها أنى قلت انك قد كرهتها فأعطيتها لصاحبك أليست أختها الصغيرة احسن منها فلتكن لك عوضا عنها. فقال لهم شمشون أنى بريء الآن من الفلسطينيين إذا عملت بهم شرا.""
قضاة,15,69,"الآيات (1-3): ""وكان بعد مدة في أيام حصاد الحنطة أن شمشون افتقد امرأته بجدي معزى. وقال ادخل إلى آمراتي إلى حجرتها ولكن أباها لم يدعه أن يدخل وقال أبوها أنى قلت انك قد كرهتها فأعطيتها لصاحبك أليست أختها الصغيرة احسن منها فلتكن لك عوضا عنها. فقال لهم شمشون أنى بريء الآن من الفلسطينيين إذا عملت بهم شرا.""
قضاة,15,70,"الآيات (1-3): ""وكان بعد مدة في أيام حصاد الحنطة أن شمشون افتقد امرأته بجدي معزى. وقال ادخل إلى آمراتي إلى حجرتها ولكن أباها لم يدعه أن يدخل وقال أبوها أنى قلت انك قد كرهتها فأعطيتها لصاحبك أليست أختها الصغيرة احسن منها فلتكن لك عوضا عنها. فقال لهم شمشون أنى بريء الآن من الفلسطينيين إذا عملت بهم شرا.""
قضاة,15,71,"الآيات (1-3): ""وكان بعد مدة في أيام حصاد الحنطة أن شمشون افتقد امرأته بجدي معزى. وقال ادخل إلى آمراتي إلى حجرتها ولكن أباها لم يدعه أن يدخل وقال أبوها أنى قلت انك قد كرهتها فأعطيتها لصاحبك أليست أختها الصغيرة احسن منها فلتكن لك عوضا عنها. فقال لهم شمشون أنى بريء الآن من الفلسطينيين إذا عملت بهم شرا.""
قضاة,15,72,"الآيات (1-3): ""وكان بعد مدة في أيام حصاد الحنطة أن شمشون افتقد امرأته بجدي معزى. وقال ادخل إلى آمراتي إلى حجرتها ولكن أباها لم يدعه أن يدخل وقال أبوها أنى قلت انك قد كرهتها فأعطيتها لصاحبك أليست أختها الصغيرة احسن منها فلتكن لك عوضا عنها. فقال لهم شمشون أنى بريء الآن من الفلسطينيين إذا عملت بهم شرا.""
قضاة,15,73,"الآيات (1-3): ""وكان بعد مدة في أيام حصاد الحنطة أن شمشون افتقد امرأته بجدي معزى. وقال ادخل إلى آمراتي إلى حجرتها ولكن أباها لم يدعه أن يدخل وقال أبوها أنى قلت انك قد كرهتها فأعطيتها لصاحبك أليست أختها الصغيرة احسن منها فلتكن لك عوضا عنها. فقال لهم شمشون أنى بريء الآن من الفلسطينيين إذا عملت بهم شرا.""
قضاة,15,74,"الآيات (1-3): ""وكان بعد مدة في أيام حصاد الحنطة أن شمشون افتقد امرأته بجدي معزى. وقال ادخل إلى آمراتي إلى حجرتها ولكن أباها لم يدعه أن يدخل وقال أبوها أنى قلت انك قد كرهتها فأعطيتها لصاحبك أليست أختها الصغيرة احسن منها فلتكن لك عوضا عنها. فقال لهم شمشون أنى بريء الآن من الفلسطينيين إذا عملت بهم شرا.""
قضاة,15,75,"الآيات (1-3): ""وكان بعد مدة في أيام حصاد الحنطة أن شمشون افتقد امرأته بجدي معزى. وقال ادخل إلى آمراتي إلى حجرتها ولكن أباها لم يدعه أن يدخل وقال أبوها أنى قلت انك قد كرهتها فأعطيتها لصاحبك أليست أختها الصغيرة احسن منها فلتكن لك عوضا عنها. فقال لهم شمشون أنى بريء الآن من الفلسطينيين إذا عملت بهم شرا.""
قضاة,15,76,"الآيات (1-3): ""وكان بعد مدة في أيام حصاد الحنطة أن شمشون افتقد امرأته بجدي معزى. وقال ادخل إلى آمراتي إلى حجرتها ولكن أباها لم يدعه أن يدخل وقال أبوها أنى قلت انك قد كرهتها فأعطيتها لصاحبك أليست أختها الصغيرة احسن منها فلتكن لك عوضا عنها. فقال لهم شمشون أنى بريء الآن من الفلسطينيين إذا عملت بهم شرا.""
قضاة,15,77,"الآيات (1-3): ""وكان بعد مدة في أيام حصاد الحنطة أن شمشون افتقد امرأته بجدي معزى. وقال ادخل إلى آمراتي إلى حجرتها ولكن أباها لم يدعه أن يدخل وقال أبوها أنى قلت انك قد كرهتها فأعطيتها لصاحبك أليست أختها الصغيرة احسن منها فلتكن لك عوضا عنها. فقال لهم شمشون أنى بريء الآن من الفلسطينيين إذا عملت بهم شرا.""
قضاة,15,78,"الآيات (1-3): ""وكان بعد مدة في أيام حصاد الحنطة أن شمشون افتقد امرأته بجدي معزى. وقال ادخل إلى آمراتي إلى حجرتها ولكن أباها لم يدعه أن يدخل وقال أبوها أنى قلت انك قد كرهتها فأعطيتها لصاحبك أليست أختها الصغيرة احسن منها فلتكن لك عوضا عنها. فقال لهم شمشون أنى بريء الآن من الفلسطينيين إذا عملت بهم شرا.""
قضاة,15,79,"الآيات (1-3): ""وكان بعد مدة في أيام حصاد الحنطة أن شمشون افتقد امرأته بجدي معزى. وقال ادخل إلى آمراتي إلى حجرتها ولكن أباها لم يدعه أن يدخل وقال أبوها أنى قلت انك قد كرهتها فأعطيتها لصاحبك أليست أختها الصغيرة احسن منها فلتكن لك عوضا عنها. فقال لهم شمشون أنى بريء الآن من الفلسطينيين إذا عملت بهم شرا.""
قضاة,15,80,"الآيات (1-3): ""وكان بعد مدة في أيام حصاد الحنطة أن شمشون افتقد امرأته بجدي معزى. وقال ادخل إلى آمراتي إلى حجرتها ولكن أباها لم يدعه أن يدخل وقال أبوها أنى قلت انك قد كرهتها فأعطيتها لصاحبك أليست أختها الصغيرة احسن منها فلتكن لك عوضا عنها. فقال لهم شمشون أنى بريء الآن من الفلسطينيين إذا عملت بهم شرا.""
قضاة,15,81,"الآيات (1-3): ""وكان بعد مدة في أيام حصاد الحنطة أن شمشون افتقد امرأته بجدي معزى. وقال ادخل إلى آمراتي إلى حجرتها ولكن أباها لم يدعه أن يدخل وقال أبوها أنى قلت انك قد كرهتها فأعطيتها لصاحبك أليست أختها الصغيرة احسن منها فلتكن لك عوضا عنها. فقال لهم شمشون أنى بريء الآن من الفلسطينيين إذا عملت بهم شرا.""
قضاة,15,82,"الآيات (1-3): ""وكان بعد مدة في أيام حصاد الحنطة أن شمشون افتقد امرأته بجدي معزى. وقال ادخل إلى آمراتي إلى حجرتها ولكن أباها لم يدعه أن يدخل وقال أبوها أنى قلت انك قد كرهتها فأعطيتها لصاحبك أليست أختها الصغيرة احسن منها فلتكن لك عوضا عنها. فقال لهم شمشون أنى بريء الآن من الفلسطينيين إذا عملت بهم شرا.""
قضاة,15,83,"الآيات (1-3): ""وكان بعد مدة في أيام حصاد الحنطة أن شمشون افتقد امرأته بجدي معزى. وقال ادخل إلى آمراتي إلى حجرتها ولكن أباها لم يدعه أن يدخل وقال أبوها أنى قلت انك قد كرهتها فأعطيتها لصاحبك أليست أختها الصغيرة احسن منها فلتكن لك عوضا عنها. فقال لهم شمشون أنى بريء الآن من الفلسطينيين إذا عملت بهم شرا.""
قضاة,15,84,"الآيات (1-3): ""وكان بعد مدة في أيام حصاد الحنطة أن شمشون افتقد امرأته بجدي معزى. وقال ادخل إلى آمراتي إلى حجرتها ولكن أباها لم يدعه أن يدخل وقال أبوها أنى قلت انك قد كرهتها فأعطيتها لصاحبك أليست أختها الصغيرة احسن منها فلتكن لك عوضا عنها. فقال لهم شمشون أنى بريء الآن من الفلسطينيين إذا عملت بهم شرا.""
قضاة,15,85,"الآيات (1-3): ""وكان بعد مدة في أيام حصاد الحنطة أن شمشون افتقد امرأته بجدي معزى. وقال ادخل إلى آمراتي إلى حجرتها ولكن أباها لم يدعه أن يدخل وقال أبوها أنى قلت انك قد كرهتها فأعطيتها لصاحبك أليست أختها الصغيرة احسن منها فلتكن لك عوضا عنها. فقال لهم شمشون أنى بريء الآن من الفلسطينيين إذا عملت بهم شرا.""
قضاة,15,86,"الآيات (1-3): ""وكان بعد مدة في أيام حصاد الحنطة أن شمشون افتقد امرأته بجدي معزى. وقال ادخل إلى آمراتي إلى حجرتها ولكن أباها لم يدعه أن يدخل وقال أبوها أنى قلت انك قد كرهتها فأعطيتها لصاحبك أليست أختها الصغيرة احسن منها فلتكن لك عوضا عنها. فقال لهم شمشون أنى بريء الآن من الفلسطينيين إذا عملت بهم شرا.""
قضاة,15,87,"الآيات (1-3): ""وكان بعد مدة في أيام حصاد الحنطة أن شمشون افتقد امرأته بجدي معزى. وقال ادخل إلى آمراتي إلى حجرتها ولكن أباها لم يدعه أن يدخل وقال أبوها أنى قلت انك قد كرهتها فأعطيتها لصاحبك أليست أختها الصغيرة احسن منها فلتكن لك عوضا عنها. فقال لهم شمشون أنى بريء الآن من الفلسطينيين إذا عملت بهم شرا.""
قضاة,15,88,"الآيات (1-3): ""وكان بعد مدة في أيام حصاد الحنطة أن شمشون افتقد امرأته بجدي معزى. وقال ادخل إلى آمراتي إلى حجرتها ولكن أباها لم يدعه أن يدخل وقال أبوها أنى قلت انك قد كرهتها فأعطيتها لصاحبك أليست أختها الصغيرة احسن منها فلتكن لك عوضا عنها. فقال لهم شمشون أنى بريء الآن من الفلسطينيين إذا عملت بهم شرا.""
قضاة,15,89,"الآيات (1-3): ""وكان بعد مدة في أيام حصاد الحنطة أن شمشون افتقد امرأته بجدي معزى. وقال ادخل إلى آمراتي إلى حجرتها ولكن أباها لم يدعه أن يدخل وقال أبوها أنى قلت انك قد كرهتها فأعطيتها لصاحبك أليست أختها الصغيرة احسن منها فلتكن لك عوضا عنها. فقال لهم شمشون أنى بريء الآن من الفلسطينيين إذا عملت بهم شرا.""
قضاة,15,90,"الآيات (1-3): ""وكان بعد مدة في أيام حصاد الحنطة أن شمشون افتقد امرأته بجدي معزى. وقال ادخل إلى آمراتي إلى حجرتها ولكن أباها لم يدعه أن يدخل وقال أبوها أنى قلت انك قد كرهتها فأعطيتها لصاحبك أليست أختها الصغيرة احسن منها فلتكن لك عوضا عنها. فقال لهم شمشون أنى بريء الآن من الفلسطينيين إذا عملت بهم شرا.""
قضاة,15,91,"الآيات (1-3): ""وكان بعد مدة في أيام حصاد الحنطة أن شمشون افتقد امرأته بجدي معزى. وقال ادخل إلى آمراتي إلى حجرتها ولكن أباها لم يدعه أن يدخل وقال أبوها أنى قلت انك قد كرهتها فأعطيتها لصاحبك أليست أختها الصغيرة احسن منها فلتكن لك عوضا عنها. فقال لهم شمشون أنى بريء الآن من الفلسطينيين إذا عملت بهم شرا.""
قضاة,15,92,"الآيات (1-3): ""وكان بعد مدة في أيام حصاد الحنطة أن شمشون افتقد امرأته بجدي معزى. وقال ادخل إلى آمراتي إلى حجرتها ولكن أباها لم يدعه أن يدخل وقال أبوها أنى قلت انك قد كرهتها فأعطيتها لصاحبك أليست أختها الصغيرة احسن منها فلتكن لك عوضا عنها. فقال لهم شمشون أنى بريء الآن من الفلسطينيين إذا عملت بهم شرا.""
قضاة,15,93,"الآيات (1-3): ""وكان بعد مدة في أيام حصاد الحنطة أن شمشون افتقد امرأته بجدي معزى. وقال ادخل إلى آمراتي إلى حجرتها ولكن أباها لم يدعه أن يدخل وقال أبوها أنى قلت انك قد كرهتها فأعطيتها لصاحبك أليست أختها الصغيرة احسن منها فلتكن لك عوضا عنها. فقال لهم شمشون أنى بريء الآن من الفلسطينيين إذا عملت بهم شرا.""
قضاة,15,94,"الآيات (1-3): ""وكان بعد مدة في أيام حصاد الحنطة أن شمشون افتقد امرأته بجدي معزى. وقال ادخل إلى آمراتي إلى حجرتها ولكن أباها لم يدعه أن يدخل وقال أبوها أنى قلت انك قد كرهتها فأعطيتها لصاحبك أليست أختها الصغيرة احسن منها فلتكن لك عوضا عنها. فقال لهم شمشون أنى بريء الآن من الفلسطينيين إذا عملت بهم شرا.""
قضاة,15,95,"الآيات (1-3): ""وكان بعد مدة في أيام حصاد الحنطة أن شمشون افتقد امرأته بجدي معزى. وقال ادخل إلى آمراتي إلى حجرتها ولكن أباها لم يدعه أن يدخل وقال أبوها أنى قلت انك قد كرهتها فأعطيتها لصاحبك أليست أختها الصغيرة احسن منها فلتكن لك عوضا عنها. فقال لهم شمشون أنى بريء الآن من الفلسطينيين إذا عملت بهم شرا.""
قضاة,15,96,"الآيات (1-3): ""وكان بعد مدة في أيام حصاد الحنطة أن شمشون افتقد امرأته بجدي معزى. وقال ادخل إلى آمراتي إلى حجرتها ولكن أباها لم يدعه أن يدخل وقال أبوها أنى قلت انك قد كرهتها فأعطيتها لصاحبك أليست أختها الصغيرة احسن منها فلتكن لك عوضا عنها. فقال لهم شمشون أنى بريء الآن من الفلسطينيين إذا عملت بهم شرا.""
قضاة,15,97,"الآيات (1-3): ""وكان بعد مدة في أيام حصاد الحنطة أن شمشون افتقد امرأته بجدي معزى. وقال ادخل إلى آمراتي إلى حجرتها ولكن أباها لم يدعه أن يدخل وقال أبوها أنى قلت انك قد كرهتها فأعطيتها لصاحبك أليست أختها الصغيرة احسن منها فلتكن لك عوضا عنها. فقال لهم شمشون أنى بريء الآن من الفلسطينيين إذا عملت بهم شرا.""
قضاة,15,98,"الآيات (1-3): ""وكان بعد مدة في أيام حصاد الحنطة أن شمشون افتقد امرأته بجدي معزى. وقال ادخل إلى آمراتي إلى حجرتها ولكن أباها لم يدعه أن يدخل وقال أبوها أنى قلت انك قد كرهتها فأعطيتها لصاحبك أليست أختها الصغيرة احسن منها فلتكن لك عوضا عنها. فقال لهم شمشون أنى بريء الآن من الفلسطينيين إذا عملت بهم شرا.""
قضاة,15,99,"الآيات (1-3): ""وكان بعد مدة في أيام حصاد الحنطة أن شمشون افتقد امرأته بجدي معزى. وقال ادخل إلى آمراتي إلى حجرتها ولكن أباها لم يدعه أن يدخل وقال أبوها أنى قلت انك قد كرهتها فأعطيتها لصاحبك أليست أختها الصغيرة احسن منها فلتكن لك عوضا عنها. فقال لهم شمشون أنى بريء الآن من الفلسطينيين إذا عملت بهم شرا.""
قضاة,16,1,"الآيات (1-3): ""ثم ذهب شمشون إلى غزة ورأى هناك امرأة زانية فدخل إليها. فقيل للغزيين قد أتى شمشون إلى هنا فأحاطوا به وكمنوا له الليل كله عند باب المدينة فهداوا الليل كله قائلين عند ضوء الصباح نقتله. فاضطجع شمشون إلى نصف الليل ثم قام في نصف الليل واخذ مصراعي باب المدينة والقائمتين وقلعهما مع العارضة ووضعها على كتفيه وصعد بها إلى راس الجبل الذي مقابل حبرون.""
قضاة,16,2,"الآيات (1-3): ""ثم ذهب شمشون إلى غزة ورأى هناك امرأة زانية فدخل إليها. فقيل للغزيين قد أتى شمشون إلى هنا فأحاطوا به وكمنوا له الليل كله عند باب المدينة فهداوا الليل كله قائلين عند ضوء الصباح نقتله. فاضطجع شمشون إلى نصف الليل ثم قام في نصف الليل واخذ مصراعي باب المدينة والقائمتين وقلعهما مع العارضة ووضعها على كتفيه وصعد بها إلى راس الجبل الذي مقابل حبرون.""
قضاة,16,3,"الآيات (1-3): ""ثم ذهب شمشون إلى غزة ورأى هناك امرأة زانية فدخل إليها. فقيل للغزيين قد أتى شمشون إلى هنا فأحاطوا به وكمنوا له الليل كله عند باب المدينة فهداوا الليل كله قائلين عند ضوء الصباح نقتله. فاضطجع شمشون إلى نصف الليل ثم قام في نصف الليل واخذ مصراعي باب المدينة والقائمتين وقلعهما مع العارضة ووضعها على كتفيه وصعد بها إلى راس الجبل الذي مقابل حبرون.""
قضاة,16,4,"الآيات (1-3): ""ثم ذهب شمشون إلى غزة ورأى هناك امرأة زانية فدخل إليها. فقيل للغزيين قد أتى شمشون إلى هنا فأحاطوا به وكمنوا له الليل كله عند باب المدينة فهداوا الليل كله قائلين عند ضوء الصباح نقتله. فاضطجع شمشون إلى نصف الليل ثم قام في نصف الليل واخذ مصراعي باب المدينة والقائمتين وقلعهما مع العارضة ووضعها على كتفيه وصعد بها إلى راس الجبل الذي مقابل حبرون.""
قضاة,16,5,"الآيات (1-3): ""ثم ذهب شمشون إلى غزة ورأى هناك امرأة زانية فدخل إليها. فقيل للغزيين قد أتى شمشون إلى هنا فأحاطوا به وكمنوا له الليل كله عند باب المدينة فهداوا الليل كله قائلين عند ضوء الصباح نقتله. فاضطجع شمشون إلى نصف الليل ثم قام في نصف الليل واخذ مصراعي باب المدينة والقائمتين وقلعهما مع العارضة ووضعها على كتفيه وصعد بها إلى راس الجبل الذي مقابل حبرون.""
قضاة,16,6,"الآيات (1-3): ""ثم ذهب شمشون إلى غزة ورأى هناك امرأة زانية فدخل إليها. فقيل للغزيين قد أتى شمشون إلى هنا فأحاطوا به وكمنوا له الليل كله عند باب المدينة فهداوا الليل كله قائلين عند ضوء الصباح نقتله. فاضطجع شمشون إلى نصف الليل ثم قام في نصف الليل واخذ مصراعي باب المدينة والقائمتين وقلعهما مع العارضة ووضعها على كتفيه وصعد بها إلى راس الجبل الذي مقابل حبرون.""
قضاة,16,7,"الآيات (1-3): ""ثم ذهب شمشون إلى غزة ورأى هناك امرأة زانية فدخل إليها. فقيل للغزيين قد أتى شمشون إلى هنا فأحاطوا به وكمنوا له الليل كله عند باب المدينة فهداوا الليل كله قائلين عند ضوء الصباح نقتله. فاضطجع شمشون إلى نصف الليل ثم قام في نصف الليل واخذ مصراعي باب المدينة والقائمتين وقلعهما مع العارضة ووضعها على كتفيه وصعد بها إلى راس الجبل الذي مقابل حبرون.""
قضاة,16,8,"الآيات (1-3): ""ثم ذهب شمشون إلى غزة ورأى هناك امرأة زانية فدخل إليها. فقيل للغزيين قد أتى شمشون إلى هنا فأحاطوا به وكمنوا له الليل كله عند باب المدينة فهداوا الليل كله قائلين عند ضوء الصباح نقتله. فاضطجع شمشون إلى نصف الليل ثم قام في نصف الليل واخذ مصراعي باب المدينة والقائمتين وقلعهما مع العارضة ووضعها على كتفيه وصعد بها إلى راس الجبل الذي مقابل حبرون.""
قضاة,16,9,"الآيات (1-3): ""ثم ذهب شمشون إلى غزة ورأى هناك امرأة زانية فدخل إليها. فقيل للغزيين قد أتى شمشون إلى هنا فأحاطوا به وكمنوا له الليل كله عند باب المدينة فهداوا الليل كله قائلين عند ضوء الصباح نقتله. فاضطجع شمشون إلى نصف الليل ثم قام في نصف الليل واخذ مصراعي باب المدينة والقائمتين وقلعهما مع العارضة ووضعها على كتفيه وصعد بها إلى راس الجبل الذي مقابل حبرون.""
قضاة,16,10,"الآيات (1-3): ""ثم ذهب شمشون إلى غزة ورأى هناك امرأة زانية فدخل إليها. فقيل للغزيين قد أتى شمشون إلى هنا فأحاطوا به وكمنوا له الليل كله عند باب المدينة فهداوا الليل كله قائلين عند ضوء الصباح نقتله. فاضطجع شمشون إلى نصف الليل ثم قام في نصف الليل واخذ مصراعي باب المدينة والقائمتين وقلعهما مع العارضة ووضعها على كتفيه وصعد بها إلى راس الجبل الذي مقابل حبرون.""
قضاة,16,11,"الآيات (1-3): ""ثم ذهب شمشون إلى غزة ورأى هناك امرأة زانية فدخل إليها. فقيل للغزيين قد أتى شمشون إلى هنا فأحاطوا به وكمنوا له الليل كله عند باب المدينة فهداوا الليل كله قائلين عند ضوء الصباح نقتله. فاضطجع شمشون إلى نصف الليل ثم قام في نصف الليل واخذ مصراعي باب المدينة والقائمتين وقلعهما مع العارضة ووضعها على كتفيه وصعد بها إلى راس الجبل الذي مقابل حبرون.""
قضاة,16,12,"الآيات (1-3): ""ثم ذهب شمشون إلى غزة ورأى هناك امرأة زانية فدخل إليها. فقيل للغزيين قد أتى شمشون إلى هنا فأحاطوا به وكمنوا له الليل كله عند باب المدينة فهداوا الليل كله قائلين عند ضوء الصباح نقتله. فاضطجع شمشون إلى نصف الليل ثم قام في نصف الليل واخذ مصراعي باب المدينة والقائمتين وقلعهما مع العارضة ووضعها على كتفيه وصعد بها إلى راس الجبل الذي مقابل حبرون.""
قضاة,16,13,"الآيات (1-3): ""ثم ذهب شمشون إلى غزة ورأى هناك امرأة زانية فدخل إليها. فقيل للغزيين قد أتى شمشون إلى هنا فأحاطوا به وكمنوا له الليل كله عند باب المدينة فهداوا الليل كله قائلين عند ضوء الصباح نقتله. فاضطجع شمشون إلى نصف الليل ثم قام في نصف الليل واخذ مصراعي باب المدينة والقائمتين وقلعهما مع العارضة ووضعها على كتفيه وصعد بها إلى راس الجبل الذي مقابل حبرون.""
قضاة,16,14,"الآيات (1-3): ""ثم ذهب شمشون إلى غزة ورأى هناك امرأة زانية فدخل إليها. فقيل للغزيين قد أتى شمشون إلى هنا فأحاطوا به وكمنوا له الليل كله عند باب المدينة فهداوا الليل كله قائلين عند ضوء الصباح نقتله. فاضطجع شمشون إلى نصف الليل ثم قام في نصف الليل واخذ مصراعي باب المدينة والقائمتين وقلعهما مع العارضة ووضعها على كتفيه وصعد بها إلى راس الجبل الذي مقابل حبرون.""
قضاة,16,15,"الآيات (1-3): ""ثم ذهب شمشون إلى غزة ورأى هناك امرأة زانية فدخل إليها. فقيل للغزيين قد أتى شمشون إلى هنا فأحاطوا به وكمنوا له الليل كله عند باب المدينة فهداوا الليل كله قائلين عند ضوء الصباح نقتله. فاضطجع شمشون إلى نصف الليل ثم قام في نصف الليل واخذ مصراعي باب المدينة والقائمتين وقلعهما مع العارضة ووضعها على كتفيه وصعد بها إلى راس الجبل الذي مقابل حبرون.""
قضاة,16,16,"الآيات (1-3): ""ثم ذهب شمشون إلى غزة ورأى هناك امرأة زانية فدخل إليها. فقيل للغزيين قد أتى شمشون إلى هنا فأحاطوا به وكمنوا له الليل كله عند باب المدينة فهداوا الليل كله قائلين عند ضوء الصباح نقتله. فاضطجع شمشون إلى نصف الليل ثم قام في نصف الليل واخذ مصراعي باب المدينة والقائمتين وقلعهما مع العارضة ووضعها على كتفيه وصعد بها إلى راس الجبل الذي مقابل حبرون.""
قضاة,16,17,"الآيات (1-3): ""ثم ذهب شمشون إلى غزة ورأى هناك امرأة زانية فدخل إليها. فقيل للغزيين قد أتى شمشون إلى هنا فأحاطوا به وكمنوا له الليل كله عند باب المدينة فهداوا الليل كله قائلين عند ضوء الصباح نقتله. فاضطجع شمشون إلى نصف الليل ثم قام في نصف الليل واخذ مصراعي باب المدينة والقائمتين وقلعهما مع العارضة ووضعها على كتفيه وصعد بها إلى راس الجبل الذي مقابل حبرون.""
قضاة,16,18,"الآيات (1-3): ""ثم ذهب شمشون إلى غزة ورأى هناك امرأة زانية فدخل إليها. فقيل للغزيين قد أتى شمشون إلى هنا فأحاطوا به وكمنوا له الليل كله عند باب المدينة فهداوا الليل كله قائلين عند ضوء الصباح نقتله. فاضطجع شمشون إلى نصف الليل ثم قام في نصف الليل واخذ مصراعي باب المدينة والقائمتين وقلعهما مع العارضة ووضعها على كتفيه وصعد بها إلى راس الجبل الذي مقابل حبرون.""
قضاة,16,19,"الآيات (1-3): ""ثم ذهب شمشون إلى غزة ورأى هناك امرأة زانية فدخل إليها. فقيل للغزيين قد أتى شمشون إلى هنا فأحاطوا به وكمنوا له الليل كله عند باب المدينة فهداوا الليل كله قائلين عند ضوء الصباح نقتله. فاضطجع شمشون إلى نصف الليل ثم قام في نصف الليل واخذ مصراعي باب المدينة والقائمتين وقلعهما مع العارضة ووضعها على كتفيه وصعد بها إلى راس الجبل الذي مقابل حبرون.""
قضاة,16,20,"الآيات (1-3): ""ثم ذهب شمشون إلى غزة ورأى هناك امرأة زانية فدخل إليها. فقيل للغزيين قد أتى شمشون إلى هنا فأحاطوا به وكمنوا له الليل كله عند باب المدينة فهداوا الليل كله قائلين عند ضوء الصباح نقتله. فاضطجع شمشون إلى نصف الليل ثم قام في نصف الليل واخذ مصراعي باب المدينة والقائمتين وقلعهما مع العارضة ووضعها على كتفيه وصعد بها إلى راس الجبل الذي مقابل حبرون.""
قضاة,16,21,"الآيات (1-3): ""ثم ذهب شمشون إلى غزة ورأى هناك امرأة زانية فدخل إليها. فقيل للغزيين قد أتى شمشون إلى هنا فأحاطوا به وكمنوا له الليل كله عند باب المدينة فهداوا الليل كله قائلين عند ضوء الصباح نقتله. فاضطجع شمشون إلى نصف الليل ثم قام في نصف الليل واخذ مصراعي باب المدينة والقائمتين وقلعهما مع العارضة ووضعها على كتفيه وصعد بها إلى راس الجبل الذي مقابل حبرون.""
قضاة,16,22,"الآيات (1-3): ""ثم ذهب شمشون إلى غزة ورأى هناك امرأة زانية فدخل إليها. فقيل للغزيين قد أتى شمشون إلى هنا فأحاطوا به وكمنوا له الليل كله عند باب المدينة فهداوا الليل كله قائلين عند ضوء الصباح نقتله. فاضطجع شمشون إلى نصف الليل ثم قام في نصف الليل واخذ مصراعي باب المدينة والقائمتين وقلعهما مع العارضة ووضعها على كتفيه وصعد بها إلى راس الجبل الذي مقابل حبرون.""
قضاة,16,23,"الآيات (1-3): ""ثم ذهب شمشون إلى غزة ورأى هناك امرأة زانية فدخل إليها. فقيل للغزيين قد أتى شمشون إلى هنا فأحاطوا به وكمنوا له الليل كله عند باب المدينة فهداوا الليل كله قائلين عند ضوء الصباح نقتله. فاضطجع شمشون إلى نصف الليل ثم قام في نصف الليل واخذ مصراعي باب المدينة والقائمتين وقلعهما مع العارضة ووضعها على كتفيه وصعد بها إلى راس الجبل الذي مقابل حبرون.""
قضاة,16,24,"الآيات (1-3): ""ثم ذهب شمشون إلى غزة ورأى هناك امرأة زانية فدخل إليها. فقيل للغزيين قد أتى شمشون إلى هنا فأحاطوا به وكمنوا له الليل كله عند باب المدينة فهداوا الليل كله قائلين عند ضوء الصباح نقتله. فاضطجع شمشون إلى نصف الليل ثم قام في نصف الليل واخذ مصراعي باب المدينة والقائمتين وقلعهما مع العارضة ووضعها على كتفيه وصعد بها إلى راس الجبل الذي مقابل حبرون.""
قضاة,16,25,"الآيات (1-3): ""ثم ذهب شمشون إلى غزة ورأى هناك امرأة زانية فدخل إليها. فقيل للغزيين قد أتى شمشون إلى هنا فأحاطوا به وكمنوا له الليل كله عند باب المدينة فهداوا الليل كله قائلين عند ضوء الصباح نقتله. فاضطجع شمشون إلى نصف الليل ثم قام في نصف الليل واخذ مصراعي باب المدينة والقائمتين وقلعهما مع العارضة ووضعها على كتفيه وصعد بها إلى راس الجبل الذي مقابل حبرون.""
قضاة,16,26,"الآيات (1-3): ""ثم ذهب شمشون إلى غزة ورأى هناك امرأة زانية فدخل إليها. فقيل للغزيين قد أتى شمشون إلى هنا فأحاطوا به وكمنوا له الليل كله عند باب المدينة فهداوا الليل كله قائلين عند ضوء الصباح نقتله. فاضطجع شمشون إلى نصف الليل ثم قام في نصف الليل واخذ مصراعي باب المدينة والقائمتين وقلعهما مع العارضة ووضعها على كتفيه وصعد بها إلى راس الجبل الذي مقابل حبرون.""
قضاة,16,27,"الآيات (1-3): ""ثم ذهب شمشون إلى غزة ورأى هناك امرأة زانية فدخل إليها. فقيل للغزيين قد أتى شمشون إلى هنا فأحاطوا به وكمنوا له الليل كله عند باب المدينة فهداوا الليل كله قائلين عند ضوء الصباح نقتله. فاضطجع شمشون إلى نصف الليل ثم قام في نصف الليل واخذ مصراعي باب المدينة والقائمتين وقلعهما مع العارضة ووضعها على كتفيه وصعد بها إلى راس الجبل الذي مقابل حبرون.""
قضاة,16,28,"الآيات (1-3): ""ثم ذهب شمشون إلى غزة ورأى هناك امرأة زانية فدخل إليها. فقيل للغزيين قد أتى شمشون إلى هنا فأحاطوا به وكمنوا له الليل كله عند باب المدينة فهداوا الليل كله قائلين عند ضوء الصباح نقتله. فاضطجع شمشون إلى نصف الليل ثم قام في نصف الليل واخذ مصراعي باب المدينة والقائمتين وقلعهما مع العارضة ووضعها على كتفيه وصعد بها إلى راس الجبل الذي مقابل حبرون.""
قضاة,16,29,"الآيات (1-3): ""ثم ذهب شمشون إلى غزة ورأى هناك امرأة زانية فدخل إليها. فقيل للغزيين قد أتى شمشون إلى هنا فأحاطوا به وكمنوا له الليل كله عند باب المدينة فهداوا الليل كله قائلين عند ضوء الصباح نقتله. فاضطجع شمشون إلى نصف الليل ثم قام في نصف الليل واخذ مصراعي باب المدينة والقائمتين وقلعهما مع العارضة ووضعها على كتفيه وصعد بها إلى راس الجبل الذي مقابل حبرون.""
قضاة,16,30,"الآيات (1-3): ""ثم ذهب شمشون إلى غزة ورأى هناك امرأة زانية فدخل إليها. فقيل للغزيين قد أتى شمشون إلى هنا فأحاطوا به وكمنوا له الليل كله عند باب المدينة فهداوا الليل كله قائلين عند ضوء الصباح نقتله. فاضطجع شمشون إلى نصف الليل ثم قام في نصف الليل واخذ مصراعي باب المدينة والقائمتين وقلعهما مع العارضة ووضعها على كتفيه وصعد بها إلى راس الجبل الذي مقابل حبرون.""
قضاة,16,31,"الآيات (1-3): ""ثم ذهب شمشون إلى غزة ورأى هناك امرأة زانية فدخل إليها. فقيل للغزيين قد أتى شمشون إلى هنا فأحاطوا به وكمنوا له الليل كله عند باب المدينة فهداوا الليل كله قائلين عند ضوء الصباح نقتله. فاضطجع شمشون إلى نصف الليل ثم قام في نصف الليل واخذ مصراعي باب المدينة والقائمتين وقلعهما مع العارضة ووضعها على كتفيه وصعد بها إلى راس الجبل الذي مقابل حبرون.""
قضاة,16,32,"الآيات (1-3): ""ثم ذهب شمشون إلى غزة ورأى هناك امرأة زانية فدخل إليها. فقيل للغزيين قد أتى شمشون إلى هنا فأحاطوا به وكمنوا له الليل كله عند باب المدينة فهداوا الليل كله قائلين عند ضوء الصباح نقتله. فاضطجع شمشون إلى نصف الليل ثم قام في نصف الليل واخذ مصراعي باب المدينة والقائمتين وقلعهما مع العارضة ووضعها على كتفيه وصعد بها إلى راس الجبل الذي مقابل حبرون.""
قضاة,16,33,"الآيات (1-3): ""ثم ذهب شمشون إلى غزة ورأى هناك امرأة زانية فدخل إليها. فقيل للغزيين قد أتى شمشون إلى هنا فأحاطوا به وكمنوا له الليل كله عند باب المدينة فهداوا الليل كله قائلين عند ضوء الصباح نقتله. فاضطجع شمشون إلى نصف الليل ثم قام في نصف الليل واخذ مصراعي باب المدينة والقائمتين وقلعهما مع العارضة ووضعها على كتفيه وصعد بها إلى راس الجبل الذي مقابل حبرون.""
قضاة,16,34,"الآيات (1-3): ""ثم ذهب شمشون إلى غزة ورأى هناك امرأة زانية فدخل إليها. فقيل للغزيين قد أتى شمشون إلى هنا فأحاطوا به وكمنوا له الليل كله عند باب المدينة فهداوا الليل كله قائلين عند ضوء الصباح نقتله. فاضطجع شمشون إلى نصف الليل ثم قام في نصف الليل واخذ مصراعي باب المدينة والقائمتين وقلعهما مع العارضة ووضعها على كتفيه وصعد بها إلى راس الجبل الذي مقابل حبرون.""
قضاة,16,35,"الآيات (1-3): ""ثم ذهب شمشون إلى غزة ورأى هناك امرأة زانية فدخل إليها. فقيل للغزيين قد أتى شمشون إلى هنا فأحاطوا به وكمنوا له الليل كله عند باب المدينة فهداوا الليل كله قائلين عند ضوء الصباح نقتله. فاضطجع شمشون إلى نصف الليل ثم قام في نصف الليل واخذ مصراعي باب المدينة والقائمتين وقلعهما مع العارضة ووضعها على كتفيه وصعد بها إلى راس الجبل الذي مقابل حبرون.""
قضاة,16,36,"الآيات (1-3): ""ثم ذهب شمشون إلى غزة ورأى هناك امرأة زانية فدخل إليها. فقيل للغزيين قد أتى شمشون إلى هنا فأحاطوا به وكمنوا له الليل كله عند باب المدينة فهداوا الليل كله قائلين عند ضوء الصباح نقتله. فاضطجع شمشون إلى نصف الليل ثم قام في نصف الليل واخذ مصراعي باب المدينة والقائمتين وقلعهما مع العارضة ووضعها على كتفيه وصعد بها إلى راس الجبل الذي مقابل حبرون.""
قضاة,16,37,"الآيات (1-3): ""ثم ذهب شمشون إلى غزة ورأى هناك امرأة زانية فدخل إليها. فقيل للغزيين قد أتى شمشون إلى هنا فأحاطوا به وكمنوا له الليل كله عند باب المدينة فهداوا الليل كله قائلين عند ضوء الصباح نقتله. فاضطجع شمشون إلى نصف الليل ثم قام في نصف الليل واخذ مصراعي باب المدينة والقائمتين وقلعهما مع العارضة ووضعها على كتفيه وصعد بها إلى راس الجبل الذي مقابل حبرون.""
قضاة,16,38,"الآيات (1-3): ""ثم ذهب شمشون إلى غزة ورأى هناك امرأة زانية فدخل إليها. فقيل للغزيين قد أتى شمشون إلى هنا فأحاطوا به وكمنوا له الليل كله عند باب المدينة فهداوا الليل كله قائلين عند ضوء الصباح نقتله. فاضطجع شمشون إلى نصف الليل ثم قام في نصف الليل واخذ مصراعي باب المدينة والقائمتين وقلعهما مع العارضة ووضعها على كتفيه وصعد بها إلى راس الجبل الذي مقابل حبرون.""
قضاة,16,39,"الآيات (1-3): ""ثم ذهب شمشون إلى غزة ورأى هناك امرأة زانية فدخل إليها. فقيل للغزيين قد أتى شمشون إلى هنا فأحاطوا به وكمنوا له الليل كله عند باب المدينة فهداوا الليل كله قائلين عند ضوء الصباح نقتله. فاضطجع شمشون إلى نصف الليل ثم قام في نصف الليل واخذ مصراعي باب المدينة والقائمتين وقلعهما مع العارضة ووضعها على كتفيه وصعد بها إلى راس الجبل الذي مقابل حبرون.""
قضاة,16,40,"الآيات (1-3): ""ثم ذهب شمشون إلى غزة ورأى هناك امرأة زانية فدخل إليها. فقيل للغزيين قد أتى شمشون إلى هنا فأحاطوا به وكمنوا له الليل كله عند باب المدينة فهداوا الليل كله قائلين عند ضوء الصباح نقتله. فاضطجع شمشون إلى نصف الليل ثم قام في نصف الليل واخذ مصراعي باب المدينة والقائمتين وقلعهما مع العارضة ووضعها على كتفيه وصعد بها إلى راس الجبل الذي مقابل حبرون.""
قضاة,16,41,"الآيات (1-3): ""ثم ذهب شمشون إلى غزة ورأى هناك امرأة زانية فدخل إليها. فقيل للغزيين قد أتى شمشون إلى هنا فأحاطوا به وكمنوا له الليل كله عند باب المدينة فهداوا الليل كله قائلين عند ضوء الصباح نقتله. فاضطجع شمشون إلى نصف الليل ثم قام في نصف الليل واخذ مصراعي باب المدينة والقائمتين وقلعهما مع العارضة ووضعها على كتفيه وصعد بها إلى راس الجبل الذي مقابل حبرون.""
قضاة,16,42,"الآيات (1-3): ""ثم ذهب شمشون إلى غزة ورأى هناك امرأة زانية فدخل إليها. فقيل للغزيين قد أتى شمشون إلى هنا فأحاطوا به وكمنوا له الليل كله عند باب المدينة فهداوا الليل كله قائلين عند ضوء الصباح نقتله. فاضطجع شمشون إلى نصف الليل ثم قام في نصف الليل واخذ مصراعي باب المدينة والقائمتين وقلعهما مع العارضة ووضعها على كتفيه وصعد بها إلى راس الجبل الذي مقابل حبرون.""
قضاة,16,43,"الآيات (1-3): ""ثم ذهب شمشون إلى غزة ورأى هناك امرأة زانية فدخل إليها. فقيل للغزيين قد أتى شمشون إلى هنا فأحاطوا به وكمنوا له الليل كله عند باب المدينة فهداوا الليل كله قائلين عند ضوء الصباح نقتله. فاضطجع شمشون إلى نصف الليل ثم قام في نصف الليل واخذ مصراعي باب المدينة والقائمتين وقلعهما مع العارضة ووضعها على كتفيه وصعد بها إلى راس الجبل الذي مقابل حبرون.""
قضاة,16,44,"الآيات (1-3): ""ثم ذهب شمشون إلى غزة ورأى هناك امرأة زانية فدخل إليها. فقيل للغزيين قد أتى شمشون إلى هنا فأحاطوا به وكمنوا له الليل كله عند باب المدينة فهداوا الليل كله قائلين عند ضوء الصباح نقتله. فاضطجع شمشون إلى نصف الليل ثم قام في نصف الليل واخذ مصراعي باب المدينة والقائمتين وقلعهما مع العارضة ووضعها على كتفيه وصعد بها إلى راس الجبل الذي مقابل حبرون.""
قضاة,16,45,"الآيات (1-3): ""ثم ذهب شمشون إلى غزة ورأى هناك امرأة زانية فدخل إليها. فقيل للغزيين قد أتى شمشون إلى هنا فأحاطوا به وكمنوا له الليل كله عند باب المدينة فهداوا الليل كله قائلين عند ضوء الصباح نقتله. فاضطجع شمشون إلى نصف الليل ثم قام في نصف الليل واخذ مصراعي باب المدينة والقائمتين وقلعهما مع العارضة ووضعها على كتفيه وصعد بها إلى راس الجبل الذي مقابل حبرون.""
قضاة,16,46,"الآيات (1-3): ""ثم ذهب شمشون إلى غزة ورأى هناك امرأة زانية فدخل إليها. فقيل للغزيين قد أتى شمشون إلى هنا فأحاطوا به وكمنوا له الليل كله عند باب المدينة فهداوا الليل كله قائلين عند ضوء الصباح نقتله. فاضطجع شمشون إلى نصف الليل ثم قام في نصف الليل واخذ مصراعي باب المدينة والقائمتين وقلعهما مع العارضة ووضعها على كتفيه وصعد بها إلى راس الجبل الذي مقابل حبرون.""
قضاة,16,47,"الآيات (1-3): ""ثم ذهب شمشون إلى غزة ورأى هناك امرأة زانية فدخل إليها. فقيل للغزيين قد أتى شمشون إلى هنا فأحاطوا به وكمنوا له الليل كله عند باب المدينة فهداوا الليل كله قائلين عند ضوء الصباح نقتله. فاضطجع شمشون إلى نصف الليل ثم قام في نصف الليل واخذ مصراعي باب المدينة والقائمتين وقلعهما مع العارضة ووضعها على كتفيه وصعد بها إلى راس الجبل الذي مقابل حبرون.""
قضاة,16,48,"الآيات (1-3): ""ثم ذهب شمشون إلى غزة ورأى هناك امرأة زانية فدخل إليها. فقيل للغزيين قد أتى شمشون إلى هنا فأحاطوا به وكمنوا له الليل كله عند باب المدينة فهداوا الليل كله قائلين عند ضوء الصباح نقتله. فاضطجع شمشون إلى نصف الليل ثم قام في نصف الليل واخذ مصراعي باب المدينة والقائمتين وقلعهما مع العارضة ووضعها على كتفيه وصعد بها إلى راس الجبل الذي مقابل حبرون.""
قضاة,16,49,"الآيات (1-3): ""ثم ذهب شمشون إلى غزة ورأى هناك امرأة زانية فدخل إليها. فقيل للغزيين قد أتى شمشون إلى هنا فأحاطوا به وكمنوا له الليل كله عند باب المدينة فهداوا الليل كله قائلين عند ضوء الصباح نقتله. فاضطجع شمشون إلى نصف الليل ثم قام في نصف الليل واخذ مصراعي باب المدينة والقائمتين وقلعهما مع العارضة ووضعها على كتفيه وصعد بها إلى راس الجبل الذي مقابل حبرون.""
قضاة,16,50,"الآيات (1-3): ""ثم ذهب شمشون إلى غزة ورأى هناك امرأة زانية فدخل إليها. فقيل للغزيين قد أتى شمشون إلى هنا فأحاطوا به وكمنوا له الليل كله عند باب المدينة فهداوا الليل كله قائلين عند ضوء الصباح نقتله. فاضطجع شمشون إلى نصف الليل ثم قام في نصف الليل واخذ مصراعي باب المدينة والقائمتين وقلعهما مع العارضة ووضعها على كتفيه وصعد بها إلى راس الجبل الذي مقابل حبرون.""
قضاة,16,51,"الآيات (1-3): ""ثم ذهب شمشون إلى غزة ورأى هناك امرأة زانية فدخل إليها. فقيل للغزيين قد أتى شمشون إلى هنا فأحاطوا به وكمنوا له الليل كله عند باب المدينة فهداوا الليل كله قائلين عند ضوء الصباح نقتله. فاضطجع شمشون إلى نصف الليل ثم قام في نصف الليل واخذ مصراعي باب المدينة والقائمتين وقلعهما مع العارضة ووضعها على كتفيه وصعد بها إلى راس الجبل الذي مقابل حبرون.""
قضاة,16,52,"الآيات (1-3): ""ثم ذهب شمشون إلى غزة ورأى هناك امرأة زانية فدخل إليها. فقيل للغزيين قد أتى شمشون إلى هنا فأحاطوا به وكمنوا له الليل كله عند باب المدينة فهداوا الليل كله قائلين عند ضوء الصباح نقتله. فاضطجع شمشون إلى نصف الليل ثم قام في نصف الليل واخذ مصراعي باب المدينة والقائمتين وقلعهما مع العارضة ووضعها على كتفيه وصعد بها إلى راس الجبل الذي مقابل حبرون.""
قضاة,16,53,"الآيات (1-3): ""ثم ذهب شمشون إلى غزة ورأى هناك امرأة زانية فدخل إليها. فقيل للغزيين قد أتى شمشون إلى هنا فأحاطوا به وكمنوا له الليل كله عند باب المدينة فهداوا الليل كله قائلين عند ضوء الصباح نقتله. فاضطجع شمشون إلى نصف الليل ثم قام في نصف الليل واخذ مصراعي باب المدينة والقائمتين وقلعهما مع العارضة ووضعها على كتفيه وصعد بها إلى راس الجبل الذي مقابل حبرون.""
قضاة,16,54,"الآيات (1-3): ""ثم ذهب شمشون إلى غزة ورأى هناك امرأة زانية فدخل إليها. فقيل للغزيين قد أتى شمشون إلى هنا فأحاطوا به وكمنوا له الليل كله عند باب المدينة فهداوا الليل كله قائلين عند ضوء الصباح نقتله. فاضطجع شمشون إلى نصف الليل ثم قام في نصف الليل واخذ مصراعي باب المدينة والقائمتين وقلعهما مع العارضة ووضعها على كتفيه وصعد بها إلى راس الجبل الذي مقابل حبرون.""
قضاة,16,55,"الآيات (1-3): ""ثم ذهب شمشون إلى غزة ورأى هناك امرأة زانية فدخل إليها. فقيل للغزيين قد أتى شمشون إلى هنا فأحاطوا به وكمنوا له الليل كله عند باب المدينة فهداوا الليل كله قائلين عند ضوء الصباح نقتله. فاضطجع شمشون إلى نصف الليل ثم قام في نصف الليل واخذ مصراعي باب المدينة والقائمتين وقلعهما مع العارضة ووضعها على كتفيه وصعد بها إلى راس الجبل الذي مقابل حبرون.""
قضاة,16,56,"الآيات (1-3): ""ثم ذهب شمشون إلى غزة ورأى هناك امرأة زانية فدخل إليها. فقيل للغزيين قد أتى شمشون إلى هنا فأحاطوا به وكمنوا له الليل كله عند باب المدينة فهداوا الليل كله قائلين عند ضوء الصباح نقتله. فاضطجع شمشون إلى نصف الليل ثم قام في نصف الليل واخذ مصراعي باب المدينة والقائمتين وقلعهما مع العارضة ووضعها على كتفيه وصعد بها إلى راس الجبل الذي مقابل حبرون.""
قضاة,16,57,"الآيات (1-3): ""ثم ذهب شمشون إلى غزة ورأى هناك امرأة زانية فدخل إليها. فقيل للغزيين قد أتى شمشون إلى هنا فأحاطوا به وكمنوا له الليل كله عند باب المدينة فهداوا الليل كله قائلين عند ضوء الصباح نقتله. فاضطجع شمشون إلى نصف الليل ثم قام في نصف الليل واخذ مصراعي باب المدينة والقائمتين وقلعهما مع العارضة ووضعها على كتفيه وصعد بها إلى راس الجبل الذي مقابل حبرون.""
قضاة,16,58,"الآيات (1-3): ""ثم ذهب شمشون إلى غزة ورأى هناك امرأة زانية فدخل إليها. فقيل للغزيين قد أتى شمشون إلى هنا فأحاطوا به وكمنوا له الليل كله عند باب المدينة فهداوا الليل كله قائلين عند ضوء الصباح نقتله. فاضطجع شمشون إلى نصف الليل ثم قام في نصف الليل واخذ مصراعي باب المدينة والقائمتين وقلعهما مع العارضة ووضعها على كتفيه وصعد بها إلى راس الجبل الذي مقابل حبرون.""
قضاة,16,59,"الآيات (1-3): ""ثم ذهب شمشون إلى غزة ورأى هناك امرأة زانية فدخل إليها. فقيل للغزيين قد أتى شمشون إلى هنا فأحاطوا به وكمنوا له الليل كله عند باب المدينة فهداوا الليل كله قائلين عند ضوء الصباح نقتله. فاضطجع شمشون إلى نصف الليل ثم قام في نصف الليل واخذ مصراعي باب المدينة والقائمتين وقلعهما مع العارضة ووضعها على كتفيه وصعد بها إلى راس الجبل الذي مقابل حبرون.""
قضاة,16,60,"الآيات (1-3): ""ثم ذهب شمشون إلى غزة ورأى هناك امرأة زانية فدخل إليها. فقيل للغزيين قد أتى شمشون إلى هنا فأحاطوا به وكمنوا له الليل كله عند باب المدينة فهداوا الليل كله قائلين عند ضوء الصباح نقتله. فاضطجع شمشون إلى نصف الليل ثم قام في نصف الليل واخذ مصراعي باب المدينة والقائمتين وقلعهما مع العارضة ووضعها على كتفيه وصعد بها إلى راس الجبل الذي مقابل حبرون.""
قضاة,16,61,"الآيات (1-3): ""ثم ذهب شمشون إلى غزة ورأى هناك امرأة زانية فدخل إليها. فقيل للغزيين قد أتى شمشون إلى هنا فأحاطوا به وكمنوا له الليل كله عند باب المدينة فهداوا الليل كله قائلين عند ضوء الصباح نقتله. فاضطجع شمشون إلى نصف الليل ثم قام في نصف الليل واخذ مصراعي باب المدينة والقائمتين وقلعهما مع العارضة ووضعها على كتفيه وصعد بها إلى راس الجبل الذي مقابل حبرون.""
قضاة,16,62,"الآيات (1-3): ""ثم ذهب شمشون إلى غزة ورأى هناك امرأة زانية فدخل إليها. فقيل للغزيين قد أتى شمشون إلى هنا فأحاطوا به وكمنوا له الليل كله عند باب المدينة فهداوا الليل كله قائلين عند ضوء الصباح نقتله. فاضطجع شمشون إلى نصف الليل ثم قام في نصف الليل واخذ مصراعي باب المدينة والقائمتين وقلعهما مع العارضة ووضعها على كتفيه وصعد بها إلى راس الجبل الذي مقابل حبرون.""
قضاة,16,63,"الآيات (1-3): ""ثم ذهب شمشون إلى غزة ورأى هناك امرأة زانية فدخل إليها. فقيل للغزيين قد أتى شمشون إلى هنا فأحاطوا به وكمنوا له الليل كله عند باب المدينة فهداوا الليل كله قائلين عند ضوء الصباح نقتله. فاضطجع شمشون إلى نصف الليل ثم قام في نصف الليل واخذ مصراعي باب المدينة والقائمتين وقلعهما مع العارضة ووضعها على كتفيه وصعد بها إلى راس الجبل الذي مقابل حبرون.""
قضاة,16,64,"الآيات (1-3): ""ثم ذهب شمشون إلى غزة ورأى هناك امرأة زانية فدخل إليها. فقيل للغزيين قد أتى شمشون إلى هنا فأحاطوا به وكمنوا له الليل كله عند باب المدينة فهداوا الليل كله قائلين عند ضوء الصباح نقتله. فاضطجع شمشون إلى نصف الليل ثم قام في نصف الليل واخذ مصراعي باب المدينة والقائمتين وقلعهما مع العارضة ووضعها على كتفيه وصعد بها إلى راس الجبل الذي مقابل حبرون.""
قضاة,16,65,"الآيات (1-3): ""ثم ذهب شمشون إلى غزة ورأى هناك امرأة زانية فدخل إليها. فقيل للغزيين قد أتى شمشون إلى هنا فأحاطوا به وكمنوا له الليل كله عند باب المدينة فهداوا الليل كله قائلين عند ضوء الصباح نقتله. فاضطجع شمشون إلى نصف الليل ثم قام في نصف الليل واخذ مصراعي باب المدينة والقائمتين وقلعهما مع العارضة ووضعها على كتفيه وصعد بها إلى راس الجبل الذي مقابل حبرون.""
قضاة,16,66,"الآيات (1-3): ""ثم ذهب شمشون إلى غزة ورأى هناك امرأة زانية فدخل إليها. فقيل للغزيين قد أتى شمشون إلى هنا فأحاطوا به وكمنوا له الليل كله عند باب المدينة فهداوا الليل كله قائلين عند ضوء الصباح نقتله. فاضطجع شمشون إلى نصف الليل ثم قام في نصف الليل واخذ مصراعي باب المدينة والقائمتين وقلعهما مع العارضة ووضعها على كتفيه وصعد بها إلى راس الجبل الذي مقابل حبرون.""
قضاة,16,67,"الآيات (1-3): ""ثم ذهب شمشون إلى غزة ورأى هناك امرأة زانية فدخل إليها. فقيل للغزيين قد أتى شمشون إلى هنا فأحاطوا به وكمنوا له الليل كله عند باب المدينة فهداوا الليل كله قائلين عند ضوء الصباح نقتله. فاضطجع شمشون إلى نصف الليل ثم قام في نصف الليل واخذ مصراعي باب المدينة والقائمتين وقلعهما مع العارضة ووضعها على كتفيه وصعد بها إلى راس الجبل الذي مقابل حبرون.""
قضاة,16,68,"الآيات (1-3): ""ثم ذهب شمشون إلى غزة ورأى هناك امرأة زانية فدخل إليها. فقيل للغزيين قد أتى شمشون إلى هنا فأحاطوا به وكمنوا له الليل كله عند باب المدينة فهداوا الليل كله قائلين عند ضوء الصباح نقتله. فاضطجع شمشون إلى نصف الليل ثم قام في نصف الليل واخذ مصراعي باب المدينة والقائمتين وقلعهما مع العارضة ووضعها على كتفيه وصعد بها إلى راس الجبل الذي مقابل حبرون.""
قضاة,16,69,"الآيات (1-3): ""ثم ذهب شمشون إلى غزة ورأى هناك امرأة زانية فدخل إليها. فقيل للغزيين قد أتى شمشون إلى هنا فأحاطوا به وكمنوا له الليل كله عند باب المدينة فهداوا الليل كله قائلين عند ضوء الصباح نقتله. فاضطجع شمشون إلى نصف الليل ثم قام في نصف الليل واخذ مصراعي باب المدينة والقائمتين وقلعهما مع العارضة ووضعها على كتفيه وصعد بها إلى راس الجبل الذي مقابل حبرون.""
قضاة,16,70,"الآيات (1-3): ""ثم ذهب شمشون إلى غزة ورأى هناك امرأة زانية فدخل إليها. فقيل للغزيين قد أتى شمشون إلى هنا فأحاطوا به وكمنوا له الليل كله عند باب المدينة فهداوا الليل كله قائلين عند ضوء الصباح نقتله. فاضطجع شمشون إلى نصف الليل ثم قام في نصف الليل واخذ مصراعي باب المدينة والقائمتين وقلعهما مع العارضة ووضعها على كتفيه وصعد بها إلى راس الجبل الذي مقابل حبرون.""
قضاة,16,71,"الآيات (1-3): ""ثم ذهب شمشون إلى غزة ورأى هناك امرأة زانية فدخل إليها. فقيل للغزيين قد أتى شمشون إلى هنا فأحاطوا به وكمنوا له الليل كله عند باب المدينة فهداوا الليل كله قائلين عند ضوء الصباح نقتله. فاضطجع شمشون إلى نصف الليل ثم قام في نصف الليل واخذ مصراعي باب المدينة والقائمتين وقلعهما مع العارضة ووضعها على كتفيه وصعد بها إلى راس الجبل الذي مقابل حبرون.""
قضاة,16,72,"الآيات (1-3): ""ثم ذهب شمشون إلى غزة ورأى هناك امرأة زانية فدخل إليها. فقيل للغزيين قد أتى شمشون إلى هنا فأحاطوا به وكمنوا له الليل كله عند باب المدينة فهداوا الليل كله قائلين عند ضوء الصباح نقتله. فاضطجع شمشون إلى نصف الليل ثم قام في نصف الليل واخذ مصراعي باب المدينة والقائمتين وقلعهما مع العارضة ووضعها على كتفيه وصعد بها إلى راس الجبل الذي مقابل حبرون.""
قضاة,16,73,"الآيات (1-3): ""ثم ذهب شمشون إلى غزة ورأى هناك امرأة زانية فدخل إليها. فقيل للغزيين قد أتى شمشون إلى هنا فأحاطوا به وكمنوا له الليل كله عند باب المدينة فهداوا الليل كله قائلين عند ضوء الصباح نقتله. فاضطجع شمشون إلى نصف الليل ثم قام في نصف الليل واخذ مصراعي باب المدينة والقائمتين وقلعهما مع العارضة ووضعها على كتفيه وصعد بها إلى راس الجبل الذي مقابل حبرون.""
قضاة,16,74,"الآيات (1-3): ""ثم ذهب شمشون إلى غزة ورأى هناك امرأة زانية فدخل إليها. فقيل للغزيين قد أتى شمشون إلى هنا فأحاطوا به وكمنوا له الليل كله عند باب المدينة فهداوا الليل كله قائلين عند ضوء الصباح نقتله. فاضطجع شمشون إلى نصف الليل ثم قام في نصف الليل واخذ مصراعي باب المدينة والقائمتين وقلعهما مع العارضة ووضعها على كتفيه وصعد بها إلى راس الجبل الذي مقابل حبرون.""
قضاة,16,75,"الآيات (1-3): ""ثم ذهب شمشون إلى غزة ورأى هناك امرأة زانية فدخل إليها. فقيل للغزيين قد أتى شمشون إلى هنا فأحاطوا به وكمنوا له الليل كله عند باب المدينة فهداوا الليل كله قائلين عند ضوء الصباح نقتله. فاضطجع شمشون إلى نصف الليل ثم قام في نصف الليل واخذ مصراعي باب المدينة والقائمتين وقلعهما مع العارضة ووضعها على كتفيه وصعد بها إلى راس الجبل الذي مقابل حبرون.""
قضاة,16,76,"الآيات (1-3): ""ثم ذهب شمشون إلى غزة ورأى هناك امرأة زانية فدخل إليها. فقيل للغزيين قد أتى شمشون إلى هنا فأحاطوا به وكمنوا له الليل كله عند باب المدينة فهداوا الليل كله قائلين عند ضوء الصباح نقتله. فاضطجع شمشون إلى نصف الليل ثم قام في نصف الليل واخذ مصراعي باب المدينة والقائمتين وقلعهما مع العارضة ووضعها على كتفيه وصعد بها إلى راس الجبل الذي مقابل حبرون.""
قضاة,16,77,"الآيات (1-3): ""ثم ذهب شمشون إلى غزة ورأى هناك امرأة زانية فدخل إليها. فقيل للغزيين قد أتى شمشون إلى هنا فأحاطوا به وكمنوا له الليل كله عند باب المدينة فهداوا الليل كله قائلين عند ضوء الصباح نقتله. فاضطجع شمشون إلى نصف الليل ثم قام في نصف الليل واخذ مصراعي باب المدينة والقائمتين وقلعهما مع العارضة ووضعها على كتفيه وصعد بها إلى راس الجبل الذي مقابل حبرون.""
قضاة,16,78,"الآيات (1-3): ""ثم ذهب شمشون إلى غزة ورأى هناك امرأة زانية فدخل إليها. فقيل للغزيين قد أتى شمشون إلى هنا فأحاطوا به وكمنوا له الليل كله عند باب المدينة فهداوا الليل كله قائلين عند ضوء الصباح نقتله. فاضطجع شمشون إلى نصف الليل ثم قام في نصف الليل واخذ مصراعي باب المدينة والقائمتين وقلعهما مع العارضة ووضعها على كتفيه وصعد بها إلى راس الجبل الذي مقابل حبرون.""
قضاة,16,79,"الآيات (1-3): ""ثم ذهب شمشون إلى غزة ورأى هناك امرأة زانية فدخل إليها. فقيل للغزيين قد أتى شمشون إلى هنا فأحاطوا به وكمنوا له الليل كله عند باب المدينة فهداوا الليل كله قائلين عند ضوء الصباح نقتله. فاضطجع شمشون إلى نصف الليل ثم قام في نصف الليل واخذ مصراعي باب المدينة والقائمتين وقلعهما مع العارضة ووضعها على كتفيه وصعد بها إلى راس الجبل الذي مقابل حبرون.""
قضاة,16,80,"الآيات (1-3): ""ثم ذهب شمشون إلى غزة ورأى هناك امرأة زانية فدخل إليها. فقيل للغزيين قد أتى شمشون إلى هنا فأحاطوا به وكمنوا له الليل كله عند باب المدينة فهداوا الليل كله قائلين عند ضوء الصباح نقتله. فاضطجع شمشون إلى نصف الليل ثم قام في نصف الليل واخذ مصراعي باب المدينة والقائمتين وقلعهما مع العارضة ووضعها على كتفيه وصعد بها إلى راس الجبل الذي مقابل حبرون.""
قضاة,16,81,"الآيات (1-3): ""ثم ذهب شمشون إلى غزة ورأى هناك امرأة زانية فدخل إليها. فقيل للغزيين قد أتى شمشون إلى هنا فأحاطوا به وكمنوا له الليل كله عند باب المدينة فهداوا الليل كله قائلين عند ضوء الصباح نقتله. فاضطجع شمشون إلى نصف الليل ثم قام في نصف الليل واخذ مصراعي باب المدينة والقائمتين وقلعهما مع العارضة ووضعها على كتفيه وصعد بها إلى راس الجبل الذي مقابل حبرون.""
قضاة,16,82,"الآيات (1-3): ""ثم ذهب شمشون إلى غزة ورأى هناك امرأة زانية فدخل إليها. فقيل للغزيين قد أتى شمشون إلى هنا فأحاطوا به وكمنوا له الليل كله عند باب المدينة فهداوا الليل كله قائلين عند ضوء الصباح نقتله. فاضطجع شمشون إلى نصف الليل ثم قام في نصف الليل واخذ مصراعي باب المدينة والقائمتين وقلعهما مع العارضة ووضعها على كتفيه وصعد بها إلى راس الجبل الذي مقابل حبرون.""
قضاة,16,83,"الآيات (1-3): ""ثم ذهب شمشون إلى غزة ورأى هناك امرأة زانية فدخل إليها. فقيل للغزيين قد أتى شمشون إلى هنا فأحاطوا به وكمنوا له الليل كله عند باب المدينة فهداوا الليل كله قائلين عند ضوء الصباح نقتله. فاضطجع شمشون إلى نصف الليل ثم قام في نصف الليل واخذ مصراعي باب المدينة والقائمتين وقلعهما مع العارضة ووضعها على كتفيه وصعد بها إلى راس الجبل الذي مقابل حبرون.""
قضاة,16,84,"الآيات (1-3): ""ثم ذهب شمشون إلى غزة ورأى هناك امرأة زانية فدخل إليها. فقيل للغزيين قد أتى شمشون إلى هنا فأحاطوا به وكمنوا له الليل كله عند باب المدينة فهداوا الليل كله قائلين عند ضوء الصباح نقتله. فاضطجع شمشون إلى نصف الليل ثم قام في نصف الليل واخذ مصراعي باب المدينة والقائمتين وقلعهما مع العارضة ووضعها على كتفيه وصعد بها إلى راس الجبل الذي مقابل حبرون.""
قضاة,16,85,"الآيات (1-3): ""ثم ذهب شمشون إلى غزة ورأى هناك امرأة زانية فدخل إليها. فقيل للغزيين قد أتى شمشون إلى هنا فأحاطوا به وكمنوا له الليل كله عند باب المدينة فهداوا الليل كله قائلين عند ضوء الصباح نقتله. فاضطجع شمشون إلى نصف الليل ثم قام في نصف الليل واخذ مصراعي باب المدينة والقائمتين وقلعهما مع العارضة ووضعها على كتفيه وصعد بها إلى راس الجبل الذي مقابل حبرون.""
قضاة,16,86,"الآيات (1-3): ""ثم ذهب شمشون إلى غزة ورأى هناك امرأة زانية فدخل إليها. فقيل للغزيين قد أتى شمشون إلى هنا فأحاطوا به وكمنوا له الليل كله عند باب المدينة فهداوا الليل كله قائلين عند ضوء الصباح نقتله. فاضطجع شمشون إلى نصف الليل ثم قام في نصف الليل واخذ مصراعي باب المدينة والقائمتين وقلعهما مع العارضة ووضعها على كتفيه وصعد بها إلى راس الجبل الذي مقابل حبرون.""
قضاة,16,87,"الآيات (1-3): ""ثم ذهب شمشون إلى غزة ورأى هناك امرأة زانية فدخل إليها. فقيل للغزيين قد أتى شمشون إلى هنا فأحاطوا به وكمنوا له الليل كله عند باب المدينة فهداوا الليل كله قائلين عند ضوء الصباح نقتله. فاضطجع شمشون إلى نصف الليل ثم قام في نصف الليل واخذ مصراعي باب المدينة والقائمتين وقلعهما مع العارضة ووضعها على كتفيه وصعد بها إلى راس الجبل الذي مقابل حبرون.""
قضاة,16,88,"الآيات (1-3): ""ثم ذهب شمشون إلى غزة ورأى هناك امرأة زانية فدخل إليها. فقيل للغزيين قد أتى شمشون إلى هنا فأحاطوا به وكمنوا له الليل كله عند باب المدينة فهداوا الليل كله قائلين عند ضوء الصباح نقتله. فاضطجع شمشون إلى نصف الليل ثم قام في نصف الليل واخذ مصراعي باب المدينة والقائمتين وقلعهما مع العارضة ووضعها على كتفيه وصعد بها إلى راس الجبل الذي مقابل حبرون.""
قضاة,16,89,"الآيات (1-3): ""ثم ذهب شمشون إلى غزة ورأى هناك امرأة زانية فدخل إليها. فقيل للغزيين قد أتى شمشون إلى هنا فأحاطوا به وكمنوا له الليل كله عند باب المدينة فهداوا الليل كله قائلين عند ضوء الصباح نقتله. فاضطجع شمشون إلى نصف الليل ثم قام في نصف الليل واخذ مصراعي باب المدينة والقائمتين وقلعهما مع العارضة ووضعها على كتفيه وصعد بها إلى راس الجبل الذي مقابل حبرون.""
قضاة,16,90,"الآيات (1-3): ""ثم ذهب شمشون إلى غزة ورأى هناك امرأة زانية فدخل إليها. فقيل للغزيين قد أتى شمشون إلى هنا فأحاطوا به وكمنوا له الليل كله عند باب المدينة فهداوا الليل كله قائلين عند ضوء الصباح نقتله. فاضطجع شمشون إلى نصف الليل ثم قام في نصف الليل واخذ مصراعي باب المدينة والقائمتين وقلعهما مع العارضة ووضعها على كتفيه وصعد بها إلى راس الجبل الذي مقابل حبرون.""
قضاة,16,91,"الآيات (1-3): ""ثم ذهب شمشون إلى غزة ورأى هناك امرأة زانية فدخل إليها. فقيل للغزيين قد أتى شمشون إلى هنا فأحاطوا به وكمنوا له الليل كله عند باب المدينة فهداوا الليل كله قائلين عند ضوء الصباح نقتله. فاضطجع شمشون إلى نصف الليل ثم قام في نصف الليل واخذ مصراعي باب المدينة والقائمتين وقلعهما مع العارضة ووضعها على كتفيه وصعد بها إلى راس الجبل الذي مقابل حبرون.""
قضاة,16,92,"الآيات (1-3): ""ثم ذهب شمشون إلى غزة ورأى هناك امرأة زانية فدخل إليها. فقيل للغزيين قد أتى شمشون إلى هنا فأحاطوا به وكمنوا له الليل كله عند باب المدينة فهداوا الليل كله قائلين عند ضوء الصباح نقتله. فاضطجع شمشون إلى نصف الليل ثم قام في نصف الليل واخذ مصراعي باب المدينة والقائمتين وقلعهما مع العارضة ووضعها على كتفيه وصعد بها إلى راس الجبل الذي مقابل حبرون.""
قضاة,16,93,"الآيات (1-3): ""ثم ذهب شمشون إلى غزة ورأى هناك امرأة زانية فدخل إليها. فقيل للغزيين قد أتى شمشون إلى هنا فأحاطوا به وكمنوا له الليل كله عند باب المدينة فهداوا الليل كله قائلين عند ضوء الصباح نقتله. فاضطجع شمشون إلى نصف الليل ثم قام في نصف الليل واخذ مصراعي باب المدينة والقائمتين وقلعهما مع العارضة ووضعها على كتفيه وصعد بها إلى راس الجبل الذي مقابل حبرون.""
قضاة,16,94,"الآيات (1-3): ""ثم ذهب شمشون إلى غزة ورأى هناك امرأة زانية فدخل إليها. فقيل للغزيين قد أتى شمشون إلى هنا فأحاطوا به وكمنوا له الليل كله عند باب المدينة فهداوا الليل كله قائلين عند ضوء الصباح نقتله. فاضطجع شمشون إلى نصف الليل ثم قام في نصف الليل واخذ مصراعي باب المدينة والقائمتين وقلعهما مع العارضة ووضعها على كتفيه وصعد بها إلى راس الجبل الذي مقابل حبرون.""
قضاة,16,95,"الآيات (1-3): ""ثم ذهب شمشون إلى غزة ورأى هناك امرأة زانية فدخل إليها. فقيل للغزيين قد أتى شمشون إلى هنا فأحاطوا به وكمنوا له الليل كله عند باب المدينة فهداوا الليل كله قائلين عند ضوء الصباح نقتله. فاضطجع شمشون إلى نصف الليل ثم قام في نصف الليل واخذ مصراعي باب المدينة والقائمتين وقلعهما مع العارضة ووضعها على كتفيه وصعد بها إلى راس الجبل الذي مقابل حبرون.""
قضاة,16,96,"الآيات (1-3): ""ثم ذهب شمشون إلى غزة ورأى هناك امرأة زانية فدخل إليها. فقيل للغزيين قد أتى شمشون إلى هنا فأحاطوا به وكمنوا له الليل كله عند باب المدينة فهداوا الليل كله قائلين عند ضوء الصباح نقتله. فاضطجع شمشون إلى نصف الليل ثم قام في نصف الليل واخذ مصراعي باب المدينة والقائمتين وقلعهما مع العارضة ووضعها على كتفيه وصعد بها إلى راس الجبل الذي مقابل حبرون.""
قضاة,16,97,"الآيات (1-3): ""ثم ذهب شمشون إلى غزة ورأى هناك امرأة زانية فدخل إليها. فقيل للغزيين قد أتى شمشون إلى هنا فأحاطوا به وكمنوا له الليل كله عند باب المدينة فهداوا الليل كله قائلين عند ضوء الصباح نقتله. فاضطجع شمشون إلى نصف الليل ثم قام في نصف الليل واخذ مصراعي باب المدينة والقائمتين وقلعهما مع العارضة ووضعها على كتفيه وصعد بها إلى راس الجبل الذي مقابل حبرون.""
قضاة,16,98,"الآيات (1-3): ""ثم ذهب شمشون إلى غزة ورأى هناك امرأة زانية فدخل إليها. فقيل للغزيين قد أتى شمشون إلى هنا فأحاطوا به وكمنوا له الليل كله عند باب المدينة فهداوا الليل كله قائلين عند ضوء الصباح نقتله. فاضطجع شمشون إلى نصف الليل ثم قام في نصف الليل واخذ مصراعي باب المدينة والقائمتين وقلعهما مع العارضة ووضعها على كتفيه وصعد بها إلى راس الجبل الذي مقابل حبرون.""
قضاة,16,99,"الآيات (1-3): ""ثم ذهب شمشون إلى غزة ورأى هناك امرأة زانية فدخل إليها. فقيل للغزيين قد أتى شمشون إلى هنا فأحاطوا به وكمنوا له الليل كله عند باب المدينة فهداوا الليل كله قائلين عند ضوء الصباح نقتله. فاضطجع شمشون إلى نصف الليل ثم قام في نصف الليل واخذ مصراعي باب المدينة والقائمتين وقلعهما مع العارضة ووضعها على كتفيه وصعد بها إلى راس الجبل الذي مقابل حبرون.""
قضاة,17,1,"اٌلإصحاحات (17-21) حدثت أحداثها غالباً قبل قيام القضاة لتظهر بؤس الحالة قبل وجود القضاة ولإظهار أن الحالة كانت أفضل كثيراً مع القضاة. ونرى في هذه الإصحاحات صورة لزيغان الشعب بل اللاويين نحو عبادة هى مزيج من عبادة الله وعبادة الأوثان. ونرى صورة لمدى الفساد الخلقى الذي وصل إليه الشعب من شهوات وعنف بصورة لا توصف. 
قضاة,17,2,"اٌلإصحاحات (17-21) حدثت أحداثها غالباً قبل قيام القضاة لتظهر بؤس الحالة قبل وجود القضاة ولإظهار أن الحالة كانت أفضل كثيراً مع القضاة. ونرى في هذه الإصحاحات صورة لزيغان الشعب بل اللاويين نحو عبادة هى مزيج من عبادة الله وعبادة الأوثان. ونرى صورة لمدى الفساد الخلقى الذي وصل إليه الشعب من شهوات وعنف بصورة لا توصف. 
قضاة,17,3,"اٌلإصحاحات (17-21) حدثت أحداثها غالباً قبل قيام القضاة لتظهر بؤس الحالة قبل وجود القضاة ولإظهار أن الحالة كانت أفضل كثيراً مع القضاة. ونرى في هذه الإصحاحات صورة لزيغان الشعب بل اللاويين نحو عبادة هى مزيج من عبادة الله وعبادة الأوثان. ونرى صورة لمدى الفساد الخلقى الذي وصل إليه الشعب من شهوات وعنف بصورة لا توصف. 
قضاة,17,4,"اٌلإصحاحات (17-21) حدثت أحداثها غالباً قبل قيام القضاة لتظهر بؤس الحالة قبل وجود القضاة ولإظهار أن الحالة كانت أفضل كثيراً مع القضاة. ونرى في هذه الإصحاحات صورة لزيغان الشعب بل اللاويين نحو عبادة هى مزيج من عبادة الله وعبادة الأوثان. ونرى صورة لمدى الفساد الخلقى الذي وصل إليه الشعب من شهوات وعنف بصورة لا توصف. 
قضاة,17,5,"اٌلإصحاحات (17-21) حدثت أحداثها غالباً قبل قيام القضاة لتظهر بؤس الحالة قبل وجود القضاة ولإظهار أن الحالة كانت أفضل كثيراً مع القضاة. ونرى في هذه الإصحاحات صورة لزيغان الشعب بل اللاويين نحو عبادة هى مزيج من عبادة الله وعبادة الأوثان. ونرى صورة لمدى الفساد الخلقى الذي وصل إليه الشعب من شهوات وعنف بصورة لا توصف. 
قضاة,17,6,"اٌلإصحاحات (17-21) حدثت أحداثها غالباً قبل قيام القضاة لتظهر بؤس الحالة قبل وجود القضاة ولإظهار أن الحالة كانت أفضل كثيراً مع القضاة. ونرى في هذه الإصحاحات صورة لزيغان الشعب بل اللاويين نحو عبادة هى مزيج من عبادة الله وعبادة الأوثان. ونرى صورة لمدى الفساد الخلقى الذي وصل إليه الشعب من شهوات وعنف بصورة لا توصف. 
قضاة,17,7,"اٌلإصحاحات (17-21) حدثت أحداثها غالباً قبل قيام القضاة لتظهر بؤس الحالة قبل وجود القضاة ولإظهار أن الحالة كانت أفضل كثيراً مع القضاة. ونرى في هذه الإصحاحات صورة لزيغان الشعب بل اللاويين نحو عبادة هى مزيج من عبادة الله وعبادة الأوثان. ونرى صورة لمدى الفساد الخلقى الذي وصل إليه الشعب من شهوات وعنف بصورة لا توصف. 
قضاة,17,8,"اٌلإصحاحات (17-21) حدثت أحداثها غالباً قبل قيام القضاة لتظهر بؤس الحالة قبل وجود القضاة ولإظهار أن الحالة كانت أفضل كثيراً مع القضاة. ونرى في هذه الإصحاحات صورة لزيغان الشعب بل اللاويين نحو عبادة هى مزيج من عبادة الله وعبادة الأوثان. ونرى صورة لمدى الفساد الخلقى الذي وصل إليه الشعب من شهوات وعنف بصورة لا توصف. 
قضاة,17,9,"اٌلإصحاحات (17-21) حدثت أحداثها غالباً قبل قيام القضاة لتظهر بؤس الحالة قبل وجود القضاة ولإظهار أن الحالة كانت أفضل كثيراً مع القضاة. ونرى في هذه الإصحاحات صورة لزيغان الشعب بل اللاويين نحو عبادة هى مزيج من عبادة الله وعبادة الأوثان. ونرى صورة لمدى الفساد الخلقى الذي وصل إليه الشعب من شهوات وعنف بصورة لا توصف. 
قضاة,17,10,"اٌلإصحاحات (17-21) حدثت أحداثها غالباً قبل قيام القضاة لتظهر بؤس الحالة قبل وجود القضاة ولإظهار أن الحالة كانت أفضل كثيراً مع القضاة. ونرى في هذه الإصحاحات صورة لزيغان الشعب بل اللاويين نحو عبادة هى مزيج من عبادة الله وعبادة الأوثان. ونرى صورة لمدى الفساد الخلقى الذي وصل إليه الشعب من شهوات وعنف بصورة لا توصف. 
قضاة,17,11,"اٌلإصحاحات (17-21) حدثت أحداثها غالباً قبل قيام القضاة لتظهر بؤس الحالة قبل وجود القضاة ولإظهار أن الحالة كانت أفضل كثيراً مع القضاة. ونرى في هذه الإصحاحات صورة لزيغان الشعب بل اللاويين نحو عبادة هى مزيج من عبادة الله وعبادة الأوثان. ونرى صورة لمدى الفساد الخلقى الذي وصل إليه الشعب من شهوات وعنف بصورة لا توصف. 
قضاة,17,12,"اٌلإصحاحات (17-21) حدثت أحداثها غالباً قبل قيام القضاة لتظهر بؤس الحالة قبل وجود القضاة ولإظهار أن الحالة كانت أفضل كثيراً مع القضاة. ونرى في هذه الإصحاحات صورة لزيغان الشعب بل اللاويين نحو عبادة هى مزيج من عبادة الله وعبادة الأوثان. ونرى صورة لمدى الفساد الخلقى الذي وصل إليه الشعب من شهوات وعنف بصورة لا توصف. 
قضاة,17,13,"اٌلإصحاحات (17-21) حدثت أحداثها غالباً قبل قيام القضاة لتظهر بؤس الحالة قبل وجود القضاة ولإظهار أن الحالة كانت أفضل كثيراً مع القضاة. ونرى في هذه الإصحاحات صورة لزيغان الشعب بل اللاويين نحو عبادة هى مزيج من عبادة الله وعبادة الأوثان. ونرى صورة لمدى الفساد الخلقى الذي وصل إليه الشعب من شهوات وعنف بصورة لا توصف. 
قضاة,17,14,"اٌلإصحاحات (17-21) حدثت أحداثها غالباً قبل قيام القضاة لتظهر بؤس الحالة قبل وجود القضاة ولإظهار أن الحالة كانت أفضل كثيراً مع القضاة. ونرى في هذه الإصحاحات صورة لزيغان الشعب بل اللاويين نحو عبادة هى مزيج من عبادة الله وعبادة الأوثان. ونرى صورة لمدى الفساد الخلقى الذي وصل إليه الشعب من شهوات وعنف بصورة لا توصف. 
قضاة,17,15,"اٌلإصحاحات (17-21) حدثت أحداثها غالباً قبل قيام القضاة لتظهر بؤس الحالة قبل وجود القضاة ولإظهار أن الحالة كانت أفضل كثيراً مع القضاة. ونرى في هذه الإصحاحات صورة لزيغان الشعب بل اللاويين نحو عبادة هى مزيج من عبادة الله وعبادة الأوثان. ونرى صورة لمدى الفساد الخلقى الذي وصل إليه الشعب من شهوات وعنف بصورة لا توصف. 
قضاة,17,16,"اٌلإصحاحات (17-21) حدثت أحداثها غالباً قبل قيام القضاة لتظهر بؤس الحالة قبل وجود القضاة ولإظهار أن الحالة كانت أفضل كثيراً مع القضاة. ونرى في هذه الإصحاحات صورة لزيغان الشعب بل اللاويين نحو عبادة هى مزيج من عبادة الله وعبادة الأوثان. ونرى صورة لمدى الفساد الخلقى الذي وصل إليه الشعب من شهوات وعنف بصورة لا توصف. 
قضاة,17,17,"اٌلإصحاحات (17-21) حدثت أحداثها غالباً قبل قيام القضاة لتظهر بؤس الحالة قبل وجود القضاة ولإظهار أن الحالة كانت أفضل كثيراً مع القضاة. ونرى في هذه الإصحاحات صورة لزيغان الشعب بل اللاويين نحو عبادة هى مزيج من عبادة الله وعبادة الأوثان. ونرى صورة لمدى الفساد الخلقى الذي وصل إليه الشعب من شهوات وعنف بصورة لا توصف. 
قضاة,17,18,"اٌلإصحاحات (17-21) حدثت أحداثها غالباً قبل قيام القضاة لتظهر بؤس الحالة قبل وجود القضاة ولإظهار أن الحالة كانت أفضل كثيراً مع القضاة. ونرى في هذه الإصحاحات صورة لزيغان الشعب بل اللاويين نحو عبادة هى مزيج من عبادة الله وعبادة الأوثان. ونرى صورة لمدى الفساد الخلقى الذي وصل إليه الشعب من شهوات وعنف بصورة لا توصف. 
قضاة,17,19,"اٌلإصحاحات (17-21) حدثت أحداثها غالباً قبل قيام القضاة لتظهر بؤس الحالة قبل وجود القضاة ولإظهار أن الحالة كانت أفضل كثيراً مع القضاة. ونرى في هذه الإصحاحات صورة لزيغان الشعب بل اللاويين نحو عبادة هى مزيج من عبادة الله وعبادة الأوثان. ونرى صورة لمدى الفساد الخلقى الذي وصل إليه الشعب من شهوات وعنف بصورة لا توصف. 
قضاة,17,20,"اٌلإصحاحات (17-21) حدثت أحداثها غالباً قبل قيام القضاة لتظهر بؤس الحالة قبل وجود القضاة ولإظهار أن الحالة كانت أفضل كثيراً مع القضاة. ونرى في هذه الإصحاحات صورة لزيغان الشعب بل اللاويين نحو عبادة هى مزيج من عبادة الله وعبادة الأوثان. ونرى صورة لمدى الفساد الخلقى الذي وصل إليه الشعب من شهوات وعنف بصورة لا توصف. 
قضاة,17,21,"اٌلإصحاحات (17-21) حدثت أحداثها غالباً قبل قيام القضاة لتظهر بؤس الحالة قبل وجود القضاة ولإظهار أن الحالة كانت أفضل كثيراً مع القضاة. ونرى في هذه الإصحاحات صورة لزيغان الشعب بل اللاويين نحو عبادة هى مزيج من عبادة الله وعبادة الأوثان. ونرى صورة لمدى الفساد الخلقى الذي وصل إليه الشعب من شهوات وعنف بصورة لا توصف. 
قضاة,17,22,"اٌلإصحاحات (17-21) حدثت أحداثها غالباً قبل قيام القضاة لتظهر بؤس الحالة قبل وجود القضاة ولإظهار أن الحالة كانت أفضل كثيراً مع القضاة. ونرى في هذه الإصحاحات صورة لزيغان الشعب بل اللاويين نحو عبادة هى مزيج من عبادة الله وعبادة الأوثان. ونرى صورة لمدى الفساد الخلقى الذي وصل إليه الشعب من شهوات وعنف بصورة لا توصف. 
قضاة,17,23,"اٌلإصحاحات (17-21) حدثت أحداثها غالباً قبل قيام القضاة لتظهر بؤس الحالة قبل وجود القضاة ولإظهار أن الحالة كانت أفضل كثيراً مع القضاة. ونرى في هذه الإصحاحات صورة لزيغان الشعب بل اللاويين نحو عبادة هى مزيج من عبادة الله وعبادة الأوثان. ونرى صورة لمدى الفساد الخلقى الذي وصل إليه الشعب من شهوات وعنف بصورة لا توصف. 
قضاة,17,24,"اٌلإصحاحات (17-21) حدثت أحداثها غالباً قبل قيام القضاة لتظهر بؤس الحالة قبل وجود القضاة ولإظهار أن الحالة كانت أفضل كثيراً مع القضاة. ونرى في هذه الإصحاحات صورة لزيغان الشعب بل اللاويين نحو عبادة هى مزيج من عبادة الله وعبادة الأوثان. ونرى صورة لمدى الفساد الخلقى الذي وصل إليه الشعب من شهوات وعنف بصورة لا توصف. 
قضاة,17,25,"اٌلإصحاحات (17-21) حدثت أحداثها غالباً قبل قيام القضاة لتظهر بؤس الحالة قبل وجود القضاة ولإظهار أن الحالة كانت أفضل كثيراً مع القضاة. ونرى في هذه الإصحاحات صورة لزيغان الشعب بل اللاويين نحو عبادة هى مزيج من عبادة الله وعبادة الأوثان. ونرى صورة لمدى الفساد الخلقى الذي وصل إليه الشعب من شهوات وعنف بصورة لا توصف. 
قضاة,17,26,"اٌلإصحاحات (17-21) حدثت أحداثها غالباً قبل قيام القضاة لتظهر بؤس الحالة قبل وجود القضاة ولإظهار أن الحالة كانت أفضل كثيراً مع القضاة. ونرى في هذه الإصحاحات صورة لزيغان الشعب بل اللاويين نحو عبادة هى مزيج من عبادة الله وعبادة الأوثان. ونرى صورة لمدى الفساد الخلقى الذي وصل إليه الشعب من شهوات وعنف بصورة لا توصف. 
قضاة,17,27,"اٌلإصحاحات (17-21) حدثت أحداثها غالباً قبل قيام القضاة لتظهر بؤس الحالة قبل وجود القضاة ولإظهار أن الحالة كانت أفضل كثيراً مع القضاة. ونرى في هذه الإصحاحات صورة لزيغان الشعب بل اللاويين نحو عبادة هى مزيج من عبادة الله وعبادة الأوثان. ونرى صورة لمدى الفساد الخلقى الذي وصل إليه الشعب من شهوات وعنف بصورة لا توصف. 
قضاة,17,28,"اٌلإصحاحات (17-21) حدثت أحداثها غالباً قبل قيام القضاة لتظهر بؤس الحالة قبل وجود القضاة ولإظهار أن الحالة كانت أفضل كثيراً مع القضاة. ونرى في هذه الإصحاحات صورة لزيغان الشعب بل اللاويين نحو عبادة هى مزيج من عبادة الله وعبادة الأوثان. ونرى صورة لمدى الفساد الخلقى الذي وصل إليه الشعب من شهوات وعنف بصورة لا توصف. 
قضاة,17,29,"اٌلإصحاحات (17-21) حدثت أحداثها غالباً قبل قيام القضاة لتظهر بؤس الحالة قبل وجود القضاة ولإظهار أن الحالة كانت أفضل كثيراً مع القضاة. ونرى في هذه الإصحاحات صورة لزيغان الشعب بل اللاويين نحو عبادة هى مزيج من عبادة الله وعبادة الأوثان. ونرى صورة لمدى الفساد الخلقى الذي وصل إليه الشعب من شهوات وعنف بصورة لا توصف. 
قضاة,17,30,"اٌلإصحاحات (17-21) حدثت أحداثها غالباً قبل قيام القضاة لتظهر بؤس الحالة قبل وجود القضاة ولإظهار أن الحالة كانت أفضل كثيراً مع القضاة. ونرى في هذه الإصحاحات صورة لزيغان الشعب بل اللاويين نحو عبادة هى مزيج من عبادة الله وعبادة الأوثان. ونرى صورة لمدى الفساد الخلقى الذي وصل إليه الشعب من شهوات وعنف بصورة لا توصف. 
قضاة,17,31,"اٌلإصحاحات (17-21) حدثت أحداثها غالباً قبل قيام القضاة لتظهر بؤس الحالة قبل وجود القضاة ولإظهار أن الحالة كانت أفضل كثيراً مع القضاة. ونرى في هذه الإصحاحات صورة لزيغان الشعب بل اللاويين نحو عبادة هى مزيج من عبادة الله وعبادة الأوثان. ونرى صورة لمدى الفساد الخلقى الذي وصل إليه الشعب من شهوات وعنف بصورة لا توصف. 
قضاة,17,32,"اٌلإصحاحات (17-21) حدثت أحداثها غالباً قبل قيام القضاة لتظهر بؤس الحالة قبل وجود القضاة ولإظهار أن الحالة كانت أفضل كثيراً مع القضاة. ونرى في هذه الإصحاحات صورة لزيغان الشعب بل اللاويين نحو عبادة هى مزيج من عبادة الله وعبادة الأوثان. ونرى صورة لمدى الفساد الخلقى الذي وصل إليه الشعب من شهوات وعنف بصورة لا توصف. 
قضاة,17,33,"اٌلإصحاحات (17-21) حدثت أحداثها غالباً قبل قيام القضاة لتظهر بؤس الحالة قبل وجود القضاة ولإظهار أن الحالة كانت أفضل كثيراً مع القضاة. ونرى في هذه الإصحاحات صورة لزيغان الشعب بل اللاويين نحو عبادة هى مزيج من عبادة الله وعبادة الأوثان. ونرى صورة لمدى الفساد الخلقى الذي وصل إليه الشعب من شهوات وعنف بصورة لا توصف. 
قضاة,17,34,"اٌلإصحاحات (17-21) حدثت أحداثها غالباً قبل قيام القضاة لتظهر بؤس الحالة قبل وجود القضاة ولإظهار أن الحالة كانت أفضل كثيراً مع القضاة. ونرى في هذه الإصحاحات صورة لزيغان الشعب بل اللاويين نحو عبادة هى مزيج من عبادة الله وعبادة الأوثان. ونرى صورة لمدى الفساد الخلقى الذي وصل إليه الشعب من شهوات وعنف بصورة لا توصف. 
قضاة,17,35,"اٌلإصحاحات (17-21) حدثت أحداثها غالباً قبل قيام القضاة لتظهر بؤس الحالة قبل وجود القضاة ولإظهار أن الحالة كانت أفضل كثيراً مع القضاة. ونرى في هذه الإصحاحات صورة لزيغان الشعب بل اللاويين نحو عبادة هى مزيج من عبادة الله وعبادة الأوثان. ونرى صورة لمدى الفساد الخلقى الذي وصل إليه الشعب من شهوات وعنف بصورة لا توصف. 
قضاة,17,36,"اٌلإصحاحات (17-21) حدثت أحداثها غالباً قبل قيام القضاة لتظهر بؤس الحالة قبل وجود القضاة ولإظهار أن الحالة كانت أفضل كثيراً مع القضاة. ونرى في هذه الإصحاحات صورة لزيغان الشعب بل اللاويين نحو عبادة هى مزيج من عبادة الله وعبادة الأوثان. ونرى صورة لمدى الفساد الخلقى الذي وصل إليه الشعب من شهوات وعنف بصورة لا توصف. 
قضاة,17,37,"اٌلإصحاحات (17-21) حدثت أحداثها غالباً قبل قيام القضاة لتظهر بؤس الحالة قبل وجود القضاة ولإظهار أن الحالة كانت أفضل كثيراً مع القضاة. ونرى في هذه الإصحاحات صورة لزيغان الشعب بل اللاويين نحو عبادة هى مزيج من عبادة الله وعبادة الأوثان. ونرى صورة لمدى الفساد الخلقى الذي وصل إليه الشعب من شهوات وعنف بصورة لا توصف. 
قضاة,17,38,"اٌلإصحاحات (17-21) حدثت أحداثها غالباً قبل قيام القضاة لتظهر بؤس الحالة قبل وجود القضاة ولإظهار أن الحالة كانت أفضل كثيراً مع القضاة. ونرى في هذه الإصحاحات صورة لزيغان الشعب بل اللاويين نحو عبادة هى مزيج من عبادة الله وعبادة الأوثان. ونرى صورة لمدى الفساد الخلقى الذي وصل إليه الشعب من شهوات وعنف بصورة لا توصف. 
قضاة,17,39,"اٌلإصحاحات (17-21) حدثت أحداثها غالباً قبل قيام القضاة لتظهر بؤس الحالة قبل وجود القضاة ولإظهار أن الحالة كانت أفضل كثيراً مع القضاة. ونرى في هذه الإصحاحات صورة لزيغان الشعب بل اللاويين نحو عبادة هى مزيج من عبادة الله وعبادة الأوثان. ونرى صورة لمدى الفساد الخلقى الذي وصل إليه الشعب من شهوات وعنف بصورة لا توصف. 
قضاة,17,40,"اٌلإصحاحات (17-21) حدثت أحداثها غالباً قبل قيام القضاة لتظهر بؤس الحالة قبل وجود القضاة ولإظهار أن الحالة كانت أفضل كثيراً مع القضاة. ونرى في هذه الإصحاحات صورة لزيغان الشعب بل اللاويين نحو عبادة هى مزيج من عبادة الله وعبادة الأوثان. ونرى صورة لمدى الفساد الخلقى الذي وصل إليه الشعب من شهوات وعنف بصورة لا توصف. 
قضاة,17,41,"اٌلإصحاحات (17-21) حدثت أحداثها غالباً قبل قيام القضاة لتظهر بؤس الحالة قبل وجود القضاة ولإظهار أن الحالة كانت أفضل كثيراً مع القضاة. ونرى في هذه الإصحاحات صورة لزيغان الشعب بل اللاويين نحو عبادة هى مزيج من عبادة الله وعبادة الأوثان. ونرى صورة لمدى الفساد الخلقى الذي وصل إليه الشعب من شهوات وعنف بصورة لا توصف. 
قضاة,17,42,"اٌلإصحاحات (17-21) حدثت أحداثها غالباً قبل قيام القضاة لتظهر بؤس الحالة قبل وجود القضاة ولإظهار أن الحالة كانت أفضل كثيراً مع القضاة. ونرى في هذه الإصحاحات صورة لزيغان الشعب بل اللاويين نحو عبادة هى مزيج من عبادة الله وعبادة الأوثان. ونرى صورة لمدى الفساد الخلقى الذي وصل إليه الشعب من شهوات وعنف بصورة لا توصف. 
قضاة,17,43,"اٌلإصحاحات (17-21) حدثت أحداثها غالباً قبل قيام القضاة لتظهر بؤس الحالة قبل وجود القضاة ولإظهار أن الحالة كانت أفضل كثيراً مع القضاة. ونرى في هذه الإصحاحات صورة لزيغان الشعب بل اللاويين نحو عبادة هى مزيج من عبادة الله وعبادة الأوثان. ونرى صورة لمدى الفساد الخلقى الذي وصل إليه الشعب من شهوات وعنف بصورة لا توصف. 
قضاة,17,44,"اٌلإصحاحات (17-21) حدثت أحداثها غالباً قبل قيام القضاة لتظهر بؤس الحالة قبل وجود القضاة ولإظهار أن الحالة كانت أفضل كثيراً مع القضاة. ونرى في هذه الإصحاحات صورة لزيغان الشعب بل اللاويين نحو عبادة هى مزيج من عبادة الله وعبادة الأوثان. ونرى صورة لمدى الفساد الخلقى الذي وصل إليه الشعب من شهوات وعنف بصورة لا توصف. 
قضاة,17,45,"اٌلإصحاحات (17-21) حدثت أحداثها غالباً قبل قيام القضاة لتظهر بؤس الحالة قبل وجود القضاة ولإظهار أن الحالة كانت أفضل كثيراً مع القضاة. ونرى في هذه الإصحاحات صورة لزيغان الشعب بل اللاويين نحو عبادة هى مزيج من عبادة الله وعبادة الأوثان. ونرى صورة لمدى الفساد الخلقى الذي وصل إليه الشعب من شهوات وعنف بصورة لا توصف. 
قضاة,17,46,"اٌلإصحاحات (17-21) حدثت أحداثها غالباً قبل قيام القضاة لتظهر بؤس الحالة قبل وجود القضاة ولإظهار أن الحالة كانت أفضل كثيراً مع القضاة. ونرى في هذه الإصحاحات صورة لزيغان الشعب بل اللاويين نحو عبادة هى مزيج من عبادة الله وعبادة الأوثان. ونرى صورة لمدى الفساد الخلقى الذي وصل إليه الشعب من شهوات وعنف بصورة لا توصف. 
قضاة,17,47,"اٌلإصحاحات (17-21) حدثت أحداثها غالباً قبل قيام القضاة لتظهر بؤس الحالة قبل وجود القضاة ولإظهار أن الحالة كانت أفضل كثيراً مع القضاة. ونرى في هذه الإصحاحات صورة لزيغان الشعب بل اللاويين نحو عبادة هى مزيج من عبادة الله وعبادة الأوثان. ونرى صورة لمدى الفساد الخلقى الذي وصل إليه الشعب من شهوات وعنف بصورة لا توصف. 
قضاة,17,48,"اٌلإصحاحات (17-21) حدثت أحداثها غالباً قبل قيام القضاة لتظهر بؤس الحالة قبل وجود القضاة ولإظهار أن الحالة كانت أفضل كثيراً مع القضاة. ونرى في هذه الإصحاحات صورة لزيغان الشعب بل اللاويين نحو عبادة هى مزيج من عبادة الله وعبادة الأوثان. ونرى صورة لمدى الفساد الخلقى الذي وصل إليه الشعب من شهوات وعنف بصورة لا توصف. 
قضاة,17,49,"اٌلإصحاحات (17-21) حدثت أحداثها غالباً قبل قيام القضاة لتظهر بؤس الحالة قبل وجود القضاة ولإظهار أن الحالة كانت أفضل كثيراً مع القضاة. ونرى في هذه الإصحاحات صورة لزيغان الشعب بل اللاويين نحو عبادة هى مزيج من عبادة الله وعبادة الأوثان. ونرى صورة لمدى الفساد الخلقى الذي وصل إليه الشعب من شهوات وعنف بصورة لا توصف. 
قضاة,17,50,"اٌلإصحاحات (17-21) حدثت أحداثها غالباً قبل قيام القضاة لتظهر بؤس الحالة قبل وجود القضاة ولإظهار أن الحالة كانت أفضل كثيراً مع القضاة. ونرى في هذه الإصحاحات صورة لزيغان الشعب بل اللاويين نحو عبادة هى مزيج من عبادة الله وعبادة الأوثان. ونرى صورة لمدى الفساد الخلقى الذي وصل إليه الشعب من شهوات وعنف بصورة لا توصف. 
قضاة,17,51,"اٌلإصحاحات (17-21) حدثت أحداثها غالباً قبل قيام القضاة لتظهر بؤس الحالة قبل وجود القضاة ولإظهار أن الحالة كانت أفضل كثيراً مع القضاة. ونرى في هذه الإصحاحات صورة لزيغان الشعب بل اللاويين نحو عبادة هى مزيج من عبادة الله وعبادة الأوثان. ونرى صورة لمدى الفساد الخلقى الذي وصل إليه الشعب من شهوات وعنف بصورة لا توصف. 
قضاة,17,52,"اٌلإصحاحات (17-21) حدثت أحداثها غالباً قبل قيام القضاة لتظهر بؤس الحالة قبل وجود القضاة ولإظهار أن الحالة كانت أفضل كثيراً مع القضاة. ونرى في هذه الإصحاحات صورة لزيغان الشعب بل اللاويين نحو عبادة هى مزيج من عبادة الله وعبادة الأوثان. ونرى صورة لمدى الفساد الخلقى الذي وصل إليه الشعب من شهوات وعنف بصورة لا توصف. 
قضاة,17,53,"اٌلإصحاحات (17-21) حدثت أحداثها غالباً قبل قيام القضاة لتظهر بؤس الحالة قبل وجود القضاة ولإظهار أن الحالة كانت أفضل كثيراً مع القضاة. ونرى في هذه الإصحاحات صورة لزيغان الشعب بل اللاويين نحو عبادة هى مزيج من عبادة الله وعبادة الأوثان. ونرى صورة لمدى الفساد الخلقى الذي وصل إليه الشعب من شهوات وعنف بصورة لا توصف. 
قضاة,17,54,"اٌلإصحاحات (17-21) حدثت أحداثها غالباً قبل قيام القضاة لتظهر بؤس الحالة قبل وجود القضاة ولإظهار أن الحالة كانت أفضل كثيراً مع القضاة. ونرى في هذه الإصحاحات صورة لزيغان الشعب بل اللاويين نحو عبادة هى مزيج من عبادة الله وعبادة الأوثان. ونرى صورة لمدى الفساد الخلقى الذي وصل إليه الشعب من شهوات وعنف بصورة لا توصف. 
قضاة,17,55,"اٌلإصحاحات (17-21) حدثت أحداثها غالباً قبل قيام القضاة لتظهر بؤس الحالة قبل وجود القضاة ولإظهار أن الحالة كانت أفضل كثيراً مع القضاة. ونرى في هذه الإصحاحات صورة لزيغان الشعب بل اللاويين نحو عبادة هى مزيج من عبادة الله وعبادة الأوثان. ونرى صورة لمدى الفساد الخلقى الذي وصل إليه الشعب من شهوات وعنف بصورة لا توصف. 
قضاة,17,56,"اٌلإصحاحات (17-21) حدثت أحداثها غالباً قبل قيام القضاة لتظهر بؤس الحالة قبل وجود القضاة ولإظهار أن الحالة كانت أفضل كثيراً مع القضاة. ونرى في هذه الإصحاحات صورة لزيغان الشعب بل اللاويين نحو عبادة هى مزيج من عبادة الله وعبادة الأوثان. ونرى صورة لمدى الفساد الخلقى الذي وصل إليه الشعب من شهوات وعنف بصورة لا توصف. 
قضاة,17,57,"اٌلإصحاحات (17-21) حدثت أحداثها غالباً قبل قيام القضاة لتظهر بؤس الحالة قبل وجود القضاة ولإظهار أن الحالة كانت أفضل كثيراً مع القضاة. ونرى في هذه الإصحاحات صورة لزيغان الشعب بل اللاويين نحو عبادة هى مزيج من عبادة الله وعبادة الأوثان. ونرى صورة لمدى الفساد الخلقى الذي وصل إليه الشعب من شهوات وعنف بصورة لا توصف. 
قضاة,17,58,"اٌلإصحاحات (17-21) حدثت أحداثها غالباً قبل قيام القضاة لتظهر بؤس الحالة قبل وجود القضاة ولإظهار أن الحالة كانت أفضل كثيراً مع القضاة. ونرى في هذه الإصحاحات صورة لزيغان الشعب بل اللاويين نحو عبادة هى مزيج من عبادة الله وعبادة الأوثان. ونرى صورة لمدى الفساد الخلقى الذي وصل إليه الشعب من شهوات وعنف بصورة لا توصف. 
قضاة,17,59,"اٌلإصحاحات (17-21) حدثت أحداثها غالباً قبل قيام القضاة لتظهر بؤس الحالة قبل وجود القضاة ولإظهار أن الحالة كانت أفضل كثيراً مع القضاة. ونرى في هذه الإصحاحات صورة لزيغان الشعب بل اللاويين نحو عبادة هى مزيج من عبادة الله وعبادة الأوثان. ونرى صورة لمدى الفساد الخلقى الذي وصل إليه الشعب من شهوات وعنف بصورة لا توصف. 
قضاة,17,60,"اٌلإصحاحات (17-21) حدثت أحداثها غالباً قبل قيام القضاة لتظهر بؤس الحالة قبل وجود القضاة ولإظهار أن الحالة كانت أفضل كثيراً مع القضاة. ونرى في هذه الإصحاحات صورة لزيغان الشعب بل اللاويين نحو عبادة هى مزيج من عبادة الله وعبادة الأوثان. ونرى صورة لمدى الفساد الخلقى الذي وصل إليه الشعب من شهوات وعنف بصورة لا توصف. 
قضاة,17,61,"اٌلإصحاحات (17-21) حدثت أحداثها غالباً قبل قيام القضاة لتظهر بؤس الحالة قبل وجود القضاة ولإظهار أن الحالة كانت أفضل كثيراً مع القضاة. ونرى في هذه الإصحاحات صورة لزيغان الشعب بل اللاويين نحو عبادة هى مزيج من عبادة الله وعبادة الأوثان. ونرى صورة لمدى الفساد الخلقى الذي وصل إليه الشعب من شهوات وعنف بصورة لا توصف. 
قضاة,17,62,"اٌلإصحاحات (17-21) حدثت أحداثها غالباً قبل قيام القضاة لتظهر بؤس الحالة قبل وجود القضاة ولإظهار أن الحالة كانت أفضل كثيراً مع القضاة. ونرى في هذه الإصحاحات صورة لزيغان الشعب بل اللاويين نحو عبادة هى مزيج من عبادة الله وعبادة الأوثان. ونرى صورة لمدى الفساد الخلقى الذي وصل إليه الشعب من شهوات وعنف بصورة لا توصف. 
قضاة,17,63,"اٌلإصحاحات (17-21) حدثت أحداثها غالباً قبل قيام القضاة لتظهر بؤس الحالة قبل وجود القضاة ولإظهار أن الحالة كانت أفضل كثيراً مع القضاة. ونرى في هذه الإصحاحات صورة لزيغان الشعب بل اللاويين نحو عبادة هى مزيج من عبادة الله وعبادة الأوثان. ونرى صورة لمدى الفساد الخلقى الذي وصل إليه الشعب من شهوات وعنف بصورة لا توصف. 
قضاة,17,64,"اٌلإصحاحات (17-21) حدثت أحداثها غالباً قبل قيام القضاة لتظهر بؤس الحالة قبل وجود القضاة ولإظهار أن الحالة كانت أفضل كثيراً مع القضاة. ونرى في هذه الإصحاحات صورة لزيغان الشعب بل اللاويين نحو عبادة هى مزيج من عبادة الله وعبادة الأوثان. ونرى صورة لمدى الفساد الخلقى الذي وصل إليه الشعب من شهوات وعنف بصورة لا توصف. 
قضاة,17,65,"اٌلإصحاحات (17-21) حدثت أحداثها غالباً قبل قيام القضاة لتظهر بؤس الحالة قبل وجود القضاة ولإظهار أن الحالة كانت أفضل كثيراً مع القضاة. ونرى في هذه الإصحاحات صورة لزيغان الشعب بل اللاويين نحو عبادة هى مزيج من عبادة الله وعبادة الأوثان. ونرى صورة لمدى الفساد الخلقى الذي وصل إليه الشعب من شهوات وعنف بصورة لا توصف. 
قضاة,17,66,"اٌلإصحاحات (17-21) حدثت أحداثها غالباً قبل قيام القضاة لتظهر بؤس الحالة قبل وجود القضاة ولإظهار أن الحالة كانت أفضل كثيراً مع القضاة. ونرى في هذه الإصحاحات صورة لزيغان الشعب بل اللاويين نحو عبادة هى مزيج من عبادة الله وعبادة الأوثان. ونرى صورة لمدى الفساد الخلقى الذي وصل إليه الشعب من شهوات وعنف بصورة لا توصف. 
قضاة,17,67,"اٌلإصحاحات (17-21) حدثت أحداثها غالباً قبل قيام القضاة لتظهر بؤس الحالة قبل وجود القضاة ولإظهار أن الحالة كانت أفضل كثيراً مع القضاة. ونرى في هذه الإصحاحات صورة لزيغان الشعب بل اللاويين نحو عبادة هى مزيج من عبادة الله وعبادة الأوثان. ونرى صورة لمدى الفساد الخلقى الذي وصل إليه الشعب من شهوات وعنف بصورة لا توصف. 
قضاة,17,68,"اٌلإصحاحات (17-21) حدثت أحداثها غالباً قبل قيام القضاة لتظهر بؤس الحالة قبل وجود القضاة ولإظهار أن الحالة كانت أفضل كثيراً مع القضاة. ونرى في هذه الإصحاحات صورة لزيغان الشعب بل اللاويين نحو عبادة هى مزيج من عبادة الله وعبادة الأوثان. ونرى صورة لمدى الفساد الخلقى الذي وصل إليه الشعب من شهوات وعنف بصورة لا توصف. 
قضاة,17,69,"اٌلإصحاحات (17-21) حدثت أحداثها غالباً قبل قيام القضاة لتظهر بؤس الحالة قبل وجود القضاة ولإظهار أن الحالة كانت أفضل كثيراً مع القضاة. ونرى في هذه الإصحاحات صورة لزيغان الشعب بل اللاويين نحو عبادة هى مزيج من عبادة الله وعبادة الأوثان. ونرى صورة لمدى الفساد الخلقى الذي وصل إليه الشعب من شهوات وعنف بصورة لا توصف. 
قضاة,17,70,"اٌلإصحاحات (17-21) حدثت أحداثها غالباً قبل قيام القضاة لتظهر بؤس الحالة قبل وجود القضاة ولإظهار أن الحالة كانت أفضل كثيراً مع القضاة. ونرى في هذه الإصحاحات صورة لزيغان الشعب بل اللاويين نحو عبادة هى مزيج من عبادة الله وعبادة الأوثان. ونرى صورة لمدى الفساد الخلقى الذي وصل إليه الشعب من شهوات وعنف بصورة لا توصف. 
قضاة,17,71,"اٌلإصحاحات (17-21) حدثت أحداثها غالباً قبل قيام القضاة لتظهر بؤس الحالة قبل وجود القضاة ولإظهار أن الحالة كانت أفضل كثيراً مع القضاة. ونرى في هذه الإصحاحات صورة لزيغان الشعب بل اللاويين نحو عبادة هى مزيج من عبادة الله وعبادة الأوثان. ونرى صورة لمدى الفساد الخلقى الذي وصل إليه الشعب من شهوات وعنف بصورة لا توصف. 
قضاة,17,72,"اٌلإصحاحات (17-21) حدثت أحداثها غالباً قبل قيام القضاة لتظهر بؤس الحالة قبل وجود القضاة ولإظهار أن الحالة كانت أفضل كثيراً مع القضاة. ونرى في هذه الإصحاحات صورة لزيغان الشعب بل اللاويين نحو عبادة هى مزيج من عبادة الله وعبادة الأوثان. ونرى صورة لمدى الفساد الخلقى الذي وصل إليه الشعب من شهوات وعنف بصورة لا توصف. 
قضاة,17,73,"اٌلإصحاحات (17-21) حدثت أحداثها غالباً قبل قيام القضاة لتظهر بؤس الحالة قبل وجود القضاة ولإظهار أن الحالة كانت أفضل كثيراً مع القضاة. ونرى في هذه الإصحاحات صورة لزيغان الشعب بل اللاويين نحو عبادة هى مزيج من عبادة الله وعبادة الأوثان. ونرى صورة لمدى الفساد الخلقى الذي وصل إليه الشعب من شهوات وعنف بصورة لا توصف. 
قضاة,17,74,"اٌلإصحاحات (17-21) حدثت أحداثها غالباً قبل قيام القضاة لتظهر بؤس الحالة قبل وجود القضاة ولإظهار أن الحالة كانت أفضل كثيراً مع القضاة. ونرى في هذه الإصحاحات صورة لزيغان الشعب بل اللاويين نحو عبادة هى مزيج من عبادة الله وعبادة الأوثان. ونرى صورة لمدى الفساد الخلقى الذي وصل إليه الشعب من شهوات وعنف بصورة لا توصف. 
قضاة,17,75,"اٌلإصحاحات (17-21) حدثت أحداثها غالباً قبل قيام القضاة لتظهر بؤس الحالة قبل وجود القضاة ولإظهار أن الحالة كانت أفضل كثيراً مع القضاة. ونرى في هذه الإصحاحات صورة لزيغان الشعب بل اللاويين نحو عبادة هى مزيج من عبادة الله وعبادة الأوثان. ونرى صورة لمدى الفساد الخلقى الذي وصل إليه الشعب من شهوات وعنف بصورة لا توصف. 
قضاة,17,76,"اٌلإصحاحات (17-21) حدثت أحداثها غالباً قبل قيام القضاة لتظهر بؤس الحالة قبل وجود القضاة ولإظهار أن الحالة كانت أفضل كثيراً مع القضاة. ونرى في هذه الإصحاحات صورة لزيغان الشعب بل اللاويين نحو عبادة هى مزيج من عبادة الله وعبادة الأوثان. ونرى صورة لمدى الفساد الخلقى الذي وصل إليه الشعب من شهوات وعنف بصورة لا توصف. 
قضاة,17,77,"اٌلإصحاحات (17-21) حدثت أحداثها غالباً قبل قيام القضاة لتظهر بؤس الحالة قبل وجود القضاة ولإظهار أن الحالة كانت أفضل كثيراً مع القضاة. ونرى في هذه الإصحاحات صورة لزيغان الشعب بل اللاويين نحو عبادة هى مزيج من عبادة الله وعبادة الأوثان. ونرى صورة لمدى الفساد الخلقى الذي وصل إليه الشعب من شهوات وعنف بصورة لا توصف. 
قضاة,17,78,"اٌلإصحاحات (17-21) حدثت أحداثها غالباً قبل قيام القضاة لتظهر بؤس الحالة قبل وجود القضاة ولإظهار أن الحالة كانت أفضل كثيراً مع القضاة. ونرى في هذه الإصحاحات صورة لزيغان الشعب بل اللاويين نحو عبادة هى مزيج من عبادة الله وعبادة الأوثان. ونرى صورة لمدى الفساد الخلقى الذي وصل إليه الشعب من شهوات وعنف بصورة لا توصف. 
قضاة,17,79,"اٌلإصحاحات (17-21) حدثت أحداثها غالباً قبل قيام القضاة لتظهر بؤس الحالة قبل وجود القضاة ولإظهار أن الحالة كانت أفضل كثيراً مع القضاة. ونرى في هذه الإصحاحات صورة لزيغان الشعب بل اللاويين نحو عبادة هى مزيج من عبادة الله وعبادة الأوثان. ونرى صورة لمدى الفساد الخلقى الذي وصل إليه الشعب من شهوات وعنف بصورة لا توصف. 
قضاة,17,80,"اٌلإصحاحات (17-21) حدثت أحداثها غالباً قبل قيام القضاة لتظهر بؤس الحالة قبل وجود القضاة ولإظهار أن الحالة كانت أفضل كثيراً مع القضاة. ونرى في هذه الإصحاحات صورة لزيغان الشعب بل اللاويين نحو عبادة هى مزيج من عبادة الله وعبادة الأوثان. ونرى صورة لمدى الفساد الخلقى الذي وصل إليه الشعب من شهوات وعنف بصورة لا توصف. 
قضاة,17,81,"اٌلإصحاحات (17-21) حدثت أحداثها غالباً قبل قيام القضاة لتظهر بؤس الحالة قبل وجود القضاة ولإظهار أن الحالة كانت أفضل كثيراً مع القضاة. ونرى في هذه الإصحاحات صورة لزيغان الشعب بل اللاويين نحو عبادة هى مزيج من عبادة الله وعبادة الأوثان. ونرى صورة لمدى الفساد الخلقى الذي وصل إليه الشعب من شهوات وعنف بصورة لا توصف. 
قضاة,17,82,"اٌلإصحاحات (17-21) حدثت أحداثها غالباً قبل قيام القضاة لتظهر بؤس الحالة قبل وجود القضاة ولإظهار أن الحالة كانت أفضل كثيراً مع القضاة. ونرى في هذه الإصحاحات صورة لزيغان الشعب بل اللاويين نحو عبادة هى مزيج من عبادة الله وعبادة الأوثان. ونرى صورة لمدى الفساد الخلقى الذي وصل إليه الشعب من شهوات وعنف بصورة لا توصف. 
قضاة,17,83,"اٌلإصحاحات (17-21) حدثت أحداثها غالباً قبل قيام القضاة لتظهر بؤس الحالة قبل وجود القضاة ولإظهار أن الحالة كانت أفضل كثيراً مع القضاة. ونرى في هذه الإصحاحات صورة لزيغان الشعب بل اللاويين نحو عبادة هى مزيج من عبادة الله وعبادة الأوثان. ونرى صورة لمدى الفساد الخلقى الذي وصل إليه الشعب من شهوات وعنف بصورة لا توصف. 
قضاة,17,84,"اٌلإصحاحات (17-21) حدثت أحداثها غالباً قبل قيام القضاة لتظهر بؤس الحالة قبل وجود القضاة ولإظهار أن الحالة كانت أفضل كثيراً مع القضاة. ونرى في هذه الإصحاحات صورة لزيغان الشعب بل اللاويين نحو عبادة هى مزيج من عبادة الله وعبادة الأوثان. ونرى صورة لمدى الفساد الخلقى الذي وصل إليه الشعب من شهوات وعنف بصورة لا توصف. 
قضاة,17,85,"اٌلإصحاحات (17-21) حدثت أحداثها غالباً قبل قيام القضاة لتظهر بؤس الحالة قبل وجود القضاة ولإظهار أن الحالة كانت أفضل كثيراً مع القضاة. ونرى في هذه الإصحاحات صورة لزيغان الشعب بل اللاويين نحو عبادة هى مزيج من عبادة الله وعبادة الأوثان. ونرى صورة لمدى الفساد الخلقى الذي وصل إليه الشعب من شهوات وعنف بصورة لا توصف. 
قضاة,17,86,"اٌلإصحاحات (17-21) حدثت أحداثها غالباً قبل قيام القضاة لتظهر بؤس الحالة قبل وجود القضاة ولإظهار أن الحالة كانت أفضل كثيراً مع القضاة. ونرى في هذه الإصحاحات صورة لزيغان الشعب بل اللاويين نحو عبادة هى مزيج من عبادة الله وعبادة الأوثان. ونرى صورة لمدى الفساد الخلقى الذي وصل إليه الشعب من شهوات وعنف بصورة لا توصف. 
قضاة,17,87,"اٌلإصحاحات (17-21) حدثت أحداثها غالباً قبل قيام القضاة لتظهر بؤس الحالة قبل وجود القضاة ولإظهار أن الحالة كانت أفضل كثيراً مع القضاة. ونرى في هذه الإصحاحات صورة لزيغان الشعب بل اللاويين نحو عبادة هى مزيج من عبادة الله وعبادة الأوثان. ونرى صورة لمدى الفساد الخلقى الذي وصل إليه الشعب من شهوات وعنف بصورة لا توصف. 
قضاة,17,88,"اٌلإصحاحات (17-21) حدثت أحداثها غالباً قبل قيام القضاة لتظهر بؤس الحالة قبل وجود القضاة ولإظهار أن الحالة كانت أفضل كثيراً مع القضاة. ونرى في هذه الإصحاحات صورة لزيغان الشعب بل اللاويين نحو عبادة هى مزيج من عبادة الله وعبادة الأوثان. ونرى صورة لمدى الفساد الخلقى الذي وصل إليه الشعب من شهوات وعنف بصورة لا توصف. 
قضاة,17,89,"اٌلإصحاحات (17-21) حدثت أحداثها غالباً قبل قيام القضاة لتظهر بؤس الحالة قبل وجود القضاة ولإظهار أن الحالة كانت أفضل كثيراً مع القضاة. ونرى في هذه الإصحاحات صورة لزيغان الشعب بل اللاويين نحو عبادة هى مزيج من عبادة الله وعبادة الأوثان. ونرى صورة لمدى الفساد الخلقى الذي وصل إليه الشعب من شهوات وعنف بصورة لا توصف. 
قضاة,17,90,"اٌلإصحاحات (17-21) حدثت أحداثها غالباً قبل قيام القضاة لتظهر بؤس الحالة قبل وجود القضاة ولإظهار أن الحالة كانت أفضل كثيراً مع القضاة. ونرى في هذه الإصحاحات صورة لزيغان الشعب بل اللاويين نحو عبادة هى مزيج من عبادة الله وعبادة الأوثان. ونرى صورة لمدى الفساد الخلقى الذي وصل إليه الشعب من شهوات وعنف بصورة لا توصف. 
قضاة,17,91,"اٌلإصحاحات (17-21) حدثت أحداثها غالباً قبل قيام القضاة لتظهر بؤس الحالة قبل وجود القضاة ولإظهار أن الحالة كانت أفضل كثيراً مع القضاة. ونرى في هذه الإصحاحات صورة لزيغان الشعب بل اللاويين نحو عبادة هى مزيج من عبادة الله وعبادة الأوثان. ونرى صورة لمدى الفساد الخلقى الذي وصل إليه الشعب من شهوات وعنف بصورة لا توصف. 
قضاة,17,92,"اٌلإصحاحات (17-21) حدثت أحداثها غالباً قبل قيام القضاة لتظهر بؤس الحالة قبل وجود القضاة ولإظهار أن الحالة كانت أفضل كثيراً مع القضاة. ونرى في هذه الإصحاحات صورة لزيغان الشعب بل اللاويين نحو عبادة هى مزيج من عبادة الله وعبادة الأوثان. ونرى صورة لمدى الفساد الخلقى الذي وصل إليه الشعب من شهوات وعنف بصورة لا توصف. 
قضاة,17,93,"اٌلإصحاحات (17-21) حدثت أحداثها غالباً قبل قيام القضاة لتظهر بؤس الحالة قبل وجود القضاة ولإظهار أن الحالة كانت أفضل كثيراً مع القضاة. ونرى في هذه الإصحاحات صورة لزيغان الشعب بل اللاويين نحو عبادة هى مزيج من عبادة الله وعبادة الأوثان. ونرى صورة لمدى الفساد الخلقى الذي وصل إليه الشعب من شهوات وعنف بصورة لا توصف. 
قضاة,17,94,"اٌلإصحاحات (17-21) حدثت أحداثها غالباً قبل قيام القضاة لتظهر بؤس الحالة قبل وجود القضاة ولإظهار أن الحالة كانت أفضل كثيراً مع القضاة. ونرى في هذه الإصحاحات صورة لزيغان الشعب بل اللاويين نحو عبادة هى مزيج من عبادة الله وعبادة الأوثان. ونرى صورة لمدى الفساد الخلقى الذي وصل إليه الشعب من شهوات وعنف بصورة لا توصف. 
قضاة,17,95,"اٌلإصحاحات (17-21) حدثت أحداثها غالباً قبل قيام القضاة لتظهر بؤس الحالة قبل وجود القضاة ولإظهار أن الحالة كانت أفضل كثيراً مع القضاة. ونرى في هذه الإصحاحات صورة لزيغان الشعب بل اللاويين نحو عبادة هى مزيج من عبادة الله وعبادة الأوثان. ونرى صورة لمدى الفساد الخلقى الذي وصل إليه الشعب من شهوات وعنف بصورة لا توصف. 
قضاة,17,96,"اٌلإصحاحات (17-21) حدثت أحداثها غالباً قبل قيام القضاة لتظهر بؤس الحالة قبل وجود القضاة ولإظهار أن الحالة كانت أفضل كثيراً مع القضاة. ونرى في هذه الإصحاحات صورة لزيغان الشعب بل اللاويين نحو عبادة هى مزيج من عبادة الله وعبادة الأوثان. ونرى صورة لمدى الفساد الخلقى الذي وصل إليه الشعب من شهوات وعنف بصورة لا توصف. 
قضاة,17,97,"اٌلإصحاحات (17-21) حدثت أحداثها غالباً قبل قيام القضاة لتظهر بؤس الحالة قبل وجود القضاة ولإظهار أن الحالة كانت أفضل كثيراً مع القضاة. ونرى في هذه الإصحاحات صورة لزيغان الشعب بل اللاويين نحو عبادة هى مزيج من عبادة الله وعبادة الأوثان. ونرى صورة لمدى الفساد الخلقى الذي وصل إليه الشعب من شهوات وعنف بصورة لا توصف. 
قضاة,17,98,"اٌلإصحاحات (17-21) حدثت أحداثها غالباً قبل قيام القضاة لتظهر بؤس الحالة قبل وجود القضاة ولإظهار أن الحالة كانت أفضل كثيراً مع القضاة. ونرى في هذه الإصحاحات صورة لزيغان الشعب بل اللاويين نحو عبادة هى مزيج من عبادة الله وعبادة الأوثان. ونرى صورة لمدى الفساد الخلقى الذي وصل إليه الشعب من شهوات وعنف بصورة لا توصف. 
قضاة,17,99,"اٌلإصحاحات (17-21) حدثت أحداثها غالباً قبل قيام القضاة لتظهر بؤس الحالة قبل وجود القضاة ولإظهار أن الحالة كانت أفضل كثيراً مع القضاة. ونرى في هذه الإصحاحات صورة لزيغان الشعب بل اللاويين نحو عبادة هى مزيج من عبادة الله وعبادة الأوثان. ونرى صورة لمدى الفساد الخلقى الذي وصل إليه الشعب من شهوات وعنف بصورة لا توصف. 
قضاة,18,1,"رأينا في الإصحاح السابق الفساد على مستوى الأفراد ونرى هنا أن الفساد على مستوى الأسباط. فسبط دان أراد أن يقيم لنفسه الهاً وكاهناً ولو بالإغتصاب.
قضاة,18,2,"رأينا في الإصحاح السابق الفساد على مستوى الأفراد ونرى هنا أن الفساد على مستوى الأسباط. فسبط دان أراد أن يقيم لنفسه الهاً وكاهناً ولو بالإغتصاب.
قضاة,18,3,"رأينا في الإصحاح السابق الفساد على مستوى الأفراد ونرى هنا أن الفساد على مستوى الأسباط. فسبط دان أراد أن يقيم لنفسه الهاً وكاهناً ولو بالإغتصاب.
قضاة,18,4,"رأينا في الإصحاح السابق الفساد على مستوى الأفراد ونرى هنا أن الفساد على مستوى الأسباط. فسبط دان أراد أن يقيم لنفسه الهاً وكاهناً ولو بالإغتصاب.
قضاة,18,5,"رأينا في الإصحاح السابق الفساد على مستوى الأفراد ونرى هنا أن الفساد على مستوى الأسباط. فسبط دان أراد أن يقيم لنفسه الهاً وكاهناً ولو بالإغتصاب.
قضاة,18,6,"رأينا في الإصحاح السابق الفساد على مستوى الأفراد ونرى هنا أن الفساد على مستوى الأسباط. فسبط دان أراد أن يقيم لنفسه الهاً وكاهناً ولو بالإغتصاب.
قضاة,18,7,"رأينا في الإصحاح السابق الفساد على مستوى الأفراد ونرى هنا أن الفساد على مستوى الأسباط. فسبط دان أراد أن يقيم لنفسه الهاً وكاهناً ولو بالإغتصاب.
قضاة,18,8,"رأينا في الإصحاح السابق الفساد على مستوى الأفراد ونرى هنا أن الفساد على مستوى الأسباط. فسبط دان أراد أن يقيم لنفسه الهاً وكاهناً ولو بالإغتصاب.
قضاة,18,9,"رأينا في الإصحاح السابق الفساد على مستوى الأفراد ونرى هنا أن الفساد على مستوى الأسباط. فسبط دان أراد أن يقيم لنفسه الهاً وكاهناً ولو بالإغتصاب.
قضاة,18,10,"رأينا في الإصحاح السابق الفساد على مستوى الأفراد ونرى هنا أن الفساد على مستوى الأسباط. فسبط دان أراد أن يقيم لنفسه الهاً وكاهناً ولو بالإغتصاب.
قضاة,18,11,"رأينا في الإصحاح السابق الفساد على مستوى الأفراد ونرى هنا أن الفساد على مستوى الأسباط. فسبط دان أراد أن يقيم لنفسه الهاً وكاهناً ولو بالإغتصاب.
قضاة,18,12,"رأينا في الإصحاح السابق الفساد على مستوى الأفراد ونرى هنا أن الفساد على مستوى الأسباط. فسبط دان أراد أن يقيم لنفسه الهاً وكاهناً ولو بالإغتصاب.
قضاة,18,13,"رأينا في الإصحاح السابق الفساد على مستوى الأفراد ونرى هنا أن الفساد على مستوى الأسباط. فسبط دان أراد أن يقيم لنفسه الهاً وكاهناً ولو بالإغتصاب.
قضاة,18,14,"رأينا في الإصحاح السابق الفساد على مستوى الأفراد ونرى هنا أن الفساد على مستوى الأسباط. فسبط دان أراد أن يقيم لنفسه الهاً وكاهناً ولو بالإغتصاب.
قضاة,18,15,"رأينا في الإصحاح السابق الفساد على مستوى الأفراد ونرى هنا أن الفساد على مستوى الأسباط. فسبط دان أراد أن يقيم لنفسه الهاً وكاهناً ولو بالإغتصاب.
قضاة,18,16,"رأينا في الإصحاح السابق الفساد على مستوى الأفراد ونرى هنا أن الفساد على مستوى الأسباط. فسبط دان أراد أن يقيم لنفسه الهاً وكاهناً ولو بالإغتصاب.
قضاة,18,17,"رأينا في الإصحاح السابق الفساد على مستوى الأفراد ونرى هنا أن الفساد على مستوى الأسباط. فسبط دان أراد أن يقيم لنفسه الهاً وكاهناً ولو بالإغتصاب.
قضاة,18,18,"رأينا في الإصحاح السابق الفساد على مستوى الأفراد ونرى هنا أن الفساد على مستوى الأسباط. فسبط دان أراد أن يقيم لنفسه الهاً وكاهناً ولو بالإغتصاب.
قضاة,18,19,"رأينا في الإصحاح السابق الفساد على مستوى الأفراد ونرى هنا أن الفساد على مستوى الأسباط. فسبط دان أراد أن يقيم لنفسه الهاً وكاهناً ولو بالإغتصاب.
قضاة,18,20,"رأينا في الإصحاح السابق الفساد على مستوى الأفراد ونرى هنا أن الفساد على مستوى الأسباط. فسبط دان أراد أن يقيم لنفسه الهاً وكاهناً ولو بالإغتصاب.
قضاة,18,21,"رأينا في الإصحاح السابق الفساد على مستوى الأفراد ونرى هنا أن الفساد على مستوى الأسباط. فسبط دان أراد أن يقيم لنفسه الهاً وكاهناً ولو بالإغتصاب.
قضاة,18,22,"رأينا في الإصحاح السابق الفساد على مستوى الأفراد ونرى هنا أن الفساد على مستوى الأسباط. فسبط دان أراد أن يقيم لنفسه الهاً وكاهناً ولو بالإغتصاب.
قضاة,18,23,"رأينا في الإصحاح السابق الفساد على مستوى الأفراد ونرى هنا أن الفساد على مستوى الأسباط. فسبط دان أراد أن يقيم لنفسه الهاً وكاهناً ولو بالإغتصاب.
قضاة,18,24,"رأينا في الإصحاح السابق الفساد على مستوى الأفراد ونرى هنا أن الفساد على مستوى الأسباط. فسبط دان أراد أن يقيم لنفسه الهاً وكاهناً ولو بالإغتصاب.
قضاة,18,25,"رأينا في الإصحاح السابق الفساد على مستوى الأفراد ونرى هنا أن الفساد على مستوى الأسباط. فسبط دان أراد أن يقيم لنفسه الهاً وكاهناً ولو بالإغتصاب.
قضاة,18,26,"رأينا في الإصحاح السابق الفساد على مستوى الأفراد ونرى هنا أن الفساد على مستوى الأسباط. فسبط دان أراد أن يقيم لنفسه الهاً وكاهناً ولو بالإغتصاب.
قضاة,18,27,"رأينا في الإصحاح السابق الفساد على مستوى الأفراد ونرى هنا أن الفساد على مستوى الأسباط. فسبط دان أراد أن يقيم لنفسه الهاً وكاهناً ولو بالإغتصاب.
قضاة,18,28,"رأينا في الإصحاح السابق الفساد على مستوى الأفراد ونرى هنا أن الفساد على مستوى الأسباط. فسبط دان أراد أن يقيم لنفسه الهاً وكاهناً ولو بالإغتصاب.
قضاة,18,29,"رأينا في الإصحاح السابق الفساد على مستوى الأفراد ونرى هنا أن الفساد على مستوى الأسباط. فسبط دان أراد أن يقيم لنفسه الهاً وكاهناً ولو بالإغتصاب.
قضاة,18,30,"رأينا في الإصحاح السابق الفساد على مستوى الأفراد ونرى هنا أن الفساد على مستوى الأسباط. فسبط دان أراد أن يقيم لنفسه الهاً وكاهناً ولو بالإغتصاب.
قضاة,18,31,"رأينا في الإصحاح السابق الفساد على مستوى الأفراد ونرى هنا أن الفساد على مستوى الأسباط. فسبط دان أراد أن يقيم لنفسه الهاً وكاهناً ولو بالإغتصاب.
قضاة,18,32,"رأينا في الإصحاح السابق الفساد على مستوى الأفراد ونرى هنا أن الفساد على مستوى الأسباط. فسبط دان أراد أن يقيم لنفسه الهاً وكاهناً ولو بالإغتصاب.
قضاة,18,33,"رأينا في الإصحاح السابق الفساد على مستوى الأفراد ونرى هنا أن الفساد على مستوى الأسباط. فسبط دان أراد أن يقيم لنفسه الهاً وكاهناً ولو بالإغتصاب.
قضاة,18,34,"رأينا في الإصحاح السابق الفساد على مستوى الأفراد ونرى هنا أن الفساد على مستوى الأسباط. فسبط دان أراد أن يقيم لنفسه الهاً وكاهناً ولو بالإغتصاب.
قضاة,18,35,"رأينا في الإصحاح السابق الفساد على مستوى الأفراد ونرى هنا أن الفساد على مستوى الأسباط. فسبط دان أراد أن يقيم لنفسه الهاً وكاهناً ولو بالإغتصاب.
قضاة,18,36,"رأينا في الإصحاح السابق الفساد على مستوى الأفراد ونرى هنا أن الفساد على مستوى الأسباط. فسبط دان أراد أن يقيم لنفسه الهاً وكاهناً ولو بالإغتصاب.
قضاة,18,37,"رأينا في الإصحاح السابق الفساد على مستوى الأفراد ونرى هنا أن الفساد على مستوى الأسباط. فسبط دان أراد أن يقيم لنفسه الهاً وكاهناً ولو بالإغتصاب.
قضاة,18,38,"رأينا في الإصحاح السابق الفساد على مستوى الأفراد ونرى هنا أن الفساد على مستوى الأسباط. فسبط دان أراد أن يقيم لنفسه الهاً وكاهناً ولو بالإغتصاب.
قضاة,18,39,"رأينا في الإصحاح السابق الفساد على مستوى الأفراد ونرى هنا أن الفساد على مستوى الأسباط. فسبط دان أراد أن يقيم لنفسه الهاً وكاهناً ولو بالإغتصاب.
قضاة,18,40,"رأينا في الإصحاح السابق الفساد على مستوى الأفراد ونرى هنا أن الفساد على مستوى الأسباط. فسبط دان أراد أن يقيم لنفسه الهاً وكاهناً ولو بالإغتصاب.
قضاة,18,41,"رأينا في الإصحاح السابق الفساد على مستوى الأفراد ونرى هنا أن الفساد على مستوى الأسباط. فسبط دان أراد أن يقيم لنفسه الهاً وكاهناً ولو بالإغتصاب.
قضاة,18,42,"رأينا في الإصحاح السابق الفساد على مستوى الأفراد ونرى هنا أن الفساد على مستوى الأسباط. فسبط دان أراد أن يقيم لنفسه الهاً وكاهناً ولو بالإغتصاب.
قضاة,18,43,"رأينا في الإصحاح السابق الفساد على مستوى الأفراد ونرى هنا أن الفساد على مستوى الأسباط. فسبط دان أراد أن يقيم لنفسه الهاً وكاهناً ولو بالإغتصاب.
قضاة,18,44,"رأينا في الإصحاح السابق الفساد على مستوى الأفراد ونرى هنا أن الفساد على مستوى الأسباط. فسبط دان أراد أن يقيم لنفسه الهاً وكاهناً ولو بالإغتصاب.
قضاة,18,45,"رأينا في الإصحاح السابق الفساد على مستوى الأفراد ونرى هنا أن الفساد على مستوى الأسباط. فسبط دان أراد أن يقيم لنفسه الهاً وكاهناً ولو بالإغتصاب.
قضاة,18,46,"رأينا في الإصحاح السابق الفساد على مستوى الأفراد ونرى هنا أن الفساد على مستوى الأسباط. فسبط دان أراد أن يقيم لنفسه الهاً وكاهناً ولو بالإغتصاب.
قضاة,18,47,"رأينا في الإصحاح السابق الفساد على مستوى الأفراد ونرى هنا أن الفساد على مستوى الأسباط. فسبط دان أراد أن يقيم لنفسه الهاً وكاهناً ولو بالإغتصاب.
قضاة,18,48,"رأينا في الإصحاح السابق الفساد على مستوى الأفراد ونرى هنا أن الفساد على مستوى الأسباط. فسبط دان أراد أن يقيم لنفسه الهاً وكاهناً ولو بالإغتصاب.
قضاة,18,49,"رأينا في الإصحاح السابق الفساد على مستوى الأفراد ونرى هنا أن الفساد على مستوى الأسباط. فسبط دان أراد أن يقيم لنفسه الهاً وكاهناً ولو بالإغتصاب.
قضاة,18,50,"رأينا في الإصحاح السابق الفساد على مستوى الأفراد ونرى هنا أن الفساد على مستوى الأسباط. فسبط دان أراد أن يقيم لنفسه الهاً وكاهناً ولو بالإغتصاب.
قضاة,18,51,"رأينا في الإصحاح السابق الفساد على مستوى الأفراد ونرى هنا أن الفساد على مستوى الأسباط. فسبط دان أراد أن يقيم لنفسه الهاً وكاهناً ولو بالإغتصاب.
قضاة,18,52,"رأينا في الإصحاح السابق الفساد على مستوى الأفراد ونرى هنا أن الفساد على مستوى الأسباط. فسبط دان أراد أن يقيم لنفسه الهاً وكاهناً ولو بالإغتصاب.
قضاة,18,53,"رأينا في الإصحاح السابق الفساد على مستوى الأفراد ونرى هنا أن الفساد على مستوى الأسباط. فسبط دان أراد أن يقيم لنفسه الهاً وكاهناً ولو بالإغتصاب.
قضاة,18,54,"رأينا في الإصحاح السابق الفساد على مستوى الأفراد ونرى هنا أن الفساد على مستوى الأسباط. فسبط دان أراد أن يقيم لنفسه الهاً وكاهناً ولو بالإغتصاب.
قضاة,18,55,"رأينا في الإصحاح السابق الفساد على مستوى الأفراد ونرى هنا أن الفساد على مستوى الأسباط. فسبط دان أراد أن يقيم لنفسه الهاً وكاهناً ولو بالإغتصاب.
قضاة,18,56,"رأينا في الإصحاح السابق الفساد على مستوى الأفراد ونرى هنا أن الفساد على مستوى الأسباط. فسبط دان أراد أن يقيم لنفسه الهاً وكاهناً ولو بالإغتصاب.
قضاة,18,57,"رأينا في الإصحاح السابق الفساد على مستوى الأفراد ونرى هنا أن الفساد على مستوى الأسباط. فسبط دان أراد أن يقيم لنفسه الهاً وكاهناً ولو بالإغتصاب.
قضاة,18,58,"رأينا في الإصحاح السابق الفساد على مستوى الأفراد ونرى هنا أن الفساد على مستوى الأسباط. فسبط دان أراد أن يقيم لنفسه الهاً وكاهناً ولو بالإغتصاب.
قضاة,18,59,"رأينا في الإصحاح السابق الفساد على مستوى الأفراد ونرى هنا أن الفساد على مستوى الأسباط. فسبط دان أراد أن يقيم لنفسه الهاً وكاهناً ولو بالإغتصاب.
قضاة,18,60,"رأينا في الإصحاح السابق الفساد على مستوى الأفراد ونرى هنا أن الفساد على مستوى الأسباط. فسبط دان أراد أن يقيم لنفسه الهاً وكاهناً ولو بالإغتصاب.
قضاة,18,61,"رأينا في الإصحاح السابق الفساد على مستوى الأفراد ونرى هنا أن الفساد على مستوى الأسباط. فسبط دان أراد أن يقيم لنفسه الهاً وكاهناً ولو بالإغتصاب.
قضاة,18,62,"رأينا في الإصحاح السابق الفساد على مستوى الأفراد ونرى هنا أن الفساد على مستوى الأسباط. فسبط دان أراد أن يقيم لنفسه الهاً وكاهناً ولو بالإغتصاب.
قضاة,18,63,"رأينا في الإصحاح السابق الفساد على مستوى الأفراد ونرى هنا أن الفساد على مستوى الأسباط. فسبط دان أراد أن يقيم لنفسه الهاً وكاهناً ولو بالإغتصاب.
قضاة,18,64,"رأينا في الإصحاح السابق الفساد على مستوى الأفراد ونرى هنا أن الفساد على مستوى الأسباط. فسبط دان أراد أن يقيم لنفسه الهاً وكاهناً ولو بالإغتصاب.
قضاة,18,65,"رأينا في الإصحاح السابق الفساد على مستوى الأفراد ونرى هنا أن الفساد على مستوى الأسباط. فسبط دان أراد أن يقيم لنفسه الهاً وكاهناً ولو بالإغتصاب.
قضاة,18,66,"رأينا في الإصحاح السابق الفساد على مستوى الأفراد ونرى هنا أن الفساد على مستوى الأسباط. فسبط دان أراد أن يقيم لنفسه الهاً وكاهناً ولو بالإغتصاب.
قضاة,18,67,"رأينا في الإصحاح السابق الفساد على مستوى الأفراد ونرى هنا أن الفساد على مستوى الأسباط. فسبط دان أراد أن يقيم لنفسه الهاً وكاهناً ولو بالإغتصاب.
قضاة,18,68,"رأينا في الإصحاح السابق الفساد على مستوى الأفراد ونرى هنا أن الفساد على مستوى الأسباط. فسبط دان أراد أن يقيم لنفسه الهاً وكاهناً ولو بالإغتصاب.
قضاة,18,69,"رأينا في الإصحاح السابق الفساد على مستوى الأفراد ونرى هنا أن الفساد على مستوى الأسباط. فسبط دان أراد أن يقيم لنفسه الهاً وكاهناً ولو بالإغتصاب.
قضاة,18,70,"رأينا في الإصحاح السابق الفساد على مستوى الأفراد ونرى هنا أن الفساد على مستوى الأسباط. فسبط دان أراد أن يقيم لنفسه الهاً وكاهناً ولو بالإغتصاب.
قضاة,18,71,"رأينا في الإصحاح السابق الفساد على مستوى الأفراد ونرى هنا أن الفساد على مستوى الأسباط. فسبط دان أراد أن يقيم لنفسه الهاً وكاهناً ولو بالإغتصاب.
قضاة,18,72,"رأينا في الإصحاح السابق الفساد على مستوى الأفراد ونرى هنا أن الفساد على مستوى الأسباط. فسبط دان أراد أن يقيم لنفسه الهاً وكاهناً ولو بالإغتصاب.
قضاة,18,73,"رأينا في الإصحاح السابق الفساد على مستوى الأفراد ونرى هنا أن الفساد على مستوى الأسباط. فسبط دان أراد أن يقيم لنفسه الهاً وكاهناً ولو بالإغتصاب.
قضاة,18,74,"رأينا في الإصحاح السابق الفساد على مستوى الأفراد ونرى هنا أن الفساد على مستوى الأسباط. فسبط دان أراد أن يقيم لنفسه الهاً وكاهناً ولو بالإغتصاب.
قضاة,18,75,"رأينا في الإصحاح السابق الفساد على مستوى الأفراد ونرى هنا أن الفساد على مستوى الأسباط. فسبط دان أراد أن يقيم لنفسه الهاً وكاهناً ولو بالإغتصاب.
قضاة,18,76,"رأينا في الإصحاح السابق الفساد على مستوى الأفراد ونرى هنا أن الفساد على مستوى الأسباط. فسبط دان أراد أن يقيم لنفسه الهاً وكاهناً ولو بالإغتصاب.
قضاة,18,77,"رأينا في الإصحاح السابق الفساد على مستوى الأفراد ونرى هنا أن الفساد على مستوى الأسباط. فسبط دان أراد أن يقيم لنفسه الهاً وكاهناً ولو بالإغتصاب.
قضاة,18,78,"رأينا في الإصحاح السابق الفساد على مستوى الأفراد ونرى هنا أن الفساد على مستوى الأسباط. فسبط دان أراد أن يقيم لنفسه الهاً وكاهناً ولو بالإغتصاب.
قضاة,18,79,"رأينا في الإصحاح السابق الفساد على مستوى الأفراد ونرى هنا أن الفساد على مستوى الأسباط. فسبط دان أراد أن يقيم لنفسه الهاً وكاهناً ولو بالإغتصاب.
قضاة,18,80,"رأينا في الإصحاح السابق الفساد على مستوى الأفراد ونرى هنا أن الفساد على مستوى الأسباط. فسبط دان أراد أن يقيم لنفسه الهاً وكاهناً ولو بالإغتصاب.
قضاة,18,81,"رأينا في الإصحاح السابق الفساد على مستوى الأفراد ونرى هنا أن الفساد على مستوى الأسباط. فسبط دان أراد أن يقيم لنفسه الهاً وكاهناً ولو بالإغتصاب.
قضاة,18,82,"رأينا في الإصحاح السابق الفساد على مستوى الأفراد ونرى هنا أن الفساد على مستوى الأسباط. فسبط دان أراد أن يقيم لنفسه الهاً وكاهناً ولو بالإغتصاب.
قضاة,18,83,"رأينا في الإصحاح السابق الفساد على مستوى الأفراد ونرى هنا أن الفساد على مستوى الأسباط. فسبط دان أراد أن يقيم لنفسه الهاً وكاهناً ولو بالإغتصاب.
قضاة,18,84,"رأينا في الإصحاح السابق الفساد على مستوى الأفراد ونرى هنا أن الفساد على مستوى الأسباط. فسبط دان أراد أن يقيم لنفسه الهاً وكاهناً ولو بالإغتصاب.
قضاة,18,85,"رأينا في الإصحاح السابق الفساد على مستوى الأفراد ونرى هنا أن الفساد على مستوى الأسباط. فسبط دان أراد أن يقيم لنفسه الهاً وكاهناً ولو بالإغتصاب.
قضاة,18,86,"رأينا في الإصحاح السابق الفساد على مستوى الأفراد ونرى هنا أن الفساد على مستوى الأسباط. فسبط دان أراد أن يقيم لنفسه الهاً وكاهناً ولو بالإغتصاب.
قضاة,18,87,"رأينا في الإصحاح السابق الفساد على مستوى الأفراد ونرى هنا أن الفساد على مستوى الأسباط. فسبط دان أراد أن يقيم لنفسه الهاً وكاهناً ولو بالإغتصاب.
قضاة,18,88,"رأينا في الإصحاح السابق الفساد على مستوى الأفراد ونرى هنا أن الفساد على مستوى الأسباط. فسبط دان أراد أن يقيم لنفسه الهاً وكاهناً ولو بالإغتصاب.
قضاة,18,89,"رأينا في الإصحاح السابق الفساد على مستوى الأفراد ونرى هنا أن الفساد على مستوى الأسباط. فسبط دان أراد أن يقيم لنفسه الهاً وكاهناً ولو بالإغتصاب.
قضاة,18,90,"رأينا في الإصحاح السابق الفساد على مستوى الأفراد ونرى هنا أن الفساد على مستوى الأسباط. فسبط دان أراد أن يقيم لنفسه الهاً وكاهناً ولو بالإغتصاب.
قضاة,18,91,"رأينا في الإصحاح السابق الفساد على مستوى الأفراد ونرى هنا أن الفساد على مستوى الأسباط. فسبط دان أراد أن يقيم لنفسه الهاً وكاهناً ولو بالإغتصاب.
قضاة,18,92,"رأينا في الإصحاح السابق الفساد على مستوى الأفراد ونرى هنا أن الفساد على مستوى الأسباط. فسبط دان أراد أن يقيم لنفسه الهاً وكاهناً ولو بالإغتصاب.
قضاة,18,93,"رأينا في الإصحاح السابق الفساد على مستوى الأفراد ونرى هنا أن الفساد على مستوى الأسباط. فسبط دان أراد أن يقيم لنفسه الهاً وكاهناً ولو بالإغتصاب.
قضاة,18,94,"رأينا في الإصحاح السابق الفساد على مستوى الأفراد ونرى هنا أن الفساد على مستوى الأسباط. فسبط دان أراد أن يقيم لنفسه الهاً وكاهناً ولو بالإغتصاب.
قضاة,18,95,"رأينا في الإصحاح السابق الفساد على مستوى الأفراد ونرى هنا أن الفساد على مستوى الأسباط. فسبط دان أراد أن يقيم لنفسه الهاً وكاهناً ولو بالإغتصاب.
قضاة,18,96,"رأينا في الإصحاح السابق الفساد على مستوى الأفراد ونرى هنا أن الفساد على مستوى الأسباط. فسبط دان أراد أن يقيم لنفسه الهاً وكاهناً ولو بالإغتصاب.
قضاة,18,97,"رأينا في الإصحاح السابق الفساد على مستوى الأفراد ونرى هنا أن الفساد على مستوى الأسباط. فسبط دان أراد أن يقيم لنفسه الهاً وكاهناً ولو بالإغتصاب.
قضاة,18,98,"رأينا في الإصحاح السابق الفساد على مستوى الأفراد ونرى هنا أن الفساد على مستوى الأسباط. فسبط دان أراد أن يقيم لنفسه الهاً وكاهناً ولو بالإغتصاب.
قضاة,18,99,"رأينا في الإصحاح السابق الفساد على مستوى الأفراد ونرى هنا أن الفساد على مستوى الأسباط. فسبط دان أراد أن يقيم لنفسه الهاً وكاهناً ولو بالإغتصاب.
قضاة,19,1,"يكشف هذا الإصحاح عن حالة الفساد الخلقى البشعة التي تردى إليها شعب الله. وهذه الأحداث غالباً حدثت بعد موت يشوع بفترة لأن فينحاس كان رئيساً للكهنة ( 20:28) وقولهُ لم يكن ملك ( 19: 1). تعنى ايضاً لم يكن هناك قاضٍ لإسرائيل.
قضاة,19,2,"يكشف هذا الإصحاح عن حالة الفساد الخلقى البشعة التي تردى إليها شعب الله. وهذه الأحداث غالباً حدثت بعد موت يشوع بفترة لأن فينحاس كان رئيساً للكهنة ( 20:28) وقولهُ لم يكن ملك ( 19: 1). تعنى ايضاً لم يكن هناك قاضٍ لإسرائيل.
قضاة,19,3,"يكشف هذا الإصحاح عن حالة الفساد الخلقى البشعة التي تردى إليها شعب الله. وهذه الأحداث غالباً حدثت بعد موت يشوع بفترة لأن فينحاس كان رئيساً للكهنة ( 20:28) وقولهُ لم يكن ملك ( 19: 1). تعنى ايضاً لم يكن هناك قاضٍ لإسرائيل.
قضاة,19,4,"يكشف هذا الإصحاح عن حالة الفساد الخلقى البشعة التي تردى إليها شعب الله. وهذه الأحداث غالباً حدثت بعد موت يشوع بفترة لأن فينحاس كان رئيساً للكهنة ( 20:28) وقولهُ لم يكن ملك ( 19: 1). تعنى ايضاً لم يكن هناك قاضٍ لإسرائيل.
قضاة,19,5,"يكشف هذا الإصحاح عن حالة الفساد الخلقى البشعة التي تردى إليها شعب الله. وهذه الأحداث غالباً حدثت بعد موت يشوع بفترة لأن فينحاس كان رئيساً للكهنة ( 20:28) وقولهُ لم يكن ملك ( 19: 1). تعنى ايضاً لم يكن هناك قاضٍ لإسرائيل.
قضاة,19,6,"يكشف هذا الإصحاح عن حالة الفساد الخلقى البشعة التي تردى إليها شعب الله. وهذه الأحداث غالباً حدثت بعد موت يشوع بفترة لأن فينحاس كان رئيساً للكهنة ( 20:28) وقولهُ لم يكن ملك ( 19: 1). تعنى ايضاً لم يكن هناك قاضٍ لإسرائيل.
قضاة,19,7,"يكشف هذا الإصحاح عن حالة الفساد الخلقى البشعة التي تردى إليها شعب الله. وهذه الأحداث غالباً حدثت بعد موت يشوع بفترة لأن فينحاس كان رئيساً للكهنة ( 20:28) وقولهُ لم يكن ملك ( 19: 1). تعنى ايضاً لم يكن هناك قاضٍ لإسرائيل.
قضاة,19,8,"يكشف هذا الإصحاح عن حالة الفساد الخلقى البشعة التي تردى إليها شعب الله. وهذه الأحداث غالباً حدثت بعد موت يشوع بفترة لأن فينحاس كان رئيساً للكهنة ( 20:28) وقولهُ لم يكن ملك ( 19: 1). تعنى ايضاً لم يكن هناك قاضٍ لإسرائيل.
قضاة,19,9,"يكشف هذا الإصحاح عن حالة الفساد الخلقى البشعة التي تردى إليها شعب الله. وهذه الأحداث غالباً حدثت بعد موت يشوع بفترة لأن فينحاس كان رئيساً للكهنة ( 20:28) وقولهُ لم يكن ملك ( 19: 1). تعنى ايضاً لم يكن هناك قاضٍ لإسرائيل.
قضاة,19,10,"يكشف هذا الإصحاح عن حالة الفساد الخلقى البشعة التي تردى إليها شعب الله. وهذه الأحداث غالباً حدثت بعد موت يشوع بفترة لأن فينحاس كان رئيساً للكهنة ( 20:28) وقولهُ لم يكن ملك ( 19: 1). تعنى ايضاً لم يكن هناك قاضٍ لإسرائيل.
قضاة,19,11,"يكشف هذا الإصحاح عن حالة الفساد الخلقى البشعة التي تردى إليها شعب الله. وهذه الأحداث غالباً حدثت بعد موت يشوع بفترة لأن فينحاس كان رئيساً للكهنة ( 20:28) وقولهُ لم يكن ملك ( 19: 1). تعنى ايضاً لم يكن هناك قاضٍ لإسرائيل.
قضاة,19,12,"يكشف هذا الإصحاح عن حالة الفساد الخلقى البشعة التي تردى إليها شعب الله. وهذه الأحداث غالباً حدثت بعد موت يشوع بفترة لأن فينحاس كان رئيساً للكهنة ( 20:28) وقولهُ لم يكن ملك ( 19: 1). تعنى ايضاً لم يكن هناك قاضٍ لإسرائيل.
قضاة,19,13,"يكشف هذا الإصحاح عن حالة الفساد الخلقى البشعة التي تردى إليها شعب الله. وهذه الأحداث غالباً حدثت بعد موت يشوع بفترة لأن فينحاس كان رئيساً للكهنة ( 20:28) وقولهُ لم يكن ملك ( 19: 1). تعنى ايضاً لم يكن هناك قاضٍ لإسرائيل.
قضاة,19,14,"يكشف هذا الإصحاح عن حالة الفساد الخلقى البشعة التي تردى إليها شعب الله. وهذه الأحداث غالباً حدثت بعد موت يشوع بفترة لأن فينحاس كان رئيساً للكهنة ( 20:28) وقولهُ لم يكن ملك ( 19: 1). تعنى ايضاً لم يكن هناك قاضٍ لإسرائيل.
قضاة,19,15,"يكشف هذا الإصحاح عن حالة الفساد الخلقى البشعة التي تردى إليها شعب الله. وهذه الأحداث غالباً حدثت بعد موت يشوع بفترة لأن فينحاس كان رئيساً للكهنة ( 20:28) وقولهُ لم يكن ملك ( 19: 1). تعنى ايضاً لم يكن هناك قاضٍ لإسرائيل.
قضاة,19,16,"يكشف هذا الإصحاح عن حالة الفساد الخلقى البشعة التي تردى إليها شعب الله. وهذه الأحداث غالباً حدثت بعد موت يشوع بفترة لأن فينحاس كان رئيساً للكهنة ( 20:28) وقولهُ لم يكن ملك ( 19: 1). تعنى ايضاً لم يكن هناك قاضٍ لإسرائيل.
قضاة,19,17,"يكشف هذا الإصحاح عن حالة الفساد الخلقى البشعة التي تردى إليها شعب الله. وهذه الأحداث غالباً حدثت بعد موت يشوع بفترة لأن فينحاس كان رئيساً للكهنة ( 20:28) وقولهُ لم يكن ملك ( 19: 1). تعنى ايضاً لم يكن هناك قاضٍ لإسرائيل.
قضاة,19,18,"يكشف هذا الإصحاح عن حالة الفساد الخلقى البشعة التي تردى إليها شعب الله. وهذه الأحداث غالباً حدثت بعد موت يشوع بفترة لأن فينحاس كان رئيساً للكهنة ( 20:28) وقولهُ لم يكن ملك ( 19: 1). تعنى ايضاً لم يكن هناك قاضٍ لإسرائيل.
قضاة,19,19,"يكشف هذا الإصحاح عن حالة الفساد الخلقى البشعة التي تردى إليها شعب الله. وهذه الأحداث غالباً حدثت بعد موت يشوع بفترة لأن فينحاس كان رئيساً للكهنة ( 20:28) وقولهُ لم يكن ملك ( 19: 1). تعنى ايضاً لم يكن هناك قاضٍ لإسرائيل.
قضاة,19,20,"يكشف هذا الإصحاح عن حالة الفساد الخلقى البشعة التي تردى إليها شعب الله. وهذه الأحداث غالباً حدثت بعد موت يشوع بفترة لأن فينحاس كان رئيساً للكهنة ( 20:28) وقولهُ لم يكن ملك ( 19: 1). تعنى ايضاً لم يكن هناك قاضٍ لإسرائيل.
قضاة,19,21,"يكشف هذا الإصحاح عن حالة الفساد الخلقى البشعة التي تردى إليها شعب الله. وهذه الأحداث غالباً حدثت بعد موت يشوع بفترة لأن فينحاس كان رئيساً للكهنة ( 20:28) وقولهُ لم يكن ملك ( 19: 1). تعنى ايضاً لم يكن هناك قاضٍ لإسرائيل.
قضاة,19,22,"يكشف هذا الإصحاح عن حالة الفساد الخلقى البشعة التي تردى إليها شعب الله. وهذه الأحداث غالباً حدثت بعد موت يشوع بفترة لأن فينحاس كان رئيساً للكهنة ( 20:28) وقولهُ لم يكن ملك ( 19: 1). تعنى ايضاً لم يكن هناك قاضٍ لإسرائيل.
قضاة,19,23,"يكشف هذا الإصحاح عن حالة الفساد الخلقى البشعة التي تردى إليها شعب الله. وهذه الأحداث غالباً حدثت بعد موت يشوع بفترة لأن فينحاس كان رئيساً للكهنة ( 20:28) وقولهُ لم يكن ملك ( 19: 1). تعنى ايضاً لم يكن هناك قاضٍ لإسرائيل.
قضاة,19,24,"يكشف هذا الإصحاح عن حالة الفساد الخلقى البشعة التي تردى إليها شعب الله. وهذه الأحداث غالباً حدثت بعد موت يشوع بفترة لأن فينحاس كان رئيساً للكهنة ( 20:28) وقولهُ لم يكن ملك ( 19: 1). تعنى ايضاً لم يكن هناك قاضٍ لإسرائيل.
قضاة,19,25,"يكشف هذا الإصحاح عن حالة الفساد الخلقى البشعة التي تردى إليها شعب الله. وهذه الأحداث غالباً حدثت بعد موت يشوع بفترة لأن فينحاس كان رئيساً للكهنة ( 20:28) وقولهُ لم يكن ملك ( 19: 1). تعنى ايضاً لم يكن هناك قاضٍ لإسرائيل.
قضاة,19,26,"يكشف هذا الإصحاح عن حالة الفساد الخلقى البشعة التي تردى إليها شعب الله. وهذه الأحداث غالباً حدثت بعد موت يشوع بفترة لأن فينحاس كان رئيساً للكهنة ( 20:28) وقولهُ لم يكن ملك ( 19: 1). تعنى ايضاً لم يكن هناك قاضٍ لإسرائيل.
قضاة,19,27,"يكشف هذا الإصحاح عن حالة الفساد الخلقى البشعة التي تردى إليها شعب الله. وهذه الأحداث غالباً حدثت بعد موت يشوع بفترة لأن فينحاس كان رئيساً للكهنة ( 20:28) وقولهُ لم يكن ملك ( 19: 1). تعنى ايضاً لم يكن هناك قاضٍ لإسرائيل.
قضاة,19,28,"يكشف هذا الإصحاح عن حالة الفساد الخلقى البشعة التي تردى إليها شعب الله. وهذه الأحداث غالباً حدثت بعد موت يشوع بفترة لأن فينحاس كان رئيساً للكهنة ( 20:28) وقولهُ لم يكن ملك ( 19: 1). تعنى ايضاً لم يكن هناك قاضٍ لإسرائيل.
قضاة,19,29,"يكشف هذا الإصحاح عن حالة الفساد الخلقى البشعة التي تردى إليها شعب الله. وهذه الأحداث غالباً حدثت بعد موت يشوع بفترة لأن فينحاس كان رئيساً للكهنة ( 20:28) وقولهُ لم يكن ملك ( 19: 1). تعنى ايضاً لم يكن هناك قاضٍ لإسرائيل.
قضاة,19,30,"يكشف هذا الإصحاح عن حالة الفساد الخلقى البشعة التي تردى إليها شعب الله. وهذه الأحداث غالباً حدثت بعد موت يشوع بفترة لأن فينحاس كان رئيساً للكهنة ( 20:28) وقولهُ لم يكن ملك ( 19: 1). تعنى ايضاً لم يكن هناك قاضٍ لإسرائيل.
قضاة,19,31,"يكشف هذا الإصحاح عن حالة الفساد الخلقى البشعة التي تردى إليها شعب الله. وهذه الأحداث غالباً حدثت بعد موت يشوع بفترة لأن فينحاس كان رئيساً للكهنة ( 20:28) وقولهُ لم يكن ملك ( 19: 1). تعنى ايضاً لم يكن هناك قاضٍ لإسرائيل.
قضاة,19,32,"يكشف هذا الإصحاح عن حالة الفساد الخلقى البشعة التي تردى إليها شعب الله. وهذه الأحداث غالباً حدثت بعد موت يشوع بفترة لأن فينحاس كان رئيساً للكهنة ( 20:28) وقولهُ لم يكن ملك ( 19: 1). تعنى ايضاً لم يكن هناك قاضٍ لإسرائيل.
قضاة,19,33,"يكشف هذا الإصحاح عن حالة الفساد الخلقى البشعة التي تردى إليها شعب الله. وهذه الأحداث غالباً حدثت بعد موت يشوع بفترة لأن فينحاس كان رئيساً للكهنة ( 20:28) وقولهُ لم يكن ملك ( 19: 1). تعنى ايضاً لم يكن هناك قاضٍ لإسرائيل.
قضاة,19,34,"يكشف هذا الإصحاح عن حالة الفساد الخلقى البشعة التي تردى إليها شعب الله. وهذه الأحداث غالباً حدثت بعد موت يشوع بفترة لأن فينحاس كان رئيساً للكهنة ( 20:28) وقولهُ لم يكن ملك ( 19: 1). تعنى ايضاً لم يكن هناك قاضٍ لإسرائيل.
قضاة,19,35,"يكشف هذا الإصحاح عن حالة الفساد الخلقى البشعة التي تردى إليها شعب الله. وهذه الأحداث غالباً حدثت بعد موت يشوع بفترة لأن فينحاس كان رئيساً للكهنة ( 20:28) وقولهُ لم يكن ملك ( 19: 1). تعنى ايضاً لم يكن هناك قاضٍ لإسرائيل.
قضاة,19,36,"يكشف هذا الإصحاح عن حالة الفساد الخلقى البشعة التي تردى إليها شعب الله. وهذه الأحداث غالباً حدثت بعد موت يشوع بفترة لأن فينحاس كان رئيساً للكهنة ( 20:28) وقولهُ لم يكن ملك ( 19: 1). تعنى ايضاً لم يكن هناك قاضٍ لإسرائيل.
قضاة,19,37,"يكشف هذا الإصحاح عن حالة الفساد الخلقى البشعة التي تردى إليها شعب الله. وهذه الأحداث غالباً حدثت بعد موت يشوع بفترة لأن فينحاس كان رئيساً للكهنة ( 20:28) وقولهُ لم يكن ملك ( 19: 1). تعنى ايضاً لم يكن هناك قاضٍ لإسرائيل.
قضاة,19,38,"يكشف هذا الإصحاح عن حالة الفساد الخلقى البشعة التي تردى إليها شعب الله. وهذه الأحداث غالباً حدثت بعد موت يشوع بفترة لأن فينحاس كان رئيساً للكهنة ( 20:28) وقولهُ لم يكن ملك ( 19: 1). تعنى ايضاً لم يكن هناك قاضٍ لإسرائيل.
قضاة,19,39,"يكشف هذا الإصحاح عن حالة الفساد الخلقى البشعة التي تردى إليها شعب الله. وهذه الأحداث غالباً حدثت بعد موت يشوع بفترة لأن فينحاس كان رئيساً للكهنة ( 20:28) وقولهُ لم يكن ملك ( 19: 1). تعنى ايضاً لم يكن هناك قاضٍ لإسرائيل.
قضاة,19,40,"يكشف هذا الإصحاح عن حالة الفساد الخلقى البشعة التي تردى إليها شعب الله. وهذه الأحداث غالباً حدثت بعد موت يشوع بفترة لأن فينحاس كان رئيساً للكهنة ( 20:28) وقولهُ لم يكن ملك ( 19: 1). تعنى ايضاً لم يكن هناك قاضٍ لإسرائيل.
قضاة,19,41,"يكشف هذا الإصحاح عن حالة الفساد الخلقى البشعة التي تردى إليها شعب الله. وهذه الأحداث غالباً حدثت بعد موت يشوع بفترة لأن فينحاس كان رئيساً للكهنة ( 20:28) وقولهُ لم يكن ملك ( 19: 1). تعنى ايضاً لم يكن هناك قاضٍ لإسرائيل.
قضاة,19,42,"يكشف هذا الإصحاح عن حالة الفساد الخلقى البشعة التي تردى إليها شعب الله. وهذه الأحداث غالباً حدثت بعد موت يشوع بفترة لأن فينحاس كان رئيساً للكهنة ( 20:28) وقولهُ لم يكن ملك ( 19: 1). تعنى ايضاً لم يكن هناك قاضٍ لإسرائيل.
قضاة,19,43,"يكشف هذا الإصحاح عن حالة الفساد الخلقى البشعة التي تردى إليها شعب الله. وهذه الأحداث غالباً حدثت بعد موت يشوع بفترة لأن فينحاس كان رئيساً للكهنة ( 20:28) وقولهُ لم يكن ملك ( 19: 1). تعنى ايضاً لم يكن هناك قاضٍ لإسرائيل.
قضاة,19,44,"يكشف هذا الإصحاح عن حالة الفساد الخلقى البشعة التي تردى إليها شعب الله. وهذه الأحداث غالباً حدثت بعد موت يشوع بفترة لأن فينحاس كان رئيساً للكهنة ( 20:28) وقولهُ لم يكن ملك ( 19: 1). تعنى ايضاً لم يكن هناك قاضٍ لإسرائيل.
قضاة,19,45,"يكشف هذا الإصحاح عن حالة الفساد الخلقى البشعة التي تردى إليها شعب الله. وهذه الأحداث غالباً حدثت بعد موت يشوع بفترة لأن فينحاس كان رئيساً للكهنة ( 20:28) وقولهُ لم يكن ملك ( 19: 1). تعنى ايضاً لم يكن هناك قاضٍ لإسرائيل.
قضاة,19,46,"يكشف هذا الإصحاح عن حالة الفساد الخلقى البشعة التي تردى إليها شعب الله. وهذه الأحداث غالباً حدثت بعد موت يشوع بفترة لأن فينحاس كان رئيساً للكهنة ( 20:28) وقولهُ لم يكن ملك ( 19: 1). تعنى ايضاً لم يكن هناك قاضٍ لإسرائيل.
قضاة,19,47,"يكشف هذا الإصحاح عن حالة الفساد الخلقى البشعة التي تردى إليها شعب الله. وهذه الأحداث غالباً حدثت بعد موت يشوع بفترة لأن فينحاس كان رئيساً للكهنة ( 20:28) وقولهُ لم يكن ملك ( 19: 1). تعنى ايضاً لم يكن هناك قاضٍ لإسرائيل.
قضاة,19,48,"يكشف هذا الإصحاح عن حالة الفساد الخلقى البشعة التي تردى إليها شعب الله. وهذه الأحداث غالباً حدثت بعد موت يشوع بفترة لأن فينحاس كان رئيساً للكهنة ( 20:28) وقولهُ لم يكن ملك ( 19: 1). تعنى ايضاً لم يكن هناك قاضٍ لإسرائيل.
قضاة,19,49,"يكشف هذا الإصحاح عن حالة الفساد الخلقى البشعة التي تردى إليها شعب الله. وهذه الأحداث غالباً حدثت بعد موت يشوع بفترة لأن فينحاس كان رئيساً للكهنة ( 20:28) وقولهُ لم يكن ملك ( 19: 1). تعنى ايضاً لم يكن هناك قاضٍ لإسرائيل.
قضاة,19,50,"يكشف هذا الإصحاح عن حالة الفساد الخلقى البشعة التي تردى إليها شعب الله. وهذه الأحداث غالباً حدثت بعد موت يشوع بفترة لأن فينحاس كان رئيساً للكهنة ( 20:28) وقولهُ لم يكن ملك ( 19: 1). تعنى ايضاً لم يكن هناك قاضٍ لإسرائيل.
قضاة,19,51,"يكشف هذا الإصحاح عن حالة الفساد الخلقى البشعة التي تردى إليها شعب الله. وهذه الأحداث غالباً حدثت بعد موت يشوع بفترة لأن فينحاس كان رئيساً للكهنة ( 20:28) وقولهُ لم يكن ملك ( 19: 1). تعنى ايضاً لم يكن هناك قاضٍ لإسرائيل.
قضاة,19,52,"يكشف هذا الإصحاح عن حالة الفساد الخلقى البشعة التي تردى إليها شعب الله. وهذه الأحداث غالباً حدثت بعد موت يشوع بفترة لأن فينحاس كان رئيساً للكهنة ( 20:28) وقولهُ لم يكن ملك ( 19: 1). تعنى ايضاً لم يكن هناك قاضٍ لإسرائيل.
قضاة,19,53,"يكشف هذا الإصحاح عن حالة الفساد الخلقى البشعة التي تردى إليها شعب الله. وهذه الأحداث غالباً حدثت بعد موت يشوع بفترة لأن فينحاس كان رئيساً للكهنة ( 20:28) وقولهُ لم يكن ملك ( 19: 1). تعنى ايضاً لم يكن هناك قاضٍ لإسرائيل.
قضاة,19,54,"يكشف هذا الإصحاح عن حالة الفساد الخلقى البشعة التي تردى إليها شعب الله. وهذه الأحداث غالباً حدثت بعد موت يشوع بفترة لأن فينحاس كان رئيساً للكهنة ( 20:28) وقولهُ لم يكن ملك ( 19: 1). تعنى ايضاً لم يكن هناك قاضٍ لإسرائيل.
قضاة,19,55,"يكشف هذا الإصحاح عن حالة الفساد الخلقى البشعة التي تردى إليها شعب الله. وهذه الأحداث غالباً حدثت بعد موت يشوع بفترة لأن فينحاس كان رئيساً للكهنة ( 20:28) وقولهُ لم يكن ملك ( 19: 1). تعنى ايضاً لم يكن هناك قاضٍ لإسرائيل.
قضاة,19,56,"يكشف هذا الإصحاح عن حالة الفساد الخلقى البشعة التي تردى إليها شعب الله. وهذه الأحداث غالباً حدثت بعد موت يشوع بفترة لأن فينحاس كان رئيساً للكهنة ( 20:28) وقولهُ لم يكن ملك ( 19: 1). تعنى ايضاً لم يكن هناك قاضٍ لإسرائيل.
قضاة,19,57,"يكشف هذا الإصحاح عن حالة الفساد الخلقى البشعة التي تردى إليها شعب الله. وهذه الأحداث غالباً حدثت بعد موت يشوع بفترة لأن فينحاس كان رئيساً للكهنة ( 20:28) وقولهُ لم يكن ملك ( 19: 1). تعنى ايضاً لم يكن هناك قاضٍ لإسرائيل.
قضاة,19,58,"يكشف هذا الإصحاح عن حالة الفساد الخلقى البشعة التي تردى إليها شعب الله. وهذه الأحداث غالباً حدثت بعد موت يشوع بفترة لأن فينحاس كان رئيساً للكهنة ( 20:28) وقولهُ لم يكن ملك ( 19: 1). تعنى ايضاً لم يكن هناك قاضٍ لإسرائيل.
قضاة,19,59,"يكشف هذا الإصحاح عن حالة الفساد الخلقى البشعة التي تردى إليها شعب الله. وهذه الأحداث غالباً حدثت بعد موت يشوع بفترة لأن فينحاس كان رئيساً للكهنة ( 20:28) وقولهُ لم يكن ملك ( 19: 1). تعنى ايضاً لم يكن هناك قاضٍ لإسرائيل.
قضاة,19,60,"يكشف هذا الإصحاح عن حالة الفساد الخلقى البشعة التي تردى إليها شعب الله. وهذه الأحداث غالباً حدثت بعد موت يشوع بفترة لأن فينحاس كان رئيساً للكهنة ( 20:28) وقولهُ لم يكن ملك ( 19: 1). تعنى ايضاً لم يكن هناك قاضٍ لإسرائيل.
قضاة,19,61,"يكشف هذا الإصحاح عن حالة الفساد الخلقى البشعة التي تردى إليها شعب الله. وهذه الأحداث غالباً حدثت بعد موت يشوع بفترة لأن فينحاس كان رئيساً للكهنة ( 20:28) وقولهُ لم يكن ملك ( 19: 1). تعنى ايضاً لم يكن هناك قاضٍ لإسرائيل.
قضاة,19,62,"يكشف هذا الإصحاح عن حالة الفساد الخلقى البشعة التي تردى إليها شعب الله. وهذه الأحداث غالباً حدثت بعد موت يشوع بفترة لأن فينحاس كان رئيساً للكهنة ( 20:28) وقولهُ لم يكن ملك ( 19: 1). تعنى ايضاً لم يكن هناك قاضٍ لإسرائيل.
قضاة,19,63,"يكشف هذا الإصحاح عن حالة الفساد الخلقى البشعة التي تردى إليها شعب الله. وهذه الأحداث غالباً حدثت بعد موت يشوع بفترة لأن فينحاس كان رئيساً للكهنة ( 20:28) وقولهُ لم يكن ملك ( 19: 1). تعنى ايضاً لم يكن هناك قاضٍ لإسرائيل.
قضاة,19,64,"يكشف هذا الإصحاح عن حالة الفساد الخلقى البشعة التي تردى إليها شعب الله. وهذه الأحداث غالباً حدثت بعد موت يشوع بفترة لأن فينحاس كان رئيساً للكهنة ( 20:28) وقولهُ لم يكن ملك ( 19: 1). تعنى ايضاً لم يكن هناك قاضٍ لإسرائيل.
قضاة,19,65,"يكشف هذا الإصحاح عن حالة الفساد الخلقى البشعة التي تردى إليها شعب الله. وهذه الأحداث غالباً حدثت بعد موت يشوع بفترة لأن فينحاس كان رئيساً للكهنة ( 20:28) وقولهُ لم يكن ملك ( 19: 1). تعنى ايضاً لم يكن هناك قاضٍ لإسرائيل.
قضاة,19,66,"يكشف هذا الإصحاح عن حالة الفساد الخلقى البشعة التي تردى إليها شعب الله. وهذه الأحداث غالباً حدثت بعد موت يشوع بفترة لأن فينحاس كان رئيساً للكهنة ( 20:28) وقولهُ لم يكن ملك ( 19: 1). تعنى ايضاً لم يكن هناك قاضٍ لإسرائيل.
قضاة,19,67,"يكشف هذا الإصحاح عن حالة الفساد الخلقى البشعة التي تردى إليها شعب الله. وهذه الأحداث غالباً حدثت بعد موت يشوع بفترة لأن فينحاس كان رئيساً للكهنة ( 20:28) وقولهُ لم يكن ملك ( 19: 1). تعنى ايضاً لم يكن هناك قاضٍ لإسرائيل.
قضاة,19,68,"يكشف هذا الإصحاح عن حالة الفساد الخلقى البشعة التي تردى إليها شعب الله. وهذه الأحداث غالباً حدثت بعد موت يشوع بفترة لأن فينحاس كان رئيساً للكهنة ( 20:28) وقولهُ لم يكن ملك ( 19: 1). تعنى ايضاً لم يكن هناك قاضٍ لإسرائيل.
قضاة,19,69,"يكشف هذا الإصحاح عن حالة الفساد الخلقى البشعة التي تردى إليها شعب الله. وهذه الأحداث غالباً حدثت بعد موت يشوع بفترة لأن فينحاس كان رئيساً للكهنة ( 20:28) وقولهُ لم يكن ملك ( 19: 1). تعنى ايضاً لم يكن هناك قاضٍ لإسرائيل.
قضاة,19,70,"يكشف هذا الإصحاح عن حالة الفساد الخلقى البشعة التي تردى إليها شعب الله. وهذه الأحداث غالباً حدثت بعد موت يشوع بفترة لأن فينحاس كان رئيساً للكهنة ( 20:28) وقولهُ لم يكن ملك ( 19: 1). تعنى ايضاً لم يكن هناك قاضٍ لإسرائيل.
قضاة,19,71,"يكشف هذا الإصحاح عن حالة الفساد الخلقى البشعة التي تردى إليها شعب الله. وهذه الأحداث غالباً حدثت بعد موت يشوع بفترة لأن فينحاس كان رئيساً للكهنة ( 20:28) وقولهُ لم يكن ملك ( 19: 1). تعنى ايضاً لم يكن هناك قاضٍ لإسرائيل.
قضاة,19,72,"يكشف هذا الإصحاح عن حالة الفساد الخلقى البشعة التي تردى إليها شعب الله. وهذه الأحداث غالباً حدثت بعد موت يشوع بفترة لأن فينحاس كان رئيساً للكهنة ( 20:28) وقولهُ لم يكن ملك ( 19: 1). تعنى ايضاً لم يكن هناك قاضٍ لإسرائيل.
قضاة,19,73,"يكشف هذا الإصحاح عن حالة الفساد الخلقى البشعة التي تردى إليها شعب الله. وهذه الأحداث غالباً حدثت بعد موت يشوع بفترة لأن فينحاس كان رئيساً للكهنة ( 20:28) وقولهُ لم يكن ملك ( 19: 1). تعنى ايضاً لم يكن هناك قاضٍ لإسرائيل.
قضاة,19,74,"يكشف هذا الإصحاح عن حالة الفساد الخلقى البشعة التي تردى إليها شعب الله. وهذه الأحداث غالباً حدثت بعد موت يشوع بفترة لأن فينحاس كان رئيساً للكهنة ( 20:28) وقولهُ لم يكن ملك ( 19: 1). تعنى ايضاً لم يكن هناك قاضٍ لإسرائيل.
قضاة,19,75,"يكشف هذا الإصحاح عن حالة الفساد الخلقى البشعة التي تردى إليها شعب الله. وهذه الأحداث غالباً حدثت بعد موت يشوع بفترة لأن فينحاس كان رئيساً للكهنة ( 20:28) وقولهُ لم يكن ملك ( 19: 1). تعنى ايضاً لم يكن هناك قاضٍ لإسرائيل.
قضاة,19,76,"يكشف هذا الإصحاح عن حالة الفساد الخلقى البشعة التي تردى إليها شعب الله. وهذه الأحداث غالباً حدثت بعد موت يشوع بفترة لأن فينحاس كان رئيساً للكهنة ( 20:28) وقولهُ لم يكن ملك ( 19: 1). تعنى ايضاً لم يكن هناك قاضٍ لإسرائيل.
قضاة,19,77,"يكشف هذا الإصحاح عن حالة الفساد الخلقى البشعة التي تردى إليها شعب الله. وهذه الأحداث غالباً حدثت بعد موت يشوع بفترة لأن فينحاس كان رئيساً للكهنة ( 20:28) وقولهُ لم يكن ملك ( 19: 1). تعنى ايضاً لم يكن هناك قاضٍ لإسرائيل.
قضاة,19,78,"يكشف هذا الإصحاح عن حالة الفساد الخلقى البشعة التي تردى إليها شعب الله. وهذه الأحداث غالباً حدثت بعد موت يشوع بفترة لأن فينحاس كان رئيساً للكهنة ( 20:28) وقولهُ لم يكن ملك ( 19: 1). تعنى ايضاً لم يكن هناك قاضٍ لإسرائيل.
قضاة,19,79,"يكشف هذا الإصحاح عن حالة الفساد الخلقى البشعة التي تردى إليها شعب الله. وهذه الأحداث غالباً حدثت بعد موت يشوع بفترة لأن فينحاس كان رئيساً للكهنة ( 20:28) وقولهُ لم يكن ملك ( 19: 1). تعنى ايضاً لم يكن هناك قاضٍ لإسرائيل.
قضاة,19,80,"يكشف هذا الإصحاح عن حالة الفساد الخلقى البشعة التي تردى إليها شعب الله. وهذه الأحداث غالباً حدثت بعد موت يشوع بفترة لأن فينحاس كان رئيساً للكهنة ( 20:28) وقولهُ لم يكن ملك ( 19: 1). تعنى ايضاً لم يكن هناك قاضٍ لإسرائيل.
قضاة,19,81,"يكشف هذا الإصحاح عن حالة الفساد الخلقى البشعة التي تردى إليها شعب الله. وهذه الأحداث غالباً حدثت بعد موت يشوع بفترة لأن فينحاس كان رئيساً للكهنة ( 20:28) وقولهُ لم يكن ملك ( 19: 1). تعنى ايضاً لم يكن هناك قاضٍ لإسرائيل.
قضاة,19,82,"يكشف هذا الإصحاح عن حالة الفساد الخلقى البشعة التي تردى إليها شعب الله. وهذه الأحداث غالباً حدثت بعد موت يشوع بفترة لأن فينحاس كان رئيساً للكهنة ( 20:28) وقولهُ لم يكن ملك ( 19: 1). تعنى ايضاً لم يكن هناك قاضٍ لإسرائيل.
قضاة,19,83,"يكشف هذا الإصحاح عن حالة الفساد الخلقى البشعة التي تردى إليها شعب الله. وهذه الأحداث غالباً حدثت بعد موت يشوع بفترة لأن فينحاس كان رئيساً للكهنة ( 20:28) وقولهُ لم يكن ملك ( 19: 1). تعنى ايضاً لم يكن هناك قاضٍ لإسرائيل.
قضاة,19,84,"يكشف هذا الإصحاح عن حالة الفساد الخلقى البشعة التي تردى إليها شعب الله. وهذه الأحداث غالباً حدثت بعد موت يشوع بفترة لأن فينحاس كان رئيساً للكهنة ( 20:28) وقولهُ لم يكن ملك ( 19: 1). تعنى ايضاً لم يكن هناك قاضٍ لإسرائيل.
قضاة,19,85,"يكشف هذا الإصحاح عن حالة الفساد الخلقى البشعة التي تردى إليها شعب الله. وهذه الأحداث غالباً حدثت بعد موت يشوع بفترة لأن فينحاس كان رئيساً للكهنة ( 20:28) وقولهُ لم يكن ملك ( 19: 1). تعنى ايضاً لم يكن هناك قاضٍ لإسرائيل.
قضاة,19,86,"يكشف هذا الإصحاح عن حالة الفساد الخلقى البشعة التي تردى إليها شعب الله. وهذه الأحداث غالباً حدثت بعد موت يشوع بفترة لأن فينحاس كان رئيساً للكهنة ( 20:28) وقولهُ لم يكن ملك ( 19: 1). تعنى ايضاً لم يكن هناك قاضٍ لإسرائيل.
قضاة,19,87,"يكشف هذا الإصحاح عن حالة الفساد الخلقى البشعة التي تردى إليها شعب الله. وهذه الأحداث غالباً حدثت بعد موت يشوع بفترة لأن فينحاس كان رئيساً للكهنة ( 20:28) وقولهُ لم يكن ملك ( 19: 1). تعنى ايضاً لم يكن هناك قاضٍ لإسرائيل.
قضاة,19,88,"يكشف هذا الإصحاح عن حالة الفساد الخلقى البشعة التي تردى إليها شعب الله. وهذه الأحداث غالباً حدثت بعد موت يشوع بفترة لأن فينحاس كان رئيساً للكهنة ( 20:28) وقولهُ لم يكن ملك ( 19: 1). تعنى ايضاً لم يكن هناك قاضٍ لإسرائيل.
قضاة,19,89,"يكشف هذا الإصحاح عن حالة الفساد الخلقى البشعة التي تردى إليها شعب الله. وهذه الأحداث غالباً حدثت بعد موت يشوع بفترة لأن فينحاس كان رئيساً للكهنة ( 20:28) وقولهُ لم يكن ملك ( 19: 1). تعنى ايضاً لم يكن هناك قاضٍ لإسرائيل.
قضاة,19,90,"يكشف هذا الإصحاح عن حالة الفساد الخلقى البشعة التي تردى إليها شعب الله. وهذه الأحداث غالباً حدثت بعد موت يشوع بفترة لأن فينحاس كان رئيساً للكهنة ( 20:28) وقولهُ لم يكن ملك ( 19: 1). تعنى ايضاً لم يكن هناك قاضٍ لإسرائيل.
قضاة,19,91,"يكشف هذا الإصحاح عن حالة الفساد الخلقى البشعة التي تردى إليها شعب الله. وهذه الأحداث غالباً حدثت بعد موت يشوع بفترة لأن فينحاس كان رئيساً للكهنة ( 20:28) وقولهُ لم يكن ملك ( 19: 1). تعنى ايضاً لم يكن هناك قاضٍ لإسرائيل.
قضاة,19,92,"يكشف هذا الإصحاح عن حالة الفساد الخلقى البشعة التي تردى إليها شعب الله. وهذه الأحداث غالباً حدثت بعد موت يشوع بفترة لأن فينحاس كان رئيساً للكهنة ( 20:28) وقولهُ لم يكن ملك ( 19: 1). تعنى ايضاً لم يكن هناك قاضٍ لإسرائيل.
قضاة,19,93,"يكشف هذا الإصحاح عن حالة الفساد الخلقى البشعة التي تردى إليها شعب الله. وهذه الأحداث غالباً حدثت بعد موت يشوع بفترة لأن فينحاس كان رئيساً للكهنة ( 20:28) وقولهُ لم يكن ملك ( 19: 1). تعنى ايضاً لم يكن هناك قاضٍ لإسرائيل.
قضاة,19,94,"يكشف هذا الإصحاح عن حالة الفساد الخلقى البشعة التي تردى إليها شعب الله. وهذه الأحداث غالباً حدثت بعد موت يشوع بفترة لأن فينحاس كان رئيساً للكهنة ( 20:28) وقولهُ لم يكن ملك ( 19: 1). تعنى ايضاً لم يكن هناك قاضٍ لإسرائيل.
قضاة,19,95,"يكشف هذا الإصحاح عن حالة الفساد الخلقى البشعة التي تردى إليها شعب الله. وهذه الأحداث غالباً حدثت بعد موت يشوع بفترة لأن فينحاس كان رئيساً للكهنة ( 20:28) وقولهُ لم يكن ملك ( 19: 1). تعنى ايضاً لم يكن هناك قاضٍ لإسرائيل.
قضاة,19,96,"يكشف هذا الإصحاح عن حالة الفساد الخلقى البشعة التي تردى إليها شعب الله. وهذه الأحداث غالباً حدثت بعد موت يشوع بفترة لأن فينحاس كان رئيساً للكهنة ( 20:28) وقولهُ لم يكن ملك ( 19: 1). تعنى ايضاً لم يكن هناك قاضٍ لإسرائيل.
قضاة,19,97,"يكشف هذا الإصحاح عن حالة الفساد الخلقى البشعة التي تردى إليها شعب الله. وهذه الأحداث غالباً حدثت بعد موت يشوع بفترة لأن فينحاس كان رئيساً للكهنة ( 20:28) وقولهُ لم يكن ملك ( 19: 1). تعنى ايضاً لم يكن هناك قاضٍ لإسرائيل.
قضاة,19,98,"يكشف هذا الإصحاح عن حالة الفساد الخلقى البشعة التي تردى إليها شعب الله. وهذه الأحداث غالباً حدثت بعد موت يشوع بفترة لأن فينحاس كان رئيساً للكهنة ( 20:28) وقولهُ لم يكن ملك ( 19: 1). تعنى ايضاً لم يكن هناك قاضٍ لإسرائيل.
قضاة,19,99,"يكشف هذا الإصحاح عن حالة الفساد الخلقى البشعة التي تردى إليها شعب الله. وهذه الأحداث غالباً حدثت بعد موت يشوع بفترة لأن فينحاس كان رئيساً للكهنة ( 20:28) وقولهُ لم يكن ملك ( 19: 1). تعنى ايضاً لم يكن هناك قاضٍ لإسرائيل.
قضاة,20,1,"آية (1): ""فخرج جميع بني إسرائيل واجتمعت الجماعة كرجل واحد من دان إلى بئر سبع مع ارض جلعاد إلى الرب في المصفاة.""
قضاة,20,2,"آية (1): ""فخرج جميع بني إسرائيل واجتمعت الجماعة كرجل واحد من دان إلى بئر سبع مع ارض جلعاد إلى الرب في المصفاة.""
قضاة,20,3,"آية (1): ""فخرج جميع بني إسرائيل واجتمعت الجماعة كرجل واحد من دان إلى بئر سبع مع ارض جلعاد إلى الرب في المصفاة.""
قضاة,20,4,"آية (1): ""فخرج جميع بني إسرائيل واجتمعت الجماعة كرجل واحد من دان إلى بئر سبع مع ارض جلعاد إلى الرب في المصفاة.""
قضاة,20,5,"آية (1): ""فخرج جميع بني إسرائيل واجتمعت الجماعة كرجل واحد من دان إلى بئر سبع مع ارض جلعاد إلى الرب في المصفاة.""
قضاة,20,6,"آية (1): ""فخرج جميع بني إسرائيل واجتمعت الجماعة كرجل واحد من دان إلى بئر سبع مع ارض جلعاد إلى الرب في المصفاة.""
قضاة,20,7,"آية (1): ""فخرج جميع بني إسرائيل واجتمعت الجماعة كرجل واحد من دان إلى بئر سبع مع ارض جلعاد إلى الرب في المصفاة.""
قضاة,20,8,"آية (1): ""فخرج جميع بني إسرائيل واجتمعت الجماعة كرجل واحد من دان إلى بئر سبع مع ارض جلعاد إلى الرب في المصفاة.""
قضاة,20,9,"آية (1): ""فخرج جميع بني إسرائيل واجتمعت الجماعة كرجل واحد من دان إلى بئر سبع مع ارض جلعاد إلى الرب في المصفاة.""
قضاة,20,10,"آية (1): ""فخرج جميع بني إسرائيل واجتمعت الجماعة كرجل واحد من دان إلى بئر سبع مع ارض جلعاد إلى الرب في المصفاة.""
قضاة,20,11,"آية (1): ""فخرج جميع بني إسرائيل واجتمعت الجماعة كرجل واحد من دان إلى بئر سبع مع ارض جلعاد إلى الرب في المصفاة.""
قضاة,20,12,"آية (1): ""فخرج جميع بني إسرائيل واجتمعت الجماعة كرجل واحد من دان إلى بئر سبع مع ارض جلعاد إلى الرب في المصفاة.""
قضاة,20,13,"آية (1): ""فخرج جميع بني إسرائيل واجتمعت الجماعة كرجل واحد من دان إلى بئر سبع مع ارض جلعاد إلى الرب في المصفاة.""
قضاة,20,14,"آية (1): ""فخرج جميع بني إسرائيل واجتمعت الجماعة كرجل واحد من دان إلى بئر سبع مع ارض جلعاد إلى الرب في المصفاة.""
قضاة,20,15,"آية (1): ""فخرج جميع بني إسرائيل واجتمعت الجماعة كرجل واحد من دان إلى بئر سبع مع ارض جلعاد إلى الرب في المصفاة.""
قضاة,20,16,"آية (1): ""فخرج جميع بني إسرائيل واجتمعت الجماعة كرجل واحد من دان إلى بئر سبع مع ارض جلعاد إلى الرب في المصفاة.""
قضاة,20,17,"آية (1): ""فخرج جميع بني إسرائيل واجتمعت الجماعة كرجل واحد من دان إلى بئر سبع مع ارض جلعاد إلى الرب في المصفاة.""
قضاة,20,18,"آية (1): ""فخرج جميع بني إسرائيل واجتمعت الجماعة كرجل واحد من دان إلى بئر سبع مع ارض جلعاد إلى الرب في المصفاة.""
قضاة,20,19,"آية (1): ""فخرج جميع بني إسرائيل واجتمعت الجماعة كرجل واحد من دان إلى بئر سبع مع ارض جلعاد إلى الرب في المصفاة.""
قضاة,20,20,"آية (1): ""فخرج جميع بني إسرائيل واجتمعت الجماعة كرجل واحد من دان إلى بئر سبع مع ارض جلعاد إلى الرب في المصفاة.""
قضاة,20,21,"آية (1): ""فخرج جميع بني إسرائيل واجتمعت الجماعة كرجل واحد من دان إلى بئر سبع مع ارض جلعاد إلى الرب في المصفاة.""
قضاة,20,22,"آية (1): ""فخرج جميع بني إسرائيل واجتمعت الجماعة كرجل واحد من دان إلى بئر سبع مع ارض جلعاد إلى الرب في المصفاة.""
قضاة,20,23,"آية (1): ""فخرج جميع بني إسرائيل واجتمعت الجماعة كرجل واحد من دان إلى بئر سبع مع ارض جلعاد إلى الرب في المصفاة.""
قضاة,20,24,"آية (1): ""فخرج جميع بني إسرائيل واجتمعت الجماعة كرجل واحد من دان إلى بئر سبع مع ارض جلعاد إلى الرب في المصفاة.""
قضاة,20,25,"آية (1): ""فخرج جميع بني إسرائيل واجتمعت الجماعة كرجل واحد من دان إلى بئر سبع مع ارض جلعاد إلى الرب في المصفاة.""
قضاة,20,26,"آية (1): ""فخرج جميع بني إسرائيل واجتمعت الجماعة كرجل واحد من دان إلى بئر سبع مع ارض جلعاد إلى الرب في المصفاة.""
قضاة,20,27,"آية (1): ""فخرج جميع بني إسرائيل واجتمعت الجماعة كرجل واحد من دان إلى بئر سبع مع ارض جلعاد إلى الرب في المصفاة.""
قضاة,20,28,"آية (1): ""فخرج جميع بني إسرائيل واجتمعت الجماعة كرجل واحد من دان إلى بئر سبع مع ارض جلعاد إلى الرب في المصفاة.""
قضاة,20,29,"آية (1): ""فخرج جميع بني إسرائيل واجتمعت الجماعة كرجل واحد من دان إلى بئر سبع مع ارض جلعاد إلى الرب في المصفاة.""
قضاة,20,30,"آية (1): ""فخرج جميع بني إسرائيل واجتمعت الجماعة كرجل واحد من دان إلى بئر سبع مع ارض جلعاد إلى الرب في المصفاة.""
قضاة,20,31,"آية (1): ""فخرج جميع بني إسرائيل واجتمعت الجماعة كرجل واحد من دان إلى بئر سبع مع ارض جلعاد إلى الرب في المصفاة.""
قضاة,20,32,"آية (1): ""فخرج جميع بني إسرائيل واجتمعت الجماعة كرجل واحد من دان إلى بئر سبع مع ارض جلعاد إلى الرب في المصفاة.""
قضاة,20,33,"آية (1): ""فخرج جميع بني إسرائيل واجتمعت الجماعة كرجل واحد من دان إلى بئر سبع مع ارض جلعاد إلى الرب في المصفاة.""
قضاة,20,34,"آية (1): ""فخرج جميع بني إسرائيل واجتمعت الجماعة كرجل واحد من دان إلى بئر سبع مع ارض جلعاد إلى الرب في المصفاة.""
قضاة,20,35,"آية (1): ""فخرج جميع بني إسرائيل واجتمعت الجماعة كرجل واحد من دان إلى بئر سبع مع ارض جلعاد إلى الرب في المصفاة.""
قضاة,20,36,"آية (1): ""فخرج جميع بني إسرائيل واجتمعت الجماعة كرجل واحد من دان إلى بئر سبع مع ارض جلعاد إلى الرب في المصفاة.""
قضاة,20,37,"آية (1): ""فخرج جميع بني إسرائيل واجتمعت الجماعة كرجل واحد من دان إلى بئر سبع مع ارض جلعاد إلى الرب في المصفاة.""
قضاة,20,38,"آية (1): ""فخرج جميع بني إسرائيل واجتمعت الجماعة كرجل واحد من دان إلى بئر سبع مع ارض جلعاد إلى الرب في المصفاة.""
قضاة,20,39,"آية (1): ""فخرج جميع بني إسرائيل واجتمعت الجماعة كرجل واحد من دان إلى بئر سبع مع ارض جلعاد إلى الرب في المصفاة.""
قضاة,20,40,"آية (1): ""فخرج جميع بني إسرائيل واجتمعت الجماعة كرجل واحد من دان إلى بئر سبع مع ارض جلعاد إلى الرب في المصفاة.""
قضاة,20,41,"آية (1): ""فخرج جميع بني إسرائيل واجتمعت الجماعة كرجل واحد من دان إلى بئر سبع مع ارض جلعاد إلى الرب في المصفاة.""
قضاة,20,42,"آية (1): ""فخرج جميع بني إسرائيل واجتمعت الجماعة كرجل واحد من دان إلى بئر سبع مع ارض جلعاد إلى الرب في المصفاة.""
قضاة,20,43,"آية (1): ""فخرج جميع بني إسرائيل واجتمعت الجماعة كرجل واحد من دان إلى بئر سبع مع ارض جلعاد إلى الرب في المصفاة.""
قضاة,20,44,"آية (1): ""فخرج جميع بني إسرائيل واجتمعت الجماعة كرجل واحد من دان إلى بئر سبع مع ارض جلعاد إلى الرب في المصفاة.""
قضاة,20,45,"آية (1): ""فخرج جميع بني إسرائيل واجتمعت الجماعة كرجل واحد من دان إلى بئر سبع مع ارض جلعاد إلى الرب في المصفاة.""
قضاة,20,46,"آية (1): ""فخرج جميع بني إسرائيل واجتمعت الجماعة كرجل واحد من دان إلى بئر سبع مع ارض جلعاد إلى الرب في المصفاة.""
قضاة,20,47,"آية (1): ""فخرج جميع بني إسرائيل واجتمعت الجماعة كرجل واحد من دان إلى بئر سبع مع ارض جلعاد إلى الرب في المصفاة.""
قضاة,20,48,"آية (1): ""فخرج جميع بني إسرائيل واجتمعت الجماعة كرجل واحد من دان إلى بئر سبع مع ارض جلعاد إلى الرب في المصفاة.""
قضاة,20,49,"آية (1): ""فخرج جميع بني إسرائيل واجتمعت الجماعة كرجل واحد من دان إلى بئر سبع مع ارض جلعاد إلى الرب في المصفاة.""
قضاة,20,50,"آية (1): ""فخرج جميع بني إسرائيل واجتمعت الجماعة كرجل واحد من دان إلى بئر سبع مع ارض جلعاد إلى الرب في المصفاة.""
قضاة,20,51,"آية (1): ""فخرج جميع بني إسرائيل واجتمعت الجماعة كرجل واحد من دان إلى بئر سبع مع ارض جلعاد إلى الرب في المصفاة.""
قضاة,20,52,"آية (1): ""فخرج جميع بني إسرائيل واجتمعت الجماعة كرجل واحد من دان إلى بئر سبع مع ارض جلعاد إلى الرب في المصفاة.""
قضاة,20,53,"آية (1): ""فخرج جميع بني إسرائيل واجتمعت الجماعة كرجل واحد من دان إلى بئر سبع مع ارض جلعاد إلى الرب في المصفاة.""
قضاة,20,54,"آية (1): ""فخرج جميع بني إسرائيل واجتمعت الجماعة كرجل واحد من دان إلى بئر سبع مع ارض جلعاد إلى الرب في المصفاة.""
قضاة,20,55,"آية (1): ""فخرج جميع بني إسرائيل واجتمعت الجماعة كرجل واحد من دان إلى بئر سبع مع ارض جلعاد إلى الرب في المصفاة.""
قضاة,20,56,"آية (1): ""فخرج جميع بني إسرائيل واجتمعت الجماعة كرجل واحد من دان إلى بئر سبع مع ارض جلعاد إلى الرب في المصفاة.""
قضاة,20,57,"آية (1): ""فخرج جميع بني إسرائيل واجتمعت الجماعة كرجل واحد من دان إلى بئر سبع مع ارض جلعاد إلى الرب في المصفاة.""
قضاة,20,58,"آية (1): ""فخرج جميع بني إسرائيل واجتمعت الجماعة كرجل واحد من دان إلى بئر سبع مع ارض جلعاد إلى الرب في المصفاة.""
قضاة,20,59,"آية (1): ""فخرج جميع بني إسرائيل واجتمعت الجماعة كرجل واحد من دان إلى بئر سبع مع ارض جلعاد إلى الرب في المصفاة.""
قضاة,20,60,"آية (1): ""فخرج جميع بني إسرائيل واجتمعت الجماعة كرجل واحد من دان إلى بئر سبع مع ارض جلعاد إلى الرب في المصفاة.""
قضاة,20,61,"آية (1): ""فخرج جميع بني إسرائيل واجتمعت الجماعة كرجل واحد من دان إلى بئر سبع مع ارض جلعاد إلى الرب في المصفاة.""
قضاة,20,62,"آية (1): ""فخرج جميع بني إسرائيل واجتمعت الجماعة كرجل واحد من دان إلى بئر سبع مع ارض جلعاد إلى الرب في المصفاة.""
قضاة,20,63,"آية (1): ""فخرج جميع بني إسرائيل واجتمعت الجماعة كرجل واحد من دان إلى بئر سبع مع ارض جلعاد إلى الرب في المصفاة.""
قضاة,20,64,"آية (1): ""فخرج جميع بني إسرائيل واجتمعت الجماعة كرجل واحد من دان إلى بئر سبع مع ارض جلعاد إلى الرب في المصفاة.""
قضاة,20,65,"آية (1): ""فخرج جميع بني إسرائيل واجتمعت الجماعة كرجل واحد من دان إلى بئر سبع مع ارض جلعاد إلى الرب في المصفاة.""
قضاة,20,66,"آية (1): ""فخرج جميع بني إسرائيل واجتمعت الجماعة كرجل واحد من دان إلى بئر سبع مع ارض جلعاد إلى الرب في المصفاة.""
قضاة,20,67,"آية (1): ""فخرج جميع بني إسرائيل واجتمعت الجماعة كرجل واحد من دان إلى بئر سبع مع ارض جلعاد إلى الرب في المصفاة.""
قضاة,20,68,"آية (1): ""فخرج جميع بني إسرائيل واجتمعت الجماعة كرجل واحد من دان إلى بئر سبع مع ارض جلعاد إلى الرب في المصفاة.""
قضاة,20,69,"آية (1): ""فخرج جميع بني إسرائيل واجتمعت الجماعة كرجل واحد من دان إلى بئر سبع مع ارض جلعاد إلى الرب في المصفاة.""
قضاة,20,70,"آية (1): ""فخرج جميع بني إسرائيل واجتمعت الجماعة كرجل واحد من دان إلى بئر سبع مع ارض جلعاد إلى الرب في المصفاة.""
قضاة,20,71,"آية (1): ""فخرج جميع بني إسرائيل واجتمعت الجماعة كرجل واحد من دان إلى بئر سبع مع ارض جلعاد إلى الرب في المصفاة.""
قضاة,20,72,"آية (1): ""فخرج جميع بني إسرائيل واجتمعت الجماعة كرجل واحد من دان إلى بئر سبع مع ارض جلعاد إلى الرب في المصفاة.""
قضاة,20,73,"آية (1): ""فخرج جميع بني إسرائيل واجتمعت الجماعة كرجل واحد من دان إلى بئر سبع مع ارض جلعاد إلى الرب في المصفاة.""
قضاة,20,74,"آية (1): ""فخرج جميع بني إسرائيل واجتمعت الجماعة كرجل واحد من دان إلى بئر سبع مع ارض جلعاد إلى الرب في المصفاة.""
قضاة,20,75,"آية (1): ""فخرج جميع بني إسرائيل واجتمعت الجماعة كرجل واحد من دان إلى بئر سبع مع ارض جلعاد إلى الرب في المصفاة.""
قضاة,20,76,"آية (1): ""فخرج جميع بني إسرائيل واجتمعت الجماعة كرجل واحد من دان إلى بئر سبع مع ارض جلعاد إلى الرب في المصفاة.""
قضاة,20,77,"آية (1): ""فخرج جميع بني إسرائيل واجتمعت الجماعة كرجل واحد من دان إلى بئر سبع مع ارض جلعاد إلى الرب في المصفاة.""
قضاة,20,78,"آية (1): ""فخرج جميع بني إسرائيل واجتمعت الجماعة كرجل واحد من دان إلى بئر سبع مع ارض جلعاد إلى الرب في المصفاة.""
قضاة,20,79,"آية (1): ""فخرج جميع بني إسرائيل واجتمعت الجماعة كرجل واحد من دان إلى بئر سبع مع ارض جلعاد إلى الرب في المصفاة.""
قضاة,20,80,"آية (1): ""فخرج جميع بني إسرائيل واجتمعت الجماعة كرجل واحد من دان إلى بئر سبع مع ارض جلعاد إلى الرب في المصفاة.""
قضاة,20,81,"آية (1): ""فخرج جميع بني إسرائيل واجتمعت الجماعة كرجل واحد من دان إلى بئر سبع مع ارض جلعاد إلى الرب في المصفاة.""
قضاة,20,82,"آية (1): ""فخرج جميع بني إسرائيل واجتمعت الجماعة كرجل واحد من دان إلى بئر سبع مع ارض جلعاد إلى الرب في المصفاة.""
قضاة,20,83,"آية (1): ""فخرج جميع بني إسرائيل واجتمعت الجماعة كرجل واحد من دان إلى بئر سبع مع ارض جلعاد إلى الرب في المصفاة.""
قضاة,20,84,"آية (1): ""فخرج جميع بني إسرائيل واجتمعت الجماعة كرجل واحد من دان إلى بئر سبع مع ارض جلعاد إلى الرب في المصفاة.""
قضاة,20,85,"آية (1): ""فخرج جميع بني إسرائيل واجتمعت الجماعة كرجل واحد من دان إلى بئر سبع مع ارض جلعاد إلى الرب في المصفاة.""
قضاة,20,86,"آية (1): ""فخرج جميع بني إسرائيل واجتمعت الجماعة كرجل واحد من دان إلى بئر سبع مع ارض جلعاد إلى الرب في المصفاة.""
قضاة,20,87,"آية (1): ""فخرج جميع بني إسرائيل واجتمعت الجماعة كرجل واحد من دان إلى بئر سبع مع ارض جلعاد إلى الرب في المصفاة.""
قضاة,20,88,"آية (1): ""فخرج جميع بني إسرائيل واجتمعت الجماعة كرجل واحد من دان إلى بئر سبع مع ارض جلعاد إلى الرب في المصفاة.""
قضاة,20,89,"آية (1): ""فخرج جميع بني إسرائيل واجتمعت الجماعة كرجل واحد من دان إلى بئر سبع مع ارض جلعاد إلى الرب في المصفاة.""
قضاة,20,90,"آية (1): ""فخرج جميع بني إسرائيل واجتمعت الجماعة كرجل واحد من دان إلى بئر سبع مع ارض جلعاد إلى الرب في المصفاة.""
قضاة,20,91,"آية (1): ""فخرج جميع بني إسرائيل واجتمعت الجماعة كرجل واحد من دان إلى بئر سبع مع ارض جلعاد إلى الرب في المصفاة.""
قضاة,20,92,"آية (1): ""فخرج جميع بني إسرائيل واجتمعت الجماعة كرجل واحد من دان إلى بئر سبع مع ارض جلعاد إلى الرب في المصفاة.""
قضاة,20,93,"آية (1): ""فخرج جميع بني إسرائيل واجتمعت الجماعة كرجل واحد من دان إلى بئر سبع مع ارض جلعاد إلى الرب في المصفاة.""
قضاة,20,94,"آية (1): ""فخرج جميع بني إسرائيل واجتمعت الجماعة كرجل واحد من دان إلى بئر سبع مع ارض جلعاد إلى الرب في المصفاة.""
قضاة,20,95,"آية (1): ""فخرج جميع بني إسرائيل واجتمعت الجماعة كرجل واحد من دان إلى بئر سبع مع ارض جلعاد إلى الرب في المصفاة.""
قضاة,20,96,"آية (1): ""فخرج جميع بني إسرائيل واجتمعت الجماعة كرجل واحد من دان إلى بئر سبع مع ارض جلعاد إلى الرب في المصفاة.""
قضاة,20,97,"آية (1): ""فخرج جميع بني إسرائيل واجتمعت الجماعة كرجل واحد من دان إلى بئر سبع مع ارض جلعاد إلى الرب في المصفاة.""
قضاة,20,98,"آية (1): ""فخرج جميع بني إسرائيل واجتمعت الجماعة كرجل واحد من دان إلى بئر سبع مع ارض جلعاد إلى الرب في المصفاة.""
قضاة,20,99,"آية (1): ""فخرج جميع بني إسرائيل واجتمعت الجماعة كرجل واحد من دان إلى بئر سبع مع ارض جلعاد إلى الرب في المصفاة.""
قضاة,21,1,"آية (1): ""ورجال إسرائيل حلفوا في المصفاة قائلين لا يسلم أحد منا ابنته لبنيامين امرأة.""
قضاة,21,2,"آية (1): ""ورجال إسرائيل حلفوا في المصفاة قائلين لا يسلم أحد منا ابنته لبنيامين امرأة.""
قضاة,21,3,"آية (1): ""ورجال إسرائيل حلفوا في المصفاة قائلين لا يسلم أحد منا ابنته لبنيامين امرأة.""
قضاة,21,4,"آية (1): ""ورجال إسرائيل حلفوا في المصفاة قائلين لا يسلم أحد منا ابنته لبنيامين امرأة.""
قضاة,21,5,"آية (1): ""ورجال إسرائيل حلفوا في المصفاة قائلين لا يسلم أحد منا ابنته لبنيامين امرأة.""
قضاة,21,6,"آية (1): ""ورجال إسرائيل حلفوا في المصفاة قائلين لا يسلم أحد منا ابنته لبنيامين امرأة.""
قضاة,21,7,"آية (1): ""ورجال إسرائيل حلفوا في المصفاة قائلين لا يسلم أحد منا ابنته لبنيامين امرأة.""
قضاة,21,8,"آية (1): ""ورجال إسرائيل حلفوا في المصفاة قائلين لا يسلم أحد منا ابنته لبنيامين امرأة.""
قضاة,21,9,"آية (1): ""ورجال إسرائيل حلفوا في المصفاة قائلين لا يسلم أحد منا ابنته لبنيامين امرأة.""
قضاة,21,10,"آية (1): ""ورجال إسرائيل حلفوا في المصفاة قائلين لا يسلم أحد منا ابنته لبنيامين امرأة.""
قضاة,21,11,"آية (1): ""ورجال إسرائيل حلفوا في المصفاة قائلين لا يسلم أحد منا ابنته لبنيامين امرأة.""
قضاة,21,12,"آية (1): ""ورجال إسرائيل حلفوا في المصفاة قائلين لا يسلم أحد منا ابنته لبنيامين امرأة.""
قضاة,21,13,"آية (1): ""ورجال إسرائيل حلفوا في المصفاة قائلين لا يسلم أحد منا ابنته لبنيامين امرأة.""
قضاة,21,14,"آية (1): ""ورجال إسرائيل حلفوا في المصفاة قائلين لا يسلم أحد منا ابنته لبنيامين امرأة.""
قضاة,21,15,"آية (1): ""ورجال إسرائيل حلفوا في المصفاة قائلين لا يسلم أحد منا ابنته لبنيامين امرأة.""
قضاة,21,16,"آية (1): ""ورجال إسرائيل حلفوا في المصفاة قائلين لا يسلم أحد منا ابنته لبنيامين امرأة.""
قضاة,21,17,"آية (1): ""ورجال إسرائيل حلفوا في المصفاة قائلين لا يسلم أحد منا ابنته لبنيامين امرأة.""
قضاة,21,18,"آية (1): ""ورجال إسرائيل حلفوا في المصفاة قائلين لا يسلم أحد منا ابنته لبنيامين امرأة.""
قضاة,21,19,"آية (1): ""ورجال إسرائيل حلفوا في المصفاة قائلين لا يسلم أحد منا ابنته لبنيامين امرأة.""
قضاة,21,20,"آية (1): ""ورجال إسرائيل حلفوا في المصفاة قائلين لا يسلم أحد منا ابنته لبنيامين امرأة.""
قضاة,21,21,"آية (1): ""ورجال إسرائيل حلفوا في المصفاة قائلين لا يسلم أحد منا ابنته لبنيامين امرأة.""
قضاة,21,22,"آية (1): ""ورجال إسرائيل حلفوا في المصفاة قائلين لا يسلم أحد منا ابنته لبنيامين امرأة.""
قضاة,21,23,"آية (1): ""ورجال إسرائيل حلفوا في المصفاة قائلين لا يسلم أحد منا ابنته لبنيامين امرأة.""
قضاة,21,24,"آية (1): ""ورجال إسرائيل حلفوا في المصفاة قائلين لا يسلم أحد منا ابنته لبنيامين امرأة.""
قضاة,21,25,"آية (1): ""ورجال إسرائيل حلفوا في المصفاة قائلين لا يسلم أحد منا ابنته لبنيامين امرأة.""
قضاة,21,26,"آية (1): ""ورجال إسرائيل حلفوا في المصفاة قائلين لا يسلم أحد منا ابنته لبنيامين امرأة.""
قضاة,21,27,"آية (1): ""ورجال إسرائيل حلفوا في المصفاة قائلين لا يسلم أحد منا ابنته لبنيامين امرأة.""
قضاة,21,28,"آية (1): ""ورجال إسرائيل حلفوا في المصفاة قائلين لا يسلم أحد منا ابنته لبنيامين امرأة.""
قضاة,21,29,"آية (1): ""ورجال إسرائيل حلفوا في المصفاة قائلين لا يسلم أحد منا ابنته لبنيامين امرأة.""
قضاة,21,30,"آية (1): ""ورجال إسرائيل حلفوا في المصفاة قائلين لا يسلم أحد منا ابنته لبنيامين امرأة.""
قضاة,21,31,"آية (1): ""ورجال إسرائيل حلفوا في المصفاة قائلين لا يسلم أحد منا ابنته لبنيامين امرأة.""
قضاة,21,32,"آية (1): ""ورجال إسرائيل حلفوا في المصفاة قائلين لا يسلم أحد منا ابنته لبنيامين امرأة.""
قضاة,21,33,"آية (1): ""ورجال إسرائيل حلفوا في المصفاة قائلين لا يسلم أحد منا ابنته لبنيامين امرأة.""
قضاة,21,34,"آية (1): ""ورجال إسرائيل حلفوا في المصفاة قائلين لا يسلم أحد منا ابنته لبنيامين امرأة.""
قضاة,21,35,"آية (1): ""ورجال إسرائيل حلفوا في المصفاة قائلين لا يسلم أحد منا ابنته لبنيامين امرأة.""
قضاة,21,36,"آية (1): ""ورجال إسرائيل حلفوا في المصفاة قائلين لا يسلم أحد منا ابنته لبنيامين امرأة.""
قضاة,21,37,"آية (1): ""ورجال إسرائيل حلفوا في المصفاة قائلين لا يسلم أحد منا ابنته لبنيامين امرأة.""
قضاة,21,38,"آية (1): ""ورجال إسرائيل حلفوا في المصفاة قائلين لا يسلم أحد منا ابنته لبنيامين امرأة.""
قضاة,21,39,"آية (1): ""ورجال إسرائيل حلفوا في المصفاة قائلين لا يسلم أحد منا ابنته لبنيامين امرأة.""
قضاة,21,40,"آية (1): ""ورجال إسرائيل حلفوا في المصفاة قائلين لا يسلم أحد منا ابنته لبنيامين امرأة.""
قضاة,21,41,"آية (1): ""ورجال إسرائيل حلفوا في المصفاة قائلين لا يسلم أحد منا ابنته لبنيامين امرأة.""
قضاة,21,42,"آية (1): ""ورجال إسرائيل حلفوا في المصفاة قائلين لا يسلم أحد منا ابنته لبنيامين امرأة.""
قضاة,21,43,"آية (1): ""ورجال إسرائيل حلفوا في المصفاة قائلين لا يسلم أحد منا ابنته لبنيامين امرأة.""
قضاة,21,44,"آية (1): ""ورجال إسرائيل حلفوا في المصفاة قائلين لا يسلم أحد منا ابنته لبنيامين امرأة.""
قضاة,21,45,"آية (1): ""ورجال إسرائيل حلفوا في المصفاة قائلين لا يسلم أحد منا ابنته لبنيامين امرأة.""
قضاة,21,46,"آية (1): ""ورجال إسرائيل حلفوا في المصفاة قائلين لا يسلم أحد منا ابنته لبنيامين امرأة.""
قضاة,21,47,"آية (1): ""ورجال إسرائيل حلفوا في المصفاة قائلين لا يسلم أحد منا ابنته لبنيامين امرأة.""
قضاة,21,48,"آية (1): ""ورجال إسرائيل حلفوا في المصفاة قائلين لا يسلم أحد منا ابنته لبنيامين امرأة.""
قضاة,21,49,"آية (1): ""ورجال إسرائيل حلفوا في المصفاة قائلين لا يسلم أحد منا ابنته لبنيامين امرأة.""
قضاة,21,50,"آية (1): ""ورجال إسرائيل حلفوا في المصفاة قائلين لا يسلم أحد منا ابنته لبنيامين امرأة.""
قضاة,21,51,"آية (1): ""ورجال إسرائيل حلفوا في المصفاة قائلين لا يسلم أحد منا ابنته لبنيامين امرأة.""
قضاة,21,52,"آية (1): ""ورجال إسرائيل حلفوا في المصفاة قائلين لا يسلم أحد منا ابنته لبنيامين امرأة.""
قضاة,21,53,"آية (1): ""ورجال إسرائيل حلفوا في المصفاة قائلين لا يسلم أحد منا ابنته لبنيامين امرأة.""
قضاة,21,54,"آية (1): ""ورجال إسرائيل حلفوا في المصفاة قائلين لا يسلم أحد منا ابنته لبنيامين امرأة.""
قضاة,21,55,"آية (1): ""ورجال إسرائيل حلفوا في المصفاة قائلين لا يسلم أحد منا ابنته لبنيامين امرأة.""
قضاة,21,56,"آية (1): ""ورجال إسرائيل حلفوا في المصفاة قائلين لا يسلم أحد منا ابنته لبنيامين امرأة.""
قضاة,21,57,"آية (1): ""ورجال إسرائيل حلفوا في المصفاة قائلين لا يسلم أحد منا ابنته لبنيامين امرأة.""
قضاة,21,58,"آية (1): ""ورجال إسرائيل حلفوا في المصفاة قائلين لا يسلم أحد منا ابنته لبنيامين امرأة.""
قضاة,21,59,"آية (1): ""ورجال إسرائيل حلفوا في المصفاة قائلين لا يسلم أحد منا ابنته لبنيامين امرأة.""
قضاة,21,60,"آية (1): ""ورجال إسرائيل حلفوا في المصفاة قائلين لا يسلم أحد منا ابنته لبنيامين امرأة.""
قضاة,21,61,"آية (1): ""ورجال إسرائيل حلفوا في المصفاة قائلين لا يسلم أحد منا ابنته لبنيامين امرأة.""
قضاة,21,62,"آية (1): ""ورجال إسرائيل حلفوا في المصفاة قائلين لا يسلم أحد منا ابنته لبنيامين امرأة.""
قضاة,21,63,"آية (1): ""ورجال إسرائيل حلفوا في المصفاة قائلين لا يسلم أحد منا ابنته لبنيامين امرأة.""
قضاة,21,64,"آية (1): ""ورجال إسرائيل حلفوا في المصفاة قائلين لا يسلم أحد منا ابنته لبنيامين امرأة.""
قضاة,21,65,"آية (1): ""ورجال إسرائيل حلفوا في المصفاة قائلين لا يسلم أحد منا ابنته لبنيامين امرأة.""
قضاة,21,66,"آية (1): ""ورجال إسرائيل حلفوا في المصفاة قائلين لا يسلم أحد منا ابنته لبنيامين امرأة.""
قضاة,21,67,"آية (1): ""ورجال إسرائيل حلفوا في المصفاة قائلين لا يسلم أحد منا ابنته لبنيامين امرأة.""
قضاة,21,68,"آية (1): ""ورجال إسرائيل حلفوا في المصفاة قائلين لا يسلم أحد منا ابنته لبنيامين امرأة.""
قضاة,21,69,"آية (1): ""ورجال إسرائيل حلفوا في المصفاة قائلين لا يسلم أحد منا ابنته لبنيامين امرأة.""
قضاة,21,70,"آية (1): ""ورجال إسرائيل حلفوا في المصفاة قائلين لا يسلم أحد منا ابنته لبنيامين امرأة.""
قضاة,21,71,"آية (1): ""ورجال إسرائيل حلفوا في المصفاة قائلين لا يسلم أحد منا ابنته لبنيامين امرأة.""
قضاة,21,72,"آية (1): ""ورجال إسرائيل حلفوا في المصفاة قائلين لا يسلم أحد منا ابنته لبنيامين امرأة.""
قضاة,21,73,"آية (1): ""ورجال إسرائيل حلفوا في المصفاة قائلين لا يسلم أحد منا ابنته لبنيامين امرأة.""
قضاة,21,74,"آية (1): ""ورجال إسرائيل حلفوا في المصفاة قائلين لا يسلم أحد منا ابنته لبنيامين امرأة.""
قضاة,21,75,"آية (1): ""ورجال إسرائيل حلفوا في المصفاة قائلين لا يسلم أحد منا ابنته لبنيامين امرأة.""
قضاة,21,76,"آية (1): ""ورجال إسرائيل حلفوا في المصفاة قائلين لا يسلم أحد منا ابنته لبنيامين امرأة.""
قضاة,21,77,"آية (1): ""ورجال إسرائيل حلفوا في المصفاة قائلين لا يسلم أحد منا ابنته لبنيامين امرأة.""
قضاة,21,78,"آية (1): ""ورجال إسرائيل حلفوا في المصفاة قائلين لا يسلم أحد منا ابنته لبنيامين امرأة.""
قضاة,21,79,"آية (1): ""ورجال إسرائيل حلفوا في المصفاة قائلين لا يسلم أحد منا ابنته لبنيامين امرأة.""
قضاة,21,80,"آية (1): ""ورجال إسرائيل حلفوا في المصفاة قائلين لا يسلم أحد منا ابنته لبنيامين امرأة.""
قضاة,21,81,"آية (1): ""ورجال إسرائيل حلفوا في المصفاة قائلين لا يسلم أحد منا ابنته لبنيامين امرأة.""
قضاة,21,82,"آية (1): ""ورجال إسرائيل حلفوا في المصفاة قائلين لا يسلم أحد منا ابنته لبنيامين امرأة.""
قضاة,21,83,"آية (1): ""ورجال إسرائيل حلفوا في المصفاة قائلين لا يسلم أحد منا ابنته لبنيامين امرأة.""
قضاة,21,84,"آية (1): ""ورجال إسرائيل حلفوا في المصفاة قائلين لا يسلم أحد منا ابنته لبنيامين امرأة.""
قضاة,21,85,"آية (1): ""ورجال إسرائيل حلفوا في المصفاة قائلين لا يسلم أحد منا ابنته لبنيامين امرأة.""
قضاة,21,86,"آية (1): ""ورجال إسرائيل حلفوا في المصفاة قائلين لا يسلم أحد منا ابنته لبنيامين امرأة.""
قضاة,21,87,"آية (1): ""ورجال إسرائيل حلفوا في المصفاة قائلين لا يسلم أحد منا ابنته لبنيامين امرأة.""
قضاة,21,88,"آية (1): ""ورجال إسرائيل حلفوا في المصفاة قائلين لا يسلم أحد منا ابنته لبنيامين امرأة.""
قضاة,21,89,"آية (1): ""ورجال إسرائيل حلفوا في المصفاة قائلين لا يسلم أحد منا ابنته لبنيامين امرأة.""
قضاة,21,90,"آية (1): ""ورجال إسرائيل حلفوا في المصفاة قائلين لا يسلم أحد منا ابنته لبنيامين امرأة.""
قضاة,21,91,"آية (1): ""ورجال إسرائيل حلفوا في المصفاة قائلين لا يسلم أحد منا ابنته لبنيامين امرأة.""
قضاة,21,92,"آية (1): ""ورجال إسرائيل حلفوا في المصفاة قائلين لا يسلم أحد منا ابنته لبنيامين امرأة.""
قضاة,21,93,"آية (1): ""ورجال إسرائيل حلفوا في المصفاة قائلين لا يسلم أحد منا ابنته لبنيامين امرأة.""
قضاة,21,94,"آية (1): ""ورجال إسرائيل حلفوا في المصفاة قائلين لا يسلم أحد منا ابنته لبنيامين امرأة.""
قضاة,21,95,"آية (1): ""ورجال إسرائيل حلفوا في المصفاة قائلين لا يسلم أحد منا ابنته لبنيامين امرأة.""
قضاة,21,96,"آية (1): ""ورجال إسرائيل حلفوا في المصفاة قائلين لا يسلم أحد منا ابنته لبنيامين امرأة.""
قضاة,21,97,"آية (1): ""ورجال إسرائيل حلفوا في المصفاة قائلين لا يسلم أحد منا ابنته لبنيامين امرأة.""
قضاة,21,98,"آية (1): ""ورجال إسرائيل حلفوا في المصفاة قائلين لا يسلم أحد منا ابنته لبنيامين امرأة.""
قضاة,21,99,"آية (1): ""ورجال إسرائيل حلفوا في المصفاة قائلين لا يسلم أحد منا ابنته لبنيامين امرأة.""