book,chapter,verse,tafsir
لوقا,1,2,"الإصحاح الأول:
لوقا,1,3,"الإصحاح الأول:
لوقا,1,4,"الإصحاح الأول:
لوقا,1,5,"الإصحاح الأول:
لوقا,1,6,"الإصحاح الأول:
لوقا,1,7,"الإصحاح الأول:
لوقا,1,8,"الإصحاح الأول:
لوقا,1,9,"الإصحاح الأول:
لوقا,1,10,"الإصحاح الأول:
لوقا,1,11,"الإصحاح الأول:
لوقا,1,12,"الإصحاح الأول:
لوقا,1,13,"الإصحاح الأول:
لوقا,1,14,"الإصحاح الأول:
لوقا,1,15,"الإصحاح الأول:
لوقا,1,16,"الإصحاح الأول:
لوقا,1,17,"الإصحاح الأول:
لوقا,1,18,"الإصحاح الأول:
لوقا,1,19,"الإصحاح الأول:
لوقا,1,20,"الإصحاح الأول:
لوقا,1,21,"الإصحاح الأول:
لوقا,1,22,"الإصحاح الأول:
لوقا,1,23,"الإصحاح الأول:
لوقا,1,24,"الإصحاح الأول:
لوقا,1,25,"الإصحاح الأول:
لوقا,1,26,"الإصحاح الأول:
لوقا,1,27,"الإصحاح الأول:
لوقا,1,28,"الإصحاح الأول:
لوقا,1,29,"الإصحاح الأول:
لوقا,1,30,"الإصحاح الأول:
لوقا,1,31,"الإصحاح الأول:
لوقا,1,32,"الإصحاح الأول:
لوقا,1,33,"الإصحاح الأول:
لوقا,1,34,"الإصحاح الأول:
لوقا,1,35,"الإصحاح الأول:
لوقا,1,36,"الإصحاح الأول:
لوقا,1,37,"الإصحاح الأول:
لوقا,1,38,"الإصحاح الأول:
لوقا,1,39,"الإصحاح الأول:
لوقا,1,40,"الإصحاح الأول:
لوقا,1,41,"الإصحاح الأول:
لوقا,1,42,"الإصحاح الأول:
لوقا,1,43,"الإصحاح الأول:
لوقا,1,44,"الإصحاح الأول:
لوقا,1,45,"الإصحاح الأول:
لوقا,1,46,"الإصحاح الأول:
لوقا,1,47,"الإصحاح الأول:
لوقا,1,48,"الإصحاح الأول:
لوقا,1,49,"الإصحاح الأول:
لوقا,1,50,"الإصحاح الأول:
لوقا,1,51,"الإصحاح الأول:
لوقا,1,52,"الإصحاح الأول:
لوقا,1,53,"الإصحاح الأول:
لوقا,1,54,"الإصحاح الأول:
لوقا,1,55,"الإصحاح الأول:
لوقا,1,56,"الإصحاح الأول:
لوقا,1,57,"الإصحاح الأول:
لوقا,1,58,"الإصحاح الأول:
لوقا,1,59,"الإصحاح الأول:
لوقا,1,60,"الإصحاح الأول:
لوقا,1,61,"الإصحاح الأول:
لوقا,1,62,"الإصحاح الأول:
لوقا,1,63,"الإصحاح الأول:
لوقا,1,64,"الإصحاح الأول:
لوقا,1,65,"الإصحاح الأول:
لوقا,1,66,"الإصحاح الأول:
لوقا,1,67,"الإصحاح الأول:
لوقا,1,68,"الإصحاح الأول:
لوقا,1,69,"الإصحاح الأول:
لوقا,1,70,"الإصحاح الأول:
لوقا,1,71,"الإصحاح الأول:
لوقا,1,72,"الإصحاح الأول:
لوقا,1,73,"الإصحاح الأول:
لوقا,1,74,"الإصحاح الأول:
لوقا,1,75,"الإصحاح الأول:
لوقا,1,76,"الإصحاح الأول:
لوقا,1,77,"الإصحاح الأول:
لوقا,1,78,"الإصحاح الأول:
لوقا,1,79,"الإصحاح الأول:
لوقا,1,80,"الإصحاح الأول:
لوقا,1,81,"الإصحاح الأول:
لوقا,1,82,"الإصحاح الأول:
لوقا,1,83,"الإصحاح الأول:
لوقا,1,84,"الإصحاح الأول:
لوقا,1,85,"الإصحاح الأول:
لوقا,1,86,"الإصحاح الأول:
لوقا,1,87,"الإصحاح الأول:
لوقا,1,88,"الإصحاح الأول:
لوقا,1,89,"الإصحاح الأول:
لوقا,1,90,"الإصحاح الأول:
لوقا,1,91,"الإصحاح الأول:
لوقا,1,92,"الإصحاح الأول:
لوقا,1,93,"الإصحاح الأول:
لوقا,1,94,"الإصحاح الأول:
لوقا,1,95,"الإصحاح الأول:
لوقا,1,96,"الإصحاح الأول:
لوقا,1,97,"الإصحاح الأول:
لوقا,1,98,"الإصحاح الأول:
لوقا,1,99,"الإصحاح الأول:
لوقا,1,1,"مقدمة إنجيل لوقا
لوقا,2,1,"الإصحاح الثاني:
لوقا,2,2,"الإصحاح الثاني:
لوقا,2,3,"الإصحاح الثاني:
لوقا,2,4,"الإصحاح الثاني:
لوقا,2,5,"الإصحاح الثاني:
لوقا,2,6,"الإصحاح الثاني:
لوقا,2,7,"الإصحاح الثاني:
لوقا,2,8,"الإصحاح الثاني:
لوقا,2,9,"الإصحاح الثاني:
لوقا,2,10,"الإصحاح الثاني:
لوقا,2,11,"الإصحاح الثاني:
لوقا,2,12,"الإصحاح الثاني:
لوقا,2,13,"الإصحاح الثاني:
لوقا,2,14,"الإصحاح الثاني:
لوقا,2,15,"الإصحاح الثاني:
لوقا,2,16,"الإصحاح الثاني:
لوقا,2,17,"الإصحاح الثاني:
لوقا,2,18,"الإصحاح الثاني:
لوقا,2,19,"الإصحاح الثاني:
لوقا,2,20,"الإصحاح الثاني:
لوقا,2,21,"الإصحاح الثاني:
لوقا,2,22,"الإصحاح الثاني:
لوقا,2,23,"الإصحاح الثاني:
لوقا,2,24,"الإصحاح الثاني:
لوقا,2,25,"الإصحاح الثاني:
لوقا,2,26,"الإصحاح الثاني:
لوقا,2,27,"الإصحاح الثاني:
لوقا,2,28,"الإصحاح الثاني:
لوقا,2,29,"الإصحاح الثاني:
لوقا,2,30,"الإصحاح الثاني:
لوقا,2,31,"الإصحاح الثاني:
لوقا,2,32,"الإصحاح الثاني:
لوقا,2,33,"الإصحاح الثاني:
لوقا,2,34,"الإصحاح الثاني:
لوقا,2,35,"الإصحاح الثاني:
لوقا,2,36,"الإصحاح الثاني:
لوقا,2,37,"الإصحاح الثاني:
لوقا,2,38,"الإصحاح الثاني:
لوقا,2,39,"الإصحاح الثاني:
لوقا,2,40,"الإصحاح الثاني:
لوقا,2,41,"الإصحاح الثاني:
لوقا,2,42,"الإصحاح الثاني:
لوقا,2,43,"الإصحاح الثاني:
لوقا,2,44,"الإصحاح الثاني:
لوقا,2,45,"الإصحاح الثاني:
لوقا,2,46,"الإصحاح الثاني:
لوقا,2,47,"الإصحاح الثاني:
لوقا,2,48,"الإصحاح الثاني:
لوقا,2,49,"الإصحاح الثاني:
لوقا,2,50,"الإصحاح الثاني:
لوقا,2,51,"الإصحاح الثاني:
لوقا,2,52,"الإصحاح الثاني:
لوقا,2,53,"الإصحاح الثاني:
لوقا,2,54,"الإصحاح الثاني:
لوقا,2,55,"الإصحاح الثاني:
لوقا,2,56,"الإصحاح الثاني:
لوقا,2,57,"الإصحاح الثاني:
لوقا,2,58,"الإصحاح الثاني:
لوقا,2,59,"الإصحاح الثاني:
لوقا,2,60,"الإصحاح الثاني:
لوقا,2,61,"الإصحاح الثاني:
لوقا,2,62,"الإصحاح الثاني:
لوقا,2,63,"الإصحاح الثاني:
لوقا,2,64,"الإصحاح الثاني:
لوقا,2,65,"الإصحاح الثاني:
لوقا,2,66,"الإصحاح الثاني:
لوقا,2,67,"الإصحاح الثاني:
لوقا,2,68,"الإصحاح الثاني:
لوقا,2,69,"الإصحاح الثاني:
لوقا,2,70,"الإصحاح الثاني:
لوقا,2,71,"الإصحاح الثاني:
لوقا,2,72,"الإصحاح الثاني:
لوقا,2,73,"الإصحاح الثاني:
لوقا,2,74,"الإصحاح الثاني:
لوقا,2,75,"الإصحاح الثاني:
لوقا,2,76,"الإصحاح الثاني:
لوقا,2,77,"الإصحاح الثاني:
لوقا,2,78,"الإصحاح الثاني:
لوقا,2,79,"الإصحاح الثاني:
لوقا,2,80,"الإصحاح الثاني:
لوقا,2,81,"الإصحاح الثاني:
لوقا,2,82,"الإصحاح الثاني:
لوقا,2,83,"الإصحاح الثاني:
لوقا,2,84,"الإصحاح الثاني:
لوقا,2,85,"الإصحاح الثاني:
لوقا,2,86,"الإصحاح الثاني:
لوقا,2,87,"الإصحاح الثاني:
لوقا,2,88,"الإصحاح الثاني:
لوقا,2,89,"الإصحاح الثاني:
لوقا,2,90,"الإصحاح الثاني:
لوقا,2,91,"الإصحاح الثاني:
لوقا,2,92,"الإصحاح الثاني:
لوقا,2,93,"الإصحاح الثاني:
لوقا,2,94,"الإصحاح الثاني:
لوقا,2,95,"الإصحاح الثاني:
لوقا,2,96,"الإصحاح الثاني:
لوقا,2,97,"الإصحاح الثاني:
لوقا,2,98,"الإصحاح الثاني:
لوقا,2,99,"الإصحاح الثاني:
لوقا,3,1,"الإصحاح الثالث:
لوقا,3,2,"الإصحاح الثالث:
لوقا,3,3,"الإصحاح الثالث:
لوقا,3,4,"الإصحاح الثالث:
لوقا,3,5,"الإصحاح الثالث:
لوقا,3,6,"الإصحاح الثالث:
لوقا,3,7,"الإصحاح الثالث:
لوقا,3,8,"الإصحاح الثالث:
لوقا,3,9,"الإصحاح الثالث:
لوقا,3,10,"الإصحاح الثالث:
لوقا,3,11,"الإصحاح الثالث:
لوقا,3,12,"الإصحاح الثالث:
لوقا,3,13,"الإصحاح الثالث:
لوقا,3,14,"الإصحاح الثالث:
لوقا,3,15,"الإصحاح الثالث:
لوقا,3,16,"الإصحاح الثالث:
لوقا,3,17,"الإصحاح الثالث:
لوقا,3,18,"الإصحاح الثالث:
لوقا,3,19,"الإصحاح الثالث:
لوقا,3,20,"الإصحاح الثالث:
لوقا,3,21,"الإصحاح الثالث:
لوقا,3,22,"الإصحاح الثالث:
لوقا,3,23,"الإصحاح الثالث:
لوقا,3,24,"الإصحاح الثالث:
لوقا,3,25,"الإصحاح الثالث:
لوقا,3,26,"الإصحاح الثالث:
لوقا,3,27,"الإصحاح الثالث:
لوقا,3,28,"الإصحاح الثالث:
لوقا,3,29,"الإصحاح الثالث:
لوقا,3,30,"الإصحاح الثالث:
لوقا,3,31,"الإصحاح الثالث:
لوقا,3,32,"الإصحاح الثالث:
لوقا,3,33,"الإصحاح الثالث:
لوقا,3,34,"الإصحاح الثالث:
لوقا,3,35,"الإصحاح الثالث:
لوقا,3,36,"الإصحاح الثالث:
لوقا,3,37,"الإصحاح الثالث:
لوقا,3,38,"الإصحاح الثالث:
لوقا,3,39,"الإصحاح الثالث:
لوقا,3,40,"الإصحاح الثالث:
لوقا,3,41,"الإصحاح الثالث:
لوقا,3,42,"الإصحاح الثالث:
لوقا,3,43,"الإصحاح الثالث:
لوقا,3,44,"الإصحاح الثالث:
لوقا,3,45,"الإصحاح الثالث:
لوقا,3,46,"الإصحاح الثالث:
لوقا,3,47,"الإصحاح الثالث:
لوقا,3,48,"الإصحاح الثالث:
لوقا,3,49,"الإصحاح الثالث:
لوقا,3,50,"الإصحاح الثالث:
لوقا,3,51,"الإصحاح الثالث:
لوقا,3,52,"الإصحاح الثالث:
لوقا,3,53,"الإصحاح الثالث:
لوقا,3,54,"الإصحاح الثالث:
لوقا,3,55,"الإصحاح الثالث:
لوقا,3,56,"الإصحاح الثالث:
لوقا,3,57,"الإصحاح الثالث:
لوقا,3,58,"الإصحاح الثالث:
لوقا,3,59,"الإصحاح الثالث:
لوقا,3,60,"الإصحاح الثالث:
لوقا,3,61,"الإصحاح الثالث:
لوقا,3,62,"الإصحاح الثالث:
لوقا,3,63,"الإصحاح الثالث:
لوقا,3,64,"الإصحاح الثالث:
لوقا,3,65,"الإصحاح الثالث:
لوقا,3,66,"الإصحاح الثالث:
لوقا,3,67,"الإصحاح الثالث:
لوقا,3,68,"الإصحاح الثالث:
لوقا,3,69,"الإصحاح الثالث:
لوقا,3,70,"الإصحاح الثالث:
لوقا,3,71,"الإصحاح الثالث:
لوقا,3,72,"الإصحاح الثالث:
لوقا,3,73,"الإصحاح الثالث:
لوقا,3,74,"الإصحاح الثالث:
لوقا,3,75,"الإصحاح الثالث:
لوقا,3,76,"الإصحاح الثالث:
لوقا,3,77,"الإصحاح الثالث:
لوقا,3,78,"الإصحاح الثالث:
لوقا,3,79,"الإصحاح الثالث:
لوقا,3,80,"الإصحاح الثالث:
لوقا,3,81,"الإصحاح الثالث:
لوقا,3,82,"الإصحاح الثالث:
لوقا,3,83,"الإصحاح الثالث:
لوقا,3,84,"الإصحاح الثالث:
لوقا,3,85,"الإصحاح الثالث:
لوقا,3,86,"الإصحاح الثالث:
لوقا,3,87,"الإصحاح الثالث:
لوقا,3,88,"الإصحاح الثالث:
لوقا,3,89,"الإصحاح الثالث:
لوقا,3,90,"الإصحاح الثالث:
لوقا,3,91,"الإصحاح الثالث:
لوقا,3,92,"الإصحاح الثالث:
لوقا,3,93,"الإصحاح الثالث:
لوقا,3,94,"الإصحاح الثالث:
لوقا,3,95,"الإصحاح الثالث:
لوقا,3,96,"الإصحاح الثالث:
لوقا,3,97,"الإصحاح الثالث:
لوقا,3,98,"الإصحاح الثالث:
لوقا,3,99,"الإصحاح الثالث:
لوقا,4,1,"( لو4:1-14)
لوقا,4,2,"( لو4:1-14)
لوقا,4,3,"( لو4:1-14)
لوقا,4,4,"( لو4:1-14)
لوقا,4,5,"( لو4:1-14)
لوقا,4,6,"( لو4:1-14)
لوقا,4,7,"( لو4:1-14)
لوقا,4,8,"( لو4:1-14)
لوقا,4,9,"( لو4:1-14)
لوقا,4,10,"( لو4:1-14)
لوقا,4,11,"( لو4:1-14)
لوقا,4,12,"( لو4:1-14)
لوقا,4,13,"( لو4:1-14)
لوقا,4,14,"( لو4:1-14)
لوقا,4,15,"( لو4:1-14)
لوقا,4,16,"( لو4:1-14)
لوقا,4,17,"( لو4:1-14)
لوقا,4,18,"( لو4:1-14)
لوقا,4,19,"( لو4:1-14)
لوقا,4,20,"( لو4:1-14)
لوقا,4,21,"( لو4:1-14)
لوقا,4,22,"( لو4:1-14)
لوقا,4,23,"( لو4:1-14)
لوقا,4,24,"( لو4:1-14)
لوقا,4,25,"( لو4:1-14)
لوقا,4,26,"( لو4:1-14)
لوقا,4,27,"( لو4:1-14)
لوقا,4,28,"( لو4:1-14)
لوقا,4,29,"( لو4:1-14)
لوقا,4,30,"( لو4:1-14)
لوقا,4,31,"( لو4:1-14)
لوقا,4,32,"( لو4:1-14)
لوقا,4,33,"( لو4:1-14)
لوقا,4,34,"( لو4:1-14)
لوقا,4,35,"( لو4:1-14)
لوقا,4,36,"( لو4:1-14)
لوقا,4,37,"( لو4:1-14)
لوقا,4,38,"( لو4:1-14)
لوقا,4,39,"( لو4:1-14)
لوقا,4,40,"( لو4:1-14)
لوقا,4,41,"( لو4:1-14)
لوقا,4,42,"( لو4:1-14)
لوقا,4,43,"( لو4:1-14)
لوقا,4,44,"( لو4:1-14)
لوقا,4,45,"( لو4:1-14)
لوقا,4,46,"( لو4:1-14)
لوقا,4,47,"( لو4:1-14)
لوقا,4,48,"( لو4:1-14)
لوقا,4,49,"( لو4:1-14)
لوقا,4,50,"( لو4:1-14)
لوقا,4,51,"( لو4:1-14)
لوقا,4,52,"( لو4:1-14)
لوقا,4,53,"( لو4:1-14)
لوقا,4,54,"( لو4:1-14)
لوقا,4,55,"( لو4:1-14)
لوقا,4,56,"( لو4:1-14)
لوقا,4,57,"( لو4:1-14)
لوقا,4,58,"( لو4:1-14)
لوقا,4,59,"( لو4:1-14)
لوقا,4,60,"( لو4:1-14)
لوقا,4,61,"( لو4:1-14)
لوقا,4,62,"( لو4:1-14)
لوقا,4,63,"( لو4:1-14)
لوقا,4,64,"( لو4:1-14)
لوقا,4,65,"( لو4:1-14)
لوقا,4,66,"( لو4:1-14)
لوقا,4,67,"( لو4:1-14)
لوقا,4,68,"( لو4:1-14)
لوقا,4,69,"( لو4:1-14)
لوقا,4,70,"( لو4:1-14)
لوقا,4,71,"( لو4:1-14)
لوقا,4,72,"( لو4:1-14)
لوقا,4,73,"( لو4:1-14)
لوقا,4,74,"( لو4:1-14)
لوقا,4,75,"( لو4:1-14)
لوقا,4,76,"( لو4:1-14)
لوقا,4,77,"( لو4:1-14)
لوقا,4,78,"( لو4:1-14)
لوقا,4,79,"( لو4:1-14)
لوقا,4,80,"( لو4:1-14)
لوقا,4,81,"( لو4:1-14)
لوقا,4,82,"( لو4:1-14)
لوقا,4,83,"( لو4:1-14)
لوقا,4,84,"( لو4:1-14)
لوقا,4,85,"( لو4:1-14)
لوقا,4,86,"( لو4:1-14)
لوقا,4,87,"( لو4:1-14)
لوقا,4,88,"( لو4:1-14)
لوقا,4,89,"( لو4:1-14)
لوقا,4,90,"( لو4:1-14)
لوقا,4,91,"( لو4:1-14)
لوقا,4,92,"( لو4:1-14)
لوقا,4,93,"( لو4:1-14)
لوقا,4,94,"( لو4:1-14)
لوقا,4,95,"( لو4:1-14)
لوقا,4,96,"( لو4:1-14)
لوقا,4,97,"( لو4:1-14)
لوقا,4,98,"( لو4:1-14)
لوقا,4,99,"( لو4:1-14)
لوقا,5,1,"الإصحاح الخامس
لوقا,5,2,"الإصحاح الخامس
لوقا,5,3,"الإصحاح الخامس
لوقا,5,4,"الإصحاح الخامس
لوقا,5,5,"الإصحاح الخامس
لوقا,5,6,"الإصحاح الخامس
لوقا,5,7,"الإصحاح الخامس
لوقا,5,8,"الإصحاح الخامس
لوقا,5,9,"الإصحاح الخامس
لوقا,5,10,"الإصحاح الخامس
لوقا,5,11,"الإصحاح الخامس
لوقا,5,12,"الإصحاح الخامس
لوقا,5,13,"الإصحاح الخامس
لوقا,5,14,"الإصحاح الخامس
لوقا,5,15,"الإصحاح الخامس
لوقا,5,16,"الإصحاح الخامس
لوقا,5,17,"الإصحاح الخامس
لوقا,5,18,"الإصحاح الخامس
لوقا,5,19,"الإصحاح الخامس
لوقا,5,20,"الإصحاح الخامس
لوقا,5,21,"الإصحاح الخامس
لوقا,5,22,"الإصحاح الخامس
لوقا,5,23,"الإصحاح الخامس
لوقا,5,24,"الإصحاح الخامس
لوقا,5,25,"الإصحاح الخامس
لوقا,5,26,"الإصحاح الخامس
لوقا,5,27,"الإصحاح الخامس
لوقا,5,28,"الإصحاح الخامس
لوقا,5,29,"الإصحاح الخامس
لوقا,5,30,"الإصحاح الخامس
لوقا,5,31,"الإصحاح الخامس
لوقا,5,32,"الإصحاح الخامس
لوقا,5,33,"الإصحاح الخامس
لوقا,5,34,"الإصحاح الخامس
لوقا,5,35,"الإصحاح الخامس
لوقا,5,36,"الإصحاح الخامس
لوقا,5,37,"الإصحاح الخامس
لوقا,5,38,"الإصحاح الخامس
لوقا,5,39,"الإصحاح الخامس
لوقا,5,40,"الإصحاح الخامس
لوقا,5,41,"الإصحاح الخامس
لوقا,5,42,"الإصحاح الخامس
لوقا,5,43,"الإصحاح الخامس
لوقا,5,44,"الإصحاح الخامس
لوقا,5,45,"الإصحاح الخامس
لوقا,5,46,"الإصحاح الخامس
لوقا,5,47,"الإصحاح الخامس
لوقا,5,48,"الإصحاح الخامس
لوقا,5,49,"الإصحاح الخامس
لوقا,5,50,"الإصحاح الخامس
لوقا,5,51,"الإصحاح الخامس
لوقا,5,52,"الإصحاح الخامس
لوقا,5,53,"الإصحاح الخامس
لوقا,5,54,"الإصحاح الخامس
لوقا,5,55,"الإصحاح الخامس
لوقا,5,56,"الإصحاح الخامس
لوقا,5,57,"الإصحاح الخامس
لوقا,5,58,"الإصحاح الخامس
لوقا,5,59,"الإصحاح الخامس
لوقا,5,60,"الإصحاح الخامس
لوقا,5,61,"الإصحاح الخامس
لوقا,5,62,"الإصحاح الخامس
لوقا,5,63,"الإصحاح الخامس
لوقا,5,64,"الإصحاح الخامس
لوقا,5,65,"الإصحاح الخامس
لوقا,5,66,"الإصحاح الخامس
لوقا,5,67,"الإصحاح الخامس
لوقا,5,68,"الإصحاح الخامس
لوقا,5,69,"الإصحاح الخامس
لوقا,5,70,"الإصحاح الخامس
لوقا,5,71,"الإصحاح الخامس
لوقا,5,72,"الإصحاح الخامس
لوقا,5,73,"الإصحاح الخامس
لوقا,5,74,"الإصحاح الخامس
لوقا,5,75,"الإصحاح الخامس
لوقا,5,76,"الإصحاح الخامس
لوقا,5,77,"الإصحاح الخامس
لوقا,5,78,"الإصحاح الخامس
لوقا,5,79,"الإصحاح الخامس
لوقا,5,80,"الإصحاح الخامس
لوقا,5,81,"الإصحاح الخامس
لوقا,5,82,"الإصحاح الخامس
لوقا,5,83,"الإصحاح الخامس
لوقا,5,84,"الإصحاح الخامس
لوقا,5,85,"الإصحاح الخامس
لوقا,5,86,"الإصحاح الخامس
لوقا,5,87,"الإصحاح الخامس
لوقا,5,88,"الإصحاح الخامس
لوقا,5,89,"الإصحاح الخامس
لوقا,5,90,"الإصحاح الخامس
لوقا,5,91,"الإصحاح الخامس
لوقا,5,92,"الإصحاح الخامس
لوقا,5,93,"الإصحاح الخامس
لوقا,5,94,"الإصحاح الخامس
لوقا,5,95,"الإصحاح الخامس
لوقا,5,96,"الإصحاح الخامس
لوقا,5,97,"الإصحاح الخامس
لوقا,5,98,"الإصحاح الخامس
لوقا,5,99,"الإصحاح الخامس
لوقا,6,1,"الإصحاح السادس
لوقا,6,2,"الإصحاح السادس
لوقا,6,3,"الإصحاح السادس
لوقا,6,4,"الإصحاح السادس
لوقا,6,5,"الإصحاح السادس
لوقا,6,6,"الإصحاح السادس
لوقا,6,7,"الإصحاح السادس
لوقا,6,8,"الإصحاح السادس
لوقا,6,9,"الإصحاح السادس
لوقا,6,10,"الإصحاح السادس
لوقا,6,11,"الإصحاح السادس
لوقا,6,12,"الإصحاح السادس
لوقا,6,13,"الإصحاح السادس
لوقا,6,14,"الإصحاح السادس
لوقا,6,15,"الإصحاح السادس
لوقا,6,16,"الإصحاح السادس
لوقا,6,17,"الإصحاح السادس
لوقا,6,18,"الإصحاح السادس
لوقا,6,19,"الإصحاح السادس
لوقا,6,20,"الإصحاح السادس
لوقا,6,21,"الإصحاح السادس
لوقا,6,22,"الإصحاح السادس
لوقا,6,23,"الإصحاح السادس
لوقا,6,24,"الإصحاح السادس
لوقا,6,25,"الإصحاح السادس
لوقا,6,26,"الإصحاح السادس
لوقا,6,27,"الإصحاح السادس
لوقا,6,28,"الإصحاح السادس
لوقا,6,29,"الإصحاح السادس
لوقا,6,30,"الإصحاح السادس
لوقا,6,31,"الإصحاح السادس
لوقا,6,32,"الإصحاح السادس
لوقا,6,33,"الإصحاح السادس
لوقا,6,34,"الإصحاح السادس
لوقا,6,35,"الإصحاح السادس
لوقا,6,36,"الإصحاح السادس
لوقا,6,37,"الإصحاح السادس
لوقا,6,38,"الإصحاح السادس
لوقا,6,39,"الإصحاح السادس
لوقا,6,40,"الإصحاح السادس
لوقا,6,41,"الإصحاح السادس
لوقا,6,42,"الإصحاح السادس
لوقا,6,43,"الإصحاح السادس
لوقا,6,44,"الإصحاح السادس
لوقا,6,45,"الإصحاح السادس
لوقا,6,46,"الإصحاح السادس
لوقا,6,47,"الإصحاح السادس
لوقا,6,48,"الإصحاح السادس
لوقا,6,49,"الإصحاح السادس
لوقا,6,50,"الإصحاح السادس
لوقا,6,51,"الإصحاح السادس
لوقا,6,52,"الإصحاح السادس
لوقا,6,53,"الإصحاح السادس
لوقا,6,54,"الإصحاح السادس
لوقا,6,55,"الإصحاح السادس
لوقا,6,56,"الإصحاح السادس
لوقا,6,57,"الإصحاح السادس
لوقا,6,58,"الإصحاح السادس
لوقا,6,59,"الإصحاح السادس
لوقا,6,60,"الإصحاح السادس
لوقا,6,61,"الإصحاح السادس
لوقا,6,62,"الإصحاح السادس
لوقا,6,63,"الإصحاح السادس
لوقا,6,64,"الإصحاح السادس
لوقا,6,65,"الإصحاح السادس
لوقا,6,66,"الإصحاح السادس
لوقا,6,67,"الإصحاح السادس
لوقا,6,68,"الإصحاح السادس
لوقا,6,69,"الإصحاح السادس
لوقا,6,70,"الإصحاح السادس
لوقا,6,71,"الإصحاح السادس
لوقا,6,72,"الإصحاح السادس
لوقا,6,73,"الإصحاح السادس
لوقا,6,74,"الإصحاح السادس
لوقا,6,75,"الإصحاح السادس
لوقا,6,76,"الإصحاح السادس
لوقا,6,77,"الإصحاح السادس
لوقا,6,78,"الإصحاح السادس
لوقا,6,79,"الإصحاح السادس
لوقا,6,80,"الإصحاح السادس
لوقا,6,81,"الإصحاح السادس
لوقا,6,82,"الإصحاح السادس
لوقا,6,83,"الإصحاح السادس
لوقا,6,84,"الإصحاح السادس
لوقا,6,85,"الإصحاح السادس
لوقا,6,86,"الإصحاح السادس
لوقا,6,87,"الإصحاح السادس
لوقا,6,88,"الإصحاح السادس
لوقا,6,89,"الإصحاح السادس
لوقا,6,90,"الإصحاح السادس
لوقا,6,91,"الإصحاح السادس
لوقا,6,92,"الإصحاح السادس
لوقا,6,93,"الإصحاح السادس
لوقا,6,94,"الإصحاح السادس
لوقا,6,95,"الإصحاح السادس
لوقا,6,96,"الإصحاح السادس
لوقا,6,97,"الإصحاح السادس
لوقا,6,98,"الإصحاح السادس
لوقا,6,99,"الإصحاح السادس
لوقا,7,1,"الإصحاح السابع
لوقا,7,2,"الإصحاح السابع
لوقا,7,3,"الإصحاح السابع
لوقا,7,4,"الإصحاح السابع
لوقا,7,5,"الإصحاح السابع
لوقا,7,6,"الإصحاح السابع
لوقا,7,7,"الإصحاح السابع
لوقا,7,8,"الإصحاح السابع
لوقا,7,9,"الإصحاح السابع
لوقا,7,10,"الإصحاح السابع
لوقا,7,11,"الإصحاح السابع
لوقا,7,12,"الإصحاح السابع
لوقا,7,13,"الإصحاح السابع
لوقا,7,14,"الإصحاح السابع
لوقا,7,15,"الإصحاح السابع
لوقا,7,16,"الإصحاح السابع
لوقا,7,17,"الإصحاح السابع
لوقا,7,18,"الإصحاح السابع
لوقا,7,19,"الإصحاح السابع
لوقا,7,20,"الإصحاح السابع
لوقا,7,21,"الإصحاح السابع
لوقا,7,22,"الإصحاح السابع
لوقا,7,23,"الإصحاح السابع
لوقا,7,24,"الإصحاح السابع
لوقا,7,25,"الإصحاح السابع
لوقا,7,26,"الإصحاح السابع
لوقا,7,27,"الإصحاح السابع
لوقا,7,28,"الإصحاح السابع
لوقا,7,29,"الإصحاح السابع
لوقا,7,30,"الإصحاح السابع
لوقا,7,31,"الإصحاح السابع
لوقا,7,32,"الإصحاح السابع
لوقا,7,33,"الإصحاح السابع
لوقا,7,34,"الإصحاح السابع
لوقا,7,35,"الإصحاح السابع
لوقا,7,36,"الإصحاح السابع
لوقا,7,37,"الإصحاح السابع
لوقا,7,38,"الإصحاح السابع
لوقا,7,39,"الإصحاح السابع
لوقا,7,40,"الإصحاح السابع
لوقا,7,41,"الإصحاح السابع
لوقا,7,42,"الإصحاح السابع
لوقا,7,43,"الإصحاح السابع
لوقا,7,44,"الإصحاح السابع
لوقا,7,45,"الإصحاح السابع
لوقا,7,46,"الإصحاح السابع
لوقا,7,47,"الإصحاح السابع
لوقا,7,48,"الإصحاح السابع
لوقا,7,49,"الإصحاح السابع
لوقا,7,50,"الإصحاح السابع
لوقا,7,51,"الإصحاح السابع
لوقا,7,52,"الإصحاح السابع
لوقا,7,53,"الإصحاح السابع
لوقا,7,54,"الإصحاح السابع
لوقا,7,55,"الإصحاح السابع
لوقا,7,56,"الإصحاح السابع
لوقا,7,57,"الإصحاح السابع
لوقا,7,58,"الإصحاح السابع
لوقا,7,59,"الإصحاح السابع
لوقا,7,60,"الإصحاح السابع
لوقا,7,61,"الإصحاح السابع
لوقا,7,62,"الإصحاح السابع
لوقا,7,63,"الإصحاح السابع
لوقا,7,64,"الإصحاح السابع
لوقا,7,65,"الإصحاح السابع
لوقا,7,66,"الإصحاح السابع
لوقا,7,67,"الإصحاح السابع
لوقا,7,68,"الإصحاح السابع
لوقا,7,69,"الإصحاح السابع
لوقا,7,70,"الإصحاح السابع
لوقا,7,71,"الإصحاح السابع
لوقا,7,72,"الإصحاح السابع
لوقا,7,73,"الإصحاح السابع
لوقا,7,74,"الإصحاح السابع
لوقا,7,75,"الإصحاح السابع
لوقا,7,76,"الإصحاح السابع
لوقا,7,77,"الإصحاح السابع
لوقا,7,78,"الإصحاح السابع
لوقا,7,79,"الإصحاح السابع
لوقا,7,80,"الإصحاح السابع
لوقا,7,81,"الإصحاح السابع
لوقا,7,82,"الإصحاح السابع
لوقا,7,83,"الإصحاح السابع
لوقا,7,84,"الإصحاح السابع
لوقا,7,85,"الإصحاح السابع
لوقا,7,86,"الإصحاح السابع
لوقا,7,87,"الإصحاح السابع
لوقا,7,88,"الإصحاح السابع
لوقا,7,89,"الإصحاح السابع
لوقا,7,90,"الإصحاح السابع
لوقا,7,91,"الإصحاح السابع
لوقا,7,92,"الإصحاح السابع
لوقا,7,93,"الإصحاح السابع
لوقا,7,94,"الإصحاح السابع
لوقا,7,95,"الإصحاح السابع
لوقا,7,96,"الإصحاح السابع
لوقا,7,97,"الإصحاح السابع
لوقا,7,98,"الإصحاح السابع
لوقا,7,99,"الإصحاح السابع
لوقا,8,1,"الإصحاح الثامن
لوقا,8,2,"الإصحاح الثامن
لوقا,8,3,"الإصحاح الثامن
لوقا,8,4,"الإصحاح الثامن
لوقا,8,5,"الإصحاح الثامن
لوقا,8,6,"الإصحاح الثامن
لوقا,8,7,"الإصحاح الثامن
لوقا,8,8,"الإصحاح الثامن
لوقا,8,9,"الإصحاح الثامن
لوقا,8,10,"الإصحاح الثامن
لوقا,8,11,"الإصحاح الثامن
لوقا,8,12,"الإصحاح الثامن
لوقا,8,13,"الإصحاح الثامن
لوقا,8,14,"الإصحاح الثامن
لوقا,8,15,"الإصحاح الثامن
لوقا,8,16,"الإصحاح الثامن
لوقا,8,17,"الإصحاح الثامن
لوقا,8,18,"الإصحاح الثامن
لوقا,8,19,"الإصحاح الثامن
لوقا,8,20,"الإصحاح الثامن
لوقا,8,21,"الإصحاح الثامن
لوقا,8,22,"الإصحاح الثامن
لوقا,8,23,"الإصحاح الثامن
لوقا,8,24,"الإصحاح الثامن
لوقا,8,25,"الإصحاح الثامن
لوقا,8,26,"الإصحاح الثامن
لوقا,8,27,"الإصحاح الثامن
لوقا,8,28,"الإصحاح الثامن
لوقا,8,29,"الإصحاح الثامن
لوقا,8,30,"الإصحاح الثامن
لوقا,8,31,"الإصحاح الثامن
لوقا,8,32,"الإصحاح الثامن
لوقا,8,33,"الإصحاح الثامن
لوقا,8,34,"الإصحاح الثامن
لوقا,8,35,"الإصحاح الثامن
لوقا,8,36,"الإصحاح الثامن
لوقا,8,37,"الإصحاح الثامن
لوقا,8,38,"الإصحاح الثامن
لوقا,8,39,"الإصحاح الثامن
لوقا,8,40,"الإصحاح الثامن
لوقا,8,41,"الإصحاح الثامن
لوقا,8,42,"الإصحاح الثامن
لوقا,8,43,"الإصحاح الثامن
لوقا,8,44,"الإصحاح الثامن
لوقا,8,45,"الإصحاح الثامن
لوقا,8,46,"الإصحاح الثامن
لوقا,8,47,"الإصحاح الثامن
لوقا,8,48,"الإصحاح الثامن
لوقا,8,49,"الإصحاح الثامن
لوقا,8,50,"الإصحاح الثامن
لوقا,8,51,"الإصحاح الثامن
لوقا,8,52,"الإصحاح الثامن
لوقا,8,53,"الإصحاح الثامن
لوقا,8,54,"الإصحاح الثامن
لوقا,8,55,"الإصحاح الثامن
لوقا,8,56,"الإصحاح الثامن
لوقا,8,57,"الإصحاح الثامن
لوقا,8,58,"الإصحاح الثامن
لوقا,8,59,"الإصحاح الثامن
لوقا,8,60,"الإصحاح الثامن
لوقا,8,61,"الإصحاح الثامن
لوقا,8,62,"الإصحاح الثامن
لوقا,8,63,"الإصحاح الثامن
لوقا,8,64,"الإصحاح الثامن
لوقا,8,65,"الإصحاح الثامن
لوقا,8,66,"الإصحاح الثامن
لوقا,8,67,"الإصحاح الثامن
لوقا,8,68,"الإصحاح الثامن
لوقا,8,69,"الإصحاح الثامن
لوقا,8,70,"الإصحاح الثامن
لوقا,8,71,"الإصحاح الثامن
لوقا,8,72,"الإصحاح الثامن
لوقا,8,73,"الإصحاح الثامن
لوقا,8,74,"الإصحاح الثامن
لوقا,8,75,"الإصحاح الثامن
لوقا,8,76,"الإصحاح الثامن
لوقا,8,77,"الإصحاح الثامن
لوقا,8,78,"الإصحاح الثامن
لوقا,8,79,"الإصحاح الثامن
لوقا,8,80,"الإصحاح الثامن
لوقا,8,81,"الإصحاح الثامن
لوقا,8,82,"الإصحاح الثامن
لوقا,8,83,"الإصحاح الثامن
لوقا,8,84,"الإصحاح الثامن
لوقا,8,85,"الإصحاح الثامن
لوقا,8,86,"الإصحاح الثامن
لوقا,8,87,"الإصحاح الثامن
لوقا,8,88,"الإصحاح الثامن
لوقا,8,89,"الإصحاح الثامن
لوقا,8,90,"الإصحاح الثامن
لوقا,8,91,"الإصحاح الثامن
لوقا,8,92,"الإصحاح الثامن
لوقا,8,93,"الإصحاح الثامن
لوقا,8,94,"الإصحاح الثامن
لوقا,8,95,"الإصحاح الثامن
لوقا,8,96,"الإصحاح الثامن
لوقا,8,97,"الإصحاح الثامن
لوقا,8,98,"الإصحاح الثامن
لوقا,8,99,"الإصحاح الثامن
لوقا,9,1,"الإصحاح التاسع
لوقا,9,2,"الإصحاح التاسع
لوقا,9,3,"الإصحاح التاسع
لوقا,9,4,"الإصحاح التاسع
لوقا,9,5,"الإصحاح التاسع
لوقا,9,6,"الإصحاح التاسع
لوقا,9,7,"الإصحاح التاسع
لوقا,9,8,"الإصحاح التاسع
لوقا,9,9,"الإصحاح التاسع
لوقا,9,10,"الإصحاح التاسع
لوقا,9,11,"الإصحاح التاسع
لوقا,9,12,"الإصحاح التاسع
لوقا,9,13,"الإصحاح التاسع
لوقا,9,14,"الإصحاح التاسع
لوقا,9,15,"الإصحاح التاسع
لوقا,9,16,"الإصحاح التاسع
لوقا,9,17,"الإصحاح التاسع
لوقا,9,18,"الإصحاح التاسع
لوقا,9,19,"الإصحاح التاسع
لوقا,9,20,"الإصحاح التاسع
لوقا,9,21,"الإصحاح التاسع
لوقا,9,22,"الإصحاح التاسع
لوقا,9,23,"الإصحاح التاسع
لوقا,9,24,"الإصحاح التاسع
لوقا,9,25,"الإصحاح التاسع
لوقا,9,26,"الإصحاح التاسع
لوقا,9,27,"الإصحاح التاسع
لوقا,9,28,"الإصحاح التاسع
لوقا,9,29,"الإصحاح التاسع
لوقا,9,30,"الإصحاح التاسع
لوقا,9,31,"الإصحاح التاسع
لوقا,9,32,"الإصحاح التاسع
لوقا,9,33,"الإصحاح التاسع
لوقا,9,34,"الإصحاح التاسع
لوقا,9,35,"الإصحاح التاسع
لوقا,9,36,"الإصحاح التاسع
لوقا,9,37,"الإصحاح التاسع
لوقا,9,38,"الإصحاح التاسع
لوقا,9,39,"الإصحاح التاسع
لوقا,9,40,"الإصحاح التاسع
لوقا,9,41,"الإصحاح التاسع
لوقا,9,42,"الإصحاح التاسع
لوقا,9,43,"الإصحاح التاسع
لوقا,9,44,"الإصحاح التاسع
لوقا,9,45,"الإصحاح التاسع
لوقا,9,46,"الإصحاح التاسع
لوقا,9,47,"الإصحاح التاسع
لوقا,9,48,"الإصحاح التاسع
لوقا,9,49,"الإصحاح التاسع
لوقا,9,50,"الإصحاح التاسع
لوقا,9,51,"الإصحاح التاسع
لوقا,9,52,"الإصحاح التاسع
لوقا,9,53,"الإصحاح التاسع
لوقا,9,54,"الإصحاح التاسع
لوقا,9,55,"الإصحاح التاسع
لوقا,9,56,"الإصحاح التاسع
لوقا,9,57,"الإصحاح التاسع
لوقا,9,58,"الإصحاح التاسع
لوقا,9,59,"الإصحاح التاسع
لوقا,9,60,"الإصحاح التاسع
لوقا,9,61,"الإصحاح التاسع
لوقا,9,62,"الإصحاح التاسع
لوقا,9,63,"الإصحاح التاسع
لوقا,9,64,"الإصحاح التاسع
لوقا,9,65,"الإصحاح التاسع
لوقا,9,66,"الإصحاح التاسع
لوقا,9,67,"الإصحاح التاسع
لوقا,9,68,"الإصحاح التاسع
لوقا,9,69,"الإصحاح التاسع
لوقا,9,70,"الإصحاح التاسع
لوقا,9,71,"الإصحاح التاسع
لوقا,9,72,"الإصحاح التاسع
لوقا,9,73,"الإصحاح التاسع
لوقا,9,74,"الإصحاح التاسع
لوقا,9,75,"الإصحاح التاسع
لوقا,9,76,"الإصحاح التاسع
لوقا,9,77,"الإصحاح التاسع
لوقا,9,78,"الإصحاح التاسع
لوقا,9,79,"الإصحاح التاسع
لوقا,9,80,"الإصحاح التاسع
لوقا,9,81,"الإصحاح التاسع
لوقا,9,82,"الإصحاح التاسع
لوقا,9,83,"الإصحاح التاسع
لوقا,9,84,"الإصحاح التاسع
لوقا,9,85,"الإصحاح التاسع
لوقا,9,86,"الإصحاح التاسع
لوقا,9,87,"الإصحاح التاسع
لوقا,9,88,"الإصحاح التاسع
لوقا,9,89,"الإصحاح التاسع
لوقا,9,90,"الإصحاح التاسع
لوقا,9,91,"الإصحاح التاسع
لوقا,9,92,"الإصحاح التاسع
لوقا,9,93,"الإصحاح التاسع
لوقا,9,94,"الإصحاح التاسع
لوقا,9,95,"الإصحاح التاسع
لوقا,9,96,"الإصحاح التاسع
لوقا,9,97,"الإصحاح التاسع
لوقا,9,98,"الإصحاح التاسع
لوقا,9,99,"الإصحاح التاسع
لوقا,10,1,"الإصحاح العاشر
لوقا,10,2,"الإصحاح العاشر
لوقا,10,3,"الإصحاح العاشر
لوقا,10,4,"الإصحاح العاشر
لوقا,10,5,"الإصحاح العاشر
لوقا,10,6,"الإصحاح العاشر
لوقا,10,7,"الإصحاح العاشر
لوقا,10,8,"الإصحاح العاشر
لوقا,10,9,"الإصحاح العاشر
لوقا,10,10,"الإصحاح العاشر
لوقا,10,11,"الإصحاح العاشر
لوقا,10,12,"الإصحاح العاشر
لوقا,10,13,"الإصحاح العاشر
لوقا,10,14,"الإصحاح العاشر
لوقا,10,15,"الإصحاح العاشر
لوقا,10,16,"الإصحاح العاشر
لوقا,10,17,"الإصحاح العاشر
لوقا,10,18,"الإصحاح العاشر
لوقا,10,19,"الإصحاح العاشر
لوقا,10,20,"الإصحاح العاشر
لوقا,10,21,"الإصحاح العاشر
لوقا,10,22,"الإصحاح العاشر
لوقا,10,23,"الإصحاح العاشر
لوقا,10,24,"الإصحاح العاشر
لوقا,10,25,"الإصحاح العاشر
لوقا,10,26,"الإصحاح العاشر
لوقا,10,27,"الإصحاح العاشر
لوقا,10,28,"الإصحاح العاشر
لوقا,10,29,"الإصحاح العاشر
لوقا,10,30,"الإصحاح العاشر
لوقا,10,31,"الإصحاح العاشر
لوقا,10,32,"الإصحاح العاشر
لوقا,10,33,"الإصحاح العاشر
لوقا,10,34,"الإصحاح العاشر
لوقا,10,35,"الإصحاح العاشر
لوقا,10,36,"الإصحاح العاشر
لوقا,10,37,"الإصحاح العاشر
لوقا,10,38,"الإصحاح العاشر
لوقا,10,39,"الإصحاح العاشر
لوقا,10,40,"الإصحاح العاشر
لوقا,10,41,"الإصحاح العاشر
لوقا,10,42,"الإصحاح العاشر
لوقا,10,43,"الإصحاح العاشر
لوقا,10,44,"الإصحاح العاشر
لوقا,10,45,"الإصحاح العاشر
لوقا,10,46,"الإصحاح العاشر
لوقا,10,47,"الإصحاح العاشر
لوقا,10,48,"الإصحاح العاشر
لوقا,10,49,"الإصحاح العاشر
لوقا,10,50,"الإصحاح العاشر
لوقا,10,51,"الإصحاح العاشر
لوقا,10,52,"الإصحاح العاشر
لوقا,10,53,"الإصحاح العاشر
لوقا,10,54,"الإصحاح العاشر
لوقا,10,55,"الإصحاح العاشر
لوقا,10,56,"الإصحاح العاشر
لوقا,10,57,"الإصحاح العاشر
لوقا,10,58,"الإصحاح العاشر
لوقا,10,59,"الإصحاح العاشر
لوقا,10,60,"الإصحاح العاشر
لوقا,10,61,"الإصحاح العاشر
لوقا,10,62,"الإصحاح العاشر
لوقا,10,63,"الإصحاح العاشر
لوقا,10,64,"الإصحاح العاشر
لوقا,10,65,"الإصحاح العاشر
لوقا,10,66,"الإصحاح العاشر
لوقا,10,67,"الإصحاح العاشر
لوقا,10,68,"الإصحاح العاشر
لوقا,10,69,"الإصحاح العاشر
لوقا,10,70,"الإصحاح العاشر
لوقا,10,71,"الإصحاح العاشر
لوقا,10,72,"الإصحاح العاشر
لوقا,10,73,"الإصحاح العاشر
لوقا,10,74,"الإصحاح العاشر
لوقا,10,75,"الإصحاح العاشر
لوقا,10,76,"الإصحاح العاشر
لوقا,10,77,"الإصحاح العاشر
لوقا,10,78,"الإصحاح العاشر
لوقا,10,79,"الإصحاح العاشر
لوقا,10,80,"الإصحاح العاشر
لوقا,10,81,"الإصحاح العاشر
لوقا,10,82,"الإصحاح العاشر
لوقا,10,83,"الإصحاح العاشر
لوقا,10,84,"الإصحاح العاشر
لوقا,10,85,"الإصحاح العاشر
لوقا,10,86,"الإصحاح العاشر
لوقا,10,87,"الإصحاح العاشر
لوقا,10,88,"الإصحاح العاشر
لوقا,10,89,"الإصحاح العاشر
لوقا,10,90,"الإصحاح العاشر
لوقا,10,91,"الإصحاح العاشر
لوقا,10,92,"الإصحاح العاشر
لوقا,10,93,"الإصحاح العاشر
لوقا,10,94,"الإصحاح العاشر
لوقا,10,95,"الإصحاح العاشر
لوقا,10,96,"الإصحاح العاشر
لوقا,10,97,"الإصحاح العاشر
لوقا,10,98,"الإصحاح العاشر
لوقا,10,99,"الإصحاح العاشر
لوقا,11,1,"الإصحاح الحادي عشر
لوقا,11,2,"الإصحاح الحادي عشر
لوقا,11,3,"الإصحاح الحادي عشر
لوقا,11,4,"الإصحاح الحادي عشر
لوقا,11,5,"الإصحاح الحادي عشر
لوقا,11,6,"الإصحاح الحادي عشر
لوقا,11,7,"الإصحاح الحادي عشر
لوقا,11,8,"الإصحاح الحادي عشر
لوقا,11,9,"الإصحاح الحادي عشر
لوقا,11,10,"الإصحاح الحادي عشر
لوقا,11,11,"الإصحاح الحادي عشر
لوقا,11,12,"الإصحاح الحادي عشر
لوقا,11,13,"الإصحاح الحادي عشر
لوقا,11,14,"الإصحاح الحادي عشر
لوقا,11,15,"الإصحاح الحادي عشر
لوقا,11,16,"الإصحاح الحادي عشر
لوقا,11,17,"الإصحاح الحادي عشر
لوقا,11,18,"الإصحاح الحادي عشر
لوقا,11,19,"الإصحاح الحادي عشر
لوقا,11,20,"الإصحاح الحادي عشر
لوقا,11,21,"الإصحاح الحادي عشر
لوقا,11,22,"الإصحاح الحادي عشر
لوقا,11,23,"الإصحاح الحادي عشر
لوقا,11,24,"الإصحاح الحادي عشر
لوقا,11,25,"الإصحاح الحادي عشر
لوقا,11,26,"الإصحاح الحادي عشر
لوقا,11,27,"الإصحاح الحادي عشر
لوقا,11,28,"الإصحاح الحادي عشر
لوقا,11,29,"الإصحاح الحادي عشر
لوقا,11,30,"الإصحاح الحادي عشر
لوقا,11,31,"الإصحاح الحادي عشر
لوقا,11,32,"الإصحاح الحادي عشر
لوقا,11,33,"الإصحاح الحادي عشر
لوقا,11,34,"الإصحاح الحادي عشر
لوقا,11,35,"الإصحاح الحادي عشر
لوقا,11,36,"الإصحاح الحادي عشر
لوقا,11,37,"الإصحاح الحادي عشر
لوقا,11,38,"الإصحاح الحادي عشر
لوقا,11,39,"الإصحاح الحادي عشر
لوقا,11,40,"الإصحاح الحادي عشر
لوقا,11,41,"الإصحاح الحادي عشر
لوقا,11,42,"الإصحاح الحادي عشر
لوقا,11,43,"الإصحاح الحادي عشر
لوقا,11,44,"الإصحاح الحادي عشر
لوقا,11,45,"الإصحاح الحادي عشر
لوقا,11,46,"الإصحاح الحادي عشر
لوقا,11,47,"الإصحاح الحادي عشر
لوقا,11,48,"الإصحاح الحادي عشر
لوقا,11,49,"الإصحاح الحادي عشر
لوقا,11,50,"الإصحاح الحادي عشر
لوقا,11,51,"الإصحاح الحادي عشر
لوقا,11,52,"الإصحاح الحادي عشر
لوقا,11,53,"الإصحاح الحادي عشر
لوقا,11,54,"الإصحاح الحادي عشر
لوقا,11,55,"الإصحاح الحادي عشر
لوقا,11,56,"الإصحاح الحادي عشر
لوقا,11,57,"الإصحاح الحادي عشر
لوقا,11,58,"الإصحاح الحادي عشر
لوقا,11,59,"الإصحاح الحادي عشر
لوقا,11,60,"الإصحاح الحادي عشر
لوقا,11,61,"الإصحاح الحادي عشر
لوقا,11,62,"الإصحاح الحادي عشر
لوقا,11,63,"الإصحاح الحادي عشر
لوقا,11,64,"الإصحاح الحادي عشر
لوقا,11,65,"الإصحاح الحادي عشر
لوقا,11,66,"الإصحاح الحادي عشر
لوقا,11,67,"الإصحاح الحادي عشر
لوقا,11,68,"الإصحاح الحادي عشر
لوقا,11,69,"الإصحاح الحادي عشر
لوقا,11,70,"الإصحاح الحادي عشر
لوقا,11,71,"الإصحاح الحادي عشر
لوقا,11,72,"الإصحاح الحادي عشر
لوقا,11,73,"الإصحاح الحادي عشر
لوقا,11,74,"الإصحاح الحادي عشر
لوقا,11,75,"الإصحاح الحادي عشر
لوقا,11,76,"الإصحاح الحادي عشر
لوقا,11,77,"الإصحاح الحادي عشر
لوقا,11,78,"الإصحاح الحادي عشر
لوقا,11,79,"الإصحاح الحادي عشر
لوقا,11,80,"الإصحاح الحادي عشر
لوقا,11,81,"الإصحاح الحادي عشر
لوقا,11,82,"الإصحاح الحادي عشر
لوقا,11,83,"الإصحاح الحادي عشر
لوقا,11,84,"الإصحاح الحادي عشر
لوقا,11,85,"الإصحاح الحادي عشر
لوقا,11,86,"الإصحاح الحادي عشر
لوقا,11,87,"الإصحاح الحادي عشر
لوقا,11,88,"الإصحاح الحادي عشر
لوقا,11,89,"الإصحاح الحادي عشر
لوقا,11,90,"الإصحاح الحادي عشر
لوقا,11,91,"الإصحاح الحادي عشر
لوقا,11,92,"الإصحاح الحادي عشر
لوقا,11,93,"الإصحاح الحادي عشر
لوقا,11,94,"الإصحاح الحادي عشر
لوقا,11,95,"الإصحاح الحادي عشر
لوقا,11,96,"الإصحاح الحادي عشر
لوقا,11,97,"الإصحاح الحادي عشر
لوقا,11,98,"الإصحاح الحادي عشر
لوقا,11,99,"الإصحاح الحادي عشر
لوقا,12,1,"الإصحاح الثاني عشر
لوقا,12,2,"الإصحاح الثاني عشر
لوقا,12,3,"الإصحاح الثاني عشر
لوقا,12,4,"الإصحاح الثاني عشر
لوقا,12,5,"الإصحاح الثاني عشر
لوقا,12,6,"الإصحاح الثاني عشر
لوقا,12,7,"الإصحاح الثاني عشر
لوقا,12,8,"الإصحاح الثاني عشر
لوقا,12,9,"الإصحاح الثاني عشر
لوقا,12,10,"الإصحاح الثاني عشر
لوقا,12,11,"الإصحاح الثاني عشر
لوقا,12,12,"الإصحاح الثاني عشر
لوقا,12,13,"الإصحاح الثاني عشر
لوقا,12,14,"الإصحاح الثاني عشر
لوقا,12,15,"الإصحاح الثاني عشر
لوقا,12,16,"الإصحاح الثاني عشر
لوقا,12,17,"الإصحاح الثاني عشر
لوقا,12,18,"الإصحاح الثاني عشر
لوقا,12,19,"الإصحاح الثاني عشر
لوقا,12,20,"الإصحاح الثاني عشر
لوقا,12,21,"الإصحاح الثاني عشر
لوقا,12,22,"الإصحاح الثاني عشر
لوقا,12,23,"الإصحاح الثاني عشر
لوقا,12,24,"الإصحاح الثاني عشر
لوقا,12,25,"الإصحاح الثاني عشر
لوقا,12,26,"الإصحاح الثاني عشر
لوقا,12,27,"الإصحاح الثاني عشر
لوقا,12,28,"الإصحاح الثاني عشر
لوقا,12,29,"الإصحاح الثاني عشر
لوقا,12,30,"الإصحاح الثاني عشر
لوقا,12,31,"الإصحاح الثاني عشر
لوقا,12,32,"الإصحاح الثاني عشر
لوقا,12,33,"الإصحاح الثاني عشر
لوقا,12,34,"الإصحاح الثاني عشر
لوقا,12,35,"الإصحاح الثاني عشر
لوقا,12,36,"الإصحاح الثاني عشر
لوقا,12,37,"الإصحاح الثاني عشر
لوقا,12,38,"الإصحاح الثاني عشر
لوقا,12,39,"الإصحاح الثاني عشر
لوقا,12,40,"الإصحاح الثاني عشر
لوقا,12,41,"الإصحاح الثاني عشر
لوقا,12,42,"الإصحاح الثاني عشر
لوقا,12,43,"الإصحاح الثاني عشر
لوقا,12,44,"الإصحاح الثاني عشر
لوقا,12,45,"الإصحاح الثاني عشر
لوقا,12,46,"الإصحاح الثاني عشر
لوقا,12,47,"الإصحاح الثاني عشر
لوقا,12,48,"الإصحاح الثاني عشر
لوقا,12,49,"الإصحاح الثاني عشر
لوقا,12,50,"الإصحاح الثاني عشر
لوقا,12,51,"الإصحاح الثاني عشر
لوقا,12,52,"الإصحاح الثاني عشر
لوقا,12,53,"الإصحاح الثاني عشر
لوقا,12,54,"الإصحاح الثاني عشر
لوقا,12,55,"الإصحاح الثاني عشر
لوقا,12,56,"الإصحاح الثاني عشر
لوقا,12,57,"الإصحاح الثاني عشر
لوقا,12,58,"الإصحاح الثاني عشر
لوقا,12,59,"الإصحاح الثاني عشر
لوقا,12,60,"الإصحاح الثاني عشر
لوقا,12,61,"الإصحاح الثاني عشر
لوقا,12,62,"الإصحاح الثاني عشر
لوقا,12,63,"الإصحاح الثاني عشر
لوقا,12,64,"الإصحاح الثاني عشر
لوقا,12,65,"الإصحاح الثاني عشر
لوقا,12,66,"الإصحاح الثاني عشر
لوقا,12,67,"الإصحاح الثاني عشر
لوقا,12,68,"الإصحاح الثاني عشر
لوقا,12,69,"الإصحاح الثاني عشر
لوقا,12,70,"الإصحاح الثاني عشر
لوقا,12,71,"الإصحاح الثاني عشر
لوقا,12,72,"الإصحاح الثاني عشر
لوقا,12,73,"الإصحاح الثاني عشر
لوقا,12,74,"الإصحاح الثاني عشر
لوقا,12,75,"الإصحاح الثاني عشر
لوقا,12,76,"الإصحاح الثاني عشر
لوقا,12,77,"الإصحاح الثاني عشر
لوقا,12,78,"الإصحاح الثاني عشر
لوقا,12,79,"الإصحاح الثاني عشر
لوقا,12,80,"الإصحاح الثاني عشر
لوقا,12,81,"الإصحاح الثاني عشر
لوقا,12,82,"الإصحاح الثاني عشر
لوقا,12,83,"الإصحاح الثاني عشر
لوقا,12,84,"الإصحاح الثاني عشر
لوقا,12,85,"الإصحاح الثاني عشر
لوقا,12,86,"الإصحاح الثاني عشر
لوقا,12,87,"الإصحاح الثاني عشر
لوقا,12,88,"الإصحاح الثاني عشر
لوقا,12,89,"الإصحاح الثاني عشر
لوقا,12,90,"الإصحاح الثاني عشر
لوقا,12,91,"الإصحاح الثاني عشر
لوقا,12,92,"الإصحاح الثاني عشر
لوقا,12,93,"الإصحاح الثاني عشر
لوقا,12,94,"الإصحاح الثاني عشر
لوقا,12,95,"الإصحاح الثاني عشر
لوقا,12,96,"الإصحاح الثاني عشر
لوقا,12,97,"الإصحاح الثاني عشر
لوقا,12,98,"الإصحاح الثاني عشر
لوقا,12,99,"الإصحاح الثاني عشر
لوقا,13,1,"الإصحاح الثالث عشر
لوقا,13,2,"الإصحاح الثالث عشر
لوقا,13,3,"الإصحاح الثالث عشر
لوقا,13,4,"الإصحاح الثالث عشر
لوقا,13,5,"الإصحاح الثالث عشر
لوقا,13,6,"الإصحاح الثالث عشر
لوقا,13,7,"الإصحاح الثالث عشر
لوقا,13,8,"الإصحاح الثالث عشر
لوقا,13,9,"الإصحاح الثالث عشر
لوقا,13,10,"الإصحاح الثالث عشر
لوقا,13,11,"الإصحاح الثالث عشر
لوقا,13,12,"الإصحاح الثالث عشر
لوقا,13,13,"الإصحاح الثالث عشر
لوقا,13,14,"الإصحاح الثالث عشر
لوقا,13,15,"الإصحاح الثالث عشر
لوقا,13,16,"الإصحاح الثالث عشر
لوقا,13,17,"الإصحاح الثالث عشر
لوقا,13,18,"الإصحاح الثالث عشر
لوقا,13,19,"الإصحاح الثالث عشر
لوقا,13,20,"الإصحاح الثالث عشر
لوقا,13,21,"الإصحاح الثالث عشر
لوقا,13,22,"الإصحاح الثالث عشر
لوقا,13,23,"الإصحاح الثالث عشر
لوقا,13,24,"الإصحاح الثالث عشر
لوقا,13,25,"الإصحاح الثالث عشر
لوقا,13,26,"الإصحاح الثالث عشر
لوقا,13,27,"الإصحاح الثالث عشر
لوقا,13,28,"الإصحاح الثالث عشر
لوقا,13,29,"الإصحاح الثالث عشر
لوقا,13,30,"الإصحاح الثالث عشر
لوقا,13,31,"الإصحاح الثالث عشر
لوقا,13,32,"الإصحاح الثالث عشر
لوقا,13,33,"الإصحاح الثالث عشر
لوقا,13,34,"الإصحاح الثالث عشر
لوقا,13,35,"الإصحاح الثالث عشر
لوقا,13,36,"الإصحاح الثالث عشر
لوقا,13,37,"الإصحاح الثالث عشر
لوقا,13,38,"الإصحاح الثالث عشر
لوقا,13,39,"الإصحاح الثالث عشر
لوقا,13,40,"الإصحاح الثالث عشر
لوقا,13,41,"الإصحاح الثالث عشر
لوقا,13,42,"الإصحاح الثالث عشر
لوقا,13,43,"الإصحاح الثالث عشر
لوقا,13,44,"الإصحاح الثالث عشر
لوقا,13,45,"الإصحاح الثالث عشر
لوقا,13,46,"الإصحاح الثالث عشر
لوقا,13,47,"الإصحاح الثالث عشر
لوقا,13,48,"الإصحاح الثالث عشر
لوقا,13,49,"الإصحاح الثالث عشر
لوقا,13,50,"الإصحاح الثالث عشر
لوقا,13,51,"الإصحاح الثالث عشر
لوقا,13,52,"الإصحاح الثالث عشر
لوقا,13,53,"الإصحاح الثالث عشر
لوقا,13,54,"الإصحاح الثالث عشر
لوقا,13,55,"الإصحاح الثالث عشر
لوقا,13,56,"الإصحاح الثالث عشر
لوقا,13,57,"الإصحاح الثالث عشر
لوقا,13,58,"الإصحاح الثالث عشر
لوقا,13,59,"الإصحاح الثالث عشر
لوقا,13,60,"الإصحاح الثالث عشر
لوقا,13,61,"الإصحاح الثالث عشر
لوقا,13,62,"الإصحاح الثالث عشر
لوقا,13,63,"الإصحاح الثالث عشر
لوقا,13,64,"الإصحاح الثالث عشر
لوقا,13,65,"الإصحاح الثالث عشر
لوقا,13,66,"الإصحاح الثالث عشر
لوقا,13,67,"الإصحاح الثالث عشر
لوقا,13,68,"الإصحاح الثالث عشر
لوقا,13,69,"الإصحاح الثالث عشر
لوقا,13,70,"الإصحاح الثالث عشر
لوقا,13,71,"الإصحاح الثالث عشر
لوقا,13,72,"الإصحاح الثالث عشر
لوقا,13,73,"الإصحاح الثالث عشر
لوقا,13,74,"الإصحاح الثالث عشر
لوقا,13,75,"الإصحاح الثالث عشر
لوقا,13,76,"الإصحاح الثالث عشر
لوقا,13,77,"الإصحاح الثالث عشر
لوقا,13,78,"الإصحاح الثالث عشر
لوقا,13,79,"الإصحاح الثالث عشر
لوقا,13,80,"الإصحاح الثالث عشر
لوقا,13,81,"الإصحاح الثالث عشر
لوقا,13,82,"الإصحاح الثالث عشر
لوقا,13,83,"الإصحاح الثالث عشر
لوقا,13,84,"الإصحاح الثالث عشر
لوقا,13,85,"الإصحاح الثالث عشر
لوقا,13,86,"الإصحاح الثالث عشر
لوقا,13,87,"الإصحاح الثالث عشر
لوقا,13,88,"الإصحاح الثالث عشر
لوقا,13,89,"الإصحاح الثالث عشر
لوقا,13,90,"الإصحاح الثالث عشر
لوقا,13,91,"الإصحاح الثالث عشر
لوقا,13,92,"الإصحاح الثالث عشر
لوقا,13,93,"الإصحاح الثالث عشر
لوقا,13,94,"الإصحاح الثالث عشر
لوقا,13,95,"الإصحاح الثالث عشر
لوقا,13,96,"الإصحاح الثالث عشر
لوقا,13,97,"الإصحاح الثالث عشر
لوقا,13,98,"الإصحاح الثالث عشر
لوقا,13,99,"الإصحاح الثالث عشر
لوقا,14,1,"الإصحاح الرابع عشر
لوقا,14,2,"الإصحاح الرابع عشر
لوقا,14,3,"الإصحاح الرابع عشر
لوقا,14,4,"الإصحاح الرابع عشر
لوقا,14,5,"الإصحاح الرابع عشر
لوقا,14,6,"الإصحاح الرابع عشر
لوقا,14,7,"الإصحاح الرابع عشر
لوقا,14,8,"الإصحاح الرابع عشر
لوقا,14,9,"الإصحاح الرابع عشر
لوقا,14,10,"الإصحاح الرابع عشر
لوقا,14,11,"الإصحاح الرابع عشر
لوقا,14,12,"الإصحاح الرابع عشر
لوقا,14,13,"الإصحاح الرابع عشر
لوقا,14,14,"الإصحاح الرابع عشر
لوقا,14,15,"الإصحاح الرابع عشر
لوقا,14,16,"الإصحاح الرابع عشر
لوقا,14,17,"الإصحاح الرابع عشر
لوقا,14,18,"الإصحاح الرابع عشر
لوقا,14,19,"الإصحاح الرابع عشر
لوقا,14,20,"الإصحاح الرابع عشر
لوقا,14,21,"الإصحاح الرابع عشر
لوقا,14,22,"الإصحاح الرابع عشر
لوقا,14,23,"الإصحاح الرابع عشر
لوقا,14,24,"الإصحاح الرابع عشر
لوقا,14,25,"الإصحاح الرابع عشر
لوقا,14,26,"الإصحاح الرابع عشر
لوقا,14,27,"الإصحاح الرابع عشر
لوقا,14,28,"الإصحاح الرابع عشر
لوقا,14,29,"الإصحاح الرابع عشر
لوقا,14,30,"الإصحاح الرابع عشر
لوقا,14,31,"الإصحاح الرابع عشر
لوقا,14,32,"الإصحاح الرابع عشر
لوقا,14,33,"الإصحاح الرابع عشر
لوقا,14,34,"الإصحاح الرابع عشر
لوقا,14,35,"الإصحاح الرابع عشر
لوقا,14,36,"الإصحاح الرابع عشر
لوقا,14,37,"الإصحاح الرابع عشر
لوقا,14,38,"الإصحاح الرابع عشر
لوقا,14,39,"الإصحاح الرابع عشر
لوقا,14,40,"الإصحاح الرابع عشر
لوقا,14,41,"الإصحاح الرابع عشر
لوقا,14,42,"الإصحاح الرابع عشر
لوقا,14,43,"الإصحاح الرابع عشر
لوقا,14,44,"الإصحاح الرابع عشر
لوقا,14,45,"الإصحاح الرابع عشر
لوقا,14,46,"الإصحاح الرابع عشر
لوقا,14,47,"الإصحاح الرابع عشر
لوقا,14,48,"الإصحاح الرابع عشر
لوقا,14,49,"الإصحاح الرابع عشر
لوقا,14,50,"الإصحاح الرابع عشر
لوقا,14,51,"الإصحاح الرابع عشر
لوقا,14,52,"الإصحاح الرابع عشر
لوقا,14,53,"الإصحاح الرابع عشر
لوقا,14,54,"الإصحاح الرابع عشر
لوقا,14,55,"الإصحاح الرابع عشر
لوقا,14,56,"الإصحاح الرابع عشر
لوقا,14,57,"الإصحاح الرابع عشر
لوقا,14,58,"الإصحاح الرابع عشر
لوقا,14,59,"الإصحاح الرابع عشر
لوقا,14,60,"الإصحاح الرابع عشر
لوقا,14,61,"الإصحاح الرابع عشر
لوقا,14,62,"الإصحاح الرابع عشر
لوقا,14,63,"الإصحاح الرابع عشر
لوقا,14,64,"الإصحاح الرابع عشر
لوقا,14,65,"الإصحاح الرابع عشر
لوقا,14,66,"الإصحاح الرابع عشر
لوقا,14,67,"الإصحاح الرابع عشر
لوقا,14,68,"الإصحاح الرابع عشر
لوقا,14,69,"الإصحاح الرابع عشر
لوقا,14,70,"الإصحاح الرابع عشر
لوقا,14,71,"الإصحاح الرابع عشر
لوقا,14,72,"الإصحاح الرابع عشر
لوقا,14,73,"الإصحاح الرابع عشر
لوقا,14,74,"الإصحاح الرابع عشر
لوقا,14,75,"الإصحاح الرابع عشر
لوقا,14,76,"الإصحاح الرابع عشر
لوقا,14,77,"الإصحاح الرابع عشر
لوقا,14,78,"الإصحاح الرابع عشر
لوقا,14,79,"الإصحاح الرابع عشر
لوقا,14,80,"الإصحاح الرابع عشر
لوقا,14,81,"الإصحاح الرابع عشر
لوقا,14,82,"الإصحاح الرابع عشر
لوقا,14,83,"الإصحاح الرابع عشر
لوقا,14,84,"الإصحاح الرابع عشر
لوقا,14,85,"الإصحاح الرابع عشر
لوقا,14,86,"الإصحاح الرابع عشر
لوقا,14,87,"الإصحاح الرابع عشر
لوقا,14,88,"الإصحاح الرابع عشر
لوقا,14,89,"الإصحاح الرابع عشر
لوقا,14,90,"الإصحاح الرابع عشر
لوقا,14,91,"الإصحاح الرابع عشر
لوقا,14,92,"الإصحاح الرابع عشر
لوقا,14,93,"الإصحاح الرابع عشر
لوقا,14,94,"الإصحاح الرابع عشر
لوقا,14,95,"الإصحاح الرابع عشر
لوقا,14,96,"الإصحاح الرابع عشر
لوقا,14,97,"الإصحاح الرابع عشر
لوقا,14,98,"الإصحاح الرابع عشر
لوقا,14,99,"الإصحاح الرابع عشر
لوقا,15,1,"الإصحاح الخامس عشر
لوقا,15,2,"الإصحاح الخامس عشر
لوقا,15,3,"الإصحاح الخامس عشر
لوقا,15,4,"الإصحاح الخامس عشر
لوقا,15,5,"الإصحاح الخامس عشر
لوقا,15,6,"الإصحاح الخامس عشر
لوقا,15,7,"الإصحاح الخامس عشر
لوقا,15,8,"الإصحاح الخامس عشر
لوقا,15,9,"الإصحاح الخامس عشر
لوقا,15,10,"الإصحاح الخامس عشر
لوقا,15,11,"الإصحاح الخامس عشر
لوقا,15,12,"الإصحاح الخامس عشر
لوقا,15,13,"الإصحاح الخامس عشر
لوقا,15,14,"الإصحاح الخامس عشر
لوقا,15,15,"الإصحاح الخامس عشر
لوقا,15,16,"الإصحاح الخامس عشر
لوقا,15,17,"الإصحاح الخامس عشر
لوقا,15,18,"الإصحاح الخامس عشر
لوقا,15,19,"الإصحاح الخامس عشر
لوقا,15,20,"الإصحاح الخامس عشر
لوقا,15,21,"الإصحاح الخامس عشر
لوقا,15,22,"الإصحاح الخامس عشر
لوقا,15,23,"الإصحاح الخامس عشر
لوقا,15,24,"الإصحاح الخامس عشر
لوقا,15,25,"الإصحاح الخامس عشر
لوقا,15,26,"الإصحاح الخامس عشر
لوقا,15,27,"الإصحاح الخامس عشر
لوقا,15,28,"الإصحاح الخامس عشر
لوقا,15,29,"الإصحاح الخامس عشر
لوقا,15,30,"الإصحاح الخامس عشر
لوقا,15,31,"الإصحاح الخامس عشر
لوقا,15,32,"الإصحاح الخامس عشر
لوقا,15,33,"الإصحاح الخامس عشر
لوقا,15,34,"الإصحاح الخامس عشر
لوقا,15,35,"الإصحاح الخامس عشر
لوقا,15,36,"الإصحاح الخامس عشر
لوقا,15,37,"الإصحاح الخامس عشر
لوقا,15,38,"الإصحاح الخامس عشر
لوقا,15,39,"الإصحاح الخامس عشر
لوقا,15,40,"الإصحاح الخامس عشر
لوقا,15,41,"الإصحاح الخامس عشر
لوقا,15,42,"الإصحاح الخامس عشر
لوقا,15,43,"الإصحاح الخامس عشر
لوقا,15,44,"الإصحاح الخامس عشر
لوقا,15,45,"الإصحاح الخامس عشر
لوقا,15,46,"الإصحاح الخامس عشر
لوقا,15,47,"الإصحاح الخامس عشر
لوقا,15,48,"الإصحاح الخامس عشر
لوقا,15,49,"الإصحاح الخامس عشر
لوقا,15,50,"الإصحاح الخامس عشر
لوقا,15,51,"الإصحاح الخامس عشر
لوقا,15,52,"الإصحاح الخامس عشر
لوقا,15,53,"الإصحاح الخامس عشر
لوقا,15,54,"الإصحاح الخامس عشر
لوقا,15,55,"الإصحاح الخامس عشر
لوقا,15,56,"الإصحاح الخامس عشر
لوقا,15,57,"الإصحاح الخامس عشر
لوقا,15,58,"الإصحاح الخامس عشر
لوقا,15,59,"الإصحاح الخامس عشر
لوقا,15,60,"الإصحاح الخامس عشر
لوقا,15,61,"الإصحاح الخامس عشر
لوقا,15,62,"الإصحاح الخامس عشر
لوقا,15,63,"الإصحاح الخامس عشر
لوقا,15,64,"الإصحاح الخامس عشر
لوقا,15,65,"الإصحاح الخامس عشر
لوقا,15,66,"الإصحاح الخامس عشر
لوقا,15,67,"الإصحاح الخامس عشر
لوقا,15,68,"الإصحاح الخامس عشر
لوقا,15,69,"الإصحاح الخامس عشر
لوقا,15,70,"الإصحاح الخامس عشر
لوقا,15,71,"الإصحاح الخامس عشر
لوقا,15,72,"الإصحاح الخامس عشر
لوقا,15,73,"الإصحاح الخامس عشر
لوقا,15,74,"الإصحاح الخامس عشر
لوقا,15,75,"الإصحاح الخامس عشر
لوقا,15,76,"الإصحاح الخامس عشر
لوقا,15,77,"الإصحاح الخامس عشر
لوقا,15,78,"الإصحاح الخامس عشر
لوقا,15,79,"الإصحاح الخامس عشر
لوقا,15,80,"الإصحاح الخامس عشر
لوقا,15,81,"الإصحاح الخامس عشر
لوقا,15,82,"الإصحاح الخامس عشر
لوقا,15,83,"الإصحاح الخامس عشر
لوقا,15,84,"الإصحاح الخامس عشر
لوقا,15,85,"الإصحاح الخامس عشر
لوقا,15,86,"الإصحاح الخامس عشر
لوقا,15,87,"الإصحاح الخامس عشر
لوقا,15,88,"الإصحاح الخامس عشر
لوقا,15,89,"الإصحاح الخامس عشر
لوقا,15,90,"الإصحاح الخامس عشر
لوقا,15,91,"الإصحاح الخامس عشر
لوقا,15,92,"الإصحاح الخامس عشر
لوقا,15,93,"الإصحاح الخامس عشر
لوقا,15,94,"الإصحاح الخامس عشر
لوقا,15,95,"الإصحاح الخامس عشر
لوقا,15,96,"الإصحاح الخامس عشر
لوقا,15,97,"الإصحاح الخامس عشر
لوقا,15,98,"الإصحاح الخامس عشر
لوقا,15,99,"الإصحاح الخامس عشر
لوقا,16,1,"الإصحاح السادس عشر
لوقا,16,2,"الإصحاح السادس عشر
لوقا,16,3,"الإصحاح السادس عشر
لوقا,16,4,"الإصحاح السادس عشر
لوقا,16,5,"الإصحاح السادس عشر
لوقا,16,6,"الإصحاح السادس عشر
لوقا,16,7,"الإصحاح السادس عشر
لوقا,16,8,"الإصحاح السادس عشر
لوقا,16,9,"الإصحاح السادس عشر
لوقا,16,10,"الإصحاح السادس عشر
لوقا,16,11,"الإصحاح السادس عشر
لوقا,16,12,"الإصحاح السادس عشر
لوقا,16,13,"الإصحاح السادس عشر
لوقا,16,14,"الإصحاح السادس عشر
لوقا,16,15,"الإصحاح السادس عشر
لوقا,16,16,"الإصحاح السادس عشر
لوقا,16,17,"الإصحاح السادس عشر
لوقا,16,18,"الإصحاح السادس عشر
لوقا,16,19,"الإصحاح السادس عشر
لوقا,16,20,"الإصحاح السادس عشر
لوقا,16,21,"الإصحاح السادس عشر
لوقا,16,22,"الإصحاح السادس عشر
لوقا,16,23,"الإصحاح السادس عشر
لوقا,16,24,"الإصحاح السادس عشر
لوقا,16,25,"الإصحاح السادس عشر
لوقا,16,26,"الإصحاح السادس عشر
لوقا,16,27,"الإصحاح السادس عشر
لوقا,16,28,"الإصحاح السادس عشر
لوقا,16,29,"الإصحاح السادس عشر
لوقا,16,30,"الإصحاح السادس عشر
لوقا,16,31,"الإصحاح السادس عشر
لوقا,16,32,"الإصحاح السادس عشر
لوقا,16,33,"الإصحاح السادس عشر
لوقا,16,34,"الإصحاح السادس عشر
لوقا,16,35,"الإصحاح السادس عشر
لوقا,16,36,"الإصحاح السادس عشر
لوقا,16,37,"الإصحاح السادس عشر
لوقا,16,38,"الإصحاح السادس عشر
لوقا,16,39,"الإصحاح السادس عشر
لوقا,16,40,"الإصحاح السادس عشر
لوقا,16,41,"الإصحاح السادس عشر
لوقا,16,42,"الإصحاح السادس عشر
لوقا,16,43,"الإصحاح السادس عشر
لوقا,16,44,"الإصحاح السادس عشر
لوقا,16,45,"الإصحاح السادس عشر
لوقا,16,46,"الإصحاح السادس عشر
لوقا,16,47,"الإصحاح السادس عشر
لوقا,16,48,"الإصحاح السادس عشر
لوقا,16,49,"الإصحاح السادس عشر
لوقا,16,50,"الإصحاح السادس عشر
لوقا,16,51,"الإصحاح السادس عشر
لوقا,16,52,"الإصحاح السادس عشر
لوقا,16,53,"الإصحاح السادس عشر
لوقا,16,54,"الإصحاح السادس عشر
لوقا,16,55,"الإصحاح السادس عشر
لوقا,16,56,"الإصحاح السادس عشر
لوقا,16,57,"الإصحاح السادس عشر
لوقا,16,58,"الإصحاح السادس عشر
لوقا,16,59,"الإصحاح السادس عشر
لوقا,16,60,"الإصحاح السادس عشر
لوقا,16,61,"الإصحاح السادس عشر
لوقا,16,62,"الإصحاح السادس عشر
لوقا,16,63,"الإصحاح السادس عشر
لوقا,16,64,"الإصحاح السادس عشر
لوقا,16,65,"الإصحاح السادس عشر
لوقا,16,66,"الإصحاح السادس عشر
لوقا,16,67,"الإصحاح السادس عشر
لوقا,16,68,"الإصحاح السادس عشر
لوقا,16,69,"الإصحاح السادس عشر
لوقا,16,70,"الإصحاح السادس عشر
لوقا,16,71,"الإصحاح السادس عشر
لوقا,16,72,"الإصحاح السادس عشر
لوقا,16,73,"الإصحاح السادس عشر
لوقا,16,74,"الإصحاح السادس عشر
لوقا,16,75,"الإصحاح السادس عشر
لوقا,16,76,"الإصحاح السادس عشر
لوقا,16,77,"الإصحاح السادس عشر
لوقا,16,78,"الإصحاح السادس عشر
لوقا,16,79,"الإصحاح السادس عشر
لوقا,16,80,"الإصحاح السادس عشر
لوقا,16,81,"الإصحاح السادس عشر
لوقا,16,82,"الإصحاح السادس عشر
لوقا,16,83,"الإصحاح السادس عشر
لوقا,16,84,"الإصحاح السادس عشر
لوقا,16,85,"الإصحاح السادس عشر
لوقا,16,86,"الإصحاح السادس عشر
لوقا,16,87,"الإصحاح السادس عشر
لوقا,16,88,"الإصحاح السادس عشر
لوقا,16,89,"الإصحاح السادس عشر
لوقا,16,90,"الإصحاح السادس عشر
لوقا,16,91,"الإصحاح السادس عشر
لوقا,16,92,"الإصحاح السادس عشر
لوقا,16,93,"الإصحاح السادس عشر
لوقا,16,94,"الإصحاح السادس عشر
لوقا,16,95,"الإصحاح السادس عشر
لوقا,16,96,"الإصحاح السادس عشر
لوقا,16,97,"الإصحاح السادس عشر
لوقا,16,98,"الإصحاح السادس عشر
لوقا,16,99,"الإصحاح السادس عشر
لوقا,17,1,"الإصحاح السابع عشر
لوقا,17,2,"الإصحاح السابع عشر
لوقا,17,3,"الإصحاح السابع عشر
لوقا,17,4,"الإصحاح السابع عشر
لوقا,17,5,"الإصحاح السابع عشر
لوقا,17,6,"الإصحاح السابع عشر
لوقا,17,7,"الإصحاح السابع عشر
لوقا,17,8,"الإصحاح السابع عشر
لوقا,17,9,"الإصحاح السابع عشر
لوقا,17,10,"الإصحاح السابع عشر
لوقا,17,11,"الإصحاح السابع عشر
لوقا,17,12,"الإصحاح السابع عشر
لوقا,17,13,"الإصحاح السابع عشر
لوقا,17,14,"الإصحاح السابع عشر
لوقا,17,15,"الإصحاح السابع عشر
لوقا,17,16,"الإصحاح السابع عشر
لوقا,17,17,"الإصحاح السابع عشر
لوقا,17,18,"الإصحاح السابع عشر
لوقا,17,19,"الإصحاح السابع عشر
لوقا,17,20,"الإصحاح السابع عشر
لوقا,17,21,"الإصحاح السابع عشر
لوقا,17,22,"الإصحاح السابع عشر
لوقا,17,23,"الإصحاح السابع عشر
لوقا,17,24,"الإصحاح السابع عشر
لوقا,17,25,"الإصحاح السابع عشر
لوقا,17,26,"الإصحاح السابع عشر
لوقا,17,27,"الإصحاح السابع عشر
لوقا,17,28,"الإصحاح السابع عشر
لوقا,17,29,"الإصحاح السابع عشر
لوقا,17,30,"الإصحاح السابع عشر
لوقا,17,31,"الإصحاح السابع عشر
لوقا,17,32,"الإصحاح السابع عشر
لوقا,17,33,"الإصحاح السابع عشر
لوقا,17,34,"الإصحاح السابع عشر
لوقا,17,35,"الإصحاح السابع عشر
لوقا,17,36,"الإصحاح السابع عشر
لوقا,17,37,"الإصحاح السابع عشر
لوقا,17,38,"الإصحاح السابع عشر
لوقا,17,39,"الإصحاح السابع عشر
لوقا,17,40,"الإصحاح السابع عشر
لوقا,17,41,"الإصحاح السابع عشر
لوقا,17,42,"الإصحاح السابع عشر
لوقا,17,43,"الإصحاح السابع عشر
لوقا,17,44,"الإصحاح السابع عشر
لوقا,17,45,"الإصحاح السابع عشر
لوقا,17,46,"الإصحاح السابع عشر
لوقا,17,47,"الإصحاح السابع عشر
لوقا,17,48,"الإصحاح السابع عشر
لوقا,17,49,"الإصحاح السابع عشر
لوقا,17,50,"الإصحاح السابع عشر
لوقا,17,51,"الإصحاح السابع عشر
لوقا,17,52,"الإصحاح السابع عشر
لوقا,17,53,"الإصحاح السابع عشر
لوقا,17,54,"الإصحاح السابع عشر
لوقا,17,55,"الإصحاح السابع عشر
لوقا,17,56,"الإصحاح السابع عشر
لوقا,17,57,"الإصحاح السابع عشر
لوقا,17,58,"الإصحاح السابع عشر
لوقا,17,59,"الإصحاح السابع عشر
لوقا,17,60,"الإصحاح السابع عشر
لوقا,17,61,"الإصحاح السابع عشر
لوقا,17,62,"الإصحاح السابع عشر
لوقا,17,63,"الإصحاح السابع عشر
لوقا,17,64,"الإصحاح السابع عشر
لوقا,17,65,"الإصحاح السابع عشر
لوقا,17,66,"الإصحاح السابع عشر
لوقا,17,67,"الإصحاح السابع عشر
لوقا,17,68,"الإصحاح السابع عشر
لوقا,17,69,"الإصحاح السابع عشر
لوقا,17,70,"الإصحاح السابع عشر
لوقا,17,71,"الإصحاح السابع عشر
لوقا,17,72,"الإصحاح السابع عشر
لوقا,17,73,"الإصحاح السابع عشر
لوقا,17,74,"الإصحاح السابع عشر
لوقا,17,75,"الإصحاح السابع عشر
لوقا,17,76,"الإصحاح السابع عشر
لوقا,17,77,"الإصحاح السابع عشر
لوقا,17,78,"الإصحاح السابع عشر
لوقا,17,79,"الإصحاح السابع عشر
لوقا,17,80,"الإصحاح السابع عشر
لوقا,17,81,"الإصحاح السابع عشر
لوقا,17,82,"الإصحاح السابع عشر
لوقا,17,83,"الإصحاح السابع عشر
لوقا,17,84,"الإصحاح السابع عشر
لوقا,17,85,"الإصحاح السابع عشر
لوقا,17,86,"الإصحاح السابع عشر
لوقا,17,87,"الإصحاح السابع عشر
لوقا,17,88,"الإصحاح السابع عشر
لوقا,17,89,"الإصحاح السابع عشر
لوقا,17,90,"الإصحاح السابع عشر
لوقا,17,91,"الإصحاح السابع عشر
لوقا,17,92,"الإصحاح السابع عشر
لوقا,17,93,"الإصحاح السابع عشر
لوقا,17,94,"الإصحاح السابع عشر
لوقا,17,95,"الإصحاح السابع عشر
لوقا,17,96,"الإصحاح السابع عشر
لوقا,17,97,"الإصحاح السابع عشر
لوقا,17,98,"الإصحاح السابع عشر
لوقا,17,99,"الإصحاح السابع عشر
لوقا,18,1,"الإصحاح الثامن عشر
لوقا,18,2,"الإصحاح الثامن عشر
لوقا,18,3,"الإصحاح الثامن عشر
لوقا,18,4,"الإصحاح الثامن عشر
لوقا,18,5,"الإصحاح الثامن عشر
لوقا,18,6,"الإصحاح الثامن عشر
لوقا,18,7,"الإصحاح الثامن عشر
لوقا,18,8,"الإصحاح الثامن عشر
لوقا,18,9,"الإصحاح الثامن عشر
لوقا,18,10,"الإصحاح الثامن عشر
لوقا,18,11,"الإصحاح الثامن عشر
لوقا,18,12,"الإصحاح الثامن عشر
لوقا,18,13,"الإصحاح الثامن عشر
لوقا,18,14,"الإصحاح الثامن عشر
لوقا,18,15,"الإصحاح الثامن عشر
لوقا,18,16,"الإصحاح الثامن عشر
لوقا,18,17,"الإصحاح الثامن عشر
لوقا,18,18,"الإصحاح الثامن عشر
لوقا,18,19,"الإصحاح الثامن عشر
لوقا,18,20,"الإصحاح الثامن عشر
لوقا,18,21,"الإصحاح الثامن عشر
لوقا,18,22,"الإصحاح الثامن عشر
لوقا,18,23,"الإصحاح الثامن عشر
لوقا,18,24,"الإصحاح الثامن عشر
لوقا,18,25,"الإصحاح الثامن عشر
لوقا,18,26,"الإصحاح الثامن عشر
لوقا,18,27,"الإصحاح الثامن عشر
لوقا,18,28,"الإصحاح الثامن عشر
لوقا,18,29,"الإصحاح الثامن عشر
لوقا,18,30,"الإصحاح الثامن عشر
لوقا,18,31,"الإصحاح الثامن عشر
لوقا,18,32,"الإصحاح الثامن عشر
لوقا,18,33,"الإصحاح الثامن عشر
لوقا,18,34,"الإصحاح الثامن عشر
لوقا,18,35,"الإصحاح الثامن عشر
لوقا,18,36,"الإصحاح الثامن عشر
لوقا,18,37,"الإصحاح الثامن عشر
لوقا,18,38,"الإصحاح الثامن عشر
لوقا,18,39,"الإصحاح الثامن عشر
لوقا,18,40,"الإصحاح الثامن عشر
لوقا,18,41,"الإصحاح الثامن عشر
لوقا,18,42,"الإصحاح الثامن عشر
لوقا,18,43,"الإصحاح الثامن عشر
لوقا,18,44,"الإصحاح الثامن عشر
لوقا,18,45,"الإصحاح الثامن عشر
لوقا,18,46,"الإصحاح الثامن عشر
لوقا,18,47,"الإصحاح الثامن عشر
لوقا,18,48,"الإصحاح الثامن عشر
لوقا,18,49,"الإصحاح الثامن عشر
لوقا,18,50,"الإصحاح الثامن عشر
لوقا,18,51,"الإصحاح الثامن عشر
لوقا,18,52,"الإصحاح الثامن عشر
لوقا,18,53,"الإصحاح الثامن عشر
لوقا,18,54,"الإصحاح الثامن عشر
لوقا,18,55,"الإصحاح الثامن عشر
لوقا,18,56,"الإصحاح الثامن عشر
لوقا,18,57,"الإصحاح الثامن عشر
لوقا,18,58,"الإصحاح الثامن عشر
لوقا,18,59,"الإصحاح الثامن عشر
لوقا,18,60,"الإصحاح الثامن عشر
لوقا,18,61,"الإصحاح الثامن عشر
لوقا,18,62,"الإصحاح الثامن عشر
لوقا,18,63,"الإصحاح الثامن عشر
لوقا,18,64,"الإصحاح الثامن عشر
لوقا,18,65,"الإصحاح الثامن عشر
لوقا,18,66,"الإصحاح الثامن عشر
لوقا,18,67,"الإصحاح الثامن عشر
لوقا,18,68,"الإصحاح الثامن عشر
لوقا,18,69,"الإصحاح الثامن عشر
لوقا,18,70,"الإصحاح الثامن عشر
لوقا,18,71,"الإصحاح الثامن عشر
لوقا,18,72,"الإصحاح الثامن عشر
لوقا,18,73,"الإصحاح الثامن عشر
لوقا,18,74,"الإصحاح الثامن عشر
لوقا,18,75,"الإصحاح الثامن عشر
لوقا,18,76,"الإصحاح الثامن عشر
لوقا,18,77,"الإصحاح الثامن عشر
لوقا,18,78,"الإصحاح الثامن عشر
لوقا,18,79,"الإصحاح الثامن عشر
لوقا,18,80,"الإصحاح الثامن عشر
لوقا,18,81,"الإصحاح الثامن عشر
لوقا,18,82,"الإصحاح الثامن عشر
لوقا,18,83,"الإصحاح الثامن عشر
لوقا,18,84,"الإصحاح الثامن عشر
لوقا,18,85,"الإصحاح الثامن عشر
لوقا,18,86,"الإصحاح الثامن عشر
لوقا,18,87,"الإصحاح الثامن عشر
لوقا,18,88,"الإصحاح الثامن عشر
لوقا,18,89,"الإصحاح الثامن عشر
لوقا,18,90,"الإصحاح الثامن عشر
لوقا,18,91,"الإصحاح الثامن عشر
لوقا,18,92,"الإصحاح الثامن عشر
لوقا,18,93,"الإصحاح الثامن عشر
لوقا,18,94,"الإصحاح الثامن عشر
لوقا,18,95,"الإصحاح الثامن عشر
لوقا,18,96,"الإصحاح الثامن عشر
لوقا,18,97,"الإصحاح الثامن عشر
لوقا,18,98,"الإصحاح الثامن عشر
لوقا,18,99,"الإصحاح الثامن عشر
لوقا,19,1,"الإصحاح التاسع عشر
لوقا,19,2,"الإصحاح التاسع عشر
لوقا,19,3,"الإصحاح التاسع عشر
لوقا,19,4,"الإصحاح التاسع عشر
لوقا,19,5,"الإصحاح التاسع عشر
لوقا,19,6,"الإصحاح التاسع عشر
لوقا,19,7,"الإصحاح التاسع عشر
لوقا,19,8,"الإصحاح التاسع عشر
لوقا,19,9,"الإصحاح التاسع عشر
لوقا,19,10,"الإصحاح التاسع عشر
لوقا,19,11,"الإصحاح التاسع عشر
لوقا,19,12,"الإصحاح التاسع عشر
لوقا,19,13,"الإصحاح التاسع عشر
لوقا,19,14,"الإصحاح التاسع عشر
لوقا,19,15,"الإصحاح التاسع عشر
لوقا,19,16,"الإصحاح التاسع عشر
لوقا,19,17,"الإصحاح التاسع عشر
لوقا,19,18,"الإصحاح التاسع عشر
لوقا,19,19,"الإصحاح التاسع عشر
لوقا,19,20,"الإصحاح التاسع عشر
لوقا,19,21,"الإصحاح التاسع عشر
لوقا,19,22,"الإصحاح التاسع عشر
لوقا,19,23,"الإصحاح التاسع عشر
لوقا,19,24,"الإصحاح التاسع عشر
لوقا,19,25,"الإصحاح التاسع عشر
لوقا,19,26,"الإصحاح التاسع عشر
لوقا,19,27,"الإصحاح التاسع عشر
لوقا,19,28,"الإصحاح التاسع عشر
لوقا,19,29,"الإصحاح التاسع عشر
لوقا,19,30,"الإصحاح التاسع عشر
لوقا,19,31,"الإصحاح التاسع عشر
لوقا,19,32,"الإصحاح التاسع عشر
لوقا,19,33,"الإصحاح التاسع عشر
لوقا,19,34,"الإصحاح التاسع عشر
لوقا,19,35,"الإصحاح التاسع عشر
لوقا,19,36,"الإصحاح التاسع عشر
لوقا,19,37,"الإصحاح التاسع عشر
لوقا,19,38,"الإصحاح التاسع عشر
لوقا,19,39,"الإصحاح التاسع عشر
لوقا,19,40,"الإصحاح التاسع عشر
لوقا,19,41,"الإصحاح التاسع عشر
لوقا,19,42,"الإصحاح التاسع عشر
لوقا,19,43,"الإصحاح التاسع عشر
لوقا,19,44,"الإصحاح التاسع عشر
لوقا,19,45,"الإصحاح التاسع عشر
لوقا,19,46,"الإصحاح التاسع عشر
لوقا,19,47,"الإصحاح التاسع عشر
لوقا,19,48,"الإصحاح التاسع عشر
لوقا,19,49,"الإصحاح التاسع عشر
لوقا,19,50,"الإصحاح التاسع عشر
لوقا,19,51,"الإصحاح التاسع عشر
لوقا,19,52,"الإصحاح التاسع عشر
لوقا,19,53,"الإصحاح التاسع عشر
لوقا,19,54,"الإصحاح التاسع عشر
لوقا,19,55,"الإصحاح التاسع عشر
لوقا,19,56,"الإصحاح التاسع عشر
لوقا,19,57,"الإصحاح التاسع عشر
لوقا,19,58,"الإصحاح التاسع عشر
لوقا,19,59,"الإصحاح التاسع عشر
لوقا,19,60,"الإصحاح التاسع عشر
لوقا,19,61,"الإصحاح التاسع عشر
لوقا,19,62,"الإصحاح التاسع عشر
لوقا,19,63,"الإصحاح التاسع عشر
لوقا,19,64,"الإصحاح التاسع عشر
لوقا,19,65,"الإصحاح التاسع عشر
لوقا,19,66,"الإصحاح التاسع عشر
لوقا,19,67,"الإصحاح التاسع عشر
لوقا,19,68,"الإصحاح التاسع عشر
لوقا,19,69,"الإصحاح التاسع عشر
لوقا,19,70,"الإصحاح التاسع عشر
لوقا,19,71,"الإصحاح التاسع عشر
لوقا,19,72,"الإصحاح التاسع عشر
لوقا,19,73,"الإصحاح التاسع عشر
لوقا,19,74,"الإصحاح التاسع عشر
لوقا,19,75,"الإصحاح التاسع عشر
لوقا,19,76,"الإصحاح التاسع عشر
لوقا,19,77,"الإصحاح التاسع عشر
لوقا,19,78,"الإصحاح التاسع عشر
لوقا,19,79,"الإصحاح التاسع عشر
لوقا,19,80,"الإصحاح التاسع عشر
لوقا,19,81,"الإصحاح التاسع عشر
لوقا,19,82,"الإصحاح التاسع عشر
لوقا,19,83,"الإصحاح التاسع عشر
لوقا,19,84,"الإصحاح التاسع عشر
لوقا,19,85,"الإصحاح التاسع عشر
لوقا,19,86,"الإصحاح التاسع عشر
لوقا,19,87,"الإصحاح التاسع عشر
لوقا,19,88,"الإصحاح التاسع عشر
لوقا,19,89,"الإصحاح التاسع عشر
لوقا,19,90,"الإصحاح التاسع عشر
لوقا,19,91,"الإصحاح التاسع عشر
لوقا,19,92,"الإصحاح التاسع عشر
لوقا,19,93,"الإصحاح التاسع عشر
لوقا,19,94,"الإصحاح التاسع عشر
لوقا,19,95,"الإصحاح التاسع عشر
لوقا,19,96,"الإصحاح التاسع عشر
لوقا,19,97,"الإصحاح التاسع عشر
لوقا,19,98,"الإصحاح التاسع عشر
لوقا,19,99,"الإصحاح التاسع عشر
لوقا,20,1,"( لو20:1-8):  Luk 1:20-8 
لوقا,20,2,"( لو20:1-8):  Luk 1:20-8 
لوقا,20,3,"( لو20:1-8):  Luk 1:20-8 
لوقا,20,4,"( لو20:1-8):  Luk 1:20-8 
لوقا,20,5,"( لو20:1-8):  Luk 1:20-8 
لوقا,20,6,"( لو20:1-8):  Luk 1:20-8 
لوقا,20,7,"( لو20:1-8):  Luk 1:20-8 
لوقا,20,8,"( لو20:1-8):  Luk 1:20-8 
لوقا,20,9,"( لو20:1-8):  Luk 1:20-8 
لوقا,20,10,"( لو20:1-8):  Luk 1:20-8 
لوقا,20,11,"( لو20:1-8):  Luk 1:20-8 
لوقا,20,12,"( لو20:1-8):  Luk 1:20-8 
لوقا,20,13,"( لو20:1-8):  Luk 1:20-8 
لوقا,20,14,"( لو20:1-8):  Luk 1:20-8 
لوقا,20,15,"( لو20:1-8):  Luk 1:20-8 
لوقا,20,16,"( لو20:1-8):  Luk 1:20-8 
لوقا,20,17,"( لو20:1-8):  Luk 1:20-8 
لوقا,20,18,"( لو20:1-8):  Luk 1:20-8 
لوقا,20,19,"( لو20:1-8):  Luk 1:20-8 
لوقا,20,20,"( لو20:1-8):  Luk 1:20-8 
لوقا,20,21,"( لو20:1-8):  Luk 1:20-8 
لوقا,20,22,"( لو20:1-8):  Luk 1:20-8 
لوقا,20,23,"( لو20:1-8):  Luk 1:20-8 
لوقا,20,24,"( لو20:1-8):  Luk 1:20-8 
لوقا,20,25,"( لو20:1-8):  Luk 1:20-8 
لوقا,20,26,"( لو20:1-8):  Luk 1:20-8 
لوقا,20,27,"( لو20:1-8):  Luk 1:20-8 
لوقا,20,28,"( لو20:1-8):  Luk 1:20-8 
لوقا,20,29,"( لو20:1-8):  Luk 1:20-8 
لوقا,20,30,"( لو20:1-8):  Luk 1:20-8 
لوقا,20,31,"( لو20:1-8):  Luk 1:20-8 
لوقا,20,32,"( لو20:1-8):  Luk 1:20-8 
لوقا,20,33,"( لو20:1-8):  Luk 1:20-8 
لوقا,20,34,"( لو20:1-8):  Luk 1:20-8 
لوقا,20,35,"( لو20:1-8):  Luk 1:20-8 
لوقا,20,36,"( لو20:1-8):  Luk 1:20-8 
لوقا,20,37,"( لو20:1-8):  Luk 1:20-8 
لوقا,20,38,"( لو20:1-8):  Luk 1:20-8 
لوقا,20,39,"( لو20:1-8):  Luk 1:20-8 
لوقا,20,40,"( لو20:1-8):  Luk 1:20-8 
لوقا,20,41,"( لو20:1-8):  Luk 1:20-8 
لوقا,20,42,"( لو20:1-8):  Luk 1:20-8 
لوقا,20,43,"( لو20:1-8):  Luk 1:20-8 
لوقا,20,44,"( لو20:1-8):  Luk 1:20-8 
لوقا,20,45,"( لو20:1-8):  Luk 1:20-8 
لوقا,20,46,"( لو20:1-8):  Luk 1:20-8 
لوقا,20,47,"( لو20:1-8):  Luk 1:20-8 
لوقا,20,48,"( لو20:1-8):  Luk 1:20-8 
لوقا,20,49,"( لو20:1-8):  Luk 1:20-8 
لوقا,20,50,"( لو20:1-8):  Luk 1:20-8 
لوقا,20,51,"( لو20:1-8):  Luk 1:20-8 
لوقا,20,52,"( لو20:1-8):  Luk 1:20-8 
لوقا,20,53,"( لو20:1-8):  Luk 1:20-8 
لوقا,20,54,"( لو20:1-8):  Luk 1:20-8 
لوقا,20,55,"( لو20:1-8):  Luk 1:20-8 
لوقا,20,56,"( لو20:1-8):  Luk 1:20-8 
لوقا,20,57,"( لو20:1-8):  Luk 1:20-8 
لوقا,20,58,"( لو20:1-8):  Luk 1:20-8 
لوقا,20,59,"( لو20:1-8):  Luk 1:20-8 
لوقا,20,60,"( لو20:1-8):  Luk 1:20-8 
لوقا,20,61,"( لو20:1-8):  Luk 1:20-8 
لوقا,20,62,"( لو20:1-8):  Luk 1:20-8 
لوقا,20,63,"( لو20:1-8):  Luk 1:20-8 
لوقا,20,64,"( لو20:1-8):  Luk 1:20-8 
لوقا,20,65,"( لو20:1-8):  Luk 1:20-8 
لوقا,20,66,"( لو20:1-8):  Luk 1:20-8 
لوقا,20,67,"( لو20:1-8):  Luk 1:20-8 
لوقا,20,68,"( لو20:1-8):  Luk 1:20-8 
لوقا,20,69,"( لو20:1-8):  Luk 1:20-8 
لوقا,20,70,"( لو20:1-8):  Luk 1:20-8 
لوقا,20,71,"( لو20:1-8):  Luk 1:20-8 
لوقا,20,72,"( لو20:1-8):  Luk 1:20-8 
لوقا,20,73,"( لو20:1-8):  Luk 1:20-8 
لوقا,20,74,"( لو20:1-8):  Luk 1:20-8 
لوقا,20,75,"( لو20:1-8):  Luk 1:20-8 
لوقا,20,76,"( لو20:1-8):  Luk 1:20-8 
لوقا,20,77,"( لو20:1-8):  Luk 1:20-8 
لوقا,20,78,"( لو20:1-8):  Luk 1:20-8 
لوقا,20,79,"( لو20:1-8):  Luk 1:20-8 
لوقا,20,80,"( لو20:1-8):  Luk 1:20-8 
لوقا,20,81,"( لو20:1-8):  Luk 1:20-8 
لوقا,20,82,"( لو20:1-8):  Luk 1:20-8 
لوقا,20,83,"( لو20:1-8):  Luk 1:20-8 
لوقا,20,84,"( لو20:1-8):  Luk 1:20-8 
لوقا,20,85,"( لو20:1-8):  Luk 1:20-8 
لوقا,20,86,"( لو20:1-8):  Luk 1:20-8 
لوقا,20,87,"( لو20:1-8):  Luk 1:20-8 
لوقا,20,88,"( لو20:1-8):  Luk 1:20-8 
لوقا,20,89,"( لو20:1-8):  Luk 1:20-8 
لوقا,20,90,"( لو20:1-8):  Luk 1:20-8 
لوقا,20,91,"( لو20:1-8):  Luk 1:20-8 
لوقا,20,92,"( لو20:1-8):  Luk 1:20-8 
لوقا,20,93,"( لو20:1-8):  Luk 1:20-8 
لوقا,20,94,"( لو20:1-8):  Luk 1:20-8 
لوقا,20,95,"( لو20:1-8):  Luk 1:20-8 
لوقا,20,96,"( لو20:1-8):  Luk 1:20-8 
لوقا,20,97,"( لو20:1-8):  Luk 1:20-8 
لوقا,20,98,"( لو20:1-8):  Luk 1:20-8 
لوقا,20,99,"( لو20:1-8):  Luk 1:20-8 
لوقا,21,1,"( لو21:1-4): ""وتطلع فرأى الأغنياء يلقون قرابينهم في الخزانة. ورأى أيضاً أرملة مسكينة ألقت هناك فلسين. فقال بالحق أقول لكم إن هذه الأرملة الفقيرة ألقت اكثر من الجميع. لأن هؤلاء من فضلتهم القوا في قرابين الله وأما هذه فمن أعوازها ألقت كل المعيشة التي لها.""
لوقا,21,2,"( لو21:1-4): ""وتطلع فرأى الأغنياء يلقون قرابينهم في الخزانة. ورأى أيضاً أرملة مسكينة ألقت هناك فلسين. فقال بالحق أقول لكم إن هذه الأرملة الفقيرة ألقت اكثر من الجميع. لأن هؤلاء من فضلتهم القوا في قرابين الله وأما هذه فمن أعوازها ألقت كل المعيشة التي لها.""
لوقا,21,3,"( لو21:1-4): ""وتطلع فرأى الأغنياء يلقون قرابينهم في الخزانة. ورأى أيضاً أرملة مسكينة ألقت هناك فلسين. فقال بالحق أقول لكم إن هذه الأرملة الفقيرة ألقت اكثر من الجميع. لأن هؤلاء من فضلتهم القوا في قرابين الله وأما هذه فمن أعوازها ألقت كل المعيشة التي لها.""
لوقا,21,4,"( لو21:1-4): ""وتطلع فرأى الأغنياء يلقون قرابينهم في الخزانة. ورأى أيضاً أرملة مسكينة ألقت هناك فلسين. فقال بالحق أقول لكم إن هذه الأرملة الفقيرة ألقت اكثر من الجميع. لأن هؤلاء من فضلتهم القوا في قرابين الله وأما هذه فمن أعوازها ألقت كل المعيشة التي لها.""
لوقا,21,5,"( لو21:1-4): ""وتطلع فرأى الأغنياء يلقون قرابينهم في الخزانة. ورأى أيضاً أرملة مسكينة ألقت هناك فلسين. فقال بالحق أقول لكم إن هذه الأرملة الفقيرة ألقت اكثر من الجميع. لأن هؤلاء من فضلتهم القوا في قرابين الله وأما هذه فمن أعوازها ألقت كل المعيشة التي لها.""
لوقا,21,6,"( لو21:1-4): ""وتطلع فرأى الأغنياء يلقون قرابينهم في الخزانة. ورأى أيضاً أرملة مسكينة ألقت هناك فلسين. فقال بالحق أقول لكم إن هذه الأرملة الفقيرة ألقت اكثر من الجميع. لأن هؤلاء من فضلتهم القوا في قرابين الله وأما هذه فمن أعوازها ألقت كل المعيشة التي لها.""
لوقا,21,7,"( لو21:1-4): ""وتطلع فرأى الأغنياء يلقون قرابينهم في الخزانة. ورأى أيضاً أرملة مسكينة ألقت هناك فلسين. فقال بالحق أقول لكم إن هذه الأرملة الفقيرة ألقت اكثر من الجميع. لأن هؤلاء من فضلتهم القوا في قرابين الله وأما هذه فمن أعوازها ألقت كل المعيشة التي لها.""
لوقا,21,8,"( لو21:1-4): ""وتطلع فرأى الأغنياء يلقون قرابينهم في الخزانة. ورأى أيضاً أرملة مسكينة ألقت هناك فلسين. فقال بالحق أقول لكم إن هذه الأرملة الفقيرة ألقت اكثر من الجميع. لأن هؤلاء من فضلتهم القوا في قرابين الله وأما هذه فمن أعوازها ألقت كل المعيشة التي لها.""
لوقا,21,9,"( لو21:1-4): ""وتطلع فرأى الأغنياء يلقون قرابينهم في الخزانة. ورأى أيضاً أرملة مسكينة ألقت هناك فلسين. فقال بالحق أقول لكم إن هذه الأرملة الفقيرة ألقت اكثر من الجميع. لأن هؤلاء من فضلتهم القوا في قرابين الله وأما هذه فمن أعوازها ألقت كل المعيشة التي لها.""
لوقا,21,10,"( لو21:1-4): ""وتطلع فرأى الأغنياء يلقون قرابينهم في الخزانة. ورأى أيضاً أرملة مسكينة ألقت هناك فلسين. فقال بالحق أقول لكم إن هذه الأرملة الفقيرة ألقت اكثر من الجميع. لأن هؤلاء من فضلتهم القوا في قرابين الله وأما هذه فمن أعوازها ألقت كل المعيشة التي لها.""
لوقا,21,11,"( لو21:1-4): ""وتطلع فرأى الأغنياء يلقون قرابينهم في الخزانة. ورأى أيضاً أرملة مسكينة ألقت هناك فلسين. فقال بالحق أقول لكم إن هذه الأرملة الفقيرة ألقت اكثر من الجميع. لأن هؤلاء من فضلتهم القوا في قرابين الله وأما هذه فمن أعوازها ألقت كل المعيشة التي لها.""
لوقا,21,12,"( لو21:1-4): ""وتطلع فرأى الأغنياء يلقون قرابينهم في الخزانة. ورأى أيضاً أرملة مسكينة ألقت هناك فلسين. فقال بالحق أقول لكم إن هذه الأرملة الفقيرة ألقت اكثر من الجميع. لأن هؤلاء من فضلتهم القوا في قرابين الله وأما هذه فمن أعوازها ألقت كل المعيشة التي لها.""
لوقا,21,13,"( لو21:1-4): ""وتطلع فرأى الأغنياء يلقون قرابينهم في الخزانة. ورأى أيضاً أرملة مسكينة ألقت هناك فلسين. فقال بالحق أقول لكم إن هذه الأرملة الفقيرة ألقت اكثر من الجميع. لأن هؤلاء من فضلتهم القوا في قرابين الله وأما هذه فمن أعوازها ألقت كل المعيشة التي لها.""
لوقا,21,14,"( لو21:1-4): ""وتطلع فرأى الأغنياء يلقون قرابينهم في الخزانة. ورأى أيضاً أرملة مسكينة ألقت هناك فلسين. فقال بالحق أقول لكم إن هذه الأرملة الفقيرة ألقت اكثر من الجميع. لأن هؤلاء من فضلتهم القوا في قرابين الله وأما هذه فمن أعوازها ألقت كل المعيشة التي لها.""
لوقا,21,15,"( لو21:1-4): ""وتطلع فرأى الأغنياء يلقون قرابينهم في الخزانة. ورأى أيضاً أرملة مسكينة ألقت هناك فلسين. فقال بالحق أقول لكم إن هذه الأرملة الفقيرة ألقت اكثر من الجميع. لأن هؤلاء من فضلتهم القوا في قرابين الله وأما هذه فمن أعوازها ألقت كل المعيشة التي لها.""
لوقا,21,16,"( لو21:1-4): ""وتطلع فرأى الأغنياء يلقون قرابينهم في الخزانة. ورأى أيضاً أرملة مسكينة ألقت هناك فلسين. فقال بالحق أقول لكم إن هذه الأرملة الفقيرة ألقت اكثر من الجميع. لأن هؤلاء من فضلتهم القوا في قرابين الله وأما هذه فمن أعوازها ألقت كل المعيشة التي لها.""
لوقا,21,17,"( لو21:1-4): ""وتطلع فرأى الأغنياء يلقون قرابينهم في الخزانة. ورأى أيضاً أرملة مسكينة ألقت هناك فلسين. فقال بالحق أقول لكم إن هذه الأرملة الفقيرة ألقت اكثر من الجميع. لأن هؤلاء من فضلتهم القوا في قرابين الله وأما هذه فمن أعوازها ألقت كل المعيشة التي لها.""
لوقا,21,18,"( لو21:1-4): ""وتطلع فرأى الأغنياء يلقون قرابينهم في الخزانة. ورأى أيضاً أرملة مسكينة ألقت هناك فلسين. فقال بالحق أقول لكم إن هذه الأرملة الفقيرة ألقت اكثر من الجميع. لأن هؤلاء من فضلتهم القوا في قرابين الله وأما هذه فمن أعوازها ألقت كل المعيشة التي لها.""
لوقا,21,19,"( لو21:1-4): ""وتطلع فرأى الأغنياء يلقون قرابينهم في الخزانة. ورأى أيضاً أرملة مسكينة ألقت هناك فلسين. فقال بالحق أقول لكم إن هذه الأرملة الفقيرة ألقت اكثر من الجميع. لأن هؤلاء من فضلتهم القوا في قرابين الله وأما هذه فمن أعوازها ألقت كل المعيشة التي لها.""
لوقا,21,20,"( لو21:1-4): ""وتطلع فرأى الأغنياء يلقون قرابينهم في الخزانة. ورأى أيضاً أرملة مسكينة ألقت هناك فلسين. فقال بالحق أقول لكم إن هذه الأرملة الفقيرة ألقت اكثر من الجميع. لأن هؤلاء من فضلتهم القوا في قرابين الله وأما هذه فمن أعوازها ألقت كل المعيشة التي لها.""
لوقا,21,21,"( لو21:1-4): ""وتطلع فرأى الأغنياء يلقون قرابينهم في الخزانة. ورأى أيضاً أرملة مسكينة ألقت هناك فلسين. فقال بالحق أقول لكم إن هذه الأرملة الفقيرة ألقت اكثر من الجميع. لأن هؤلاء من فضلتهم القوا في قرابين الله وأما هذه فمن أعوازها ألقت كل المعيشة التي لها.""
لوقا,21,22,"( لو21:1-4): ""وتطلع فرأى الأغنياء يلقون قرابينهم في الخزانة. ورأى أيضاً أرملة مسكينة ألقت هناك فلسين. فقال بالحق أقول لكم إن هذه الأرملة الفقيرة ألقت اكثر من الجميع. لأن هؤلاء من فضلتهم القوا في قرابين الله وأما هذه فمن أعوازها ألقت كل المعيشة التي لها.""
لوقا,21,23,"( لو21:1-4): ""وتطلع فرأى الأغنياء يلقون قرابينهم في الخزانة. ورأى أيضاً أرملة مسكينة ألقت هناك فلسين. فقال بالحق أقول لكم إن هذه الأرملة الفقيرة ألقت اكثر من الجميع. لأن هؤلاء من فضلتهم القوا في قرابين الله وأما هذه فمن أعوازها ألقت كل المعيشة التي لها.""
لوقا,21,24,"( لو21:1-4): ""وتطلع فرأى الأغنياء يلقون قرابينهم في الخزانة. ورأى أيضاً أرملة مسكينة ألقت هناك فلسين. فقال بالحق أقول لكم إن هذه الأرملة الفقيرة ألقت اكثر من الجميع. لأن هؤلاء من فضلتهم القوا في قرابين الله وأما هذه فمن أعوازها ألقت كل المعيشة التي لها.""
لوقا,21,25,"( لو21:1-4): ""وتطلع فرأى الأغنياء يلقون قرابينهم في الخزانة. ورأى أيضاً أرملة مسكينة ألقت هناك فلسين. فقال بالحق أقول لكم إن هذه الأرملة الفقيرة ألقت اكثر من الجميع. لأن هؤلاء من فضلتهم القوا في قرابين الله وأما هذه فمن أعوازها ألقت كل المعيشة التي لها.""
لوقا,21,26,"( لو21:1-4): ""وتطلع فرأى الأغنياء يلقون قرابينهم في الخزانة. ورأى أيضاً أرملة مسكينة ألقت هناك فلسين. فقال بالحق أقول لكم إن هذه الأرملة الفقيرة ألقت اكثر من الجميع. لأن هؤلاء من فضلتهم القوا في قرابين الله وأما هذه فمن أعوازها ألقت كل المعيشة التي لها.""
لوقا,21,27,"( لو21:1-4): ""وتطلع فرأى الأغنياء يلقون قرابينهم في الخزانة. ورأى أيضاً أرملة مسكينة ألقت هناك فلسين. فقال بالحق أقول لكم إن هذه الأرملة الفقيرة ألقت اكثر من الجميع. لأن هؤلاء من فضلتهم القوا في قرابين الله وأما هذه فمن أعوازها ألقت كل المعيشة التي لها.""
لوقا,21,28,"( لو21:1-4): ""وتطلع فرأى الأغنياء يلقون قرابينهم في الخزانة. ورأى أيضاً أرملة مسكينة ألقت هناك فلسين. فقال بالحق أقول لكم إن هذه الأرملة الفقيرة ألقت اكثر من الجميع. لأن هؤلاء من فضلتهم القوا في قرابين الله وأما هذه فمن أعوازها ألقت كل المعيشة التي لها.""
لوقا,21,29,"( لو21:1-4): ""وتطلع فرأى الأغنياء يلقون قرابينهم في الخزانة. ورأى أيضاً أرملة مسكينة ألقت هناك فلسين. فقال بالحق أقول لكم إن هذه الأرملة الفقيرة ألقت اكثر من الجميع. لأن هؤلاء من فضلتهم القوا في قرابين الله وأما هذه فمن أعوازها ألقت كل المعيشة التي لها.""
لوقا,21,30,"( لو21:1-4): ""وتطلع فرأى الأغنياء يلقون قرابينهم في الخزانة. ورأى أيضاً أرملة مسكينة ألقت هناك فلسين. فقال بالحق أقول لكم إن هذه الأرملة الفقيرة ألقت اكثر من الجميع. لأن هؤلاء من فضلتهم القوا في قرابين الله وأما هذه فمن أعوازها ألقت كل المعيشة التي لها.""
لوقا,21,31,"( لو21:1-4): ""وتطلع فرأى الأغنياء يلقون قرابينهم في الخزانة. ورأى أيضاً أرملة مسكينة ألقت هناك فلسين. فقال بالحق أقول لكم إن هذه الأرملة الفقيرة ألقت اكثر من الجميع. لأن هؤلاء من فضلتهم القوا في قرابين الله وأما هذه فمن أعوازها ألقت كل المعيشة التي لها.""
لوقا,21,32,"( لو21:1-4): ""وتطلع فرأى الأغنياء يلقون قرابينهم في الخزانة. ورأى أيضاً أرملة مسكينة ألقت هناك فلسين. فقال بالحق أقول لكم إن هذه الأرملة الفقيرة ألقت اكثر من الجميع. لأن هؤلاء من فضلتهم القوا في قرابين الله وأما هذه فمن أعوازها ألقت كل المعيشة التي لها.""
لوقا,21,33,"( لو21:1-4): ""وتطلع فرأى الأغنياء يلقون قرابينهم في الخزانة. ورأى أيضاً أرملة مسكينة ألقت هناك فلسين. فقال بالحق أقول لكم إن هذه الأرملة الفقيرة ألقت اكثر من الجميع. لأن هؤلاء من فضلتهم القوا في قرابين الله وأما هذه فمن أعوازها ألقت كل المعيشة التي لها.""
لوقا,21,34,"( لو21:1-4): ""وتطلع فرأى الأغنياء يلقون قرابينهم في الخزانة. ورأى أيضاً أرملة مسكينة ألقت هناك فلسين. فقال بالحق أقول لكم إن هذه الأرملة الفقيرة ألقت اكثر من الجميع. لأن هؤلاء من فضلتهم القوا في قرابين الله وأما هذه فمن أعوازها ألقت كل المعيشة التي لها.""
لوقا,21,35,"( لو21:1-4): ""وتطلع فرأى الأغنياء يلقون قرابينهم في الخزانة. ورأى أيضاً أرملة مسكينة ألقت هناك فلسين. فقال بالحق أقول لكم إن هذه الأرملة الفقيرة ألقت اكثر من الجميع. لأن هؤلاء من فضلتهم القوا في قرابين الله وأما هذه فمن أعوازها ألقت كل المعيشة التي لها.""
لوقا,21,36,"( لو21:1-4): ""وتطلع فرأى الأغنياء يلقون قرابينهم في الخزانة. ورأى أيضاً أرملة مسكينة ألقت هناك فلسين. فقال بالحق أقول لكم إن هذه الأرملة الفقيرة ألقت اكثر من الجميع. لأن هؤلاء من فضلتهم القوا في قرابين الله وأما هذه فمن أعوازها ألقت كل المعيشة التي لها.""
لوقا,21,37,"( لو21:1-4): ""وتطلع فرأى الأغنياء يلقون قرابينهم في الخزانة. ورأى أيضاً أرملة مسكينة ألقت هناك فلسين. فقال بالحق أقول لكم إن هذه الأرملة الفقيرة ألقت اكثر من الجميع. لأن هؤلاء من فضلتهم القوا في قرابين الله وأما هذه فمن أعوازها ألقت كل المعيشة التي لها.""
لوقا,21,38,"( لو21:1-4): ""وتطلع فرأى الأغنياء يلقون قرابينهم في الخزانة. ورأى أيضاً أرملة مسكينة ألقت هناك فلسين. فقال بالحق أقول لكم إن هذه الأرملة الفقيرة ألقت اكثر من الجميع. لأن هؤلاء من فضلتهم القوا في قرابين الله وأما هذه فمن أعوازها ألقت كل المعيشة التي لها.""
لوقا,21,39,"( لو21:1-4): ""وتطلع فرأى الأغنياء يلقون قرابينهم في الخزانة. ورأى أيضاً أرملة مسكينة ألقت هناك فلسين. فقال بالحق أقول لكم إن هذه الأرملة الفقيرة ألقت اكثر من الجميع. لأن هؤلاء من فضلتهم القوا في قرابين الله وأما هذه فمن أعوازها ألقت كل المعيشة التي لها.""
لوقا,21,40,"( لو21:1-4): ""وتطلع فرأى الأغنياء يلقون قرابينهم في الخزانة. ورأى أيضاً أرملة مسكينة ألقت هناك فلسين. فقال بالحق أقول لكم إن هذه الأرملة الفقيرة ألقت اكثر من الجميع. لأن هؤلاء من فضلتهم القوا في قرابين الله وأما هذه فمن أعوازها ألقت كل المعيشة التي لها.""
لوقا,21,41,"( لو21:1-4): ""وتطلع فرأى الأغنياء يلقون قرابينهم في الخزانة. ورأى أيضاً أرملة مسكينة ألقت هناك فلسين. فقال بالحق أقول لكم إن هذه الأرملة الفقيرة ألقت اكثر من الجميع. لأن هؤلاء من فضلتهم القوا في قرابين الله وأما هذه فمن أعوازها ألقت كل المعيشة التي لها.""
لوقا,21,42,"( لو21:1-4): ""وتطلع فرأى الأغنياء يلقون قرابينهم في الخزانة. ورأى أيضاً أرملة مسكينة ألقت هناك فلسين. فقال بالحق أقول لكم إن هذه الأرملة الفقيرة ألقت اكثر من الجميع. لأن هؤلاء من فضلتهم القوا في قرابين الله وأما هذه فمن أعوازها ألقت كل المعيشة التي لها.""
لوقا,21,43,"( لو21:1-4): ""وتطلع فرأى الأغنياء يلقون قرابينهم في الخزانة. ورأى أيضاً أرملة مسكينة ألقت هناك فلسين. فقال بالحق أقول لكم إن هذه الأرملة الفقيرة ألقت اكثر من الجميع. لأن هؤلاء من فضلتهم القوا في قرابين الله وأما هذه فمن أعوازها ألقت كل المعيشة التي لها.""
لوقا,21,44,"( لو21:1-4): ""وتطلع فرأى الأغنياء يلقون قرابينهم في الخزانة. ورأى أيضاً أرملة مسكينة ألقت هناك فلسين. فقال بالحق أقول لكم إن هذه الأرملة الفقيرة ألقت اكثر من الجميع. لأن هؤلاء من فضلتهم القوا في قرابين الله وأما هذه فمن أعوازها ألقت كل المعيشة التي لها.""
لوقا,21,45,"( لو21:1-4): ""وتطلع فرأى الأغنياء يلقون قرابينهم في الخزانة. ورأى أيضاً أرملة مسكينة ألقت هناك فلسين. فقال بالحق أقول لكم إن هذه الأرملة الفقيرة ألقت اكثر من الجميع. لأن هؤلاء من فضلتهم القوا في قرابين الله وأما هذه فمن أعوازها ألقت كل المعيشة التي لها.""
لوقا,21,46,"( لو21:1-4): ""وتطلع فرأى الأغنياء يلقون قرابينهم في الخزانة. ورأى أيضاً أرملة مسكينة ألقت هناك فلسين. فقال بالحق أقول لكم إن هذه الأرملة الفقيرة ألقت اكثر من الجميع. لأن هؤلاء من فضلتهم القوا في قرابين الله وأما هذه فمن أعوازها ألقت كل المعيشة التي لها.""
لوقا,21,47,"( لو21:1-4): ""وتطلع فرأى الأغنياء يلقون قرابينهم في الخزانة. ورأى أيضاً أرملة مسكينة ألقت هناك فلسين. فقال بالحق أقول لكم إن هذه الأرملة الفقيرة ألقت اكثر من الجميع. لأن هؤلاء من فضلتهم القوا في قرابين الله وأما هذه فمن أعوازها ألقت كل المعيشة التي لها.""
لوقا,21,48,"( لو21:1-4): ""وتطلع فرأى الأغنياء يلقون قرابينهم في الخزانة. ورأى أيضاً أرملة مسكينة ألقت هناك فلسين. فقال بالحق أقول لكم إن هذه الأرملة الفقيرة ألقت اكثر من الجميع. لأن هؤلاء من فضلتهم القوا في قرابين الله وأما هذه فمن أعوازها ألقت كل المعيشة التي لها.""
لوقا,21,49,"( لو21:1-4): ""وتطلع فرأى الأغنياء يلقون قرابينهم في الخزانة. ورأى أيضاً أرملة مسكينة ألقت هناك فلسين. فقال بالحق أقول لكم إن هذه الأرملة الفقيرة ألقت اكثر من الجميع. لأن هؤلاء من فضلتهم القوا في قرابين الله وأما هذه فمن أعوازها ألقت كل المعيشة التي لها.""
لوقا,21,50,"( لو21:1-4): ""وتطلع فرأى الأغنياء يلقون قرابينهم في الخزانة. ورأى أيضاً أرملة مسكينة ألقت هناك فلسين. فقال بالحق أقول لكم إن هذه الأرملة الفقيرة ألقت اكثر من الجميع. لأن هؤلاء من فضلتهم القوا في قرابين الله وأما هذه فمن أعوازها ألقت كل المعيشة التي لها.""
لوقا,21,51,"( لو21:1-4): ""وتطلع فرأى الأغنياء يلقون قرابينهم في الخزانة. ورأى أيضاً أرملة مسكينة ألقت هناك فلسين. فقال بالحق أقول لكم إن هذه الأرملة الفقيرة ألقت اكثر من الجميع. لأن هؤلاء من فضلتهم القوا في قرابين الله وأما هذه فمن أعوازها ألقت كل المعيشة التي لها.""
لوقا,21,52,"( لو21:1-4): ""وتطلع فرأى الأغنياء يلقون قرابينهم في الخزانة. ورأى أيضاً أرملة مسكينة ألقت هناك فلسين. فقال بالحق أقول لكم إن هذه الأرملة الفقيرة ألقت اكثر من الجميع. لأن هؤلاء من فضلتهم القوا في قرابين الله وأما هذه فمن أعوازها ألقت كل المعيشة التي لها.""
لوقا,21,53,"( لو21:1-4): ""وتطلع فرأى الأغنياء يلقون قرابينهم في الخزانة. ورأى أيضاً أرملة مسكينة ألقت هناك فلسين. فقال بالحق أقول لكم إن هذه الأرملة الفقيرة ألقت اكثر من الجميع. لأن هؤلاء من فضلتهم القوا في قرابين الله وأما هذه فمن أعوازها ألقت كل المعيشة التي لها.""
لوقا,21,54,"( لو21:1-4): ""وتطلع فرأى الأغنياء يلقون قرابينهم في الخزانة. ورأى أيضاً أرملة مسكينة ألقت هناك فلسين. فقال بالحق أقول لكم إن هذه الأرملة الفقيرة ألقت اكثر من الجميع. لأن هؤلاء من فضلتهم القوا في قرابين الله وأما هذه فمن أعوازها ألقت كل المعيشة التي لها.""
لوقا,21,55,"( لو21:1-4): ""وتطلع فرأى الأغنياء يلقون قرابينهم في الخزانة. ورأى أيضاً أرملة مسكينة ألقت هناك فلسين. فقال بالحق أقول لكم إن هذه الأرملة الفقيرة ألقت اكثر من الجميع. لأن هؤلاء من فضلتهم القوا في قرابين الله وأما هذه فمن أعوازها ألقت كل المعيشة التي لها.""
لوقا,21,56,"( لو21:1-4): ""وتطلع فرأى الأغنياء يلقون قرابينهم في الخزانة. ورأى أيضاً أرملة مسكينة ألقت هناك فلسين. فقال بالحق أقول لكم إن هذه الأرملة الفقيرة ألقت اكثر من الجميع. لأن هؤلاء من فضلتهم القوا في قرابين الله وأما هذه فمن أعوازها ألقت كل المعيشة التي لها.""
لوقا,21,57,"( لو21:1-4): ""وتطلع فرأى الأغنياء يلقون قرابينهم في الخزانة. ورأى أيضاً أرملة مسكينة ألقت هناك فلسين. فقال بالحق أقول لكم إن هذه الأرملة الفقيرة ألقت اكثر من الجميع. لأن هؤلاء من فضلتهم القوا في قرابين الله وأما هذه فمن أعوازها ألقت كل المعيشة التي لها.""
لوقا,21,58,"( لو21:1-4): ""وتطلع فرأى الأغنياء يلقون قرابينهم في الخزانة. ورأى أيضاً أرملة مسكينة ألقت هناك فلسين. فقال بالحق أقول لكم إن هذه الأرملة الفقيرة ألقت اكثر من الجميع. لأن هؤلاء من فضلتهم القوا في قرابين الله وأما هذه فمن أعوازها ألقت كل المعيشة التي لها.""
لوقا,21,59,"( لو21:1-4): ""وتطلع فرأى الأغنياء يلقون قرابينهم في الخزانة. ورأى أيضاً أرملة مسكينة ألقت هناك فلسين. فقال بالحق أقول لكم إن هذه الأرملة الفقيرة ألقت اكثر من الجميع. لأن هؤلاء من فضلتهم القوا في قرابين الله وأما هذه فمن أعوازها ألقت كل المعيشة التي لها.""
لوقا,21,60,"( لو21:1-4): ""وتطلع فرأى الأغنياء يلقون قرابينهم في الخزانة. ورأى أيضاً أرملة مسكينة ألقت هناك فلسين. فقال بالحق أقول لكم إن هذه الأرملة الفقيرة ألقت اكثر من الجميع. لأن هؤلاء من فضلتهم القوا في قرابين الله وأما هذه فمن أعوازها ألقت كل المعيشة التي لها.""
لوقا,21,61,"( لو21:1-4): ""وتطلع فرأى الأغنياء يلقون قرابينهم في الخزانة. ورأى أيضاً أرملة مسكينة ألقت هناك فلسين. فقال بالحق أقول لكم إن هذه الأرملة الفقيرة ألقت اكثر من الجميع. لأن هؤلاء من فضلتهم القوا في قرابين الله وأما هذه فمن أعوازها ألقت كل المعيشة التي لها.""
لوقا,21,62,"( لو21:1-4): ""وتطلع فرأى الأغنياء يلقون قرابينهم في الخزانة. ورأى أيضاً أرملة مسكينة ألقت هناك فلسين. فقال بالحق أقول لكم إن هذه الأرملة الفقيرة ألقت اكثر من الجميع. لأن هؤلاء من فضلتهم القوا في قرابين الله وأما هذه فمن أعوازها ألقت كل المعيشة التي لها.""
لوقا,21,63,"( لو21:1-4): ""وتطلع فرأى الأغنياء يلقون قرابينهم في الخزانة. ورأى أيضاً أرملة مسكينة ألقت هناك فلسين. فقال بالحق أقول لكم إن هذه الأرملة الفقيرة ألقت اكثر من الجميع. لأن هؤلاء من فضلتهم القوا في قرابين الله وأما هذه فمن أعوازها ألقت كل المعيشة التي لها.""
لوقا,21,64,"( لو21:1-4): ""وتطلع فرأى الأغنياء يلقون قرابينهم في الخزانة. ورأى أيضاً أرملة مسكينة ألقت هناك فلسين. فقال بالحق أقول لكم إن هذه الأرملة الفقيرة ألقت اكثر من الجميع. لأن هؤلاء من فضلتهم القوا في قرابين الله وأما هذه فمن أعوازها ألقت كل المعيشة التي لها.""
لوقا,21,65,"( لو21:1-4): ""وتطلع فرأى الأغنياء يلقون قرابينهم في الخزانة. ورأى أيضاً أرملة مسكينة ألقت هناك فلسين. فقال بالحق أقول لكم إن هذه الأرملة الفقيرة ألقت اكثر من الجميع. لأن هؤلاء من فضلتهم القوا في قرابين الله وأما هذه فمن أعوازها ألقت كل المعيشة التي لها.""
لوقا,21,66,"( لو21:1-4): ""وتطلع فرأى الأغنياء يلقون قرابينهم في الخزانة. ورأى أيضاً أرملة مسكينة ألقت هناك فلسين. فقال بالحق أقول لكم إن هذه الأرملة الفقيرة ألقت اكثر من الجميع. لأن هؤلاء من فضلتهم القوا في قرابين الله وأما هذه فمن أعوازها ألقت كل المعيشة التي لها.""
لوقا,21,67,"( لو21:1-4): ""وتطلع فرأى الأغنياء يلقون قرابينهم في الخزانة. ورأى أيضاً أرملة مسكينة ألقت هناك فلسين. فقال بالحق أقول لكم إن هذه الأرملة الفقيرة ألقت اكثر من الجميع. لأن هؤلاء من فضلتهم القوا في قرابين الله وأما هذه فمن أعوازها ألقت كل المعيشة التي لها.""
لوقا,21,68,"( لو21:1-4): ""وتطلع فرأى الأغنياء يلقون قرابينهم في الخزانة. ورأى أيضاً أرملة مسكينة ألقت هناك فلسين. فقال بالحق أقول لكم إن هذه الأرملة الفقيرة ألقت اكثر من الجميع. لأن هؤلاء من فضلتهم القوا في قرابين الله وأما هذه فمن أعوازها ألقت كل المعيشة التي لها.""
لوقا,21,69,"( لو21:1-4): ""وتطلع فرأى الأغنياء يلقون قرابينهم في الخزانة. ورأى أيضاً أرملة مسكينة ألقت هناك فلسين. فقال بالحق أقول لكم إن هذه الأرملة الفقيرة ألقت اكثر من الجميع. لأن هؤلاء من فضلتهم القوا في قرابين الله وأما هذه فمن أعوازها ألقت كل المعيشة التي لها.""
لوقا,21,70,"( لو21:1-4): ""وتطلع فرأى الأغنياء يلقون قرابينهم في الخزانة. ورأى أيضاً أرملة مسكينة ألقت هناك فلسين. فقال بالحق أقول لكم إن هذه الأرملة الفقيرة ألقت اكثر من الجميع. لأن هؤلاء من فضلتهم القوا في قرابين الله وأما هذه فمن أعوازها ألقت كل المعيشة التي لها.""
لوقا,21,71,"( لو21:1-4): ""وتطلع فرأى الأغنياء يلقون قرابينهم في الخزانة. ورأى أيضاً أرملة مسكينة ألقت هناك فلسين. فقال بالحق أقول لكم إن هذه الأرملة الفقيرة ألقت اكثر من الجميع. لأن هؤلاء من فضلتهم القوا في قرابين الله وأما هذه فمن أعوازها ألقت كل المعيشة التي لها.""
لوقا,21,72,"( لو21:1-4): ""وتطلع فرأى الأغنياء يلقون قرابينهم في الخزانة. ورأى أيضاً أرملة مسكينة ألقت هناك فلسين. فقال بالحق أقول لكم إن هذه الأرملة الفقيرة ألقت اكثر من الجميع. لأن هؤلاء من فضلتهم القوا في قرابين الله وأما هذه فمن أعوازها ألقت كل المعيشة التي لها.""
لوقا,21,73,"( لو21:1-4): ""وتطلع فرأى الأغنياء يلقون قرابينهم في الخزانة. ورأى أيضاً أرملة مسكينة ألقت هناك فلسين. فقال بالحق أقول لكم إن هذه الأرملة الفقيرة ألقت اكثر من الجميع. لأن هؤلاء من فضلتهم القوا في قرابين الله وأما هذه فمن أعوازها ألقت كل المعيشة التي لها.""
لوقا,21,74,"( لو21:1-4): ""وتطلع فرأى الأغنياء يلقون قرابينهم في الخزانة. ورأى أيضاً أرملة مسكينة ألقت هناك فلسين. فقال بالحق أقول لكم إن هذه الأرملة الفقيرة ألقت اكثر من الجميع. لأن هؤلاء من فضلتهم القوا في قرابين الله وأما هذه فمن أعوازها ألقت كل المعيشة التي لها.""
لوقا,21,75,"( لو21:1-4): ""وتطلع فرأى الأغنياء يلقون قرابينهم في الخزانة. ورأى أيضاً أرملة مسكينة ألقت هناك فلسين. فقال بالحق أقول لكم إن هذه الأرملة الفقيرة ألقت اكثر من الجميع. لأن هؤلاء من فضلتهم القوا في قرابين الله وأما هذه فمن أعوازها ألقت كل المعيشة التي لها.""
لوقا,21,76,"( لو21:1-4): ""وتطلع فرأى الأغنياء يلقون قرابينهم في الخزانة. ورأى أيضاً أرملة مسكينة ألقت هناك فلسين. فقال بالحق أقول لكم إن هذه الأرملة الفقيرة ألقت اكثر من الجميع. لأن هؤلاء من فضلتهم القوا في قرابين الله وأما هذه فمن أعوازها ألقت كل المعيشة التي لها.""
لوقا,21,77,"( لو21:1-4): ""وتطلع فرأى الأغنياء يلقون قرابينهم في الخزانة. ورأى أيضاً أرملة مسكينة ألقت هناك فلسين. فقال بالحق أقول لكم إن هذه الأرملة الفقيرة ألقت اكثر من الجميع. لأن هؤلاء من فضلتهم القوا في قرابين الله وأما هذه فمن أعوازها ألقت كل المعيشة التي لها.""
لوقا,21,78,"( لو21:1-4): ""وتطلع فرأى الأغنياء يلقون قرابينهم في الخزانة. ورأى أيضاً أرملة مسكينة ألقت هناك فلسين. فقال بالحق أقول لكم إن هذه الأرملة الفقيرة ألقت اكثر من الجميع. لأن هؤلاء من فضلتهم القوا في قرابين الله وأما هذه فمن أعوازها ألقت كل المعيشة التي لها.""
لوقا,21,79,"( لو21:1-4): ""وتطلع فرأى الأغنياء يلقون قرابينهم في الخزانة. ورأى أيضاً أرملة مسكينة ألقت هناك فلسين. فقال بالحق أقول لكم إن هذه الأرملة الفقيرة ألقت اكثر من الجميع. لأن هؤلاء من فضلتهم القوا في قرابين الله وأما هذه فمن أعوازها ألقت كل المعيشة التي لها.""
لوقا,21,80,"( لو21:1-4): ""وتطلع فرأى الأغنياء يلقون قرابينهم في الخزانة. ورأى أيضاً أرملة مسكينة ألقت هناك فلسين. فقال بالحق أقول لكم إن هذه الأرملة الفقيرة ألقت اكثر من الجميع. لأن هؤلاء من فضلتهم القوا في قرابين الله وأما هذه فمن أعوازها ألقت كل المعيشة التي لها.""
لوقا,21,81,"( لو21:1-4): ""وتطلع فرأى الأغنياء يلقون قرابينهم في الخزانة. ورأى أيضاً أرملة مسكينة ألقت هناك فلسين. فقال بالحق أقول لكم إن هذه الأرملة الفقيرة ألقت اكثر من الجميع. لأن هؤلاء من فضلتهم القوا في قرابين الله وأما هذه فمن أعوازها ألقت كل المعيشة التي لها.""
لوقا,21,82,"( لو21:1-4): ""وتطلع فرأى الأغنياء يلقون قرابينهم في الخزانة. ورأى أيضاً أرملة مسكينة ألقت هناك فلسين. فقال بالحق أقول لكم إن هذه الأرملة الفقيرة ألقت اكثر من الجميع. لأن هؤلاء من فضلتهم القوا في قرابين الله وأما هذه فمن أعوازها ألقت كل المعيشة التي لها.""
لوقا,21,83,"( لو21:1-4): ""وتطلع فرأى الأغنياء يلقون قرابينهم في الخزانة. ورأى أيضاً أرملة مسكينة ألقت هناك فلسين. فقال بالحق أقول لكم إن هذه الأرملة الفقيرة ألقت اكثر من الجميع. لأن هؤلاء من فضلتهم القوا في قرابين الله وأما هذه فمن أعوازها ألقت كل المعيشة التي لها.""
لوقا,21,84,"( لو21:1-4): ""وتطلع فرأى الأغنياء يلقون قرابينهم في الخزانة. ورأى أيضاً أرملة مسكينة ألقت هناك فلسين. فقال بالحق أقول لكم إن هذه الأرملة الفقيرة ألقت اكثر من الجميع. لأن هؤلاء من فضلتهم القوا في قرابين الله وأما هذه فمن أعوازها ألقت كل المعيشة التي لها.""
لوقا,21,85,"( لو21:1-4): ""وتطلع فرأى الأغنياء يلقون قرابينهم في الخزانة. ورأى أيضاً أرملة مسكينة ألقت هناك فلسين. فقال بالحق أقول لكم إن هذه الأرملة الفقيرة ألقت اكثر من الجميع. لأن هؤلاء من فضلتهم القوا في قرابين الله وأما هذه فمن أعوازها ألقت كل المعيشة التي لها.""
لوقا,21,86,"( لو21:1-4): ""وتطلع فرأى الأغنياء يلقون قرابينهم في الخزانة. ورأى أيضاً أرملة مسكينة ألقت هناك فلسين. فقال بالحق أقول لكم إن هذه الأرملة الفقيرة ألقت اكثر من الجميع. لأن هؤلاء من فضلتهم القوا في قرابين الله وأما هذه فمن أعوازها ألقت كل المعيشة التي لها.""
لوقا,21,87,"( لو21:1-4): ""وتطلع فرأى الأغنياء يلقون قرابينهم في الخزانة. ورأى أيضاً أرملة مسكينة ألقت هناك فلسين. فقال بالحق أقول لكم إن هذه الأرملة الفقيرة ألقت اكثر من الجميع. لأن هؤلاء من فضلتهم القوا في قرابين الله وأما هذه فمن أعوازها ألقت كل المعيشة التي لها.""
لوقا,21,88,"( لو21:1-4): ""وتطلع فرأى الأغنياء يلقون قرابينهم في الخزانة. ورأى أيضاً أرملة مسكينة ألقت هناك فلسين. فقال بالحق أقول لكم إن هذه الأرملة الفقيرة ألقت اكثر من الجميع. لأن هؤلاء من فضلتهم القوا في قرابين الله وأما هذه فمن أعوازها ألقت كل المعيشة التي لها.""
لوقا,21,89,"( لو21:1-4): ""وتطلع فرأى الأغنياء يلقون قرابينهم في الخزانة. ورأى أيضاً أرملة مسكينة ألقت هناك فلسين. فقال بالحق أقول لكم إن هذه الأرملة الفقيرة ألقت اكثر من الجميع. لأن هؤلاء من فضلتهم القوا في قرابين الله وأما هذه فمن أعوازها ألقت كل المعيشة التي لها.""
لوقا,21,90,"( لو21:1-4): ""وتطلع فرأى الأغنياء يلقون قرابينهم في الخزانة. ورأى أيضاً أرملة مسكينة ألقت هناك فلسين. فقال بالحق أقول لكم إن هذه الأرملة الفقيرة ألقت اكثر من الجميع. لأن هؤلاء من فضلتهم القوا في قرابين الله وأما هذه فمن أعوازها ألقت كل المعيشة التي لها.""
لوقا,21,91,"( لو21:1-4): ""وتطلع فرأى الأغنياء يلقون قرابينهم في الخزانة. ورأى أيضاً أرملة مسكينة ألقت هناك فلسين. فقال بالحق أقول لكم إن هذه الأرملة الفقيرة ألقت اكثر من الجميع. لأن هؤلاء من فضلتهم القوا في قرابين الله وأما هذه فمن أعوازها ألقت كل المعيشة التي لها.""
لوقا,21,92,"( لو21:1-4): ""وتطلع فرأى الأغنياء يلقون قرابينهم في الخزانة. ورأى أيضاً أرملة مسكينة ألقت هناك فلسين. فقال بالحق أقول لكم إن هذه الأرملة الفقيرة ألقت اكثر من الجميع. لأن هؤلاء من فضلتهم القوا في قرابين الله وأما هذه فمن أعوازها ألقت كل المعيشة التي لها.""
لوقا,21,93,"( لو21:1-4): ""وتطلع فرأى الأغنياء يلقون قرابينهم في الخزانة. ورأى أيضاً أرملة مسكينة ألقت هناك فلسين. فقال بالحق أقول لكم إن هذه الأرملة الفقيرة ألقت اكثر من الجميع. لأن هؤلاء من فضلتهم القوا في قرابين الله وأما هذه فمن أعوازها ألقت كل المعيشة التي لها.""
لوقا,21,94,"( لو21:1-4): ""وتطلع فرأى الأغنياء يلقون قرابينهم في الخزانة. ورأى أيضاً أرملة مسكينة ألقت هناك فلسين. فقال بالحق أقول لكم إن هذه الأرملة الفقيرة ألقت اكثر من الجميع. لأن هؤلاء من فضلتهم القوا في قرابين الله وأما هذه فمن أعوازها ألقت كل المعيشة التي لها.""
لوقا,21,95,"( لو21:1-4): ""وتطلع فرأى الأغنياء يلقون قرابينهم في الخزانة. ورأى أيضاً أرملة مسكينة ألقت هناك فلسين. فقال بالحق أقول لكم إن هذه الأرملة الفقيرة ألقت اكثر من الجميع. لأن هؤلاء من فضلتهم القوا في قرابين الله وأما هذه فمن أعوازها ألقت كل المعيشة التي لها.""
لوقا,21,96,"( لو21:1-4): ""وتطلع فرأى الأغنياء يلقون قرابينهم في الخزانة. ورأى أيضاً أرملة مسكينة ألقت هناك فلسين. فقال بالحق أقول لكم إن هذه الأرملة الفقيرة ألقت اكثر من الجميع. لأن هؤلاء من فضلتهم القوا في قرابين الله وأما هذه فمن أعوازها ألقت كل المعيشة التي لها.""
لوقا,21,97,"( لو21:1-4): ""وتطلع فرأى الأغنياء يلقون قرابينهم في الخزانة. ورأى أيضاً أرملة مسكينة ألقت هناك فلسين. فقال بالحق أقول لكم إن هذه الأرملة الفقيرة ألقت اكثر من الجميع. لأن هؤلاء من فضلتهم القوا في قرابين الله وأما هذه فمن أعوازها ألقت كل المعيشة التي لها.""
لوقا,21,98,"( لو21:1-4): ""وتطلع فرأى الأغنياء يلقون قرابينهم في الخزانة. ورأى أيضاً أرملة مسكينة ألقت هناك فلسين. فقال بالحق أقول لكم إن هذه الأرملة الفقيرة ألقت اكثر من الجميع. لأن هؤلاء من فضلتهم القوا في قرابين الله وأما هذه فمن أعوازها ألقت كل المعيشة التي لها.""
لوقا,21,99,"( لو21:1-4): ""وتطلع فرأى الأغنياء يلقون قرابينهم في الخزانة. ورأى أيضاً أرملة مسكينة ألقت هناك فلسين. فقال بالحق أقول لكم إن هذه الأرملة الفقيرة ألقت اكثر من الجميع. لأن هؤلاء من فضلتهم القوا في قرابين الله وأما هذه فمن أعوازها ألقت كل المعيشة التي لها.""
لوقا,22,1,"( لو22:1-6): ""وقرب عيد الفطير الذي يقال له الفصح. وكان رؤساء الكهنة والكتبة يطلبون كيف يقتلونه لأنهم خافوا الشعب. فدخل الشيطان في يهوذا الذي يدعى الاسخريوطي وهو من جملة الاثني عشر. فمضى وتكلم مع رؤساء الكهنة وقواد الجند كيف يسلمه إليهم. ففرحوا وعاهدوه أن يعطوه فضة. فواعدهم وكان يطلب فرصة ليسلمه إليهم خلوا من جمع.""
لوقا,22,2,"( لو22:1-6): ""وقرب عيد الفطير الذي يقال له الفصح. وكان رؤساء الكهنة والكتبة يطلبون كيف يقتلونه لأنهم خافوا الشعب. فدخل الشيطان في يهوذا الذي يدعى الاسخريوطي وهو من جملة الاثني عشر. فمضى وتكلم مع رؤساء الكهنة وقواد الجند كيف يسلمه إليهم. ففرحوا وعاهدوه أن يعطوه فضة. فواعدهم وكان يطلب فرصة ليسلمه إليهم خلوا من جمع.""
لوقا,22,3,"( لو22:1-6): ""وقرب عيد الفطير الذي يقال له الفصح. وكان رؤساء الكهنة والكتبة يطلبون كيف يقتلونه لأنهم خافوا الشعب. فدخل الشيطان في يهوذا الذي يدعى الاسخريوطي وهو من جملة الاثني عشر. فمضى وتكلم مع رؤساء الكهنة وقواد الجند كيف يسلمه إليهم. ففرحوا وعاهدوه أن يعطوه فضة. فواعدهم وكان يطلب فرصة ليسلمه إليهم خلوا من جمع.""
لوقا,22,4,"( لو22:1-6): ""وقرب عيد الفطير الذي يقال له الفصح. وكان رؤساء الكهنة والكتبة يطلبون كيف يقتلونه لأنهم خافوا الشعب. فدخل الشيطان في يهوذا الذي يدعى الاسخريوطي وهو من جملة الاثني عشر. فمضى وتكلم مع رؤساء الكهنة وقواد الجند كيف يسلمه إليهم. ففرحوا وعاهدوه أن يعطوه فضة. فواعدهم وكان يطلب فرصة ليسلمه إليهم خلوا من جمع.""
لوقا,22,5,"( لو22:1-6): ""وقرب عيد الفطير الذي يقال له الفصح. وكان رؤساء الكهنة والكتبة يطلبون كيف يقتلونه لأنهم خافوا الشعب. فدخل الشيطان في يهوذا الذي يدعى الاسخريوطي وهو من جملة الاثني عشر. فمضى وتكلم مع رؤساء الكهنة وقواد الجند كيف يسلمه إليهم. ففرحوا وعاهدوه أن يعطوه فضة. فواعدهم وكان يطلب فرصة ليسلمه إليهم خلوا من جمع.""
لوقا,22,6,"( لو22:1-6): ""وقرب عيد الفطير الذي يقال له الفصح. وكان رؤساء الكهنة والكتبة يطلبون كيف يقتلونه لأنهم خافوا الشعب. فدخل الشيطان في يهوذا الذي يدعى الاسخريوطي وهو من جملة الاثني عشر. فمضى وتكلم مع رؤساء الكهنة وقواد الجند كيف يسلمه إليهم. ففرحوا وعاهدوه أن يعطوه فضة. فواعدهم وكان يطلب فرصة ليسلمه إليهم خلوا من جمع.""
لوقا,22,7,"( لو22:1-6): ""وقرب عيد الفطير الذي يقال له الفصح. وكان رؤساء الكهنة والكتبة يطلبون كيف يقتلونه لأنهم خافوا الشعب. فدخل الشيطان في يهوذا الذي يدعى الاسخريوطي وهو من جملة الاثني عشر. فمضى وتكلم مع رؤساء الكهنة وقواد الجند كيف يسلمه إليهم. ففرحوا وعاهدوه أن يعطوه فضة. فواعدهم وكان يطلب فرصة ليسلمه إليهم خلوا من جمع.""
لوقا,22,8,"( لو22:1-6): ""وقرب عيد الفطير الذي يقال له الفصح. وكان رؤساء الكهنة والكتبة يطلبون كيف يقتلونه لأنهم خافوا الشعب. فدخل الشيطان في يهوذا الذي يدعى الاسخريوطي وهو من جملة الاثني عشر. فمضى وتكلم مع رؤساء الكهنة وقواد الجند كيف يسلمه إليهم. ففرحوا وعاهدوه أن يعطوه فضة. فواعدهم وكان يطلب فرصة ليسلمه إليهم خلوا من جمع.""
لوقا,22,9,"( لو22:1-6): ""وقرب عيد الفطير الذي يقال له الفصح. وكان رؤساء الكهنة والكتبة يطلبون كيف يقتلونه لأنهم خافوا الشعب. فدخل الشيطان في يهوذا الذي يدعى الاسخريوطي وهو من جملة الاثني عشر. فمضى وتكلم مع رؤساء الكهنة وقواد الجند كيف يسلمه إليهم. ففرحوا وعاهدوه أن يعطوه فضة. فواعدهم وكان يطلب فرصة ليسلمه إليهم خلوا من جمع.""
لوقا,22,10,"( لو22:1-6): ""وقرب عيد الفطير الذي يقال له الفصح. وكان رؤساء الكهنة والكتبة يطلبون كيف يقتلونه لأنهم خافوا الشعب. فدخل الشيطان في يهوذا الذي يدعى الاسخريوطي وهو من جملة الاثني عشر. فمضى وتكلم مع رؤساء الكهنة وقواد الجند كيف يسلمه إليهم. ففرحوا وعاهدوه أن يعطوه فضة. فواعدهم وكان يطلب فرصة ليسلمه إليهم خلوا من جمع.""
لوقا,22,11,"( لو22:1-6): ""وقرب عيد الفطير الذي يقال له الفصح. وكان رؤساء الكهنة والكتبة يطلبون كيف يقتلونه لأنهم خافوا الشعب. فدخل الشيطان في يهوذا الذي يدعى الاسخريوطي وهو من جملة الاثني عشر. فمضى وتكلم مع رؤساء الكهنة وقواد الجند كيف يسلمه إليهم. ففرحوا وعاهدوه أن يعطوه فضة. فواعدهم وكان يطلب فرصة ليسلمه إليهم خلوا من جمع.""
لوقا,22,12,"( لو22:1-6): ""وقرب عيد الفطير الذي يقال له الفصح. وكان رؤساء الكهنة والكتبة يطلبون كيف يقتلونه لأنهم خافوا الشعب. فدخل الشيطان في يهوذا الذي يدعى الاسخريوطي وهو من جملة الاثني عشر. فمضى وتكلم مع رؤساء الكهنة وقواد الجند كيف يسلمه إليهم. ففرحوا وعاهدوه أن يعطوه فضة. فواعدهم وكان يطلب فرصة ليسلمه إليهم خلوا من جمع.""
لوقا,22,13,"( لو22:1-6): ""وقرب عيد الفطير الذي يقال له الفصح. وكان رؤساء الكهنة والكتبة يطلبون كيف يقتلونه لأنهم خافوا الشعب. فدخل الشيطان في يهوذا الذي يدعى الاسخريوطي وهو من جملة الاثني عشر. فمضى وتكلم مع رؤساء الكهنة وقواد الجند كيف يسلمه إليهم. ففرحوا وعاهدوه أن يعطوه فضة. فواعدهم وكان يطلب فرصة ليسلمه إليهم خلوا من جمع.""
لوقا,22,14,"( لو22:1-6): ""وقرب عيد الفطير الذي يقال له الفصح. وكان رؤساء الكهنة والكتبة يطلبون كيف يقتلونه لأنهم خافوا الشعب. فدخل الشيطان في يهوذا الذي يدعى الاسخريوطي وهو من جملة الاثني عشر. فمضى وتكلم مع رؤساء الكهنة وقواد الجند كيف يسلمه إليهم. ففرحوا وعاهدوه أن يعطوه فضة. فواعدهم وكان يطلب فرصة ليسلمه إليهم خلوا من جمع.""
لوقا,22,15,"( لو22:1-6): ""وقرب عيد الفطير الذي يقال له الفصح. وكان رؤساء الكهنة والكتبة يطلبون كيف يقتلونه لأنهم خافوا الشعب. فدخل الشيطان في يهوذا الذي يدعى الاسخريوطي وهو من جملة الاثني عشر. فمضى وتكلم مع رؤساء الكهنة وقواد الجند كيف يسلمه إليهم. ففرحوا وعاهدوه أن يعطوه فضة. فواعدهم وكان يطلب فرصة ليسلمه إليهم خلوا من جمع.""
لوقا,22,16,"( لو22:1-6): ""وقرب عيد الفطير الذي يقال له الفصح. وكان رؤساء الكهنة والكتبة يطلبون كيف يقتلونه لأنهم خافوا الشعب. فدخل الشيطان في يهوذا الذي يدعى الاسخريوطي وهو من جملة الاثني عشر. فمضى وتكلم مع رؤساء الكهنة وقواد الجند كيف يسلمه إليهم. ففرحوا وعاهدوه أن يعطوه فضة. فواعدهم وكان يطلب فرصة ليسلمه إليهم خلوا من جمع.""
لوقا,22,17,"( لو22:1-6): ""وقرب عيد الفطير الذي يقال له الفصح. وكان رؤساء الكهنة والكتبة يطلبون كيف يقتلونه لأنهم خافوا الشعب. فدخل الشيطان في يهوذا الذي يدعى الاسخريوطي وهو من جملة الاثني عشر. فمضى وتكلم مع رؤساء الكهنة وقواد الجند كيف يسلمه إليهم. ففرحوا وعاهدوه أن يعطوه فضة. فواعدهم وكان يطلب فرصة ليسلمه إليهم خلوا من جمع.""
لوقا,22,18,"( لو22:1-6): ""وقرب عيد الفطير الذي يقال له الفصح. وكان رؤساء الكهنة والكتبة يطلبون كيف يقتلونه لأنهم خافوا الشعب. فدخل الشيطان في يهوذا الذي يدعى الاسخريوطي وهو من جملة الاثني عشر. فمضى وتكلم مع رؤساء الكهنة وقواد الجند كيف يسلمه إليهم. ففرحوا وعاهدوه أن يعطوه فضة. فواعدهم وكان يطلب فرصة ليسلمه إليهم خلوا من جمع.""
لوقا,22,19,"( لو22:1-6): ""وقرب عيد الفطير الذي يقال له الفصح. وكان رؤساء الكهنة والكتبة يطلبون كيف يقتلونه لأنهم خافوا الشعب. فدخل الشيطان في يهوذا الذي يدعى الاسخريوطي وهو من جملة الاثني عشر. فمضى وتكلم مع رؤساء الكهنة وقواد الجند كيف يسلمه إليهم. ففرحوا وعاهدوه أن يعطوه فضة. فواعدهم وكان يطلب فرصة ليسلمه إليهم خلوا من جمع.""
لوقا,22,20,"( لو22:1-6): ""وقرب عيد الفطير الذي يقال له الفصح. وكان رؤساء الكهنة والكتبة يطلبون كيف يقتلونه لأنهم خافوا الشعب. فدخل الشيطان في يهوذا الذي يدعى الاسخريوطي وهو من جملة الاثني عشر. فمضى وتكلم مع رؤساء الكهنة وقواد الجند كيف يسلمه إليهم. ففرحوا وعاهدوه أن يعطوه فضة. فواعدهم وكان يطلب فرصة ليسلمه إليهم خلوا من جمع.""
لوقا,22,21,"( لو22:1-6): ""وقرب عيد الفطير الذي يقال له الفصح. وكان رؤساء الكهنة والكتبة يطلبون كيف يقتلونه لأنهم خافوا الشعب. فدخل الشيطان في يهوذا الذي يدعى الاسخريوطي وهو من جملة الاثني عشر. فمضى وتكلم مع رؤساء الكهنة وقواد الجند كيف يسلمه إليهم. ففرحوا وعاهدوه أن يعطوه فضة. فواعدهم وكان يطلب فرصة ليسلمه إليهم خلوا من جمع.""
لوقا,22,22,"( لو22:1-6): ""وقرب عيد الفطير الذي يقال له الفصح. وكان رؤساء الكهنة والكتبة يطلبون كيف يقتلونه لأنهم خافوا الشعب. فدخل الشيطان في يهوذا الذي يدعى الاسخريوطي وهو من جملة الاثني عشر. فمضى وتكلم مع رؤساء الكهنة وقواد الجند كيف يسلمه إليهم. ففرحوا وعاهدوه أن يعطوه فضة. فواعدهم وكان يطلب فرصة ليسلمه إليهم خلوا من جمع.""
لوقا,22,23,"( لو22:1-6): ""وقرب عيد الفطير الذي يقال له الفصح. وكان رؤساء الكهنة والكتبة يطلبون كيف يقتلونه لأنهم خافوا الشعب. فدخل الشيطان في يهوذا الذي يدعى الاسخريوطي وهو من جملة الاثني عشر. فمضى وتكلم مع رؤساء الكهنة وقواد الجند كيف يسلمه إليهم. ففرحوا وعاهدوه أن يعطوه فضة. فواعدهم وكان يطلب فرصة ليسلمه إليهم خلوا من جمع.""
لوقا,22,24,"( لو22:1-6): ""وقرب عيد الفطير الذي يقال له الفصح. وكان رؤساء الكهنة والكتبة يطلبون كيف يقتلونه لأنهم خافوا الشعب. فدخل الشيطان في يهوذا الذي يدعى الاسخريوطي وهو من جملة الاثني عشر. فمضى وتكلم مع رؤساء الكهنة وقواد الجند كيف يسلمه إليهم. ففرحوا وعاهدوه أن يعطوه فضة. فواعدهم وكان يطلب فرصة ليسلمه إليهم خلوا من جمع.""
لوقا,22,25,"( لو22:1-6): ""وقرب عيد الفطير الذي يقال له الفصح. وكان رؤساء الكهنة والكتبة يطلبون كيف يقتلونه لأنهم خافوا الشعب. فدخل الشيطان في يهوذا الذي يدعى الاسخريوطي وهو من جملة الاثني عشر. فمضى وتكلم مع رؤساء الكهنة وقواد الجند كيف يسلمه إليهم. ففرحوا وعاهدوه أن يعطوه فضة. فواعدهم وكان يطلب فرصة ليسلمه إليهم خلوا من جمع.""
لوقا,22,26,"( لو22:1-6): ""وقرب عيد الفطير الذي يقال له الفصح. وكان رؤساء الكهنة والكتبة يطلبون كيف يقتلونه لأنهم خافوا الشعب. فدخل الشيطان في يهوذا الذي يدعى الاسخريوطي وهو من جملة الاثني عشر. فمضى وتكلم مع رؤساء الكهنة وقواد الجند كيف يسلمه إليهم. ففرحوا وعاهدوه أن يعطوه فضة. فواعدهم وكان يطلب فرصة ليسلمه إليهم خلوا من جمع.""
لوقا,22,27,"( لو22:1-6): ""وقرب عيد الفطير الذي يقال له الفصح. وكان رؤساء الكهنة والكتبة يطلبون كيف يقتلونه لأنهم خافوا الشعب. فدخل الشيطان في يهوذا الذي يدعى الاسخريوطي وهو من جملة الاثني عشر. فمضى وتكلم مع رؤساء الكهنة وقواد الجند كيف يسلمه إليهم. ففرحوا وعاهدوه أن يعطوه فضة. فواعدهم وكان يطلب فرصة ليسلمه إليهم خلوا من جمع.""
لوقا,22,28,"( لو22:1-6): ""وقرب عيد الفطير الذي يقال له الفصح. وكان رؤساء الكهنة والكتبة يطلبون كيف يقتلونه لأنهم خافوا الشعب. فدخل الشيطان في يهوذا الذي يدعى الاسخريوطي وهو من جملة الاثني عشر. فمضى وتكلم مع رؤساء الكهنة وقواد الجند كيف يسلمه إليهم. ففرحوا وعاهدوه أن يعطوه فضة. فواعدهم وكان يطلب فرصة ليسلمه إليهم خلوا من جمع.""
لوقا,22,29,"( لو22:1-6): ""وقرب عيد الفطير الذي يقال له الفصح. وكان رؤساء الكهنة والكتبة يطلبون كيف يقتلونه لأنهم خافوا الشعب. فدخل الشيطان في يهوذا الذي يدعى الاسخريوطي وهو من جملة الاثني عشر. فمضى وتكلم مع رؤساء الكهنة وقواد الجند كيف يسلمه إليهم. ففرحوا وعاهدوه أن يعطوه فضة. فواعدهم وكان يطلب فرصة ليسلمه إليهم خلوا من جمع.""
لوقا,22,30,"( لو22:1-6): ""وقرب عيد الفطير الذي يقال له الفصح. وكان رؤساء الكهنة والكتبة يطلبون كيف يقتلونه لأنهم خافوا الشعب. فدخل الشيطان في يهوذا الذي يدعى الاسخريوطي وهو من جملة الاثني عشر. فمضى وتكلم مع رؤساء الكهنة وقواد الجند كيف يسلمه إليهم. ففرحوا وعاهدوه أن يعطوه فضة. فواعدهم وكان يطلب فرصة ليسلمه إليهم خلوا من جمع.""
لوقا,22,31,"( لو22:1-6): ""وقرب عيد الفطير الذي يقال له الفصح. وكان رؤساء الكهنة والكتبة يطلبون كيف يقتلونه لأنهم خافوا الشعب. فدخل الشيطان في يهوذا الذي يدعى الاسخريوطي وهو من جملة الاثني عشر. فمضى وتكلم مع رؤساء الكهنة وقواد الجند كيف يسلمه إليهم. ففرحوا وعاهدوه أن يعطوه فضة. فواعدهم وكان يطلب فرصة ليسلمه إليهم خلوا من جمع.""
لوقا,22,32,"( لو22:1-6): ""وقرب عيد الفطير الذي يقال له الفصح. وكان رؤساء الكهنة والكتبة يطلبون كيف يقتلونه لأنهم خافوا الشعب. فدخل الشيطان في يهوذا الذي يدعى الاسخريوطي وهو من جملة الاثني عشر. فمضى وتكلم مع رؤساء الكهنة وقواد الجند كيف يسلمه إليهم. ففرحوا وعاهدوه أن يعطوه فضة. فواعدهم وكان يطلب فرصة ليسلمه إليهم خلوا من جمع.""
لوقا,22,33,"( لو22:1-6): ""وقرب عيد الفطير الذي يقال له الفصح. وكان رؤساء الكهنة والكتبة يطلبون كيف يقتلونه لأنهم خافوا الشعب. فدخل الشيطان في يهوذا الذي يدعى الاسخريوطي وهو من جملة الاثني عشر. فمضى وتكلم مع رؤساء الكهنة وقواد الجند كيف يسلمه إليهم. ففرحوا وعاهدوه أن يعطوه فضة. فواعدهم وكان يطلب فرصة ليسلمه إليهم خلوا من جمع.""
لوقا,22,34,"( لو22:1-6): ""وقرب عيد الفطير الذي يقال له الفصح. وكان رؤساء الكهنة والكتبة يطلبون كيف يقتلونه لأنهم خافوا الشعب. فدخل الشيطان في يهوذا الذي يدعى الاسخريوطي وهو من جملة الاثني عشر. فمضى وتكلم مع رؤساء الكهنة وقواد الجند كيف يسلمه إليهم. ففرحوا وعاهدوه أن يعطوه فضة. فواعدهم وكان يطلب فرصة ليسلمه إليهم خلوا من جمع.""
لوقا,22,35,"( لو22:1-6): ""وقرب عيد الفطير الذي يقال له الفصح. وكان رؤساء الكهنة والكتبة يطلبون كيف يقتلونه لأنهم خافوا الشعب. فدخل الشيطان في يهوذا الذي يدعى الاسخريوطي وهو من جملة الاثني عشر. فمضى وتكلم مع رؤساء الكهنة وقواد الجند كيف يسلمه إليهم. ففرحوا وعاهدوه أن يعطوه فضة. فواعدهم وكان يطلب فرصة ليسلمه إليهم خلوا من جمع.""
لوقا,22,36,"( لو22:1-6): ""وقرب عيد الفطير الذي يقال له الفصح. وكان رؤساء الكهنة والكتبة يطلبون كيف يقتلونه لأنهم خافوا الشعب. فدخل الشيطان في يهوذا الذي يدعى الاسخريوطي وهو من جملة الاثني عشر. فمضى وتكلم مع رؤساء الكهنة وقواد الجند كيف يسلمه إليهم. ففرحوا وعاهدوه أن يعطوه فضة. فواعدهم وكان يطلب فرصة ليسلمه إليهم خلوا من جمع.""
لوقا,22,37,"( لو22:1-6): ""وقرب عيد الفطير الذي يقال له الفصح. وكان رؤساء الكهنة والكتبة يطلبون كيف يقتلونه لأنهم خافوا الشعب. فدخل الشيطان في يهوذا الذي يدعى الاسخريوطي وهو من جملة الاثني عشر. فمضى وتكلم مع رؤساء الكهنة وقواد الجند كيف يسلمه إليهم. ففرحوا وعاهدوه أن يعطوه فضة. فواعدهم وكان يطلب فرصة ليسلمه إليهم خلوا من جمع.""
لوقا,22,38,"( لو22:1-6): ""وقرب عيد الفطير الذي يقال له الفصح. وكان رؤساء الكهنة والكتبة يطلبون كيف يقتلونه لأنهم خافوا الشعب. فدخل الشيطان في يهوذا الذي يدعى الاسخريوطي وهو من جملة الاثني عشر. فمضى وتكلم مع رؤساء الكهنة وقواد الجند كيف يسلمه إليهم. ففرحوا وعاهدوه أن يعطوه فضة. فواعدهم وكان يطلب فرصة ليسلمه إليهم خلوا من جمع.""
لوقا,22,39,"( لو22:1-6): ""وقرب عيد الفطير الذي يقال له الفصح. وكان رؤساء الكهنة والكتبة يطلبون كيف يقتلونه لأنهم خافوا الشعب. فدخل الشيطان في يهوذا الذي يدعى الاسخريوطي وهو من جملة الاثني عشر. فمضى وتكلم مع رؤساء الكهنة وقواد الجند كيف يسلمه إليهم. ففرحوا وعاهدوه أن يعطوه فضة. فواعدهم وكان يطلب فرصة ليسلمه إليهم خلوا من جمع.""
لوقا,22,40,"( لو22:1-6): ""وقرب عيد الفطير الذي يقال له الفصح. وكان رؤساء الكهنة والكتبة يطلبون كيف يقتلونه لأنهم خافوا الشعب. فدخل الشيطان في يهوذا الذي يدعى الاسخريوطي وهو من جملة الاثني عشر. فمضى وتكلم مع رؤساء الكهنة وقواد الجند كيف يسلمه إليهم. ففرحوا وعاهدوه أن يعطوه فضة. فواعدهم وكان يطلب فرصة ليسلمه إليهم خلوا من جمع.""
لوقا,22,41,"( لو22:1-6): ""وقرب عيد الفطير الذي يقال له الفصح. وكان رؤساء الكهنة والكتبة يطلبون كيف يقتلونه لأنهم خافوا الشعب. فدخل الشيطان في يهوذا الذي يدعى الاسخريوطي وهو من جملة الاثني عشر. فمضى وتكلم مع رؤساء الكهنة وقواد الجند كيف يسلمه إليهم. ففرحوا وعاهدوه أن يعطوه فضة. فواعدهم وكان يطلب فرصة ليسلمه إليهم خلوا من جمع.""
لوقا,22,42,"( لو22:1-6): ""وقرب عيد الفطير الذي يقال له الفصح. وكان رؤساء الكهنة والكتبة يطلبون كيف يقتلونه لأنهم خافوا الشعب. فدخل الشيطان في يهوذا الذي يدعى الاسخريوطي وهو من جملة الاثني عشر. فمضى وتكلم مع رؤساء الكهنة وقواد الجند كيف يسلمه إليهم. ففرحوا وعاهدوه أن يعطوه فضة. فواعدهم وكان يطلب فرصة ليسلمه إليهم خلوا من جمع.""
لوقا,22,43,"( لو22:1-6): ""وقرب عيد الفطير الذي يقال له الفصح. وكان رؤساء الكهنة والكتبة يطلبون كيف يقتلونه لأنهم خافوا الشعب. فدخل الشيطان في يهوذا الذي يدعى الاسخريوطي وهو من جملة الاثني عشر. فمضى وتكلم مع رؤساء الكهنة وقواد الجند كيف يسلمه إليهم. ففرحوا وعاهدوه أن يعطوه فضة. فواعدهم وكان يطلب فرصة ليسلمه إليهم خلوا من جمع.""
لوقا,22,44,"( لو22:1-6): ""وقرب عيد الفطير الذي يقال له الفصح. وكان رؤساء الكهنة والكتبة يطلبون كيف يقتلونه لأنهم خافوا الشعب. فدخل الشيطان في يهوذا الذي يدعى الاسخريوطي وهو من جملة الاثني عشر. فمضى وتكلم مع رؤساء الكهنة وقواد الجند كيف يسلمه إليهم. ففرحوا وعاهدوه أن يعطوه فضة. فواعدهم وكان يطلب فرصة ليسلمه إليهم خلوا من جمع.""
لوقا,22,45,"( لو22:1-6): ""وقرب عيد الفطير الذي يقال له الفصح. وكان رؤساء الكهنة والكتبة يطلبون كيف يقتلونه لأنهم خافوا الشعب. فدخل الشيطان في يهوذا الذي يدعى الاسخريوطي وهو من جملة الاثني عشر. فمضى وتكلم مع رؤساء الكهنة وقواد الجند كيف يسلمه إليهم. ففرحوا وعاهدوه أن يعطوه فضة. فواعدهم وكان يطلب فرصة ليسلمه إليهم خلوا من جمع.""
لوقا,22,46,"( لو22:1-6): ""وقرب عيد الفطير الذي يقال له الفصح. وكان رؤساء الكهنة والكتبة يطلبون كيف يقتلونه لأنهم خافوا الشعب. فدخل الشيطان في يهوذا الذي يدعى الاسخريوطي وهو من جملة الاثني عشر. فمضى وتكلم مع رؤساء الكهنة وقواد الجند كيف يسلمه إليهم. ففرحوا وعاهدوه أن يعطوه فضة. فواعدهم وكان يطلب فرصة ليسلمه إليهم خلوا من جمع.""
لوقا,22,47,"( لو22:1-6): ""وقرب عيد الفطير الذي يقال له الفصح. وكان رؤساء الكهنة والكتبة يطلبون كيف يقتلونه لأنهم خافوا الشعب. فدخل الشيطان في يهوذا الذي يدعى الاسخريوطي وهو من جملة الاثني عشر. فمضى وتكلم مع رؤساء الكهنة وقواد الجند كيف يسلمه إليهم. ففرحوا وعاهدوه أن يعطوه فضة. فواعدهم وكان يطلب فرصة ليسلمه إليهم خلوا من جمع.""
لوقا,22,48,"( لو22:1-6): ""وقرب عيد الفطير الذي يقال له الفصح. وكان رؤساء الكهنة والكتبة يطلبون كيف يقتلونه لأنهم خافوا الشعب. فدخل الشيطان في يهوذا الذي يدعى الاسخريوطي وهو من جملة الاثني عشر. فمضى وتكلم مع رؤساء الكهنة وقواد الجند كيف يسلمه إليهم. ففرحوا وعاهدوه أن يعطوه فضة. فواعدهم وكان يطلب فرصة ليسلمه إليهم خلوا من جمع.""
لوقا,22,49,"( لو22:1-6): ""وقرب عيد الفطير الذي يقال له الفصح. وكان رؤساء الكهنة والكتبة يطلبون كيف يقتلونه لأنهم خافوا الشعب. فدخل الشيطان في يهوذا الذي يدعى الاسخريوطي وهو من جملة الاثني عشر. فمضى وتكلم مع رؤساء الكهنة وقواد الجند كيف يسلمه إليهم. ففرحوا وعاهدوه أن يعطوه فضة. فواعدهم وكان يطلب فرصة ليسلمه إليهم خلوا من جمع.""
لوقا,22,50,"( لو22:1-6): ""وقرب عيد الفطير الذي يقال له الفصح. وكان رؤساء الكهنة والكتبة يطلبون كيف يقتلونه لأنهم خافوا الشعب. فدخل الشيطان في يهوذا الذي يدعى الاسخريوطي وهو من جملة الاثني عشر. فمضى وتكلم مع رؤساء الكهنة وقواد الجند كيف يسلمه إليهم. ففرحوا وعاهدوه أن يعطوه فضة. فواعدهم وكان يطلب فرصة ليسلمه إليهم خلوا من جمع.""
لوقا,22,51,"( لو22:1-6): ""وقرب عيد الفطير الذي يقال له الفصح. وكان رؤساء الكهنة والكتبة يطلبون كيف يقتلونه لأنهم خافوا الشعب. فدخل الشيطان في يهوذا الذي يدعى الاسخريوطي وهو من جملة الاثني عشر. فمضى وتكلم مع رؤساء الكهنة وقواد الجند كيف يسلمه إليهم. ففرحوا وعاهدوه أن يعطوه فضة. فواعدهم وكان يطلب فرصة ليسلمه إليهم خلوا من جمع.""
لوقا,22,52,"( لو22:1-6): ""وقرب عيد الفطير الذي يقال له الفصح. وكان رؤساء الكهنة والكتبة يطلبون كيف يقتلونه لأنهم خافوا الشعب. فدخل الشيطان في يهوذا الذي يدعى الاسخريوطي وهو من جملة الاثني عشر. فمضى وتكلم مع رؤساء الكهنة وقواد الجند كيف يسلمه إليهم. ففرحوا وعاهدوه أن يعطوه فضة. فواعدهم وكان يطلب فرصة ليسلمه إليهم خلوا من جمع.""
لوقا,22,53,"( لو22:1-6): ""وقرب عيد الفطير الذي يقال له الفصح. وكان رؤساء الكهنة والكتبة يطلبون كيف يقتلونه لأنهم خافوا الشعب. فدخل الشيطان في يهوذا الذي يدعى الاسخريوطي وهو من جملة الاثني عشر. فمضى وتكلم مع رؤساء الكهنة وقواد الجند كيف يسلمه إليهم. ففرحوا وعاهدوه أن يعطوه فضة. فواعدهم وكان يطلب فرصة ليسلمه إليهم خلوا من جمع.""
لوقا,22,54,"( لو22:1-6): ""وقرب عيد الفطير الذي يقال له الفصح. وكان رؤساء الكهنة والكتبة يطلبون كيف يقتلونه لأنهم خافوا الشعب. فدخل الشيطان في يهوذا الذي يدعى الاسخريوطي وهو من جملة الاثني عشر. فمضى وتكلم مع رؤساء الكهنة وقواد الجند كيف يسلمه إليهم. ففرحوا وعاهدوه أن يعطوه فضة. فواعدهم وكان يطلب فرصة ليسلمه إليهم خلوا من جمع.""
لوقا,22,55,"( لو22:1-6): ""وقرب عيد الفطير الذي يقال له الفصح. وكان رؤساء الكهنة والكتبة يطلبون كيف يقتلونه لأنهم خافوا الشعب. فدخل الشيطان في يهوذا الذي يدعى الاسخريوطي وهو من جملة الاثني عشر. فمضى وتكلم مع رؤساء الكهنة وقواد الجند كيف يسلمه إليهم. ففرحوا وعاهدوه أن يعطوه فضة. فواعدهم وكان يطلب فرصة ليسلمه إليهم خلوا من جمع.""
لوقا,22,56,"( لو22:1-6): ""وقرب عيد الفطير الذي يقال له الفصح. وكان رؤساء الكهنة والكتبة يطلبون كيف يقتلونه لأنهم خافوا الشعب. فدخل الشيطان في يهوذا الذي يدعى الاسخريوطي وهو من جملة الاثني عشر. فمضى وتكلم مع رؤساء الكهنة وقواد الجند كيف يسلمه إليهم. ففرحوا وعاهدوه أن يعطوه فضة. فواعدهم وكان يطلب فرصة ليسلمه إليهم خلوا من جمع.""
لوقا,22,57,"( لو22:1-6): ""وقرب عيد الفطير الذي يقال له الفصح. وكان رؤساء الكهنة والكتبة يطلبون كيف يقتلونه لأنهم خافوا الشعب. فدخل الشيطان في يهوذا الذي يدعى الاسخريوطي وهو من جملة الاثني عشر. فمضى وتكلم مع رؤساء الكهنة وقواد الجند كيف يسلمه إليهم. ففرحوا وعاهدوه أن يعطوه فضة. فواعدهم وكان يطلب فرصة ليسلمه إليهم خلوا من جمع.""
لوقا,22,58,"( لو22:1-6): ""وقرب عيد الفطير الذي يقال له الفصح. وكان رؤساء الكهنة والكتبة يطلبون كيف يقتلونه لأنهم خافوا الشعب. فدخل الشيطان في يهوذا الذي يدعى الاسخريوطي وهو من جملة الاثني عشر. فمضى وتكلم مع رؤساء الكهنة وقواد الجند كيف يسلمه إليهم. ففرحوا وعاهدوه أن يعطوه فضة. فواعدهم وكان يطلب فرصة ليسلمه إليهم خلوا من جمع.""
لوقا,22,59,"( لو22:1-6): ""وقرب عيد الفطير الذي يقال له الفصح. وكان رؤساء الكهنة والكتبة يطلبون كيف يقتلونه لأنهم خافوا الشعب. فدخل الشيطان في يهوذا الذي يدعى الاسخريوطي وهو من جملة الاثني عشر. فمضى وتكلم مع رؤساء الكهنة وقواد الجند كيف يسلمه إليهم. ففرحوا وعاهدوه أن يعطوه فضة. فواعدهم وكان يطلب فرصة ليسلمه إليهم خلوا من جمع.""
لوقا,22,60,"( لو22:1-6): ""وقرب عيد الفطير الذي يقال له الفصح. وكان رؤساء الكهنة والكتبة يطلبون كيف يقتلونه لأنهم خافوا الشعب. فدخل الشيطان في يهوذا الذي يدعى الاسخريوطي وهو من جملة الاثني عشر. فمضى وتكلم مع رؤساء الكهنة وقواد الجند كيف يسلمه إليهم. ففرحوا وعاهدوه أن يعطوه فضة. فواعدهم وكان يطلب فرصة ليسلمه إليهم خلوا من جمع.""
لوقا,22,61,"( لو22:1-6): ""وقرب عيد الفطير الذي يقال له الفصح. وكان رؤساء الكهنة والكتبة يطلبون كيف يقتلونه لأنهم خافوا الشعب. فدخل الشيطان في يهوذا الذي يدعى الاسخريوطي وهو من جملة الاثني عشر. فمضى وتكلم مع رؤساء الكهنة وقواد الجند كيف يسلمه إليهم. ففرحوا وعاهدوه أن يعطوه فضة. فواعدهم وكان يطلب فرصة ليسلمه إليهم خلوا من جمع.""
لوقا,22,62,"( لو22:1-6): ""وقرب عيد الفطير الذي يقال له الفصح. وكان رؤساء الكهنة والكتبة يطلبون كيف يقتلونه لأنهم خافوا الشعب. فدخل الشيطان في يهوذا الذي يدعى الاسخريوطي وهو من جملة الاثني عشر. فمضى وتكلم مع رؤساء الكهنة وقواد الجند كيف يسلمه إليهم. ففرحوا وعاهدوه أن يعطوه فضة. فواعدهم وكان يطلب فرصة ليسلمه إليهم خلوا من جمع.""
لوقا,22,63,"( لو22:1-6): ""وقرب عيد الفطير الذي يقال له الفصح. وكان رؤساء الكهنة والكتبة يطلبون كيف يقتلونه لأنهم خافوا الشعب. فدخل الشيطان في يهوذا الذي يدعى الاسخريوطي وهو من جملة الاثني عشر. فمضى وتكلم مع رؤساء الكهنة وقواد الجند كيف يسلمه إليهم. ففرحوا وعاهدوه أن يعطوه فضة. فواعدهم وكان يطلب فرصة ليسلمه إليهم خلوا من جمع.""
لوقا,22,64,"( لو22:1-6): ""وقرب عيد الفطير الذي يقال له الفصح. وكان رؤساء الكهنة والكتبة يطلبون كيف يقتلونه لأنهم خافوا الشعب. فدخل الشيطان في يهوذا الذي يدعى الاسخريوطي وهو من جملة الاثني عشر. فمضى وتكلم مع رؤساء الكهنة وقواد الجند كيف يسلمه إليهم. ففرحوا وعاهدوه أن يعطوه فضة. فواعدهم وكان يطلب فرصة ليسلمه إليهم خلوا من جمع.""
لوقا,22,65,"( لو22:1-6): ""وقرب عيد الفطير الذي يقال له الفصح. وكان رؤساء الكهنة والكتبة يطلبون كيف يقتلونه لأنهم خافوا الشعب. فدخل الشيطان في يهوذا الذي يدعى الاسخريوطي وهو من جملة الاثني عشر. فمضى وتكلم مع رؤساء الكهنة وقواد الجند كيف يسلمه إليهم. ففرحوا وعاهدوه أن يعطوه فضة. فواعدهم وكان يطلب فرصة ليسلمه إليهم خلوا من جمع.""
لوقا,22,66,"( لو22:1-6): ""وقرب عيد الفطير الذي يقال له الفصح. وكان رؤساء الكهنة والكتبة يطلبون كيف يقتلونه لأنهم خافوا الشعب. فدخل الشيطان في يهوذا الذي يدعى الاسخريوطي وهو من جملة الاثني عشر. فمضى وتكلم مع رؤساء الكهنة وقواد الجند كيف يسلمه إليهم. ففرحوا وعاهدوه أن يعطوه فضة. فواعدهم وكان يطلب فرصة ليسلمه إليهم خلوا من جمع.""
لوقا,22,67,"( لو22:1-6): ""وقرب عيد الفطير الذي يقال له الفصح. وكان رؤساء الكهنة والكتبة يطلبون كيف يقتلونه لأنهم خافوا الشعب. فدخل الشيطان في يهوذا الذي يدعى الاسخريوطي وهو من جملة الاثني عشر. فمضى وتكلم مع رؤساء الكهنة وقواد الجند كيف يسلمه إليهم. ففرحوا وعاهدوه أن يعطوه فضة. فواعدهم وكان يطلب فرصة ليسلمه إليهم خلوا من جمع.""
لوقا,22,68,"( لو22:1-6): ""وقرب عيد الفطير الذي يقال له الفصح. وكان رؤساء الكهنة والكتبة يطلبون كيف يقتلونه لأنهم خافوا الشعب. فدخل الشيطان في يهوذا الذي يدعى الاسخريوطي وهو من جملة الاثني عشر. فمضى وتكلم مع رؤساء الكهنة وقواد الجند كيف يسلمه إليهم. ففرحوا وعاهدوه أن يعطوه فضة. فواعدهم وكان يطلب فرصة ليسلمه إليهم خلوا من جمع.""
لوقا,22,69,"( لو22:1-6): ""وقرب عيد الفطير الذي يقال له الفصح. وكان رؤساء الكهنة والكتبة يطلبون كيف يقتلونه لأنهم خافوا الشعب. فدخل الشيطان في يهوذا الذي يدعى الاسخريوطي وهو من جملة الاثني عشر. فمضى وتكلم مع رؤساء الكهنة وقواد الجند كيف يسلمه إليهم. ففرحوا وعاهدوه أن يعطوه فضة. فواعدهم وكان يطلب فرصة ليسلمه إليهم خلوا من جمع.""
لوقا,22,70,"( لو22:1-6): ""وقرب عيد الفطير الذي يقال له الفصح. وكان رؤساء الكهنة والكتبة يطلبون كيف يقتلونه لأنهم خافوا الشعب. فدخل الشيطان في يهوذا الذي يدعى الاسخريوطي وهو من جملة الاثني عشر. فمضى وتكلم مع رؤساء الكهنة وقواد الجند كيف يسلمه إليهم. ففرحوا وعاهدوه أن يعطوه فضة. فواعدهم وكان يطلب فرصة ليسلمه إليهم خلوا من جمع.""
لوقا,22,71,"( لو22:1-6): ""وقرب عيد الفطير الذي يقال له الفصح. وكان رؤساء الكهنة والكتبة يطلبون كيف يقتلونه لأنهم خافوا الشعب. فدخل الشيطان في يهوذا الذي يدعى الاسخريوطي وهو من جملة الاثني عشر. فمضى وتكلم مع رؤساء الكهنة وقواد الجند كيف يسلمه إليهم. ففرحوا وعاهدوه أن يعطوه فضة. فواعدهم وكان يطلب فرصة ليسلمه إليهم خلوا من جمع.""
لوقا,22,72,"( لو22:1-6): ""وقرب عيد الفطير الذي يقال له الفصح. وكان رؤساء الكهنة والكتبة يطلبون كيف يقتلونه لأنهم خافوا الشعب. فدخل الشيطان في يهوذا الذي يدعى الاسخريوطي وهو من جملة الاثني عشر. فمضى وتكلم مع رؤساء الكهنة وقواد الجند كيف يسلمه إليهم. ففرحوا وعاهدوه أن يعطوه فضة. فواعدهم وكان يطلب فرصة ليسلمه إليهم خلوا من جمع.""
لوقا,22,73,"( لو22:1-6): ""وقرب عيد الفطير الذي يقال له الفصح. وكان رؤساء الكهنة والكتبة يطلبون كيف يقتلونه لأنهم خافوا الشعب. فدخل الشيطان في يهوذا الذي يدعى الاسخريوطي وهو من جملة الاثني عشر. فمضى وتكلم مع رؤساء الكهنة وقواد الجند كيف يسلمه إليهم. ففرحوا وعاهدوه أن يعطوه فضة. فواعدهم وكان يطلب فرصة ليسلمه إليهم خلوا من جمع.""
لوقا,22,74,"( لو22:1-6): ""وقرب عيد الفطير الذي يقال له الفصح. وكان رؤساء الكهنة والكتبة يطلبون كيف يقتلونه لأنهم خافوا الشعب. فدخل الشيطان في يهوذا الذي يدعى الاسخريوطي وهو من جملة الاثني عشر. فمضى وتكلم مع رؤساء الكهنة وقواد الجند كيف يسلمه إليهم. ففرحوا وعاهدوه أن يعطوه فضة. فواعدهم وكان يطلب فرصة ليسلمه إليهم خلوا من جمع.""
لوقا,22,75,"( لو22:1-6): ""وقرب عيد الفطير الذي يقال له الفصح. وكان رؤساء الكهنة والكتبة يطلبون كيف يقتلونه لأنهم خافوا الشعب. فدخل الشيطان في يهوذا الذي يدعى الاسخريوطي وهو من جملة الاثني عشر. فمضى وتكلم مع رؤساء الكهنة وقواد الجند كيف يسلمه إليهم. ففرحوا وعاهدوه أن يعطوه فضة. فواعدهم وكان يطلب فرصة ليسلمه إليهم خلوا من جمع.""
لوقا,22,76,"( لو22:1-6): ""وقرب عيد الفطير الذي يقال له الفصح. وكان رؤساء الكهنة والكتبة يطلبون كيف يقتلونه لأنهم خافوا الشعب. فدخل الشيطان في يهوذا الذي يدعى الاسخريوطي وهو من جملة الاثني عشر. فمضى وتكلم مع رؤساء الكهنة وقواد الجند كيف يسلمه إليهم. ففرحوا وعاهدوه أن يعطوه فضة. فواعدهم وكان يطلب فرصة ليسلمه إليهم خلوا من جمع.""
لوقا,22,77,"( لو22:1-6): ""وقرب عيد الفطير الذي يقال له الفصح. وكان رؤساء الكهنة والكتبة يطلبون كيف يقتلونه لأنهم خافوا الشعب. فدخل الشيطان في يهوذا الذي يدعى الاسخريوطي وهو من جملة الاثني عشر. فمضى وتكلم مع رؤساء الكهنة وقواد الجند كيف يسلمه إليهم. ففرحوا وعاهدوه أن يعطوه فضة. فواعدهم وكان يطلب فرصة ليسلمه إليهم خلوا من جمع.""
لوقا,22,78,"( لو22:1-6): ""وقرب عيد الفطير الذي يقال له الفصح. وكان رؤساء الكهنة والكتبة يطلبون كيف يقتلونه لأنهم خافوا الشعب. فدخل الشيطان في يهوذا الذي يدعى الاسخريوطي وهو من جملة الاثني عشر. فمضى وتكلم مع رؤساء الكهنة وقواد الجند كيف يسلمه إليهم. ففرحوا وعاهدوه أن يعطوه فضة. فواعدهم وكان يطلب فرصة ليسلمه إليهم خلوا من جمع.""
لوقا,22,79,"( لو22:1-6): ""وقرب عيد الفطير الذي يقال له الفصح. وكان رؤساء الكهنة والكتبة يطلبون كيف يقتلونه لأنهم خافوا الشعب. فدخل الشيطان في يهوذا الذي يدعى الاسخريوطي وهو من جملة الاثني عشر. فمضى وتكلم مع رؤساء الكهنة وقواد الجند كيف يسلمه إليهم. ففرحوا وعاهدوه أن يعطوه فضة. فواعدهم وكان يطلب فرصة ليسلمه إليهم خلوا من جمع.""
لوقا,22,80,"( لو22:1-6): ""وقرب عيد الفطير الذي يقال له الفصح. وكان رؤساء الكهنة والكتبة يطلبون كيف يقتلونه لأنهم خافوا الشعب. فدخل الشيطان في يهوذا الذي يدعى الاسخريوطي وهو من جملة الاثني عشر. فمضى وتكلم مع رؤساء الكهنة وقواد الجند كيف يسلمه إليهم. ففرحوا وعاهدوه أن يعطوه فضة. فواعدهم وكان يطلب فرصة ليسلمه إليهم خلوا من جمع.""
لوقا,22,81,"( لو22:1-6): ""وقرب عيد الفطير الذي يقال له الفصح. وكان رؤساء الكهنة والكتبة يطلبون كيف يقتلونه لأنهم خافوا الشعب. فدخل الشيطان في يهوذا الذي يدعى الاسخريوطي وهو من جملة الاثني عشر. فمضى وتكلم مع رؤساء الكهنة وقواد الجند كيف يسلمه إليهم. ففرحوا وعاهدوه أن يعطوه فضة. فواعدهم وكان يطلب فرصة ليسلمه إليهم خلوا من جمع.""
لوقا,22,82,"( لو22:1-6): ""وقرب عيد الفطير الذي يقال له الفصح. وكان رؤساء الكهنة والكتبة يطلبون كيف يقتلونه لأنهم خافوا الشعب. فدخل الشيطان في يهوذا الذي يدعى الاسخريوطي وهو من جملة الاثني عشر. فمضى وتكلم مع رؤساء الكهنة وقواد الجند كيف يسلمه إليهم. ففرحوا وعاهدوه أن يعطوه فضة. فواعدهم وكان يطلب فرصة ليسلمه إليهم خلوا من جمع.""
لوقا,22,83,"( لو22:1-6): ""وقرب عيد الفطير الذي يقال له الفصح. وكان رؤساء الكهنة والكتبة يطلبون كيف يقتلونه لأنهم خافوا الشعب. فدخل الشيطان في يهوذا الذي يدعى الاسخريوطي وهو من جملة الاثني عشر. فمضى وتكلم مع رؤساء الكهنة وقواد الجند كيف يسلمه إليهم. ففرحوا وعاهدوه أن يعطوه فضة. فواعدهم وكان يطلب فرصة ليسلمه إليهم خلوا من جمع.""
لوقا,22,84,"( لو22:1-6): ""وقرب عيد الفطير الذي يقال له الفصح. وكان رؤساء الكهنة والكتبة يطلبون كيف يقتلونه لأنهم خافوا الشعب. فدخل الشيطان في يهوذا الذي يدعى الاسخريوطي وهو من جملة الاثني عشر. فمضى وتكلم مع رؤساء الكهنة وقواد الجند كيف يسلمه إليهم. ففرحوا وعاهدوه أن يعطوه فضة. فواعدهم وكان يطلب فرصة ليسلمه إليهم خلوا من جمع.""
لوقا,22,85,"( لو22:1-6): ""وقرب عيد الفطير الذي يقال له الفصح. وكان رؤساء الكهنة والكتبة يطلبون كيف يقتلونه لأنهم خافوا الشعب. فدخل الشيطان في يهوذا الذي يدعى الاسخريوطي وهو من جملة الاثني عشر. فمضى وتكلم مع رؤساء الكهنة وقواد الجند كيف يسلمه إليهم. ففرحوا وعاهدوه أن يعطوه فضة. فواعدهم وكان يطلب فرصة ليسلمه إليهم خلوا من جمع.""
لوقا,22,86,"( لو22:1-6): ""وقرب عيد الفطير الذي يقال له الفصح. وكان رؤساء الكهنة والكتبة يطلبون كيف يقتلونه لأنهم خافوا الشعب. فدخل الشيطان في يهوذا الذي يدعى الاسخريوطي وهو من جملة الاثني عشر. فمضى وتكلم مع رؤساء الكهنة وقواد الجند كيف يسلمه إليهم. ففرحوا وعاهدوه أن يعطوه فضة. فواعدهم وكان يطلب فرصة ليسلمه إليهم خلوا من جمع.""
لوقا,22,87,"( لو22:1-6): ""وقرب عيد الفطير الذي يقال له الفصح. وكان رؤساء الكهنة والكتبة يطلبون كيف يقتلونه لأنهم خافوا الشعب. فدخل الشيطان في يهوذا الذي يدعى الاسخريوطي وهو من جملة الاثني عشر. فمضى وتكلم مع رؤساء الكهنة وقواد الجند كيف يسلمه إليهم. ففرحوا وعاهدوه أن يعطوه فضة. فواعدهم وكان يطلب فرصة ليسلمه إليهم خلوا من جمع.""
لوقا,22,88,"( لو22:1-6): ""وقرب عيد الفطير الذي يقال له الفصح. وكان رؤساء الكهنة والكتبة يطلبون كيف يقتلونه لأنهم خافوا الشعب. فدخل الشيطان في يهوذا الذي يدعى الاسخريوطي وهو من جملة الاثني عشر. فمضى وتكلم مع رؤساء الكهنة وقواد الجند كيف يسلمه إليهم. ففرحوا وعاهدوه أن يعطوه فضة. فواعدهم وكان يطلب فرصة ليسلمه إليهم خلوا من جمع.""
لوقا,22,89,"( لو22:1-6): ""وقرب عيد الفطير الذي يقال له الفصح. وكان رؤساء الكهنة والكتبة يطلبون كيف يقتلونه لأنهم خافوا الشعب. فدخل الشيطان في يهوذا الذي يدعى الاسخريوطي وهو من جملة الاثني عشر. فمضى وتكلم مع رؤساء الكهنة وقواد الجند كيف يسلمه إليهم. ففرحوا وعاهدوه أن يعطوه فضة. فواعدهم وكان يطلب فرصة ليسلمه إليهم خلوا من جمع.""
لوقا,22,90,"( لو22:1-6): ""وقرب عيد الفطير الذي يقال له الفصح. وكان رؤساء الكهنة والكتبة يطلبون كيف يقتلونه لأنهم خافوا الشعب. فدخل الشيطان في يهوذا الذي يدعى الاسخريوطي وهو من جملة الاثني عشر. فمضى وتكلم مع رؤساء الكهنة وقواد الجند كيف يسلمه إليهم. ففرحوا وعاهدوه أن يعطوه فضة. فواعدهم وكان يطلب فرصة ليسلمه إليهم خلوا من جمع.""
لوقا,22,91,"( لو22:1-6): ""وقرب عيد الفطير الذي يقال له الفصح. وكان رؤساء الكهنة والكتبة يطلبون كيف يقتلونه لأنهم خافوا الشعب. فدخل الشيطان في يهوذا الذي يدعى الاسخريوطي وهو من جملة الاثني عشر. فمضى وتكلم مع رؤساء الكهنة وقواد الجند كيف يسلمه إليهم. ففرحوا وعاهدوه أن يعطوه فضة. فواعدهم وكان يطلب فرصة ليسلمه إليهم خلوا من جمع.""
لوقا,22,92,"( لو22:1-6): ""وقرب عيد الفطير الذي يقال له الفصح. وكان رؤساء الكهنة والكتبة يطلبون كيف يقتلونه لأنهم خافوا الشعب. فدخل الشيطان في يهوذا الذي يدعى الاسخريوطي وهو من جملة الاثني عشر. فمضى وتكلم مع رؤساء الكهنة وقواد الجند كيف يسلمه إليهم. ففرحوا وعاهدوه أن يعطوه فضة. فواعدهم وكان يطلب فرصة ليسلمه إليهم خلوا من جمع.""
لوقا,22,93,"( لو22:1-6): ""وقرب عيد الفطير الذي يقال له الفصح. وكان رؤساء الكهنة والكتبة يطلبون كيف يقتلونه لأنهم خافوا الشعب. فدخل الشيطان في يهوذا الذي يدعى الاسخريوطي وهو من جملة الاثني عشر. فمضى وتكلم مع رؤساء الكهنة وقواد الجند كيف يسلمه إليهم. ففرحوا وعاهدوه أن يعطوه فضة. فواعدهم وكان يطلب فرصة ليسلمه إليهم خلوا من جمع.""
لوقا,22,94,"( لو22:1-6): ""وقرب عيد الفطير الذي يقال له الفصح. وكان رؤساء الكهنة والكتبة يطلبون كيف يقتلونه لأنهم خافوا الشعب. فدخل الشيطان في يهوذا الذي يدعى الاسخريوطي وهو من جملة الاثني عشر. فمضى وتكلم مع رؤساء الكهنة وقواد الجند كيف يسلمه إليهم. ففرحوا وعاهدوه أن يعطوه فضة. فواعدهم وكان يطلب فرصة ليسلمه إليهم خلوا من جمع.""
لوقا,22,95,"( لو22:1-6): ""وقرب عيد الفطير الذي يقال له الفصح. وكان رؤساء الكهنة والكتبة يطلبون كيف يقتلونه لأنهم خافوا الشعب. فدخل الشيطان في يهوذا الذي يدعى الاسخريوطي وهو من جملة الاثني عشر. فمضى وتكلم مع رؤساء الكهنة وقواد الجند كيف يسلمه إليهم. ففرحوا وعاهدوه أن يعطوه فضة. فواعدهم وكان يطلب فرصة ليسلمه إليهم خلوا من جمع.""
لوقا,22,96,"( لو22:1-6): ""وقرب عيد الفطير الذي يقال له الفصح. وكان رؤساء الكهنة والكتبة يطلبون كيف يقتلونه لأنهم خافوا الشعب. فدخل الشيطان في يهوذا الذي يدعى الاسخريوطي وهو من جملة الاثني عشر. فمضى وتكلم مع رؤساء الكهنة وقواد الجند كيف يسلمه إليهم. ففرحوا وعاهدوه أن يعطوه فضة. فواعدهم وكان يطلب فرصة ليسلمه إليهم خلوا من جمع.""
لوقا,22,97,"( لو22:1-6): ""وقرب عيد الفطير الذي يقال له الفصح. وكان رؤساء الكهنة والكتبة يطلبون كيف يقتلونه لأنهم خافوا الشعب. فدخل الشيطان في يهوذا الذي يدعى الاسخريوطي وهو من جملة الاثني عشر. فمضى وتكلم مع رؤساء الكهنة وقواد الجند كيف يسلمه إليهم. ففرحوا وعاهدوه أن يعطوه فضة. فواعدهم وكان يطلب فرصة ليسلمه إليهم خلوا من جمع.""
لوقا,22,98,"( لو22:1-6): ""وقرب عيد الفطير الذي يقال له الفصح. وكان رؤساء الكهنة والكتبة يطلبون كيف يقتلونه لأنهم خافوا الشعب. فدخل الشيطان في يهوذا الذي يدعى الاسخريوطي وهو من جملة الاثني عشر. فمضى وتكلم مع رؤساء الكهنة وقواد الجند كيف يسلمه إليهم. ففرحوا وعاهدوه أن يعطوه فضة. فواعدهم وكان يطلب فرصة ليسلمه إليهم خلوا من جمع.""
لوقا,22,99,"( لو22:1-6): ""وقرب عيد الفطير الذي يقال له الفصح. وكان رؤساء الكهنة والكتبة يطلبون كيف يقتلونه لأنهم خافوا الشعب. فدخل الشيطان في يهوذا الذي يدعى الاسخريوطي وهو من جملة الاثني عشر. فمضى وتكلم مع رؤساء الكهنة وقواد الجند كيف يسلمه إليهم. ففرحوا وعاهدوه أن يعطوه فضة. فواعدهم وكان يطلب فرصة ليسلمه إليهم خلوا من جمع.""
لوقا,23,1,"( لو23:1-25)
لوقا,23,2,"( لو23:1-25)
لوقا,23,3,"( لو23:1-25)
لوقا,23,4,"( لو23:1-25)
لوقا,23,5,"( لو23:1-25)
لوقا,23,6,"( لو23:1-25)
لوقا,23,7,"( لو23:1-25)
لوقا,23,8,"( لو23:1-25)
لوقا,23,9,"( لو23:1-25)
لوقا,23,10,"( لو23:1-25)
لوقا,23,11,"( لو23:1-25)
لوقا,23,12,"( لو23:1-25)
لوقا,23,13,"( لو23:1-25)
لوقا,23,14,"( لو23:1-25)
لوقا,23,15,"( لو23:1-25)
لوقا,23,16,"( لو23:1-25)
لوقا,23,17,"( لو23:1-25)
لوقا,23,18,"( لو23:1-25)
لوقا,23,19,"( لو23:1-25)
لوقا,23,20,"( لو23:1-25)
لوقا,23,21,"( لو23:1-25)
لوقا,23,22,"( لو23:1-25)
لوقا,23,23,"( لو23:1-25)
لوقا,23,24,"( لو23:1-25)
لوقا,23,25,"( لو23:1-25)
لوقا,23,26,"( لو23:1-25)
لوقا,23,27,"( لو23:1-25)
لوقا,23,28,"( لو23:1-25)
لوقا,23,29,"( لو23:1-25)
لوقا,23,30,"( لو23:1-25)
لوقا,23,31,"( لو23:1-25)
لوقا,23,32,"( لو23:1-25)
لوقا,23,33,"( لو23:1-25)
لوقا,23,34,"( لو23:1-25)
لوقا,23,35,"( لو23:1-25)
لوقا,23,36,"( لو23:1-25)
لوقا,23,37,"( لو23:1-25)
لوقا,23,38,"( لو23:1-25)
لوقا,23,39,"( لو23:1-25)
لوقا,23,40,"( لو23:1-25)
لوقا,23,41,"( لو23:1-25)
لوقا,23,42,"( لو23:1-25)
لوقا,23,43,"( لو23:1-25)
لوقا,23,44,"( لو23:1-25)
لوقا,23,45,"( لو23:1-25)
لوقا,23,46,"( لو23:1-25)
لوقا,23,47,"( لو23:1-25)
لوقا,23,48,"( لو23:1-25)
لوقا,23,49,"( لو23:1-25)
لوقا,23,50,"( لو23:1-25)
لوقا,23,51,"( لو23:1-25)
لوقا,23,52,"( لو23:1-25)
لوقا,23,53,"( لو23:1-25)
لوقا,23,54,"( لو23:1-25)
لوقا,23,55,"( لو23:1-25)
لوقا,23,56,"( لو23:1-25)
لوقا,23,57,"( لو23:1-25)
لوقا,23,58,"( لو23:1-25)
لوقا,23,59,"( لو23:1-25)
لوقا,23,60,"( لو23:1-25)
لوقا,23,61,"( لو23:1-25)
لوقا,23,62,"( لو23:1-25)
لوقا,23,63,"( لو23:1-25)
لوقا,23,64,"( لو23:1-25)
لوقا,23,65,"( لو23:1-25)
لوقا,23,66,"( لو23:1-25)
لوقا,23,67,"( لو23:1-25)
لوقا,23,68,"( لو23:1-25)
لوقا,23,69,"( لو23:1-25)
لوقا,23,70,"( لو23:1-25)
لوقا,23,71,"( لو23:1-25)
لوقا,23,72,"( لو23:1-25)
لوقا,23,73,"( لو23:1-25)
لوقا,23,74,"( لو23:1-25)
لوقا,23,75,"( لو23:1-25)
لوقا,23,76,"( لو23:1-25)
لوقا,23,77,"( لو23:1-25)
لوقا,23,78,"( لو23:1-25)
لوقا,23,79,"( لو23:1-25)
لوقا,23,80,"( لو23:1-25)
لوقا,23,81,"( لو23:1-25)
لوقا,23,82,"( لو23:1-25)
لوقا,23,83,"( لو23:1-25)
لوقا,23,84,"( لو23:1-25)
لوقا,23,85,"( لو23:1-25)
لوقا,23,86,"( لو23:1-25)
لوقا,23,87,"( لو23:1-25)
لوقا,23,88,"( لو23:1-25)
لوقا,23,89,"( لو23:1-25)
لوقا,23,90,"( لو23:1-25)
لوقا,23,91,"( لو23:1-25)
لوقا,23,92,"( لو23:1-25)
لوقا,23,93,"( لو23:1-25)
لوقا,23,94,"( لو23:1-25)
لوقا,23,95,"( لو23:1-25)
لوقا,23,96,"( لو23:1-25)
لوقا,23,97,"( لو23:1-25)
لوقا,23,98,"( لو23:1-25)
لوقا,23,99,"( لو23:1-25)
لوقا,24,1,"بعض تأملات في إنجيل لوقا لشرح المواقف
لوقا,24,2,"بعض تأملات في إنجيل لوقا لشرح المواقف
لوقا,24,3,"بعض تأملات في إنجيل لوقا لشرح المواقف
لوقا,24,4,"بعض تأملات في إنجيل لوقا لشرح المواقف
لوقا,24,5,"بعض تأملات في إنجيل لوقا لشرح المواقف
لوقا,24,6,"بعض تأملات في إنجيل لوقا لشرح المواقف
لوقا,24,7,"بعض تأملات في إنجيل لوقا لشرح المواقف
لوقا,24,8,"بعض تأملات في إنجيل لوقا لشرح المواقف
لوقا,24,9,"بعض تأملات في إنجيل لوقا لشرح المواقف
لوقا,24,10,"بعض تأملات في إنجيل لوقا لشرح المواقف
لوقا,24,11,"بعض تأملات في إنجيل لوقا لشرح المواقف
لوقا,24,12,"بعض تأملات في إنجيل لوقا لشرح المواقف
لوقا,24,13,"بعض تأملات في إنجيل لوقا لشرح المواقف
لوقا,24,14,"بعض تأملات في إنجيل لوقا لشرح المواقف
لوقا,24,15,"بعض تأملات في إنجيل لوقا لشرح المواقف
لوقا,24,16,"بعض تأملات في إنجيل لوقا لشرح المواقف
لوقا,24,17,"بعض تأملات في إنجيل لوقا لشرح المواقف
لوقا,24,18,"بعض تأملات في إنجيل لوقا لشرح المواقف
لوقا,24,19,"بعض تأملات في إنجيل لوقا لشرح المواقف
لوقا,24,20,"بعض تأملات في إنجيل لوقا لشرح المواقف
لوقا,24,21,"بعض تأملات في إنجيل لوقا لشرح المواقف
لوقا,24,22,"بعض تأملات في إنجيل لوقا لشرح المواقف
لوقا,24,23,"بعض تأملات في إنجيل لوقا لشرح المواقف
لوقا,24,24,"بعض تأملات في إنجيل لوقا لشرح المواقف
لوقا,24,25,"بعض تأملات في إنجيل لوقا لشرح المواقف
لوقا,24,26,"بعض تأملات في إنجيل لوقا لشرح المواقف
لوقا,24,27,"بعض تأملات في إنجيل لوقا لشرح المواقف
لوقا,24,28,"بعض تأملات في إنجيل لوقا لشرح المواقف
لوقا,24,29,"بعض تأملات في إنجيل لوقا لشرح المواقف
لوقا,24,30,"بعض تأملات في إنجيل لوقا لشرح المواقف
لوقا,24,31,"بعض تأملات في إنجيل لوقا لشرح المواقف
لوقا,24,32,"بعض تأملات في إنجيل لوقا لشرح المواقف
لوقا,24,33,"بعض تأملات في إنجيل لوقا لشرح المواقف
لوقا,24,34,"بعض تأملات في إنجيل لوقا لشرح المواقف
لوقا,24,35,"بعض تأملات في إنجيل لوقا لشرح المواقف
لوقا,24,36,"بعض تأملات في إنجيل لوقا لشرح المواقف
لوقا,24,37,"بعض تأملات في إنجيل لوقا لشرح المواقف
لوقا,24,38,"بعض تأملات في إنجيل لوقا لشرح المواقف
لوقا,24,39,"بعض تأملات في إنجيل لوقا لشرح المواقف
لوقا,24,40,"بعض تأملات في إنجيل لوقا لشرح المواقف
لوقا,24,41,"بعض تأملات في إنجيل لوقا لشرح المواقف
لوقا,24,42,"بعض تأملات في إنجيل لوقا لشرح المواقف
لوقا,24,43,"بعض تأملات في إنجيل لوقا لشرح المواقف
لوقا,24,44,"بعض تأملات في إنجيل لوقا لشرح المواقف
لوقا,24,45,"بعض تأملات في إنجيل لوقا لشرح المواقف
لوقا,24,46,"بعض تأملات في إنجيل لوقا لشرح المواقف
لوقا,24,47,"بعض تأملات في إنجيل لوقا لشرح المواقف
لوقا,24,48,"بعض تأملات في إنجيل لوقا لشرح المواقف
لوقا,24,49,"بعض تأملات في إنجيل لوقا لشرح المواقف
لوقا,24,50,"بعض تأملات في إنجيل لوقا لشرح المواقف
لوقا,24,51,"بعض تأملات في إنجيل لوقا لشرح المواقف
لوقا,24,52,"بعض تأملات في إنجيل لوقا لشرح المواقف
لوقا,24,53,"بعض تأملات في إنجيل لوقا لشرح المواقف
لوقا,24,54,"بعض تأملات في إنجيل لوقا لشرح المواقف
لوقا,24,55,"بعض تأملات في إنجيل لوقا لشرح المواقف
لوقا,24,56,"بعض تأملات في إنجيل لوقا لشرح المواقف
لوقا,24,57,"بعض تأملات في إنجيل لوقا لشرح المواقف
لوقا,24,58,"بعض تأملات في إنجيل لوقا لشرح المواقف
لوقا,24,59,"بعض تأملات في إنجيل لوقا لشرح المواقف
لوقا,24,60,"بعض تأملات في إنجيل لوقا لشرح المواقف
لوقا,24,61,"بعض تأملات في إنجيل لوقا لشرح المواقف
لوقا,24,62,"بعض تأملات في إنجيل لوقا لشرح المواقف
لوقا,24,63,"بعض تأملات في إنجيل لوقا لشرح المواقف
لوقا,24,64,"بعض تأملات في إنجيل لوقا لشرح المواقف
لوقا,24,65,"بعض تأملات في إنجيل لوقا لشرح المواقف
لوقا,24,66,"بعض تأملات في إنجيل لوقا لشرح المواقف
لوقا,24,67,"بعض تأملات في إنجيل لوقا لشرح المواقف
لوقا,24,68,"بعض تأملات في إنجيل لوقا لشرح المواقف
لوقا,24,69,"بعض تأملات في إنجيل لوقا لشرح المواقف
لوقا,24,70,"بعض تأملات في إنجيل لوقا لشرح المواقف
لوقا,24,71,"بعض تأملات في إنجيل لوقا لشرح المواقف
لوقا,24,72,"بعض تأملات في إنجيل لوقا لشرح المواقف
لوقا,24,73,"بعض تأملات في إنجيل لوقا لشرح المواقف
لوقا,24,74,"بعض تأملات في إنجيل لوقا لشرح المواقف
لوقا,24,75,"بعض تأملات في إنجيل لوقا لشرح المواقف
لوقا,24,76,"بعض تأملات في إنجيل لوقا لشرح المواقف
لوقا,24,77,"بعض تأملات في إنجيل لوقا لشرح المواقف
لوقا,24,78,"بعض تأملات في إنجيل لوقا لشرح المواقف
لوقا,24,79,"بعض تأملات في إنجيل لوقا لشرح المواقف
لوقا,24,80,"بعض تأملات في إنجيل لوقا لشرح المواقف
لوقا,24,81,"بعض تأملات في إنجيل لوقا لشرح المواقف
لوقا,24,82,"بعض تأملات في إنجيل لوقا لشرح المواقف
لوقا,24,83,"بعض تأملات في إنجيل لوقا لشرح المواقف
لوقا,24,84,"بعض تأملات في إنجيل لوقا لشرح المواقف
لوقا,24,85,"بعض تأملات في إنجيل لوقا لشرح المواقف
لوقا,24,86,"بعض تأملات في إنجيل لوقا لشرح المواقف
لوقا,24,87,"بعض تأملات في إنجيل لوقا لشرح المواقف
لوقا,24,88,"بعض تأملات في إنجيل لوقا لشرح المواقف
لوقا,24,89,"بعض تأملات في إنجيل لوقا لشرح المواقف
لوقا,24,90,"بعض تأملات في إنجيل لوقا لشرح المواقف
لوقا,24,91,"بعض تأملات في إنجيل لوقا لشرح المواقف
لوقا,24,92,"بعض تأملات في إنجيل لوقا لشرح المواقف
لوقا,24,93,"بعض تأملات في إنجيل لوقا لشرح المواقف
لوقا,24,94,"بعض تأملات في إنجيل لوقا لشرح المواقف
لوقا,24,95,"بعض تأملات في إنجيل لوقا لشرح المواقف
لوقا,24,96,"بعض تأملات في إنجيل لوقا لشرح المواقف
لوقا,24,97,"بعض تأملات في إنجيل لوقا لشرح المواقف
لوقا,24,98,"بعض تأملات في إنجيل لوقا لشرح المواقف
لوقا,24,99,"بعض تأملات في إنجيل لوقا لشرح المواقف