book,chapter,verse,tafsir
متى,1,2,"دراسة في سلسلة أنساب السيد المسيح
متى,1,3,"دراسة في سلسلة أنساب السيد المسيح
متى,1,4,"دراسة في سلسلة أنساب السيد المسيح
متى,1,5,"دراسة في سلسلة أنساب السيد المسيح
متى,1,6,"دراسة في سلسلة أنساب السيد المسيح
متى,1,7,"دراسة في سلسلة أنساب السيد المسيح
متى,1,8,"دراسة في سلسلة أنساب السيد المسيح
متى,1,9,"دراسة في سلسلة أنساب السيد المسيح
متى,1,10,"دراسة في سلسلة أنساب السيد المسيح
متى,1,11,"دراسة في سلسلة أنساب السيد المسيح
متى,1,12,"دراسة في سلسلة أنساب السيد المسيح
متى,1,13,"دراسة في سلسلة أنساب السيد المسيح
متى,1,14,"دراسة في سلسلة أنساب السيد المسيح
متى,1,15,"دراسة في سلسلة أنساب السيد المسيح
متى,1,16,"دراسة في سلسلة أنساب السيد المسيح
متى,1,17,"دراسة في سلسلة أنساب السيد المسيح
متى,1,18,"دراسة في سلسلة أنساب السيد المسيح
متى,1,19,"دراسة في سلسلة أنساب السيد المسيح
متى,1,20,"دراسة في سلسلة أنساب السيد المسيح
متى,1,21,"دراسة في سلسلة أنساب السيد المسيح
متى,1,22,"دراسة في سلسلة أنساب السيد المسيح
متى,1,23,"دراسة في سلسلة أنساب السيد المسيح
متى,1,24,"دراسة في سلسلة أنساب السيد المسيح
متى,1,25,"دراسة في سلسلة أنساب السيد المسيح
متى,1,26,"دراسة في سلسلة أنساب السيد المسيح
متى,1,27,"دراسة في سلسلة أنساب السيد المسيح
متى,1,28,"دراسة في سلسلة أنساب السيد المسيح
متى,1,29,"دراسة في سلسلة أنساب السيد المسيح
متى,1,30,"دراسة في سلسلة أنساب السيد المسيح
متى,1,31,"دراسة في سلسلة أنساب السيد المسيح
متى,1,32,"دراسة في سلسلة أنساب السيد المسيح
متى,1,33,"دراسة في سلسلة أنساب السيد المسيح
متى,1,34,"دراسة في سلسلة أنساب السيد المسيح
متى,1,35,"دراسة في سلسلة أنساب السيد المسيح
متى,1,36,"دراسة في سلسلة أنساب السيد المسيح
متى,1,37,"دراسة في سلسلة أنساب السيد المسيح
متى,1,38,"دراسة في سلسلة أنساب السيد المسيح
متى,1,39,"دراسة في سلسلة أنساب السيد المسيح
متى,1,40,"دراسة في سلسلة أنساب السيد المسيح
متى,1,41,"دراسة في سلسلة أنساب السيد المسيح
متى,1,42,"دراسة في سلسلة أنساب السيد المسيح
متى,1,43,"دراسة في سلسلة أنساب السيد المسيح
متى,1,44,"دراسة في سلسلة أنساب السيد المسيح
متى,1,45,"دراسة في سلسلة أنساب السيد المسيح
متى,1,46,"دراسة في سلسلة أنساب السيد المسيح
متى,1,47,"دراسة في سلسلة أنساب السيد المسيح
متى,1,48,"دراسة في سلسلة أنساب السيد المسيح
متى,1,49,"دراسة في سلسلة أنساب السيد المسيح
متى,1,50,"دراسة في سلسلة أنساب السيد المسيح
متى,1,51,"دراسة في سلسلة أنساب السيد المسيح
متى,1,52,"دراسة في سلسلة أنساب السيد المسيح
متى,1,53,"دراسة في سلسلة أنساب السيد المسيح
متى,1,54,"دراسة في سلسلة أنساب السيد المسيح
متى,1,55,"دراسة في سلسلة أنساب السيد المسيح
متى,1,56,"دراسة في سلسلة أنساب السيد المسيح
متى,1,57,"دراسة في سلسلة أنساب السيد المسيح
متى,1,58,"دراسة في سلسلة أنساب السيد المسيح
متى,1,59,"دراسة في سلسلة أنساب السيد المسيح
متى,1,60,"دراسة في سلسلة أنساب السيد المسيح
متى,1,61,"دراسة في سلسلة أنساب السيد المسيح
متى,1,62,"دراسة في سلسلة أنساب السيد المسيح
متى,1,63,"دراسة في سلسلة أنساب السيد المسيح
متى,1,64,"دراسة في سلسلة أنساب السيد المسيح
متى,1,65,"دراسة في سلسلة أنساب السيد المسيح
متى,1,66,"دراسة في سلسلة أنساب السيد المسيح
متى,1,67,"دراسة في سلسلة أنساب السيد المسيح
متى,1,68,"دراسة في سلسلة أنساب السيد المسيح
متى,1,69,"دراسة في سلسلة أنساب السيد المسيح
متى,1,70,"دراسة في سلسلة أنساب السيد المسيح
متى,1,71,"دراسة في سلسلة أنساب السيد المسيح
متى,1,72,"دراسة في سلسلة أنساب السيد المسيح
متى,1,73,"دراسة في سلسلة أنساب السيد المسيح
متى,1,74,"دراسة في سلسلة أنساب السيد المسيح
متى,1,75,"دراسة في سلسلة أنساب السيد المسيح
متى,1,76,"دراسة في سلسلة أنساب السيد المسيح
متى,1,77,"دراسة في سلسلة أنساب السيد المسيح
متى,1,78,"دراسة في سلسلة أنساب السيد المسيح
متى,1,79,"دراسة في سلسلة أنساب السيد المسيح
متى,1,80,"دراسة في سلسلة أنساب السيد المسيح
متى,1,81,"دراسة في سلسلة أنساب السيد المسيح
متى,1,82,"دراسة في سلسلة أنساب السيد المسيح
متى,1,83,"دراسة في سلسلة أنساب السيد المسيح
متى,1,84,"دراسة في سلسلة أنساب السيد المسيح
متى,1,85,"دراسة في سلسلة أنساب السيد المسيح
متى,1,86,"دراسة في سلسلة أنساب السيد المسيح
متى,1,87,"دراسة في سلسلة أنساب السيد المسيح
متى,1,88,"دراسة في سلسلة أنساب السيد المسيح
متى,1,89,"دراسة في سلسلة أنساب السيد المسيح
متى,1,90,"دراسة في سلسلة أنساب السيد المسيح
متى,1,91,"دراسة في سلسلة أنساب السيد المسيح
متى,1,92,"دراسة في سلسلة أنساب السيد المسيح
متى,1,93,"دراسة في سلسلة أنساب السيد المسيح
متى,1,94,"دراسة في سلسلة أنساب السيد المسيح
متى,1,95,"دراسة في سلسلة أنساب السيد المسيح
متى,1,96,"دراسة في سلسلة أنساب السيد المسيح
متى,1,97,"دراسة في سلسلة أنساب السيد المسيح
متى,1,98,"دراسة في سلسلة أنساب السيد المسيح
متى,1,99,"دراسة في سلسلة أنساب السيد المسيح
متى,1,1,"مقدمة إنجيل متى
متى,2,1,"ملك هيرودس الكبير على كل اليهودية سنة 37ق.م. ودخل القدس بمعونة الرومان. وكانت أمه وأبيه أدوميين. وكان الأدوميون قد رضخوا بالقوة للمذهب اليهودي سنة 125ق.م. فلم يكن هيرودس يهودي الأصل. وقد تزوج هيرودوس عشر نساء وكان له أبناء كثيرين. واشتد التنافس فيما بينهم على وراثة العرش. وكان القصر مسرح عشرات المؤامرات والفتن. واشتركت زوجات الملك وأقاربهن في تلك المؤامرات. هذا عدا المؤامرات التي كان يحيكها هيرودس ضد أعدائه من اليهود والرومان فقد كان هيرودس الكبير قاسي القلب\'a1 عديم الشفقة يسعى وراء مصلحته مهما كانت الخسائر واشتهـر بكثـرة الحيل ولم ينتبه إلى صراخ المظلومين. وقتل عدة زوجات وأبناء وأقارب خوفاً من مؤامراتهم. ولكنه بني أماكن كثيرة أشهرها مدينة قيصرية وسماها هكذا تكريماً لأوغسطس قيصر\'a1 ورمم مدينة السامرة بعد ان تهدمت وأسماها سباسطيا (سيباستوس هو الاسم اليوناني لاسم أغسطس اللاتيني) أي مدينة أغسطس. وبدأ في ترميم الهيكل في القدس. ومن وحشيته أنه قتل ابنيه الإسكندر وأرسطوبولس\'a1 وقبل موته بخمسة أيام قتل ابنه انتيباتر وفيما هو يسلم أنفاسه الأخيرة أمر بقتل جميع عظماء أورشليم حتى يعم الحزن المدينة ولا يجد الملك الجديد مجالاً للبهجة\'a1 لكنه مات قبل أن تتحقق أمنيته الأخيرة. وهو الذي أمر بقتل أطفال بيت لحم حتى لا ينافسه مولود بيت لحم الملك. فقد ولد المسيح في أواخر أيام هذا الطاغية. ولقد مات هيرودس الكبير بعد قتل أطفال بيت لحم بثلاثة شهور بعد أن اشتدت شراهته في الفترة الأخيرة لأكل اللحم وأصيب بداء النقرس والاستسقاء\'a1 وتصاعدت منه رائحة كريهة جداً حتى لم يقدر أحد أن يقترب إليه. وبعد موته اقتسم أبناءه مملكته حسب ما سبق.
متى,2,2,"ملك هيرودس الكبير على كل اليهودية سنة 37ق.م. ودخل القدس بمعونة الرومان. وكانت أمه وأبيه أدوميين. وكان الأدوميون قد رضخوا بالقوة للمذهب اليهودي سنة 125ق.م. فلم يكن هيرودس يهودي الأصل. وقد تزوج هيرودوس عشر نساء وكان له أبناء كثيرين. واشتد التنافس فيما بينهم على وراثة العرش. وكان القصر مسرح عشرات المؤامرات والفتن. واشتركت زوجات الملك وأقاربهن في تلك المؤامرات. هذا عدا المؤامرات التي كان يحيكها هيرودس ضد أعدائه من اليهود والرومان فقد كان هيرودس الكبير قاسي القلب\'a1 عديم الشفقة يسعى وراء مصلحته مهما كانت الخسائر واشتهـر بكثـرة الحيل ولم ينتبه إلى صراخ المظلومين. وقتل عدة زوجات وأبناء وأقارب خوفاً من مؤامراتهم. ولكنه بني أماكن كثيرة أشهرها مدينة قيصرية وسماها هكذا تكريماً لأوغسطس قيصر\'a1 ورمم مدينة السامرة بعد ان تهدمت وأسماها سباسطيا (سيباستوس هو الاسم اليوناني لاسم أغسطس اللاتيني) أي مدينة أغسطس. وبدأ في ترميم الهيكل في القدس. ومن وحشيته أنه قتل ابنيه الإسكندر وأرسطوبولس\'a1 وقبل موته بخمسة أيام قتل ابنه انتيباتر وفيما هو يسلم أنفاسه الأخيرة أمر بقتل جميع عظماء أورشليم حتى يعم الحزن المدينة ولا يجد الملك الجديد مجالاً للبهجة\'a1 لكنه مات قبل أن تتحقق أمنيته الأخيرة. وهو الذي أمر بقتل أطفال بيت لحم حتى لا ينافسه مولود بيت لحم الملك. فقد ولد المسيح في أواخر أيام هذا الطاغية. ولقد مات هيرودس الكبير بعد قتل أطفال بيت لحم بثلاثة شهور بعد أن اشتدت شراهته في الفترة الأخيرة لأكل اللحم وأصيب بداء النقرس والاستسقاء\'a1 وتصاعدت منه رائحة كريهة جداً حتى لم يقدر أحد أن يقترب إليه. وبعد موته اقتسم أبناءه مملكته حسب ما سبق.
متى,2,3,"ملك هيرودس الكبير على كل اليهودية سنة 37ق.م. ودخل القدس بمعونة الرومان. وكانت أمه وأبيه أدوميين. وكان الأدوميون قد رضخوا بالقوة للمذهب اليهودي سنة 125ق.م. فلم يكن هيرودس يهودي الأصل. وقد تزوج هيرودوس عشر نساء وكان له أبناء كثيرين. واشتد التنافس فيما بينهم على وراثة العرش. وكان القصر مسرح عشرات المؤامرات والفتن. واشتركت زوجات الملك وأقاربهن في تلك المؤامرات. هذا عدا المؤامرات التي كان يحيكها هيرودس ضد أعدائه من اليهود والرومان فقد كان هيرودس الكبير قاسي القلب\'a1 عديم الشفقة يسعى وراء مصلحته مهما كانت الخسائر واشتهـر بكثـرة الحيل ولم ينتبه إلى صراخ المظلومين. وقتل عدة زوجات وأبناء وأقارب خوفاً من مؤامراتهم. ولكنه بني أماكن كثيرة أشهرها مدينة قيصرية وسماها هكذا تكريماً لأوغسطس قيصر\'a1 ورمم مدينة السامرة بعد ان تهدمت وأسماها سباسطيا (سيباستوس هو الاسم اليوناني لاسم أغسطس اللاتيني) أي مدينة أغسطس. وبدأ في ترميم الهيكل في القدس. ومن وحشيته أنه قتل ابنيه الإسكندر وأرسطوبولس\'a1 وقبل موته بخمسة أيام قتل ابنه انتيباتر وفيما هو يسلم أنفاسه الأخيرة أمر بقتل جميع عظماء أورشليم حتى يعم الحزن المدينة ولا يجد الملك الجديد مجالاً للبهجة\'a1 لكنه مات قبل أن تتحقق أمنيته الأخيرة. وهو الذي أمر بقتل أطفال بيت لحم حتى لا ينافسه مولود بيت لحم الملك. فقد ولد المسيح في أواخر أيام هذا الطاغية. ولقد مات هيرودس الكبير بعد قتل أطفال بيت لحم بثلاثة شهور بعد أن اشتدت شراهته في الفترة الأخيرة لأكل اللحم وأصيب بداء النقرس والاستسقاء\'a1 وتصاعدت منه رائحة كريهة جداً حتى لم يقدر أحد أن يقترب إليه. وبعد موته اقتسم أبناءه مملكته حسب ما سبق.
متى,2,4,"ملك هيرودس الكبير على كل اليهودية سنة 37ق.م. ودخل القدس بمعونة الرومان. وكانت أمه وأبيه أدوميين. وكان الأدوميون قد رضخوا بالقوة للمذهب اليهودي سنة 125ق.م. فلم يكن هيرودس يهودي الأصل. وقد تزوج هيرودوس عشر نساء وكان له أبناء كثيرين. واشتد التنافس فيما بينهم على وراثة العرش. وكان القصر مسرح عشرات المؤامرات والفتن. واشتركت زوجات الملك وأقاربهن في تلك المؤامرات. هذا عدا المؤامرات التي كان يحيكها هيرودس ضد أعدائه من اليهود والرومان فقد كان هيرودس الكبير قاسي القلب\'a1 عديم الشفقة يسعى وراء مصلحته مهما كانت الخسائر واشتهـر بكثـرة الحيل ولم ينتبه إلى صراخ المظلومين. وقتل عدة زوجات وأبناء وأقارب خوفاً من مؤامراتهم. ولكنه بني أماكن كثيرة أشهرها مدينة قيصرية وسماها هكذا تكريماً لأوغسطس قيصر\'a1 ورمم مدينة السامرة بعد ان تهدمت وأسماها سباسطيا (سيباستوس هو الاسم اليوناني لاسم أغسطس اللاتيني) أي مدينة أغسطس. وبدأ في ترميم الهيكل في القدس. ومن وحشيته أنه قتل ابنيه الإسكندر وأرسطوبولس\'a1 وقبل موته بخمسة أيام قتل ابنه انتيباتر وفيما هو يسلم أنفاسه الأخيرة أمر بقتل جميع عظماء أورشليم حتى يعم الحزن المدينة ولا يجد الملك الجديد مجالاً للبهجة\'a1 لكنه مات قبل أن تتحقق أمنيته الأخيرة. وهو الذي أمر بقتل أطفال بيت لحم حتى لا ينافسه مولود بيت لحم الملك. فقد ولد المسيح في أواخر أيام هذا الطاغية. ولقد مات هيرودس الكبير بعد قتل أطفال بيت لحم بثلاثة شهور بعد أن اشتدت شراهته في الفترة الأخيرة لأكل اللحم وأصيب بداء النقرس والاستسقاء\'a1 وتصاعدت منه رائحة كريهة جداً حتى لم يقدر أحد أن يقترب إليه. وبعد موته اقتسم أبناءه مملكته حسب ما سبق.
متى,2,5,"ملك هيرودس الكبير على كل اليهودية سنة 37ق.م. ودخل القدس بمعونة الرومان. وكانت أمه وأبيه أدوميين. وكان الأدوميون قد رضخوا بالقوة للمذهب اليهودي سنة 125ق.م. فلم يكن هيرودس يهودي الأصل. وقد تزوج هيرودوس عشر نساء وكان له أبناء كثيرين. واشتد التنافس فيما بينهم على وراثة العرش. وكان القصر مسرح عشرات المؤامرات والفتن. واشتركت زوجات الملك وأقاربهن في تلك المؤامرات. هذا عدا المؤامرات التي كان يحيكها هيرودس ضد أعدائه من اليهود والرومان فقد كان هيرودس الكبير قاسي القلب\'a1 عديم الشفقة يسعى وراء مصلحته مهما كانت الخسائر واشتهـر بكثـرة الحيل ولم ينتبه إلى صراخ المظلومين. وقتل عدة زوجات وأبناء وأقارب خوفاً من مؤامراتهم. ولكنه بني أماكن كثيرة أشهرها مدينة قيصرية وسماها هكذا تكريماً لأوغسطس قيصر\'a1 ورمم مدينة السامرة بعد ان تهدمت وأسماها سباسطيا (سيباستوس هو الاسم اليوناني لاسم أغسطس اللاتيني) أي مدينة أغسطس. وبدأ في ترميم الهيكل في القدس. ومن وحشيته أنه قتل ابنيه الإسكندر وأرسطوبولس\'a1 وقبل موته بخمسة أيام قتل ابنه انتيباتر وفيما هو يسلم أنفاسه الأخيرة أمر بقتل جميع عظماء أورشليم حتى يعم الحزن المدينة ولا يجد الملك الجديد مجالاً للبهجة\'a1 لكنه مات قبل أن تتحقق أمنيته الأخيرة. وهو الذي أمر بقتل أطفال بيت لحم حتى لا ينافسه مولود بيت لحم الملك. فقد ولد المسيح في أواخر أيام هذا الطاغية. ولقد مات هيرودس الكبير بعد قتل أطفال بيت لحم بثلاثة شهور بعد أن اشتدت شراهته في الفترة الأخيرة لأكل اللحم وأصيب بداء النقرس والاستسقاء\'a1 وتصاعدت منه رائحة كريهة جداً حتى لم يقدر أحد أن يقترب إليه. وبعد موته اقتسم أبناءه مملكته حسب ما سبق.
متى,2,6,"ملك هيرودس الكبير على كل اليهودية سنة 37ق.م. ودخل القدس بمعونة الرومان. وكانت أمه وأبيه أدوميين. وكان الأدوميون قد رضخوا بالقوة للمذهب اليهودي سنة 125ق.م. فلم يكن هيرودس يهودي الأصل. وقد تزوج هيرودوس عشر نساء وكان له أبناء كثيرين. واشتد التنافس فيما بينهم على وراثة العرش. وكان القصر مسرح عشرات المؤامرات والفتن. واشتركت زوجات الملك وأقاربهن في تلك المؤامرات. هذا عدا المؤامرات التي كان يحيكها هيرودس ضد أعدائه من اليهود والرومان فقد كان هيرودس الكبير قاسي القلب\'a1 عديم الشفقة يسعى وراء مصلحته مهما كانت الخسائر واشتهـر بكثـرة الحيل ولم ينتبه إلى صراخ المظلومين. وقتل عدة زوجات وأبناء وأقارب خوفاً من مؤامراتهم. ولكنه بني أماكن كثيرة أشهرها مدينة قيصرية وسماها هكذا تكريماً لأوغسطس قيصر\'a1 ورمم مدينة السامرة بعد ان تهدمت وأسماها سباسطيا (سيباستوس هو الاسم اليوناني لاسم أغسطس اللاتيني) أي مدينة أغسطس. وبدأ في ترميم الهيكل في القدس. ومن وحشيته أنه قتل ابنيه الإسكندر وأرسطوبولس\'a1 وقبل موته بخمسة أيام قتل ابنه انتيباتر وفيما هو يسلم أنفاسه الأخيرة أمر بقتل جميع عظماء أورشليم حتى يعم الحزن المدينة ولا يجد الملك الجديد مجالاً للبهجة\'a1 لكنه مات قبل أن تتحقق أمنيته الأخيرة. وهو الذي أمر بقتل أطفال بيت لحم حتى لا ينافسه مولود بيت لحم الملك. فقد ولد المسيح في أواخر أيام هذا الطاغية. ولقد مات هيرودس الكبير بعد قتل أطفال بيت لحم بثلاثة شهور بعد أن اشتدت شراهته في الفترة الأخيرة لأكل اللحم وأصيب بداء النقرس والاستسقاء\'a1 وتصاعدت منه رائحة كريهة جداً حتى لم يقدر أحد أن يقترب إليه. وبعد موته اقتسم أبناءه مملكته حسب ما سبق.
متى,2,7,"ملك هيرودس الكبير على كل اليهودية سنة 37ق.م. ودخل القدس بمعونة الرومان. وكانت أمه وأبيه أدوميين. وكان الأدوميون قد رضخوا بالقوة للمذهب اليهودي سنة 125ق.م. فلم يكن هيرودس يهودي الأصل. وقد تزوج هيرودوس عشر نساء وكان له أبناء كثيرين. واشتد التنافس فيما بينهم على وراثة العرش. وكان القصر مسرح عشرات المؤامرات والفتن. واشتركت زوجات الملك وأقاربهن في تلك المؤامرات. هذا عدا المؤامرات التي كان يحيكها هيرودس ضد أعدائه من اليهود والرومان فقد كان هيرودس الكبير قاسي القلب\'a1 عديم الشفقة يسعى وراء مصلحته مهما كانت الخسائر واشتهـر بكثـرة الحيل ولم ينتبه إلى صراخ المظلومين. وقتل عدة زوجات وأبناء وأقارب خوفاً من مؤامراتهم. ولكنه بني أماكن كثيرة أشهرها مدينة قيصرية وسماها هكذا تكريماً لأوغسطس قيصر\'a1 ورمم مدينة السامرة بعد ان تهدمت وأسماها سباسطيا (سيباستوس هو الاسم اليوناني لاسم أغسطس اللاتيني) أي مدينة أغسطس. وبدأ في ترميم الهيكل في القدس. ومن وحشيته أنه قتل ابنيه الإسكندر وأرسطوبولس\'a1 وقبل موته بخمسة أيام قتل ابنه انتيباتر وفيما هو يسلم أنفاسه الأخيرة أمر بقتل جميع عظماء أورشليم حتى يعم الحزن المدينة ولا يجد الملك الجديد مجالاً للبهجة\'a1 لكنه مات قبل أن تتحقق أمنيته الأخيرة. وهو الذي أمر بقتل أطفال بيت لحم حتى لا ينافسه مولود بيت لحم الملك. فقد ولد المسيح في أواخر أيام هذا الطاغية. ولقد مات هيرودس الكبير بعد قتل أطفال بيت لحم بثلاثة شهور بعد أن اشتدت شراهته في الفترة الأخيرة لأكل اللحم وأصيب بداء النقرس والاستسقاء\'a1 وتصاعدت منه رائحة كريهة جداً حتى لم يقدر أحد أن يقترب إليه. وبعد موته اقتسم أبناءه مملكته حسب ما سبق.
متى,2,8,"ملك هيرودس الكبير على كل اليهودية سنة 37ق.م. ودخل القدس بمعونة الرومان. وكانت أمه وأبيه أدوميين. وكان الأدوميون قد رضخوا بالقوة للمذهب اليهودي سنة 125ق.م. فلم يكن هيرودس يهودي الأصل. وقد تزوج هيرودوس عشر نساء وكان له أبناء كثيرين. واشتد التنافس فيما بينهم على وراثة العرش. وكان القصر مسرح عشرات المؤامرات والفتن. واشتركت زوجات الملك وأقاربهن في تلك المؤامرات. هذا عدا المؤامرات التي كان يحيكها هيرودس ضد أعدائه من اليهود والرومان فقد كان هيرودس الكبير قاسي القلب\'a1 عديم الشفقة يسعى وراء مصلحته مهما كانت الخسائر واشتهـر بكثـرة الحيل ولم ينتبه إلى صراخ المظلومين. وقتل عدة زوجات وأبناء وأقارب خوفاً من مؤامراتهم. ولكنه بني أماكن كثيرة أشهرها مدينة قيصرية وسماها هكذا تكريماً لأوغسطس قيصر\'a1 ورمم مدينة السامرة بعد ان تهدمت وأسماها سباسطيا (سيباستوس هو الاسم اليوناني لاسم أغسطس اللاتيني) أي مدينة أغسطس. وبدأ في ترميم الهيكل في القدس. ومن وحشيته أنه قتل ابنيه الإسكندر وأرسطوبولس\'a1 وقبل موته بخمسة أيام قتل ابنه انتيباتر وفيما هو يسلم أنفاسه الأخيرة أمر بقتل جميع عظماء أورشليم حتى يعم الحزن المدينة ولا يجد الملك الجديد مجالاً للبهجة\'a1 لكنه مات قبل أن تتحقق أمنيته الأخيرة. وهو الذي أمر بقتل أطفال بيت لحم حتى لا ينافسه مولود بيت لحم الملك. فقد ولد المسيح في أواخر أيام هذا الطاغية. ولقد مات هيرودس الكبير بعد قتل أطفال بيت لحم بثلاثة شهور بعد أن اشتدت شراهته في الفترة الأخيرة لأكل اللحم وأصيب بداء النقرس والاستسقاء\'a1 وتصاعدت منه رائحة كريهة جداً حتى لم يقدر أحد أن يقترب إليه. وبعد موته اقتسم أبناءه مملكته حسب ما سبق.
متى,2,9,"ملك هيرودس الكبير على كل اليهودية سنة 37ق.م. ودخل القدس بمعونة الرومان. وكانت أمه وأبيه أدوميين. وكان الأدوميون قد رضخوا بالقوة للمذهب اليهودي سنة 125ق.م. فلم يكن هيرودس يهودي الأصل. وقد تزوج هيرودوس عشر نساء وكان له أبناء كثيرين. واشتد التنافس فيما بينهم على وراثة العرش. وكان القصر مسرح عشرات المؤامرات والفتن. واشتركت زوجات الملك وأقاربهن في تلك المؤامرات. هذا عدا المؤامرات التي كان يحيكها هيرودس ضد أعدائه من اليهود والرومان فقد كان هيرودس الكبير قاسي القلب\'a1 عديم الشفقة يسعى وراء مصلحته مهما كانت الخسائر واشتهـر بكثـرة الحيل ولم ينتبه إلى صراخ المظلومين. وقتل عدة زوجات وأبناء وأقارب خوفاً من مؤامراتهم. ولكنه بني أماكن كثيرة أشهرها مدينة قيصرية وسماها هكذا تكريماً لأوغسطس قيصر\'a1 ورمم مدينة السامرة بعد ان تهدمت وأسماها سباسطيا (سيباستوس هو الاسم اليوناني لاسم أغسطس اللاتيني) أي مدينة أغسطس. وبدأ في ترميم الهيكل في القدس. ومن وحشيته أنه قتل ابنيه الإسكندر وأرسطوبولس\'a1 وقبل موته بخمسة أيام قتل ابنه انتيباتر وفيما هو يسلم أنفاسه الأخيرة أمر بقتل جميع عظماء أورشليم حتى يعم الحزن المدينة ولا يجد الملك الجديد مجالاً للبهجة\'a1 لكنه مات قبل أن تتحقق أمنيته الأخيرة. وهو الذي أمر بقتل أطفال بيت لحم حتى لا ينافسه مولود بيت لحم الملك. فقد ولد المسيح في أواخر أيام هذا الطاغية. ولقد مات هيرودس الكبير بعد قتل أطفال بيت لحم بثلاثة شهور بعد أن اشتدت شراهته في الفترة الأخيرة لأكل اللحم وأصيب بداء النقرس والاستسقاء\'a1 وتصاعدت منه رائحة كريهة جداً حتى لم يقدر أحد أن يقترب إليه. وبعد موته اقتسم أبناءه مملكته حسب ما سبق.
متى,2,10,"ملك هيرودس الكبير على كل اليهودية سنة 37ق.م. ودخل القدس بمعونة الرومان. وكانت أمه وأبيه أدوميين. وكان الأدوميون قد رضخوا بالقوة للمذهب اليهودي سنة 125ق.م. فلم يكن هيرودس يهودي الأصل. وقد تزوج هيرودوس عشر نساء وكان له أبناء كثيرين. واشتد التنافس فيما بينهم على وراثة العرش. وكان القصر مسرح عشرات المؤامرات والفتن. واشتركت زوجات الملك وأقاربهن في تلك المؤامرات. هذا عدا المؤامرات التي كان يحيكها هيرودس ضد أعدائه من اليهود والرومان فقد كان هيرودس الكبير قاسي القلب\'a1 عديم الشفقة يسعى وراء مصلحته مهما كانت الخسائر واشتهـر بكثـرة الحيل ولم ينتبه إلى صراخ المظلومين. وقتل عدة زوجات وأبناء وأقارب خوفاً من مؤامراتهم. ولكنه بني أماكن كثيرة أشهرها مدينة قيصرية وسماها هكذا تكريماً لأوغسطس قيصر\'a1 ورمم مدينة السامرة بعد ان تهدمت وأسماها سباسطيا (سيباستوس هو الاسم اليوناني لاسم أغسطس اللاتيني) أي مدينة أغسطس. وبدأ في ترميم الهيكل في القدس. ومن وحشيته أنه قتل ابنيه الإسكندر وأرسطوبولس\'a1 وقبل موته بخمسة أيام قتل ابنه انتيباتر وفيما هو يسلم أنفاسه الأخيرة أمر بقتل جميع عظماء أورشليم حتى يعم الحزن المدينة ولا يجد الملك الجديد مجالاً للبهجة\'a1 لكنه مات قبل أن تتحقق أمنيته الأخيرة. وهو الذي أمر بقتل أطفال بيت لحم حتى لا ينافسه مولود بيت لحم الملك. فقد ولد المسيح في أواخر أيام هذا الطاغية. ولقد مات هيرودس الكبير بعد قتل أطفال بيت لحم بثلاثة شهور بعد أن اشتدت شراهته في الفترة الأخيرة لأكل اللحم وأصيب بداء النقرس والاستسقاء\'a1 وتصاعدت منه رائحة كريهة جداً حتى لم يقدر أحد أن يقترب إليه. وبعد موته اقتسم أبناءه مملكته حسب ما سبق.
متى,2,11,"ملك هيرودس الكبير على كل اليهودية سنة 37ق.م. ودخل القدس بمعونة الرومان. وكانت أمه وأبيه أدوميين. وكان الأدوميون قد رضخوا بالقوة للمذهب اليهودي سنة 125ق.م. فلم يكن هيرودس يهودي الأصل. وقد تزوج هيرودوس عشر نساء وكان له أبناء كثيرين. واشتد التنافس فيما بينهم على وراثة العرش. وكان القصر مسرح عشرات المؤامرات والفتن. واشتركت زوجات الملك وأقاربهن في تلك المؤامرات. هذا عدا المؤامرات التي كان يحيكها هيرودس ضد أعدائه من اليهود والرومان فقد كان هيرودس الكبير قاسي القلب\'a1 عديم الشفقة يسعى وراء مصلحته مهما كانت الخسائر واشتهـر بكثـرة الحيل ولم ينتبه إلى صراخ المظلومين. وقتل عدة زوجات وأبناء وأقارب خوفاً من مؤامراتهم. ولكنه بني أماكن كثيرة أشهرها مدينة قيصرية وسماها هكذا تكريماً لأوغسطس قيصر\'a1 ورمم مدينة السامرة بعد ان تهدمت وأسماها سباسطيا (سيباستوس هو الاسم اليوناني لاسم أغسطس اللاتيني) أي مدينة أغسطس. وبدأ في ترميم الهيكل في القدس. ومن وحشيته أنه قتل ابنيه الإسكندر وأرسطوبولس\'a1 وقبل موته بخمسة أيام قتل ابنه انتيباتر وفيما هو يسلم أنفاسه الأخيرة أمر بقتل جميع عظماء أورشليم حتى يعم الحزن المدينة ولا يجد الملك الجديد مجالاً للبهجة\'a1 لكنه مات قبل أن تتحقق أمنيته الأخيرة. وهو الذي أمر بقتل أطفال بيت لحم حتى لا ينافسه مولود بيت لحم الملك. فقد ولد المسيح في أواخر أيام هذا الطاغية. ولقد مات هيرودس الكبير بعد قتل أطفال بيت لحم بثلاثة شهور بعد أن اشتدت شراهته في الفترة الأخيرة لأكل اللحم وأصيب بداء النقرس والاستسقاء\'a1 وتصاعدت منه رائحة كريهة جداً حتى لم يقدر أحد أن يقترب إليه. وبعد موته اقتسم أبناءه مملكته حسب ما سبق.
متى,2,12,"ملك هيرودس الكبير على كل اليهودية سنة 37ق.م. ودخل القدس بمعونة الرومان. وكانت أمه وأبيه أدوميين. وكان الأدوميون قد رضخوا بالقوة للمذهب اليهودي سنة 125ق.م. فلم يكن هيرودس يهودي الأصل. وقد تزوج هيرودوس عشر نساء وكان له أبناء كثيرين. واشتد التنافس فيما بينهم على وراثة العرش. وكان القصر مسرح عشرات المؤامرات والفتن. واشتركت زوجات الملك وأقاربهن في تلك المؤامرات. هذا عدا المؤامرات التي كان يحيكها هيرودس ضد أعدائه من اليهود والرومان فقد كان هيرودس الكبير قاسي القلب\'a1 عديم الشفقة يسعى وراء مصلحته مهما كانت الخسائر واشتهـر بكثـرة الحيل ولم ينتبه إلى صراخ المظلومين. وقتل عدة زوجات وأبناء وأقارب خوفاً من مؤامراتهم. ولكنه بني أماكن كثيرة أشهرها مدينة قيصرية وسماها هكذا تكريماً لأوغسطس قيصر\'a1 ورمم مدينة السامرة بعد ان تهدمت وأسماها سباسطيا (سيباستوس هو الاسم اليوناني لاسم أغسطس اللاتيني) أي مدينة أغسطس. وبدأ في ترميم الهيكل في القدس. ومن وحشيته أنه قتل ابنيه الإسكندر وأرسطوبولس\'a1 وقبل موته بخمسة أيام قتل ابنه انتيباتر وفيما هو يسلم أنفاسه الأخيرة أمر بقتل جميع عظماء أورشليم حتى يعم الحزن المدينة ولا يجد الملك الجديد مجالاً للبهجة\'a1 لكنه مات قبل أن تتحقق أمنيته الأخيرة. وهو الذي أمر بقتل أطفال بيت لحم حتى لا ينافسه مولود بيت لحم الملك. فقد ولد المسيح في أواخر أيام هذا الطاغية. ولقد مات هيرودس الكبير بعد قتل أطفال بيت لحم بثلاثة شهور بعد أن اشتدت شراهته في الفترة الأخيرة لأكل اللحم وأصيب بداء النقرس والاستسقاء\'a1 وتصاعدت منه رائحة كريهة جداً حتى لم يقدر أحد أن يقترب إليه. وبعد موته اقتسم أبناءه مملكته حسب ما سبق.
متى,2,13,"ملك هيرودس الكبير على كل اليهودية سنة 37ق.م. ودخل القدس بمعونة الرومان. وكانت أمه وأبيه أدوميين. وكان الأدوميون قد رضخوا بالقوة للمذهب اليهودي سنة 125ق.م. فلم يكن هيرودس يهودي الأصل. وقد تزوج هيرودوس عشر نساء وكان له أبناء كثيرين. واشتد التنافس فيما بينهم على وراثة العرش. وكان القصر مسرح عشرات المؤامرات والفتن. واشتركت زوجات الملك وأقاربهن في تلك المؤامرات. هذا عدا المؤامرات التي كان يحيكها هيرودس ضد أعدائه من اليهود والرومان فقد كان هيرودس الكبير قاسي القلب\'a1 عديم الشفقة يسعى وراء مصلحته مهما كانت الخسائر واشتهـر بكثـرة الحيل ولم ينتبه إلى صراخ المظلومين. وقتل عدة زوجات وأبناء وأقارب خوفاً من مؤامراتهم. ولكنه بني أماكن كثيرة أشهرها مدينة قيصرية وسماها هكذا تكريماً لأوغسطس قيصر\'a1 ورمم مدينة السامرة بعد ان تهدمت وأسماها سباسطيا (سيباستوس هو الاسم اليوناني لاسم أغسطس اللاتيني) أي مدينة أغسطس. وبدأ في ترميم الهيكل في القدس. ومن وحشيته أنه قتل ابنيه الإسكندر وأرسطوبولس\'a1 وقبل موته بخمسة أيام قتل ابنه انتيباتر وفيما هو يسلم أنفاسه الأخيرة أمر بقتل جميع عظماء أورشليم حتى يعم الحزن المدينة ولا يجد الملك الجديد مجالاً للبهجة\'a1 لكنه مات قبل أن تتحقق أمنيته الأخيرة. وهو الذي أمر بقتل أطفال بيت لحم حتى لا ينافسه مولود بيت لحم الملك. فقد ولد المسيح في أواخر أيام هذا الطاغية. ولقد مات هيرودس الكبير بعد قتل أطفال بيت لحم بثلاثة شهور بعد أن اشتدت شراهته في الفترة الأخيرة لأكل اللحم وأصيب بداء النقرس والاستسقاء\'a1 وتصاعدت منه رائحة كريهة جداً حتى لم يقدر أحد أن يقترب إليه. وبعد موته اقتسم أبناءه مملكته حسب ما سبق.
متى,2,14,"ملك هيرودس الكبير على كل اليهودية سنة 37ق.م. ودخل القدس بمعونة الرومان. وكانت أمه وأبيه أدوميين. وكان الأدوميون قد رضخوا بالقوة للمذهب اليهودي سنة 125ق.م. فلم يكن هيرودس يهودي الأصل. وقد تزوج هيرودوس عشر نساء وكان له أبناء كثيرين. واشتد التنافس فيما بينهم على وراثة العرش. وكان القصر مسرح عشرات المؤامرات والفتن. واشتركت زوجات الملك وأقاربهن في تلك المؤامرات. هذا عدا المؤامرات التي كان يحيكها هيرودس ضد أعدائه من اليهود والرومان فقد كان هيرودس الكبير قاسي القلب\'a1 عديم الشفقة يسعى وراء مصلحته مهما كانت الخسائر واشتهـر بكثـرة الحيل ولم ينتبه إلى صراخ المظلومين. وقتل عدة زوجات وأبناء وأقارب خوفاً من مؤامراتهم. ولكنه بني أماكن كثيرة أشهرها مدينة قيصرية وسماها هكذا تكريماً لأوغسطس قيصر\'a1 ورمم مدينة السامرة بعد ان تهدمت وأسماها سباسطيا (سيباستوس هو الاسم اليوناني لاسم أغسطس اللاتيني) أي مدينة أغسطس. وبدأ في ترميم الهيكل في القدس. ومن وحشيته أنه قتل ابنيه الإسكندر وأرسطوبولس\'a1 وقبل موته بخمسة أيام قتل ابنه انتيباتر وفيما هو يسلم أنفاسه الأخيرة أمر بقتل جميع عظماء أورشليم حتى يعم الحزن المدينة ولا يجد الملك الجديد مجالاً للبهجة\'a1 لكنه مات قبل أن تتحقق أمنيته الأخيرة. وهو الذي أمر بقتل أطفال بيت لحم حتى لا ينافسه مولود بيت لحم الملك. فقد ولد المسيح في أواخر أيام هذا الطاغية. ولقد مات هيرودس الكبير بعد قتل أطفال بيت لحم بثلاثة شهور بعد أن اشتدت شراهته في الفترة الأخيرة لأكل اللحم وأصيب بداء النقرس والاستسقاء\'a1 وتصاعدت منه رائحة كريهة جداً حتى لم يقدر أحد أن يقترب إليه. وبعد موته اقتسم أبناءه مملكته حسب ما سبق.
متى,2,15,"ملك هيرودس الكبير على كل اليهودية سنة 37ق.م. ودخل القدس بمعونة الرومان. وكانت أمه وأبيه أدوميين. وكان الأدوميون قد رضخوا بالقوة للمذهب اليهودي سنة 125ق.م. فلم يكن هيرودس يهودي الأصل. وقد تزوج هيرودوس عشر نساء وكان له أبناء كثيرين. واشتد التنافس فيما بينهم على وراثة العرش. وكان القصر مسرح عشرات المؤامرات والفتن. واشتركت زوجات الملك وأقاربهن في تلك المؤامرات. هذا عدا المؤامرات التي كان يحيكها هيرودس ضد أعدائه من اليهود والرومان فقد كان هيرودس الكبير قاسي القلب\'a1 عديم الشفقة يسعى وراء مصلحته مهما كانت الخسائر واشتهـر بكثـرة الحيل ولم ينتبه إلى صراخ المظلومين. وقتل عدة زوجات وأبناء وأقارب خوفاً من مؤامراتهم. ولكنه بني أماكن كثيرة أشهرها مدينة قيصرية وسماها هكذا تكريماً لأوغسطس قيصر\'a1 ورمم مدينة السامرة بعد ان تهدمت وأسماها سباسطيا (سيباستوس هو الاسم اليوناني لاسم أغسطس اللاتيني) أي مدينة أغسطس. وبدأ في ترميم الهيكل في القدس. ومن وحشيته أنه قتل ابنيه الإسكندر وأرسطوبولس\'a1 وقبل موته بخمسة أيام قتل ابنه انتيباتر وفيما هو يسلم أنفاسه الأخيرة أمر بقتل جميع عظماء أورشليم حتى يعم الحزن المدينة ولا يجد الملك الجديد مجالاً للبهجة\'a1 لكنه مات قبل أن تتحقق أمنيته الأخيرة. وهو الذي أمر بقتل أطفال بيت لحم حتى لا ينافسه مولود بيت لحم الملك. فقد ولد المسيح في أواخر أيام هذا الطاغية. ولقد مات هيرودس الكبير بعد قتل أطفال بيت لحم بثلاثة شهور بعد أن اشتدت شراهته في الفترة الأخيرة لأكل اللحم وأصيب بداء النقرس والاستسقاء\'a1 وتصاعدت منه رائحة كريهة جداً حتى لم يقدر أحد أن يقترب إليه. وبعد موته اقتسم أبناءه مملكته حسب ما سبق.
متى,2,16,"ملك هيرودس الكبير على كل اليهودية سنة 37ق.م. ودخل القدس بمعونة الرومان. وكانت أمه وأبيه أدوميين. وكان الأدوميون قد رضخوا بالقوة للمذهب اليهودي سنة 125ق.م. فلم يكن هيرودس يهودي الأصل. وقد تزوج هيرودوس عشر نساء وكان له أبناء كثيرين. واشتد التنافس فيما بينهم على وراثة العرش. وكان القصر مسرح عشرات المؤامرات والفتن. واشتركت زوجات الملك وأقاربهن في تلك المؤامرات. هذا عدا المؤامرات التي كان يحيكها هيرودس ضد أعدائه من اليهود والرومان فقد كان هيرودس الكبير قاسي القلب\'a1 عديم الشفقة يسعى وراء مصلحته مهما كانت الخسائر واشتهـر بكثـرة الحيل ولم ينتبه إلى صراخ المظلومين. وقتل عدة زوجات وأبناء وأقارب خوفاً من مؤامراتهم. ولكنه بني أماكن كثيرة أشهرها مدينة قيصرية وسماها هكذا تكريماً لأوغسطس قيصر\'a1 ورمم مدينة السامرة بعد ان تهدمت وأسماها سباسطيا (سيباستوس هو الاسم اليوناني لاسم أغسطس اللاتيني) أي مدينة أغسطس. وبدأ في ترميم الهيكل في القدس. ومن وحشيته أنه قتل ابنيه الإسكندر وأرسطوبولس\'a1 وقبل موته بخمسة أيام قتل ابنه انتيباتر وفيما هو يسلم أنفاسه الأخيرة أمر بقتل جميع عظماء أورشليم حتى يعم الحزن المدينة ولا يجد الملك الجديد مجالاً للبهجة\'a1 لكنه مات قبل أن تتحقق أمنيته الأخيرة. وهو الذي أمر بقتل أطفال بيت لحم حتى لا ينافسه مولود بيت لحم الملك. فقد ولد المسيح في أواخر أيام هذا الطاغية. ولقد مات هيرودس الكبير بعد قتل أطفال بيت لحم بثلاثة شهور بعد أن اشتدت شراهته في الفترة الأخيرة لأكل اللحم وأصيب بداء النقرس والاستسقاء\'a1 وتصاعدت منه رائحة كريهة جداً حتى لم يقدر أحد أن يقترب إليه. وبعد موته اقتسم أبناءه مملكته حسب ما سبق.
متى,2,17,"ملك هيرودس الكبير على كل اليهودية سنة 37ق.م. ودخل القدس بمعونة الرومان. وكانت أمه وأبيه أدوميين. وكان الأدوميون قد رضخوا بالقوة للمذهب اليهودي سنة 125ق.م. فلم يكن هيرودس يهودي الأصل. وقد تزوج هيرودوس عشر نساء وكان له أبناء كثيرين. واشتد التنافس فيما بينهم على وراثة العرش. وكان القصر مسرح عشرات المؤامرات والفتن. واشتركت زوجات الملك وأقاربهن في تلك المؤامرات. هذا عدا المؤامرات التي كان يحيكها هيرودس ضد أعدائه من اليهود والرومان فقد كان هيرودس الكبير قاسي القلب\'a1 عديم الشفقة يسعى وراء مصلحته مهما كانت الخسائر واشتهـر بكثـرة الحيل ولم ينتبه إلى صراخ المظلومين. وقتل عدة زوجات وأبناء وأقارب خوفاً من مؤامراتهم. ولكنه بني أماكن كثيرة أشهرها مدينة قيصرية وسماها هكذا تكريماً لأوغسطس قيصر\'a1 ورمم مدينة السامرة بعد ان تهدمت وأسماها سباسطيا (سيباستوس هو الاسم اليوناني لاسم أغسطس اللاتيني) أي مدينة أغسطس. وبدأ في ترميم الهيكل في القدس. ومن وحشيته أنه قتل ابنيه الإسكندر وأرسطوبولس\'a1 وقبل موته بخمسة أيام قتل ابنه انتيباتر وفيما هو يسلم أنفاسه الأخيرة أمر بقتل جميع عظماء أورشليم حتى يعم الحزن المدينة ولا يجد الملك الجديد مجالاً للبهجة\'a1 لكنه مات قبل أن تتحقق أمنيته الأخيرة. وهو الذي أمر بقتل أطفال بيت لحم حتى لا ينافسه مولود بيت لحم الملك. فقد ولد المسيح في أواخر أيام هذا الطاغية. ولقد مات هيرودس الكبير بعد قتل أطفال بيت لحم بثلاثة شهور بعد أن اشتدت شراهته في الفترة الأخيرة لأكل اللحم وأصيب بداء النقرس والاستسقاء\'a1 وتصاعدت منه رائحة كريهة جداً حتى لم يقدر أحد أن يقترب إليه. وبعد موته اقتسم أبناءه مملكته حسب ما سبق.
متى,2,18,"ملك هيرودس الكبير على كل اليهودية سنة 37ق.م. ودخل القدس بمعونة الرومان. وكانت أمه وأبيه أدوميين. وكان الأدوميون قد رضخوا بالقوة للمذهب اليهودي سنة 125ق.م. فلم يكن هيرودس يهودي الأصل. وقد تزوج هيرودوس عشر نساء وكان له أبناء كثيرين. واشتد التنافس فيما بينهم على وراثة العرش. وكان القصر مسرح عشرات المؤامرات والفتن. واشتركت زوجات الملك وأقاربهن في تلك المؤامرات. هذا عدا المؤامرات التي كان يحيكها هيرودس ضد أعدائه من اليهود والرومان فقد كان هيرودس الكبير قاسي القلب\'a1 عديم الشفقة يسعى وراء مصلحته مهما كانت الخسائر واشتهـر بكثـرة الحيل ولم ينتبه إلى صراخ المظلومين. وقتل عدة زوجات وأبناء وأقارب خوفاً من مؤامراتهم. ولكنه بني أماكن كثيرة أشهرها مدينة قيصرية وسماها هكذا تكريماً لأوغسطس قيصر\'a1 ورمم مدينة السامرة بعد ان تهدمت وأسماها سباسطيا (سيباستوس هو الاسم اليوناني لاسم أغسطس اللاتيني) أي مدينة أغسطس. وبدأ في ترميم الهيكل في القدس. ومن وحشيته أنه قتل ابنيه الإسكندر وأرسطوبولس\'a1 وقبل موته بخمسة أيام قتل ابنه انتيباتر وفيما هو يسلم أنفاسه الأخيرة أمر بقتل جميع عظماء أورشليم حتى يعم الحزن المدينة ولا يجد الملك الجديد مجالاً للبهجة\'a1 لكنه مات قبل أن تتحقق أمنيته الأخيرة. وهو الذي أمر بقتل أطفال بيت لحم حتى لا ينافسه مولود بيت لحم الملك. فقد ولد المسيح في أواخر أيام هذا الطاغية. ولقد مات هيرودس الكبير بعد قتل أطفال بيت لحم بثلاثة شهور بعد أن اشتدت شراهته في الفترة الأخيرة لأكل اللحم وأصيب بداء النقرس والاستسقاء\'a1 وتصاعدت منه رائحة كريهة جداً حتى لم يقدر أحد أن يقترب إليه. وبعد موته اقتسم أبناءه مملكته حسب ما سبق.
متى,2,19,"ملك هيرودس الكبير على كل اليهودية سنة 37ق.م. ودخل القدس بمعونة الرومان. وكانت أمه وأبيه أدوميين. وكان الأدوميون قد رضخوا بالقوة للمذهب اليهودي سنة 125ق.م. فلم يكن هيرودس يهودي الأصل. وقد تزوج هيرودوس عشر نساء وكان له أبناء كثيرين. واشتد التنافس فيما بينهم على وراثة العرش. وكان القصر مسرح عشرات المؤامرات والفتن. واشتركت زوجات الملك وأقاربهن في تلك المؤامرات. هذا عدا المؤامرات التي كان يحيكها هيرودس ضد أعدائه من اليهود والرومان فقد كان هيرودس الكبير قاسي القلب\'a1 عديم الشفقة يسعى وراء مصلحته مهما كانت الخسائر واشتهـر بكثـرة الحيل ولم ينتبه إلى صراخ المظلومين. وقتل عدة زوجات وأبناء وأقارب خوفاً من مؤامراتهم. ولكنه بني أماكن كثيرة أشهرها مدينة قيصرية وسماها هكذا تكريماً لأوغسطس قيصر\'a1 ورمم مدينة السامرة بعد ان تهدمت وأسماها سباسطيا (سيباستوس هو الاسم اليوناني لاسم أغسطس اللاتيني) أي مدينة أغسطس. وبدأ في ترميم الهيكل في القدس. ومن وحشيته أنه قتل ابنيه الإسكندر وأرسطوبولس\'a1 وقبل موته بخمسة أيام قتل ابنه انتيباتر وفيما هو يسلم أنفاسه الأخيرة أمر بقتل جميع عظماء أورشليم حتى يعم الحزن المدينة ولا يجد الملك الجديد مجالاً للبهجة\'a1 لكنه مات قبل أن تتحقق أمنيته الأخيرة. وهو الذي أمر بقتل أطفال بيت لحم حتى لا ينافسه مولود بيت لحم الملك. فقد ولد المسيح في أواخر أيام هذا الطاغية. ولقد مات هيرودس الكبير بعد قتل أطفال بيت لحم بثلاثة شهور بعد أن اشتدت شراهته في الفترة الأخيرة لأكل اللحم وأصيب بداء النقرس والاستسقاء\'a1 وتصاعدت منه رائحة كريهة جداً حتى لم يقدر أحد أن يقترب إليه. وبعد موته اقتسم أبناءه مملكته حسب ما سبق.
متى,2,20,"ملك هيرودس الكبير على كل اليهودية سنة 37ق.م. ودخل القدس بمعونة الرومان. وكانت أمه وأبيه أدوميين. وكان الأدوميون قد رضخوا بالقوة للمذهب اليهودي سنة 125ق.م. فلم يكن هيرودس يهودي الأصل. وقد تزوج هيرودوس عشر نساء وكان له أبناء كثيرين. واشتد التنافس فيما بينهم على وراثة العرش. وكان القصر مسرح عشرات المؤامرات والفتن. واشتركت زوجات الملك وأقاربهن في تلك المؤامرات. هذا عدا المؤامرات التي كان يحيكها هيرودس ضد أعدائه من اليهود والرومان فقد كان هيرودس الكبير قاسي القلب\'a1 عديم الشفقة يسعى وراء مصلحته مهما كانت الخسائر واشتهـر بكثـرة الحيل ولم ينتبه إلى صراخ المظلومين. وقتل عدة زوجات وأبناء وأقارب خوفاً من مؤامراتهم. ولكنه بني أماكن كثيرة أشهرها مدينة قيصرية وسماها هكذا تكريماً لأوغسطس قيصر\'a1 ورمم مدينة السامرة بعد ان تهدمت وأسماها سباسطيا (سيباستوس هو الاسم اليوناني لاسم أغسطس اللاتيني) أي مدينة أغسطس. وبدأ في ترميم الهيكل في القدس. ومن وحشيته أنه قتل ابنيه الإسكندر وأرسطوبولس\'a1 وقبل موته بخمسة أيام قتل ابنه انتيباتر وفيما هو يسلم أنفاسه الأخيرة أمر بقتل جميع عظماء أورشليم حتى يعم الحزن المدينة ولا يجد الملك الجديد مجالاً للبهجة\'a1 لكنه مات قبل أن تتحقق أمنيته الأخيرة. وهو الذي أمر بقتل أطفال بيت لحم حتى لا ينافسه مولود بيت لحم الملك. فقد ولد المسيح في أواخر أيام هذا الطاغية. ولقد مات هيرودس الكبير بعد قتل أطفال بيت لحم بثلاثة شهور بعد أن اشتدت شراهته في الفترة الأخيرة لأكل اللحم وأصيب بداء النقرس والاستسقاء\'a1 وتصاعدت منه رائحة كريهة جداً حتى لم يقدر أحد أن يقترب إليه. وبعد موته اقتسم أبناءه مملكته حسب ما سبق.
متى,2,21,"ملك هيرودس الكبير على كل اليهودية سنة 37ق.م. ودخل القدس بمعونة الرومان. وكانت أمه وأبيه أدوميين. وكان الأدوميون قد رضخوا بالقوة للمذهب اليهودي سنة 125ق.م. فلم يكن هيرودس يهودي الأصل. وقد تزوج هيرودوس عشر نساء وكان له أبناء كثيرين. واشتد التنافس فيما بينهم على وراثة العرش. وكان القصر مسرح عشرات المؤامرات والفتن. واشتركت زوجات الملك وأقاربهن في تلك المؤامرات. هذا عدا المؤامرات التي كان يحيكها هيرودس ضد أعدائه من اليهود والرومان فقد كان هيرودس الكبير قاسي القلب\'a1 عديم الشفقة يسعى وراء مصلحته مهما كانت الخسائر واشتهـر بكثـرة الحيل ولم ينتبه إلى صراخ المظلومين. وقتل عدة زوجات وأبناء وأقارب خوفاً من مؤامراتهم. ولكنه بني أماكن كثيرة أشهرها مدينة قيصرية وسماها هكذا تكريماً لأوغسطس قيصر\'a1 ورمم مدينة السامرة بعد ان تهدمت وأسماها سباسطيا (سيباستوس هو الاسم اليوناني لاسم أغسطس اللاتيني) أي مدينة أغسطس. وبدأ في ترميم الهيكل في القدس. ومن وحشيته أنه قتل ابنيه الإسكندر وأرسطوبولس\'a1 وقبل موته بخمسة أيام قتل ابنه انتيباتر وفيما هو يسلم أنفاسه الأخيرة أمر بقتل جميع عظماء أورشليم حتى يعم الحزن المدينة ولا يجد الملك الجديد مجالاً للبهجة\'a1 لكنه مات قبل أن تتحقق أمنيته الأخيرة. وهو الذي أمر بقتل أطفال بيت لحم حتى لا ينافسه مولود بيت لحم الملك. فقد ولد المسيح في أواخر أيام هذا الطاغية. ولقد مات هيرودس الكبير بعد قتل أطفال بيت لحم بثلاثة شهور بعد أن اشتدت شراهته في الفترة الأخيرة لأكل اللحم وأصيب بداء النقرس والاستسقاء\'a1 وتصاعدت منه رائحة كريهة جداً حتى لم يقدر أحد أن يقترب إليه. وبعد موته اقتسم أبناءه مملكته حسب ما سبق.
متى,2,22,"ملك هيرودس الكبير على كل اليهودية سنة 37ق.م. ودخل القدس بمعونة الرومان. وكانت أمه وأبيه أدوميين. وكان الأدوميون قد رضخوا بالقوة للمذهب اليهودي سنة 125ق.م. فلم يكن هيرودس يهودي الأصل. وقد تزوج هيرودوس عشر نساء وكان له أبناء كثيرين. واشتد التنافس فيما بينهم على وراثة العرش. وكان القصر مسرح عشرات المؤامرات والفتن. واشتركت زوجات الملك وأقاربهن في تلك المؤامرات. هذا عدا المؤامرات التي كان يحيكها هيرودس ضد أعدائه من اليهود والرومان فقد كان هيرودس الكبير قاسي القلب\'a1 عديم الشفقة يسعى وراء مصلحته مهما كانت الخسائر واشتهـر بكثـرة الحيل ولم ينتبه إلى صراخ المظلومين. وقتل عدة زوجات وأبناء وأقارب خوفاً من مؤامراتهم. ولكنه بني أماكن كثيرة أشهرها مدينة قيصرية وسماها هكذا تكريماً لأوغسطس قيصر\'a1 ورمم مدينة السامرة بعد ان تهدمت وأسماها سباسطيا (سيباستوس هو الاسم اليوناني لاسم أغسطس اللاتيني) أي مدينة أغسطس. وبدأ في ترميم الهيكل في القدس. ومن وحشيته أنه قتل ابنيه الإسكندر وأرسطوبولس\'a1 وقبل موته بخمسة أيام قتل ابنه انتيباتر وفيما هو يسلم أنفاسه الأخيرة أمر بقتل جميع عظماء أورشليم حتى يعم الحزن المدينة ولا يجد الملك الجديد مجالاً للبهجة\'a1 لكنه مات قبل أن تتحقق أمنيته الأخيرة. وهو الذي أمر بقتل أطفال بيت لحم حتى لا ينافسه مولود بيت لحم الملك. فقد ولد المسيح في أواخر أيام هذا الطاغية. ولقد مات هيرودس الكبير بعد قتل أطفال بيت لحم بثلاثة شهور بعد أن اشتدت شراهته في الفترة الأخيرة لأكل اللحم وأصيب بداء النقرس والاستسقاء\'a1 وتصاعدت منه رائحة كريهة جداً حتى لم يقدر أحد أن يقترب إليه. وبعد موته اقتسم أبناءه مملكته حسب ما سبق.
متى,2,23,"ملك هيرودس الكبير على كل اليهودية سنة 37ق.م. ودخل القدس بمعونة الرومان. وكانت أمه وأبيه أدوميين. وكان الأدوميون قد رضخوا بالقوة للمذهب اليهودي سنة 125ق.م. فلم يكن هيرودس يهودي الأصل. وقد تزوج هيرودوس عشر نساء وكان له أبناء كثيرين. واشتد التنافس فيما بينهم على وراثة العرش. وكان القصر مسرح عشرات المؤامرات والفتن. واشتركت زوجات الملك وأقاربهن في تلك المؤامرات. هذا عدا المؤامرات التي كان يحيكها هيرودس ضد أعدائه من اليهود والرومان فقد كان هيرودس الكبير قاسي القلب\'a1 عديم الشفقة يسعى وراء مصلحته مهما كانت الخسائر واشتهـر بكثـرة الحيل ولم ينتبه إلى صراخ المظلومين. وقتل عدة زوجات وأبناء وأقارب خوفاً من مؤامراتهم. ولكنه بني أماكن كثيرة أشهرها مدينة قيصرية وسماها هكذا تكريماً لأوغسطس قيصر\'a1 ورمم مدينة السامرة بعد ان تهدمت وأسماها سباسطيا (سيباستوس هو الاسم اليوناني لاسم أغسطس اللاتيني) أي مدينة أغسطس. وبدأ في ترميم الهيكل في القدس. ومن وحشيته أنه قتل ابنيه الإسكندر وأرسطوبولس\'a1 وقبل موته بخمسة أيام قتل ابنه انتيباتر وفيما هو يسلم أنفاسه الأخيرة أمر بقتل جميع عظماء أورشليم حتى يعم الحزن المدينة ولا يجد الملك الجديد مجالاً للبهجة\'a1 لكنه مات قبل أن تتحقق أمنيته الأخيرة. وهو الذي أمر بقتل أطفال بيت لحم حتى لا ينافسه مولود بيت لحم الملك. فقد ولد المسيح في أواخر أيام هذا الطاغية. ولقد مات هيرودس الكبير بعد قتل أطفال بيت لحم بثلاثة شهور بعد أن اشتدت شراهته في الفترة الأخيرة لأكل اللحم وأصيب بداء النقرس والاستسقاء\'a1 وتصاعدت منه رائحة كريهة جداً حتى لم يقدر أحد أن يقترب إليه. وبعد موته اقتسم أبناءه مملكته حسب ما سبق.
متى,2,24,"ملك هيرودس الكبير على كل اليهودية سنة 37ق.م. ودخل القدس بمعونة الرومان. وكانت أمه وأبيه أدوميين. وكان الأدوميون قد رضخوا بالقوة للمذهب اليهودي سنة 125ق.م. فلم يكن هيرودس يهودي الأصل. وقد تزوج هيرودوس عشر نساء وكان له أبناء كثيرين. واشتد التنافس فيما بينهم على وراثة العرش. وكان القصر مسرح عشرات المؤامرات والفتن. واشتركت زوجات الملك وأقاربهن في تلك المؤامرات. هذا عدا المؤامرات التي كان يحيكها هيرودس ضد أعدائه من اليهود والرومان فقد كان هيرودس الكبير قاسي القلب\'a1 عديم الشفقة يسعى وراء مصلحته مهما كانت الخسائر واشتهـر بكثـرة الحيل ولم ينتبه إلى صراخ المظلومين. وقتل عدة زوجات وأبناء وأقارب خوفاً من مؤامراتهم. ولكنه بني أماكن كثيرة أشهرها مدينة قيصرية وسماها هكذا تكريماً لأوغسطس قيصر\'a1 ورمم مدينة السامرة بعد ان تهدمت وأسماها سباسطيا (سيباستوس هو الاسم اليوناني لاسم أغسطس اللاتيني) أي مدينة أغسطس. وبدأ في ترميم الهيكل في القدس. ومن وحشيته أنه قتل ابنيه الإسكندر وأرسطوبولس\'a1 وقبل موته بخمسة أيام قتل ابنه انتيباتر وفيما هو يسلم أنفاسه الأخيرة أمر بقتل جميع عظماء أورشليم حتى يعم الحزن المدينة ولا يجد الملك الجديد مجالاً للبهجة\'a1 لكنه مات قبل أن تتحقق أمنيته الأخيرة. وهو الذي أمر بقتل أطفال بيت لحم حتى لا ينافسه مولود بيت لحم الملك. فقد ولد المسيح في أواخر أيام هذا الطاغية. ولقد مات هيرودس الكبير بعد قتل أطفال بيت لحم بثلاثة شهور بعد أن اشتدت شراهته في الفترة الأخيرة لأكل اللحم وأصيب بداء النقرس والاستسقاء\'a1 وتصاعدت منه رائحة كريهة جداً حتى لم يقدر أحد أن يقترب إليه. وبعد موته اقتسم أبناءه مملكته حسب ما سبق.
متى,2,25,"ملك هيرودس الكبير على كل اليهودية سنة 37ق.م. ودخل القدس بمعونة الرومان. وكانت أمه وأبيه أدوميين. وكان الأدوميون قد رضخوا بالقوة للمذهب اليهودي سنة 125ق.م. فلم يكن هيرودس يهودي الأصل. وقد تزوج هيرودوس عشر نساء وكان له أبناء كثيرين. واشتد التنافس فيما بينهم على وراثة العرش. وكان القصر مسرح عشرات المؤامرات والفتن. واشتركت زوجات الملك وأقاربهن في تلك المؤامرات. هذا عدا المؤامرات التي كان يحيكها هيرودس ضد أعدائه من اليهود والرومان فقد كان هيرودس الكبير قاسي القلب\'a1 عديم الشفقة يسعى وراء مصلحته مهما كانت الخسائر واشتهـر بكثـرة الحيل ولم ينتبه إلى صراخ المظلومين. وقتل عدة زوجات وأبناء وأقارب خوفاً من مؤامراتهم. ولكنه بني أماكن كثيرة أشهرها مدينة قيصرية وسماها هكذا تكريماً لأوغسطس قيصر\'a1 ورمم مدينة السامرة بعد ان تهدمت وأسماها سباسطيا (سيباستوس هو الاسم اليوناني لاسم أغسطس اللاتيني) أي مدينة أغسطس. وبدأ في ترميم الهيكل في القدس. ومن وحشيته أنه قتل ابنيه الإسكندر وأرسطوبولس\'a1 وقبل موته بخمسة أيام قتل ابنه انتيباتر وفيما هو يسلم أنفاسه الأخيرة أمر بقتل جميع عظماء أورشليم حتى يعم الحزن المدينة ولا يجد الملك الجديد مجالاً للبهجة\'a1 لكنه مات قبل أن تتحقق أمنيته الأخيرة. وهو الذي أمر بقتل أطفال بيت لحم حتى لا ينافسه مولود بيت لحم الملك. فقد ولد المسيح في أواخر أيام هذا الطاغية. ولقد مات هيرودس الكبير بعد قتل أطفال بيت لحم بثلاثة شهور بعد أن اشتدت شراهته في الفترة الأخيرة لأكل اللحم وأصيب بداء النقرس والاستسقاء\'a1 وتصاعدت منه رائحة كريهة جداً حتى لم يقدر أحد أن يقترب إليه. وبعد موته اقتسم أبناءه مملكته حسب ما سبق.
متى,2,26,"ملك هيرودس الكبير على كل اليهودية سنة 37ق.م. ودخل القدس بمعونة الرومان. وكانت أمه وأبيه أدوميين. وكان الأدوميون قد رضخوا بالقوة للمذهب اليهودي سنة 125ق.م. فلم يكن هيرودس يهودي الأصل. وقد تزوج هيرودوس عشر نساء وكان له أبناء كثيرين. واشتد التنافس فيما بينهم على وراثة العرش. وكان القصر مسرح عشرات المؤامرات والفتن. واشتركت زوجات الملك وأقاربهن في تلك المؤامرات. هذا عدا المؤامرات التي كان يحيكها هيرودس ضد أعدائه من اليهود والرومان فقد كان هيرودس الكبير قاسي القلب\'a1 عديم الشفقة يسعى وراء مصلحته مهما كانت الخسائر واشتهـر بكثـرة الحيل ولم ينتبه إلى صراخ المظلومين. وقتل عدة زوجات وأبناء وأقارب خوفاً من مؤامراتهم. ولكنه بني أماكن كثيرة أشهرها مدينة قيصرية وسماها هكذا تكريماً لأوغسطس قيصر\'a1 ورمم مدينة السامرة بعد ان تهدمت وأسماها سباسطيا (سيباستوس هو الاسم اليوناني لاسم أغسطس اللاتيني) أي مدينة أغسطس. وبدأ في ترميم الهيكل في القدس. ومن وحشيته أنه قتل ابنيه الإسكندر وأرسطوبولس\'a1 وقبل موته بخمسة أيام قتل ابنه انتيباتر وفيما هو يسلم أنفاسه الأخيرة أمر بقتل جميع عظماء أورشليم حتى يعم الحزن المدينة ولا يجد الملك الجديد مجالاً للبهجة\'a1 لكنه مات قبل أن تتحقق أمنيته الأخيرة. وهو الذي أمر بقتل أطفال بيت لحم حتى لا ينافسه مولود بيت لحم الملك. فقد ولد المسيح في أواخر أيام هذا الطاغية. ولقد مات هيرودس الكبير بعد قتل أطفال بيت لحم بثلاثة شهور بعد أن اشتدت شراهته في الفترة الأخيرة لأكل اللحم وأصيب بداء النقرس والاستسقاء\'a1 وتصاعدت منه رائحة كريهة جداً حتى لم يقدر أحد أن يقترب إليه. وبعد موته اقتسم أبناءه مملكته حسب ما سبق.
متى,2,27,"ملك هيرودس الكبير على كل اليهودية سنة 37ق.م. ودخل القدس بمعونة الرومان. وكانت أمه وأبيه أدوميين. وكان الأدوميون قد رضخوا بالقوة للمذهب اليهودي سنة 125ق.م. فلم يكن هيرودس يهودي الأصل. وقد تزوج هيرودوس عشر نساء وكان له أبناء كثيرين. واشتد التنافس فيما بينهم على وراثة العرش. وكان القصر مسرح عشرات المؤامرات والفتن. واشتركت زوجات الملك وأقاربهن في تلك المؤامرات. هذا عدا المؤامرات التي كان يحيكها هيرودس ضد أعدائه من اليهود والرومان فقد كان هيرودس الكبير قاسي القلب\'a1 عديم الشفقة يسعى وراء مصلحته مهما كانت الخسائر واشتهـر بكثـرة الحيل ولم ينتبه إلى صراخ المظلومين. وقتل عدة زوجات وأبناء وأقارب خوفاً من مؤامراتهم. ولكنه بني أماكن كثيرة أشهرها مدينة قيصرية وسماها هكذا تكريماً لأوغسطس قيصر\'a1 ورمم مدينة السامرة بعد ان تهدمت وأسماها سباسطيا (سيباستوس هو الاسم اليوناني لاسم أغسطس اللاتيني) أي مدينة أغسطس. وبدأ في ترميم الهيكل في القدس. ومن وحشيته أنه قتل ابنيه الإسكندر وأرسطوبولس\'a1 وقبل موته بخمسة أيام قتل ابنه انتيباتر وفيما هو يسلم أنفاسه الأخيرة أمر بقتل جميع عظماء أورشليم حتى يعم الحزن المدينة ولا يجد الملك الجديد مجالاً للبهجة\'a1 لكنه مات قبل أن تتحقق أمنيته الأخيرة. وهو الذي أمر بقتل أطفال بيت لحم حتى لا ينافسه مولود بيت لحم الملك. فقد ولد المسيح في أواخر أيام هذا الطاغية. ولقد مات هيرودس الكبير بعد قتل أطفال بيت لحم بثلاثة شهور بعد أن اشتدت شراهته في الفترة الأخيرة لأكل اللحم وأصيب بداء النقرس والاستسقاء\'a1 وتصاعدت منه رائحة كريهة جداً حتى لم يقدر أحد أن يقترب إليه. وبعد موته اقتسم أبناءه مملكته حسب ما سبق.
متى,2,28,"ملك هيرودس الكبير على كل اليهودية سنة 37ق.م. ودخل القدس بمعونة الرومان. وكانت أمه وأبيه أدوميين. وكان الأدوميون قد رضخوا بالقوة للمذهب اليهودي سنة 125ق.م. فلم يكن هيرودس يهودي الأصل. وقد تزوج هيرودوس عشر نساء وكان له أبناء كثيرين. واشتد التنافس فيما بينهم على وراثة العرش. وكان القصر مسرح عشرات المؤامرات والفتن. واشتركت زوجات الملك وأقاربهن في تلك المؤامرات. هذا عدا المؤامرات التي كان يحيكها هيرودس ضد أعدائه من اليهود والرومان فقد كان هيرودس الكبير قاسي القلب\'a1 عديم الشفقة يسعى وراء مصلحته مهما كانت الخسائر واشتهـر بكثـرة الحيل ولم ينتبه إلى صراخ المظلومين. وقتل عدة زوجات وأبناء وأقارب خوفاً من مؤامراتهم. ولكنه بني أماكن كثيرة أشهرها مدينة قيصرية وسماها هكذا تكريماً لأوغسطس قيصر\'a1 ورمم مدينة السامرة بعد ان تهدمت وأسماها سباسطيا (سيباستوس هو الاسم اليوناني لاسم أغسطس اللاتيني) أي مدينة أغسطس. وبدأ في ترميم الهيكل في القدس. ومن وحشيته أنه قتل ابنيه الإسكندر وأرسطوبولس\'a1 وقبل موته بخمسة أيام قتل ابنه انتيباتر وفيما هو يسلم أنفاسه الأخيرة أمر بقتل جميع عظماء أورشليم حتى يعم الحزن المدينة ولا يجد الملك الجديد مجالاً للبهجة\'a1 لكنه مات قبل أن تتحقق أمنيته الأخيرة. وهو الذي أمر بقتل أطفال بيت لحم حتى لا ينافسه مولود بيت لحم الملك. فقد ولد المسيح في أواخر أيام هذا الطاغية. ولقد مات هيرودس الكبير بعد قتل أطفال بيت لحم بثلاثة شهور بعد أن اشتدت شراهته في الفترة الأخيرة لأكل اللحم وأصيب بداء النقرس والاستسقاء\'a1 وتصاعدت منه رائحة كريهة جداً حتى لم يقدر أحد أن يقترب إليه. وبعد موته اقتسم أبناءه مملكته حسب ما سبق.
متى,2,29,"ملك هيرودس الكبير على كل اليهودية سنة 37ق.م. ودخل القدس بمعونة الرومان. وكانت أمه وأبيه أدوميين. وكان الأدوميون قد رضخوا بالقوة للمذهب اليهودي سنة 125ق.م. فلم يكن هيرودس يهودي الأصل. وقد تزوج هيرودوس عشر نساء وكان له أبناء كثيرين. واشتد التنافس فيما بينهم على وراثة العرش. وكان القصر مسرح عشرات المؤامرات والفتن. واشتركت زوجات الملك وأقاربهن في تلك المؤامرات. هذا عدا المؤامرات التي كان يحيكها هيرودس ضد أعدائه من اليهود والرومان فقد كان هيرودس الكبير قاسي القلب\'a1 عديم الشفقة يسعى وراء مصلحته مهما كانت الخسائر واشتهـر بكثـرة الحيل ولم ينتبه إلى صراخ المظلومين. وقتل عدة زوجات وأبناء وأقارب خوفاً من مؤامراتهم. ولكنه بني أماكن كثيرة أشهرها مدينة قيصرية وسماها هكذا تكريماً لأوغسطس قيصر\'a1 ورمم مدينة السامرة بعد ان تهدمت وأسماها سباسطيا (سيباستوس هو الاسم اليوناني لاسم أغسطس اللاتيني) أي مدينة أغسطس. وبدأ في ترميم الهيكل في القدس. ومن وحشيته أنه قتل ابنيه الإسكندر وأرسطوبولس\'a1 وقبل موته بخمسة أيام قتل ابنه انتيباتر وفيما هو يسلم أنفاسه الأخيرة أمر بقتل جميع عظماء أورشليم حتى يعم الحزن المدينة ولا يجد الملك الجديد مجالاً للبهجة\'a1 لكنه مات قبل أن تتحقق أمنيته الأخيرة. وهو الذي أمر بقتل أطفال بيت لحم حتى لا ينافسه مولود بيت لحم الملك. فقد ولد المسيح في أواخر أيام هذا الطاغية. ولقد مات هيرودس الكبير بعد قتل أطفال بيت لحم بثلاثة شهور بعد أن اشتدت شراهته في الفترة الأخيرة لأكل اللحم وأصيب بداء النقرس والاستسقاء\'a1 وتصاعدت منه رائحة كريهة جداً حتى لم يقدر أحد أن يقترب إليه. وبعد موته اقتسم أبناءه مملكته حسب ما سبق.
متى,2,30,"ملك هيرودس الكبير على كل اليهودية سنة 37ق.م. ودخل القدس بمعونة الرومان. وكانت أمه وأبيه أدوميين. وكان الأدوميون قد رضخوا بالقوة للمذهب اليهودي سنة 125ق.م. فلم يكن هيرودس يهودي الأصل. وقد تزوج هيرودوس عشر نساء وكان له أبناء كثيرين. واشتد التنافس فيما بينهم على وراثة العرش. وكان القصر مسرح عشرات المؤامرات والفتن. واشتركت زوجات الملك وأقاربهن في تلك المؤامرات. هذا عدا المؤامرات التي كان يحيكها هيرودس ضد أعدائه من اليهود والرومان فقد كان هيرودس الكبير قاسي القلب\'a1 عديم الشفقة يسعى وراء مصلحته مهما كانت الخسائر واشتهـر بكثـرة الحيل ولم ينتبه إلى صراخ المظلومين. وقتل عدة زوجات وأبناء وأقارب خوفاً من مؤامراتهم. ولكنه بني أماكن كثيرة أشهرها مدينة قيصرية وسماها هكذا تكريماً لأوغسطس قيصر\'a1 ورمم مدينة السامرة بعد ان تهدمت وأسماها سباسطيا (سيباستوس هو الاسم اليوناني لاسم أغسطس اللاتيني) أي مدينة أغسطس. وبدأ في ترميم الهيكل في القدس. ومن وحشيته أنه قتل ابنيه الإسكندر وأرسطوبولس\'a1 وقبل موته بخمسة أيام قتل ابنه انتيباتر وفيما هو يسلم أنفاسه الأخيرة أمر بقتل جميع عظماء أورشليم حتى يعم الحزن المدينة ولا يجد الملك الجديد مجالاً للبهجة\'a1 لكنه مات قبل أن تتحقق أمنيته الأخيرة. وهو الذي أمر بقتل أطفال بيت لحم حتى لا ينافسه مولود بيت لحم الملك. فقد ولد المسيح في أواخر أيام هذا الطاغية. ولقد مات هيرودس الكبير بعد قتل أطفال بيت لحم بثلاثة شهور بعد أن اشتدت شراهته في الفترة الأخيرة لأكل اللحم وأصيب بداء النقرس والاستسقاء\'a1 وتصاعدت منه رائحة كريهة جداً حتى لم يقدر أحد أن يقترب إليه. وبعد موته اقتسم أبناءه مملكته حسب ما سبق.
متى,2,31,"ملك هيرودس الكبير على كل اليهودية سنة 37ق.م. ودخل القدس بمعونة الرومان. وكانت أمه وأبيه أدوميين. وكان الأدوميون قد رضخوا بالقوة للمذهب اليهودي سنة 125ق.م. فلم يكن هيرودس يهودي الأصل. وقد تزوج هيرودوس عشر نساء وكان له أبناء كثيرين. واشتد التنافس فيما بينهم على وراثة العرش. وكان القصر مسرح عشرات المؤامرات والفتن. واشتركت زوجات الملك وأقاربهن في تلك المؤامرات. هذا عدا المؤامرات التي كان يحيكها هيرودس ضد أعدائه من اليهود والرومان فقد كان هيرودس الكبير قاسي القلب\'a1 عديم الشفقة يسعى وراء مصلحته مهما كانت الخسائر واشتهـر بكثـرة الحيل ولم ينتبه إلى صراخ المظلومين. وقتل عدة زوجات وأبناء وأقارب خوفاً من مؤامراتهم. ولكنه بني أماكن كثيرة أشهرها مدينة قيصرية وسماها هكذا تكريماً لأوغسطس قيصر\'a1 ورمم مدينة السامرة بعد ان تهدمت وأسماها سباسطيا (سيباستوس هو الاسم اليوناني لاسم أغسطس اللاتيني) أي مدينة أغسطس. وبدأ في ترميم الهيكل في القدس. ومن وحشيته أنه قتل ابنيه الإسكندر وأرسطوبولس\'a1 وقبل موته بخمسة أيام قتل ابنه انتيباتر وفيما هو يسلم أنفاسه الأخيرة أمر بقتل جميع عظماء أورشليم حتى يعم الحزن المدينة ولا يجد الملك الجديد مجالاً للبهجة\'a1 لكنه مات قبل أن تتحقق أمنيته الأخيرة. وهو الذي أمر بقتل أطفال بيت لحم حتى لا ينافسه مولود بيت لحم الملك. فقد ولد المسيح في أواخر أيام هذا الطاغية. ولقد مات هيرودس الكبير بعد قتل أطفال بيت لحم بثلاثة شهور بعد أن اشتدت شراهته في الفترة الأخيرة لأكل اللحم وأصيب بداء النقرس والاستسقاء\'a1 وتصاعدت منه رائحة كريهة جداً حتى لم يقدر أحد أن يقترب إليه. وبعد موته اقتسم أبناءه مملكته حسب ما سبق.
متى,2,32,"ملك هيرودس الكبير على كل اليهودية سنة 37ق.م. ودخل القدس بمعونة الرومان. وكانت أمه وأبيه أدوميين. وكان الأدوميون قد رضخوا بالقوة للمذهب اليهودي سنة 125ق.م. فلم يكن هيرودس يهودي الأصل. وقد تزوج هيرودوس عشر نساء وكان له أبناء كثيرين. واشتد التنافس فيما بينهم على وراثة العرش. وكان القصر مسرح عشرات المؤامرات والفتن. واشتركت زوجات الملك وأقاربهن في تلك المؤامرات. هذا عدا المؤامرات التي كان يحيكها هيرودس ضد أعدائه من اليهود والرومان فقد كان هيرودس الكبير قاسي القلب\'a1 عديم الشفقة يسعى وراء مصلحته مهما كانت الخسائر واشتهـر بكثـرة الحيل ولم ينتبه إلى صراخ المظلومين. وقتل عدة زوجات وأبناء وأقارب خوفاً من مؤامراتهم. ولكنه بني أماكن كثيرة أشهرها مدينة قيصرية وسماها هكذا تكريماً لأوغسطس قيصر\'a1 ورمم مدينة السامرة بعد ان تهدمت وأسماها سباسطيا (سيباستوس هو الاسم اليوناني لاسم أغسطس اللاتيني) أي مدينة أغسطس. وبدأ في ترميم الهيكل في القدس. ومن وحشيته أنه قتل ابنيه الإسكندر وأرسطوبولس\'a1 وقبل موته بخمسة أيام قتل ابنه انتيباتر وفيما هو يسلم أنفاسه الأخيرة أمر بقتل جميع عظماء أورشليم حتى يعم الحزن المدينة ولا يجد الملك الجديد مجالاً للبهجة\'a1 لكنه مات قبل أن تتحقق أمنيته الأخيرة. وهو الذي أمر بقتل أطفال بيت لحم حتى لا ينافسه مولود بيت لحم الملك. فقد ولد المسيح في أواخر أيام هذا الطاغية. ولقد مات هيرودس الكبير بعد قتل أطفال بيت لحم بثلاثة شهور بعد أن اشتدت شراهته في الفترة الأخيرة لأكل اللحم وأصيب بداء النقرس والاستسقاء\'a1 وتصاعدت منه رائحة كريهة جداً حتى لم يقدر أحد أن يقترب إليه. وبعد موته اقتسم أبناءه مملكته حسب ما سبق.
متى,2,33,"ملك هيرودس الكبير على كل اليهودية سنة 37ق.م. ودخل القدس بمعونة الرومان. وكانت أمه وأبيه أدوميين. وكان الأدوميون قد رضخوا بالقوة للمذهب اليهودي سنة 125ق.م. فلم يكن هيرودس يهودي الأصل. وقد تزوج هيرودوس عشر نساء وكان له أبناء كثيرين. واشتد التنافس فيما بينهم على وراثة العرش. وكان القصر مسرح عشرات المؤامرات والفتن. واشتركت زوجات الملك وأقاربهن في تلك المؤامرات. هذا عدا المؤامرات التي كان يحيكها هيرودس ضد أعدائه من اليهود والرومان فقد كان هيرودس الكبير قاسي القلب\'a1 عديم الشفقة يسعى وراء مصلحته مهما كانت الخسائر واشتهـر بكثـرة الحيل ولم ينتبه إلى صراخ المظلومين. وقتل عدة زوجات وأبناء وأقارب خوفاً من مؤامراتهم. ولكنه بني أماكن كثيرة أشهرها مدينة قيصرية وسماها هكذا تكريماً لأوغسطس قيصر\'a1 ورمم مدينة السامرة بعد ان تهدمت وأسماها سباسطيا (سيباستوس هو الاسم اليوناني لاسم أغسطس اللاتيني) أي مدينة أغسطس. وبدأ في ترميم الهيكل في القدس. ومن وحشيته أنه قتل ابنيه الإسكندر وأرسطوبولس\'a1 وقبل موته بخمسة أيام قتل ابنه انتيباتر وفيما هو يسلم أنفاسه الأخيرة أمر بقتل جميع عظماء أورشليم حتى يعم الحزن المدينة ولا يجد الملك الجديد مجالاً للبهجة\'a1 لكنه مات قبل أن تتحقق أمنيته الأخيرة. وهو الذي أمر بقتل أطفال بيت لحم حتى لا ينافسه مولود بيت لحم الملك. فقد ولد المسيح في أواخر أيام هذا الطاغية. ولقد مات هيرودس الكبير بعد قتل أطفال بيت لحم بثلاثة شهور بعد أن اشتدت شراهته في الفترة الأخيرة لأكل اللحم وأصيب بداء النقرس والاستسقاء\'a1 وتصاعدت منه رائحة كريهة جداً حتى لم يقدر أحد أن يقترب إليه. وبعد موته اقتسم أبناءه مملكته حسب ما سبق.
متى,2,34,"ملك هيرودس الكبير على كل اليهودية سنة 37ق.م. ودخل القدس بمعونة الرومان. وكانت أمه وأبيه أدوميين. وكان الأدوميون قد رضخوا بالقوة للمذهب اليهودي سنة 125ق.م. فلم يكن هيرودس يهودي الأصل. وقد تزوج هيرودوس عشر نساء وكان له أبناء كثيرين. واشتد التنافس فيما بينهم على وراثة العرش. وكان القصر مسرح عشرات المؤامرات والفتن. واشتركت زوجات الملك وأقاربهن في تلك المؤامرات. هذا عدا المؤامرات التي كان يحيكها هيرودس ضد أعدائه من اليهود والرومان فقد كان هيرودس الكبير قاسي القلب\'a1 عديم الشفقة يسعى وراء مصلحته مهما كانت الخسائر واشتهـر بكثـرة الحيل ولم ينتبه إلى صراخ المظلومين. وقتل عدة زوجات وأبناء وأقارب خوفاً من مؤامراتهم. ولكنه بني أماكن كثيرة أشهرها مدينة قيصرية وسماها هكذا تكريماً لأوغسطس قيصر\'a1 ورمم مدينة السامرة بعد ان تهدمت وأسماها سباسطيا (سيباستوس هو الاسم اليوناني لاسم أغسطس اللاتيني) أي مدينة أغسطس. وبدأ في ترميم الهيكل في القدس. ومن وحشيته أنه قتل ابنيه الإسكندر وأرسطوبولس\'a1 وقبل موته بخمسة أيام قتل ابنه انتيباتر وفيما هو يسلم أنفاسه الأخيرة أمر بقتل جميع عظماء أورشليم حتى يعم الحزن المدينة ولا يجد الملك الجديد مجالاً للبهجة\'a1 لكنه مات قبل أن تتحقق أمنيته الأخيرة. وهو الذي أمر بقتل أطفال بيت لحم حتى لا ينافسه مولود بيت لحم الملك. فقد ولد المسيح في أواخر أيام هذا الطاغية. ولقد مات هيرودس الكبير بعد قتل أطفال بيت لحم بثلاثة شهور بعد أن اشتدت شراهته في الفترة الأخيرة لأكل اللحم وأصيب بداء النقرس والاستسقاء\'a1 وتصاعدت منه رائحة كريهة جداً حتى لم يقدر أحد أن يقترب إليه. وبعد موته اقتسم أبناءه مملكته حسب ما سبق.
متى,2,35,"ملك هيرودس الكبير على كل اليهودية سنة 37ق.م. ودخل القدس بمعونة الرومان. وكانت أمه وأبيه أدوميين. وكان الأدوميون قد رضخوا بالقوة للمذهب اليهودي سنة 125ق.م. فلم يكن هيرودس يهودي الأصل. وقد تزوج هيرودوس عشر نساء وكان له أبناء كثيرين. واشتد التنافس فيما بينهم على وراثة العرش. وكان القصر مسرح عشرات المؤامرات والفتن. واشتركت زوجات الملك وأقاربهن في تلك المؤامرات. هذا عدا المؤامرات التي كان يحيكها هيرودس ضد أعدائه من اليهود والرومان فقد كان هيرودس الكبير قاسي القلب\'a1 عديم الشفقة يسعى وراء مصلحته مهما كانت الخسائر واشتهـر بكثـرة الحيل ولم ينتبه إلى صراخ المظلومين. وقتل عدة زوجات وأبناء وأقارب خوفاً من مؤامراتهم. ولكنه بني أماكن كثيرة أشهرها مدينة قيصرية وسماها هكذا تكريماً لأوغسطس قيصر\'a1 ورمم مدينة السامرة بعد ان تهدمت وأسماها سباسطيا (سيباستوس هو الاسم اليوناني لاسم أغسطس اللاتيني) أي مدينة أغسطس. وبدأ في ترميم الهيكل في القدس. ومن وحشيته أنه قتل ابنيه الإسكندر وأرسطوبولس\'a1 وقبل موته بخمسة أيام قتل ابنه انتيباتر وفيما هو يسلم أنفاسه الأخيرة أمر بقتل جميع عظماء أورشليم حتى يعم الحزن المدينة ولا يجد الملك الجديد مجالاً للبهجة\'a1 لكنه مات قبل أن تتحقق أمنيته الأخيرة. وهو الذي أمر بقتل أطفال بيت لحم حتى لا ينافسه مولود بيت لحم الملك. فقد ولد المسيح في أواخر أيام هذا الطاغية. ولقد مات هيرودس الكبير بعد قتل أطفال بيت لحم بثلاثة شهور بعد أن اشتدت شراهته في الفترة الأخيرة لأكل اللحم وأصيب بداء النقرس والاستسقاء\'a1 وتصاعدت منه رائحة كريهة جداً حتى لم يقدر أحد أن يقترب إليه. وبعد موته اقتسم أبناءه مملكته حسب ما سبق.
متى,2,36,"ملك هيرودس الكبير على كل اليهودية سنة 37ق.م. ودخل القدس بمعونة الرومان. وكانت أمه وأبيه أدوميين. وكان الأدوميون قد رضخوا بالقوة للمذهب اليهودي سنة 125ق.م. فلم يكن هيرودس يهودي الأصل. وقد تزوج هيرودوس عشر نساء وكان له أبناء كثيرين. واشتد التنافس فيما بينهم على وراثة العرش. وكان القصر مسرح عشرات المؤامرات والفتن. واشتركت زوجات الملك وأقاربهن في تلك المؤامرات. هذا عدا المؤامرات التي كان يحيكها هيرودس ضد أعدائه من اليهود والرومان فقد كان هيرودس الكبير قاسي القلب\'a1 عديم الشفقة يسعى وراء مصلحته مهما كانت الخسائر واشتهـر بكثـرة الحيل ولم ينتبه إلى صراخ المظلومين. وقتل عدة زوجات وأبناء وأقارب خوفاً من مؤامراتهم. ولكنه بني أماكن كثيرة أشهرها مدينة قيصرية وسماها هكذا تكريماً لأوغسطس قيصر\'a1 ورمم مدينة السامرة بعد ان تهدمت وأسماها سباسطيا (سيباستوس هو الاسم اليوناني لاسم أغسطس اللاتيني) أي مدينة أغسطس. وبدأ في ترميم الهيكل في القدس. ومن وحشيته أنه قتل ابنيه الإسكندر وأرسطوبولس\'a1 وقبل موته بخمسة أيام قتل ابنه انتيباتر وفيما هو يسلم أنفاسه الأخيرة أمر بقتل جميع عظماء أورشليم حتى يعم الحزن المدينة ولا يجد الملك الجديد مجالاً للبهجة\'a1 لكنه مات قبل أن تتحقق أمنيته الأخيرة. وهو الذي أمر بقتل أطفال بيت لحم حتى لا ينافسه مولود بيت لحم الملك. فقد ولد المسيح في أواخر أيام هذا الطاغية. ولقد مات هيرودس الكبير بعد قتل أطفال بيت لحم بثلاثة شهور بعد أن اشتدت شراهته في الفترة الأخيرة لأكل اللحم وأصيب بداء النقرس والاستسقاء\'a1 وتصاعدت منه رائحة كريهة جداً حتى لم يقدر أحد أن يقترب إليه. وبعد موته اقتسم أبناءه مملكته حسب ما سبق.
متى,2,37,"ملك هيرودس الكبير على كل اليهودية سنة 37ق.م. ودخل القدس بمعونة الرومان. وكانت أمه وأبيه أدوميين. وكان الأدوميون قد رضخوا بالقوة للمذهب اليهودي سنة 125ق.م. فلم يكن هيرودس يهودي الأصل. وقد تزوج هيرودوس عشر نساء وكان له أبناء كثيرين. واشتد التنافس فيما بينهم على وراثة العرش. وكان القصر مسرح عشرات المؤامرات والفتن. واشتركت زوجات الملك وأقاربهن في تلك المؤامرات. هذا عدا المؤامرات التي كان يحيكها هيرودس ضد أعدائه من اليهود والرومان فقد كان هيرودس الكبير قاسي القلب\'a1 عديم الشفقة يسعى وراء مصلحته مهما كانت الخسائر واشتهـر بكثـرة الحيل ولم ينتبه إلى صراخ المظلومين. وقتل عدة زوجات وأبناء وأقارب خوفاً من مؤامراتهم. ولكنه بني أماكن كثيرة أشهرها مدينة قيصرية وسماها هكذا تكريماً لأوغسطس قيصر\'a1 ورمم مدينة السامرة بعد ان تهدمت وأسماها سباسطيا (سيباستوس هو الاسم اليوناني لاسم أغسطس اللاتيني) أي مدينة أغسطس. وبدأ في ترميم الهيكل في القدس. ومن وحشيته أنه قتل ابنيه الإسكندر وأرسطوبولس\'a1 وقبل موته بخمسة أيام قتل ابنه انتيباتر وفيما هو يسلم أنفاسه الأخيرة أمر بقتل جميع عظماء أورشليم حتى يعم الحزن المدينة ولا يجد الملك الجديد مجالاً للبهجة\'a1 لكنه مات قبل أن تتحقق أمنيته الأخيرة. وهو الذي أمر بقتل أطفال بيت لحم حتى لا ينافسه مولود بيت لحم الملك. فقد ولد المسيح في أواخر أيام هذا الطاغية. ولقد مات هيرودس الكبير بعد قتل أطفال بيت لحم بثلاثة شهور بعد أن اشتدت شراهته في الفترة الأخيرة لأكل اللحم وأصيب بداء النقرس والاستسقاء\'a1 وتصاعدت منه رائحة كريهة جداً حتى لم يقدر أحد أن يقترب إليه. وبعد موته اقتسم أبناءه مملكته حسب ما سبق.
متى,2,38,"ملك هيرودس الكبير على كل اليهودية سنة 37ق.م. ودخل القدس بمعونة الرومان. وكانت أمه وأبيه أدوميين. وكان الأدوميون قد رضخوا بالقوة للمذهب اليهودي سنة 125ق.م. فلم يكن هيرودس يهودي الأصل. وقد تزوج هيرودوس عشر نساء وكان له أبناء كثيرين. واشتد التنافس فيما بينهم على وراثة العرش. وكان القصر مسرح عشرات المؤامرات والفتن. واشتركت زوجات الملك وأقاربهن في تلك المؤامرات. هذا عدا المؤامرات التي كان يحيكها هيرودس ضد أعدائه من اليهود والرومان فقد كان هيرودس الكبير قاسي القلب\'a1 عديم الشفقة يسعى وراء مصلحته مهما كانت الخسائر واشتهـر بكثـرة الحيل ولم ينتبه إلى صراخ المظلومين. وقتل عدة زوجات وأبناء وأقارب خوفاً من مؤامراتهم. ولكنه بني أماكن كثيرة أشهرها مدينة قيصرية وسماها هكذا تكريماً لأوغسطس قيصر\'a1 ورمم مدينة السامرة بعد ان تهدمت وأسماها سباسطيا (سيباستوس هو الاسم اليوناني لاسم أغسطس اللاتيني) أي مدينة أغسطس. وبدأ في ترميم الهيكل في القدس. ومن وحشيته أنه قتل ابنيه الإسكندر وأرسطوبولس\'a1 وقبل موته بخمسة أيام قتل ابنه انتيباتر وفيما هو يسلم أنفاسه الأخيرة أمر بقتل جميع عظماء أورشليم حتى يعم الحزن المدينة ولا يجد الملك الجديد مجالاً للبهجة\'a1 لكنه مات قبل أن تتحقق أمنيته الأخيرة. وهو الذي أمر بقتل أطفال بيت لحم حتى لا ينافسه مولود بيت لحم الملك. فقد ولد المسيح في أواخر أيام هذا الطاغية. ولقد مات هيرودس الكبير بعد قتل أطفال بيت لحم بثلاثة شهور بعد أن اشتدت شراهته في الفترة الأخيرة لأكل اللحم وأصيب بداء النقرس والاستسقاء\'a1 وتصاعدت منه رائحة كريهة جداً حتى لم يقدر أحد أن يقترب إليه. وبعد موته اقتسم أبناءه مملكته حسب ما سبق.
متى,2,39,"ملك هيرودس الكبير على كل اليهودية سنة 37ق.م. ودخل القدس بمعونة الرومان. وكانت أمه وأبيه أدوميين. وكان الأدوميون قد رضخوا بالقوة للمذهب اليهودي سنة 125ق.م. فلم يكن هيرودس يهودي الأصل. وقد تزوج هيرودوس عشر نساء وكان له أبناء كثيرين. واشتد التنافس فيما بينهم على وراثة العرش. وكان القصر مسرح عشرات المؤامرات والفتن. واشتركت زوجات الملك وأقاربهن في تلك المؤامرات. هذا عدا المؤامرات التي كان يحيكها هيرودس ضد أعدائه من اليهود والرومان فقد كان هيرودس الكبير قاسي القلب\'a1 عديم الشفقة يسعى وراء مصلحته مهما كانت الخسائر واشتهـر بكثـرة الحيل ولم ينتبه إلى صراخ المظلومين. وقتل عدة زوجات وأبناء وأقارب خوفاً من مؤامراتهم. ولكنه بني أماكن كثيرة أشهرها مدينة قيصرية وسماها هكذا تكريماً لأوغسطس قيصر\'a1 ورمم مدينة السامرة بعد ان تهدمت وأسماها سباسطيا (سيباستوس هو الاسم اليوناني لاسم أغسطس اللاتيني) أي مدينة أغسطس. وبدأ في ترميم الهيكل في القدس. ومن وحشيته أنه قتل ابنيه الإسكندر وأرسطوبولس\'a1 وقبل موته بخمسة أيام قتل ابنه انتيباتر وفيما هو يسلم أنفاسه الأخيرة أمر بقتل جميع عظماء أورشليم حتى يعم الحزن المدينة ولا يجد الملك الجديد مجالاً للبهجة\'a1 لكنه مات قبل أن تتحقق أمنيته الأخيرة. وهو الذي أمر بقتل أطفال بيت لحم حتى لا ينافسه مولود بيت لحم الملك. فقد ولد المسيح في أواخر أيام هذا الطاغية. ولقد مات هيرودس الكبير بعد قتل أطفال بيت لحم بثلاثة شهور بعد أن اشتدت شراهته في الفترة الأخيرة لأكل اللحم وأصيب بداء النقرس والاستسقاء\'a1 وتصاعدت منه رائحة كريهة جداً حتى لم يقدر أحد أن يقترب إليه. وبعد موته اقتسم أبناءه مملكته حسب ما سبق.
متى,2,40,"ملك هيرودس الكبير على كل اليهودية سنة 37ق.م. ودخل القدس بمعونة الرومان. وكانت أمه وأبيه أدوميين. وكان الأدوميون قد رضخوا بالقوة للمذهب اليهودي سنة 125ق.م. فلم يكن هيرودس يهودي الأصل. وقد تزوج هيرودوس عشر نساء وكان له أبناء كثيرين. واشتد التنافس فيما بينهم على وراثة العرش. وكان القصر مسرح عشرات المؤامرات والفتن. واشتركت زوجات الملك وأقاربهن في تلك المؤامرات. هذا عدا المؤامرات التي كان يحيكها هيرودس ضد أعدائه من اليهود والرومان فقد كان هيرودس الكبير قاسي القلب\'a1 عديم الشفقة يسعى وراء مصلحته مهما كانت الخسائر واشتهـر بكثـرة الحيل ولم ينتبه إلى صراخ المظلومين. وقتل عدة زوجات وأبناء وأقارب خوفاً من مؤامراتهم. ولكنه بني أماكن كثيرة أشهرها مدينة قيصرية وسماها هكذا تكريماً لأوغسطس قيصر\'a1 ورمم مدينة السامرة بعد ان تهدمت وأسماها سباسطيا (سيباستوس هو الاسم اليوناني لاسم أغسطس اللاتيني) أي مدينة أغسطس. وبدأ في ترميم الهيكل في القدس. ومن وحشيته أنه قتل ابنيه الإسكندر وأرسطوبولس\'a1 وقبل موته بخمسة أيام قتل ابنه انتيباتر وفيما هو يسلم أنفاسه الأخيرة أمر بقتل جميع عظماء أورشليم حتى يعم الحزن المدينة ولا يجد الملك الجديد مجالاً للبهجة\'a1 لكنه مات قبل أن تتحقق أمنيته الأخيرة. وهو الذي أمر بقتل أطفال بيت لحم حتى لا ينافسه مولود بيت لحم الملك. فقد ولد المسيح في أواخر أيام هذا الطاغية. ولقد مات هيرودس الكبير بعد قتل أطفال بيت لحم بثلاثة شهور بعد أن اشتدت شراهته في الفترة الأخيرة لأكل اللحم وأصيب بداء النقرس والاستسقاء\'a1 وتصاعدت منه رائحة كريهة جداً حتى لم يقدر أحد أن يقترب إليه. وبعد موته اقتسم أبناءه مملكته حسب ما سبق.
متى,2,41,"ملك هيرودس الكبير على كل اليهودية سنة 37ق.م. ودخل القدس بمعونة الرومان. وكانت أمه وأبيه أدوميين. وكان الأدوميون قد رضخوا بالقوة للمذهب اليهودي سنة 125ق.م. فلم يكن هيرودس يهودي الأصل. وقد تزوج هيرودوس عشر نساء وكان له أبناء كثيرين. واشتد التنافس فيما بينهم على وراثة العرش. وكان القصر مسرح عشرات المؤامرات والفتن. واشتركت زوجات الملك وأقاربهن في تلك المؤامرات. هذا عدا المؤامرات التي كان يحيكها هيرودس ضد أعدائه من اليهود والرومان فقد كان هيرودس الكبير قاسي القلب\'a1 عديم الشفقة يسعى وراء مصلحته مهما كانت الخسائر واشتهـر بكثـرة الحيل ولم ينتبه إلى صراخ المظلومين. وقتل عدة زوجات وأبناء وأقارب خوفاً من مؤامراتهم. ولكنه بني أماكن كثيرة أشهرها مدينة قيصرية وسماها هكذا تكريماً لأوغسطس قيصر\'a1 ورمم مدينة السامرة بعد ان تهدمت وأسماها سباسطيا (سيباستوس هو الاسم اليوناني لاسم أغسطس اللاتيني) أي مدينة أغسطس. وبدأ في ترميم الهيكل في القدس. ومن وحشيته أنه قتل ابنيه الإسكندر وأرسطوبولس\'a1 وقبل موته بخمسة أيام قتل ابنه انتيباتر وفيما هو يسلم أنفاسه الأخيرة أمر بقتل جميع عظماء أورشليم حتى يعم الحزن المدينة ولا يجد الملك الجديد مجالاً للبهجة\'a1 لكنه مات قبل أن تتحقق أمنيته الأخيرة. وهو الذي أمر بقتل أطفال بيت لحم حتى لا ينافسه مولود بيت لحم الملك. فقد ولد المسيح في أواخر أيام هذا الطاغية. ولقد مات هيرودس الكبير بعد قتل أطفال بيت لحم بثلاثة شهور بعد أن اشتدت شراهته في الفترة الأخيرة لأكل اللحم وأصيب بداء النقرس والاستسقاء\'a1 وتصاعدت منه رائحة كريهة جداً حتى لم يقدر أحد أن يقترب إليه. وبعد موته اقتسم أبناءه مملكته حسب ما سبق.
متى,2,42,"ملك هيرودس الكبير على كل اليهودية سنة 37ق.م. ودخل القدس بمعونة الرومان. وكانت أمه وأبيه أدوميين. وكان الأدوميون قد رضخوا بالقوة للمذهب اليهودي سنة 125ق.م. فلم يكن هيرودس يهودي الأصل. وقد تزوج هيرودوس عشر نساء وكان له أبناء كثيرين. واشتد التنافس فيما بينهم على وراثة العرش. وكان القصر مسرح عشرات المؤامرات والفتن. واشتركت زوجات الملك وأقاربهن في تلك المؤامرات. هذا عدا المؤامرات التي كان يحيكها هيرودس ضد أعدائه من اليهود والرومان فقد كان هيرودس الكبير قاسي القلب\'a1 عديم الشفقة يسعى وراء مصلحته مهما كانت الخسائر واشتهـر بكثـرة الحيل ولم ينتبه إلى صراخ المظلومين. وقتل عدة زوجات وأبناء وأقارب خوفاً من مؤامراتهم. ولكنه بني أماكن كثيرة أشهرها مدينة قيصرية وسماها هكذا تكريماً لأوغسطس قيصر\'a1 ورمم مدينة السامرة بعد ان تهدمت وأسماها سباسطيا (سيباستوس هو الاسم اليوناني لاسم أغسطس اللاتيني) أي مدينة أغسطس. وبدأ في ترميم الهيكل في القدس. ومن وحشيته أنه قتل ابنيه الإسكندر وأرسطوبولس\'a1 وقبل موته بخمسة أيام قتل ابنه انتيباتر وفيما هو يسلم أنفاسه الأخيرة أمر بقتل جميع عظماء أورشليم حتى يعم الحزن المدينة ولا يجد الملك الجديد مجالاً للبهجة\'a1 لكنه مات قبل أن تتحقق أمنيته الأخيرة. وهو الذي أمر بقتل أطفال بيت لحم حتى لا ينافسه مولود بيت لحم الملك. فقد ولد المسيح في أواخر أيام هذا الطاغية. ولقد مات هيرودس الكبير بعد قتل أطفال بيت لحم بثلاثة شهور بعد أن اشتدت شراهته في الفترة الأخيرة لأكل اللحم وأصيب بداء النقرس والاستسقاء\'a1 وتصاعدت منه رائحة كريهة جداً حتى لم يقدر أحد أن يقترب إليه. وبعد موته اقتسم أبناءه مملكته حسب ما سبق.
متى,2,43,"ملك هيرودس الكبير على كل اليهودية سنة 37ق.م. ودخل القدس بمعونة الرومان. وكانت أمه وأبيه أدوميين. وكان الأدوميون قد رضخوا بالقوة للمذهب اليهودي سنة 125ق.م. فلم يكن هيرودس يهودي الأصل. وقد تزوج هيرودوس عشر نساء وكان له أبناء كثيرين. واشتد التنافس فيما بينهم على وراثة العرش. وكان القصر مسرح عشرات المؤامرات والفتن. واشتركت زوجات الملك وأقاربهن في تلك المؤامرات. هذا عدا المؤامرات التي كان يحيكها هيرودس ضد أعدائه من اليهود والرومان فقد كان هيرودس الكبير قاسي القلب\'a1 عديم الشفقة يسعى وراء مصلحته مهما كانت الخسائر واشتهـر بكثـرة الحيل ولم ينتبه إلى صراخ المظلومين. وقتل عدة زوجات وأبناء وأقارب خوفاً من مؤامراتهم. ولكنه بني أماكن كثيرة أشهرها مدينة قيصرية وسماها هكذا تكريماً لأوغسطس قيصر\'a1 ورمم مدينة السامرة بعد ان تهدمت وأسماها سباسطيا (سيباستوس هو الاسم اليوناني لاسم أغسطس اللاتيني) أي مدينة أغسطس. وبدأ في ترميم الهيكل في القدس. ومن وحشيته أنه قتل ابنيه الإسكندر وأرسطوبولس\'a1 وقبل موته بخمسة أيام قتل ابنه انتيباتر وفيما هو يسلم أنفاسه الأخيرة أمر بقتل جميع عظماء أورشليم حتى يعم الحزن المدينة ولا يجد الملك الجديد مجالاً للبهجة\'a1 لكنه مات قبل أن تتحقق أمنيته الأخيرة. وهو الذي أمر بقتل أطفال بيت لحم حتى لا ينافسه مولود بيت لحم الملك. فقد ولد المسيح في أواخر أيام هذا الطاغية. ولقد مات هيرودس الكبير بعد قتل أطفال بيت لحم بثلاثة شهور بعد أن اشتدت شراهته في الفترة الأخيرة لأكل اللحم وأصيب بداء النقرس والاستسقاء\'a1 وتصاعدت منه رائحة كريهة جداً حتى لم يقدر أحد أن يقترب إليه. وبعد موته اقتسم أبناءه مملكته حسب ما سبق.
متى,2,44,"ملك هيرودس الكبير على كل اليهودية سنة 37ق.م. ودخل القدس بمعونة الرومان. وكانت أمه وأبيه أدوميين. وكان الأدوميون قد رضخوا بالقوة للمذهب اليهودي سنة 125ق.م. فلم يكن هيرودس يهودي الأصل. وقد تزوج هيرودوس عشر نساء وكان له أبناء كثيرين. واشتد التنافس فيما بينهم على وراثة العرش. وكان القصر مسرح عشرات المؤامرات والفتن. واشتركت زوجات الملك وأقاربهن في تلك المؤامرات. هذا عدا المؤامرات التي كان يحيكها هيرودس ضد أعدائه من اليهود والرومان فقد كان هيرودس الكبير قاسي القلب\'a1 عديم الشفقة يسعى وراء مصلحته مهما كانت الخسائر واشتهـر بكثـرة الحيل ولم ينتبه إلى صراخ المظلومين. وقتل عدة زوجات وأبناء وأقارب خوفاً من مؤامراتهم. ولكنه بني أماكن كثيرة أشهرها مدينة قيصرية وسماها هكذا تكريماً لأوغسطس قيصر\'a1 ورمم مدينة السامرة بعد ان تهدمت وأسماها سباسطيا (سيباستوس هو الاسم اليوناني لاسم أغسطس اللاتيني) أي مدينة أغسطس. وبدأ في ترميم الهيكل في القدس. ومن وحشيته أنه قتل ابنيه الإسكندر وأرسطوبولس\'a1 وقبل موته بخمسة أيام قتل ابنه انتيباتر وفيما هو يسلم أنفاسه الأخيرة أمر بقتل جميع عظماء أورشليم حتى يعم الحزن المدينة ولا يجد الملك الجديد مجالاً للبهجة\'a1 لكنه مات قبل أن تتحقق أمنيته الأخيرة. وهو الذي أمر بقتل أطفال بيت لحم حتى لا ينافسه مولود بيت لحم الملك. فقد ولد المسيح في أواخر أيام هذا الطاغية. ولقد مات هيرودس الكبير بعد قتل أطفال بيت لحم بثلاثة شهور بعد أن اشتدت شراهته في الفترة الأخيرة لأكل اللحم وأصيب بداء النقرس والاستسقاء\'a1 وتصاعدت منه رائحة كريهة جداً حتى لم يقدر أحد أن يقترب إليه. وبعد موته اقتسم أبناءه مملكته حسب ما سبق.
متى,2,45,"ملك هيرودس الكبير على كل اليهودية سنة 37ق.م. ودخل القدس بمعونة الرومان. وكانت أمه وأبيه أدوميين. وكان الأدوميون قد رضخوا بالقوة للمذهب اليهودي سنة 125ق.م. فلم يكن هيرودس يهودي الأصل. وقد تزوج هيرودوس عشر نساء وكان له أبناء كثيرين. واشتد التنافس فيما بينهم على وراثة العرش. وكان القصر مسرح عشرات المؤامرات والفتن. واشتركت زوجات الملك وأقاربهن في تلك المؤامرات. هذا عدا المؤامرات التي كان يحيكها هيرودس ضد أعدائه من اليهود والرومان فقد كان هيرودس الكبير قاسي القلب\'a1 عديم الشفقة يسعى وراء مصلحته مهما كانت الخسائر واشتهـر بكثـرة الحيل ولم ينتبه إلى صراخ المظلومين. وقتل عدة زوجات وأبناء وأقارب خوفاً من مؤامراتهم. ولكنه بني أماكن كثيرة أشهرها مدينة قيصرية وسماها هكذا تكريماً لأوغسطس قيصر\'a1 ورمم مدينة السامرة بعد ان تهدمت وأسماها سباسطيا (سيباستوس هو الاسم اليوناني لاسم أغسطس اللاتيني) أي مدينة أغسطس. وبدأ في ترميم الهيكل في القدس. ومن وحشيته أنه قتل ابنيه الإسكندر وأرسطوبولس\'a1 وقبل موته بخمسة أيام قتل ابنه انتيباتر وفيما هو يسلم أنفاسه الأخيرة أمر بقتل جميع عظماء أورشليم حتى يعم الحزن المدينة ولا يجد الملك الجديد مجالاً للبهجة\'a1 لكنه مات قبل أن تتحقق أمنيته الأخيرة. وهو الذي أمر بقتل أطفال بيت لحم حتى لا ينافسه مولود بيت لحم الملك. فقد ولد المسيح في أواخر أيام هذا الطاغية. ولقد مات هيرودس الكبير بعد قتل أطفال بيت لحم بثلاثة شهور بعد أن اشتدت شراهته في الفترة الأخيرة لأكل اللحم وأصيب بداء النقرس والاستسقاء\'a1 وتصاعدت منه رائحة كريهة جداً حتى لم يقدر أحد أن يقترب إليه. وبعد موته اقتسم أبناءه مملكته حسب ما سبق.
متى,2,46,"ملك هيرودس الكبير على كل اليهودية سنة 37ق.م. ودخل القدس بمعونة الرومان. وكانت أمه وأبيه أدوميين. وكان الأدوميون قد رضخوا بالقوة للمذهب اليهودي سنة 125ق.م. فلم يكن هيرودس يهودي الأصل. وقد تزوج هيرودوس عشر نساء وكان له أبناء كثيرين. واشتد التنافس فيما بينهم على وراثة العرش. وكان القصر مسرح عشرات المؤامرات والفتن. واشتركت زوجات الملك وأقاربهن في تلك المؤامرات. هذا عدا المؤامرات التي كان يحيكها هيرودس ضد أعدائه من اليهود والرومان فقد كان هيرودس الكبير قاسي القلب\'a1 عديم الشفقة يسعى وراء مصلحته مهما كانت الخسائر واشتهـر بكثـرة الحيل ولم ينتبه إلى صراخ المظلومين. وقتل عدة زوجات وأبناء وأقارب خوفاً من مؤامراتهم. ولكنه بني أماكن كثيرة أشهرها مدينة قيصرية وسماها هكذا تكريماً لأوغسطس قيصر\'a1 ورمم مدينة السامرة بعد ان تهدمت وأسماها سباسطيا (سيباستوس هو الاسم اليوناني لاسم أغسطس اللاتيني) أي مدينة أغسطس. وبدأ في ترميم الهيكل في القدس. ومن وحشيته أنه قتل ابنيه الإسكندر وأرسطوبولس\'a1 وقبل موته بخمسة أيام قتل ابنه انتيباتر وفيما هو يسلم أنفاسه الأخيرة أمر بقتل جميع عظماء أورشليم حتى يعم الحزن المدينة ولا يجد الملك الجديد مجالاً للبهجة\'a1 لكنه مات قبل أن تتحقق أمنيته الأخيرة. وهو الذي أمر بقتل أطفال بيت لحم حتى لا ينافسه مولود بيت لحم الملك. فقد ولد المسيح في أواخر أيام هذا الطاغية. ولقد مات هيرودس الكبير بعد قتل أطفال بيت لحم بثلاثة شهور بعد أن اشتدت شراهته في الفترة الأخيرة لأكل اللحم وأصيب بداء النقرس والاستسقاء\'a1 وتصاعدت منه رائحة كريهة جداً حتى لم يقدر أحد أن يقترب إليه. وبعد موته اقتسم أبناءه مملكته حسب ما سبق.
متى,2,47,"ملك هيرودس الكبير على كل اليهودية سنة 37ق.م. ودخل القدس بمعونة الرومان. وكانت أمه وأبيه أدوميين. وكان الأدوميون قد رضخوا بالقوة للمذهب اليهودي سنة 125ق.م. فلم يكن هيرودس يهودي الأصل. وقد تزوج هيرودوس عشر نساء وكان له أبناء كثيرين. واشتد التنافس فيما بينهم على وراثة العرش. وكان القصر مسرح عشرات المؤامرات والفتن. واشتركت زوجات الملك وأقاربهن في تلك المؤامرات. هذا عدا المؤامرات التي كان يحيكها هيرودس ضد أعدائه من اليهود والرومان فقد كان هيرودس الكبير قاسي القلب\'a1 عديم الشفقة يسعى وراء مصلحته مهما كانت الخسائر واشتهـر بكثـرة الحيل ولم ينتبه إلى صراخ المظلومين. وقتل عدة زوجات وأبناء وأقارب خوفاً من مؤامراتهم. ولكنه بني أماكن كثيرة أشهرها مدينة قيصرية وسماها هكذا تكريماً لأوغسطس قيصر\'a1 ورمم مدينة السامرة بعد ان تهدمت وأسماها سباسطيا (سيباستوس هو الاسم اليوناني لاسم أغسطس اللاتيني) أي مدينة أغسطس. وبدأ في ترميم الهيكل في القدس. ومن وحشيته أنه قتل ابنيه الإسكندر وأرسطوبولس\'a1 وقبل موته بخمسة أيام قتل ابنه انتيباتر وفيما هو يسلم أنفاسه الأخيرة أمر بقتل جميع عظماء أورشليم حتى يعم الحزن المدينة ولا يجد الملك الجديد مجالاً للبهجة\'a1 لكنه مات قبل أن تتحقق أمنيته الأخيرة. وهو الذي أمر بقتل أطفال بيت لحم حتى لا ينافسه مولود بيت لحم الملك. فقد ولد المسيح في أواخر أيام هذا الطاغية. ولقد مات هيرودس الكبير بعد قتل أطفال بيت لحم بثلاثة شهور بعد أن اشتدت شراهته في الفترة الأخيرة لأكل اللحم وأصيب بداء النقرس والاستسقاء\'a1 وتصاعدت منه رائحة كريهة جداً حتى لم يقدر أحد أن يقترب إليه. وبعد موته اقتسم أبناءه مملكته حسب ما سبق.
متى,2,48,"ملك هيرودس الكبير على كل اليهودية سنة 37ق.م. ودخل القدس بمعونة الرومان. وكانت أمه وأبيه أدوميين. وكان الأدوميون قد رضخوا بالقوة للمذهب اليهودي سنة 125ق.م. فلم يكن هيرودس يهودي الأصل. وقد تزوج هيرودوس عشر نساء وكان له أبناء كثيرين. واشتد التنافس فيما بينهم على وراثة العرش. وكان القصر مسرح عشرات المؤامرات والفتن. واشتركت زوجات الملك وأقاربهن في تلك المؤامرات. هذا عدا المؤامرات التي كان يحيكها هيرودس ضد أعدائه من اليهود والرومان فقد كان هيرودس الكبير قاسي القلب\'a1 عديم الشفقة يسعى وراء مصلحته مهما كانت الخسائر واشتهـر بكثـرة الحيل ولم ينتبه إلى صراخ المظلومين. وقتل عدة زوجات وأبناء وأقارب خوفاً من مؤامراتهم. ولكنه بني أماكن كثيرة أشهرها مدينة قيصرية وسماها هكذا تكريماً لأوغسطس قيصر\'a1 ورمم مدينة السامرة بعد ان تهدمت وأسماها سباسطيا (سيباستوس هو الاسم اليوناني لاسم أغسطس اللاتيني) أي مدينة أغسطس. وبدأ في ترميم الهيكل في القدس. ومن وحشيته أنه قتل ابنيه الإسكندر وأرسطوبولس\'a1 وقبل موته بخمسة أيام قتل ابنه انتيباتر وفيما هو يسلم أنفاسه الأخيرة أمر بقتل جميع عظماء أورشليم حتى يعم الحزن المدينة ولا يجد الملك الجديد مجالاً للبهجة\'a1 لكنه مات قبل أن تتحقق أمنيته الأخيرة. وهو الذي أمر بقتل أطفال بيت لحم حتى لا ينافسه مولود بيت لحم الملك. فقد ولد المسيح في أواخر أيام هذا الطاغية. ولقد مات هيرودس الكبير بعد قتل أطفال بيت لحم بثلاثة شهور بعد أن اشتدت شراهته في الفترة الأخيرة لأكل اللحم وأصيب بداء النقرس والاستسقاء\'a1 وتصاعدت منه رائحة كريهة جداً حتى لم يقدر أحد أن يقترب إليه. وبعد موته اقتسم أبناءه مملكته حسب ما سبق.
متى,2,49,"ملك هيرودس الكبير على كل اليهودية سنة 37ق.م. ودخل القدس بمعونة الرومان. وكانت أمه وأبيه أدوميين. وكان الأدوميون قد رضخوا بالقوة للمذهب اليهودي سنة 125ق.م. فلم يكن هيرودس يهودي الأصل. وقد تزوج هيرودوس عشر نساء وكان له أبناء كثيرين. واشتد التنافس فيما بينهم على وراثة العرش. وكان القصر مسرح عشرات المؤامرات والفتن. واشتركت زوجات الملك وأقاربهن في تلك المؤامرات. هذا عدا المؤامرات التي كان يحيكها هيرودس ضد أعدائه من اليهود والرومان فقد كان هيرودس الكبير قاسي القلب\'a1 عديم الشفقة يسعى وراء مصلحته مهما كانت الخسائر واشتهـر بكثـرة الحيل ولم ينتبه إلى صراخ المظلومين. وقتل عدة زوجات وأبناء وأقارب خوفاً من مؤامراتهم. ولكنه بني أماكن كثيرة أشهرها مدينة قيصرية وسماها هكذا تكريماً لأوغسطس قيصر\'a1 ورمم مدينة السامرة بعد ان تهدمت وأسماها سباسطيا (سيباستوس هو الاسم اليوناني لاسم أغسطس اللاتيني) أي مدينة أغسطس. وبدأ في ترميم الهيكل في القدس. ومن وحشيته أنه قتل ابنيه الإسكندر وأرسطوبولس\'a1 وقبل موته بخمسة أيام قتل ابنه انتيباتر وفيما هو يسلم أنفاسه الأخيرة أمر بقتل جميع عظماء أورشليم حتى يعم الحزن المدينة ولا يجد الملك الجديد مجالاً للبهجة\'a1 لكنه مات قبل أن تتحقق أمنيته الأخيرة. وهو الذي أمر بقتل أطفال بيت لحم حتى لا ينافسه مولود بيت لحم الملك. فقد ولد المسيح في أواخر أيام هذا الطاغية. ولقد مات هيرودس الكبير بعد قتل أطفال بيت لحم بثلاثة شهور بعد أن اشتدت شراهته في الفترة الأخيرة لأكل اللحم وأصيب بداء النقرس والاستسقاء\'a1 وتصاعدت منه رائحة كريهة جداً حتى لم يقدر أحد أن يقترب إليه. وبعد موته اقتسم أبناءه مملكته حسب ما سبق.
متى,2,50,"ملك هيرودس الكبير على كل اليهودية سنة 37ق.م. ودخل القدس بمعونة الرومان. وكانت أمه وأبيه أدوميين. وكان الأدوميون قد رضخوا بالقوة للمذهب اليهودي سنة 125ق.م. فلم يكن هيرودس يهودي الأصل. وقد تزوج هيرودوس عشر نساء وكان له أبناء كثيرين. واشتد التنافس فيما بينهم على وراثة العرش. وكان القصر مسرح عشرات المؤامرات والفتن. واشتركت زوجات الملك وأقاربهن في تلك المؤامرات. هذا عدا المؤامرات التي كان يحيكها هيرودس ضد أعدائه من اليهود والرومان فقد كان هيرودس الكبير قاسي القلب\'a1 عديم الشفقة يسعى وراء مصلحته مهما كانت الخسائر واشتهـر بكثـرة الحيل ولم ينتبه إلى صراخ المظلومين. وقتل عدة زوجات وأبناء وأقارب خوفاً من مؤامراتهم. ولكنه بني أماكن كثيرة أشهرها مدينة قيصرية وسماها هكذا تكريماً لأوغسطس قيصر\'a1 ورمم مدينة السامرة بعد ان تهدمت وأسماها سباسطيا (سيباستوس هو الاسم اليوناني لاسم أغسطس اللاتيني) أي مدينة أغسطس. وبدأ في ترميم الهيكل في القدس. ومن وحشيته أنه قتل ابنيه الإسكندر وأرسطوبولس\'a1 وقبل موته بخمسة أيام قتل ابنه انتيباتر وفيما هو يسلم أنفاسه الأخيرة أمر بقتل جميع عظماء أورشليم حتى يعم الحزن المدينة ولا يجد الملك الجديد مجالاً للبهجة\'a1 لكنه مات قبل أن تتحقق أمنيته الأخيرة. وهو الذي أمر بقتل أطفال بيت لحم حتى لا ينافسه مولود بيت لحم الملك. فقد ولد المسيح في أواخر أيام هذا الطاغية. ولقد مات هيرودس الكبير بعد قتل أطفال بيت لحم بثلاثة شهور بعد أن اشتدت شراهته في الفترة الأخيرة لأكل اللحم وأصيب بداء النقرس والاستسقاء\'a1 وتصاعدت منه رائحة كريهة جداً حتى لم يقدر أحد أن يقترب إليه. وبعد موته اقتسم أبناءه مملكته حسب ما سبق.
متى,2,51,"ملك هيرودس الكبير على كل اليهودية سنة 37ق.م. ودخل القدس بمعونة الرومان. وكانت أمه وأبيه أدوميين. وكان الأدوميون قد رضخوا بالقوة للمذهب اليهودي سنة 125ق.م. فلم يكن هيرودس يهودي الأصل. وقد تزوج هيرودوس عشر نساء وكان له أبناء كثيرين. واشتد التنافس فيما بينهم على وراثة العرش. وكان القصر مسرح عشرات المؤامرات والفتن. واشتركت زوجات الملك وأقاربهن في تلك المؤامرات. هذا عدا المؤامرات التي كان يحيكها هيرودس ضد أعدائه من اليهود والرومان فقد كان هيرودس الكبير قاسي القلب\'a1 عديم الشفقة يسعى وراء مصلحته مهما كانت الخسائر واشتهـر بكثـرة الحيل ولم ينتبه إلى صراخ المظلومين. وقتل عدة زوجات وأبناء وأقارب خوفاً من مؤامراتهم. ولكنه بني أماكن كثيرة أشهرها مدينة قيصرية وسماها هكذا تكريماً لأوغسطس قيصر\'a1 ورمم مدينة السامرة بعد ان تهدمت وأسماها سباسطيا (سيباستوس هو الاسم اليوناني لاسم أغسطس اللاتيني) أي مدينة أغسطس. وبدأ في ترميم الهيكل في القدس. ومن وحشيته أنه قتل ابنيه الإسكندر وأرسطوبولس\'a1 وقبل موته بخمسة أيام قتل ابنه انتيباتر وفيما هو يسلم أنفاسه الأخيرة أمر بقتل جميع عظماء أورشليم حتى يعم الحزن المدينة ولا يجد الملك الجديد مجالاً للبهجة\'a1 لكنه مات قبل أن تتحقق أمنيته الأخيرة. وهو الذي أمر بقتل أطفال بيت لحم حتى لا ينافسه مولود بيت لحم الملك. فقد ولد المسيح في أواخر أيام هذا الطاغية. ولقد مات هيرودس الكبير بعد قتل أطفال بيت لحم بثلاثة شهور بعد أن اشتدت شراهته في الفترة الأخيرة لأكل اللحم وأصيب بداء النقرس والاستسقاء\'a1 وتصاعدت منه رائحة كريهة جداً حتى لم يقدر أحد أن يقترب إليه. وبعد موته اقتسم أبناءه مملكته حسب ما سبق.
متى,2,52,"ملك هيرودس الكبير على كل اليهودية سنة 37ق.م. ودخل القدس بمعونة الرومان. وكانت أمه وأبيه أدوميين. وكان الأدوميون قد رضخوا بالقوة للمذهب اليهودي سنة 125ق.م. فلم يكن هيرودس يهودي الأصل. وقد تزوج هيرودوس عشر نساء وكان له أبناء كثيرين. واشتد التنافس فيما بينهم على وراثة العرش. وكان القصر مسرح عشرات المؤامرات والفتن. واشتركت زوجات الملك وأقاربهن في تلك المؤامرات. هذا عدا المؤامرات التي كان يحيكها هيرودس ضد أعدائه من اليهود والرومان فقد كان هيرودس الكبير قاسي القلب\'a1 عديم الشفقة يسعى وراء مصلحته مهما كانت الخسائر واشتهـر بكثـرة الحيل ولم ينتبه إلى صراخ المظلومين. وقتل عدة زوجات وأبناء وأقارب خوفاً من مؤامراتهم. ولكنه بني أماكن كثيرة أشهرها مدينة قيصرية وسماها هكذا تكريماً لأوغسطس قيصر\'a1 ورمم مدينة السامرة بعد ان تهدمت وأسماها سباسطيا (سيباستوس هو الاسم اليوناني لاسم أغسطس اللاتيني) أي مدينة أغسطس. وبدأ في ترميم الهيكل في القدس. ومن وحشيته أنه قتل ابنيه الإسكندر وأرسطوبولس\'a1 وقبل موته بخمسة أيام قتل ابنه انتيباتر وفيما هو يسلم أنفاسه الأخيرة أمر بقتل جميع عظماء أورشليم حتى يعم الحزن المدينة ولا يجد الملك الجديد مجالاً للبهجة\'a1 لكنه مات قبل أن تتحقق أمنيته الأخيرة. وهو الذي أمر بقتل أطفال بيت لحم حتى لا ينافسه مولود بيت لحم الملك. فقد ولد المسيح في أواخر أيام هذا الطاغية. ولقد مات هيرودس الكبير بعد قتل أطفال بيت لحم بثلاثة شهور بعد أن اشتدت شراهته في الفترة الأخيرة لأكل اللحم وأصيب بداء النقرس والاستسقاء\'a1 وتصاعدت منه رائحة كريهة جداً حتى لم يقدر أحد أن يقترب إليه. وبعد موته اقتسم أبناءه مملكته حسب ما سبق.
متى,2,53,"ملك هيرودس الكبير على كل اليهودية سنة 37ق.م. ودخل القدس بمعونة الرومان. وكانت أمه وأبيه أدوميين. وكان الأدوميون قد رضخوا بالقوة للمذهب اليهودي سنة 125ق.م. فلم يكن هيرودس يهودي الأصل. وقد تزوج هيرودوس عشر نساء وكان له أبناء كثيرين. واشتد التنافس فيما بينهم على وراثة العرش. وكان القصر مسرح عشرات المؤامرات والفتن. واشتركت زوجات الملك وأقاربهن في تلك المؤامرات. هذا عدا المؤامرات التي كان يحيكها هيرودس ضد أعدائه من اليهود والرومان فقد كان هيرودس الكبير قاسي القلب\'a1 عديم الشفقة يسعى وراء مصلحته مهما كانت الخسائر واشتهـر بكثـرة الحيل ولم ينتبه إلى صراخ المظلومين. وقتل عدة زوجات وأبناء وأقارب خوفاً من مؤامراتهم. ولكنه بني أماكن كثيرة أشهرها مدينة قيصرية وسماها هكذا تكريماً لأوغسطس قيصر\'a1 ورمم مدينة السامرة بعد ان تهدمت وأسماها سباسطيا (سيباستوس هو الاسم اليوناني لاسم أغسطس اللاتيني) أي مدينة أغسطس. وبدأ في ترميم الهيكل في القدس. ومن وحشيته أنه قتل ابنيه الإسكندر وأرسطوبولس\'a1 وقبل موته بخمسة أيام قتل ابنه انتيباتر وفيما هو يسلم أنفاسه الأخيرة أمر بقتل جميع عظماء أورشليم حتى يعم الحزن المدينة ولا يجد الملك الجديد مجالاً للبهجة\'a1 لكنه مات قبل أن تتحقق أمنيته الأخيرة. وهو الذي أمر بقتل أطفال بيت لحم حتى لا ينافسه مولود بيت لحم الملك. فقد ولد المسيح في أواخر أيام هذا الطاغية. ولقد مات هيرودس الكبير بعد قتل أطفال بيت لحم بثلاثة شهور بعد أن اشتدت شراهته في الفترة الأخيرة لأكل اللحم وأصيب بداء النقرس والاستسقاء\'a1 وتصاعدت منه رائحة كريهة جداً حتى لم يقدر أحد أن يقترب إليه. وبعد موته اقتسم أبناءه مملكته حسب ما سبق.
متى,2,54,"ملك هيرودس الكبير على كل اليهودية سنة 37ق.م. ودخل القدس بمعونة الرومان. وكانت أمه وأبيه أدوميين. وكان الأدوميون قد رضخوا بالقوة للمذهب اليهودي سنة 125ق.م. فلم يكن هيرودس يهودي الأصل. وقد تزوج هيرودوس عشر نساء وكان له أبناء كثيرين. واشتد التنافس فيما بينهم على وراثة العرش. وكان القصر مسرح عشرات المؤامرات والفتن. واشتركت زوجات الملك وأقاربهن في تلك المؤامرات. هذا عدا المؤامرات التي كان يحيكها هيرودس ضد أعدائه من اليهود والرومان فقد كان هيرودس الكبير قاسي القلب\'a1 عديم الشفقة يسعى وراء مصلحته مهما كانت الخسائر واشتهـر بكثـرة الحيل ولم ينتبه إلى صراخ المظلومين. وقتل عدة زوجات وأبناء وأقارب خوفاً من مؤامراتهم. ولكنه بني أماكن كثيرة أشهرها مدينة قيصرية وسماها هكذا تكريماً لأوغسطس قيصر\'a1 ورمم مدينة السامرة بعد ان تهدمت وأسماها سباسطيا (سيباستوس هو الاسم اليوناني لاسم أغسطس اللاتيني) أي مدينة أغسطس. وبدأ في ترميم الهيكل في القدس. ومن وحشيته أنه قتل ابنيه الإسكندر وأرسطوبولس\'a1 وقبل موته بخمسة أيام قتل ابنه انتيباتر وفيما هو يسلم أنفاسه الأخيرة أمر بقتل جميع عظماء أورشليم حتى يعم الحزن المدينة ولا يجد الملك الجديد مجالاً للبهجة\'a1 لكنه مات قبل أن تتحقق أمنيته الأخيرة. وهو الذي أمر بقتل أطفال بيت لحم حتى لا ينافسه مولود بيت لحم الملك. فقد ولد المسيح في أواخر أيام هذا الطاغية. ولقد مات هيرودس الكبير بعد قتل أطفال بيت لحم بثلاثة شهور بعد أن اشتدت شراهته في الفترة الأخيرة لأكل اللحم وأصيب بداء النقرس والاستسقاء\'a1 وتصاعدت منه رائحة كريهة جداً حتى لم يقدر أحد أن يقترب إليه. وبعد موته اقتسم أبناءه مملكته حسب ما سبق.
متى,2,55,"ملك هيرودس الكبير على كل اليهودية سنة 37ق.م. ودخل القدس بمعونة الرومان. وكانت أمه وأبيه أدوميين. وكان الأدوميون قد رضخوا بالقوة للمذهب اليهودي سنة 125ق.م. فلم يكن هيرودس يهودي الأصل. وقد تزوج هيرودوس عشر نساء وكان له أبناء كثيرين. واشتد التنافس فيما بينهم على وراثة العرش. وكان القصر مسرح عشرات المؤامرات والفتن. واشتركت زوجات الملك وأقاربهن في تلك المؤامرات. هذا عدا المؤامرات التي كان يحيكها هيرودس ضد أعدائه من اليهود والرومان فقد كان هيرودس الكبير قاسي القلب\'a1 عديم الشفقة يسعى وراء مصلحته مهما كانت الخسائر واشتهـر بكثـرة الحيل ولم ينتبه إلى صراخ المظلومين. وقتل عدة زوجات وأبناء وأقارب خوفاً من مؤامراتهم. ولكنه بني أماكن كثيرة أشهرها مدينة قيصرية وسماها هكذا تكريماً لأوغسطس قيصر\'a1 ورمم مدينة السامرة بعد ان تهدمت وأسماها سباسطيا (سيباستوس هو الاسم اليوناني لاسم أغسطس اللاتيني) أي مدينة أغسطس. وبدأ في ترميم الهيكل في القدس. ومن وحشيته أنه قتل ابنيه الإسكندر وأرسطوبولس\'a1 وقبل موته بخمسة أيام قتل ابنه انتيباتر وفيما هو يسلم أنفاسه الأخيرة أمر بقتل جميع عظماء أورشليم حتى يعم الحزن المدينة ولا يجد الملك الجديد مجالاً للبهجة\'a1 لكنه مات قبل أن تتحقق أمنيته الأخيرة. وهو الذي أمر بقتل أطفال بيت لحم حتى لا ينافسه مولود بيت لحم الملك. فقد ولد المسيح في أواخر أيام هذا الطاغية. ولقد مات هيرودس الكبير بعد قتل أطفال بيت لحم بثلاثة شهور بعد أن اشتدت شراهته في الفترة الأخيرة لأكل اللحم وأصيب بداء النقرس والاستسقاء\'a1 وتصاعدت منه رائحة كريهة جداً حتى لم يقدر أحد أن يقترب إليه. وبعد موته اقتسم أبناءه مملكته حسب ما سبق.
متى,2,56,"ملك هيرودس الكبير على كل اليهودية سنة 37ق.م. ودخل القدس بمعونة الرومان. وكانت أمه وأبيه أدوميين. وكان الأدوميون قد رضخوا بالقوة للمذهب اليهودي سنة 125ق.م. فلم يكن هيرودس يهودي الأصل. وقد تزوج هيرودوس عشر نساء وكان له أبناء كثيرين. واشتد التنافس فيما بينهم على وراثة العرش. وكان القصر مسرح عشرات المؤامرات والفتن. واشتركت زوجات الملك وأقاربهن في تلك المؤامرات. هذا عدا المؤامرات التي كان يحيكها هيرودس ضد أعدائه من اليهود والرومان فقد كان هيرودس الكبير قاسي القلب\'a1 عديم الشفقة يسعى وراء مصلحته مهما كانت الخسائر واشتهـر بكثـرة الحيل ولم ينتبه إلى صراخ المظلومين. وقتل عدة زوجات وأبناء وأقارب خوفاً من مؤامراتهم. ولكنه بني أماكن كثيرة أشهرها مدينة قيصرية وسماها هكذا تكريماً لأوغسطس قيصر\'a1 ورمم مدينة السامرة بعد ان تهدمت وأسماها سباسطيا (سيباستوس هو الاسم اليوناني لاسم أغسطس اللاتيني) أي مدينة أغسطس. وبدأ في ترميم الهيكل في القدس. ومن وحشيته أنه قتل ابنيه الإسكندر وأرسطوبولس\'a1 وقبل موته بخمسة أيام قتل ابنه انتيباتر وفيما هو يسلم أنفاسه الأخيرة أمر بقتل جميع عظماء أورشليم حتى يعم الحزن المدينة ولا يجد الملك الجديد مجالاً للبهجة\'a1 لكنه مات قبل أن تتحقق أمنيته الأخيرة. وهو الذي أمر بقتل أطفال بيت لحم حتى لا ينافسه مولود بيت لحم الملك. فقد ولد المسيح في أواخر أيام هذا الطاغية. ولقد مات هيرودس الكبير بعد قتل أطفال بيت لحم بثلاثة شهور بعد أن اشتدت شراهته في الفترة الأخيرة لأكل اللحم وأصيب بداء النقرس والاستسقاء\'a1 وتصاعدت منه رائحة كريهة جداً حتى لم يقدر أحد أن يقترب إليه. وبعد موته اقتسم أبناءه مملكته حسب ما سبق.
متى,2,57,"ملك هيرودس الكبير على كل اليهودية سنة 37ق.م. ودخل القدس بمعونة الرومان. وكانت أمه وأبيه أدوميين. وكان الأدوميون قد رضخوا بالقوة للمذهب اليهودي سنة 125ق.م. فلم يكن هيرودس يهودي الأصل. وقد تزوج هيرودوس عشر نساء وكان له أبناء كثيرين. واشتد التنافس فيما بينهم على وراثة العرش. وكان القصر مسرح عشرات المؤامرات والفتن. واشتركت زوجات الملك وأقاربهن في تلك المؤامرات. هذا عدا المؤامرات التي كان يحيكها هيرودس ضد أعدائه من اليهود والرومان فقد كان هيرودس الكبير قاسي القلب\'a1 عديم الشفقة يسعى وراء مصلحته مهما كانت الخسائر واشتهـر بكثـرة الحيل ولم ينتبه إلى صراخ المظلومين. وقتل عدة زوجات وأبناء وأقارب خوفاً من مؤامراتهم. ولكنه بني أماكن كثيرة أشهرها مدينة قيصرية وسماها هكذا تكريماً لأوغسطس قيصر\'a1 ورمم مدينة السامرة بعد ان تهدمت وأسماها سباسطيا (سيباستوس هو الاسم اليوناني لاسم أغسطس اللاتيني) أي مدينة أغسطس. وبدأ في ترميم الهيكل في القدس. ومن وحشيته أنه قتل ابنيه الإسكندر وأرسطوبولس\'a1 وقبل موته بخمسة أيام قتل ابنه انتيباتر وفيما هو يسلم أنفاسه الأخيرة أمر بقتل جميع عظماء أورشليم حتى يعم الحزن المدينة ولا يجد الملك الجديد مجالاً للبهجة\'a1 لكنه مات قبل أن تتحقق أمنيته الأخيرة. وهو الذي أمر بقتل أطفال بيت لحم حتى لا ينافسه مولود بيت لحم الملك. فقد ولد المسيح في أواخر أيام هذا الطاغية. ولقد مات هيرودس الكبير بعد قتل أطفال بيت لحم بثلاثة شهور بعد أن اشتدت شراهته في الفترة الأخيرة لأكل اللحم وأصيب بداء النقرس والاستسقاء\'a1 وتصاعدت منه رائحة كريهة جداً حتى لم يقدر أحد أن يقترب إليه. وبعد موته اقتسم أبناءه مملكته حسب ما سبق.
متى,2,58,"ملك هيرودس الكبير على كل اليهودية سنة 37ق.م. ودخل القدس بمعونة الرومان. وكانت أمه وأبيه أدوميين. وكان الأدوميون قد رضخوا بالقوة للمذهب اليهودي سنة 125ق.م. فلم يكن هيرودس يهودي الأصل. وقد تزوج هيرودوس عشر نساء وكان له أبناء كثيرين. واشتد التنافس فيما بينهم على وراثة العرش. وكان القصر مسرح عشرات المؤامرات والفتن. واشتركت زوجات الملك وأقاربهن في تلك المؤامرات. هذا عدا المؤامرات التي كان يحيكها هيرودس ضد أعدائه من اليهود والرومان فقد كان هيرودس الكبير قاسي القلب\'a1 عديم الشفقة يسعى وراء مصلحته مهما كانت الخسائر واشتهـر بكثـرة الحيل ولم ينتبه إلى صراخ المظلومين. وقتل عدة زوجات وأبناء وأقارب خوفاً من مؤامراتهم. ولكنه بني أماكن كثيرة أشهرها مدينة قيصرية وسماها هكذا تكريماً لأوغسطس قيصر\'a1 ورمم مدينة السامرة بعد ان تهدمت وأسماها سباسطيا (سيباستوس هو الاسم اليوناني لاسم أغسطس اللاتيني) أي مدينة أغسطس. وبدأ في ترميم الهيكل في القدس. ومن وحشيته أنه قتل ابنيه الإسكندر وأرسطوبولس\'a1 وقبل موته بخمسة أيام قتل ابنه انتيباتر وفيما هو يسلم أنفاسه الأخيرة أمر بقتل جميع عظماء أورشليم حتى يعم الحزن المدينة ولا يجد الملك الجديد مجالاً للبهجة\'a1 لكنه مات قبل أن تتحقق أمنيته الأخيرة. وهو الذي أمر بقتل أطفال بيت لحم حتى لا ينافسه مولود بيت لحم الملك. فقد ولد المسيح في أواخر أيام هذا الطاغية. ولقد مات هيرودس الكبير بعد قتل أطفال بيت لحم بثلاثة شهور بعد أن اشتدت شراهته في الفترة الأخيرة لأكل اللحم وأصيب بداء النقرس والاستسقاء\'a1 وتصاعدت منه رائحة كريهة جداً حتى لم يقدر أحد أن يقترب إليه. وبعد موته اقتسم أبناءه مملكته حسب ما سبق.
متى,2,59,"ملك هيرودس الكبير على كل اليهودية سنة 37ق.م. ودخل القدس بمعونة الرومان. وكانت أمه وأبيه أدوميين. وكان الأدوميون قد رضخوا بالقوة للمذهب اليهودي سنة 125ق.م. فلم يكن هيرودس يهودي الأصل. وقد تزوج هيرودوس عشر نساء وكان له أبناء كثيرين. واشتد التنافس فيما بينهم على وراثة العرش. وكان القصر مسرح عشرات المؤامرات والفتن. واشتركت زوجات الملك وأقاربهن في تلك المؤامرات. هذا عدا المؤامرات التي كان يحيكها هيرودس ضد أعدائه من اليهود والرومان فقد كان هيرودس الكبير قاسي القلب\'a1 عديم الشفقة يسعى وراء مصلحته مهما كانت الخسائر واشتهـر بكثـرة الحيل ولم ينتبه إلى صراخ المظلومين. وقتل عدة زوجات وأبناء وأقارب خوفاً من مؤامراتهم. ولكنه بني أماكن كثيرة أشهرها مدينة قيصرية وسماها هكذا تكريماً لأوغسطس قيصر\'a1 ورمم مدينة السامرة بعد ان تهدمت وأسماها سباسطيا (سيباستوس هو الاسم اليوناني لاسم أغسطس اللاتيني) أي مدينة أغسطس. وبدأ في ترميم الهيكل في القدس. ومن وحشيته أنه قتل ابنيه الإسكندر وأرسطوبولس\'a1 وقبل موته بخمسة أيام قتل ابنه انتيباتر وفيما هو يسلم أنفاسه الأخيرة أمر بقتل جميع عظماء أورشليم حتى يعم الحزن المدينة ولا يجد الملك الجديد مجالاً للبهجة\'a1 لكنه مات قبل أن تتحقق أمنيته الأخيرة. وهو الذي أمر بقتل أطفال بيت لحم حتى لا ينافسه مولود بيت لحم الملك. فقد ولد المسيح في أواخر أيام هذا الطاغية. ولقد مات هيرودس الكبير بعد قتل أطفال بيت لحم بثلاثة شهور بعد أن اشتدت شراهته في الفترة الأخيرة لأكل اللحم وأصيب بداء النقرس والاستسقاء\'a1 وتصاعدت منه رائحة كريهة جداً حتى لم يقدر أحد أن يقترب إليه. وبعد موته اقتسم أبناءه مملكته حسب ما سبق.
متى,2,60,"ملك هيرودس الكبير على كل اليهودية سنة 37ق.م. ودخل القدس بمعونة الرومان. وكانت أمه وأبيه أدوميين. وكان الأدوميون قد رضخوا بالقوة للمذهب اليهودي سنة 125ق.م. فلم يكن هيرودس يهودي الأصل. وقد تزوج هيرودوس عشر نساء وكان له أبناء كثيرين. واشتد التنافس فيما بينهم على وراثة العرش. وكان القصر مسرح عشرات المؤامرات والفتن. واشتركت زوجات الملك وأقاربهن في تلك المؤامرات. هذا عدا المؤامرات التي كان يحيكها هيرودس ضد أعدائه من اليهود والرومان فقد كان هيرودس الكبير قاسي القلب\'a1 عديم الشفقة يسعى وراء مصلحته مهما كانت الخسائر واشتهـر بكثـرة الحيل ولم ينتبه إلى صراخ المظلومين. وقتل عدة زوجات وأبناء وأقارب خوفاً من مؤامراتهم. ولكنه بني أماكن كثيرة أشهرها مدينة قيصرية وسماها هكذا تكريماً لأوغسطس قيصر\'a1 ورمم مدينة السامرة بعد ان تهدمت وأسماها سباسطيا (سيباستوس هو الاسم اليوناني لاسم أغسطس اللاتيني) أي مدينة أغسطس. وبدأ في ترميم الهيكل في القدس. ومن وحشيته أنه قتل ابنيه الإسكندر وأرسطوبولس\'a1 وقبل موته بخمسة أيام قتل ابنه انتيباتر وفيما هو يسلم أنفاسه الأخيرة أمر بقتل جميع عظماء أورشليم حتى يعم الحزن المدينة ولا يجد الملك الجديد مجالاً للبهجة\'a1 لكنه مات قبل أن تتحقق أمنيته الأخيرة. وهو الذي أمر بقتل أطفال بيت لحم حتى لا ينافسه مولود بيت لحم الملك. فقد ولد المسيح في أواخر أيام هذا الطاغية. ولقد مات هيرودس الكبير بعد قتل أطفال بيت لحم بثلاثة شهور بعد أن اشتدت شراهته في الفترة الأخيرة لأكل اللحم وأصيب بداء النقرس والاستسقاء\'a1 وتصاعدت منه رائحة كريهة جداً حتى لم يقدر أحد أن يقترب إليه. وبعد موته اقتسم أبناءه مملكته حسب ما سبق.
متى,2,61,"ملك هيرودس الكبير على كل اليهودية سنة 37ق.م. ودخل القدس بمعونة الرومان. وكانت أمه وأبيه أدوميين. وكان الأدوميون قد رضخوا بالقوة للمذهب اليهودي سنة 125ق.م. فلم يكن هيرودس يهودي الأصل. وقد تزوج هيرودوس عشر نساء وكان له أبناء كثيرين. واشتد التنافس فيما بينهم على وراثة العرش. وكان القصر مسرح عشرات المؤامرات والفتن. واشتركت زوجات الملك وأقاربهن في تلك المؤامرات. هذا عدا المؤامرات التي كان يحيكها هيرودس ضد أعدائه من اليهود والرومان فقد كان هيرودس الكبير قاسي القلب\'a1 عديم الشفقة يسعى وراء مصلحته مهما كانت الخسائر واشتهـر بكثـرة الحيل ولم ينتبه إلى صراخ المظلومين. وقتل عدة زوجات وأبناء وأقارب خوفاً من مؤامراتهم. ولكنه بني أماكن كثيرة أشهرها مدينة قيصرية وسماها هكذا تكريماً لأوغسطس قيصر\'a1 ورمم مدينة السامرة بعد ان تهدمت وأسماها سباسطيا (سيباستوس هو الاسم اليوناني لاسم أغسطس اللاتيني) أي مدينة أغسطس. وبدأ في ترميم الهيكل في القدس. ومن وحشيته أنه قتل ابنيه الإسكندر وأرسطوبولس\'a1 وقبل موته بخمسة أيام قتل ابنه انتيباتر وفيما هو يسلم أنفاسه الأخيرة أمر بقتل جميع عظماء أورشليم حتى يعم الحزن المدينة ولا يجد الملك الجديد مجالاً للبهجة\'a1 لكنه مات قبل أن تتحقق أمنيته الأخيرة. وهو الذي أمر بقتل أطفال بيت لحم حتى لا ينافسه مولود بيت لحم الملك. فقد ولد المسيح في أواخر أيام هذا الطاغية. ولقد مات هيرودس الكبير بعد قتل أطفال بيت لحم بثلاثة شهور بعد أن اشتدت شراهته في الفترة الأخيرة لأكل اللحم وأصيب بداء النقرس والاستسقاء\'a1 وتصاعدت منه رائحة كريهة جداً حتى لم يقدر أحد أن يقترب إليه. وبعد موته اقتسم أبناءه مملكته حسب ما سبق.
متى,2,62,"ملك هيرودس الكبير على كل اليهودية سنة 37ق.م. ودخل القدس بمعونة الرومان. وكانت أمه وأبيه أدوميين. وكان الأدوميون قد رضخوا بالقوة للمذهب اليهودي سنة 125ق.م. فلم يكن هيرودس يهودي الأصل. وقد تزوج هيرودوس عشر نساء وكان له أبناء كثيرين. واشتد التنافس فيما بينهم على وراثة العرش. وكان القصر مسرح عشرات المؤامرات والفتن. واشتركت زوجات الملك وأقاربهن في تلك المؤامرات. هذا عدا المؤامرات التي كان يحيكها هيرودس ضد أعدائه من اليهود والرومان فقد كان هيرودس الكبير قاسي القلب\'a1 عديم الشفقة يسعى وراء مصلحته مهما كانت الخسائر واشتهـر بكثـرة الحيل ولم ينتبه إلى صراخ المظلومين. وقتل عدة زوجات وأبناء وأقارب خوفاً من مؤامراتهم. ولكنه بني أماكن كثيرة أشهرها مدينة قيصرية وسماها هكذا تكريماً لأوغسطس قيصر\'a1 ورمم مدينة السامرة بعد ان تهدمت وأسماها سباسطيا (سيباستوس هو الاسم اليوناني لاسم أغسطس اللاتيني) أي مدينة أغسطس. وبدأ في ترميم الهيكل في القدس. ومن وحشيته أنه قتل ابنيه الإسكندر وأرسطوبولس\'a1 وقبل موته بخمسة أيام قتل ابنه انتيباتر وفيما هو يسلم أنفاسه الأخيرة أمر بقتل جميع عظماء أورشليم حتى يعم الحزن المدينة ولا يجد الملك الجديد مجالاً للبهجة\'a1 لكنه مات قبل أن تتحقق أمنيته الأخيرة. وهو الذي أمر بقتل أطفال بيت لحم حتى لا ينافسه مولود بيت لحم الملك. فقد ولد المسيح في أواخر أيام هذا الطاغية. ولقد مات هيرودس الكبير بعد قتل أطفال بيت لحم بثلاثة شهور بعد أن اشتدت شراهته في الفترة الأخيرة لأكل اللحم وأصيب بداء النقرس والاستسقاء\'a1 وتصاعدت منه رائحة كريهة جداً حتى لم يقدر أحد أن يقترب إليه. وبعد موته اقتسم أبناءه مملكته حسب ما سبق.
متى,2,63,"ملك هيرودس الكبير على كل اليهودية سنة 37ق.م. ودخل القدس بمعونة الرومان. وكانت أمه وأبيه أدوميين. وكان الأدوميون قد رضخوا بالقوة للمذهب اليهودي سنة 125ق.م. فلم يكن هيرودس يهودي الأصل. وقد تزوج هيرودوس عشر نساء وكان له أبناء كثيرين. واشتد التنافس فيما بينهم على وراثة العرش. وكان القصر مسرح عشرات المؤامرات والفتن. واشتركت زوجات الملك وأقاربهن في تلك المؤامرات. هذا عدا المؤامرات التي كان يحيكها هيرودس ضد أعدائه من اليهود والرومان فقد كان هيرودس الكبير قاسي القلب\'a1 عديم الشفقة يسعى وراء مصلحته مهما كانت الخسائر واشتهـر بكثـرة الحيل ولم ينتبه إلى صراخ المظلومين. وقتل عدة زوجات وأبناء وأقارب خوفاً من مؤامراتهم. ولكنه بني أماكن كثيرة أشهرها مدينة قيصرية وسماها هكذا تكريماً لأوغسطس قيصر\'a1 ورمم مدينة السامرة بعد ان تهدمت وأسماها سباسطيا (سيباستوس هو الاسم اليوناني لاسم أغسطس اللاتيني) أي مدينة أغسطس. وبدأ في ترميم الهيكل في القدس. ومن وحشيته أنه قتل ابنيه الإسكندر وأرسطوبولس\'a1 وقبل موته بخمسة أيام قتل ابنه انتيباتر وفيما هو يسلم أنفاسه الأخيرة أمر بقتل جميع عظماء أورشليم حتى يعم الحزن المدينة ولا يجد الملك الجديد مجالاً للبهجة\'a1 لكنه مات قبل أن تتحقق أمنيته الأخيرة. وهو الذي أمر بقتل أطفال بيت لحم حتى لا ينافسه مولود بيت لحم الملك. فقد ولد المسيح في أواخر أيام هذا الطاغية. ولقد مات هيرودس الكبير بعد قتل أطفال بيت لحم بثلاثة شهور بعد أن اشتدت شراهته في الفترة الأخيرة لأكل اللحم وأصيب بداء النقرس والاستسقاء\'a1 وتصاعدت منه رائحة كريهة جداً حتى لم يقدر أحد أن يقترب إليه. وبعد موته اقتسم أبناءه مملكته حسب ما سبق.
متى,2,64,"ملك هيرودس الكبير على كل اليهودية سنة 37ق.م. ودخل القدس بمعونة الرومان. وكانت أمه وأبيه أدوميين. وكان الأدوميون قد رضخوا بالقوة للمذهب اليهودي سنة 125ق.م. فلم يكن هيرودس يهودي الأصل. وقد تزوج هيرودوس عشر نساء وكان له أبناء كثيرين. واشتد التنافس فيما بينهم على وراثة العرش. وكان القصر مسرح عشرات المؤامرات والفتن. واشتركت زوجات الملك وأقاربهن في تلك المؤامرات. هذا عدا المؤامرات التي كان يحيكها هيرودس ضد أعدائه من اليهود والرومان فقد كان هيرودس الكبير قاسي القلب\'a1 عديم الشفقة يسعى وراء مصلحته مهما كانت الخسائر واشتهـر بكثـرة الحيل ولم ينتبه إلى صراخ المظلومين. وقتل عدة زوجات وأبناء وأقارب خوفاً من مؤامراتهم. ولكنه بني أماكن كثيرة أشهرها مدينة قيصرية وسماها هكذا تكريماً لأوغسطس قيصر\'a1 ورمم مدينة السامرة بعد ان تهدمت وأسماها سباسطيا (سيباستوس هو الاسم اليوناني لاسم أغسطس اللاتيني) أي مدينة أغسطس. وبدأ في ترميم الهيكل في القدس. ومن وحشيته أنه قتل ابنيه الإسكندر وأرسطوبولس\'a1 وقبل موته بخمسة أيام قتل ابنه انتيباتر وفيما هو يسلم أنفاسه الأخيرة أمر بقتل جميع عظماء أورشليم حتى يعم الحزن المدينة ولا يجد الملك الجديد مجالاً للبهجة\'a1 لكنه مات قبل أن تتحقق أمنيته الأخيرة. وهو الذي أمر بقتل أطفال بيت لحم حتى لا ينافسه مولود بيت لحم الملك. فقد ولد المسيح في أواخر أيام هذا الطاغية. ولقد مات هيرودس الكبير بعد قتل أطفال بيت لحم بثلاثة شهور بعد أن اشتدت شراهته في الفترة الأخيرة لأكل اللحم وأصيب بداء النقرس والاستسقاء\'a1 وتصاعدت منه رائحة كريهة جداً حتى لم يقدر أحد أن يقترب إليه. وبعد موته اقتسم أبناءه مملكته حسب ما سبق.
متى,2,65,"ملك هيرودس الكبير على كل اليهودية سنة 37ق.م. ودخل القدس بمعونة الرومان. وكانت أمه وأبيه أدوميين. وكان الأدوميون قد رضخوا بالقوة للمذهب اليهودي سنة 125ق.م. فلم يكن هيرودس يهودي الأصل. وقد تزوج هيرودوس عشر نساء وكان له أبناء كثيرين. واشتد التنافس فيما بينهم على وراثة العرش. وكان القصر مسرح عشرات المؤامرات والفتن. واشتركت زوجات الملك وأقاربهن في تلك المؤامرات. هذا عدا المؤامرات التي كان يحيكها هيرودس ضد أعدائه من اليهود والرومان فقد كان هيرودس الكبير قاسي القلب\'a1 عديم الشفقة يسعى وراء مصلحته مهما كانت الخسائر واشتهـر بكثـرة الحيل ولم ينتبه إلى صراخ المظلومين. وقتل عدة زوجات وأبناء وأقارب خوفاً من مؤامراتهم. ولكنه بني أماكن كثيرة أشهرها مدينة قيصرية وسماها هكذا تكريماً لأوغسطس قيصر\'a1 ورمم مدينة السامرة بعد ان تهدمت وأسماها سباسطيا (سيباستوس هو الاسم اليوناني لاسم أغسطس اللاتيني) أي مدينة أغسطس. وبدأ في ترميم الهيكل في القدس. ومن وحشيته أنه قتل ابنيه الإسكندر وأرسطوبولس\'a1 وقبل موته بخمسة أيام قتل ابنه انتيباتر وفيما هو يسلم أنفاسه الأخيرة أمر بقتل جميع عظماء أورشليم حتى يعم الحزن المدينة ولا يجد الملك الجديد مجالاً للبهجة\'a1 لكنه مات قبل أن تتحقق أمنيته الأخيرة. وهو الذي أمر بقتل أطفال بيت لحم حتى لا ينافسه مولود بيت لحم الملك. فقد ولد المسيح في أواخر أيام هذا الطاغية. ولقد مات هيرودس الكبير بعد قتل أطفال بيت لحم بثلاثة شهور بعد أن اشتدت شراهته في الفترة الأخيرة لأكل اللحم وأصيب بداء النقرس والاستسقاء\'a1 وتصاعدت منه رائحة كريهة جداً حتى لم يقدر أحد أن يقترب إليه. وبعد موته اقتسم أبناءه مملكته حسب ما سبق.
متى,2,66,"ملك هيرودس الكبير على كل اليهودية سنة 37ق.م. ودخل القدس بمعونة الرومان. وكانت أمه وأبيه أدوميين. وكان الأدوميون قد رضخوا بالقوة للمذهب اليهودي سنة 125ق.م. فلم يكن هيرودس يهودي الأصل. وقد تزوج هيرودوس عشر نساء وكان له أبناء كثيرين. واشتد التنافس فيما بينهم على وراثة العرش. وكان القصر مسرح عشرات المؤامرات والفتن. واشتركت زوجات الملك وأقاربهن في تلك المؤامرات. هذا عدا المؤامرات التي كان يحيكها هيرودس ضد أعدائه من اليهود والرومان فقد كان هيرودس الكبير قاسي القلب\'a1 عديم الشفقة يسعى وراء مصلحته مهما كانت الخسائر واشتهـر بكثـرة الحيل ولم ينتبه إلى صراخ المظلومين. وقتل عدة زوجات وأبناء وأقارب خوفاً من مؤامراتهم. ولكنه بني أماكن كثيرة أشهرها مدينة قيصرية وسماها هكذا تكريماً لأوغسطس قيصر\'a1 ورمم مدينة السامرة بعد ان تهدمت وأسماها سباسطيا (سيباستوس هو الاسم اليوناني لاسم أغسطس اللاتيني) أي مدينة أغسطس. وبدأ في ترميم الهيكل في القدس. ومن وحشيته أنه قتل ابنيه الإسكندر وأرسطوبولس\'a1 وقبل موته بخمسة أيام قتل ابنه انتيباتر وفيما هو يسلم أنفاسه الأخيرة أمر بقتل جميع عظماء أورشليم حتى يعم الحزن المدينة ولا يجد الملك الجديد مجالاً للبهجة\'a1 لكنه مات قبل أن تتحقق أمنيته الأخيرة. وهو الذي أمر بقتل أطفال بيت لحم حتى لا ينافسه مولود بيت لحم الملك. فقد ولد المسيح في أواخر أيام هذا الطاغية. ولقد مات هيرودس الكبير بعد قتل أطفال بيت لحم بثلاثة شهور بعد أن اشتدت شراهته في الفترة الأخيرة لأكل اللحم وأصيب بداء النقرس والاستسقاء\'a1 وتصاعدت منه رائحة كريهة جداً حتى لم يقدر أحد أن يقترب إليه. وبعد موته اقتسم أبناءه مملكته حسب ما سبق.
متى,2,67,"ملك هيرودس الكبير على كل اليهودية سنة 37ق.م. ودخل القدس بمعونة الرومان. وكانت أمه وأبيه أدوميين. وكان الأدوميون قد رضخوا بالقوة للمذهب اليهودي سنة 125ق.م. فلم يكن هيرودس يهودي الأصل. وقد تزوج هيرودوس عشر نساء وكان له أبناء كثيرين. واشتد التنافس فيما بينهم على وراثة العرش. وكان القصر مسرح عشرات المؤامرات والفتن. واشتركت زوجات الملك وأقاربهن في تلك المؤامرات. هذا عدا المؤامرات التي كان يحيكها هيرودس ضد أعدائه من اليهود والرومان فقد كان هيرودس الكبير قاسي القلب\'a1 عديم الشفقة يسعى وراء مصلحته مهما كانت الخسائر واشتهـر بكثـرة الحيل ولم ينتبه إلى صراخ المظلومين. وقتل عدة زوجات وأبناء وأقارب خوفاً من مؤامراتهم. ولكنه بني أماكن كثيرة أشهرها مدينة قيصرية وسماها هكذا تكريماً لأوغسطس قيصر\'a1 ورمم مدينة السامرة بعد ان تهدمت وأسماها سباسطيا (سيباستوس هو الاسم اليوناني لاسم أغسطس اللاتيني) أي مدينة أغسطس. وبدأ في ترميم الهيكل في القدس. ومن وحشيته أنه قتل ابنيه الإسكندر وأرسطوبولس\'a1 وقبل موته بخمسة أيام قتل ابنه انتيباتر وفيما هو يسلم أنفاسه الأخيرة أمر بقتل جميع عظماء أورشليم حتى يعم الحزن المدينة ولا يجد الملك الجديد مجالاً للبهجة\'a1 لكنه مات قبل أن تتحقق أمنيته الأخيرة. وهو الذي أمر بقتل أطفال بيت لحم حتى لا ينافسه مولود بيت لحم الملك. فقد ولد المسيح في أواخر أيام هذا الطاغية. ولقد مات هيرودس الكبير بعد قتل أطفال بيت لحم بثلاثة شهور بعد أن اشتدت شراهته في الفترة الأخيرة لأكل اللحم وأصيب بداء النقرس والاستسقاء\'a1 وتصاعدت منه رائحة كريهة جداً حتى لم يقدر أحد أن يقترب إليه. وبعد موته اقتسم أبناءه مملكته حسب ما سبق.
متى,2,68,"ملك هيرودس الكبير على كل اليهودية سنة 37ق.م. ودخل القدس بمعونة الرومان. وكانت أمه وأبيه أدوميين. وكان الأدوميون قد رضخوا بالقوة للمذهب اليهودي سنة 125ق.م. فلم يكن هيرودس يهودي الأصل. وقد تزوج هيرودوس عشر نساء وكان له أبناء كثيرين. واشتد التنافس فيما بينهم على وراثة العرش. وكان القصر مسرح عشرات المؤامرات والفتن. واشتركت زوجات الملك وأقاربهن في تلك المؤامرات. هذا عدا المؤامرات التي كان يحيكها هيرودس ضد أعدائه من اليهود والرومان فقد كان هيرودس الكبير قاسي القلب\'a1 عديم الشفقة يسعى وراء مصلحته مهما كانت الخسائر واشتهـر بكثـرة الحيل ولم ينتبه إلى صراخ المظلومين. وقتل عدة زوجات وأبناء وأقارب خوفاً من مؤامراتهم. ولكنه بني أماكن كثيرة أشهرها مدينة قيصرية وسماها هكذا تكريماً لأوغسطس قيصر\'a1 ورمم مدينة السامرة بعد ان تهدمت وأسماها سباسطيا (سيباستوس هو الاسم اليوناني لاسم أغسطس اللاتيني) أي مدينة أغسطس. وبدأ في ترميم الهيكل في القدس. ومن وحشيته أنه قتل ابنيه الإسكندر وأرسطوبولس\'a1 وقبل موته بخمسة أيام قتل ابنه انتيباتر وفيما هو يسلم أنفاسه الأخيرة أمر بقتل جميع عظماء أورشليم حتى يعم الحزن المدينة ولا يجد الملك الجديد مجالاً للبهجة\'a1 لكنه مات قبل أن تتحقق أمنيته الأخيرة. وهو الذي أمر بقتل أطفال بيت لحم حتى لا ينافسه مولود بيت لحم الملك. فقد ولد المسيح في أواخر أيام هذا الطاغية. ولقد مات هيرودس الكبير بعد قتل أطفال بيت لحم بثلاثة شهور بعد أن اشتدت شراهته في الفترة الأخيرة لأكل اللحم وأصيب بداء النقرس والاستسقاء\'a1 وتصاعدت منه رائحة كريهة جداً حتى لم يقدر أحد أن يقترب إليه. وبعد موته اقتسم أبناءه مملكته حسب ما سبق.
متى,2,69,"ملك هيرودس الكبير على كل اليهودية سنة 37ق.م. ودخل القدس بمعونة الرومان. وكانت أمه وأبيه أدوميين. وكان الأدوميون قد رضخوا بالقوة للمذهب اليهودي سنة 125ق.م. فلم يكن هيرودس يهودي الأصل. وقد تزوج هيرودوس عشر نساء وكان له أبناء كثيرين. واشتد التنافس فيما بينهم على وراثة العرش. وكان القصر مسرح عشرات المؤامرات والفتن. واشتركت زوجات الملك وأقاربهن في تلك المؤامرات. هذا عدا المؤامرات التي كان يحيكها هيرودس ضد أعدائه من اليهود والرومان فقد كان هيرودس الكبير قاسي القلب\'a1 عديم الشفقة يسعى وراء مصلحته مهما كانت الخسائر واشتهـر بكثـرة الحيل ولم ينتبه إلى صراخ المظلومين. وقتل عدة زوجات وأبناء وأقارب خوفاً من مؤامراتهم. ولكنه بني أماكن كثيرة أشهرها مدينة قيصرية وسماها هكذا تكريماً لأوغسطس قيصر\'a1 ورمم مدينة السامرة بعد ان تهدمت وأسماها سباسطيا (سيباستوس هو الاسم اليوناني لاسم أغسطس اللاتيني) أي مدينة أغسطس. وبدأ في ترميم الهيكل في القدس. ومن وحشيته أنه قتل ابنيه الإسكندر وأرسطوبولس\'a1 وقبل موته بخمسة أيام قتل ابنه انتيباتر وفيما هو يسلم أنفاسه الأخيرة أمر بقتل جميع عظماء أورشليم حتى يعم الحزن المدينة ولا يجد الملك الجديد مجالاً للبهجة\'a1 لكنه مات قبل أن تتحقق أمنيته الأخيرة. وهو الذي أمر بقتل أطفال بيت لحم حتى لا ينافسه مولود بيت لحم الملك. فقد ولد المسيح في أواخر أيام هذا الطاغية. ولقد مات هيرودس الكبير بعد قتل أطفال بيت لحم بثلاثة شهور بعد أن اشتدت شراهته في الفترة الأخيرة لأكل اللحم وأصيب بداء النقرس والاستسقاء\'a1 وتصاعدت منه رائحة كريهة جداً حتى لم يقدر أحد أن يقترب إليه. وبعد موته اقتسم أبناءه مملكته حسب ما سبق.
متى,2,70,"ملك هيرودس الكبير على كل اليهودية سنة 37ق.م. ودخل القدس بمعونة الرومان. وكانت أمه وأبيه أدوميين. وكان الأدوميون قد رضخوا بالقوة للمذهب اليهودي سنة 125ق.م. فلم يكن هيرودس يهودي الأصل. وقد تزوج هيرودوس عشر نساء وكان له أبناء كثيرين. واشتد التنافس فيما بينهم على وراثة العرش. وكان القصر مسرح عشرات المؤامرات والفتن. واشتركت زوجات الملك وأقاربهن في تلك المؤامرات. هذا عدا المؤامرات التي كان يحيكها هيرودس ضد أعدائه من اليهود والرومان فقد كان هيرودس الكبير قاسي القلب\'a1 عديم الشفقة يسعى وراء مصلحته مهما كانت الخسائر واشتهـر بكثـرة الحيل ولم ينتبه إلى صراخ المظلومين. وقتل عدة زوجات وأبناء وأقارب خوفاً من مؤامراتهم. ولكنه بني أماكن كثيرة أشهرها مدينة قيصرية وسماها هكذا تكريماً لأوغسطس قيصر\'a1 ورمم مدينة السامرة بعد ان تهدمت وأسماها سباسطيا (سيباستوس هو الاسم اليوناني لاسم أغسطس اللاتيني) أي مدينة أغسطس. وبدأ في ترميم الهيكل في القدس. ومن وحشيته أنه قتل ابنيه الإسكندر وأرسطوبولس\'a1 وقبل موته بخمسة أيام قتل ابنه انتيباتر وفيما هو يسلم أنفاسه الأخيرة أمر بقتل جميع عظماء أورشليم حتى يعم الحزن المدينة ولا يجد الملك الجديد مجالاً للبهجة\'a1 لكنه مات قبل أن تتحقق أمنيته الأخيرة. وهو الذي أمر بقتل أطفال بيت لحم حتى لا ينافسه مولود بيت لحم الملك. فقد ولد المسيح في أواخر أيام هذا الطاغية. ولقد مات هيرودس الكبير بعد قتل أطفال بيت لحم بثلاثة شهور بعد أن اشتدت شراهته في الفترة الأخيرة لأكل اللحم وأصيب بداء النقرس والاستسقاء\'a1 وتصاعدت منه رائحة كريهة جداً حتى لم يقدر أحد أن يقترب إليه. وبعد موته اقتسم أبناءه مملكته حسب ما سبق.
متى,2,71,"ملك هيرودس الكبير على كل اليهودية سنة 37ق.م. ودخل القدس بمعونة الرومان. وكانت أمه وأبيه أدوميين. وكان الأدوميون قد رضخوا بالقوة للمذهب اليهودي سنة 125ق.م. فلم يكن هيرودس يهودي الأصل. وقد تزوج هيرودوس عشر نساء وكان له أبناء كثيرين. واشتد التنافس فيما بينهم على وراثة العرش. وكان القصر مسرح عشرات المؤامرات والفتن. واشتركت زوجات الملك وأقاربهن في تلك المؤامرات. هذا عدا المؤامرات التي كان يحيكها هيرودس ضد أعدائه من اليهود والرومان فقد كان هيرودس الكبير قاسي القلب\'a1 عديم الشفقة يسعى وراء مصلحته مهما كانت الخسائر واشتهـر بكثـرة الحيل ولم ينتبه إلى صراخ المظلومين. وقتل عدة زوجات وأبناء وأقارب خوفاً من مؤامراتهم. ولكنه بني أماكن كثيرة أشهرها مدينة قيصرية وسماها هكذا تكريماً لأوغسطس قيصر\'a1 ورمم مدينة السامرة بعد ان تهدمت وأسماها سباسطيا (سيباستوس هو الاسم اليوناني لاسم أغسطس اللاتيني) أي مدينة أغسطس. وبدأ في ترميم الهيكل في القدس. ومن وحشيته أنه قتل ابنيه الإسكندر وأرسطوبولس\'a1 وقبل موته بخمسة أيام قتل ابنه انتيباتر وفيما هو يسلم أنفاسه الأخيرة أمر بقتل جميع عظماء أورشليم حتى يعم الحزن المدينة ولا يجد الملك الجديد مجالاً للبهجة\'a1 لكنه مات قبل أن تتحقق أمنيته الأخيرة. وهو الذي أمر بقتل أطفال بيت لحم حتى لا ينافسه مولود بيت لحم الملك. فقد ولد المسيح في أواخر أيام هذا الطاغية. ولقد مات هيرودس الكبير بعد قتل أطفال بيت لحم بثلاثة شهور بعد أن اشتدت شراهته في الفترة الأخيرة لأكل اللحم وأصيب بداء النقرس والاستسقاء\'a1 وتصاعدت منه رائحة كريهة جداً حتى لم يقدر أحد أن يقترب إليه. وبعد موته اقتسم أبناءه مملكته حسب ما سبق.
متى,2,72,"ملك هيرودس الكبير على كل اليهودية سنة 37ق.م. ودخل القدس بمعونة الرومان. وكانت أمه وأبيه أدوميين. وكان الأدوميون قد رضخوا بالقوة للمذهب اليهودي سنة 125ق.م. فلم يكن هيرودس يهودي الأصل. وقد تزوج هيرودوس عشر نساء وكان له أبناء كثيرين. واشتد التنافس فيما بينهم على وراثة العرش. وكان القصر مسرح عشرات المؤامرات والفتن. واشتركت زوجات الملك وأقاربهن في تلك المؤامرات. هذا عدا المؤامرات التي كان يحيكها هيرودس ضد أعدائه من اليهود والرومان فقد كان هيرودس الكبير قاسي القلب\'a1 عديم الشفقة يسعى وراء مصلحته مهما كانت الخسائر واشتهـر بكثـرة الحيل ولم ينتبه إلى صراخ المظلومين. وقتل عدة زوجات وأبناء وأقارب خوفاً من مؤامراتهم. ولكنه بني أماكن كثيرة أشهرها مدينة قيصرية وسماها هكذا تكريماً لأوغسطس قيصر\'a1 ورمم مدينة السامرة بعد ان تهدمت وأسماها سباسطيا (سيباستوس هو الاسم اليوناني لاسم أغسطس اللاتيني) أي مدينة أغسطس. وبدأ في ترميم الهيكل في القدس. ومن وحشيته أنه قتل ابنيه الإسكندر وأرسطوبولس\'a1 وقبل موته بخمسة أيام قتل ابنه انتيباتر وفيما هو يسلم أنفاسه الأخيرة أمر بقتل جميع عظماء أورشليم حتى يعم الحزن المدينة ولا يجد الملك الجديد مجالاً للبهجة\'a1 لكنه مات قبل أن تتحقق أمنيته الأخيرة. وهو الذي أمر بقتل أطفال بيت لحم حتى لا ينافسه مولود بيت لحم الملك. فقد ولد المسيح في أواخر أيام هذا الطاغية. ولقد مات هيرودس الكبير بعد قتل أطفال بيت لحم بثلاثة شهور بعد أن اشتدت شراهته في الفترة الأخيرة لأكل اللحم وأصيب بداء النقرس والاستسقاء\'a1 وتصاعدت منه رائحة كريهة جداً حتى لم يقدر أحد أن يقترب إليه. وبعد موته اقتسم أبناءه مملكته حسب ما سبق.
متى,2,73,"ملك هيرودس الكبير على كل اليهودية سنة 37ق.م. ودخل القدس بمعونة الرومان. وكانت أمه وأبيه أدوميين. وكان الأدوميون قد رضخوا بالقوة للمذهب اليهودي سنة 125ق.م. فلم يكن هيرودس يهودي الأصل. وقد تزوج هيرودوس عشر نساء وكان له أبناء كثيرين. واشتد التنافس فيما بينهم على وراثة العرش. وكان القصر مسرح عشرات المؤامرات والفتن. واشتركت زوجات الملك وأقاربهن في تلك المؤامرات. هذا عدا المؤامرات التي كان يحيكها هيرودس ضد أعدائه من اليهود والرومان فقد كان هيرودس الكبير قاسي القلب\'a1 عديم الشفقة يسعى وراء مصلحته مهما كانت الخسائر واشتهـر بكثـرة الحيل ولم ينتبه إلى صراخ المظلومين. وقتل عدة زوجات وأبناء وأقارب خوفاً من مؤامراتهم. ولكنه بني أماكن كثيرة أشهرها مدينة قيصرية وسماها هكذا تكريماً لأوغسطس قيصر\'a1 ورمم مدينة السامرة بعد ان تهدمت وأسماها سباسطيا (سيباستوس هو الاسم اليوناني لاسم أغسطس اللاتيني) أي مدينة أغسطس. وبدأ في ترميم الهيكل في القدس. ومن وحشيته أنه قتل ابنيه الإسكندر وأرسطوبولس\'a1 وقبل موته بخمسة أيام قتل ابنه انتيباتر وفيما هو يسلم أنفاسه الأخيرة أمر بقتل جميع عظماء أورشليم حتى يعم الحزن المدينة ولا يجد الملك الجديد مجالاً للبهجة\'a1 لكنه مات قبل أن تتحقق أمنيته الأخيرة. وهو الذي أمر بقتل أطفال بيت لحم حتى لا ينافسه مولود بيت لحم الملك. فقد ولد المسيح في أواخر أيام هذا الطاغية. ولقد مات هيرودس الكبير بعد قتل أطفال بيت لحم بثلاثة شهور بعد أن اشتدت شراهته في الفترة الأخيرة لأكل اللحم وأصيب بداء النقرس والاستسقاء\'a1 وتصاعدت منه رائحة كريهة جداً حتى لم يقدر أحد أن يقترب إليه. وبعد موته اقتسم أبناءه مملكته حسب ما سبق.
متى,2,74,"ملك هيرودس الكبير على كل اليهودية سنة 37ق.م. ودخل القدس بمعونة الرومان. وكانت أمه وأبيه أدوميين. وكان الأدوميون قد رضخوا بالقوة للمذهب اليهودي سنة 125ق.م. فلم يكن هيرودس يهودي الأصل. وقد تزوج هيرودوس عشر نساء وكان له أبناء كثيرين. واشتد التنافس فيما بينهم على وراثة العرش. وكان القصر مسرح عشرات المؤامرات والفتن. واشتركت زوجات الملك وأقاربهن في تلك المؤامرات. هذا عدا المؤامرات التي كان يحيكها هيرودس ضد أعدائه من اليهود والرومان فقد كان هيرودس الكبير قاسي القلب\'a1 عديم الشفقة يسعى وراء مصلحته مهما كانت الخسائر واشتهـر بكثـرة الحيل ولم ينتبه إلى صراخ المظلومين. وقتل عدة زوجات وأبناء وأقارب خوفاً من مؤامراتهم. ولكنه بني أماكن كثيرة أشهرها مدينة قيصرية وسماها هكذا تكريماً لأوغسطس قيصر\'a1 ورمم مدينة السامرة بعد ان تهدمت وأسماها سباسطيا (سيباستوس هو الاسم اليوناني لاسم أغسطس اللاتيني) أي مدينة أغسطس. وبدأ في ترميم الهيكل في القدس. ومن وحشيته أنه قتل ابنيه الإسكندر وأرسطوبولس\'a1 وقبل موته بخمسة أيام قتل ابنه انتيباتر وفيما هو يسلم أنفاسه الأخيرة أمر بقتل جميع عظماء أورشليم حتى يعم الحزن المدينة ولا يجد الملك الجديد مجالاً للبهجة\'a1 لكنه مات قبل أن تتحقق أمنيته الأخيرة. وهو الذي أمر بقتل أطفال بيت لحم حتى لا ينافسه مولود بيت لحم الملك. فقد ولد المسيح في أواخر أيام هذا الطاغية. ولقد مات هيرودس الكبير بعد قتل أطفال بيت لحم بثلاثة شهور بعد أن اشتدت شراهته في الفترة الأخيرة لأكل اللحم وأصيب بداء النقرس والاستسقاء\'a1 وتصاعدت منه رائحة كريهة جداً حتى لم يقدر أحد أن يقترب إليه. وبعد موته اقتسم أبناءه مملكته حسب ما سبق.
متى,2,75,"ملك هيرودس الكبير على كل اليهودية سنة 37ق.م. ودخل القدس بمعونة الرومان. وكانت أمه وأبيه أدوميين. وكان الأدوميون قد رضخوا بالقوة للمذهب اليهودي سنة 125ق.م. فلم يكن هيرودس يهودي الأصل. وقد تزوج هيرودوس عشر نساء وكان له أبناء كثيرين. واشتد التنافس فيما بينهم على وراثة العرش. وكان القصر مسرح عشرات المؤامرات والفتن. واشتركت زوجات الملك وأقاربهن في تلك المؤامرات. هذا عدا المؤامرات التي كان يحيكها هيرودس ضد أعدائه من اليهود والرومان فقد كان هيرودس الكبير قاسي القلب\'a1 عديم الشفقة يسعى وراء مصلحته مهما كانت الخسائر واشتهـر بكثـرة الحيل ولم ينتبه إلى صراخ المظلومين. وقتل عدة زوجات وأبناء وأقارب خوفاً من مؤامراتهم. ولكنه بني أماكن كثيرة أشهرها مدينة قيصرية وسماها هكذا تكريماً لأوغسطس قيصر\'a1 ورمم مدينة السامرة بعد ان تهدمت وأسماها سباسطيا (سيباستوس هو الاسم اليوناني لاسم أغسطس اللاتيني) أي مدينة أغسطس. وبدأ في ترميم الهيكل في القدس. ومن وحشيته أنه قتل ابنيه الإسكندر وأرسطوبولس\'a1 وقبل موته بخمسة أيام قتل ابنه انتيباتر وفيما هو يسلم أنفاسه الأخيرة أمر بقتل جميع عظماء أورشليم حتى يعم الحزن المدينة ولا يجد الملك الجديد مجالاً للبهجة\'a1 لكنه مات قبل أن تتحقق أمنيته الأخيرة. وهو الذي أمر بقتل أطفال بيت لحم حتى لا ينافسه مولود بيت لحم الملك. فقد ولد المسيح في أواخر أيام هذا الطاغية. ولقد مات هيرودس الكبير بعد قتل أطفال بيت لحم بثلاثة شهور بعد أن اشتدت شراهته في الفترة الأخيرة لأكل اللحم وأصيب بداء النقرس والاستسقاء\'a1 وتصاعدت منه رائحة كريهة جداً حتى لم يقدر أحد أن يقترب إليه. وبعد موته اقتسم أبناءه مملكته حسب ما سبق.
متى,2,76,"ملك هيرودس الكبير على كل اليهودية سنة 37ق.م. ودخل القدس بمعونة الرومان. وكانت أمه وأبيه أدوميين. وكان الأدوميون قد رضخوا بالقوة للمذهب اليهودي سنة 125ق.م. فلم يكن هيرودس يهودي الأصل. وقد تزوج هيرودوس عشر نساء وكان له أبناء كثيرين. واشتد التنافس فيما بينهم على وراثة العرش. وكان القصر مسرح عشرات المؤامرات والفتن. واشتركت زوجات الملك وأقاربهن في تلك المؤامرات. هذا عدا المؤامرات التي كان يحيكها هيرودس ضد أعدائه من اليهود والرومان فقد كان هيرودس الكبير قاسي القلب\'a1 عديم الشفقة يسعى وراء مصلحته مهما كانت الخسائر واشتهـر بكثـرة الحيل ولم ينتبه إلى صراخ المظلومين. وقتل عدة زوجات وأبناء وأقارب خوفاً من مؤامراتهم. ولكنه بني أماكن كثيرة أشهرها مدينة قيصرية وسماها هكذا تكريماً لأوغسطس قيصر\'a1 ورمم مدينة السامرة بعد ان تهدمت وأسماها سباسطيا (سيباستوس هو الاسم اليوناني لاسم أغسطس اللاتيني) أي مدينة أغسطس. وبدأ في ترميم الهيكل في القدس. ومن وحشيته أنه قتل ابنيه الإسكندر وأرسطوبولس\'a1 وقبل موته بخمسة أيام قتل ابنه انتيباتر وفيما هو يسلم أنفاسه الأخيرة أمر بقتل جميع عظماء أورشليم حتى يعم الحزن المدينة ولا يجد الملك الجديد مجالاً للبهجة\'a1 لكنه مات قبل أن تتحقق أمنيته الأخيرة. وهو الذي أمر بقتل أطفال بيت لحم حتى لا ينافسه مولود بيت لحم الملك. فقد ولد المسيح في أواخر أيام هذا الطاغية. ولقد مات هيرودس الكبير بعد قتل أطفال بيت لحم بثلاثة شهور بعد أن اشتدت شراهته في الفترة الأخيرة لأكل اللحم وأصيب بداء النقرس والاستسقاء\'a1 وتصاعدت منه رائحة كريهة جداً حتى لم يقدر أحد أن يقترب إليه. وبعد موته اقتسم أبناءه مملكته حسب ما سبق.
متى,2,77,"ملك هيرودس الكبير على كل اليهودية سنة 37ق.م. ودخل القدس بمعونة الرومان. وكانت أمه وأبيه أدوميين. وكان الأدوميون قد رضخوا بالقوة للمذهب اليهودي سنة 125ق.م. فلم يكن هيرودس يهودي الأصل. وقد تزوج هيرودوس عشر نساء وكان له أبناء كثيرين. واشتد التنافس فيما بينهم على وراثة العرش. وكان القصر مسرح عشرات المؤامرات والفتن. واشتركت زوجات الملك وأقاربهن في تلك المؤامرات. هذا عدا المؤامرات التي كان يحيكها هيرودس ضد أعدائه من اليهود والرومان فقد كان هيرودس الكبير قاسي القلب\'a1 عديم الشفقة يسعى وراء مصلحته مهما كانت الخسائر واشتهـر بكثـرة الحيل ولم ينتبه إلى صراخ المظلومين. وقتل عدة زوجات وأبناء وأقارب خوفاً من مؤامراتهم. ولكنه بني أماكن كثيرة أشهرها مدينة قيصرية وسماها هكذا تكريماً لأوغسطس قيصر\'a1 ورمم مدينة السامرة بعد ان تهدمت وأسماها سباسطيا (سيباستوس هو الاسم اليوناني لاسم أغسطس اللاتيني) أي مدينة أغسطس. وبدأ في ترميم الهيكل في القدس. ومن وحشيته أنه قتل ابنيه الإسكندر وأرسطوبولس\'a1 وقبل موته بخمسة أيام قتل ابنه انتيباتر وفيما هو يسلم أنفاسه الأخيرة أمر بقتل جميع عظماء أورشليم حتى يعم الحزن المدينة ولا يجد الملك الجديد مجالاً للبهجة\'a1 لكنه مات قبل أن تتحقق أمنيته الأخيرة. وهو الذي أمر بقتل أطفال بيت لحم حتى لا ينافسه مولود بيت لحم الملك. فقد ولد المسيح في أواخر أيام هذا الطاغية. ولقد مات هيرودس الكبير بعد قتل أطفال بيت لحم بثلاثة شهور بعد أن اشتدت شراهته في الفترة الأخيرة لأكل اللحم وأصيب بداء النقرس والاستسقاء\'a1 وتصاعدت منه رائحة كريهة جداً حتى لم يقدر أحد أن يقترب إليه. وبعد موته اقتسم أبناءه مملكته حسب ما سبق.
متى,2,78,"ملك هيرودس الكبير على كل اليهودية سنة 37ق.م. ودخل القدس بمعونة الرومان. وكانت أمه وأبيه أدوميين. وكان الأدوميون قد رضخوا بالقوة للمذهب اليهودي سنة 125ق.م. فلم يكن هيرودس يهودي الأصل. وقد تزوج هيرودوس عشر نساء وكان له أبناء كثيرين. واشتد التنافس فيما بينهم على وراثة العرش. وكان القصر مسرح عشرات المؤامرات والفتن. واشتركت زوجات الملك وأقاربهن في تلك المؤامرات. هذا عدا المؤامرات التي كان يحيكها هيرودس ضد أعدائه من اليهود والرومان فقد كان هيرودس الكبير قاسي القلب\'a1 عديم الشفقة يسعى وراء مصلحته مهما كانت الخسائر واشتهـر بكثـرة الحيل ولم ينتبه إلى صراخ المظلومين. وقتل عدة زوجات وأبناء وأقارب خوفاً من مؤامراتهم. ولكنه بني أماكن كثيرة أشهرها مدينة قيصرية وسماها هكذا تكريماً لأوغسطس قيصر\'a1 ورمم مدينة السامرة بعد ان تهدمت وأسماها سباسطيا (سيباستوس هو الاسم اليوناني لاسم أغسطس اللاتيني) أي مدينة أغسطس. وبدأ في ترميم الهيكل في القدس. ومن وحشيته أنه قتل ابنيه الإسكندر وأرسطوبولس\'a1 وقبل موته بخمسة أيام قتل ابنه انتيباتر وفيما هو يسلم أنفاسه الأخيرة أمر بقتل جميع عظماء أورشليم حتى يعم الحزن المدينة ولا يجد الملك الجديد مجالاً للبهجة\'a1 لكنه مات قبل أن تتحقق أمنيته الأخيرة. وهو الذي أمر بقتل أطفال بيت لحم حتى لا ينافسه مولود بيت لحم الملك. فقد ولد المسيح في أواخر أيام هذا الطاغية. ولقد مات هيرودس الكبير بعد قتل أطفال بيت لحم بثلاثة شهور بعد أن اشتدت شراهته في الفترة الأخيرة لأكل اللحم وأصيب بداء النقرس والاستسقاء\'a1 وتصاعدت منه رائحة كريهة جداً حتى لم يقدر أحد أن يقترب إليه. وبعد موته اقتسم أبناءه مملكته حسب ما سبق.
متى,2,79,"ملك هيرودس الكبير على كل اليهودية سنة 37ق.م. ودخل القدس بمعونة الرومان. وكانت أمه وأبيه أدوميين. وكان الأدوميون قد رضخوا بالقوة للمذهب اليهودي سنة 125ق.م. فلم يكن هيرودس يهودي الأصل. وقد تزوج هيرودوس عشر نساء وكان له أبناء كثيرين. واشتد التنافس فيما بينهم على وراثة العرش. وكان القصر مسرح عشرات المؤامرات والفتن. واشتركت زوجات الملك وأقاربهن في تلك المؤامرات. هذا عدا المؤامرات التي كان يحيكها هيرودس ضد أعدائه من اليهود والرومان فقد كان هيرودس الكبير قاسي القلب\'a1 عديم الشفقة يسعى وراء مصلحته مهما كانت الخسائر واشتهـر بكثـرة الحيل ولم ينتبه إلى صراخ المظلومين. وقتل عدة زوجات وأبناء وأقارب خوفاً من مؤامراتهم. ولكنه بني أماكن كثيرة أشهرها مدينة قيصرية وسماها هكذا تكريماً لأوغسطس قيصر\'a1 ورمم مدينة السامرة بعد ان تهدمت وأسماها سباسطيا (سيباستوس هو الاسم اليوناني لاسم أغسطس اللاتيني) أي مدينة أغسطس. وبدأ في ترميم الهيكل في القدس. ومن وحشيته أنه قتل ابنيه الإسكندر وأرسطوبولس\'a1 وقبل موته بخمسة أيام قتل ابنه انتيباتر وفيما هو يسلم أنفاسه الأخيرة أمر بقتل جميع عظماء أورشليم حتى يعم الحزن المدينة ولا يجد الملك الجديد مجالاً للبهجة\'a1 لكنه مات قبل أن تتحقق أمنيته الأخيرة. وهو الذي أمر بقتل أطفال بيت لحم حتى لا ينافسه مولود بيت لحم الملك. فقد ولد المسيح في أواخر أيام هذا الطاغية. ولقد مات هيرودس الكبير بعد قتل أطفال بيت لحم بثلاثة شهور بعد أن اشتدت شراهته في الفترة الأخيرة لأكل اللحم وأصيب بداء النقرس والاستسقاء\'a1 وتصاعدت منه رائحة كريهة جداً حتى لم يقدر أحد أن يقترب إليه. وبعد موته اقتسم أبناءه مملكته حسب ما سبق.
متى,2,80,"ملك هيرودس الكبير على كل اليهودية سنة 37ق.م. ودخل القدس بمعونة الرومان. وكانت أمه وأبيه أدوميين. وكان الأدوميون قد رضخوا بالقوة للمذهب اليهودي سنة 125ق.م. فلم يكن هيرودس يهودي الأصل. وقد تزوج هيرودوس عشر نساء وكان له أبناء كثيرين. واشتد التنافس فيما بينهم على وراثة العرش. وكان القصر مسرح عشرات المؤامرات والفتن. واشتركت زوجات الملك وأقاربهن في تلك المؤامرات. هذا عدا المؤامرات التي كان يحيكها هيرودس ضد أعدائه من اليهود والرومان فقد كان هيرودس الكبير قاسي القلب\'a1 عديم الشفقة يسعى وراء مصلحته مهما كانت الخسائر واشتهـر بكثـرة الحيل ولم ينتبه إلى صراخ المظلومين. وقتل عدة زوجات وأبناء وأقارب خوفاً من مؤامراتهم. ولكنه بني أماكن كثيرة أشهرها مدينة قيصرية وسماها هكذا تكريماً لأوغسطس قيصر\'a1 ورمم مدينة السامرة بعد ان تهدمت وأسماها سباسطيا (سيباستوس هو الاسم اليوناني لاسم أغسطس اللاتيني) أي مدينة أغسطس. وبدأ في ترميم الهيكل في القدس. ومن وحشيته أنه قتل ابنيه الإسكندر وأرسطوبولس\'a1 وقبل موته بخمسة أيام قتل ابنه انتيباتر وفيما هو يسلم أنفاسه الأخيرة أمر بقتل جميع عظماء أورشليم حتى يعم الحزن المدينة ولا يجد الملك الجديد مجالاً للبهجة\'a1 لكنه مات قبل أن تتحقق أمنيته الأخيرة. وهو الذي أمر بقتل أطفال بيت لحم حتى لا ينافسه مولود بيت لحم الملك. فقد ولد المسيح في أواخر أيام هذا الطاغية. ولقد مات هيرودس الكبير بعد قتل أطفال بيت لحم بثلاثة شهور بعد أن اشتدت شراهته في الفترة الأخيرة لأكل اللحم وأصيب بداء النقرس والاستسقاء\'a1 وتصاعدت منه رائحة كريهة جداً حتى لم يقدر أحد أن يقترب إليه. وبعد موته اقتسم أبناءه مملكته حسب ما سبق.
متى,2,81,"ملك هيرودس الكبير على كل اليهودية سنة 37ق.م. ودخل القدس بمعونة الرومان. وكانت أمه وأبيه أدوميين. وكان الأدوميون قد رضخوا بالقوة للمذهب اليهودي سنة 125ق.م. فلم يكن هيرودس يهودي الأصل. وقد تزوج هيرودوس عشر نساء وكان له أبناء كثيرين. واشتد التنافس فيما بينهم على وراثة العرش. وكان القصر مسرح عشرات المؤامرات والفتن. واشتركت زوجات الملك وأقاربهن في تلك المؤامرات. هذا عدا المؤامرات التي كان يحيكها هيرودس ضد أعدائه من اليهود والرومان فقد كان هيرودس الكبير قاسي القلب\'a1 عديم الشفقة يسعى وراء مصلحته مهما كانت الخسائر واشتهـر بكثـرة الحيل ولم ينتبه إلى صراخ المظلومين. وقتل عدة زوجات وأبناء وأقارب خوفاً من مؤامراتهم. ولكنه بني أماكن كثيرة أشهرها مدينة قيصرية وسماها هكذا تكريماً لأوغسطس قيصر\'a1 ورمم مدينة السامرة بعد ان تهدمت وأسماها سباسطيا (سيباستوس هو الاسم اليوناني لاسم أغسطس اللاتيني) أي مدينة أغسطس. وبدأ في ترميم الهيكل في القدس. ومن وحشيته أنه قتل ابنيه الإسكندر وأرسطوبولس\'a1 وقبل موته بخمسة أيام قتل ابنه انتيباتر وفيما هو يسلم أنفاسه الأخيرة أمر بقتل جميع عظماء أورشليم حتى يعم الحزن المدينة ولا يجد الملك الجديد مجالاً للبهجة\'a1 لكنه مات قبل أن تتحقق أمنيته الأخيرة. وهو الذي أمر بقتل أطفال بيت لحم حتى لا ينافسه مولود بيت لحم الملك. فقد ولد المسيح في أواخر أيام هذا الطاغية. ولقد مات هيرودس الكبير بعد قتل أطفال بيت لحم بثلاثة شهور بعد أن اشتدت شراهته في الفترة الأخيرة لأكل اللحم وأصيب بداء النقرس والاستسقاء\'a1 وتصاعدت منه رائحة كريهة جداً حتى لم يقدر أحد أن يقترب إليه. وبعد موته اقتسم أبناءه مملكته حسب ما سبق.
متى,2,82,"ملك هيرودس الكبير على كل اليهودية سنة 37ق.م. ودخل القدس بمعونة الرومان. وكانت أمه وأبيه أدوميين. وكان الأدوميون قد رضخوا بالقوة للمذهب اليهودي سنة 125ق.م. فلم يكن هيرودس يهودي الأصل. وقد تزوج هيرودوس عشر نساء وكان له أبناء كثيرين. واشتد التنافس فيما بينهم على وراثة العرش. وكان القصر مسرح عشرات المؤامرات والفتن. واشتركت زوجات الملك وأقاربهن في تلك المؤامرات. هذا عدا المؤامرات التي كان يحيكها هيرودس ضد أعدائه من اليهود والرومان فقد كان هيرودس الكبير قاسي القلب\'a1 عديم الشفقة يسعى وراء مصلحته مهما كانت الخسائر واشتهـر بكثـرة الحيل ولم ينتبه إلى صراخ المظلومين. وقتل عدة زوجات وأبناء وأقارب خوفاً من مؤامراتهم. ولكنه بني أماكن كثيرة أشهرها مدينة قيصرية وسماها هكذا تكريماً لأوغسطس قيصر\'a1 ورمم مدينة السامرة بعد ان تهدمت وأسماها سباسطيا (سيباستوس هو الاسم اليوناني لاسم أغسطس اللاتيني) أي مدينة أغسطس. وبدأ في ترميم الهيكل في القدس. ومن وحشيته أنه قتل ابنيه الإسكندر وأرسطوبولس\'a1 وقبل موته بخمسة أيام قتل ابنه انتيباتر وفيما هو يسلم أنفاسه الأخيرة أمر بقتل جميع عظماء أورشليم حتى يعم الحزن المدينة ولا يجد الملك الجديد مجالاً للبهجة\'a1 لكنه مات قبل أن تتحقق أمنيته الأخيرة. وهو الذي أمر بقتل أطفال بيت لحم حتى لا ينافسه مولود بيت لحم الملك. فقد ولد المسيح في أواخر أيام هذا الطاغية. ولقد مات هيرودس الكبير بعد قتل أطفال بيت لحم بثلاثة شهور بعد أن اشتدت شراهته في الفترة الأخيرة لأكل اللحم وأصيب بداء النقرس والاستسقاء\'a1 وتصاعدت منه رائحة كريهة جداً حتى لم يقدر أحد أن يقترب إليه. وبعد موته اقتسم أبناءه مملكته حسب ما سبق.
متى,2,83,"ملك هيرودس الكبير على كل اليهودية سنة 37ق.م. ودخل القدس بمعونة الرومان. وكانت أمه وأبيه أدوميين. وكان الأدوميون قد رضخوا بالقوة للمذهب اليهودي سنة 125ق.م. فلم يكن هيرودس يهودي الأصل. وقد تزوج هيرودوس عشر نساء وكان له أبناء كثيرين. واشتد التنافس فيما بينهم على وراثة العرش. وكان القصر مسرح عشرات المؤامرات والفتن. واشتركت زوجات الملك وأقاربهن في تلك المؤامرات. هذا عدا المؤامرات التي كان يحيكها هيرودس ضد أعدائه من اليهود والرومان فقد كان هيرودس الكبير قاسي القلب\'a1 عديم الشفقة يسعى وراء مصلحته مهما كانت الخسائر واشتهـر بكثـرة الحيل ولم ينتبه إلى صراخ المظلومين. وقتل عدة زوجات وأبناء وأقارب خوفاً من مؤامراتهم. ولكنه بني أماكن كثيرة أشهرها مدينة قيصرية وسماها هكذا تكريماً لأوغسطس قيصر\'a1 ورمم مدينة السامرة بعد ان تهدمت وأسماها سباسطيا (سيباستوس هو الاسم اليوناني لاسم أغسطس اللاتيني) أي مدينة أغسطس. وبدأ في ترميم الهيكل في القدس. ومن وحشيته أنه قتل ابنيه الإسكندر وأرسطوبولس\'a1 وقبل موته بخمسة أيام قتل ابنه انتيباتر وفيما هو يسلم أنفاسه الأخيرة أمر بقتل جميع عظماء أورشليم حتى يعم الحزن المدينة ولا يجد الملك الجديد مجالاً للبهجة\'a1 لكنه مات قبل أن تتحقق أمنيته الأخيرة. وهو الذي أمر بقتل أطفال بيت لحم حتى لا ينافسه مولود بيت لحم الملك. فقد ولد المسيح في أواخر أيام هذا الطاغية. ولقد مات هيرودس الكبير بعد قتل أطفال بيت لحم بثلاثة شهور بعد أن اشتدت شراهته في الفترة الأخيرة لأكل اللحم وأصيب بداء النقرس والاستسقاء\'a1 وتصاعدت منه رائحة كريهة جداً حتى لم يقدر أحد أن يقترب إليه. وبعد موته اقتسم أبناءه مملكته حسب ما سبق.
متى,2,84,"ملك هيرودس الكبير على كل اليهودية سنة 37ق.م. ودخل القدس بمعونة الرومان. وكانت أمه وأبيه أدوميين. وكان الأدوميون قد رضخوا بالقوة للمذهب اليهودي سنة 125ق.م. فلم يكن هيرودس يهودي الأصل. وقد تزوج هيرودوس عشر نساء وكان له أبناء كثيرين. واشتد التنافس فيما بينهم على وراثة العرش. وكان القصر مسرح عشرات المؤامرات والفتن. واشتركت زوجات الملك وأقاربهن في تلك المؤامرات. هذا عدا المؤامرات التي كان يحيكها هيرودس ضد أعدائه من اليهود والرومان فقد كان هيرودس الكبير قاسي القلب\'a1 عديم الشفقة يسعى وراء مصلحته مهما كانت الخسائر واشتهـر بكثـرة الحيل ولم ينتبه إلى صراخ المظلومين. وقتل عدة زوجات وأبناء وأقارب خوفاً من مؤامراتهم. ولكنه بني أماكن كثيرة أشهرها مدينة قيصرية وسماها هكذا تكريماً لأوغسطس قيصر\'a1 ورمم مدينة السامرة بعد ان تهدمت وأسماها سباسطيا (سيباستوس هو الاسم اليوناني لاسم أغسطس اللاتيني) أي مدينة أغسطس. وبدأ في ترميم الهيكل في القدس. ومن وحشيته أنه قتل ابنيه الإسكندر وأرسطوبولس\'a1 وقبل موته بخمسة أيام قتل ابنه انتيباتر وفيما هو يسلم أنفاسه الأخيرة أمر بقتل جميع عظماء أورشليم حتى يعم الحزن المدينة ولا يجد الملك الجديد مجالاً للبهجة\'a1 لكنه مات قبل أن تتحقق أمنيته الأخيرة. وهو الذي أمر بقتل أطفال بيت لحم حتى لا ينافسه مولود بيت لحم الملك. فقد ولد المسيح في أواخر أيام هذا الطاغية. ولقد مات هيرودس الكبير بعد قتل أطفال بيت لحم بثلاثة شهور بعد أن اشتدت شراهته في الفترة الأخيرة لأكل اللحم وأصيب بداء النقرس والاستسقاء\'a1 وتصاعدت منه رائحة كريهة جداً حتى لم يقدر أحد أن يقترب إليه. وبعد موته اقتسم أبناءه مملكته حسب ما سبق.
متى,2,85,"ملك هيرودس الكبير على كل اليهودية سنة 37ق.م. ودخل القدس بمعونة الرومان. وكانت أمه وأبيه أدوميين. وكان الأدوميون قد رضخوا بالقوة للمذهب اليهودي سنة 125ق.م. فلم يكن هيرودس يهودي الأصل. وقد تزوج هيرودوس عشر نساء وكان له أبناء كثيرين. واشتد التنافس فيما بينهم على وراثة العرش. وكان القصر مسرح عشرات المؤامرات والفتن. واشتركت زوجات الملك وأقاربهن في تلك المؤامرات. هذا عدا المؤامرات التي كان يحيكها هيرودس ضد أعدائه من اليهود والرومان فقد كان هيرودس الكبير قاسي القلب\'a1 عديم الشفقة يسعى وراء مصلحته مهما كانت الخسائر واشتهـر بكثـرة الحيل ولم ينتبه إلى صراخ المظلومين. وقتل عدة زوجات وأبناء وأقارب خوفاً من مؤامراتهم. ولكنه بني أماكن كثيرة أشهرها مدينة قيصرية وسماها هكذا تكريماً لأوغسطس قيصر\'a1 ورمم مدينة السامرة بعد ان تهدمت وأسماها سباسطيا (سيباستوس هو الاسم اليوناني لاسم أغسطس اللاتيني) أي مدينة أغسطس. وبدأ في ترميم الهيكل في القدس. ومن وحشيته أنه قتل ابنيه الإسكندر وأرسطوبولس\'a1 وقبل موته بخمسة أيام قتل ابنه انتيباتر وفيما هو يسلم أنفاسه الأخيرة أمر بقتل جميع عظماء أورشليم حتى يعم الحزن المدينة ولا يجد الملك الجديد مجالاً للبهجة\'a1 لكنه مات قبل أن تتحقق أمنيته الأخيرة. وهو الذي أمر بقتل أطفال بيت لحم حتى لا ينافسه مولود بيت لحم الملك. فقد ولد المسيح في أواخر أيام هذا الطاغية. ولقد مات هيرودس الكبير بعد قتل أطفال بيت لحم بثلاثة شهور بعد أن اشتدت شراهته في الفترة الأخيرة لأكل اللحم وأصيب بداء النقرس والاستسقاء\'a1 وتصاعدت منه رائحة كريهة جداً حتى لم يقدر أحد أن يقترب إليه. وبعد موته اقتسم أبناءه مملكته حسب ما سبق.
متى,2,86,"ملك هيرودس الكبير على كل اليهودية سنة 37ق.م. ودخل القدس بمعونة الرومان. وكانت أمه وأبيه أدوميين. وكان الأدوميون قد رضخوا بالقوة للمذهب اليهودي سنة 125ق.م. فلم يكن هيرودس يهودي الأصل. وقد تزوج هيرودوس عشر نساء وكان له أبناء كثيرين. واشتد التنافس فيما بينهم على وراثة العرش. وكان القصر مسرح عشرات المؤامرات والفتن. واشتركت زوجات الملك وأقاربهن في تلك المؤامرات. هذا عدا المؤامرات التي كان يحيكها هيرودس ضد أعدائه من اليهود والرومان فقد كان هيرودس الكبير قاسي القلب\'a1 عديم الشفقة يسعى وراء مصلحته مهما كانت الخسائر واشتهـر بكثـرة الحيل ولم ينتبه إلى صراخ المظلومين. وقتل عدة زوجات وأبناء وأقارب خوفاً من مؤامراتهم. ولكنه بني أماكن كثيرة أشهرها مدينة قيصرية وسماها هكذا تكريماً لأوغسطس قيصر\'a1 ورمم مدينة السامرة بعد ان تهدمت وأسماها سباسطيا (سيباستوس هو الاسم اليوناني لاسم أغسطس اللاتيني) أي مدينة أغسطس. وبدأ في ترميم الهيكل في القدس. ومن وحشيته أنه قتل ابنيه الإسكندر وأرسطوبولس\'a1 وقبل موته بخمسة أيام قتل ابنه انتيباتر وفيما هو يسلم أنفاسه الأخيرة أمر بقتل جميع عظماء أورشليم حتى يعم الحزن المدينة ولا يجد الملك الجديد مجالاً للبهجة\'a1 لكنه مات قبل أن تتحقق أمنيته الأخيرة. وهو الذي أمر بقتل أطفال بيت لحم حتى لا ينافسه مولود بيت لحم الملك. فقد ولد المسيح في أواخر أيام هذا الطاغية. ولقد مات هيرودس الكبير بعد قتل أطفال بيت لحم بثلاثة شهور بعد أن اشتدت شراهته في الفترة الأخيرة لأكل اللحم وأصيب بداء النقرس والاستسقاء\'a1 وتصاعدت منه رائحة كريهة جداً حتى لم يقدر أحد أن يقترب إليه. وبعد موته اقتسم أبناءه مملكته حسب ما سبق.
متى,2,87,"ملك هيرودس الكبير على كل اليهودية سنة 37ق.م. ودخل القدس بمعونة الرومان. وكانت أمه وأبيه أدوميين. وكان الأدوميون قد رضخوا بالقوة للمذهب اليهودي سنة 125ق.م. فلم يكن هيرودس يهودي الأصل. وقد تزوج هيرودوس عشر نساء وكان له أبناء كثيرين. واشتد التنافس فيما بينهم على وراثة العرش. وكان القصر مسرح عشرات المؤامرات والفتن. واشتركت زوجات الملك وأقاربهن في تلك المؤامرات. هذا عدا المؤامرات التي كان يحيكها هيرودس ضد أعدائه من اليهود والرومان فقد كان هيرودس الكبير قاسي القلب\'a1 عديم الشفقة يسعى وراء مصلحته مهما كانت الخسائر واشتهـر بكثـرة الحيل ولم ينتبه إلى صراخ المظلومين. وقتل عدة زوجات وأبناء وأقارب خوفاً من مؤامراتهم. ولكنه بني أماكن كثيرة أشهرها مدينة قيصرية وسماها هكذا تكريماً لأوغسطس قيصر\'a1 ورمم مدينة السامرة بعد ان تهدمت وأسماها سباسطيا (سيباستوس هو الاسم اليوناني لاسم أغسطس اللاتيني) أي مدينة أغسطس. وبدأ في ترميم الهيكل في القدس. ومن وحشيته أنه قتل ابنيه الإسكندر وأرسطوبولس\'a1 وقبل موته بخمسة أيام قتل ابنه انتيباتر وفيما هو يسلم أنفاسه الأخيرة أمر بقتل جميع عظماء أورشليم حتى يعم الحزن المدينة ولا يجد الملك الجديد مجالاً للبهجة\'a1 لكنه مات قبل أن تتحقق أمنيته الأخيرة. وهو الذي أمر بقتل أطفال بيت لحم حتى لا ينافسه مولود بيت لحم الملك. فقد ولد المسيح في أواخر أيام هذا الطاغية. ولقد مات هيرودس الكبير بعد قتل أطفال بيت لحم بثلاثة شهور بعد أن اشتدت شراهته في الفترة الأخيرة لأكل اللحم وأصيب بداء النقرس والاستسقاء\'a1 وتصاعدت منه رائحة كريهة جداً حتى لم يقدر أحد أن يقترب إليه. وبعد موته اقتسم أبناءه مملكته حسب ما سبق.
متى,2,88,"ملك هيرودس الكبير على كل اليهودية سنة 37ق.م. ودخل القدس بمعونة الرومان. وكانت أمه وأبيه أدوميين. وكان الأدوميون قد رضخوا بالقوة للمذهب اليهودي سنة 125ق.م. فلم يكن هيرودس يهودي الأصل. وقد تزوج هيرودوس عشر نساء وكان له أبناء كثيرين. واشتد التنافس فيما بينهم على وراثة العرش. وكان القصر مسرح عشرات المؤامرات والفتن. واشتركت زوجات الملك وأقاربهن في تلك المؤامرات. هذا عدا المؤامرات التي كان يحيكها هيرودس ضد أعدائه من اليهود والرومان فقد كان هيرودس الكبير قاسي القلب\'a1 عديم الشفقة يسعى وراء مصلحته مهما كانت الخسائر واشتهـر بكثـرة الحيل ولم ينتبه إلى صراخ المظلومين. وقتل عدة زوجات وأبناء وأقارب خوفاً من مؤامراتهم. ولكنه بني أماكن كثيرة أشهرها مدينة قيصرية وسماها هكذا تكريماً لأوغسطس قيصر\'a1 ورمم مدينة السامرة بعد ان تهدمت وأسماها سباسطيا (سيباستوس هو الاسم اليوناني لاسم أغسطس اللاتيني) أي مدينة أغسطس. وبدأ في ترميم الهيكل في القدس. ومن وحشيته أنه قتل ابنيه الإسكندر وأرسطوبولس\'a1 وقبل موته بخمسة أيام قتل ابنه انتيباتر وفيما هو يسلم أنفاسه الأخيرة أمر بقتل جميع عظماء أورشليم حتى يعم الحزن المدينة ولا يجد الملك الجديد مجالاً للبهجة\'a1 لكنه مات قبل أن تتحقق أمنيته الأخيرة. وهو الذي أمر بقتل أطفال بيت لحم حتى لا ينافسه مولود بيت لحم الملك. فقد ولد المسيح في أواخر أيام هذا الطاغية. ولقد مات هيرودس الكبير بعد قتل أطفال بيت لحم بثلاثة شهور بعد أن اشتدت شراهته في الفترة الأخيرة لأكل اللحم وأصيب بداء النقرس والاستسقاء\'a1 وتصاعدت منه رائحة كريهة جداً حتى لم يقدر أحد أن يقترب إليه. وبعد موته اقتسم أبناءه مملكته حسب ما سبق.
متى,2,89,"ملك هيرودس الكبير على كل اليهودية سنة 37ق.م. ودخل القدس بمعونة الرومان. وكانت أمه وأبيه أدوميين. وكان الأدوميون قد رضخوا بالقوة للمذهب اليهودي سنة 125ق.م. فلم يكن هيرودس يهودي الأصل. وقد تزوج هيرودوس عشر نساء وكان له أبناء كثيرين. واشتد التنافس فيما بينهم على وراثة العرش. وكان القصر مسرح عشرات المؤامرات والفتن. واشتركت زوجات الملك وأقاربهن في تلك المؤامرات. هذا عدا المؤامرات التي كان يحيكها هيرودس ضد أعدائه من اليهود والرومان فقد كان هيرودس الكبير قاسي القلب\'a1 عديم الشفقة يسعى وراء مصلحته مهما كانت الخسائر واشتهـر بكثـرة الحيل ولم ينتبه إلى صراخ المظلومين. وقتل عدة زوجات وأبناء وأقارب خوفاً من مؤامراتهم. ولكنه بني أماكن كثيرة أشهرها مدينة قيصرية وسماها هكذا تكريماً لأوغسطس قيصر\'a1 ورمم مدينة السامرة بعد ان تهدمت وأسماها سباسطيا (سيباستوس هو الاسم اليوناني لاسم أغسطس اللاتيني) أي مدينة أغسطس. وبدأ في ترميم الهيكل في القدس. ومن وحشيته أنه قتل ابنيه الإسكندر وأرسطوبولس\'a1 وقبل موته بخمسة أيام قتل ابنه انتيباتر وفيما هو يسلم أنفاسه الأخيرة أمر بقتل جميع عظماء أورشليم حتى يعم الحزن المدينة ولا يجد الملك الجديد مجالاً للبهجة\'a1 لكنه مات قبل أن تتحقق أمنيته الأخيرة. وهو الذي أمر بقتل أطفال بيت لحم حتى لا ينافسه مولود بيت لحم الملك. فقد ولد المسيح في أواخر أيام هذا الطاغية. ولقد مات هيرودس الكبير بعد قتل أطفال بيت لحم بثلاثة شهور بعد أن اشتدت شراهته في الفترة الأخيرة لأكل اللحم وأصيب بداء النقرس والاستسقاء\'a1 وتصاعدت منه رائحة كريهة جداً حتى لم يقدر أحد أن يقترب إليه. وبعد موته اقتسم أبناءه مملكته حسب ما سبق.
متى,2,90,"ملك هيرودس الكبير على كل اليهودية سنة 37ق.م. ودخل القدس بمعونة الرومان. وكانت أمه وأبيه أدوميين. وكان الأدوميون قد رضخوا بالقوة للمذهب اليهودي سنة 125ق.م. فلم يكن هيرودس يهودي الأصل. وقد تزوج هيرودوس عشر نساء وكان له أبناء كثيرين. واشتد التنافس فيما بينهم على وراثة العرش. وكان القصر مسرح عشرات المؤامرات والفتن. واشتركت زوجات الملك وأقاربهن في تلك المؤامرات. هذا عدا المؤامرات التي كان يحيكها هيرودس ضد أعدائه من اليهود والرومان فقد كان هيرودس الكبير قاسي القلب\'a1 عديم الشفقة يسعى وراء مصلحته مهما كانت الخسائر واشتهـر بكثـرة الحيل ولم ينتبه إلى صراخ المظلومين. وقتل عدة زوجات وأبناء وأقارب خوفاً من مؤامراتهم. ولكنه بني أماكن كثيرة أشهرها مدينة قيصرية وسماها هكذا تكريماً لأوغسطس قيصر\'a1 ورمم مدينة السامرة بعد ان تهدمت وأسماها سباسطيا (سيباستوس هو الاسم اليوناني لاسم أغسطس اللاتيني) أي مدينة أغسطس. وبدأ في ترميم الهيكل في القدس. ومن وحشيته أنه قتل ابنيه الإسكندر وأرسطوبولس\'a1 وقبل موته بخمسة أيام قتل ابنه انتيباتر وفيما هو يسلم أنفاسه الأخيرة أمر بقتل جميع عظماء أورشليم حتى يعم الحزن المدينة ولا يجد الملك الجديد مجالاً للبهجة\'a1 لكنه مات قبل أن تتحقق أمنيته الأخيرة. وهو الذي أمر بقتل أطفال بيت لحم حتى لا ينافسه مولود بيت لحم الملك. فقد ولد المسيح في أواخر أيام هذا الطاغية. ولقد مات هيرودس الكبير بعد قتل أطفال بيت لحم بثلاثة شهور بعد أن اشتدت شراهته في الفترة الأخيرة لأكل اللحم وأصيب بداء النقرس والاستسقاء\'a1 وتصاعدت منه رائحة كريهة جداً حتى لم يقدر أحد أن يقترب إليه. وبعد موته اقتسم أبناءه مملكته حسب ما سبق.
متى,2,91,"ملك هيرودس الكبير على كل اليهودية سنة 37ق.م. ودخل القدس بمعونة الرومان. وكانت أمه وأبيه أدوميين. وكان الأدوميون قد رضخوا بالقوة للمذهب اليهودي سنة 125ق.م. فلم يكن هيرودس يهودي الأصل. وقد تزوج هيرودوس عشر نساء وكان له أبناء كثيرين. واشتد التنافس فيما بينهم على وراثة العرش. وكان القصر مسرح عشرات المؤامرات والفتن. واشتركت زوجات الملك وأقاربهن في تلك المؤامرات. هذا عدا المؤامرات التي كان يحيكها هيرودس ضد أعدائه من اليهود والرومان فقد كان هيرودس الكبير قاسي القلب\'a1 عديم الشفقة يسعى وراء مصلحته مهما كانت الخسائر واشتهـر بكثـرة الحيل ولم ينتبه إلى صراخ المظلومين. وقتل عدة زوجات وأبناء وأقارب خوفاً من مؤامراتهم. ولكنه بني أماكن كثيرة أشهرها مدينة قيصرية وسماها هكذا تكريماً لأوغسطس قيصر\'a1 ورمم مدينة السامرة بعد ان تهدمت وأسماها سباسطيا (سيباستوس هو الاسم اليوناني لاسم أغسطس اللاتيني) أي مدينة أغسطس. وبدأ في ترميم الهيكل في القدس. ومن وحشيته أنه قتل ابنيه الإسكندر وأرسطوبولس\'a1 وقبل موته بخمسة أيام قتل ابنه انتيباتر وفيما هو يسلم أنفاسه الأخيرة أمر بقتل جميع عظماء أورشليم حتى يعم الحزن المدينة ولا يجد الملك الجديد مجالاً للبهجة\'a1 لكنه مات قبل أن تتحقق أمنيته الأخيرة. وهو الذي أمر بقتل أطفال بيت لحم حتى لا ينافسه مولود بيت لحم الملك. فقد ولد المسيح في أواخر أيام هذا الطاغية. ولقد مات هيرودس الكبير بعد قتل أطفال بيت لحم بثلاثة شهور بعد أن اشتدت شراهته في الفترة الأخيرة لأكل اللحم وأصيب بداء النقرس والاستسقاء\'a1 وتصاعدت منه رائحة كريهة جداً حتى لم يقدر أحد أن يقترب إليه. وبعد موته اقتسم أبناءه مملكته حسب ما سبق.
متى,2,92,"ملك هيرودس الكبير على كل اليهودية سنة 37ق.م. ودخل القدس بمعونة الرومان. وكانت أمه وأبيه أدوميين. وكان الأدوميون قد رضخوا بالقوة للمذهب اليهودي سنة 125ق.م. فلم يكن هيرودس يهودي الأصل. وقد تزوج هيرودوس عشر نساء وكان له أبناء كثيرين. واشتد التنافس فيما بينهم على وراثة العرش. وكان القصر مسرح عشرات المؤامرات والفتن. واشتركت زوجات الملك وأقاربهن في تلك المؤامرات. هذا عدا المؤامرات التي كان يحيكها هيرودس ضد أعدائه من اليهود والرومان فقد كان هيرودس الكبير قاسي القلب\'a1 عديم الشفقة يسعى وراء مصلحته مهما كانت الخسائر واشتهـر بكثـرة الحيل ولم ينتبه إلى صراخ المظلومين. وقتل عدة زوجات وأبناء وأقارب خوفاً من مؤامراتهم. ولكنه بني أماكن كثيرة أشهرها مدينة قيصرية وسماها هكذا تكريماً لأوغسطس قيصر\'a1 ورمم مدينة السامرة بعد ان تهدمت وأسماها سباسطيا (سيباستوس هو الاسم اليوناني لاسم أغسطس اللاتيني) أي مدينة أغسطس. وبدأ في ترميم الهيكل في القدس. ومن وحشيته أنه قتل ابنيه الإسكندر وأرسطوبولس\'a1 وقبل موته بخمسة أيام قتل ابنه انتيباتر وفيما هو يسلم أنفاسه الأخيرة أمر بقتل جميع عظماء أورشليم حتى يعم الحزن المدينة ولا يجد الملك الجديد مجالاً للبهجة\'a1 لكنه مات قبل أن تتحقق أمنيته الأخيرة. وهو الذي أمر بقتل أطفال بيت لحم حتى لا ينافسه مولود بيت لحم الملك. فقد ولد المسيح في أواخر أيام هذا الطاغية. ولقد مات هيرودس الكبير بعد قتل أطفال بيت لحم بثلاثة شهور بعد أن اشتدت شراهته في الفترة الأخيرة لأكل اللحم وأصيب بداء النقرس والاستسقاء\'a1 وتصاعدت منه رائحة كريهة جداً حتى لم يقدر أحد أن يقترب إليه. وبعد موته اقتسم أبناءه مملكته حسب ما سبق.
متى,2,93,"ملك هيرودس الكبير على كل اليهودية سنة 37ق.م. ودخل القدس بمعونة الرومان. وكانت أمه وأبيه أدوميين. وكان الأدوميون قد رضخوا بالقوة للمذهب اليهودي سنة 125ق.م. فلم يكن هيرودس يهودي الأصل. وقد تزوج هيرودوس عشر نساء وكان له أبناء كثيرين. واشتد التنافس فيما بينهم على وراثة العرش. وكان القصر مسرح عشرات المؤامرات والفتن. واشتركت زوجات الملك وأقاربهن في تلك المؤامرات. هذا عدا المؤامرات التي كان يحيكها هيرودس ضد أعدائه من اليهود والرومان فقد كان هيرودس الكبير قاسي القلب\'a1 عديم الشفقة يسعى وراء مصلحته مهما كانت الخسائر واشتهـر بكثـرة الحيل ولم ينتبه إلى صراخ المظلومين. وقتل عدة زوجات وأبناء وأقارب خوفاً من مؤامراتهم. ولكنه بني أماكن كثيرة أشهرها مدينة قيصرية وسماها هكذا تكريماً لأوغسطس قيصر\'a1 ورمم مدينة السامرة بعد ان تهدمت وأسماها سباسطيا (سيباستوس هو الاسم اليوناني لاسم أغسطس اللاتيني) أي مدينة أغسطس. وبدأ في ترميم الهيكل في القدس. ومن وحشيته أنه قتل ابنيه الإسكندر وأرسطوبولس\'a1 وقبل موته بخمسة أيام قتل ابنه انتيباتر وفيما هو يسلم أنفاسه الأخيرة أمر بقتل جميع عظماء أورشليم حتى يعم الحزن المدينة ولا يجد الملك الجديد مجالاً للبهجة\'a1 لكنه مات قبل أن تتحقق أمنيته الأخيرة. وهو الذي أمر بقتل أطفال بيت لحم حتى لا ينافسه مولود بيت لحم الملك. فقد ولد المسيح في أواخر أيام هذا الطاغية. ولقد مات هيرودس الكبير بعد قتل أطفال بيت لحم بثلاثة شهور بعد أن اشتدت شراهته في الفترة الأخيرة لأكل اللحم وأصيب بداء النقرس والاستسقاء\'a1 وتصاعدت منه رائحة كريهة جداً حتى لم يقدر أحد أن يقترب إليه. وبعد موته اقتسم أبناءه مملكته حسب ما سبق.
متى,2,94,"ملك هيرودس الكبير على كل اليهودية سنة 37ق.م. ودخل القدس بمعونة الرومان. وكانت أمه وأبيه أدوميين. وكان الأدوميون قد رضخوا بالقوة للمذهب اليهودي سنة 125ق.م. فلم يكن هيرودس يهودي الأصل. وقد تزوج هيرودوس عشر نساء وكان له أبناء كثيرين. واشتد التنافس فيما بينهم على وراثة العرش. وكان القصر مسرح عشرات المؤامرات والفتن. واشتركت زوجات الملك وأقاربهن في تلك المؤامرات. هذا عدا المؤامرات التي كان يحيكها هيرودس ضد أعدائه من اليهود والرومان فقد كان هيرودس الكبير قاسي القلب\'a1 عديم الشفقة يسعى وراء مصلحته مهما كانت الخسائر واشتهـر بكثـرة الحيل ولم ينتبه إلى صراخ المظلومين. وقتل عدة زوجات وأبناء وأقارب خوفاً من مؤامراتهم. ولكنه بني أماكن كثيرة أشهرها مدينة قيصرية وسماها هكذا تكريماً لأوغسطس قيصر\'a1 ورمم مدينة السامرة بعد ان تهدمت وأسماها سباسطيا (سيباستوس هو الاسم اليوناني لاسم أغسطس اللاتيني) أي مدينة أغسطس. وبدأ في ترميم الهيكل في القدس. ومن وحشيته أنه قتل ابنيه الإسكندر وأرسطوبولس\'a1 وقبل موته بخمسة أيام قتل ابنه انتيباتر وفيما هو يسلم أنفاسه الأخيرة أمر بقتل جميع عظماء أورشليم حتى يعم الحزن المدينة ولا يجد الملك الجديد مجالاً للبهجة\'a1 لكنه مات قبل أن تتحقق أمنيته الأخيرة. وهو الذي أمر بقتل أطفال بيت لحم حتى لا ينافسه مولود بيت لحم الملك. فقد ولد المسيح في أواخر أيام هذا الطاغية. ولقد مات هيرودس الكبير بعد قتل أطفال بيت لحم بثلاثة شهور بعد أن اشتدت شراهته في الفترة الأخيرة لأكل اللحم وأصيب بداء النقرس والاستسقاء\'a1 وتصاعدت منه رائحة كريهة جداً حتى لم يقدر أحد أن يقترب إليه. وبعد موته اقتسم أبناءه مملكته حسب ما سبق.
متى,2,95,"ملك هيرودس الكبير على كل اليهودية سنة 37ق.م. ودخل القدس بمعونة الرومان. وكانت أمه وأبيه أدوميين. وكان الأدوميون قد رضخوا بالقوة للمذهب اليهودي سنة 125ق.م. فلم يكن هيرودس يهودي الأصل. وقد تزوج هيرودوس عشر نساء وكان له أبناء كثيرين. واشتد التنافس فيما بينهم على وراثة العرش. وكان القصر مسرح عشرات المؤامرات والفتن. واشتركت زوجات الملك وأقاربهن في تلك المؤامرات. هذا عدا المؤامرات التي كان يحيكها هيرودس ضد أعدائه من اليهود والرومان فقد كان هيرودس الكبير قاسي القلب\'a1 عديم الشفقة يسعى وراء مصلحته مهما كانت الخسائر واشتهـر بكثـرة الحيل ولم ينتبه إلى صراخ المظلومين. وقتل عدة زوجات وأبناء وأقارب خوفاً من مؤامراتهم. ولكنه بني أماكن كثيرة أشهرها مدينة قيصرية وسماها هكذا تكريماً لأوغسطس قيصر\'a1 ورمم مدينة السامرة بعد ان تهدمت وأسماها سباسطيا (سيباستوس هو الاسم اليوناني لاسم أغسطس اللاتيني) أي مدينة أغسطس. وبدأ في ترميم الهيكل في القدس. ومن وحشيته أنه قتل ابنيه الإسكندر وأرسطوبولس\'a1 وقبل موته بخمسة أيام قتل ابنه انتيباتر وفيما هو يسلم أنفاسه الأخيرة أمر بقتل جميع عظماء أورشليم حتى يعم الحزن المدينة ولا يجد الملك الجديد مجالاً للبهجة\'a1 لكنه مات قبل أن تتحقق أمنيته الأخيرة. وهو الذي أمر بقتل أطفال بيت لحم حتى لا ينافسه مولود بيت لحم الملك. فقد ولد المسيح في أواخر أيام هذا الطاغية. ولقد مات هيرودس الكبير بعد قتل أطفال بيت لحم بثلاثة شهور بعد أن اشتدت شراهته في الفترة الأخيرة لأكل اللحم وأصيب بداء النقرس والاستسقاء\'a1 وتصاعدت منه رائحة كريهة جداً حتى لم يقدر أحد أن يقترب إليه. وبعد موته اقتسم أبناءه مملكته حسب ما سبق.
متى,2,96,"ملك هيرودس الكبير على كل اليهودية سنة 37ق.م. ودخل القدس بمعونة الرومان. وكانت أمه وأبيه أدوميين. وكان الأدوميون قد رضخوا بالقوة للمذهب اليهودي سنة 125ق.م. فلم يكن هيرودس يهودي الأصل. وقد تزوج هيرودوس عشر نساء وكان له أبناء كثيرين. واشتد التنافس فيما بينهم على وراثة العرش. وكان القصر مسرح عشرات المؤامرات والفتن. واشتركت زوجات الملك وأقاربهن في تلك المؤامرات. هذا عدا المؤامرات التي كان يحيكها هيرودس ضد أعدائه من اليهود والرومان فقد كان هيرودس الكبير قاسي القلب\'a1 عديم الشفقة يسعى وراء مصلحته مهما كانت الخسائر واشتهـر بكثـرة الحيل ولم ينتبه إلى صراخ المظلومين. وقتل عدة زوجات وأبناء وأقارب خوفاً من مؤامراتهم. ولكنه بني أماكن كثيرة أشهرها مدينة قيصرية وسماها هكذا تكريماً لأوغسطس قيصر\'a1 ورمم مدينة السامرة بعد ان تهدمت وأسماها سباسطيا (سيباستوس هو الاسم اليوناني لاسم أغسطس اللاتيني) أي مدينة أغسطس. وبدأ في ترميم الهيكل في القدس. ومن وحشيته أنه قتل ابنيه الإسكندر وأرسطوبولس\'a1 وقبل موته بخمسة أيام قتل ابنه انتيباتر وفيما هو يسلم أنفاسه الأخيرة أمر بقتل جميع عظماء أورشليم حتى يعم الحزن المدينة ولا يجد الملك الجديد مجالاً للبهجة\'a1 لكنه مات قبل أن تتحقق أمنيته الأخيرة. وهو الذي أمر بقتل أطفال بيت لحم حتى لا ينافسه مولود بيت لحم الملك. فقد ولد المسيح في أواخر أيام هذا الطاغية. ولقد مات هيرودس الكبير بعد قتل أطفال بيت لحم بثلاثة شهور بعد أن اشتدت شراهته في الفترة الأخيرة لأكل اللحم وأصيب بداء النقرس والاستسقاء\'a1 وتصاعدت منه رائحة كريهة جداً حتى لم يقدر أحد أن يقترب إليه. وبعد موته اقتسم أبناءه مملكته حسب ما سبق.
متى,2,97,"ملك هيرودس الكبير على كل اليهودية سنة 37ق.م. ودخل القدس بمعونة الرومان. وكانت أمه وأبيه أدوميين. وكان الأدوميون قد رضخوا بالقوة للمذهب اليهودي سنة 125ق.م. فلم يكن هيرودس يهودي الأصل. وقد تزوج هيرودوس عشر نساء وكان له أبناء كثيرين. واشتد التنافس فيما بينهم على وراثة العرش. وكان القصر مسرح عشرات المؤامرات والفتن. واشتركت زوجات الملك وأقاربهن في تلك المؤامرات. هذا عدا المؤامرات التي كان يحيكها هيرودس ضد أعدائه من اليهود والرومان فقد كان هيرودس الكبير قاسي القلب\'a1 عديم الشفقة يسعى وراء مصلحته مهما كانت الخسائر واشتهـر بكثـرة الحيل ولم ينتبه إلى صراخ المظلومين. وقتل عدة زوجات وأبناء وأقارب خوفاً من مؤامراتهم. ولكنه بني أماكن كثيرة أشهرها مدينة قيصرية وسماها هكذا تكريماً لأوغسطس قيصر\'a1 ورمم مدينة السامرة بعد ان تهدمت وأسماها سباسطيا (سيباستوس هو الاسم اليوناني لاسم أغسطس اللاتيني) أي مدينة أغسطس. وبدأ في ترميم الهيكل في القدس. ومن وحشيته أنه قتل ابنيه الإسكندر وأرسطوبولس\'a1 وقبل موته بخمسة أيام قتل ابنه انتيباتر وفيما هو يسلم أنفاسه الأخيرة أمر بقتل جميع عظماء أورشليم حتى يعم الحزن المدينة ولا يجد الملك الجديد مجالاً للبهجة\'a1 لكنه مات قبل أن تتحقق أمنيته الأخيرة. وهو الذي أمر بقتل أطفال بيت لحم حتى لا ينافسه مولود بيت لحم الملك. فقد ولد المسيح في أواخر أيام هذا الطاغية. ولقد مات هيرودس الكبير بعد قتل أطفال بيت لحم بثلاثة شهور بعد أن اشتدت شراهته في الفترة الأخيرة لأكل اللحم وأصيب بداء النقرس والاستسقاء\'a1 وتصاعدت منه رائحة كريهة جداً حتى لم يقدر أحد أن يقترب إليه. وبعد موته اقتسم أبناءه مملكته حسب ما سبق.
متى,2,98,"ملك هيرودس الكبير على كل اليهودية سنة 37ق.م. ودخل القدس بمعونة الرومان. وكانت أمه وأبيه أدوميين. وكان الأدوميون قد رضخوا بالقوة للمذهب اليهودي سنة 125ق.م. فلم يكن هيرودس يهودي الأصل. وقد تزوج هيرودوس عشر نساء وكان له أبناء كثيرين. واشتد التنافس فيما بينهم على وراثة العرش. وكان القصر مسرح عشرات المؤامرات والفتن. واشتركت زوجات الملك وأقاربهن في تلك المؤامرات. هذا عدا المؤامرات التي كان يحيكها هيرودس ضد أعدائه من اليهود والرومان فقد كان هيرودس الكبير قاسي القلب\'a1 عديم الشفقة يسعى وراء مصلحته مهما كانت الخسائر واشتهـر بكثـرة الحيل ولم ينتبه إلى صراخ المظلومين. وقتل عدة زوجات وأبناء وأقارب خوفاً من مؤامراتهم. ولكنه بني أماكن كثيرة أشهرها مدينة قيصرية وسماها هكذا تكريماً لأوغسطس قيصر\'a1 ورمم مدينة السامرة بعد ان تهدمت وأسماها سباسطيا (سيباستوس هو الاسم اليوناني لاسم أغسطس اللاتيني) أي مدينة أغسطس. وبدأ في ترميم الهيكل في القدس. ومن وحشيته أنه قتل ابنيه الإسكندر وأرسطوبولس\'a1 وقبل موته بخمسة أيام قتل ابنه انتيباتر وفيما هو يسلم أنفاسه الأخيرة أمر بقتل جميع عظماء أورشليم حتى يعم الحزن المدينة ولا يجد الملك الجديد مجالاً للبهجة\'a1 لكنه مات قبل أن تتحقق أمنيته الأخيرة. وهو الذي أمر بقتل أطفال بيت لحم حتى لا ينافسه مولود بيت لحم الملك. فقد ولد المسيح في أواخر أيام هذا الطاغية. ولقد مات هيرودس الكبير بعد قتل أطفال بيت لحم بثلاثة شهور بعد أن اشتدت شراهته في الفترة الأخيرة لأكل اللحم وأصيب بداء النقرس والاستسقاء\'a1 وتصاعدت منه رائحة كريهة جداً حتى لم يقدر أحد أن يقترب إليه. وبعد موته اقتسم أبناءه مملكته حسب ما سبق.
متى,2,99,"ملك هيرودس الكبير على كل اليهودية سنة 37ق.م. ودخل القدس بمعونة الرومان. وكانت أمه وأبيه أدوميين. وكان الأدوميون قد رضخوا بالقوة للمذهب اليهودي سنة 125ق.م. فلم يكن هيرودس يهودي الأصل. وقد تزوج هيرودوس عشر نساء وكان له أبناء كثيرين. واشتد التنافس فيما بينهم على وراثة العرش. وكان القصر مسرح عشرات المؤامرات والفتن. واشتركت زوجات الملك وأقاربهن في تلك المؤامرات. هذا عدا المؤامرات التي كان يحيكها هيرودس ضد أعدائه من اليهود والرومان فقد كان هيرودس الكبير قاسي القلب\'a1 عديم الشفقة يسعى وراء مصلحته مهما كانت الخسائر واشتهـر بكثـرة الحيل ولم ينتبه إلى صراخ المظلومين. وقتل عدة زوجات وأبناء وأقارب خوفاً من مؤامراتهم. ولكنه بني أماكن كثيرة أشهرها مدينة قيصرية وسماها هكذا تكريماً لأوغسطس قيصر\'a1 ورمم مدينة السامرة بعد ان تهدمت وأسماها سباسطيا (سيباستوس هو الاسم اليوناني لاسم أغسطس اللاتيني) أي مدينة أغسطس. وبدأ في ترميم الهيكل في القدس. ومن وحشيته أنه قتل ابنيه الإسكندر وأرسطوبولس\'a1 وقبل موته بخمسة أيام قتل ابنه انتيباتر وفيما هو يسلم أنفاسه الأخيرة أمر بقتل جميع عظماء أورشليم حتى يعم الحزن المدينة ولا يجد الملك الجديد مجالاً للبهجة\'a1 لكنه مات قبل أن تتحقق أمنيته الأخيرة. وهو الذي أمر بقتل أطفال بيت لحم حتى لا ينافسه مولود بيت لحم الملك. فقد ولد المسيح في أواخر أيام هذا الطاغية. ولقد مات هيرودس الكبير بعد قتل أطفال بيت لحم بثلاثة شهور بعد أن اشتدت شراهته في الفترة الأخيرة لأكل اللحم وأصيب بداء النقرس والاستسقاء\'a1 وتصاعدت منه رائحة كريهة جداً حتى لم يقدر أحد أن يقترب إليه. وبعد موته اقتسم أبناءه مملكته حسب ما سبق.
متى,3,1,"الإصحاح الثالث:
متى,3,2,"الإصحاح الثالث:
متى,3,3,"الإصحاح الثالث:
متى,3,4,"الإصحاح الثالث:
متى,3,5,"الإصحاح الثالث:
متى,3,6,"الإصحاح الثالث:
متى,3,7,"الإصحاح الثالث:
متى,3,8,"الإصحاح الثالث:
متى,3,9,"الإصحاح الثالث:
متى,3,10,"الإصحاح الثالث:
متى,3,11,"الإصحاح الثالث:
متى,3,12,"الإصحاح الثالث:
متى,3,13,"الإصحاح الثالث:
متى,3,14,"الإصحاح الثالث:
متى,3,15,"الإصحاح الثالث:
متى,3,16,"الإصحاح الثالث:
متى,3,17,"الإصحاح الثالث:
متى,3,18,"الإصحاح الثالث:
متى,3,19,"الإصحاح الثالث:
متى,3,20,"الإصحاح الثالث:
متى,3,21,"الإصحاح الثالث:
متى,3,22,"الإصحاح الثالث:
متى,3,23,"الإصحاح الثالث:
متى,3,24,"الإصحاح الثالث:
متى,3,25,"الإصحاح الثالث:
متى,3,26,"الإصحاح الثالث:
متى,3,27,"الإصحاح الثالث:
متى,3,28,"الإصحاح الثالث:
متى,3,29,"الإصحاح الثالث:
متى,3,30,"الإصحاح الثالث:
متى,3,31,"الإصحاح الثالث:
متى,3,32,"الإصحاح الثالث:
متى,3,33,"الإصحاح الثالث:
متى,3,34,"الإصحاح الثالث:
متى,3,35,"الإصحاح الثالث:
متى,3,36,"الإصحاح الثالث:
متى,3,37,"الإصحاح الثالث:
متى,3,38,"الإصحاح الثالث:
متى,3,39,"الإصحاح الثالث:
متى,3,40,"الإصحاح الثالث:
متى,3,41,"الإصحاح الثالث:
متى,3,42,"الإصحاح الثالث:
متى,3,43,"الإصحاح الثالث:
متى,3,44,"الإصحاح الثالث:
متى,3,45,"الإصحاح الثالث:
متى,3,46,"الإصحاح الثالث:
متى,3,47,"الإصحاح الثالث:
متى,3,48,"الإصحاح الثالث:
متى,3,49,"الإصحاح الثالث:
متى,3,50,"الإصحاح الثالث:
متى,3,51,"الإصحاح الثالث:
متى,3,52,"الإصحاح الثالث:
متى,3,53,"الإصحاح الثالث:
متى,3,54,"الإصحاح الثالث:
متى,3,55,"الإصحاح الثالث:
متى,3,56,"الإصحاح الثالث:
متى,3,57,"الإصحاح الثالث:
متى,3,58,"الإصحاح الثالث:
متى,3,59,"الإصحاح الثالث:
متى,3,60,"الإصحاح الثالث:
متى,3,61,"الإصحاح الثالث:
متى,3,62,"الإصحاح الثالث:
متى,3,63,"الإصحاح الثالث:
متى,3,64,"الإصحاح الثالث:
متى,3,65,"الإصحاح الثالث:
متى,3,66,"الإصحاح الثالث:
متى,3,67,"الإصحاح الثالث:
متى,3,68,"الإصحاح الثالث:
متى,3,69,"الإصحاح الثالث:
متى,3,70,"الإصحاح الثالث:
متى,3,71,"الإصحاح الثالث:
متى,3,72,"الإصحاح الثالث:
متى,3,73,"الإصحاح الثالث:
متى,3,74,"الإصحاح الثالث:
متى,3,75,"الإصحاح الثالث:
متى,3,76,"الإصحاح الثالث:
متى,3,77,"الإصحاح الثالث:
متى,3,78,"الإصحاح الثالث:
متى,3,79,"الإصحاح الثالث:
متى,3,80,"الإصحاح الثالث:
متى,3,81,"الإصحاح الثالث:
متى,3,82,"الإصحاح الثالث:
متى,3,83,"الإصحاح الثالث:
متى,3,84,"الإصحاح الثالث:
متى,3,85,"الإصحاح الثالث:
متى,3,86,"الإصحاح الثالث:
متى,3,87,"الإصحاح الثالث:
متى,3,88,"الإصحاح الثالث:
متى,3,89,"الإصحاح الثالث:
متى,3,90,"الإصحاح الثالث:
متى,3,91,"الإصحاح الثالث:
متى,3,92,"الإصحاح الثالث:
متى,3,93,"الإصحاح الثالث:
متى,3,94,"الإصحاح الثالث:
متى,3,95,"الإصحاح الثالث:
متى,3,96,"الإصحاح الثالث:
متى,3,97,"الإصحاح الثالث:
متى,3,98,"الإصحاح الثالث:
متى,3,99,"الإصحاح الثالث:
متى,4,1,"نجد الإنجيليين الثلاثة الذين أوردوا قصة تجربة المسيح\'a1 أنهم يأتوا بها بعد معموديته وحلول الروح القدس عليه. إذ أن حلول الروح القدس على المسيح يعني مسحه أي تكريسه لعمل الفداء وهذا يعني حتماً الدخول في صراع مع الشيطان.
متى,4,2,"نجد الإنجيليين الثلاثة الذين أوردوا قصة تجربة المسيح\'a1 أنهم يأتوا بها بعد معموديته وحلول الروح القدس عليه. إذ أن حلول الروح القدس على المسيح يعني مسحه أي تكريسه لعمل الفداء وهذا يعني حتماً الدخول في صراع مع الشيطان.
متى,4,3,"نجد الإنجيليين الثلاثة الذين أوردوا قصة تجربة المسيح\'a1 أنهم يأتوا بها بعد معموديته وحلول الروح القدس عليه. إذ أن حلول الروح القدس على المسيح يعني مسحه أي تكريسه لعمل الفداء وهذا يعني حتماً الدخول في صراع مع الشيطان.
متى,4,4,"نجد الإنجيليين الثلاثة الذين أوردوا قصة تجربة المسيح\'a1 أنهم يأتوا بها بعد معموديته وحلول الروح القدس عليه. إذ أن حلول الروح القدس على المسيح يعني مسحه أي تكريسه لعمل الفداء وهذا يعني حتماً الدخول في صراع مع الشيطان.
متى,4,5,"نجد الإنجيليين الثلاثة الذين أوردوا قصة تجربة المسيح\'a1 أنهم يأتوا بها بعد معموديته وحلول الروح القدس عليه. إذ أن حلول الروح القدس على المسيح يعني مسحه أي تكريسه لعمل الفداء وهذا يعني حتماً الدخول في صراع مع الشيطان.
متى,4,6,"نجد الإنجيليين الثلاثة الذين أوردوا قصة تجربة المسيح\'a1 أنهم يأتوا بها بعد معموديته وحلول الروح القدس عليه. إذ أن حلول الروح القدس على المسيح يعني مسحه أي تكريسه لعمل الفداء وهذا يعني حتماً الدخول في صراع مع الشيطان.
متى,4,7,"نجد الإنجيليين الثلاثة الذين أوردوا قصة تجربة المسيح\'a1 أنهم يأتوا بها بعد معموديته وحلول الروح القدس عليه. إذ أن حلول الروح القدس على المسيح يعني مسحه أي تكريسه لعمل الفداء وهذا يعني حتماً الدخول في صراع مع الشيطان.
متى,4,8,"نجد الإنجيليين الثلاثة الذين أوردوا قصة تجربة المسيح\'a1 أنهم يأتوا بها بعد معموديته وحلول الروح القدس عليه. إذ أن حلول الروح القدس على المسيح يعني مسحه أي تكريسه لعمل الفداء وهذا يعني حتماً الدخول في صراع مع الشيطان.
متى,4,9,"نجد الإنجيليين الثلاثة الذين أوردوا قصة تجربة المسيح\'a1 أنهم يأتوا بها بعد معموديته وحلول الروح القدس عليه. إذ أن حلول الروح القدس على المسيح يعني مسحه أي تكريسه لعمل الفداء وهذا يعني حتماً الدخول في صراع مع الشيطان.
متى,4,10,"نجد الإنجيليين الثلاثة الذين أوردوا قصة تجربة المسيح\'a1 أنهم يأتوا بها بعد معموديته وحلول الروح القدس عليه. إذ أن حلول الروح القدس على المسيح يعني مسحه أي تكريسه لعمل الفداء وهذا يعني حتماً الدخول في صراع مع الشيطان.
متى,4,11,"نجد الإنجيليين الثلاثة الذين أوردوا قصة تجربة المسيح\'a1 أنهم يأتوا بها بعد معموديته وحلول الروح القدس عليه. إذ أن حلول الروح القدس على المسيح يعني مسحه أي تكريسه لعمل الفداء وهذا يعني حتماً الدخول في صراع مع الشيطان.
متى,4,12,"نجد الإنجيليين الثلاثة الذين أوردوا قصة تجربة المسيح\'a1 أنهم يأتوا بها بعد معموديته وحلول الروح القدس عليه. إذ أن حلول الروح القدس على المسيح يعني مسحه أي تكريسه لعمل الفداء وهذا يعني حتماً الدخول في صراع مع الشيطان.
متى,4,13,"نجد الإنجيليين الثلاثة الذين أوردوا قصة تجربة المسيح\'a1 أنهم يأتوا بها بعد معموديته وحلول الروح القدس عليه. إذ أن حلول الروح القدس على المسيح يعني مسحه أي تكريسه لعمل الفداء وهذا يعني حتماً الدخول في صراع مع الشيطان.
متى,4,14,"نجد الإنجيليين الثلاثة الذين أوردوا قصة تجربة المسيح\'a1 أنهم يأتوا بها بعد معموديته وحلول الروح القدس عليه. إذ أن حلول الروح القدس على المسيح يعني مسحه أي تكريسه لعمل الفداء وهذا يعني حتماً الدخول في صراع مع الشيطان.
متى,4,15,"نجد الإنجيليين الثلاثة الذين أوردوا قصة تجربة المسيح\'a1 أنهم يأتوا بها بعد معموديته وحلول الروح القدس عليه. إذ أن حلول الروح القدس على المسيح يعني مسحه أي تكريسه لعمل الفداء وهذا يعني حتماً الدخول في صراع مع الشيطان.
متى,4,16,"نجد الإنجيليين الثلاثة الذين أوردوا قصة تجربة المسيح\'a1 أنهم يأتوا بها بعد معموديته وحلول الروح القدس عليه. إذ أن حلول الروح القدس على المسيح يعني مسحه أي تكريسه لعمل الفداء وهذا يعني حتماً الدخول في صراع مع الشيطان.
متى,4,17,"نجد الإنجيليين الثلاثة الذين أوردوا قصة تجربة المسيح\'a1 أنهم يأتوا بها بعد معموديته وحلول الروح القدس عليه. إذ أن حلول الروح القدس على المسيح يعني مسحه أي تكريسه لعمل الفداء وهذا يعني حتماً الدخول في صراع مع الشيطان.
متى,4,18,"نجد الإنجيليين الثلاثة الذين أوردوا قصة تجربة المسيح\'a1 أنهم يأتوا بها بعد معموديته وحلول الروح القدس عليه. إذ أن حلول الروح القدس على المسيح يعني مسحه أي تكريسه لعمل الفداء وهذا يعني حتماً الدخول في صراع مع الشيطان.
متى,4,19,"نجد الإنجيليين الثلاثة الذين أوردوا قصة تجربة المسيح\'a1 أنهم يأتوا بها بعد معموديته وحلول الروح القدس عليه. إذ أن حلول الروح القدس على المسيح يعني مسحه أي تكريسه لعمل الفداء وهذا يعني حتماً الدخول في صراع مع الشيطان.
متى,4,20,"نجد الإنجيليين الثلاثة الذين أوردوا قصة تجربة المسيح\'a1 أنهم يأتوا بها بعد معموديته وحلول الروح القدس عليه. إذ أن حلول الروح القدس على المسيح يعني مسحه أي تكريسه لعمل الفداء وهذا يعني حتماً الدخول في صراع مع الشيطان.
متى,4,21,"نجد الإنجيليين الثلاثة الذين أوردوا قصة تجربة المسيح\'a1 أنهم يأتوا بها بعد معموديته وحلول الروح القدس عليه. إذ أن حلول الروح القدس على المسيح يعني مسحه أي تكريسه لعمل الفداء وهذا يعني حتماً الدخول في صراع مع الشيطان.
متى,4,22,"نجد الإنجيليين الثلاثة الذين أوردوا قصة تجربة المسيح\'a1 أنهم يأتوا بها بعد معموديته وحلول الروح القدس عليه. إذ أن حلول الروح القدس على المسيح يعني مسحه أي تكريسه لعمل الفداء وهذا يعني حتماً الدخول في صراع مع الشيطان.
متى,4,23,"نجد الإنجيليين الثلاثة الذين أوردوا قصة تجربة المسيح\'a1 أنهم يأتوا بها بعد معموديته وحلول الروح القدس عليه. إذ أن حلول الروح القدس على المسيح يعني مسحه أي تكريسه لعمل الفداء وهذا يعني حتماً الدخول في صراع مع الشيطان.
متى,4,24,"نجد الإنجيليين الثلاثة الذين أوردوا قصة تجربة المسيح\'a1 أنهم يأتوا بها بعد معموديته وحلول الروح القدس عليه. إذ أن حلول الروح القدس على المسيح يعني مسحه أي تكريسه لعمل الفداء وهذا يعني حتماً الدخول في صراع مع الشيطان.
متى,4,25,"نجد الإنجيليين الثلاثة الذين أوردوا قصة تجربة المسيح\'a1 أنهم يأتوا بها بعد معموديته وحلول الروح القدس عليه. إذ أن حلول الروح القدس على المسيح يعني مسحه أي تكريسه لعمل الفداء وهذا يعني حتماً الدخول في صراع مع الشيطان.
متى,4,26,"نجد الإنجيليين الثلاثة الذين أوردوا قصة تجربة المسيح\'a1 أنهم يأتوا بها بعد معموديته وحلول الروح القدس عليه. إذ أن حلول الروح القدس على المسيح يعني مسحه أي تكريسه لعمل الفداء وهذا يعني حتماً الدخول في صراع مع الشيطان.
متى,4,27,"نجد الإنجيليين الثلاثة الذين أوردوا قصة تجربة المسيح\'a1 أنهم يأتوا بها بعد معموديته وحلول الروح القدس عليه. إذ أن حلول الروح القدس على المسيح يعني مسحه أي تكريسه لعمل الفداء وهذا يعني حتماً الدخول في صراع مع الشيطان.
متى,4,28,"نجد الإنجيليين الثلاثة الذين أوردوا قصة تجربة المسيح\'a1 أنهم يأتوا بها بعد معموديته وحلول الروح القدس عليه. إذ أن حلول الروح القدس على المسيح يعني مسحه أي تكريسه لعمل الفداء وهذا يعني حتماً الدخول في صراع مع الشيطان.
متى,4,29,"نجد الإنجيليين الثلاثة الذين أوردوا قصة تجربة المسيح\'a1 أنهم يأتوا بها بعد معموديته وحلول الروح القدس عليه. إذ أن حلول الروح القدس على المسيح يعني مسحه أي تكريسه لعمل الفداء وهذا يعني حتماً الدخول في صراع مع الشيطان.
متى,4,30,"نجد الإنجيليين الثلاثة الذين أوردوا قصة تجربة المسيح\'a1 أنهم يأتوا بها بعد معموديته وحلول الروح القدس عليه. إذ أن حلول الروح القدس على المسيح يعني مسحه أي تكريسه لعمل الفداء وهذا يعني حتماً الدخول في صراع مع الشيطان.
متى,4,31,"نجد الإنجيليين الثلاثة الذين أوردوا قصة تجربة المسيح\'a1 أنهم يأتوا بها بعد معموديته وحلول الروح القدس عليه. إذ أن حلول الروح القدس على المسيح يعني مسحه أي تكريسه لعمل الفداء وهذا يعني حتماً الدخول في صراع مع الشيطان.
متى,4,32,"نجد الإنجيليين الثلاثة الذين أوردوا قصة تجربة المسيح\'a1 أنهم يأتوا بها بعد معموديته وحلول الروح القدس عليه. إذ أن حلول الروح القدس على المسيح يعني مسحه أي تكريسه لعمل الفداء وهذا يعني حتماً الدخول في صراع مع الشيطان.
متى,4,33,"نجد الإنجيليين الثلاثة الذين أوردوا قصة تجربة المسيح\'a1 أنهم يأتوا بها بعد معموديته وحلول الروح القدس عليه. إذ أن حلول الروح القدس على المسيح يعني مسحه أي تكريسه لعمل الفداء وهذا يعني حتماً الدخول في صراع مع الشيطان.
متى,4,34,"نجد الإنجيليين الثلاثة الذين أوردوا قصة تجربة المسيح\'a1 أنهم يأتوا بها بعد معموديته وحلول الروح القدس عليه. إذ أن حلول الروح القدس على المسيح يعني مسحه أي تكريسه لعمل الفداء وهذا يعني حتماً الدخول في صراع مع الشيطان.
متى,4,35,"نجد الإنجيليين الثلاثة الذين أوردوا قصة تجربة المسيح\'a1 أنهم يأتوا بها بعد معموديته وحلول الروح القدس عليه. إذ أن حلول الروح القدس على المسيح يعني مسحه أي تكريسه لعمل الفداء وهذا يعني حتماً الدخول في صراع مع الشيطان.
متى,4,36,"نجد الإنجيليين الثلاثة الذين أوردوا قصة تجربة المسيح\'a1 أنهم يأتوا بها بعد معموديته وحلول الروح القدس عليه. إذ أن حلول الروح القدس على المسيح يعني مسحه أي تكريسه لعمل الفداء وهذا يعني حتماً الدخول في صراع مع الشيطان.
متى,4,37,"نجد الإنجيليين الثلاثة الذين أوردوا قصة تجربة المسيح\'a1 أنهم يأتوا بها بعد معموديته وحلول الروح القدس عليه. إذ أن حلول الروح القدس على المسيح يعني مسحه أي تكريسه لعمل الفداء وهذا يعني حتماً الدخول في صراع مع الشيطان.
متى,4,38,"نجد الإنجيليين الثلاثة الذين أوردوا قصة تجربة المسيح\'a1 أنهم يأتوا بها بعد معموديته وحلول الروح القدس عليه. إذ أن حلول الروح القدس على المسيح يعني مسحه أي تكريسه لعمل الفداء وهذا يعني حتماً الدخول في صراع مع الشيطان.
متى,4,39,"نجد الإنجيليين الثلاثة الذين أوردوا قصة تجربة المسيح\'a1 أنهم يأتوا بها بعد معموديته وحلول الروح القدس عليه. إذ أن حلول الروح القدس على المسيح يعني مسحه أي تكريسه لعمل الفداء وهذا يعني حتماً الدخول في صراع مع الشيطان.
متى,4,40,"نجد الإنجيليين الثلاثة الذين أوردوا قصة تجربة المسيح\'a1 أنهم يأتوا بها بعد معموديته وحلول الروح القدس عليه. إذ أن حلول الروح القدس على المسيح يعني مسحه أي تكريسه لعمل الفداء وهذا يعني حتماً الدخول في صراع مع الشيطان.
متى,4,41,"نجد الإنجيليين الثلاثة الذين أوردوا قصة تجربة المسيح\'a1 أنهم يأتوا بها بعد معموديته وحلول الروح القدس عليه. إذ أن حلول الروح القدس على المسيح يعني مسحه أي تكريسه لعمل الفداء وهذا يعني حتماً الدخول في صراع مع الشيطان.
متى,4,42,"نجد الإنجيليين الثلاثة الذين أوردوا قصة تجربة المسيح\'a1 أنهم يأتوا بها بعد معموديته وحلول الروح القدس عليه. إذ أن حلول الروح القدس على المسيح يعني مسحه أي تكريسه لعمل الفداء وهذا يعني حتماً الدخول في صراع مع الشيطان.
متى,4,43,"نجد الإنجيليين الثلاثة الذين أوردوا قصة تجربة المسيح\'a1 أنهم يأتوا بها بعد معموديته وحلول الروح القدس عليه. إذ أن حلول الروح القدس على المسيح يعني مسحه أي تكريسه لعمل الفداء وهذا يعني حتماً الدخول في صراع مع الشيطان.
متى,4,44,"نجد الإنجيليين الثلاثة الذين أوردوا قصة تجربة المسيح\'a1 أنهم يأتوا بها بعد معموديته وحلول الروح القدس عليه. إذ أن حلول الروح القدس على المسيح يعني مسحه أي تكريسه لعمل الفداء وهذا يعني حتماً الدخول في صراع مع الشيطان.
متى,4,45,"نجد الإنجيليين الثلاثة الذين أوردوا قصة تجربة المسيح\'a1 أنهم يأتوا بها بعد معموديته وحلول الروح القدس عليه. إذ أن حلول الروح القدس على المسيح يعني مسحه أي تكريسه لعمل الفداء وهذا يعني حتماً الدخول في صراع مع الشيطان.
متى,4,46,"نجد الإنجيليين الثلاثة الذين أوردوا قصة تجربة المسيح\'a1 أنهم يأتوا بها بعد معموديته وحلول الروح القدس عليه. إذ أن حلول الروح القدس على المسيح يعني مسحه أي تكريسه لعمل الفداء وهذا يعني حتماً الدخول في صراع مع الشيطان.
متى,4,47,"نجد الإنجيليين الثلاثة الذين أوردوا قصة تجربة المسيح\'a1 أنهم يأتوا بها بعد معموديته وحلول الروح القدس عليه. إذ أن حلول الروح القدس على المسيح يعني مسحه أي تكريسه لعمل الفداء وهذا يعني حتماً الدخول في صراع مع الشيطان.
متى,4,48,"نجد الإنجيليين الثلاثة الذين أوردوا قصة تجربة المسيح\'a1 أنهم يأتوا بها بعد معموديته وحلول الروح القدس عليه. إذ أن حلول الروح القدس على المسيح يعني مسحه أي تكريسه لعمل الفداء وهذا يعني حتماً الدخول في صراع مع الشيطان.
متى,4,49,"نجد الإنجيليين الثلاثة الذين أوردوا قصة تجربة المسيح\'a1 أنهم يأتوا بها بعد معموديته وحلول الروح القدس عليه. إذ أن حلول الروح القدس على المسيح يعني مسحه أي تكريسه لعمل الفداء وهذا يعني حتماً الدخول في صراع مع الشيطان.
متى,4,50,"نجد الإنجيليين الثلاثة الذين أوردوا قصة تجربة المسيح\'a1 أنهم يأتوا بها بعد معموديته وحلول الروح القدس عليه. إذ أن حلول الروح القدس على المسيح يعني مسحه أي تكريسه لعمل الفداء وهذا يعني حتماً الدخول في صراع مع الشيطان.
متى,4,51,"نجد الإنجيليين الثلاثة الذين أوردوا قصة تجربة المسيح\'a1 أنهم يأتوا بها بعد معموديته وحلول الروح القدس عليه. إذ أن حلول الروح القدس على المسيح يعني مسحه أي تكريسه لعمل الفداء وهذا يعني حتماً الدخول في صراع مع الشيطان.
متى,4,52,"نجد الإنجيليين الثلاثة الذين أوردوا قصة تجربة المسيح\'a1 أنهم يأتوا بها بعد معموديته وحلول الروح القدس عليه. إذ أن حلول الروح القدس على المسيح يعني مسحه أي تكريسه لعمل الفداء وهذا يعني حتماً الدخول في صراع مع الشيطان.
متى,4,53,"نجد الإنجيليين الثلاثة الذين أوردوا قصة تجربة المسيح\'a1 أنهم يأتوا بها بعد معموديته وحلول الروح القدس عليه. إذ أن حلول الروح القدس على المسيح يعني مسحه أي تكريسه لعمل الفداء وهذا يعني حتماً الدخول في صراع مع الشيطان.
متى,4,54,"نجد الإنجيليين الثلاثة الذين أوردوا قصة تجربة المسيح\'a1 أنهم يأتوا بها بعد معموديته وحلول الروح القدس عليه. إذ أن حلول الروح القدس على المسيح يعني مسحه أي تكريسه لعمل الفداء وهذا يعني حتماً الدخول في صراع مع الشيطان.
متى,4,55,"نجد الإنجيليين الثلاثة الذين أوردوا قصة تجربة المسيح\'a1 أنهم يأتوا بها بعد معموديته وحلول الروح القدس عليه. إذ أن حلول الروح القدس على المسيح يعني مسحه أي تكريسه لعمل الفداء وهذا يعني حتماً الدخول في صراع مع الشيطان.
متى,4,56,"نجد الإنجيليين الثلاثة الذين أوردوا قصة تجربة المسيح\'a1 أنهم يأتوا بها بعد معموديته وحلول الروح القدس عليه. إذ أن حلول الروح القدس على المسيح يعني مسحه أي تكريسه لعمل الفداء وهذا يعني حتماً الدخول في صراع مع الشيطان.
متى,4,57,"نجد الإنجيليين الثلاثة الذين أوردوا قصة تجربة المسيح\'a1 أنهم يأتوا بها بعد معموديته وحلول الروح القدس عليه. إذ أن حلول الروح القدس على المسيح يعني مسحه أي تكريسه لعمل الفداء وهذا يعني حتماً الدخول في صراع مع الشيطان.
متى,4,58,"نجد الإنجيليين الثلاثة الذين أوردوا قصة تجربة المسيح\'a1 أنهم يأتوا بها بعد معموديته وحلول الروح القدس عليه. إذ أن حلول الروح القدس على المسيح يعني مسحه أي تكريسه لعمل الفداء وهذا يعني حتماً الدخول في صراع مع الشيطان.
متى,4,59,"نجد الإنجيليين الثلاثة الذين أوردوا قصة تجربة المسيح\'a1 أنهم يأتوا بها بعد معموديته وحلول الروح القدس عليه. إذ أن حلول الروح القدس على المسيح يعني مسحه أي تكريسه لعمل الفداء وهذا يعني حتماً الدخول في صراع مع الشيطان.
متى,4,60,"نجد الإنجيليين الثلاثة الذين أوردوا قصة تجربة المسيح\'a1 أنهم يأتوا بها بعد معموديته وحلول الروح القدس عليه. إذ أن حلول الروح القدس على المسيح يعني مسحه أي تكريسه لعمل الفداء وهذا يعني حتماً الدخول في صراع مع الشيطان.
متى,4,61,"نجد الإنجيليين الثلاثة الذين أوردوا قصة تجربة المسيح\'a1 أنهم يأتوا بها بعد معموديته وحلول الروح القدس عليه. إذ أن حلول الروح القدس على المسيح يعني مسحه أي تكريسه لعمل الفداء وهذا يعني حتماً الدخول في صراع مع الشيطان.
متى,4,62,"نجد الإنجيليين الثلاثة الذين أوردوا قصة تجربة المسيح\'a1 أنهم يأتوا بها بعد معموديته وحلول الروح القدس عليه. إذ أن حلول الروح القدس على المسيح يعني مسحه أي تكريسه لعمل الفداء وهذا يعني حتماً الدخول في صراع مع الشيطان.
متى,4,63,"نجد الإنجيليين الثلاثة الذين أوردوا قصة تجربة المسيح\'a1 أنهم يأتوا بها بعد معموديته وحلول الروح القدس عليه. إذ أن حلول الروح القدس على المسيح يعني مسحه أي تكريسه لعمل الفداء وهذا يعني حتماً الدخول في صراع مع الشيطان.
متى,4,64,"نجد الإنجيليين الثلاثة الذين أوردوا قصة تجربة المسيح\'a1 أنهم يأتوا بها بعد معموديته وحلول الروح القدس عليه. إذ أن حلول الروح القدس على المسيح يعني مسحه أي تكريسه لعمل الفداء وهذا يعني حتماً الدخول في صراع مع الشيطان.
متى,4,65,"نجد الإنجيليين الثلاثة الذين أوردوا قصة تجربة المسيح\'a1 أنهم يأتوا بها بعد معموديته وحلول الروح القدس عليه. إذ أن حلول الروح القدس على المسيح يعني مسحه أي تكريسه لعمل الفداء وهذا يعني حتماً الدخول في صراع مع الشيطان.
متى,4,66,"نجد الإنجيليين الثلاثة الذين أوردوا قصة تجربة المسيح\'a1 أنهم يأتوا بها بعد معموديته وحلول الروح القدس عليه. إذ أن حلول الروح القدس على المسيح يعني مسحه أي تكريسه لعمل الفداء وهذا يعني حتماً الدخول في صراع مع الشيطان.
متى,4,67,"نجد الإنجيليين الثلاثة الذين أوردوا قصة تجربة المسيح\'a1 أنهم يأتوا بها بعد معموديته وحلول الروح القدس عليه. إذ أن حلول الروح القدس على المسيح يعني مسحه أي تكريسه لعمل الفداء وهذا يعني حتماً الدخول في صراع مع الشيطان.
متى,4,68,"نجد الإنجيليين الثلاثة الذين أوردوا قصة تجربة المسيح\'a1 أنهم يأتوا بها بعد معموديته وحلول الروح القدس عليه. إذ أن حلول الروح القدس على المسيح يعني مسحه أي تكريسه لعمل الفداء وهذا يعني حتماً الدخول في صراع مع الشيطان.
متى,4,69,"نجد الإنجيليين الثلاثة الذين أوردوا قصة تجربة المسيح\'a1 أنهم يأتوا بها بعد معموديته وحلول الروح القدس عليه. إذ أن حلول الروح القدس على المسيح يعني مسحه أي تكريسه لعمل الفداء وهذا يعني حتماً الدخول في صراع مع الشيطان.
متى,4,70,"نجد الإنجيليين الثلاثة الذين أوردوا قصة تجربة المسيح\'a1 أنهم يأتوا بها بعد معموديته وحلول الروح القدس عليه. إذ أن حلول الروح القدس على المسيح يعني مسحه أي تكريسه لعمل الفداء وهذا يعني حتماً الدخول في صراع مع الشيطان.
متى,4,71,"نجد الإنجيليين الثلاثة الذين أوردوا قصة تجربة المسيح\'a1 أنهم يأتوا بها بعد معموديته وحلول الروح القدس عليه. إذ أن حلول الروح القدس على المسيح يعني مسحه أي تكريسه لعمل الفداء وهذا يعني حتماً الدخول في صراع مع الشيطان.
متى,4,72,"نجد الإنجيليين الثلاثة الذين أوردوا قصة تجربة المسيح\'a1 أنهم يأتوا بها بعد معموديته وحلول الروح القدس عليه. إذ أن حلول الروح القدس على المسيح يعني مسحه أي تكريسه لعمل الفداء وهذا يعني حتماً الدخول في صراع مع الشيطان.
متى,4,73,"نجد الإنجيليين الثلاثة الذين أوردوا قصة تجربة المسيح\'a1 أنهم يأتوا بها بعد معموديته وحلول الروح القدس عليه. إذ أن حلول الروح القدس على المسيح يعني مسحه أي تكريسه لعمل الفداء وهذا يعني حتماً الدخول في صراع مع الشيطان.
متى,4,74,"نجد الإنجيليين الثلاثة الذين أوردوا قصة تجربة المسيح\'a1 أنهم يأتوا بها بعد معموديته وحلول الروح القدس عليه. إذ أن حلول الروح القدس على المسيح يعني مسحه أي تكريسه لعمل الفداء وهذا يعني حتماً الدخول في صراع مع الشيطان.
متى,4,75,"نجد الإنجيليين الثلاثة الذين أوردوا قصة تجربة المسيح\'a1 أنهم يأتوا بها بعد معموديته وحلول الروح القدس عليه. إذ أن حلول الروح القدس على المسيح يعني مسحه أي تكريسه لعمل الفداء وهذا يعني حتماً الدخول في صراع مع الشيطان.
متى,4,76,"نجد الإنجيليين الثلاثة الذين أوردوا قصة تجربة المسيح\'a1 أنهم يأتوا بها بعد معموديته وحلول الروح القدس عليه. إذ أن حلول الروح القدس على المسيح يعني مسحه أي تكريسه لعمل الفداء وهذا يعني حتماً الدخول في صراع مع الشيطان.
متى,4,77,"نجد الإنجيليين الثلاثة الذين أوردوا قصة تجربة المسيح\'a1 أنهم يأتوا بها بعد معموديته وحلول الروح القدس عليه. إذ أن حلول الروح القدس على المسيح يعني مسحه أي تكريسه لعمل الفداء وهذا يعني حتماً الدخول في صراع مع الشيطان.
متى,4,78,"نجد الإنجيليين الثلاثة الذين أوردوا قصة تجربة المسيح\'a1 أنهم يأتوا بها بعد معموديته وحلول الروح القدس عليه. إذ أن حلول الروح القدس على المسيح يعني مسحه أي تكريسه لعمل الفداء وهذا يعني حتماً الدخول في صراع مع الشيطان.
متى,4,79,"نجد الإنجيليين الثلاثة الذين أوردوا قصة تجربة المسيح\'a1 أنهم يأتوا بها بعد معموديته وحلول الروح القدس عليه. إذ أن حلول الروح القدس على المسيح يعني مسحه أي تكريسه لعمل الفداء وهذا يعني حتماً الدخول في صراع مع الشيطان.
متى,4,80,"نجد الإنجيليين الثلاثة الذين أوردوا قصة تجربة المسيح\'a1 أنهم يأتوا بها بعد معموديته وحلول الروح القدس عليه. إذ أن حلول الروح القدس على المسيح يعني مسحه أي تكريسه لعمل الفداء وهذا يعني حتماً الدخول في صراع مع الشيطان.
متى,4,81,"نجد الإنجيليين الثلاثة الذين أوردوا قصة تجربة المسيح\'a1 أنهم يأتوا بها بعد معموديته وحلول الروح القدس عليه. إذ أن حلول الروح القدس على المسيح يعني مسحه أي تكريسه لعمل الفداء وهذا يعني حتماً الدخول في صراع مع الشيطان.
متى,4,82,"نجد الإنجيليين الثلاثة الذين أوردوا قصة تجربة المسيح\'a1 أنهم يأتوا بها بعد معموديته وحلول الروح القدس عليه. إذ أن حلول الروح القدس على المسيح يعني مسحه أي تكريسه لعمل الفداء وهذا يعني حتماً الدخول في صراع مع الشيطان.
متى,4,83,"نجد الإنجيليين الثلاثة الذين أوردوا قصة تجربة المسيح\'a1 أنهم يأتوا بها بعد معموديته وحلول الروح القدس عليه. إذ أن حلول الروح القدس على المسيح يعني مسحه أي تكريسه لعمل الفداء وهذا يعني حتماً الدخول في صراع مع الشيطان.
متى,4,84,"نجد الإنجيليين الثلاثة الذين أوردوا قصة تجربة المسيح\'a1 أنهم يأتوا بها بعد معموديته وحلول الروح القدس عليه. إذ أن حلول الروح القدس على المسيح يعني مسحه أي تكريسه لعمل الفداء وهذا يعني حتماً الدخول في صراع مع الشيطان.
متى,4,85,"نجد الإنجيليين الثلاثة الذين أوردوا قصة تجربة المسيح\'a1 أنهم يأتوا بها بعد معموديته وحلول الروح القدس عليه. إذ أن حلول الروح القدس على المسيح يعني مسحه أي تكريسه لعمل الفداء وهذا يعني حتماً الدخول في صراع مع الشيطان.
متى,4,86,"نجد الإنجيليين الثلاثة الذين أوردوا قصة تجربة المسيح\'a1 أنهم يأتوا بها بعد معموديته وحلول الروح القدس عليه. إذ أن حلول الروح القدس على المسيح يعني مسحه أي تكريسه لعمل الفداء وهذا يعني حتماً الدخول في صراع مع الشيطان.
متى,4,87,"نجد الإنجيليين الثلاثة الذين أوردوا قصة تجربة المسيح\'a1 أنهم يأتوا بها بعد معموديته وحلول الروح القدس عليه. إذ أن حلول الروح القدس على المسيح يعني مسحه أي تكريسه لعمل الفداء وهذا يعني حتماً الدخول في صراع مع الشيطان.
متى,4,88,"نجد الإنجيليين الثلاثة الذين أوردوا قصة تجربة المسيح\'a1 أنهم يأتوا بها بعد معموديته وحلول الروح القدس عليه. إذ أن حلول الروح القدس على المسيح يعني مسحه أي تكريسه لعمل الفداء وهذا يعني حتماً الدخول في صراع مع الشيطان.
متى,4,89,"نجد الإنجيليين الثلاثة الذين أوردوا قصة تجربة المسيح\'a1 أنهم يأتوا بها بعد معموديته وحلول الروح القدس عليه. إذ أن حلول الروح القدس على المسيح يعني مسحه أي تكريسه لعمل الفداء وهذا يعني حتماً الدخول في صراع مع الشيطان.
متى,4,90,"نجد الإنجيليين الثلاثة الذين أوردوا قصة تجربة المسيح\'a1 أنهم يأتوا بها بعد معموديته وحلول الروح القدس عليه. إذ أن حلول الروح القدس على المسيح يعني مسحه أي تكريسه لعمل الفداء وهذا يعني حتماً الدخول في صراع مع الشيطان.
متى,4,91,"نجد الإنجيليين الثلاثة الذين أوردوا قصة تجربة المسيح\'a1 أنهم يأتوا بها بعد معموديته وحلول الروح القدس عليه. إذ أن حلول الروح القدس على المسيح يعني مسحه أي تكريسه لعمل الفداء وهذا يعني حتماً الدخول في صراع مع الشيطان.
متى,4,92,"نجد الإنجيليين الثلاثة الذين أوردوا قصة تجربة المسيح\'a1 أنهم يأتوا بها بعد معموديته وحلول الروح القدس عليه. إذ أن حلول الروح القدس على المسيح يعني مسحه أي تكريسه لعمل الفداء وهذا يعني حتماً الدخول في صراع مع الشيطان.
متى,4,93,"نجد الإنجيليين الثلاثة الذين أوردوا قصة تجربة المسيح\'a1 أنهم يأتوا بها بعد معموديته وحلول الروح القدس عليه. إذ أن حلول الروح القدس على المسيح يعني مسحه أي تكريسه لعمل الفداء وهذا يعني حتماً الدخول في صراع مع الشيطان.
متى,4,94,"نجد الإنجيليين الثلاثة الذين أوردوا قصة تجربة المسيح\'a1 أنهم يأتوا بها بعد معموديته وحلول الروح القدس عليه. إذ أن حلول الروح القدس على المسيح يعني مسحه أي تكريسه لعمل الفداء وهذا يعني حتماً الدخول في صراع مع الشيطان.
متى,4,95,"نجد الإنجيليين الثلاثة الذين أوردوا قصة تجربة المسيح\'a1 أنهم يأتوا بها بعد معموديته وحلول الروح القدس عليه. إذ أن حلول الروح القدس على المسيح يعني مسحه أي تكريسه لعمل الفداء وهذا يعني حتماً الدخول في صراع مع الشيطان.
متى,4,96,"نجد الإنجيليين الثلاثة الذين أوردوا قصة تجربة المسيح\'a1 أنهم يأتوا بها بعد معموديته وحلول الروح القدس عليه. إذ أن حلول الروح القدس على المسيح يعني مسحه أي تكريسه لعمل الفداء وهذا يعني حتماً الدخول في صراع مع الشيطان.
متى,4,97,"نجد الإنجيليين الثلاثة الذين أوردوا قصة تجربة المسيح\'a1 أنهم يأتوا بها بعد معموديته وحلول الروح القدس عليه. إذ أن حلول الروح القدس على المسيح يعني مسحه أي تكريسه لعمل الفداء وهذا يعني حتماً الدخول في صراع مع الشيطان.
متى,4,98,"نجد الإنجيليين الثلاثة الذين أوردوا قصة تجربة المسيح\'a1 أنهم يأتوا بها بعد معموديته وحلول الروح القدس عليه. إذ أن حلول الروح القدس على المسيح يعني مسحه أي تكريسه لعمل الفداء وهذا يعني حتماً الدخول في صراع مع الشيطان.
متى,4,99,"نجد الإنجيليين الثلاثة الذين أوردوا قصة تجربة المسيح\'a1 أنهم يأتوا بها بعد معموديته وحلول الروح القدس عليه. إذ أن حلول الروح القدس على المسيح يعني مسحه أي تكريسه لعمل الفداء وهذا يعني حتماً الدخول في صراع مع الشيطان.
متى,5,1,"الإصحاح الخامس 
متى,5,2,"الإصحاح الخامس 
متى,5,3,"الإصحاح الخامس 
متى,5,4,"الإصحاح الخامس 
متى,5,5,"الإصحاح الخامس 
متى,5,6,"الإصحاح الخامس 
متى,5,7,"الإصحاح الخامس 
متى,5,8,"الإصحاح الخامس 
متى,5,9,"الإصحاح الخامس 
متى,5,10,"الإصحاح الخامس 
متى,5,11,"الإصحاح الخامس 
متى,5,12,"الإصحاح الخامس 
متى,5,13,"الإصحاح الخامس 
متى,5,14,"الإصحاح الخامس 
متى,5,15,"الإصحاح الخامس 
متى,5,16,"الإصحاح الخامس 
متى,5,17,"الإصحاح الخامس 
متى,5,18,"الإصحاح الخامس 
متى,5,19,"الإصحاح الخامس 
متى,5,20,"الإصحاح الخامس 
متى,5,21,"الإصحاح الخامس 
متى,5,22,"الإصحاح الخامس 
متى,5,23,"الإصحاح الخامس 
متى,5,24,"الإصحاح الخامس 
متى,5,25,"الإصحاح الخامس 
متى,5,26,"الإصحاح الخامس 
متى,5,27,"الإصحاح الخامس 
متى,5,28,"الإصحاح الخامس 
متى,5,29,"الإصحاح الخامس 
متى,5,30,"الإصحاح الخامس 
متى,5,31,"الإصحاح الخامس 
متى,5,32,"الإصحاح الخامس 
متى,5,33,"الإصحاح الخامس 
متى,5,34,"الإصحاح الخامس 
متى,5,35,"الإصحاح الخامس 
متى,5,36,"الإصحاح الخامس 
متى,5,37,"الإصحاح الخامس 
متى,5,38,"الإصحاح الخامس 
متى,5,39,"الإصحاح الخامس 
متى,5,40,"الإصحاح الخامس 
متى,5,41,"الإصحاح الخامس 
متى,5,42,"الإصحاح الخامس 
متى,5,43,"الإصحاح الخامس 
متى,5,44,"الإصحاح الخامس 
متى,5,45,"الإصحاح الخامس 
متى,5,46,"الإصحاح الخامس 
متى,5,47,"الإصحاح الخامس 
متى,5,48,"الإصحاح الخامس 
متى,5,49,"الإصحاح الخامس 
متى,5,50,"الإصحاح الخامس 
متى,5,51,"الإصحاح الخامس 
متى,5,52,"الإصحاح الخامس 
متى,5,53,"الإصحاح الخامس 
متى,5,54,"الإصحاح الخامس 
متى,5,55,"الإصحاح الخامس 
متى,5,56,"الإصحاح الخامس 
متى,5,57,"الإصحاح الخامس 
متى,5,58,"الإصحاح الخامس 
متى,5,59,"الإصحاح الخامس 
متى,5,60,"الإصحاح الخامس 
متى,5,61,"الإصحاح الخامس 
متى,5,62,"الإصحاح الخامس 
متى,5,63,"الإصحاح الخامس 
متى,5,64,"الإصحاح الخامس 
متى,5,65,"الإصحاح الخامس 
متى,5,66,"الإصحاح الخامس 
متى,5,67,"الإصحاح الخامس 
متى,5,68,"الإصحاح الخامس 
متى,5,69,"الإصحاح الخامس 
متى,5,70,"الإصحاح الخامس 
متى,5,71,"الإصحاح الخامس 
متى,5,72,"الإصحاح الخامس 
متى,5,73,"الإصحاح الخامس 
متى,5,74,"الإصحاح الخامس 
متى,5,75,"الإصحاح الخامس 
متى,5,76,"الإصحاح الخامس 
متى,5,77,"الإصحاح الخامس 
متى,5,78,"الإصحاح الخامس 
متى,5,79,"الإصحاح الخامس 
متى,5,80,"الإصحاح الخامس 
متى,5,81,"الإصحاح الخامس 
متى,5,82,"الإصحاح الخامس 
متى,5,83,"الإصحاح الخامس 
متى,5,84,"الإصحاح الخامس 
متى,5,85,"الإصحاح الخامس 
متى,5,86,"الإصحاح الخامس 
متى,5,87,"الإصحاح الخامس 
متى,5,88,"الإصحاح الخامس 
متى,5,89,"الإصحاح الخامس 
متى,5,90,"الإصحاح الخامس 
متى,5,91,"الإصحاح الخامس 
متى,5,92,"الإصحاح الخامس 
متى,5,93,"الإصحاح الخامس 
متى,5,94,"الإصحاح الخامس 
متى,5,95,"الإصحاح الخامس 
متى,5,96,"الإصحاح الخامس 
متى,5,97,"الإصحاح الخامس 
متى,5,98,"الإصحاح الخامس 
متى,5,99,"الإصحاح الخامس 
متى,6,1,"الإصحاح السادس
متى,6,2,"الإصحاح السادس
متى,6,3,"الإصحاح السادس
متى,6,4,"الإصحاح السادس
متى,6,5,"الإصحاح السادس
متى,6,6,"الإصحاح السادس
متى,6,7,"الإصحاح السادس
متى,6,8,"الإصحاح السادس
متى,6,9,"الإصحاح السادس
متى,6,10,"الإصحاح السادس
متى,6,11,"الإصحاح السادس
متى,6,12,"الإصحاح السادس
متى,6,13,"الإصحاح السادس
متى,6,14,"الإصحاح السادس
متى,6,15,"الإصحاح السادس
متى,6,16,"الإصحاح السادس
متى,6,17,"الإصحاح السادس
متى,6,18,"الإصحاح السادس
متى,6,19,"الإصحاح السادس
متى,6,20,"الإصحاح السادس
متى,6,21,"الإصحاح السادس
متى,6,22,"الإصحاح السادس
متى,6,23,"الإصحاح السادس
متى,6,24,"الإصحاح السادس
متى,6,25,"الإصحاح السادس
متى,6,26,"الإصحاح السادس
متى,6,27,"الإصحاح السادس
متى,6,28,"الإصحاح السادس
متى,6,29,"الإصحاح السادس
متى,6,30,"الإصحاح السادس
متى,6,31,"الإصحاح السادس
متى,6,32,"الإصحاح السادس
متى,6,33,"الإصحاح السادس
متى,6,34,"الإصحاح السادس
متى,6,35,"الإصحاح السادس
متى,6,36,"الإصحاح السادس
متى,6,37,"الإصحاح السادس
متى,6,38,"الإصحاح السادس
متى,6,39,"الإصحاح السادس
متى,6,40,"الإصحاح السادس
متى,6,41,"الإصحاح السادس
متى,6,42,"الإصحاح السادس
متى,6,43,"الإصحاح السادس
متى,6,44,"الإصحاح السادس
متى,6,45,"الإصحاح السادس
متى,6,46,"الإصحاح السادس
متى,6,47,"الإصحاح السادس
متى,6,48,"الإصحاح السادس
متى,6,49,"الإصحاح السادس
متى,6,50,"الإصحاح السادس
متى,6,51,"الإصحاح السادس
متى,6,52,"الإصحاح السادس
متى,6,53,"الإصحاح السادس
متى,6,54,"الإصحاح السادس
متى,6,55,"الإصحاح السادس
متى,6,56,"الإصحاح السادس
متى,6,57,"الإصحاح السادس
متى,6,58,"الإصحاح السادس
متى,6,59,"الإصحاح السادس
متى,6,60,"الإصحاح السادس
متى,6,61,"الإصحاح السادس
متى,6,62,"الإصحاح السادس
متى,6,63,"الإصحاح السادس
متى,6,64,"الإصحاح السادس
متى,6,65,"الإصحاح السادس
متى,6,66,"الإصحاح السادس
متى,6,67,"الإصحاح السادس
متى,6,68,"الإصحاح السادس
متى,6,69,"الإصحاح السادس
متى,6,70,"الإصحاح السادس
متى,6,71,"الإصحاح السادس
متى,6,72,"الإصحاح السادس
متى,6,73,"الإصحاح السادس
متى,6,74,"الإصحاح السادس
متى,6,75,"الإصحاح السادس
متى,6,76,"الإصحاح السادس
متى,6,77,"الإصحاح السادس
متى,6,78,"الإصحاح السادس
متى,6,79,"الإصحاح السادس
متى,6,80,"الإصحاح السادس
متى,6,81,"الإصحاح السادس
متى,6,82,"الإصحاح السادس
متى,6,83,"الإصحاح السادس
متى,6,84,"الإصحاح السادس
متى,6,85,"الإصحاح السادس
متى,6,86,"الإصحاح السادس
متى,6,87,"الإصحاح السادس
متى,6,88,"الإصحاح السادس
متى,6,89,"الإصحاح السادس
متى,6,90,"الإصحاح السادس
متى,6,91,"الإصحاح السادس
متى,6,92,"الإصحاح السادس
متى,6,93,"الإصحاح السادس
متى,6,94,"الإصحاح السادس
متى,6,95,"الإصحاح السادس
متى,6,96,"الإصحاح السادس
متى,6,97,"الإصحاح السادس
متى,6,98,"الإصحاح السادس
متى,6,99,"الإصحاح السادس
متى,7,1,"الإصحاح السابع
متى,7,2,"الإصحاح السابع
متى,7,3,"الإصحاح السابع
متى,7,4,"الإصحاح السابع
متى,7,5,"الإصحاح السابع
متى,7,6,"الإصحاح السابع
متى,7,7,"الإصحاح السابع
متى,7,8,"الإصحاح السابع
متى,7,9,"الإصحاح السابع
متى,7,10,"الإصحاح السابع
متى,7,11,"الإصحاح السابع
متى,7,12,"الإصحاح السابع
متى,7,13,"الإصحاح السابع
متى,7,14,"الإصحاح السابع
متى,7,15,"الإصحاح السابع
متى,7,16,"الإصحاح السابع
متى,7,17,"الإصحاح السابع
متى,7,18,"الإصحاح السابع
متى,7,19,"الإصحاح السابع
متى,7,20,"الإصحاح السابع
متى,7,21,"الإصحاح السابع
متى,7,22,"الإصحاح السابع
متى,7,23,"الإصحاح السابع
متى,7,24,"الإصحاح السابع
متى,7,25,"الإصحاح السابع
متى,7,26,"الإصحاح السابع
متى,7,27,"الإصحاح السابع
متى,7,28,"الإصحاح السابع
متى,7,29,"الإصحاح السابع
متى,7,30,"الإصحاح السابع
متى,7,31,"الإصحاح السابع
متى,7,32,"الإصحاح السابع
متى,7,33,"الإصحاح السابع
متى,7,34,"الإصحاح السابع
متى,7,35,"الإصحاح السابع
متى,7,36,"الإصحاح السابع
متى,7,37,"الإصحاح السابع
متى,7,38,"الإصحاح السابع
متى,7,39,"الإصحاح السابع
متى,7,40,"الإصحاح السابع
متى,7,41,"الإصحاح السابع
متى,7,42,"الإصحاح السابع
متى,7,43,"الإصحاح السابع
متى,7,44,"الإصحاح السابع
متى,7,45,"الإصحاح السابع
متى,7,46,"الإصحاح السابع
متى,7,47,"الإصحاح السابع
متى,7,48,"الإصحاح السابع
متى,7,49,"الإصحاح السابع
متى,7,50,"الإصحاح السابع
متى,7,51,"الإصحاح السابع
متى,7,52,"الإصحاح السابع
متى,7,53,"الإصحاح السابع
متى,7,54,"الإصحاح السابع
متى,7,55,"الإصحاح السابع
متى,7,56,"الإصحاح السابع
متى,7,57,"الإصحاح السابع
متى,7,58,"الإصحاح السابع
متى,7,59,"الإصحاح السابع
متى,7,60,"الإصحاح السابع
متى,7,61,"الإصحاح السابع
متى,7,62,"الإصحاح السابع
متى,7,63,"الإصحاح السابع
متى,7,64,"الإصحاح السابع
متى,7,65,"الإصحاح السابع
متى,7,66,"الإصحاح السابع
متى,7,67,"الإصحاح السابع
متى,7,68,"الإصحاح السابع
متى,7,69,"الإصحاح السابع
متى,7,70,"الإصحاح السابع
متى,7,71,"الإصحاح السابع
متى,7,72,"الإصحاح السابع
متى,7,73,"الإصحاح السابع
متى,7,74,"الإصحاح السابع
متى,7,75,"الإصحاح السابع
متى,7,76,"الإصحاح السابع
متى,7,77,"الإصحاح السابع
متى,7,78,"الإصحاح السابع
متى,7,79,"الإصحاح السابع
متى,7,80,"الإصحاح السابع
متى,7,81,"الإصحاح السابع
متى,7,82,"الإصحاح السابع
متى,7,83,"الإصحاح السابع
متى,7,84,"الإصحاح السابع
متى,7,85,"الإصحاح السابع
متى,7,86,"الإصحاح السابع
متى,7,87,"الإصحاح السابع
متى,7,88,"الإصحاح السابع
متى,7,89,"الإصحاح السابع
متى,7,90,"الإصحاح السابع
متى,7,91,"الإصحاح السابع
متى,7,92,"الإصحاح السابع
متى,7,93,"الإصحاح السابع
متى,7,94,"الإصحاح السابع
متى,7,95,"الإصحاح السابع
متى,7,96,"الإصحاح السابع
متى,7,97,"الإصحاح السابع
متى,7,98,"الإصحاح السابع
متى,7,99,"الإصحاح السابع
متى,8,1,"الإصحاح الثامن
متى,8,2,"الإصحاح الثامن
متى,8,3,"الإصحاح الثامن
متى,8,4,"الإصحاح الثامن
متى,8,5,"الإصحاح الثامن
متى,8,6,"الإصحاح الثامن
متى,8,7,"الإصحاح الثامن
متى,8,8,"الإصحاح الثامن
متى,8,9,"الإصحاح الثامن
متى,8,10,"الإصحاح الثامن
متى,8,11,"الإصحاح الثامن
متى,8,12,"الإصحاح الثامن
متى,8,13,"الإصحاح الثامن
متى,8,14,"الإصحاح الثامن
متى,8,15,"الإصحاح الثامن
متى,8,16,"الإصحاح الثامن
متى,8,17,"الإصحاح الثامن
متى,8,18,"الإصحاح الثامن
متى,8,19,"الإصحاح الثامن
متى,8,20,"الإصحاح الثامن
متى,8,21,"الإصحاح الثامن
متى,8,22,"الإصحاح الثامن
متى,8,23,"الإصحاح الثامن
متى,8,24,"الإصحاح الثامن
متى,8,25,"الإصحاح الثامن
متى,8,26,"الإصحاح الثامن
متى,8,27,"الإصحاح الثامن
متى,8,28,"الإصحاح الثامن
متى,8,29,"الإصحاح الثامن
متى,8,30,"الإصحاح الثامن
متى,8,31,"الإصحاح الثامن
متى,8,32,"الإصحاح الثامن
متى,8,33,"الإصحاح الثامن
متى,8,34,"الإصحاح الثامن
متى,8,35,"الإصحاح الثامن
متى,8,36,"الإصحاح الثامن
متى,8,37,"الإصحاح الثامن
متى,8,38,"الإصحاح الثامن
متى,8,39,"الإصحاح الثامن
متى,8,40,"الإصحاح الثامن
متى,8,41,"الإصحاح الثامن
متى,8,42,"الإصحاح الثامن
متى,8,43,"الإصحاح الثامن
متى,8,44,"الإصحاح الثامن
متى,8,45,"الإصحاح الثامن
متى,8,46,"الإصحاح الثامن
متى,8,47,"الإصحاح الثامن
متى,8,48,"الإصحاح الثامن
متى,8,49,"الإصحاح الثامن
متى,8,50,"الإصحاح الثامن
متى,8,51,"الإصحاح الثامن
متى,8,52,"الإصحاح الثامن
متى,8,53,"الإصحاح الثامن
متى,8,54,"الإصحاح الثامن
متى,8,55,"الإصحاح الثامن
متى,8,56,"الإصحاح الثامن
متى,8,57,"الإصحاح الثامن
متى,8,58,"الإصحاح الثامن
متى,8,59,"الإصحاح الثامن
متى,8,60,"الإصحاح الثامن
متى,8,61,"الإصحاح الثامن
متى,8,62,"الإصحاح الثامن
متى,8,63,"الإصحاح الثامن
متى,8,64,"الإصحاح الثامن
متى,8,65,"الإصحاح الثامن
متى,8,66,"الإصحاح الثامن
متى,8,67,"الإصحاح الثامن
متى,8,68,"الإصحاح الثامن
متى,8,69,"الإصحاح الثامن
متى,8,70,"الإصحاح الثامن
متى,8,71,"الإصحاح الثامن
متى,8,72,"الإصحاح الثامن
متى,8,73,"الإصحاح الثامن
متى,8,74,"الإصحاح الثامن
متى,8,75,"الإصحاح الثامن
متى,8,76,"الإصحاح الثامن
متى,8,77,"الإصحاح الثامن
متى,8,78,"الإصحاح الثامن
متى,8,79,"الإصحاح الثامن
متى,8,80,"الإصحاح الثامن
متى,8,81,"الإصحاح الثامن
متى,8,82,"الإصحاح الثامن
متى,8,83,"الإصحاح الثامن
متى,8,84,"الإصحاح الثامن
متى,8,85,"الإصحاح الثامن
متى,8,86,"الإصحاح الثامن
متى,8,87,"الإصحاح الثامن
متى,8,88,"الإصحاح الثامن
متى,8,89,"الإصحاح الثامن
متى,8,90,"الإصحاح الثامن
متى,8,91,"الإصحاح الثامن
متى,8,92,"الإصحاح الثامن
متى,8,93,"الإصحاح الثامن
متى,8,94,"الإصحاح الثامن
متى,8,95,"الإصحاح الثامن
متى,8,96,"الإصحاح الثامن
متى,8,97,"الإصحاح الثامن
متى,8,98,"الإصحاح الثامن
متى,8,99,"الإصحاح الثامن
متى,9,1,"الإصحاح التاسع
متى,9,2,"الإصحاح التاسع
متى,9,3,"الإصحاح التاسع
متى,9,4,"الإصحاح التاسع
متى,9,5,"الإصحاح التاسع
متى,9,6,"الإصحاح التاسع
متى,9,7,"الإصحاح التاسع
متى,9,8,"الإصحاح التاسع
متى,9,9,"الإصحاح التاسع
متى,9,10,"الإصحاح التاسع
متى,9,11,"الإصحاح التاسع
متى,9,12,"الإصحاح التاسع
متى,9,13,"الإصحاح التاسع
متى,9,14,"الإصحاح التاسع
متى,9,15,"الإصحاح التاسع
متى,9,16,"الإصحاح التاسع
متى,9,17,"الإصحاح التاسع
متى,9,18,"الإصحاح التاسع
متى,9,19,"الإصحاح التاسع
متى,9,20,"الإصحاح التاسع
متى,9,21,"الإصحاح التاسع
متى,9,22,"الإصحاح التاسع
متى,9,23,"الإصحاح التاسع
متى,9,24,"الإصحاح التاسع
متى,9,25,"الإصحاح التاسع
متى,9,26,"الإصحاح التاسع
متى,9,27,"الإصحاح التاسع
متى,9,28,"الإصحاح التاسع
متى,9,29,"الإصحاح التاسع
متى,9,30,"الإصحاح التاسع
متى,9,31,"الإصحاح التاسع
متى,9,32,"الإصحاح التاسع
متى,9,33,"الإصحاح التاسع
متى,9,34,"الإصحاح التاسع
متى,9,35,"الإصحاح التاسع
متى,9,36,"الإصحاح التاسع
متى,9,37,"الإصحاح التاسع
متى,9,38,"الإصحاح التاسع
متى,9,39,"الإصحاح التاسع
متى,9,40,"الإصحاح التاسع
متى,9,41,"الإصحاح التاسع
متى,9,42,"الإصحاح التاسع
متى,9,43,"الإصحاح التاسع
متى,9,44,"الإصحاح التاسع
متى,9,45,"الإصحاح التاسع
متى,9,46,"الإصحاح التاسع
متى,9,47,"الإصحاح التاسع
متى,9,48,"الإصحاح التاسع
متى,9,49,"الإصحاح التاسع
متى,9,50,"الإصحاح التاسع
متى,9,51,"الإصحاح التاسع
متى,9,52,"الإصحاح التاسع
متى,9,53,"الإصحاح التاسع
متى,9,54,"الإصحاح التاسع
متى,9,55,"الإصحاح التاسع
متى,9,56,"الإصحاح التاسع
متى,9,57,"الإصحاح التاسع
متى,9,58,"الإصحاح التاسع
متى,9,59,"الإصحاح التاسع
متى,9,60,"الإصحاح التاسع
متى,9,61,"الإصحاح التاسع
متى,9,62,"الإصحاح التاسع
متى,9,63,"الإصحاح التاسع
متى,9,64,"الإصحاح التاسع
متى,9,65,"الإصحاح التاسع
متى,9,66,"الإصحاح التاسع
متى,9,67,"الإصحاح التاسع
متى,9,68,"الإصحاح التاسع
متى,9,69,"الإصحاح التاسع
متى,9,70,"الإصحاح التاسع
متى,9,71,"الإصحاح التاسع
متى,9,72,"الإصحاح التاسع
متى,9,73,"الإصحاح التاسع
متى,9,74,"الإصحاح التاسع
متى,9,75,"الإصحاح التاسع
متى,9,76,"الإصحاح التاسع
متى,9,77,"الإصحاح التاسع
متى,9,78,"الإصحاح التاسع
متى,9,79,"الإصحاح التاسع
متى,9,80,"الإصحاح التاسع
متى,9,81,"الإصحاح التاسع
متى,9,82,"الإصحاح التاسع
متى,9,83,"الإصحاح التاسع
متى,9,84,"الإصحاح التاسع
متى,9,85,"الإصحاح التاسع
متى,9,86,"الإصحاح التاسع
متى,9,87,"الإصحاح التاسع
متى,9,88,"الإصحاح التاسع
متى,9,89,"الإصحاح التاسع
متى,9,90,"الإصحاح التاسع
متى,9,91,"الإصحاح التاسع
متى,9,92,"الإصحاح التاسع
متى,9,93,"الإصحاح التاسع
متى,9,94,"الإصحاح التاسع
متى,9,95,"الإصحاح التاسع
متى,9,96,"الإصحاح التاسع
متى,9,97,"الإصحاح التاسع
متى,9,98,"الإصحاح التاسع
متى,9,99,"الإصحاح التاسع
متى,10,1,"الإصحاح العاشر
متى,10,2,"الإصحاح العاشر
متى,10,3,"الإصحاح العاشر
متى,10,4,"الإصحاح العاشر
متى,10,5,"الإصحاح العاشر
متى,10,6,"الإصحاح العاشر
متى,10,7,"الإصحاح العاشر
متى,10,8,"الإصحاح العاشر
متى,10,9,"الإصحاح العاشر
متى,10,10,"الإصحاح العاشر
متى,10,11,"الإصحاح العاشر
متى,10,12,"الإصحاح العاشر
متى,10,13,"الإصحاح العاشر
متى,10,14,"الإصحاح العاشر
متى,10,15,"الإصحاح العاشر
متى,10,16,"الإصحاح العاشر
متى,10,17,"الإصحاح العاشر
متى,10,18,"الإصحاح العاشر
متى,10,19,"الإصحاح العاشر
متى,10,20,"الإصحاح العاشر
متى,10,21,"الإصحاح العاشر
متى,10,22,"الإصحاح العاشر
متى,10,23,"الإصحاح العاشر
متى,10,24,"الإصحاح العاشر
متى,10,25,"الإصحاح العاشر
متى,10,26,"الإصحاح العاشر
متى,10,27,"الإصحاح العاشر
متى,10,28,"الإصحاح العاشر
متى,10,29,"الإصحاح العاشر
متى,10,30,"الإصحاح العاشر
متى,10,31,"الإصحاح العاشر
متى,10,32,"الإصحاح العاشر
متى,10,33,"الإصحاح العاشر
متى,10,34,"الإصحاح العاشر
متى,10,35,"الإصحاح العاشر
متى,10,36,"الإصحاح العاشر
متى,10,37,"الإصحاح العاشر
متى,10,38,"الإصحاح العاشر
متى,10,39,"الإصحاح العاشر
متى,10,40,"الإصحاح العاشر
متى,10,41,"الإصحاح العاشر
متى,10,42,"الإصحاح العاشر
متى,10,43,"الإصحاح العاشر
متى,10,44,"الإصحاح العاشر
متى,10,45,"الإصحاح العاشر
متى,10,46,"الإصحاح العاشر
متى,10,47,"الإصحاح العاشر
متى,10,48,"الإصحاح العاشر
متى,10,49,"الإصحاح العاشر
متى,10,50,"الإصحاح العاشر
متى,10,51,"الإصحاح العاشر
متى,10,52,"الإصحاح العاشر
متى,10,53,"الإصحاح العاشر
متى,10,54,"الإصحاح العاشر
متى,10,55,"الإصحاح العاشر
متى,10,56,"الإصحاح العاشر
متى,10,57,"الإصحاح العاشر
متى,10,58,"الإصحاح العاشر
متى,10,59,"الإصحاح العاشر
متى,10,60,"الإصحاح العاشر
متى,10,61,"الإصحاح العاشر
متى,10,62,"الإصحاح العاشر
متى,10,63,"الإصحاح العاشر
متى,10,64,"الإصحاح العاشر
متى,10,65,"الإصحاح العاشر
متى,10,66,"الإصحاح العاشر
متى,10,67,"الإصحاح العاشر
متى,10,68,"الإصحاح العاشر
متى,10,69,"الإصحاح العاشر
متى,10,70,"الإصحاح العاشر
متى,10,71,"الإصحاح العاشر
متى,10,72,"الإصحاح العاشر
متى,10,73,"الإصحاح العاشر
متى,10,74,"الإصحاح العاشر
متى,10,75,"الإصحاح العاشر
متى,10,76,"الإصحاح العاشر
متى,10,77,"الإصحاح العاشر
متى,10,78,"الإصحاح العاشر
متى,10,79,"الإصحاح العاشر
متى,10,80,"الإصحاح العاشر
متى,10,81,"الإصحاح العاشر
متى,10,82,"الإصحاح العاشر
متى,10,83,"الإصحاح العاشر
متى,10,84,"الإصحاح العاشر
متى,10,85,"الإصحاح العاشر
متى,10,86,"الإصحاح العاشر
متى,10,87,"الإصحاح العاشر
متى,10,88,"الإصحاح العاشر
متى,10,89,"الإصحاح العاشر
متى,10,90,"الإصحاح العاشر
متى,10,91,"الإصحاح العاشر
متى,10,92,"الإصحاح العاشر
متى,10,93,"الإصحاح العاشر
متى,10,94,"الإصحاح العاشر
متى,10,95,"الإصحاح العاشر
متى,10,96,"الإصحاح العاشر
متى,10,97,"الإصحاح العاشر
متى,10,98,"الإصحاح العاشر
متى,10,99,"الإصحاح العاشر
متى,11,1,"الإصحاح الحادى عشر
متى,11,2,"الإصحاح الحادى عشر
متى,11,3,"الإصحاح الحادى عشر
متى,11,4,"الإصحاح الحادى عشر
متى,11,5,"الإصحاح الحادى عشر
متى,11,6,"الإصحاح الحادى عشر
متى,11,7,"الإصحاح الحادى عشر
متى,11,8,"الإصحاح الحادى عشر
متى,11,9,"الإصحاح الحادى عشر
متى,11,10,"الإصحاح الحادى عشر
متى,11,11,"الإصحاح الحادى عشر
متى,11,12,"الإصحاح الحادى عشر
متى,11,13,"الإصحاح الحادى عشر
متى,11,14,"الإصحاح الحادى عشر
متى,11,15,"الإصحاح الحادى عشر
متى,11,16,"الإصحاح الحادى عشر
متى,11,17,"الإصحاح الحادى عشر
متى,11,18,"الإصحاح الحادى عشر
متى,11,19,"الإصحاح الحادى عشر
متى,11,20,"الإصحاح الحادى عشر
متى,11,21,"الإصحاح الحادى عشر
متى,11,22,"الإصحاح الحادى عشر
متى,11,23,"الإصحاح الحادى عشر
متى,11,24,"الإصحاح الحادى عشر
متى,11,25,"الإصحاح الحادى عشر
متى,11,26,"الإصحاح الحادى عشر
متى,11,27,"الإصحاح الحادى عشر
متى,11,28,"الإصحاح الحادى عشر
متى,11,29,"الإصحاح الحادى عشر
متى,11,30,"الإصحاح الحادى عشر
متى,11,31,"الإصحاح الحادى عشر
متى,11,32,"الإصحاح الحادى عشر
متى,11,33,"الإصحاح الحادى عشر
متى,11,34,"الإصحاح الحادى عشر
متى,11,35,"الإصحاح الحادى عشر
متى,11,36,"الإصحاح الحادى عشر
متى,11,37,"الإصحاح الحادى عشر
متى,11,38,"الإصحاح الحادى عشر
متى,11,39,"الإصحاح الحادى عشر
متى,11,40,"الإصحاح الحادى عشر
متى,11,41,"الإصحاح الحادى عشر
متى,11,42,"الإصحاح الحادى عشر
متى,11,43,"الإصحاح الحادى عشر
متى,11,44,"الإصحاح الحادى عشر
متى,11,45,"الإصحاح الحادى عشر
متى,11,46,"الإصحاح الحادى عشر
متى,11,47,"الإصحاح الحادى عشر
متى,11,48,"الإصحاح الحادى عشر
متى,11,49,"الإصحاح الحادى عشر
متى,11,50,"الإصحاح الحادى عشر
متى,11,51,"الإصحاح الحادى عشر
متى,11,52,"الإصحاح الحادى عشر
متى,11,53,"الإصحاح الحادى عشر
متى,11,54,"الإصحاح الحادى عشر
متى,11,55,"الإصحاح الحادى عشر
متى,11,56,"الإصحاح الحادى عشر
متى,11,57,"الإصحاح الحادى عشر
متى,11,58,"الإصحاح الحادى عشر
متى,11,59,"الإصحاح الحادى عشر
متى,11,60,"الإصحاح الحادى عشر
متى,11,61,"الإصحاح الحادى عشر
متى,11,62,"الإصحاح الحادى عشر
متى,11,63,"الإصحاح الحادى عشر
متى,11,64,"الإصحاح الحادى عشر
متى,11,65,"الإصحاح الحادى عشر
متى,11,66,"الإصحاح الحادى عشر
متى,11,67,"الإصحاح الحادى عشر
متى,11,68,"الإصحاح الحادى عشر
متى,11,69,"الإصحاح الحادى عشر
متى,11,70,"الإصحاح الحادى عشر
متى,11,71,"الإصحاح الحادى عشر
متى,11,72,"الإصحاح الحادى عشر
متى,11,73,"الإصحاح الحادى عشر
متى,11,74,"الإصحاح الحادى عشر
متى,11,75,"الإصحاح الحادى عشر
متى,11,76,"الإصحاح الحادى عشر
متى,11,77,"الإصحاح الحادى عشر
متى,11,78,"الإصحاح الحادى عشر
متى,11,79,"الإصحاح الحادى عشر
متى,11,80,"الإصحاح الحادى عشر
متى,11,81,"الإصحاح الحادى عشر
متى,11,82,"الإصحاح الحادى عشر
متى,11,83,"الإصحاح الحادى عشر
متى,11,84,"الإصحاح الحادى عشر
متى,11,85,"الإصحاح الحادى عشر
متى,11,86,"الإصحاح الحادى عشر
متى,11,87,"الإصحاح الحادى عشر
متى,11,88,"الإصحاح الحادى عشر
متى,11,89,"الإصحاح الحادى عشر
متى,11,90,"الإصحاح الحادى عشر
متى,11,91,"الإصحاح الحادى عشر
متى,11,92,"الإصحاح الحادى عشر
متى,11,93,"الإصحاح الحادى عشر
متى,11,94,"الإصحاح الحادى عشر
متى,11,95,"الإصحاح الحادى عشر
متى,11,96,"الإصحاح الحادى عشر
متى,11,97,"الإصحاح الحادى عشر
متى,11,98,"الإصحاح الحادى عشر
متى,11,99,"الإصحاح الحادى عشر
متى,12,1,"الإصحاح الثاني عشر
متى,12,2,"الإصحاح الثاني عشر
متى,12,3,"الإصحاح الثاني عشر
متى,12,4,"الإصحاح الثاني عشر
متى,12,5,"الإصحاح الثاني عشر
متى,12,6,"الإصحاح الثاني عشر
متى,12,7,"الإصحاح الثاني عشر
متى,12,8,"الإصحاح الثاني عشر
متى,12,9,"الإصحاح الثاني عشر
متى,12,10,"الإصحاح الثاني عشر
متى,12,11,"الإصحاح الثاني عشر
متى,12,12,"الإصحاح الثاني عشر
متى,12,13,"الإصحاح الثاني عشر
متى,12,14,"الإصحاح الثاني عشر
متى,12,15,"الإصحاح الثاني عشر
متى,12,16,"الإصحاح الثاني عشر
متى,12,17,"الإصحاح الثاني عشر
متى,12,18,"الإصحاح الثاني عشر
متى,12,19,"الإصحاح الثاني عشر
متى,12,20,"الإصحاح الثاني عشر
متى,12,21,"الإصحاح الثاني عشر
متى,12,22,"الإصحاح الثاني عشر
متى,12,23,"الإصحاح الثاني عشر
متى,12,24,"الإصحاح الثاني عشر
متى,12,25,"الإصحاح الثاني عشر
متى,12,26,"الإصحاح الثاني عشر
متى,12,27,"الإصحاح الثاني عشر
متى,12,28,"الإصحاح الثاني عشر
متى,12,29,"الإصحاح الثاني عشر
متى,12,30,"الإصحاح الثاني عشر
متى,12,31,"الإصحاح الثاني عشر
متى,12,32,"الإصحاح الثاني عشر
متى,12,33,"الإصحاح الثاني عشر
متى,12,34,"الإصحاح الثاني عشر
متى,12,35,"الإصحاح الثاني عشر
متى,12,36,"الإصحاح الثاني عشر
متى,12,37,"الإصحاح الثاني عشر
متى,12,38,"الإصحاح الثاني عشر
متى,12,39,"الإصحاح الثاني عشر
متى,12,40,"الإصحاح الثاني عشر
متى,12,41,"الإصحاح الثاني عشر
متى,12,42,"الإصحاح الثاني عشر
متى,12,43,"الإصحاح الثاني عشر
متى,12,44,"الإصحاح الثاني عشر
متى,12,45,"الإصحاح الثاني عشر
متى,12,46,"الإصحاح الثاني عشر
متى,12,47,"الإصحاح الثاني عشر
متى,12,48,"الإصحاح الثاني عشر
متى,12,49,"الإصحاح الثاني عشر
متى,12,50,"الإصحاح الثاني عشر
متى,12,51,"الإصحاح الثاني عشر
متى,12,52,"الإصحاح الثاني عشر
متى,12,53,"الإصحاح الثاني عشر
متى,12,54,"الإصحاح الثاني عشر
متى,12,55,"الإصحاح الثاني عشر
متى,12,56,"الإصحاح الثاني عشر
متى,12,57,"الإصحاح الثاني عشر
متى,12,58,"الإصحاح الثاني عشر
متى,12,59,"الإصحاح الثاني عشر
متى,12,60,"الإصحاح الثاني عشر
متى,12,61,"الإصحاح الثاني عشر
متى,12,62,"الإصحاح الثاني عشر
متى,12,63,"الإصحاح الثاني عشر
متى,12,64,"الإصحاح الثاني عشر
متى,12,65,"الإصحاح الثاني عشر
متى,12,66,"الإصحاح الثاني عشر
متى,12,67,"الإصحاح الثاني عشر
متى,12,68,"الإصحاح الثاني عشر
متى,12,69,"الإصحاح الثاني عشر
متى,12,70,"الإصحاح الثاني عشر
متى,12,71,"الإصحاح الثاني عشر
متى,12,72,"الإصحاح الثاني عشر
متى,12,73,"الإصحاح الثاني عشر
متى,12,74,"الإصحاح الثاني عشر
متى,12,75,"الإصحاح الثاني عشر
متى,12,76,"الإصحاح الثاني عشر
متى,12,77,"الإصحاح الثاني عشر
متى,12,78,"الإصحاح الثاني عشر
متى,12,79,"الإصحاح الثاني عشر
متى,12,80,"الإصحاح الثاني عشر
متى,12,81,"الإصحاح الثاني عشر
متى,12,82,"الإصحاح الثاني عشر
متى,12,83,"الإصحاح الثاني عشر
متى,12,84,"الإصحاح الثاني عشر
متى,12,85,"الإصحاح الثاني عشر
متى,12,86,"الإصحاح الثاني عشر
متى,12,87,"الإصحاح الثاني عشر
متى,12,88,"الإصحاح الثاني عشر
متى,12,89,"الإصحاح الثاني عشر
متى,12,90,"الإصحاح الثاني عشر
متى,12,91,"الإصحاح الثاني عشر
متى,12,92,"الإصحاح الثاني عشر
متى,12,93,"الإصحاح الثاني عشر
متى,12,94,"الإصحاح الثاني عشر
متى,12,95,"الإصحاح الثاني عشر
متى,12,96,"الإصحاح الثاني عشر
متى,12,97,"الإصحاح الثاني عشر
متى,12,98,"الإصحاح الثاني عشر
متى,12,99,"الإصحاح الثاني عشر
متى,13,1,"الإصحاح الثالث عشر
متى,13,2,"الإصحاح الثالث عشر
متى,13,3,"الإصحاح الثالث عشر
متى,13,4,"الإصحاح الثالث عشر
متى,13,5,"الإصحاح الثالث عشر
متى,13,6,"الإصحاح الثالث عشر
متى,13,7,"الإصحاح الثالث عشر
متى,13,8,"الإصحاح الثالث عشر
متى,13,9,"الإصحاح الثالث عشر
متى,13,10,"الإصحاح الثالث عشر
متى,13,11,"الإصحاح الثالث عشر
متى,13,12,"الإصحاح الثالث عشر
متى,13,13,"الإصحاح الثالث عشر
متى,13,14,"الإصحاح الثالث عشر
متى,13,15,"الإصحاح الثالث عشر
متى,13,16,"الإصحاح الثالث عشر
متى,13,17,"الإصحاح الثالث عشر
متى,13,18,"الإصحاح الثالث عشر
متى,13,19,"الإصحاح الثالث عشر
متى,13,20,"الإصحاح الثالث عشر
متى,13,21,"الإصحاح الثالث عشر
متى,13,22,"الإصحاح الثالث عشر
متى,13,23,"الإصحاح الثالث عشر
متى,13,24,"الإصحاح الثالث عشر
متى,13,25,"الإصحاح الثالث عشر
متى,13,26,"الإصحاح الثالث عشر
متى,13,27,"الإصحاح الثالث عشر
متى,13,28,"الإصحاح الثالث عشر
متى,13,29,"الإصحاح الثالث عشر
متى,13,30,"الإصحاح الثالث عشر
متى,13,31,"الإصحاح الثالث عشر
متى,13,32,"الإصحاح الثالث عشر
متى,13,33,"الإصحاح الثالث عشر
متى,13,34,"الإصحاح الثالث عشر
متى,13,35,"الإصحاح الثالث عشر
متى,13,36,"الإصحاح الثالث عشر
متى,13,37,"الإصحاح الثالث عشر
متى,13,38,"الإصحاح الثالث عشر
متى,13,39,"الإصحاح الثالث عشر
متى,13,40,"الإصحاح الثالث عشر
متى,13,41,"الإصحاح الثالث عشر
متى,13,42,"الإصحاح الثالث عشر
متى,13,43,"الإصحاح الثالث عشر
متى,13,44,"الإصحاح الثالث عشر
متى,13,45,"الإصحاح الثالث عشر
متى,13,46,"الإصحاح الثالث عشر
متى,13,47,"الإصحاح الثالث عشر
متى,13,48,"الإصحاح الثالث عشر
متى,13,49,"الإصحاح الثالث عشر
متى,13,50,"الإصحاح الثالث عشر
متى,13,51,"الإصحاح الثالث عشر
متى,13,52,"الإصحاح الثالث عشر
متى,13,53,"الإصحاح الثالث عشر
متى,13,54,"الإصحاح الثالث عشر
متى,13,55,"الإصحاح الثالث عشر
متى,13,56,"الإصحاح الثالث عشر
متى,13,57,"الإصحاح الثالث عشر
متى,13,58,"الإصحاح الثالث عشر
متى,13,59,"الإصحاح الثالث عشر
متى,13,60,"الإصحاح الثالث عشر
متى,13,61,"الإصحاح الثالث عشر
متى,13,62,"الإصحاح الثالث عشر
متى,13,63,"الإصحاح الثالث عشر
متى,13,64,"الإصحاح الثالث عشر
متى,13,65,"الإصحاح الثالث عشر
متى,13,66,"الإصحاح الثالث عشر
متى,13,67,"الإصحاح الثالث عشر
متى,13,68,"الإصحاح الثالث عشر
متى,13,69,"الإصحاح الثالث عشر
متى,13,70,"الإصحاح الثالث عشر
متى,13,71,"الإصحاح الثالث عشر
متى,13,72,"الإصحاح الثالث عشر
متى,13,73,"الإصحاح الثالث عشر
متى,13,74,"الإصحاح الثالث عشر
متى,13,75,"الإصحاح الثالث عشر
متى,13,76,"الإصحاح الثالث عشر
متى,13,77,"الإصحاح الثالث عشر
متى,13,78,"الإصحاح الثالث عشر
متى,13,79,"الإصحاح الثالث عشر
متى,13,80,"الإصحاح الثالث عشر
متى,13,81,"الإصحاح الثالث عشر
متى,13,82,"الإصحاح الثالث عشر
متى,13,83,"الإصحاح الثالث عشر
متى,13,84,"الإصحاح الثالث عشر
متى,13,85,"الإصحاح الثالث عشر
متى,13,86,"الإصحاح الثالث عشر
متى,13,87,"الإصحاح الثالث عشر
متى,13,88,"الإصحاح الثالث عشر
متى,13,89,"الإصحاح الثالث عشر
متى,13,90,"الإصحاح الثالث عشر
متى,13,91,"الإصحاح الثالث عشر
متى,13,92,"الإصحاح الثالث عشر
متى,13,93,"الإصحاح الثالث عشر
متى,13,94,"الإصحاح الثالث عشر
متى,13,95,"الإصحاح الثالث عشر
متى,13,96,"الإصحاح الثالث عشر
متى,13,97,"الإصحاح الثالث عشر
متى,13,98,"الإصحاح الثالث عشر
متى,13,99,"الإصحاح الثالث عشر
متى,14,1,"الإصحاح الرابع عشر
متى,14,2,"الإصحاح الرابع عشر
متى,14,3,"الإصحاح الرابع عشر
متى,14,4,"الإصحاح الرابع عشر
متى,14,5,"الإصحاح الرابع عشر
متى,14,6,"الإصحاح الرابع عشر
متى,14,7,"الإصحاح الرابع عشر
متى,14,8,"الإصحاح الرابع عشر
متى,14,9,"الإصحاح الرابع عشر
متى,14,10,"الإصحاح الرابع عشر
متى,14,11,"الإصحاح الرابع عشر
متى,14,12,"الإصحاح الرابع عشر
متى,14,13,"الإصحاح الرابع عشر
متى,14,14,"الإصحاح الرابع عشر
متى,14,15,"الإصحاح الرابع عشر
متى,14,16,"الإصحاح الرابع عشر
متى,14,17,"الإصحاح الرابع عشر
متى,14,18,"الإصحاح الرابع عشر
متى,14,19,"الإصحاح الرابع عشر
متى,14,20,"الإصحاح الرابع عشر
متى,14,21,"الإصحاح الرابع عشر
متى,14,22,"الإصحاح الرابع عشر
متى,14,23,"الإصحاح الرابع عشر
متى,14,24,"الإصحاح الرابع عشر
متى,14,25,"الإصحاح الرابع عشر
متى,14,26,"الإصحاح الرابع عشر
متى,14,27,"الإصحاح الرابع عشر
متى,14,28,"الإصحاح الرابع عشر
متى,14,29,"الإصحاح الرابع عشر
متى,14,30,"الإصحاح الرابع عشر
متى,14,31,"الإصحاح الرابع عشر
متى,14,32,"الإصحاح الرابع عشر
متى,14,33,"الإصحاح الرابع عشر
متى,14,34,"الإصحاح الرابع عشر
متى,14,35,"الإصحاح الرابع عشر
متى,14,36,"الإصحاح الرابع عشر
متى,14,37,"الإصحاح الرابع عشر
متى,14,38,"الإصحاح الرابع عشر
متى,14,39,"الإصحاح الرابع عشر
متى,14,40,"الإصحاح الرابع عشر
متى,14,41,"الإصحاح الرابع عشر
متى,14,42,"الإصحاح الرابع عشر
متى,14,43,"الإصحاح الرابع عشر
متى,14,44,"الإصحاح الرابع عشر
متى,14,45,"الإصحاح الرابع عشر
متى,14,46,"الإصحاح الرابع عشر
متى,14,47,"الإصحاح الرابع عشر
متى,14,48,"الإصحاح الرابع عشر
متى,14,49,"الإصحاح الرابع عشر
متى,14,50,"الإصحاح الرابع عشر
متى,14,51,"الإصحاح الرابع عشر
متى,14,52,"الإصحاح الرابع عشر
متى,14,53,"الإصحاح الرابع عشر
متى,14,54,"الإصحاح الرابع عشر
متى,14,55,"الإصحاح الرابع عشر
متى,14,56,"الإصحاح الرابع عشر
متى,14,57,"الإصحاح الرابع عشر
متى,14,58,"الإصحاح الرابع عشر
متى,14,59,"الإصحاح الرابع عشر
متى,14,60,"الإصحاح الرابع عشر
متى,14,61,"الإصحاح الرابع عشر
متى,14,62,"الإصحاح الرابع عشر
متى,14,63,"الإصحاح الرابع عشر
متى,14,64,"الإصحاح الرابع عشر
متى,14,65,"الإصحاح الرابع عشر
متى,14,66,"الإصحاح الرابع عشر
متى,14,67,"الإصحاح الرابع عشر
متى,14,68,"الإصحاح الرابع عشر
متى,14,69,"الإصحاح الرابع عشر
متى,14,70,"الإصحاح الرابع عشر
متى,14,71,"الإصحاح الرابع عشر
متى,14,72,"الإصحاح الرابع عشر
متى,14,73,"الإصحاح الرابع عشر
متى,14,74,"الإصحاح الرابع عشر
متى,14,75,"الإصحاح الرابع عشر
متى,14,76,"الإصحاح الرابع عشر
متى,14,77,"الإصحاح الرابع عشر
متى,14,78,"الإصحاح الرابع عشر
متى,14,79,"الإصحاح الرابع عشر
متى,14,80,"الإصحاح الرابع عشر
متى,14,81,"الإصحاح الرابع عشر
متى,14,82,"الإصحاح الرابع عشر
متى,14,83,"الإصحاح الرابع عشر
متى,14,84,"الإصحاح الرابع عشر
متى,14,85,"الإصحاح الرابع عشر
متى,14,86,"الإصحاح الرابع عشر
متى,14,87,"الإصحاح الرابع عشر
متى,14,88,"الإصحاح الرابع عشر
متى,14,89,"الإصحاح الرابع عشر
متى,14,90,"الإصحاح الرابع عشر
متى,14,91,"الإصحاح الرابع عشر
متى,14,92,"الإصحاح الرابع عشر
متى,14,93,"الإصحاح الرابع عشر
متى,14,94,"الإصحاح الرابع عشر
متى,14,95,"الإصحاح الرابع عشر
متى,14,96,"الإصحاح الرابع عشر
متى,14,97,"الإصحاح الرابع عشر
متى,14,98,"الإصحاح الرابع عشر
متى,14,99,"الإصحاح الرابع عشر
متى,15,1,"الإصحاح الخامس عشر
متى,15,2,"الإصحاح الخامس عشر
متى,15,3,"الإصحاح الخامس عشر
متى,15,4,"الإصحاح الخامس عشر
متى,15,5,"الإصحاح الخامس عشر
متى,15,6,"الإصحاح الخامس عشر
متى,15,7,"الإصحاح الخامس عشر
متى,15,8,"الإصحاح الخامس عشر
متى,15,9,"الإصحاح الخامس عشر
متى,15,10,"الإصحاح الخامس عشر
متى,15,11,"الإصحاح الخامس عشر
متى,15,12,"الإصحاح الخامس عشر
متى,15,13,"الإصحاح الخامس عشر
متى,15,14,"الإصحاح الخامس عشر
متى,15,15,"الإصحاح الخامس عشر
متى,15,16,"الإصحاح الخامس عشر
متى,15,17,"الإصحاح الخامس عشر
متى,15,18,"الإصحاح الخامس عشر
متى,15,19,"الإصحاح الخامس عشر
متى,15,20,"الإصحاح الخامس عشر
متى,15,21,"الإصحاح الخامس عشر
متى,15,22,"الإصحاح الخامس عشر
متى,15,23,"الإصحاح الخامس عشر
متى,15,24,"الإصحاح الخامس عشر
متى,15,25,"الإصحاح الخامس عشر
متى,15,26,"الإصحاح الخامس عشر
متى,15,27,"الإصحاح الخامس عشر
متى,15,28,"الإصحاح الخامس عشر
متى,15,29,"الإصحاح الخامس عشر
متى,15,30,"الإصحاح الخامس عشر
متى,15,31,"الإصحاح الخامس عشر
متى,15,32,"الإصحاح الخامس عشر
متى,15,33,"الإصحاح الخامس عشر
متى,15,34,"الإصحاح الخامس عشر
متى,15,35,"الإصحاح الخامس عشر
متى,15,36,"الإصحاح الخامس عشر
متى,15,37,"الإصحاح الخامس عشر
متى,15,38,"الإصحاح الخامس عشر
متى,15,39,"الإصحاح الخامس عشر
متى,15,40,"الإصحاح الخامس عشر
متى,15,41,"الإصحاح الخامس عشر
متى,15,42,"الإصحاح الخامس عشر
متى,15,43,"الإصحاح الخامس عشر
متى,15,44,"الإصحاح الخامس عشر
متى,15,45,"الإصحاح الخامس عشر
متى,15,46,"الإصحاح الخامس عشر
متى,15,47,"الإصحاح الخامس عشر
متى,15,48,"الإصحاح الخامس عشر
متى,15,49,"الإصحاح الخامس عشر
متى,15,50,"الإصحاح الخامس عشر
متى,15,51,"الإصحاح الخامس عشر
متى,15,52,"الإصحاح الخامس عشر
متى,15,53,"الإصحاح الخامس عشر
متى,15,54,"الإصحاح الخامس عشر
متى,15,55,"الإصحاح الخامس عشر
متى,15,56,"الإصحاح الخامس عشر
متى,15,57,"الإصحاح الخامس عشر
متى,15,58,"الإصحاح الخامس عشر
متى,15,59,"الإصحاح الخامس عشر
متى,15,60,"الإصحاح الخامس عشر
متى,15,61,"الإصحاح الخامس عشر
متى,15,62,"الإصحاح الخامس عشر
متى,15,63,"الإصحاح الخامس عشر
متى,15,64,"الإصحاح الخامس عشر
متى,15,65,"الإصحاح الخامس عشر
متى,15,66,"الإصحاح الخامس عشر
متى,15,67,"الإصحاح الخامس عشر
متى,15,68,"الإصحاح الخامس عشر
متى,15,69,"الإصحاح الخامس عشر
متى,15,70,"الإصحاح الخامس عشر
متى,15,71,"الإصحاح الخامس عشر
متى,15,72,"الإصحاح الخامس عشر
متى,15,73,"الإصحاح الخامس عشر
متى,15,74,"الإصحاح الخامس عشر
متى,15,75,"الإصحاح الخامس عشر
متى,15,76,"الإصحاح الخامس عشر
متى,15,77,"الإصحاح الخامس عشر
متى,15,78,"الإصحاح الخامس عشر
متى,15,79,"الإصحاح الخامس عشر
متى,15,80,"الإصحاح الخامس عشر
متى,15,81,"الإصحاح الخامس عشر
متى,15,82,"الإصحاح الخامس عشر
متى,15,83,"الإصحاح الخامس عشر
متى,15,84,"الإصحاح الخامس عشر
متى,15,85,"الإصحاح الخامس عشر
متى,15,86,"الإصحاح الخامس عشر
متى,15,87,"الإصحاح الخامس عشر
متى,15,88,"الإصحاح الخامس عشر
متى,15,89,"الإصحاح الخامس عشر
متى,15,90,"الإصحاح الخامس عشر
متى,15,91,"الإصحاح الخامس عشر
متى,15,92,"الإصحاح الخامس عشر
متى,15,93,"الإصحاح الخامس عشر
متى,15,94,"الإصحاح الخامس عشر
متى,15,95,"الإصحاح الخامس عشر
متى,15,96,"الإصحاح الخامس عشر
متى,15,97,"الإصحاح الخامس عشر
متى,15,98,"الإصحاح الخامس عشر
متى,15,99,"الإصحاح الخامس عشر
متى,16,1,"الإصحاح السادس عشر
متى,16,2,"الإصحاح السادس عشر
متى,16,3,"الإصحاح السادس عشر
متى,16,4,"الإصحاح السادس عشر
متى,16,5,"الإصحاح السادس عشر
متى,16,6,"الإصحاح السادس عشر
متى,16,7,"الإصحاح السادس عشر
متى,16,8,"الإصحاح السادس عشر
متى,16,9,"الإصحاح السادس عشر
متى,16,10,"الإصحاح السادس عشر
متى,16,11,"الإصحاح السادس عشر
متى,16,12,"الإصحاح السادس عشر
متى,16,13,"الإصحاح السادس عشر
متى,16,14,"الإصحاح السادس عشر
متى,16,15,"الإصحاح السادس عشر
متى,16,16,"الإصحاح السادس عشر
متى,16,17,"الإصحاح السادس عشر
متى,16,18,"الإصحاح السادس عشر
متى,16,19,"الإصحاح السادس عشر
متى,16,20,"الإصحاح السادس عشر
متى,16,21,"الإصحاح السادس عشر
متى,16,22,"الإصحاح السادس عشر
متى,16,23,"الإصحاح السادس عشر
متى,16,24,"الإصحاح السادس عشر
متى,16,25,"الإصحاح السادس عشر
متى,16,26,"الإصحاح السادس عشر
متى,16,27,"الإصحاح السادس عشر
متى,16,28,"الإصحاح السادس عشر
متى,16,29,"الإصحاح السادس عشر
متى,16,30,"الإصحاح السادس عشر
متى,16,31,"الإصحاح السادس عشر
متى,16,32,"الإصحاح السادس عشر
متى,16,33,"الإصحاح السادس عشر
متى,16,34,"الإصحاح السادس عشر
متى,16,35,"الإصحاح السادس عشر
متى,16,36,"الإصحاح السادس عشر
متى,16,37,"الإصحاح السادس عشر
متى,16,38,"الإصحاح السادس عشر
متى,16,39,"الإصحاح السادس عشر
متى,16,40,"الإصحاح السادس عشر
متى,16,41,"الإصحاح السادس عشر
متى,16,42,"الإصحاح السادس عشر
متى,16,43,"الإصحاح السادس عشر
متى,16,44,"الإصحاح السادس عشر
متى,16,45,"الإصحاح السادس عشر
متى,16,46,"الإصحاح السادس عشر
متى,16,47,"الإصحاح السادس عشر
متى,16,48,"الإصحاح السادس عشر
متى,16,49,"الإصحاح السادس عشر
متى,16,50,"الإصحاح السادس عشر
متى,16,51,"الإصحاح السادس عشر
متى,16,52,"الإصحاح السادس عشر
متى,16,53,"الإصحاح السادس عشر
متى,16,54,"الإصحاح السادس عشر
متى,16,55,"الإصحاح السادس عشر
متى,16,56,"الإصحاح السادس عشر
متى,16,57,"الإصحاح السادس عشر
متى,16,58,"الإصحاح السادس عشر
متى,16,59,"الإصحاح السادس عشر
متى,16,60,"الإصحاح السادس عشر
متى,16,61,"الإصحاح السادس عشر
متى,16,62,"الإصحاح السادس عشر
متى,16,63,"الإصحاح السادس عشر
متى,16,64,"الإصحاح السادس عشر
متى,16,65,"الإصحاح السادس عشر
متى,16,66,"الإصحاح السادس عشر
متى,16,67,"الإصحاح السادس عشر
متى,16,68,"الإصحاح السادس عشر
متى,16,69,"الإصحاح السادس عشر
متى,16,70,"الإصحاح السادس عشر
متى,16,71,"الإصحاح السادس عشر
متى,16,72,"الإصحاح السادس عشر
متى,16,73,"الإصحاح السادس عشر
متى,16,74,"الإصحاح السادس عشر
متى,16,75,"الإصحاح السادس عشر
متى,16,76,"الإصحاح السادس عشر
متى,16,77,"الإصحاح السادس عشر
متى,16,78,"الإصحاح السادس عشر
متى,16,79,"الإصحاح السادس عشر
متى,16,80,"الإصحاح السادس عشر
متى,16,81,"الإصحاح السادس عشر
متى,16,82,"الإصحاح السادس عشر
متى,16,83,"الإصحاح السادس عشر
متى,16,84,"الإصحاح السادس عشر
متى,16,85,"الإصحاح السادس عشر
متى,16,86,"الإصحاح السادس عشر
متى,16,87,"الإصحاح السادس عشر
متى,16,88,"الإصحاح السادس عشر
متى,16,89,"الإصحاح السادس عشر
متى,16,90,"الإصحاح السادس عشر
متى,16,91,"الإصحاح السادس عشر
متى,16,92,"الإصحاح السادس عشر
متى,16,93,"الإصحاح السادس عشر
متى,16,94,"الإصحاح السادس عشر
متى,16,95,"الإصحاح السادس عشر
متى,16,96,"الإصحاح السادس عشر
متى,16,97,"الإصحاح السادس عشر
متى,16,98,"الإصحاح السادس عشر
متى,16,99,"الإصحاح السادس عشر
متى,17,1,"الإصحاح السابع عشر
متى,17,2,"الإصحاح السابع عشر
متى,17,3,"الإصحاح السابع عشر
متى,17,4,"الإصحاح السابع عشر
متى,17,5,"الإصحاح السابع عشر
متى,17,6,"الإصحاح السابع عشر
متى,17,7,"الإصحاح السابع عشر
متى,17,8,"الإصحاح السابع عشر
متى,17,9,"الإصحاح السابع عشر
متى,17,10,"الإصحاح السابع عشر
متى,17,11,"الإصحاح السابع عشر
متى,17,12,"الإصحاح السابع عشر
متى,17,13,"الإصحاح السابع عشر
متى,17,14,"الإصحاح السابع عشر
متى,17,15,"الإصحاح السابع عشر
متى,17,16,"الإصحاح السابع عشر
متى,17,17,"الإصحاح السابع عشر
متى,17,18,"الإصحاح السابع عشر
متى,17,19,"الإصحاح السابع عشر
متى,17,20,"الإصحاح السابع عشر
متى,17,21,"الإصحاح السابع عشر
متى,17,22,"الإصحاح السابع عشر
متى,17,23,"الإصحاح السابع عشر
متى,17,24,"الإصحاح السابع عشر
متى,17,25,"الإصحاح السابع عشر
متى,17,26,"الإصحاح السابع عشر
متى,17,27,"الإصحاح السابع عشر
متى,17,28,"الإصحاح السابع عشر
متى,17,29,"الإصحاح السابع عشر
متى,17,30,"الإصحاح السابع عشر
متى,17,31,"الإصحاح السابع عشر
متى,17,32,"الإصحاح السابع عشر
متى,17,33,"الإصحاح السابع عشر
متى,17,34,"الإصحاح السابع عشر
متى,17,35,"الإصحاح السابع عشر
متى,17,36,"الإصحاح السابع عشر
متى,17,37,"الإصحاح السابع عشر
متى,17,38,"الإصحاح السابع عشر
متى,17,39,"الإصحاح السابع عشر
متى,17,40,"الإصحاح السابع عشر
متى,17,41,"الإصحاح السابع عشر
متى,17,42,"الإصحاح السابع عشر
متى,17,43,"الإصحاح السابع عشر
متى,17,44,"الإصحاح السابع عشر
متى,17,45,"الإصحاح السابع عشر
متى,17,46,"الإصحاح السابع عشر
متى,17,47,"الإصحاح السابع عشر
متى,17,48,"الإصحاح السابع عشر
متى,17,49,"الإصحاح السابع عشر
متى,17,50,"الإصحاح السابع عشر
متى,17,51,"الإصحاح السابع عشر
متى,17,52,"الإصحاح السابع عشر
متى,17,53,"الإصحاح السابع عشر
متى,17,54,"الإصحاح السابع عشر
متى,17,55,"الإصحاح السابع عشر
متى,17,56,"الإصحاح السابع عشر
متى,17,57,"الإصحاح السابع عشر
متى,17,58,"الإصحاح السابع عشر
متى,17,59,"الإصحاح السابع عشر
متى,17,60,"الإصحاح السابع عشر
متى,17,61,"الإصحاح السابع عشر
متى,17,62,"الإصحاح السابع عشر
متى,17,63,"الإصحاح السابع عشر
متى,17,64,"الإصحاح السابع عشر
متى,17,65,"الإصحاح السابع عشر
متى,17,66,"الإصحاح السابع عشر
متى,17,67,"الإصحاح السابع عشر
متى,17,68,"الإصحاح السابع عشر
متى,17,69,"الإصحاح السابع عشر
متى,17,70,"الإصحاح السابع عشر
متى,17,71,"الإصحاح السابع عشر
متى,17,72,"الإصحاح السابع عشر
متى,17,73,"الإصحاح السابع عشر
متى,17,74,"الإصحاح السابع عشر
متى,17,75,"الإصحاح السابع عشر
متى,17,76,"الإصحاح السابع عشر
متى,17,77,"الإصحاح السابع عشر
متى,17,78,"الإصحاح السابع عشر
متى,17,79,"الإصحاح السابع عشر
متى,17,80,"الإصحاح السابع عشر
متى,17,81,"الإصحاح السابع عشر
متى,17,82,"الإصحاح السابع عشر
متى,17,83,"الإصحاح السابع عشر
متى,17,84,"الإصحاح السابع عشر
متى,17,85,"الإصحاح السابع عشر
متى,17,86,"الإصحاح السابع عشر
متى,17,87,"الإصحاح السابع عشر
متى,17,88,"الإصحاح السابع عشر
متى,17,89,"الإصحاح السابع عشر
متى,17,90,"الإصحاح السابع عشر
متى,17,91,"الإصحاح السابع عشر
متى,17,92,"الإصحاح السابع عشر
متى,17,93,"الإصحاح السابع عشر
متى,17,94,"الإصحاح السابع عشر
متى,17,95,"الإصحاح السابع عشر
متى,17,96,"الإصحاح السابع عشر
متى,17,97,"الإصحاح السابع عشر
متى,17,98,"الإصحاح السابع عشر
متى,17,99,"الإصحاح السابع عشر
متى,18,1,"الإصحاح الثامن عشر
متى,18,2,"الإصحاح الثامن عشر
متى,18,3,"الإصحاح الثامن عشر
متى,18,4,"الإصحاح الثامن عشر
متى,18,5,"الإصحاح الثامن عشر
متى,18,6,"الإصحاح الثامن عشر
متى,18,7,"الإصحاح الثامن عشر
متى,18,8,"الإصحاح الثامن عشر
متى,18,9,"الإصحاح الثامن عشر
متى,18,10,"الإصحاح الثامن عشر
متى,18,11,"الإصحاح الثامن عشر
متى,18,12,"الإصحاح الثامن عشر
متى,18,13,"الإصحاح الثامن عشر
متى,18,14,"الإصحاح الثامن عشر
متى,18,15,"الإصحاح الثامن عشر
متى,18,16,"الإصحاح الثامن عشر
متى,18,17,"الإصحاح الثامن عشر
متى,18,18,"الإصحاح الثامن عشر
متى,18,19,"الإصحاح الثامن عشر
متى,18,20,"الإصحاح الثامن عشر
متى,18,21,"الإصحاح الثامن عشر
متى,18,22,"الإصحاح الثامن عشر
متى,18,23,"الإصحاح الثامن عشر
متى,18,24,"الإصحاح الثامن عشر
متى,18,25,"الإصحاح الثامن عشر
متى,18,26,"الإصحاح الثامن عشر
متى,18,27,"الإصحاح الثامن عشر
متى,18,28,"الإصحاح الثامن عشر
متى,18,29,"الإصحاح الثامن عشر
متى,18,30,"الإصحاح الثامن عشر
متى,18,31,"الإصحاح الثامن عشر
متى,18,32,"الإصحاح الثامن عشر
متى,18,33,"الإصحاح الثامن عشر
متى,18,34,"الإصحاح الثامن عشر
متى,18,35,"الإصحاح الثامن عشر
متى,18,36,"الإصحاح الثامن عشر
متى,18,37,"الإصحاح الثامن عشر
متى,18,38,"الإصحاح الثامن عشر
متى,18,39,"الإصحاح الثامن عشر
متى,18,40,"الإصحاح الثامن عشر
متى,18,41,"الإصحاح الثامن عشر
متى,18,42,"الإصحاح الثامن عشر
متى,18,43,"الإصحاح الثامن عشر
متى,18,44,"الإصحاح الثامن عشر
متى,18,45,"الإصحاح الثامن عشر
متى,18,46,"الإصحاح الثامن عشر
متى,18,47,"الإصحاح الثامن عشر
متى,18,48,"الإصحاح الثامن عشر
متى,18,49,"الإصحاح الثامن عشر
متى,18,50,"الإصحاح الثامن عشر
متى,18,51,"الإصحاح الثامن عشر
متى,18,52,"الإصحاح الثامن عشر
متى,18,53,"الإصحاح الثامن عشر
متى,18,54,"الإصحاح الثامن عشر
متى,18,55,"الإصحاح الثامن عشر
متى,18,56,"الإصحاح الثامن عشر
متى,18,57,"الإصحاح الثامن عشر
متى,18,58,"الإصحاح الثامن عشر
متى,18,59,"الإصحاح الثامن عشر
متى,18,60,"الإصحاح الثامن عشر
متى,18,61,"الإصحاح الثامن عشر
متى,18,62,"الإصحاح الثامن عشر
متى,18,63,"الإصحاح الثامن عشر
متى,18,64,"الإصحاح الثامن عشر
متى,18,65,"الإصحاح الثامن عشر
متى,18,66,"الإصحاح الثامن عشر
متى,18,67,"الإصحاح الثامن عشر
متى,18,68,"الإصحاح الثامن عشر
متى,18,69,"الإصحاح الثامن عشر
متى,18,70,"الإصحاح الثامن عشر
متى,18,71,"الإصحاح الثامن عشر
متى,18,72,"الإصحاح الثامن عشر
متى,18,73,"الإصحاح الثامن عشر
متى,18,74,"الإصحاح الثامن عشر
متى,18,75,"الإصحاح الثامن عشر
متى,18,76,"الإصحاح الثامن عشر
متى,18,77,"الإصحاح الثامن عشر
متى,18,78,"الإصحاح الثامن عشر
متى,18,79,"الإصحاح الثامن عشر
متى,18,80,"الإصحاح الثامن عشر
متى,18,81,"الإصحاح الثامن عشر
متى,18,82,"الإصحاح الثامن عشر
متى,18,83,"الإصحاح الثامن عشر
متى,18,84,"الإصحاح الثامن عشر
متى,18,85,"الإصحاح الثامن عشر
متى,18,86,"الإصحاح الثامن عشر
متى,18,87,"الإصحاح الثامن عشر
متى,18,88,"الإصحاح الثامن عشر
متى,18,89,"الإصحاح الثامن عشر
متى,18,90,"الإصحاح الثامن عشر
متى,18,91,"الإصحاح الثامن عشر
متى,18,92,"الإصحاح الثامن عشر
متى,18,93,"الإصحاح الثامن عشر
متى,18,94,"الإصحاح الثامن عشر
متى,18,95,"الإصحاح الثامن عشر
متى,18,96,"الإصحاح الثامن عشر
متى,18,97,"الإصحاح الثامن عشر
متى,18,98,"الإصحاح الثامن عشر
متى,18,99,"الإصحاح الثامن عشر
متى,19,1,"الإصحاح التاسع عشر
متى,19,2,"الإصحاح التاسع عشر
متى,19,3,"الإصحاح التاسع عشر
متى,19,4,"الإصحاح التاسع عشر
متى,19,5,"الإصحاح التاسع عشر
متى,19,6,"الإصحاح التاسع عشر
متى,19,7,"الإصحاح التاسع عشر
متى,19,8,"الإصحاح التاسع عشر
متى,19,9,"الإصحاح التاسع عشر
متى,19,10,"الإصحاح التاسع عشر
متى,19,11,"الإصحاح التاسع عشر
متى,19,12,"الإصحاح التاسع عشر
متى,19,13,"الإصحاح التاسع عشر
متى,19,14,"الإصحاح التاسع عشر
متى,19,15,"الإصحاح التاسع عشر
متى,19,16,"الإصحاح التاسع عشر
متى,19,17,"الإصحاح التاسع عشر
متى,19,18,"الإصحاح التاسع عشر
متى,19,19,"الإصحاح التاسع عشر
متى,19,20,"الإصحاح التاسع عشر
متى,19,21,"الإصحاح التاسع عشر
متى,19,22,"الإصحاح التاسع عشر
متى,19,23,"الإصحاح التاسع عشر
متى,19,24,"الإصحاح التاسع عشر
متى,19,25,"الإصحاح التاسع عشر
متى,19,26,"الإصحاح التاسع عشر
متى,19,27,"الإصحاح التاسع عشر
متى,19,28,"الإصحاح التاسع عشر
متى,19,29,"الإصحاح التاسع عشر
متى,19,30,"الإصحاح التاسع عشر
متى,19,31,"الإصحاح التاسع عشر
متى,19,32,"الإصحاح التاسع عشر
متى,19,33,"الإصحاح التاسع عشر
متى,19,34,"الإصحاح التاسع عشر
متى,19,35,"الإصحاح التاسع عشر
متى,19,36,"الإصحاح التاسع عشر
متى,19,37,"الإصحاح التاسع عشر
متى,19,38,"الإصحاح التاسع عشر
متى,19,39,"الإصحاح التاسع عشر
متى,19,40,"الإصحاح التاسع عشر
متى,19,41,"الإصحاح التاسع عشر
متى,19,42,"الإصحاح التاسع عشر
متى,19,43,"الإصحاح التاسع عشر
متى,19,44,"الإصحاح التاسع عشر
متى,19,45,"الإصحاح التاسع عشر
متى,19,46,"الإصحاح التاسع عشر
متى,19,47,"الإصحاح التاسع عشر
متى,19,48,"الإصحاح التاسع عشر
متى,19,49,"الإصحاح التاسع عشر
متى,19,50,"الإصحاح التاسع عشر
متى,19,51,"الإصحاح التاسع عشر
متى,19,52,"الإصحاح التاسع عشر
متى,19,53,"الإصحاح التاسع عشر
متى,19,54,"الإصحاح التاسع عشر
متى,19,55,"الإصحاح التاسع عشر
متى,19,56,"الإصحاح التاسع عشر
متى,19,57,"الإصحاح التاسع عشر
متى,19,58,"الإصحاح التاسع عشر
متى,19,59,"الإصحاح التاسع عشر
متى,19,60,"الإصحاح التاسع عشر
متى,19,61,"الإصحاح التاسع عشر
متى,19,62,"الإصحاح التاسع عشر
متى,19,63,"الإصحاح التاسع عشر
متى,19,64,"الإصحاح التاسع عشر
متى,19,65,"الإصحاح التاسع عشر
متى,19,66,"الإصحاح التاسع عشر
متى,19,67,"الإصحاح التاسع عشر
متى,19,68,"الإصحاح التاسع عشر
متى,19,69,"الإصحاح التاسع عشر
متى,19,70,"الإصحاح التاسع عشر
متى,19,71,"الإصحاح التاسع عشر
متى,19,72,"الإصحاح التاسع عشر
متى,19,73,"الإصحاح التاسع عشر
متى,19,74,"الإصحاح التاسع عشر
متى,19,75,"الإصحاح التاسع عشر
متى,19,76,"الإصحاح التاسع عشر
متى,19,77,"الإصحاح التاسع عشر
متى,19,78,"الإصحاح التاسع عشر
متى,19,79,"الإصحاح التاسع عشر
متى,19,80,"الإصحاح التاسع عشر
متى,19,81,"الإصحاح التاسع عشر
متى,19,82,"الإصحاح التاسع عشر
متى,19,83,"الإصحاح التاسع عشر
متى,19,84,"الإصحاح التاسع عشر
متى,19,85,"الإصحاح التاسع عشر
متى,19,86,"الإصحاح التاسع عشر
متى,19,87,"الإصحاح التاسع عشر
متى,19,88,"الإصحاح التاسع عشر
متى,19,89,"الإصحاح التاسع عشر
متى,19,90,"الإصحاح التاسع عشر
متى,19,91,"الإصحاح التاسع عشر
متى,19,92,"الإصحاح التاسع عشر
متى,19,93,"الإصحاح التاسع عشر
متى,19,94,"الإصحاح التاسع عشر
متى,19,95,"الإصحاح التاسع عشر
متى,19,96,"الإصحاح التاسع عشر
متى,19,97,"الإصحاح التاسع عشر
متى,19,98,"الإصحاح التاسع عشر
متى,19,99,"الإصحاح التاسع عشر
متى,20,1,"الإصحاح العشرون
متى,20,2,"الإصحاح العشرون
متى,20,3,"الإصحاح العشرون
متى,20,4,"الإصحاح العشرون
متى,20,5,"الإصحاح العشرون
متى,20,6,"الإصحاح العشرون
متى,20,7,"الإصحاح العشرون
متى,20,8,"الإصحاح العشرون
متى,20,9,"الإصحاح العشرون
متى,20,10,"الإصحاح العشرون
متى,20,11,"الإصحاح العشرون
متى,20,12,"الإصحاح العشرون
متى,20,13,"الإصحاح العشرون
متى,20,14,"الإصحاح العشرون
متى,20,15,"الإصحاح العشرون
متى,20,16,"الإصحاح العشرون
متى,20,17,"الإصحاح العشرون
متى,20,18,"الإصحاح العشرون
متى,20,19,"الإصحاح العشرون
متى,20,20,"الإصحاح العشرون
متى,20,21,"الإصحاح العشرون
متى,20,22,"الإصحاح العشرون
متى,20,23,"الإصحاح العشرون
متى,20,24,"الإصحاح العشرون
متى,20,25,"الإصحاح العشرون
متى,20,26,"الإصحاح العشرون
متى,20,27,"الإصحاح العشرون
متى,20,28,"الإصحاح العشرون
متى,20,29,"الإصحاح العشرون
متى,20,30,"الإصحاح العشرون
متى,20,31,"الإصحاح العشرون
متى,20,32,"الإصحاح العشرون
متى,20,33,"الإصحاح العشرون
متى,20,34,"الإصحاح العشرون
متى,20,35,"الإصحاح العشرون
متى,20,36,"الإصحاح العشرون
متى,20,37,"الإصحاح العشرون
متى,20,38,"الإصحاح العشرون
متى,20,39,"الإصحاح العشرون
متى,20,40,"الإصحاح العشرون
متى,20,41,"الإصحاح العشرون
متى,20,42,"الإصحاح العشرون
متى,20,43,"الإصحاح العشرون
متى,20,44,"الإصحاح العشرون
متى,20,45,"الإصحاح العشرون
متى,20,46,"الإصحاح العشرون
متى,20,47,"الإصحاح العشرون
متى,20,48,"الإصحاح العشرون
متى,20,49,"الإصحاح العشرون
متى,20,50,"الإصحاح العشرون
متى,20,51,"الإصحاح العشرون
متى,20,52,"الإصحاح العشرون
متى,20,53,"الإصحاح العشرون
متى,20,54,"الإصحاح العشرون
متى,20,55,"الإصحاح العشرون
متى,20,56,"الإصحاح العشرون
متى,20,57,"الإصحاح العشرون
متى,20,58,"الإصحاح العشرون
متى,20,59,"الإصحاح العشرون
متى,20,60,"الإصحاح العشرون
متى,20,61,"الإصحاح العشرون
متى,20,62,"الإصحاح العشرون
متى,20,63,"الإصحاح العشرون
متى,20,64,"الإصحاح العشرون
متى,20,65,"الإصحاح العشرون
متى,20,66,"الإصحاح العشرون
متى,20,67,"الإصحاح العشرون
متى,20,68,"الإصحاح العشرون
متى,20,69,"الإصحاح العشرون
متى,20,70,"الإصحاح العشرون
متى,20,71,"الإصحاح العشرون
متى,20,72,"الإصحاح العشرون
متى,20,73,"الإصحاح العشرون
متى,20,74,"الإصحاح العشرون
متى,20,75,"الإصحاح العشرون
متى,20,76,"الإصحاح العشرون
متى,20,77,"الإصحاح العشرون
متى,20,78,"الإصحاح العشرون
متى,20,79,"الإصحاح العشرون
متى,20,80,"الإصحاح العشرون
متى,20,81,"الإصحاح العشرون
متى,20,82,"الإصحاح العشرون
متى,20,83,"الإصحاح العشرون
متى,20,84,"الإصحاح العشرون
متى,20,85,"الإصحاح العشرون
متى,20,86,"الإصحاح العشرون
متى,20,87,"الإصحاح العشرون
متى,20,88,"الإصحاح العشرون
متى,20,89,"الإصحاح العشرون
متى,20,90,"الإصحاح العشرون
متى,20,91,"الإصحاح العشرون
متى,20,92,"الإصحاح العشرون
متى,20,93,"الإصحاح العشرون
متى,20,94,"الإصحاح العشرون
متى,20,95,"الإصحاح العشرون
متى,20,96,"الإصحاح العشرون
متى,20,97,"الإصحاح العشرون
متى,20,98,"الإصحاح العشرون
متى,20,99,"الإصحاح العشرون
متى,21,1,"دخول المسيح أورشليم في موكب عظيم 
متى,21,2,"دخول المسيح أورشليم في موكب عظيم 
متى,21,3,"دخول المسيح أورشليم في موكب عظيم 
متى,21,4,"دخول المسيح أورشليم في موكب عظيم 
متى,21,5,"دخول المسيح أورشليم في موكب عظيم 
متى,21,6,"دخول المسيح أورشليم في موكب عظيم 
متى,21,7,"دخول المسيح أورشليم في موكب عظيم 
متى,21,8,"دخول المسيح أورشليم في موكب عظيم 
متى,21,9,"دخول المسيح أورشليم في موكب عظيم 
متى,21,10,"دخول المسيح أورشليم في موكب عظيم 
متى,21,11,"دخول المسيح أورشليم في موكب عظيم 
متى,21,12,"دخول المسيح أورشليم في موكب عظيم 
متى,21,13,"دخول المسيح أورشليم في موكب عظيم 
متى,21,14,"دخول المسيح أورشليم في موكب عظيم 
متى,21,15,"دخول المسيح أورشليم في موكب عظيم 
متى,21,16,"دخول المسيح أورشليم في موكب عظيم 
متى,21,17,"دخول المسيح أورشليم في موكب عظيم 
متى,21,18,"دخول المسيح أورشليم في موكب عظيم 
متى,21,19,"دخول المسيح أورشليم في موكب عظيم 
متى,21,20,"دخول المسيح أورشليم في موكب عظيم 
متى,21,21,"دخول المسيح أورشليم في موكب عظيم 
متى,21,22,"دخول المسيح أورشليم في موكب عظيم 
متى,21,23,"دخول المسيح أورشليم في موكب عظيم 
متى,21,24,"دخول المسيح أورشليم في موكب عظيم 
متى,21,25,"دخول المسيح أورشليم في موكب عظيم 
متى,21,26,"دخول المسيح أورشليم في موكب عظيم 
متى,21,27,"دخول المسيح أورشليم في موكب عظيم 
متى,21,28,"دخول المسيح أورشليم في موكب عظيم 
متى,21,29,"دخول المسيح أورشليم في موكب عظيم 
متى,21,30,"دخول المسيح أورشليم في موكب عظيم 
متى,21,31,"دخول المسيح أورشليم في موكب عظيم 
متى,21,32,"دخول المسيح أورشليم في موكب عظيم 
متى,21,33,"دخول المسيح أورشليم في موكب عظيم 
متى,21,34,"دخول المسيح أورشليم في موكب عظيم 
متى,21,35,"دخول المسيح أورشليم في موكب عظيم 
متى,21,36,"دخول المسيح أورشليم في موكب عظيم 
متى,21,37,"دخول المسيح أورشليم في موكب عظيم 
متى,21,38,"دخول المسيح أورشليم في موكب عظيم 
متى,21,39,"دخول المسيح أورشليم في موكب عظيم 
متى,21,40,"دخول المسيح أورشليم في موكب عظيم 
متى,21,41,"دخول المسيح أورشليم في موكب عظيم 
متى,21,42,"دخول المسيح أورشليم في موكب عظيم 
متى,21,43,"دخول المسيح أورشليم في موكب عظيم 
متى,21,44,"دخول المسيح أورشليم في موكب عظيم 
متى,21,45,"دخول المسيح أورشليم في موكب عظيم 
متى,21,46,"دخول المسيح أورشليم في موكب عظيم 
متى,21,47,"دخول المسيح أورشليم في موكب عظيم 
متى,21,48,"دخول المسيح أورشليم في موكب عظيم 
متى,21,49,"دخول المسيح أورشليم في موكب عظيم 
متى,21,50,"دخول المسيح أورشليم في موكب عظيم 
متى,21,51,"دخول المسيح أورشليم في موكب عظيم 
متى,21,52,"دخول المسيح أورشليم في موكب عظيم 
متى,21,53,"دخول المسيح أورشليم في موكب عظيم 
متى,21,54,"دخول المسيح أورشليم في موكب عظيم 
متى,21,55,"دخول المسيح أورشليم في موكب عظيم 
متى,21,56,"دخول المسيح أورشليم في موكب عظيم 
متى,21,57,"دخول المسيح أورشليم في موكب عظيم 
متى,21,58,"دخول المسيح أورشليم في موكب عظيم 
متى,21,59,"دخول المسيح أورشليم في موكب عظيم 
متى,21,60,"دخول المسيح أورشليم في موكب عظيم 
متى,21,61,"دخول المسيح أورشليم في موكب عظيم 
متى,21,62,"دخول المسيح أورشليم في موكب عظيم 
متى,21,63,"دخول المسيح أورشليم في موكب عظيم 
متى,21,64,"دخول المسيح أورشليم في موكب عظيم 
متى,21,65,"دخول المسيح أورشليم في موكب عظيم 
متى,21,66,"دخول المسيح أورشليم في موكب عظيم 
متى,21,67,"دخول المسيح أورشليم في موكب عظيم 
متى,21,68,"دخول المسيح أورشليم في موكب عظيم 
متى,21,69,"دخول المسيح أورشليم في موكب عظيم 
متى,21,70,"دخول المسيح أورشليم في موكب عظيم 
متى,21,71,"دخول المسيح أورشليم في موكب عظيم 
متى,21,72,"دخول المسيح أورشليم في موكب عظيم 
متى,21,73,"دخول المسيح أورشليم في موكب عظيم 
متى,21,74,"دخول المسيح أورشليم في موكب عظيم 
متى,21,75,"دخول المسيح أورشليم في موكب عظيم 
متى,21,76,"دخول المسيح أورشليم في موكب عظيم 
متى,21,77,"دخول المسيح أورشليم في موكب عظيم 
متى,21,78,"دخول المسيح أورشليم في موكب عظيم 
متى,21,79,"دخول المسيح أورشليم في موكب عظيم 
متى,21,80,"دخول المسيح أورشليم في موكب عظيم 
متى,21,81,"دخول المسيح أورشليم في موكب عظيم 
متى,21,82,"دخول المسيح أورشليم في موكب عظيم 
متى,21,83,"دخول المسيح أورشليم في موكب عظيم 
متى,21,84,"دخول المسيح أورشليم في موكب عظيم 
متى,21,85,"دخول المسيح أورشليم في موكب عظيم 
متى,21,86,"دخول المسيح أورشليم في موكب عظيم 
متى,21,87,"دخول المسيح أورشليم في موكب عظيم 
متى,21,88,"دخول المسيح أورشليم في موكب عظيم 
متى,21,89,"دخول المسيح أورشليم في موكب عظيم 
متى,21,90,"دخول المسيح أورشليم في موكب عظيم 
متى,21,91,"دخول المسيح أورشليم في موكب عظيم 
متى,21,92,"دخول المسيح أورشليم في موكب عظيم 
متى,21,93,"دخول المسيح أورشليم في موكب عظيم 
متى,21,94,"دخول المسيح أورشليم في موكب عظيم 
متى,21,95,"دخول المسيح أورشليم في موكب عظيم 
متى,21,96,"دخول المسيح أورشليم في موكب عظيم 
متى,21,97,"دخول المسيح أورشليم في موكب عظيم 
متى,21,98,"دخول المسيح أورشليم في موكب عظيم 
متى,21,99,"دخول المسيح أورشليم في موكب عظيم 
متى,22,1,"المثل الثالث : عرس إبن الملك  مت22:1-14 
متى,22,2,"المثل الثالث : عرس إبن الملك  مت22:1-14 
متى,22,3,"المثل الثالث : عرس إبن الملك  مت22:1-14 
متى,22,4,"المثل الثالث : عرس إبن الملك  مت22:1-14 
متى,22,5,"المثل الثالث : عرس إبن الملك  مت22:1-14 
متى,22,6,"المثل الثالث : عرس إبن الملك  مت22:1-14 
متى,22,7,"المثل الثالث : عرس إبن الملك  مت22:1-14 
متى,22,8,"المثل الثالث : عرس إبن الملك  مت22:1-14 
متى,22,9,"المثل الثالث : عرس إبن الملك  مت22:1-14 
متى,22,10,"المثل الثالث : عرس إبن الملك  مت22:1-14 
متى,22,11,"المثل الثالث : عرس إبن الملك  مت22:1-14 
متى,22,12,"المثل الثالث : عرس إبن الملك  مت22:1-14 
متى,22,13,"المثل الثالث : عرس إبن الملك  مت22:1-14 
متى,22,14,"المثل الثالث : عرس إبن الملك  مت22:1-14 
متى,22,15,"المثل الثالث : عرس إبن الملك  مت22:1-14 
متى,22,16,"المثل الثالث : عرس إبن الملك  مت22:1-14 
متى,22,17,"المثل الثالث : عرس إبن الملك  مت22:1-14 
متى,22,18,"المثل الثالث : عرس إبن الملك  مت22:1-14 
متى,22,19,"المثل الثالث : عرس إبن الملك  مت22:1-14 
متى,22,20,"المثل الثالث : عرس إبن الملك  مت22:1-14 
متى,22,21,"المثل الثالث : عرس إبن الملك  مت22:1-14 
متى,22,22,"المثل الثالث : عرس إبن الملك  مت22:1-14 
متى,22,23,"المثل الثالث : عرس إبن الملك  مت22:1-14 
متى,22,24,"المثل الثالث : عرس إبن الملك  مت22:1-14 
متى,22,25,"المثل الثالث : عرس إبن الملك  مت22:1-14 
متى,22,26,"المثل الثالث : عرس إبن الملك  مت22:1-14 
متى,22,27,"المثل الثالث : عرس إبن الملك  مت22:1-14 
متى,22,28,"المثل الثالث : عرس إبن الملك  مت22:1-14 
متى,22,29,"المثل الثالث : عرس إبن الملك  مت22:1-14 
متى,22,30,"المثل الثالث : عرس إبن الملك  مت22:1-14 
متى,22,31,"المثل الثالث : عرس إبن الملك  مت22:1-14 
متى,22,32,"المثل الثالث : عرس إبن الملك  مت22:1-14 
متى,22,33,"المثل الثالث : عرس إبن الملك  مت22:1-14 
متى,22,34,"المثل الثالث : عرس إبن الملك  مت22:1-14 
متى,22,35,"المثل الثالث : عرس إبن الملك  مت22:1-14 
متى,22,36,"المثل الثالث : عرس إبن الملك  مت22:1-14 
متى,22,37,"المثل الثالث : عرس إبن الملك  مت22:1-14 
متى,22,38,"المثل الثالث : عرس إبن الملك  مت22:1-14 
متى,22,39,"المثل الثالث : عرس إبن الملك  مت22:1-14 
متى,22,40,"المثل الثالث : عرس إبن الملك  مت22:1-14 
متى,22,41,"المثل الثالث : عرس إبن الملك  مت22:1-14 
متى,22,42,"المثل الثالث : عرس إبن الملك  مت22:1-14 
متى,22,43,"المثل الثالث : عرس إبن الملك  مت22:1-14 
متى,22,44,"المثل الثالث : عرس إبن الملك  مت22:1-14 
متى,22,45,"المثل الثالث : عرس إبن الملك  مت22:1-14 
متى,22,46,"المثل الثالث : عرس إبن الملك  مت22:1-14 
متى,22,47,"المثل الثالث : عرس إبن الملك  مت22:1-14 
متى,22,48,"المثل الثالث : عرس إبن الملك  مت22:1-14 
متى,22,49,"المثل الثالث : عرس إبن الملك  مت22:1-14 
متى,22,50,"المثل الثالث : عرس إبن الملك  مت22:1-14 
متى,22,51,"المثل الثالث : عرس إبن الملك  مت22:1-14 
متى,22,52,"المثل الثالث : عرس إبن الملك  مت22:1-14 
متى,22,53,"المثل الثالث : عرس إبن الملك  مت22:1-14 
متى,22,54,"المثل الثالث : عرس إبن الملك  مت22:1-14 
متى,22,55,"المثل الثالث : عرس إبن الملك  مت22:1-14 
متى,22,56,"المثل الثالث : عرس إبن الملك  مت22:1-14 
متى,22,57,"المثل الثالث : عرس إبن الملك  مت22:1-14 
متى,22,58,"المثل الثالث : عرس إبن الملك  مت22:1-14 
متى,22,59,"المثل الثالث : عرس إبن الملك  مت22:1-14 
متى,22,60,"المثل الثالث : عرس إبن الملك  مت22:1-14 
متى,22,61,"المثل الثالث : عرس إبن الملك  مت22:1-14 
متى,22,62,"المثل الثالث : عرس إبن الملك  مت22:1-14 
متى,22,63,"المثل الثالث : عرس إبن الملك  مت22:1-14 
متى,22,64,"المثل الثالث : عرس إبن الملك  مت22:1-14 
متى,22,65,"المثل الثالث : عرس إبن الملك  مت22:1-14 
متى,22,66,"المثل الثالث : عرس إبن الملك  مت22:1-14 
متى,22,67,"المثل الثالث : عرس إبن الملك  مت22:1-14 
متى,22,68,"المثل الثالث : عرس إبن الملك  مت22:1-14 
متى,22,69,"المثل الثالث : عرس إبن الملك  مت22:1-14 
متى,22,70,"المثل الثالث : عرس إبن الملك  مت22:1-14 
متى,22,71,"المثل الثالث : عرس إبن الملك  مت22:1-14 
متى,22,72,"المثل الثالث : عرس إبن الملك  مت22:1-14 
متى,22,73,"المثل الثالث : عرس إبن الملك  مت22:1-14 
متى,22,74,"المثل الثالث : عرس إبن الملك  مت22:1-14 
متى,22,75,"المثل الثالث : عرس إبن الملك  مت22:1-14 
متى,22,76,"المثل الثالث : عرس إبن الملك  مت22:1-14 
متى,22,77,"المثل الثالث : عرس إبن الملك  مت22:1-14 
متى,22,78,"المثل الثالث : عرس إبن الملك  مت22:1-14 
متى,22,79,"المثل الثالث : عرس إبن الملك  مت22:1-14 
متى,22,80,"المثل الثالث : عرس إبن الملك  مت22:1-14 
متى,22,81,"المثل الثالث : عرس إبن الملك  مت22:1-14 
متى,22,82,"المثل الثالث : عرس إبن الملك  مت22:1-14 
متى,22,83,"المثل الثالث : عرس إبن الملك  مت22:1-14 
متى,22,84,"المثل الثالث : عرس إبن الملك  مت22:1-14 
متى,22,85,"المثل الثالث : عرس إبن الملك  مت22:1-14 
متى,22,86,"المثل الثالث : عرس إبن الملك  مت22:1-14 
متى,22,87,"المثل الثالث : عرس إبن الملك  مت22:1-14 
متى,22,88,"المثل الثالث : عرس إبن الملك  مت22:1-14 
متى,22,89,"المثل الثالث : عرس إبن الملك  مت22:1-14 
متى,22,90,"المثل الثالث : عرس إبن الملك  مت22:1-14 
متى,22,91,"المثل الثالث : عرس إبن الملك  مت22:1-14 
متى,22,92,"المثل الثالث : عرس إبن الملك  مت22:1-14 
متى,22,93,"المثل الثالث : عرس إبن الملك  مت22:1-14 
متى,22,94,"المثل الثالث : عرس إبن الملك  مت22:1-14 
متى,22,95,"المثل الثالث : عرس إبن الملك  مت22:1-14 
متى,22,96,"المثل الثالث : عرس إبن الملك  مت22:1-14 
متى,22,97,"المثل الثالث : عرس إبن الملك  مت22:1-14 
متى,22,98,"المثل الثالث : عرس إبن الملك  مت22:1-14 
متى,22,99,"المثل الثالث : عرس إبن الملك  مت22:1-14 
متى,23,1,"نطق المسيح بالويلات للكتبة والفريسيين  مت23 +  مر12:38-40 +  لو20:45-47
متى,23,2,"نطق المسيح بالويلات للكتبة والفريسيين  مت23 +  مر12:38-40 +  لو20:45-47
متى,23,3,"نطق المسيح بالويلات للكتبة والفريسيين  مت23 +  مر12:38-40 +  لو20:45-47
متى,23,4,"نطق المسيح بالويلات للكتبة والفريسيين  مت23 +  مر12:38-40 +  لو20:45-47
متى,23,5,"نطق المسيح بالويلات للكتبة والفريسيين  مت23 +  مر12:38-40 +  لو20:45-47
متى,23,6,"نطق المسيح بالويلات للكتبة والفريسيين  مت23 +  مر12:38-40 +  لو20:45-47
متى,23,7,"نطق المسيح بالويلات للكتبة والفريسيين  مت23 +  مر12:38-40 +  لو20:45-47
متى,23,8,"نطق المسيح بالويلات للكتبة والفريسيين  مت23 +  مر12:38-40 +  لو20:45-47
متى,23,9,"نطق المسيح بالويلات للكتبة والفريسيين  مت23 +  مر12:38-40 +  لو20:45-47
متى,23,10,"نطق المسيح بالويلات للكتبة والفريسيين  مت23 +  مر12:38-40 +  لو20:45-47
متى,23,11,"نطق المسيح بالويلات للكتبة والفريسيين  مت23 +  مر12:38-40 +  لو20:45-47
متى,23,12,"نطق المسيح بالويلات للكتبة والفريسيين  مت23 +  مر12:38-40 +  لو20:45-47
متى,23,13,"نطق المسيح بالويلات للكتبة والفريسيين  مت23 +  مر12:38-40 +  لو20:45-47
متى,23,14,"نطق المسيح بالويلات للكتبة والفريسيين  مت23 +  مر12:38-40 +  لو20:45-47
متى,23,15,"نطق المسيح بالويلات للكتبة والفريسيين  مت23 +  مر12:38-40 +  لو20:45-47
متى,23,16,"نطق المسيح بالويلات للكتبة والفريسيين  مت23 +  مر12:38-40 +  لو20:45-47
متى,23,17,"نطق المسيح بالويلات للكتبة والفريسيين  مت23 +  مر12:38-40 +  لو20:45-47
متى,23,18,"نطق المسيح بالويلات للكتبة والفريسيين  مت23 +  مر12:38-40 +  لو20:45-47
متى,23,19,"نطق المسيح بالويلات للكتبة والفريسيين  مت23 +  مر12:38-40 +  لو20:45-47
متى,23,20,"نطق المسيح بالويلات للكتبة والفريسيين  مت23 +  مر12:38-40 +  لو20:45-47
متى,23,21,"نطق المسيح بالويلات للكتبة والفريسيين  مت23 +  مر12:38-40 +  لو20:45-47
متى,23,22,"نطق المسيح بالويلات للكتبة والفريسيين  مت23 +  مر12:38-40 +  لو20:45-47
متى,23,23,"نطق المسيح بالويلات للكتبة والفريسيين  مت23 +  مر12:38-40 +  لو20:45-47
متى,23,24,"نطق المسيح بالويلات للكتبة والفريسيين  مت23 +  مر12:38-40 +  لو20:45-47
متى,23,25,"نطق المسيح بالويلات للكتبة والفريسيين  مت23 +  مر12:38-40 +  لو20:45-47
متى,23,26,"نطق المسيح بالويلات للكتبة والفريسيين  مت23 +  مر12:38-40 +  لو20:45-47
متى,23,27,"نطق المسيح بالويلات للكتبة والفريسيين  مت23 +  مر12:38-40 +  لو20:45-47
متى,23,28,"نطق المسيح بالويلات للكتبة والفريسيين  مت23 +  مر12:38-40 +  لو20:45-47
متى,23,29,"نطق المسيح بالويلات للكتبة والفريسيين  مت23 +  مر12:38-40 +  لو20:45-47
متى,23,30,"نطق المسيح بالويلات للكتبة والفريسيين  مت23 +  مر12:38-40 +  لو20:45-47
متى,23,31,"نطق المسيح بالويلات للكتبة والفريسيين  مت23 +  مر12:38-40 +  لو20:45-47
متى,23,32,"نطق المسيح بالويلات للكتبة والفريسيين  مت23 +  مر12:38-40 +  لو20:45-47
متى,23,33,"نطق المسيح بالويلات للكتبة والفريسيين  مت23 +  مر12:38-40 +  لو20:45-47
متى,23,34,"نطق المسيح بالويلات للكتبة والفريسيين  مت23 +  مر12:38-40 +  لو20:45-47
متى,23,35,"نطق المسيح بالويلات للكتبة والفريسيين  مت23 +  مر12:38-40 +  لو20:45-47
متى,23,36,"نطق المسيح بالويلات للكتبة والفريسيين  مت23 +  مر12:38-40 +  لو20:45-47
متى,23,37,"نطق المسيح بالويلات للكتبة والفريسيين  مت23 +  مر12:38-40 +  لو20:45-47
متى,23,38,"نطق المسيح بالويلات للكتبة والفريسيين  مت23 +  مر12:38-40 +  لو20:45-47
متى,23,39,"نطق المسيح بالويلات للكتبة والفريسيين  مت23 +  مر12:38-40 +  لو20:45-47
متى,23,40,"نطق المسيح بالويلات للكتبة والفريسيين  مت23 +  مر12:38-40 +  لو20:45-47
متى,23,41,"نطق المسيح بالويلات للكتبة والفريسيين  مت23 +  مر12:38-40 +  لو20:45-47
متى,23,42,"نطق المسيح بالويلات للكتبة والفريسيين  مت23 +  مر12:38-40 +  لو20:45-47
متى,23,43,"نطق المسيح بالويلات للكتبة والفريسيين  مت23 +  مر12:38-40 +  لو20:45-47
متى,23,44,"نطق المسيح بالويلات للكتبة والفريسيين  مت23 +  مر12:38-40 +  لو20:45-47
متى,23,45,"نطق المسيح بالويلات للكتبة والفريسيين  مت23 +  مر12:38-40 +  لو20:45-47
متى,23,46,"نطق المسيح بالويلات للكتبة والفريسيين  مت23 +  مر12:38-40 +  لو20:45-47
متى,23,47,"نطق المسيح بالويلات للكتبة والفريسيين  مت23 +  مر12:38-40 +  لو20:45-47
متى,23,48,"نطق المسيح بالويلات للكتبة والفريسيين  مت23 +  مر12:38-40 +  لو20:45-47
متى,23,49,"نطق المسيح بالويلات للكتبة والفريسيين  مت23 +  مر12:38-40 +  لو20:45-47
متى,23,50,"نطق المسيح بالويلات للكتبة والفريسيين  مت23 +  مر12:38-40 +  لو20:45-47
متى,23,51,"نطق المسيح بالويلات للكتبة والفريسيين  مت23 +  مر12:38-40 +  لو20:45-47
متى,23,52,"نطق المسيح بالويلات للكتبة والفريسيين  مت23 +  مر12:38-40 +  لو20:45-47
متى,23,53,"نطق المسيح بالويلات للكتبة والفريسيين  مت23 +  مر12:38-40 +  لو20:45-47
متى,23,54,"نطق المسيح بالويلات للكتبة والفريسيين  مت23 +  مر12:38-40 +  لو20:45-47
متى,23,55,"نطق المسيح بالويلات للكتبة والفريسيين  مت23 +  مر12:38-40 +  لو20:45-47
متى,23,56,"نطق المسيح بالويلات للكتبة والفريسيين  مت23 +  مر12:38-40 +  لو20:45-47
متى,23,57,"نطق المسيح بالويلات للكتبة والفريسيين  مت23 +  مر12:38-40 +  لو20:45-47
متى,23,58,"نطق المسيح بالويلات للكتبة والفريسيين  مت23 +  مر12:38-40 +  لو20:45-47
متى,23,59,"نطق المسيح بالويلات للكتبة والفريسيين  مت23 +  مر12:38-40 +  لو20:45-47
متى,23,60,"نطق المسيح بالويلات للكتبة والفريسيين  مت23 +  مر12:38-40 +  لو20:45-47
متى,23,61,"نطق المسيح بالويلات للكتبة والفريسيين  مت23 +  مر12:38-40 +  لو20:45-47
متى,23,62,"نطق المسيح بالويلات للكتبة والفريسيين  مت23 +  مر12:38-40 +  لو20:45-47
متى,23,63,"نطق المسيح بالويلات للكتبة والفريسيين  مت23 +  مر12:38-40 +  لو20:45-47
متى,23,64,"نطق المسيح بالويلات للكتبة والفريسيين  مت23 +  مر12:38-40 +  لو20:45-47
متى,23,65,"نطق المسيح بالويلات للكتبة والفريسيين  مت23 +  مر12:38-40 +  لو20:45-47
متى,23,66,"نطق المسيح بالويلات للكتبة والفريسيين  مت23 +  مر12:38-40 +  لو20:45-47
متى,23,67,"نطق المسيح بالويلات للكتبة والفريسيين  مت23 +  مر12:38-40 +  لو20:45-47
متى,23,68,"نطق المسيح بالويلات للكتبة والفريسيين  مت23 +  مر12:38-40 +  لو20:45-47
متى,23,69,"نطق المسيح بالويلات للكتبة والفريسيين  مت23 +  مر12:38-40 +  لو20:45-47
متى,23,70,"نطق المسيح بالويلات للكتبة والفريسيين  مت23 +  مر12:38-40 +  لو20:45-47
متى,23,71,"نطق المسيح بالويلات للكتبة والفريسيين  مت23 +  مر12:38-40 +  لو20:45-47
متى,23,72,"نطق المسيح بالويلات للكتبة والفريسيين  مت23 +  مر12:38-40 +  لو20:45-47
متى,23,73,"نطق المسيح بالويلات للكتبة والفريسيين  مت23 +  مر12:38-40 +  لو20:45-47
متى,23,74,"نطق المسيح بالويلات للكتبة والفريسيين  مت23 +  مر12:38-40 +  لو20:45-47
متى,23,75,"نطق المسيح بالويلات للكتبة والفريسيين  مت23 +  مر12:38-40 +  لو20:45-47
متى,23,76,"نطق المسيح بالويلات للكتبة والفريسيين  مت23 +  مر12:38-40 +  لو20:45-47
متى,23,77,"نطق المسيح بالويلات للكتبة والفريسيين  مت23 +  مر12:38-40 +  لو20:45-47
متى,23,78,"نطق المسيح بالويلات للكتبة والفريسيين  مت23 +  مر12:38-40 +  لو20:45-47
متى,23,79,"نطق المسيح بالويلات للكتبة والفريسيين  مت23 +  مر12:38-40 +  لو20:45-47
متى,23,80,"نطق المسيح بالويلات للكتبة والفريسيين  مت23 +  مر12:38-40 +  لو20:45-47
متى,23,81,"نطق المسيح بالويلات للكتبة والفريسيين  مت23 +  مر12:38-40 +  لو20:45-47
متى,23,82,"نطق المسيح بالويلات للكتبة والفريسيين  مت23 +  مر12:38-40 +  لو20:45-47
متى,23,83,"نطق المسيح بالويلات للكتبة والفريسيين  مت23 +  مر12:38-40 +  لو20:45-47
متى,23,84,"نطق المسيح بالويلات للكتبة والفريسيين  مت23 +  مر12:38-40 +  لو20:45-47
متى,23,85,"نطق المسيح بالويلات للكتبة والفريسيين  مت23 +  مر12:38-40 +  لو20:45-47
متى,23,86,"نطق المسيح بالويلات للكتبة والفريسيين  مت23 +  مر12:38-40 +  لو20:45-47
متى,23,87,"نطق المسيح بالويلات للكتبة والفريسيين  مت23 +  مر12:38-40 +  لو20:45-47
متى,23,88,"نطق المسيح بالويلات للكتبة والفريسيين  مت23 +  مر12:38-40 +  لو20:45-47
متى,23,89,"نطق المسيح بالويلات للكتبة والفريسيين  مت23 +  مر12:38-40 +  لو20:45-47
متى,23,90,"نطق المسيح بالويلات للكتبة والفريسيين  مت23 +  مر12:38-40 +  لو20:45-47
متى,23,91,"نطق المسيح بالويلات للكتبة والفريسيين  مت23 +  مر12:38-40 +  لو20:45-47
متى,23,92,"نطق المسيح بالويلات للكتبة والفريسيين  مت23 +  مر12:38-40 +  لو20:45-47
متى,23,93,"نطق المسيح بالويلات للكتبة والفريسيين  مت23 +  مر12:38-40 +  لو20:45-47
متى,23,94,"نطق المسيح بالويلات للكتبة والفريسيين  مت23 +  مر12:38-40 +  لو20:45-47
متى,23,95,"نطق المسيح بالويلات للكتبة والفريسيين  مت23 +  مر12:38-40 +  لو20:45-47
متى,23,96,"نطق المسيح بالويلات للكتبة والفريسيين  مت23 +  مر12:38-40 +  لو20:45-47
متى,23,97,"نطق المسيح بالويلات للكتبة والفريسيين  مت23 +  مر12:38-40 +  لو20:45-47
متى,23,98,"نطق المسيح بالويلات للكتبة والفريسيين  مت23 +  مر12:38-40 +  لو20:45-47
متى,23,99,"نطق المسيح بالويلات للكتبة والفريسيين  مت23 +  مر12:38-40 +  لو20:45-47
متى,24,1,"خطاب المسيح عن خراب أورشليم وإنقضاء الدهر  مت24 +  مر13 +  لو21:5-38
متى,24,2,"خطاب المسيح عن خراب أورشليم وإنقضاء الدهر  مت24 +  مر13 +  لو21:5-38
متى,24,3,"خطاب المسيح عن خراب أورشليم وإنقضاء الدهر  مت24 +  مر13 +  لو21:5-38
متى,24,4,"خطاب المسيح عن خراب أورشليم وإنقضاء الدهر  مت24 +  مر13 +  لو21:5-38
متى,24,5,"خطاب المسيح عن خراب أورشليم وإنقضاء الدهر  مت24 +  مر13 +  لو21:5-38
متى,24,6,"خطاب المسيح عن خراب أورشليم وإنقضاء الدهر  مت24 +  مر13 +  لو21:5-38
متى,24,7,"خطاب المسيح عن خراب أورشليم وإنقضاء الدهر  مت24 +  مر13 +  لو21:5-38
متى,24,8,"خطاب المسيح عن خراب أورشليم وإنقضاء الدهر  مت24 +  مر13 +  لو21:5-38
متى,24,9,"خطاب المسيح عن خراب أورشليم وإنقضاء الدهر  مت24 +  مر13 +  لو21:5-38
متى,24,10,"خطاب المسيح عن خراب أورشليم وإنقضاء الدهر  مت24 +  مر13 +  لو21:5-38
متى,24,11,"خطاب المسيح عن خراب أورشليم وإنقضاء الدهر  مت24 +  مر13 +  لو21:5-38
متى,24,12,"خطاب المسيح عن خراب أورشليم وإنقضاء الدهر  مت24 +  مر13 +  لو21:5-38
متى,24,13,"خطاب المسيح عن خراب أورشليم وإنقضاء الدهر  مت24 +  مر13 +  لو21:5-38
متى,24,14,"خطاب المسيح عن خراب أورشليم وإنقضاء الدهر  مت24 +  مر13 +  لو21:5-38
متى,24,15,"خطاب المسيح عن خراب أورشليم وإنقضاء الدهر  مت24 +  مر13 +  لو21:5-38
متى,24,16,"خطاب المسيح عن خراب أورشليم وإنقضاء الدهر  مت24 +  مر13 +  لو21:5-38
متى,24,17,"خطاب المسيح عن خراب أورشليم وإنقضاء الدهر  مت24 +  مر13 +  لو21:5-38
متى,24,18,"خطاب المسيح عن خراب أورشليم وإنقضاء الدهر  مت24 +  مر13 +  لو21:5-38
متى,24,19,"خطاب المسيح عن خراب أورشليم وإنقضاء الدهر  مت24 +  مر13 +  لو21:5-38
متى,24,20,"خطاب المسيح عن خراب أورشليم وإنقضاء الدهر  مت24 +  مر13 +  لو21:5-38
متى,24,21,"خطاب المسيح عن خراب أورشليم وإنقضاء الدهر  مت24 +  مر13 +  لو21:5-38
متى,24,22,"خطاب المسيح عن خراب أورشليم وإنقضاء الدهر  مت24 +  مر13 +  لو21:5-38
متى,24,23,"خطاب المسيح عن خراب أورشليم وإنقضاء الدهر  مت24 +  مر13 +  لو21:5-38
متى,24,24,"خطاب المسيح عن خراب أورشليم وإنقضاء الدهر  مت24 +  مر13 +  لو21:5-38
متى,24,25,"خطاب المسيح عن خراب أورشليم وإنقضاء الدهر  مت24 +  مر13 +  لو21:5-38
متى,24,26,"خطاب المسيح عن خراب أورشليم وإنقضاء الدهر  مت24 +  مر13 +  لو21:5-38
متى,24,27,"خطاب المسيح عن خراب أورشليم وإنقضاء الدهر  مت24 +  مر13 +  لو21:5-38
متى,24,28,"خطاب المسيح عن خراب أورشليم وإنقضاء الدهر  مت24 +  مر13 +  لو21:5-38
متى,24,29,"خطاب المسيح عن خراب أورشليم وإنقضاء الدهر  مت24 +  مر13 +  لو21:5-38
متى,24,30,"خطاب المسيح عن خراب أورشليم وإنقضاء الدهر  مت24 +  مر13 +  لو21:5-38
متى,24,31,"خطاب المسيح عن خراب أورشليم وإنقضاء الدهر  مت24 +  مر13 +  لو21:5-38
متى,24,32,"خطاب المسيح عن خراب أورشليم وإنقضاء الدهر  مت24 +  مر13 +  لو21:5-38
متى,24,33,"خطاب المسيح عن خراب أورشليم وإنقضاء الدهر  مت24 +  مر13 +  لو21:5-38
متى,24,34,"خطاب المسيح عن خراب أورشليم وإنقضاء الدهر  مت24 +  مر13 +  لو21:5-38
متى,24,35,"خطاب المسيح عن خراب أورشليم وإنقضاء الدهر  مت24 +  مر13 +  لو21:5-38
متى,24,36,"خطاب المسيح عن خراب أورشليم وإنقضاء الدهر  مت24 +  مر13 +  لو21:5-38
متى,24,37,"خطاب المسيح عن خراب أورشليم وإنقضاء الدهر  مت24 +  مر13 +  لو21:5-38
متى,24,38,"خطاب المسيح عن خراب أورشليم وإنقضاء الدهر  مت24 +  مر13 +  لو21:5-38
متى,24,39,"خطاب المسيح عن خراب أورشليم وإنقضاء الدهر  مت24 +  مر13 +  لو21:5-38
متى,24,40,"خطاب المسيح عن خراب أورشليم وإنقضاء الدهر  مت24 +  مر13 +  لو21:5-38
متى,24,41,"خطاب المسيح عن خراب أورشليم وإنقضاء الدهر  مت24 +  مر13 +  لو21:5-38
متى,24,42,"خطاب المسيح عن خراب أورشليم وإنقضاء الدهر  مت24 +  مر13 +  لو21:5-38
متى,24,43,"خطاب المسيح عن خراب أورشليم وإنقضاء الدهر  مت24 +  مر13 +  لو21:5-38
متى,24,44,"خطاب المسيح عن خراب أورشليم وإنقضاء الدهر  مت24 +  مر13 +  لو21:5-38
متى,24,45,"خطاب المسيح عن خراب أورشليم وإنقضاء الدهر  مت24 +  مر13 +  لو21:5-38
متى,24,46,"خطاب المسيح عن خراب أورشليم وإنقضاء الدهر  مت24 +  مر13 +  لو21:5-38
متى,24,47,"خطاب المسيح عن خراب أورشليم وإنقضاء الدهر  مت24 +  مر13 +  لو21:5-38
متى,24,48,"خطاب المسيح عن خراب أورشليم وإنقضاء الدهر  مت24 +  مر13 +  لو21:5-38
متى,24,49,"خطاب المسيح عن خراب أورشليم وإنقضاء الدهر  مت24 +  مر13 +  لو21:5-38
متى,24,50,"خطاب المسيح عن خراب أورشليم وإنقضاء الدهر  مت24 +  مر13 +  لو21:5-38
متى,24,51,"خطاب المسيح عن خراب أورشليم وإنقضاء الدهر  مت24 +  مر13 +  لو21:5-38
متى,24,52,"خطاب المسيح عن خراب أورشليم وإنقضاء الدهر  مت24 +  مر13 +  لو21:5-38
متى,24,53,"خطاب المسيح عن خراب أورشليم وإنقضاء الدهر  مت24 +  مر13 +  لو21:5-38
متى,24,54,"خطاب المسيح عن خراب أورشليم وإنقضاء الدهر  مت24 +  مر13 +  لو21:5-38
متى,24,55,"خطاب المسيح عن خراب أورشليم وإنقضاء الدهر  مت24 +  مر13 +  لو21:5-38
متى,24,56,"خطاب المسيح عن خراب أورشليم وإنقضاء الدهر  مت24 +  مر13 +  لو21:5-38
متى,24,57,"خطاب المسيح عن خراب أورشليم وإنقضاء الدهر  مت24 +  مر13 +  لو21:5-38
متى,24,58,"خطاب المسيح عن خراب أورشليم وإنقضاء الدهر  مت24 +  مر13 +  لو21:5-38
متى,24,59,"خطاب المسيح عن خراب أورشليم وإنقضاء الدهر  مت24 +  مر13 +  لو21:5-38
متى,24,60,"خطاب المسيح عن خراب أورشليم وإنقضاء الدهر  مت24 +  مر13 +  لو21:5-38
متى,24,61,"خطاب المسيح عن خراب أورشليم وإنقضاء الدهر  مت24 +  مر13 +  لو21:5-38
متى,24,62,"خطاب المسيح عن خراب أورشليم وإنقضاء الدهر  مت24 +  مر13 +  لو21:5-38
متى,24,63,"خطاب المسيح عن خراب أورشليم وإنقضاء الدهر  مت24 +  مر13 +  لو21:5-38
متى,24,64,"خطاب المسيح عن خراب أورشليم وإنقضاء الدهر  مت24 +  مر13 +  لو21:5-38
متى,24,65,"خطاب المسيح عن خراب أورشليم وإنقضاء الدهر  مت24 +  مر13 +  لو21:5-38
متى,24,66,"خطاب المسيح عن خراب أورشليم وإنقضاء الدهر  مت24 +  مر13 +  لو21:5-38
متى,24,67,"خطاب المسيح عن خراب أورشليم وإنقضاء الدهر  مت24 +  مر13 +  لو21:5-38
متى,24,68,"خطاب المسيح عن خراب أورشليم وإنقضاء الدهر  مت24 +  مر13 +  لو21:5-38
متى,24,69,"خطاب المسيح عن خراب أورشليم وإنقضاء الدهر  مت24 +  مر13 +  لو21:5-38
متى,24,70,"خطاب المسيح عن خراب أورشليم وإنقضاء الدهر  مت24 +  مر13 +  لو21:5-38
متى,24,71,"خطاب المسيح عن خراب أورشليم وإنقضاء الدهر  مت24 +  مر13 +  لو21:5-38
متى,24,72,"خطاب المسيح عن خراب أورشليم وإنقضاء الدهر  مت24 +  مر13 +  لو21:5-38
متى,24,73,"خطاب المسيح عن خراب أورشليم وإنقضاء الدهر  مت24 +  مر13 +  لو21:5-38
متى,24,74,"خطاب المسيح عن خراب أورشليم وإنقضاء الدهر  مت24 +  مر13 +  لو21:5-38
متى,24,75,"خطاب المسيح عن خراب أورشليم وإنقضاء الدهر  مت24 +  مر13 +  لو21:5-38
متى,24,76,"خطاب المسيح عن خراب أورشليم وإنقضاء الدهر  مت24 +  مر13 +  لو21:5-38
متى,24,77,"خطاب المسيح عن خراب أورشليم وإنقضاء الدهر  مت24 +  مر13 +  لو21:5-38
متى,24,78,"خطاب المسيح عن خراب أورشليم وإنقضاء الدهر  مت24 +  مر13 +  لو21:5-38
متى,24,79,"خطاب المسيح عن خراب أورشليم وإنقضاء الدهر  مت24 +  مر13 +  لو21:5-38
متى,24,80,"خطاب المسيح عن خراب أورشليم وإنقضاء الدهر  مت24 +  مر13 +  لو21:5-38
متى,24,81,"خطاب المسيح عن خراب أورشليم وإنقضاء الدهر  مت24 +  مر13 +  لو21:5-38
متى,24,82,"خطاب المسيح عن خراب أورشليم وإنقضاء الدهر  مت24 +  مر13 +  لو21:5-38
متى,24,83,"خطاب المسيح عن خراب أورشليم وإنقضاء الدهر  مت24 +  مر13 +  لو21:5-38
متى,24,84,"خطاب المسيح عن خراب أورشليم وإنقضاء الدهر  مت24 +  مر13 +  لو21:5-38
متى,24,85,"خطاب المسيح عن خراب أورشليم وإنقضاء الدهر  مت24 +  مر13 +  لو21:5-38
متى,24,86,"خطاب المسيح عن خراب أورشليم وإنقضاء الدهر  مت24 +  مر13 +  لو21:5-38
متى,24,87,"خطاب المسيح عن خراب أورشليم وإنقضاء الدهر  مت24 +  مر13 +  لو21:5-38
متى,24,88,"خطاب المسيح عن خراب أورشليم وإنقضاء الدهر  مت24 +  مر13 +  لو21:5-38
متى,24,89,"خطاب المسيح عن خراب أورشليم وإنقضاء الدهر  مت24 +  مر13 +  لو21:5-38
متى,24,90,"خطاب المسيح عن خراب أورشليم وإنقضاء الدهر  مت24 +  مر13 +  لو21:5-38
متى,24,91,"خطاب المسيح عن خراب أورشليم وإنقضاء الدهر  مت24 +  مر13 +  لو21:5-38
متى,24,92,"خطاب المسيح عن خراب أورشليم وإنقضاء الدهر  مت24 +  مر13 +  لو21:5-38
متى,24,93,"خطاب المسيح عن خراب أورشليم وإنقضاء الدهر  مت24 +  مر13 +  لو21:5-38
متى,24,94,"خطاب المسيح عن خراب أورشليم وإنقضاء الدهر  مت24 +  مر13 +  لو21:5-38
متى,24,95,"خطاب المسيح عن خراب أورشليم وإنقضاء الدهر  مت24 +  مر13 +  لو21:5-38
متى,24,96,"خطاب المسيح عن خراب أورشليم وإنقضاء الدهر  مت24 +  مر13 +  لو21:5-38
متى,24,97,"خطاب المسيح عن خراب أورشليم وإنقضاء الدهر  مت24 +  مر13 +  لو21:5-38
متى,24,98,"خطاب المسيح عن خراب أورشليم وإنقضاء الدهر  مت24 +  مر13 +  لو21:5-38
متى,24,99,"خطاب المسيح عن خراب أورشليم وإنقضاء الدهر  مت24 +  مر13 +  لو21:5-38
متى,25,1,"(مت25 -  مت26:1\'a1 2)
متى,25,2,"(مت25 -  مت26:1\'a1 2)
متى,25,3,"(مت25 -  مت26:1\'a1 2)
متى,25,4,"(مت25 -  مت26:1\'a1 2)
متى,25,5,"(مت25 -  مت26:1\'a1 2)
متى,25,6,"(مت25 -  مت26:1\'a1 2)
متى,25,7,"(مت25 -  مت26:1\'a1 2)
متى,25,8,"(مت25 -  مت26:1\'a1 2)
متى,25,9,"(مت25 -  مت26:1\'a1 2)
متى,25,10,"(مت25 -  مت26:1\'a1 2)
متى,25,11,"(مت25 -  مت26:1\'a1 2)
متى,25,12,"(مت25 -  مت26:1\'a1 2)
متى,25,13,"(مت25 -  مت26:1\'a1 2)
متى,25,14,"(مت25 -  مت26:1\'a1 2)
متى,25,15,"(مت25 -  مت26:1\'a1 2)
متى,25,16,"(مت25 -  مت26:1\'a1 2)
متى,25,17,"(مت25 -  مت26:1\'a1 2)
متى,25,18,"(مت25 -  مت26:1\'a1 2)
متى,25,19,"(مت25 -  مت26:1\'a1 2)
متى,25,20,"(مت25 -  مت26:1\'a1 2)
متى,25,21,"(مت25 -  مت26:1\'a1 2)
متى,25,22,"(مت25 -  مت26:1\'a1 2)
متى,25,23,"(مت25 -  مت26:1\'a1 2)
متى,25,24,"(مت25 -  مت26:1\'a1 2)
متى,25,25,"(مت25 -  مت26:1\'a1 2)
متى,25,26,"(مت25 -  مت26:1\'a1 2)
متى,25,27,"(مت25 -  مت26:1\'a1 2)
متى,25,28,"(مت25 -  مت26:1\'a1 2)
متى,25,29,"(مت25 -  مت26:1\'a1 2)
متى,25,30,"(مت25 -  مت26:1\'a1 2)
متى,25,31,"(مت25 -  مت26:1\'a1 2)
متى,25,32,"(مت25 -  مت26:1\'a1 2)
متى,25,33,"(مت25 -  مت26:1\'a1 2)
متى,25,34,"(مت25 -  مت26:1\'a1 2)
متى,25,35,"(مت25 -  مت26:1\'a1 2)
متى,25,36,"(مت25 -  مت26:1\'a1 2)
متى,25,37,"(مت25 -  مت26:1\'a1 2)
متى,25,38,"(مت25 -  مت26:1\'a1 2)
متى,25,39,"(مت25 -  مت26:1\'a1 2)
متى,25,40,"(مت25 -  مت26:1\'a1 2)
متى,25,41,"(مت25 -  مت26:1\'a1 2)
متى,25,42,"(مت25 -  مت26:1\'a1 2)
متى,25,43,"(مت25 -  مت26:1\'a1 2)
متى,25,44,"(مت25 -  مت26:1\'a1 2)
متى,25,45,"(مت25 -  مت26:1\'a1 2)
متى,25,46,"(مت25 -  مت26:1\'a1 2)
متى,25,47,"(مت25 -  مت26:1\'a1 2)
متى,25,48,"(مت25 -  مت26:1\'a1 2)
متى,25,49,"(مت25 -  مت26:1\'a1 2)
متى,25,50,"(مت25 -  مت26:1\'a1 2)
متى,25,51,"(مت25 -  مت26:1\'a1 2)
متى,25,52,"(مت25 -  مت26:1\'a1 2)
متى,25,53,"(مت25 -  مت26:1\'a1 2)
متى,25,54,"(مت25 -  مت26:1\'a1 2)
متى,25,55,"(مت25 -  مت26:1\'a1 2)
متى,25,56,"(مت25 -  مت26:1\'a1 2)
متى,25,57,"(مت25 -  مت26:1\'a1 2)
متى,25,58,"(مت25 -  مت26:1\'a1 2)
متى,25,59,"(مت25 -  مت26:1\'a1 2)
متى,25,60,"(مت25 -  مت26:1\'a1 2)
متى,25,61,"(مت25 -  مت26:1\'a1 2)
متى,25,62,"(مت25 -  مت26:1\'a1 2)
متى,25,63,"(مت25 -  مت26:1\'a1 2)
متى,25,64,"(مت25 -  مت26:1\'a1 2)
متى,25,65,"(مت25 -  مت26:1\'a1 2)
متى,25,66,"(مت25 -  مت26:1\'a1 2)
متى,25,67,"(مت25 -  مت26:1\'a1 2)
متى,25,68,"(مت25 -  مت26:1\'a1 2)
متى,25,69,"(مت25 -  مت26:1\'a1 2)
متى,25,70,"(مت25 -  مت26:1\'a1 2)
متى,25,71,"(مت25 -  مت26:1\'a1 2)
متى,25,72,"(مت25 -  مت26:1\'a1 2)
متى,25,73,"(مت25 -  مت26:1\'a1 2)
متى,25,74,"(مت25 -  مت26:1\'a1 2)
متى,25,75,"(مت25 -  مت26:1\'a1 2)
متى,25,76,"(مت25 -  مت26:1\'a1 2)
متى,25,77,"(مت25 -  مت26:1\'a1 2)
متى,25,78,"(مت25 -  مت26:1\'a1 2)
متى,25,79,"(مت25 -  مت26:1\'a1 2)
متى,25,80,"(مت25 -  مت26:1\'a1 2)
متى,25,81,"(مت25 -  مت26:1\'a1 2)
متى,25,82,"(مت25 -  مت26:1\'a1 2)
متى,25,83,"(مت25 -  مت26:1\'a1 2)
متى,25,84,"(مت25 -  مت26:1\'a1 2)
متى,25,85,"(مت25 -  مت26:1\'a1 2)
متى,25,86,"(مت25 -  مت26:1\'a1 2)
متى,25,87,"(مت25 -  مت26:1\'a1 2)
متى,25,88,"(مت25 -  مت26:1\'a1 2)
متى,25,89,"(مت25 -  مت26:1\'a1 2)
متى,25,90,"(مت25 -  مت26:1\'a1 2)
متى,25,91,"(مت25 -  مت26:1\'a1 2)
متى,25,92,"(مت25 -  مت26:1\'a1 2)
متى,25,93,"(مت25 -  مت26:1\'a1 2)
متى,25,94,"(مت25 -  مت26:1\'a1 2)
متى,25,95,"(مت25 -  مت26:1\'a1 2)
متى,25,96,"(مت25 -  مت26:1\'a1 2)
متى,25,97,"(مت25 -  مت26:1\'a1 2)
متى,25,98,"(مت25 -  مت26:1\'a1 2)
متى,25,99,"(مت25 -  مت26:1\'a1 2)
متى,26,6,"مريم تدهن يسوع بالطيب في بيت عنيا
متى,26,7,"مريم تدهن يسوع بالطيب في بيت عنيا
متى,26,8,"مريم تدهن يسوع بالطيب في بيت عنيا
متى,26,9,"مريم تدهن يسوع بالطيب في بيت عنيا
متى,26,10,"مريم تدهن يسوع بالطيب في بيت عنيا
متى,26,11,"مريم تدهن يسوع بالطيب في بيت عنيا
متى,26,12,"مريم تدهن يسوع بالطيب في بيت عنيا
متى,26,13,"مريم تدهن يسوع بالطيب في بيت عنيا
متى,26,14,"مريم تدهن يسوع بالطيب في بيت عنيا
متى,26,15,"مريم تدهن يسوع بالطيب في بيت عنيا
متى,26,16,"مريم تدهن يسوع بالطيب في بيت عنيا
متى,26,17,"مريم تدهن يسوع بالطيب في بيت عنيا
متى,26,18,"مريم تدهن يسوع بالطيب في بيت عنيا
متى,26,19,"مريم تدهن يسوع بالطيب في بيت عنيا
متى,26,20,"مريم تدهن يسوع بالطيب في بيت عنيا
متى,26,21,"مريم تدهن يسوع بالطيب في بيت عنيا
متى,26,22,"مريم تدهن يسوع بالطيب في بيت عنيا
متى,26,23,"مريم تدهن يسوع بالطيب في بيت عنيا
متى,26,24,"مريم تدهن يسوع بالطيب في بيت عنيا
متى,26,25,"مريم تدهن يسوع بالطيب في بيت عنيا
متى,26,26,"مريم تدهن يسوع بالطيب في بيت عنيا
متى,26,27,"مريم تدهن يسوع بالطيب في بيت عنيا
متى,26,28,"مريم تدهن يسوع بالطيب في بيت عنيا
متى,26,29,"مريم تدهن يسوع بالطيب في بيت عنيا
متى,26,30,"مريم تدهن يسوع بالطيب في بيت عنيا
متى,26,31,"مريم تدهن يسوع بالطيب في بيت عنيا
متى,26,32,"مريم تدهن يسوع بالطيب في بيت عنيا
متى,26,33,"مريم تدهن يسوع بالطيب في بيت عنيا
متى,26,34,"مريم تدهن يسوع بالطيب في بيت عنيا
متى,26,35,"مريم تدهن يسوع بالطيب في بيت عنيا
متى,26,36,"مريم تدهن يسوع بالطيب في بيت عنيا
متى,26,37,"مريم تدهن يسوع بالطيب في بيت عنيا
متى,26,38,"مريم تدهن يسوع بالطيب في بيت عنيا
متى,26,39,"مريم تدهن يسوع بالطيب في بيت عنيا
متى,26,40,"مريم تدهن يسوع بالطيب في بيت عنيا
متى,26,41,"مريم تدهن يسوع بالطيب في بيت عنيا
متى,26,42,"مريم تدهن يسوع بالطيب في بيت عنيا
متى,26,43,"مريم تدهن يسوع بالطيب في بيت عنيا
متى,26,44,"مريم تدهن يسوع بالطيب في بيت عنيا
متى,26,45,"مريم تدهن يسوع بالطيب في بيت عنيا
متى,26,46,"مريم تدهن يسوع بالطيب في بيت عنيا
متى,26,47,"مريم تدهن يسوع بالطيب في بيت عنيا
متى,26,48,"مريم تدهن يسوع بالطيب في بيت عنيا
متى,26,49,"مريم تدهن يسوع بالطيب في بيت عنيا
متى,26,50,"مريم تدهن يسوع بالطيب في بيت عنيا
متى,26,51,"مريم تدهن يسوع بالطيب في بيت عنيا
متى,26,52,"مريم تدهن يسوع بالطيب في بيت عنيا
متى,26,53,"مريم تدهن يسوع بالطيب في بيت عنيا
متى,26,54,"مريم تدهن يسوع بالطيب في بيت عنيا
متى,26,55,"مريم تدهن يسوع بالطيب في بيت عنيا
متى,26,56,"مريم تدهن يسوع بالطيب في بيت عنيا
متى,26,57,"مريم تدهن يسوع بالطيب في بيت عنيا
متى,26,58,"مريم تدهن يسوع بالطيب في بيت عنيا
متى,26,59,"مريم تدهن يسوع بالطيب في بيت عنيا
متى,26,60,"مريم تدهن يسوع بالطيب في بيت عنيا
متى,26,61,"مريم تدهن يسوع بالطيب في بيت عنيا
متى,26,62,"مريم تدهن يسوع بالطيب في بيت عنيا
متى,26,63,"مريم تدهن يسوع بالطيب في بيت عنيا
متى,26,64,"مريم تدهن يسوع بالطيب في بيت عنيا
متى,26,65,"مريم تدهن يسوع بالطيب في بيت عنيا
متى,26,66,"مريم تدهن يسوع بالطيب في بيت عنيا
متى,26,67,"مريم تدهن يسوع بالطيب في بيت عنيا
متى,26,68,"مريم تدهن يسوع بالطيب في بيت عنيا
متى,26,69,"مريم تدهن يسوع بالطيب في بيت عنيا
متى,26,70,"مريم تدهن يسوع بالطيب في بيت عنيا
متى,26,71,"مريم تدهن يسوع بالطيب في بيت عنيا
متى,26,72,"مريم تدهن يسوع بالطيب في بيت عنيا
متى,26,73,"مريم تدهن يسوع بالطيب في بيت عنيا
متى,26,74,"مريم تدهن يسوع بالطيب في بيت عنيا
متى,26,75,"مريم تدهن يسوع بالطيب في بيت عنيا
متى,26,76,"مريم تدهن يسوع بالطيب في بيت عنيا
متى,26,77,"مريم تدهن يسوع بالطيب في بيت عنيا
متى,26,78,"مريم تدهن يسوع بالطيب في بيت عنيا
متى,26,79,"مريم تدهن يسوع بالطيب في بيت عنيا
متى,26,80,"مريم تدهن يسوع بالطيب في بيت عنيا
متى,26,81,"مريم تدهن يسوع بالطيب في بيت عنيا
متى,26,82,"مريم تدهن يسوع بالطيب في بيت عنيا
متى,26,83,"مريم تدهن يسوع بالطيب في بيت عنيا
متى,26,84,"مريم تدهن يسوع بالطيب في بيت عنيا
متى,26,85,"مريم تدهن يسوع بالطيب في بيت عنيا
متى,26,86,"مريم تدهن يسوع بالطيب في بيت عنيا
متى,26,87,"مريم تدهن يسوع بالطيب في بيت عنيا
متى,26,88,"مريم تدهن يسوع بالطيب في بيت عنيا
متى,26,89,"مريم تدهن يسوع بالطيب في بيت عنيا
متى,26,90,"مريم تدهن يسوع بالطيب في بيت عنيا
متى,26,91,"مريم تدهن يسوع بالطيب في بيت عنيا
متى,26,92,"مريم تدهن يسوع بالطيب في بيت عنيا
متى,26,93,"مريم تدهن يسوع بالطيب في بيت عنيا
متى,26,94,"مريم تدهن يسوع بالطيب في بيت عنيا
متى,26,95,"مريم تدهن يسوع بالطيب في بيت عنيا
متى,26,96,"مريم تدهن يسوع بالطيب في بيت عنيا
متى,26,97,"مريم تدهن يسوع بالطيب في بيت عنيا
متى,26,98,"مريم تدهن يسوع بالطيب في بيت عنيا
متى,26,99,"مريم تدهن يسوع بالطيب في بيت عنيا
متى,26,1,"( مت 26: 1\'a1 2  ): ""ولما اكمل يسوع هذه الأقوال كلها قال لتلاميذه. تعلمون انه بعد يومين يكون الفصح وابن الإنسان يسلم ليصلب.""
متى,26,2,"( مت 26: 1\'a1 2  ): ""ولما اكمل يسوع هذه الأقوال كلها قال لتلاميذه. تعلمون انه بعد يومين يكون الفصح وابن الإنسان يسلم ليصلب.""
متى,26,3,"( مت 26: 1\'a1 2  ): ""ولما اكمل يسوع هذه الأقوال كلها قال لتلاميذه. تعلمون انه بعد يومين يكون الفصح وابن الإنسان يسلم ليصلب.""
متى,26,4,"( مت 26: 1\'a1 2  ): ""ولما اكمل يسوع هذه الأقوال كلها قال لتلاميذه. تعلمون انه بعد يومين يكون الفصح وابن الإنسان يسلم ليصلب.""
متى,26,5,"( مت 26: 1\'a1 2  ): ""ولما اكمل يسوع هذه الأقوال كلها قال لتلاميذه. تعلمون انه بعد يومين يكون الفصح وابن الإنسان يسلم ليصلب.""
متى,26,6,"( مت 26: 1\'a1 2  ): ""ولما اكمل يسوع هذه الأقوال كلها قال لتلاميذه. تعلمون انه بعد يومين يكون الفصح وابن الإنسان يسلم ليصلب.""
متى,26,7,"( مت 26: 1\'a1 2  ): ""ولما اكمل يسوع هذه الأقوال كلها قال لتلاميذه. تعلمون انه بعد يومين يكون الفصح وابن الإنسان يسلم ليصلب.""
متى,26,8,"( مت 26: 1\'a1 2  ): ""ولما اكمل يسوع هذه الأقوال كلها قال لتلاميذه. تعلمون انه بعد يومين يكون الفصح وابن الإنسان يسلم ليصلب.""
متى,26,9,"( مت 26: 1\'a1 2  ): ""ولما اكمل يسوع هذه الأقوال كلها قال لتلاميذه. تعلمون انه بعد يومين يكون الفصح وابن الإنسان يسلم ليصلب.""
متى,26,10,"( مت 26: 1\'a1 2  ): ""ولما اكمل يسوع هذه الأقوال كلها قال لتلاميذه. تعلمون انه بعد يومين يكون الفصح وابن الإنسان يسلم ليصلب.""
متى,26,11,"( مت 26: 1\'a1 2  ): ""ولما اكمل يسوع هذه الأقوال كلها قال لتلاميذه. تعلمون انه بعد يومين يكون الفصح وابن الإنسان يسلم ليصلب.""
متى,26,12,"( مت 26: 1\'a1 2  ): ""ولما اكمل يسوع هذه الأقوال كلها قال لتلاميذه. تعلمون انه بعد يومين يكون الفصح وابن الإنسان يسلم ليصلب.""
متى,26,13,"( مت 26: 1\'a1 2  ): ""ولما اكمل يسوع هذه الأقوال كلها قال لتلاميذه. تعلمون انه بعد يومين يكون الفصح وابن الإنسان يسلم ليصلب.""
متى,26,14,"( مت 26: 1\'a1 2  ): ""ولما اكمل يسوع هذه الأقوال كلها قال لتلاميذه. تعلمون انه بعد يومين يكون الفصح وابن الإنسان يسلم ليصلب.""
متى,26,15,"( مت 26: 1\'a1 2  ): ""ولما اكمل يسوع هذه الأقوال كلها قال لتلاميذه. تعلمون انه بعد يومين يكون الفصح وابن الإنسان يسلم ليصلب.""
متى,26,16,"( مت 26: 1\'a1 2  ): ""ولما اكمل يسوع هذه الأقوال كلها قال لتلاميذه. تعلمون انه بعد يومين يكون الفصح وابن الإنسان يسلم ليصلب.""
متى,26,17,"( مت 26: 1\'a1 2  ): ""ولما اكمل يسوع هذه الأقوال كلها قال لتلاميذه. تعلمون انه بعد يومين يكون الفصح وابن الإنسان يسلم ليصلب.""
متى,26,18,"( مت 26: 1\'a1 2  ): ""ولما اكمل يسوع هذه الأقوال كلها قال لتلاميذه. تعلمون انه بعد يومين يكون الفصح وابن الإنسان يسلم ليصلب.""
متى,26,19,"( مت 26: 1\'a1 2  ): ""ولما اكمل يسوع هذه الأقوال كلها قال لتلاميذه. تعلمون انه بعد يومين يكون الفصح وابن الإنسان يسلم ليصلب.""
متى,26,20,"( مت 26: 1\'a1 2  ): ""ولما اكمل يسوع هذه الأقوال كلها قال لتلاميذه. تعلمون انه بعد يومين يكون الفصح وابن الإنسان يسلم ليصلب.""
متى,26,21,"( مت 26: 1\'a1 2  ): ""ولما اكمل يسوع هذه الأقوال كلها قال لتلاميذه. تعلمون انه بعد يومين يكون الفصح وابن الإنسان يسلم ليصلب.""
متى,26,22,"( مت 26: 1\'a1 2  ): ""ولما اكمل يسوع هذه الأقوال كلها قال لتلاميذه. تعلمون انه بعد يومين يكون الفصح وابن الإنسان يسلم ليصلب.""
متى,26,23,"( مت 26: 1\'a1 2  ): ""ولما اكمل يسوع هذه الأقوال كلها قال لتلاميذه. تعلمون انه بعد يومين يكون الفصح وابن الإنسان يسلم ليصلب.""
متى,26,24,"( مت 26: 1\'a1 2  ): ""ولما اكمل يسوع هذه الأقوال كلها قال لتلاميذه. تعلمون انه بعد يومين يكون الفصح وابن الإنسان يسلم ليصلب.""
متى,26,25,"( مت 26: 1\'a1 2  ): ""ولما اكمل يسوع هذه الأقوال كلها قال لتلاميذه. تعلمون انه بعد يومين يكون الفصح وابن الإنسان يسلم ليصلب.""
متى,26,26,"( مت 26: 1\'a1 2  ): ""ولما اكمل يسوع هذه الأقوال كلها قال لتلاميذه. تعلمون انه بعد يومين يكون الفصح وابن الإنسان يسلم ليصلب.""
متى,26,27,"( مت 26: 1\'a1 2  ): ""ولما اكمل يسوع هذه الأقوال كلها قال لتلاميذه. تعلمون انه بعد يومين يكون الفصح وابن الإنسان يسلم ليصلب.""
متى,26,28,"( مت 26: 1\'a1 2  ): ""ولما اكمل يسوع هذه الأقوال كلها قال لتلاميذه. تعلمون انه بعد يومين يكون الفصح وابن الإنسان يسلم ليصلب.""
متى,26,29,"( مت 26: 1\'a1 2  ): ""ولما اكمل يسوع هذه الأقوال كلها قال لتلاميذه. تعلمون انه بعد يومين يكون الفصح وابن الإنسان يسلم ليصلب.""
متى,26,30,"( مت 26: 1\'a1 2  ): ""ولما اكمل يسوع هذه الأقوال كلها قال لتلاميذه. تعلمون انه بعد يومين يكون الفصح وابن الإنسان يسلم ليصلب.""
متى,26,31,"( مت 26: 1\'a1 2  ): ""ولما اكمل يسوع هذه الأقوال كلها قال لتلاميذه. تعلمون انه بعد يومين يكون الفصح وابن الإنسان يسلم ليصلب.""
متى,26,32,"( مت 26: 1\'a1 2  ): ""ولما اكمل يسوع هذه الأقوال كلها قال لتلاميذه. تعلمون انه بعد يومين يكون الفصح وابن الإنسان يسلم ليصلب.""
متى,26,33,"( مت 26: 1\'a1 2  ): ""ولما اكمل يسوع هذه الأقوال كلها قال لتلاميذه. تعلمون انه بعد يومين يكون الفصح وابن الإنسان يسلم ليصلب.""
متى,26,34,"( مت 26: 1\'a1 2  ): ""ولما اكمل يسوع هذه الأقوال كلها قال لتلاميذه. تعلمون انه بعد يومين يكون الفصح وابن الإنسان يسلم ليصلب.""
متى,26,35,"( مت 26: 1\'a1 2  ): ""ولما اكمل يسوع هذه الأقوال كلها قال لتلاميذه. تعلمون انه بعد يومين يكون الفصح وابن الإنسان يسلم ليصلب.""
متى,26,36,"( مت 26: 1\'a1 2  ): ""ولما اكمل يسوع هذه الأقوال كلها قال لتلاميذه. تعلمون انه بعد يومين يكون الفصح وابن الإنسان يسلم ليصلب.""
متى,26,37,"( مت 26: 1\'a1 2  ): ""ولما اكمل يسوع هذه الأقوال كلها قال لتلاميذه. تعلمون انه بعد يومين يكون الفصح وابن الإنسان يسلم ليصلب.""
متى,26,38,"( مت 26: 1\'a1 2  ): ""ولما اكمل يسوع هذه الأقوال كلها قال لتلاميذه. تعلمون انه بعد يومين يكون الفصح وابن الإنسان يسلم ليصلب.""
متى,26,39,"( مت 26: 1\'a1 2  ): ""ولما اكمل يسوع هذه الأقوال كلها قال لتلاميذه. تعلمون انه بعد يومين يكون الفصح وابن الإنسان يسلم ليصلب.""
متى,26,40,"( مت 26: 1\'a1 2  ): ""ولما اكمل يسوع هذه الأقوال كلها قال لتلاميذه. تعلمون انه بعد يومين يكون الفصح وابن الإنسان يسلم ليصلب.""
متى,26,41,"( مت 26: 1\'a1 2  ): ""ولما اكمل يسوع هذه الأقوال كلها قال لتلاميذه. تعلمون انه بعد يومين يكون الفصح وابن الإنسان يسلم ليصلب.""
متى,26,42,"( مت 26: 1\'a1 2  ): ""ولما اكمل يسوع هذه الأقوال كلها قال لتلاميذه. تعلمون انه بعد يومين يكون الفصح وابن الإنسان يسلم ليصلب.""
متى,26,43,"( مت 26: 1\'a1 2  ): ""ولما اكمل يسوع هذه الأقوال كلها قال لتلاميذه. تعلمون انه بعد يومين يكون الفصح وابن الإنسان يسلم ليصلب.""
متى,26,44,"( مت 26: 1\'a1 2  ): ""ولما اكمل يسوع هذه الأقوال كلها قال لتلاميذه. تعلمون انه بعد يومين يكون الفصح وابن الإنسان يسلم ليصلب.""
متى,26,45,"( مت 26: 1\'a1 2  ): ""ولما اكمل يسوع هذه الأقوال كلها قال لتلاميذه. تعلمون انه بعد يومين يكون الفصح وابن الإنسان يسلم ليصلب.""
متى,26,46,"( مت 26: 1\'a1 2  ): ""ولما اكمل يسوع هذه الأقوال كلها قال لتلاميذه. تعلمون انه بعد يومين يكون الفصح وابن الإنسان يسلم ليصلب.""
متى,26,47,"( مت 26: 1\'a1 2  ): ""ولما اكمل يسوع هذه الأقوال كلها قال لتلاميذه. تعلمون انه بعد يومين يكون الفصح وابن الإنسان يسلم ليصلب.""
متى,26,48,"( مت 26: 1\'a1 2  ): ""ولما اكمل يسوع هذه الأقوال كلها قال لتلاميذه. تعلمون انه بعد يومين يكون الفصح وابن الإنسان يسلم ليصلب.""
متى,26,49,"( مت 26: 1\'a1 2  ): ""ولما اكمل يسوع هذه الأقوال كلها قال لتلاميذه. تعلمون انه بعد يومين يكون الفصح وابن الإنسان يسلم ليصلب.""
متى,26,50,"( مت 26: 1\'a1 2  ): ""ولما اكمل يسوع هذه الأقوال كلها قال لتلاميذه. تعلمون انه بعد يومين يكون الفصح وابن الإنسان يسلم ليصلب.""
متى,26,51,"( مت 26: 1\'a1 2  ): ""ولما اكمل يسوع هذه الأقوال كلها قال لتلاميذه. تعلمون انه بعد يومين يكون الفصح وابن الإنسان يسلم ليصلب.""
متى,26,52,"( مت 26: 1\'a1 2  ): ""ولما اكمل يسوع هذه الأقوال كلها قال لتلاميذه. تعلمون انه بعد يومين يكون الفصح وابن الإنسان يسلم ليصلب.""
متى,26,53,"( مت 26: 1\'a1 2  ): ""ولما اكمل يسوع هذه الأقوال كلها قال لتلاميذه. تعلمون انه بعد يومين يكون الفصح وابن الإنسان يسلم ليصلب.""
متى,26,54,"( مت 26: 1\'a1 2  ): ""ولما اكمل يسوع هذه الأقوال كلها قال لتلاميذه. تعلمون انه بعد يومين يكون الفصح وابن الإنسان يسلم ليصلب.""
متى,26,55,"( مت 26: 1\'a1 2  ): ""ولما اكمل يسوع هذه الأقوال كلها قال لتلاميذه. تعلمون انه بعد يومين يكون الفصح وابن الإنسان يسلم ليصلب.""
متى,26,56,"( مت 26: 1\'a1 2  ): ""ولما اكمل يسوع هذه الأقوال كلها قال لتلاميذه. تعلمون انه بعد يومين يكون الفصح وابن الإنسان يسلم ليصلب.""
متى,26,57,"( مت 26: 1\'a1 2  ): ""ولما اكمل يسوع هذه الأقوال كلها قال لتلاميذه. تعلمون انه بعد يومين يكون الفصح وابن الإنسان يسلم ليصلب.""
متى,26,58,"( مت 26: 1\'a1 2  ): ""ولما اكمل يسوع هذه الأقوال كلها قال لتلاميذه. تعلمون انه بعد يومين يكون الفصح وابن الإنسان يسلم ليصلب.""
متى,26,59,"( مت 26: 1\'a1 2  ): ""ولما اكمل يسوع هذه الأقوال كلها قال لتلاميذه. تعلمون انه بعد يومين يكون الفصح وابن الإنسان يسلم ليصلب.""
متى,26,60,"( مت 26: 1\'a1 2  ): ""ولما اكمل يسوع هذه الأقوال كلها قال لتلاميذه. تعلمون انه بعد يومين يكون الفصح وابن الإنسان يسلم ليصلب.""
متى,26,61,"( مت 26: 1\'a1 2  ): ""ولما اكمل يسوع هذه الأقوال كلها قال لتلاميذه. تعلمون انه بعد يومين يكون الفصح وابن الإنسان يسلم ليصلب.""
متى,26,62,"( مت 26: 1\'a1 2  ): ""ولما اكمل يسوع هذه الأقوال كلها قال لتلاميذه. تعلمون انه بعد يومين يكون الفصح وابن الإنسان يسلم ليصلب.""
متى,26,63,"( مت 26: 1\'a1 2  ): ""ولما اكمل يسوع هذه الأقوال كلها قال لتلاميذه. تعلمون انه بعد يومين يكون الفصح وابن الإنسان يسلم ليصلب.""
متى,26,64,"( مت 26: 1\'a1 2  ): ""ولما اكمل يسوع هذه الأقوال كلها قال لتلاميذه. تعلمون انه بعد يومين يكون الفصح وابن الإنسان يسلم ليصلب.""
متى,26,65,"( مت 26: 1\'a1 2  ): ""ولما اكمل يسوع هذه الأقوال كلها قال لتلاميذه. تعلمون انه بعد يومين يكون الفصح وابن الإنسان يسلم ليصلب.""
متى,26,66,"( مت 26: 1\'a1 2  ): ""ولما اكمل يسوع هذه الأقوال كلها قال لتلاميذه. تعلمون انه بعد يومين يكون الفصح وابن الإنسان يسلم ليصلب.""
متى,26,67,"( مت 26: 1\'a1 2  ): ""ولما اكمل يسوع هذه الأقوال كلها قال لتلاميذه. تعلمون انه بعد يومين يكون الفصح وابن الإنسان يسلم ليصلب.""
متى,26,68,"( مت 26: 1\'a1 2  ): ""ولما اكمل يسوع هذه الأقوال كلها قال لتلاميذه. تعلمون انه بعد يومين يكون الفصح وابن الإنسان يسلم ليصلب.""
متى,26,69,"( مت 26: 1\'a1 2  ): ""ولما اكمل يسوع هذه الأقوال كلها قال لتلاميذه. تعلمون انه بعد يومين يكون الفصح وابن الإنسان يسلم ليصلب.""
متى,26,70,"( مت 26: 1\'a1 2  ): ""ولما اكمل يسوع هذه الأقوال كلها قال لتلاميذه. تعلمون انه بعد يومين يكون الفصح وابن الإنسان يسلم ليصلب.""
متى,26,71,"( مت 26: 1\'a1 2  ): ""ولما اكمل يسوع هذه الأقوال كلها قال لتلاميذه. تعلمون انه بعد يومين يكون الفصح وابن الإنسان يسلم ليصلب.""
متى,26,72,"( مت 26: 1\'a1 2  ): ""ولما اكمل يسوع هذه الأقوال كلها قال لتلاميذه. تعلمون انه بعد يومين يكون الفصح وابن الإنسان يسلم ليصلب.""
متى,26,73,"( مت 26: 1\'a1 2  ): ""ولما اكمل يسوع هذه الأقوال كلها قال لتلاميذه. تعلمون انه بعد يومين يكون الفصح وابن الإنسان يسلم ليصلب.""
متى,26,74,"( مت 26: 1\'a1 2  ): ""ولما اكمل يسوع هذه الأقوال كلها قال لتلاميذه. تعلمون انه بعد يومين يكون الفصح وابن الإنسان يسلم ليصلب.""
متى,26,75,"( مت 26: 1\'a1 2  ): ""ولما اكمل يسوع هذه الأقوال كلها قال لتلاميذه. تعلمون انه بعد يومين يكون الفصح وابن الإنسان يسلم ليصلب.""
متى,26,76,"( مت 26: 1\'a1 2  ): ""ولما اكمل يسوع هذه الأقوال كلها قال لتلاميذه. تعلمون انه بعد يومين يكون الفصح وابن الإنسان يسلم ليصلب.""
متى,26,77,"( مت 26: 1\'a1 2  ): ""ولما اكمل يسوع هذه الأقوال كلها قال لتلاميذه. تعلمون انه بعد يومين يكون الفصح وابن الإنسان يسلم ليصلب.""
متى,26,78,"( مت 26: 1\'a1 2  ): ""ولما اكمل يسوع هذه الأقوال كلها قال لتلاميذه. تعلمون انه بعد يومين يكون الفصح وابن الإنسان يسلم ليصلب.""
متى,26,79,"( مت 26: 1\'a1 2  ): ""ولما اكمل يسوع هذه الأقوال كلها قال لتلاميذه. تعلمون انه بعد يومين يكون الفصح وابن الإنسان يسلم ليصلب.""
متى,26,80,"( مت 26: 1\'a1 2  ): ""ولما اكمل يسوع هذه الأقوال كلها قال لتلاميذه. تعلمون انه بعد يومين يكون الفصح وابن الإنسان يسلم ليصلب.""
متى,26,81,"( مت 26: 1\'a1 2  ): ""ولما اكمل يسوع هذه الأقوال كلها قال لتلاميذه. تعلمون انه بعد يومين يكون الفصح وابن الإنسان يسلم ليصلب.""
متى,26,82,"( مت 26: 1\'a1 2  ): ""ولما اكمل يسوع هذه الأقوال كلها قال لتلاميذه. تعلمون انه بعد يومين يكون الفصح وابن الإنسان يسلم ليصلب.""
متى,26,83,"( مت 26: 1\'a1 2  ): ""ولما اكمل يسوع هذه الأقوال كلها قال لتلاميذه. تعلمون انه بعد يومين يكون الفصح وابن الإنسان يسلم ليصلب.""
متى,26,84,"( مت 26: 1\'a1 2  ): ""ولما اكمل يسوع هذه الأقوال كلها قال لتلاميذه. تعلمون انه بعد يومين يكون الفصح وابن الإنسان يسلم ليصلب.""
متى,26,85,"( مت 26: 1\'a1 2  ): ""ولما اكمل يسوع هذه الأقوال كلها قال لتلاميذه. تعلمون انه بعد يومين يكون الفصح وابن الإنسان يسلم ليصلب.""
متى,26,86,"( مت 26: 1\'a1 2  ): ""ولما اكمل يسوع هذه الأقوال كلها قال لتلاميذه. تعلمون انه بعد يومين يكون الفصح وابن الإنسان يسلم ليصلب.""
متى,26,87,"( مت 26: 1\'a1 2  ): ""ولما اكمل يسوع هذه الأقوال كلها قال لتلاميذه. تعلمون انه بعد يومين يكون الفصح وابن الإنسان يسلم ليصلب.""
متى,26,88,"( مت 26: 1\'a1 2  ): ""ولما اكمل يسوع هذه الأقوال كلها قال لتلاميذه. تعلمون انه بعد يومين يكون الفصح وابن الإنسان يسلم ليصلب.""
متى,26,89,"( مت 26: 1\'a1 2  ): ""ولما اكمل يسوع هذه الأقوال كلها قال لتلاميذه. تعلمون انه بعد يومين يكون الفصح وابن الإنسان يسلم ليصلب.""
متى,26,90,"( مت 26: 1\'a1 2  ): ""ولما اكمل يسوع هذه الأقوال كلها قال لتلاميذه. تعلمون انه بعد يومين يكون الفصح وابن الإنسان يسلم ليصلب.""
متى,26,91,"( مت 26: 1\'a1 2  ): ""ولما اكمل يسوع هذه الأقوال كلها قال لتلاميذه. تعلمون انه بعد يومين يكون الفصح وابن الإنسان يسلم ليصلب.""
متى,26,92,"( مت 26: 1\'a1 2  ): ""ولما اكمل يسوع هذه الأقوال كلها قال لتلاميذه. تعلمون انه بعد يومين يكون الفصح وابن الإنسان يسلم ليصلب.""
متى,26,93,"( مت 26: 1\'a1 2  ): ""ولما اكمل يسوع هذه الأقوال كلها قال لتلاميذه. تعلمون انه بعد يومين يكون الفصح وابن الإنسان يسلم ليصلب.""
متى,26,94,"( مت 26: 1\'a1 2  ): ""ولما اكمل يسوع هذه الأقوال كلها قال لتلاميذه. تعلمون انه بعد يومين يكون الفصح وابن الإنسان يسلم ليصلب.""
متى,26,95,"( مت 26: 1\'a1 2  ): ""ولما اكمل يسوع هذه الأقوال كلها قال لتلاميذه. تعلمون انه بعد يومين يكون الفصح وابن الإنسان يسلم ليصلب.""
متى,26,96,"( مت 26: 1\'a1 2  ): ""ولما اكمل يسوع هذه الأقوال كلها قال لتلاميذه. تعلمون انه بعد يومين يكون الفصح وابن الإنسان يسلم ليصلب.""
متى,26,97,"( مت 26: 1\'a1 2  ): ""ولما اكمل يسوع هذه الأقوال كلها قال لتلاميذه. تعلمون انه بعد يومين يكون الفصح وابن الإنسان يسلم ليصلب.""
متى,26,98,"( مت 26: 1\'a1 2  ): ""ولما اكمل يسوع هذه الأقوال كلها قال لتلاميذه. تعلمون انه بعد يومين يكون الفصح وابن الإنسان يسلم ليصلب.""
متى,26,99,"( مت 26: 1\'a1 2  ): ""ولما اكمل يسوع هذه الأقوال كلها قال لتلاميذه. تعلمون انه بعد يومين يكون الفصح وابن الإنسان يسلم ليصلب.""
متى,27,1,"(الآيات 27:1-1 0)  يأس يهوذا وإنتحاره
متى,27,2,"(الآيات 27:1-1 0)  يأس يهوذا وإنتحاره
متى,27,3,"(الآيات 27:1-1 0)  يأس يهوذا وإنتحاره
متى,27,4,"(الآيات 27:1-1 0)  يأس يهوذا وإنتحاره
متى,27,5,"(الآيات 27:1-1 0)  يأس يهوذا وإنتحاره
متى,27,6,"(الآيات 27:1-1 0)  يأس يهوذا وإنتحاره
متى,27,7,"(الآيات 27:1-1 0)  يأس يهوذا وإنتحاره
متى,27,8,"(الآيات 27:1-1 0)  يأس يهوذا وإنتحاره
متى,27,9,"(الآيات 27:1-1 0)  يأس يهوذا وإنتحاره
متى,27,10,"(الآيات 27:1-1 0)  يأس يهوذا وإنتحاره
متى,27,11,"(الآيات 27:1-1 0)  يأس يهوذا وإنتحاره
متى,27,12,"(الآيات 27:1-1 0)  يأس يهوذا وإنتحاره
متى,27,13,"(الآيات 27:1-1 0)  يأس يهوذا وإنتحاره
متى,27,14,"(الآيات 27:1-1 0)  يأس يهوذا وإنتحاره
متى,27,15,"(الآيات 27:1-1 0)  يأس يهوذا وإنتحاره
متى,27,16,"(الآيات 27:1-1 0)  يأس يهوذا وإنتحاره
متى,27,17,"(الآيات 27:1-1 0)  يأس يهوذا وإنتحاره
متى,27,18,"(الآيات 27:1-1 0)  يأس يهوذا وإنتحاره
متى,27,19,"(الآيات 27:1-1 0)  يأس يهوذا وإنتحاره
متى,27,20,"(الآيات 27:1-1 0)  يأس يهوذا وإنتحاره
متى,27,21,"(الآيات 27:1-1 0)  يأس يهوذا وإنتحاره
متى,27,22,"(الآيات 27:1-1 0)  يأس يهوذا وإنتحاره
متى,27,23,"(الآيات 27:1-1 0)  يأس يهوذا وإنتحاره
متى,27,24,"(الآيات 27:1-1 0)  يأس يهوذا وإنتحاره
متى,27,25,"(الآيات 27:1-1 0)  يأس يهوذا وإنتحاره
متى,27,26,"(الآيات 27:1-1 0)  يأس يهوذا وإنتحاره
متى,27,27,"(الآيات 27:1-1 0)  يأس يهوذا وإنتحاره
متى,27,28,"(الآيات 27:1-1 0)  يأس يهوذا وإنتحاره
متى,27,29,"(الآيات 27:1-1 0)  يأس يهوذا وإنتحاره
متى,27,30,"(الآيات 27:1-1 0)  يأس يهوذا وإنتحاره
متى,27,31,"(الآيات 27:1-1 0)  يأس يهوذا وإنتحاره
متى,27,32,"(الآيات 27:1-1 0)  يأس يهوذا وإنتحاره
متى,27,33,"(الآيات 27:1-1 0)  يأس يهوذا وإنتحاره
متى,27,34,"(الآيات 27:1-1 0)  يأس يهوذا وإنتحاره
متى,27,35,"(الآيات 27:1-1 0)  يأس يهوذا وإنتحاره
متى,27,36,"(الآيات 27:1-1 0)  يأس يهوذا وإنتحاره
متى,27,37,"(الآيات 27:1-1 0)  يأس يهوذا وإنتحاره
متى,27,38,"(الآيات 27:1-1 0)  يأس يهوذا وإنتحاره
متى,27,39,"(الآيات 27:1-1 0)  يأس يهوذا وإنتحاره
متى,27,40,"(الآيات 27:1-1 0)  يأس يهوذا وإنتحاره
متى,27,41,"(الآيات 27:1-1 0)  يأس يهوذا وإنتحاره
متى,27,42,"(الآيات 27:1-1 0)  يأس يهوذا وإنتحاره
متى,27,43,"(الآيات 27:1-1 0)  يأس يهوذا وإنتحاره
متى,27,44,"(الآيات 27:1-1 0)  يأس يهوذا وإنتحاره
متى,27,45,"(الآيات 27:1-1 0)  يأس يهوذا وإنتحاره
متى,27,46,"(الآيات 27:1-1 0)  يأس يهوذا وإنتحاره
متى,27,47,"(الآيات 27:1-1 0)  يأس يهوذا وإنتحاره
متى,27,48,"(الآيات 27:1-1 0)  يأس يهوذا وإنتحاره
متى,27,49,"(الآيات 27:1-1 0)  يأس يهوذا وإنتحاره
متى,27,50,"(الآيات 27:1-1 0)  يأس يهوذا وإنتحاره
متى,27,51,"(الآيات 27:1-1 0)  يأس يهوذا وإنتحاره
متى,27,52,"(الآيات 27:1-1 0)  يأس يهوذا وإنتحاره
متى,27,53,"(الآيات 27:1-1 0)  يأس يهوذا وإنتحاره
متى,27,54,"(الآيات 27:1-1 0)  يأس يهوذا وإنتحاره
متى,27,55,"(الآيات 27:1-1 0)  يأس يهوذا وإنتحاره
متى,27,56,"(الآيات 27:1-1 0)  يأس يهوذا وإنتحاره
متى,27,57,"(الآيات 27:1-1 0)  يأس يهوذا وإنتحاره
متى,27,58,"(الآيات 27:1-1 0)  يأس يهوذا وإنتحاره
متى,27,59,"(الآيات 27:1-1 0)  يأس يهوذا وإنتحاره
متى,27,60,"(الآيات 27:1-1 0)  يأس يهوذا وإنتحاره
متى,27,61,"(الآيات 27:1-1 0)  يأس يهوذا وإنتحاره
متى,27,62,"(الآيات 27:1-1 0)  يأس يهوذا وإنتحاره
متى,27,63,"(الآيات 27:1-1 0)  يأس يهوذا وإنتحاره
متى,27,64,"(الآيات 27:1-1 0)  يأس يهوذا وإنتحاره
متى,27,65,"(الآيات 27:1-1 0)  يأس يهوذا وإنتحاره
متى,27,66,"(الآيات 27:1-1 0)  يأس يهوذا وإنتحاره
متى,27,67,"(الآيات 27:1-1 0)  يأس يهوذا وإنتحاره
متى,27,68,"(الآيات 27:1-1 0)  يأس يهوذا وإنتحاره
متى,27,69,"(الآيات 27:1-1 0)  يأس يهوذا وإنتحاره
متى,27,70,"(الآيات 27:1-1 0)  يأس يهوذا وإنتحاره
متى,27,71,"(الآيات 27:1-1 0)  يأس يهوذا وإنتحاره
متى,27,72,"(الآيات 27:1-1 0)  يأس يهوذا وإنتحاره
متى,27,73,"(الآيات 27:1-1 0)  يأس يهوذا وإنتحاره
متى,27,74,"(الآيات 27:1-1 0)  يأس يهوذا وإنتحاره
متى,27,75,"(الآيات 27:1-1 0)  يأس يهوذا وإنتحاره
متى,27,76,"(الآيات 27:1-1 0)  يأس يهوذا وإنتحاره
متى,27,77,"(الآيات 27:1-1 0)  يأس يهوذا وإنتحاره
متى,27,78,"(الآيات 27:1-1 0)  يأس يهوذا وإنتحاره
متى,27,79,"(الآيات 27:1-1 0)  يأس يهوذا وإنتحاره
متى,27,80,"(الآيات 27:1-1 0)  يأس يهوذا وإنتحاره
متى,27,81,"(الآيات 27:1-1 0)  يأس يهوذا وإنتحاره
متى,27,82,"(الآيات 27:1-1 0)  يأس يهوذا وإنتحاره
متى,27,83,"(الآيات 27:1-1 0)  يأس يهوذا وإنتحاره
متى,27,84,"(الآيات 27:1-1 0)  يأس يهوذا وإنتحاره
متى,27,85,"(الآيات 27:1-1 0)  يأس يهوذا وإنتحاره
متى,27,86,"(الآيات 27:1-1 0)  يأس يهوذا وإنتحاره
متى,27,87,"(الآيات 27:1-1 0)  يأس يهوذا وإنتحاره
متى,27,88,"(الآيات 27:1-1 0)  يأس يهوذا وإنتحاره
متى,27,89,"(الآيات 27:1-1 0)  يأس يهوذا وإنتحاره
متى,27,90,"(الآيات 27:1-1 0)  يأس يهوذا وإنتحاره
متى,27,91,"(الآيات 27:1-1 0)  يأس يهوذا وإنتحاره
متى,27,92,"(الآيات 27:1-1 0)  يأس يهوذا وإنتحاره
متى,27,93,"(الآيات 27:1-1 0)  يأس يهوذا وإنتحاره
متى,27,94,"(الآيات 27:1-1 0)  يأس يهوذا وإنتحاره
متى,27,95,"(الآيات 27:1-1 0)  يأس يهوذا وإنتحاره
متى,27,96,"(الآيات 27:1-1 0)  يأس يهوذا وإنتحاره
متى,27,97,"(الآيات 27:1-1 0)  يأس يهوذا وإنتحاره
متى,27,98,"(الآيات 27:1-1 0)  يأس يهوذا وإنتحاره
متى,27,99,"(الآيات 27:1-1 0)  يأس يهوذا وإنتحاره
متى,28,1,"الصورة التي يظهر بها المسيح
متى,28,2,"الصورة التي يظهر بها المسيح
متى,28,3,"الصورة التي يظهر بها المسيح
متى,28,4,"الصورة التي يظهر بها المسيح
متى,28,5,"الصورة التي يظهر بها المسيح
متى,28,6,"الصورة التي يظهر بها المسيح
متى,28,7,"الصورة التي يظهر بها المسيح
متى,28,8,"الصورة التي يظهر بها المسيح
متى,28,9,"الصورة التي يظهر بها المسيح
متى,28,10,"الصورة التي يظهر بها المسيح
متى,28,11,"الصورة التي يظهر بها المسيح
متى,28,12,"الصورة التي يظهر بها المسيح
متى,28,13,"الصورة التي يظهر بها المسيح
متى,28,14,"الصورة التي يظهر بها المسيح
متى,28,15,"الصورة التي يظهر بها المسيح
متى,28,16,"الصورة التي يظهر بها المسيح
متى,28,17,"الصورة التي يظهر بها المسيح
متى,28,18,"الصورة التي يظهر بها المسيح
متى,28,19,"الصورة التي يظهر بها المسيح
متى,28,20,"الصورة التي يظهر بها المسيح
متى,28,21,"الصورة التي يظهر بها المسيح
متى,28,22,"الصورة التي يظهر بها المسيح
متى,28,23,"الصورة التي يظهر بها المسيح
متى,28,24,"الصورة التي يظهر بها المسيح
متى,28,25,"الصورة التي يظهر بها المسيح
متى,28,26,"الصورة التي يظهر بها المسيح
متى,28,27,"الصورة التي يظهر بها المسيح
متى,28,28,"الصورة التي يظهر بها المسيح
متى,28,29,"الصورة التي يظهر بها المسيح
متى,28,30,"الصورة التي يظهر بها المسيح
متى,28,31,"الصورة التي يظهر بها المسيح
متى,28,32,"الصورة التي يظهر بها المسيح
متى,28,33,"الصورة التي يظهر بها المسيح
متى,28,34,"الصورة التي يظهر بها المسيح
متى,28,35,"الصورة التي يظهر بها المسيح
متى,28,36,"الصورة التي يظهر بها المسيح
متى,28,37,"الصورة التي يظهر بها المسيح
متى,28,38,"الصورة التي يظهر بها المسيح
متى,28,39,"الصورة التي يظهر بها المسيح
متى,28,40,"الصورة التي يظهر بها المسيح
متى,28,41,"الصورة التي يظهر بها المسيح
متى,28,42,"الصورة التي يظهر بها المسيح
متى,28,43,"الصورة التي يظهر بها المسيح
متى,28,44,"الصورة التي يظهر بها المسيح
متى,28,45,"الصورة التي يظهر بها المسيح
متى,28,46,"الصورة التي يظهر بها المسيح
متى,28,47,"الصورة التي يظهر بها المسيح
متى,28,48,"الصورة التي يظهر بها المسيح
متى,28,49,"الصورة التي يظهر بها المسيح
متى,28,50,"الصورة التي يظهر بها المسيح
متى,28,51,"الصورة التي يظهر بها المسيح
متى,28,52,"الصورة التي يظهر بها المسيح
متى,28,53,"الصورة التي يظهر بها المسيح
متى,28,54,"الصورة التي يظهر بها المسيح
متى,28,55,"الصورة التي يظهر بها المسيح
متى,28,56,"الصورة التي يظهر بها المسيح
متى,28,57,"الصورة التي يظهر بها المسيح
متى,28,58,"الصورة التي يظهر بها المسيح
متى,28,59,"الصورة التي يظهر بها المسيح
متى,28,60,"الصورة التي يظهر بها المسيح
متى,28,61,"الصورة التي يظهر بها المسيح
متى,28,62,"الصورة التي يظهر بها المسيح
متى,28,63,"الصورة التي يظهر بها المسيح
متى,28,64,"الصورة التي يظهر بها المسيح
متى,28,65,"الصورة التي يظهر بها المسيح
متى,28,66,"الصورة التي يظهر بها المسيح
متى,28,67,"الصورة التي يظهر بها المسيح
متى,28,68,"الصورة التي يظهر بها المسيح
متى,28,69,"الصورة التي يظهر بها المسيح
متى,28,70,"الصورة التي يظهر بها المسيح
متى,28,71,"الصورة التي يظهر بها المسيح
متى,28,72,"الصورة التي يظهر بها المسيح
متى,28,73,"الصورة التي يظهر بها المسيح
متى,28,74,"الصورة التي يظهر بها المسيح
متى,28,75,"الصورة التي يظهر بها المسيح
متى,28,76,"الصورة التي يظهر بها المسيح
متى,28,77,"الصورة التي يظهر بها المسيح
متى,28,78,"الصورة التي يظهر بها المسيح
متى,28,79,"الصورة التي يظهر بها المسيح
متى,28,80,"الصورة التي يظهر بها المسيح
متى,28,81,"الصورة التي يظهر بها المسيح
متى,28,82,"الصورة التي يظهر بها المسيح
متى,28,83,"الصورة التي يظهر بها المسيح
متى,28,84,"الصورة التي يظهر بها المسيح
متى,28,85,"الصورة التي يظهر بها المسيح
متى,28,86,"الصورة التي يظهر بها المسيح
متى,28,87,"الصورة التي يظهر بها المسيح
متى,28,88,"الصورة التي يظهر بها المسيح
متى,28,89,"الصورة التي يظهر بها المسيح
متى,28,90,"الصورة التي يظهر بها المسيح
متى,28,91,"الصورة التي يظهر بها المسيح
متى,28,92,"الصورة التي يظهر بها المسيح
متى,28,93,"الصورة التي يظهر بها المسيح
متى,28,94,"الصورة التي يظهر بها المسيح
متى,28,95,"الصورة التي يظهر بها المسيح
متى,28,96,"الصورة التي يظهر بها المسيح
متى,28,97,"الصورة التي يظهر بها المسيح
متى,28,98,"الصورة التي يظهر بها المسيح
متى,28,99,"الصورة التي يظهر بها المسيح