book,chapter,verse,tafsir
يوحنا ثالثة,1,2,"الإصحاح الأول
أية 1 :- اَلشَّيْخُ\'a1 إِلَى غَايُسَ الْحَبِيبِ الَّذِي أَنَا أُحِبُّهُ بِالْحَقِّ 
الرسول يحب بالحق أى لأجل المسيح\'a1 وبالمسيح الذى فيه.

أية 2 :- أَيُّهَا الْحَبِيبُ\'a1 فِي كُلِّ شَيْءٍ أَرُومُ أَنْ تَكُونَ نَاجِحاً وَصَحِيحاً\'a1 كَمَا أَنَّ نَفْسَكَ نَاجِحَة
الرسول يتمنى أن يكون غايس صحيحاً جسدياً. كما أنه نفسياً أى روحياً صحيح. ويرى البعض أن معنى كلام الرسول هنا أن صحة غايس كانت ليست على مايرام. والكنيسة تصلى من أجل صحة أولادها (فى أوشية المرضى) كما تصلى للراقدين والمسافرين. وأهم ما تطلبه لأجلهم هو غفران خطاياهم. 
كما أن نفسك ناجحة = النجاح ليس هو النجاح المادى وصحة الجسد. بل نجاح نفسى يتمثل فى الإحساس بالشبع والفرح والرضى والسلام الذى يملأ القلب. كما قال داود """"أحبك يارب يا قوتى"""" ( مز 18). ودانيال ويوسف كانوا ناجحين. وللأسف فهناك أباء يهتمون بنجاح أولادهم مادياً ودراسياً ولا يهتمون بحياتهم الروحية وأن يصرف أولادهم وقتاً مع الله.

أية 3 :- لأَنِّي فَرِحْتُ جِدّاً إِذْ حَضَرَ إِخْوَةٌ وَشَهِدُوا بِالْحَقِّ الَّذِي فِيكَ\'a1 كَمَا أَنَّكَ تَسْلُكُ بِالْحَقِّ
إذاً هو يكتب ليشجعه أن يستمر فى مسلكه. فرحة الخادم هى أن يرى أولاده يسلكون بالحق وبالمحبة وأن إيمانهم سليم. 

أية 4 :- لَيْسَ لِي فَرَحٌ أَعْظَمُ مِنْ هَذَا: أَنْ أَسْمَعَ عَنْ أَوْلاَدِي أَنَّهُمْ يَسْلُكُونَ بِالْحَقِّ
أسمع عن أولادى = هى أبوة يستمدها من الله وفى الله وبه\'a1 فإن صارت العلاقة خارج الرب يسوع ينطبق عليها هذا القول """" لا تدعوا لكم أباً على الأرض ( مت23: 8 - 10) وراجع ( غل4: 19 \'ba  1كو4: 15 \'ba  1تس2: 11).

أيات 5\'a1 6 :- أَيُّهَا الْحَبِيبُ\'a1 أَنْتَ تَفْعَلُ بِالأَمَانَةِ كُلَّ مَا تَصْنَعُهُ إِلَى الإِخْوَةِ وَإِلَى الْغُرَبَاءِ\'a1 الَّذِينَ شَهِدُوا بِمَحَبَّتِكَ أَمَامَ الْكَنِيسَةِ. الَّذِينَ تَفْعَلُ حَسَناً إِذَا شَيَّعْتَهُمْ كَمَا يَحِقُّ للهِ\'a1
الغرباء = الذين لم يعرفهم غايس قبلاً. الإخوة = هم الذين سبق وعرفهم غايس من قبل. كما يحق لله = الله هو القياس وليس خدامه.

أية 7 :- لأَنَّهُمْ مِنْ أَجْلِ اسْمِهِ خَرَجُوا وَهُمْ لاَ يَأْخُذُونَ شَيْئاً مِنَ الأُمَمِ
واضح أن هؤلاء الإخوة الغرباء خرجوا ليكرزوا للأمم\'a1ويريدون أن تكون خدمتهم مجانية\'a1أى بلا مقابل يأخذونه من الأمم. وغايس أتاح لهم هذا بأن تكفل بإحتياجاتهم المادية.

كان هناك نوعان من الخدام فى الكنيسة الأولى :- 
1.خدام محليين ثابتين مستقرين وهؤلاء يسكنون فى بيوتهم.
2.خدام طوافين ينتقلون من مكان إلى مكان. وهؤلاء لا يمكن لهم أن يستعملوا الفنادق لسمعتها السيئة\'a1 إذاً كانوا محتاجين لمن يستضيفهم (كملاكى لوط). لذلك وجدت وصية """"لا تنسوا إضافة الغرباء"""" ( عب2:13). فكان هذا إحتياج الكنيسة فى تلك الأيام. وكانت تلك الإستضافة تشمل (الطعام والنوم). فهؤلاء الخدام لا يخدمون لربح مادى. ولقد إشترطت الكنيسة على هؤلاء الذين يقيمون أكثر من مدة معينة أن يعملوا ليأكلوا\'a1 يكون لهم عمل يتكسبون منه. لذلك نرى بولس الرسول قد عمل كخيام (صانع خيام).

أية 8 :- فَنَحْنُ يَنْبَغِي لَنَا أَنْ نَقْبَلَ أَمْثَالَ هَؤُلاَءِ\'a1 لِكَيْ نَكُونَ عَامِلِينَ مَعَهُمْ بِالْحَقِّ
من يكرم خدام الله يكرم الله.

أيات 9\'a1 10 :- كَتَبْتُ إِلَى الْكَنِيسَةِ\'a1 وَلَكِنَّ دِيُوتْرِيفِسَ - الَّذِي يُحِبُّ أَنْ يَكُونَ الأَّوَلَ بَيْنَهُمْ - لاَ يَقْبَلُنَا. مِنْ أَجْلِ ذَلِكَ إِذَا جِئْتُ فَسَأُذَكِّرُهُ بِأَعْمَالِهِ الَّتِي يَعْمَلُهَا\'a1 هَاذِراً عَلَيْنَا بِأَقْوَالٍ خَبِيثَةٍ. وَإِذْ هُوَ غَيْرُ مُكْتَفٍ بِهَذِهِ\'a1 لاَ يَقْبَلُ الإِخْوَةَ\'a1 وَيَمْنَعُ أَيْضاً الَّذِينَ يُرِيدُونَ\'a1 وَيَطْرُدُهُمْ مِنَ الْكَنِيسَةِ
يبدو أن ديوتريفس هذا كان شخصاً ذو سلطان فى الكنيسة وربما كان هو الأسقف\'a1 إذ هو قادر أن يمنع أشخاصاً من دخول الكنيسة. 
كتبت إلى الكنيسة = كتب يوحنا رسالة إلى الكنيسة يطلب فيها قبول الإخوة الكارزين\'a1 فمنع ديوتريفس وصول الرسالة للكنيسة. يحب أن يكون الأول = خطية الكبرياء هذه تجعل الخادم ينحرف عن خدمته\'a1 ويحدث الإنشقاق فى الكنيسة. لايقبلنا = هو فى كبريائه لا يطيق الحق\'a1 يريد أن يعلم ولا يتعلم. ولا يقبل هؤلاء الإخوة الذين أرسلهم يوحنا ليكرزوا ويعلموا. بل هو طرد هؤلاء الإخوة\'a1 بل طرد الذين قبلوهم فى بيوتهم = الذين يريدون. والرسول يقول سأذكره = أى يساعده على معرفة أخطائه ليخلص نفسه.

أية 11 :- أَيُّهَا الْحَبِيبُ\'a1 لاَ تَتَمَثَّلْ بِالشَّرِّ بَلْ بِالْخَيْرِ\'a1 لأَنَّ مَنْ يَصْنَعُ الْخَيْرَ هُوَ مِنَ اللهِ\'a1 وَمَنْ يَصْنَعُ الشَّرَّ فَلَمْ يُبْصِرِ اللهَ.
لا تتمثل بالشر = بديوتريفس وأعماله. بل بالخير = أى بديمتريوس.
فلم يبصر الله = من يفعل الشر\'a1ويمتلىء قلبه بالعجرفة وحب الذات ينحنى بإرادته للظلمة فلا يقدر أن يبصر الله """" فلا شركة للنور مع الظلمة"""" ( 2كو6: 14). ومن أبصر الله فلقد أبصر النور فالله نور\'a1والنور يضىء له الطريق فيعرف الحق. 
أية 12 :- دِيمِتْرِيُوسُ مَشْهُودٌ لَهُ مِنَ الْجَمِيعِ وَمِنَ الْحَقِّ نَفْسِهِ\'a1 وَنَحْنُ أَيْضاً نَشْهَدُ\'a1 وَأَنْتُمْ تَعْلَمُونَ أَنَّ شَهَادَتَنَا هِيَ صَادِقَةٌ
ومن الحق نفسه = ربما تعنى أن الله يشهد له  فالله هو الحق. أو تعنى من أعماله أى أعمال ديمتريوس\'a1 فأعماله بحسب الحق\'a1وهى تشهد له. 
ونحن أيضاً = أى أن الرسول إختبره بنفسه. 
مشهود له من الجميع = هكذا أولاد الله نورهم ظاهر للجميع. وبهذا يشجع الرسول\'a1 غايس أن يقتدى بديمتريوس ولا يتشبه بديوتريفس.

أية 13 :- وَكَانَ لِي كَثِيرٌ لأَكْتُبَهُ\'a1 لَكِنَّنِي لَسْتُ أُرِيدُ أَنْ أَكْتُبَ إِلَيْكَ بِحِبْرٍ وَقَلَمٍ
 الجسر= كان من السناج الممزوج بماء ومقوى بالصمغ. والقلم = كان من الغاب المشطوف.

اية 14 :- وَلَكِنَّنِي أَرْجُو أَنْ أَرَاكَ عَنْ قَرِيبٍ فَنَتَكَلَّمَ فَماً لِفَمٍ.
تأكيد على أهمية التقليد.

أية 15 :- سَلاَمٌ لَكَ. يُسَلِّمُ عَلَيْكَ الأَحِبَّاءُ. سَلِّمْ عَلَى الأَحِبَّاءِ بِأَسْمَائِهِمْ. 
يسلم عليك الأحباء = ولم يقل الإخوة تأكيداً على المحبة. وهكذا أيضاً سلم على الأحباء."
يوحنا ثالثة,1,3,"الإصحاح الأول
أية 1 :- اَلشَّيْخُ\'a1 إِلَى غَايُسَ الْحَبِيبِ الَّذِي أَنَا أُحِبُّهُ بِالْحَقِّ 
الرسول يحب بالحق أى لأجل المسيح\'a1 وبالمسيح الذى فيه.

أية 2 :- أَيُّهَا الْحَبِيبُ\'a1 فِي كُلِّ شَيْءٍ أَرُومُ أَنْ تَكُونَ نَاجِحاً وَصَحِيحاً\'a1 كَمَا أَنَّ نَفْسَكَ نَاجِحَة
الرسول يتمنى أن يكون غايس صحيحاً جسدياً. كما أنه نفسياً أى روحياً صحيح. ويرى البعض أن معنى كلام الرسول هنا أن صحة غايس كانت ليست على مايرام. والكنيسة تصلى من أجل صحة أولادها (فى أوشية المرضى) كما تصلى للراقدين والمسافرين. وأهم ما تطلبه لأجلهم هو غفران خطاياهم. 
كما أن نفسك ناجحة = النجاح ليس هو النجاح المادى وصحة الجسد. بل نجاح نفسى يتمثل فى الإحساس بالشبع والفرح والرضى والسلام الذى يملأ القلب. كما قال داود """"أحبك يارب يا قوتى"""" ( مز 18). ودانيال ويوسف كانوا ناجحين. وللأسف فهناك أباء يهتمون بنجاح أولادهم مادياً ودراسياً ولا يهتمون بحياتهم الروحية وأن يصرف أولادهم وقتاً مع الله.

أية 3 :- لأَنِّي فَرِحْتُ جِدّاً إِذْ حَضَرَ إِخْوَةٌ وَشَهِدُوا بِالْحَقِّ الَّذِي فِيكَ\'a1 كَمَا أَنَّكَ تَسْلُكُ بِالْحَقِّ
إذاً هو يكتب ليشجعه أن يستمر فى مسلكه. فرحة الخادم هى أن يرى أولاده يسلكون بالحق وبالمحبة وأن إيمانهم سليم. 

أية 4 :- لَيْسَ لِي فَرَحٌ أَعْظَمُ مِنْ هَذَا: أَنْ أَسْمَعَ عَنْ أَوْلاَدِي أَنَّهُمْ يَسْلُكُونَ بِالْحَقِّ
أسمع عن أولادى = هى أبوة يستمدها من الله وفى الله وبه\'a1 فإن صارت العلاقة خارج الرب يسوع ينطبق عليها هذا القول """" لا تدعوا لكم أباً على الأرض ( مت23: 8 - 10) وراجع ( غل4: 19 \'ba  1كو4: 15 \'ba  1تس2: 11).

أيات 5\'a1 6 :- أَيُّهَا الْحَبِيبُ\'a1 أَنْتَ تَفْعَلُ بِالأَمَانَةِ كُلَّ مَا تَصْنَعُهُ إِلَى الإِخْوَةِ وَإِلَى الْغُرَبَاءِ\'a1 الَّذِينَ شَهِدُوا بِمَحَبَّتِكَ أَمَامَ الْكَنِيسَةِ. الَّذِينَ تَفْعَلُ حَسَناً إِذَا شَيَّعْتَهُمْ كَمَا يَحِقُّ للهِ\'a1
الغرباء = الذين لم يعرفهم غايس قبلاً. الإخوة = هم الذين سبق وعرفهم غايس من قبل. كما يحق لله = الله هو القياس وليس خدامه.

أية 7 :- لأَنَّهُمْ مِنْ أَجْلِ اسْمِهِ خَرَجُوا وَهُمْ لاَ يَأْخُذُونَ شَيْئاً مِنَ الأُمَمِ
واضح أن هؤلاء الإخوة الغرباء خرجوا ليكرزوا للأمم\'a1ويريدون أن تكون خدمتهم مجانية\'a1أى بلا مقابل يأخذونه من الأمم. وغايس أتاح لهم هذا بأن تكفل بإحتياجاتهم المادية.

كان هناك نوعان من الخدام فى الكنيسة الأولى :- 
1.خدام محليين ثابتين مستقرين وهؤلاء يسكنون فى بيوتهم.
2.خدام طوافين ينتقلون من مكان إلى مكان. وهؤلاء لا يمكن لهم أن يستعملوا الفنادق لسمعتها السيئة\'a1 إذاً كانوا محتاجين لمن يستضيفهم (كملاكى لوط). لذلك وجدت وصية """"لا تنسوا إضافة الغرباء"""" ( عب2:13). فكان هذا إحتياج الكنيسة فى تلك الأيام. وكانت تلك الإستضافة تشمل (الطعام والنوم). فهؤلاء الخدام لا يخدمون لربح مادى. ولقد إشترطت الكنيسة على هؤلاء الذين يقيمون أكثر من مدة معينة أن يعملوا ليأكلوا\'a1 يكون لهم عمل يتكسبون منه. لذلك نرى بولس الرسول قد عمل كخيام (صانع خيام).

أية 8 :- فَنَحْنُ يَنْبَغِي لَنَا أَنْ نَقْبَلَ أَمْثَالَ هَؤُلاَءِ\'a1 لِكَيْ نَكُونَ عَامِلِينَ مَعَهُمْ بِالْحَقِّ
من يكرم خدام الله يكرم الله.

أيات 9\'a1 10 :- كَتَبْتُ إِلَى الْكَنِيسَةِ\'a1 وَلَكِنَّ دِيُوتْرِيفِسَ - الَّذِي يُحِبُّ أَنْ يَكُونَ الأَّوَلَ بَيْنَهُمْ - لاَ يَقْبَلُنَا. مِنْ أَجْلِ ذَلِكَ إِذَا جِئْتُ فَسَأُذَكِّرُهُ بِأَعْمَالِهِ الَّتِي يَعْمَلُهَا\'a1 هَاذِراً عَلَيْنَا بِأَقْوَالٍ خَبِيثَةٍ. وَإِذْ هُوَ غَيْرُ مُكْتَفٍ بِهَذِهِ\'a1 لاَ يَقْبَلُ الإِخْوَةَ\'a1 وَيَمْنَعُ أَيْضاً الَّذِينَ يُرِيدُونَ\'a1 وَيَطْرُدُهُمْ مِنَ الْكَنِيسَةِ
يبدو أن ديوتريفس هذا كان شخصاً ذو سلطان فى الكنيسة وربما كان هو الأسقف\'a1 إذ هو قادر أن يمنع أشخاصاً من دخول الكنيسة. 
كتبت إلى الكنيسة = كتب يوحنا رسالة إلى الكنيسة يطلب فيها قبول الإخوة الكارزين\'a1 فمنع ديوتريفس وصول الرسالة للكنيسة. يحب أن يكون الأول = خطية الكبرياء هذه تجعل الخادم ينحرف عن خدمته\'a1 ويحدث الإنشقاق فى الكنيسة. لايقبلنا = هو فى كبريائه لا يطيق الحق\'a1 يريد أن يعلم ولا يتعلم. ولا يقبل هؤلاء الإخوة الذين أرسلهم يوحنا ليكرزوا ويعلموا. بل هو طرد هؤلاء الإخوة\'a1 بل طرد الذين قبلوهم فى بيوتهم = الذين يريدون. والرسول يقول سأذكره = أى يساعده على معرفة أخطائه ليخلص نفسه.

أية 11 :- أَيُّهَا الْحَبِيبُ\'a1 لاَ تَتَمَثَّلْ بِالشَّرِّ بَلْ بِالْخَيْرِ\'a1 لأَنَّ مَنْ يَصْنَعُ الْخَيْرَ هُوَ مِنَ اللهِ\'a1 وَمَنْ يَصْنَعُ الشَّرَّ فَلَمْ يُبْصِرِ اللهَ.
لا تتمثل بالشر = بديوتريفس وأعماله. بل بالخير = أى بديمتريوس.
فلم يبصر الله = من يفعل الشر\'a1ويمتلىء قلبه بالعجرفة وحب الذات ينحنى بإرادته للظلمة فلا يقدر أن يبصر الله """" فلا شركة للنور مع الظلمة"""" ( 2كو6: 14). ومن أبصر الله فلقد أبصر النور فالله نور\'a1والنور يضىء له الطريق فيعرف الحق. 
أية 12 :- دِيمِتْرِيُوسُ مَشْهُودٌ لَهُ مِنَ الْجَمِيعِ وَمِنَ الْحَقِّ نَفْسِهِ\'a1 وَنَحْنُ أَيْضاً نَشْهَدُ\'a1 وَأَنْتُمْ تَعْلَمُونَ أَنَّ شَهَادَتَنَا هِيَ صَادِقَةٌ
ومن الحق نفسه = ربما تعنى أن الله يشهد له  فالله هو الحق. أو تعنى من أعماله أى أعمال ديمتريوس\'a1 فأعماله بحسب الحق\'a1وهى تشهد له. 
ونحن أيضاً = أى أن الرسول إختبره بنفسه. 
مشهود له من الجميع = هكذا أولاد الله نورهم ظاهر للجميع. وبهذا يشجع الرسول\'a1 غايس أن يقتدى بديمتريوس ولا يتشبه بديوتريفس.

أية 13 :- وَكَانَ لِي كَثِيرٌ لأَكْتُبَهُ\'a1 لَكِنَّنِي لَسْتُ أُرِيدُ أَنْ أَكْتُبَ إِلَيْكَ بِحِبْرٍ وَقَلَمٍ
 الجسر= كان من السناج الممزوج بماء ومقوى بالصمغ. والقلم = كان من الغاب المشطوف.

اية 14 :- وَلَكِنَّنِي أَرْجُو أَنْ أَرَاكَ عَنْ قَرِيبٍ فَنَتَكَلَّمَ فَماً لِفَمٍ.
تأكيد على أهمية التقليد.

أية 15 :- سَلاَمٌ لَكَ. يُسَلِّمُ عَلَيْكَ الأَحِبَّاءُ. سَلِّمْ عَلَى الأَحِبَّاءِ بِأَسْمَائِهِمْ. 
يسلم عليك الأحباء = ولم يقل الإخوة تأكيداً على المحبة. وهكذا أيضاً سلم على الأحباء."
يوحنا ثالثة,1,4,"الإصحاح الأول
أية 1 :- اَلشَّيْخُ\'a1 إِلَى غَايُسَ الْحَبِيبِ الَّذِي أَنَا أُحِبُّهُ بِالْحَقِّ 
الرسول يحب بالحق أى لأجل المسيح\'a1 وبالمسيح الذى فيه.

أية 2 :- أَيُّهَا الْحَبِيبُ\'a1 فِي كُلِّ شَيْءٍ أَرُومُ أَنْ تَكُونَ نَاجِحاً وَصَحِيحاً\'a1 كَمَا أَنَّ نَفْسَكَ نَاجِحَة
الرسول يتمنى أن يكون غايس صحيحاً جسدياً. كما أنه نفسياً أى روحياً صحيح. ويرى البعض أن معنى كلام الرسول هنا أن صحة غايس كانت ليست على مايرام. والكنيسة تصلى من أجل صحة أولادها (فى أوشية المرضى) كما تصلى للراقدين والمسافرين. وأهم ما تطلبه لأجلهم هو غفران خطاياهم. 
كما أن نفسك ناجحة = النجاح ليس هو النجاح المادى وصحة الجسد. بل نجاح نفسى يتمثل فى الإحساس بالشبع والفرح والرضى والسلام الذى يملأ القلب. كما قال داود """"أحبك يارب يا قوتى"""" ( مز 18). ودانيال ويوسف كانوا ناجحين. وللأسف فهناك أباء يهتمون بنجاح أولادهم مادياً ودراسياً ولا يهتمون بحياتهم الروحية وأن يصرف أولادهم وقتاً مع الله.

أية 3 :- لأَنِّي فَرِحْتُ جِدّاً إِذْ حَضَرَ إِخْوَةٌ وَشَهِدُوا بِالْحَقِّ الَّذِي فِيكَ\'a1 كَمَا أَنَّكَ تَسْلُكُ بِالْحَقِّ
إذاً هو يكتب ليشجعه أن يستمر فى مسلكه. فرحة الخادم هى أن يرى أولاده يسلكون بالحق وبالمحبة وأن إيمانهم سليم. 

أية 4 :- لَيْسَ لِي فَرَحٌ أَعْظَمُ مِنْ هَذَا: أَنْ أَسْمَعَ عَنْ أَوْلاَدِي أَنَّهُمْ يَسْلُكُونَ بِالْحَقِّ
أسمع عن أولادى = هى أبوة يستمدها من الله وفى الله وبه\'a1 فإن صارت العلاقة خارج الرب يسوع ينطبق عليها هذا القول """" لا تدعوا لكم أباً على الأرض ( مت23: 8 - 10) وراجع ( غل4: 19 \'ba  1كو4: 15 \'ba  1تس2: 11).

أيات 5\'a1 6 :- أَيُّهَا الْحَبِيبُ\'a1 أَنْتَ تَفْعَلُ بِالأَمَانَةِ كُلَّ مَا تَصْنَعُهُ إِلَى الإِخْوَةِ وَإِلَى الْغُرَبَاءِ\'a1 الَّذِينَ شَهِدُوا بِمَحَبَّتِكَ أَمَامَ الْكَنِيسَةِ. الَّذِينَ تَفْعَلُ حَسَناً إِذَا شَيَّعْتَهُمْ كَمَا يَحِقُّ للهِ\'a1
الغرباء = الذين لم يعرفهم غايس قبلاً. الإخوة = هم الذين سبق وعرفهم غايس من قبل. كما يحق لله = الله هو القياس وليس خدامه.

أية 7 :- لأَنَّهُمْ مِنْ أَجْلِ اسْمِهِ خَرَجُوا وَهُمْ لاَ يَأْخُذُونَ شَيْئاً مِنَ الأُمَمِ
واضح أن هؤلاء الإخوة الغرباء خرجوا ليكرزوا للأمم\'a1ويريدون أن تكون خدمتهم مجانية\'a1أى بلا مقابل يأخذونه من الأمم. وغايس أتاح لهم هذا بأن تكفل بإحتياجاتهم المادية.

كان هناك نوعان من الخدام فى الكنيسة الأولى :- 
1.خدام محليين ثابتين مستقرين وهؤلاء يسكنون فى بيوتهم.
2.خدام طوافين ينتقلون من مكان إلى مكان. وهؤلاء لا يمكن لهم أن يستعملوا الفنادق لسمعتها السيئة\'a1 إذاً كانوا محتاجين لمن يستضيفهم (كملاكى لوط). لذلك وجدت وصية """"لا تنسوا إضافة الغرباء"""" ( عب2:13). فكان هذا إحتياج الكنيسة فى تلك الأيام. وكانت تلك الإستضافة تشمل (الطعام والنوم). فهؤلاء الخدام لا يخدمون لربح مادى. ولقد إشترطت الكنيسة على هؤلاء الذين يقيمون أكثر من مدة معينة أن يعملوا ليأكلوا\'a1 يكون لهم عمل يتكسبون منه. لذلك نرى بولس الرسول قد عمل كخيام (صانع خيام).

أية 8 :- فَنَحْنُ يَنْبَغِي لَنَا أَنْ نَقْبَلَ أَمْثَالَ هَؤُلاَءِ\'a1 لِكَيْ نَكُونَ عَامِلِينَ مَعَهُمْ بِالْحَقِّ
من يكرم خدام الله يكرم الله.

أيات 9\'a1 10 :- كَتَبْتُ إِلَى الْكَنِيسَةِ\'a1 وَلَكِنَّ دِيُوتْرِيفِسَ - الَّذِي يُحِبُّ أَنْ يَكُونَ الأَّوَلَ بَيْنَهُمْ - لاَ يَقْبَلُنَا. مِنْ أَجْلِ ذَلِكَ إِذَا جِئْتُ فَسَأُذَكِّرُهُ بِأَعْمَالِهِ الَّتِي يَعْمَلُهَا\'a1 هَاذِراً عَلَيْنَا بِأَقْوَالٍ خَبِيثَةٍ. وَإِذْ هُوَ غَيْرُ مُكْتَفٍ بِهَذِهِ\'a1 لاَ يَقْبَلُ الإِخْوَةَ\'a1 وَيَمْنَعُ أَيْضاً الَّذِينَ يُرِيدُونَ\'a1 وَيَطْرُدُهُمْ مِنَ الْكَنِيسَةِ
يبدو أن ديوتريفس هذا كان شخصاً ذو سلطان فى الكنيسة وربما كان هو الأسقف\'a1 إذ هو قادر أن يمنع أشخاصاً من دخول الكنيسة. 
كتبت إلى الكنيسة = كتب يوحنا رسالة إلى الكنيسة يطلب فيها قبول الإخوة الكارزين\'a1 فمنع ديوتريفس وصول الرسالة للكنيسة. يحب أن يكون الأول = خطية الكبرياء هذه تجعل الخادم ينحرف عن خدمته\'a1 ويحدث الإنشقاق فى الكنيسة. لايقبلنا = هو فى كبريائه لا يطيق الحق\'a1 يريد أن يعلم ولا يتعلم. ولا يقبل هؤلاء الإخوة الذين أرسلهم يوحنا ليكرزوا ويعلموا. بل هو طرد هؤلاء الإخوة\'a1 بل طرد الذين قبلوهم فى بيوتهم = الذين يريدون. والرسول يقول سأذكره = أى يساعده على معرفة أخطائه ليخلص نفسه.

أية 11 :- أَيُّهَا الْحَبِيبُ\'a1 لاَ تَتَمَثَّلْ بِالشَّرِّ بَلْ بِالْخَيْرِ\'a1 لأَنَّ مَنْ يَصْنَعُ الْخَيْرَ هُوَ مِنَ اللهِ\'a1 وَمَنْ يَصْنَعُ الشَّرَّ فَلَمْ يُبْصِرِ اللهَ.
لا تتمثل بالشر = بديوتريفس وأعماله. بل بالخير = أى بديمتريوس.
فلم يبصر الله = من يفعل الشر\'a1ويمتلىء قلبه بالعجرفة وحب الذات ينحنى بإرادته للظلمة فلا يقدر أن يبصر الله """" فلا شركة للنور مع الظلمة"""" ( 2كو6: 14). ومن أبصر الله فلقد أبصر النور فالله نور\'a1والنور يضىء له الطريق فيعرف الحق. 
أية 12 :- دِيمِتْرِيُوسُ مَشْهُودٌ لَهُ مِنَ الْجَمِيعِ وَمِنَ الْحَقِّ نَفْسِهِ\'a1 وَنَحْنُ أَيْضاً نَشْهَدُ\'a1 وَأَنْتُمْ تَعْلَمُونَ أَنَّ شَهَادَتَنَا هِيَ صَادِقَةٌ
ومن الحق نفسه = ربما تعنى أن الله يشهد له  فالله هو الحق. أو تعنى من أعماله أى أعمال ديمتريوس\'a1 فأعماله بحسب الحق\'a1وهى تشهد له. 
ونحن أيضاً = أى أن الرسول إختبره بنفسه. 
مشهود له من الجميع = هكذا أولاد الله نورهم ظاهر للجميع. وبهذا يشجع الرسول\'a1 غايس أن يقتدى بديمتريوس ولا يتشبه بديوتريفس.

أية 13 :- وَكَانَ لِي كَثِيرٌ لأَكْتُبَهُ\'a1 لَكِنَّنِي لَسْتُ أُرِيدُ أَنْ أَكْتُبَ إِلَيْكَ بِحِبْرٍ وَقَلَمٍ
 الجسر= كان من السناج الممزوج بماء ومقوى بالصمغ. والقلم = كان من الغاب المشطوف.

اية 14 :- وَلَكِنَّنِي أَرْجُو أَنْ أَرَاكَ عَنْ قَرِيبٍ فَنَتَكَلَّمَ فَماً لِفَمٍ.
تأكيد على أهمية التقليد.

أية 15 :- سَلاَمٌ لَكَ. يُسَلِّمُ عَلَيْكَ الأَحِبَّاءُ. سَلِّمْ عَلَى الأَحِبَّاءِ بِأَسْمَائِهِمْ. 
يسلم عليك الأحباء = ولم يقل الإخوة تأكيداً على المحبة. وهكذا أيضاً سلم على الأحباء."
يوحنا ثالثة,1,5,"الإصحاح الأول
أية 1 :- اَلشَّيْخُ\'a1 إِلَى غَايُسَ الْحَبِيبِ الَّذِي أَنَا أُحِبُّهُ بِالْحَقِّ 
الرسول يحب بالحق أى لأجل المسيح\'a1 وبالمسيح الذى فيه.

أية 2 :- أَيُّهَا الْحَبِيبُ\'a1 فِي كُلِّ شَيْءٍ أَرُومُ أَنْ تَكُونَ نَاجِحاً وَصَحِيحاً\'a1 كَمَا أَنَّ نَفْسَكَ نَاجِحَة
الرسول يتمنى أن يكون غايس صحيحاً جسدياً. كما أنه نفسياً أى روحياً صحيح. ويرى البعض أن معنى كلام الرسول هنا أن صحة غايس كانت ليست على مايرام. والكنيسة تصلى من أجل صحة أولادها (فى أوشية المرضى) كما تصلى للراقدين والمسافرين. وأهم ما تطلبه لأجلهم هو غفران خطاياهم. 
كما أن نفسك ناجحة = النجاح ليس هو النجاح المادى وصحة الجسد. بل نجاح نفسى يتمثل فى الإحساس بالشبع والفرح والرضى والسلام الذى يملأ القلب. كما قال داود """"أحبك يارب يا قوتى"""" ( مز 18). ودانيال ويوسف كانوا ناجحين. وللأسف فهناك أباء يهتمون بنجاح أولادهم مادياً ودراسياً ولا يهتمون بحياتهم الروحية وأن يصرف أولادهم وقتاً مع الله.

أية 3 :- لأَنِّي فَرِحْتُ جِدّاً إِذْ حَضَرَ إِخْوَةٌ وَشَهِدُوا بِالْحَقِّ الَّذِي فِيكَ\'a1 كَمَا أَنَّكَ تَسْلُكُ بِالْحَقِّ
إذاً هو يكتب ليشجعه أن يستمر فى مسلكه. فرحة الخادم هى أن يرى أولاده يسلكون بالحق وبالمحبة وأن إيمانهم سليم. 

أية 4 :- لَيْسَ لِي فَرَحٌ أَعْظَمُ مِنْ هَذَا: أَنْ أَسْمَعَ عَنْ أَوْلاَدِي أَنَّهُمْ يَسْلُكُونَ بِالْحَقِّ
أسمع عن أولادى = هى أبوة يستمدها من الله وفى الله وبه\'a1 فإن صارت العلاقة خارج الرب يسوع ينطبق عليها هذا القول """" لا تدعوا لكم أباً على الأرض ( مت23: 8 - 10) وراجع ( غل4: 19 \'ba  1كو4: 15 \'ba  1تس2: 11).

أيات 5\'a1 6 :- أَيُّهَا الْحَبِيبُ\'a1 أَنْتَ تَفْعَلُ بِالأَمَانَةِ كُلَّ مَا تَصْنَعُهُ إِلَى الإِخْوَةِ وَإِلَى الْغُرَبَاءِ\'a1 الَّذِينَ شَهِدُوا بِمَحَبَّتِكَ أَمَامَ الْكَنِيسَةِ. الَّذِينَ تَفْعَلُ حَسَناً إِذَا شَيَّعْتَهُمْ كَمَا يَحِقُّ للهِ\'a1
الغرباء = الذين لم يعرفهم غايس قبلاً. الإخوة = هم الذين سبق وعرفهم غايس من قبل. كما يحق لله = الله هو القياس وليس خدامه.

أية 7 :- لأَنَّهُمْ مِنْ أَجْلِ اسْمِهِ خَرَجُوا وَهُمْ لاَ يَأْخُذُونَ شَيْئاً مِنَ الأُمَمِ
واضح أن هؤلاء الإخوة الغرباء خرجوا ليكرزوا للأمم\'a1ويريدون أن تكون خدمتهم مجانية\'a1أى بلا مقابل يأخذونه من الأمم. وغايس أتاح لهم هذا بأن تكفل بإحتياجاتهم المادية.

كان هناك نوعان من الخدام فى الكنيسة الأولى :- 
1.خدام محليين ثابتين مستقرين وهؤلاء يسكنون فى بيوتهم.
2.خدام طوافين ينتقلون من مكان إلى مكان. وهؤلاء لا يمكن لهم أن يستعملوا الفنادق لسمعتها السيئة\'a1 إذاً كانوا محتاجين لمن يستضيفهم (كملاكى لوط). لذلك وجدت وصية """"لا تنسوا إضافة الغرباء"""" ( عب2:13). فكان هذا إحتياج الكنيسة فى تلك الأيام. وكانت تلك الإستضافة تشمل (الطعام والنوم). فهؤلاء الخدام لا يخدمون لربح مادى. ولقد إشترطت الكنيسة على هؤلاء الذين يقيمون أكثر من مدة معينة أن يعملوا ليأكلوا\'a1 يكون لهم عمل يتكسبون منه. لذلك نرى بولس الرسول قد عمل كخيام (صانع خيام).

أية 8 :- فَنَحْنُ يَنْبَغِي لَنَا أَنْ نَقْبَلَ أَمْثَالَ هَؤُلاَءِ\'a1 لِكَيْ نَكُونَ عَامِلِينَ مَعَهُمْ بِالْحَقِّ
من يكرم خدام الله يكرم الله.

أيات 9\'a1 10 :- كَتَبْتُ إِلَى الْكَنِيسَةِ\'a1 وَلَكِنَّ دِيُوتْرِيفِسَ - الَّذِي يُحِبُّ أَنْ يَكُونَ الأَّوَلَ بَيْنَهُمْ - لاَ يَقْبَلُنَا. مِنْ أَجْلِ ذَلِكَ إِذَا جِئْتُ فَسَأُذَكِّرُهُ بِأَعْمَالِهِ الَّتِي يَعْمَلُهَا\'a1 هَاذِراً عَلَيْنَا بِأَقْوَالٍ خَبِيثَةٍ. وَإِذْ هُوَ غَيْرُ مُكْتَفٍ بِهَذِهِ\'a1 لاَ يَقْبَلُ الإِخْوَةَ\'a1 وَيَمْنَعُ أَيْضاً الَّذِينَ يُرِيدُونَ\'a1 وَيَطْرُدُهُمْ مِنَ الْكَنِيسَةِ
يبدو أن ديوتريفس هذا كان شخصاً ذو سلطان فى الكنيسة وربما كان هو الأسقف\'a1 إذ هو قادر أن يمنع أشخاصاً من دخول الكنيسة. 
كتبت إلى الكنيسة = كتب يوحنا رسالة إلى الكنيسة يطلب فيها قبول الإخوة الكارزين\'a1 فمنع ديوتريفس وصول الرسالة للكنيسة. يحب أن يكون الأول = خطية الكبرياء هذه تجعل الخادم ينحرف عن خدمته\'a1 ويحدث الإنشقاق فى الكنيسة. لايقبلنا = هو فى كبريائه لا يطيق الحق\'a1 يريد أن يعلم ولا يتعلم. ولا يقبل هؤلاء الإخوة الذين أرسلهم يوحنا ليكرزوا ويعلموا. بل هو طرد هؤلاء الإخوة\'a1 بل طرد الذين قبلوهم فى بيوتهم = الذين يريدون. والرسول يقول سأذكره = أى يساعده على معرفة أخطائه ليخلص نفسه.

أية 11 :- أَيُّهَا الْحَبِيبُ\'a1 لاَ تَتَمَثَّلْ بِالشَّرِّ بَلْ بِالْخَيْرِ\'a1 لأَنَّ مَنْ يَصْنَعُ الْخَيْرَ هُوَ مِنَ اللهِ\'a1 وَمَنْ يَصْنَعُ الشَّرَّ فَلَمْ يُبْصِرِ اللهَ.
لا تتمثل بالشر = بديوتريفس وأعماله. بل بالخير = أى بديمتريوس.
فلم يبصر الله = من يفعل الشر\'a1ويمتلىء قلبه بالعجرفة وحب الذات ينحنى بإرادته للظلمة فلا يقدر أن يبصر الله """" فلا شركة للنور مع الظلمة"""" ( 2كو6: 14). ومن أبصر الله فلقد أبصر النور فالله نور\'a1والنور يضىء له الطريق فيعرف الحق. 
أية 12 :- دِيمِتْرِيُوسُ مَشْهُودٌ لَهُ مِنَ الْجَمِيعِ وَمِنَ الْحَقِّ نَفْسِهِ\'a1 وَنَحْنُ أَيْضاً نَشْهَدُ\'a1 وَأَنْتُمْ تَعْلَمُونَ أَنَّ شَهَادَتَنَا هِيَ صَادِقَةٌ
ومن الحق نفسه = ربما تعنى أن الله يشهد له  فالله هو الحق. أو تعنى من أعماله أى أعمال ديمتريوس\'a1 فأعماله بحسب الحق\'a1وهى تشهد له. 
ونحن أيضاً = أى أن الرسول إختبره بنفسه. 
مشهود له من الجميع = هكذا أولاد الله نورهم ظاهر للجميع. وبهذا يشجع الرسول\'a1 غايس أن يقتدى بديمتريوس ولا يتشبه بديوتريفس.

أية 13 :- وَكَانَ لِي كَثِيرٌ لأَكْتُبَهُ\'a1 لَكِنَّنِي لَسْتُ أُرِيدُ أَنْ أَكْتُبَ إِلَيْكَ بِحِبْرٍ وَقَلَمٍ
 الجسر= كان من السناج الممزوج بماء ومقوى بالصمغ. والقلم = كان من الغاب المشطوف.

اية 14 :- وَلَكِنَّنِي أَرْجُو أَنْ أَرَاكَ عَنْ قَرِيبٍ فَنَتَكَلَّمَ فَماً لِفَمٍ.
تأكيد على أهمية التقليد.

أية 15 :- سَلاَمٌ لَكَ. يُسَلِّمُ عَلَيْكَ الأَحِبَّاءُ. سَلِّمْ عَلَى الأَحِبَّاءِ بِأَسْمَائِهِمْ. 
يسلم عليك الأحباء = ولم يقل الإخوة تأكيداً على المحبة. وهكذا أيضاً سلم على الأحباء."
يوحنا ثالثة,1,6,"الإصحاح الأول
أية 1 :- اَلشَّيْخُ\'a1 إِلَى غَايُسَ الْحَبِيبِ الَّذِي أَنَا أُحِبُّهُ بِالْحَقِّ 
الرسول يحب بالحق أى لأجل المسيح\'a1 وبالمسيح الذى فيه.

أية 2 :- أَيُّهَا الْحَبِيبُ\'a1 فِي كُلِّ شَيْءٍ أَرُومُ أَنْ تَكُونَ نَاجِحاً وَصَحِيحاً\'a1 كَمَا أَنَّ نَفْسَكَ نَاجِحَة
الرسول يتمنى أن يكون غايس صحيحاً جسدياً. كما أنه نفسياً أى روحياً صحيح. ويرى البعض أن معنى كلام الرسول هنا أن صحة غايس كانت ليست على مايرام. والكنيسة تصلى من أجل صحة أولادها (فى أوشية المرضى) كما تصلى للراقدين والمسافرين. وأهم ما تطلبه لأجلهم هو غفران خطاياهم. 
كما أن نفسك ناجحة = النجاح ليس هو النجاح المادى وصحة الجسد. بل نجاح نفسى يتمثل فى الإحساس بالشبع والفرح والرضى والسلام الذى يملأ القلب. كما قال داود """"أحبك يارب يا قوتى"""" ( مز 18). ودانيال ويوسف كانوا ناجحين. وللأسف فهناك أباء يهتمون بنجاح أولادهم مادياً ودراسياً ولا يهتمون بحياتهم الروحية وأن يصرف أولادهم وقتاً مع الله.

أية 3 :- لأَنِّي فَرِحْتُ جِدّاً إِذْ حَضَرَ إِخْوَةٌ وَشَهِدُوا بِالْحَقِّ الَّذِي فِيكَ\'a1 كَمَا أَنَّكَ تَسْلُكُ بِالْحَقِّ
إذاً هو يكتب ليشجعه أن يستمر فى مسلكه. فرحة الخادم هى أن يرى أولاده يسلكون بالحق وبالمحبة وأن إيمانهم سليم. 

أية 4 :- لَيْسَ لِي فَرَحٌ أَعْظَمُ مِنْ هَذَا: أَنْ أَسْمَعَ عَنْ أَوْلاَدِي أَنَّهُمْ يَسْلُكُونَ بِالْحَقِّ
أسمع عن أولادى = هى أبوة يستمدها من الله وفى الله وبه\'a1 فإن صارت العلاقة خارج الرب يسوع ينطبق عليها هذا القول """" لا تدعوا لكم أباً على الأرض ( مت23: 8 - 10) وراجع ( غل4: 19 \'ba  1كو4: 15 \'ba  1تس2: 11).

أيات 5\'a1 6 :- أَيُّهَا الْحَبِيبُ\'a1 أَنْتَ تَفْعَلُ بِالأَمَانَةِ كُلَّ مَا تَصْنَعُهُ إِلَى الإِخْوَةِ وَإِلَى الْغُرَبَاءِ\'a1 الَّذِينَ شَهِدُوا بِمَحَبَّتِكَ أَمَامَ الْكَنِيسَةِ. الَّذِينَ تَفْعَلُ حَسَناً إِذَا شَيَّعْتَهُمْ كَمَا يَحِقُّ للهِ\'a1
الغرباء = الذين لم يعرفهم غايس قبلاً. الإخوة = هم الذين سبق وعرفهم غايس من قبل. كما يحق لله = الله هو القياس وليس خدامه.

أية 7 :- لأَنَّهُمْ مِنْ أَجْلِ اسْمِهِ خَرَجُوا وَهُمْ لاَ يَأْخُذُونَ شَيْئاً مِنَ الأُمَمِ
واضح أن هؤلاء الإخوة الغرباء خرجوا ليكرزوا للأمم\'a1ويريدون أن تكون خدمتهم مجانية\'a1أى بلا مقابل يأخذونه من الأمم. وغايس أتاح لهم هذا بأن تكفل بإحتياجاتهم المادية.

كان هناك نوعان من الخدام فى الكنيسة الأولى :- 
1.خدام محليين ثابتين مستقرين وهؤلاء يسكنون فى بيوتهم.
2.خدام طوافين ينتقلون من مكان إلى مكان. وهؤلاء لا يمكن لهم أن يستعملوا الفنادق لسمعتها السيئة\'a1 إذاً كانوا محتاجين لمن يستضيفهم (كملاكى لوط). لذلك وجدت وصية """"لا تنسوا إضافة الغرباء"""" ( عب2:13). فكان هذا إحتياج الكنيسة فى تلك الأيام. وكانت تلك الإستضافة تشمل (الطعام والنوم). فهؤلاء الخدام لا يخدمون لربح مادى. ولقد إشترطت الكنيسة على هؤلاء الذين يقيمون أكثر من مدة معينة أن يعملوا ليأكلوا\'a1 يكون لهم عمل يتكسبون منه. لذلك نرى بولس الرسول قد عمل كخيام (صانع خيام).

أية 8 :- فَنَحْنُ يَنْبَغِي لَنَا أَنْ نَقْبَلَ أَمْثَالَ هَؤُلاَءِ\'a1 لِكَيْ نَكُونَ عَامِلِينَ مَعَهُمْ بِالْحَقِّ
من يكرم خدام الله يكرم الله.

أيات 9\'a1 10 :- كَتَبْتُ إِلَى الْكَنِيسَةِ\'a1 وَلَكِنَّ دِيُوتْرِيفِسَ - الَّذِي يُحِبُّ أَنْ يَكُونَ الأَّوَلَ بَيْنَهُمْ - لاَ يَقْبَلُنَا. مِنْ أَجْلِ ذَلِكَ إِذَا جِئْتُ فَسَأُذَكِّرُهُ بِأَعْمَالِهِ الَّتِي يَعْمَلُهَا\'a1 هَاذِراً عَلَيْنَا بِأَقْوَالٍ خَبِيثَةٍ. وَإِذْ هُوَ غَيْرُ مُكْتَفٍ بِهَذِهِ\'a1 لاَ يَقْبَلُ الإِخْوَةَ\'a1 وَيَمْنَعُ أَيْضاً الَّذِينَ يُرِيدُونَ\'a1 وَيَطْرُدُهُمْ مِنَ الْكَنِيسَةِ
يبدو أن ديوتريفس هذا كان شخصاً ذو سلطان فى الكنيسة وربما كان هو الأسقف\'a1 إذ هو قادر أن يمنع أشخاصاً من دخول الكنيسة. 
كتبت إلى الكنيسة = كتب يوحنا رسالة إلى الكنيسة يطلب فيها قبول الإخوة الكارزين\'a1 فمنع ديوتريفس وصول الرسالة للكنيسة. يحب أن يكون الأول = خطية الكبرياء هذه تجعل الخادم ينحرف عن خدمته\'a1 ويحدث الإنشقاق فى الكنيسة. لايقبلنا = هو فى كبريائه لا يطيق الحق\'a1 يريد أن يعلم ولا يتعلم. ولا يقبل هؤلاء الإخوة الذين أرسلهم يوحنا ليكرزوا ويعلموا. بل هو طرد هؤلاء الإخوة\'a1 بل طرد الذين قبلوهم فى بيوتهم = الذين يريدون. والرسول يقول سأذكره = أى يساعده على معرفة أخطائه ليخلص نفسه.

أية 11 :- أَيُّهَا الْحَبِيبُ\'a1 لاَ تَتَمَثَّلْ بِالشَّرِّ بَلْ بِالْخَيْرِ\'a1 لأَنَّ مَنْ يَصْنَعُ الْخَيْرَ هُوَ مِنَ اللهِ\'a1 وَمَنْ يَصْنَعُ الشَّرَّ فَلَمْ يُبْصِرِ اللهَ.
لا تتمثل بالشر = بديوتريفس وأعماله. بل بالخير = أى بديمتريوس.
فلم يبصر الله = من يفعل الشر\'a1ويمتلىء قلبه بالعجرفة وحب الذات ينحنى بإرادته للظلمة فلا يقدر أن يبصر الله """" فلا شركة للنور مع الظلمة"""" ( 2كو6: 14). ومن أبصر الله فلقد أبصر النور فالله نور\'a1والنور يضىء له الطريق فيعرف الحق. 
أية 12 :- دِيمِتْرِيُوسُ مَشْهُودٌ لَهُ مِنَ الْجَمِيعِ وَمِنَ الْحَقِّ نَفْسِهِ\'a1 وَنَحْنُ أَيْضاً نَشْهَدُ\'a1 وَأَنْتُمْ تَعْلَمُونَ أَنَّ شَهَادَتَنَا هِيَ صَادِقَةٌ
ومن الحق نفسه = ربما تعنى أن الله يشهد له  فالله هو الحق. أو تعنى من أعماله أى أعمال ديمتريوس\'a1 فأعماله بحسب الحق\'a1وهى تشهد له. 
ونحن أيضاً = أى أن الرسول إختبره بنفسه. 
مشهود له من الجميع = هكذا أولاد الله نورهم ظاهر للجميع. وبهذا يشجع الرسول\'a1 غايس أن يقتدى بديمتريوس ولا يتشبه بديوتريفس.

أية 13 :- وَكَانَ لِي كَثِيرٌ لأَكْتُبَهُ\'a1 لَكِنَّنِي لَسْتُ أُرِيدُ أَنْ أَكْتُبَ إِلَيْكَ بِحِبْرٍ وَقَلَمٍ
 الجسر= كان من السناج الممزوج بماء ومقوى بالصمغ. والقلم = كان من الغاب المشطوف.

اية 14 :- وَلَكِنَّنِي أَرْجُو أَنْ أَرَاكَ عَنْ قَرِيبٍ فَنَتَكَلَّمَ فَماً لِفَمٍ.
تأكيد على أهمية التقليد.

أية 15 :- سَلاَمٌ لَكَ. يُسَلِّمُ عَلَيْكَ الأَحِبَّاءُ. سَلِّمْ عَلَى الأَحِبَّاءِ بِأَسْمَائِهِمْ. 
يسلم عليك الأحباء = ولم يقل الإخوة تأكيداً على المحبة. وهكذا أيضاً سلم على الأحباء."
يوحنا ثالثة,1,7,"الإصحاح الأول
أية 1 :- اَلشَّيْخُ\'a1 إِلَى غَايُسَ الْحَبِيبِ الَّذِي أَنَا أُحِبُّهُ بِالْحَقِّ 
الرسول يحب بالحق أى لأجل المسيح\'a1 وبالمسيح الذى فيه.

أية 2 :- أَيُّهَا الْحَبِيبُ\'a1 فِي كُلِّ شَيْءٍ أَرُومُ أَنْ تَكُونَ نَاجِحاً وَصَحِيحاً\'a1 كَمَا أَنَّ نَفْسَكَ نَاجِحَة
الرسول يتمنى أن يكون غايس صحيحاً جسدياً. كما أنه نفسياً أى روحياً صحيح. ويرى البعض أن معنى كلام الرسول هنا أن صحة غايس كانت ليست على مايرام. والكنيسة تصلى من أجل صحة أولادها (فى أوشية المرضى) كما تصلى للراقدين والمسافرين. وأهم ما تطلبه لأجلهم هو غفران خطاياهم. 
كما أن نفسك ناجحة = النجاح ليس هو النجاح المادى وصحة الجسد. بل نجاح نفسى يتمثل فى الإحساس بالشبع والفرح والرضى والسلام الذى يملأ القلب. كما قال داود """"أحبك يارب يا قوتى"""" ( مز 18). ودانيال ويوسف كانوا ناجحين. وللأسف فهناك أباء يهتمون بنجاح أولادهم مادياً ودراسياً ولا يهتمون بحياتهم الروحية وأن يصرف أولادهم وقتاً مع الله.

أية 3 :- لأَنِّي فَرِحْتُ جِدّاً إِذْ حَضَرَ إِخْوَةٌ وَشَهِدُوا بِالْحَقِّ الَّذِي فِيكَ\'a1 كَمَا أَنَّكَ تَسْلُكُ بِالْحَقِّ
إذاً هو يكتب ليشجعه أن يستمر فى مسلكه. فرحة الخادم هى أن يرى أولاده يسلكون بالحق وبالمحبة وأن إيمانهم سليم. 

أية 4 :- لَيْسَ لِي فَرَحٌ أَعْظَمُ مِنْ هَذَا: أَنْ أَسْمَعَ عَنْ أَوْلاَدِي أَنَّهُمْ يَسْلُكُونَ بِالْحَقِّ
أسمع عن أولادى = هى أبوة يستمدها من الله وفى الله وبه\'a1 فإن صارت العلاقة خارج الرب يسوع ينطبق عليها هذا القول """" لا تدعوا لكم أباً على الأرض ( مت23: 8 - 10) وراجع ( غل4: 19 \'ba  1كو4: 15 \'ba  1تس2: 11).

أيات 5\'a1 6 :- أَيُّهَا الْحَبِيبُ\'a1 أَنْتَ تَفْعَلُ بِالأَمَانَةِ كُلَّ مَا تَصْنَعُهُ إِلَى الإِخْوَةِ وَإِلَى الْغُرَبَاءِ\'a1 الَّذِينَ شَهِدُوا بِمَحَبَّتِكَ أَمَامَ الْكَنِيسَةِ. الَّذِينَ تَفْعَلُ حَسَناً إِذَا شَيَّعْتَهُمْ كَمَا يَحِقُّ للهِ\'a1
الغرباء = الذين لم يعرفهم غايس قبلاً. الإخوة = هم الذين سبق وعرفهم غايس من قبل. كما يحق لله = الله هو القياس وليس خدامه.

أية 7 :- لأَنَّهُمْ مِنْ أَجْلِ اسْمِهِ خَرَجُوا وَهُمْ لاَ يَأْخُذُونَ شَيْئاً مِنَ الأُمَمِ
واضح أن هؤلاء الإخوة الغرباء خرجوا ليكرزوا للأمم\'a1ويريدون أن تكون خدمتهم مجانية\'a1أى بلا مقابل يأخذونه من الأمم. وغايس أتاح لهم هذا بأن تكفل بإحتياجاتهم المادية.

كان هناك نوعان من الخدام فى الكنيسة الأولى :- 
1.خدام محليين ثابتين مستقرين وهؤلاء يسكنون فى بيوتهم.
2.خدام طوافين ينتقلون من مكان إلى مكان. وهؤلاء لا يمكن لهم أن يستعملوا الفنادق لسمعتها السيئة\'a1 إذاً كانوا محتاجين لمن يستضيفهم (كملاكى لوط). لذلك وجدت وصية """"لا تنسوا إضافة الغرباء"""" ( عب2:13). فكان هذا إحتياج الكنيسة فى تلك الأيام. وكانت تلك الإستضافة تشمل (الطعام والنوم). فهؤلاء الخدام لا يخدمون لربح مادى. ولقد إشترطت الكنيسة على هؤلاء الذين يقيمون أكثر من مدة معينة أن يعملوا ليأكلوا\'a1 يكون لهم عمل يتكسبون منه. لذلك نرى بولس الرسول قد عمل كخيام (صانع خيام).

أية 8 :- فَنَحْنُ يَنْبَغِي لَنَا أَنْ نَقْبَلَ أَمْثَالَ هَؤُلاَءِ\'a1 لِكَيْ نَكُونَ عَامِلِينَ مَعَهُمْ بِالْحَقِّ
من يكرم خدام الله يكرم الله.

أيات 9\'a1 10 :- كَتَبْتُ إِلَى الْكَنِيسَةِ\'a1 وَلَكِنَّ دِيُوتْرِيفِسَ - الَّذِي يُحِبُّ أَنْ يَكُونَ الأَّوَلَ بَيْنَهُمْ - لاَ يَقْبَلُنَا. مِنْ أَجْلِ ذَلِكَ إِذَا جِئْتُ فَسَأُذَكِّرُهُ بِأَعْمَالِهِ الَّتِي يَعْمَلُهَا\'a1 هَاذِراً عَلَيْنَا بِأَقْوَالٍ خَبِيثَةٍ. وَإِذْ هُوَ غَيْرُ مُكْتَفٍ بِهَذِهِ\'a1 لاَ يَقْبَلُ الإِخْوَةَ\'a1 وَيَمْنَعُ أَيْضاً الَّذِينَ يُرِيدُونَ\'a1 وَيَطْرُدُهُمْ مِنَ الْكَنِيسَةِ
يبدو أن ديوتريفس هذا كان شخصاً ذو سلطان فى الكنيسة وربما كان هو الأسقف\'a1 إذ هو قادر أن يمنع أشخاصاً من دخول الكنيسة. 
كتبت إلى الكنيسة = كتب يوحنا رسالة إلى الكنيسة يطلب فيها قبول الإخوة الكارزين\'a1 فمنع ديوتريفس وصول الرسالة للكنيسة. يحب أن يكون الأول = خطية الكبرياء هذه تجعل الخادم ينحرف عن خدمته\'a1 ويحدث الإنشقاق فى الكنيسة. لايقبلنا = هو فى كبريائه لا يطيق الحق\'a1 يريد أن يعلم ولا يتعلم. ولا يقبل هؤلاء الإخوة الذين أرسلهم يوحنا ليكرزوا ويعلموا. بل هو طرد هؤلاء الإخوة\'a1 بل طرد الذين قبلوهم فى بيوتهم = الذين يريدون. والرسول يقول سأذكره = أى يساعده على معرفة أخطائه ليخلص نفسه.

أية 11 :- أَيُّهَا الْحَبِيبُ\'a1 لاَ تَتَمَثَّلْ بِالشَّرِّ بَلْ بِالْخَيْرِ\'a1 لأَنَّ مَنْ يَصْنَعُ الْخَيْرَ هُوَ مِنَ اللهِ\'a1 وَمَنْ يَصْنَعُ الشَّرَّ فَلَمْ يُبْصِرِ اللهَ.
لا تتمثل بالشر = بديوتريفس وأعماله. بل بالخير = أى بديمتريوس.
فلم يبصر الله = من يفعل الشر\'a1ويمتلىء قلبه بالعجرفة وحب الذات ينحنى بإرادته للظلمة فلا يقدر أن يبصر الله """" فلا شركة للنور مع الظلمة"""" ( 2كو6: 14). ومن أبصر الله فلقد أبصر النور فالله نور\'a1والنور يضىء له الطريق فيعرف الحق. 
أية 12 :- دِيمِتْرِيُوسُ مَشْهُودٌ لَهُ مِنَ الْجَمِيعِ وَمِنَ الْحَقِّ نَفْسِهِ\'a1 وَنَحْنُ أَيْضاً نَشْهَدُ\'a1 وَأَنْتُمْ تَعْلَمُونَ أَنَّ شَهَادَتَنَا هِيَ صَادِقَةٌ
ومن الحق نفسه = ربما تعنى أن الله يشهد له  فالله هو الحق. أو تعنى من أعماله أى أعمال ديمتريوس\'a1 فأعماله بحسب الحق\'a1وهى تشهد له. 
ونحن أيضاً = أى أن الرسول إختبره بنفسه. 
مشهود له من الجميع = هكذا أولاد الله نورهم ظاهر للجميع. وبهذا يشجع الرسول\'a1 غايس أن يقتدى بديمتريوس ولا يتشبه بديوتريفس.

أية 13 :- وَكَانَ لِي كَثِيرٌ لأَكْتُبَهُ\'a1 لَكِنَّنِي لَسْتُ أُرِيدُ أَنْ أَكْتُبَ إِلَيْكَ بِحِبْرٍ وَقَلَمٍ
 الجسر= كان من السناج الممزوج بماء ومقوى بالصمغ. والقلم = كان من الغاب المشطوف.

اية 14 :- وَلَكِنَّنِي أَرْجُو أَنْ أَرَاكَ عَنْ قَرِيبٍ فَنَتَكَلَّمَ فَماً لِفَمٍ.
تأكيد على أهمية التقليد.

أية 15 :- سَلاَمٌ لَكَ. يُسَلِّمُ عَلَيْكَ الأَحِبَّاءُ. سَلِّمْ عَلَى الأَحِبَّاءِ بِأَسْمَائِهِمْ. 
يسلم عليك الأحباء = ولم يقل الإخوة تأكيداً على المحبة. وهكذا أيضاً سلم على الأحباء."
يوحنا ثالثة,1,8,"الإصحاح الأول
أية 1 :- اَلشَّيْخُ\'a1 إِلَى غَايُسَ الْحَبِيبِ الَّذِي أَنَا أُحِبُّهُ بِالْحَقِّ 
الرسول يحب بالحق أى لأجل المسيح\'a1 وبالمسيح الذى فيه.

أية 2 :- أَيُّهَا الْحَبِيبُ\'a1 فِي كُلِّ شَيْءٍ أَرُومُ أَنْ تَكُونَ نَاجِحاً وَصَحِيحاً\'a1 كَمَا أَنَّ نَفْسَكَ نَاجِحَة
الرسول يتمنى أن يكون غايس صحيحاً جسدياً. كما أنه نفسياً أى روحياً صحيح. ويرى البعض أن معنى كلام الرسول هنا أن صحة غايس كانت ليست على مايرام. والكنيسة تصلى من أجل صحة أولادها (فى أوشية المرضى) كما تصلى للراقدين والمسافرين. وأهم ما تطلبه لأجلهم هو غفران خطاياهم. 
كما أن نفسك ناجحة = النجاح ليس هو النجاح المادى وصحة الجسد. بل نجاح نفسى يتمثل فى الإحساس بالشبع والفرح والرضى والسلام الذى يملأ القلب. كما قال داود """"أحبك يارب يا قوتى"""" ( مز 18). ودانيال ويوسف كانوا ناجحين. وللأسف فهناك أباء يهتمون بنجاح أولادهم مادياً ودراسياً ولا يهتمون بحياتهم الروحية وأن يصرف أولادهم وقتاً مع الله.

أية 3 :- لأَنِّي فَرِحْتُ جِدّاً إِذْ حَضَرَ إِخْوَةٌ وَشَهِدُوا بِالْحَقِّ الَّذِي فِيكَ\'a1 كَمَا أَنَّكَ تَسْلُكُ بِالْحَقِّ
إذاً هو يكتب ليشجعه أن يستمر فى مسلكه. فرحة الخادم هى أن يرى أولاده يسلكون بالحق وبالمحبة وأن إيمانهم سليم. 

أية 4 :- لَيْسَ لِي فَرَحٌ أَعْظَمُ مِنْ هَذَا: أَنْ أَسْمَعَ عَنْ أَوْلاَدِي أَنَّهُمْ يَسْلُكُونَ بِالْحَقِّ
أسمع عن أولادى = هى أبوة يستمدها من الله وفى الله وبه\'a1 فإن صارت العلاقة خارج الرب يسوع ينطبق عليها هذا القول """" لا تدعوا لكم أباً على الأرض ( مت23: 8 - 10) وراجع ( غل4: 19 \'ba  1كو4: 15 \'ba  1تس2: 11).

أيات 5\'a1 6 :- أَيُّهَا الْحَبِيبُ\'a1 أَنْتَ تَفْعَلُ بِالأَمَانَةِ كُلَّ مَا تَصْنَعُهُ إِلَى الإِخْوَةِ وَإِلَى الْغُرَبَاءِ\'a1 الَّذِينَ شَهِدُوا بِمَحَبَّتِكَ أَمَامَ الْكَنِيسَةِ. الَّذِينَ تَفْعَلُ حَسَناً إِذَا شَيَّعْتَهُمْ كَمَا يَحِقُّ للهِ\'a1
الغرباء = الذين لم يعرفهم غايس قبلاً. الإخوة = هم الذين سبق وعرفهم غايس من قبل. كما يحق لله = الله هو القياس وليس خدامه.

أية 7 :- لأَنَّهُمْ مِنْ أَجْلِ اسْمِهِ خَرَجُوا وَهُمْ لاَ يَأْخُذُونَ شَيْئاً مِنَ الأُمَمِ
واضح أن هؤلاء الإخوة الغرباء خرجوا ليكرزوا للأمم\'a1ويريدون أن تكون خدمتهم مجانية\'a1أى بلا مقابل يأخذونه من الأمم. وغايس أتاح لهم هذا بأن تكفل بإحتياجاتهم المادية.

كان هناك نوعان من الخدام فى الكنيسة الأولى :- 
1.خدام محليين ثابتين مستقرين وهؤلاء يسكنون فى بيوتهم.
2.خدام طوافين ينتقلون من مكان إلى مكان. وهؤلاء لا يمكن لهم أن يستعملوا الفنادق لسمعتها السيئة\'a1 إذاً كانوا محتاجين لمن يستضيفهم (كملاكى لوط). لذلك وجدت وصية """"لا تنسوا إضافة الغرباء"""" ( عب2:13). فكان هذا إحتياج الكنيسة فى تلك الأيام. وكانت تلك الإستضافة تشمل (الطعام والنوم). فهؤلاء الخدام لا يخدمون لربح مادى. ولقد إشترطت الكنيسة على هؤلاء الذين يقيمون أكثر من مدة معينة أن يعملوا ليأكلوا\'a1 يكون لهم عمل يتكسبون منه. لذلك نرى بولس الرسول قد عمل كخيام (صانع خيام).

أية 8 :- فَنَحْنُ يَنْبَغِي لَنَا أَنْ نَقْبَلَ أَمْثَالَ هَؤُلاَءِ\'a1 لِكَيْ نَكُونَ عَامِلِينَ مَعَهُمْ بِالْحَقِّ
من يكرم خدام الله يكرم الله.

أيات 9\'a1 10 :- كَتَبْتُ إِلَى الْكَنِيسَةِ\'a1 وَلَكِنَّ دِيُوتْرِيفِسَ - الَّذِي يُحِبُّ أَنْ يَكُونَ الأَّوَلَ بَيْنَهُمْ - لاَ يَقْبَلُنَا. مِنْ أَجْلِ ذَلِكَ إِذَا جِئْتُ فَسَأُذَكِّرُهُ بِأَعْمَالِهِ الَّتِي يَعْمَلُهَا\'a1 هَاذِراً عَلَيْنَا بِأَقْوَالٍ خَبِيثَةٍ. وَإِذْ هُوَ غَيْرُ مُكْتَفٍ بِهَذِهِ\'a1 لاَ يَقْبَلُ الإِخْوَةَ\'a1 وَيَمْنَعُ أَيْضاً الَّذِينَ يُرِيدُونَ\'a1 وَيَطْرُدُهُمْ مِنَ الْكَنِيسَةِ
يبدو أن ديوتريفس هذا كان شخصاً ذو سلطان فى الكنيسة وربما كان هو الأسقف\'a1 إذ هو قادر أن يمنع أشخاصاً من دخول الكنيسة. 
كتبت إلى الكنيسة = كتب يوحنا رسالة إلى الكنيسة يطلب فيها قبول الإخوة الكارزين\'a1 فمنع ديوتريفس وصول الرسالة للكنيسة. يحب أن يكون الأول = خطية الكبرياء هذه تجعل الخادم ينحرف عن خدمته\'a1 ويحدث الإنشقاق فى الكنيسة. لايقبلنا = هو فى كبريائه لا يطيق الحق\'a1 يريد أن يعلم ولا يتعلم. ولا يقبل هؤلاء الإخوة الذين أرسلهم يوحنا ليكرزوا ويعلموا. بل هو طرد هؤلاء الإخوة\'a1 بل طرد الذين قبلوهم فى بيوتهم = الذين يريدون. والرسول يقول سأذكره = أى يساعده على معرفة أخطائه ليخلص نفسه.

أية 11 :- أَيُّهَا الْحَبِيبُ\'a1 لاَ تَتَمَثَّلْ بِالشَّرِّ بَلْ بِالْخَيْرِ\'a1 لأَنَّ مَنْ يَصْنَعُ الْخَيْرَ هُوَ مِنَ اللهِ\'a1 وَمَنْ يَصْنَعُ الشَّرَّ فَلَمْ يُبْصِرِ اللهَ.
لا تتمثل بالشر = بديوتريفس وأعماله. بل بالخير = أى بديمتريوس.
فلم يبصر الله = من يفعل الشر\'a1ويمتلىء قلبه بالعجرفة وحب الذات ينحنى بإرادته للظلمة فلا يقدر أن يبصر الله """" فلا شركة للنور مع الظلمة"""" ( 2كو6: 14). ومن أبصر الله فلقد أبصر النور فالله نور\'a1والنور يضىء له الطريق فيعرف الحق. 
أية 12 :- دِيمِتْرِيُوسُ مَشْهُودٌ لَهُ مِنَ الْجَمِيعِ وَمِنَ الْحَقِّ نَفْسِهِ\'a1 وَنَحْنُ أَيْضاً نَشْهَدُ\'a1 وَأَنْتُمْ تَعْلَمُونَ أَنَّ شَهَادَتَنَا هِيَ صَادِقَةٌ
ومن الحق نفسه = ربما تعنى أن الله يشهد له  فالله هو الحق. أو تعنى من أعماله أى أعمال ديمتريوس\'a1 فأعماله بحسب الحق\'a1وهى تشهد له. 
ونحن أيضاً = أى أن الرسول إختبره بنفسه. 
مشهود له من الجميع = هكذا أولاد الله نورهم ظاهر للجميع. وبهذا يشجع الرسول\'a1 غايس أن يقتدى بديمتريوس ولا يتشبه بديوتريفس.

أية 13 :- وَكَانَ لِي كَثِيرٌ لأَكْتُبَهُ\'a1 لَكِنَّنِي لَسْتُ أُرِيدُ أَنْ أَكْتُبَ إِلَيْكَ بِحِبْرٍ وَقَلَمٍ
 الجسر= كان من السناج الممزوج بماء ومقوى بالصمغ. والقلم = كان من الغاب المشطوف.

اية 14 :- وَلَكِنَّنِي أَرْجُو أَنْ أَرَاكَ عَنْ قَرِيبٍ فَنَتَكَلَّمَ فَماً لِفَمٍ.
تأكيد على أهمية التقليد.

أية 15 :- سَلاَمٌ لَكَ. يُسَلِّمُ عَلَيْكَ الأَحِبَّاءُ. سَلِّمْ عَلَى الأَحِبَّاءِ بِأَسْمَائِهِمْ. 
يسلم عليك الأحباء = ولم يقل الإخوة تأكيداً على المحبة. وهكذا أيضاً سلم على الأحباء."
يوحنا ثالثة,1,9,"الإصحاح الأول
أية 1 :- اَلشَّيْخُ\'a1 إِلَى غَايُسَ الْحَبِيبِ الَّذِي أَنَا أُحِبُّهُ بِالْحَقِّ 
الرسول يحب بالحق أى لأجل المسيح\'a1 وبالمسيح الذى فيه.

أية 2 :- أَيُّهَا الْحَبِيبُ\'a1 فِي كُلِّ شَيْءٍ أَرُومُ أَنْ تَكُونَ نَاجِحاً وَصَحِيحاً\'a1 كَمَا أَنَّ نَفْسَكَ نَاجِحَة
الرسول يتمنى أن يكون غايس صحيحاً جسدياً. كما أنه نفسياً أى روحياً صحيح. ويرى البعض أن معنى كلام الرسول هنا أن صحة غايس كانت ليست على مايرام. والكنيسة تصلى من أجل صحة أولادها (فى أوشية المرضى) كما تصلى للراقدين والمسافرين. وأهم ما تطلبه لأجلهم هو غفران خطاياهم. 
كما أن نفسك ناجحة = النجاح ليس هو النجاح المادى وصحة الجسد. بل نجاح نفسى يتمثل فى الإحساس بالشبع والفرح والرضى والسلام الذى يملأ القلب. كما قال داود """"أحبك يارب يا قوتى"""" ( مز 18). ودانيال ويوسف كانوا ناجحين. وللأسف فهناك أباء يهتمون بنجاح أولادهم مادياً ودراسياً ولا يهتمون بحياتهم الروحية وأن يصرف أولادهم وقتاً مع الله.

أية 3 :- لأَنِّي فَرِحْتُ جِدّاً إِذْ حَضَرَ إِخْوَةٌ وَشَهِدُوا بِالْحَقِّ الَّذِي فِيكَ\'a1 كَمَا أَنَّكَ تَسْلُكُ بِالْحَقِّ
إذاً هو يكتب ليشجعه أن يستمر فى مسلكه. فرحة الخادم هى أن يرى أولاده يسلكون بالحق وبالمحبة وأن إيمانهم سليم. 

أية 4 :- لَيْسَ لِي فَرَحٌ أَعْظَمُ مِنْ هَذَا: أَنْ أَسْمَعَ عَنْ أَوْلاَدِي أَنَّهُمْ يَسْلُكُونَ بِالْحَقِّ
أسمع عن أولادى = هى أبوة يستمدها من الله وفى الله وبه\'a1 فإن صارت العلاقة خارج الرب يسوع ينطبق عليها هذا القول """" لا تدعوا لكم أباً على الأرض ( مت23: 8 - 10) وراجع ( غل4: 19 \'ba  1كو4: 15 \'ba  1تس2: 11).

أيات 5\'a1 6 :- أَيُّهَا الْحَبِيبُ\'a1 أَنْتَ تَفْعَلُ بِالأَمَانَةِ كُلَّ مَا تَصْنَعُهُ إِلَى الإِخْوَةِ وَإِلَى الْغُرَبَاءِ\'a1 الَّذِينَ شَهِدُوا بِمَحَبَّتِكَ أَمَامَ الْكَنِيسَةِ. الَّذِينَ تَفْعَلُ حَسَناً إِذَا شَيَّعْتَهُمْ كَمَا يَحِقُّ للهِ\'a1
الغرباء = الذين لم يعرفهم غايس قبلاً. الإخوة = هم الذين سبق وعرفهم غايس من قبل. كما يحق لله = الله هو القياس وليس خدامه.

أية 7 :- لأَنَّهُمْ مِنْ أَجْلِ اسْمِهِ خَرَجُوا وَهُمْ لاَ يَأْخُذُونَ شَيْئاً مِنَ الأُمَمِ
واضح أن هؤلاء الإخوة الغرباء خرجوا ليكرزوا للأمم\'a1ويريدون أن تكون خدمتهم مجانية\'a1أى بلا مقابل يأخذونه من الأمم. وغايس أتاح لهم هذا بأن تكفل بإحتياجاتهم المادية.

كان هناك نوعان من الخدام فى الكنيسة الأولى :- 
1.خدام محليين ثابتين مستقرين وهؤلاء يسكنون فى بيوتهم.
2.خدام طوافين ينتقلون من مكان إلى مكان. وهؤلاء لا يمكن لهم أن يستعملوا الفنادق لسمعتها السيئة\'a1 إذاً كانوا محتاجين لمن يستضيفهم (كملاكى لوط). لذلك وجدت وصية """"لا تنسوا إضافة الغرباء"""" ( عب2:13). فكان هذا إحتياج الكنيسة فى تلك الأيام. وكانت تلك الإستضافة تشمل (الطعام والنوم). فهؤلاء الخدام لا يخدمون لربح مادى. ولقد إشترطت الكنيسة على هؤلاء الذين يقيمون أكثر من مدة معينة أن يعملوا ليأكلوا\'a1 يكون لهم عمل يتكسبون منه. لذلك نرى بولس الرسول قد عمل كخيام (صانع خيام).

أية 8 :- فَنَحْنُ يَنْبَغِي لَنَا أَنْ نَقْبَلَ أَمْثَالَ هَؤُلاَءِ\'a1 لِكَيْ نَكُونَ عَامِلِينَ مَعَهُمْ بِالْحَقِّ
من يكرم خدام الله يكرم الله.

أيات 9\'a1 10 :- كَتَبْتُ إِلَى الْكَنِيسَةِ\'a1 وَلَكِنَّ دِيُوتْرِيفِسَ - الَّذِي يُحِبُّ أَنْ يَكُونَ الأَّوَلَ بَيْنَهُمْ - لاَ يَقْبَلُنَا. مِنْ أَجْلِ ذَلِكَ إِذَا جِئْتُ فَسَأُذَكِّرُهُ بِأَعْمَالِهِ الَّتِي يَعْمَلُهَا\'a1 هَاذِراً عَلَيْنَا بِأَقْوَالٍ خَبِيثَةٍ. وَإِذْ هُوَ غَيْرُ مُكْتَفٍ بِهَذِهِ\'a1 لاَ يَقْبَلُ الإِخْوَةَ\'a1 وَيَمْنَعُ أَيْضاً الَّذِينَ يُرِيدُونَ\'a1 وَيَطْرُدُهُمْ مِنَ الْكَنِيسَةِ
يبدو أن ديوتريفس هذا كان شخصاً ذو سلطان فى الكنيسة وربما كان هو الأسقف\'a1 إذ هو قادر أن يمنع أشخاصاً من دخول الكنيسة. 
كتبت إلى الكنيسة = كتب يوحنا رسالة إلى الكنيسة يطلب فيها قبول الإخوة الكارزين\'a1 فمنع ديوتريفس وصول الرسالة للكنيسة. يحب أن يكون الأول = خطية الكبرياء هذه تجعل الخادم ينحرف عن خدمته\'a1 ويحدث الإنشقاق فى الكنيسة. لايقبلنا = هو فى كبريائه لا يطيق الحق\'a1 يريد أن يعلم ولا يتعلم. ولا يقبل هؤلاء الإخوة الذين أرسلهم يوحنا ليكرزوا ويعلموا. بل هو طرد هؤلاء الإخوة\'a1 بل طرد الذين قبلوهم فى بيوتهم = الذين يريدون. والرسول يقول سأذكره = أى يساعده على معرفة أخطائه ليخلص نفسه.

أية 11 :- أَيُّهَا الْحَبِيبُ\'a1 لاَ تَتَمَثَّلْ بِالشَّرِّ بَلْ بِالْخَيْرِ\'a1 لأَنَّ مَنْ يَصْنَعُ الْخَيْرَ هُوَ مِنَ اللهِ\'a1 وَمَنْ يَصْنَعُ الشَّرَّ فَلَمْ يُبْصِرِ اللهَ.
لا تتمثل بالشر = بديوتريفس وأعماله. بل بالخير = أى بديمتريوس.
فلم يبصر الله = من يفعل الشر\'a1ويمتلىء قلبه بالعجرفة وحب الذات ينحنى بإرادته للظلمة فلا يقدر أن يبصر الله """" فلا شركة للنور مع الظلمة"""" ( 2كو6: 14). ومن أبصر الله فلقد أبصر النور فالله نور\'a1والنور يضىء له الطريق فيعرف الحق. 
أية 12 :- دِيمِتْرِيُوسُ مَشْهُودٌ لَهُ مِنَ الْجَمِيعِ وَمِنَ الْحَقِّ نَفْسِهِ\'a1 وَنَحْنُ أَيْضاً نَشْهَدُ\'a1 وَأَنْتُمْ تَعْلَمُونَ أَنَّ شَهَادَتَنَا هِيَ صَادِقَةٌ
ومن الحق نفسه = ربما تعنى أن الله يشهد له  فالله هو الحق. أو تعنى من أعماله أى أعمال ديمتريوس\'a1 فأعماله بحسب الحق\'a1وهى تشهد له. 
ونحن أيضاً = أى أن الرسول إختبره بنفسه. 
مشهود له من الجميع = هكذا أولاد الله نورهم ظاهر للجميع. وبهذا يشجع الرسول\'a1 غايس أن يقتدى بديمتريوس ولا يتشبه بديوتريفس.

أية 13 :- وَكَانَ لِي كَثِيرٌ لأَكْتُبَهُ\'a1 لَكِنَّنِي لَسْتُ أُرِيدُ أَنْ أَكْتُبَ إِلَيْكَ بِحِبْرٍ وَقَلَمٍ
 الجسر= كان من السناج الممزوج بماء ومقوى بالصمغ. والقلم = كان من الغاب المشطوف.

اية 14 :- وَلَكِنَّنِي أَرْجُو أَنْ أَرَاكَ عَنْ قَرِيبٍ فَنَتَكَلَّمَ فَماً لِفَمٍ.
تأكيد على أهمية التقليد.

أية 15 :- سَلاَمٌ لَكَ. يُسَلِّمُ عَلَيْكَ الأَحِبَّاءُ. سَلِّمْ عَلَى الأَحِبَّاءِ بِأَسْمَائِهِمْ. 
يسلم عليك الأحباء = ولم يقل الإخوة تأكيداً على المحبة. وهكذا أيضاً سلم على الأحباء."
يوحنا ثالثة,1,10,"الإصحاح الأول
أية 1 :- اَلشَّيْخُ\'a1 إِلَى غَايُسَ الْحَبِيبِ الَّذِي أَنَا أُحِبُّهُ بِالْحَقِّ 
الرسول يحب بالحق أى لأجل المسيح\'a1 وبالمسيح الذى فيه.

أية 2 :- أَيُّهَا الْحَبِيبُ\'a1 فِي كُلِّ شَيْءٍ أَرُومُ أَنْ تَكُونَ نَاجِحاً وَصَحِيحاً\'a1 كَمَا أَنَّ نَفْسَكَ نَاجِحَة
الرسول يتمنى أن يكون غايس صحيحاً جسدياً. كما أنه نفسياً أى روحياً صحيح. ويرى البعض أن معنى كلام الرسول هنا أن صحة غايس كانت ليست على مايرام. والكنيسة تصلى من أجل صحة أولادها (فى أوشية المرضى) كما تصلى للراقدين والمسافرين. وأهم ما تطلبه لأجلهم هو غفران خطاياهم. 
كما أن نفسك ناجحة = النجاح ليس هو النجاح المادى وصحة الجسد. بل نجاح نفسى يتمثل فى الإحساس بالشبع والفرح والرضى والسلام الذى يملأ القلب. كما قال داود """"أحبك يارب يا قوتى"""" ( مز 18). ودانيال ويوسف كانوا ناجحين. وللأسف فهناك أباء يهتمون بنجاح أولادهم مادياً ودراسياً ولا يهتمون بحياتهم الروحية وأن يصرف أولادهم وقتاً مع الله.

أية 3 :- لأَنِّي فَرِحْتُ جِدّاً إِذْ حَضَرَ إِخْوَةٌ وَشَهِدُوا بِالْحَقِّ الَّذِي فِيكَ\'a1 كَمَا أَنَّكَ تَسْلُكُ بِالْحَقِّ
إذاً هو يكتب ليشجعه أن يستمر فى مسلكه. فرحة الخادم هى أن يرى أولاده يسلكون بالحق وبالمحبة وأن إيمانهم سليم. 

أية 4 :- لَيْسَ لِي فَرَحٌ أَعْظَمُ مِنْ هَذَا: أَنْ أَسْمَعَ عَنْ أَوْلاَدِي أَنَّهُمْ يَسْلُكُونَ بِالْحَقِّ
أسمع عن أولادى = هى أبوة يستمدها من الله وفى الله وبه\'a1 فإن صارت العلاقة خارج الرب يسوع ينطبق عليها هذا القول """" لا تدعوا لكم أباً على الأرض ( مت23: 8 - 10) وراجع ( غل4: 19 \'ba  1كو4: 15 \'ba  1تس2: 11).

أيات 5\'a1 6 :- أَيُّهَا الْحَبِيبُ\'a1 أَنْتَ تَفْعَلُ بِالأَمَانَةِ كُلَّ مَا تَصْنَعُهُ إِلَى الإِخْوَةِ وَإِلَى الْغُرَبَاءِ\'a1 الَّذِينَ شَهِدُوا بِمَحَبَّتِكَ أَمَامَ الْكَنِيسَةِ. الَّذِينَ تَفْعَلُ حَسَناً إِذَا شَيَّعْتَهُمْ كَمَا يَحِقُّ للهِ\'a1
الغرباء = الذين لم يعرفهم غايس قبلاً. الإخوة = هم الذين سبق وعرفهم غايس من قبل. كما يحق لله = الله هو القياس وليس خدامه.

أية 7 :- لأَنَّهُمْ مِنْ أَجْلِ اسْمِهِ خَرَجُوا وَهُمْ لاَ يَأْخُذُونَ شَيْئاً مِنَ الأُمَمِ
واضح أن هؤلاء الإخوة الغرباء خرجوا ليكرزوا للأمم\'a1ويريدون أن تكون خدمتهم مجانية\'a1أى بلا مقابل يأخذونه من الأمم. وغايس أتاح لهم هذا بأن تكفل بإحتياجاتهم المادية.

كان هناك نوعان من الخدام فى الكنيسة الأولى :- 
1.خدام محليين ثابتين مستقرين وهؤلاء يسكنون فى بيوتهم.
2.خدام طوافين ينتقلون من مكان إلى مكان. وهؤلاء لا يمكن لهم أن يستعملوا الفنادق لسمعتها السيئة\'a1 إذاً كانوا محتاجين لمن يستضيفهم (كملاكى لوط). لذلك وجدت وصية """"لا تنسوا إضافة الغرباء"""" ( عب2:13). فكان هذا إحتياج الكنيسة فى تلك الأيام. وكانت تلك الإستضافة تشمل (الطعام والنوم). فهؤلاء الخدام لا يخدمون لربح مادى. ولقد إشترطت الكنيسة على هؤلاء الذين يقيمون أكثر من مدة معينة أن يعملوا ليأكلوا\'a1 يكون لهم عمل يتكسبون منه. لذلك نرى بولس الرسول قد عمل كخيام (صانع خيام).

أية 8 :- فَنَحْنُ يَنْبَغِي لَنَا أَنْ نَقْبَلَ أَمْثَالَ هَؤُلاَءِ\'a1 لِكَيْ نَكُونَ عَامِلِينَ مَعَهُمْ بِالْحَقِّ
من يكرم خدام الله يكرم الله.

أيات 9\'a1 10 :- كَتَبْتُ إِلَى الْكَنِيسَةِ\'a1 وَلَكِنَّ دِيُوتْرِيفِسَ - الَّذِي يُحِبُّ أَنْ يَكُونَ الأَّوَلَ بَيْنَهُمْ - لاَ يَقْبَلُنَا. مِنْ أَجْلِ ذَلِكَ إِذَا جِئْتُ فَسَأُذَكِّرُهُ بِأَعْمَالِهِ الَّتِي يَعْمَلُهَا\'a1 هَاذِراً عَلَيْنَا بِأَقْوَالٍ خَبِيثَةٍ. وَإِذْ هُوَ غَيْرُ مُكْتَفٍ بِهَذِهِ\'a1 لاَ يَقْبَلُ الإِخْوَةَ\'a1 وَيَمْنَعُ أَيْضاً الَّذِينَ يُرِيدُونَ\'a1 وَيَطْرُدُهُمْ مِنَ الْكَنِيسَةِ
يبدو أن ديوتريفس هذا كان شخصاً ذو سلطان فى الكنيسة وربما كان هو الأسقف\'a1 إذ هو قادر أن يمنع أشخاصاً من دخول الكنيسة. 
كتبت إلى الكنيسة = كتب يوحنا رسالة إلى الكنيسة يطلب فيها قبول الإخوة الكارزين\'a1 فمنع ديوتريفس وصول الرسالة للكنيسة. يحب أن يكون الأول = خطية الكبرياء هذه تجعل الخادم ينحرف عن خدمته\'a1 ويحدث الإنشقاق فى الكنيسة. لايقبلنا = هو فى كبريائه لا يطيق الحق\'a1 يريد أن يعلم ولا يتعلم. ولا يقبل هؤلاء الإخوة الذين أرسلهم يوحنا ليكرزوا ويعلموا. بل هو طرد هؤلاء الإخوة\'a1 بل طرد الذين قبلوهم فى بيوتهم = الذين يريدون. والرسول يقول سأذكره = أى يساعده على معرفة أخطائه ليخلص نفسه.

أية 11 :- أَيُّهَا الْحَبِيبُ\'a1 لاَ تَتَمَثَّلْ بِالشَّرِّ بَلْ بِالْخَيْرِ\'a1 لأَنَّ مَنْ يَصْنَعُ الْخَيْرَ هُوَ مِنَ اللهِ\'a1 وَمَنْ يَصْنَعُ الشَّرَّ فَلَمْ يُبْصِرِ اللهَ.
لا تتمثل بالشر = بديوتريفس وأعماله. بل بالخير = أى بديمتريوس.
فلم يبصر الله = من يفعل الشر\'a1ويمتلىء قلبه بالعجرفة وحب الذات ينحنى بإرادته للظلمة فلا يقدر أن يبصر الله """" فلا شركة للنور مع الظلمة"""" ( 2كو6: 14). ومن أبصر الله فلقد أبصر النور فالله نور\'a1والنور يضىء له الطريق فيعرف الحق. 
أية 12 :- دِيمِتْرِيُوسُ مَشْهُودٌ لَهُ مِنَ الْجَمِيعِ وَمِنَ الْحَقِّ نَفْسِهِ\'a1 وَنَحْنُ أَيْضاً نَشْهَدُ\'a1 وَأَنْتُمْ تَعْلَمُونَ أَنَّ شَهَادَتَنَا هِيَ صَادِقَةٌ
ومن الحق نفسه = ربما تعنى أن الله يشهد له  فالله هو الحق. أو تعنى من أعماله أى أعمال ديمتريوس\'a1 فأعماله بحسب الحق\'a1وهى تشهد له. 
ونحن أيضاً = أى أن الرسول إختبره بنفسه. 
مشهود له من الجميع = هكذا أولاد الله نورهم ظاهر للجميع. وبهذا يشجع الرسول\'a1 غايس أن يقتدى بديمتريوس ولا يتشبه بديوتريفس.

أية 13 :- وَكَانَ لِي كَثِيرٌ لأَكْتُبَهُ\'a1 لَكِنَّنِي لَسْتُ أُرِيدُ أَنْ أَكْتُبَ إِلَيْكَ بِحِبْرٍ وَقَلَمٍ
 الجسر= كان من السناج الممزوج بماء ومقوى بالصمغ. والقلم = كان من الغاب المشطوف.

اية 14 :- وَلَكِنَّنِي أَرْجُو أَنْ أَرَاكَ عَنْ قَرِيبٍ فَنَتَكَلَّمَ فَماً لِفَمٍ.
تأكيد على أهمية التقليد.

أية 15 :- سَلاَمٌ لَكَ. يُسَلِّمُ عَلَيْكَ الأَحِبَّاءُ. سَلِّمْ عَلَى الأَحِبَّاءِ بِأَسْمَائِهِمْ. 
يسلم عليك الأحباء = ولم يقل الإخوة تأكيداً على المحبة. وهكذا أيضاً سلم على الأحباء."
يوحنا ثالثة,1,11,"الإصحاح الأول
أية 1 :- اَلشَّيْخُ\'a1 إِلَى غَايُسَ الْحَبِيبِ الَّذِي أَنَا أُحِبُّهُ بِالْحَقِّ 
الرسول يحب بالحق أى لأجل المسيح\'a1 وبالمسيح الذى فيه.

أية 2 :- أَيُّهَا الْحَبِيبُ\'a1 فِي كُلِّ شَيْءٍ أَرُومُ أَنْ تَكُونَ نَاجِحاً وَصَحِيحاً\'a1 كَمَا أَنَّ نَفْسَكَ نَاجِحَة
الرسول يتمنى أن يكون غايس صحيحاً جسدياً. كما أنه نفسياً أى روحياً صحيح. ويرى البعض أن معنى كلام الرسول هنا أن صحة غايس كانت ليست على مايرام. والكنيسة تصلى من أجل صحة أولادها (فى أوشية المرضى) كما تصلى للراقدين والمسافرين. وأهم ما تطلبه لأجلهم هو غفران خطاياهم. 
كما أن نفسك ناجحة = النجاح ليس هو النجاح المادى وصحة الجسد. بل نجاح نفسى يتمثل فى الإحساس بالشبع والفرح والرضى والسلام الذى يملأ القلب. كما قال داود """"أحبك يارب يا قوتى"""" ( مز 18). ودانيال ويوسف كانوا ناجحين. وللأسف فهناك أباء يهتمون بنجاح أولادهم مادياً ودراسياً ولا يهتمون بحياتهم الروحية وأن يصرف أولادهم وقتاً مع الله.

أية 3 :- لأَنِّي فَرِحْتُ جِدّاً إِذْ حَضَرَ إِخْوَةٌ وَشَهِدُوا بِالْحَقِّ الَّذِي فِيكَ\'a1 كَمَا أَنَّكَ تَسْلُكُ بِالْحَقِّ
إذاً هو يكتب ليشجعه أن يستمر فى مسلكه. فرحة الخادم هى أن يرى أولاده يسلكون بالحق وبالمحبة وأن إيمانهم سليم. 

أية 4 :- لَيْسَ لِي فَرَحٌ أَعْظَمُ مِنْ هَذَا: أَنْ أَسْمَعَ عَنْ أَوْلاَدِي أَنَّهُمْ يَسْلُكُونَ بِالْحَقِّ
أسمع عن أولادى = هى أبوة يستمدها من الله وفى الله وبه\'a1 فإن صارت العلاقة خارج الرب يسوع ينطبق عليها هذا القول """" لا تدعوا لكم أباً على الأرض ( مت23: 8 - 10) وراجع ( غل4: 19 \'ba  1كو4: 15 \'ba  1تس2: 11).

أيات 5\'a1 6 :- أَيُّهَا الْحَبِيبُ\'a1 أَنْتَ تَفْعَلُ بِالأَمَانَةِ كُلَّ مَا تَصْنَعُهُ إِلَى الإِخْوَةِ وَإِلَى الْغُرَبَاءِ\'a1 الَّذِينَ شَهِدُوا بِمَحَبَّتِكَ أَمَامَ الْكَنِيسَةِ. الَّذِينَ تَفْعَلُ حَسَناً إِذَا شَيَّعْتَهُمْ كَمَا يَحِقُّ للهِ\'a1
الغرباء = الذين لم يعرفهم غايس قبلاً. الإخوة = هم الذين سبق وعرفهم غايس من قبل. كما يحق لله = الله هو القياس وليس خدامه.

أية 7 :- لأَنَّهُمْ مِنْ أَجْلِ اسْمِهِ خَرَجُوا وَهُمْ لاَ يَأْخُذُونَ شَيْئاً مِنَ الأُمَمِ
واضح أن هؤلاء الإخوة الغرباء خرجوا ليكرزوا للأمم\'a1ويريدون أن تكون خدمتهم مجانية\'a1أى بلا مقابل يأخذونه من الأمم. وغايس أتاح لهم هذا بأن تكفل بإحتياجاتهم المادية.

كان هناك نوعان من الخدام فى الكنيسة الأولى :- 
1.خدام محليين ثابتين مستقرين وهؤلاء يسكنون فى بيوتهم.
2.خدام طوافين ينتقلون من مكان إلى مكان. وهؤلاء لا يمكن لهم أن يستعملوا الفنادق لسمعتها السيئة\'a1 إذاً كانوا محتاجين لمن يستضيفهم (كملاكى لوط). لذلك وجدت وصية """"لا تنسوا إضافة الغرباء"""" ( عب2:13). فكان هذا إحتياج الكنيسة فى تلك الأيام. وكانت تلك الإستضافة تشمل (الطعام والنوم). فهؤلاء الخدام لا يخدمون لربح مادى. ولقد إشترطت الكنيسة على هؤلاء الذين يقيمون أكثر من مدة معينة أن يعملوا ليأكلوا\'a1 يكون لهم عمل يتكسبون منه. لذلك نرى بولس الرسول قد عمل كخيام (صانع خيام).

أية 8 :- فَنَحْنُ يَنْبَغِي لَنَا أَنْ نَقْبَلَ أَمْثَالَ هَؤُلاَءِ\'a1 لِكَيْ نَكُونَ عَامِلِينَ مَعَهُمْ بِالْحَقِّ
من يكرم خدام الله يكرم الله.

أيات 9\'a1 10 :- كَتَبْتُ إِلَى الْكَنِيسَةِ\'a1 وَلَكِنَّ دِيُوتْرِيفِسَ - الَّذِي يُحِبُّ أَنْ يَكُونَ الأَّوَلَ بَيْنَهُمْ - لاَ يَقْبَلُنَا. مِنْ أَجْلِ ذَلِكَ إِذَا جِئْتُ فَسَأُذَكِّرُهُ بِأَعْمَالِهِ الَّتِي يَعْمَلُهَا\'a1 هَاذِراً عَلَيْنَا بِأَقْوَالٍ خَبِيثَةٍ. وَإِذْ هُوَ غَيْرُ مُكْتَفٍ بِهَذِهِ\'a1 لاَ يَقْبَلُ الإِخْوَةَ\'a1 وَيَمْنَعُ أَيْضاً الَّذِينَ يُرِيدُونَ\'a1 وَيَطْرُدُهُمْ مِنَ الْكَنِيسَةِ
يبدو أن ديوتريفس هذا كان شخصاً ذو سلطان فى الكنيسة وربما كان هو الأسقف\'a1 إذ هو قادر أن يمنع أشخاصاً من دخول الكنيسة. 
كتبت إلى الكنيسة = كتب يوحنا رسالة إلى الكنيسة يطلب فيها قبول الإخوة الكارزين\'a1 فمنع ديوتريفس وصول الرسالة للكنيسة. يحب أن يكون الأول = خطية الكبرياء هذه تجعل الخادم ينحرف عن خدمته\'a1 ويحدث الإنشقاق فى الكنيسة. لايقبلنا = هو فى كبريائه لا يطيق الحق\'a1 يريد أن يعلم ولا يتعلم. ولا يقبل هؤلاء الإخوة الذين أرسلهم يوحنا ليكرزوا ويعلموا. بل هو طرد هؤلاء الإخوة\'a1 بل طرد الذين قبلوهم فى بيوتهم = الذين يريدون. والرسول يقول سأذكره = أى يساعده على معرفة أخطائه ليخلص نفسه.

أية 11 :- أَيُّهَا الْحَبِيبُ\'a1 لاَ تَتَمَثَّلْ بِالشَّرِّ بَلْ بِالْخَيْرِ\'a1 لأَنَّ مَنْ يَصْنَعُ الْخَيْرَ هُوَ مِنَ اللهِ\'a1 وَمَنْ يَصْنَعُ الشَّرَّ فَلَمْ يُبْصِرِ اللهَ.
لا تتمثل بالشر = بديوتريفس وأعماله. بل بالخير = أى بديمتريوس.
فلم يبصر الله = من يفعل الشر\'a1ويمتلىء قلبه بالعجرفة وحب الذات ينحنى بإرادته للظلمة فلا يقدر أن يبصر الله """" فلا شركة للنور مع الظلمة"""" ( 2كو6: 14). ومن أبصر الله فلقد أبصر النور فالله نور\'a1والنور يضىء له الطريق فيعرف الحق. 
أية 12 :- دِيمِتْرِيُوسُ مَشْهُودٌ لَهُ مِنَ الْجَمِيعِ وَمِنَ الْحَقِّ نَفْسِهِ\'a1 وَنَحْنُ أَيْضاً نَشْهَدُ\'a1 وَأَنْتُمْ تَعْلَمُونَ أَنَّ شَهَادَتَنَا هِيَ صَادِقَةٌ
ومن الحق نفسه = ربما تعنى أن الله يشهد له  فالله هو الحق. أو تعنى من أعماله أى أعمال ديمتريوس\'a1 فأعماله بحسب الحق\'a1وهى تشهد له. 
ونحن أيضاً = أى أن الرسول إختبره بنفسه. 
مشهود له من الجميع = هكذا أولاد الله نورهم ظاهر للجميع. وبهذا يشجع الرسول\'a1 غايس أن يقتدى بديمتريوس ولا يتشبه بديوتريفس.

أية 13 :- وَكَانَ لِي كَثِيرٌ لأَكْتُبَهُ\'a1 لَكِنَّنِي لَسْتُ أُرِيدُ أَنْ أَكْتُبَ إِلَيْكَ بِحِبْرٍ وَقَلَمٍ
 الجسر= كان من السناج الممزوج بماء ومقوى بالصمغ. والقلم = كان من الغاب المشطوف.

اية 14 :- وَلَكِنَّنِي أَرْجُو أَنْ أَرَاكَ عَنْ قَرِيبٍ فَنَتَكَلَّمَ فَماً لِفَمٍ.
تأكيد على أهمية التقليد.

أية 15 :- سَلاَمٌ لَكَ. يُسَلِّمُ عَلَيْكَ الأَحِبَّاءُ. سَلِّمْ عَلَى الأَحِبَّاءِ بِأَسْمَائِهِمْ. 
يسلم عليك الأحباء = ولم يقل الإخوة تأكيداً على المحبة. وهكذا أيضاً سلم على الأحباء."
يوحنا ثالثة,1,12,"الإصحاح الأول
أية 1 :- اَلشَّيْخُ\'a1 إِلَى غَايُسَ الْحَبِيبِ الَّذِي أَنَا أُحِبُّهُ بِالْحَقِّ 
الرسول يحب بالحق أى لأجل المسيح\'a1 وبالمسيح الذى فيه.

أية 2 :- أَيُّهَا الْحَبِيبُ\'a1 فِي كُلِّ شَيْءٍ أَرُومُ أَنْ تَكُونَ نَاجِحاً وَصَحِيحاً\'a1 كَمَا أَنَّ نَفْسَكَ نَاجِحَة
الرسول يتمنى أن يكون غايس صحيحاً جسدياً. كما أنه نفسياً أى روحياً صحيح. ويرى البعض أن معنى كلام الرسول هنا أن صحة غايس كانت ليست على مايرام. والكنيسة تصلى من أجل صحة أولادها (فى أوشية المرضى) كما تصلى للراقدين والمسافرين. وأهم ما تطلبه لأجلهم هو غفران خطاياهم. 
كما أن نفسك ناجحة = النجاح ليس هو النجاح المادى وصحة الجسد. بل نجاح نفسى يتمثل فى الإحساس بالشبع والفرح والرضى والسلام الذى يملأ القلب. كما قال داود """"أحبك يارب يا قوتى"""" ( مز 18). ودانيال ويوسف كانوا ناجحين. وللأسف فهناك أباء يهتمون بنجاح أولادهم مادياً ودراسياً ولا يهتمون بحياتهم الروحية وأن يصرف أولادهم وقتاً مع الله.

أية 3 :- لأَنِّي فَرِحْتُ جِدّاً إِذْ حَضَرَ إِخْوَةٌ وَشَهِدُوا بِالْحَقِّ الَّذِي فِيكَ\'a1 كَمَا أَنَّكَ تَسْلُكُ بِالْحَقِّ
إذاً هو يكتب ليشجعه أن يستمر فى مسلكه. فرحة الخادم هى أن يرى أولاده يسلكون بالحق وبالمحبة وأن إيمانهم سليم. 

أية 4 :- لَيْسَ لِي فَرَحٌ أَعْظَمُ مِنْ هَذَا: أَنْ أَسْمَعَ عَنْ أَوْلاَدِي أَنَّهُمْ يَسْلُكُونَ بِالْحَقِّ
أسمع عن أولادى = هى أبوة يستمدها من الله وفى الله وبه\'a1 فإن صارت العلاقة خارج الرب يسوع ينطبق عليها هذا القول """" لا تدعوا لكم أباً على الأرض ( مت23: 8 - 10) وراجع ( غل4: 19 \'ba  1كو4: 15 \'ba  1تس2: 11).

أيات 5\'a1 6 :- أَيُّهَا الْحَبِيبُ\'a1 أَنْتَ تَفْعَلُ بِالأَمَانَةِ كُلَّ مَا تَصْنَعُهُ إِلَى الإِخْوَةِ وَإِلَى الْغُرَبَاءِ\'a1 الَّذِينَ شَهِدُوا بِمَحَبَّتِكَ أَمَامَ الْكَنِيسَةِ. الَّذِينَ تَفْعَلُ حَسَناً إِذَا شَيَّعْتَهُمْ كَمَا يَحِقُّ للهِ\'a1
الغرباء = الذين لم يعرفهم غايس قبلاً. الإخوة = هم الذين سبق وعرفهم غايس من قبل. كما يحق لله = الله هو القياس وليس خدامه.

أية 7 :- لأَنَّهُمْ مِنْ أَجْلِ اسْمِهِ خَرَجُوا وَهُمْ لاَ يَأْخُذُونَ شَيْئاً مِنَ الأُمَمِ
واضح أن هؤلاء الإخوة الغرباء خرجوا ليكرزوا للأمم\'a1ويريدون أن تكون خدمتهم مجانية\'a1أى بلا مقابل يأخذونه من الأمم. وغايس أتاح لهم هذا بأن تكفل بإحتياجاتهم المادية.

كان هناك نوعان من الخدام فى الكنيسة الأولى :- 
1.خدام محليين ثابتين مستقرين وهؤلاء يسكنون فى بيوتهم.
2.خدام طوافين ينتقلون من مكان إلى مكان. وهؤلاء لا يمكن لهم أن يستعملوا الفنادق لسمعتها السيئة\'a1 إذاً كانوا محتاجين لمن يستضيفهم (كملاكى لوط). لذلك وجدت وصية """"لا تنسوا إضافة الغرباء"""" ( عب2:13). فكان هذا إحتياج الكنيسة فى تلك الأيام. وكانت تلك الإستضافة تشمل (الطعام والنوم). فهؤلاء الخدام لا يخدمون لربح مادى. ولقد إشترطت الكنيسة على هؤلاء الذين يقيمون أكثر من مدة معينة أن يعملوا ليأكلوا\'a1 يكون لهم عمل يتكسبون منه. لذلك نرى بولس الرسول قد عمل كخيام (صانع خيام).

أية 8 :- فَنَحْنُ يَنْبَغِي لَنَا أَنْ نَقْبَلَ أَمْثَالَ هَؤُلاَءِ\'a1 لِكَيْ نَكُونَ عَامِلِينَ مَعَهُمْ بِالْحَقِّ
من يكرم خدام الله يكرم الله.

أيات 9\'a1 10 :- كَتَبْتُ إِلَى الْكَنِيسَةِ\'a1 وَلَكِنَّ دِيُوتْرِيفِسَ - الَّذِي يُحِبُّ أَنْ يَكُونَ الأَّوَلَ بَيْنَهُمْ - لاَ يَقْبَلُنَا. مِنْ أَجْلِ ذَلِكَ إِذَا جِئْتُ فَسَأُذَكِّرُهُ بِأَعْمَالِهِ الَّتِي يَعْمَلُهَا\'a1 هَاذِراً عَلَيْنَا بِأَقْوَالٍ خَبِيثَةٍ. وَإِذْ هُوَ غَيْرُ مُكْتَفٍ بِهَذِهِ\'a1 لاَ يَقْبَلُ الإِخْوَةَ\'a1 وَيَمْنَعُ أَيْضاً الَّذِينَ يُرِيدُونَ\'a1 وَيَطْرُدُهُمْ مِنَ الْكَنِيسَةِ
يبدو أن ديوتريفس هذا كان شخصاً ذو سلطان فى الكنيسة وربما كان هو الأسقف\'a1 إذ هو قادر أن يمنع أشخاصاً من دخول الكنيسة. 
كتبت إلى الكنيسة = كتب يوحنا رسالة إلى الكنيسة يطلب فيها قبول الإخوة الكارزين\'a1 فمنع ديوتريفس وصول الرسالة للكنيسة. يحب أن يكون الأول = خطية الكبرياء هذه تجعل الخادم ينحرف عن خدمته\'a1 ويحدث الإنشقاق فى الكنيسة. لايقبلنا = هو فى كبريائه لا يطيق الحق\'a1 يريد أن يعلم ولا يتعلم. ولا يقبل هؤلاء الإخوة الذين أرسلهم يوحنا ليكرزوا ويعلموا. بل هو طرد هؤلاء الإخوة\'a1 بل طرد الذين قبلوهم فى بيوتهم = الذين يريدون. والرسول يقول سأذكره = أى يساعده على معرفة أخطائه ليخلص نفسه.

أية 11 :- أَيُّهَا الْحَبِيبُ\'a1 لاَ تَتَمَثَّلْ بِالشَّرِّ بَلْ بِالْخَيْرِ\'a1 لأَنَّ مَنْ يَصْنَعُ الْخَيْرَ هُوَ مِنَ اللهِ\'a1 وَمَنْ يَصْنَعُ الشَّرَّ فَلَمْ يُبْصِرِ اللهَ.
لا تتمثل بالشر = بديوتريفس وأعماله. بل بالخير = أى بديمتريوس.
فلم يبصر الله = من يفعل الشر\'a1ويمتلىء قلبه بالعجرفة وحب الذات ينحنى بإرادته للظلمة فلا يقدر أن يبصر الله """" فلا شركة للنور مع الظلمة"""" ( 2كو6: 14). ومن أبصر الله فلقد أبصر النور فالله نور\'a1والنور يضىء له الطريق فيعرف الحق. 
أية 12 :- دِيمِتْرِيُوسُ مَشْهُودٌ لَهُ مِنَ الْجَمِيعِ وَمِنَ الْحَقِّ نَفْسِهِ\'a1 وَنَحْنُ أَيْضاً نَشْهَدُ\'a1 وَأَنْتُمْ تَعْلَمُونَ أَنَّ شَهَادَتَنَا هِيَ صَادِقَةٌ
ومن الحق نفسه = ربما تعنى أن الله يشهد له  فالله هو الحق. أو تعنى من أعماله أى أعمال ديمتريوس\'a1 فأعماله بحسب الحق\'a1وهى تشهد له. 
ونحن أيضاً = أى أن الرسول إختبره بنفسه. 
مشهود له من الجميع = هكذا أولاد الله نورهم ظاهر للجميع. وبهذا يشجع الرسول\'a1 غايس أن يقتدى بديمتريوس ولا يتشبه بديوتريفس.

أية 13 :- وَكَانَ لِي كَثِيرٌ لأَكْتُبَهُ\'a1 لَكِنَّنِي لَسْتُ أُرِيدُ أَنْ أَكْتُبَ إِلَيْكَ بِحِبْرٍ وَقَلَمٍ
 الجسر= كان من السناج الممزوج بماء ومقوى بالصمغ. والقلم = كان من الغاب المشطوف.

اية 14 :- وَلَكِنَّنِي أَرْجُو أَنْ أَرَاكَ عَنْ قَرِيبٍ فَنَتَكَلَّمَ فَماً لِفَمٍ.
تأكيد على أهمية التقليد.

أية 15 :- سَلاَمٌ لَكَ. يُسَلِّمُ عَلَيْكَ الأَحِبَّاءُ. سَلِّمْ عَلَى الأَحِبَّاءِ بِأَسْمَائِهِمْ. 
يسلم عليك الأحباء = ولم يقل الإخوة تأكيداً على المحبة. وهكذا أيضاً سلم على الأحباء."
يوحنا ثالثة,1,13,"الإصحاح الأول
أية 1 :- اَلشَّيْخُ\'a1 إِلَى غَايُسَ الْحَبِيبِ الَّذِي أَنَا أُحِبُّهُ بِالْحَقِّ 
الرسول يحب بالحق أى لأجل المسيح\'a1 وبالمسيح الذى فيه.

أية 2 :- أَيُّهَا الْحَبِيبُ\'a1 فِي كُلِّ شَيْءٍ أَرُومُ أَنْ تَكُونَ نَاجِحاً وَصَحِيحاً\'a1 كَمَا أَنَّ نَفْسَكَ نَاجِحَة
الرسول يتمنى أن يكون غايس صحيحاً جسدياً. كما أنه نفسياً أى روحياً صحيح. ويرى البعض أن معنى كلام الرسول هنا أن صحة غايس كانت ليست على مايرام. والكنيسة تصلى من أجل صحة أولادها (فى أوشية المرضى) كما تصلى للراقدين والمسافرين. وأهم ما تطلبه لأجلهم هو غفران خطاياهم. 
كما أن نفسك ناجحة = النجاح ليس هو النجاح المادى وصحة الجسد. بل نجاح نفسى يتمثل فى الإحساس بالشبع والفرح والرضى والسلام الذى يملأ القلب. كما قال داود """"أحبك يارب يا قوتى"""" ( مز 18). ودانيال ويوسف كانوا ناجحين. وللأسف فهناك أباء يهتمون بنجاح أولادهم مادياً ودراسياً ولا يهتمون بحياتهم الروحية وأن يصرف أولادهم وقتاً مع الله.

أية 3 :- لأَنِّي فَرِحْتُ جِدّاً إِذْ حَضَرَ إِخْوَةٌ وَشَهِدُوا بِالْحَقِّ الَّذِي فِيكَ\'a1 كَمَا أَنَّكَ تَسْلُكُ بِالْحَقِّ
إذاً هو يكتب ليشجعه أن يستمر فى مسلكه. فرحة الخادم هى أن يرى أولاده يسلكون بالحق وبالمحبة وأن إيمانهم سليم. 

أية 4 :- لَيْسَ لِي فَرَحٌ أَعْظَمُ مِنْ هَذَا: أَنْ أَسْمَعَ عَنْ أَوْلاَدِي أَنَّهُمْ يَسْلُكُونَ بِالْحَقِّ
أسمع عن أولادى = هى أبوة يستمدها من الله وفى الله وبه\'a1 فإن صارت العلاقة خارج الرب يسوع ينطبق عليها هذا القول """" لا تدعوا لكم أباً على الأرض ( مت23: 8 - 10) وراجع ( غل4: 19 \'ba  1كو4: 15 \'ba  1تس2: 11).

أيات 5\'a1 6 :- أَيُّهَا الْحَبِيبُ\'a1 أَنْتَ تَفْعَلُ بِالأَمَانَةِ كُلَّ مَا تَصْنَعُهُ إِلَى الإِخْوَةِ وَإِلَى الْغُرَبَاءِ\'a1 الَّذِينَ شَهِدُوا بِمَحَبَّتِكَ أَمَامَ الْكَنِيسَةِ. الَّذِينَ تَفْعَلُ حَسَناً إِذَا شَيَّعْتَهُمْ كَمَا يَحِقُّ للهِ\'a1
الغرباء = الذين لم يعرفهم غايس قبلاً. الإخوة = هم الذين سبق وعرفهم غايس من قبل. كما يحق لله = الله هو القياس وليس خدامه.

أية 7 :- لأَنَّهُمْ مِنْ أَجْلِ اسْمِهِ خَرَجُوا وَهُمْ لاَ يَأْخُذُونَ شَيْئاً مِنَ الأُمَمِ
واضح أن هؤلاء الإخوة الغرباء خرجوا ليكرزوا للأمم\'a1ويريدون أن تكون خدمتهم مجانية\'a1أى بلا مقابل يأخذونه من الأمم. وغايس أتاح لهم هذا بأن تكفل بإحتياجاتهم المادية.

كان هناك نوعان من الخدام فى الكنيسة الأولى :- 
1.خدام محليين ثابتين مستقرين وهؤلاء يسكنون فى بيوتهم.
2.خدام طوافين ينتقلون من مكان إلى مكان. وهؤلاء لا يمكن لهم أن يستعملوا الفنادق لسمعتها السيئة\'a1 إذاً كانوا محتاجين لمن يستضيفهم (كملاكى لوط). لذلك وجدت وصية """"لا تنسوا إضافة الغرباء"""" ( عب2:13). فكان هذا إحتياج الكنيسة فى تلك الأيام. وكانت تلك الإستضافة تشمل (الطعام والنوم). فهؤلاء الخدام لا يخدمون لربح مادى. ولقد إشترطت الكنيسة على هؤلاء الذين يقيمون أكثر من مدة معينة أن يعملوا ليأكلوا\'a1 يكون لهم عمل يتكسبون منه. لذلك نرى بولس الرسول قد عمل كخيام (صانع خيام).

أية 8 :- فَنَحْنُ يَنْبَغِي لَنَا أَنْ نَقْبَلَ أَمْثَالَ هَؤُلاَءِ\'a1 لِكَيْ نَكُونَ عَامِلِينَ مَعَهُمْ بِالْحَقِّ
من يكرم خدام الله يكرم الله.

أيات 9\'a1 10 :- كَتَبْتُ إِلَى الْكَنِيسَةِ\'a1 وَلَكِنَّ دِيُوتْرِيفِسَ - الَّذِي يُحِبُّ أَنْ يَكُونَ الأَّوَلَ بَيْنَهُمْ - لاَ يَقْبَلُنَا. مِنْ أَجْلِ ذَلِكَ إِذَا جِئْتُ فَسَأُذَكِّرُهُ بِأَعْمَالِهِ الَّتِي يَعْمَلُهَا\'a1 هَاذِراً عَلَيْنَا بِأَقْوَالٍ خَبِيثَةٍ. وَإِذْ هُوَ غَيْرُ مُكْتَفٍ بِهَذِهِ\'a1 لاَ يَقْبَلُ الإِخْوَةَ\'a1 وَيَمْنَعُ أَيْضاً الَّذِينَ يُرِيدُونَ\'a1 وَيَطْرُدُهُمْ مِنَ الْكَنِيسَةِ
يبدو أن ديوتريفس هذا كان شخصاً ذو سلطان فى الكنيسة وربما كان هو الأسقف\'a1 إذ هو قادر أن يمنع أشخاصاً من دخول الكنيسة. 
كتبت إلى الكنيسة = كتب يوحنا رسالة إلى الكنيسة يطلب فيها قبول الإخوة الكارزين\'a1 فمنع ديوتريفس وصول الرسالة للكنيسة. يحب أن يكون الأول = خطية الكبرياء هذه تجعل الخادم ينحرف عن خدمته\'a1 ويحدث الإنشقاق فى الكنيسة. لايقبلنا = هو فى كبريائه لا يطيق الحق\'a1 يريد أن يعلم ولا يتعلم. ولا يقبل هؤلاء الإخوة الذين أرسلهم يوحنا ليكرزوا ويعلموا. بل هو طرد هؤلاء الإخوة\'a1 بل طرد الذين قبلوهم فى بيوتهم = الذين يريدون. والرسول يقول سأذكره = أى يساعده على معرفة أخطائه ليخلص نفسه.

أية 11 :- أَيُّهَا الْحَبِيبُ\'a1 لاَ تَتَمَثَّلْ بِالشَّرِّ بَلْ بِالْخَيْرِ\'a1 لأَنَّ مَنْ يَصْنَعُ الْخَيْرَ هُوَ مِنَ اللهِ\'a1 وَمَنْ يَصْنَعُ الشَّرَّ فَلَمْ يُبْصِرِ اللهَ.
لا تتمثل بالشر = بديوتريفس وأعماله. بل بالخير = أى بديمتريوس.
فلم يبصر الله = من يفعل الشر\'a1ويمتلىء قلبه بالعجرفة وحب الذات ينحنى بإرادته للظلمة فلا يقدر أن يبصر الله """" فلا شركة للنور مع الظلمة"""" ( 2كو6: 14). ومن أبصر الله فلقد أبصر النور فالله نور\'a1والنور يضىء له الطريق فيعرف الحق. 
أية 12 :- دِيمِتْرِيُوسُ مَشْهُودٌ لَهُ مِنَ الْجَمِيعِ وَمِنَ الْحَقِّ نَفْسِهِ\'a1 وَنَحْنُ أَيْضاً نَشْهَدُ\'a1 وَأَنْتُمْ تَعْلَمُونَ أَنَّ شَهَادَتَنَا هِيَ صَادِقَةٌ
ومن الحق نفسه = ربما تعنى أن الله يشهد له  فالله هو الحق. أو تعنى من أعماله أى أعمال ديمتريوس\'a1 فأعماله بحسب الحق\'a1وهى تشهد له. 
ونحن أيضاً = أى أن الرسول إختبره بنفسه. 
مشهود له من الجميع = هكذا أولاد الله نورهم ظاهر للجميع. وبهذا يشجع الرسول\'a1 غايس أن يقتدى بديمتريوس ولا يتشبه بديوتريفس.

أية 13 :- وَكَانَ لِي كَثِيرٌ لأَكْتُبَهُ\'a1 لَكِنَّنِي لَسْتُ أُرِيدُ أَنْ أَكْتُبَ إِلَيْكَ بِحِبْرٍ وَقَلَمٍ
 الجسر= كان من السناج الممزوج بماء ومقوى بالصمغ. والقلم = كان من الغاب المشطوف.

اية 14 :- وَلَكِنَّنِي أَرْجُو أَنْ أَرَاكَ عَنْ قَرِيبٍ فَنَتَكَلَّمَ فَماً لِفَمٍ.
تأكيد على أهمية التقليد.

أية 15 :- سَلاَمٌ لَكَ. يُسَلِّمُ عَلَيْكَ الأَحِبَّاءُ. سَلِّمْ عَلَى الأَحِبَّاءِ بِأَسْمَائِهِمْ. 
يسلم عليك الأحباء = ولم يقل الإخوة تأكيداً على المحبة. وهكذا أيضاً سلم على الأحباء."
يوحنا ثالثة,1,14,"الإصحاح الأول
أية 1 :- اَلشَّيْخُ\'a1 إِلَى غَايُسَ الْحَبِيبِ الَّذِي أَنَا أُحِبُّهُ بِالْحَقِّ 
الرسول يحب بالحق أى لأجل المسيح\'a1 وبالمسيح الذى فيه.

أية 2 :- أَيُّهَا الْحَبِيبُ\'a1 فِي كُلِّ شَيْءٍ أَرُومُ أَنْ تَكُونَ نَاجِحاً وَصَحِيحاً\'a1 كَمَا أَنَّ نَفْسَكَ نَاجِحَة
الرسول يتمنى أن يكون غايس صحيحاً جسدياً. كما أنه نفسياً أى روحياً صحيح. ويرى البعض أن معنى كلام الرسول هنا أن صحة غايس كانت ليست على مايرام. والكنيسة تصلى من أجل صحة أولادها (فى أوشية المرضى) كما تصلى للراقدين والمسافرين. وأهم ما تطلبه لأجلهم هو غفران خطاياهم. 
كما أن نفسك ناجحة = النجاح ليس هو النجاح المادى وصحة الجسد. بل نجاح نفسى يتمثل فى الإحساس بالشبع والفرح والرضى والسلام الذى يملأ القلب. كما قال داود """"أحبك يارب يا قوتى"""" ( مز 18). ودانيال ويوسف كانوا ناجحين. وللأسف فهناك أباء يهتمون بنجاح أولادهم مادياً ودراسياً ولا يهتمون بحياتهم الروحية وأن يصرف أولادهم وقتاً مع الله.

أية 3 :- لأَنِّي فَرِحْتُ جِدّاً إِذْ حَضَرَ إِخْوَةٌ وَشَهِدُوا بِالْحَقِّ الَّذِي فِيكَ\'a1 كَمَا أَنَّكَ تَسْلُكُ بِالْحَقِّ
إذاً هو يكتب ليشجعه أن يستمر فى مسلكه. فرحة الخادم هى أن يرى أولاده يسلكون بالحق وبالمحبة وأن إيمانهم سليم. 

أية 4 :- لَيْسَ لِي فَرَحٌ أَعْظَمُ مِنْ هَذَا: أَنْ أَسْمَعَ عَنْ أَوْلاَدِي أَنَّهُمْ يَسْلُكُونَ بِالْحَقِّ
أسمع عن أولادى = هى أبوة يستمدها من الله وفى الله وبه\'a1 فإن صارت العلاقة خارج الرب يسوع ينطبق عليها هذا القول """" لا تدعوا لكم أباً على الأرض ( مت23: 8 - 10) وراجع ( غل4: 19 \'ba  1كو4: 15 \'ba  1تس2: 11).

أيات 5\'a1 6 :- أَيُّهَا الْحَبِيبُ\'a1 أَنْتَ تَفْعَلُ بِالأَمَانَةِ كُلَّ مَا تَصْنَعُهُ إِلَى الإِخْوَةِ وَإِلَى الْغُرَبَاءِ\'a1 الَّذِينَ شَهِدُوا بِمَحَبَّتِكَ أَمَامَ الْكَنِيسَةِ. الَّذِينَ تَفْعَلُ حَسَناً إِذَا شَيَّعْتَهُمْ كَمَا يَحِقُّ للهِ\'a1
الغرباء = الذين لم يعرفهم غايس قبلاً. الإخوة = هم الذين سبق وعرفهم غايس من قبل. كما يحق لله = الله هو القياس وليس خدامه.

أية 7 :- لأَنَّهُمْ مِنْ أَجْلِ اسْمِهِ خَرَجُوا وَهُمْ لاَ يَأْخُذُونَ شَيْئاً مِنَ الأُمَمِ
واضح أن هؤلاء الإخوة الغرباء خرجوا ليكرزوا للأمم\'a1ويريدون أن تكون خدمتهم مجانية\'a1أى بلا مقابل يأخذونه من الأمم. وغايس أتاح لهم هذا بأن تكفل بإحتياجاتهم المادية.

كان هناك نوعان من الخدام فى الكنيسة الأولى :- 
1.خدام محليين ثابتين مستقرين وهؤلاء يسكنون فى بيوتهم.
2.خدام طوافين ينتقلون من مكان إلى مكان. وهؤلاء لا يمكن لهم أن يستعملوا الفنادق لسمعتها السيئة\'a1 إذاً كانوا محتاجين لمن يستضيفهم (كملاكى لوط). لذلك وجدت وصية """"لا تنسوا إضافة الغرباء"""" ( عب2:13). فكان هذا إحتياج الكنيسة فى تلك الأيام. وكانت تلك الإستضافة تشمل (الطعام والنوم). فهؤلاء الخدام لا يخدمون لربح مادى. ولقد إشترطت الكنيسة على هؤلاء الذين يقيمون أكثر من مدة معينة أن يعملوا ليأكلوا\'a1 يكون لهم عمل يتكسبون منه. لذلك نرى بولس الرسول قد عمل كخيام (صانع خيام).

أية 8 :- فَنَحْنُ يَنْبَغِي لَنَا أَنْ نَقْبَلَ أَمْثَالَ هَؤُلاَءِ\'a1 لِكَيْ نَكُونَ عَامِلِينَ مَعَهُمْ بِالْحَقِّ
من يكرم خدام الله يكرم الله.

أيات 9\'a1 10 :- كَتَبْتُ إِلَى الْكَنِيسَةِ\'a1 وَلَكِنَّ دِيُوتْرِيفِسَ - الَّذِي يُحِبُّ أَنْ يَكُونَ الأَّوَلَ بَيْنَهُمْ - لاَ يَقْبَلُنَا. مِنْ أَجْلِ ذَلِكَ إِذَا جِئْتُ فَسَأُذَكِّرُهُ بِأَعْمَالِهِ الَّتِي يَعْمَلُهَا\'a1 هَاذِراً عَلَيْنَا بِأَقْوَالٍ خَبِيثَةٍ. وَإِذْ هُوَ غَيْرُ مُكْتَفٍ بِهَذِهِ\'a1 لاَ يَقْبَلُ الإِخْوَةَ\'a1 وَيَمْنَعُ أَيْضاً الَّذِينَ يُرِيدُونَ\'a1 وَيَطْرُدُهُمْ مِنَ الْكَنِيسَةِ
يبدو أن ديوتريفس هذا كان شخصاً ذو سلطان فى الكنيسة وربما كان هو الأسقف\'a1 إذ هو قادر أن يمنع أشخاصاً من دخول الكنيسة. 
كتبت إلى الكنيسة = كتب يوحنا رسالة إلى الكنيسة يطلب فيها قبول الإخوة الكارزين\'a1 فمنع ديوتريفس وصول الرسالة للكنيسة. يحب أن يكون الأول = خطية الكبرياء هذه تجعل الخادم ينحرف عن خدمته\'a1 ويحدث الإنشقاق فى الكنيسة. لايقبلنا = هو فى كبريائه لا يطيق الحق\'a1 يريد أن يعلم ولا يتعلم. ولا يقبل هؤلاء الإخوة الذين أرسلهم يوحنا ليكرزوا ويعلموا. بل هو طرد هؤلاء الإخوة\'a1 بل طرد الذين قبلوهم فى بيوتهم = الذين يريدون. والرسول يقول سأذكره = أى يساعده على معرفة أخطائه ليخلص نفسه.

أية 11 :- أَيُّهَا الْحَبِيبُ\'a1 لاَ تَتَمَثَّلْ بِالشَّرِّ بَلْ بِالْخَيْرِ\'a1 لأَنَّ مَنْ يَصْنَعُ الْخَيْرَ هُوَ مِنَ اللهِ\'a1 وَمَنْ يَصْنَعُ الشَّرَّ فَلَمْ يُبْصِرِ اللهَ.
لا تتمثل بالشر = بديوتريفس وأعماله. بل بالخير = أى بديمتريوس.
فلم يبصر الله = من يفعل الشر\'a1ويمتلىء قلبه بالعجرفة وحب الذات ينحنى بإرادته للظلمة فلا يقدر أن يبصر الله """" فلا شركة للنور مع الظلمة"""" ( 2كو6: 14). ومن أبصر الله فلقد أبصر النور فالله نور\'a1والنور يضىء له الطريق فيعرف الحق. 
أية 12 :- دِيمِتْرِيُوسُ مَشْهُودٌ لَهُ مِنَ الْجَمِيعِ وَمِنَ الْحَقِّ نَفْسِهِ\'a1 وَنَحْنُ أَيْضاً نَشْهَدُ\'a1 وَأَنْتُمْ تَعْلَمُونَ أَنَّ شَهَادَتَنَا هِيَ صَادِقَةٌ
ومن الحق نفسه = ربما تعنى أن الله يشهد له  فالله هو الحق. أو تعنى من أعماله أى أعمال ديمتريوس\'a1 فأعماله بحسب الحق\'a1وهى تشهد له. 
ونحن أيضاً = أى أن الرسول إختبره بنفسه. 
مشهود له من الجميع = هكذا أولاد الله نورهم ظاهر للجميع. وبهذا يشجع الرسول\'a1 غايس أن يقتدى بديمتريوس ولا يتشبه بديوتريفس.

أية 13 :- وَكَانَ لِي كَثِيرٌ لأَكْتُبَهُ\'a1 لَكِنَّنِي لَسْتُ أُرِيدُ أَنْ أَكْتُبَ إِلَيْكَ بِحِبْرٍ وَقَلَمٍ
 الجسر= كان من السناج الممزوج بماء ومقوى بالصمغ. والقلم = كان من الغاب المشطوف.

اية 14 :- وَلَكِنَّنِي أَرْجُو أَنْ أَرَاكَ عَنْ قَرِيبٍ فَنَتَكَلَّمَ فَماً لِفَمٍ.
تأكيد على أهمية التقليد.

أية 15 :- سَلاَمٌ لَكَ. يُسَلِّمُ عَلَيْكَ الأَحِبَّاءُ. سَلِّمْ عَلَى الأَحِبَّاءِ بِأَسْمَائِهِمْ. 
يسلم عليك الأحباء = ولم يقل الإخوة تأكيداً على المحبة. وهكذا أيضاً سلم على الأحباء."
يوحنا ثالثة,1,15,"الإصحاح الأول
أية 1 :- اَلشَّيْخُ\'a1 إِلَى غَايُسَ الْحَبِيبِ الَّذِي أَنَا أُحِبُّهُ بِالْحَقِّ 
الرسول يحب بالحق أى لأجل المسيح\'a1 وبالمسيح الذى فيه.

أية 2 :- أَيُّهَا الْحَبِيبُ\'a1 فِي كُلِّ شَيْءٍ أَرُومُ أَنْ تَكُونَ نَاجِحاً وَصَحِيحاً\'a1 كَمَا أَنَّ نَفْسَكَ نَاجِحَة
الرسول يتمنى أن يكون غايس صحيحاً جسدياً. كما أنه نفسياً أى روحياً صحيح. ويرى البعض أن معنى كلام الرسول هنا أن صحة غايس كانت ليست على مايرام. والكنيسة تصلى من أجل صحة أولادها (فى أوشية المرضى) كما تصلى للراقدين والمسافرين. وأهم ما تطلبه لأجلهم هو غفران خطاياهم. 
كما أن نفسك ناجحة = النجاح ليس هو النجاح المادى وصحة الجسد. بل نجاح نفسى يتمثل فى الإحساس بالشبع والفرح والرضى والسلام الذى يملأ القلب. كما قال داود """"أحبك يارب يا قوتى"""" ( مز 18). ودانيال ويوسف كانوا ناجحين. وللأسف فهناك أباء يهتمون بنجاح أولادهم مادياً ودراسياً ولا يهتمون بحياتهم الروحية وأن يصرف أولادهم وقتاً مع الله.

أية 3 :- لأَنِّي فَرِحْتُ جِدّاً إِذْ حَضَرَ إِخْوَةٌ وَشَهِدُوا بِالْحَقِّ الَّذِي فِيكَ\'a1 كَمَا أَنَّكَ تَسْلُكُ بِالْحَقِّ
إذاً هو يكتب ليشجعه أن يستمر فى مسلكه. فرحة الخادم هى أن يرى أولاده يسلكون بالحق وبالمحبة وأن إيمانهم سليم. 

أية 4 :- لَيْسَ لِي فَرَحٌ أَعْظَمُ مِنْ هَذَا: أَنْ أَسْمَعَ عَنْ أَوْلاَدِي أَنَّهُمْ يَسْلُكُونَ بِالْحَقِّ
أسمع عن أولادى = هى أبوة يستمدها من الله وفى الله وبه\'a1 فإن صارت العلاقة خارج الرب يسوع ينطبق عليها هذا القول """" لا تدعوا لكم أباً على الأرض ( مت23: 8 - 10) وراجع ( غل4: 19 \'ba  1كو4: 15 \'ba  1تس2: 11).

أيات 5\'a1 6 :- أَيُّهَا الْحَبِيبُ\'a1 أَنْتَ تَفْعَلُ بِالأَمَانَةِ كُلَّ مَا تَصْنَعُهُ إِلَى الإِخْوَةِ وَإِلَى الْغُرَبَاءِ\'a1 الَّذِينَ شَهِدُوا بِمَحَبَّتِكَ أَمَامَ الْكَنِيسَةِ. الَّذِينَ تَفْعَلُ حَسَناً إِذَا شَيَّعْتَهُمْ كَمَا يَحِقُّ للهِ\'a1
الغرباء = الذين لم يعرفهم غايس قبلاً. الإخوة = هم الذين سبق وعرفهم غايس من قبل. كما يحق لله = الله هو القياس وليس خدامه.

أية 7 :- لأَنَّهُمْ مِنْ أَجْلِ اسْمِهِ خَرَجُوا وَهُمْ لاَ يَأْخُذُونَ شَيْئاً مِنَ الأُمَمِ
واضح أن هؤلاء الإخوة الغرباء خرجوا ليكرزوا للأمم\'a1ويريدون أن تكون خدمتهم مجانية\'a1أى بلا مقابل يأخذونه من الأمم. وغايس أتاح لهم هذا بأن تكفل بإحتياجاتهم المادية.

كان هناك نوعان من الخدام فى الكنيسة الأولى :- 
1.خدام محليين ثابتين مستقرين وهؤلاء يسكنون فى بيوتهم.
2.خدام طوافين ينتقلون من مكان إلى مكان. وهؤلاء لا يمكن لهم أن يستعملوا الفنادق لسمعتها السيئة\'a1 إذاً كانوا محتاجين لمن يستضيفهم (كملاكى لوط). لذلك وجدت وصية """"لا تنسوا إضافة الغرباء"""" ( عب2:13). فكان هذا إحتياج الكنيسة فى تلك الأيام. وكانت تلك الإستضافة تشمل (الطعام والنوم). فهؤلاء الخدام لا يخدمون لربح مادى. ولقد إشترطت الكنيسة على هؤلاء الذين يقيمون أكثر من مدة معينة أن يعملوا ليأكلوا\'a1 يكون لهم عمل يتكسبون منه. لذلك نرى بولس الرسول قد عمل كخيام (صانع خيام).

أية 8 :- فَنَحْنُ يَنْبَغِي لَنَا أَنْ نَقْبَلَ أَمْثَالَ هَؤُلاَءِ\'a1 لِكَيْ نَكُونَ عَامِلِينَ مَعَهُمْ بِالْحَقِّ
من يكرم خدام الله يكرم الله.

أيات 9\'a1 10 :- كَتَبْتُ إِلَى الْكَنِيسَةِ\'a1 وَلَكِنَّ دِيُوتْرِيفِسَ - الَّذِي يُحِبُّ أَنْ يَكُونَ الأَّوَلَ بَيْنَهُمْ - لاَ يَقْبَلُنَا. مِنْ أَجْلِ ذَلِكَ إِذَا جِئْتُ فَسَأُذَكِّرُهُ بِأَعْمَالِهِ الَّتِي يَعْمَلُهَا\'a1 هَاذِراً عَلَيْنَا بِأَقْوَالٍ خَبِيثَةٍ. وَإِذْ هُوَ غَيْرُ مُكْتَفٍ بِهَذِهِ\'a1 لاَ يَقْبَلُ الإِخْوَةَ\'a1 وَيَمْنَعُ أَيْضاً الَّذِينَ يُرِيدُونَ\'a1 وَيَطْرُدُهُمْ مِنَ الْكَنِيسَةِ
يبدو أن ديوتريفس هذا كان شخصاً ذو سلطان فى الكنيسة وربما كان هو الأسقف\'a1 إذ هو قادر أن يمنع أشخاصاً من دخول الكنيسة. 
كتبت إلى الكنيسة = كتب يوحنا رسالة إلى الكنيسة يطلب فيها قبول الإخوة الكارزين\'a1 فمنع ديوتريفس وصول الرسالة للكنيسة. يحب أن يكون الأول = خطية الكبرياء هذه تجعل الخادم ينحرف عن خدمته\'a1 ويحدث الإنشقاق فى الكنيسة. لايقبلنا = هو فى كبريائه لا يطيق الحق\'a1 يريد أن يعلم ولا يتعلم. ولا يقبل هؤلاء الإخوة الذين أرسلهم يوحنا ليكرزوا ويعلموا. بل هو طرد هؤلاء الإخوة\'a1 بل طرد الذين قبلوهم فى بيوتهم = الذين يريدون. والرسول يقول سأذكره = أى يساعده على معرفة أخطائه ليخلص نفسه.

أية 11 :- أَيُّهَا الْحَبِيبُ\'a1 لاَ تَتَمَثَّلْ بِالشَّرِّ بَلْ بِالْخَيْرِ\'a1 لأَنَّ مَنْ يَصْنَعُ الْخَيْرَ هُوَ مِنَ اللهِ\'a1 وَمَنْ يَصْنَعُ الشَّرَّ فَلَمْ يُبْصِرِ اللهَ.
لا تتمثل بالشر = بديوتريفس وأعماله. بل بالخير = أى بديمتريوس.
فلم يبصر الله = من يفعل الشر\'a1ويمتلىء قلبه بالعجرفة وحب الذات ينحنى بإرادته للظلمة فلا يقدر أن يبصر الله """" فلا شركة للنور مع الظلمة"""" ( 2كو6: 14). ومن أبصر الله فلقد أبصر النور فالله نور\'a1والنور يضىء له الطريق فيعرف الحق. 
أية 12 :- دِيمِتْرِيُوسُ مَشْهُودٌ لَهُ مِنَ الْجَمِيعِ وَمِنَ الْحَقِّ نَفْسِهِ\'a1 وَنَحْنُ أَيْضاً نَشْهَدُ\'a1 وَأَنْتُمْ تَعْلَمُونَ أَنَّ شَهَادَتَنَا هِيَ صَادِقَةٌ
ومن الحق نفسه = ربما تعنى أن الله يشهد له  فالله هو الحق. أو تعنى من أعماله أى أعمال ديمتريوس\'a1 فأعماله بحسب الحق\'a1وهى تشهد له. 
ونحن أيضاً = أى أن الرسول إختبره بنفسه. 
مشهود له من الجميع = هكذا أولاد الله نورهم ظاهر للجميع. وبهذا يشجع الرسول\'a1 غايس أن يقتدى بديمتريوس ولا يتشبه بديوتريفس.

أية 13 :- وَكَانَ لِي كَثِيرٌ لأَكْتُبَهُ\'a1 لَكِنَّنِي لَسْتُ أُرِيدُ أَنْ أَكْتُبَ إِلَيْكَ بِحِبْرٍ وَقَلَمٍ
 الجسر= كان من السناج الممزوج بماء ومقوى بالصمغ. والقلم = كان من الغاب المشطوف.

اية 14 :- وَلَكِنَّنِي أَرْجُو أَنْ أَرَاكَ عَنْ قَرِيبٍ فَنَتَكَلَّمَ فَماً لِفَمٍ.
تأكيد على أهمية التقليد.

أية 15 :- سَلاَمٌ لَكَ. يُسَلِّمُ عَلَيْكَ الأَحِبَّاءُ. سَلِّمْ عَلَى الأَحِبَّاءِ بِأَسْمَائِهِمْ. 
يسلم عليك الأحباء = ولم يقل الإخوة تأكيداً على المحبة. وهكذا أيضاً سلم على الأحباء."
يوحنا ثالثة,1,16,"الإصحاح الأول
أية 1 :- اَلشَّيْخُ\'a1 إِلَى غَايُسَ الْحَبِيبِ الَّذِي أَنَا أُحِبُّهُ بِالْحَقِّ 
الرسول يحب بالحق أى لأجل المسيح\'a1 وبالمسيح الذى فيه.

أية 2 :- أَيُّهَا الْحَبِيبُ\'a1 فِي كُلِّ شَيْءٍ أَرُومُ أَنْ تَكُونَ نَاجِحاً وَصَحِيحاً\'a1 كَمَا أَنَّ نَفْسَكَ نَاجِحَة
الرسول يتمنى أن يكون غايس صحيحاً جسدياً. كما أنه نفسياً أى روحياً صحيح. ويرى البعض أن معنى كلام الرسول هنا أن صحة غايس كانت ليست على مايرام. والكنيسة تصلى من أجل صحة أولادها (فى أوشية المرضى) كما تصلى للراقدين والمسافرين. وأهم ما تطلبه لأجلهم هو غفران خطاياهم. 
كما أن نفسك ناجحة = النجاح ليس هو النجاح المادى وصحة الجسد. بل نجاح نفسى يتمثل فى الإحساس بالشبع والفرح والرضى والسلام الذى يملأ القلب. كما قال داود """"أحبك يارب يا قوتى"""" ( مز 18). ودانيال ويوسف كانوا ناجحين. وللأسف فهناك أباء يهتمون بنجاح أولادهم مادياً ودراسياً ولا يهتمون بحياتهم الروحية وأن يصرف أولادهم وقتاً مع الله.

أية 3 :- لأَنِّي فَرِحْتُ جِدّاً إِذْ حَضَرَ إِخْوَةٌ وَشَهِدُوا بِالْحَقِّ الَّذِي فِيكَ\'a1 كَمَا أَنَّكَ تَسْلُكُ بِالْحَقِّ
إذاً هو يكتب ليشجعه أن يستمر فى مسلكه. فرحة الخادم هى أن يرى أولاده يسلكون بالحق وبالمحبة وأن إيمانهم سليم. 

أية 4 :- لَيْسَ لِي فَرَحٌ أَعْظَمُ مِنْ هَذَا: أَنْ أَسْمَعَ عَنْ أَوْلاَدِي أَنَّهُمْ يَسْلُكُونَ بِالْحَقِّ
أسمع عن أولادى = هى أبوة يستمدها من الله وفى الله وبه\'a1 فإن صارت العلاقة خارج الرب يسوع ينطبق عليها هذا القول """" لا تدعوا لكم أباً على الأرض ( مت23: 8 - 10) وراجع ( غل4: 19 \'ba  1كو4: 15 \'ba  1تس2: 11).

أيات 5\'a1 6 :- أَيُّهَا الْحَبِيبُ\'a1 أَنْتَ تَفْعَلُ بِالأَمَانَةِ كُلَّ مَا تَصْنَعُهُ إِلَى الإِخْوَةِ وَإِلَى الْغُرَبَاءِ\'a1 الَّذِينَ شَهِدُوا بِمَحَبَّتِكَ أَمَامَ الْكَنِيسَةِ. الَّذِينَ تَفْعَلُ حَسَناً إِذَا شَيَّعْتَهُمْ كَمَا يَحِقُّ للهِ\'a1
الغرباء = الذين لم يعرفهم غايس قبلاً. الإخوة = هم الذين سبق وعرفهم غايس من قبل. كما يحق لله = الله هو القياس وليس خدامه.

أية 7 :- لأَنَّهُمْ مِنْ أَجْلِ اسْمِهِ خَرَجُوا وَهُمْ لاَ يَأْخُذُونَ شَيْئاً مِنَ الأُمَمِ
واضح أن هؤلاء الإخوة الغرباء خرجوا ليكرزوا للأمم\'a1ويريدون أن تكون خدمتهم مجانية\'a1أى بلا مقابل يأخذونه من الأمم. وغايس أتاح لهم هذا بأن تكفل بإحتياجاتهم المادية.

كان هناك نوعان من الخدام فى الكنيسة الأولى :- 
1.خدام محليين ثابتين مستقرين وهؤلاء يسكنون فى بيوتهم.
2.خدام طوافين ينتقلون من مكان إلى مكان. وهؤلاء لا يمكن لهم أن يستعملوا الفنادق لسمعتها السيئة\'a1 إذاً كانوا محتاجين لمن يستضيفهم (كملاكى لوط). لذلك وجدت وصية """"لا تنسوا إضافة الغرباء"""" ( عب2:13). فكان هذا إحتياج الكنيسة فى تلك الأيام. وكانت تلك الإستضافة تشمل (الطعام والنوم). فهؤلاء الخدام لا يخدمون لربح مادى. ولقد إشترطت الكنيسة على هؤلاء الذين يقيمون أكثر من مدة معينة أن يعملوا ليأكلوا\'a1 يكون لهم عمل يتكسبون منه. لذلك نرى بولس الرسول قد عمل كخيام (صانع خيام).

أية 8 :- فَنَحْنُ يَنْبَغِي لَنَا أَنْ نَقْبَلَ أَمْثَالَ هَؤُلاَءِ\'a1 لِكَيْ نَكُونَ عَامِلِينَ مَعَهُمْ بِالْحَقِّ
من يكرم خدام الله يكرم الله.

أيات 9\'a1 10 :- كَتَبْتُ إِلَى الْكَنِيسَةِ\'a1 وَلَكِنَّ دِيُوتْرِيفِسَ - الَّذِي يُحِبُّ أَنْ يَكُونَ الأَّوَلَ بَيْنَهُمْ - لاَ يَقْبَلُنَا. مِنْ أَجْلِ ذَلِكَ إِذَا جِئْتُ فَسَأُذَكِّرُهُ بِأَعْمَالِهِ الَّتِي يَعْمَلُهَا\'a1 هَاذِراً عَلَيْنَا بِأَقْوَالٍ خَبِيثَةٍ. وَإِذْ هُوَ غَيْرُ مُكْتَفٍ بِهَذِهِ\'a1 لاَ يَقْبَلُ الإِخْوَةَ\'a1 وَيَمْنَعُ أَيْضاً الَّذِينَ يُرِيدُونَ\'a1 وَيَطْرُدُهُمْ مِنَ الْكَنِيسَةِ
يبدو أن ديوتريفس هذا كان شخصاً ذو سلطان فى الكنيسة وربما كان هو الأسقف\'a1 إذ هو قادر أن يمنع أشخاصاً من دخول الكنيسة. 
كتبت إلى الكنيسة = كتب يوحنا رسالة إلى الكنيسة يطلب فيها قبول الإخوة الكارزين\'a1 فمنع ديوتريفس وصول الرسالة للكنيسة. يحب أن يكون الأول = خطية الكبرياء هذه تجعل الخادم ينحرف عن خدمته\'a1 ويحدث الإنشقاق فى الكنيسة. لايقبلنا = هو فى كبريائه لا يطيق الحق\'a1 يريد أن يعلم ولا يتعلم. ولا يقبل هؤلاء الإخوة الذين أرسلهم يوحنا ليكرزوا ويعلموا. بل هو طرد هؤلاء الإخوة\'a1 بل طرد الذين قبلوهم فى بيوتهم = الذين يريدون. والرسول يقول سأذكره = أى يساعده على معرفة أخطائه ليخلص نفسه.

أية 11 :- أَيُّهَا الْحَبِيبُ\'a1 لاَ تَتَمَثَّلْ بِالشَّرِّ بَلْ بِالْخَيْرِ\'a1 لأَنَّ مَنْ يَصْنَعُ الْخَيْرَ هُوَ مِنَ اللهِ\'a1 وَمَنْ يَصْنَعُ الشَّرَّ فَلَمْ يُبْصِرِ اللهَ.
لا تتمثل بالشر = بديوتريفس وأعماله. بل بالخير = أى بديمتريوس.
فلم يبصر الله = من يفعل الشر\'a1ويمتلىء قلبه بالعجرفة وحب الذات ينحنى بإرادته للظلمة فلا يقدر أن يبصر الله """" فلا شركة للنور مع الظلمة"""" ( 2كو6: 14). ومن أبصر الله فلقد أبصر النور فالله نور\'a1والنور يضىء له الطريق فيعرف الحق. 
أية 12 :- دِيمِتْرِيُوسُ مَشْهُودٌ لَهُ مِنَ الْجَمِيعِ وَمِنَ الْحَقِّ نَفْسِهِ\'a1 وَنَحْنُ أَيْضاً نَشْهَدُ\'a1 وَأَنْتُمْ تَعْلَمُونَ أَنَّ شَهَادَتَنَا هِيَ صَادِقَةٌ
ومن الحق نفسه = ربما تعنى أن الله يشهد له  فالله هو الحق. أو تعنى من أعماله أى أعمال ديمتريوس\'a1 فأعماله بحسب الحق\'a1وهى تشهد له. 
ونحن أيضاً = أى أن الرسول إختبره بنفسه. 
مشهود له من الجميع = هكذا أولاد الله نورهم ظاهر للجميع. وبهذا يشجع الرسول\'a1 غايس أن يقتدى بديمتريوس ولا يتشبه بديوتريفس.

أية 13 :- وَكَانَ لِي كَثِيرٌ لأَكْتُبَهُ\'a1 لَكِنَّنِي لَسْتُ أُرِيدُ أَنْ أَكْتُبَ إِلَيْكَ بِحِبْرٍ وَقَلَمٍ
 الجسر= كان من السناج الممزوج بماء ومقوى بالصمغ. والقلم = كان من الغاب المشطوف.

اية 14 :- وَلَكِنَّنِي أَرْجُو أَنْ أَرَاكَ عَنْ قَرِيبٍ فَنَتَكَلَّمَ فَماً لِفَمٍ.
تأكيد على أهمية التقليد.

أية 15 :- سَلاَمٌ لَكَ. يُسَلِّمُ عَلَيْكَ الأَحِبَّاءُ. سَلِّمْ عَلَى الأَحِبَّاءِ بِأَسْمَائِهِمْ. 
يسلم عليك الأحباء = ولم يقل الإخوة تأكيداً على المحبة. وهكذا أيضاً سلم على الأحباء."
يوحنا ثالثة,1,17,"الإصحاح الأول
أية 1 :- اَلشَّيْخُ\'a1 إِلَى غَايُسَ الْحَبِيبِ الَّذِي أَنَا أُحِبُّهُ بِالْحَقِّ 
الرسول يحب بالحق أى لأجل المسيح\'a1 وبالمسيح الذى فيه.

أية 2 :- أَيُّهَا الْحَبِيبُ\'a1 فِي كُلِّ شَيْءٍ أَرُومُ أَنْ تَكُونَ نَاجِحاً وَصَحِيحاً\'a1 كَمَا أَنَّ نَفْسَكَ نَاجِحَة
الرسول يتمنى أن يكون غايس صحيحاً جسدياً. كما أنه نفسياً أى روحياً صحيح. ويرى البعض أن معنى كلام الرسول هنا أن صحة غايس كانت ليست على مايرام. والكنيسة تصلى من أجل صحة أولادها (فى أوشية المرضى) كما تصلى للراقدين والمسافرين. وأهم ما تطلبه لأجلهم هو غفران خطاياهم. 
كما أن نفسك ناجحة = النجاح ليس هو النجاح المادى وصحة الجسد. بل نجاح نفسى يتمثل فى الإحساس بالشبع والفرح والرضى والسلام الذى يملأ القلب. كما قال داود """"أحبك يارب يا قوتى"""" ( مز 18). ودانيال ويوسف كانوا ناجحين. وللأسف فهناك أباء يهتمون بنجاح أولادهم مادياً ودراسياً ولا يهتمون بحياتهم الروحية وأن يصرف أولادهم وقتاً مع الله.

أية 3 :- لأَنِّي فَرِحْتُ جِدّاً إِذْ حَضَرَ إِخْوَةٌ وَشَهِدُوا بِالْحَقِّ الَّذِي فِيكَ\'a1 كَمَا أَنَّكَ تَسْلُكُ بِالْحَقِّ
إذاً هو يكتب ليشجعه أن يستمر فى مسلكه. فرحة الخادم هى أن يرى أولاده يسلكون بالحق وبالمحبة وأن إيمانهم سليم. 

أية 4 :- لَيْسَ لِي فَرَحٌ أَعْظَمُ مِنْ هَذَا: أَنْ أَسْمَعَ عَنْ أَوْلاَدِي أَنَّهُمْ يَسْلُكُونَ بِالْحَقِّ
أسمع عن أولادى = هى أبوة يستمدها من الله وفى الله وبه\'a1 فإن صارت العلاقة خارج الرب يسوع ينطبق عليها هذا القول """" لا تدعوا لكم أباً على الأرض ( مت23: 8 - 10) وراجع ( غل4: 19 \'ba  1كو4: 15 \'ba  1تس2: 11).

أيات 5\'a1 6 :- أَيُّهَا الْحَبِيبُ\'a1 أَنْتَ تَفْعَلُ بِالأَمَانَةِ كُلَّ مَا تَصْنَعُهُ إِلَى الإِخْوَةِ وَإِلَى الْغُرَبَاءِ\'a1 الَّذِينَ شَهِدُوا بِمَحَبَّتِكَ أَمَامَ الْكَنِيسَةِ. الَّذِينَ تَفْعَلُ حَسَناً إِذَا شَيَّعْتَهُمْ كَمَا يَحِقُّ للهِ\'a1
الغرباء = الذين لم يعرفهم غايس قبلاً. الإخوة = هم الذين سبق وعرفهم غايس من قبل. كما يحق لله = الله هو القياس وليس خدامه.

أية 7 :- لأَنَّهُمْ مِنْ أَجْلِ اسْمِهِ خَرَجُوا وَهُمْ لاَ يَأْخُذُونَ شَيْئاً مِنَ الأُمَمِ
واضح أن هؤلاء الإخوة الغرباء خرجوا ليكرزوا للأمم\'a1ويريدون أن تكون خدمتهم مجانية\'a1أى بلا مقابل يأخذونه من الأمم. وغايس أتاح لهم هذا بأن تكفل بإحتياجاتهم المادية.

كان هناك نوعان من الخدام فى الكنيسة الأولى :- 
1.خدام محليين ثابتين مستقرين وهؤلاء يسكنون فى بيوتهم.
2.خدام طوافين ينتقلون من مكان إلى مكان. وهؤلاء لا يمكن لهم أن يستعملوا الفنادق لسمعتها السيئة\'a1 إذاً كانوا محتاجين لمن يستضيفهم (كملاكى لوط). لذلك وجدت وصية """"لا تنسوا إضافة الغرباء"""" ( عب2:13). فكان هذا إحتياج الكنيسة فى تلك الأيام. وكانت تلك الإستضافة تشمل (الطعام والنوم). فهؤلاء الخدام لا يخدمون لربح مادى. ولقد إشترطت الكنيسة على هؤلاء الذين يقيمون أكثر من مدة معينة أن يعملوا ليأكلوا\'a1 يكون لهم عمل يتكسبون منه. لذلك نرى بولس الرسول قد عمل كخيام (صانع خيام).

أية 8 :- فَنَحْنُ يَنْبَغِي لَنَا أَنْ نَقْبَلَ أَمْثَالَ هَؤُلاَءِ\'a1 لِكَيْ نَكُونَ عَامِلِينَ مَعَهُمْ بِالْحَقِّ
من يكرم خدام الله يكرم الله.

أيات 9\'a1 10 :- كَتَبْتُ إِلَى الْكَنِيسَةِ\'a1 وَلَكِنَّ دِيُوتْرِيفِسَ - الَّذِي يُحِبُّ أَنْ يَكُونَ الأَّوَلَ بَيْنَهُمْ - لاَ يَقْبَلُنَا. مِنْ أَجْلِ ذَلِكَ إِذَا جِئْتُ فَسَأُذَكِّرُهُ بِأَعْمَالِهِ الَّتِي يَعْمَلُهَا\'a1 هَاذِراً عَلَيْنَا بِأَقْوَالٍ خَبِيثَةٍ. وَإِذْ هُوَ غَيْرُ مُكْتَفٍ بِهَذِهِ\'a1 لاَ يَقْبَلُ الإِخْوَةَ\'a1 وَيَمْنَعُ أَيْضاً الَّذِينَ يُرِيدُونَ\'a1 وَيَطْرُدُهُمْ مِنَ الْكَنِيسَةِ
يبدو أن ديوتريفس هذا كان شخصاً ذو سلطان فى الكنيسة وربما كان هو الأسقف\'a1 إذ هو قادر أن يمنع أشخاصاً من دخول الكنيسة. 
كتبت إلى الكنيسة = كتب يوحنا رسالة إلى الكنيسة يطلب فيها قبول الإخوة الكارزين\'a1 فمنع ديوتريفس وصول الرسالة للكنيسة. يحب أن يكون الأول = خطية الكبرياء هذه تجعل الخادم ينحرف عن خدمته\'a1 ويحدث الإنشقاق فى الكنيسة. لايقبلنا = هو فى كبريائه لا يطيق الحق\'a1 يريد أن يعلم ولا يتعلم. ولا يقبل هؤلاء الإخوة الذين أرسلهم يوحنا ليكرزوا ويعلموا. بل هو طرد هؤلاء الإخوة\'a1 بل طرد الذين قبلوهم فى بيوتهم = الذين يريدون. والرسول يقول سأذكره = أى يساعده على معرفة أخطائه ليخلص نفسه.

أية 11 :- أَيُّهَا الْحَبِيبُ\'a1 لاَ تَتَمَثَّلْ بِالشَّرِّ بَلْ بِالْخَيْرِ\'a1 لأَنَّ مَنْ يَصْنَعُ الْخَيْرَ هُوَ مِنَ اللهِ\'a1 وَمَنْ يَصْنَعُ الشَّرَّ فَلَمْ يُبْصِرِ اللهَ.
لا تتمثل بالشر = بديوتريفس وأعماله. بل بالخير = أى بديمتريوس.
فلم يبصر الله = من يفعل الشر\'a1ويمتلىء قلبه بالعجرفة وحب الذات ينحنى بإرادته للظلمة فلا يقدر أن يبصر الله """" فلا شركة للنور مع الظلمة"""" ( 2كو6: 14). ومن أبصر الله فلقد أبصر النور فالله نور\'a1والنور يضىء له الطريق فيعرف الحق. 
أية 12 :- دِيمِتْرِيُوسُ مَشْهُودٌ لَهُ مِنَ الْجَمِيعِ وَمِنَ الْحَقِّ نَفْسِهِ\'a1 وَنَحْنُ أَيْضاً نَشْهَدُ\'a1 وَأَنْتُمْ تَعْلَمُونَ أَنَّ شَهَادَتَنَا هِيَ صَادِقَةٌ
ومن الحق نفسه = ربما تعنى أن الله يشهد له  فالله هو الحق. أو تعنى من أعماله أى أعمال ديمتريوس\'a1 فأعماله بحسب الحق\'a1وهى تشهد له. 
ونحن أيضاً = أى أن الرسول إختبره بنفسه. 
مشهود له من الجميع = هكذا أولاد الله نورهم ظاهر للجميع. وبهذا يشجع الرسول\'a1 غايس أن يقتدى بديمتريوس ولا يتشبه بديوتريفس.

أية 13 :- وَكَانَ لِي كَثِيرٌ لأَكْتُبَهُ\'a1 لَكِنَّنِي لَسْتُ أُرِيدُ أَنْ أَكْتُبَ إِلَيْكَ بِحِبْرٍ وَقَلَمٍ
 الجسر= كان من السناج الممزوج بماء ومقوى بالصمغ. والقلم = كان من الغاب المشطوف.

اية 14 :- وَلَكِنَّنِي أَرْجُو أَنْ أَرَاكَ عَنْ قَرِيبٍ فَنَتَكَلَّمَ فَماً لِفَمٍ.
تأكيد على أهمية التقليد.

أية 15 :- سَلاَمٌ لَكَ. يُسَلِّمُ عَلَيْكَ الأَحِبَّاءُ. سَلِّمْ عَلَى الأَحِبَّاءِ بِأَسْمَائِهِمْ. 
يسلم عليك الأحباء = ولم يقل الإخوة تأكيداً على المحبة. وهكذا أيضاً سلم على الأحباء."
يوحنا ثالثة,1,18,"الإصحاح الأول
أية 1 :- اَلشَّيْخُ\'a1 إِلَى غَايُسَ الْحَبِيبِ الَّذِي أَنَا أُحِبُّهُ بِالْحَقِّ 
الرسول يحب بالحق أى لأجل المسيح\'a1 وبالمسيح الذى فيه.

أية 2 :- أَيُّهَا الْحَبِيبُ\'a1 فِي كُلِّ شَيْءٍ أَرُومُ أَنْ تَكُونَ نَاجِحاً وَصَحِيحاً\'a1 كَمَا أَنَّ نَفْسَكَ نَاجِحَة
الرسول يتمنى أن يكون غايس صحيحاً جسدياً. كما أنه نفسياً أى روحياً صحيح. ويرى البعض أن معنى كلام الرسول هنا أن صحة غايس كانت ليست على مايرام. والكنيسة تصلى من أجل صحة أولادها (فى أوشية المرضى) كما تصلى للراقدين والمسافرين. وأهم ما تطلبه لأجلهم هو غفران خطاياهم. 
كما أن نفسك ناجحة = النجاح ليس هو النجاح المادى وصحة الجسد. بل نجاح نفسى يتمثل فى الإحساس بالشبع والفرح والرضى والسلام الذى يملأ القلب. كما قال داود """"أحبك يارب يا قوتى"""" ( مز 18). ودانيال ويوسف كانوا ناجحين. وللأسف فهناك أباء يهتمون بنجاح أولادهم مادياً ودراسياً ولا يهتمون بحياتهم الروحية وأن يصرف أولادهم وقتاً مع الله.

أية 3 :- لأَنِّي فَرِحْتُ جِدّاً إِذْ حَضَرَ إِخْوَةٌ وَشَهِدُوا بِالْحَقِّ الَّذِي فِيكَ\'a1 كَمَا أَنَّكَ تَسْلُكُ بِالْحَقِّ
إذاً هو يكتب ليشجعه أن يستمر فى مسلكه. فرحة الخادم هى أن يرى أولاده يسلكون بالحق وبالمحبة وأن إيمانهم سليم. 

أية 4 :- لَيْسَ لِي فَرَحٌ أَعْظَمُ مِنْ هَذَا: أَنْ أَسْمَعَ عَنْ أَوْلاَدِي أَنَّهُمْ يَسْلُكُونَ بِالْحَقِّ
أسمع عن أولادى = هى أبوة يستمدها من الله وفى الله وبه\'a1 فإن صارت العلاقة خارج الرب يسوع ينطبق عليها هذا القول """" لا تدعوا لكم أباً على الأرض ( مت23: 8 - 10) وراجع ( غل4: 19 \'ba  1كو4: 15 \'ba  1تس2: 11).

أيات 5\'a1 6 :- أَيُّهَا الْحَبِيبُ\'a1 أَنْتَ تَفْعَلُ بِالأَمَانَةِ كُلَّ مَا تَصْنَعُهُ إِلَى الإِخْوَةِ وَإِلَى الْغُرَبَاءِ\'a1 الَّذِينَ شَهِدُوا بِمَحَبَّتِكَ أَمَامَ الْكَنِيسَةِ. الَّذِينَ تَفْعَلُ حَسَناً إِذَا شَيَّعْتَهُمْ كَمَا يَحِقُّ للهِ\'a1
الغرباء = الذين لم يعرفهم غايس قبلاً. الإخوة = هم الذين سبق وعرفهم غايس من قبل. كما يحق لله = الله هو القياس وليس خدامه.

أية 7 :- لأَنَّهُمْ مِنْ أَجْلِ اسْمِهِ خَرَجُوا وَهُمْ لاَ يَأْخُذُونَ شَيْئاً مِنَ الأُمَمِ
واضح أن هؤلاء الإخوة الغرباء خرجوا ليكرزوا للأمم\'a1ويريدون أن تكون خدمتهم مجانية\'a1أى بلا مقابل يأخذونه من الأمم. وغايس أتاح لهم هذا بأن تكفل بإحتياجاتهم المادية.

كان هناك نوعان من الخدام فى الكنيسة الأولى :- 
1.خدام محليين ثابتين مستقرين وهؤلاء يسكنون فى بيوتهم.
2.خدام طوافين ينتقلون من مكان إلى مكان. وهؤلاء لا يمكن لهم أن يستعملوا الفنادق لسمعتها السيئة\'a1 إذاً كانوا محتاجين لمن يستضيفهم (كملاكى لوط). لذلك وجدت وصية """"لا تنسوا إضافة الغرباء"""" ( عب2:13). فكان هذا إحتياج الكنيسة فى تلك الأيام. وكانت تلك الإستضافة تشمل (الطعام والنوم). فهؤلاء الخدام لا يخدمون لربح مادى. ولقد إشترطت الكنيسة على هؤلاء الذين يقيمون أكثر من مدة معينة أن يعملوا ليأكلوا\'a1 يكون لهم عمل يتكسبون منه. لذلك نرى بولس الرسول قد عمل كخيام (صانع خيام).

أية 8 :- فَنَحْنُ يَنْبَغِي لَنَا أَنْ نَقْبَلَ أَمْثَالَ هَؤُلاَءِ\'a1 لِكَيْ نَكُونَ عَامِلِينَ مَعَهُمْ بِالْحَقِّ
من يكرم خدام الله يكرم الله.

أيات 9\'a1 10 :- كَتَبْتُ إِلَى الْكَنِيسَةِ\'a1 وَلَكِنَّ دِيُوتْرِيفِسَ - الَّذِي يُحِبُّ أَنْ يَكُونَ الأَّوَلَ بَيْنَهُمْ - لاَ يَقْبَلُنَا. مِنْ أَجْلِ ذَلِكَ إِذَا جِئْتُ فَسَأُذَكِّرُهُ بِأَعْمَالِهِ الَّتِي يَعْمَلُهَا\'a1 هَاذِراً عَلَيْنَا بِأَقْوَالٍ خَبِيثَةٍ. وَإِذْ هُوَ غَيْرُ مُكْتَفٍ بِهَذِهِ\'a1 لاَ يَقْبَلُ الإِخْوَةَ\'a1 وَيَمْنَعُ أَيْضاً الَّذِينَ يُرِيدُونَ\'a1 وَيَطْرُدُهُمْ مِنَ الْكَنِيسَةِ
يبدو أن ديوتريفس هذا كان شخصاً ذو سلطان فى الكنيسة وربما كان هو الأسقف\'a1 إذ هو قادر أن يمنع أشخاصاً من دخول الكنيسة. 
كتبت إلى الكنيسة = كتب يوحنا رسالة إلى الكنيسة يطلب فيها قبول الإخوة الكارزين\'a1 فمنع ديوتريفس وصول الرسالة للكنيسة. يحب أن يكون الأول = خطية الكبرياء هذه تجعل الخادم ينحرف عن خدمته\'a1 ويحدث الإنشقاق فى الكنيسة. لايقبلنا = هو فى كبريائه لا يطيق الحق\'a1 يريد أن يعلم ولا يتعلم. ولا يقبل هؤلاء الإخوة الذين أرسلهم يوحنا ليكرزوا ويعلموا. بل هو طرد هؤلاء الإخوة\'a1 بل طرد الذين قبلوهم فى بيوتهم = الذين يريدون. والرسول يقول سأذكره = أى يساعده على معرفة أخطائه ليخلص نفسه.

أية 11 :- أَيُّهَا الْحَبِيبُ\'a1 لاَ تَتَمَثَّلْ بِالشَّرِّ بَلْ بِالْخَيْرِ\'a1 لأَنَّ مَنْ يَصْنَعُ الْخَيْرَ هُوَ مِنَ اللهِ\'a1 وَمَنْ يَصْنَعُ الشَّرَّ فَلَمْ يُبْصِرِ اللهَ.
لا تتمثل بالشر = بديوتريفس وأعماله. بل بالخير = أى بديمتريوس.
فلم يبصر الله = من يفعل الشر\'a1ويمتلىء قلبه بالعجرفة وحب الذات ينحنى بإرادته للظلمة فلا يقدر أن يبصر الله """" فلا شركة للنور مع الظلمة"""" ( 2كو6: 14). ومن أبصر الله فلقد أبصر النور فالله نور\'a1والنور يضىء له الطريق فيعرف الحق. 
أية 12 :- دِيمِتْرِيُوسُ مَشْهُودٌ لَهُ مِنَ الْجَمِيعِ وَمِنَ الْحَقِّ نَفْسِهِ\'a1 وَنَحْنُ أَيْضاً نَشْهَدُ\'a1 وَأَنْتُمْ تَعْلَمُونَ أَنَّ شَهَادَتَنَا هِيَ صَادِقَةٌ
ومن الحق نفسه = ربما تعنى أن الله يشهد له  فالله هو الحق. أو تعنى من أعماله أى أعمال ديمتريوس\'a1 فأعماله بحسب الحق\'a1وهى تشهد له. 
ونحن أيضاً = أى أن الرسول إختبره بنفسه. 
مشهود له من الجميع = هكذا أولاد الله نورهم ظاهر للجميع. وبهذا يشجع الرسول\'a1 غايس أن يقتدى بديمتريوس ولا يتشبه بديوتريفس.

أية 13 :- وَكَانَ لِي كَثِيرٌ لأَكْتُبَهُ\'a1 لَكِنَّنِي لَسْتُ أُرِيدُ أَنْ أَكْتُبَ إِلَيْكَ بِحِبْرٍ وَقَلَمٍ
 الجسر= كان من السناج الممزوج بماء ومقوى بالصمغ. والقلم = كان من الغاب المشطوف.

اية 14 :- وَلَكِنَّنِي أَرْجُو أَنْ أَرَاكَ عَنْ قَرِيبٍ فَنَتَكَلَّمَ فَماً لِفَمٍ.
تأكيد على أهمية التقليد.

أية 15 :- سَلاَمٌ لَكَ. يُسَلِّمُ عَلَيْكَ الأَحِبَّاءُ. سَلِّمْ عَلَى الأَحِبَّاءِ بِأَسْمَائِهِمْ. 
يسلم عليك الأحباء = ولم يقل الإخوة تأكيداً على المحبة. وهكذا أيضاً سلم على الأحباء."
يوحنا ثالثة,1,19,"الإصحاح الأول
أية 1 :- اَلشَّيْخُ\'a1 إِلَى غَايُسَ الْحَبِيبِ الَّذِي أَنَا أُحِبُّهُ بِالْحَقِّ 
الرسول يحب بالحق أى لأجل المسيح\'a1 وبالمسيح الذى فيه.

أية 2 :- أَيُّهَا الْحَبِيبُ\'a1 فِي كُلِّ شَيْءٍ أَرُومُ أَنْ تَكُونَ نَاجِحاً وَصَحِيحاً\'a1 كَمَا أَنَّ نَفْسَكَ نَاجِحَة
الرسول يتمنى أن يكون غايس صحيحاً جسدياً. كما أنه نفسياً أى روحياً صحيح. ويرى البعض أن معنى كلام الرسول هنا أن صحة غايس كانت ليست على مايرام. والكنيسة تصلى من أجل صحة أولادها (فى أوشية المرضى) كما تصلى للراقدين والمسافرين. وأهم ما تطلبه لأجلهم هو غفران خطاياهم. 
كما أن نفسك ناجحة = النجاح ليس هو النجاح المادى وصحة الجسد. بل نجاح نفسى يتمثل فى الإحساس بالشبع والفرح والرضى والسلام الذى يملأ القلب. كما قال داود """"أحبك يارب يا قوتى"""" ( مز 18). ودانيال ويوسف كانوا ناجحين. وللأسف فهناك أباء يهتمون بنجاح أولادهم مادياً ودراسياً ولا يهتمون بحياتهم الروحية وأن يصرف أولادهم وقتاً مع الله.

أية 3 :- لأَنِّي فَرِحْتُ جِدّاً إِذْ حَضَرَ إِخْوَةٌ وَشَهِدُوا بِالْحَقِّ الَّذِي فِيكَ\'a1 كَمَا أَنَّكَ تَسْلُكُ بِالْحَقِّ
إذاً هو يكتب ليشجعه أن يستمر فى مسلكه. فرحة الخادم هى أن يرى أولاده يسلكون بالحق وبالمحبة وأن إيمانهم سليم. 

أية 4 :- لَيْسَ لِي فَرَحٌ أَعْظَمُ مِنْ هَذَا: أَنْ أَسْمَعَ عَنْ أَوْلاَدِي أَنَّهُمْ يَسْلُكُونَ بِالْحَقِّ
أسمع عن أولادى = هى أبوة يستمدها من الله وفى الله وبه\'a1 فإن صارت العلاقة خارج الرب يسوع ينطبق عليها هذا القول """" لا تدعوا لكم أباً على الأرض ( مت23: 8 - 10) وراجع ( غل4: 19 \'ba  1كو4: 15 \'ba  1تس2: 11).

أيات 5\'a1 6 :- أَيُّهَا الْحَبِيبُ\'a1 أَنْتَ تَفْعَلُ بِالأَمَانَةِ كُلَّ مَا تَصْنَعُهُ إِلَى الإِخْوَةِ وَإِلَى الْغُرَبَاءِ\'a1 الَّذِينَ شَهِدُوا بِمَحَبَّتِكَ أَمَامَ الْكَنِيسَةِ. الَّذِينَ تَفْعَلُ حَسَناً إِذَا شَيَّعْتَهُمْ كَمَا يَحِقُّ للهِ\'a1
الغرباء = الذين لم يعرفهم غايس قبلاً. الإخوة = هم الذين سبق وعرفهم غايس من قبل. كما يحق لله = الله هو القياس وليس خدامه.

أية 7 :- لأَنَّهُمْ مِنْ أَجْلِ اسْمِهِ خَرَجُوا وَهُمْ لاَ يَأْخُذُونَ شَيْئاً مِنَ الأُمَمِ
واضح أن هؤلاء الإخوة الغرباء خرجوا ليكرزوا للأمم\'a1ويريدون أن تكون خدمتهم مجانية\'a1أى بلا مقابل يأخذونه من الأمم. وغايس أتاح لهم هذا بأن تكفل بإحتياجاتهم المادية.

كان هناك نوعان من الخدام فى الكنيسة الأولى :- 
1.خدام محليين ثابتين مستقرين وهؤلاء يسكنون فى بيوتهم.
2.خدام طوافين ينتقلون من مكان إلى مكان. وهؤلاء لا يمكن لهم أن يستعملوا الفنادق لسمعتها السيئة\'a1 إذاً كانوا محتاجين لمن يستضيفهم (كملاكى لوط). لذلك وجدت وصية """"لا تنسوا إضافة الغرباء"""" ( عب2:13). فكان هذا إحتياج الكنيسة فى تلك الأيام. وكانت تلك الإستضافة تشمل (الطعام والنوم). فهؤلاء الخدام لا يخدمون لربح مادى. ولقد إشترطت الكنيسة على هؤلاء الذين يقيمون أكثر من مدة معينة أن يعملوا ليأكلوا\'a1 يكون لهم عمل يتكسبون منه. لذلك نرى بولس الرسول قد عمل كخيام (صانع خيام).

أية 8 :- فَنَحْنُ يَنْبَغِي لَنَا أَنْ نَقْبَلَ أَمْثَالَ هَؤُلاَءِ\'a1 لِكَيْ نَكُونَ عَامِلِينَ مَعَهُمْ بِالْحَقِّ
من يكرم خدام الله يكرم الله.

أيات 9\'a1 10 :- كَتَبْتُ إِلَى الْكَنِيسَةِ\'a1 وَلَكِنَّ دِيُوتْرِيفِسَ - الَّذِي يُحِبُّ أَنْ يَكُونَ الأَّوَلَ بَيْنَهُمْ - لاَ يَقْبَلُنَا. مِنْ أَجْلِ ذَلِكَ إِذَا جِئْتُ فَسَأُذَكِّرُهُ بِأَعْمَالِهِ الَّتِي يَعْمَلُهَا\'a1 هَاذِراً عَلَيْنَا بِأَقْوَالٍ خَبِيثَةٍ. وَإِذْ هُوَ غَيْرُ مُكْتَفٍ بِهَذِهِ\'a1 لاَ يَقْبَلُ الإِخْوَةَ\'a1 وَيَمْنَعُ أَيْضاً الَّذِينَ يُرِيدُونَ\'a1 وَيَطْرُدُهُمْ مِنَ الْكَنِيسَةِ
يبدو أن ديوتريفس هذا كان شخصاً ذو سلطان فى الكنيسة وربما كان هو الأسقف\'a1 إذ هو قادر أن يمنع أشخاصاً من دخول الكنيسة. 
كتبت إلى الكنيسة = كتب يوحنا رسالة إلى الكنيسة يطلب فيها قبول الإخوة الكارزين\'a1 فمنع ديوتريفس وصول الرسالة للكنيسة. يحب أن يكون الأول = خطية الكبرياء هذه تجعل الخادم ينحرف عن خدمته\'a1 ويحدث الإنشقاق فى الكنيسة. لايقبلنا = هو فى كبريائه لا يطيق الحق\'a1 يريد أن يعلم ولا يتعلم. ولا يقبل هؤلاء الإخوة الذين أرسلهم يوحنا ليكرزوا ويعلموا. بل هو طرد هؤلاء الإخوة\'a1 بل طرد الذين قبلوهم فى بيوتهم = الذين يريدون. والرسول يقول سأذكره = أى يساعده على معرفة أخطائه ليخلص نفسه.

أية 11 :- أَيُّهَا الْحَبِيبُ\'a1 لاَ تَتَمَثَّلْ بِالشَّرِّ بَلْ بِالْخَيْرِ\'a1 لأَنَّ مَنْ يَصْنَعُ الْخَيْرَ هُوَ مِنَ اللهِ\'a1 وَمَنْ يَصْنَعُ الشَّرَّ فَلَمْ يُبْصِرِ اللهَ.
لا تتمثل بالشر = بديوتريفس وأعماله. بل بالخير = أى بديمتريوس.
فلم يبصر الله = من يفعل الشر\'a1ويمتلىء قلبه بالعجرفة وحب الذات ينحنى بإرادته للظلمة فلا يقدر أن يبصر الله """" فلا شركة للنور مع الظلمة"""" ( 2كو6: 14). ومن أبصر الله فلقد أبصر النور فالله نور\'a1والنور يضىء له الطريق فيعرف الحق. 
أية 12 :- دِيمِتْرِيُوسُ مَشْهُودٌ لَهُ مِنَ الْجَمِيعِ وَمِنَ الْحَقِّ نَفْسِهِ\'a1 وَنَحْنُ أَيْضاً نَشْهَدُ\'a1 وَأَنْتُمْ تَعْلَمُونَ أَنَّ شَهَادَتَنَا هِيَ صَادِقَةٌ
ومن الحق نفسه = ربما تعنى أن الله يشهد له  فالله هو الحق. أو تعنى من أعماله أى أعمال ديمتريوس\'a1 فأعماله بحسب الحق\'a1وهى تشهد له. 
ونحن أيضاً = أى أن الرسول إختبره بنفسه. 
مشهود له من الجميع = هكذا أولاد الله نورهم ظاهر للجميع. وبهذا يشجع الرسول\'a1 غايس أن يقتدى بديمتريوس ولا يتشبه بديوتريفس.

أية 13 :- وَكَانَ لِي كَثِيرٌ لأَكْتُبَهُ\'a1 لَكِنَّنِي لَسْتُ أُرِيدُ أَنْ أَكْتُبَ إِلَيْكَ بِحِبْرٍ وَقَلَمٍ
 الجسر= كان من السناج الممزوج بماء ومقوى بالصمغ. والقلم = كان من الغاب المشطوف.

اية 14 :- وَلَكِنَّنِي أَرْجُو أَنْ أَرَاكَ عَنْ قَرِيبٍ فَنَتَكَلَّمَ فَماً لِفَمٍ.
تأكيد على أهمية التقليد.

أية 15 :- سَلاَمٌ لَكَ. يُسَلِّمُ عَلَيْكَ الأَحِبَّاءُ. سَلِّمْ عَلَى الأَحِبَّاءِ بِأَسْمَائِهِمْ. 
يسلم عليك الأحباء = ولم يقل الإخوة تأكيداً على المحبة. وهكذا أيضاً سلم على الأحباء."
يوحنا ثالثة,1,20,"الإصحاح الأول
أية 1 :- اَلشَّيْخُ\'a1 إِلَى غَايُسَ الْحَبِيبِ الَّذِي أَنَا أُحِبُّهُ بِالْحَقِّ 
الرسول يحب بالحق أى لأجل المسيح\'a1 وبالمسيح الذى فيه.

أية 2 :- أَيُّهَا الْحَبِيبُ\'a1 فِي كُلِّ شَيْءٍ أَرُومُ أَنْ تَكُونَ نَاجِحاً وَصَحِيحاً\'a1 كَمَا أَنَّ نَفْسَكَ نَاجِحَة
الرسول يتمنى أن يكون غايس صحيحاً جسدياً. كما أنه نفسياً أى روحياً صحيح. ويرى البعض أن معنى كلام الرسول هنا أن صحة غايس كانت ليست على مايرام. والكنيسة تصلى من أجل صحة أولادها (فى أوشية المرضى) كما تصلى للراقدين والمسافرين. وأهم ما تطلبه لأجلهم هو غفران خطاياهم. 
كما أن نفسك ناجحة = النجاح ليس هو النجاح المادى وصحة الجسد. بل نجاح نفسى يتمثل فى الإحساس بالشبع والفرح والرضى والسلام الذى يملأ القلب. كما قال داود """"أحبك يارب يا قوتى"""" ( مز 18). ودانيال ويوسف كانوا ناجحين. وللأسف فهناك أباء يهتمون بنجاح أولادهم مادياً ودراسياً ولا يهتمون بحياتهم الروحية وأن يصرف أولادهم وقتاً مع الله.

أية 3 :- لأَنِّي فَرِحْتُ جِدّاً إِذْ حَضَرَ إِخْوَةٌ وَشَهِدُوا بِالْحَقِّ الَّذِي فِيكَ\'a1 كَمَا أَنَّكَ تَسْلُكُ بِالْحَقِّ
إذاً هو يكتب ليشجعه أن يستمر فى مسلكه. فرحة الخادم هى أن يرى أولاده يسلكون بالحق وبالمحبة وأن إيمانهم سليم. 

أية 4 :- لَيْسَ لِي فَرَحٌ أَعْظَمُ مِنْ هَذَا: أَنْ أَسْمَعَ عَنْ أَوْلاَدِي أَنَّهُمْ يَسْلُكُونَ بِالْحَقِّ
أسمع عن أولادى = هى أبوة يستمدها من الله وفى الله وبه\'a1 فإن صارت العلاقة خارج الرب يسوع ينطبق عليها هذا القول """" لا تدعوا لكم أباً على الأرض ( مت23: 8 - 10) وراجع ( غل4: 19 \'ba  1كو4: 15 \'ba  1تس2: 11).

أيات 5\'a1 6 :- أَيُّهَا الْحَبِيبُ\'a1 أَنْتَ تَفْعَلُ بِالأَمَانَةِ كُلَّ مَا تَصْنَعُهُ إِلَى الإِخْوَةِ وَإِلَى الْغُرَبَاءِ\'a1 الَّذِينَ شَهِدُوا بِمَحَبَّتِكَ أَمَامَ الْكَنِيسَةِ. الَّذِينَ تَفْعَلُ حَسَناً إِذَا شَيَّعْتَهُمْ كَمَا يَحِقُّ للهِ\'a1
الغرباء = الذين لم يعرفهم غايس قبلاً. الإخوة = هم الذين سبق وعرفهم غايس من قبل. كما يحق لله = الله هو القياس وليس خدامه.

أية 7 :- لأَنَّهُمْ مِنْ أَجْلِ اسْمِهِ خَرَجُوا وَهُمْ لاَ يَأْخُذُونَ شَيْئاً مِنَ الأُمَمِ
واضح أن هؤلاء الإخوة الغرباء خرجوا ليكرزوا للأمم\'a1ويريدون أن تكون خدمتهم مجانية\'a1أى بلا مقابل يأخذونه من الأمم. وغايس أتاح لهم هذا بأن تكفل بإحتياجاتهم المادية.

كان هناك نوعان من الخدام فى الكنيسة الأولى :- 
1.خدام محليين ثابتين مستقرين وهؤلاء يسكنون فى بيوتهم.
2.خدام طوافين ينتقلون من مكان إلى مكان. وهؤلاء لا يمكن لهم أن يستعملوا الفنادق لسمعتها السيئة\'a1 إذاً كانوا محتاجين لمن يستضيفهم (كملاكى لوط). لذلك وجدت وصية """"لا تنسوا إضافة الغرباء"""" ( عب2:13). فكان هذا إحتياج الكنيسة فى تلك الأيام. وكانت تلك الإستضافة تشمل (الطعام والنوم). فهؤلاء الخدام لا يخدمون لربح مادى. ولقد إشترطت الكنيسة على هؤلاء الذين يقيمون أكثر من مدة معينة أن يعملوا ليأكلوا\'a1 يكون لهم عمل يتكسبون منه. لذلك نرى بولس الرسول قد عمل كخيام (صانع خيام).

أية 8 :- فَنَحْنُ يَنْبَغِي لَنَا أَنْ نَقْبَلَ أَمْثَالَ هَؤُلاَءِ\'a1 لِكَيْ نَكُونَ عَامِلِينَ مَعَهُمْ بِالْحَقِّ
من يكرم خدام الله يكرم الله.

أيات 9\'a1 10 :- كَتَبْتُ إِلَى الْكَنِيسَةِ\'a1 وَلَكِنَّ دِيُوتْرِيفِسَ - الَّذِي يُحِبُّ أَنْ يَكُونَ الأَّوَلَ بَيْنَهُمْ - لاَ يَقْبَلُنَا. مِنْ أَجْلِ ذَلِكَ إِذَا جِئْتُ فَسَأُذَكِّرُهُ بِأَعْمَالِهِ الَّتِي يَعْمَلُهَا\'a1 هَاذِراً عَلَيْنَا بِأَقْوَالٍ خَبِيثَةٍ. وَإِذْ هُوَ غَيْرُ مُكْتَفٍ بِهَذِهِ\'a1 لاَ يَقْبَلُ الإِخْوَةَ\'a1 وَيَمْنَعُ أَيْضاً الَّذِينَ يُرِيدُونَ\'a1 وَيَطْرُدُهُمْ مِنَ الْكَنِيسَةِ
يبدو أن ديوتريفس هذا كان شخصاً ذو سلطان فى الكنيسة وربما كان هو الأسقف\'a1 إذ هو قادر أن يمنع أشخاصاً من دخول الكنيسة. 
كتبت إلى الكنيسة = كتب يوحنا رسالة إلى الكنيسة يطلب فيها قبول الإخوة الكارزين\'a1 فمنع ديوتريفس وصول الرسالة للكنيسة. يحب أن يكون الأول = خطية الكبرياء هذه تجعل الخادم ينحرف عن خدمته\'a1 ويحدث الإنشقاق فى الكنيسة. لايقبلنا = هو فى كبريائه لا يطيق الحق\'a1 يريد أن يعلم ولا يتعلم. ولا يقبل هؤلاء الإخوة الذين أرسلهم يوحنا ليكرزوا ويعلموا. بل هو طرد هؤلاء الإخوة\'a1 بل طرد الذين قبلوهم فى بيوتهم = الذين يريدون. والرسول يقول سأذكره = أى يساعده على معرفة أخطائه ليخلص نفسه.

أية 11 :- أَيُّهَا الْحَبِيبُ\'a1 لاَ تَتَمَثَّلْ بِالشَّرِّ بَلْ بِالْخَيْرِ\'a1 لأَنَّ مَنْ يَصْنَعُ الْخَيْرَ هُوَ مِنَ اللهِ\'a1 وَمَنْ يَصْنَعُ الشَّرَّ فَلَمْ يُبْصِرِ اللهَ.
لا تتمثل بالشر = بديوتريفس وأعماله. بل بالخير = أى بديمتريوس.
فلم يبصر الله = من يفعل الشر\'a1ويمتلىء قلبه بالعجرفة وحب الذات ينحنى بإرادته للظلمة فلا يقدر أن يبصر الله """" فلا شركة للنور مع الظلمة"""" ( 2كو6: 14). ومن أبصر الله فلقد أبصر النور فالله نور\'a1والنور يضىء له الطريق فيعرف الحق. 
أية 12 :- دِيمِتْرِيُوسُ مَشْهُودٌ لَهُ مِنَ الْجَمِيعِ وَمِنَ الْحَقِّ نَفْسِهِ\'a1 وَنَحْنُ أَيْضاً نَشْهَدُ\'a1 وَأَنْتُمْ تَعْلَمُونَ أَنَّ شَهَادَتَنَا هِيَ صَادِقَةٌ
ومن الحق نفسه = ربما تعنى أن الله يشهد له  فالله هو الحق. أو تعنى من أعماله أى أعمال ديمتريوس\'a1 فأعماله بحسب الحق\'a1وهى تشهد له. 
ونحن أيضاً = أى أن الرسول إختبره بنفسه. 
مشهود له من الجميع = هكذا أولاد الله نورهم ظاهر للجميع. وبهذا يشجع الرسول\'a1 غايس أن يقتدى بديمتريوس ولا يتشبه بديوتريفس.

أية 13 :- وَكَانَ لِي كَثِيرٌ لأَكْتُبَهُ\'a1 لَكِنَّنِي لَسْتُ أُرِيدُ أَنْ أَكْتُبَ إِلَيْكَ بِحِبْرٍ وَقَلَمٍ
 الجسر= كان من السناج الممزوج بماء ومقوى بالصمغ. والقلم = كان من الغاب المشطوف.

اية 14 :- وَلَكِنَّنِي أَرْجُو أَنْ أَرَاكَ عَنْ قَرِيبٍ فَنَتَكَلَّمَ فَماً لِفَمٍ.
تأكيد على أهمية التقليد.

أية 15 :- سَلاَمٌ لَكَ. يُسَلِّمُ عَلَيْكَ الأَحِبَّاءُ. سَلِّمْ عَلَى الأَحِبَّاءِ بِأَسْمَائِهِمْ. 
يسلم عليك الأحباء = ولم يقل الإخوة تأكيداً على المحبة. وهكذا أيضاً سلم على الأحباء."
يوحنا ثالثة,1,21,"الإصحاح الأول
أية 1 :- اَلشَّيْخُ\'a1 إِلَى غَايُسَ الْحَبِيبِ الَّذِي أَنَا أُحِبُّهُ بِالْحَقِّ 
الرسول يحب بالحق أى لأجل المسيح\'a1 وبالمسيح الذى فيه.

أية 2 :- أَيُّهَا الْحَبِيبُ\'a1 فِي كُلِّ شَيْءٍ أَرُومُ أَنْ تَكُونَ نَاجِحاً وَصَحِيحاً\'a1 كَمَا أَنَّ نَفْسَكَ نَاجِحَة
الرسول يتمنى أن يكون غايس صحيحاً جسدياً. كما أنه نفسياً أى روحياً صحيح. ويرى البعض أن معنى كلام الرسول هنا أن صحة غايس كانت ليست على مايرام. والكنيسة تصلى من أجل صحة أولادها (فى أوشية المرضى) كما تصلى للراقدين والمسافرين. وأهم ما تطلبه لأجلهم هو غفران خطاياهم. 
كما أن نفسك ناجحة = النجاح ليس هو النجاح المادى وصحة الجسد. بل نجاح نفسى يتمثل فى الإحساس بالشبع والفرح والرضى والسلام الذى يملأ القلب. كما قال داود """"أحبك يارب يا قوتى"""" ( مز 18). ودانيال ويوسف كانوا ناجحين. وللأسف فهناك أباء يهتمون بنجاح أولادهم مادياً ودراسياً ولا يهتمون بحياتهم الروحية وأن يصرف أولادهم وقتاً مع الله.

أية 3 :- لأَنِّي فَرِحْتُ جِدّاً إِذْ حَضَرَ إِخْوَةٌ وَشَهِدُوا بِالْحَقِّ الَّذِي فِيكَ\'a1 كَمَا أَنَّكَ تَسْلُكُ بِالْحَقِّ
إذاً هو يكتب ليشجعه أن يستمر فى مسلكه. فرحة الخادم هى أن يرى أولاده يسلكون بالحق وبالمحبة وأن إيمانهم سليم. 

أية 4 :- لَيْسَ لِي فَرَحٌ أَعْظَمُ مِنْ هَذَا: أَنْ أَسْمَعَ عَنْ أَوْلاَدِي أَنَّهُمْ يَسْلُكُونَ بِالْحَقِّ
أسمع عن أولادى = هى أبوة يستمدها من الله وفى الله وبه\'a1 فإن صارت العلاقة خارج الرب يسوع ينطبق عليها هذا القول """" لا تدعوا لكم أباً على الأرض ( مت23: 8 - 10) وراجع ( غل4: 19 \'ba  1كو4: 15 \'ba  1تس2: 11).

أيات 5\'a1 6 :- أَيُّهَا الْحَبِيبُ\'a1 أَنْتَ تَفْعَلُ بِالأَمَانَةِ كُلَّ مَا تَصْنَعُهُ إِلَى الإِخْوَةِ وَإِلَى الْغُرَبَاءِ\'a1 الَّذِينَ شَهِدُوا بِمَحَبَّتِكَ أَمَامَ الْكَنِيسَةِ. الَّذِينَ تَفْعَلُ حَسَناً إِذَا شَيَّعْتَهُمْ كَمَا يَحِقُّ للهِ\'a1
الغرباء = الذين لم يعرفهم غايس قبلاً. الإخوة = هم الذين سبق وعرفهم غايس من قبل. كما يحق لله = الله هو القياس وليس خدامه.

أية 7 :- لأَنَّهُمْ مِنْ أَجْلِ اسْمِهِ خَرَجُوا وَهُمْ لاَ يَأْخُذُونَ شَيْئاً مِنَ الأُمَمِ
واضح أن هؤلاء الإخوة الغرباء خرجوا ليكرزوا للأمم\'a1ويريدون أن تكون خدمتهم مجانية\'a1أى بلا مقابل يأخذونه من الأمم. وغايس أتاح لهم هذا بأن تكفل بإحتياجاتهم المادية.

كان هناك نوعان من الخدام فى الكنيسة الأولى :- 
1.خدام محليين ثابتين مستقرين وهؤلاء يسكنون فى بيوتهم.
2.خدام طوافين ينتقلون من مكان إلى مكان. وهؤلاء لا يمكن لهم أن يستعملوا الفنادق لسمعتها السيئة\'a1 إذاً كانوا محتاجين لمن يستضيفهم (كملاكى لوط). لذلك وجدت وصية """"لا تنسوا إضافة الغرباء"""" ( عب2:13). فكان هذا إحتياج الكنيسة فى تلك الأيام. وكانت تلك الإستضافة تشمل (الطعام والنوم). فهؤلاء الخدام لا يخدمون لربح مادى. ولقد إشترطت الكنيسة على هؤلاء الذين يقيمون أكثر من مدة معينة أن يعملوا ليأكلوا\'a1 يكون لهم عمل يتكسبون منه. لذلك نرى بولس الرسول قد عمل كخيام (صانع خيام).

أية 8 :- فَنَحْنُ يَنْبَغِي لَنَا أَنْ نَقْبَلَ أَمْثَالَ هَؤُلاَءِ\'a1 لِكَيْ نَكُونَ عَامِلِينَ مَعَهُمْ بِالْحَقِّ
من يكرم خدام الله يكرم الله.

أيات 9\'a1 10 :- كَتَبْتُ إِلَى الْكَنِيسَةِ\'a1 وَلَكِنَّ دِيُوتْرِيفِسَ - الَّذِي يُحِبُّ أَنْ يَكُونَ الأَّوَلَ بَيْنَهُمْ - لاَ يَقْبَلُنَا. مِنْ أَجْلِ ذَلِكَ إِذَا جِئْتُ فَسَأُذَكِّرُهُ بِأَعْمَالِهِ الَّتِي يَعْمَلُهَا\'a1 هَاذِراً عَلَيْنَا بِأَقْوَالٍ خَبِيثَةٍ. وَإِذْ هُوَ غَيْرُ مُكْتَفٍ بِهَذِهِ\'a1 لاَ يَقْبَلُ الإِخْوَةَ\'a1 وَيَمْنَعُ أَيْضاً الَّذِينَ يُرِيدُونَ\'a1 وَيَطْرُدُهُمْ مِنَ الْكَنِيسَةِ
يبدو أن ديوتريفس هذا كان شخصاً ذو سلطان فى الكنيسة وربما كان هو الأسقف\'a1 إذ هو قادر أن يمنع أشخاصاً من دخول الكنيسة. 
كتبت إلى الكنيسة = كتب يوحنا رسالة إلى الكنيسة يطلب فيها قبول الإخوة الكارزين\'a1 فمنع ديوتريفس وصول الرسالة للكنيسة. يحب أن يكون الأول = خطية الكبرياء هذه تجعل الخادم ينحرف عن خدمته\'a1 ويحدث الإنشقاق فى الكنيسة. لايقبلنا = هو فى كبريائه لا يطيق الحق\'a1 يريد أن يعلم ولا يتعلم. ولا يقبل هؤلاء الإخوة الذين أرسلهم يوحنا ليكرزوا ويعلموا. بل هو طرد هؤلاء الإخوة\'a1 بل طرد الذين قبلوهم فى بيوتهم = الذين يريدون. والرسول يقول سأذكره = أى يساعده على معرفة أخطائه ليخلص نفسه.

أية 11 :- أَيُّهَا الْحَبِيبُ\'a1 لاَ تَتَمَثَّلْ بِالشَّرِّ بَلْ بِالْخَيْرِ\'a1 لأَنَّ مَنْ يَصْنَعُ الْخَيْرَ هُوَ مِنَ اللهِ\'a1 وَمَنْ يَصْنَعُ الشَّرَّ فَلَمْ يُبْصِرِ اللهَ.
لا تتمثل بالشر = بديوتريفس وأعماله. بل بالخير = أى بديمتريوس.
فلم يبصر الله = من يفعل الشر\'a1ويمتلىء قلبه بالعجرفة وحب الذات ينحنى بإرادته للظلمة فلا يقدر أن يبصر الله """" فلا شركة للنور مع الظلمة"""" ( 2كو6: 14). ومن أبصر الله فلقد أبصر النور فالله نور\'a1والنور يضىء له الطريق فيعرف الحق. 
أية 12 :- دِيمِتْرِيُوسُ مَشْهُودٌ لَهُ مِنَ الْجَمِيعِ وَمِنَ الْحَقِّ نَفْسِهِ\'a1 وَنَحْنُ أَيْضاً نَشْهَدُ\'a1 وَأَنْتُمْ تَعْلَمُونَ أَنَّ شَهَادَتَنَا هِيَ صَادِقَةٌ
ومن الحق نفسه = ربما تعنى أن الله يشهد له  فالله هو الحق. أو تعنى من أعماله أى أعمال ديمتريوس\'a1 فأعماله بحسب الحق\'a1وهى تشهد له. 
ونحن أيضاً = أى أن الرسول إختبره بنفسه. 
مشهود له من الجميع = هكذا أولاد الله نورهم ظاهر للجميع. وبهذا يشجع الرسول\'a1 غايس أن يقتدى بديمتريوس ولا يتشبه بديوتريفس.

أية 13 :- وَكَانَ لِي كَثِيرٌ لأَكْتُبَهُ\'a1 لَكِنَّنِي لَسْتُ أُرِيدُ أَنْ أَكْتُبَ إِلَيْكَ بِحِبْرٍ وَقَلَمٍ
 الجسر= كان من السناج الممزوج بماء ومقوى بالصمغ. والقلم = كان من الغاب المشطوف.

اية 14 :- وَلَكِنَّنِي أَرْجُو أَنْ أَرَاكَ عَنْ قَرِيبٍ فَنَتَكَلَّمَ فَماً لِفَمٍ.
تأكيد على أهمية التقليد.

أية 15 :- سَلاَمٌ لَكَ. يُسَلِّمُ عَلَيْكَ الأَحِبَّاءُ. سَلِّمْ عَلَى الأَحِبَّاءِ بِأَسْمَائِهِمْ. 
يسلم عليك الأحباء = ولم يقل الإخوة تأكيداً على المحبة. وهكذا أيضاً سلم على الأحباء."
يوحنا ثالثة,1,22,"الإصحاح الأول
أية 1 :- اَلشَّيْخُ\'a1 إِلَى غَايُسَ الْحَبِيبِ الَّذِي أَنَا أُحِبُّهُ بِالْحَقِّ 
الرسول يحب بالحق أى لأجل المسيح\'a1 وبالمسيح الذى فيه.

أية 2 :- أَيُّهَا الْحَبِيبُ\'a1 فِي كُلِّ شَيْءٍ أَرُومُ أَنْ تَكُونَ نَاجِحاً وَصَحِيحاً\'a1 كَمَا أَنَّ نَفْسَكَ نَاجِحَة
الرسول يتمنى أن يكون غايس صحيحاً جسدياً. كما أنه نفسياً أى روحياً صحيح. ويرى البعض أن معنى كلام الرسول هنا أن صحة غايس كانت ليست على مايرام. والكنيسة تصلى من أجل صحة أولادها (فى أوشية المرضى) كما تصلى للراقدين والمسافرين. وأهم ما تطلبه لأجلهم هو غفران خطاياهم. 
كما أن نفسك ناجحة = النجاح ليس هو النجاح المادى وصحة الجسد. بل نجاح نفسى يتمثل فى الإحساس بالشبع والفرح والرضى والسلام الذى يملأ القلب. كما قال داود """"أحبك يارب يا قوتى"""" ( مز 18). ودانيال ويوسف كانوا ناجحين. وللأسف فهناك أباء يهتمون بنجاح أولادهم مادياً ودراسياً ولا يهتمون بحياتهم الروحية وأن يصرف أولادهم وقتاً مع الله.

أية 3 :- لأَنِّي فَرِحْتُ جِدّاً إِذْ حَضَرَ إِخْوَةٌ وَشَهِدُوا بِالْحَقِّ الَّذِي فِيكَ\'a1 كَمَا أَنَّكَ تَسْلُكُ بِالْحَقِّ
إذاً هو يكتب ليشجعه أن يستمر فى مسلكه. فرحة الخادم هى أن يرى أولاده يسلكون بالحق وبالمحبة وأن إيمانهم سليم. 

أية 4 :- لَيْسَ لِي فَرَحٌ أَعْظَمُ مِنْ هَذَا: أَنْ أَسْمَعَ عَنْ أَوْلاَدِي أَنَّهُمْ يَسْلُكُونَ بِالْحَقِّ
أسمع عن أولادى = هى أبوة يستمدها من الله وفى الله وبه\'a1 فإن صارت العلاقة خارج الرب يسوع ينطبق عليها هذا القول """" لا تدعوا لكم أباً على الأرض ( مت23: 8 - 10) وراجع ( غل4: 19 \'ba  1كو4: 15 \'ba  1تس2: 11).

أيات 5\'a1 6 :- أَيُّهَا الْحَبِيبُ\'a1 أَنْتَ تَفْعَلُ بِالأَمَانَةِ كُلَّ مَا تَصْنَعُهُ إِلَى الإِخْوَةِ وَإِلَى الْغُرَبَاءِ\'a1 الَّذِينَ شَهِدُوا بِمَحَبَّتِكَ أَمَامَ الْكَنِيسَةِ. الَّذِينَ تَفْعَلُ حَسَناً إِذَا شَيَّعْتَهُمْ كَمَا يَحِقُّ للهِ\'a1
الغرباء = الذين لم يعرفهم غايس قبلاً. الإخوة = هم الذين سبق وعرفهم غايس من قبل. كما يحق لله = الله هو القياس وليس خدامه.

أية 7 :- لأَنَّهُمْ مِنْ أَجْلِ اسْمِهِ خَرَجُوا وَهُمْ لاَ يَأْخُذُونَ شَيْئاً مِنَ الأُمَمِ
واضح أن هؤلاء الإخوة الغرباء خرجوا ليكرزوا للأمم\'a1ويريدون أن تكون خدمتهم مجانية\'a1أى بلا مقابل يأخذونه من الأمم. وغايس أتاح لهم هذا بأن تكفل بإحتياجاتهم المادية.

كان هناك نوعان من الخدام فى الكنيسة الأولى :- 
1.خدام محليين ثابتين مستقرين وهؤلاء يسكنون فى بيوتهم.
2.خدام طوافين ينتقلون من مكان إلى مكان. وهؤلاء لا يمكن لهم أن يستعملوا الفنادق لسمعتها السيئة\'a1 إذاً كانوا محتاجين لمن يستضيفهم (كملاكى لوط). لذلك وجدت وصية """"لا تنسوا إضافة الغرباء"""" ( عب2:13). فكان هذا إحتياج الكنيسة فى تلك الأيام. وكانت تلك الإستضافة تشمل (الطعام والنوم). فهؤلاء الخدام لا يخدمون لربح مادى. ولقد إشترطت الكنيسة على هؤلاء الذين يقيمون أكثر من مدة معينة أن يعملوا ليأكلوا\'a1 يكون لهم عمل يتكسبون منه. لذلك نرى بولس الرسول قد عمل كخيام (صانع خيام).

أية 8 :- فَنَحْنُ يَنْبَغِي لَنَا أَنْ نَقْبَلَ أَمْثَالَ هَؤُلاَءِ\'a1 لِكَيْ نَكُونَ عَامِلِينَ مَعَهُمْ بِالْحَقِّ
من يكرم خدام الله يكرم الله.

أيات 9\'a1 10 :- كَتَبْتُ إِلَى الْكَنِيسَةِ\'a1 وَلَكِنَّ دِيُوتْرِيفِسَ - الَّذِي يُحِبُّ أَنْ يَكُونَ الأَّوَلَ بَيْنَهُمْ - لاَ يَقْبَلُنَا. مِنْ أَجْلِ ذَلِكَ إِذَا جِئْتُ فَسَأُذَكِّرُهُ بِأَعْمَالِهِ الَّتِي يَعْمَلُهَا\'a1 هَاذِراً عَلَيْنَا بِأَقْوَالٍ خَبِيثَةٍ. وَإِذْ هُوَ غَيْرُ مُكْتَفٍ بِهَذِهِ\'a1 لاَ يَقْبَلُ الإِخْوَةَ\'a1 وَيَمْنَعُ أَيْضاً الَّذِينَ يُرِيدُونَ\'a1 وَيَطْرُدُهُمْ مِنَ الْكَنِيسَةِ
يبدو أن ديوتريفس هذا كان شخصاً ذو سلطان فى الكنيسة وربما كان هو الأسقف\'a1 إذ هو قادر أن يمنع أشخاصاً من دخول الكنيسة. 
كتبت إلى الكنيسة = كتب يوحنا رسالة إلى الكنيسة يطلب فيها قبول الإخوة الكارزين\'a1 فمنع ديوتريفس وصول الرسالة للكنيسة. يحب أن يكون الأول = خطية الكبرياء هذه تجعل الخادم ينحرف عن خدمته\'a1 ويحدث الإنشقاق فى الكنيسة. لايقبلنا = هو فى كبريائه لا يطيق الحق\'a1 يريد أن يعلم ولا يتعلم. ولا يقبل هؤلاء الإخوة الذين أرسلهم يوحنا ليكرزوا ويعلموا. بل هو طرد هؤلاء الإخوة\'a1 بل طرد الذين قبلوهم فى بيوتهم = الذين يريدون. والرسول يقول سأذكره = أى يساعده على معرفة أخطائه ليخلص نفسه.

أية 11 :- أَيُّهَا الْحَبِيبُ\'a1 لاَ تَتَمَثَّلْ بِالشَّرِّ بَلْ بِالْخَيْرِ\'a1 لأَنَّ مَنْ يَصْنَعُ الْخَيْرَ هُوَ مِنَ اللهِ\'a1 وَمَنْ يَصْنَعُ الشَّرَّ فَلَمْ يُبْصِرِ اللهَ.
لا تتمثل بالشر = بديوتريفس وأعماله. بل بالخير = أى بديمتريوس.
فلم يبصر الله = من يفعل الشر\'a1ويمتلىء قلبه بالعجرفة وحب الذات ينحنى بإرادته للظلمة فلا يقدر أن يبصر الله """" فلا شركة للنور مع الظلمة"""" ( 2كو6: 14). ومن أبصر الله فلقد أبصر النور فالله نور\'a1والنور يضىء له الطريق فيعرف الحق. 
أية 12 :- دِيمِتْرِيُوسُ مَشْهُودٌ لَهُ مِنَ الْجَمِيعِ وَمِنَ الْحَقِّ نَفْسِهِ\'a1 وَنَحْنُ أَيْضاً نَشْهَدُ\'a1 وَأَنْتُمْ تَعْلَمُونَ أَنَّ شَهَادَتَنَا هِيَ صَادِقَةٌ
ومن الحق نفسه = ربما تعنى أن الله يشهد له  فالله هو الحق. أو تعنى من أعماله أى أعمال ديمتريوس\'a1 فأعماله بحسب الحق\'a1وهى تشهد له. 
ونحن أيضاً = أى أن الرسول إختبره بنفسه. 
مشهود له من الجميع = هكذا أولاد الله نورهم ظاهر للجميع. وبهذا يشجع الرسول\'a1 غايس أن يقتدى بديمتريوس ولا يتشبه بديوتريفس.

أية 13 :- وَكَانَ لِي كَثِيرٌ لأَكْتُبَهُ\'a1 لَكِنَّنِي لَسْتُ أُرِيدُ أَنْ أَكْتُبَ إِلَيْكَ بِحِبْرٍ وَقَلَمٍ
 الجسر= كان من السناج الممزوج بماء ومقوى بالصمغ. والقلم = كان من الغاب المشطوف.

اية 14 :- وَلَكِنَّنِي أَرْجُو أَنْ أَرَاكَ عَنْ قَرِيبٍ فَنَتَكَلَّمَ فَماً لِفَمٍ.
تأكيد على أهمية التقليد.

أية 15 :- سَلاَمٌ لَكَ. يُسَلِّمُ عَلَيْكَ الأَحِبَّاءُ. سَلِّمْ عَلَى الأَحِبَّاءِ بِأَسْمَائِهِمْ. 
يسلم عليك الأحباء = ولم يقل الإخوة تأكيداً على المحبة. وهكذا أيضاً سلم على الأحباء."
يوحنا ثالثة,1,23,"الإصحاح الأول
أية 1 :- اَلشَّيْخُ\'a1 إِلَى غَايُسَ الْحَبِيبِ الَّذِي أَنَا أُحِبُّهُ بِالْحَقِّ 
الرسول يحب بالحق أى لأجل المسيح\'a1 وبالمسيح الذى فيه.

أية 2 :- أَيُّهَا الْحَبِيبُ\'a1 فِي كُلِّ شَيْءٍ أَرُومُ أَنْ تَكُونَ نَاجِحاً وَصَحِيحاً\'a1 كَمَا أَنَّ نَفْسَكَ نَاجِحَة
الرسول يتمنى أن يكون غايس صحيحاً جسدياً. كما أنه نفسياً أى روحياً صحيح. ويرى البعض أن معنى كلام الرسول هنا أن صحة غايس كانت ليست على مايرام. والكنيسة تصلى من أجل صحة أولادها (فى أوشية المرضى) كما تصلى للراقدين والمسافرين. وأهم ما تطلبه لأجلهم هو غفران خطاياهم. 
كما أن نفسك ناجحة = النجاح ليس هو النجاح المادى وصحة الجسد. بل نجاح نفسى يتمثل فى الإحساس بالشبع والفرح والرضى والسلام الذى يملأ القلب. كما قال داود """"أحبك يارب يا قوتى"""" ( مز 18). ودانيال ويوسف كانوا ناجحين. وللأسف فهناك أباء يهتمون بنجاح أولادهم مادياً ودراسياً ولا يهتمون بحياتهم الروحية وأن يصرف أولادهم وقتاً مع الله.

أية 3 :- لأَنِّي فَرِحْتُ جِدّاً إِذْ حَضَرَ إِخْوَةٌ وَشَهِدُوا بِالْحَقِّ الَّذِي فِيكَ\'a1 كَمَا أَنَّكَ تَسْلُكُ بِالْحَقِّ
إذاً هو يكتب ليشجعه أن يستمر فى مسلكه. فرحة الخادم هى أن يرى أولاده يسلكون بالحق وبالمحبة وأن إيمانهم سليم. 

أية 4 :- لَيْسَ لِي فَرَحٌ أَعْظَمُ مِنْ هَذَا: أَنْ أَسْمَعَ عَنْ أَوْلاَدِي أَنَّهُمْ يَسْلُكُونَ بِالْحَقِّ
أسمع عن أولادى = هى أبوة يستمدها من الله وفى الله وبه\'a1 فإن صارت العلاقة خارج الرب يسوع ينطبق عليها هذا القول """" لا تدعوا لكم أباً على الأرض ( مت23: 8 - 10) وراجع ( غل4: 19 \'ba  1كو4: 15 \'ba  1تس2: 11).

أيات 5\'a1 6 :- أَيُّهَا الْحَبِيبُ\'a1 أَنْتَ تَفْعَلُ بِالأَمَانَةِ كُلَّ مَا تَصْنَعُهُ إِلَى الإِخْوَةِ وَإِلَى الْغُرَبَاءِ\'a1 الَّذِينَ شَهِدُوا بِمَحَبَّتِكَ أَمَامَ الْكَنِيسَةِ. الَّذِينَ تَفْعَلُ حَسَناً إِذَا شَيَّعْتَهُمْ كَمَا يَحِقُّ للهِ\'a1
الغرباء = الذين لم يعرفهم غايس قبلاً. الإخوة = هم الذين سبق وعرفهم غايس من قبل. كما يحق لله = الله هو القياس وليس خدامه.

أية 7 :- لأَنَّهُمْ مِنْ أَجْلِ اسْمِهِ خَرَجُوا وَهُمْ لاَ يَأْخُذُونَ شَيْئاً مِنَ الأُمَمِ
واضح أن هؤلاء الإخوة الغرباء خرجوا ليكرزوا للأمم\'a1ويريدون أن تكون خدمتهم مجانية\'a1أى بلا مقابل يأخذونه من الأمم. وغايس أتاح لهم هذا بأن تكفل بإحتياجاتهم المادية.

كان هناك نوعان من الخدام فى الكنيسة الأولى :- 
1.خدام محليين ثابتين مستقرين وهؤلاء يسكنون فى بيوتهم.
2.خدام طوافين ينتقلون من مكان إلى مكان. وهؤلاء لا يمكن لهم أن يستعملوا الفنادق لسمعتها السيئة\'a1 إذاً كانوا محتاجين لمن يستضيفهم (كملاكى لوط). لذلك وجدت وصية """"لا تنسوا إضافة الغرباء"""" ( عب2:13). فكان هذا إحتياج الكنيسة فى تلك الأيام. وكانت تلك الإستضافة تشمل (الطعام والنوم). فهؤلاء الخدام لا يخدمون لربح مادى. ولقد إشترطت الكنيسة على هؤلاء الذين يقيمون أكثر من مدة معينة أن يعملوا ليأكلوا\'a1 يكون لهم عمل يتكسبون منه. لذلك نرى بولس الرسول قد عمل كخيام (صانع خيام).

أية 8 :- فَنَحْنُ يَنْبَغِي لَنَا أَنْ نَقْبَلَ أَمْثَالَ هَؤُلاَءِ\'a1 لِكَيْ نَكُونَ عَامِلِينَ مَعَهُمْ بِالْحَقِّ
من يكرم خدام الله يكرم الله.

أيات 9\'a1 10 :- كَتَبْتُ إِلَى الْكَنِيسَةِ\'a1 وَلَكِنَّ دِيُوتْرِيفِسَ - الَّذِي يُحِبُّ أَنْ يَكُونَ الأَّوَلَ بَيْنَهُمْ - لاَ يَقْبَلُنَا. مِنْ أَجْلِ ذَلِكَ إِذَا جِئْتُ فَسَأُذَكِّرُهُ بِأَعْمَالِهِ الَّتِي يَعْمَلُهَا\'a1 هَاذِراً عَلَيْنَا بِأَقْوَالٍ خَبِيثَةٍ. وَإِذْ هُوَ غَيْرُ مُكْتَفٍ بِهَذِهِ\'a1 لاَ يَقْبَلُ الإِخْوَةَ\'a1 وَيَمْنَعُ أَيْضاً الَّذِينَ يُرِيدُونَ\'a1 وَيَطْرُدُهُمْ مِنَ الْكَنِيسَةِ
يبدو أن ديوتريفس هذا كان شخصاً ذو سلطان فى الكنيسة وربما كان هو الأسقف\'a1 إذ هو قادر أن يمنع أشخاصاً من دخول الكنيسة. 
كتبت إلى الكنيسة = كتب يوحنا رسالة إلى الكنيسة يطلب فيها قبول الإخوة الكارزين\'a1 فمنع ديوتريفس وصول الرسالة للكنيسة. يحب أن يكون الأول = خطية الكبرياء هذه تجعل الخادم ينحرف عن خدمته\'a1 ويحدث الإنشقاق فى الكنيسة. لايقبلنا = هو فى كبريائه لا يطيق الحق\'a1 يريد أن يعلم ولا يتعلم. ولا يقبل هؤلاء الإخوة الذين أرسلهم يوحنا ليكرزوا ويعلموا. بل هو طرد هؤلاء الإخوة\'a1 بل طرد الذين قبلوهم فى بيوتهم = الذين يريدون. والرسول يقول سأذكره = أى يساعده على معرفة أخطائه ليخلص نفسه.

أية 11 :- أَيُّهَا الْحَبِيبُ\'a1 لاَ تَتَمَثَّلْ بِالشَّرِّ بَلْ بِالْخَيْرِ\'a1 لأَنَّ مَنْ يَصْنَعُ الْخَيْرَ هُوَ مِنَ اللهِ\'a1 وَمَنْ يَصْنَعُ الشَّرَّ فَلَمْ يُبْصِرِ اللهَ.
لا تتمثل بالشر = بديوتريفس وأعماله. بل بالخير = أى بديمتريوس.
فلم يبصر الله = من يفعل الشر\'a1ويمتلىء قلبه بالعجرفة وحب الذات ينحنى بإرادته للظلمة فلا يقدر أن يبصر الله """" فلا شركة للنور مع الظلمة"""" ( 2كو6: 14). ومن أبصر الله فلقد أبصر النور فالله نور\'a1والنور يضىء له الطريق فيعرف الحق. 
أية 12 :- دِيمِتْرِيُوسُ مَشْهُودٌ لَهُ مِنَ الْجَمِيعِ وَمِنَ الْحَقِّ نَفْسِهِ\'a1 وَنَحْنُ أَيْضاً نَشْهَدُ\'a1 وَأَنْتُمْ تَعْلَمُونَ أَنَّ شَهَادَتَنَا هِيَ صَادِقَةٌ
ومن الحق نفسه = ربما تعنى أن الله يشهد له  فالله هو الحق. أو تعنى من أعماله أى أعمال ديمتريوس\'a1 فأعماله بحسب الحق\'a1وهى تشهد له. 
ونحن أيضاً = أى أن الرسول إختبره بنفسه. 
مشهود له من الجميع = هكذا أولاد الله نورهم ظاهر للجميع. وبهذا يشجع الرسول\'a1 غايس أن يقتدى بديمتريوس ولا يتشبه بديوتريفس.

أية 13 :- وَكَانَ لِي كَثِيرٌ لأَكْتُبَهُ\'a1 لَكِنَّنِي لَسْتُ أُرِيدُ أَنْ أَكْتُبَ إِلَيْكَ بِحِبْرٍ وَقَلَمٍ
 الجسر= كان من السناج الممزوج بماء ومقوى بالصمغ. والقلم = كان من الغاب المشطوف.

اية 14 :- وَلَكِنَّنِي أَرْجُو أَنْ أَرَاكَ عَنْ قَرِيبٍ فَنَتَكَلَّمَ فَماً لِفَمٍ.
تأكيد على أهمية التقليد.

أية 15 :- سَلاَمٌ لَكَ. يُسَلِّمُ عَلَيْكَ الأَحِبَّاءُ. سَلِّمْ عَلَى الأَحِبَّاءِ بِأَسْمَائِهِمْ. 
يسلم عليك الأحباء = ولم يقل الإخوة تأكيداً على المحبة. وهكذا أيضاً سلم على الأحباء."
يوحنا ثالثة,1,24,"الإصحاح الأول
أية 1 :- اَلشَّيْخُ\'a1 إِلَى غَايُسَ الْحَبِيبِ الَّذِي أَنَا أُحِبُّهُ بِالْحَقِّ 
الرسول يحب بالحق أى لأجل المسيح\'a1 وبالمسيح الذى فيه.

أية 2 :- أَيُّهَا الْحَبِيبُ\'a1 فِي كُلِّ شَيْءٍ أَرُومُ أَنْ تَكُونَ نَاجِحاً وَصَحِيحاً\'a1 كَمَا أَنَّ نَفْسَكَ نَاجِحَة
الرسول يتمنى أن يكون غايس صحيحاً جسدياً. كما أنه نفسياً أى روحياً صحيح. ويرى البعض أن معنى كلام الرسول هنا أن صحة غايس كانت ليست على مايرام. والكنيسة تصلى من أجل صحة أولادها (فى أوشية المرضى) كما تصلى للراقدين والمسافرين. وأهم ما تطلبه لأجلهم هو غفران خطاياهم. 
كما أن نفسك ناجحة = النجاح ليس هو النجاح المادى وصحة الجسد. بل نجاح نفسى يتمثل فى الإحساس بالشبع والفرح والرضى والسلام الذى يملأ القلب. كما قال داود """"أحبك يارب يا قوتى"""" ( مز 18). ودانيال ويوسف كانوا ناجحين. وللأسف فهناك أباء يهتمون بنجاح أولادهم مادياً ودراسياً ولا يهتمون بحياتهم الروحية وأن يصرف أولادهم وقتاً مع الله.

أية 3 :- لأَنِّي فَرِحْتُ جِدّاً إِذْ حَضَرَ إِخْوَةٌ وَشَهِدُوا بِالْحَقِّ الَّذِي فِيكَ\'a1 كَمَا أَنَّكَ تَسْلُكُ بِالْحَقِّ
إذاً هو يكتب ليشجعه أن يستمر فى مسلكه. فرحة الخادم هى أن يرى أولاده يسلكون بالحق وبالمحبة وأن إيمانهم سليم. 

أية 4 :- لَيْسَ لِي فَرَحٌ أَعْظَمُ مِنْ هَذَا: أَنْ أَسْمَعَ عَنْ أَوْلاَدِي أَنَّهُمْ يَسْلُكُونَ بِالْحَقِّ
أسمع عن أولادى = هى أبوة يستمدها من الله وفى الله وبه\'a1 فإن صارت العلاقة خارج الرب يسوع ينطبق عليها هذا القول """" لا تدعوا لكم أباً على الأرض ( مت23: 8 - 10) وراجع ( غل4: 19 \'ba  1كو4: 15 \'ba  1تس2: 11).

أيات 5\'a1 6 :- أَيُّهَا الْحَبِيبُ\'a1 أَنْتَ تَفْعَلُ بِالأَمَانَةِ كُلَّ مَا تَصْنَعُهُ إِلَى الإِخْوَةِ وَإِلَى الْغُرَبَاءِ\'a1 الَّذِينَ شَهِدُوا بِمَحَبَّتِكَ أَمَامَ الْكَنِيسَةِ. الَّذِينَ تَفْعَلُ حَسَناً إِذَا شَيَّعْتَهُمْ كَمَا يَحِقُّ للهِ\'a1
الغرباء = الذين لم يعرفهم غايس قبلاً. الإخوة = هم الذين سبق وعرفهم غايس من قبل. كما يحق لله = الله هو القياس وليس خدامه.

أية 7 :- لأَنَّهُمْ مِنْ أَجْلِ اسْمِهِ خَرَجُوا وَهُمْ لاَ يَأْخُذُونَ شَيْئاً مِنَ الأُمَمِ
واضح أن هؤلاء الإخوة الغرباء خرجوا ليكرزوا للأمم\'a1ويريدون أن تكون خدمتهم مجانية\'a1أى بلا مقابل يأخذونه من الأمم. وغايس أتاح لهم هذا بأن تكفل بإحتياجاتهم المادية.

كان هناك نوعان من الخدام فى الكنيسة الأولى :- 
1.خدام محليين ثابتين مستقرين وهؤلاء يسكنون فى بيوتهم.
2.خدام طوافين ينتقلون من مكان إلى مكان. وهؤلاء لا يمكن لهم أن يستعملوا الفنادق لسمعتها السيئة\'a1 إذاً كانوا محتاجين لمن يستضيفهم (كملاكى لوط). لذلك وجدت وصية """"لا تنسوا إضافة الغرباء"""" ( عب2:13). فكان هذا إحتياج الكنيسة فى تلك الأيام. وكانت تلك الإستضافة تشمل (الطعام والنوم). فهؤلاء الخدام لا يخدمون لربح مادى. ولقد إشترطت الكنيسة على هؤلاء الذين يقيمون أكثر من مدة معينة أن يعملوا ليأكلوا\'a1 يكون لهم عمل يتكسبون منه. لذلك نرى بولس الرسول قد عمل كخيام (صانع خيام).

أية 8 :- فَنَحْنُ يَنْبَغِي لَنَا أَنْ نَقْبَلَ أَمْثَالَ هَؤُلاَءِ\'a1 لِكَيْ نَكُونَ عَامِلِينَ مَعَهُمْ بِالْحَقِّ
من يكرم خدام الله يكرم الله.

أيات 9\'a1 10 :- كَتَبْتُ إِلَى الْكَنِيسَةِ\'a1 وَلَكِنَّ دِيُوتْرِيفِسَ - الَّذِي يُحِبُّ أَنْ يَكُونَ الأَّوَلَ بَيْنَهُمْ - لاَ يَقْبَلُنَا. مِنْ أَجْلِ ذَلِكَ إِذَا جِئْتُ فَسَأُذَكِّرُهُ بِأَعْمَالِهِ الَّتِي يَعْمَلُهَا\'a1 هَاذِراً عَلَيْنَا بِأَقْوَالٍ خَبِيثَةٍ. وَإِذْ هُوَ غَيْرُ مُكْتَفٍ بِهَذِهِ\'a1 لاَ يَقْبَلُ الإِخْوَةَ\'a1 وَيَمْنَعُ أَيْضاً الَّذِينَ يُرِيدُونَ\'a1 وَيَطْرُدُهُمْ مِنَ الْكَنِيسَةِ
يبدو أن ديوتريفس هذا كان شخصاً ذو سلطان فى الكنيسة وربما كان هو الأسقف\'a1 إذ هو قادر أن يمنع أشخاصاً من دخول الكنيسة. 
كتبت إلى الكنيسة = كتب يوحنا رسالة إلى الكنيسة يطلب فيها قبول الإخوة الكارزين\'a1 فمنع ديوتريفس وصول الرسالة للكنيسة. يحب أن يكون الأول = خطية الكبرياء هذه تجعل الخادم ينحرف عن خدمته\'a1 ويحدث الإنشقاق فى الكنيسة. لايقبلنا = هو فى كبريائه لا يطيق الحق\'a1 يريد أن يعلم ولا يتعلم. ولا يقبل هؤلاء الإخوة الذين أرسلهم يوحنا ليكرزوا ويعلموا. بل هو طرد هؤلاء الإخوة\'a1 بل طرد الذين قبلوهم فى بيوتهم = الذين يريدون. والرسول يقول سأذكره = أى يساعده على معرفة أخطائه ليخلص نفسه.

أية 11 :- أَيُّهَا الْحَبِيبُ\'a1 لاَ تَتَمَثَّلْ بِالشَّرِّ بَلْ بِالْخَيْرِ\'a1 لأَنَّ مَنْ يَصْنَعُ الْخَيْرَ هُوَ مِنَ اللهِ\'a1 وَمَنْ يَصْنَعُ الشَّرَّ فَلَمْ يُبْصِرِ اللهَ.
لا تتمثل بالشر = بديوتريفس وأعماله. بل بالخير = أى بديمتريوس.
فلم يبصر الله = من يفعل الشر\'a1ويمتلىء قلبه بالعجرفة وحب الذات ينحنى بإرادته للظلمة فلا يقدر أن يبصر الله """" فلا شركة للنور مع الظلمة"""" ( 2كو6: 14). ومن أبصر الله فلقد أبصر النور فالله نور\'a1والنور يضىء له الطريق فيعرف الحق. 
أية 12 :- دِيمِتْرِيُوسُ مَشْهُودٌ لَهُ مِنَ الْجَمِيعِ وَمِنَ الْحَقِّ نَفْسِهِ\'a1 وَنَحْنُ أَيْضاً نَشْهَدُ\'a1 وَأَنْتُمْ تَعْلَمُونَ أَنَّ شَهَادَتَنَا هِيَ صَادِقَةٌ
ومن الحق نفسه = ربما تعنى أن الله يشهد له  فالله هو الحق. أو تعنى من أعماله أى أعمال ديمتريوس\'a1 فأعماله بحسب الحق\'a1وهى تشهد له. 
ونحن أيضاً = أى أن الرسول إختبره بنفسه. 
مشهود له من الجميع = هكذا أولاد الله نورهم ظاهر للجميع. وبهذا يشجع الرسول\'a1 غايس أن يقتدى بديمتريوس ولا يتشبه بديوتريفس.

أية 13 :- وَكَانَ لِي كَثِيرٌ لأَكْتُبَهُ\'a1 لَكِنَّنِي لَسْتُ أُرِيدُ أَنْ أَكْتُبَ إِلَيْكَ بِحِبْرٍ وَقَلَمٍ
 الجسر= كان من السناج الممزوج بماء ومقوى بالصمغ. والقلم = كان من الغاب المشطوف.

اية 14 :- وَلَكِنَّنِي أَرْجُو أَنْ أَرَاكَ عَنْ قَرِيبٍ فَنَتَكَلَّمَ فَماً لِفَمٍ.
تأكيد على أهمية التقليد.

أية 15 :- سَلاَمٌ لَكَ. يُسَلِّمُ عَلَيْكَ الأَحِبَّاءُ. سَلِّمْ عَلَى الأَحِبَّاءِ بِأَسْمَائِهِمْ. 
يسلم عليك الأحباء = ولم يقل الإخوة تأكيداً على المحبة. وهكذا أيضاً سلم على الأحباء."
يوحنا ثالثة,1,25,"الإصحاح الأول
أية 1 :- اَلشَّيْخُ\'a1 إِلَى غَايُسَ الْحَبِيبِ الَّذِي أَنَا أُحِبُّهُ بِالْحَقِّ 
الرسول يحب بالحق أى لأجل المسيح\'a1 وبالمسيح الذى فيه.

أية 2 :- أَيُّهَا الْحَبِيبُ\'a1 فِي كُلِّ شَيْءٍ أَرُومُ أَنْ تَكُونَ نَاجِحاً وَصَحِيحاً\'a1 كَمَا أَنَّ نَفْسَكَ نَاجِحَة
الرسول يتمنى أن يكون غايس صحيحاً جسدياً. كما أنه نفسياً أى روحياً صحيح. ويرى البعض أن معنى كلام الرسول هنا أن صحة غايس كانت ليست على مايرام. والكنيسة تصلى من أجل صحة أولادها (فى أوشية المرضى) كما تصلى للراقدين والمسافرين. وأهم ما تطلبه لأجلهم هو غفران خطاياهم. 
كما أن نفسك ناجحة = النجاح ليس هو النجاح المادى وصحة الجسد. بل نجاح نفسى يتمثل فى الإحساس بالشبع والفرح والرضى والسلام الذى يملأ القلب. كما قال داود """"أحبك يارب يا قوتى"""" ( مز 18). ودانيال ويوسف كانوا ناجحين. وللأسف فهناك أباء يهتمون بنجاح أولادهم مادياً ودراسياً ولا يهتمون بحياتهم الروحية وأن يصرف أولادهم وقتاً مع الله.

أية 3 :- لأَنِّي فَرِحْتُ جِدّاً إِذْ حَضَرَ إِخْوَةٌ وَشَهِدُوا بِالْحَقِّ الَّذِي فِيكَ\'a1 كَمَا أَنَّكَ تَسْلُكُ بِالْحَقِّ
إذاً هو يكتب ليشجعه أن يستمر فى مسلكه. فرحة الخادم هى أن يرى أولاده يسلكون بالحق وبالمحبة وأن إيمانهم سليم. 

أية 4 :- لَيْسَ لِي فَرَحٌ أَعْظَمُ مِنْ هَذَا: أَنْ أَسْمَعَ عَنْ أَوْلاَدِي أَنَّهُمْ يَسْلُكُونَ بِالْحَقِّ
أسمع عن أولادى = هى أبوة يستمدها من الله وفى الله وبه\'a1 فإن صارت العلاقة خارج الرب يسوع ينطبق عليها هذا القول """" لا تدعوا لكم أباً على الأرض ( مت23: 8 - 10) وراجع ( غل4: 19 \'ba  1كو4: 15 \'ba  1تس2: 11).

أيات 5\'a1 6 :- أَيُّهَا الْحَبِيبُ\'a1 أَنْتَ تَفْعَلُ بِالأَمَانَةِ كُلَّ مَا تَصْنَعُهُ إِلَى الإِخْوَةِ وَإِلَى الْغُرَبَاءِ\'a1 الَّذِينَ شَهِدُوا بِمَحَبَّتِكَ أَمَامَ الْكَنِيسَةِ. الَّذِينَ تَفْعَلُ حَسَناً إِذَا شَيَّعْتَهُمْ كَمَا يَحِقُّ للهِ\'a1
الغرباء = الذين لم يعرفهم غايس قبلاً. الإخوة = هم الذين سبق وعرفهم غايس من قبل. كما يحق لله = الله هو القياس وليس خدامه.

أية 7 :- لأَنَّهُمْ مِنْ أَجْلِ اسْمِهِ خَرَجُوا وَهُمْ لاَ يَأْخُذُونَ شَيْئاً مِنَ الأُمَمِ
واضح أن هؤلاء الإخوة الغرباء خرجوا ليكرزوا للأمم\'a1ويريدون أن تكون خدمتهم مجانية\'a1أى بلا مقابل يأخذونه من الأمم. وغايس أتاح لهم هذا بأن تكفل بإحتياجاتهم المادية.

كان هناك نوعان من الخدام فى الكنيسة الأولى :- 
1.خدام محليين ثابتين مستقرين وهؤلاء يسكنون فى بيوتهم.
2.خدام طوافين ينتقلون من مكان إلى مكان. وهؤلاء لا يمكن لهم أن يستعملوا الفنادق لسمعتها السيئة\'a1 إذاً كانوا محتاجين لمن يستضيفهم (كملاكى لوط). لذلك وجدت وصية """"لا تنسوا إضافة الغرباء"""" ( عب2:13). فكان هذا إحتياج الكنيسة فى تلك الأيام. وكانت تلك الإستضافة تشمل (الطعام والنوم). فهؤلاء الخدام لا يخدمون لربح مادى. ولقد إشترطت الكنيسة على هؤلاء الذين يقيمون أكثر من مدة معينة أن يعملوا ليأكلوا\'a1 يكون لهم عمل يتكسبون منه. لذلك نرى بولس الرسول قد عمل كخيام (صانع خيام).

أية 8 :- فَنَحْنُ يَنْبَغِي لَنَا أَنْ نَقْبَلَ أَمْثَالَ هَؤُلاَءِ\'a1 لِكَيْ نَكُونَ عَامِلِينَ مَعَهُمْ بِالْحَقِّ
من يكرم خدام الله يكرم الله.

أيات 9\'a1 10 :- كَتَبْتُ إِلَى الْكَنِيسَةِ\'a1 وَلَكِنَّ دِيُوتْرِيفِسَ - الَّذِي يُحِبُّ أَنْ يَكُونَ الأَّوَلَ بَيْنَهُمْ - لاَ يَقْبَلُنَا. مِنْ أَجْلِ ذَلِكَ إِذَا جِئْتُ فَسَأُذَكِّرُهُ بِأَعْمَالِهِ الَّتِي يَعْمَلُهَا\'a1 هَاذِراً عَلَيْنَا بِأَقْوَالٍ خَبِيثَةٍ. وَإِذْ هُوَ غَيْرُ مُكْتَفٍ بِهَذِهِ\'a1 لاَ يَقْبَلُ الإِخْوَةَ\'a1 وَيَمْنَعُ أَيْضاً الَّذِينَ يُرِيدُونَ\'a1 وَيَطْرُدُهُمْ مِنَ الْكَنِيسَةِ
يبدو أن ديوتريفس هذا كان شخصاً ذو سلطان فى الكنيسة وربما كان هو الأسقف\'a1 إذ هو قادر أن يمنع أشخاصاً من دخول الكنيسة. 
كتبت إلى الكنيسة = كتب يوحنا رسالة إلى الكنيسة يطلب فيها قبول الإخوة الكارزين\'a1 فمنع ديوتريفس وصول الرسالة للكنيسة. يحب أن يكون الأول = خطية الكبرياء هذه تجعل الخادم ينحرف عن خدمته\'a1 ويحدث الإنشقاق فى الكنيسة. لايقبلنا = هو فى كبريائه لا يطيق الحق\'a1 يريد أن يعلم ولا يتعلم. ولا يقبل هؤلاء الإخوة الذين أرسلهم يوحنا ليكرزوا ويعلموا. بل هو طرد هؤلاء الإخوة\'a1 بل طرد الذين قبلوهم فى بيوتهم = الذين يريدون. والرسول يقول سأذكره = أى يساعده على معرفة أخطائه ليخلص نفسه.

أية 11 :- أَيُّهَا الْحَبِيبُ\'a1 لاَ تَتَمَثَّلْ بِالشَّرِّ بَلْ بِالْخَيْرِ\'a1 لأَنَّ مَنْ يَصْنَعُ الْخَيْرَ هُوَ مِنَ اللهِ\'a1 وَمَنْ يَصْنَعُ الشَّرَّ فَلَمْ يُبْصِرِ اللهَ.
لا تتمثل بالشر = بديوتريفس وأعماله. بل بالخير = أى بديمتريوس.
فلم يبصر الله = من يفعل الشر\'a1ويمتلىء قلبه بالعجرفة وحب الذات ينحنى بإرادته للظلمة فلا يقدر أن يبصر الله """" فلا شركة للنور مع الظلمة"""" ( 2كو6: 14). ومن أبصر الله فلقد أبصر النور فالله نور\'a1والنور يضىء له الطريق فيعرف الحق. 
أية 12 :- دِيمِتْرِيُوسُ مَشْهُودٌ لَهُ مِنَ الْجَمِيعِ وَمِنَ الْحَقِّ نَفْسِهِ\'a1 وَنَحْنُ أَيْضاً نَشْهَدُ\'a1 وَأَنْتُمْ تَعْلَمُونَ أَنَّ شَهَادَتَنَا هِيَ صَادِقَةٌ
ومن الحق نفسه = ربما تعنى أن الله يشهد له  فالله هو الحق. أو تعنى من أعماله أى أعمال ديمتريوس\'a1 فأعماله بحسب الحق\'a1وهى تشهد له. 
ونحن أيضاً = أى أن الرسول إختبره بنفسه. 
مشهود له من الجميع = هكذا أولاد الله نورهم ظاهر للجميع. وبهذا يشجع الرسول\'a1 غايس أن يقتدى بديمتريوس ولا يتشبه بديوتريفس.

أية 13 :- وَكَانَ لِي كَثِيرٌ لأَكْتُبَهُ\'a1 لَكِنَّنِي لَسْتُ أُرِيدُ أَنْ أَكْتُبَ إِلَيْكَ بِحِبْرٍ وَقَلَمٍ
 الجسر= كان من السناج الممزوج بماء ومقوى بالصمغ. والقلم = كان من الغاب المشطوف.

اية 14 :- وَلَكِنَّنِي أَرْجُو أَنْ أَرَاكَ عَنْ قَرِيبٍ فَنَتَكَلَّمَ فَماً لِفَمٍ.
تأكيد على أهمية التقليد.

أية 15 :- سَلاَمٌ لَكَ. يُسَلِّمُ عَلَيْكَ الأَحِبَّاءُ. سَلِّمْ عَلَى الأَحِبَّاءِ بِأَسْمَائِهِمْ. 
يسلم عليك الأحباء = ولم يقل الإخوة تأكيداً على المحبة. وهكذا أيضاً سلم على الأحباء."
يوحنا ثالثة,1,26,"الإصحاح الأول
أية 1 :- اَلشَّيْخُ\'a1 إِلَى غَايُسَ الْحَبِيبِ الَّذِي أَنَا أُحِبُّهُ بِالْحَقِّ 
الرسول يحب بالحق أى لأجل المسيح\'a1 وبالمسيح الذى فيه.

أية 2 :- أَيُّهَا الْحَبِيبُ\'a1 فِي كُلِّ شَيْءٍ أَرُومُ أَنْ تَكُونَ نَاجِحاً وَصَحِيحاً\'a1 كَمَا أَنَّ نَفْسَكَ نَاجِحَة
الرسول يتمنى أن يكون غايس صحيحاً جسدياً. كما أنه نفسياً أى روحياً صحيح. ويرى البعض أن معنى كلام الرسول هنا أن صحة غايس كانت ليست على مايرام. والكنيسة تصلى من أجل صحة أولادها (فى أوشية المرضى) كما تصلى للراقدين والمسافرين. وأهم ما تطلبه لأجلهم هو غفران خطاياهم. 
كما أن نفسك ناجحة = النجاح ليس هو النجاح المادى وصحة الجسد. بل نجاح نفسى يتمثل فى الإحساس بالشبع والفرح والرضى والسلام الذى يملأ القلب. كما قال داود """"أحبك يارب يا قوتى"""" ( مز 18). ودانيال ويوسف كانوا ناجحين. وللأسف فهناك أباء يهتمون بنجاح أولادهم مادياً ودراسياً ولا يهتمون بحياتهم الروحية وأن يصرف أولادهم وقتاً مع الله.

أية 3 :- لأَنِّي فَرِحْتُ جِدّاً إِذْ حَضَرَ إِخْوَةٌ وَشَهِدُوا بِالْحَقِّ الَّذِي فِيكَ\'a1 كَمَا أَنَّكَ تَسْلُكُ بِالْحَقِّ
إذاً هو يكتب ليشجعه أن يستمر فى مسلكه. فرحة الخادم هى أن يرى أولاده يسلكون بالحق وبالمحبة وأن إيمانهم سليم. 

أية 4 :- لَيْسَ لِي فَرَحٌ أَعْظَمُ مِنْ هَذَا: أَنْ أَسْمَعَ عَنْ أَوْلاَدِي أَنَّهُمْ يَسْلُكُونَ بِالْحَقِّ
أسمع عن أولادى = هى أبوة يستمدها من الله وفى الله وبه\'a1 فإن صارت العلاقة خارج الرب يسوع ينطبق عليها هذا القول """" لا تدعوا لكم أباً على الأرض ( مت23: 8 - 10) وراجع ( غل4: 19 \'ba  1كو4: 15 \'ba  1تس2: 11).

أيات 5\'a1 6 :- أَيُّهَا الْحَبِيبُ\'a1 أَنْتَ تَفْعَلُ بِالأَمَانَةِ كُلَّ مَا تَصْنَعُهُ إِلَى الإِخْوَةِ وَإِلَى الْغُرَبَاءِ\'a1 الَّذِينَ شَهِدُوا بِمَحَبَّتِكَ أَمَامَ الْكَنِيسَةِ. الَّذِينَ تَفْعَلُ حَسَناً إِذَا شَيَّعْتَهُمْ كَمَا يَحِقُّ للهِ\'a1
الغرباء = الذين لم يعرفهم غايس قبلاً. الإخوة = هم الذين سبق وعرفهم غايس من قبل. كما يحق لله = الله هو القياس وليس خدامه.

أية 7 :- لأَنَّهُمْ مِنْ أَجْلِ اسْمِهِ خَرَجُوا وَهُمْ لاَ يَأْخُذُونَ شَيْئاً مِنَ الأُمَمِ
واضح أن هؤلاء الإخوة الغرباء خرجوا ليكرزوا للأمم\'a1ويريدون أن تكون خدمتهم مجانية\'a1أى بلا مقابل يأخذونه من الأمم. وغايس أتاح لهم هذا بأن تكفل بإحتياجاتهم المادية.

كان هناك نوعان من الخدام فى الكنيسة الأولى :- 
1.خدام محليين ثابتين مستقرين وهؤلاء يسكنون فى بيوتهم.
2.خدام طوافين ينتقلون من مكان إلى مكان. وهؤلاء لا يمكن لهم أن يستعملوا الفنادق لسمعتها السيئة\'a1 إذاً كانوا محتاجين لمن يستضيفهم (كملاكى لوط). لذلك وجدت وصية """"لا تنسوا إضافة الغرباء"""" ( عب2:13). فكان هذا إحتياج الكنيسة فى تلك الأيام. وكانت تلك الإستضافة تشمل (الطعام والنوم). فهؤلاء الخدام لا يخدمون لربح مادى. ولقد إشترطت الكنيسة على هؤلاء الذين يقيمون أكثر من مدة معينة أن يعملوا ليأكلوا\'a1 يكون لهم عمل يتكسبون منه. لذلك نرى بولس الرسول قد عمل كخيام (صانع خيام).

أية 8 :- فَنَحْنُ يَنْبَغِي لَنَا أَنْ نَقْبَلَ أَمْثَالَ هَؤُلاَءِ\'a1 لِكَيْ نَكُونَ عَامِلِينَ مَعَهُمْ بِالْحَقِّ
من يكرم خدام الله يكرم الله.

أيات 9\'a1 10 :- كَتَبْتُ إِلَى الْكَنِيسَةِ\'a1 وَلَكِنَّ دِيُوتْرِيفِسَ - الَّذِي يُحِبُّ أَنْ يَكُونَ الأَّوَلَ بَيْنَهُمْ - لاَ يَقْبَلُنَا. مِنْ أَجْلِ ذَلِكَ إِذَا جِئْتُ فَسَأُذَكِّرُهُ بِأَعْمَالِهِ الَّتِي يَعْمَلُهَا\'a1 هَاذِراً عَلَيْنَا بِأَقْوَالٍ خَبِيثَةٍ. وَإِذْ هُوَ غَيْرُ مُكْتَفٍ بِهَذِهِ\'a1 لاَ يَقْبَلُ الإِخْوَةَ\'a1 وَيَمْنَعُ أَيْضاً الَّذِينَ يُرِيدُونَ\'a1 وَيَطْرُدُهُمْ مِنَ الْكَنِيسَةِ
يبدو أن ديوتريفس هذا كان شخصاً ذو سلطان فى الكنيسة وربما كان هو الأسقف\'a1 إذ هو قادر أن يمنع أشخاصاً من دخول الكنيسة. 
كتبت إلى الكنيسة = كتب يوحنا رسالة إلى الكنيسة يطلب فيها قبول الإخوة الكارزين\'a1 فمنع ديوتريفس وصول الرسالة للكنيسة. يحب أن يكون الأول = خطية الكبرياء هذه تجعل الخادم ينحرف عن خدمته\'a1 ويحدث الإنشقاق فى الكنيسة. لايقبلنا = هو فى كبريائه لا يطيق الحق\'a1 يريد أن يعلم ولا يتعلم. ولا يقبل هؤلاء الإخوة الذين أرسلهم يوحنا ليكرزوا ويعلموا. بل هو طرد هؤلاء الإخوة\'a1 بل طرد الذين قبلوهم فى بيوتهم = الذين يريدون. والرسول يقول سأذكره = أى يساعده على معرفة أخطائه ليخلص نفسه.

أية 11 :- أَيُّهَا الْحَبِيبُ\'a1 لاَ تَتَمَثَّلْ بِالشَّرِّ بَلْ بِالْخَيْرِ\'a1 لأَنَّ مَنْ يَصْنَعُ الْخَيْرَ هُوَ مِنَ اللهِ\'a1 وَمَنْ يَصْنَعُ الشَّرَّ فَلَمْ يُبْصِرِ اللهَ.
لا تتمثل بالشر = بديوتريفس وأعماله. بل بالخير = أى بديمتريوس.
فلم يبصر الله = من يفعل الشر\'a1ويمتلىء قلبه بالعجرفة وحب الذات ينحنى بإرادته للظلمة فلا يقدر أن يبصر الله """" فلا شركة للنور مع الظلمة"""" ( 2كو6: 14). ومن أبصر الله فلقد أبصر النور فالله نور\'a1والنور يضىء له الطريق فيعرف الحق. 
أية 12 :- دِيمِتْرِيُوسُ مَشْهُودٌ لَهُ مِنَ الْجَمِيعِ وَمِنَ الْحَقِّ نَفْسِهِ\'a1 وَنَحْنُ أَيْضاً نَشْهَدُ\'a1 وَأَنْتُمْ تَعْلَمُونَ أَنَّ شَهَادَتَنَا هِيَ صَادِقَةٌ
ومن الحق نفسه = ربما تعنى أن الله يشهد له  فالله هو الحق. أو تعنى من أعماله أى أعمال ديمتريوس\'a1 فأعماله بحسب الحق\'a1وهى تشهد له. 
ونحن أيضاً = أى أن الرسول إختبره بنفسه. 
مشهود له من الجميع = هكذا أولاد الله نورهم ظاهر للجميع. وبهذا يشجع الرسول\'a1 غايس أن يقتدى بديمتريوس ولا يتشبه بديوتريفس.

أية 13 :- وَكَانَ لِي كَثِيرٌ لأَكْتُبَهُ\'a1 لَكِنَّنِي لَسْتُ أُرِيدُ أَنْ أَكْتُبَ إِلَيْكَ بِحِبْرٍ وَقَلَمٍ
 الجسر= كان من السناج الممزوج بماء ومقوى بالصمغ. والقلم = كان من الغاب المشطوف.

اية 14 :- وَلَكِنَّنِي أَرْجُو أَنْ أَرَاكَ عَنْ قَرِيبٍ فَنَتَكَلَّمَ فَماً لِفَمٍ.
تأكيد على أهمية التقليد.

أية 15 :- سَلاَمٌ لَكَ. يُسَلِّمُ عَلَيْكَ الأَحِبَّاءُ. سَلِّمْ عَلَى الأَحِبَّاءِ بِأَسْمَائِهِمْ. 
يسلم عليك الأحباء = ولم يقل الإخوة تأكيداً على المحبة. وهكذا أيضاً سلم على الأحباء."
يوحنا ثالثة,1,27,"الإصحاح الأول
أية 1 :- اَلشَّيْخُ\'a1 إِلَى غَايُسَ الْحَبِيبِ الَّذِي أَنَا أُحِبُّهُ بِالْحَقِّ 
الرسول يحب بالحق أى لأجل المسيح\'a1 وبالمسيح الذى فيه.

أية 2 :- أَيُّهَا الْحَبِيبُ\'a1 فِي كُلِّ شَيْءٍ أَرُومُ أَنْ تَكُونَ نَاجِحاً وَصَحِيحاً\'a1 كَمَا أَنَّ نَفْسَكَ نَاجِحَة
الرسول يتمنى أن يكون غايس صحيحاً جسدياً. كما أنه نفسياً أى روحياً صحيح. ويرى البعض أن معنى كلام الرسول هنا أن صحة غايس كانت ليست على مايرام. والكنيسة تصلى من أجل صحة أولادها (فى أوشية المرضى) كما تصلى للراقدين والمسافرين. وأهم ما تطلبه لأجلهم هو غفران خطاياهم. 
كما أن نفسك ناجحة = النجاح ليس هو النجاح المادى وصحة الجسد. بل نجاح نفسى يتمثل فى الإحساس بالشبع والفرح والرضى والسلام الذى يملأ القلب. كما قال داود """"أحبك يارب يا قوتى"""" ( مز 18). ودانيال ويوسف كانوا ناجحين. وللأسف فهناك أباء يهتمون بنجاح أولادهم مادياً ودراسياً ولا يهتمون بحياتهم الروحية وأن يصرف أولادهم وقتاً مع الله.

أية 3 :- لأَنِّي فَرِحْتُ جِدّاً إِذْ حَضَرَ إِخْوَةٌ وَشَهِدُوا بِالْحَقِّ الَّذِي فِيكَ\'a1 كَمَا أَنَّكَ تَسْلُكُ بِالْحَقِّ
إذاً هو يكتب ليشجعه أن يستمر فى مسلكه. فرحة الخادم هى أن يرى أولاده يسلكون بالحق وبالمحبة وأن إيمانهم سليم. 

أية 4 :- لَيْسَ لِي فَرَحٌ أَعْظَمُ مِنْ هَذَا: أَنْ أَسْمَعَ عَنْ أَوْلاَدِي أَنَّهُمْ يَسْلُكُونَ بِالْحَقِّ
أسمع عن أولادى = هى أبوة يستمدها من الله وفى الله وبه\'a1 فإن صارت العلاقة خارج الرب يسوع ينطبق عليها هذا القول """" لا تدعوا لكم أباً على الأرض ( مت23: 8 - 10) وراجع ( غل4: 19 \'ba  1كو4: 15 \'ba  1تس2: 11).

أيات 5\'a1 6 :- أَيُّهَا الْحَبِيبُ\'a1 أَنْتَ تَفْعَلُ بِالأَمَانَةِ كُلَّ مَا تَصْنَعُهُ إِلَى الإِخْوَةِ وَإِلَى الْغُرَبَاءِ\'a1 الَّذِينَ شَهِدُوا بِمَحَبَّتِكَ أَمَامَ الْكَنِيسَةِ. الَّذِينَ تَفْعَلُ حَسَناً إِذَا شَيَّعْتَهُمْ كَمَا يَحِقُّ للهِ\'a1
الغرباء = الذين لم يعرفهم غايس قبلاً. الإخوة = هم الذين سبق وعرفهم غايس من قبل. كما يحق لله = الله هو القياس وليس خدامه.

أية 7 :- لأَنَّهُمْ مِنْ أَجْلِ اسْمِهِ خَرَجُوا وَهُمْ لاَ يَأْخُذُونَ شَيْئاً مِنَ الأُمَمِ
واضح أن هؤلاء الإخوة الغرباء خرجوا ليكرزوا للأمم\'a1ويريدون أن تكون خدمتهم مجانية\'a1أى بلا مقابل يأخذونه من الأمم. وغايس أتاح لهم هذا بأن تكفل بإحتياجاتهم المادية.

كان هناك نوعان من الخدام فى الكنيسة الأولى :- 
1.خدام محليين ثابتين مستقرين وهؤلاء يسكنون فى بيوتهم.
2.خدام طوافين ينتقلون من مكان إلى مكان. وهؤلاء لا يمكن لهم أن يستعملوا الفنادق لسمعتها السيئة\'a1 إذاً كانوا محتاجين لمن يستضيفهم (كملاكى لوط). لذلك وجدت وصية """"لا تنسوا إضافة الغرباء"""" ( عب2:13). فكان هذا إحتياج الكنيسة فى تلك الأيام. وكانت تلك الإستضافة تشمل (الطعام والنوم). فهؤلاء الخدام لا يخدمون لربح مادى. ولقد إشترطت الكنيسة على هؤلاء الذين يقيمون أكثر من مدة معينة أن يعملوا ليأكلوا\'a1 يكون لهم عمل يتكسبون منه. لذلك نرى بولس الرسول قد عمل كخيام (صانع خيام).

أية 8 :- فَنَحْنُ يَنْبَغِي لَنَا أَنْ نَقْبَلَ أَمْثَالَ هَؤُلاَءِ\'a1 لِكَيْ نَكُونَ عَامِلِينَ مَعَهُمْ بِالْحَقِّ
من يكرم خدام الله يكرم الله.

أيات 9\'a1 10 :- كَتَبْتُ إِلَى الْكَنِيسَةِ\'a1 وَلَكِنَّ دِيُوتْرِيفِسَ - الَّذِي يُحِبُّ أَنْ يَكُونَ الأَّوَلَ بَيْنَهُمْ - لاَ يَقْبَلُنَا. مِنْ أَجْلِ ذَلِكَ إِذَا جِئْتُ فَسَأُذَكِّرُهُ بِأَعْمَالِهِ الَّتِي يَعْمَلُهَا\'a1 هَاذِراً عَلَيْنَا بِأَقْوَالٍ خَبِيثَةٍ. وَإِذْ هُوَ غَيْرُ مُكْتَفٍ بِهَذِهِ\'a1 لاَ يَقْبَلُ الإِخْوَةَ\'a1 وَيَمْنَعُ أَيْضاً الَّذِينَ يُرِيدُونَ\'a1 وَيَطْرُدُهُمْ مِنَ الْكَنِيسَةِ
يبدو أن ديوتريفس هذا كان شخصاً ذو سلطان فى الكنيسة وربما كان هو الأسقف\'a1 إذ هو قادر أن يمنع أشخاصاً من دخول الكنيسة. 
كتبت إلى الكنيسة = كتب يوحنا رسالة إلى الكنيسة يطلب فيها قبول الإخوة الكارزين\'a1 فمنع ديوتريفس وصول الرسالة للكنيسة. يحب أن يكون الأول = خطية الكبرياء هذه تجعل الخادم ينحرف عن خدمته\'a1 ويحدث الإنشقاق فى الكنيسة. لايقبلنا = هو فى كبريائه لا يطيق الحق\'a1 يريد أن يعلم ولا يتعلم. ولا يقبل هؤلاء الإخوة الذين أرسلهم يوحنا ليكرزوا ويعلموا. بل هو طرد هؤلاء الإخوة\'a1 بل طرد الذين قبلوهم فى بيوتهم = الذين يريدون. والرسول يقول سأذكره = أى يساعده على معرفة أخطائه ليخلص نفسه.

أية 11 :- أَيُّهَا الْحَبِيبُ\'a1 لاَ تَتَمَثَّلْ بِالشَّرِّ بَلْ بِالْخَيْرِ\'a1 لأَنَّ مَنْ يَصْنَعُ الْخَيْرَ هُوَ مِنَ اللهِ\'a1 وَمَنْ يَصْنَعُ الشَّرَّ فَلَمْ يُبْصِرِ اللهَ.
لا تتمثل بالشر = بديوتريفس وأعماله. بل بالخير = أى بديمتريوس.
فلم يبصر الله = من يفعل الشر\'a1ويمتلىء قلبه بالعجرفة وحب الذات ينحنى بإرادته للظلمة فلا يقدر أن يبصر الله """" فلا شركة للنور مع الظلمة"""" ( 2كو6: 14). ومن أبصر الله فلقد أبصر النور فالله نور\'a1والنور يضىء له الطريق فيعرف الحق. 
أية 12 :- دِيمِتْرِيُوسُ مَشْهُودٌ لَهُ مِنَ الْجَمِيعِ وَمِنَ الْحَقِّ نَفْسِهِ\'a1 وَنَحْنُ أَيْضاً نَشْهَدُ\'a1 وَأَنْتُمْ تَعْلَمُونَ أَنَّ شَهَادَتَنَا هِيَ صَادِقَةٌ
ومن الحق نفسه = ربما تعنى أن الله يشهد له  فالله هو الحق. أو تعنى من أعماله أى أعمال ديمتريوس\'a1 فأعماله بحسب الحق\'a1وهى تشهد له. 
ونحن أيضاً = أى أن الرسول إختبره بنفسه. 
مشهود له من الجميع = هكذا أولاد الله نورهم ظاهر للجميع. وبهذا يشجع الرسول\'a1 غايس أن يقتدى بديمتريوس ولا يتشبه بديوتريفس.

أية 13 :- وَكَانَ لِي كَثِيرٌ لأَكْتُبَهُ\'a1 لَكِنَّنِي لَسْتُ أُرِيدُ أَنْ أَكْتُبَ إِلَيْكَ بِحِبْرٍ وَقَلَمٍ
 الجسر= كان من السناج الممزوج بماء ومقوى بالصمغ. والقلم = كان من الغاب المشطوف.

اية 14 :- وَلَكِنَّنِي أَرْجُو أَنْ أَرَاكَ عَنْ قَرِيبٍ فَنَتَكَلَّمَ فَماً لِفَمٍ.
تأكيد على أهمية التقليد.

أية 15 :- سَلاَمٌ لَكَ. يُسَلِّمُ عَلَيْكَ الأَحِبَّاءُ. سَلِّمْ عَلَى الأَحِبَّاءِ بِأَسْمَائِهِمْ. 
يسلم عليك الأحباء = ولم يقل الإخوة تأكيداً على المحبة. وهكذا أيضاً سلم على الأحباء."
يوحنا ثالثة,1,28,"الإصحاح الأول
أية 1 :- اَلشَّيْخُ\'a1 إِلَى غَايُسَ الْحَبِيبِ الَّذِي أَنَا أُحِبُّهُ بِالْحَقِّ 
الرسول يحب بالحق أى لأجل المسيح\'a1 وبالمسيح الذى فيه.

أية 2 :- أَيُّهَا الْحَبِيبُ\'a1 فِي كُلِّ شَيْءٍ أَرُومُ أَنْ تَكُونَ نَاجِحاً وَصَحِيحاً\'a1 كَمَا أَنَّ نَفْسَكَ نَاجِحَة
الرسول يتمنى أن يكون غايس صحيحاً جسدياً. كما أنه نفسياً أى روحياً صحيح. ويرى البعض أن معنى كلام الرسول هنا أن صحة غايس كانت ليست على مايرام. والكنيسة تصلى من أجل صحة أولادها (فى أوشية المرضى) كما تصلى للراقدين والمسافرين. وأهم ما تطلبه لأجلهم هو غفران خطاياهم. 
كما أن نفسك ناجحة = النجاح ليس هو النجاح المادى وصحة الجسد. بل نجاح نفسى يتمثل فى الإحساس بالشبع والفرح والرضى والسلام الذى يملأ القلب. كما قال داود """"أحبك يارب يا قوتى"""" ( مز 18). ودانيال ويوسف كانوا ناجحين. وللأسف فهناك أباء يهتمون بنجاح أولادهم مادياً ودراسياً ولا يهتمون بحياتهم الروحية وأن يصرف أولادهم وقتاً مع الله.

أية 3 :- لأَنِّي فَرِحْتُ جِدّاً إِذْ حَضَرَ إِخْوَةٌ وَشَهِدُوا بِالْحَقِّ الَّذِي فِيكَ\'a1 كَمَا أَنَّكَ تَسْلُكُ بِالْحَقِّ
إذاً هو يكتب ليشجعه أن يستمر فى مسلكه. فرحة الخادم هى أن يرى أولاده يسلكون بالحق وبالمحبة وأن إيمانهم سليم. 

أية 4 :- لَيْسَ لِي فَرَحٌ أَعْظَمُ مِنْ هَذَا: أَنْ أَسْمَعَ عَنْ أَوْلاَدِي أَنَّهُمْ يَسْلُكُونَ بِالْحَقِّ
أسمع عن أولادى = هى أبوة يستمدها من الله وفى الله وبه\'a1 فإن صارت العلاقة خارج الرب يسوع ينطبق عليها هذا القول """" لا تدعوا لكم أباً على الأرض ( مت23: 8 - 10) وراجع ( غل4: 19 \'ba  1كو4: 15 \'ba  1تس2: 11).

أيات 5\'a1 6 :- أَيُّهَا الْحَبِيبُ\'a1 أَنْتَ تَفْعَلُ بِالأَمَانَةِ كُلَّ مَا تَصْنَعُهُ إِلَى الإِخْوَةِ وَإِلَى الْغُرَبَاءِ\'a1 الَّذِينَ شَهِدُوا بِمَحَبَّتِكَ أَمَامَ الْكَنِيسَةِ. الَّذِينَ تَفْعَلُ حَسَناً إِذَا شَيَّعْتَهُمْ كَمَا يَحِقُّ للهِ\'a1
الغرباء = الذين لم يعرفهم غايس قبلاً. الإخوة = هم الذين سبق وعرفهم غايس من قبل. كما يحق لله = الله هو القياس وليس خدامه.

أية 7 :- لأَنَّهُمْ مِنْ أَجْلِ اسْمِهِ خَرَجُوا وَهُمْ لاَ يَأْخُذُونَ شَيْئاً مِنَ الأُمَمِ
واضح أن هؤلاء الإخوة الغرباء خرجوا ليكرزوا للأمم\'a1ويريدون أن تكون خدمتهم مجانية\'a1أى بلا مقابل يأخذونه من الأمم. وغايس أتاح لهم هذا بأن تكفل بإحتياجاتهم المادية.

كان هناك نوعان من الخدام فى الكنيسة الأولى :- 
1.خدام محليين ثابتين مستقرين وهؤلاء يسكنون فى بيوتهم.
2.خدام طوافين ينتقلون من مكان إلى مكان. وهؤلاء لا يمكن لهم أن يستعملوا الفنادق لسمعتها السيئة\'a1 إذاً كانوا محتاجين لمن يستضيفهم (كملاكى لوط). لذلك وجدت وصية """"لا تنسوا إضافة الغرباء"""" ( عب2:13). فكان هذا إحتياج الكنيسة فى تلك الأيام. وكانت تلك الإستضافة تشمل (الطعام والنوم). فهؤلاء الخدام لا يخدمون لربح مادى. ولقد إشترطت الكنيسة على هؤلاء الذين يقيمون أكثر من مدة معينة أن يعملوا ليأكلوا\'a1 يكون لهم عمل يتكسبون منه. لذلك نرى بولس الرسول قد عمل كخيام (صانع خيام).

أية 8 :- فَنَحْنُ يَنْبَغِي لَنَا أَنْ نَقْبَلَ أَمْثَالَ هَؤُلاَءِ\'a1 لِكَيْ نَكُونَ عَامِلِينَ مَعَهُمْ بِالْحَقِّ
من يكرم خدام الله يكرم الله.

أيات 9\'a1 10 :- كَتَبْتُ إِلَى الْكَنِيسَةِ\'a1 وَلَكِنَّ دِيُوتْرِيفِسَ - الَّذِي يُحِبُّ أَنْ يَكُونَ الأَّوَلَ بَيْنَهُمْ - لاَ يَقْبَلُنَا. مِنْ أَجْلِ ذَلِكَ إِذَا جِئْتُ فَسَأُذَكِّرُهُ بِأَعْمَالِهِ الَّتِي يَعْمَلُهَا\'a1 هَاذِراً عَلَيْنَا بِأَقْوَالٍ خَبِيثَةٍ. وَإِذْ هُوَ غَيْرُ مُكْتَفٍ بِهَذِهِ\'a1 لاَ يَقْبَلُ الإِخْوَةَ\'a1 وَيَمْنَعُ أَيْضاً الَّذِينَ يُرِيدُونَ\'a1 وَيَطْرُدُهُمْ مِنَ الْكَنِيسَةِ
يبدو أن ديوتريفس هذا كان شخصاً ذو سلطان فى الكنيسة وربما كان هو الأسقف\'a1 إذ هو قادر أن يمنع أشخاصاً من دخول الكنيسة. 
كتبت إلى الكنيسة = كتب يوحنا رسالة إلى الكنيسة يطلب فيها قبول الإخوة الكارزين\'a1 فمنع ديوتريفس وصول الرسالة للكنيسة. يحب أن يكون الأول = خطية الكبرياء هذه تجعل الخادم ينحرف عن خدمته\'a1 ويحدث الإنشقاق فى الكنيسة. لايقبلنا = هو فى كبريائه لا يطيق الحق\'a1 يريد أن يعلم ولا يتعلم. ولا يقبل هؤلاء الإخوة الذين أرسلهم يوحنا ليكرزوا ويعلموا. بل هو طرد هؤلاء الإخوة\'a1 بل طرد الذين قبلوهم فى بيوتهم = الذين يريدون. والرسول يقول سأذكره = أى يساعده على معرفة أخطائه ليخلص نفسه.

أية 11 :- أَيُّهَا الْحَبِيبُ\'a1 لاَ تَتَمَثَّلْ بِالشَّرِّ بَلْ بِالْخَيْرِ\'a1 لأَنَّ مَنْ يَصْنَعُ الْخَيْرَ هُوَ مِنَ اللهِ\'a1 وَمَنْ يَصْنَعُ الشَّرَّ فَلَمْ يُبْصِرِ اللهَ.
لا تتمثل بالشر = بديوتريفس وأعماله. بل بالخير = أى بديمتريوس.
فلم يبصر الله = من يفعل الشر\'a1ويمتلىء قلبه بالعجرفة وحب الذات ينحنى بإرادته للظلمة فلا يقدر أن يبصر الله """" فلا شركة للنور مع الظلمة"""" ( 2كو6: 14). ومن أبصر الله فلقد أبصر النور فالله نور\'a1والنور يضىء له الطريق فيعرف الحق. 
أية 12 :- دِيمِتْرِيُوسُ مَشْهُودٌ لَهُ مِنَ الْجَمِيعِ وَمِنَ الْحَقِّ نَفْسِهِ\'a1 وَنَحْنُ أَيْضاً نَشْهَدُ\'a1 وَأَنْتُمْ تَعْلَمُونَ أَنَّ شَهَادَتَنَا هِيَ صَادِقَةٌ
ومن الحق نفسه = ربما تعنى أن الله يشهد له  فالله هو الحق. أو تعنى من أعماله أى أعمال ديمتريوس\'a1 فأعماله بحسب الحق\'a1وهى تشهد له. 
ونحن أيضاً = أى أن الرسول إختبره بنفسه. 
مشهود له من الجميع = هكذا أولاد الله نورهم ظاهر للجميع. وبهذا يشجع الرسول\'a1 غايس أن يقتدى بديمتريوس ولا يتشبه بديوتريفس.

أية 13 :- وَكَانَ لِي كَثِيرٌ لأَكْتُبَهُ\'a1 لَكِنَّنِي لَسْتُ أُرِيدُ أَنْ أَكْتُبَ إِلَيْكَ بِحِبْرٍ وَقَلَمٍ
 الجسر= كان من السناج الممزوج بماء ومقوى بالصمغ. والقلم = كان من الغاب المشطوف.

اية 14 :- وَلَكِنَّنِي أَرْجُو أَنْ أَرَاكَ عَنْ قَرِيبٍ فَنَتَكَلَّمَ فَماً لِفَمٍ.
تأكيد على أهمية التقليد.

أية 15 :- سَلاَمٌ لَكَ. يُسَلِّمُ عَلَيْكَ الأَحِبَّاءُ. سَلِّمْ عَلَى الأَحِبَّاءِ بِأَسْمَائِهِمْ. 
يسلم عليك الأحباء = ولم يقل الإخوة تأكيداً على المحبة. وهكذا أيضاً سلم على الأحباء."
يوحنا ثالثة,1,29,"الإصحاح الأول
أية 1 :- اَلشَّيْخُ\'a1 إِلَى غَايُسَ الْحَبِيبِ الَّذِي أَنَا أُحِبُّهُ بِالْحَقِّ 
الرسول يحب بالحق أى لأجل المسيح\'a1 وبالمسيح الذى فيه.

أية 2 :- أَيُّهَا الْحَبِيبُ\'a1 فِي كُلِّ شَيْءٍ أَرُومُ أَنْ تَكُونَ نَاجِحاً وَصَحِيحاً\'a1 كَمَا أَنَّ نَفْسَكَ نَاجِحَة
الرسول يتمنى أن يكون غايس صحيحاً جسدياً. كما أنه نفسياً أى روحياً صحيح. ويرى البعض أن معنى كلام الرسول هنا أن صحة غايس كانت ليست على مايرام. والكنيسة تصلى من أجل صحة أولادها (فى أوشية المرضى) كما تصلى للراقدين والمسافرين. وأهم ما تطلبه لأجلهم هو غفران خطاياهم. 
كما أن نفسك ناجحة = النجاح ليس هو النجاح المادى وصحة الجسد. بل نجاح نفسى يتمثل فى الإحساس بالشبع والفرح والرضى والسلام الذى يملأ القلب. كما قال داود """"أحبك يارب يا قوتى"""" ( مز 18). ودانيال ويوسف كانوا ناجحين. وللأسف فهناك أباء يهتمون بنجاح أولادهم مادياً ودراسياً ولا يهتمون بحياتهم الروحية وأن يصرف أولادهم وقتاً مع الله.

أية 3 :- لأَنِّي فَرِحْتُ جِدّاً إِذْ حَضَرَ إِخْوَةٌ وَشَهِدُوا بِالْحَقِّ الَّذِي فِيكَ\'a1 كَمَا أَنَّكَ تَسْلُكُ بِالْحَقِّ
إذاً هو يكتب ليشجعه أن يستمر فى مسلكه. فرحة الخادم هى أن يرى أولاده يسلكون بالحق وبالمحبة وأن إيمانهم سليم. 

أية 4 :- لَيْسَ لِي فَرَحٌ أَعْظَمُ مِنْ هَذَا: أَنْ أَسْمَعَ عَنْ أَوْلاَدِي أَنَّهُمْ يَسْلُكُونَ بِالْحَقِّ
أسمع عن أولادى = هى أبوة يستمدها من الله وفى الله وبه\'a1 فإن صارت العلاقة خارج الرب يسوع ينطبق عليها هذا القول """" لا تدعوا لكم أباً على الأرض ( مت23: 8 - 10) وراجع ( غل4: 19 \'ba  1كو4: 15 \'ba  1تس2: 11).

أيات 5\'a1 6 :- أَيُّهَا الْحَبِيبُ\'a1 أَنْتَ تَفْعَلُ بِالأَمَانَةِ كُلَّ مَا تَصْنَعُهُ إِلَى الإِخْوَةِ وَإِلَى الْغُرَبَاءِ\'a1 الَّذِينَ شَهِدُوا بِمَحَبَّتِكَ أَمَامَ الْكَنِيسَةِ. الَّذِينَ تَفْعَلُ حَسَناً إِذَا شَيَّعْتَهُمْ كَمَا يَحِقُّ للهِ\'a1
الغرباء = الذين لم يعرفهم غايس قبلاً. الإخوة = هم الذين سبق وعرفهم غايس من قبل. كما يحق لله = الله هو القياس وليس خدامه.

أية 7 :- لأَنَّهُمْ مِنْ أَجْلِ اسْمِهِ خَرَجُوا وَهُمْ لاَ يَأْخُذُونَ شَيْئاً مِنَ الأُمَمِ
واضح أن هؤلاء الإخوة الغرباء خرجوا ليكرزوا للأمم\'a1ويريدون أن تكون خدمتهم مجانية\'a1أى بلا مقابل يأخذونه من الأمم. وغايس أتاح لهم هذا بأن تكفل بإحتياجاتهم المادية.

كان هناك نوعان من الخدام فى الكنيسة الأولى :- 
1.خدام محليين ثابتين مستقرين وهؤلاء يسكنون فى بيوتهم.
2.خدام طوافين ينتقلون من مكان إلى مكان. وهؤلاء لا يمكن لهم أن يستعملوا الفنادق لسمعتها السيئة\'a1 إذاً كانوا محتاجين لمن يستضيفهم (كملاكى لوط). لذلك وجدت وصية """"لا تنسوا إضافة الغرباء"""" ( عب2:13). فكان هذا إحتياج الكنيسة فى تلك الأيام. وكانت تلك الإستضافة تشمل (الطعام والنوم). فهؤلاء الخدام لا يخدمون لربح مادى. ولقد إشترطت الكنيسة على هؤلاء الذين يقيمون أكثر من مدة معينة أن يعملوا ليأكلوا\'a1 يكون لهم عمل يتكسبون منه. لذلك نرى بولس الرسول قد عمل كخيام (صانع خيام).

أية 8 :- فَنَحْنُ يَنْبَغِي لَنَا أَنْ نَقْبَلَ أَمْثَالَ هَؤُلاَءِ\'a1 لِكَيْ نَكُونَ عَامِلِينَ مَعَهُمْ بِالْحَقِّ
من يكرم خدام الله يكرم الله.

أيات 9\'a1 10 :- كَتَبْتُ إِلَى الْكَنِيسَةِ\'a1 وَلَكِنَّ دِيُوتْرِيفِسَ - الَّذِي يُحِبُّ أَنْ يَكُونَ الأَّوَلَ بَيْنَهُمْ - لاَ يَقْبَلُنَا. مِنْ أَجْلِ ذَلِكَ إِذَا جِئْتُ فَسَأُذَكِّرُهُ بِأَعْمَالِهِ الَّتِي يَعْمَلُهَا\'a1 هَاذِراً عَلَيْنَا بِأَقْوَالٍ خَبِيثَةٍ. وَإِذْ هُوَ غَيْرُ مُكْتَفٍ بِهَذِهِ\'a1 لاَ يَقْبَلُ الإِخْوَةَ\'a1 وَيَمْنَعُ أَيْضاً الَّذِينَ يُرِيدُونَ\'a1 وَيَطْرُدُهُمْ مِنَ الْكَنِيسَةِ
يبدو أن ديوتريفس هذا كان شخصاً ذو سلطان فى الكنيسة وربما كان هو الأسقف\'a1 إذ هو قادر أن يمنع أشخاصاً من دخول الكنيسة. 
كتبت إلى الكنيسة = كتب يوحنا رسالة إلى الكنيسة يطلب فيها قبول الإخوة الكارزين\'a1 فمنع ديوتريفس وصول الرسالة للكنيسة. يحب أن يكون الأول = خطية الكبرياء هذه تجعل الخادم ينحرف عن خدمته\'a1 ويحدث الإنشقاق فى الكنيسة. لايقبلنا = هو فى كبريائه لا يطيق الحق\'a1 يريد أن يعلم ولا يتعلم. ولا يقبل هؤلاء الإخوة الذين أرسلهم يوحنا ليكرزوا ويعلموا. بل هو طرد هؤلاء الإخوة\'a1 بل طرد الذين قبلوهم فى بيوتهم = الذين يريدون. والرسول يقول سأذكره = أى يساعده على معرفة أخطائه ليخلص نفسه.

أية 11 :- أَيُّهَا الْحَبِيبُ\'a1 لاَ تَتَمَثَّلْ بِالشَّرِّ بَلْ بِالْخَيْرِ\'a1 لأَنَّ مَنْ يَصْنَعُ الْخَيْرَ هُوَ مِنَ اللهِ\'a1 وَمَنْ يَصْنَعُ الشَّرَّ فَلَمْ يُبْصِرِ اللهَ.
لا تتمثل بالشر = بديوتريفس وأعماله. بل بالخير = أى بديمتريوس.
فلم يبصر الله = من يفعل الشر\'a1ويمتلىء قلبه بالعجرفة وحب الذات ينحنى بإرادته للظلمة فلا يقدر أن يبصر الله """" فلا شركة للنور مع الظلمة"""" ( 2كو6: 14). ومن أبصر الله فلقد أبصر النور فالله نور\'a1والنور يضىء له الطريق فيعرف الحق. 
أية 12 :- دِيمِتْرِيُوسُ مَشْهُودٌ لَهُ مِنَ الْجَمِيعِ وَمِنَ الْحَقِّ نَفْسِهِ\'a1 وَنَحْنُ أَيْضاً نَشْهَدُ\'a1 وَأَنْتُمْ تَعْلَمُونَ أَنَّ شَهَادَتَنَا هِيَ صَادِقَةٌ
ومن الحق نفسه = ربما تعنى أن الله يشهد له  فالله هو الحق. أو تعنى من أعماله أى أعمال ديمتريوس\'a1 فأعماله بحسب الحق\'a1وهى تشهد له. 
ونحن أيضاً = أى أن الرسول إختبره بنفسه. 
مشهود له من الجميع = هكذا أولاد الله نورهم ظاهر للجميع. وبهذا يشجع الرسول\'a1 غايس أن يقتدى بديمتريوس ولا يتشبه بديوتريفس.

أية 13 :- وَكَانَ لِي كَثِيرٌ لأَكْتُبَهُ\'a1 لَكِنَّنِي لَسْتُ أُرِيدُ أَنْ أَكْتُبَ إِلَيْكَ بِحِبْرٍ وَقَلَمٍ
 الجسر= كان من السناج الممزوج بماء ومقوى بالصمغ. والقلم = كان من الغاب المشطوف.

اية 14 :- وَلَكِنَّنِي أَرْجُو أَنْ أَرَاكَ عَنْ قَرِيبٍ فَنَتَكَلَّمَ فَماً لِفَمٍ.
تأكيد على أهمية التقليد.

أية 15 :- سَلاَمٌ لَكَ. يُسَلِّمُ عَلَيْكَ الأَحِبَّاءُ. سَلِّمْ عَلَى الأَحِبَّاءِ بِأَسْمَائِهِمْ. 
يسلم عليك الأحباء = ولم يقل الإخوة تأكيداً على المحبة. وهكذا أيضاً سلم على الأحباء."
يوحنا ثالثة,1,30,"الإصحاح الأول
أية 1 :- اَلشَّيْخُ\'a1 إِلَى غَايُسَ الْحَبِيبِ الَّذِي أَنَا أُحِبُّهُ بِالْحَقِّ 
الرسول يحب بالحق أى لأجل المسيح\'a1 وبالمسيح الذى فيه.

أية 2 :- أَيُّهَا الْحَبِيبُ\'a1 فِي كُلِّ شَيْءٍ أَرُومُ أَنْ تَكُونَ نَاجِحاً وَصَحِيحاً\'a1 كَمَا أَنَّ نَفْسَكَ نَاجِحَة
الرسول يتمنى أن يكون غايس صحيحاً جسدياً. كما أنه نفسياً أى روحياً صحيح. ويرى البعض أن معنى كلام الرسول هنا أن صحة غايس كانت ليست على مايرام. والكنيسة تصلى من أجل صحة أولادها (فى أوشية المرضى) كما تصلى للراقدين والمسافرين. وأهم ما تطلبه لأجلهم هو غفران خطاياهم. 
كما أن نفسك ناجحة = النجاح ليس هو النجاح المادى وصحة الجسد. بل نجاح نفسى يتمثل فى الإحساس بالشبع والفرح والرضى والسلام الذى يملأ القلب. كما قال داود """"أحبك يارب يا قوتى"""" ( مز 18). ودانيال ويوسف كانوا ناجحين. وللأسف فهناك أباء يهتمون بنجاح أولادهم مادياً ودراسياً ولا يهتمون بحياتهم الروحية وأن يصرف أولادهم وقتاً مع الله.

أية 3 :- لأَنِّي فَرِحْتُ جِدّاً إِذْ حَضَرَ إِخْوَةٌ وَشَهِدُوا بِالْحَقِّ الَّذِي فِيكَ\'a1 كَمَا أَنَّكَ تَسْلُكُ بِالْحَقِّ
إذاً هو يكتب ليشجعه أن يستمر فى مسلكه. فرحة الخادم هى أن يرى أولاده يسلكون بالحق وبالمحبة وأن إيمانهم سليم. 

أية 4 :- لَيْسَ لِي فَرَحٌ أَعْظَمُ مِنْ هَذَا: أَنْ أَسْمَعَ عَنْ أَوْلاَدِي أَنَّهُمْ يَسْلُكُونَ بِالْحَقِّ
أسمع عن أولادى = هى أبوة يستمدها من الله وفى الله وبه\'a1 فإن صارت العلاقة خارج الرب يسوع ينطبق عليها هذا القول """" لا تدعوا لكم أباً على الأرض ( مت23: 8 - 10) وراجع ( غل4: 19 \'ba  1كو4: 15 \'ba  1تس2: 11).

أيات 5\'a1 6 :- أَيُّهَا الْحَبِيبُ\'a1 أَنْتَ تَفْعَلُ بِالأَمَانَةِ كُلَّ مَا تَصْنَعُهُ إِلَى الإِخْوَةِ وَإِلَى الْغُرَبَاءِ\'a1 الَّذِينَ شَهِدُوا بِمَحَبَّتِكَ أَمَامَ الْكَنِيسَةِ. الَّذِينَ تَفْعَلُ حَسَناً إِذَا شَيَّعْتَهُمْ كَمَا يَحِقُّ للهِ\'a1
الغرباء = الذين لم يعرفهم غايس قبلاً. الإخوة = هم الذين سبق وعرفهم غايس من قبل. كما يحق لله = الله هو القياس وليس خدامه.

أية 7 :- لأَنَّهُمْ مِنْ أَجْلِ اسْمِهِ خَرَجُوا وَهُمْ لاَ يَأْخُذُونَ شَيْئاً مِنَ الأُمَمِ
واضح أن هؤلاء الإخوة الغرباء خرجوا ليكرزوا للأمم\'a1ويريدون أن تكون خدمتهم مجانية\'a1أى بلا مقابل يأخذونه من الأمم. وغايس أتاح لهم هذا بأن تكفل بإحتياجاتهم المادية.

كان هناك نوعان من الخدام فى الكنيسة الأولى :- 
1.خدام محليين ثابتين مستقرين وهؤلاء يسكنون فى بيوتهم.
2.خدام طوافين ينتقلون من مكان إلى مكان. وهؤلاء لا يمكن لهم أن يستعملوا الفنادق لسمعتها السيئة\'a1 إذاً كانوا محتاجين لمن يستضيفهم (كملاكى لوط). لذلك وجدت وصية """"لا تنسوا إضافة الغرباء"""" ( عب2:13). فكان هذا إحتياج الكنيسة فى تلك الأيام. وكانت تلك الإستضافة تشمل (الطعام والنوم). فهؤلاء الخدام لا يخدمون لربح مادى. ولقد إشترطت الكنيسة على هؤلاء الذين يقيمون أكثر من مدة معينة أن يعملوا ليأكلوا\'a1 يكون لهم عمل يتكسبون منه. لذلك نرى بولس الرسول قد عمل كخيام (صانع خيام).

أية 8 :- فَنَحْنُ يَنْبَغِي لَنَا أَنْ نَقْبَلَ أَمْثَالَ هَؤُلاَءِ\'a1 لِكَيْ نَكُونَ عَامِلِينَ مَعَهُمْ بِالْحَقِّ
من يكرم خدام الله يكرم الله.

أيات 9\'a1 10 :- كَتَبْتُ إِلَى الْكَنِيسَةِ\'a1 وَلَكِنَّ دِيُوتْرِيفِسَ - الَّذِي يُحِبُّ أَنْ يَكُونَ الأَّوَلَ بَيْنَهُمْ - لاَ يَقْبَلُنَا. مِنْ أَجْلِ ذَلِكَ إِذَا جِئْتُ فَسَأُذَكِّرُهُ بِأَعْمَالِهِ الَّتِي يَعْمَلُهَا\'a1 هَاذِراً عَلَيْنَا بِأَقْوَالٍ خَبِيثَةٍ. وَإِذْ هُوَ غَيْرُ مُكْتَفٍ بِهَذِهِ\'a1 لاَ يَقْبَلُ الإِخْوَةَ\'a1 وَيَمْنَعُ أَيْضاً الَّذِينَ يُرِيدُونَ\'a1 وَيَطْرُدُهُمْ مِنَ الْكَنِيسَةِ
يبدو أن ديوتريفس هذا كان شخصاً ذو سلطان فى الكنيسة وربما كان هو الأسقف\'a1 إذ هو قادر أن يمنع أشخاصاً من دخول الكنيسة. 
كتبت إلى الكنيسة = كتب يوحنا رسالة إلى الكنيسة يطلب فيها قبول الإخوة الكارزين\'a1 فمنع ديوتريفس وصول الرسالة للكنيسة. يحب أن يكون الأول = خطية الكبرياء هذه تجعل الخادم ينحرف عن خدمته\'a1 ويحدث الإنشقاق فى الكنيسة. لايقبلنا = هو فى كبريائه لا يطيق الحق\'a1 يريد أن يعلم ولا يتعلم. ولا يقبل هؤلاء الإخوة الذين أرسلهم يوحنا ليكرزوا ويعلموا. بل هو طرد هؤلاء الإخوة\'a1 بل طرد الذين قبلوهم فى بيوتهم = الذين يريدون. والرسول يقول سأذكره = أى يساعده على معرفة أخطائه ليخلص نفسه.

أية 11 :- أَيُّهَا الْحَبِيبُ\'a1 لاَ تَتَمَثَّلْ بِالشَّرِّ بَلْ بِالْخَيْرِ\'a1 لأَنَّ مَنْ يَصْنَعُ الْخَيْرَ هُوَ مِنَ اللهِ\'a1 وَمَنْ يَصْنَعُ الشَّرَّ فَلَمْ يُبْصِرِ اللهَ.
لا تتمثل بالشر = بديوتريفس وأعماله. بل بالخير = أى بديمتريوس.
فلم يبصر الله = من يفعل الشر\'a1ويمتلىء قلبه بالعجرفة وحب الذات ينحنى بإرادته للظلمة فلا يقدر أن يبصر الله """" فلا شركة للنور مع الظلمة"""" ( 2كو6: 14). ومن أبصر الله فلقد أبصر النور فالله نور\'a1والنور يضىء له الطريق فيعرف الحق. 
أية 12 :- دِيمِتْرِيُوسُ مَشْهُودٌ لَهُ مِنَ الْجَمِيعِ وَمِنَ الْحَقِّ نَفْسِهِ\'a1 وَنَحْنُ أَيْضاً نَشْهَدُ\'a1 وَأَنْتُمْ تَعْلَمُونَ أَنَّ شَهَادَتَنَا هِيَ صَادِقَةٌ
ومن الحق نفسه = ربما تعنى أن الله يشهد له  فالله هو الحق. أو تعنى من أعماله أى أعمال ديمتريوس\'a1 فأعماله بحسب الحق\'a1وهى تشهد له. 
ونحن أيضاً = أى أن الرسول إختبره بنفسه. 
مشهود له من الجميع = هكذا أولاد الله نورهم ظاهر للجميع. وبهذا يشجع الرسول\'a1 غايس أن يقتدى بديمتريوس ولا يتشبه بديوتريفس.

أية 13 :- وَكَانَ لِي كَثِيرٌ لأَكْتُبَهُ\'a1 لَكِنَّنِي لَسْتُ أُرِيدُ أَنْ أَكْتُبَ إِلَيْكَ بِحِبْرٍ وَقَلَمٍ
 الجسر= كان من السناج الممزوج بماء ومقوى بالصمغ. والقلم = كان من الغاب المشطوف.

اية 14 :- وَلَكِنَّنِي أَرْجُو أَنْ أَرَاكَ عَنْ قَرِيبٍ فَنَتَكَلَّمَ فَماً لِفَمٍ.
تأكيد على أهمية التقليد.

أية 15 :- سَلاَمٌ لَكَ. يُسَلِّمُ عَلَيْكَ الأَحِبَّاءُ. سَلِّمْ عَلَى الأَحِبَّاءِ بِأَسْمَائِهِمْ. 
يسلم عليك الأحباء = ولم يقل الإخوة تأكيداً على المحبة. وهكذا أيضاً سلم على الأحباء."
يوحنا ثالثة,1,31,"الإصحاح الأول
أية 1 :- اَلشَّيْخُ\'a1 إِلَى غَايُسَ الْحَبِيبِ الَّذِي أَنَا أُحِبُّهُ بِالْحَقِّ 
الرسول يحب بالحق أى لأجل المسيح\'a1 وبالمسيح الذى فيه.

أية 2 :- أَيُّهَا الْحَبِيبُ\'a1 فِي كُلِّ شَيْءٍ أَرُومُ أَنْ تَكُونَ نَاجِحاً وَصَحِيحاً\'a1 كَمَا أَنَّ نَفْسَكَ نَاجِحَة
الرسول يتمنى أن يكون غايس صحيحاً جسدياً. كما أنه نفسياً أى روحياً صحيح. ويرى البعض أن معنى كلام الرسول هنا أن صحة غايس كانت ليست على مايرام. والكنيسة تصلى من أجل صحة أولادها (فى أوشية المرضى) كما تصلى للراقدين والمسافرين. وأهم ما تطلبه لأجلهم هو غفران خطاياهم. 
كما أن نفسك ناجحة = النجاح ليس هو النجاح المادى وصحة الجسد. بل نجاح نفسى يتمثل فى الإحساس بالشبع والفرح والرضى والسلام الذى يملأ القلب. كما قال داود """"أحبك يارب يا قوتى"""" ( مز 18). ودانيال ويوسف كانوا ناجحين. وللأسف فهناك أباء يهتمون بنجاح أولادهم مادياً ودراسياً ولا يهتمون بحياتهم الروحية وأن يصرف أولادهم وقتاً مع الله.

أية 3 :- لأَنِّي فَرِحْتُ جِدّاً إِذْ حَضَرَ إِخْوَةٌ وَشَهِدُوا بِالْحَقِّ الَّذِي فِيكَ\'a1 كَمَا أَنَّكَ تَسْلُكُ بِالْحَقِّ
إذاً هو يكتب ليشجعه أن يستمر فى مسلكه. فرحة الخادم هى أن يرى أولاده يسلكون بالحق وبالمحبة وأن إيمانهم سليم. 

أية 4 :- لَيْسَ لِي فَرَحٌ أَعْظَمُ مِنْ هَذَا: أَنْ أَسْمَعَ عَنْ أَوْلاَدِي أَنَّهُمْ يَسْلُكُونَ بِالْحَقِّ
أسمع عن أولادى = هى أبوة يستمدها من الله وفى الله وبه\'a1 فإن صارت العلاقة خارج الرب يسوع ينطبق عليها هذا القول """" لا تدعوا لكم أباً على الأرض ( مت23: 8 - 10) وراجع ( غل4: 19 \'ba  1كو4: 15 \'ba  1تس2: 11).

أيات 5\'a1 6 :- أَيُّهَا الْحَبِيبُ\'a1 أَنْتَ تَفْعَلُ بِالأَمَانَةِ كُلَّ مَا تَصْنَعُهُ إِلَى الإِخْوَةِ وَإِلَى الْغُرَبَاءِ\'a1 الَّذِينَ شَهِدُوا بِمَحَبَّتِكَ أَمَامَ الْكَنِيسَةِ. الَّذِينَ تَفْعَلُ حَسَناً إِذَا شَيَّعْتَهُمْ كَمَا يَحِقُّ للهِ\'a1
الغرباء = الذين لم يعرفهم غايس قبلاً. الإخوة = هم الذين سبق وعرفهم غايس من قبل. كما يحق لله = الله هو القياس وليس خدامه.

أية 7 :- لأَنَّهُمْ مِنْ أَجْلِ اسْمِهِ خَرَجُوا وَهُمْ لاَ يَأْخُذُونَ شَيْئاً مِنَ الأُمَمِ
واضح أن هؤلاء الإخوة الغرباء خرجوا ليكرزوا للأمم\'a1ويريدون أن تكون خدمتهم مجانية\'a1أى بلا مقابل يأخذونه من الأمم. وغايس أتاح لهم هذا بأن تكفل بإحتياجاتهم المادية.

كان هناك نوعان من الخدام فى الكنيسة الأولى :- 
1.خدام محليين ثابتين مستقرين وهؤلاء يسكنون فى بيوتهم.
2.خدام طوافين ينتقلون من مكان إلى مكان. وهؤلاء لا يمكن لهم أن يستعملوا الفنادق لسمعتها السيئة\'a1 إذاً كانوا محتاجين لمن يستضيفهم (كملاكى لوط). لذلك وجدت وصية """"لا تنسوا إضافة الغرباء"""" ( عب2:13). فكان هذا إحتياج الكنيسة فى تلك الأيام. وكانت تلك الإستضافة تشمل (الطعام والنوم). فهؤلاء الخدام لا يخدمون لربح مادى. ولقد إشترطت الكنيسة على هؤلاء الذين يقيمون أكثر من مدة معينة أن يعملوا ليأكلوا\'a1 يكون لهم عمل يتكسبون منه. لذلك نرى بولس الرسول قد عمل كخيام (صانع خيام).

أية 8 :- فَنَحْنُ يَنْبَغِي لَنَا أَنْ نَقْبَلَ أَمْثَالَ هَؤُلاَءِ\'a1 لِكَيْ نَكُونَ عَامِلِينَ مَعَهُمْ بِالْحَقِّ
من يكرم خدام الله يكرم الله.

أيات 9\'a1 10 :- كَتَبْتُ إِلَى الْكَنِيسَةِ\'a1 وَلَكِنَّ دِيُوتْرِيفِسَ - الَّذِي يُحِبُّ أَنْ يَكُونَ الأَّوَلَ بَيْنَهُمْ - لاَ يَقْبَلُنَا. مِنْ أَجْلِ ذَلِكَ إِذَا جِئْتُ فَسَأُذَكِّرُهُ بِأَعْمَالِهِ الَّتِي يَعْمَلُهَا\'a1 هَاذِراً عَلَيْنَا بِأَقْوَالٍ خَبِيثَةٍ. وَإِذْ هُوَ غَيْرُ مُكْتَفٍ بِهَذِهِ\'a1 لاَ يَقْبَلُ الإِخْوَةَ\'a1 وَيَمْنَعُ أَيْضاً الَّذِينَ يُرِيدُونَ\'a1 وَيَطْرُدُهُمْ مِنَ الْكَنِيسَةِ
يبدو أن ديوتريفس هذا كان شخصاً ذو سلطان فى الكنيسة وربما كان هو الأسقف\'a1 إذ هو قادر أن يمنع أشخاصاً من دخول الكنيسة. 
كتبت إلى الكنيسة = كتب يوحنا رسالة إلى الكنيسة يطلب فيها قبول الإخوة الكارزين\'a1 فمنع ديوتريفس وصول الرسالة للكنيسة. يحب أن يكون الأول = خطية الكبرياء هذه تجعل الخادم ينحرف عن خدمته\'a1 ويحدث الإنشقاق فى الكنيسة. لايقبلنا = هو فى كبريائه لا يطيق الحق\'a1 يريد أن يعلم ولا يتعلم. ولا يقبل هؤلاء الإخوة الذين أرسلهم يوحنا ليكرزوا ويعلموا. بل هو طرد هؤلاء الإخوة\'a1 بل طرد الذين قبلوهم فى بيوتهم = الذين يريدون. والرسول يقول سأذكره = أى يساعده على معرفة أخطائه ليخلص نفسه.

أية 11 :- أَيُّهَا الْحَبِيبُ\'a1 لاَ تَتَمَثَّلْ بِالشَّرِّ بَلْ بِالْخَيْرِ\'a1 لأَنَّ مَنْ يَصْنَعُ الْخَيْرَ هُوَ مِنَ اللهِ\'a1 وَمَنْ يَصْنَعُ الشَّرَّ فَلَمْ يُبْصِرِ اللهَ.
لا تتمثل بالشر = بديوتريفس وأعماله. بل بالخير = أى بديمتريوس.
فلم يبصر الله = من يفعل الشر\'a1ويمتلىء قلبه بالعجرفة وحب الذات ينحنى بإرادته للظلمة فلا يقدر أن يبصر الله """" فلا شركة للنور مع الظلمة"""" ( 2كو6: 14). ومن أبصر الله فلقد أبصر النور فالله نور\'a1والنور يضىء له الطريق فيعرف الحق. 
أية 12 :- دِيمِتْرِيُوسُ مَشْهُودٌ لَهُ مِنَ الْجَمِيعِ وَمِنَ الْحَقِّ نَفْسِهِ\'a1 وَنَحْنُ أَيْضاً نَشْهَدُ\'a1 وَأَنْتُمْ تَعْلَمُونَ أَنَّ شَهَادَتَنَا هِيَ صَادِقَةٌ
ومن الحق نفسه = ربما تعنى أن الله يشهد له  فالله هو الحق. أو تعنى من أعماله أى أعمال ديمتريوس\'a1 فأعماله بحسب الحق\'a1وهى تشهد له. 
ونحن أيضاً = أى أن الرسول إختبره بنفسه. 
مشهود له من الجميع = هكذا أولاد الله نورهم ظاهر للجميع. وبهذا يشجع الرسول\'a1 غايس أن يقتدى بديمتريوس ولا يتشبه بديوتريفس.

أية 13 :- وَكَانَ لِي كَثِيرٌ لأَكْتُبَهُ\'a1 لَكِنَّنِي لَسْتُ أُرِيدُ أَنْ أَكْتُبَ إِلَيْكَ بِحِبْرٍ وَقَلَمٍ
 الجسر= كان من السناج الممزوج بماء ومقوى بالصمغ. والقلم = كان من الغاب المشطوف.

اية 14 :- وَلَكِنَّنِي أَرْجُو أَنْ أَرَاكَ عَنْ قَرِيبٍ فَنَتَكَلَّمَ فَماً لِفَمٍ.
تأكيد على أهمية التقليد.

أية 15 :- سَلاَمٌ لَكَ. يُسَلِّمُ عَلَيْكَ الأَحِبَّاءُ. سَلِّمْ عَلَى الأَحِبَّاءِ بِأَسْمَائِهِمْ. 
يسلم عليك الأحباء = ولم يقل الإخوة تأكيداً على المحبة. وهكذا أيضاً سلم على الأحباء."
يوحنا ثالثة,1,32,"الإصحاح الأول
أية 1 :- اَلشَّيْخُ\'a1 إِلَى غَايُسَ الْحَبِيبِ الَّذِي أَنَا أُحِبُّهُ بِالْحَقِّ 
الرسول يحب بالحق أى لأجل المسيح\'a1 وبالمسيح الذى فيه.

أية 2 :- أَيُّهَا الْحَبِيبُ\'a1 فِي كُلِّ شَيْءٍ أَرُومُ أَنْ تَكُونَ نَاجِحاً وَصَحِيحاً\'a1 كَمَا أَنَّ نَفْسَكَ نَاجِحَة
الرسول يتمنى أن يكون غايس صحيحاً جسدياً. كما أنه نفسياً أى روحياً صحيح. ويرى البعض أن معنى كلام الرسول هنا أن صحة غايس كانت ليست على مايرام. والكنيسة تصلى من أجل صحة أولادها (فى أوشية المرضى) كما تصلى للراقدين والمسافرين. وأهم ما تطلبه لأجلهم هو غفران خطاياهم. 
كما أن نفسك ناجحة = النجاح ليس هو النجاح المادى وصحة الجسد. بل نجاح نفسى يتمثل فى الإحساس بالشبع والفرح والرضى والسلام الذى يملأ القلب. كما قال داود """"أحبك يارب يا قوتى"""" ( مز 18). ودانيال ويوسف كانوا ناجحين. وللأسف فهناك أباء يهتمون بنجاح أولادهم مادياً ودراسياً ولا يهتمون بحياتهم الروحية وأن يصرف أولادهم وقتاً مع الله.

أية 3 :- لأَنِّي فَرِحْتُ جِدّاً إِذْ حَضَرَ إِخْوَةٌ وَشَهِدُوا بِالْحَقِّ الَّذِي فِيكَ\'a1 كَمَا أَنَّكَ تَسْلُكُ بِالْحَقِّ
إذاً هو يكتب ليشجعه أن يستمر فى مسلكه. فرحة الخادم هى أن يرى أولاده يسلكون بالحق وبالمحبة وأن إيمانهم سليم. 

أية 4 :- لَيْسَ لِي فَرَحٌ أَعْظَمُ مِنْ هَذَا: أَنْ أَسْمَعَ عَنْ أَوْلاَدِي أَنَّهُمْ يَسْلُكُونَ بِالْحَقِّ
أسمع عن أولادى = هى أبوة يستمدها من الله وفى الله وبه\'a1 فإن صارت العلاقة خارج الرب يسوع ينطبق عليها هذا القول """" لا تدعوا لكم أباً على الأرض ( مت23: 8 - 10) وراجع ( غل4: 19 \'ba  1كو4: 15 \'ba  1تس2: 11).

أيات 5\'a1 6 :- أَيُّهَا الْحَبِيبُ\'a1 أَنْتَ تَفْعَلُ بِالأَمَانَةِ كُلَّ مَا تَصْنَعُهُ إِلَى الإِخْوَةِ وَإِلَى الْغُرَبَاءِ\'a1 الَّذِينَ شَهِدُوا بِمَحَبَّتِكَ أَمَامَ الْكَنِيسَةِ. الَّذِينَ تَفْعَلُ حَسَناً إِذَا شَيَّعْتَهُمْ كَمَا يَحِقُّ للهِ\'a1
الغرباء = الذين لم يعرفهم غايس قبلاً. الإخوة = هم الذين سبق وعرفهم غايس من قبل. كما يحق لله = الله هو القياس وليس خدامه.

أية 7 :- لأَنَّهُمْ مِنْ أَجْلِ اسْمِهِ خَرَجُوا وَهُمْ لاَ يَأْخُذُونَ شَيْئاً مِنَ الأُمَمِ
واضح أن هؤلاء الإخوة الغرباء خرجوا ليكرزوا للأمم\'a1ويريدون أن تكون خدمتهم مجانية\'a1أى بلا مقابل يأخذونه من الأمم. وغايس أتاح لهم هذا بأن تكفل بإحتياجاتهم المادية.

كان هناك نوعان من الخدام فى الكنيسة الأولى :- 
1.خدام محليين ثابتين مستقرين وهؤلاء يسكنون فى بيوتهم.
2.خدام طوافين ينتقلون من مكان إلى مكان. وهؤلاء لا يمكن لهم أن يستعملوا الفنادق لسمعتها السيئة\'a1 إذاً كانوا محتاجين لمن يستضيفهم (كملاكى لوط). لذلك وجدت وصية """"لا تنسوا إضافة الغرباء"""" ( عب2:13). فكان هذا إحتياج الكنيسة فى تلك الأيام. وكانت تلك الإستضافة تشمل (الطعام والنوم). فهؤلاء الخدام لا يخدمون لربح مادى. ولقد إشترطت الكنيسة على هؤلاء الذين يقيمون أكثر من مدة معينة أن يعملوا ليأكلوا\'a1 يكون لهم عمل يتكسبون منه. لذلك نرى بولس الرسول قد عمل كخيام (صانع خيام).

أية 8 :- فَنَحْنُ يَنْبَغِي لَنَا أَنْ نَقْبَلَ أَمْثَالَ هَؤُلاَءِ\'a1 لِكَيْ نَكُونَ عَامِلِينَ مَعَهُمْ بِالْحَقِّ
من يكرم خدام الله يكرم الله.

أيات 9\'a1 10 :- كَتَبْتُ إِلَى الْكَنِيسَةِ\'a1 وَلَكِنَّ دِيُوتْرِيفِسَ - الَّذِي يُحِبُّ أَنْ يَكُونَ الأَّوَلَ بَيْنَهُمْ - لاَ يَقْبَلُنَا. مِنْ أَجْلِ ذَلِكَ إِذَا جِئْتُ فَسَأُذَكِّرُهُ بِأَعْمَالِهِ الَّتِي يَعْمَلُهَا\'a1 هَاذِراً عَلَيْنَا بِأَقْوَالٍ خَبِيثَةٍ. وَإِذْ هُوَ غَيْرُ مُكْتَفٍ بِهَذِهِ\'a1 لاَ يَقْبَلُ الإِخْوَةَ\'a1 وَيَمْنَعُ أَيْضاً الَّذِينَ يُرِيدُونَ\'a1 وَيَطْرُدُهُمْ مِنَ الْكَنِيسَةِ
يبدو أن ديوتريفس هذا كان شخصاً ذو سلطان فى الكنيسة وربما كان هو الأسقف\'a1 إذ هو قادر أن يمنع أشخاصاً من دخول الكنيسة. 
كتبت إلى الكنيسة = كتب يوحنا رسالة إلى الكنيسة يطلب فيها قبول الإخوة الكارزين\'a1 فمنع ديوتريفس وصول الرسالة للكنيسة. يحب أن يكون الأول = خطية الكبرياء هذه تجعل الخادم ينحرف عن خدمته\'a1 ويحدث الإنشقاق فى الكنيسة. لايقبلنا = هو فى كبريائه لا يطيق الحق\'a1 يريد أن يعلم ولا يتعلم. ولا يقبل هؤلاء الإخوة الذين أرسلهم يوحنا ليكرزوا ويعلموا. بل هو طرد هؤلاء الإخوة\'a1 بل طرد الذين قبلوهم فى بيوتهم = الذين يريدون. والرسول يقول سأذكره = أى يساعده على معرفة أخطائه ليخلص نفسه.

أية 11 :- أَيُّهَا الْحَبِيبُ\'a1 لاَ تَتَمَثَّلْ بِالشَّرِّ بَلْ بِالْخَيْرِ\'a1 لأَنَّ مَنْ يَصْنَعُ الْخَيْرَ هُوَ مِنَ اللهِ\'a1 وَمَنْ يَصْنَعُ الشَّرَّ فَلَمْ يُبْصِرِ اللهَ.
لا تتمثل بالشر = بديوتريفس وأعماله. بل بالخير = أى بديمتريوس.
فلم يبصر الله = من يفعل الشر\'a1ويمتلىء قلبه بالعجرفة وحب الذات ينحنى بإرادته للظلمة فلا يقدر أن يبصر الله """" فلا شركة للنور مع الظلمة"""" ( 2كو6: 14). ومن أبصر الله فلقد أبصر النور فالله نور\'a1والنور يضىء له الطريق فيعرف الحق. 
أية 12 :- دِيمِتْرِيُوسُ مَشْهُودٌ لَهُ مِنَ الْجَمِيعِ وَمِنَ الْحَقِّ نَفْسِهِ\'a1 وَنَحْنُ أَيْضاً نَشْهَدُ\'a1 وَأَنْتُمْ تَعْلَمُونَ أَنَّ شَهَادَتَنَا هِيَ صَادِقَةٌ
ومن الحق نفسه = ربما تعنى أن الله يشهد له  فالله هو الحق. أو تعنى من أعماله أى أعمال ديمتريوس\'a1 فأعماله بحسب الحق\'a1وهى تشهد له. 
ونحن أيضاً = أى أن الرسول إختبره بنفسه. 
مشهود له من الجميع = هكذا أولاد الله نورهم ظاهر للجميع. وبهذا يشجع الرسول\'a1 غايس أن يقتدى بديمتريوس ولا يتشبه بديوتريفس.

أية 13 :- وَكَانَ لِي كَثِيرٌ لأَكْتُبَهُ\'a1 لَكِنَّنِي لَسْتُ أُرِيدُ أَنْ أَكْتُبَ إِلَيْكَ بِحِبْرٍ وَقَلَمٍ
 الجسر= كان من السناج الممزوج بماء ومقوى بالصمغ. والقلم = كان من الغاب المشطوف.

اية 14 :- وَلَكِنَّنِي أَرْجُو أَنْ أَرَاكَ عَنْ قَرِيبٍ فَنَتَكَلَّمَ فَماً لِفَمٍ.
تأكيد على أهمية التقليد.

أية 15 :- سَلاَمٌ لَكَ. يُسَلِّمُ عَلَيْكَ الأَحِبَّاءُ. سَلِّمْ عَلَى الأَحِبَّاءِ بِأَسْمَائِهِمْ. 
يسلم عليك الأحباء = ولم يقل الإخوة تأكيداً على المحبة. وهكذا أيضاً سلم على الأحباء."
يوحنا ثالثة,1,33,"الإصحاح الأول
أية 1 :- اَلشَّيْخُ\'a1 إِلَى غَايُسَ الْحَبِيبِ الَّذِي أَنَا أُحِبُّهُ بِالْحَقِّ 
الرسول يحب بالحق أى لأجل المسيح\'a1 وبالمسيح الذى فيه.

أية 2 :- أَيُّهَا الْحَبِيبُ\'a1 فِي كُلِّ شَيْءٍ أَرُومُ أَنْ تَكُونَ نَاجِحاً وَصَحِيحاً\'a1 كَمَا أَنَّ نَفْسَكَ نَاجِحَة
الرسول يتمنى أن يكون غايس صحيحاً جسدياً. كما أنه نفسياً أى روحياً صحيح. ويرى البعض أن معنى كلام الرسول هنا أن صحة غايس كانت ليست على مايرام. والكنيسة تصلى من أجل صحة أولادها (فى أوشية المرضى) كما تصلى للراقدين والمسافرين. وأهم ما تطلبه لأجلهم هو غفران خطاياهم. 
كما أن نفسك ناجحة = النجاح ليس هو النجاح المادى وصحة الجسد. بل نجاح نفسى يتمثل فى الإحساس بالشبع والفرح والرضى والسلام الذى يملأ القلب. كما قال داود """"أحبك يارب يا قوتى"""" ( مز 18). ودانيال ويوسف كانوا ناجحين. وللأسف فهناك أباء يهتمون بنجاح أولادهم مادياً ودراسياً ولا يهتمون بحياتهم الروحية وأن يصرف أولادهم وقتاً مع الله.

أية 3 :- لأَنِّي فَرِحْتُ جِدّاً إِذْ حَضَرَ إِخْوَةٌ وَشَهِدُوا بِالْحَقِّ الَّذِي فِيكَ\'a1 كَمَا أَنَّكَ تَسْلُكُ بِالْحَقِّ
إذاً هو يكتب ليشجعه أن يستمر فى مسلكه. فرحة الخادم هى أن يرى أولاده يسلكون بالحق وبالمحبة وأن إيمانهم سليم. 

أية 4 :- لَيْسَ لِي فَرَحٌ أَعْظَمُ مِنْ هَذَا: أَنْ أَسْمَعَ عَنْ أَوْلاَدِي أَنَّهُمْ يَسْلُكُونَ بِالْحَقِّ
أسمع عن أولادى = هى أبوة يستمدها من الله وفى الله وبه\'a1 فإن صارت العلاقة خارج الرب يسوع ينطبق عليها هذا القول """" لا تدعوا لكم أباً على الأرض ( مت23: 8 - 10) وراجع ( غل4: 19 \'ba  1كو4: 15 \'ba  1تس2: 11).

أيات 5\'a1 6 :- أَيُّهَا الْحَبِيبُ\'a1 أَنْتَ تَفْعَلُ بِالأَمَانَةِ كُلَّ مَا تَصْنَعُهُ إِلَى الإِخْوَةِ وَإِلَى الْغُرَبَاءِ\'a1 الَّذِينَ شَهِدُوا بِمَحَبَّتِكَ أَمَامَ الْكَنِيسَةِ. الَّذِينَ تَفْعَلُ حَسَناً إِذَا شَيَّعْتَهُمْ كَمَا يَحِقُّ للهِ\'a1
الغرباء = الذين لم يعرفهم غايس قبلاً. الإخوة = هم الذين سبق وعرفهم غايس من قبل. كما يحق لله = الله هو القياس وليس خدامه.

أية 7 :- لأَنَّهُمْ مِنْ أَجْلِ اسْمِهِ خَرَجُوا وَهُمْ لاَ يَأْخُذُونَ شَيْئاً مِنَ الأُمَمِ
واضح أن هؤلاء الإخوة الغرباء خرجوا ليكرزوا للأمم\'a1ويريدون أن تكون خدمتهم مجانية\'a1أى بلا مقابل يأخذونه من الأمم. وغايس أتاح لهم هذا بأن تكفل بإحتياجاتهم المادية.

كان هناك نوعان من الخدام فى الكنيسة الأولى :- 
1.خدام محليين ثابتين مستقرين وهؤلاء يسكنون فى بيوتهم.
2.خدام طوافين ينتقلون من مكان إلى مكان. وهؤلاء لا يمكن لهم أن يستعملوا الفنادق لسمعتها السيئة\'a1 إذاً كانوا محتاجين لمن يستضيفهم (كملاكى لوط). لذلك وجدت وصية """"لا تنسوا إضافة الغرباء"""" ( عب2:13). فكان هذا إحتياج الكنيسة فى تلك الأيام. وكانت تلك الإستضافة تشمل (الطعام والنوم). فهؤلاء الخدام لا يخدمون لربح مادى. ولقد إشترطت الكنيسة على هؤلاء الذين يقيمون أكثر من مدة معينة أن يعملوا ليأكلوا\'a1 يكون لهم عمل يتكسبون منه. لذلك نرى بولس الرسول قد عمل كخيام (صانع خيام).

أية 8 :- فَنَحْنُ يَنْبَغِي لَنَا أَنْ نَقْبَلَ أَمْثَالَ هَؤُلاَءِ\'a1 لِكَيْ نَكُونَ عَامِلِينَ مَعَهُمْ بِالْحَقِّ
من يكرم خدام الله يكرم الله.

أيات 9\'a1 10 :- كَتَبْتُ إِلَى الْكَنِيسَةِ\'a1 وَلَكِنَّ دِيُوتْرِيفِسَ - الَّذِي يُحِبُّ أَنْ يَكُونَ الأَّوَلَ بَيْنَهُمْ - لاَ يَقْبَلُنَا. مِنْ أَجْلِ ذَلِكَ إِذَا جِئْتُ فَسَأُذَكِّرُهُ بِأَعْمَالِهِ الَّتِي يَعْمَلُهَا\'a1 هَاذِراً عَلَيْنَا بِأَقْوَالٍ خَبِيثَةٍ. وَإِذْ هُوَ غَيْرُ مُكْتَفٍ بِهَذِهِ\'a1 لاَ يَقْبَلُ الإِخْوَةَ\'a1 وَيَمْنَعُ أَيْضاً الَّذِينَ يُرِيدُونَ\'a1 وَيَطْرُدُهُمْ مِنَ الْكَنِيسَةِ
يبدو أن ديوتريفس هذا كان شخصاً ذو سلطان فى الكنيسة وربما كان هو الأسقف\'a1 إذ هو قادر أن يمنع أشخاصاً من دخول الكنيسة. 
كتبت إلى الكنيسة = كتب يوحنا رسالة إلى الكنيسة يطلب فيها قبول الإخوة الكارزين\'a1 فمنع ديوتريفس وصول الرسالة للكنيسة. يحب أن يكون الأول = خطية الكبرياء هذه تجعل الخادم ينحرف عن خدمته\'a1 ويحدث الإنشقاق فى الكنيسة. لايقبلنا = هو فى كبريائه لا يطيق الحق\'a1 يريد أن يعلم ولا يتعلم. ولا يقبل هؤلاء الإخوة الذين أرسلهم يوحنا ليكرزوا ويعلموا. بل هو طرد هؤلاء الإخوة\'a1 بل طرد الذين قبلوهم فى بيوتهم = الذين يريدون. والرسول يقول سأذكره = أى يساعده على معرفة أخطائه ليخلص نفسه.

أية 11 :- أَيُّهَا الْحَبِيبُ\'a1 لاَ تَتَمَثَّلْ بِالشَّرِّ بَلْ بِالْخَيْرِ\'a1 لأَنَّ مَنْ يَصْنَعُ الْخَيْرَ هُوَ مِنَ اللهِ\'a1 وَمَنْ يَصْنَعُ الشَّرَّ فَلَمْ يُبْصِرِ اللهَ.
لا تتمثل بالشر = بديوتريفس وأعماله. بل بالخير = أى بديمتريوس.
فلم يبصر الله = من يفعل الشر\'a1ويمتلىء قلبه بالعجرفة وحب الذات ينحنى بإرادته للظلمة فلا يقدر أن يبصر الله """" فلا شركة للنور مع الظلمة"""" ( 2كو6: 14). ومن أبصر الله فلقد أبصر النور فالله نور\'a1والنور يضىء له الطريق فيعرف الحق. 
أية 12 :- دِيمِتْرِيُوسُ مَشْهُودٌ لَهُ مِنَ الْجَمِيعِ وَمِنَ الْحَقِّ نَفْسِهِ\'a1 وَنَحْنُ أَيْضاً نَشْهَدُ\'a1 وَأَنْتُمْ تَعْلَمُونَ أَنَّ شَهَادَتَنَا هِيَ صَادِقَةٌ
ومن الحق نفسه = ربما تعنى أن الله يشهد له  فالله هو الحق. أو تعنى من أعماله أى أعمال ديمتريوس\'a1 فأعماله بحسب الحق\'a1وهى تشهد له. 
ونحن أيضاً = أى أن الرسول إختبره بنفسه. 
مشهود له من الجميع = هكذا أولاد الله نورهم ظاهر للجميع. وبهذا يشجع الرسول\'a1 غايس أن يقتدى بديمتريوس ولا يتشبه بديوتريفس.

أية 13 :- وَكَانَ لِي كَثِيرٌ لأَكْتُبَهُ\'a1 لَكِنَّنِي لَسْتُ أُرِيدُ أَنْ أَكْتُبَ إِلَيْكَ بِحِبْرٍ وَقَلَمٍ
 الجسر= كان من السناج الممزوج بماء ومقوى بالصمغ. والقلم = كان من الغاب المشطوف.

اية 14 :- وَلَكِنَّنِي أَرْجُو أَنْ أَرَاكَ عَنْ قَرِيبٍ فَنَتَكَلَّمَ فَماً لِفَمٍ.
تأكيد على أهمية التقليد.

أية 15 :- سَلاَمٌ لَكَ. يُسَلِّمُ عَلَيْكَ الأَحِبَّاءُ. سَلِّمْ عَلَى الأَحِبَّاءِ بِأَسْمَائِهِمْ. 
يسلم عليك الأحباء = ولم يقل الإخوة تأكيداً على المحبة. وهكذا أيضاً سلم على الأحباء."
يوحنا ثالثة,1,34,"الإصحاح الأول
أية 1 :- اَلشَّيْخُ\'a1 إِلَى غَايُسَ الْحَبِيبِ الَّذِي أَنَا أُحِبُّهُ بِالْحَقِّ 
الرسول يحب بالحق أى لأجل المسيح\'a1 وبالمسيح الذى فيه.

أية 2 :- أَيُّهَا الْحَبِيبُ\'a1 فِي كُلِّ شَيْءٍ أَرُومُ أَنْ تَكُونَ نَاجِحاً وَصَحِيحاً\'a1 كَمَا أَنَّ نَفْسَكَ نَاجِحَة
الرسول يتمنى أن يكون غايس صحيحاً جسدياً. كما أنه نفسياً أى روحياً صحيح. ويرى البعض أن معنى كلام الرسول هنا أن صحة غايس كانت ليست على مايرام. والكنيسة تصلى من أجل صحة أولادها (فى أوشية المرضى) كما تصلى للراقدين والمسافرين. وأهم ما تطلبه لأجلهم هو غفران خطاياهم. 
كما أن نفسك ناجحة = النجاح ليس هو النجاح المادى وصحة الجسد. بل نجاح نفسى يتمثل فى الإحساس بالشبع والفرح والرضى والسلام الذى يملأ القلب. كما قال داود """"أحبك يارب يا قوتى"""" ( مز 18). ودانيال ويوسف كانوا ناجحين. وللأسف فهناك أباء يهتمون بنجاح أولادهم مادياً ودراسياً ولا يهتمون بحياتهم الروحية وأن يصرف أولادهم وقتاً مع الله.

أية 3 :- لأَنِّي فَرِحْتُ جِدّاً إِذْ حَضَرَ إِخْوَةٌ وَشَهِدُوا بِالْحَقِّ الَّذِي فِيكَ\'a1 كَمَا أَنَّكَ تَسْلُكُ بِالْحَقِّ
إذاً هو يكتب ليشجعه أن يستمر فى مسلكه. فرحة الخادم هى أن يرى أولاده يسلكون بالحق وبالمحبة وأن إيمانهم سليم. 

أية 4 :- لَيْسَ لِي فَرَحٌ أَعْظَمُ مِنْ هَذَا: أَنْ أَسْمَعَ عَنْ أَوْلاَدِي أَنَّهُمْ يَسْلُكُونَ بِالْحَقِّ
أسمع عن أولادى = هى أبوة يستمدها من الله وفى الله وبه\'a1 فإن صارت العلاقة خارج الرب يسوع ينطبق عليها هذا القول """" لا تدعوا لكم أباً على الأرض ( مت23: 8 - 10) وراجع ( غل4: 19 \'ba  1كو4: 15 \'ba  1تس2: 11).

أيات 5\'a1 6 :- أَيُّهَا الْحَبِيبُ\'a1 أَنْتَ تَفْعَلُ بِالأَمَانَةِ كُلَّ مَا تَصْنَعُهُ إِلَى الإِخْوَةِ وَإِلَى الْغُرَبَاءِ\'a1 الَّذِينَ شَهِدُوا بِمَحَبَّتِكَ أَمَامَ الْكَنِيسَةِ. الَّذِينَ تَفْعَلُ حَسَناً إِذَا شَيَّعْتَهُمْ كَمَا يَحِقُّ للهِ\'a1
الغرباء = الذين لم يعرفهم غايس قبلاً. الإخوة = هم الذين سبق وعرفهم غايس من قبل. كما يحق لله = الله هو القياس وليس خدامه.

أية 7 :- لأَنَّهُمْ مِنْ أَجْلِ اسْمِهِ خَرَجُوا وَهُمْ لاَ يَأْخُذُونَ شَيْئاً مِنَ الأُمَمِ
واضح أن هؤلاء الإخوة الغرباء خرجوا ليكرزوا للأمم\'a1ويريدون أن تكون خدمتهم مجانية\'a1أى بلا مقابل يأخذونه من الأمم. وغايس أتاح لهم هذا بأن تكفل بإحتياجاتهم المادية.

كان هناك نوعان من الخدام فى الكنيسة الأولى :- 
1.خدام محليين ثابتين مستقرين وهؤلاء يسكنون فى بيوتهم.
2.خدام طوافين ينتقلون من مكان إلى مكان. وهؤلاء لا يمكن لهم أن يستعملوا الفنادق لسمعتها السيئة\'a1 إذاً كانوا محتاجين لمن يستضيفهم (كملاكى لوط). لذلك وجدت وصية """"لا تنسوا إضافة الغرباء"""" ( عب2:13). فكان هذا إحتياج الكنيسة فى تلك الأيام. وكانت تلك الإستضافة تشمل (الطعام والنوم). فهؤلاء الخدام لا يخدمون لربح مادى. ولقد إشترطت الكنيسة على هؤلاء الذين يقيمون أكثر من مدة معينة أن يعملوا ليأكلوا\'a1 يكون لهم عمل يتكسبون منه. لذلك نرى بولس الرسول قد عمل كخيام (صانع خيام).

أية 8 :- فَنَحْنُ يَنْبَغِي لَنَا أَنْ نَقْبَلَ أَمْثَالَ هَؤُلاَءِ\'a1 لِكَيْ نَكُونَ عَامِلِينَ مَعَهُمْ بِالْحَقِّ
من يكرم خدام الله يكرم الله.

أيات 9\'a1 10 :- كَتَبْتُ إِلَى الْكَنِيسَةِ\'a1 وَلَكِنَّ دِيُوتْرِيفِسَ - الَّذِي يُحِبُّ أَنْ يَكُونَ الأَّوَلَ بَيْنَهُمْ - لاَ يَقْبَلُنَا. مِنْ أَجْلِ ذَلِكَ إِذَا جِئْتُ فَسَأُذَكِّرُهُ بِأَعْمَالِهِ الَّتِي يَعْمَلُهَا\'a1 هَاذِراً عَلَيْنَا بِأَقْوَالٍ خَبِيثَةٍ. وَإِذْ هُوَ غَيْرُ مُكْتَفٍ بِهَذِهِ\'a1 لاَ يَقْبَلُ الإِخْوَةَ\'a1 وَيَمْنَعُ أَيْضاً الَّذِينَ يُرِيدُونَ\'a1 وَيَطْرُدُهُمْ مِنَ الْكَنِيسَةِ
يبدو أن ديوتريفس هذا كان شخصاً ذو سلطان فى الكنيسة وربما كان هو الأسقف\'a1 إذ هو قادر أن يمنع أشخاصاً من دخول الكنيسة. 
كتبت إلى الكنيسة = كتب يوحنا رسالة إلى الكنيسة يطلب فيها قبول الإخوة الكارزين\'a1 فمنع ديوتريفس وصول الرسالة للكنيسة. يحب أن يكون الأول = خطية الكبرياء هذه تجعل الخادم ينحرف عن خدمته\'a1 ويحدث الإنشقاق فى الكنيسة. لايقبلنا = هو فى كبريائه لا يطيق الحق\'a1 يريد أن يعلم ولا يتعلم. ولا يقبل هؤلاء الإخوة الذين أرسلهم يوحنا ليكرزوا ويعلموا. بل هو طرد هؤلاء الإخوة\'a1 بل طرد الذين قبلوهم فى بيوتهم = الذين يريدون. والرسول يقول سأذكره = أى يساعده على معرفة أخطائه ليخلص نفسه.

أية 11 :- أَيُّهَا الْحَبِيبُ\'a1 لاَ تَتَمَثَّلْ بِالشَّرِّ بَلْ بِالْخَيْرِ\'a1 لأَنَّ مَنْ يَصْنَعُ الْخَيْرَ هُوَ مِنَ اللهِ\'a1 وَمَنْ يَصْنَعُ الشَّرَّ فَلَمْ يُبْصِرِ اللهَ.
لا تتمثل بالشر = بديوتريفس وأعماله. بل بالخير = أى بديمتريوس.
فلم يبصر الله = من يفعل الشر\'a1ويمتلىء قلبه بالعجرفة وحب الذات ينحنى بإرادته للظلمة فلا يقدر أن يبصر الله """" فلا شركة للنور مع الظلمة"""" ( 2كو6: 14). ومن أبصر الله فلقد أبصر النور فالله نور\'a1والنور يضىء له الطريق فيعرف الحق. 
أية 12 :- دِيمِتْرِيُوسُ مَشْهُودٌ لَهُ مِنَ الْجَمِيعِ وَمِنَ الْحَقِّ نَفْسِهِ\'a1 وَنَحْنُ أَيْضاً نَشْهَدُ\'a1 وَأَنْتُمْ تَعْلَمُونَ أَنَّ شَهَادَتَنَا هِيَ صَادِقَةٌ
ومن الحق نفسه = ربما تعنى أن الله يشهد له  فالله هو الحق. أو تعنى من أعماله أى أعمال ديمتريوس\'a1 فأعماله بحسب الحق\'a1وهى تشهد له. 
ونحن أيضاً = أى أن الرسول إختبره بنفسه. 
مشهود له من الجميع = هكذا أولاد الله نورهم ظاهر للجميع. وبهذا يشجع الرسول\'a1 غايس أن يقتدى بديمتريوس ولا يتشبه بديوتريفس.

أية 13 :- وَكَانَ لِي كَثِيرٌ لأَكْتُبَهُ\'a1 لَكِنَّنِي لَسْتُ أُرِيدُ أَنْ أَكْتُبَ إِلَيْكَ بِحِبْرٍ وَقَلَمٍ
 الجسر= كان من السناج الممزوج بماء ومقوى بالصمغ. والقلم = كان من الغاب المشطوف.

اية 14 :- وَلَكِنَّنِي أَرْجُو أَنْ أَرَاكَ عَنْ قَرِيبٍ فَنَتَكَلَّمَ فَماً لِفَمٍ.
تأكيد على أهمية التقليد.

أية 15 :- سَلاَمٌ لَكَ. يُسَلِّمُ عَلَيْكَ الأَحِبَّاءُ. سَلِّمْ عَلَى الأَحِبَّاءِ بِأَسْمَائِهِمْ. 
يسلم عليك الأحباء = ولم يقل الإخوة تأكيداً على المحبة. وهكذا أيضاً سلم على الأحباء."
يوحنا ثالثة,1,35,"الإصحاح الأول
أية 1 :- اَلشَّيْخُ\'a1 إِلَى غَايُسَ الْحَبِيبِ الَّذِي أَنَا أُحِبُّهُ بِالْحَقِّ 
الرسول يحب بالحق أى لأجل المسيح\'a1 وبالمسيح الذى فيه.

أية 2 :- أَيُّهَا الْحَبِيبُ\'a1 فِي كُلِّ شَيْءٍ أَرُومُ أَنْ تَكُونَ نَاجِحاً وَصَحِيحاً\'a1 كَمَا أَنَّ نَفْسَكَ نَاجِحَة
الرسول يتمنى أن يكون غايس صحيحاً جسدياً. كما أنه نفسياً أى روحياً صحيح. ويرى البعض أن معنى كلام الرسول هنا أن صحة غايس كانت ليست على مايرام. والكنيسة تصلى من أجل صحة أولادها (فى أوشية المرضى) كما تصلى للراقدين والمسافرين. وأهم ما تطلبه لأجلهم هو غفران خطاياهم. 
كما أن نفسك ناجحة = النجاح ليس هو النجاح المادى وصحة الجسد. بل نجاح نفسى يتمثل فى الإحساس بالشبع والفرح والرضى والسلام الذى يملأ القلب. كما قال داود """"أحبك يارب يا قوتى"""" ( مز 18). ودانيال ويوسف كانوا ناجحين. وللأسف فهناك أباء يهتمون بنجاح أولادهم مادياً ودراسياً ولا يهتمون بحياتهم الروحية وأن يصرف أولادهم وقتاً مع الله.

أية 3 :- لأَنِّي فَرِحْتُ جِدّاً إِذْ حَضَرَ إِخْوَةٌ وَشَهِدُوا بِالْحَقِّ الَّذِي فِيكَ\'a1 كَمَا أَنَّكَ تَسْلُكُ بِالْحَقِّ
إذاً هو يكتب ليشجعه أن يستمر فى مسلكه. فرحة الخادم هى أن يرى أولاده يسلكون بالحق وبالمحبة وأن إيمانهم سليم. 

أية 4 :- لَيْسَ لِي فَرَحٌ أَعْظَمُ مِنْ هَذَا: أَنْ أَسْمَعَ عَنْ أَوْلاَدِي أَنَّهُمْ يَسْلُكُونَ بِالْحَقِّ
أسمع عن أولادى = هى أبوة يستمدها من الله وفى الله وبه\'a1 فإن صارت العلاقة خارج الرب يسوع ينطبق عليها هذا القول """" لا تدعوا لكم أباً على الأرض ( مت23: 8 - 10) وراجع ( غل4: 19 \'ba  1كو4: 15 \'ba  1تس2: 11).

أيات 5\'a1 6 :- أَيُّهَا الْحَبِيبُ\'a1 أَنْتَ تَفْعَلُ بِالأَمَانَةِ كُلَّ مَا تَصْنَعُهُ إِلَى الإِخْوَةِ وَإِلَى الْغُرَبَاءِ\'a1 الَّذِينَ شَهِدُوا بِمَحَبَّتِكَ أَمَامَ الْكَنِيسَةِ. الَّذِينَ تَفْعَلُ حَسَناً إِذَا شَيَّعْتَهُمْ كَمَا يَحِقُّ للهِ\'a1
الغرباء = الذين لم يعرفهم غايس قبلاً. الإخوة = هم الذين سبق وعرفهم غايس من قبل. كما يحق لله = الله هو القياس وليس خدامه.

أية 7 :- لأَنَّهُمْ مِنْ أَجْلِ اسْمِهِ خَرَجُوا وَهُمْ لاَ يَأْخُذُونَ شَيْئاً مِنَ الأُمَمِ
واضح أن هؤلاء الإخوة الغرباء خرجوا ليكرزوا للأمم\'a1ويريدون أن تكون خدمتهم مجانية\'a1أى بلا مقابل يأخذونه من الأمم. وغايس أتاح لهم هذا بأن تكفل بإحتياجاتهم المادية.

كان هناك نوعان من الخدام فى الكنيسة الأولى :- 
1.خدام محليين ثابتين مستقرين وهؤلاء يسكنون فى بيوتهم.
2.خدام طوافين ينتقلون من مكان إلى مكان. وهؤلاء لا يمكن لهم أن يستعملوا الفنادق لسمعتها السيئة\'a1 إذاً كانوا محتاجين لمن يستضيفهم (كملاكى لوط). لذلك وجدت وصية """"لا تنسوا إضافة الغرباء"""" ( عب2:13). فكان هذا إحتياج الكنيسة فى تلك الأيام. وكانت تلك الإستضافة تشمل (الطعام والنوم). فهؤلاء الخدام لا يخدمون لربح مادى. ولقد إشترطت الكنيسة على هؤلاء الذين يقيمون أكثر من مدة معينة أن يعملوا ليأكلوا\'a1 يكون لهم عمل يتكسبون منه. لذلك نرى بولس الرسول قد عمل كخيام (صانع خيام).

أية 8 :- فَنَحْنُ يَنْبَغِي لَنَا أَنْ نَقْبَلَ أَمْثَالَ هَؤُلاَءِ\'a1 لِكَيْ نَكُونَ عَامِلِينَ مَعَهُمْ بِالْحَقِّ
من يكرم خدام الله يكرم الله.

أيات 9\'a1 10 :- كَتَبْتُ إِلَى الْكَنِيسَةِ\'a1 وَلَكِنَّ دِيُوتْرِيفِسَ - الَّذِي يُحِبُّ أَنْ يَكُونَ الأَّوَلَ بَيْنَهُمْ - لاَ يَقْبَلُنَا. مِنْ أَجْلِ ذَلِكَ إِذَا جِئْتُ فَسَأُذَكِّرُهُ بِأَعْمَالِهِ الَّتِي يَعْمَلُهَا\'a1 هَاذِراً عَلَيْنَا بِأَقْوَالٍ خَبِيثَةٍ. وَإِذْ هُوَ غَيْرُ مُكْتَفٍ بِهَذِهِ\'a1 لاَ يَقْبَلُ الإِخْوَةَ\'a1 وَيَمْنَعُ أَيْضاً الَّذِينَ يُرِيدُونَ\'a1 وَيَطْرُدُهُمْ مِنَ الْكَنِيسَةِ
يبدو أن ديوتريفس هذا كان شخصاً ذو سلطان فى الكنيسة وربما كان هو الأسقف\'a1 إذ هو قادر أن يمنع أشخاصاً من دخول الكنيسة. 
كتبت إلى الكنيسة = كتب يوحنا رسالة إلى الكنيسة يطلب فيها قبول الإخوة الكارزين\'a1 فمنع ديوتريفس وصول الرسالة للكنيسة. يحب أن يكون الأول = خطية الكبرياء هذه تجعل الخادم ينحرف عن خدمته\'a1 ويحدث الإنشقاق فى الكنيسة. لايقبلنا = هو فى كبريائه لا يطيق الحق\'a1 يريد أن يعلم ولا يتعلم. ولا يقبل هؤلاء الإخوة الذين أرسلهم يوحنا ليكرزوا ويعلموا. بل هو طرد هؤلاء الإخوة\'a1 بل طرد الذين قبلوهم فى بيوتهم = الذين يريدون. والرسول يقول سأذكره = أى يساعده على معرفة أخطائه ليخلص نفسه.

أية 11 :- أَيُّهَا الْحَبِيبُ\'a1 لاَ تَتَمَثَّلْ بِالشَّرِّ بَلْ بِالْخَيْرِ\'a1 لأَنَّ مَنْ يَصْنَعُ الْخَيْرَ هُوَ مِنَ اللهِ\'a1 وَمَنْ يَصْنَعُ الشَّرَّ فَلَمْ يُبْصِرِ اللهَ.
لا تتمثل بالشر = بديوتريفس وأعماله. بل بالخير = أى بديمتريوس.
فلم يبصر الله = من يفعل الشر\'a1ويمتلىء قلبه بالعجرفة وحب الذات ينحنى بإرادته للظلمة فلا يقدر أن يبصر الله """" فلا شركة للنور مع الظلمة"""" ( 2كو6: 14). ومن أبصر الله فلقد أبصر النور فالله نور\'a1والنور يضىء له الطريق فيعرف الحق. 
أية 12 :- دِيمِتْرِيُوسُ مَشْهُودٌ لَهُ مِنَ الْجَمِيعِ وَمِنَ الْحَقِّ نَفْسِهِ\'a1 وَنَحْنُ أَيْضاً نَشْهَدُ\'a1 وَأَنْتُمْ تَعْلَمُونَ أَنَّ شَهَادَتَنَا هِيَ صَادِقَةٌ
ومن الحق نفسه = ربما تعنى أن الله يشهد له  فالله هو الحق. أو تعنى من أعماله أى أعمال ديمتريوس\'a1 فأعماله بحسب الحق\'a1وهى تشهد له. 
ونحن أيضاً = أى أن الرسول إختبره بنفسه. 
مشهود له من الجميع = هكذا أولاد الله نورهم ظاهر للجميع. وبهذا يشجع الرسول\'a1 غايس أن يقتدى بديمتريوس ولا يتشبه بديوتريفس.

أية 13 :- وَكَانَ لِي كَثِيرٌ لأَكْتُبَهُ\'a1 لَكِنَّنِي لَسْتُ أُرِيدُ أَنْ أَكْتُبَ إِلَيْكَ بِحِبْرٍ وَقَلَمٍ
 الجسر= كان من السناج الممزوج بماء ومقوى بالصمغ. والقلم = كان من الغاب المشطوف.

اية 14 :- وَلَكِنَّنِي أَرْجُو أَنْ أَرَاكَ عَنْ قَرِيبٍ فَنَتَكَلَّمَ فَماً لِفَمٍ.
تأكيد على أهمية التقليد.

أية 15 :- سَلاَمٌ لَكَ. يُسَلِّمُ عَلَيْكَ الأَحِبَّاءُ. سَلِّمْ عَلَى الأَحِبَّاءِ بِأَسْمَائِهِمْ. 
يسلم عليك الأحباء = ولم يقل الإخوة تأكيداً على المحبة. وهكذا أيضاً سلم على الأحباء."
يوحنا ثالثة,1,36,"الإصحاح الأول
أية 1 :- اَلشَّيْخُ\'a1 إِلَى غَايُسَ الْحَبِيبِ الَّذِي أَنَا أُحِبُّهُ بِالْحَقِّ 
الرسول يحب بالحق أى لأجل المسيح\'a1 وبالمسيح الذى فيه.

أية 2 :- أَيُّهَا الْحَبِيبُ\'a1 فِي كُلِّ شَيْءٍ أَرُومُ أَنْ تَكُونَ نَاجِحاً وَصَحِيحاً\'a1 كَمَا أَنَّ نَفْسَكَ نَاجِحَة
الرسول يتمنى أن يكون غايس صحيحاً جسدياً. كما أنه نفسياً أى روحياً صحيح. ويرى البعض أن معنى كلام الرسول هنا أن صحة غايس كانت ليست على مايرام. والكنيسة تصلى من أجل صحة أولادها (فى أوشية المرضى) كما تصلى للراقدين والمسافرين. وأهم ما تطلبه لأجلهم هو غفران خطاياهم. 
كما أن نفسك ناجحة = النجاح ليس هو النجاح المادى وصحة الجسد. بل نجاح نفسى يتمثل فى الإحساس بالشبع والفرح والرضى والسلام الذى يملأ القلب. كما قال داود """"أحبك يارب يا قوتى"""" ( مز 18). ودانيال ويوسف كانوا ناجحين. وللأسف فهناك أباء يهتمون بنجاح أولادهم مادياً ودراسياً ولا يهتمون بحياتهم الروحية وأن يصرف أولادهم وقتاً مع الله.

أية 3 :- لأَنِّي فَرِحْتُ جِدّاً إِذْ حَضَرَ إِخْوَةٌ وَشَهِدُوا بِالْحَقِّ الَّذِي فِيكَ\'a1 كَمَا أَنَّكَ تَسْلُكُ بِالْحَقِّ
إذاً هو يكتب ليشجعه أن يستمر فى مسلكه. فرحة الخادم هى أن يرى أولاده يسلكون بالحق وبالمحبة وأن إيمانهم سليم. 

أية 4 :- لَيْسَ لِي فَرَحٌ أَعْظَمُ مِنْ هَذَا: أَنْ أَسْمَعَ عَنْ أَوْلاَدِي أَنَّهُمْ يَسْلُكُونَ بِالْحَقِّ
أسمع عن أولادى = هى أبوة يستمدها من الله وفى الله وبه\'a1 فإن صارت العلاقة خارج الرب يسوع ينطبق عليها هذا القول """" لا تدعوا لكم أباً على الأرض ( مت23: 8 - 10) وراجع ( غل4: 19 \'ba  1كو4: 15 \'ba  1تس2: 11).

أيات 5\'a1 6 :- أَيُّهَا الْحَبِيبُ\'a1 أَنْتَ تَفْعَلُ بِالأَمَانَةِ كُلَّ مَا تَصْنَعُهُ إِلَى الإِخْوَةِ وَإِلَى الْغُرَبَاءِ\'a1 الَّذِينَ شَهِدُوا بِمَحَبَّتِكَ أَمَامَ الْكَنِيسَةِ. الَّذِينَ تَفْعَلُ حَسَناً إِذَا شَيَّعْتَهُمْ كَمَا يَحِقُّ للهِ\'a1
الغرباء = الذين لم يعرفهم غايس قبلاً. الإخوة = هم الذين سبق وعرفهم غايس من قبل. كما يحق لله = الله هو القياس وليس خدامه.

أية 7 :- لأَنَّهُمْ مِنْ أَجْلِ اسْمِهِ خَرَجُوا وَهُمْ لاَ يَأْخُذُونَ شَيْئاً مِنَ الأُمَمِ
واضح أن هؤلاء الإخوة الغرباء خرجوا ليكرزوا للأمم\'a1ويريدون أن تكون خدمتهم مجانية\'a1أى بلا مقابل يأخذونه من الأمم. وغايس أتاح لهم هذا بأن تكفل بإحتياجاتهم المادية.

كان هناك نوعان من الخدام فى الكنيسة الأولى :- 
1.خدام محليين ثابتين مستقرين وهؤلاء يسكنون فى بيوتهم.
2.خدام طوافين ينتقلون من مكان إلى مكان. وهؤلاء لا يمكن لهم أن يستعملوا الفنادق لسمعتها السيئة\'a1 إذاً كانوا محتاجين لمن يستضيفهم (كملاكى لوط). لذلك وجدت وصية """"لا تنسوا إضافة الغرباء"""" ( عب2:13). فكان هذا إحتياج الكنيسة فى تلك الأيام. وكانت تلك الإستضافة تشمل (الطعام والنوم). فهؤلاء الخدام لا يخدمون لربح مادى. ولقد إشترطت الكنيسة على هؤلاء الذين يقيمون أكثر من مدة معينة أن يعملوا ليأكلوا\'a1 يكون لهم عمل يتكسبون منه. لذلك نرى بولس الرسول قد عمل كخيام (صانع خيام).

أية 8 :- فَنَحْنُ يَنْبَغِي لَنَا أَنْ نَقْبَلَ أَمْثَالَ هَؤُلاَءِ\'a1 لِكَيْ نَكُونَ عَامِلِينَ مَعَهُمْ بِالْحَقِّ
من يكرم خدام الله يكرم الله.

أيات 9\'a1 10 :- كَتَبْتُ إِلَى الْكَنِيسَةِ\'a1 وَلَكِنَّ دِيُوتْرِيفِسَ - الَّذِي يُحِبُّ أَنْ يَكُونَ الأَّوَلَ بَيْنَهُمْ - لاَ يَقْبَلُنَا. مِنْ أَجْلِ ذَلِكَ إِذَا جِئْتُ فَسَأُذَكِّرُهُ بِأَعْمَالِهِ الَّتِي يَعْمَلُهَا\'a1 هَاذِراً عَلَيْنَا بِأَقْوَالٍ خَبِيثَةٍ. وَإِذْ هُوَ غَيْرُ مُكْتَفٍ بِهَذِهِ\'a1 لاَ يَقْبَلُ الإِخْوَةَ\'a1 وَيَمْنَعُ أَيْضاً الَّذِينَ يُرِيدُونَ\'a1 وَيَطْرُدُهُمْ مِنَ الْكَنِيسَةِ
يبدو أن ديوتريفس هذا كان شخصاً ذو سلطان فى الكنيسة وربما كان هو الأسقف\'a1 إذ هو قادر أن يمنع أشخاصاً من دخول الكنيسة. 
كتبت إلى الكنيسة = كتب يوحنا رسالة إلى الكنيسة يطلب فيها قبول الإخوة الكارزين\'a1 فمنع ديوتريفس وصول الرسالة للكنيسة. يحب أن يكون الأول = خطية الكبرياء هذه تجعل الخادم ينحرف عن خدمته\'a1 ويحدث الإنشقاق فى الكنيسة. لايقبلنا = هو فى كبريائه لا يطيق الحق\'a1 يريد أن يعلم ولا يتعلم. ولا يقبل هؤلاء الإخوة الذين أرسلهم يوحنا ليكرزوا ويعلموا. بل هو طرد هؤلاء الإخوة\'a1 بل طرد الذين قبلوهم فى بيوتهم = الذين يريدون. والرسول يقول سأذكره = أى يساعده على معرفة أخطائه ليخلص نفسه.

أية 11 :- أَيُّهَا الْحَبِيبُ\'a1 لاَ تَتَمَثَّلْ بِالشَّرِّ بَلْ بِالْخَيْرِ\'a1 لأَنَّ مَنْ يَصْنَعُ الْخَيْرَ هُوَ مِنَ اللهِ\'a1 وَمَنْ يَصْنَعُ الشَّرَّ فَلَمْ يُبْصِرِ اللهَ.
لا تتمثل بالشر = بديوتريفس وأعماله. بل بالخير = أى بديمتريوس.
فلم يبصر الله = من يفعل الشر\'a1ويمتلىء قلبه بالعجرفة وحب الذات ينحنى بإرادته للظلمة فلا يقدر أن يبصر الله """" فلا شركة للنور مع الظلمة"""" ( 2كو6: 14). ومن أبصر الله فلقد أبصر النور فالله نور\'a1والنور يضىء له الطريق فيعرف الحق. 
أية 12 :- دِيمِتْرِيُوسُ مَشْهُودٌ لَهُ مِنَ الْجَمِيعِ وَمِنَ الْحَقِّ نَفْسِهِ\'a1 وَنَحْنُ أَيْضاً نَشْهَدُ\'a1 وَأَنْتُمْ تَعْلَمُونَ أَنَّ شَهَادَتَنَا هِيَ صَادِقَةٌ
ومن الحق نفسه = ربما تعنى أن الله يشهد له  فالله هو الحق. أو تعنى من أعماله أى أعمال ديمتريوس\'a1 فأعماله بحسب الحق\'a1وهى تشهد له. 
ونحن أيضاً = أى أن الرسول إختبره بنفسه. 
مشهود له من الجميع = هكذا أولاد الله نورهم ظاهر للجميع. وبهذا يشجع الرسول\'a1 غايس أن يقتدى بديمتريوس ولا يتشبه بديوتريفس.

أية 13 :- وَكَانَ لِي كَثِيرٌ لأَكْتُبَهُ\'a1 لَكِنَّنِي لَسْتُ أُرِيدُ أَنْ أَكْتُبَ إِلَيْكَ بِحِبْرٍ وَقَلَمٍ
 الجسر= كان من السناج الممزوج بماء ومقوى بالصمغ. والقلم = كان من الغاب المشطوف.

اية 14 :- وَلَكِنَّنِي أَرْجُو أَنْ أَرَاكَ عَنْ قَرِيبٍ فَنَتَكَلَّمَ فَماً لِفَمٍ.
تأكيد على أهمية التقليد.

أية 15 :- سَلاَمٌ لَكَ. يُسَلِّمُ عَلَيْكَ الأَحِبَّاءُ. سَلِّمْ عَلَى الأَحِبَّاءِ بِأَسْمَائِهِمْ. 
يسلم عليك الأحباء = ولم يقل الإخوة تأكيداً على المحبة. وهكذا أيضاً سلم على الأحباء."
يوحنا ثالثة,1,37,"الإصحاح الأول
أية 1 :- اَلشَّيْخُ\'a1 إِلَى غَايُسَ الْحَبِيبِ الَّذِي أَنَا أُحِبُّهُ بِالْحَقِّ 
الرسول يحب بالحق أى لأجل المسيح\'a1 وبالمسيح الذى فيه.

أية 2 :- أَيُّهَا الْحَبِيبُ\'a1 فِي كُلِّ شَيْءٍ أَرُومُ أَنْ تَكُونَ نَاجِحاً وَصَحِيحاً\'a1 كَمَا أَنَّ نَفْسَكَ نَاجِحَة
الرسول يتمنى أن يكون غايس صحيحاً جسدياً. كما أنه نفسياً أى روحياً صحيح. ويرى البعض أن معنى كلام الرسول هنا أن صحة غايس كانت ليست على مايرام. والكنيسة تصلى من أجل صحة أولادها (فى أوشية المرضى) كما تصلى للراقدين والمسافرين. وأهم ما تطلبه لأجلهم هو غفران خطاياهم. 
كما أن نفسك ناجحة = النجاح ليس هو النجاح المادى وصحة الجسد. بل نجاح نفسى يتمثل فى الإحساس بالشبع والفرح والرضى والسلام الذى يملأ القلب. كما قال داود """"أحبك يارب يا قوتى"""" ( مز 18). ودانيال ويوسف كانوا ناجحين. وللأسف فهناك أباء يهتمون بنجاح أولادهم مادياً ودراسياً ولا يهتمون بحياتهم الروحية وأن يصرف أولادهم وقتاً مع الله.

أية 3 :- لأَنِّي فَرِحْتُ جِدّاً إِذْ حَضَرَ إِخْوَةٌ وَشَهِدُوا بِالْحَقِّ الَّذِي فِيكَ\'a1 كَمَا أَنَّكَ تَسْلُكُ بِالْحَقِّ
إذاً هو يكتب ليشجعه أن يستمر فى مسلكه. فرحة الخادم هى أن يرى أولاده يسلكون بالحق وبالمحبة وأن إيمانهم سليم. 

أية 4 :- لَيْسَ لِي فَرَحٌ أَعْظَمُ مِنْ هَذَا: أَنْ أَسْمَعَ عَنْ أَوْلاَدِي أَنَّهُمْ يَسْلُكُونَ بِالْحَقِّ
أسمع عن أولادى = هى أبوة يستمدها من الله وفى الله وبه\'a1 فإن صارت العلاقة خارج الرب يسوع ينطبق عليها هذا القول """" لا تدعوا لكم أباً على الأرض ( مت23: 8 - 10) وراجع ( غل4: 19 \'ba  1كو4: 15 \'ba  1تس2: 11).

أيات 5\'a1 6 :- أَيُّهَا الْحَبِيبُ\'a1 أَنْتَ تَفْعَلُ بِالأَمَانَةِ كُلَّ مَا تَصْنَعُهُ إِلَى الإِخْوَةِ وَإِلَى الْغُرَبَاءِ\'a1 الَّذِينَ شَهِدُوا بِمَحَبَّتِكَ أَمَامَ الْكَنِيسَةِ. الَّذِينَ تَفْعَلُ حَسَناً إِذَا شَيَّعْتَهُمْ كَمَا يَحِقُّ للهِ\'a1
الغرباء = الذين لم يعرفهم غايس قبلاً. الإخوة = هم الذين سبق وعرفهم غايس من قبل. كما يحق لله = الله هو القياس وليس خدامه.

أية 7 :- لأَنَّهُمْ مِنْ أَجْلِ اسْمِهِ خَرَجُوا وَهُمْ لاَ يَأْخُذُونَ شَيْئاً مِنَ الأُمَمِ
واضح أن هؤلاء الإخوة الغرباء خرجوا ليكرزوا للأمم\'a1ويريدون أن تكون خدمتهم مجانية\'a1أى بلا مقابل يأخذونه من الأمم. وغايس أتاح لهم هذا بأن تكفل بإحتياجاتهم المادية.

كان هناك نوعان من الخدام فى الكنيسة الأولى :- 
1.خدام محليين ثابتين مستقرين وهؤلاء يسكنون فى بيوتهم.
2.خدام طوافين ينتقلون من مكان إلى مكان. وهؤلاء لا يمكن لهم أن يستعملوا الفنادق لسمعتها السيئة\'a1 إذاً كانوا محتاجين لمن يستضيفهم (كملاكى لوط). لذلك وجدت وصية """"لا تنسوا إضافة الغرباء"""" ( عب2:13). فكان هذا إحتياج الكنيسة فى تلك الأيام. وكانت تلك الإستضافة تشمل (الطعام والنوم). فهؤلاء الخدام لا يخدمون لربح مادى. ولقد إشترطت الكنيسة على هؤلاء الذين يقيمون أكثر من مدة معينة أن يعملوا ليأكلوا\'a1 يكون لهم عمل يتكسبون منه. لذلك نرى بولس الرسول قد عمل كخيام (صانع خيام).

أية 8 :- فَنَحْنُ يَنْبَغِي لَنَا أَنْ نَقْبَلَ أَمْثَالَ هَؤُلاَءِ\'a1 لِكَيْ نَكُونَ عَامِلِينَ مَعَهُمْ بِالْحَقِّ
من يكرم خدام الله يكرم الله.

أيات 9\'a1 10 :- كَتَبْتُ إِلَى الْكَنِيسَةِ\'a1 وَلَكِنَّ دِيُوتْرِيفِسَ - الَّذِي يُحِبُّ أَنْ يَكُونَ الأَّوَلَ بَيْنَهُمْ - لاَ يَقْبَلُنَا. مِنْ أَجْلِ ذَلِكَ إِذَا جِئْتُ فَسَأُذَكِّرُهُ بِأَعْمَالِهِ الَّتِي يَعْمَلُهَا\'a1 هَاذِراً عَلَيْنَا بِأَقْوَالٍ خَبِيثَةٍ. وَإِذْ هُوَ غَيْرُ مُكْتَفٍ بِهَذِهِ\'a1 لاَ يَقْبَلُ الإِخْوَةَ\'a1 وَيَمْنَعُ أَيْضاً الَّذِينَ يُرِيدُونَ\'a1 وَيَطْرُدُهُمْ مِنَ الْكَنِيسَةِ
يبدو أن ديوتريفس هذا كان شخصاً ذو سلطان فى الكنيسة وربما كان هو الأسقف\'a1 إذ هو قادر أن يمنع أشخاصاً من دخول الكنيسة. 
كتبت إلى الكنيسة = كتب يوحنا رسالة إلى الكنيسة يطلب فيها قبول الإخوة الكارزين\'a1 فمنع ديوتريفس وصول الرسالة للكنيسة. يحب أن يكون الأول = خطية الكبرياء هذه تجعل الخادم ينحرف عن خدمته\'a1 ويحدث الإنشقاق فى الكنيسة. لايقبلنا = هو فى كبريائه لا يطيق الحق\'a1 يريد أن يعلم ولا يتعلم. ولا يقبل هؤلاء الإخوة الذين أرسلهم يوحنا ليكرزوا ويعلموا. بل هو طرد هؤلاء الإخوة\'a1 بل طرد الذين قبلوهم فى بيوتهم = الذين يريدون. والرسول يقول سأذكره = أى يساعده على معرفة أخطائه ليخلص نفسه.

أية 11 :- أَيُّهَا الْحَبِيبُ\'a1 لاَ تَتَمَثَّلْ بِالشَّرِّ بَلْ بِالْخَيْرِ\'a1 لأَنَّ مَنْ يَصْنَعُ الْخَيْرَ هُوَ مِنَ اللهِ\'a1 وَمَنْ يَصْنَعُ الشَّرَّ فَلَمْ يُبْصِرِ اللهَ.
لا تتمثل بالشر = بديوتريفس وأعماله. بل بالخير = أى بديمتريوس.
فلم يبصر الله = من يفعل الشر\'a1ويمتلىء قلبه بالعجرفة وحب الذات ينحنى بإرادته للظلمة فلا يقدر أن يبصر الله """" فلا شركة للنور مع الظلمة"""" ( 2كو6: 14). ومن أبصر الله فلقد أبصر النور فالله نور\'a1والنور يضىء له الطريق فيعرف الحق. 
أية 12 :- دِيمِتْرِيُوسُ مَشْهُودٌ لَهُ مِنَ الْجَمِيعِ وَمِنَ الْحَقِّ نَفْسِهِ\'a1 وَنَحْنُ أَيْضاً نَشْهَدُ\'a1 وَأَنْتُمْ تَعْلَمُونَ أَنَّ شَهَادَتَنَا هِيَ صَادِقَةٌ
ومن الحق نفسه = ربما تعنى أن الله يشهد له  فالله هو الحق. أو تعنى من أعماله أى أعمال ديمتريوس\'a1 فأعماله بحسب الحق\'a1وهى تشهد له. 
ونحن أيضاً = أى أن الرسول إختبره بنفسه. 
مشهود له من الجميع = هكذا أولاد الله نورهم ظاهر للجميع. وبهذا يشجع الرسول\'a1 غايس أن يقتدى بديمتريوس ولا يتشبه بديوتريفس.

أية 13 :- وَكَانَ لِي كَثِيرٌ لأَكْتُبَهُ\'a1 لَكِنَّنِي لَسْتُ أُرِيدُ أَنْ أَكْتُبَ إِلَيْكَ بِحِبْرٍ وَقَلَمٍ
 الجسر= كان من السناج الممزوج بماء ومقوى بالصمغ. والقلم = كان من الغاب المشطوف.

اية 14 :- وَلَكِنَّنِي أَرْجُو أَنْ أَرَاكَ عَنْ قَرِيبٍ فَنَتَكَلَّمَ فَماً لِفَمٍ.
تأكيد على أهمية التقليد.

أية 15 :- سَلاَمٌ لَكَ. يُسَلِّمُ عَلَيْكَ الأَحِبَّاءُ. سَلِّمْ عَلَى الأَحِبَّاءِ بِأَسْمَائِهِمْ. 
يسلم عليك الأحباء = ولم يقل الإخوة تأكيداً على المحبة. وهكذا أيضاً سلم على الأحباء."
يوحنا ثالثة,1,38,"الإصحاح الأول
أية 1 :- اَلشَّيْخُ\'a1 إِلَى غَايُسَ الْحَبِيبِ الَّذِي أَنَا أُحِبُّهُ بِالْحَقِّ 
الرسول يحب بالحق أى لأجل المسيح\'a1 وبالمسيح الذى فيه.

أية 2 :- أَيُّهَا الْحَبِيبُ\'a1 فِي كُلِّ شَيْءٍ أَرُومُ أَنْ تَكُونَ نَاجِحاً وَصَحِيحاً\'a1 كَمَا أَنَّ نَفْسَكَ نَاجِحَة
الرسول يتمنى أن يكون غايس صحيحاً جسدياً. كما أنه نفسياً أى روحياً صحيح. ويرى البعض أن معنى كلام الرسول هنا أن صحة غايس كانت ليست على مايرام. والكنيسة تصلى من أجل صحة أولادها (فى أوشية المرضى) كما تصلى للراقدين والمسافرين. وأهم ما تطلبه لأجلهم هو غفران خطاياهم. 
كما أن نفسك ناجحة = النجاح ليس هو النجاح المادى وصحة الجسد. بل نجاح نفسى يتمثل فى الإحساس بالشبع والفرح والرضى والسلام الذى يملأ القلب. كما قال داود """"أحبك يارب يا قوتى"""" ( مز 18). ودانيال ويوسف كانوا ناجحين. وللأسف فهناك أباء يهتمون بنجاح أولادهم مادياً ودراسياً ولا يهتمون بحياتهم الروحية وأن يصرف أولادهم وقتاً مع الله.

أية 3 :- لأَنِّي فَرِحْتُ جِدّاً إِذْ حَضَرَ إِخْوَةٌ وَشَهِدُوا بِالْحَقِّ الَّذِي فِيكَ\'a1 كَمَا أَنَّكَ تَسْلُكُ بِالْحَقِّ
إذاً هو يكتب ليشجعه أن يستمر فى مسلكه. فرحة الخادم هى أن يرى أولاده يسلكون بالحق وبالمحبة وأن إيمانهم سليم. 

أية 4 :- لَيْسَ لِي فَرَحٌ أَعْظَمُ مِنْ هَذَا: أَنْ أَسْمَعَ عَنْ أَوْلاَدِي أَنَّهُمْ يَسْلُكُونَ بِالْحَقِّ
أسمع عن أولادى = هى أبوة يستمدها من الله وفى الله وبه\'a1 فإن صارت العلاقة خارج الرب يسوع ينطبق عليها هذا القول """" لا تدعوا لكم أباً على الأرض ( مت23: 8 - 10) وراجع ( غل4: 19 \'ba  1كو4: 15 \'ba  1تس2: 11).

أيات 5\'a1 6 :- أَيُّهَا الْحَبِيبُ\'a1 أَنْتَ تَفْعَلُ بِالأَمَانَةِ كُلَّ مَا تَصْنَعُهُ إِلَى الإِخْوَةِ وَإِلَى الْغُرَبَاءِ\'a1 الَّذِينَ شَهِدُوا بِمَحَبَّتِكَ أَمَامَ الْكَنِيسَةِ. الَّذِينَ تَفْعَلُ حَسَناً إِذَا شَيَّعْتَهُمْ كَمَا يَحِقُّ للهِ\'a1
الغرباء = الذين لم يعرفهم غايس قبلاً. الإخوة = هم الذين سبق وعرفهم غايس من قبل. كما يحق لله = الله هو القياس وليس خدامه.

أية 7 :- لأَنَّهُمْ مِنْ أَجْلِ اسْمِهِ خَرَجُوا وَهُمْ لاَ يَأْخُذُونَ شَيْئاً مِنَ الأُمَمِ
واضح أن هؤلاء الإخوة الغرباء خرجوا ليكرزوا للأمم\'a1ويريدون أن تكون خدمتهم مجانية\'a1أى بلا مقابل يأخذونه من الأمم. وغايس أتاح لهم هذا بأن تكفل بإحتياجاتهم المادية.

كان هناك نوعان من الخدام فى الكنيسة الأولى :- 
1.خدام محليين ثابتين مستقرين وهؤلاء يسكنون فى بيوتهم.
2.خدام طوافين ينتقلون من مكان إلى مكان. وهؤلاء لا يمكن لهم أن يستعملوا الفنادق لسمعتها السيئة\'a1 إذاً كانوا محتاجين لمن يستضيفهم (كملاكى لوط). لذلك وجدت وصية """"لا تنسوا إضافة الغرباء"""" ( عب2:13). فكان هذا إحتياج الكنيسة فى تلك الأيام. وكانت تلك الإستضافة تشمل (الطعام والنوم). فهؤلاء الخدام لا يخدمون لربح مادى. ولقد إشترطت الكنيسة على هؤلاء الذين يقيمون أكثر من مدة معينة أن يعملوا ليأكلوا\'a1 يكون لهم عمل يتكسبون منه. لذلك نرى بولس الرسول قد عمل كخيام (صانع خيام).

أية 8 :- فَنَحْنُ يَنْبَغِي لَنَا أَنْ نَقْبَلَ أَمْثَالَ هَؤُلاَءِ\'a1 لِكَيْ نَكُونَ عَامِلِينَ مَعَهُمْ بِالْحَقِّ
من يكرم خدام الله يكرم الله.

أيات 9\'a1 10 :- كَتَبْتُ إِلَى الْكَنِيسَةِ\'a1 وَلَكِنَّ دِيُوتْرِيفِسَ - الَّذِي يُحِبُّ أَنْ يَكُونَ الأَّوَلَ بَيْنَهُمْ - لاَ يَقْبَلُنَا. مِنْ أَجْلِ ذَلِكَ إِذَا جِئْتُ فَسَأُذَكِّرُهُ بِأَعْمَالِهِ الَّتِي يَعْمَلُهَا\'a1 هَاذِراً عَلَيْنَا بِأَقْوَالٍ خَبِيثَةٍ. وَإِذْ هُوَ غَيْرُ مُكْتَفٍ بِهَذِهِ\'a1 لاَ يَقْبَلُ الإِخْوَةَ\'a1 وَيَمْنَعُ أَيْضاً الَّذِينَ يُرِيدُونَ\'a1 وَيَطْرُدُهُمْ مِنَ الْكَنِيسَةِ
يبدو أن ديوتريفس هذا كان شخصاً ذو سلطان فى الكنيسة وربما كان هو الأسقف\'a1 إذ هو قادر أن يمنع أشخاصاً من دخول الكنيسة. 
كتبت إلى الكنيسة = كتب يوحنا رسالة إلى الكنيسة يطلب فيها قبول الإخوة الكارزين\'a1 فمنع ديوتريفس وصول الرسالة للكنيسة. يحب أن يكون الأول = خطية الكبرياء هذه تجعل الخادم ينحرف عن خدمته\'a1 ويحدث الإنشقاق فى الكنيسة. لايقبلنا = هو فى كبريائه لا يطيق الحق\'a1 يريد أن يعلم ولا يتعلم. ولا يقبل هؤلاء الإخوة الذين أرسلهم يوحنا ليكرزوا ويعلموا. بل هو طرد هؤلاء الإخوة\'a1 بل طرد الذين قبلوهم فى بيوتهم = الذين يريدون. والرسول يقول سأذكره = أى يساعده على معرفة أخطائه ليخلص نفسه.

أية 11 :- أَيُّهَا الْحَبِيبُ\'a1 لاَ تَتَمَثَّلْ بِالشَّرِّ بَلْ بِالْخَيْرِ\'a1 لأَنَّ مَنْ يَصْنَعُ الْخَيْرَ هُوَ مِنَ اللهِ\'a1 وَمَنْ يَصْنَعُ الشَّرَّ فَلَمْ يُبْصِرِ اللهَ.
لا تتمثل بالشر = بديوتريفس وأعماله. بل بالخير = أى بديمتريوس.
فلم يبصر الله = من يفعل الشر\'a1ويمتلىء قلبه بالعجرفة وحب الذات ينحنى بإرادته للظلمة فلا يقدر أن يبصر الله """" فلا شركة للنور مع الظلمة"""" ( 2كو6: 14). ومن أبصر الله فلقد أبصر النور فالله نور\'a1والنور يضىء له الطريق فيعرف الحق. 
أية 12 :- دِيمِتْرِيُوسُ مَشْهُودٌ لَهُ مِنَ الْجَمِيعِ وَمِنَ الْحَقِّ نَفْسِهِ\'a1 وَنَحْنُ أَيْضاً نَشْهَدُ\'a1 وَأَنْتُمْ تَعْلَمُونَ أَنَّ شَهَادَتَنَا هِيَ صَادِقَةٌ
ومن الحق نفسه = ربما تعنى أن الله يشهد له  فالله هو الحق. أو تعنى من أعماله أى أعمال ديمتريوس\'a1 فأعماله بحسب الحق\'a1وهى تشهد له. 
ونحن أيضاً = أى أن الرسول إختبره بنفسه. 
مشهود له من الجميع = هكذا أولاد الله نورهم ظاهر للجميع. وبهذا يشجع الرسول\'a1 غايس أن يقتدى بديمتريوس ولا يتشبه بديوتريفس.

أية 13 :- وَكَانَ لِي كَثِيرٌ لأَكْتُبَهُ\'a1 لَكِنَّنِي لَسْتُ أُرِيدُ أَنْ أَكْتُبَ إِلَيْكَ بِحِبْرٍ وَقَلَمٍ
 الجسر= كان من السناج الممزوج بماء ومقوى بالصمغ. والقلم = كان من الغاب المشطوف.

اية 14 :- وَلَكِنَّنِي أَرْجُو أَنْ أَرَاكَ عَنْ قَرِيبٍ فَنَتَكَلَّمَ فَماً لِفَمٍ.
تأكيد على أهمية التقليد.

أية 15 :- سَلاَمٌ لَكَ. يُسَلِّمُ عَلَيْكَ الأَحِبَّاءُ. سَلِّمْ عَلَى الأَحِبَّاءِ بِأَسْمَائِهِمْ. 
يسلم عليك الأحباء = ولم يقل الإخوة تأكيداً على المحبة. وهكذا أيضاً سلم على الأحباء."
يوحنا ثالثة,1,39,"الإصحاح الأول
أية 1 :- اَلشَّيْخُ\'a1 إِلَى غَايُسَ الْحَبِيبِ الَّذِي أَنَا أُحِبُّهُ بِالْحَقِّ 
الرسول يحب بالحق أى لأجل المسيح\'a1 وبالمسيح الذى فيه.

أية 2 :- أَيُّهَا الْحَبِيبُ\'a1 فِي كُلِّ شَيْءٍ أَرُومُ أَنْ تَكُونَ نَاجِحاً وَصَحِيحاً\'a1 كَمَا أَنَّ نَفْسَكَ نَاجِحَة
الرسول يتمنى أن يكون غايس صحيحاً جسدياً. كما أنه نفسياً أى روحياً صحيح. ويرى البعض أن معنى كلام الرسول هنا أن صحة غايس كانت ليست على مايرام. والكنيسة تصلى من أجل صحة أولادها (فى أوشية المرضى) كما تصلى للراقدين والمسافرين. وأهم ما تطلبه لأجلهم هو غفران خطاياهم. 
كما أن نفسك ناجحة = النجاح ليس هو النجاح المادى وصحة الجسد. بل نجاح نفسى يتمثل فى الإحساس بالشبع والفرح والرضى والسلام الذى يملأ القلب. كما قال داود """"أحبك يارب يا قوتى"""" ( مز 18). ودانيال ويوسف كانوا ناجحين. وللأسف فهناك أباء يهتمون بنجاح أولادهم مادياً ودراسياً ولا يهتمون بحياتهم الروحية وأن يصرف أولادهم وقتاً مع الله.

أية 3 :- لأَنِّي فَرِحْتُ جِدّاً إِذْ حَضَرَ إِخْوَةٌ وَشَهِدُوا بِالْحَقِّ الَّذِي فِيكَ\'a1 كَمَا أَنَّكَ تَسْلُكُ بِالْحَقِّ
إذاً هو يكتب ليشجعه أن يستمر فى مسلكه. فرحة الخادم هى أن يرى أولاده يسلكون بالحق وبالمحبة وأن إيمانهم سليم. 

أية 4 :- لَيْسَ لِي فَرَحٌ أَعْظَمُ مِنْ هَذَا: أَنْ أَسْمَعَ عَنْ أَوْلاَدِي أَنَّهُمْ يَسْلُكُونَ بِالْحَقِّ
أسمع عن أولادى = هى أبوة يستمدها من الله وفى الله وبه\'a1 فإن صارت العلاقة خارج الرب يسوع ينطبق عليها هذا القول """" لا تدعوا لكم أباً على الأرض ( مت23: 8 - 10) وراجع ( غل4: 19 \'ba  1كو4: 15 \'ba  1تس2: 11).

أيات 5\'a1 6 :- أَيُّهَا الْحَبِيبُ\'a1 أَنْتَ تَفْعَلُ بِالأَمَانَةِ كُلَّ مَا تَصْنَعُهُ إِلَى الإِخْوَةِ وَإِلَى الْغُرَبَاءِ\'a1 الَّذِينَ شَهِدُوا بِمَحَبَّتِكَ أَمَامَ الْكَنِيسَةِ. الَّذِينَ تَفْعَلُ حَسَناً إِذَا شَيَّعْتَهُمْ كَمَا يَحِقُّ للهِ\'a1
الغرباء = الذين لم يعرفهم غايس قبلاً. الإخوة = هم الذين سبق وعرفهم غايس من قبل. كما يحق لله = الله هو القياس وليس خدامه.

أية 7 :- لأَنَّهُمْ مِنْ أَجْلِ اسْمِهِ خَرَجُوا وَهُمْ لاَ يَأْخُذُونَ شَيْئاً مِنَ الأُمَمِ
واضح أن هؤلاء الإخوة الغرباء خرجوا ليكرزوا للأمم\'a1ويريدون أن تكون خدمتهم مجانية\'a1أى بلا مقابل يأخذونه من الأمم. وغايس أتاح لهم هذا بأن تكفل بإحتياجاتهم المادية.

كان هناك نوعان من الخدام فى الكنيسة الأولى :- 
1.خدام محليين ثابتين مستقرين وهؤلاء يسكنون فى بيوتهم.
2.خدام طوافين ينتقلون من مكان إلى مكان. وهؤلاء لا يمكن لهم أن يستعملوا الفنادق لسمعتها السيئة\'a1 إذاً كانوا محتاجين لمن يستضيفهم (كملاكى لوط). لذلك وجدت وصية """"لا تنسوا إضافة الغرباء"""" ( عب2:13). فكان هذا إحتياج الكنيسة فى تلك الأيام. وكانت تلك الإستضافة تشمل (الطعام والنوم). فهؤلاء الخدام لا يخدمون لربح مادى. ولقد إشترطت الكنيسة على هؤلاء الذين يقيمون أكثر من مدة معينة أن يعملوا ليأكلوا\'a1 يكون لهم عمل يتكسبون منه. لذلك نرى بولس الرسول قد عمل كخيام (صانع خيام).

أية 8 :- فَنَحْنُ يَنْبَغِي لَنَا أَنْ نَقْبَلَ أَمْثَالَ هَؤُلاَءِ\'a1 لِكَيْ نَكُونَ عَامِلِينَ مَعَهُمْ بِالْحَقِّ
من يكرم خدام الله يكرم الله.

أيات 9\'a1 10 :- كَتَبْتُ إِلَى الْكَنِيسَةِ\'a1 وَلَكِنَّ دِيُوتْرِيفِسَ - الَّذِي يُحِبُّ أَنْ يَكُونَ الأَّوَلَ بَيْنَهُمْ - لاَ يَقْبَلُنَا. مِنْ أَجْلِ ذَلِكَ إِذَا جِئْتُ فَسَأُذَكِّرُهُ بِأَعْمَالِهِ الَّتِي يَعْمَلُهَا\'a1 هَاذِراً عَلَيْنَا بِأَقْوَالٍ خَبِيثَةٍ. وَإِذْ هُوَ غَيْرُ مُكْتَفٍ بِهَذِهِ\'a1 لاَ يَقْبَلُ الإِخْوَةَ\'a1 وَيَمْنَعُ أَيْضاً الَّذِينَ يُرِيدُونَ\'a1 وَيَطْرُدُهُمْ مِنَ الْكَنِيسَةِ
يبدو أن ديوتريفس هذا كان شخصاً ذو سلطان فى الكنيسة وربما كان هو الأسقف\'a1 إذ هو قادر أن يمنع أشخاصاً من دخول الكنيسة. 
كتبت إلى الكنيسة = كتب يوحنا رسالة إلى الكنيسة يطلب فيها قبول الإخوة الكارزين\'a1 فمنع ديوتريفس وصول الرسالة للكنيسة. يحب أن يكون الأول = خطية الكبرياء هذه تجعل الخادم ينحرف عن خدمته\'a1 ويحدث الإنشقاق فى الكنيسة. لايقبلنا = هو فى كبريائه لا يطيق الحق\'a1 يريد أن يعلم ولا يتعلم. ولا يقبل هؤلاء الإخوة الذين أرسلهم يوحنا ليكرزوا ويعلموا. بل هو طرد هؤلاء الإخوة\'a1 بل طرد الذين قبلوهم فى بيوتهم = الذين يريدون. والرسول يقول سأذكره = أى يساعده على معرفة أخطائه ليخلص نفسه.

أية 11 :- أَيُّهَا الْحَبِيبُ\'a1 لاَ تَتَمَثَّلْ بِالشَّرِّ بَلْ بِالْخَيْرِ\'a1 لأَنَّ مَنْ يَصْنَعُ الْخَيْرَ هُوَ مِنَ اللهِ\'a1 وَمَنْ يَصْنَعُ الشَّرَّ فَلَمْ يُبْصِرِ اللهَ.
لا تتمثل بالشر = بديوتريفس وأعماله. بل بالخير = أى بديمتريوس.
فلم يبصر الله = من يفعل الشر\'a1ويمتلىء قلبه بالعجرفة وحب الذات ينحنى بإرادته للظلمة فلا يقدر أن يبصر الله """" فلا شركة للنور مع الظلمة"""" ( 2كو6: 14). ومن أبصر الله فلقد أبصر النور فالله نور\'a1والنور يضىء له الطريق فيعرف الحق. 
أية 12 :- دِيمِتْرِيُوسُ مَشْهُودٌ لَهُ مِنَ الْجَمِيعِ وَمِنَ الْحَقِّ نَفْسِهِ\'a1 وَنَحْنُ أَيْضاً نَشْهَدُ\'a1 وَأَنْتُمْ تَعْلَمُونَ أَنَّ شَهَادَتَنَا هِيَ صَادِقَةٌ
ومن الحق نفسه = ربما تعنى أن الله يشهد له  فالله هو الحق. أو تعنى من أعماله أى أعمال ديمتريوس\'a1 فأعماله بحسب الحق\'a1وهى تشهد له. 
ونحن أيضاً = أى أن الرسول إختبره بنفسه. 
مشهود له من الجميع = هكذا أولاد الله نورهم ظاهر للجميع. وبهذا يشجع الرسول\'a1 غايس أن يقتدى بديمتريوس ولا يتشبه بديوتريفس.

أية 13 :- وَكَانَ لِي كَثِيرٌ لأَكْتُبَهُ\'a1 لَكِنَّنِي لَسْتُ أُرِيدُ أَنْ أَكْتُبَ إِلَيْكَ بِحِبْرٍ وَقَلَمٍ
 الجسر= كان من السناج الممزوج بماء ومقوى بالصمغ. والقلم = كان من الغاب المشطوف.

اية 14 :- وَلَكِنَّنِي أَرْجُو أَنْ أَرَاكَ عَنْ قَرِيبٍ فَنَتَكَلَّمَ فَماً لِفَمٍ.
تأكيد على أهمية التقليد.

أية 15 :- سَلاَمٌ لَكَ. يُسَلِّمُ عَلَيْكَ الأَحِبَّاءُ. سَلِّمْ عَلَى الأَحِبَّاءِ بِأَسْمَائِهِمْ. 
يسلم عليك الأحباء = ولم يقل الإخوة تأكيداً على المحبة. وهكذا أيضاً سلم على الأحباء."
يوحنا ثالثة,1,40,"الإصحاح الأول
أية 1 :- اَلشَّيْخُ\'a1 إِلَى غَايُسَ الْحَبِيبِ الَّذِي أَنَا أُحِبُّهُ بِالْحَقِّ 
الرسول يحب بالحق أى لأجل المسيح\'a1 وبالمسيح الذى فيه.

أية 2 :- أَيُّهَا الْحَبِيبُ\'a1 فِي كُلِّ شَيْءٍ أَرُومُ أَنْ تَكُونَ نَاجِحاً وَصَحِيحاً\'a1 كَمَا أَنَّ نَفْسَكَ نَاجِحَة
الرسول يتمنى أن يكون غايس صحيحاً جسدياً. كما أنه نفسياً أى روحياً صحيح. ويرى البعض أن معنى كلام الرسول هنا أن صحة غايس كانت ليست على مايرام. والكنيسة تصلى من أجل صحة أولادها (فى أوشية المرضى) كما تصلى للراقدين والمسافرين. وأهم ما تطلبه لأجلهم هو غفران خطاياهم. 
كما أن نفسك ناجحة = النجاح ليس هو النجاح المادى وصحة الجسد. بل نجاح نفسى يتمثل فى الإحساس بالشبع والفرح والرضى والسلام الذى يملأ القلب. كما قال داود """"أحبك يارب يا قوتى"""" ( مز 18). ودانيال ويوسف كانوا ناجحين. وللأسف فهناك أباء يهتمون بنجاح أولادهم مادياً ودراسياً ولا يهتمون بحياتهم الروحية وأن يصرف أولادهم وقتاً مع الله.

أية 3 :- لأَنِّي فَرِحْتُ جِدّاً إِذْ حَضَرَ إِخْوَةٌ وَشَهِدُوا بِالْحَقِّ الَّذِي فِيكَ\'a1 كَمَا أَنَّكَ تَسْلُكُ بِالْحَقِّ
إذاً هو يكتب ليشجعه أن يستمر فى مسلكه. فرحة الخادم هى أن يرى أولاده يسلكون بالحق وبالمحبة وأن إيمانهم سليم. 

أية 4 :- لَيْسَ لِي فَرَحٌ أَعْظَمُ مِنْ هَذَا: أَنْ أَسْمَعَ عَنْ أَوْلاَدِي أَنَّهُمْ يَسْلُكُونَ بِالْحَقِّ
أسمع عن أولادى = هى أبوة يستمدها من الله وفى الله وبه\'a1 فإن صارت العلاقة خارج الرب يسوع ينطبق عليها هذا القول """" لا تدعوا لكم أباً على الأرض ( مت23: 8 - 10) وراجع ( غل4: 19 \'ba  1كو4: 15 \'ba  1تس2: 11).

أيات 5\'a1 6 :- أَيُّهَا الْحَبِيبُ\'a1 أَنْتَ تَفْعَلُ بِالأَمَانَةِ كُلَّ مَا تَصْنَعُهُ إِلَى الإِخْوَةِ وَإِلَى الْغُرَبَاءِ\'a1 الَّذِينَ شَهِدُوا بِمَحَبَّتِكَ أَمَامَ الْكَنِيسَةِ. الَّذِينَ تَفْعَلُ حَسَناً إِذَا شَيَّعْتَهُمْ كَمَا يَحِقُّ للهِ\'a1
الغرباء = الذين لم يعرفهم غايس قبلاً. الإخوة = هم الذين سبق وعرفهم غايس من قبل. كما يحق لله = الله هو القياس وليس خدامه.

أية 7 :- لأَنَّهُمْ مِنْ أَجْلِ اسْمِهِ خَرَجُوا وَهُمْ لاَ يَأْخُذُونَ شَيْئاً مِنَ الأُمَمِ
واضح أن هؤلاء الإخوة الغرباء خرجوا ليكرزوا للأمم\'a1ويريدون أن تكون خدمتهم مجانية\'a1أى بلا مقابل يأخذونه من الأمم. وغايس أتاح لهم هذا بأن تكفل بإحتياجاتهم المادية.

كان هناك نوعان من الخدام فى الكنيسة الأولى :- 
1.خدام محليين ثابتين مستقرين وهؤلاء يسكنون فى بيوتهم.
2.خدام طوافين ينتقلون من مكان إلى مكان. وهؤلاء لا يمكن لهم أن يستعملوا الفنادق لسمعتها السيئة\'a1 إذاً كانوا محتاجين لمن يستضيفهم (كملاكى لوط). لذلك وجدت وصية """"لا تنسوا إضافة الغرباء"""" ( عب2:13). فكان هذا إحتياج الكنيسة فى تلك الأيام. وكانت تلك الإستضافة تشمل (الطعام والنوم). فهؤلاء الخدام لا يخدمون لربح مادى. ولقد إشترطت الكنيسة على هؤلاء الذين يقيمون أكثر من مدة معينة أن يعملوا ليأكلوا\'a1 يكون لهم عمل يتكسبون منه. لذلك نرى بولس الرسول قد عمل كخيام (صانع خيام).

أية 8 :- فَنَحْنُ يَنْبَغِي لَنَا أَنْ نَقْبَلَ أَمْثَالَ هَؤُلاَءِ\'a1 لِكَيْ نَكُونَ عَامِلِينَ مَعَهُمْ بِالْحَقِّ
من يكرم خدام الله يكرم الله.

أيات 9\'a1 10 :- كَتَبْتُ إِلَى الْكَنِيسَةِ\'a1 وَلَكِنَّ دِيُوتْرِيفِسَ - الَّذِي يُحِبُّ أَنْ يَكُونَ الأَّوَلَ بَيْنَهُمْ - لاَ يَقْبَلُنَا. مِنْ أَجْلِ ذَلِكَ إِذَا جِئْتُ فَسَأُذَكِّرُهُ بِأَعْمَالِهِ الَّتِي يَعْمَلُهَا\'a1 هَاذِراً عَلَيْنَا بِأَقْوَالٍ خَبِيثَةٍ. وَإِذْ هُوَ غَيْرُ مُكْتَفٍ بِهَذِهِ\'a1 لاَ يَقْبَلُ الإِخْوَةَ\'a1 وَيَمْنَعُ أَيْضاً الَّذِينَ يُرِيدُونَ\'a1 وَيَطْرُدُهُمْ مِنَ الْكَنِيسَةِ
يبدو أن ديوتريفس هذا كان شخصاً ذو سلطان فى الكنيسة وربما كان هو الأسقف\'a1 إذ هو قادر أن يمنع أشخاصاً من دخول الكنيسة. 
كتبت إلى الكنيسة = كتب يوحنا رسالة إلى الكنيسة يطلب فيها قبول الإخوة الكارزين\'a1 فمنع ديوتريفس وصول الرسالة للكنيسة. يحب أن يكون الأول = خطية الكبرياء هذه تجعل الخادم ينحرف عن خدمته\'a1 ويحدث الإنشقاق فى الكنيسة. لايقبلنا = هو فى كبريائه لا يطيق الحق\'a1 يريد أن يعلم ولا يتعلم. ولا يقبل هؤلاء الإخوة الذين أرسلهم يوحنا ليكرزوا ويعلموا. بل هو طرد هؤلاء الإخوة\'a1 بل طرد الذين قبلوهم فى بيوتهم = الذين يريدون. والرسول يقول سأذكره = أى يساعده على معرفة أخطائه ليخلص نفسه.

أية 11 :- أَيُّهَا الْحَبِيبُ\'a1 لاَ تَتَمَثَّلْ بِالشَّرِّ بَلْ بِالْخَيْرِ\'a1 لأَنَّ مَنْ يَصْنَعُ الْخَيْرَ هُوَ مِنَ اللهِ\'a1 وَمَنْ يَصْنَعُ الشَّرَّ فَلَمْ يُبْصِرِ اللهَ.
لا تتمثل بالشر = بديوتريفس وأعماله. بل بالخير = أى بديمتريوس.
فلم يبصر الله = من يفعل الشر\'a1ويمتلىء قلبه بالعجرفة وحب الذات ينحنى بإرادته للظلمة فلا يقدر أن يبصر الله """" فلا شركة للنور مع الظلمة"""" ( 2كو6: 14). ومن أبصر الله فلقد أبصر النور فالله نور\'a1والنور يضىء له الطريق فيعرف الحق. 
أية 12 :- دِيمِتْرِيُوسُ مَشْهُودٌ لَهُ مِنَ الْجَمِيعِ وَمِنَ الْحَقِّ نَفْسِهِ\'a1 وَنَحْنُ أَيْضاً نَشْهَدُ\'a1 وَأَنْتُمْ تَعْلَمُونَ أَنَّ شَهَادَتَنَا هِيَ صَادِقَةٌ
ومن الحق نفسه = ربما تعنى أن الله يشهد له  فالله هو الحق. أو تعنى من أعماله أى أعمال ديمتريوس\'a1 فأعماله بحسب الحق\'a1وهى تشهد له. 
ونحن أيضاً = أى أن الرسول إختبره بنفسه. 
مشهود له من الجميع = هكذا أولاد الله نورهم ظاهر للجميع. وبهذا يشجع الرسول\'a1 غايس أن يقتدى بديمتريوس ولا يتشبه بديوتريفس.

أية 13 :- وَكَانَ لِي كَثِيرٌ لأَكْتُبَهُ\'a1 لَكِنَّنِي لَسْتُ أُرِيدُ أَنْ أَكْتُبَ إِلَيْكَ بِحِبْرٍ وَقَلَمٍ
 الجسر= كان من السناج الممزوج بماء ومقوى بالصمغ. والقلم = كان من الغاب المشطوف.

اية 14 :- وَلَكِنَّنِي أَرْجُو أَنْ أَرَاكَ عَنْ قَرِيبٍ فَنَتَكَلَّمَ فَماً لِفَمٍ.
تأكيد على أهمية التقليد.

أية 15 :- سَلاَمٌ لَكَ. يُسَلِّمُ عَلَيْكَ الأَحِبَّاءُ. سَلِّمْ عَلَى الأَحِبَّاءِ بِأَسْمَائِهِمْ. 
يسلم عليك الأحباء = ولم يقل الإخوة تأكيداً على المحبة. وهكذا أيضاً سلم على الأحباء."
يوحنا ثالثة,1,41,"الإصحاح الأول
أية 1 :- اَلشَّيْخُ\'a1 إِلَى غَايُسَ الْحَبِيبِ الَّذِي أَنَا أُحِبُّهُ بِالْحَقِّ 
الرسول يحب بالحق أى لأجل المسيح\'a1 وبالمسيح الذى فيه.

أية 2 :- أَيُّهَا الْحَبِيبُ\'a1 فِي كُلِّ شَيْءٍ أَرُومُ أَنْ تَكُونَ نَاجِحاً وَصَحِيحاً\'a1 كَمَا أَنَّ نَفْسَكَ نَاجِحَة
الرسول يتمنى أن يكون غايس صحيحاً جسدياً. كما أنه نفسياً أى روحياً صحيح. ويرى البعض أن معنى كلام الرسول هنا أن صحة غايس كانت ليست على مايرام. والكنيسة تصلى من أجل صحة أولادها (فى أوشية المرضى) كما تصلى للراقدين والمسافرين. وأهم ما تطلبه لأجلهم هو غفران خطاياهم. 
كما أن نفسك ناجحة = النجاح ليس هو النجاح المادى وصحة الجسد. بل نجاح نفسى يتمثل فى الإحساس بالشبع والفرح والرضى والسلام الذى يملأ القلب. كما قال داود """"أحبك يارب يا قوتى"""" ( مز 18). ودانيال ويوسف كانوا ناجحين. وللأسف فهناك أباء يهتمون بنجاح أولادهم مادياً ودراسياً ولا يهتمون بحياتهم الروحية وأن يصرف أولادهم وقتاً مع الله.

أية 3 :- لأَنِّي فَرِحْتُ جِدّاً إِذْ حَضَرَ إِخْوَةٌ وَشَهِدُوا بِالْحَقِّ الَّذِي فِيكَ\'a1 كَمَا أَنَّكَ تَسْلُكُ بِالْحَقِّ
إذاً هو يكتب ليشجعه أن يستمر فى مسلكه. فرحة الخادم هى أن يرى أولاده يسلكون بالحق وبالمحبة وأن إيمانهم سليم. 

أية 4 :- لَيْسَ لِي فَرَحٌ أَعْظَمُ مِنْ هَذَا: أَنْ أَسْمَعَ عَنْ أَوْلاَدِي أَنَّهُمْ يَسْلُكُونَ بِالْحَقِّ
أسمع عن أولادى = هى أبوة يستمدها من الله وفى الله وبه\'a1 فإن صارت العلاقة خارج الرب يسوع ينطبق عليها هذا القول """" لا تدعوا لكم أباً على الأرض ( مت23: 8 - 10) وراجع ( غل4: 19 \'ba  1كو4: 15 \'ba  1تس2: 11).

أيات 5\'a1 6 :- أَيُّهَا الْحَبِيبُ\'a1 أَنْتَ تَفْعَلُ بِالأَمَانَةِ كُلَّ مَا تَصْنَعُهُ إِلَى الإِخْوَةِ وَإِلَى الْغُرَبَاءِ\'a1 الَّذِينَ شَهِدُوا بِمَحَبَّتِكَ أَمَامَ الْكَنِيسَةِ. الَّذِينَ تَفْعَلُ حَسَناً إِذَا شَيَّعْتَهُمْ كَمَا يَحِقُّ للهِ\'a1
الغرباء = الذين لم يعرفهم غايس قبلاً. الإخوة = هم الذين سبق وعرفهم غايس من قبل. كما يحق لله = الله هو القياس وليس خدامه.

أية 7 :- لأَنَّهُمْ مِنْ أَجْلِ اسْمِهِ خَرَجُوا وَهُمْ لاَ يَأْخُذُونَ شَيْئاً مِنَ الأُمَمِ
واضح أن هؤلاء الإخوة الغرباء خرجوا ليكرزوا للأمم\'a1ويريدون أن تكون خدمتهم مجانية\'a1أى بلا مقابل يأخذونه من الأمم. وغايس أتاح لهم هذا بأن تكفل بإحتياجاتهم المادية.

كان هناك نوعان من الخدام فى الكنيسة الأولى :- 
1.خدام محليين ثابتين مستقرين وهؤلاء يسكنون فى بيوتهم.
2.خدام طوافين ينتقلون من مكان إلى مكان. وهؤلاء لا يمكن لهم أن يستعملوا الفنادق لسمعتها السيئة\'a1 إذاً كانوا محتاجين لمن يستضيفهم (كملاكى لوط). لذلك وجدت وصية """"لا تنسوا إضافة الغرباء"""" ( عب2:13). فكان هذا إحتياج الكنيسة فى تلك الأيام. وكانت تلك الإستضافة تشمل (الطعام والنوم). فهؤلاء الخدام لا يخدمون لربح مادى. ولقد إشترطت الكنيسة على هؤلاء الذين يقيمون أكثر من مدة معينة أن يعملوا ليأكلوا\'a1 يكون لهم عمل يتكسبون منه. لذلك نرى بولس الرسول قد عمل كخيام (صانع خيام).

أية 8 :- فَنَحْنُ يَنْبَغِي لَنَا أَنْ نَقْبَلَ أَمْثَالَ هَؤُلاَءِ\'a1 لِكَيْ نَكُونَ عَامِلِينَ مَعَهُمْ بِالْحَقِّ
من يكرم خدام الله يكرم الله.

أيات 9\'a1 10 :- كَتَبْتُ إِلَى الْكَنِيسَةِ\'a1 وَلَكِنَّ دِيُوتْرِيفِسَ - الَّذِي يُحِبُّ أَنْ يَكُونَ الأَّوَلَ بَيْنَهُمْ - لاَ يَقْبَلُنَا. مِنْ أَجْلِ ذَلِكَ إِذَا جِئْتُ فَسَأُذَكِّرُهُ بِأَعْمَالِهِ الَّتِي يَعْمَلُهَا\'a1 هَاذِراً عَلَيْنَا بِأَقْوَالٍ خَبِيثَةٍ. وَإِذْ هُوَ غَيْرُ مُكْتَفٍ بِهَذِهِ\'a1 لاَ يَقْبَلُ الإِخْوَةَ\'a1 وَيَمْنَعُ أَيْضاً الَّذِينَ يُرِيدُونَ\'a1 وَيَطْرُدُهُمْ مِنَ الْكَنِيسَةِ
يبدو أن ديوتريفس هذا كان شخصاً ذو سلطان فى الكنيسة وربما كان هو الأسقف\'a1 إذ هو قادر أن يمنع أشخاصاً من دخول الكنيسة. 
كتبت إلى الكنيسة = كتب يوحنا رسالة إلى الكنيسة يطلب فيها قبول الإخوة الكارزين\'a1 فمنع ديوتريفس وصول الرسالة للكنيسة. يحب أن يكون الأول = خطية الكبرياء هذه تجعل الخادم ينحرف عن خدمته\'a1 ويحدث الإنشقاق فى الكنيسة. لايقبلنا = هو فى كبريائه لا يطيق الحق\'a1 يريد أن يعلم ولا يتعلم. ولا يقبل هؤلاء الإخوة الذين أرسلهم يوحنا ليكرزوا ويعلموا. بل هو طرد هؤلاء الإخوة\'a1 بل طرد الذين قبلوهم فى بيوتهم = الذين يريدون. والرسول يقول سأذكره = أى يساعده على معرفة أخطائه ليخلص نفسه.

أية 11 :- أَيُّهَا الْحَبِيبُ\'a1 لاَ تَتَمَثَّلْ بِالشَّرِّ بَلْ بِالْخَيْرِ\'a1 لأَنَّ مَنْ يَصْنَعُ الْخَيْرَ هُوَ مِنَ اللهِ\'a1 وَمَنْ يَصْنَعُ الشَّرَّ فَلَمْ يُبْصِرِ اللهَ.
لا تتمثل بالشر = بديوتريفس وأعماله. بل بالخير = أى بديمتريوس.
فلم يبصر الله = من يفعل الشر\'a1ويمتلىء قلبه بالعجرفة وحب الذات ينحنى بإرادته للظلمة فلا يقدر أن يبصر الله """" فلا شركة للنور مع الظلمة"""" ( 2كو6: 14). ومن أبصر الله فلقد أبصر النور فالله نور\'a1والنور يضىء له الطريق فيعرف الحق. 
أية 12 :- دِيمِتْرِيُوسُ مَشْهُودٌ لَهُ مِنَ الْجَمِيعِ وَمِنَ الْحَقِّ نَفْسِهِ\'a1 وَنَحْنُ أَيْضاً نَشْهَدُ\'a1 وَأَنْتُمْ تَعْلَمُونَ أَنَّ شَهَادَتَنَا هِيَ صَادِقَةٌ
ومن الحق نفسه = ربما تعنى أن الله يشهد له  فالله هو الحق. أو تعنى من أعماله أى أعمال ديمتريوس\'a1 فأعماله بحسب الحق\'a1وهى تشهد له. 
ونحن أيضاً = أى أن الرسول إختبره بنفسه. 
مشهود له من الجميع = هكذا أولاد الله نورهم ظاهر للجميع. وبهذا يشجع الرسول\'a1 غايس أن يقتدى بديمتريوس ولا يتشبه بديوتريفس.

أية 13 :- وَكَانَ لِي كَثِيرٌ لأَكْتُبَهُ\'a1 لَكِنَّنِي لَسْتُ أُرِيدُ أَنْ أَكْتُبَ إِلَيْكَ بِحِبْرٍ وَقَلَمٍ
 الجسر= كان من السناج الممزوج بماء ومقوى بالصمغ. والقلم = كان من الغاب المشطوف.

اية 14 :- وَلَكِنَّنِي أَرْجُو أَنْ أَرَاكَ عَنْ قَرِيبٍ فَنَتَكَلَّمَ فَماً لِفَمٍ.
تأكيد على أهمية التقليد.

أية 15 :- سَلاَمٌ لَكَ. يُسَلِّمُ عَلَيْكَ الأَحِبَّاءُ. سَلِّمْ عَلَى الأَحِبَّاءِ بِأَسْمَائِهِمْ. 
يسلم عليك الأحباء = ولم يقل الإخوة تأكيداً على المحبة. وهكذا أيضاً سلم على الأحباء."
يوحنا ثالثة,1,42,"الإصحاح الأول
أية 1 :- اَلشَّيْخُ\'a1 إِلَى غَايُسَ الْحَبِيبِ الَّذِي أَنَا أُحِبُّهُ بِالْحَقِّ 
الرسول يحب بالحق أى لأجل المسيح\'a1 وبالمسيح الذى فيه.

أية 2 :- أَيُّهَا الْحَبِيبُ\'a1 فِي كُلِّ شَيْءٍ أَرُومُ أَنْ تَكُونَ نَاجِحاً وَصَحِيحاً\'a1 كَمَا أَنَّ نَفْسَكَ نَاجِحَة
الرسول يتمنى أن يكون غايس صحيحاً جسدياً. كما أنه نفسياً أى روحياً صحيح. ويرى البعض أن معنى كلام الرسول هنا أن صحة غايس كانت ليست على مايرام. والكنيسة تصلى من أجل صحة أولادها (فى أوشية المرضى) كما تصلى للراقدين والمسافرين. وأهم ما تطلبه لأجلهم هو غفران خطاياهم. 
كما أن نفسك ناجحة = النجاح ليس هو النجاح المادى وصحة الجسد. بل نجاح نفسى يتمثل فى الإحساس بالشبع والفرح والرضى والسلام الذى يملأ القلب. كما قال داود """"أحبك يارب يا قوتى"""" ( مز 18). ودانيال ويوسف كانوا ناجحين. وللأسف فهناك أباء يهتمون بنجاح أولادهم مادياً ودراسياً ولا يهتمون بحياتهم الروحية وأن يصرف أولادهم وقتاً مع الله.

أية 3 :- لأَنِّي فَرِحْتُ جِدّاً إِذْ حَضَرَ إِخْوَةٌ وَشَهِدُوا بِالْحَقِّ الَّذِي فِيكَ\'a1 كَمَا أَنَّكَ تَسْلُكُ بِالْحَقِّ
إذاً هو يكتب ليشجعه أن يستمر فى مسلكه. فرحة الخادم هى أن يرى أولاده يسلكون بالحق وبالمحبة وأن إيمانهم سليم. 

أية 4 :- لَيْسَ لِي فَرَحٌ أَعْظَمُ مِنْ هَذَا: أَنْ أَسْمَعَ عَنْ أَوْلاَدِي أَنَّهُمْ يَسْلُكُونَ بِالْحَقِّ
أسمع عن أولادى = هى أبوة يستمدها من الله وفى الله وبه\'a1 فإن صارت العلاقة خارج الرب يسوع ينطبق عليها هذا القول """" لا تدعوا لكم أباً على الأرض ( مت23: 8 - 10) وراجع ( غل4: 19 \'ba  1كو4: 15 \'ba  1تس2: 11).

أيات 5\'a1 6 :- أَيُّهَا الْحَبِيبُ\'a1 أَنْتَ تَفْعَلُ بِالأَمَانَةِ كُلَّ مَا تَصْنَعُهُ إِلَى الإِخْوَةِ وَإِلَى الْغُرَبَاءِ\'a1 الَّذِينَ شَهِدُوا بِمَحَبَّتِكَ أَمَامَ الْكَنِيسَةِ. الَّذِينَ تَفْعَلُ حَسَناً إِذَا شَيَّعْتَهُمْ كَمَا يَحِقُّ للهِ\'a1
الغرباء = الذين لم يعرفهم غايس قبلاً. الإخوة = هم الذين سبق وعرفهم غايس من قبل. كما يحق لله = الله هو القياس وليس خدامه.

أية 7 :- لأَنَّهُمْ مِنْ أَجْلِ اسْمِهِ خَرَجُوا وَهُمْ لاَ يَأْخُذُونَ شَيْئاً مِنَ الأُمَمِ
واضح أن هؤلاء الإخوة الغرباء خرجوا ليكرزوا للأمم\'a1ويريدون أن تكون خدمتهم مجانية\'a1أى بلا مقابل يأخذونه من الأمم. وغايس أتاح لهم هذا بأن تكفل بإحتياجاتهم المادية.

كان هناك نوعان من الخدام فى الكنيسة الأولى :- 
1.خدام محليين ثابتين مستقرين وهؤلاء يسكنون فى بيوتهم.
2.خدام طوافين ينتقلون من مكان إلى مكان. وهؤلاء لا يمكن لهم أن يستعملوا الفنادق لسمعتها السيئة\'a1 إذاً كانوا محتاجين لمن يستضيفهم (كملاكى لوط). لذلك وجدت وصية """"لا تنسوا إضافة الغرباء"""" ( عب2:13). فكان هذا إحتياج الكنيسة فى تلك الأيام. وكانت تلك الإستضافة تشمل (الطعام والنوم). فهؤلاء الخدام لا يخدمون لربح مادى. ولقد إشترطت الكنيسة على هؤلاء الذين يقيمون أكثر من مدة معينة أن يعملوا ليأكلوا\'a1 يكون لهم عمل يتكسبون منه. لذلك نرى بولس الرسول قد عمل كخيام (صانع خيام).

أية 8 :- فَنَحْنُ يَنْبَغِي لَنَا أَنْ نَقْبَلَ أَمْثَالَ هَؤُلاَءِ\'a1 لِكَيْ نَكُونَ عَامِلِينَ مَعَهُمْ بِالْحَقِّ
من يكرم خدام الله يكرم الله.

أيات 9\'a1 10 :- كَتَبْتُ إِلَى الْكَنِيسَةِ\'a1 وَلَكِنَّ دِيُوتْرِيفِسَ - الَّذِي يُحِبُّ أَنْ يَكُونَ الأَّوَلَ بَيْنَهُمْ - لاَ يَقْبَلُنَا. مِنْ أَجْلِ ذَلِكَ إِذَا جِئْتُ فَسَأُذَكِّرُهُ بِأَعْمَالِهِ الَّتِي يَعْمَلُهَا\'a1 هَاذِراً عَلَيْنَا بِأَقْوَالٍ خَبِيثَةٍ. وَإِذْ هُوَ غَيْرُ مُكْتَفٍ بِهَذِهِ\'a1 لاَ يَقْبَلُ الإِخْوَةَ\'a1 وَيَمْنَعُ أَيْضاً الَّذِينَ يُرِيدُونَ\'a1 وَيَطْرُدُهُمْ مِنَ الْكَنِيسَةِ
يبدو أن ديوتريفس هذا كان شخصاً ذو سلطان فى الكنيسة وربما كان هو الأسقف\'a1 إذ هو قادر أن يمنع أشخاصاً من دخول الكنيسة. 
كتبت إلى الكنيسة = كتب يوحنا رسالة إلى الكنيسة يطلب فيها قبول الإخوة الكارزين\'a1 فمنع ديوتريفس وصول الرسالة للكنيسة. يحب أن يكون الأول = خطية الكبرياء هذه تجعل الخادم ينحرف عن خدمته\'a1 ويحدث الإنشقاق فى الكنيسة. لايقبلنا = هو فى كبريائه لا يطيق الحق\'a1 يريد أن يعلم ولا يتعلم. ولا يقبل هؤلاء الإخوة الذين أرسلهم يوحنا ليكرزوا ويعلموا. بل هو طرد هؤلاء الإخوة\'a1 بل طرد الذين قبلوهم فى بيوتهم = الذين يريدون. والرسول يقول سأذكره = أى يساعده على معرفة أخطائه ليخلص نفسه.

أية 11 :- أَيُّهَا الْحَبِيبُ\'a1 لاَ تَتَمَثَّلْ بِالشَّرِّ بَلْ بِالْخَيْرِ\'a1 لأَنَّ مَنْ يَصْنَعُ الْخَيْرَ هُوَ مِنَ اللهِ\'a1 وَمَنْ يَصْنَعُ الشَّرَّ فَلَمْ يُبْصِرِ اللهَ.
لا تتمثل بالشر = بديوتريفس وأعماله. بل بالخير = أى بديمتريوس.
فلم يبصر الله = من يفعل الشر\'a1ويمتلىء قلبه بالعجرفة وحب الذات ينحنى بإرادته للظلمة فلا يقدر أن يبصر الله """" فلا شركة للنور مع الظلمة"""" ( 2كو6: 14). ومن أبصر الله فلقد أبصر النور فالله نور\'a1والنور يضىء له الطريق فيعرف الحق. 
أية 12 :- دِيمِتْرِيُوسُ مَشْهُودٌ لَهُ مِنَ الْجَمِيعِ وَمِنَ الْحَقِّ نَفْسِهِ\'a1 وَنَحْنُ أَيْضاً نَشْهَدُ\'a1 وَأَنْتُمْ تَعْلَمُونَ أَنَّ شَهَادَتَنَا هِيَ صَادِقَةٌ
ومن الحق نفسه = ربما تعنى أن الله يشهد له  فالله هو الحق. أو تعنى من أعماله أى أعمال ديمتريوس\'a1 فأعماله بحسب الحق\'a1وهى تشهد له. 
ونحن أيضاً = أى أن الرسول إختبره بنفسه. 
مشهود له من الجميع = هكذا أولاد الله نورهم ظاهر للجميع. وبهذا يشجع الرسول\'a1 غايس أن يقتدى بديمتريوس ولا يتشبه بديوتريفس.

أية 13 :- وَكَانَ لِي كَثِيرٌ لأَكْتُبَهُ\'a1 لَكِنَّنِي لَسْتُ أُرِيدُ أَنْ أَكْتُبَ إِلَيْكَ بِحِبْرٍ وَقَلَمٍ
 الجسر= كان من السناج الممزوج بماء ومقوى بالصمغ. والقلم = كان من الغاب المشطوف.

اية 14 :- وَلَكِنَّنِي أَرْجُو أَنْ أَرَاكَ عَنْ قَرِيبٍ فَنَتَكَلَّمَ فَماً لِفَمٍ.
تأكيد على أهمية التقليد.

أية 15 :- سَلاَمٌ لَكَ. يُسَلِّمُ عَلَيْكَ الأَحِبَّاءُ. سَلِّمْ عَلَى الأَحِبَّاءِ بِأَسْمَائِهِمْ. 
يسلم عليك الأحباء = ولم يقل الإخوة تأكيداً على المحبة. وهكذا أيضاً سلم على الأحباء."
يوحنا ثالثة,1,43,"الإصحاح الأول
أية 1 :- اَلشَّيْخُ\'a1 إِلَى غَايُسَ الْحَبِيبِ الَّذِي أَنَا أُحِبُّهُ بِالْحَقِّ 
الرسول يحب بالحق أى لأجل المسيح\'a1 وبالمسيح الذى فيه.

أية 2 :- أَيُّهَا الْحَبِيبُ\'a1 فِي كُلِّ شَيْءٍ أَرُومُ أَنْ تَكُونَ نَاجِحاً وَصَحِيحاً\'a1 كَمَا أَنَّ نَفْسَكَ نَاجِحَة
الرسول يتمنى أن يكون غايس صحيحاً جسدياً. كما أنه نفسياً أى روحياً صحيح. ويرى البعض أن معنى كلام الرسول هنا أن صحة غايس كانت ليست على مايرام. والكنيسة تصلى من أجل صحة أولادها (فى أوشية المرضى) كما تصلى للراقدين والمسافرين. وأهم ما تطلبه لأجلهم هو غفران خطاياهم. 
كما أن نفسك ناجحة = النجاح ليس هو النجاح المادى وصحة الجسد. بل نجاح نفسى يتمثل فى الإحساس بالشبع والفرح والرضى والسلام الذى يملأ القلب. كما قال داود """"أحبك يارب يا قوتى"""" ( مز 18). ودانيال ويوسف كانوا ناجحين. وللأسف فهناك أباء يهتمون بنجاح أولادهم مادياً ودراسياً ولا يهتمون بحياتهم الروحية وأن يصرف أولادهم وقتاً مع الله.

أية 3 :- لأَنِّي فَرِحْتُ جِدّاً إِذْ حَضَرَ إِخْوَةٌ وَشَهِدُوا بِالْحَقِّ الَّذِي فِيكَ\'a1 كَمَا أَنَّكَ تَسْلُكُ بِالْحَقِّ
إذاً هو يكتب ليشجعه أن يستمر فى مسلكه. فرحة الخادم هى أن يرى أولاده يسلكون بالحق وبالمحبة وأن إيمانهم سليم. 

أية 4 :- لَيْسَ لِي فَرَحٌ أَعْظَمُ مِنْ هَذَا: أَنْ أَسْمَعَ عَنْ أَوْلاَدِي أَنَّهُمْ يَسْلُكُونَ بِالْحَقِّ
أسمع عن أولادى = هى أبوة يستمدها من الله وفى الله وبه\'a1 فإن صارت العلاقة خارج الرب يسوع ينطبق عليها هذا القول """" لا تدعوا لكم أباً على الأرض ( مت23: 8 - 10) وراجع ( غل4: 19 \'ba  1كو4: 15 \'ba  1تس2: 11).

أيات 5\'a1 6 :- أَيُّهَا الْحَبِيبُ\'a1 أَنْتَ تَفْعَلُ بِالأَمَانَةِ كُلَّ مَا تَصْنَعُهُ إِلَى الإِخْوَةِ وَإِلَى الْغُرَبَاءِ\'a1 الَّذِينَ شَهِدُوا بِمَحَبَّتِكَ أَمَامَ الْكَنِيسَةِ. الَّذِينَ تَفْعَلُ حَسَناً إِذَا شَيَّعْتَهُمْ كَمَا يَحِقُّ للهِ\'a1
الغرباء = الذين لم يعرفهم غايس قبلاً. الإخوة = هم الذين سبق وعرفهم غايس من قبل. كما يحق لله = الله هو القياس وليس خدامه.

أية 7 :- لأَنَّهُمْ مِنْ أَجْلِ اسْمِهِ خَرَجُوا وَهُمْ لاَ يَأْخُذُونَ شَيْئاً مِنَ الأُمَمِ
واضح أن هؤلاء الإخوة الغرباء خرجوا ليكرزوا للأمم\'a1ويريدون أن تكون خدمتهم مجانية\'a1أى بلا مقابل يأخذونه من الأمم. وغايس أتاح لهم هذا بأن تكفل بإحتياجاتهم المادية.

كان هناك نوعان من الخدام فى الكنيسة الأولى :- 
1.خدام محليين ثابتين مستقرين وهؤلاء يسكنون فى بيوتهم.
2.خدام طوافين ينتقلون من مكان إلى مكان. وهؤلاء لا يمكن لهم أن يستعملوا الفنادق لسمعتها السيئة\'a1 إذاً كانوا محتاجين لمن يستضيفهم (كملاكى لوط). لذلك وجدت وصية """"لا تنسوا إضافة الغرباء"""" ( عب2:13). فكان هذا إحتياج الكنيسة فى تلك الأيام. وكانت تلك الإستضافة تشمل (الطعام والنوم). فهؤلاء الخدام لا يخدمون لربح مادى. ولقد إشترطت الكنيسة على هؤلاء الذين يقيمون أكثر من مدة معينة أن يعملوا ليأكلوا\'a1 يكون لهم عمل يتكسبون منه. لذلك نرى بولس الرسول قد عمل كخيام (صانع خيام).

أية 8 :- فَنَحْنُ يَنْبَغِي لَنَا أَنْ نَقْبَلَ أَمْثَالَ هَؤُلاَءِ\'a1 لِكَيْ نَكُونَ عَامِلِينَ مَعَهُمْ بِالْحَقِّ
من يكرم خدام الله يكرم الله.

أيات 9\'a1 10 :- كَتَبْتُ إِلَى الْكَنِيسَةِ\'a1 وَلَكِنَّ دِيُوتْرِيفِسَ - الَّذِي يُحِبُّ أَنْ يَكُونَ الأَّوَلَ بَيْنَهُمْ - لاَ يَقْبَلُنَا. مِنْ أَجْلِ ذَلِكَ إِذَا جِئْتُ فَسَأُذَكِّرُهُ بِأَعْمَالِهِ الَّتِي يَعْمَلُهَا\'a1 هَاذِراً عَلَيْنَا بِأَقْوَالٍ خَبِيثَةٍ. وَإِذْ هُوَ غَيْرُ مُكْتَفٍ بِهَذِهِ\'a1 لاَ يَقْبَلُ الإِخْوَةَ\'a1 وَيَمْنَعُ أَيْضاً الَّذِينَ يُرِيدُونَ\'a1 وَيَطْرُدُهُمْ مِنَ الْكَنِيسَةِ
يبدو أن ديوتريفس هذا كان شخصاً ذو سلطان فى الكنيسة وربما كان هو الأسقف\'a1 إذ هو قادر أن يمنع أشخاصاً من دخول الكنيسة. 
كتبت إلى الكنيسة = كتب يوحنا رسالة إلى الكنيسة يطلب فيها قبول الإخوة الكارزين\'a1 فمنع ديوتريفس وصول الرسالة للكنيسة. يحب أن يكون الأول = خطية الكبرياء هذه تجعل الخادم ينحرف عن خدمته\'a1 ويحدث الإنشقاق فى الكنيسة. لايقبلنا = هو فى كبريائه لا يطيق الحق\'a1 يريد أن يعلم ولا يتعلم. ولا يقبل هؤلاء الإخوة الذين أرسلهم يوحنا ليكرزوا ويعلموا. بل هو طرد هؤلاء الإخوة\'a1 بل طرد الذين قبلوهم فى بيوتهم = الذين يريدون. والرسول يقول سأذكره = أى يساعده على معرفة أخطائه ليخلص نفسه.

أية 11 :- أَيُّهَا الْحَبِيبُ\'a1 لاَ تَتَمَثَّلْ بِالشَّرِّ بَلْ بِالْخَيْرِ\'a1 لأَنَّ مَنْ يَصْنَعُ الْخَيْرَ هُوَ مِنَ اللهِ\'a1 وَمَنْ يَصْنَعُ الشَّرَّ فَلَمْ يُبْصِرِ اللهَ.
لا تتمثل بالشر = بديوتريفس وأعماله. بل بالخير = أى بديمتريوس.
فلم يبصر الله = من يفعل الشر\'a1ويمتلىء قلبه بالعجرفة وحب الذات ينحنى بإرادته للظلمة فلا يقدر أن يبصر الله """" فلا شركة للنور مع الظلمة"""" ( 2كو6: 14). ومن أبصر الله فلقد أبصر النور فالله نور\'a1والنور يضىء له الطريق فيعرف الحق. 
أية 12 :- دِيمِتْرِيُوسُ مَشْهُودٌ لَهُ مِنَ الْجَمِيعِ وَمِنَ الْحَقِّ نَفْسِهِ\'a1 وَنَحْنُ أَيْضاً نَشْهَدُ\'a1 وَأَنْتُمْ تَعْلَمُونَ أَنَّ شَهَادَتَنَا هِيَ صَادِقَةٌ
ومن الحق نفسه = ربما تعنى أن الله يشهد له  فالله هو الحق. أو تعنى من أعماله أى أعمال ديمتريوس\'a1 فأعماله بحسب الحق\'a1وهى تشهد له. 
ونحن أيضاً = أى أن الرسول إختبره بنفسه. 
مشهود له من الجميع = هكذا أولاد الله نورهم ظاهر للجميع. وبهذا يشجع الرسول\'a1 غايس أن يقتدى بديمتريوس ولا يتشبه بديوتريفس.

أية 13 :- وَكَانَ لِي كَثِيرٌ لأَكْتُبَهُ\'a1 لَكِنَّنِي لَسْتُ أُرِيدُ أَنْ أَكْتُبَ إِلَيْكَ بِحِبْرٍ وَقَلَمٍ
 الجسر= كان من السناج الممزوج بماء ومقوى بالصمغ. والقلم = كان من الغاب المشطوف.

اية 14 :- وَلَكِنَّنِي أَرْجُو أَنْ أَرَاكَ عَنْ قَرِيبٍ فَنَتَكَلَّمَ فَماً لِفَمٍ.
تأكيد على أهمية التقليد.

أية 15 :- سَلاَمٌ لَكَ. يُسَلِّمُ عَلَيْكَ الأَحِبَّاءُ. سَلِّمْ عَلَى الأَحِبَّاءِ بِأَسْمَائِهِمْ. 
يسلم عليك الأحباء = ولم يقل الإخوة تأكيداً على المحبة. وهكذا أيضاً سلم على الأحباء."
يوحنا ثالثة,1,44,"الإصحاح الأول
أية 1 :- اَلشَّيْخُ\'a1 إِلَى غَايُسَ الْحَبِيبِ الَّذِي أَنَا أُحِبُّهُ بِالْحَقِّ 
الرسول يحب بالحق أى لأجل المسيح\'a1 وبالمسيح الذى فيه.

أية 2 :- أَيُّهَا الْحَبِيبُ\'a1 فِي كُلِّ شَيْءٍ أَرُومُ أَنْ تَكُونَ نَاجِحاً وَصَحِيحاً\'a1 كَمَا أَنَّ نَفْسَكَ نَاجِحَة
الرسول يتمنى أن يكون غايس صحيحاً جسدياً. كما أنه نفسياً أى روحياً صحيح. ويرى البعض أن معنى كلام الرسول هنا أن صحة غايس كانت ليست على مايرام. والكنيسة تصلى من أجل صحة أولادها (فى أوشية المرضى) كما تصلى للراقدين والمسافرين. وأهم ما تطلبه لأجلهم هو غفران خطاياهم. 
كما أن نفسك ناجحة = النجاح ليس هو النجاح المادى وصحة الجسد. بل نجاح نفسى يتمثل فى الإحساس بالشبع والفرح والرضى والسلام الذى يملأ القلب. كما قال داود """"أحبك يارب يا قوتى"""" ( مز 18). ودانيال ويوسف كانوا ناجحين. وللأسف فهناك أباء يهتمون بنجاح أولادهم مادياً ودراسياً ولا يهتمون بحياتهم الروحية وأن يصرف أولادهم وقتاً مع الله.

أية 3 :- لأَنِّي فَرِحْتُ جِدّاً إِذْ حَضَرَ إِخْوَةٌ وَشَهِدُوا بِالْحَقِّ الَّذِي فِيكَ\'a1 كَمَا أَنَّكَ تَسْلُكُ بِالْحَقِّ
إذاً هو يكتب ليشجعه أن يستمر فى مسلكه. فرحة الخادم هى أن يرى أولاده يسلكون بالحق وبالمحبة وأن إيمانهم سليم. 

أية 4 :- لَيْسَ لِي فَرَحٌ أَعْظَمُ مِنْ هَذَا: أَنْ أَسْمَعَ عَنْ أَوْلاَدِي أَنَّهُمْ يَسْلُكُونَ بِالْحَقِّ
أسمع عن أولادى = هى أبوة يستمدها من الله وفى الله وبه\'a1 فإن صارت العلاقة خارج الرب يسوع ينطبق عليها هذا القول """" لا تدعوا لكم أباً على الأرض ( مت23: 8 - 10) وراجع ( غل4: 19 \'ba  1كو4: 15 \'ba  1تس2: 11).

أيات 5\'a1 6 :- أَيُّهَا الْحَبِيبُ\'a1 أَنْتَ تَفْعَلُ بِالأَمَانَةِ كُلَّ مَا تَصْنَعُهُ إِلَى الإِخْوَةِ وَإِلَى الْغُرَبَاءِ\'a1 الَّذِينَ شَهِدُوا بِمَحَبَّتِكَ أَمَامَ الْكَنِيسَةِ. الَّذِينَ تَفْعَلُ حَسَناً إِذَا شَيَّعْتَهُمْ كَمَا يَحِقُّ للهِ\'a1
الغرباء = الذين لم يعرفهم غايس قبلاً. الإخوة = هم الذين سبق وعرفهم غايس من قبل. كما يحق لله = الله هو القياس وليس خدامه.

أية 7 :- لأَنَّهُمْ مِنْ أَجْلِ اسْمِهِ خَرَجُوا وَهُمْ لاَ يَأْخُذُونَ شَيْئاً مِنَ الأُمَمِ
واضح أن هؤلاء الإخوة الغرباء خرجوا ليكرزوا للأمم\'a1ويريدون أن تكون خدمتهم مجانية\'a1أى بلا مقابل يأخذونه من الأمم. وغايس أتاح لهم هذا بأن تكفل بإحتياجاتهم المادية.

كان هناك نوعان من الخدام فى الكنيسة الأولى :- 
1.خدام محليين ثابتين مستقرين وهؤلاء يسكنون فى بيوتهم.
2.خدام طوافين ينتقلون من مكان إلى مكان. وهؤلاء لا يمكن لهم أن يستعملوا الفنادق لسمعتها السيئة\'a1 إذاً كانوا محتاجين لمن يستضيفهم (كملاكى لوط). لذلك وجدت وصية """"لا تنسوا إضافة الغرباء"""" ( عب2:13). فكان هذا إحتياج الكنيسة فى تلك الأيام. وكانت تلك الإستضافة تشمل (الطعام والنوم). فهؤلاء الخدام لا يخدمون لربح مادى. ولقد إشترطت الكنيسة على هؤلاء الذين يقيمون أكثر من مدة معينة أن يعملوا ليأكلوا\'a1 يكون لهم عمل يتكسبون منه. لذلك نرى بولس الرسول قد عمل كخيام (صانع خيام).

أية 8 :- فَنَحْنُ يَنْبَغِي لَنَا أَنْ نَقْبَلَ أَمْثَالَ هَؤُلاَءِ\'a1 لِكَيْ نَكُونَ عَامِلِينَ مَعَهُمْ بِالْحَقِّ
من يكرم خدام الله يكرم الله.

أيات 9\'a1 10 :- كَتَبْتُ إِلَى الْكَنِيسَةِ\'a1 وَلَكِنَّ دِيُوتْرِيفِسَ - الَّذِي يُحِبُّ أَنْ يَكُونَ الأَّوَلَ بَيْنَهُمْ - لاَ يَقْبَلُنَا. مِنْ أَجْلِ ذَلِكَ إِذَا جِئْتُ فَسَأُذَكِّرُهُ بِأَعْمَالِهِ الَّتِي يَعْمَلُهَا\'a1 هَاذِراً عَلَيْنَا بِأَقْوَالٍ خَبِيثَةٍ. وَإِذْ هُوَ غَيْرُ مُكْتَفٍ بِهَذِهِ\'a1 لاَ يَقْبَلُ الإِخْوَةَ\'a1 وَيَمْنَعُ أَيْضاً الَّذِينَ يُرِيدُونَ\'a1 وَيَطْرُدُهُمْ مِنَ الْكَنِيسَةِ
يبدو أن ديوتريفس هذا كان شخصاً ذو سلطان فى الكنيسة وربما كان هو الأسقف\'a1 إذ هو قادر أن يمنع أشخاصاً من دخول الكنيسة. 
كتبت إلى الكنيسة = كتب يوحنا رسالة إلى الكنيسة يطلب فيها قبول الإخوة الكارزين\'a1 فمنع ديوتريفس وصول الرسالة للكنيسة. يحب أن يكون الأول = خطية الكبرياء هذه تجعل الخادم ينحرف عن خدمته\'a1 ويحدث الإنشقاق فى الكنيسة. لايقبلنا = هو فى كبريائه لا يطيق الحق\'a1 يريد أن يعلم ولا يتعلم. ولا يقبل هؤلاء الإخوة الذين أرسلهم يوحنا ليكرزوا ويعلموا. بل هو طرد هؤلاء الإخوة\'a1 بل طرد الذين قبلوهم فى بيوتهم = الذين يريدون. والرسول يقول سأذكره = أى يساعده على معرفة أخطائه ليخلص نفسه.

أية 11 :- أَيُّهَا الْحَبِيبُ\'a1 لاَ تَتَمَثَّلْ بِالشَّرِّ بَلْ بِالْخَيْرِ\'a1 لأَنَّ مَنْ يَصْنَعُ الْخَيْرَ هُوَ مِنَ اللهِ\'a1 وَمَنْ يَصْنَعُ الشَّرَّ فَلَمْ يُبْصِرِ اللهَ.
لا تتمثل بالشر = بديوتريفس وأعماله. بل بالخير = أى بديمتريوس.
فلم يبصر الله = من يفعل الشر\'a1ويمتلىء قلبه بالعجرفة وحب الذات ينحنى بإرادته للظلمة فلا يقدر أن يبصر الله """" فلا شركة للنور مع الظلمة"""" ( 2كو6: 14). ومن أبصر الله فلقد أبصر النور فالله نور\'a1والنور يضىء له الطريق فيعرف الحق. 
أية 12 :- دِيمِتْرِيُوسُ مَشْهُودٌ لَهُ مِنَ الْجَمِيعِ وَمِنَ الْحَقِّ نَفْسِهِ\'a1 وَنَحْنُ أَيْضاً نَشْهَدُ\'a1 وَأَنْتُمْ تَعْلَمُونَ أَنَّ شَهَادَتَنَا هِيَ صَادِقَةٌ
ومن الحق نفسه = ربما تعنى أن الله يشهد له  فالله هو الحق. أو تعنى من أعماله أى أعمال ديمتريوس\'a1 فأعماله بحسب الحق\'a1وهى تشهد له. 
ونحن أيضاً = أى أن الرسول إختبره بنفسه. 
مشهود له من الجميع = هكذا أولاد الله نورهم ظاهر للجميع. وبهذا يشجع الرسول\'a1 غايس أن يقتدى بديمتريوس ولا يتشبه بديوتريفس.

أية 13 :- وَكَانَ لِي كَثِيرٌ لأَكْتُبَهُ\'a1 لَكِنَّنِي لَسْتُ أُرِيدُ أَنْ أَكْتُبَ إِلَيْكَ بِحِبْرٍ وَقَلَمٍ
 الجسر= كان من السناج الممزوج بماء ومقوى بالصمغ. والقلم = كان من الغاب المشطوف.

اية 14 :- وَلَكِنَّنِي أَرْجُو أَنْ أَرَاكَ عَنْ قَرِيبٍ فَنَتَكَلَّمَ فَماً لِفَمٍ.
تأكيد على أهمية التقليد.

أية 15 :- سَلاَمٌ لَكَ. يُسَلِّمُ عَلَيْكَ الأَحِبَّاءُ. سَلِّمْ عَلَى الأَحِبَّاءِ بِأَسْمَائِهِمْ. 
يسلم عليك الأحباء = ولم يقل الإخوة تأكيداً على المحبة. وهكذا أيضاً سلم على الأحباء."
يوحنا ثالثة,1,45,"الإصحاح الأول
أية 1 :- اَلشَّيْخُ\'a1 إِلَى غَايُسَ الْحَبِيبِ الَّذِي أَنَا أُحِبُّهُ بِالْحَقِّ 
الرسول يحب بالحق أى لأجل المسيح\'a1 وبالمسيح الذى فيه.

أية 2 :- أَيُّهَا الْحَبِيبُ\'a1 فِي كُلِّ شَيْءٍ أَرُومُ أَنْ تَكُونَ نَاجِحاً وَصَحِيحاً\'a1 كَمَا أَنَّ نَفْسَكَ نَاجِحَة
الرسول يتمنى أن يكون غايس صحيحاً جسدياً. كما أنه نفسياً أى روحياً صحيح. ويرى البعض أن معنى كلام الرسول هنا أن صحة غايس كانت ليست على مايرام. والكنيسة تصلى من أجل صحة أولادها (فى أوشية المرضى) كما تصلى للراقدين والمسافرين. وأهم ما تطلبه لأجلهم هو غفران خطاياهم. 
كما أن نفسك ناجحة = النجاح ليس هو النجاح المادى وصحة الجسد. بل نجاح نفسى يتمثل فى الإحساس بالشبع والفرح والرضى والسلام الذى يملأ القلب. كما قال داود """"أحبك يارب يا قوتى"""" ( مز 18). ودانيال ويوسف كانوا ناجحين. وللأسف فهناك أباء يهتمون بنجاح أولادهم مادياً ودراسياً ولا يهتمون بحياتهم الروحية وأن يصرف أولادهم وقتاً مع الله.

أية 3 :- لأَنِّي فَرِحْتُ جِدّاً إِذْ حَضَرَ إِخْوَةٌ وَشَهِدُوا بِالْحَقِّ الَّذِي فِيكَ\'a1 كَمَا أَنَّكَ تَسْلُكُ بِالْحَقِّ
إذاً هو يكتب ليشجعه أن يستمر فى مسلكه. فرحة الخادم هى أن يرى أولاده يسلكون بالحق وبالمحبة وأن إيمانهم سليم. 

أية 4 :- لَيْسَ لِي فَرَحٌ أَعْظَمُ مِنْ هَذَا: أَنْ أَسْمَعَ عَنْ أَوْلاَدِي أَنَّهُمْ يَسْلُكُونَ بِالْحَقِّ
أسمع عن أولادى = هى أبوة يستمدها من الله وفى الله وبه\'a1 فإن صارت العلاقة خارج الرب يسوع ينطبق عليها هذا القول """" لا تدعوا لكم أباً على الأرض ( مت23: 8 - 10) وراجع ( غل4: 19 \'ba  1كو4: 15 \'ba  1تس2: 11).

أيات 5\'a1 6 :- أَيُّهَا الْحَبِيبُ\'a1 أَنْتَ تَفْعَلُ بِالأَمَانَةِ كُلَّ مَا تَصْنَعُهُ إِلَى الإِخْوَةِ وَإِلَى الْغُرَبَاءِ\'a1 الَّذِينَ شَهِدُوا بِمَحَبَّتِكَ أَمَامَ الْكَنِيسَةِ. الَّذِينَ تَفْعَلُ حَسَناً إِذَا شَيَّعْتَهُمْ كَمَا يَحِقُّ للهِ\'a1
الغرباء = الذين لم يعرفهم غايس قبلاً. الإخوة = هم الذين سبق وعرفهم غايس من قبل. كما يحق لله = الله هو القياس وليس خدامه.

أية 7 :- لأَنَّهُمْ مِنْ أَجْلِ اسْمِهِ خَرَجُوا وَهُمْ لاَ يَأْخُذُونَ شَيْئاً مِنَ الأُمَمِ
واضح أن هؤلاء الإخوة الغرباء خرجوا ليكرزوا للأمم\'a1ويريدون أن تكون خدمتهم مجانية\'a1أى بلا مقابل يأخذونه من الأمم. وغايس أتاح لهم هذا بأن تكفل بإحتياجاتهم المادية.

كان هناك نوعان من الخدام فى الكنيسة الأولى :- 
1.خدام محليين ثابتين مستقرين وهؤلاء يسكنون فى بيوتهم.
2.خدام طوافين ينتقلون من مكان إلى مكان. وهؤلاء لا يمكن لهم أن يستعملوا الفنادق لسمعتها السيئة\'a1 إذاً كانوا محتاجين لمن يستضيفهم (كملاكى لوط). لذلك وجدت وصية """"لا تنسوا إضافة الغرباء"""" ( عب2:13). فكان هذا إحتياج الكنيسة فى تلك الأيام. وكانت تلك الإستضافة تشمل (الطعام والنوم). فهؤلاء الخدام لا يخدمون لربح مادى. ولقد إشترطت الكنيسة على هؤلاء الذين يقيمون أكثر من مدة معينة أن يعملوا ليأكلوا\'a1 يكون لهم عمل يتكسبون منه. لذلك نرى بولس الرسول قد عمل كخيام (صانع خيام).

أية 8 :- فَنَحْنُ يَنْبَغِي لَنَا أَنْ نَقْبَلَ أَمْثَالَ هَؤُلاَءِ\'a1 لِكَيْ نَكُونَ عَامِلِينَ مَعَهُمْ بِالْحَقِّ
من يكرم خدام الله يكرم الله.

أيات 9\'a1 10 :- كَتَبْتُ إِلَى الْكَنِيسَةِ\'a1 وَلَكِنَّ دِيُوتْرِيفِسَ - الَّذِي يُحِبُّ أَنْ يَكُونَ الأَّوَلَ بَيْنَهُمْ - لاَ يَقْبَلُنَا. مِنْ أَجْلِ ذَلِكَ إِذَا جِئْتُ فَسَأُذَكِّرُهُ بِأَعْمَالِهِ الَّتِي يَعْمَلُهَا\'a1 هَاذِراً عَلَيْنَا بِأَقْوَالٍ خَبِيثَةٍ. وَإِذْ هُوَ غَيْرُ مُكْتَفٍ بِهَذِهِ\'a1 لاَ يَقْبَلُ الإِخْوَةَ\'a1 وَيَمْنَعُ أَيْضاً الَّذِينَ يُرِيدُونَ\'a1 وَيَطْرُدُهُمْ مِنَ الْكَنِيسَةِ
يبدو أن ديوتريفس هذا كان شخصاً ذو سلطان فى الكنيسة وربما كان هو الأسقف\'a1 إذ هو قادر أن يمنع أشخاصاً من دخول الكنيسة. 
كتبت إلى الكنيسة = كتب يوحنا رسالة إلى الكنيسة يطلب فيها قبول الإخوة الكارزين\'a1 فمنع ديوتريفس وصول الرسالة للكنيسة. يحب أن يكون الأول = خطية الكبرياء هذه تجعل الخادم ينحرف عن خدمته\'a1 ويحدث الإنشقاق فى الكنيسة. لايقبلنا = هو فى كبريائه لا يطيق الحق\'a1 يريد أن يعلم ولا يتعلم. ولا يقبل هؤلاء الإخوة الذين أرسلهم يوحنا ليكرزوا ويعلموا. بل هو طرد هؤلاء الإخوة\'a1 بل طرد الذين قبلوهم فى بيوتهم = الذين يريدون. والرسول يقول سأذكره = أى يساعده على معرفة أخطائه ليخلص نفسه.

أية 11 :- أَيُّهَا الْحَبِيبُ\'a1 لاَ تَتَمَثَّلْ بِالشَّرِّ بَلْ بِالْخَيْرِ\'a1 لأَنَّ مَنْ يَصْنَعُ الْخَيْرَ هُوَ مِنَ اللهِ\'a1 وَمَنْ يَصْنَعُ الشَّرَّ فَلَمْ يُبْصِرِ اللهَ.
لا تتمثل بالشر = بديوتريفس وأعماله. بل بالخير = أى بديمتريوس.
فلم يبصر الله = من يفعل الشر\'a1ويمتلىء قلبه بالعجرفة وحب الذات ينحنى بإرادته للظلمة فلا يقدر أن يبصر الله """" فلا شركة للنور مع الظلمة"""" ( 2كو6: 14). ومن أبصر الله فلقد أبصر النور فالله نور\'a1والنور يضىء له الطريق فيعرف الحق. 
أية 12 :- دِيمِتْرِيُوسُ مَشْهُودٌ لَهُ مِنَ الْجَمِيعِ وَمِنَ الْحَقِّ نَفْسِهِ\'a1 وَنَحْنُ أَيْضاً نَشْهَدُ\'a1 وَأَنْتُمْ تَعْلَمُونَ أَنَّ شَهَادَتَنَا هِيَ صَادِقَةٌ
ومن الحق نفسه = ربما تعنى أن الله يشهد له  فالله هو الحق. أو تعنى من أعماله أى أعمال ديمتريوس\'a1 فأعماله بحسب الحق\'a1وهى تشهد له. 
ونحن أيضاً = أى أن الرسول إختبره بنفسه. 
مشهود له من الجميع = هكذا أولاد الله نورهم ظاهر للجميع. وبهذا يشجع الرسول\'a1 غايس أن يقتدى بديمتريوس ولا يتشبه بديوتريفس.

أية 13 :- وَكَانَ لِي كَثِيرٌ لأَكْتُبَهُ\'a1 لَكِنَّنِي لَسْتُ أُرِيدُ أَنْ أَكْتُبَ إِلَيْكَ بِحِبْرٍ وَقَلَمٍ
 الجسر= كان من السناج الممزوج بماء ومقوى بالصمغ. والقلم = كان من الغاب المشطوف.

اية 14 :- وَلَكِنَّنِي أَرْجُو أَنْ أَرَاكَ عَنْ قَرِيبٍ فَنَتَكَلَّمَ فَماً لِفَمٍ.
تأكيد على أهمية التقليد.

أية 15 :- سَلاَمٌ لَكَ. يُسَلِّمُ عَلَيْكَ الأَحِبَّاءُ. سَلِّمْ عَلَى الأَحِبَّاءِ بِأَسْمَائِهِمْ. 
يسلم عليك الأحباء = ولم يقل الإخوة تأكيداً على المحبة. وهكذا أيضاً سلم على الأحباء."
يوحنا ثالثة,1,46,"الإصحاح الأول
أية 1 :- اَلشَّيْخُ\'a1 إِلَى غَايُسَ الْحَبِيبِ الَّذِي أَنَا أُحِبُّهُ بِالْحَقِّ 
الرسول يحب بالحق أى لأجل المسيح\'a1 وبالمسيح الذى فيه.

أية 2 :- أَيُّهَا الْحَبِيبُ\'a1 فِي كُلِّ شَيْءٍ أَرُومُ أَنْ تَكُونَ نَاجِحاً وَصَحِيحاً\'a1 كَمَا أَنَّ نَفْسَكَ نَاجِحَة
الرسول يتمنى أن يكون غايس صحيحاً جسدياً. كما أنه نفسياً أى روحياً صحيح. ويرى البعض أن معنى كلام الرسول هنا أن صحة غايس كانت ليست على مايرام. والكنيسة تصلى من أجل صحة أولادها (فى أوشية المرضى) كما تصلى للراقدين والمسافرين. وأهم ما تطلبه لأجلهم هو غفران خطاياهم. 
كما أن نفسك ناجحة = النجاح ليس هو النجاح المادى وصحة الجسد. بل نجاح نفسى يتمثل فى الإحساس بالشبع والفرح والرضى والسلام الذى يملأ القلب. كما قال داود """"أحبك يارب يا قوتى"""" ( مز 18). ودانيال ويوسف كانوا ناجحين. وللأسف فهناك أباء يهتمون بنجاح أولادهم مادياً ودراسياً ولا يهتمون بحياتهم الروحية وأن يصرف أولادهم وقتاً مع الله.

أية 3 :- لأَنِّي فَرِحْتُ جِدّاً إِذْ حَضَرَ إِخْوَةٌ وَشَهِدُوا بِالْحَقِّ الَّذِي فِيكَ\'a1 كَمَا أَنَّكَ تَسْلُكُ بِالْحَقِّ
إذاً هو يكتب ليشجعه أن يستمر فى مسلكه. فرحة الخادم هى أن يرى أولاده يسلكون بالحق وبالمحبة وأن إيمانهم سليم. 

أية 4 :- لَيْسَ لِي فَرَحٌ أَعْظَمُ مِنْ هَذَا: أَنْ أَسْمَعَ عَنْ أَوْلاَدِي أَنَّهُمْ يَسْلُكُونَ بِالْحَقِّ
أسمع عن أولادى = هى أبوة يستمدها من الله وفى الله وبه\'a1 فإن صارت العلاقة خارج الرب يسوع ينطبق عليها هذا القول """" لا تدعوا لكم أباً على الأرض ( مت23: 8 - 10) وراجع ( غل4: 19 \'ba  1كو4: 15 \'ba  1تس2: 11).

أيات 5\'a1 6 :- أَيُّهَا الْحَبِيبُ\'a1 أَنْتَ تَفْعَلُ بِالأَمَانَةِ كُلَّ مَا تَصْنَعُهُ إِلَى الإِخْوَةِ وَإِلَى الْغُرَبَاءِ\'a1 الَّذِينَ شَهِدُوا بِمَحَبَّتِكَ أَمَامَ الْكَنِيسَةِ. الَّذِينَ تَفْعَلُ حَسَناً إِذَا شَيَّعْتَهُمْ كَمَا يَحِقُّ للهِ\'a1
الغرباء = الذين لم يعرفهم غايس قبلاً. الإخوة = هم الذين سبق وعرفهم غايس من قبل. كما يحق لله = الله هو القياس وليس خدامه.

أية 7 :- لأَنَّهُمْ مِنْ أَجْلِ اسْمِهِ خَرَجُوا وَهُمْ لاَ يَأْخُذُونَ شَيْئاً مِنَ الأُمَمِ
واضح أن هؤلاء الإخوة الغرباء خرجوا ليكرزوا للأمم\'a1ويريدون أن تكون خدمتهم مجانية\'a1أى بلا مقابل يأخذونه من الأمم. وغايس أتاح لهم هذا بأن تكفل بإحتياجاتهم المادية.

كان هناك نوعان من الخدام فى الكنيسة الأولى :- 
1.خدام محليين ثابتين مستقرين وهؤلاء يسكنون فى بيوتهم.
2.خدام طوافين ينتقلون من مكان إلى مكان. وهؤلاء لا يمكن لهم أن يستعملوا الفنادق لسمعتها السيئة\'a1 إذاً كانوا محتاجين لمن يستضيفهم (كملاكى لوط). لذلك وجدت وصية """"لا تنسوا إضافة الغرباء"""" ( عب2:13). فكان هذا إحتياج الكنيسة فى تلك الأيام. وكانت تلك الإستضافة تشمل (الطعام والنوم). فهؤلاء الخدام لا يخدمون لربح مادى. ولقد إشترطت الكنيسة على هؤلاء الذين يقيمون أكثر من مدة معينة أن يعملوا ليأكلوا\'a1 يكون لهم عمل يتكسبون منه. لذلك نرى بولس الرسول قد عمل كخيام (صانع خيام).

أية 8 :- فَنَحْنُ يَنْبَغِي لَنَا أَنْ نَقْبَلَ أَمْثَالَ هَؤُلاَءِ\'a1 لِكَيْ نَكُونَ عَامِلِينَ مَعَهُمْ بِالْحَقِّ
من يكرم خدام الله يكرم الله.

أيات 9\'a1 10 :- كَتَبْتُ إِلَى الْكَنِيسَةِ\'a1 وَلَكِنَّ دِيُوتْرِيفِسَ - الَّذِي يُحِبُّ أَنْ يَكُونَ الأَّوَلَ بَيْنَهُمْ - لاَ يَقْبَلُنَا. مِنْ أَجْلِ ذَلِكَ إِذَا جِئْتُ فَسَأُذَكِّرُهُ بِأَعْمَالِهِ الَّتِي يَعْمَلُهَا\'a1 هَاذِراً عَلَيْنَا بِأَقْوَالٍ خَبِيثَةٍ. وَإِذْ هُوَ غَيْرُ مُكْتَفٍ بِهَذِهِ\'a1 لاَ يَقْبَلُ الإِخْوَةَ\'a1 وَيَمْنَعُ أَيْضاً الَّذِينَ يُرِيدُونَ\'a1 وَيَطْرُدُهُمْ مِنَ الْكَنِيسَةِ
يبدو أن ديوتريفس هذا كان شخصاً ذو سلطان فى الكنيسة وربما كان هو الأسقف\'a1 إذ هو قادر أن يمنع أشخاصاً من دخول الكنيسة. 
كتبت إلى الكنيسة = كتب يوحنا رسالة إلى الكنيسة يطلب فيها قبول الإخوة الكارزين\'a1 فمنع ديوتريفس وصول الرسالة للكنيسة. يحب أن يكون الأول = خطية الكبرياء هذه تجعل الخادم ينحرف عن خدمته\'a1 ويحدث الإنشقاق فى الكنيسة. لايقبلنا = هو فى كبريائه لا يطيق الحق\'a1 يريد أن يعلم ولا يتعلم. ولا يقبل هؤلاء الإخوة الذين أرسلهم يوحنا ليكرزوا ويعلموا. بل هو طرد هؤلاء الإخوة\'a1 بل طرد الذين قبلوهم فى بيوتهم = الذين يريدون. والرسول يقول سأذكره = أى يساعده على معرفة أخطائه ليخلص نفسه.

أية 11 :- أَيُّهَا الْحَبِيبُ\'a1 لاَ تَتَمَثَّلْ بِالشَّرِّ بَلْ بِالْخَيْرِ\'a1 لأَنَّ مَنْ يَصْنَعُ الْخَيْرَ هُوَ مِنَ اللهِ\'a1 وَمَنْ يَصْنَعُ الشَّرَّ فَلَمْ يُبْصِرِ اللهَ.
لا تتمثل بالشر = بديوتريفس وأعماله. بل بالخير = أى بديمتريوس.
فلم يبصر الله = من يفعل الشر\'a1ويمتلىء قلبه بالعجرفة وحب الذات ينحنى بإرادته للظلمة فلا يقدر أن يبصر الله """" فلا شركة للنور مع الظلمة"""" ( 2كو6: 14). ومن أبصر الله فلقد أبصر النور فالله نور\'a1والنور يضىء له الطريق فيعرف الحق. 
أية 12 :- دِيمِتْرِيُوسُ مَشْهُودٌ لَهُ مِنَ الْجَمِيعِ وَمِنَ الْحَقِّ نَفْسِهِ\'a1 وَنَحْنُ أَيْضاً نَشْهَدُ\'a1 وَأَنْتُمْ تَعْلَمُونَ أَنَّ شَهَادَتَنَا هِيَ صَادِقَةٌ
ومن الحق نفسه = ربما تعنى أن الله يشهد له  فالله هو الحق. أو تعنى من أعماله أى أعمال ديمتريوس\'a1 فأعماله بحسب الحق\'a1وهى تشهد له. 
ونحن أيضاً = أى أن الرسول إختبره بنفسه. 
مشهود له من الجميع = هكذا أولاد الله نورهم ظاهر للجميع. وبهذا يشجع الرسول\'a1 غايس أن يقتدى بديمتريوس ولا يتشبه بديوتريفس.

أية 13 :- وَكَانَ لِي كَثِيرٌ لأَكْتُبَهُ\'a1 لَكِنَّنِي لَسْتُ أُرِيدُ أَنْ أَكْتُبَ إِلَيْكَ بِحِبْرٍ وَقَلَمٍ
 الجسر= كان من السناج الممزوج بماء ومقوى بالصمغ. والقلم = كان من الغاب المشطوف.

اية 14 :- وَلَكِنَّنِي أَرْجُو أَنْ أَرَاكَ عَنْ قَرِيبٍ فَنَتَكَلَّمَ فَماً لِفَمٍ.
تأكيد على أهمية التقليد.

أية 15 :- سَلاَمٌ لَكَ. يُسَلِّمُ عَلَيْكَ الأَحِبَّاءُ. سَلِّمْ عَلَى الأَحِبَّاءِ بِأَسْمَائِهِمْ. 
يسلم عليك الأحباء = ولم يقل الإخوة تأكيداً على المحبة. وهكذا أيضاً سلم على الأحباء."
يوحنا ثالثة,1,47,"الإصحاح الأول
أية 1 :- اَلشَّيْخُ\'a1 إِلَى غَايُسَ الْحَبِيبِ الَّذِي أَنَا أُحِبُّهُ بِالْحَقِّ 
الرسول يحب بالحق أى لأجل المسيح\'a1 وبالمسيح الذى فيه.

أية 2 :- أَيُّهَا الْحَبِيبُ\'a1 فِي كُلِّ شَيْءٍ أَرُومُ أَنْ تَكُونَ نَاجِحاً وَصَحِيحاً\'a1 كَمَا أَنَّ نَفْسَكَ نَاجِحَة
الرسول يتمنى أن يكون غايس صحيحاً جسدياً. كما أنه نفسياً أى روحياً صحيح. ويرى البعض أن معنى كلام الرسول هنا أن صحة غايس كانت ليست على مايرام. والكنيسة تصلى من أجل صحة أولادها (فى أوشية المرضى) كما تصلى للراقدين والمسافرين. وأهم ما تطلبه لأجلهم هو غفران خطاياهم. 
كما أن نفسك ناجحة = النجاح ليس هو النجاح المادى وصحة الجسد. بل نجاح نفسى يتمثل فى الإحساس بالشبع والفرح والرضى والسلام الذى يملأ القلب. كما قال داود """"أحبك يارب يا قوتى"""" ( مز 18). ودانيال ويوسف كانوا ناجحين. وللأسف فهناك أباء يهتمون بنجاح أولادهم مادياً ودراسياً ولا يهتمون بحياتهم الروحية وأن يصرف أولادهم وقتاً مع الله.

أية 3 :- لأَنِّي فَرِحْتُ جِدّاً إِذْ حَضَرَ إِخْوَةٌ وَشَهِدُوا بِالْحَقِّ الَّذِي فِيكَ\'a1 كَمَا أَنَّكَ تَسْلُكُ بِالْحَقِّ
إذاً هو يكتب ليشجعه أن يستمر فى مسلكه. فرحة الخادم هى أن يرى أولاده يسلكون بالحق وبالمحبة وأن إيمانهم سليم. 

أية 4 :- لَيْسَ لِي فَرَحٌ أَعْظَمُ مِنْ هَذَا: أَنْ أَسْمَعَ عَنْ أَوْلاَدِي أَنَّهُمْ يَسْلُكُونَ بِالْحَقِّ
أسمع عن أولادى = هى أبوة يستمدها من الله وفى الله وبه\'a1 فإن صارت العلاقة خارج الرب يسوع ينطبق عليها هذا القول """" لا تدعوا لكم أباً على الأرض ( مت23: 8 - 10) وراجع ( غل4: 19 \'ba  1كو4: 15 \'ba  1تس2: 11).

أيات 5\'a1 6 :- أَيُّهَا الْحَبِيبُ\'a1 أَنْتَ تَفْعَلُ بِالأَمَانَةِ كُلَّ مَا تَصْنَعُهُ إِلَى الإِخْوَةِ وَإِلَى الْغُرَبَاءِ\'a1 الَّذِينَ شَهِدُوا بِمَحَبَّتِكَ أَمَامَ الْكَنِيسَةِ. الَّذِينَ تَفْعَلُ حَسَناً إِذَا شَيَّعْتَهُمْ كَمَا يَحِقُّ للهِ\'a1
الغرباء = الذين لم يعرفهم غايس قبلاً. الإخوة = هم الذين سبق وعرفهم غايس من قبل. كما يحق لله = الله هو القياس وليس خدامه.

أية 7 :- لأَنَّهُمْ مِنْ أَجْلِ اسْمِهِ خَرَجُوا وَهُمْ لاَ يَأْخُذُونَ شَيْئاً مِنَ الأُمَمِ
واضح أن هؤلاء الإخوة الغرباء خرجوا ليكرزوا للأمم\'a1ويريدون أن تكون خدمتهم مجانية\'a1أى بلا مقابل يأخذونه من الأمم. وغايس أتاح لهم هذا بأن تكفل بإحتياجاتهم المادية.

كان هناك نوعان من الخدام فى الكنيسة الأولى :- 
1.خدام محليين ثابتين مستقرين وهؤلاء يسكنون فى بيوتهم.
2.خدام طوافين ينتقلون من مكان إلى مكان. وهؤلاء لا يمكن لهم أن يستعملوا الفنادق لسمعتها السيئة\'a1 إذاً كانوا محتاجين لمن يستضيفهم (كملاكى لوط). لذلك وجدت وصية """"لا تنسوا إضافة الغرباء"""" ( عب2:13). فكان هذا إحتياج الكنيسة فى تلك الأيام. وكانت تلك الإستضافة تشمل (الطعام والنوم). فهؤلاء الخدام لا يخدمون لربح مادى. ولقد إشترطت الكنيسة على هؤلاء الذين يقيمون أكثر من مدة معينة أن يعملوا ليأكلوا\'a1 يكون لهم عمل يتكسبون منه. لذلك نرى بولس الرسول قد عمل كخيام (صانع خيام).

أية 8 :- فَنَحْنُ يَنْبَغِي لَنَا أَنْ نَقْبَلَ أَمْثَالَ هَؤُلاَءِ\'a1 لِكَيْ نَكُونَ عَامِلِينَ مَعَهُمْ بِالْحَقِّ
من يكرم خدام الله يكرم الله.

أيات 9\'a1 10 :- كَتَبْتُ إِلَى الْكَنِيسَةِ\'a1 وَلَكِنَّ دِيُوتْرِيفِسَ - الَّذِي يُحِبُّ أَنْ يَكُونَ الأَّوَلَ بَيْنَهُمْ - لاَ يَقْبَلُنَا. مِنْ أَجْلِ ذَلِكَ إِذَا جِئْتُ فَسَأُذَكِّرُهُ بِأَعْمَالِهِ الَّتِي يَعْمَلُهَا\'a1 هَاذِراً عَلَيْنَا بِأَقْوَالٍ خَبِيثَةٍ. وَإِذْ هُوَ غَيْرُ مُكْتَفٍ بِهَذِهِ\'a1 لاَ يَقْبَلُ الإِخْوَةَ\'a1 وَيَمْنَعُ أَيْضاً الَّذِينَ يُرِيدُونَ\'a1 وَيَطْرُدُهُمْ مِنَ الْكَنِيسَةِ
يبدو أن ديوتريفس هذا كان شخصاً ذو سلطان فى الكنيسة وربما كان هو الأسقف\'a1 إذ هو قادر أن يمنع أشخاصاً من دخول الكنيسة. 
كتبت إلى الكنيسة = كتب يوحنا رسالة إلى الكنيسة يطلب فيها قبول الإخوة الكارزين\'a1 فمنع ديوتريفس وصول الرسالة للكنيسة. يحب أن يكون الأول = خطية الكبرياء هذه تجعل الخادم ينحرف عن خدمته\'a1 ويحدث الإنشقاق فى الكنيسة. لايقبلنا = هو فى كبريائه لا يطيق الحق\'a1 يريد أن يعلم ولا يتعلم. ولا يقبل هؤلاء الإخوة الذين أرسلهم يوحنا ليكرزوا ويعلموا. بل هو طرد هؤلاء الإخوة\'a1 بل طرد الذين قبلوهم فى بيوتهم = الذين يريدون. والرسول يقول سأذكره = أى يساعده على معرفة أخطائه ليخلص نفسه.

أية 11 :- أَيُّهَا الْحَبِيبُ\'a1 لاَ تَتَمَثَّلْ بِالشَّرِّ بَلْ بِالْخَيْرِ\'a1 لأَنَّ مَنْ يَصْنَعُ الْخَيْرَ هُوَ مِنَ اللهِ\'a1 وَمَنْ يَصْنَعُ الشَّرَّ فَلَمْ يُبْصِرِ اللهَ.
لا تتمثل بالشر = بديوتريفس وأعماله. بل بالخير = أى بديمتريوس.
فلم يبصر الله = من يفعل الشر\'a1ويمتلىء قلبه بالعجرفة وحب الذات ينحنى بإرادته للظلمة فلا يقدر أن يبصر الله """" فلا شركة للنور مع الظلمة"""" ( 2كو6: 14). ومن أبصر الله فلقد أبصر النور فالله نور\'a1والنور يضىء له الطريق فيعرف الحق. 
أية 12 :- دِيمِتْرِيُوسُ مَشْهُودٌ لَهُ مِنَ الْجَمِيعِ وَمِنَ الْحَقِّ نَفْسِهِ\'a1 وَنَحْنُ أَيْضاً نَشْهَدُ\'a1 وَأَنْتُمْ تَعْلَمُونَ أَنَّ شَهَادَتَنَا هِيَ صَادِقَةٌ
ومن الحق نفسه = ربما تعنى أن الله يشهد له  فالله هو الحق. أو تعنى من أعماله أى أعمال ديمتريوس\'a1 فأعماله بحسب الحق\'a1وهى تشهد له. 
ونحن أيضاً = أى أن الرسول إختبره بنفسه. 
مشهود له من الجميع = هكذا أولاد الله نورهم ظاهر للجميع. وبهذا يشجع الرسول\'a1 غايس أن يقتدى بديمتريوس ولا يتشبه بديوتريفس.

أية 13 :- وَكَانَ لِي كَثِيرٌ لأَكْتُبَهُ\'a1 لَكِنَّنِي لَسْتُ أُرِيدُ أَنْ أَكْتُبَ إِلَيْكَ بِحِبْرٍ وَقَلَمٍ
 الجسر= كان من السناج الممزوج بماء ومقوى بالصمغ. والقلم = كان من الغاب المشطوف.

اية 14 :- وَلَكِنَّنِي أَرْجُو أَنْ أَرَاكَ عَنْ قَرِيبٍ فَنَتَكَلَّمَ فَماً لِفَمٍ.
تأكيد على أهمية التقليد.

أية 15 :- سَلاَمٌ لَكَ. يُسَلِّمُ عَلَيْكَ الأَحِبَّاءُ. سَلِّمْ عَلَى الأَحِبَّاءِ بِأَسْمَائِهِمْ. 
يسلم عليك الأحباء = ولم يقل الإخوة تأكيداً على المحبة. وهكذا أيضاً سلم على الأحباء."
يوحنا ثالثة,1,48,"الإصحاح الأول
أية 1 :- اَلشَّيْخُ\'a1 إِلَى غَايُسَ الْحَبِيبِ الَّذِي أَنَا أُحِبُّهُ بِالْحَقِّ 
الرسول يحب بالحق أى لأجل المسيح\'a1 وبالمسيح الذى فيه.

أية 2 :- أَيُّهَا الْحَبِيبُ\'a1 فِي كُلِّ شَيْءٍ أَرُومُ أَنْ تَكُونَ نَاجِحاً وَصَحِيحاً\'a1 كَمَا أَنَّ نَفْسَكَ نَاجِحَة
الرسول يتمنى أن يكون غايس صحيحاً جسدياً. كما أنه نفسياً أى روحياً صحيح. ويرى البعض أن معنى كلام الرسول هنا أن صحة غايس كانت ليست على مايرام. والكنيسة تصلى من أجل صحة أولادها (فى أوشية المرضى) كما تصلى للراقدين والمسافرين. وأهم ما تطلبه لأجلهم هو غفران خطاياهم. 
كما أن نفسك ناجحة = النجاح ليس هو النجاح المادى وصحة الجسد. بل نجاح نفسى يتمثل فى الإحساس بالشبع والفرح والرضى والسلام الذى يملأ القلب. كما قال داود """"أحبك يارب يا قوتى"""" ( مز 18). ودانيال ويوسف كانوا ناجحين. وللأسف فهناك أباء يهتمون بنجاح أولادهم مادياً ودراسياً ولا يهتمون بحياتهم الروحية وأن يصرف أولادهم وقتاً مع الله.

أية 3 :- لأَنِّي فَرِحْتُ جِدّاً إِذْ حَضَرَ إِخْوَةٌ وَشَهِدُوا بِالْحَقِّ الَّذِي فِيكَ\'a1 كَمَا أَنَّكَ تَسْلُكُ بِالْحَقِّ
إذاً هو يكتب ليشجعه أن يستمر فى مسلكه. فرحة الخادم هى أن يرى أولاده يسلكون بالحق وبالمحبة وأن إيمانهم سليم. 

أية 4 :- لَيْسَ لِي فَرَحٌ أَعْظَمُ مِنْ هَذَا: أَنْ أَسْمَعَ عَنْ أَوْلاَدِي أَنَّهُمْ يَسْلُكُونَ بِالْحَقِّ
أسمع عن أولادى = هى أبوة يستمدها من الله وفى الله وبه\'a1 فإن صارت العلاقة خارج الرب يسوع ينطبق عليها هذا القول """" لا تدعوا لكم أباً على الأرض ( مت23: 8 - 10) وراجع ( غل4: 19 \'ba  1كو4: 15 \'ba  1تس2: 11).

أيات 5\'a1 6 :- أَيُّهَا الْحَبِيبُ\'a1 أَنْتَ تَفْعَلُ بِالأَمَانَةِ كُلَّ مَا تَصْنَعُهُ إِلَى الإِخْوَةِ وَإِلَى الْغُرَبَاءِ\'a1 الَّذِينَ شَهِدُوا بِمَحَبَّتِكَ أَمَامَ الْكَنِيسَةِ. الَّذِينَ تَفْعَلُ حَسَناً إِذَا شَيَّعْتَهُمْ كَمَا يَحِقُّ للهِ\'a1
الغرباء = الذين لم يعرفهم غايس قبلاً. الإخوة = هم الذين سبق وعرفهم غايس من قبل. كما يحق لله = الله هو القياس وليس خدامه.

أية 7 :- لأَنَّهُمْ مِنْ أَجْلِ اسْمِهِ خَرَجُوا وَهُمْ لاَ يَأْخُذُونَ شَيْئاً مِنَ الأُمَمِ
واضح أن هؤلاء الإخوة الغرباء خرجوا ليكرزوا للأمم\'a1ويريدون أن تكون خدمتهم مجانية\'a1أى بلا مقابل يأخذونه من الأمم. وغايس أتاح لهم هذا بأن تكفل بإحتياجاتهم المادية.

كان هناك نوعان من الخدام فى الكنيسة الأولى :- 
1.خدام محليين ثابتين مستقرين وهؤلاء يسكنون فى بيوتهم.
2.خدام طوافين ينتقلون من مكان إلى مكان. وهؤلاء لا يمكن لهم أن يستعملوا الفنادق لسمعتها السيئة\'a1 إذاً كانوا محتاجين لمن يستضيفهم (كملاكى لوط). لذلك وجدت وصية """"لا تنسوا إضافة الغرباء"""" ( عب2:13). فكان هذا إحتياج الكنيسة فى تلك الأيام. وكانت تلك الإستضافة تشمل (الطعام والنوم). فهؤلاء الخدام لا يخدمون لربح مادى. ولقد إشترطت الكنيسة على هؤلاء الذين يقيمون أكثر من مدة معينة أن يعملوا ليأكلوا\'a1 يكون لهم عمل يتكسبون منه. لذلك نرى بولس الرسول قد عمل كخيام (صانع خيام).

أية 8 :- فَنَحْنُ يَنْبَغِي لَنَا أَنْ نَقْبَلَ أَمْثَالَ هَؤُلاَءِ\'a1 لِكَيْ نَكُونَ عَامِلِينَ مَعَهُمْ بِالْحَقِّ
من يكرم خدام الله يكرم الله.

أيات 9\'a1 10 :- كَتَبْتُ إِلَى الْكَنِيسَةِ\'a1 وَلَكِنَّ دِيُوتْرِيفِسَ - الَّذِي يُحِبُّ أَنْ يَكُونَ الأَّوَلَ بَيْنَهُمْ - لاَ يَقْبَلُنَا. مِنْ أَجْلِ ذَلِكَ إِذَا جِئْتُ فَسَأُذَكِّرُهُ بِأَعْمَالِهِ الَّتِي يَعْمَلُهَا\'a1 هَاذِراً عَلَيْنَا بِأَقْوَالٍ خَبِيثَةٍ. وَإِذْ هُوَ غَيْرُ مُكْتَفٍ بِهَذِهِ\'a1 لاَ يَقْبَلُ الإِخْوَةَ\'a1 وَيَمْنَعُ أَيْضاً الَّذِينَ يُرِيدُونَ\'a1 وَيَطْرُدُهُمْ مِنَ الْكَنِيسَةِ
يبدو أن ديوتريفس هذا كان شخصاً ذو سلطان فى الكنيسة وربما كان هو الأسقف\'a1 إذ هو قادر أن يمنع أشخاصاً من دخول الكنيسة. 
كتبت إلى الكنيسة = كتب يوحنا رسالة إلى الكنيسة يطلب فيها قبول الإخوة الكارزين\'a1 فمنع ديوتريفس وصول الرسالة للكنيسة. يحب أن يكون الأول = خطية الكبرياء هذه تجعل الخادم ينحرف عن خدمته\'a1 ويحدث الإنشقاق فى الكنيسة. لايقبلنا = هو فى كبريائه لا يطيق الحق\'a1 يريد أن يعلم ولا يتعلم. ولا يقبل هؤلاء الإخوة الذين أرسلهم يوحنا ليكرزوا ويعلموا. بل هو طرد هؤلاء الإخوة\'a1 بل طرد الذين قبلوهم فى بيوتهم = الذين يريدون. والرسول يقول سأذكره = أى يساعده على معرفة أخطائه ليخلص نفسه.

أية 11 :- أَيُّهَا الْحَبِيبُ\'a1 لاَ تَتَمَثَّلْ بِالشَّرِّ بَلْ بِالْخَيْرِ\'a1 لأَنَّ مَنْ يَصْنَعُ الْخَيْرَ هُوَ مِنَ اللهِ\'a1 وَمَنْ يَصْنَعُ الشَّرَّ فَلَمْ يُبْصِرِ اللهَ.
لا تتمثل بالشر = بديوتريفس وأعماله. بل بالخير = أى بديمتريوس.
فلم يبصر الله = من يفعل الشر\'a1ويمتلىء قلبه بالعجرفة وحب الذات ينحنى بإرادته للظلمة فلا يقدر أن يبصر الله """" فلا شركة للنور مع الظلمة"""" ( 2كو6: 14). ومن أبصر الله فلقد أبصر النور فالله نور\'a1والنور يضىء له الطريق فيعرف الحق. 
أية 12 :- دِيمِتْرِيُوسُ مَشْهُودٌ لَهُ مِنَ الْجَمِيعِ وَمِنَ الْحَقِّ نَفْسِهِ\'a1 وَنَحْنُ أَيْضاً نَشْهَدُ\'a1 وَأَنْتُمْ تَعْلَمُونَ أَنَّ شَهَادَتَنَا هِيَ صَادِقَةٌ
ومن الحق نفسه = ربما تعنى أن الله يشهد له  فالله هو الحق. أو تعنى من أعماله أى أعمال ديمتريوس\'a1 فأعماله بحسب الحق\'a1وهى تشهد له. 
ونحن أيضاً = أى أن الرسول إختبره بنفسه. 
مشهود له من الجميع = هكذا أولاد الله نورهم ظاهر للجميع. وبهذا يشجع الرسول\'a1 غايس أن يقتدى بديمتريوس ولا يتشبه بديوتريفس.

أية 13 :- وَكَانَ لِي كَثِيرٌ لأَكْتُبَهُ\'a1 لَكِنَّنِي لَسْتُ أُرِيدُ أَنْ أَكْتُبَ إِلَيْكَ بِحِبْرٍ وَقَلَمٍ
 الجسر= كان من السناج الممزوج بماء ومقوى بالصمغ. والقلم = كان من الغاب المشطوف.

اية 14 :- وَلَكِنَّنِي أَرْجُو أَنْ أَرَاكَ عَنْ قَرِيبٍ فَنَتَكَلَّمَ فَماً لِفَمٍ.
تأكيد على أهمية التقليد.

أية 15 :- سَلاَمٌ لَكَ. يُسَلِّمُ عَلَيْكَ الأَحِبَّاءُ. سَلِّمْ عَلَى الأَحِبَّاءِ بِأَسْمَائِهِمْ. 
يسلم عليك الأحباء = ولم يقل الإخوة تأكيداً على المحبة. وهكذا أيضاً سلم على الأحباء."
يوحنا ثالثة,1,49,"الإصحاح الأول
أية 1 :- اَلشَّيْخُ\'a1 إِلَى غَايُسَ الْحَبِيبِ الَّذِي أَنَا أُحِبُّهُ بِالْحَقِّ 
الرسول يحب بالحق أى لأجل المسيح\'a1 وبالمسيح الذى فيه.

أية 2 :- أَيُّهَا الْحَبِيبُ\'a1 فِي كُلِّ شَيْءٍ أَرُومُ أَنْ تَكُونَ نَاجِحاً وَصَحِيحاً\'a1 كَمَا أَنَّ نَفْسَكَ نَاجِحَة
الرسول يتمنى أن يكون غايس صحيحاً جسدياً. كما أنه نفسياً أى روحياً صحيح. ويرى البعض أن معنى كلام الرسول هنا أن صحة غايس كانت ليست على مايرام. والكنيسة تصلى من أجل صحة أولادها (فى أوشية المرضى) كما تصلى للراقدين والمسافرين. وأهم ما تطلبه لأجلهم هو غفران خطاياهم. 
كما أن نفسك ناجحة = النجاح ليس هو النجاح المادى وصحة الجسد. بل نجاح نفسى يتمثل فى الإحساس بالشبع والفرح والرضى والسلام الذى يملأ القلب. كما قال داود """"أحبك يارب يا قوتى"""" ( مز 18). ودانيال ويوسف كانوا ناجحين. وللأسف فهناك أباء يهتمون بنجاح أولادهم مادياً ودراسياً ولا يهتمون بحياتهم الروحية وأن يصرف أولادهم وقتاً مع الله.

أية 3 :- لأَنِّي فَرِحْتُ جِدّاً إِذْ حَضَرَ إِخْوَةٌ وَشَهِدُوا بِالْحَقِّ الَّذِي فِيكَ\'a1 كَمَا أَنَّكَ تَسْلُكُ بِالْحَقِّ
إذاً هو يكتب ليشجعه أن يستمر فى مسلكه. فرحة الخادم هى أن يرى أولاده يسلكون بالحق وبالمحبة وأن إيمانهم سليم. 

أية 4 :- لَيْسَ لِي فَرَحٌ أَعْظَمُ مِنْ هَذَا: أَنْ أَسْمَعَ عَنْ أَوْلاَدِي أَنَّهُمْ يَسْلُكُونَ بِالْحَقِّ
أسمع عن أولادى = هى أبوة يستمدها من الله وفى الله وبه\'a1 فإن صارت العلاقة خارج الرب يسوع ينطبق عليها هذا القول """" لا تدعوا لكم أباً على الأرض ( مت23: 8 - 10) وراجع ( غل4: 19 \'ba  1كو4: 15 \'ba  1تس2: 11).

أيات 5\'a1 6 :- أَيُّهَا الْحَبِيبُ\'a1 أَنْتَ تَفْعَلُ بِالأَمَانَةِ كُلَّ مَا تَصْنَعُهُ إِلَى الإِخْوَةِ وَإِلَى الْغُرَبَاءِ\'a1 الَّذِينَ شَهِدُوا بِمَحَبَّتِكَ أَمَامَ الْكَنِيسَةِ. الَّذِينَ تَفْعَلُ حَسَناً إِذَا شَيَّعْتَهُمْ كَمَا يَحِقُّ للهِ\'a1
الغرباء = الذين لم يعرفهم غايس قبلاً. الإخوة = هم الذين سبق وعرفهم غايس من قبل. كما يحق لله = الله هو القياس وليس خدامه.

أية 7 :- لأَنَّهُمْ مِنْ أَجْلِ اسْمِهِ خَرَجُوا وَهُمْ لاَ يَأْخُذُونَ شَيْئاً مِنَ الأُمَمِ
واضح أن هؤلاء الإخوة الغرباء خرجوا ليكرزوا للأمم\'a1ويريدون أن تكون خدمتهم مجانية\'a1أى بلا مقابل يأخذونه من الأمم. وغايس أتاح لهم هذا بأن تكفل بإحتياجاتهم المادية.

كان هناك نوعان من الخدام فى الكنيسة الأولى :- 
1.خدام محليين ثابتين مستقرين وهؤلاء يسكنون فى بيوتهم.
2.خدام طوافين ينتقلون من مكان إلى مكان. وهؤلاء لا يمكن لهم أن يستعملوا الفنادق لسمعتها السيئة\'a1 إذاً كانوا محتاجين لمن يستضيفهم (كملاكى لوط). لذلك وجدت وصية """"لا تنسوا إضافة الغرباء"""" ( عب2:13). فكان هذا إحتياج الكنيسة فى تلك الأيام. وكانت تلك الإستضافة تشمل (الطعام والنوم). فهؤلاء الخدام لا يخدمون لربح مادى. ولقد إشترطت الكنيسة على هؤلاء الذين يقيمون أكثر من مدة معينة أن يعملوا ليأكلوا\'a1 يكون لهم عمل يتكسبون منه. لذلك نرى بولس الرسول قد عمل كخيام (صانع خيام).

أية 8 :- فَنَحْنُ يَنْبَغِي لَنَا أَنْ نَقْبَلَ أَمْثَالَ هَؤُلاَءِ\'a1 لِكَيْ نَكُونَ عَامِلِينَ مَعَهُمْ بِالْحَقِّ
من يكرم خدام الله يكرم الله.

أيات 9\'a1 10 :- كَتَبْتُ إِلَى الْكَنِيسَةِ\'a1 وَلَكِنَّ دِيُوتْرِيفِسَ - الَّذِي يُحِبُّ أَنْ يَكُونَ الأَّوَلَ بَيْنَهُمْ - لاَ يَقْبَلُنَا. مِنْ أَجْلِ ذَلِكَ إِذَا جِئْتُ فَسَأُذَكِّرُهُ بِأَعْمَالِهِ الَّتِي يَعْمَلُهَا\'a1 هَاذِراً عَلَيْنَا بِأَقْوَالٍ خَبِيثَةٍ. وَإِذْ هُوَ غَيْرُ مُكْتَفٍ بِهَذِهِ\'a1 لاَ يَقْبَلُ الإِخْوَةَ\'a1 وَيَمْنَعُ أَيْضاً الَّذِينَ يُرِيدُونَ\'a1 وَيَطْرُدُهُمْ مِنَ الْكَنِيسَةِ
يبدو أن ديوتريفس هذا كان شخصاً ذو سلطان فى الكنيسة وربما كان هو الأسقف\'a1 إذ هو قادر أن يمنع أشخاصاً من دخول الكنيسة. 
كتبت إلى الكنيسة = كتب يوحنا رسالة إلى الكنيسة يطلب فيها قبول الإخوة الكارزين\'a1 فمنع ديوتريفس وصول الرسالة للكنيسة. يحب أن يكون الأول = خطية الكبرياء هذه تجعل الخادم ينحرف عن خدمته\'a1 ويحدث الإنشقاق فى الكنيسة. لايقبلنا = هو فى كبريائه لا يطيق الحق\'a1 يريد أن يعلم ولا يتعلم. ولا يقبل هؤلاء الإخوة الذين أرسلهم يوحنا ليكرزوا ويعلموا. بل هو طرد هؤلاء الإخوة\'a1 بل طرد الذين قبلوهم فى بيوتهم = الذين يريدون. والرسول يقول سأذكره = أى يساعده على معرفة أخطائه ليخلص نفسه.

أية 11 :- أَيُّهَا الْحَبِيبُ\'a1 لاَ تَتَمَثَّلْ بِالشَّرِّ بَلْ بِالْخَيْرِ\'a1 لأَنَّ مَنْ يَصْنَعُ الْخَيْرَ هُوَ مِنَ اللهِ\'a1 وَمَنْ يَصْنَعُ الشَّرَّ فَلَمْ يُبْصِرِ اللهَ.
لا تتمثل بالشر = بديوتريفس وأعماله. بل بالخير = أى بديمتريوس.
فلم يبصر الله = من يفعل الشر\'a1ويمتلىء قلبه بالعجرفة وحب الذات ينحنى بإرادته للظلمة فلا يقدر أن يبصر الله """" فلا شركة للنور مع الظلمة"""" ( 2كو6: 14). ومن أبصر الله فلقد أبصر النور فالله نور\'a1والنور يضىء له الطريق فيعرف الحق. 
أية 12 :- دِيمِتْرِيُوسُ مَشْهُودٌ لَهُ مِنَ الْجَمِيعِ وَمِنَ الْحَقِّ نَفْسِهِ\'a1 وَنَحْنُ أَيْضاً نَشْهَدُ\'a1 وَأَنْتُمْ تَعْلَمُونَ أَنَّ شَهَادَتَنَا هِيَ صَادِقَةٌ
ومن الحق نفسه = ربما تعنى أن الله يشهد له  فالله هو الحق. أو تعنى من أعماله أى أعمال ديمتريوس\'a1 فأعماله بحسب الحق\'a1وهى تشهد له. 
ونحن أيضاً = أى أن الرسول إختبره بنفسه. 
مشهود له من الجميع = هكذا أولاد الله نورهم ظاهر للجميع. وبهذا يشجع الرسول\'a1 غايس أن يقتدى بديمتريوس ولا يتشبه بديوتريفس.

أية 13 :- وَكَانَ لِي كَثِيرٌ لأَكْتُبَهُ\'a1 لَكِنَّنِي لَسْتُ أُرِيدُ أَنْ أَكْتُبَ إِلَيْكَ بِحِبْرٍ وَقَلَمٍ
 الجسر= كان من السناج الممزوج بماء ومقوى بالصمغ. والقلم = كان من الغاب المشطوف.

اية 14 :- وَلَكِنَّنِي أَرْجُو أَنْ أَرَاكَ عَنْ قَرِيبٍ فَنَتَكَلَّمَ فَماً لِفَمٍ.
تأكيد على أهمية التقليد.

أية 15 :- سَلاَمٌ لَكَ. يُسَلِّمُ عَلَيْكَ الأَحِبَّاءُ. سَلِّمْ عَلَى الأَحِبَّاءِ بِأَسْمَائِهِمْ. 
يسلم عليك الأحباء = ولم يقل الإخوة تأكيداً على المحبة. وهكذا أيضاً سلم على الأحباء."
يوحنا ثالثة,1,50,"الإصحاح الأول
أية 1 :- اَلشَّيْخُ\'a1 إِلَى غَايُسَ الْحَبِيبِ الَّذِي أَنَا أُحِبُّهُ بِالْحَقِّ 
الرسول يحب بالحق أى لأجل المسيح\'a1 وبالمسيح الذى فيه.

أية 2 :- أَيُّهَا الْحَبِيبُ\'a1 فِي كُلِّ شَيْءٍ أَرُومُ أَنْ تَكُونَ نَاجِحاً وَصَحِيحاً\'a1 كَمَا أَنَّ نَفْسَكَ نَاجِحَة
الرسول يتمنى أن يكون غايس صحيحاً جسدياً. كما أنه نفسياً أى روحياً صحيح. ويرى البعض أن معنى كلام الرسول هنا أن صحة غايس كانت ليست على مايرام. والكنيسة تصلى من أجل صحة أولادها (فى أوشية المرضى) كما تصلى للراقدين والمسافرين. وأهم ما تطلبه لأجلهم هو غفران خطاياهم. 
كما أن نفسك ناجحة = النجاح ليس هو النجاح المادى وصحة الجسد. بل نجاح نفسى يتمثل فى الإحساس بالشبع والفرح والرضى والسلام الذى يملأ القلب. كما قال داود """"أحبك يارب يا قوتى"""" ( مز 18). ودانيال ويوسف كانوا ناجحين. وللأسف فهناك أباء يهتمون بنجاح أولادهم مادياً ودراسياً ولا يهتمون بحياتهم الروحية وأن يصرف أولادهم وقتاً مع الله.

أية 3 :- لأَنِّي فَرِحْتُ جِدّاً إِذْ حَضَرَ إِخْوَةٌ وَشَهِدُوا بِالْحَقِّ الَّذِي فِيكَ\'a1 كَمَا أَنَّكَ تَسْلُكُ بِالْحَقِّ
إذاً هو يكتب ليشجعه أن يستمر فى مسلكه. فرحة الخادم هى أن يرى أولاده يسلكون بالحق وبالمحبة وأن إيمانهم سليم. 

أية 4 :- لَيْسَ لِي فَرَحٌ أَعْظَمُ مِنْ هَذَا: أَنْ أَسْمَعَ عَنْ أَوْلاَدِي أَنَّهُمْ يَسْلُكُونَ بِالْحَقِّ
أسمع عن أولادى = هى أبوة يستمدها من الله وفى الله وبه\'a1 فإن صارت العلاقة خارج الرب يسوع ينطبق عليها هذا القول """" لا تدعوا لكم أباً على الأرض ( مت23: 8 - 10) وراجع ( غل4: 19 \'ba  1كو4: 15 \'ba  1تس2: 11).

أيات 5\'a1 6 :- أَيُّهَا الْحَبِيبُ\'a1 أَنْتَ تَفْعَلُ بِالأَمَانَةِ كُلَّ مَا تَصْنَعُهُ إِلَى الإِخْوَةِ وَإِلَى الْغُرَبَاءِ\'a1 الَّذِينَ شَهِدُوا بِمَحَبَّتِكَ أَمَامَ الْكَنِيسَةِ. الَّذِينَ تَفْعَلُ حَسَناً إِذَا شَيَّعْتَهُمْ كَمَا يَحِقُّ للهِ\'a1
الغرباء = الذين لم يعرفهم غايس قبلاً. الإخوة = هم الذين سبق وعرفهم غايس من قبل. كما يحق لله = الله هو القياس وليس خدامه.

أية 7 :- لأَنَّهُمْ مِنْ أَجْلِ اسْمِهِ خَرَجُوا وَهُمْ لاَ يَأْخُذُونَ شَيْئاً مِنَ الأُمَمِ
واضح أن هؤلاء الإخوة الغرباء خرجوا ليكرزوا للأمم\'a1ويريدون أن تكون خدمتهم مجانية\'a1أى بلا مقابل يأخذونه من الأمم. وغايس أتاح لهم هذا بأن تكفل بإحتياجاتهم المادية.

كان هناك نوعان من الخدام فى الكنيسة الأولى :- 
1.خدام محليين ثابتين مستقرين وهؤلاء يسكنون فى بيوتهم.
2.خدام طوافين ينتقلون من مكان إلى مكان. وهؤلاء لا يمكن لهم أن يستعملوا الفنادق لسمعتها السيئة\'a1 إذاً كانوا محتاجين لمن يستضيفهم (كملاكى لوط). لذلك وجدت وصية """"لا تنسوا إضافة الغرباء"""" ( عب2:13). فكان هذا إحتياج الكنيسة فى تلك الأيام. وكانت تلك الإستضافة تشمل (الطعام والنوم). فهؤلاء الخدام لا يخدمون لربح مادى. ولقد إشترطت الكنيسة على هؤلاء الذين يقيمون أكثر من مدة معينة أن يعملوا ليأكلوا\'a1 يكون لهم عمل يتكسبون منه. لذلك نرى بولس الرسول قد عمل كخيام (صانع خيام).

أية 8 :- فَنَحْنُ يَنْبَغِي لَنَا أَنْ نَقْبَلَ أَمْثَالَ هَؤُلاَءِ\'a1 لِكَيْ نَكُونَ عَامِلِينَ مَعَهُمْ بِالْحَقِّ
من يكرم خدام الله يكرم الله.

أيات 9\'a1 10 :- كَتَبْتُ إِلَى الْكَنِيسَةِ\'a1 وَلَكِنَّ دِيُوتْرِيفِسَ - الَّذِي يُحِبُّ أَنْ يَكُونَ الأَّوَلَ بَيْنَهُمْ - لاَ يَقْبَلُنَا. مِنْ أَجْلِ ذَلِكَ إِذَا جِئْتُ فَسَأُذَكِّرُهُ بِأَعْمَالِهِ الَّتِي يَعْمَلُهَا\'a1 هَاذِراً عَلَيْنَا بِأَقْوَالٍ خَبِيثَةٍ. وَإِذْ هُوَ غَيْرُ مُكْتَفٍ بِهَذِهِ\'a1 لاَ يَقْبَلُ الإِخْوَةَ\'a1 وَيَمْنَعُ أَيْضاً الَّذِينَ يُرِيدُونَ\'a1 وَيَطْرُدُهُمْ مِنَ الْكَنِيسَةِ
يبدو أن ديوتريفس هذا كان شخصاً ذو سلطان فى الكنيسة وربما كان هو الأسقف\'a1 إذ هو قادر أن يمنع أشخاصاً من دخول الكنيسة. 
كتبت إلى الكنيسة = كتب يوحنا رسالة إلى الكنيسة يطلب فيها قبول الإخوة الكارزين\'a1 فمنع ديوتريفس وصول الرسالة للكنيسة. يحب أن يكون الأول = خطية الكبرياء هذه تجعل الخادم ينحرف عن خدمته\'a1 ويحدث الإنشقاق فى الكنيسة. لايقبلنا = هو فى كبريائه لا يطيق الحق\'a1 يريد أن يعلم ولا يتعلم. ولا يقبل هؤلاء الإخوة الذين أرسلهم يوحنا ليكرزوا ويعلموا. بل هو طرد هؤلاء الإخوة\'a1 بل طرد الذين قبلوهم فى بيوتهم = الذين يريدون. والرسول يقول سأذكره = أى يساعده على معرفة أخطائه ليخلص نفسه.

أية 11 :- أَيُّهَا الْحَبِيبُ\'a1 لاَ تَتَمَثَّلْ بِالشَّرِّ بَلْ بِالْخَيْرِ\'a1 لأَنَّ مَنْ يَصْنَعُ الْخَيْرَ هُوَ مِنَ اللهِ\'a1 وَمَنْ يَصْنَعُ الشَّرَّ فَلَمْ يُبْصِرِ اللهَ.
لا تتمثل بالشر = بديوتريفس وأعماله. بل بالخير = أى بديمتريوس.
فلم يبصر الله = من يفعل الشر\'a1ويمتلىء قلبه بالعجرفة وحب الذات ينحنى بإرادته للظلمة فلا يقدر أن يبصر الله """" فلا شركة للنور مع الظلمة"""" ( 2كو6: 14). ومن أبصر الله فلقد أبصر النور فالله نور\'a1والنور يضىء له الطريق فيعرف الحق. 
أية 12 :- دِيمِتْرِيُوسُ مَشْهُودٌ لَهُ مِنَ الْجَمِيعِ وَمِنَ الْحَقِّ نَفْسِهِ\'a1 وَنَحْنُ أَيْضاً نَشْهَدُ\'a1 وَأَنْتُمْ تَعْلَمُونَ أَنَّ شَهَادَتَنَا هِيَ صَادِقَةٌ
ومن الحق نفسه = ربما تعنى أن الله يشهد له  فالله هو الحق. أو تعنى من أعماله أى أعمال ديمتريوس\'a1 فأعماله بحسب الحق\'a1وهى تشهد له. 
ونحن أيضاً = أى أن الرسول إختبره بنفسه. 
مشهود له من الجميع = هكذا أولاد الله نورهم ظاهر للجميع. وبهذا يشجع الرسول\'a1 غايس أن يقتدى بديمتريوس ولا يتشبه بديوتريفس.

أية 13 :- وَكَانَ لِي كَثِيرٌ لأَكْتُبَهُ\'a1 لَكِنَّنِي لَسْتُ أُرِيدُ أَنْ أَكْتُبَ إِلَيْكَ بِحِبْرٍ وَقَلَمٍ
 الجسر= كان من السناج الممزوج بماء ومقوى بالصمغ. والقلم = كان من الغاب المشطوف.

اية 14 :- وَلَكِنَّنِي أَرْجُو أَنْ أَرَاكَ عَنْ قَرِيبٍ فَنَتَكَلَّمَ فَماً لِفَمٍ.
تأكيد على أهمية التقليد.

أية 15 :- سَلاَمٌ لَكَ. يُسَلِّمُ عَلَيْكَ الأَحِبَّاءُ. سَلِّمْ عَلَى الأَحِبَّاءِ بِأَسْمَائِهِمْ. 
يسلم عليك الأحباء = ولم يقل الإخوة تأكيداً على المحبة. وهكذا أيضاً سلم على الأحباء."
يوحنا ثالثة,1,51,"الإصحاح الأول
أية 1 :- اَلشَّيْخُ\'a1 إِلَى غَايُسَ الْحَبِيبِ الَّذِي أَنَا أُحِبُّهُ بِالْحَقِّ 
الرسول يحب بالحق أى لأجل المسيح\'a1 وبالمسيح الذى فيه.

أية 2 :- أَيُّهَا الْحَبِيبُ\'a1 فِي كُلِّ شَيْءٍ أَرُومُ أَنْ تَكُونَ نَاجِحاً وَصَحِيحاً\'a1 كَمَا أَنَّ نَفْسَكَ نَاجِحَة
الرسول يتمنى أن يكون غايس صحيحاً جسدياً. كما أنه نفسياً أى روحياً صحيح. ويرى البعض أن معنى كلام الرسول هنا أن صحة غايس كانت ليست على مايرام. والكنيسة تصلى من أجل صحة أولادها (فى أوشية المرضى) كما تصلى للراقدين والمسافرين. وأهم ما تطلبه لأجلهم هو غفران خطاياهم. 
كما أن نفسك ناجحة = النجاح ليس هو النجاح المادى وصحة الجسد. بل نجاح نفسى يتمثل فى الإحساس بالشبع والفرح والرضى والسلام الذى يملأ القلب. كما قال داود """"أحبك يارب يا قوتى"""" ( مز 18). ودانيال ويوسف كانوا ناجحين. وللأسف فهناك أباء يهتمون بنجاح أولادهم مادياً ودراسياً ولا يهتمون بحياتهم الروحية وأن يصرف أولادهم وقتاً مع الله.

أية 3 :- لأَنِّي فَرِحْتُ جِدّاً إِذْ حَضَرَ إِخْوَةٌ وَشَهِدُوا بِالْحَقِّ الَّذِي فِيكَ\'a1 كَمَا أَنَّكَ تَسْلُكُ بِالْحَقِّ
إذاً هو يكتب ليشجعه أن يستمر فى مسلكه. فرحة الخادم هى أن يرى أولاده يسلكون بالحق وبالمحبة وأن إيمانهم سليم. 

أية 4 :- لَيْسَ لِي فَرَحٌ أَعْظَمُ مِنْ هَذَا: أَنْ أَسْمَعَ عَنْ أَوْلاَدِي أَنَّهُمْ يَسْلُكُونَ بِالْحَقِّ
أسمع عن أولادى = هى أبوة يستمدها من الله وفى الله وبه\'a1 فإن صارت العلاقة خارج الرب يسوع ينطبق عليها هذا القول """" لا تدعوا لكم أباً على الأرض ( مت23: 8 - 10) وراجع ( غل4: 19 \'ba  1كو4: 15 \'ba  1تس2: 11).

أيات 5\'a1 6 :- أَيُّهَا الْحَبِيبُ\'a1 أَنْتَ تَفْعَلُ بِالأَمَانَةِ كُلَّ مَا تَصْنَعُهُ إِلَى الإِخْوَةِ وَإِلَى الْغُرَبَاءِ\'a1 الَّذِينَ شَهِدُوا بِمَحَبَّتِكَ أَمَامَ الْكَنِيسَةِ. الَّذِينَ تَفْعَلُ حَسَناً إِذَا شَيَّعْتَهُمْ كَمَا يَحِقُّ للهِ\'a1
الغرباء = الذين لم يعرفهم غايس قبلاً. الإخوة = هم الذين سبق وعرفهم غايس من قبل. كما يحق لله = الله هو القياس وليس خدامه.

أية 7 :- لأَنَّهُمْ مِنْ أَجْلِ اسْمِهِ خَرَجُوا وَهُمْ لاَ يَأْخُذُونَ شَيْئاً مِنَ الأُمَمِ
واضح أن هؤلاء الإخوة الغرباء خرجوا ليكرزوا للأمم\'a1ويريدون أن تكون خدمتهم مجانية\'a1أى بلا مقابل يأخذونه من الأمم. وغايس أتاح لهم هذا بأن تكفل بإحتياجاتهم المادية.

كان هناك نوعان من الخدام فى الكنيسة الأولى :- 
1.خدام محليين ثابتين مستقرين وهؤلاء يسكنون فى بيوتهم.
2.خدام طوافين ينتقلون من مكان إلى مكان. وهؤلاء لا يمكن لهم أن يستعملوا الفنادق لسمعتها السيئة\'a1 إذاً كانوا محتاجين لمن يستضيفهم (كملاكى لوط). لذلك وجدت وصية """"لا تنسوا إضافة الغرباء"""" ( عب2:13). فكان هذا إحتياج الكنيسة فى تلك الأيام. وكانت تلك الإستضافة تشمل (الطعام والنوم). فهؤلاء الخدام لا يخدمون لربح مادى. ولقد إشترطت الكنيسة على هؤلاء الذين يقيمون أكثر من مدة معينة أن يعملوا ليأكلوا\'a1 يكون لهم عمل يتكسبون منه. لذلك نرى بولس الرسول قد عمل كخيام (صانع خيام).

أية 8 :- فَنَحْنُ يَنْبَغِي لَنَا أَنْ نَقْبَلَ أَمْثَالَ هَؤُلاَءِ\'a1 لِكَيْ نَكُونَ عَامِلِينَ مَعَهُمْ بِالْحَقِّ
من يكرم خدام الله يكرم الله.

أيات 9\'a1 10 :- كَتَبْتُ إِلَى الْكَنِيسَةِ\'a1 وَلَكِنَّ دِيُوتْرِيفِسَ - الَّذِي يُحِبُّ أَنْ يَكُونَ الأَّوَلَ بَيْنَهُمْ - لاَ يَقْبَلُنَا. مِنْ أَجْلِ ذَلِكَ إِذَا جِئْتُ فَسَأُذَكِّرُهُ بِأَعْمَالِهِ الَّتِي يَعْمَلُهَا\'a1 هَاذِراً عَلَيْنَا بِأَقْوَالٍ خَبِيثَةٍ. وَإِذْ هُوَ غَيْرُ مُكْتَفٍ بِهَذِهِ\'a1 لاَ يَقْبَلُ الإِخْوَةَ\'a1 وَيَمْنَعُ أَيْضاً الَّذِينَ يُرِيدُونَ\'a1 وَيَطْرُدُهُمْ مِنَ الْكَنِيسَةِ
يبدو أن ديوتريفس هذا كان شخصاً ذو سلطان فى الكنيسة وربما كان هو الأسقف\'a1 إذ هو قادر أن يمنع أشخاصاً من دخول الكنيسة. 
كتبت إلى الكنيسة = كتب يوحنا رسالة إلى الكنيسة يطلب فيها قبول الإخوة الكارزين\'a1 فمنع ديوتريفس وصول الرسالة للكنيسة. يحب أن يكون الأول = خطية الكبرياء هذه تجعل الخادم ينحرف عن خدمته\'a1 ويحدث الإنشقاق فى الكنيسة. لايقبلنا = هو فى كبريائه لا يطيق الحق\'a1 يريد أن يعلم ولا يتعلم. ولا يقبل هؤلاء الإخوة الذين أرسلهم يوحنا ليكرزوا ويعلموا. بل هو طرد هؤلاء الإخوة\'a1 بل طرد الذين قبلوهم فى بيوتهم = الذين يريدون. والرسول يقول سأذكره = أى يساعده على معرفة أخطائه ليخلص نفسه.

أية 11 :- أَيُّهَا الْحَبِيبُ\'a1 لاَ تَتَمَثَّلْ بِالشَّرِّ بَلْ بِالْخَيْرِ\'a1 لأَنَّ مَنْ يَصْنَعُ الْخَيْرَ هُوَ مِنَ اللهِ\'a1 وَمَنْ يَصْنَعُ الشَّرَّ فَلَمْ يُبْصِرِ اللهَ.
لا تتمثل بالشر = بديوتريفس وأعماله. بل بالخير = أى بديمتريوس.
فلم يبصر الله = من يفعل الشر\'a1ويمتلىء قلبه بالعجرفة وحب الذات ينحنى بإرادته للظلمة فلا يقدر أن يبصر الله """" فلا شركة للنور مع الظلمة"""" ( 2كو6: 14). ومن أبصر الله فلقد أبصر النور فالله نور\'a1والنور يضىء له الطريق فيعرف الحق. 
أية 12 :- دِيمِتْرِيُوسُ مَشْهُودٌ لَهُ مِنَ الْجَمِيعِ وَمِنَ الْحَقِّ نَفْسِهِ\'a1 وَنَحْنُ أَيْضاً نَشْهَدُ\'a1 وَأَنْتُمْ تَعْلَمُونَ أَنَّ شَهَادَتَنَا هِيَ صَادِقَةٌ
ومن الحق نفسه = ربما تعنى أن الله يشهد له  فالله هو الحق. أو تعنى من أعماله أى أعمال ديمتريوس\'a1 فأعماله بحسب الحق\'a1وهى تشهد له. 
ونحن أيضاً = أى أن الرسول إختبره بنفسه. 
مشهود له من الجميع = هكذا أولاد الله نورهم ظاهر للجميع. وبهذا يشجع الرسول\'a1 غايس أن يقتدى بديمتريوس ولا يتشبه بديوتريفس.

أية 13 :- وَكَانَ لِي كَثِيرٌ لأَكْتُبَهُ\'a1 لَكِنَّنِي لَسْتُ أُرِيدُ أَنْ أَكْتُبَ إِلَيْكَ بِحِبْرٍ وَقَلَمٍ
 الجسر= كان من السناج الممزوج بماء ومقوى بالصمغ. والقلم = كان من الغاب المشطوف.

اية 14 :- وَلَكِنَّنِي أَرْجُو أَنْ أَرَاكَ عَنْ قَرِيبٍ فَنَتَكَلَّمَ فَماً لِفَمٍ.
تأكيد على أهمية التقليد.

أية 15 :- سَلاَمٌ لَكَ. يُسَلِّمُ عَلَيْكَ الأَحِبَّاءُ. سَلِّمْ عَلَى الأَحِبَّاءِ بِأَسْمَائِهِمْ. 
يسلم عليك الأحباء = ولم يقل الإخوة تأكيداً على المحبة. وهكذا أيضاً سلم على الأحباء."
يوحنا ثالثة,1,52,"الإصحاح الأول
أية 1 :- اَلشَّيْخُ\'a1 إِلَى غَايُسَ الْحَبِيبِ الَّذِي أَنَا أُحِبُّهُ بِالْحَقِّ 
الرسول يحب بالحق أى لأجل المسيح\'a1 وبالمسيح الذى فيه.

أية 2 :- أَيُّهَا الْحَبِيبُ\'a1 فِي كُلِّ شَيْءٍ أَرُومُ أَنْ تَكُونَ نَاجِحاً وَصَحِيحاً\'a1 كَمَا أَنَّ نَفْسَكَ نَاجِحَة
الرسول يتمنى أن يكون غايس صحيحاً جسدياً. كما أنه نفسياً أى روحياً صحيح. ويرى البعض أن معنى كلام الرسول هنا أن صحة غايس كانت ليست على مايرام. والكنيسة تصلى من أجل صحة أولادها (فى أوشية المرضى) كما تصلى للراقدين والمسافرين. وأهم ما تطلبه لأجلهم هو غفران خطاياهم. 
كما أن نفسك ناجحة = النجاح ليس هو النجاح المادى وصحة الجسد. بل نجاح نفسى يتمثل فى الإحساس بالشبع والفرح والرضى والسلام الذى يملأ القلب. كما قال داود """"أحبك يارب يا قوتى"""" ( مز 18). ودانيال ويوسف كانوا ناجحين. وللأسف فهناك أباء يهتمون بنجاح أولادهم مادياً ودراسياً ولا يهتمون بحياتهم الروحية وأن يصرف أولادهم وقتاً مع الله.

أية 3 :- لأَنِّي فَرِحْتُ جِدّاً إِذْ حَضَرَ إِخْوَةٌ وَشَهِدُوا بِالْحَقِّ الَّذِي فِيكَ\'a1 كَمَا أَنَّكَ تَسْلُكُ بِالْحَقِّ
إذاً هو يكتب ليشجعه أن يستمر فى مسلكه. فرحة الخادم هى أن يرى أولاده يسلكون بالحق وبالمحبة وأن إيمانهم سليم. 

أية 4 :- لَيْسَ لِي فَرَحٌ أَعْظَمُ مِنْ هَذَا: أَنْ أَسْمَعَ عَنْ أَوْلاَدِي أَنَّهُمْ يَسْلُكُونَ بِالْحَقِّ
أسمع عن أولادى = هى أبوة يستمدها من الله وفى الله وبه\'a1 فإن صارت العلاقة خارج الرب يسوع ينطبق عليها هذا القول """" لا تدعوا لكم أباً على الأرض ( مت23: 8 - 10) وراجع ( غل4: 19 \'ba  1كو4: 15 \'ba  1تس2: 11).

أيات 5\'a1 6 :- أَيُّهَا الْحَبِيبُ\'a1 أَنْتَ تَفْعَلُ بِالأَمَانَةِ كُلَّ مَا تَصْنَعُهُ إِلَى الإِخْوَةِ وَإِلَى الْغُرَبَاءِ\'a1 الَّذِينَ شَهِدُوا بِمَحَبَّتِكَ أَمَامَ الْكَنِيسَةِ. الَّذِينَ تَفْعَلُ حَسَناً إِذَا شَيَّعْتَهُمْ كَمَا يَحِقُّ للهِ\'a1
الغرباء = الذين لم يعرفهم غايس قبلاً. الإخوة = هم الذين سبق وعرفهم غايس من قبل. كما يحق لله = الله هو القياس وليس خدامه.

أية 7 :- لأَنَّهُمْ مِنْ أَجْلِ اسْمِهِ خَرَجُوا وَهُمْ لاَ يَأْخُذُونَ شَيْئاً مِنَ الأُمَمِ
واضح أن هؤلاء الإخوة الغرباء خرجوا ليكرزوا للأمم\'a1ويريدون أن تكون خدمتهم مجانية\'a1أى بلا مقابل يأخذونه من الأمم. وغايس أتاح لهم هذا بأن تكفل بإحتياجاتهم المادية.

كان هناك نوعان من الخدام فى الكنيسة الأولى :- 
1.خدام محليين ثابتين مستقرين وهؤلاء يسكنون فى بيوتهم.
2.خدام طوافين ينتقلون من مكان إلى مكان. وهؤلاء لا يمكن لهم أن يستعملوا الفنادق لسمعتها السيئة\'a1 إذاً كانوا محتاجين لمن يستضيفهم (كملاكى لوط). لذلك وجدت وصية """"لا تنسوا إضافة الغرباء"""" ( عب2:13). فكان هذا إحتياج الكنيسة فى تلك الأيام. وكانت تلك الإستضافة تشمل (الطعام والنوم). فهؤلاء الخدام لا يخدمون لربح مادى. ولقد إشترطت الكنيسة على هؤلاء الذين يقيمون أكثر من مدة معينة أن يعملوا ليأكلوا\'a1 يكون لهم عمل يتكسبون منه. لذلك نرى بولس الرسول قد عمل كخيام (صانع خيام).

أية 8 :- فَنَحْنُ يَنْبَغِي لَنَا أَنْ نَقْبَلَ أَمْثَالَ هَؤُلاَءِ\'a1 لِكَيْ نَكُونَ عَامِلِينَ مَعَهُمْ بِالْحَقِّ
من يكرم خدام الله يكرم الله.

أيات 9\'a1 10 :- كَتَبْتُ إِلَى الْكَنِيسَةِ\'a1 وَلَكِنَّ دِيُوتْرِيفِسَ - الَّذِي يُحِبُّ أَنْ يَكُونَ الأَّوَلَ بَيْنَهُمْ - لاَ يَقْبَلُنَا. مِنْ أَجْلِ ذَلِكَ إِذَا جِئْتُ فَسَأُذَكِّرُهُ بِأَعْمَالِهِ الَّتِي يَعْمَلُهَا\'a1 هَاذِراً عَلَيْنَا بِأَقْوَالٍ خَبِيثَةٍ. وَإِذْ هُوَ غَيْرُ مُكْتَفٍ بِهَذِهِ\'a1 لاَ يَقْبَلُ الإِخْوَةَ\'a1 وَيَمْنَعُ أَيْضاً الَّذِينَ يُرِيدُونَ\'a1 وَيَطْرُدُهُمْ مِنَ الْكَنِيسَةِ
يبدو أن ديوتريفس هذا كان شخصاً ذو سلطان فى الكنيسة وربما كان هو الأسقف\'a1 إذ هو قادر أن يمنع أشخاصاً من دخول الكنيسة. 
كتبت إلى الكنيسة = كتب يوحنا رسالة إلى الكنيسة يطلب فيها قبول الإخوة الكارزين\'a1 فمنع ديوتريفس وصول الرسالة للكنيسة. يحب أن يكون الأول = خطية الكبرياء هذه تجعل الخادم ينحرف عن خدمته\'a1 ويحدث الإنشقاق فى الكنيسة. لايقبلنا = هو فى كبريائه لا يطيق الحق\'a1 يريد أن يعلم ولا يتعلم. ولا يقبل هؤلاء الإخوة الذين أرسلهم يوحنا ليكرزوا ويعلموا. بل هو طرد هؤلاء الإخوة\'a1 بل طرد الذين قبلوهم فى بيوتهم = الذين يريدون. والرسول يقول سأذكره = أى يساعده على معرفة أخطائه ليخلص نفسه.

أية 11 :- أَيُّهَا الْحَبِيبُ\'a1 لاَ تَتَمَثَّلْ بِالشَّرِّ بَلْ بِالْخَيْرِ\'a1 لأَنَّ مَنْ يَصْنَعُ الْخَيْرَ هُوَ مِنَ اللهِ\'a1 وَمَنْ يَصْنَعُ الشَّرَّ فَلَمْ يُبْصِرِ اللهَ.
لا تتمثل بالشر = بديوتريفس وأعماله. بل بالخير = أى بديمتريوس.
فلم يبصر الله = من يفعل الشر\'a1ويمتلىء قلبه بالعجرفة وحب الذات ينحنى بإرادته للظلمة فلا يقدر أن يبصر الله """" فلا شركة للنور مع الظلمة"""" ( 2كو6: 14). ومن أبصر الله فلقد أبصر النور فالله نور\'a1والنور يضىء له الطريق فيعرف الحق. 
أية 12 :- دِيمِتْرِيُوسُ مَشْهُودٌ لَهُ مِنَ الْجَمِيعِ وَمِنَ الْحَقِّ نَفْسِهِ\'a1 وَنَحْنُ أَيْضاً نَشْهَدُ\'a1 وَأَنْتُمْ تَعْلَمُونَ أَنَّ شَهَادَتَنَا هِيَ صَادِقَةٌ
ومن الحق نفسه = ربما تعنى أن الله يشهد له  فالله هو الحق. أو تعنى من أعماله أى أعمال ديمتريوس\'a1 فأعماله بحسب الحق\'a1وهى تشهد له. 
ونحن أيضاً = أى أن الرسول إختبره بنفسه. 
مشهود له من الجميع = هكذا أولاد الله نورهم ظاهر للجميع. وبهذا يشجع الرسول\'a1 غايس أن يقتدى بديمتريوس ولا يتشبه بديوتريفس.

أية 13 :- وَكَانَ لِي كَثِيرٌ لأَكْتُبَهُ\'a1 لَكِنَّنِي لَسْتُ أُرِيدُ أَنْ أَكْتُبَ إِلَيْكَ بِحِبْرٍ وَقَلَمٍ
 الجسر= كان من السناج الممزوج بماء ومقوى بالصمغ. والقلم = كان من الغاب المشطوف.

اية 14 :- وَلَكِنَّنِي أَرْجُو أَنْ أَرَاكَ عَنْ قَرِيبٍ فَنَتَكَلَّمَ فَماً لِفَمٍ.
تأكيد على أهمية التقليد.

أية 15 :- سَلاَمٌ لَكَ. يُسَلِّمُ عَلَيْكَ الأَحِبَّاءُ. سَلِّمْ عَلَى الأَحِبَّاءِ بِأَسْمَائِهِمْ. 
يسلم عليك الأحباء = ولم يقل الإخوة تأكيداً على المحبة. وهكذا أيضاً سلم على الأحباء."
يوحنا ثالثة,1,53,"الإصحاح الأول
أية 1 :- اَلشَّيْخُ\'a1 إِلَى غَايُسَ الْحَبِيبِ الَّذِي أَنَا أُحِبُّهُ بِالْحَقِّ 
الرسول يحب بالحق أى لأجل المسيح\'a1 وبالمسيح الذى فيه.

أية 2 :- أَيُّهَا الْحَبِيبُ\'a1 فِي كُلِّ شَيْءٍ أَرُومُ أَنْ تَكُونَ نَاجِحاً وَصَحِيحاً\'a1 كَمَا أَنَّ نَفْسَكَ نَاجِحَة
الرسول يتمنى أن يكون غايس صحيحاً جسدياً. كما أنه نفسياً أى روحياً صحيح. ويرى البعض أن معنى كلام الرسول هنا أن صحة غايس كانت ليست على مايرام. والكنيسة تصلى من أجل صحة أولادها (فى أوشية المرضى) كما تصلى للراقدين والمسافرين. وأهم ما تطلبه لأجلهم هو غفران خطاياهم. 
كما أن نفسك ناجحة = النجاح ليس هو النجاح المادى وصحة الجسد. بل نجاح نفسى يتمثل فى الإحساس بالشبع والفرح والرضى والسلام الذى يملأ القلب. كما قال داود """"أحبك يارب يا قوتى"""" ( مز 18). ودانيال ويوسف كانوا ناجحين. وللأسف فهناك أباء يهتمون بنجاح أولادهم مادياً ودراسياً ولا يهتمون بحياتهم الروحية وأن يصرف أولادهم وقتاً مع الله.

أية 3 :- لأَنِّي فَرِحْتُ جِدّاً إِذْ حَضَرَ إِخْوَةٌ وَشَهِدُوا بِالْحَقِّ الَّذِي فِيكَ\'a1 كَمَا أَنَّكَ تَسْلُكُ بِالْحَقِّ
إذاً هو يكتب ليشجعه أن يستمر فى مسلكه. فرحة الخادم هى أن يرى أولاده يسلكون بالحق وبالمحبة وأن إيمانهم سليم. 

أية 4 :- لَيْسَ لِي فَرَحٌ أَعْظَمُ مِنْ هَذَا: أَنْ أَسْمَعَ عَنْ أَوْلاَدِي أَنَّهُمْ يَسْلُكُونَ بِالْحَقِّ
أسمع عن أولادى = هى أبوة يستمدها من الله وفى الله وبه\'a1 فإن صارت العلاقة خارج الرب يسوع ينطبق عليها هذا القول """" لا تدعوا لكم أباً على الأرض ( مت23: 8 - 10) وراجع ( غل4: 19 \'ba  1كو4: 15 \'ba  1تس2: 11).

أيات 5\'a1 6 :- أَيُّهَا الْحَبِيبُ\'a1 أَنْتَ تَفْعَلُ بِالأَمَانَةِ كُلَّ مَا تَصْنَعُهُ إِلَى الإِخْوَةِ وَإِلَى الْغُرَبَاءِ\'a1 الَّذِينَ شَهِدُوا بِمَحَبَّتِكَ أَمَامَ الْكَنِيسَةِ. الَّذِينَ تَفْعَلُ حَسَناً إِذَا شَيَّعْتَهُمْ كَمَا يَحِقُّ للهِ\'a1
الغرباء = الذين لم يعرفهم غايس قبلاً. الإخوة = هم الذين سبق وعرفهم غايس من قبل. كما يحق لله = الله هو القياس وليس خدامه.

أية 7 :- لأَنَّهُمْ مِنْ أَجْلِ اسْمِهِ خَرَجُوا وَهُمْ لاَ يَأْخُذُونَ شَيْئاً مِنَ الأُمَمِ
واضح أن هؤلاء الإخوة الغرباء خرجوا ليكرزوا للأمم\'a1ويريدون أن تكون خدمتهم مجانية\'a1أى بلا مقابل يأخذونه من الأمم. وغايس أتاح لهم هذا بأن تكفل بإحتياجاتهم المادية.

كان هناك نوعان من الخدام فى الكنيسة الأولى :- 
1.خدام محليين ثابتين مستقرين وهؤلاء يسكنون فى بيوتهم.
2.خدام طوافين ينتقلون من مكان إلى مكان. وهؤلاء لا يمكن لهم أن يستعملوا الفنادق لسمعتها السيئة\'a1 إذاً كانوا محتاجين لمن يستضيفهم (كملاكى لوط). لذلك وجدت وصية """"لا تنسوا إضافة الغرباء"""" ( عب2:13). فكان هذا إحتياج الكنيسة فى تلك الأيام. وكانت تلك الإستضافة تشمل (الطعام والنوم). فهؤلاء الخدام لا يخدمون لربح مادى. ولقد إشترطت الكنيسة على هؤلاء الذين يقيمون أكثر من مدة معينة أن يعملوا ليأكلوا\'a1 يكون لهم عمل يتكسبون منه. لذلك نرى بولس الرسول قد عمل كخيام (صانع خيام).

أية 8 :- فَنَحْنُ يَنْبَغِي لَنَا أَنْ نَقْبَلَ أَمْثَالَ هَؤُلاَءِ\'a1 لِكَيْ نَكُونَ عَامِلِينَ مَعَهُمْ بِالْحَقِّ
من يكرم خدام الله يكرم الله.

أيات 9\'a1 10 :- كَتَبْتُ إِلَى الْكَنِيسَةِ\'a1 وَلَكِنَّ دِيُوتْرِيفِسَ - الَّذِي يُحِبُّ أَنْ يَكُونَ الأَّوَلَ بَيْنَهُمْ - لاَ يَقْبَلُنَا. مِنْ أَجْلِ ذَلِكَ إِذَا جِئْتُ فَسَأُذَكِّرُهُ بِأَعْمَالِهِ الَّتِي يَعْمَلُهَا\'a1 هَاذِراً عَلَيْنَا بِأَقْوَالٍ خَبِيثَةٍ. وَإِذْ هُوَ غَيْرُ مُكْتَفٍ بِهَذِهِ\'a1 لاَ يَقْبَلُ الإِخْوَةَ\'a1 وَيَمْنَعُ أَيْضاً الَّذِينَ يُرِيدُونَ\'a1 وَيَطْرُدُهُمْ مِنَ الْكَنِيسَةِ
يبدو أن ديوتريفس هذا كان شخصاً ذو سلطان فى الكنيسة وربما كان هو الأسقف\'a1 إذ هو قادر أن يمنع أشخاصاً من دخول الكنيسة. 
كتبت إلى الكنيسة = كتب يوحنا رسالة إلى الكنيسة يطلب فيها قبول الإخوة الكارزين\'a1 فمنع ديوتريفس وصول الرسالة للكنيسة. يحب أن يكون الأول = خطية الكبرياء هذه تجعل الخادم ينحرف عن خدمته\'a1 ويحدث الإنشقاق فى الكنيسة. لايقبلنا = هو فى كبريائه لا يطيق الحق\'a1 يريد أن يعلم ولا يتعلم. ولا يقبل هؤلاء الإخوة الذين أرسلهم يوحنا ليكرزوا ويعلموا. بل هو طرد هؤلاء الإخوة\'a1 بل طرد الذين قبلوهم فى بيوتهم = الذين يريدون. والرسول يقول سأذكره = أى يساعده على معرفة أخطائه ليخلص نفسه.

أية 11 :- أَيُّهَا الْحَبِيبُ\'a1 لاَ تَتَمَثَّلْ بِالشَّرِّ بَلْ بِالْخَيْرِ\'a1 لأَنَّ مَنْ يَصْنَعُ الْخَيْرَ هُوَ مِنَ اللهِ\'a1 وَمَنْ يَصْنَعُ الشَّرَّ فَلَمْ يُبْصِرِ اللهَ.
لا تتمثل بالشر = بديوتريفس وأعماله. بل بالخير = أى بديمتريوس.
فلم يبصر الله = من يفعل الشر\'a1ويمتلىء قلبه بالعجرفة وحب الذات ينحنى بإرادته للظلمة فلا يقدر أن يبصر الله """" فلا شركة للنور مع الظلمة"""" ( 2كو6: 14). ومن أبصر الله فلقد أبصر النور فالله نور\'a1والنور يضىء له الطريق فيعرف الحق. 
أية 12 :- دِيمِتْرِيُوسُ مَشْهُودٌ لَهُ مِنَ الْجَمِيعِ وَمِنَ الْحَقِّ نَفْسِهِ\'a1 وَنَحْنُ أَيْضاً نَشْهَدُ\'a1 وَأَنْتُمْ تَعْلَمُونَ أَنَّ شَهَادَتَنَا هِيَ صَادِقَةٌ
ومن الحق نفسه = ربما تعنى أن الله يشهد له  فالله هو الحق. أو تعنى من أعماله أى أعمال ديمتريوس\'a1 فأعماله بحسب الحق\'a1وهى تشهد له. 
ونحن أيضاً = أى أن الرسول إختبره بنفسه. 
مشهود له من الجميع = هكذا أولاد الله نورهم ظاهر للجميع. وبهذا يشجع الرسول\'a1 غايس أن يقتدى بديمتريوس ولا يتشبه بديوتريفس.

أية 13 :- وَكَانَ لِي كَثِيرٌ لأَكْتُبَهُ\'a1 لَكِنَّنِي لَسْتُ أُرِيدُ أَنْ أَكْتُبَ إِلَيْكَ بِحِبْرٍ وَقَلَمٍ
 الجسر= كان من السناج الممزوج بماء ومقوى بالصمغ. والقلم = كان من الغاب المشطوف.

اية 14 :- وَلَكِنَّنِي أَرْجُو أَنْ أَرَاكَ عَنْ قَرِيبٍ فَنَتَكَلَّمَ فَماً لِفَمٍ.
تأكيد على أهمية التقليد.

أية 15 :- سَلاَمٌ لَكَ. يُسَلِّمُ عَلَيْكَ الأَحِبَّاءُ. سَلِّمْ عَلَى الأَحِبَّاءِ بِأَسْمَائِهِمْ. 
يسلم عليك الأحباء = ولم يقل الإخوة تأكيداً على المحبة. وهكذا أيضاً سلم على الأحباء."
يوحنا ثالثة,1,54,"الإصحاح الأول
أية 1 :- اَلشَّيْخُ\'a1 إِلَى غَايُسَ الْحَبِيبِ الَّذِي أَنَا أُحِبُّهُ بِالْحَقِّ 
الرسول يحب بالحق أى لأجل المسيح\'a1 وبالمسيح الذى فيه.

أية 2 :- أَيُّهَا الْحَبِيبُ\'a1 فِي كُلِّ شَيْءٍ أَرُومُ أَنْ تَكُونَ نَاجِحاً وَصَحِيحاً\'a1 كَمَا أَنَّ نَفْسَكَ نَاجِحَة
الرسول يتمنى أن يكون غايس صحيحاً جسدياً. كما أنه نفسياً أى روحياً صحيح. ويرى البعض أن معنى كلام الرسول هنا أن صحة غايس كانت ليست على مايرام. والكنيسة تصلى من أجل صحة أولادها (فى أوشية المرضى) كما تصلى للراقدين والمسافرين. وأهم ما تطلبه لأجلهم هو غفران خطاياهم. 
كما أن نفسك ناجحة = النجاح ليس هو النجاح المادى وصحة الجسد. بل نجاح نفسى يتمثل فى الإحساس بالشبع والفرح والرضى والسلام الذى يملأ القلب. كما قال داود """"أحبك يارب يا قوتى"""" ( مز 18). ودانيال ويوسف كانوا ناجحين. وللأسف فهناك أباء يهتمون بنجاح أولادهم مادياً ودراسياً ولا يهتمون بحياتهم الروحية وأن يصرف أولادهم وقتاً مع الله.

أية 3 :- لأَنِّي فَرِحْتُ جِدّاً إِذْ حَضَرَ إِخْوَةٌ وَشَهِدُوا بِالْحَقِّ الَّذِي فِيكَ\'a1 كَمَا أَنَّكَ تَسْلُكُ بِالْحَقِّ
إذاً هو يكتب ليشجعه أن يستمر فى مسلكه. فرحة الخادم هى أن يرى أولاده يسلكون بالحق وبالمحبة وأن إيمانهم سليم. 

أية 4 :- لَيْسَ لِي فَرَحٌ أَعْظَمُ مِنْ هَذَا: أَنْ أَسْمَعَ عَنْ أَوْلاَدِي أَنَّهُمْ يَسْلُكُونَ بِالْحَقِّ
أسمع عن أولادى = هى أبوة يستمدها من الله وفى الله وبه\'a1 فإن صارت العلاقة خارج الرب يسوع ينطبق عليها هذا القول """" لا تدعوا لكم أباً على الأرض ( مت23: 8 - 10) وراجع ( غل4: 19 \'ba  1كو4: 15 \'ba  1تس2: 11).

أيات 5\'a1 6 :- أَيُّهَا الْحَبِيبُ\'a1 أَنْتَ تَفْعَلُ بِالأَمَانَةِ كُلَّ مَا تَصْنَعُهُ إِلَى الإِخْوَةِ وَإِلَى الْغُرَبَاءِ\'a1 الَّذِينَ شَهِدُوا بِمَحَبَّتِكَ أَمَامَ الْكَنِيسَةِ. الَّذِينَ تَفْعَلُ حَسَناً إِذَا شَيَّعْتَهُمْ كَمَا يَحِقُّ للهِ\'a1
الغرباء = الذين لم يعرفهم غايس قبلاً. الإخوة = هم الذين سبق وعرفهم غايس من قبل. كما يحق لله = الله هو القياس وليس خدامه.

أية 7 :- لأَنَّهُمْ مِنْ أَجْلِ اسْمِهِ خَرَجُوا وَهُمْ لاَ يَأْخُذُونَ شَيْئاً مِنَ الأُمَمِ
واضح أن هؤلاء الإخوة الغرباء خرجوا ليكرزوا للأمم\'a1ويريدون أن تكون خدمتهم مجانية\'a1أى بلا مقابل يأخذونه من الأمم. وغايس أتاح لهم هذا بأن تكفل بإحتياجاتهم المادية.

كان هناك نوعان من الخدام فى الكنيسة الأولى :- 
1.خدام محليين ثابتين مستقرين وهؤلاء يسكنون فى بيوتهم.
2.خدام طوافين ينتقلون من مكان إلى مكان. وهؤلاء لا يمكن لهم أن يستعملوا الفنادق لسمعتها السيئة\'a1 إذاً كانوا محتاجين لمن يستضيفهم (كملاكى لوط). لذلك وجدت وصية """"لا تنسوا إضافة الغرباء"""" ( عب2:13). فكان هذا إحتياج الكنيسة فى تلك الأيام. وكانت تلك الإستضافة تشمل (الطعام والنوم). فهؤلاء الخدام لا يخدمون لربح مادى. ولقد إشترطت الكنيسة على هؤلاء الذين يقيمون أكثر من مدة معينة أن يعملوا ليأكلوا\'a1 يكون لهم عمل يتكسبون منه. لذلك نرى بولس الرسول قد عمل كخيام (صانع خيام).

أية 8 :- فَنَحْنُ يَنْبَغِي لَنَا أَنْ نَقْبَلَ أَمْثَالَ هَؤُلاَءِ\'a1 لِكَيْ نَكُونَ عَامِلِينَ مَعَهُمْ بِالْحَقِّ
من يكرم خدام الله يكرم الله.

أيات 9\'a1 10 :- كَتَبْتُ إِلَى الْكَنِيسَةِ\'a1 وَلَكِنَّ دِيُوتْرِيفِسَ - الَّذِي يُحِبُّ أَنْ يَكُونَ الأَّوَلَ بَيْنَهُمْ - لاَ يَقْبَلُنَا. مِنْ أَجْلِ ذَلِكَ إِذَا جِئْتُ فَسَأُذَكِّرُهُ بِأَعْمَالِهِ الَّتِي يَعْمَلُهَا\'a1 هَاذِراً عَلَيْنَا بِأَقْوَالٍ خَبِيثَةٍ. وَإِذْ هُوَ غَيْرُ مُكْتَفٍ بِهَذِهِ\'a1 لاَ يَقْبَلُ الإِخْوَةَ\'a1 وَيَمْنَعُ أَيْضاً الَّذِينَ يُرِيدُونَ\'a1 وَيَطْرُدُهُمْ مِنَ الْكَنِيسَةِ
يبدو أن ديوتريفس هذا كان شخصاً ذو سلطان فى الكنيسة وربما كان هو الأسقف\'a1 إذ هو قادر أن يمنع أشخاصاً من دخول الكنيسة. 
كتبت إلى الكنيسة = كتب يوحنا رسالة إلى الكنيسة يطلب فيها قبول الإخوة الكارزين\'a1 فمنع ديوتريفس وصول الرسالة للكنيسة. يحب أن يكون الأول = خطية الكبرياء هذه تجعل الخادم ينحرف عن خدمته\'a1 ويحدث الإنشقاق فى الكنيسة. لايقبلنا = هو فى كبريائه لا يطيق الحق\'a1 يريد أن يعلم ولا يتعلم. ولا يقبل هؤلاء الإخوة الذين أرسلهم يوحنا ليكرزوا ويعلموا. بل هو طرد هؤلاء الإخوة\'a1 بل طرد الذين قبلوهم فى بيوتهم = الذين يريدون. والرسول يقول سأذكره = أى يساعده على معرفة أخطائه ليخلص نفسه.

أية 11 :- أَيُّهَا الْحَبِيبُ\'a1 لاَ تَتَمَثَّلْ بِالشَّرِّ بَلْ بِالْخَيْرِ\'a1 لأَنَّ مَنْ يَصْنَعُ الْخَيْرَ هُوَ مِنَ اللهِ\'a1 وَمَنْ يَصْنَعُ الشَّرَّ فَلَمْ يُبْصِرِ اللهَ.
لا تتمثل بالشر = بديوتريفس وأعماله. بل بالخير = أى بديمتريوس.
فلم يبصر الله = من يفعل الشر\'a1ويمتلىء قلبه بالعجرفة وحب الذات ينحنى بإرادته للظلمة فلا يقدر أن يبصر الله """" فلا شركة للنور مع الظلمة"""" ( 2كو6: 14). ومن أبصر الله فلقد أبصر النور فالله نور\'a1والنور يضىء له الطريق فيعرف الحق. 
أية 12 :- دِيمِتْرِيُوسُ مَشْهُودٌ لَهُ مِنَ الْجَمِيعِ وَمِنَ الْحَقِّ نَفْسِهِ\'a1 وَنَحْنُ أَيْضاً نَشْهَدُ\'a1 وَأَنْتُمْ تَعْلَمُونَ أَنَّ شَهَادَتَنَا هِيَ صَادِقَةٌ
ومن الحق نفسه = ربما تعنى أن الله يشهد له  فالله هو الحق. أو تعنى من أعماله أى أعمال ديمتريوس\'a1 فأعماله بحسب الحق\'a1وهى تشهد له. 
ونحن أيضاً = أى أن الرسول إختبره بنفسه. 
مشهود له من الجميع = هكذا أولاد الله نورهم ظاهر للجميع. وبهذا يشجع الرسول\'a1 غايس أن يقتدى بديمتريوس ولا يتشبه بديوتريفس.

أية 13 :- وَكَانَ لِي كَثِيرٌ لأَكْتُبَهُ\'a1 لَكِنَّنِي لَسْتُ أُرِيدُ أَنْ أَكْتُبَ إِلَيْكَ بِحِبْرٍ وَقَلَمٍ
 الجسر= كان من السناج الممزوج بماء ومقوى بالصمغ. والقلم = كان من الغاب المشطوف.

اية 14 :- وَلَكِنَّنِي أَرْجُو أَنْ أَرَاكَ عَنْ قَرِيبٍ فَنَتَكَلَّمَ فَماً لِفَمٍ.
تأكيد على أهمية التقليد.

أية 15 :- سَلاَمٌ لَكَ. يُسَلِّمُ عَلَيْكَ الأَحِبَّاءُ. سَلِّمْ عَلَى الأَحِبَّاءِ بِأَسْمَائِهِمْ. 
يسلم عليك الأحباء = ولم يقل الإخوة تأكيداً على المحبة. وهكذا أيضاً سلم على الأحباء."
يوحنا ثالثة,1,55,"الإصحاح الأول
أية 1 :- اَلشَّيْخُ\'a1 إِلَى غَايُسَ الْحَبِيبِ الَّذِي أَنَا أُحِبُّهُ بِالْحَقِّ 
الرسول يحب بالحق أى لأجل المسيح\'a1 وبالمسيح الذى فيه.

أية 2 :- أَيُّهَا الْحَبِيبُ\'a1 فِي كُلِّ شَيْءٍ أَرُومُ أَنْ تَكُونَ نَاجِحاً وَصَحِيحاً\'a1 كَمَا أَنَّ نَفْسَكَ نَاجِحَة
الرسول يتمنى أن يكون غايس صحيحاً جسدياً. كما أنه نفسياً أى روحياً صحيح. ويرى البعض أن معنى كلام الرسول هنا أن صحة غايس كانت ليست على مايرام. والكنيسة تصلى من أجل صحة أولادها (فى أوشية المرضى) كما تصلى للراقدين والمسافرين. وأهم ما تطلبه لأجلهم هو غفران خطاياهم. 
كما أن نفسك ناجحة = النجاح ليس هو النجاح المادى وصحة الجسد. بل نجاح نفسى يتمثل فى الإحساس بالشبع والفرح والرضى والسلام الذى يملأ القلب. كما قال داود """"أحبك يارب يا قوتى"""" ( مز 18). ودانيال ويوسف كانوا ناجحين. وللأسف فهناك أباء يهتمون بنجاح أولادهم مادياً ودراسياً ولا يهتمون بحياتهم الروحية وأن يصرف أولادهم وقتاً مع الله.

أية 3 :- لأَنِّي فَرِحْتُ جِدّاً إِذْ حَضَرَ إِخْوَةٌ وَشَهِدُوا بِالْحَقِّ الَّذِي فِيكَ\'a1 كَمَا أَنَّكَ تَسْلُكُ بِالْحَقِّ
إذاً هو يكتب ليشجعه أن يستمر فى مسلكه. فرحة الخادم هى أن يرى أولاده يسلكون بالحق وبالمحبة وأن إيمانهم سليم. 

أية 4 :- لَيْسَ لِي فَرَحٌ أَعْظَمُ مِنْ هَذَا: أَنْ أَسْمَعَ عَنْ أَوْلاَدِي أَنَّهُمْ يَسْلُكُونَ بِالْحَقِّ
أسمع عن أولادى = هى أبوة يستمدها من الله وفى الله وبه\'a1 فإن صارت العلاقة خارج الرب يسوع ينطبق عليها هذا القول """" لا تدعوا لكم أباً على الأرض ( مت23: 8 - 10) وراجع ( غل4: 19 \'ba  1كو4: 15 \'ba  1تس2: 11).

أيات 5\'a1 6 :- أَيُّهَا الْحَبِيبُ\'a1 أَنْتَ تَفْعَلُ بِالأَمَانَةِ كُلَّ مَا تَصْنَعُهُ إِلَى الإِخْوَةِ وَإِلَى الْغُرَبَاءِ\'a1 الَّذِينَ شَهِدُوا بِمَحَبَّتِكَ أَمَامَ الْكَنِيسَةِ. الَّذِينَ تَفْعَلُ حَسَناً إِذَا شَيَّعْتَهُمْ كَمَا يَحِقُّ للهِ\'a1
الغرباء = الذين لم يعرفهم غايس قبلاً. الإخوة = هم الذين سبق وعرفهم غايس من قبل. كما يحق لله = الله هو القياس وليس خدامه.

أية 7 :- لأَنَّهُمْ مِنْ أَجْلِ اسْمِهِ خَرَجُوا وَهُمْ لاَ يَأْخُذُونَ شَيْئاً مِنَ الأُمَمِ
واضح أن هؤلاء الإخوة الغرباء خرجوا ليكرزوا للأمم\'a1ويريدون أن تكون خدمتهم مجانية\'a1أى بلا مقابل يأخذونه من الأمم. وغايس أتاح لهم هذا بأن تكفل بإحتياجاتهم المادية.

كان هناك نوعان من الخدام فى الكنيسة الأولى :- 
1.خدام محليين ثابتين مستقرين وهؤلاء يسكنون فى بيوتهم.
2.خدام طوافين ينتقلون من مكان إلى مكان. وهؤلاء لا يمكن لهم أن يستعملوا الفنادق لسمعتها السيئة\'a1 إذاً كانوا محتاجين لمن يستضيفهم (كملاكى لوط). لذلك وجدت وصية """"لا تنسوا إضافة الغرباء"""" ( عب2:13). فكان هذا إحتياج الكنيسة فى تلك الأيام. وكانت تلك الإستضافة تشمل (الطعام والنوم). فهؤلاء الخدام لا يخدمون لربح مادى. ولقد إشترطت الكنيسة على هؤلاء الذين يقيمون أكثر من مدة معينة أن يعملوا ليأكلوا\'a1 يكون لهم عمل يتكسبون منه. لذلك نرى بولس الرسول قد عمل كخيام (صانع خيام).

أية 8 :- فَنَحْنُ يَنْبَغِي لَنَا أَنْ نَقْبَلَ أَمْثَالَ هَؤُلاَءِ\'a1 لِكَيْ نَكُونَ عَامِلِينَ مَعَهُمْ بِالْحَقِّ
من يكرم خدام الله يكرم الله.

أيات 9\'a1 10 :- كَتَبْتُ إِلَى الْكَنِيسَةِ\'a1 وَلَكِنَّ دِيُوتْرِيفِسَ - الَّذِي يُحِبُّ أَنْ يَكُونَ الأَّوَلَ بَيْنَهُمْ - لاَ يَقْبَلُنَا. مِنْ أَجْلِ ذَلِكَ إِذَا جِئْتُ فَسَأُذَكِّرُهُ بِأَعْمَالِهِ الَّتِي يَعْمَلُهَا\'a1 هَاذِراً عَلَيْنَا بِأَقْوَالٍ خَبِيثَةٍ. وَإِذْ هُوَ غَيْرُ مُكْتَفٍ بِهَذِهِ\'a1 لاَ يَقْبَلُ الإِخْوَةَ\'a1 وَيَمْنَعُ أَيْضاً الَّذِينَ يُرِيدُونَ\'a1 وَيَطْرُدُهُمْ مِنَ الْكَنِيسَةِ
يبدو أن ديوتريفس هذا كان شخصاً ذو سلطان فى الكنيسة وربما كان هو الأسقف\'a1 إذ هو قادر أن يمنع أشخاصاً من دخول الكنيسة. 
كتبت إلى الكنيسة = كتب يوحنا رسالة إلى الكنيسة يطلب فيها قبول الإخوة الكارزين\'a1 فمنع ديوتريفس وصول الرسالة للكنيسة. يحب أن يكون الأول = خطية الكبرياء هذه تجعل الخادم ينحرف عن خدمته\'a1 ويحدث الإنشقاق فى الكنيسة. لايقبلنا = هو فى كبريائه لا يطيق الحق\'a1 يريد أن يعلم ولا يتعلم. ولا يقبل هؤلاء الإخوة الذين أرسلهم يوحنا ليكرزوا ويعلموا. بل هو طرد هؤلاء الإخوة\'a1 بل طرد الذين قبلوهم فى بيوتهم = الذين يريدون. والرسول يقول سأذكره = أى يساعده على معرفة أخطائه ليخلص نفسه.

أية 11 :- أَيُّهَا الْحَبِيبُ\'a1 لاَ تَتَمَثَّلْ بِالشَّرِّ بَلْ بِالْخَيْرِ\'a1 لأَنَّ مَنْ يَصْنَعُ الْخَيْرَ هُوَ مِنَ اللهِ\'a1 وَمَنْ يَصْنَعُ الشَّرَّ فَلَمْ يُبْصِرِ اللهَ.
لا تتمثل بالشر = بديوتريفس وأعماله. بل بالخير = أى بديمتريوس.
فلم يبصر الله = من يفعل الشر\'a1ويمتلىء قلبه بالعجرفة وحب الذات ينحنى بإرادته للظلمة فلا يقدر أن يبصر الله """" فلا شركة للنور مع الظلمة"""" ( 2كو6: 14). ومن أبصر الله فلقد أبصر النور فالله نور\'a1والنور يضىء له الطريق فيعرف الحق. 
أية 12 :- دِيمِتْرِيُوسُ مَشْهُودٌ لَهُ مِنَ الْجَمِيعِ وَمِنَ الْحَقِّ نَفْسِهِ\'a1 وَنَحْنُ أَيْضاً نَشْهَدُ\'a1 وَأَنْتُمْ تَعْلَمُونَ أَنَّ شَهَادَتَنَا هِيَ صَادِقَةٌ
ومن الحق نفسه = ربما تعنى أن الله يشهد له  فالله هو الحق. أو تعنى من أعماله أى أعمال ديمتريوس\'a1 فأعماله بحسب الحق\'a1وهى تشهد له. 
ونحن أيضاً = أى أن الرسول إختبره بنفسه. 
مشهود له من الجميع = هكذا أولاد الله نورهم ظاهر للجميع. وبهذا يشجع الرسول\'a1 غايس أن يقتدى بديمتريوس ولا يتشبه بديوتريفس.

أية 13 :- وَكَانَ لِي كَثِيرٌ لأَكْتُبَهُ\'a1 لَكِنَّنِي لَسْتُ أُرِيدُ أَنْ أَكْتُبَ إِلَيْكَ بِحِبْرٍ وَقَلَمٍ
 الجسر= كان من السناج الممزوج بماء ومقوى بالصمغ. والقلم = كان من الغاب المشطوف.

اية 14 :- وَلَكِنَّنِي أَرْجُو أَنْ أَرَاكَ عَنْ قَرِيبٍ فَنَتَكَلَّمَ فَماً لِفَمٍ.
تأكيد على أهمية التقليد.

أية 15 :- سَلاَمٌ لَكَ. يُسَلِّمُ عَلَيْكَ الأَحِبَّاءُ. سَلِّمْ عَلَى الأَحِبَّاءِ بِأَسْمَائِهِمْ. 
يسلم عليك الأحباء = ولم يقل الإخوة تأكيداً على المحبة. وهكذا أيضاً سلم على الأحباء."
يوحنا ثالثة,1,56,"الإصحاح الأول
أية 1 :- اَلشَّيْخُ\'a1 إِلَى غَايُسَ الْحَبِيبِ الَّذِي أَنَا أُحِبُّهُ بِالْحَقِّ 
الرسول يحب بالحق أى لأجل المسيح\'a1 وبالمسيح الذى فيه.

أية 2 :- أَيُّهَا الْحَبِيبُ\'a1 فِي كُلِّ شَيْءٍ أَرُومُ أَنْ تَكُونَ نَاجِحاً وَصَحِيحاً\'a1 كَمَا أَنَّ نَفْسَكَ نَاجِحَة
الرسول يتمنى أن يكون غايس صحيحاً جسدياً. كما أنه نفسياً أى روحياً صحيح. ويرى البعض أن معنى كلام الرسول هنا أن صحة غايس كانت ليست على مايرام. والكنيسة تصلى من أجل صحة أولادها (فى أوشية المرضى) كما تصلى للراقدين والمسافرين. وأهم ما تطلبه لأجلهم هو غفران خطاياهم. 
كما أن نفسك ناجحة = النجاح ليس هو النجاح المادى وصحة الجسد. بل نجاح نفسى يتمثل فى الإحساس بالشبع والفرح والرضى والسلام الذى يملأ القلب. كما قال داود """"أحبك يارب يا قوتى"""" ( مز 18). ودانيال ويوسف كانوا ناجحين. وللأسف فهناك أباء يهتمون بنجاح أولادهم مادياً ودراسياً ولا يهتمون بحياتهم الروحية وأن يصرف أولادهم وقتاً مع الله.

أية 3 :- لأَنِّي فَرِحْتُ جِدّاً إِذْ حَضَرَ إِخْوَةٌ وَشَهِدُوا بِالْحَقِّ الَّذِي فِيكَ\'a1 كَمَا أَنَّكَ تَسْلُكُ بِالْحَقِّ
إذاً هو يكتب ليشجعه أن يستمر فى مسلكه. فرحة الخادم هى أن يرى أولاده يسلكون بالحق وبالمحبة وأن إيمانهم سليم. 

أية 4 :- لَيْسَ لِي فَرَحٌ أَعْظَمُ مِنْ هَذَا: أَنْ أَسْمَعَ عَنْ أَوْلاَدِي أَنَّهُمْ يَسْلُكُونَ بِالْحَقِّ
أسمع عن أولادى = هى أبوة يستمدها من الله وفى الله وبه\'a1 فإن صارت العلاقة خارج الرب يسوع ينطبق عليها هذا القول """" لا تدعوا لكم أباً على الأرض ( مت23: 8 - 10) وراجع ( غل4: 19 \'ba  1كو4: 15 \'ba  1تس2: 11).

أيات 5\'a1 6 :- أَيُّهَا الْحَبِيبُ\'a1 أَنْتَ تَفْعَلُ بِالأَمَانَةِ كُلَّ مَا تَصْنَعُهُ إِلَى الإِخْوَةِ وَإِلَى الْغُرَبَاءِ\'a1 الَّذِينَ شَهِدُوا بِمَحَبَّتِكَ أَمَامَ الْكَنِيسَةِ. الَّذِينَ تَفْعَلُ حَسَناً إِذَا شَيَّعْتَهُمْ كَمَا يَحِقُّ للهِ\'a1
الغرباء = الذين لم يعرفهم غايس قبلاً. الإخوة = هم الذين سبق وعرفهم غايس من قبل. كما يحق لله = الله هو القياس وليس خدامه.

أية 7 :- لأَنَّهُمْ مِنْ أَجْلِ اسْمِهِ خَرَجُوا وَهُمْ لاَ يَأْخُذُونَ شَيْئاً مِنَ الأُمَمِ
واضح أن هؤلاء الإخوة الغرباء خرجوا ليكرزوا للأمم\'a1ويريدون أن تكون خدمتهم مجانية\'a1أى بلا مقابل يأخذونه من الأمم. وغايس أتاح لهم هذا بأن تكفل بإحتياجاتهم المادية.

كان هناك نوعان من الخدام فى الكنيسة الأولى :- 
1.خدام محليين ثابتين مستقرين وهؤلاء يسكنون فى بيوتهم.
2.خدام طوافين ينتقلون من مكان إلى مكان. وهؤلاء لا يمكن لهم أن يستعملوا الفنادق لسمعتها السيئة\'a1 إذاً كانوا محتاجين لمن يستضيفهم (كملاكى لوط). لذلك وجدت وصية """"لا تنسوا إضافة الغرباء"""" ( عب2:13). فكان هذا إحتياج الكنيسة فى تلك الأيام. وكانت تلك الإستضافة تشمل (الطعام والنوم). فهؤلاء الخدام لا يخدمون لربح مادى. ولقد إشترطت الكنيسة على هؤلاء الذين يقيمون أكثر من مدة معينة أن يعملوا ليأكلوا\'a1 يكون لهم عمل يتكسبون منه. لذلك نرى بولس الرسول قد عمل كخيام (صانع خيام).

أية 8 :- فَنَحْنُ يَنْبَغِي لَنَا أَنْ نَقْبَلَ أَمْثَالَ هَؤُلاَءِ\'a1 لِكَيْ نَكُونَ عَامِلِينَ مَعَهُمْ بِالْحَقِّ
من يكرم خدام الله يكرم الله.

أيات 9\'a1 10 :- كَتَبْتُ إِلَى الْكَنِيسَةِ\'a1 وَلَكِنَّ دِيُوتْرِيفِسَ - الَّذِي يُحِبُّ أَنْ يَكُونَ الأَّوَلَ بَيْنَهُمْ - لاَ يَقْبَلُنَا. مِنْ أَجْلِ ذَلِكَ إِذَا جِئْتُ فَسَأُذَكِّرُهُ بِأَعْمَالِهِ الَّتِي يَعْمَلُهَا\'a1 هَاذِراً عَلَيْنَا بِأَقْوَالٍ خَبِيثَةٍ. وَإِذْ هُوَ غَيْرُ مُكْتَفٍ بِهَذِهِ\'a1 لاَ يَقْبَلُ الإِخْوَةَ\'a1 وَيَمْنَعُ أَيْضاً الَّذِينَ يُرِيدُونَ\'a1 وَيَطْرُدُهُمْ مِنَ الْكَنِيسَةِ
يبدو أن ديوتريفس هذا كان شخصاً ذو سلطان فى الكنيسة وربما كان هو الأسقف\'a1 إذ هو قادر أن يمنع أشخاصاً من دخول الكنيسة. 
كتبت إلى الكنيسة = كتب يوحنا رسالة إلى الكنيسة يطلب فيها قبول الإخوة الكارزين\'a1 فمنع ديوتريفس وصول الرسالة للكنيسة. يحب أن يكون الأول = خطية الكبرياء هذه تجعل الخادم ينحرف عن خدمته\'a1 ويحدث الإنشقاق فى الكنيسة. لايقبلنا = هو فى كبريائه لا يطيق الحق\'a1 يريد أن يعلم ولا يتعلم. ولا يقبل هؤلاء الإخوة الذين أرسلهم يوحنا ليكرزوا ويعلموا. بل هو طرد هؤلاء الإخوة\'a1 بل طرد الذين قبلوهم فى بيوتهم = الذين يريدون. والرسول يقول سأذكره = أى يساعده على معرفة أخطائه ليخلص نفسه.

أية 11 :- أَيُّهَا الْحَبِيبُ\'a1 لاَ تَتَمَثَّلْ بِالشَّرِّ بَلْ بِالْخَيْرِ\'a1 لأَنَّ مَنْ يَصْنَعُ الْخَيْرَ هُوَ مِنَ اللهِ\'a1 وَمَنْ يَصْنَعُ الشَّرَّ فَلَمْ يُبْصِرِ اللهَ.
لا تتمثل بالشر = بديوتريفس وأعماله. بل بالخير = أى بديمتريوس.
فلم يبصر الله = من يفعل الشر\'a1ويمتلىء قلبه بالعجرفة وحب الذات ينحنى بإرادته للظلمة فلا يقدر أن يبصر الله """" فلا شركة للنور مع الظلمة"""" ( 2كو6: 14). ومن أبصر الله فلقد أبصر النور فالله نور\'a1والنور يضىء له الطريق فيعرف الحق. 
أية 12 :- دِيمِتْرِيُوسُ مَشْهُودٌ لَهُ مِنَ الْجَمِيعِ وَمِنَ الْحَقِّ نَفْسِهِ\'a1 وَنَحْنُ أَيْضاً نَشْهَدُ\'a1 وَأَنْتُمْ تَعْلَمُونَ أَنَّ شَهَادَتَنَا هِيَ صَادِقَةٌ
ومن الحق نفسه = ربما تعنى أن الله يشهد له  فالله هو الحق. أو تعنى من أعماله أى أعمال ديمتريوس\'a1 فأعماله بحسب الحق\'a1وهى تشهد له. 
ونحن أيضاً = أى أن الرسول إختبره بنفسه. 
مشهود له من الجميع = هكذا أولاد الله نورهم ظاهر للجميع. وبهذا يشجع الرسول\'a1 غايس أن يقتدى بديمتريوس ولا يتشبه بديوتريفس.

أية 13 :- وَكَانَ لِي كَثِيرٌ لأَكْتُبَهُ\'a1 لَكِنَّنِي لَسْتُ أُرِيدُ أَنْ أَكْتُبَ إِلَيْكَ بِحِبْرٍ وَقَلَمٍ
 الجسر= كان من السناج الممزوج بماء ومقوى بالصمغ. والقلم = كان من الغاب المشطوف.

اية 14 :- وَلَكِنَّنِي أَرْجُو أَنْ أَرَاكَ عَنْ قَرِيبٍ فَنَتَكَلَّمَ فَماً لِفَمٍ.
تأكيد على أهمية التقليد.

أية 15 :- سَلاَمٌ لَكَ. يُسَلِّمُ عَلَيْكَ الأَحِبَّاءُ. سَلِّمْ عَلَى الأَحِبَّاءِ بِأَسْمَائِهِمْ. 
يسلم عليك الأحباء = ولم يقل الإخوة تأكيداً على المحبة. وهكذا أيضاً سلم على الأحباء."
يوحنا ثالثة,1,57,"الإصحاح الأول
أية 1 :- اَلشَّيْخُ\'a1 إِلَى غَايُسَ الْحَبِيبِ الَّذِي أَنَا أُحِبُّهُ بِالْحَقِّ 
الرسول يحب بالحق أى لأجل المسيح\'a1 وبالمسيح الذى فيه.

أية 2 :- أَيُّهَا الْحَبِيبُ\'a1 فِي كُلِّ شَيْءٍ أَرُومُ أَنْ تَكُونَ نَاجِحاً وَصَحِيحاً\'a1 كَمَا أَنَّ نَفْسَكَ نَاجِحَة
الرسول يتمنى أن يكون غايس صحيحاً جسدياً. كما أنه نفسياً أى روحياً صحيح. ويرى البعض أن معنى كلام الرسول هنا أن صحة غايس كانت ليست على مايرام. والكنيسة تصلى من أجل صحة أولادها (فى أوشية المرضى) كما تصلى للراقدين والمسافرين. وأهم ما تطلبه لأجلهم هو غفران خطاياهم. 
كما أن نفسك ناجحة = النجاح ليس هو النجاح المادى وصحة الجسد. بل نجاح نفسى يتمثل فى الإحساس بالشبع والفرح والرضى والسلام الذى يملأ القلب. كما قال داود """"أحبك يارب يا قوتى"""" ( مز 18). ودانيال ويوسف كانوا ناجحين. وللأسف فهناك أباء يهتمون بنجاح أولادهم مادياً ودراسياً ولا يهتمون بحياتهم الروحية وأن يصرف أولادهم وقتاً مع الله.

أية 3 :- لأَنِّي فَرِحْتُ جِدّاً إِذْ حَضَرَ إِخْوَةٌ وَشَهِدُوا بِالْحَقِّ الَّذِي فِيكَ\'a1 كَمَا أَنَّكَ تَسْلُكُ بِالْحَقِّ
إذاً هو يكتب ليشجعه أن يستمر فى مسلكه. فرحة الخادم هى أن يرى أولاده يسلكون بالحق وبالمحبة وأن إيمانهم سليم. 

أية 4 :- لَيْسَ لِي فَرَحٌ أَعْظَمُ مِنْ هَذَا: أَنْ أَسْمَعَ عَنْ أَوْلاَدِي أَنَّهُمْ يَسْلُكُونَ بِالْحَقِّ
أسمع عن أولادى = هى أبوة يستمدها من الله وفى الله وبه\'a1 فإن صارت العلاقة خارج الرب يسوع ينطبق عليها هذا القول """" لا تدعوا لكم أباً على الأرض ( مت23: 8 - 10) وراجع ( غل4: 19 \'ba  1كو4: 15 \'ba  1تس2: 11).

أيات 5\'a1 6 :- أَيُّهَا الْحَبِيبُ\'a1 أَنْتَ تَفْعَلُ بِالأَمَانَةِ كُلَّ مَا تَصْنَعُهُ إِلَى الإِخْوَةِ وَإِلَى الْغُرَبَاءِ\'a1 الَّذِينَ شَهِدُوا بِمَحَبَّتِكَ أَمَامَ الْكَنِيسَةِ. الَّذِينَ تَفْعَلُ حَسَناً إِذَا شَيَّعْتَهُمْ كَمَا يَحِقُّ للهِ\'a1
الغرباء = الذين لم يعرفهم غايس قبلاً. الإخوة = هم الذين سبق وعرفهم غايس من قبل. كما يحق لله = الله هو القياس وليس خدامه.

أية 7 :- لأَنَّهُمْ مِنْ أَجْلِ اسْمِهِ خَرَجُوا وَهُمْ لاَ يَأْخُذُونَ شَيْئاً مِنَ الأُمَمِ
واضح أن هؤلاء الإخوة الغرباء خرجوا ليكرزوا للأمم\'a1ويريدون أن تكون خدمتهم مجانية\'a1أى بلا مقابل يأخذونه من الأمم. وغايس أتاح لهم هذا بأن تكفل بإحتياجاتهم المادية.

كان هناك نوعان من الخدام فى الكنيسة الأولى :- 
1.خدام محليين ثابتين مستقرين وهؤلاء يسكنون فى بيوتهم.
2.خدام طوافين ينتقلون من مكان إلى مكان. وهؤلاء لا يمكن لهم أن يستعملوا الفنادق لسمعتها السيئة\'a1 إذاً كانوا محتاجين لمن يستضيفهم (كملاكى لوط). لذلك وجدت وصية """"لا تنسوا إضافة الغرباء"""" ( عب2:13). فكان هذا إحتياج الكنيسة فى تلك الأيام. وكانت تلك الإستضافة تشمل (الطعام والنوم). فهؤلاء الخدام لا يخدمون لربح مادى. ولقد إشترطت الكنيسة على هؤلاء الذين يقيمون أكثر من مدة معينة أن يعملوا ليأكلوا\'a1 يكون لهم عمل يتكسبون منه. لذلك نرى بولس الرسول قد عمل كخيام (صانع خيام).

أية 8 :- فَنَحْنُ يَنْبَغِي لَنَا أَنْ نَقْبَلَ أَمْثَالَ هَؤُلاَءِ\'a1 لِكَيْ نَكُونَ عَامِلِينَ مَعَهُمْ بِالْحَقِّ
من يكرم خدام الله يكرم الله.

أيات 9\'a1 10 :- كَتَبْتُ إِلَى الْكَنِيسَةِ\'a1 وَلَكِنَّ دِيُوتْرِيفِسَ - الَّذِي يُحِبُّ أَنْ يَكُونَ الأَّوَلَ بَيْنَهُمْ - لاَ يَقْبَلُنَا. مِنْ أَجْلِ ذَلِكَ إِذَا جِئْتُ فَسَأُذَكِّرُهُ بِأَعْمَالِهِ الَّتِي يَعْمَلُهَا\'a1 هَاذِراً عَلَيْنَا بِأَقْوَالٍ خَبِيثَةٍ. وَإِذْ هُوَ غَيْرُ مُكْتَفٍ بِهَذِهِ\'a1 لاَ يَقْبَلُ الإِخْوَةَ\'a1 وَيَمْنَعُ أَيْضاً الَّذِينَ يُرِيدُونَ\'a1 وَيَطْرُدُهُمْ مِنَ الْكَنِيسَةِ
يبدو أن ديوتريفس هذا كان شخصاً ذو سلطان فى الكنيسة وربما كان هو الأسقف\'a1 إذ هو قادر أن يمنع أشخاصاً من دخول الكنيسة. 
كتبت إلى الكنيسة = كتب يوحنا رسالة إلى الكنيسة يطلب فيها قبول الإخوة الكارزين\'a1 فمنع ديوتريفس وصول الرسالة للكنيسة. يحب أن يكون الأول = خطية الكبرياء هذه تجعل الخادم ينحرف عن خدمته\'a1 ويحدث الإنشقاق فى الكنيسة. لايقبلنا = هو فى كبريائه لا يطيق الحق\'a1 يريد أن يعلم ولا يتعلم. ولا يقبل هؤلاء الإخوة الذين أرسلهم يوحنا ليكرزوا ويعلموا. بل هو طرد هؤلاء الإخوة\'a1 بل طرد الذين قبلوهم فى بيوتهم = الذين يريدون. والرسول يقول سأذكره = أى يساعده على معرفة أخطائه ليخلص نفسه.

أية 11 :- أَيُّهَا الْحَبِيبُ\'a1 لاَ تَتَمَثَّلْ بِالشَّرِّ بَلْ بِالْخَيْرِ\'a1 لأَنَّ مَنْ يَصْنَعُ الْخَيْرَ هُوَ مِنَ اللهِ\'a1 وَمَنْ يَصْنَعُ الشَّرَّ فَلَمْ يُبْصِرِ اللهَ.
لا تتمثل بالشر = بديوتريفس وأعماله. بل بالخير = أى بديمتريوس.
فلم يبصر الله = من يفعل الشر\'a1ويمتلىء قلبه بالعجرفة وحب الذات ينحنى بإرادته للظلمة فلا يقدر أن يبصر الله """" فلا شركة للنور مع الظلمة"""" ( 2كو6: 14). ومن أبصر الله فلقد أبصر النور فالله نور\'a1والنور يضىء له الطريق فيعرف الحق. 
أية 12 :- دِيمِتْرِيُوسُ مَشْهُودٌ لَهُ مِنَ الْجَمِيعِ وَمِنَ الْحَقِّ نَفْسِهِ\'a1 وَنَحْنُ أَيْضاً نَشْهَدُ\'a1 وَأَنْتُمْ تَعْلَمُونَ أَنَّ شَهَادَتَنَا هِيَ صَادِقَةٌ
ومن الحق نفسه = ربما تعنى أن الله يشهد له  فالله هو الحق. أو تعنى من أعماله أى أعمال ديمتريوس\'a1 فأعماله بحسب الحق\'a1وهى تشهد له. 
ونحن أيضاً = أى أن الرسول إختبره بنفسه. 
مشهود له من الجميع = هكذا أولاد الله نورهم ظاهر للجميع. وبهذا يشجع الرسول\'a1 غايس أن يقتدى بديمتريوس ولا يتشبه بديوتريفس.

أية 13 :- وَكَانَ لِي كَثِيرٌ لأَكْتُبَهُ\'a1 لَكِنَّنِي لَسْتُ أُرِيدُ أَنْ أَكْتُبَ إِلَيْكَ بِحِبْرٍ وَقَلَمٍ
 الجسر= كان من السناج الممزوج بماء ومقوى بالصمغ. والقلم = كان من الغاب المشطوف.

اية 14 :- وَلَكِنَّنِي أَرْجُو أَنْ أَرَاكَ عَنْ قَرِيبٍ فَنَتَكَلَّمَ فَماً لِفَمٍ.
تأكيد على أهمية التقليد.

أية 15 :- سَلاَمٌ لَكَ. يُسَلِّمُ عَلَيْكَ الأَحِبَّاءُ. سَلِّمْ عَلَى الأَحِبَّاءِ بِأَسْمَائِهِمْ. 
يسلم عليك الأحباء = ولم يقل الإخوة تأكيداً على المحبة. وهكذا أيضاً سلم على الأحباء."
يوحنا ثالثة,1,58,"الإصحاح الأول
أية 1 :- اَلشَّيْخُ\'a1 إِلَى غَايُسَ الْحَبِيبِ الَّذِي أَنَا أُحِبُّهُ بِالْحَقِّ 
الرسول يحب بالحق أى لأجل المسيح\'a1 وبالمسيح الذى فيه.

أية 2 :- أَيُّهَا الْحَبِيبُ\'a1 فِي كُلِّ شَيْءٍ أَرُومُ أَنْ تَكُونَ نَاجِحاً وَصَحِيحاً\'a1 كَمَا أَنَّ نَفْسَكَ نَاجِحَة
الرسول يتمنى أن يكون غايس صحيحاً جسدياً. كما أنه نفسياً أى روحياً صحيح. ويرى البعض أن معنى كلام الرسول هنا أن صحة غايس كانت ليست على مايرام. والكنيسة تصلى من أجل صحة أولادها (فى أوشية المرضى) كما تصلى للراقدين والمسافرين. وأهم ما تطلبه لأجلهم هو غفران خطاياهم. 
كما أن نفسك ناجحة = النجاح ليس هو النجاح المادى وصحة الجسد. بل نجاح نفسى يتمثل فى الإحساس بالشبع والفرح والرضى والسلام الذى يملأ القلب. كما قال داود """"أحبك يارب يا قوتى"""" ( مز 18). ودانيال ويوسف كانوا ناجحين. وللأسف فهناك أباء يهتمون بنجاح أولادهم مادياً ودراسياً ولا يهتمون بحياتهم الروحية وأن يصرف أولادهم وقتاً مع الله.

أية 3 :- لأَنِّي فَرِحْتُ جِدّاً إِذْ حَضَرَ إِخْوَةٌ وَشَهِدُوا بِالْحَقِّ الَّذِي فِيكَ\'a1 كَمَا أَنَّكَ تَسْلُكُ بِالْحَقِّ
إذاً هو يكتب ليشجعه أن يستمر فى مسلكه. فرحة الخادم هى أن يرى أولاده يسلكون بالحق وبالمحبة وأن إيمانهم سليم. 

أية 4 :- لَيْسَ لِي فَرَحٌ أَعْظَمُ مِنْ هَذَا: أَنْ أَسْمَعَ عَنْ أَوْلاَدِي أَنَّهُمْ يَسْلُكُونَ بِالْحَقِّ
أسمع عن أولادى = هى أبوة يستمدها من الله وفى الله وبه\'a1 فإن صارت العلاقة خارج الرب يسوع ينطبق عليها هذا القول """" لا تدعوا لكم أباً على الأرض ( مت23: 8 - 10) وراجع ( غل4: 19 \'ba  1كو4: 15 \'ba  1تس2: 11).

أيات 5\'a1 6 :- أَيُّهَا الْحَبِيبُ\'a1 أَنْتَ تَفْعَلُ بِالأَمَانَةِ كُلَّ مَا تَصْنَعُهُ إِلَى الإِخْوَةِ وَإِلَى الْغُرَبَاءِ\'a1 الَّذِينَ شَهِدُوا بِمَحَبَّتِكَ أَمَامَ الْكَنِيسَةِ. الَّذِينَ تَفْعَلُ حَسَناً إِذَا شَيَّعْتَهُمْ كَمَا يَحِقُّ للهِ\'a1
الغرباء = الذين لم يعرفهم غايس قبلاً. الإخوة = هم الذين سبق وعرفهم غايس من قبل. كما يحق لله = الله هو القياس وليس خدامه.

أية 7 :- لأَنَّهُمْ مِنْ أَجْلِ اسْمِهِ خَرَجُوا وَهُمْ لاَ يَأْخُذُونَ شَيْئاً مِنَ الأُمَمِ
واضح أن هؤلاء الإخوة الغرباء خرجوا ليكرزوا للأمم\'a1ويريدون أن تكون خدمتهم مجانية\'a1أى بلا مقابل يأخذونه من الأمم. وغايس أتاح لهم هذا بأن تكفل بإحتياجاتهم المادية.

كان هناك نوعان من الخدام فى الكنيسة الأولى :- 
1.خدام محليين ثابتين مستقرين وهؤلاء يسكنون فى بيوتهم.
2.خدام طوافين ينتقلون من مكان إلى مكان. وهؤلاء لا يمكن لهم أن يستعملوا الفنادق لسمعتها السيئة\'a1 إذاً كانوا محتاجين لمن يستضيفهم (كملاكى لوط). لذلك وجدت وصية """"لا تنسوا إضافة الغرباء"""" ( عب2:13). فكان هذا إحتياج الكنيسة فى تلك الأيام. وكانت تلك الإستضافة تشمل (الطعام والنوم). فهؤلاء الخدام لا يخدمون لربح مادى. ولقد إشترطت الكنيسة على هؤلاء الذين يقيمون أكثر من مدة معينة أن يعملوا ليأكلوا\'a1 يكون لهم عمل يتكسبون منه. لذلك نرى بولس الرسول قد عمل كخيام (صانع خيام).

أية 8 :- فَنَحْنُ يَنْبَغِي لَنَا أَنْ نَقْبَلَ أَمْثَالَ هَؤُلاَءِ\'a1 لِكَيْ نَكُونَ عَامِلِينَ مَعَهُمْ بِالْحَقِّ
من يكرم خدام الله يكرم الله.

أيات 9\'a1 10 :- كَتَبْتُ إِلَى الْكَنِيسَةِ\'a1 وَلَكِنَّ دِيُوتْرِيفِسَ - الَّذِي يُحِبُّ أَنْ يَكُونَ الأَّوَلَ بَيْنَهُمْ - لاَ يَقْبَلُنَا. مِنْ أَجْلِ ذَلِكَ إِذَا جِئْتُ فَسَأُذَكِّرُهُ بِأَعْمَالِهِ الَّتِي يَعْمَلُهَا\'a1 هَاذِراً عَلَيْنَا بِأَقْوَالٍ خَبِيثَةٍ. وَإِذْ هُوَ غَيْرُ مُكْتَفٍ بِهَذِهِ\'a1 لاَ يَقْبَلُ الإِخْوَةَ\'a1 وَيَمْنَعُ أَيْضاً الَّذِينَ يُرِيدُونَ\'a1 وَيَطْرُدُهُمْ مِنَ الْكَنِيسَةِ
يبدو أن ديوتريفس هذا كان شخصاً ذو سلطان فى الكنيسة وربما كان هو الأسقف\'a1 إذ هو قادر أن يمنع أشخاصاً من دخول الكنيسة. 
كتبت إلى الكنيسة = كتب يوحنا رسالة إلى الكنيسة يطلب فيها قبول الإخوة الكارزين\'a1 فمنع ديوتريفس وصول الرسالة للكنيسة. يحب أن يكون الأول = خطية الكبرياء هذه تجعل الخادم ينحرف عن خدمته\'a1 ويحدث الإنشقاق فى الكنيسة. لايقبلنا = هو فى كبريائه لا يطيق الحق\'a1 يريد أن يعلم ولا يتعلم. ولا يقبل هؤلاء الإخوة الذين أرسلهم يوحنا ليكرزوا ويعلموا. بل هو طرد هؤلاء الإخوة\'a1 بل طرد الذين قبلوهم فى بيوتهم = الذين يريدون. والرسول يقول سأذكره = أى يساعده على معرفة أخطائه ليخلص نفسه.

أية 11 :- أَيُّهَا الْحَبِيبُ\'a1 لاَ تَتَمَثَّلْ بِالشَّرِّ بَلْ بِالْخَيْرِ\'a1 لأَنَّ مَنْ يَصْنَعُ الْخَيْرَ هُوَ مِنَ اللهِ\'a1 وَمَنْ يَصْنَعُ الشَّرَّ فَلَمْ يُبْصِرِ اللهَ.
لا تتمثل بالشر = بديوتريفس وأعماله. بل بالخير = أى بديمتريوس.
فلم يبصر الله = من يفعل الشر\'a1ويمتلىء قلبه بالعجرفة وحب الذات ينحنى بإرادته للظلمة فلا يقدر أن يبصر الله """" فلا شركة للنور مع الظلمة"""" ( 2كو6: 14). ومن أبصر الله فلقد أبصر النور فالله نور\'a1والنور يضىء له الطريق فيعرف الحق. 
أية 12 :- دِيمِتْرِيُوسُ مَشْهُودٌ لَهُ مِنَ الْجَمِيعِ وَمِنَ الْحَقِّ نَفْسِهِ\'a1 وَنَحْنُ أَيْضاً نَشْهَدُ\'a1 وَأَنْتُمْ تَعْلَمُونَ أَنَّ شَهَادَتَنَا هِيَ صَادِقَةٌ
ومن الحق نفسه = ربما تعنى أن الله يشهد له  فالله هو الحق. أو تعنى من أعماله أى أعمال ديمتريوس\'a1 فأعماله بحسب الحق\'a1وهى تشهد له. 
ونحن أيضاً = أى أن الرسول إختبره بنفسه. 
مشهود له من الجميع = هكذا أولاد الله نورهم ظاهر للجميع. وبهذا يشجع الرسول\'a1 غايس أن يقتدى بديمتريوس ولا يتشبه بديوتريفس.

أية 13 :- وَكَانَ لِي كَثِيرٌ لأَكْتُبَهُ\'a1 لَكِنَّنِي لَسْتُ أُرِيدُ أَنْ أَكْتُبَ إِلَيْكَ بِحِبْرٍ وَقَلَمٍ
 الجسر= كان من السناج الممزوج بماء ومقوى بالصمغ. والقلم = كان من الغاب المشطوف.

اية 14 :- وَلَكِنَّنِي أَرْجُو أَنْ أَرَاكَ عَنْ قَرِيبٍ فَنَتَكَلَّمَ فَماً لِفَمٍ.
تأكيد على أهمية التقليد.

أية 15 :- سَلاَمٌ لَكَ. يُسَلِّمُ عَلَيْكَ الأَحِبَّاءُ. سَلِّمْ عَلَى الأَحِبَّاءِ بِأَسْمَائِهِمْ. 
يسلم عليك الأحباء = ولم يقل الإخوة تأكيداً على المحبة. وهكذا أيضاً سلم على الأحباء."
يوحنا ثالثة,1,59,"الإصحاح الأول
أية 1 :- اَلشَّيْخُ\'a1 إِلَى غَايُسَ الْحَبِيبِ الَّذِي أَنَا أُحِبُّهُ بِالْحَقِّ 
الرسول يحب بالحق أى لأجل المسيح\'a1 وبالمسيح الذى فيه.

أية 2 :- أَيُّهَا الْحَبِيبُ\'a1 فِي كُلِّ شَيْءٍ أَرُومُ أَنْ تَكُونَ نَاجِحاً وَصَحِيحاً\'a1 كَمَا أَنَّ نَفْسَكَ نَاجِحَة
الرسول يتمنى أن يكون غايس صحيحاً جسدياً. كما أنه نفسياً أى روحياً صحيح. ويرى البعض أن معنى كلام الرسول هنا أن صحة غايس كانت ليست على مايرام. والكنيسة تصلى من أجل صحة أولادها (فى أوشية المرضى) كما تصلى للراقدين والمسافرين. وأهم ما تطلبه لأجلهم هو غفران خطاياهم. 
كما أن نفسك ناجحة = النجاح ليس هو النجاح المادى وصحة الجسد. بل نجاح نفسى يتمثل فى الإحساس بالشبع والفرح والرضى والسلام الذى يملأ القلب. كما قال داود """"أحبك يارب يا قوتى"""" ( مز 18). ودانيال ويوسف كانوا ناجحين. وللأسف فهناك أباء يهتمون بنجاح أولادهم مادياً ودراسياً ولا يهتمون بحياتهم الروحية وأن يصرف أولادهم وقتاً مع الله.

أية 3 :- لأَنِّي فَرِحْتُ جِدّاً إِذْ حَضَرَ إِخْوَةٌ وَشَهِدُوا بِالْحَقِّ الَّذِي فِيكَ\'a1 كَمَا أَنَّكَ تَسْلُكُ بِالْحَقِّ
إذاً هو يكتب ليشجعه أن يستمر فى مسلكه. فرحة الخادم هى أن يرى أولاده يسلكون بالحق وبالمحبة وأن إيمانهم سليم. 

أية 4 :- لَيْسَ لِي فَرَحٌ أَعْظَمُ مِنْ هَذَا: أَنْ أَسْمَعَ عَنْ أَوْلاَدِي أَنَّهُمْ يَسْلُكُونَ بِالْحَقِّ
أسمع عن أولادى = هى أبوة يستمدها من الله وفى الله وبه\'a1 فإن صارت العلاقة خارج الرب يسوع ينطبق عليها هذا القول """" لا تدعوا لكم أباً على الأرض ( مت23: 8 - 10) وراجع ( غل4: 19 \'ba  1كو4: 15 \'ba  1تس2: 11).

أيات 5\'a1 6 :- أَيُّهَا الْحَبِيبُ\'a1 أَنْتَ تَفْعَلُ بِالأَمَانَةِ كُلَّ مَا تَصْنَعُهُ إِلَى الإِخْوَةِ وَإِلَى الْغُرَبَاءِ\'a1 الَّذِينَ شَهِدُوا بِمَحَبَّتِكَ أَمَامَ الْكَنِيسَةِ. الَّذِينَ تَفْعَلُ حَسَناً إِذَا شَيَّعْتَهُمْ كَمَا يَحِقُّ للهِ\'a1
الغرباء = الذين لم يعرفهم غايس قبلاً. الإخوة = هم الذين سبق وعرفهم غايس من قبل. كما يحق لله = الله هو القياس وليس خدامه.

أية 7 :- لأَنَّهُمْ مِنْ أَجْلِ اسْمِهِ خَرَجُوا وَهُمْ لاَ يَأْخُذُونَ شَيْئاً مِنَ الأُمَمِ
واضح أن هؤلاء الإخوة الغرباء خرجوا ليكرزوا للأمم\'a1ويريدون أن تكون خدمتهم مجانية\'a1أى بلا مقابل يأخذونه من الأمم. وغايس أتاح لهم هذا بأن تكفل بإحتياجاتهم المادية.

كان هناك نوعان من الخدام فى الكنيسة الأولى :- 
1.خدام محليين ثابتين مستقرين وهؤلاء يسكنون فى بيوتهم.
2.خدام طوافين ينتقلون من مكان إلى مكان. وهؤلاء لا يمكن لهم أن يستعملوا الفنادق لسمعتها السيئة\'a1 إذاً كانوا محتاجين لمن يستضيفهم (كملاكى لوط). لذلك وجدت وصية """"لا تنسوا إضافة الغرباء"""" ( عب2:13). فكان هذا إحتياج الكنيسة فى تلك الأيام. وكانت تلك الإستضافة تشمل (الطعام والنوم). فهؤلاء الخدام لا يخدمون لربح مادى. ولقد إشترطت الكنيسة على هؤلاء الذين يقيمون أكثر من مدة معينة أن يعملوا ليأكلوا\'a1 يكون لهم عمل يتكسبون منه. لذلك نرى بولس الرسول قد عمل كخيام (صانع خيام).

أية 8 :- فَنَحْنُ يَنْبَغِي لَنَا أَنْ نَقْبَلَ أَمْثَالَ هَؤُلاَءِ\'a1 لِكَيْ نَكُونَ عَامِلِينَ مَعَهُمْ بِالْحَقِّ
من يكرم خدام الله يكرم الله.

أيات 9\'a1 10 :- كَتَبْتُ إِلَى الْكَنِيسَةِ\'a1 وَلَكِنَّ دِيُوتْرِيفِسَ - الَّذِي يُحِبُّ أَنْ يَكُونَ الأَّوَلَ بَيْنَهُمْ - لاَ يَقْبَلُنَا. مِنْ أَجْلِ ذَلِكَ إِذَا جِئْتُ فَسَأُذَكِّرُهُ بِأَعْمَالِهِ الَّتِي يَعْمَلُهَا\'a1 هَاذِراً عَلَيْنَا بِأَقْوَالٍ خَبِيثَةٍ. وَإِذْ هُوَ غَيْرُ مُكْتَفٍ بِهَذِهِ\'a1 لاَ يَقْبَلُ الإِخْوَةَ\'a1 وَيَمْنَعُ أَيْضاً الَّذِينَ يُرِيدُونَ\'a1 وَيَطْرُدُهُمْ مِنَ الْكَنِيسَةِ
يبدو أن ديوتريفس هذا كان شخصاً ذو سلطان فى الكنيسة وربما كان هو الأسقف\'a1 إذ هو قادر أن يمنع أشخاصاً من دخول الكنيسة. 
كتبت إلى الكنيسة = كتب يوحنا رسالة إلى الكنيسة يطلب فيها قبول الإخوة الكارزين\'a1 فمنع ديوتريفس وصول الرسالة للكنيسة. يحب أن يكون الأول = خطية الكبرياء هذه تجعل الخادم ينحرف عن خدمته\'a1 ويحدث الإنشقاق فى الكنيسة. لايقبلنا = هو فى كبريائه لا يطيق الحق\'a1 يريد أن يعلم ولا يتعلم. ولا يقبل هؤلاء الإخوة الذين أرسلهم يوحنا ليكرزوا ويعلموا. بل هو طرد هؤلاء الإخوة\'a1 بل طرد الذين قبلوهم فى بيوتهم = الذين يريدون. والرسول يقول سأذكره = أى يساعده على معرفة أخطائه ليخلص نفسه.

أية 11 :- أَيُّهَا الْحَبِيبُ\'a1 لاَ تَتَمَثَّلْ بِالشَّرِّ بَلْ بِالْخَيْرِ\'a1 لأَنَّ مَنْ يَصْنَعُ الْخَيْرَ هُوَ مِنَ اللهِ\'a1 وَمَنْ يَصْنَعُ الشَّرَّ فَلَمْ يُبْصِرِ اللهَ.
لا تتمثل بالشر = بديوتريفس وأعماله. بل بالخير = أى بديمتريوس.
فلم يبصر الله = من يفعل الشر\'a1ويمتلىء قلبه بالعجرفة وحب الذات ينحنى بإرادته للظلمة فلا يقدر أن يبصر الله """" فلا شركة للنور مع الظلمة"""" ( 2كو6: 14). ومن أبصر الله فلقد أبصر النور فالله نور\'a1والنور يضىء له الطريق فيعرف الحق. 
أية 12 :- دِيمِتْرِيُوسُ مَشْهُودٌ لَهُ مِنَ الْجَمِيعِ وَمِنَ الْحَقِّ نَفْسِهِ\'a1 وَنَحْنُ أَيْضاً نَشْهَدُ\'a1 وَأَنْتُمْ تَعْلَمُونَ أَنَّ شَهَادَتَنَا هِيَ صَادِقَةٌ
ومن الحق نفسه = ربما تعنى أن الله يشهد له  فالله هو الحق. أو تعنى من أعماله أى أعمال ديمتريوس\'a1 فأعماله بحسب الحق\'a1وهى تشهد له. 
ونحن أيضاً = أى أن الرسول إختبره بنفسه. 
مشهود له من الجميع = هكذا أولاد الله نورهم ظاهر للجميع. وبهذا يشجع الرسول\'a1 غايس أن يقتدى بديمتريوس ولا يتشبه بديوتريفس.

أية 13 :- وَكَانَ لِي كَثِيرٌ لأَكْتُبَهُ\'a1 لَكِنَّنِي لَسْتُ أُرِيدُ أَنْ أَكْتُبَ إِلَيْكَ بِحِبْرٍ وَقَلَمٍ
 الجسر= كان من السناج الممزوج بماء ومقوى بالصمغ. والقلم = كان من الغاب المشطوف.

اية 14 :- وَلَكِنَّنِي أَرْجُو أَنْ أَرَاكَ عَنْ قَرِيبٍ فَنَتَكَلَّمَ فَماً لِفَمٍ.
تأكيد على أهمية التقليد.

أية 15 :- سَلاَمٌ لَكَ. يُسَلِّمُ عَلَيْكَ الأَحِبَّاءُ. سَلِّمْ عَلَى الأَحِبَّاءِ بِأَسْمَائِهِمْ. 
يسلم عليك الأحباء = ولم يقل الإخوة تأكيداً على المحبة. وهكذا أيضاً سلم على الأحباء."
يوحنا ثالثة,1,60,"الإصحاح الأول
أية 1 :- اَلشَّيْخُ\'a1 إِلَى غَايُسَ الْحَبِيبِ الَّذِي أَنَا أُحِبُّهُ بِالْحَقِّ 
الرسول يحب بالحق أى لأجل المسيح\'a1 وبالمسيح الذى فيه.

أية 2 :- أَيُّهَا الْحَبِيبُ\'a1 فِي كُلِّ شَيْءٍ أَرُومُ أَنْ تَكُونَ نَاجِحاً وَصَحِيحاً\'a1 كَمَا أَنَّ نَفْسَكَ نَاجِحَة
الرسول يتمنى أن يكون غايس صحيحاً جسدياً. كما أنه نفسياً أى روحياً صحيح. ويرى البعض أن معنى كلام الرسول هنا أن صحة غايس كانت ليست على مايرام. والكنيسة تصلى من أجل صحة أولادها (فى أوشية المرضى) كما تصلى للراقدين والمسافرين. وأهم ما تطلبه لأجلهم هو غفران خطاياهم. 
كما أن نفسك ناجحة = النجاح ليس هو النجاح المادى وصحة الجسد. بل نجاح نفسى يتمثل فى الإحساس بالشبع والفرح والرضى والسلام الذى يملأ القلب. كما قال داود """"أحبك يارب يا قوتى"""" ( مز 18). ودانيال ويوسف كانوا ناجحين. وللأسف فهناك أباء يهتمون بنجاح أولادهم مادياً ودراسياً ولا يهتمون بحياتهم الروحية وأن يصرف أولادهم وقتاً مع الله.

أية 3 :- لأَنِّي فَرِحْتُ جِدّاً إِذْ حَضَرَ إِخْوَةٌ وَشَهِدُوا بِالْحَقِّ الَّذِي فِيكَ\'a1 كَمَا أَنَّكَ تَسْلُكُ بِالْحَقِّ
إذاً هو يكتب ليشجعه أن يستمر فى مسلكه. فرحة الخادم هى أن يرى أولاده يسلكون بالحق وبالمحبة وأن إيمانهم سليم. 

أية 4 :- لَيْسَ لِي فَرَحٌ أَعْظَمُ مِنْ هَذَا: أَنْ أَسْمَعَ عَنْ أَوْلاَدِي أَنَّهُمْ يَسْلُكُونَ بِالْحَقِّ
أسمع عن أولادى = هى أبوة يستمدها من الله وفى الله وبه\'a1 فإن صارت العلاقة خارج الرب يسوع ينطبق عليها هذا القول """" لا تدعوا لكم أباً على الأرض ( مت23: 8 - 10) وراجع ( غل4: 19 \'ba  1كو4: 15 \'ba  1تس2: 11).

أيات 5\'a1 6 :- أَيُّهَا الْحَبِيبُ\'a1 أَنْتَ تَفْعَلُ بِالأَمَانَةِ كُلَّ مَا تَصْنَعُهُ إِلَى الإِخْوَةِ وَإِلَى الْغُرَبَاءِ\'a1 الَّذِينَ شَهِدُوا بِمَحَبَّتِكَ أَمَامَ الْكَنِيسَةِ. الَّذِينَ تَفْعَلُ حَسَناً إِذَا شَيَّعْتَهُمْ كَمَا يَحِقُّ للهِ\'a1
الغرباء = الذين لم يعرفهم غايس قبلاً. الإخوة = هم الذين سبق وعرفهم غايس من قبل. كما يحق لله = الله هو القياس وليس خدامه.

أية 7 :- لأَنَّهُمْ مِنْ أَجْلِ اسْمِهِ خَرَجُوا وَهُمْ لاَ يَأْخُذُونَ شَيْئاً مِنَ الأُمَمِ
واضح أن هؤلاء الإخوة الغرباء خرجوا ليكرزوا للأمم\'a1ويريدون أن تكون خدمتهم مجانية\'a1أى بلا مقابل يأخذونه من الأمم. وغايس أتاح لهم هذا بأن تكفل بإحتياجاتهم المادية.

كان هناك نوعان من الخدام فى الكنيسة الأولى :- 
1.خدام محليين ثابتين مستقرين وهؤلاء يسكنون فى بيوتهم.
2.خدام طوافين ينتقلون من مكان إلى مكان. وهؤلاء لا يمكن لهم أن يستعملوا الفنادق لسمعتها السيئة\'a1 إذاً كانوا محتاجين لمن يستضيفهم (كملاكى لوط). لذلك وجدت وصية """"لا تنسوا إضافة الغرباء"""" ( عب2:13). فكان هذا إحتياج الكنيسة فى تلك الأيام. وكانت تلك الإستضافة تشمل (الطعام والنوم). فهؤلاء الخدام لا يخدمون لربح مادى. ولقد إشترطت الكنيسة على هؤلاء الذين يقيمون أكثر من مدة معينة أن يعملوا ليأكلوا\'a1 يكون لهم عمل يتكسبون منه. لذلك نرى بولس الرسول قد عمل كخيام (صانع خيام).

أية 8 :- فَنَحْنُ يَنْبَغِي لَنَا أَنْ نَقْبَلَ أَمْثَالَ هَؤُلاَءِ\'a1 لِكَيْ نَكُونَ عَامِلِينَ مَعَهُمْ بِالْحَقِّ
من يكرم خدام الله يكرم الله.

أيات 9\'a1 10 :- كَتَبْتُ إِلَى الْكَنِيسَةِ\'a1 وَلَكِنَّ دِيُوتْرِيفِسَ - الَّذِي يُحِبُّ أَنْ يَكُونَ الأَّوَلَ بَيْنَهُمْ - لاَ يَقْبَلُنَا. مِنْ أَجْلِ ذَلِكَ إِذَا جِئْتُ فَسَأُذَكِّرُهُ بِأَعْمَالِهِ الَّتِي يَعْمَلُهَا\'a1 هَاذِراً عَلَيْنَا بِأَقْوَالٍ خَبِيثَةٍ. وَإِذْ هُوَ غَيْرُ مُكْتَفٍ بِهَذِهِ\'a1 لاَ يَقْبَلُ الإِخْوَةَ\'a1 وَيَمْنَعُ أَيْضاً الَّذِينَ يُرِيدُونَ\'a1 وَيَطْرُدُهُمْ مِنَ الْكَنِيسَةِ
يبدو أن ديوتريفس هذا كان شخصاً ذو سلطان فى الكنيسة وربما كان هو الأسقف\'a1 إذ هو قادر أن يمنع أشخاصاً من دخول الكنيسة. 
كتبت إلى الكنيسة = كتب يوحنا رسالة إلى الكنيسة يطلب فيها قبول الإخوة الكارزين\'a1 فمنع ديوتريفس وصول الرسالة للكنيسة. يحب أن يكون الأول = خطية الكبرياء هذه تجعل الخادم ينحرف عن خدمته\'a1 ويحدث الإنشقاق فى الكنيسة. لايقبلنا = هو فى كبريائه لا يطيق الحق\'a1 يريد أن يعلم ولا يتعلم. ولا يقبل هؤلاء الإخوة الذين أرسلهم يوحنا ليكرزوا ويعلموا. بل هو طرد هؤلاء الإخوة\'a1 بل طرد الذين قبلوهم فى بيوتهم = الذين يريدون. والرسول يقول سأذكره = أى يساعده على معرفة أخطائه ليخلص نفسه.

أية 11 :- أَيُّهَا الْحَبِيبُ\'a1 لاَ تَتَمَثَّلْ بِالشَّرِّ بَلْ بِالْخَيْرِ\'a1 لأَنَّ مَنْ يَصْنَعُ الْخَيْرَ هُوَ مِنَ اللهِ\'a1 وَمَنْ يَصْنَعُ الشَّرَّ فَلَمْ يُبْصِرِ اللهَ.
لا تتمثل بالشر = بديوتريفس وأعماله. بل بالخير = أى بديمتريوس.
فلم يبصر الله = من يفعل الشر\'a1ويمتلىء قلبه بالعجرفة وحب الذات ينحنى بإرادته للظلمة فلا يقدر أن يبصر الله """" فلا شركة للنور مع الظلمة"""" ( 2كو6: 14). ومن أبصر الله فلقد أبصر النور فالله نور\'a1والنور يضىء له الطريق فيعرف الحق. 
أية 12 :- دِيمِتْرِيُوسُ مَشْهُودٌ لَهُ مِنَ الْجَمِيعِ وَمِنَ الْحَقِّ نَفْسِهِ\'a1 وَنَحْنُ أَيْضاً نَشْهَدُ\'a1 وَأَنْتُمْ تَعْلَمُونَ أَنَّ شَهَادَتَنَا هِيَ صَادِقَةٌ
ومن الحق نفسه = ربما تعنى أن الله يشهد له  فالله هو الحق. أو تعنى من أعماله أى أعمال ديمتريوس\'a1 فأعماله بحسب الحق\'a1وهى تشهد له. 
ونحن أيضاً = أى أن الرسول إختبره بنفسه. 
مشهود له من الجميع = هكذا أولاد الله نورهم ظاهر للجميع. وبهذا يشجع الرسول\'a1 غايس أن يقتدى بديمتريوس ولا يتشبه بديوتريفس.

أية 13 :- وَكَانَ لِي كَثِيرٌ لأَكْتُبَهُ\'a1 لَكِنَّنِي لَسْتُ أُرِيدُ أَنْ أَكْتُبَ إِلَيْكَ بِحِبْرٍ وَقَلَمٍ
 الجسر= كان من السناج الممزوج بماء ومقوى بالصمغ. والقلم = كان من الغاب المشطوف.

اية 14 :- وَلَكِنَّنِي أَرْجُو أَنْ أَرَاكَ عَنْ قَرِيبٍ فَنَتَكَلَّمَ فَماً لِفَمٍ.
تأكيد على أهمية التقليد.

أية 15 :- سَلاَمٌ لَكَ. يُسَلِّمُ عَلَيْكَ الأَحِبَّاءُ. سَلِّمْ عَلَى الأَحِبَّاءِ بِأَسْمَائِهِمْ. 
يسلم عليك الأحباء = ولم يقل الإخوة تأكيداً على المحبة. وهكذا أيضاً سلم على الأحباء."
يوحنا ثالثة,1,61,"الإصحاح الأول
أية 1 :- اَلشَّيْخُ\'a1 إِلَى غَايُسَ الْحَبِيبِ الَّذِي أَنَا أُحِبُّهُ بِالْحَقِّ 
الرسول يحب بالحق أى لأجل المسيح\'a1 وبالمسيح الذى فيه.

أية 2 :- أَيُّهَا الْحَبِيبُ\'a1 فِي كُلِّ شَيْءٍ أَرُومُ أَنْ تَكُونَ نَاجِحاً وَصَحِيحاً\'a1 كَمَا أَنَّ نَفْسَكَ نَاجِحَة
الرسول يتمنى أن يكون غايس صحيحاً جسدياً. كما أنه نفسياً أى روحياً صحيح. ويرى البعض أن معنى كلام الرسول هنا أن صحة غايس كانت ليست على مايرام. والكنيسة تصلى من أجل صحة أولادها (فى أوشية المرضى) كما تصلى للراقدين والمسافرين. وأهم ما تطلبه لأجلهم هو غفران خطاياهم. 
كما أن نفسك ناجحة = النجاح ليس هو النجاح المادى وصحة الجسد. بل نجاح نفسى يتمثل فى الإحساس بالشبع والفرح والرضى والسلام الذى يملأ القلب. كما قال داود """"أحبك يارب يا قوتى"""" ( مز 18). ودانيال ويوسف كانوا ناجحين. وللأسف فهناك أباء يهتمون بنجاح أولادهم مادياً ودراسياً ولا يهتمون بحياتهم الروحية وأن يصرف أولادهم وقتاً مع الله.

أية 3 :- لأَنِّي فَرِحْتُ جِدّاً إِذْ حَضَرَ إِخْوَةٌ وَشَهِدُوا بِالْحَقِّ الَّذِي فِيكَ\'a1 كَمَا أَنَّكَ تَسْلُكُ بِالْحَقِّ
إذاً هو يكتب ليشجعه أن يستمر فى مسلكه. فرحة الخادم هى أن يرى أولاده يسلكون بالحق وبالمحبة وأن إيمانهم سليم. 

أية 4 :- لَيْسَ لِي فَرَحٌ أَعْظَمُ مِنْ هَذَا: أَنْ أَسْمَعَ عَنْ أَوْلاَدِي أَنَّهُمْ يَسْلُكُونَ بِالْحَقِّ
أسمع عن أولادى = هى أبوة يستمدها من الله وفى الله وبه\'a1 فإن صارت العلاقة خارج الرب يسوع ينطبق عليها هذا القول """" لا تدعوا لكم أباً على الأرض ( مت23: 8 - 10) وراجع ( غل4: 19 \'ba  1كو4: 15 \'ba  1تس2: 11).

أيات 5\'a1 6 :- أَيُّهَا الْحَبِيبُ\'a1 أَنْتَ تَفْعَلُ بِالأَمَانَةِ كُلَّ مَا تَصْنَعُهُ إِلَى الإِخْوَةِ وَإِلَى الْغُرَبَاءِ\'a1 الَّذِينَ شَهِدُوا بِمَحَبَّتِكَ أَمَامَ الْكَنِيسَةِ. الَّذِينَ تَفْعَلُ حَسَناً إِذَا شَيَّعْتَهُمْ كَمَا يَحِقُّ للهِ\'a1
الغرباء = الذين لم يعرفهم غايس قبلاً. الإخوة = هم الذين سبق وعرفهم غايس من قبل. كما يحق لله = الله هو القياس وليس خدامه.

أية 7 :- لأَنَّهُمْ مِنْ أَجْلِ اسْمِهِ خَرَجُوا وَهُمْ لاَ يَأْخُذُونَ شَيْئاً مِنَ الأُمَمِ
واضح أن هؤلاء الإخوة الغرباء خرجوا ليكرزوا للأمم\'a1ويريدون أن تكون خدمتهم مجانية\'a1أى بلا مقابل يأخذونه من الأمم. وغايس أتاح لهم هذا بأن تكفل بإحتياجاتهم المادية.

كان هناك نوعان من الخدام فى الكنيسة الأولى :- 
1.خدام محليين ثابتين مستقرين وهؤلاء يسكنون فى بيوتهم.
2.خدام طوافين ينتقلون من مكان إلى مكان. وهؤلاء لا يمكن لهم أن يستعملوا الفنادق لسمعتها السيئة\'a1 إذاً كانوا محتاجين لمن يستضيفهم (كملاكى لوط). لذلك وجدت وصية """"لا تنسوا إضافة الغرباء"""" ( عب2:13). فكان هذا إحتياج الكنيسة فى تلك الأيام. وكانت تلك الإستضافة تشمل (الطعام والنوم). فهؤلاء الخدام لا يخدمون لربح مادى. ولقد إشترطت الكنيسة على هؤلاء الذين يقيمون أكثر من مدة معينة أن يعملوا ليأكلوا\'a1 يكون لهم عمل يتكسبون منه. لذلك نرى بولس الرسول قد عمل كخيام (صانع خيام).

أية 8 :- فَنَحْنُ يَنْبَغِي لَنَا أَنْ نَقْبَلَ أَمْثَالَ هَؤُلاَءِ\'a1 لِكَيْ نَكُونَ عَامِلِينَ مَعَهُمْ بِالْحَقِّ
من يكرم خدام الله يكرم الله.

أيات 9\'a1 10 :- كَتَبْتُ إِلَى الْكَنِيسَةِ\'a1 وَلَكِنَّ دِيُوتْرِيفِسَ - الَّذِي يُحِبُّ أَنْ يَكُونَ الأَّوَلَ بَيْنَهُمْ - لاَ يَقْبَلُنَا. مِنْ أَجْلِ ذَلِكَ إِذَا جِئْتُ فَسَأُذَكِّرُهُ بِأَعْمَالِهِ الَّتِي يَعْمَلُهَا\'a1 هَاذِراً عَلَيْنَا بِأَقْوَالٍ خَبِيثَةٍ. وَإِذْ هُوَ غَيْرُ مُكْتَفٍ بِهَذِهِ\'a1 لاَ يَقْبَلُ الإِخْوَةَ\'a1 وَيَمْنَعُ أَيْضاً الَّذِينَ يُرِيدُونَ\'a1 وَيَطْرُدُهُمْ مِنَ الْكَنِيسَةِ
يبدو أن ديوتريفس هذا كان شخصاً ذو سلطان فى الكنيسة وربما كان هو الأسقف\'a1 إذ هو قادر أن يمنع أشخاصاً من دخول الكنيسة. 
كتبت إلى الكنيسة = كتب يوحنا رسالة إلى الكنيسة يطلب فيها قبول الإخوة الكارزين\'a1 فمنع ديوتريفس وصول الرسالة للكنيسة. يحب أن يكون الأول = خطية الكبرياء هذه تجعل الخادم ينحرف عن خدمته\'a1 ويحدث الإنشقاق فى الكنيسة. لايقبلنا = هو فى كبريائه لا يطيق الحق\'a1 يريد أن يعلم ولا يتعلم. ولا يقبل هؤلاء الإخوة الذين أرسلهم يوحنا ليكرزوا ويعلموا. بل هو طرد هؤلاء الإخوة\'a1 بل طرد الذين قبلوهم فى بيوتهم = الذين يريدون. والرسول يقول سأذكره = أى يساعده على معرفة أخطائه ليخلص نفسه.

أية 11 :- أَيُّهَا الْحَبِيبُ\'a1 لاَ تَتَمَثَّلْ بِالشَّرِّ بَلْ بِالْخَيْرِ\'a1 لأَنَّ مَنْ يَصْنَعُ الْخَيْرَ هُوَ مِنَ اللهِ\'a1 وَمَنْ يَصْنَعُ الشَّرَّ فَلَمْ يُبْصِرِ اللهَ.
لا تتمثل بالشر = بديوتريفس وأعماله. بل بالخير = أى بديمتريوس.
فلم يبصر الله = من يفعل الشر\'a1ويمتلىء قلبه بالعجرفة وحب الذات ينحنى بإرادته للظلمة فلا يقدر أن يبصر الله """" فلا شركة للنور مع الظلمة"""" ( 2كو6: 14). ومن أبصر الله فلقد أبصر النور فالله نور\'a1والنور يضىء له الطريق فيعرف الحق. 
أية 12 :- دِيمِتْرِيُوسُ مَشْهُودٌ لَهُ مِنَ الْجَمِيعِ وَمِنَ الْحَقِّ نَفْسِهِ\'a1 وَنَحْنُ أَيْضاً نَشْهَدُ\'a1 وَأَنْتُمْ تَعْلَمُونَ أَنَّ شَهَادَتَنَا هِيَ صَادِقَةٌ
ومن الحق نفسه = ربما تعنى أن الله يشهد له  فالله هو الحق. أو تعنى من أعماله أى أعمال ديمتريوس\'a1 فأعماله بحسب الحق\'a1وهى تشهد له. 
ونحن أيضاً = أى أن الرسول إختبره بنفسه. 
مشهود له من الجميع = هكذا أولاد الله نورهم ظاهر للجميع. وبهذا يشجع الرسول\'a1 غايس أن يقتدى بديمتريوس ولا يتشبه بديوتريفس.

أية 13 :- وَكَانَ لِي كَثِيرٌ لأَكْتُبَهُ\'a1 لَكِنَّنِي لَسْتُ أُرِيدُ أَنْ أَكْتُبَ إِلَيْكَ بِحِبْرٍ وَقَلَمٍ
 الجسر= كان من السناج الممزوج بماء ومقوى بالصمغ. والقلم = كان من الغاب المشطوف.

اية 14 :- وَلَكِنَّنِي أَرْجُو أَنْ أَرَاكَ عَنْ قَرِيبٍ فَنَتَكَلَّمَ فَماً لِفَمٍ.
تأكيد على أهمية التقليد.

أية 15 :- سَلاَمٌ لَكَ. يُسَلِّمُ عَلَيْكَ الأَحِبَّاءُ. سَلِّمْ عَلَى الأَحِبَّاءِ بِأَسْمَائِهِمْ. 
يسلم عليك الأحباء = ولم يقل الإخوة تأكيداً على المحبة. وهكذا أيضاً سلم على الأحباء."
يوحنا ثالثة,1,62,"الإصحاح الأول
أية 1 :- اَلشَّيْخُ\'a1 إِلَى غَايُسَ الْحَبِيبِ الَّذِي أَنَا أُحِبُّهُ بِالْحَقِّ 
الرسول يحب بالحق أى لأجل المسيح\'a1 وبالمسيح الذى فيه.

أية 2 :- أَيُّهَا الْحَبِيبُ\'a1 فِي كُلِّ شَيْءٍ أَرُومُ أَنْ تَكُونَ نَاجِحاً وَصَحِيحاً\'a1 كَمَا أَنَّ نَفْسَكَ نَاجِحَة
الرسول يتمنى أن يكون غايس صحيحاً جسدياً. كما أنه نفسياً أى روحياً صحيح. ويرى البعض أن معنى كلام الرسول هنا أن صحة غايس كانت ليست على مايرام. والكنيسة تصلى من أجل صحة أولادها (فى أوشية المرضى) كما تصلى للراقدين والمسافرين. وأهم ما تطلبه لأجلهم هو غفران خطاياهم. 
كما أن نفسك ناجحة = النجاح ليس هو النجاح المادى وصحة الجسد. بل نجاح نفسى يتمثل فى الإحساس بالشبع والفرح والرضى والسلام الذى يملأ القلب. كما قال داود """"أحبك يارب يا قوتى"""" ( مز 18). ودانيال ويوسف كانوا ناجحين. وللأسف فهناك أباء يهتمون بنجاح أولادهم مادياً ودراسياً ولا يهتمون بحياتهم الروحية وأن يصرف أولادهم وقتاً مع الله.

أية 3 :- لأَنِّي فَرِحْتُ جِدّاً إِذْ حَضَرَ إِخْوَةٌ وَشَهِدُوا بِالْحَقِّ الَّذِي فِيكَ\'a1 كَمَا أَنَّكَ تَسْلُكُ بِالْحَقِّ
إذاً هو يكتب ليشجعه أن يستمر فى مسلكه. فرحة الخادم هى أن يرى أولاده يسلكون بالحق وبالمحبة وأن إيمانهم سليم. 

أية 4 :- لَيْسَ لِي فَرَحٌ أَعْظَمُ مِنْ هَذَا: أَنْ أَسْمَعَ عَنْ أَوْلاَدِي أَنَّهُمْ يَسْلُكُونَ بِالْحَقِّ
أسمع عن أولادى = هى أبوة يستمدها من الله وفى الله وبه\'a1 فإن صارت العلاقة خارج الرب يسوع ينطبق عليها هذا القول """" لا تدعوا لكم أباً على الأرض ( مت23: 8 - 10) وراجع ( غل4: 19 \'ba  1كو4: 15 \'ba  1تس2: 11).

أيات 5\'a1 6 :- أَيُّهَا الْحَبِيبُ\'a1 أَنْتَ تَفْعَلُ بِالأَمَانَةِ كُلَّ مَا تَصْنَعُهُ إِلَى الإِخْوَةِ وَإِلَى الْغُرَبَاءِ\'a1 الَّذِينَ شَهِدُوا بِمَحَبَّتِكَ أَمَامَ الْكَنِيسَةِ. الَّذِينَ تَفْعَلُ حَسَناً إِذَا شَيَّعْتَهُمْ كَمَا يَحِقُّ للهِ\'a1
الغرباء = الذين لم يعرفهم غايس قبلاً. الإخوة = هم الذين سبق وعرفهم غايس من قبل. كما يحق لله = الله هو القياس وليس خدامه.

أية 7 :- لأَنَّهُمْ مِنْ أَجْلِ اسْمِهِ خَرَجُوا وَهُمْ لاَ يَأْخُذُونَ شَيْئاً مِنَ الأُمَمِ
واضح أن هؤلاء الإخوة الغرباء خرجوا ليكرزوا للأمم\'a1ويريدون أن تكون خدمتهم مجانية\'a1أى بلا مقابل يأخذونه من الأمم. وغايس أتاح لهم هذا بأن تكفل بإحتياجاتهم المادية.

كان هناك نوعان من الخدام فى الكنيسة الأولى :- 
1.خدام محليين ثابتين مستقرين وهؤلاء يسكنون فى بيوتهم.
2.خدام طوافين ينتقلون من مكان إلى مكان. وهؤلاء لا يمكن لهم أن يستعملوا الفنادق لسمعتها السيئة\'a1 إذاً كانوا محتاجين لمن يستضيفهم (كملاكى لوط). لذلك وجدت وصية """"لا تنسوا إضافة الغرباء"""" ( عب2:13). فكان هذا إحتياج الكنيسة فى تلك الأيام. وكانت تلك الإستضافة تشمل (الطعام والنوم). فهؤلاء الخدام لا يخدمون لربح مادى. ولقد إشترطت الكنيسة على هؤلاء الذين يقيمون أكثر من مدة معينة أن يعملوا ليأكلوا\'a1 يكون لهم عمل يتكسبون منه. لذلك نرى بولس الرسول قد عمل كخيام (صانع خيام).

أية 8 :- فَنَحْنُ يَنْبَغِي لَنَا أَنْ نَقْبَلَ أَمْثَالَ هَؤُلاَءِ\'a1 لِكَيْ نَكُونَ عَامِلِينَ مَعَهُمْ بِالْحَقِّ
من يكرم خدام الله يكرم الله.

أيات 9\'a1 10 :- كَتَبْتُ إِلَى الْكَنِيسَةِ\'a1 وَلَكِنَّ دِيُوتْرِيفِسَ - الَّذِي يُحِبُّ أَنْ يَكُونَ الأَّوَلَ بَيْنَهُمْ - لاَ يَقْبَلُنَا. مِنْ أَجْلِ ذَلِكَ إِذَا جِئْتُ فَسَأُذَكِّرُهُ بِأَعْمَالِهِ الَّتِي يَعْمَلُهَا\'a1 هَاذِراً عَلَيْنَا بِأَقْوَالٍ خَبِيثَةٍ. وَإِذْ هُوَ غَيْرُ مُكْتَفٍ بِهَذِهِ\'a1 لاَ يَقْبَلُ الإِخْوَةَ\'a1 وَيَمْنَعُ أَيْضاً الَّذِينَ يُرِيدُونَ\'a1 وَيَطْرُدُهُمْ مِنَ الْكَنِيسَةِ
يبدو أن ديوتريفس هذا كان شخصاً ذو سلطان فى الكنيسة وربما كان هو الأسقف\'a1 إذ هو قادر أن يمنع أشخاصاً من دخول الكنيسة. 
كتبت إلى الكنيسة = كتب يوحنا رسالة إلى الكنيسة يطلب فيها قبول الإخوة الكارزين\'a1 فمنع ديوتريفس وصول الرسالة للكنيسة. يحب أن يكون الأول = خطية الكبرياء هذه تجعل الخادم ينحرف عن خدمته\'a1 ويحدث الإنشقاق فى الكنيسة. لايقبلنا = هو فى كبريائه لا يطيق الحق\'a1 يريد أن يعلم ولا يتعلم. ولا يقبل هؤلاء الإخوة الذين أرسلهم يوحنا ليكرزوا ويعلموا. بل هو طرد هؤلاء الإخوة\'a1 بل طرد الذين قبلوهم فى بيوتهم = الذين يريدون. والرسول يقول سأذكره = أى يساعده على معرفة أخطائه ليخلص نفسه.

أية 11 :- أَيُّهَا الْحَبِيبُ\'a1 لاَ تَتَمَثَّلْ بِالشَّرِّ بَلْ بِالْخَيْرِ\'a1 لأَنَّ مَنْ يَصْنَعُ الْخَيْرَ هُوَ مِنَ اللهِ\'a1 وَمَنْ يَصْنَعُ الشَّرَّ فَلَمْ يُبْصِرِ اللهَ.
لا تتمثل بالشر = بديوتريفس وأعماله. بل بالخير = أى بديمتريوس.
فلم يبصر الله = من يفعل الشر\'a1ويمتلىء قلبه بالعجرفة وحب الذات ينحنى بإرادته للظلمة فلا يقدر أن يبصر الله """" فلا شركة للنور مع الظلمة"""" ( 2كو6: 14). ومن أبصر الله فلقد أبصر النور فالله نور\'a1والنور يضىء له الطريق فيعرف الحق. 
أية 12 :- دِيمِتْرِيُوسُ مَشْهُودٌ لَهُ مِنَ الْجَمِيعِ وَمِنَ الْحَقِّ نَفْسِهِ\'a1 وَنَحْنُ أَيْضاً نَشْهَدُ\'a1 وَأَنْتُمْ تَعْلَمُونَ أَنَّ شَهَادَتَنَا هِيَ صَادِقَةٌ
ومن الحق نفسه = ربما تعنى أن الله يشهد له  فالله هو الحق. أو تعنى من أعماله أى أعمال ديمتريوس\'a1 فأعماله بحسب الحق\'a1وهى تشهد له. 
ونحن أيضاً = أى أن الرسول إختبره بنفسه. 
مشهود له من الجميع = هكذا أولاد الله نورهم ظاهر للجميع. وبهذا يشجع الرسول\'a1 غايس أن يقتدى بديمتريوس ولا يتشبه بديوتريفس.

أية 13 :- وَكَانَ لِي كَثِيرٌ لأَكْتُبَهُ\'a1 لَكِنَّنِي لَسْتُ أُرِيدُ أَنْ أَكْتُبَ إِلَيْكَ بِحِبْرٍ وَقَلَمٍ
 الجسر= كان من السناج الممزوج بماء ومقوى بالصمغ. والقلم = كان من الغاب المشطوف.

اية 14 :- وَلَكِنَّنِي أَرْجُو أَنْ أَرَاكَ عَنْ قَرِيبٍ فَنَتَكَلَّمَ فَماً لِفَمٍ.
تأكيد على أهمية التقليد.

أية 15 :- سَلاَمٌ لَكَ. يُسَلِّمُ عَلَيْكَ الأَحِبَّاءُ. سَلِّمْ عَلَى الأَحِبَّاءِ بِأَسْمَائِهِمْ. 
يسلم عليك الأحباء = ولم يقل الإخوة تأكيداً على المحبة. وهكذا أيضاً سلم على الأحباء."
يوحنا ثالثة,1,63,"الإصحاح الأول
أية 1 :- اَلشَّيْخُ\'a1 إِلَى غَايُسَ الْحَبِيبِ الَّذِي أَنَا أُحِبُّهُ بِالْحَقِّ 
الرسول يحب بالحق أى لأجل المسيح\'a1 وبالمسيح الذى فيه.

أية 2 :- أَيُّهَا الْحَبِيبُ\'a1 فِي كُلِّ شَيْءٍ أَرُومُ أَنْ تَكُونَ نَاجِحاً وَصَحِيحاً\'a1 كَمَا أَنَّ نَفْسَكَ نَاجِحَة
الرسول يتمنى أن يكون غايس صحيحاً جسدياً. كما أنه نفسياً أى روحياً صحيح. ويرى البعض أن معنى كلام الرسول هنا أن صحة غايس كانت ليست على مايرام. والكنيسة تصلى من أجل صحة أولادها (فى أوشية المرضى) كما تصلى للراقدين والمسافرين. وأهم ما تطلبه لأجلهم هو غفران خطاياهم. 
كما أن نفسك ناجحة = النجاح ليس هو النجاح المادى وصحة الجسد. بل نجاح نفسى يتمثل فى الإحساس بالشبع والفرح والرضى والسلام الذى يملأ القلب. كما قال داود """"أحبك يارب يا قوتى"""" ( مز 18). ودانيال ويوسف كانوا ناجحين. وللأسف فهناك أباء يهتمون بنجاح أولادهم مادياً ودراسياً ولا يهتمون بحياتهم الروحية وأن يصرف أولادهم وقتاً مع الله.

أية 3 :- لأَنِّي فَرِحْتُ جِدّاً إِذْ حَضَرَ إِخْوَةٌ وَشَهِدُوا بِالْحَقِّ الَّذِي فِيكَ\'a1 كَمَا أَنَّكَ تَسْلُكُ بِالْحَقِّ
إذاً هو يكتب ليشجعه أن يستمر فى مسلكه. فرحة الخادم هى أن يرى أولاده يسلكون بالحق وبالمحبة وأن إيمانهم سليم. 

أية 4 :- لَيْسَ لِي فَرَحٌ أَعْظَمُ مِنْ هَذَا: أَنْ أَسْمَعَ عَنْ أَوْلاَدِي أَنَّهُمْ يَسْلُكُونَ بِالْحَقِّ
أسمع عن أولادى = هى أبوة يستمدها من الله وفى الله وبه\'a1 فإن صارت العلاقة خارج الرب يسوع ينطبق عليها هذا القول """" لا تدعوا لكم أباً على الأرض ( مت23: 8 - 10) وراجع ( غل4: 19 \'ba  1كو4: 15 \'ba  1تس2: 11).

أيات 5\'a1 6 :- أَيُّهَا الْحَبِيبُ\'a1 أَنْتَ تَفْعَلُ بِالأَمَانَةِ كُلَّ مَا تَصْنَعُهُ إِلَى الإِخْوَةِ وَإِلَى الْغُرَبَاءِ\'a1 الَّذِينَ شَهِدُوا بِمَحَبَّتِكَ أَمَامَ الْكَنِيسَةِ. الَّذِينَ تَفْعَلُ حَسَناً إِذَا شَيَّعْتَهُمْ كَمَا يَحِقُّ للهِ\'a1
الغرباء = الذين لم يعرفهم غايس قبلاً. الإخوة = هم الذين سبق وعرفهم غايس من قبل. كما يحق لله = الله هو القياس وليس خدامه.

أية 7 :- لأَنَّهُمْ مِنْ أَجْلِ اسْمِهِ خَرَجُوا وَهُمْ لاَ يَأْخُذُونَ شَيْئاً مِنَ الأُمَمِ
واضح أن هؤلاء الإخوة الغرباء خرجوا ليكرزوا للأمم\'a1ويريدون أن تكون خدمتهم مجانية\'a1أى بلا مقابل يأخذونه من الأمم. وغايس أتاح لهم هذا بأن تكفل بإحتياجاتهم المادية.

كان هناك نوعان من الخدام فى الكنيسة الأولى :- 
1.خدام محليين ثابتين مستقرين وهؤلاء يسكنون فى بيوتهم.
2.خدام طوافين ينتقلون من مكان إلى مكان. وهؤلاء لا يمكن لهم أن يستعملوا الفنادق لسمعتها السيئة\'a1 إذاً كانوا محتاجين لمن يستضيفهم (كملاكى لوط). لذلك وجدت وصية """"لا تنسوا إضافة الغرباء"""" ( عب2:13). فكان هذا إحتياج الكنيسة فى تلك الأيام. وكانت تلك الإستضافة تشمل (الطعام والنوم). فهؤلاء الخدام لا يخدمون لربح مادى. ولقد إشترطت الكنيسة على هؤلاء الذين يقيمون أكثر من مدة معينة أن يعملوا ليأكلوا\'a1 يكون لهم عمل يتكسبون منه. لذلك نرى بولس الرسول قد عمل كخيام (صانع خيام).

أية 8 :- فَنَحْنُ يَنْبَغِي لَنَا أَنْ نَقْبَلَ أَمْثَالَ هَؤُلاَءِ\'a1 لِكَيْ نَكُونَ عَامِلِينَ مَعَهُمْ بِالْحَقِّ
من يكرم خدام الله يكرم الله.

أيات 9\'a1 10 :- كَتَبْتُ إِلَى الْكَنِيسَةِ\'a1 وَلَكِنَّ دِيُوتْرِيفِسَ - الَّذِي يُحِبُّ أَنْ يَكُونَ الأَّوَلَ بَيْنَهُمْ - لاَ يَقْبَلُنَا. مِنْ أَجْلِ ذَلِكَ إِذَا جِئْتُ فَسَأُذَكِّرُهُ بِأَعْمَالِهِ الَّتِي يَعْمَلُهَا\'a1 هَاذِراً عَلَيْنَا بِأَقْوَالٍ خَبِيثَةٍ. وَإِذْ هُوَ غَيْرُ مُكْتَفٍ بِهَذِهِ\'a1 لاَ يَقْبَلُ الإِخْوَةَ\'a1 وَيَمْنَعُ أَيْضاً الَّذِينَ يُرِيدُونَ\'a1 وَيَطْرُدُهُمْ مِنَ الْكَنِيسَةِ
يبدو أن ديوتريفس هذا كان شخصاً ذو سلطان فى الكنيسة وربما كان هو الأسقف\'a1 إذ هو قادر أن يمنع أشخاصاً من دخول الكنيسة. 
كتبت إلى الكنيسة = كتب يوحنا رسالة إلى الكنيسة يطلب فيها قبول الإخوة الكارزين\'a1 فمنع ديوتريفس وصول الرسالة للكنيسة. يحب أن يكون الأول = خطية الكبرياء هذه تجعل الخادم ينحرف عن خدمته\'a1 ويحدث الإنشقاق فى الكنيسة. لايقبلنا = هو فى كبريائه لا يطيق الحق\'a1 يريد أن يعلم ولا يتعلم. ولا يقبل هؤلاء الإخوة الذين أرسلهم يوحنا ليكرزوا ويعلموا. بل هو طرد هؤلاء الإخوة\'a1 بل طرد الذين قبلوهم فى بيوتهم = الذين يريدون. والرسول يقول سأذكره = أى يساعده على معرفة أخطائه ليخلص نفسه.

أية 11 :- أَيُّهَا الْحَبِيبُ\'a1 لاَ تَتَمَثَّلْ بِالشَّرِّ بَلْ بِالْخَيْرِ\'a1 لأَنَّ مَنْ يَصْنَعُ الْخَيْرَ هُوَ مِنَ اللهِ\'a1 وَمَنْ يَصْنَعُ الشَّرَّ فَلَمْ يُبْصِرِ اللهَ.
لا تتمثل بالشر = بديوتريفس وأعماله. بل بالخير = أى بديمتريوس.
فلم يبصر الله = من يفعل الشر\'a1ويمتلىء قلبه بالعجرفة وحب الذات ينحنى بإرادته للظلمة فلا يقدر أن يبصر الله """" فلا شركة للنور مع الظلمة"""" ( 2كو6: 14). ومن أبصر الله فلقد أبصر النور فالله نور\'a1والنور يضىء له الطريق فيعرف الحق. 
أية 12 :- دِيمِتْرِيُوسُ مَشْهُودٌ لَهُ مِنَ الْجَمِيعِ وَمِنَ الْحَقِّ نَفْسِهِ\'a1 وَنَحْنُ أَيْضاً نَشْهَدُ\'a1 وَأَنْتُمْ تَعْلَمُونَ أَنَّ شَهَادَتَنَا هِيَ صَادِقَةٌ
ومن الحق نفسه = ربما تعنى أن الله يشهد له  فالله هو الحق. أو تعنى من أعماله أى أعمال ديمتريوس\'a1 فأعماله بحسب الحق\'a1وهى تشهد له. 
ونحن أيضاً = أى أن الرسول إختبره بنفسه. 
مشهود له من الجميع = هكذا أولاد الله نورهم ظاهر للجميع. وبهذا يشجع الرسول\'a1 غايس أن يقتدى بديمتريوس ولا يتشبه بديوتريفس.

أية 13 :- وَكَانَ لِي كَثِيرٌ لأَكْتُبَهُ\'a1 لَكِنَّنِي لَسْتُ أُرِيدُ أَنْ أَكْتُبَ إِلَيْكَ بِحِبْرٍ وَقَلَمٍ
 الجسر= كان من السناج الممزوج بماء ومقوى بالصمغ. والقلم = كان من الغاب المشطوف.

اية 14 :- وَلَكِنَّنِي أَرْجُو أَنْ أَرَاكَ عَنْ قَرِيبٍ فَنَتَكَلَّمَ فَماً لِفَمٍ.
تأكيد على أهمية التقليد.

أية 15 :- سَلاَمٌ لَكَ. يُسَلِّمُ عَلَيْكَ الأَحِبَّاءُ. سَلِّمْ عَلَى الأَحِبَّاءِ بِأَسْمَائِهِمْ. 
يسلم عليك الأحباء = ولم يقل الإخوة تأكيداً على المحبة. وهكذا أيضاً سلم على الأحباء."
يوحنا ثالثة,1,64,"الإصحاح الأول
أية 1 :- اَلشَّيْخُ\'a1 إِلَى غَايُسَ الْحَبِيبِ الَّذِي أَنَا أُحِبُّهُ بِالْحَقِّ 
الرسول يحب بالحق أى لأجل المسيح\'a1 وبالمسيح الذى فيه.

أية 2 :- أَيُّهَا الْحَبِيبُ\'a1 فِي كُلِّ شَيْءٍ أَرُومُ أَنْ تَكُونَ نَاجِحاً وَصَحِيحاً\'a1 كَمَا أَنَّ نَفْسَكَ نَاجِحَة
الرسول يتمنى أن يكون غايس صحيحاً جسدياً. كما أنه نفسياً أى روحياً صحيح. ويرى البعض أن معنى كلام الرسول هنا أن صحة غايس كانت ليست على مايرام. والكنيسة تصلى من أجل صحة أولادها (فى أوشية المرضى) كما تصلى للراقدين والمسافرين. وأهم ما تطلبه لأجلهم هو غفران خطاياهم. 
كما أن نفسك ناجحة = النجاح ليس هو النجاح المادى وصحة الجسد. بل نجاح نفسى يتمثل فى الإحساس بالشبع والفرح والرضى والسلام الذى يملأ القلب. كما قال داود """"أحبك يارب يا قوتى"""" ( مز 18). ودانيال ويوسف كانوا ناجحين. وللأسف فهناك أباء يهتمون بنجاح أولادهم مادياً ودراسياً ولا يهتمون بحياتهم الروحية وأن يصرف أولادهم وقتاً مع الله.

أية 3 :- لأَنِّي فَرِحْتُ جِدّاً إِذْ حَضَرَ إِخْوَةٌ وَشَهِدُوا بِالْحَقِّ الَّذِي فِيكَ\'a1 كَمَا أَنَّكَ تَسْلُكُ بِالْحَقِّ
إذاً هو يكتب ليشجعه أن يستمر فى مسلكه. فرحة الخادم هى أن يرى أولاده يسلكون بالحق وبالمحبة وأن إيمانهم سليم. 

أية 4 :- لَيْسَ لِي فَرَحٌ أَعْظَمُ مِنْ هَذَا: أَنْ أَسْمَعَ عَنْ أَوْلاَدِي أَنَّهُمْ يَسْلُكُونَ بِالْحَقِّ
أسمع عن أولادى = هى أبوة يستمدها من الله وفى الله وبه\'a1 فإن صارت العلاقة خارج الرب يسوع ينطبق عليها هذا القول """" لا تدعوا لكم أباً على الأرض ( مت23: 8 - 10) وراجع ( غل4: 19 \'ba  1كو4: 15 \'ba  1تس2: 11).

أيات 5\'a1 6 :- أَيُّهَا الْحَبِيبُ\'a1 أَنْتَ تَفْعَلُ بِالأَمَانَةِ كُلَّ مَا تَصْنَعُهُ إِلَى الإِخْوَةِ وَإِلَى الْغُرَبَاءِ\'a1 الَّذِينَ شَهِدُوا بِمَحَبَّتِكَ أَمَامَ الْكَنِيسَةِ. الَّذِينَ تَفْعَلُ حَسَناً إِذَا شَيَّعْتَهُمْ كَمَا يَحِقُّ للهِ\'a1
الغرباء = الذين لم يعرفهم غايس قبلاً. الإخوة = هم الذين سبق وعرفهم غايس من قبل. كما يحق لله = الله هو القياس وليس خدامه.

أية 7 :- لأَنَّهُمْ مِنْ أَجْلِ اسْمِهِ خَرَجُوا وَهُمْ لاَ يَأْخُذُونَ شَيْئاً مِنَ الأُمَمِ
واضح أن هؤلاء الإخوة الغرباء خرجوا ليكرزوا للأمم\'a1ويريدون أن تكون خدمتهم مجانية\'a1أى بلا مقابل يأخذونه من الأمم. وغايس أتاح لهم هذا بأن تكفل بإحتياجاتهم المادية.

كان هناك نوعان من الخدام فى الكنيسة الأولى :- 
1.خدام محليين ثابتين مستقرين وهؤلاء يسكنون فى بيوتهم.
2.خدام طوافين ينتقلون من مكان إلى مكان. وهؤلاء لا يمكن لهم أن يستعملوا الفنادق لسمعتها السيئة\'a1 إذاً كانوا محتاجين لمن يستضيفهم (كملاكى لوط). لذلك وجدت وصية """"لا تنسوا إضافة الغرباء"""" ( عب2:13). فكان هذا إحتياج الكنيسة فى تلك الأيام. وكانت تلك الإستضافة تشمل (الطعام والنوم). فهؤلاء الخدام لا يخدمون لربح مادى. ولقد إشترطت الكنيسة على هؤلاء الذين يقيمون أكثر من مدة معينة أن يعملوا ليأكلوا\'a1 يكون لهم عمل يتكسبون منه. لذلك نرى بولس الرسول قد عمل كخيام (صانع خيام).

أية 8 :- فَنَحْنُ يَنْبَغِي لَنَا أَنْ نَقْبَلَ أَمْثَالَ هَؤُلاَءِ\'a1 لِكَيْ نَكُونَ عَامِلِينَ مَعَهُمْ بِالْحَقِّ
من يكرم خدام الله يكرم الله.

أيات 9\'a1 10 :- كَتَبْتُ إِلَى الْكَنِيسَةِ\'a1 وَلَكِنَّ دِيُوتْرِيفِسَ - الَّذِي يُحِبُّ أَنْ يَكُونَ الأَّوَلَ بَيْنَهُمْ - لاَ يَقْبَلُنَا. مِنْ أَجْلِ ذَلِكَ إِذَا جِئْتُ فَسَأُذَكِّرُهُ بِأَعْمَالِهِ الَّتِي يَعْمَلُهَا\'a1 هَاذِراً عَلَيْنَا بِأَقْوَالٍ خَبِيثَةٍ. وَإِذْ هُوَ غَيْرُ مُكْتَفٍ بِهَذِهِ\'a1 لاَ يَقْبَلُ الإِخْوَةَ\'a1 وَيَمْنَعُ أَيْضاً الَّذِينَ يُرِيدُونَ\'a1 وَيَطْرُدُهُمْ مِنَ الْكَنِيسَةِ
يبدو أن ديوتريفس هذا كان شخصاً ذو سلطان فى الكنيسة وربما كان هو الأسقف\'a1 إذ هو قادر أن يمنع أشخاصاً من دخول الكنيسة. 
كتبت إلى الكنيسة = كتب يوحنا رسالة إلى الكنيسة يطلب فيها قبول الإخوة الكارزين\'a1 فمنع ديوتريفس وصول الرسالة للكنيسة. يحب أن يكون الأول = خطية الكبرياء هذه تجعل الخادم ينحرف عن خدمته\'a1 ويحدث الإنشقاق فى الكنيسة. لايقبلنا = هو فى كبريائه لا يطيق الحق\'a1 يريد أن يعلم ولا يتعلم. ولا يقبل هؤلاء الإخوة الذين أرسلهم يوحنا ليكرزوا ويعلموا. بل هو طرد هؤلاء الإخوة\'a1 بل طرد الذين قبلوهم فى بيوتهم = الذين يريدون. والرسول يقول سأذكره = أى يساعده على معرفة أخطائه ليخلص نفسه.

أية 11 :- أَيُّهَا الْحَبِيبُ\'a1 لاَ تَتَمَثَّلْ بِالشَّرِّ بَلْ بِالْخَيْرِ\'a1 لأَنَّ مَنْ يَصْنَعُ الْخَيْرَ هُوَ مِنَ اللهِ\'a1 وَمَنْ يَصْنَعُ الشَّرَّ فَلَمْ يُبْصِرِ اللهَ.
لا تتمثل بالشر = بديوتريفس وأعماله. بل بالخير = أى بديمتريوس.
فلم يبصر الله = من يفعل الشر\'a1ويمتلىء قلبه بالعجرفة وحب الذات ينحنى بإرادته للظلمة فلا يقدر أن يبصر الله """" فلا شركة للنور مع الظلمة"""" ( 2كو6: 14). ومن أبصر الله فلقد أبصر النور فالله نور\'a1والنور يضىء له الطريق فيعرف الحق. 
أية 12 :- دِيمِتْرِيُوسُ مَشْهُودٌ لَهُ مِنَ الْجَمِيعِ وَمِنَ الْحَقِّ نَفْسِهِ\'a1 وَنَحْنُ أَيْضاً نَشْهَدُ\'a1 وَأَنْتُمْ تَعْلَمُونَ أَنَّ شَهَادَتَنَا هِيَ صَادِقَةٌ
ومن الحق نفسه = ربما تعنى أن الله يشهد له  فالله هو الحق. أو تعنى من أعماله أى أعمال ديمتريوس\'a1 فأعماله بحسب الحق\'a1وهى تشهد له. 
ونحن أيضاً = أى أن الرسول إختبره بنفسه. 
مشهود له من الجميع = هكذا أولاد الله نورهم ظاهر للجميع. وبهذا يشجع الرسول\'a1 غايس أن يقتدى بديمتريوس ولا يتشبه بديوتريفس.

أية 13 :- وَكَانَ لِي كَثِيرٌ لأَكْتُبَهُ\'a1 لَكِنَّنِي لَسْتُ أُرِيدُ أَنْ أَكْتُبَ إِلَيْكَ بِحِبْرٍ وَقَلَمٍ
 الجسر= كان من السناج الممزوج بماء ومقوى بالصمغ. والقلم = كان من الغاب المشطوف.

اية 14 :- وَلَكِنَّنِي أَرْجُو أَنْ أَرَاكَ عَنْ قَرِيبٍ فَنَتَكَلَّمَ فَماً لِفَمٍ.
تأكيد على أهمية التقليد.

أية 15 :- سَلاَمٌ لَكَ. يُسَلِّمُ عَلَيْكَ الأَحِبَّاءُ. سَلِّمْ عَلَى الأَحِبَّاءِ بِأَسْمَائِهِمْ. 
يسلم عليك الأحباء = ولم يقل الإخوة تأكيداً على المحبة. وهكذا أيضاً سلم على الأحباء."
يوحنا ثالثة,1,65,"الإصحاح الأول
أية 1 :- اَلشَّيْخُ\'a1 إِلَى غَايُسَ الْحَبِيبِ الَّذِي أَنَا أُحِبُّهُ بِالْحَقِّ 
الرسول يحب بالحق أى لأجل المسيح\'a1 وبالمسيح الذى فيه.

أية 2 :- أَيُّهَا الْحَبِيبُ\'a1 فِي كُلِّ شَيْءٍ أَرُومُ أَنْ تَكُونَ نَاجِحاً وَصَحِيحاً\'a1 كَمَا أَنَّ نَفْسَكَ نَاجِحَة
الرسول يتمنى أن يكون غايس صحيحاً جسدياً. كما أنه نفسياً أى روحياً صحيح. ويرى البعض أن معنى كلام الرسول هنا أن صحة غايس كانت ليست على مايرام. والكنيسة تصلى من أجل صحة أولادها (فى أوشية المرضى) كما تصلى للراقدين والمسافرين. وأهم ما تطلبه لأجلهم هو غفران خطاياهم. 
كما أن نفسك ناجحة = النجاح ليس هو النجاح المادى وصحة الجسد. بل نجاح نفسى يتمثل فى الإحساس بالشبع والفرح والرضى والسلام الذى يملأ القلب. كما قال داود """"أحبك يارب يا قوتى"""" ( مز 18). ودانيال ويوسف كانوا ناجحين. وللأسف فهناك أباء يهتمون بنجاح أولادهم مادياً ودراسياً ولا يهتمون بحياتهم الروحية وأن يصرف أولادهم وقتاً مع الله.

أية 3 :- لأَنِّي فَرِحْتُ جِدّاً إِذْ حَضَرَ إِخْوَةٌ وَشَهِدُوا بِالْحَقِّ الَّذِي فِيكَ\'a1 كَمَا أَنَّكَ تَسْلُكُ بِالْحَقِّ
إذاً هو يكتب ليشجعه أن يستمر فى مسلكه. فرحة الخادم هى أن يرى أولاده يسلكون بالحق وبالمحبة وأن إيمانهم سليم. 

أية 4 :- لَيْسَ لِي فَرَحٌ أَعْظَمُ مِنْ هَذَا: أَنْ أَسْمَعَ عَنْ أَوْلاَدِي أَنَّهُمْ يَسْلُكُونَ بِالْحَقِّ
أسمع عن أولادى = هى أبوة يستمدها من الله وفى الله وبه\'a1 فإن صارت العلاقة خارج الرب يسوع ينطبق عليها هذا القول """" لا تدعوا لكم أباً على الأرض ( مت23: 8 - 10) وراجع ( غل4: 19 \'ba  1كو4: 15 \'ba  1تس2: 11).

أيات 5\'a1 6 :- أَيُّهَا الْحَبِيبُ\'a1 أَنْتَ تَفْعَلُ بِالأَمَانَةِ كُلَّ مَا تَصْنَعُهُ إِلَى الإِخْوَةِ وَإِلَى الْغُرَبَاءِ\'a1 الَّذِينَ شَهِدُوا بِمَحَبَّتِكَ أَمَامَ الْكَنِيسَةِ. الَّذِينَ تَفْعَلُ حَسَناً إِذَا شَيَّعْتَهُمْ كَمَا يَحِقُّ للهِ\'a1
الغرباء = الذين لم يعرفهم غايس قبلاً. الإخوة = هم الذين سبق وعرفهم غايس من قبل. كما يحق لله = الله هو القياس وليس خدامه.

أية 7 :- لأَنَّهُمْ مِنْ أَجْلِ اسْمِهِ خَرَجُوا وَهُمْ لاَ يَأْخُذُونَ شَيْئاً مِنَ الأُمَمِ
واضح أن هؤلاء الإخوة الغرباء خرجوا ليكرزوا للأمم\'a1ويريدون أن تكون خدمتهم مجانية\'a1أى بلا مقابل يأخذونه من الأمم. وغايس أتاح لهم هذا بأن تكفل بإحتياجاتهم المادية.

كان هناك نوعان من الخدام فى الكنيسة الأولى :- 
1.خدام محليين ثابتين مستقرين وهؤلاء يسكنون فى بيوتهم.
2.خدام طوافين ينتقلون من مكان إلى مكان. وهؤلاء لا يمكن لهم أن يستعملوا الفنادق لسمعتها السيئة\'a1 إذاً كانوا محتاجين لمن يستضيفهم (كملاكى لوط). لذلك وجدت وصية """"لا تنسوا إضافة الغرباء"""" ( عب2:13). فكان هذا إحتياج الكنيسة فى تلك الأيام. وكانت تلك الإستضافة تشمل (الطعام والنوم). فهؤلاء الخدام لا يخدمون لربح مادى. ولقد إشترطت الكنيسة على هؤلاء الذين يقيمون أكثر من مدة معينة أن يعملوا ليأكلوا\'a1 يكون لهم عمل يتكسبون منه. لذلك نرى بولس الرسول قد عمل كخيام (صانع خيام).

أية 8 :- فَنَحْنُ يَنْبَغِي لَنَا أَنْ نَقْبَلَ أَمْثَالَ هَؤُلاَءِ\'a1 لِكَيْ نَكُونَ عَامِلِينَ مَعَهُمْ بِالْحَقِّ
من يكرم خدام الله يكرم الله.

أيات 9\'a1 10 :- كَتَبْتُ إِلَى الْكَنِيسَةِ\'a1 وَلَكِنَّ دِيُوتْرِيفِسَ - الَّذِي يُحِبُّ أَنْ يَكُونَ الأَّوَلَ بَيْنَهُمْ - لاَ يَقْبَلُنَا. مِنْ أَجْلِ ذَلِكَ إِذَا جِئْتُ فَسَأُذَكِّرُهُ بِأَعْمَالِهِ الَّتِي يَعْمَلُهَا\'a1 هَاذِراً عَلَيْنَا بِأَقْوَالٍ خَبِيثَةٍ. وَإِذْ هُوَ غَيْرُ مُكْتَفٍ بِهَذِهِ\'a1 لاَ يَقْبَلُ الإِخْوَةَ\'a1 وَيَمْنَعُ أَيْضاً الَّذِينَ يُرِيدُونَ\'a1 وَيَطْرُدُهُمْ مِنَ الْكَنِيسَةِ
يبدو أن ديوتريفس هذا كان شخصاً ذو سلطان فى الكنيسة وربما كان هو الأسقف\'a1 إذ هو قادر أن يمنع أشخاصاً من دخول الكنيسة. 
كتبت إلى الكنيسة = كتب يوحنا رسالة إلى الكنيسة يطلب فيها قبول الإخوة الكارزين\'a1 فمنع ديوتريفس وصول الرسالة للكنيسة. يحب أن يكون الأول = خطية الكبرياء هذه تجعل الخادم ينحرف عن خدمته\'a1 ويحدث الإنشقاق فى الكنيسة. لايقبلنا = هو فى كبريائه لا يطيق الحق\'a1 يريد أن يعلم ولا يتعلم. ولا يقبل هؤلاء الإخوة الذين أرسلهم يوحنا ليكرزوا ويعلموا. بل هو طرد هؤلاء الإخوة\'a1 بل طرد الذين قبلوهم فى بيوتهم = الذين يريدون. والرسول يقول سأذكره = أى يساعده على معرفة أخطائه ليخلص نفسه.

أية 11 :- أَيُّهَا الْحَبِيبُ\'a1 لاَ تَتَمَثَّلْ بِالشَّرِّ بَلْ بِالْخَيْرِ\'a1 لأَنَّ مَنْ يَصْنَعُ الْخَيْرَ هُوَ مِنَ اللهِ\'a1 وَمَنْ يَصْنَعُ الشَّرَّ فَلَمْ يُبْصِرِ اللهَ.
لا تتمثل بالشر = بديوتريفس وأعماله. بل بالخير = أى بديمتريوس.
فلم يبصر الله = من يفعل الشر\'a1ويمتلىء قلبه بالعجرفة وحب الذات ينحنى بإرادته للظلمة فلا يقدر أن يبصر الله """" فلا شركة للنور مع الظلمة"""" ( 2كو6: 14). ومن أبصر الله فلقد أبصر النور فالله نور\'a1والنور يضىء له الطريق فيعرف الحق. 
أية 12 :- دِيمِتْرِيُوسُ مَشْهُودٌ لَهُ مِنَ الْجَمِيعِ وَمِنَ الْحَقِّ نَفْسِهِ\'a1 وَنَحْنُ أَيْضاً نَشْهَدُ\'a1 وَأَنْتُمْ تَعْلَمُونَ أَنَّ شَهَادَتَنَا هِيَ صَادِقَةٌ
ومن الحق نفسه = ربما تعنى أن الله يشهد له  فالله هو الحق. أو تعنى من أعماله أى أعمال ديمتريوس\'a1 فأعماله بحسب الحق\'a1وهى تشهد له. 
ونحن أيضاً = أى أن الرسول إختبره بنفسه. 
مشهود له من الجميع = هكذا أولاد الله نورهم ظاهر للجميع. وبهذا يشجع الرسول\'a1 غايس أن يقتدى بديمتريوس ولا يتشبه بديوتريفس.

أية 13 :- وَكَانَ لِي كَثِيرٌ لأَكْتُبَهُ\'a1 لَكِنَّنِي لَسْتُ أُرِيدُ أَنْ أَكْتُبَ إِلَيْكَ بِحِبْرٍ وَقَلَمٍ
 الجسر= كان من السناج الممزوج بماء ومقوى بالصمغ. والقلم = كان من الغاب المشطوف.

اية 14 :- وَلَكِنَّنِي أَرْجُو أَنْ أَرَاكَ عَنْ قَرِيبٍ فَنَتَكَلَّمَ فَماً لِفَمٍ.
تأكيد على أهمية التقليد.

أية 15 :- سَلاَمٌ لَكَ. يُسَلِّمُ عَلَيْكَ الأَحِبَّاءُ. سَلِّمْ عَلَى الأَحِبَّاءِ بِأَسْمَائِهِمْ. 
يسلم عليك الأحباء = ولم يقل الإخوة تأكيداً على المحبة. وهكذا أيضاً سلم على الأحباء."
يوحنا ثالثة,1,66,"الإصحاح الأول
أية 1 :- اَلشَّيْخُ\'a1 إِلَى غَايُسَ الْحَبِيبِ الَّذِي أَنَا أُحِبُّهُ بِالْحَقِّ 
الرسول يحب بالحق أى لأجل المسيح\'a1 وبالمسيح الذى فيه.

أية 2 :- أَيُّهَا الْحَبِيبُ\'a1 فِي كُلِّ شَيْءٍ أَرُومُ أَنْ تَكُونَ نَاجِحاً وَصَحِيحاً\'a1 كَمَا أَنَّ نَفْسَكَ نَاجِحَة
الرسول يتمنى أن يكون غايس صحيحاً جسدياً. كما أنه نفسياً أى روحياً صحيح. ويرى البعض أن معنى كلام الرسول هنا أن صحة غايس كانت ليست على مايرام. والكنيسة تصلى من أجل صحة أولادها (فى أوشية المرضى) كما تصلى للراقدين والمسافرين. وأهم ما تطلبه لأجلهم هو غفران خطاياهم. 
كما أن نفسك ناجحة = النجاح ليس هو النجاح المادى وصحة الجسد. بل نجاح نفسى يتمثل فى الإحساس بالشبع والفرح والرضى والسلام الذى يملأ القلب. كما قال داود """"أحبك يارب يا قوتى"""" ( مز 18). ودانيال ويوسف كانوا ناجحين. وللأسف فهناك أباء يهتمون بنجاح أولادهم مادياً ودراسياً ولا يهتمون بحياتهم الروحية وأن يصرف أولادهم وقتاً مع الله.

أية 3 :- لأَنِّي فَرِحْتُ جِدّاً إِذْ حَضَرَ إِخْوَةٌ وَشَهِدُوا بِالْحَقِّ الَّذِي فِيكَ\'a1 كَمَا أَنَّكَ تَسْلُكُ بِالْحَقِّ
إذاً هو يكتب ليشجعه أن يستمر فى مسلكه. فرحة الخادم هى أن يرى أولاده يسلكون بالحق وبالمحبة وأن إيمانهم سليم. 

أية 4 :- لَيْسَ لِي فَرَحٌ أَعْظَمُ مِنْ هَذَا: أَنْ أَسْمَعَ عَنْ أَوْلاَدِي أَنَّهُمْ يَسْلُكُونَ بِالْحَقِّ
أسمع عن أولادى = هى أبوة يستمدها من الله وفى الله وبه\'a1 فإن صارت العلاقة خارج الرب يسوع ينطبق عليها هذا القول """" لا تدعوا لكم أباً على الأرض ( مت23: 8 - 10) وراجع ( غل4: 19 \'ba  1كو4: 15 \'ba  1تس2: 11).

أيات 5\'a1 6 :- أَيُّهَا الْحَبِيبُ\'a1 أَنْتَ تَفْعَلُ بِالأَمَانَةِ كُلَّ مَا تَصْنَعُهُ إِلَى الإِخْوَةِ وَإِلَى الْغُرَبَاءِ\'a1 الَّذِينَ شَهِدُوا بِمَحَبَّتِكَ أَمَامَ الْكَنِيسَةِ. الَّذِينَ تَفْعَلُ حَسَناً إِذَا شَيَّعْتَهُمْ كَمَا يَحِقُّ للهِ\'a1
الغرباء = الذين لم يعرفهم غايس قبلاً. الإخوة = هم الذين سبق وعرفهم غايس من قبل. كما يحق لله = الله هو القياس وليس خدامه.

أية 7 :- لأَنَّهُمْ مِنْ أَجْلِ اسْمِهِ خَرَجُوا وَهُمْ لاَ يَأْخُذُونَ شَيْئاً مِنَ الأُمَمِ
واضح أن هؤلاء الإخوة الغرباء خرجوا ليكرزوا للأمم\'a1ويريدون أن تكون خدمتهم مجانية\'a1أى بلا مقابل يأخذونه من الأمم. وغايس أتاح لهم هذا بأن تكفل بإحتياجاتهم المادية.

كان هناك نوعان من الخدام فى الكنيسة الأولى :- 
1.خدام محليين ثابتين مستقرين وهؤلاء يسكنون فى بيوتهم.
2.خدام طوافين ينتقلون من مكان إلى مكان. وهؤلاء لا يمكن لهم أن يستعملوا الفنادق لسمعتها السيئة\'a1 إذاً كانوا محتاجين لمن يستضيفهم (كملاكى لوط). لذلك وجدت وصية """"لا تنسوا إضافة الغرباء"""" ( عب2:13). فكان هذا إحتياج الكنيسة فى تلك الأيام. وكانت تلك الإستضافة تشمل (الطعام والنوم). فهؤلاء الخدام لا يخدمون لربح مادى. ولقد إشترطت الكنيسة على هؤلاء الذين يقيمون أكثر من مدة معينة أن يعملوا ليأكلوا\'a1 يكون لهم عمل يتكسبون منه. لذلك نرى بولس الرسول قد عمل كخيام (صانع خيام).

أية 8 :- فَنَحْنُ يَنْبَغِي لَنَا أَنْ نَقْبَلَ أَمْثَالَ هَؤُلاَءِ\'a1 لِكَيْ نَكُونَ عَامِلِينَ مَعَهُمْ بِالْحَقِّ
من يكرم خدام الله يكرم الله.

أيات 9\'a1 10 :- كَتَبْتُ إِلَى الْكَنِيسَةِ\'a1 وَلَكِنَّ دِيُوتْرِيفِسَ - الَّذِي يُحِبُّ أَنْ يَكُونَ الأَّوَلَ بَيْنَهُمْ - لاَ يَقْبَلُنَا. مِنْ أَجْلِ ذَلِكَ إِذَا جِئْتُ فَسَأُذَكِّرُهُ بِأَعْمَالِهِ الَّتِي يَعْمَلُهَا\'a1 هَاذِراً عَلَيْنَا بِأَقْوَالٍ خَبِيثَةٍ. وَإِذْ هُوَ غَيْرُ مُكْتَفٍ بِهَذِهِ\'a1 لاَ يَقْبَلُ الإِخْوَةَ\'a1 وَيَمْنَعُ أَيْضاً الَّذِينَ يُرِيدُونَ\'a1 وَيَطْرُدُهُمْ مِنَ الْكَنِيسَةِ
يبدو أن ديوتريفس هذا كان شخصاً ذو سلطان فى الكنيسة وربما كان هو الأسقف\'a1 إذ هو قادر أن يمنع أشخاصاً من دخول الكنيسة. 
كتبت إلى الكنيسة = كتب يوحنا رسالة إلى الكنيسة يطلب فيها قبول الإخوة الكارزين\'a1 فمنع ديوتريفس وصول الرسالة للكنيسة. يحب أن يكون الأول = خطية الكبرياء هذه تجعل الخادم ينحرف عن خدمته\'a1 ويحدث الإنشقاق فى الكنيسة. لايقبلنا = هو فى كبريائه لا يطيق الحق\'a1 يريد أن يعلم ولا يتعلم. ولا يقبل هؤلاء الإخوة الذين أرسلهم يوحنا ليكرزوا ويعلموا. بل هو طرد هؤلاء الإخوة\'a1 بل طرد الذين قبلوهم فى بيوتهم = الذين يريدون. والرسول يقول سأذكره = أى يساعده على معرفة أخطائه ليخلص نفسه.

أية 11 :- أَيُّهَا الْحَبِيبُ\'a1 لاَ تَتَمَثَّلْ بِالشَّرِّ بَلْ بِالْخَيْرِ\'a1 لأَنَّ مَنْ يَصْنَعُ الْخَيْرَ هُوَ مِنَ اللهِ\'a1 وَمَنْ يَصْنَعُ الشَّرَّ فَلَمْ يُبْصِرِ اللهَ.
لا تتمثل بالشر = بديوتريفس وأعماله. بل بالخير = أى بديمتريوس.
فلم يبصر الله = من يفعل الشر\'a1ويمتلىء قلبه بالعجرفة وحب الذات ينحنى بإرادته للظلمة فلا يقدر أن يبصر الله """" فلا شركة للنور مع الظلمة"""" ( 2كو6: 14). ومن أبصر الله فلقد أبصر النور فالله نور\'a1والنور يضىء له الطريق فيعرف الحق. 
أية 12 :- دِيمِتْرِيُوسُ مَشْهُودٌ لَهُ مِنَ الْجَمِيعِ وَمِنَ الْحَقِّ نَفْسِهِ\'a1 وَنَحْنُ أَيْضاً نَشْهَدُ\'a1 وَأَنْتُمْ تَعْلَمُونَ أَنَّ شَهَادَتَنَا هِيَ صَادِقَةٌ
ومن الحق نفسه = ربما تعنى أن الله يشهد له  فالله هو الحق. أو تعنى من أعماله أى أعمال ديمتريوس\'a1 فأعماله بحسب الحق\'a1وهى تشهد له. 
ونحن أيضاً = أى أن الرسول إختبره بنفسه. 
مشهود له من الجميع = هكذا أولاد الله نورهم ظاهر للجميع. وبهذا يشجع الرسول\'a1 غايس أن يقتدى بديمتريوس ولا يتشبه بديوتريفس.

أية 13 :- وَكَانَ لِي كَثِيرٌ لأَكْتُبَهُ\'a1 لَكِنَّنِي لَسْتُ أُرِيدُ أَنْ أَكْتُبَ إِلَيْكَ بِحِبْرٍ وَقَلَمٍ
 الجسر= كان من السناج الممزوج بماء ومقوى بالصمغ. والقلم = كان من الغاب المشطوف.

اية 14 :- وَلَكِنَّنِي أَرْجُو أَنْ أَرَاكَ عَنْ قَرِيبٍ فَنَتَكَلَّمَ فَماً لِفَمٍ.
تأكيد على أهمية التقليد.

أية 15 :- سَلاَمٌ لَكَ. يُسَلِّمُ عَلَيْكَ الأَحِبَّاءُ. سَلِّمْ عَلَى الأَحِبَّاءِ بِأَسْمَائِهِمْ. 
يسلم عليك الأحباء = ولم يقل الإخوة تأكيداً على المحبة. وهكذا أيضاً سلم على الأحباء."
يوحنا ثالثة,1,67,"الإصحاح الأول
أية 1 :- اَلشَّيْخُ\'a1 إِلَى غَايُسَ الْحَبِيبِ الَّذِي أَنَا أُحِبُّهُ بِالْحَقِّ 
الرسول يحب بالحق أى لأجل المسيح\'a1 وبالمسيح الذى فيه.

أية 2 :- أَيُّهَا الْحَبِيبُ\'a1 فِي كُلِّ شَيْءٍ أَرُومُ أَنْ تَكُونَ نَاجِحاً وَصَحِيحاً\'a1 كَمَا أَنَّ نَفْسَكَ نَاجِحَة
الرسول يتمنى أن يكون غايس صحيحاً جسدياً. كما أنه نفسياً أى روحياً صحيح. ويرى البعض أن معنى كلام الرسول هنا أن صحة غايس كانت ليست على مايرام. والكنيسة تصلى من أجل صحة أولادها (فى أوشية المرضى) كما تصلى للراقدين والمسافرين. وأهم ما تطلبه لأجلهم هو غفران خطاياهم. 
كما أن نفسك ناجحة = النجاح ليس هو النجاح المادى وصحة الجسد. بل نجاح نفسى يتمثل فى الإحساس بالشبع والفرح والرضى والسلام الذى يملأ القلب. كما قال داود """"أحبك يارب يا قوتى"""" ( مز 18). ودانيال ويوسف كانوا ناجحين. وللأسف فهناك أباء يهتمون بنجاح أولادهم مادياً ودراسياً ولا يهتمون بحياتهم الروحية وأن يصرف أولادهم وقتاً مع الله.

أية 3 :- لأَنِّي فَرِحْتُ جِدّاً إِذْ حَضَرَ إِخْوَةٌ وَشَهِدُوا بِالْحَقِّ الَّذِي فِيكَ\'a1 كَمَا أَنَّكَ تَسْلُكُ بِالْحَقِّ
إذاً هو يكتب ليشجعه أن يستمر فى مسلكه. فرحة الخادم هى أن يرى أولاده يسلكون بالحق وبالمحبة وأن إيمانهم سليم. 

أية 4 :- لَيْسَ لِي فَرَحٌ أَعْظَمُ مِنْ هَذَا: أَنْ أَسْمَعَ عَنْ أَوْلاَدِي أَنَّهُمْ يَسْلُكُونَ بِالْحَقِّ
أسمع عن أولادى = هى أبوة يستمدها من الله وفى الله وبه\'a1 فإن صارت العلاقة خارج الرب يسوع ينطبق عليها هذا القول """" لا تدعوا لكم أباً على الأرض ( مت23: 8 - 10) وراجع ( غل4: 19 \'ba  1كو4: 15 \'ba  1تس2: 11).

أيات 5\'a1 6 :- أَيُّهَا الْحَبِيبُ\'a1 أَنْتَ تَفْعَلُ بِالأَمَانَةِ كُلَّ مَا تَصْنَعُهُ إِلَى الإِخْوَةِ وَإِلَى الْغُرَبَاءِ\'a1 الَّذِينَ شَهِدُوا بِمَحَبَّتِكَ أَمَامَ الْكَنِيسَةِ. الَّذِينَ تَفْعَلُ حَسَناً إِذَا شَيَّعْتَهُمْ كَمَا يَحِقُّ للهِ\'a1
الغرباء = الذين لم يعرفهم غايس قبلاً. الإخوة = هم الذين سبق وعرفهم غايس من قبل. كما يحق لله = الله هو القياس وليس خدامه.

أية 7 :- لأَنَّهُمْ مِنْ أَجْلِ اسْمِهِ خَرَجُوا وَهُمْ لاَ يَأْخُذُونَ شَيْئاً مِنَ الأُمَمِ
واضح أن هؤلاء الإخوة الغرباء خرجوا ليكرزوا للأمم\'a1ويريدون أن تكون خدمتهم مجانية\'a1أى بلا مقابل يأخذونه من الأمم. وغايس أتاح لهم هذا بأن تكفل بإحتياجاتهم المادية.

كان هناك نوعان من الخدام فى الكنيسة الأولى :- 
1.خدام محليين ثابتين مستقرين وهؤلاء يسكنون فى بيوتهم.
2.خدام طوافين ينتقلون من مكان إلى مكان. وهؤلاء لا يمكن لهم أن يستعملوا الفنادق لسمعتها السيئة\'a1 إذاً كانوا محتاجين لمن يستضيفهم (كملاكى لوط). لذلك وجدت وصية """"لا تنسوا إضافة الغرباء"""" ( عب2:13). فكان هذا إحتياج الكنيسة فى تلك الأيام. وكانت تلك الإستضافة تشمل (الطعام والنوم). فهؤلاء الخدام لا يخدمون لربح مادى. ولقد إشترطت الكنيسة على هؤلاء الذين يقيمون أكثر من مدة معينة أن يعملوا ليأكلوا\'a1 يكون لهم عمل يتكسبون منه. لذلك نرى بولس الرسول قد عمل كخيام (صانع خيام).

أية 8 :- فَنَحْنُ يَنْبَغِي لَنَا أَنْ نَقْبَلَ أَمْثَالَ هَؤُلاَءِ\'a1 لِكَيْ نَكُونَ عَامِلِينَ مَعَهُمْ بِالْحَقِّ
من يكرم خدام الله يكرم الله.

أيات 9\'a1 10 :- كَتَبْتُ إِلَى الْكَنِيسَةِ\'a1 وَلَكِنَّ دِيُوتْرِيفِسَ - الَّذِي يُحِبُّ أَنْ يَكُونَ الأَّوَلَ بَيْنَهُمْ - لاَ يَقْبَلُنَا. مِنْ أَجْلِ ذَلِكَ إِذَا جِئْتُ فَسَأُذَكِّرُهُ بِأَعْمَالِهِ الَّتِي يَعْمَلُهَا\'a1 هَاذِراً عَلَيْنَا بِأَقْوَالٍ خَبِيثَةٍ. وَإِذْ هُوَ غَيْرُ مُكْتَفٍ بِهَذِهِ\'a1 لاَ يَقْبَلُ الإِخْوَةَ\'a1 وَيَمْنَعُ أَيْضاً الَّذِينَ يُرِيدُونَ\'a1 وَيَطْرُدُهُمْ مِنَ الْكَنِيسَةِ
يبدو أن ديوتريفس هذا كان شخصاً ذو سلطان فى الكنيسة وربما كان هو الأسقف\'a1 إذ هو قادر أن يمنع أشخاصاً من دخول الكنيسة. 
كتبت إلى الكنيسة = كتب يوحنا رسالة إلى الكنيسة يطلب فيها قبول الإخوة الكارزين\'a1 فمنع ديوتريفس وصول الرسالة للكنيسة. يحب أن يكون الأول = خطية الكبرياء هذه تجعل الخادم ينحرف عن خدمته\'a1 ويحدث الإنشقاق فى الكنيسة. لايقبلنا = هو فى كبريائه لا يطيق الحق\'a1 يريد أن يعلم ولا يتعلم. ولا يقبل هؤلاء الإخوة الذين أرسلهم يوحنا ليكرزوا ويعلموا. بل هو طرد هؤلاء الإخوة\'a1 بل طرد الذين قبلوهم فى بيوتهم = الذين يريدون. والرسول يقول سأذكره = أى يساعده على معرفة أخطائه ليخلص نفسه.

أية 11 :- أَيُّهَا الْحَبِيبُ\'a1 لاَ تَتَمَثَّلْ بِالشَّرِّ بَلْ بِالْخَيْرِ\'a1 لأَنَّ مَنْ يَصْنَعُ الْخَيْرَ هُوَ مِنَ اللهِ\'a1 وَمَنْ يَصْنَعُ الشَّرَّ فَلَمْ يُبْصِرِ اللهَ.
لا تتمثل بالشر = بديوتريفس وأعماله. بل بالخير = أى بديمتريوس.
فلم يبصر الله = من يفعل الشر\'a1ويمتلىء قلبه بالعجرفة وحب الذات ينحنى بإرادته للظلمة فلا يقدر أن يبصر الله """" فلا شركة للنور مع الظلمة"""" ( 2كو6: 14). ومن أبصر الله فلقد أبصر النور فالله نور\'a1والنور يضىء له الطريق فيعرف الحق. 
أية 12 :- دِيمِتْرِيُوسُ مَشْهُودٌ لَهُ مِنَ الْجَمِيعِ وَمِنَ الْحَقِّ نَفْسِهِ\'a1 وَنَحْنُ أَيْضاً نَشْهَدُ\'a1 وَأَنْتُمْ تَعْلَمُونَ أَنَّ شَهَادَتَنَا هِيَ صَادِقَةٌ
ومن الحق نفسه = ربما تعنى أن الله يشهد له  فالله هو الحق. أو تعنى من أعماله أى أعمال ديمتريوس\'a1 فأعماله بحسب الحق\'a1وهى تشهد له. 
ونحن أيضاً = أى أن الرسول إختبره بنفسه. 
مشهود له من الجميع = هكذا أولاد الله نورهم ظاهر للجميع. وبهذا يشجع الرسول\'a1 غايس أن يقتدى بديمتريوس ولا يتشبه بديوتريفس.

أية 13 :- وَكَانَ لِي كَثِيرٌ لأَكْتُبَهُ\'a1 لَكِنَّنِي لَسْتُ أُرِيدُ أَنْ أَكْتُبَ إِلَيْكَ بِحِبْرٍ وَقَلَمٍ
 الجسر= كان من السناج الممزوج بماء ومقوى بالصمغ. والقلم = كان من الغاب المشطوف.

اية 14 :- وَلَكِنَّنِي أَرْجُو أَنْ أَرَاكَ عَنْ قَرِيبٍ فَنَتَكَلَّمَ فَماً لِفَمٍ.
تأكيد على أهمية التقليد.

أية 15 :- سَلاَمٌ لَكَ. يُسَلِّمُ عَلَيْكَ الأَحِبَّاءُ. سَلِّمْ عَلَى الأَحِبَّاءِ بِأَسْمَائِهِمْ. 
يسلم عليك الأحباء = ولم يقل الإخوة تأكيداً على المحبة. وهكذا أيضاً سلم على الأحباء."
يوحنا ثالثة,1,68,"الإصحاح الأول
أية 1 :- اَلشَّيْخُ\'a1 إِلَى غَايُسَ الْحَبِيبِ الَّذِي أَنَا أُحِبُّهُ بِالْحَقِّ 
الرسول يحب بالحق أى لأجل المسيح\'a1 وبالمسيح الذى فيه.

أية 2 :- أَيُّهَا الْحَبِيبُ\'a1 فِي كُلِّ شَيْءٍ أَرُومُ أَنْ تَكُونَ نَاجِحاً وَصَحِيحاً\'a1 كَمَا أَنَّ نَفْسَكَ نَاجِحَة
الرسول يتمنى أن يكون غايس صحيحاً جسدياً. كما أنه نفسياً أى روحياً صحيح. ويرى البعض أن معنى كلام الرسول هنا أن صحة غايس كانت ليست على مايرام. والكنيسة تصلى من أجل صحة أولادها (فى أوشية المرضى) كما تصلى للراقدين والمسافرين. وأهم ما تطلبه لأجلهم هو غفران خطاياهم. 
كما أن نفسك ناجحة = النجاح ليس هو النجاح المادى وصحة الجسد. بل نجاح نفسى يتمثل فى الإحساس بالشبع والفرح والرضى والسلام الذى يملأ القلب. كما قال داود """"أحبك يارب يا قوتى"""" ( مز 18). ودانيال ويوسف كانوا ناجحين. وللأسف فهناك أباء يهتمون بنجاح أولادهم مادياً ودراسياً ولا يهتمون بحياتهم الروحية وأن يصرف أولادهم وقتاً مع الله.

أية 3 :- لأَنِّي فَرِحْتُ جِدّاً إِذْ حَضَرَ إِخْوَةٌ وَشَهِدُوا بِالْحَقِّ الَّذِي فِيكَ\'a1 كَمَا أَنَّكَ تَسْلُكُ بِالْحَقِّ
إذاً هو يكتب ليشجعه أن يستمر فى مسلكه. فرحة الخادم هى أن يرى أولاده يسلكون بالحق وبالمحبة وأن إيمانهم سليم. 

أية 4 :- لَيْسَ لِي فَرَحٌ أَعْظَمُ مِنْ هَذَا: أَنْ أَسْمَعَ عَنْ أَوْلاَدِي أَنَّهُمْ يَسْلُكُونَ بِالْحَقِّ
أسمع عن أولادى = هى أبوة يستمدها من الله وفى الله وبه\'a1 فإن صارت العلاقة خارج الرب يسوع ينطبق عليها هذا القول """" لا تدعوا لكم أباً على الأرض ( مت23: 8 - 10) وراجع ( غل4: 19 \'ba  1كو4: 15 \'ba  1تس2: 11).

أيات 5\'a1 6 :- أَيُّهَا الْحَبِيبُ\'a1 أَنْتَ تَفْعَلُ بِالأَمَانَةِ كُلَّ مَا تَصْنَعُهُ إِلَى الإِخْوَةِ وَإِلَى الْغُرَبَاءِ\'a1 الَّذِينَ شَهِدُوا بِمَحَبَّتِكَ أَمَامَ الْكَنِيسَةِ. الَّذِينَ تَفْعَلُ حَسَناً إِذَا شَيَّعْتَهُمْ كَمَا يَحِقُّ للهِ\'a1
الغرباء = الذين لم يعرفهم غايس قبلاً. الإخوة = هم الذين سبق وعرفهم غايس من قبل. كما يحق لله = الله هو القياس وليس خدامه.

أية 7 :- لأَنَّهُمْ مِنْ أَجْلِ اسْمِهِ خَرَجُوا وَهُمْ لاَ يَأْخُذُونَ شَيْئاً مِنَ الأُمَمِ
واضح أن هؤلاء الإخوة الغرباء خرجوا ليكرزوا للأمم\'a1ويريدون أن تكون خدمتهم مجانية\'a1أى بلا مقابل يأخذونه من الأمم. وغايس أتاح لهم هذا بأن تكفل بإحتياجاتهم المادية.

كان هناك نوعان من الخدام فى الكنيسة الأولى :- 
1.خدام محليين ثابتين مستقرين وهؤلاء يسكنون فى بيوتهم.
2.خدام طوافين ينتقلون من مكان إلى مكان. وهؤلاء لا يمكن لهم أن يستعملوا الفنادق لسمعتها السيئة\'a1 إذاً كانوا محتاجين لمن يستضيفهم (كملاكى لوط). لذلك وجدت وصية """"لا تنسوا إضافة الغرباء"""" ( عب2:13). فكان هذا إحتياج الكنيسة فى تلك الأيام. وكانت تلك الإستضافة تشمل (الطعام والنوم). فهؤلاء الخدام لا يخدمون لربح مادى. ولقد إشترطت الكنيسة على هؤلاء الذين يقيمون أكثر من مدة معينة أن يعملوا ليأكلوا\'a1 يكون لهم عمل يتكسبون منه. لذلك نرى بولس الرسول قد عمل كخيام (صانع خيام).

أية 8 :- فَنَحْنُ يَنْبَغِي لَنَا أَنْ نَقْبَلَ أَمْثَالَ هَؤُلاَءِ\'a1 لِكَيْ نَكُونَ عَامِلِينَ مَعَهُمْ بِالْحَقِّ
من يكرم خدام الله يكرم الله.

أيات 9\'a1 10 :- كَتَبْتُ إِلَى الْكَنِيسَةِ\'a1 وَلَكِنَّ دِيُوتْرِيفِسَ - الَّذِي يُحِبُّ أَنْ يَكُونَ الأَّوَلَ بَيْنَهُمْ - لاَ يَقْبَلُنَا. مِنْ أَجْلِ ذَلِكَ إِذَا جِئْتُ فَسَأُذَكِّرُهُ بِأَعْمَالِهِ الَّتِي يَعْمَلُهَا\'a1 هَاذِراً عَلَيْنَا بِأَقْوَالٍ خَبِيثَةٍ. وَإِذْ هُوَ غَيْرُ مُكْتَفٍ بِهَذِهِ\'a1 لاَ يَقْبَلُ الإِخْوَةَ\'a1 وَيَمْنَعُ أَيْضاً الَّذِينَ يُرِيدُونَ\'a1 وَيَطْرُدُهُمْ مِنَ الْكَنِيسَةِ
يبدو أن ديوتريفس هذا كان شخصاً ذو سلطان فى الكنيسة وربما كان هو الأسقف\'a1 إذ هو قادر أن يمنع أشخاصاً من دخول الكنيسة. 
كتبت إلى الكنيسة = كتب يوحنا رسالة إلى الكنيسة يطلب فيها قبول الإخوة الكارزين\'a1 فمنع ديوتريفس وصول الرسالة للكنيسة. يحب أن يكون الأول = خطية الكبرياء هذه تجعل الخادم ينحرف عن خدمته\'a1 ويحدث الإنشقاق فى الكنيسة. لايقبلنا = هو فى كبريائه لا يطيق الحق\'a1 يريد أن يعلم ولا يتعلم. ولا يقبل هؤلاء الإخوة الذين أرسلهم يوحنا ليكرزوا ويعلموا. بل هو طرد هؤلاء الإخوة\'a1 بل طرد الذين قبلوهم فى بيوتهم = الذين يريدون. والرسول يقول سأذكره = أى يساعده على معرفة أخطائه ليخلص نفسه.

أية 11 :- أَيُّهَا الْحَبِيبُ\'a1 لاَ تَتَمَثَّلْ بِالشَّرِّ بَلْ بِالْخَيْرِ\'a1 لأَنَّ مَنْ يَصْنَعُ الْخَيْرَ هُوَ مِنَ اللهِ\'a1 وَمَنْ يَصْنَعُ الشَّرَّ فَلَمْ يُبْصِرِ اللهَ.
لا تتمثل بالشر = بديوتريفس وأعماله. بل بالخير = أى بديمتريوس.
فلم يبصر الله = من يفعل الشر\'a1ويمتلىء قلبه بالعجرفة وحب الذات ينحنى بإرادته للظلمة فلا يقدر أن يبصر الله """" فلا شركة للنور مع الظلمة"""" ( 2كو6: 14). ومن أبصر الله فلقد أبصر النور فالله نور\'a1والنور يضىء له الطريق فيعرف الحق. 
أية 12 :- دِيمِتْرِيُوسُ مَشْهُودٌ لَهُ مِنَ الْجَمِيعِ وَمِنَ الْحَقِّ نَفْسِهِ\'a1 وَنَحْنُ أَيْضاً نَشْهَدُ\'a1 وَأَنْتُمْ تَعْلَمُونَ أَنَّ شَهَادَتَنَا هِيَ صَادِقَةٌ
ومن الحق نفسه = ربما تعنى أن الله يشهد له  فالله هو الحق. أو تعنى من أعماله أى أعمال ديمتريوس\'a1 فأعماله بحسب الحق\'a1وهى تشهد له. 
ونحن أيضاً = أى أن الرسول إختبره بنفسه. 
مشهود له من الجميع = هكذا أولاد الله نورهم ظاهر للجميع. وبهذا يشجع الرسول\'a1 غايس أن يقتدى بديمتريوس ولا يتشبه بديوتريفس.

أية 13 :- وَكَانَ لِي كَثِيرٌ لأَكْتُبَهُ\'a1 لَكِنَّنِي لَسْتُ أُرِيدُ أَنْ أَكْتُبَ إِلَيْكَ بِحِبْرٍ وَقَلَمٍ
 الجسر= كان من السناج الممزوج بماء ومقوى بالصمغ. والقلم = كان من الغاب المشطوف.

اية 14 :- وَلَكِنَّنِي أَرْجُو أَنْ أَرَاكَ عَنْ قَرِيبٍ فَنَتَكَلَّمَ فَماً لِفَمٍ.
تأكيد على أهمية التقليد.

أية 15 :- سَلاَمٌ لَكَ. يُسَلِّمُ عَلَيْكَ الأَحِبَّاءُ. سَلِّمْ عَلَى الأَحِبَّاءِ بِأَسْمَائِهِمْ. 
يسلم عليك الأحباء = ولم يقل الإخوة تأكيداً على المحبة. وهكذا أيضاً سلم على الأحباء."
يوحنا ثالثة,1,69,"الإصحاح الأول
أية 1 :- اَلشَّيْخُ\'a1 إِلَى غَايُسَ الْحَبِيبِ الَّذِي أَنَا أُحِبُّهُ بِالْحَقِّ 
الرسول يحب بالحق أى لأجل المسيح\'a1 وبالمسيح الذى فيه.

أية 2 :- أَيُّهَا الْحَبِيبُ\'a1 فِي كُلِّ شَيْءٍ أَرُومُ أَنْ تَكُونَ نَاجِحاً وَصَحِيحاً\'a1 كَمَا أَنَّ نَفْسَكَ نَاجِحَة
الرسول يتمنى أن يكون غايس صحيحاً جسدياً. كما أنه نفسياً أى روحياً صحيح. ويرى البعض أن معنى كلام الرسول هنا أن صحة غايس كانت ليست على مايرام. والكنيسة تصلى من أجل صحة أولادها (فى أوشية المرضى) كما تصلى للراقدين والمسافرين. وأهم ما تطلبه لأجلهم هو غفران خطاياهم. 
كما أن نفسك ناجحة = النجاح ليس هو النجاح المادى وصحة الجسد. بل نجاح نفسى يتمثل فى الإحساس بالشبع والفرح والرضى والسلام الذى يملأ القلب. كما قال داود """"أحبك يارب يا قوتى"""" ( مز 18). ودانيال ويوسف كانوا ناجحين. وللأسف فهناك أباء يهتمون بنجاح أولادهم مادياً ودراسياً ولا يهتمون بحياتهم الروحية وأن يصرف أولادهم وقتاً مع الله.

أية 3 :- لأَنِّي فَرِحْتُ جِدّاً إِذْ حَضَرَ إِخْوَةٌ وَشَهِدُوا بِالْحَقِّ الَّذِي فِيكَ\'a1 كَمَا أَنَّكَ تَسْلُكُ بِالْحَقِّ
إذاً هو يكتب ليشجعه أن يستمر فى مسلكه. فرحة الخادم هى أن يرى أولاده يسلكون بالحق وبالمحبة وأن إيمانهم سليم. 

أية 4 :- لَيْسَ لِي فَرَحٌ أَعْظَمُ مِنْ هَذَا: أَنْ أَسْمَعَ عَنْ أَوْلاَدِي أَنَّهُمْ يَسْلُكُونَ بِالْحَقِّ
أسمع عن أولادى = هى أبوة يستمدها من الله وفى الله وبه\'a1 فإن صارت العلاقة خارج الرب يسوع ينطبق عليها هذا القول """" لا تدعوا لكم أباً على الأرض ( مت23: 8 - 10) وراجع ( غل4: 19 \'ba  1كو4: 15 \'ba  1تس2: 11).

أيات 5\'a1 6 :- أَيُّهَا الْحَبِيبُ\'a1 أَنْتَ تَفْعَلُ بِالأَمَانَةِ كُلَّ مَا تَصْنَعُهُ إِلَى الإِخْوَةِ وَإِلَى الْغُرَبَاءِ\'a1 الَّذِينَ شَهِدُوا بِمَحَبَّتِكَ أَمَامَ الْكَنِيسَةِ. الَّذِينَ تَفْعَلُ حَسَناً إِذَا شَيَّعْتَهُمْ كَمَا يَحِقُّ للهِ\'a1
الغرباء = الذين لم يعرفهم غايس قبلاً. الإخوة = هم الذين سبق وعرفهم غايس من قبل. كما يحق لله = الله هو القياس وليس خدامه.

أية 7 :- لأَنَّهُمْ مِنْ أَجْلِ اسْمِهِ خَرَجُوا وَهُمْ لاَ يَأْخُذُونَ شَيْئاً مِنَ الأُمَمِ
واضح أن هؤلاء الإخوة الغرباء خرجوا ليكرزوا للأمم\'a1ويريدون أن تكون خدمتهم مجانية\'a1أى بلا مقابل يأخذونه من الأمم. وغايس أتاح لهم هذا بأن تكفل بإحتياجاتهم المادية.

كان هناك نوعان من الخدام فى الكنيسة الأولى :- 
1.خدام محليين ثابتين مستقرين وهؤلاء يسكنون فى بيوتهم.
2.خدام طوافين ينتقلون من مكان إلى مكان. وهؤلاء لا يمكن لهم أن يستعملوا الفنادق لسمعتها السيئة\'a1 إذاً كانوا محتاجين لمن يستضيفهم (كملاكى لوط). لذلك وجدت وصية """"لا تنسوا إضافة الغرباء"""" ( عب2:13). فكان هذا إحتياج الكنيسة فى تلك الأيام. وكانت تلك الإستضافة تشمل (الطعام والنوم). فهؤلاء الخدام لا يخدمون لربح مادى. ولقد إشترطت الكنيسة على هؤلاء الذين يقيمون أكثر من مدة معينة أن يعملوا ليأكلوا\'a1 يكون لهم عمل يتكسبون منه. لذلك نرى بولس الرسول قد عمل كخيام (صانع خيام).

أية 8 :- فَنَحْنُ يَنْبَغِي لَنَا أَنْ نَقْبَلَ أَمْثَالَ هَؤُلاَءِ\'a1 لِكَيْ نَكُونَ عَامِلِينَ مَعَهُمْ بِالْحَقِّ
من يكرم خدام الله يكرم الله.

أيات 9\'a1 10 :- كَتَبْتُ إِلَى الْكَنِيسَةِ\'a1 وَلَكِنَّ دِيُوتْرِيفِسَ - الَّذِي يُحِبُّ أَنْ يَكُونَ الأَّوَلَ بَيْنَهُمْ - لاَ يَقْبَلُنَا. مِنْ أَجْلِ ذَلِكَ إِذَا جِئْتُ فَسَأُذَكِّرُهُ بِأَعْمَالِهِ الَّتِي يَعْمَلُهَا\'a1 هَاذِراً عَلَيْنَا بِأَقْوَالٍ خَبِيثَةٍ. وَإِذْ هُوَ غَيْرُ مُكْتَفٍ بِهَذِهِ\'a1 لاَ يَقْبَلُ الإِخْوَةَ\'a1 وَيَمْنَعُ أَيْضاً الَّذِينَ يُرِيدُونَ\'a1 وَيَطْرُدُهُمْ مِنَ الْكَنِيسَةِ
يبدو أن ديوتريفس هذا كان شخصاً ذو سلطان فى الكنيسة وربما كان هو الأسقف\'a1 إذ هو قادر أن يمنع أشخاصاً من دخول الكنيسة. 
كتبت إلى الكنيسة = كتب يوحنا رسالة إلى الكنيسة يطلب فيها قبول الإخوة الكارزين\'a1 فمنع ديوتريفس وصول الرسالة للكنيسة. يحب أن يكون الأول = خطية الكبرياء هذه تجعل الخادم ينحرف عن خدمته\'a1 ويحدث الإنشقاق فى الكنيسة. لايقبلنا = هو فى كبريائه لا يطيق الحق\'a1 يريد أن يعلم ولا يتعلم. ولا يقبل هؤلاء الإخوة الذين أرسلهم يوحنا ليكرزوا ويعلموا. بل هو طرد هؤلاء الإخوة\'a1 بل طرد الذين قبلوهم فى بيوتهم = الذين يريدون. والرسول يقول سأذكره = أى يساعده على معرفة أخطائه ليخلص نفسه.

أية 11 :- أَيُّهَا الْحَبِيبُ\'a1 لاَ تَتَمَثَّلْ بِالشَّرِّ بَلْ بِالْخَيْرِ\'a1 لأَنَّ مَنْ يَصْنَعُ الْخَيْرَ هُوَ مِنَ اللهِ\'a1 وَمَنْ يَصْنَعُ الشَّرَّ فَلَمْ يُبْصِرِ اللهَ.
لا تتمثل بالشر = بديوتريفس وأعماله. بل بالخير = أى بديمتريوس.
فلم يبصر الله = من يفعل الشر\'a1ويمتلىء قلبه بالعجرفة وحب الذات ينحنى بإرادته للظلمة فلا يقدر أن يبصر الله """" فلا شركة للنور مع الظلمة"""" ( 2كو6: 14). ومن أبصر الله فلقد أبصر النور فالله نور\'a1والنور يضىء له الطريق فيعرف الحق. 
أية 12 :- دِيمِتْرِيُوسُ مَشْهُودٌ لَهُ مِنَ الْجَمِيعِ وَمِنَ الْحَقِّ نَفْسِهِ\'a1 وَنَحْنُ أَيْضاً نَشْهَدُ\'a1 وَأَنْتُمْ تَعْلَمُونَ أَنَّ شَهَادَتَنَا هِيَ صَادِقَةٌ
ومن الحق نفسه = ربما تعنى أن الله يشهد له  فالله هو الحق. أو تعنى من أعماله أى أعمال ديمتريوس\'a1 فأعماله بحسب الحق\'a1وهى تشهد له. 
ونحن أيضاً = أى أن الرسول إختبره بنفسه. 
مشهود له من الجميع = هكذا أولاد الله نورهم ظاهر للجميع. وبهذا يشجع الرسول\'a1 غايس أن يقتدى بديمتريوس ولا يتشبه بديوتريفس.

أية 13 :- وَكَانَ لِي كَثِيرٌ لأَكْتُبَهُ\'a1 لَكِنَّنِي لَسْتُ أُرِيدُ أَنْ أَكْتُبَ إِلَيْكَ بِحِبْرٍ وَقَلَمٍ
 الجسر= كان من السناج الممزوج بماء ومقوى بالصمغ. والقلم = كان من الغاب المشطوف.

اية 14 :- وَلَكِنَّنِي أَرْجُو أَنْ أَرَاكَ عَنْ قَرِيبٍ فَنَتَكَلَّمَ فَماً لِفَمٍ.
تأكيد على أهمية التقليد.

أية 15 :- سَلاَمٌ لَكَ. يُسَلِّمُ عَلَيْكَ الأَحِبَّاءُ. سَلِّمْ عَلَى الأَحِبَّاءِ بِأَسْمَائِهِمْ. 
يسلم عليك الأحباء = ولم يقل الإخوة تأكيداً على المحبة. وهكذا أيضاً سلم على الأحباء."
يوحنا ثالثة,1,70,"الإصحاح الأول
أية 1 :- اَلشَّيْخُ\'a1 إِلَى غَايُسَ الْحَبِيبِ الَّذِي أَنَا أُحِبُّهُ بِالْحَقِّ 
الرسول يحب بالحق أى لأجل المسيح\'a1 وبالمسيح الذى فيه.

أية 2 :- أَيُّهَا الْحَبِيبُ\'a1 فِي كُلِّ شَيْءٍ أَرُومُ أَنْ تَكُونَ نَاجِحاً وَصَحِيحاً\'a1 كَمَا أَنَّ نَفْسَكَ نَاجِحَة
الرسول يتمنى أن يكون غايس صحيحاً جسدياً. كما أنه نفسياً أى روحياً صحيح. ويرى البعض أن معنى كلام الرسول هنا أن صحة غايس كانت ليست على مايرام. والكنيسة تصلى من أجل صحة أولادها (فى أوشية المرضى) كما تصلى للراقدين والمسافرين. وأهم ما تطلبه لأجلهم هو غفران خطاياهم. 
كما أن نفسك ناجحة = النجاح ليس هو النجاح المادى وصحة الجسد. بل نجاح نفسى يتمثل فى الإحساس بالشبع والفرح والرضى والسلام الذى يملأ القلب. كما قال داود """"أحبك يارب يا قوتى"""" ( مز 18). ودانيال ويوسف كانوا ناجحين. وللأسف فهناك أباء يهتمون بنجاح أولادهم مادياً ودراسياً ولا يهتمون بحياتهم الروحية وأن يصرف أولادهم وقتاً مع الله.

أية 3 :- لأَنِّي فَرِحْتُ جِدّاً إِذْ حَضَرَ إِخْوَةٌ وَشَهِدُوا بِالْحَقِّ الَّذِي فِيكَ\'a1 كَمَا أَنَّكَ تَسْلُكُ بِالْحَقِّ
إذاً هو يكتب ليشجعه أن يستمر فى مسلكه. فرحة الخادم هى أن يرى أولاده يسلكون بالحق وبالمحبة وأن إيمانهم سليم. 

أية 4 :- لَيْسَ لِي فَرَحٌ أَعْظَمُ مِنْ هَذَا: أَنْ أَسْمَعَ عَنْ أَوْلاَدِي أَنَّهُمْ يَسْلُكُونَ بِالْحَقِّ
أسمع عن أولادى = هى أبوة يستمدها من الله وفى الله وبه\'a1 فإن صارت العلاقة خارج الرب يسوع ينطبق عليها هذا القول """" لا تدعوا لكم أباً على الأرض ( مت23: 8 - 10) وراجع ( غل4: 19 \'ba  1كو4: 15 \'ba  1تس2: 11).

أيات 5\'a1 6 :- أَيُّهَا الْحَبِيبُ\'a1 أَنْتَ تَفْعَلُ بِالأَمَانَةِ كُلَّ مَا تَصْنَعُهُ إِلَى الإِخْوَةِ وَإِلَى الْغُرَبَاءِ\'a1 الَّذِينَ شَهِدُوا بِمَحَبَّتِكَ أَمَامَ الْكَنِيسَةِ. الَّذِينَ تَفْعَلُ حَسَناً إِذَا شَيَّعْتَهُمْ كَمَا يَحِقُّ للهِ\'a1
الغرباء = الذين لم يعرفهم غايس قبلاً. الإخوة = هم الذين سبق وعرفهم غايس من قبل. كما يحق لله = الله هو القياس وليس خدامه.

أية 7 :- لأَنَّهُمْ مِنْ أَجْلِ اسْمِهِ خَرَجُوا وَهُمْ لاَ يَأْخُذُونَ شَيْئاً مِنَ الأُمَمِ
واضح أن هؤلاء الإخوة الغرباء خرجوا ليكرزوا للأمم\'a1ويريدون أن تكون خدمتهم مجانية\'a1أى بلا مقابل يأخذونه من الأمم. وغايس أتاح لهم هذا بأن تكفل بإحتياجاتهم المادية.

كان هناك نوعان من الخدام فى الكنيسة الأولى :- 
1.خدام محليين ثابتين مستقرين وهؤلاء يسكنون فى بيوتهم.
2.خدام طوافين ينتقلون من مكان إلى مكان. وهؤلاء لا يمكن لهم أن يستعملوا الفنادق لسمعتها السيئة\'a1 إذاً كانوا محتاجين لمن يستضيفهم (كملاكى لوط). لذلك وجدت وصية """"لا تنسوا إضافة الغرباء"""" ( عب2:13). فكان هذا إحتياج الكنيسة فى تلك الأيام. وكانت تلك الإستضافة تشمل (الطعام والنوم). فهؤلاء الخدام لا يخدمون لربح مادى. ولقد إشترطت الكنيسة على هؤلاء الذين يقيمون أكثر من مدة معينة أن يعملوا ليأكلوا\'a1 يكون لهم عمل يتكسبون منه. لذلك نرى بولس الرسول قد عمل كخيام (صانع خيام).

أية 8 :- فَنَحْنُ يَنْبَغِي لَنَا أَنْ نَقْبَلَ أَمْثَالَ هَؤُلاَءِ\'a1 لِكَيْ نَكُونَ عَامِلِينَ مَعَهُمْ بِالْحَقِّ
من يكرم خدام الله يكرم الله.

أيات 9\'a1 10 :- كَتَبْتُ إِلَى الْكَنِيسَةِ\'a1 وَلَكِنَّ دِيُوتْرِيفِسَ - الَّذِي يُحِبُّ أَنْ يَكُونَ الأَّوَلَ بَيْنَهُمْ - لاَ يَقْبَلُنَا. مِنْ أَجْلِ ذَلِكَ إِذَا جِئْتُ فَسَأُذَكِّرُهُ بِأَعْمَالِهِ الَّتِي يَعْمَلُهَا\'a1 هَاذِراً عَلَيْنَا بِأَقْوَالٍ خَبِيثَةٍ. وَإِذْ هُوَ غَيْرُ مُكْتَفٍ بِهَذِهِ\'a1 لاَ يَقْبَلُ الإِخْوَةَ\'a1 وَيَمْنَعُ أَيْضاً الَّذِينَ يُرِيدُونَ\'a1 وَيَطْرُدُهُمْ مِنَ الْكَنِيسَةِ
يبدو أن ديوتريفس هذا كان شخصاً ذو سلطان فى الكنيسة وربما كان هو الأسقف\'a1 إذ هو قادر أن يمنع أشخاصاً من دخول الكنيسة. 
كتبت إلى الكنيسة = كتب يوحنا رسالة إلى الكنيسة يطلب فيها قبول الإخوة الكارزين\'a1 فمنع ديوتريفس وصول الرسالة للكنيسة. يحب أن يكون الأول = خطية الكبرياء هذه تجعل الخادم ينحرف عن خدمته\'a1 ويحدث الإنشقاق فى الكنيسة. لايقبلنا = هو فى كبريائه لا يطيق الحق\'a1 يريد أن يعلم ولا يتعلم. ولا يقبل هؤلاء الإخوة الذين أرسلهم يوحنا ليكرزوا ويعلموا. بل هو طرد هؤلاء الإخوة\'a1 بل طرد الذين قبلوهم فى بيوتهم = الذين يريدون. والرسول يقول سأذكره = أى يساعده على معرفة أخطائه ليخلص نفسه.

أية 11 :- أَيُّهَا الْحَبِيبُ\'a1 لاَ تَتَمَثَّلْ بِالشَّرِّ بَلْ بِالْخَيْرِ\'a1 لأَنَّ مَنْ يَصْنَعُ الْخَيْرَ هُوَ مِنَ اللهِ\'a1 وَمَنْ يَصْنَعُ الشَّرَّ فَلَمْ يُبْصِرِ اللهَ.
لا تتمثل بالشر = بديوتريفس وأعماله. بل بالخير = أى بديمتريوس.
فلم يبصر الله = من يفعل الشر\'a1ويمتلىء قلبه بالعجرفة وحب الذات ينحنى بإرادته للظلمة فلا يقدر أن يبصر الله """" فلا شركة للنور مع الظلمة"""" ( 2كو6: 14). ومن أبصر الله فلقد أبصر النور فالله نور\'a1والنور يضىء له الطريق فيعرف الحق. 
أية 12 :- دِيمِتْرِيُوسُ مَشْهُودٌ لَهُ مِنَ الْجَمِيعِ وَمِنَ الْحَقِّ نَفْسِهِ\'a1 وَنَحْنُ أَيْضاً نَشْهَدُ\'a1 وَأَنْتُمْ تَعْلَمُونَ أَنَّ شَهَادَتَنَا هِيَ صَادِقَةٌ
ومن الحق نفسه = ربما تعنى أن الله يشهد له  فالله هو الحق. أو تعنى من أعماله أى أعمال ديمتريوس\'a1 فأعماله بحسب الحق\'a1وهى تشهد له. 
ونحن أيضاً = أى أن الرسول إختبره بنفسه. 
مشهود له من الجميع = هكذا أولاد الله نورهم ظاهر للجميع. وبهذا يشجع الرسول\'a1 غايس أن يقتدى بديمتريوس ولا يتشبه بديوتريفس.

أية 13 :- وَكَانَ لِي كَثِيرٌ لأَكْتُبَهُ\'a1 لَكِنَّنِي لَسْتُ أُرِيدُ أَنْ أَكْتُبَ إِلَيْكَ بِحِبْرٍ وَقَلَمٍ
 الجسر= كان من السناج الممزوج بماء ومقوى بالصمغ. والقلم = كان من الغاب المشطوف.

اية 14 :- وَلَكِنَّنِي أَرْجُو أَنْ أَرَاكَ عَنْ قَرِيبٍ فَنَتَكَلَّمَ فَماً لِفَمٍ.
تأكيد على أهمية التقليد.

أية 15 :- سَلاَمٌ لَكَ. يُسَلِّمُ عَلَيْكَ الأَحِبَّاءُ. سَلِّمْ عَلَى الأَحِبَّاءِ بِأَسْمَائِهِمْ. 
يسلم عليك الأحباء = ولم يقل الإخوة تأكيداً على المحبة. وهكذا أيضاً سلم على الأحباء."
يوحنا ثالثة,1,71,"الإصحاح الأول
أية 1 :- اَلشَّيْخُ\'a1 إِلَى غَايُسَ الْحَبِيبِ الَّذِي أَنَا أُحِبُّهُ بِالْحَقِّ 
الرسول يحب بالحق أى لأجل المسيح\'a1 وبالمسيح الذى فيه.

أية 2 :- أَيُّهَا الْحَبِيبُ\'a1 فِي كُلِّ شَيْءٍ أَرُومُ أَنْ تَكُونَ نَاجِحاً وَصَحِيحاً\'a1 كَمَا أَنَّ نَفْسَكَ نَاجِحَة
الرسول يتمنى أن يكون غايس صحيحاً جسدياً. كما أنه نفسياً أى روحياً صحيح. ويرى البعض أن معنى كلام الرسول هنا أن صحة غايس كانت ليست على مايرام. والكنيسة تصلى من أجل صحة أولادها (فى أوشية المرضى) كما تصلى للراقدين والمسافرين. وأهم ما تطلبه لأجلهم هو غفران خطاياهم. 
كما أن نفسك ناجحة = النجاح ليس هو النجاح المادى وصحة الجسد. بل نجاح نفسى يتمثل فى الإحساس بالشبع والفرح والرضى والسلام الذى يملأ القلب. كما قال داود """"أحبك يارب يا قوتى"""" ( مز 18). ودانيال ويوسف كانوا ناجحين. وللأسف فهناك أباء يهتمون بنجاح أولادهم مادياً ودراسياً ولا يهتمون بحياتهم الروحية وأن يصرف أولادهم وقتاً مع الله.

أية 3 :- لأَنِّي فَرِحْتُ جِدّاً إِذْ حَضَرَ إِخْوَةٌ وَشَهِدُوا بِالْحَقِّ الَّذِي فِيكَ\'a1 كَمَا أَنَّكَ تَسْلُكُ بِالْحَقِّ
إذاً هو يكتب ليشجعه أن يستمر فى مسلكه. فرحة الخادم هى أن يرى أولاده يسلكون بالحق وبالمحبة وأن إيمانهم سليم. 

أية 4 :- لَيْسَ لِي فَرَحٌ أَعْظَمُ مِنْ هَذَا: أَنْ أَسْمَعَ عَنْ أَوْلاَدِي أَنَّهُمْ يَسْلُكُونَ بِالْحَقِّ
أسمع عن أولادى = هى أبوة يستمدها من الله وفى الله وبه\'a1 فإن صارت العلاقة خارج الرب يسوع ينطبق عليها هذا القول """" لا تدعوا لكم أباً على الأرض ( مت23: 8 - 10) وراجع ( غل4: 19 \'ba  1كو4: 15 \'ba  1تس2: 11).

أيات 5\'a1 6 :- أَيُّهَا الْحَبِيبُ\'a1 أَنْتَ تَفْعَلُ بِالأَمَانَةِ كُلَّ مَا تَصْنَعُهُ إِلَى الإِخْوَةِ وَإِلَى الْغُرَبَاءِ\'a1 الَّذِينَ شَهِدُوا بِمَحَبَّتِكَ أَمَامَ الْكَنِيسَةِ. الَّذِينَ تَفْعَلُ حَسَناً إِذَا شَيَّعْتَهُمْ كَمَا يَحِقُّ للهِ\'a1
الغرباء = الذين لم يعرفهم غايس قبلاً. الإخوة = هم الذين سبق وعرفهم غايس من قبل. كما يحق لله = الله هو القياس وليس خدامه.

أية 7 :- لأَنَّهُمْ مِنْ أَجْلِ اسْمِهِ خَرَجُوا وَهُمْ لاَ يَأْخُذُونَ شَيْئاً مِنَ الأُمَمِ
واضح أن هؤلاء الإخوة الغرباء خرجوا ليكرزوا للأمم\'a1ويريدون أن تكون خدمتهم مجانية\'a1أى بلا مقابل يأخذونه من الأمم. وغايس أتاح لهم هذا بأن تكفل بإحتياجاتهم المادية.

كان هناك نوعان من الخدام فى الكنيسة الأولى :- 
1.خدام محليين ثابتين مستقرين وهؤلاء يسكنون فى بيوتهم.
2.خدام طوافين ينتقلون من مكان إلى مكان. وهؤلاء لا يمكن لهم أن يستعملوا الفنادق لسمعتها السيئة\'a1 إذاً كانوا محتاجين لمن يستضيفهم (كملاكى لوط). لذلك وجدت وصية """"لا تنسوا إضافة الغرباء"""" ( عب2:13). فكان هذا إحتياج الكنيسة فى تلك الأيام. وكانت تلك الإستضافة تشمل (الطعام والنوم). فهؤلاء الخدام لا يخدمون لربح مادى. ولقد إشترطت الكنيسة على هؤلاء الذين يقيمون أكثر من مدة معينة أن يعملوا ليأكلوا\'a1 يكون لهم عمل يتكسبون منه. لذلك نرى بولس الرسول قد عمل كخيام (صانع خيام).

أية 8 :- فَنَحْنُ يَنْبَغِي لَنَا أَنْ نَقْبَلَ أَمْثَالَ هَؤُلاَءِ\'a1 لِكَيْ نَكُونَ عَامِلِينَ مَعَهُمْ بِالْحَقِّ
من يكرم خدام الله يكرم الله.

أيات 9\'a1 10 :- كَتَبْتُ إِلَى الْكَنِيسَةِ\'a1 وَلَكِنَّ دِيُوتْرِيفِسَ - الَّذِي يُحِبُّ أَنْ يَكُونَ الأَّوَلَ بَيْنَهُمْ - لاَ يَقْبَلُنَا. مِنْ أَجْلِ ذَلِكَ إِذَا جِئْتُ فَسَأُذَكِّرُهُ بِأَعْمَالِهِ الَّتِي يَعْمَلُهَا\'a1 هَاذِراً عَلَيْنَا بِأَقْوَالٍ خَبِيثَةٍ. وَإِذْ هُوَ غَيْرُ مُكْتَفٍ بِهَذِهِ\'a1 لاَ يَقْبَلُ الإِخْوَةَ\'a1 وَيَمْنَعُ أَيْضاً الَّذِينَ يُرِيدُونَ\'a1 وَيَطْرُدُهُمْ مِنَ الْكَنِيسَةِ
يبدو أن ديوتريفس هذا كان شخصاً ذو سلطان فى الكنيسة وربما كان هو الأسقف\'a1 إذ هو قادر أن يمنع أشخاصاً من دخول الكنيسة. 
كتبت إلى الكنيسة = كتب يوحنا رسالة إلى الكنيسة يطلب فيها قبول الإخوة الكارزين\'a1 فمنع ديوتريفس وصول الرسالة للكنيسة. يحب أن يكون الأول = خطية الكبرياء هذه تجعل الخادم ينحرف عن خدمته\'a1 ويحدث الإنشقاق فى الكنيسة. لايقبلنا = هو فى كبريائه لا يطيق الحق\'a1 يريد أن يعلم ولا يتعلم. ولا يقبل هؤلاء الإخوة الذين أرسلهم يوحنا ليكرزوا ويعلموا. بل هو طرد هؤلاء الإخوة\'a1 بل طرد الذين قبلوهم فى بيوتهم = الذين يريدون. والرسول يقول سأذكره = أى يساعده على معرفة أخطائه ليخلص نفسه.

أية 11 :- أَيُّهَا الْحَبِيبُ\'a1 لاَ تَتَمَثَّلْ بِالشَّرِّ بَلْ بِالْخَيْرِ\'a1 لأَنَّ مَنْ يَصْنَعُ الْخَيْرَ هُوَ مِنَ اللهِ\'a1 وَمَنْ يَصْنَعُ الشَّرَّ فَلَمْ يُبْصِرِ اللهَ.
لا تتمثل بالشر = بديوتريفس وأعماله. بل بالخير = أى بديمتريوس.
فلم يبصر الله = من يفعل الشر\'a1ويمتلىء قلبه بالعجرفة وحب الذات ينحنى بإرادته للظلمة فلا يقدر أن يبصر الله """" فلا شركة للنور مع الظلمة"""" ( 2كو6: 14). ومن أبصر الله فلقد أبصر النور فالله نور\'a1والنور يضىء له الطريق فيعرف الحق. 
أية 12 :- دِيمِتْرِيُوسُ مَشْهُودٌ لَهُ مِنَ الْجَمِيعِ وَمِنَ الْحَقِّ نَفْسِهِ\'a1 وَنَحْنُ أَيْضاً نَشْهَدُ\'a1 وَأَنْتُمْ تَعْلَمُونَ أَنَّ شَهَادَتَنَا هِيَ صَادِقَةٌ
ومن الحق نفسه = ربما تعنى أن الله يشهد له  فالله هو الحق. أو تعنى من أعماله أى أعمال ديمتريوس\'a1 فأعماله بحسب الحق\'a1وهى تشهد له. 
ونحن أيضاً = أى أن الرسول إختبره بنفسه. 
مشهود له من الجميع = هكذا أولاد الله نورهم ظاهر للجميع. وبهذا يشجع الرسول\'a1 غايس أن يقتدى بديمتريوس ولا يتشبه بديوتريفس.

أية 13 :- وَكَانَ لِي كَثِيرٌ لأَكْتُبَهُ\'a1 لَكِنَّنِي لَسْتُ أُرِيدُ أَنْ أَكْتُبَ إِلَيْكَ بِحِبْرٍ وَقَلَمٍ
 الجسر= كان من السناج الممزوج بماء ومقوى بالصمغ. والقلم = كان من الغاب المشطوف.

اية 14 :- وَلَكِنَّنِي أَرْجُو أَنْ أَرَاكَ عَنْ قَرِيبٍ فَنَتَكَلَّمَ فَماً لِفَمٍ.
تأكيد على أهمية التقليد.

أية 15 :- سَلاَمٌ لَكَ. يُسَلِّمُ عَلَيْكَ الأَحِبَّاءُ. سَلِّمْ عَلَى الأَحِبَّاءِ بِأَسْمَائِهِمْ. 
يسلم عليك الأحباء = ولم يقل الإخوة تأكيداً على المحبة. وهكذا أيضاً سلم على الأحباء."
يوحنا ثالثة,1,72,"الإصحاح الأول
أية 1 :- اَلشَّيْخُ\'a1 إِلَى غَايُسَ الْحَبِيبِ الَّذِي أَنَا أُحِبُّهُ بِالْحَقِّ 
الرسول يحب بالحق أى لأجل المسيح\'a1 وبالمسيح الذى فيه.

أية 2 :- أَيُّهَا الْحَبِيبُ\'a1 فِي كُلِّ شَيْءٍ أَرُومُ أَنْ تَكُونَ نَاجِحاً وَصَحِيحاً\'a1 كَمَا أَنَّ نَفْسَكَ نَاجِحَة
الرسول يتمنى أن يكون غايس صحيحاً جسدياً. كما أنه نفسياً أى روحياً صحيح. ويرى البعض أن معنى كلام الرسول هنا أن صحة غايس كانت ليست على مايرام. والكنيسة تصلى من أجل صحة أولادها (فى أوشية المرضى) كما تصلى للراقدين والمسافرين. وأهم ما تطلبه لأجلهم هو غفران خطاياهم. 
كما أن نفسك ناجحة = النجاح ليس هو النجاح المادى وصحة الجسد. بل نجاح نفسى يتمثل فى الإحساس بالشبع والفرح والرضى والسلام الذى يملأ القلب. كما قال داود """"أحبك يارب يا قوتى"""" ( مز 18). ودانيال ويوسف كانوا ناجحين. وللأسف فهناك أباء يهتمون بنجاح أولادهم مادياً ودراسياً ولا يهتمون بحياتهم الروحية وأن يصرف أولادهم وقتاً مع الله.

أية 3 :- لأَنِّي فَرِحْتُ جِدّاً إِذْ حَضَرَ إِخْوَةٌ وَشَهِدُوا بِالْحَقِّ الَّذِي فِيكَ\'a1 كَمَا أَنَّكَ تَسْلُكُ بِالْحَقِّ
إذاً هو يكتب ليشجعه أن يستمر فى مسلكه. فرحة الخادم هى أن يرى أولاده يسلكون بالحق وبالمحبة وأن إيمانهم سليم. 

أية 4 :- لَيْسَ لِي فَرَحٌ أَعْظَمُ مِنْ هَذَا: أَنْ أَسْمَعَ عَنْ أَوْلاَدِي أَنَّهُمْ يَسْلُكُونَ بِالْحَقِّ
أسمع عن أولادى = هى أبوة يستمدها من الله وفى الله وبه\'a1 فإن صارت العلاقة خارج الرب يسوع ينطبق عليها هذا القول """" لا تدعوا لكم أباً على الأرض ( مت23: 8 - 10) وراجع ( غل4: 19 \'ba  1كو4: 15 \'ba  1تس2: 11).

أيات 5\'a1 6 :- أَيُّهَا الْحَبِيبُ\'a1 أَنْتَ تَفْعَلُ بِالأَمَانَةِ كُلَّ مَا تَصْنَعُهُ إِلَى الإِخْوَةِ وَإِلَى الْغُرَبَاءِ\'a1 الَّذِينَ شَهِدُوا بِمَحَبَّتِكَ أَمَامَ الْكَنِيسَةِ. الَّذِينَ تَفْعَلُ حَسَناً إِذَا شَيَّعْتَهُمْ كَمَا يَحِقُّ للهِ\'a1
الغرباء = الذين لم يعرفهم غايس قبلاً. الإخوة = هم الذين سبق وعرفهم غايس من قبل. كما يحق لله = الله هو القياس وليس خدامه.

أية 7 :- لأَنَّهُمْ مِنْ أَجْلِ اسْمِهِ خَرَجُوا وَهُمْ لاَ يَأْخُذُونَ شَيْئاً مِنَ الأُمَمِ
واضح أن هؤلاء الإخوة الغرباء خرجوا ليكرزوا للأمم\'a1ويريدون أن تكون خدمتهم مجانية\'a1أى بلا مقابل يأخذونه من الأمم. وغايس أتاح لهم هذا بأن تكفل بإحتياجاتهم المادية.

كان هناك نوعان من الخدام فى الكنيسة الأولى :- 
1.خدام محليين ثابتين مستقرين وهؤلاء يسكنون فى بيوتهم.
2.خدام طوافين ينتقلون من مكان إلى مكان. وهؤلاء لا يمكن لهم أن يستعملوا الفنادق لسمعتها السيئة\'a1 إذاً كانوا محتاجين لمن يستضيفهم (كملاكى لوط). لذلك وجدت وصية """"لا تنسوا إضافة الغرباء"""" ( عب2:13). فكان هذا إحتياج الكنيسة فى تلك الأيام. وكانت تلك الإستضافة تشمل (الطعام والنوم). فهؤلاء الخدام لا يخدمون لربح مادى. ولقد إشترطت الكنيسة على هؤلاء الذين يقيمون أكثر من مدة معينة أن يعملوا ليأكلوا\'a1 يكون لهم عمل يتكسبون منه. لذلك نرى بولس الرسول قد عمل كخيام (صانع خيام).

أية 8 :- فَنَحْنُ يَنْبَغِي لَنَا أَنْ نَقْبَلَ أَمْثَالَ هَؤُلاَءِ\'a1 لِكَيْ نَكُونَ عَامِلِينَ مَعَهُمْ بِالْحَقِّ
من يكرم خدام الله يكرم الله.

أيات 9\'a1 10 :- كَتَبْتُ إِلَى الْكَنِيسَةِ\'a1 وَلَكِنَّ دِيُوتْرِيفِسَ - الَّذِي يُحِبُّ أَنْ يَكُونَ الأَّوَلَ بَيْنَهُمْ - لاَ يَقْبَلُنَا. مِنْ أَجْلِ ذَلِكَ إِذَا جِئْتُ فَسَأُذَكِّرُهُ بِأَعْمَالِهِ الَّتِي يَعْمَلُهَا\'a1 هَاذِراً عَلَيْنَا بِأَقْوَالٍ خَبِيثَةٍ. وَإِذْ هُوَ غَيْرُ مُكْتَفٍ بِهَذِهِ\'a1 لاَ يَقْبَلُ الإِخْوَةَ\'a1 وَيَمْنَعُ أَيْضاً الَّذِينَ يُرِيدُونَ\'a1 وَيَطْرُدُهُمْ مِنَ الْكَنِيسَةِ
يبدو أن ديوتريفس هذا كان شخصاً ذو سلطان فى الكنيسة وربما كان هو الأسقف\'a1 إذ هو قادر أن يمنع أشخاصاً من دخول الكنيسة. 
كتبت إلى الكنيسة = كتب يوحنا رسالة إلى الكنيسة يطلب فيها قبول الإخوة الكارزين\'a1 فمنع ديوتريفس وصول الرسالة للكنيسة. يحب أن يكون الأول = خطية الكبرياء هذه تجعل الخادم ينحرف عن خدمته\'a1 ويحدث الإنشقاق فى الكنيسة. لايقبلنا = هو فى كبريائه لا يطيق الحق\'a1 يريد أن يعلم ولا يتعلم. ولا يقبل هؤلاء الإخوة الذين أرسلهم يوحنا ليكرزوا ويعلموا. بل هو طرد هؤلاء الإخوة\'a1 بل طرد الذين قبلوهم فى بيوتهم = الذين يريدون. والرسول يقول سأذكره = أى يساعده على معرفة أخطائه ليخلص نفسه.

أية 11 :- أَيُّهَا الْحَبِيبُ\'a1 لاَ تَتَمَثَّلْ بِالشَّرِّ بَلْ بِالْخَيْرِ\'a1 لأَنَّ مَنْ يَصْنَعُ الْخَيْرَ هُوَ مِنَ اللهِ\'a1 وَمَنْ يَصْنَعُ الشَّرَّ فَلَمْ يُبْصِرِ اللهَ.
لا تتمثل بالشر = بديوتريفس وأعماله. بل بالخير = أى بديمتريوس.
فلم يبصر الله = من يفعل الشر\'a1ويمتلىء قلبه بالعجرفة وحب الذات ينحنى بإرادته للظلمة فلا يقدر أن يبصر الله """" فلا شركة للنور مع الظلمة"""" ( 2كو6: 14). ومن أبصر الله فلقد أبصر النور فالله نور\'a1والنور يضىء له الطريق فيعرف الحق. 
أية 12 :- دِيمِتْرِيُوسُ مَشْهُودٌ لَهُ مِنَ الْجَمِيعِ وَمِنَ الْحَقِّ نَفْسِهِ\'a1 وَنَحْنُ أَيْضاً نَشْهَدُ\'a1 وَأَنْتُمْ تَعْلَمُونَ أَنَّ شَهَادَتَنَا هِيَ صَادِقَةٌ
ومن الحق نفسه = ربما تعنى أن الله يشهد له  فالله هو الحق. أو تعنى من أعماله أى أعمال ديمتريوس\'a1 فأعماله بحسب الحق\'a1وهى تشهد له. 
ونحن أيضاً = أى أن الرسول إختبره بنفسه. 
مشهود له من الجميع = هكذا أولاد الله نورهم ظاهر للجميع. وبهذا يشجع الرسول\'a1 غايس أن يقتدى بديمتريوس ولا يتشبه بديوتريفس.

أية 13 :- وَكَانَ لِي كَثِيرٌ لأَكْتُبَهُ\'a1 لَكِنَّنِي لَسْتُ أُرِيدُ أَنْ أَكْتُبَ إِلَيْكَ بِحِبْرٍ وَقَلَمٍ
 الجسر= كان من السناج الممزوج بماء ومقوى بالصمغ. والقلم = كان من الغاب المشطوف.

اية 14 :- وَلَكِنَّنِي أَرْجُو أَنْ أَرَاكَ عَنْ قَرِيبٍ فَنَتَكَلَّمَ فَماً لِفَمٍ.
تأكيد على أهمية التقليد.

أية 15 :- سَلاَمٌ لَكَ. يُسَلِّمُ عَلَيْكَ الأَحِبَّاءُ. سَلِّمْ عَلَى الأَحِبَّاءِ بِأَسْمَائِهِمْ. 
يسلم عليك الأحباء = ولم يقل الإخوة تأكيداً على المحبة. وهكذا أيضاً سلم على الأحباء."
يوحنا ثالثة,1,73,"الإصحاح الأول
أية 1 :- اَلشَّيْخُ\'a1 إِلَى غَايُسَ الْحَبِيبِ الَّذِي أَنَا أُحِبُّهُ بِالْحَقِّ 
الرسول يحب بالحق أى لأجل المسيح\'a1 وبالمسيح الذى فيه.

أية 2 :- أَيُّهَا الْحَبِيبُ\'a1 فِي كُلِّ شَيْءٍ أَرُومُ أَنْ تَكُونَ نَاجِحاً وَصَحِيحاً\'a1 كَمَا أَنَّ نَفْسَكَ نَاجِحَة
الرسول يتمنى أن يكون غايس صحيحاً جسدياً. كما أنه نفسياً أى روحياً صحيح. ويرى البعض أن معنى كلام الرسول هنا أن صحة غايس كانت ليست على مايرام. والكنيسة تصلى من أجل صحة أولادها (فى أوشية المرضى) كما تصلى للراقدين والمسافرين. وأهم ما تطلبه لأجلهم هو غفران خطاياهم. 
كما أن نفسك ناجحة = النجاح ليس هو النجاح المادى وصحة الجسد. بل نجاح نفسى يتمثل فى الإحساس بالشبع والفرح والرضى والسلام الذى يملأ القلب. كما قال داود """"أحبك يارب يا قوتى"""" ( مز 18). ودانيال ويوسف كانوا ناجحين. وللأسف فهناك أباء يهتمون بنجاح أولادهم مادياً ودراسياً ولا يهتمون بحياتهم الروحية وأن يصرف أولادهم وقتاً مع الله.

أية 3 :- لأَنِّي فَرِحْتُ جِدّاً إِذْ حَضَرَ إِخْوَةٌ وَشَهِدُوا بِالْحَقِّ الَّذِي فِيكَ\'a1 كَمَا أَنَّكَ تَسْلُكُ بِالْحَقِّ
إذاً هو يكتب ليشجعه أن يستمر فى مسلكه. فرحة الخادم هى أن يرى أولاده يسلكون بالحق وبالمحبة وأن إيمانهم سليم. 

أية 4 :- لَيْسَ لِي فَرَحٌ أَعْظَمُ مِنْ هَذَا: أَنْ أَسْمَعَ عَنْ أَوْلاَدِي أَنَّهُمْ يَسْلُكُونَ بِالْحَقِّ
أسمع عن أولادى = هى أبوة يستمدها من الله وفى الله وبه\'a1 فإن صارت العلاقة خارج الرب يسوع ينطبق عليها هذا القول """" لا تدعوا لكم أباً على الأرض ( مت23: 8 - 10) وراجع ( غل4: 19 \'ba  1كو4: 15 \'ba  1تس2: 11).

أيات 5\'a1 6 :- أَيُّهَا الْحَبِيبُ\'a1 أَنْتَ تَفْعَلُ بِالأَمَانَةِ كُلَّ مَا تَصْنَعُهُ إِلَى الإِخْوَةِ وَإِلَى الْغُرَبَاءِ\'a1 الَّذِينَ شَهِدُوا بِمَحَبَّتِكَ أَمَامَ الْكَنِيسَةِ. الَّذِينَ تَفْعَلُ حَسَناً إِذَا شَيَّعْتَهُمْ كَمَا يَحِقُّ للهِ\'a1
الغرباء = الذين لم يعرفهم غايس قبلاً. الإخوة = هم الذين سبق وعرفهم غايس من قبل. كما يحق لله = الله هو القياس وليس خدامه.

أية 7 :- لأَنَّهُمْ مِنْ أَجْلِ اسْمِهِ خَرَجُوا وَهُمْ لاَ يَأْخُذُونَ شَيْئاً مِنَ الأُمَمِ
واضح أن هؤلاء الإخوة الغرباء خرجوا ليكرزوا للأمم\'a1ويريدون أن تكون خدمتهم مجانية\'a1أى بلا مقابل يأخذونه من الأمم. وغايس أتاح لهم هذا بأن تكفل بإحتياجاتهم المادية.

كان هناك نوعان من الخدام فى الكنيسة الأولى :- 
1.خدام محليين ثابتين مستقرين وهؤلاء يسكنون فى بيوتهم.
2.خدام طوافين ينتقلون من مكان إلى مكان. وهؤلاء لا يمكن لهم أن يستعملوا الفنادق لسمعتها السيئة\'a1 إذاً كانوا محتاجين لمن يستضيفهم (كملاكى لوط). لذلك وجدت وصية """"لا تنسوا إضافة الغرباء"""" ( عب2:13). فكان هذا إحتياج الكنيسة فى تلك الأيام. وكانت تلك الإستضافة تشمل (الطعام والنوم). فهؤلاء الخدام لا يخدمون لربح مادى. ولقد إشترطت الكنيسة على هؤلاء الذين يقيمون أكثر من مدة معينة أن يعملوا ليأكلوا\'a1 يكون لهم عمل يتكسبون منه. لذلك نرى بولس الرسول قد عمل كخيام (صانع خيام).

أية 8 :- فَنَحْنُ يَنْبَغِي لَنَا أَنْ نَقْبَلَ أَمْثَالَ هَؤُلاَءِ\'a1 لِكَيْ نَكُونَ عَامِلِينَ مَعَهُمْ بِالْحَقِّ
من يكرم خدام الله يكرم الله.

أيات 9\'a1 10 :- كَتَبْتُ إِلَى الْكَنِيسَةِ\'a1 وَلَكِنَّ دِيُوتْرِيفِسَ - الَّذِي يُحِبُّ أَنْ يَكُونَ الأَّوَلَ بَيْنَهُمْ - لاَ يَقْبَلُنَا. مِنْ أَجْلِ ذَلِكَ إِذَا جِئْتُ فَسَأُذَكِّرُهُ بِأَعْمَالِهِ الَّتِي يَعْمَلُهَا\'a1 هَاذِراً عَلَيْنَا بِأَقْوَالٍ خَبِيثَةٍ. وَإِذْ هُوَ غَيْرُ مُكْتَفٍ بِهَذِهِ\'a1 لاَ يَقْبَلُ الإِخْوَةَ\'a1 وَيَمْنَعُ أَيْضاً الَّذِينَ يُرِيدُونَ\'a1 وَيَطْرُدُهُمْ مِنَ الْكَنِيسَةِ
يبدو أن ديوتريفس هذا كان شخصاً ذو سلطان فى الكنيسة وربما كان هو الأسقف\'a1 إذ هو قادر أن يمنع أشخاصاً من دخول الكنيسة. 
كتبت إلى الكنيسة = كتب يوحنا رسالة إلى الكنيسة يطلب فيها قبول الإخوة الكارزين\'a1 فمنع ديوتريفس وصول الرسالة للكنيسة. يحب أن يكون الأول = خطية الكبرياء هذه تجعل الخادم ينحرف عن خدمته\'a1 ويحدث الإنشقاق فى الكنيسة. لايقبلنا = هو فى كبريائه لا يطيق الحق\'a1 يريد أن يعلم ولا يتعلم. ولا يقبل هؤلاء الإخوة الذين أرسلهم يوحنا ليكرزوا ويعلموا. بل هو طرد هؤلاء الإخوة\'a1 بل طرد الذين قبلوهم فى بيوتهم = الذين يريدون. والرسول يقول سأذكره = أى يساعده على معرفة أخطائه ليخلص نفسه.

أية 11 :- أَيُّهَا الْحَبِيبُ\'a1 لاَ تَتَمَثَّلْ بِالشَّرِّ بَلْ بِالْخَيْرِ\'a1 لأَنَّ مَنْ يَصْنَعُ الْخَيْرَ هُوَ مِنَ اللهِ\'a1 وَمَنْ يَصْنَعُ الشَّرَّ فَلَمْ يُبْصِرِ اللهَ.
لا تتمثل بالشر = بديوتريفس وأعماله. بل بالخير = أى بديمتريوس.
فلم يبصر الله = من يفعل الشر\'a1ويمتلىء قلبه بالعجرفة وحب الذات ينحنى بإرادته للظلمة فلا يقدر أن يبصر الله """" فلا شركة للنور مع الظلمة"""" ( 2كو6: 14). ومن أبصر الله فلقد أبصر النور فالله نور\'a1والنور يضىء له الطريق فيعرف الحق. 
أية 12 :- دِيمِتْرِيُوسُ مَشْهُودٌ لَهُ مِنَ الْجَمِيعِ وَمِنَ الْحَقِّ نَفْسِهِ\'a1 وَنَحْنُ أَيْضاً نَشْهَدُ\'a1 وَأَنْتُمْ تَعْلَمُونَ أَنَّ شَهَادَتَنَا هِيَ صَادِقَةٌ
ومن الحق نفسه = ربما تعنى أن الله يشهد له  فالله هو الحق. أو تعنى من أعماله أى أعمال ديمتريوس\'a1 فأعماله بحسب الحق\'a1وهى تشهد له. 
ونحن أيضاً = أى أن الرسول إختبره بنفسه. 
مشهود له من الجميع = هكذا أولاد الله نورهم ظاهر للجميع. وبهذا يشجع الرسول\'a1 غايس أن يقتدى بديمتريوس ولا يتشبه بديوتريفس.

أية 13 :- وَكَانَ لِي كَثِيرٌ لأَكْتُبَهُ\'a1 لَكِنَّنِي لَسْتُ أُرِيدُ أَنْ أَكْتُبَ إِلَيْكَ بِحِبْرٍ وَقَلَمٍ
 الجسر= كان من السناج الممزوج بماء ومقوى بالصمغ. والقلم = كان من الغاب المشطوف.

اية 14 :- وَلَكِنَّنِي أَرْجُو أَنْ أَرَاكَ عَنْ قَرِيبٍ فَنَتَكَلَّمَ فَماً لِفَمٍ.
تأكيد على أهمية التقليد.

أية 15 :- سَلاَمٌ لَكَ. يُسَلِّمُ عَلَيْكَ الأَحِبَّاءُ. سَلِّمْ عَلَى الأَحِبَّاءِ بِأَسْمَائِهِمْ. 
يسلم عليك الأحباء = ولم يقل الإخوة تأكيداً على المحبة. وهكذا أيضاً سلم على الأحباء."
يوحنا ثالثة,1,74,"الإصحاح الأول
أية 1 :- اَلشَّيْخُ\'a1 إِلَى غَايُسَ الْحَبِيبِ الَّذِي أَنَا أُحِبُّهُ بِالْحَقِّ 
الرسول يحب بالحق أى لأجل المسيح\'a1 وبالمسيح الذى فيه.

أية 2 :- أَيُّهَا الْحَبِيبُ\'a1 فِي كُلِّ شَيْءٍ أَرُومُ أَنْ تَكُونَ نَاجِحاً وَصَحِيحاً\'a1 كَمَا أَنَّ نَفْسَكَ نَاجِحَة
الرسول يتمنى أن يكون غايس صحيحاً جسدياً. كما أنه نفسياً أى روحياً صحيح. ويرى البعض أن معنى كلام الرسول هنا أن صحة غايس كانت ليست على مايرام. والكنيسة تصلى من أجل صحة أولادها (فى أوشية المرضى) كما تصلى للراقدين والمسافرين. وأهم ما تطلبه لأجلهم هو غفران خطاياهم. 
كما أن نفسك ناجحة = النجاح ليس هو النجاح المادى وصحة الجسد. بل نجاح نفسى يتمثل فى الإحساس بالشبع والفرح والرضى والسلام الذى يملأ القلب. كما قال داود """"أحبك يارب يا قوتى"""" ( مز 18). ودانيال ويوسف كانوا ناجحين. وللأسف فهناك أباء يهتمون بنجاح أولادهم مادياً ودراسياً ولا يهتمون بحياتهم الروحية وأن يصرف أولادهم وقتاً مع الله.

أية 3 :- لأَنِّي فَرِحْتُ جِدّاً إِذْ حَضَرَ إِخْوَةٌ وَشَهِدُوا بِالْحَقِّ الَّذِي فِيكَ\'a1 كَمَا أَنَّكَ تَسْلُكُ بِالْحَقِّ
إذاً هو يكتب ليشجعه أن يستمر فى مسلكه. فرحة الخادم هى أن يرى أولاده يسلكون بالحق وبالمحبة وأن إيمانهم سليم. 

أية 4 :- لَيْسَ لِي فَرَحٌ أَعْظَمُ مِنْ هَذَا: أَنْ أَسْمَعَ عَنْ أَوْلاَدِي أَنَّهُمْ يَسْلُكُونَ بِالْحَقِّ
أسمع عن أولادى = هى أبوة يستمدها من الله وفى الله وبه\'a1 فإن صارت العلاقة خارج الرب يسوع ينطبق عليها هذا القول """" لا تدعوا لكم أباً على الأرض ( مت23: 8 - 10) وراجع ( غل4: 19 \'ba  1كو4: 15 \'ba  1تس2: 11).

أيات 5\'a1 6 :- أَيُّهَا الْحَبِيبُ\'a1 أَنْتَ تَفْعَلُ بِالأَمَانَةِ كُلَّ مَا تَصْنَعُهُ إِلَى الإِخْوَةِ وَإِلَى الْغُرَبَاءِ\'a1 الَّذِينَ شَهِدُوا بِمَحَبَّتِكَ أَمَامَ الْكَنِيسَةِ. الَّذِينَ تَفْعَلُ حَسَناً إِذَا شَيَّعْتَهُمْ كَمَا يَحِقُّ للهِ\'a1
الغرباء = الذين لم يعرفهم غايس قبلاً. الإخوة = هم الذين سبق وعرفهم غايس من قبل. كما يحق لله = الله هو القياس وليس خدامه.

أية 7 :- لأَنَّهُمْ مِنْ أَجْلِ اسْمِهِ خَرَجُوا وَهُمْ لاَ يَأْخُذُونَ شَيْئاً مِنَ الأُمَمِ
واضح أن هؤلاء الإخوة الغرباء خرجوا ليكرزوا للأمم\'a1ويريدون أن تكون خدمتهم مجانية\'a1أى بلا مقابل يأخذونه من الأمم. وغايس أتاح لهم هذا بأن تكفل بإحتياجاتهم المادية.

كان هناك نوعان من الخدام فى الكنيسة الأولى :- 
1.خدام محليين ثابتين مستقرين وهؤلاء يسكنون فى بيوتهم.
2.خدام طوافين ينتقلون من مكان إلى مكان. وهؤلاء لا يمكن لهم أن يستعملوا الفنادق لسمعتها السيئة\'a1 إذاً كانوا محتاجين لمن يستضيفهم (كملاكى لوط). لذلك وجدت وصية """"لا تنسوا إضافة الغرباء"""" ( عب2:13). فكان هذا إحتياج الكنيسة فى تلك الأيام. وكانت تلك الإستضافة تشمل (الطعام والنوم). فهؤلاء الخدام لا يخدمون لربح مادى. ولقد إشترطت الكنيسة على هؤلاء الذين يقيمون أكثر من مدة معينة أن يعملوا ليأكلوا\'a1 يكون لهم عمل يتكسبون منه. لذلك نرى بولس الرسول قد عمل كخيام (صانع خيام).

أية 8 :- فَنَحْنُ يَنْبَغِي لَنَا أَنْ نَقْبَلَ أَمْثَالَ هَؤُلاَءِ\'a1 لِكَيْ نَكُونَ عَامِلِينَ مَعَهُمْ بِالْحَقِّ
من يكرم خدام الله يكرم الله.

أيات 9\'a1 10 :- كَتَبْتُ إِلَى الْكَنِيسَةِ\'a1 وَلَكِنَّ دِيُوتْرِيفِسَ - الَّذِي يُحِبُّ أَنْ يَكُونَ الأَّوَلَ بَيْنَهُمْ - لاَ يَقْبَلُنَا. مِنْ أَجْلِ ذَلِكَ إِذَا جِئْتُ فَسَأُذَكِّرُهُ بِأَعْمَالِهِ الَّتِي يَعْمَلُهَا\'a1 هَاذِراً عَلَيْنَا بِأَقْوَالٍ خَبِيثَةٍ. وَإِذْ هُوَ غَيْرُ مُكْتَفٍ بِهَذِهِ\'a1 لاَ يَقْبَلُ الإِخْوَةَ\'a1 وَيَمْنَعُ أَيْضاً الَّذِينَ يُرِيدُونَ\'a1 وَيَطْرُدُهُمْ مِنَ الْكَنِيسَةِ
يبدو أن ديوتريفس هذا كان شخصاً ذو سلطان فى الكنيسة وربما كان هو الأسقف\'a1 إذ هو قادر أن يمنع أشخاصاً من دخول الكنيسة. 
كتبت إلى الكنيسة = كتب يوحنا رسالة إلى الكنيسة يطلب فيها قبول الإخوة الكارزين\'a1 فمنع ديوتريفس وصول الرسالة للكنيسة. يحب أن يكون الأول = خطية الكبرياء هذه تجعل الخادم ينحرف عن خدمته\'a1 ويحدث الإنشقاق فى الكنيسة. لايقبلنا = هو فى كبريائه لا يطيق الحق\'a1 يريد أن يعلم ولا يتعلم. ولا يقبل هؤلاء الإخوة الذين أرسلهم يوحنا ليكرزوا ويعلموا. بل هو طرد هؤلاء الإخوة\'a1 بل طرد الذين قبلوهم فى بيوتهم = الذين يريدون. والرسول يقول سأذكره = أى يساعده على معرفة أخطائه ليخلص نفسه.

أية 11 :- أَيُّهَا الْحَبِيبُ\'a1 لاَ تَتَمَثَّلْ بِالشَّرِّ بَلْ بِالْخَيْرِ\'a1 لأَنَّ مَنْ يَصْنَعُ الْخَيْرَ هُوَ مِنَ اللهِ\'a1 وَمَنْ يَصْنَعُ الشَّرَّ فَلَمْ يُبْصِرِ اللهَ.
لا تتمثل بالشر = بديوتريفس وأعماله. بل بالخير = أى بديمتريوس.
فلم يبصر الله = من يفعل الشر\'a1ويمتلىء قلبه بالعجرفة وحب الذات ينحنى بإرادته للظلمة فلا يقدر أن يبصر الله """" فلا شركة للنور مع الظلمة"""" ( 2كو6: 14). ومن أبصر الله فلقد أبصر النور فالله نور\'a1والنور يضىء له الطريق فيعرف الحق. 
أية 12 :- دِيمِتْرِيُوسُ مَشْهُودٌ لَهُ مِنَ الْجَمِيعِ وَمِنَ الْحَقِّ نَفْسِهِ\'a1 وَنَحْنُ أَيْضاً نَشْهَدُ\'a1 وَأَنْتُمْ تَعْلَمُونَ أَنَّ شَهَادَتَنَا هِيَ صَادِقَةٌ
ومن الحق نفسه = ربما تعنى أن الله يشهد له  فالله هو الحق. أو تعنى من أعماله أى أعمال ديمتريوس\'a1 فأعماله بحسب الحق\'a1وهى تشهد له. 
ونحن أيضاً = أى أن الرسول إختبره بنفسه. 
مشهود له من الجميع = هكذا أولاد الله نورهم ظاهر للجميع. وبهذا يشجع الرسول\'a1 غايس أن يقتدى بديمتريوس ولا يتشبه بديوتريفس.

أية 13 :- وَكَانَ لِي كَثِيرٌ لأَكْتُبَهُ\'a1 لَكِنَّنِي لَسْتُ أُرِيدُ أَنْ أَكْتُبَ إِلَيْكَ بِحِبْرٍ وَقَلَمٍ
 الجسر= كان من السناج الممزوج بماء ومقوى بالصمغ. والقلم = كان من الغاب المشطوف.

اية 14 :- وَلَكِنَّنِي أَرْجُو أَنْ أَرَاكَ عَنْ قَرِيبٍ فَنَتَكَلَّمَ فَماً لِفَمٍ.
تأكيد على أهمية التقليد.

أية 15 :- سَلاَمٌ لَكَ. يُسَلِّمُ عَلَيْكَ الأَحِبَّاءُ. سَلِّمْ عَلَى الأَحِبَّاءِ بِأَسْمَائِهِمْ. 
يسلم عليك الأحباء = ولم يقل الإخوة تأكيداً على المحبة. وهكذا أيضاً سلم على الأحباء."
يوحنا ثالثة,1,75,"الإصحاح الأول
أية 1 :- اَلشَّيْخُ\'a1 إِلَى غَايُسَ الْحَبِيبِ الَّذِي أَنَا أُحِبُّهُ بِالْحَقِّ 
الرسول يحب بالحق أى لأجل المسيح\'a1 وبالمسيح الذى فيه.

أية 2 :- أَيُّهَا الْحَبِيبُ\'a1 فِي كُلِّ شَيْءٍ أَرُومُ أَنْ تَكُونَ نَاجِحاً وَصَحِيحاً\'a1 كَمَا أَنَّ نَفْسَكَ نَاجِحَة
الرسول يتمنى أن يكون غايس صحيحاً جسدياً. كما أنه نفسياً أى روحياً صحيح. ويرى البعض أن معنى كلام الرسول هنا أن صحة غايس كانت ليست على مايرام. والكنيسة تصلى من أجل صحة أولادها (فى أوشية المرضى) كما تصلى للراقدين والمسافرين. وأهم ما تطلبه لأجلهم هو غفران خطاياهم. 
كما أن نفسك ناجحة = النجاح ليس هو النجاح المادى وصحة الجسد. بل نجاح نفسى يتمثل فى الإحساس بالشبع والفرح والرضى والسلام الذى يملأ القلب. كما قال داود """"أحبك يارب يا قوتى"""" ( مز 18). ودانيال ويوسف كانوا ناجحين. وللأسف فهناك أباء يهتمون بنجاح أولادهم مادياً ودراسياً ولا يهتمون بحياتهم الروحية وأن يصرف أولادهم وقتاً مع الله.

أية 3 :- لأَنِّي فَرِحْتُ جِدّاً إِذْ حَضَرَ إِخْوَةٌ وَشَهِدُوا بِالْحَقِّ الَّذِي فِيكَ\'a1 كَمَا أَنَّكَ تَسْلُكُ بِالْحَقِّ
إذاً هو يكتب ليشجعه أن يستمر فى مسلكه. فرحة الخادم هى أن يرى أولاده يسلكون بالحق وبالمحبة وأن إيمانهم سليم. 

أية 4 :- لَيْسَ لِي فَرَحٌ أَعْظَمُ مِنْ هَذَا: أَنْ أَسْمَعَ عَنْ أَوْلاَدِي أَنَّهُمْ يَسْلُكُونَ بِالْحَقِّ
أسمع عن أولادى = هى أبوة يستمدها من الله وفى الله وبه\'a1 فإن صارت العلاقة خارج الرب يسوع ينطبق عليها هذا القول """" لا تدعوا لكم أباً على الأرض ( مت23: 8 - 10) وراجع ( غل4: 19 \'ba  1كو4: 15 \'ba  1تس2: 11).

أيات 5\'a1 6 :- أَيُّهَا الْحَبِيبُ\'a1 أَنْتَ تَفْعَلُ بِالأَمَانَةِ كُلَّ مَا تَصْنَعُهُ إِلَى الإِخْوَةِ وَإِلَى الْغُرَبَاءِ\'a1 الَّذِينَ شَهِدُوا بِمَحَبَّتِكَ أَمَامَ الْكَنِيسَةِ. الَّذِينَ تَفْعَلُ حَسَناً إِذَا شَيَّعْتَهُمْ كَمَا يَحِقُّ للهِ\'a1
الغرباء = الذين لم يعرفهم غايس قبلاً. الإخوة = هم الذين سبق وعرفهم غايس من قبل. كما يحق لله = الله هو القياس وليس خدامه.

أية 7 :- لأَنَّهُمْ مِنْ أَجْلِ اسْمِهِ خَرَجُوا وَهُمْ لاَ يَأْخُذُونَ شَيْئاً مِنَ الأُمَمِ
واضح أن هؤلاء الإخوة الغرباء خرجوا ليكرزوا للأمم\'a1ويريدون أن تكون خدمتهم مجانية\'a1أى بلا مقابل يأخذونه من الأمم. وغايس أتاح لهم هذا بأن تكفل بإحتياجاتهم المادية.

كان هناك نوعان من الخدام فى الكنيسة الأولى :- 
1.خدام محليين ثابتين مستقرين وهؤلاء يسكنون فى بيوتهم.
2.خدام طوافين ينتقلون من مكان إلى مكان. وهؤلاء لا يمكن لهم أن يستعملوا الفنادق لسمعتها السيئة\'a1 إذاً كانوا محتاجين لمن يستضيفهم (كملاكى لوط). لذلك وجدت وصية """"لا تنسوا إضافة الغرباء"""" ( عب2:13). فكان هذا إحتياج الكنيسة فى تلك الأيام. وكانت تلك الإستضافة تشمل (الطعام والنوم). فهؤلاء الخدام لا يخدمون لربح مادى. ولقد إشترطت الكنيسة على هؤلاء الذين يقيمون أكثر من مدة معينة أن يعملوا ليأكلوا\'a1 يكون لهم عمل يتكسبون منه. لذلك نرى بولس الرسول قد عمل كخيام (صانع خيام).

أية 8 :- فَنَحْنُ يَنْبَغِي لَنَا أَنْ نَقْبَلَ أَمْثَالَ هَؤُلاَءِ\'a1 لِكَيْ نَكُونَ عَامِلِينَ مَعَهُمْ بِالْحَقِّ
من يكرم خدام الله يكرم الله.

أيات 9\'a1 10 :- كَتَبْتُ إِلَى الْكَنِيسَةِ\'a1 وَلَكِنَّ دِيُوتْرِيفِسَ - الَّذِي يُحِبُّ أَنْ يَكُونَ الأَّوَلَ بَيْنَهُمْ - لاَ يَقْبَلُنَا. مِنْ أَجْلِ ذَلِكَ إِذَا جِئْتُ فَسَأُذَكِّرُهُ بِأَعْمَالِهِ الَّتِي يَعْمَلُهَا\'a1 هَاذِراً عَلَيْنَا بِأَقْوَالٍ خَبِيثَةٍ. وَإِذْ هُوَ غَيْرُ مُكْتَفٍ بِهَذِهِ\'a1 لاَ يَقْبَلُ الإِخْوَةَ\'a1 وَيَمْنَعُ أَيْضاً الَّذِينَ يُرِيدُونَ\'a1 وَيَطْرُدُهُمْ مِنَ الْكَنِيسَةِ
يبدو أن ديوتريفس هذا كان شخصاً ذو سلطان فى الكنيسة وربما كان هو الأسقف\'a1 إذ هو قادر أن يمنع أشخاصاً من دخول الكنيسة. 
كتبت إلى الكنيسة = كتب يوحنا رسالة إلى الكنيسة يطلب فيها قبول الإخوة الكارزين\'a1 فمنع ديوتريفس وصول الرسالة للكنيسة. يحب أن يكون الأول = خطية الكبرياء هذه تجعل الخادم ينحرف عن خدمته\'a1 ويحدث الإنشقاق فى الكنيسة. لايقبلنا = هو فى كبريائه لا يطيق الحق\'a1 يريد أن يعلم ولا يتعلم. ولا يقبل هؤلاء الإخوة الذين أرسلهم يوحنا ليكرزوا ويعلموا. بل هو طرد هؤلاء الإخوة\'a1 بل طرد الذين قبلوهم فى بيوتهم = الذين يريدون. والرسول يقول سأذكره = أى يساعده على معرفة أخطائه ليخلص نفسه.

أية 11 :- أَيُّهَا الْحَبِيبُ\'a1 لاَ تَتَمَثَّلْ بِالشَّرِّ بَلْ بِالْخَيْرِ\'a1 لأَنَّ مَنْ يَصْنَعُ الْخَيْرَ هُوَ مِنَ اللهِ\'a1 وَمَنْ يَصْنَعُ الشَّرَّ فَلَمْ يُبْصِرِ اللهَ.
لا تتمثل بالشر = بديوتريفس وأعماله. بل بالخير = أى بديمتريوس.
فلم يبصر الله = من يفعل الشر\'a1ويمتلىء قلبه بالعجرفة وحب الذات ينحنى بإرادته للظلمة فلا يقدر أن يبصر الله """" فلا شركة للنور مع الظلمة"""" ( 2كو6: 14). ومن أبصر الله فلقد أبصر النور فالله نور\'a1والنور يضىء له الطريق فيعرف الحق. 
أية 12 :- دِيمِتْرِيُوسُ مَشْهُودٌ لَهُ مِنَ الْجَمِيعِ وَمِنَ الْحَقِّ نَفْسِهِ\'a1 وَنَحْنُ أَيْضاً نَشْهَدُ\'a1 وَأَنْتُمْ تَعْلَمُونَ أَنَّ شَهَادَتَنَا هِيَ صَادِقَةٌ
ومن الحق نفسه = ربما تعنى أن الله يشهد له  فالله هو الحق. أو تعنى من أعماله أى أعمال ديمتريوس\'a1 فأعماله بحسب الحق\'a1وهى تشهد له. 
ونحن أيضاً = أى أن الرسول إختبره بنفسه. 
مشهود له من الجميع = هكذا أولاد الله نورهم ظاهر للجميع. وبهذا يشجع الرسول\'a1 غايس أن يقتدى بديمتريوس ولا يتشبه بديوتريفس.

أية 13 :- وَكَانَ لِي كَثِيرٌ لأَكْتُبَهُ\'a1 لَكِنَّنِي لَسْتُ أُرِيدُ أَنْ أَكْتُبَ إِلَيْكَ بِحِبْرٍ وَقَلَمٍ
 الجسر= كان من السناج الممزوج بماء ومقوى بالصمغ. والقلم = كان من الغاب المشطوف.

اية 14 :- وَلَكِنَّنِي أَرْجُو أَنْ أَرَاكَ عَنْ قَرِيبٍ فَنَتَكَلَّمَ فَماً لِفَمٍ.
تأكيد على أهمية التقليد.

أية 15 :- سَلاَمٌ لَكَ. يُسَلِّمُ عَلَيْكَ الأَحِبَّاءُ. سَلِّمْ عَلَى الأَحِبَّاءِ بِأَسْمَائِهِمْ. 
يسلم عليك الأحباء = ولم يقل الإخوة تأكيداً على المحبة. وهكذا أيضاً سلم على الأحباء."
يوحنا ثالثة,1,76,"الإصحاح الأول
أية 1 :- اَلشَّيْخُ\'a1 إِلَى غَايُسَ الْحَبِيبِ الَّذِي أَنَا أُحِبُّهُ بِالْحَقِّ 
الرسول يحب بالحق أى لأجل المسيح\'a1 وبالمسيح الذى فيه.

أية 2 :- أَيُّهَا الْحَبِيبُ\'a1 فِي كُلِّ شَيْءٍ أَرُومُ أَنْ تَكُونَ نَاجِحاً وَصَحِيحاً\'a1 كَمَا أَنَّ نَفْسَكَ نَاجِحَة
الرسول يتمنى أن يكون غايس صحيحاً جسدياً. كما أنه نفسياً أى روحياً صحيح. ويرى البعض أن معنى كلام الرسول هنا أن صحة غايس كانت ليست على مايرام. والكنيسة تصلى من أجل صحة أولادها (فى أوشية المرضى) كما تصلى للراقدين والمسافرين. وأهم ما تطلبه لأجلهم هو غفران خطاياهم. 
كما أن نفسك ناجحة = النجاح ليس هو النجاح المادى وصحة الجسد. بل نجاح نفسى يتمثل فى الإحساس بالشبع والفرح والرضى والسلام الذى يملأ القلب. كما قال داود """"أحبك يارب يا قوتى"""" ( مز 18). ودانيال ويوسف كانوا ناجحين. وللأسف فهناك أباء يهتمون بنجاح أولادهم مادياً ودراسياً ولا يهتمون بحياتهم الروحية وأن يصرف أولادهم وقتاً مع الله.

أية 3 :- لأَنِّي فَرِحْتُ جِدّاً إِذْ حَضَرَ إِخْوَةٌ وَشَهِدُوا بِالْحَقِّ الَّذِي فِيكَ\'a1 كَمَا أَنَّكَ تَسْلُكُ بِالْحَقِّ
إذاً هو يكتب ليشجعه أن يستمر فى مسلكه. فرحة الخادم هى أن يرى أولاده يسلكون بالحق وبالمحبة وأن إيمانهم سليم. 

أية 4 :- لَيْسَ لِي فَرَحٌ أَعْظَمُ مِنْ هَذَا: أَنْ أَسْمَعَ عَنْ أَوْلاَدِي أَنَّهُمْ يَسْلُكُونَ بِالْحَقِّ
أسمع عن أولادى = هى أبوة يستمدها من الله وفى الله وبه\'a1 فإن صارت العلاقة خارج الرب يسوع ينطبق عليها هذا القول """" لا تدعوا لكم أباً على الأرض ( مت23: 8 - 10) وراجع ( غل4: 19 \'ba  1كو4: 15 \'ba  1تس2: 11).

أيات 5\'a1 6 :- أَيُّهَا الْحَبِيبُ\'a1 أَنْتَ تَفْعَلُ بِالأَمَانَةِ كُلَّ مَا تَصْنَعُهُ إِلَى الإِخْوَةِ وَإِلَى الْغُرَبَاءِ\'a1 الَّذِينَ شَهِدُوا بِمَحَبَّتِكَ أَمَامَ الْكَنِيسَةِ. الَّذِينَ تَفْعَلُ حَسَناً إِذَا شَيَّعْتَهُمْ كَمَا يَحِقُّ للهِ\'a1
الغرباء = الذين لم يعرفهم غايس قبلاً. الإخوة = هم الذين سبق وعرفهم غايس من قبل. كما يحق لله = الله هو القياس وليس خدامه.

أية 7 :- لأَنَّهُمْ مِنْ أَجْلِ اسْمِهِ خَرَجُوا وَهُمْ لاَ يَأْخُذُونَ شَيْئاً مِنَ الأُمَمِ
واضح أن هؤلاء الإخوة الغرباء خرجوا ليكرزوا للأمم\'a1ويريدون أن تكون خدمتهم مجانية\'a1أى بلا مقابل يأخذونه من الأمم. وغايس أتاح لهم هذا بأن تكفل بإحتياجاتهم المادية.

كان هناك نوعان من الخدام فى الكنيسة الأولى :- 
1.خدام محليين ثابتين مستقرين وهؤلاء يسكنون فى بيوتهم.
2.خدام طوافين ينتقلون من مكان إلى مكان. وهؤلاء لا يمكن لهم أن يستعملوا الفنادق لسمعتها السيئة\'a1 إذاً كانوا محتاجين لمن يستضيفهم (كملاكى لوط). لذلك وجدت وصية """"لا تنسوا إضافة الغرباء"""" ( عب2:13). فكان هذا إحتياج الكنيسة فى تلك الأيام. وكانت تلك الإستضافة تشمل (الطعام والنوم). فهؤلاء الخدام لا يخدمون لربح مادى. ولقد إشترطت الكنيسة على هؤلاء الذين يقيمون أكثر من مدة معينة أن يعملوا ليأكلوا\'a1 يكون لهم عمل يتكسبون منه. لذلك نرى بولس الرسول قد عمل كخيام (صانع خيام).

أية 8 :- فَنَحْنُ يَنْبَغِي لَنَا أَنْ نَقْبَلَ أَمْثَالَ هَؤُلاَءِ\'a1 لِكَيْ نَكُونَ عَامِلِينَ مَعَهُمْ بِالْحَقِّ
من يكرم خدام الله يكرم الله.

أيات 9\'a1 10 :- كَتَبْتُ إِلَى الْكَنِيسَةِ\'a1 وَلَكِنَّ دِيُوتْرِيفِسَ - الَّذِي يُحِبُّ أَنْ يَكُونَ الأَّوَلَ بَيْنَهُمْ - لاَ يَقْبَلُنَا. مِنْ أَجْلِ ذَلِكَ إِذَا جِئْتُ فَسَأُذَكِّرُهُ بِأَعْمَالِهِ الَّتِي يَعْمَلُهَا\'a1 هَاذِراً عَلَيْنَا بِأَقْوَالٍ خَبِيثَةٍ. وَإِذْ هُوَ غَيْرُ مُكْتَفٍ بِهَذِهِ\'a1 لاَ يَقْبَلُ الإِخْوَةَ\'a1 وَيَمْنَعُ أَيْضاً الَّذِينَ يُرِيدُونَ\'a1 وَيَطْرُدُهُمْ مِنَ الْكَنِيسَةِ
يبدو أن ديوتريفس هذا كان شخصاً ذو سلطان فى الكنيسة وربما كان هو الأسقف\'a1 إذ هو قادر أن يمنع أشخاصاً من دخول الكنيسة. 
كتبت إلى الكنيسة = كتب يوحنا رسالة إلى الكنيسة يطلب فيها قبول الإخوة الكارزين\'a1 فمنع ديوتريفس وصول الرسالة للكنيسة. يحب أن يكون الأول = خطية الكبرياء هذه تجعل الخادم ينحرف عن خدمته\'a1 ويحدث الإنشقاق فى الكنيسة. لايقبلنا = هو فى كبريائه لا يطيق الحق\'a1 يريد أن يعلم ولا يتعلم. ولا يقبل هؤلاء الإخوة الذين أرسلهم يوحنا ليكرزوا ويعلموا. بل هو طرد هؤلاء الإخوة\'a1 بل طرد الذين قبلوهم فى بيوتهم = الذين يريدون. والرسول يقول سأذكره = أى يساعده على معرفة أخطائه ليخلص نفسه.

أية 11 :- أَيُّهَا الْحَبِيبُ\'a1 لاَ تَتَمَثَّلْ بِالشَّرِّ بَلْ بِالْخَيْرِ\'a1 لأَنَّ مَنْ يَصْنَعُ الْخَيْرَ هُوَ مِنَ اللهِ\'a1 وَمَنْ يَصْنَعُ الشَّرَّ فَلَمْ يُبْصِرِ اللهَ.
لا تتمثل بالشر = بديوتريفس وأعماله. بل بالخير = أى بديمتريوس.
فلم يبصر الله = من يفعل الشر\'a1ويمتلىء قلبه بالعجرفة وحب الذات ينحنى بإرادته للظلمة فلا يقدر أن يبصر الله """" فلا شركة للنور مع الظلمة"""" ( 2كو6: 14). ومن أبصر الله فلقد أبصر النور فالله نور\'a1والنور يضىء له الطريق فيعرف الحق. 
أية 12 :- دِيمِتْرِيُوسُ مَشْهُودٌ لَهُ مِنَ الْجَمِيعِ وَمِنَ الْحَقِّ نَفْسِهِ\'a1 وَنَحْنُ أَيْضاً نَشْهَدُ\'a1 وَأَنْتُمْ تَعْلَمُونَ أَنَّ شَهَادَتَنَا هِيَ صَادِقَةٌ
ومن الحق نفسه = ربما تعنى أن الله يشهد له  فالله هو الحق. أو تعنى من أعماله أى أعمال ديمتريوس\'a1 فأعماله بحسب الحق\'a1وهى تشهد له. 
ونحن أيضاً = أى أن الرسول إختبره بنفسه. 
مشهود له من الجميع = هكذا أولاد الله نورهم ظاهر للجميع. وبهذا يشجع الرسول\'a1 غايس أن يقتدى بديمتريوس ولا يتشبه بديوتريفس.

أية 13 :- وَكَانَ لِي كَثِيرٌ لأَكْتُبَهُ\'a1 لَكِنَّنِي لَسْتُ أُرِيدُ أَنْ أَكْتُبَ إِلَيْكَ بِحِبْرٍ وَقَلَمٍ
 الجسر= كان من السناج الممزوج بماء ومقوى بالصمغ. والقلم = كان من الغاب المشطوف.

اية 14 :- وَلَكِنَّنِي أَرْجُو أَنْ أَرَاكَ عَنْ قَرِيبٍ فَنَتَكَلَّمَ فَماً لِفَمٍ.
تأكيد على أهمية التقليد.

أية 15 :- سَلاَمٌ لَكَ. يُسَلِّمُ عَلَيْكَ الأَحِبَّاءُ. سَلِّمْ عَلَى الأَحِبَّاءِ بِأَسْمَائِهِمْ. 
يسلم عليك الأحباء = ولم يقل الإخوة تأكيداً على المحبة. وهكذا أيضاً سلم على الأحباء."
يوحنا ثالثة,1,77,"الإصحاح الأول
أية 1 :- اَلشَّيْخُ\'a1 إِلَى غَايُسَ الْحَبِيبِ الَّذِي أَنَا أُحِبُّهُ بِالْحَقِّ 
الرسول يحب بالحق أى لأجل المسيح\'a1 وبالمسيح الذى فيه.

أية 2 :- أَيُّهَا الْحَبِيبُ\'a1 فِي كُلِّ شَيْءٍ أَرُومُ أَنْ تَكُونَ نَاجِحاً وَصَحِيحاً\'a1 كَمَا أَنَّ نَفْسَكَ نَاجِحَة
الرسول يتمنى أن يكون غايس صحيحاً جسدياً. كما أنه نفسياً أى روحياً صحيح. ويرى البعض أن معنى كلام الرسول هنا أن صحة غايس كانت ليست على مايرام. والكنيسة تصلى من أجل صحة أولادها (فى أوشية المرضى) كما تصلى للراقدين والمسافرين. وأهم ما تطلبه لأجلهم هو غفران خطاياهم. 
كما أن نفسك ناجحة = النجاح ليس هو النجاح المادى وصحة الجسد. بل نجاح نفسى يتمثل فى الإحساس بالشبع والفرح والرضى والسلام الذى يملأ القلب. كما قال داود """"أحبك يارب يا قوتى"""" ( مز 18). ودانيال ويوسف كانوا ناجحين. وللأسف فهناك أباء يهتمون بنجاح أولادهم مادياً ودراسياً ولا يهتمون بحياتهم الروحية وأن يصرف أولادهم وقتاً مع الله.

أية 3 :- لأَنِّي فَرِحْتُ جِدّاً إِذْ حَضَرَ إِخْوَةٌ وَشَهِدُوا بِالْحَقِّ الَّذِي فِيكَ\'a1 كَمَا أَنَّكَ تَسْلُكُ بِالْحَقِّ
إذاً هو يكتب ليشجعه أن يستمر فى مسلكه. فرحة الخادم هى أن يرى أولاده يسلكون بالحق وبالمحبة وأن إيمانهم سليم. 

أية 4 :- لَيْسَ لِي فَرَحٌ أَعْظَمُ مِنْ هَذَا: أَنْ أَسْمَعَ عَنْ أَوْلاَدِي أَنَّهُمْ يَسْلُكُونَ بِالْحَقِّ
أسمع عن أولادى = هى أبوة يستمدها من الله وفى الله وبه\'a1 فإن صارت العلاقة خارج الرب يسوع ينطبق عليها هذا القول """" لا تدعوا لكم أباً على الأرض ( مت23: 8 - 10) وراجع ( غل4: 19 \'ba  1كو4: 15 \'ba  1تس2: 11).

أيات 5\'a1 6 :- أَيُّهَا الْحَبِيبُ\'a1 أَنْتَ تَفْعَلُ بِالأَمَانَةِ كُلَّ مَا تَصْنَعُهُ إِلَى الإِخْوَةِ وَإِلَى الْغُرَبَاءِ\'a1 الَّذِينَ شَهِدُوا بِمَحَبَّتِكَ أَمَامَ الْكَنِيسَةِ. الَّذِينَ تَفْعَلُ حَسَناً إِذَا شَيَّعْتَهُمْ كَمَا يَحِقُّ للهِ\'a1
الغرباء = الذين لم يعرفهم غايس قبلاً. الإخوة = هم الذين سبق وعرفهم غايس من قبل. كما يحق لله = الله هو القياس وليس خدامه.

أية 7 :- لأَنَّهُمْ مِنْ أَجْلِ اسْمِهِ خَرَجُوا وَهُمْ لاَ يَأْخُذُونَ شَيْئاً مِنَ الأُمَمِ
واضح أن هؤلاء الإخوة الغرباء خرجوا ليكرزوا للأمم\'a1ويريدون أن تكون خدمتهم مجانية\'a1أى بلا مقابل يأخذونه من الأمم. وغايس أتاح لهم هذا بأن تكفل بإحتياجاتهم المادية.

كان هناك نوعان من الخدام فى الكنيسة الأولى :- 
1.خدام محليين ثابتين مستقرين وهؤلاء يسكنون فى بيوتهم.
2.خدام طوافين ينتقلون من مكان إلى مكان. وهؤلاء لا يمكن لهم أن يستعملوا الفنادق لسمعتها السيئة\'a1 إذاً كانوا محتاجين لمن يستضيفهم (كملاكى لوط). لذلك وجدت وصية """"لا تنسوا إضافة الغرباء"""" ( عب2:13). فكان هذا إحتياج الكنيسة فى تلك الأيام. وكانت تلك الإستضافة تشمل (الطعام والنوم). فهؤلاء الخدام لا يخدمون لربح مادى. ولقد إشترطت الكنيسة على هؤلاء الذين يقيمون أكثر من مدة معينة أن يعملوا ليأكلوا\'a1 يكون لهم عمل يتكسبون منه. لذلك نرى بولس الرسول قد عمل كخيام (صانع خيام).

أية 8 :- فَنَحْنُ يَنْبَغِي لَنَا أَنْ نَقْبَلَ أَمْثَالَ هَؤُلاَءِ\'a1 لِكَيْ نَكُونَ عَامِلِينَ مَعَهُمْ بِالْحَقِّ
من يكرم خدام الله يكرم الله.

أيات 9\'a1 10 :- كَتَبْتُ إِلَى الْكَنِيسَةِ\'a1 وَلَكِنَّ دِيُوتْرِيفِسَ - الَّذِي يُحِبُّ أَنْ يَكُونَ الأَّوَلَ بَيْنَهُمْ - لاَ يَقْبَلُنَا. مِنْ أَجْلِ ذَلِكَ إِذَا جِئْتُ فَسَأُذَكِّرُهُ بِأَعْمَالِهِ الَّتِي يَعْمَلُهَا\'a1 هَاذِراً عَلَيْنَا بِأَقْوَالٍ خَبِيثَةٍ. وَإِذْ هُوَ غَيْرُ مُكْتَفٍ بِهَذِهِ\'a1 لاَ يَقْبَلُ الإِخْوَةَ\'a1 وَيَمْنَعُ أَيْضاً الَّذِينَ يُرِيدُونَ\'a1 وَيَطْرُدُهُمْ مِنَ الْكَنِيسَةِ
يبدو أن ديوتريفس هذا كان شخصاً ذو سلطان فى الكنيسة وربما كان هو الأسقف\'a1 إذ هو قادر أن يمنع أشخاصاً من دخول الكنيسة. 
كتبت إلى الكنيسة = كتب يوحنا رسالة إلى الكنيسة يطلب فيها قبول الإخوة الكارزين\'a1 فمنع ديوتريفس وصول الرسالة للكنيسة. يحب أن يكون الأول = خطية الكبرياء هذه تجعل الخادم ينحرف عن خدمته\'a1 ويحدث الإنشقاق فى الكنيسة. لايقبلنا = هو فى كبريائه لا يطيق الحق\'a1 يريد أن يعلم ولا يتعلم. ولا يقبل هؤلاء الإخوة الذين أرسلهم يوحنا ليكرزوا ويعلموا. بل هو طرد هؤلاء الإخوة\'a1 بل طرد الذين قبلوهم فى بيوتهم = الذين يريدون. والرسول يقول سأذكره = أى يساعده على معرفة أخطائه ليخلص نفسه.

أية 11 :- أَيُّهَا الْحَبِيبُ\'a1 لاَ تَتَمَثَّلْ بِالشَّرِّ بَلْ بِالْخَيْرِ\'a1 لأَنَّ مَنْ يَصْنَعُ الْخَيْرَ هُوَ مِنَ اللهِ\'a1 وَمَنْ يَصْنَعُ الشَّرَّ فَلَمْ يُبْصِرِ اللهَ.
لا تتمثل بالشر = بديوتريفس وأعماله. بل بالخير = أى بديمتريوس.
فلم يبصر الله = من يفعل الشر\'a1ويمتلىء قلبه بالعجرفة وحب الذات ينحنى بإرادته للظلمة فلا يقدر أن يبصر الله """" فلا شركة للنور مع الظلمة"""" ( 2كو6: 14). ومن أبصر الله فلقد أبصر النور فالله نور\'a1والنور يضىء له الطريق فيعرف الحق. 
أية 12 :- دِيمِتْرِيُوسُ مَشْهُودٌ لَهُ مِنَ الْجَمِيعِ وَمِنَ الْحَقِّ نَفْسِهِ\'a1 وَنَحْنُ أَيْضاً نَشْهَدُ\'a1 وَأَنْتُمْ تَعْلَمُونَ أَنَّ شَهَادَتَنَا هِيَ صَادِقَةٌ
ومن الحق نفسه = ربما تعنى أن الله يشهد له  فالله هو الحق. أو تعنى من أعماله أى أعمال ديمتريوس\'a1 فأعماله بحسب الحق\'a1وهى تشهد له. 
ونحن أيضاً = أى أن الرسول إختبره بنفسه. 
مشهود له من الجميع = هكذا أولاد الله نورهم ظاهر للجميع. وبهذا يشجع الرسول\'a1 غايس أن يقتدى بديمتريوس ولا يتشبه بديوتريفس.

أية 13 :- وَكَانَ لِي كَثِيرٌ لأَكْتُبَهُ\'a1 لَكِنَّنِي لَسْتُ أُرِيدُ أَنْ أَكْتُبَ إِلَيْكَ بِحِبْرٍ وَقَلَمٍ
 الجسر= كان من السناج الممزوج بماء ومقوى بالصمغ. والقلم = كان من الغاب المشطوف.

اية 14 :- وَلَكِنَّنِي أَرْجُو أَنْ أَرَاكَ عَنْ قَرِيبٍ فَنَتَكَلَّمَ فَماً لِفَمٍ.
تأكيد على أهمية التقليد.

أية 15 :- سَلاَمٌ لَكَ. يُسَلِّمُ عَلَيْكَ الأَحِبَّاءُ. سَلِّمْ عَلَى الأَحِبَّاءِ بِأَسْمَائِهِمْ. 
يسلم عليك الأحباء = ولم يقل الإخوة تأكيداً على المحبة. وهكذا أيضاً سلم على الأحباء."
يوحنا ثالثة,1,78,"الإصحاح الأول
أية 1 :- اَلشَّيْخُ\'a1 إِلَى غَايُسَ الْحَبِيبِ الَّذِي أَنَا أُحِبُّهُ بِالْحَقِّ 
الرسول يحب بالحق أى لأجل المسيح\'a1 وبالمسيح الذى فيه.

أية 2 :- أَيُّهَا الْحَبِيبُ\'a1 فِي كُلِّ شَيْءٍ أَرُومُ أَنْ تَكُونَ نَاجِحاً وَصَحِيحاً\'a1 كَمَا أَنَّ نَفْسَكَ نَاجِحَة
الرسول يتمنى أن يكون غايس صحيحاً جسدياً. كما أنه نفسياً أى روحياً صحيح. ويرى البعض أن معنى كلام الرسول هنا أن صحة غايس كانت ليست على مايرام. والكنيسة تصلى من أجل صحة أولادها (فى أوشية المرضى) كما تصلى للراقدين والمسافرين. وأهم ما تطلبه لأجلهم هو غفران خطاياهم. 
كما أن نفسك ناجحة = النجاح ليس هو النجاح المادى وصحة الجسد. بل نجاح نفسى يتمثل فى الإحساس بالشبع والفرح والرضى والسلام الذى يملأ القلب. كما قال داود """"أحبك يارب يا قوتى"""" ( مز 18). ودانيال ويوسف كانوا ناجحين. وللأسف فهناك أباء يهتمون بنجاح أولادهم مادياً ودراسياً ولا يهتمون بحياتهم الروحية وأن يصرف أولادهم وقتاً مع الله.

أية 3 :- لأَنِّي فَرِحْتُ جِدّاً إِذْ حَضَرَ إِخْوَةٌ وَشَهِدُوا بِالْحَقِّ الَّذِي فِيكَ\'a1 كَمَا أَنَّكَ تَسْلُكُ بِالْحَقِّ
إذاً هو يكتب ليشجعه أن يستمر فى مسلكه. فرحة الخادم هى أن يرى أولاده يسلكون بالحق وبالمحبة وأن إيمانهم سليم. 

أية 4 :- لَيْسَ لِي فَرَحٌ أَعْظَمُ مِنْ هَذَا: أَنْ أَسْمَعَ عَنْ أَوْلاَدِي أَنَّهُمْ يَسْلُكُونَ بِالْحَقِّ
أسمع عن أولادى = هى أبوة يستمدها من الله وفى الله وبه\'a1 فإن صارت العلاقة خارج الرب يسوع ينطبق عليها هذا القول """" لا تدعوا لكم أباً على الأرض ( مت23: 8 - 10) وراجع ( غل4: 19 \'ba  1كو4: 15 \'ba  1تس2: 11).

أيات 5\'a1 6 :- أَيُّهَا الْحَبِيبُ\'a1 أَنْتَ تَفْعَلُ بِالأَمَانَةِ كُلَّ مَا تَصْنَعُهُ إِلَى الإِخْوَةِ وَإِلَى الْغُرَبَاءِ\'a1 الَّذِينَ شَهِدُوا بِمَحَبَّتِكَ أَمَامَ الْكَنِيسَةِ. الَّذِينَ تَفْعَلُ حَسَناً إِذَا شَيَّعْتَهُمْ كَمَا يَحِقُّ للهِ\'a1
الغرباء = الذين لم يعرفهم غايس قبلاً. الإخوة = هم الذين سبق وعرفهم غايس من قبل. كما يحق لله = الله هو القياس وليس خدامه.

أية 7 :- لأَنَّهُمْ مِنْ أَجْلِ اسْمِهِ خَرَجُوا وَهُمْ لاَ يَأْخُذُونَ شَيْئاً مِنَ الأُمَمِ
واضح أن هؤلاء الإخوة الغرباء خرجوا ليكرزوا للأمم\'a1ويريدون أن تكون خدمتهم مجانية\'a1أى بلا مقابل يأخذونه من الأمم. وغايس أتاح لهم هذا بأن تكفل بإحتياجاتهم المادية.

كان هناك نوعان من الخدام فى الكنيسة الأولى :- 
1.خدام محليين ثابتين مستقرين وهؤلاء يسكنون فى بيوتهم.
2.خدام طوافين ينتقلون من مكان إلى مكان. وهؤلاء لا يمكن لهم أن يستعملوا الفنادق لسمعتها السيئة\'a1 إذاً كانوا محتاجين لمن يستضيفهم (كملاكى لوط). لذلك وجدت وصية """"لا تنسوا إضافة الغرباء"""" ( عب2:13). فكان هذا إحتياج الكنيسة فى تلك الأيام. وكانت تلك الإستضافة تشمل (الطعام والنوم). فهؤلاء الخدام لا يخدمون لربح مادى. ولقد إشترطت الكنيسة على هؤلاء الذين يقيمون أكثر من مدة معينة أن يعملوا ليأكلوا\'a1 يكون لهم عمل يتكسبون منه. لذلك نرى بولس الرسول قد عمل كخيام (صانع خيام).

أية 8 :- فَنَحْنُ يَنْبَغِي لَنَا أَنْ نَقْبَلَ أَمْثَالَ هَؤُلاَءِ\'a1 لِكَيْ نَكُونَ عَامِلِينَ مَعَهُمْ بِالْحَقِّ
من يكرم خدام الله يكرم الله.

أيات 9\'a1 10 :- كَتَبْتُ إِلَى الْكَنِيسَةِ\'a1 وَلَكِنَّ دِيُوتْرِيفِسَ - الَّذِي يُحِبُّ أَنْ يَكُونَ الأَّوَلَ بَيْنَهُمْ - لاَ يَقْبَلُنَا. مِنْ أَجْلِ ذَلِكَ إِذَا جِئْتُ فَسَأُذَكِّرُهُ بِأَعْمَالِهِ الَّتِي يَعْمَلُهَا\'a1 هَاذِراً عَلَيْنَا بِأَقْوَالٍ خَبِيثَةٍ. وَإِذْ هُوَ غَيْرُ مُكْتَفٍ بِهَذِهِ\'a1 لاَ يَقْبَلُ الإِخْوَةَ\'a1 وَيَمْنَعُ أَيْضاً الَّذِينَ يُرِيدُونَ\'a1 وَيَطْرُدُهُمْ مِنَ الْكَنِيسَةِ
يبدو أن ديوتريفس هذا كان شخصاً ذو سلطان فى الكنيسة وربما كان هو الأسقف\'a1 إذ هو قادر أن يمنع أشخاصاً من دخول الكنيسة. 
كتبت إلى الكنيسة = كتب يوحنا رسالة إلى الكنيسة يطلب فيها قبول الإخوة الكارزين\'a1 فمنع ديوتريفس وصول الرسالة للكنيسة. يحب أن يكون الأول = خطية الكبرياء هذه تجعل الخادم ينحرف عن خدمته\'a1 ويحدث الإنشقاق فى الكنيسة. لايقبلنا = هو فى كبريائه لا يطيق الحق\'a1 يريد أن يعلم ولا يتعلم. ولا يقبل هؤلاء الإخوة الذين أرسلهم يوحنا ليكرزوا ويعلموا. بل هو طرد هؤلاء الإخوة\'a1 بل طرد الذين قبلوهم فى بيوتهم = الذين يريدون. والرسول يقول سأذكره = أى يساعده على معرفة أخطائه ليخلص نفسه.

أية 11 :- أَيُّهَا الْحَبِيبُ\'a1 لاَ تَتَمَثَّلْ بِالشَّرِّ بَلْ بِالْخَيْرِ\'a1 لأَنَّ مَنْ يَصْنَعُ الْخَيْرَ هُوَ مِنَ اللهِ\'a1 وَمَنْ يَصْنَعُ الشَّرَّ فَلَمْ يُبْصِرِ اللهَ.
لا تتمثل بالشر = بديوتريفس وأعماله. بل بالخير = أى بديمتريوس.
فلم يبصر الله = من يفعل الشر\'a1ويمتلىء قلبه بالعجرفة وحب الذات ينحنى بإرادته للظلمة فلا يقدر أن يبصر الله """" فلا شركة للنور مع الظلمة"""" ( 2كو6: 14). ومن أبصر الله فلقد أبصر النور فالله نور\'a1والنور يضىء له الطريق فيعرف الحق. 
أية 12 :- دِيمِتْرِيُوسُ مَشْهُودٌ لَهُ مِنَ الْجَمِيعِ وَمِنَ الْحَقِّ نَفْسِهِ\'a1 وَنَحْنُ أَيْضاً نَشْهَدُ\'a1 وَأَنْتُمْ تَعْلَمُونَ أَنَّ شَهَادَتَنَا هِيَ صَادِقَةٌ
ومن الحق نفسه = ربما تعنى أن الله يشهد له  فالله هو الحق. أو تعنى من أعماله أى أعمال ديمتريوس\'a1 فأعماله بحسب الحق\'a1وهى تشهد له. 
ونحن أيضاً = أى أن الرسول إختبره بنفسه. 
مشهود له من الجميع = هكذا أولاد الله نورهم ظاهر للجميع. وبهذا يشجع الرسول\'a1 غايس أن يقتدى بديمتريوس ولا يتشبه بديوتريفس.

أية 13 :- وَكَانَ لِي كَثِيرٌ لأَكْتُبَهُ\'a1 لَكِنَّنِي لَسْتُ أُرِيدُ أَنْ أَكْتُبَ إِلَيْكَ بِحِبْرٍ وَقَلَمٍ
 الجسر= كان من السناج الممزوج بماء ومقوى بالصمغ. والقلم = كان من الغاب المشطوف.

اية 14 :- وَلَكِنَّنِي أَرْجُو أَنْ أَرَاكَ عَنْ قَرِيبٍ فَنَتَكَلَّمَ فَماً لِفَمٍ.
تأكيد على أهمية التقليد.

أية 15 :- سَلاَمٌ لَكَ. يُسَلِّمُ عَلَيْكَ الأَحِبَّاءُ. سَلِّمْ عَلَى الأَحِبَّاءِ بِأَسْمَائِهِمْ. 
يسلم عليك الأحباء = ولم يقل الإخوة تأكيداً على المحبة. وهكذا أيضاً سلم على الأحباء."
يوحنا ثالثة,1,79,"الإصحاح الأول
أية 1 :- اَلشَّيْخُ\'a1 إِلَى غَايُسَ الْحَبِيبِ الَّذِي أَنَا أُحِبُّهُ بِالْحَقِّ 
الرسول يحب بالحق أى لأجل المسيح\'a1 وبالمسيح الذى فيه.

أية 2 :- أَيُّهَا الْحَبِيبُ\'a1 فِي كُلِّ شَيْءٍ أَرُومُ أَنْ تَكُونَ نَاجِحاً وَصَحِيحاً\'a1 كَمَا أَنَّ نَفْسَكَ نَاجِحَة
الرسول يتمنى أن يكون غايس صحيحاً جسدياً. كما أنه نفسياً أى روحياً صحيح. ويرى البعض أن معنى كلام الرسول هنا أن صحة غايس كانت ليست على مايرام. والكنيسة تصلى من أجل صحة أولادها (فى أوشية المرضى) كما تصلى للراقدين والمسافرين. وأهم ما تطلبه لأجلهم هو غفران خطاياهم. 
كما أن نفسك ناجحة = النجاح ليس هو النجاح المادى وصحة الجسد. بل نجاح نفسى يتمثل فى الإحساس بالشبع والفرح والرضى والسلام الذى يملأ القلب. كما قال داود """"أحبك يارب يا قوتى"""" ( مز 18). ودانيال ويوسف كانوا ناجحين. وللأسف فهناك أباء يهتمون بنجاح أولادهم مادياً ودراسياً ولا يهتمون بحياتهم الروحية وأن يصرف أولادهم وقتاً مع الله.

أية 3 :- لأَنِّي فَرِحْتُ جِدّاً إِذْ حَضَرَ إِخْوَةٌ وَشَهِدُوا بِالْحَقِّ الَّذِي فِيكَ\'a1 كَمَا أَنَّكَ تَسْلُكُ بِالْحَقِّ
إذاً هو يكتب ليشجعه أن يستمر فى مسلكه. فرحة الخادم هى أن يرى أولاده يسلكون بالحق وبالمحبة وأن إيمانهم سليم. 

أية 4 :- لَيْسَ لِي فَرَحٌ أَعْظَمُ مِنْ هَذَا: أَنْ أَسْمَعَ عَنْ أَوْلاَدِي أَنَّهُمْ يَسْلُكُونَ بِالْحَقِّ
أسمع عن أولادى = هى أبوة يستمدها من الله وفى الله وبه\'a1 فإن صارت العلاقة خارج الرب يسوع ينطبق عليها هذا القول """" لا تدعوا لكم أباً على الأرض ( مت23: 8 - 10) وراجع ( غل4: 19 \'ba  1كو4: 15 \'ba  1تس2: 11).

أيات 5\'a1 6 :- أَيُّهَا الْحَبِيبُ\'a1 أَنْتَ تَفْعَلُ بِالأَمَانَةِ كُلَّ مَا تَصْنَعُهُ إِلَى الإِخْوَةِ وَإِلَى الْغُرَبَاءِ\'a1 الَّذِينَ شَهِدُوا بِمَحَبَّتِكَ أَمَامَ الْكَنِيسَةِ. الَّذِينَ تَفْعَلُ حَسَناً إِذَا شَيَّعْتَهُمْ كَمَا يَحِقُّ للهِ\'a1
الغرباء = الذين لم يعرفهم غايس قبلاً. الإخوة = هم الذين سبق وعرفهم غايس من قبل. كما يحق لله = الله هو القياس وليس خدامه.

أية 7 :- لأَنَّهُمْ مِنْ أَجْلِ اسْمِهِ خَرَجُوا وَهُمْ لاَ يَأْخُذُونَ شَيْئاً مِنَ الأُمَمِ
واضح أن هؤلاء الإخوة الغرباء خرجوا ليكرزوا للأمم\'a1ويريدون أن تكون خدمتهم مجانية\'a1أى بلا مقابل يأخذونه من الأمم. وغايس أتاح لهم هذا بأن تكفل بإحتياجاتهم المادية.

كان هناك نوعان من الخدام فى الكنيسة الأولى :- 
1.خدام محليين ثابتين مستقرين وهؤلاء يسكنون فى بيوتهم.
2.خدام طوافين ينتقلون من مكان إلى مكان. وهؤلاء لا يمكن لهم أن يستعملوا الفنادق لسمعتها السيئة\'a1 إذاً كانوا محتاجين لمن يستضيفهم (كملاكى لوط). لذلك وجدت وصية """"لا تنسوا إضافة الغرباء"""" ( عب2:13). فكان هذا إحتياج الكنيسة فى تلك الأيام. وكانت تلك الإستضافة تشمل (الطعام والنوم). فهؤلاء الخدام لا يخدمون لربح مادى. ولقد إشترطت الكنيسة على هؤلاء الذين يقيمون أكثر من مدة معينة أن يعملوا ليأكلوا\'a1 يكون لهم عمل يتكسبون منه. لذلك نرى بولس الرسول قد عمل كخيام (صانع خيام).

أية 8 :- فَنَحْنُ يَنْبَغِي لَنَا أَنْ نَقْبَلَ أَمْثَالَ هَؤُلاَءِ\'a1 لِكَيْ نَكُونَ عَامِلِينَ مَعَهُمْ بِالْحَقِّ
من يكرم خدام الله يكرم الله.

أيات 9\'a1 10 :- كَتَبْتُ إِلَى الْكَنِيسَةِ\'a1 وَلَكِنَّ دِيُوتْرِيفِسَ - الَّذِي يُحِبُّ أَنْ يَكُونَ الأَّوَلَ بَيْنَهُمْ - لاَ يَقْبَلُنَا. مِنْ أَجْلِ ذَلِكَ إِذَا جِئْتُ فَسَأُذَكِّرُهُ بِأَعْمَالِهِ الَّتِي يَعْمَلُهَا\'a1 هَاذِراً عَلَيْنَا بِأَقْوَالٍ خَبِيثَةٍ. وَإِذْ هُوَ غَيْرُ مُكْتَفٍ بِهَذِهِ\'a1 لاَ يَقْبَلُ الإِخْوَةَ\'a1 وَيَمْنَعُ أَيْضاً الَّذِينَ يُرِيدُونَ\'a1 وَيَطْرُدُهُمْ مِنَ الْكَنِيسَةِ
يبدو أن ديوتريفس هذا كان شخصاً ذو سلطان فى الكنيسة وربما كان هو الأسقف\'a1 إذ هو قادر أن يمنع أشخاصاً من دخول الكنيسة. 
كتبت إلى الكنيسة = كتب يوحنا رسالة إلى الكنيسة يطلب فيها قبول الإخوة الكارزين\'a1 فمنع ديوتريفس وصول الرسالة للكنيسة. يحب أن يكون الأول = خطية الكبرياء هذه تجعل الخادم ينحرف عن خدمته\'a1 ويحدث الإنشقاق فى الكنيسة. لايقبلنا = هو فى كبريائه لا يطيق الحق\'a1 يريد أن يعلم ولا يتعلم. ولا يقبل هؤلاء الإخوة الذين أرسلهم يوحنا ليكرزوا ويعلموا. بل هو طرد هؤلاء الإخوة\'a1 بل طرد الذين قبلوهم فى بيوتهم = الذين يريدون. والرسول يقول سأذكره = أى يساعده على معرفة أخطائه ليخلص نفسه.

أية 11 :- أَيُّهَا الْحَبِيبُ\'a1 لاَ تَتَمَثَّلْ بِالشَّرِّ بَلْ بِالْخَيْرِ\'a1 لأَنَّ مَنْ يَصْنَعُ الْخَيْرَ هُوَ مِنَ اللهِ\'a1 وَمَنْ يَصْنَعُ الشَّرَّ فَلَمْ يُبْصِرِ اللهَ.
لا تتمثل بالشر = بديوتريفس وأعماله. بل بالخير = أى بديمتريوس.
فلم يبصر الله = من يفعل الشر\'a1ويمتلىء قلبه بالعجرفة وحب الذات ينحنى بإرادته للظلمة فلا يقدر أن يبصر الله """" فلا شركة للنور مع الظلمة"""" ( 2كو6: 14). ومن أبصر الله فلقد أبصر النور فالله نور\'a1والنور يضىء له الطريق فيعرف الحق. 
أية 12 :- دِيمِتْرِيُوسُ مَشْهُودٌ لَهُ مِنَ الْجَمِيعِ وَمِنَ الْحَقِّ نَفْسِهِ\'a1 وَنَحْنُ أَيْضاً نَشْهَدُ\'a1 وَأَنْتُمْ تَعْلَمُونَ أَنَّ شَهَادَتَنَا هِيَ صَادِقَةٌ
ومن الحق نفسه = ربما تعنى أن الله يشهد له  فالله هو الحق. أو تعنى من أعماله أى أعمال ديمتريوس\'a1 فأعماله بحسب الحق\'a1وهى تشهد له. 
ونحن أيضاً = أى أن الرسول إختبره بنفسه. 
مشهود له من الجميع = هكذا أولاد الله نورهم ظاهر للجميع. وبهذا يشجع الرسول\'a1 غايس أن يقتدى بديمتريوس ولا يتشبه بديوتريفس.

أية 13 :- وَكَانَ لِي كَثِيرٌ لأَكْتُبَهُ\'a1 لَكِنَّنِي لَسْتُ أُرِيدُ أَنْ أَكْتُبَ إِلَيْكَ بِحِبْرٍ وَقَلَمٍ
 الجسر= كان من السناج الممزوج بماء ومقوى بالصمغ. والقلم = كان من الغاب المشطوف.

اية 14 :- وَلَكِنَّنِي أَرْجُو أَنْ أَرَاكَ عَنْ قَرِيبٍ فَنَتَكَلَّمَ فَماً لِفَمٍ.
تأكيد على أهمية التقليد.

أية 15 :- سَلاَمٌ لَكَ. يُسَلِّمُ عَلَيْكَ الأَحِبَّاءُ. سَلِّمْ عَلَى الأَحِبَّاءِ بِأَسْمَائِهِمْ. 
يسلم عليك الأحباء = ولم يقل الإخوة تأكيداً على المحبة. وهكذا أيضاً سلم على الأحباء."
يوحنا ثالثة,1,80,"الإصحاح الأول
أية 1 :- اَلشَّيْخُ\'a1 إِلَى غَايُسَ الْحَبِيبِ الَّذِي أَنَا أُحِبُّهُ بِالْحَقِّ 
الرسول يحب بالحق أى لأجل المسيح\'a1 وبالمسيح الذى فيه.

أية 2 :- أَيُّهَا الْحَبِيبُ\'a1 فِي كُلِّ شَيْءٍ أَرُومُ أَنْ تَكُونَ نَاجِحاً وَصَحِيحاً\'a1 كَمَا أَنَّ نَفْسَكَ نَاجِحَة
الرسول يتمنى أن يكون غايس صحيحاً جسدياً. كما أنه نفسياً أى روحياً صحيح. ويرى البعض أن معنى كلام الرسول هنا أن صحة غايس كانت ليست على مايرام. والكنيسة تصلى من أجل صحة أولادها (فى أوشية المرضى) كما تصلى للراقدين والمسافرين. وأهم ما تطلبه لأجلهم هو غفران خطاياهم. 
كما أن نفسك ناجحة = النجاح ليس هو النجاح المادى وصحة الجسد. بل نجاح نفسى يتمثل فى الإحساس بالشبع والفرح والرضى والسلام الذى يملأ القلب. كما قال داود """"أحبك يارب يا قوتى"""" ( مز 18). ودانيال ويوسف كانوا ناجحين. وللأسف فهناك أباء يهتمون بنجاح أولادهم مادياً ودراسياً ولا يهتمون بحياتهم الروحية وأن يصرف أولادهم وقتاً مع الله.

أية 3 :- لأَنِّي فَرِحْتُ جِدّاً إِذْ حَضَرَ إِخْوَةٌ وَشَهِدُوا بِالْحَقِّ الَّذِي فِيكَ\'a1 كَمَا أَنَّكَ تَسْلُكُ بِالْحَقِّ
إذاً هو يكتب ليشجعه أن يستمر فى مسلكه. فرحة الخادم هى أن يرى أولاده يسلكون بالحق وبالمحبة وأن إيمانهم سليم. 

أية 4 :- لَيْسَ لِي فَرَحٌ أَعْظَمُ مِنْ هَذَا: أَنْ أَسْمَعَ عَنْ أَوْلاَدِي أَنَّهُمْ يَسْلُكُونَ بِالْحَقِّ
أسمع عن أولادى = هى أبوة يستمدها من الله وفى الله وبه\'a1 فإن صارت العلاقة خارج الرب يسوع ينطبق عليها هذا القول """" لا تدعوا لكم أباً على الأرض ( مت23: 8 - 10) وراجع ( غل4: 19 \'ba  1كو4: 15 \'ba  1تس2: 11).

أيات 5\'a1 6 :- أَيُّهَا الْحَبِيبُ\'a1 أَنْتَ تَفْعَلُ بِالأَمَانَةِ كُلَّ مَا تَصْنَعُهُ إِلَى الإِخْوَةِ وَإِلَى الْغُرَبَاءِ\'a1 الَّذِينَ شَهِدُوا بِمَحَبَّتِكَ أَمَامَ الْكَنِيسَةِ. الَّذِينَ تَفْعَلُ حَسَناً إِذَا شَيَّعْتَهُمْ كَمَا يَحِقُّ للهِ\'a1
الغرباء = الذين لم يعرفهم غايس قبلاً. الإخوة = هم الذين سبق وعرفهم غايس من قبل. كما يحق لله = الله هو القياس وليس خدامه.

أية 7 :- لأَنَّهُمْ مِنْ أَجْلِ اسْمِهِ خَرَجُوا وَهُمْ لاَ يَأْخُذُونَ شَيْئاً مِنَ الأُمَمِ
واضح أن هؤلاء الإخوة الغرباء خرجوا ليكرزوا للأمم\'a1ويريدون أن تكون خدمتهم مجانية\'a1أى بلا مقابل يأخذونه من الأمم. وغايس أتاح لهم هذا بأن تكفل بإحتياجاتهم المادية.

كان هناك نوعان من الخدام فى الكنيسة الأولى :- 
1.خدام محليين ثابتين مستقرين وهؤلاء يسكنون فى بيوتهم.
2.خدام طوافين ينتقلون من مكان إلى مكان. وهؤلاء لا يمكن لهم أن يستعملوا الفنادق لسمعتها السيئة\'a1 إذاً كانوا محتاجين لمن يستضيفهم (كملاكى لوط). لذلك وجدت وصية """"لا تنسوا إضافة الغرباء"""" ( عب2:13). فكان هذا إحتياج الكنيسة فى تلك الأيام. وكانت تلك الإستضافة تشمل (الطعام والنوم). فهؤلاء الخدام لا يخدمون لربح مادى. ولقد إشترطت الكنيسة على هؤلاء الذين يقيمون أكثر من مدة معينة أن يعملوا ليأكلوا\'a1 يكون لهم عمل يتكسبون منه. لذلك نرى بولس الرسول قد عمل كخيام (صانع خيام).

أية 8 :- فَنَحْنُ يَنْبَغِي لَنَا أَنْ نَقْبَلَ أَمْثَالَ هَؤُلاَءِ\'a1 لِكَيْ نَكُونَ عَامِلِينَ مَعَهُمْ بِالْحَقِّ
من يكرم خدام الله يكرم الله.

أيات 9\'a1 10 :- كَتَبْتُ إِلَى الْكَنِيسَةِ\'a1 وَلَكِنَّ دِيُوتْرِيفِسَ - الَّذِي يُحِبُّ أَنْ يَكُونَ الأَّوَلَ بَيْنَهُمْ - لاَ يَقْبَلُنَا. مِنْ أَجْلِ ذَلِكَ إِذَا جِئْتُ فَسَأُذَكِّرُهُ بِأَعْمَالِهِ الَّتِي يَعْمَلُهَا\'a1 هَاذِراً عَلَيْنَا بِأَقْوَالٍ خَبِيثَةٍ. وَإِذْ هُوَ غَيْرُ مُكْتَفٍ بِهَذِهِ\'a1 لاَ يَقْبَلُ الإِخْوَةَ\'a1 وَيَمْنَعُ أَيْضاً الَّذِينَ يُرِيدُونَ\'a1 وَيَطْرُدُهُمْ مِنَ الْكَنِيسَةِ
يبدو أن ديوتريفس هذا كان شخصاً ذو سلطان فى الكنيسة وربما كان هو الأسقف\'a1 إذ هو قادر أن يمنع أشخاصاً من دخول الكنيسة. 
كتبت إلى الكنيسة = كتب يوحنا رسالة إلى الكنيسة يطلب فيها قبول الإخوة الكارزين\'a1 فمنع ديوتريفس وصول الرسالة للكنيسة. يحب أن يكون الأول = خطية الكبرياء هذه تجعل الخادم ينحرف عن خدمته\'a1 ويحدث الإنشقاق فى الكنيسة. لايقبلنا = هو فى كبريائه لا يطيق الحق\'a1 يريد أن يعلم ولا يتعلم. ولا يقبل هؤلاء الإخوة الذين أرسلهم يوحنا ليكرزوا ويعلموا. بل هو طرد هؤلاء الإخوة\'a1 بل طرد الذين قبلوهم فى بيوتهم = الذين يريدون. والرسول يقول سأذكره = أى يساعده على معرفة أخطائه ليخلص نفسه.

أية 11 :- أَيُّهَا الْحَبِيبُ\'a1 لاَ تَتَمَثَّلْ بِالشَّرِّ بَلْ بِالْخَيْرِ\'a1 لأَنَّ مَنْ يَصْنَعُ الْخَيْرَ هُوَ مِنَ اللهِ\'a1 وَمَنْ يَصْنَعُ الشَّرَّ فَلَمْ يُبْصِرِ اللهَ.
لا تتمثل بالشر = بديوتريفس وأعماله. بل بالخير = أى بديمتريوس.
فلم يبصر الله = من يفعل الشر\'a1ويمتلىء قلبه بالعجرفة وحب الذات ينحنى بإرادته للظلمة فلا يقدر أن يبصر الله """" فلا شركة للنور مع الظلمة"""" ( 2كو6: 14). ومن أبصر الله فلقد أبصر النور فالله نور\'a1والنور يضىء له الطريق فيعرف الحق. 
أية 12 :- دِيمِتْرِيُوسُ مَشْهُودٌ لَهُ مِنَ الْجَمِيعِ وَمِنَ الْحَقِّ نَفْسِهِ\'a1 وَنَحْنُ أَيْضاً نَشْهَدُ\'a1 وَأَنْتُمْ تَعْلَمُونَ أَنَّ شَهَادَتَنَا هِيَ صَادِقَةٌ
ومن الحق نفسه = ربما تعنى أن الله يشهد له  فالله هو الحق. أو تعنى من أعماله أى أعمال ديمتريوس\'a1 فأعماله بحسب الحق\'a1وهى تشهد له. 
ونحن أيضاً = أى أن الرسول إختبره بنفسه. 
مشهود له من الجميع = هكذا أولاد الله نورهم ظاهر للجميع. وبهذا يشجع الرسول\'a1 غايس أن يقتدى بديمتريوس ولا يتشبه بديوتريفس.

أية 13 :- وَكَانَ لِي كَثِيرٌ لأَكْتُبَهُ\'a1 لَكِنَّنِي لَسْتُ أُرِيدُ أَنْ أَكْتُبَ إِلَيْكَ بِحِبْرٍ وَقَلَمٍ
 الجسر= كان من السناج الممزوج بماء ومقوى بالصمغ. والقلم = كان من الغاب المشطوف.

اية 14 :- وَلَكِنَّنِي أَرْجُو أَنْ أَرَاكَ عَنْ قَرِيبٍ فَنَتَكَلَّمَ فَماً لِفَمٍ.
تأكيد على أهمية التقليد.

أية 15 :- سَلاَمٌ لَكَ. يُسَلِّمُ عَلَيْكَ الأَحِبَّاءُ. سَلِّمْ عَلَى الأَحِبَّاءِ بِأَسْمَائِهِمْ. 
يسلم عليك الأحباء = ولم يقل الإخوة تأكيداً على المحبة. وهكذا أيضاً سلم على الأحباء."
يوحنا ثالثة,1,81,"الإصحاح الأول
أية 1 :- اَلشَّيْخُ\'a1 إِلَى غَايُسَ الْحَبِيبِ الَّذِي أَنَا أُحِبُّهُ بِالْحَقِّ 
الرسول يحب بالحق أى لأجل المسيح\'a1 وبالمسيح الذى فيه.

أية 2 :- أَيُّهَا الْحَبِيبُ\'a1 فِي كُلِّ شَيْءٍ أَرُومُ أَنْ تَكُونَ نَاجِحاً وَصَحِيحاً\'a1 كَمَا أَنَّ نَفْسَكَ نَاجِحَة
الرسول يتمنى أن يكون غايس صحيحاً جسدياً. كما أنه نفسياً أى روحياً صحيح. ويرى البعض أن معنى كلام الرسول هنا أن صحة غايس كانت ليست على مايرام. والكنيسة تصلى من أجل صحة أولادها (فى أوشية المرضى) كما تصلى للراقدين والمسافرين. وأهم ما تطلبه لأجلهم هو غفران خطاياهم. 
كما أن نفسك ناجحة = النجاح ليس هو النجاح المادى وصحة الجسد. بل نجاح نفسى يتمثل فى الإحساس بالشبع والفرح والرضى والسلام الذى يملأ القلب. كما قال داود """"أحبك يارب يا قوتى"""" ( مز 18). ودانيال ويوسف كانوا ناجحين. وللأسف فهناك أباء يهتمون بنجاح أولادهم مادياً ودراسياً ولا يهتمون بحياتهم الروحية وأن يصرف أولادهم وقتاً مع الله.

أية 3 :- لأَنِّي فَرِحْتُ جِدّاً إِذْ حَضَرَ إِخْوَةٌ وَشَهِدُوا بِالْحَقِّ الَّذِي فِيكَ\'a1 كَمَا أَنَّكَ تَسْلُكُ بِالْحَقِّ
إذاً هو يكتب ليشجعه أن يستمر فى مسلكه. فرحة الخادم هى أن يرى أولاده يسلكون بالحق وبالمحبة وأن إيمانهم سليم. 

أية 4 :- لَيْسَ لِي فَرَحٌ أَعْظَمُ مِنْ هَذَا: أَنْ أَسْمَعَ عَنْ أَوْلاَدِي أَنَّهُمْ يَسْلُكُونَ بِالْحَقِّ
أسمع عن أولادى = هى أبوة يستمدها من الله وفى الله وبه\'a1 فإن صارت العلاقة خارج الرب يسوع ينطبق عليها هذا القول """" لا تدعوا لكم أباً على الأرض ( مت23: 8 - 10) وراجع ( غل4: 19 \'ba  1كو4: 15 \'ba  1تس2: 11).

أيات 5\'a1 6 :- أَيُّهَا الْحَبِيبُ\'a1 أَنْتَ تَفْعَلُ بِالأَمَانَةِ كُلَّ مَا تَصْنَعُهُ إِلَى الإِخْوَةِ وَإِلَى الْغُرَبَاءِ\'a1 الَّذِينَ شَهِدُوا بِمَحَبَّتِكَ أَمَامَ الْكَنِيسَةِ. الَّذِينَ تَفْعَلُ حَسَناً إِذَا شَيَّعْتَهُمْ كَمَا يَحِقُّ للهِ\'a1
الغرباء = الذين لم يعرفهم غايس قبلاً. الإخوة = هم الذين سبق وعرفهم غايس من قبل. كما يحق لله = الله هو القياس وليس خدامه.

أية 7 :- لأَنَّهُمْ مِنْ أَجْلِ اسْمِهِ خَرَجُوا وَهُمْ لاَ يَأْخُذُونَ شَيْئاً مِنَ الأُمَمِ
واضح أن هؤلاء الإخوة الغرباء خرجوا ليكرزوا للأمم\'a1ويريدون أن تكون خدمتهم مجانية\'a1أى بلا مقابل يأخذونه من الأمم. وغايس أتاح لهم هذا بأن تكفل بإحتياجاتهم المادية.

كان هناك نوعان من الخدام فى الكنيسة الأولى :- 
1.خدام محليين ثابتين مستقرين وهؤلاء يسكنون فى بيوتهم.
2.خدام طوافين ينتقلون من مكان إلى مكان. وهؤلاء لا يمكن لهم أن يستعملوا الفنادق لسمعتها السيئة\'a1 إذاً كانوا محتاجين لمن يستضيفهم (كملاكى لوط). لذلك وجدت وصية """"لا تنسوا إضافة الغرباء"""" ( عب2:13). فكان هذا إحتياج الكنيسة فى تلك الأيام. وكانت تلك الإستضافة تشمل (الطعام والنوم). فهؤلاء الخدام لا يخدمون لربح مادى. ولقد إشترطت الكنيسة على هؤلاء الذين يقيمون أكثر من مدة معينة أن يعملوا ليأكلوا\'a1 يكون لهم عمل يتكسبون منه. لذلك نرى بولس الرسول قد عمل كخيام (صانع خيام).

أية 8 :- فَنَحْنُ يَنْبَغِي لَنَا أَنْ نَقْبَلَ أَمْثَالَ هَؤُلاَءِ\'a1 لِكَيْ نَكُونَ عَامِلِينَ مَعَهُمْ بِالْحَقِّ
من يكرم خدام الله يكرم الله.

أيات 9\'a1 10 :- كَتَبْتُ إِلَى الْكَنِيسَةِ\'a1 وَلَكِنَّ دِيُوتْرِيفِسَ - الَّذِي يُحِبُّ أَنْ يَكُونَ الأَّوَلَ بَيْنَهُمْ - لاَ يَقْبَلُنَا. مِنْ أَجْلِ ذَلِكَ إِذَا جِئْتُ فَسَأُذَكِّرُهُ بِأَعْمَالِهِ الَّتِي يَعْمَلُهَا\'a1 هَاذِراً عَلَيْنَا بِأَقْوَالٍ خَبِيثَةٍ. وَإِذْ هُوَ غَيْرُ مُكْتَفٍ بِهَذِهِ\'a1 لاَ يَقْبَلُ الإِخْوَةَ\'a1 وَيَمْنَعُ أَيْضاً الَّذِينَ يُرِيدُونَ\'a1 وَيَطْرُدُهُمْ مِنَ الْكَنِيسَةِ
يبدو أن ديوتريفس هذا كان شخصاً ذو سلطان فى الكنيسة وربما كان هو الأسقف\'a1 إذ هو قادر أن يمنع أشخاصاً من دخول الكنيسة. 
كتبت إلى الكنيسة = كتب يوحنا رسالة إلى الكنيسة يطلب فيها قبول الإخوة الكارزين\'a1 فمنع ديوتريفس وصول الرسالة للكنيسة. يحب أن يكون الأول = خطية الكبرياء هذه تجعل الخادم ينحرف عن خدمته\'a1 ويحدث الإنشقاق فى الكنيسة. لايقبلنا = هو فى كبريائه لا يطيق الحق\'a1 يريد أن يعلم ولا يتعلم. ولا يقبل هؤلاء الإخوة الذين أرسلهم يوحنا ليكرزوا ويعلموا. بل هو طرد هؤلاء الإخوة\'a1 بل طرد الذين قبلوهم فى بيوتهم = الذين يريدون. والرسول يقول سأذكره = أى يساعده على معرفة أخطائه ليخلص نفسه.

أية 11 :- أَيُّهَا الْحَبِيبُ\'a1 لاَ تَتَمَثَّلْ بِالشَّرِّ بَلْ بِالْخَيْرِ\'a1 لأَنَّ مَنْ يَصْنَعُ الْخَيْرَ هُوَ مِنَ اللهِ\'a1 وَمَنْ يَصْنَعُ الشَّرَّ فَلَمْ يُبْصِرِ اللهَ.
لا تتمثل بالشر = بديوتريفس وأعماله. بل بالخير = أى بديمتريوس.
فلم يبصر الله = من يفعل الشر\'a1ويمتلىء قلبه بالعجرفة وحب الذات ينحنى بإرادته للظلمة فلا يقدر أن يبصر الله """" فلا شركة للنور مع الظلمة"""" ( 2كو6: 14). ومن أبصر الله فلقد أبصر النور فالله نور\'a1والنور يضىء له الطريق فيعرف الحق. 
أية 12 :- دِيمِتْرِيُوسُ مَشْهُودٌ لَهُ مِنَ الْجَمِيعِ وَمِنَ الْحَقِّ نَفْسِهِ\'a1 وَنَحْنُ أَيْضاً نَشْهَدُ\'a1 وَأَنْتُمْ تَعْلَمُونَ أَنَّ شَهَادَتَنَا هِيَ صَادِقَةٌ
ومن الحق نفسه = ربما تعنى أن الله يشهد له  فالله هو الحق. أو تعنى من أعماله أى أعمال ديمتريوس\'a1 فأعماله بحسب الحق\'a1وهى تشهد له. 
ونحن أيضاً = أى أن الرسول إختبره بنفسه. 
مشهود له من الجميع = هكذا أولاد الله نورهم ظاهر للجميع. وبهذا يشجع الرسول\'a1 غايس أن يقتدى بديمتريوس ولا يتشبه بديوتريفس.

أية 13 :- وَكَانَ لِي كَثِيرٌ لأَكْتُبَهُ\'a1 لَكِنَّنِي لَسْتُ أُرِيدُ أَنْ أَكْتُبَ إِلَيْكَ بِحِبْرٍ وَقَلَمٍ
 الجسر= كان من السناج الممزوج بماء ومقوى بالصمغ. والقلم = كان من الغاب المشطوف.

اية 14 :- وَلَكِنَّنِي أَرْجُو أَنْ أَرَاكَ عَنْ قَرِيبٍ فَنَتَكَلَّمَ فَماً لِفَمٍ.
تأكيد على أهمية التقليد.

أية 15 :- سَلاَمٌ لَكَ. يُسَلِّمُ عَلَيْكَ الأَحِبَّاءُ. سَلِّمْ عَلَى الأَحِبَّاءِ بِأَسْمَائِهِمْ. 
يسلم عليك الأحباء = ولم يقل الإخوة تأكيداً على المحبة. وهكذا أيضاً سلم على الأحباء."
يوحنا ثالثة,1,82,"الإصحاح الأول
أية 1 :- اَلشَّيْخُ\'a1 إِلَى غَايُسَ الْحَبِيبِ الَّذِي أَنَا أُحِبُّهُ بِالْحَقِّ 
الرسول يحب بالحق أى لأجل المسيح\'a1 وبالمسيح الذى فيه.

أية 2 :- أَيُّهَا الْحَبِيبُ\'a1 فِي كُلِّ شَيْءٍ أَرُومُ أَنْ تَكُونَ نَاجِحاً وَصَحِيحاً\'a1 كَمَا أَنَّ نَفْسَكَ نَاجِحَة
الرسول يتمنى أن يكون غايس صحيحاً جسدياً. كما أنه نفسياً أى روحياً صحيح. ويرى البعض أن معنى كلام الرسول هنا أن صحة غايس كانت ليست على مايرام. والكنيسة تصلى من أجل صحة أولادها (فى أوشية المرضى) كما تصلى للراقدين والمسافرين. وأهم ما تطلبه لأجلهم هو غفران خطاياهم. 
كما أن نفسك ناجحة = النجاح ليس هو النجاح المادى وصحة الجسد. بل نجاح نفسى يتمثل فى الإحساس بالشبع والفرح والرضى والسلام الذى يملأ القلب. كما قال داود """"أحبك يارب يا قوتى"""" ( مز 18). ودانيال ويوسف كانوا ناجحين. وللأسف فهناك أباء يهتمون بنجاح أولادهم مادياً ودراسياً ولا يهتمون بحياتهم الروحية وأن يصرف أولادهم وقتاً مع الله.

أية 3 :- لأَنِّي فَرِحْتُ جِدّاً إِذْ حَضَرَ إِخْوَةٌ وَشَهِدُوا بِالْحَقِّ الَّذِي فِيكَ\'a1 كَمَا أَنَّكَ تَسْلُكُ بِالْحَقِّ
إذاً هو يكتب ليشجعه أن يستمر فى مسلكه. فرحة الخادم هى أن يرى أولاده يسلكون بالحق وبالمحبة وأن إيمانهم سليم. 

أية 4 :- لَيْسَ لِي فَرَحٌ أَعْظَمُ مِنْ هَذَا: أَنْ أَسْمَعَ عَنْ أَوْلاَدِي أَنَّهُمْ يَسْلُكُونَ بِالْحَقِّ
أسمع عن أولادى = هى أبوة يستمدها من الله وفى الله وبه\'a1 فإن صارت العلاقة خارج الرب يسوع ينطبق عليها هذا القول """" لا تدعوا لكم أباً على الأرض ( مت23: 8 - 10) وراجع ( غل4: 19 \'ba  1كو4: 15 \'ba  1تس2: 11).

أيات 5\'a1 6 :- أَيُّهَا الْحَبِيبُ\'a1 أَنْتَ تَفْعَلُ بِالأَمَانَةِ كُلَّ مَا تَصْنَعُهُ إِلَى الإِخْوَةِ وَإِلَى الْغُرَبَاءِ\'a1 الَّذِينَ شَهِدُوا بِمَحَبَّتِكَ أَمَامَ الْكَنِيسَةِ. الَّذِينَ تَفْعَلُ حَسَناً إِذَا شَيَّعْتَهُمْ كَمَا يَحِقُّ للهِ\'a1
الغرباء = الذين لم يعرفهم غايس قبلاً. الإخوة = هم الذين سبق وعرفهم غايس من قبل. كما يحق لله = الله هو القياس وليس خدامه.

أية 7 :- لأَنَّهُمْ مِنْ أَجْلِ اسْمِهِ خَرَجُوا وَهُمْ لاَ يَأْخُذُونَ شَيْئاً مِنَ الأُمَمِ
واضح أن هؤلاء الإخوة الغرباء خرجوا ليكرزوا للأمم\'a1ويريدون أن تكون خدمتهم مجانية\'a1أى بلا مقابل يأخذونه من الأمم. وغايس أتاح لهم هذا بأن تكفل بإحتياجاتهم المادية.

كان هناك نوعان من الخدام فى الكنيسة الأولى :- 
1.خدام محليين ثابتين مستقرين وهؤلاء يسكنون فى بيوتهم.
2.خدام طوافين ينتقلون من مكان إلى مكان. وهؤلاء لا يمكن لهم أن يستعملوا الفنادق لسمعتها السيئة\'a1 إذاً كانوا محتاجين لمن يستضيفهم (كملاكى لوط). لذلك وجدت وصية """"لا تنسوا إضافة الغرباء"""" ( عب2:13). فكان هذا إحتياج الكنيسة فى تلك الأيام. وكانت تلك الإستضافة تشمل (الطعام والنوم). فهؤلاء الخدام لا يخدمون لربح مادى. ولقد إشترطت الكنيسة على هؤلاء الذين يقيمون أكثر من مدة معينة أن يعملوا ليأكلوا\'a1 يكون لهم عمل يتكسبون منه. لذلك نرى بولس الرسول قد عمل كخيام (صانع خيام).

أية 8 :- فَنَحْنُ يَنْبَغِي لَنَا أَنْ نَقْبَلَ أَمْثَالَ هَؤُلاَءِ\'a1 لِكَيْ نَكُونَ عَامِلِينَ مَعَهُمْ بِالْحَقِّ
من يكرم خدام الله يكرم الله.

أيات 9\'a1 10 :- كَتَبْتُ إِلَى الْكَنِيسَةِ\'a1 وَلَكِنَّ دِيُوتْرِيفِسَ - الَّذِي يُحِبُّ أَنْ يَكُونَ الأَّوَلَ بَيْنَهُمْ - لاَ يَقْبَلُنَا. مِنْ أَجْلِ ذَلِكَ إِذَا جِئْتُ فَسَأُذَكِّرُهُ بِأَعْمَالِهِ الَّتِي يَعْمَلُهَا\'a1 هَاذِراً عَلَيْنَا بِأَقْوَالٍ خَبِيثَةٍ. وَإِذْ هُوَ غَيْرُ مُكْتَفٍ بِهَذِهِ\'a1 لاَ يَقْبَلُ الإِخْوَةَ\'a1 وَيَمْنَعُ أَيْضاً الَّذِينَ يُرِيدُونَ\'a1 وَيَطْرُدُهُمْ مِنَ الْكَنِيسَةِ
يبدو أن ديوتريفس هذا كان شخصاً ذو سلطان فى الكنيسة وربما كان هو الأسقف\'a1 إذ هو قادر أن يمنع أشخاصاً من دخول الكنيسة. 
كتبت إلى الكنيسة = كتب يوحنا رسالة إلى الكنيسة يطلب فيها قبول الإخوة الكارزين\'a1 فمنع ديوتريفس وصول الرسالة للكنيسة. يحب أن يكون الأول = خطية الكبرياء هذه تجعل الخادم ينحرف عن خدمته\'a1 ويحدث الإنشقاق فى الكنيسة. لايقبلنا = هو فى كبريائه لا يطيق الحق\'a1 يريد أن يعلم ولا يتعلم. ولا يقبل هؤلاء الإخوة الذين أرسلهم يوحنا ليكرزوا ويعلموا. بل هو طرد هؤلاء الإخوة\'a1 بل طرد الذين قبلوهم فى بيوتهم = الذين يريدون. والرسول يقول سأذكره = أى يساعده على معرفة أخطائه ليخلص نفسه.

أية 11 :- أَيُّهَا الْحَبِيبُ\'a1 لاَ تَتَمَثَّلْ بِالشَّرِّ بَلْ بِالْخَيْرِ\'a1 لأَنَّ مَنْ يَصْنَعُ الْخَيْرَ هُوَ مِنَ اللهِ\'a1 وَمَنْ يَصْنَعُ الشَّرَّ فَلَمْ يُبْصِرِ اللهَ.
لا تتمثل بالشر = بديوتريفس وأعماله. بل بالخير = أى بديمتريوس.
فلم يبصر الله = من يفعل الشر\'a1ويمتلىء قلبه بالعجرفة وحب الذات ينحنى بإرادته للظلمة فلا يقدر أن يبصر الله """" فلا شركة للنور مع الظلمة"""" ( 2كو6: 14). ومن أبصر الله فلقد أبصر النور فالله نور\'a1والنور يضىء له الطريق فيعرف الحق. 
أية 12 :- دِيمِتْرِيُوسُ مَشْهُودٌ لَهُ مِنَ الْجَمِيعِ وَمِنَ الْحَقِّ نَفْسِهِ\'a1 وَنَحْنُ أَيْضاً نَشْهَدُ\'a1 وَأَنْتُمْ تَعْلَمُونَ أَنَّ شَهَادَتَنَا هِيَ صَادِقَةٌ
ومن الحق نفسه = ربما تعنى أن الله يشهد له  فالله هو الحق. أو تعنى من أعماله أى أعمال ديمتريوس\'a1 فأعماله بحسب الحق\'a1وهى تشهد له. 
ونحن أيضاً = أى أن الرسول إختبره بنفسه. 
مشهود له من الجميع = هكذا أولاد الله نورهم ظاهر للجميع. وبهذا يشجع الرسول\'a1 غايس أن يقتدى بديمتريوس ولا يتشبه بديوتريفس.

أية 13 :- وَكَانَ لِي كَثِيرٌ لأَكْتُبَهُ\'a1 لَكِنَّنِي لَسْتُ أُرِيدُ أَنْ أَكْتُبَ إِلَيْكَ بِحِبْرٍ وَقَلَمٍ
 الجسر= كان من السناج الممزوج بماء ومقوى بالصمغ. والقلم = كان من الغاب المشطوف.

اية 14 :- وَلَكِنَّنِي أَرْجُو أَنْ أَرَاكَ عَنْ قَرِيبٍ فَنَتَكَلَّمَ فَماً لِفَمٍ.
تأكيد على أهمية التقليد.

أية 15 :- سَلاَمٌ لَكَ. يُسَلِّمُ عَلَيْكَ الأَحِبَّاءُ. سَلِّمْ عَلَى الأَحِبَّاءِ بِأَسْمَائِهِمْ. 
يسلم عليك الأحباء = ولم يقل الإخوة تأكيداً على المحبة. وهكذا أيضاً سلم على الأحباء."
يوحنا ثالثة,1,83,"الإصحاح الأول
أية 1 :- اَلشَّيْخُ\'a1 إِلَى غَايُسَ الْحَبِيبِ الَّذِي أَنَا أُحِبُّهُ بِالْحَقِّ 
الرسول يحب بالحق أى لأجل المسيح\'a1 وبالمسيح الذى فيه.

أية 2 :- أَيُّهَا الْحَبِيبُ\'a1 فِي كُلِّ شَيْءٍ أَرُومُ أَنْ تَكُونَ نَاجِحاً وَصَحِيحاً\'a1 كَمَا أَنَّ نَفْسَكَ نَاجِحَة
الرسول يتمنى أن يكون غايس صحيحاً جسدياً. كما أنه نفسياً أى روحياً صحيح. ويرى البعض أن معنى كلام الرسول هنا أن صحة غايس كانت ليست على مايرام. والكنيسة تصلى من أجل صحة أولادها (فى أوشية المرضى) كما تصلى للراقدين والمسافرين. وأهم ما تطلبه لأجلهم هو غفران خطاياهم. 
كما أن نفسك ناجحة = النجاح ليس هو النجاح المادى وصحة الجسد. بل نجاح نفسى يتمثل فى الإحساس بالشبع والفرح والرضى والسلام الذى يملأ القلب. كما قال داود """"أحبك يارب يا قوتى"""" ( مز 18). ودانيال ويوسف كانوا ناجحين. وللأسف فهناك أباء يهتمون بنجاح أولادهم مادياً ودراسياً ولا يهتمون بحياتهم الروحية وأن يصرف أولادهم وقتاً مع الله.

أية 3 :- لأَنِّي فَرِحْتُ جِدّاً إِذْ حَضَرَ إِخْوَةٌ وَشَهِدُوا بِالْحَقِّ الَّذِي فِيكَ\'a1 كَمَا أَنَّكَ تَسْلُكُ بِالْحَقِّ
إذاً هو يكتب ليشجعه أن يستمر فى مسلكه. فرحة الخادم هى أن يرى أولاده يسلكون بالحق وبالمحبة وأن إيمانهم سليم. 

أية 4 :- لَيْسَ لِي فَرَحٌ أَعْظَمُ مِنْ هَذَا: أَنْ أَسْمَعَ عَنْ أَوْلاَدِي أَنَّهُمْ يَسْلُكُونَ بِالْحَقِّ
أسمع عن أولادى = هى أبوة يستمدها من الله وفى الله وبه\'a1 فإن صارت العلاقة خارج الرب يسوع ينطبق عليها هذا القول """" لا تدعوا لكم أباً على الأرض ( مت23: 8 - 10) وراجع ( غل4: 19 \'ba  1كو4: 15 \'ba  1تس2: 11).

أيات 5\'a1 6 :- أَيُّهَا الْحَبِيبُ\'a1 أَنْتَ تَفْعَلُ بِالأَمَانَةِ كُلَّ مَا تَصْنَعُهُ إِلَى الإِخْوَةِ وَإِلَى الْغُرَبَاءِ\'a1 الَّذِينَ شَهِدُوا بِمَحَبَّتِكَ أَمَامَ الْكَنِيسَةِ. الَّذِينَ تَفْعَلُ حَسَناً إِذَا شَيَّعْتَهُمْ كَمَا يَحِقُّ للهِ\'a1
الغرباء = الذين لم يعرفهم غايس قبلاً. الإخوة = هم الذين سبق وعرفهم غايس من قبل. كما يحق لله = الله هو القياس وليس خدامه.

أية 7 :- لأَنَّهُمْ مِنْ أَجْلِ اسْمِهِ خَرَجُوا وَهُمْ لاَ يَأْخُذُونَ شَيْئاً مِنَ الأُمَمِ
واضح أن هؤلاء الإخوة الغرباء خرجوا ليكرزوا للأمم\'a1ويريدون أن تكون خدمتهم مجانية\'a1أى بلا مقابل يأخذونه من الأمم. وغايس أتاح لهم هذا بأن تكفل بإحتياجاتهم المادية.

كان هناك نوعان من الخدام فى الكنيسة الأولى :- 
1.خدام محليين ثابتين مستقرين وهؤلاء يسكنون فى بيوتهم.
2.خدام طوافين ينتقلون من مكان إلى مكان. وهؤلاء لا يمكن لهم أن يستعملوا الفنادق لسمعتها السيئة\'a1 إذاً كانوا محتاجين لمن يستضيفهم (كملاكى لوط). لذلك وجدت وصية """"لا تنسوا إضافة الغرباء"""" ( عب2:13). فكان هذا إحتياج الكنيسة فى تلك الأيام. وكانت تلك الإستضافة تشمل (الطعام والنوم). فهؤلاء الخدام لا يخدمون لربح مادى. ولقد إشترطت الكنيسة على هؤلاء الذين يقيمون أكثر من مدة معينة أن يعملوا ليأكلوا\'a1 يكون لهم عمل يتكسبون منه. لذلك نرى بولس الرسول قد عمل كخيام (صانع خيام).

أية 8 :- فَنَحْنُ يَنْبَغِي لَنَا أَنْ نَقْبَلَ أَمْثَالَ هَؤُلاَءِ\'a1 لِكَيْ نَكُونَ عَامِلِينَ مَعَهُمْ بِالْحَقِّ
من يكرم خدام الله يكرم الله.

أيات 9\'a1 10 :- كَتَبْتُ إِلَى الْكَنِيسَةِ\'a1 وَلَكِنَّ دِيُوتْرِيفِسَ - الَّذِي يُحِبُّ أَنْ يَكُونَ الأَّوَلَ بَيْنَهُمْ - لاَ يَقْبَلُنَا. مِنْ أَجْلِ ذَلِكَ إِذَا جِئْتُ فَسَأُذَكِّرُهُ بِأَعْمَالِهِ الَّتِي يَعْمَلُهَا\'a1 هَاذِراً عَلَيْنَا بِأَقْوَالٍ خَبِيثَةٍ. وَإِذْ هُوَ غَيْرُ مُكْتَفٍ بِهَذِهِ\'a1 لاَ يَقْبَلُ الإِخْوَةَ\'a1 وَيَمْنَعُ أَيْضاً الَّذِينَ يُرِيدُونَ\'a1 وَيَطْرُدُهُمْ مِنَ الْكَنِيسَةِ
يبدو أن ديوتريفس هذا كان شخصاً ذو سلطان فى الكنيسة وربما كان هو الأسقف\'a1 إذ هو قادر أن يمنع أشخاصاً من دخول الكنيسة. 
كتبت إلى الكنيسة = كتب يوحنا رسالة إلى الكنيسة يطلب فيها قبول الإخوة الكارزين\'a1 فمنع ديوتريفس وصول الرسالة للكنيسة. يحب أن يكون الأول = خطية الكبرياء هذه تجعل الخادم ينحرف عن خدمته\'a1 ويحدث الإنشقاق فى الكنيسة. لايقبلنا = هو فى كبريائه لا يطيق الحق\'a1 يريد أن يعلم ولا يتعلم. ولا يقبل هؤلاء الإخوة الذين أرسلهم يوحنا ليكرزوا ويعلموا. بل هو طرد هؤلاء الإخوة\'a1 بل طرد الذين قبلوهم فى بيوتهم = الذين يريدون. والرسول يقول سأذكره = أى يساعده على معرفة أخطائه ليخلص نفسه.

أية 11 :- أَيُّهَا الْحَبِيبُ\'a1 لاَ تَتَمَثَّلْ بِالشَّرِّ بَلْ بِالْخَيْرِ\'a1 لأَنَّ مَنْ يَصْنَعُ الْخَيْرَ هُوَ مِنَ اللهِ\'a1 وَمَنْ يَصْنَعُ الشَّرَّ فَلَمْ يُبْصِرِ اللهَ.
لا تتمثل بالشر = بديوتريفس وأعماله. بل بالخير = أى بديمتريوس.
فلم يبصر الله = من يفعل الشر\'a1ويمتلىء قلبه بالعجرفة وحب الذات ينحنى بإرادته للظلمة فلا يقدر أن يبصر الله """" فلا شركة للنور مع الظلمة"""" ( 2كو6: 14). ومن أبصر الله فلقد أبصر النور فالله نور\'a1والنور يضىء له الطريق فيعرف الحق. 
أية 12 :- دِيمِتْرِيُوسُ مَشْهُودٌ لَهُ مِنَ الْجَمِيعِ وَمِنَ الْحَقِّ نَفْسِهِ\'a1 وَنَحْنُ أَيْضاً نَشْهَدُ\'a1 وَأَنْتُمْ تَعْلَمُونَ أَنَّ شَهَادَتَنَا هِيَ صَادِقَةٌ
ومن الحق نفسه = ربما تعنى أن الله يشهد له  فالله هو الحق. أو تعنى من أعماله أى أعمال ديمتريوس\'a1 فأعماله بحسب الحق\'a1وهى تشهد له. 
ونحن أيضاً = أى أن الرسول إختبره بنفسه. 
مشهود له من الجميع = هكذا أولاد الله نورهم ظاهر للجميع. وبهذا يشجع الرسول\'a1 غايس أن يقتدى بديمتريوس ولا يتشبه بديوتريفس.

أية 13 :- وَكَانَ لِي كَثِيرٌ لأَكْتُبَهُ\'a1 لَكِنَّنِي لَسْتُ أُرِيدُ أَنْ أَكْتُبَ إِلَيْكَ بِحِبْرٍ وَقَلَمٍ
 الجسر= كان من السناج الممزوج بماء ومقوى بالصمغ. والقلم = كان من الغاب المشطوف.

اية 14 :- وَلَكِنَّنِي أَرْجُو أَنْ أَرَاكَ عَنْ قَرِيبٍ فَنَتَكَلَّمَ فَماً لِفَمٍ.
تأكيد على أهمية التقليد.

أية 15 :- سَلاَمٌ لَكَ. يُسَلِّمُ عَلَيْكَ الأَحِبَّاءُ. سَلِّمْ عَلَى الأَحِبَّاءِ بِأَسْمَائِهِمْ. 
يسلم عليك الأحباء = ولم يقل الإخوة تأكيداً على المحبة. وهكذا أيضاً سلم على الأحباء."
يوحنا ثالثة,1,84,"الإصحاح الأول
أية 1 :- اَلشَّيْخُ\'a1 إِلَى غَايُسَ الْحَبِيبِ الَّذِي أَنَا أُحِبُّهُ بِالْحَقِّ 
الرسول يحب بالحق أى لأجل المسيح\'a1 وبالمسيح الذى فيه.

أية 2 :- أَيُّهَا الْحَبِيبُ\'a1 فِي كُلِّ شَيْءٍ أَرُومُ أَنْ تَكُونَ نَاجِحاً وَصَحِيحاً\'a1 كَمَا أَنَّ نَفْسَكَ نَاجِحَة
الرسول يتمنى أن يكون غايس صحيحاً جسدياً. كما أنه نفسياً أى روحياً صحيح. ويرى البعض أن معنى كلام الرسول هنا أن صحة غايس كانت ليست على مايرام. والكنيسة تصلى من أجل صحة أولادها (فى أوشية المرضى) كما تصلى للراقدين والمسافرين. وأهم ما تطلبه لأجلهم هو غفران خطاياهم. 
كما أن نفسك ناجحة = النجاح ليس هو النجاح المادى وصحة الجسد. بل نجاح نفسى يتمثل فى الإحساس بالشبع والفرح والرضى والسلام الذى يملأ القلب. كما قال داود """"أحبك يارب يا قوتى"""" ( مز 18). ودانيال ويوسف كانوا ناجحين. وللأسف فهناك أباء يهتمون بنجاح أولادهم مادياً ودراسياً ولا يهتمون بحياتهم الروحية وأن يصرف أولادهم وقتاً مع الله.

أية 3 :- لأَنِّي فَرِحْتُ جِدّاً إِذْ حَضَرَ إِخْوَةٌ وَشَهِدُوا بِالْحَقِّ الَّذِي فِيكَ\'a1 كَمَا أَنَّكَ تَسْلُكُ بِالْحَقِّ
إذاً هو يكتب ليشجعه أن يستمر فى مسلكه. فرحة الخادم هى أن يرى أولاده يسلكون بالحق وبالمحبة وأن إيمانهم سليم. 

أية 4 :- لَيْسَ لِي فَرَحٌ أَعْظَمُ مِنْ هَذَا: أَنْ أَسْمَعَ عَنْ أَوْلاَدِي أَنَّهُمْ يَسْلُكُونَ بِالْحَقِّ
أسمع عن أولادى = هى أبوة يستمدها من الله وفى الله وبه\'a1 فإن صارت العلاقة خارج الرب يسوع ينطبق عليها هذا القول """" لا تدعوا لكم أباً على الأرض ( مت23: 8 - 10) وراجع ( غل4: 19 \'ba  1كو4: 15 \'ba  1تس2: 11).

أيات 5\'a1 6 :- أَيُّهَا الْحَبِيبُ\'a1 أَنْتَ تَفْعَلُ بِالأَمَانَةِ كُلَّ مَا تَصْنَعُهُ إِلَى الإِخْوَةِ وَإِلَى الْغُرَبَاءِ\'a1 الَّذِينَ شَهِدُوا بِمَحَبَّتِكَ أَمَامَ الْكَنِيسَةِ. الَّذِينَ تَفْعَلُ حَسَناً إِذَا شَيَّعْتَهُمْ كَمَا يَحِقُّ للهِ\'a1
الغرباء = الذين لم يعرفهم غايس قبلاً. الإخوة = هم الذين سبق وعرفهم غايس من قبل. كما يحق لله = الله هو القياس وليس خدامه.

أية 7 :- لأَنَّهُمْ مِنْ أَجْلِ اسْمِهِ خَرَجُوا وَهُمْ لاَ يَأْخُذُونَ شَيْئاً مِنَ الأُمَمِ
واضح أن هؤلاء الإخوة الغرباء خرجوا ليكرزوا للأمم\'a1ويريدون أن تكون خدمتهم مجانية\'a1أى بلا مقابل يأخذونه من الأمم. وغايس أتاح لهم هذا بأن تكفل بإحتياجاتهم المادية.

كان هناك نوعان من الخدام فى الكنيسة الأولى :- 
1.خدام محليين ثابتين مستقرين وهؤلاء يسكنون فى بيوتهم.
2.خدام طوافين ينتقلون من مكان إلى مكان. وهؤلاء لا يمكن لهم أن يستعملوا الفنادق لسمعتها السيئة\'a1 إذاً كانوا محتاجين لمن يستضيفهم (كملاكى لوط). لذلك وجدت وصية """"لا تنسوا إضافة الغرباء"""" ( عب2:13). فكان هذا إحتياج الكنيسة فى تلك الأيام. وكانت تلك الإستضافة تشمل (الطعام والنوم). فهؤلاء الخدام لا يخدمون لربح مادى. ولقد إشترطت الكنيسة على هؤلاء الذين يقيمون أكثر من مدة معينة أن يعملوا ليأكلوا\'a1 يكون لهم عمل يتكسبون منه. لذلك نرى بولس الرسول قد عمل كخيام (صانع خيام).

أية 8 :- فَنَحْنُ يَنْبَغِي لَنَا أَنْ نَقْبَلَ أَمْثَالَ هَؤُلاَءِ\'a1 لِكَيْ نَكُونَ عَامِلِينَ مَعَهُمْ بِالْحَقِّ
من يكرم خدام الله يكرم الله.

أيات 9\'a1 10 :- كَتَبْتُ إِلَى الْكَنِيسَةِ\'a1 وَلَكِنَّ دِيُوتْرِيفِسَ - الَّذِي يُحِبُّ أَنْ يَكُونَ الأَّوَلَ بَيْنَهُمْ - لاَ يَقْبَلُنَا. مِنْ أَجْلِ ذَلِكَ إِذَا جِئْتُ فَسَأُذَكِّرُهُ بِأَعْمَالِهِ الَّتِي يَعْمَلُهَا\'a1 هَاذِراً عَلَيْنَا بِأَقْوَالٍ خَبِيثَةٍ. وَإِذْ هُوَ غَيْرُ مُكْتَفٍ بِهَذِهِ\'a1 لاَ يَقْبَلُ الإِخْوَةَ\'a1 وَيَمْنَعُ أَيْضاً الَّذِينَ يُرِيدُونَ\'a1 وَيَطْرُدُهُمْ مِنَ الْكَنِيسَةِ
يبدو أن ديوتريفس هذا كان شخصاً ذو سلطان فى الكنيسة وربما كان هو الأسقف\'a1 إذ هو قادر أن يمنع أشخاصاً من دخول الكنيسة. 
كتبت إلى الكنيسة = كتب يوحنا رسالة إلى الكنيسة يطلب فيها قبول الإخوة الكارزين\'a1 فمنع ديوتريفس وصول الرسالة للكنيسة. يحب أن يكون الأول = خطية الكبرياء هذه تجعل الخادم ينحرف عن خدمته\'a1 ويحدث الإنشقاق فى الكنيسة. لايقبلنا = هو فى كبريائه لا يطيق الحق\'a1 يريد أن يعلم ولا يتعلم. ولا يقبل هؤلاء الإخوة الذين أرسلهم يوحنا ليكرزوا ويعلموا. بل هو طرد هؤلاء الإخوة\'a1 بل طرد الذين قبلوهم فى بيوتهم = الذين يريدون. والرسول يقول سأذكره = أى يساعده على معرفة أخطائه ليخلص نفسه.

أية 11 :- أَيُّهَا الْحَبِيبُ\'a1 لاَ تَتَمَثَّلْ بِالشَّرِّ بَلْ بِالْخَيْرِ\'a1 لأَنَّ مَنْ يَصْنَعُ الْخَيْرَ هُوَ مِنَ اللهِ\'a1 وَمَنْ يَصْنَعُ الشَّرَّ فَلَمْ يُبْصِرِ اللهَ.
لا تتمثل بالشر = بديوتريفس وأعماله. بل بالخير = أى بديمتريوس.
فلم يبصر الله = من يفعل الشر\'a1ويمتلىء قلبه بالعجرفة وحب الذات ينحنى بإرادته للظلمة فلا يقدر أن يبصر الله """" فلا شركة للنور مع الظلمة"""" ( 2كو6: 14). ومن أبصر الله فلقد أبصر النور فالله نور\'a1والنور يضىء له الطريق فيعرف الحق. 
أية 12 :- دِيمِتْرِيُوسُ مَشْهُودٌ لَهُ مِنَ الْجَمِيعِ وَمِنَ الْحَقِّ نَفْسِهِ\'a1 وَنَحْنُ أَيْضاً نَشْهَدُ\'a1 وَأَنْتُمْ تَعْلَمُونَ أَنَّ شَهَادَتَنَا هِيَ صَادِقَةٌ
ومن الحق نفسه = ربما تعنى أن الله يشهد له  فالله هو الحق. أو تعنى من أعماله أى أعمال ديمتريوس\'a1 فأعماله بحسب الحق\'a1وهى تشهد له. 
ونحن أيضاً = أى أن الرسول إختبره بنفسه. 
مشهود له من الجميع = هكذا أولاد الله نورهم ظاهر للجميع. وبهذا يشجع الرسول\'a1 غايس أن يقتدى بديمتريوس ولا يتشبه بديوتريفس.

أية 13 :- وَكَانَ لِي كَثِيرٌ لأَكْتُبَهُ\'a1 لَكِنَّنِي لَسْتُ أُرِيدُ أَنْ أَكْتُبَ إِلَيْكَ بِحِبْرٍ وَقَلَمٍ
 الجسر= كان من السناج الممزوج بماء ومقوى بالصمغ. والقلم = كان من الغاب المشطوف.

اية 14 :- وَلَكِنَّنِي أَرْجُو أَنْ أَرَاكَ عَنْ قَرِيبٍ فَنَتَكَلَّمَ فَماً لِفَمٍ.
تأكيد على أهمية التقليد.

أية 15 :- سَلاَمٌ لَكَ. يُسَلِّمُ عَلَيْكَ الأَحِبَّاءُ. سَلِّمْ عَلَى الأَحِبَّاءِ بِأَسْمَائِهِمْ. 
يسلم عليك الأحباء = ولم يقل الإخوة تأكيداً على المحبة. وهكذا أيضاً سلم على الأحباء."
يوحنا ثالثة,1,85,"الإصحاح الأول
أية 1 :- اَلشَّيْخُ\'a1 إِلَى غَايُسَ الْحَبِيبِ الَّذِي أَنَا أُحِبُّهُ بِالْحَقِّ 
الرسول يحب بالحق أى لأجل المسيح\'a1 وبالمسيح الذى فيه.

أية 2 :- أَيُّهَا الْحَبِيبُ\'a1 فِي كُلِّ شَيْءٍ أَرُومُ أَنْ تَكُونَ نَاجِحاً وَصَحِيحاً\'a1 كَمَا أَنَّ نَفْسَكَ نَاجِحَة
الرسول يتمنى أن يكون غايس صحيحاً جسدياً. كما أنه نفسياً أى روحياً صحيح. ويرى البعض أن معنى كلام الرسول هنا أن صحة غايس كانت ليست على مايرام. والكنيسة تصلى من أجل صحة أولادها (فى أوشية المرضى) كما تصلى للراقدين والمسافرين. وأهم ما تطلبه لأجلهم هو غفران خطاياهم. 
كما أن نفسك ناجحة = النجاح ليس هو النجاح المادى وصحة الجسد. بل نجاح نفسى يتمثل فى الإحساس بالشبع والفرح والرضى والسلام الذى يملأ القلب. كما قال داود """"أحبك يارب يا قوتى"""" ( مز 18). ودانيال ويوسف كانوا ناجحين. وللأسف فهناك أباء يهتمون بنجاح أولادهم مادياً ودراسياً ولا يهتمون بحياتهم الروحية وأن يصرف أولادهم وقتاً مع الله.

أية 3 :- لأَنِّي فَرِحْتُ جِدّاً إِذْ حَضَرَ إِخْوَةٌ وَشَهِدُوا بِالْحَقِّ الَّذِي فِيكَ\'a1 كَمَا أَنَّكَ تَسْلُكُ بِالْحَقِّ
إذاً هو يكتب ليشجعه أن يستمر فى مسلكه. فرحة الخادم هى أن يرى أولاده يسلكون بالحق وبالمحبة وأن إيمانهم سليم. 

أية 4 :- لَيْسَ لِي فَرَحٌ أَعْظَمُ مِنْ هَذَا: أَنْ أَسْمَعَ عَنْ أَوْلاَدِي أَنَّهُمْ يَسْلُكُونَ بِالْحَقِّ
أسمع عن أولادى = هى أبوة يستمدها من الله وفى الله وبه\'a1 فإن صارت العلاقة خارج الرب يسوع ينطبق عليها هذا القول """" لا تدعوا لكم أباً على الأرض ( مت23: 8 - 10) وراجع ( غل4: 19 \'ba  1كو4: 15 \'ba  1تس2: 11).

أيات 5\'a1 6 :- أَيُّهَا الْحَبِيبُ\'a1 أَنْتَ تَفْعَلُ بِالأَمَانَةِ كُلَّ مَا تَصْنَعُهُ إِلَى الإِخْوَةِ وَإِلَى الْغُرَبَاءِ\'a1 الَّذِينَ شَهِدُوا بِمَحَبَّتِكَ أَمَامَ الْكَنِيسَةِ. الَّذِينَ تَفْعَلُ حَسَناً إِذَا شَيَّعْتَهُمْ كَمَا يَحِقُّ للهِ\'a1
الغرباء = الذين لم يعرفهم غايس قبلاً. الإخوة = هم الذين سبق وعرفهم غايس من قبل. كما يحق لله = الله هو القياس وليس خدامه.

أية 7 :- لأَنَّهُمْ مِنْ أَجْلِ اسْمِهِ خَرَجُوا وَهُمْ لاَ يَأْخُذُونَ شَيْئاً مِنَ الأُمَمِ
واضح أن هؤلاء الإخوة الغرباء خرجوا ليكرزوا للأمم\'a1ويريدون أن تكون خدمتهم مجانية\'a1أى بلا مقابل يأخذونه من الأمم. وغايس أتاح لهم هذا بأن تكفل بإحتياجاتهم المادية.

كان هناك نوعان من الخدام فى الكنيسة الأولى :- 
1.خدام محليين ثابتين مستقرين وهؤلاء يسكنون فى بيوتهم.
2.خدام طوافين ينتقلون من مكان إلى مكان. وهؤلاء لا يمكن لهم أن يستعملوا الفنادق لسمعتها السيئة\'a1 إذاً كانوا محتاجين لمن يستضيفهم (كملاكى لوط). لذلك وجدت وصية """"لا تنسوا إضافة الغرباء"""" ( عب2:13). فكان هذا إحتياج الكنيسة فى تلك الأيام. وكانت تلك الإستضافة تشمل (الطعام والنوم). فهؤلاء الخدام لا يخدمون لربح مادى. ولقد إشترطت الكنيسة على هؤلاء الذين يقيمون أكثر من مدة معينة أن يعملوا ليأكلوا\'a1 يكون لهم عمل يتكسبون منه. لذلك نرى بولس الرسول قد عمل كخيام (صانع خيام).

أية 8 :- فَنَحْنُ يَنْبَغِي لَنَا أَنْ نَقْبَلَ أَمْثَالَ هَؤُلاَءِ\'a1 لِكَيْ نَكُونَ عَامِلِينَ مَعَهُمْ بِالْحَقِّ
من يكرم خدام الله يكرم الله.

أيات 9\'a1 10 :- كَتَبْتُ إِلَى الْكَنِيسَةِ\'a1 وَلَكِنَّ دِيُوتْرِيفِسَ - الَّذِي يُحِبُّ أَنْ يَكُونَ الأَّوَلَ بَيْنَهُمْ - لاَ يَقْبَلُنَا. مِنْ أَجْلِ ذَلِكَ إِذَا جِئْتُ فَسَأُذَكِّرُهُ بِأَعْمَالِهِ الَّتِي يَعْمَلُهَا\'a1 هَاذِراً عَلَيْنَا بِأَقْوَالٍ خَبِيثَةٍ. وَإِذْ هُوَ غَيْرُ مُكْتَفٍ بِهَذِهِ\'a1 لاَ يَقْبَلُ الإِخْوَةَ\'a1 وَيَمْنَعُ أَيْضاً الَّذِينَ يُرِيدُونَ\'a1 وَيَطْرُدُهُمْ مِنَ الْكَنِيسَةِ
يبدو أن ديوتريفس هذا كان شخصاً ذو سلطان فى الكنيسة وربما كان هو الأسقف\'a1 إذ هو قادر أن يمنع أشخاصاً من دخول الكنيسة. 
كتبت إلى الكنيسة = كتب يوحنا رسالة إلى الكنيسة يطلب فيها قبول الإخوة الكارزين\'a1 فمنع ديوتريفس وصول الرسالة للكنيسة. يحب أن يكون الأول = خطية الكبرياء هذه تجعل الخادم ينحرف عن خدمته\'a1 ويحدث الإنشقاق فى الكنيسة. لايقبلنا = هو فى كبريائه لا يطيق الحق\'a1 يريد أن يعلم ولا يتعلم. ولا يقبل هؤلاء الإخوة الذين أرسلهم يوحنا ليكرزوا ويعلموا. بل هو طرد هؤلاء الإخوة\'a1 بل طرد الذين قبلوهم فى بيوتهم = الذين يريدون. والرسول يقول سأذكره = أى يساعده على معرفة أخطائه ليخلص نفسه.

أية 11 :- أَيُّهَا الْحَبِيبُ\'a1 لاَ تَتَمَثَّلْ بِالشَّرِّ بَلْ بِالْخَيْرِ\'a1 لأَنَّ مَنْ يَصْنَعُ الْخَيْرَ هُوَ مِنَ اللهِ\'a1 وَمَنْ يَصْنَعُ الشَّرَّ فَلَمْ يُبْصِرِ اللهَ.
لا تتمثل بالشر = بديوتريفس وأعماله. بل بالخير = أى بديمتريوس.
فلم يبصر الله = من يفعل الشر\'a1ويمتلىء قلبه بالعجرفة وحب الذات ينحنى بإرادته للظلمة فلا يقدر أن يبصر الله """" فلا شركة للنور مع الظلمة"""" ( 2كو6: 14). ومن أبصر الله فلقد أبصر النور فالله نور\'a1والنور يضىء له الطريق فيعرف الحق. 
أية 12 :- دِيمِتْرِيُوسُ مَشْهُودٌ لَهُ مِنَ الْجَمِيعِ وَمِنَ الْحَقِّ نَفْسِهِ\'a1 وَنَحْنُ أَيْضاً نَشْهَدُ\'a1 وَأَنْتُمْ تَعْلَمُونَ أَنَّ شَهَادَتَنَا هِيَ صَادِقَةٌ
ومن الحق نفسه = ربما تعنى أن الله يشهد له  فالله هو الحق. أو تعنى من أعماله أى أعمال ديمتريوس\'a1 فأعماله بحسب الحق\'a1وهى تشهد له. 
ونحن أيضاً = أى أن الرسول إختبره بنفسه. 
مشهود له من الجميع = هكذا أولاد الله نورهم ظاهر للجميع. وبهذا يشجع الرسول\'a1 غايس أن يقتدى بديمتريوس ولا يتشبه بديوتريفس.

أية 13 :- وَكَانَ لِي كَثِيرٌ لأَكْتُبَهُ\'a1 لَكِنَّنِي لَسْتُ أُرِيدُ أَنْ أَكْتُبَ إِلَيْكَ بِحِبْرٍ وَقَلَمٍ
 الجسر= كان من السناج الممزوج بماء ومقوى بالصمغ. والقلم = كان من الغاب المشطوف.

اية 14 :- وَلَكِنَّنِي أَرْجُو أَنْ أَرَاكَ عَنْ قَرِيبٍ فَنَتَكَلَّمَ فَماً لِفَمٍ.
تأكيد على أهمية التقليد.

أية 15 :- سَلاَمٌ لَكَ. يُسَلِّمُ عَلَيْكَ الأَحِبَّاءُ. سَلِّمْ عَلَى الأَحِبَّاءِ بِأَسْمَائِهِمْ. 
يسلم عليك الأحباء = ولم يقل الإخوة تأكيداً على المحبة. وهكذا أيضاً سلم على الأحباء."
يوحنا ثالثة,1,86,"الإصحاح الأول
أية 1 :- اَلشَّيْخُ\'a1 إِلَى غَايُسَ الْحَبِيبِ الَّذِي أَنَا أُحِبُّهُ بِالْحَقِّ 
الرسول يحب بالحق أى لأجل المسيح\'a1 وبالمسيح الذى فيه.

أية 2 :- أَيُّهَا الْحَبِيبُ\'a1 فِي كُلِّ شَيْءٍ أَرُومُ أَنْ تَكُونَ نَاجِحاً وَصَحِيحاً\'a1 كَمَا أَنَّ نَفْسَكَ نَاجِحَة
الرسول يتمنى أن يكون غايس صحيحاً جسدياً. كما أنه نفسياً أى روحياً صحيح. ويرى البعض أن معنى كلام الرسول هنا أن صحة غايس كانت ليست على مايرام. والكنيسة تصلى من أجل صحة أولادها (فى أوشية المرضى) كما تصلى للراقدين والمسافرين. وأهم ما تطلبه لأجلهم هو غفران خطاياهم. 
كما أن نفسك ناجحة = النجاح ليس هو النجاح المادى وصحة الجسد. بل نجاح نفسى يتمثل فى الإحساس بالشبع والفرح والرضى والسلام الذى يملأ القلب. كما قال داود """"أحبك يارب يا قوتى"""" ( مز 18). ودانيال ويوسف كانوا ناجحين. وللأسف فهناك أباء يهتمون بنجاح أولادهم مادياً ودراسياً ولا يهتمون بحياتهم الروحية وأن يصرف أولادهم وقتاً مع الله.

أية 3 :- لأَنِّي فَرِحْتُ جِدّاً إِذْ حَضَرَ إِخْوَةٌ وَشَهِدُوا بِالْحَقِّ الَّذِي فِيكَ\'a1 كَمَا أَنَّكَ تَسْلُكُ بِالْحَقِّ
إذاً هو يكتب ليشجعه أن يستمر فى مسلكه. فرحة الخادم هى أن يرى أولاده يسلكون بالحق وبالمحبة وأن إيمانهم سليم. 

أية 4 :- لَيْسَ لِي فَرَحٌ أَعْظَمُ مِنْ هَذَا: أَنْ أَسْمَعَ عَنْ أَوْلاَدِي أَنَّهُمْ يَسْلُكُونَ بِالْحَقِّ
أسمع عن أولادى = هى أبوة يستمدها من الله وفى الله وبه\'a1 فإن صارت العلاقة خارج الرب يسوع ينطبق عليها هذا القول """" لا تدعوا لكم أباً على الأرض ( مت23: 8 - 10) وراجع ( غل4: 19 \'ba  1كو4: 15 \'ba  1تس2: 11).

أيات 5\'a1 6 :- أَيُّهَا الْحَبِيبُ\'a1 أَنْتَ تَفْعَلُ بِالأَمَانَةِ كُلَّ مَا تَصْنَعُهُ إِلَى الإِخْوَةِ وَإِلَى الْغُرَبَاءِ\'a1 الَّذِينَ شَهِدُوا بِمَحَبَّتِكَ أَمَامَ الْكَنِيسَةِ. الَّذِينَ تَفْعَلُ حَسَناً إِذَا شَيَّعْتَهُمْ كَمَا يَحِقُّ للهِ\'a1
الغرباء = الذين لم يعرفهم غايس قبلاً. الإخوة = هم الذين سبق وعرفهم غايس من قبل. كما يحق لله = الله هو القياس وليس خدامه.

أية 7 :- لأَنَّهُمْ مِنْ أَجْلِ اسْمِهِ خَرَجُوا وَهُمْ لاَ يَأْخُذُونَ شَيْئاً مِنَ الأُمَمِ
واضح أن هؤلاء الإخوة الغرباء خرجوا ليكرزوا للأمم\'a1ويريدون أن تكون خدمتهم مجانية\'a1أى بلا مقابل يأخذونه من الأمم. وغايس أتاح لهم هذا بأن تكفل بإحتياجاتهم المادية.

كان هناك نوعان من الخدام فى الكنيسة الأولى :- 
1.خدام محليين ثابتين مستقرين وهؤلاء يسكنون فى بيوتهم.
2.خدام طوافين ينتقلون من مكان إلى مكان. وهؤلاء لا يمكن لهم أن يستعملوا الفنادق لسمعتها السيئة\'a1 إذاً كانوا محتاجين لمن يستضيفهم (كملاكى لوط). لذلك وجدت وصية """"لا تنسوا إضافة الغرباء"""" ( عب2:13). فكان هذا إحتياج الكنيسة فى تلك الأيام. وكانت تلك الإستضافة تشمل (الطعام والنوم). فهؤلاء الخدام لا يخدمون لربح مادى. ولقد إشترطت الكنيسة على هؤلاء الذين يقيمون أكثر من مدة معينة أن يعملوا ليأكلوا\'a1 يكون لهم عمل يتكسبون منه. لذلك نرى بولس الرسول قد عمل كخيام (صانع خيام).

أية 8 :- فَنَحْنُ يَنْبَغِي لَنَا أَنْ نَقْبَلَ أَمْثَالَ هَؤُلاَءِ\'a1 لِكَيْ نَكُونَ عَامِلِينَ مَعَهُمْ بِالْحَقِّ
من يكرم خدام الله يكرم الله.

أيات 9\'a1 10 :- كَتَبْتُ إِلَى الْكَنِيسَةِ\'a1 وَلَكِنَّ دِيُوتْرِيفِسَ - الَّذِي يُحِبُّ أَنْ يَكُونَ الأَّوَلَ بَيْنَهُمْ - لاَ يَقْبَلُنَا. مِنْ أَجْلِ ذَلِكَ إِذَا جِئْتُ فَسَأُذَكِّرُهُ بِأَعْمَالِهِ الَّتِي يَعْمَلُهَا\'a1 هَاذِراً عَلَيْنَا بِأَقْوَالٍ خَبِيثَةٍ. وَإِذْ هُوَ غَيْرُ مُكْتَفٍ بِهَذِهِ\'a1 لاَ يَقْبَلُ الإِخْوَةَ\'a1 وَيَمْنَعُ أَيْضاً الَّذِينَ يُرِيدُونَ\'a1 وَيَطْرُدُهُمْ مِنَ الْكَنِيسَةِ
يبدو أن ديوتريفس هذا كان شخصاً ذو سلطان فى الكنيسة وربما كان هو الأسقف\'a1 إذ هو قادر أن يمنع أشخاصاً من دخول الكنيسة. 
كتبت إلى الكنيسة = كتب يوحنا رسالة إلى الكنيسة يطلب فيها قبول الإخوة الكارزين\'a1 فمنع ديوتريفس وصول الرسالة للكنيسة. يحب أن يكون الأول = خطية الكبرياء هذه تجعل الخادم ينحرف عن خدمته\'a1 ويحدث الإنشقاق فى الكنيسة. لايقبلنا = هو فى كبريائه لا يطيق الحق\'a1 يريد أن يعلم ولا يتعلم. ولا يقبل هؤلاء الإخوة الذين أرسلهم يوحنا ليكرزوا ويعلموا. بل هو طرد هؤلاء الإخوة\'a1 بل طرد الذين قبلوهم فى بيوتهم = الذين يريدون. والرسول يقول سأذكره = أى يساعده على معرفة أخطائه ليخلص نفسه.

أية 11 :- أَيُّهَا الْحَبِيبُ\'a1 لاَ تَتَمَثَّلْ بِالشَّرِّ بَلْ بِالْخَيْرِ\'a1 لأَنَّ مَنْ يَصْنَعُ الْخَيْرَ هُوَ مِنَ اللهِ\'a1 وَمَنْ يَصْنَعُ الشَّرَّ فَلَمْ يُبْصِرِ اللهَ.
لا تتمثل بالشر = بديوتريفس وأعماله. بل بالخير = أى بديمتريوس.
فلم يبصر الله = من يفعل الشر\'a1ويمتلىء قلبه بالعجرفة وحب الذات ينحنى بإرادته للظلمة فلا يقدر أن يبصر الله """" فلا شركة للنور مع الظلمة"""" ( 2كو6: 14). ومن أبصر الله فلقد أبصر النور فالله نور\'a1والنور يضىء له الطريق فيعرف الحق. 
أية 12 :- دِيمِتْرِيُوسُ مَشْهُودٌ لَهُ مِنَ الْجَمِيعِ وَمِنَ الْحَقِّ نَفْسِهِ\'a1 وَنَحْنُ أَيْضاً نَشْهَدُ\'a1 وَأَنْتُمْ تَعْلَمُونَ أَنَّ شَهَادَتَنَا هِيَ صَادِقَةٌ
ومن الحق نفسه = ربما تعنى أن الله يشهد له  فالله هو الحق. أو تعنى من أعماله أى أعمال ديمتريوس\'a1 فأعماله بحسب الحق\'a1وهى تشهد له. 
ونحن أيضاً = أى أن الرسول إختبره بنفسه. 
مشهود له من الجميع = هكذا أولاد الله نورهم ظاهر للجميع. وبهذا يشجع الرسول\'a1 غايس أن يقتدى بديمتريوس ولا يتشبه بديوتريفس.

أية 13 :- وَكَانَ لِي كَثِيرٌ لأَكْتُبَهُ\'a1 لَكِنَّنِي لَسْتُ أُرِيدُ أَنْ أَكْتُبَ إِلَيْكَ بِحِبْرٍ وَقَلَمٍ
 الجسر= كان من السناج الممزوج بماء ومقوى بالصمغ. والقلم = كان من الغاب المشطوف.

اية 14 :- وَلَكِنَّنِي أَرْجُو أَنْ أَرَاكَ عَنْ قَرِيبٍ فَنَتَكَلَّمَ فَماً لِفَمٍ.
تأكيد على أهمية التقليد.

أية 15 :- سَلاَمٌ لَكَ. يُسَلِّمُ عَلَيْكَ الأَحِبَّاءُ. سَلِّمْ عَلَى الأَحِبَّاءِ بِأَسْمَائِهِمْ. 
يسلم عليك الأحباء = ولم يقل الإخوة تأكيداً على المحبة. وهكذا أيضاً سلم على الأحباء."
يوحنا ثالثة,1,87,"الإصحاح الأول
أية 1 :- اَلشَّيْخُ\'a1 إِلَى غَايُسَ الْحَبِيبِ الَّذِي أَنَا أُحِبُّهُ بِالْحَقِّ 
الرسول يحب بالحق أى لأجل المسيح\'a1 وبالمسيح الذى فيه.

أية 2 :- أَيُّهَا الْحَبِيبُ\'a1 فِي كُلِّ شَيْءٍ أَرُومُ أَنْ تَكُونَ نَاجِحاً وَصَحِيحاً\'a1 كَمَا أَنَّ نَفْسَكَ نَاجِحَة
الرسول يتمنى أن يكون غايس صحيحاً جسدياً. كما أنه نفسياً أى روحياً صحيح. ويرى البعض أن معنى كلام الرسول هنا أن صحة غايس كانت ليست على مايرام. والكنيسة تصلى من أجل صحة أولادها (فى أوشية المرضى) كما تصلى للراقدين والمسافرين. وأهم ما تطلبه لأجلهم هو غفران خطاياهم. 
كما أن نفسك ناجحة = النجاح ليس هو النجاح المادى وصحة الجسد. بل نجاح نفسى يتمثل فى الإحساس بالشبع والفرح والرضى والسلام الذى يملأ القلب. كما قال داود """"أحبك يارب يا قوتى"""" ( مز 18). ودانيال ويوسف كانوا ناجحين. وللأسف فهناك أباء يهتمون بنجاح أولادهم مادياً ودراسياً ولا يهتمون بحياتهم الروحية وأن يصرف أولادهم وقتاً مع الله.

أية 3 :- لأَنِّي فَرِحْتُ جِدّاً إِذْ حَضَرَ إِخْوَةٌ وَشَهِدُوا بِالْحَقِّ الَّذِي فِيكَ\'a1 كَمَا أَنَّكَ تَسْلُكُ بِالْحَقِّ
إذاً هو يكتب ليشجعه أن يستمر فى مسلكه. فرحة الخادم هى أن يرى أولاده يسلكون بالحق وبالمحبة وأن إيمانهم سليم. 

أية 4 :- لَيْسَ لِي فَرَحٌ أَعْظَمُ مِنْ هَذَا: أَنْ أَسْمَعَ عَنْ أَوْلاَدِي أَنَّهُمْ يَسْلُكُونَ بِالْحَقِّ
أسمع عن أولادى = هى أبوة يستمدها من الله وفى الله وبه\'a1 فإن صارت العلاقة خارج الرب يسوع ينطبق عليها هذا القول """" لا تدعوا لكم أباً على الأرض ( مت23: 8 - 10) وراجع ( غل4: 19 \'ba  1كو4: 15 \'ba  1تس2: 11).

أيات 5\'a1 6 :- أَيُّهَا الْحَبِيبُ\'a1 أَنْتَ تَفْعَلُ بِالأَمَانَةِ كُلَّ مَا تَصْنَعُهُ إِلَى الإِخْوَةِ وَإِلَى الْغُرَبَاءِ\'a1 الَّذِينَ شَهِدُوا بِمَحَبَّتِكَ أَمَامَ الْكَنِيسَةِ. الَّذِينَ تَفْعَلُ حَسَناً إِذَا شَيَّعْتَهُمْ كَمَا يَحِقُّ للهِ\'a1
الغرباء = الذين لم يعرفهم غايس قبلاً. الإخوة = هم الذين سبق وعرفهم غايس من قبل. كما يحق لله = الله هو القياس وليس خدامه.

أية 7 :- لأَنَّهُمْ مِنْ أَجْلِ اسْمِهِ خَرَجُوا وَهُمْ لاَ يَأْخُذُونَ شَيْئاً مِنَ الأُمَمِ
واضح أن هؤلاء الإخوة الغرباء خرجوا ليكرزوا للأمم\'a1ويريدون أن تكون خدمتهم مجانية\'a1أى بلا مقابل يأخذونه من الأمم. وغايس أتاح لهم هذا بأن تكفل بإحتياجاتهم المادية.

كان هناك نوعان من الخدام فى الكنيسة الأولى :- 
1.خدام محليين ثابتين مستقرين وهؤلاء يسكنون فى بيوتهم.
2.خدام طوافين ينتقلون من مكان إلى مكان. وهؤلاء لا يمكن لهم أن يستعملوا الفنادق لسمعتها السيئة\'a1 إذاً كانوا محتاجين لمن يستضيفهم (كملاكى لوط). لذلك وجدت وصية """"لا تنسوا إضافة الغرباء"""" ( عب2:13). فكان هذا إحتياج الكنيسة فى تلك الأيام. وكانت تلك الإستضافة تشمل (الطعام والنوم). فهؤلاء الخدام لا يخدمون لربح مادى. ولقد إشترطت الكنيسة على هؤلاء الذين يقيمون أكثر من مدة معينة أن يعملوا ليأكلوا\'a1 يكون لهم عمل يتكسبون منه. لذلك نرى بولس الرسول قد عمل كخيام (صانع خيام).

أية 8 :- فَنَحْنُ يَنْبَغِي لَنَا أَنْ نَقْبَلَ أَمْثَالَ هَؤُلاَءِ\'a1 لِكَيْ نَكُونَ عَامِلِينَ مَعَهُمْ بِالْحَقِّ
من يكرم خدام الله يكرم الله.

أيات 9\'a1 10 :- كَتَبْتُ إِلَى الْكَنِيسَةِ\'a1 وَلَكِنَّ دِيُوتْرِيفِسَ - الَّذِي يُحِبُّ أَنْ يَكُونَ الأَّوَلَ بَيْنَهُمْ - لاَ يَقْبَلُنَا. مِنْ أَجْلِ ذَلِكَ إِذَا جِئْتُ فَسَأُذَكِّرُهُ بِأَعْمَالِهِ الَّتِي يَعْمَلُهَا\'a1 هَاذِراً عَلَيْنَا بِأَقْوَالٍ خَبِيثَةٍ. وَإِذْ هُوَ غَيْرُ مُكْتَفٍ بِهَذِهِ\'a1 لاَ يَقْبَلُ الإِخْوَةَ\'a1 وَيَمْنَعُ أَيْضاً الَّذِينَ يُرِيدُونَ\'a1 وَيَطْرُدُهُمْ مِنَ الْكَنِيسَةِ
يبدو أن ديوتريفس هذا كان شخصاً ذو سلطان فى الكنيسة وربما كان هو الأسقف\'a1 إذ هو قادر أن يمنع أشخاصاً من دخول الكنيسة. 
كتبت إلى الكنيسة = كتب يوحنا رسالة إلى الكنيسة يطلب فيها قبول الإخوة الكارزين\'a1 فمنع ديوتريفس وصول الرسالة للكنيسة. يحب أن يكون الأول = خطية الكبرياء هذه تجعل الخادم ينحرف عن خدمته\'a1 ويحدث الإنشقاق فى الكنيسة. لايقبلنا = هو فى كبريائه لا يطيق الحق\'a1 يريد أن يعلم ولا يتعلم. ولا يقبل هؤلاء الإخوة الذين أرسلهم يوحنا ليكرزوا ويعلموا. بل هو طرد هؤلاء الإخوة\'a1 بل طرد الذين قبلوهم فى بيوتهم = الذين يريدون. والرسول يقول سأذكره = أى يساعده على معرفة أخطائه ليخلص نفسه.

أية 11 :- أَيُّهَا الْحَبِيبُ\'a1 لاَ تَتَمَثَّلْ بِالشَّرِّ بَلْ بِالْخَيْرِ\'a1 لأَنَّ مَنْ يَصْنَعُ الْخَيْرَ هُوَ مِنَ اللهِ\'a1 وَمَنْ يَصْنَعُ الشَّرَّ فَلَمْ يُبْصِرِ اللهَ.
لا تتمثل بالشر = بديوتريفس وأعماله. بل بالخير = أى بديمتريوس.
فلم يبصر الله = من يفعل الشر\'a1ويمتلىء قلبه بالعجرفة وحب الذات ينحنى بإرادته للظلمة فلا يقدر أن يبصر الله """" فلا شركة للنور مع الظلمة"""" ( 2كو6: 14). ومن أبصر الله فلقد أبصر النور فالله نور\'a1والنور يضىء له الطريق فيعرف الحق. 
أية 12 :- دِيمِتْرِيُوسُ مَشْهُودٌ لَهُ مِنَ الْجَمِيعِ وَمِنَ الْحَقِّ نَفْسِهِ\'a1 وَنَحْنُ أَيْضاً نَشْهَدُ\'a1 وَأَنْتُمْ تَعْلَمُونَ أَنَّ شَهَادَتَنَا هِيَ صَادِقَةٌ
ومن الحق نفسه = ربما تعنى أن الله يشهد له  فالله هو الحق. أو تعنى من أعماله أى أعمال ديمتريوس\'a1 فأعماله بحسب الحق\'a1وهى تشهد له. 
ونحن أيضاً = أى أن الرسول إختبره بنفسه. 
مشهود له من الجميع = هكذا أولاد الله نورهم ظاهر للجميع. وبهذا يشجع الرسول\'a1 غايس أن يقتدى بديمتريوس ولا يتشبه بديوتريفس.

أية 13 :- وَكَانَ لِي كَثِيرٌ لأَكْتُبَهُ\'a1 لَكِنَّنِي لَسْتُ أُرِيدُ أَنْ أَكْتُبَ إِلَيْكَ بِحِبْرٍ وَقَلَمٍ
 الجسر= كان من السناج الممزوج بماء ومقوى بالصمغ. والقلم = كان من الغاب المشطوف.

اية 14 :- وَلَكِنَّنِي أَرْجُو أَنْ أَرَاكَ عَنْ قَرِيبٍ فَنَتَكَلَّمَ فَماً لِفَمٍ.
تأكيد على أهمية التقليد.

أية 15 :- سَلاَمٌ لَكَ. يُسَلِّمُ عَلَيْكَ الأَحِبَّاءُ. سَلِّمْ عَلَى الأَحِبَّاءِ بِأَسْمَائِهِمْ. 
يسلم عليك الأحباء = ولم يقل الإخوة تأكيداً على المحبة. وهكذا أيضاً سلم على الأحباء."
يوحنا ثالثة,1,88,"الإصحاح الأول
أية 1 :- اَلشَّيْخُ\'a1 إِلَى غَايُسَ الْحَبِيبِ الَّذِي أَنَا أُحِبُّهُ بِالْحَقِّ 
الرسول يحب بالحق أى لأجل المسيح\'a1 وبالمسيح الذى فيه.

أية 2 :- أَيُّهَا الْحَبِيبُ\'a1 فِي كُلِّ شَيْءٍ أَرُومُ أَنْ تَكُونَ نَاجِحاً وَصَحِيحاً\'a1 كَمَا أَنَّ نَفْسَكَ نَاجِحَة
الرسول يتمنى أن يكون غايس صحيحاً جسدياً. كما أنه نفسياً أى روحياً صحيح. ويرى البعض أن معنى كلام الرسول هنا أن صحة غايس كانت ليست على مايرام. والكنيسة تصلى من أجل صحة أولادها (فى أوشية المرضى) كما تصلى للراقدين والمسافرين. وأهم ما تطلبه لأجلهم هو غفران خطاياهم. 
كما أن نفسك ناجحة = النجاح ليس هو النجاح المادى وصحة الجسد. بل نجاح نفسى يتمثل فى الإحساس بالشبع والفرح والرضى والسلام الذى يملأ القلب. كما قال داود """"أحبك يارب يا قوتى"""" ( مز 18). ودانيال ويوسف كانوا ناجحين. وللأسف فهناك أباء يهتمون بنجاح أولادهم مادياً ودراسياً ولا يهتمون بحياتهم الروحية وأن يصرف أولادهم وقتاً مع الله.

أية 3 :- لأَنِّي فَرِحْتُ جِدّاً إِذْ حَضَرَ إِخْوَةٌ وَشَهِدُوا بِالْحَقِّ الَّذِي فِيكَ\'a1 كَمَا أَنَّكَ تَسْلُكُ بِالْحَقِّ
إذاً هو يكتب ليشجعه أن يستمر فى مسلكه. فرحة الخادم هى أن يرى أولاده يسلكون بالحق وبالمحبة وأن إيمانهم سليم. 

أية 4 :- لَيْسَ لِي فَرَحٌ أَعْظَمُ مِنْ هَذَا: أَنْ أَسْمَعَ عَنْ أَوْلاَدِي أَنَّهُمْ يَسْلُكُونَ بِالْحَقِّ
أسمع عن أولادى = هى أبوة يستمدها من الله وفى الله وبه\'a1 فإن صارت العلاقة خارج الرب يسوع ينطبق عليها هذا القول """" لا تدعوا لكم أباً على الأرض ( مت23: 8 - 10) وراجع ( غل4: 19 \'ba  1كو4: 15 \'ba  1تس2: 11).

أيات 5\'a1 6 :- أَيُّهَا الْحَبِيبُ\'a1 أَنْتَ تَفْعَلُ بِالأَمَانَةِ كُلَّ مَا تَصْنَعُهُ إِلَى الإِخْوَةِ وَإِلَى الْغُرَبَاءِ\'a1 الَّذِينَ شَهِدُوا بِمَحَبَّتِكَ أَمَامَ الْكَنِيسَةِ. الَّذِينَ تَفْعَلُ حَسَناً إِذَا شَيَّعْتَهُمْ كَمَا يَحِقُّ للهِ\'a1
الغرباء = الذين لم يعرفهم غايس قبلاً. الإخوة = هم الذين سبق وعرفهم غايس من قبل. كما يحق لله = الله هو القياس وليس خدامه.

أية 7 :- لأَنَّهُمْ مِنْ أَجْلِ اسْمِهِ خَرَجُوا وَهُمْ لاَ يَأْخُذُونَ شَيْئاً مِنَ الأُمَمِ
واضح أن هؤلاء الإخوة الغرباء خرجوا ليكرزوا للأمم\'a1ويريدون أن تكون خدمتهم مجانية\'a1أى بلا مقابل يأخذونه من الأمم. وغايس أتاح لهم هذا بأن تكفل بإحتياجاتهم المادية.

كان هناك نوعان من الخدام فى الكنيسة الأولى :- 
1.خدام محليين ثابتين مستقرين وهؤلاء يسكنون فى بيوتهم.
2.خدام طوافين ينتقلون من مكان إلى مكان. وهؤلاء لا يمكن لهم أن يستعملوا الفنادق لسمعتها السيئة\'a1 إذاً كانوا محتاجين لمن يستضيفهم (كملاكى لوط). لذلك وجدت وصية """"لا تنسوا إضافة الغرباء"""" ( عب2:13). فكان هذا إحتياج الكنيسة فى تلك الأيام. وكانت تلك الإستضافة تشمل (الطعام والنوم). فهؤلاء الخدام لا يخدمون لربح مادى. ولقد إشترطت الكنيسة على هؤلاء الذين يقيمون أكثر من مدة معينة أن يعملوا ليأكلوا\'a1 يكون لهم عمل يتكسبون منه. لذلك نرى بولس الرسول قد عمل كخيام (صانع خيام).

أية 8 :- فَنَحْنُ يَنْبَغِي لَنَا أَنْ نَقْبَلَ أَمْثَالَ هَؤُلاَءِ\'a1 لِكَيْ نَكُونَ عَامِلِينَ مَعَهُمْ بِالْحَقِّ
من يكرم خدام الله يكرم الله.

أيات 9\'a1 10 :- كَتَبْتُ إِلَى الْكَنِيسَةِ\'a1 وَلَكِنَّ دِيُوتْرِيفِسَ - الَّذِي يُحِبُّ أَنْ يَكُونَ الأَّوَلَ بَيْنَهُمْ - لاَ يَقْبَلُنَا. مِنْ أَجْلِ ذَلِكَ إِذَا جِئْتُ فَسَأُذَكِّرُهُ بِأَعْمَالِهِ الَّتِي يَعْمَلُهَا\'a1 هَاذِراً عَلَيْنَا بِأَقْوَالٍ خَبِيثَةٍ. وَإِذْ هُوَ غَيْرُ مُكْتَفٍ بِهَذِهِ\'a1 لاَ يَقْبَلُ الإِخْوَةَ\'a1 وَيَمْنَعُ أَيْضاً الَّذِينَ يُرِيدُونَ\'a1 وَيَطْرُدُهُمْ مِنَ الْكَنِيسَةِ
يبدو أن ديوتريفس هذا كان شخصاً ذو سلطان فى الكنيسة وربما كان هو الأسقف\'a1 إذ هو قادر أن يمنع أشخاصاً من دخول الكنيسة. 
كتبت إلى الكنيسة = كتب يوحنا رسالة إلى الكنيسة يطلب فيها قبول الإخوة الكارزين\'a1 فمنع ديوتريفس وصول الرسالة للكنيسة. يحب أن يكون الأول = خطية الكبرياء هذه تجعل الخادم ينحرف عن خدمته\'a1 ويحدث الإنشقاق فى الكنيسة. لايقبلنا = هو فى كبريائه لا يطيق الحق\'a1 يريد أن يعلم ولا يتعلم. ولا يقبل هؤلاء الإخوة الذين أرسلهم يوحنا ليكرزوا ويعلموا. بل هو طرد هؤلاء الإخوة\'a1 بل طرد الذين قبلوهم فى بيوتهم = الذين يريدون. والرسول يقول سأذكره = أى يساعده على معرفة أخطائه ليخلص نفسه.

أية 11 :- أَيُّهَا الْحَبِيبُ\'a1 لاَ تَتَمَثَّلْ بِالشَّرِّ بَلْ بِالْخَيْرِ\'a1 لأَنَّ مَنْ يَصْنَعُ الْخَيْرَ هُوَ مِنَ اللهِ\'a1 وَمَنْ يَصْنَعُ الشَّرَّ فَلَمْ يُبْصِرِ اللهَ.
لا تتمثل بالشر = بديوتريفس وأعماله. بل بالخير = أى بديمتريوس.
فلم يبصر الله = من يفعل الشر\'a1ويمتلىء قلبه بالعجرفة وحب الذات ينحنى بإرادته للظلمة فلا يقدر أن يبصر الله """" فلا شركة للنور مع الظلمة"""" ( 2كو6: 14). ومن أبصر الله فلقد أبصر النور فالله نور\'a1والنور يضىء له الطريق فيعرف الحق. 
أية 12 :- دِيمِتْرِيُوسُ مَشْهُودٌ لَهُ مِنَ الْجَمِيعِ وَمِنَ الْحَقِّ نَفْسِهِ\'a1 وَنَحْنُ أَيْضاً نَشْهَدُ\'a1 وَأَنْتُمْ تَعْلَمُونَ أَنَّ شَهَادَتَنَا هِيَ صَادِقَةٌ
ومن الحق نفسه = ربما تعنى أن الله يشهد له  فالله هو الحق. أو تعنى من أعماله أى أعمال ديمتريوس\'a1 فأعماله بحسب الحق\'a1وهى تشهد له. 
ونحن أيضاً = أى أن الرسول إختبره بنفسه. 
مشهود له من الجميع = هكذا أولاد الله نورهم ظاهر للجميع. وبهذا يشجع الرسول\'a1 غايس أن يقتدى بديمتريوس ولا يتشبه بديوتريفس.

أية 13 :- وَكَانَ لِي كَثِيرٌ لأَكْتُبَهُ\'a1 لَكِنَّنِي لَسْتُ أُرِيدُ أَنْ أَكْتُبَ إِلَيْكَ بِحِبْرٍ وَقَلَمٍ
 الجسر= كان من السناج الممزوج بماء ومقوى بالصمغ. والقلم = كان من الغاب المشطوف.

اية 14 :- وَلَكِنَّنِي أَرْجُو أَنْ أَرَاكَ عَنْ قَرِيبٍ فَنَتَكَلَّمَ فَماً لِفَمٍ.
تأكيد على أهمية التقليد.

أية 15 :- سَلاَمٌ لَكَ. يُسَلِّمُ عَلَيْكَ الأَحِبَّاءُ. سَلِّمْ عَلَى الأَحِبَّاءِ بِأَسْمَائِهِمْ. 
يسلم عليك الأحباء = ولم يقل الإخوة تأكيداً على المحبة. وهكذا أيضاً سلم على الأحباء."
يوحنا ثالثة,1,89,"الإصحاح الأول
أية 1 :- اَلشَّيْخُ\'a1 إِلَى غَايُسَ الْحَبِيبِ الَّذِي أَنَا أُحِبُّهُ بِالْحَقِّ 
الرسول يحب بالحق أى لأجل المسيح\'a1 وبالمسيح الذى فيه.

أية 2 :- أَيُّهَا الْحَبِيبُ\'a1 فِي كُلِّ شَيْءٍ أَرُومُ أَنْ تَكُونَ نَاجِحاً وَصَحِيحاً\'a1 كَمَا أَنَّ نَفْسَكَ نَاجِحَة
الرسول يتمنى أن يكون غايس صحيحاً جسدياً. كما أنه نفسياً أى روحياً صحيح. ويرى البعض أن معنى كلام الرسول هنا أن صحة غايس كانت ليست على مايرام. والكنيسة تصلى من أجل صحة أولادها (فى أوشية المرضى) كما تصلى للراقدين والمسافرين. وأهم ما تطلبه لأجلهم هو غفران خطاياهم. 
كما أن نفسك ناجحة = النجاح ليس هو النجاح المادى وصحة الجسد. بل نجاح نفسى يتمثل فى الإحساس بالشبع والفرح والرضى والسلام الذى يملأ القلب. كما قال داود """"أحبك يارب يا قوتى"""" ( مز 18). ودانيال ويوسف كانوا ناجحين. وللأسف فهناك أباء يهتمون بنجاح أولادهم مادياً ودراسياً ولا يهتمون بحياتهم الروحية وأن يصرف أولادهم وقتاً مع الله.

أية 3 :- لأَنِّي فَرِحْتُ جِدّاً إِذْ حَضَرَ إِخْوَةٌ وَشَهِدُوا بِالْحَقِّ الَّذِي فِيكَ\'a1 كَمَا أَنَّكَ تَسْلُكُ بِالْحَقِّ
إذاً هو يكتب ليشجعه أن يستمر فى مسلكه. فرحة الخادم هى أن يرى أولاده يسلكون بالحق وبالمحبة وأن إيمانهم سليم. 

أية 4 :- لَيْسَ لِي فَرَحٌ أَعْظَمُ مِنْ هَذَا: أَنْ أَسْمَعَ عَنْ أَوْلاَدِي أَنَّهُمْ يَسْلُكُونَ بِالْحَقِّ
أسمع عن أولادى = هى أبوة يستمدها من الله وفى الله وبه\'a1 فإن صارت العلاقة خارج الرب يسوع ينطبق عليها هذا القول """" لا تدعوا لكم أباً على الأرض ( مت23: 8 - 10) وراجع ( غل4: 19 \'ba  1كو4: 15 \'ba  1تس2: 11).

أيات 5\'a1 6 :- أَيُّهَا الْحَبِيبُ\'a1 أَنْتَ تَفْعَلُ بِالأَمَانَةِ كُلَّ مَا تَصْنَعُهُ إِلَى الإِخْوَةِ وَإِلَى الْغُرَبَاءِ\'a1 الَّذِينَ شَهِدُوا بِمَحَبَّتِكَ أَمَامَ الْكَنِيسَةِ. الَّذِينَ تَفْعَلُ حَسَناً إِذَا شَيَّعْتَهُمْ كَمَا يَحِقُّ للهِ\'a1
الغرباء = الذين لم يعرفهم غايس قبلاً. الإخوة = هم الذين سبق وعرفهم غايس من قبل. كما يحق لله = الله هو القياس وليس خدامه.

أية 7 :- لأَنَّهُمْ مِنْ أَجْلِ اسْمِهِ خَرَجُوا وَهُمْ لاَ يَأْخُذُونَ شَيْئاً مِنَ الأُمَمِ
واضح أن هؤلاء الإخوة الغرباء خرجوا ليكرزوا للأمم\'a1ويريدون أن تكون خدمتهم مجانية\'a1أى بلا مقابل يأخذونه من الأمم. وغايس أتاح لهم هذا بأن تكفل بإحتياجاتهم المادية.

كان هناك نوعان من الخدام فى الكنيسة الأولى :- 
1.خدام محليين ثابتين مستقرين وهؤلاء يسكنون فى بيوتهم.
2.خدام طوافين ينتقلون من مكان إلى مكان. وهؤلاء لا يمكن لهم أن يستعملوا الفنادق لسمعتها السيئة\'a1 إذاً كانوا محتاجين لمن يستضيفهم (كملاكى لوط). لذلك وجدت وصية """"لا تنسوا إضافة الغرباء"""" ( عب2:13). فكان هذا إحتياج الكنيسة فى تلك الأيام. وكانت تلك الإستضافة تشمل (الطعام والنوم). فهؤلاء الخدام لا يخدمون لربح مادى. ولقد إشترطت الكنيسة على هؤلاء الذين يقيمون أكثر من مدة معينة أن يعملوا ليأكلوا\'a1 يكون لهم عمل يتكسبون منه. لذلك نرى بولس الرسول قد عمل كخيام (صانع خيام).

أية 8 :- فَنَحْنُ يَنْبَغِي لَنَا أَنْ نَقْبَلَ أَمْثَالَ هَؤُلاَءِ\'a1 لِكَيْ نَكُونَ عَامِلِينَ مَعَهُمْ بِالْحَقِّ
من يكرم خدام الله يكرم الله.

أيات 9\'a1 10 :- كَتَبْتُ إِلَى الْكَنِيسَةِ\'a1 وَلَكِنَّ دِيُوتْرِيفِسَ - الَّذِي يُحِبُّ أَنْ يَكُونَ الأَّوَلَ بَيْنَهُمْ - لاَ يَقْبَلُنَا. مِنْ أَجْلِ ذَلِكَ إِذَا جِئْتُ فَسَأُذَكِّرُهُ بِأَعْمَالِهِ الَّتِي يَعْمَلُهَا\'a1 هَاذِراً عَلَيْنَا بِأَقْوَالٍ خَبِيثَةٍ. وَإِذْ هُوَ غَيْرُ مُكْتَفٍ بِهَذِهِ\'a1 لاَ يَقْبَلُ الإِخْوَةَ\'a1 وَيَمْنَعُ أَيْضاً الَّذِينَ يُرِيدُونَ\'a1 وَيَطْرُدُهُمْ مِنَ الْكَنِيسَةِ
يبدو أن ديوتريفس هذا كان شخصاً ذو سلطان فى الكنيسة وربما كان هو الأسقف\'a1 إذ هو قادر أن يمنع أشخاصاً من دخول الكنيسة. 
كتبت إلى الكنيسة = كتب يوحنا رسالة إلى الكنيسة يطلب فيها قبول الإخوة الكارزين\'a1 فمنع ديوتريفس وصول الرسالة للكنيسة. يحب أن يكون الأول = خطية الكبرياء هذه تجعل الخادم ينحرف عن خدمته\'a1 ويحدث الإنشقاق فى الكنيسة. لايقبلنا = هو فى كبريائه لا يطيق الحق\'a1 يريد أن يعلم ولا يتعلم. ولا يقبل هؤلاء الإخوة الذين أرسلهم يوحنا ليكرزوا ويعلموا. بل هو طرد هؤلاء الإخوة\'a1 بل طرد الذين قبلوهم فى بيوتهم = الذين يريدون. والرسول يقول سأذكره = أى يساعده على معرفة أخطائه ليخلص نفسه.

أية 11 :- أَيُّهَا الْحَبِيبُ\'a1 لاَ تَتَمَثَّلْ بِالشَّرِّ بَلْ بِالْخَيْرِ\'a1 لأَنَّ مَنْ يَصْنَعُ الْخَيْرَ هُوَ مِنَ اللهِ\'a1 وَمَنْ يَصْنَعُ الشَّرَّ فَلَمْ يُبْصِرِ اللهَ.
لا تتمثل بالشر = بديوتريفس وأعماله. بل بالخير = أى بديمتريوس.
فلم يبصر الله = من يفعل الشر\'a1ويمتلىء قلبه بالعجرفة وحب الذات ينحنى بإرادته للظلمة فلا يقدر أن يبصر الله """" فلا شركة للنور مع الظلمة"""" ( 2كو6: 14). ومن أبصر الله فلقد أبصر النور فالله نور\'a1والنور يضىء له الطريق فيعرف الحق. 
أية 12 :- دِيمِتْرِيُوسُ مَشْهُودٌ لَهُ مِنَ الْجَمِيعِ وَمِنَ الْحَقِّ نَفْسِهِ\'a1 وَنَحْنُ أَيْضاً نَشْهَدُ\'a1 وَأَنْتُمْ تَعْلَمُونَ أَنَّ شَهَادَتَنَا هِيَ صَادِقَةٌ
ومن الحق نفسه = ربما تعنى أن الله يشهد له  فالله هو الحق. أو تعنى من أعماله أى أعمال ديمتريوس\'a1 فأعماله بحسب الحق\'a1وهى تشهد له. 
ونحن أيضاً = أى أن الرسول إختبره بنفسه. 
مشهود له من الجميع = هكذا أولاد الله نورهم ظاهر للجميع. وبهذا يشجع الرسول\'a1 غايس أن يقتدى بديمتريوس ولا يتشبه بديوتريفس.

أية 13 :- وَكَانَ لِي كَثِيرٌ لأَكْتُبَهُ\'a1 لَكِنَّنِي لَسْتُ أُرِيدُ أَنْ أَكْتُبَ إِلَيْكَ بِحِبْرٍ وَقَلَمٍ
 الجسر= كان من السناج الممزوج بماء ومقوى بالصمغ. والقلم = كان من الغاب المشطوف.

اية 14 :- وَلَكِنَّنِي أَرْجُو أَنْ أَرَاكَ عَنْ قَرِيبٍ فَنَتَكَلَّمَ فَماً لِفَمٍ.
تأكيد على أهمية التقليد.

أية 15 :- سَلاَمٌ لَكَ. يُسَلِّمُ عَلَيْكَ الأَحِبَّاءُ. سَلِّمْ عَلَى الأَحِبَّاءِ بِأَسْمَائِهِمْ. 
يسلم عليك الأحباء = ولم يقل الإخوة تأكيداً على المحبة. وهكذا أيضاً سلم على الأحباء."
يوحنا ثالثة,1,90,"الإصحاح الأول
أية 1 :- اَلشَّيْخُ\'a1 إِلَى غَايُسَ الْحَبِيبِ الَّذِي أَنَا أُحِبُّهُ بِالْحَقِّ 
الرسول يحب بالحق أى لأجل المسيح\'a1 وبالمسيح الذى فيه.

أية 2 :- أَيُّهَا الْحَبِيبُ\'a1 فِي كُلِّ شَيْءٍ أَرُومُ أَنْ تَكُونَ نَاجِحاً وَصَحِيحاً\'a1 كَمَا أَنَّ نَفْسَكَ نَاجِحَة
الرسول يتمنى أن يكون غايس صحيحاً جسدياً. كما أنه نفسياً أى روحياً صحيح. ويرى البعض أن معنى كلام الرسول هنا أن صحة غايس كانت ليست على مايرام. والكنيسة تصلى من أجل صحة أولادها (فى أوشية المرضى) كما تصلى للراقدين والمسافرين. وأهم ما تطلبه لأجلهم هو غفران خطاياهم. 
كما أن نفسك ناجحة = النجاح ليس هو النجاح المادى وصحة الجسد. بل نجاح نفسى يتمثل فى الإحساس بالشبع والفرح والرضى والسلام الذى يملأ القلب. كما قال داود """"أحبك يارب يا قوتى"""" ( مز 18). ودانيال ويوسف كانوا ناجحين. وللأسف فهناك أباء يهتمون بنجاح أولادهم مادياً ودراسياً ولا يهتمون بحياتهم الروحية وأن يصرف أولادهم وقتاً مع الله.

أية 3 :- لأَنِّي فَرِحْتُ جِدّاً إِذْ حَضَرَ إِخْوَةٌ وَشَهِدُوا بِالْحَقِّ الَّذِي فِيكَ\'a1 كَمَا أَنَّكَ تَسْلُكُ بِالْحَقِّ
إذاً هو يكتب ليشجعه أن يستمر فى مسلكه. فرحة الخادم هى أن يرى أولاده يسلكون بالحق وبالمحبة وأن إيمانهم سليم. 

أية 4 :- لَيْسَ لِي فَرَحٌ أَعْظَمُ مِنْ هَذَا: أَنْ أَسْمَعَ عَنْ أَوْلاَدِي أَنَّهُمْ يَسْلُكُونَ بِالْحَقِّ
أسمع عن أولادى = هى أبوة يستمدها من الله وفى الله وبه\'a1 فإن صارت العلاقة خارج الرب يسوع ينطبق عليها هذا القول """" لا تدعوا لكم أباً على الأرض ( مت23: 8 - 10) وراجع ( غل4: 19 \'ba  1كو4: 15 \'ba  1تس2: 11).

أيات 5\'a1 6 :- أَيُّهَا الْحَبِيبُ\'a1 أَنْتَ تَفْعَلُ بِالأَمَانَةِ كُلَّ مَا تَصْنَعُهُ إِلَى الإِخْوَةِ وَإِلَى الْغُرَبَاءِ\'a1 الَّذِينَ شَهِدُوا بِمَحَبَّتِكَ أَمَامَ الْكَنِيسَةِ. الَّذِينَ تَفْعَلُ حَسَناً إِذَا شَيَّعْتَهُمْ كَمَا يَحِقُّ للهِ\'a1
الغرباء = الذين لم يعرفهم غايس قبلاً. الإخوة = هم الذين سبق وعرفهم غايس من قبل. كما يحق لله = الله هو القياس وليس خدامه.

أية 7 :- لأَنَّهُمْ مِنْ أَجْلِ اسْمِهِ خَرَجُوا وَهُمْ لاَ يَأْخُذُونَ شَيْئاً مِنَ الأُمَمِ
واضح أن هؤلاء الإخوة الغرباء خرجوا ليكرزوا للأمم\'a1ويريدون أن تكون خدمتهم مجانية\'a1أى بلا مقابل يأخذونه من الأمم. وغايس أتاح لهم هذا بأن تكفل بإحتياجاتهم المادية.

كان هناك نوعان من الخدام فى الكنيسة الأولى :- 
1.خدام محليين ثابتين مستقرين وهؤلاء يسكنون فى بيوتهم.
2.خدام طوافين ينتقلون من مكان إلى مكان. وهؤلاء لا يمكن لهم أن يستعملوا الفنادق لسمعتها السيئة\'a1 إذاً كانوا محتاجين لمن يستضيفهم (كملاكى لوط). لذلك وجدت وصية """"لا تنسوا إضافة الغرباء"""" ( عب2:13). فكان هذا إحتياج الكنيسة فى تلك الأيام. وكانت تلك الإستضافة تشمل (الطعام والنوم). فهؤلاء الخدام لا يخدمون لربح مادى. ولقد إشترطت الكنيسة على هؤلاء الذين يقيمون أكثر من مدة معينة أن يعملوا ليأكلوا\'a1 يكون لهم عمل يتكسبون منه. لذلك نرى بولس الرسول قد عمل كخيام (صانع خيام).

أية 8 :- فَنَحْنُ يَنْبَغِي لَنَا أَنْ نَقْبَلَ أَمْثَالَ هَؤُلاَءِ\'a1 لِكَيْ نَكُونَ عَامِلِينَ مَعَهُمْ بِالْحَقِّ
من يكرم خدام الله يكرم الله.

أيات 9\'a1 10 :- كَتَبْتُ إِلَى الْكَنِيسَةِ\'a1 وَلَكِنَّ دِيُوتْرِيفِسَ - الَّذِي يُحِبُّ أَنْ يَكُونَ الأَّوَلَ بَيْنَهُمْ - لاَ يَقْبَلُنَا. مِنْ أَجْلِ ذَلِكَ إِذَا جِئْتُ فَسَأُذَكِّرُهُ بِأَعْمَالِهِ الَّتِي يَعْمَلُهَا\'a1 هَاذِراً عَلَيْنَا بِأَقْوَالٍ خَبِيثَةٍ. وَإِذْ هُوَ غَيْرُ مُكْتَفٍ بِهَذِهِ\'a1 لاَ يَقْبَلُ الإِخْوَةَ\'a1 وَيَمْنَعُ أَيْضاً الَّذِينَ يُرِيدُونَ\'a1 وَيَطْرُدُهُمْ مِنَ الْكَنِيسَةِ
يبدو أن ديوتريفس هذا كان شخصاً ذو سلطان فى الكنيسة وربما كان هو الأسقف\'a1 إذ هو قادر أن يمنع أشخاصاً من دخول الكنيسة. 
كتبت إلى الكنيسة = كتب يوحنا رسالة إلى الكنيسة يطلب فيها قبول الإخوة الكارزين\'a1 فمنع ديوتريفس وصول الرسالة للكنيسة. يحب أن يكون الأول = خطية الكبرياء هذه تجعل الخادم ينحرف عن خدمته\'a1 ويحدث الإنشقاق فى الكنيسة. لايقبلنا = هو فى كبريائه لا يطيق الحق\'a1 يريد أن يعلم ولا يتعلم. ولا يقبل هؤلاء الإخوة الذين أرسلهم يوحنا ليكرزوا ويعلموا. بل هو طرد هؤلاء الإخوة\'a1 بل طرد الذين قبلوهم فى بيوتهم = الذين يريدون. والرسول يقول سأذكره = أى يساعده على معرفة أخطائه ليخلص نفسه.

أية 11 :- أَيُّهَا الْحَبِيبُ\'a1 لاَ تَتَمَثَّلْ بِالشَّرِّ بَلْ بِالْخَيْرِ\'a1 لأَنَّ مَنْ يَصْنَعُ الْخَيْرَ هُوَ مِنَ اللهِ\'a1 وَمَنْ يَصْنَعُ الشَّرَّ فَلَمْ يُبْصِرِ اللهَ.
لا تتمثل بالشر = بديوتريفس وأعماله. بل بالخير = أى بديمتريوس.
فلم يبصر الله = من يفعل الشر\'a1ويمتلىء قلبه بالعجرفة وحب الذات ينحنى بإرادته للظلمة فلا يقدر أن يبصر الله """" فلا شركة للنور مع الظلمة"""" ( 2كو6: 14). ومن أبصر الله فلقد أبصر النور فالله نور\'a1والنور يضىء له الطريق فيعرف الحق. 
أية 12 :- دِيمِتْرِيُوسُ مَشْهُودٌ لَهُ مِنَ الْجَمِيعِ وَمِنَ الْحَقِّ نَفْسِهِ\'a1 وَنَحْنُ أَيْضاً نَشْهَدُ\'a1 وَأَنْتُمْ تَعْلَمُونَ أَنَّ شَهَادَتَنَا هِيَ صَادِقَةٌ
ومن الحق نفسه = ربما تعنى أن الله يشهد له  فالله هو الحق. أو تعنى من أعماله أى أعمال ديمتريوس\'a1 فأعماله بحسب الحق\'a1وهى تشهد له. 
ونحن أيضاً = أى أن الرسول إختبره بنفسه. 
مشهود له من الجميع = هكذا أولاد الله نورهم ظاهر للجميع. وبهذا يشجع الرسول\'a1 غايس أن يقتدى بديمتريوس ولا يتشبه بديوتريفس.

أية 13 :- وَكَانَ لِي كَثِيرٌ لأَكْتُبَهُ\'a1 لَكِنَّنِي لَسْتُ أُرِيدُ أَنْ أَكْتُبَ إِلَيْكَ بِحِبْرٍ وَقَلَمٍ
 الجسر= كان من السناج الممزوج بماء ومقوى بالصمغ. والقلم = كان من الغاب المشطوف.

اية 14 :- وَلَكِنَّنِي أَرْجُو أَنْ أَرَاكَ عَنْ قَرِيبٍ فَنَتَكَلَّمَ فَماً لِفَمٍ.
تأكيد على أهمية التقليد.

أية 15 :- سَلاَمٌ لَكَ. يُسَلِّمُ عَلَيْكَ الأَحِبَّاءُ. سَلِّمْ عَلَى الأَحِبَّاءِ بِأَسْمَائِهِمْ. 
يسلم عليك الأحباء = ولم يقل الإخوة تأكيداً على المحبة. وهكذا أيضاً سلم على الأحباء."
يوحنا ثالثة,1,91,"الإصحاح الأول
أية 1 :- اَلشَّيْخُ\'a1 إِلَى غَايُسَ الْحَبِيبِ الَّذِي أَنَا أُحِبُّهُ بِالْحَقِّ 
الرسول يحب بالحق أى لأجل المسيح\'a1 وبالمسيح الذى فيه.

أية 2 :- أَيُّهَا الْحَبِيبُ\'a1 فِي كُلِّ شَيْءٍ أَرُومُ أَنْ تَكُونَ نَاجِحاً وَصَحِيحاً\'a1 كَمَا أَنَّ نَفْسَكَ نَاجِحَة
الرسول يتمنى أن يكون غايس صحيحاً جسدياً. كما أنه نفسياً أى روحياً صحيح. ويرى البعض أن معنى كلام الرسول هنا أن صحة غايس كانت ليست على مايرام. والكنيسة تصلى من أجل صحة أولادها (فى أوشية المرضى) كما تصلى للراقدين والمسافرين. وأهم ما تطلبه لأجلهم هو غفران خطاياهم. 
كما أن نفسك ناجحة = النجاح ليس هو النجاح المادى وصحة الجسد. بل نجاح نفسى يتمثل فى الإحساس بالشبع والفرح والرضى والسلام الذى يملأ القلب. كما قال داود """"أحبك يارب يا قوتى"""" ( مز 18). ودانيال ويوسف كانوا ناجحين. وللأسف فهناك أباء يهتمون بنجاح أولادهم مادياً ودراسياً ولا يهتمون بحياتهم الروحية وأن يصرف أولادهم وقتاً مع الله.

أية 3 :- لأَنِّي فَرِحْتُ جِدّاً إِذْ حَضَرَ إِخْوَةٌ وَشَهِدُوا بِالْحَقِّ الَّذِي فِيكَ\'a1 كَمَا أَنَّكَ تَسْلُكُ بِالْحَقِّ
إذاً هو يكتب ليشجعه أن يستمر فى مسلكه. فرحة الخادم هى أن يرى أولاده يسلكون بالحق وبالمحبة وأن إيمانهم سليم. 

أية 4 :- لَيْسَ لِي فَرَحٌ أَعْظَمُ مِنْ هَذَا: أَنْ أَسْمَعَ عَنْ أَوْلاَدِي أَنَّهُمْ يَسْلُكُونَ بِالْحَقِّ
أسمع عن أولادى = هى أبوة يستمدها من الله وفى الله وبه\'a1 فإن صارت العلاقة خارج الرب يسوع ينطبق عليها هذا القول """" لا تدعوا لكم أباً على الأرض ( مت23: 8 - 10) وراجع ( غل4: 19 \'ba  1كو4: 15 \'ba  1تس2: 11).

أيات 5\'a1 6 :- أَيُّهَا الْحَبِيبُ\'a1 أَنْتَ تَفْعَلُ بِالأَمَانَةِ كُلَّ مَا تَصْنَعُهُ إِلَى الإِخْوَةِ وَإِلَى الْغُرَبَاءِ\'a1 الَّذِينَ شَهِدُوا بِمَحَبَّتِكَ أَمَامَ الْكَنِيسَةِ. الَّذِينَ تَفْعَلُ حَسَناً إِذَا شَيَّعْتَهُمْ كَمَا يَحِقُّ للهِ\'a1
الغرباء = الذين لم يعرفهم غايس قبلاً. الإخوة = هم الذين سبق وعرفهم غايس من قبل. كما يحق لله = الله هو القياس وليس خدامه.

أية 7 :- لأَنَّهُمْ مِنْ أَجْلِ اسْمِهِ خَرَجُوا وَهُمْ لاَ يَأْخُذُونَ شَيْئاً مِنَ الأُمَمِ
واضح أن هؤلاء الإخوة الغرباء خرجوا ليكرزوا للأمم\'a1ويريدون أن تكون خدمتهم مجانية\'a1أى بلا مقابل يأخذونه من الأمم. وغايس أتاح لهم هذا بأن تكفل بإحتياجاتهم المادية.

كان هناك نوعان من الخدام فى الكنيسة الأولى :- 
1.خدام محليين ثابتين مستقرين وهؤلاء يسكنون فى بيوتهم.
2.خدام طوافين ينتقلون من مكان إلى مكان. وهؤلاء لا يمكن لهم أن يستعملوا الفنادق لسمعتها السيئة\'a1 إذاً كانوا محتاجين لمن يستضيفهم (كملاكى لوط). لذلك وجدت وصية """"لا تنسوا إضافة الغرباء"""" ( عب2:13). فكان هذا إحتياج الكنيسة فى تلك الأيام. وكانت تلك الإستضافة تشمل (الطعام والنوم). فهؤلاء الخدام لا يخدمون لربح مادى. ولقد إشترطت الكنيسة على هؤلاء الذين يقيمون أكثر من مدة معينة أن يعملوا ليأكلوا\'a1 يكون لهم عمل يتكسبون منه. لذلك نرى بولس الرسول قد عمل كخيام (صانع خيام).

أية 8 :- فَنَحْنُ يَنْبَغِي لَنَا أَنْ نَقْبَلَ أَمْثَالَ هَؤُلاَءِ\'a1 لِكَيْ نَكُونَ عَامِلِينَ مَعَهُمْ بِالْحَقِّ
من يكرم خدام الله يكرم الله.

أيات 9\'a1 10 :- كَتَبْتُ إِلَى الْكَنِيسَةِ\'a1 وَلَكِنَّ دِيُوتْرِيفِسَ - الَّذِي يُحِبُّ أَنْ يَكُونَ الأَّوَلَ بَيْنَهُمْ - لاَ يَقْبَلُنَا. مِنْ أَجْلِ ذَلِكَ إِذَا جِئْتُ فَسَأُذَكِّرُهُ بِأَعْمَالِهِ الَّتِي يَعْمَلُهَا\'a1 هَاذِراً عَلَيْنَا بِأَقْوَالٍ خَبِيثَةٍ. وَإِذْ هُوَ غَيْرُ مُكْتَفٍ بِهَذِهِ\'a1 لاَ يَقْبَلُ الإِخْوَةَ\'a1 وَيَمْنَعُ أَيْضاً الَّذِينَ يُرِيدُونَ\'a1 وَيَطْرُدُهُمْ مِنَ الْكَنِيسَةِ
يبدو أن ديوتريفس هذا كان شخصاً ذو سلطان فى الكنيسة وربما كان هو الأسقف\'a1 إذ هو قادر أن يمنع أشخاصاً من دخول الكنيسة. 
كتبت إلى الكنيسة = كتب يوحنا رسالة إلى الكنيسة يطلب فيها قبول الإخوة الكارزين\'a1 فمنع ديوتريفس وصول الرسالة للكنيسة. يحب أن يكون الأول = خطية الكبرياء هذه تجعل الخادم ينحرف عن خدمته\'a1 ويحدث الإنشقاق فى الكنيسة. لايقبلنا = هو فى كبريائه لا يطيق الحق\'a1 يريد أن يعلم ولا يتعلم. ولا يقبل هؤلاء الإخوة الذين أرسلهم يوحنا ليكرزوا ويعلموا. بل هو طرد هؤلاء الإخوة\'a1 بل طرد الذين قبلوهم فى بيوتهم = الذين يريدون. والرسول يقول سأذكره = أى يساعده على معرفة أخطائه ليخلص نفسه.

أية 11 :- أَيُّهَا الْحَبِيبُ\'a1 لاَ تَتَمَثَّلْ بِالشَّرِّ بَلْ بِالْخَيْرِ\'a1 لأَنَّ مَنْ يَصْنَعُ الْخَيْرَ هُوَ مِنَ اللهِ\'a1 وَمَنْ يَصْنَعُ الشَّرَّ فَلَمْ يُبْصِرِ اللهَ.
لا تتمثل بالشر = بديوتريفس وأعماله. بل بالخير = أى بديمتريوس.
فلم يبصر الله = من يفعل الشر\'a1ويمتلىء قلبه بالعجرفة وحب الذات ينحنى بإرادته للظلمة فلا يقدر أن يبصر الله """" فلا شركة للنور مع الظلمة"""" ( 2كو6: 14). ومن أبصر الله فلقد أبصر النور فالله نور\'a1والنور يضىء له الطريق فيعرف الحق. 
أية 12 :- دِيمِتْرِيُوسُ مَشْهُودٌ لَهُ مِنَ الْجَمِيعِ وَمِنَ الْحَقِّ نَفْسِهِ\'a1 وَنَحْنُ أَيْضاً نَشْهَدُ\'a1 وَأَنْتُمْ تَعْلَمُونَ أَنَّ شَهَادَتَنَا هِيَ صَادِقَةٌ
ومن الحق نفسه = ربما تعنى أن الله يشهد له  فالله هو الحق. أو تعنى من أعماله أى أعمال ديمتريوس\'a1 فأعماله بحسب الحق\'a1وهى تشهد له. 
ونحن أيضاً = أى أن الرسول إختبره بنفسه. 
مشهود له من الجميع = هكذا أولاد الله نورهم ظاهر للجميع. وبهذا يشجع الرسول\'a1 غايس أن يقتدى بديمتريوس ولا يتشبه بديوتريفس.

أية 13 :- وَكَانَ لِي كَثِيرٌ لأَكْتُبَهُ\'a1 لَكِنَّنِي لَسْتُ أُرِيدُ أَنْ أَكْتُبَ إِلَيْكَ بِحِبْرٍ وَقَلَمٍ
 الجسر= كان من السناج الممزوج بماء ومقوى بالصمغ. والقلم = كان من الغاب المشطوف.

اية 14 :- وَلَكِنَّنِي أَرْجُو أَنْ أَرَاكَ عَنْ قَرِيبٍ فَنَتَكَلَّمَ فَماً لِفَمٍ.
تأكيد على أهمية التقليد.

أية 15 :- سَلاَمٌ لَكَ. يُسَلِّمُ عَلَيْكَ الأَحِبَّاءُ. سَلِّمْ عَلَى الأَحِبَّاءِ بِأَسْمَائِهِمْ. 
يسلم عليك الأحباء = ولم يقل الإخوة تأكيداً على المحبة. وهكذا أيضاً سلم على الأحباء."
يوحنا ثالثة,1,92,"الإصحاح الأول
أية 1 :- اَلشَّيْخُ\'a1 إِلَى غَايُسَ الْحَبِيبِ الَّذِي أَنَا أُحِبُّهُ بِالْحَقِّ 
الرسول يحب بالحق أى لأجل المسيح\'a1 وبالمسيح الذى فيه.

أية 2 :- أَيُّهَا الْحَبِيبُ\'a1 فِي كُلِّ شَيْءٍ أَرُومُ أَنْ تَكُونَ نَاجِحاً وَصَحِيحاً\'a1 كَمَا أَنَّ نَفْسَكَ نَاجِحَة
الرسول يتمنى أن يكون غايس صحيحاً جسدياً. كما أنه نفسياً أى روحياً صحيح. ويرى البعض أن معنى كلام الرسول هنا أن صحة غايس كانت ليست على مايرام. والكنيسة تصلى من أجل صحة أولادها (فى أوشية المرضى) كما تصلى للراقدين والمسافرين. وأهم ما تطلبه لأجلهم هو غفران خطاياهم. 
كما أن نفسك ناجحة = النجاح ليس هو النجاح المادى وصحة الجسد. بل نجاح نفسى يتمثل فى الإحساس بالشبع والفرح والرضى والسلام الذى يملأ القلب. كما قال داود """"أحبك يارب يا قوتى"""" ( مز 18). ودانيال ويوسف كانوا ناجحين. وللأسف فهناك أباء يهتمون بنجاح أولادهم مادياً ودراسياً ولا يهتمون بحياتهم الروحية وأن يصرف أولادهم وقتاً مع الله.

أية 3 :- لأَنِّي فَرِحْتُ جِدّاً إِذْ حَضَرَ إِخْوَةٌ وَشَهِدُوا بِالْحَقِّ الَّذِي فِيكَ\'a1 كَمَا أَنَّكَ تَسْلُكُ بِالْحَقِّ
إذاً هو يكتب ليشجعه أن يستمر فى مسلكه. فرحة الخادم هى أن يرى أولاده يسلكون بالحق وبالمحبة وأن إيمانهم سليم. 

أية 4 :- لَيْسَ لِي فَرَحٌ أَعْظَمُ مِنْ هَذَا: أَنْ أَسْمَعَ عَنْ أَوْلاَدِي أَنَّهُمْ يَسْلُكُونَ بِالْحَقِّ
أسمع عن أولادى = هى أبوة يستمدها من الله وفى الله وبه\'a1 فإن صارت العلاقة خارج الرب يسوع ينطبق عليها هذا القول """" لا تدعوا لكم أباً على الأرض ( مت23: 8 - 10) وراجع ( غل4: 19 \'ba  1كو4: 15 \'ba  1تس2: 11).

أيات 5\'a1 6 :- أَيُّهَا الْحَبِيبُ\'a1 أَنْتَ تَفْعَلُ بِالأَمَانَةِ كُلَّ مَا تَصْنَعُهُ إِلَى الإِخْوَةِ وَإِلَى الْغُرَبَاءِ\'a1 الَّذِينَ شَهِدُوا بِمَحَبَّتِكَ أَمَامَ الْكَنِيسَةِ. الَّذِينَ تَفْعَلُ حَسَناً إِذَا شَيَّعْتَهُمْ كَمَا يَحِقُّ للهِ\'a1
الغرباء = الذين لم يعرفهم غايس قبلاً. الإخوة = هم الذين سبق وعرفهم غايس من قبل. كما يحق لله = الله هو القياس وليس خدامه.

أية 7 :- لأَنَّهُمْ مِنْ أَجْلِ اسْمِهِ خَرَجُوا وَهُمْ لاَ يَأْخُذُونَ شَيْئاً مِنَ الأُمَمِ
واضح أن هؤلاء الإخوة الغرباء خرجوا ليكرزوا للأمم\'a1ويريدون أن تكون خدمتهم مجانية\'a1أى بلا مقابل يأخذونه من الأمم. وغايس أتاح لهم هذا بأن تكفل بإحتياجاتهم المادية.

كان هناك نوعان من الخدام فى الكنيسة الأولى :- 
1.خدام محليين ثابتين مستقرين وهؤلاء يسكنون فى بيوتهم.
2.خدام طوافين ينتقلون من مكان إلى مكان. وهؤلاء لا يمكن لهم أن يستعملوا الفنادق لسمعتها السيئة\'a1 إذاً كانوا محتاجين لمن يستضيفهم (كملاكى لوط). لذلك وجدت وصية """"لا تنسوا إضافة الغرباء"""" ( عب2:13). فكان هذا إحتياج الكنيسة فى تلك الأيام. وكانت تلك الإستضافة تشمل (الطعام والنوم). فهؤلاء الخدام لا يخدمون لربح مادى. ولقد إشترطت الكنيسة على هؤلاء الذين يقيمون أكثر من مدة معينة أن يعملوا ليأكلوا\'a1 يكون لهم عمل يتكسبون منه. لذلك نرى بولس الرسول قد عمل كخيام (صانع خيام).

أية 8 :- فَنَحْنُ يَنْبَغِي لَنَا أَنْ نَقْبَلَ أَمْثَالَ هَؤُلاَءِ\'a1 لِكَيْ نَكُونَ عَامِلِينَ مَعَهُمْ بِالْحَقِّ
من يكرم خدام الله يكرم الله.

أيات 9\'a1 10 :- كَتَبْتُ إِلَى الْكَنِيسَةِ\'a1 وَلَكِنَّ دِيُوتْرِيفِسَ - الَّذِي يُحِبُّ أَنْ يَكُونَ الأَّوَلَ بَيْنَهُمْ - لاَ يَقْبَلُنَا. مِنْ أَجْلِ ذَلِكَ إِذَا جِئْتُ فَسَأُذَكِّرُهُ بِأَعْمَالِهِ الَّتِي يَعْمَلُهَا\'a1 هَاذِراً عَلَيْنَا بِأَقْوَالٍ خَبِيثَةٍ. وَإِذْ هُوَ غَيْرُ مُكْتَفٍ بِهَذِهِ\'a1 لاَ يَقْبَلُ الإِخْوَةَ\'a1 وَيَمْنَعُ أَيْضاً الَّذِينَ يُرِيدُونَ\'a1 وَيَطْرُدُهُمْ مِنَ الْكَنِيسَةِ
يبدو أن ديوتريفس هذا كان شخصاً ذو سلطان فى الكنيسة وربما كان هو الأسقف\'a1 إذ هو قادر أن يمنع أشخاصاً من دخول الكنيسة. 
كتبت إلى الكنيسة = كتب يوحنا رسالة إلى الكنيسة يطلب فيها قبول الإخوة الكارزين\'a1 فمنع ديوتريفس وصول الرسالة للكنيسة. يحب أن يكون الأول = خطية الكبرياء هذه تجعل الخادم ينحرف عن خدمته\'a1 ويحدث الإنشقاق فى الكنيسة. لايقبلنا = هو فى كبريائه لا يطيق الحق\'a1 يريد أن يعلم ولا يتعلم. ولا يقبل هؤلاء الإخوة الذين أرسلهم يوحنا ليكرزوا ويعلموا. بل هو طرد هؤلاء الإخوة\'a1 بل طرد الذين قبلوهم فى بيوتهم = الذين يريدون. والرسول يقول سأذكره = أى يساعده على معرفة أخطائه ليخلص نفسه.

أية 11 :- أَيُّهَا الْحَبِيبُ\'a1 لاَ تَتَمَثَّلْ بِالشَّرِّ بَلْ بِالْخَيْرِ\'a1 لأَنَّ مَنْ يَصْنَعُ الْخَيْرَ هُوَ مِنَ اللهِ\'a1 وَمَنْ يَصْنَعُ الشَّرَّ فَلَمْ يُبْصِرِ اللهَ.
لا تتمثل بالشر = بديوتريفس وأعماله. بل بالخير = أى بديمتريوس.
فلم يبصر الله = من يفعل الشر\'a1ويمتلىء قلبه بالعجرفة وحب الذات ينحنى بإرادته للظلمة فلا يقدر أن يبصر الله """" فلا شركة للنور مع الظلمة"""" ( 2كو6: 14). ومن أبصر الله فلقد أبصر النور فالله نور\'a1والنور يضىء له الطريق فيعرف الحق. 
أية 12 :- دِيمِتْرِيُوسُ مَشْهُودٌ لَهُ مِنَ الْجَمِيعِ وَمِنَ الْحَقِّ نَفْسِهِ\'a1 وَنَحْنُ أَيْضاً نَشْهَدُ\'a1 وَأَنْتُمْ تَعْلَمُونَ أَنَّ شَهَادَتَنَا هِيَ صَادِقَةٌ
ومن الحق نفسه = ربما تعنى أن الله يشهد له  فالله هو الحق. أو تعنى من أعماله أى أعمال ديمتريوس\'a1 فأعماله بحسب الحق\'a1وهى تشهد له. 
ونحن أيضاً = أى أن الرسول إختبره بنفسه. 
مشهود له من الجميع = هكذا أولاد الله نورهم ظاهر للجميع. وبهذا يشجع الرسول\'a1 غايس أن يقتدى بديمتريوس ولا يتشبه بديوتريفس.

أية 13 :- وَكَانَ لِي كَثِيرٌ لأَكْتُبَهُ\'a1 لَكِنَّنِي لَسْتُ أُرِيدُ أَنْ أَكْتُبَ إِلَيْكَ بِحِبْرٍ وَقَلَمٍ
 الجسر= كان من السناج الممزوج بماء ومقوى بالصمغ. والقلم = كان من الغاب المشطوف.

اية 14 :- وَلَكِنَّنِي أَرْجُو أَنْ أَرَاكَ عَنْ قَرِيبٍ فَنَتَكَلَّمَ فَماً لِفَمٍ.
تأكيد على أهمية التقليد.

أية 15 :- سَلاَمٌ لَكَ. يُسَلِّمُ عَلَيْكَ الأَحِبَّاءُ. سَلِّمْ عَلَى الأَحِبَّاءِ بِأَسْمَائِهِمْ. 
يسلم عليك الأحباء = ولم يقل الإخوة تأكيداً على المحبة. وهكذا أيضاً سلم على الأحباء."
يوحنا ثالثة,1,93,"الإصحاح الأول
أية 1 :- اَلشَّيْخُ\'a1 إِلَى غَايُسَ الْحَبِيبِ الَّذِي أَنَا أُحِبُّهُ بِالْحَقِّ 
الرسول يحب بالحق أى لأجل المسيح\'a1 وبالمسيح الذى فيه.

أية 2 :- أَيُّهَا الْحَبِيبُ\'a1 فِي كُلِّ شَيْءٍ أَرُومُ أَنْ تَكُونَ نَاجِحاً وَصَحِيحاً\'a1 كَمَا أَنَّ نَفْسَكَ نَاجِحَة
الرسول يتمنى أن يكون غايس صحيحاً جسدياً. كما أنه نفسياً أى روحياً صحيح. ويرى البعض أن معنى كلام الرسول هنا أن صحة غايس كانت ليست على مايرام. والكنيسة تصلى من أجل صحة أولادها (فى أوشية المرضى) كما تصلى للراقدين والمسافرين. وأهم ما تطلبه لأجلهم هو غفران خطاياهم. 
كما أن نفسك ناجحة = النجاح ليس هو النجاح المادى وصحة الجسد. بل نجاح نفسى يتمثل فى الإحساس بالشبع والفرح والرضى والسلام الذى يملأ القلب. كما قال داود """"أحبك يارب يا قوتى"""" ( مز 18). ودانيال ويوسف كانوا ناجحين. وللأسف فهناك أباء يهتمون بنجاح أولادهم مادياً ودراسياً ولا يهتمون بحياتهم الروحية وأن يصرف أولادهم وقتاً مع الله.

أية 3 :- لأَنِّي فَرِحْتُ جِدّاً إِذْ حَضَرَ إِخْوَةٌ وَشَهِدُوا بِالْحَقِّ الَّذِي فِيكَ\'a1 كَمَا أَنَّكَ تَسْلُكُ بِالْحَقِّ
إذاً هو يكتب ليشجعه أن يستمر فى مسلكه. فرحة الخادم هى أن يرى أولاده يسلكون بالحق وبالمحبة وأن إيمانهم سليم. 

أية 4 :- لَيْسَ لِي فَرَحٌ أَعْظَمُ مِنْ هَذَا: أَنْ أَسْمَعَ عَنْ أَوْلاَدِي أَنَّهُمْ يَسْلُكُونَ بِالْحَقِّ
أسمع عن أولادى = هى أبوة يستمدها من الله وفى الله وبه\'a1 فإن صارت العلاقة خارج الرب يسوع ينطبق عليها هذا القول """" لا تدعوا لكم أباً على الأرض ( مت23: 8 - 10) وراجع ( غل4: 19 \'ba  1كو4: 15 \'ba  1تس2: 11).

أيات 5\'a1 6 :- أَيُّهَا الْحَبِيبُ\'a1 أَنْتَ تَفْعَلُ بِالأَمَانَةِ كُلَّ مَا تَصْنَعُهُ إِلَى الإِخْوَةِ وَإِلَى الْغُرَبَاءِ\'a1 الَّذِينَ شَهِدُوا بِمَحَبَّتِكَ أَمَامَ الْكَنِيسَةِ. الَّذِينَ تَفْعَلُ حَسَناً إِذَا شَيَّعْتَهُمْ كَمَا يَحِقُّ للهِ\'a1
الغرباء = الذين لم يعرفهم غايس قبلاً. الإخوة = هم الذين سبق وعرفهم غايس من قبل. كما يحق لله = الله هو القياس وليس خدامه.

أية 7 :- لأَنَّهُمْ مِنْ أَجْلِ اسْمِهِ خَرَجُوا وَهُمْ لاَ يَأْخُذُونَ شَيْئاً مِنَ الأُمَمِ
واضح أن هؤلاء الإخوة الغرباء خرجوا ليكرزوا للأمم\'a1ويريدون أن تكون خدمتهم مجانية\'a1أى بلا مقابل يأخذونه من الأمم. وغايس أتاح لهم هذا بأن تكفل بإحتياجاتهم المادية.

كان هناك نوعان من الخدام فى الكنيسة الأولى :- 
1.خدام محليين ثابتين مستقرين وهؤلاء يسكنون فى بيوتهم.
2.خدام طوافين ينتقلون من مكان إلى مكان. وهؤلاء لا يمكن لهم أن يستعملوا الفنادق لسمعتها السيئة\'a1 إذاً كانوا محتاجين لمن يستضيفهم (كملاكى لوط). لذلك وجدت وصية """"لا تنسوا إضافة الغرباء"""" ( عب2:13). فكان هذا إحتياج الكنيسة فى تلك الأيام. وكانت تلك الإستضافة تشمل (الطعام والنوم). فهؤلاء الخدام لا يخدمون لربح مادى. ولقد إشترطت الكنيسة على هؤلاء الذين يقيمون أكثر من مدة معينة أن يعملوا ليأكلوا\'a1 يكون لهم عمل يتكسبون منه. لذلك نرى بولس الرسول قد عمل كخيام (صانع خيام).

أية 8 :- فَنَحْنُ يَنْبَغِي لَنَا أَنْ نَقْبَلَ أَمْثَالَ هَؤُلاَءِ\'a1 لِكَيْ نَكُونَ عَامِلِينَ مَعَهُمْ بِالْحَقِّ
من يكرم خدام الله يكرم الله.

أيات 9\'a1 10 :- كَتَبْتُ إِلَى الْكَنِيسَةِ\'a1 وَلَكِنَّ دِيُوتْرِيفِسَ - الَّذِي يُحِبُّ أَنْ يَكُونَ الأَّوَلَ بَيْنَهُمْ - لاَ يَقْبَلُنَا. مِنْ أَجْلِ ذَلِكَ إِذَا جِئْتُ فَسَأُذَكِّرُهُ بِأَعْمَالِهِ الَّتِي يَعْمَلُهَا\'a1 هَاذِراً عَلَيْنَا بِأَقْوَالٍ خَبِيثَةٍ. وَإِذْ هُوَ غَيْرُ مُكْتَفٍ بِهَذِهِ\'a1 لاَ يَقْبَلُ الإِخْوَةَ\'a1 وَيَمْنَعُ أَيْضاً الَّذِينَ يُرِيدُونَ\'a1 وَيَطْرُدُهُمْ مِنَ الْكَنِيسَةِ
يبدو أن ديوتريفس هذا كان شخصاً ذو سلطان فى الكنيسة وربما كان هو الأسقف\'a1 إذ هو قادر أن يمنع أشخاصاً من دخول الكنيسة. 
كتبت إلى الكنيسة = كتب يوحنا رسالة إلى الكنيسة يطلب فيها قبول الإخوة الكارزين\'a1 فمنع ديوتريفس وصول الرسالة للكنيسة. يحب أن يكون الأول = خطية الكبرياء هذه تجعل الخادم ينحرف عن خدمته\'a1 ويحدث الإنشقاق فى الكنيسة. لايقبلنا = هو فى كبريائه لا يطيق الحق\'a1 يريد أن يعلم ولا يتعلم. ولا يقبل هؤلاء الإخوة الذين أرسلهم يوحنا ليكرزوا ويعلموا. بل هو طرد هؤلاء الإخوة\'a1 بل طرد الذين قبلوهم فى بيوتهم = الذين يريدون. والرسول يقول سأذكره = أى يساعده على معرفة أخطائه ليخلص نفسه.

أية 11 :- أَيُّهَا الْحَبِيبُ\'a1 لاَ تَتَمَثَّلْ بِالشَّرِّ بَلْ بِالْخَيْرِ\'a1 لأَنَّ مَنْ يَصْنَعُ الْخَيْرَ هُوَ مِنَ اللهِ\'a1 وَمَنْ يَصْنَعُ الشَّرَّ فَلَمْ يُبْصِرِ اللهَ.
لا تتمثل بالشر = بديوتريفس وأعماله. بل بالخير = أى بديمتريوس.
فلم يبصر الله = من يفعل الشر\'a1ويمتلىء قلبه بالعجرفة وحب الذات ينحنى بإرادته للظلمة فلا يقدر أن يبصر الله """" فلا شركة للنور مع الظلمة"""" ( 2كو6: 14). ومن أبصر الله فلقد أبصر النور فالله نور\'a1والنور يضىء له الطريق فيعرف الحق. 
أية 12 :- دِيمِتْرِيُوسُ مَشْهُودٌ لَهُ مِنَ الْجَمِيعِ وَمِنَ الْحَقِّ نَفْسِهِ\'a1 وَنَحْنُ أَيْضاً نَشْهَدُ\'a1 وَأَنْتُمْ تَعْلَمُونَ أَنَّ شَهَادَتَنَا هِيَ صَادِقَةٌ
ومن الحق نفسه = ربما تعنى أن الله يشهد له  فالله هو الحق. أو تعنى من أعماله أى أعمال ديمتريوس\'a1 فأعماله بحسب الحق\'a1وهى تشهد له. 
ونحن أيضاً = أى أن الرسول إختبره بنفسه. 
مشهود له من الجميع = هكذا أولاد الله نورهم ظاهر للجميع. وبهذا يشجع الرسول\'a1 غايس أن يقتدى بديمتريوس ولا يتشبه بديوتريفس.

أية 13 :- وَكَانَ لِي كَثِيرٌ لأَكْتُبَهُ\'a1 لَكِنَّنِي لَسْتُ أُرِيدُ أَنْ أَكْتُبَ إِلَيْكَ بِحِبْرٍ وَقَلَمٍ
 الجسر= كان من السناج الممزوج بماء ومقوى بالصمغ. والقلم = كان من الغاب المشطوف.

اية 14 :- وَلَكِنَّنِي أَرْجُو أَنْ أَرَاكَ عَنْ قَرِيبٍ فَنَتَكَلَّمَ فَماً لِفَمٍ.
تأكيد على أهمية التقليد.

أية 15 :- سَلاَمٌ لَكَ. يُسَلِّمُ عَلَيْكَ الأَحِبَّاءُ. سَلِّمْ عَلَى الأَحِبَّاءِ بِأَسْمَائِهِمْ. 
يسلم عليك الأحباء = ولم يقل الإخوة تأكيداً على المحبة. وهكذا أيضاً سلم على الأحباء."
يوحنا ثالثة,1,94,"الإصحاح الأول
أية 1 :- اَلشَّيْخُ\'a1 إِلَى غَايُسَ الْحَبِيبِ الَّذِي أَنَا أُحِبُّهُ بِالْحَقِّ 
الرسول يحب بالحق أى لأجل المسيح\'a1 وبالمسيح الذى فيه.

أية 2 :- أَيُّهَا الْحَبِيبُ\'a1 فِي كُلِّ شَيْءٍ أَرُومُ أَنْ تَكُونَ نَاجِحاً وَصَحِيحاً\'a1 كَمَا أَنَّ نَفْسَكَ نَاجِحَة
الرسول يتمنى أن يكون غايس صحيحاً جسدياً. كما أنه نفسياً أى روحياً صحيح. ويرى البعض أن معنى كلام الرسول هنا أن صحة غايس كانت ليست على مايرام. والكنيسة تصلى من أجل صحة أولادها (فى أوشية المرضى) كما تصلى للراقدين والمسافرين. وأهم ما تطلبه لأجلهم هو غفران خطاياهم. 
كما أن نفسك ناجحة = النجاح ليس هو النجاح المادى وصحة الجسد. بل نجاح نفسى يتمثل فى الإحساس بالشبع والفرح والرضى والسلام الذى يملأ القلب. كما قال داود """"أحبك يارب يا قوتى"""" ( مز 18). ودانيال ويوسف كانوا ناجحين. وللأسف فهناك أباء يهتمون بنجاح أولادهم مادياً ودراسياً ولا يهتمون بحياتهم الروحية وأن يصرف أولادهم وقتاً مع الله.

أية 3 :- لأَنِّي فَرِحْتُ جِدّاً إِذْ حَضَرَ إِخْوَةٌ وَشَهِدُوا بِالْحَقِّ الَّذِي فِيكَ\'a1 كَمَا أَنَّكَ تَسْلُكُ بِالْحَقِّ
إذاً هو يكتب ليشجعه أن يستمر فى مسلكه. فرحة الخادم هى أن يرى أولاده يسلكون بالحق وبالمحبة وأن إيمانهم سليم. 

أية 4 :- لَيْسَ لِي فَرَحٌ أَعْظَمُ مِنْ هَذَا: أَنْ أَسْمَعَ عَنْ أَوْلاَدِي أَنَّهُمْ يَسْلُكُونَ بِالْحَقِّ
أسمع عن أولادى = هى أبوة يستمدها من الله وفى الله وبه\'a1 فإن صارت العلاقة خارج الرب يسوع ينطبق عليها هذا القول """" لا تدعوا لكم أباً على الأرض ( مت23: 8 - 10) وراجع ( غل4: 19 \'ba  1كو4: 15 \'ba  1تس2: 11).

أيات 5\'a1 6 :- أَيُّهَا الْحَبِيبُ\'a1 أَنْتَ تَفْعَلُ بِالأَمَانَةِ كُلَّ مَا تَصْنَعُهُ إِلَى الإِخْوَةِ وَإِلَى الْغُرَبَاءِ\'a1 الَّذِينَ شَهِدُوا بِمَحَبَّتِكَ أَمَامَ الْكَنِيسَةِ. الَّذِينَ تَفْعَلُ حَسَناً إِذَا شَيَّعْتَهُمْ كَمَا يَحِقُّ للهِ\'a1
الغرباء = الذين لم يعرفهم غايس قبلاً. الإخوة = هم الذين سبق وعرفهم غايس من قبل. كما يحق لله = الله هو القياس وليس خدامه.

أية 7 :- لأَنَّهُمْ مِنْ أَجْلِ اسْمِهِ خَرَجُوا وَهُمْ لاَ يَأْخُذُونَ شَيْئاً مِنَ الأُمَمِ
واضح أن هؤلاء الإخوة الغرباء خرجوا ليكرزوا للأمم\'a1ويريدون أن تكون خدمتهم مجانية\'a1أى بلا مقابل يأخذونه من الأمم. وغايس أتاح لهم هذا بأن تكفل بإحتياجاتهم المادية.

كان هناك نوعان من الخدام فى الكنيسة الأولى :- 
1.خدام محليين ثابتين مستقرين وهؤلاء يسكنون فى بيوتهم.
2.خدام طوافين ينتقلون من مكان إلى مكان. وهؤلاء لا يمكن لهم أن يستعملوا الفنادق لسمعتها السيئة\'a1 إذاً كانوا محتاجين لمن يستضيفهم (كملاكى لوط). لذلك وجدت وصية """"لا تنسوا إضافة الغرباء"""" ( عب2:13). فكان هذا إحتياج الكنيسة فى تلك الأيام. وكانت تلك الإستضافة تشمل (الطعام والنوم). فهؤلاء الخدام لا يخدمون لربح مادى. ولقد إشترطت الكنيسة على هؤلاء الذين يقيمون أكثر من مدة معينة أن يعملوا ليأكلوا\'a1 يكون لهم عمل يتكسبون منه. لذلك نرى بولس الرسول قد عمل كخيام (صانع خيام).

أية 8 :- فَنَحْنُ يَنْبَغِي لَنَا أَنْ نَقْبَلَ أَمْثَالَ هَؤُلاَءِ\'a1 لِكَيْ نَكُونَ عَامِلِينَ مَعَهُمْ بِالْحَقِّ
من يكرم خدام الله يكرم الله.

أيات 9\'a1 10 :- كَتَبْتُ إِلَى الْكَنِيسَةِ\'a1 وَلَكِنَّ دِيُوتْرِيفِسَ - الَّذِي يُحِبُّ أَنْ يَكُونَ الأَّوَلَ بَيْنَهُمْ - لاَ يَقْبَلُنَا. مِنْ أَجْلِ ذَلِكَ إِذَا جِئْتُ فَسَأُذَكِّرُهُ بِأَعْمَالِهِ الَّتِي يَعْمَلُهَا\'a1 هَاذِراً عَلَيْنَا بِأَقْوَالٍ خَبِيثَةٍ. وَإِذْ هُوَ غَيْرُ مُكْتَفٍ بِهَذِهِ\'a1 لاَ يَقْبَلُ الإِخْوَةَ\'a1 وَيَمْنَعُ أَيْضاً الَّذِينَ يُرِيدُونَ\'a1 وَيَطْرُدُهُمْ مِنَ الْكَنِيسَةِ
يبدو أن ديوتريفس هذا كان شخصاً ذو سلطان فى الكنيسة وربما كان هو الأسقف\'a1 إذ هو قادر أن يمنع أشخاصاً من دخول الكنيسة. 
كتبت إلى الكنيسة = كتب يوحنا رسالة إلى الكنيسة يطلب فيها قبول الإخوة الكارزين\'a1 فمنع ديوتريفس وصول الرسالة للكنيسة. يحب أن يكون الأول = خطية الكبرياء هذه تجعل الخادم ينحرف عن خدمته\'a1 ويحدث الإنشقاق فى الكنيسة. لايقبلنا = هو فى كبريائه لا يطيق الحق\'a1 يريد أن يعلم ولا يتعلم. ولا يقبل هؤلاء الإخوة الذين أرسلهم يوحنا ليكرزوا ويعلموا. بل هو طرد هؤلاء الإخوة\'a1 بل طرد الذين قبلوهم فى بيوتهم = الذين يريدون. والرسول يقول سأذكره = أى يساعده على معرفة أخطائه ليخلص نفسه.

أية 11 :- أَيُّهَا الْحَبِيبُ\'a1 لاَ تَتَمَثَّلْ بِالشَّرِّ بَلْ بِالْخَيْرِ\'a1 لأَنَّ مَنْ يَصْنَعُ الْخَيْرَ هُوَ مِنَ اللهِ\'a1 وَمَنْ يَصْنَعُ الشَّرَّ فَلَمْ يُبْصِرِ اللهَ.
لا تتمثل بالشر = بديوتريفس وأعماله. بل بالخير = أى بديمتريوس.
فلم يبصر الله = من يفعل الشر\'a1ويمتلىء قلبه بالعجرفة وحب الذات ينحنى بإرادته للظلمة فلا يقدر أن يبصر الله """" فلا شركة للنور مع الظلمة"""" ( 2كو6: 14). ومن أبصر الله فلقد أبصر النور فالله نور\'a1والنور يضىء له الطريق فيعرف الحق. 
أية 12 :- دِيمِتْرِيُوسُ مَشْهُودٌ لَهُ مِنَ الْجَمِيعِ وَمِنَ الْحَقِّ نَفْسِهِ\'a1 وَنَحْنُ أَيْضاً نَشْهَدُ\'a1 وَأَنْتُمْ تَعْلَمُونَ أَنَّ شَهَادَتَنَا هِيَ صَادِقَةٌ
ومن الحق نفسه = ربما تعنى أن الله يشهد له  فالله هو الحق. أو تعنى من أعماله أى أعمال ديمتريوس\'a1 فأعماله بحسب الحق\'a1وهى تشهد له. 
ونحن أيضاً = أى أن الرسول إختبره بنفسه. 
مشهود له من الجميع = هكذا أولاد الله نورهم ظاهر للجميع. وبهذا يشجع الرسول\'a1 غايس أن يقتدى بديمتريوس ولا يتشبه بديوتريفس.

أية 13 :- وَكَانَ لِي كَثِيرٌ لأَكْتُبَهُ\'a1 لَكِنَّنِي لَسْتُ أُرِيدُ أَنْ أَكْتُبَ إِلَيْكَ بِحِبْرٍ وَقَلَمٍ
 الجسر= كان من السناج الممزوج بماء ومقوى بالصمغ. والقلم = كان من الغاب المشطوف.

اية 14 :- وَلَكِنَّنِي أَرْجُو أَنْ أَرَاكَ عَنْ قَرِيبٍ فَنَتَكَلَّمَ فَماً لِفَمٍ.
تأكيد على أهمية التقليد.

أية 15 :- سَلاَمٌ لَكَ. يُسَلِّمُ عَلَيْكَ الأَحِبَّاءُ. سَلِّمْ عَلَى الأَحِبَّاءِ بِأَسْمَائِهِمْ. 
يسلم عليك الأحباء = ولم يقل الإخوة تأكيداً على المحبة. وهكذا أيضاً سلم على الأحباء."
يوحنا ثالثة,1,95,"الإصحاح الأول
أية 1 :- اَلشَّيْخُ\'a1 إِلَى غَايُسَ الْحَبِيبِ الَّذِي أَنَا أُحِبُّهُ بِالْحَقِّ 
الرسول يحب بالحق أى لأجل المسيح\'a1 وبالمسيح الذى فيه.

أية 2 :- أَيُّهَا الْحَبِيبُ\'a1 فِي كُلِّ شَيْءٍ أَرُومُ أَنْ تَكُونَ نَاجِحاً وَصَحِيحاً\'a1 كَمَا أَنَّ نَفْسَكَ نَاجِحَة
الرسول يتمنى أن يكون غايس صحيحاً جسدياً. كما أنه نفسياً أى روحياً صحيح. ويرى البعض أن معنى كلام الرسول هنا أن صحة غايس كانت ليست على مايرام. والكنيسة تصلى من أجل صحة أولادها (فى أوشية المرضى) كما تصلى للراقدين والمسافرين. وأهم ما تطلبه لأجلهم هو غفران خطاياهم. 
كما أن نفسك ناجحة = النجاح ليس هو النجاح المادى وصحة الجسد. بل نجاح نفسى يتمثل فى الإحساس بالشبع والفرح والرضى والسلام الذى يملأ القلب. كما قال داود """"أحبك يارب يا قوتى"""" ( مز 18). ودانيال ويوسف كانوا ناجحين. وللأسف فهناك أباء يهتمون بنجاح أولادهم مادياً ودراسياً ولا يهتمون بحياتهم الروحية وأن يصرف أولادهم وقتاً مع الله.

أية 3 :- لأَنِّي فَرِحْتُ جِدّاً إِذْ حَضَرَ إِخْوَةٌ وَشَهِدُوا بِالْحَقِّ الَّذِي فِيكَ\'a1 كَمَا أَنَّكَ تَسْلُكُ بِالْحَقِّ
إذاً هو يكتب ليشجعه أن يستمر فى مسلكه. فرحة الخادم هى أن يرى أولاده يسلكون بالحق وبالمحبة وأن إيمانهم سليم. 

أية 4 :- لَيْسَ لِي فَرَحٌ أَعْظَمُ مِنْ هَذَا: أَنْ أَسْمَعَ عَنْ أَوْلاَدِي أَنَّهُمْ يَسْلُكُونَ بِالْحَقِّ
أسمع عن أولادى = هى أبوة يستمدها من الله وفى الله وبه\'a1 فإن صارت العلاقة خارج الرب يسوع ينطبق عليها هذا القول """" لا تدعوا لكم أباً على الأرض ( مت23: 8 - 10) وراجع ( غل4: 19 \'ba  1كو4: 15 \'ba  1تس2: 11).

أيات 5\'a1 6 :- أَيُّهَا الْحَبِيبُ\'a1 أَنْتَ تَفْعَلُ بِالأَمَانَةِ كُلَّ مَا تَصْنَعُهُ إِلَى الإِخْوَةِ وَإِلَى الْغُرَبَاءِ\'a1 الَّذِينَ شَهِدُوا بِمَحَبَّتِكَ أَمَامَ الْكَنِيسَةِ. الَّذِينَ تَفْعَلُ حَسَناً إِذَا شَيَّعْتَهُمْ كَمَا يَحِقُّ للهِ\'a1
الغرباء = الذين لم يعرفهم غايس قبلاً. الإخوة = هم الذين سبق وعرفهم غايس من قبل. كما يحق لله = الله هو القياس وليس خدامه.

أية 7 :- لأَنَّهُمْ مِنْ أَجْلِ اسْمِهِ خَرَجُوا وَهُمْ لاَ يَأْخُذُونَ شَيْئاً مِنَ الأُمَمِ
واضح أن هؤلاء الإخوة الغرباء خرجوا ليكرزوا للأمم\'a1ويريدون أن تكون خدمتهم مجانية\'a1أى بلا مقابل يأخذونه من الأمم. وغايس أتاح لهم هذا بأن تكفل بإحتياجاتهم المادية.

كان هناك نوعان من الخدام فى الكنيسة الأولى :- 
1.خدام محليين ثابتين مستقرين وهؤلاء يسكنون فى بيوتهم.
2.خدام طوافين ينتقلون من مكان إلى مكان. وهؤلاء لا يمكن لهم أن يستعملوا الفنادق لسمعتها السيئة\'a1 إذاً كانوا محتاجين لمن يستضيفهم (كملاكى لوط). لذلك وجدت وصية """"لا تنسوا إضافة الغرباء"""" ( عب2:13). فكان هذا إحتياج الكنيسة فى تلك الأيام. وكانت تلك الإستضافة تشمل (الطعام والنوم). فهؤلاء الخدام لا يخدمون لربح مادى. ولقد إشترطت الكنيسة على هؤلاء الذين يقيمون أكثر من مدة معينة أن يعملوا ليأكلوا\'a1 يكون لهم عمل يتكسبون منه. لذلك نرى بولس الرسول قد عمل كخيام (صانع خيام).

أية 8 :- فَنَحْنُ يَنْبَغِي لَنَا أَنْ نَقْبَلَ أَمْثَالَ هَؤُلاَءِ\'a1 لِكَيْ نَكُونَ عَامِلِينَ مَعَهُمْ بِالْحَقِّ
من يكرم خدام الله يكرم الله.

أيات 9\'a1 10 :- كَتَبْتُ إِلَى الْكَنِيسَةِ\'a1 وَلَكِنَّ دِيُوتْرِيفِسَ - الَّذِي يُحِبُّ أَنْ يَكُونَ الأَّوَلَ بَيْنَهُمْ - لاَ يَقْبَلُنَا. مِنْ أَجْلِ ذَلِكَ إِذَا جِئْتُ فَسَأُذَكِّرُهُ بِأَعْمَالِهِ الَّتِي يَعْمَلُهَا\'a1 هَاذِراً عَلَيْنَا بِأَقْوَالٍ خَبِيثَةٍ. وَإِذْ هُوَ غَيْرُ مُكْتَفٍ بِهَذِهِ\'a1 لاَ يَقْبَلُ الإِخْوَةَ\'a1 وَيَمْنَعُ أَيْضاً الَّذِينَ يُرِيدُونَ\'a1 وَيَطْرُدُهُمْ مِنَ الْكَنِيسَةِ
يبدو أن ديوتريفس هذا كان شخصاً ذو سلطان فى الكنيسة وربما كان هو الأسقف\'a1 إذ هو قادر أن يمنع أشخاصاً من دخول الكنيسة. 
كتبت إلى الكنيسة = كتب يوحنا رسالة إلى الكنيسة يطلب فيها قبول الإخوة الكارزين\'a1 فمنع ديوتريفس وصول الرسالة للكنيسة. يحب أن يكون الأول = خطية الكبرياء هذه تجعل الخادم ينحرف عن خدمته\'a1 ويحدث الإنشقاق فى الكنيسة. لايقبلنا = هو فى كبريائه لا يطيق الحق\'a1 يريد أن يعلم ولا يتعلم. ولا يقبل هؤلاء الإخوة الذين أرسلهم يوحنا ليكرزوا ويعلموا. بل هو طرد هؤلاء الإخوة\'a1 بل طرد الذين قبلوهم فى بيوتهم = الذين يريدون. والرسول يقول سأذكره = أى يساعده على معرفة أخطائه ليخلص نفسه.

أية 11 :- أَيُّهَا الْحَبِيبُ\'a1 لاَ تَتَمَثَّلْ بِالشَّرِّ بَلْ بِالْخَيْرِ\'a1 لأَنَّ مَنْ يَصْنَعُ الْخَيْرَ هُوَ مِنَ اللهِ\'a1 وَمَنْ يَصْنَعُ الشَّرَّ فَلَمْ يُبْصِرِ اللهَ.
لا تتمثل بالشر = بديوتريفس وأعماله. بل بالخير = أى بديمتريوس.
فلم يبصر الله = من يفعل الشر\'a1ويمتلىء قلبه بالعجرفة وحب الذات ينحنى بإرادته للظلمة فلا يقدر أن يبصر الله """" فلا شركة للنور مع الظلمة"""" ( 2كو6: 14). ومن أبصر الله فلقد أبصر النور فالله نور\'a1والنور يضىء له الطريق فيعرف الحق. 
أية 12 :- دِيمِتْرِيُوسُ مَشْهُودٌ لَهُ مِنَ الْجَمِيعِ وَمِنَ الْحَقِّ نَفْسِهِ\'a1 وَنَحْنُ أَيْضاً نَشْهَدُ\'a1 وَأَنْتُمْ تَعْلَمُونَ أَنَّ شَهَادَتَنَا هِيَ صَادِقَةٌ
ومن الحق نفسه = ربما تعنى أن الله يشهد له  فالله هو الحق. أو تعنى من أعماله أى أعمال ديمتريوس\'a1 فأعماله بحسب الحق\'a1وهى تشهد له. 
ونحن أيضاً = أى أن الرسول إختبره بنفسه. 
مشهود له من الجميع = هكذا أولاد الله نورهم ظاهر للجميع. وبهذا يشجع الرسول\'a1 غايس أن يقتدى بديمتريوس ولا يتشبه بديوتريفس.

أية 13 :- وَكَانَ لِي كَثِيرٌ لأَكْتُبَهُ\'a1 لَكِنَّنِي لَسْتُ أُرِيدُ أَنْ أَكْتُبَ إِلَيْكَ بِحِبْرٍ وَقَلَمٍ
 الجسر= كان من السناج الممزوج بماء ومقوى بالصمغ. والقلم = كان من الغاب المشطوف.

اية 14 :- وَلَكِنَّنِي أَرْجُو أَنْ أَرَاكَ عَنْ قَرِيبٍ فَنَتَكَلَّمَ فَماً لِفَمٍ.
تأكيد على أهمية التقليد.

أية 15 :- سَلاَمٌ لَكَ. يُسَلِّمُ عَلَيْكَ الأَحِبَّاءُ. سَلِّمْ عَلَى الأَحِبَّاءِ بِأَسْمَائِهِمْ. 
يسلم عليك الأحباء = ولم يقل الإخوة تأكيداً على المحبة. وهكذا أيضاً سلم على الأحباء."
يوحنا ثالثة,1,96,"الإصحاح الأول
أية 1 :- اَلشَّيْخُ\'a1 إِلَى غَايُسَ الْحَبِيبِ الَّذِي أَنَا أُحِبُّهُ بِالْحَقِّ 
الرسول يحب بالحق أى لأجل المسيح\'a1 وبالمسيح الذى فيه.

أية 2 :- أَيُّهَا الْحَبِيبُ\'a1 فِي كُلِّ شَيْءٍ أَرُومُ أَنْ تَكُونَ نَاجِحاً وَصَحِيحاً\'a1 كَمَا أَنَّ نَفْسَكَ نَاجِحَة
الرسول يتمنى أن يكون غايس صحيحاً جسدياً. كما أنه نفسياً أى روحياً صحيح. ويرى البعض أن معنى كلام الرسول هنا أن صحة غايس كانت ليست على مايرام. والكنيسة تصلى من أجل صحة أولادها (فى أوشية المرضى) كما تصلى للراقدين والمسافرين. وأهم ما تطلبه لأجلهم هو غفران خطاياهم. 
كما أن نفسك ناجحة = النجاح ليس هو النجاح المادى وصحة الجسد. بل نجاح نفسى يتمثل فى الإحساس بالشبع والفرح والرضى والسلام الذى يملأ القلب. كما قال داود """"أحبك يارب يا قوتى"""" ( مز 18). ودانيال ويوسف كانوا ناجحين. وللأسف فهناك أباء يهتمون بنجاح أولادهم مادياً ودراسياً ولا يهتمون بحياتهم الروحية وأن يصرف أولادهم وقتاً مع الله.

أية 3 :- لأَنِّي فَرِحْتُ جِدّاً إِذْ حَضَرَ إِخْوَةٌ وَشَهِدُوا بِالْحَقِّ الَّذِي فِيكَ\'a1 كَمَا أَنَّكَ تَسْلُكُ بِالْحَقِّ
إذاً هو يكتب ليشجعه أن يستمر فى مسلكه. فرحة الخادم هى أن يرى أولاده يسلكون بالحق وبالمحبة وأن إيمانهم سليم. 

أية 4 :- لَيْسَ لِي فَرَحٌ أَعْظَمُ مِنْ هَذَا: أَنْ أَسْمَعَ عَنْ أَوْلاَدِي أَنَّهُمْ يَسْلُكُونَ بِالْحَقِّ
أسمع عن أولادى = هى أبوة يستمدها من الله وفى الله وبه\'a1 فإن صارت العلاقة خارج الرب يسوع ينطبق عليها هذا القول """" لا تدعوا لكم أباً على الأرض ( مت23: 8 - 10) وراجع ( غل4: 19 \'ba  1كو4: 15 \'ba  1تس2: 11).

أيات 5\'a1 6 :- أَيُّهَا الْحَبِيبُ\'a1 أَنْتَ تَفْعَلُ بِالأَمَانَةِ كُلَّ مَا تَصْنَعُهُ إِلَى الإِخْوَةِ وَإِلَى الْغُرَبَاءِ\'a1 الَّذِينَ شَهِدُوا بِمَحَبَّتِكَ أَمَامَ الْكَنِيسَةِ. الَّذِينَ تَفْعَلُ حَسَناً إِذَا شَيَّعْتَهُمْ كَمَا يَحِقُّ للهِ\'a1
الغرباء = الذين لم يعرفهم غايس قبلاً. الإخوة = هم الذين سبق وعرفهم غايس من قبل. كما يحق لله = الله هو القياس وليس خدامه.

أية 7 :- لأَنَّهُمْ مِنْ أَجْلِ اسْمِهِ خَرَجُوا وَهُمْ لاَ يَأْخُذُونَ شَيْئاً مِنَ الأُمَمِ
واضح أن هؤلاء الإخوة الغرباء خرجوا ليكرزوا للأمم\'a1ويريدون أن تكون خدمتهم مجانية\'a1أى بلا مقابل يأخذونه من الأمم. وغايس أتاح لهم هذا بأن تكفل بإحتياجاتهم المادية.

كان هناك نوعان من الخدام فى الكنيسة الأولى :- 
1.خدام محليين ثابتين مستقرين وهؤلاء يسكنون فى بيوتهم.
2.خدام طوافين ينتقلون من مكان إلى مكان. وهؤلاء لا يمكن لهم أن يستعملوا الفنادق لسمعتها السيئة\'a1 إذاً كانوا محتاجين لمن يستضيفهم (كملاكى لوط). لذلك وجدت وصية """"لا تنسوا إضافة الغرباء"""" ( عب2:13). فكان هذا إحتياج الكنيسة فى تلك الأيام. وكانت تلك الإستضافة تشمل (الطعام والنوم). فهؤلاء الخدام لا يخدمون لربح مادى. ولقد إشترطت الكنيسة على هؤلاء الذين يقيمون أكثر من مدة معينة أن يعملوا ليأكلوا\'a1 يكون لهم عمل يتكسبون منه. لذلك نرى بولس الرسول قد عمل كخيام (صانع خيام).

أية 8 :- فَنَحْنُ يَنْبَغِي لَنَا أَنْ نَقْبَلَ أَمْثَالَ هَؤُلاَءِ\'a1 لِكَيْ نَكُونَ عَامِلِينَ مَعَهُمْ بِالْحَقِّ
من يكرم خدام الله يكرم الله.

أيات 9\'a1 10 :- كَتَبْتُ إِلَى الْكَنِيسَةِ\'a1 وَلَكِنَّ دِيُوتْرِيفِسَ - الَّذِي يُحِبُّ أَنْ يَكُونَ الأَّوَلَ بَيْنَهُمْ - لاَ يَقْبَلُنَا. مِنْ أَجْلِ ذَلِكَ إِذَا جِئْتُ فَسَأُذَكِّرُهُ بِأَعْمَالِهِ الَّتِي يَعْمَلُهَا\'a1 هَاذِراً عَلَيْنَا بِأَقْوَالٍ خَبِيثَةٍ. وَإِذْ هُوَ غَيْرُ مُكْتَفٍ بِهَذِهِ\'a1 لاَ يَقْبَلُ الإِخْوَةَ\'a1 وَيَمْنَعُ أَيْضاً الَّذِينَ يُرِيدُونَ\'a1 وَيَطْرُدُهُمْ مِنَ الْكَنِيسَةِ
يبدو أن ديوتريفس هذا كان شخصاً ذو سلطان فى الكنيسة وربما كان هو الأسقف\'a1 إذ هو قادر أن يمنع أشخاصاً من دخول الكنيسة. 
كتبت إلى الكنيسة = كتب يوحنا رسالة إلى الكنيسة يطلب فيها قبول الإخوة الكارزين\'a1 فمنع ديوتريفس وصول الرسالة للكنيسة. يحب أن يكون الأول = خطية الكبرياء هذه تجعل الخادم ينحرف عن خدمته\'a1 ويحدث الإنشقاق فى الكنيسة. لايقبلنا = هو فى كبريائه لا يطيق الحق\'a1 يريد أن يعلم ولا يتعلم. ولا يقبل هؤلاء الإخوة الذين أرسلهم يوحنا ليكرزوا ويعلموا. بل هو طرد هؤلاء الإخوة\'a1 بل طرد الذين قبلوهم فى بيوتهم = الذين يريدون. والرسول يقول سأذكره = أى يساعده على معرفة أخطائه ليخلص نفسه.

أية 11 :- أَيُّهَا الْحَبِيبُ\'a1 لاَ تَتَمَثَّلْ بِالشَّرِّ بَلْ بِالْخَيْرِ\'a1 لأَنَّ مَنْ يَصْنَعُ الْخَيْرَ هُوَ مِنَ اللهِ\'a1 وَمَنْ يَصْنَعُ الشَّرَّ فَلَمْ يُبْصِرِ اللهَ.
لا تتمثل بالشر = بديوتريفس وأعماله. بل بالخير = أى بديمتريوس.
فلم يبصر الله = من يفعل الشر\'a1ويمتلىء قلبه بالعجرفة وحب الذات ينحنى بإرادته للظلمة فلا يقدر أن يبصر الله """" فلا شركة للنور مع الظلمة"""" ( 2كو6: 14). ومن أبصر الله فلقد أبصر النور فالله نور\'a1والنور يضىء له الطريق فيعرف الحق. 
أية 12 :- دِيمِتْرِيُوسُ مَشْهُودٌ لَهُ مِنَ الْجَمِيعِ وَمِنَ الْحَقِّ نَفْسِهِ\'a1 وَنَحْنُ أَيْضاً نَشْهَدُ\'a1 وَأَنْتُمْ تَعْلَمُونَ أَنَّ شَهَادَتَنَا هِيَ صَادِقَةٌ
ومن الحق نفسه = ربما تعنى أن الله يشهد له  فالله هو الحق. أو تعنى من أعماله أى أعمال ديمتريوس\'a1 فأعماله بحسب الحق\'a1وهى تشهد له. 
ونحن أيضاً = أى أن الرسول إختبره بنفسه. 
مشهود له من الجميع = هكذا أولاد الله نورهم ظاهر للجميع. وبهذا يشجع الرسول\'a1 غايس أن يقتدى بديمتريوس ولا يتشبه بديوتريفس.

أية 13 :- وَكَانَ لِي كَثِيرٌ لأَكْتُبَهُ\'a1 لَكِنَّنِي لَسْتُ أُرِيدُ أَنْ أَكْتُبَ إِلَيْكَ بِحِبْرٍ وَقَلَمٍ
 الجسر= كان من السناج الممزوج بماء ومقوى بالصمغ. والقلم = كان من الغاب المشطوف.

اية 14 :- وَلَكِنَّنِي أَرْجُو أَنْ أَرَاكَ عَنْ قَرِيبٍ فَنَتَكَلَّمَ فَماً لِفَمٍ.
تأكيد على أهمية التقليد.

أية 15 :- سَلاَمٌ لَكَ. يُسَلِّمُ عَلَيْكَ الأَحِبَّاءُ. سَلِّمْ عَلَى الأَحِبَّاءِ بِأَسْمَائِهِمْ. 
يسلم عليك الأحباء = ولم يقل الإخوة تأكيداً على المحبة. وهكذا أيضاً سلم على الأحباء."
يوحنا ثالثة,1,97,"الإصحاح الأول
أية 1 :- اَلشَّيْخُ\'a1 إِلَى غَايُسَ الْحَبِيبِ الَّذِي أَنَا أُحِبُّهُ بِالْحَقِّ 
الرسول يحب بالحق أى لأجل المسيح\'a1 وبالمسيح الذى فيه.

أية 2 :- أَيُّهَا الْحَبِيبُ\'a1 فِي كُلِّ شَيْءٍ أَرُومُ أَنْ تَكُونَ نَاجِحاً وَصَحِيحاً\'a1 كَمَا أَنَّ نَفْسَكَ نَاجِحَة
الرسول يتمنى أن يكون غايس صحيحاً جسدياً. كما أنه نفسياً أى روحياً صحيح. ويرى البعض أن معنى كلام الرسول هنا أن صحة غايس كانت ليست على مايرام. والكنيسة تصلى من أجل صحة أولادها (فى أوشية المرضى) كما تصلى للراقدين والمسافرين. وأهم ما تطلبه لأجلهم هو غفران خطاياهم. 
كما أن نفسك ناجحة = النجاح ليس هو النجاح المادى وصحة الجسد. بل نجاح نفسى يتمثل فى الإحساس بالشبع والفرح والرضى والسلام الذى يملأ القلب. كما قال داود """"أحبك يارب يا قوتى"""" ( مز 18). ودانيال ويوسف كانوا ناجحين. وللأسف فهناك أباء يهتمون بنجاح أولادهم مادياً ودراسياً ولا يهتمون بحياتهم الروحية وأن يصرف أولادهم وقتاً مع الله.

أية 3 :- لأَنِّي فَرِحْتُ جِدّاً إِذْ حَضَرَ إِخْوَةٌ وَشَهِدُوا بِالْحَقِّ الَّذِي فِيكَ\'a1 كَمَا أَنَّكَ تَسْلُكُ بِالْحَقِّ
إذاً هو يكتب ليشجعه أن يستمر فى مسلكه. فرحة الخادم هى أن يرى أولاده يسلكون بالحق وبالمحبة وأن إيمانهم سليم. 

أية 4 :- لَيْسَ لِي فَرَحٌ أَعْظَمُ مِنْ هَذَا: أَنْ أَسْمَعَ عَنْ أَوْلاَدِي أَنَّهُمْ يَسْلُكُونَ بِالْحَقِّ
أسمع عن أولادى = هى أبوة يستمدها من الله وفى الله وبه\'a1 فإن صارت العلاقة خارج الرب يسوع ينطبق عليها هذا القول """" لا تدعوا لكم أباً على الأرض ( مت23: 8 - 10) وراجع ( غل4: 19 \'ba  1كو4: 15 \'ba  1تس2: 11).

أيات 5\'a1 6 :- أَيُّهَا الْحَبِيبُ\'a1 أَنْتَ تَفْعَلُ بِالأَمَانَةِ كُلَّ مَا تَصْنَعُهُ إِلَى الإِخْوَةِ وَإِلَى الْغُرَبَاءِ\'a1 الَّذِينَ شَهِدُوا بِمَحَبَّتِكَ أَمَامَ الْكَنِيسَةِ. الَّذِينَ تَفْعَلُ حَسَناً إِذَا شَيَّعْتَهُمْ كَمَا يَحِقُّ للهِ\'a1
الغرباء = الذين لم يعرفهم غايس قبلاً. الإخوة = هم الذين سبق وعرفهم غايس من قبل. كما يحق لله = الله هو القياس وليس خدامه.

أية 7 :- لأَنَّهُمْ مِنْ أَجْلِ اسْمِهِ خَرَجُوا وَهُمْ لاَ يَأْخُذُونَ شَيْئاً مِنَ الأُمَمِ
واضح أن هؤلاء الإخوة الغرباء خرجوا ليكرزوا للأمم\'a1ويريدون أن تكون خدمتهم مجانية\'a1أى بلا مقابل يأخذونه من الأمم. وغايس أتاح لهم هذا بأن تكفل بإحتياجاتهم المادية.

كان هناك نوعان من الخدام فى الكنيسة الأولى :- 
1.خدام محليين ثابتين مستقرين وهؤلاء يسكنون فى بيوتهم.
2.خدام طوافين ينتقلون من مكان إلى مكان. وهؤلاء لا يمكن لهم أن يستعملوا الفنادق لسمعتها السيئة\'a1 إذاً كانوا محتاجين لمن يستضيفهم (كملاكى لوط). لذلك وجدت وصية """"لا تنسوا إضافة الغرباء"""" ( عب2:13). فكان هذا إحتياج الكنيسة فى تلك الأيام. وكانت تلك الإستضافة تشمل (الطعام والنوم). فهؤلاء الخدام لا يخدمون لربح مادى. ولقد إشترطت الكنيسة على هؤلاء الذين يقيمون أكثر من مدة معينة أن يعملوا ليأكلوا\'a1 يكون لهم عمل يتكسبون منه. لذلك نرى بولس الرسول قد عمل كخيام (صانع خيام).

أية 8 :- فَنَحْنُ يَنْبَغِي لَنَا أَنْ نَقْبَلَ أَمْثَالَ هَؤُلاَءِ\'a1 لِكَيْ نَكُونَ عَامِلِينَ مَعَهُمْ بِالْحَقِّ
من يكرم خدام الله يكرم الله.

أيات 9\'a1 10 :- كَتَبْتُ إِلَى الْكَنِيسَةِ\'a1 وَلَكِنَّ دِيُوتْرِيفِسَ - الَّذِي يُحِبُّ أَنْ يَكُونَ الأَّوَلَ بَيْنَهُمْ - لاَ يَقْبَلُنَا. مِنْ أَجْلِ ذَلِكَ إِذَا جِئْتُ فَسَأُذَكِّرُهُ بِأَعْمَالِهِ الَّتِي يَعْمَلُهَا\'a1 هَاذِراً عَلَيْنَا بِأَقْوَالٍ خَبِيثَةٍ. وَإِذْ هُوَ غَيْرُ مُكْتَفٍ بِهَذِهِ\'a1 لاَ يَقْبَلُ الإِخْوَةَ\'a1 وَيَمْنَعُ أَيْضاً الَّذِينَ يُرِيدُونَ\'a1 وَيَطْرُدُهُمْ مِنَ الْكَنِيسَةِ
يبدو أن ديوتريفس هذا كان شخصاً ذو سلطان فى الكنيسة وربما كان هو الأسقف\'a1 إذ هو قادر أن يمنع أشخاصاً من دخول الكنيسة. 
كتبت إلى الكنيسة = كتب يوحنا رسالة إلى الكنيسة يطلب فيها قبول الإخوة الكارزين\'a1 فمنع ديوتريفس وصول الرسالة للكنيسة. يحب أن يكون الأول = خطية الكبرياء هذه تجعل الخادم ينحرف عن خدمته\'a1 ويحدث الإنشقاق فى الكنيسة. لايقبلنا = هو فى كبريائه لا يطيق الحق\'a1 يريد أن يعلم ولا يتعلم. ولا يقبل هؤلاء الإخوة الذين أرسلهم يوحنا ليكرزوا ويعلموا. بل هو طرد هؤلاء الإخوة\'a1 بل طرد الذين قبلوهم فى بيوتهم = الذين يريدون. والرسول يقول سأذكره = أى يساعده على معرفة أخطائه ليخلص نفسه.

أية 11 :- أَيُّهَا الْحَبِيبُ\'a1 لاَ تَتَمَثَّلْ بِالشَّرِّ بَلْ بِالْخَيْرِ\'a1 لأَنَّ مَنْ يَصْنَعُ الْخَيْرَ هُوَ مِنَ اللهِ\'a1 وَمَنْ يَصْنَعُ الشَّرَّ فَلَمْ يُبْصِرِ اللهَ.
لا تتمثل بالشر = بديوتريفس وأعماله. بل بالخير = أى بديمتريوس.
فلم يبصر الله = من يفعل الشر\'a1ويمتلىء قلبه بالعجرفة وحب الذات ينحنى بإرادته للظلمة فلا يقدر أن يبصر الله """" فلا شركة للنور مع الظلمة"""" ( 2كو6: 14). ومن أبصر الله فلقد أبصر النور فالله نور\'a1والنور يضىء له الطريق فيعرف الحق. 
أية 12 :- دِيمِتْرِيُوسُ مَشْهُودٌ لَهُ مِنَ الْجَمِيعِ وَمِنَ الْحَقِّ نَفْسِهِ\'a1 وَنَحْنُ أَيْضاً نَشْهَدُ\'a1 وَأَنْتُمْ تَعْلَمُونَ أَنَّ شَهَادَتَنَا هِيَ صَادِقَةٌ
ومن الحق نفسه = ربما تعنى أن الله يشهد له  فالله هو الحق. أو تعنى من أعماله أى أعمال ديمتريوس\'a1 فأعماله بحسب الحق\'a1وهى تشهد له. 
ونحن أيضاً = أى أن الرسول إختبره بنفسه. 
مشهود له من الجميع = هكذا أولاد الله نورهم ظاهر للجميع. وبهذا يشجع الرسول\'a1 غايس أن يقتدى بديمتريوس ولا يتشبه بديوتريفس.

أية 13 :- وَكَانَ لِي كَثِيرٌ لأَكْتُبَهُ\'a1 لَكِنَّنِي لَسْتُ أُرِيدُ أَنْ أَكْتُبَ إِلَيْكَ بِحِبْرٍ وَقَلَمٍ
 الجسر= كان من السناج الممزوج بماء ومقوى بالصمغ. والقلم = كان من الغاب المشطوف.

اية 14 :- وَلَكِنَّنِي أَرْجُو أَنْ أَرَاكَ عَنْ قَرِيبٍ فَنَتَكَلَّمَ فَماً لِفَمٍ.
تأكيد على أهمية التقليد.

أية 15 :- سَلاَمٌ لَكَ. يُسَلِّمُ عَلَيْكَ الأَحِبَّاءُ. سَلِّمْ عَلَى الأَحِبَّاءِ بِأَسْمَائِهِمْ. 
يسلم عليك الأحباء = ولم يقل الإخوة تأكيداً على المحبة. وهكذا أيضاً سلم على الأحباء."
يوحنا ثالثة,1,98,"الإصحاح الأول
أية 1 :- اَلشَّيْخُ\'a1 إِلَى غَايُسَ الْحَبِيبِ الَّذِي أَنَا أُحِبُّهُ بِالْحَقِّ 
الرسول يحب بالحق أى لأجل المسيح\'a1 وبالمسيح الذى فيه.

أية 2 :- أَيُّهَا الْحَبِيبُ\'a1 فِي كُلِّ شَيْءٍ أَرُومُ أَنْ تَكُونَ نَاجِحاً وَصَحِيحاً\'a1 كَمَا أَنَّ نَفْسَكَ نَاجِحَة
الرسول يتمنى أن يكون غايس صحيحاً جسدياً. كما أنه نفسياً أى روحياً صحيح. ويرى البعض أن معنى كلام الرسول هنا أن صحة غايس كانت ليست على مايرام. والكنيسة تصلى من أجل صحة أولادها (فى أوشية المرضى) كما تصلى للراقدين والمسافرين. وأهم ما تطلبه لأجلهم هو غفران خطاياهم. 
كما أن نفسك ناجحة = النجاح ليس هو النجاح المادى وصحة الجسد. بل نجاح نفسى يتمثل فى الإحساس بالشبع والفرح والرضى والسلام الذى يملأ القلب. كما قال داود """"أحبك يارب يا قوتى"""" ( مز 18). ودانيال ويوسف كانوا ناجحين. وللأسف فهناك أباء يهتمون بنجاح أولادهم مادياً ودراسياً ولا يهتمون بحياتهم الروحية وأن يصرف أولادهم وقتاً مع الله.

أية 3 :- لأَنِّي فَرِحْتُ جِدّاً إِذْ حَضَرَ إِخْوَةٌ وَشَهِدُوا بِالْحَقِّ الَّذِي فِيكَ\'a1 كَمَا أَنَّكَ تَسْلُكُ بِالْحَقِّ
إذاً هو يكتب ليشجعه أن يستمر فى مسلكه. فرحة الخادم هى أن يرى أولاده يسلكون بالحق وبالمحبة وأن إيمانهم سليم. 

أية 4 :- لَيْسَ لِي فَرَحٌ أَعْظَمُ مِنْ هَذَا: أَنْ أَسْمَعَ عَنْ أَوْلاَدِي أَنَّهُمْ يَسْلُكُونَ بِالْحَقِّ
أسمع عن أولادى = هى أبوة يستمدها من الله وفى الله وبه\'a1 فإن صارت العلاقة خارج الرب يسوع ينطبق عليها هذا القول """" لا تدعوا لكم أباً على الأرض ( مت23: 8 - 10) وراجع ( غل4: 19 \'ba  1كو4: 15 \'ba  1تس2: 11).

أيات 5\'a1 6 :- أَيُّهَا الْحَبِيبُ\'a1 أَنْتَ تَفْعَلُ بِالأَمَانَةِ كُلَّ مَا تَصْنَعُهُ إِلَى الإِخْوَةِ وَإِلَى الْغُرَبَاءِ\'a1 الَّذِينَ شَهِدُوا بِمَحَبَّتِكَ أَمَامَ الْكَنِيسَةِ. الَّذِينَ تَفْعَلُ حَسَناً إِذَا شَيَّعْتَهُمْ كَمَا يَحِقُّ للهِ\'a1
الغرباء = الذين لم يعرفهم غايس قبلاً. الإخوة = هم الذين سبق وعرفهم غايس من قبل. كما يحق لله = الله هو القياس وليس خدامه.

أية 7 :- لأَنَّهُمْ مِنْ أَجْلِ اسْمِهِ خَرَجُوا وَهُمْ لاَ يَأْخُذُونَ شَيْئاً مِنَ الأُمَمِ
واضح أن هؤلاء الإخوة الغرباء خرجوا ليكرزوا للأمم\'a1ويريدون أن تكون خدمتهم مجانية\'a1أى بلا مقابل يأخذونه من الأمم. وغايس أتاح لهم هذا بأن تكفل بإحتياجاتهم المادية.

كان هناك نوعان من الخدام فى الكنيسة الأولى :- 
1.خدام محليين ثابتين مستقرين وهؤلاء يسكنون فى بيوتهم.
2.خدام طوافين ينتقلون من مكان إلى مكان. وهؤلاء لا يمكن لهم أن يستعملوا الفنادق لسمعتها السيئة\'a1 إذاً كانوا محتاجين لمن يستضيفهم (كملاكى لوط). لذلك وجدت وصية """"لا تنسوا إضافة الغرباء"""" ( عب2:13). فكان هذا إحتياج الكنيسة فى تلك الأيام. وكانت تلك الإستضافة تشمل (الطعام والنوم). فهؤلاء الخدام لا يخدمون لربح مادى. ولقد إشترطت الكنيسة على هؤلاء الذين يقيمون أكثر من مدة معينة أن يعملوا ليأكلوا\'a1 يكون لهم عمل يتكسبون منه. لذلك نرى بولس الرسول قد عمل كخيام (صانع خيام).

أية 8 :- فَنَحْنُ يَنْبَغِي لَنَا أَنْ نَقْبَلَ أَمْثَالَ هَؤُلاَءِ\'a1 لِكَيْ نَكُونَ عَامِلِينَ مَعَهُمْ بِالْحَقِّ
من يكرم خدام الله يكرم الله.

أيات 9\'a1 10 :- كَتَبْتُ إِلَى الْكَنِيسَةِ\'a1 وَلَكِنَّ دِيُوتْرِيفِسَ - الَّذِي يُحِبُّ أَنْ يَكُونَ الأَّوَلَ بَيْنَهُمْ - لاَ يَقْبَلُنَا. مِنْ أَجْلِ ذَلِكَ إِذَا جِئْتُ فَسَأُذَكِّرُهُ بِأَعْمَالِهِ الَّتِي يَعْمَلُهَا\'a1 هَاذِراً عَلَيْنَا بِأَقْوَالٍ خَبِيثَةٍ. وَإِذْ هُوَ غَيْرُ مُكْتَفٍ بِهَذِهِ\'a1 لاَ يَقْبَلُ الإِخْوَةَ\'a1 وَيَمْنَعُ أَيْضاً الَّذِينَ يُرِيدُونَ\'a1 وَيَطْرُدُهُمْ مِنَ الْكَنِيسَةِ
يبدو أن ديوتريفس هذا كان شخصاً ذو سلطان فى الكنيسة وربما كان هو الأسقف\'a1 إذ هو قادر أن يمنع أشخاصاً من دخول الكنيسة. 
كتبت إلى الكنيسة = كتب يوحنا رسالة إلى الكنيسة يطلب فيها قبول الإخوة الكارزين\'a1 فمنع ديوتريفس وصول الرسالة للكنيسة. يحب أن يكون الأول = خطية الكبرياء هذه تجعل الخادم ينحرف عن خدمته\'a1 ويحدث الإنشقاق فى الكنيسة. لايقبلنا = هو فى كبريائه لا يطيق الحق\'a1 يريد أن يعلم ولا يتعلم. ولا يقبل هؤلاء الإخوة الذين أرسلهم يوحنا ليكرزوا ويعلموا. بل هو طرد هؤلاء الإخوة\'a1 بل طرد الذين قبلوهم فى بيوتهم = الذين يريدون. والرسول يقول سأذكره = أى يساعده على معرفة أخطائه ليخلص نفسه.

أية 11 :- أَيُّهَا الْحَبِيبُ\'a1 لاَ تَتَمَثَّلْ بِالشَّرِّ بَلْ بِالْخَيْرِ\'a1 لأَنَّ مَنْ يَصْنَعُ الْخَيْرَ هُوَ مِنَ اللهِ\'a1 وَمَنْ يَصْنَعُ الشَّرَّ فَلَمْ يُبْصِرِ اللهَ.
لا تتمثل بالشر = بديوتريفس وأعماله. بل بالخير = أى بديمتريوس.
فلم يبصر الله = من يفعل الشر\'a1ويمتلىء قلبه بالعجرفة وحب الذات ينحنى بإرادته للظلمة فلا يقدر أن يبصر الله """" فلا شركة للنور مع الظلمة"""" ( 2كو6: 14). ومن أبصر الله فلقد أبصر النور فالله نور\'a1والنور يضىء له الطريق فيعرف الحق. 
أية 12 :- دِيمِتْرِيُوسُ مَشْهُودٌ لَهُ مِنَ الْجَمِيعِ وَمِنَ الْحَقِّ نَفْسِهِ\'a1 وَنَحْنُ أَيْضاً نَشْهَدُ\'a1 وَأَنْتُمْ تَعْلَمُونَ أَنَّ شَهَادَتَنَا هِيَ صَادِقَةٌ
ومن الحق نفسه = ربما تعنى أن الله يشهد له  فالله هو الحق. أو تعنى من أعماله أى أعمال ديمتريوس\'a1 فأعماله بحسب الحق\'a1وهى تشهد له. 
ونحن أيضاً = أى أن الرسول إختبره بنفسه. 
مشهود له من الجميع = هكذا أولاد الله نورهم ظاهر للجميع. وبهذا يشجع الرسول\'a1 غايس أن يقتدى بديمتريوس ولا يتشبه بديوتريفس.

أية 13 :- وَكَانَ لِي كَثِيرٌ لأَكْتُبَهُ\'a1 لَكِنَّنِي لَسْتُ أُرِيدُ أَنْ أَكْتُبَ إِلَيْكَ بِحِبْرٍ وَقَلَمٍ
 الجسر= كان من السناج الممزوج بماء ومقوى بالصمغ. والقلم = كان من الغاب المشطوف.

اية 14 :- وَلَكِنَّنِي أَرْجُو أَنْ أَرَاكَ عَنْ قَرِيبٍ فَنَتَكَلَّمَ فَماً لِفَمٍ.
تأكيد على أهمية التقليد.

أية 15 :- سَلاَمٌ لَكَ. يُسَلِّمُ عَلَيْكَ الأَحِبَّاءُ. سَلِّمْ عَلَى الأَحِبَّاءِ بِأَسْمَائِهِمْ. 
يسلم عليك الأحباء = ولم يقل الإخوة تأكيداً على المحبة. وهكذا أيضاً سلم على الأحباء."
يوحنا ثالثة,1,99,"الإصحاح الأول
أية 1 :- اَلشَّيْخُ\'a1 إِلَى غَايُسَ الْحَبِيبِ الَّذِي أَنَا أُحِبُّهُ بِالْحَقِّ 
الرسول يحب بالحق أى لأجل المسيح\'a1 وبالمسيح الذى فيه.

أية 2 :- أَيُّهَا الْحَبِيبُ\'a1 فِي كُلِّ شَيْءٍ أَرُومُ أَنْ تَكُونَ نَاجِحاً وَصَحِيحاً\'a1 كَمَا أَنَّ نَفْسَكَ نَاجِحَة
الرسول يتمنى أن يكون غايس صحيحاً جسدياً. كما أنه نفسياً أى روحياً صحيح. ويرى البعض أن معنى كلام الرسول هنا أن صحة غايس كانت ليست على مايرام. والكنيسة تصلى من أجل صحة أولادها (فى أوشية المرضى) كما تصلى للراقدين والمسافرين. وأهم ما تطلبه لأجلهم هو غفران خطاياهم. 
كما أن نفسك ناجحة = النجاح ليس هو النجاح المادى وصحة الجسد. بل نجاح نفسى يتمثل فى الإحساس بالشبع والفرح والرضى والسلام الذى يملأ القلب. كما قال داود """"أحبك يارب يا قوتى"""" ( مز 18). ودانيال ويوسف كانوا ناجحين. وللأسف فهناك أباء يهتمون بنجاح أولادهم مادياً ودراسياً ولا يهتمون بحياتهم الروحية وأن يصرف أولادهم وقتاً مع الله.

أية 3 :- لأَنِّي فَرِحْتُ جِدّاً إِذْ حَضَرَ إِخْوَةٌ وَشَهِدُوا بِالْحَقِّ الَّذِي فِيكَ\'a1 كَمَا أَنَّكَ تَسْلُكُ بِالْحَقِّ
إذاً هو يكتب ليشجعه أن يستمر فى مسلكه. فرحة الخادم هى أن يرى أولاده يسلكون بالحق وبالمحبة وأن إيمانهم سليم. 

أية 4 :- لَيْسَ لِي فَرَحٌ أَعْظَمُ مِنْ هَذَا: أَنْ أَسْمَعَ عَنْ أَوْلاَدِي أَنَّهُمْ يَسْلُكُونَ بِالْحَقِّ
أسمع عن أولادى = هى أبوة يستمدها من الله وفى الله وبه\'a1 فإن صارت العلاقة خارج الرب يسوع ينطبق عليها هذا القول """" لا تدعوا لكم أباً على الأرض ( مت23: 8 - 10) وراجع ( غل4: 19 \'ba  1كو4: 15 \'ba  1تس2: 11).

أيات 5\'a1 6 :- أَيُّهَا الْحَبِيبُ\'a1 أَنْتَ تَفْعَلُ بِالأَمَانَةِ كُلَّ مَا تَصْنَعُهُ إِلَى الإِخْوَةِ وَإِلَى الْغُرَبَاءِ\'a1 الَّذِينَ شَهِدُوا بِمَحَبَّتِكَ أَمَامَ الْكَنِيسَةِ. الَّذِينَ تَفْعَلُ حَسَناً إِذَا شَيَّعْتَهُمْ كَمَا يَحِقُّ للهِ\'a1
الغرباء = الذين لم يعرفهم غايس قبلاً. الإخوة = هم الذين سبق وعرفهم غايس من قبل. كما يحق لله = الله هو القياس وليس خدامه.

أية 7 :- لأَنَّهُمْ مِنْ أَجْلِ اسْمِهِ خَرَجُوا وَهُمْ لاَ يَأْخُذُونَ شَيْئاً مِنَ الأُمَمِ
واضح أن هؤلاء الإخوة الغرباء خرجوا ليكرزوا للأمم\'a1ويريدون أن تكون خدمتهم مجانية\'a1أى بلا مقابل يأخذونه من الأمم. وغايس أتاح لهم هذا بأن تكفل بإحتياجاتهم المادية.

كان هناك نوعان من الخدام فى الكنيسة الأولى :- 
1.خدام محليين ثابتين مستقرين وهؤلاء يسكنون فى بيوتهم.
2.خدام طوافين ينتقلون من مكان إلى مكان. وهؤلاء لا يمكن لهم أن يستعملوا الفنادق لسمعتها السيئة\'a1 إذاً كانوا محتاجين لمن يستضيفهم (كملاكى لوط). لذلك وجدت وصية """"لا تنسوا إضافة الغرباء"""" ( عب2:13). فكان هذا إحتياج الكنيسة فى تلك الأيام. وكانت تلك الإستضافة تشمل (الطعام والنوم). فهؤلاء الخدام لا يخدمون لربح مادى. ولقد إشترطت الكنيسة على هؤلاء الذين يقيمون أكثر من مدة معينة أن يعملوا ليأكلوا\'a1 يكون لهم عمل يتكسبون منه. لذلك نرى بولس الرسول قد عمل كخيام (صانع خيام).

أية 8 :- فَنَحْنُ يَنْبَغِي لَنَا أَنْ نَقْبَلَ أَمْثَالَ هَؤُلاَءِ\'a1 لِكَيْ نَكُونَ عَامِلِينَ مَعَهُمْ بِالْحَقِّ
من يكرم خدام الله يكرم الله.

أيات 9\'a1 10 :- كَتَبْتُ إِلَى الْكَنِيسَةِ\'a1 وَلَكِنَّ دِيُوتْرِيفِسَ - الَّذِي يُحِبُّ أَنْ يَكُونَ الأَّوَلَ بَيْنَهُمْ - لاَ يَقْبَلُنَا. مِنْ أَجْلِ ذَلِكَ إِذَا جِئْتُ فَسَأُذَكِّرُهُ بِأَعْمَالِهِ الَّتِي يَعْمَلُهَا\'a1 هَاذِراً عَلَيْنَا بِأَقْوَالٍ خَبِيثَةٍ. وَإِذْ هُوَ غَيْرُ مُكْتَفٍ بِهَذِهِ\'a1 لاَ يَقْبَلُ الإِخْوَةَ\'a1 وَيَمْنَعُ أَيْضاً الَّذِينَ يُرِيدُونَ\'a1 وَيَطْرُدُهُمْ مِنَ الْكَنِيسَةِ
يبدو أن ديوتريفس هذا كان شخصاً ذو سلطان فى الكنيسة وربما كان هو الأسقف\'a1 إذ هو قادر أن يمنع أشخاصاً من دخول الكنيسة. 
كتبت إلى الكنيسة = كتب يوحنا رسالة إلى الكنيسة يطلب فيها قبول الإخوة الكارزين\'a1 فمنع ديوتريفس وصول الرسالة للكنيسة. يحب أن يكون الأول = خطية الكبرياء هذه تجعل الخادم ينحرف عن خدمته\'a1 ويحدث الإنشقاق فى الكنيسة. لايقبلنا = هو فى كبريائه لا يطيق الحق\'a1 يريد أن يعلم ولا يتعلم. ولا يقبل هؤلاء الإخوة الذين أرسلهم يوحنا ليكرزوا ويعلموا. بل هو طرد هؤلاء الإخوة\'a1 بل طرد الذين قبلوهم فى بيوتهم = الذين يريدون. والرسول يقول سأذكره = أى يساعده على معرفة أخطائه ليخلص نفسه.

أية 11 :- أَيُّهَا الْحَبِيبُ\'a1 لاَ تَتَمَثَّلْ بِالشَّرِّ بَلْ بِالْخَيْرِ\'a1 لأَنَّ مَنْ يَصْنَعُ الْخَيْرَ هُوَ مِنَ اللهِ\'a1 وَمَنْ يَصْنَعُ الشَّرَّ فَلَمْ يُبْصِرِ اللهَ.
لا تتمثل بالشر = بديوتريفس وأعماله. بل بالخير = أى بديمتريوس.
فلم يبصر الله = من يفعل الشر\'a1ويمتلىء قلبه بالعجرفة وحب الذات ينحنى بإرادته للظلمة فلا يقدر أن يبصر الله """" فلا شركة للنور مع الظلمة"""" ( 2كو6: 14). ومن أبصر الله فلقد أبصر النور فالله نور\'a1والنور يضىء له الطريق فيعرف الحق. 
أية 12 :- دِيمِتْرِيُوسُ مَشْهُودٌ لَهُ مِنَ الْجَمِيعِ وَمِنَ الْحَقِّ نَفْسِهِ\'a1 وَنَحْنُ أَيْضاً نَشْهَدُ\'a1 وَأَنْتُمْ تَعْلَمُونَ أَنَّ شَهَادَتَنَا هِيَ صَادِقَةٌ
ومن الحق نفسه = ربما تعنى أن الله يشهد له  فالله هو الحق. أو تعنى من أعماله أى أعمال ديمتريوس\'a1 فأعماله بحسب الحق\'a1وهى تشهد له. 
ونحن أيضاً = أى أن الرسول إختبره بنفسه. 
مشهود له من الجميع = هكذا أولاد الله نورهم ظاهر للجميع. وبهذا يشجع الرسول\'a1 غايس أن يقتدى بديمتريوس ولا يتشبه بديوتريفس.

أية 13 :- وَكَانَ لِي كَثِيرٌ لأَكْتُبَهُ\'a1 لَكِنَّنِي لَسْتُ أُرِيدُ أَنْ أَكْتُبَ إِلَيْكَ بِحِبْرٍ وَقَلَمٍ
 الجسر= كان من السناج الممزوج بماء ومقوى بالصمغ. والقلم = كان من الغاب المشطوف.

اية 14 :- وَلَكِنَّنِي أَرْجُو أَنْ أَرَاكَ عَنْ قَرِيبٍ فَنَتَكَلَّمَ فَماً لِفَمٍ.
تأكيد على أهمية التقليد.

أية 15 :- سَلاَمٌ لَكَ. يُسَلِّمُ عَلَيْكَ الأَحِبَّاءُ. سَلِّمْ عَلَى الأَحِبَّاءِ بِأَسْمَائِهِمْ. 
يسلم عليك الأحباء = ولم يقل الإخوة تأكيداً على المحبة. وهكذا أيضاً سلم على الأحباء."
يوحنا ثالثة,1,1,"المقدمة
1.بعث بها يوحنا الحبيب من أفسس فى أواخر القرن الأول. 
2.هدف الرسالة مدح غايس على كرم ضيافته للخدام وتشجيعه على ذلك. 
3.هناك أكثر من شخص بإسم غايس فى العهد الجديد\'a1 قد يكون أحدهم أو ليس منهم. 
4.كانت الكنيسة ترسل كارزين ليكرزوا فى كل مكان. وهؤلاء كانوا فقراء لا يقدرون على دفع تكاليف الفنادق\'a1 بالأضافة لسمعة الفنادق السيئة (كانت كبيوت دعارة). وهنا الرسول يشجع غايس على إستضافة هؤلاء الخدام الكارزين\'a1 ويرفض الرسول أسلوب من يسمى ديوتريفس الذى رفض الرسل الذين ارسلهم يوحنا\'a1 حتى لا يفعل غايس مثله فى المستقبل. ومدح الرسول سلوك من يسمى ديمتريوس."