book,chapter,verse,tafsir
أخبار أيام أول,1,1,"ملخص لأسفار أخبار الأيام ونظرة شاملة على السفرين
أخبار أيام أول,1,2,"الإصحاح الأول
أخبار أيام أول,1,3,"الإصحاح الأول
أخبار أيام أول,1,4,"الإصحاح الأول
أخبار أيام أول,1,5,"الإصحاح الأول
أخبار أيام أول,1,6,"الإصحاح الأول
أخبار أيام أول,1,7,"الإصحاح الأول
أخبار أيام أول,1,8,"الإصحاح الأول
أخبار أيام أول,1,9,"الإصحاح الأول
أخبار أيام أول,1,10,"الإصحاح الأول
أخبار أيام أول,1,11,"الإصحاح الأول
أخبار أيام أول,1,12,"الإصحاح الأول
أخبار أيام أول,1,13,"الإصحاح الأول
أخبار أيام أول,1,14,"الإصحاح الأول
أخبار أيام أول,1,15,"الإصحاح الأول
أخبار أيام أول,1,16,"الإصحاح الأول
أخبار أيام أول,1,17,"الإصحاح الأول
أخبار أيام أول,1,18,"الإصحاح الأول
أخبار أيام أول,1,19,"الإصحاح الأول
أخبار أيام أول,1,20,"الإصحاح الأول
أخبار أيام أول,1,21,"الإصحاح الأول
أخبار أيام أول,1,22,"الإصحاح الأول
أخبار أيام أول,1,23,"الإصحاح الأول
أخبار أيام أول,1,24,"الإصحاح الأول
أخبار أيام أول,1,25,"الإصحاح الأول
أخبار أيام أول,1,26,"الإصحاح الأول
أخبار أيام أول,1,27,"الإصحاح الأول
أخبار أيام أول,1,28,"الإصحاح الأول
أخبار أيام أول,1,29,"الإصحاح الأول
أخبار أيام أول,1,30,"الإصحاح الأول
أخبار أيام أول,1,31,"الإصحاح الأول
أخبار أيام أول,1,32,"الإصحاح الأول
أخبار أيام أول,1,33,"الإصحاح الأول
أخبار أيام أول,1,34,"الإصحاح الأول
أخبار أيام أول,1,35,"الإصحاح الأول
أخبار أيام أول,1,36,"الإصحاح الأول
أخبار أيام أول,1,37,"الإصحاح الأول
أخبار أيام أول,1,38,"الإصحاح الأول
أخبار أيام أول,1,39,"الإصحاح الأول
أخبار أيام أول,1,40,"الإصحاح الأول
أخبار أيام أول,1,41,"الإصحاح الأول
أخبار أيام أول,1,42,"الإصحاح الأول
أخبار أيام أول,1,43,"الإصحاح الأول
أخبار أيام أول,1,44,"الإصحاح الأول
أخبار أيام أول,1,45,"الإصحاح الأول
أخبار أيام أول,1,46,"الإصحاح الأول
أخبار أيام أول,1,47,"الإصحاح الأول
أخبار أيام أول,1,48,"الإصحاح الأول
أخبار أيام أول,1,49,"الإصحاح الأول
أخبار أيام أول,1,50,"الإصحاح الأول
أخبار أيام أول,1,51,"الإصحاح الأول
أخبار أيام أول,1,52,"الإصحاح الأول
أخبار أيام أول,1,53,"الإصحاح الأول
أخبار أيام أول,1,54,"الإصحاح الأول
أخبار أيام أول,1,55,"الإصحاح الأول
أخبار أيام أول,1,56,"الإصحاح الأول
أخبار أيام أول,1,57,"الإصحاح الأول
أخبار أيام أول,1,58,"الإصحاح الأول
أخبار أيام أول,1,59,"الإصحاح الأول
أخبار أيام أول,1,60,"الإصحاح الأول
أخبار أيام أول,1,61,"الإصحاح الأول
أخبار أيام أول,1,62,"الإصحاح الأول
أخبار أيام أول,1,63,"الإصحاح الأول
أخبار أيام أول,1,64,"الإصحاح الأول
أخبار أيام أول,1,65,"الإصحاح الأول
أخبار أيام أول,1,66,"الإصحاح الأول
أخبار أيام أول,1,67,"الإصحاح الأول
أخبار أيام أول,1,68,"الإصحاح الأول
أخبار أيام أول,1,69,"الإصحاح الأول
أخبار أيام أول,1,70,"الإصحاح الأول
أخبار أيام أول,1,71,"الإصحاح الأول
أخبار أيام أول,1,72,"الإصحاح الأول
أخبار أيام أول,1,73,"الإصحاح الأول
أخبار أيام أول,1,74,"الإصحاح الأول
أخبار أيام أول,1,75,"الإصحاح الأول
أخبار أيام أول,1,76,"الإصحاح الأول
أخبار أيام أول,1,77,"الإصحاح الأول
أخبار أيام أول,1,78,"الإصحاح الأول
أخبار أيام أول,1,79,"الإصحاح الأول
أخبار أيام أول,1,80,"الإصحاح الأول
أخبار أيام أول,1,81,"الإصحاح الأول
أخبار أيام أول,1,82,"الإصحاح الأول
أخبار أيام أول,1,83,"الإصحاح الأول
أخبار أيام أول,1,84,"الإصحاح الأول
أخبار أيام أول,1,85,"الإصحاح الأول
أخبار أيام أول,1,86,"الإصحاح الأول
أخبار أيام أول,1,87,"الإصحاح الأول
أخبار أيام أول,1,88,"الإصحاح الأول
أخبار أيام أول,1,89,"الإصحاح الأول
أخبار أيام أول,1,90,"الإصحاح الأول
أخبار أيام أول,1,91,"الإصحاح الأول
أخبار أيام أول,1,92,"الإصحاح الأول
أخبار أيام أول,1,93,"الإصحاح الأول
أخبار أيام أول,1,94,"الإصحاح الأول
أخبار أيام أول,1,95,"الإصحاح الأول
أخبار أيام أول,1,96,"الإصحاح الأول
أخبار أيام أول,1,97,"الإصحاح الأول
أخبار أيام أول,1,98,"الإصحاح الأول
أخبار أيام أول,1,99,"الإصحاح الأول
أخبار أيام أول,2,1,"الإصحاح الثانى
أخبار أيام أول,2,2,"الإصحاح الثانى
أخبار أيام أول,2,3,"الإصحاح الثانى
أخبار أيام أول,2,4,"الإصحاح الثانى
أخبار أيام أول,2,5,"الإصحاح الثانى
أخبار أيام أول,2,6,"الإصحاح الثانى
أخبار أيام أول,2,7,"الإصحاح الثانى
أخبار أيام أول,2,8,"الإصحاح الثانى
أخبار أيام أول,2,9,"الإصحاح الثانى
أخبار أيام أول,2,10,"الإصحاح الثانى
أخبار أيام أول,2,11,"الإصحاح الثانى
أخبار أيام أول,2,12,"الإصحاح الثانى
أخبار أيام أول,2,13,"الإصحاح الثانى
أخبار أيام أول,2,14,"الإصحاح الثانى
أخبار أيام أول,2,15,"الإصحاح الثانى
أخبار أيام أول,2,16,"الإصحاح الثانى
أخبار أيام أول,2,17,"الإصحاح الثانى
أخبار أيام أول,2,18,"الإصحاح الثانى
أخبار أيام أول,2,19,"الإصحاح الثانى
أخبار أيام أول,2,20,"الإصحاح الثانى
أخبار أيام أول,2,21,"الإصحاح الثانى
أخبار أيام أول,2,22,"الإصحاح الثانى
أخبار أيام أول,2,23,"الإصحاح الثانى
أخبار أيام أول,2,24,"الإصحاح الثانى
أخبار أيام أول,2,25,"الإصحاح الثانى
أخبار أيام أول,2,26,"الإصحاح الثانى
أخبار أيام أول,2,27,"الإصحاح الثانى
أخبار أيام أول,2,28,"الإصحاح الثانى
أخبار أيام أول,2,29,"الإصحاح الثانى
أخبار أيام أول,2,30,"الإصحاح الثانى
أخبار أيام أول,2,31,"الإصحاح الثانى
أخبار أيام أول,2,32,"الإصحاح الثانى
أخبار أيام أول,2,33,"الإصحاح الثانى
أخبار أيام أول,2,34,"الإصحاح الثانى
أخبار أيام أول,2,35,"الإصحاح الثانى
أخبار أيام أول,2,36,"الإصحاح الثانى
أخبار أيام أول,2,37,"الإصحاح الثانى
أخبار أيام أول,2,38,"الإصحاح الثانى
أخبار أيام أول,2,39,"الإصحاح الثانى
أخبار أيام أول,2,40,"الإصحاح الثانى
أخبار أيام أول,2,41,"الإصحاح الثانى
أخبار أيام أول,2,42,"الإصحاح الثانى
أخبار أيام أول,2,43,"الإصحاح الثانى
أخبار أيام أول,2,44,"الإصحاح الثانى
أخبار أيام أول,2,45,"الإصحاح الثانى
أخبار أيام أول,2,46,"الإصحاح الثانى
أخبار أيام أول,2,47,"الإصحاح الثانى
أخبار أيام أول,2,48,"الإصحاح الثانى
أخبار أيام أول,2,49,"الإصحاح الثانى
أخبار أيام أول,2,50,"الإصحاح الثانى
أخبار أيام أول,2,51,"الإصحاح الثانى
أخبار أيام أول,2,52,"الإصحاح الثانى
أخبار أيام أول,2,53,"الإصحاح الثانى
أخبار أيام أول,2,54,"الإصحاح الثانى
أخبار أيام أول,2,55,"الإصحاح الثانى
أخبار أيام أول,2,56,"الإصحاح الثانى
أخبار أيام أول,2,57,"الإصحاح الثانى
أخبار أيام أول,2,58,"الإصحاح الثانى
أخبار أيام أول,2,59,"الإصحاح الثانى
أخبار أيام أول,2,60,"الإصحاح الثانى
أخبار أيام أول,2,61,"الإصحاح الثانى
أخبار أيام أول,2,62,"الإصحاح الثانى
أخبار أيام أول,2,63,"الإصحاح الثانى
أخبار أيام أول,2,64,"الإصحاح الثانى
أخبار أيام أول,2,65,"الإصحاح الثانى
أخبار أيام أول,2,66,"الإصحاح الثانى
أخبار أيام أول,2,67,"الإصحاح الثانى
أخبار أيام أول,2,68,"الإصحاح الثانى
أخبار أيام أول,2,69,"الإصحاح الثانى
أخبار أيام أول,2,70,"الإصحاح الثانى
أخبار أيام أول,2,71,"الإصحاح الثانى
أخبار أيام أول,2,72,"الإصحاح الثانى
أخبار أيام أول,2,73,"الإصحاح الثانى
أخبار أيام أول,2,74,"الإصحاح الثانى
أخبار أيام أول,2,75,"الإصحاح الثانى
أخبار أيام أول,2,76,"الإصحاح الثانى
أخبار أيام أول,2,77,"الإصحاح الثانى
أخبار أيام أول,2,78,"الإصحاح الثانى
أخبار أيام أول,2,79,"الإصحاح الثانى
أخبار أيام أول,2,80,"الإصحاح الثانى
أخبار أيام أول,2,81,"الإصحاح الثانى
أخبار أيام أول,2,82,"الإصحاح الثانى
أخبار أيام أول,2,83,"الإصحاح الثانى
أخبار أيام أول,2,84,"الإصحاح الثانى
أخبار أيام أول,2,85,"الإصحاح الثانى
أخبار أيام أول,2,86,"الإصحاح الثانى
أخبار أيام أول,2,87,"الإصحاح الثانى
أخبار أيام أول,2,88,"الإصحاح الثانى
أخبار أيام أول,2,89,"الإصحاح الثانى
أخبار أيام أول,2,90,"الإصحاح الثانى
أخبار أيام أول,2,91,"الإصحاح الثانى
أخبار أيام أول,2,92,"الإصحاح الثانى
أخبار أيام أول,2,93,"الإصحاح الثانى
أخبار أيام أول,2,94,"الإصحاح الثانى
أخبار أيام أول,2,95,"الإصحاح الثانى
أخبار أيام أول,2,96,"الإصحاح الثانى
أخبار أيام أول,2,97,"الإصحاح الثانى
أخبار أيام أول,2,98,"الإصحاح الثانى
أخبار أيام أول,2,99,"الإصحاح الثانى
أخبار أيام أول,3,1,"الإصحاح الثالث
أخبار أيام أول,3,2,"الإصحاح الثالث
أخبار أيام أول,3,3,"الإصحاح الثالث
أخبار أيام أول,3,4,"الإصحاح الثالث
أخبار أيام أول,3,5,"الإصحاح الثالث
أخبار أيام أول,3,6,"الإصحاح الثالث
أخبار أيام أول,3,7,"الإصحاح الثالث
أخبار أيام أول,3,8,"الإصحاح الثالث
أخبار أيام أول,3,9,"الإصحاح الثالث
أخبار أيام أول,3,10,"الإصحاح الثالث
أخبار أيام أول,3,11,"الإصحاح الثالث
أخبار أيام أول,3,12,"الإصحاح الثالث
أخبار أيام أول,3,13,"الإصحاح الثالث
أخبار أيام أول,3,14,"الإصحاح الثالث
أخبار أيام أول,3,15,"الإصحاح الثالث
أخبار أيام أول,3,16,"الإصحاح الثالث
أخبار أيام أول,3,17,"الإصحاح الثالث
أخبار أيام أول,3,18,"الإصحاح الثالث
أخبار أيام أول,3,19,"الإصحاح الثالث
أخبار أيام أول,3,20,"الإصحاح الثالث
أخبار أيام أول,3,21,"الإصحاح الثالث
أخبار أيام أول,3,22,"الإصحاح الثالث
أخبار أيام أول,3,23,"الإصحاح الثالث
أخبار أيام أول,3,24,"الإصحاح الثالث
أخبار أيام أول,3,25,"الإصحاح الثالث
أخبار أيام أول,3,26,"الإصحاح الثالث
أخبار أيام أول,3,27,"الإصحاح الثالث
أخبار أيام أول,3,28,"الإصحاح الثالث
أخبار أيام أول,3,29,"الإصحاح الثالث
أخبار أيام أول,3,30,"الإصحاح الثالث
أخبار أيام أول,3,31,"الإصحاح الثالث
أخبار أيام أول,3,32,"الإصحاح الثالث
أخبار أيام أول,3,33,"الإصحاح الثالث
أخبار أيام أول,3,34,"الإصحاح الثالث
أخبار أيام أول,3,35,"الإصحاح الثالث
أخبار أيام أول,3,36,"الإصحاح الثالث
أخبار أيام أول,3,37,"الإصحاح الثالث
أخبار أيام أول,3,38,"الإصحاح الثالث
أخبار أيام أول,3,39,"الإصحاح الثالث
أخبار أيام أول,3,40,"الإصحاح الثالث
أخبار أيام أول,3,41,"الإصحاح الثالث
أخبار أيام أول,3,42,"الإصحاح الثالث
أخبار أيام أول,3,43,"الإصحاح الثالث
أخبار أيام أول,3,44,"الإصحاح الثالث
أخبار أيام أول,3,45,"الإصحاح الثالث
أخبار أيام أول,3,46,"الإصحاح الثالث
أخبار أيام أول,3,47,"الإصحاح الثالث
أخبار أيام أول,3,48,"الإصحاح الثالث
أخبار أيام أول,3,49,"الإصحاح الثالث
أخبار أيام أول,3,50,"الإصحاح الثالث
أخبار أيام أول,3,51,"الإصحاح الثالث
أخبار أيام أول,3,52,"الإصحاح الثالث
أخبار أيام أول,3,53,"الإصحاح الثالث
أخبار أيام أول,3,54,"الإصحاح الثالث
أخبار أيام أول,3,55,"الإصحاح الثالث
أخبار أيام أول,3,56,"الإصحاح الثالث
أخبار أيام أول,3,57,"الإصحاح الثالث
أخبار أيام أول,3,58,"الإصحاح الثالث
أخبار أيام أول,3,59,"الإصحاح الثالث
أخبار أيام أول,3,60,"الإصحاح الثالث
أخبار أيام أول,3,61,"الإصحاح الثالث
أخبار أيام أول,3,62,"الإصحاح الثالث
أخبار أيام أول,3,63,"الإصحاح الثالث
أخبار أيام أول,3,64,"الإصحاح الثالث
أخبار أيام أول,3,65,"الإصحاح الثالث
أخبار أيام أول,3,66,"الإصحاح الثالث
أخبار أيام أول,3,67,"الإصحاح الثالث
أخبار أيام أول,3,68,"الإصحاح الثالث
أخبار أيام أول,3,69,"الإصحاح الثالث
أخبار أيام أول,3,70,"الإصحاح الثالث
أخبار أيام أول,3,71,"الإصحاح الثالث
أخبار أيام أول,3,72,"الإصحاح الثالث
أخبار أيام أول,3,73,"الإصحاح الثالث
أخبار أيام أول,3,74,"الإصحاح الثالث
أخبار أيام أول,3,75,"الإصحاح الثالث
أخبار أيام أول,3,76,"الإصحاح الثالث
أخبار أيام أول,3,77,"الإصحاح الثالث
أخبار أيام أول,3,78,"الإصحاح الثالث
أخبار أيام أول,3,79,"الإصحاح الثالث
أخبار أيام أول,3,80,"الإصحاح الثالث
أخبار أيام أول,3,81,"الإصحاح الثالث
أخبار أيام أول,3,82,"الإصحاح الثالث
أخبار أيام أول,3,83,"الإصحاح الثالث
أخبار أيام أول,3,84,"الإصحاح الثالث
أخبار أيام أول,3,85,"الإصحاح الثالث
أخبار أيام أول,3,86,"الإصحاح الثالث
أخبار أيام أول,3,87,"الإصحاح الثالث
أخبار أيام أول,3,88,"الإصحاح الثالث
أخبار أيام أول,3,89,"الإصحاح الثالث
أخبار أيام أول,3,90,"الإصحاح الثالث
أخبار أيام أول,3,91,"الإصحاح الثالث
أخبار أيام أول,3,92,"الإصحاح الثالث
أخبار أيام أول,3,93,"الإصحاح الثالث
أخبار أيام أول,3,94,"الإصحاح الثالث
أخبار أيام أول,3,95,"الإصحاح الثالث
أخبار أيام أول,3,96,"الإصحاح الثالث
أخبار أيام أول,3,97,"الإصحاح الثالث
أخبار أيام أول,3,98,"الإصحاح الثالث
أخبار أيام أول,3,99,"الإصحاح الثالث
أخبار أيام أول,4,1,"الإصحاح الرابع
أخبار أيام أول,4,2,"الإصحاح الرابع
أخبار أيام أول,4,3,"الإصحاح الرابع
أخبار أيام أول,4,4,"الإصحاح الرابع
أخبار أيام أول,4,5,"الإصحاح الرابع
أخبار أيام أول,4,6,"الإصحاح الرابع
أخبار أيام أول,4,7,"الإصحاح الرابع
أخبار أيام أول,4,8,"الإصحاح الرابع
أخبار أيام أول,4,9,"الإصحاح الرابع
أخبار أيام أول,4,10,"الإصحاح الرابع
أخبار أيام أول,4,11,"الإصحاح الرابع
أخبار أيام أول,4,12,"الإصحاح الرابع
أخبار أيام أول,4,13,"الإصحاح الرابع
أخبار أيام أول,4,14,"الإصحاح الرابع
أخبار أيام أول,4,15,"الإصحاح الرابع
أخبار أيام أول,4,16,"الإصحاح الرابع
أخبار أيام أول,4,17,"الإصحاح الرابع
أخبار أيام أول,4,18,"الإصحاح الرابع
أخبار أيام أول,4,19,"الإصحاح الرابع
أخبار أيام أول,4,20,"الإصحاح الرابع
أخبار أيام أول,4,21,"الإصحاح الرابع
أخبار أيام أول,4,22,"الإصحاح الرابع
أخبار أيام أول,4,23,"الإصحاح الرابع
أخبار أيام أول,4,24,"الإصحاح الرابع
أخبار أيام أول,4,25,"الإصحاح الرابع
أخبار أيام أول,4,26,"الإصحاح الرابع
أخبار أيام أول,4,27,"الإصحاح الرابع
أخبار أيام أول,4,28,"الإصحاح الرابع
أخبار أيام أول,4,29,"الإصحاح الرابع
أخبار أيام أول,4,30,"الإصحاح الرابع
أخبار أيام أول,4,31,"الإصحاح الرابع
أخبار أيام أول,4,32,"الإصحاح الرابع
أخبار أيام أول,4,33,"الإصحاح الرابع
أخبار أيام أول,4,34,"الإصحاح الرابع
أخبار أيام أول,4,35,"الإصحاح الرابع
أخبار أيام أول,4,36,"الإصحاح الرابع
أخبار أيام أول,4,37,"الإصحاح الرابع
أخبار أيام أول,4,38,"الإصحاح الرابع
أخبار أيام أول,4,39,"الإصحاح الرابع
أخبار أيام أول,4,40,"الإصحاح الرابع
أخبار أيام أول,4,41,"الإصحاح الرابع
أخبار أيام أول,4,42,"الإصحاح الرابع
أخبار أيام أول,4,43,"الإصحاح الرابع
أخبار أيام أول,4,44,"الإصحاح الرابع
أخبار أيام أول,4,45,"الإصحاح الرابع
أخبار أيام أول,4,46,"الإصحاح الرابع
أخبار أيام أول,4,47,"الإصحاح الرابع
أخبار أيام أول,4,48,"الإصحاح الرابع
أخبار أيام أول,4,49,"الإصحاح الرابع
أخبار أيام أول,4,50,"الإصحاح الرابع
أخبار أيام أول,4,51,"الإصحاح الرابع
أخبار أيام أول,4,52,"الإصحاح الرابع
أخبار أيام أول,4,53,"الإصحاح الرابع
أخبار أيام أول,4,54,"الإصحاح الرابع
أخبار أيام أول,4,55,"الإصحاح الرابع
أخبار أيام أول,4,56,"الإصحاح الرابع
أخبار أيام أول,4,57,"الإصحاح الرابع
أخبار أيام أول,4,58,"الإصحاح الرابع
أخبار أيام أول,4,59,"الإصحاح الرابع
أخبار أيام أول,4,60,"الإصحاح الرابع
أخبار أيام أول,4,61,"الإصحاح الرابع
أخبار أيام أول,4,62,"الإصحاح الرابع
أخبار أيام أول,4,63,"الإصحاح الرابع
أخبار أيام أول,4,64,"الإصحاح الرابع
أخبار أيام أول,4,65,"الإصحاح الرابع
أخبار أيام أول,4,66,"الإصحاح الرابع
أخبار أيام أول,4,67,"الإصحاح الرابع
أخبار أيام أول,4,68,"الإصحاح الرابع
أخبار أيام أول,4,69,"الإصحاح الرابع
أخبار أيام أول,4,70,"الإصحاح الرابع
أخبار أيام أول,4,71,"الإصحاح الرابع
أخبار أيام أول,4,72,"الإصحاح الرابع
أخبار أيام أول,4,73,"الإصحاح الرابع
أخبار أيام أول,4,74,"الإصحاح الرابع
أخبار أيام أول,4,75,"الإصحاح الرابع
أخبار أيام أول,4,76,"الإصحاح الرابع
أخبار أيام أول,4,77,"الإصحاح الرابع
أخبار أيام أول,4,78,"الإصحاح الرابع
أخبار أيام أول,4,79,"الإصحاح الرابع
أخبار أيام أول,4,80,"الإصحاح الرابع
أخبار أيام أول,4,81,"الإصحاح الرابع
أخبار أيام أول,4,82,"الإصحاح الرابع
أخبار أيام أول,4,83,"الإصحاح الرابع
أخبار أيام أول,4,84,"الإصحاح الرابع
أخبار أيام أول,4,85,"الإصحاح الرابع
أخبار أيام أول,4,86,"الإصحاح الرابع
أخبار أيام أول,4,87,"الإصحاح الرابع
أخبار أيام أول,4,88,"الإصحاح الرابع
أخبار أيام أول,4,89,"الإصحاح الرابع
أخبار أيام أول,4,90,"الإصحاح الرابع
أخبار أيام أول,4,91,"الإصحاح الرابع
أخبار أيام أول,4,92,"الإصحاح الرابع
أخبار أيام أول,4,93,"الإصحاح الرابع
أخبار أيام أول,4,94,"الإصحاح الرابع
أخبار أيام أول,4,95,"الإصحاح الرابع
أخبار أيام أول,4,96,"الإصحاح الرابع
أخبار أيام أول,4,97,"الإصحاح الرابع
أخبار أيام أول,4,98,"الإصحاح الرابع
أخبار أيام أول,4,99,"الإصحاح الرابع
أخبار أيام أول,5,1,"الإصحاح الخامس
أخبار أيام أول,5,2,"الإصحاح الخامس
أخبار أيام أول,5,3,"الإصحاح الخامس
أخبار أيام أول,5,4,"الإصحاح الخامس
أخبار أيام أول,5,5,"الإصحاح الخامس
أخبار أيام أول,5,6,"الإصحاح الخامس
أخبار أيام أول,5,7,"الإصحاح الخامس
أخبار أيام أول,5,8,"الإصحاح الخامس
أخبار أيام أول,5,9,"الإصحاح الخامس
أخبار أيام أول,5,10,"الإصحاح الخامس
أخبار أيام أول,5,11,"الإصحاح الخامس
أخبار أيام أول,5,12,"الإصحاح الخامس
أخبار أيام أول,5,13,"الإصحاح الخامس
أخبار أيام أول,5,14,"الإصحاح الخامس
أخبار أيام أول,5,15,"الإصحاح الخامس
أخبار أيام أول,5,16,"الإصحاح الخامس
أخبار أيام أول,5,17,"الإصحاح الخامس
أخبار أيام أول,5,18,"الإصحاح الخامس
أخبار أيام أول,5,19,"الإصحاح الخامس
أخبار أيام أول,5,20,"الإصحاح الخامس
أخبار أيام أول,5,21,"الإصحاح الخامس
أخبار أيام أول,5,22,"الإصحاح الخامس
أخبار أيام أول,5,23,"الإصحاح الخامس
أخبار أيام أول,5,24,"الإصحاح الخامس
أخبار أيام أول,5,25,"الإصحاح الخامس
أخبار أيام أول,5,26,"الإصحاح الخامس
أخبار أيام أول,5,27,"الإصحاح الخامس
أخبار أيام أول,5,28,"الإصحاح الخامس
أخبار أيام أول,5,29,"الإصحاح الخامس
أخبار أيام أول,5,30,"الإصحاح الخامس
أخبار أيام أول,5,31,"الإصحاح الخامس
أخبار أيام أول,5,32,"الإصحاح الخامس
أخبار أيام أول,5,33,"الإصحاح الخامس
أخبار أيام أول,5,34,"الإصحاح الخامس
أخبار أيام أول,5,35,"الإصحاح الخامس
أخبار أيام أول,5,36,"الإصحاح الخامس
أخبار أيام أول,5,37,"الإصحاح الخامس
أخبار أيام أول,5,38,"الإصحاح الخامس
أخبار أيام أول,5,39,"الإصحاح الخامس
أخبار أيام أول,5,40,"الإصحاح الخامس
أخبار أيام أول,5,41,"الإصحاح الخامس
أخبار أيام أول,5,42,"الإصحاح الخامس
أخبار أيام أول,5,43,"الإصحاح الخامس
أخبار أيام أول,5,44,"الإصحاح الخامس
أخبار أيام أول,5,45,"الإصحاح الخامس
أخبار أيام أول,5,46,"الإصحاح الخامس
أخبار أيام أول,5,47,"الإصحاح الخامس
أخبار أيام أول,5,48,"الإصحاح الخامس
أخبار أيام أول,5,49,"الإصحاح الخامس
أخبار أيام أول,5,50,"الإصحاح الخامس
أخبار أيام أول,5,51,"الإصحاح الخامس
أخبار أيام أول,5,52,"الإصحاح الخامس
أخبار أيام أول,5,53,"الإصحاح الخامس
أخبار أيام أول,5,54,"الإصحاح الخامس
أخبار أيام أول,5,55,"الإصحاح الخامس
أخبار أيام أول,5,56,"الإصحاح الخامس
أخبار أيام أول,5,57,"الإصحاح الخامس
أخبار أيام أول,5,58,"الإصحاح الخامس
أخبار أيام أول,5,59,"الإصحاح الخامس
أخبار أيام أول,5,60,"الإصحاح الخامس
أخبار أيام أول,5,61,"الإصحاح الخامس
أخبار أيام أول,5,62,"الإصحاح الخامس
أخبار أيام أول,5,63,"الإصحاح الخامس
أخبار أيام أول,5,64,"الإصحاح الخامس
أخبار أيام أول,5,65,"الإصحاح الخامس
أخبار أيام أول,5,66,"الإصحاح الخامس
أخبار أيام أول,5,67,"الإصحاح الخامس
أخبار أيام أول,5,68,"الإصحاح الخامس
أخبار أيام أول,5,69,"الإصحاح الخامس
أخبار أيام أول,5,70,"الإصحاح الخامس
أخبار أيام أول,5,71,"الإصحاح الخامس
أخبار أيام أول,5,72,"الإصحاح الخامس
أخبار أيام أول,5,73,"الإصحاح الخامس
أخبار أيام أول,5,74,"الإصحاح الخامس
أخبار أيام أول,5,75,"الإصحاح الخامس
أخبار أيام أول,5,76,"الإصحاح الخامس
أخبار أيام أول,5,77,"الإصحاح الخامس
أخبار أيام أول,5,78,"الإصحاح الخامس
أخبار أيام أول,5,79,"الإصحاح الخامس
أخبار أيام أول,5,80,"الإصحاح الخامس
أخبار أيام أول,5,81,"الإصحاح الخامس
أخبار أيام أول,5,82,"الإصحاح الخامس
أخبار أيام أول,5,83,"الإصحاح الخامس
أخبار أيام أول,5,84,"الإصحاح الخامس
أخبار أيام أول,5,85,"الإصحاح الخامس
أخبار أيام أول,5,86,"الإصحاح الخامس
أخبار أيام أول,5,87,"الإصحاح الخامس
أخبار أيام أول,5,88,"الإصحاح الخامس
أخبار أيام أول,5,89,"الإصحاح الخامس
أخبار أيام أول,5,90,"الإصحاح الخامس
أخبار أيام أول,5,91,"الإصحاح الخامس
أخبار أيام أول,5,92,"الإصحاح الخامس
أخبار أيام أول,5,93,"الإصحاح الخامس
أخبار أيام أول,5,94,"الإصحاح الخامس
أخبار أيام أول,5,95,"الإصحاح الخامس
أخبار أيام أول,5,96,"الإصحاح الخامس
أخبار أيام أول,5,97,"الإصحاح الخامس
أخبار أيام أول,5,98,"الإصحاح الخامس
أخبار أيام أول,5,99,"الإصحاح الخامس
أخبار أيام أول,6,1,"الإصحاح السادس
أخبار أيام أول,6,2,"الإصحاح السادس
أخبار أيام أول,6,3,"الإصحاح السادس
أخبار أيام أول,6,4,"الإصحاح السادس
أخبار أيام أول,6,5,"الإصحاح السادس
أخبار أيام أول,6,6,"الإصحاح السادس
أخبار أيام أول,6,7,"الإصحاح السادس
أخبار أيام أول,6,8,"الإصحاح السادس
أخبار أيام أول,6,9,"الإصحاح السادس
أخبار أيام أول,6,10,"الإصحاح السادس
أخبار أيام أول,6,11,"الإصحاح السادس
أخبار أيام أول,6,12,"الإصحاح السادس
أخبار أيام أول,6,13,"الإصحاح السادس
أخبار أيام أول,6,14,"الإصحاح السادس
أخبار أيام أول,6,15,"الإصحاح السادس
أخبار أيام أول,6,16,"الإصحاح السادس
أخبار أيام أول,6,17,"الإصحاح السادس
أخبار أيام أول,6,18,"الإصحاح السادس
أخبار أيام أول,6,19,"الإصحاح السادس
أخبار أيام أول,6,20,"الإصحاح السادس
أخبار أيام أول,6,21,"الإصحاح السادس
أخبار أيام أول,6,22,"الإصحاح السادس
أخبار أيام أول,6,23,"الإصحاح السادس
أخبار أيام أول,6,24,"الإصحاح السادس
أخبار أيام أول,6,25,"الإصحاح السادس
أخبار أيام أول,6,26,"الإصحاح السادس
أخبار أيام أول,6,27,"الإصحاح السادس
أخبار أيام أول,6,28,"الإصحاح السادس
أخبار أيام أول,6,29,"الإصحاح السادس
أخبار أيام أول,6,30,"الإصحاح السادس
أخبار أيام أول,6,31,"الإصحاح السادس
أخبار أيام أول,6,32,"الإصحاح السادس
أخبار أيام أول,6,33,"الإصحاح السادس
أخبار أيام أول,6,34,"الإصحاح السادس
أخبار أيام أول,6,35,"الإصحاح السادس
أخبار أيام أول,6,36,"الإصحاح السادس
أخبار أيام أول,6,37,"الإصحاح السادس
أخبار أيام أول,6,38,"الإصحاح السادس
أخبار أيام أول,6,39,"الإصحاح السادس
أخبار أيام أول,6,40,"الإصحاح السادس
أخبار أيام أول,6,41,"الإصحاح السادس
أخبار أيام أول,6,42,"الإصحاح السادس
أخبار أيام أول,6,43,"الإصحاح السادس
أخبار أيام أول,6,44,"الإصحاح السادس
أخبار أيام أول,6,45,"الإصحاح السادس
أخبار أيام أول,6,46,"الإصحاح السادس
أخبار أيام أول,6,47,"الإصحاح السادس
أخبار أيام أول,6,48,"الإصحاح السادس
أخبار أيام أول,6,49,"الإصحاح السادس
أخبار أيام أول,6,50,"الإصحاح السادس
أخبار أيام أول,6,51,"الإصحاح السادس
أخبار أيام أول,6,52,"الإصحاح السادس
أخبار أيام أول,6,53,"الإصحاح السادس
أخبار أيام أول,6,54,"الإصحاح السادس
أخبار أيام أول,6,55,"الإصحاح السادس
أخبار أيام أول,6,56,"الإصحاح السادس
أخبار أيام أول,6,57,"الإصحاح السادس
أخبار أيام أول,6,58,"الإصحاح السادس
أخبار أيام أول,6,59,"الإصحاح السادس
أخبار أيام أول,6,60,"الإصحاح السادس
أخبار أيام أول,6,61,"الإصحاح السادس
أخبار أيام أول,6,62,"الإصحاح السادس
أخبار أيام أول,6,63,"الإصحاح السادس
أخبار أيام أول,6,64,"الإصحاح السادس
أخبار أيام أول,6,65,"الإصحاح السادس
أخبار أيام أول,6,66,"الإصحاح السادس
أخبار أيام أول,6,67,"الإصحاح السادس
أخبار أيام أول,6,68,"الإصحاح السادس
أخبار أيام أول,6,69,"الإصحاح السادس
أخبار أيام أول,6,70,"الإصحاح السادس
أخبار أيام أول,6,71,"الإصحاح السادس
أخبار أيام أول,6,72,"الإصحاح السادس
أخبار أيام أول,6,73,"الإصحاح السادس
أخبار أيام أول,6,74,"الإصحاح السادس
أخبار أيام أول,6,75,"الإصحاح السادس
أخبار أيام أول,6,76,"الإصحاح السادس
أخبار أيام أول,6,77,"الإصحاح السادس
أخبار أيام أول,6,78,"الإصحاح السادس
أخبار أيام أول,6,79,"الإصحاح السادس
أخبار أيام أول,6,80,"الإصحاح السادس
أخبار أيام أول,6,81,"الإصحاح السادس
أخبار أيام أول,6,82,"الإصحاح السادس
أخبار أيام أول,6,83,"الإصحاح السادس
أخبار أيام أول,6,84,"الإصحاح السادس
أخبار أيام أول,6,85,"الإصحاح السادس
أخبار أيام أول,6,86,"الإصحاح السادس
أخبار أيام أول,6,87,"الإصحاح السادس
أخبار أيام أول,6,88,"الإصحاح السادس
أخبار أيام أول,6,89,"الإصحاح السادس
أخبار أيام أول,6,90,"الإصحاح السادس
أخبار أيام أول,6,91,"الإصحاح السادس
أخبار أيام أول,6,92,"الإصحاح السادس
أخبار أيام أول,6,93,"الإصحاح السادس
أخبار أيام أول,6,94,"الإصحاح السادس
أخبار أيام أول,6,95,"الإصحاح السادس
أخبار أيام أول,6,96,"الإصحاح السادس
أخبار أيام أول,6,97,"الإصحاح السادس
أخبار أيام أول,6,98,"الإصحاح السادس
أخبار أيام أول,6,99,"الإصحاح السادس
أخبار أيام أول,7,1,"الإصحاح السابع
أخبار أيام أول,7,2,"الإصحاح السابع
أخبار أيام أول,7,3,"الإصحاح السابع
أخبار أيام أول,7,4,"الإصحاح السابع
أخبار أيام أول,7,5,"الإصحاح السابع
أخبار أيام أول,7,6,"الإصحاح السابع
أخبار أيام أول,7,7,"الإصحاح السابع
أخبار أيام أول,7,8,"الإصحاح السابع
أخبار أيام أول,7,9,"الإصحاح السابع
أخبار أيام أول,7,10,"الإصحاح السابع
أخبار أيام أول,7,11,"الإصحاح السابع
أخبار أيام أول,7,12,"الإصحاح السابع
أخبار أيام أول,7,13,"الإصحاح السابع
أخبار أيام أول,7,14,"الإصحاح السابع
أخبار أيام أول,7,15,"الإصحاح السابع
أخبار أيام أول,7,16,"الإصحاح السابع
أخبار أيام أول,7,17,"الإصحاح السابع
أخبار أيام أول,7,18,"الإصحاح السابع
أخبار أيام أول,7,19,"الإصحاح السابع
أخبار أيام أول,7,20,"الإصحاح السابع
أخبار أيام أول,7,21,"الإصحاح السابع
أخبار أيام أول,7,22,"الإصحاح السابع
أخبار أيام أول,7,23,"الإصحاح السابع
أخبار أيام أول,7,24,"الإصحاح السابع
أخبار أيام أول,7,25,"الإصحاح السابع
أخبار أيام أول,7,26,"الإصحاح السابع
أخبار أيام أول,7,27,"الإصحاح السابع
أخبار أيام أول,7,28,"الإصحاح السابع
أخبار أيام أول,7,29,"الإصحاح السابع
أخبار أيام أول,7,30,"الإصحاح السابع
أخبار أيام أول,7,31,"الإصحاح السابع
أخبار أيام أول,7,32,"الإصحاح السابع
أخبار أيام أول,7,33,"الإصحاح السابع
أخبار أيام أول,7,34,"الإصحاح السابع
أخبار أيام أول,7,35,"الإصحاح السابع
أخبار أيام أول,7,36,"الإصحاح السابع
أخبار أيام أول,7,37,"الإصحاح السابع
أخبار أيام أول,7,38,"الإصحاح السابع
أخبار أيام أول,7,39,"الإصحاح السابع
أخبار أيام أول,7,40,"الإصحاح السابع
أخبار أيام أول,7,41,"الإصحاح السابع
أخبار أيام أول,7,42,"الإصحاح السابع
أخبار أيام أول,7,43,"الإصحاح السابع
أخبار أيام أول,7,44,"الإصحاح السابع
أخبار أيام أول,7,45,"الإصحاح السابع
أخبار أيام أول,7,46,"الإصحاح السابع
أخبار أيام أول,7,47,"الإصحاح السابع
أخبار أيام أول,7,48,"الإصحاح السابع
أخبار أيام أول,7,49,"الإصحاح السابع
أخبار أيام أول,7,50,"الإصحاح السابع
أخبار أيام أول,7,51,"الإصحاح السابع
أخبار أيام أول,7,52,"الإصحاح السابع
أخبار أيام أول,7,53,"الإصحاح السابع
أخبار أيام أول,7,54,"الإصحاح السابع
أخبار أيام أول,7,55,"الإصحاح السابع
أخبار أيام أول,7,56,"الإصحاح السابع
أخبار أيام أول,7,57,"الإصحاح السابع
أخبار أيام أول,7,58,"الإصحاح السابع
أخبار أيام أول,7,59,"الإصحاح السابع
أخبار أيام أول,7,60,"الإصحاح السابع
أخبار أيام أول,7,61,"الإصحاح السابع
أخبار أيام أول,7,62,"الإصحاح السابع
أخبار أيام أول,7,63,"الإصحاح السابع
أخبار أيام أول,7,64,"الإصحاح السابع
أخبار أيام أول,7,65,"الإصحاح السابع
أخبار أيام أول,7,66,"الإصحاح السابع
أخبار أيام أول,7,67,"الإصحاح السابع
أخبار أيام أول,7,68,"الإصحاح السابع
أخبار أيام أول,7,69,"الإصحاح السابع
أخبار أيام أول,7,70,"الإصحاح السابع
أخبار أيام أول,7,71,"الإصحاح السابع
أخبار أيام أول,7,72,"الإصحاح السابع
أخبار أيام أول,7,73,"الإصحاح السابع
أخبار أيام أول,7,74,"الإصحاح السابع
أخبار أيام أول,7,75,"الإصحاح السابع
أخبار أيام أول,7,76,"الإصحاح السابع
أخبار أيام أول,7,77,"الإصحاح السابع
أخبار أيام أول,7,78,"الإصحاح السابع
أخبار أيام أول,7,79,"الإصحاح السابع
أخبار أيام أول,7,80,"الإصحاح السابع
أخبار أيام أول,7,81,"الإصحاح السابع
أخبار أيام أول,7,82,"الإصحاح السابع
أخبار أيام أول,7,83,"الإصحاح السابع
أخبار أيام أول,7,84,"الإصحاح السابع
أخبار أيام أول,7,85,"الإصحاح السابع
أخبار أيام أول,7,86,"الإصحاح السابع
أخبار أيام أول,7,87,"الإصحاح السابع
أخبار أيام أول,7,88,"الإصحاح السابع
أخبار أيام أول,7,89,"الإصحاح السابع
أخبار أيام أول,7,90,"الإصحاح السابع
أخبار أيام أول,7,91,"الإصحاح السابع
أخبار أيام أول,7,92,"الإصحاح السابع
أخبار أيام أول,7,93,"الإصحاح السابع
أخبار أيام أول,7,94,"الإصحاح السابع
أخبار أيام أول,7,95,"الإصحاح السابع
أخبار أيام أول,7,96,"الإصحاح السابع
أخبار أيام أول,7,97,"الإصحاح السابع
أخبار أيام أول,7,98,"الإصحاح السابع
أخبار أيام أول,7,99,"الإصحاح السابع
أخبار أيام أول,8,1,"الإصحاح الثامن
أخبار أيام أول,8,2,"الإصحاح الثامن
أخبار أيام أول,8,3,"الإصحاح الثامن
أخبار أيام أول,8,4,"الإصحاح الثامن
أخبار أيام أول,8,5,"الإصحاح الثامن
أخبار أيام أول,8,6,"الإصحاح الثامن
أخبار أيام أول,8,7,"الإصحاح الثامن
أخبار أيام أول,8,8,"الإصحاح الثامن
أخبار أيام أول,8,9,"الإصحاح الثامن
أخبار أيام أول,8,10,"الإصحاح الثامن
أخبار أيام أول,8,11,"الإصحاح الثامن
أخبار أيام أول,8,12,"الإصحاح الثامن
أخبار أيام أول,8,13,"الإصحاح الثامن
أخبار أيام أول,8,14,"الإصحاح الثامن
أخبار أيام أول,8,15,"الإصحاح الثامن
أخبار أيام أول,8,16,"الإصحاح الثامن
أخبار أيام أول,8,17,"الإصحاح الثامن
أخبار أيام أول,8,18,"الإصحاح الثامن
أخبار أيام أول,8,19,"الإصحاح الثامن
أخبار أيام أول,8,20,"الإصحاح الثامن
أخبار أيام أول,8,21,"الإصحاح الثامن
أخبار أيام أول,8,22,"الإصحاح الثامن
أخبار أيام أول,8,23,"الإصحاح الثامن
أخبار أيام أول,8,24,"الإصحاح الثامن
أخبار أيام أول,8,25,"الإصحاح الثامن
أخبار أيام أول,8,26,"الإصحاح الثامن
أخبار أيام أول,8,27,"الإصحاح الثامن
أخبار أيام أول,8,28,"الإصحاح الثامن
أخبار أيام أول,8,29,"الإصحاح الثامن
أخبار أيام أول,8,30,"الإصحاح الثامن
أخبار أيام أول,8,31,"الإصحاح الثامن
أخبار أيام أول,8,32,"الإصحاح الثامن
أخبار أيام أول,8,33,"الإصحاح الثامن
أخبار أيام أول,8,34,"الإصحاح الثامن
أخبار أيام أول,8,35,"الإصحاح الثامن
أخبار أيام أول,8,36,"الإصحاح الثامن
أخبار أيام أول,8,37,"الإصحاح الثامن
أخبار أيام أول,8,38,"الإصحاح الثامن
أخبار أيام أول,8,39,"الإصحاح الثامن
أخبار أيام أول,8,40,"الإصحاح الثامن
أخبار أيام أول,8,41,"الإصحاح الثامن
أخبار أيام أول,8,42,"الإصحاح الثامن
أخبار أيام أول,8,43,"الإصحاح الثامن
أخبار أيام أول,8,44,"الإصحاح الثامن
أخبار أيام أول,8,45,"الإصحاح الثامن
أخبار أيام أول,8,46,"الإصحاح الثامن
أخبار أيام أول,8,47,"الإصحاح الثامن
أخبار أيام أول,8,48,"الإصحاح الثامن
أخبار أيام أول,8,49,"الإصحاح الثامن
أخبار أيام أول,8,50,"الإصحاح الثامن
أخبار أيام أول,8,51,"الإصحاح الثامن
أخبار أيام أول,8,52,"الإصحاح الثامن
أخبار أيام أول,8,53,"الإصحاح الثامن
أخبار أيام أول,8,54,"الإصحاح الثامن
أخبار أيام أول,8,55,"الإصحاح الثامن
أخبار أيام أول,8,56,"الإصحاح الثامن
أخبار أيام أول,8,57,"الإصحاح الثامن
أخبار أيام أول,8,58,"الإصحاح الثامن
أخبار أيام أول,8,59,"الإصحاح الثامن
أخبار أيام أول,8,60,"الإصحاح الثامن
أخبار أيام أول,8,61,"الإصحاح الثامن
أخبار أيام أول,8,62,"الإصحاح الثامن
أخبار أيام أول,8,63,"الإصحاح الثامن
أخبار أيام أول,8,64,"الإصحاح الثامن
أخبار أيام أول,8,65,"الإصحاح الثامن
أخبار أيام أول,8,66,"الإصحاح الثامن
أخبار أيام أول,8,67,"الإصحاح الثامن
أخبار أيام أول,8,68,"الإصحاح الثامن
أخبار أيام أول,8,69,"الإصحاح الثامن
أخبار أيام أول,8,70,"الإصحاح الثامن
أخبار أيام أول,8,71,"الإصحاح الثامن
أخبار أيام أول,8,72,"الإصحاح الثامن
أخبار أيام أول,8,73,"الإصحاح الثامن
أخبار أيام أول,8,74,"الإصحاح الثامن
أخبار أيام أول,8,75,"الإصحاح الثامن
أخبار أيام أول,8,76,"الإصحاح الثامن
أخبار أيام أول,8,77,"الإصحاح الثامن
أخبار أيام أول,8,78,"الإصحاح الثامن
أخبار أيام أول,8,79,"الإصحاح الثامن
أخبار أيام أول,8,80,"الإصحاح الثامن
أخبار أيام أول,8,81,"الإصحاح الثامن
أخبار أيام أول,8,82,"الإصحاح الثامن
أخبار أيام أول,8,83,"الإصحاح الثامن
أخبار أيام أول,8,84,"الإصحاح الثامن
أخبار أيام أول,8,85,"الإصحاح الثامن
أخبار أيام أول,8,86,"الإصحاح الثامن
أخبار أيام أول,8,87,"الإصحاح الثامن
أخبار أيام أول,8,88,"الإصحاح الثامن
أخبار أيام أول,8,89,"الإصحاح الثامن
أخبار أيام أول,8,90,"الإصحاح الثامن
أخبار أيام أول,8,91,"الإصحاح الثامن
أخبار أيام أول,8,92,"الإصحاح الثامن
أخبار أيام أول,8,93,"الإصحاح الثامن
أخبار أيام أول,8,94,"الإصحاح الثامن
أخبار أيام أول,8,95,"الإصحاح الثامن
أخبار أيام أول,8,96,"الإصحاح الثامن
أخبار أيام أول,8,97,"الإصحاح الثامن
أخبار أيام أول,8,98,"الإصحاح الثامن
أخبار أيام أول,8,99,"الإصحاح الثامن
أخبار أيام أول,9,1,"الإصحاح التاسع
أخبار أيام أول,9,2,"الإصحاح التاسع
أخبار أيام أول,9,3,"الإصحاح التاسع
أخبار أيام أول,9,4,"الإصحاح التاسع
أخبار أيام أول,9,5,"الإصحاح التاسع
أخبار أيام أول,9,6,"الإصحاح التاسع
أخبار أيام أول,9,7,"الإصحاح التاسع
أخبار أيام أول,9,8,"الإصحاح التاسع
أخبار أيام أول,9,9,"الإصحاح التاسع
أخبار أيام أول,9,10,"الإصحاح التاسع
أخبار أيام أول,9,11,"الإصحاح التاسع
أخبار أيام أول,9,12,"الإصحاح التاسع
أخبار أيام أول,9,13,"الإصحاح التاسع
أخبار أيام أول,9,14,"الإصحاح التاسع
أخبار أيام أول,9,15,"الإصحاح التاسع
أخبار أيام أول,9,16,"الإصحاح التاسع
أخبار أيام أول,9,17,"الإصحاح التاسع
أخبار أيام أول,9,18,"الإصحاح التاسع
أخبار أيام أول,9,19,"الإصحاح التاسع
أخبار أيام أول,9,20,"الإصحاح التاسع
أخبار أيام أول,9,21,"الإصحاح التاسع
أخبار أيام أول,9,22,"الإصحاح التاسع
أخبار أيام أول,9,23,"الإصحاح التاسع
أخبار أيام أول,9,24,"الإصحاح التاسع
أخبار أيام أول,9,25,"الإصحاح التاسع
أخبار أيام أول,9,26,"الإصحاح التاسع
أخبار أيام أول,9,27,"الإصحاح التاسع
أخبار أيام أول,9,28,"الإصحاح التاسع
أخبار أيام أول,9,29,"الإصحاح التاسع
أخبار أيام أول,9,30,"الإصحاح التاسع
أخبار أيام أول,9,31,"الإصحاح التاسع
أخبار أيام أول,9,32,"الإصحاح التاسع
أخبار أيام أول,9,33,"الإصحاح التاسع
أخبار أيام أول,9,34,"الإصحاح التاسع
أخبار أيام أول,9,35,"الإصحاح التاسع
أخبار أيام أول,9,36,"الإصحاح التاسع
أخبار أيام أول,9,37,"الإصحاح التاسع
أخبار أيام أول,9,38,"الإصحاح التاسع
أخبار أيام أول,9,39,"الإصحاح التاسع
أخبار أيام أول,9,40,"الإصحاح التاسع
أخبار أيام أول,9,41,"الإصحاح التاسع
أخبار أيام أول,9,42,"الإصحاح التاسع
أخبار أيام أول,9,43,"الإصحاح التاسع
أخبار أيام أول,9,44,"الإصحاح التاسع
أخبار أيام أول,9,45,"الإصحاح التاسع
أخبار أيام أول,9,46,"الإصحاح التاسع
أخبار أيام أول,9,47,"الإصحاح التاسع
أخبار أيام أول,9,48,"الإصحاح التاسع
أخبار أيام أول,9,49,"الإصحاح التاسع
أخبار أيام أول,9,50,"الإصحاح التاسع
أخبار أيام أول,9,51,"الإصحاح التاسع
أخبار أيام أول,9,52,"الإصحاح التاسع
أخبار أيام أول,9,53,"الإصحاح التاسع
أخبار أيام أول,9,54,"الإصحاح التاسع
أخبار أيام أول,9,55,"الإصحاح التاسع
أخبار أيام أول,9,56,"الإصحاح التاسع
أخبار أيام أول,9,57,"الإصحاح التاسع
أخبار أيام أول,9,58,"الإصحاح التاسع
أخبار أيام أول,9,59,"الإصحاح التاسع
أخبار أيام أول,9,60,"الإصحاح التاسع
أخبار أيام أول,9,61,"الإصحاح التاسع
أخبار أيام أول,9,62,"الإصحاح التاسع
أخبار أيام أول,9,63,"الإصحاح التاسع
أخبار أيام أول,9,64,"الإصحاح التاسع
أخبار أيام أول,9,65,"الإصحاح التاسع
أخبار أيام أول,9,66,"الإصحاح التاسع
أخبار أيام أول,9,67,"الإصحاح التاسع
أخبار أيام أول,9,68,"الإصحاح التاسع
أخبار أيام أول,9,69,"الإصحاح التاسع
أخبار أيام أول,9,70,"الإصحاح التاسع
أخبار أيام أول,9,71,"الإصحاح التاسع
أخبار أيام أول,9,72,"الإصحاح التاسع
أخبار أيام أول,9,73,"الإصحاح التاسع
أخبار أيام أول,9,74,"الإصحاح التاسع
أخبار أيام أول,9,75,"الإصحاح التاسع
أخبار أيام أول,9,76,"الإصحاح التاسع
أخبار أيام أول,9,77,"الإصحاح التاسع
أخبار أيام أول,9,78,"الإصحاح التاسع
أخبار أيام أول,9,79,"الإصحاح التاسع
أخبار أيام أول,9,80,"الإصحاح التاسع
أخبار أيام أول,9,81,"الإصحاح التاسع
أخبار أيام أول,9,82,"الإصحاح التاسع
أخبار أيام أول,9,83,"الإصحاح التاسع
أخبار أيام أول,9,84,"الإصحاح التاسع
أخبار أيام أول,9,85,"الإصحاح التاسع
أخبار أيام أول,9,86,"الإصحاح التاسع
أخبار أيام أول,9,87,"الإصحاح التاسع
أخبار أيام أول,9,88,"الإصحاح التاسع
أخبار أيام أول,9,89,"الإصحاح التاسع
أخبار أيام أول,9,90,"الإصحاح التاسع
أخبار أيام أول,9,91,"الإصحاح التاسع
أخبار أيام أول,9,92,"الإصحاح التاسع
أخبار أيام أول,9,93,"الإصحاح التاسع
أخبار أيام أول,9,94,"الإصحاح التاسع
أخبار أيام أول,9,95,"الإصحاح التاسع
أخبار أيام أول,9,96,"الإصحاح التاسع
أخبار أيام أول,9,97,"الإصحاح التاسع
أخبار أيام أول,9,98,"الإصحاح التاسع
أخبار أيام أول,9,99,"الإصحاح التاسع
أخبار أيام أول,10,1,"الإصحاح العاشر
أخبار أيام أول,10,2,"الإصحاح العاشر
أخبار أيام أول,10,3,"الإصحاح العاشر
أخبار أيام أول,10,4,"الإصحاح العاشر
أخبار أيام أول,10,5,"الإصحاح العاشر
أخبار أيام أول,10,6,"الإصحاح العاشر
أخبار أيام أول,10,7,"الإصحاح العاشر
أخبار أيام أول,10,8,"الإصحاح العاشر
أخبار أيام أول,10,9,"الإصحاح العاشر
أخبار أيام أول,10,10,"الإصحاح العاشر
أخبار أيام أول,10,11,"الإصحاح العاشر
أخبار أيام أول,10,12,"الإصحاح العاشر
أخبار أيام أول,10,13,"الإصحاح العاشر
أخبار أيام أول,10,14,"الإصحاح العاشر
أخبار أيام أول,10,15,"الإصحاح العاشر
أخبار أيام أول,10,16,"الإصحاح العاشر
أخبار أيام أول,10,17,"الإصحاح العاشر
أخبار أيام أول,10,18,"الإصحاح العاشر
أخبار أيام أول,10,19,"الإصحاح العاشر
أخبار أيام أول,10,20,"الإصحاح العاشر
أخبار أيام أول,10,21,"الإصحاح العاشر
أخبار أيام أول,10,22,"الإصحاح العاشر
أخبار أيام أول,10,23,"الإصحاح العاشر
أخبار أيام أول,10,24,"الإصحاح العاشر
أخبار أيام أول,10,25,"الإصحاح العاشر
أخبار أيام أول,10,26,"الإصحاح العاشر
أخبار أيام أول,10,27,"الإصحاح العاشر
أخبار أيام أول,10,28,"الإصحاح العاشر
أخبار أيام أول,10,29,"الإصحاح العاشر
أخبار أيام أول,10,30,"الإصحاح العاشر
أخبار أيام أول,10,31,"الإصحاح العاشر
أخبار أيام أول,10,32,"الإصحاح العاشر
أخبار أيام أول,10,33,"الإصحاح العاشر
أخبار أيام أول,10,34,"الإصحاح العاشر
أخبار أيام أول,10,35,"الإصحاح العاشر
أخبار أيام أول,10,36,"الإصحاح العاشر
أخبار أيام أول,10,37,"الإصحاح العاشر
أخبار أيام أول,10,38,"الإصحاح العاشر
أخبار أيام أول,10,39,"الإصحاح العاشر
أخبار أيام أول,10,40,"الإصحاح العاشر
أخبار أيام أول,10,41,"الإصحاح العاشر
أخبار أيام أول,10,42,"الإصحاح العاشر
أخبار أيام أول,10,43,"الإصحاح العاشر
أخبار أيام أول,10,44,"الإصحاح العاشر
أخبار أيام أول,10,45,"الإصحاح العاشر
أخبار أيام أول,10,46,"الإصحاح العاشر
أخبار أيام أول,10,47,"الإصحاح العاشر
أخبار أيام أول,10,48,"الإصحاح العاشر
أخبار أيام أول,10,49,"الإصحاح العاشر
أخبار أيام أول,10,50,"الإصحاح العاشر
أخبار أيام أول,10,51,"الإصحاح العاشر
أخبار أيام أول,10,52,"الإصحاح العاشر
أخبار أيام أول,10,53,"الإصحاح العاشر
أخبار أيام أول,10,54,"الإصحاح العاشر
أخبار أيام أول,10,55,"الإصحاح العاشر
أخبار أيام أول,10,56,"الإصحاح العاشر
أخبار أيام أول,10,57,"الإصحاح العاشر
أخبار أيام أول,10,58,"الإصحاح العاشر
أخبار أيام أول,10,59,"الإصحاح العاشر
أخبار أيام أول,10,60,"الإصحاح العاشر
أخبار أيام أول,10,61,"الإصحاح العاشر
أخبار أيام أول,10,62,"الإصحاح العاشر
أخبار أيام أول,10,63,"الإصحاح العاشر
أخبار أيام أول,10,64,"الإصحاح العاشر
أخبار أيام أول,10,65,"الإصحاح العاشر
أخبار أيام أول,10,66,"الإصحاح العاشر
أخبار أيام أول,10,67,"الإصحاح العاشر
أخبار أيام أول,10,68,"الإصحاح العاشر
أخبار أيام أول,10,69,"الإصحاح العاشر
أخبار أيام أول,10,70,"الإصحاح العاشر
أخبار أيام أول,10,71,"الإصحاح العاشر
أخبار أيام أول,10,72,"الإصحاح العاشر
أخبار أيام أول,10,73,"الإصحاح العاشر
أخبار أيام أول,10,74,"الإصحاح العاشر
أخبار أيام أول,10,75,"الإصحاح العاشر
أخبار أيام أول,10,76,"الإصحاح العاشر
أخبار أيام أول,10,77,"الإصحاح العاشر
أخبار أيام أول,10,78,"الإصحاح العاشر
أخبار أيام أول,10,79,"الإصحاح العاشر
أخبار أيام أول,10,80,"الإصحاح العاشر
أخبار أيام أول,10,81,"الإصحاح العاشر
أخبار أيام أول,10,82,"الإصحاح العاشر
أخبار أيام أول,10,83,"الإصحاح العاشر
أخبار أيام أول,10,84,"الإصحاح العاشر
أخبار أيام أول,10,85,"الإصحاح العاشر
أخبار أيام أول,10,86,"الإصحاح العاشر
أخبار أيام أول,10,87,"الإصحاح العاشر
أخبار أيام أول,10,88,"الإصحاح العاشر
أخبار أيام أول,10,89,"الإصحاح العاشر
أخبار أيام أول,10,90,"الإصحاح العاشر
أخبار أيام أول,10,91,"الإصحاح العاشر
أخبار أيام أول,10,92,"الإصحاح العاشر
أخبار أيام أول,10,93,"الإصحاح العاشر
أخبار أيام أول,10,94,"الإصحاح العاشر
أخبار أيام أول,10,95,"الإصحاح العاشر
أخبار أيام أول,10,96,"الإصحاح العاشر
أخبار أيام أول,10,97,"الإصحاح العاشر
أخبار أيام أول,10,98,"الإصحاح العاشر
أخبار أيام أول,10,99,"الإصحاح العاشر
أخبار أيام أول,11,1,"الإصحاح الحادى عشر
أخبار أيام أول,11,2,"الإصحاح الحادى عشر
أخبار أيام أول,11,3,"الإصحاح الحادى عشر
أخبار أيام أول,11,4,"الإصحاح الحادى عشر
أخبار أيام أول,11,5,"الإصحاح الحادى عشر
أخبار أيام أول,11,6,"الإصحاح الحادى عشر
أخبار أيام أول,11,7,"الإصحاح الحادى عشر
أخبار أيام أول,11,8,"الإصحاح الحادى عشر
أخبار أيام أول,11,9,"الإصحاح الحادى عشر
أخبار أيام أول,11,10,"الإصحاح الحادى عشر
أخبار أيام أول,11,11,"الإصحاح الحادى عشر
أخبار أيام أول,11,12,"الإصحاح الحادى عشر
أخبار أيام أول,11,13,"الإصحاح الحادى عشر
أخبار أيام أول,11,14,"الإصحاح الحادى عشر
أخبار أيام أول,11,15,"الإصحاح الحادى عشر
أخبار أيام أول,11,16,"الإصحاح الحادى عشر
أخبار أيام أول,11,17,"الإصحاح الحادى عشر
أخبار أيام أول,11,18,"الإصحاح الحادى عشر
أخبار أيام أول,11,19,"الإصحاح الحادى عشر
أخبار أيام أول,11,20,"الإصحاح الحادى عشر
أخبار أيام أول,11,21,"الإصحاح الحادى عشر
أخبار أيام أول,11,22,"الإصحاح الحادى عشر
أخبار أيام أول,11,23,"الإصحاح الحادى عشر
أخبار أيام أول,11,24,"الإصحاح الحادى عشر
أخبار أيام أول,11,25,"الإصحاح الحادى عشر
أخبار أيام أول,11,26,"الإصحاح الحادى عشر
أخبار أيام أول,11,27,"الإصحاح الحادى عشر
أخبار أيام أول,11,28,"الإصحاح الحادى عشر
أخبار أيام أول,11,29,"الإصحاح الحادى عشر
أخبار أيام أول,11,30,"الإصحاح الحادى عشر
أخبار أيام أول,11,31,"الإصحاح الحادى عشر
أخبار أيام أول,11,32,"الإصحاح الحادى عشر
أخبار أيام أول,11,33,"الإصحاح الحادى عشر
أخبار أيام أول,11,34,"الإصحاح الحادى عشر
أخبار أيام أول,11,35,"الإصحاح الحادى عشر
أخبار أيام أول,11,36,"الإصحاح الحادى عشر
أخبار أيام أول,11,37,"الإصحاح الحادى عشر
أخبار أيام أول,11,38,"الإصحاح الحادى عشر
أخبار أيام أول,11,39,"الإصحاح الحادى عشر
أخبار أيام أول,11,40,"الإصحاح الحادى عشر
أخبار أيام أول,11,41,"الإصحاح الحادى عشر
أخبار أيام أول,11,42,"الإصحاح الحادى عشر
أخبار أيام أول,11,43,"الإصحاح الحادى عشر
أخبار أيام أول,11,44,"الإصحاح الحادى عشر
أخبار أيام أول,11,45,"الإصحاح الحادى عشر
أخبار أيام أول,11,46,"الإصحاح الحادى عشر
أخبار أيام أول,11,47,"الإصحاح الحادى عشر
أخبار أيام أول,11,48,"الإصحاح الحادى عشر
أخبار أيام أول,11,49,"الإصحاح الحادى عشر
أخبار أيام أول,11,50,"الإصحاح الحادى عشر
أخبار أيام أول,11,51,"الإصحاح الحادى عشر
أخبار أيام أول,11,52,"الإصحاح الحادى عشر
أخبار أيام أول,11,53,"الإصحاح الحادى عشر
أخبار أيام أول,11,54,"الإصحاح الحادى عشر
أخبار أيام أول,11,55,"الإصحاح الحادى عشر
أخبار أيام أول,11,56,"الإصحاح الحادى عشر
أخبار أيام أول,11,57,"الإصحاح الحادى عشر
أخبار أيام أول,11,58,"الإصحاح الحادى عشر
أخبار أيام أول,11,59,"الإصحاح الحادى عشر
أخبار أيام أول,11,60,"الإصحاح الحادى عشر
أخبار أيام أول,11,61,"الإصحاح الحادى عشر
أخبار أيام أول,11,62,"الإصحاح الحادى عشر
أخبار أيام أول,11,63,"الإصحاح الحادى عشر
أخبار أيام أول,11,64,"الإصحاح الحادى عشر
أخبار أيام أول,11,65,"الإصحاح الحادى عشر
أخبار أيام أول,11,66,"الإصحاح الحادى عشر
أخبار أيام أول,11,67,"الإصحاح الحادى عشر
أخبار أيام أول,11,68,"الإصحاح الحادى عشر
أخبار أيام أول,11,69,"الإصحاح الحادى عشر
أخبار أيام أول,11,70,"الإصحاح الحادى عشر
أخبار أيام أول,11,71,"الإصحاح الحادى عشر
أخبار أيام أول,11,72,"الإصحاح الحادى عشر
أخبار أيام أول,11,73,"الإصحاح الحادى عشر
أخبار أيام أول,11,74,"الإصحاح الحادى عشر
أخبار أيام أول,11,75,"الإصحاح الحادى عشر
أخبار أيام أول,11,76,"الإصحاح الحادى عشر
أخبار أيام أول,11,77,"الإصحاح الحادى عشر
أخبار أيام أول,11,78,"الإصحاح الحادى عشر
أخبار أيام أول,11,79,"الإصحاح الحادى عشر
أخبار أيام أول,11,80,"الإصحاح الحادى عشر
أخبار أيام أول,11,81,"الإصحاح الحادى عشر
أخبار أيام أول,11,82,"الإصحاح الحادى عشر
أخبار أيام أول,11,83,"الإصحاح الحادى عشر
أخبار أيام أول,11,84,"الإصحاح الحادى عشر
أخبار أيام أول,11,85,"الإصحاح الحادى عشر
أخبار أيام أول,11,86,"الإصحاح الحادى عشر
أخبار أيام أول,11,87,"الإصحاح الحادى عشر
أخبار أيام أول,11,88,"الإصحاح الحادى عشر
أخبار أيام أول,11,89,"الإصحاح الحادى عشر
أخبار أيام أول,11,90,"الإصحاح الحادى عشر
أخبار أيام أول,11,91,"الإصحاح الحادى عشر
أخبار أيام أول,11,92,"الإصحاح الحادى عشر
أخبار أيام أول,11,93,"الإصحاح الحادى عشر
أخبار أيام أول,11,94,"الإصحاح الحادى عشر
أخبار أيام أول,11,95,"الإصحاح الحادى عشر
أخبار أيام أول,11,96,"الإصحاح الحادى عشر
أخبار أيام أول,11,97,"الإصحاح الحادى عشر
أخبار أيام أول,11,98,"الإصحاح الحادى عشر
أخبار أيام أول,11,99,"الإصحاح الحادى عشر
أخبار أيام أول,12,1,"الإصحاح الثانى عشر
أخبار أيام أول,12,2,"الإصحاح الثانى عشر
أخبار أيام أول,12,3,"الإصحاح الثانى عشر
أخبار أيام أول,12,4,"الإصحاح الثانى عشر
أخبار أيام أول,12,5,"الإصحاح الثانى عشر
أخبار أيام أول,12,6,"الإصحاح الثانى عشر
أخبار أيام أول,12,7,"الإصحاح الثانى عشر
أخبار أيام أول,12,8,"الإصحاح الثانى عشر
أخبار أيام أول,12,9,"الإصحاح الثانى عشر
أخبار أيام أول,12,10,"الإصحاح الثانى عشر
أخبار أيام أول,12,11,"الإصحاح الثانى عشر
أخبار أيام أول,12,12,"الإصحاح الثانى عشر
أخبار أيام أول,12,13,"الإصحاح الثانى عشر
أخبار أيام أول,12,14,"الإصحاح الثانى عشر
أخبار أيام أول,12,15,"الإصحاح الثانى عشر
أخبار أيام أول,12,16,"الإصحاح الثانى عشر
أخبار أيام أول,12,17,"الإصحاح الثانى عشر
أخبار أيام أول,12,18,"الإصحاح الثانى عشر
أخبار أيام أول,12,19,"الإصحاح الثانى عشر
أخبار أيام أول,12,20,"الإصحاح الثانى عشر
أخبار أيام أول,12,21,"الإصحاح الثانى عشر
أخبار أيام أول,12,22,"الإصحاح الثانى عشر
أخبار أيام أول,12,23,"الإصحاح الثانى عشر
أخبار أيام أول,12,24,"الإصحاح الثانى عشر
أخبار أيام أول,12,25,"الإصحاح الثانى عشر
أخبار أيام أول,12,26,"الإصحاح الثانى عشر
أخبار أيام أول,12,27,"الإصحاح الثانى عشر
أخبار أيام أول,12,28,"الإصحاح الثانى عشر
أخبار أيام أول,12,29,"الإصحاح الثانى عشر
أخبار أيام أول,12,30,"الإصحاح الثانى عشر
أخبار أيام أول,12,31,"الإصحاح الثانى عشر
أخبار أيام أول,12,32,"الإصحاح الثانى عشر
أخبار أيام أول,12,33,"الإصحاح الثانى عشر
أخبار أيام أول,12,34,"الإصحاح الثانى عشر
أخبار أيام أول,12,35,"الإصحاح الثانى عشر
أخبار أيام أول,12,36,"الإصحاح الثانى عشر
أخبار أيام أول,12,37,"الإصحاح الثانى عشر
أخبار أيام أول,12,38,"الإصحاح الثانى عشر
أخبار أيام أول,12,39,"الإصحاح الثانى عشر
أخبار أيام أول,12,40,"الإصحاح الثانى عشر
أخبار أيام أول,12,41,"الإصحاح الثانى عشر
أخبار أيام أول,12,42,"الإصحاح الثانى عشر
أخبار أيام أول,12,43,"الإصحاح الثانى عشر
أخبار أيام أول,12,44,"الإصحاح الثانى عشر
أخبار أيام أول,12,45,"الإصحاح الثانى عشر
أخبار أيام أول,12,46,"الإصحاح الثانى عشر
أخبار أيام أول,12,47,"الإصحاح الثانى عشر
أخبار أيام أول,12,48,"الإصحاح الثانى عشر
أخبار أيام أول,12,49,"الإصحاح الثانى عشر
أخبار أيام أول,12,50,"الإصحاح الثانى عشر
أخبار أيام أول,12,51,"الإصحاح الثانى عشر
أخبار أيام أول,12,52,"الإصحاح الثانى عشر
أخبار أيام أول,12,53,"الإصحاح الثانى عشر
أخبار أيام أول,12,54,"الإصحاح الثانى عشر
أخبار أيام أول,12,55,"الإصحاح الثانى عشر
أخبار أيام أول,12,56,"الإصحاح الثانى عشر
أخبار أيام أول,12,57,"الإصحاح الثانى عشر
أخبار أيام أول,12,58,"الإصحاح الثانى عشر
أخبار أيام أول,12,59,"الإصحاح الثانى عشر
أخبار أيام أول,12,60,"الإصحاح الثانى عشر
أخبار أيام أول,12,61,"الإصحاح الثانى عشر
أخبار أيام أول,12,62,"الإصحاح الثانى عشر
أخبار أيام أول,12,63,"الإصحاح الثانى عشر
أخبار أيام أول,12,64,"الإصحاح الثانى عشر
أخبار أيام أول,12,65,"الإصحاح الثانى عشر
أخبار أيام أول,12,66,"الإصحاح الثانى عشر
أخبار أيام أول,12,67,"الإصحاح الثانى عشر
أخبار أيام أول,12,68,"الإصحاح الثانى عشر
أخبار أيام أول,12,69,"الإصحاح الثانى عشر
أخبار أيام أول,12,70,"الإصحاح الثانى عشر
أخبار أيام أول,12,71,"الإصحاح الثانى عشر
أخبار أيام أول,12,72,"الإصحاح الثانى عشر
أخبار أيام أول,12,73,"الإصحاح الثانى عشر
أخبار أيام أول,12,74,"الإصحاح الثانى عشر
أخبار أيام أول,12,75,"الإصحاح الثانى عشر
أخبار أيام أول,12,76,"الإصحاح الثانى عشر
أخبار أيام أول,12,77,"الإصحاح الثانى عشر
أخبار أيام أول,12,78,"الإصحاح الثانى عشر
أخبار أيام أول,12,79,"الإصحاح الثانى عشر
أخبار أيام أول,12,80,"الإصحاح الثانى عشر
أخبار أيام أول,12,81,"الإصحاح الثانى عشر
أخبار أيام أول,12,82,"الإصحاح الثانى عشر
أخبار أيام أول,12,83,"الإصحاح الثانى عشر
أخبار أيام أول,12,84,"الإصحاح الثانى عشر
أخبار أيام أول,12,85,"الإصحاح الثانى عشر
أخبار أيام أول,12,86,"الإصحاح الثانى عشر
أخبار أيام أول,12,87,"الإصحاح الثانى عشر
أخبار أيام أول,12,88,"الإصحاح الثانى عشر
أخبار أيام أول,12,89,"الإصحاح الثانى عشر
أخبار أيام أول,12,90,"الإصحاح الثانى عشر
أخبار أيام أول,12,91,"الإصحاح الثانى عشر
أخبار أيام أول,12,92,"الإصحاح الثانى عشر
أخبار أيام أول,12,93,"الإصحاح الثانى عشر
أخبار أيام أول,12,94,"الإصحاح الثانى عشر
أخبار أيام أول,12,95,"الإصحاح الثانى عشر
أخبار أيام أول,12,96,"الإصحاح الثانى عشر
أخبار أيام أول,12,97,"الإصحاح الثانى عشر
أخبار أيام أول,12,98,"الإصحاح الثانى عشر
أخبار أيام أول,12,99,"الإصحاح الثانى عشر
أخبار أيام أول,13,1,"الإصحاح الثالث عشر
أخبار أيام أول,13,2,"الإصحاح الثالث عشر
أخبار أيام أول,13,3,"الإصحاح الثالث عشر
أخبار أيام أول,13,4,"الإصحاح الثالث عشر
أخبار أيام أول,13,5,"الإصحاح الثالث عشر
أخبار أيام أول,13,6,"الإصحاح الثالث عشر
أخبار أيام أول,13,7,"الإصحاح الثالث عشر
أخبار أيام أول,13,8,"الإصحاح الثالث عشر
أخبار أيام أول,13,9,"الإصحاح الثالث عشر
أخبار أيام أول,13,10,"الإصحاح الثالث عشر
أخبار أيام أول,13,11,"الإصحاح الثالث عشر
أخبار أيام أول,13,12,"الإصحاح الثالث عشر
أخبار أيام أول,13,13,"الإصحاح الثالث عشر
أخبار أيام أول,13,14,"الإصحاح الثالث عشر
أخبار أيام أول,13,15,"الإصحاح الثالث عشر
أخبار أيام أول,13,16,"الإصحاح الثالث عشر
أخبار أيام أول,13,17,"الإصحاح الثالث عشر
أخبار أيام أول,13,18,"الإصحاح الثالث عشر
أخبار أيام أول,13,19,"الإصحاح الثالث عشر
أخبار أيام أول,13,20,"الإصحاح الثالث عشر
أخبار أيام أول,13,21,"الإصحاح الثالث عشر
أخبار أيام أول,13,22,"الإصحاح الثالث عشر
أخبار أيام أول,13,23,"الإصحاح الثالث عشر
أخبار أيام أول,13,24,"الإصحاح الثالث عشر
أخبار أيام أول,13,25,"الإصحاح الثالث عشر
أخبار أيام أول,13,26,"الإصحاح الثالث عشر
أخبار أيام أول,13,27,"الإصحاح الثالث عشر
أخبار أيام أول,13,28,"الإصحاح الثالث عشر
أخبار أيام أول,13,29,"الإصحاح الثالث عشر
أخبار أيام أول,13,30,"الإصحاح الثالث عشر
أخبار أيام أول,13,31,"الإصحاح الثالث عشر
أخبار أيام أول,13,32,"الإصحاح الثالث عشر
أخبار أيام أول,13,33,"الإصحاح الثالث عشر
أخبار أيام أول,13,34,"الإصحاح الثالث عشر
أخبار أيام أول,13,35,"الإصحاح الثالث عشر
أخبار أيام أول,13,36,"الإصحاح الثالث عشر
أخبار أيام أول,13,37,"الإصحاح الثالث عشر
أخبار أيام أول,13,38,"الإصحاح الثالث عشر
أخبار أيام أول,13,39,"الإصحاح الثالث عشر
أخبار أيام أول,13,40,"الإصحاح الثالث عشر
أخبار أيام أول,13,41,"الإصحاح الثالث عشر
أخبار أيام أول,13,42,"الإصحاح الثالث عشر
أخبار أيام أول,13,43,"الإصحاح الثالث عشر
أخبار أيام أول,13,44,"الإصحاح الثالث عشر
أخبار أيام أول,13,45,"الإصحاح الثالث عشر
أخبار أيام أول,13,46,"الإصحاح الثالث عشر
أخبار أيام أول,13,47,"الإصحاح الثالث عشر
أخبار أيام أول,13,48,"الإصحاح الثالث عشر
أخبار أيام أول,13,49,"الإصحاح الثالث عشر
أخبار أيام أول,13,50,"الإصحاح الثالث عشر
أخبار أيام أول,13,51,"الإصحاح الثالث عشر
أخبار أيام أول,13,52,"الإصحاح الثالث عشر
أخبار أيام أول,13,53,"الإصحاح الثالث عشر
أخبار أيام أول,13,54,"الإصحاح الثالث عشر
أخبار أيام أول,13,55,"الإصحاح الثالث عشر
أخبار أيام أول,13,56,"الإصحاح الثالث عشر
أخبار أيام أول,13,57,"الإصحاح الثالث عشر
أخبار أيام أول,13,58,"الإصحاح الثالث عشر
أخبار أيام أول,13,59,"الإصحاح الثالث عشر
أخبار أيام أول,13,60,"الإصحاح الثالث عشر
أخبار أيام أول,13,61,"الإصحاح الثالث عشر
أخبار أيام أول,13,62,"الإصحاح الثالث عشر
أخبار أيام أول,13,63,"الإصحاح الثالث عشر
أخبار أيام أول,13,64,"الإصحاح الثالث عشر
أخبار أيام أول,13,65,"الإصحاح الثالث عشر
أخبار أيام أول,13,66,"الإصحاح الثالث عشر
أخبار أيام أول,13,67,"الإصحاح الثالث عشر
أخبار أيام أول,13,68,"الإصحاح الثالث عشر
أخبار أيام أول,13,69,"الإصحاح الثالث عشر
أخبار أيام أول,13,70,"الإصحاح الثالث عشر
أخبار أيام أول,13,71,"الإصحاح الثالث عشر
أخبار أيام أول,13,72,"الإصحاح الثالث عشر
أخبار أيام أول,13,73,"الإصحاح الثالث عشر
أخبار أيام أول,13,74,"الإصحاح الثالث عشر
أخبار أيام أول,13,75,"الإصحاح الثالث عشر
أخبار أيام أول,13,76,"الإصحاح الثالث عشر
أخبار أيام أول,13,77,"الإصحاح الثالث عشر
أخبار أيام أول,13,78,"الإصحاح الثالث عشر
أخبار أيام أول,13,79,"الإصحاح الثالث عشر
أخبار أيام أول,13,80,"الإصحاح الثالث عشر
أخبار أيام أول,13,81,"الإصحاح الثالث عشر
أخبار أيام أول,13,82,"الإصحاح الثالث عشر
أخبار أيام أول,13,83,"الإصحاح الثالث عشر
أخبار أيام أول,13,84,"الإصحاح الثالث عشر
أخبار أيام أول,13,85,"الإصحاح الثالث عشر
أخبار أيام أول,13,86,"الإصحاح الثالث عشر
أخبار أيام أول,13,87,"الإصحاح الثالث عشر
أخبار أيام أول,13,88,"الإصحاح الثالث عشر
أخبار أيام أول,13,89,"الإصحاح الثالث عشر
أخبار أيام أول,13,90,"الإصحاح الثالث عشر
أخبار أيام أول,13,91,"الإصحاح الثالث عشر
أخبار أيام أول,13,92,"الإصحاح الثالث عشر
أخبار أيام أول,13,93,"الإصحاح الثالث عشر
أخبار أيام أول,13,94,"الإصحاح الثالث عشر
أخبار أيام أول,13,95,"الإصحاح الثالث عشر
أخبار أيام أول,13,96,"الإصحاح الثالث عشر
أخبار أيام أول,13,97,"الإصحاح الثالث عشر
أخبار أيام أول,13,98,"الإصحاح الثالث عشر
أخبار أيام أول,13,99,"الإصحاح الثالث عشر
أخبار أيام أول,14,1,"الإصحاح الرابع عشر
أخبار أيام أول,14,2,"الإصحاح الرابع عشر
أخبار أيام أول,14,3,"الإصحاح الرابع عشر
أخبار أيام أول,14,4,"الإصحاح الرابع عشر
أخبار أيام أول,14,5,"الإصحاح الرابع عشر
أخبار أيام أول,14,6,"الإصحاح الرابع عشر
أخبار أيام أول,14,7,"الإصحاح الرابع عشر
أخبار أيام أول,14,8,"الإصحاح الرابع عشر
أخبار أيام أول,14,9,"الإصحاح الرابع عشر
أخبار أيام أول,14,10,"الإصحاح الرابع عشر
أخبار أيام أول,14,11,"الإصحاح الرابع عشر
أخبار أيام أول,14,12,"الإصحاح الرابع عشر
أخبار أيام أول,14,13,"الإصحاح الرابع عشر
أخبار أيام أول,14,14,"الإصحاح الرابع عشر
أخبار أيام أول,14,15,"الإصحاح الرابع عشر
أخبار أيام أول,14,16,"الإصحاح الرابع عشر
أخبار أيام أول,14,17,"الإصحاح الرابع عشر
أخبار أيام أول,14,18,"الإصحاح الرابع عشر
أخبار أيام أول,14,19,"الإصحاح الرابع عشر
أخبار أيام أول,14,20,"الإصحاح الرابع عشر
أخبار أيام أول,14,21,"الإصحاح الرابع عشر
أخبار أيام أول,14,22,"الإصحاح الرابع عشر
أخبار أيام أول,14,23,"الإصحاح الرابع عشر
أخبار أيام أول,14,24,"الإصحاح الرابع عشر
أخبار أيام أول,14,25,"الإصحاح الرابع عشر
أخبار أيام أول,14,26,"الإصحاح الرابع عشر
أخبار أيام أول,14,27,"الإصحاح الرابع عشر
أخبار أيام أول,14,28,"الإصحاح الرابع عشر
أخبار أيام أول,14,29,"الإصحاح الرابع عشر
أخبار أيام أول,14,30,"الإصحاح الرابع عشر
أخبار أيام أول,14,31,"الإصحاح الرابع عشر
أخبار أيام أول,14,32,"الإصحاح الرابع عشر
أخبار أيام أول,14,33,"الإصحاح الرابع عشر
أخبار أيام أول,14,34,"الإصحاح الرابع عشر
أخبار أيام أول,14,35,"الإصحاح الرابع عشر
أخبار أيام أول,14,36,"الإصحاح الرابع عشر
أخبار أيام أول,14,37,"الإصحاح الرابع عشر
أخبار أيام أول,14,38,"الإصحاح الرابع عشر
أخبار أيام أول,14,39,"الإصحاح الرابع عشر
أخبار أيام أول,14,40,"الإصحاح الرابع عشر
أخبار أيام أول,14,41,"الإصحاح الرابع عشر
أخبار أيام أول,14,42,"الإصحاح الرابع عشر
أخبار أيام أول,14,43,"الإصحاح الرابع عشر
أخبار أيام أول,14,44,"الإصحاح الرابع عشر
أخبار أيام أول,14,45,"الإصحاح الرابع عشر
أخبار أيام أول,14,46,"الإصحاح الرابع عشر
أخبار أيام أول,14,47,"الإصحاح الرابع عشر
أخبار أيام أول,14,48,"الإصحاح الرابع عشر
أخبار أيام أول,14,49,"الإصحاح الرابع عشر
أخبار أيام أول,14,50,"الإصحاح الرابع عشر
أخبار أيام أول,14,51,"الإصحاح الرابع عشر
أخبار أيام أول,14,52,"الإصحاح الرابع عشر
أخبار أيام أول,14,53,"الإصحاح الرابع عشر
أخبار أيام أول,14,54,"الإصحاح الرابع عشر
أخبار أيام أول,14,55,"الإصحاح الرابع عشر
أخبار أيام أول,14,56,"الإصحاح الرابع عشر
أخبار أيام أول,14,57,"الإصحاح الرابع عشر
أخبار أيام أول,14,58,"الإصحاح الرابع عشر
أخبار أيام أول,14,59,"الإصحاح الرابع عشر
أخبار أيام أول,14,60,"الإصحاح الرابع عشر
أخبار أيام أول,14,61,"الإصحاح الرابع عشر
أخبار أيام أول,14,62,"الإصحاح الرابع عشر
أخبار أيام أول,14,63,"الإصحاح الرابع عشر
أخبار أيام أول,14,64,"الإصحاح الرابع عشر
أخبار أيام أول,14,65,"الإصحاح الرابع عشر
أخبار أيام أول,14,66,"الإصحاح الرابع عشر
أخبار أيام أول,14,67,"الإصحاح الرابع عشر
أخبار أيام أول,14,68,"الإصحاح الرابع عشر
أخبار أيام أول,14,69,"الإصحاح الرابع عشر
أخبار أيام أول,14,70,"الإصحاح الرابع عشر
أخبار أيام أول,14,71,"الإصحاح الرابع عشر
أخبار أيام أول,14,72,"الإصحاح الرابع عشر
أخبار أيام أول,14,73,"الإصحاح الرابع عشر
أخبار أيام أول,14,74,"الإصحاح الرابع عشر
أخبار أيام أول,14,75,"الإصحاح الرابع عشر
أخبار أيام أول,14,76,"الإصحاح الرابع عشر
أخبار أيام أول,14,77,"الإصحاح الرابع عشر
أخبار أيام أول,14,78,"الإصحاح الرابع عشر
أخبار أيام أول,14,79,"الإصحاح الرابع عشر
أخبار أيام أول,14,80,"الإصحاح الرابع عشر
أخبار أيام أول,14,81,"الإصحاح الرابع عشر
أخبار أيام أول,14,82,"الإصحاح الرابع عشر
أخبار أيام أول,14,83,"الإصحاح الرابع عشر
أخبار أيام أول,14,84,"الإصحاح الرابع عشر
أخبار أيام أول,14,85,"الإصحاح الرابع عشر
أخبار أيام أول,14,86,"الإصحاح الرابع عشر
أخبار أيام أول,14,87,"الإصحاح الرابع عشر
أخبار أيام أول,14,88,"الإصحاح الرابع عشر
أخبار أيام أول,14,89,"الإصحاح الرابع عشر
أخبار أيام أول,14,90,"الإصحاح الرابع عشر
أخبار أيام أول,14,91,"الإصحاح الرابع عشر
أخبار أيام أول,14,92,"الإصحاح الرابع عشر
أخبار أيام أول,14,93,"الإصحاح الرابع عشر
أخبار أيام أول,14,94,"الإصحاح الرابع عشر
أخبار أيام أول,14,95,"الإصحاح الرابع عشر
أخبار أيام أول,14,96,"الإصحاح الرابع عشر
أخبار أيام أول,14,97,"الإصحاح الرابع عشر
أخبار أيام أول,14,98,"الإصحاح الرابع عشر
أخبار أيام أول,14,99,"الإصحاح الرابع عشر
أخبار أيام أول,15,1,"الإصحاح الخامس عشر
أخبار أيام أول,15,2,"الإصحاح الخامس عشر
أخبار أيام أول,15,3,"الإصحاح الخامس عشر
أخبار أيام أول,15,4,"الإصحاح الخامس عشر
أخبار أيام أول,15,5,"الإصحاح الخامس عشر
أخبار أيام أول,15,6,"الإصحاح الخامس عشر
أخبار أيام أول,15,7,"الإصحاح الخامس عشر
أخبار أيام أول,15,8,"الإصحاح الخامس عشر
أخبار أيام أول,15,9,"الإصحاح الخامس عشر
أخبار أيام أول,15,10,"الإصحاح الخامس عشر
أخبار أيام أول,15,11,"الإصحاح الخامس عشر
أخبار أيام أول,15,12,"الإصحاح الخامس عشر
أخبار أيام أول,15,13,"الإصحاح الخامس عشر
أخبار أيام أول,15,14,"الإصحاح الخامس عشر
أخبار أيام أول,15,15,"الإصحاح الخامس عشر
أخبار أيام أول,15,16,"الإصحاح الخامس عشر
أخبار أيام أول,15,17,"الإصحاح الخامس عشر
أخبار أيام أول,15,18,"الإصحاح الخامس عشر
أخبار أيام أول,15,19,"الإصحاح الخامس عشر
أخبار أيام أول,15,20,"الإصحاح الخامس عشر
أخبار أيام أول,15,21,"الإصحاح الخامس عشر
أخبار أيام أول,15,22,"الإصحاح الخامس عشر
أخبار أيام أول,15,23,"الإصحاح الخامس عشر
أخبار أيام أول,15,24,"الإصحاح الخامس عشر
أخبار أيام أول,15,25,"الإصحاح الخامس عشر
أخبار أيام أول,15,26,"الإصحاح الخامس عشر
أخبار أيام أول,15,27,"الإصحاح الخامس عشر
أخبار أيام أول,15,28,"الإصحاح الخامس عشر
أخبار أيام أول,15,29,"الإصحاح الخامس عشر
أخبار أيام أول,15,30,"الإصحاح الخامس عشر
أخبار أيام أول,15,31,"الإصحاح الخامس عشر
أخبار أيام أول,15,32,"الإصحاح الخامس عشر
أخبار أيام أول,15,33,"الإصحاح الخامس عشر
أخبار أيام أول,15,34,"الإصحاح الخامس عشر
أخبار أيام أول,15,35,"الإصحاح الخامس عشر
أخبار أيام أول,15,36,"الإصحاح الخامس عشر
أخبار أيام أول,15,37,"الإصحاح الخامس عشر
أخبار أيام أول,15,38,"الإصحاح الخامس عشر
أخبار أيام أول,15,39,"الإصحاح الخامس عشر
أخبار أيام أول,15,40,"الإصحاح الخامس عشر
أخبار أيام أول,15,41,"الإصحاح الخامس عشر
أخبار أيام أول,15,42,"الإصحاح الخامس عشر
أخبار أيام أول,15,43,"الإصحاح الخامس عشر
أخبار أيام أول,15,44,"الإصحاح الخامس عشر
أخبار أيام أول,15,45,"الإصحاح الخامس عشر
أخبار أيام أول,15,46,"الإصحاح الخامس عشر
أخبار أيام أول,15,47,"الإصحاح الخامس عشر
أخبار أيام أول,15,48,"الإصحاح الخامس عشر
أخبار أيام أول,15,49,"الإصحاح الخامس عشر
أخبار أيام أول,15,50,"الإصحاح الخامس عشر
أخبار أيام أول,15,51,"الإصحاح الخامس عشر
أخبار أيام أول,15,52,"الإصحاح الخامس عشر
أخبار أيام أول,15,53,"الإصحاح الخامس عشر
أخبار أيام أول,15,54,"الإصحاح الخامس عشر
أخبار أيام أول,15,55,"الإصحاح الخامس عشر
أخبار أيام أول,15,56,"الإصحاح الخامس عشر
أخبار أيام أول,15,57,"الإصحاح الخامس عشر
أخبار أيام أول,15,58,"الإصحاح الخامس عشر
أخبار أيام أول,15,59,"الإصحاح الخامس عشر
أخبار أيام أول,15,60,"الإصحاح الخامس عشر
أخبار أيام أول,15,61,"الإصحاح الخامس عشر
أخبار أيام أول,15,62,"الإصحاح الخامس عشر
أخبار أيام أول,15,63,"الإصحاح الخامس عشر
أخبار أيام أول,15,64,"الإصحاح الخامس عشر
أخبار أيام أول,15,65,"الإصحاح الخامس عشر
أخبار أيام أول,15,66,"الإصحاح الخامس عشر
أخبار أيام أول,15,67,"الإصحاح الخامس عشر
أخبار أيام أول,15,68,"الإصحاح الخامس عشر
أخبار أيام أول,15,69,"الإصحاح الخامس عشر
أخبار أيام أول,15,70,"الإصحاح الخامس عشر
أخبار أيام أول,15,71,"الإصحاح الخامس عشر
أخبار أيام أول,15,72,"الإصحاح الخامس عشر
أخبار أيام أول,15,73,"الإصحاح الخامس عشر
أخبار أيام أول,15,74,"الإصحاح الخامس عشر
أخبار أيام أول,15,75,"الإصحاح الخامس عشر
أخبار أيام أول,15,76,"الإصحاح الخامس عشر
أخبار أيام أول,15,77,"الإصحاح الخامس عشر
أخبار أيام أول,15,78,"الإصحاح الخامس عشر
أخبار أيام أول,15,79,"الإصحاح الخامس عشر
أخبار أيام أول,15,80,"الإصحاح الخامس عشر
أخبار أيام أول,15,81,"الإصحاح الخامس عشر
أخبار أيام أول,15,82,"الإصحاح الخامس عشر
أخبار أيام أول,15,83,"الإصحاح الخامس عشر
أخبار أيام أول,15,84,"الإصحاح الخامس عشر
أخبار أيام أول,15,85,"الإصحاح الخامس عشر
أخبار أيام أول,15,86,"الإصحاح الخامس عشر
أخبار أيام أول,15,87,"الإصحاح الخامس عشر
أخبار أيام أول,15,88,"الإصحاح الخامس عشر
أخبار أيام أول,15,89,"الإصحاح الخامس عشر
أخبار أيام أول,15,90,"الإصحاح الخامس عشر
أخبار أيام أول,15,91,"الإصحاح الخامس عشر
أخبار أيام أول,15,92,"الإصحاح الخامس عشر
أخبار أيام أول,15,93,"الإصحاح الخامس عشر
أخبار أيام أول,15,94,"الإصحاح الخامس عشر
أخبار أيام أول,15,95,"الإصحاح الخامس عشر
أخبار أيام أول,15,96,"الإصحاح الخامس عشر
أخبار أيام أول,15,97,"الإصحاح الخامس عشر
أخبار أيام أول,15,98,"الإصحاح الخامس عشر
أخبار أيام أول,15,99,"الإصحاح الخامس عشر
أخبار أيام أول,16,1,"الإصحاح السادس عشر
أخبار أيام أول,16,2,"الإصحاح السادس عشر
أخبار أيام أول,16,3,"الإصحاح السادس عشر
أخبار أيام أول,16,4,"الإصحاح السادس عشر
أخبار أيام أول,16,5,"الإصحاح السادس عشر
أخبار أيام أول,16,6,"الإصحاح السادس عشر
أخبار أيام أول,16,7,"الإصحاح السادس عشر
أخبار أيام أول,16,8,"الإصحاح السادس عشر
أخبار أيام أول,16,9,"الإصحاح السادس عشر
أخبار أيام أول,16,10,"الإصحاح السادس عشر
أخبار أيام أول,16,11,"الإصحاح السادس عشر
أخبار أيام أول,16,12,"الإصحاح السادس عشر
أخبار أيام أول,16,13,"الإصحاح السادس عشر
أخبار أيام أول,16,14,"الإصحاح السادس عشر
أخبار أيام أول,16,15,"الإصحاح السادس عشر
أخبار أيام أول,16,16,"الإصحاح السادس عشر
أخبار أيام أول,16,17,"الإصحاح السادس عشر
أخبار أيام أول,16,18,"الإصحاح السادس عشر
أخبار أيام أول,16,19,"الإصحاح السادس عشر
أخبار أيام أول,16,20,"الإصحاح السادس عشر
أخبار أيام أول,16,21,"الإصحاح السادس عشر
أخبار أيام أول,16,22,"الإصحاح السادس عشر
أخبار أيام أول,16,23,"الإصحاح السادس عشر
أخبار أيام أول,16,24,"الإصحاح السادس عشر
أخبار أيام أول,16,25,"الإصحاح السادس عشر
أخبار أيام أول,16,26,"الإصحاح السادس عشر
أخبار أيام أول,16,27,"الإصحاح السادس عشر
أخبار أيام أول,16,28,"الإصحاح السادس عشر
أخبار أيام أول,16,29,"الإصحاح السادس عشر
أخبار أيام أول,16,30,"الإصحاح السادس عشر
أخبار أيام أول,16,31,"الإصحاح السادس عشر
أخبار أيام أول,16,32,"الإصحاح السادس عشر
أخبار أيام أول,16,33,"الإصحاح السادس عشر
أخبار أيام أول,16,34,"الإصحاح السادس عشر
أخبار أيام أول,16,35,"الإصحاح السادس عشر
أخبار أيام أول,16,36,"الإصحاح السادس عشر
أخبار أيام أول,16,37,"الإصحاح السادس عشر
أخبار أيام أول,16,38,"الإصحاح السادس عشر
أخبار أيام أول,16,39,"الإصحاح السادس عشر
أخبار أيام أول,16,40,"الإصحاح السادس عشر
أخبار أيام أول,16,41,"الإصحاح السادس عشر
أخبار أيام أول,16,42,"الإصحاح السادس عشر
أخبار أيام أول,16,43,"الإصحاح السادس عشر
أخبار أيام أول,16,44,"الإصحاح السادس عشر
أخبار أيام أول,16,45,"الإصحاح السادس عشر
أخبار أيام أول,16,46,"الإصحاح السادس عشر
أخبار أيام أول,16,47,"الإصحاح السادس عشر
أخبار أيام أول,16,48,"الإصحاح السادس عشر
أخبار أيام أول,16,49,"الإصحاح السادس عشر
أخبار أيام أول,16,50,"الإصحاح السادس عشر
أخبار أيام أول,16,51,"الإصحاح السادس عشر
أخبار أيام أول,16,52,"الإصحاح السادس عشر
أخبار أيام أول,16,53,"الإصحاح السادس عشر
أخبار أيام أول,16,54,"الإصحاح السادس عشر
أخبار أيام أول,16,55,"الإصحاح السادس عشر
أخبار أيام أول,16,56,"الإصحاح السادس عشر
أخبار أيام أول,16,57,"الإصحاح السادس عشر
أخبار أيام أول,16,58,"الإصحاح السادس عشر
أخبار أيام أول,16,59,"الإصحاح السادس عشر
أخبار أيام أول,16,60,"الإصحاح السادس عشر
أخبار أيام أول,16,61,"الإصحاح السادس عشر
أخبار أيام أول,16,62,"الإصحاح السادس عشر
أخبار أيام أول,16,63,"الإصحاح السادس عشر
أخبار أيام أول,16,64,"الإصحاح السادس عشر
أخبار أيام أول,16,65,"الإصحاح السادس عشر
أخبار أيام أول,16,66,"الإصحاح السادس عشر
أخبار أيام أول,16,67,"الإصحاح السادس عشر
أخبار أيام أول,16,68,"الإصحاح السادس عشر
أخبار أيام أول,16,69,"الإصحاح السادس عشر
أخبار أيام أول,16,70,"الإصحاح السادس عشر
أخبار أيام أول,16,71,"الإصحاح السادس عشر
أخبار أيام أول,16,72,"الإصحاح السادس عشر
أخبار أيام أول,16,73,"الإصحاح السادس عشر
أخبار أيام أول,16,74,"الإصحاح السادس عشر
أخبار أيام أول,16,75,"الإصحاح السادس عشر
أخبار أيام أول,16,76,"الإصحاح السادس عشر
أخبار أيام أول,16,77,"الإصحاح السادس عشر
أخبار أيام أول,16,78,"الإصحاح السادس عشر
أخبار أيام أول,16,79,"الإصحاح السادس عشر
أخبار أيام أول,16,80,"الإصحاح السادس عشر
أخبار أيام أول,16,81,"الإصحاح السادس عشر
أخبار أيام أول,16,82,"الإصحاح السادس عشر
أخبار أيام أول,16,83,"الإصحاح السادس عشر
أخبار أيام أول,16,84,"الإصحاح السادس عشر
أخبار أيام أول,16,85,"الإصحاح السادس عشر
أخبار أيام أول,16,86,"الإصحاح السادس عشر
أخبار أيام أول,16,87,"الإصحاح السادس عشر
أخبار أيام أول,16,88,"الإصحاح السادس عشر
أخبار أيام أول,16,89,"الإصحاح السادس عشر
أخبار أيام أول,16,90,"الإصحاح السادس عشر
أخبار أيام أول,16,91,"الإصحاح السادس عشر
أخبار أيام أول,16,92,"الإصحاح السادس عشر
أخبار أيام أول,16,93,"الإصحاح السادس عشر
أخبار أيام أول,16,94,"الإصحاح السادس عشر
أخبار أيام أول,16,95,"الإصحاح السادس عشر
أخبار أيام أول,16,96,"الإصحاح السادس عشر
أخبار أيام أول,16,97,"الإصحاح السادس عشر
أخبار أيام أول,16,98,"الإصحاح السادس عشر
أخبار أيام أول,16,99,"الإصحاح السادس عشر
أخبار أيام أول,17,1,"الإصحاحات السابع عشر حتى الحادى والعشرون
أخبار أيام أول,17,2,"الإصحاحات السابع عشر حتى الحادى والعشرون
أخبار أيام أول,17,3,"الإصحاحات السابع عشر حتى الحادى والعشرون
أخبار أيام أول,17,4,"الإصحاحات السابع عشر حتى الحادى والعشرون
أخبار أيام أول,17,5,"الإصحاحات السابع عشر حتى الحادى والعشرون
أخبار أيام أول,17,6,"الإصحاحات السابع عشر حتى الحادى والعشرون
أخبار أيام أول,17,7,"الإصحاحات السابع عشر حتى الحادى والعشرون
أخبار أيام أول,17,8,"الإصحاحات السابع عشر حتى الحادى والعشرون
أخبار أيام أول,17,9,"الإصحاحات السابع عشر حتى الحادى والعشرون
أخبار أيام أول,17,10,"الإصحاحات السابع عشر حتى الحادى والعشرون
أخبار أيام أول,17,11,"الإصحاحات السابع عشر حتى الحادى والعشرون
أخبار أيام أول,17,12,"الإصحاحات السابع عشر حتى الحادى والعشرون
أخبار أيام أول,17,13,"الإصحاحات السابع عشر حتى الحادى والعشرون
أخبار أيام أول,17,14,"الإصحاحات السابع عشر حتى الحادى والعشرون
أخبار أيام أول,17,15,"الإصحاحات السابع عشر حتى الحادى والعشرون
أخبار أيام أول,17,16,"الإصحاحات السابع عشر حتى الحادى والعشرون
أخبار أيام أول,17,17,"الإصحاحات السابع عشر حتى الحادى والعشرون
أخبار أيام أول,17,18,"الإصحاحات السابع عشر حتى الحادى والعشرون
أخبار أيام أول,17,19,"الإصحاحات السابع عشر حتى الحادى والعشرون
أخبار أيام أول,17,20,"الإصحاحات السابع عشر حتى الحادى والعشرون
أخبار أيام أول,17,21,"الإصحاحات السابع عشر حتى الحادى والعشرون
أخبار أيام أول,17,22,"الإصحاحات السابع عشر حتى الحادى والعشرون
أخبار أيام أول,17,23,"الإصحاحات السابع عشر حتى الحادى والعشرون
أخبار أيام أول,17,24,"الإصحاحات السابع عشر حتى الحادى والعشرون
أخبار أيام أول,17,25,"الإصحاحات السابع عشر حتى الحادى والعشرون
أخبار أيام أول,17,26,"الإصحاحات السابع عشر حتى الحادى والعشرون
أخبار أيام أول,17,27,"الإصحاحات السابع عشر حتى الحادى والعشرون
أخبار أيام أول,17,28,"الإصحاحات السابع عشر حتى الحادى والعشرون
أخبار أيام أول,17,29,"الإصحاحات السابع عشر حتى الحادى والعشرون
أخبار أيام أول,17,30,"الإصحاحات السابع عشر حتى الحادى والعشرون
أخبار أيام أول,17,31,"الإصحاحات السابع عشر حتى الحادى والعشرون
أخبار أيام أول,17,32,"الإصحاحات السابع عشر حتى الحادى والعشرون
أخبار أيام أول,17,33,"الإصحاحات السابع عشر حتى الحادى والعشرون
أخبار أيام أول,17,34,"الإصحاحات السابع عشر حتى الحادى والعشرون
أخبار أيام أول,17,35,"الإصحاحات السابع عشر حتى الحادى والعشرون
أخبار أيام أول,17,36,"الإصحاحات السابع عشر حتى الحادى والعشرون
أخبار أيام أول,17,37,"الإصحاحات السابع عشر حتى الحادى والعشرون
أخبار أيام أول,17,38,"الإصحاحات السابع عشر حتى الحادى والعشرون
أخبار أيام أول,17,39,"الإصحاحات السابع عشر حتى الحادى والعشرون
أخبار أيام أول,17,40,"الإصحاحات السابع عشر حتى الحادى والعشرون
أخبار أيام أول,17,41,"الإصحاحات السابع عشر حتى الحادى والعشرون
أخبار أيام أول,17,42,"الإصحاحات السابع عشر حتى الحادى والعشرون
أخبار أيام أول,17,43,"الإصحاحات السابع عشر حتى الحادى والعشرون
أخبار أيام أول,17,44,"الإصحاحات السابع عشر حتى الحادى والعشرون
أخبار أيام أول,17,45,"الإصحاحات السابع عشر حتى الحادى والعشرون
أخبار أيام أول,17,46,"الإصحاحات السابع عشر حتى الحادى والعشرون
أخبار أيام أول,17,47,"الإصحاحات السابع عشر حتى الحادى والعشرون
أخبار أيام أول,17,48,"الإصحاحات السابع عشر حتى الحادى والعشرون
أخبار أيام أول,17,49,"الإصحاحات السابع عشر حتى الحادى والعشرون
أخبار أيام أول,17,50,"الإصحاحات السابع عشر حتى الحادى والعشرون
أخبار أيام أول,17,51,"الإصحاحات السابع عشر حتى الحادى والعشرون
أخبار أيام أول,17,52,"الإصحاحات السابع عشر حتى الحادى والعشرون
أخبار أيام أول,17,53,"الإصحاحات السابع عشر حتى الحادى والعشرون
أخبار أيام أول,17,54,"الإصحاحات السابع عشر حتى الحادى والعشرون
أخبار أيام أول,17,55,"الإصحاحات السابع عشر حتى الحادى والعشرون
أخبار أيام أول,17,56,"الإصحاحات السابع عشر حتى الحادى والعشرون
أخبار أيام أول,17,57,"الإصحاحات السابع عشر حتى الحادى والعشرون
أخبار أيام أول,17,58,"الإصحاحات السابع عشر حتى الحادى والعشرون
أخبار أيام أول,17,59,"الإصحاحات السابع عشر حتى الحادى والعشرون
أخبار أيام أول,17,60,"الإصحاحات السابع عشر حتى الحادى والعشرون
أخبار أيام أول,17,61,"الإصحاحات السابع عشر حتى الحادى والعشرون
أخبار أيام أول,17,62,"الإصحاحات السابع عشر حتى الحادى والعشرون
أخبار أيام أول,17,63,"الإصحاحات السابع عشر حتى الحادى والعشرون
أخبار أيام أول,17,64,"الإصحاحات السابع عشر حتى الحادى والعشرون
أخبار أيام أول,17,65,"الإصحاحات السابع عشر حتى الحادى والعشرون
أخبار أيام أول,17,66,"الإصحاحات السابع عشر حتى الحادى والعشرون
أخبار أيام أول,17,67,"الإصحاحات السابع عشر حتى الحادى والعشرون
أخبار أيام أول,17,68,"الإصحاحات السابع عشر حتى الحادى والعشرون
أخبار أيام أول,17,69,"الإصحاحات السابع عشر حتى الحادى والعشرون
أخبار أيام أول,17,70,"الإصحاحات السابع عشر حتى الحادى والعشرون
أخبار أيام أول,17,71,"الإصحاحات السابع عشر حتى الحادى والعشرون
أخبار أيام أول,17,72,"الإصحاحات السابع عشر حتى الحادى والعشرون
أخبار أيام أول,17,73,"الإصحاحات السابع عشر حتى الحادى والعشرون
أخبار أيام أول,17,74,"الإصحاحات السابع عشر حتى الحادى والعشرون
أخبار أيام أول,17,75,"الإصحاحات السابع عشر حتى الحادى والعشرون
أخبار أيام أول,17,76,"الإصحاحات السابع عشر حتى الحادى والعشرون
أخبار أيام أول,17,77,"الإصحاحات السابع عشر حتى الحادى والعشرون
أخبار أيام أول,17,78,"الإصحاحات السابع عشر حتى الحادى والعشرون
أخبار أيام أول,17,79,"الإصحاحات السابع عشر حتى الحادى والعشرون
أخبار أيام أول,17,80,"الإصحاحات السابع عشر حتى الحادى والعشرون
أخبار أيام أول,17,81,"الإصحاحات السابع عشر حتى الحادى والعشرون
أخبار أيام أول,17,82,"الإصحاحات السابع عشر حتى الحادى والعشرون
أخبار أيام أول,17,83,"الإصحاحات السابع عشر حتى الحادى والعشرون
أخبار أيام أول,17,84,"الإصحاحات السابع عشر حتى الحادى والعشرون
أخبار أيام أول,17,85,"الإصحاحات السابع عشر حتى الحادى والعشرون
أخبار أيام أول,17,86,"الإصحاحات السابع عشر حتى الحادى والعشرون
أخبار أيام أول,17,87,"الإصحاحات السابع عشر حتى الحادى والعشرون
أخبار أيام أول,17,88,"الإصحاحات السابع عشر حتى الحادى والعشرون
أخبار أيام أول,17,89,"الإصحاحات السابع عشر حتى الحادى والعشرون
أخبار أيام أول,17,90,"الإصحاحات السابع عشر حتى الحادى والعشرون
أخبار أيام أول,17,91,"الإصحاحات السابع عشر حتى الحادى والعشرون
أخبار أيام أول,17,92,"الإصحاحات السابع عشر حتى الحادى والعشرون
أخبار أيام أول,17,93,"الإصحاحات السابع عشر حتى الحادى والعشرون
أخبار أيام أول,17,94,"الإصحاحات السابع عشر حتى الحادى والعشرون
أخبار أيام أول,17,95,"الإصحاحات السابع عشر حتى الحادى والعشرون
أخبار أيام أول,17,96,"الإصحاحات السابع عشر حتى الحادى والعشرون
أخبار أيام أول,17,97,"الإصحاحات السابع عشر حتى الحادى والعشرون
أخبار أيام أول,17,98,"الإصحاحات السابع عشر حتى الحادى والعشرون
أخبار أيام أول,17,99,"الإصحاحات السابع عشر حتى الحادى والعشرون
أخبار أيام أول,18,1,"الإصحاحات السابع عشر حتى الحادى والعشرون
أخبار أيام أول,18,2,"الإصحاحات السابع عشر حتى الحادى والعشرون
أخبار أيام أول,18,3,"الإصحاحات السابع عشر حتى الحادى والعشرون
أخبار أيام أول,18,4,"الإصحاحات السابع عشر حتى الحادى والعشرون
أخبار أيام أول,18,5,"الإصحاحات السابع عشر حتى الحادى والعشرون
أخبار أيام أول,18,6,"الإصحاحات السابع عشر حتى الحادى والعشرون
أخبار أيام أول,18,7,"الإصحاحات السابع عشر حتى الحادى والعشرون
أخبار أيام أول,18,8,"الإصحاحات السابع عشر حتى الحادى والعشرون
أخبار أيام أول,18,9,"الإصحاحات السابع عشر حتى الحادى والعشرون
أخبار أيام أول,18,10,"الإصحاحات السابع عشر حتى الحادى والعشرون
أخبار أيام أول,18,11,"الإصحاحات السابع عشر حتى الحادى والعشرون
أخبار أيام أول,18,12,"الإصحاحات السابع عشر حتى الحادى والعشرون
أخبار أيام أول,18,13,"الإصحاحات السابع عشر حتى الحادى والعشرون
أخبار أيام أول,18,14,"الإصحاحات السابع عشر حتى الحادى والعشرون
أخبار أيام أول,18,15,"الإصحاحات السابع عشر حتى الحادى والعشرون
أخبار أيام أول,18,16,"الإصحاحات السابع عشر حتى الحادى والعشرون
أخبار أيام أول,18,17,"الإصحاحات السابع عشر حتى الحادى والعشرون
أخبار أيام أول,18,18,"الإصحاحات السابع عشر حتى الحادى والعشرون
أخبار أيام أول,18,19,"الإصحاحات السابع عشر حتى الحادى والعشرون
أخبار أيام أول,18,20,"الإصحاحات السابع عشر حتى الحادى والعشرون
أخبار أيام أول,18,21,"الإصحاحات السابع عشر حتى الحادى والعشرون
أخبار أيام أول,18,22,"الإصحاحات السابع عشر حتى الحادى والعشرون
أخبار أيام أول,18,23,"الإصحاحات السابع عشر حتى الحادى والعشرون
أخبار أيام أول,18,24,"الإصحاحات السابع عشر حتى الحادى والعشرون
أخبار أيام أول,18,25,"الإصحاحات السابع عشر حتى الحادى والعشرون
أخبار أيام أول,18,26,"الإصحاحات السابع عشر حتى الحادى والعشرون
أخبار أيام أول,18,27,"الإصحاحات السابع عشر حتى الحادى والعشرون
أخبار أيام أول,18,28,"الإصحاحات السابع عشر حتى الحادى والعشرون
أخبار أيام أول,18,29,"الإصحاحات السابع عشر حتى الحادى والعشرون
أخبار أيام أول,18,30,"الإصحاحات السابع عشر حتى الحادى والعشرون
أخبار أيام أول,18,31,"الإصحاحات السابع عشر حتى الحادى والعشرون
أخبار أيام أول,18,32,"الإصحاحات السابع عشر حتى الحادى والعشرون
أخبار أيام أول,18,33,"الإصحاحات السابع عشر حتى الحادى والعشرون
أخبار أيام أول,18,34,"الإصحاحات السابع عشر حتى الحادى والعشرون
أخبار أيام أول,18,35,"الإصحاحات السابع عشر حتى الحادى والعشرون
أخبار أيام أول,18,36,"الإصحاحات السابع عشر حتى الحادى والعشرون
أخبار أيام أول,18,37,"الإصحاحات السابع عشر حتى الحادى والعشرون
أخبار أيام أول,18,38,"الإصحاحات السابع عشر حتى الحادى والعشرون
أخبار أيام أول,18,39,"الإصحاحات السابع عشر حتى الحادى والعشرون
أخبار أيام أول,18,40,"الإصحاحات السابع عشر حتى الحادى والعشرون
أخبار أيام أول,18,41,"الإصحاحات السابع عشر حتى الحادى والعشرون
أخبار أيام أول,18,42,"الإصحاحات السابع عشر حتى الحادى والعشرون
أخبار أيام أول,18,43,"الإصحاحات السابع عشر حتى الحادى والعشرون
أخبار أيام أول,18,44,"الإصحاحات السابع عشر حتى الحادى والعشرون
أخبار أيام أول,18,45,"الإصحاحات السابع عشر حتى الحادى والعشرون
أخبار أيام أول,18,46,"الإصحاحات السابع عشر حتى الحادى والعشرون
أخبار أيام أول,18,47,"الإصحاحات السابع عشر حتى الحادى والعشرون
أخبار أيام أول,18,48,"الإصحاحات السابع عشر حتى الحادى والعشرون
أخبار أيام أول,18,49,"الإصحاحات السابع عشر حتى الحادى والعشرون
أخبار أيام أول,18,50,"الإصحاحات السابع عشر حتى الحادى والعشرون
أخبار أيام أول,18,51,"الإصحاحات السابع عشر حتى الحادى والعشرون
أخبار أيام أول,18,52,"الإصحاحات السابع عشر حتى الحادى والعشرون
أخبار أيام أول,18,53,"الإصحاحات السابع عشر حتى الحادى والعشرون
أخبار أيام أول,18,54,"الإصحاحات السابع عشر حتى الحادى والعشرون
أخبار أيام أول,18,55,"الإصحاحات السابع عشر حتى الحادى والعشرون
أخبار أيام أول,18,56,"الإصحاحات السابع عشر حتى الحادى والعشرون
أخبار أيام أول,18,57,"الإصحاحات السابع عشر حتى الحادى والعشرون
أخبار أيام أول,18,58,"الإصحاحات السابع عشر حتى الحادى والعشرون
أخبار أيام أول,18,59,"الإصحاحات السابع عشر حتى الحادى والعشرون
أخبار أيام أول,18,60,"الإصحاحات السابع عشر حتى الحادى والعشرون
أخبار أيام أول,18,61,"الإصحاحات السابع عشر حتى الحادى والعشرون
أخبار أيام أول,18,62,"الإصحاحات السابع عشر حتى الحادى والعشرون
أخبار أيام أول,18,63,"الإصحاحات السابع عشر حتى الحادى والعشرون
أخبار أيام أول,18,64,"الإصحاحات السابع عشر حتى الحادى والعشرون
أخبار أيام أول,18,65,"الإصحاحات السابع عشر حتى الحادى والعشرون
أخبار أيام أول,18,66,"الإصحاحات السابع عشر حتى الحادى والعشرون
أخبار أيام أول,18,67,"الإصحاحات السابع عشر حتى الحادى والعشرون
أخبار أيام أول,18,68,"الإصحاحات السابع عشر حتى الحادى والعشرون
أخبار أيام أول,18,69,"الإصحاحات السابع عشر حتى الحادى والعشرون
أخبار أيام أول,18,70,"الإصحاحات السابع عشر حتى الحادى والعشرون
أخبار أيام أول,18,71,"الإصحاحات السابع عشر حتى الحادى والعشرون
أخبار أيام أول,18,72,"الإصحاحات السابع عشر حتى الحادى والعشرون
أخبار أيام أول,18,73,"الإصحاحات السابع عشر حتى الحادى والعشرون
أخبار أيام أول,18,74,"الإصحاحات السابع عشر حتى الحادى والعشرون
أخبار أيام أول,18,75,"الإصحاحات السابع عشر حتى الحادى والعشرون
أخبار أيام أول,18,76,"الإصحاحات السابع عشر حتى الحادى والعشرون
أخبار أيام أول,18,77,"الإصحاحات السابع عشر حتى الحادى والعشرون
أخبار أيام أول,18,78,"الإصحاحات السابع عشر حتى الحادى والعشرون
أخبار أيام أول,18,79,"الإصحاحات السابع عشر حتى الحادى والعشرون
أخبار أيام أول,18,80,"الإصحاحات السابع عشر حتى الحادى والعشرون
أخبار أيام أول,18,81,"الإصحاحات السابع عشر حتى الحادى والعشرون
أخبار أيام أول,18,82,"الإصحاحات السابع عشر حتى الحادى والعشرون
أخبار أيام أول,18,83,"الإصحاحات السابع عشر حتى الحادى والعشرون
أخبار أيام أول,18,84,"الإصحاحات السابع عشر حتى الحادى والعشرون
أخبار أيام أول,18,85,"الإصحاحات السابع عشر حتى الحادى والعشرون
أخبار أيام أول,18,86,"الإصحاحات السابع عشر حتى الحادى والعشرون
أخبار أيام أول,18,87,"الإصحاحات السابع عشر حتى الحادى والعشرون
أخبار أيام أول,18,88,"الإصحاحات السابع عشر حتى الحادى والعشرون
أخبار أيام أول,18,89,"الإصحاحات السابع عشر حتى الحادى والعشرون
أخبار أيام أول,18,90,"الإصحاحات السابع عشر حتى الحادى والعشرون
أخبار أيام أول,18,91,"الإصحاحات السابع عشر حتى الحادى والعشرون
أخبار أيام أول,18,92,"الإصحاحات السابع عشر حتى الحادى والعشرون
أخبار أيام أول,18,93,"الإصحاحات السابع عشر حتى الحادى والعشرون
أخبار أيام أول,18,94,"الإصحاحات السابع عشر حتى الحادى والعشرون
أخبار أيام أول,18,95,"الإصحاحات السابع عشر حتى الحادى والعشرون
أخبار أيام أول,18,96,"الإصحاحات السابع عشر حتى الحادى والعشرون
أخبار أيام أول,18,97,"الإصحاحات السابع عشر حتى الحادى والعشرون
أخبار أيام أول,18,98,"الإصحاحات السابع عشر حتى الحادى والعشرون
أخبار أيام أول,18,99,"الإصحاحات السابع عشر حتى الحادى والعشرون
أخبار أيام أول,19,1,"الإصحاحات السابع عشر حتى الحادى والعشرون
أخبار أيام أول,19,2,"الإصحاحات السابع عشر حتى الحادى والعشرون
أخبار أيام أول,19,3,"الإصحاحات السابع عشر حتى الحادى والعشرون
أخبار أيام أول,19,4,"الإصحاحات السابع عشر حتى الحادى والعشرون
أخبار أيام أول,19,5,"الإصحاحات السابع عشر حتى الحادى والعشرون
أخبار أيام أول,19,6,"الإصحاحات السابع عشر حتى الحادى والعشرون
أخبار أيام أول,19,7,"الإصحاحات السابع عشر حتى الحادى والعشرون
أخبار أيام أول,19,8,"الإصحاحات السابع عشر حتى الحادى والعشرون
أخبار أيام أول,19,9,"الإصحاحات السابع عشر حتى الحادى والعشرون
أخبار أيام أول,19,10,"الإصحاحات السابع عشر حتى الحادى والعشرون
أخبار أيام أول,19,11,"الإصحاحات السابع عشر حتى الحادى والعشرون
أخبار أيام أول,19,12,"الإصحاحات السابع عشر حتى الحادى والعشرون
أخبار أيام أول,19,13,"الإصحاحات السابع عشر حتى الحادى والعشرون
أخبار أيام أول,19,14,"الإصحاحات السابع عشر حتى الحادى والعشرون
أخبار أيام أول,19,15,"الإصحاحات السابع عشر حتى الحادى والعشرون
أخبار أيام أول,19,16,"الإصحاحات السابع عشر حتى الحادى والعشرون
أخبار أيام أول,19,17,"الإصحاحات السابع عشر حتى الحادى والعشرون
أخبار أيام أول,19,18,"الإصحاحات السابع عشر حتى الحادى والعشرون
أخبار أيام أول,19,19,"الإصحاحات السابع عشر حتى الحادى والعشرون
أخبار أيام أول,19,20,"الإصحاحات السابع عشر حتى الحادى والعشرون
أخبار أيام أول,19,21,"الإصحاحات السابع عشر حتى الحادى والعشرون
أخبار أيام أول,19,22,"الإصحاحات السابع عشر حتى الحادى والعشرون
أخبار أيام أول,19,23,"الإصحاحات السابع عشر حتى الحادى والعشرون
أخبار أيام أول,19,24,"الإصحاحات السابع عشر حتى الحادى والعشرون
أخبار أيام أول,19,25,"الإصحاحات السابع عشر حتى الحادى والعشرون
أخبار أيام أول,19,26,"الإصحاحات السابع عشر حتى الحادى والعشرون
أخبار أيام أول,19,27,"الإصحاحات السابع عشر حتى الحادى والعشرون
أخبار أيام أول,19,28,"الإصحاحات السابع عشر حتى الحادى والعشرون
أخبار أيام أول,19,29,"الإصحاحات السابع عشر حتى الحادى والعشرون
أخبار أيام أول,19,30,"الإصحاحات السابع عشر حتى الحادى والعشرون
أخبار أيام أول,19,31,"الإصحاحات السابع عشر حتى الحادى والعشرون
أخبار أيام أول,19,32,"الإصحاحات السابع عشر حتى الحادى والعشرون
أخبار أيام أول,19,33,"الإصحاحات السابع عشر حتى الحادى والعشرون
أخبار أيام أول,19,34,"الإصحاحات السابع عشر حتى الحادى والعشرون
أخبار أيام أول,19,35,"الإصحاحات السابع عشر حتى الحادى والعشرون
أخبار أيام أول,19,36,"الإصحاحات السابع عشر حتى الحادى والعشرون
أخبار أيام أول,19,37,"الإصحاحات السابع عشر حتى الحادى والعشرون
أخبار أيام أول,19,38,"الإصحاحات السابع عشر حتى الحادى والعشرون
أخبار أيام أول,19,39,"الإصحاحات السابع عشر حتى الحادى والعشرون
أخبار أيام أول,19,40,"الإصحاحات السابع عشر حتى الحادى والعشرون
أخبار أيام أول,19,41,"الإصحاحات السابع عشر حتى الحادى والعشرون
أخبار أيام أول,19,42,"الإصحاحات السابع عشر حتى الحادى والعشرون
أخبار أيام أول,19,43,"الإصحاحات السابع عشر حتى الحادى والعشرون
أخبار أيام أول,19,44,"الإصحاحات السابع عشر حتى الحادى والعشرون
أخبار أيام أول,19,45,"الإصحاحات السابع عشر حتى الحادى والعشرون
أخبار أيام أول,19,46,"الإصحاحات السابع عشر حتى الحادى والعشرون
أخبار أيام أول,19,47,"الإصحاحات السابع عشر حتى الحادى والعشرون
أخبار أيام أول,19,48,"الإصحاحات السابع عشر حتى الحادى والعشرون
أخبار أيام أول,19,49,"الإصحاحات السابع عشر حتى الحادى والعشرون
أخبار أيام أول,19,50,"الإصحاحات السابع عشر حتى الحادى والعشرون
أخبار أيام أول,19,51,"الإصحاحات السابع عشر حتى الحادى والعشرون
أخبار أيام أول,19,52,"الإصحاحات السابع عشر حتى الحادى والعشرون
أخبار أيام أول,19,53,"الإصحاحات السابع عشر حتى الحادى والعشرون
أخبار أيام أول,19,54,"الإصحاحات السابع عشر حتى الحادى والعشرون
أخبار أيام أول,19,55,"الإصحاحات السابع عشر حتى الحادى والعشرون
أخبار أيام أول,19,56,"الإصحاحات السابع عشر حتى الحادى والعشرون
أخبار أيام أول,19,57,"الإصحاحات السابع عشر حتى الحادى والعشرون
أخبار أيام أول,19,58,"الإصحاحات السابع عشر حتى الحادى والعشرون
أخبار أيام أول,19,59,"الإصحاحات السابع عشر حتى الحادى والعشرون
أخبار أيام أول,19,60,"الإصحاحات السابع عشر حتى الحادى والعشرون
أخبار أيام أول,19,61,"الإصحاحات السابع عشر حتى الحادى والعشرون
أخبار أيام أول,19,62,"الإصحاحات السابع عشر حتى الحادى والعشرون
أخبار أيام أول,19,63,"الإصحاحات السابع عشر حتى الحادى والعشرون
أخبار أيام أول,19,64,"الإصحاحات السابع عشر حتى الحادى والعشرون
أخبار أيام أول,19,65,"الإصحاحات السابع عشر حتى الحادى والعشرون
أخبار أيام أول,19,66,"الإصحاحات السابع عشر حتى الحادى والعشرون
أخبار أيام أول,19,67,"الإصحاحات السابع عشر حتى الحادى والعشرون
أخبار أيام أول,19,68,"الإصحاحات السابع عشر حتى الحادى والعشرون
أخبار أيام أول,19,69,"الإصحاحات السابع عشر حتى الحادى والعشرون
أخبار أيام أول,19,70,"الإصحاحات السابع عشر حتى الحادى والعشرون
أخبار أيام أول,19,71,"الإصحاحات السابع عشر حتى الحادى والعشرون
أخبار أيام أول,19,72,"الإصحاحات السابع عشر حتى الحادى والعشرون
أخبار أيام أول,19,73,"الإصحاحات السابع عشر حتى الحادى والعشرون
أخبار أيام أول,19,74,"الإصحاحات السابع عشر حتى الحادى والعشرون
أخبار أيام أول,19,75,"الإصحاحات السابع عشر حتى الحادى والعشرون
أخبار أيام أول,19,76,"الإصحاحات السابع عشر حتى الحادى والعشرون
أخبار أيام أول,19,77,"الإصحاحات السابع عشر حتى الحادى والعشرون
أخبار أيام أول,19,78,"الإصحاحات السابع عشر حتى الحادى والعشرون
أخبار أيام أول,19,79,"الإصحاحات السابع عشر حتى الحادى والعشرون
أخبار أيام أول,19,80,"الإصحاحات السابع عشر حتى الحادى والعشرون
أخبار أيام أول,19,81,"الإصحاحات السابع عشر حتى الحادى والعشرون
أخبار أيام أول,19,82,"الإصحاحات السابع عشر حتى الحادى والعشرون
أخبار أيام أول,19,83,"الإصحاحات السابع عشر حتى الحادى والعشرون
أخبار أيام أول,19,84,"الإصحاحات السابع عشر حتى الحادى والعشرون
أخبار أيام أول,19,85,"الإصحاحات السابع عشر حتى الحادى والعشرون
أخبار أيام أول,19,86,"الإصحاحات السابع عشر حتى الحادى والعشرون
أخبار أيام أول,19,87,"الإصحاحات السابع عشر حتى الحادى والعشرون
أخبار أيام أول,19,88,"الإصحاحات السابع عشر حتى الحادى والعشرون
أخبار أيام أول,19,89,"الإصحاحات السابع عشر حتى الحادى والعشرون
أخبار أيام أول,19,90,"الإصحاحات السابع عشر حتى الحادى والعشرون
أخبار أيام أول,19,91,"الإصحاحات السابع عشر حتى الحادى والعشرون
أخبار أيام أول,19,92,"الإصحاحات السابع عشر حتى الحادى والعشرون
أخبار أيام أول,19,93,"الإصحاحات السابع عشر حتى الحادى والعشرون
أخبار أيام أول,19,94,"الإصحاحات السابع عشر حتى الحادى والعشرون
أخبار أيام أول,19,95,"الإصحاحات السابع عشر حتى الحادى والعشرون
أخبار أيام أول,19,96,"الإصحاحات السابع عشر حتى الحادى والعشرون
أخبار أيام أول,19,97,"الإصحاحات السابع عشر حتى الحادى والعشرون
أخبار أيام أول,19,98,"الإصحاحات السابع عشر حتى الحادى والعشرون
أخبار أيام أول,19,99,"الإصحاحات السابع عشر حتى الحادى والعشرون
أخبار أيام أول,20,1,"الإصحاحات السابع عشر حتى الحادى والعشرون
أخبار أيام أول,20,2,"الإصحاحات السابع عشر حتى الحادى والعشرون
أخبار أيام أول,20,3,"الإصحاحات السابع عشر حتى الحادى والعشرون
أخبار أيام أول,20,4,"الإصحاحات السابع عشر حتى الحادى والعشرون
أخبار أيام أول,20,5,"الإصحاحات السابع عشر حتى الحادى والعشرون
أخبار أيام أول,20,6,"الإصحاحات السابع عشر حتى الحادى والعشرون
أخبار أيام أول,20,7,"الإصحاحات السابع عشر حتى الحادى والعشرون
أخبار أيام أول,20,8,"الإصحاحات السابع عشر حتى الحادى والعشرون
أخبار أيام أول,20,9,"الإصحاحات السابع عشر حتى الحادى والعشرون
أخبار أيام أول,20,10,"الإصحاحات السابع عشر حتى الحادى والعشرون
أخبار أيام أول,20,11,"الإصحاحات السابع عشر حتى الحادى والعشرون
أخبار أيام أول,20,12,"الإصحاحات السابع عشر حتى الحادى والعشرون
أخبار أيام أول,20,13,"الإصحاحات السابع عشر حتى الحادى والعشرون
أخبار أيام أول,20,14,"الإصحاحات السابع عشر حتى الحادى والعشرون
أخبار أيام أول,20,15,"الإصحاحات السابع عشر حتى الحادى والعشرون
أخبار أيام أول,20,16,"الإصحاحات السابع عشر حتى الحادى والعشرون
أخبار أيام أول,20,17,"الإصحاحات السابع عشر حتى الحادى والعشرون
أخبار أيام أول,20,18,"الإصحاحات السابع عشر حتى الحادى والعشرون
أخبار أيام أول,20,19,"الإصحاحات السابع عشر حتى الحادى والعشرون
أخبار أيام أول,20,20,"الإصحاحات السابع عشر حتى الحادى والعشرون
أخبار أيام أول,20,21,"الإصحاحات السابع عشر حتى الحادى والعشرون
أخبار أيام أول,20,22,"الإصحاحات السابع عشر حتى الحادى والعشرون
أخبار أيام أول,20,23,"الإصحاحات السابع عشر حتى الحادى والعشرون
أخبار أيام أول,20,24,"الإصحاحات السابع عشر حتى الحادى والعشرون
أخبار أيام أول,20,25,"الإصحاحات السابع عشر حتى الحادى والعشرون
أخبار أيام أول,20,26,"الإصحاحات السابع عشر حتى الحادى والعشرون
أخبار أيام أول,20,27,"الإصحاحات السابع عشر حتى الحادى والعشرون
أخبار أيام أول,20,28,"الإصحاحات السابع عشر حتى الحادى والعشرون
أخبار أيام أول,20,29,"الإصحاحات السابع عشر حتى الحادى والعشرون
أخبار أيام أول,20,30,"الإصحاحات السابع عشر حتى الحادى والعشرون
أخبار أيام أول,20,31,"الإصحاحات السابع عشر حتى الحادى والعشرون
أخبار أيام أول,20,32,"الإصحاحات السابع عشر حتى الحادى والعشرون
أخبار أيام أول,20,33,"الإصحاحات السابع عشر حتى الحادى والعشرون
أخبار أيام أول,20,34,"الإصحاحات السابع عشر حتى الحادى والعشرون
أخبار أيام أول,20,35,"الإصحاحات السابع عشر حتى الحادى والعشرون
أخبار أيام أول,20,36,"الإصحاحات السابع عشر حتى الحادى والعشرون
أخبار أيام أول,20,37,"الإصحاحات السابع عشر حتى الحادى والعشرون
أخبار أيام أول,20,38,"الإصحاحات السابع عشر حتى الحادى والعشرون
أخبار أيام أول,20,39,"الإصحاحات السابع عشر حتى الحادى والعشرون
أخبار أيام أول,20,40,"الإصحاحات السابع عشر حتى الحادى والعشرون
أخبار أيام أول,20,41,"الإصحاحات السابع عشر حتى الحادى والعشرون
أخبار أيام أول,20,42,"الإصحاحات السابع عشر حتى الحادى والعشرون
أخبار أيام أول,20,43,"الإصحاحات السابع عشر حتى الحادى والعشرون
أخبار أيام أول,20,44,"الإصحاحات السابع عشر حتى الحادى والعشرون
أخبار أيام أول,20,45,"الإصحاحات السابع عشر حتى الحادى والعشرون
أخبار أيام أول,20,46,"الإصحاحات السابع عشر حتى الحادى والعشرون
أخبار أيام أول,20,47,"الإصحاحات السابع عشر حتى الحادى والعشرون
أخبار أيام أول,20,48,"الإصحاحات السابع عشر حتى الحادى والعشرون
أخبار أيام أول,20,49,"الإصحاحات السابع عشر حتى الحادى والعشرون
أخبار أيام أول,20,50,"الإصحاحات السابع عشر حتى الحادى والعشرون
أخبار أيام أول,20,51,"الإصحاحات السابع عشر حتى الحادى والعشرون
أخبار أيام أول,20,52,"الإصحاحات السابع عشر حتى الحادى والعشرون
أخبار أيام أول,20,53,"الإصحاحات السابع عشر حتى الحادى والعشرون
أخبار أيام أول,20,54,"الإصحاحات السابع عشر حتى الحادى والعشرون
أخبار أيام أول,20,55,"الإصحاحات السابع عشر حتى الحادى والعشرون
أخبار أيام أول,20,56,"الإصحاحات السابع عشر حتى الحادى والعشرون
أخبار أيام أول,20,57,"الإصحاحات السابع عشر حتى الحادى والعشرون
أخبار أيام أول,20,58,"الإصحاحات السابع عشر حتى الحادى والعشرون
أخبار أيام أول,20,59,"الإصحاحات السابع عشر حتى الحادى والعشرون
أخبار أيام أول,20,60,"الإصحاحات السابع عشر حتى الحادى والعشرون
أخبار أيام أول,20,61,"الإصحاحات السابع عشر حتى الحادى والعشرون
أخبار أيام أول,20,62,"الإصحاحات السابع عشر حتى الحادى والعشرون
أخبار أيام أول,20,63,"الإصحاحات السابع عشر حتى الحادى والعشرون
أخبار أيام أول,20,64,"الإصحاحات السابع عشر حتى الحادى والعشرون
أخبار أيام أول,20,65,"الإصحاحات السابع عشر حتى الحادى والعشرون
أخبار أيام أول,20,66,"الإصحاحات السابع عشر حتى الحادى والعشرون
أخبار أيام أول,20,67,"الإصحاحات السابع عشر حتى الحادى والعشرون
أخبار أيام أول,20,68,"الإصحاحات السابع عشر حتى الحادى والعشرون
أخبار أيام أول,20,69,"الإصحاحات السابع عشر حتى الحادى والعشرون
أخبار أيام أول,20,70,"الإصحاحات السابع عشر حتى الحادى والعشرون
أخبار أيام أول,20,71,"الإصحاحات السابع عشر حتى الحادى والعشرون
أخبار أيام أول,20,72,"الإصحاحات السابع عشر حتى الحادى والعشرون
أخبار أيام أول,20,73,"الإصحاحات السابع عشر حتى الحادى والعشرون
أخبار أيام أول,20,74,"الإصحاحات السابع عشر حتى الحادى والعشرون
أخبار أيام أول,20,75,"الإصحاحات السابع عشر حتى الحادى والعشرون
أخبار أيام أول,20,76,"الإصحاحات السابع عشر حتى الحادى والعشرون
أخبار أيام أول,20,77,"الإصحاحات السابع عشر حتى الحادى والعشرون
أخبار أيام أول,20,78,"الإصحاحات السابع عشر حتى الحادى والعشرون
أخبار أيام أول,20,79,"الإصحاحات السابع عشر حتى الحادى والعشرون
أخبار أيام أول,20,80,"الإصحاحات السابع عشر حتى الحادى والعشرون
أخبار أيام أول,20,81,"الإصحاحات السابع عشر حتى الحادى والعشرون
أخبار أيام أول,20,82,"الإصحاحات السابع عشر حتى الحادى والعشرون
أخبار أيام أول,20,83,"الإصحاحات السابع عشر حتى الحادى والعشرون
أخبار أيام أول,20,84,"الإصحاحات السابع عشر حتى الحادى والعشرون
أخبار أيام أول,20,85,"الإصحاحات السابع عشر حتى الحادى والعشرون
أخبار أيام أول,20,86,"الإصحاحات السابع عشر حتى الحادى والعشرون
أخبار أيام أول,20,87,"الإصحاحات السابع عشر حتى الحادى والعشرون
أخبار أيام أول,20,88,"الإصحاحات السابع عشر حتى الحادى والعشرون
أخبار أيام أول,20,89,"الإصحاحات السابع عشر حتى الحادى والعشرون
أخبار أيام أول,20,90,"الإصحاحات السابع عشر حتى الحادى والعشرون
أخبار أيام أول,20,91,"الإصحاحات السابع عشر حتى الحادى والعشرون
أخبار أيام أول,20,92,"الإصحاحات السابع عشر حتى الحادى والعشرون
أخبار أيام أول,20,93,"الإصحاحات السابع عشر حتى الحادى والعشرون
أخبار أيام أول,20,94,"الإصحاحات السابع عشر حتى الحادى والعشرون
أخبار أيام أول,20,95,"الإصحاحات السابع عشر حتى الحادى والعشرون
أخبار أيام أول,20,96,"الإصحاحات السابع عشر حتى الحادى والعشرون
أخبار أيام أول,20,97,"الإصحاحات السابع عشر حتى الحادى والعشرون
أخبار أيام أول,20,98,"الإصحاحات السابع عشر حتى الحادى والعشرون
أخبار أيام أول,20,99,"الإصحاحات السابع عشر حتى الحادى والعشرون
أخبار أيام أول,21,1,"الإصحاحات السابع عشر حتى الحادى والعشرون
أخبار أيام أول,21,2,"الإصحاحات السابع عشر حتى الحادى والعشرون
أخبار أيام أول,21,3,"الإصحاحات السابع عشر حتى الحادى والعشرون
أخبار أيام أول,21,4,"الإصحاحات السابع عشر حتى الحادى والعشرون
أخبار أيام أول,21,5,"الإصحاحات السابع عشر حتى الحادى والعشرون
أخبار أيام أول,21,6,"الإصحاحات السابع عشر حتى الحادى والعشرون
أخبار أيام أول,21,7,"الإصحاحات السابع عشر حتى الحادى والعشرون
أخبار أيام أول,21,8,"الإصحاحات السابع عشر حتى الحادى والعشرون
أخبار أيام أول,21,9,"الإصحاحات السابع عشر حتى الحادى والعشرون
أخبار أيام أول,21,10,"الإصحاحات السابع عشر حتى الحادى والعشرون
أخبار أيام أول,21,11,"الإصحاحات السابع عشر حتى الحادى والعشرون
أخبار أيام أول,21,12,"الإصحاحات السابع عشر حتى الحادى والعشرون
أخبار أيام أول,21,13,"الإصحاحات السابع عشر حتى الحادى والعشرون
أخبار أيام أول,21,14,"الإصحاحات السابع عشر حتى الحادى والعشرون
أخبار أيام أول,21,15,"الإصحاحات السابع عشر حتى الحادى والعشرون
أخبار أيام أول,21,16,"الإصحاحات السابع عشر حتى الحادى والعشرون
أخبار أيام أول,21,17,"الإصحاحات السابع عشر حتى الحادى والعشرون
أخبار أيام أول,21,18,"الإصحاحات السابع عشر حتى الحادى والعشرون
أخبار أيام أول,21,19,"الإصحاحات السابع عشر حتى الحادى والعشرون
أخبار أيام أول,21,20,"الإصحاحات السابع عشر حتى الحادى والعشرون
أخبار أيام أول,21,21,"الإصحاحات السابع عشر حتى الحادى والعشرون
أخبار أيام أول,21,22,"الإصحاحات السابع عشر حتى الحادى والعشرون
أخبار أيام أول,21,23,"الإصحاحات السابع عشر حتى الحادى والعشرون
أخبار أيام أول,21,24,"الإصحاحات السابع عشر حتى الحادى والعشرون
أخبار أيام أول,21,25,"الإصحاحات السابع عشر حتى الحادى والعشرون
أخبار أيام أول,21,26,"الإصحاحات السابع عشر حتى الحادى والعشرون
أخبار أيام أول,21,27,"الإصحاحات السابع عشر حتى الحادى والعشرون
أخبار أيام أول,21,28,"الإصحاحات السابع عشر حتى الحادى والعشرون
أخبار أيام أول,21,29,"الإصحاحات السابع عشر حتى الحادى والعشرون
أخبار أيام أول,21,30,"الإصحاحات السابع عشر حتى الحادى والعشرون
أخبار أيام أول,21,31,"الإصحاحات السابع عشر حتى الحادى والعشرون
أخبار أيام أول,21,32,"الإصحاحات السابع عشر حتى الحادى والعشرون
أخبار أيام أول,21,33,"الإصحاحات السابع عشر حتى الحادى والعشرون
أخبار أيام أول,21,34,"الإصحاحات السابع عشر حتى الحادى والعشرون
أخبار أيام أول,21,35,"الإصحاحات السابع عشر حتى الحادى والعشرون
أخبار أيام أول,21,36,"الإصحاحات السابع عشر حتى الحادى والعشرون
أخبار أيام أول,21,37,"الإصحاحات السابع عشر حتى الحادى والعشرون
أخبار أيام أول,21,38,"الإصحاحات السابع عشر حتى الحادى والعشرون
أخبار أيام أول,21,39,"الإصحاحات السابع عشر حتى الحادى والعشرون
أخبار أيام أول,21,40,"الإصحاحات السابع عشر حتى الحادى والعشرون
أخبار أيام أول,21,41,"الإصحاحات السابع عشر حتى الحادى والعشرون
أخبار أيام أول,21,42,"الإصحاحات السابع عشر حتى الحادى والعشرون
أخبار أيام أول,21,43,"الإصحاحات السابع عشر حتى الحادى والعشرون
أخبار أيام أول,21,44,"الإصحاحات السابع عشر حتى الحادى والعشرون
أخبار أيام أول,21,45,"الإصحاحات السابع عشر حتى الحادى والعشرون
أخبار أيام أول,21,46,"الإصحاحات السابع عشر حتى الحادى والعشرون
أخبار أيام أول,21,47,"الإصحاحات السابع عشر حتى الحادى والعشرون
أخبار أيام أول,21,48,"الإصحاحات السابع عشر حتى الحادى والعشرون
أخبار أيام أول,21,49,"الإصحاحات السابع عشر حتى الحادى والعشرون
أخبار أيام أول,21,50,"الإصحاحات السابع عشر حتى الحادى والعشرون
أخبار أيام أول,21,51,"الإصحاحات السابع عشر حتى الحادى والعشرون
أخبار أيام أول,21,52,"الإصحاحات السابع عشر حتى الحادى والعشرون
أخبار أيام أول,21,53,"الإصحاحات السابع عشر حتى الحادى والعشرون
أخبار أيام أول,21,54,"الإصحاحات السابع عشر حتى الحادى والعشرون
أخبار أيام أول,21,55,"الإصحاحات السابع عشر حتى الحادى والعشرون
أخبار أيام أول,21,56,"الإصحاحات السابع عشر حتى الحادى والعشرون
أخبار أيام أول,21,57,"الإصحاحات السابع عشر حتى الحادى والعشرون
أخبار أيام أول,21,58,"الإصحاحات السابع عشر حتى الحادى والعشرون
أخبار أيام أول,21,59,"الإصحاحات السابع عشر حتى الحادى والعشرون
أخبار أيام أول,21,60,"الإصحاحات السابع عشر حتى الحادى والعشرون
أخبار أيام أول,21,61,"الإصحاحات السابع عشر حتى الحادى والعشرون
أخبار أيام أول,21,62,"الإصحاحات السابع عشر حتى الحادى والعشرون
أخبار أيام أول,21,63,"الإصحاحات السابع عشر حتى الحادى والعشرون
أخبار أيام أول,21,64,"الإصحاحات السابع عشر حتى الحادى والعشرون
أخبار أيام أول,21,65,"الإصحاحات السابع عشر حتى الحادى والعشرون
أخبار أيام أول,21,66,"الإصحاحات السابع عشر حتى الحادى والعشرون
أخبار أيام أول,21,67,"الإصحاحات السابع عشر حتى الحادى والعشرون
أخبار أيام أول,21,68,"الإصحاحات السابع عشر حتى الحادى والعشرون
أخبار أيام أول,21,69,"الإصحاحات السابع عشر حتى الحادى والعشرون
أخبار أيام أول,21,70,"الإصحاحات السابع عشر حتى الحادى والعشرون
أخبار أيام أول,21,71,"الإصحاحات السابع عشر حتى الحادى والعشرون
أخبار أيام أول,21,72,"الإصحاحات السابع عشر حتى الحادى والعشرون
أخبار أيام أول,21,73,"الإصحاحات السابع عشر حتى الحادى والعشرون
أخبار أيام أول,21,74,"الإصحاحات السابع عشر حتى الحادى والعشرون
أخبار أيام أول,21,75,"الإصحاحات السابع عشر حتى الحادى والعشرون
أخبار أيام أول,21,76,"الإصحاحات السابع عشر حتى الحادى والعشرون
أخبار أيام أول,21,77,"الإصحاحات السابع عشر حتى الحادى والعشرون
أخبار أيام أول,21,78,"الإصحاحات السابع عشر حتى الحادى والعشرون
أخبار أيام أول,21,79,"الإصحاحات السابع عشر حتى الحادى والعشرون
أخبار أيام أول,21,80,"الإصحاحات السابع عشر حتى الحادى والعشرون
أخبار أيام أول,21,81,"الإصحاحات السابع عشر حتى الحادى والعشرون
أخبار أيام أول,21,82,"الإصحاحات السابع عشر حتى الحادى والعشرون
أخبار أيام أول,21,83,"الإصحاحات السابع عشر حتى الحادى والعشرون
أخبار أيام أول,21,84,"الإصحاحات السابع عشر حتى الحادى والعشرون
أخبار أيام أول,21,85,"الإصحاحات السابع عشر حتى الحادى والعشرون
أخبار أيام أول,21,86,"الإصحاحات السابع عشر حتى الحادى والعشرون
أخبار أيام أول,21,87,"الإصحاحات السابع عشر حتى الحادى والعشرون
أخبار أيام أول,21,88,"الإصحاحات السابع عشر حتى الحادى والعشرون
أخبار أيام أول,21,89,"الإصحاحات السابع عشر حتى الحادى والعشرون
أخبار أيام أول,21,90,"الإصحاحات السابع عشر حتى الحادى والعشرون
أخبار أيام أول,21,91,"الإصحاحات السابع عشر حتى الحادى والعشرون
أخبار أيام أول,21,92,"الإصحاحات السابع عشر حتى الحادى والعشرون
أخبار أيام أول,21,93,"الإصحاحات السابع عشر حتى الحادى والعشرون
أخبار أيام أول,21,94,"الإصحاحات السابع عشر حتى الحادى والعشرون
أخبار أيام أول,21,95,"الإصحاحات السابع عشر حتى الحادى والعشرون
أخبار أيام أول,21,96,"الإصحاحات السابع عشر حتى الحادى والعشرون
أخبار أيام أول,21,97,"الإصحاحات السابع عشر حتى الحادى والعشرون
أخبار أيام أول,21,98,"الإصحاحات السابع عشر حتى الحادى والعشرون
أخبار أيام أول,21,99,"الإصحاحات السابع عشر حتى الحادى والعشرون
أخبار أيام أول,22,1,"الإصحاح الثانى والعشرين
أخبار أيام أول,22,2,"الإصحاح الثانى والعشرين
أخبار أيام أول,22,3,"الإصحاح الثانى والعشرين
أخبار أيام أول,22,4,"الإصحاح الثانى والعشرين
أخبار أيام أول,22,5,"الإصحاح الثانى والعشرين
أخبار أيام أول,22,6,"الإصحاح الثانى والعشرين
أخبار أيام أول,22,7,"الإصحاح الثانى والعشرين
أخبار أيام أول,22,8,"الإصحاح الثانى والعشرين
أخبار أيام أول,22,9,"الإصحاح الثانى والعشرين
أخبار أيام أول,22,10,"الإصحاح الثانى والعشرين
أخبار أيام أول,22,11,"الإصحاح الثانى والعشرين
أخبار أيام أول,22,12,"الإصحاح الثانى والعشرين
أخبار أيام أول,22,13,"الإصحاح الثانى والعشرين
أخبار أيام أول,22,14,"الإصحاح الثانى والعشرين
أخبار أيام أول,22,15,"الإصحاح الثانى والعشرين
أخبار أيام أول,22,16,"الإصحاح الثانى والعشرين
أخبار أيام أول,22,17,"الإصحاح الثانى والعشرين
أخبار أيام أول,22,18,"الإصحاح الثانى والعشرين
أخبار أيام أول,22,19,"الإصحاح الثانى والعشرين
أخبار أيام أول,22,20,"الإصحاح الثانى والعشرين
أخبار أيام أول,22,21,"الإصحاح الثانى والعشرين
أخبار أيام أول,22,22,"الإصحاح الثانى والعشرين
أخبار أيام أول,22,23,"الإصحاح الثانى والعشرين
أخبار أيام أول,22,24,"الإصحاح الثانى والعشرين
أخبار أيام أول,22,25,"الإصحاح الثانى والعشرين
أخبار أيام أول,22,26,"الإصحاح الثانى والعشرين
أخبار أيام أول,22,27,"الإصحاح الثانى والعشرين
أخبار أيام أول,22,28,"الإصحاح الثانى والعشرين
أخبار أيام أول,22,29,"الإصحاح الثانى والعشرين
أخبار أيام أول,22,30,"الإصحاح الثانى والعشرين
أخبار أيام أول,22,31,"الإصحاح الثانى والعشرين
أخبار أيام أول,22,32,"الإصحاح الثانى والعشرين
أخبار أيام أول,22,33,"الإصحاح الثانى والعشرين
أخبار أيام أول,22,34,"الإصحاح الثانى والعشرين
أخبار أيام أول,22,35,"الإصحاح الثانى والعشرين
أخبار أيام أول,22,36,"الإصحاح الثانى والعشرين
أخبار أيام أول,22,37,"الإصحاح الثانى والعشرين
أخبار أيام أول,22,38,"الإصحاح الثانى والعشرين
أخبار أيام أول,22,39,"الإصحاح الثانى والعشرين
أخبار أيام أول,22,40,"الإصحاح الثانى والعشرين
أخبار أيام أول,22,41,"الإصحاح الثانى والعشرين
أخبار أيام أول,22,42,"الإصحاح الثانى والعشرين
أخبار أيام أول,22,43,"الإصحاح الثانى والعشرين
أخبار أيام أول,22,44,"الإصحاح الثانى والعشرين
أخبار أيام أول,22,45,"الإصحاح الثانى والعشرين
أخبار أيام أول,22,46,"الإصحاح الثانى والعشرين
أخبار أيام أول,22,47,"الإصحاح الثانى والعشرين
أخبار أيام أول,22,48,"الإصحاح الثانى والعشرين
أخبار أيام أول,22,49,"الإصحاح الثانى والعشرين
أخبار أيام أول,22,50,"الإصحاح الثانى والعشرين
أخبار أيام أول,22,51,"الإصحاح الثانى والعشرين
أخبار أيام أول,22,52,"الإصحاح الثانى والعشرين
أخبار أيام أول,22,53,"الإصحاح الثانى والعشرين
أخبار أيام أول,22,54,"الإصحاح الثانى والعشرين
أخبار أيام أول,22,55,"الإصحاح الثانى والعشرين
أخبار أيام أول,22,56,"الإصحاح الثانى والعشرين
أخبار أيام أول,22,57,"الإصحاح الثانى والعشرين
أخبار أيام أول,22,58,"الإصحاح الثانى والعشرين
أخبار أيام أول,22,59,"الإصحاح الثانى والعشرين
أخبار أيام أول,22,60,"الإصحاح الثانى والعشرين
أخبار أيام أول,22,61,"الإصحاح الثانى والعشرين
أخبار أيام أول,22,62,"الإصحاح الثانى والعشرين
أخبار أيام أول,22,63,"الإصحاح الثانى والعشرين
أخبار أيام أول,22,64,"الإصحاح الثانى والعشرين
أخبار أيام أول,22,65,"الإصحاح الثانى والعشرين
أخبار أيام أول,22,66,"الإصحاح الثانى والعشرين
أخبار أيام أول,22,67,"الإصحاح الثانى والعشرين
أخبار أيام أول,22,68,"الإصحاح الثانى والعشرين
أخبار أيام أول,22,69,"الإصحاح الثانى والعشرين
أخبار أيام أول,22,70,"الإصحاح الثانى والعشرين
أخبار أيام أول,22,71,"الإصحاح الثانى والعشرين
أخبار أيام أول,22,72,"الإصحاح الثانى والعشرين
أخبار أيام أول,22,73,"الإصحاح الثانى والعشرين
أخبار أيام أول,22,74,"الإصحاح الثانى والعشرين
أخبار أيام أول,22,75,"الإصحاح الثانى والعشرين
أخبار أيام أول,22,76,"الإصحاح الثانى والعشرين
أخبار أيام أول,22,77,"الإصحاح الثانى والعشرين
أخبار أيام أول,22,78,"الإصحاح الثانى والعشرين
أخبار أيام أول,22,79,"الإصحاح الثانى والعشرين
أخبار أيام أول,22,80,"الإصحاح الثانى والعشرين
أخبار أيام أول,22,81,"الإصحاح الثانى والعشرين
أخبار أيام أول,22,82,"الإصحاح الثانى والعشرين
أخبار أيام أول,22,83,"الإصحاح الثانى والعشرين
أخبار أيام أول,22,84,"الإصحاح الثانى والعشرين
أخبار أيام أول,22,85,"الإصحاح الثانى والعشرين
أخبار أيام أول,22,86,"الإصحاح الثانى والعشرين
أخبار أيام أول,22,87,"الإصحاح الثانى والعشرين
أخبار أيام أول,22,88,"الإصحاح الثانى والعشرين
أخبار أيام أول,22,89,"الإصحاح الثانى والعشرين
أخبار أيام أول,22,90,"الإصحاح الثانى والعشرين
أخبار أيام أول,22,91,"الإصحاح الثانى والعشرين
أخبار أيام أول,22,92,"الإصحاح الثانى والعشرين
أخبار أيام أول,22,93,"الإصحاح الثانى والعشرين
أخبار أيام أول,22,94,"الإصحاح الثانى والعشرين
أخبار أيام أول,22,95,"الإصحاح الثانى والعشرين
أخبار أيام أول,22,96,"الإصحاح الثانى والعشرين
أخبار أيام أول,22,97,"الإصحاح الثانى والعشرين
أخبار أيام أول,22,98,"الإصحاح الثانى والعشرين
أخبار أيام أول,22,99,"الإصحاح الثانى والعشرين
أخبار أيام أول,23,1,"الإصحاح الثالث والعشرون
أخبار أيام أول,23,2,"الإصحاح الثالث والعشرون
أخبار أيام أول,23,3,"الإصحاح الثالث والعشرون
أخبار أيام أول,23,4,"الإصحاح الثالث والعشرون
أخبار أيام أول,23,5,"الإصحاح الثالث والعشرون
أخبار أيام أول,23,6,"الإصحاح الثالث والعشرون
أخبار أيام أول,23,7,"الإصحاح الثالث والعشرون
أخبار أيام أول,23,8,"الإصحاح الثالث والعشرون
أخبار أيام أول,23,9,"الإصحاح الثالث والعشرون
أخبار أيام أول,23,10,"الإصحاح الثالث والعشرون
أخبار أيام أول,23,11,"الإصحاح الثالث والعشرون
أخبار أيام أول,23,12,"الإصحاح الثالث والعشرون
أخبار أيام أول,23,13,"الإصحاح الثالث والعشرون
أخبار أيام أول,23,14,"الإصحاح الثالث والعشرون
أخبار أيام أول,23,15,"الإصحاح الثالث والعشرون
أخبار أيام أول,23,16,"الإصحاح الثالث والعشرون
أخبار أيام أول,23,17,"الإصحاح الثالث والعشرون
أخبار أيام أول,23,18,"الإصحاح الثالث والعشرون
أخبار أيام أول,23,19,"الإصحاح الثالث والعشرون
أخبار أيام أول,23,20,"الإصحاح الثالث والعشرون
أخبار أيام أول,23,21,"الإصحاح الثالث والعشرون
أخبار أيام أول,23,22,"الإصحاح الثالث والعشرون
أخبار أيام أول,23,23,"الإصحاح الثالث والعشرون
أخبار أيام أول,23,24,"الإصحاح الثالث والعشرون
أخبار أيام أول,23,25,"الإصحاح الثالث والعشرون
أخبار أيام أول,23,26,"الإصحاح الثالث والعشرون
أخبار أيام أول,23,27,"الإصحاح الثالث والعشرون
أخبار أيام أول,23,28,"الإصحاح الثالث والعشرون
أخبار أيام أول,23,29,"الإصحاح الثالث والعشرون
أخبار أيام أول,23,30,"الإصحاح الثالث والعشرون
أخبار أيام أول,23,31,"الإصحاح الثالث والعشرون
أخبار أيام أول,23,32,"الإصحاح الثالث والعشرون
أخبار أيام أول,23,33,"الإصحاح الثالث والعشرون
أخبار أيام أول,23,34,"الإصحاح الثالث والعشرون
أخبار أيام أول,23,35,"الإصحاح الثالث والعشرون
أخبار أيام أول,23,36,"الإصحاح الثالث والعشرون
أخبار أيام أول,23,37,"الإصحاح الثالث والعشرون
أخبار أيام أول,23,38,"الإصحاح الثالث والعشرون
أخبار أيام أول,23,39,"الإصحاح الثالث والعشرون
أخبار أيام أول,23,40,"الإصحاح الثالث والعشرون
أخبار أيام أول,23,41,"الإصحاح الثالث والعشرون
أخبار أيام أول,23,42,"الإصحاح الثالث والعشرون
أخبار أيام أول,23,43,"الإصحاح الثالث والعشرون
أخبار أيام أول,23,44,"الإصحاح الثالث والعشرون
أخبار أيام أول,23,45,"الإصحاح الثالث والعشرون
أخبار أيام أول,23,46,"الإصحاح الثالث والعشرون
أخبار أيام أول,23,47,"الإصحاح الثالث والعشرون
أخبار أيام أول,23,48,"الإصحاح الثالث والعشرون
أخبار أيام أول,23,49,"الإصحاح الثالث والعشرون
أخبار أيام أول,23,50,"الإصحاح الثالث والعشرون
أخبار أيام أول,23,51,"الإصحاح الثالث والعشرون
أخبار أيام أول,23,52,"الإصحاح الثالث والعشرون
أخبار أيام أول,23,53,"الإصحاح الثالث والعشرون
أخبار أيام أول,23,54,"الإصحاح الثالث والعشرون
أخبار أيام أول,23,55,"الإصحاح الثالث والعشرون
أخبار أيام أول,23,56,"الإصحاح الثالث والعشرون
أخبار أيام أول,23,57,"الإصحاح الثالث والعشرون
أخبار أيام أول,23,58,"الإصحاح الثالث والعشرون
أخبار أيام أول,23,59,"الإصحاح الثالث والعشرون
أخبار أيام أول,23,60,"الإصحاح الثالث والعشرون
أخبار أيام أول,23,61,"الإصحاح الثالث والعشرون
أخبار أيام أول,23,62,"الإصحاح الثالث والعشرون
أخبار أيام أول,23,63,"الإصحاح الثالث والعشرون
أخبار أيام أول,23,64,"الإصحاح الثالث والعشرون
أخبار أيام أول,23,65,"الإصحاح الثالث والعشرون
أخبار أيام أول,23,66,"الإصحاح الثالث والعشرون
أخبار أيام أول,23,67,"الإصحاح الثالث والعشرون
أخبار أيام أول,23,68,"الإصحاح الثالث والعشرون
أخبار أيام أول,23,69,"الإصحاح الثالث والعشرون
أخبار أيام أول,23,70,"الإصحاح الثالث والعشرون
أخبار أيام أول,23,71,"الإصحاح الثالث والعشرون
أخبار أيام أول,23,72,"الإصحاح الثالث والعشرون
أخبار أيام أول,23,73,"الإصحاح الثالث والعشرون
أخبار أيام أول,23,74,"الإصحاح الثالث والعشرون
أخبار أيام أول,23,75,"الإصحاح الثالث والعشرون
أخبار أيام أول,23,76,"الإصحاح الثالث والعشرون
أخبار أيام أول,23,77,"الإصحاح الثالث والعشرون
أخبار أيام أول,23,78,"الإصحاح الثالث والعشرون
أخبار أيام أول,23,79,"الإصحاح الثالث والعشرون
أخبار أيام أول,23,80,"الإصحاح الثالث والعشرون
أخبار أيام أول,23,81,"الإصحاح الثالث والعشرون
أخبار أيام أول,23,82,"الإصحاح الثالث والعشرون
أخبار أيام أول,23,83,"الإصحاح الثالث والعشرون
أخبار أيام أول,23,84,"الإصحاح الثالث والعشرون
أخبار أيام أول,23,85,"الإصحاح الثالث والعشرون
أخبار أيام أول,23,86,"الإصحاح الثالث والعشرون
أخبار أيام أول,23,87,"الإصحاح الثالث والعشرون
أخبار أيام أول,23,88,"الإصحاح الثالث والعشرون
أخبار أيام أول,23,89,"الإصحاح الثالث والعشرون
أخبار أيام أول,23,90,"الإصحاح الثالث والعشرون
أخبار أيام أول,23,91,"الإصحاح الثالث والعشرون
أخبار أيام أول,23,92,"الإصحاح الثالث والعشرون
أخبار أيام أول,23,93,"الإصحاح الثالث والعشرون
أخبار أيام أول,23,94,"الإصحاح الثالث والعشرون
أخبار أيام أول,23,95,"الإصحاح الثالث والعشرون
أخبار أيام أول,23,96,"الإصحاح الثالث والعشرون
أخبار أيام أول,23,97,"الإصحاح الثالث والعشرون
أخبار أيام أول,23,98,"الإصحاح الثالث والعشرون
أخبار أيام أول,23,99,"الإصحاح الثالث والعشرون
أخبار أيام أول,24,1,"الإصحاح الرابع والعشرون
أخبار أيام أول,24,2,"الإصحاح الرابع والعشرون
أخبار أيام أول,24,3,"الإصحاح الرابع والعشرون
أخبار أيام أول,24,4,"الإصحاح الرابع والعشرون
أخبار أيام أول,24,5,"الإصحاح الرابع والعشرون
أخبار أيام أول,24,6,"الإصحاح الرابع والعشرون
أخبار أيام أول,24,7,"الإصحاح الرابع والعشرون
أخبار أيام أول,24,8,"الإصحاح الرابع والعشرون
أخبار أيام أول,24,9,"الإصحاح الرابع والعشرون
أخبار أيام أول,24,10,"الإصحاح الرابع والعشرون
أخبار أيام أول,24,11,"الإصحاح الرابع والعشرون
أخبار أيام أول,24,12,"الإصحاح الرابع والعشرون
أخبار أيام أول,24,13,"الإصحاح الرابع والعشرون
أخبار أيام أول,24,14,"الإصحاح الرابع والعشرون
أخبار أيام أول,24,15,"الإصحاح الرابع والعشرون
أخبار أيام أول,24,16,"الإصحاح الرابع والعشرون
أخبار أيام أول,24,17,"الإصحاح الرابع والعشرون
أخبار أيام أول,24,18,"الإصحاح الرابع والعشرون
أخبار أيام أول,24,19,"الإصحاح الرابع والعشرون
أخبار أيام أول,24,20,"الإصحاح الرابع والعشرون
أخبار أيام أول,24,21,"الإصحاح الرابع والعشرون
أخبار أيام أول,24,22,"الإصحاح الرابع والعشرون
أخبار أيام أول,24,23,"الإصحاح الرابع والعشرون
أخبار أيام أول,24,24,"الإصحاح الرابع والعشرون
أخبار أيام أول,24,25,"الإصحاح الرابع والعشرون
أخبار أيام أول,24,26,"الإصحاح الرابع والعشرون
أخبار أيام أول,24,27,"الإصحاح الرابع والعشرون
أخبار أيام أول,24,28,"الإصحاح الرابع والعشرون
أخبار أيام أول,24,29,"الإصحاح الرابع والعشرون
أخبار أيام أول,24,30,"الإصحاح الرابع والعشرون
أخبار أيام أول,24,31,"الإصحاح الرابع والعشرون
أخبار أيام أول,24,32,"الإصحاح الرابع والعشرون
أخبار أيام أول,24,33,"الإصحاح الرابع والعشرون
أخبار أيام أول,24,34,"الإصحاح الرابع والعشرون
أخبار أيام أول,24,35,"الإصحاح الرابع والعشرون
أخبار أيام أول,24,36,"الإصحاح الرابع والعشرون
أخبار أيام أول,24,37,"الإصحاح الرابع والعشرون
أخبار أيام أول,24,38,"الإصحاح الرابع والعشرون
أخبار أيام أول,24,39,"الإصحاح الرابع والعشرون
أخبار أيام أول,24,40,"الإصحاح الرابع والعشرون
أخبار أيام أول,24,41,"الإصحاح الرابع والعشرون
أخبار أيام أول,24,42,"الإصحاح الرابع والعشرون
أخبار أيام أول,24,43,"الإصحاح الرابع والعشرون
أخبار أيام أول,24,44,"الإصحاح الرابع والعشرون
أخبار أيام أول,24,45,"الإصحاح الرابع والعشرون
أخبار أيام أول,24,46,"الإصحاح الرابع والعشرون
أخبار أيام أول,24,47,"الإصحاح الرابع والعشرون
أخبار أيام أول,24,48,"الإصحاح الرابع والعشرون
أخبار أيام أول,24,49,"الإصحاح الرابع والعشرون
أخبار أيام أول,24,50,"الإصحاح الرابع والعشرون
أخبار أيام أول,24,51,"الإصحاح الرابع والعشرون
أخبار أيام أول,24,52,"الإصحاح الرابع والعشرون
أخبار أيام أول,24,53,"الإصحاح الرابع والعشرون
أخبار أيام أول,24,54,"الإصحاح الرابع والعشرون
أخبار أيام أول,24,55,"الإصحاح الرابع والعشرون
أخبار أيام أول,24,56,"الإصحاح الرابع والعشرون
أخبار أيام أول,24,57,"الإصحاح الرابع والعشرون
أخبار أيام أول,24,58,"الإصحاح الرابع والعشرون
أخبار أيام أول,24,59,"الإصحاح الرابع والعشرون
أخبار أيام أول,24,60,"الإصحاح الرابع والعشرون
أخبار أيام أول,24,61,"الإصحاح الرابع والعشرون
أخبار أيام أول,24,62,"الإصحاح الرابع والعشرون
أخبار أيام أول,24,63,"الإصحاح الرابع والعشرون
أخبار أيام أول,24,64,"الإصحاح الرابع والعشرون
أخبار أيام أول,24,65,"الإصحاح الرابع والعشرون
أخبار أيام أول,24,66,"الإصحاح الرابع والعشرون
أخبار أيام أول,24,67,"الإصحاح الرابع والعشرون
أخبار أيام أول,24,68,"الإصحاح الرابع والعشرون
أخبار أيام أول,24,69,"الإصحاح الرابع والعشرون
أخبار أيام أول,24,70,"الإصحاح الرابع والعشرون
أخبار أيام أول,24,71,"الإصحاح الرابع والعشرون
أخبار أيام أول,24,72,"الإصحاح الرابع والعشرون
أخبار أيام أول,24,73,"الإصحاح الرابع والعشرون
أخبار أيام أول,24,74,"الإصحاح الرابع والعشرون
أخبار أيام أول,24,75,"الإصحاح الرابع والعشرون
أخبار أيام أول,24,76,"الإصحاح الرابع والعشرون
أخبار أيام أول,24,77,"الإصحاح الرابع والعشرون
أخبار أيام أول,24,78,"الإصحاح الرابع والعشرون
أخبار أيام أول,24,79,"الإصحاح الرابع والعشرون
أخبار أيام أول,24,80,"الإصحاح الرابع والعشرون
أخبار أيام أول,24,81,"الإصحاح الرابع والعشرون
أخبار أيام أول,24,82,"الإصحاح الرابع والعشرون
أخبار أيام أول,24,83,"الإصحاح الرابع والعشرون
أخبار أيام أول,24,84,"الإصحاح الرابع والعشرون
أخبار أيام أول,24,85,"الإصحاح الرابع والعشرون
أخبار أيام أول,24,86,"الإصحاح الرابع والعشرون
أخبار أيام أول,24,87,"الإصحاح الرابع والعشرون
أخبار أيام أول,24,88,"الإصحاح الرابع والعشرون
أخبار أيام أول,24,89,"الإصحاح الرابع والعشرون
أخبار أيام أول,24,90,"الإصحاح الرابع والعشرون
أخبار أيام أول,24,91,"الإصحاح الرابع والعشرون
أخبار أيام أول,24,92,"الإصحاح الرابع والعشرون
أخبار أيام أول,24,93,"الإصحاح الرابع والعشرون
أخبار أيام أول,24,94,"الإصحاح الرابع والعشرون
أخبار أيام أول,24,95,"الإصحاح الرابع والعشرون
أخبار أيام أول,24,96,"الإصحاح الرابع والعشرون
أخبار أيام أول,24,97,"الإصحاح الرابع والعشرون
أخبار أيام أول,24,98,"الإصحاح الرابع والعشرون
أخبار أيام أول,24,99,"الإصحاح الرابع والعشرون
أخبار أيام أول,25,1,"الإصحاح الخامس والعشرون
أخبار أيام أول,25,2,"الإصحاح الخامس والعشرون
أخبار أيام أول,25,3,"الإصحاح الخامس والعشرون
أخبار أيام أول,25,4,"الإصحاح الخامس والعشرون
أخبار أيام أول,25,5,"الإصحاح الخامس والعشرون
أخبار أيام أول,25,6,"الإصحاح الخامس والعشرون
أخبار أيام أول,25,7,"الإصحاح الخامس والعشرون
أخبار أيام أول,25,8,"الإصحاح الخامس والعشرون
أخبار أيام أول,25,9,"الإصحاح الخامس والعشرون
أخبار أيام أول,25,10,"الإصحاح الخامس والعشرون
أخبار أيام أول,25,11,"الإصحاح الخامس والعشرون
أخبار أيام أول,25,12,"الإصحاح الخامس والعشرون
أخبار أيام أول,25,13,"الإصحاح الخامس والعشرون
أخبار أيام أول,25,14,"الإصحاح الخامس والعشرون
أخبار أيام أول,25,15,"الإصحاح الخامس والعشرون
أخبار أيام أول,25,16,"الإصحاح الخامس والعشرون
أخبار أيام أول,25,17,"الإصحاح الخامس والعشرون
أخبار أيام أول,25,18,"الإصحاح الخامس والعشرون
أخبار أيام أول,25,19,"الإصحاح الخامس والعشرون
أخبار أيام أول,25,20,"الإصحاح الخامس والعشرون
أخبار أيام أول,25,21,"الإصحاح الخامس والعشرون
أخبار أيام أول,25,22,"الإصحاح الخامس والعشرون
أخبار أيام أول,25,23,"الإصحاح الخامس والعشرون
أخبار أيام أول,25,24,"الإصحاح الخامس والعشرون
أخبار أيام أول,25,25,"الإصحاح الخامس والعشرون
أخبار أيام أول,25,26,"الإصحاح الخامس والعشرون
أخبار أيام أول,25,27,"الإصحاح الخامس والعشرون
أخبار أيام أول,25,28,"الإصحاح الخامس والعشرون
أخبار أيام أول,25,29,"الإصحاح الخامس والعشرون
أخبار أيام أول,25,30,"الإصحاح الخامس والعشرون
أخبار أيام أول,25,31,"الإصحاح الخامس والعشرون
أخبار أيام أول,25,32,"الإصحاح الخامس والعشرون
أخبار أيام أول,25,33,"الإصحاح الخامس والعشرون
أخبار أيام أول,25,34,"الإصحاح الخامس والعشرون
أخبار أيام أول,25,35,"الإصحاح الخامس والعشرون
أخبار أيام أول,25,36,"الإصحاح الخامس والعشرون
أخبار أيام أول,25,37,"الإصحاح الخامس والعشرون
أخبار أيام أول,25,38,"الإصحاح الخامس والعشرون
أخبار أيام أول,25,39,"الإصحاح الخامس والعشرون
أخبار أيام أول,25,40,"الإصحاح الخامس والعشرون
أخبار أيام أول,25,41,"الإصحاح الخامس والعشرون
أخبار أيام أول,25,42,"الإصحاح الخامس والعشرون
أخبار أيام أول,25,43,"الإصحاح الخامس والعشرون
أخبار أيام أول,25,44,"الإصحاح الخامس والعشرون
أخبار أيام أول,25,45,"الإصحاح الخامس والعشرون
أخبار أيام أول,25,46,"الإصحاح الخامس والعشرون
أخبار أيام أول,25,47,"الإصحاح الخامس والعشرون
أخبار أيام أول,25,48,"الإصحاح الخامس والعشرون
أخبار أيام أول,25,49,"الإصحاح الخامس والعشرون
أخبار أيام أول,25,50,"الإصحاح الخامس والعشرون
أخبار أيام أول,25,51,"الإصحاح الخامس والعشرون
أخبار أيام أول,25,52,"الإصحاح الخامس والعشرون
أخبار أيام أول,25,53,"الإصحاح الخامس والعشرون
أخبار أيام أول,25,54,"الإصحاح الخامس والعشرون
أخبار أيام أول,25,55,"الإصحاح الخامس والعشرون
أخبار أيام أول,25,56,"الإصحاح الخامس والعشرون
أخبار أيام أول,25,57,"الإصحاح الخامس والعشرون
أخبار أيام أول,25,58,"الإصحاح الخامس والعشرون
أخبار أيام أول,25,59,"الإصحاح الخامس والعشرون
أخبار أيام أول,25,60,"الإصحاح الخامس والعشرون
أخبار أيام أول,25,61,"الإصحاح الخامس والعشرون
أخبار أيام أول,25,62,"الإصحاح الخامس والعشرون
أخبار أيام أول,25,63,"الإصحاح الخامس والعشرون
أخبار أيام أول,25,64,"الإصحاح الخامس والعشرون
أخبار أيام أول,25,65,"الإصحاح الخامس والعشرون
أخبار أيام أول,25,66,"الإصحاح الخامس والعشرون
أخبار أيام أول,25,67,"الإصحاح الخامس والعشرون
أخبار أيام أول,25,68,"الإصحاح الخامس والعشرون
أخبار أيام أول,25,69,"الإصحاح الخامس والعشرون
أخبار أيام أول,25,70,"الإصحاح الخامس والعشرون
أخبار أيام أول,25,71,"الإصحاح الخامس والعشرون
أخبار أيام أول,25,72,"الإصحاح الخامس والعشرون
أخبار أيام أول,25,73,"الإصحاح الخامس والعشرون
أخبار أيام أول,25,74,"الإصحاح الخامس والعشرون
أخبار أيام أول,25,75,"الإصحاح الخامس والعشرون
أخبار أيام أول,25,76,"الإصحاح الخامس والعشرون
أخبار أيام أول,25,77,"الإصحاح الخامس والعشرون
أخبار أيام أول,25,78,"الإصحاح الخامس والعشرون
أخبار أيام أول,25,79,"الإصحاح الخامس والعشرون
أخبار أيام أول,25,80,"الإصحاح الخامس والعشرون
أخبار أيام أول,25,81,"الإصحاح الخامس والعشرون
أخبار أيام أول,25,82,"الإصحاح الخامس والعشرون
أخبار أيام أول,25,83,"الإصحاح الخامس والعشرون
أخبار أيام أول,25,84,"الإصحاح الخامس والعشرون
أخبار أيام أول,25,85,"الإصحاح الخامس والعشرون
أخبار أيام أول,25,86,"الإصحاح الخامس والعشرون
أخبار أيام أول,25,87,"الإصحاح الخامس والعشرون
أخبار أيام أول,25,88,"الإصحاح الخامس والعشرون
أخبار أيام أول,25,89,"الإصحاح الخامس والعشرون
أخبار أيام أول,25,90,"الإصحاح الخامس والعشرون
أخبار أيام أول,25,91,"الإصحاح الخامس والعشرون
أخبار أيام أول,25,92,"الإصحاح الخامس والعشرون
أخبار أيام أول,25,93,"الإصحاح الخامس والعشرون
أخبار أيام أول,25,94,"الإصحاح الخامس والعشرون
أخبار أيام أول,25,95,"الإصحاح الخامس والعشرون
أخبار أيام أول,25,96,"الإصحاح الخامس والعشرون
أخبار أيام أول,25,97,"الإصحاح الخامس والعشرون
أخبار أيام أول,25,98,"الإصحاح الخامس والعشرون
أخبار أيام أول,25,99,"الإصحاح الخامس والعشرون
أخبار أيام أول,26,1,"الإصحاح السادس والعشرون
أخبار أيام أول,26,2,"الإصحاح السادس والعشرون
أخبار أيام أول,26,3,"الإصحاح السادس والعشرون
أخبار أيام أول,26,4,"الإصحاح السادس والعشرون
أخبار أيام أول,26,5,"الإصحاح السادس والعشرون
أخبار أيام أول,26,6,"الإصحاح السادس والعشرون
أخبار أيام أول,26,7,"الإصحاح السادس والعشرون
أخبار أيام أول,26,8,"الإصحاح السادس والعشرون
أخبار أيام أول,26,9,"الإصحاح السادس والعشرون
أخبار أيام أول,26,10,"الإصحاح السادس والعشرون
أخبار أيام أول,26,11,"الإصحاح السادس والعشرون
أخبار أيام أول,26,12,"الإصحاح السادس والعشرون
أخبار أيام أول,26,13,"الإصحاح السادس والعشرون
أخبار أيام أول,26,14,"الإصحاح السادس والعشرون
أخبار أيام أول,26,15,"الإصحاح السادس والعشرون
أخبار أيام أول,26,16,"الإصحاح السادس والعشرون
أخبار أيام أول,26,17,"الإصحاح السادس والعشرون
أخبار أيام أول,26,18,"الإصحاح السادس والعشرون
أخبار أيام أول,26,19,"الإصحاح السادس والعشرون
أخبار أيام أول,26,20,"الإصحاح السادس والعشرون
أخبار أيام أول,26,21,"الإصحاح السادس والعشرون
أخبار أيام أول,26,22,"الإصحاح السادس والعشرون
أخبار أيام أول,26,23,"الإصحاح السادس والعشرون
أخبار أيام أول,26,24,"الإصحاح السادس والعشرون
أخبار أيام أول,26,25,"الإصحاح السادس والعشرون
أخبار أيام أول,26,26,"الإصحاح السادس والعشرون
أخبار أيام أول,26,27,"الإصحاح السادس والعشرون
أخبار أيام أول,26,28,"الإصحاح السادس والعشرون
أخبار أيام أول,26,29,"الإصحاح السادس والعشرون
أخبار أيام أول,26,30,"الإصحاح السادس والعشرون
أخبار أيام أول,26,31,"الإصحاح السادس والعشرون
أخبار أيام أول,26,32,"الإصحاح السادس والعشرون
أخبار أيام أول,26,33,"الإصحاح السادس والعشرون
أخبار أيام أول,26,34,"الإصحاح السادس والعشرون
أخبار أيام أول,26,35,"الإصحاح السادس والعشرون
أخبار أيام أول,26,36,"الإصحاح السادس والعشرون
أخبار أيام أول,26,37,"الإصحاح السادس والعشرون
أخبار أيام أول,26,38,"الإصحاح السادس والعشرون
أخبار أيام أول,26,39,"الإصحاح السادس والعشرون
أخبار أيام أول,26,40,"الإصحاح السادس والعشرون
أخبار أيام أول,26,41,"الإصحاح السادس والعشرون
أخبار أيام أول,26,42,"الإصحاح السادس والعشرون
أخبار أيام أول,26,43,"الإصحاح السادس والعشرون
أخبار أيام أول,26,44,"الإصحاح السادس والعشرون
أخبار أيام أول,26,45,"الإصحاح السادس والعشرون
أخبار أيام أول,26,46,"الإصحاح السادس والعشرون
أخبار أيام أول,26,47,"الإصحاح السادس والعشرون
أخبار أيام أول,26,48,"الإصحاح السادس والعشرون
أخبار أيام أول,26,49,"الإصحاح السادس والعشرون
أخبار أيام أول,26,50,"الإصحاح السادس والعشرون
أخبار أيام أول,26,51,"الإصحاح السادس والعشرون
أخبار أيام أول,26,52,"الإصحاح السادس والعشرون
أخبار أيام أول,26,53,"الإصحاح السادس والعشرون
أخبار أيام أول,26,54,"الإصحاح السادس والعشرون
أخبار أيام أول,26,55,"الإصحاح السادس والعشرون
أخبار أيام أول,26,56,"الإصحاح السادس والعشرون
أخبار أيام أول,26,57,"الإصحاح السادس والعشرون
أخبار أيام أول,26,58,"الإصحاح السادس والعشرون
أخبار أيام أول,26,59,"الإصحاح السادس والعشرون
أخبار أيام أول,26,60,"الإصحاح السادس والعشرون
أخبار أيام أول,26,61,"الإصحاح السادس والعشرون
أخبار أيام أول,26,62,"الإصحاح السادس والعشرون
أخبار أيام أول,26,63,"الإصحاح السادس والعشرون
أخبار أيام أول,26,64,"الإصحاح السادس والعشرون
أخبار أيام أول,26,65,"الإصحاح السادس والعشرون
أخبار أيام أول,26,66,"الإصحاح السادس والعشرون
أخبار أيام أول,26,67,"الإصحاح السادس والعشرون
أخبار أيام أول,26,68,"الإصحاح السادس والعشرون
أخبار أيام أول,26,69,"الإصحاح السادس والعشرون
أخبار أيام أول,26,70,"الإصحاح السادس والعشرون
أخبار أيام أول,26,71,"الإصحاح السادس والعشرون
أخبار أيام أول,26,72,"الإصحاح السادس والعشرون
أخبار أيام أول,26,73,"الإصحاح السادس والعشرون
أخبار أيام أول,26,74,"الإصحاح السادس والعشرون
أخبار أيام أول,26,75,"الإصحاح السادس والعشرون
أخبار أيام أول,26,76,"الإصحاح السادس والعشرون
أخبار أيام أول,26,77,"الإصحاح السادس والعشرون
أخبار أيام أول,26,78,"الإصحاح السادس والعشرون
أخبار أيام أول,26,79,"الإصحاح السادس والعشرون
أخبار أيام أول,26,80,"الإصحاح السادس والعشرون
أخبار أيام أول,26,81,"الإصحاح السادس والعشرون
أخبار أيام أول,26,82,"الإصحاح السادس والعشرون
أخبار أيام أول,26,83,"الإصحاح السادس والعشرون
أخبار أيام أول,26,84,"الإصحاح السادس والعشرون
أخبار أيام أول,26,85,"الإصحاح السادس والعشرون
أخبار أيام أول,26,86,"الإصحاح السادس والعشرون
أخبار أيام أول,26,87,"الإصحاح السادس والعشرون
أخبار أيام أول,26,88,"الإصحاح السادس والعشرون
أخبار أيام أول,26,89,"الإصحاح السادس والعشرون
أخبار أيام أول,26,90,"الإصحاح السادس والعشرون
أخبار أيام أول,26,91,"الإصحاح السادس والعشرون
أخبار أيام أول,26,92,"الإصحاح السادس والعشرون
أخبار أيام أول,26,93,"الإصحاح السادس والعشرون
أخبار أيام أول,26,94,"الإصحاح السادس والعشرون
أخبار أيام أول,26,95,"الإصحاح السادس والعشرون
أخبار أيام أول,26,96,"الإصحاح السادس والعشرون
أخبار أيام أول,26,97,"الإصحاح السادس والعشرون
أخبار أيام أول,26,98,"الإصحاح السادس والعشرون
أخبار أيام أول,26,99,"الإصحاح السادس والعشرون
أخبار أيام أول,27,1,"الإصحاح السابع والعشرون
أخبار أيام أول,27,2,"الإصحاح السابع والعشرون
أخبار أيام أول,27,3,"الإصحاح السابع والعشرون
أخبار أيام أول,27,4,"الإصحاح السابع والعشرون
أخبار أيام أول,27,5,"الإصحاح السابع والعشرون
أخبار أيام أول,27,6,"الإصحاح السابع والعشرون
أخبار أيام أول,27,7,"الإصحاح السابع والعشرون
أخبار أيام أول,27,8,"الإصحاح السابع والعشرون
أخبار أيام أول,27,9,"الإصحاح السابع والعشرون
أخبار أيام أول,27,10,"الإصحاح السابع والعشرون
أخبار أيام أول,27,11,"الإصحاح السابع والعشرون
أخبار أيام أول,27,12,"الإصحاح السابع والعشرون
أخبار أيام أول,27,13,"الإصحاح السابع والعشرون
أخبار أيام أول,27,14,"الإصحاح السابع والعشرون
أخبار أيام أول,27,15,"الإصحاح السابع والعشرون
أخبار أيام أول,27,16,"الإصحاح السابع والعشرون
أخبار أيام أول,27,17,"الإصحاح السابع والعشرون
أخبار أيام أول,27,18,"الإصحاح السابع والعشرون
أخبار أيام أول,27,19,"الإصحاح السابع والعشرون
أخبار أيام أول,27,20,"الإصحاح السابع والعشرون
أخبار أيام أول,27,21,"الإصحاح السابع والعشرون
أخبار أيام أول,27,22,"الإصحاح السابع والعشرون
أخبار أيام أول,27,23,"الإصحاح السابع والعشرون
أخبار أيام أول,27,24,"الإصحاح السابع والعشرون
أخبار أيام أول,27,25,"الإصحاح السابع والعشرون
أخبار أيام أول,27,26,"الإصحاح السابع والعشرون
أخبار أيام أول,27,27,"الإصحاح السابع والعشرون
أخبار أيام أول,27,28,"الإصحاح السابع والعشرون
أخبار أيام أول,27,29,"الإصحاح السابع والعشرون
أخبار أيام أول,27,30,"الإصحاح السابع والعشرون
أخبار أيام أول,27,31,"الإصحاح السابع والعشرون
أخبار أيام أول,27,32,"الإصحاح السابع والعشرون
أخبار أيام أول,27,33,"الإصحاح السابع والعشرون
أخبار أيام أول,27,34,"الإصحاح السابع والعشرون
أخبار أيام أول,27,35,"الإصحاح السابع والعشرون
أخبار أيام أول,27,36,"الإصحاح السابع والعشرون
أخبار أيام أول,27,37,"الإصحاح السابع والعشرون
أخبار أيام أول,27,38,"الإصحاح السابع والعشرون
أخبار أيام أول,27,39,"الإصحاح السابع والعشرون
أخبار أيام أول,27,40,"الإصحاح السابع والعشرون
أخبار أيام أول,27,41,"الإصحاح السابع والعشرون
أخبار أيام أول,27,42,"الإصحاح السابع والعشرون
أخبار أيام أول,27,43,"الإصحاح السابع والعشرون
أخبار أيام أول,27,44,"الإصحاح السابع والعشرون
أخبار أيام أول,27,45,"الإصحاح السابع والعشرون
أخبار أيام أول,27,46,"الإصحاح السابع والعشرون
أخبار أيام أول,27,47,"الإصحاح السابع والعشرون
أخبار أيام أول,27,48,"الإصحاح السابع والعشرون
أخبار أيام أول,27,49,"الإصحاح السابع والعشرون
أخبار أيام أول,27,50,"الإصحاح السابع والعشرون
أخبار أيام أول,27,51,"الإصحاح السابع والعشرون
أخبار أيام أول,27,52,"الإصحاح السابع والعشرون
أخبار أيام أول,27,53,"الإصحاح السابع والعشرون
أخبار أيام أول,27,54,"الإصحاح السابع والعشرون
أخبار أيام أول,27,55,"الإصحاح السابع والعشرون
أخبار أيام أول,27,56,"الإصحاح السابع والعشرون
أخبار أيام أول,27,57,"الإصحاح السابع والعشرون
أخبار أيام أول,27,58,"الإصحاح السابع والعشرون
أخبار أيام أول,27,59,"الإصحاح السابع والعشرون
أخبار أيام أول,27,60,"الإصحاح السابع والعشرون
أخبار أيام أول,27,61,"الإصحاح السابع والعشرون
أخبار أيام أول,27,62,"الإصحاح السابع والعشرون
أخبار أيام أول,27,63,"الإصحاح السابع والعشرون
أخبار أيام أول,27,64,"الإصحاح السابع والعشرون
أخبار أيام أول,27,65,"الإصحاح السابع والعشرون
أخبار أيام أول,27,66,"الإصحاح السابع والعشرون
أخبار أيام أول,27,67,"الإصحاح السابع والعشرون
أخبار أيام أول,27,68,"الإصحاح السابع والعشرون
أخبار أيام أول,27,69,"الإصحاح السابع والعشرون
أخبار أيام أول,27,70,"الإصحاح السابع والعشرون
أخبار أيام أول,27,71,"الإصحاح السابع والعشرون
أخبار أيام أول,27,72,"الإصحاح السابع والعشرون
أخبار أيام أول,27,73,"الإصحاح السابع والعشرون
أخبار أيام أول,27,74,"الإصحاح السابع والعشرون
أخبار أيام أول,27,75,"الإصحاح السابع والعشرون
أخبار أيام أول,27,76,"الإصحاح السابع والعشرون
أخبار أيام أول,27,77,"الإصحاح السابع والعشرون
أخبار أيام أول,27,78,"الإصحاح السابع والعشرون
أخبار أيام أول,27,79,"الإصحاح السابع والعشرون
أخبار أيام أول,27,80,"الإصحاح السابع والعشرون
أخبار أيام أول,27,81,"الإصحاح السابع والعشرون
أخبار أيام أول,27,82,"الإصحاح السابع والعشرون
أخبار أيام أول,27,83,"الإصحاح السابع والعشرون
أخبار أيام أول,27,84,"الإصحاح السابع والعشرون
أخبار أيام أول,27,85,"الإصحاح السابع والعشرون
أخبار أيام أول,27,86,"الإصحاح السابع والعشرون
أخبار أيام أول,27,87,"الإصحاح السابع والعشرون
أخبار أيام أول,27,88,"الإصحاح السابع والعشرون
أخبار أيام أول,27,89,"الإصحاح السابع والعشرون
أخبار أيام أول,27,90,"الإصحاح السابع والعشرون
أخبار أيام أول,27,91,"الإصحاح السابع والعشرون
أخبار أيام أول,27,92,"الإصحاح السابع والعشرون
أخبار أيام أول,27,93,"الإصحاح السابع والعشرون
أخبار أيام أول,27,94,"الإصحاح السابع والعشرون
أخبار أيام أول,27,95,"الإصحاح السابع والعشرون
أخبار أيام أول,27,96,"الإصحاح السابع والعشرون
أخبار أيام أول,27,97,"الإصحاح السابع والعشرون
أخبار أيام أول,27,98,"الإصحاح السابع والعشرون
أخبار أيام أول,27,99,"الإصحاح السابع والعشرون
أخبار أيام أول,28,1,"الإصحاح الثامن والعشرون
أخبار أيام أول,28,2,"الإصحاح الثامن والعشرون
أخبار أيام أول,28,3,"الإصحاح الثامن والعشرون
أخبار أيام أول,28,4,"الإصحاح الثامن والعشرون
أخبار أيام أول,28,5,"الإصحاح الثامن والعشرون
أخبار أيام أول,28,6,"الإصحاح الثامن والعشرون
أخبار أيام أول,28,7,"الإصحاح الثامن والعشرون
أخبار أيام أول,28,8,"الإصحاح الثامن والعشرون
أخبار أيام أول,28,9,"الإصحاح الثامن والعشرون
أخبار أيام أول,28,10,"الإصحاح الثامن والعشرون
أخبار أيام أول,28,11,"الإصحاح الثامن والعشرون
أخبار أيام أول,28,12,"الإصحاح الثامن والعشرون
أخبار أيام أول,28,13,"الإصحاح الثامن والعشرون
أخبار أيام أول,28,14,"الإصحاح الثامن والعشرون
أخبار أيام أول,28,15,"الإصحاح الثامن والعشرون
أخبار أيام أول,28,16,"الإصحاح الثامن والعشرون
أخبار أيام أول,28,17,"الإصحاح الثامن والعشرون
أخبار أيام أول,28,18,"الإصحاح الثامن والعشرون
أخبار أيام أول,28,19,"الإصحاح الثامن والعشرون
أخبار أيام أول,28,20,"الإصحاح الثامن والعشرون
أخبار أيام أول,28,21,"الإصحاح الثامن والعشرون
أخبار أيام أول,28,22,"الإصحاح الثامن والعشرون
أخبار أيام أول,28,23,"الإصحاح الثامن والعشرون
أخبار أيام أول,28,24,"الإصحاح الثامن والعشرون
أخبار أيام أول,28,25,"الإصحاح الثامن والعشرون
أخبار أيام أول,28,26,"الإصحاح الثامن والعشرون
أخبار أيام أول,28,27,"الإصحاح الثامن والعشرون
أخبار أيام أول,28,28,"الإصحاح الثامن والعشرون
أخبار أيام أول,28,29,"الإصحاح الثامن والعشرون
أخبار أيام أول,28,30,"الإصحاح الثامن والعشرون
أخبار أيام أول,28,31,"الإصحاح الثامن والعشرون
أخبار أيام أول,28,32,"الإصحاح الثامن والعشرون
أخبار أيام أول,28,33,"الإصحاح الثامن والعشرون
أخبار أيام أول,28,34,"الإصحاح الثامن والعشرون
أخبار أيام أول,28,35,"الإصحاح الثامن والعشرون
أخبار أيام أول,28,36,"الإصحاح الثامن والعشرون
أخبار أيام أول,28,37,"الإصحاح الثامن والعشرون
أخبار أيام أول,28,38,"الإصحاح الثامن والعشرون
أخبار أيام أول,28,39,"الإصحاح الثامن والعشرون
أخبار أيام أول,28,40,"الإصحاح الثامن والعشرون
أخبار أيام أول,28,41,"الإصحاح الثامن والعشرون
أخبار أيام أول,28,42,"الإصحاح الثامن والعشرون
أخبار أيام أول,28,43,"الإصحاح الثامن والعشرون
أخبار أيام أول,28,44,"الإصحاح الثامن والعشرون
أخبار أيام أول,28,45,"الإصحاح الثامن والعشرون
أخبار أيام أول,28,46,"الإصحاح الثامن والعشرون
أخبار أيام أول,28,47,"الإصحاح الثامن والعشرون
أخبار أيام أول,28,48,"الإصحاح الثامن والعشرون
أخبار أيام أول,28,49,"الإصحاح الثامن والعشرون
أخبار أيام أول,28,50,"الإصحاح الثامن والعشرون
أخبار أيام أول,28,51,"الإصحاح الثامن والعشرون
أخبار أيام أول,28,52,"الإصحاح الثامن والعشرون
أخبار أيام أول,28,53,"الإصحاح الثامن والعشرون
أخبار أيام أول,28,54,"الإصحاح الثامن والعشرون
أخبار أيام أول,28,55,"الإصحاح الثامن والعشرون
أخبار أيام أول,28,56,"الإصحاح الثامن والعشرون
أخبار أيام أول,28,57,"الإصحاح الثامن والعشرون
أخبار أيام أول,28,58,"الإصحاح الثامن والعشرون
أخبار أيام أول,28,59,"الإصحاح الثامن والعشرون
أخبار أيام أول,28,60,"الإصحاح الثامن والعشرون
أخبار أيام أول,28,61,"الإصحاح الثامن والعشرون
أخبار أيام أول,28,62,"الإصحاح الثامن والعشرون
أخبار أيام أول,28,63,"الإصحاح الثامن والعشرون
أخبار أيام أول,28,64,"الإصحاح الثامن والعشرون
أخبار أيام أول,28,65,"الإصحاح الثامن والعشرون
أخبار أيام أول,28,66,"الإصحاح الثامن والعشرون
أخبار أيام أول,28,67,"الإصحاح الثامن والعشرون
أخبار أيام أول,28,68,"الإصحاح الثامن والعشرون
أخبار أيام أول,28,69,"الإصحاح الثامن والعشرون
أخبار أيام أول,28,70,"الإصحاح الثامن والعشرون
أخبار أيام أول,28,71,"الإصحاح الثامن والعشرون
أخبار أيام أول,28,72,"الإصحاح الثامن والعشرون
أخبار أيام أول,28,73,"الإصحاح الثامن والعشرون
أخبار أيام أول,28,74,"الإصحاح الثامن والعشرون
أخبار أيام أول,28,75,"الإصحاح الثامن والعشرون
أخبار أيام أول,28,76,"الإصحاح الثامن والعشرون
أخبار أيام أول,28,77,"الإصحاح الثامن والعشرون
أخبار أيام أول,28,78,"الإصحاح الثامن والعشرون
أخبار أيام أول,28,79,"الإصحاح الثامن والعشرون
أخبار أيام أول,28,80,"الإصحاح الثامن والعشرون
أخبار أيام أول,28,81,"الإصحاح الثامن والعشرون
أخبار أيام أول,28,82,"الإصحاح الثامن والعشرون
أخبار أيام أول,28,83,"الإصحاح الثامن والعشرون
أخبار أيام أول,28,84,"الإصحاح الثامن والعشرون
أخبار أيام أول,28,85,"الإصحاح الثامن والعشرون
أخبار أيام أول,28,86,"الإصحاح الثامن والعشرون
أخبار أيام أول,28,87,"الإصحاح الثامن والعشرون
أخبار أيام أول,28,88,"الإصحاح الثامن والعشرون
أخبار أيام أول,28,89,"الإصحاح الثامن والعشرون
أخبار أيام أول,28,90,"الإصحاح الثامن والعشرون
أخبار أيام أول,28,91,"الإصحاح الثامن والعشرون
أخبار أيام أول,28,92,"الإصحاح الثامن والعشرون
أخبار أيام أول,28,93,"الإصحاح الثامن والعشرون
أخبار أيام أول,28,94,"الإصحاح الثامن والعشرون
أخبار أيام أول,28,95,"الإصحاح الثامن والعشرون
أخبار أيام أول,28,96,"الإصحاح الثامن والعشرون
أخبار أيام أول,28,97,"الإصحاح الثامن والعشرون
أخبار أيام أول,28,98,"الإصحاح الثامن والعشرون
أخبار أيام أول,28,99,"الإصحاح الثامن والعشرون
أخبار أيام أول,29,1,"الإصحاح التاسع والعشرون
أخبار أيام أول,29,2,"الإصحاح التاسع والعشرون
أخبار أيام أول,29,3,"الإصحاح التاسع والعشرون
أخبار أيام أول,29,4,"الإصحاح التاسع والعشرون
أخبار أيام أول,29,5,"الإصحاح التاسع والعشرون
أخبار أيام أول,29,6,"الإصحاح التاسع والعشرون
أخبار أيام أول,29,7,"الإصحاح التاسع والعشرون
أخبار أيام أول,29,8,"الإصحاح التاسع والعشرون
أخبار أيام أول,29,9,"الإصحاح التاسع والعشرون
أخبار أيام أول,29,10,"الإصحاح التاسع والعشرون
أخبار أيام أول,29,11,"الإصحاح التاسع والعشرون
أخبار أيام أول,29,12,"الإصحاح التاسع والعشرون
أخبار أيام أول,29,13,"الإصحاح التاسع والعشرون
أخبار أيام أول,29,14,"الإصحاح التاسع والعشرون
أخبار أيام أول,29,15,"الإصحاح التاسع والعشرون
أخبار أيام أول,29,16,"الإصحاح التاسع والعشرون
أخبار أيام أول,29,17,"الإصحاح التاسع والعشرون
أخبار أيام أول,29,18,"الإصحاح التاسع والعشرون
أخبار أيام أول,29,19,"الإصحاح التاسع والعشرون
أخبار أيام أول,29,20,"الإصحاح التاسع والعشرون
أخبار أيام أول,29,21,"الإصحاح التاسع والعشرون
أخبار أيام أول,29,22,"الإصحاح التاسع والعشرون
أخبار أيام أول,29,23,"الإصحاح التاسع والعشرون
أخبار أيام أول,29,24,"الإصحاح التاسع والعشرون
أخبار أيام أول,29,25,"الإصحاح التاسع والعشرون
أخبار أيام أول,29,26,"الإصحاح التاسع والعشرون
أخبار أيام أول,29,27,"الإصحاح التاسع والعشرون
أخبار أيام أول,29,28,"الإصحاح التاسع والعشرون
أخبار أيام أول,29,29,"الإصحاح التاسع والعشرون
أخبار أيام أول,29,30,"الإصحاح التاسع والعشرون
أخبار أيام أول,29,31,"الإصحاح التاسع والعشرون
أخبار أيام أول,29,32,"الإصحاح التاسع والعشرون
أخبار أيام أول,29,33,"الإصحاح التاسع والعشرون
أخبار أيام أول,29,34,"الإصحاح التاسع والعشرون
أخبار أيام أول,29,35,"الإصحاح التاسع والعشرون
أخبار أيام أول,29,36,"الإصحاح التاسع والعشرون
أخبار أيام أول,29,37,"الإصحاح التاسع والعشرون
أخبار أيام أول,29,38,"الإصحاح التاسع والعشرون
أخبار أيام أول,29,39,"الإصحاح التاسع والعشرون
أخبار أيام أول,29,40,"الإصحاح التاسع والعشرون
أخبار أيام أول,29,41,"الإصحاح التاسع والعشرون
أخبار أيام أول,29,42,"الإصحاح التاسع والعشرون
أخبار أيام أول,29,43,"الإصحاح التاسع والعشرون
أخبار أيام أول,29,44,"الإصحاح التاسع والعشرون
أخبار أيام أول,29,45,"الإصحاح التاسع والعشرون
أخبار أيام أول,29,46,"الإصحاح التاسع والعشرون
أخبار أيام أول,29,47,"الإصحاح التاسع والعشرون
أخبار أيام أول,29,48,"الإصحاح التاسع والعشرون
أخبار أيام أول,29,49,"الإصحاح التاسع والعشرون
أخبار أيام أول,29,50,"الإصحاح التاسع والعشرون
أخبار أيام أول,29,51,"الإصحاح التاسع والعشرون
أخبار أيام أول,29,52,"الإصحاح التاسع والعشرون
أخبار أيام أول,29,53,"الإصحاح التاسع والعشرون
أخبار أيام أول,29,54,"الإصحاح التاسع والعشرون
أخبار أيام أول,29,55,"الإصحاح التاسع والعشرون
أخبار أيام أول,29,56,"الإصحاح التاسع والعشرون
أخبار أيام أول,29,57,"الإصحاح التاسع والعشرون
أخبار أيام أول,29,58,"الإصحاح التاسع والعشرون
أخبار أيام أول,29,59,"الإصحاح التاسع والعشرون
أخبار أيام أول,29,60,"الإصحاح التاسع والعشرون
أخبار أيام أول,29,61,"الإصحاح التاسع والعشرون
أخبار أيام أول,29,62,"الإصحاح التاسع والعشرون
أخبار أيام أول,29,63,"الإصحاح التاسع والعشرون
أخبار أيام أول,29,64,"الإصحاح التاسع والعشرون
أخبار أيام أول,29,65,"الإصحاح التاسع والعشرون
أخبار أيام أول,29,66,"الإصحاح التاسع والعشرون
أخبار أيام أول,29,67,"الإصحاح التاسع والعشرون
أخبار أيام أول,29,68,"الإصحاح التاسع والعشرون
أخبار أيام أول,29,69,"الإصحاح التاسع والعشرون
أخبار أيام أول,29,70,"الإصحاح التاسع والعشرون
أخبار أيام أول,29,71,"الإصحاح التاسع والعشرون
أخبار أيام أول,29,72,"الإصحاح التاسع والعشرون
أخبار أيام أول,29,73,"الإصحاح التاسع والعشرون
أخبار أيام أول,29,74,"الإصحاح التاسع والعشرون
أخبار أيام أول,29,75,"الإصحاح التاسع والعشرون
أخبار أيام أول,29,76,"الإصحاح التاسع والعشرون
أخبار أيام أول,29,77,"الإصحاح التاسع والعشرون
أخبار أيام أول,29,78,"الإصحاح التاسع والعشرون
أخبار أيام أول,29,79,"الإصحاح التاسع والعشرون
أخبار أيام أول,29,80,"الإصحاح التاسع والعشرون
أخبار أيام أول,29,81,"الإصحاح التاسع والعشرون
أخبار أيام أول,29,82,"الإصحاح التاسع والعشرون
أخبار أيام أول,29,83,"الإصحاح التاسع والعشرون
أخبار أيام أول,29,84,"الإصحاح التاسع والعشرون
أخبار أيام أول,29,85,"الإصحاح التاسع والعشرون
أخبار أيام أول,29,86,"الإصحاح التاسع والعشرون
أخبار أيام أول,29,87,"الإصحاح التاسع والعشرون
أخبار أيام أول,29,88,"الإصحاح التاسع والعشرون
أخبار أيام أول,29,89,"الإصحاح التاسع والعشرون
أخبار أيام أول,29,90,"الإصحاح التاسع والعشرون
أخبار أيام أول,29,91,"الإصحاح التاسع والعشرون
أخبار أيام أول,29,92,"الإصحاح التاسع والعشرون
أخبار أيام أول,29,93,"الإصحاح التاسع والعشرون
أخبار أيام أول,29,94,"الإصحاح التاسع والعشرون
أخبار أيام أول,29,95,"الإصحاح التاسع والعشرون
أخبار أيام أول,29,96,"الإصحاح التاسع والعشرون
أخبار أيام أول,29,97,"الإصحاح التاسع والعشرون
أخبار أيام أول,29,98,"الإصحاح التاسع والعشرون
أخبار أيام أول,29,99,"الإصحاح التاسع والعشرون