book,chapter,verse,tafsir
أستير,1,1,"مقدمة في سفر إستير
أستير,1,2,"الإصحاح الأول آية1:- وحدث في ايام احشويروش هو احشويروش الذي ملك من الهند الى كوش على مئة وسبع وعشرين كورة.
أستير,1,3,"الإصحاح الأول آية1:- وحدث في ايام احشويروش هو احشويروش الذي ملك من الهند الى كوش على مئة وسبع وعشرين كورة.
أستير,1,4,"الإصحاح الأول آية1:- وحدث في ايام احشويروش هو احشويروش الذي ملك من الهند الى كوش على مئة وسبع وعشرين كورة.
أستير,1,5,"الإصحاح الأول آية1:- وحدث في ايام احشويروش هو احشويروش الذي ملك من الهند الى كوش على مئة وسبع وعشرين كورة.
أستير,1,6,"الإصحاح الأول آية1:- وحدث في ايام احشويروش هو احشويروش الذي ملك من الهند الى كوش على مئة وسبع وعشرين كورة.
أستير,1,7,"الإصحاح الأول آية1:- وحدث في ايام احشويروش هو احشويروش الذي ملك من الهند الى كوش على مئة وسبع وعشرين كورة.
أستير,1,8,"الإصحاح الأول آية1:- وحدث في ايام احشويروش هو احشويروش الذي ملك من الهند الى كوش على مئة وسبع وعشرين كورة.
أستير,1,9,"الإصحاح الأول آية1:- وحدث في ايام احشويروش هو احشويروش الذي ملك من الهند الى كوش على مئة وسبع وعشرين كورة.
أستير,1,10,"الإصحاح الأول آية1:- وحدث في ايام احشويروش هو احشويروش الذي ملك من الهند الى كوش على مئة وسبع وعشرين كورة.
أستير,1,11,"الإصحاح الأول آية1:- وحدث في ايام احشويروش هو احشويروش الذي ملك من الهند الى كوش على مئة وسبع وعشرين كورة.
أستير,1,12,"الإصحاح الأول آية1:- وحدث في ايام احشويروش هو احشويروش الذي ملك من الهند الى كوش على مئة وسبع وعشرين كورة.
أستير,1,13,"الإصحاح الأول آية1:- وحدث في ايام احشويروش هو احشويروش الذي ملك من الهند الى كوش على مئة وسبع وعشرين كورة.
أستير,1,14,"الإصحاح الأول آية1:- وحدث في ايام احشويروش هو احشويروش الذي ملك من الهند الى كوش على مئة وسبع وعشرين كورة.
أستير,1,15,"الإصحاح الأول آية1:- وحدث في ايام احشويروش هو احشويروش الذي ملك من الهند الى كوش على مئة وسبع وعشرين كورة.
أستير,1,16,"الإصحاح الأول آية1:- وحدث في ايام احشويروش هو احشويروش الذي ملك من الهند الى كوش على مئة وسبع وعشرين كورة.
أستير,1,17,"الإصحاح الأول آية1:- وحدث في ايام احشويروش هو احشويروش الذي ملك من الهند الى كوش على مئة وسبع وعشرين كورة.
أستير,1,18,"الإصحاح الأول آية1:- وحدث في ايام احشويروش هو احشويروش الذي ملك من الهند الى كوش على مئة وسبع وعشرين كورة.
أستير,1,19,"الإصحاح الأول آية1:- وحدث في ايام احشويروش هو احشويروش الذي ملك من الهند الى كوش على مئة وسبع وعشرين كورة.
أستير,1,20,"الإصحاح الأول آية1:- وحدث في ايام احشويروش هو احشويروش الذي ملك من الهند الى كوش على مئة وسبع وعشرين كورة.
أستير,1,21,"الإصحاح الأول آية1:- وحدث في ايام احشويروش هو احشويروش الذي ملك من الهند الى كوش على مئة وسبع وعشرين كورة.
أستير,1,22,"الإصحاح الأول آية1:- وحدث في ايام احشويروش هو احشويروش الذي ملك من الهند الى كوش على مئة وسبع وعشرين كورة.
أستير,1,23,"الإصحاح الأول آية1:- وحدث في ايام احشويروش هو احشويروش الذي ملك من الهند الى كوش على مئة وسبع وعشرين كورة.
أستير,1,24,"الإصحاح الأول آية1:- وحدث في ايام احشويروش هو احشويروش الذي ملك من الهند الى كوش على مئة وسبع وعشرين كورة.
أستير,1,25,"الإصحاح الأول آية1:- وحدث في ايام احشويروش هو احشويروش الذي ملك من الهند الى كوش على مئة وسبع وعشرين كورة.
أستير,1,26,"الإصحاح الأول آية1:- وحدث في ايام احشويروش هو احشويروش الذي ملك من الهند الى كوش على مئة وسبع وعشرين كورة.
أستير,1,27,"الإصحاح الأول آية1:- وحدث في ايام احشويروش هو احشويروش الذي ملك من الهند الى كوش على مئة وسبع وعشرين كورة.
أستير,1,28,"الإصحاح الأول آية1:- وحدث في ايام احشويروش هو احشويروش الذي ملك من الهند الى كوش على مئة وسبع وعشرين كورة.
أستير,1,29,"الإصحاح الأول آية1:- وحدث في ايام احشويروش هو احشويروش الذي ملك من الهند الى كوش على مئة وسبع وعشرين كورة.
أستير,1,30,"الإصحاح الأول آية1:- وحدث في ايام احشويروش هو احشويروش الذي ملك من الهند الى كوش على مئة وسبع وعشرين كورة.
أستير,1,31,"الإصحاح الأول آية1:- وحدث في ايام احشويروش هو احشويروش الذي ملك من الهند الى كوش على مئة وسبع وعشرين كورة.
أستير,1,32,"الإصحاح الأول آية1:- وحدث في ايام احشويروش هو احشويروش الذي ملك من الهند الى كوش على مئة وسبع وعشرين كورة.
أستير,1,33,"الإصحاح الأول آية1:- وحدث في ايام احشويروش هو احشويروش الذي ملك من الهند الى كوش على مئة وسبع وعشرين كورة.
أستير,1,34,"الإصحاح الأول آية1:- وحدث في ايام احشويروش هو احشويروش الذي ملك من الهند الى كوش على مئة وسبع وعشرين كورة.
أستير,1,35,"الإصحاح الأول آية1:- وحدث في ايام احشويروش هو احشويروش الذي ملك من الهند الى كوش على مئة وسبع وعشرين كورة.
أستير,1,36,"الإصحاح الأول آية1:- وحدث في ايام احشويروش هو احشويروش الذي ملك من الهند الى كوش على مئة وسبع وعشرين كورة.
أستير,1,37,"الإصحاح الأول آية1:- وحدث في ايام احشويروش هو احشويروش الذي ملك من الهند الى كوش على مئة وسبع وعشرين كورة.
أستير,1,38,"الإصحاح الأول آية1:- وحدث في ايام احشويروش هو احشويروش الذي ملك من الهند الى كوش على مئة وسبع وعشرين كورة.
أستير,1,39,"الإصحاح الأول آية1:- وحدث في ايام احشويروش هو احشويروش الذي ملك من الهند الى كوش على مئة وسبع وعشرين كورة.
أستير,1,40,"الإصحاح الأول آية1:- وحدث في ايام احشويروش هو احشويروش الذي ملك من الهند الى كوش على مئة وسبع وعشرين كورة.
أستير,1,41,"الإصحاح الأول آية1:- وحدث في ايام احشويروش هو احشويروش الذي ملك من الهند الى كوش على مئة وسبع وعشرين كورة.
أستير,1,42,"الإصحاح الأول آية1:- وحدث في ايام احشويروش هو احشويروش الذي ملك من الهند الى كوش على مئة وسبع وعشرين كورة.
أستير,1,43,"الإصحاح الأول آية1:- وحدث في ايام احشويروش هو احشويروش الذي ملك من الهند الى كوش على مئة وسبع وعشرين كورة.
أستير,1,44,"الإصحاح الأول آية1:- وحدث في ايام احشويروش هو احشويروش الذي ملك من الهند الى كوش على مئة وسبع وعشرين كورة.
أستير,1,45,"الإصحاح الأول آية1:- وحدث في ايام احشويروش هو احشويروش الذي ملك من الهند الى كوش على مئة وسبع وعشرين كورة.
أستير,1,46,"الإصحاح الأول آية1:- وحدث في ايام احشويروش هو احشويروش الذي ملك من الهند الى كوش على مئة وسبع وعشرين كورة.
أستير,1,47,"الإصحاح الأول آية1:- وحدث في ايام احشويروش هو احشويروش الذي ملك من الهند الى كوش على مئة وسبع وعشرين كورة.
أستير,1,48,"الإصحاح الأول آية1:- وحدث في ايام احشويروش هو احشويروش الذي ملك من الهند الى كوش على مئة وسبع وعشرين كورة.
أستير,1,49,"الإصحاح الأول آية1:- وحدث في ايام احشويروش هو احشويروش الذي ملك من الهند الى كوش على مئة وسبع وعشرين كورة.
أستير,1,50,"الإصحاح الأول آية1:- وحدث في ايام احشويروش هو احشويروش الذي ملك من الهند الى كوش على مئة وسبع وعشرين كورة.
أستير,1,51,"الإصحاح الأول آية1:- وحدث في ايام احشويروش هو احشويروش الذي ملك من الهند الى كوش على مئة وسبع وعشرين كورة.
أستير,1,52,"الإصحاح الأول آية1:- وحدث في ايام احشويروش هو احشويروش الذي ملك من الهند الى كوش على مئة وسبع وعشرين كورة.
أستير,1,53,"الإصحاح الأول آية1:- وحدث في ايام احشويروش هو احشويروش الذي ملك من الهند الى كوش على مئة وسبع وعشرين كورة.
أستير,1,54,"الإصحاح الأول آية1:- وحدث في ايام احشويروش هو احشويروش الذي ملك من الهند الى كوش على مئة وسبع وعشرين كورة.
أستير,1,55,"الإصحاح الأول آية1:- وحدث في ايام احشويروش هو احشويروش الذي ملك من الهند الى كوش على مئة وسبع وعشرين كورة.
أستير,1,56,"الإصحاح الأول آية1:- وحدث في ايام احشويروش هو احشويروش الذي ملك من الهند الى كوش على مئة وسبع وعشرين كورة.
أستير,1,57,"الإصحاح الأول آية1:- وحدث في ايام احشويروش هو احشويروش الذي ملك من الهند الى كوش على مئة وسبع وعشرين كورة.
أستير,1,58,"الإصحاح الأول آية1:- وحدث في ايام احشويروش هو احشويروش الذي ملك من الهند الى كوش على مئة وسبع وعشرين كورة.
أستير,1,59,"الإصحاح الأول آية1:- وحدث في ايام احشويروش هو احشويروش الذي ملك من الهند الى كوش على مئة وسبع وعشرين كورة.
أستير,1,60,"الإصحاح الأول آية1:- وحدث في ايام احشويروش هو احشويروش الذي ملك من الهند الى كوش على مئة وسبع وعشرين كورة.
أستير,1,61,"الإصحاح الأول آية1:- وحدث في ايام احشويروش هو احشويروش الذي ملك من الهند الى كوش على مئة وسبع وعشرين كورة.
أستير,1,62,"الإصحاح الأول آية1:- وحدث في ايام احشويروش هو احشويروش الذي ملك من الهند الى كوش على مئة وسبع وعشرين كورة.
أستير,1,63,"الإصحاح الأول آية1:- وحدث في ايام احشويروش هو احشويروش الذي ملك من الهند الى كوش على مئة وسبع وعشرين كورة.
أستير,1,64,"الإصحاح الأول آية1:- وحدث في ايام احشويروش هو احشويروش الذي ملك من الهند الى كوش على مئة وسبع وعشرين كورة.
أستير,1,65,"الإصحاح الأول آية1:- وحدث في ايام احشويروش هو احشويروش الذي ملك من الهند الى كوش على مئة وسبع وعشرين كورة.
أستير,1,66,"الإصحاح الأول آية1:- وحدث في ايام احشويروش هو احشويروش الذي ملك من الهند الى كوش على مئة وسبع وعشرين كورة.
أستير,1,67,"الإصحاح الأول آية1:- وحدث في ايام احشويروش هو احشويروش الذي ملك من الهند الى كوش على مئة وسبع وعشرين كورة.
أستير,1,68,"الإصحاح الأول آية1:- وحدث في ايام احشويروش هو احشويروش الذي ملك من الهند الى كوش على مئة وسبع وعشرين كورة.
أستير,1,69,"الإصحاح الأول آية1:- وحدث في ايام احشويروش هو احشويروش الذي ملك من الهند الى كوش على مئة وسبع وعشرين كورة.
أستير,1,70,"الإصحاح الأول آية1:- وحدث في ايام احشويروش هو احشويروش الذي ملك من الهند الى كوش على مئة وسبع وعشرين كورة.
أستير,1,71,"الإصحاح الأول آية1:- وحدث في ايام احشويروش هو احشويروش الذي ملك من الهند الى كوش على مئة وسبع وعشرين كورة.
أستير,1,72,"الإصحاح الأول آية1:- وحدث في ايام احشويروش هو احشويروش الذي ملك من الهند الى كوش على مئة وسبع وعشرين كورة.
أستير,1,73,"الإصحاح الأول آية1:- وحدث في ايام احشويروش هو احشويروش الذي ملك من الهند الى كوش على مئة وسبع وعشرين كورة.
أستير,1,74,"الإصحاح الأول آية1:- وحدث في ايام احشويروش هو احشويروش الذي ملك من الهند الى كوش على مئة وسبع وعشرين كورة.
أستير,1,75,"الإصحاح الأول آية1:- وحدث في ايام احشويروش هو احشويروش الذي ملك من الهند الى كوش على مئة وسبع وعشرين كورة.
أستير,1,76,"الإصحاح الأول آية1:- وحدث في ايام احشويروش هو احشويروش الذي ملك من الهند الى كوش على مئة وسبع وعشرين كورة.
أستير,1,77,"الإصحاح الأول آية1:- وحدث في ايام احشويروش هو احشويروش الذي ملك من الهند الى كوش على مئة وسبع وعشرين كورة.
أستير,1,78,"الإصحاح الأول آية1:- وحدث في ايام احشويروش هو احشويروش الذي ملك من الهند الى كوش على مئة وسبع وعشرين كورة.
أستير,1,79,"الإصحاح الأول آية1:- وحدث في ايام احشويروش هو احشويروش الذي ملك من الهند الى كوش على مئة وسبع وعشرين كورة.
أستير,1,80,"الإصحاح الأول آية1:- وحدث في ايام احشويروش هو احشويروش الذي ملك من الهند الى كوش على مئة وسبع وعشرين كورة.
أستير,1,81,"الإصحاح الأول آية1:- وحدث في ايام احشويروش هو احشويروش الذي ملك من الهند الى كوش على مئة وسبع وعشرين كورة.
أستير,1,82,"الإصحاح الأول آية1:- وحدث في ايام احشويروش هو احشويروش الذي ملك من الهند الى كوش على مئة وسبع وعشرين كورة.
أستير,1,83,"الإصحاح الأول آية1:- وحدث في ايام احشويروش هو احشويروش الذي ملك من الهند الى كوش على مئة وسبع وعشرين كورة.
أستير,1,84,"الإصحاح الأول آية1:- وحدث في ايام احشويروش هو احشويروش الذي ملك من الهند الى كوش على مئة وسبع وعشرين كورة.
أستير,1,85,"الإصحاح الأول آية1:- وحدث في ايام احشويروش هو احشويروش الذي ملك من الهند الى كوش على مئة وسبع وعشرين كورة.
أستير,1,86,"الإصحاح الأول آية1:- وحدث في ايام احشويروش هو احشويروش الذي ملك من الهند الى كوش على مئة وسبع وعشرين كورة.
أستير,1,87,"الإصحاح الأول آية1:- وحدث في ايام احشويروش هو احشويروش الذي ملك من الهند الى كوش على مئة وسبع وعشرين كورة.
أستير,1,88,"الإصحاح الأول آية1:- وحدث في ايام احشويروش هو احشويروش الذي ملك من الهند الى كوش على مئة وسبع وعشرين كورة.
أستير,1,89,"الإصحاح الأول آية1:- وحدث في ايام احشويروش هو احشويروش الذي ملك من الهند الى كوش على مئة وسبع وعشرين كورة.
أستير,1,90,"الإصحاح الأول آية1:- وحدث في ايام احشويروش هو احشويروش الذي ملك من الهند الى كوش على مئة وسبع وعشرين كورة.
أستير,1,91,"الإصحاح الأول آية1:- وحدث في ايام احشويروش هو احشويروش الذي ملك من الهند الى كوش على مئة وسبع وعشرين كورة.
أستير,1,92,"الإصحاح الأول آية1:- وحدث في ايام احشويروش هو احشويروش الذي ملك من الهند الى كوش على مئة وسبع وعشرين كورة.
أستير,1,93,"الإصحاح الأول آية1:- وحدث في ايام احشويروش هو احشويروش الذي ملك من الهند الى كوش على مئة وسبع وعشرين كورة.
أستير,1,94,"الإصحاح الأول آية1:- وحدث في ايام احشويروش هو احشويروش الذي ملك من الهند الى كوش على مئة وسبع وعشرين كورة.
أستير,1,95,"الإصحاح الأول آية1:- وحدث في ايام احشويروش هو احشويروش الذي ملك من الهند الى كوش على مئة وسبع وعشرين كورة.
أستير,1,96,"الإصحاح الأول آية1:- وحدث في ايام احشويروش هو احشويروش الذي ملك من الهند الى كوش على مئة وسبع وعشرين كورة.
أستير,1,97,"الإصحاح الأول آية1:- وحدث في ايام احشويروش هو احشويروش الذي ملك من الهند الى كوش على مئة وسبع وعشرين كورة.
أستير,1,98,"الإصحاح الأول آية1:- وحدث في ايام احشويروش هو احشويروش الذي ملك من الهند الى كوش على مئة وسبع وعشرين كورة.
أستير,1,99,"الإصحاح الأول آية1:- وحدث في ايام احشويروش هو احشويروش الذي ملك من الهند الى كوش على مئة وسبع وعشرين كورة.
أستير,2,1,"الإصحاح الثانى الآيات 1-4:- بعد هذه الامور لما خمد غضب الملك احشويروش ذكر وشتي وما عملته وما حتم به عليها.فقال غلمان الملك الذين يخدمونه ليطلب للملك فتيات عذارى حسنات المنظر.و ليوكل الملك وكلاء في كل بلاد مملكته ليجمعوا كل الفتيات العذارى الحسنات المنظر الى شوشن القصر الى بيت النساء الى يد هيجاي خصي الملك وحارس النساء وليعطين ادهان عطرهن. والفتاة التي تحسن في عيني الملك فلتملك مكان وشتي فحسن الكلام في عيني الملك فعمل هكذا.
أستير,2,2,"الإصحاح الثانى الآيات 1-4:- بعد هذه الامور لما خمد غضب الملك احشويروش ذكر وشتي وما عملته وما حتم به عليها.فقال غلمان الملك الذين يخدمونه ليطلب للملك فتيات عذارى حسنات المنظر.و ليوكل الملك وكلاء في كل بلاد مملكته ليجمعوا كل الفتيات العذارى الحسنات المنظر الى شوشن القصر الى بيت النساء الى يد هيجاي خصي الملك وحارس النساء وليعطين ادهان عطرهن. والفتاة التي تحسن في عيني الملك فلتملك مكان وشتي فحسن الكلام في عيني الملك فعمل هكذا.
أستير,2,3,"الإصحاح الثانى الآيات 1-4:- بعد هذه الامور لما خمد غضب الملك احشويروش ذكر وشتي وما عملته وما حتم به عليها.فقال غلمان الملك الذين يخدمونه ليطلب للملك فتيات عذارى حسنات المنظر.و ليوكل الملك وكلاء في كل بلاد مملكته ليجمعوا كل الفتيات العذارى الحسنات المنظر الى شوشن القصر الى بيت النساء الى يد هيجاي خصي الملك وحارس النساء وليعطين ادهان عطرهن. والفتاة التي تحسن في عيني الملك فلتملك مكان وشتي فحسن الكلام في عيني الملك فعمل هكذا.
أستير,2,4,"الإصحاح الثانى الآيات 1-4:- بعد هذه الامور لما خمد غضب الملك احشويروش ذكر وشتي وما عملته وما حتم به عليها.فقال غلمان الملك الذين يخدمونه ليطلب للملك فتيات عذارى حسنات المنظر.و ليوكل الملك وكلاء في كل بلاد مملكته ليجمعوا كل الفتيات العذارى الحسنات المنظر الى شوشن القصر الى بيت النساء الى يد هيجاي خصي الملك وحارس النساء وليعطين ادهان عطرهن. والفتاة التي تحسن في عيني الملك فلتملك مكان وشتي فحسن الكلام في عيني الملك فعمل هكذا.
أستير,2,5,"الإصحاح الثانى الآيات 1-4:- بعد هذه الامور لما خمد غضب الملك احشويروش ذكر وشتي وما عملته وما حتم به عليها.فقال غلمان الملك الذين يخدمونه ليطلب للملك فتيات عذارى حسنات المنظر.و ليوكل الملك وكلاء في كل بلاد مملكته ليجمعوا كل الفتيات العذارى الحسنات المنظر الى شوشن القصر الى بيت النساء الى يد هيجاي خصي الملك وحارس النساء وليعطين ادهان عطرهن. والفتاة التي تحسن في عيني الملك فلتملك مكان وشتي فحسن الكلام في عيني الملك فعمل هكذا.
أستير,2,6,"الإصحاح الثانى الآيات 1-4:- بعد هذه الامور لما خمد غضب الملك احشويروش ذكر وشتي وما عملته وما حتم به عليها.فقال غلمان الملك الذين يخدمونه ليطلب للملك فتيات عذارى حسنات المنظر.و ليوكل الملك وكلاء في كل بلاد مملكته ليجمعوا كل الفتيات العذارى الحسنات المنظر الى شوشن القصر الى بيت النساء الى يد هيجاي خصي الملك وحارس النساء وليعطين ادهان عطرهن. والفتاة التي تحسن في عيني الملك فلتملك مكان وشتي فحسن الكلام في عيني الملك فعمل هكذا.
أستير,2,7,"الإصحاح الثانى الآيات 1-4:- بعد هذه الامور لما خمد غضب الملك احشويروش ذكر وشتي وما عملته وما حتم به عليها.فقال غلمان الملك الذين يخدمونه ليطلب للملك فتيات عذارى حسنات المنظر.و ليوكل الملك وكلاء في كل بلاد مملكته ليجمعوا كل الفتيات العذارى الحسنات المنظر الى شوشن القصر الى بيت النساء الى يد هيجاي خصي الملك وحارس النساء وليعطين ادهان عطرهن. والفتاة التي تحسن في عيني الملك فلتملك مكان وشتي فحسن الكلام في عيني الملك فعمل هكذا.
أستير,2,8,"الإصحاح الثانى الآيات 1-4:- بعد هذه الامور لما خمد غضب الملك احشويروش ذكر وشتي وما عملته وما حتم به عليها.فقال غلمان الملك الذين يخدمونه ليطلب للملك فتيات عذارى حسنات المنظر.و ليوكل الملك وكلاء في كل بلاد مملكته ليجمعوا كل الفتيات العذارى الحسنات المنظر الى شوشن القصر الى بيت النساء الى يد هيجاي خصي الملك وحارس النساء وليعطين ادهان عطرهن. والفتاة التي تحسن في عيني الملك فلتملك مكان وشتي فحسن الكلام في عيني الملك فعمل هكذا.
أستير,2,9,"الإصحاح الثانى الآيات 1-4:- بعد هذه الامور لما خمد غضب الملك احشويروش ذكر وشتي وما عملته وما حتم به عليها.فقال غلمان الملك الذين يخدمونه ليطلب للملك فتيات عذارى حسنات المنظر.و ليوكل الملك وكلاء في كل بلاد مملكته ليجمعوا كل الفتيات العذارى الحسنات المنظر الى شوشن القصر الى بيت النساء الى يد هيجاي خصي الملك وحارس النساء وليعطين ادهان عطرهن. والفتاة التي تحسن في عيني الملك فلتملك مكان وشتي فحسن الكلام في عيني الملك فعمل هكذا.
أستير,2,10,"الإصحاح الثانى الآيات 1-4:- بعد هذه الامور لما خمد غضب الملك احشويروش ذكر وشتي وما عملته وما حتم به عليها.فقال غلمان الملك الذين يخدمونه ليطلب للملك فتيات عذارى حسنات المنظر.و ليوكل الملك وكلاء في كل بلاد مملكته ليجمعوا كل الفتيات العذارى الحسنات المنظر الى شوشن القصر الى بيت النساء الى يد هيجاي خصي الملك وحارس النساء وليعطين ادهان عطرهن. والفتاة التي تحسن في عيني الملك فلتملك مكان وشتي فحسن الكلام في عيني الملك فعمل هكذا.
أستير,2,11,"الإصحاح الثانى الآيات 1-4:- بعد هذه الامور لما خمد غضب الملك احشويروش ذكر وشتي وما عملته وما حتم به عليها.فقال غلمان الملك الذين يخدمونه ليطلب للملك فتيات عذارى حسنات المنظر.و ليوكل الملك وكلاء في كل بلاد مملكته ليجمعوا كل الفتيات العذارى الحسنات المنظر الى شوشن القصر الى بيت النساء الى يد هيجاي خصي الملك وحارس النساء وليعطين ادهان عطرهن. والفتاة التي تحسن في عيني الملك فلتملك مكان وشتي فحسن الكلام في عيني الملك فعمل هكذا.
أستير,2,12,"الإصحاح الثانى الآيات 1-4:- بعد هذه الامور لما خمد غضب الملك احشويروش ذكر وشتي وما عملته وما حتم به عليها.فقال غلمان الملك الذين يخدمونه ليطلب للملك فتيات عذارى حسنات المنظر.و ليوكل الملك وكلاء في كل بلاد مملكته ليجمعوا كل الفتيات العذارى الحسنات المنظر الى شوشن القصر الى بيت النساء الى يد هيجاي خصي الملك وحارس النساء وليعطين ادهان عطرهن. والفتاة التي تحسن في عيني الملك فلتملك مكان وشتي فحسن الكلام في عيني الملك فعمل هكذا.
أستير,2,13,"الإصحاح الثانى الآيات 1-4:- بعد هذه الامور لما خمد غضب الملك احشويروش ذكر وشتي وما عملته وما حتم به عليها.فقال غلمان الملك الذين يخدمونه ليطلب للملك فتيات عذارى حسنات المنظر.و ليوكل الملك وكلاء في كل بلاد مملكته ليجمعوا كل الفتيات العذارى الحسنات المنظر الى شوشن القصر الى بيت النساء الى يد هيجاي خصي الملك وحارس النساء وليعطين ادهان عطرهن. والفتاة التي تحسن في عيني الملك فلتملك مكان وشتي فحسن الكلام في عيني الملك فعمل هكذا.
أستير,2,14,"الإصحاح الثانى الآيات 1-4:- بعد هذه الامور لما خمد غضب الملك احشويروش ذكر وشتي وما عملته وما حتم به عليها.فقال غلمان الملك الذين يخدمونه ليطلب للملك فتيات عذارى حسنات المنظر.و ليوكل الملك وكلاء في كل بلاد مملكته ليجمعوا كل الفتيات العذارى الحسنات المنظر الى شوشن القصر الى بيت النساء الى يد هيجاي خصي الملك وحارس النساء وليعطين ادهان عطرهن. والفتاة التي تحسن في عيني الملك فلتملك مكان وشتي فحسن الكلام في عيني الملك فعمل هكذا.
أستير,2,15,"الإصحاح الثانى الآيات 1-4:- بعد هذه الامور لما خمد غضب الملك احشويروش ذكر وشتي وما عملته وما حتم به عليها.فقال غلمان الملك الذين يخدمونه ليطلب للملك فتيات عذارى حسنات المنظر.و ليوكل الملك وكلاء في كل بلاد مملكته ليجمعوا كل الفتيات العذارى الحسنات المنظر الى شوشن القصر الى بيت النساء الى يد هيجاي خصي الملك وحارس النساء وليعطين ادهان عطرهن. والفتاة التي تحسن في عيني الملك فلتملك مكان وشتي فحسن الكلام في عيني الملك فعمل هكذا.
أستير,2,16,"الإصحاح الثانى الآيات 1-4:- بعد هذه الامور لما خمد غضب الملك احشويروش ذكر وشتي وما عملته وما حتم به عليها.فقال غلمان الملك الذين يخدمونه ليطلب للملك فتيات عذارى حسنات المنظر.و ليوكل الملك وكلاء في كل بلاد مملكته ليجمعوا كل الفتيات العذارى الحسنات المنظر الى شوشن القصر الى بيت النساء الى يد هيجاي خصي الملك وحارس النساء وليعطين ادهان عطرهن. والفتاة التي تحسن في عيني الملك فلتملك مكان وشتي فحسن الكلام في عيني الملك فعمل هكذا.
أستير,2,17,"الإصحاح الثانى الآيات 1-4:- بعد هذه الامور لما خمد غضب الملك احشويروش ذكر وشتي وما عملته وما حتم به عليها.فقال غلمان الملك الذين يخدمونه ليطلب للملك فتيات عذارى حسنات المنظر.و ليوكل الملك وكلاء في كل بلاد مملكته ليجمعوا كل الفتيات العذارى الحسنات المنظر الى شوشن القصر الى بيت النساء الى يد هيجاي خصي الملك وحارس النساء وليعطين ادهان عطرهن. والفتاة التي تحسن في عيني الملك فلتملك مكان وشتي فحسن الكلام في عيني الملك فعمل هكذا.
أستير,2,18,"الإصحاح الثانى الآيات 1-4:- بعد هذه الامور لما خمد غضب الملك احشويروش ذكر وشتي وما عملته وما حتم به عليها.فقال غلمان الملك الذين يخدمونه ليطلب للملك فتيات عذارى حسنات المنظر.و ليوكل الملك وكلاء في كل بلاد مملكته ليجمعوا كل الفتيات العذارى الحسنات المنظر الى شوشن القصر الى بيت النساء الى يد هيجاي خصي الملك وحارس النساء وليعطين ادهان عطرهن. والفتاة التي تحسن في عيني الملك فلتملك مكان وشتي فحسن الكلام في عيني الملك فعمل هكذا.
أستير,2,19,"الإصحاح الثانى الآيات 1-4:- بعد هذه الامور لما خمد غضب الملك احشويروش ذكر وشتي وما عملته وما حتم به عليها.فقال غلمان الملك الذين يخدمونه ليطلب للملك فتيات عذارى حسنات المنظر.و ليوكل الملك وكلاء في كل بلاد مملكته ليجمعوا كل الفتيات العذارى الحسنات المنظر الى شوشن القصر الى بيت النساء الى يد هيجاي خصي الملك وحارس النساء وليعطين ادهان عطرهن. والفتاة التي تحسن في عيني الملك فلتملك مكان وشتي فحسن الكلام في عيني الملك فعمل هكذا.
أستير,2,20,"الإصحاح الثانى الآيات 1-4:- بعد هذه الامور لما خمد غضب الملك احشويروش ذكر وشتي وما عملته وما حتم به عليها.فقال غلمان الملك الذين يخدمونه ليطلب للملك فتيات عذارى حسنات المنظر.و ليوكل الملك وكلاء في كل بلاد مملكته ليجمعوا كل الفتيات العذارى الحسنات المنظر الى شوشن القصر الى بيت النساء الى يد هيجاي خصي الملك وحارس النساء وليعطين ادهان عطرهن. والفتاة التي تحسن في عيني الملك فلتملك مكان وشتي فحسن الكلام في عيني الملك فعمل هكذا.
أستير,2,21,"الإصحاح الثانى الآيات 1-4:- بعد هذه الامور لما خمد غضب الملك احشويروش ذكر وشتي وما عملته وما حتم به عليها.فقال غلمان الملك الذين يخدمونه ليطلب للملك فتيات عذارى حسنات المنظر.و ليوكل الملك وكلاء في كل بلاد مملكته ليجمعوا كل الفتيات العذارى الحسنات المنظر الى شوشن القصر الى بيت النساء الى يد هيجاي خصي الملك وحارس النساء وليعطين ادهان عطرهن. والفتاة التي تحسن في عيني الملك فلتملك مكان وشتي فحسن الكلام في عيني الملك فعمل هكذا.
أستير,2,22,"الإصحاح الثانى الآيات 1-4:- بعد هذه الامور لما خمد غضب الملك احشويروش ذكر وشتي وما عملته وما حتم به عليها.فقال غلمان الملك الذين يخدمونه ليطلب للملك فتيات عذارى حسنات المنظر.و ليوكل الملك وكلاء في كل بلاد مملكته ليجمعوا كل الفتيات العذارى الحسنات المنظر الى شوشن القصر الى بيت النساء الى يد هيجاي خصي الملك وحارس النساء وليعطين ادهان عطرهن. والفتاة التي تحسن في عيني الملك فلتملك مكان وشتي فحسن الكلام في عيني الملك فعمل هكذا.
أستير,2,23,"الإصحاح الثانى الآيات 1-4:- بعد هذه الامور لما خمد غضب الملك احشويروش ذكر وشتي وما عملته وما حتم به عليها.فقال غلمان الملك الذين يخدمونه ليطلب للملك فتيات عذارى حسنات المنظر.و ليوكل الملك وكلاء في كل بلاد مملكته ليجمعوا كل الفتيات العذارى الحسنات المنظر الى شوشن القصر الى بيت النساء الى يد هيجاي خصي الملك وحارس النساء وليعطين ادهان عطرهن. والفتاة التي تحسن في عيني الملك فلتملك مكان وشتي فحسن الكلام في عيني الملك فعمل هكذا.
أستير,2,24,"الإصحاح الثانى الآيات 1-4:- بعد هذه الامور لما خمد غضب الملك احشويروش ذكر وشتي وما عملته وما حتم به عليها.فقال غلمان الملك الذين يخدمونه ليطلب للملك فتيات عذارى حسنات المنظر.و ليوكل الملك وكلاء في كل بلاد مملكته ليجمعوا كل الفتيات العذارى الحسنات المنظر الى شوشن القصر الى بيت النساء الى يد هيجاي خصي الملك وحارس النساء وليعطين ادهان عطرهن. والفتاة التي تحسن في عيني الملك فلتملك مكان وشتي فحسن الكلام في عيني الملك فعمل هكذا.
أستير,2,25,"الإصحاح الثانى الآيات 1-4:- بعد هذه الامور لما خمد غضب الملك احشويروش ذكر وشتي وما عملته وما حتم به عليها.فقال غلمان الملك الذين يخدمونه ليطلب للملك فتيات عذارى حسنات المنظر.و ليوكل الملك وكلاء في كل بلاد مملكته ليجمعوا كل الفتيات العذارى الحسنات المنظر الى شوشن القصر الى بيت النساء الى يد هيجاي خصي الملك وحارس النساء وليعطين ادهان عطرهن. والفتاة التي تحسن في عيني الملك فلتملك مكان وشتي فحسن الكلام في عيني الملك فعمل هكذا.
أستير,2,26,"الإصحاح الثانى الآيات 1-4:- بعد هذه الامور لما خمد غضب الملك احشويروش ذكر وشتي وما عملته وما حتم به عليها.فقال غلمان الملك الذين يخدمونه ليطلب للملك فتيات عذارى حسنات المنظر.و ليوكل الملك وكلاء في كل بلاد مملكته ليجمعوا كل الفتيات العذارى الحسنات المنظر الى شوشن القصر الى بيت النساء الى يد هيجاي خصي الملك وحارس النساء وليعطين ادهان عطرهن. والفتاة التي تحسن في عيني الملك فلتملك مكان وشتي فحسن الكلام في عيني الملك فعمل هكذا.
أستير,2,27,"الإصحاح الثانى الآيات 1-4:- بعد هذه الامور لما خمد غضب الملك احشويروش ذكر وشتي وما عملته وما حتم به عليها.فقال غلمان الملك الذين يخدمونه ليطلب للملك فتيات عذارى حسنات المنظر.و ليوكل الملك وكلاء في كل بلاد مملكته ليجمعوا كل الفتيات العذارى الحسنات المنظر الى شوشن القصر الى بيت النساء الى يد هيجاي خصي الملك وحارس النساء وليعطين ادهان عطرهن. والفتاة التي تحسن في عيني الملك فلتملك مكان وشتي فحسن الكلام في عيني الملك فعمل هكذا.
أستير,2,28,"الإصحاح الثانى الآيات 1-4:- بعد هذه الامور لما خمد غضب الملك احشويروش ذكر وشتي وما عملته وما حتم به عليها.فقال غلمان الملك الذين يخدمونه ليطلب للملك فتيات عذارى حسنات المنظر.و ليوكل الملك وكلاء في كل بلاد مملكته ليجمعوا كل الفتيات العذارى الحسنات المنظر الى شوشن القصر الى بيت النساء الى يد هيجاي خصي الملك وحارس النساء وليعطين ادهان عطرهن. والفتاة التي تحسن في عيني الملك فلتملك مكان وشتي فحسن الكلام في عيني الملك فعمل هكذا.
أستير,2,29,"الإصحاح الثانى الآيات 1-4:- بعد هذه الامور لما خمد غضب الملك احشويروش ذكر وشتي وما عملته وما حتم به عليها.فقال غلمان الملك الذين يخدمونه ليطلب للملك فتيات عذارى حسنات المنظر.و ليوكل الملك وكلاء في كل بلاد مملكته ليجمعوا كل الفتيات العذارى الحسنات المنظر الى شوشن القصر الى بيت النساء الى يد هيجاي خصي الملك وحارس النساء وليعطين ادهان عطرهن. والفتاة التي تحسن في عيني الملك فلتملك مكان وشتي فحسن الكلام في عيني الملك فعمل هكذا.
أستير,2,30,"الإصحاح الثانى الآيات 1-4:- بعد هذه الامور لما خمد غضب الملك احشويروش ذكر وشتي وما عملته وما حتم به عليها.فقال غلمان الملك الذين يخدمونه ليطلب للملك فتيات عذارى حسنات المنظر.و ليوكل الملك وكلاء في كل بلاد مملكته ليجمعوا كل الفتيات العذارى الحسنات المنظر الى شوشن القصر الى بيت النساء الى يد هيجاي خصي الملك وحارس النساء وليعطين ادهان عطرهن. والفتاة التي تحسن في عيني الملك فلتملك مكان وشتي فحسن الكلام في عيني الملك فعمل هكذا.
أستير,2,31,"الإصحاح الثانى الآيات 1-4:- بعد هذه الامور لما خمد غضب الملك احشويروش ذكر وشتي وما عملته وما حتم به عليها.فقال غلمان الملك الذين يخدمونه ليطلب للملك فتيات عذارى حسنات المنظر.و ليوكل الملك وكلاء في كل بلاد مملكته ليجمعوا كل الفتيات العذارى الحسنات المنظر الى شوشن القصر الى بيت النساء الى يد هيجاي خصي الملك وحارس النساء وليعطين ادهان عطرهن. والفتاة التي تحسن في عيني الملك فلتملك مكان وشتي فحسن الكلام في عيني الملك فعمل هكذا.
أستير,2,32,"الإصحاح الثانى الآيات 1-4:- بعد هذه الامور لما خمد غضب الملك احشويروش ذكر وشتي وما عملته وما حتم به عليها.فقال غلمان الملك الذين يخدمونه ليطلب للملك فتيات عذارى حسنات المنظر.و ليوكل الملك وكلاء في كل بلاد مملكته ليجمعوا كل الفتيات العذارى الحسنات المنظر الى شوشن القصر الى بيت النساء الى يد هيجاي خصي الملك وحارس النساء وليعطين ادهان عطرهن. والفتاة التي تحسن في عيني الملك فلتملك مكان وشتي فحسن الكلام في عيني الملك فعمل هكذا.
أستير,2,33,"الإصحاح الثانى الآيات 1-4:- بعد هذه الامور لما خمد غضب الملك احشويروش ذكر وشتي وما عملته وما حتم به عليها.فقال غلمان الملك الذين يخدمونه ليطلب للملك فتيات عذارى حسنات المنظر.و ليوكل الملك وكلاء في كل بلاد مملكته ليجمعوا كل الفتيات العذارى الحسنات المنظر الى شوشن القصر الى بيت النساء الى يد هيجاي خصي الملك وحارس النساء وليعطين ادهان عطرهن. والفتاة التي تحسن في عيني الملك فلتملك مكان وشتي فحسن الكلام في عيني الملك فعمل هكذا.
أستير,2,34,"الإصحاح الثانى الآيات 1-4:- بعد هذه الامور لما خمد غضب الملك احشويروش ذكر وشتي وما عملته وما حتم به عليها.فقال غلمان الملك الذين يخدمونه ليطلب للملك فتيات عذارى حسنات المنظر.و ليوكل الملك وكلاء في كل بلاد مملكته ليجمعوا كل الفتيات العذارى الحسنات المنظر الى شوشن القصر الى بيت النساء الى يد هيجاي خصي الملك وحارس النساء وليعطين ادهان عطرهن. والفتاة التي تحسن في عيني الملك فلتملك مكان وشتي فحسن الكلام في عيني الملك فعمل هكذا.
أستير,2,35,"الإصحاح الثانى الآيات 1-4:- بعد هذه الامور لما خمد غضب الملك احشويروش ذكر وشتي وما عملته وما حتم به عليها.فقال غلمان الملك الذين يخدمونه ليطلب للملك فتيات عذارى حسنات المنظر.و ليوكل الملك وكلاء في كل بلاد مملكته ليجمعوا كل الفتيات العذارى الحسنات المنظر الى شوشن القصر الى بيت النساء الى يد هيجاي خصي الملك وحارس النساء وليعطين ادهان عطرهن. والفتاة التي تحسن في عيني الملك فلتملك مكان وشتي فحسن الكلام في عيني الملك فعمل هكذا.
أستير,2,36,"الإصحاح الثانى الآيات 1-4:- بعد هذه الامور لما خمد غضب الملك احشويروش ذكر وشتي وما عملته وما حتم به عليها.فقال غلمان الملك الذين يخدمونه ليطلب للملك فتيات عذارى حسنات المنظر.و ليوكل الملك وكلاء في كل بلاد مملكته ليجمعوا كل الفتيات العذارى الحسنات المنظر الى شوشن القصر الى بيت النساء الى يد هيجاي خصي الملك وحارس النساء وليعطين ادهان عطرهن. والفتاة التي تحسن في عيني الملك فلتملك مكان وشتي فحسن الكلام في عيني الملك فعمل هكذا.
أستير,2,37,"الإصحاح الثانى الآيات 1-4:- بعد هذه الامور لما خمد غضب الملك احشويروش ذكر وشتي وما عملته وما حتم به عليها.فقال غلمان الملك الذين يخدمونه ليطلب للملك فتيات عذارى حسنات المنظر.و ليوكل الملك وكلاء في كل بلاد مملكته ليجمعوا كل الفتيات العذارى الحسنات المنظر الى شوشن القصر الى بيت النساء الى يد هيجاي خصي الملك وحارس النساء وليعطين ادهان عطرهن. والفتاة التي تحسن في عيني الملك فلتملك مكان وشتي فحسن الكلام في عيني الملك فعمل هكذا.
أستير,2,38,"الإصحاح الثانى الآيات 1-4:- بعد هذه الامور لما خمد غضب الملك احشويروش ذكر وشتي وما عملته وما حتم به عليها.فقال غلمان الملك الذين يخدمونه ليطلب للملك فتيات عذارى حسنات المنظر.و ليوكل الملك وكلاء في كل بلاد مملكته ليجمعوا كل الفتيات العذارى الحسنات المنظر الى شوشن القصر الى بيت النساء الى يد هيجاي خصي الملك وحارس النساء وليعطين ادهان عطرهن. والفتاة التي تحسن في عيني الملك فلتملك مكان وشتي فحسن الكلام في عيني الملك فعمل هكذا.
أستير,2,39,"الإصحاح الثانى الآيات 1-4:- بعد هذه الامور لما خمد غضب الملك احشويروش ذكر وشتي وما عملته وما حتم به عليها.فقال غلمان الملك الذين يخدمونه ليطلب للملك فتيات عذارى حسنات المنظر.و ليوكل الملك وكلاء في كل بلاد مملكته ليجمعوا كل الفتيات العذارى الحسنات المنظر الى شوشن القصر الى بيت النساء الى يد هيجاي خصي الملك وحارس النساء وليعطين ادهان عطرهن. والفتاة التي تحسن في عيني الملك فلتملك مكان وشتي فحسن الكلام في عيني الملك فعمل هكذا.
أستير,2,40,"الإصحاح الثانى الآيات 1-4:- بعد هذه الامور لما خمد غضب الملك احشويروش ذكر وشتي وما عملته وما حتم به عليها.فقال غلمان الملك الذين يخدمونه ليطلب للملك فتيات عذارى حسنات المنظر.و ليوكل الملك وكلاء في كل بلاد مملكته ليجمعوا كل الفتيات العذارى الحسنات المنظر الى شوشن القصر الى بيت النساء الى يد هيجاي خصي الملك وحارس النساء وليعطين ادهان عطرهن. والفتاة التي تحسن في عيني الملك فلتملك مكان وشتي فحسن الكلام في عيني الملك فعمل هكذا.
أستير,2,41,"الإصحاح الثانى الآيات 1-4:- بعد هذه الامور لما خمد غضب الملك احشويروش ذكر وشتي وما عملته وما حتم به عليها.فقال غلمان الملك الذين يخدمونه ليطلب للملك فتيات عذارى حسنات المنظر.و ليوكل الملك وكلاء في كل بلاد مملكته ليجمعوا كل الفتيات العذارى الحسنات المنظر الى شوشن القصر الى بيت النساء الى يد هيجاي خصي الملك وحارس النساء وليعطين ادهان عطرهن. والفتاة التي تحسن في عيني الملك فلتملك مكان وشتي فحسن الكلام في عيني الملك فعمل هكذا.
أستير,2,42,"الإصحاح الثانى الآيات 1-4:- بعد هذه الامور لما خمد غضب الملك احشويروش ذكر وشتي وما عملته وما حتم به عليها.فقال غلمان الملك الذين يخدمونه ليطلب للملك فتيات عذارى حسنات المنظر.و ليوكل الملك وكلاء في كل بلاد مملكته ليجمعوا كل الفتيات العذارى الحسنات المنظر الى شوشن القصر الى بيت النساء الى يد هيجاي خصي الملك وحارس النساء وليعطين ادهان عطرهن. والفتاة التي تحسن في عيني الملك فلتملك مكان وشتي فحسن الكلام في عيني الملك فعمل هكذا.
أستير,2,43,"الإصحاح الثانى الآيات 1-4:- بعد هذه الامور لما خمد غضب الملك احشويروش ذكر وشتي وما عملته وما حتم به عليها.فقال غلمان الملك الذين يخدمونه ليطلب للملك فتيات عذارى حسنات المنظر.و ليوكل الملك وكلاء في كل بلاد مملكته ليجمعوا كل الفتيات العذارى الحسنات المنظر الى شوشن القصر الى بيت النساء الى يد هيجاي خصي الملك وحارس النساء وليعطين ادهان عطرهن. والفتاة التي تحسن في عيني الملك فلتملك مكان وشتي فحسن الكلام في عيني الملك فعمل هكذا.
أستير,2,44,"الإصحاح الثانى الآيات 1-4:- بعد هذه الامور لما خمد غضب الملك احشويروش ذكر وشتي وما عملته وما حتم به عليها.فقال غلمان الملك الذين يخدمونه ليطلب للملك فتيات عذارى حسنات المنظر.و ليوكل الملك وكلاء في كل بلاد مملكته ليجمعوا كل الفتيات العذارى الحسنات المنظر الى شوشن القصر الى بيت النساء الى يد هيجاي خصي الملك وحارس النساء وليعطين ادهان عطرهن. والفتاة التي تحسن في عيني الملك فلتملك مكان وشتي فحسن الكلام في عيني الملك فعمل هكذا.
أستير,2,45,"الإصحاح الثانى الآيات 1-4:- بعد هذه الامور لما خمد غضب الملك احشويروش ذكر وشتي وما عملته وما حتم به عليها.فقال غلمان الملك الذين يخدمونه ليطلب للملك فتيات عذارى حسنات المنظر.و ليوكل الملك وكلاء في كل بلاد مملكته ليجمعوا كل الفتيات العذارى الحسنات المنظر الى شوشن القصر الى بيت النساء الى يد هيجاي خصي الملك وحارس النساء وليعطين ادهان عطرهن. والفتاة التي تحسن في عيني الملك فلتملك مكان وشتي فحسن الكلام في عيني الملك فعمل هكذا.
أستير,2,46,"الإصحاح الثانى الآيات 1-4:- بعد هذه الامور لما خمد غضب الملك احشويروش ذكر وشتي وما عملته وما حتم به عليها.فقال غلمان الملك الذين يخدمونه ليطلب للملك فتيات عذارى حسنات المنظر.و ليوكل الملك وكلاء في كل بلاد مملكته ليجمعوا كل الفتيات العذارى الحسنات المنظر الى شوشن القصر الى بيت النساء الى يد هيجاي خصي الملك وحارس النساء وليعطين ادهان عطرهن. والفتاة التي تحسن في عيني الملك فلتملك مكان وشتي فحسن الكلام في عيني الملك فعمل هكذا.
أستير,2,47,"الإصحاح الثانى الآيات 1-4:- بعد هذه الامور لما خمد غضب الملك احشويروش ذكر وشتي وما عملته وما حتم به عليها.فقال غلمان الملك الذين يخدمونه ليطلب للملك فتيات عذارى حسنات المنظر.و ليوكل الملك وكلاء في كل بلاد مملكته ليجمعوا كل الفتيات العذارى الحسنات المنظر الى شوشن القصر الى بيت النساء الى يد هيجاي خصي الملك وحارس النساء وليعطين ادهان عطرهن. والفتاة التي تحسن في عيني الملك فلتملك مكان وشتي فحسن الكلام في عيني الملك فعمل هكذا.
أستير,2,48,"الإصحاح الثانى الآيات 1-4:- بعد هذه الامور لما خمد غضب الملك احشويروش ذكر وشتي وما عملته وما حتم به عليها.فقال غلمان الملك الذين يخدمونه ليطلب للملك فتيات عذارى حسنات المنظر.و ليوكل الملك وكلاء في كل بلاد مملكته ليجمعوا كل الفتيات العذارى الحسنات المنظر الى شوشن القصر الى بيت النساء الى يد هيجاي خصي الملك وحارس النساء وليعطين ادهان عطرهن. والفتاة التي تحسن في عيني الملك فلتملك مكان وشتي فحسن الكلام في عيني الملك فعمل هكذا.
أستير,2,49,"الإصحاح الثانى الآيات 1-4:- بعد هذه الامور لما خمد غضب الملك احشويروش ذكر وشتي وما عملته وما حتم به عليها.فقال غلمان الملك الذين يخدمونه ليطلب للملك فتيات عذارى حسنات المنظر.و ليوكل الملك وكلاء في كل بلاد مملكته ليجمعوا كل الفتيات العذارى الحسنات المنظر الى شوشن القصر الى بيت النساء الى يد هيجاي خصي الملك وحارس النساء وليعطين ادهان عطرهن. والفتاة التي تحسن في عيني الملك فلتملك مكان وشتي فحسن الكلام في عيني الملك فعمل هكذا.
أستير,2,50,"الإصحاح الثانى الآيات 1-4:- بعد هذه الامور لما خمد غضب الملك احشويروش ذكر وشتي وما عملته وما حتم به عليها.فقال غلمان الملك الذين يخدمونه ليطلب للملك فتيات عذارى حسنات المنظر.و ليوكل الملك وكلاء في كل بلاد مملكته ليجمعوا كل الفتيات العذارى الحسنات المنظر الى شوشن القصر الى بيت النساء الى يد هيجاي خصي الملك وحارس النساء وليعطين ادهان عطرهن. والفتاة التي تحسن في عيني الملك فلتملك مكان وشتي فحسن الكلام في عيني الملك فعمل هكذا.
أستير,2,51,"الإصحاح الثانى الآيات 1-4:- بعد هذه الامور لما خمد غضب الملك احشويروش ذكر وشتي وما عملته وما حتم به عليها.فقال غلمان الملك الذين يخدمونه ليطلب للملك فتيات عذارى حسنات المنظر.و ليوكل الملك وكلاء في كل بلاد مملكته ليجمعوا كل الفتيات العذارى الحسنات المنظر الى شوشن القصر الى بيت النساء الى يد هيجاي خصي الملك وحارس النساء وليعطين ادهان عطرهن. والفتاة التي تحسن في عيني الملك فلتملك مكان وشتي فحسن الكلام في عيني الملك فعمل هكذا.
أستير,2,52,"الإصحاح الثانى الآيات 1-4:- بعد هذه الامور لما خمد غضب الملك احشويروش ذكر وشتي وما عملته وما حتم به عليها.فقال غلمان الملك الذين يخدمونه ليطلب للملك فتيات عذارى حسنات المنظر.و ليوكل الملك وكلاء في كل بلاد مملكته ليجمعوا كل الفتيات العذارى الحسنات المنظر الى شوشن القصر الى بيت النساء الى يد هيجاي خصي الملك وحارس النساء وليعطين ادهان عطرهن. والفتاة التي تحسن في عيني الملك فلتملك مكان وشتي فحسن الكلام في عيني الملك فعمل هكذا.
أستير,2,53,"الإصحاح الثانى الآيات 1-4:- بعد هذه الامور لما خمد غضب الملك احشويروش ذكر وشتي وما عملته وما حتم به عليها.فقال غلمان الملك الذين يخدمونه ليطلب للملك فتيات عذارى حسنات المنظر.و ليوكل الملك وكلاء في كل بلاد مملكته ليجمعوا كل الفتيات العذارى الحسنات المنظر الى شوشن القصر الى بيت النساء الى يد هيجاي خصي الملك وحارس النساء وليعطين ادهان عطرهن. والفتاة التي تحسن في عيني الملك فلتملك مكان وشتي فحسن الكلام في عيني الملك فعمل هكذا.
أستير,2,54,"الإصحاح الثانى الآيات 1-4:- بعد هذه الامور لما خمد غضب الملك احشويروش ذكر وشتي وما عملته وما حتم به عليها.فقال غلمان الملك الذين يخدمونه ليطلب للملك فتيات عذارى حسنات المنظر.و ليوكل الملك وكلاء في كل بلاد مملكته ليجمعوا كل الفتيات العذارى الحسنات المنظر الى شوشن القصر الى بيت النساء الى يد هيجاي خصي الملك وحارس النساء وليعطين ادهان عطرهن. والفتاة التي تحسن في عيني الملك فلتملك مكان وشتي فحسن الكلام في عيني الملك فعمل هكذا.
أستير,2,55,"الإصحاح الثانى الآيات 1-4:- بعد هذه الامور لما خمد غضب الملك احشويروش ذكر وشتي وما عملته وما حتم به عليها.فقال غلمان الملك الذين يخدمونه ليطلب للملك فتيات عذارى حسنات المنظر.و ليوكل الملك وكلاء في كل بلاد مملكته ليجمعوا كل الفتيات العذارى الحسنات المنظر الى شوشن القصر الى بيت النساء الى يد هيجاي خصي الملك وحارس النساء وليعطين ادهان عطرهن. والفتاة التي تحسن في عيني الملك فلتملك مكان وشتي فحسن الكلام في عيني الملك فعمل هكذا.
أستير,2,56,"الإصحاح الثانى الآيات 1-4:- بعد هذه الامور لما خمد غضب الملك احشويروش ذكر وشتي وما عملته وما حتم به عليها.فقال غلمان الملك الذين يخدمونه ليطلب للملك فتيات عذارى حسنات المنظر.و ليوكل الملك وكلاء في كل بلاد مملكته ليجمعوا كل الفتيات العذارى الحسنات المنظر الى شوشن القصر الى بيت النساء الى يد هيجاي خصي الملك وحارس النساء وليعطين ادهان عطرهن. والفتاة التي تحسن في عيني الملك فلتملك مكان وشتي فحسن الكلام في عيني الملك فعمل هكذا.
أستير,2,57,"الإصحاح الثانى الآيات 1-4:- بعد هذه الامور لما خمد غضب الملك احشويروش ذكر وشتي وما عملته وما حتم به عليها.فقال غلمان الملك الذين يخدمونه ليطلب للملك فتيات عذارى حسنات المنظر.و ليوكل الملك وكلاء في كل بلاد مملكته ليجمعوا كل الفتيات العذارى الحسنات المنظر الى شوشن القصر الى بيت النساء الى يد هيجاي خصي الملك وحارس النساء وليعطين ادهان عطرهن. والفتاة التي تحسن في عيني الملك فلتملك مكان وشتي فحسن الكلام في عيني الملك فعمل هكذا.
أستير,2,58,"الإصحاح الثانى الآيات 1-4:- بعد هذه الامور لما خمد غضب الملك احشويروش ذكر وشتي وما عملته وما حتم به عليها.فقال غلمان الملك الذين يخدمونه ليطلب للملك فتيات عذارى حسنات المنظر.و ليوكل الملك وكلاء في كل بلاد مملكته ليجمعوا كل الفتيات العذارى الحسنات المنظر الى شوشن القصر الى بيت النساء الى يد هيجاي خصي الملك وحارس النساء وليعطين ادهان عطرهن. والفتاة التي تحسن في عيني الملك فلتملك مكان وشتي فحسن الكلام في عيني الملك فعمل هكذا.
أستير,2,59,"الإصحاح الثانى الآيات 1-4:- بعد هذه الامور لما خمد غضب الملك احشويروش ذكر وشتي وما عملته وما حتم به عليها.فقال غلمان الملك الذين يخدمونه ليطلب للملك فتيات عذارى حسنات المنظر.و ليوكل الملك وكلاء في كل بلاد مملكته ليجمعوا كل الفتيات العذارى الحسنات المنظر الى شوشن القصر الى بيت النساء الى يد هيجاي خصي الملك وحارس النساء وليعطين ادهان عطرهن. والفتاة التي تحسن في عيني الملك فلتملك مكان وشتي فحسن الكلام في عيني الملك فعمل هكذا.
أستير,2,60,"الإصحاح الثانى الآيات 1-4:- بعد هذه الامور لما خمد غضب الملك احشويروش ذكر وشتي وما عملته وما حتم به عليها.فقال غلمان الملك الذين يخدمونه ليطلب للملك فتيات عذارى حسنات المنظر.و ليوكل الملك وكلاء في كل بلاد مملكته ليجمعوا كل الفتيات العذارى الحسنات المنظر الى شوشن القصر الى بيت النساء الى يد هيجاي خصي الملك وحارس النساء وليعطين ادهان عطرهن. والفتاة التي تحسن في عيني الملك فلتملك مكان وشتي فحسن الكلام في عيني الملك فعمل هكذا.
أستير,2,61,"الإصحاح الثانى الآيات 1-4:- بعد هذه الامور لما خمد غضب الملك احشويروش ذكر وشتي وما عملته وما حتم به عليها.فقال غلمان الملك الذين يخدمونه ليطلب للملك فتيات عذارى حسنات المنظر.و ليوكل الملك وكلاء في كل بلاد مملكته ليجمعوا كل الفتيات العذارى الحسنات المنظر الى شوشن القصر الى بيت النساء الى يد هيجاي خصي الملك وحارس النساء وليعطين ادهان عطرهن. والفتاة التي تحسن في عيني الملك فلتملك مكان وشتي فحسن الكلام في عيني الملك فعمل هكذا.
أستير,2,62,"الإصحاح الثانى الآيات 1-4:- بعد هذه الامور لما خمد غضب الملك احشويروش ذكر وشتي وما عملته وما حتم به عليها.فقال غلمان الملك الذين يخدمونه ليطلب للملك فتيات عذارى حسنات المنظر.و ليوكل الملك وكلاء في كل بلاد مملكته ليجمعوا كل الفتيات العذارى الحسنات المنظر الى شوشن القصر الى بيت النساء الى يد هيجاي خصي الملك وحارس النساء وليعطين ادهان عطرهن. والفتاة التي تحسن في عيني الملك فلتملك مكان وشتي فحسن الكلام في عيني الملك فعمل هكذا.
أستير,2,63,"الإصحاح الثانى الآيات 1-4:- بعد هذه الامور لما خمد غضب الملك احشويروش ذكر وشتي وما عملته وما حتم به عليها.فقال غلمان الملك الذين يخدمونه ليطلب للملك فتيات عذارى حسنات المنظر.و ليوكل الملك وكلاء في كل بلاد مملكته ليجمعوا كل الفتيات العذارى الحسنات المنظر الى شوشن القصر الى بيت النساء الى يد هيجاي خصي الملك وحارس النساء وليعطين ادهان عطرهن. والفتاة التي تحسن في عيني الملك فلتملك مكان وشتي فحسن الكلام في عيني الملك فعمل هكذا.
أستير,2,64,"الإصحاح الثانى الآيات 1-4:- بعد هذه الامور لما خمد غضب الملك احشويروش ذكر وشتي وما عملته وما حتم به عليها.فقال غلمان الملك الذين يخدمونه ليطلب للملك فتيات عذارى حسنات المنظر.و ليوكل الملك وكلاء في كل بلاد مملكته ليجمعوا كل الفتيات العذارى الحسنات المنظر الى شوشن القصر الى بيت النساء الى يد هيجاي خصي الملك وحارس النساء وليعطين ادهان عطرهن. والفتاة التي تحسن في عيني الملك فلتملك مكان وشتي فحسن الكلام في عيني الملك فعمل هكذا.
أستير,2,65,"الإصحاح الثانى الآيات 1-4:- بعد هذه الامور لما خمد غضب الملك احشويروش ذكر وشتي وما عملته وما حتم به عليها.فقال غلمان الملك الذين يخدمونه ليطلب للملك فتيات عذارى حسنات المنظر.و ليوكل الملك وكلاء في كل بلاد مملكته ليجمعوا كل الفتيات العذارى الحسنات المنظر الى شوشن القصر الى بيت النساء الى يد هيجاي خصي الملك وحارس النساء وليعطين ادهان عطرهن. والفتاة التي تحسن في عيني الملك فلتملك مكان وشتي فحسن الكلام في عيني الملك فعمل هكذا.
أستير,2,66,"الإصحاح الثانى الآيات 1-4:- بعد هذه الامور لما خمد غضب الملك احشويروش ذكر وشتي وما عملته وما حتم به عليها.فقال غلمان الملك الذين يخدمونه ليطلب للملك فتيات عذارى حسنات المنظر.و ليوكل الملك وكلاء في كل بلاد مملكته ليجمعوا كل الفتيات العذارى الحسنات المنظر الى شوشن القصر الى بيت النساء الى يد هيجاي خصي الملك وحارس النساء وليعطين ادهان عطرهن. والفتاة التي تحسن في عيني الملك فلتملك مكان وشتي فحسن الكلام في عيني الملك فعمل هكذا.
أستير,2,67,"الإصحاح الثانى الآيات 1-4:- بعد هذه الامور لما خمد غضب الملك احشويروش ذكر وشتي وما عملته وما حتم به عليها.فقال غلمان الملك الذين يخدمونه ليطلب للملك فتيات عذارى حسنات المنظر.و ليوكل الملك وكلاء في كل بلاد مملكته ليجمعوا كل الفتيات العذارى الحسنات المنظر الى شوشن القصر الى بيت النساء الى يد هيجاي خصي الملك وحارس النساء وليعطين ادهان عطرهن. والفتاة التي تحسن في عيني الملك فلتملك مكان وشتي فحسن الكلام في عيني الملك فعمل هكذا.
أستير,2,68,"الإصحاح الثانى الآيات 1-4:- بعد هذه الامور لما خمد غضب الملك احشويروش ذكر وشتي وما عملته وما حتم به عليها.فقال غلمان الملك الذين يخدمونه ليطلب للملك فتيات عذارى حسنات المنظر.و ليوكل الملك وكلاء في كل بلاد مملكته ليجمعوا كل الفتيات العذارى الحسنات المنظر الى شوشن القصر الى بيت النساء الى يد هيجاي خصي الملك وحارس النساء وليعطين ادهان عطرهن. والفتاة التي تحسن في عيني الملك فلتملك مكان وشتي فحسن الكلام في عيني الملك فعمل هكذا.
أستير,2,69,"الإصحاح الثانى الآيات 1-4:- بعد هذه الامور لما خمد غضب الملك احشويروش ذكر وشتي وما عملته وما حتم به عليها.فقال غلمان الملك الذين يخدمونه ليطلب للملك فتيات عذارى حسنات المنظر.و ليوكل الملك وكلاء في كل بلاد مملكته ليجمعوا كل الفتيات العذارى الحسنات المنظر الى شوشن القصر الى بيت النساء الى يد هيجاي خصي الملك وحارس النساء وليعطين ادهان عطرهن. والفتاة التي تحسن في عيني الملك فلتملك مكان وشتي فحسن الكلام في عيني الملك فعمل هكذا.
أستير,2,70,"الإصحاح الثانى الآيات 1-4:- بعد هذه الامور لما خمد غضب الملك احشويروش ذكر وشتي وما عملته وما حتم به عليها.فقال غلمان الملك الذين يخدمونه ليطلب للملك فتيات عذارى حسنات المنظر.و ليوكل الملك وكلاء في كل بلاد مملكته ليجمعوا كل الفتيات العذارى الحسنات المنظر الى شوشن القصر الى بيت النساء الى يد هيجاي خصي الملك وحارس النساء وليعطين ادهان عطرهن. والفتاة التي تحسن في عيني الملك فلتملك مكان وشتي فحسن الكلام في عيني الملك فعمل هكذا.
أستير,2,71,"الإصحاح الثانى الآيات 1-4:- بعد هذه الامور لما خمد غضب الملك احشويروش ذكر وشتي وما عملته وما حتم به عليها.فقال غلمان الملك الذين يخدمونه ليطلب للملك فتيات عذارى حسنات المنظر.و ليوكل الملك وكلاء في كل بلاد مملكته ليجمعوا كل الفتيات العذارى الحسنات المنظر الى شوشن القصر الى بيت النساء الى يد هيجاي خصي الملك وحارس النساء وليعطين ادهان عطرهن. والفتاة التي تحسن في عيني الملك فلتملك مكان وشتي فحسن الكلام في عيني الملك فعمل هكذا.
أستير,2,72,"الإصحاح الثانى الآيات 1-4:- بعد هذه الامور لما خمد غضب الملك احشويروش ذكر وشتي وما عملته وما حتم به عليها.فقال غلمان الملك الذين يخدمونه ليطلب للملك فتيات عذارى حسنات المنظر.و ليوكل الملك وكلاء في كل بلاد مملكته ليجمعوا كل الفتيات العذارى الحسنات المنظر الى شوشن القصر الى بيت النساء الى يد هيجاي خصي الملك وحارس النساء وليعطين ادهان عطرهن. والفتاة التي تحسن في عيني الملك فلتملك مكان وشتي فحسن الكلام في عيني الملك فعمل هكذا.
أستير,2,73,"الإصحاح الثانى الآيات 1-4:- بعد هذه الامور لما خمد غضب الملك احشويروش ذكر وشتي وما عملته وما حتم به عليها.فقال غلمان الملك الذين يخدمونه ليطلب للملك فتيات عذارى حسنات المنظر.و ليوكل الملك وكلاء في كل بلاد مملكته ليجمعوا كل الفتيات العذارى الحسنات المنظر الى شوشن القصر الى بيت النساء الى يد هيجاي خصي الملك وحارس النساء وليعطين ادهان عطرهن. والفتاة التي تحسن في عيني الملك فلتملك مكان وشتي فحسن الكلام في عيني الملك فعمل هكذا.
أستير,2,74,"الإصحاح الثانى الآيات 1-4:- بعد هذه الامور لما خمد غضب الملك احشويروش ذكر وشتي وما عملته وما حتم به عليها.فقال غلمان الملك الذين يخدمونه ليطلب للملك فتيات عذارى حسنات المنظر.و ليوكل الملك وكلاء في كل بلاد مملكته ليجمعوا كل الفتيات العذارى الحسنات المنظر الى شوشن القصر الى بيت النساء الى يد هيجاي خصي الملك وحارس النساء وليعطين ادهان عطرهن. والفتاة التي تحسن في عيني الملك فلتملك مكان وشتي فحسن الكلام في عيني الملك فعمل هكذا.
أستير,2,75,"الإصحاح الثانى الآيات 1-4:- بعد هذه الامور لما خمد غضب الملك احشويروش ذكر وشتي وما عملته وما حتم به عليها.فقال غلمان الملك الذين يخدمونه ليطلب للملك فتيات عذارى حسنات المنظر.و ليوكل الملك وكلاء في كل بلاد مملكته ليجمعوا كل الفتيات العذارى الحسنات المنظر الى شوشن القصر الى بيت النساء الى يد هيجاي خصي الملك وحارس النساء وليعطين ادهان عطرهن. والفتاة التي تحسن في عيني الملك فلتملك مكان وشتي فحسن الكلام في عيني الملك فعمل هكذا.
أستير,2,76,"الإصحاح الثانى الآيات 1-4:- بعد هذه الامور لما خمد غضب الملك احشويروش ذكر وشتي وما عملته وما حتم به عليها.فقال غلمان الملك الذين يخدمونه ليطلب للملك فتيات عذارى حسنات المنظر.و ليوكل الملك وكلاء في كل بلاد مملكته ليجمعوا كل الفتيات العذارى الحسنات المنظر الى شوشن القصر الى بيت النساء الى يد هيجاي خصي الملك وحارس النساء وليعطين ادهان عطرهن. والفتاة التي تحسن في عيني الملك فلتملك مكان وشتي فحسن الكلام في عيني الملك فعمل هكذا.
أستير,2,77,"الإصحاح الثانى الآيات 1-4:- بعد هذه الامور لما خمد غضب الملك احشويروش ذكر وشتي وما عملته وما حتم به عليها.فقال غلمان الملك الذين يخدمونه ليطلب للملك فتيات عذارى حسنات المنظر.و ليوكل الملك وكلاء في كل بلاد مملكته ليجمعوا كل الفتيات العذارى الحسنات المنظر الى شوشن القصر الى بيت النساء الى يد هيجاي خصي الملك وحارس النساء وليعطين ادهان عطرهن. والفتاة التي تحسن في عيني الملك فلتملك مكان وشتي فحسن الكلام في عيني الملك فعمل هكذا.
أستير,2,78,"الإصحاح الثانى الآيات 1-4:- بعد هذه الامور لما خمد غضب الملك احشويروش ذكر وشتي وما عملته وما حتم به عليها.فقال غلمان الملك الذين يخدمونه ليطلب للملك فتيات عذارى حسنات المنظر.و ليوكل الملك وكلاء في كل بلاد مملكته ليجمعوا كل الفتيات العذارى الحسنات المنظر الى شوشن القصر الى بيت النساء الى يد هيجاي خصي الملك وحارس النساء وليعطين ادهان عطرهن. والفتاة التي تحسن في عيني الملك فلتملك مكان وشتي فحسن الكلام في عيني الملك فعمل هكذا.
أستير,2,79,"الإصحاح الثانى الآيات 1-4:- بعد هذه الامور لما خمد غضب الملك احشويروش ذكر وشتي وما عملته وما حتم به عليها.فقال غلمان الملك الذين يخدمونه ليطلب للملك فتيات عذارى حسنات المنظر.و ليوكل الملك وكلاء في كل بلاد مملكته ليجمعوا كل الفتيات العذارى الحسنات المنظر الى شوشن القصر الى بيت النساء الى يد هيجاي خصي الملك وحارس النساء وليعطين ادهان عطرهن. والفتاة التي تحسن في عيني الملك فلتملك مكان وشتي فحسن الكلام في عيني الملك فعمل هكذا.
أستير,2,80,"الإصحاح الثانى الآيات 1-4:- بعد هذه الامور لما خمد غضب الملك احشويروش ذكر وشتي وما عملته وما حتم به عليها.فقال غلمان الملك الذين يخدمونه ليطلب للملك فتيات عذارى حسنات المنظر.و ليوكل الملك وكلاء في كل بلاد مملكته ليجمعوا كل الفتيات العذارى الحسنات المنظر الى شوشن القصر الى بيت النساء الى يد هيجاي خصي الملك وحارس النساء وليعطين ادهان عطرهن. والفتاة التي تحسن في عيني الملك فلتملك مكان وشتي فحسن الكلام في عيني الملك فعمل هكذا.
أستير,2,81,"الإصحاح الثانى الآيات 1-4:- بعد هذه الامور لما خمد غضب الملك احشويروش ذكر وشتي وما عملته وما حتم به عليها.فقال غلمان الملك الذين يخدمونه ليطلب للملك فتيات عذارى حسنات المنظر.و ليوكل الملك وكلاء في كل بلاد مملكته ليجمعوا كل الفتيات العذارى الحسنات المنظر الى شوشن القصر الى بيت النساء الى يد هيجاي خصي الملك وحارس النساء وليعطين ادهان عطرهن. والفتاة التي تحسن في عيني الملك فلتملك مكان وشتي فحسن الكلام في عيني الملك فعمل هكذا.
أستير,2,82,"الإصحاح الثانى الآيات 1-4:- بعد هذه الامور لما خمد غضب الملك احشويروش ذكر وشتي وما عملته وما حتم به عليها.فقال غلمان الملك الذين يخدمونه ليطلب للملك فتيات عذارى حسنات المنظر.و ليوكل الملك وكلاء في كل بلاد مملكته ليجمعوا كل الفتيات العذارى الحسنات المنظر الى شوشن القصر الى بيت النساء الى يد هيجاي خصي الملك وحارس النساء وليعطين ادهان عطرهن. والفتاة التي تحسن في عيني الملك فلتملك مكان وشتي فحسن الكلام في عيني الملك فعمل هكذا.
أستير,2,83,"الإصحاح الثانى الآيات 1-4:- بعد هذه الامور لما خمد غضب الملك احشويروش ذكر وشتي وما عملته وما حتم به عليها.فقال غلمان الملك الذين يخدمونه ليطلب للملك فتيات عذارى حسنات المنظر.و ليوكل الملك وكلاء في كل بلاد مملكته ليجمعوا كل الفتيات العذارى الحسنات المنظر الى شوشن القصر الى بيت النساء الى يد هيجاي خصي الملك وحارس النساء وليعطين ادهان عطرهن. والفتاة التي تحسن في عيني الملك فلتملك مكان وشتي فحسن الكلام في عيني الملك فعمل هكذا.
أستير,2,84,"الإصحاح الثانى الآيات 1-4:- بعد هذه الامور لما خمد غضب الملك احشويروش ذكر وشتي وما عملته وما حتم به عليها.فقال غلمان الملك الذين يخدمونه ليطلب للملك فتيات عذارى حسنات المنظر.و ليوكل الملك وكلاء في كل بلاد مملكته ليجمعوا كل الفتيات العذارى الحسنات المنظر الى شوشن القصر الى بيت النساء الى يد هيجاي خصي الملك وحارس النساء وليعطين ادهان عطرهن. والفتاة التي تحسن في عيني الملك فلتملك مكان وشتي فحسن الكلام في عيني الملك فعمل هكذا.
أستير,2,85,"الإصحاح الثانى الآيات 1-4:- بعد هذه الامور لما خمد غضب الملك احشويروش ذكر وشتي وما عملته وما حتم به عليها.فقال غلمان الملك الذين يخدمونه ليطلب للملك فتيات عذارى حسنات المنظر.و ليوكل الملك وكلاء في كل بلاد مملكته ليجمعوا كل الفتيات العذارى الحسنات المنظر الى شوشن القصر الى بيت النساء الى يد هيجاي خصي الملك وحارس النساء وليعطين ادهان عطرهن. والفتاة التي تحسن في عيني الملك فلتملك مكان وشتي فحسن الكلام في عيني الملك فعمل هكذا.
أستير,2,86,"الإصحاح الثانى الآيات 1-4:- بعد هذه الامور لما خمد غضب الملك احشويروش ذكر وشتي وما عملته وما حتم به عليها.فقال غلمان الملك الذين يخدمونه ليطلب للملك فتيات عذارى حسنات المنظر.و ليوكل الملك وكلاء في كل بلاد مملكته ليجمعوا كل الفتيات العذارى الحسنات المنظر الى شوشن القصر الى بيت النساء الى يد هيجاي خصي الملك وحارس النساء وليعطين ادهان عطرهن. والفتاة التي تحسن في عيني الملك فلتملك مكان وشتي فحسن الكلام في عيني الملك فعمل هكذا.
أستير,2,87,"الإصحاح الثانى الآيات 1-4:- بعد هذه الامور لما خمد غضب الملك احشويروش ذكر وشتي وما عملته وما حتم به عليها.فقال غلمان الملك الذين يخدمونه ليطلب للملك فتيات عذارى حسنات المنظر.و ليوكل الملك وكلاء في كل بلاد مملكته ليجمعوا كل الفتيات العذارى الحسنات المنظر الى شوشن القصر الى بيت النساء الى يد هيجاي خصي الملك وحارس النساء وليعطين ادهان عطرهن. والفتاة التي تحسن في عيني الملك فلتملك مكان وشتي فحسن الكلام في عيني الملك فعمل هكذا.
أستير,2,88,"الإصحاح الثانى الآيات 1-4:- بعد هذه الامور لما خمد غضب الملك احشويروش ذكر وشتي وما عملته وما حتم به عليها.فقال غلمان الملك الذين يخدمونه ليطلب للملك فتيات عذارى حسنات المنظر.و ليوكل الملك وكلاء في كل بلاد مملكته ليجمعوا كل الفتيات العذارى الحسنات المنظر الى شوشن القصر الى بيت النساء الى يد هيجاي خصي الملك وحارس النساء وليعطين ادهان عطرهن. والفتاة التي تحسن في عيني الملك فلتملك مكان وشتي فحسن الكلام في عيني الملك فعمل هكذا.
أستير,2,89,"الإصحاح الثانى الآيات 1-4:- بعد هذه الامور لما خمد غضب الملك احشويروش ذكر وشتي وما عملته وما حتم به عليها.فقال غلمان الملك الذين يخدمونه ليطلب للملك فتيات عذارى حسنات المنظر.و ليوكل الملك وكلاء في كل بلاد مملكته ليجمعوا كل الفتيات العذارى الحسنات المنظر الى شوشن القصر الى بيت النساء الى يد هيجاي خصي الملك وحارس النساء وليعطين ادهان عطرهن. والفتاة التي تحسن في عيني الملك فلتملك مكان وشتي فحسن الكلام في عيني الملك فعمل هكذا.
أستير,2,90,"الإصحاح الثانى الآيات 1-4:- بعد هذه الامور لما خمد غضب الملك احشويروش ذكر وشتي وما عملته وما حتم به عليها.فقال غلمان الملك الذين يخدمونه ليطلب للملك فتيات عذارى حسنات المنظر.و ليوكل الملك وكلاء في كل بلاد مملكته ليجمعوا كل الفتيات العذارى الحسنات المنظر الى شوشن القصر الى بيت النساء الى يد هيجاي خصي الملك وحارس النساء وليعطين ادهان عطرهن. والفتاة التي تحسن في عيني الملك فلتملك مكان وشتي فحسن الكلام في عيني الملك فعمل هكذا.
أستير,2,91,"الإصحاح الثانى الآيات 1-4:- بعد هذه الامور لما خمد غضب الملك احشويروش ذكر وشتي وما عملته وما حتم به عليها.فقال غلمان الملك الذين يخدمونه ليطلب للملك فتيات عذارى حسنات المنظر.و ليوكل الملك وكلاء في كل بلاد مملكته ليجمعوا كل الفتيات العذارى الحسنات المنظر الى شوشن القصر الى بيت النساء الى يد هيجاي خصي الملك وحارس النساء وليعطين ادهان عطرهن. والفتاة التي تحسن في عيني الملك فلتملك مكان وشتي فحسن الكلام في عيني الملك فعمل هكذا.
أستير,2,92,"الإصحاح الثانى الآيات 1-4:- بعد هذه الامور لما خمد غضب الملك احشويروش ذكر وشتي وما عملته وما حتم به عليها.فقال غلمان الملك الذين يخدمونه ليطلب للملك فتيات عذارى حسنات المنظر.و ليوكل الملك وكلاء في كل بلاد مملكته ليجمعوا كل الفتيات العذارى الحسنات المنظر الى شوشن القصر الى بيت النساء الى يد هيجاي خصي الملك وحارس النساء وليعطين ادهان عطرهن. والفتاة التي تحسن في عيني الملك فلتملك مكان وشتي فحسن الكلام في عيني الملك فعمل هكذا.
أستير,2,93,"الإصحاح الثانى الآيات 1-4:- بعد هذه الامور لما خمد غضب الملك احشويروش ذكر وشتي وما عملته وما حتم به عليها.فقال غلمان الملك الذين يخدمونه ليطلب للملك فتيات عذارى حسنات المنظر.و ليوكل الملك وكلاء في كل بلاد مملكته ليجمعوا كل الفتيات العذارى الحسنات المنظر الى شوشن القصر الى بيت النساء الى يد هيجاي خصي الملك وحارس النساء وليعطين ادهان عطرهن. والفتاة التي تحسن في عيني الملك فلتملك مكان وشتي فحسن الكلام في عيني الملك فعمل هكذا.
أستير,2,94,"الإصحاح الثانى الآيات 1-4:- بعد هذه الامور لما خمد غضب الملك احشويروش ذكر وشتي وما عملته وما حتم به عليها.فقال غلمان الملك الذين يخدمونه ليطلب للملك فتيات عذارى حسنات المنظر.و ليوكل الملك وكلاء في كل بلاد مملكته ليجمعوا كل الفتيات العذارى الحسنات المنظر الى شوشن القصر الى بيت النساء الى يد هيجاي خصي الملك وحارس النساء وليعطين ادهان عطرهن. والفتاة التي تحسن في عيني الملك فلتملك مكان وشتي فحسن الكلام في عيني الملك فعمل هكذا.
أستير,2,95,"الإصحاح الثانى الآيات 1-4:- بعد هذه الامور لما خمد غضب الملك احشويروش ذكر وشتي وما عملته وما حتم به عليها.فقال غلمان الملك الذين يخدمونه ليطلب للملك فتيات عذارى حسنات المنظر.و ليوكل الملك وكلاء في كل بلاد مملكته ليجمعوا كل الفتيات العذارى الحسنات المنظر الى شوشن القصر الى بيت النساء الى يد هيجاي خصي الملك وحارس النساء وليعطين ادهان عطرهن. والفتاة التي تحسن في عيني الملك فلتملك مكان وشتي فحسن الكلام في عيني الملك فعمل هكذا.
أستير,2,96,"الإصحاح الثانى الآيات 1-4:- بعد هذه الامور لما خمد غضب الملك احشويروش ذكر وشتي وما عملته وما حتم به عليها.فقال غلمان الملك الذين يخدمونه ليطلب للملك فتيات عذارى حسنات المنظر.و ليوكل الملك وكلاء في كل بلاد مملكته ليجمعوا كل الفتيات العذارى الحسنات المنظر الى شوشن القصر الى بيت النساء الى يد هيجاي خصي الملك وحارس النساء وليعطين ادهان عطرهن. والفتاة التي تحسن في عيني الملك فلتملك مكان وشتي فحسن الكلام في عيني الملك فعمل هكذا.
أستير,2,97,"الإصحاح الثانى الآيات 1-4:- بعد هذه الامور لما خمد غضب الملك احشويروش ذكر وشتي وما عملته وما حتم به عليها.فقال غلمان الملك الذين يخدمونه ليطلب للملك فتيات عذارى حسنات المنظر.و ليوكل الملك وكلاء في كل بلاد مملكته ليجمعوا كل الفتيات العذارى الحسنات المنظر الى شوشن القصر الى بيت النساء الى يد هيجاي خصي الملك وحارس النساء وليعطين ادهان عطرهن. والفتاة التي تحسن في عيني الملك فلتملك مكان وشتي فحسن الكلام في عيني الملك فعمل هكذا.
أستير,2,98,"الإصحاح الثانى الآيات 1-4:- بعد هذه الامور لما خمد غضب الملك احشويروش ذكر وشتي وما عملته وما حتم به عليها.فقال غلمان الملك الذين يخدمونه ليطلب للملك فتيات عذارى حسنات المنظر.و ليوكل الملك وكلاء في كل بلاد مملكته ليجمعوا كل الفتيات العذارى الحسنات المنظر الى شوشن القصر الى بيت النساء الى يد هيجاي خصي الملك وحارس النساء وليعطين ادهان عطرهن. والفتاة التي تحسن في عيني الملك فلتملك مكان وشتي فحسن الكلام في عيني الملك فعمل هكذا.
أستير,2,99,"الإصحاح الثانى الآيات 1-4:- بعد هذه الامور لما خمد غضب الملك احشويروش ذكر وشتي وما عملته وما حتم به عليها.فقال غلمان الملك الذين يخدمونه ليطلب للملك فتيات عذارى حسنات المنظر.و ليوكل الملك وكلاء في كل بلاد مملكته ليجمعوا كل الفتيات العذارى الحسنات المنظر الى شوشن القصر الى بيت النساء الى يد هيجاي خصي الملك وحارس النساء وليعطين ادهان عطرهن. والفتاة التي تحسن في عيني الملك فلتملك مكان وشتي فحسن الكلام في عيني الملك فعمل هكذا.
أستير,3,1,"الإصحاح الثالث الآيات 2\'a1 1:- بعد هذه الامور عظم الملك احشويروش هامان بن همداثا الاجاجي ورقاه وجعل كرسيه فوق جميع الرؤساء الذين معه.فكان كل عبيد الملك الذين بباب الملك يجثون ويسجدون لهامان لانه هكذا اوصى به الملك واما مردخاي فلم يجث ولم يسجد.
أستير,3,2,"الإصحاح الثالث الآيات 2\'a1 1:- بعد هذه الامور عظم الملك احشويروش هامان بن همداثا الاجاجي ورقاه وجعل كرسيه فوق جميع الرؤساء الذين معه.فكان كل عبيد الملك الذين بباب الملك يجثون ويسجدون لهامان لانه هكذا اوصى به الملك واما مردخاي فلم يجث ولم يسجد.
أستير,3,3,"الإصحاح الثالث الآيات 2\'a1 1:- بعد هذه الامور عظم الملك احشويروش هامان بن همداثا الاجاجي ورقاه وجعل كرسيه فوق جميع الرؤساء الذين معه.فكان كل عبيد الملك الذين بباب الملك يجثون ويسجدون لهامان لانه هكذا اوصى به الملك واما مردخاي فلم يجث ولم يسجد.
أستير,3,4,"الإصحاح الثالث الآيات 2\'a1 1:- بعد هذه الامور عظم الملك احشويروش هامان بن همداثا الاجاجي ورقاه وجعل كرسيه فوق جميع الرؤساء الذين معه.فكان كل عبيد الملك الذين بباب الملك يجثون ويسجدون لهامان لانه هكذا اوصى به الملك واما مردخاي فلم يجث ولم يسجد.
أستير,3,5,"الإصحاح الثالث الآيات 2\'a1 1:- بعد هذه الامور عظم الملك احشويروش هامان بن همداثا الاجاجي ورقاه وجعل كرسيه فوق جميع الرؤساء الذين معه.فكان كل عبيد الملك الذين بباب الملك يجثون ويسجدون لهامان لانه هكذا اوصى به الملك واما مردخاي فلم يجث ولم يسجد.
أستير,3,6,"الإصحاح الثالث الآيات 2\'a1 1:- بعد هذه الامور عظم الملك احشويروش هامان بن همداثا الاجاجي ورقاه وجعل كرسيه فوق جميع الرؤساء الذين معه.فكان كل عبيد الملك الذين بباب الملك يجثون ويسجدون لهامان لانه هكذا اوصى به الملك واما مردخاي فلم يجث ولم يسجد.
أستير,3,7,"الإصحاح الثالث الآيات 2\'a1 1:- بعد هذه الامور عظم الملك احشويروش هامان بن همداثا الاجاجي ورقاه وجعل كرسيه فوق جميع الرؤساء الذين معه.فكان كل عبيد الملك الذين بباب الملك يجثون ويسجدون لهامان لانه هكذا اوصى به الملك واما مردخاي فلم يجث ولم يسجد.
أستير,3,8,"الإصحاح الثالث الآيات 2\'a1 1:- بعد هذه الامور عظم الملك احشويروش هامان بن همداثا الاجاجي ورقاه وجعل كرسيه فوق جميع الرؤساء الذين معه.فكان كل عبيد الملك الذين بباب الملك يجثون ويسجدون لهامان لانه هكذا اوصى به الملك واما مردخاي فلم يجث ولم يسجد.
أستير,3,9,"الإصحاح الثالث الآيات 2\'a1 1:- بعد هذه الامور عظم الملك احشويروش هامان بن همداثا الاجاجي ورقاه وجعل كرسيه فوق جميع الرؤساء الذين معه.فكان كل عبيد الملك الذين بباب الملك يجثون ويسجدون لهامان لانه هكذا اوصى به الملك واما مردخاي فلم يجث ولم يسجد.
أستير,3,10,"الإصحاح الثالث الآيات 2\'a1 1:- بعد هذه الامور عظم الملك احشويروش هامان بن همداثا الاجاجي ورقاه وجعل كرسيه فوق جميع الرؤساء الذين معه.فكان كل عبيد الملك الذين بباب الملك يجثون ويسجدون لهامان لانه هكذا اوصى به الملك واما مردخاي فلم يجث ولم يسجد.
أستير,3,11,"الإصحاح الثالث الآيات 2\'a1 1:- بعد هذه الامور عظم الملك احشويروش هامان بن همداثا الاجاجي ورقاه وجعل كرسيه فوق جميع الرؤساء الذين معه.فكان كل عبيد الملك الذين بباب الملك يجثون ويسجدون لهامان لانه هكذا اوصى به الملك واما مردخاي فلم يجث ولم يسجد.
أستير,3,12,"الإصحاح الثالث الآيات 2\'a1 1:- بعد هذه الامور عظم الملك احشويروش هامان بن همداثا الاجاجي ورقاه وجعل كرسيه فوق جميع الرؤساء الذين معه.فكان كل عبيد الملك الذين بباب الملك يجثون ويسجدون لهامان لانه هكذا اوصى به الملك واما مردخاي فلم يجث ولم يسجد.
أستير,3,13,"الإصحاح الثالث الآيات 2\'a1 1:- بعد هذه الامور عظم الملك احشويروش هامان بن همداثا الاجاجي ورقاه وجعل كرسيه فوق جميع الرؤساء الذين معه.فكان كل عبيد الملك الذين بباب الملك يجثون ويسجدون لهامان لانه هكذا اوصى به الملك واما مردخاي فلم يجث ولم يسجد.
أستير,3,14,"الإصحاح الثالث الآيات 2\'a1 1:- بعد هذه الامور عظم الملك احشويروش هامان بن همداثا الاجاجي ورقاه وجعل كرسيه فوق جميع الرؤساء الذين معه.فكان كل عبيد الملك الذين بباب الملك يجثون ويسجدون لهامان لانه هكذا اوصى به الملك واما مردخاي فلم يجث ولم يسجد.
أستير,3,15,"الإصحاح الثالث الآيات 2\'a1 1:- بعد هذه الامور عظم الملك احشويروش هامان بن همداثا الاجاجي ورقاه وجعل كرسيه فوق جميع الرؤساء الذين معه.فكان كل عبيد الملك الذين بباب الملك يجثون ويسجدون لهامان لانه هكذا اوصى به الملك واما مردخاي فلم يجث ولم يسجد.
أستير,3,16,"الإصحاح الثالث الآيات 2\'a1 1:- بعد هذه الامور عظم الملك احشويروش هامان بن همداثا الاجاجي ورقاه وجعل كرسيه فوق جميع الرؤساء الذين معه.فكان كل عبيد الملك الذين بباب الملك يجثون ويسجدون لهامان لانه هكذا اوصى به الملك واما مردخاي فلم يجث ولم يسجد.
أستير,3,17,"الإصحاح الثالث الآيات 2\'a1 1:- بعد هذه الامور عظم الملك احشويروش هامان بن همداثا الاجاجي ورقاه وجعل كرسيه فوق جميع الرؤساء الذين معه.فكان كل عبيد الملك الذين بباب الملك يجثون ويسجدون لهامان لانه هكذا اوصى به الملك واما مردخاي فلم يجث ولم يسجد.
أستير,3,18,"الإصحاح الثالث الآيات 2\'a1 1:- بعد هذه الامور عظم الملك احشويروش هامان بن همداثا الاجاجي ورقاه وجعل كرسيه فوق جميع الرؤساء الذين معه.فكان كل عبيد الملك الذين بباب الملك يجثون ويسجدون لهامان لانه هكذا اوصى به الملك واما مردخاي فلم يجث ولم يسجد.
أستير,3,19,"الإصحاح الثالث الآيات 2\'a1 1:- بعد هذه الامور عظم الملك احشويروش هامان بن همداثا الاجاجي ورقاه وجعل كرسيه فوق جميع الرؤساء الذين معه.فكان كل عبيد الملك الذين بباب الملك يجثون ويسجدون لهامان لانه هكذا اوصى به الملك واما مردخاي فلم يجث ولم يسجد.
أستير,3,20,"الإصحاح الثالث الآيات 2\'a1 1:- بعد هذه الامور عظم الملك احشويروش هامان بن همداثا الاجاجي ورقاه وجعل كرسيه فوق جميع الرؤساء الذين معه.فكان كل عبيد الملك الذين بباب الملك يجثون ويسجدون لهامان لانه هكذا اوصى به الملك واما مردخاي فلم يجث ولم يسجد.
أستير,3,21,"الإصحاح الثالث الآيات 2\'a1 1:- بعد هذه الامور عظم الملك احشويروش هامان بن همداثا الاجاجي ورقاه وجعل كرسيه فوق جميع الرؤساء الذين معه.فكان كل عبيد الملك الذين بباب الملك يجثون ويسجدون لهامان لانه هكذا اوصى به الملك واما مردخاي فلم يجث ولم يسجد.
أستير,3,22,"الإصحاح الثالث الآيات 2\'a1 1:- بعد هذه الامور عظم الملك احشويروش هامان بن همداثا الاجاجي ورقاه وجعل كرسيه فوق جميع الرؤساء الذين معه.فكان كل عبيد الملك الذين بباب الملك يجثون ويسجدون لهامان لانه هكذا اوصى به الملك واما مردخاي فلم يجث ولم يسجد.
أستير,3,23,"الإصحاح الثالث الآيات 2\'a1 1:- بعد هذه الامور عظم الملك احشويروش هامان بن همداثا الاجاجي ورقاه وجعل كرسيه فوق جميع الرؤساء الذين معه.فكان كل عبيد الملك الذين بباب الملك يجثون ويسجدون لهامان لانه هكذا اوصى به الملك واما مردخاي فلم يجث ولم يسجد.
أستير,3,24,"الإصحاح الثالث الآيات 2\'a1 1:- بعد هذه الامور عظم الملك احشويروش هامان بن همداثا الاجاجي ورقاه وجعل كرسيه فوق جميع الرؤساء الذين معه.فكان كل عبيد الملك الذين بباب الملك يجثون ويسجدون لهامان لانه هكذا اوصى به الملك واما مردخاي فلم يجث ولم يسجد.
أستير,3,25,"الإصحاح الثالث الآيات 2\'a1 1:- بعد هذه الامور عظم الملك احشويروش هامان بن همداثا الاجاجي ورقاه وجعل كرسيه فوق جميع الرؤساء الذين معه.فكان كل عبيد الملك الذين بباب الملك يجثون ويسجدون لهامان لانه هكذا اوصى به الملك واما مردخاي فلم يجث ولم يسجد.
أستير,3,26,"الإصحاح الثالث الآيات 2\'a1 1:- بعد هذه الامور عظم الملك احشويروش هامان بن همداثا الاجاجي ورقاه وجعل كرسيه فوق جميع الرؤساء الذين معه.فكان كل عبيد الملك الذين بباب الملك يجثون ويسجدون لهامان لانه هكذا اوصى به الملك واما مردخاي فلم يجث ولم يسجد.
أستير,3,27,"الإصحاح الثالث الآيات 2\'a1 1:- بعد هذه الامور عظم الملك احشويروش هامان بن همداثا الاجاجي ورقاه وجعل كرسيه فوق جميع الرؤساء الذين معه.فكان كل عبيد الملك الذين بباب الملك يجثون ويسجدون لهامان لانه هكذا اوصى به الملك واما مردخاي فلم يجث ولم يسجد.
أستير,3,28,"الإصحاح الثالث الآيات 2\'a1 1:- بعد هذه الامور عظم الملك احشويروش هامان بن همداثا الاجاجي ورقاه وجعل كرسيه فوق جميع الرؤساء الذين معه.فكان كل عبيد الملك الذين بباب الملك يجثون ويسجدون لهامان لانه هكذا اوصى به الملك واما مردخاي فلم يجث ولم يسجد.
أستير,3,29,"الإصحاح الثالث الآيات 2\'a1 1:- بعد هذه الامور عظم الملك احشويروش هامان بن همداثا الاجاجي ورقاه وجعل كرسيه فوق جميع الرؤساء الذين معه.فكان كل عبيد الملك الذين بباب الملك يجثون ويسجدون لهامان لانه هكذا اوصى به الملك واما مردخاي فلم يجث ولم يسجد.
أستير,3,30,"الإصحاح الثالث الآيات 2\'a1 1:- بعد هذه الامور عظم الملك احشويروش هامان بن همداثا الاجاجي ورقاه وجعل كرسيه فوق جميع الرؤساء الذين معه.فكان كل عبيد الملك الذين بباب الملك يجثون ويسجدون لهامان لانه هكذا اوصى به الملك واما مردخاي فلم يجث ولم يسجد.
أستير,3,31,"الإصحاح الثالث الآيات 2\'a1 1:- بعد هذه الامور عظم الملك احشويروش هامان بن همداثا الاجاجي ورقاه وجعل كرسيه فوق جميع الرؤساء الذين معه.فكان كل عبيد الملك الذين بباب الملك يجثون ويسجدون لهامان لانه هكذا اوصى به الملك واما مردخاي فلم يجث ولم يسجد.
أستير,3,32,"الإصحاح الثالث الآيات 2\'a1 1:- بعد هذه الامور عظم الملك احشويروش هامان بن همداثا الاجاجي ورقاه وجعل كرسيه فوق جميع الرؤساء الذين معه.فكان كل عبيد الملك الذين بباب الملك يجثون ويسجدون لهامان لانه هكذا اوصى به الملك واما مردخاي فلم يجث ولم يسجد.
أستير,3,33,"الإصحاح الثالث الآيات 2\'a1 1:- بعد هذه الامور عظم الملك احشويروش هامان بن همداثا الاجاجي ورقاه وجعل كرسيه فوق جميع الرؤساء الذين معه.فكان كل عبيد الملك الذين بباب الملك يجثون ويسجدون لهامان لانه هكذا اوصى به الملك واما مردخاي فلم يجث ولم يسجد.
أستير,3,34,"الإصحاح الثالث الآيات 2\'a1 1:- بعد هذه الامور عظم الملك احشويروش هامان بن همداثا الاجاجي ورقاه وجعل كرسيه فوق جميع الرؤساء الذين معه.فكان كل عبيد الملك الذين بباب الملك يجثون ويسجدون لهامان لانه هكذا اوصى به الملك واما مردخاي فلم يجث ولم يسجد.
أستير,3,35,"الإصحاح الثالث الآيات 2\'a1 1:- بعد هذه الامور عظم الملك احشويروش هامان بن همداثا الاجاجي ورقاه وجعل كرسيه فوق جميع الرؤساء الذين معه.فكان كل عبيد الملك الذين بباب الملك يجثون ويسجدون لهامان لانه هكذا اوصى به الملك واما مردخاي فلم يجث ولم يسجد.
أستير,3,36,"الإصحاح الثالث الآيات 2\'a1 1:- بعد هذه الامور عظم الملك احشويروش هامان بن همداثا الاجاجي ورقاه وجعل كرسيه فوق جميع الرؤساء الذين معه.فكان كل عبيد الملك الذين بباب الملك يجثون ويسجدون لهامان لانه هكذا اوصى به الملك واما مردخاي فلم يجث ولم يسجد.
أستير,3,37,"الإصحاح الثالث الآيات 2\'a1 1:- بعد هذه الامور عظم الملك احشويروش هامان بن همداثا الاجاجي ورقاه وجعل كرسيه فوق جميع الرؤساء الذين معه.فكان كل عبيد الملك الذين بباب الملك يجثون ويسجدون لهامان لانه هكذا اوصى به الملك واما مردخاي فلم يجث ولم يسجد.
أستير,3,38,"الإصحاح الثالث الآيات 2\'a1 1:- بعد هذه الامور عظم الملك احشويروش هامان بن همداثا الاجاجي ورقاه وجعل كرسيه فوق جميع الرؤساء الذين معه.فكان كل عبيد الملك الذين بباب الملك يجثون ويسجدون لهامان لانه هكذا اوصى به الملك واما مردخاي فلم يجث ولم يسجد.
أستير,3,39,"الإصحاح الثالث الآيات 2\'a1 1:- بعد هذه الامور عظم الملك احشويروش هامان بن همداثا الاجاجي ورقاه وجعل كرسيه فوق جميع الرؤساء الذين معه.فكان كل عبيد الملك الذين بباب الملك يجثون ويسجدون لهامان لانه هكذا اوصى به الملك واما مردخاي فلم يجث ولم يسجد.
أستير,3,40,"الإصحاح الثالث الآيات 2\'a1 1:- بعد هذه الامور عظم الملك احشويروش هامان بن همداثا الاجاجي ورقاه وجعل كرسيه فوق جميع الرؤساء الذين معه.فكان كل عبيد الملك الذين بباب الملك يجثون ويسجدون لهامان لانه هكذا اوصى به الملك واما مردخاي فلم يجث ولم يسجد.
أستير,3,41,"الإصحاح الثالث الآيات 2\'a1 1:- بعد هذه الامور عظم الملك احشويروش هامان بن همداثا الاجاجي ورقاه وجعل كرسيه فوق جميع الرؤساء الذين معه.فكان كل عبيد الملك الذين بباب الملك يجثون ويسجدون لهامان لانه هكذا اوصى به الملك واما مردخاي فلم يجث ولم يسجد.
أستير,3,42,"الإصحاح الثالث الآيات 2\'a1 1:- بعد هذه الامور عظم الملك احشويروش هامان بن همداثا الاجاجي ورقاه وجعل كرسيه فوق جميع الرؤساء الذين معه.فكان كل عبيد الملك الذين بباب الملك يجثون ويسجدون لهامان لانه هكذا اوصى به الملك واما مردخاي فلم يجث ولم يسجد.
أستير,3,43,"الإصحاح الثالث الآيات 2\'a1 1:- بعد هذه الامور عظم الملك احشويروش هامان بن همداثا الاجاجي ورقاه وجعل كرسيه فوق جميع الرؤساء الذين معه.فكان كل عبيد الملك الذين بباب الملك يجثون ويسجدون لهامان لانه هكذا اوصى به الملك واما مردخاي فلم يجث ولم يسجد.
أستير,3,44,"الإصحاح الثالث الآيات 2\'a1 1:- بعد هذه الامور عظم الملك احشويروش هامان بن همداثا الاجاجي ورقاه وجعل كرسيه فوق جميع الرؤساء الذين معه.فكان كل عبيد الملك الذين بباب الملك يجثون ويسجدون لهامان لانه هكذا اوصى به الملك واما مردخاي فلم يجث ولم يسجد.
أستير,3,45,"الإصحاح الثالث الآيات 2\'a1 1:- بعد هذه الامور عظم الملك احشويروش هامان بن همداثا الاجاجي ورقاه وجعل كرسيه فوق جميع الرؤساء الذين معه.فكان كل عبيد الملك الذين بباب الملك يجثون ويسجدون لهامان لانه هكذا اوصى به الملك واما مردخاي فلم يجث ولم يسجد.
أستير,3,46,"الإصحاح الثالث الآيات 2\'a1 1:- بعد هذه الامور عظم الملك احشويروش هامان بن همداثا الاجاجي ورقاه وجعل كرسيه فوق جميع الرؤساء الذين معه.فكان كل عبيد الملك الذين بباب الملك يجثون ويسجدون لهامان لانه هكذا اوصى به الملك واما مردخاي فلم يجث ولم يسجد.
أستير,3,47,"الإصحاح الثالث الآيات 2\'a1 1:- بعد هذه الامور عظم الملك احشويروش هامان بن همداثا الاجاجي ورقاه وجعل كرسيه فوق جميع الرؤساء الذين معه.فكان كل عبيد الملك الذين بباب الملك يجثون ويسجدون لهامان لانه هكذا اوصى به الملك واما مردخاي فلم يجث ولم يسجد.
أستير,3,48,"الإصحاح الثالث الآيات 2\'a1 1:- بعد هذه الامور عظم الملك احشويروش هامان بن همداثا الاجاجي ورقاه وجعل كرسيه فوق جميع الرؤساء الذين معه.فكان كل عبيد الملك الذين بباب الملك يجثون ويسجدون لهامان لانه هكذا اوصى به الملك واما مردخاي فلم يجث ولم يسجد.
أستير,3,49,"الإصحاح الثالث الآيات 2\'a1 1:- بعد هذه الامور عظم الملك احشويروش هامان بن همداثا الاجاجي ورقاه وجعل كرسيه فوق جميع الرؤساء الذين معه.فكان كل عبيد الملك الذين بباب الملك يجثون ويسجدون لهامان لانه هكذا اوصى به الملك واما مردخاي فلم يجث ولم يسجد.
أستير,3,50,"الإصحاح الثالث الآيات 2\'a1 1:- بعد هذه الامور عظم الملك احشويروش هامان بن همداثا الاجاجي ورقاه وجعل كرسيه فوق جميع الرؤساء الذين معه.فكان كل عبيد الملك الذين بباب الملك يجثون ويسجدون لهامان لانه هكذا اوصى به الملك واما مردخاي فلم يجث ولم يسجد.
أستير,3,51,"الإصحاح الثالث الآيات 2\'a1 1:- بعد هذه الامور عظم الملك احشويروش هامان بن همداثا الاجاجي ورقاه وجعل كرسيه فوق جميع الرؤساء الذين معه.فكان كل عبيد الملك الذين بباب الملك يجثون ويسجدون لهامان لانه هكذا اوصى به الملك واما مردخاي فلم يجث ولم يسجد.
أستير,3,52,"الإصحاح الثالث الآيات 2\'a1 1:- بعد هذه الامور عظم الملك احشويروش هامان بن همداثا الاجاجي ورقاه وجعل كرسيه فوق جميع الرؤساء الذين معه.فكان كل عبيد الملك الذين بباب الملك يجثون ويسجدون لهامان لانه هكذا اوصى به الملك واما مردخاي فلم يجث ولم يسجد.
أستير,3,53,"الإصحاح الثالث الآيات 2\'a1 1:- بعد هذه الامور عظم الملك احشويروش هامان بن همداثا الاجاجي ورقاه وجعل كرسيه فوق جميع الرؤساء الذين معه.فكان كل عبيد الملك الذين بباب الملك يجثون ويسجدون لهامان لانه هكذا اوصى به الملك واما مردخاي فلم يجث ولم يسجد.
أستير,3,54,"الإصحاح الثالث الآيات 2\'a1 1:- بعد هذه الامور عظم الملك احشويروش هامان بن همداثا الاجاجي ورقاه وجعل كرسيه فوق جميع الرؤساء الذين معه.فكان كل عبيد الملك الذين بباب الملك يجثون ويسجدون لهامان لانه هكذا اوصى به الملك واما مردخاي فلم يجث ولم يسجد.
أستير,3,55,"الإصحاح الثالث الآيات 2\'a1 1:- بعد هذه الامور عظم الملك احشويروش هامان بن همداثا الاجاجي ورقاه وجعل كرسيه فوق جميع الرؤساء الذين معه.فكان كل عبيد الملك الذين بباب الملك يجثون ويسجدون لهامان لانه هكذا اوصى به الملك واما مردخاي فلم يجث ولم يسجد.
أستير,3,56,"الإصحاح الثالث الآيات 2\'a1 1:- بعد هذه الامور عظم الملك احشويروش هامان بن همداثا الاجاجي ورقاه وجعل كرسيه فوق جميع الرؤساء الذين معه.فكان كل عبيد الملك الذين بباب الملك يجثون ويسجدون لهامان لانه هكذا اوصى به الملك واما مردخاي فلم يجث ولم يسجد.
أستير,3,57,"الإصحاح الثالث الآيات 2\'a1 1:- بعد هذه الامور عظم الملك احشويروش هامان بن همداثا الاجاجي ورقاه وجعل كرسيه فوق جميع الرؤساء الذين معه.فكان كل عبيد الملك الذين بباب الملك يجثون ويسجدون لهامان لانه هكذا اوصى به الملك واما مردخاي فلم يجث ولم يسجد.
أستير,3,58,"الإصحاح الثالث الآيات 2\'a1 1:- بعد هذه الامور عظم الملك احشويروش هامان بن همداثا الاجاجي ورقاه وجعل كرسيه فوق جميع الرؤساء الذين معه.فكان كل عبيد الملك الذين بباب الملك يجثون ويسجدون لهامان لانه هكذا اوصى به الملك واما مردخاي فلم يجث ولم يسجد.
أستير,3,59,"الإصحاح الثالث الآيات 2\'a1 1:- بعد هذه الامور عظم الملك احشويروش هامان بن همداثا الاجاجي ورقاه وجعل كرسيه فوق جميع الرؤساء الذين معه.فكان كل عبيد الملك الذين بباب الملك يجثون ويسجدون لهامان لانه هكذا اوصى به الملك واما مردخاي فلم يجث ولم يسجد.
أستير,3,60,"الإصحاح الثالث الآيات 2\'a1 1:- بعد هذه الامور عظم الملك احشويروش هامان بن همداثا الاجاجي ورقاه وجعل كرسيه فوق جميع الرؤساء الذين معه.فكان كل عبيد الملك الذين بباب الملك يجثون ويسجدون لهامان لانه هكذا اوصى به الملك واما مردخاي فلم يجث ولم يسجد.
أستير,3,61,"الإصحاح الثالث الآيات 2\'a1 1:- بعد هذه الامور عظم الملك احشويروش هامان بن همداثا الاجاجي ورقاه وجعل كرسيه فوق جميع الرؤساء الذين معه.فكان كل عبيد الملك الذين بباب الملك يجثون ويسجدون لهامان لانه هكذا اوصى به الملك واما مردخاي فلم يجث ولم يسجد.
أستير,3,62,"الإصحاح الثالث الآيات 2\'a1 1:- بعد هذه الامور عظم الملك احشويروش هامان بن همداثا الاجاجي ورقاه وجعل كرسيه فوق جميع الرؤساء الذين معه.فكان كل عبيد الملك الذين بباب الملك يجثون ويسجدون لهامان لانه هكذا اوصى به الملك واما مردخاي فلم يجث ولم يسجد.
أستير,3,63,"الإصحاح الثالث الآيات 2\'a1 1:- بعد هذه الامور عظم الملك احشويروش هامان بن همداثا الاجاجي ورقاه وجعل كرسيه فوق جميع الرؤساء الذين معه.فكان كل عبيد الملك الذين بباب الملك يجثون ويسجدون لهامان لانه هكذا اوصى به الملك واما مردخاي فلم يجث ولم يسجد.
أستير,3,64,"الإصحاح الثالث الآيات 2\'a1 1:- بعد هذه الامور عظم الملك احشويروش هامان بن همداثا الاجاجي ورقاه وجعل كرسيه فوق جميع الرؤساء الذين معه.فكان كل عبيد الملك الذين بباب الملك يجثون ويسجدون لهامان لانه هكذا اوصى به الملك واما مردخاي فلم يجث ولم يسجد.
أستير,3,65,"الإصحاح الثالث الآيات 2\'a1 1:- بعد هذه الامور عظم الملك احشويروش هامان بن همداثا الاجاجي ورقاه وجعل كرسيه فوق جميع الرؤساء الذين معه.فكان كل عبيد الملك الذين بباب الملك يجثون ويسجدون لهامان لانه هكذا اوصى به الملك واما مردخاي فلم يجث ولم يسجد.
أستير,3,66,"الإصحاح الثالث الآيات 2\'a1 1:- بعد هذه الامور عظم الملك احشويروش هامان بن همداثا الاجاجي ورقاه وجعل كرسيه فوق جميع الرؤساء الذين معه.فكان كل عبيد الملك الذين بباب الملك يجثون ويسجدون لهامان لانه هكذا اوصى به الملك واما مردخاي فلم يجث ولم يسجد.
أستير,3,67,"الإصحاح الثالث الآيات 2\'a1 1:- بعد هذه الامور عظم الملك احشويروش هامان بن همداثا الاجاجي ورقاه وجعل كرسيه فوق جميع الرؤساء الذين معه.فكان كل عبيد الملك الذين بباب الملك يجثون ويسجدون لهامان لانه هكذا اوصى به الملك واما مردخاي فلم يجث ولم يسجد.
أستير,3,68,"الإصحاح الثالث الآيات 2\'a1 1:- بعد هذه الامور عظم الملك احشويروش هامان بن همداثا الاجاجي ورقاه وجعل كرسيه فوق جميع الرؤساء الذين معه.فكان كل عبيد الملك الذين بباب الملك يجثون ويسجدون لهامان لانه هكذا اوصى به الملك واما مردخاي فلم يجث ولم يسجد.
أستير,3,69,"الإصحاح الثالث الآيات 2\'a1 1:- بعد هذه الامور عظم الملك احشويروش هامان بن همداثا الاجاجي ورقاه وجعل كرسيه فوق جميع الرؤساء الذين معه.فكان كل عبيد الملك الذين بباب الملك يجثون ويسجدون لهامان لانه هكذا اوصى به الملك واما مردخاي فلم يجث ولم يسجد.
أستير,3,70,"الإصحاح الثالث الآيات 2\'a1 1:- بعد هذه الامور عظم الملك احشويروش هامان بن همداثا الاجاجي ورقاه وجعل كرسيه فوق جميع الرؤساء الذين معه.فكان كل عبيد الملك الذين بباب الملك يجثون ويسجدون لهامان لانه هكذا اوصى به الملك واما مردخاي فلم يجث ولم يسجد.
أستير,3,71,"الإصحاح الثالث الآيات 2\'a1 1:- بعد هذه الامور عظم الملك احشويروش هامان بن همداثا الاجاجي ورقاه وجعل كرسيه فوق جميع الرؤساء الذين معه.فكان كل عبيد الملك الذين بباب الملك يجثون ويسجدون لهامان لانه هكذا اوصى به الملك واما مردخاي فلم يجث ولم يسجد.
أستير,3,72,"الإصحاح الثالث الآيات 2\'a1 1:- بعد هذه الامور عظم الملك احشويروش هامان بن همداثا الاجاجي ورقاه وجعل كرسيه فوق جميع الرؤساء الذين معه.فكان كل عبيد الملك الذين بباب الملك يجثون ويسجدون لهامان لانه هكذا اوصى به الملك واما مردخاي فلم يجث ولم يسجد.
أستير,3,73,"الإصحاح الثالث الآيات 2\'a1 1:- بعد هذه الامور عظم الملك احشويروش هامان بن همداثا الاجاجي ورقاه وجعل كرسيه فوق جميع الرؤساء الذين معه.فكان كل عبيد الملك الذين بباب الملك يجثون ويسجدون لهامان لانه هكذا اوصى به الملك واما مردخاي فلم يجث ولم يسجد.
أستير,3,74,"الإصحاح الثالث الآيات 2\'a1 1:- بعد هذه الامور عظم الملك احشويروش هامان بن همداثا الاجاجي ورقاه وجعل كرسيه فوق جميع الرؤساء الذين معه.فكان كل عبيد الملك الذين بباب الملك يجثون ويسجدون لهامان لانه هكذا اوصى به الملك واما مردخاي فلم يجث ولم يسجد.
أستير,3,75,"الإصحاح الثالث الآيات 2\'a1 1:- بعد هذه الامور عظم الملك احشويروش هامان بن همداثا الاجاجي ورقاه وجعل كرسيه فوق جميع الرؤساء الذين معه.فكان كل عبيد الملك الذين بباب الملك يجثون ويسجدون لهامان لانه هكذا اوصى به الملك واما مردخاي فلم يجث ولم يسجد.
أستير,3,76,"الإصحاح الثالث الآيات 2\'a1 1:- بعد هذه الامور عظم الملك احشويروش هامان بن همداثا الاجاجي ورقاه وجعل كرسيه فوق جميع الرؤساء الذين معه.فكان كل عبيد الملك الذين بباب الملك يجثون ويسجدون لهامان لانه هكذا اوصى به الملك واما مردخاي فلم يجث ولم يسجد.
أستير,3,77,"الإصحاح الثالث الآيات 2\'a1 1:- بعد هذه الامور عظم الملك احشويروش هامان بن همداثا الاجاجي ورقاه وجعل كرسيه فوق جميع الرؤساء الذين معه.فكان كل عبيد الملك الذين بباب الملك يجثون ويسجدون لهامان لانه هكذا اوصى به الملك واما مردخاي فلم يجث ولم يسجد.
أستير,3,78,"الإصحاح الثالث الآيات 2\'a1 1:- بعد هذه الامور عظم الملك احشويروش هامان بن همداثا الاجاجي ورقاه وجعل كرسيه فوق جميع الرؤساء الذين معه.فكان كل عبيد الملك الذين بباب الملك يجثون ويسجدون لهامان لانه هكذا اوصى به الملك واما مردخاي فلم يجث ولم يسجد.
أستير,3,79,"الإصحاح الثالث الآيات 2\'a1 1:- بعد هذه الامور عظم الملك احشويروش هامان بن همداثا الاجاجي ورقاه وجعل كرسيه فوق جميع الرؤساء الذين معه.فكان كل عبيد الملك الذين بباب الملك يجثون ويسجدون لهامان لانه هكذا اوصى به الملك واما مردخاي فلم يجث ولم يسجد.
أستير,3,80,"الإصحاح الثالث الآيات 2\'a1 1:- بعد هذه الامور عظم الملك احشويروش هامان بن همداثا الاجاجي ورقاه وجعل كرسيه فوق جميع الرؤساء الذين معه.فكان كل عبيد الملك الذين بباب الملك يجثون ويسجدون لهامان لانه هكذا اوصى به الملك واما مردخاي فلم يجث ولم يسجد.
أستير,3,81,"الإصحاح الثالث الآيات 2\'a1 1:- بعد هذه الامور عظم الملك احشويروش هامان بن همداثا الاجاجي ورقاه وجعل كرسيه فوق جميع الرؤساء الذين معه.فكان كل عبيد الملك الذين بباب الملك يجثون ويسجدون لهامان لانه هكذا اوصى به الملك واما مردخاي فلم يجث ولم يسجد.
أستير,3,82,"الإصحاح الثالث الآيات 2\'a1 1:- بعد هذه الامور عظم الملك احشويروش هامان بن همداثا الاجاجي ورقاه وجعل كرسيه فوق جميع الرؤساء الذين معه.فكان كل عبيد الملك الذين بباب الملك يجثون ويسجدون لهامان لانه هكذا اوصى به الملك واما مردخاي فلم يجث ولم يسجد.
أستير,3,83,"الإصحاح الثالث الآيات 2\'a1 1:- بعد هذه الامور عظم الملك احشويروش هامان بن همداثا الاجاجي ورقاه وجعل كرسيه فوق جميع الرؤساء الذين معه.فكان كل عبيد الملك الذين بباب الملك يجثون ويسجدون لهامان لانه هكذا اوصى به الملك واما مردخاي فلم يجث ولم يسجد.
أستير,3,84,"الإصحاح الثالث الآيات 2\'a1 1:- بعد هذه الامور عظم الملك احشويروش هامان بن همداثا الاجاجي ورقاه وجعل كرسيه فوق جميع الرؤساء الذين معه.فكان كل عبيد الملك الذين بباب الملك يجثون ويسجدون لهامان لانه هكذا اوصى به الملك واما مردخاي فلم يجث ولم يسجد.
أستير,3,85,"الإصحاح الثالث الآيات 2\'a1 1:- بعد هذه الامور عظم الملك احشويروش هامان بن همداثا الاجاجي ورقاه وجعل كرسيه فوق جميع الرؤساء الذين معه.فكان كل عبيد الملك الذين بباب الملك يجثون ويسجدون لهامان لانه هكذا اوصى به الملك واما مردخاي فلم يجث ولم يسجد.
أستير,3,86,"الإصحاح الثالث الآيات 2\'a1 1:- بعد هذه الامور عظم الملك احشويروش هامان بن همداثا الاجاجي ورقاه وجعل كرسيه فوق جميع الرؤساء الذين معه.فكان كل عبيد الملك الذين بباب الملك يجثون ويسجدون لهامان لانه هكذا اوصى به الملك واما مردخاي فلم يجث ولم يسجد.
أستير,3,87,"الإصحاح الثالث الآيات 2\'a1 1:- بعد هذه الامور عظم الملك احشويروش هامان بن همداثا الاجاجي ورقاه وجعل كرسيه فوق جميع الرؤساء الذين معه.فكان كل عبيد الملك الذين بباب الملك يجثون ويسجدون لهامان لانه هكذا اوصى به الملك واما مردخاي فلم يجث ولم يسجد.
أستير,3,88,"الإصحاح الثالث الآيات 2\'a1 1:- بعد هذه الامور عظم الملك احشويروش هامان بن همداثا الاجاجي ورقاه وجعل كرسيه فوق جميع الرؤساء الذين معه.فكان كل عبيد الملك الذين بباب الملك يجثون ويسجدون لهامان لانه هكذا اوصى به الملك واما مردخاي فلم يجث ولم يسجد.
أستير,3,89,"الإصحاح الثالث الآيات 2\'a1 1:- بعد هذه الامور عظم الملك احشويروش هامان بن همداثا الاجاجي ورقاه وجعل كرسيه فوق جميع الرؤساء الذين معه.فكان كل عبيد الملك الذين بباب الملك يجثون ويسجدون لهامان لانه هكذا اوصى به الملك واما مردخاي فلم يجث ولم يسجد.
أستير,3,90,"الإصحاح الثالث الآيات 2\'a1 1:- بعد هذه الامور عظم الملك احشويروش هامان بن همداثا الاجاجي ورقاه وجعل كرسيه فوق جميع الرؤساء الذين معه.فكان كل عبيد الملك الذين بباب الملك يجثون ويسجدون لهامان لانه هكذا اوصى به الملك واما مردخاي فلم يجث ولم يسجد.
أستير,3,91,"الإصحاح الثالث الآيات 2\'a1 1:- بعد هذه الامور عظم الملك احشويروش هامان بن همداثا الاجاجي ورقاه وجعل كرسيه فوق جميع الرؤساء الذين معه.فكان كل عبيد الملك الذين بباب الملك يجثون ويسجدون لهامان لانه هكذا اوصى به الملك واما مردخاي فلم يجث ولم يسجد.
أستير,3,92,"الإصحاح الثالث الآيات 2\'a1 1:- بعد هذه الامور عظم الملك احشويروش هامان بن همداثا الاجاجي ورقاه وجعل كرسيه فوق جميع الرؤساء الذين معه.فكان كل عبيد الملك الذين بباب الملك يجثون ويسجدون لهامان لانه هكذا اوصى به الملك واما مردخاي فلم يجث ولم يسجد.
أستير,3,93,"الإصحاح الثالث الآيات 2\'a1 1:- بعد هذه الامور عظم الملك احشويروش هامان بن همداثا الاجاجي ورقاه وجعل كرسيه فوق جميع الرؤساء الذين معه.فكان كل عبيد الملك الذين بباب الملك يجثون ويسجدون لهامان لانه هكذا اوصى به الملك واما مردخاي فلم يجث ولم يسجد.
أستير,3,94,"الإصحاح الثالث الآيات 2\'a1 1:- بعد هذه الامور عظم الملك احشويروش هامان بن همداثا الاجاجي ورقاه وجعل كرسيه فوق جميع الرؤساء الذين معه.فكان كل عبيد الملك الذين بباب الملك يجثون ويسجدون لهامان لانه هكذا اوصى به الملك واما مردخاي فلم يجث ولم يسجد.
أستير,3,95,"الإصحاح الثالث الآيات 2\'a1 1:- بعد هذه الامور عظم الملك احشويروش هامان بن همداثا الاجاجي ورقاه وجعل كرسيه فوق جميع الرؤساء الذين معه.فكان كل عبيد الملك الذين بباب الملك يجثون ويسجدون لهامان لانه هكذا اوصى به الملك واما مردخاي فلم يجث ولم يسجد.
أستير,3,96,"الإصحاح الثالث الآيات 2\'a1 1:- بعد هذه الامور عظم الملك احشويروش هامان بن همداثا الاجاجي ورقاه وجعل كرسيه فوق جميع الرؤساء الذين معه.فكان كل عبيد الملك الذين بباب الملك يجثون ويسجدون لهامان لانه هكذا اوصى به الملك واما مردخاي فلم يجث ولم يسجد.
أستير,3,97,"الإصحاح الثالث الآيات 2\'a1 1:- بعد هذه الامور عظم الملك احشويروش هامان بن همداثا الاجاجي ورقاه وجعل كرسيه فوق جميع الرؤساء الذين معه.فكان كل عبيد الملك الذين بباب الملك يجثون ويسجدون لهامان لانه هكذا اوصى به الملك واما مردخاي فلم يجث ولم يسجد.
أستير,3,98,"الإصحاح الثالث الآيات 2\'a1 1:- بعد هذه الامور عظم الملك احشويروش هامان بن همداثا الاجاجي ورقاه وجعل كرسيه فوق جميع الرؤساء الذين معه.فكان كل عبيد الملك الذين بباب الملك يجثون ويسجدون لهامان لانه هكذا اوصى به الملك واما مردخاي فلم يجث ولم يسجد.
أستير,3,99,"الإصحاح الثالث الآيات 2\'a1 1:- بعد هذه الامور عظم الملك احشويروش هامان بن همداثا الاجاجي ورقاه وجعل كرسيه فوق جميع الرؤساء الذين معه.فكان كل عبيد الملك الذين بباب الملك يجثون ويسجدون لهامان لانه هكذا اوصى به الملك واما مردخاي فلم يجث ولم يسجد.
أستير,4,1,"الإصحاح الرابع آية 1:- ولما علم مردخاي كل ما عمل شق مردخاي ثيابه ولبس مسحا برماد وخرج الى وسط المدينة وصرخ صرخة عظيمة مرة.
أستير,4,2,"الإصحاح الرابع آية 1:- ولما علم مردخاي كل ما عمل شق مردخاي ثيابه ولبس مسحا برماد وخرج الى وسط المدينة وصرخ صرخة عظيمة مرة.
أستير,4,3,"الإصحاح الرابع آية 1:- ولما علم مردخاي كل ما عمل شق مردخاي ثيابه ولبس مسحا برماد وخرج الى وسط المدينة وصرخ صرخة عظيمة مرة.
أستير,4,4,"الإصحاح الرابع آية 1:- ولما علم مردخاي كل ما عمل شق مردخاي ثيابه ولبس مسحا برماد وخرج الى وسط المدينة وصرخ صرخة عظيمة مرة.
أستير,4,5,"الإصحاح الرابع آية 1:- ولما علم مردخاي كل ما عمل شق مردخاي ثيابه ولبس مسحا برماد وخرج الى وسط المدينة وصرخ صرخة عظيمة مرة.
أستير,4,6,"الإصحاح الرابع آية 1:- ولما علم مردخاي كل ما عمل شق مردخاي ثيابه ولبس مسحا برماد وخرج الى وسط المدينة وصرخ صرخة عظيمة مرة.
أستير,4,7,"الإصحاح الرابع آية 1:- ولما علم مردخاي كل ما عمل شق مردخاي ثيابه ولبس مسحا برماد وخرج الى وسط المدينة وصرخ صرخة عظيمة مرة.
أستير,4,8,"الإصحاح الرابع آية 1:- ولما علم مردخاي كل ما عمل شق مردخاي ثيابه ولبس مسحا برماد وخرج الى وسط المدينة وصرخ صرخة عظيمة مرة.
أستير,4,9,"الإصحاح الرابع آية 1:- ولما علم مردخاي كل ما عمل شق مردخاي ثيابه ولبس مسحا برماد وخرج الى وسط المدينة وصرخ صرخة عظيمة مرة.
أستير,4,10,"الإصحاح الرابع آية 1:- ولما علم مردخاي كل ما عمل شق مردخاي ثيابه ولبس مسحا برماد وخرج الى وسط المدينة وصرخ صرخة عظيمة مرة.
أستير,4,11,"الإصحاح الرابع آية 1:- ولما علم مردخاي كل ما عمل شق مردخاي ثيابه ولبس مسحا برماد وخرج الى وسط المدينة وصرخ صرخة عظيمة مرة.
أستير,4,12,"الإصحاح الرابع آية 1:- ولما علم مردخاي كل ما عمل شق مردخاي ثيابه ولبس مسحا برماد وخرج الى وسط المدينة وصرخ صرخة عظيمة مرة.
أستير,4,13,"الإصحاح الرابع آية 1:- ولما علم مردخاي كل ما عمل شق مردخاي ثيابه ولبس مسحا برماد وخرج الى وسط المدينة وصرخ صرخة عظيمة مرة.
أستير,4,14,"الإصحاح الرابع آية 1:- ولما علم مردخاي كل ما عمل شق مردخاي ثيابه ولبس مسحا برماد وخرج الى وسط المدينة وصرخ صرخة عظيمة مرة.
أستير,4,15,"الإصحاح الرابع آية 1:- ولما علم مردخاي كل ما عمل شق مردخاي ثيابه ولبس مسحا برماد وخرج الى وسط المدينة وصرخ صرخة عظيمة مرة.
أستير,4,16,"الإصحاح الرابع آية 1:- ولما علم مردخاي كل ما عمل شق مردخاي ثيابه ولبس مسحا برماد وخرج الى وسط المدينة وصرخ صرخة عظيمة مرة.
أستير,4,17,"الإصحاح الرابع آية 1:- ولما علم مردخاي كل ما عمل شق مردخاي ثيابه ولبس مسحا برماد وخرج الى وسط المدينة وصرخ صرخة عظيمة مرة.
أستير,4,18,"الإصحاح الرابع آية 1:- ولما علم مردخاي كل ما عمل شق مردخاي ثيابه ولبس مسحا برماد وخرج الى وسط المدينة وصرخ صرخة عظيمة مرة.
أستير,4,19,"الإصحاح الرابع آية 1:- ولما علم مردخاي كل ما عمل شق مردخاي ثيابه ولبس مسحا برماد وخرج الى وسط المدينة وصرخ صرخة عظيمة مرة.
أستير,4,20,"الإصحاح الرابع آية 1:- ولما علم مردخاي كل ما عمل شق مردخاي ثيابه ولبس مسحا برماد وخرج الى وسط المدينة وصرخ صرخة عظيمة مرة.
أستير,4,21,"الإصحاح الرابع آية 1:- ولما علم مردخاي كل ما عمل شق مردخاي ثيابه ولبس مسحا برماد وخرج الى وسط المدينة وصرخ صرخة عظيمة مرة.
أستير,4,22,"الإصحاح الرابع آية 1:- ولما علم مردخاي كل ما عمل شق مردخاي ثيابه ولبس مسحا برماد وخرج الى وسط المدينة وصرخ صرخة عظيمة مرة.
أستير,4,23,"الإصحاح الرابع آية 1:- ولما علم مردخاي كل ما عمل شق مردخاي ثيابه ولبس مسحا برماد وخرج الى وسط المدينة وصرخ صرخة عظيمة مرة.
أستير,4,24,"الإصحاح الرابع آية 1:- ولما علم مردخاي كل ما عمل شق مردخاي ثيابه ولبس مسحا برماد وخرج الى وسط المدينة وصرخ صرخة عظيمة مرة.
أستير,4,25,"الإصحاح الرابع آية 1:- ولما علم مردخاي كل ما عمل شق مردخاي ثيابه ولبس مسحا برماد وخرج الى وسط المدينة وصرخ صرخة عظيمة مرة.
أستير,4,26,"الإصحاح الرابع آية 1:- ولما علم مردخاي كل ما عمل شق مردخاي ثيابه ولبس مسحا برماد وخرج الى وسط المدينة وصرخ صرخة عظيمة مرة.
أستير,4,27,"الإصحاح الرابع آية 1:- ولما علم مردخاي كل ما عمل شق مردخاي ثيابه ولبس مسحا برماد وخرج الى وسط المدينة وصرخ صرخة عظيمة مرة.
أستير,4,28,"الإصحاح الرابع آية 1:- ولما علم مردخاي كل ما عمل شق مردخاي ثيابه ولبس مسحا برماد وخرج الى وسط المدينة وصرخ صرخة عظيمة مرة.
أستير,4,29,"الإصحاح الرابع آية 1:- ولما علم مردخاي كل ما عمل شق مردخاي ثيابه ولبس مسحا برماد وخرج الى وسط المدينة وصرخ صرخة عظيمة مرة.
أستير,4,30,"الإصحاح الرابع آية 1:- ولما علم مردخاي كل ما عمل شق مردخاي ثيابه ولبس مسحا برماد وخرج الى وسط المدينة وصرخ صرخة عظيمة مرة.
أستير,4,31,"الإصحاح الرابع آية 1:- ولما علم مردخاي كل ما عمل شق مردخاي ثيابه ولبس مسحا برماد وخرج الى وسط المدينة وصرخ صرخة عظيمة مرة.
أستير,4,32,"الإصحاح الرابع آية 1:- ولما علم مردخاي كل ما عمل شق مردخاي ثيابه ولبس مسحا برماد وخرج الى وسط المدينة وصرخ صرخة عظيمة مرة.
أستير,4,33,"الإصحاح الرابع آية 1:- ولما علم مردخاي كل ما عمل شق مردخاي ثيابه ولبس مسحا برماد وخرج الى وسط المدينة وصرخ صرخة عظيمة مرة.
أستير,4,34,"الإصحاح الرابع آية 1:- ولما علم مردخاي كل ما عمل شق مردخاي ثيابه ولبس مسحا برماد وخرج الى وسط المدينة وصرخ صرخة عظيمة مرة.
أستير,4,35,"الإصحاح الرابع آية 1:- ولما علم مردخاي كل ما عمل شق مردخاي ثيابه ولبس مسحا برماد وخرج الى وسط المدينة وصرخ صرخة عظيمة مرة.
أستير,4,36,"الإصحاح الرابع آية 1:- ولما علم مردخاي كل ما عمل شق مردخاي ثيابه ولبس مسحا برماد وخرج الى وسط المدينة وصرخ صرخة عظيمة مرة.
أستير,4,37,"الإصحاح الرابع آية 1:- ولما علم مردخاي كل ما عمل شق مردخاي ثيابه ولبس مسحا برماد وخرج الى وسط المدينة وصرخ صرخة عظيمة مرة.
أستير,4,38,"الإصحاح الرابع آية 1:- ولما علم مردخاي كل ما عمل شق مردخاي ثيابه ولبس مسحا برماد وخرج الى وسط المدينة وصرخ صرخة عظيمة مرة.
أستير,4,39,"الإصحاح الرابع آية 1:- ولما علم مردخاي كل ما عمل شق مردخاي ثيابه ولبس مسحا برماد وخرج الى وسط المدينة وصرخ صرخة عظيمة مرة.
أستير,4,40,"الإصحاح الرابع آية 1:- ولما علم مردخاي كل ما عمل شق مردخاي ثيابه ولبس مسحا برماد وخرج الى وسط المدينة وصرخ صرخة عظيمة مرة.
أستير,4,41,"الإصحاح الرابع آية 1:- ولما علم مردخاي كل ما عمل شق مردخاي ثيابه ولبس مسحا برماد وخرج الى وسط المدينة وصرخ صرخة عظيمة مرة.
أستير,4,42,"الإصحاح الرابع آية 1:- ولما علم مردخاي كل ما عمل شق مردخاي ثيابه ولبس مسحا برماد وخرج الى وسط المدينة وصرخ صرخة عظيمة مرة.
أستير,4,43,"الإصحاح الرابع آية 1:- ولما علم مردخاي كل ما عمل شق مردخاي ثيابه ولبس مسحا برماد وخرج الى وسط المدينة وصرخ صرخة عظيمة مرة.
أستير,4,44,"الإصحاح الرابع آية 1:- ولما علم مردخاي كل ما عمل شق مردخاي ثيابه ولبس مسحا برماد وخرج الى وسط المدينة وصرخ صرخة عظيمة مرة.
أستير,4,45,"الإصحاح الرابع آية 1:- ولما علم مردخاي كل ما عمل شق مردخاي ثيابه ولبس مسحا برماد وخرج الى وسط المدينة وصرخ صرخة عظيمة مرة.
أستير,4,46,"الإصحاح الرابع آية 1:- ولما علم مردخاي كل ما عمل شق مردخاي ثيابه ولبس مسحا برماد وخرج الى وسط المدينة وصرخ صرخة عظيمة مرة.
أستير,4,47,"الإصحاح الرابع آية 1:- ولما علم مردخاي كل ما عمل شق مردخاي ثيابه ولبس مسحا برماد وخرج الى وسط المدينة وصرخ صرخة عظيمة مرة.
أستير,4,48,"الإصحاح الرابع آية 1:- ولما علم مردخاي كل ما عمل شق مردخاي ثيابه ولبس مسحا برماد وخرج الى وسط المدينة وصرخ صرخة عظيمة مرة.
أستير,4,49,"الإصحاح الرابع آية 1:- ولما علم مردخاي كل ما عمل شق مردخاي ثيابه ولبس مسحا برماد وخرج الى وسط المدينة وصرخ صرخة عظيمة مرة.
أستير,4,50,"الإصحاح الرابع آية 1:- ولما علم مردخاي كل ما عمل شق مردخاي ثيابه ولبس مسحا برماد وخرج الى وسط المدينة وصرخ صرخة عظيمة مرة.
أستير,4,51,"الإصحاح الرابع آية 1:- ولما علم مردخاي كل ما عمل شق مردخاي ثيابه ولبس مسحا برماد وخرج الى وسط المدينة وصرخ صرخة عظيمة مرة.
أستير,4,52,"الإصحاح الرابع آية 1:- ولما علم مردخاي كل ما عمل شق مردخاي ثيابه ولبس مسحا برماد وخرج الى وسط المدينة وصرخ صرخة عظيمة مرة.
أستير,4,53,"الإصحاح الرابع آية 1:- ولما علم مردخاي كل ما عمل شق مردخاي ثيابه ولبس مسحا برماد وخرج الى وسط المدينة وصرخ صرخة عظيمة مرة.
أستير,4,54,"الإصحاح الرابع آية 1:- ولما علم مردخاي كل ما عمل شق مردخاي ثيابه ولبس مسحا برماد وخرج الى وسط المدينة وصرخ صرخة عظيمة مرة.
أستير,4,55,"الإصحاح الرابع آية 1:- ولما علم مردخاي كل ما عمل شق مردخاي ثيابه ولبس مسحا برماد وخرج الى وسط المدينة وصرخ صرخة عظيمة مرة.
أستير,4,56,"الإصحاح الرابع آية 1:- ولما علم مردخاي كل ما عمل شق مردخاي ثيابه ولبس مسحا برماد وخرج الى وسط المدينة وصرخ صرخة عظيمة مرة.
أستير,4,57,"الإصحاح الرابع آية 1:- ولما علم مردخاي كل ما عمل شق مردخاي ثيابه ولبس مسحا برماد وخرج الى وسط المدينة وصرخ صرخة عظيمة مرة.
أستير,4,58,"الإصحاح الرابع آية 1:- ولما علم مردخاي كل ما عمل شق مردخاي ثيابه ولبس مسحا برماد وخرج الى وسط المدينة وصرخ صرخة عظيمة مرة.
أستير,4,59,"الإصحاح الرابع آية 1:- ولما علم مردخاي كل ما عمل شق مردخاي ثيابه ولبس مسحا برماد وخرج الى وسط المدينة وصرخ صرخة عظيمة مرة.
أستير,4,60,"الإصحاح الرابع آية 1:- ولما علم مردخاي كل ما عمل شق مردخاي ثيابه ولبس مسحا برماد وخرج الى وسط المدينة وصرخ صرخة عظيمة مرة.
أستير,4,61,"الإصحاح الرابع آية 1:- ولما علم مردخاي كل ما عمل شق مردخاي ثيابه ولبس مسحا برماد وخرج الى وسط المدينة وصرخ صرخة عظيمة مرة.
أستير,4,62,"الإصحاح الرابع آية 1:- ولما علم مردخاي كل ما عمل شق مردخاي ثيابه ولبس مسحا برماد وخرج الى وسط المدينة وصرخ صرخة عظيمة مرة.
أستير,4,63,"الإصحاح الرابع آية 1:- ولما علم مردخاي كل ما عمل شق مردخاي ثيابه ولبس مسحا برماد وخرج الى وسط المدينة وصرخ صرخة عظيمة مرة.
أستير,4,64,"الإصحاح الرابع آية 1:- ولما علم مردخاي كل ما عمل شق مردخاي ثيابه ولبس مسحا برماد وخرج الى وسط المدينة وصرخ صرخة عظيمة مرة.
أستير,4,65,"الإصحاح الرابع آية 1:- ولما علم مردخاي كل ما عمل شق مردخاي ثيابه ولبس مسحا برماد وخرج الى وسط المدينة وصرخ صرخة عظيمة مرة.
أستير,4,66,"الإصحاح الرابع آية 1:- ولما علم مردخاي كل ما عمل شق مردخاي ثيابه ولبس مسحا برماد وخرج الى وسط المدينة وصرخ صرخة عظيمة مرة.
أستير,4,67,"الإصحاح الرابع آية 1:- ولما علم مردخاي كل ما عمل شق مردخاي ثيابه ولبس مسحا برماد وخرج الى وسط المدينة وصرخ صرخة عظيمة مرة.
أستير,4,68,"الإصحاح الرابع آية 1:- ولما علم مردخاي كل ما عمل شق مردخاي ثيابه ولبس مسحا برماد وخرج الى وسط المدينة وصرخ صرخة عظيمة مرة.
أستير,4,69,"الإصحاح الرابع آية 1:- ولما علم مردخاي كل ما عمل شق مردخاي ثيابه ولبس مسحا برماد وخرج الى وسط المدينة وصرخ صرخة عظيمة مرة.
أستير,4,70,"الإصحاح الرابع آية 1:- ولما علم مردخاي كل ما عمل شق مردخاي ثيابه ولبس مسحا برماد وخرج الى وسط المدينة وصرخ صرخة عظيمة مرة.
أستير,4,71,"الإصحاح الرابع آية 1:- ولما علم مردخاي كل ما عمل شق مردخاي ثيابه ولبس مسحا برماد وخرج الى وسط المدينة وصرخ صرخة عظيمة مرة.
أستير,4,72,"الإصحاح الرابع آية 1:- ولما علم مردخاي كل ما عمل شق مردخاي ثيابه ولبس مسحا برماد وخرج الى وسط المدينة وصرخ صرخة عظيمة مرة.
أستير,4,73,"الإصحاح الرابع آية 1:- ولما علم مردخاي كل ما عمل شق مردخاي ثيابه ولبس مسحا برماد وخرج الى وسط المدينة وصرخ صرخة عظيمة مرة.
أستير,4,74,"الإصحاح الرابع آية 1:- ولما علم مردخاي كل ما عمل شق مردخاي ثيابه ولبس مسحا برماد وخرج الى وسط المدينة وصرخ صرخة عظيمة مرة.
أستير,4,75,"الإصحاح الرابع آية 1:- ولما علم مردخاي كل ما عمل شق مردخاي ثيابه ولبس مسحا برماد وخرج الى وسط المدينة وصرخ صرخة عظيمة مرة.
أستير,4,76,"الإصحاح الرابع آية 1:- ولما علم مردخاي كل ما عمل شق مردخاي ثيابه ولبس مسحا برماد وخرج الى وسط المدينة وصرخ صرخة عظيمة مرة.
أستير,4,77,"الإصحاح الرابع آية 1:- ولما علم مردخاي كل ما عمل شق مردخاي ثيابه ولبس مسحا برماد وخرج الى وسط المدينة وصرخ صرخة عظيمة مرة.
أستير,4,78,"الإصحاح الرابع آية 1:- ولما علم مردخاي كل ما عمل شق مردخاي ثيابه ولبس مسحا برماد وخرج الى وسط المدينة وصرخ صرخة عظيمة مرة.
أستير,4,79,"الإصحاح الرابع آية 1:- ولما علم مردخاي كل ما عمل شق مردخاي ثيابه ولبس مسحا برماد وخرج الى وسط المدينة وصرخ صرخة عظيمة مرة.
أستير,4,80,"الإصحاح الرابع آية 1:- ولما علم مردخاي كل ما عمل شق مردخاي ثيابه ولبس مسحا برماد وخرج الى وسط المدينة وصرخ صرخة عظيمة مرة.
أستير,4,81,"الإصحاح الرابع آية 1:- ولما علم مردخاي كل ما عمل شق مردخاي ثيابه ولبس مسحا برماد وخرج الى وسط المدينة وصرخ صرخة عظيمة مرة.
أستير,4,82,"الإصحاح الرابع آية 1:- ولما علم مردخاي كل ما عمل شق مردخاي ثيابه ولبس مسحا برماد وخرج الى وسط المدينة وصرخ صرخة عظيمة مرة.
أستير,4,83,"الإصحاح الرابع آية 1:- ولما علم مردخاي كل ما عمل شق مردخاي ثيابه ولبس مسحا برماد وخرج الى وسط المدينة وصرخ صرخة عظيمة مرة.
أستير,4,84,"الإصحاح الرابع آية 1:- ولما علم مردخاي كل ما عمل شق مردخاي ثيابه ولبس مسحا برماد وخرج الى وسط المدينة وصرخ صرخة عظيمة مرة.
أستير,4,85,"الإصحاح الرابع آية 1:- ولما علم مردخاي كل ما عمل شق مردخاي ثيابه ولبس مسحا برماد وخرج الى وسط المدينة وصرخ صرخة عظيمة مرة.
أستير,4,86,"الإصحاح الرابع آية 1:- ولما علم مردخاي كل ما عمل شق مردخاي ثيابه ولبس مسحا برماد وخرج الى وسط المدينة وصرخ صرخة عظيمة مرة.
أستير,4,87,"الإصحاح الرابع آية 1:- ولما علم مردخاي كل ما عمل شق مردخاي ثيابه ولبس مسحا برماد وخرج الى وسط المدينة وصرخ صرخة عظيمة مرة.
أستير,4,88,"الإصحاح الرابع آية 1:- ولما علم مردخاي كل ما عمل شق مردخاي ثيابه ولبس مسحا برماد وخرج الى وسط المدينة وصرخ صرخة عظيمة مرة.
أستير,4,89,"الإصحاح الرابع آية 1:- ولما علم مردخاي كل ما عمل شق مردخاي ثيابه ولبس مسحا برماد وخرج الى وسط المدينة وصرخ صرخة عظيمة مرة.
أستير,4,90,"الإصحاح الرابع آية 1:- ولما علم مردخاي كل ما عمل شق مردخاي ثيابه ولبس مسحا برماد وخرج الى وسط المدينة وصرخ صرخة عظيمة مرة.
أستير,4,91,"الإصحاح الرابع آية 1:- ولما علم مردخاي كل ما عمل شق مردخاي ثيابه ولبس مسحا برماد وخرج الى وسط المدينة وصرخ صرخة عظيمة مرة.
أستير,4,92,"الإصحاح الرابع آية 1:- ولما علم مردخاي كل ما عمل شق مردخاي ثيابه ولبس مسحا برماد وخرج الى وسط المدينة وصرخ صرخة عظيمة مرة.
أستير,4,93,"الإصحاح الرابع آية 1:- ولما علم مردخاي كل ما عمل شق مردخاي ثيابه ولبس مسحا برماد وخرج الى وسط المدينة وصرخ صرخة عظيمة مرة.
أستير,4,94,"الإصحاح الرابع آية 1:- ولما علم مردخاي كل ما عمل شق مردخاي ثيابه ولبس مسحا برماد وخرج الى وسط المدينة وصرخ صرخة عظيمة مرة.
أستير,4,95,"الإصحاح الرابع آية 1:- ولما علم مردخاي كل ما عمل شق مردخاي ثيابه ولبس مسحا برماد وخرج الى وسط المدينة وصرخ صرخة عظيمة مرة.
أستير,4,96,"الإصحاح الرابع آية 1:- ولما علم مردخاي كل ما عمل شق مردخاي ثيابه ولبس مسحا برماد وخرج الى وسط المدينة وصرخ صرخة عظيمة مرة.
أستير,4,97,"الإصحاح الرابع آية 1:- ولما علم مردخاي كل ما عمل شق مردخاي ثيابه ولبس مسحا برماد وخرج الى وسط المدينة وصرخ صرخة عظيمة مرة.
أستير,4,98,"الإصحاح الرابع آية 1:- ولما علم مردخاي كل ما عمل شق مردخاي ثيابه ولبس مسحا برماد وخرج الى وسط المدينة وصرخ صرخة عظيمة مرة.
أستير,4,99,"الإصحاح الرابع آية 1:- ولما علم مردخاي كل ما عمل شق مردخاي ثيابه ولبس مسحا برماد وخرج الى وسط المدينة وصرخ صرخة عظيمة مرة.
أستير,5,1,"الإصحاح الخامس الآيات 1-4:- وفي اليوم الثالث لبست استير ثيابا ملكية ووقفت في دار بيت الملك الداخلية مقابل بيت الملك والملك جالس على كرسي ملكه في بيت الملك مقابل مدخل البيت.فلما راى الملك استير الملكة واقفة في الدار نالت نعمة في عينيه فمد الملك لاستير قضيب الذهب الذي بيده فدنت استير ولمست راس القضيب.فقال لها الملك ما لك يا استير الملكة وما هي طلبتك الى نصف المملكة تعطى لك. فقالت استير ان حسن عند الملك فليات الملك وهامان اليوم الى الوليمة التي عملتها له.
أستير,5,2,"الإصحاح الخامس الآيات 1-4:- وفي اليوم الثالث لبست استير ثيابا ملكية ووقفت في دار بيت الملك الداخلية مقابل بيت الملك والملك جالس على كرسي ملكه في بيت الملك مقابل مدخل البيت.فلما راى الملك استير الملكة واقفة في الدار نالت نعمة في عينيه فمد الملك لاستير قضيب الذهب الذي بيده فدنت استير ولمست راس القضيب.فقال لها الملك ما لك يا استير الملكة وما هي طلبتك الى نصف المملكة تعطى لك. فقالت استير ان حسن عند الملك فليات الملك وهامان اليوم الى الوليمة التي عملتها له.
أستير,5,3,"الإصحاح الخامس الآيات 1-4:- وفي اليوم الثالث لبست استير ثيابا ملكية ووقفت في دار بيت الملك الداخلية مقابل بيت الملك والملك جالس على كرسي ملكه في بيت الملك مقابل مدخل البيت.فلما راى الملك استير الملكة واقفة في الدار نالت نعمة في عينيه فمد الملك لاستير قضيب الذهب الذي بيده فدنت استير ولمست راس القضيب.فقال لها الملك ما لك يا استير الملكة وما هي طلبتك الى نصف المملكة تعطى لك. فقالت استير ان حسن عند الملك فليات الملك وهامان اليوم الى الوليمة التي عملتها له.
أستير,5,4,"الإصحاح الخامس الآيات 1-4:- وفي اليوم الثالث لبست استير ثيابا ملكية ووقفت في دار بيت الملك الداخلية مقابل بيت الملك والملك جالس على كرسي ملكه في بيت الملك مقابل مدخل البيت.فلما راى الملك استير الملكة واقفة في الدار نالت نعمة في عينيه فمد الملك لاستير قضيب الذهب الذي بيده فدنت استير ولمست راس القضيب.فقال لها الملك ما لك يا استير الملكة وما هي طلبتك الى نصف المملكة تعطى لك. فقالت استير ان حسن عند الملك فليات الملك وهامان اليوم الى الوليمة التي عملتها له.
أستير,5,5,"الإصحاح الخامس الآيات 1-4:- وفي اليوم الثالث لبست استير ثيابا ملكية ووقفت في دار بيت الملك الداخلية مقابل بيت الملك والملك جالس على كرسي ملكه في بيت الملك مقابل مدخل البيت.فلما راى الملك استير الملكة واقفة في الدار نالت نعمة في عينيه فمد الملك لاستير قضيب الذهب الذي بيده فدنت استير ولمست راس القضيب.فقال لها الملك ما لك يا استير الملكة وما هي طلبتك الى نصف المملكة تعطى لك. فقالت استير ان حسن عند الملك فليات الملك وهامان اليوم الى الوليمة التي عملتها له.
أستير,5,6,"الإصحاح الخامس الآيات 1-4:- وفي اليوم الثالث لبست استير ثيابا ملكية ووقفت في دار بيت الملك الداخلية مقابل بيت الملك والملك جالس على كرسي ملكه في بيت الملك مقابل مدخل البيت.فلما راى الملك استير الملكة واقفة في الدار نالت نعمة في عينيه فمد الملك لاستير قضيب الذهب الذي بيده فدنت استير ولمست راس القضيب.فقال لها الملك ما لك يا استير الملكة وما هي طلبتك الى نصف المملكة تعطى لك. فقالت استير ان حسن عند الملك فليات الملك وهامان اليوم الى الوليمة التي عملتها له.
أستير,5,7,"الإصحاح الخامس الآيات 1-4:- وفي اليوم الثالث لبست استير ثيابا ملكية ووقفت في دار بيت الملك الداخلية مقابل بيت الملك والملك جالس على كرسي ملكه في بيت الملك مقابل مدخل البيت.فلما راى الملك استير الملكة واقفة في الدار نالت نعمة في عينيه فمد الملك لاستير قضيب الذهب الذي بيده فدنت استير ولمست راس القضيب.فقال لها الملك ما لك يا استير الملكة وما هي طلبتك الى نصف المملكة تعطى لك. فقالت استير ان حسن عند الملك فليات الملك وهامان اليوم الى الوليمة التي عملتها له.
أستير,5,8,"الإصحاح الخامس الآيات 1-4:- وفي اليوم الثالث لبست استير ثيابا ملكية ووقفت في دار بيت الملك الداخلية مقابل بيت الملك والملك جالس على كرسي ملكه في بيت الملك مقابل مدخل البيت.فلما راى الملك استير الملكة واقفة في الدار نالت نعمة في عينيه فمد الملك لاستير قضيب الذهب الذي بيده فدنت استير ولمست راس القضيب.فقال لها الملك ما لك يا استير الملكة وما هي طلبتك الى نصف المملكة تعطى لك. فقالت استير ان حسن عند الملك فليات الملك وهامان اليوم الى الوليمة التي عملتها له.
أستير,5,9,"الإصحاح الخامس الآيات 1-4:- وفي اليوم الثالث لبست استير ثيابا ملكية ووقفت في دار بيت الملك الداخلية مقابل بيت الملك والملك جالس على كرسي ملكه في بيت الملك مقابل مدخل البيت.فلما راى الملك استير الملكة واقفة في الدار نالت نعمة في عينيه فمد الملك لاستير قضيب الذهب الذي بيده فدنت استير ولمست راس القضيب.فقال لها الملك ما لك يا استير الملكة وما هي طلبتك الى نصف المملكة تعطى لك. فقالت استير ان حسن عند الملك فليات الملك وهامان اليوم الى الوليمة التي عملتها له.
أستير,5,10,"الإصحاح الخامس الآيات 1-4:- وفي اليوم الثالث لبست استير ثيابا ملكية ووقفت في دار بيت الملك الداخلية مقابل بيت الملك والملك جالس على كرسي ملكه في بيت الملك مقابل مدخل البيت.فلما راى الملك استير الملكة واقفة في الدار نالت نعمة في عينيه فمد الملك لاستير قضيب الذهب الذي بيده فدنت استير ولمست راس القضيب.فقال لها الملك ما لك يا استير الملكة وما هي طلبتك الى نصف المملكة تعطى لك. فقالت استير ان حسن عند الملك فليات الملك وهامان اليوم الى الوليمة التي عملتها له.
أستير,5,11,"الإصحاح الخامس الآيات 1-4:- وفي اليوم الثالث لبست استير ثيابا ملكية ووقفت في دار بيت الملك الداخلية مقابل بيت الملك والملك جالس على كرسي ملكه في بيت الملك مقابل مدخل البيت.فلما راى الملك استير الملكة واقفة في الدار نالت نعمة في عينيه فمد الملك لاستير قضيب الذهب الذي بيده فدنت استير ولمست راس القضيب.فقال لها الملك ما لك يا استير الملكة وما هي طلبتك الى نصف المملكة تعطى لك. فقالت استير ان حسن عند الملك فليات الملك وهامان اليوم الى الوليمة التي عملتها له.
أستير,5,12,"الإصحاح الخامس الآيات 1-4:- وفي اليوم الثالث لبست استير ثيابا ملكية ووقفت في دار بيت الملك الداخلية مقابل بيت الملك والملك جالس على كرسي ملكه في بيت الملك مقابل مدخل البيت.فلما راى الملك استير الملكة واقفة في الدار نالت نعمة في عينيه فمد الملك لاستير قضيب الذهب الذي بيده فدنت استير ولمست راس القضيب.فقال لها الملك ما لك يا استير الملكة وما هي طلبتك الى نصف المملكة تعطى لك. فقالت استير ان حسن عند الملك فليات الملك وهامان اليوم الى الوليمة التي عملتها له.
أستير,5,13,"الإصحاح الخامس الآيات 1-4:- وفي اليوم الثالث لبست استير ثيابا ملكية ووقفت في دار بيت الملك الداخلية مقابل بيت الملك والملك جالس على كرسي ملكه في بيت الملك مقابل مدخل البيت.فلما راى الملك استير الملكة واقفة في الدار نالت نعمة في عينيه فمد الملك لاستير قضيب الذهب الذي بيده فدنت استير ولمست راس القضيب.فقال لها الملك ما لك يا استير الملكة وما هي طلبتك الى نصف المملكة تعطى لك. فقالت استير ان حسن عند الملك فليات الملك وهامان اليوم الى الوليمة التي عملتها له.
أستير,5,14,"الإصحاح الخامس الآيات 1-4:- وفي اليوم الثالث لبست استير ثيابا ملكية ووقفت في دار بيت الملك الداخلية مقابل بيت الملك والملك جالس على كرسي ملكه في بيت الملك مقابل مدخل البيت.فلما راى الملك استير الملكة واقفة في الدار نالت نعمة في عينيه فمد الملك لاستير قضيب الذهب الذي بيده فدنت استير ولمست راس القضيب.فقال لها الملك ما لك يا استير الملكة وما هي طلبتك الى نصف المملكة تعطى لك. فقالت استير ان حسن عند الملك فليات الملك وهامان اليوم الى الوليمة التي عملتها له.
أستير,5,15,"الإصحاح الخامس الآيات 1-4:- وفي اليوم الثالث لبست استير ثيابا ملكية ووقفت في دار بيت الملك الداخلية مقابل بيت الملك والملك جالس على كرسي ملكه في بيت الملك مقابل مدخل البيت.فلما راى الملك استير الملكة واقفة في الدار نالت نعمة في عينيه فمد الملك لاستير قضيب الذهب الذي بيده فدنت استير ولمست راس القضيب.فقال لها الملك ما لك يا استير الملكة وما هي طلبتك الى نصف المملكة تعطى لك. فقالت استير ان حسن عند الملك فليات الملك وهامان اليوم الى الوليمة التي عملتها له.
أستير,5,16,"الإصحاح الخامس الآيات 1-4:- وفي اليوم الثالث لبست استير ثيابا ملكية ووقفت في دار بيت الملك الداخلية مقابل بيت الملك والملك جالس على كرسي ملكه في بيت الملك مقابل مدخل البيت.فلما راى الملك استير الملكة واقفة في الدار نالت نعمة في عينيه فمد الملك لاستير قضيب الذهب الذي بيده فدنت استير ولمست راس القضيب.فقال لها الملك ما لك يا استير الملكة وما هي طلبتك الى نصف المملكة تعطى لك. فقالت استير ان حسن عند الملك فليات الملك وهامان اليوم الى الوليمة التي عملتها له.
أستير,5,17,"الإصحاح الخامس الآيات 1-4:- وفي اليوم الثالث لبست استير ثيابا ملكية ووقفت في دار بيت الملك الداخلية مقابل بيت الملك والملك جالس على كرسي ملكه في بيت الملك مقابل مدخل البيت.فلما راى الملك استير الملكة واقفة في الدار نالت نعمة في عينيه فمد الملك لاستير قضيب الذهب الذي بيده فدنت استير ولمست راس القضيب.فقال لها الملك ما لك يا استير الملكة وما هي طلبتك الى نصف المملكة تعطى لك. فقالت استير ان حسن عند الملك فليات الملك وهامان اليوم الى الوليمة التي عملتها له.
أستير,5,18,"الإصحاح الخامس الآيات 1-4:- وفي اليوم الثالث لبست استير ثيابا ملكية ووقفت في دار بيت الملك الداخلية مقابل بيت الملك والملك جالس على كرسي ملكه في بيت الملك مقابل مدخل البيت.فلما راى الملك استير الملكة واقفة في الدار نالت نعمة في عينيه فمد الملك لاستير قضيب الذهب الذي بيده فدنت استير ولمست راس القضيب.فقال لها الملك ما لك يا استير الملكة وما هي طلبتك الى نصف المملكة تعطى لك. فقالت استير ان حسن عند الملك فليات الملك وهامان اليوم الى الوليمة التي عملتها له.
أستير,5,19,"الإصحاح الخامس الآيات 1-4:- وفي اليوم الثالث لبست استير ثيابا ملكية ووقفت في دار بيت الملك الداخلية مقابل بيت الملك والملك جالس على كرسي ملكه في بيت الملك مقابل مدخل البيت.فلما راى الملك استير الملكة واقفة في الدار نالت نعمة في عينيه فمد الملك لاستير قضيب الذهب الذي بيده فدنت استير ولمست راس القضيب.فقال لها الملك ما لك يا استير الملكة وما هي طلبتك الى نصف المملكة تعطى لك. فقالت استير ان حسن عند الملك فليات الملك وهامان اليوم الى الوليمة التي عملتها له.
أستير,5,20,"الإصحاح الخامس الآيات 1-4:- وفي اليوم الثالث لبست استير ثيابا ملكية ووقفت في دار بيت الملك الداخلية مقابل بيت الملك والملك جالس على كرسي ملكه في بيت الملك مقابل مدخل البيت.فلما راى الملك استير الملكة واقفة في الدار نالت نعمة في عينيه فمد الملك لاستير قضيب الذهب الذي بيده فدنت استير ولمست راس القضيب.فقال لها الملك ما لك يا استير الملكة وما هي طلبتك الى نصف المملكة تعطى لك. فقالت استير ان حسن عند الملك فليات الملك وهامان اليوم الى الوليمة التي عملتها له.
أستير,5,21,"الإصحاح الخامس الآيات 1-4:- وفي اليوم الثالث لبست استير ثيابا ملكية ووقفت في دار بيت الملك الداخلية مقابل بيت الملك والملك جالس على كرسي ملكه في بيت الملك مقابل مدخل البيت.فلما راى الملك استير الملكة واقفة في الدار نالت نعمة في عينيه فمد الملك لاستير قضيب الذهب الذي بيده فدنت استير ولمست راس القضيب.فقال لها الملك ما لك يا استير الملكة وما هي طلبتك الى نصف المملكة تعطى لك. فقالت استير ان حسن عند الملك فليات الملك وهامان اليوم الى الوليمة التي عملتها له.
أستير,5,22,"الإصحاح الخامس الآيات 1-4:- وفي اليوم الثالث لبست استير ثيابا ملكية ووقفت في دار بيت الملك الداخلية مقابل بيت الملك والملك جالس على كرسي ملكه في بيت الملك مقابل مدخل البيت.فلما راى الملك استير الملكة واقفة في الدار نالت نعمة في عينيه فمد الملك لاستير قضيب الذهب الذي بيده فدنت استير ولمست راس القضيب.فقال لها الملك ما لك يا استير الملكة وما هي طلبتك الى نصف المملكة تعطى لك. فقالت استير ان حسن عند الملك فليات الملك وهامان اليوم الى الوليمة التي عملتها له.
أستير,5,23,"الإصحاح الخامس الآيات 1-4:- وفي اليوم الثالث لبست استير ثيابا ملكية ووقفت في دار بيت الملك الداخلية مقابل بيت الملك والملك جالس على كرسي ملكه في بيت الملك مقابل مدخل البيت.فلما راى الملك استير الملكة واقفة في الدار نالت نعمة في عينيه فمد الملك لاستير قضيب الذهب الذي بيده فدنت استير ولمست راس القضيب.فقال لها الملك ما لك يا استير الملكة وما هي طلبتك الى نصف المملكة تعطى لك. فقالت استير ان حسن عند الملك فليات الملك وهامان اليوم الى الوليمة التي عملتها له.
أستير,5,24,"الإصحاح الخامس الآيات 1-4:- وفي اليوم الثالث لبست استير ثيابا ملكية ووقفت في دار بيت الملك الداخلية مقابل بيت الملك والملك جالس على كرسي ملكه في بيت الملك مقابل مدخل البيت.فلما راى الملك استير الملكة واقفة في الدار نالت نعمة في عينيه فمد الملك لاستير قضيب الذهب الذي بيده فدنت استير ولمست راس القضيب.فقال لها الملك ما لك يا استير الملكة وما هي طلبتك الى نصف المملكة تعطى لك. فقالت استير ان حسن عند الملك فليات الملك وهامان اليوم الى الوليمة التي عملتها له.
أستير,5,25,"الإصحاح الخامس الآيات 1-4:- وفي اليوم الثالث لبست استير ثيابا ملكية ووقفت في دار بيت الملك الداخلية مقابل بيت الملك والملك جالس على كرسي ملكه في بيت الملك مقابل مدخل البيت.فلما راى الملك استير الملكة واقفة في الدار نالت نعمة في عينيه فمد الملك لاستير قضيب الذهب الذي بيده فدنت استير ولمست راس القضيب.فقال لها الملك ما لك يا استير الملكة وما هي طلبتك الى نصف المملكة تعطى لك. فقالت استير ان حسن عند الملك فليات الملك وهامان اليوم الى الوليمة التي عملتها له.
أستير,5,26,"الإصحاح الخامس الآيات 1-4:- وفي اليوم الثالث لبست استير ثيابا ملكية ووقفت في دار بيت الملك الداخلية مقابل بيت الملك والملك جالس على كرسي ملكه في بيت الملك مقابل مدخل البيت.فلما راى الملك استير الملكة واقفة في الدار نالت نعمة في عينيه فمد الملك لاستير قضيب الذهب الذي بيده فدنت استير ولمست راس القضيب.فقال لها الملك ما لك يا استير الملكة وما هي طلبتك الى نصف المملكة تعطى لك. فقالت استير ان حسن عند الملك فليات الملك وهامان اليوم الى الوليمة التي عملتها له.
أستير,5,27,"الإصحاح الخامس الآيات 1-4:- وفي اليوم الثالث لبست استير ثيابا ملكية ووقفت في دار بيت الملك الداخلية مقابل بيت الملك والملك جالس على كرسي ملكه في بيت الملك مقابل مدخل البيت.فلما راى الملك استير الملكة واقفة في الدار نالت نعمة في عينيه فمد الملك لاستير قضيب الذهب الذي بيده فدنت استير ولمست راس القضيب.فقال لها الملك ما لك يا استير الملكة وما هي طلبتك الى نصف المملكة تعطى لك. فقالت استير ان حسن عند الملك فليات الملك وهامان اليوم الى الوليمة التي عملتها له.
أستير,5,28,"الإصحاح الخامس الآيات 1-4:- وفي اليوم الثالث لبست استير ثيابا ملكية ووقفت في دار بيت الملك الداخلية مقابل بيت الملك والملك جالس على كرسي ملكه في بيت الملك مقابل مدخل البيت.فلما راى الملك استير الملكة واقفة في الدار نالت نعمة في عينيه فمد الملك لاستير قضيب الذهب الذي بيده فدنت استير ولمست راس القضيب.فقال لها الملك ما لك يا استير الملكة وما هي طلبتك الى نصف المملكة تعطى لك. فقالت استير ان حسن عند الملك فليات الملك وهامان اليوم الى الوليمة التي عملتها له.
أستير,5,29,"الإصحاح الخامس الآيات 1-4:- وفي اليوم الثالث لبست استير ثيابا ملكية ووقفت في دار بيت الملك الداخلية مقابل بيت الملك والملك جالس على كرسي ملكه في بيت الملك مقابل مدخل البيت.فلما راى الملك استير الملكة واقفة في الدار نالت نعمة في عينيه فمد الملك لاستير قضيب الذهب الذي بيده فدنت استير ولمست راس القضيب.فقال لها الملك ما لك يا استير الملكة وما هي طلبتك الى نصف المملكة تعطى لك. فقالت استير ان حسن عند الملك فليات الملك وهامان اليوم الى الوليمة التي عملتها له.
أستير,5,30,"الإصحاح الخامس الآيات 1-4:- وفي اليوم الثالث لبست استير ثيابا ملكية ووقفت في دار بيت الملك الداخلية مقابل بيت الملك والملك جالس على كرسي ملكه في بيت الملك مقابل مدخل البيت.فلما راى الملك استير الملكة واقفة في الدار نالت نعمة في عينيه فمد الملك لاستير قضيب الذهب الذي بيده فدنت استير ولمست راس القضيب.فقال لها الملك ما لك يا استير الملكة وما هي طلبتك الى نصف المملكة تعطى لك. فقالت استير ان حسن عند الملك فليات الملك وهامان اليوم الى الوليمة التي عملتها له.
أستير,5,31,"الإصحاح الخامس الآيات 1-4:- وفي اليوم الثالث لبست استير ثيابا ملكية ووقفت في دار بيت الملك الداخلية مقابل بيت الملك والملك جالس على كرسي ملكه في بيت الملك مقابل مدخل البيت.فلما راى الملك استير الملكة واقفة في الدار نالت نعمة في عينيه فمد الملك لاستير قضيب الذهب الذي بيده فدنت استير ولمست راس القضيب.فقال لها الملك ما لك يا استير الملكة وما هي طلبتك الى نصف المملكة تعطى لك. فقالت استير ان حسن عند الملك فليات الملك وهامان اليوم الى الوليمة التي عملتها له.
أستير,5,32,"الإصحاح الخامس الآيات 1-4:- وفي اليوم الثالث لبست استير ثيابا ملكية ووقفت في دار بيت الملك الداخلية مقابل بيت الملك والملك جالس على كرسي ملكه في بيت الملك مقابل مدخل البيت.فلما راى الملك استير الملكة واقفة في الدار نالت نعمة في عينيه فمد الملك لاستير قضيب الذهب الذي بيده فدنت استير ولمست راس القضيب.فقال لها الملك ما لك يا استير الملكة وما هي طلبتك الى نصف المملكة تعطى لك. فقالت استير ان حسن عند الملك فليات الملك وهامان اليوم الى الوليمة التي عملتها له.
أستير,5,33,"الإصحاح الخامس الآيات 1-4:- وفي اليوم الثالث لبست استير ثيابا ملكية ووقفت في دار بيت الملك الداخلية مقابل بيت الملك والملك جالس على كرسي ملكه في بيت الملك مقابل مدخل البيت.فلما راى الملك استير الملكة واقفة في الدار نالت نعمة في عينيه فمد الملك لاستير قضيب الذهب الذي بيده فدنت استير ولمست راس القضيب.فقال لها الملك ما لك يا استير الملكة وما هي طلبتك الى نصف المملكة تعطى لك. فقالت استير ان حسن عند الملك فليات الملك وهامان اليوم الى الوليمة التي عملتها له.
أستير,5,34,"الإصحاح الخامس الآيات 1-4:- وفي اليوم الثالث لبست استير ثيابا ملكية ووقفت في دار بيت الملك الداخلية مقابل بيت الملك والملك جالس على كرسي ملكه في بيت الملك مقابل مدخل البيت.فلما راى الملك استير الملكة واقفة في الدار نالت نعمة في عينيه فمد الملك لاستير قضيب الذهب الذي بيده فدنت استير ولمست راس القضيب.فقال لها الملك ما لك يا استير الملكة وما هي طلبتك الى نصف المملكة تعطى لك. فقالت استير ان حسن عند الملك فليات الملك وهامان اليوم الى الوليمة التي عملتها له.
أستير,5,35,"الإصحاح الخامس الآيات 1-4:- وفي اليوم الثالث لبست استير ثيابا ملكية ووقفت في دار بيت الملك الداخلية مقابل بيت الملك والملك جالس على كرسي ملكه في بيت الملك مقابل مدخل البيت.فلما راى الملك استير الملكة واقفة في الدار نالت نعمة في عينيه فمد الملك لاستير قضيب الذهب الذي بيده فدنت استير ولمست راس القضيب.فقال لها الملك ما لك يا استير الملكة وما هي طلبتك الى نصف المملكة تعطى لك. فقالت استير ان حسن عند الملك فليات الملك وهامان اليوم الى الوليمة التي عملتها له.
أستير,5,36,"الإصحاح الخامس الآيات 1-4:- وفي اليوم الثالث لبست استير ثيابا ملكية ووقفت في دار بيت الملك الداخلية مقابل بيت الملك والملك جالس على كرسي ملكه في بيت الملك مقابل مدخل البيت.فلما راى الملك استير الملكة واقفة في الدار نالت نعمة في عينيه فمد الملك لاستير قضيب الذهب الذي بيده فدنت استير ولمست راس القضيب.فقال لها الملك ما لك يا استير الملكة وما هي طلبتك الى نصف المملكة تعطى لك. فقالت استير ان حسن عند الملك فليات الملك وهامان اليوم الى الوليمة التي عملتها له.
أستير,5,37,"الإصحاح الخامس الآيات 1-4:- وفي اليوم الثالث لبست استير ثيابا ملكية ووقفت في دار بيت الملك الداخلية مقابل بيت الملك والملك جالس على كرسي ملكه في بيت الملك مقابل مدخل البيت.فلما راى الملك استير الملكة واقفة في الدار نالت نعمة في عينيه فمد الملك لاستير قضيب الذهب الذي بيده فدنت استير ولمست راس القضيب.فقال لها الملك ما لك يا استير الملكة وما هي طلبتك الى نصف المملكة تعطى لك. فقالت استير ان حسن عند الملك فليات الملك وهامان اليوم الى الوليمة التي عملتها له.
أستير,5,38,"الإصحاح الخامس الآيات 1-4:- وفي اليوم الثالث لبست استير ثيابا ملكية ووقفت في دار بيت الملك الداخلية مقابل بيت الملك والملك جالس على كرسي ملكه في بيت الملك مقابل مدخل البيت.فلما راى الملك استير الملكة واقفة في الدار نالت نعمة في عينيه فمد الملك لاستير قضيب الذهب الذي بيده فدنت استير ولمست راس القضيب.فقال لها الملك ما لك يا استير الملكة وما هي طلبتك الى نصف المملكة تعطى لك. فقالت استير ان حسن عند الملك فليات الملك وهامان اليوم الى الوليمة التي عملتها له.
أستير,5,39,"الإصحاح الخامس الآيات 1-4:- وفي اليوم الثالث لبست استير ثيابا ملكية ووقفت في دار بيت الملك الداخلية مقابل بيت الملك والملك جالس على كرسي ملكه في بيت الملك مقابل مدخل البيت.فلما راى الملك استير الملكة واقفة في الدار نالت نعمة في عينيه فمد الملك لاستير قضيب الذهب الذي بيده فدنت استير ولمست راس القضيب.فقال لها الملك ما لك يا استير الملكة وما هي طلبتك الى نصف المملكة تعطى لك. فقالت استير ان حسن عند الملك فليات الملك وهامان اليوم الى الوليمة التي عملتها له.
أستير,5,40,"الإصحاح الخامس الآيات 1-4:- وفي اليوم الثالث لبست استير ثيابا ملكية ووقفت في دار بيت الملك الداخلية مقابل بيت الملك والملك جالس على كرسي ملكه في بيت الملك مقابل مدخل البيت.فلما راى الملك استير الملكة واقفة في الدار نالت نعمة في عينيه فمد الملك لاستير قضيب الذهب الذي بيده فدنت استير ولمست راس القضيب.فقال لها الملك ما لك يا استير الملكة وما هي طلبتك الى نصف المملكة تعطى لك. فقالت استير ان حسن عند الملك فليات الملك وهامان اليوم الى الوليمة التي عملتها له.
أستير,5,41,"الإصحاح الخامس الآيات 1-4:- وفي اليوم الثالث لبست استير ثيابا ملكية ووقفت في دار بيت الملك الداخلية مقابل بيت الملك والملك جالس على كرسي ملكه في بيت الملك مقابل مدخل البيت.فلما راى الملك استير الملكة واقفة في الدار نالت نعمة في عينيه فمد الملك لاستير قضيب الذهب الذي بيده فدنت استير ولمست راس القضيب.فقال لها الملك ما لك يا استير الملكة وما هي طلبتك الى نصف المملكة تعطى لك. فقالت استير ان حسن عند الملك فليات الملك وهامان اليوم الى الوليمة التي عملتها له.
أستير,5,42,"الإصحاح الخامس الآيات 1-4:- وفي اليوم الثالث لبست استير ثيابا ملكية ووقفت في دار بيت الملك الداخلية مقابل بيت الملك والملك جالس على كرسي ملكه في بيت الملك مقابل مدخل البيت.فلما راى الملك استير الملكة واقفة في الدار نالت نعمة في عينيه فمد الملك لاستير قضيب الذهب الذي بيده فدنت استير ولمست راس القضيب.فقال لها الملك ما لك يا استير الملكة وما هي طلبتك الى نصف المملكة تعطى لك. فقالت استير ان حسن عند الملك فليات الملك وهامان اليوم الى الوليمة التي عملتها له.
أستير,5,43,"الإصحاح الخامس الآيات 1-4:- وفي اليوم الثالث لبست استير ثيابا ملكية ووقفت في دار بيت الملك الداخلية مقابل بيت الملك والملك جالس على كرسي ملكه في بيت الملك مقابل مدخل البيت.فلما راى الملك استير الملكة واقفة في الدار نالت نعمة في عينيه فمد الملك لاستير قضيب الذهب الذي بيده فدنت استير ولمست راس القضيب.فقال لها الملك ما لك يا استير الملكة وما هي طلبتك الى نصف المملكة تعطى لك. فقالت استير ان حسن عند الملك فليات الملك وهامان اليوم الى الوليمة التي عملتها له.
أستير,5,44,"الإصحاح الخامس الآيات 1-4:- وفي اليوم الثالث لبست استير ثيابا ملكية ووقفت في دار بيت الملك الداخلية مقابل بيت الملك والملك جالس على كرسي ملكه في بيت الملك مقابل مدخل البيت.فلما راى الملك استير الملكة واقفة في الدار نالت نعمة في عينيه فمد الملك لاستير قضيب الذهب الذي بيده فدنت استير ولمست راس القضيب.فقال لها الملك ما لك يا استير الملكة وما هي طلبتك الى نصف المملكة تعطى لك. فقالت استير ان حسن عند الملك فليات الملك وهامان اليوم الى الوليمة التي عملتها له.
أستير,5,45,"الإصحاح الخامس الآيات 1-4:- وفي اليوم الثالث لبست استير ثيابا ملكية ووقفت في دار بيت الملك الداخلية مقابل بيت الملك والملك جالس على كرسي ملكه في بيت الملك مقابل مدخل البيت.فلما راى الملك استير الملكة واقفة في الدار نالت نعمة في عينيه فمد الملك لاستير قضيب الذهب الذي بيده فدنت استير ولمست راس القضيب.فقال لها الملك ما لك يا استير الملكة وما هي طلبتك الى نصف المملكة تعطى لك. فقالت استير ان حسن عند الملك فليات الملك وهامان اليوم الى الوليمة التي عملتها له.
أستير,5,46,"الإصحاح الخامس الآيات 1-4:- وفي اليوم الثالث لبست استير ثيابا ملكية ووقفت في دار بيت الملك الداخلية مقابل بيت الملك والملك جالس على كرسي ملكه في بيت الملك مقابل مدخل البيت.فلما راى الملك استير الملكة واقفة في الدار نالت نعمة في عينيه فمد الملك لاستير قضيب الذهب الذي بيده فدنت استير ولمست راس القضيب.فقال لها الملك ما لك يا استير الملكة وما هي طلبتك الى نصف المملكة تعطى لك. فقالت استير ان حسن عند الملك فليات الملك وهامان اليوم الى الوليمة التي عملتها له.
أستير,5,47,"الإصحاح الخامس الآيات 1-4:- وفي اليوم الثالث لبست استير ثيابا ملكية ووقفت في دار بيت الملك الداخلية مقابل بيت الملك والملك جالس على كرسي ملكه في بيت الملك مقابل مدخل البيت.فلما راى الملك استير الملكة واقفة في الدار نالت نعمة في عينيه فمد الملك لاستير قضيب الذهب الذي بيده فدنت استير ولمست راس القضيب.فقال لها الملك ما لك يا استير الملكة وما هي طلبتك الى نصف المملكة تعطى لك. فقالت استير ان حسن عند الملك فليات الملك وهامان اليوم الى الوليمة التي عملتها له.
أستير,5,48,"الإصحاح الخامس الآيات 1-4:- وفي اليوم الثالث لبست استير ثيابا ملكية ووقفت في دار بيت الملك الداخلية مقابل بيت الملك والملك جالس على كرسي ملكه في بيت الملك مقابل مدخل البيت.فلما راى الملك استير الملكة واقفة في الدار نالت نعمة في عينيه فمد الملك لاستير قضيب الذهب الذي بيده فدنت استير ولمست راس القضيب.فقال لها الملك ما لك يا استير الملكة وما هي طلبتك الى نصف المملكة تعطى لك. فقالت استير ان حسن عند الملك فليات الملك وهامان اليوم الى الوليمة التي عملتها له.
أستير,5,49,"الإصحاح الخامس الآيات 1-4:- وفي اليوم الثالث لبست استير ثيابا ملكية ووقفت في دار بيت الملك الداخلية مقابل بيت الملك والملك جالس على كرسي ملكه في بيت الملك مقابل مدخل البيت.فلما راى الملك استير الملكة واقفة في الدار نالت نعمة في عينيه فمد الملك لاستير قضيب الذهب الذي بيده فدنت استير ولمست راس القضيب.فقال لها الملك ما لك يا استير الملكة وما هي طلبتك الى نصف المملكة تعطى لك. فقالت استير ان حسن عند الملك فليات الملك وهامان اليوم الى الوليمة التي عملتها له.
أستير,5,50,"الإصحاح الخامس الآيات 1-4:- وفي اليوم الثالث لبست استير ثيابا ملكية ووقفت في دار بيت الملك الداخلية مقابل بيت الملك والملك جالس على كرسي ملكه في بيت الملك مقابل مدخل البيت.فلما راى الملك استير الملكة واقفة في الدار نالت نعمة في عينيه فمد الملك لاستير قضيب الذهب الذي بيده فدنت استير ولمست راس القضيب.فقال لها الملك ما لك يا استير الملكة وما هي طلبتك الى نصف المملكة تعطى لك. فقالت استير ان حسن عند الملك فليات الملك وهامان اليوم الى الوليمة التي عملتها له.
أستير,5,51,"الإصحاح الخامس الآيات 1-4:- وفي اليوم الثالث لبست استير ثيابا ملكية ووقفت في دار بيت الملك الداخلية مقابل بيت الملك والملك جالس على كرسي ملكه في بيت الملك مقابل مدخل البيت.فلما راى الملك استير الملكة واقفة في الدار نالت نعمة في عينيه فمد الملك لاستير قضيب الذهب الذي بيده فدنت استير ولمست راس القضيب.فقال لها الملك ما لك يا استير الملكة وما هي طلبتك الى نصف المملكة تعطى لك. فقالت استير ان حسن عند الملك فليات الملك وهامان اليوم الى الوليمة التي عملتها له.
أستير,5,52,"الإصحاح الخامس الآيات 1-4:- وفي اليوم الثالث لبست استير ثيابا ملكية ووقفت في دار بيت الملك الداخلية مقابل بيت الملك والملك جالس على كرسي ملكه في بيت الملك مقابل مدخل البيت.فلما راى الملك استير الملكة واقفة في الدار نالت نعمة في عينيه فمد الملك لاستير قضيب الذهب الذي بيده فدنت استير ولمست راس القضيب.فقال لها الملك ما لك يا استير الملكة وما هي طلبتك الى نصف المملكة تعطى لك. فقالت استير ان حسن عند الملك فليات الملك وهامان اليوم الى الوليمة التي عملتها له.
أستير,5,53,"الإصحاح الخامس الآيات 1-4:- وفي اليوم الثالث لبست استير ثيابا ملكية ووقفت في دار بيت الملك الداخلية مقابل بيت الملك والملك جالس على كرسي ملكه في بيت الملك مقابل مدخل البيت.فلما راى الملك استير الملكة واقفة في الدار نالت نعمة في عينيه فمد الملك لاستير قضيب الذهب الذي بيده فدنت استير ولمست راس القضيب.فقال لها الملك ما لك يا استير الملكة وما هي طلبتك الى نصف المملكة تعطى لك. فقالت استير ان حسن عند الملك فليات الملك وهامان اليوم الى الوليمة التي عملتها له.
أستير,5,54,"الإصحاح الخامس الآيات 1-4:- وفي اليوم الثالث لبست استير ثيابا ملكية ووقفت في دار بيت الملك الداخلية مقابل بيت الملك والملك جالس على كرسي ملكه في بيت الملك مقابل مدخل البيت.فلما راى الملك استير الملكة واقفة في الدار نالت نعمة في عينيه فمد الملك لاستير قضيب الذهب الذي بيده فدنت استير ولمست راس القضيب.فقال لها الملك ما لك يا استير الملكة وما هي طلبتك الى نصف المملكة تعطى لك. فقالت استير ان حسن عند الملك فليات الملك وهامان اليوم الى الوليمة التي عملتها له.
أستير,5,55,"الإصحاح الخامس الآيات 1-4:- وفي اليوم الثالث لبست استير ثيابا ملكية ووقفت في دار بيت الملك الداخلية مقابل بيت الملك والملك جالس على كرسي ملكه في بيت الملك مقابل مدخل البيت.فلما راى الملك استير الملكة واقفة في الدار نالت نعمة في عينيه فمد الملك لاستير قضيب الذهب الذي بيده فدنت استير ولمست راس القضيب.فقال لها الملك ما لك يا استير الملكة وما هي طلبتك الى نصف المملكة تعطى لك. فقالت استير ان حسن عند الملك فليات الملك وهامان اليوم الى الوليمة التي عملتها له.
أستير,5,56,"الإصحاح الخامس الآيات 1-4:- وفي اليوم الثالث لبست استير ثيابا ملكية ووقفت في دار بيت الملك الداخلية مقابل بيت الملك والملك جالس على كرسي ملكه في بيت الملك مقابل مدخل البيت.فلما راى الملك استير الملكة واقفة في الدار نالت نعمة في عينيه فمد الملك لاستير قضيب الذهب الذي بيده فدنت استير ولمست راس القضيب.فقال لها الملك ما لك يا استير الملكة وما هي طلبتك الى نصف المملكة تعطى لك. فقالت استير ان حسن عند الملك فليات الملك وهامان اليوم الى الوليمة التي عملتها له.
أستير,5,57,"الإصحاح الخامس الآيات 1-4:- وفي اليوم الثالث لبست استير ثيابا ملكية ووقفت في دار بيت الملك الداخلية مقابل بيت الملك والملك جالس على كرسي ملكه في بيت الملك مقابل مدخل البيت.فلما راى الملك استير الملكة واقفة في الدار نالت نعمة في عينيه فمد الملك لاستير قضيب الذهب الذي بيده فدنت استير ولمست راس القضيب.فقال لها الملك ما لك يا استير الملكة وما هي طلبتك الى نصف المملكة تعطى لك. فقالت استير ان حسن عند الملك فليات الملك وهامان اليوم الى الوليمة التي عملتها له.
أستير,5,58,"الإصحاح الخامس الآيات 1-4:- وفي اليوم الثالث لبست استير ثيابا ملكية ووقفت في دار بيت الملك الداخلية مقابل بيت الملك والملك جالس على كرسي ملكه في بيت الملك مقابل مدخل البيت.فلما راى الملك استير الملكة واقفة في الدار نالت نعمة في عينيه فمد الملك لاستير قضيب الذهب الذي بيده فدنت استير ولمست راس القضيب.فقال لها الملك ما لك يا استير الملكة وما هي طلبتك الى نصف المملكة تعطى لك. فقالت استير ان حسن عند الملك فليات الملك وهامان اليوم الى الوليمة التي عملتها له.
أستير,5,59,"الإصحاح الخامس الآيات 1-4:- وفي اليوم الثالث لبست استير ثيابا ملكية ووقفت في دار بيت الملك الداخلية مقابل بيت الملك والملك جالس على كرسي ملكه في بيت الملك مقابل مدخل البيت.فلما راى الملك استير الملكة واقفة في الدار نالت نعمة في عينيه فمد الملك لاستير قضيب الذهب الذي بيده فدنت استير ولمست راس القضيب.فقال لها الملك ما لك يا استير الملكة وما هي طلبتك الى نصف المملكة تعطى لك. فقالت استير ان حسن عند الملك فليات الملك وهامان اليوم الى الوليمة التي عملتها له.
أستير,5,60,"الإصحاح الخامس الآيات 1-4:- وفي اليوم الثالث لبست استير ثيابا ملكية ووقفت في دار بيت الملك الداخلية مقابل بيت الملك والملك جالس على كرسي ملكه في بيت الملك مقابل مدخل البيت.فلما راى الملك استير الملكة واقفة في الدار نالت نعمة في عينيه فمد الملك لاستير قضيب الذهب الذي بيده فدنت استير ولمست راس القضيب.فقال لها الملك ما لك يا استير الملكة وما هي طلبتك الى نصف المملكة تعطى لك. فقالت استير ان حسن عند الملك فليات الملك وهامان اليوم الى الوليمة التي عملتها له.
أستير,5,61,"الإصحاح الخامس الآيات 1-4:- وفي اليوم الثالث لبست استير ثيابا ملكية ووقفت في دار بيت الملك الداخلية مقابل بيت الملك والملك جالس على كرسي ملكه في بيت الملك مقابل مدخل البيت.فلما راى الملك استير الملكة واقفة في الدار نالت نعمة في عينيه فمد الملك لاستير قضيب الذهب الذي بيده فدنت استير ولمست راس القضيب.فقال لها الملك ما لك يا استير الملكة وما هي طلبتك الى نصف المملكة تعطى لك. فقالت استير ان حسن عند الملك فليات الملك وهامان اليوم الى الوليمة التي عملتها له.
أستير,5,62,"الإصحاح الخامس الآيات 1-4:- وفي اليوم الثالث لبست استير ثيابا ملكية ووقفت في دار بيت الملك الداخلية مقابل بيت الملك والملك جالس على كرسي ملكه في بيت الملك مقابل مدخل البيت.فلما راى الملك استير الملكة واقفة في الدار نالت نعمة في عينيه فمد الملك لاستير قضيب الذهب الذي بيده فدنت استير ولمست راس القضيب.فقال لها الملك ما لك يا استير الملكة وما هي طلبتك الى نصف المملكة تعطى لك. فقالت استير ان حسن عند الملك فليات الملك وهامان اليوم الى الوليمة التي عملتها له.
أستير,5,63,"الإصحاح الخامس الآيات 1-4:- وفي اليوم الثالث لبست استير ثيابا ملكية ووقفت في دار بيت الملك الداخلية مقابل بيت الملك والملك جالس على كرسي ملكه في بيت الملك مقابل مدخل البيت.فلما راى الملك استير الملكة واقفة في الدار نالت نعمة في عينيه فمد الملك لاستير قضيب الذهب الذي بيده فدنت استير ولمست راس القضيب.فقال لها الملك ما لك يا استير الملكة وما هي طلبتك الى نصف المملكة تعطى لك. فقالت استير ان حسن عند الملك فليات الملك وهامان اليوم الى الوليمة التي عملتها له.
أستير,5,64,"الإصحاح الخامس الآيات 1-4:- وفي اليوم الثالث لبست استير ثيابا ملكية ووقفت في دار بيت الملك الداخلية مقابل بيت الملك والملك جالس على كرسي ملكه في بيت الملك مقابل مدخل البيت.فلما راى الملك استير الملكة واقفة في الدار نالت نعمة في عينيه فمد الملك لاستير قضيب الذهب الذي بيده فدنت استير ولمست راس القضيب.فقال لها الملك ما لك يا استير الملكة وما هي طلبتك الى نصف المملكة تعطى لك. فقالت استير ان حسن عند الملك فليات الملك وهامان اليوم الى الوليمة التي عملتها له.
أستير,5,65,"الإصحاح الخامس الآيات 1-4:- وفي اليوم الثالث لبست استير ثيابا ملكية ووقفت في دار بيت الملك الداخلية مقابل بيت الملك والملك جالس على كرسي ملكه في بيت الملك مقابل مدخل البيت.فلما راى الملك استير الملكة واقفة في الدار نالت نعمة في عينيه فمد الملك لاستير قضيب الذهب الذي بيده فدنت استير ولمست راس القضيب.فقال لها الملك ما لك يا استير الملكة وما هي طلبتك الى نصف المملكة تعطى لك. فقالت استير ان حسن عند الملك فليات الملك وهامان اليوم الى الوليمة التي عملتها له.
أستير,5,66,"الإصحاح الخامس الآيات 1-4:- وفي اليوم الثالث لبست استير ثيابا ملكية ووقفت في دار بيت الملك الداخلية مقابل بيت الملك والملك جالس على كرسي ملكه في بيت الملك مقابل مدخل البيت.فلما راى الملك استير الملكة واقفة في الدار نالت نعمة في عينيه فمد الملك لاستير قضيب الذهب الذي بيده فدنت استير ولمست راس القضيب.فقال لها الملك ما لك يا استير الملكة وما هي طلبتك الى نصف المملكة تعطى لك. فقالت استير ان حسن عند الملك فليات الملك وهامان اليوم الى الوليمة التي عملتها له.
أستير,5,67,"الإصحاح الخامس الآيات 1-4:- وفي اليوم الثالث لبست استير ثيابا ملكية ووقفت في دار بيت الملك الداخلية مقابل بيت الملك والملك جالس على كرسي ملكه في بيت الملك مقابل مدخل البيت.فلما راى الملك استير الملكة واقفة في الدار نالت نعمة في عينيه فمد الملك لاستير قضيب الذهب الذي بيده فدنت استير ولمست راس القضيب.فقال لها الملك ما لك يا استير الملكة وما هي طلبتك الى نصف المملكة تعطى لك. فقالت استير ان حسن عند الملك فليات الملك وهامان اليوم الى الوليمة التي عملتها له.
أستير,5,68,"الإصحاح الخامس الآيات 1-4:- وفي اليوم الثالث لبست استير ثيابا ملكية ووقفت في دار بيت الملك الداخلية مقابل بيت الملك والملك جالس على كرسي ملكه في بيت الملك مقابل مدخل البيت.فلما راى الملك استير الملكة واقفة في الدار نالت نعمة في عينيه فمد الملك لاستير قضيب الذهب الذي بيده فدنت استير ولمست راس القضيب.فقال لها الملك ما لك يا استير الملكة وما هي طلبتك الى نصف المملكة تعطى لك. فقالت استير ان حسن عند الملك فليات الملك وهامان اليوم الى الوليمة التي عملتها له.
أستير,5,69,"الإصحاح الخامس الآيات 1-4:- وفي اليوم الثالث لبست استير ثيابا ملكية ووقفت في دار بيت الملك الداخلية مقابل بيت الملك والملك جالس على كرسي ملكه في بيت الملك مقابل مدخل البيت.فلما راى الملك استير الملكة واقفة في الدار نالت نعمة في عينيه فمد الملك لاستير قضيب الذهب الذي بيده فدنت استير ولمست راس القضيب.فقال لها الملك ما لك يا استير الملكة وما هي طلبتك الى نصف المملكة تعطى لك. فقالت استير ان حسن عند الملك فليات الملك وهامان اليوم الى الوليمة التي عملتها له.
أستير,5,70,"الإصحاح الخامس الآيات 1-4:- وفي اليوم الثالث لبست استير ثيابا ملكية ووقفت في دار بيت الملك الداخلية مقابل بيت الملك والملك جالس على كرسي ملكه في بيت الملك مقابل مدخل البيت.فلما راى الملك استير الملكة واقفة في الدار نالت نعمة في عينيه فمد الملك لاستير قضيب الذهب الذي بيده فدنت استير ولمست راس القضيب.فقال لها الملك ما لك يا استير الملكة وما هي طلبتك الى نصف المملكة تعطى لك. فقالت استير ان حسن عند الملك فليات الملك وهامان اليوم الى الوليمة التي عملتها له.
أستير,5,71,"الإصحاح الخامس الآيات 1-4:- وفي اليوم الثالث لبست استير ثيابا ملكية ووقفت في دار بيت الملك الداخلية مقابل بيت الملك والملك جالس على كرسي ملكه في بيت الملك مقابل مدخل البيت.فلما راى الملك استير الملكة واقفة في الدار نالت نعمة في عينيه فمد الملك لاستير قضيب الذهب الذي بيده فدنت استير ولمست راس القضيب.فقال لها الملك ما لك يا استير الملكة وما هي طلبتك الى نصف المملكة تعطى لك. فقالت استير ان حسن عند الملك فليات الملك وهامان اليوم الى الوليمة التي عملتها له.
أستير,5,72,"الإصحاح الخامس الآيات 1-4:- وفي اليوم الثالث لبست استير ثيابا ملكية ووقفت في دار بيت الملك الداخلية مقابل بيت الملك والملك جالس على كرسي ملكه في بيت الملك مقابل مدخل البيت.فلما راى الملك استير الملكة واقفة في الدار نالت نعمة في عينيه فمد الملك لاستير قضيب الذهب الذي بيده فدنت استير ولمست راس القضيب.فقال لها الملك ما لك يا استير الملكة وما هي طلبتك الى نصف المملكة تعطى لك. فقالت استير ان حسن عند الملك فليات الملك وهامان اليوم الى الوليمة التي عملتها له.
أستير,5,73,"الإصحاح الخامس الآيات 1-4:- وفي اليوم الثالث لبست استير ثيابا ملكية ووقفت في دار بيت الملك الداخلية مقابل بيت الملك والملك جالس على كرسي ملكه في بيت الملك مقابل مدخل البيت.فلما راى الملك استير الملكة واقفة في الدار نالت نعمة في عينيه فمد الملك لاستير قضيب الذهب الذي بيده فدنت استير ولمست راس القضيب.فقال لها الملك ما لك يا استير الملكة وما هي طلبتك الى نصف المملكة تعطى لك. فقالت استير ان حسن عند الملك فليات الملك وهامان اليوم الى الوليمة التي عملتها له.
أستير,5,74,"الإصحاح الخامس الآيات 1-4:- وفي اليوم الثالث لبست استير ثيابا ملكية ووقفت في دار بيت الملك الداخلية مقابل بيت الملك والملك جالس على كرسي ملكه في بيت الملك مقابل مدخل البيت.فلما راى الملك استير الملكة واقفة في الدار نالت نعمة في عينيه فمد الملك لاستير قضيب الذهب الذي بيده فدنت استير ولمست راس القضيب.فقال لها الملك ما لك يا استير الملكة وما هي طلبتك الى نصف المملكة تعطى لك. فقالت استير ان حسن عند الملك فليات الملك وهامان اليوم الى الوليمة التي عملتها له.
أستير,5,75,"الإصحاح الخامس الآيات 1-4:- وفي اليوم الثالث لبست استير ثيابا ملكية ووقفت في دار بيت الملك الداخلية مقابل بيت الملك والملك جالس على كرسي ملكه في بيت الملك مقابل مدخل البيت.فلما راى الملك استير الملكة واقفة في الدار نالت نعمة في عينيه فمد الملك لاستير قضيب الذهب الذي بيده فدنت استير ولمست راس القضيب.فقال لها الملك ما لك يا استير الملكة وما هي طلبتك الى نصف المملكة تعطى لك. فقالت استير ان حسن عند الملك فليات الملك وهامان اليوم الى الوليمة التي عملتها له.
أستير,5,76,"الإصحاح الخامس الآيات 1-4:- وفي اليوم الثالث لبست استير ثيابا ملكية ووقفت في دار بيت الملك الداخلية مقابل بيت الملك والملك جالس على كرسي ملكه في بيت الملك مقابل مدخل البيت.فلما راى الملك استير الملكة واقفة في الدار نالت نعمة في عينيه فمد الملك لاستير قضيب الذهب الذي بيده فدنت استير ولمست راس القضيب.فقال لها الملك ما لك يا استير الملكة وما هي طلبتك الى نصف المملكة تعطى لك. فقالت استير ان حسن عند الملك فليات الملك وهامان اليوم الى الوليمة التي عملتها له.
أستير,5,77,"الإصحاح الخامس الآيات 1-4:- وفي اليوم الثالث لبست استير ثيابا ملكية ووقفت في دار بيت الملك الداخلية مقابل بيت الملك والملك جالس على كرسي ملكه في بيت الملك مقابل مدخل البيت.فلما راى الملك استير الملكة واقفة في الدار نالت نعمة في عينيه فمد الملك لاستير قضيب الذهب الذي بيده فدنت استير ولمست راس القضيب.فقال لها الملك ما لك يا استير الملكة وما هي طلبتك الى نصف المملكة تعطى لك. فقالت استير ان حسن عند الملك فليات الملك وهامان اليوم الى الوليمة التي عملتها له.
أستير,5,78,"الإصحاح الخامس الآيات 1-4:- وفي اليوم الثالث لبست استير ثيابا ملكية ووقفت في دار بيت الملك الداخلية مقابل بيت الملك والملك جالس على كرسي ملكه في بيت الملك مقابل مدخل البيت.فلما راى الملك استير الملكة واقفة في الدار نالت نعمة في عينيه فمد الملك لاستير قضيب الذهب الذي بيده فدنت استير ولمست راس القضيب.فقال لها الملك ما لك يا استير الملكة وما هي طلبتك الى نصف المملكة تعطى لك. فقالت استير ان حسن عند الملك فليات الملك وهامان اليوم الى الوليمة التي عملتها له.
أستير,5,79,"الإصحاح الخامس الآيات 1-4:- وفي اليوم الثالث لبست استير ثيابا ملكية ووقفت في دار بيت الملك الداخلية مقابل بيت الملك والملك جالس على كرسي ملكه في بيت الملك مقابل مدخل البيت.فلما راى الملك استير الملكة واقفة في الدار نالت نعمة في عينيه فمد الملك لاستير قضيب الذهب الذي بيده فدنت استير ولمست راس القضيب.فقال لها الملك ما لك يا استير الملكة وما هي طلبتك الى نصف المملكة تعطى لك. فقالت استير ان حسن عند الملك فليات الملك وهامان اليوم الى الوليمة التي عملتها له.
أستير,5,80,"الإصحاح الخامس الآيات 1-4:- وفي اليوم الثالث لبست استير ثيابا ملكية ووقفت في دار بيت الملك الداخلية مقابل بيت الملك والملك جالس على كرسي ملكه في بيت الملك مقابل مدخل البيت.فلما راى الملك استير الملكة واقفة في الدار نالت نعمة في عينيه فمد الملك لاستير قضيب الذهب الذي بيده فدنت استير ولمست راس القضيب.فقال لها الملك ما لك يا استير الملكة وما هي طلبتك الى نصف المملكة تعطى لك. فقالت استير ان حسن عند الملك فليات الملك وهامان اليوم الى الوليمة التي عملتها له.
أستير,5,81,"الإصحاح الخامس الآيات 1-4:- وفي اليوم الثالث لبست استير ثيابا ملكية ووقفت في دار بيت الملك الداخلية مقابل بيت الملك والملك جالس على كرسي ملكه في بيت الملك مقابل مدخل البيت.فلما راى الملك استير الملكة واقفة في الدار نالت نعمة في عينيه فمد الملك لاستير قضيب الذهب الذي بيده فدنت استير ولمست راس القضيب.فقال لها الملك ما لك يا استير الملكة وما هي طلبتك الى نصف المملكة تعطى لك. فقالت استير ان حسن عند الملك فليات الملك وهامان اليوم الى الوليمة التي عملتها له.
أستير,5,82,"الإصحاح الخامس الآيات 1-4:- وفي اليوم الثالث لبست استير ثيابا ملكية ووقفت في دار بيت الملك الداخلية مقابل بيت الملك والملك جالس على كرسي ملكه في بيت الملك مقابل مدخل البيت.فلما راى الملك استير الملكة واقفة في الدار نالت نعمة في عينيه فمد الملك لاستير قضيب الذهب الذي بيده فدنت استير ولمست راس القضيب.فقال لها الملك ما لك يا استير الملكة وما هي طلبتك الى نصف المملكة تعطى لك. فقالت استير ان حسن عند الملك فليات الملك وهامان اليوم الى الوليمة التي عملتها له.
أستير,5,83,"الإصحاح الخامس الآيات 1-4:- وفي اليوم الثالث لبست استير ثيابا ملكية ووقفت في دار بيت الملك الداخلية مقابل بيت الملك والملك جالس على كرسي ملكه في بيت الملك مقابل مدخل البيت.فلما راى الملك استير الملكة واقفة في الدار نالت نعمة في عينيه فمد الملك لاستير قضيب الذهب الذي بيده فدنت استير ولمست راس القضيب.فقال لها الملك ما لك يا استير الملكة وما هي طلبتك الى نصف المملكة تعطى لك. فقالت استير ان حسن عند الملك فليات الملك وهامان اليوم الى الوليمة التي عملتها له.
أستير,5,84,"الإصحاح الخامس الآيات 1-4:- وفي اليوم الثالث لبست استير ثيابا ملكية ووقفت في دار بيت الملك الداخلية مقابل بيت الملك والملك جالس على كرسي ملكه في بيت الملك مقابل مدخل البيت.فلما راى الملك استير الملكة واقفة في الدار نالت نعمة في عينيه فمد الملك لاستير قضيب الذهب الذي بيده فدنت استير ولمست راس القضيب.فقال لها الملك ما لك يا استير الملكة وما هي طلبتك الى نصف المملكة تعطى لك. فقالت استير ان حسن عند الملك فليات الملك وهامان اليوم الى الوليمة التي عملتها له.
أستير,5,85,"الإصحاح الخامس الآيات 1-4:- وفي اليوم الثالث لبست استير ثيابا ملكية ووقفت في دار بيت الملك الداخلية مقابل بيت الملك والملك جالس على كرسي ملكه في بيت الملك مقابل مدخل البيت.فلما راى الملك استير الملكة واقفة في الدار نالت نعمة في عينيه فمد الملك لاستير قضيب الذهب الذي بيده فدنت استير ولمست راس القضيب.فقال لها الملك ما لك يا استير الملكة وما هي طلبتك الى نصف المملكة تعطى لك. فقالت استير ان حسن عند الملك فليات الملك وهامان اليوم الى الوليمة التي عملتها له.
أستير,5,86,"الإصحاح الخامس الآيات 1-4:- وفي اليوم الثالث لبست استير ثيابا ملكية ووقفت في دار بيت الملك الداخلية مقابل بيت الملك والملك جالس على كرسي ملكه في بيت الملك مقابل مدخل البيت.فلما راى الملك استير الملكة واقفة في الدار نالت نعمة في عينيه فمد الملك لاستير قضيب الذهب الذي بيده فدنت استير ولمست راس القضيب.فقال لها الملك ما لك يا استير الملكة وما هي طلبتك الى نصف المملكة تعطى لك. فقالت استير ان حسن عند الملك فليات الملك وهامان اليوم الى الوليمة التي عملتها له.
أستير,5,87,"الإصحاح الخامس الآيات 1-4:- وفي اليوم الثالث لبست استير ثيابا ملكية ووقفت في دار بيت الملك الداخلية مقابل بيت الملك والملك جالس على كرسي ملكه في بيت الملك مقابل مدخل البيت.فلما راى الملك استير الملكة واقفة في الدار نالت نعمة في عينيه فمد الملك لاستير قضيب الذهب الذي بيده فدنت استير ولمست راس القضيب.فقال لها الملك ما لك يا استير الملكة وما هي طلبتك الى نصف المملكة تعطى لك. فقالت استير ان حسن عند الملك فليات الملك وهامان اليوم الى الوليمة التي عملتها له.
أستير,5,88,"الإصحاح الخامس الآيات 1-4:- وفي اليوم الثالث لبست استير ثيابا ملكية ووقفت في دار بيت الملك الداخلية مقابل بيت الملك والملك جالس على كرسي ملكه في بيت الملك مقابل مدخل البيت.فلما راى الملك استير الملكة واقفة في الدار نالت نعمة في عينيه فمد الملك لاستير قضيب الذهب الذي بيده فدنت استير ولمست راس القضيب.فقال لها الملك ما لك يا استير الملكة وما هي طلبتك الى نصف المملكة تعطى لك. فقالت استير ان حسن عند الملك فليات الملك وهامان اليوم الى الوليمة التي عملتها له.
أستير,5,89,"الإصحاح الخامس الآيات 1-4:- وفي اليوم الثالث لبست استير ثيابا ملكية ووقفت في دار بيت الملك الداخلية مقابل بيت الملك والملك جالس على كرسي ملكه في بيت الملك مقابل مدخل البيت.فلما راى الملك استير الملكة واقفة في الدار نالت نعمة في عينيه فمد الملك لاستير قضيب الذهب الذي بيده فدنت استير ولمست راس القضيب.فقال لها الملك ما لك يا استير الملكة وما هي طلبتك الى نصف المملكة تعطى لك. فقالت استير ان حسن عند الملك فليات الملك وهامان اليوم الى الوليمة التي عملتها له.
أستير,5,90,"الإصحاح الخامس الآيات 1-4:- وفي اليوم الثالث لبست استير ثيابا ملكية ووقفت في دار بيت الملك الداخلية مقابل بيت الملك والملك جالس على كرسي ملكه في بيت الملك مقابل مدخل البيت.فلما راى الملك استير الملكة واقفة في الدار نالت نعمة في عينيه فمد الملك لاستير قضيب الذهب الذي بيده فدنت استير ولمست راس القضيب.فقال لها الملك ما لك يا استير الملكة وما هي طلبتك الى نصف المملكة تعطى لك. فقالت استير ان حسن عند الملك فليات الملك وهامان اليوم الى الوليمة التي عملتها له.
أستير,5,91,"الإصحاح الخامس الآيات 1-4:- وفي اليوم الثالث لبست استير ثيابا ملكية ووقفت في دار بيت الملك الداخلية مقابل بيت الملك والملك جالس على كرسي ملكه في بيت الملك مقابل مدخل البيت.فلما راى الملك استير الملكة واقفة في الدار نالت نعمة في عينيه فمد الملك لاستير قضيب الذهب الذي بيده فدنت استير ولمست راس القضيب.فقال لها الملك ما لك يا استير الملكة وما هي طلبتك الى نصف المملكة تعطى لك. فقالت استير ان حسن عند الملك فليات الملك وهامان اليوم الى الوليمة التي عملتها له.
أستير,5,92,"الإصحاح الخامس الآيات 1-4:- وفي اليوم الثالث لبست استير ثيابا ملكية ووقفت في دار بيت الملك الداخلية مقابل بيت الملك والملك جالس على كرسي ملكه في بيت الملك مقابل مدخل البيت.فلما راى الملك استير الملكة واقفة في الدار نالت نعمة في عينيه فمد الملك لاستير قضيب الذهب الذي بيده فدنت استير ولمست راس القضيب.فقال لها الملك ما لك يا استير الملكة وما هي طلبتك الى نصف المملكة تعطى لك. فقالت استير ان حسن عند الملك فليات الملك وهامان اليوم الى الوليمة التي عملتها له.
أستير,5,93,"الإصحاح الخامس الآيات 1-4:- وفي اليوم الثالث لبست استير ثيابا ملكية ووقفت في دار بيت الملك الداخلية مقابل بيت الملك والملك جالس على كرسي ملكه في بيت الملك مقابل مدخل البيت.فلما راى الملك استير الملكة واقفة في الدار نالت نعمة في عينيه فمد الملك لاستير قضيب الذهب الذي بيده فدنت استير ولمست راس القضيب.فقال لها الملك ما لك يا استير الملكة وما هي طلبتك الى نصف المملكة تعطى لك. فقالت استير ان حسن عند الملك فليات الملك وهامان اليوم الى الوليمة التي عملتها له.
أستير,5,94,"الإصحاح الخامس الآيات 1-4:- وفي اليوم الثالث لبست استير ثيابا ملكية ووقفت في دار بيت الملك الداخلية مقابل بيت الملك والملك جالس على كرسي ملكه في بيت الملك مقابل مدخل البيت.فلما راى الملك استير الملكة واقفة في الدار نالت نعمة في عينيه فمد الملك لاستير قضيب الذهب الذي بيده فدنت استير ولمست راس القضيب.فقال لها الملك ما لك يا استير الملكة وما هي طلبتك الى نصف المملكة تعطى لك. فقالت استير ان حسن عند الملك فليات الملك وهامان اليوم الى الوليمة التي عملتها له.
أستير,5,95,"الإصحاح الخامس الآيات 1-4:- وفي اليوم الثالث لبست استير ثيابا ملكية ووقفت في دار بيت الملك الداخلية مقابل بيت الملك والملك جالس على كرسي ملكه في بيت الملك مقابل مدخل البيت.فلما راى الملك استير الملكة واقفة في الدار نالت نعمة في عينيه فمد الملك لاستير قضيب الذهب الذي بيده فدنت استير ولمست راس القضيب.فقال لها الملك ما لك يا استير الملكة وما هي طلبتك الى نصف المملكة تعطى لك. فقالت استير ان حسن عند الملك فليات الملك وهامان اليوم الى الوليمة التي عملتها له.
أستير,5,96,"الإصحاح الخامس الآيات 1-4:- وفي اليوم الثالث لبست استير ثيابا ملكية ووقفت في دار بيت الملك الداخلية مقابل بيت الملك والملك جالس على كرسي ملكه في بيت الملك مقابل مدخل البيت.فلما راى الملك استير الملكة واقفة في الدار نالت نعمة في عينيه فمد الملك لاستير قضيب الذهب الذي بيده فدنت استير ولمست راس القضيب.فقال لها الملك ما لك يا استير الملكة وما هي طلبتك الى نصف المملكة تعطى لك. فقالت استير ان حسن عند الملك فليات الملك وهامان اليوم الى الوليمة التي عملتها له.
أستير,5,97,"الإصحاح الخامس الآيات 1-4:- وفي اليوم الثالث لبست استير ثيابا ملكية ووقفت في دار بيت الملك الداخلية مقابل بيت الملك والملك جالس على كرسي ملكه في بيت الملك مقابل مدخل البيت.فلما راى الملك استير الملكة واقفة في الدار نالت نعمة في عينيه فمد الملك لاستير قضيب الذهب الذي بيده فدنت استير ولمست راس القضيب.فقال لها الملك ما لك يا استير الملكة وما هي طلبتك الى نصف المملكة تعطى لك. فقالت استير ان حسن عند الملك فليات الملك وهامان اليوم الى الوليمة التي عملتها له.
أستير,5,98,"الإصحاح الخامس الآيات 1-4:- وفي اليوم الثالث لبست استير ثيابا ملكية ووقفت في دار بيت الملك الداخلية مقابل بيت الملك والملك جالس على كرسي ملكه في بيت الملك مقابل مدخل البيت.فلما راى الملك استير الملكة واقفة في الدار نالت نعمة في عينيه فمد الملك لاستير قضيب الذهب الذي بيده فدنت استير ولمست راس القضيب.فقال لها الملك ما لك يا استير الملكة وما هي طلبتك الى نصف المملكة تعطى لك. فقالت استير ان حسن عند الملك فليات الملك وهامان اليوم الى الوليمة التي عملتها له.
أستير,5,99,"الإصحاح الخامس الآيات 1-4:- وفي اليوم الثالث لبست استير ثيابا ملكية ووقفت في دار بيت الملك الداخلية مقابل بيت الملك والملك جالس على كرسي ملكه في بيت الملك مقابل مدخل البيت.فلما راى الملك استير الملكة واقفة في الدار نالت نعمة في عينيه فمد الملك لاستير قضيب الذهب الذي بيده فدنت استير ولمست راس القضيب.فقال لها الملك ما لك يا استير الملكة وما هي طلبتك الى نصف المملكة تعطى لك. فقالت استير ان حسن عند الملك فليات الملك وهامان اليوم الى الوليمة التي عملتها له.
أستير,6,1,"الإصحاح السادس الآيات 1-4:- في تلك الليلة طار نوم الملك فامر بان يؤتى بسفر تذكار اخبار الايام فقرئت امام الملك.فوجد مكتوبا ما اخبر به مردخاي عن بغثانا وترش خصيي الملك حارسي الباب اللذين طلبا ان يمدا ايديهما الى الملك احشويروش.فقال الملك اية كرامة وعظمة عملت لمردخاي لاجل هذا فقال غلمان الملك الذين يخدمونه لم يعمل معه شيء.فقال الملك من في الدار وكان هامان قد دخل دار بيت الملك الخارجية لكي يقول للملك ان يصلب مردخاي على الخشبة التي اعدها له.
أستير,6,2,"الإصحاح السادس الآيات 1-4:- في تلك الليلة طار نوم الملك فامر بان يؤتى بسفر تذكار اخبار الايام فقرئت امام الملك.فوجد مكتوبا ما اخبر به مردخاي عن بغثانا وترش خصيي الملك حارسي الباب اللذين طلبا ان يمدا ايديهما الى الملك احشويروش.فقال الملك اية كرامة وعظمة عملت لمردخاي لاجل هذا فقال غلمان الملك الذين يخدمونه لم يعمل معه شيء.فقال الملك من في الدار وكان هامان قد دخل دار بيت الملك الخارجية لكي يقول للملك ان يصلب مردخاي على الخشبة التي اعدها له.
أستير,6,3,"الإصحاح السادس الآيات 1-4:- في تلك الليلة طار نوم الملك فامر بان يؤتى بسفر تذكار اخبار الايام فقرئت امام الملك.فوجد مكتوبا ما اخبر به مردخاي عن بغثانا وترش خصيي الملك حارسي الباب اللذين طلبا ان يمدا ايديهما الى الملك احشويروش.فقال الملك اية كرامة وعظمة عملت لمردخاي لاجل هذا فقال غلمان الملك الذين يخدمونه لم يعمل معه شيء.فقال الملك من في الدار وكان هامان قد دخل دار بيت الملك الخارجية لكي يقول للملك ان يصلب مردخاي على الخشبة التي اعدها له.
أستير,6,4,"الإصحاح السادس الآيات 1-4:- في تلك الليلة طار نوم الملك فامر بان يؤتى بسفر تذكار اخبار الايام فقرئت امام الملك.فوجد مكتوبا ما اخبر به مردخاي عن بغثانا وترش خصيي الملك حارسي الباب اللذين طلبا ان يمدا ايديهما الى الملك احشويروش.فقال الملك اية كرامة وعظمة عملت لمردخاي لاجل هذا فقال غلمان الملك الذين يخدمونه لم يعمل معه شيء.فقال الملك من في الدار وكان هامان قد دخل دار بيت الملك الخارجية لكي يقول للملك ان يصلب مردخاي على الخشبة التي اعدها له.
أستير,6,5,"الإصحاح السادس الآيات 1-4:- في تلك الليلة طار نوم الملك فامر بان يؤتى بسفر تذكار اخبار الايام فقرئت امام الملك.فوجد مكتوبا ما اخبر به مردخاي عن بغثانا وترش خصيي الملك حارسي الباب اللذين طلبا ان يمدا ايديهما الى الملك احشويروش.فقال الملك اية كرامة وعظمة عملت لمردخاي لاجل هذا فقال غلمان الملك الذين يخدمونه لم يعمل معه شيء.فقال الملك من في الدار وكان هامان قد دخل دار بيت الملك الخارجية لكي يقول للملك ان يصلب مردخاي على الخشبة التي اعدها له.
أستير,6,6,"الإصحاح السادس الآيات 1-4:- في تلك الليلة طار نوم الملك فامر بان يؤتى بسفر تذكار اخبار الايام فقرئت امام الملك.فوجد مكتوبا ما اخبر به مردخاي عن بغثانا وترش خصيي الملك حارسي الباب اللذين طلبا ان يمدا ايديهما الى الملك احشويروش.فقال الملك اية كرامة وعظمة عملت لمردخاي لاجل هذا فقال غلمان الملك الذين يخدمونه لم يعمل معه شيء.فقال الملك من في الدار وكان هامان قد دخل دار بيت الملك الخارجية لكي يقول للملك ان يصلب مردخاي على الخشبة التي اعدها له.
أستير,6,7,"الإصحاح السادس الآيات 1-4:- في تلك الليلة طار نوم الملك فامر بان يؤتى بسفر تذكار اخبار الايام فقرئت امام الملك.فوجد مكتوبا ما اخبر به مردخاي عن بغثانا وترش خصيي الملك حارسي الباب اللذين طلبا ان يمدا ايديهما الى الملك احشويروش.فقال الملك اية كرامة وعظمة عملت لمردخاي لاجل هذا فقال غلمان الملك الذين يخدمونه لم يعمل معه شيء.فقال الملك من في الدار وكان هامان قد دخل دار بيت الملك الخارجية لكي يقول للملك ان يصلب مردخاي على الخشبة التي اعدها له.
أستير,6,8,"الإصحاح السادس الآيات 1-4:- في تلك الليلة طار نوم الملك فامر بان يؤتى بسفر تذكار اخبار الايام فقرئت امام الملك.فوجد مكتوبا ما اخبر به مردخاي عن بغثانا وترش خصيي الملك حارسي الباب اللذين طلبا ان يمدا ايديهما الى الملك احشويروش.فقال الملك اية كرامة وعظمة عملت لمردخاي لاجل هذا فقال غلمان الملك الذين يخدمونه لم يعمل معه شيء.فقال الملك من في الدار وكان هامان قد دخل دار بيت الملك الخارجية لكي يقول للملك ان يصلب مردخاي على الخشبة التي اعدها له.
أستير,6,9,"الإصحاح السادس الآيات 1-4:- في تلك الليلة طار نوم الملك فامر بان يؤتى بسفر تذكار اخبار الايام فقرئت امام الملك.فوجد مكتوبا ما اخبر به مردخاي عن بغثانا وترش خصيي الملك حارسي الباب اللذين طلبا ان يمدا ايديهما الى الملك احشويروش.فقال الملك اية كرامة وعظمة عملت لمردخاي لاجل هذا فقال غلمان الملك الذين يخدمونه لم يعمل معه شيء.فقال الملك من في الدار وكان هامان قد دخل دار بيت الملك الخارجية لكي يقول للملك ان يصلب مردخاي على الخشبة التي اعدها له.
أستير,6,10,"الإصحاح السادس الآيات 1-4:- في تلك الليلة طار نوم الملك فامر بان يؤتى بسفر تذكار اخبار الايام فقرئت امام الملك.فوجد مكتوبا ما اخبر به مردخاي عن بغثانا وترش خصيي الملك حارسي الباب اللذين طلبا ان يمدا ايديهما الى الملك احشويروش.فقال الملك اية كرامة وعظمة عملت لمردخاي لاجل هذا فقال غلمان الملك الذين يخدمونه لم يعمل معه شيء.فقال الملك من في الدار وكان هامان قد دخل دار بيت الملك الخارجية لكي يقول للملك ان يصلب مردخاي على الخشبة التي اعدها له.
أستير,6,11,"الإصحاح السادس الآيات 1-4:- في تلك الليلة طار نوم الملك فامر بان يؤتى بسفر تذكار اخبار الايام فقرئت امام الملك.فوجد مكتوبا ما اخبر به مردخاي عن بغثانا وترش خصيي الملك حارسي الباب اللذين طلبا ان يمدا ايديهما الى الملك احشويروش.فقال الملك اية كرامة وعظمة عملت لمردخاي لاجل هذا فقال غلمان الملك الذين يخدمونه لم يعمل معه شيء.فقال الملك من في الدار وكان هامان قد دخل دار بيت الملك الخارجية لكي يقول للملك ان يصلب مردخاي على الخشبة التي اعدها له.
أستير,6,12,"الإصحاح السادس الآيات 1-4:- في تلك الليلة طار نوم الملك فامر بان يؤتى بسفر تذكار اخبار الايام فقرئت امام الملك.فوجد مكتوبا ما اخبر به مردخاي عن بغثانا وترش خصيي الملك حارسي الباب اللذين طلبا ان يمدا ايديهما الى الملك احشويروش.فقال الملك اية كرامة وعظمة عملت لمردخاي لاجل هذا فقال غلمان الملك الذين يخدمونه لم يعمل معه شيء.فقال الملك من في الدار وكان هامان قد دخل دار بيت الملك الخارجية لكي يقول للملك ان يصلب مردخاي على الخشبة التي اعدها له.
أستير,6,13,"الإصحاح السادس الآيات 1-4:- في تلك الليلة طار نوم الملك فامر بان يؤتى بسفر تذكار اخبار الايام فقرئت امام الملك.فوجد مكتوبا ما اخبر به مردخاي عن بغثانا وترش خصيي الملك حارسي الباب اللذين طلبا ان يمدا ايديهما الى الملك احشويروش.فقال الملك اية كرامة وعظمة عملت لمردخاي لاجل هذا فقال غلمان الملك الذين يخدمونه لم يعمل معه شيء.فقال الملك من في الدار وكان هامان قد دخل دار بيت الملك الخارجية لكي يقول للملك ان يصلب مردخاي على الخشبة التي اعدها له.
أستير,6,14,"الإصحاح السادس الآيات 1-4:- في تلك الليلة طار نوم الملك فامر بان يؤتى بسفر تذكار اخبار الايام فقرئت امام الملك.فوجد مكتوبا ما اخبر به مردخاي عن بغثانا وترش خصيي الملك حارسي الباب اللذين طلبا ان يمدا ايديهما الى الملك احشويروش.فقال الملك اية كرامة وعظمة عملت لمردخاي لاجل هذا فقال غلمان الملك الذين يخدمونه لم يعمل معه شيء.فقال الملك من في الدار وكان هامان قد دخل دار بيت الملك الخارجية لكي يقول للملك ان يصلب مردخاي على الخشبة التي اعدها له.
أستير,6,15,"الإصحاح السادس الآيات 1-4:- في تلك الليلة طار نوم الملك فامر بان يؤتى بسفر تذكار اخبار الايام فقرئت امام الملك.فوجد مكتوبا ما اخبر به مردخاي عن بغثانا وترش خصيي الملك حارسي الباب اللذين طلبا ان يمدا ايديهما الى الملك احشويروش.فقال الملك اية كرامة وعظمة عملت لمردخاي لاجل هذا فقال غلمان الملك الذين يخدمونه لم يعمل معه شيء.فقال الملك من في الدار وكان هامان قد دخل دار بيت الملك الخارجية لكي يقول للملك ان يصلب مردخاي على الخشبة التي اعدها له.
أستير,6,16,"الإصحاح السادس الآيات 1-4:- في تلك الليلة طار نوم الملك فامر بان يؤتى بسفر تذكار اخبار الايام فقرئت امام الملك.فوجد مكتوبا ما اخبر به مردخاي عن بغثانا وترش خصيي الملك حارسي الباب اللذين طلبا ان يمدا ايديهما الى الملك احشويروش.فقال الملك اية كرامة وعظمة عملت لمردخاي لاجل هذا فقال غلمان الملك الذين يخدمونه لم يعمل معه شيء.فقال الملك من في الدار وكان هامان قد دخل دار بيت الملك الخارجية لكي يقول للملك ان يصلب مردخاي على الخشبة التي اعدها له.
أستير,6,17,"الإصحاح السادس الآيات 1-4:- في تلك الليلة طار نوم الملك فامر بان يؤتى بسفر تذكار اخبار الايام فقرئت امام الملك.فوجد مكتوبا ما اخبر به مردخاي عن بغثانا وترش خصيي الملك حارسي الباب اللذين طلبا ان يمدا ايديهما الى الملك احشويروش.فقال الملك اية كرامة وعظمة عملت لمردخاي لاجل هذا فقال غلمان الملك الذين يخدمونه لم يعمل معه شيء.فقال الملك من في الدار وكان هامان قد دخل دار بيت الملك الخارجية لكي يقول للملك ان يصلب مردخاي على الخشبة التي اعدها له.
أستير,6,18,"الإصحاح السادس الآيات 1-4:- في تلك الليلة طار نوم الملك فامر بان يؤتى بسفر تذكار اخبار الايام فقرئت امام الملك.فوجد مكتوبا ما اخبر به مردخاي عن بغثانا وترش خصيي الملك حارسي الباب اللذين طلبا ان يمدا ايديهما الى الملك احشويروش.فقال الملك اية كرامة وعظمة عملت لمردخاي لاجل هذا فقال غلمان الملك الذين يخدمونه لم يعمل معه شيء.فقال الملك من في الدار وكان هامان قد دخل دار بيت الملك الخارجية لكي يقول للملك ان يصلب مردخاي على الخشبة التي اعدها له.
أستير,6,19,"الإصحاح السادس الآيات 1-4:- في تلك الليلة طار نوم الملك فامر بان يؤتى بسفر تذكار اخبار الايام فقرئت امام الملك.فوجد مكتوبا ما اخبر به مردخاي عن بغثانا وترش خصيي الملك حارسي الباب اللذين طلبا ان يمدا ايديهما الى الملك احشويروش.فقال الملك اية كرامة وعظمة عملت لمردخاي لاجل هذا فقال غلمان الملك الذين يخدمونه لم يعمل معه شيء.فقال الملك من في الدار وكان هامان قد دخل دار بيت الملك الخارجية لكي يقول للملك ان يصلب مردخاي على الخشبة التي اعدها له.
أستير,6,20,"الإصحاح السادس الآيات 1-4:- في تلك الليلة طار نوم الملك فامر بان يؤتى بسفر تذكار اخبار الايام فقرئت امام الملك.فوجد مكتوبا ما اخبر به مردخاي عن بغثانا وترش خصيي الملك حارسي الباب اللذين طلبا ان يمدا ايديهما الى الملك احشويروش.فقال الملك اية كرامة وعظمة عملت لمردخاي لاجل هذا فقال غلمان الملك الذين يخدمونه لم يعمل معه شيء.فقال الملك من في الدار وكان هامان قد دخل دار بيت الملك الخارجية لكي يقول للملك ان يصلب مردخاي على الخشبة التي اعدها له.
أستير,6,21,"الإصحاح السادس الآيات 1-4:- في تلك الليلة طار نوم الملك فامر بان يؤتى بسفر تذكار اخبار الايام فقرئت امام الملك.فوجد مكتوبا ما اخبر به مردخاي عن بغثانا وترش خصيي الملك حارسي الباب اللذين طلبا ان يمدا ايديهما الى الملك احشويروش.فقال الملك اية كرامة وعظمة عملت لمردخاي لاجل هذا فقال غلمان الملك الذين يخدمونه لم يعمل معه شيء.فقال الملك من في الدار وكان هامان قد دخل دار بيت الملك الخارجية لكي يقول للملك ان يصلب مردخاي على الخشبة التي اعدها له.
أستير,6,22,"الإصحاح السادس الآيات 1-4:- في تلك الليلة طار نوم الملك فامر بان يؤتى بسفر تذكار اخبار الايام فقرئت امام الملك.فوجد مكتوبا ما اخبر به مردخاي عن بغثانا وترش خصيي الملك حارسي الباب اللذين طلبا ان يمدا ايديهما الى الملك احشويروش.فقال الملك اية كرامة وعظمة عملت لمردخاي لاجل هذا فقال غلمان الملك الذين يخدمونه لم يعمل معه شيء.فقال الملك من في الدار وكان هامان قد دخل دار بيت الملك الخارجية لكي يقول للملك ان يصلب مردخاي على الخشبة التي اعدها له.
أستير,6,23,"الإصحاح السادس الآيات 1-4:- في تلك الليلة طار نوم الملك فامر بان يؤتى بسفر تذكار اخبار الايام فقرئت امام الملك.فوجد مكتوبا ما اخبر به مردخاي عن بغثانا وترش خصيي الملك حارسي الباب اللذين طلبا ان يمدا ايديهما الى الملك احشويروش.فقال الملك اية كرامة وعظمة عملت لمردخاي لاجل هذا فقال غلمان الملك الذين يخدمونه لم يعمل معه شيء.فقال الملك من في الدار وكان هامان قد دخل دار بيت الملك الخارجية لكي يقول للملك ان يصلب مردخاي على الخشبة التي اعدها له.
أستير,6,24,"الإصحاح السادس الآيات 1-4:- في تلك الليلة طار نوم الملك فامر بان يؤتى بسفر تذكار اخبار الايام فقرئت امام الملك.فوجد مكتوبا ما اخبر به مردخاي عن بغثانا وترش خصيي الملك حارسي الباب اللذين طلبا ان يمدا ايديهما الى الملك احشويروش.فقال الملك اية كرامة وعظمة عملت لمردخاي لاجل هذا فقال غلمان الملك الذين يخدمونه لم يعمل معه شيء.فقال الملك من في الدار وكان هامان قد دخل دار بيت الملك الخارجية لكي يقول للملك ان يصلب مردخاي على الخشبة التي اعدها له.
أستير,6,25,"الإصحاح السادس الآيات 1-4:- في تلك الليلة طار نوم الملك فامر بان يؤتى بسفر تذكار اخبار الايام فقرئت امام الملك.فوجد مكتوبا ما اخبر به مردخاي عن بغثانا وترش خصيي الملك حارسي الباب اللذين طلبا ان يمدا ايديهما الى الملك احشويروش.فقال الملك اية كرامة وعظمة عملت لمردخاي لاجل هذا فقال غلمان الملك الذين يخدمونه لم يعمل معه شيء.فقال الملك من في الدار وكان هامان قد دخل دار بيت الملك الخارجية لكي يقول للملك ان يصلب مردخاي على الخشبة التي اعدها له.
أستير,6,26,"الإصحاح السادس الآيات 1-4:- في تلك الليلة طار نوم الملك فامر بان يؤتى بسفر تذكار اخبار الايام فقرئت امام الملك.فوجد مكتوبا ما اخبر به مردخاي عن بغثانا وترش خصيي الملك حارسي الباب اللذين طلبا ان يمدا ايديهما الى الملك احشويروش.فقال الملك اية كرامة وعظمة عملت لمردخاي لاجل هذا فقال غلمان الملك الذين يخدمونه لم يعمل معه شيء.فقال الملك من في الدار وكان هامان قد دخل دار بيت الملك الخارجية لكي يقول للملك ان يصلب مردخاي على الخشبة التي اعدها له.
أستير,6,27,"الإصحاح السادس الآيات 1-4:- في تلك الليلة طار نوم الملك فامر بان يؤتى بسفر تذكار اخبار الايام فقرئت امام الملك.فوجد مكتوبا ما اخبر به مردخاي عن بغثانا وترش خصيي الملك حارسي الباب اللذين طلبا ان يمدا ايديهما الى الملك احشويروش.فقال الملك اية كرامة وعظمة عملت لمردخاي لاجل هذا فقال غلمان الملك الذين يخدمونه لم يعمل معه شيء.فقال الملك من في الدار وكان هامان قد دخل دار بيت الملك الخارجية لكي يقول للملك ان يصلب مردخاي على الخشبة التي اعدها له.
أستير,6,28,"الإصحاح السادس الآيات 1-4:- في تلك الليلة طار نوم الملك فامر بان يؤتى بسفر تذكار اخبار الايام فقرئت امام الملك.فوجد مكتوبا ما اخبر به مردخاي عن بغثانا وترش خصيي الملك حارسي الباب اللذين طلبا ان يمدا ايديهما الى الملك احشويروش.فقال الملك اية كرامة وعظمة عملت لمردخاي لاجل هذا فقال غلمان الملك الذين يخدمونه لم يعمل معه شيء.فقال الملك من في الدار وكان هامان قد دخل دار بيت الملك الخارجية لكي يقول للملك ان يصلب مردخاي على الخشبة التي اعدها له.
أستير,6,29,"الإصحاح السادس الآيات 1-4:- في تلك الليلة طار نوم الملك فامر بان يؤتى بسفر تذكار اخبار الايام فقرئت امام الملك.فوجد مكتوبا ما اخبر به مردخاي عن بغثانا وترش خصيي الملك حارسي الباب اللذين طلبا ان يمدا ايديهما الى الملك احشويروش.فقال الملك اية كرامة وعظمة عملت لمردخاي لاجل هذا فقال غلمان الملك الذين يخدمونه لم يعمل معه شيء.فقال الملك من في الدار وكان هامان قد دخل دار بيت الملك الخارجية لكي يقول للملك ان يصلب مردخاي على الخشبة التي اعدها له.
أستير,6,30,"الإصحاح السادس الآيات 1-4:- في تلك الليلة طار نوم الملك فامر بان يؤتى بسفر تذكار اخبار الايام فقرئت امام الملك.فوجد مكتوبا ما اخبر به مردخاي عن بغثانا وترش خصيي الملك حارسي الباب اللذين طلبا ان يمدا ايديهما الى الملك احشويروش.فقال الملك اية كرامة وعظمة عملت لمردخاي لاجل هذا فقال غلمان الملك الذين يخدمونه لم يعمل معه شيء.فقال الملك من في الدار وكان هامان قد دخل دار بيت الملك الخارجية لكي يقول للملك ان يصلب مردخاي على الخشبة التي اعدها له.
أستير,6,31,"الإصحاح السادس الآيات 1-4:- في تلك الليلة طار نوم الملك فامر بان يؤتى بسفر تذكار اخبار الايام فقرئت امام الملك.فوجد مكتوبا ما اخبر به مردخاي عن بغثانا وترش خصيي الملك حارسي الباب اللذين طلبا ان يمدا ايديهما الى الملك احشويروش.فقال الملك اية كرامة وعظمة عملت لمردخاي لاجل هذا فقال غلمان الملك الذين يخدمونه لم يعمل معه شيء.فقال الملك من في الدار وكان هامان قد دخل دار بيت الملك الخارجية لكي يقول للملك ان يصلب مردخاي على الخشبة التي اعدها له.
أستير,6,32,"الإصحاح السادس الآيات 1-4:- في تلك الليلة طار نوم الملك فامر بان يؤتى بسفر تذكار اخبار الايام فقرئت امام الملك.فوجد مكتوبا ما اخبر به مردخاي عن بغثانا وترش خصيي الملك حارسي الباب اللذين طلبا ان يمدا ايديهما الى الملك احشويروش.فقال الملك اية كرامة وعظمة عملت لمردخاي لاجل هذا فقال غلمان الملك الذين يخدمونه لم يعمل معه شيء.فقال الملك من في الدار وكان هامان قد دخل دار بيت الملك الخارجية لكي يقول للملك ان يصلب مردخاي على الخشبة التي اعدها له.
أستير,6,33,"الإصحاح السادس الآيات 1-4:- في تلك الليلة طار نوم الملك فامر بان يؤتى بسفر تذكار اخبار الايام فقرئت امام الملك.فوجد مكتوبا ما اخبر به مردخاي عن بغثانا وترش خصيي الملك حارسي الباب اللذين طلبا ان يمدا ايديهما الى الملك احشويروش.فقال الملك اية كرامة وعظمة عملت لمردخاي لاجل هذا فقال غلمان الملك الذين يخدمونه لم يعمل معه شيء.فقال الملك من في الدار وكان هامان قد دخل دار بيت الملك الخارجية لكي يقول للملك ان يصلب مردخاي على الخشبة التي اعدها له.
أستير,6,34,"الإصحاح السادس الآيات 1-4:- في تلك الليلة طار نوم الملك فامر بان يؤتى بسفر تذكار اخبار الايام فقرئت امام الملك.فوجد مكتوبا ما اخبر به مردخاي عن بغثانا وترش خصيي الملك حارسي الباب اللذين طلبا ان يمدا ايديهما الى الملك احشويروش.فقال الملك اية كرامة وعظمة عملت لمردخاي لاجل هذا فقال غلمان الملك الذين يخدمونه لم يعمل معه شيء.فقال الملك من في الدار وكان هامان قد دخل دار بيت الملك الخارجية لكي يقول للملك ان يصلب مردخاي على الخشبة التي اعدها له.
أستير,6,35,"الإصحاح السادس الآيات 1-4:- في تلك الليلة طار نوم الملك فامر بان يؤتى بسفر تذكار اخبار الايام فقرئت امام الملك.فوجد مكتوبا ما اخبر به مردخاي عن بغثانا وترش خصيي الملك حارسي الباب اللذين طلبا ان يمدا ايديهما الى الملك احشويروش.فقال الملك اية كرامة وعظمة عملت لمردخاي لاجل هذا فقال غلمان الملك الذين يخدمونه لم يعمل معه شيء.فقال الملك من في الدار وكان هامان قد دخل دار بيت الملك الخارجية لكي يقول للملك ان يصلب مردخاي على الخشبة التي اعدها له.
أستير,6,36,"الإصحاح السادس الآيات 1-4:- في تلك الليلة طار نوم الملك فامر بان يؤتى بسفر تذكار اخبار الايام فقرئت امام الملك.فوجد مكتوبا ما اخبر به مردخاي عن بغثانا وترش خصيي الملك حارسي الباب اللذين طلبا ان يمدا ايديهما الى الملك احشويروش.فقال الملك اية كرامة وعظمة عملت لمردخاي لاجل هذا فقال غلمان الملك الذين يخدمونه لم يعمل معه شيء.فقال الملك من في الدار وكان هامان قد دخل دار بيت الملك الخارجية لكي يقول للملك ان يصلب مردخاي على الخشبة التي اعدها له.
أستير,6,37,"الإصحاح السادس الآيات 1-4:- في تلك الليلة طار نوم الملك فامر بان يؤتى بسفر تذكار اخبار الايام فقرئت امام الملك.فوجد مكتوبا ما اخبر به مردخاي عن بغثانا وترش خصيي الملك حارسي الباب اللذين طلبا ان يمدا ايديهما الى الملك احشويروش.فقال الملك اية كرامة وعظمة عملت لمردخاي لاجل هذا فقال غلمان الملك الذين يخدمونه لم يعمل معه شيء.فقال الملك من في الدار وكان هامان قد دخل دار بيت الملك الخارجية لكي يقول للملك ان يصلب مردخاي على الخشبة التي اعدها له.
أستير,6,38,"الإصحاح السادس الآيات 1-4:- في تلك الليلة طار نوم الملك فامر بان يؤتى بسفر تذكار اخبار الايام فقرئت امام الملك.فوجد مكتوبا ما اخبر به مردخاي عن بغثانا وترش خصيي الملك حارسي الباب اللذين طلبا ان يمدا ايديهما الى الملك احشويروش.فقال الملك اية كرامة وعظمة عملت لمردخاي لاجل هذا فقال غلمان الملك الذين يخدمونه لم يعمل معه شيء.فقال الملك من في الدار وكان هامان قد دخل دار بيت الملك الخارجية لكي يقول للملك ان يصلب مردخاي على الخشبة التي اعدها له.
أستير,6,39,"الإصحاح السادس الآيات 1-4:- في تلك الليلة طار نوم الملك فامر بان يؤتى بسفر تذكار اخبار الايام فقرئت امام الملك.فوجد مكتوبا ما اخبر به مردخاي عن بغثانا وترش خصيي الملك حارسي الباب اللذين طلبا ان يمدا ايديهما الى الملك احشويروش.فقال الملك اية كرامة وعظمة عملت لمردخاي لاجل هذا فقال غلمان الملك الذين يخدمونه لم يعمل معه شيء.فقال الملك من في الدار وكان هامان قد دخل دار بيت الملك الخارجية لكي يقول للملك ان يصلب مردخاي على الخشبة التي اعدها له.
أستير,6,40,"الإصحاح السادس الآيات 1-4:- في تلك الليلة طار نوم الملك فامر بان يؤتى بسفر تذكار اخبار الايام فقرئت امام الملك.فوجد مكتوبا ما اخبر به مردخاي عن بغثانا وترش خصيي الملك حارسي الباب اللذين طلبا ان يمدا ايديهما الى الملك احشويروش.فقال الملك اية كرامة وعظمة عملت لمردخاي لاجل هذا فقال غلمان الملك الذين يخدمونه لم يعمل معه شيء.فقال الملك من في الدار وكان هامان قد دخل دار بيت الملك الخارجية لكي يقول للملك ان يصلب مردخاي على الخشبة التي اعدها له.
أستير,6,41,"الإصحاح السادس الآيات 1-4:- في تلك الليلة طار نوم الملك فامر بان يؤتى بسفر تذكار اخبار الايام فقرئت امام الملك.فوجد مكتوبا ما اخبر به مردخاي عن بغثانا وترش خصيي الملك حارسي الباب اللذين طلبا ان يمدا ايديهما الى الملك احشويروش.فقال الملك اية كرامة وعظمة عملت لمردخاي لاجل هذا فقال غلمان الملك الذين يخدمونه لم يعمل معه شيء.فقال الملك من في الدار وكان هامان قد دخل دار بيت الملك الخارجية لكي يقول للملك ان يصلب مردخاي على الخشبة التي اعدها له.
أستير,6,42,"الإصحاح السادس الآيات 1-4:- في تلك الليلة طار نوم الملك فامر بان يؤتى بسفر تذكار اخبار الايام فقرئت امام الملك.فوجد مكتوبا ما اخبر به مردخاي عن بغثانا وترش خصيي الملك حارسي الباب اللذين طلبا ان يمدا ايديهما الى الملك احشويروش.فقال الملك اية كرامة وعظمة عملت لمردخاي لاجل هذا فقال غلمان الملك الذين يخدمونه لم يعمل معه شيء.فقال الملك من في الدار وكان هامان قد دخل دار بيت الملك الخارجية لكي يقول للملك ان يصلب مردخاي على الخشبة التي اعدها له.
أستير,6,43,"الإصحاح السادس الآيات 1-4:- في تلك الليلة طار نوم الملك فامر بان يؤتى بسفر تذكار اخبار الايام فقرئت امام الملك.فوجد مكتوبا ما اخبر به مردخاي عن بغثانا وترش خصيي الملك حارسي الباب اللذين طلبا ان يمدا ايديهما الى الملك احشويروش.فقال الملك اية كرامة وعظمة عملت لمردخاي لاجل هذا فقال غلمان الملك الذين يخدمونه لم يعمل معه شيء.فقال الملك من في الدار وكان هامان قد دخل دار بيت الملك الخارجية لكي يقول للملك ان يصلب مردخاي على الخشبة التي اعدها له.
أستير,6,44,"الإصحاح السادس الآيات 1-4:- في تلك الليلة طار نوم الملك فامر بان يؤتى بسفر تذكار اخبار الايام فقرئت امام الملك.فوجد مكتوبا ما اخبر به مردخاي عن بغثانا وترش خصيي الملك حارسي الباب اللذين طلبا ان يمدا ايديهما الى الملك احشويروش.فقال الملك اية كرامة وعظمة عملت لمردخاي لاجل هذا فقال غلمان الملك الذين يخدمونه لم يعمل معه شيء.فقال الملك من في الدار وكان هامان قد دخل دار بيت الملك الخارجية لكي يقول للملك ان يصلب مردخاي على الخشبة التي اعدها له.
أستير,6,45,"الإصحاح السادس الآيات 1-4:- في تلك الليلة طار نوم الملك فامر بان يؤتى بسفر تذكار اخبار الايام فقرئت امام الملك.فوجد مكتوبا ما اخبر به مردخاي عن بغثانا وترش خصيي الملك حارسي الباب اللذين طلبا ان يمدا ايديهما الى الملك احشويروش.فقال الملك اية كرامة وعظمة عملت لمردخاي لاجل هذا فقال غلمان الملك الذين يخدمونه لم يعمل معه شيء.فقال الملك من في الدار وكان هامان قد دخل دار بيت الملك الخارجية لكي يقول للملك ان يصلب مردخاي على الخشبة التي اعدها له.
أستير,6,46,"الإصحاح السادس الآيات 1-4:- في تلك الليلة طار نوم الملك فامر بان يؤتى بسفر تذكار اخبار الايام فقرئت امام الملك.فوجد مكتوبا ما اخبر به مردخاي عن بغثانا وترش خصيي الملك حارسي الباب اللذين طلبا ان يمدا ايديهما الى الملك احشويروش.فقال الملك اية كرامة وعظمة عملت لمردخاي لاجل هذا فقال غلمان الملك الذين يخدمونه لم يعمل معه شيء.فقال الملك من في الدار وكان هامان قد دخل دار بيت الملك الخارجية لكي يقول للملك ان يصلب مردخاي على الخشبة التي اعدها له.
أستير,6,47,"الإصحاح السادس الآيات 1-4:- في تلك الليلة طار نوم الملك فامر بان يؤتى بسفر تذكار اخبار الايام فقرئت امام الملك.فوجد مكتوبا ما اخبر به مردخاي عن بغثانا وترش خصيي الملك حارسي الباب اللذين طلبا ان يمدا ايديهما الى الملك احشويروش.فقال الملك اية كرامة وعظمة عملت لمردخاي لاجل هذا فقال غلمان الملك الذين يخدمونه لم يعمل معه شيء.فقال الملك من في الدار وكان هامان قد دخل دار بيت الملك الخارجية لكي يقول للملك ان يصلب مردخاي على الخشبة التي اعدها له.
أستير,6,48,"الإصحاح السادس الآيات 1-4:- في تلك الليلة طار نوم الملك فامر بان يؤتى بسفر تذكار اخبار الايام فقرئت امام الملك.فوجد مكتوبا ما اخبر به مردخاي عن بغثانا وترش خصيي الملك حارسي الباب اللذين طلبا ان يمدا ايديهما الى الملك احشويروش.فقال الملك اية كرامة وعظمة عملت لمردخاي لاجل هذا فقال غلمان الملك الذين يخدمونه لم يعمل معه شيء.فقال الملك من في الدار وكان هامان قد دخل دار بيت الملك الخارجية لكي يقول للملك ان يصلب مردخاي على الخشبة التي اعدها له.
أستير,6,49,"الإصحاح السادس الآيات 1-4:- في تلك الليلة طار نوم الملك فامر بان يؤتى بسفر تذكار اخبار الايام فقرئت امام الملك.فوجد مكتوبا ما اخبر به مردخاي عن بغثانا وترش خصيي الملك حارسي الباب اللذين طلبا ان يمدا ايديهما الى الملك احشويروش.فقال الملك اية كرامة وعظمة عملت لمردخاي لاجل هذا فقال غلمان الملك الذين يخدمونه لم يعمل معه شيء.فقال الملك من في الدار وكان هامان قد دخل دار بيت الملك الخارجية لكي يقول للملك ان يصلب مردخاي على الخشبة التي اعدها له.
أستير,6,50,"الإصحاح السادس الآيات 1-4:- في تلك الليلة طار نوم الملك فامر بان يؤتى بسفر تذكار اخبار الايام فقرئت امام الملك.فوجد مكتوبا ما اخبر به مردخاي عن بغثانا وترش خصيي الملك حارسي الباب اللذين طلبا ان يمدا ايديهما الى الملك احشويروش.فقال الملك اية كرامة وعظمة عملت لمردخاي لاجل هذا فقال غلمان الملك الذين يخدمونه لم يعمل معه شيء.فقال الملك من في الدار وكان هامان قد دخل دار بيت الملك الخارجية لكي يقول للملك ان يصلب مردخاي على الخشبة التي اعدها له.
أستير,6,51,"الإصحاح السادس الآيات 1-4:- في تلك الليلة طار نوم الملك فامر بان يؤتى بسفر تذكار اخبار الايام فقرئت امام الملك.فوجد مكتوبا ما اخبر به مردخاي عن بغثانا وترش خصيي الملك حارسي الباب اللذين طلبا ان يمدا ايديهما الى الملك احشويروش.فقال الملك اية كرامة وعظمة عملت لمردخاي لاجل هذا فقال غلمان الملك الذين يخدمونه لم يعمل معه شيء.فقال الملك من في الدار وكان هامان قد دخل دار بيت الملك الخارجية لكي يقول للملك ان يصلب مردخاي على الخشبة التي اعدها له.
أستير,6,52,"الإصحاح السادس الآيات 1-4:- في تلك الليلة طار نوم الملك فامر بان يؤتى بسفر تذكار اخبار الايام فقرئت امام الملك.فوجد مكتوبا ما اخبر به مردخاي عن بغثانا وترش خصيي الملك حارسي الباب اللذين طلبا ان يمدا ايديهما الى الملك احشويروش.فقال الملك اية كرامة وعظمة عملت لمردخاي لاجل هذا فقال غلمان الملك الذين يخدمونه لم يعمل معه شيء.فقال الملك من في الدار وكان هامان قد دخل دار بيت الملك الخارجية لكي يقول للملك ان يصلب مردخاي على الخشبة التي اعدها له.
أستير,6,53,"الإصحاح السادس الآيات 1-4:- في تلك الليلة طار نوم الملك فامر بان يؤتى بسفر تذكار اخبار الايام فقرئت امام الملك.فوجد مكتوبا ما اخبر به مردخاي عن بغثانا وترش خصيي الملك حارسي الباب اللذين طلبا ان يمدا ايديهما الى الملك احشويروش.فقال الملك اية كرامة وعظمة عملت لمردخاي لاجل هذا فقال غلمان الملك الذين يخدمونه لم يعمل معه شيء.فقال الملك من في الدار وكان هامان قد دخل دار بيت الملك الخارجية لكي يقول للملك ان يصلب مردخاي على الخشبة التي اعدها له.
أستير,6,54,"الإصحاح السادس الآيات 1-4:- في تلك الليلة طار نوم الملك فامر بان يؤتى بسفر تذكار اخبار الايام فقرئت امام الملك.فوجد مكتوبا ما اخبر به مردخاي عن بغثانا وترش خصيي الملك حارسي الباب اللذين طلبا ان يمدا ايديهما الى الملك احشويروش.فقال الملك اية كرامة وعظمة عملت لمردخاي لاجل هذا فقال غلمان الملك الذين يخدمونه لم يعمل معه شيء.فقال الملك من في الدار وكان هامان قد دخل دار بيت الملك الخارجية لكي يقول للملك ان يصلب مردخاي على الخشبة التي اعدها له.
أستير,6,55,"الإصحاح السادس الآيات 1-4:- في تلك الليلة طار نوم الملك فامر بان يؤتى بسفر تذكار اخبار الايام فقرئت امام الملك.فوجد مكتوبا ما اخبر به مردخاي عن بغثانا وترش خصيي الملك حارسي الباب اللذين طلبا ان يمدا ايديهما الى الملك احشويروش.فقال الملك اية كرامة وعظمة عملت لمردخاي لاجل هذا فقال غلمان الملك الذين يخدمونه لم يعمل معه شيء.فقال الملك من في الدار وكان هامان قد دخل دار بيت الملك الخارجية لكي يقول للملك ان يصلب مردخاي على الخشبة التي اعدها له.
أستير,6,56,"الإصحاح السادس الآيات 1-4:- في تلك الليلة طار نوم الملك فامر بان يؤتى بسفر تذكار اخبار الايام فقرئت امام الملك.فوجد مكتوبا ما اخبر به مردخاي عن بغثانا وترش خصيي الملك حارسي الباب اللذين طلبا ان يمدا ايديهما الى الملك احشويروش.فقال الملك اية كرامة وعظمة عملت لمردخاي لاجل هذا فقال غلمان الملك الذين يخدمونه لم يعمل معه شيء.فقال الملك من في الدار وكان هامان قد دخل دار بيت الملك الخارجية لكي يقول للملك ان يصلب مردخاي على الخشبة التي اعدها له.
أستير,6,57,"الإصحاح السادس الآيات 1-4:- في تلك الليلة طار نوم الملك فامر بان يؤتى بسفر تذكار اخبار الايام فقرئت امام الملك.فوجد مكتوبا ما اخبر به مردخاي عن بغثانا وترش خصيي الملك حارسي الباب اللذين طلبا ان يمدا ايديهما الى الملك احشويروش.فقال الملك اية كرامة وعظمة عملت لمردخاي لاجل هذا فقال غلمان الملك الذين يخدمونه لم يعمل معه شيء.فقال الملك من في الدار وكان هامان قد دخل دار بيت الملك الخارجية لكي يقول للملك ان يصلب مردخاي على الخشبة التي اعدها له.
أستير,6,58,"الإصحاح السادس الآيات 1-4:- في تلك الليلة طار نوم الملك فامر بان يؤتى بسفر تذكار اخبار الايام فقرئت امام الملك.فوجد مكتوبا ما اخبر به مردخاي عن بغثانا وترش خصيي الملك حارسي الباب اللذين طلبا ان يمدا ايديهما الى الملك احشويروش.فقال الملك اية كرامة وعظمة عملت لمردخاي لاجل هذا فقال غلمان الملك الذين يخدمونه لم يعمل معه شيء.فقال الملك من في الدار وكان هامان قد دخل دار بيت الملك الخارجية لكي يقول للملك ان يصلب مردخاي على الخشبة التي اعدها له.
أستير,6,59,"الإصحاح السادس الآيات 1-4:- في تلك الليلة طار نوم الملك فامر بان يؤتى بسفر تذكار اخبار الايام فقرئت امام الملك.فوجد مكتوبا ما اخبر به مردخاي عن بغثانا وترش خصيي الملك حارسي الباب اللذين طلبا ان يمدا ايديهما الى الملك احشويروش.فقال الملك اية كرامة وعظمة عملت لمردخاي لاجل هذا فقال غلمان الملك الذين يخدمونه لم يعمل معه شيء.فقال الملك من في الدار وكان هامان قد دخل دار بيت الملك الخارجية لكي يقول للملك ان يصلب مردخاي على الخشبة التي اعدها له.
أستير,6,60,"الإصحاح السادس الآيات 1-4:- في تلك الليلة طار نوم الملك فامر بان يؤتى بسفر تذكار اخبار الايام فقرئت امام الملك.فوجد مكتوبا ما اخبر به مردخاي عن بغثانا وترش خصيي الملك حارسي الباب اللذين طلبا ان يمدا ايديهما الى الملك احشويروش.فقال الملك اية كرامة وعظمة عملت لمردخاي لاجل هذا فقال غلمان الملك الذين يخدمونه لم يعمل معه شيء.فقال الملك من في الدار وكان هامان قد دخل دار بيت الملك الخارجية لكي يقول للملك ان يصلب مردخاي على الخشبة التي اعدها له.
أستير,6,61,"الإصحاح السادس الآيات 1-4:- في تلك الليلة طار نوم الملك فامر بان يؤتى بسفر تذكار اخبار الايام فقرئت امام الملك.فوجد مكتوبا ما اخبر به مردخاي عن بغثانا وترش خصيي الملك حارسي الباب اللذين طلبا ان يمدا ايديهما الى الملك احشويروش.فقال الملك اية كرامة وعظمة عملت لمردخاي لاجل هذا فقال غلمان الملك الذين يخدمونه لم يعمل معه شيء.فقال الملك من في الدار وكان هامان قد دخل دار بيت الملك الخارجية لكي يقول للملك ان يصلب مردخاي على الخشبة التي اعدها له.
أستير,6,62,"الإصحاح السادس الآيات 1-4:- في تلك الليلة طار نوم الملك فامر بان يؤتى بسفر تذكار اخبار الايام فقرئت امام الملك.فوجد مكتوبا ما اخبر به مردخاي عن بغثانا وترش خصيي الملك حارسي الباب اللذين طلبا ان يمدا ايديهما الى الملك احشويروش.فقال الملك اية كرامة وعظمة عملت لمردخاي لاجل هذا فقال غلمان الملك الذين يخدمونه لم يعمل معه شيء.فقال الملك من في الدار وكان هامان قد دخل دار بيت الملك الخارجية لكي يقول للملك ان يصلب مردخاي على الخشبة التي اعدها له.
أستير,6,63,"الإصحاح السادس الآيات 1-4:- في تلك الليلة طار نوم الملك فامر بان يؤتى بسفر تذكار اخبار الايام فقرئت امام الملك.فوجد مكتوبا ما اخبر به مردخاي عن بغثانا وترش خصيي الملك حارسي الباب اللذين طلبا ان يمدا ايديهما الى الملك احشويروش.فقال الملك اية كرامة وعظمة عملت لمردخاي لاجل هذا فقال غلمان الملك الذين يخدمونه لم يعمل معه شيء.فقال الملك من في الدار وكان هامان قد دخل دار بيت الملك الخارجية لكي يقول للملك ان يصلب مردخاي على الخشبة التي اعدها له.
أستير,6,64,"الإصحاح السادس الآيات 1-4:- في تلك الليلة طار نوم الملك فامر بان يؤتى بسفر تذكار اخبار الايام فقرئت امام الملك.فوجد مكتوبا ما اخبر به مردخاي عن بغثانا وترش خصيي الملك حارسي الباب اللذين طلبا ان يمدا ايديهما الى الملك احشويروش.فقال الملك اية كرامة وعظمة عملت لمردخاي لاجل هذا فقال غلمان الملك الذين يخدمونه لم يعمل معه شيء.فقال الملك من في الدار وكان هامان قد دخل دار بيت الملك الخارجية لكي يقول للملك ان يصلب مردخاي على الخشبة التي اعدها له.
أستير,6,65,"الإصحاح السادس الآيات 1-4:- في تلك الليلة طار نوم الملك فامر بان يؤتى بسفر تذكار اخبار الايام فقرئت امام الملك.فوجد مكتوبا ما اخبر به مردخاي عن بغثانا وترش خصيي الملك حارسي الباب اللذين طلبا ان يمدا ايديهما الى الملك احشويروش.فقال الملك اية كرامة وعظمة عملت لمردخاي لاجل هذا فقال غلمان الملك الذين يخدمونه لم يعمل معه شيء.فقال الملك من في الدار وكان هامان قد دخل دار بيت الملك الخارجية لكي يقول للملك ان يصلب مردخاي على الخشبة التي اعدها له.
أستير,6,66,"الإصحاح السادس الآيات 1-4:- في تلك الليلة طار نوم الملك فامر بان يؤتى بسفر تذكار اخبار الايام فقرئت امام الملك.فوجد مكتوبا ما اخبر به مردخاي عن بغثانا وترش خصيي الملك حارسي الباب اللذين طلبا ان يمدا ايديهما الى الملك احشويروش.فقال الملك اية كرامة وعظمة عملت لمردخاي لاجل هذا فقال غلمان الملك الذين يخدمونه لم يعمل معه شيء.فقال الملك من في الدار وكان هامان قد دخل دار بيت الملك الخارجية لكي يقول للملك ان يصلب مردخاي على الخشبة التي اعدها له.
أستير,6,67,"الإصحاح السادس الآيات 1-4:- في تلك الليلة طار نوم الملك فامر بان يؤتى بسفر تذكار اخبار الايام فقرئت امام الملك.فوجد مكتوبا ما اخبر به مردخاي عن بغثانا وترش خصيي الملك حارسي الباب اللذين طلبا ان يمدا ايديهما الى الملك احشويروش.فقال الملك اية كرامة وعظمة عملت لمردخاي لاجل هذا فقال غلمان الملك الذين يخدمونه لم يعمل معه شيء.فقال الملك من في الدار وكان هامان قد دخل دار بيت الملك الخارجية لكي يقول للملك ان يصلب مردخاي على الخشبة التي اعدها له.
أستير,6,68,"الإصحاح السادس الآيات 1-4:- في تلك الليلة طار نوم الملك فامر بان يؤتى بسفر تذكار اخبار الايام فقرئت امام الملك.فوجد مكتوبا ما اخبر به مردخاي عن بغثانا وترش خصيي الملك حارسي الباب اللذين طلبا ان يمدا ايديهما الى الملك احشويروش.فقال الملك اية كرامة وعظمة عملت لمردخاي لاجل هذا فقال غلمان الملك الذين يخدمونه لم يعمل معه شيء.فقال الملك من في الدار وكان هامان قد دخل دار بيت الملك الخارجية لكي يقول للملك ان يصلب مردخاي على الخشبة التي اعدها له.
أستير,6,69,"الإصحاح السادس الآيات 1-4:- في تلك الليلة طار نوم الملك فامر بان يؤتى بسفر تذكار اخبار الايام فقرئت امام الملك.فوجد مكتوبا ما اخبر به مردخاي عن بغثانا وترش خصيي الملك حارسي الباب اللذين طلبا ان يمدا ايديهما الى الملك احشويروش.فقال الملك اية كرامة وعظمة عملت لمردخاي لاجل هذا فقال غلمان الملك الذين يخدمونه لم يعمل معه شيء.فقال الملك من في الدار وكان هامان قد دخل دار بيت الملك الخارجية لكي يقول للملك ان يصلب مردخاي على الخشبة التي اعدها له.
أستير,6,70,"الإصحاح السادس الآيات 1-4:- في تلك الليلة طار نوم الملك فامر بان يؤتى بسفر تذكار اخبار الايام فقرئت امام الملك.فوجد مكتوبا ما اخبر به مردخاي عن بغثانا وترش خصيي الملك حارسي الباب اللذين طلبا ان يمدا ايديهما الى الملك احشويروش.فقال الملك اية كرامة وعظمة عملت لمردخاي لاجل هذا فقال غلمان الملك الذين يخدمونه لم يعمل معه شيء.فقال الملك من في الدار وكان هامان قد دخل دار بيت الملك الخارجية لكي يقول للملك ان يصلب مردخاي على الخشبة التي اعدها له.
أستير,6,71,"الإصحاح السادس الآيات 1-4:- في تلك الليلة طار نوم الملك فامر بان يؤتى بسفر تذكار اخبار الايام فقرئت امام الملك.فوجد مكتوبا ما اخبر به مردخاي عن بغثانا وترش خصيي الملك حارسي الباب اللذين طلبا ان يمدا ايديهما الى الملك احشويروش.فقال الملك اية كرامة وعظمة عملت لمردخاي لاجل هذا فقال غلمان الملك الذين يخدمونه لم يعمل معه شيء.فقال الملك من في الدار وكان هامان قد دخل دار بيت الملك الخارجية لكي يقول للملك ان يصلب مردخاي على الخشبة التي اعدها له.
أستير,6,72,"الإصحاح السادس الآيات 1-4:- في تلك الليلة طار نوم الملك فامر بان يؤتى بسفر تذكار اخبار الايام فقرئت امام الملك.فوجد مكتوبا ما اخبر به مردخاي عن بغثانا وترش خصيي الملك حارسي الباب اللذين طلبا ان يمدا ايديهما الى الملك احشويروش.فقال الملك اية كرامة وعظمة عملت لمردخاي لاجل هذا فقال غلمان الملك الذين يخدمونه لم يعمل معه شيء.فقال الملك من في الدار وكان هامان قد دخل دار بيت الملك الخارجية لكي يقول للملك ان يصلب مردخاي على الخشبة التي اعدها له.
أستير,6,73,"الإصحاح السادس الآيات 1-4:- في تلك الليلة طار نوم الملك فامر بان يؤتى بسفر تذكار اخبار الايام فقرئت امام الملك.فوجد مكتوبا ما اخبر به مردخاي عن بغثانا وترش خصيي الملك حارسي الباب اللذين طلبا ان يمدا ايديهما الى الملك احشويروش.فقال الملك اية كرامة وعظمة عملت لمردخاي لاجل هذا فقال غلمان الملك الذين يخدمونه لم يعمل معه شيء.فقال الملك من في الدار وكان هامان قد دخل دار بيت الملك الخارجية لكي يقول للملك ان يصلب مردخاي على الخشبة التي اعدها له.
أستير,6,74,"الإصحاح السادس الآيات 1-4:- في تلك الليلة طار نوم الملك فامر بان يؤتى بسفر تذكار اخبار الايام فقرئت امام الملك.فوجد مكتوبا ما اخبر به مردخاي عن بغثانا وترش خصيي الملك حارسي الباب اللذين طلبا ان يمدا ايديهما الى الملك احشويروش.فقال الملك اية كرامة وعظمة عملت لمردخاي لاجل هذا فقال غلمان الملك الذين يخدمونه لم يعمل معه شيء.فقال الملك من في الدار وكان هامان قد دخل دار بيت الملك الخارجية لكي يقول للملك ان يصلب مردخاي على الخشبة التي اعدها له.
أستير,6,75,"الإصحاح السادس الآيات 1-4:- في تلك الليلة طار نوم الملك فامر بان يؤتى بسفر تذكار اخبار الايام فقرئت امام الملك.فوجد مكتوبا ما اخبر به مردخاي عن بغثانا وترش خصيي الملك حارسي الباب اللذين طلبا ان يمدا ايديهما الى الملك احشويروش.فقال الملك اية كرامة وعظمة عملت لمردخاي لاجل هذا فقال غلمان الملك الذين يخدمونه لم يعمل معه شيء.فقال الملك من في الدار وكان هامان قد دخل دار بيت الملك الخارجية لكي يقول للملك ان يصلب مردخاي على الخشبة التي اعدها له.
أستير,6,76,"الإصحاح السادس الآيات 1-4:- في تلك الليلة طار نوم الملك فامر بان يؤتى بسفر تذكار اخبار الايام فقرئت امام الملك.فوجد مكتوبا ما اخبر به مردخاي عن بغثانا وترش خصيي الملك حارسي الباب اللذين طلبا ان يمدا ايديهما الى الملك احشويروش.فقال الملك اية كرامة وعظمة عملت لمردخاي لاجل هذا فقال غلمان الملك الذين يخدمونه لم يعمل معه شيء.فقال الملك من في الدار وكان هامان قد دخل دار بيت الملك الخارجية لكي يقول للملك ان يصلب مردخاي على الخشبة التي اعدها له.
أستير,6,77,"الإصحاح السادس الآيات 1-4:- في تلك الليلة طار نوم الملك فامر بان يؤتى بسفر تذكار اخبار الايام فقرئت امام الملك.فوجد مكتوبا ما اخبر به مردخاي عن بغثانا وترش خصيي الملك حارسي الباب اللذين طلبا ان يمدا ايديهما الى الملك احشويروش.فقال الملك اية كرامة وعظمة عملت لمردخاي لاجل هذا فقال غلمان الملك الذين يخدمونه لم يعمل معه شيء.فقال الملك من في الدار وكان هامان قد دخل دار بيت الملك الخارجية لكي يقول للملك ان يصلب مردخاي على الخشبة التي اعدها له.
أستير,6,78,"الإصحاح السادس الآيات 1-4:- في تلك الليلة طار نوم الملك فامر بان يؤتى بسفر تذكار اخبار الايام فقرئت امام الملك.فوجد مكتوبا ما اخبر به مردخاي عن بغثانا وترش خصيي الملك حارسي الباب اللذين طلبا ان يمدا ايديهما الى الملك احشويروش.فقال الملك اية كرامة وعظمة عملت لمردخاي لاجل هذا فقال غلمان الملك الذين يخدمونه لم يعمل معه شيء.فقال الملك من في الدار وكان هامان قد دخل دار بيت الملك الخارجية لكي يقول للملك ان يصلب مردخاي على الخشبة التي اعدها له.
أستير,6,79,"الإصحاح السادس الآيات 1-4:- في تلك الليلة طار نوم الملك فامر بان يؤتى بسفر تذكار اخبار الايام فقرئت امام الملك.فوجد مكتوبا ما اخبر به مردخاي عن بغثانا وترش خصيي الملك حارسي الباب اللذين طلبا ان يمدا ايديهما الى الملك احشويروش.فقال الملك اية كرامة وعظمة عملت لمردخاي لاجل هذا فقال غلمان الملك الذين يخدمونه لم يعمل معه شيء.فقال الملك من في الدار وكان هامان قد دخل دار بيت الملك الخارجية لكي يقول للملك ان يصلب مردخاي على الخشبة التي اعدها له.
أستير,6,80,"الإصحاح السادس الآيات 1-4:- في تلك الليلة طار نوم الملك فامر بان يؤتى بسفر تذكار اخبار الايام فقرئت امام الملك.فوجد مكتوبا ما اخبر به مردخاي عن بغثانا وترش خصيي الملك حارسي الباب اللذين طلبا ان يمدا ايديهما الى الملك احشويروش.فقال الملك اية كرامة وعظمة عملت لمردخاي لاجل هذا فقال غلمان الملك الذين يخدمونه لم يعمل معه شيء.فقال الملك من في الدار وكان هامان قد دخل دار بيت الملك الخارجية لكي يقول للملك ان يصلب مردخاي على الخشبة التي اعدها له.
أستير,6,81,"الإصحاح السادس الآيات 1-4:- في تلك الليلة طار نوم الملك فامر بان يؤتى بسفر تذكار اخبار الايام فقرئت امام الملك.فوجد مكتوبا ما اخبر به مردخاي عن بغثانا وترش خصيي الملك حارسي الباب اللذين طلبا ان يمدا ايديهما الى الملك احشويروش.فقال الملك اية كرامة وعظمة عملت لمردخاي لاجل هذا فقال غلمان الملك الذين يخدمونه لم يعمل معه شيء.فقال الملك من في الدار وكان هامان قد دخل دار بيت الملك الخارجية لكي يقول للملك ان يصلب مردخاي على الخشبة التي اعدها له.
أستير,6,82,"الإصحاح السادس الآيات 1-4:- في تلك الليلة طار نوم الملك فامر بان يؤتى بسفر تذكار اخبار الايام فقرئت امام الملك.فوجد مكتوبا ما اخبر به مردخاي عن بغثانا وترش خصيي الملك حارسي الباب اللذين طلبا ان يمدا ايديهما الى الملك احشويروش.فقال الملك اية كرامة وعظمة عملت لمردخاي لاجل هذا فقال غلمان الملك الذين يخدمونه لم يعمل معه شيء.فقال الملك من في الدار وكان هامان قد دخل دار بيت الملك الخارجية لكي يقول للملك ان يصلب مردخاي على الخشبة التي اعدها له.
أستير,6,83,"الإصحاح السادس الآيات 1-4:- في تلك الليلة طار نوم الملك فامر بان يؤتى بسفر تذكار اخبار الايام فقرئت امام الملك.فوجد مكتوبا ما اخبر به مردخاي عن بغثانا وترش خصيي الملك حارسي الباب اللذين طلبا ان يمدا ايديهما الى الملك احشويروش.فقال الملك اية كرامة وعظمة عملت لمردخاي لاجل هذا فقال غلمان الملك الذين يخدمونه لم يعمل معه شيء.فقال الملك من في الدار وكان هامان قد دخل دار بيت الملك الخارجية لكي يقول للملك ان يصلب مردخاي على الخشبة التي اعدها له.
أستير,6,84,"الإصحاح السادس الآيات 1-4:- في تلك الليلة طار نوم الملك فامر بان يؤتى بسفر تذكار اخبار الايام فقرئت امام الملك.فوجد مكتوبا ما اخبر به مردخاي عن بغثانا وترش خصيي الملك حارسي الباب اللذين طلبا ان يمدا ايديهما الى الملك احشويروش.فقال الملك اية كرامة وعظمة عملت لمردخاي لاجل هذا فقال غلمان الملك الذين يخدمونه لم يعمل معه شيء.فقال الملك من في الدار وكان هامان قد دخل دار بيت الملك الخارجية لكي يقول للملك ان يصلب مردخاي على الخشبة التي اعدها له.
أستير,6,85,"الإصحاح السادس الآيات 1-4:- في تلك الليلة طار نوم الملك فامر بان يؤتى بسفر تذكار اخبار الايام فقرئت امام الملك.فوجد مكتوبا ما اخبر به مردخاي عن بغثانا وترش خصيي الملك حارسي الباب اللذين طلبا ان يمدا ايديهما الى الملك احشويروش.فقال الملك اية كرامة وعظمة عملت لمردخاي لاجل هذا فقال غلمان الملك الذين يخدمونه لم يعمل معه شيء.فقال الملك من في الدار وكان هامان قد دخل دار بيت الملك الخارجية لكي يقول للملك ان يصلب مردخاي على الخشبة التي اعدها له.
أستير,6,86,"الإصحاح السادس الآيات 1-4:- في تلك الليلة طار نوم الملك فامر بان يؤتى بسفر تذكار اخبار الايام فقرئت امام الملك.فوجد مكتوبا ما اخبر به مردخاي عن بغثانا وترش خصيي الملك حارسي الباب اللذين طلبا ان يمدا ايديهما الى الملك احشويروش.فقال الملك اية كرامة وعظمة عملت لمردخاي لاجل هذا فقال غلمان الملك الذين يخدمونه لم يعمل معه شيء.فقال الملك من في الدار وكان هامان قد دخل دار بيت الملك الخارجية لكي يقول للملك ان يصلب مردخاي على الخشبة التي اعدها له.
أستير,6,87,"الإصحاح السادس الآيات 1-4:- في تلك الليلة طار نوم الملك فامر بان يؤتى بسفر تذكار اخبار الايام فقرئت امام الملك.فوجد مكتوبا ما اخبر به مردخاي عن بغثانا وترش خصيي الملك حارسي الباب اللذين طلبا ان يمدا ايديهما الى الملك احشويروش.فقال الملك اية كرامة وعظمة عملت لمردخاي لاجل هذا فقال غلمان الملك الذين يخدمونه لم يعمل معه شيء.فقال الملك من في الدار وكان هامان قد دخل دار بيت الملك الخارجية لكي يقول للملك ان يصلب مردخاي على الخشبة التي اعدها له.
أستير,6,88,"الإصحاح السادس الآيات 1-4:- في تلك الليلة طار نوم الملك فامر بان يؤتى بسفر تذكار اخبار الايام فقرئت امام الملك.فوجد مكتوبا ما اخبر به مردخاي عن بغثانا وترش خصيي الملك حارسي الباب اللذين طلبا ان يمدا ايديهما الى الملك احشويروش.فقال الملك اية كرامة وعظمة عملت لمردخاي لاجل هذا فقال غلمان الملك الذين يخدمونه لم يعمل معه شيء.فقال الملك من في الدار وكان هامان قد دخل دار بيت الملك الخارجية لكي يقول للملك ان يصلب مردخاي على الخشبة التي اعدها له.
أستير,6,89,"الإصحاح السادس الآيات 1-4:- في تلك الليلة طار نوم الملك فامر بان يؤتى بسفر تذكار اخبار الايام فقرئت امام الملك.فوجد مكتوبا ما اخبر به مردخاي عن بغثانا وترش خصيي الملك حارسي الباب اللذين طلبا ان يمدا ايديهما الى الملك احشويروش.فقال الملك اية كرامة وعظمة عملت لمردخاي لاجل هذا فقال غلمان الملك الذين يخدمونه لم يعمل معه شيء.فقال الملك من في الدار وكان هامان قد دخل دار بيت الملك الخارجية لكي يقول للملك ان يصلب مردخاي على الخشبة التي اعدها له.
أستير,6,90,"الإصحاح السادس الآيات 1-4:- في تلك الليلة طار نوم الملك فامر بان يؤتى بسفر تذكار اخبار الايام فقرئت امام الملك.فوجد مكتوبا ما اخبر به مردخاي عن بغثانا وترش خصيي الملك حارسي الباب اللذين طلبا ان يمدا ايديهما الى الملك احشويروش.فقال الملك اية كرامة وعظمة عملت لمردخاي لاجل هذا فقال غلمان الملك الذين يخدمونه لم يعمل معه شيء.فقال الملك من في الدار وكان هامان قد دخل دار بيت الملك الخارجية لكي يقول للملك ان يصلب مردخاي على الخشبة التي اعدها له.
أستير,6,91,"الإصحاح السادس الآيات 1-4:- في تلك الليلة طار نوم الملك فامر بان يؤتى بسفر تذكار اخبار الايام فقرئت امام الملك.فوجد مكتوبا ما اخبر به مردخاي عن بغثانا وترش خصيي الملك حارسي الباب اللذين طلبا ان يمدا ايديهما الى الملك احشويروش.فقال الملك اية كرامة وعظمة عملت لمردخاي لاجل هذا فقال غلمان الملك الذين يخدمونه لم يعمل معه شيء.فقال الملك من في الدار وكان هامان قد دخل دار بيت الملك الخارجية لكي يقول للملك ان يصلب مردخاي على الخشبة التي اعدها له.
أستير,6,92,"الإصحاح السادس الآيات 1-4:- في تلك الليلة طار نوم الملك فامر بان يؤتى بسفر تذكار اخبار الايام فقرئت امام الملك.فوجد مكتوبا ما اخبر به مردخاي عن بغثانا وترش خصيي الملك حارسي الباب اللذين طلبا ان يمدا ايديهما الى الملك احشويروش.فقال الملك اية كرامة وعظمة عملت لمردخاي لاجل هذا فقال غلمان الملك الذين يخدمونه لم يعمل معه شيء.فقال الملك من في الدار وكان هامان قد دخل دار بيت الملك الخارجية لكي يقول للملك ان يصلب مردخاي على الخشبة التي اعدها له.
أستير,6,93,"الإصحاح السادس الآيات 1-4:- في تلك الليلة طار نوم الملك فامر بان يؤتى بسفر تذكار اخبار الايام فقرئت امام الملك.فوجد مكتوبا ما اخبر به مردخاي عن بغثانا وترش خصيي الملك حارسي الباب اللذين طلبا ان يمدا ايديهما الى الملك احشويروش.فقال الملك اية كرامة وعظمة عملت لمردخاي لاجل هذا فقال غلمان الملك الذين يخدمونه لم يعمل معه شيء.فقال الملك من في الدار وكان هامان قد دخل دار بيت الملك الخارجية لكي يقول للملك ان يصلب مردخاي على الخشبة التي اعدها له.
أستير,6,94,"الإصحاح السادس الآيات 1-4:- في تلك الليلة طار نوم الملك فامر بان يؤتى بسفر تذكار اخبار الايام فقرئت امام الملك.فوجد مكتوبا ما اخبر به مردخاي عن بغثانا وترش خصيي الملك حارسي الباب اللذين طلبا ان يمدا ايديهما الى الملك احشويروش.فقال الملك اية كرامة وعظمة عملت لمردخاي لاجل هذا فقال غلمان الملك الذين يخدمونه لم يعمل معه شيء.فقال الملك من في الدار وكان هامان قد دخل دار بيت الملك الخارجية لكي يقول للملك ان يصلب مردخاي على الخشبة التي اعدها له.
أستير,6,95,"الإصحاح السادس الآيات 1-4:- في تلك الليلة طار نوم الملك فامر بان يؤتى بسفر تذكار اخبار الايام فقرئت امام الملك.فوجد مكتوبا ما اخبر به مردخاي عن بغثانا وترش خصيي الملك حارسي الباب اللذين طلبا ان يمدا ايديهما الى الملك احشويروش.فقال الملك اية كرامة وعظمة عملت لمردخاي لاجل هذا فقال غلمان الملك الذين يخدمونه لم يعمل معه شيء.فقال الملك من في الدار وكان هامان قد دخل دار بيت الملك الخارجية لكي يقول للملك ان يصلب مردخاي على الخشبة التي اعدها له.
أستير,6,96,"الإصحاح السادس الآيات 1-4:- في تلك الليلة طار نوم الملك فامر بان يؤتى بسفر تذكار اخبار الايام فقرئت امام الملك.فوجد مكتوبا ما اخبر به مردخاي عن بغثانا وترش خصيي الملك حارسي الباب اللذين طلبا ان يمدا ايديهما الى الملك احشويروش.فقال الملك اية كرامة وعظمة عملت لمردخاي لاجل هذا فقال غلمان الملك الذين يخدمونه لم يعمل معه شيء.فقال الملك من في الدار وكان هامان قد دخل دار بيت الملك الخارجية لكي يقول للملك ان يصلب مردخاي على الخشبة التي اعدها له.
أستير,6,97,"الإصحاح السادس الآيات 1-4:- في تلك الليلة طار نوم الملك فامر بان يؤتى بسفر تذكار اخبار الايام فقرئت امام الملك.فوجد مكتوبا ما اخبر به مردخاي عن بغثانا وترش خصيي الملك حارسي الباب اللذين طلبا ان يمدا ايديهما الى الملك احشويروش.فقال الملك اية كرامة وعظمة عملت لمردخاي لاجل هذا فقال غلمان الملك الذين يخدمونه لم يعمل معه شيء.فقال الملك من في الدار وكان هامان قد دخل دار بيت الملك الخارجية لكي يقول للملك ان يصلب مردخاي على الخشبة التي اعدها له.
أستير,6,98,"الإصحاح السادس الآيات 1-4:- في تلك الليلة طار نوم الملك فامر بان يؤتى بسفر تذكار اخبار الايام فقرئت امام الملك.فوجد مكتوبا ما اخبر به مردخاي عن بغثانا وترش خصيي الملك حارسي الباب اللذين طلبا ان يمدا ايديهما الى الملك احشويروش.فقال الملك اية كرامة وعظمة عملت لمردخاي لاجل هذا فقال غلمان الملك الذين يخدمونه لم يعمل معه شيء.فقال الملك من في الدار وكان هامان قد دخل دار بيت الملك الخارجية لكي يقول للملك ان يصلب مردخاي على الخشبة التي اعدها له.
أستير,6,99,"الإصحاح السادس الآيات 1-4:- في تلك الليلة طار نوم الملك فامر بان يؤتى بسفر تذكار اخبار الايام فقرئت امام الملك.فوجد مكتوبا ما اخبر به مردخاي عن بغثانا وترش خصيي الملك حارسي الباب اللذين طلبا ان يمدا ايديهما الى الملك احشويروش.فقال الملك اية كرامة وعظمة عملت لمردخاي لاجل هذا فقال غلمان الملك الذين يخدمونه لم يعمل معه شيء.فقال الملك من في الدار وكان هامان قد دخل دار بيت الملك الخارجية لكي يقول للملك ان يصلب مردخاي على الخشبة التي اعدها له.
أستير,7,1,"الإصحاح السابع 
أستير,7,2,"الإصحاح السابع 
أستير,7,3,"الإصحاح السابع 
أستير,7,4,"الإصحاح السابع 
أستير,7,5,"الإصحاح السابع 
أستير,7,6,"الإصحاح السابع 
أستير,7,7,"الإصحاح السابع 
أستير,7,8,"الإصحاح السابع 
أستير,7,9,"الإصحاح السابع 
أستير,7,10,"الإصحاح السابع 
أستير,7,11,"الإصحاح السابع 
أستير,7,12,"الإصحاح السابع 
أستير,7,13,"الإصحاح السابع 
أستير,7,14,"الإصحاح السابع 
أستير,7,15,"الإصحاح السابع 
أستير,7,16,"الإصحاح السابع 
أستير,7,17,"الإصحاح السابع 
أستير,7,18,"الإصحاح السابع 
أستير,7,19,"الإصحاح السابع 
أستير,7,20,"الإصحاح السابع 
أستير,7,21,"الإصحاح السابع 
أستير,7,22,"الإصحاح السابع 
أستير,7,23,"الإصحاح السابع 
أستير,7,24,"الإصحاح السابع 
أستير,7,25,"الإصحاح السابع 
أستير,7,26,"الإصحاح السابع 
أستير,7,27,"الإصحاح السابع 
أستير,7,28,"الإصحاح السابع 
أستير,7,29,"الإصحاح السابع 
أستير,7,30,"الإصحاح السابع 
أستير,7,31,"الإصحاح السابع 
أستير,7,32,"الإصحاح السابع 
أستير,7,33,"الإصحاح السابع 
أستير,7,34,"الإصحاح السابع 
أستير,7,35,"الإصحاح السابع 
أستير,7,36,"الإصحاح السابع 
أستير,7,37,"الإصحاح السابع 
أستير,7,38,"الإصحاح السابع 
أستير,7,39,"الإصحاح السابع 
أستير,7,40,"الإصحاح السابع 
أستير,7,41,"الإصحاح السابع 
أستير,7,42,"الإصحاح السابع 
أستير,7,43,"الإصحاح السابع 
أستير,7,44,"الإصحاح السابع 
أستير,7,45,"الإصحاح السابع 
أستير,7,46,"الإصحاح السابع 
أستير,7,47,"الإصحاح السابع 
أستير,7,48,"الإصحاح السابع 
أستير,7,49,"الإصحاح السابع 
أستير,7,50,"الإصحاح السابع 
أستير,7,51,"الإصحاح السابع 
أستير,7,52,"الإصحاح السابع 
أستير,7,53,"الإصحاح السابع 
أستير,7,54,"الإصحاح السابع 
أستير,7,55,"الإصحاح السابع 
أستير,7,56,"الإصحاح السابع 
أستير,7,57,"الإصحاح السابع 
أستير,7,58,"الإصحاح السابع 
أستير,7,59,"الإصحاح السابع 
أستير,7,60,"الإصحاح السابع 
أستير,7,61,"الإصحاح السابع 
أستير,7,62,"الإصحاح السابع 
أستير,7,63,"الإصحاح السابع 
أستير,7,64,"الإصحاح السابع 
أستير,7,65,"الإصحاح السابع 
أستير,7,66,"الإصحاح السابع 
أستير,7,67,"الإصحاح السابع 
أستير,7,68,"الإصحاح السابع 
أستير,7,69,"الإصحاح السابع 
أستير,7,70,"الإصحاح السابع 
أستير,7,71,"الإصحاح السابع 
أستير,7,72,"الإصحاح السابع 
أستير,7,73,"الإصحاح السابع 
أستير,7,74,"الإصحاح السابع 
أستير,7,75,"الإصحاح السابع 
أستير,7,76,"الإصحاح السابع 
أستير,7,77,"الإصحاح السابع 
أستير,7,78,"الإصحاح السابع 
أستير,7,79,"الإصحاح السابع 
أستير,7,80,"الإصحاح السابع 
أستير,7,81,"الإصحاح السابع 
أستير,7,82,"الإصحاح السابع 
أستير,7,83,"الإصحاح السابع 
أستير,7,84,"الإصحاح السابع 
أستير,7,85,"الإصحاح السابع 
أستير,7,86,"الإصحاح السابع 
أستير,7,87,"الإصحاح السابع 
أستير,7,88,"الإصحاح السابع 
أستير,7,89,"الإصحاح السابع 
أستير,7,90,"الإصحاح السابع 
أستير,7,91,"الإصحاح السابع 
أستير,7,92,"الإصحاح السابع 
أستير,7,93,"الإصحاح السابع 
أستير,7,94,"الإصحاح السابع 
أستير,7,95,"الإصحاح السابع 
أستير,7,96,"الإصحاح السابع 
أستير,7,97,"الإصحاح السابع 
أستير,7,98,"الإصحاح السابع 
أستير,7,99,"الإصحاح السابع 
أستير,8,1,"الإصحاح الثامن الآيات 2\'a1 1:- في ذلك اليوم اعطى الملك احشويروش لاستير الملكة بيت هامان عدو اليهود واتى مردخاي الى امام الملك لان استير اخبرته بما هو لها.و نزع الملك خاتمه الذي اخذه من هامان واعطاه لمردخاي واقامت استير مردخاي على بيت هامان.
أستير,8,2,"الإصحاح الثامن الآيات 2\'a1 1:- في ذلك اليوم اعطى الملك احشويروش لاستير الملكة بيت هامان عدو اليهود واتى مردخاي الى امام الملك لان استير اخبرته بما هو لها.و نزع الملك خاتمه الذي اخذه من هامان واعطاه لمردخاي واقامت استير مردخاي على بيت هامان.
أستير,8,3,"الإصحاح الثامن الآيات 2\'a1 1:- في ذلك اليوم اعطى الملك احشويروش لاستير الملكة بيت هامان عدو اليهود واتى مردخاي الى امام الملك لان استير اخبرته بما هو لها.و نزع الملك خاتمه الذي اخذه من هامان واعطاه لمردخاي واقامت استير مردخاي على بيت هامان.
أستير,8,4,"الإصحاح الثامن الآيات 2\'a1 1:- في ذلك اليوم اعطى الملك احشويروش لاستير الملكة بيت هامان عدو اليهود واتى مردخاي الى امام الملك لان استير اخبرته بما هو لها.و نزع الملك خاتمه الذي اخذه من هامان واعطاه لمردخاي واقامت استير مردخاي على بيت هامان.
أستير,8,5,"الإصحاح الثامن الآيات 2\'a1 1:- في ذلك اليوم اعطى الملك احشويروش لاستير الملكة بيت هامان عدو اليهود واتى مردخاي الى امام الملك لان استير اخبرته بما هو لها.و نزع الملك خاتمه الذي اخذه من هامان واعطاه لمردخاي واقامت استير مردخاي على بيت هامان.
أستير,8,6,"الإصحاح الثامن الآيات 2\'a1 1:- في ذلك اليوم اعطى الملك احشويروش لاستير الملكة بيت هامان عدو اليهود واتى مردخاي الى امام الملك لان استير اخبرته بما هو لها.و نزع الملك خاتمه الذي اخذه من هامان واعطاه لمردخاي واقامت استير مردخاي على بيت هامان.
أستير,8,7,"الإصحاح الثامن الآيات 2\'a1 1:- في ذلك اليوم اعطى الملك احشويروش لاستير الملكة بيت هامان عدو اليهود واتى مردخاي الى امام الملك لان استير اخبرته بما هو لها.و نزع الملك خاتمه الذي اخذه من هامان واعطاه لمردخاي واقامت استير مردخاي على بيت هامان.
أستير,8,8,"الإصحاح الثامن الآيات 2\'a1 1:- في ذلك اليوم اعطى الملك احشويروش لاستير الملكة بيت هامان عدو اليهود واتى مردخاي الى امام الملك لان استير اخبرته بما هو لها.و نزع الملك خاتمه الذي اخذه من هامان واعطاه لمردخاي واقامت استير مردخاي على بيت هامان.
أستير,8,9,"الإصحاح الثامن الآيات 2\'a1 1:- في ذلك اليوم اعطى الملك احشويروش لاستير الملكة بيت هامان عدو اليهود واتى مردخاي الى امام الملك لان استير اخبرته بما هو لها.و نزع الملك خاتمه الذي اخذه من هامان واعطاه لمردخاي واقامت استير مردخاي على بيت هامان.
أستير,8,10,"الإصحاح الثامن الآيات 2\'a1 1:- في ذلك اليوم اعطى الملك احشويروش لاستير الملكة بيت هامان عدو اليهود واتى مردخاي الى امام الملك لان استير اخبرته بما هو لها.و نزع الملك خاتمه الذي اخذه من هامان واعطاه لمردخاي واقامت استير مردخاي على بيت هامان.
أستير,8,11,"الإصحاح الثامن الآيات 2\'a1 1:- في ذلك اليوم اعطى الملك احشويروش لاستير الملكة بيت هامان عدو اليهود واتى مردخاي الى امام الملك لان استير اخبرته بما هو لها.و نزع الملك خاتمه الذي اخذه من هامان واعطاه لمردخاي واقامت استير مردخاي على بيت هامان.
أستير,8,12,"الإصحاح الثامن الآيات 2\'a1 1:- في ذلك اليوم اعطى الملك احشويروش لاستير الملكة بيت هامان عدو اليهود واتى مردخاي الى امام الملك لان استير اخبرته بما هو لها.و نزع الملك خاتمه الذي اخذه من هامان واعطاه لمردخاي واقامت استير مردخاي على بيت هامان.
أستير,8,13,"الإصحاح الثامن الآيات 2\'a1 1:- في ذلك اليوم اعطى الملك احشويروش لاستير الملكة بيت هامان عدو اليهود واتى مردخاي الى امام الملك لان استير اخبرته بما هو لها.و نزع الملك خاتمه الذي اخذه من هامان واعطاه لمردخاي واقامت استير مردخاي على بيت هامان.
أستير,8,14,"الإصحاح الثامن الآيات 2\'a1 1:- في ذلك اليوم اعطى الملك احشويروش لاستير الملكة بيت هامان عدو اليهود واتى مردخاي الى امام الملك لان استير اخبرته بما هو لها.و نزع الملك خاتمه الذي اخذه من هامان واعطاه لمردخاي واقامت استير مردخاي على بيت هامان.
أستير,8,15,"الإصحاح الثامن الآيات 2\'a1 1:- في ذلك اليوم اعطى الملك احشويروش لاستير الملكة بيت هامان عدو اليهود واتى مردخاي الى امام الملك لان استير اخبرته بما هو لها.و نزع الملك خاتمه الذي اخذه من هامان واعطاه لمردخاي واقامت استير مردخاي على بيت هامان.
أستير,8,16,"الإصحاح الثامن الآيات 2\'a1 1:- في ذلك اليوم اعطى الملك احشويروش لاستير الملكة بيت هامان عدو اليهود واتى مردخاي الى امام الملك لان استير اخبرته بما هو لها.و نزع الملك خاتمه الذي اخذه من هامان واعطاه لمردخاي واقامت استير مردخاي على بيت هامان.
أستير,8,17,"الإصحاح الثامن الآيات 2\'a1 1:- في ذلك اليوم اعطى الملك احشويروش لاستير الملكة بيت هامان عدو اليهود واتى مردخاي الى امام الملك لان استير اخبرته بما هو لها.و نزع الملك خاتمه الذي اخذه من هامان واعطاه لمردخاي واقامت استير مردخاي على بيت هامان.
أستير,8,18,"الإصحاح الثامن الآيات 2\'a1 1:- في ذلك اليوم اعطى الملك احشويروش لاستير الملكة بيت هامان عدو اليهود واتى مردخاي الى امام الملك لان استير اخبرته بما هو لها.و نزع الملك خاتمه الذي اخذه من هامان واعطاه لمردخاي واقامت استير مردخاي على بيت هامان.
أستير,8,19,"الإصحاح الثامن الآيات 2\'a1 1:- في ذلك اليوم اعطى الملك احشويروش لاستير الملكة بيت هامان عدو اليهود واتى مردخاي الى امام الملك لان استير اخبرته بما هو لها.و نزع الملك خاتمه الذي اخذه من هامان واعطاه لمردخاي واقامت استير مردخاي على بيت هامان.
أستير,8,20,"الإصحاح الثامن الآيات 2\'a1 1:- في ذلك اليوم اعطى الملك احشويروش لاستير الملكة بيت هامان عدو اليهود واتى مردخاي الى امام الملك لان استير اخبرته بما هو لها.و نزع الملك خاتمه الذي اخذه من هامان واعطاه لمردخاي واقامت استير مردخاي على بيت هامان.
أستير,8,21,"الإصحاح الثامن الآيات 2\'a1 1:- في ذلك اليوم اعطى الملك احشويروش لاستير الملكة بيت هامان عدو اليهود واتى مردخاي الى امام الملك لان استير اخبرته بما هو لها.و نزع الملك خاتمه الذي اخذه من هامان واعطاه لمردخاي واقامت استير مردخاي على بيت هامان.
أستير,8,22,"الإصحاح الثامن الآيات 2\'a1 1:- في ذلك اليوم اعطى الملك احشويروش لاستير الملكة بيت هامان عدو اليهود واتى مردخاي الى امام الملك لان استير اخبرته بما هو لها.و نزع الملك خاتمه الذي اخذه من هامان واعطاه لمردخاي واقامت استير مردخاي على بيت هامان.
أستير,8,23,"الإصحاح الثامن الآيات 2\'a1 1:- في ذلك اليوم اعطى الملك احشويروش لاستير الملكة بيت هامان عدو اليهود واتى مردخاي الى امام الملك لان استير اخبرته بما هو لها.و نزع الملك خاتمه الذي اخذه من هامان واعطاه لمردخاي واقامت استير مردخاي على بيت هامان.
أستير,8,24,"الإصحاح الثامن الآيات 2\'a1 1:- في ذلك اليوم اعطى الملك احشويروش لاستير الملكة بيت هامان عدو اليهود واتى مردخاي الى امام الملك لان استير اخبرته بما هو لها.و نزع الملك خاتمه الذي اخذه من هامان واعطاه لمردخاي واقامت استير مردخاي على بيت هامان.
أستير,8,25,"الإصحاح الثامن الآيات 2\'a1 1:- في ذلك اليوم اعطى الملك احشويروش لاستير الملكة بيت هامان عدو اليهود واتى مردخاي الى امام الملك لان استير اخبرته بما هو لها.و نزع الملك خاتمه الذي اخذه من هامان واعطاه لمردخاي واقامت استير مردخاي على بيت هامان.
أستير,8,26,"الإصحاح الثامن الآيات 2\'a1 1:- في ذلك اليوم اعطى الملك احشويروش لاستير الملكة بيت هامان عدو اليهود واتى مردخاي الى امام الملك لان استير اخبرته بما هو لها.و نزع الملك خاتمه الذي اخذه من هامان واعطاه لمردخاي واقامت استير مردخاي على بيت هامان.
أستير,8,27,"الإصحاح الثامن الآيات 2\'a1 1:- في ذلك اليوم اعطى الملك احشويروش لاستير الملكة بيت هامان عدو اليهود واتى مردخاي الى امام الملك لان استير اخبرته بما هو لها.و نزع الملك خاتمه الذي اخذه من هامان واعطاه لمردخاي واقامت استير مردخاي على بيت هامان.
أستير,8,28,"الإصحاح الثامن الآيات 2\'a1 1:- في ذلك اليوم اعطى الملك احشويروش لاستير الملكة بيت هامان عدو اليهود واتى مردخاي الى امام الملك لان استير اخبرته بما هو لها.و نزع الملك خاتمه الذي اخذه من هامان واعطاه لمردخاي واقامت استير مردخاي على بيت هامان.
أستير,8,29,"الإصحاح الثامن الآيات 2\'a1 1:- في ذلك اليوم اعطى الملك احشويروش لاستير الملكة بيت هامان عدو اليهود واتى مردخاي الى امام الملك لان استير اخبرته بما هو لها.و نزع الملك خاتمه الذي اخذه من هامان واعطاه لمردخاي واقامت استير مردخاي على بيت هامان.
أستير,8,30,"الإصحاح الثامن الآيات 2\'a1 1:- في ذلك اليوم اعطى الملك احشويروش لاستير الملكة بيت هامان عدو اليهود واتى مردخاي الى امام الملك لان استير اخبرته بما هو لها.و نزع الملك خاتمه الذي اخذه من هامان واعطاه لمردخاي واقامت استير مردخاي على بيت هامان.
أستير,8,31,"الإصحاح الثامن الآيات 2\'a1 1:- في ذلك اليوم اعطى الملك احشويروش لاستير الملكة بيت هامان عدو اليهود واتى مردخاي الى امام الملك لان استير اخبرته بما هو لها.و نزع الملك خاتمه الذي اخذه من هامان واعطاه لمردخاي واقامت استير مردخاي على بيت هامان.
أستير,8,32,"الإصحاح الثامن الآيات 2\'a1 1:- في ذلك اليوم اعطى الملك احشويروش لاستير الملكة بيت هامان عدو اليهود واتى مردخاي الى امام الملك لان استير اخبرته بما هو لها.و نزع الملك خاتمه الذي اخذه من هامان واعطاه لمردخاي واقامت استير مردخاي على بيت هامان.
أستير,8,33,"الإصحاح الثامن الآيات 2\'a1 1:- في ذلك اليوم اعطى الملك احشويروش لاستير الملكة بيت هامان عدو اليهود واتى مردخاي الى امام الملك لان استير اخبرته بما هو لها.و نزع الملك خاتمه الذي اخذه من هامان واعطاه لمردخاي واقامت استير مردخاي على بيت هامان.
أستير,8,34,"الإصحاح الثامن الآيات 2\'a1 1:- في ذلك اليوم اعطى الملك احشويروش لاستير الملكة بيت هامان عدو اليهود واتى مردخاي الى امام الملك لان استير اخبرته بما هو لها.و نزع الملك خاتمه الذي اخذه من هامان واعطاه لمردخاي واقامت استير مردخاي على بيت هامان.
أستير,8,35,"الإصحاح الثامن الآيات 2\'a1 1:- في ذلك اليوم اعطى الملك احشويروش لاستير الملكة بيت هامان عدو اليهود واتى مردخاي الى امام الملك لان استير اخبرته بما هو لها.و نزع الملك خاتمه الذي اخذه من هامان واعطاه لمردخاي واقامت استير مردخاي على بيت هامان.
أستير,8,36,"الإصحاح الثامن الآيات 2\'a1 1:- في ذلك اليوم اعطى الملك احشويروش لاستير الملكة بيت هامان عدو اليهود واتى مردخاي الى امام الملك لان استير اخبرته بما هو لها.و نزع الملك خاتمه الذي اخذه من هامان واعطاه لمردخاي واقامت استير مردخاي على بيت هامان.
أستير,8,37,"الإصحاح الثامن الآيات 2\'a1 1:- في ذلك اليوم اعطى الملك احشويروش لاستير الملكة بيت هامان عدو اليهود واتى مردخاي الى امام الملك لان استير اخبرته بما هو لها.و نزع الملك خاتمه الذي اخذه من هامان واعطاه لمردخاي واقامت استير مردخاي على بيت هامان.
أستير,8,38,"الإصحاح الثامن الآيات 2\'a1 1:- في ذلك اليوم اعطى الملك احشويروش لاستير الملكة بيت هامان عدو اليهود واتى مردخاي الى امام الملك لان استير اخبرته بما هو لها.و نزع الملك خاتمه الذي اخذه من هامان واعطاه لمردخاي واقامت استير مردخاي على بيت هامان.
أستير,8,39,"الإصحاح الثامن الآيات 2\'a1 1:- في ذلك اليوم اعطى الملك احشويروش لاستير الملكة بيت هامان عدو اليهود واتى مردخاي الى امام الملك لان استير اخبرته بما هو لها.و نزع الملك خاتمه الذي اخذه من هامان واعطاه لمردخاي واقامت استير مردخاي على بيت هامان.
أستير,8,40,"الإصحاح الثامن الآيات 2\'a1 1:- في ذلك اليوم اعطى الملك احشويروش لاستير الملكة بيت هامان عدو اليهود واتى مردخاي الى امام الملك لان استير اخبرته بما هو لها.و نزع الملك خاتمه الذي اخذه من هامان واعطاه لمردخاي واقامت استير مردخاي على بيت هامان.
أستير,8,41,"الإصحاح الثامن الآيات 2\'a1 1:- في ذلك اليوم اعطى الملك احشويروش لاستير الملكة بيت هامان عدو اليهود واتى مردخاي الى امام الملك لان استير اخبرته بما هو لها.و نزع الملك خاتمه الذي اخذه من هامان واعطاه لمردخاي واقامت استير مردخاي على بيت هامان.
أستير,8,42,"الإصحاح الثامن الآيات 2\'a1 1:- في ذلك اليوم اعطى الملك احشويروش لاستير الملكة بيت هامان عدو اليهود واتى مردخاي الى امام الملك لان استير اخبرته بما هو لها.و نزع الملك خاتمه الذي اخذه من هامان واعطاه لمردخاي واقامت استير مردخاي على بيت هامان.
أستير,8,43,"الإصحاح الثامن الآيات 2\'a1 1:- في ذلك اليوم اعطى الملك احشويروش لاستير الملكة بيت هامان عدو اليهود واتى مردخاي الى امام الملك لان استير اخبرته بما هو لها.و نزع الملك خاتمه الذي اخذه من هامان واعطاه لمردخاي واقامت استير مردخاي على بيت هامان.
أستير,8,44,"الإصحاح الثامن الآيات 2\'a1 1:- في ذلك اليوم اعطى الملك احشويروش لاستير الملكة بيت هامان عدو اليهود واتى مردخاي الى امام الملك لان استير اخبرته بما هو لها.و نزع الملك خاتمه الذي اخذه من هامان واعطاه لمردخاي واقامت استير مردخاي على بيت هامان.
أستير,8,45,"الإصحاح الثامن الآيات 2\'a1 1:- في ذلك اليوم اعطى الملك احشويروش لاستير الملكة بيت هامان عدو اليهود واتى مردخاي الى امام الملك لان استير اخبرته بما هو لها.و نزع الملك خاتمه الذي اخذه من هامان واعطاه لمردخاي واقامت استير مردخاي على بيت هامان.
أستير,8,46,"الإصحاح الثامن الآيات 2\'a1 1:- في ذلك اليوم اعطى الملك احشويروش لاستير الملكة بيت هامان عدو اليهود واتى مردخاي الى امام الملك لان استير اخبرته بما هو لها.و نزع الملك خاتمه الذي اخذه من هامان واعطاه لمردخاي واقامت استير مردخاي على بيت هامان.
أستير,8,47,"الإصحاح الثامن الآيات 2\'a1 1:- في ذلك اليوم اعطى الملك احشويروش لاستير الملكة بيت هامان عدو اليهود واتى مردخاي الى امام الملك لان استير اخبرته بما هو لها.و نزع الملك خاتمه الذي اخذه من هامان واعطاه لمردخاي واقامت استير مردخاي على بيت هامان.
أستير,8,48,"الإصحاح الثامن الآيات 2\'a1 1:- في ذلك اليوم اعطى الملك احشويروش لاستير الملكة بيت هامان عدو اليهود واتى مردخاي الى امام الملك لان استير اخبرته بما هو لها.و نزع الملك خاتمه الذي اخذه من هامان واعطاه لمردخاي واقامت استير مردخاي على بيت هامان.
أستير,8,49,"الإصحاح الثامن الآيات 2\'a1 1:- في ذلك اليوم اعطى الملك احشويروش لاستير الملكة بيت هامان عدو اليهود واتى مردخاي الى امام الملك لان استير اخبرته بما هو لها.و نزع الملك خاتمه الذي اخذه من هامان واعطاه لمردخاي واقامت استير مردخاي على بيت هامان.
أستير,8,50,"الإصحاح الثامن الآيات 2\'a1 1:- في ذلك اليوم اعطى الملك احشويروش لاستير الملكة بيت هامان عدو اليهود واتى مردخاي الى امام الملك لان استير اخبرته بما هو لها.و نزع الملك خاتمه الذي اخذه من هامان واعطاه لمردخاي واقامت استير مردخاي على بيت هامان.
أستير,8,51,"الإصحاح الثامن الآيات 2\'a1 1:- في ذلك اليوم اعطى الملك احشويروش لاستير الملكة بيت هامان عدو اليهود واتى مردخاي الى امام الملك لان استير اخبرته بما هو لها.و نزع الملك خاتمه الذي اخذه من هامان واعطاه لمردخاي واقامت استير مردخاي على بيت هامان.
أستير,8,52,"الإصحاح الثامن الآيات 2\'a1 1:- في ذلك اليوم اعطى الملك احشويروش لاستير الملكة بيت هامان عدو اليهود واتى مردخاي الى امام الملك لان استير اخبرته بما هو لها.و نزع الملك خاتمه الذي اخذه من هامان واعطاه لمردخاي واقامت استير مردخاي على بيت هامان.
أستير,8,53,"الإصحاح الثامن الآيات 2\'a1 1:- في ذلك اليوم اعطى الملك احشويروش لاستير الملكة بيت هامان عدو اليهود واتى مردخاي الى امام الملك لان استير اخبرته بما هو لها.و نزع الملك خاتمه الذي اخذه من هامان واعطاه لمردخاي واقامت استير مردخاي على بيت هامان.
أستير,8,54,"الإصحاح الثامن الآيات 2\'a1 1:- في ذلك اليوم اعطى الملك احشويروش لاستير الملكة بيت هامان عدو اليهود واتى مردخاي الى امام الملك لان استير اخبرته بما هو لها.و نزع الملك خاتمه الذي اخذه من هامان واعطاه لمردخاي واقامت استير مردخاي على بيت هامان.
أستير,8,55,"الإصحاح الثامن الآيات 2\'a1 1:- في ذلك اليوم اعطى الملك احشويروش لاستير الملكة بيت هامان عدو اليهود واتى مردخاي الى امام الملك لان استير اخبرته بما هو لها.و نزع الملك خاتمه الذي اخذه من هامان واعطاه لمردخاي واقامت استير مردخاي على بيت هامان.
أستير,8,56,"الإصحاح الثامن الآيات 2\'a1 1:- في ذلك اليوم اعطى الملك احشويروش لاستير الملكة بيت هامان عدو اليهود واتى مردخاي الى امام الملك لان استير اخبرته بما هو لها.و نزع الملك خاتمه الذي اخذه من هامان واعطاه لمردخاي واقامت استير مردخاي على بيت هامان.
أستير,8,57,"الإصحاح الثامن الآيات 2\'a1 1:- في ذلك اليوم اعطى الملك احشويروش لاستير الملكة بيت هامان عدو اليهود واتى مردخاي الى امام الملك لان استير اخبرته بما هو لها.و نزع الملك خاتمه الذي اخذه من هامان واعطاه لمردخاي واقامت استير مردخاي على بيت هامان.
أستير,8,58,"الإصحاح الثامن الآيات 2\'a1 1:- في ذلك اليوم اعطى الملك احشويروش لاستير الملكة بيت هامان عدو اليهود واتى مردخاي الى امام الملك لان استير اخبرته بما هو لها.و نزع الملك خاتمه الذي اخذه من هامان واعطاه لمردخاي واقامت استير مردخاي على بيت هامان.
أستير,8,59,"الإصحاح الثامن الآيات 2\'a1 1:- في ذلك اليوم اعطى الملك احشويروش لاستير الملكة بيت هامان عدو اليهود واتى مردخاي الى امام الملك لان استير اخبرته بما هو لها.و نزع الملك خاتمه الذي اخذه من هامان واعطاه لمردخاي واقامت استير مردخاي على بيت هامان.
أستير,8,60,"الإصحاح الثامن الآيات 2\'a1 1:- في ذلك اليوم اعطى الملك احشويروش لاستير الملكة بيت هامان عدو اليهود واتى مردخاي الى امام الملك لان استير اخبرته بما هو لها.و نزع الملك خاتمه الذي اخذه من هامان واعطاه لمردخاي واقامت استير مردخاي على بيت هامان.
أستير,8,61,"الإصحاح الثامن الآيات 2\'a1 1:- في ذلك اليوم اعطى الملك احشويروش لاستير الملكة بيت هامان عدو اليهود واتى مردخاي الى امام الملك لان استير اخبرته بما هو لها.و نزع الملك خاتمه الذي اخذه من هامان واعطاه لمردخاي واقامت استير مردخاي على بيت هامان.
أستير,8,62,"الإصحاح الثامن الآيات 2\'a1 1:- في ذلك اليوم اعطى الملك احشويروش لاستير الملكة بيت هامان عدو اليهود واتى مردخاي الى امام الملك لان استير اخبرته بما هو لها.و نزع الملك خاتمه الذي اخذه من هامان واعطاه لمردخاي واقامت استير مردخاي على بيت هامان.
أستير,8,63,"الإصحاح الثامن الآيات 2\'a1 1:- في ذلك اليوم اعطى الملك احشويروش لاستير الملكة بيت هامان عدو اليهود واتى مردخاي الى امام الملك لان استير اخبرته بما هو لها.و نزع الملك خاتمه الذي اخذه من هامان واعطاه لمردخاي واقامت استير مردخاي على بيت هامان.
أستير,8,64,"الإصحاح الثامن الآيات 2\'a1 1:- في ذلك اليوم اعطى الملك احشويروش لاستير الملكة بيت هامان عدو اليهود واتى مردخاي الى امام الملك لان استير اخبرته بما هو لها.و نزع الملك خاتمه الذي اخذه من هامان واعطاه لمردخاي واقامت استير مردخاي على بيت هامان.
أستير,8,65,"الإصحاح الثامن الآيات 2\'a1 1:- في ذلك اليوم اعطى الملك احشويروش لاستير الملكة بيت هامان عدو اليهود واتى مردخاي الى امام الملك لان استير اخبرته بما هو لها.و نزع الملك خاتمه الذي اخذه من هامان واعطاه لمردخاي واقامت استير مردخاي على بيت هامان.
أستير,8,66,"الإصحاح الثامن الآيات 2\'a1 1:- في ذلك اليوم اعطى الملك احشويروش لاستير الملكة بيت هامان عدو اليهود واتى مردخاي الى امام الملك لان استير اخبرته بما هو لها.و نزع الملك خاتمه الذي اخذه من هامان واعطاه لمردخاي واقامت استير مردخاي على بيت هامان.
أستير,8,67,"الإصحاح الثامن الآيات 2\'a1 1:- في ذلك اليوم اعطى الملك احشويروش لاستير الملكة بيت هامان عدو اليهود واتى مردخاي الى امام الملك لان استير اخبرته بما هو لها.و نزع الملك خاتمه الذي اخذه من هامان واعطاه لمردخاي واقامت استير مردخاي على بيت هامان.
أستير,8,68,"الإصحاح الثامن الآيات 2\'a1 1:- في ذلك اليوم اعطى الملك احشويروش لاستير الملكة بيت هامان عدو اليهود واتى مردخاي الى امام الملك لان استير اخبرته بما هو لها.و نزع الملك خاتمه الذي اخذه من هامان واعطاه لمردخاي واقامت استير مردخاي على بيت هامان.
أستير,8,69,"الإصحاح الثامن الآيات 2\'a1 1:- في ذلك اليوم اعطى الملك احشويروش لاستير الملكة بيت هامان عدو اليهود واتى مردخاي الى امام الملك لان استير اخبرته بما هو لها.و نزع الملك خاتمه الذي اخذه من هامان واعطاه لمردخاي واقامت استير مردخاي على بيت هامان.
أستير,8,70,"الإصحاح الثامن الآيات 2\'a1 1:- في ذلك اليوم اعطى الملك احشويروش لاستير الملكة بيت هامان عدو اليهود واتى مردخاي الى امام الملك لان استير اخبرته بما هو لها.و نزع الملك خاتمه الذي اخذه من هامان واعطاه لمردخاي واقامت استير مردخاي على بيت هامان.
أستير,8,71,"الإصحاح الثامن الآيات 2\'a1 1:- في ذلك اليوم اعطى الملك احشويروش لاستير الملكة بيت هامان عدو اليهود واتى مردخاي الى امام الملك لان استير اخبرته بما هو لها.و نزع الملك خاتمه الذي اخذه من هامان واعطاه لمردخاي واقامت استير مردخاي على بيت هامان.
أستير,8,72,"الإصحاح الثامن الآيات 2\'a1 1:- في ذلك اليوم اعطى الملك احشويروش لاستير الملكة بيت هامان عدو اليهود واتى مردخاي الى امام الملك لان استير اخبرته بما هو لها.و نزع الملك خاتمه الذي اخذه من هامان واعطاه لمردخاي واقامت استير مردخاي على بيت هامان.
أستير,8,73,"الإصحاح الثامن الآيات 2\'a1 1:- في ذلك اليوم اعطى الملك احشويروش لاستير الملكة بيت هامان عدو اليهود واتى مردخاي الى امام الملك لان استير اخبرته بما هو لها.و نزع الملك خاتمه الذي اخذه من هامان واعطاه لمردخاي واقامت استير مردخاي على بيت هامان.
أستير,8,74,"الإصحاح الثامن الآيات 2\'a1 1:- في ذلك اليوم اعطى الملك احشويروش لاستير الملكة بيت هامان عدو اليهود واتى مردخاي الى امام الملك لان استير اخبرته بما هو لها.و نزع الملك خاتمه الذي اخذه من هامان واعطاه لمردخاي واقامت استير مردخاي على بيت هامان.
أستير,8,75,"الإصحاح الثامن الآيات 2\'a1 1:- في ذلك اليوم اعطى الملك احشويروش لاستير الملكة بيت هامان عدو اليهود واتى مردخاي الى امام الملك لان استير اخبرته بما هو لها.و نزع الملك خاتمه الذي اخذه من هامان واعطاه لمردخاي واقامت استير مردخاي على بيت هامان.
أستير,8,76,"الإصحاح الثامن الآيات 2\'a1 1:- في ذلك اليوم اعطى الملك احشويروش لاستير الملكة بيت هامان عدو اليهود واتى مردخاي الى امام الملك لان استير اخبرته بما هو لها.و نزع الملك خاتمه الذي اخذه من هامان واعطاه لمردخاي واقامت استير مردخاي على بيت هامان.
أستير,8,77,"الإصحاح الثامن الآيات 2\'a1 1:- في ذلك اليوم اعطى الملك احشويروش لاستير الملكة بيت هامان عدو اليهود واتى مردخاي الى امام الملك لان استير اخبرته بما هو لها.و نزع الملك خاتمه الذي اخذه من هامان واعطاه لمردخاي واقامت استير مردخاي على بيت هامان.
أستير,8,78,"الإصحاح الثامن الآيات 2\'a1 1:- في ذلك اليوم اعطى الملك احشويروش لاستير الملكة بيت هامان عدو اليهود واتى مردخاي الى امام الملك لان استير اخبرته بما هو لها.و نزع الملك خاتمه الذي اخذه من هامان واعطاه لمردخاي واقامت استير مردخاي على بيت هامان.
أستير,8,79,"الإصحاح الثامن الآيات 2\'a1 1:- في ذلك اليوم اعطى الملك احشويروش لاستير الملكة بيت هامان عدو اليهود واتى مردخاي الى امام الملك لان استير اخبرته بما هو لها.و نزع الملك خاتمه الذي اخذه من هامان واعطاه لمردخاي واقامت استير مردخاي على بيت هامان.
أستير,8,80,"الإصحاح الثامن الآيات 2\'a1 1:- في ذلك اليوم اعطى الملك احشويروش لاستير الملكة بيت هامان عدو اليهود واتى مردخاي الى امام الملك لان استير اخبرته بما هو لها.و نزع الملك خاتمه الذي اخذه من هامان واعطاه لمردخاي واقامت استير مردخاي على بيت هامان.
أستير,8,81,"الإصحاح الثامن الآيات 2\'a1 1:- في ذلك اليوم اعطى الملك احشويروش لاستير الملكة بيت هامان عدو اليهود واتى مردخاي الى امام الملك لان استير اخبرته بما هو لها.و نزع الملك خاتمه الذي اخذه من هامان واعطاه لمردخاي واقامت استير مردخاي على بيت هامان.
أستير,8,82,"الإصحاح الثامن الآيات 2\'a1 1:- في ذلك اليوم اعطى الملك احشويروش لاستير الملكة بيت هامان عدو اليهود واتى مردخاي الى امام الملك لان استير اخبرته بما هو لها.و نزع الملك خاتمه الذي اخذه من هامان واعطاه لمردخاي واقامت استير مردخاي على بيت هامان.
أستير,8,83,"الإصحاح الثامن الآيات 2\'a1 1:- في ذلك اليوم اعطى الملك احشويروش لاستير الملكة بيت هامان عدو اليهود واتى مردخاي الى امام الملك لان استير اخبرته بما هو لها.و نزع الملك خاتمه الذي اخذه من هامان واعطاه لمردخاي واقامت استير مردخاي على بيت هامان.
أستير,8,84,"الإصحاح الثامن الآيات 2\'a1 1:- في ذلك اليوم اعطى الملك احشويروش لاستير الملكة بيت هامان عدو اليهود واتى مردخاي الى امام الملك لان استير اخبرته بما هو لها.و نزع الملك خاتمه الذي اخذه من هامان واعطاه لمردخاي واقامت استير مردخاي على بيت هامان.
أستير,8,85,"الإصحاح الثامن الآيات 2\'a1 1:- في ذلك اليوم اعطى الملك احشويروش لاستير الملكة بيت هامان عدو اليهود واتى مردخاي الى امام الملك لان استير اخبرته بما هو لها.و نزع الملك خاتمه الذي اخذه من هامان واعطاه لمردخاي واقامت استير مردخاي على بيت هامان.
أستير,8,86,"الإصحاح الثامن الآيات 2\'a1 1:- في ذلك اليوم اعطى الملك احشويروش لاستير الملكة بيت هامان عدو اليهود واتى مردخاي الى امام الملك لان استير اخبرته بما هو لها.و نزع الملك خاتمه الذي اخذه من هامان واعطاه لمردخاي واقامت استير مردخاي على بيت هامان.
أستير,8,87,"الإصحاح الثامن الآيات 2\'a1 1:- في ذلك اليوم اعطى الملك احشويروش لاستير الملكة بيت هامان عدو اليهود واتى مردخاي الى امام الملك لان استير اخبرته بما هو لها.و نزع الملك خاتمه الذي اخذه من هامان واعطاه لمردخاي واقامت استير مردخاي على بيت هامان.
أستير,8,88,"الإصحاح الثامن الآيات 2\'a1 1:- في ذلك اليوم اعطى الملك احشويروش لاستير الملكة بيت هامان عدو اليهود واتى مردخاي الى امام الملك لان استير اخبرته بما هو لها.و نزع الملك خاتمه الذي اخذه من هامان واعطاه لمردخاي واقامت استير مردخاي على بيت هامان.
أستير,8,89,"الإصحاح الثامن الآيات 2\'a1 1:- في ذلك اليوم اعطى الملك احشويروش لاستير الملكة بيت هامان عدو اليهود واتى مردخاي الى امام الملك لان استير اخبرته بما هو لها.و نزع الملك خاتمه الذي اخذه من هامان واعطاه لمردخاي واقامت استير مردخاي على بيت هامان.
أستير,8,90,"الإصحاح الثامن الآيات 2\'a1 1:- في ذلك اليوم اعطى الملك احشويروش لاستير الملكة بيت هامان عدو اليهود واتى مردخاي الى امام الملك لان استير اخبرته بما هو لها.و نزع الملك خاتمه الذي اخذه من هامان واعطاه لمردخاي واقامت استير مردخاي على بيت هامان.
أستير,8,91,"الإصحاح الثامن الآيات 2\'a1 1:- في ذلك اليوم اعطى الملك احشويروش لاستير الملكة بيت هامان عدو اليهود واتى مردخاي الى امام الملك لان استير اخبرته بما هو لها.و نزع الملك خاتمه الذي اخذه من هامان واعطاه لمردخاي واقامت استير مردخاي على بيت هامان.
أستير,8,92,"الإصحاح الثامن الآيات 2\'a1 1:- في ذلك اليوم اعطى الملك احشويروش لاستير الملكة بيت هامان عدو اليهود واتى مردخاي الى امام الملك لان استير اخبرته بما هو لها.و نزع الملك خاتمه الذي اخذه من هامان واعطاه لمردخاي واقامت استير مردخاي على بيت هامان.
أستير,8,93,"الإصحاح الثامن الآيات 2\'a1 1:- في ذلك اليوم اعطى الملك احشويروش لاستير الملكة بيت هامان عدو اليهود واتى مردخاي الى امام الملك لان استير اخبرته بما هو لها.و نزع الملك خاتمه الذي اخذه من هامان واعطاه لمردخاي واقامت استير مردخاي على بيت هامان.
أستير,8,94,"الإصحاح الثامن الآيات 2\'a1 1:- في ذلك اليوم اعطى الملك احشويروش لاستير الملكة بيت هامان عدو اليهود واتى مردخاي الى امام الملك لان استير اخبرته بما هو لها.و نزع الملك خاتمه الذي اخذه من هامان واعطاه لمردخاي واقامت استير مردخاي على بيت هامان.
أستير,8,95,"الإصحاح الثامن الآيات 2\'a1 1:- في ذلك اليوم اعطى الملك احشويروش لاستير الملكة بيت هامان عدو اليهود واتى مردخاي الى امام الملك لان استير اخبرته بما هو لها.و نزع الملك خاتمه الذي اخذه من هامان واعطاه لمردخاي واقامت استير مردخاي على بيت هامان.
أستير,8,96,"الإصحاح الثامن الآيات 2\'a1 1:- في ذلك اليوم اعطى الملك احشويروش لاستير الملكة بيت هامان عدو اليهود واتى مردخاي الى امام الملك لان استير اخبرته بما هو لها.و نزع الملك خاتمه الذي اخذه من هامان واعطاه لمردخاي واقامت استير مردخاي على بيت هامان.
أستير,8,97,"الإصحاح الثامن الآيات 2\'a1 1:- في ذلك اليوم اعطى الملك احشويروش لاستير الملكة بيت هامان عدو اليهود واتى مردخاي الى امام الملك لان استير اخبرته بما هو لها.و نزع الملك خاتمه الذي اخذه من هامان واعطاه لمردخاي واقامت استير مردخاي على بيت هامان.
أستير,8,98,"الإصحاح الثامن الآيات 2\'a1 1:- في ذلك اليوم اعطى الملك احشويروش لاستير الملكة بيت هامان عدو اليهود واتى مردخاي الى امام الملك لان استير اخبرته بما هو لها.و نزع الملك خاتمه الذي اخذه من هامان واعطاه لمردخاي واقامت استير مردخاي على بيت هامان.
أستير,8,99,"الإصحاح الثامن الآيات 2\'a1 1:- في ذلك اليوم اعطى الملك احشويروش لاستير الملكة بيت هامان عدو اليهود واتى مردخاي الى امام الملك لان استير اخبرته بما هو لها.و نزع الملك خاتمه الذي اخذه من هامان واعطاه لمردخاي واقامت استير مردخاي على بيت هامان.
أستير,9,1,"الإصحاح التاسع وصل لكل الكور منشوران ملكيان:
أستير,9,2,"الإصحاح التاسع وصل لكل الكور منشوران ملكيان:
أستير,9,3,"الإصحاح التاسع وصل لكل الكور منشوران ملكيان:
أستير,9,4,"الإصحاح التاسع وصل لكل الكور منشوران ملكيان:
أستير,9,5,"الإصحاح التاسع وصل لكل الكور منشوران ملكيان:
أستير,9,6,"الإصحاح التاسع وصل لكل الكور منشوران ملكيان:
أستير,9,7,"الإصحاح التاسع وصل لكل الكور منشوران ملكيان:
أستير,9,8,"الإصحاح التاسع وصل لكل الكور منشوران ملكيان:
أستير,9,9,"الإصحاح التاسع وصل لكل الكور منشوران ملكيان:
أستير,9,10,"الإصحاح التاسع وصل لكل الكور منشوران ملكيان:
أستير,9,11,"الإصحاح التاسع وصل لكل الكور منشوران ملكيان:
أستير,9,12,"الإصحاح التاسع وصل لكل الكور منشوران ملكيان:
أستير,9,13,"الإصحاح التاسع وصل لكل الكور منشوران ملكيان:
أستير,9,14,"الإصحاح التاسع وصل لكل الكور منشوران ملكيان:
أستير,9,15,"الإصحاح التاسع وصل لكل الكور منشوران ملكيان:
أستير,9,16,"الإصحاح التاسع وصل لكل الكور منشوران ملكيان:
أستير,9,17,"الإصحاح التاسع وصل لكل الكور منشوران ملكيان:
أستير,9,18,"الإصحاح التاسع وصل لكل الكور منشوران ملكيان:
أستير,9,19,"الإصحاح التاسع وصل لكل الكور منشوران ملكيان:
أستير,9,20,"الإصحاح التاسع وصل لكل الكور منشوران ملكيان:
أستير,9,21,"الإصحاح التاسع وصل لكل الكور منشوران ملكيان:
أستير,9,22,"الإصحاح التاسع وصل لكل الكور منشوران ملكيان:
أستير,9,23,"الإصحاح التاسع وصل لكل الكور منشوران ملكيان:
أستير,9,24,"الإصحاح التاسع وصل لكل الكور منشوران ملكيان:
أستير,9,25,"الإصحاح التاسع وصل لكل الكور منشوران ملكيان:
أستير,9,26,"الإصحاح التاسع وصل لكل الكور منشوران ملكيان:
أستير,9,27,"الإصحاح التاسع وصل لكل الكور منشوران ملكيان:
أستير,9,28,"الإصحاح التاسع وصل لكل الكور منشوران ملكيان:
أستير,9,29,"الإصحاح التاسع وصل لكل الكور منشوران ملكيان:
أستير,9,30,"الإصحاح التاسع وصل لكل الكور منشوران ملكيان:
أستير,9,31,"الإصحاح التاسع وصل لكل الكور منشوران ملكيان:
أستير,9,32,"الإصحاح التاسع وصل لكل الكور منشوران ملكيان:
أستير,9,33,"الإصحاح التاسع وصل لكل الكور منشوران ملكيان:
أستير,9,34,"الإصحاح التاسع وصل لكل الكور منشوران ملكيان:
أستير,9,35,"الإصحاح التاسع وصل لكل الكور منشوران ملكيان:
أستير,9,36,"الإصحاح التاسع وصل لكل الكور منشوران ملكيان:
أستير,9,37,"الإصحاح التاسع وصل لكل الكور منشوران ملكيان:
أستير,9,38,"الإصحاح التاسع وصل لكل الكور منشوران ملكيان:
أستير,9,39,"الإصحاح التاسع وصل لكل الكور منشوران ملكيان:
أستير,9,40,"الإصحاح التاسع وصل لكل الكور منشوران ملكيان:
أستير,9,41,"الإصحاح التاسع وصل لكل الكور منشوران ملكيان:
أستير,9,42,"الإصحاح التاسع وصل لكل الكور منشوران ملكيان:
أستير,9,43,"الإصحاح التاسع وصل لكل الكور منشوران ملكيان:
أستير,9,44,"الإصحاح التاسع وصل لكل الكور منشوران ملكيان:
أستير,9,45,"الإصحاح التاسع وصل لكل الكور منشوران ملكيان:
أستير,9,46,"الإصحاح التاسع وصل لكل الكور منشوران ملكيان:
أستير,9,47,"الإصحاح التاسع وصل لكل الكور منشوران ملكيان:
أستير,9,48,"الإصحاح التاسع وصل لكل الكور منشوران ملكيان:
أستير,9,49,"الإصحاح التاسع وصل لكل الكور منشوران ملكيان:
أستير,9,50,"الإصحاح التاسع وصل لكل الكور منشوران ملكيان:
أستير,9,51,"الإصحاح التاسع وصل لكل الكور منشوران ملكيان:
أستير,9,52,"الإصحاح التاسع وصل لكل الكور منشوران ملكيان:
أستير,9,53,"الإصحاح التاسع وصل لكل الكور منشوران ملكيان:
أستير,9,54,"الإصحاح التاسع وصل لكل الكور منشوران ملكيان:
أستير,9,55,"الإصحاح التاسع وصل لكل الكور منشوران ملكيان:
أستير,9,56,"الإصحاح التاسع وصل لكل الكور منشوران ملكيان:
أستير,9,57,"الإصحاح التاسع وصل لكل الكور منشوران ملكيان:
أستير,9,58,"الإصحاح التاسع وصل لكل الكور منشوران ملكيان:
أستير,9,59,"الإصحاح التاسع وصل لكل الكور منشوران ملكيان:
أستير,9,60,"الإصحاح التاسع وصل لكل الكور منشوران ملكيان:
أستير,9,61,"الإصحاح التاسع وصل لكل الكور منشوران ملكيان:
أستير,9,62,"الإصحاح التاسع وصل لكل الكور منشوران ملكيان:
أستير,9,63,"الإصحاح التاسع وصل لكل الكور منشوران ملكيان:
أستير,9,64,"الإصحاح التاسع وصل لكل الكور منشوران ملكيان:
أستير,9,65,"الإصحاح التاسع وصل لكل الكور منشوران ملكيان:
أستير,9,66,"الإصحاح التاسع وصل لكل الكور منشوران ملكيان:
أستير,9,67,"الإصحاح التاسع وصل لكل الكور منشوران ملكيان:
أستير,9,68,"الإصحاح التاسع وصل لكل الكور منشوران ملكيان:
أستير,9,69,"الإصحاح التاسع وصل لكل الكور منشوران ملكيان:
أستير,9,70,"الإصحاح التاسع وصل لكل الكور منشوران ملكيان:
أستير,9,71,"الإصحاح التاسع وصل لكل الكور منشوران ملكيان:
أستير,9,72,"الإصحاح التاسع وصل لكل الكور منشوران ملكيان:
أستير,9,73,"الإصحاح التاسع وصل لكل الكور منشوران ملكيان:
أستير,9,74,"الإصحاح التاسع وصل لكل الكور منشوران ملكيان:
أستير,9,75,"الإصحاح التاسع وصل لكل الكور منشوران ملكيان:
أستير,9,76,"الإصحاح التاسع وصل لكل الكور منشوران ملكيان:
أستير,9,77,"الإصحاح التاسع وصل لكل الكور منشوران ملكيان:
أستير,9,78,"الإصحاح التاسع وصل لكل الكور منشوران ملكيان:
أستير,9,79,"الإصحاح التاسع وصل لكل الكور منشوران ملكيان:
أستير,9,80,"الإصحاح التاسع وصل لكل الكور منشوران ملكيان:
أستير,9,81,"الإصحاح التاسع وصل لكل الكور منشوران ملكيان:
أستير,9,82,"الإصحاح التاسع وصل لكل الكور منشوران ملكيان:
أستير,9,83,"الإصحاح التاسع وصل لكل الكور منشوران ملكيان:
أستير,9,84,"الإصحاح التاسع وصل لكل الكور منشوران ملكيان:
أستير,9,85,"الإصحاح التاسع وصل لكل الكور منشوران ملكيان:
أستير,9,86,"الإصحاح التاسع وصل لكل الكور منشوران ملكيان:
أستير,9,87,"الإصحاح التاسع وصل لكل الكور منشوران ملكيان:
أستير,9,88,"الإصحاح التاسع وصل لكل الكور منشوران ملكيان:
أستير,9,89,"الإصحاح التاسع وصل لكل الكور منشوران ملكيان:
أستير,9,90,"الإصحاح التاسع وصل لكل الكور منشوران ملكيان:
أستير,9,91,"الإصحاح التاسع وصل لكل الكور منشوران ملكيان:
أستير,9,92,"الإصحاح التاسع وصل لكل الكور منشوران ملكيان:
أستير,9,93,"الإصحاح التاسع وصل لكل الكور منشوران ملكيان:
أستير,9,94,"الإصحاح التاسع وصل لكل الكور منشوران ملكيان:
أستير,9,95,"الإصحاح التاسع وصل لكل الكور منشوران ملكيان:
أستير,9,96,"الإصحاح التاسع وصل لكل الكور منشوران ملكيان:
أستير,9,97,"الإصحاح التاسع وصل لكل الكور منشوران ملكيان:
أستير,9,98,"الإصحاح التاسع وصل لكل الكور منشوران ملكيان:
أستير,9,99,"الإصحاح التاسع وصل لكل الكور منشوران ملكيان:
أستير,10,1,"الإصحاح العاشر قدم لنا هذا الإصحاح صورة عن عظمة أحشويروش الذى خضعت له كور كثيرة تقدم لهُ الجزية. وهذا مذكور هنا ليعرف القارىء عظمة وزيره مردخاى الرجل الثانى لهُ. وقول الكتاب عظيماً بين اليهود يدل على أنه إستمر ملتصقاً بشعبه البسيط ولم يستعلى منفصلاً عنهم. وكان سر عظمته هو إتساع قلبه بالحب لإخوته\'a1 ولقد صار مردخاى بركة لجيله وللأجيال التى جاءت بعده.
أستير,10,2,"الإصحاح العاشر قدم لنا هذا الإصحاح صورة عن عظمة أحشويروش الذى خضعت له كور كثيرة تقدم لهُ الجزية. وهذا مذكور هنا ليعرف القارىء عظمة وزيره مردخاى الرجل الثانى لهُ. وقول الكتاب عظيماً بين اليهود يدل على أنه إستمر ملتصقاً بشعبه البسيط ولم يستعلى منفصلاً عنهم. وكان سر عظمته هو إتساع قلبه بالحب لإخوته\'a1 ولقد صار مردخاى بركة لجيله وللأجيال التى جاءت بعده.
أستير,10,3,"الإصحاح العاشر قدم لنا هذا الإصحاح صورة عن عظمة أحشويروش الذى خضعت له كور كثيرة تقدم لهُ الجزية. وهذا مذكور هنا ليعرف القارىء عظمة وزيره مردخاى الرجل الثانى لهُ. وقول الكتاب عظيماً بين اليهود يدل على أنه إستمر ملتصقاً بشعبه البسيط ولم يستعلى منفصلاً عنهم. وكان سر عظمته هو إتساع قلبه بالحب لإخوته\'a1 ولقد صار مردخاى بركة لجيله وللأجيال التى جاءت بعده.
أستير,10,4,"الإصحاح العاشر قدم لنا هذا الإصحاح صورة عن عظمة أحشويروش الذى خضعت له كور كثيرة تقدم لهُ الجزية. وهذا مذكور هنا ليعرف القارىء عظمة وزيره مردخاى الرجل الثانى لهُ. وقول الكتاب عظيماً بين اليهود يدل على أنه إستمر ملتصقاً بشعبه البسيط ولم يستعلى منفصلاً عنهم. وكان سر عظمته هو إتساع قلبه بالحب لإخوته\'a1 ولقد صار مردخاى بركة لجيله وللأجيال التى جاءت بعده.
أستير,10,5,"الإصحاح العاشر قدم لنا هذا الإصحاح صورة عن عظمة أحشويروش الذى خضعت له كور كثيرة تقدم لهُ الجزية. وهذا مذكور هنا ليعرف القارىء عظمة وزيره مردخاى الرجل الثانى لهُ. وقول الكتاب عظيماً بين اليهود يدل على أنه إستمر ملتصقاً بشعبه البسيط ولم يستعلى منفصلاً عنهم. وكان سر عظمته هو إتساع قلبه بالحب لإخوته\'a1 ولقد صار مردخاى بركة لجيله وللأجيال التى جاءت بعده.
أستير,10,6,"الإصحاح العاشر قدم لنا هذا الإصحاح صورة عن عظمة أحشويروش الذى خضعت له كور كثيرة تقدم لهُ الجزية. وهذا مذكور هنا ليعرف القارىء عظمة وزيره مردخاى الرجل الثانى لهُ. وقول الكتاب عظيماً بين اليهود يدل على أنه إستمر ملتصقاً بشعبه البسيط ولم يستعلى منفصلاً عنهم. وكان سر عظمته هو إتساع قلبه بالحب لإخوته\'a1 ولقد صار مردخاى بركة لجيله وللأجيال التى جاءت بعده.
أستير,10,7,"الإصحاح العاشر قدم لنا هذا الإصحاح صورة عن عظمة أحشويروش الذى خضعت له كور كثيرة تقدم لهُ الجزية. وهذا مذكور هنا ليعرف القارىء عظمة وزيره مردخاى الرجل الثانى لهُ. وقول الكتاب عظيماً بين اليهود يدل على أنه إستمر ملتصقاً بشعبه البسيط ولم يستعلى منفصلاً عنهم. وكان سر عظمته هو إتساع قلبه بالحب لإخوته\'a1 ولقد صار مردخاى بركة لجيله وللأجيال التى جاءت بعده.
أستير,10,8,"الإصحاح العاشر قدم لنا هذا الإصحاح صورة عن عظمة أحشويروش الذى خضعت له كور كثيرة تقدم لهُ الجزية. وهذا مذكور هنا ليعرف القارىء عظمة وزيره مردخاى الرجل الثانى لهُ. وقول الكتاب عظيماً بين اليهود يدل على أنه إستمر ملتصقاً بشعبه البسيط ولم يستعلى منفصلاً عنهم. وكان سر عظمته هو إتساع قلبه بالحب لإخوته\'a1 ولقد صار مردخاى بركة لجيله وللأجيال التى جاءت بعده.
أستير,10,9,"الإصحاح العاشر قدم لنا هذا الإصحاح صورة عن عظمة أحشويروش الذى خضعت له كور كثيرة تقدم لهُ الجزية. وهذا مذكور هنا ليعرف القارىء عظمة وزيره مردخاى الرجل الثانى لهُ. وقول الكتاب عظيماً بين اليهود يدل على أنه إستمر ملتصقاً بشعبه البسيط ولم يستعلى منفصلاً عنهم. وكان سر عظمته هو إتساع قلبه بالحب لإخوته\'a1 ولقد صار مردخاى بركة لجيله وللأجيال التى جاءت بعده.
أستير,10,10,"الإصحاح العاشر قدم لنا هذا الإصحاح صورة عن عظمة أحشويروش الذى خضعت له كور كثيرة تقدم لهُ الجزية. وهذا مذكور هنا ليعرف القارىء عظمة وزيره مردخاى الرجل الثانى لهُ. وقول الكتاب عظيماً بين اليهود يدل على أنه إستمر ملتصقاً بشعبه البسيط ولم يستعلى منفصلاً عنهم. وكان سر عظمته هو إتساع قلبه بالحب لإخوته\'a1 ولقد صار مردخاى بركة لجيله وللأجيال التى جاءت بعده.
أستير,10,11,"الإصحاح العاشر قدم لنا هذا الإصحاح صورة عن عظمة أحشويروش الذى خضعت له كور كثيرة تقدم لهُ الجزية. وهذا مذكور هنا ليعرف القارىء عظمة وزيره مردخاى الرجل الثانى لهُ. وقول الكتاب عظيماً بين اليهود يدل على أنه إستمر ملتصقاً بشعبه البسيط ولم يستعلى منفصلاً عنهم. وكان سر عظمته هو إتساع قلبه بالحب لإخوته\'a1 ولقد صار مردخاى بركة لجيله وللأجيال التى جاءت بعده.
أستير,10,12,"الإصحاح العاشر قدم لنا هذا الإصحاح صورة عن عظمة أحشويروش الذى خضعت له كور كثيرة تقدم لهُ الجزية. وهذا مذكور هنا ليعرف القارىء عظمة وزيره مردخاى الرجل الثانى لهُ. وقول الكتاب عظيماً بين اليهود يدل على أنه إستمر ملتصقاً بشعبه البسيط ولم يستعلى منفصلاً عنهم. وكان سر عظمته هو إتساع قلبه بالحب لإخوته\'a1 ولقد صار مردخاى بركة لجيله وللأجيال التى جاءت بعده.
أستير,10,13,"الإصحاح العاشر قدم لنا هذا الإصحاح صورة عن عظمة أحشويروش الذى خضعت له كور كثيرة تقدم لهُ الجزية. وهذا مذكور هنا ليعرف القارىء عظمة وزيره مردخاى الرجل الثانى لهُ. وقول الكتاب عظيماً بين اليهود يدل على أنه إستمر ملتصقاً بشعبه البسيط ولم يستعلى منفصلاً عنهم. وكان سر عظمته هو إتساع قلبه بالحب لإخوته\'a1 ولقد صار مردخاى بركة لجيله وللأجيال التى جاءت بعده.
أستير,10,14,"الإصحاح العاشر قدم لنا هذا الإصحاح صورة عن عظمة أحشويروش الذى خضعت له كور كثيرة تقدم لهُ الجزية. وهذا مذكور هنا ليعرف القارىء عظمة وزيره مردخاى الرجل الثانى لهُ. وقول الكتاب عظيماً بين اليهود يدل على أنه إستمر ملتصقاً بشعبه البسيط ولم يستعلى منفصلاً عنهم. وكان سر عظمته هو إتساع قلبه بالحب لإخوته\'a1 ولقد صار مردخاى بركة لجيله وللأجيال التى جاءت بعده.
أستير,10,15,"الإصحاح العاشر قدم لنا هذا الإصحاح صورة عن عظمة أحشويروش الذى خضعت له كور كثيرة تقدم لهُ الجزية. وهذا مذكور هنا ليعرف القارىء عظمة وزيره مردخاى الرجل الثانى لهُ. وقول الكتاب عظيماً بين اليهود يدل على أنه إستمر ملتصقاً بشعبه البسيط ولم يستعلى منفصلاً عنهم. وكان سر عظمته هو إتساع قلبه بالحب لإخوته\'a1 ولقد صار مردخاى بركة لجيله وللأجيال التى جاءت بعده.
أستير,10,16,"الإصحاح العاشر قدم لنا هذا الإصحاح صورة عن عظمة أحشويروش الذى خضعت له كور كثيرة تقدم لهُ الجزية. وهذا مذكور هنا ليعرف القارىء عظمة وزيره مردخاى الرجل الثانى لهُ. وقول الكتاب عظيماً بين اليهود يدل على أنه إستمر ملتصقاً بشعبه البسيط ولم يستعلى منفصلاً عنهم. وكان سر عظمته هو إتساع قلبه بالحب لإخوته\'a1 ولقد صار مردخاى بركة لجيله وللأجيال التى جاءت بعده.
أستير,10,17,"الإصحاح العاشر قدم لنا هذا الإصحاح صورة عن عظمة أحشويروش الذى خضعت له كور كثيرة تقدم لهُ الجزية. وهذا مذكور هنا ليعرف القارىء عظمة وزيره مردخاى الرجل الثانى لهُ. وقول الكتاب عظيماً بين اليهود يدل على أنه إستمر ملتصقاً بشعبه البسيط ولم يستعلى منفصلاً عنهم. وكان سر عظمته هو إتساع قلبه بالحب لإخوته\'a1 ولقد صار مردخاى بركة لجيله وللأجيال التى جاءت بعده.
أستير,10,18,"الإصحاح العاشر قدم لنا هذا الإصحاح صورة عن عظمة أحشويروش الذى خضعت له كور كثيرة تقدم لهُ الجزية. وهذا مذكور هنا ليعرف القارىء عظمة وزيره مردخاى الرجل الثانى لهُ. وقول الكتاب عظيماً بين اليهود يدل على أنه إستمر ملتصقاً بشعبه البسيط ولم يستعلى منفصلاً عنهم. وكان سر عظمته هو إتساع قلبه بالحب لإخوته\'a1 ولقد صار مردخاى بركة لجيله وللأجيال التى جاءت بعده.
أستير,10,19,"الإصحاح العاشر قدم لنا هذا الإصحاح صورة عن عظمة أحشويروش الذى خضعت له كور كثيرة تقدم لهُ الجزية. وهذا مذكور هنا ليعرف القارىء عظمة وزيره مردخاى الرجل الثانى لهُ. وقول الكتاب عظيماً بين اليهود يدل على أنه إستمر ملتصقاً بشعبه البسيط ولم يستعلى منفصلاً عنهم. وكان سر عظمته هو إتساع قلبه بالحب لإخوته\'a1 ولقد صار مردخاى بركة لجيله وللأجيال التى جاءت بعده.
أستير,10,20,"الإصحاح العاشر قدم لنا هذا الإصحاح صورة عن عظمة أحشويروش الذى خضعت له كور كثيرة تقدم لهُ الجزية. وهذا مذكور هنا ليعرف القارىء عظمة وزيره مردخاى الرجل الثانى لهُ. وقول الكتاب عظيماً بين اليهود يدل على أنه إستمر ملتصقاً بشعبه البسيط ولم يستعلى منفصلاً عنهم. وكان سر عظمته هو إتساع قلبه بالحب لإخوته\'a1 ولقد صار مردخاى بركة لجيله وللأجيال التى جاءت بعده.
أستير,10,21,"الإصحاح العاشر قدم لنا هذا الإصحاح صورة عن عظمة أحشويروش الذى خضعت له كور كثيرة تقدم لهُ الجزية. وهذا مذكور هنا ليعرف القارىء عظمة وزيره مردخاى الرجل الثانى لهُ. وقول الكتاب عظيماً بين اليهود يدل على أنه إستمر ملتصقاً بشعبه البسيط ولم يستعلى منفصلاً عنهم. وكان سر عظمته هو إتساع قلبه بالحب لإخوته\'a1 ولقد صار مردخاى بركة لجيله وللأجيال التى جاءت بعده.
أستير,10,22,"الإصحاح العاشر قدم لنا هذا الإصحاح صورة عن عظمة أحشويروش الذى خضعت له كور كثيرة تقدم لهُ الجزية. وهذا مذكور هنا ليعرف القارىء عظمة وزيره مردخاى الرجل الثانى لهُ. وقول الكتاب عظيماً بين اليهود يدل على أنه إستمر ملتصقاً بشعبه البسيط ولم يستعلى منفصلاً عنهم. وكان سر عظمته هو إتساع قلبه بالحب لإخوته\'a1 ولقد صار مردخاى بركة لجيله وللأجيال التى جاءت بعده.
أستير,10,23,"الإصحاح العاشر قدم لنا هذا الإصحاح صورة عن عظمة أحشويروش الذى خضعت له كور كثيرة تقدم لهُ الجزية. وهذا مذكور هنا ليعرف القارىء عظمة وزيره مردخاى الرجل الثانى لهُ. وقول الكتاب عظيماً بين اليهود يدل على أنه إستمر ملتصقاً بشعبه البسيط ولم يستعلى منفصلاً عنهم. وكان سر عظمته هو إتساع قلبه بالحب لإخوته\'a1 ولقد صار مردخاى بركة لجيله وللأجيال التى جاءت بعده.
أستير,10,24,"الإصحاح العاشر قدم لنا هذا الإصحاح صورة عن عظمة أحشويروش الذى خضعت له كور كثيرة تقدم لهُ الجزية. وهذا مذكور هنا ليعرف القارىء عظمة وزيره مردخاى الرجل الثانى لهُ. وقول الكتاب عظيماً بين اليهود يدل على أنه إستمر ملتصقاً بشعبه البسيط ولم يستعلى منفصلاً عنهم. وكان سر عظمته هو إتساع قلبه بالحب لإخوته\'a1 ولقد صار مردخاى بركة لجيله وللأجيال التى جاءت بعده.
أستير,10,25,"الإصحاح العاشر قدم لنا هذا الإصحاح صورة عن عظمة أحشويروش الذى خضعت له كور كثيرة تقدم لهُ الجزية. وهذا مذكور هنا ليعرف القارىء عظمة وزيره مردخاى الرجل الثانى لهُ. وقول الكتاب عظيماً بين اليهود يدل على أنه إستمر ملتصقاً بشعبه البسيط ولم يستعلى منفصلاً عنهم. وكان سر عظمته هو إتساع قلبه بالحب لإخوته\'a1 ولقد صار مردخاى بركة لجيله وللأجيال التى جاءت بعده.
أستير,10,26,"الإصحاح العاشر قدم لنا هذا الإصحاح صورة عن عظمة أحشويروش الذى خضعت له كور كثيرة تقدم لهُ الجزية. وهذا مذكور هنا ليعرف القارىء عظمة وزيره مردخاى الرجل الثانى لهُ. وقول الكتاب عظيماً بين اليهود يدل على أنه إستمر ملتصقاً بشعبه البسيط ولم يستعلى منفصلاً عنهم. وكان سر عظمته هو إتساع قلبه بالحب لإخوته\'a1 ولقد صار مردخاى بركة لجيله وللأجيال التى جاءت بعده.
أستير,10,27,"الإصحاح العاشر قدم لنا هذا الإصحاح صورة عن عظمة أحشويروش الذى خضعت له كور كثيرة تقدم لهُ الجزية. وهذا مذكور هنا ليعرف القارىء عظمة وزيره مردخاى الرجل الثانى لهُ. وقول الكتاب عظيماً بين اليهود يدل على أنه إستمر ملتصقاً بشعبه البسيط ولم يستعلى منفصلاً عنهم. وكان سر عظمته هو إتساع قلبه بالحب لإخوته\'a1 ولقد صار مردخاى بركة لجيله وللأجيال التى جاءت بعده.
أستير,10,28,"الإصحاح العاشر قدم لنا هذا الإصحاح صورة عن عظمة أحشويروش الذى خضعت له كور كثيرة تقدم لهُ الجزية. وهذا مذكور هنا ليعرف القارىء عظمة وزيره مردخاى الرجل الثانى لهُ. وقول الكتاب عظيماً بين اليهود يدل على أنه إستمر ملتصقاً بشعبه البسيط ولم يستعلى منفصلاً عنهم. وكان سر عظمته هو إتساع قلبه بالحب لإخوته\'a1 ولقد صار مردخاى بركة لجيله وللأجيال التى جاءت بعده.
أستير,10,29,"الإصحاح العاشر قدم لنا هذا الإصحاح صورة عن عظمة أحشويروش الذى خضعت له كور كثيرة تقدم لهُ الجزية. وهذا مذكور هنا ليعرف القارىء عظمة وزيره مردخاى الرجل الثانى لهُ. وقول الكتاب عظيماً بين اليهود يدل على أنه إستمر ملتصقاً بشعبه البسيط ولم يستعلى منفصلاً عنهم. وكان سر عظمته هو إتساع قلبه بالحب لإخوته\'a1 ولقد صار مردخاى بركة لجيله وللأجيال التى جاءت بعده.
أستير,10,30,"الإصحاح العاشر قدم لنا هذا الإصحاح صورة عن عظمة أحشويروش الذى خضعت له كور كثيرة تقدم لهُ الجزية. وهذا مذكور هنا ليعرف القارىء عظمة وزيره مردخاى الرجل الثانى لهُ. وقول الكتاب عظيماً بين اليهود يدل على أنه إستمر ملتصقاً بشعبه البسيط ولم يستعلى منفصلاً عنهم. وكان سر عظمته هو إتساع قلبه بالحب لإخوته\'a1 ولقد صار مردخاى بركة لجيله وللأجيال التى جاءت بعده.
أستير,10,31,"الإصحاح العاشر قدم لنا هذا الإصحاح صورة عن عظمة أحشويروش الذى خضعت له كور كثيرة تقدم لهُ الجزية. وهذا مذكور هنا ليعرف القارىء عظمة وزيره مردخاى الرجل الثانى لهُ. وقول الكتاب عظيماً بين اليهود يدل على أنه إستمر ملتصقاً بشعبه البسيط ولم يستعلى منفصلاً عنهم. وكان سر عظمته هو إتساع قلبه بالحب لإخوته\'a1 ولقد صار مردخاى بركة لجيله وللأجيال التى جاءت بعده.
أستير,10,32,"الإصحاح العاشر قدم لنا هذا الإصحاح صورة عن عظمة أحشويروش الذى خضعت له كور كثيرة تقدم لهُ الجزية. وهذا مذكور هنا ليعرف القارىء عظمة وزيره مردخاى الرجل الثانى لهُ. وقول الكتاب عظيماً بين اليهود يدل على أنه إستمر ملتصقاً بشعبه البسيط ولم يستعلى منفصلاً عنهم. وكان سر عظمته هو إتساع قلبه بالحب لإخوته\'a1 ولقد صار مردخاى بركة لجيله وللأجيال التى جاءت بعده.
أستير,10,33,"الإصحاح العاشر قدم لنا هذا الإصحاح صورة عن عظمة أحشويروش الذى خضعت له كور كثيرة تقدم لهُ الجزية. وهذا مذكور هنا ليعرف القارىء عظمة وزيره مردخاى الرجل الثانى لهُ. وقول الكتاب عظيماً بين اليهود يدل على أنه إستمر ملتصقاً بشعبه البسيط ولم يستعلى منفصلاً عنهم. وكان سر عظمته هو إتساع قلبه بالحب لإخوته\'a1 ولقد صار مردخاى بركة لجيله وللأجيال التى جاءت بعده.
أستير,10,34,"الإصحاح العاشر قدم لنا هذا الإصحاح صورة عن عظمة أحشويروش الذى خضعت له كور كثيرة تقدم لهُ الجزية. وهذا مذكور هنا ليعرف القارىء عظمة وزيره مردخاى الرجل الثانى لهُ. وقول الكتاب عظيماً بين اليهود يدل على أنه إستمر ملتصقاً بشعبه البسيط ولم يستعلى منفصلاً عنهم. وكان سر عظمته هو إتساع قلبه بالحب لإخوته\'a1 ولقد صار مردخاى بركة لجيله وللأجيال التى جاءت بعده.
أستير,10,35,"الإصحاح العاشر قدم لنا هذا الإصحاح صورة عن عظمة أحشويروش الذى خضعت له كور كثيرة تقدم لهُ الجزية. وهذا مذكور هنا ليعرف القارىء عظمة وزيره مردخاى الرجل الثانى لهُ. وقول الكتاب عظيماً بين اليهود يدل على أنه إستمر ملتصقاً بشعبه البسيط ولم يستعلى منفصلاً عنهم. وكان سر عظمته هو إتساع قلبه بالحب لإخوته\'a1 ولقد صار مردخاى بركة لجيله وللأجيال التى جاءت بعده.
أستير,10,36,"الإصحاح العاشر قدم لنا هذا الإصحاح صورة عن عظمة أحشويروش الذى خضعت له كور كثيرة تقدم لهُ الجزية. وهذا مذكور هنا ليعرف القارىء عظمة وزيره مردخاى الرجل الثانى لهُ. وقول الكتاب عظيماً بين اليهود يدل على أنه إستمر ملتصقاً بشعبه البسيط ولم يستعلى منفصلاً عنهم. وكان سر عظمته هو إتساع قلبه بالحب لإخوته\'a1 ولقد صار مردخاى بركة لجيله وللأجيال التى جاءت بعده.
أستير,10,37,"الإصحاح العاشر قدم لنا هذا الإصحاح صورة عن عظمة أحشويروش الذى خضعت له كور كثيرة تقدم لهُ الجزية. وهذا مذكور هنا ليعرف القارىء عظمة وزيره مردخاى الرجل الثانى لهُ. وقول الكتاب عظيماً بين اليهود يدل على أنه إستمر ملتصقاً بشعبه البسيط ولم يستعلى منفصلاً عنهم. وكان سر عظمته هو إتساع قلبه بالحب لإخوته\'a1 ولقد صار مردخاى بركة لجيله وللأجيال التى جاءت بعده.
أستير,10,38,"الإصحاح العاشر قدم لنا هذا الإصحاح صورة عن عظمة أحشويروش الذى خضعت له كور كثيرة تقدم لهُ الجزية. وهذا مذكور هنا ليعرف القارىء عظمة وزيره مردخاى الرجل الثانى لهُ. وقول الكتاب عظيماً بين اليهود يدل على أنه إستمر ملتصقاً بشعبه البسيط ولم يستعلى منفصلاً عنهم. وكان سر عظمته هو إتساع قلبه بالحب لإخوته\'a1 ولقد صار مردخاى بركة لجيله وللأجيال التى جاءت بعده.
أستير,10,39,"الإصحاح العاشر قدم لنا هذا الإصحاح صورة عن عظمة أحشويروش الذى خضعت له كور كثيرة تقدم لهُ الجزية. وهذا مذكور هنا ليعرف القارىء عظمة وزيره مردخاى الرجل الثانى لهُ. وقول الكتاب عظيماً بين اليهود يدل على أنه إستمر ملتصقاً بشعبه البسيط ولم يستعلى منفصلاً عنهم. وكان سر عظمته هو إتساع قلبه بالحب لإخوته\'a1 ولقد صار مردخاى بركة لجيله وللأجيال التى جاءت بعده.
أستير,10,40,"الإصحاح العاشر قدم لنا هذا الإصحاح صورة عن عظمة أحشويروش الذى خضعت له كور كثيرة تقدم لهُ الجزية. وهذا مذكور هنا ليعرف القارىء عظمة وزيره مردخاى الرجل الثانى لهُ. وقول الكتاب عظيماً بين اليهود يدل على أنه إستمر ملتصقاً بشعبه البسيط ولم يستعلى منفصلاً عنهم. وكان سر عظمته هو إتساع قلبه بالحب لإخوته\'a1 ولقد صار مردخاى بركة لجيله وللأجيال التى جاءت بعده.
أستير,10,41,"الإصحاح العاشر قدم لنا هذا الإصحاح صورة عن عظمة أحشويروش الذى خضعت له كور كثيرة تقدم لهُ الجزية. وهذا مذكور هنا ليعرف القارىء عظمة وزيره مردخاى الرجل الثانى لهُ. وقول الكتاب عظيماً بين اليهود يدل على أنه إستمر ملتصقاً بشعبه البسيط ولم يستعلى منفصلاً عنهم. وكان سر عظمته هو إتساع قلبه بالحب لإخوته\'a1 ولقد صار مردخاى بركة لجيله وللأجيال التى جاءت بعده.
أستير,10,42,"الإصحاح العاشر قدم لنا هذا الإصحاح صورة عن عظمة أحشويروش الذى خضعت له كور كثيرة تقدم لهُ الجزية. وهذا مذكور هنا ليعرف القارىء عظمة وزيره مردخاى الرجل الثانى لهُ. وقول الكتاب عظيماً بين اليهود يدل على أنه إستمر ملتصقاً بشعبه البسيط ولم يستعلى منفصلاً عنهم. وكان سر عظمته هو إتساع قلبه بالحب لإخوته\'a1 ولقد صار مردخاى بركة لجيله وللأجيال التى جاءت بعده.
أستير,10,43,"الإصحاح العاشر قدم لنا هذا الإصحاح صورة عن عظمة أحشويروش الذى خضعت له كور كثيرة تقدم لهُ الجزية. وهذا مذكور هنا ليعرف القارىء عظمة وزيره مردخاى الرجل الثانى لهُ. وقول الكتاب عظيماً بين اليهود يدل على أنه إستمر ملتصقاً بشعبه البسيط ولم يستعلى منفصلاً عنهم. وكان سر عظمته هو إتساع قلبه بالحب لإخوته\'a1 ولقد صار مردخاى بركة لجيله وللأجيال التى جاءت بعده.
أستير,10,44,"الإصحاح العاشر قدم لنا هذا الإصحاح صورة عن عظمة أحشويروش الذى خضعت له كور كثيرة تقدم لهُ الجزية. وهذا مذكور هنا ليعرف القارىء عظمة وزيره مردخاى الرجل الثانى لهُ. وقول الكتاب عظيماً بين اليهود يدل على أنه إستمر ملتصقاً بشعبه البسيط ولم يستعلى منفصلاً عنهم. وكان سر عظمته هو إتساع قلبه بالحب لإخوته\'a1 ولقد صار مردخاى بركة لجيله وللأجيال التى جاءت بعده.
أستير,10,45,"الإصحاح العاشر قدم لنا هذا الإصحاح صورة عن عظمة أحشويروش الذى خضعت له كور كثيرة تقدم لهُ الجزية. وهذا مذكور هنا ليعرف القارىء عظمة وزيره مردخاى الرجل الثانى لهُ. وقول الكتاب عظيماً بين اليهود يدل على أنه إستمر ملتصقاً بشعبه البسيط ولم يستعلى منفصلاً عنهم. وكان سر عظمته هو إتساع قلبه بالحب لإخوته\'a1 ولقد صار مردخاى بركة لجيله وللأجيال التى جاءت بعده.
أستير,10,46,"الإصحاح العاشر قدم لنا هذا الإصحاح صورة عن عظمة أحشويروش الذى خضعت له كور كثيرة تقدم لهُ الجزية. وهذا مذكور هنا ليعرف القارىء عظمة وزيره مردخاى الرجل الثانى لهُ. وقول الكتاب عظيماً بين اليهود يدل على أنه إستمر ملتصقاً بشعبه البسيط ولم يستعلى منفصلاً عنهم. وكان سر عظمته هو إتساع قلبه بالحب لإخوته\'a1 ولقد صار مردخاى بركة لجيله وللأجيال التى جاءت بعده.
أستير,10,47,"الإصحاح العاشر قدم لنا هذا الإصحاح صورة عن عظمة أحشويروش الذى خضعت له كور كثيرة تقدم لهُ الجزية. وهذا مذكور هنا ليعرف القارىء عظمة وزيره مردخاى الرجل الثانى لهُ. وقول الكتاب عظيماً بين اليهود يدل على أنه إستمر ملتصقاً بشعبه البسيط ولم يستعلى منفصلاً عنهم. وكان سر عظمته هو إتساع قلبه بالحب لإخوته\'a1 ولقد صار مردخاى بركة لجيله وللأجيال التى جاءت بعده.
أستير,10,48,"الإصحاح العاشر قدم لنا هذا الإصحاح صورة عن عظمة أحشويروش الذى خضعت له كور كثيرة تقدم لهُ الجزية. وهذا مذكور هنا ليعرف القارىء عظمة وزيره مردخاى الرجل الثانى لهُ. وقول الكتاب عظيماً بين اليهود يدل على أنه إستمر ملتصقاً بشعبه البسيط ولم يستعلى منفصلاً عنهم. وكان سر عظمته هو إتساع قلبه بالحب لإخوته\'a1 ولقد صار مردخاى بركة لجيله وللأجيال التى جاءت بعده.
أستير,10,49,"الإصحاح العاشر قدم لنا هذا الإصحاح صورة عن عظمة أحشويروش الذى خضعت له كور كثيرة تقدم لهُ الجزية. وهذا مذكور هنا ليعرف القارىء عظمة وزيره مردخاى الرجل الثانى لهُ. وقول الكتاب عظيماً بين اليهود يدل على أنه إستمر ملتصقاً بشعبه البسيط ولم يستعلى منفصلاً عنهم. وكان سر عظمته هو إتساع قلبه بالحب لإخوته\'a1 ولقد صار مردخاى بركة لجيله وللأجيال التى جاءت بعده.
أستير,10,50,"الإصحاح العاشر قدم لنا هذا الإصحاح صورة عن عظمة أحشويروش الذى خضعت له كور كثيرة تقدم لهُ الجزية. وهذا مذكور هنا ليعرف القارىء عظمة وزيره مردخاى الرجل الثانى لهُ. وقول الكتاب عظيماً بين اليهود يدل على أنه إستمر ملتصقاً بشعبه البسيط ولم يستعلى منفصلاً عنهم. وكان سر عظمته هو إتساع قلبه بالحب لإخوته\'a1 ولقد صار مردخاى بركة لجيله وللأجيال التى جاءت بعده.
أستير,10,51,"الإصحاح العاشر قدم لنا هذا الإصحاح صورة عن عظمة أحشويروش الذى خضعت له كور كثيرة تقدم لهُ الجزية. وهذا مذكور هنا ليعرف القارىء عظمة وزيره مردخاى الرجل الثانى لهُ. وقول الكتاب عظيماً بين اليهود يدل على أنه إستمر ملتصقاً بشعبه البسيط ولم يستعلى منفصلاً عنهم. وكان سر عظمته هو إتساع قلبه بالحب لإخوته\'a1 ولقد صار مردخاى بركة لجيله وللأجيال التى جاءت بعده.
أستير,10,52,"الإصحاح العاشر قدم لنا هذا الإصحاح صورة عن عظمة أحشويروش الذى خضعت له كور كثيرة تقدم لهُ الجزية. وهذا مذكور هنا ليعرف القارىء عظمة وزيره مردخاى الرجل الثانى لهُ. وقول الكتاب عظيماً بين اليهود يدل على أنه إستمر ملتصقاً بشعبه البسيط ولم يستعلى منفصلاً عنهم. وكان سر عظمته هو إتساع قلبه بالحب لإخوته\'a1 ولقد صار مردخاى بركة لجيله وللأجيال التى جاءت بعده.
أستير,10,53,"الإصحاح العاشر قدم لنا هذا الإصحاح صورة عن عظمة أحشويروش الذى خضعت له كور كثيرة تقدم لهُ الجزية. وهذا مذكور هنا ليعرف القارىء عظمة وزيره مردخاى الرجل الثانى لهُ. وقول الكتاب عظيماً بين اليهود يدل على أنه إستمر ملتصقاً بشعبه البسيط ولم يستعلى منفصلاً عنهم. وكان سر عظمته هو إتساع قلبه بالحب لإخوته\'a1 ولقد صار مردخاى بركة لجيله وللأجيال التى جاءت بعده.
أستير,10,54,"الإصحاح العاشر قدم لنا هذا الإصحاح صورة عن عظمة أحشويروش الذى خضعت له كور كثيرة تقدم لهُ الجزية. وهذا مذكور هنا ليعرف القارىء عظمة وزيره مردخاى الرجل الثانى لهُ. وقول الكتاب عظيماً بين اليهود يدل على أنه إستمر ملتصقاً بشعبه البسيط ولم يستعلى منفصلاً عنهم. وكان سر عظمته هو إتساع قلبه بالحب لإخوته\'a1 ولقد صار مردخاى بركة لجيله وللأجيال التى جاءت بعده.
أستير,10,55,"الإصحاح العاشر قدم لنا هذا الإصحاح صورة عن عظمة أحشويروش الذى خضعت له كور كثيرة تقدم لهُ الجزية. وهذا مذكور هنا ليعرف القارىء عظمة وزيره مردخاى الرجل الثانى لهُ. وقول الكتاب عظيماً بين اليهود يدل على أنه إستمر ملتصقاً بشعبه البسيط ولم يستعلى منفصلاً عنهم. وكان سر عظمته هو إتساع قلبه بالحب لإخوته\'a1 ولقد صار مردخاى بركة لجيله وللأجيال التى جاءت بعده.
أستير,10,56,"الإصحاح العاشر قدم لنا هذا الإصحاح صورة عن عظمة أحشويروش الذى خضعت له كور كثيرة تقدم لهُ الجزية. وهذا مذكور هنا ليعرف القارىء عظمة وزيره مردخاى الرجل الثانى لهُ. وقول الكتاب عظيماً بين اليهود يدل على أنه إستمر ملتصقاً بشعبه البسيط ولم يستعلى منفصلاً عنهم. وكان سر عظمته هو إتساع قلبه بالحب لإخوته\'a1 ولقد صار مردخاى بركة لجيله وللأجيال التى جاءت بعده.
أستير,10,57,"الإصحاح العاشر قدم لنا هذا الإصحاح صورة عن عظمة أحشويروش الذى خضعت له كور كثيرة تقدم لهُ الجزية. وهذا مذكور هنا ليعرف القارىء عظمة وزيره مردخاى الرجل الثانى لهُ. وقول الكتاب عظيماً بين اليهود يدل على أنه إستمر ملتصقاً بشعبه البسيط ولم يستعلى منفصلاً عنهم. وكان سر عظمته هو إتساع قلبه بالحب لإخوته\'a1 ولقد صار مردخاى بركة لجيله وللأجيال التى جاءت بعده.
أستير,10,58,"الإصحاح العاشر قدم لنا هذا الإصحاح صورة عن عظمة أحشويروش الذى خضعت له كور كثيرة تقدم لهُ الجزية. وهذا مذكور هنا ليعرف القارىء عظمة وزيره مردخاى الرجل الثانى لهُ. وقول الكتاب عظيماً بين اليهود يدل على أنه إستمر ملتصقاً بشعبه البسيط ولم يستعلى منفصلاً عنهم. وكان سر عظمته هو إتساع قلبه بالحب لإخوته\'a1 ولقد صار مردخاى بركة لجيله وللأجيال التى جاءت بعده.
أستير,10,59,"الإصحاح العاشر قدم لنا هذا الإصحاح صورة عن عظمة أحشويروش الذى خضعت له كور كثيرة تقدم لهُ الجزية. وهذا مذكور هنا ليعرف القارىء عظمة وزيره مردخاى الرجل الثانى لهُ. وقول الكتاب عظيماً بين اليهود يدل على أنه إستمر ملتصقاً بشعبه البسيط ولم يستعلى منفصلاً عنهم. وكان سر عظمته هو إتساع قلبه بالحب لإخوته\'a1 ولقد صار مردخاى بركة لجيله وللأجيال التى جاءت بعده.
أستير,10,60,"الإصحاح العاشر قدم لنا هذا الإصحاح صورة عن عظمة أحشويروش الذى خضعت له كور كثيرة تقدم لهُ الجزية. وهذا مذكور هنا ليعرف القارىء عظمة وزيره مردخاى الرجل الثانى لهُ. وقول الكتاب عظيماً بين اليهود يدل على أنه إستمر ملتصقاً بشعبه البسيط ولم يستعلى منفصلاً عنهم. وكان سر عظمته هو إتساع قلبه بالحب لإخوته\'a1 ولقد صار مردخاى بركة لجيله وللأجيال التى جاءت بعده.
أستير,10,61,"الإصحاح العاشر قدم لنا هذا الإصحاح صورة عن عظمة أحشويروش الذى خضعت له كور كثيرة تقدم لهُ الجزية. وهذا مذكور هنا ليعرف القارىء عظمة وزيره مردخاى الرجل الثانى لهُ. وقول الكتاب عظيماً بين اليهود يدل على أنه إستمر ملتصقاً بشعبه البسيط ولم يستعلى منفصلاً عنهم. وكان سر عظمته هو إتساع قلبه بالحب لإخوته\'a1 ولقد صار مردخاى بركة لجيله وللأجيال التى جاءت بعده.
أستير,10,62,"الإصحاح العاشر قدم لنا هذا الإصحاح صورة عن عظمة أحشويروش الذى خضعت له كور كثيرة تقدم لهُ الجزية. وهذا مذكور هنا ليعرف القارىء عظمة وزيره مردخاى الرجل الثانى لهُ. وقول الكتاب عظيماً بين اليهود يدل على أنه إستمر ملتصقاً بشعبه البسيط ولم يستعلى منفصلاً عنهم. وكان سر عظمته هو إتساع قلبه بالحب لإخوته\'a1 ولقد صار مردخاى بركة لجيله وللأجيال التى جاءت بعده.
أستير,10,63,"الإصحاح العاشر قدم لنا هذا الإصحاح صورة عن عظمة أحشويروش الذى خضعت له كور كثيرة تقدم لهُ الجزية. وهذا مذكور هنا ليعرف القارىء عظمة وزيره مردخاى الرجل الثانى لهُ. وقول الكتاب عظيماً بين اليهود يدل على أنه إستمر ملتصقاً بشعبه البسيط ولم يستعلى منفصلاً عنهم. وكان سر عظمته هو إتساع قلبه بالحب لإخوته\'a1 ولقد صار مردخاى بركة لجيله وللأجيال التى جاءت بعده.
أستير,10,64,"الإصحاح العاشر قدم لنا هذا الإصحاح صورة عن عظمة أحشويروش الذى خضعت له كور كثيرة تقدم لهُ الجزية. وهذا مذكور هنا ليعرف القارىء عظمة وزيره مردخاى الرجل الثانى لهُ. وقول الكتاب عظيماً بين اليهود يدل على أنه إستمر ملتصقاً بشعبه البسيط ولم يستعلى منفصلاً عنهم. وكان سر عظمته هو إتساع قلبه بالحب لإخوته\'a1 ولقد صار مردخاى بركة لجيله وللأجيال التى جاءت بعده.
أستير,10,65,"الإصحاح العاشر قدم لنا هذا الإصحاح صورة عن عظمة أحشويروش الذى خضعت له كور كثيرة تقدم لهُ الجزية. وهذا مذكور هنا ليعرف القارىء عظمة وزيره مردخاى الرجل الثانى لهُ. وقول الكتاب عظيماً بين اليهود يدل على أنه إستمر ملتصقاً بشعبه البسيط ولم يستعلى منفصلاً عنهم. وكان سر عظمته هو إتساع قلبه بالحب لإخوته\'a1 ولقد صار مردخاى بركة لجيله وللأجيال التى جاءت بعده.
أستير,10,66,"الإصحاح العاشر قدم لنا هذا الإصحاح صورة عن عظمة أحشويروش الذى خضعت له كور كثيرة تقدم لهُ الجزية. وهذا مذكور هنا ليعرف القارىء عظمة وزيره مردخاى الرجل الثانى لهُ. وقول الكتاب عظيماً بين اليهود يدل على أنه إستمر ملتصقاً بشعبه البسيط ولم يستعلى منفصلاً عنهم. وكان سر عظمته هو إتساع قلبه بالحب لإخوته\'a1 ولقد صار مردخاى بركة لجيله وللأجيال التى جاءت بعده.
أستير,10,67,"الإصحاح العاشر قدم لنا هذا الإصحاح صورة عن عظمة أحشويروش الذى خضعت له كور كثيرة تقدم لهُ الجزية. وهذا مذكور هنا ليعرف القارىء عظمة وزيره مردخاى الرجل الثانى لهُ. وقول الكتاب عظيماً بين اليهود يدل على أنه إستمر ملتصقاً بشعبه البسيط ولم يستعلى منفصلاً عنهم. وكان سر عظمته هو إتساع قلبه بالحب لإخوته\'a1 ولقد صار مردخاى بركة لجيله وللأجيال التى جاءت بعده.
أستير,10,68,"الإصحاح العاشر قدم لنا هذا الإصحاح صورة عن عظمة أحشويروش الذى خضعت له كور كثيرة تقدم لهُ الجزية. وهذا مذكور هنا ليعرف القارىء عظمة وزيره مردخاى الرجل الثانى لهُ. وقول الكتاب عظيماً بين اليهود يدل على أنه إستمر ملتصقاً بشعبه البسيط ولم يستعلى منفصلاً عنهم. وكان سر عظمته هو إتساع قلبه بالحب لإخوته\'a1 ولقد صار مردخاى بركة لجيله وللأجيال التى جاءت بعده.
أستير,10,69,"الإصحاح العاشر قدم لنا هذا الإصحاح صورة عن عظمة أحشويروش الذى خضعت له كور كثيرة تقدم لهُ الجزية. وهذا مذكور هنا ليعرف القارىء عظمة وزيره مردخاى الرجل الثانى لهُ. وقول الكتاب عظيماً بين اليهود يدل على أنه إستمر ملتصقاً بشعبه البسيط ولم يستعلى منفصلاً عنهم. وكان سر عظمته هو إتساع قلبه بالحب لإخوته\'a1 ولقد صار مردخاى بركة لجيله وللأجيال التى جاءت بعده.
أستير,10,70,"الإصحاح العاشر قدم لنا هذا الإصحاح صورة عن عظمة أحشويروش الذى خضعت له كور كثيرة تقدم لهُ الجزية. وهذا مذكور هنا ليعرف القارىء عظمة وزيره مردخاى الرجل الثانى لهُ. وقول الكتاب عظيماً بين اليهود يدل على أنه إستمر ملتصقاً بشعبه البسيط ولم يستعلى منفصلاً عنهم. وكان سر عظمته هو إتساع قلبه بالحب لإخوته\'a1 ولقد صار مردخاى بركة لجيله وللأجيال التى جاءت بعده.
أستير,10,71,"الإصحاح العاشر قدم لنا هذا الإصحاح صورة عن عظمة أحشويروش الذى خضعت له كور كثيرة تقدم لهُ الجزية. وهذا مذكور هنا ليعرف القارىء عظمة وزيره مردخاى الرجل الثانى لهُ. وقول الكتاب عظيماً بين اليهود يدل على أنه إستمر ملتصقاً بشعبه البسيط ولم يستعلى منفصلاً عنهم. وكان سر عظمته هو إتساع قلبه بالحب لإخوته\'a1 ولقد صار مردخاى بركة لجيله وللأجيال التى جاءت بعده.
أستير,10,72,"الإصحاح العاشر قدم لنا هذا الإصحاح صورة عن عظمة أحشويروش الذى خضعت له كور كثيرة تقدم لهُ الجزية. وهذا مذكور هنا ليعرف القارىء عظمة وزيره مردخاى الرجل الثانى لهُ. وقول الكتاب عظيماً بين اليهود يدل على أنه إستمر ملتصقاً بشعبه البسيط ولم يستعلى منفصلاً عنهم. وكان سر عظمته هو إتساع قلبه بالحب لإخوته\'a1 ولقد صار مردخاى بركة لجيله وللأجيال التى جاءت بعده.
أستير,10,73,"الإصحاح العاشر قدم لنا هذا الإصحاح صورة عن عظمة أحشويروش الذى خضعت له كور كثيرة تقدم لهُ الجزية. وهذا مذكور هنا ليعرف القارىء عظمة وزيره مردخاى الرجل الثانى لهُ. وقول الكتاب عظيماً بين اليهود يدل على أنه إستمر ملتصقاً بشعبه البسيط ولم يستعلى منفصلاً عنهم. وكان سر عظمته هو إتساع قلبه بالحب لإخوته\'a1 ولقد صار مردخاى بركة لجيله وللأجيال التى جاءت بعده.
أستير,10,74,"الإصحاح العاشر قدم لنا هذا الإصحاح صورة عن عظمة أحشويروش الذى خضعت له كور كثيرة تقدم لهُ الجزية. وهذا مذكور هنا ليعرف القارىء عظمة وزيره مردخاى الرجل الثانى لهُ. وقول الكتاب عظيماً بين اليهود يدل على أنه إستمر ملتصقاً بشعبه البسيط ولم يستعلى منفصلاً عنهم. وكان سر عظمته هو إتساع قلبه بالحب لإخوته\'a1 ولقد صار مردخاى بركة لجيله وللأجيال التى جاءت بعده.
أستير,10,75,"الإصحاح العاشر قدم لنا هذا الإصحاح صورة عن عظمة أحشويروش الذى خضعت له كور كثيرة تقدم لهُ الجزية. وهذا مذكور هنا ليعرف القارىء عظمة وزيره مردخاى الرجل الثانى لهُ. وقول الكتاب عظيماً بين اليهود يدل على أنه إستمر ملتصقاً بشعبه البسيط ولم يستعلى منفصلاً عنهم. وكان سر عظمته هو إتساع قلبه بالحب لإخوته\'a1 ولقد صار مردخاى بركة لجيله وللأجيال التى جاءت بعده.
أستير,10,76,"الإصحاح العاشر قدم لنا هذا الإصحاح صورة عن عظمة أحشويروش الذى خضعت له كور كثيرة تقدم لهُ الجزية. وهذا مذكور هنا ليعرف القارىء عظمة وزيره مردخاى الرجل الثانى لهُ. وقول الكتاب عظيماً بين اليهود يدل على أنه إستمر ملتصقاً بشعبه البسيط ولم يستعلى منفصلاً عنهم. وكان سر عظمته هو إتساع قلبه بالحب لإخوته\'a1 ولقد صار مردخاى بركة لجيله وللأجيال التى جاءت بعده.
أستير,10,77,"الإصحاح العاشر قدم لنا هذا الإصحاح صورة عن عظمة أحشويروش الذى خضعت له كور كثيرة تقدم لهُ الجزية. وهذا مذكور هنا ليعرف القارىء عظمة وزيره مردخاى الرجل الثانى لهُ. وقول الكتاب عظيماً بين اليهود يدل على أنه إستمر ملتصقاً بشعبه البسيط ولم يستعلى منفصلاً عنهم. وكان سر عظمته هو إتساع قلبه بالحب لإخوته\'a1 ولقد صار مردخاى بركة لجيله وللأجيال التى جاءت بعده.
أستير,10,78,"الإصحاح العاشر قدم لنا هذا الإصحاح صورة عن عظمة أحشويروش الذى خضعت له كور كثيرة تقدم لهُ الجزية. وهذا مذكور هنا ليعرف القارىء عظمة وزيره مردخاى الرجل الثانى لهُ. وقول الكتاب عظيماً بين اليهود يدل على أنه إستمر ملتصقاً بشعبه البسيط ولم يستعلى منفصلاً عنهم. وكان سر عظمته هو إتساع قلبه بالحب لإخوته\'a1 ولقد صار مردخاى بركة لجيله وللأجيال التى جاءت بعده.
أستير,10,79,"الإصحاح العاشر قدم لنا هذا الإصحاح صورة عن عظمة أحشويروش الذى خضعت له كور كثيرة تقدم لهُ الجزية. وهذا مذكور هنا ليعرف القارىء عظمة وزيره مردخاى الرجل الثانى لهُ. وقول الكتاب عظيماً بين اليهود يدل على أنه إستمر ملتصقاً بشعبه البسيط ولم يستعلى منفصلاً عنهم. وكان سر عظمته هو إتساع قلبه بالحب لإخوته\'a1 ولقد صار مردخاى بركة لجيله وللأجيال التى جاءت بعده.
أستير,10,80,"الإصحاح العاشر قدم لنا هذا الإصحاح صورة عن عظمة أحشويروش الذى خضعت له كور كثيرة تقدم لهُ الجزية. وهذا مذكور هنا ليعرف القارىء عظمة وزيره مردخاى الرجل الثانى لهُ. وقول الكتاب عظيماً بين اليهود يدل على أنه إستمر ملتصقاً بشعبه البسيط ولم يستعلى منفصلاً عنهم. وكان سر عظمته هو إتساع قلبه بالحب لإخوته\'a1 ولقد صار مردخاى بركة لجيله وللأجيال التى جاءت بعده.
أستير,10,81,"الإصحاح العاشر قدم لنا هذا الإصحاح صورة عن عظمة أحشويروش الذى خضعت له كور كثيرة تقدم لهُ الجزية. وهذا مذكور هنا ليعرف القارىء عظمة وزيره مردخاى الرجل الثانى لهُ. وقول الكتاب عظيماً بين اليهود يدل على أنه إستمر ملتصقاً بشعبه البسيط ولم يستعلى منفصلاً عنهم. وكان سر عظمته هو إتساع قلبه بالحب لإخوته\'a1 ولقد صار مردخاى بركة لجيله وللأجيال التى جاءت بعده.
أستير,10,82,"الإصحاح العاشر قدم لنا هذا الإصحاح صورة عن عظمة أحشويروش الذى خضعت له كور كثيرة تقدم لهُ الجزية. وهذا مذكور هنا ليعرف القارىء عظمة وزيره مردخاى الرجل الثانى لهُ. وقول الكتاب عظيماً بين اليهود يدل على أنه إستمر ملتصقاً بشعبه البسيط ولم يستعلى منفصلاً عنهم. وكان سر عظمته هو إتساع قلبه بالحب لإخوته\'a1 ولقد صار مردخاى بركة لجيله وللأجيال التى جاءت بعده.
أستير,10,83,"الإصحاح العاشر قدم لنا هذا الإصحاح صورة عن عظمة أحشويروش الذى خضعت له كور كثيرة تقدم لهُ الجزية. وهذا مذكور هنا ليعرف القارىء عظمة وزيره مردخاى الرجل الثانى لهُ. وقول الكتاب عظيماً بين اليهود يدل على أنه إستمر ملتصقاً بشعبه البسيط ولم يستعلى منفصلاً عنهم. وكان سر عظمته هو إتساع قلبه بالحب لإخوته\'a1 ولقد صار مردخاى بركة لجيله وللأجيال التى جاءت بعده.
أستير,10,84,"الإصحاح العاشر قدم لنا هذا الإصحاح صورة عن عظمة أحشويروش الذى خضعت له كور كثيرة تقدم لهُ الجزية. وهذا مذكور هنا ليعرف القارىء عظمة وزيره مردخاى الرجل الثانى لهُ. وقول الكتاب عظيماً بين اليهود يدل على أنه إستمر ملتصقاً بشعبه البسيط ولم يستعلى منفصلاً عنهم. وكان سر عظمته هو إتساع قلبه بالحب لإخوته\'a1 ولقد صار مردخاى بركة لجيله وللأجيال التى جاءت بعده.
أستير,10,85,"الإصحاح العاشر قدم لنا هذا الإصحاح صورة عن عظمة أحشويروش الذى خضعت له كور كثيرة تقدم لهُ الجزية. وهذا مذكور هنا ليعرف القارىء عظمة وزيره مردخاى الرجل الثانى لهُ. وقول الكتاب عظيماً بين اليهود يدل على أنه إستمر ملتصقاً بشعبه البسيط ولم يستعلى منفصلاً عنهم. وكان سر عظمته هو إتساع قلبه بالحب لإخوته\'a1 ولقد صار مردخاى بركة لجيله وللأجيال التى جاءت بعده.
أستير,10,86,"الإصحاح العاشر قدم لنا هذا الإصحاح صورة عن عظمة أحشويروش الذى خضعت له كور كثيرة تقدم لهُ الجزية. وهذا مذكور هنا ليعرف القارىء عظمة وزيره مردخاى الرجل الثانى لهُ. وقول الكتاب عظيماً بين اليهود يدل على أنه إستمر ملتصقاً بشعبه البسيط ولم يستعلى منفصلاً عنهم. وكان سر عظمته هو إتساع قلبه بالحب لإخوته\'a1 ولقد صار مردخاى بركة لجيله وللأجيال التى جاءت بعده.
أستير,10,87,"الإصحاح العاشر قدم لنا هذا الإصحاح صورة عن عظمة أحشويروش الذى خضعت له كور كثيرة تقدم لهُ الجزية. وهذا مذكور هنا ليعرف القارىء عظمة وزيره مردخاى الرجل الثانى لهُ. وقول الكتاب عظيماً بين اليهود يدل على أنه إستمر ملتصقاً بشعبه البسيط ولم يستعلى منفصلاً عنهم. وكان سر عظمته هو إتساع قلبه بالحب لإخوته\'a1 ولقد صار مردخاى بركة لجيله وللأجيال التى جاءت بعده.
أستير,10,88,"الإصحاح العاشر قدم لنا هذا الإصحاح صورة عن عظمة أحشويروش الذى خضعت له كور كثيرة تقدم لهُ الجزية. وهذا مذكور هنا ليعرف القارىء عظمة وزيره مردخاى الرجل الثانى لهُ. وقول الكتاب عظيماً بين اليهود يدل على أنه إستمر ملتصقاً بشعبه البسيط ولم يستعلى منفصلاً عنهم. وكان سر عظمته هو إتساع قلبه بالحب لإخوته\'a1 ولقد صار مردخاى بركة لجيله وللأجيال التى جاءت بعده.
أستير,10,89,"الإصحاح العاشر قدم لنا هذا الإصحاح صورة عن عظمة أحشويروش الذى خضعت له كور كثيرة تقدم لهُ الجزية. وهذا مذكور هنا ليعرف القارىء عظمة وزيره مردخاى الرجل الثانى لهُ. وقول الكتاب عظيماً بين اليهود يدل على أنه إستمر ملتصقاً بشعبه البسيط ولم يستعلى منفصلاً عنهم. وكان سر عظمته هو إتساع قلبه بالحب لإخوته\'a1 ولقد صار مردخاى بركة لجيله وللأجيال التى جاءت بعده.
أستير,10,90,"الإصحاح العاشر قدم لنا هذا الإصحاح صورة عن عظمة أحشويروش الذى خضعت له كور كثيرة تقدم لهُ الجزية. وهذا مذكور هنا ليعرف القارىء عظمة وزيره مردخاى الرجل الثانى لهُ. وقول الكتاب عظيماً بين اليهود يدل على أنه إستمر ملتصقاً بشعبه البسيط ولم يستعلى منفصلاً عنهم. وكان سر عظمته هو إتساع قلبه بالحب لإخوته\'a1 ولقد صار مردخاى بركة لجيله وللأجيال التى جاءت بعده.
أستير,10,91,"الإصحاح العاشر قدم لنا هذا الإصحاح صورة عن عظمة أحشويروش الذى خضعت له كور كثيرة تقدم لهُ الجزية. وهذا مذكور هنا ليعرف القارىء عظمة وزيره مردخاى الرجل الثانى لهُ. وقول الكتاب عظيماً بين اليهود يدل على أنه إستمر ملتصقاً بشعبه البسيط ولم يستعلى منفصلاً عنهم. وكان سر عظمته هو إتساع قلبه بالحب لإخوته\'a1 ولقد صار مردخاى بركة لجيله وللأجيال التى جاءت بعده.
أستير,10,92,"الإصحاح العاشر قدم لنا هذا الإصحاح صورة عن عظمة أحشويروش الذى خضعت له كور كثيرة تقدم لهُ الجزية. وهذا مذكور هنا ليعرف القارىء عظمة وزيره مردخاى الرجل الثانى لهُ. وقول الكتاب عظيماً بين اليهود يدل على أنه إستمر ملتصقاً بشعبه البسيط ولم يستعلى منفصلاً عنهم. وكان سر عظمته هو إتساع قلبه بالحب لإخوته\'a1 ولقد صار مردخاى بركة لجيله وللأجيال التى جاءت بعده.
أستير,10,93,"الإصحاح العاشر قدم لنا هذا الإصحاح صورة عن عظمة أحشويروش الذى خضعت له كور كثيرة تقدم لهُ الجزية. وهذا مذكور هنا ليعرف القارىء عظمة وزيره مردخاى الرجل الثانى لهُ. وقول الكتاب عظيماً بين اليهود يدل على أنه إستمر ملتصقاً بشعبه البسيط ولم يستعلى منفصلاً عنهم. وكان سر عظمته هو إتساع قلبه بالحب لإخوته\'a1 ولقد صار مردخاى بركة لجيله وللأجيال التى جاءت بعده.
أستير,10,94,"الإصحاح العاشر قدم لنا هذا الإصحاح صورة عن عظمة أحشويروش الذى خضعت له كور كثيرة تقدم لهُ الجزية. وهذا مذكور هنا ليعرف القارىء عظمة وزيره مردخاى الرجل الثانى لهُ. وقول الكتاب عظيماً بين اليهود يدل على أنه إستمر ملتصقاً بشعبه البسيط ولم يستعلى منفصلاً عنهم. وكان سر عظمته هو إتساع قلبه بالحب لإخوته\'a1 ولقد صار مردخاى بركة لجيله وللأجيال التى جاءت بعده.
أستير,10,95,"الإصحاح العاشر قدم لنا هذا الإصحاح صورة عن عظمة أحشويروش الذى خضعت له كور كثيرة تقدم لهُ الجزية. وهذا مذكور هنا ليعرف القارىء عظمة وزيره مردخاى الرجل الثانى لهُ. وقول الكتاب عظيماً بين اليهود يدل على أنه إستمر ملتصقاً بشعبه البسيط ولم يستعلى منفصلاً عنهم. وكان سر عظمته هو إتساع قلبه بالحب لإخوته\'a1 ولقد صار مردخاى بركة لجيله وللأجيال التى جاءت بعده.
أستير,10,96,"الإصحاح العاشر قدم لنا هذا الإصحاح صورة عن عظمة أحشويروش الذى خضعت له كور كثيرة تقدم لهُ الجزية. وهذا مذكور هنا ليعرف القارىء عظمة وزيره مردخاى الرجل الثانى لهُ. وقول الكتاب عظيماً بين اليهود يدل على أنه إستمر ملتصقاً بشعبه البسيط ولم يستعلى منفصلاً عنهم. وكان سر عظمته هو إتساع قلبه بالحب لإخوته\'a1 ولقد صار مردخاى بركة لجيله وللأجيال التى جاءت بعده.
أستير,10,97,"الإصحاح العاشر قدم لنا هذا الإصحاح صورة عن عظمة أحشويروش الذى خضعت له كور كثيرة تقدم لهُ الجزية. وهذا مذكور هنا ليعرف القارىء عظمة وزيره مردخاى الرجل الثانى لهُ. وقول الكتاب عظيماً بين اليهود يدل على أنه إستمر ملتصقاً بشعبه البسيط ولم يستعلى منفصلاً عنهم. وكان سر عظمته هو إتساع قلبه بالحب لإخوته\'a1 ولقد صار مردخاى بركة لجيله وللأجيال التى جاءت بعده.
أستير,10,98,"الإصحاح العاشر قدم لنا هذا الإصحاح صورة عن عظمة أحشويروش الذى خضعت له كور كثيرة تقدم لهُ الجزية. وهذا مذكور هنا ليعرف القارىء عظمة وزيره مردخاى الرجل الثانى لهُ. وقول الكتاب عظيماً بين اليهود يدل على أنه إستمر ملتصقاً بشعبه البسيط ولم يستعلى منفصلاً عنهم. وكان سر عظمته هو إتساع قلبه بالحب لإخوته\'a1 ولقد صار مردخاى بركة لجيله وللأجيال التى جاءت بعده.
أستير,10,99,"الإصحاح العاشر قدم لنا هذا الإصحاح صورة عن عظمة أحشويروش الذى خضعت له كور كثيرة تقدم لهُ الجزية. وهذا مذكور هنا ليعرف القارىء عظمة وزيره مردخاى الرجل الثانى لهُ. وقول الكتاب عظيماً بين اليهود يدل على أنه إستمر ملتصقاً بشعبه البسيط ولم يستعلى منفصلاً عنهم. وكان سر عظمته هو إتساع قلبه بالحب لإخوته\'a1 ولقد صار مردخاى بركة لجيله وللأجيال التى جاءت بعده.