book,chapter,verse,tafsir
أمثال,1,1,"مقدمــة 1- الله لم يترك طريق إلا وسلكه حتى يعلمنا. فنجد الكتاب المقدس قد اشتمل على عدة طرق للتعليم:
أمثال,1,2,"الإصحاح الأول آية (1): ""أمثال سليمان بن داود ملك إسرائيل.""
أمثال,1,3,"الإصحاح الأول آية (1): ""أمثال سليمان بن داود ملك إسرائيل.""
أمثال,1,4,"الإصحاح الأول آية (1): ""أمثال سليمان بن داود ملك إسرائيل.""
أمثال,1,5,"الإصحاح الأول آية (1): ""أمثال سليمان بن داود ملك إسرائيل.""
أمثال,1,6,"الإصحاح الأول آية (1): ""أمثال سليمان بن داود ملك إسرائيل.""
أمثال,1,7,"الإصحاح الأول آية (1): ""أمثال سليمان بن داود ملك إسرائيل.""
أمثال,1,8,"الإصحاح الأول آية (1): ""أمثال سليمان بن داود ملك إسرائيل.""
أمثال,1,9,"الإصحاح الأول آية (1): ""أمثال سليمان بن داود ملك إسرائيل.""
أمثال,1,10,"الإصحاح الأول آية (1): ""أمثال سليمان بن داود ملك إسرائيل.""
أمثال,1,11,"الإصحاح الأول آية (1): ""أمثال سليمان بن داود ملك إسرائيل.""
أمثال,1,12,"الإصحاح الأول آية (1): ""أمثال سليمان بن داود ملك إسرائيل.""
أمثال,1,13,"الإصحاح الأول آية (1): ""أمثال سليمان بن داود ملك إسرائيل.""
أمثال,1,14,"الإصحاح الأول آية (1): ""أمثال سليمان بن داود ملك إسرائيل.""
أمثال,1,15,"الإصحاح الأول آية (1): ""أمثال سليمان بن داود ملك إسرائيل.""
أمثال,1,16,"الإصحاح الأول آية (1): ""أمثال سليمان بن داود ملك إسرائيل.""
أمثال,1,17,"الإصحاح الأول آية (1): ""أمثال سليمان بن داود ملك إسرائيل.""
أمثال,1,18,"الإصحاح الأول آية (1): ""أمثال سليمان بن داود ملك إسرائيل.""
أمثال,1,19,"الإصحاح الأول آية (1): ""أمثال سليمان بن داود ملك إسرائيل.""
أمثال,1,20,"الإصحاح الأول آية (1): ""أمثال سليمان بن داود ملك إسرائيل.""
أمثال,1,21,"الإصحاح الأول آية (1): ""أمثال سليمان بن داود ملك إسرائيل.""
أمثال,1,22,"الإصحاح الأول آية (1): ""أمثال سليمان بن داود ملك إسرائيل.""
أمثال,1,23,"الإصحاح الأول آية (1): ""أمثال سليمان بن داود ملك إسرائيل.""
أمثال,1,24,"الإصحاح الأول آية (1): ""أمثال سليمان بن داود ملك إسرائيل.""
أمثال,1,25,"الإصحاح الأول آية (1): ""أمثال سليمان بن داود ملك إسرائيل.""
أمثال,1,26,"الإصحاح الأول آية (1): ""أمثال سليمان بن داود ملك إسرائيل.""
أمثال,1,27,"الإصحاح الأول آية (1): ""أمثال سليمان بن داود ملك إسرائيل.""
أمثال,1,28,"الإصحاح الأول آية (1): ""أمثال سليمان بن داود ملك إسرائيل.""
أمثال,1,29,"الإصحاح الأول آية (1): ""أمثال سليمان بن داود ملك إسرائيل.""
أمثال,1,30,"الإصحاح الأول آية (1): ""أمثال سليمان بن داود ملك إسرائيل.""
أمثال,1,31,"الإصحاح الأول آية (1): ""أمثال سليمان بن داود ملك إسرائيل.""
أمثال,1,32,"الإصحاح الأول آية (1): ""أمثال سليمان بن داود ملك إسرائيل.""
أمثال,1,33,"الإصحاح الأول آية (1): ""أمثال سليمان بن داود ملك إسرائيل.""
أمثال,1,34,"الإصحاح الأول آية (1): ""أمثال سليمان بن داود ملك إسرائيل.""
أمثال,1,35,"الإصحاح الأول آية (1): ""أمثال سليمان بن داود ملك إسرائيل.""
أمثال,1,36,"الإصحاح الأول آية (1): ""أمثال سليمان بن داود ملك إسرائيل.""
أمثال,1,37,"الإصحاح الأول آية (1): ""أمثال سليمان بن داود ملك إسرائيل.""
أمثال,1,38,"الإصحاح الأول آية (1): ""أمثال سليمان بن داود ملك إسرائيل.""
أمثال,1,39,"الإصحاح الأول آية (1): ""أمثال سليمان بن داود ملك إسرائيل.""
أمثال,1,40,"الإصحاح الأول آية (1): ""أمثال سليمان بن داود ملك إسرائيل.""
أمثال,1,41,"الإصحاح الأول آية (1): ""أمثال سليمان بن داود ملك إسرائيل.""
أمثال,1,42,"الإصحاح الأول آية (1): ""أمثال سليمان بن داود ملك إسرائيل.""
أمثال,1,43,"الإصحاح الأول آية (1): ""أمثال سليمان بن داود ملك إسرائيل.""
أمثال,1,44,"الإصحاح الأول آية (1): ""أمثال سليمان بن داود ملك إسرائيل.""
أمثال,1,45,"الإصحاح الأول آية (1): ""أمثال سليمان بن داود ملك إسرائيل.""
أمثال,1,46,"الإصحاح الأول آية (1): ""أمثال سليمان بن داود ملك إسرائيل.""
أمثال,1,47,"الإصحاح الأول آية (1): ""أمثال سليمان بن داود ملك إسرائيل.""
أمثال,1,48,"الإصحاح الأول آية (1): ""أمثال سليمان بن داود ملك إسرائيل.""
أمثال,1,49,"الإصحاح الأول آية (1): ""أمثال سليمان بن داود ملك إسرائيل.""
أمثال,1,50,"الإصحاح الأول آية (1): ""أمثال سليمان بن داود ملك إسرائيل.""
أمثال,1,51,"الإصحاح الأول آية (1): ""أمثال سليمان بن داود ملك إسرائيل.""
أمثال,1,52,"الإصحاح الأول آية (1): ""أمثال سليمان بن داود ملك إسرائيل.""
أمثال,1,53,"الإصحاح الأول آية (1): ""أمثال سليمان بن داود ملك إسرائيل.""
أمثال,1,54,"الإصحاح الأول آية (1): ""أمثال سليمان بن داود ملك إسرائيل.""
أمثال,1,55,"الإصحاح الأول آية (1): ""أمثال سليمان بن داود ملك إسرائيل.""
أمثال,1,56,"الإصحاح الأول آية (1): ""أمثال سليمان بن داود ملك إسرائيل.""
أمثال,1,57,"الإصحاح الأول آية (1): ""أمثال سليمان بن داود ملك إسرائيل.""
أمثال,1,58,"الإصحاح الأول آية (1): ""أمثال سليمان بن داود ملك إسرائيل.""
أمثال,1,59,"الإصحاح الأول آية (1): ""أمثال سليمان بن داود ملك إسرائيل.""
أمثال,1,60,"الإصحاح الأول آية (1): ""أمثال سليمان بن داود ملك إسرائيل.""
أمثال,1,61,"الإصحاح الأول آية (1): ""أمثال سليمان بن داود ملك إسرائيل.""
أمثال,1,62,"الإصحاح الأول آية (1): ""أمثال سليمان بن داود ملك إسرائيل.""
أمثال,1,63,"الإصحاح الأول آية (1): ""أمثال سليمان بن داود ملك إسرائيل.""
أمثال,1,64,"الإصحاح الأول آية (1): ""أمثال سليمان بن داود ملك إسرائيل.""
أمثال,1,65,"الإصحاح الأول آية (1): ""أمثال سليمان بن داود ملك إسرائيل.""
أمثال,1,66,"الإصحاح الأول آية (1): ""أمثال سليمان بن داود ملك إسرائيل.""
أمثال,1,67,"الإصحاح الأول آية (1): ""أمثال سليمان بن داود ملك إسرائيل.""
أمثال,1,68,"الإصحاح الأول آية (1): ""أمثال سليمان بن داود ملك إسرائيل.""
أمثال,1,69,"الإصحاح الأول آية (1): ""أمثال سليمان بن داود ملك إسرائيل.""
أمثال,1,70,"الإصحاح الأول آية (1): ""أمثال سليمان بن داود ملك إسرائيل.""
أمثال,1,71,"الإصحاح الأول آية (1): ""أمثال سليمان بن داود ملك إسرائيل.""
أمثال,1,72,"الإصحاح الأول آية (1): ""أمثال سليمان بن داود ملك إسرائيل.""
أمثال,1,73,"الإصحاح الأول آية (1): ""أمثال سليمان بن داود ملك إسرائيل.""
أمثال,1,74,"الإصحاح الأول آية (1): ""أمثال سليمان بن داود ملك إسرائيل.""
أمثال,1,75,"الإصحاح الأول آية (1): ""أمثال سليمان بن داود ملك إسرائيل.""
أمثال,1,76,"الإصحاح الأول آية (1): ""أمثال سليمان بن داود ملك إسرائيل.""
أمثال,1,77,"الإصحاح الأول آية (1): ""أمثال سليمان بن داود ملك إسرائيل.""
أمثال,1,78,"الإصحاح الأول آية (1): ""أمثال سليمان بن داود ملك إسرائيل.""
أمثال,1,79,"الإصحاح الأول آية (1): ""أمثال سليمان بن داود ملك إسرائيل.""
أمثال,1,80,"الإصحاح الأول آية (1): ""أمثال سليمان بن داود ملك إسرائيل.""
أمثال,1,81,"الإصحاح الأول آية (1): ""أمثال سليمان بن داود ملك إسرائيل.""
أمثال,1,82,"الإصحاح الأول آية (1): ""أمثال سليمان بن داود ملك إسرائيل.""
أمثال,1,83,"الإصحاح الأول آية (1): ""أمثال سليمان بن داود ملك إسرائيل.""
أمثال,1,84,"الإصحاح الأول آية (1): ""أمثال سليمان بن داود ملك إسرائيل.""
أمثال,1,85,"الإصحاح الأول آية (1): ""أمثال سليمان بن داود ملك إسرائيل.""
أمثال,1,86,"الإصحاح الأول آية (1): ""أمثال سليمان بن داود ملك إسرائيل.""
أمثال,1,87,"الإصحاح الأول آية (1): ""أمثال سليمان بن داود ملك إسرائيل.""
أمثال,1,88,"الإصحاح الأول آية (1): ""أمثال سليمان بن داود ملك إسرائيل.""
أمثال,1,89,"الإصحاح الأول آية (1): ""أمثال سليمان بن داود ملك إسرائيل.""
أمثال,1,90,"الإصحاح الأول آية (1): ""أمثال سليمان بن داود ملك إسرائيل.""
أمثال,1,91,"الإصحاح الأول آية (1): ""أمثال سليمان بن داود ملك إسرائيل.""
أمثال,1,92,"الإصحاح الأول آية (1): ""أمثال سليمان بن داود ملك إسرائيل.""
أمثال,1,93,"الإصحاح الأول آية (1): ""أمثال سليمان بن داود ملك إسرائيل.""
أمثال,1,94,"الإصحاح الأول آية (1): ""أمثال سليمان بن داود ملك إسرائيل.""
أمثال,1,95,"الإصحاح الأول آية (1): ""أمثال سليمان بن داود ملك إسرائيل.""
أمثال,1,96,"الإصحاح الأول آية (1): ""أمثال سليمان بن داود ملك إسرائيل.""
أمثال,1,97,"الإصحاح الأول آية (1): ""أمثال سليمان بن داود ملك إسرائيل.""
أمثال,1,98,"الإصحاح الأول آية (1): ""أمثال سليمان بن داود ملك إسرائيل.""
أمثال,1,99,"الإصحاح الأول آية (1): ""أمثال سليمان بن داود ملك إسرائيل.""
أمثال,2,1,"الإصحاح الثاني الآيات (1-5): ""يا ابني أن قبلت كلامي وخبأت وصاياي عندك. حتى تميل آذنك إلى الحكمة وتعطف قلبك على الفهم. أن دعوت المعرفة ورفعت صوتك إلى الفهم. أن طلبتها كالفضة وبحثت عنها كالكنوز. فحينئذ تفهم مخافة الرب وتجد معرفة الله.""
أمثال,2,2,"الإصحاح الثاني الآيات (1-5): ""يا ابني أن قبلت كلامي وخبأت وصاياي عندك. حتى تميل آذنك إلى الحكمة وتعطف قلبك على الفهم. أن دعوت المعرفة ورفعت صوتك إلى الفهم. أن طلبتها كالفضة وبحثت عنها كالكنوز. فحينئذ تفهم مخافة الرب وتجد معرفة الله.""
أمثال,2,3,"الإصحاح الثاني الآيات (1-5): ""يا ابني أن قبلت كلامي وخبأت وصاياي عندك. حتى تميل آذنك إلى الحكمة وتعطف قلبك على الفهم. أن دعوت المعرفة ورفعت صوتك إلى الفهم. أن طلبتها كالفضة وبحثت عنها كالكنوز. فحينئذ تفهم مخافة الرب وتجد معرفة الله.""
أمثال,2,4,"الإصحاح الثاني الآيات (1-5): ""يا ابني أن قبلت كلامي وخبأت وصاياي عندك. حتى تميل آذنك إلى الحكمة وتعطف قلبك على الفهم. أن دعوت المعرفة ورفعت صوتك إلى الفهم. أن طلبتها كالفضة وبحثت عنها كالكنوز. فحينئذ تفهم مخافة الرب وتجد معرفة الله.""
أمثال,2,5,"الإصحاح الثاني الآيات (1-5): ""يا ابني أن قبلت كلامي وخبأت وصاياي عندك. حتى تميل آذنك إلى الحكمة وتعطف قلبك على الفهم. أن دعوت المعرفة ورفعت صوتك إلى الفهم. أن طلبتها كالفضة وبحثت عنها كالكنوز. فحينئذ تفهم مخافة الرب وتجد معرفة الله.""
أمثال,2,6,"الإصحاح الثاني الآيات (1-5): ""يا ابني أن قبلت كلامي وخبأت وصاياي عندك. حتى تميل آذنك إلى الحكمة وتعطف قلبك على الفهم. أن دعوت المعرفة ورفعت صوتك إلى الفهم. أن طلبتها كالفضة وبحثت عنها كالكنوز. فحينئذ تفهم مخافة الرب وتجد معرفة الله.""
أمثال,2,7,"الإصحاح الثاني الآيات (1-5): ""يا ابني أن قبلت كلامي وخبأت وصاياي عندك. حتى تميل آذنك إلى الحكمة وتعطف قلبك على الفهم. أن دعوت المعرفة ورفعت صوتك إلى الفهم. أن طلبتها كالفضة وبحثت عنها كالكنوز. فحينئذ تفهم مخافة الرب وتجد معرفة الله.""
أمثال,2,8,"الإصحاح الثاني الآيات (1-5): ""يا ابني أن قبلت كلامي وخبأت وصاياي عندك. حتى تميل آذنك إلى الحكمة وتعطف قلبك على الفهم. أن دعوت المعرفة ورفعت صوتك إلى الفهم. أن طلبتها كالفضة وبحثت عنها كالكنوز. فحينئذ تفهم مخافة الرب وتجد معرفة الله.""
أمثال,2,9,"الإصحاح الثاني الآيات (1-5): ""يا ابني أن قبلت كلامي وخبأت وصاياي عندك. حتى تميل آذنك إلى الحكمة وتعطف قلبك على الفهم. أن دعوت المعرفة ورفعت صوتك إلى الفهم. أن طلبتها كالفضة وبحثت عنها كالكنوز. فحينئذ تفهم مخافة الرب وتجد معرفة الله.""
أمثال,2,10,"الإصحاح الثاني الآيات (1-5): ""يا ابني أن قبلت كلامي وخبأت وصاياي عندك. حتى تميل آذنك إلى الحكمة وتعطف قلبك على الفهم. أن دعوت المعرفة ورفعت صوتك إلى الفهم. أن طلبتها كالفضة وبحثت عنها كالكنوز. فحينئذ تفهم مخافة الرب وتجد معرفة الله.""
أمثال,2,11,"الإصحاح الثاني الآيات (1-5): ""يا ابني أن قبلت كلامي وخبأت وصاياي عندك. حتى تميل آذنك إلى الحكمة وتعطف قلبك على الفهم. أن دعوت المعرفة ورفعت صوتك إلى الفهم. أن طلبتها كالفضة وبحثت عنها كالكنوز. فحينئذ تفهم مخافة الرب وتجد معرفة الله.""
أمثال,2,12,"الإصحاح الثاني الآيات (1-5): ""يا ابني أن قبلت كلامي وخبأت وصاياي عندك. حتى تميل آذنك إلى الحكمة وتعطف قلبك على الفهم. أن دعوت المعرفة ورفعت صوتك إلى الفهم. أن طلبتها كالفضة وبحثت عنها كالكنوز. فحينئذ تفهم مخافة الرب وتجد معرفة الله.""
أمثال,2,13,"الإصحاح الثاني الآيات (1-5): ""يا ابني أن قبلت كلامي وخبأت وصاياي عندك. حتى تميل آذنك إلى الحكمة وتعطف قلبك على الفهم. أن دعوت المعرفة ورفعت صوتك إلى الفهم. أن طلبتها كالفضة وبحثت عنها كالكنوز. فحينئذ تفهم مخافة الرب وتجد معرفة الله.""
أمثال,2,14,"الإصحاح الثاني الآيات (1-5): ""يا ابني أن قبلت كلامي وخبأت وصاياي عندك. حتى تميل آذنك إلى الحكمة وتعطف قلبك على الفهم. أن دعوت المعرفة ورفعت صوتك إلى الفهم. أن طلبتها كالفضة وبحثت عنها كالكنوز. فحينئذ تفهم مخافة الرب وتجد معرفة الله.""
أمثال,2,15,"الإصحاح الثاني الآيات (1-5): ""يا ابني أن قبلت كلامي وخبأت وصاياي عندك. حتى تميل آذنك إلى الحكمة وتعطف قلبك على الفهم. أن دعوت المعرفة ورفعت صوتك إلى الفهم. أن طلبتها كالفضة وبحثت عنها كالكنوز. فحينئذ تفهم مخافة الرب وتجد معرفة الله.""
أمثال,2,16,"الإصحاح الثاني الآيات (1-5): ""يا ابني أن قبلت كلامي وخبأت وصاياي عندك. حتى تميل آذنك إلى الحكمة وتعطف قلبك على الفهم. أن دعوت المعرفة ورفعت صوتك إلى الفهم. أن طلبتها كالفضة وبحثت عنها كالكنوز. فحينئذ تفهم مخافة الرب وتجد معرفة الله.""
أمثال,2,17,"الإصحاح الثاني الآيات (1-5): ""يا ابني أن قبلت كلامي وخبأت وصاياي عندك. حتى تميل آذنك إلى الحكمة وتعطف قلبك على الفهم. أن دعوت المعرفة ورفعت صوتك إلى الفهم. أن طلبتها كالفضة وبحثت عنها كالكنوز. فحينئذ تفهم مخافة الرب وتجد معرفة الله.""
أمثال,2,18,"الإصحاح الثاني الآيات (1-5): ""يا ابني أن قبلت كلامي وخبأت وصاياي عندك. حتى تميل آذنك إلى الحكمة وتعطف قلبك على الفهم. أن دعوت المعرفة ورفعت صوتك إلى الفهم. أن طلبتها كالفضة وبحثت عنها كالكنوز. فحينئذ تفهم مخافة الرب وتجد معرفة الله.""
أمثال,2,19,"الإصحاح الثاني الآيات (1-5): ""يا ابني أن قبلت كلامي وخبأت وصاياي عندك. حتى تميل آذنك إلى الحكمة وتعطف قلبك على الفهم. أن دعوت المعرفة ورفعت صوتك إلى الفهم. أن طلبتها كالفضة وبحثت عنها كالكنوز. فحينئذ تفهم مخافة الرب وتجد معرفة الله.""
أمثال,2,20,"الإصحاح الثاني الآيات (1-5): ""يا ابني أن قبلت كلامي وخبأت وصاياي عندك. حتى تميل آذنك إلى الحكمة وتعطف قلبك على الفهم. أن دعوت المعرفة ورفعت صوتك إلى الفهم. أن طلبتها كالفضة وبحثت عنها كالكنوز. فحينئذ تفهم مخافة الرب وتجد معرفة الله.""
أمثال,2,21,"الإصحاح الثاني الآيات (1-5): ""يا ابني أن قبلت كلامي وخبأت وصاياي عندك. حتى تميل آذنك إلى الحكمة وتعطف قلبك على الفهم. أن دعوت المعرفة ورفعت صوتك إلى الفهم. أن طلبتها كالفضة وبحثت عنها كالكنوز. فحينئذ تفهم مخافة الرب وتجد معرفة الله.""
أمثال,2,22,"الإصحاح الثاني الآيات (1-5): ""يا ابني أن قبلت كلامي وخبأت وصاياي عندك. حتى تميل آذنك إلى الحكمة وتعطف قلبك على الفهم. أن دعوت المعرفة ورفعت صوتك إلى الفهم. أن طلبتها كالفضة وبحثت عنها كالكنوز. فحينئذ تفهم مخافة الرب وتجد معرفة الله.""
أمثال,2,23,"الإصحاح الثاني الآيات (1-5): ""يا ابني أن قبلت كلامي وخبأت وصاياي عندك. حتى تميل آذنك إلى الحكمة وتعطف قلبك على الفهم. أن دعوت المعرفة ورفعت صوتك إلى الفهم. أن طلبتها كالفضة وبحثت عنها كالكنوز. فحينئذ تفهم مخافة الرب وتجد معرفة الله.""
أمثال,2,24,"الإصحاح الثاني الآيات (1-5): ""يا ابني أن قبلت كلامي وخبأت وصاياي عندك. حتى تميل آذنك إلى الحكمة وتعطف قلبك على الفهم. أن دعوت المعرفة ورفعت صوتك إلى الفهم. أن طلبتها كالفضة وبحثت عنها كالكنوز. فحينئذ تفهم مخافة الرب وتجد معرفة الله.""
أمثال,2,25,"الإصحاح الثاني الآيات (1-5): ""يا ابني أن قبلت كلامي وخبأت وصاياي عندك. حتى تميل آذنك إلى الحكمة وتعطف قلبك على الفهم. أن دعوت المعرفة ورفعت صوتك إلى الفهم. أن طلبتها كالفضة وبحثت عنها كالكنوز. فحينئذ تفهم مخافة الرب وتجد معرفة الله.""
أمثال,2,26,"الإصحاح الثاني الآيات (1-5): ""يا ابني أن قبلت كلامي وخبأت وصاياي عندك. حتى تميل آذنك إلى الحكمة وتعطف قلبك على الفهم. أن دعوت المعرفة ورفعت صوتك إلى الفهم. أن طلبتها كالفضة وبحثت عنها كالكنوز. فحينئذ تفهم مخافة الرب وتجد معرفة الله.""
أمثال,2,27,"الإصحاح الثاني الآيات (1-5): ""يا ابني أن قبلت كلامي وخبأت وصاياي عندك. حتى تميل آذنك إلى الحكمة وتعطف قلبك على الفهم. أن دعوت المعرفة ورفعت صوتك إلى الفهم. أن طلبتها كالفضة وبحثت عنها كالكنوز. فحينئذ تفهم مخافة الرب وتجد معرفة الله.""
أمثال,2,28,"الإصحاح الثاني الآيات (1-5): ""يا ابني أن قبلت كلامي وخبأت وصاياي عندك. حتى تميل آذنك إلى الحكمة وتعطف قلبك على الفهم. أن دعوت المعرفة ورفعت صوتك إلى الفهم. أن طلبتها كالفضة وبحثت عنها كالكنوز. فحينئذ تفهم مخافة الرب وتجد معرفة الله.""
أمثال,2,29,"الإصحاح الثاني الآيات (1-5): ""يا ابني أن قبلت كلامي وخبأت وصاياي عندك. حتى تميل آذنك إلى الحكمة وتعطف قلبك على الفهم. أن دعوت المعرفة ورفعت صوتك إلى الفهم. أن طلبتها كالفضة وبحثت عنها كالكنوز. فحينئذ تفهم مخافة الرب وتجد معرفة الله.""
أمثال,2,30,"الإصحاح الثاني الآيات (1-5): ""يا ابني أن قبلت كلامي وخبأت وصاياي عندك. حتى تميل آذنك إلى الحكمة وتعطف قلبك على الفهم. أن دعوت المعرفة ورفعت صوتك إلى الفهم. أن طلبتها كالفضة وبحثت عنها كالكنوز. فحينئذ تفهم مخافة الرب وتجد معرفة الله.""
أمثال,2,31,"الإصحاح الثاني الآيات (1-5): ""يا ابني أن قبلت كلامي وخبأت وصاياي عندك. حتى تميل آذنك إلى الحكمة وتعطف قلبك على الفهم. أن دعوت المعرفة ورفعت صوتك إلى الفهم. أن طلبتها كالفضة وبحثت عنها كالكنوز. فحينئذ تفهم مخافة الرب وتجد معرفة الله.""
أمثال,2,32,"الإصحاح الثاني الآيات (1-5): ""يا ابني أن قبلت كلامي وخبأت وصاياي عندك. حتى تميل آذنك إلى الحكمة وتعطف قلبك على الفهم. أن دعوت المعرفة ورفعت صوتك إلى الفهم. أن طلبتها كالفضة وبحثت عنها كالكنوز. فحينئذ تفهم مخافة الرب وتجد معرفة الله.""
أمثال,2,33,"الإصحاح الثاني الآيات (1-5): ""يا ابني أن قبلت كلامي وخبأت وصاياي عندك. حتى تميل آذنك إلى الحكمة وتعطف قلبك على الفهم. أن دعوت المعرفة ورفعت صوتك إلى الفهم. أن طلبتها كالفضة وبحثت عنها كالكنوز. فحينئذ تفهم مخافة الرب وتجد معرفة الله.""
أمثال,2,34,"الإصحاح الثاني الآيات (1-5): ""يا ابني أن قبلت كلامي وخبأت وصاياي عندك. حتى تميل آذنك إلى الحكمة وتعطف قلبك على الفهم. أن دعوت المعرفة ورفعت صوتك إلى الفهم. أن طلبتها كالفضة وبحثت عنها كالكنوز. فحينئذ تفهم مخافة الرب وتجد معرفة الله.""
أمثال,2,35,"الإصحاح الثاني الآيات (1-5): ""يا ابني أن قبلت كلامي وخبأت وصاياي عندك. حتى تميل آذنك إلى الحكمة وتعطف قلبك على الفهم. أن دعوت المعرفة ورفعت صوتك إلى الفهم. أن طلبتها كالفضة وبحثت عنها كالكنوز. فحينئذ تفهم مخافة الرب وتجد معرفة الله.""
أمثال,2,36,"الإصحاح الثاني الآيات (1-5): ""يا ابني أن قبلت كلامي وخبأت وصاياي عندك. حتى تميل آذنك إلى الحكمة وتعطف قلبك على الفهم. أن دعوت المعرفة ورفعت صوتك إلى الفهم. أن طلبتها كالفضة وبحثت عنها كالكنوز. فحينئذ تفهم مخافة الرب وتجد معرفة الله.""
أمثال,2,37,"الإصحاح الثاني الآيات (1-5): ""يا ابني أن قبلت كلامي وخبأت وصاياي عندك. حتى تميل آذنك إلى الحكمة وتعطف قلبك على الفهم. أن دعوت المعرفة ورفعت صوتك إلى الفهم. أن طلبتها كالفضة وبحثت عنها كالكنوز. فحينئذ تفهم مخافة الرب وتجد معرفة الله.""
أمثال,2,38,"الإصحاح الثاني الآيات (1-5): ""يا ابني أن قبلت كلامي وخبأت وصاياي عندك. حتى تميل آذنك إلى الحكمة وتعطف قلبك على الفهم. أن دعوت المعرفة ورفعت صوتك إلى الفهم. أن طلبتها كالفضة وبحثت عنها كالكنوز. فحينئذ تفهم مخافة الرب وتجد معرفة الله.""
أمثال,2,39,"الإصحاح الثاني الآيات (1-5): ""يا ابني أن قبلت كلامي وخبأت وصاياي عندك. حتى تميل آذنك إلى الحكمة وتعطف قلبك على الفهم. أن دعوت المعرفة ورفعت صوتك إلى الفهم. أن طلبتها كالفضة وبحثت عنها كالكنوز. فحينئذ تفهم مخافة الرب وتجد معرفة الله.""
أمثال,2,40,"الإصحاح الثاني الآيات (1-5): ""يا ابني أن قبلت كلامي وخبأت وصاياي عندك. حتى تميل آذنك إلى الحكمة وتعطف قلبك على الفهم. أن دعوت المعرفة ورفعت صوتك إلى الفهم. أن طلبتها كالفضة وبحثت عنها كالكنوز. فحينئذ تفهم مخافة الرب وتجد معرفة الله.""
أمثال,2,41,"الإصحاح الثاني الآيات (1-5): ""يا ابني أن قبلت كلامي وخبأت وصاياي عندك. حتى تميل آذنك إلى الحكمة وتعطف قلبك على الفهم. أن دعوت المعرفة ورفعت صوتك إلى الفهم. أن طلبتها كالفضة وبحثت عنها كالكنوز. فحينئذ تفهم مخافة الرب وتجد معرفة الله.""
أمثال,2,42,"الإصحاح الثاني الآيات (1-5): ""يا ابني أن قبلت كلامي وخبأت وصاياي عندك. حتى تميل آذنك إلى الحكمة وتعطف قلبك على الفهم. أن دعوت المعرفة ورفعت صوتك إلى الفهم. أن طلبتها كالفضة وبحثت عنها كالكنوز. فحينئذ تفهم مخافة الرب وتجد معرفة الله.""
أمثال,2,43,"الإصحاح الثاني الآيات (1-5): ""يا ابني أن قبلت كلامي وخبأت وصاياي عندك. حتى تميل آذنك إلى الحكمة وتعطف قلبك على الفهم. أن دعوت المعرفة ورفعت صوتك إلى الفهم. أن طلبتها كالفضة وبحثت عنها كالكنوز. فحينئذ تفهم مخافة الرب وتجد معرفة الله.""
أمثال,2,44,"الإصحاح الثاني الآيات (1-5): ""يا ابني أن قبلت كلامي وخبأت وصاياي عندك. حتى تميل آذنك إلى الحكمة وتعطف قلبك على الفهم. أن دعوت المعرفة ورفعت صوتك إلى الفهم. أن طلبتها كالفضة وبحثت عنها كالكنوز. فحينئذ تفهم مخافة الرب وتجد معرفة الله.""
أمثال,2,45,"الإصحاح الثاني الآيات (1-5): ""يا ابني أن قبلت كلامي وخبأت وصاياي عندك. حتى تميل آذنك إلى الحكمة وتعطف قلبك على الفهم. أن دعوت المعرفة ورفعت صوتك إلى الفهم. أن طلبتها كالفضة وبحثت عنها كالكنوز. فحينئذ تفهم مخافة الرب وتجد معرفة الله.""
أمثال,2,46,"الإصحاح الثاني الآيات (1-5): ""يا ابني أن قبلت كلامي وخبأت وصاياي عندك. حتى تميل آذنك إلى الحكمة وتعطف قلبك على الفهم. أن دعوت المعرفة ورفعت صوتك إلى الفهم. أن طلبتها كالفضة وبحثت عنها كالكنوز. فحينئذ تفهم مخافة الرب وتجد معرفة الله.""
أمثال,2,47,"الإصحاح الثاني الآيات (1-5): ""يا ابني أن قبلت كلامي وخبأت وصاياي عندك. حتى تميل آذنك إلى الحكمة وتعطف قلبك على الفهم. أن دعوت المعرفة ورفعت صوتك إلى الفهم. أن طلبتها كالفضة وبحثت عنها كالكنوز. فحينئذ تفهم مخافة الرب وتجد معرفة الله.""
أمثال,2,48,"الإصحاح الثاني الآيات (1-5): ""يا ابني أن قبلت كلامي وخبأت وصاياي عندك. حتى تميل آذنك إلى الحكمة وتعطف قلبك على الفهم. أن دعوت المعرفة ورفعت صوتك إلى الفهم. أن طلبتها كالفضة وبحثت عنها كالكنوز. فحينئذ تفهم مخافة الرب وتجد معرفة الله.""
أمثال,2,49,"الإصحاح الثاني الآيات (1-5): ""يا ابني أن قبلت كلامي وخبأت وصاياي عندك. حتى تميل آذنك إلى الحكمة وتعطف قلبك على الفهم. أن دعوت المعرفة ورفعت صوتك إلى الفهم. أن طلبتها كالفضة وبحثت عنها كالكنوز. فحينئذ تفهم مخافة الرب وتجد معرفة الله.""
أمثال,2,50,"الإصحاح الثاني الآيات (1-5): ""يا ابني أن قبلت كلامي وخبأت وصاياي عندك. حتى تميل آذنك إلى الحكمة وتعطف قلبك على الفهم. أن دعوت المعرفة ورفعت صوتك إلى الفهم. أن طلبتها كالفضة وبحثت عنها كالكنوز. فحينئذ تفهم مخافة الرب وتجد معرفة الله.""
أمثال,2,51,"الإصحاح الثاني الآيات (1-5): ""يا ابني أن قبلت كلامي وخبأت وصاياي عندك. حتى تميل آذنك إلى الحكمة وتعطف قلبك على الفهم. أن دعوت المعرفة ورفعت صوتك إلى الفهم. أن طلبتها كالفضة وبحثت عنها كالكنوز. فحينئذ تفهم مخافة الرب وتجد معرفة الله.""
أمثال,2,52,"الإصحاح الثاني الآيات (1-5): ""يا ابني أن قبلت كلامي وخبأت وصاياي عندك. حتى تميل آذنك إلى الحكمة وتعطف قلبك على الفهم. أن دعوت المعرفة ورفعت صوتك إلى الفهم. أن طلبتها كالفضة وبحثت عنها كالكنوز. فحينئذ تفهم مخافة الرب وتجد معرفة الله.""
أمثال,2,53,"الإصحاح الثاني الآيات (1-5): ""يا ابني أن قبلت كلامي وخبأت وصاياي عندك. حتى تميل آذنك إلى الحكمة وتعطف قلبك على الفهم. أن دعوت المعرفة ورفعت صوتك إلى الفهم. أن طلبتها كالفضة وبحثت عنها كالكنوز. فحينئذ تفهم مخافة الرب وتجد معرفة الله.""
أمثال,2,54,"الإصحاح الثاني الآيات (1-5): ""يا ابني أن قبلت كلامي وخبأت وصاياي عندك. حتى تميل آذنك إلى الحكمة وتعطف قلبك على الفهم. أن دعوت المعرفة ورفعت صوتك إلى الفهم. أن طلبتها كالفضة وبحثت عنها كالكنوز. فحينئذ تفهم مخافة الرب وتجد معرفة الله.""
أمثال,2,55,"الإصحاح الثاني الآيات (1-5): ""يا ابني أن قبلت كلامي وخبأت وصاياي عندك. حتى تميل آذنك إلى الحكمة وتعطف قلبك على الفهم. أن دعوت المعرفة ورفعت صوتك إلى الفهم. أن طلبتها كالفضة وبحثت عنها كالكنوز. فحينئذ تفهم مخافة الرب وتجد معرفة الله.""
أمثال,2,56,"الإصحاح الثاني الآيات (1-5): ""يا ابني أن قبلت كلامي وخبأت وصاياي عندك. حتى تميل آذنك إلى الحكمة وتعطف قلبك على الفهم. أن دعوت المعرفة ورفعت صوتك إلى الفهم. أن طلبتها كالفضة وبحثت عنها كالكنوز. فحينئذ تفهم مخافة الرب وتجد معرفة الله.""
أمثال,2,57,"الإصحاح الثاني الآيات (1-5): ""يا ابني أن قبلت كلامي وخبأت وصاياي عندك. حتى تميل آذنك إلى الحكمة وتعطف قلبك على الفهم. أن دعوت المعرفة ورفعت صوتك إلى الفهم. أن طلبتها كالفضة وبحثت عنها كالكنوز. فحينئذ تفهم مخافة الرب وتجد معرفة الله.""
أمثال,2,58,"الإصحاح الثاني الآيات (1-5): ""يا ابني أن قبلت كلامي وخبأت وصاياي عندك. حتى تميل آذنك إلى الحكمة وتعطف قلبك على الفهم. أن دعوت المعرفة ورفعت صوتك إلى الفهم. أن طلبتها كالفضة وبحثت عنها كالكنوز. فحينئذ تفهم مخافة الرب وتجد معرفة الله.""
أمثال,2,59,"الإصحاح الثاني الآيات (1-5): ""يا ابني أن قبلت كلامي وخبأت وصاياي عندك. حتى تميل آذنك إلى الحكمة وتعطف قلبك على الفهم. أن دعوت المعرفة ورفعت صوتك إلى الفهم. أن طلبتها كالفضة وبحثت عنها كالكنوز. فحينئذ تفهم مخافة الرب وتجد معرفة الله.""
أمثال,2,60,"الإصحاح الثاني الآيات (1-5): ""يا ابني أن قبلت كلامي وخبأت وصاياي عندك. حتى تميل آذنك إلى الحكمة وتعطف قلبك على الفهم. أن دعوت المعرفة ورفعت صوتك إلى الفهم. أن طلبتها كالفضة وبحثت عنها كالكنوز. فحينئذ تفهم مخافة الرب وتجد معرفة الله.""
أمثال,2,61,"الإصحاح الثاني الآيات (1-5): ""يا ابني أن قبلت كلامي وخبأت وصاياي عندك. حتى تميل آذنك إلى الحكمة وتعطف قلبك على الفهم. أن دعوت المعرفة ورفعت صوتك إلى الفهم. أن طلبتها كالفضة وبحثت عنها كالكنوز. فحينئذ تفهم مخافة الرب وتجد معرفة الله.""
أمثال,2,62,"الإصحاح الثاني الآيات (1-5): ""يا ابني أن قبلت كلامي وخبأت وصاياي عندك. حتى تميل آذنك إلى الحكمة وتعطف قلبك على الفهم. أن دعوت المعرفة ورفعت صوتك إلى الفهم. أن طلبتها كالفضة وبحثت عنها كالكنوز. فحينئذ تفهم مخافة الرب وتجد معرفة الله.""
أمثال,2,63,"الإصحاح الثاني الآيات (1-5): ""يا ابني أن قبلت كلامي وخبأت وصاياي عندك. حتى تميل آذنك إلى الحكمة وتعطف قلبك على الفهم. أن دعوت المعرفة ورفعت صوتك إلى الفهم. أن طلبتها كالفضة وبحثت عنها كالكنوز. فحينئذ تفهم مخافة الرب وتجد معرفة الله.""
أمثال,2,64,"الإصحاح الثاني الآيات (1-5): ""يا ابني أن قبلت كلامي وخبأت وصاياي عندك. حتى تميل آذنك إلى الحكمة وتعطف قلبك على الفهم. أن دعوت المعرفة ورفعت صوتك إلى الفهم. أن طلبتها كالفضة وبحثت عنها كالكنوز. فحينئذ تفهم مخافة الرب وتجد معرفة الله.""
أمثال,2,65,"الإصحاح الثاني الآيات (1-5): ""يا ابني أن قبلت كلامي وخبأت وصاياي عندك. حتى تميل آذنك إلى الحكمة وتعطف قلبك على الفهم. أن دعوت المعرفة ورفعت صوتك إلى الفهم. أن طلبتها كالفضة وبحثت عنها كالكنوز. فحينئذ تفهم مخافة الرب وتجد معرفة الله.""
أمثال,2,66,"الإصحاح الثاني الآيات (1-5): ""يا ابني أن قبلت كلامي وخبأت وصاياي عندك. حتى تميل آذنك إلى الحكمة وتعطف قلبك على الفهم. أن دعوت المعرفة ورفعت صوتك إلى الفهم. أن طلبتها كالفضة وبحثت عنها كالكنوز. فحينئذ تفهم مخافة الرب وتجد معرفة الله.""
أمثال,2,67,"الإصحاح الثاني الآيات (1-5): ""يا ابني أن قبلت كلامي وخبأت وصاياي عندك. حتى تميل آذنك إلى الحكمة وتعطف قلبك على الفهم. أن دعوت المعرفة ورفعت صوتك إلى الفهم. أن طلبتها كالفضة وبحثت عنها كالكنوز. فحينئذ تفهم مخافة الرب وتجد معرفة الله.""
أمثال,2,68,"الإصحاح الثاني الآيات (1-5): ""يا ابني أن قبلت كلامي وخبأت وصاياي عندك. حتى تميل آذنك إلى الحكمة وتعطف قلبك على الفهم. أن دعوت المعرفة ورفعت صوتك إلى الفهم. أن طلبتها كالفضة وبحثت عنها كالكنوز. فحينئذ تفهم مخافة الرب وتجد معرفة الله.""
أمثال,2,69,"الإصحاح الثاني الآيات (1-5): ""يا ابني أن قبلت كلامي وخبأت وصاياي عندك. حتى تميل آذنك إلى الحكمة وتعطف قلبك على الفهم. أن دعوت المعرفة ورفعت صوتك إلى الفهم. أن طلبتها كالفضة وبحثت عنها كالكنوز. فحينئذ تفهم مخافة الرب وتجد معرفة الله.""
أمثال,2,70,"الإصحاح الثاني الآيات (1-5): ""يا ابني أن قبلت كلامي وخبأت وصاياي عندك. حتى تميل آذنك إلى الحكمة وتعطف قلبك على الفهم. أن دعوت المعرفة ورفعت صوتك إلى الفهم. أن طلبتها كالفضة وبحثت عنها كالكنوز. فحينئذ تفهم مخافة الرب وتجد معرفة الله.""
أمثال,2,71,"الإصحاح الثاني الآيات (1-5): ""يا ابني أن قبلت كلامي وخبأت وصاياي عندك. حتى تميل آذنك إلى الحكمة وتعطف قلبك على الفهم. أن دعوت المعرفة ورفعت صوتك إلى الفهم. أن طلبتها كالفضة وبحثت عنها كالكنوز. فحينئذ تفهم مخافة الرب وتجد معرفة الله.""
أمثال,2,72,"الإصحاح الثاني الآيات (1-5): ""يا ابني أن قبلت كلامي وخبأت وصاياي عندك. حتى تميل آذنك إلى الحكمة وتعطف قلبك على الفهم. أن دعوت المعرفة ورفعت صوتك إلى الفهم. أن طلبتها كالفضة وبحثت عنها كالكنوز. فحينئذ تفهم مخافة الرب وتجد معرفة الله.""
أمثال,2,73,"الإصحاح الثاني الآيات (1-5): ""يا ابني أن قبلت كلامي وخبأت وصاياي عندك. حتى تميل آذنك إلى الحكمة وتعطف قلبك على الفهم. أن دعوت المعرفة ورفعت صوتك إلى الفهم. أن طلبتها كالفضة وبحثت عنها كالكنوز. فحينئذ تفهم مخافة الرب وتجد معرفة الله.""
أمثال,2,74,"الإصحاح الثاني الآيات (1-5): ""يا ابني أن قبلت كلامي وخبأت وصاياي عندك. حتى تميل آذنك إلى الحكمة وتعطف قلبك على الفهم. أن دعوت المعرفة ورفعت صوتك إلى الفهم. أن طلبتها كالفضة وبحثت عنها كالكنوز. فحينئذ تفهم مخافة الرب وتجد معرفة الله.""
أمثال,2,75,"الإصحاح الثاني الآيات (1-5): ""يا ابني أن قبلت كلامي وخبأت وصاياي عندك. حتى تميل آذنك إلى الحكمة وتعطف قلبك على الفهم. أن دعوت المعرفة ورفعت صوتك إلى الفهم. أن طلبتها كالفضة وبحثت عنها كالكنوز. فحينئذ تفهم مخافة الرب وتجد معرفة الله.""
أمثال,2,76,"الإصحاح الثاني الآيات (1-5): ""يا ابني أن قبلت كلامي وخبأت وصاياي عندك. حتى تميل آذنك إلى الحكمة وتعطف قلبك على الفهم. أن دعوت المعرفة ورفعت صوتك إلى الفهم. أن طلبتها كالفضة وبحثت عنها كالكنوز. فحينئذ تفهم مخافة الرب وتجد معرفة الله.""
أمثال,2,77,"الإصحاح الثاني الآيات (1-5): ""يا ابني أن قبلت كلامي وخبأت وصاياي عندك. حتى تميل آذنك إلى الحكمة وتعطف قلبك على الفهم. أن دعوت المعرفة ورفعت صوتك إلى الفهم. أن طلبتها كالفضة وبحثت عنها كالكنوز. فحينئذ تفهم مخافة الرب وتجد معرفة الله.""
أمثال,2,78,"الإصحاح الثاني الآيات (1-5): ""يا ابني أن قبلت كلامي وخبأت وصاياي عندك. حتى تميل آذنك إلى الحكمة وتعطف قلبك على الفهم. أن دعوت المعرفة ورفعت صوتك إلى الفهم. أن طلبتها كالفضة وبحثت عنها كالكنوز. فحينئذ تفهم مخافة الرب وتجد معرفة الله.""
أمثال,2,79,"الإصحاح الثاني الآيات (1-5): ""يا ابني أن قبلت كلامي وخبأت وصاياي عندك. حتى تميل آذنك إلى الحكمة وتعطف قلبك على الفهم. أن دعوت المعرفة ورفعت صوتك إلى الفهم. أن طلبتها كالفضة وبحثت عنها كالكنوز. فحينئذ تفهم مخافة الرب وتجد معرفة الله.""
أمثال,2,80,"الإصحاح الثاني الآيات (1-5): ""يا ابني أن قبلت كلامي وخبأت وصاياي عندك. حتى تميل آذنك إلى الحكمة وتعطف قلبك على الفهم. أن دعوت المعرفة ورفعت صوتك إلى الفهم. أن طلبتها كالفضة وبحثت عنها كالكنوز. فحينئذ تفهم مخافة الرب وتجد معرفة الله.""
أمثال,2,81,"الإصحاح الثاني الآيات (1-5): ""يا ابني أن قبلت كلامي وخبأت وصاياي عندك. حتى تميل آذنك إلى الحكمة وتعطف قلبك على الفهم. أن دعوت المعرفة ورفعت صوتك إلى الفهم. أن طلبتها كالفضة وبحثت عنها كالكنوز. فحينئذ تفهم مخافة الرب وتجد معرفة الله.""
أمثال,2,82,"الإصحاح الثاني الآيات (1-5): ""يا ابني أن قبلت كلامي وخبأت وصاياي عندك. حتى تميل آذنك إلى الحكمة وتعطف قلبك على الفهم. أن دعوت المعرفة ورفعت صوتك إلى الفهم. أن طلبتها كالفضة وبحثت عنها كالكنوز. فحينئذ تفهم مخافة الرب وتجد معرفة الله.""
أمثال,2,83,"الإصحاح الثاني الآيات (1-5): ""يا ابني أن قبلت كلامي وخبأت وصاياي عندك. حتى تميل آذنك إلى الحكمة وتعطف قلبك على الفهم. أن دعوت المعرفة ورفعت صوتك إلى الفهم. أن طلبتها كالفضة وبحثت عنها كالكنوز. فحينئذ تفهم مخافة الرب وتجد معرفة الله.""
أمثال,2,84,"الإصحاح الثاني الآيات (1-5): ""يا ابني أن قبلت كلامي وخبأت وصاياي عندك. حتى تميل آذنك إلى الحكمة وتعطف قلبك على الفهم. أن دعوت المعرفة ورفعت صوتك إلى الفهم. أن طلبتها كالفضة وبحثت عنها كالكنوز. فحينئذ تفهم مخافة الرب وتجد معرفة الله.""
أمثال,2,85,"الإصحاح الثاني الآيات (1-5): ""يا ابني أن قبلت كلامي وخبأت وصاياي عندك. حتى تميل آذنك إلى الحكمة وتعطف قلبك على الفهم. أن دعوت المعرفة ورفعت صوتك إلى الفهم. أن طلبتها كالفضة وبحثت عنها كالكنوز. فحينئذ تفهم مخافة الرب وتجد معرفة الله.""
أمثال,2,86,"الإصحاح الثاني الآيات (1-5): ""يا ابني أن قبلت كلامي وخبأت وصاياي عندك. حتى تميل آذنك إلى الحكمة وتعطف قلبك على الفهم. أن دعوت المعرفة ورفعت صوتك إلى الفهم. أن طلبتها كالفضة وبحثت عنها كالكنوز. فحينئذ تفهم مخافة الرب وتجد معرفة الله.""
أمثال,2,87,"الإصحاح الثاني الآيات (1-5): ""يا ابني أن قبلت كلامي وخبأت وصاياي عندك. حتى تميل آذنك إلى الحكمة وتعطف قلبك على الفهم. أن دعوت المعرفة ورفعت صوتك إلى الفهم. أن طلبتها كالفضة وبحثت عنها كالكنوز. فحينئذ تفهم مخافة الرب وتجد معرفة الله.""
أمثال,2,88,"الإصحاح الثاني الآيات (1-5): ""يا ابني أن قبلت كلامي وخبأت وصاياي عندك. حتى تميل آذنك إلى الحكمة وتعطف قلبك على الفهم. أن دعوت المعرفة ورفعت صوتك إلى الفهم. أن طلبتها كالفضة وبحثت عنها كالكنوز. فحينئذ تفهم مخافة الرب وتجد معرفة الله.""
أمثال,2,89,"الإصحاح الثاني الآيات (1-5): ""يا ابني أن قبلت كلامي وخبأت وصاياي عندك. حتى تميل آذنك إلى الحكمة وتعطف قلبك على الفهم. أن دعوت المعرفة ورفعت صوتك إلى الفهم. أن طلبتها كالفضة وبحثت عنها كالكنوز. فحينئذ تفهم مخافة الرب وتجد معرفة الله.""
أمثال,2,90,"الإصحاح الثاني الآيات (1-5): ""يا ابني أن قبلت كلامي وخبأت وصاياي عندك. حتى تميل آذنك إلى الحكمة وتعطف قلبك على الفهم. أن دعوت المعرفة ورفعت صوتك إلى الفهم. أن طلبتها كالفضة وبحثت عنها كالكنوز. فحينئذ تفهم مخافة الرب وتجد معرفة الله.""
أمثال,2,91,"الإصحاح الثاني الآيات (1-5): ""يا ابني أن قبلت كلامي وخبأت وصاياي عندك. حتى تميل آذنك إلى الحكمة وتعطف قلبك على الفهم. أن دعوت المعرفة ورفعت صوتك إلى الفهم. أن طلبتها كالفضة وبحثت عنها كالكنوز. فحينئذ تفهم مخافة الرب وتجد معرفة الله.""
أمثال,2,92,"الإصحاح الثاني الآيات (1-5): ""يا ابني أن قبلت كلامي وخبأت وصاياي عندك. حتى تميل آذنك إلى الحكمة وتعطف قلبك على الفهم. أن دعوت المعرفة ورفعت صوتك إلى الفهم. أن طلبتها كالفضة وبحثت عنها كالكنوز. فحينئذ تفهم مخافة الرب وتجد معرفة الله.""
أمثال,2,93,"الإصحاح الثاني الآيات (1-5): ""يا ابني أن قبلت كلامي وخبأت وصاياي عندك. حتى تميل آذنك إلى الحكمة وتعطف قلبك على الفهم. أن دعوت المعرفة ورفعت صوتك إلى الفهم. أن طلبتها كالفضة وبحثت عنها كالكنوز. فحينئذ تفهم مخافة الرب وتجد معرفة الله.""
أمثال,2,94,"الإصحاح الثاني الآيات (1-5): ""يا ابني أن قبلت كلامي وخبأت وصاياي عندك. حتى تميل آذنك إلى الحكمة وتعطف قلبك على الفهم. أن دعوت المعرفة ورفعت صوتك إلى الفهم. أن طلبتها كالفضة وبحثت عنها كالكنوز. فحينئذ تفهم مخافة الرب وتجد معرفة الله.""
أمثال,2,95,"الإصحاح الثاني الآيات (1-5): ""يا ابني أن قبلت كلامي وخبأت وصاياي عندك. حتى تميل آذنك إلى الحكمة وتعطف قلبك على الفهم. أن دعوت المعرفة ورفعت صوتك إلى الفهم. أن طلبتها كالفضة وبحثت عنها كالكنوز. فحينئذ تفهم مخافة الرب وتجد معرفة الله.""
أمثال,2,96,"الإصحاح الثاني الآيات (1-5): ""يا ابني أن قبلت كلامي وخبأت وصاياي عندك. حتى تميل آذنك إلى الحكمة وتعطف قلبك على الفهم. أن دعوت المعرفة ورفعت صوتك إلى الفهم. أن طلبتها كالفضة وبحثت عنها كالكنوز. فحينئذ تفهم مخافة الرب وتجد معرفة الله.""
أمثال,2,97,"الإصحاح الثاني الآيات (1-5): ""يا ابني أن قبلت كلامي وخبأت وصاياي عندك. حتى تميل آذنك إلى الحكمة وتعطف قلبك على الفهم. أن دعوت المعرفة ورفعت صوتك إلى الفهم. أن طلبتها كالفضة وبحثت عنها كالكنوز. فحينئذ تفهم مخافة الرب وتجد معرفة الله.""
أمثال,2,98,"الإصحاح الثاني الآيات (1-5): ""يا ابني أن قبلت كلامي وخبأت وصاياي عندك. حتى تميل آذنك إلى الحكمة وتعطف قلبك على الفهم. أن دعوت المعرفة ورفعت صوتك إلى الفهم. أن طلبتها كالفضة وبحثت عنها كالكنوز. فحينئذ تفهم مخافة الرب وتجد معرفة الله.""
أمثال,2,99,"الإصحاح الثاني الآيات (1-5): ""يا ابني أن قبلت كلامي وخبأت وصاياي عندك. حتى تميل آذنك إلى الحكمة وتعطف قلبك على الفهم. أن دعوت المعرفة ورفعت صوتك إلى الفهم. أن طلبتها كالفضة وبحثت عنها كالكنوز. فحينئذ تفهم مخافة الرب وتجد معرفة الله.""
أمثال,3,1,"الإصحاح الثالث خلاصة هذا الإصحاح أنه هو دعوة لكل إنسان أن يرضى الله فيبارك الله حياته.
أمثال,3,2,"الإصحاح الثالث خلاصة هذا الإصحاح أنه هو دعوة لكل إنسان أن يرضى الله فيبارك الله حياته.
أمثال,3,3,"الإصحاح الثالث خلاصة هذا الإصحاح أنه هو دعوة لكل إنسان أن يرضى الله فيبارك الله حياته.
أمثال,3,4,"الإصحاح الثالث خلاصة هذا الإصحاح أنه هو دعوة لكل إنسان أن يرضى الله فيبارك الله حياته.
أمثال,3,5,"الإصحاح الثالث خلاصة هذا الإصحاح أنه هو دعوة لكل إنسان أن يرضى الله فيبارك الله حياته.
أمثال,3,6,"الإصحاح الثالث خلاصة هذا الإصحاح أنه هو دعوة لكل إنسان أن يرضى الله فيبارك الله حياته.
أمثال,3,7,"الإصحاح الثالث خلاصة هذا الإصحاح أنه هو دعوة لكل إنسان أن يرضى الله فيبارك الله حياته.
أمثال,3,8,"الإصحاح الثالث خلاصة هذا الإصحاح أنه هو دعوة لكل إنسان أن يرضى الله فيبارك الله حياته.
أمثال,3,9,"الإصحاح الثالث خلاصة هذا الإصحاح أنه هو دعوة لكل إنسان أن يرضى الله فيبارك الله حياته.
أمثال,3,10,"الإصحاح الثالث خلاصة هذا الإصحاح أنه هو دعوة لكل إنسان أن يرضى الله فيبارك الله حياته.
أمثال,3,11,"الإصحاح الثالث خلاصة هذا الإصحاح أنه هو دعوة لكل إنسان أن يرضى الله فيبارك الله حياته.
أمثال,3,12,"الإصحاح الثالث خلاصة هذا الإصحاح أنه هو دعوة لكل إنسان أن يرضى الله فيبارك الله حياته.
أمثال,3,13,"الإصحاح الثالث خلاصة هذا الإصحاح أنه هو دعوة لكل إنسان أن يرضى الله فيبارك الله حياته.
أمثال,3,14,"الإصحاح الثالث خلاصة هذا الإصحاح أنه هو دعوة لكل إنسان أن يرضى الله فيبارك الله حياته.
أمثال,3,15,"الإصحاح الثالث خلاصة هذا الإصحاح أنه هو دعوة لكل إنسان أن يرضى الله فيبارك الله حياته.
أمثال,3,16,"الإصحاح الثالث خلاصة هذا الإصحاح أنه هو دعوة لكل إنسان أن يرضى الله فيبارك الله حياته.
أمثال,3,17,"الإصحاح الثالث خلاصة هذا الإصحاح أنه هو دعوة لكل إنسان أن يرضى الله فيبارك الله حياته.
أمثال,3,18,"الإصحاح الثالث خلاصة هذا الإصحاح أنه هو دعوة لكل إنسان أن يرضى الله فيبارك الله حياته.
أمثال,3,19,"الإصحاح الثالث خلاصة هذا الإصحاح أنه هو دعوة لكل إنسان أن يرضى الله فيبارك الله حياته.
أمثال,3,20,"الإصحاح الثالث خلاصة هذا الإصحاح أنه هو دعوة لكل إنسان أن يرضى الله فيبارك الله حياته.
أمثال,3,21,"الإصحاح الثالث خلاصة هذا الإصحاح أنه هو دعوة لكل إنسان أن يرضى الله فيبارك الله حياته.
أمثال,3,22,"الإصحاح الثالث خلاصة هذا الإصحاح أنه هو دعوة لكل إنسان أن يرضى الله فيبارك الله حياته.
أمثال,3,23,"الإصحاح الثالث خلاصة هذا الإصحاح أنه هو دعوة لكل إنسان أن يرضى الله فيبارك الله حياته.
أمثال,3,24,"الإصحاح الثالث خلاصة هذا الإصحاح أنه هو دعوة لكل إنسان أن يرضى الله فيبارك الله حياته.
أمثال,3,25,"الإصحاح الثالث خلاصة هذا الإصحاح أنه هو دعوة لكل إنسان أن يرضى الله فيبارك الله حياته.
أمثال,3,26,"الإصحاح الثالث خلاصة هذا الإصحاح أنه هو دعوة لكل إنسان أن يرضى الله فيبارك الله حياته.
أمثال,3,27,"الإصحاح الثالث خلاصة هذا الإصحاح أنه هو دعوة لكل إنسان أن يرضى الله فيبارك الله حياته.
أمثال,3,28,"الإصحاح الثالث خلاصة هذا الإصحاح أنه هو دعوة لكل إنسان أن يرضى الله فيبارك الله حياته.
أمثال,3,29,"الإصحاح الثالث خلاصة هذا الإصحاح أنه هو دعوة لكل إنسان أن يرضى الله فيبارك الله حياته.
أمثال,3,30,"الإصحاح الثالث خلاصة هذا الإصحاح أنه هو دعوة لكل إنسان أن يرضى الله فيبارك الله حياته.
أمثال,3,31,"الإصحاح الثالث خلاصة هذا الإصحاح أنه هو دعوة لكل إنسان أن يرضى الله فيبارك الله حياته.
أمثال,3,32,"الإصحاح الثالث خلاصة هذا الإصحاح أنه هو دعوة لكل إنسان أن يرضى الله فيبارك الله حياته.
أمثال,3,33,"الإصحاح الثالث خلاصة هذا الإصحاح أنه هو دعوة لكل إنسان أن يرضى الله فيبارك الله حياته.
أمثال,3,34,"الإصحاح الثالث خلاصة هذا الإصحاح أنه هو دعوة لكل إنسان أن يرضى الله فيبارك الله حياته.
أمثال,3,35,"الإصحاح الثالث خلاصة هذا الإصحاح أنه هو دعوة لكل إنسان أن يرضى الله فيبارك الله حياته.
أمثال,3,36,"الإصحاح الثالث خلاصة هذا الإصحاح أنه هو دعوة لكل إنسان أن يرضى الله فيبارك الله حياته.
أمثال,3,37,"الإصحاح الثالث خلاصة هذا الإصحاح أنه هو دعوة لكل إنسان أن يرضى الله فيبارك الله حياته.
أمثال,3,38,"الإصحاح الثالث خلاصة هذا الإصحاح أنه هو دعوة لكل إنسان أن يرضى الله فيبارك الله حياته.
أمثال,3,39,"الإصحاح الثالث خلاصة هذا الإصحاح أنه هو دعوة لكل إنسان أن يرضى الله فيبارك الله حياته.
أمثال,3,40,"الإصحاح الثالث خلاصة هذا الإصحاح أنه هو دعوة لكل إنسان أن يرضى الله فيبارك الله حياته.
أمثال,3,41,"الإصحاح الثالث خلاصة هذا الإصحاح أنه هو دعوة لكل إنسان أن يرضى الله فيبارك الله حياته.
أمثال,3,42,"الإصحاح الثالث خلاصة هذا الإصحاح أنه هو دعوة لكل إنسان أن يرضى الله فيبارك الله حياته.
أمثال,3,43,"الإصحاح الثالث خلاصة هذا الإصحاح أنه هو دعوة لكل إنسان أن يرضى الله فيبارك الله حياته.
أمثال,3,44,"الإصحاح الثالث خلاصة هذا الإصحاح أنه هو دعوة لكل إنسان أن يرضى الله فيبارك الله حياته.
أمثال,3,45,"الإصحاح الثالث خلاصة هذا الإصحاح أنه هو دعوة لكل إنسان أن يرضى الله فيبارك الله حياته.
أمثال,3,46,"الإصحاح الثالث خلاصة هذا الإصحاح أنه هو دعوة لكل إنسان أن يرضى الله فيبارك الله حياته.
أمثال,3,47,"الإصحاح الثالث خلاصة هذا الإصحاح أنه هو دعوة لكل إنسان أن يرضى الله فيبارك الله حياته.
أمثال,3,48,"الإصحاح الثالث خلاصة هذا الإصحاح أنه هو دعوة لكل إنسان أن يرضى الله فيبارك الله حياته.
أمثال,3,49,"الإصحاح الثالث خلاصة هذا الإصحاح أنه هو دعوة لكل إنسان أن يرضى الله فيبارك الله حياته.
أمثال,3,50,"الإصحاح الثالث خلاصة هذا الإصحاح أنه هو دعوة لكل إنسان أن يرضى الله فيبارك الله حياته.
أمثال,3,51,"الإصحاح الثالث خلاصة هذا الإصحاح أنه هو دعوة لكل إنسان أن يرضى الله فيبارك الله حياته.
أمثال,3,52,"الإصحاح الثالث خلاصة هذا الإصحاح أنه هو دعوة لكل إنسان أن يرضى الله فيبارك الله حياته.
أمثال,3,53,"الإصحاح الثالث خلاصة هذا الإصحاح أنه هو دعوة لكل إنسان أن يرضى الله فيبارك الله حياته.
أمثال,3,54,"الإصحاح الثالث خلاصة هذا الإصحاح أنه هو دعوة لكل إنسان أن يرضى الله فيبارك الله حياته.
أمثال,3,55,"الإصحاح الثالث خلاصة هذا الإصحاح أنه هو دعوة لكل إنسان أن يرضى الله فيبارك الله حياته.
أمثال,3,56,"الإصحاح الثالث خلاصة هذا الإصحاح أنه هو دعوة لكل إنسان أن يرضى الله فيبارك الله حياته.
أمثال,3,57,"الإصحاح الثالث خلاصة هذا الإصحاح أنه هو دعوة لكل إنسان أن يرضى الله فيبارك الله حياته.
أمثال,3,58,"الإصحاح الثالث خلاصة هذا الإصحاح أنه هو دعوة لكل إنسان أن يرضى الله فيبارك الله حياته.
أمثال,3,59,"الإصحاح الثالث خلاصة هذا الإصحاح أنه هو دعوة لكل إنسان أن يرضى الله فيبارك الله حياته.
أمثال,3,60,"الإصحاح الثالث خلاصة هذا الإصحاح أنه هو دعوة لكل إنسان أن يرضى الله فيبارك الله حياته.
أمثال,3,61,"الإصحاح الثالث خلاصة هذا الإصحاح أنه هو دعوة لكل إنسان أن يرضى الله فيبارك الله حياته.
أمثال,3,62,"الإصحاح الثالث خلاصة هذا الإصحاح أنه هو دعوة لكل إنسان أن يرضى الله فيبارك الله حياته.
أمثال,3,63,"الإصحاح الثالث خلاصة هذا الإصحاح أنه هو دعوة لكل إنسان أن يرضى الله فيبارك الله حياته.
أمثال,3,64,"الإصحاح الثالث خلاصة هذا الإصحاح أنه هو دعوة لكل إنسان أن يرضى الله فيبارك الله حياته.
أمثال,3,65,"الإصحاح الثالث خلاصة هذا الإصحاح أنه هو دعوة لكل إنسان أن يرضى الله فيبارك الله حياته.
أمثال,3,66,"الإصحاح الثالث خلاصة هذا الإصحاح أنه هو دعوة لكل إنسان أن يرضى الله فيبارك الله حياته.
أمثال,3,67,"الإصحاح الثالث خلاصة هذا الإصحاح أنه هو دعوة لكل إنسان أن يرضى الله فيبارك الله حياته.
أمثال,3,68,"الإصحاح الثالث خلاصة هذا الإصحاح أنه هو دعوة لكل إنسان أن يرضى الله فيبارك الله حياته.
أمثال,3,69,"الإصحاح الثالث خلاصة هذا الإصحاح أنه هو دعوة لكل إنسان أن يرضى الله فيبارك الله حياته.
أمثال,3,70,"الإصحاح الثالث خلاصة هذا الإصحاح أنه هو دعوة لكل إنسان أن يرضى الله فيبارك الله حياته.
أمثال,3,71,"الإصحاح الثالث خلاصة هذا الإصحاح أنه هو دعوة لكل إنسان أن يرضى الله فيبارك الله حياته.
أمثال,3,72,"الإصحاح الثالث خلاصة هذا الإصحاح أنه هو دعوة لكل إنسان أن يرضى الله فيبارك الله حياته.
أمثال,3,73,"الإصحاح الثالث خلاصة هذا الإصحاح أنه هو دعوة لكل إنسان أن يرضى الله فيبارك الله حياته.
أمثال,3,74,"الإصحاح الثالث خلاصة هذا الإصحاح أنه هو دعوة لكل إنسان أن يرضى الله فيبارك الله حياته.
أمثال,3,75,"الإصحاح الثالث خلاصة هذا الإصحاح أنه هو دعوة لكل إنسان أن يرضى الله فيبارك الله حياته.
أمثال,3,76,"الإصحاح الثالث خلاصة هذا الإصحاح أنه هو دعوة لكل إنسان أن يرضى الله فيبارك الله حياته.
أمثال,3,77,"الإصحاح الثالث خلاصة هذا الإصحاح أنه هو دعوة لكل إنسان أن يرضى الله فيبارك الله حياته.
أمثال,3,78,"الإصحاح الثالث خلاصة هذا الإصحاح أنه هو دعوة لكل إنسان أن يرضى الله فيبارك الله حياته.
أمثال,3,79,"الإصحاح الثالث خلاصة هذا الإصحاح أنه هو دعوة لكل إنسان أن يرضى الله فيبارك الله حياته.
أمثال,3,80,"الإصحاح الثالث خلاصة هذا الإصحاح أنه هو دعوة لكل إنسان أن يرضى الله فيبارك الله حياته.
أمثال,3,81,"الإصحاح الثالث خلاصة هذا الإصحاح أنه هو دعوة لكل إنسان أن يرضى الله فيبارك الله حياته.
أمثال,3,82,"الإصحاح الثالث خلاصة هذا الإصحاح أنه هو دعوة لكل إنسان أن يرضى الله فيبارك الله حياته.
أمثال,3,83,"الإصحاح الثالث خلاصة هذا الإصحاح أنه هو دعوة لكل إنسان أن يرضى الله فيبارك الله حياته.
أمثال,3,84,"الإصحاح الثالث خلاصة هذا الإصحاح أنه هو دعوة لكل إنسان أن يرضى الله فيبارك الله حياته.
أمثال,3,85,"الإصحاح الثالث خلاصة هذا الإصحاح أنه هو دعوة لكل إنسان أن يرضى الله فيبارك الله حياته.
أمثال,3,86,"الإصحاح الثالث خلاصة هذا الإصحاح أنه هو دعوة لكل إنسان أن يرضى الله فيبارك الله حياته.
أمثال,3,87,"الإصحاح الثالث خلاصة هذا الإصحاح أنه هو دعوة لكل إنسان أن يرضى الله فيبارك الله حياته.
أمثال,3,88,"الإصحاح الثالث خلاصة هذا الإصحاح أنه هو دعوة لكل إنسان أن يرضى الله فيبارك الله حياته.
أمثال,3,89,"الإصحاح الثالث خلاصة هذا الإصحاح أنه هو دعوة لكل إنسان أن يرضى الله فيبارك الله حياته.
أمثال,3,90,"الإصحاح الثالث خلاصة هذا الإصحاح أنه هو دعوة لكل إنسان أن يرضى الله فيبارك الله حياته.
أمثال,3,91,"الإصحاح الثالث خلاصة هذا الإصحاح أنه هو دعوة لكل إنسان أن يرضى الله فيبارك الله حياته.
أمثال,3,92,"الإصحاح الثالث خلاصة هذا الإصحاح أنه هو دعوة لكل إنسان أن يرضى الله فيبارك الله حياته.
أمثال,3,93,"الإصحاح الثالث خلاصة هذا الإصحاح أنه هو دعوة لكل إنسان أن يرضى الله فيبارك الله حياته.
أمثال,3,94,"الإصحاح الثالث خلاصة هذا الإصحاح أنه هو دعوة لكل إنسان أن يرضى الله فيبارك الله حياته.
أمثال,3,95,"الإصحاح الثالث خلاصة هذا الإصحاح أنه هو دعوة لكل إنسان أن يرضى الله فيبارك الله حياته.
أمثال,3,96,"الإصحاح الثالث خلاصة هذا الإصحاح أنه هو دعوة لكل إنسان أن يرضى الله فيبارك الله حياته.
أمثال,3,97,"الإصحاح الثالث خلاصة هذا الإصحاح أنه هو دعوة لكل إنسان أن يرضى الله فيبارك الله حياته.
أمثال,3,98,"الإصحاح الثالث خلاصة هذا الإصحاح أنه هو دعوة لكل إنسان أن يرضى الله فيبارك الله حياته.
أمثال,3,99,"الإصحاح الثالث خلاصة هذا الإصحاح أنه هو دعوة لكل إنسان أن يرضى الله فيبارك الله حياته.
أمثال,4,1,"الإصحاح الرابع الآيات (1-9): ""اسمعوا أيها البنون تأديب الأب و أصغوا لأجل معرفة الفهم. لأني أعطيكم تعليماً صالحاً فلا تتركوا شريعتي. فأني كنت ابناً لأبي غضاً ووحيدا عند أمي. وكان يريني ويقول لي ليضبط قلبك كلامي احفظ وصاياي فتحيا. اقتن الحكمة اقتن الفهم لا تنس ولا تعرض عن كلمات فمي. لا تتركها فتحفظك أحببها فتصونك. الحكمة هي الرأس فاقتن الحكمة وبكل مقتناك اقتن الفهم. ارفعها فتعليك تمجدك إذا اعتنقتها. تعطي رأسك إكليل نعمة تاج جمال تمنحك.""
أمثال,4,2,"الإصحاح الرابع الآيات (1-9): ""اسمعوا أيها البنون تأديب الأب و أصغوا لأجل معرفة الفهم. لأني أعطيكم تعليماً صالحاً فلا تتركوا شريعتي. فأني كنت ابناً لأبي غضاً ووحيدا عند أمي. وكان يريني ويقول لي ليضبط قلبك كلامي احفظ وصاياي فتحيا. اقتن الحكمة اقتن الفهم لا تنس ولا تعرض عن كلمات فمي. لا تتركها فتحفظك أحببها فتصونك. الحكمة هي الرأس فاقتن الحكمة وبكل مقتناك اقتن الفهم. ارفعها فتعليك تمجدك إذا اعتنقتها. تعطي رأسك إكليل نعمة تاج جمال تمنحك.""
أمثال,4,3,"الإصحاح الرابع الآيات (1-9): ""اسمعوا أيها البنون تأديب الأب و أصغوا لأجل معرفة الفهم. لأني أعطيكم تعليماً صالحاً فلا تتركوا شريعتي. فأني كنت ابناً لأبي غضاً ووحيدا عند أمي. وكان يريني ويقول لي ليضبط قلبك كلامي احفظ وصاياي فتحيا. اقتن الحكمة اقتن الفهم لا تنس ولا تعرض عن كلمات فمي. لا تتركها فتحفظك أحببها فتصونك. الحكمة هي الرأس فاقتن الحكمة وبكل مقتناك اقتن الفهم. ارفعها فتعليك تمجدك إذا اعتنقتها. تعطي رأسك إكليل نعمة تاج جمال تمنحك.""
أمثال,4,4,"الإصحاح الرابع الآيات (1-9): ""اسمعوا أيها البنون تأديب الأب و أصغوا لأجل معرفة الفهم. لأني أعطيكم تعليماً صالحاً فلا تتركوا شريعتي. فأني كنت ابناً لأبي غضاً ووحيدا عند أمي. وكان يريني ويقول لي ليضبط قلبك كلامي احفظ وصاياي فتحيا. اقتن الحكمة اقتن الفهم لا تنس ولا تعرض عن كلمات فمي. لا تتركها فتحفظك أحببها فتصونك. الحكمة هي الرأس فاقتن الحكمة وبكل مقتناك اقتن الفهم. ارفعها فتعليك تمجدك إذا اعتنقتها. تعطي رأسك إكليل نعمة تاج جمال تمنحك.""
أمثال,4,5,"الإصحاح الرابع الآيات (1-9): ""اسمعوا أيها البنون تأديب الأب و أصغوا لأجل معرفة الفهم. لأني أعطيكم تعليماً صالحاً فلا تتركوا شريعتي. فأني كنت ابناً لأبي غضاً ووحيدا عند أمي. وكان يريني ويقول لي ليضبط قلبك كلامي احفظ وصاياي فتحيا. اقتن الحكمة اقتن الفهم لا تنس ولا تعرض عن كلمات فمي. لا تتركها فتحفظك أحببها فتصونك. الحكمة هي الرأس فاقتن الحكمة وبكل مقتناك اقتن الفهم. ارفعها فتعليك تمجدك إذا اعتنقتها. تعطي رأسك إكليل نعمة تاج جمال تمنحك.""
أمثال,4,6,"الإصحاح الرابع الآيات (1-9): ""اسمعوا أيها البنون تأديب الأب و أصغوا لأجل معرفة الفهم. لأني أعطيكم تعليماً صالحاً فلا تتركوا شريعتي. فأني كنت ابناً لأبي غضاً ووحيدا عند أمي. وكان يريني ويقول لي ليضبط قلبك كلامي احفظ وصاياي فتحيا. اقتن الحكمة اقتن الفهم لا تنس ولا تعرض عن كلمات فمي. لا تتركها فتحفظك أحببها فتصونك. الحكمة هي الرأس فاقتن الحكمة وبكل مقتناك اقتن الفهم. ارفعها فتعليك تمجدك إذا اعتنقتها. تعطي رأسك إكليل نعمة تاج جمال تمنحك.""
أمثال,4,7,"الإصحاح الرابع الآيات (1-9): ""اسمعوا أيها البنون تأديب الأب و أصغوا لأجل معرفة الفهم. لأني أعطيكم تعليماً صالحاً فلا تتركوا شريعتي. فأني كنت ابناً لأبي غضاً ووحيدا عند أمي. وكان يريني ويقول لي ليضبط قلبك كلامي احفظ وصاياي فتحيا. اقتن الحكمة اقتن الفهم لا تنس ولا تعرض عن كلمات فمي. لا تتركها فتحفظك أحببها فتصونك. الحكمة هي الرأس فاقتن الحكمة وبكل مقتناك اقتن الفهم. ارفعها فتعليك تمجدك إذا اعتنقتها. تعطي رأسك إكليل نعمة تاج جمال تمنحك.""
أمثال,4,8,"الإصحاح الرابع الآيات (1-9): ""اسمعوا أيها البنون تأديب الأب و أصغوا لأجل معرفة الفهم. لأني أعطيكم تعليماً صالحاً فلا تتركوا شريعتي. فأني كنت ابناً لأبي غضاً ووحيدا عند أمي. وكان يريني ويقول لي ليضبط قلبك كلامي احفظ وصاياي فتحيا. اقتن الحكمة اقتن الفهم لا تنس ولا تعرض عن كلمات فمي. لا تتركها فتحفظك أحببها فتصونك. الحكمة هي الرأس فاقتن الحكمة وبكل مقتناك اقتن الفهم. ارفعها فتعليك تمجدك إذا اعتنقتها. تعطي رأسك إكليل نعمة تاج جمال تمنحك.""
أمثال,4,9,"الإصحاح الرابع الآيات (1-9): ""اسمعوا أيها البنون تأديب الأب و أصغوا لأجل معرفة الفهم. لأني أعطيكم تعليماً صالحاً فلا تتركوا شريعتي. فأني كنت ابناً لأبي غضاً ووحيدا عند أمي. وكان يريني ويقول لي ليضبط قلبك كلامي احفظ وصاياي فتحيا. اقتن الحكمة اقتن الفهم لا تنس ولا تعرض عن كلمات فمي. لا تتركها فتحفظك أحببها فتصونك. الحكمة هي الرأس فاقتن الحكمة وبكل مقتناك اقتن الفهم. ارفعها فتعليك تمجدك إذا اعتنقتها. تعطي رأسك إكليل نعمة تاج جمال تمنحك.""
أمثال,4,10,"الإصحاح الرابع الآيات (1-9): ""اسمعوا أيها البنون تأديب الأب و أصغوا لأجل معرفة الفهم. لأني أعطيكم تعليماً صالحاً فلا تتركوا شريعتي. فأني كنت ابناً لأبي غضاً ووحيدا عند أمي. وكان يريني ويقول لي ليضبط قلبك كلامي احفظ وصاياي فتحيا. اقتن الحكمة اقتن الفهم لا تنس ولا تعرض عن كلمات فمي. لا تتركها فتحفظك أحببها فتصونك. الحكمة هي الرأس فاقتن الحكمة وبكل مقتناك اقتن الفهم. ارفعها فتعليك تمجدك إذا اعتنقتها. تعطي رأسك إكليل نعمة تاج جمال تمنحك.""
أمثال,4,11,"الإصحاح الرابع الآيات (1-9): ""اسمعوا أيها البنون تأديب الأب و أصغوا لأجل معرفة الفهم. لأني أعطيكم تعليماً صالحاً فلا تتركوا شريعتي. فأني كنت ابناً لأبي غضاً ووحيدا عند أمي. وكان يريني ويقول لي ليضبط قلبك كلامي احفظ وصاياي فتحيا. اقتن الحكمة اقتن الفهم لا تنس ولا تعرض عن كلمات فمي. لا تتركها فتحفظك أحببها فتصونك. الحكمة هي الرأس فاقتن الحكمة وبكل مقتناك اقتن الفهم. ارفعها فتعليك تمجدك إذا اعتنقتها. تعطي رأسك إكليل نعمة تاج جمال تمنحك.""
أمثال,4,12,"الإصحاح الرابع الآيات (1-9): ""اسمعوا أيها البنون تأديب الأب و أصغوا لأجل معرفة الفهم. لأني أعطيكم تعليماً صالحاً فلا تتركوا شريعتي. فأني كنت ابناً لأبي غضاً ووحيدا عند أمي. وكان يريني ويقول لي ليضبط قلبك كلامي احفظ وصاياي فتحيا. اقتن الحكمة اقتن الفهم لا تنس ولا تعرض عن كلمات فمي. لا تتركها فتحفظك أحببها فتصونك. الحكمة هي الرأس فاقتن الحكمة وبكل مقتناك اقتن الفهم. ارفعها فتعليك تمجدك إذا اعتنقتها. تعطي رأسك إكليل نعمة تاج جمال تمنحك.""
أمثال,4,13,"الإصحاح الرابع الآيات (1-9): ""اسمعوا أيها البنون تأديب الأب و أصغوا لأجل معرفة الفهم. لأني أعطيكم تعليماً صالحاً فلا تتركوا شريعتي. فأني كنت ابناً لأبي غضاً ووحيدا عند أمي. وكان يريني ويقول لي ليضبط قلبك كلامي احفظ وصاياي فتحيا. اقتن الحكمة اقتن الفهم لا تنس ولا تعرض عن كلمات فمي. لا تتركها فتحفظك أحببها فتصونك. الحكمة هي الرأس فاقتن الحكمة وبكل مقتناك اقتن الفهم. ارفعها فتعليك تمجدك إذا اعتنقتها. تعطي رأسك إكليل نعمة تاج جمال تمنحك.""
أمثال,4,14,"الإصحاح الرابع الآيات (1-9): ""اسمعوا أيها البنون تأديب الأب و أصغوا لأجل معرفة الفهم. لأني أعطيكم تعليماً صالحاً فلا تتركوا شريعتي. فأني كنت ابناً لأبي غضاً ووحيدا عند أمي. وكان يريني ويقول لي ليضبط قلبك كلامي احفظ وصاياي فتحيا. اقتن الحكمة اقتن الفهم لا تنس ولا تعرض عن كلمات فمي. لا تتركها فتحفظك أحببها فتصونك. الحكمة هي الرأس فاقتن الحكمة وبكل مقتناك اقتن الفهم. ارفعها فتعليك تمجدك إذا اعتنقتها. تعطي رأسك إكليل نعمة تاج جمال تمنحك.""
أمثال,4,15,"الإصحاح الرابع الآيات (1-9): ""اسمعوا أيها البنون تأديب الأب و أصغوا لأجل معرفة الفهم. لأني أعطيكم تعليماً صالحاً فلا تتركوا شريعتي. فأني كنت ابناً لأبي غضاً ووحيدا عند أمي. وكان يريني ويقول لي ليضبط قلبك كلامي احفظ وصاياي فتحيا. اقتن الحكمة اقتن الفهم لا تنس ولا تعرض عن كلمات فمي. لا تتركها فتحفظك أحببها فتصونك. الحكمة هي الرأس فاقتن الحكمة وبكل مقتناك اقتن الفهم. ارفعها فتعليك تمجدك إذا اعتنقتها. تعطي رأسك إكليل نعمة تاج جمال تمنحك.""
أمثال,4,16,"الإصحاح الرابع الآيات (1-9): ""اسمعوا أيها البنون تأديب الأب و أصغوا لأجل معرفة الفهم. لأني أعطيكم تعليماً صالحاً فلا تتركوا شريعتي. فأني كنت ابناً لأبي غضاً ووحيدا عند أمي. وكان يريني ويقول لي ليضبط قلبك كلامي احفظ وصاياي فتحيا. اقتن الحكمة اقتن الفهم لا تنس ولا تعرض عن كلمات فمي. لا تتركها فتحفظك أحببها فتصونك. الحكمة هي الرأس فاقتن الحكمة وبكل مقتناك اقتن الفهم. ارفعها فتعليك تمجدك إذا اعتنقتها. تعطي رأسك إكليل نعمة تاج جمال تمنحك.""
أمثال,4,17,"الإصحاح الرابع الآيات (1-9): ""اسمعوا أيها البنون تأديب الأب و أصغوا لأجل معرفة الفهم. لأني أعطيكم تعليماً صالحاً فلا تتركوا شريعتي. فأني كنت ابناً لأبي غضاً ووحيدا عند أمي. وكان يريني ويقول لي ليضبط قلبك كلامي احفظ وصاياي فتحيا. اقتن الحكمة اقتن الفهم لا تنس ولا تعرض عن كلمات فمي. لا تتركها فتحفظك أحببها فتصونك. الحكمة هي الرأس فاقتن الحكمة وبكل مقتناك اقتن الفهم. ارفعها فتعليك تمجدك إذا اعتنقتها. تعطي رأسك إكليل نعمة تاج جمال تمنحك.""
أمثال,4,18,"الإصحاح الرابع الآيات (1-9): ""اسمعوا أيها البنون تأديب الأب و أصغوا لأجل معرفة الفهم. لأني أعطيكم تعليماً صالحاً فلا تتركوا شريعتي. فأني كنت ابناً لأبي غضاً ووحيدا عند أمي. وكان يريني ويقول لي ليضبط قلبك كلامي احفظ وصاياي فتحيا. اقتن الحكمة اقتن الفهم لا تنس ولا تعرض عن كلمات فمي. لا تتركها فتحفظك أحببها فتصونك. الحكمة هي الرأس فاقتن الحكمة وبكل مقتناك اقتن الفهم. ارفعها فتعليك تمجدك إذا اعتنقتها. تعطي رأسك إكليل نعمة تاج جمال تمنحك.""
أمثال,4,19,"الإصحاح الرابع الآيات (1-9): ""اسمعوا أيها البنون تأديب الأب و أصغوا لأجل معرفة الفهم. لأني أعطيكم تعليماً صالحاً فلا تتركوا شريعتي. فأني كنت ابناً لأبي غضاً ووحيدا عند أمي. وكان يريني ويقول لي ليضبط قلبك كلامي احفظ وصاياي فتحيا. اقتن الحكمة اقتن الفهم لا تنس ولا تعرض عن كلمات فمي. لا تتركها فتحفظك أحببها فتصونك. الحكمة هي الرأس فاقتن الحكمة وبكل مقتناك اقتن الفهم. ارفعها فتعليك تمجدك إذا اعتنقتها. تعطي رأسك إكليل نعمة تاج جمال تمنحك.""
أمثال,4,20,"الإصحاح الرابع الآيات (1-9): ""اسمعوا أيها البنون تأديب الأب و أصغوا لأجل معرفة الفهم. لأني أعطيكم تعليماً صالحاً فلا تتركوا شريعتي. فأني كنت ابناً لأبي غضاً ووحيدا عند أمي. وكان يريني ويقول لي ليضبط قلبك كلامي احفظ وصاياي فتحيا. اقتن الحكمة اقتن الفهم لا تنس ولا تعرض عن كلمات فمي. لا تتركها فتحفظك أحببها فتصونك. الحكمة هي الرأس فاقتن الحكمة وبكل مقتناك اقتن الفهم. ارفعها فتعليك تمجدك إذا اعتنقتها. تعطي رأسك إكليل نعمة تاج جمال تمنحك.""
أمثال,4,21,"الإصحاح الرابع الآيات (1-9): ""اسمعوا أيها البنون تأديب الأب و أصغوا لأجل معرفة الفهم. لأني أعطيكم تعليماً صالحاً فلا تتركوا شريعتي. فأني كنت ابناً لأبي غضاً ووحيدا عند أمي. وكان يريني ويقول لي ليضبط قلبك كلامي احفظ وصاياي فتحيا. اقتن الحكمة اقتن الفهم لا تنس ولا تعرض عن كلمات فمي. لا تتركها فتحفظك أحببها فتصونك. الحكمة هي الرأس فاقتن الحكمة وبكل مقتناك اقتن الفهم. ارفعها فتعليك تمجدك إذا اعتنقتها. تعطي رأسك إكليل نعمة تاج جمال تمنحك.""
أمثال,4,22,"الإصحاح الرابع الآيات (1-9): ""اسمعوا أيها البنون تأديب الأب و أصغوا لأجل معرفة الفهم. لأني أعطيكم تعليماً صالحاً فلا تتركوا شريعتي. فأني كنت ابناً لأبي غضاً ووحيدا عند أمي. وكان يريني ويقول لي ليضبط قلبك كلامي احفظ وصاياي فتحيا. اقتن الحكمة اقتن الفهم لا تنس ولا تعرض عن كلمات فمي. لا تتركها فتحفظك أحببها فتصونك. الحكمة هي الرأس فاقتن الحكمة وبكل مقتناك اقتن الفهم. ارفعها فتعليك تمجدك إذا اعتنقتها. تعطي رأسك إكليل نعمة تاج جمال تمنحك.""
أمثال,4,23,"الإصحاح الرابع الآيات (1-9): ""اسمعوا أيها البنون تأديب الأب و أصغوا لأجل معرفة الفهم. لأني أعطيكم تعليماً صالحاً فلا تتركوا شريعتي. فأني كنت ابناً لأبي غضاً ووحيدا عند أمي. وكان يريني ويقول لي ليضبط قلبك كلامي احفظ وصاياي فتحيا. اقتن الحكمة اقتن الفهم لا تنس ولا تعرض عن كلمات فمي. لا تتركها فتحفظك أحببها فتصونك. الحكمة هي الرأس فاقتن الحكمة وبكل مقتناك اقتن الفهم. ارفعها فتعليك تمجدك إذا اعتنقتها. تعطي رأسك إكليل نعمة تاج جمال تمنحك.""
أمثال,4,24,"الإصحاح الرابع الآيات (1-9): ""اسمعوا أيها البنون تأديب الأب و أصغوا لأجل معرفة الفهم. لأني أعطيكم تعليماً صالحاً فلا تتركوا شريعتي. فأني كنت ابناً لأبي غضاً ووحيدا عند أمي. وكان يريني ويقول لي ليضبط قلبك كلامي احفظ وصاياي فتحيا. اقتن الحكمة اقتن الفهم لا تنس ولا تعرض عن كلمات فمي. لا تتركها فتحفظك أحببها فتصونك. الحكمة هي الرأس فاقتن الحكمة وبكل مقتناك اقتن الفهم. ارفعها فتعليك تمجدك إذا اعتنقتها. تعطي رأسك إكليل نعمة تاج جمال تمنحك.""
أمثال,4,25,"الإصحاح الرابع الآيات (1-9): ""اسمعوا أيها البنون تأديب الأب و أصغوا لأجل معرفة الفهم. لأني أعطيكم تعليماً صالحاً فلا تتركوا شريعتي. فأني كنت ابناً لأبي غضاً ووحيدا عند أمي. وكان يريني ويقول لي ليضبط قلبك كلامي احفظ وصاياي فتحيا. اقتن الحكمة اقتن الفهم لا تنس ولا تعرض عن كلمات فمي. لا تتركها فتحفظك أحببها فتصونك. الحكمة هي الرأس فاقتن الحكمة وبكل مقتناك اقتن الفهم. ارفعها فتعليك تمجدك إذا اعتنقتها. تعطي رأسك إكليل نعمة تاج جمال تمنحك.""
أمثال,4,26,"الإصحاح الرابع الآيات (1-9): ""اسمعوا أيها البنون تأديب الأب و أصغوا لأجل معرفة الفهم. لأني أعطيكم تعليماً صالحاً فلا تتركوا شريعتي. فأني كنت ابناً لأبي غضاً ووحيدا عند أمي. وكان يريني ويقول لي ليضبط قلبك كلامي احفظ وصاياي فتحيا. اقتن الحكمة اقتن الفهم لا تنس ولا تعرض عن كلمات فمي. لا تتركها فتحفظك أحببها فتصونك. الحكمة هي الرأس فاقتن الحكمة وبكل مقتناك اقتن الفهم. ارفعها فتعليك تمجدك إذا اعتنقتها. تعطي رأسك إكليل نعمة تاج جمال تمنحك.""
أمثال,4,27,"الإصحاح الرابع الآيات (1-9): ""اسمعوا أيها البنون تأديب الأب و أصغوا لأجل معرفة الفهم. لأني أعطيكم تعليماً صالحاً فلا تتركوا شريعتي. فأني كنت ابناً لأبي غضاً ووحيدا عند أمي. وكان يريني ويقول لي ليضبط قلبك كلامي احفظ وصاياي فتحيا. اقتن الحكمة اقتن الفهم لا تنس ولا تعرض عن كلمات فمي. لا تتركها فتحفظك أحببها فتصونك. الحكمة هي الرأس فاقتن الحكمة وبكل مقتناك اقتن الفهم. ارفعها فتعليك تمجدك إذا اعتنقتها. تعطي رأسك إكليل نعمة تاج جمال تمنحك.""
أمثال,4,28,"الإصحاح الرابع الآيات (1-9): ""اسمعوا أيها البنون تأديب الأب و أصغوا لأجل معرفة الفهم. لأني أعطيكم تعليماً صالحاً فلا تتركوا شريعتي. فأني كنت ابناً لأبي غضاً ووحيدا عند أمي. وكان يريني ويقول لي ليضبط قلبك كلامي احفظ وصاياي فتحيا. اقتن الحكمة اقتن الفهم لا تنس ولا تعرض عن كلمات فمي. لا تتركها فتحفظك أحببها فتصونك. الحكمة هي الرأس فاقتن الحكمة وبكل مقتناك اقتن الفهم. ارفعها فتعليك تمجدك إذا اعتنقتها. تعطي رأسك إكليل نعمة تاج جمال تمنحك.""
أمثال,4,29,"الإصحاح الرابع الآيات (1-9): ""اسمعوا أيها البنون تأديب الأب و أصغوا لأجل معرفة الفهم. لأني أعطيكم تعليماً صالحاً فلا تتركوا شريعتي. فأني كنت ابناً لأبي غضاً ووحيدا عند أمي. وكان يريني ويقول لي ليضبط قلبك كلامي احفظ وصاياي فتحيا. اقتن الحكمة اقتن الفهم لا تنس ولا تعرض عن كلمات فمي. لا تتركها فتحفظك أحببها فتصونك. الحكمة هي الرأس فاقتن الحكمة وبكل مقتناك اقتن الفهم. ارفعها فتعليك تمجدك إذا اعتنقتها. تعطي رأسك إكليل نعمة تاج جمال تمنحك.""
أمثال,4,30,"الإصحاح الرابع الآيات (1-9): ""اسمعوا أيها البنون تأديب الأب و أصغوا لأجل معرفة الفهم. لأني أعطيكم تعليماً صالحاً فلا تتركوا شريعتي. فأني كنت ابناً لأبي غضاً ووحيدا عند أمي. وكان يريني ويقول لي ليضبط قلبك كلامي احفظ وصاياي فتحيا. اقتن الحكمة اقتن الفهم لا تنس ولا تعرض عن كلمات فمي. لا تتركها فتحفظك أحببها فتصونك. الحكمة هي الرأس فاقتن الحكمة وبكل مقتناك اقتن الفهم. ارفعها فتعليك تمجدك إذا اعتنقتها. تعطي رأسك إكليل نعمة تاج جمال تمنحك.""
أمثال,4,31,"الإصحاح الرابع الآيات (1-9): ""اسمعوا أيها البنون تأديب الأب و أصغوا لأجل معرفة الفهم. لأني أعطيكم تعليماً صالحاً فلا تتركوا شريعتي. فأني كنت ابناً لأبي غضاً ووحيدا عند أمي. وكان يريني ويقول لي ليضبط قلبك كلامي احفظ وصاياي فتحيا. اقتن الحكمة اقتن الفهم لا تنس ولا تعرض عن كلمات فمي. لا تتركها فتحفظك أحببها فتصونك. الحكمة هي الرأس فاقتن الحكمة وبكل مقتناك اقتن الفهم. ارفعها فتعليك تمجدك إذا اعتنقتها. تعطي رأسك إكليل نعمة تاج جمال تمنحك.""
أمثال,4,32,"الإصحاح الرابع الآيات (1-9): ""اسمعوا أيها البنون تأديب الأب و أصغوا لأجل معرفة الفهم. لأني أعطيكم تعليماً صالحاً فلا تتركوا شريعتي. فأني كنت ابناً لأبي غضاً ووحيدا عند أمي. وكان يريني ويقول لي ليضبط قلبك كلامي احفظ وصاياي فتحيا. اقتن الحكمة اقتن الفهم لا تنس ولا تعرض عن كلمات فمي. لا تتركها فتحفظك أحببها فتصونك. الحكمة هي الرأس فاقتن الحكمة وبكل مقتناك اقتن الفهم. ارفعها فتعليك تمجدك إذا اعتنقتها. تعطي رأسك إكليل نعمة تاج جمال تمنحك.""
أمثال,4,33,"الإصحاح الرابع الآيات (1-9): ""اسمعوا أيها البنون تأديب الأب و أصغوا لأجل معرفة الفهم. لأني أعطيكم تعليماً صالحاً فلا تتركوا شريعتي. فأني كنت ابناً لأبي غضاً ووحيدا عند أمي. وكان يريني ويقول لي ليضبط قلبك كلامي احفظ وصاياي فتحيا. اقتن الحكمة اقتن الفهم لا تنس ولا تعرض عن كلمات فمي. لا تتركها فتحفظك أحببها فتصونك. الحكمة هي الرأس فاقتن الحكمة وبكل مقتناك اقتن الفهم. ارفعها فتعليك تمجدك إذا اعتنقتها. تعطي رأسك إكليل نعمة تاج جمال تمنحك.""
أمثال,4,34,"الإصحاح الرابع الآيات (1-9): ""اسمعوا أيها البنون تأديب الأب و أصغوا لأجل معرفة الفهم. لأني أعطيكم تعليماً صالحاً فلا تتركوا شريعتي. فأني كنت ابناً لأبي غضاً ووحيدا عند أمي. وكان يريني ويقول لي ليضبط قلبك كلامي احفظ وصاياي فتحيا. اقتن الحكمة اقتن الفهم لا تنس ولا تعرض عن كلمات فمي. لا تتركها فتحفظك أحببها فتصونك. الحكمة هي الرأس فاقتن الحكمة وبكل مقتناك اقتن الفهم. ارفعها فتعليك تمجدك إذا اعتنقتها. تعطي رأسك إكليل نعمة تاج جمال تمنحك.""
أمثال,4,35,"الإصحاح الرابع الآيات (1-9): ""اسمعوا أيها البنون تأديب الأب و أصغوا لأجل معرفة الفهم. لأني أعطيكم تعليماً صالحاً فلا تتركوا شريعتي. فأني كنت ابناً لأبي غضاً ووحيدا عند أمي. وكان يريني ويقول لي ليضبط قلبك كلامي احفظ وصاياي فتحيا. اقتن الحكمة اقتن الفهم لا تنس ولا تعرض عن كلمات فمي. لا تتركها فتحفظك أحببها فتصونك. الحكمة هي الرأس فاقتن الحكمة وبكل مقتناك اقتن الفهم. ارفعها فتعليك تمجدك إذا اعتنقتها. تعطي رأسك إكليل نعمة تاج جمال تمنحك.""
أمثال,4,36,"الإصحاح الرابع الآيات (1-9): ""اسمعوا أيها البنون تأديب الأب و أصغوا لأجل معرفة الفهم. لأني أعطيكم تعليماً صالحاً فلا تتركوا شريعتي. فأني كنت ابناً لأبي غضاً ووحيدا عند أمي. وكان يريني ويقول لي ليضبط قلبك كلامي احفظ وصاياي فتحيا. اقتن الحكمة اقتن الفهم لا تنس ولا تعرض عن كلمات فمي. لا تتركها فتحفظك أحببها فتصونك. الحكمة هي الرأس فاقتن الحكمة وبكل مقتناك اقتن الفهم. ارفعها فتعليك تمجدك إذا اعتنقتها. تعطي رأسك إكليل نعمة تاج جمال تمنحك.""
أمثال,4,37,"الإصحاح الرابع الآيات (1-9): ""اسمعوا أيها البنون تأديب الأب و أصغوا لأجل معرفة الفهم. لأني أعطيكم تعليماً صالحاً فلا تتركوا شريعتي. فأني كنت ابناً لأبي غضاً ووحيدا عند أمي. وكان يريني ويقول لي ليضبط قلبك كلامي احفظ وصاياي فتحيا. اقتن الحكمة اقتن الفهم لا تنس ولا تعرض عن كلمات فمي. لا تتركها فتحفظك أحببها فتصونك. الحكمة هي الرأس فاقتن الحكمة وبكل مقتناك اقتن الفهم. ارفعها فتعليك تمجدك إذا اعتنقتها. تعطي رأسك إكليل نعمة تاج جمال تمنحك.""
أمثال,4,38,"الإصحاح الرابع الآيات (1-9): ""اسمعوا أيها البنون تأديب الأب و أصغوا لأجل معرفة الفهم. لأني أعطيكم تعليماً صالحاً فلا تتركوا شريعتي. فأني كنت ابناً لأبي غضاً ووحيدا عند أمي. وكان يريني ويقول لي ليضبط قلبك كلامي احفظ وصاياي فتحيا. اقتن الحكمة اقتن الفهم لا تنس ولا تعرض عن كلمات فمي. لا تتركها فتحفظك أحببها فتصونك. الحكمة هي الرأس فاقتن الحكمة وبكل مقتناك اقتن الفهم. ارفعها فتعليك تمجدك إذا اعتنقتها. تعطي رأسك إكليل نعمة تاج جمال تمنحك.""
أمثال,4,39,"الإصحاح الرابع الآيات (1-9): ""اسمعوا أيها البنون تأديب الأب و أصغوا لأجل معرفة الفهم. لأني أعطيكم تعليماً صالحاً فلا تتركوا شريعتي. فأني كنت ابناً لأبي غضاً ووحيدا عند أمي. وكان يريني ويقول لي ليضبط قلبك كلامي احفظ وصاياي فتحيا. اقتن الحكمة اقتن الفهم لا تنس ولا تعرض عن كلمات فمي. لا تتركها فتحفظك أحببها فتصونك. الحكمة هي الرأس فاقتن الحكمة وبكل مقتناك اقتن الفهم. ارفعها فتعليك تمجدك إذا اعتنقتها. تعطي رأسك إكليل نعمة تاج جمال تمنحك.""
أمثال,4,40,"الإصحاح الرابع الآيات (1-9): ""اسمعوا أيها البنون تأديب الأب و أصغوا لأجل معرفة الفهم. لأني أعطيكم تعليماً صالحاً فلا تتركوا شريعتي. فأني كنت ابناً لأبي غضاً ووحيدا عند أمي. وكان يريني ويقول لي ليضبط قلبك كلامي احفظ وصاياي فتحيا. اقتن الحكمة اقتن الفهم لا تنس ولا تعرض عن كلمات فمي. لا تتركها فتحفظك أحببها فتصونك. الحكمة هي الرأس فاقتن الحكمة وبكل مقتناك اقتن الفهم. ارفعها فتعليك تمجدك إذا اعتنقتها. تعطي رأسك إكليل نعمة تاج جمال تمنحك.""
أمثال,4,41,"الإصحاح الرابع الآيات (1-9): ""اسمعوا أيها البنون تأديب الأب و أصغوا لأجل معرفة الفهم. لأني أعطيكم تعليماً صالحاً فلا تتركوا شريعتي. فأني كنت ابناً لأبي غضاً ووحيدا عند أمي. وكان يريني ويقول لي ليضبط قلبك كلامي احفظ وصاياي فتحيا. اقتن الحكمة اقتن الفهم لا تنس ولا تعرض عن كلمات فمي. لا تتركها فتحفظك أحببها فتصونك. الحكمة هي الرأس فاقتن الحكمة وبكل مقتناك اقتن الفهم. ارفعها فتعليك تمجدك إذا اعتنقتها. تعطي رأسك إكليل نعمة تاج جمال تمنحك.""
أمثال,4,42,"الإصحاح الرابع الآيات (1-9): ""اسمعوا أيها البنون تأديب الأب و أصغوا لأجل معرفة الفهم. لأني أعطيكم تعليماً صالحاً فلا تتركوا شريعتي. فأني كنت ابناً لأبي غضاً ووحيدا عند أمي. وكان يريني ويقول لي ليضبط قلبك كلامي احفظ وصاياي فتحيا. اقتن الحكمة اقتن الفهم لا تنس ولا تعرض عن كلمات فمي. لا تتركها فتحفظك أحببها فتصونك. الحكمة هي الرأس فاقتن الحكمة وبكل مقتناك اقتن الفهم. ارفعها فتعليك تمجدك إذا اعتنقتها. تعطي رأسك إكليل نعمة تاج جمال تمنحك.""
أمثال,4,43,"الإصحاح الرابع الآيات (1-9): ""اسمعوا أيها البنون تأديب الأب و أصغوا لأجل معرفة الفهم. لأني أعطيكم تعليماً صالحاً فلا تتركوا شريعتي. فأني كنت ابناً لأبي غضاً ووحيدا عند أمي. وكان يريني ويقول لي ليضبط قلبك كلامي احفظ وصاياي فتحيا. اقتن الحكمة اقتن الفهم لا تنس ولا تعرض عن كلمات فمي. لا تتركها فتحفظك أحببها فتصونك. الحكمة هي الرأس فاقتن الحكمة وبكل مقتناك اقتن الفهم. ارفعها فتعليك تمجدك إذا اعتنقتها. تعطي رأسك إكليل نعمة تاج جمال تمنحك.""
أمثال,4,44,"الإصحاح الرابع الآيات (1-9): ""اسمعوا أيها البنون تأديب الأب و أصغوا لأجل معرفة الفهم. لأني أعطيكم تعليماً صالحاً فلا تتركوا شريعتي. فأني كنت ابناً لأبي غضاً ووحيدا عند أمي. وكان يريني ويقول لي ليضبط قلبك كلامي احفظ وصاياي فتحيا. اقتن الحكمة اقتن الفهم لا تنس ولا تعرض عن كلمات فمي. لا تتركها فتحفظك أحببها فتصونك. الحكمة هي الرأس فاقتن الحكمة وبكل مقتناك اقتن الفهم. ارفعها فتعليك تمجدك إذا اعتنقتها. تعطي رأسك إكليل نعمة تاج جمال تمنحك.""
أمثال,4,45,"الإصحاح الرابع الآيات (1-9): ""اسمعوا أيها البنون تأديب الأب و أصغوا لأجل معرفة الفهم. لأني أعطيكم تعليماً صالحاً فلا تتركوا شريعتي. فأني كنت ابناً لأبي غضاً ووحيدا عند أمي. وكان يريني ويقول لي ليضبط قلبك كلامي احفظ وصاياي فتحيا. اقتن الحكمة اقتن الفهم لا تنس ولا تعرض عن كلمات فمي. لا تتركها فتحفظك أحببها فتصونك. الحكمة هي الرأس فاقتن الحكمة وبكل مقتناك اقتن الفهم. ارفعها فتعليك تمجدك إذا اعتنقتها. تعطي رأسك إكليل نعمة تاج جمال تمنحك.""
أمثال,4,46,"الإصحاح الرابع الآيات (1-9): ""اسمعوا أيها البنون تأديب الأب و أصغوا لأجل معرفة الفهم. لأني أعطيكم تعليماً صالحاً فلا تتركوا شريعتي. فأني كنت ابناً لأبي غضاً ووحيدا عند أمي. وكان يريني ويقول لي ليضبط قلبك كلامي احفظ وصاياي فتحيا. اقتن الحكمة اقتن الفهم لا تنس ولا تعرض عن كلمات فمي. لا تتركها فتحفظك أحببها فتصونك. الحكمة هي الرأس فاقتن الحكمة وبكل مقتناك اقتن الفهم. ارفعها فتعليك تمجدك إذا اعتنقتها. تعطي رأسك إكليل نعمة تاج جمال تمنحك.""
أمثال,4,47,"الإصحاح الرابع الآيات (1-9): ""اسمعوا أيها البنون تأديب الأب و أصغوا لأجل معرفة الفهم. لأني أعطيكم تعليماً صالحاً فلا تتركوا شريعتي. فأني كنت ابناً لأبي غضاً ووحيدا عند أمي. وكان يريني ويقول لي ليضبط قلبك كلامي احفظ وصاياي فتحيا. اقتن الحكمة اقتن الفهم لا تنس ولا تعرض عن كلمات فمي. لا تتركها فتحفظك أحببها فتصونك. الحكمة هي الرأس فاقتن الحكمة وبكل مقتناك اقتن الفهم. ارفعها فتعليك تمجدك إذا اعتنقتها. تعطي رأسك إكليل نعمة تاج جمال تمنحك.""
أمثال,4,48,"الإصحاح الرابع الآيات (1-9): ""اسمعوا أيها البنون تأديب الأب و أصغوا لأجل معرفة الفهم. لأني أعطيكم تعليماً صالحاً فلا تتركوا شريعتي. فأني كنت ابناً لأبي غضاً ووحيدا عند أمي. وكان يريني ويقول لي ليضبط قلبك كلامي احفظ وصاياي فتحيا. اقتن الحكمة اقتن الفهم لا تنس ولا تعرض عن كلمات فمي. لا تتركها فتحفظك أحببها فتصونك. الحكمة هي الرأس فاقتن الحكمة وبكل مقتناك اقتن الفهم. ارفعها فتعليك تمجدك إذا اعتنقتها. تعطي رأسك إكليل نعمة تاج جمال تمنحك.""
أمثال,4,49,"الإصحاح الرابع الآيات (1-9): ""اسمعوا أيها البنون تأديب الأب و أصغوا لأجل معرفة الفهم. لأني أعطيكم تعليماً صالحاً فلا تتركوا شريعتي. فأني كنت ابناً لأبي غضاً ووحيدا عند أمي. وكان يريني ويقول لي ليضبط قلبك كلامي احفظ وصاياي فتحيا. اقتن الحكمة اقتن الفهم لا تنس ولا تعرض عن كلمات فمي. لا تتركها فتحفظك أحببها فتصونك. الحكمة هي الرأس فاقتن الحكمة وبكل مقتناك اقتن الفهم. ارفعها فتعليك تمجدك إذا اعتنقتها. تعطي رأسك إكليل نعمة تاج جمال تمنحك.""
أمثال,4,50,"الإصحاح الرابع الآيات (1-9): ""اسمعوا أيها البنون تأديب الأب و أصغوا لأجل معرفة الفهم. لأني أعطيكم تعليماً صالحاً فلا تتركوا شريعتي. فأني كنت ابناً لأبي غضاً ووحيدا عند أمي. وكان يريني ويقول لي ليضبط قلبك كلامي احفظ وصاياي فتحيا. اقتن الحكمة اقتن الفهم لا تنس ولا تعرض عن كلمات فمي. لا تتركها فتحفظك أحببها فتصونك. الحكمة هي الرأس فاقتن الحكمة وبكل مقتناك اقتن الفهم. ارفعها فتعليك تمجدك إذا اعتنقتها. تعطي رأسك إكليل نعمة تاج جمال تمنحك.""
أمثال,4,51,"الإصحاح الرابع الآيات (1-9): ""اسمعوا أيها البنون تأديب الأب و أصغوا لأجل معرفة الفهم. لأني أعطيكم تعليماً صالحاً فلا تتركوا شريعتي. فأني كنت ابناً لأبي غضاً ووحيدا عند أمي. وكان يريني ويقول لي ليضبط قلبك كلامي احفظ وصاياي فتحيا. اقتن الحكمة اقتن الفهم لا تنس ولا تعرض عن كلمات فمي. لا تتركها فتحفظك أحببها فتصونك. الحكمة هي الرأس فاقتن الحكمة وبكل مقتناك اقتن الفهم. ارفعها فتعليك تمجدك إذا اعتنقتها. تعطي رأسك إكليل نعمة تاج جمال تمنحك.""
أمثال,4,52,"الإصحاح الرابع الآيات (1-9): ""اسمعوا أيها البنون تأديب الأب و أصغوا لأجل معرفة الفهم. لأني أعطيكم تعليماً صالحاً فلا تتركوا شريعتي. فأني كنت ابناً لأبي غضاً ووحيدا عند أمي. وكان يريني ويقول لي ليضبط قلبك كلامي احفظ وصاياي فتحيا. اقتن الحكمة اقتن الفهم لا تنس ولا تعرض عن كلمات فمي. لا تتركها فتحفظك أحببها فتصونك. الحكمة هي الرأس فاقتن الحكمة وبكل مقتناك اقتن الفهم. ارفعها فتعليك تمجدك إذا اعتنقتها. تعطي رأسك إكليل نعمة تاج جمال تمنحك.""
أمثال,4,53,"الإصحاح الرابع الآيات (1-9): ""اسمعوا أيها البنون تأديب الأب و أصغوا لأجل معرفة الفهم. لأني أعطيكم تعليماً صالحاً فلا تتركوا شريعتي. فأني كنت ابناً لأبي غضاً ووحيدا عند أمي. وكان يريني ويقول لي ليضبط قلبك كلامي احفظ وصاياي فتحيا. اقتن الحكمة اقتن الفهم لا تنس ولا تعرض عن كلمات فمي. لا تتركها فتحفظك أحببها فتصونك. الحكمة هي الرأس فاقتن الحكمة وبكل مقتناك اقتن الفهم. ارفعها فتعليك تمجدك إذا اعتنقتها. تعطي رأسك إكليل نعمة تاج جمال تمنحك.""
أمثال,4,54,"الإصحاح الرابع الآيات (1-9): ""اسمعوا أيها البنون تأديب الأب و أصغوا لأجل معرفة الفهم. لأني أعطيكم تعليماً صالحاً فلا تتركوا شريعتي. فأني كنت ابناً لأبي غضاً ووحيدا عند أمي. وكان يريني ويقول لي ليضبط قلبك كلامي احفظ وصاياي فتحيا. اقتن الحكمة اقتن الفهم لا تنس ولا تعرض عن كلمات فمي. لا تتركها فتحفظك أحببها فتصونك. الحكمة هي الرأس فاقتن الحكمة وبكل مقتناك اقتن الفهم. ارفعها فتعليك تمجدك إذا اعتنقتها. تعطي رأسك إكليل نعمة تاج جمال تمنحك.""
أمثال,4,55,"الإصحاح الرابع الآيات (1-9): ""اسمعوا أيها البنون تأديب الأب و أصغوا لأجل معرفة الفهم. لأني أعطيكم تعليماً صالحاً فلا تتركوا شريعتي. فأني كنت ابناً لأبي غضاً ووحيدا عند أمي. وكان يريني ويقول لي ليضبط قلبك كلامي احفظ وصاياي فتحيا. اقتن الحكمة اقتن الفهم لا تنس ولا تعرض عن كلمات فمي. لا تتركها فتحفظك أحببها فتصونك. الحكمة هي الرأس فاقتن الحكمة وبكل مقتناك اقتن الفهم. ارفعها فتعليك تمجدك إذا اعتنقتها. تعطي رأسك إكليل نعمة تاج جمال تمنحك.""
أمثال,4,56,"الإصحاح الرابع الآيات (1-9): ""اسمعوا أيها البنون تأديب الأب و أصغوا لأجل معرفة الفهم. لأني أعطيكم تعليماً صالحاً فلا تتركوا شريعتي. فأني كنت ابناً لأبي غضاً ووحيدا عند أمي. وكان يريني ويقول لي ليضبط قلبك كلامي احفظ وصاياي فتحيا. اقتن الحكمة اقتن الفهم لا تنس ولا تعرض عن كلمات فمي. لا تتركها فتحفظك أحببها فتصونك. الحكمة هي الرأس فاقتن الحكمة وبكل مقتناك اقتن الفهم. ارفعها فتعليك تمجدك إذا اعتنقتها. تعطي رأسك إكليل نعمة تاج جمال تمنحك.""
أمثال,4,57,"الإصحاح الرابع الآيات (1-9): ""اسمعوا أيها البنون تأديب الأب و أصغوا لأجل معرفة الفهم. لأني أعطيكم تعليماً صالحاً فلا تتركوا شريعتي. فأني كنت ابناً لأبي غضاً ووحيدا عند أمي. وكان يريني ويقول لي ليضبط قلبك كلامي احفظ وصاياي فتحيا. اقتن الحكمة اقتن الفهم لا تنس ولا تعرض عن كلمات فمي. لا تتركها فتحفظك أحببها فتصونك. الحكمة هي الرأس فاقتن الحكمة وبكل مقتناك اقتن الفهم. ارفعها فتعليك تمجدك إذا اعتنقتها. تعطي رأسك إكليل نعمة تاج جمال تمنحك.""
أمثال,4,58,"الإصحاح الرابع الآيات (1-9): ""اسمعوا أيها البنون تأديب الأب و أصغوا لأجل معرفة الفهم. لأني أعطيكم تعليماً صالحاً فلا تتركوا شريعتي. فأني كنت ابناً لأبي غضاً ووحيدا عند أمي. وكان يريني ويقول لي ليضبط قلبك كلامي احفظ وصاياي فتحيا. اقتن الحكمة اقتن الفهم لا تنس ولا تعرض عن كلمات فمي. لا تتركها فتحفظك أحببها فتصونك. الحكمة هي الرأس فاقتن الحكمة وبكل مقتناك اقتن الفهم. ارفعها فتعليك تمجدك إذا اعتنقتها. تعطي رأسك إكليل نعمة تاج جمال تمنحك.""
أمثال,4,59,"الإصحاح الرابع الآيات (1-9): ""اسمعوا أيها البنون تأديب الأب و أصغوا لأجل معرفة الفهم. لأني أعطيكم تعليماً صالحاً فلا تتركوا شريعتي. فأني كنت ابناً لأبي غضاً ووحيدا عند أمي. وكان يريني ويقول لي ليضبط قلبك كلامي احفظ وصاياي فتحيا. اقتن الحكمة اقتن الفهم لا تنس ولا تعرض عن كلمات فمي. لا تتركها فتحفظك أحببها فتصونك. الحكمة هي الرأس فاقتن الحكمة وبكل مقتناك اقتن الفهم. ارفعها فتعليك تمجدك إذا اعتنقتها. تعطي رأسك إكليل نعمة تاج جمال تمنحك.""
أمثال,4,60,"الإصحاح الرابع الآيات (1-9): ""اسمعوا أيها البنون تأديب الأب و أصغوا لأجل معرفة الفهم. لأني أعطيكم تعليماً صالحاً فلا تتركوا شريعتي. فأني كنت ابناً لأبي غضاً ووحيدا عند أمي. وكان يريني ويقول لي ليضبط قلبك كلامي احفظ وصاياي فتحيا. اقتن الحكمة اقتن الفهم لا تنس ولا تعرض عن كلمات فمي. لا تتركها فتحفظك أحببها فتصونك. الحكمة هي الرأس فاقتن الحكمة وبكل مقتناك اقتن الفهم. ارفعها فتعليك تمجدك إذا اعتنقتها. تعطي رأسك إكليل نعمة تاج جمال تمنحك.""
أمثال,4,61,"الإصحاح الرابع الآيات (1-9): ""اسمعوا أيها البنون تأديب الأب و أصغوا لأجل معرفة الفهم. لأني أعطيكم تعليماً صالحاً فلا تتركوا شريعتي. فأني كنت ابناً لأبي غضاً ووحيدا عند أمي. وكان يريني ويقول لي ليضبط قلبك كلامي احفظ وصاياي فتحيا. اقتن الحكمة اقتن الفهم لا تنس ولا تعرض عن كلمات فمي. لا تتركها فتحفظك أحببها فتصونك. الحكمة هي الرأس فاقتن الحكمة وبكل مقتناك اقتن الفهم. ارفعها فتعليك تمجدك إذا اعتنقتها. تعطي رأسك إكليل نعمة تاج جمال تمنحك.""
أمثال,4,62,"الإصحاح الرابع الآيات (1-9): ""اسمعوا أيها البنون تأديب الأب و أصغوا لأجل معرفة الفهم. لأني أعطيكم تعليماً صالحاً فلا تتركوا شريعتي. فأني كنت ابناً لأبي غضاً ووحيدا عند أمي. وكان يريني ويقول لي ليضبط قلبك كلامي احفظ وصاياي فتحيا. اقتن الحكمة اقتن الفهم لا تنس ولا تعرض عن كلمات فمي. لا تتركها فتحفظك أحببها فتصونك. الحكمة هي الرأس فاقتن الحكمة وبكل مقتناك اقتن الفهم. ارفعها فتعليك تمجدك إذا اعتنقتها. تعطي رأسك إكليل نعمة تاج جمال تمنحك.""
أمثال,4,63,"الإصحاح الرابع الآيات (1-9): ""اسمعوا أيها البنون تأديب الأب و أصغوا لأجل معرفة الفهم. لأني أعطيكم تعليماً صالحاً فلا تتركوا شريعتي. فأني كنت ابناً لأبي غضاً ووحيدا عند أمي. وكان يريني ويقول لي ليضبط قلبك كلامي احفظ وصاياي فتحيا. اقتن الحكمة اقتن الفهم لا تنس ولا تعرض عن كلمات فمي. لا تتركها فتحفظك أحببها فتصونك. الحكمة هي الرأس فاقتن الحكمة وبكل مقتناك اقتن الفهم. ارفعها فتعليك تمجدك إذا اعتنقتها. تعطي رأسك إكليل نعمة تاج جمال تمنحك.""
أمثال,4,64,"الإصحاح الرابع الآيات (1-9): ""اسمعوا أيها البنون تأديب الأب و أصغوا لأجل معرفة الفهم. لأني أعطيكم تعليماً صالحاً فلا تتركوا شريعتي. فأني كنت ابناً لأبي غضاً ووحيدا عند أمي. وكان يريني ويقول لي ليضبط قلبك كلامي احفظ وصاياي فتحيا. اقتن الحكمة اقتن الفهم لا تنس ولا تعرض عن كلمات فمي. لا تتركها فتحفظك أحببها فتصونك. الحكمة هي الرأس فاقتن الحكمة وبكل مقتناك اقتن الفهم. ارفعها فتعليك تمجدك إذا اعتنقتها. تعطي رأسك إكليل نعمة تاج جمال تمنحك.""
أمثال,4,65,"الإصحاح الرابع الآيات (1-9): ""اسمعوا أيها البنون تأديب الأب و أصغوا لأجل معرفة الفهم. لأني أعطيكم تعليماً صالحاً فلا تتركوا شريعتي. فأني كنت ابناً لأبي غضاً ووحيدا عند أمي. وكان يريني ويقول لي ليضبط قلبك كلامي احفظ وصاياي فتحيا. اقتن الحكمة اقتن الفهم لا تنس ولا تعرض عن كلمات فمي. لا تتركها فتحفظك أحببها فتصونك. الحكمة هي الرأس فاقتن الحكمة وبكل مقتناك اقتن الفهم. ارفعها فتعليك تمجدك إذا اعتنقتها. تعطي رأسك إكليل نعمة تاج جمال تمنحك.""
أمثال,4,66,"الإصحاح الرابع الآيات (1-9): ""اسمعوا أيها البنون تأديب الأب و أصغوا لأجل معرفة الفهم. لأني أعطيكم تعليماً صالحاً فلا تتركوا شريعتي. فأني كنت ابناً لأبي غضاً ووحيدا عند أمي. وكان يريني ويقول لي ليضبط قلبك كلامي احفظ وصاياي فتحيا. اقتن الحكمة اقتن الفهم لا تنس ولا تعرض عن كلمات فمي. لا تتركها فتحفظك أحببها فتصونك. الحكمة هي الرأس فاقتن الحكمة وبكل مقتناك اقتن الفهم. ارفعها فتعليك تمجدك إذا اعتنقتها. تعطي رأسك إكليل نعمة تاج جمال تمنحك.""
أمثال,4,67,"الإصحاح الرابع الآيات (1-9): ""اسمعوا أيها البنون تأديب الأب و أصغوا لأجل معرفة الفهم. لأني أعطيكم تعليماً صالحاً فلا تتركوا شريعتي. فأني كنت ابناً لأبي غضاً ووحيدا عند أمي. وكان يريني ويقول لي ليضبط قلبك كلامي احفظ وصاياي فتحيا. اقتن الحكمة اقتن الفهم لا تنس ولا تعرض عن كلمات فمي. لا تتركها فتحفظك أحببها فتصونك. الحكمة هي الرأس فاقتن الحكمة وبكل مقتناك اقتن الفهم. ارفعها فتعليك تمجدك إذا اعتنقتها. تعطي رأسك إكليل نعمة تاج جمال تمنحك.""
أمثال,4,68,"الإصحاح الرابع الآيات (1-9): ""اسمعوا أيها البنون تأديب الأب و أصغوا لأجل معرفة الفهم. لأني أعطيكم تعليماً صالحاً فلا تتركوا شريعتي. فأني كنت ابناً لأبي غضاً ووحيدا عند أمي. وكان يريني ويقول لي ليضبط قلبك كلامي احفظ وصاياي فتحيا. اقتن الحكمة اقتن الفهم لا تنس ولا تعرض عن كلمات فمي. لا تتركها فتحفظك أحببها فتصونك. الحكمة هي الرأس فاقتن الحكمة وبكل مقتناك اقتن الفهم. ارفعها فتعليك تمجدك إذا اعتنقتها. تعطي رأسك إكليل نعمة تاج جمال تمنحك.""
أمثال,4,69,"الإصحاح الرابع الآيات (1-9): ""اسمعوا أيها البنون تأديب الأب و أصغوا لأجل معرفة الفهم. لأني أعطيكم تعليماً صالحاً فلا تتركوا شريعتي. فأني كنت ابناً لأبي غضاً ووحيدا عند أمي. وكان يريني ويقول لي ليضبط قلبك كلامي احفظ وصاياي فتحيا. اقتن الحكمة اقتن الفهم لا تنس ولا تعرض عن كلمات فمي. لا تتركها فتحفظك أحببها فتصونك. الحكمة هي الرأس فاقتن الحكمة وبكل مقتناك اقتن الفهم. ارفعها فتعليك تمجدك إذا اعتنقتها. تعطي رأسك إكليل نعمة تاج جمال تمنحك.""
أمثال,4,70,"الإصحاح الرابع الآيات (1-9): ""اسمعوا أيها البنون تأديب الأب و أصغوا لأجل معرفة الفهم. لأني أعطيكم تعليماً صالحاً فلا تتركوا شريعتي. فأني كنت ابناً لأبي غضاً ووحيدا عند أمي. وكان يريني ويقول لي ليضبط قلبك كلامي احفظ وصاياي فتحيا. اقتن الحكمة اقتن الفهم لا تنس ولا تعرض عن كلمات فمي. لا تتركها فتحفظك أحببها فتصونك. الحكمة هي الرأس فاقتن الحكمة وبكل مقتناك اقتن الفهم. ارفعها فتعليك تمجدك إذا اعتنقتها. تعطي رأسك إكليل نعمة تاج جمال تمنحك.""
أمثال,4,71,"الإصحاح الرابع الآيات (1-9): ""اسمعوا أيها البنون تأديب الأب و أصغوا لأجل معرفة الفهم. لأني أعطيكم تعليماً صالحاً فلا تتركوا شريعتي. فأني كنت ابناً لأبي غضاً ووحيدا عند أمي. وكان يريني ويقول لي ليضبط قلبك كلامي احفظ وصاياي فتحيا. اقتن الحكمة اقتن الفهم لا تنس ولا تعرض عن كلمات فمي. لا تتركها فتحفظك أحببها فتصونك. الحكمة هي الرأس فاقتن الحكمة وبكل مقتناك اقتن الفهم. ارفعها فتعليك تمجدك إذا اعتنقتها. تعطي رأسك إكليل نعمة تاج جمال تمنحك.""
أمثال,4,72,"الإصحاح الرابع الآيات (1-9): ""اسمعوا أيها البنون تأديب الأب و أصغوا لأجل معرفة الفهم. لأني أعطيكم تعليماً صالحاً فلا تتركوا شريعتي. فأني كنت ابناً لأبي غضاً ووحيدا عند أمي. وكان يريني ويقول لي ليضبط قلبك كلامي احفظ وصاياي فتحيا. اقتن الحكمة اقتن الفهم لا تنس ولا تعرض عن كلمات فمي. لا تتركها فتحفظك أحببها فتصونك. الحكمة هي الرأس فاقتن الحكمة وبكل مقتناك اقتن الفهم. ارفعها فتعليك تمجدك إذا اعتنقتها. تعطي رأسك إكليل نعمة تاج جمال تمنحك.""
أمثال,4,73,"الإصحاح الرابع الآيات (1-9): ""اسمعوا أيها البنون تأديب الأب و أصغوا لأجل معرفة الفهم. لأني أعطيكم تعليماً صالحاً فلا تتركوا شريعتي. فأني كنت ابناً لأبي غضاً ووحيدا عند أمي. وكان يريني ويقول لي ليضبط قلبك كلامي احفظ وصاياي فتحيا. اقتن الحكمة اقتن الفهم لا تنس ولا تعرض عن كلمات فمي. لا تتركها فتحفظك أحببها فتصونك. الحكمة هي الرأس فاقتن الحكمة وبكل مقتناك اقتن الفهم. ارفعها فتعليك تمجدك إذا اعتنقتها. تعطي رأسك إكليل نعمة تاج جمال تمنحك.""
أمثال,4,74,"الإصحاح الرابع الآيات (1-9): ""اسمعوا أيها البنون تأديب الأب و أصغوا لأجل معرفة الفهم. لأني أعطيكم تعليماً صالحاً فلا تتركوا شريعتي. فأني كنت ابناً لأبي غضاً ووحيدا عند أمي. وكان يريني ويقول لي ليضبط قلبك كلامي احفظ وصاياي فتحيا. اقتن الحكمة اقتن الفهم لا تنس ولا تعرض عن كلمات فمي. لا تتركها فتحفظك أحببها فتصونك. الحكمة هي الرأس فاقتن الحكمة وبكل مقتناك اقتن الفهم. ارفعها فتعليك تمجدك إذا اعتنقتها. تعطي رأسك إكليل نعمة تاج جمال تمنحك.""
أمثال,4,75,"الإصحاح الرابع الآيات (1-9): ""اسمعوا أيها البنون تأديب الأب و أصغوا لأجل معرفة الفهم. لأني أعطيكم تعليماً صالحاً فلا تتركوا شريعتي. فأني كنت ابناً لأبي غضاً ووحيدا عند أمي. وكان يريني ويقول لي ليضبط قلبك كلامي احفظ وصاياي فتحيا. اقتن الحكمة اقتن الفهم لا تنس ولا تعرض عن كلمات فمي. لا تتركها فتحفظك أحببها فتصونك. الحكمة هي الرأس فاقتن الحكمة وبكل مقتناك اقتن الفهم. ارفعها فتعليك تمجدك إذا اعتنقتها. تعطي رأسك إكليل نعمة تاج جمال تمنحك.""
أمثال,4,76,"الإصحاح الرابع الآيات (1-9): ""اسمعوا أيها البنون تأديب الأب و أصغوا لأجل معرفة الفهم. لأني أعطيكم تعليماً صالحاً فلا تتركوا شريعتي. فأني كنت ابناً لأبي غضاً ووحيدا عند أمي. وكان يريني ويقول لي ليضبط قلبك كلامي احفظ وصاياي فتحيا. اقتن الحكمة اقتن الفهم لا تنس ولا تعرض عن كلمات فمي. لا تتركها فتحفظك أحببها فتصونك. الحكمة هي الرأس فاقتن الحكمة وبكل مقتناك اقتن الفهم. ارفعها فتعليك تمجدك إذا اعتنقتها. تعطي رأسك إكليل نعمة تاج جمال تمنحك.""
أمثال,4,77,"الإصحاح الرابع الآيات (1-9): ""اسمعوا أيها البنون تأديب الأب و أصغوا لأجل معرفة الفهم. لأني أعطيكم تعليماً صالحاً فلا تتركوا شريعتي. فأني كنت ابناً لأبي غضاً ووحيدا عند أمي. وكان يريني ويقول لي ليضبط قلبك كلامي احفظ وصاياي فتحيا. اقتن الحكمة اقتن الفهم لا تنس ولا تعرض عن كلمات فمي. لا تتركها فتحفظك أحببها فتصونك. الحكمة هي الرأس فاقتن الحكمة وبكل مقتناك اقتن الفهم. ارفعها فتعليك تمجدك إذا اعتنقتها. تعطي رأسك إكليل نعمة تاج جمال تمنحك.""
أمثال,4,78,"الإصحاح الرابع الآيات (1-9): ""اسمعوا أيها البنون تأديب الأب و أصغوا لأجل معرفة الفهم. لأني أعطيكم تعليماً صالحاً فلا تتركوا شريعتي. فأني كنت ابناً لأبي غضاً ووحيدا عند أمي. وكان يريني ويقول لي ليضبط قلبك كلامي احفظ وصاياي فتحيا. اقتن الحكمة اقتن الفهم لا تنس ولا تعرض عن كلمات فمي. لا تتركها فتحفظك أحببها فتصونك. الحكمة هي الرأس فاقتن الحكمة وبكل مقتناك اقتن الفهم. ارفعها فتعليك تمجدك إذا اعتنقتها. تعطي رأسك إكليل نعمة تاج جمال تمنحك.""
أمثال,4,79,"الإصحاح الرابع الآيات (1-9): ""اسمعوا أيها البنون تأديب الأب و أصغوا لأجل معرفة الفهم. لأني أعطيكم تعليماً صالحاً فلا تتركوا شريعتي. فأني كنت ابناً لأبي غضاً ووحيدا عند أمي. وكان يريني ويقول لي ليضبط قلبك كلامي احفظ وصاياي فتحيا. اقتن الحكمة اقتن الفهم لا تنس ولا تعرض عن كلمات فمي. لا تتركها فتحفظك أحببها فتصونك. الحكمة هي الرأس فاقتن الحكمة وبكل مقتناك اقتن الفهم. ارفعها فتعليك تمجدك إذا اعتنقتها. تعطي رأسك إكليل نعمة تاج جمال تمنحك.""
أمثال,4,80,"الإصحاح الرابع الآيات (1-9): ""اسمعوا أيها البنون تأديب الأب و أصغوا لأجل معرفة الفهم. لأني أعطيكم تعليماً صالحاً فلا تتركوا شريعتي. فأني كنت ابناً لأبي غضاً ووحيدا عند أمي. وكان يريني ويقول لي ليضبط قلبك كلامي احفظ وصاياي فتحيا. اقتن الحكمة اقتن الفهم لا تنس ولا تعرض عن كلمات فمي. لا تتركها فتحفظك أحببها فتصونك. الحكمة هي الرأس فاقتن الحكمة وبكل مقتناك اقتن الفهم. ارفعها فتعليك تمجدك إذا اعتنقتها. تعطي رأسك إكليل نعمة تاج جمال تمنحك.""
أمثال,4,81,"الإصحاح الرابع الآيات (1-9): ""اسمعوا أيها البنون تأديب الأب و أصغوا لأجل معرفة الفهم. لأني أعطيكم تعليماً صالحاً فلا تتركوا شريعتي. فأني كنت ابناً لأبي غضاً ووحيدا عند أمي. وكان يريني ويقول لي ليضبط قلبك كلامي احفظ وصاياي فتحيا. اقتن الحكمة اقتن الفهم لا تنس ولا تعرض عن كلمات فمي. لا تتركها فتحفظك أحببها فتصونك. الحكمة هي الرأس فاقتن الحكمة وبكل مقتناك اقتن الفهم. ارفعها فتعليك تمجدك إذا اعتنقتها. تعطي رأسك إكليل نعمة تاج جمال تمنحك.""
أمثال,4,82,"الإصحاح الرابع الآيات (1-9): ""اسمعوا أيها البنون تأديب الأب و أصغوا لأجل معرفة الفهم. لأني أعطيكم تعليماً صالحاً فلا تتركوا شريعتي. فأني كنت ابناً لأبي غضاً ووحيدا عند أمي. وكان يريني ويقول لي ليضبط قلبك كلامي احفظ وصاياي فتحيا. اقتن الحكمة اقتن الفهم لا تنس ولا تعرض عن كلمات فمي. لا تتركها فتحفظك أحببها فتصونك. الحكمة هي الرأس فاقتن الحكمة وبكل مقتناك اقتن الفهم. ارفعها فتعليك تمجدك إذا اعتنقتها. تعطي رأسك إكليل نعمة تاج جمال تمنحك.""
أمثال,4,83,"الإصحاح الرابع الآيات (1-9): ""اسمعوا أيها البنون تأديب الأب و أصغوا لأجل معرفة الفهم. لأني أعطيكم تعليماً صالحاً فلا تتركوا شريعتي. فأني كنت ابناً لأبي غضاً ووحيدا عند أمي. وكان يريني ويقول لي ليضبط قلبك كلامي احفظ وصاياي فتحيا. اقتن الحكمة اقتن الفهم لا تنس ولا تعرض عن كلمات فمي. لا تتركها فتحفظك أحببها فتصونك. الحكمة هي الرأس فاقتن الحكمة وبكل مقتناك اقتن الفهم. ارفعها فتعليك تمجدك إذا اعتنقتها. تعطي رأسك إكليل نعمة تاج جمال تمنحك.""
أمثال,4,84,"الإصحاح الرابع الآيات (1-9): ""اسمعوا أيها البنون تأديب الأب و أصغوا لأجل معرفة الفهم. لأني أعطيكم تعليماً صالحاً فلا تتركوا شريعتي. فأني كنت ابناً لأبي غضاً ووحيدا عند أمي. وكان يريني ويقول لي ليضبط قلبك كلامي احفظ وصاياي فتحيا. اقتن الحكمة اقتن الفهم لا تنس ولا تعرض عن كلمات فمي. لا تتركها فتحفظك أحببها فتصونك. الحكمة هي الرأس فاقتن الحكمة وبكل مقتناك اقتن الفهم. ارفعها فتعليك تمجدك إذا اعتنقتها. تعطي رأسك إكليل نعمة تاج جمال تمنحك.""
أمثال,4,85,"الإصحاح الرابع الآيات (1-9): ""اسمعوا أيها البنون تأديب الأب و أصغوا لأجل معرفة الفهم. لأني أعطيكم تعليماً صالحاً فلا تتركوا شريعتي. فأني كنت ابناً لأبي غضاً ووحيدا عند أمي. وكان يريني ويقول لي ليضبط قلبك كلامي احفظ وصاياي فتحيا. اقتن الحكمة اقتن الفهم لا تنس ولا تعرض عن كلمات فمي. لا تتركها فتحفظك أحببها فتصونك. الحكمة هي الرأس فاقتن الحكمة وبكل مقتناك اقتن الفهم. ارفعها فتعليك تمجدك إذا اعتنقتها. تعطي رأسك إكليل نعمة تاج جمال تمنحك.""
أمثال,4,86,"الإصحاح الرابع الآيات (1-9): ""اسمعوا أيها البنون تأديب الأب و أصغوا لأجل معرفة الفهم. لأني أعطيكم تعليماً صالحاً فلا تتركوا شريعتي. فأني كنت ابناً لأبي غضاً ووحيدا عند أمي. وكان يريني ويقول لي ليضبط قلبك كلامي احفظ وصاياي فتحيا. اقتن الحكمة اقتن الفهم لا تنس ولا تعرض عن كلمات فمي. لا تتركها فتحفظك أحببها فتصونك. الحكمة هي الرأس فاقتن الحكمة وبكل مقتناك اقتن الفهم. ارفعها فتعليك تمجدك إذا اعتنقتها. تعطي رأسك إكليل نعمة تاج جمال تمنحك.""
أمثال,4,87,"الإصحاح الرابع الآيات (1-9): ""اسمعوا أيها البنون تأديب الأب و أصغوا لأجل معرفة الفهم. لأني أعطيكم تعليماً صالحاً فلا تتركوا شريعتي. فأني كنت ابناً لأبي غضاً ووحيدا عند أمي. وكان يريني ويقول لي ليضبط قلبك كلامي احفظ وصاياي فتحيا. اقتن الحكمة اقتن الفهم لا تنس ولا تعرض عن كلمات فمي. لا تتركها فتحفظك أحببها فتصونك. الحكمة هي الرأس فاقتن الحكمة وبكل مقتناك اقتن الفهم. ارفعها فتعليك تمجدك إذا اعتنقتها. تعطي رأسك إكليل نعمة تاج جمال تمنحك.""
أمثال,4,88,"الإصحاح الرابع الآيات (1-9): ""اسمعوا أيها البنون تأديب الأب و أصغوا لأجل معرفة الفهم. لأني أعطيكم تعليماً صالحاً فلا تتركوا شريعتي. فأني كنت ابناً لأبي غضاً ووحيدا عند أمي. وكان يريني ويقول لي ليضبط قلبك كلامي احفظ وصاياي فتحيا. اقتن الحكمة اقتن الفهم لا تنس ولا تعرض عن كلمات فمي. لا تتركها فتحفظك أحببها فتصونك. الحكمة هي الرأس فاقتن الحكمة وبكل مقتناك اقتن الفهم. ارفعها فتعليك تمجدك إذا اعتنقتها. تعطي رأسك إكليل نعمة تاج جمال تمنحك.""
أمثال,4,89,"الإصحاح الرابع الآيات (1-9): ""اسمعوا أيها البنون تأديب الأب و أصغوا لأجل معرفة الفهم. لأني أعطيكم تعليماً صالحاً فلا تتركوا شريعتي. فأني كنت ابناً لأبي غضاً ووحيدا عند أمي. وكان يريني ويقول لي ليضبط قلبك كلامي احفظ وصاياي فتحيا. اقتن الحكمة اقتن الفهم لا تنس ولا تعرض عن كلمات فمي. لا تتركها فتحفظك أحببها فتصونك. الحكمة هي الرأس فاقتن الحكمة وبكل مقتناك اقتن الفهم. ارفعها فتعليك تمجدك إذا اعتنقتها. تعطي رأسك إكليل نعمة تاج جمال تمنحك.""
أمثال,4,90,"الإصحاح الرابع الآيات (1-9): ""اسمعوا أيها البنون تأديب الأب و أصغوا لأجل معرفة الفهم. لأني أعطيكم تعليماً صالحاً فلا تتركوا شريعتي. فأني كنت ابناً لأبي غضاً ووحيدا عند أمي. وكان يريني ويقول لي ليضبط قلبك كلامي احفظ وصاياي فتحيا. اقتن الحكمة اقتن الفهم لا تنس ولا تعرض عن كلمات فمي. لا تتركها فتحفظك أحببها فتصونك. الحكمة هي الرأس فاقتن الحكمة وبكل مقتناك اقتن الفهم. ارفعها فتعليك تمجدك إذا اعتنقتها. تعطي رأسك إكليل نعمة تاج جمال تمنحك.""
أمثال,4,91,"الإصحاح الرابع الآيات (1-9): ""اسمعوا أيها البنون تأديب الأب و أصغوا لأجل معرفة الفهم. لأني أعطيكم تعليماً صالحاً فلا تتركوا شريعتي. فأني كنت ابناً لأبي غضاً ووحيدا عند أمي. وكان يريني ويقول لي ليضبط قلبك كلامي احفظ وصاياي فتحيا. اقتن الحكمة اقتن الفهم لا تنس ولا تعرض عن كلمات فمي. لا تتركها فتحفظك أحببها فتصونك. الحكمة هي الرأس فاقتن الحكمة وبكل مقتناك اقتن الفهم. ارفعها فتعليك تمجدك إذا اعتنقتها. تعطي رأسك إكليل نعمة تاج جمال تمنحك.""
أمثال,4,92,"الإصحاح الرابع الآيات (1-9): ""اسمعوا أيها البنون تأديب الأب و أصغوا لأجل معرفة الفهم. لأني أعطيكم تعليماً صالحاً فلا تتركوا شريعتي. فأني كنت ابناً لأبي غضاً ووحيدا عند أمي. وكان يريني ويقول لي ليضبط قلبك كلامي احفظ وصاياي فتحيا. اقتن الحكمة اقتن الفهم لا تنس ولا تعرض عن كلمات فمي. لا تتركها فتحفظك أحببها فتصونك. الحكمة هي الرأس فاقتن الحكمة وبكل مقتناك اقتن الفهم. ارفعها فتعليك تمجدك إذا اعتنقتها. تعطي رأسك إكليل نعمة تاج جمال تمنحك.""
أمثال,4,93,"الإصحاح الرابع الآيات (1-9): ""اسمعوا أيها البنون تأديب الأب و أصغوا لأجل معرفة الفهم. لأني أعطيكم تعليماً صالحاً فلا تتركوا شريعتي. فأني كنت ابناً لأبي غضاً ووحيدا عند أمي. وكان يريني ويقول لي ليضبط قلبك كلامي احفظ وصاياي فتحيا. اقتن الحكمة اقتن الفهم لا تنس ولا تعرض عن كلمات فمي. لا تتركها فتحفظك أحببها فتصونك. الحكمة هي الرأس فاقتن الحكمة وبكل مقتناك اقتن الفهم. ارفعها فتعليك تمجدك إذا اعتنقتها. تعطي رأسك إكليل نعمة تاج جمال تمنحك.""
أمثال,4,94,"الإصحاح الرابع الآيات (1-9): ""اسمعوا أيها البنون تأديب الأب و أصغوا لأجل معرفة الفهم. لأني أعطيكم تعليماً صالحاً فلا تتركوا شريعتي. فأني كنت ابناً لأبي غضاً ووحيدا عند أمي. وكان يريني ويقول لي ليضبط قلبك كلامي احفظ وصاياي فتحيا. اقتن الحكمة اقتن الفهم لا تنس ولا تعرض عن كلمات فمي. لا تتركها فتحفظك أحببها فتصونك. الحكمة هي الرأس فاقتن الحكمة وبكل مقتناك اقتن الفهم. ارفعها فتعليك تمجدك إذا اعتنقتها. تعطي رأسك إكليل نعمة تاج جمال تمنحك.""
أمثال,4,95,"الإصحاح الرابع الآيات (1-9): ""اسمعوا أيها البنون تأديب الأب و أصغوا لأجل معرفة الفهم. لأني أعطيكم تعليماً صالحاً فلا تتركوا شريعتي. فأني كنت ابناً لأبي غضاً ووحيدا عند أمي. وكان يريني ويقول لي ليضبط قلبك كلامي احفظ وصاياي فتحيا. اقتن الحكمة اقتن الفهم لا تنس ولا تعرض عن كلمات فمي. لا تتركها فتحفظك أحببها فتصونك. الحكمة هي الرأس فاقتن الحكمة وبكل مقتناك اقتن الفهم. ارفعها فتعليك تمجدك إذا اعتنقتها. تعطي رأسك إكليل نعمة تاج جمال تمنحك.""
أمثال,4,96,"الإصحاح الرابع الآيات (1-9): ""اسمعوا أيها البنون تأديب الأب و أصغوا لأجل معرفة الفهم. لأني أعطيكم تعليماً صالحاً فلا تتركوا شريعتي. فأني كنت ابناً لأبي غضاً ووحيدا عند أمي. وكان يريني ويقول لي ليضبط قلبك كلامي احفظ وصاياي فتحيا. اقتن الحكمة اقتن الفهم لا تنس ولا تعرض عن كلمات فمي. لا تتركها فتحفظك أحببها فتصونك. الحكمة هي الرأس فاقتن الحكمة وبكل مقتناك اقتن الفهم. ارفعها فتعليك تمجدك إذا اعتنقتها. تعطي رأسك إكليل نعمة تاج جمال تمنحك.""
أمثال,4,97,"الإصحاح الرابع الآيات (1-9): ""اسمعوا أيها البنون تأديب الأب و أصغوا لأجل معرفة الفهم. لأني أعطيكم تعليماً صالحاً فلا تتركوا شريعتي. فأني كنت ابناً لأبي غضاً ووحيدا عند أمي. وكان يريني ويقول لي ليضبط قلبك كلامي احفظ وصاياي فتحيا. اقتن الحكمة اقتن الفهم لا تنس ولا تعرض عن كلمات فمي. لا تتركها فتحفظك أحببها فتصونك. الحكمة هي الرأس فاقتن الحكمة وبكل مقتناك اقتن الفهم. ارفعها فتعليك تمجدك إذا اعتنقتها. تعطي رأسك إكليل نعمة تاج جمال تمنحك.""
أمثال,4,98,"الإصحاح الرابع الآيات (1-9): ""اسمعوا أيها البنون تأديب الأب و أصغوا لأجل معرفة الفهم. لأني أعطيكم تعليماً صالحاً فلا تتركوا شريعتي. فأني كنت ابناً لأبي غضاً ووحيدا عند أمي. وكان يريني ويقول لي ليضبط قلبك كلامي احفظ وصاياي فتحيا. اقتن الحكمة اقتن الفهم لا تنس ولا تعرض عن كلمات فمي. لا تتركها فتحفظك أحببها فتصونك. الحكمة هي الرأس فاقتن الحكمة وبكل مقتناك اقتن الفهم. ارفعها فتعليك تمجدك إذا اعتنقتها. تعطي رأسك إكليل نعمة تاج جمال تمنحك.""
أمثال,4,99,"الإصحاح الرابع الآيات (1-9): ""اسمعوا أيها البنون تأديب الأب و أصغوا لأجل معرفة الفهم. لأني أعطيكم تعليماً صالحاً فلا تتركوا شريعتي. فأني كنت ابناً لأبي غضاً ووحيدا عند أمي. وكان يريني ويقول لي ليضبط قلبك كلامي احفظ وصاياي فتحيا. اقتن الحكمة اقتن الفهم لا تنس ولا تعرض عن كلمات فمي. لا تتركها فتحفظك أحببها فتصونك. الحكمة هي الرأس فاقتن الحكمة وبكل مقتناك اقتن الفهم. ارفعها فتعليك تمجدك إذا اعتنقتها. تعطي رأسك إكليل نعمة تاج جمال تمنحك.""
أمثال,5,1,"الإصحاح الخامس الآيات (1-14): ""يا ابني أصغ إلى حكمتي أمل أذنك إلى فهمي. لحفظ التدابير ولتحفظ شفتاك معرفة. لأن شفتي المرأة الأجنبية تقطران عسلاً وحنكها انعم من الزيت. لكن عاقبتها مرة كالافسنتين حادة كسيف ذي حدين. قدماها تنحدران إلى الموت خطواتها تتمسك بالهاوية. لئلا تتأمل طريق الحياة تمايلت خطواتها ولا تشعر. والآن أيها البنون اسمعوا لي ولا ترتدوا عن كلمات فمي. ابعد طريقك عنها ولا تقرب إلى باب بيتها. لئلا تعطي زهرك لآخرين وسنينك للقاسي. لئلا تشبع الأجانب من قوتك وتكون أتعابك في بيت غريب. فتنوح في أواخرك عند فناء لحمك وجسمك. فتقول كيف أني أبغضت الأدب ورذل قلبي التوبيخ. ولم اسمع لصوت مرشدي ولم أمل أذني إلى معلمي. لولا قليل لكنت في كل شر في وسط الزمرة والجماعة.""
أمثال,5,2,"الإصحاح الخامس الآيات (1-14): ""يا ابني أصغ إلى حكمتي أمل أذنك إلى فهمي. لحفظ التدابير ولتحفظ شفتاك معرفة. لأن شفتي المرأة الأجنبية تقطران عسلاً وحنكها انعم من الزيت. لكن عاقبتها مرة كالافسنتين حادة كسيف ذي حدين. قدماها تنحدران إلى الموت خطواتها تتمسك بالهاوية. لئلا تتأمل طريق الحياة تمايلت خطواتها ولا تشعر. والآن أيها البنون اسمعوا لي ولا ترتدوا عن كلمات فمي. ابعد طريقك عنها ولا تقرب إلى باب بيتها. لئلا تعطي زهرك لآخرين وسنينك للقاسي. لئلا تشبع الأجانب من قوتك وتكون أتعابك في بيت غريب. فتنوح في أواخرك عند فناء لحمك وجسمك. فتقول كيف أني أبغضت الأدب ورذل قلبي التوبيخ. ولم اسمع لصوت مرشدي ولم أمل أذني إلى معلمي. لولا قليل لكنت في كل شر في وسط الزمرة والجماعة.""
أمثال,5,3,"الإصحاح الخامس الآيات (1-14): ""يا ابني أصغ إلى حكمتي أمل أذنك إلى فهمي. لحفظ التدابير ولتحفظ شفتاك معرفة. لأن شفتي المرأة الأجنبية تقطران عسلاً وحنكها انعم من الزيت. لكن عاقبتها مرة كالافسنتين حادة كسيف ذي حدين. قدماها تنحدران إلى الموت خطواتها تتمسك بالهاوية. لئلا تتأمل طريق الحياة تمايلت خطواتها ولا تشعر. والآن أيها البنون اسمعوا لي ولا ترتدوا عن كلمات فمي. ابعد طريقك عنها ولا تقرب إلى باب بيتها. لئلا تعطي زهرك لآخرين وسنينك للقاسي. لئلا تشبع الأجانب من قوتك وتكون أتعابك في بيت غريب. فتنوح في أواخرك عند فناء لحمك وجسمك. فتقول كيف أني أبغضت الأدب ورذل قلبي التوبيخ. ولم اسمع لصوت مرشدي ولم أمل أذني إلى معلمي. لولا قليل لكنت في كل شر في وسط الزمرة والجماعة.""
أمثال,5,4,"الإصحاح الخامس الآيات (1-14): ""يا ابني أصغ إلى حكمتي أمل أذنك إلى فهمي. لحفظ التدابير ولتحفظ شفتاك معرفة. لأن شفتي المرأة الأجنبية تقطران عسلاً وحنكها انعم من الزيت. لكن عاقبتها مرة كالافسنتين حادة كسيف ذي حدين. قدماها تنحدران إلى الموت خطواتها تتمسك بالهاوية. لئلا تتأمل طريق الحياة تمايلت خطواتها ولا تشعر. والآن أيها البنون اسمعوا لي ولا ترتدوا عن كلمات فمي. ابعد طريقك عنها ولا تقرب إلى باب بيتها. لئلا تعطي زهرك لآخرين وسنينك للقاسي. لئلا تشبع الأجانب من قوتك وتكون أتعابك في بيت غريب. فتنوح في أواخرك عند فناء لحمك وجسمك. فتقول كيف أني أبغضت الأدب ورذل قلبي التوبيخ. ولم اسمع لصوت مرشدي ولم أمل أذني إلى معلمي. لولا قليل لكنت في كل شر في وسط الزمرة والجماعة.""
أمثال,5,5,"الإصحاح الخامس الآيات (1-14): ""يا ابني أصغ إلى حكمتي أمل أذنك إلى فهمي. لحفظ التدابير ولتحفظ شفتاك معرفة. لأن شفتي المرأة الأجنبية تقطران عسلاً وحنكها انعم من الزيت. لكن عاقبتها مرة كالافسنتين حادة كسيف ذي حدين. قدماها تنحدران إلى الموت خطواتها تتمسك بالهاوية. لئلا تتأمل طريق الحياة تمايلت خطواتها ولا تشعر. والآن أيها البنون اسمعوا لي ولا ترتدوا عن كلمات فمي. ابعد طريقك عنها ولا تقرب إلى باب بيتها. لئلا تعطي زهرك لآخرين وسنينك للقاسي. لئلا تشبع الأجانب من قوتك وتكون أتعابك في بيت غريب. فتنوح في أواخرك عند فناء لحمك وجسمك. فتقول كيف أني أبغضت الأدب ورذل قلبي التوبيخ. ولم اسمع لصوت مرشدي ولم أمل أذني إلى معلمي. لولا قليل لكنت في كل شر في وسط الزمرة والجماعة.""
أمثال,5,6,"الإصحاح الخامس الآيات (1-14): ""يا ابني أصغ إلى حكمتي أمل أذنك إلى فهمي. لحفظ التدابير ولتحفظ شفتاك معرفة. لأن شفتي المرأة الأجنبية تقطران عسلاً وحنكها انعم من الزيت. لكن عاقبتها مرة كالافسنتين حادة كسيف ذي حدين. قدماها تنحدران إلى الموت خطواتها تتمسك بالهاوية. لئلا تتأمل طريق الحياة تمايلت خطواتها ولا تشعر. والآن أيها البنون اسمعوا لي ولا ترتدوا عن كلمات فمي. ابعد طريقك عنها ولا تقرب إلى باب بيتها. لئلا تعطي زهرك لآخرين وسنينك للقاسي. لئلا تشبع الأجانب من قوتك وتكون أتعابك في بيت غريب. فتنوح في أواخرك عند فناء لحمك وجسمك. فتقول كيف أني أبغضت الأدب ورذل قلبي التوبيخ. ولم اسمع لصوت مرشدي ولم أمل أذني إلى معلمي. لولا قليل لكنت في كل شر في وسط الزمرة والجماعة.""
أمثال,5,7,"الإصحاح الخامس الآيات (1-14): ""يا ابني أصغ إلى حكمتي أمل أذنك إلى فهمي. لحفظ التدابير ولتحفظ شفتاك معرفة. لأن شفتي المرأة الأجنبية تقطران عسلاً وحنكها انعم من الزيت. لكن عاقبتها مرة كالافسنتين حادة كسيف ذي حدين. قدماها تنحدران إلى الموت خطواتها تتمسك بالهاوية. لئلا تتأمل طريق الحياة تمايلت خطواتها ولا تشعر. والآن أيها البنون اسمعوا لي ولا ترتدوا عن كلمات فمي. ابعد طريقك عنها ولا تقرب إلى باب بيتها. لئلا تعطي زهرك لآخرين وسنينك للقاسي. لئلا تشبع الأجانب من قوتك وتكون أتعابك في بيت غريب. فتنوح في أواخرك عند فناء لحمك وجسمك. فتقول كيف أني أبغضت الأدب ورذل قلبي التوبيخ. ولم اسمع لصوت مرشدي ولم أمل أذني إلى معلمي. لولا قليل لكنت في كل شر في وسط الزمرة والجماعة.""
أمثال,5,8,"الإصحاح الخامس الآيات (1-14): ""يا ابني أصغ إلى حكمتي أمل أذنك إلى فهمي. لحفظ التدابير ولتحفظ شفتاك معرفة. لأن شفتي المرأة الأجنبية تقطران عسلاً وحنكها انعم من الزيت. لكن عاقبتها مرة كالافسنتين حادة كسيف ذي حدين. قدماها تنحدران إلى الموت خطواتها تتمسك بالهاوية. لئلا تتأمل طريق الحياة تمايلت خطواتها ولا تشعر. والآن أيها البنون اسمعوا لي ولا ترتدوا عن كلمات فمي. ابعد طريقك عنها ولا تقرب إلى باب بيتها. لئلا تعطي زهرك لآخرين وسنينك للقاسي. لئلا تشبع الأجانب من قوتك وتكون أتعابك في بيت غريب. فتنوح في أواخرك عند فناء لحمك وجسمك. فتقول كيف أني أبغضت الأدب ورذل قلبي التوبيخ. ولم اسمع لصوت مرشدي ولم أمل أذني إلى معلمي. لولا قليل لكنت في كل شر في وسط الزمرة والجماعة.""
أمثال,5,9,"الإصحاح الخامس الآيات (1-14): ""يا ابني أصغ إلى حكمتي أمل أذنك إلى فهمي. لحفظ التدابير ولتحفظ شفتاك معرفة. لأن شفتي المرأة الأجنبية تقطران عسلاً وحنكها انعم من الزيت. لكن عاقبتها مرة كالافسنتين حادة كسيف ذي حدين. قدماها تنحدران إلى الموت خطواتها تتمسك بالهاوية. لئلا تتأمل طريق الحياة تمايلت خطواتها ولا تشعر. والآن أيها البنون اسمعوا لي ولا ترتدوا عن كلمات فمي. ابعد طريقك عنها ولا تقرب إلى باب بيتها. لئلا تعطي زهرك لآخرين وسنينك للقاسي. لئلا تشبع الأجانب من قوتك وتكون أتعابك في بيت غريب. فتنوح في أواخرك عند فناء لحمك وجسمك. فتقول كيف أني أبغضت الأدب ورذل قلبي التوبيخ. ولم اسمع لصوت مرشدي ولم أمل أذني إلى معلمي. لولا قليل لكنت في كل شر في وسط الزمرة والجماعة.""
أمثال,5,10,"الإصحاح الخامس الآيات (1-14): ""يا ابني أصغ إلى حكمتي أمل أذنك إلى فهمي. لحفظ التدابير ولتحفظ شفتاك معرفة. لأن شفتي المرأة الأجنبية تقطران عسلاً وحنكها انعم من الزيت. لكن عاقبتها مرة كالافسنتين حادة كسيف ذي حدين. قدماها تنحدران إلى الموت خطواتها تتمسك بالهاوية. لئلا تتأمل طريق الحياة تمايلت خطواتها ولا تشعر. والآن أيها البنون اسمعوا لي ولا ترتدوا عن كلمات فمي. ابعد طريقك عنها ولا تقرب إلى باب بيتها. لئلا تعطي زهرك لآخرين وسنينك للقاسي. لئلا تشبع الأجانب من قوتك وتكون أتعابك في بيت غريب. فتنوح في أواخرك عند فناء لحمك وجسمك. فتقول كيف أني أبغضت الأدب ورذل قلبي التوبيخ. ولم اسمع لصوت مرشدي ولم أمل أذني إلى معلمي. لولا قليل لكنت في كل شر في وسط الزمرة والجماعة.""
أمثال,5,11,"الإصحاح الخامس الآيات (1-14): ""يا ابني أصغ إلى حكمتي أمل أذنك إلى فهمي. لحفظ التدابير ولتحفظ شفتاك معرفة. لأن شفتي المرأة الأجنبية تقطران عسلاً وحنكها انعم من الزيت. لكن عاقبتها مرة كالافسنتين حادة كسيف ذي حدين. قدماها تنحدران إلى الموت خطواتها تتمسك بالهاوية. لئلا تتأمل طريق الحياة تمايلت خطواتها ولا تشعر. والآن أيها البنون اسمعوا لي ولا ترتدوا عن كلمات فمي. ابعد طريقك عنها ولا تقرب إلى باب بيتها. لئلا تعطي زهرك لآخرين وسنينك للقاسي. لئلا تشبع الأجانب من قوتك وتكون أتعابك في بيت غريب. فتنوح في أواخرك عند فناء لحمك وجسمك. فتقول كيف أني أبغضت الأدب ورذل قلبي التوبيخ. ولم اسمع لصوت مرشدي ولم أمل أذني إلى معلمي. لولا قليل لكنت في كل شر في وسط الزمرة والجماعة.""
أمثال,5,12,"الإصحاح الخامس الآيات (1-14): ""يا ابني أصغ إلى حكمتي أمل أذنك إلى فهمي. لحفظ التدابير ولتحفظ شفتاك معرفة. لأن شفتي المرأة الأجنبية تقطران عسلاً وحنكها انعم من الزيت. لكن عاقبتها مرة كالافسنتين حادة كسيف ذي حدين. قدماها تنحدران إلى الموت خطواتها تتمسك بالهاوية. لئلا تتأمل طريق الحياة تمايلت خطواتها ولا تشعر. والآن أيها البنون اسمعوا لي ولا ترتدوا عن كلمات فمي. ابعد طريقك عنها ولا تقرب إلى باب بيتها. لئلا تعطي زهرك لآخرين وسنينك للقاسي. لئلا تشبع الأجانب من قوتك وتكون أتعابك في بيت غريب. فتنوح في أواخرك عند فناء لحمك وجسمك. فتقول كيف أني أبغضت الأدب ورذل قلبي التوبيخ. ولم اسمع لصوت مرشدي ولم أمل أذني إلى معلمي. لولا قليل لكنت في كل شر في وسط الزمرة والجماعة.""
أمثال,5,13,"الإصحاح الخامس الآيات (1-14): ""يا ابني أصغ إلى حكمتي أمل أذنك إلى فهمي. لحفظ التدابير ولتحفظ شفتاك معرفة. لأن شفتي المرأة الأجنبية تقطران عسلاً وحنكها انعم من الزيت. لكن عاقبتها مرة كالافسنتين حادة كسيف ذي حدين. قدماها تنحدران إلى الموت خطواتها تتمسك بالهاوية. لئلا تتأمل طريق الحياة تمايلت خطواتها ولا تشعر. والآن أيها البنون اسمعوا لي ولا ترتدوا عن كلمات فمي. ابعد طريقك عنها ولا تقرب إلى باب بيتها. لئلا تعطي زهرك لآخرين وسنينك للقاسي. لئلا تشبع الأجانب من قوتك وتكون أتعابك في بيت غريب. فتنوح في أواخرك عند فناء لحمك وجسمك. فتقول كيف أني أبغضت الأدب ورذل قلبي التوبيخ. ولم اسمع لصوت مرشدي ولم أمل أذني إلى معلمي. لولا قليل لكنت في كل شر في وسط الزمرة والجماعة.""
أمثال,5,14,"الإصحاح الخامس الآيات (1-14): ""يا ابني أصغ إلى حكمتي أمل أذنك إلى فهمي. لحفظ التدابير ولتحفظ شفتاك معرفة. لأن شفتي المرأة الأجنبية تقطران عسلاً وحنكها انعم من الزيت. لكن عاقبتها مرة كالافسنتين حادة كسيف ذي حدين. قدماها تنحدران إلى الموت خطواتها تتمسك بالهاوية. لئلا تتأمل طريق الحياة تمايلت خطواتها ولا تشعر. والآن أيها البنون اسمعوا لي ولا ترتدوا عن كلمات فمي. ابعد طريقك عنها ولا تقرب إلى باب بيتها. لئلا تعطي زهرك لآخرين وسنينك للقاسي. لئلا تشبع الأجانب من قوتك وتكون أتعابك في بيت غريب. فتنوح في أواخرك عند فناء لحمك وجسمك. فتقول كيف أني أبغضت الأدب ورذل قلبي التوبيخ. ولم اسمع لصوت مرشدي ولم أمل أذني إلى معلمي. لولا قليل لكنت في كل شر في وسط الزمرة والجماعة.""
أمثال,5,15,"الإصحاح الخامس الآيات (1-14): ""يا ابني أصغ إلى حكمتي أمل أذنك إلى فهمي. لحفظ التدابير ولتحفظ شفتاك معرفة. لأن شفتي المرأة الأجنبية تقطران عسلاً وحنكها انعم من الزيت. لكن عاقبتها مرة كالافسنتين حادة كسيف ذي حدين. قدماها تنحدران إلى الموت خطواتها تتمسك بالهاوية. لئلا تتأمل طريق الحياة تمايلت خطواتها ولا تشعر. والآن أيها البنون اسمعوا لي ولا ترتدوا عن كلمات فمي. ابعد طريقك عنها ولا تقرب إلى باب بيتها. لئلا تعطي زهرك لآخرين وسنينك للقاسي. لئلا تشبع الأجانب من قوتك وتكون أتعابك في بيت غريب. فتنوح في أواخرك عند فناء لحمك وجسمك. فتقول كيف أني أبغضت الأدب ورذل قلبي التوبيخ. ولم اسمع لصوت مرشدي ولم أمل أذني إلى معلمي. لولا قليل لكنت في كل شر في وسط الزمرة والجماعة.""
أمثال,5,16,"الإصحاح الخامس الآيات (1-14): ""يا ابني أصغ إلى حكمتي أمل أذنك إلى فهمي. لحفظ التدابير ولتحفظ شفتاك معرفة. لأن شفتي المرأة الأجنبية تقطران عسلاً وحنكها انعم من الزيت. لكن عاقبتها مرة كالافسنتين حادة كسيف ذي حدين. قدماها تنحدران إلى الموت خطواتها تتمسك بالهاوية. لئلا تتأمل طريق الحياة تمايلت خطواتها ولا تشعر. والآن أيها البنون اسمعوا لي ولا ترتدوا عن كلمات فمي. ابعد طريقك عنها ولا تقرب إلى باب بيتها. لئلا تعطي زهرك لآخرين وسنينك للقاسي. لئلا تشبع الأجانب من قوتك وتكون أتعابك في بيت غريب. فتنوح في أواخرك عند فناء لحمك وجسمك. فتقول كيف أني أبغضت الأدب ورذل قلبي التوبيخ. ولم اسمع لصوت مرشدي ولم أمل أذني إلى معلمي. لولا قليل لكنت في كل شر في وسط الزمرة والجماعة.""
أمثال,5,17,"الإصحاح الخامس الآيات (1-14): ""يا ابني أصغ إلى حكمتي أمل أذنك إلى فهمي. لحفظ التدابير ولتحفظ شفتاك معرفة. لأن شفتي المرأة الأجنبية تقطران عسلاً وحنكها انعم من الزيت. لكن عاقبتها مرة كالافسنتين حادة كسيف ذي حدين. قدماها تنحدران إلى الموت خطواتها تتمسك بالهاوية. لئلا تتأمل طريق الحياة تمايلت خطواتها ولا تشعر. والآن أيها البنون اسمعوا لي ولا ترتدوا عن كلمات فمي. ابعد طريقك عنها ولا تقرب إلى باب بيتها. لئلا تعطي زهرك لآخرين وسنينك للقاسي. لئلا تشبع الأجانب من قوتك وتكون أتعابك في بيت غريب. فتنوح في أواخرك عند فناء لحمك وجسمك. فتقول كيف أني أبغضت الأدب ورذل قلبي التوبيخ. ولم اسمع لصوت مرشدي ولم أمل أذني إلى معلمي. لولا قليل لكنت في كل شر في وسط الزمرة والجماعة.""
أمثال,5,18,"الإصحاح الخامس الآيات (1-14): ""يا ابني أصغ إلى حكمتي أمل أذنك إلى فهمي. لحفظ التدابير ولتحفظ شفتاك معرفة. لأن شفتي المرأة الأجنبية تقطران عسلاً وحنكها انعم من الزيت. لكن عاقبتها مرة كالافسنتين حادة كسيف ذي حدين. قدماها تنحدران إلى الموت خطواتها تتمسك بالهاوية. لئلا تتأمل طريق الحياة تمايلت خطواتها ولا تشعر. والآن أيها البنون اسمعوا لي ولا ترتدوا عن كلمات فمي. ابعد طريقك عنها ولا تقرب إلى باب بيتها. لئلا تعطي زهرك لآخرين وسنينك للقاسي. لئلا تشبع الأجانب من قوتك وتكون أتعابك في بيت غريب. فتنوح في أواخرك عند فناء لحمك وجسمك. فتقول كيف أني أبغضت الأدب ورذل قلبي التوبيخ. ولم اسمع لصوت مرشدي ولم أمل أذني إلى معلمي. لولا قليل لكنت في كل شر في وسط الزمرة والجماعة.""
أمثال,5,19,"الإصحاح الخامس الآيات (1-14): ""يا ابني أصغ إلى حكمتي أمل أذنك إلى فهمي. لحفظ التدابير ولتحفظ شفتاك معرفة. لأن شفتي المرأة الأجنبية تقطران عسلاً وحنكها انعم من الزيت. لكن عاقبتها مرة كالافسنتين حادة كسيف ذي حدين. قدماها تنحدران إلى الموت خطواتها تتمسك بالهاوية. لئلا تتأمل طريق الحياة تمايلت خطواتها ولا تشعر. والآن أيها البنون اسمعوا لي ولا ترتدوا عن كلمات فمي. ابعد طريقك عنها ولا تقرب إلى باب بيتها. لئلا تعطي زهرك لآخرين وسنينك للقاسي. لئلا تشبع الأجانب من قوتك وتكون أتعابك في بيت غريب. فتنوح في أواخرك عند فناء لحمك وجسمك. فتقول كيف أني أبغضت الأدب ورذل قلبي التوبيخ. ولم اسمع لصوت مرشدي ولم أمل أذني إلى معلمي. لولا قليل لكنت في كل شر في وسط الزمرة والجماعة.""
أمثال,5,20,"الإصحاح الخامس الآيات (1-14): ""يا ابني أصغ إلى حكمتي أمل أذنك إلى فهمي. لحفظ التدابير ولتحفظ شفتاك معرفة. لأن شفتي المرأة الأجنبية تقطران عسلاً وحنكها انعم من الزيت. لكن عاقبتها مرة كالافسنتين حادة كسيف ذي حدين. قدماها تنحدران إلى الموت خطواتها تتمسك بالهاوية. لئلا تتأمل طريق الحياة تمايلت خطواتها ولا تشعر. والآن أيها البنون اسمعوا لي ولا ترتدوا عن كلمات فمي. ابعد طريقك عنها ولا تقرب إلى باب بيتها. لئلا تعطي زهرك لآخرين وسنينك للقاسي. لئلا تشبع الأجانب من قوتك وتكون أتعابك في بيت غريب. فتنوح في أواخرك عند فناء لحمك وجسمك. فتقول كيف أني أبغضت الأدب ورذل قلبي التوبيخ. ولم اسمع لصوت مرشدي ولم أمل أذني إلى معلمي. لولا قليل لكنت في كل شر في وسط الزمرة والجماعة.""
أمثال,5,21,"الإصحاح الخامس الآيات (1-14): ""يا ابني أصغ إلى حكمتي أمل أذنك إلى فهمي. لحفظ التدابير ولتحفظ شفتاك معرفة. لأن شفتي المرأة الأجنبية تقطران عسلاً وحنكها انعم من الزيت. لكن عاقبتها مرة كالافسنتين حادة كسيف ذي حدين. قدماها تنحدران إلى الموت خطواتها تتمسك بالهاوية. لئلا تتأمل طريق الحياة تمايلت خطواتها ولا تشعر. والآن أيها البنون اسمعوا لي ولا ترتدوا عن كلمات فمي. ابعد طريقك عنها ولا تقرب إلى باب بيتها. لئلا تعطي زهرك لآخرين وسنينك للقاسي. لئلا تشبع الأجانب من قوتك وتكون أتعابك في بيت غريب. فتنوح في أواخرك عند فناء لحمك وجسمك. فتقول كيف أني أبغضت الأدب ورذل قلبي التوبيخ. ولم اسمع لصوت مرشدي ولم أمل أذني إلى معلمي. لولا قليل لكنت في كل شر في وسط الزمرة والجماعة.""
أمثال,5,22,"الإصحاح الخامس الآيات (1-14): ""يا ابني أصغ إلى حكمتي أمل أذنك إلى فهمي. لحفظ التدابير ولتحفظ شفتاك معرفة. لأن شفتي المرأة الأجنبية تقطران عسلاً وحنكها انعم من الزيت. لكن عاقبتها مرة كالافسنتين حادة كسيف ذي حدين. قدماها تنحدران إلى الموت خطواتها تتمسك بالهاوية. لئلا تتأمل طريق الحياة تمايلت خطواتها ولا تشعر. والآن أيها البنون اسمعوا لي ولا ترتدوا عن كلمات فمي. ابعد طريقك عنها ولا تقرب إلى باب بيتها. لئلا تعطي زهرك لآخرين وسنينك للقاسي. لئلا تشبع الأجانب من قوتك وتكون أتعابك في بيت غريب. فتنوح في أواخرك عند فناء لحمك وجسمك. فتقول كيف أني أبغضت الأدب ورذل قلبي التوبيخ. ولم اسمع لصوت مرشدي ولم أمل أذني إلى معلمي. لولا قليل لكنت في كل شر في وسط الزمرة والجماعة.""
أمثال,5,23,"الإصحاح الخامس الآيات (1-14): ""يا ابني أصغ إلى حكمتي أمل أذنك إلى فهمي. لحفظ التدابير ولتحفظ شفتاك معرفة. لأن شفتي المرأة الأجنبية تقطران عسلاً وحنكها انعم من الزيت. لكن عاقبتها مرة كالافسنتين حادة كسيف ذي حدين. قدماها تنحدران إلى الموت خطواتها تتمسك بالهاوية. لئلا تتأمل طريق الحياة تمايلت خطواتها ولا تشعر. والآن أيها البنون اسمعوا لي ولا ترتدوا عن كلمات فمي. ابعد طريقك عنها ولا تقرب إلى باب بيتها. لئلا تعطي زهرك لآخرين وسنينك للقاسي. لئلا تشبع الأجانب من قوتك وتكون أتعابك في بيت غريب. فتنوح في أواخرك عند فناء لحمك وجسمك. فتقول كيف أني أبغضت الأدب ورذل قلبي التوبيخ. ولم اسمع لصوت مرشدي ولم أمل أذني إلى معلمي. لولا قليل لكنت في كل شر في وسط الزمرة والجماعة.""
أمثال,5,24,"الإصحاح الخامس الآيات (1-14): ""يا ابني أصغ إلى حكمتي أمل أذنك إلى فهمي. لحفظ التدابير ولتحفظ شفتاك معرفة. لأن شفتي المرأة الأجنبية تقطران عسلاً وحنكها انعم من الزيت. لكن عاقبتها مرة كالافسنتين حادة كسيف ذي حدين. قدماها تنحدران إلى الموت خطواتها تتمسك بالهاوية. لئلا تتأمل طريق الحياة تمايلت خطواتها ولا تشعر. والآن أيها البنون اسمعوا لي ولا ترتدوا عن كلمات فمي. ابعد طريقك عنها ولا تقرب إلى باب بيتها. لئلا تعطي زهرك لآخرين وسنينك للقاسي. لئلا تشبع الأجانب من قوتك وتكون أتعابك في بيت غريب. فتنوح في أواخرك عند فناء لحمك وجسمك. فتقول كيف أني أبغضت الأدب ورذل قلبي التوبيخ. ولم اسمع لصوت مرشدي ولم أمل أذني إلى معلمي. لولا قليل لكنت في كل شر في وسط الزمرة والجماعة.""
أمثال,5,25,"الإصحاح الخامس الآيات (1-14): ""يا ابني أصغ إلى حكمتي أمل أذنك إلى فهمي. لحفظ التدابير ولتحفظ شفتاك معرفة. لأن شفتي المرأة الأجنبية تقطران عسلاً وحنكها انعم من الزيت. لكن عاقبتها مرة كالافسنتين حادة كسيف ذي حدين. قدماها تنحدران إلى الموت خطواتها تتمسك بالهاوية. لئلا تتأمل طريق الحياة تمايلت خطواتها ولا تشعر. والآن أيها البنون اسمعوا لي ولا ترتدوا عن كلمات فمي. ابعد طريقك عنها ولا تقرب إلى باب بيتها. لئلا تعطي زهرك لآخرين وسنينك للقاسي. لئلا تشبع الأجانب من قوتك وتكون أتعابك في بيت غريب. فتنوح في أواخرك عند فناء لحمك وجسمك. فتقول كيف أني أبغضت الأدب ورذل قلبي التوبيخ. ولم اسمع لصوت مرشدي ولم أمل أذني إلى معلمي. لولا قليل لكنت في كل شر في وسط الزمرة والجماعة.""
أمثال,5,26,"الإصحاح الخامس الآيات (1-14): ""يا ابني أصغ إلى حكمتي أمل أذنك إلى فهمي. لحفظ التدابير ولتحفظ شفتاك معرفة. لأن شفتي المرأة الأجنبية تقطران عسلاً وحنكها انعم من الزيت. لكن عاقبتها مرة كالافسنتين حادة كسيف ذي حدين. قدماها تنحدران إلى الموت خطواتها تتمسك بالهاوية. لئلا تتأمل طريق الحياة تمايلت خطواتها ولا تشعر. والآن أيها البنون اسمعوا لي ولا ترتدوا عن كلمات فمي. ابعد طريقك عنها ولا تقرب إلى باب بيتها. لئلا تعطي زهرك لآخرين وسنينك للقاسي. لئلا تشبع الأجانب من قوتك وتكون أتعابك في بيت غريب. فتنوح في أواخرك عند فناء لحمك وجسمك. فتقول كيف أني أبغضت الأدب ورذل قلبي التوبيخ. ولم اسمع لصوت مرشدي ولم أمل أذني إلى معلمي. لولا قليل لكنت في كل شر في وسط الزمرة والجماعة.""
أمثال,5,27,"الإصحاح الخامس الآيات (1-14): ""يا ابني أصغ إلى حكمتي أمل أذنك إلى فهمي. لحفظ التدابير ولتحفظ شفتاك معرفة. لأن شفتي المرأة الأجنبية تقطران عسلاً وحنكها انعم من الزيت. لكن عاقبتها مرة كالافسنتين حادة كسيف ذي حدين. قدماها تنحدران إلى الموت خطواتها تتمسك بالهاوية. لئلا تتأمل طريق الحياة تمايلت خطواتها ولا تشعر. والآن أيها البنون اسمعوا لي ولا ترتدوا عن كلمات فمي. ابعد طريقك عنها ولا تقرب إلى باب بيتها. لئلا تعطي زهرك لآخرين وسنينك للقاسي. لئلا تشبع الأجانب من قوتك وتكون أتعابك في بيت غريب. فتنوح في أواخرك عند فناء لحمك وجسمك. فتقول كيف أني أبغضت الأدب ورذل قلبي التوبيخ. ولم اسمع لصوت مرشدي ولم أمل أذني إلى معلمي. لولا قليل لكنت في كل شر في وسط الزمرة والجماعة.""
أمثال,5,28,"الإصحاح الخامس الآيات (1-14): ""يا ابني أصغ إلى حكمتي أمل أذنك إلى فهمي. لحفظ التدابير ولتحفظ شفتاك معرفة. لأن شفتي المرأة الأجنبية تقطران عسلاً وحنكها انعم من الزيت. لكن عاقبتها مرة كالافسنتين حادة كسيف ذي حدين. قدماها تنحدران إلى الموت خطواتها تتمسك بالهاوية. لئلا تتأمل طريق الحياة تمايلت خطواتها ولا تشعر. والآن أيها البنون اسمعوا لي ولا ترتدوا عن كلمات فمي. ابعد طريقك عنها ولا تقرب إلى باب بيتها. لئلا تعطي زهرك لآخرين وسنينك للقاسي. لئلا تشبع الأجانب من قوتك وتكون أتعابك في بيت غريب. فتنوح في أواخرك عند فناء لحمك وجسمك. فتقول كيف أني أبغضت الأدب ورذل قلبي التوبيخ. ولم اسمع لصوت مرشدي ولم أمل أذني إلى معلمي. لولا قليل لكنت في كل شر في وسط الزمرة والجماعة.""
أمثال,5,29,"الإصحاح الخامس الآيات (1-14): ""يا ابني أصغ إلى حكمتي أمل أذنك إلى فهمي. لحفظ التدابير ولتحفظ شفتاك معرفة. لأن شفتي المرأة الأجنبية تقطران عسلاً وحنكها انعم من الزيت. لكن عاقبتها مرة كالافسنتين حادة كسيف ذي حدين. قدماها تنحدران إلى الموت خطواتها تتمسك بالهاوية. لئلا تتأمل طريق الحياة تمايلت خطواتها ولا تشعر. والآن أيها البنون اسمعوا لي ولا ترتدوا عن كلمات فمي. ابعد طريقك عنها ولا تقرب إلى باب بيتها. لئلا تعطي زهرك لآخرين وسنينك للقاسي. لئلا تشبع الأجانب من قوتك وتكون أتعابك في بيت غريب. فتنوح في أواخرك عند فناء لحمك وجسمك. فتقول كيف أني أبغضت الأدب ورذل قلبي التوبيخ. ولم اسمع لصوت مرشدي ولم أمل أذني إلى معلمي. لولا قليل لكنت في كل شر في وسط الزمرة والجماعة.""
أمثال,5,30,"الإصحاح الخامس الآيات (1-14): ""يا ابني أصغ إلى حكمتي أمل أذنك إلى فهمي. لحفظ التدابير ولتحفظ شفتاك معرفة. لأن شفتي المرأة الأجنبية تقطران عسلاً وحنكها انعم من الزيت. لكن عاقبتها مرة كالافسنتين حادة كسيف ذي حدين. قدماها تنحدران إلى الموت خطواتها تتمسك بالهاوية. لئلا تتأمل طريق الحياة تمايلت خطواتها ولا تشعر. والآن أيها البنون اسمعوا لي ولا ترتدوا عن كلمات فمي. ابعد طريقك عنها ولا تقرب إلى باب بيتها. لئلا تعطي زهرك لآخرين وسنينك للقاسي. لئلا تشبع الأجانب من قوتك وتكون أتعابك في بيت غريب. فتنوح في أواخرك عند فناء لحمك وجسمك. فتقول كيف أني أبغضت الأدب ورذل قلبي التوبيخ. ولم اسمع لصوت مرشدي ولم أمل أذني إلى معلمي. لولا قليل لكنت في كل شر في وسط الزمرة والجماعة.""
أمثال,5,31,"الإصحاح الخامس الآيات (1-14): ""يا ابني أصغ إلى حكمتي أمل أذنك إلى فهمي. لحفظ التدابير ولتحفظ شفتاك معرفة. لأن شفتي المرأة الأجنبية تقطران عسلاً وحنكها انعم من الزيت. لكن عاقبتها مرة كالافسنتين حادة كسيف ذي حدين. قدماها تنحدران إلى الموت خطواتها تتمسك بالهاوية. لئلا تتأمل طريق الحياة تمايلت خطواتها ولا تشعر. والآن أيها البنون اسمعوا لي ولا ترتدوا عن كلمات فمي. ابعد طريقك عنها ولا تقرب إلى باب بيتها. لئلا تعطي زهرك لآخرين وسنينك للقاسي. لئلا تشبع الأجانب من قوتك وتكون أتعابك في بيت غريب. فتنوح في أواخرك عند فناء لحمك وجسمك. فتقول كيف أني أبغضت الأدب ورذل قلبي التوبيخ. ولم اسمع لصوت مرشدي ولم أمل أذني إلى معلمي. لولا قليل لكنت في كل شر في وسط الزمرة والجماعة.""
أمثال,5,32,"الإصحاح الخامس الآيات (1-14): ""يا ابني أصغ إلى حكمتي أمل أذنك إلى فهمي. لحفظ التدابير ولتحفظ شفتاك معرفة. لأن شفتي المرأة الأجنبية تقطران عسلاً وحنكها انعم من الزيت. لكن عاقبتها مرة كالافسنتين حادة كسيف ذي حدين. قدماها تنحدران إلى الموت خطواتها تتمسك بالهاوية. لئلا تتأمل طريق الحياة تمايلت خطواتها ولا تشعر. والآن أيها البنون اسمعوا لي ولا ترتدوا عن كلمات فمي. ابعد طريقك عنها ولا تقرب إلى باب بيتها. لئلا تعطي زهرك لآخرين وسنينك للقاسي. لئلا تشبع الأجانب من قوتك وتكون أتعابك في بيت غريب. فتنوح في أواخرك عند فناء لحمك وجسمك. فتقول كيف أني أبغضت الأدب ورذل قلبي التوبيخ. ولم اسمع لصوت مرشدي ولم أمل أذني إلى معلمي. لولا قليل لكنت في كل شر في وسط الزمرة والجماعة.""
أمثال,5,33,"الإصحاح الخامس الآيات (1-14): ""يا ابني أصغ إلى حكمتي أمل أذنك إلى فهمي. لحفظ التدابير ولتحفظ شفتاك معرفة. لأن شفتي المرأة الأجنبية تقطران عسلاً وحنكها انعم من الزيت. لكن عاقبتها مرة كالافسنتين حادة كسيف ذي حدين. قدماها تنحدران إلى الموت خطواتها تتمسك بالهاوية. لئلا تتأمل طريق الحياة تمايلت خطواتها ولا تشعر. والآن أيها البنون اسمعوا لي ولا ترتدوا عن كلمات فمي. ابعد طريقك عنها ولا تقرب إلى باب بيتها. لئلا تعطي زهرك لآخرين وسنينك للقاسي. لئلا تشبع الأجانب من قوتك وتكون أتعابك في بيت غريب. فتنوح في أواخرك عند فناء لحمك وجسمك. فتقول كيف أني أبغضت الأدب ورذل قلبي التوبيخ. ولم اسمع لصوت مرشدي ولم أمل أذني إلى معلمي. لولا قليل لكنت في كل شر في وسط الزمرة والجماعة.""
أمثال,5,34,"الإصحاح الخامس الآيات (1-14): ""يا ابني أصغ إلى حكمتي أمل أذنك إلى فهمي. لحفظ التدابير ولتحفظ شفتاك معرفة. لأن شفتي المرأة الأجنبية تقطران عسلاً وحنكها انعم من الزيت. لكن عاقبتها مرة كالافسنتين حادة كسيف ذي حدين. قدماها تنحدران إلى الموت خطواتها تتمسك بالهاوية. لئلا تتأمل طريق الحياة تمايلت خطواتها ولا تشعر. والآن أيها البنون اسمعوا لي ولا ترتدوا عن كلمات فمي. ابعد طريقك عنها ولا تقرب إلى باب بيتها. لئلا تعطي زهرك لآخرين وسنينك للقاسي. لئلا تشبع الأجانب من قوتك وتكون أتعابك في بيت غريب. فتنوح في أواخرك عند فناء لحمك وجسمك. فتقول كيف أني أبغضت الأدب ورذل قلبي التوبيخ. ولم اسمع لصوت مرشدي ولم أمل أذني إلى معلمي. لولا قليل لكنت في كل شر في وسط الزمرة والجماعة.""
أمثال,5,35,"الإصحاح الخامس الآيات (1-14): ""يا ابني أصغ إلى حكمتي أمل أذنك إلى فهمي. لحفظ التدابير ولتحفظ شفتاك معرفة. لأن شفتي المرأة الأجنبية تقطران عسلاً وحنكها انعم من الزيت. لكن عاقبتها مرة كالافسنتين حادة كسيف ذي حدين. قدماها تنحدران إلى الموت خطواتها تتمسك بالهاوية. لئلا تتأمل طريق الحياة تمايلت خطواتها ولا تشعر. والآن أيها البنون اسمعوا لي ولا ترتدوا عن كلمات فمي. ابعد طريقك عنها ولا تقرب إلى باب بيتها. لئلا تعطي زهرك لآخرين وسنينك للقاسي. لئلا تشبع الأجانب من قوتك وتكون أتعابك في بيت غريب. فتنوح في أواخرك عند فناء لحمك وجسمك. فتقول كيف أني أبغضت الأدب ورذل قلبي التوبيخ. ولم اسمع لصوت مرشدي ولم أمل أذني إلى معلمي. لولا قليل لكنت في كل شر في وسط الزمرة والجماعة.""
أمثال,5,36,"الإصحاح الخامس الآيات (1-14): ""يا ابني أصغ إلى حكمتي أمل أذنك إلى فهمي. لحفظ التدابير ولتحفظ شفتاك معرفة. لأن شفتي المرأة الأجنبية تقطران عسلاً وحنكها انعم من الزيت. لكن عاقبتها مرة كالافسنتين حادة كسيف ذي حدين. قدماها تنحدران إلى الموت خطواتها تتمسك بالهاوية. لئلا تتأمل طريق الحياة تمايلت خطواتها ولا تشعر. والآن أيها البنون اسمعوا لي ولا ترتدوا عن كلمات فمي. ابعد طريقك عنها ولا تقرب إلى باب بيتها. لئلا تعطي زهرك لآخرين وسنينك للقاسي. لئلا تشبع الأجانب من قوتك وتكون أتعابك في بيت غريب. فتنوح في أواخرك عند فناء لحمك وجسمك. فتقول كيف أني أبغضت الأدب ورذل قلبي التوبيخ. ولم اسمع لصوت مرشدي ولم أمل أذني إلى معلمي. لولا قليل لكنت في كل شر في وسط الزمرة والجماعة.""
أمثال,5,37,"الإصحاح الخامس الآيات (1-14): ""يا ابني أصغ إلى حكمتي أمل أذنك إلى فهمي. لحفظ التدابير ولتحفظ شفتاك معرفة. لأن شفتي المرأة الأجنبية تقطران عسلاً وحنكها انعم من الزيت. لكن عاقبتها مرة كالافسنتين حادة كسيف ذي حدين. قدماها تنحدران إلى الموت خطواتها تتمسك بالهاوية. لئلا تتأمل طريق الحياة تمايلت خطواتها ولا تشعر. والآن أيها البنون اسمعوا لي ولا ترتدوا عن كلمات فمي. ابعد طريقك عنها ولا تقرب إلى باب بيتها. لئلا تعطي زهرك لآخرين وسنينك للقاسي. لئلا تشبع الأجانب من قوتك وتكون أتعابك في بيت غريب. فتنوح في أواخرك عند فناء لحمك وجسمك. فتقول كيف أني أبغضت الأدب ورذل قلبي التوبيخ. ولم اسمع لصوت مرشدي ولم أمل أذني إلى معلمي. لولا قليل لكنت في كل شر في وسط الزمرة والجماعة.""
أمثال,5,38,"الإصحاح الخامس الآيات (1-14): ""يا ابني أصغ إلى حكمتي أمل أذنك إلى فهمي. لحفظ التدابير ولتحفظ شفتاك معرفة. لأن شفتي المرأة الأجنبية تقطران عسلاً وحنكها انعم من الزيت. لكن عاقبتها مرة كالافسنتين حادة كسيف ذي حدين. قدماها تنحدران إلى الموت خطواتها تتمسك بالهاوية. لئلا تتأمل طريق الحياة تمايلت خطواتها ولا تشعر. والآن أيها البنون اسمعوا لي ولا ترتدوا عن كلمات فمي. ابعد طريقك عنها ولا تقرب إلى باب بيتها. لئلا تعطي زهرك لآخرين وسنينك للقاسي. لئلا تشبع الأجانب من قوتك وتكون أتعابك في بيت غريب. فتنوح في أواخرك عند فناء لحمك وجسمك. فتقول كيف أني أبغضت الأدب ورذل قلبي التوبيخ. ولم اسمع لصوت مرشدي ولم أمل أذني إلى معلمي. لولا قليل لكنت في كل شر في وسط الزمرة والجماعة.""
أمثال,5,39,"الإصحاح الخامس الآيات (1-14): ""يا ابني أصغ إلى حكمتي أمل أذنك إلى فهمي. لحفظ التدابير ولتحفظ شفتاك معرفة. لأن شفتي المرأة الأجنبية تقطران عسلاً وحنكها انعم من الزيت. لكن عاقبتها مرة كالافسنتين حادة كسيف ذي حدين. قدماها تنحدران إلى الموت خطواتها تتمسك بالهاوية. لئلا تتأمل طريق الحياة تمايلت خطواتها ولا تشعر. والآن أيها البنون اسمعوا لي ولا ترتدوا عن كلمات فمي. ابعد طريقك عنها ولا تقرب إلى باب بيتها. لئلا تعطي زهرك لآخرين وسنينك للقاسي. لئلا تشبع الأجانب من قوتك وتكون أتعابك في بيت غريب. فتنوح في أواخرك عند فناء لحمك وجسمك. فتقول كيف أني أبغضت الأدب ورذل قلبي التوبيخ. ولم اسمع لصوت مرشدي ولم أمل أذني إلى معلمي. لولا قليل لكنت في كل شر في وسط الزمرة والجماعة.""
أمثال,5,40,"الإصحاح الخامس الآيات (1-14): ""يا ابني أصغ إلى حكمتي أمل أذنك إلى فهمي. لحفظ التدابير ولتحفظ شفتاك معرفة. لأن شفتي المرأة الأجنبية تقطران عسلاً وحنكها انعم من الزيت. لكن عاقبتها مرة كالافسنتين حادة كسيف ذي حدين. قدماها تنحدران إلى الموت خطواتها تتمسك بالهاوية. لئلا تتأمل طريق الحياة تمايلت خطواتها ولا تشعر. والآن أيها البنون اسمعوا لي ولا ترتدوا عن كلمات فمي. ابعد طريقك عنها ولا تقرب إلى باب بيتها. لئلا تعطي زهرك لآخرين وسنينك للقاسي. لئلا تشبع الأجانب من قوتك وتكون أتعابك في بيت غريب. فتنوح في أواخرك عند فناء لحمك وجسمك. فتقول كيف أني أبغضت الأدب ورذل قلبي التوبيخ. ولم اسمع لصوت مرشدي ولم أمل أذني إلى معلمي. لولا قليل لكنت في كل شر في وسط الزمرة والجماعة.""
أمثال,5,41,"الإصحاح الخامس الآيات (1-14): ""يا ابني أصغ إلى حكمتي أمل أذنك إلى فهمي. لحفظ التدابير ولتحفظ شفتاك معرفة. لأن شفتي المرأة الأجنبية تقطران عسلاً وحنكها انعم من الزيت. لكن عاقبتها مرة كالافسنتين حادة كسيف ذي حدين. قدماها تنحدران إلى الموت خطواتها تتمسك بالهاوية. لئلا تتأمل طريق الحياة تمايلت خطواتها ولا تشعر. والآن أيها البنون اسمعوا لي ولا ترتدوا عن كلمات فمي. ابعد طريقك عنها ولا تقرب إلى باب بيتها. لئلا تعطي زهرك لآخرين وسنينك للقاسي. لئلا تشبع الأجانب من قوتك وتكون أتعابك في بيت غريب. فتنوح في أواخرك عند فناء لحمك وجسمك. فتقول كيف أني أبغضت الأدب ورذل قلبي التوبيخ. ولم اسمع لصوت مرشدي ولم أمل أذني إلى معلمي. لولا قليل لكنت في كل شر في وسط الزمرة والجماعة.""
أمثال,5,42,"الإصحاح الخامس الآيات (1-14): ""يا ابني أصغ إلى حكمتي أمل أذنك إلى فهمي. لحفظ التدابير ولتحفظ شفتاك معرفة. لأن شفتي المرأة الأجنبية تقطران عسلاً وحنكها انعم من الزيت. لكن عاقبتها مرة كالافسنتين حادة كسيف ذي حدين. قدماها تنحدران إلى الموت خطواتها تتمسك بالهاوية. لئلا تتأمل طريق الحياة تمايلت خطواتها ولا تشعر. والآن أيها البنون اسمعوا لي ولا ترتدوا عن كلمات فمي. ابعد طريقك عنها ولا تقرب إلى باب بيتها. لئلا تعطي زهرك لآخرين وسنينك للقاسي. لئلا تشبع الأجانب من قوتك وتكون أتعابك في بيت غريب. فتنوح في أواخرك عند فناء لحمك وجسمك. فتقول كيف أني أبغضت الأدب ورذل قلبي التوبيخ. ولم اسمع لصوت مرشدي ولم أمل أذني إلى معلمي. لولا قليل لكنت في كل شر في وسط الزمرة والجماعة.""
أمثال,5,43,"الإصحاح الخامس الآيات (1-14): ""يا ابني أصغ إلى حكمتي أمل أذنك إلى فهمي. لحفظ التدابير ولتحفظ شفتاك معرفة. لأن شفتي المرأة الأجنبية تقطران عسلاً وحنكها انعم من الزيت. لكن عاقبتها مرة كالافسنتين حادة كسيف ذي حدين. قدماها تنحدران إلى الموت خطواتها تتمسك بالهاوية. لئلا تتأمل طريق الحياة تمايلت خطواتها ولا تشعر. والآن أيها البنون اسمعوا لي ولا ترتدوا عن كلمات فمي. ابعد طريقك عنها ولا تقرب إلى باب بيتها. لئلا تعطي زهرك لآخرين وسنينك للقاسي. لئلا تشبع الأجانب من قوتك وتكون أتعابك في بيت غريب. فتنوح في أواخرك عند فناء لحمك وجسمك. فتقول كيف أني أبغضت الأدب ورذل قلبي التوبيخ. ولم اسمع لصوت مرشدي ولم أمل أذني إلى معلمي. لولا قليل لكنت في كل شر في وسط الزمرة والجماعة.""
أمثال,5,44,"الإصحاح الخامس الآيات (1-14): ""يا ابني أصغ إلى حكمتي أمل أذنك إلى فهمي. لحفظ التدابير ولتحفظ شفتاك معرفة. لأن شفتي المرأة الأجنبية تقطران عسلاً وحنكها انعم من الزيت. لكن عاقبتها مرة كالافسنتين حادة كسيف ذي حدين. قدماها تنحدران إلى الموت خطواتها تتمسك بالهاوية. لئلا تتأمل طريق الحياة تمايلت خطواتها ولا تشعر. والآن أيها البنون اسمعوا لي ولا ترتدوا عن كلمات فمي. ابعد طريقك عنها ولا تقرب إلى باب بيتها. لئلا تعطي زهرك لآخرين وسنينك للقاسي. لئلا تشبع الأجانب من قوتك وتكون أتعابك في بيت غريب. فتنوح في أواخرك عند فناء لحمك وجسمك. فتقول كيف أني أبغضت الأدب ورذل قلبي التوبيخ. ولم اسمع لصوت مرشدي ولم أمل أذني إلى معلمي. لولا قليل لكنت في كل شر في وسط الزمرة والجماعة.""
أمثال,5,45,"الإصحاح الخامس الآيات (1-14): ""يا ابني أصغ إلى حكمتي أمل أذنك إلى فهمي. لحفظ التدابير ولتحفظ شفتاك معرفة. لأن شفتي المرأة الأجنبية تقطران عسلاً وحنكها انعم من الزيت. لكن عاقبتها مرة كالافسنتين حادة كسيف ذي حدين. قدماها تنحدران إلى الموت خطواتها تتمسك بالهاوية. لئلا تتأمل طريق الحياة تمايلت خطواتها ولا تشعر. والآن أيها البنون اسمعوا لي ولا ترتدوا عن كلمات فمي. ابعد طريقك عنها ولا تقرب إلى باب بيتها. لئلا تعطي زهرك لآخرين وسنينك للقاسي. لئلا تشبع الأجانب من قوتك وتكون أتعابك في بيت غريب. فتنوح في أواخرك عند فناء لحمك وجسمك. فتقول كيف أني أبغضت الأدب ورذل قلبي التوبيخ. ولم اسمع لصوت مرشدي ولم أمل أذني إلى معلمي. لولا قليل لكنت في كل شر في وسط الزمرة والجماعة.""
أمثال,5,46,"الإصحاح الخامس الآيات (1-14): ""يا ابني أصغ إلى حكمتي أمل أذنك إلى فهمي. لحفظ التدابير ولتحفظ شفتاك معرفة. لأن شفتي المرأة الأجنبية تقطران عسلاً وحنكها انعم من الزيت. لكن عاقبتها مرة كالافسنتين حادة كسيف ذي حدين. قدماها تنحدران إلى الموت خطواتها تتمسك بالهاوية. لئلا تتأمل طريق الحياة تمايلت خطواتها ولا تشعر. والآن أيها البنون اسمعوا لي ولا ترتدوا عن كلمات فمي. ابعد طريقك عنها ولا تقرب إلى باب بيتها. لئلا تعطي زهرك لآخرين وسنينك للقاسي. لئلا تشبع الأجانب من قوتك وتكون أتعابك في بيت غريب. فتنوح في أواخرك عند فناء لحمك وجسمك. فتقول كيف أني أبغضت الأدب ورذل قلبي التوبيخ. ولم اسمع لصوت مرشدي ولم أمل أذني إلى معلمي. لولا قليل لكنت في كل شر في وسط الزمرة والجماعة.""
أمثال,5,47,"الإصحاح الخامس الآيات (1-14): ""يا ابني أصغ إلى حكمتي أمل أذنك إلى فهمي. لحفظ التدابير ولتحفظ شفتاك معرفة. لأن شفتي المرأة الأجنبية تقطران عسلاً وحنكها انعم من الزيت. لكن عاقبتها مرة كالافسنتين حادة كسيف ذي حدين. قدماها تنحدران إلى الموت خطواتها تتمسك بالهاوية. لئلا تتأمل طريق الحياة تمايلت خطواتها ولا تشعر. والآن أيها البنون اسمعوا لي ولا ترتدوا عن كلمات فمي. ابعد طريقك عنها ولا تقرب إلى باب بيتها. لئلا تعطي زهرك لآخرين وسنينك للقاسي. لئلا تشبع الأجانب من قوتك وتكون أتعابك في بيت غريب. فتنوح في أواخرك عند فناء لحمك وجسمك. فتقول كيف أني أبغضت الأدب ورذل قلبي التوبيخ. ولم اسمع لصوت مرشدي ولم أمل أذني إلى معلمي. لولا قليل لكنت في كل شر في وسط الزمرة والجماعة.""
أمثال,5,48,"الإصحاح الخامس الآيات (1-14): ""يا ابني أصغ إلى حكمتي أمل أذنك إلى فهمي. لحفظ التدابير ولتحفظ شفتاك معرفة. لأن شفتي المرأة الأجنبية تقطران عسلاً وحنكها انعم من الزيت. لكن عاقبتها مرة كالافسنتين حادة كسيف ذي حدين. قدماها تنحدران إلى الموت خطواتها تتمسك بالهاوية. لئلا تتأمل طريق الحياة تمايلت خطواتها ولا تشعر. والآن أيها البنون اسمعوا لي ولا ترتدوا عن كلمات فمي. ابعد طريقك عنها ولا تقرب إلى باب بيتها. لئلا تعطي زهرك لآخرين وسنينك للقاسي. لئلا تشبع الأجانب من قوتك وتكون أتعابك في بيت غريب. فتنوح في أواخرك عند فناء لحمك وجسمك. فتقول كيف أني أبغضت الأدب ورذل قلبي التوبيخ. ولم اسمع لصوت مرشدي ولم أمل أذني إلى معلمي. لولا قليل لكنت في كل شر في وسط الزمرة والجماعة.""
أمثال,5,49,"الإصحاح الخامس الآيات (1-14): ""يا ابني أصغ إلى حكمتي أمل أذنك إلى فهمي. لحفظ التدابير ولتحفظ شفتاك معرفة. لأن شفتي المرأة الأجنبية تقطران عسلاً وحنكها انعم من الزيت. لكن عاقبتها مرة كالافسنتين حادة كسيف ذي حدين. قدماها تنحدران إلى الموت خطواتها تتمسك بالهاوية. لئلا تتأمل طريق الحياة تمايلت خطواتها ولا تشعر. والآن أيها البنون اسمعوا لي ولا ترتدوا عن كلمات فمي. ابعد طريقك عنها ولا تقرب إلى باب بيتها. لئلا تعطي زهرك لآخرين وسنينك للقاسي. لئلا تشبع الأجانب من قوتك وتكون أتعابك في بيت غريب. فتنوح في أواخرك عند فناء لحمك وجسمك. فتقول كيف أني أبغضت الأدب ورذل قلبي التوبيخ. ولم اسمع لصوت مرشدي ولم أمل أذني إلى معلمي. لولا قليل لكنت في كل شر في وسط الزمرة والجماعة.""
أمثال,5,50,"الإصحاح الخامس الآيات (1-14): ""يا ابني أصغ إلى حكمتي أمل أذنك إلى فهمي. لحفظ التدابير ولتحفظ شفتاك معرفة. لأن شفتي المرأة الأجنبية تقطران عسلاً وحنكها انعم من الزيت. لكن عاقبتها مرة كالافسنتين حادة كسيف ذي حدين. قدماها تنحدران إلى الموت خطواتها تتمسك بالهاوية. لئلا تتأمل طريق الحياة تمايلت خطواتها ولا تشعر. والآن أيها البنون اسمعوا لي ولا ترتدوا عن كلمات فمي. ابعد طريقك عنها ولا تقرب إلى باب بيتها. لئلا تعطي زهرك لآخرين وسنينك للقاسي. لئلا تشبع الأجانب من قوتك وتكون أتعابك في بيت غريب. فتنوح في أواخرك عند فناء لحمك وجسمك. فتقول كيف أني أبغضت الأدب ورذل قلبي التوبيخ. ولم اسمع لصوت مرشدي ولم أمل أذني إلى معلمي. لولا قليل لكنت في كل شر في وسط الزمرة والجماعة.""
أمثال,5,51,"الإصحاح الخامس الآيات (1-14): ""يا ابني أصغ إلى حكمتي أمل أذنك إلى فهمي. لحفظ التدابير ولتحفظ شفتاك معرفة. لأن شفتي المرأة الأجنبية تقطران عسلاً وحنكها انعم من الزيت. لكن عاقبتها مرة كالافسنتين حادة كسيف ذي حدين. قدماها تنحدران إلى الموت خطواتها تتمسك بالهاوية. لئلا تتأمل طريق الحياة تمايلت خطواتها ولا تشعر. والآن أيها البنون اسمعوا لي ولا ترتدوا عن كلمات فمي. ابعد طريقك عنها ولا تقرب إلى باب بيتها. لئلا تعطي زهرك لآخرين وسنينك للقاسي. لئلا تشبع الأجانب من قوتك وتكون أتعابك في بيت غريب. فتنوح في أواخرك عند فناء لحمك وجسمك. فتقول كيف أني أبغضت الأدب ورذل قلبي التوبيخ. ولم اسمع لصوت مرشدي ولم أمل أذني إلى معلمي. لولا قليل لكنت في كل شر في وسط الزمرة والجماعة.""
أمثال,5,52,"الإصحاح الخامس الآيات (1-14): ""يا ابني أصغ إلى حكمتي أمل أذنك إلى فهمي. لحفظ التدابير ولتحفظ شفتاك معرفة. لأن شفتي المرأة الأجنبية تقطران عسلاً وحنكها انعم من الزيت. لكن عاقبتها مرة كالافسنتين حادة كسيف ذي حدين. قدماها تنحدران إلى الموت خطواتها تتمسك بالهاوية. لئلا تتأمل طريق الحياة تمايلت خطواتها ولا تشعر. والآن أيها البنون اسمعوا لي ولا ترتدوا عن كلمات فمي. ابعد طريقك عنها ولا تقرب إلى باب بيتها. لئلا تعطي زهرك لآخرين وسنينك للقاسي. لئلا تشبع الأجانب من قوتك وتكون أتعابك في بيت غريب. فتنوح في أواخرك عند فناء لحمك وجسمك. فتقول كيف أني أبغضت الأدب ورذل قلبي التوبيخ. ولم اسمع لصوت مرشدي ولم أمل أذني إلى معلمي. لولا قليل لكنت في كل شر في وسط الزمرة والجماعة.""
أمثال,5,53,"الإصحاح الخامس الآيات (1-14): ""يا ابني أصغ إلى حكمتي أمل أذنك إلى فهمي. لحفظ التدابير ولتحفظ شفتاك معرفة. لأن شفتي المرأة الأجنبية تقطران عسلاً وحنكها انعم من الزيت. لكن عاقبتها مرة كالافسنتين حادة كسيف ذي حدين. قدماها تنحدران إلى الموت خطواتها تتمسك بالهاوية. لئلا تتأمل طريق الحياة تمايلت خطواتها ولا تشعر. والآن أيها البنون اسمعوا لي ولا ترتدوا عن كلمات فمي. ابعد طريقك عنها ولا تقرب إلى باب بيتها. لئلا تعطي زهرك لآخرين وسنينك للقاسي. لئلا تشبع الأجانب من قوتك وتكون أتعابك في بيت غريب. فتنوح في أواخرك عند فناء لحمك وجسمك. فتقول كيف أني أبغضت الأدب ورذل قلبي التوبيخ. ولم اسمع لصوت مرشدي ولم أمل أذني إلى معلمي. لولا قليل لكنت في كل شر في وسط الزمرة والجماعة.""
أمثال,5,54,"الإصحاح الخامس الآيات (1-14): ""يا ابني أصغ إلى حكمتي أمل أذنك إلى فهمي. لحفظ التدابير ولتحفظ شفتاك معرفة. لأن شفتي المرأة الأجنبية تقطران عسلاً وحنكها انعم من الزيت. لكن عاقبتها مرة كالافسنتين حادة كسيف ذي حدين. قدماها تنحدران إلى الموت خطواتها تتمسك بالهاوية. لئلا تتأمل طريق الحياة تمايلت خطواتها ولا تشعر. والآن أيها البنون اسمعوا لي ولا ترتدوا عن كلمات فمي. ابعد طريقك عنها ولا تقرب إلى باب بيتها. لئلا تعطي زهرك لآخرين وسنينك للقاسي. لئلا تشبع الأجانب من قوتك وتكون أتعابك في بيت غريب. فتنوح في أواخرك عند فناء لحمك وجسمك. فتقول كيف أني أبغضت الأدب ورذل قلبي التوبيخ. ولم اسمع لصوت مرشدي ولم أمل أذني إلى معلمي. لولا قليل لكنت في كل شر في وسط الزمرة والجماعة.""
أمثال,5,55,"الإصحاح الخامس الآيات (1-14): ""يا ابني أصغ إلى حكمتي أمل أذنك إلى فهمي. لحفظ التدابير ولتحفظ شفتاك معرفة. لأن شفتي المرأة الأجنبية تقطران عسلاً وحنكها انعم من الزيت. لكن عاقبتها مرة كالافسنتين حادة كسيف ذي حدين. قدماها تنحدران إلى الموت خطواتها تتمسك بالهاوية. لئلا تتأمل طريق الحياة تمايلت خطواتها ولا تشعر. والآن أيها البنون اسمعوا لي ولا ترتدوا عن كلمات فمي. ابعد طريقك عنها ولا تقرب إلى باب بيتها. لئلا تعطي زهرك لآخرين وسنينك للقاسي. لئلا تشبع الأجانب من قوتك وتكون أتعابك في بيت غريب. فتنوح في أواخرك عند فناء لحمك وجسمك. فتقول كيف أني أبغضت الأدب ورذل قلبي التوبيخ. ولم اسمع لصوت مرشدي ولم أمل أذني إلى معلمي. لولا قليل لكنت في كل شر في وسط الزمرة والجماعة.""
أمثال,5,56,"الإصحاح الخامس الآيات (1-14): ""يا ابني أصغ إلى حكمتي أمل أذنك إلى فهمي. لحفظ التدابير ولتحفظ شفتاك معرفة. لأن شفتي المرأة الأجنبية تقطران عسلاً وحنكها انعم من الزيت. لكن عاقبتها مرة كالافسنتين حادة كسيف ذي حدين. قدماها تنحدران إلى الموت خطواتها تتمسك بالهاوية. لئلا تتأمل طريق الحياة تمايلت خطواتها ولا تشعر. والآن أيها البنون اسمعوا لي ولا ترتدوا عن كلمات فمي. ابعد طريقك عنها ولا تقرب إلى باب بيتها. لئلا تعطي زهرك لآخرين وسنينك للقاسي. لئلا تشبع الأجانب من قوتك وتكون أتعابك في بيت غريب. فتنوح في أواخرك عند فناء لحمك وجسمك. فتقول كيف أني أبغضت الأدب ورذل قلبي التوبيخ. ولم اسمع لصوت مرشدي ولم أمل أذني إلى معلمي. لولا قليل لكنت في كل شر في وسط الزمرة والجماعة.""
أمثال,5,57,"الإصحاح الخامس الآيات (1-14): ""يا ابني أصغ إلى حكمتي أمل أذنك إلى فهمي. لحفظ التدابير ولتحفظ شفتاك معرفة. لأن شفتي المرأة الأجنبية تقطران عسلاً وحنكها انعم من الزيت. لكن عاقبتها مرة كالافسنتين حادة كسيف ذي حدين. قدماها تنحدران إلى الموت خطواتها تتمسك بالهاوية. لئلا تتأمل طريق الحياة تمايلت خطواتها ولا تشعر. والآن أيها البنون اسمعوا لي ولا ترتدوا عن كلمات فمي. ابعد طريقك عنها ولا تقرب إلى باب بيتها. لئلا تعطي زهرك لآخرين وسنينك للقاسي. لئلا تشبع الأجانب من قوتك وتكون أتعابك في بيت غريب. فتنوح في أواخرك عند فناء لحمك وجسمك. فتقول كيف أني أبغضت الأدب ورذل قلبي التوبيخ. ولم اسمع لصوت مرشدي ولم أمل أذني إلى معلمي. لولا قليل لكنت في كل شر في وسط الزمرة والجماعة.""
أمثال,5,58,"الإصحاح الخامس الآيات (1-14): ""يا ابني أصغ إلى حكمتي أمل أذنك إلى فهمي. لحفظ التدابير ولتحفظ شفتاك معرفة. لأن شفتي المرأة الأجنبية تقطران عسلاً وحنكها انعم من الزيت. لكن عاقبتها مرة كالافسنتين حادة كسيف ذي حدين. قدماها تنحدران إلى الموت خطواتها تتمسك بالهاوية. لئلا تتأمل طريق الحياة تمايلت خطواتها ولا تشعر. والآن أيها البنون اسمعوا لي ولا ترتدوا عن كلمات فمي. ابعد طريقك عنها ولا تقرب إلى باب بيتها. لئلا تعطي زهرك لآخرين وسنينك للقاسي. لئلا تشبع الأجانب من قوتك وتكون أتعابك في بيت غريب. فتنوح في أواخرك عند فناء لحمك وجسمك. فتقول كيف أني أبغضت الأدب ورذل قلبي التوبيخ. ولم اسمع لصوت مرشدي ولم أمل أذني إلى معلمي. لولا قليل لكنت في كل شر في وسط الزمرة والجماعة.""
أمثال,5,59,"الإصحاح الخامس الآيات (1-14): ""يا ابني أصغ إلى حكمتي أمل أذنك إلى فهمي. لحفظ التدابير ولتحفظ شفتاك معرفة. لأن شفتي المرأة الأجنبية تقطران عسلاً وحنكها انعم من الزيت. لكن عاقبتها مرة كالافسنتين حادة كسيف ذي حدين. قدماها تنحدران إلى الموت خطواتها تتمسك بالهاوية. لئلا تتأمل طريق الحياة تمايلت خطواتها ولا تشعر. والآن أيها البنون اسمعوا لي ولا ترتدوا عن كلمات فمي. ابعد طريقك عنها ولا تقرب إلى باب بيتها. لئلا تعطي زهرك لآخرين وسنينك للقاسي. لئلا تشبع الأجانب من قوتك وتكون أتعابك في بيت غريب. فتنوح في أواخرك عند فناء لحمك وجسمك. فتقول كيف أني أبغضت الأدب ورذل قلبي التوبيخ. ولم اسمع لصوت مرشدي ولم أمل أذني إلى معلمي. لولا قليل لكنت في كل شر في وسط الزمرة والجماعة.""
أمثال,5,60,"الإصحاح الخامس الآيات (1-14): ""يا ابني أصغ إلى حكمتي أمل أذنك إلى فهمي. لحفظ التدابير ولتحفظ شفتاك معرفة. لأن شفتي المرأة الأجنبية تقطران عسلاً وحنكها انعم من الزيت. لكن عاقبتها مرة كالافسنتين حادة كسيف ذي حدين. قدماها تنحدران إلى الموت خطواتها تتمسك بالهاوية. لئلا تتأمل طريق الحياة تمايلت خطواتها ولا تشعر. والآن أيها البنون اسمعوا لي ولا ترتدوا عن كلمات فمي. ابعد طريقك عنها ولا تقرب إلى باب بيتها. لئلا تعطي زهرك لآخرين وسنينك للقاسي. لئلا تشبع الأجانب من قوتك وتكون أتعابك في بيت غريب. فتنوح في أواخرك عند فناء لحمك وجسمك. فتقول كيف أني أبغضت الأدب ورذل قلبي التوبيخ. ولم اسمع لصوت مرشدي ولم أمل أذني إلى معلمي. لولا قليل لكنت في كل شر في وسط الزمرة والجماعة.""
أمثال,5,61,"الإصحاح الخامس الآيات (1-14): ""يا ابني أصغ إلى حكمتي أمل أذنك إلى فهمي. لحفظ التدابير ولتحفظ شفتاك معرفة. لأن شفتي المرأة الأجنبية تقطران عسلاً وحنكها انعم من الزيت. لكن عاقبتها مرة كالافسنتين حادة كسيف ذي حدين. قدماها تنحدران إلى الموت خطواتها تتمسك بالهاوية. لئلا تتأمل طريق الحياة تمايلت خطواتها ولا تشعر. والآن أيها البنون اسمعوا لي ولا ترتدوا عن كلمات فمي. ابعد طريقك عنها ولا تقرب إلى باب بيتها. لئلا تعطي زهرك لآخرين وسنينك للقاسي. لئلا تشبع الأجانب من قوتك وتكون أتعابك في بيت غريب. فتنوح في أواخرك عند فناء لحمك وجسمك. فتقول كيف أني أبغضت الأدب ورذل قلبي التوبيخ. ولم اسمع لصوت مرشدي ولم أمل أذني إلى معلمي. لولا قليل لكنت في كل شر في وسط الزمرة والجماعة.""
أمثال,5,62,"الإصحاح الخامس الآيات (1-14): ""يا ابني أصغ إلى حكمتي أمل أذنك إلى فهمي. لحفظ التدابير ولتحفظ شفتاك معرفة. لأن شفتي المرأة الأجنبية تقطران عسلاً وحنكها انعم من الزيت. لكن عاقبتها مرة كالافسنتين حادة كسيف ذي حدين. قدماها تنحدران إلى الموت خطواتها تتمسك بالهاوية. لئلا تتأمل طريق الحياة تمايلت خطواتها ولا تشعر. والآن أيها البنون اسمعوا لي ولا ترتدوا عن كلمات فمي. ابعد طريقك عنها ولا تقرب إلى باب بيتها. لئلا تعطي زهرك لآخرين وسنينك للقاسي. لئلا تشبع الأجانب من قوتك وتكون أتعابك في بيت غريب. فتنوح في أواخرك عند فناء لحمك وجسمك. فتقول كيف أني أبغضت الأدب ورذل قلبي التوبيخ. ولم اسمع لصوت مرشدي ولم أمل أذني إلى معلمي. لولا قليل لكنت في كل شر في وسط الزمرة والجماعة.""
أمثال,5,63,"الإصحاح الخامس الآيات (1-14): ""يا ابني أصغ إلى حكمتي أمل أذنك إلى فهمي. لحفظ التدابير ولتحفظ شفتاك معرفة. لأن شفتي المرأة الأجنبية تقطران عسلاً وحنكها انعم من الزيت. لكن عاقبتها مرة كالافسنتين حادة كسيف ذي حدين. قدماها تنحدران إلى الموت خطواتها تتمسك بالهاوية. لئلا تتأمل طريق الحياة تمايلت خطواتها ولا تشعر. والآن أيها البنون اسمعوا لي ولا ترتدوا عن كلمات فمي. ابعد طريقك عنها ولا تقرب إلى باب بيتها. لئلا تعطي زهرك لآخرين وسنينك للقاسي. لئلا تشبع الأجانب من قوتك وتكون أتعابك في بيت غريب. فتنوح في أواخرك عند فناء لحمك وجسمك. فتقول كيف أني أبغضت الأدب ورذل قلبي التوبيخ. ولم اسمع لصوت مرشدي ولم أمل أذني إلى معلمي. لولا قليل لكنت في كل شر في وسط الزمرة والجماعة.""
أمثال,5,64,"الإصحاح الخامس الآيات (1-14): ""يا ابني أصغ إلى حكمتي أمل أذنك إلى فهمي. لحفظ التدابير ولتحفظ شفتاك معرفة. لأن شفتي المرأة الأجنبية تقطران عسلاً وحنكها انعم من الزيت. لكن عاقبتها مرة كالافسنتين حادة كسيف ذي حدين. قدماها تنحدران إلى الموت خطواتها تتمسك بالهاوية. لئلا تتأمل طريق الحياة تمايلت خطواتها ولا تشعر. والآن أيها البنون اسمعوا لي ولا ترتدوا عن كلمات فمي. ابعد طريقك عنها ولا تقرب إلى باب بيتها. لئلا تعطي زهرك لآخرين وسنينك للقاسي. لئلا تشبع الأجانب من قوتك وتكون أتعابك في بيت غريب. فتنوح في أواخرك عند فناء لحمك وجسمك. فتقول كيف أني أبغضت الأدب ورذل قلبي التوبيخ. ولم اسمع لصوت مرشدي ولم أمل أذني إلى معلمي. لولا قليل لكنت في كل شر في وسط الزمرة والجماعة.""
أمثال,5,65,"الإصحاح الخامس الآيات (1-14): ""يا ابني أصغ إلى حكمتي أمل أذنك إلى فهمي. لحفظ التدابير ولتحفظ شفتاك معرفة. لأن شفتي المرأة الأجنبية تقطران عسلاً وحنكها انعم من الزيت. لكن عاقبتها مرة كالافسنتين حادة كسيف ذي حدين. قدماها تنحدران إلى الموت خطواتها تتمسك بالهاوية. لئلا تتأمل طريق الحياة تمايلت خطواتها ولا تشعر. والآن أيها البنون اسمعوا لي ولا ترتدوا عن كلمات فمي. ابعد طريقك عنها ولا تقرب إلى باب بيتها. لئلا تعطي زهرك لآخرين وسنينك للقاسي. لئلا تشبع الأجانب من قوتك وتكون أتعابك في بيت غريب. فتنوح في أواخرك عند فناء لحمك وجسمك. فتقول كيف أني أبغضت الأدب ورذل قلبي التوبيخ. ولم اسمع لصوت مرشدي ولم أمل أذني إلى معلمي. لولا قليل لكنت في كل شر في وسط الزمرة والجماعة.""
أمثال,5,66,"الإصحاح الخامس الآيات (1-14): ""يا ابني أصغ إلى حكمتي أمل أذنك إلى فهمي. لحفظ التدابير ولتحفظ شفتاك معرفة. لأن شفتي المرأة الأجنبية تقطران عسلاً وحنكها انعم من الزيت. لكن عاقبتها مرة كالافسنتين حادة كسيف ذي حدين. قدماها تنحدران إلى الموت خطواتها تتمسك بالهاوية. لئلا تتأمل طريق الحياة تمايلت خطواتها ولا تشعر. والآن أيها البنون اسمعوا لي ولا ترتدوا عن كلمات فمي. ابعد طريقك عنها ولا تقرب إلى باب بيتها. لئلا تعطي زهرك لآخرين وسنينك للقاسي. لئلا تشبع الأجانب من قوتك وتكون أتعابك في بيت غريب. فتنوح في أواخرك عند فناء لحمك وجسمك. فتقول كيف أني أبغضت الأدب ورذل قلبي التوبيخ. ولم اسمع لصوت مرشدي ولم أمل أذني إلى معلمي. لولا قليل لكنت في كل شر في وسط الزمرة والجماعة.""
أمثال,5,67,"الإصحاح الخامس الآيات (1-14): ""يا ابني أصغ إلى حكمتي أمل أذنك إلى فهمي. لحفظ التدابير ولتحفظ شفتاك معرفة. لأن شفتي المرأة الأجنبية تقطران عسلاً وحنكها انعم من الزيت. لكن عاقبتها مرة كالافسنتين حادة كسيف ذي حدين. قدماها تنحدران إلى الموت خطواتها تتمسك بالهاوية. لئلا تتأمل طريق الحياة تمايلت خطواتها ولا تشعر. والآن أيها البنون اسمعوا لي ولا ترتدوا عن كلمات فمي. ابعد طريقك عنها ولا تقرب إلى باب بيتها. لئلا تعطي زهرك لآخرين وسنينك للقاسي. لئلا تشبع الأجانب من قوتك وتكون أتعابك في بيت غريب. فتنوح في أواخرك عند فناء لحمك وجسمك. فتقول كيف أني أبغضت الأدب ورذل قلبي التوبيخ. ولم اسمع لصوت مرشدي ولم أمل أذني إلى معلمي. لولا قليل لكنت في كل شر في وسط الزمرة والجماعة.""
أمثال,5,68,"الإصحاح الخامس الآيات (1-14): ""يا ابني أصغ إلى حكمتي أمل أذنك إلى فهمي. لحفظ التدابير ولتحفظ شفتاك معرفة. لأن شفتي المرأة الأجنبية تقطران عسلاً وحنكها انعم من الزيت. لكن عاقبتها مرة كالافسنتين حادة كسيف ذي حدين. قدماها تنحدران إلى الموت خطواتها تتمسك بالهاوية. لئلا تتأمل طريق الحياة تمايلت خطواتها ولا تشعر. والآن أيها البنون اسمعوا لي ولا ترتدوا عن كلمات فمي. ابعد طريقك عنها ولا تقرب إلى باب بيتها. لئلا تعطي زهرك لآخرين وسنينك للقاسي. لئلا تشبع الأجانب من قوتك وتكون أتعابك في بيت غريب. فتنوح في أواخرك عند فناء لحمك وجسمك. فتقول كيف أني أبغضت الأدب ورذل قلبي التوبيخ. ولم اسمع لصوت مرشدي ولم أمل أذني إلى معلمي. لولا قليل لكنت في كل شر في وسط الزمرة والجماعة.""
أمثال,5,69,"الإصحاح الخامس الآيات (1-14): ""يا ابني أصغ إلى حكمتي أمل أذنك إلى فهمي. لحفظ التدابير ولتحفظ شفتاك معرفة. لأن شفتي المرأة الأجنبية تقطران عسلاً وحنكها انعم من الزيت. لكن عاقبتها مرة كالافسنتين حادة كسيف ذي حدين. قدماها تنحدران إلى الموت خطواتها تتمسك بالهاوية. لئلا تتأمل طريق الحياة تمايلت خطواتها ولا تشعر. والآن أيها البنون اسمعوا لي ولا ترتدوا عن كلمات فمي. ابعد طريقك عنها ولا تقرب إلى باب بيتها. لئلا تعطي زهرك لآخرين وسنينك للقاسي. لئلا تشبع الأجانب من قوتك وتكون أتعابك في بيت غريب. فتنوح في أواخرك عند فناء لحمك وجسمك. فتقول كيف أني أبغضت الأدب ورذل قلبي التوبيخ. ولم اسمع لصوت مرشدي ولم أمل أذني إلى معلمي. لولا قليل لكنت في كل شر في وسط الزمرة والجماعة.""
أمثال,5,70,"الإصحاح الخامس الآيات (1-14): ""يا ابني أصغ إلى حكمتي أمل أذنك إلى فهمي. لحفظ التدابير ولتحفظ شفتاك معرفة. لأن شفتي المرأة الأجنبية تقطران عسلاً وحنكها انعم من الزيت. لكن عاقبتها مرة كالافسنتين حادة كسيف ذي حدين. قدماها تنحدران إلى الموت خطواتها تتمسك بالهاوية. لئلا تتأمل طريق الحياة تمايلت خطواتها ولا تشعر. والآن أيها البنون اسمعوا لي ولا ترتدوا عن كلمات فمي. ابعد طريقك عنها ولا تقرب إلى باب بيتها. لئلا تعطي زهرك لآخرين وسنينك للقاسي. لئلا تشبع الأجانب من قوتك وتكون أتعابك في بيت غريب. فتنوح في أواخرك عند فناء لحمك وجسمك. فتقول كيف أني أبغضت الأدب ورذل قلبي التوبيخ. ولم اسمع لصوت مرشدي ولم أمل أذني إلى معلمي. لولا قليل لكنت في كل شر في وسط الزمرة والجماعة.""
أمثال,5,71,"الإصحاح الخامس الآيات (1-14): ""يا ابني أصغ إلى حكمتي أمل أذنك إلى فهمي. لحفظ التدابير ولتحفظ شفتاك معرفة. لأن شفتي المرأة الأجنبية تقطران عسلاً وحنكها انعم من الزيت. لكن عاقبتها مرة كالافسنتين حادة كسيف ذي حدين. قدماها تنحدران إلى الموت خطواتها تتمسك بالهاوية. لئلا تتأمل طريق الحياة تمايلت خطواتها ولا تشعر. والآن أيها البنون اسمعوا لي ولا ترتدوا عن كلمات فمي. ابعد طريقك عنها ولا تقرب إلى باب بيتها. لئلا تعطي زهرك لآخرين وسنينك للقاسي. لئلا تشبع الأجانب من قوتك وتكون أتعابك في بيت غريب. فتنوح في أواخرك عند فناء لحمك وجسمك. فتقول كيف أني أبغضت الأدب ورذل قلبي التوبيخ. ولم اسمع لصوت مرشدي ولم أمل أذني إلى معلمي. لولا قليل لكنت في كل شر في وسط الزمرة والجماعة.""
أمثال,5,72,"الإصحاح الخامس الآيات (1-14): ""يا ابني أصغ إلى حكمتي أمل أذنك إلى فهمي. لحفظ التدابير ولتحفظ شفتاك معرفة. لأن شفتي المرأة الأجنبية تقطران عسلاً وحنكها انعم من الزيت. لكن عاقبتها مرة كالافسنتين حادة كسيف ذي حدين. قدماها تنحدران إلى الموت خطواتها تتمسك بالهاوية. لئلا تتأمل طريق الحياة تمايلت خطواتها ولا تشعر. والآن أيها البنون اسمعوا لي ولا ترتدوا عن كلمات فمي. ابعد طريقك عنها ولا تقرب إلى باب بيتها. لئلا تعطي زهرك لآخرين وسنينك للقاسي. لئلا تشبع الأجانب من قوتك وتكون أتعابك في بيت غريب. فتنوح في أواخرك عند فناء لحمك وجسمك. فتقول كيف أني أبغضت الأدب ورذل قلبي التوبيخ. ولم اسمع لصوت مرشدي ولم أمل أذني إلى معلمي. لولا قليل لكنت في كل شر في وسط الزمرة والجماعة.""
أمثال,5,73,"الإصحاح الخامس الآيات (1-14): ""يا ابني أصغ إلى حكمتي أمل أذنك إلى فهمي. لحفظ التدابير ولتحفظ شفتاك معرفة. لأن شفتي المرأة الأجنبية تقطران عسلاً وحنكها انعم من الزيت. لكن عاقبتها مرة كالافسنتين حادة كسيف ذي حدين. قدماها تنحدران إلى الموت خطواتها تتمسك بالهاوية. لئلا تتأمل طريق الحياة تمايلت خطواتها ولا تشعر. والآن أيها البنون اسمعوا لي ولا ترتدوا عن كلمات فمي. ابعد طريقك عنها ولا تقرب إلى باب بيتها. لئلا تعطي زهرك لآخرين وسنينك للقاسي. لئلا تشبع الأجانب من قوتك وتكون أتعابك في بيت غريب. فتنوح في أواخرك عند فناء لحمك وجسمك. فتقول كيف أني أبغضت الأدب ورذل قلبي التوبيخ. ولم اسمع لصوت مرشدي ولم أمل أذني إلى معلمي. لولا قليل لكنت في كل شر في وسط الزمرة والجماعة.""
أمثال,5,74,"الإصحاح الخامس الآيات (1-14): ""يا ابني أصغ إلى حكمتي أمل أذنك إلى فهمي. لحفظ التدابير ولتحفظ شفتاك معرفة. لأن شفتي المرأة الأجنبية تقطران عسلاً وحنكها انعم من الزيت. لكن عاقبتها مرة كالافسنتين حادة كسيف ذي حدين. قدماها تنحدران إلى الموت خطواتها تتمسك بالهاوية. لئلا تتأمل طريق الحياة تمايلت خطواتها ولا تشعر. والآن أيها البنون اسمعوا لي ولا ترتدوا عن كلمات فمي. ابعد طريقك عنها ولا تقرب إلى باب بيتها. لئلا تعطي زهرك لآخرين وسنينك للقاسي. لئلا تشبع الأجانب من قوتك وتكون أتعابك في بيت غريب. فتنوح في أواخرك عند فناء لحمك وجسمك. فتقول كيف أني أبغضت الأدب ورذل قلبي التوبيخ. ولم اسمع لصوت مرشدي ولم أمل أذني إلى معلمي. لولا قليل لكنت في كل شر في وسط الزمرة والجماعة.""
أمثال,5,75,"الإصحاح الخامس الآيات (1-14): ""يا ابني أصغ إلى حكمتي أمل أذنك إلى فهمي. لحفظ التدابير ولتحفظ شفتاك معرفة. لأن شفتي المرأة الأجنبية تقطران عسلاً وحنكها انعم من الزيت. لكن عاقبتها مرة كالافسنتين حادة كسيف ذي حدين. قدماها تنحدران إلى الموت خطواتها تتمسك بالهاوية. لئلا تتأمل طريق الحياة تمايلت خطواتها ولا تشعر. والآن أيها البنون اسمعوا لي ولا ترتدوا عن كلمات فمي. ابعد طريقك عنها ولا تقرب إلى باب بيتها. لئلا تعطي زهرك لآخرين وسنينك للقاسي. لئلا تشبع الأجانب من قوتك وتكون أتعابك في بيت غريب. فتنوح في أواخرك عند فناء لحمك وجسمك. فتقول كيف أني أبغضت الأدب ورذل قلبي التوبيخ. ولم اسمع لصوت مرشدي ولم أمل أذني إلى معلمي. لولا قليل لكنت في كل شر في وسط الزمرة والجماعة.""
أمثال,5,76,"الإصحاح الخامس الآيات (1-14): ""يا ابني أصغ إلى حكمتي أمل أذنك إلى فهمي. لحفظ التدابير ولتحفظ شفتاك معرفة. لأن شفتي المرأة الأجنبية تقطران عسلاً وحنكها انعم من الزيت. لكن عاقبتها مرة كالافسنتين حادة كسيف ذي حدين. قدماها تنحدران إلى الموت خطواتها تتمسك بالهاوية. لئلا تتأمل طريق الحياة تمايلت خطواتها ولا تشعر. والآن أيها البنون اسمعوا لي ولا ترتدوا عن كلمات فمي. ابعد طريقك عنها ولا تقرب إلى باب بيتها. لئلا تعطي زهرك لآخرين وسنينك للقاسي. لئلا تشبع الأجانب من قوتك وتكون أتعابك في بيت غريب. فتنوح في أواخرك عند فناء لحمك وجسمك. فتقول كيف أني أبغضت الأدب ورذل قلبي التوبيخ. ولم اسمع لصوت مرشدي ولم أمل أذني إلى معلمي. لولا قليل لكنت في كل شر في وسط الزمرة والجماعة.""
أمثال,5,77,"الإصحاح الخامس الآيات (1-14): ""يا ابني أصغ إلى حكمتي أمل أذنك إلى فهمي. لحفظ التدابير ولتحفظ شفتاك معرفة. لأن شفتي المرأة الأجنبية تقطران عسلاً وحنكها انعم من الزيت. لكن عاقبتها مرة كالافسنتين حادة كسيف ذي حدين. قدماها تنحدران إلى الموت خطواتها تتمسك بالهاوية. لئلا تتأمل طريق الحياة تمايلت خطواتها ولا تشعر. والآن أيها البنون اسمعوا لي ولا ترتدوا عن كلمات فمي. ابعد طريقك عنها ولا تقرب إلى باب بيتها. لئلا تعطي زهرك لآخرين وسنينك للقاسي. لئلا تشبع الأجانب من قوتك وتكون أتعابك في بيت غريب. فتنوح في أواخرك عند فناء لحمك وجسمك. فتقول كيف أني أبغضت الأدب ورذل قلبي التوبيخ. ولم اسمع لصوت مرشدي ولم أمل أذني إلى معلمي. لولا قليل لكنت في كل شر في وسط الزمرة والجماعة.""
أمثال,5,78,"الإصحاح الخامس الآيات (1-14): ""يا ابني أصغ إلى حكمتي أمل أذنك إلى فهمي. لحفظ التدابير ولتحفظ شفتاك معرفة. لأن شفتي المرأة الأجنبية تقطران عسلاً وحنكها انعم من الزيت. لكن عاقبتها مرة كالافسنتين حادة كسيف ذي حدين. قدماها تنحدران إلى الموت خطواتها تتمسك بالهاوية. لئلا تتأمل طريق الحياة تمايلت خطواتها ولا تشعر. والآن أيها البنون اسمعوا لي ولا ترتدوا عن كلمات فمي. ابعد طريقك عنها ولا تقرب إلى باب بيتها. لئلا تعطي زهرك لآخرين وسنينك للقاسي. لئلا تشبع الأجانب من قوتك وتكون أتعابك في بيت غريب. فتنوح في أواخرك عند فناء لحمك وجسمك. فتقول كيف أني أبغضت الأدب ورذل قلبي التوبيخ. ولم اسمع لصوت مرشدي ولم أمل أذني إلى معلمي. لولا قليل لكنت في كل شر في وسط الزمرة والجماعة.""
أمثال,5,79,"الإصحاح الخامس الآيات (1-14): ""يا ابني أصغ إلى حكمتي أمل أذنك إلى فهمي. لحفظ التدابير ولتحفظ شفتاك معرفة. لأن شفتي المرأة الأجنبية تقطران عسلاً وحنكها انعم من الزيت. لكن عاقبتها مرة كالافسنتين حادة كسيف ذي حدين. قدماها تنحدران إلى الموت خطواتها تتمسك بالهاوية. لئلا تتأمل طريق الحياة تمايلت خطواتها ولا تشعر. والآن أيها البنون اسمعوا لي ولا ترتدوا عن كلمات فمي. ابعد طريقك عنها ولا تقرب إلى باب بيتها. لئلا تعطي زهرك لآخرين وسنينك للقاسي. لئلا تشبع الأجانب من قوتك وتكون أتعابك في بيت غريب. فتنوح في أواخرك عند فناء لحمك وجسمك. فتقول كيف أني أبغضت الأدب ورذل قلبي التوبيخ. ولم اسمع لصوت مرشدي ولم أمل أذني إلى معلمي. لولا قليل لكنت في كل شر في وسط الزمرة والجماعة.""
أمثال,5,80,"الإصحاح الخامس الآيات (1-14): ""يا ابني أصغ إلى حكمتي أمل أذنك إلى فهمي. لحفظ التدابير ولتحفظ شفتاك معرفة. لأن شفتي المرأة الأجنبية تقطران عسلاً وحنكها انعم من الزيت. لكن عاقبتها مرة كالافسنتين حادة كسيف ذي حدين. قدماها تنحدران إلى الموت خطواتها تتمسك بالهاوية. لئلا تتأمل طريق الحياة تمايلت خطواتها ولا تشعر. والآن أيها البنون اسمعوا لي ولا ترتدوا عن كلمات فمي. ابعد طريقك عنها ولا تقرب إلى باب بيتها. لئلا تعطي زهرك لآخرين وسنينك للقاسي. لئلا تشبع الأجانب من قوتك وتكون أتعابك في بيت غريب. فتنوح في أواخرك عند فناء لحمك وجسمك. فتقول كيف أني أبغضت الأدب ورذل قلبي التوبيخ. ولم اسمع لصوت مرشدي ولم أمل أذني إلى معلمي. لولا قليل لكنت في كل شر في وسط الزمرة والجماعة.""
أمثال,5,81,"الإصحاح الخامس الآيات (1-14): ""يا ابني أصغ إلى حكمتي أمل أذنك إلى فهمي. لحفظ التدابير ولتحفظ شفتاك معرفة. لأن شفتي المرأة الأجنبية تقطران عسلاً وحنكها انعم من الزيت. لكن عاقبتها مرة كالافسنتين حادة كسيف ذي حدين. قدماها تنحدران إلى الموت خطواتها تتمسك بالهاوية. لئلا تتأمل طريق الحياة تمايلت خطواتها ولا تشعر. والآن أيها البنون اسمعوا لي ولا ترتدوا عن كلمات فمي. ابعد طريقك عنها ولا تقرب إلى باب بيتها. لئلا تعطي زهرك لآخرين وسنينك للقاسي. لئلا تشبع الأجانب من قوتك وتكون أتعابك في بيت غريب. فتنوح في أواخرك عند فناء لحمك وجسمك. فتقول كيف أني أبغضت الأدب ورذل قلبي التوبيخ. ولم اسمع لصوت مرشدي ولم أمل أذني إلى معلمي. لولا قليل لكنت في كل شر في وسط الزمرة والجماعة.""
أمثال,5,82,"الإصحاح الخامس الآيات (1-14): ""يا ابني أصغ إلى حكمتي أمل أذنك إلى فهمي. لحفظ التدابير ولتحفظ شفتاك معرفة. لأن شفتي المرأة الأجنبية تقطران عسلاً وحنكها انعم من الزيت. لكن عاقبتها مرة كالافسنتين حادة كسيف ذي حدين. قدماها تنحدران إلى الموت خطواتها تتمسك بالهاوية. لئلا تتأمل طريق الحياة تمايلت خطواتها ولا تشعر. والآن أيها البنون اسمعوا لي ولا ترتدوا عن كلمات فمي. ابعد طريقك عنها ولا تقرب إلى باب بيتها. لئلا تعطي زهرك لآخرين وسنينك للقاسي. لئلا تشبع الأجانب من قوتك وتكون أتعابك في بيت غريب. فتنوح في أواخرك عند فناء لحمك وجسمك. فتقول كيف أني أبغضت الأدب ورذل قلبي التوبيخ. ولم اسمع لصوت مرشدي ولم أمل أذني إلى معلمي. لولا قليل لكنت في كل شر في وسط الزمرة والجماعة.""
أمثال,5,83,"الإصحاح الخامس الآيات (1-14): ""يا ابني أصغ إلى حكمتي أمل أذنك إلى فهمي. لحفظ التدابير ولتحفظ شفتاك معرفة. لأن شفتي المرأة الأجنبية تقطران عسلاً وحنكها انعم من الزيت. لكن عاقبتها مرة كالافسنتين حادة كسيف ذي حدين. قدماها تنحدران إلى الموت خطواتها تتمسك بالهاوية. لئلا تتأمل طريق الحياة تمايلت خطواتها ولا تشعر. والآن أيها البنون اسمعوا لي ولا ترتدوا عن كلمات فمي. ابعد طريقك عنها ولا تقرب إلى باب بيتها. لئلا تعطي زهرك لآخرين وسنينك للقاسي. لئلا تشبع الأجانب من قوتك وتكون أتعابك في بيت غريب. فتنوح في أواخرك عند فناء لحمك وجسمك. فتقول كيف أني أبغضت الأدب ورذل قلبي التوبيخ. ولم اسمع لصوت مرشدي ولم أمل أذني إلى معلمي. لولا قليل لكنت في كل شر في وسط الزمرة والجماعة.""
أمثال,5,84,"الإصحاح الخامس الآيات (1-14): ""يا ابني أصغ إلى حكمتي أمل أذنك إلى فهمي. لحفظ التدابير ولتحفظ شفتاك معرفة. لأن شفتي المرأة الأجنبية تقطران عسلاً وحنكها انعم من الزيت. لكن عاقبتها مرة كالافسنتين حادة كسيف ذي حدين. قدماها تنحدران إلى الموت خطواتها تتمسك بالهاوية. لئلا تتأمل طريق الحياة تمايلت خطواتها ولا تشعر. والآن أيها البنون اسمعوا لي ولا ترتدوا عن كلمات فمي. ابعد طريقك عنها ولا تقرب إلى باب بيتها. لئلا تعطي زهرك لآخرين وسنينك للقاسي. لئلا تشبع الأجانب من قوتك وتكون أتعابك في بيت غريب. فتنوح في أواخرك عند فناء لحمك وجسمك. فتقول كيف أني أبغضت الأدب ورذل قلبي التوبيخ. ولم اسمع لصوت مرشدي ولم أمل أذني إلى معلمي. لولا قليل لكنت في كل شر في وسط الزمرة والجماعة.""
أمثال,5,85,"الإصحاح الخامس الآيات (1-14): ""يا ابني أصغ إلى حكمتي أمل أذنك إلى فهمي. لحفظ التدابير ولتحفظ شفتاك معرفة. لأن شفتي المرأة الأجنبية تقطران عسلاً وحنكها انعم من الزيت. لكن عاقبتها مرة كالافسنتين حادة كسيف ذي حدين. قدماها تنحدران إلى الموت خطواتها تتمسك بالهاوية. لئلا تتأمل طريق الحياة تمايلت خطواتها ولا تشعر. والآن أيها البنون اسمعوا لي ولا ترتدوا عن كلمات فمي. ابعد طريقك عنها ولا تقرب إلى باب بيتها. لئلا تعطي زهرك لآخرين وسنينك للقاسي. لئلا تشبع الأجانب من قوتك وتكون أتعابك في بيت غريب. فتنوح في أواخرك عند فناء لحمك وجسمك. فتقول كيف أني أبغضت الأدب ورذل قلبي التوبيخ. ولم اسمع لصوت مرشدي ولم أمل أذني إلى معلمي. لولا قليل لكنت في كل شر في وسط الزمرة والجماعة.""
أمثال,5,86,"الإصحاح الخامس الآيات (1-14): ""يا ابني أصغ إلى حكمتي أمل أذنك إلى فهمي. لحفظ التدابير ولتحفظ شفتاك معرفة. لأن شفتي المرأة الأجنبية تقطران عسلاً وحنكها انعم من الزيت. لكن عاقبتها مرة كالافسنتين حادة كسيف ذي حدين. قدماها تنحدران إلى الموت خطواتها تتمسك بالهاوية. لئلا تتأمل طريق الحياة تمايلت خطواتها ولا تشعر. والآن أيها البنون اسمعوا لي ولا ترتدوا عن كلمات فمي. ابعد طريقك عنها ولا تقرب إلى باب بيتها. لئلا تعطي زهرك لآخرين وسنينك للقاسي. لئلا تشبع الأجانب من قوتك وتكون أتعابك في بيت غريب. فتنوح في أواخرك عند فناء لحمك وجسمك. فتقول كيف أني أبغضت الأدب ورذل قلبي التوبيخ. ولم اسمع لصوت مرشدي ولم أمل أذني إلى معلمي. لولا قليل لكنت في كل شر في وسط الزمرة والجماعة.""
أمثال,5,87,"الإصحاح الخامس الآيات (1-14): ""يا ابني أصغ إلى حكمتي أمل أذنك إلى فهمي. لحفظ التدابير ولتحفظ شفتاك معرفة. لأن شفتي المرأة الأجنبية تقطران عسلاً وحنكها انعم من الزيت. لكن عاقبتها مرة كالافسنتين حادة كسيف ذي حدين. قدماها تنحدران إلى الموت خطواتها تتمسك بالهاوية. لئلا تتأمل طريق الحياة تمايلت خطواتها ولا تشعر. والآن أيها البنون اسمعوا لي ولا ترتدوا عن كلمات فمي. ابعد طريقك عنها ولا تقرب إلى باب بيتها. لئلا تعطي زهرك لآخرين وسنينك للقاسي. لئلا تشبع الأجانب من قوتك وتكون أتعابك في بيت غريب. فتنوح في أواخرك عند فناء لحمك وجسمك. فتقول كيف أني أبغضت الأدب ورذل قلبي التوبيخ. ولم اسمع لصوت مرشدي ولم أمل أذني إلى معلمي. لولا قليل لكنت في كل شر في وسط الزمرة والجماعة.""
أمثال,5,88,"الإصحاح الخامس الآيات (1-14): ""يا ابني أصغ إلى حكمتي أمل أذنك إلى فهمي. لحفظ التدابير ولتحفظ شفتاك معرفة. لأن شفتي المرأة الأجنبية تقطران عسلاً وحنكها انعم من الزيت. لكن عاقبتها مرة كالافسنتين حادة كسيف ذي حدين. قدماها تنحدران إلى الموت خطواتها تتمسك بالهاوية. لئلا تتأمل طريق الحياة تمايلت خطواتها ولا تشعر. والآن أيها البنون اسمعوا لي ولا ترتدوا عن كلمات فمي. ابعد طريقك عنها ولا تقرب إلى باب بيتها. لئلا تعطي زهرك لآخرين وسنينك للقاسي. لئلا تشبع الأجانب من قوتك وتكون أتعابك في بيت غريب. فتنوح في أواخرك عند فناء لحمك وجسمك. فتقول كيف أني أبغضت الأدب ورذل قلبي التوبيخ. ولم اسمع لصوت مرشدي ولم أمل أذني إلى معلمي. لولا قليل لكنت في كل شر في وسط الزمرة والجماعة.""
أمثال,5,89,"الإصحاح الخامس الآيات (1-14): ""يا ابني أصغ إلى حكمتي أمل أذنك إلى فهمي. لحفظ التدابير ولتحفظ شفتاك معرفة. لأن شفتي المرأة الأجنبية تقطران عسلاً وحنكها انعم من الزيت. لكن عاقبتها مرة كالافسنتين حادة كسيف ذي حدين. قدماها تنحدران إلى الموت خطواتها تتمسك بالهاوية. لئلا تتأمل طريق الحياة تمايلت خطواتها ولا تشعر. والآن أيها البنون اسمعوا لي ولا ترتدوا عن كلمات فمي. ابعد طريقك عنها ولا تقرب إلى باب بيتها. لئلا تعطي زهرك لآخرين وسنينك للقاسي. لئلا تشبع الأجانب من قوتك وتكون أتعابك في بيت غريب. فتنوح في أواخرك عند فناء لحمك وجسمك. فتقول كيف أني أبغضت الأدب ورذل قلبي التوبيخ. ولم اسمع لصوت مرشدي ولم أمل أذني إلى معلمي. لولا قليل لكنت في كل شر في وسط الزمرة والجماعة.""
أمثال,5,90,"الإصحاح الخامس الآيات (1-14): ""يا ابني أصغ إلى حكمتي أمل أذنك إلى فهمي. لحفظ التدابير ولتحفظ شفتاك معرفة. لأن شفتي المرأة الأجنبية تقطران عسلاً وحنكها انعم من الزيت. لكن عاقبتها مرة كالافسنتين حادة كسيف ذي حدين. قدماها تنحدران إلى الموت خطواتها تتمسك بالهاوية. لئلا تتأمل طريق الحياة تمايلت خطواتها ولا تشعر. والآن أيها البنون اسمعوا لي ولا ترتدوا عن كلمات فمي. ابعد طريقك عنها ولا تقرب إلى باب بيتها. لئلا تعطي زهرك لآخرين وسنينك للقاسي. لئلا تشبع الأجانب من قوتك وتكون أتعابك في بيت غريب. فتنوح في أواخرك عند فناء لحمك وجسمك. فتقول كيف أني أبغضت الأدب ورذل قلبي التوبيخ. ولم اسمع لصوت مرشدي ولم أمل أذني إلى معلمي. لولا قليل لكنت في كل شر في وسط الزمرة والجماعة.""
أمثال,5,91,"الإصحاح الخامس الآيات (1-14): ""يا ابني أصغ إلى حكمتي أمل أذنك إلى فهمي. لحفظ التدابير ولتحفظ شفتاك معرفة. لأن شفتي المرأة الأجنبية تقطران عسلاً وحنكها انعم من الزيت. لكن عاقبتها مرة كالافسنتين حادة كسيف ذي حدين. قدماها تنحدران إلى الموت خطواتها تتمسك بالهاوية. لئلا تتأمل طريق الحياة تمايلت خطواتها ولا تشعر. والآن أيها البنون اسمعوا لي ولا ترتدوا عن كلمات فمي. ابعد طريقك عنها ولا تقرب إلى باب بيتها. لئلا تعطي زهرك لآخرين وسنينك للقاسي. لئلا تشبع الأجانب من قوتك وتكون أتعابك في بيت غريب. فتنوح في أواخرك عند فناء لحمك وجسمك. فتقول كيف أني أبغضت الأدب ورذل قلبي التوبيخ. ولم اسمع لصوت مرشدي ولم أمل أذني إلى معلمي. لولا قليل لكنت في كل شر في وسط الزمرة والجماعة.""
أمثال,5,92,"الإصحاح الخامس الآيات (1-14): ""يا ابني أصغ إلى حكمتي أمل أذنك إلى فهمي. لحفظ التدابير ولتحفظ شفتاك معرفة. لأن شفتي المرأة الأجنبية تقطران عسلاً وحنكها انعم من الزيت. لكن عاقبتها مرة كالافسنتين حادة كسيف ذي حدين. قدماها تنحدران إلى الموت خطواتها تتمسك بالهاوية. لئلا تتأمل طريق الحياة تمايلت خطواتها ولا تشعر. والآن أيها البنون اسمعوا لي ولا ترتدوا عن كلمات فمي. ابعد طريقك عنها ولا تقرب إلى باب بيتها. لئلا تعطي زهرك لآخرين وسنينك للقاسي. لئلا تشبع الأجانب من قوتك وتكون أتعابك في بيت غريب. فتنوح في أواخرك عند فناء لحمك وجسمك. فتقول كيف أني أبغضت الأدب ورذل قلبي التوبيخ. ولم اسمع لصوت مرشدي ولم أمل أذني إلى معلمي. لولا قليل لكنت في كل شر في وسط الزمرة والجماعة.""
أمثال,5,93,"الإصحاح الخامس الآيات (1-14): ""يا ابني أصغ إلى حكمتي أمل أذنك إلى فهمي. لحفظ التدابير ولتحفظ شفتاك معرفة. لأن شفتي المرأة الأجنبية تقطران عسلاً وحنكها انعم من الزيت. لكن عاقبتها مرة كالافسنتين حادة كسيف ذي حدين. قدماها تنحدران إلى الموت خطواتها تتمسك بالهاوية. لئلا تتأمل طريق الحياة تمايلت خطواتها ولا تشعر. والآن أيها البنون اسمعوا لي ولا ترتدوا عن كلمات فمي. ابعد طريقك عنها ولا تقرب إلى باب بيتها. لئلا تعطي زهرك لآخرين وسنينك للقاسي. لئلا تشبع الأجانب من قوتك وتكون أتعابك في بيت غريب. فتنوح في أواخرك عند فناء لحمك وجسمك. فتقول كيف أني أبغضت الأدب ورذل قلبي التوبيخ. ولم اسمع لصوت مرشدي ولم أمل أذني إلى معلمي. لولا قليل لكنت في كل شر في وسط الزمرة والجماعة.""
أمثال,5,94,"الإصحاح الخامس الآيات (1-14): ""يا ابني أصغ إلى حكمتي أمل أذنك إلى فهمي. لحفظ التدابير ولتحفظ شفتاك معرفة. لأن شفتي المرأة الأجنبية تقطران عسلاً وحنكها انعم من الزيت. لكن عاقبتها مرة كالافسنتين حادة كسيف ذي حدين. قدماها تنحدران إلى الموت خطواتها تتمسك بالهاوية. لئلا تتأمل طريق الحياة تمايلت خطواتها ولا تشعر. والآن أيها البنون اسمعوا لي ولا ترتدوا عن كلمات فمي. ابعد طريقك عنها ولا تقرب إلى باب بيتها. لئلا تعطي زهرك لآخرين وسنينك للقاسي. لئلا تشبع الأجانب من قوتك وتكون أتعابك في بيت غريب. فتنوح في أواخرك عند فناء لحمك وجسمك. فتقول كيف أني أبغضت الأدب ورذل قلبي التوبيخ. ولم اسمع لصوت مرشدي ولم أمل أذني إلى معلمي. لولا قليل لكنت في كل شر في وسط الزمرة والجماعة.""
أمثال,5,95,"الإصحاح الخامس الآيات (1-14): ""يا ابني أصغ إلى حكمتي أمل أذنك إلى فهمي. لحفظ التدابير ولتحفظ شفتاك معرفة. لأن شفتي المرأة الأجنبية تقطران عسلاً وحنكها انعم من الزيت. لكن عاقبتها مرة كالافسنتين حادة كسيف ذي حدين. قدماها تنحدران إلى الموت خطواتها تتمسك بالهاوية. لئلا تتأمل طريق الحياة تمايلت خطواتها ولا تشعر. والآن أيها البنون اسمعوا لي ولا ترتدوا عن كلمات فمي. ابعد طريقك عنها ولا تقرب إلى باب بيتها. لئلا تعطي زهرك لآخرين وسنينك للقاسي. لئلا تشبع الأجانب من قوتك وتكون أتعابك في بيت غريب. فتنوح في أواخرك عند فناء لحمك وجسمك. فتقول كيف أني أبغضت الأدب ورذل قلبي التوبيخ. ولم اسمع لصوت مرشدي ولم أمل أذني إلى معلمي. لولا قليل لكنت في كل شر في وسط الزمرة والجماعة.""
أمثال,5,96,"الإصحاح الخامس الآيات (1-14): ""يا ابني أصغ إلى حكمتي أمل أذنك إلى فهمي. لحفظ التدابير ولتحفظ شفتاك معرفة. لأن شفتي المرأة الأجنبية تقطران عسلاً وحنكها انعم من الزيت. لكن عاقبتها مرة كالافسنتين حادة كسيف ذي حدين. قدماها تنحدران إلى الموت خطواتها تتمسك بالهاوية. لئلا تتأمل طريق الحياة تمايلت خطواتها ولا تشعر. والآن أيها البنون اسمعوا لي ولا ترتدوا عن كلمات فمي. ابعد طريقك عنها ولا تقرب إلى باب بيتها. لئلا تعطي زهرك لآخرين وسنينك للقاسي. لئلا تشبع الأجانب من قوتك وتكون أتعابك في بيت غريب. فتنوح في أواخرك عند فناء لحمك وجسمك. فتقول كيف أني أبغضت الأدب ورذل قلبي التوبيخ. ولم اسمع لصوت مرشدي ولم أمل أذني إلى معلمي. لولا قليل لكنت في كل شر في وسط الزمرة والجماعة.""
أمثال,5,97,"الإصحاح الخامس الآيات (1-14): ""يا ابني أصغ إلى حكمتي أمل أذنك إلى فهمي. لحفظ التدابير ولتحفظ شفتاك معرفة. لأن شفتي المرأة الأجنبية تقطران عسلاً وحنكها انعم من الزيت. لكن عاقبتها مرة كالافسنتين حادة كسيف ذي حدين. قدماها تنحدران إلى الموت خطواتها تتمسك بالهاوية. لئلا تتأمل طريق الحياة تمايلت خطواتها ولا تشعر. والآن أيها البنون اسمعوا لي ولا ترتدوا عن كلمات فمي. ابعد طريقك عنها ولا تقرب إلى باب بيتها. لئلا تعطي زهرك لآخرين وسنينك للقاسي. لئلا تشبع الأجانب من قوتك وتكون أتعابك في بيت غريب. فتنوح في أواخرك عند فناء لحمك وجسمك. فتقول كيف أني أبغضت الأدب ورذل قلبي التوبيخ. ولم اسمع لصوت مرشدي ولم أمل أذني إلى معلمي. لولا قليل لكنت في كل شر في وسط الزمرة والجماعة.""
أمثال,5,98,"الإصحاح الخامس الآيات (1-14): ""يا ابني أصغ إلى حكمتي أمل أذنك إلى فهمي. لحفظ التدابير ولتحفظ شفتاك معرفة. لأن شفتي المرأة الأجنبية تقطران عسلاً وحنكها انعم من الزيت. لكن عاقبتها مرة كالافسنتين حادة كسيف ذي حدين. قدماها تنحدران إلى الموت خطواتها تتمسك بالهاوية. لئلا تتأمل طريق الحياة تمايلت خطواتها ولا تشعر. والآن أيها البنون اسمعوا لي ولا ترتدوا عن كلمات فمي. ابعد طريقك عنها ولا تقرب إلى باب بيتها. لئلا تعطي زهرك لآخرين وسنينك للقاسي. لئلا تشبع الأجانب من قوتك وتكون أتعابك في بيت غريب. فتنوح في أواخرك عند فناء لحمك وجسمك. فتقول كيف أني أبغضت الأدب ورذل قلبي التوبيخ. ولم اسمع لصوت مرشدي ولم أمل أذني إلى معلمي. لولا قليل لكنت في كل شر في وسط الزمرة والجماعة.""
أمثال,5,99,"الإصحاح الخامس الآيات (1-14): ""يا ابني أصغ إلى حكمتي أمل أذنك إلى فهمي. لحفظ التدابير ولتحفظ شفتاك معرفة. لأن شفتي المرأة الأجنبية تقطران عسلاً وحنكها انعم من الزيت. لكن عاقبتها مرة كالافسنتين حادة كسيف ذي حدين. قدماها تنحدران إلى الموت خطواتها تتمسك بالهاوية. لئلا تتأمل طريق الحياة تمايلت خطواتها ولا تشعر. والآن أيها البنون اسمعوا لي ولا ترتدوا عن كلمات فمي. ابعد طريقك عنها ولا تقرب إلى باب بيتها. لئلا تعطي زهرك لآخرين وسنينك للقاسي. لئلا تشبع الأجانب من قوتك وتكون أتعابك في بيت غريب. فتنوح في أواخرك عند فناء لحمك وجسمك. فتقول كيف أني أبغضت الأدب ورذل قلبي التوبيخ. ولم اسمع لصوت مرشدي ولم أمل أذني إلى معلمي. لولا قليل لكنت في كل شر في وسط الزمرة والجماعة.""
أمثال,6,1,"الإصحاح السادس نجد في هذا الإصحاح دروس عديدة لنسلك بأمان في هذا العالم ولنضمن ميراث الأبدية.
أمثال,6,2,"الإصحاح السادس نجد في هذا الإصحاح دروس عديدة لنسلك بأمان في هذا العالم ولنضمن ميراث الأبدية.
أمثال,6,3,"الإصحاح السادس نجد في هذا الإصحاح دروس عديدة لنسلك بأمان في هذا العالم ولنضمن ميراث الأبدية.
أمثال,6,4,"الإصحاح السادس نجد في هذا الإصحاح دروس عديدة لنسلك بأمان في هذا العالم ولنضمن ميراث الأبدية.
أمثال,6,5,"الإصحاح السادس نجد في هذا الإصحاح دروس عديدة لنسلك بأمان في هذا العالم ولنضمن ميراث الأبدية.
أمثال,6,6,"الإصحاح السادس نجد في هذا الإصحاح دروس عديدة لنسلك بأمان في هذا العالم ولنضمن ميراث الأبدية.
أمثال,6,7,"الإصحاح السادس نجد في هذا الإصحاح دروس عديدة لنسلك بأمان في هذا العالم ولنضمن ميراث الأبدية.
أمثال,6,8,"الإصحاح السادس نجد في هذا الإصحاح دروس عديدة لنسلك بأمان في هذا العالم ولنضمن ميراث الأبدية.
أمثال,6,9,"الإصحاح السادس نجد في هذا الإصحاح دروس عديدة لنسلك بأمان في هذا العالم ولنضمن ميراث الأبدية.
أمثال,6,10,"الإصحاح السادس نجد في هذا الإصحاح دروس عديدة لنسلك بأمان في هذا العالم ولنضمن ميراث الأبدية.
أمثال,6,11,"الإصحاح السادس نجد في هذا الإصحاح دروس عديدة لنسلك بأمان في هذا العالم ولنضمن ميراث الأبدية.
أمثال,6,12,"الإصحاح السادس نجد في هذا الإصحاح دروس عديدة لنسلك بأمان في هذا العالم ولنضمن ميراث الأبدية.
أمثال,6,13,"الإصحاح السادس نجد في هذا الإصحاح دروس عديدة لنسلك بأمان في هذا العالم ولنضمن ميراث الأبدية.
أمثال,6,14,"الإصحاح السادس نجد في هذا الإصحاح دروس عديدة لنسلك بأمان في هذا العالم ولنضمن ميراث الأبدية.
أمثال,6,15,"الإصحاح السادس نجد في هذا الإصحاح دروس عديدة لنسلك بأمان في هذا العالم ولنضمن ميراث الأبدية.
أمثال,6,16,"الإصحاح السادس نجد في هذا الإصحاح دروس عديدة لنسلك بأمان في هذا العالم ولنضمن ميراث الأبدية.
أمثال,6,17,"الإصحاح السادس نجد في هذا الإصحاح دروس عديدة لنسلك بأمان في هذا العالم ولنضمن ميراث الأبدية.
أمثال,6,18,"الإصحاح السادس نجد في هذا الإصحاح دروس عديدة لنسلك بأمان في هذا العالم ولنضمن ميراث الأبدية.
أمثال,6,19,"الإصحاح السادس نجد في هذا الإصحاح دروس عديدة لنسلك بأمان في هذا العالم ولنضمن ميراث الأبدية.
أمثال,6,20,"الإصحاح السادس نجد في هذا الإصحاح دروس عديدة لنسلك بأمان في هذا العالم ولنضمن ميراث الأبدية.
أمثال,6,21,"الإصحاح السادس نجد في هذا الإصحاح دروس عديدة لنسلك بأمان في هذا العالم ولنضمن ميراث الأبدية.
أمثال,6,22,"الإصحاح السادس نجد في هذا الإصحاح دروس عديدة لنسلك بأمان في هذا العالم ولنضمن ميراث الأبدية.
أمثال,6,23,"الإصحاح السادس نجد في هذا الإصحاح دروس عديدة لنسلك بأمان في هذا العالم ولنضمن ميراث الأبدية.
أمثال,6,24,"الإصحاح السادس نجد في هذا الإصحاح دروس عديدة لنسلك بأمان في هذا العالم ولنضمن ميراث الأبدية.
أمثال,6,25,"الإصحاح السادس نجد في هذا الإصحاح دروس عديدة لنسلك بأمان في هذا العالم ولنضمن ميراث الأبدية.
أمثال,6,26,"الإصحاح السادس نجد في هذا الإصحاح دروس عديدة لنسلك بأمان في هذا العالم ولنضمن ميراث الأبدية.
أمثال,6,27,"الإصحاح السادس نجد في هذا الإصحاح دروس عديدة لنسلك بأمان في هذا العالم ولنضمن ميراث الأبدية.
أمثال,6,28,"الإصحاح السادس نجد في هذا الإصحاح دروس عديدة لنسلك بأمان في هذا العالم ولنضمن ميراث الأبدية.
أمثال,6,29,"الإصحاح السادس نجد في هذا الإصحاح دروس عديدة لنسلك بأمان في هذا العالم ولنضمن ميراث الأبدية.
أمثال,6,30,"الإصحاح السادس نجد في هذا الإصحاح دروس عديدة لنسلك بأمان في هذا العالم ولنضمن ميراث الأبدية.
أمثال,6,31,"الإصحاح السادس نجد في هذا الإصحاح دروس عديدة لنسلك بأمان في هذا العالم ولنضمن ميراث الأبدية.
أمثال,6,32,"الإصحاح السادس نجد في هذا الإصحاح دروس عديدة لنسلك بأمان في هذا العالم ولنضمن ميراث الأبدية.
أمثال,6,33,"الإصحاح السادس نجد في هذا الإصحاح دروس عديدة لنسلك بأمان في هذا العالم ولنضمن ميراث الأبدية.
أمثال,6,34,"الإصحاح السادس نجد في هذا الإصحاح دروس عديدة لنسلك بأمان في هذا العالم ولنضمن ميراث الأبدية.
أمثال,6,35,"الإصحاح السادس نجد في هذا الإصحاح دروس عديدة لنسلك بأمان في هذا العالم ولنضمن ميراث الأبدية.
أمثال,6,36,"الإصحاح السادس نجد في هذا الإصحاح دروس عديدة لنسلك بأمان في هذا العالم ولنضمن ميراث الأبدية.
أمثال,6,37,"الإصحاح السادس نجد في هذا الإصحاح دروس عديدة لنسلك بأمان في هذا العالم ولنضمن ميراث الأبدية.
أمثال,6,38,"الإصحاح السادس نجد في هذا الإصحاح دروس عديدة لنسلك بأمان في هذا العالم ولنضمن ميراث الأبدية.
أمثال,6,39,"الإصحاح السادس نجد في هذا الإصحاح دروس عديدة لنسلك بأمان في هذا العالم ولنضمن ميراث الأبدية.
أمثال,6,40,"الإصحاح السادس نجد في هذا الإصحاح دروس عديدة لنسلك بأمان في هذا العالم ولنضمن ميراث الأبدية.
أمثال,6,41,"الإصحاح السادس نجد في هذا الإصحاح دروس عديدة لنسلك بأمان في هذا العالم ولنضمن ميراث الأبدية.
أمثال,6,42,"الإصحاح السادس نجد في هذا الإصحاح دروس عديدة لنسلك بأمان في هذا العالم ولنضمن ميراث الأبدية.
أمثال,6,43,"الإصحاح السادس نجد في هذا الإصحاح دروس عديدة لنسلك بأمان في هذا العالم ولنضمن ميراث الأبدية.
أمثال,6,44,"الإصحاح السادس نجد في هذا الإصحاح دروس عديدة لنسلك بأمان في هذا العالم ولنضمن ميراث الأبدية.
أمثال,6,45,"الإصحاح السادس نجد في هذا الإصحاح دروس عديدة لنسلك بأمان في هذا العالم ولنضمن ميراث الأبدية.
أمثال,6,46,"الإصحاح السادس نجد في هذا الإصحاح دروس عديدة لنسلك بأمان في هذا العالم ولنضمن ميراث الأبدية.
أمثال,6,47,"الإصحاح السادس نجد في هذا الإصحاح دروس عديدة لنسلك بأمان في هذا العالم ولنضمن ميراث الأبدية.
أمثال,6,48,"الإصحاح السادس نجد في هذا الإصحاح دروس عديدة لنسلك بأمان في هذا العالم ولنضمن ميراث الأبدية.
أمثال,6,49,"الإصحاح السادس نجد في هذا الإصحاح دروس عديدة لنسلك بأمان في هذا العالم ولنضمن ميراث الأبدية.
أمثال,6,50,"الإصحاح السادس نجد في هذا الإصحاح دروس عديدة لنسلك بأمان في هذا العالم ولنضمن ميراث الأبدية.
أمثال,6,51,"الإصحاح السادس نجد في هذا الإصحاح دروس عديدة لنسلك بأمان في هذا العالم ولنضمن ميراث الأبدية.
أمثال,6,52,"الإصحاح السادس نجد في هذا الإصحاح دروس عديدة لنسلك بأمان في هذا العالم ولنضمن ميراث الأبدية.
أمثال,6,53,"الإصحاح السادس نجد في هذا الإصحاح دروس عديدة لنسلك بأمان في هذا العالم ولنضمن ميراث الأبدية.
أمثال,6,54,"الإصحاح السادس نجد في هذا الإصحاح دروس عديدة لنسلك بأمان في هذا العالم ولنضمن ميراث الأبدية.
أمثال,6,55,"الإصحاح السادس نجد في هذا الإصحاح دروس عديدة لنسلك بأمان في هذا العالم ولنضمن ميراث الأبدية.
أمثال,6,56,"الإصحاح السادس نجد في هذا الإصحاح دروس عديدة لنسلك بأمان في هذا العالم ولنضمن ميراث الأبدية.
أمثال,6,57,"الإصحاح السادس نجد في هذا الإصحاح دروس عديدة لنسلك بأمان في هذا العالم ولنضمن ميراث الأبدية.
أمثال,6,58,"الإصحاح السادس نجد في هذا الإصحاح دروس عديدة لنسلك بأمان في هذا العالم ولنضمن ميراث الأبدية.
أمثال,6,59,"الإصحاح السادس نجد في هذا الإصحاح دروس عديدة لنسلك بأمان في هذا العالم ولنضمن ميراث الأبدية.
أمثال,6,60,"الإصحاح السادس نجد في هذا الإصحاح دروس عديدة لنسلك بأمان في هذا العالم ولنضمن ميراث الأبدية.
أمثال,6,61,"الإصحاح السادس نجد في هذا الإصحاح دروس عديدة لنسلك بأمان في هذا العالم ولنضمن ميراث الأبدية.
أمثال,6,62,"الإصحاح السادس نجد في هذا الإصحاح دروس عديدة لنسلك بأمان في هذا العالم ولنضمن ميراث الأبدية.
أمثال,6,63,"الإصحاح السادس نجد في هذا الإصحاح دروس عديدة لنسلك بأمان في هذا العالم ولنضمن ميراث الأبدية.
أمثال,6,64,"الإصحاح السادس نجد في هذا الإصحاح دروس عديدة لنسلك بأمان في هذا العالم ولنضمن ميراث الأبدية.
أمثال,6,65,"الإصحاح السادس نجد في هذا الإصحاح دروس عديدة لنسلك بأمان في هذا العالم ولنضمن ميراث الأبدية.
أمثال,6,66,"الإصحاح السادس نجد في هذا الإصحاح دروس عديدة لنسلك بأمان في هذا العالم ولنضمن ميراث الأبدية.
أمثال,6,67,"الإصحاح السادس نجد في هذا الإصحاح دروس عديدة لنسلك بأمان في هذا العالم ولنضمن ميراث الأبدية.
أمثال,6,68,"الإصحاح السادس نجد في هذا الإصحاح دروس عديدة لنسلك بأمان في هذا العالم ولنضمن ميراث الأبدية.
أمثال,6,69,"الإصحاح السادس نجد في هذا الإصحاح دروس عديدة لنسلك بأمان في هذا العالم ولنضمن ميراث الأبدية.
أمثال,6,70,"الإصحاح السادس نجد في هذا الإصحاح دروس عديدة لنسلك بأمان في هذا العالم ولنضمن ميراث الأبدية.
أمثال,6,71,"الإصحاح السادس نجد في هذا الإصحاح دروس عديدة لنسلك بأمان في هذا العالم ولنضمن ميراث الأبدية.
أمثال,6,72,"الإصحاح السادس نجد في هذا الإصحاح دروس عديدة لنسلك بأمان في هذا العالم ولنضمن ميراث الأبدية.
أمثال,6,73,"الإصحاح السادس نجد في هذا الإصحاح دروس عديدة لنسلك بأمان في هذا العالم ولنضمن ميراث الأبدية.
أمثال,6,74,"الإصحاح السادس نجد في هذا الإصحاح دروس عديدة لنسلك بأمان في هذا العالم ولنضمن ميراث الأبدية.
أمثال,6,75,"الإصحاح السادس نجد في هذا الإصحاح دروس عديدة لنسلك بأمان في هذا العالم ولنضمن ميراث الأبدية.
أمثال,6,76,"الإصحاح السادس نجد في هذا الإصحاح دروس عديدة لنسلك بأمان في هذا العالم ولنضمن ميراث الأبدية.
أمثال,6,77,"الإصحاح السادس نجد في هذا الإصحاح دروس عديدة لنسلك بأمان في هذا العالم ولنضمن ميراث الأبدية.
أمثال,6,78,"الإصحاح السادس نجد في هذا الإصحاح دروس عديدة لنسلك بأمان في هذا العالم ولنضمن ميراث الأبدية.
أمثال,6,79,"الإصحاح السادس نجد في هذا الإصحاح دروس عديدة لنسلك بأمان في هذا العالم ولنضمن ميراث الأبدية.
أمثال,6,80,"الإصحاح السادس نجد في هذا الإصحاح دروس عديدة لنسلك بأمان في هذا العالم ولنضمن ميراث الأبدية.
أمثال,6,81,"الإصحاح السادس نجد في هذا الإصحاح دروس عديدة لنسلك بأمان في هذا العالم ولنضمن ميراث الأبدية.
أمثال,6,82,"الإصحاح السادس نجد في هذا الإصحاح دروس عديدة لنسلك بأمان في هذا العالم ولنضمن ميراث الأبدية.
أمثال,6,83,"الإصحاح السادس نجد في هذا الإصحاح دروس عديدة لنسلك بأمان في هذا العالم ولنضمن ميراث الأبدية.
أمثال,6,84,"الإصحاح السادس نجد في هذا الإصحاح دروس عديدة لنسلك بأمان في هذا العالم ولنضمن ميراث الأبدية.
أمثال,6,85,"الإصحاح السادس نجد في هذا الإصحاح دروس عديدة لنسلك بأمان في هذا العالم ولنضمن ميراث الأبدية.
أمثال,6,86,"الإصحاح السادس نجد في هذا الإصحاح دروس عديدة لنسلك بأمان في هذا العالم ولنضمن ميراث الأبدية.
أمثال,6,87,"الإصحاح السادس نجد في هذا الإصحاح دروس عديدة لنسلك بأمان في هذا العالم ولنضمن ميراث الأبدية.
أمثال,6,88,"الإصحاح السادس نجد في هذا الإصحاح دروس عديدة لنسلك بأمان في هذا العالم ولنضمن ميراث الأبدية.
أمثال,6,89,"الإصحاح السادس نجد في هذا الإصحاح دروس عديدة لنسلك بأمان في هذا العالم ولنضمن ميراث الأبدية.
أمثال,6,90,"الإصحاح السادس نجد في هذا الإصحاح دروس عديدة لنسلك بأمان في هذا العالم ولنضمن ميراث الأبدية.
أمثال,6,91,"الإصحاح السادس نجد في هذا الإصحاح دروس عديدة لنسلك بأمان في هذا العالم ولنضمن ميراث الأبدية.
أمثال,6,92,"الإصحاح السادس نجد في هذا الإصحاح دروس عديدة لنسلك بأمان في هذا العالم ولنضمن ميراث الأبدية.
أمثال,6,93,"الإصحاح السادس نجد في هذا الإصحاح دروس عديدة لنسلك بأمان في هذا العالم ولنضمن ميراث الأبدية.
أمثال,6,94,"الإصحاح السادس نجد في هذا الإصحاح دروس عديدة لنسلك بأمان في هذا العالم ولنضمن ميراث الأبدية.
أمثال,6,95,"الإصحاح السادس نجد في هذا الإصحاح دروس عديدة لنسلك بأمان في هذا العالم ولنضمن ميراث الأبدية.
أمثال,6,96,"الإصحاح السادس نجد في هذا الإصحاح دروس عديدة لنسلك بأمان في هذا العالم ولنضمن ميراث الأبدية.
أمثال,6,97,"الإصحاح السادس نجد في هذا الإصحاح دروس عديدة لنسلك بأمان في هذا العالم ولنضمن ميراث الأبدية.
أمثال,6,98,"الإصحاح السادس نجد في هذا الإصحاح دروس عديدة لنسلك بأمان في هذا العالم ولنضمن ميراث الأبدية.
أمثال,6,99,"الإصحاح السادس نجد في هذا الإصحاح دروس عديدة لنسلك بأمان في هذا العالم ولنضمن ميراث الأبدية.
أمثال,7,1,"الإصحاح السابع إصحاح آخر ضد الزنى فالله يعلم خطورة هذه الخطية\'a1 والله بهذا يفتح عيني كل شاب وكل فتاة ليرى الشراك التي تنصب له\'a1 ونلاحظ أن سليمان هنا قد يكون متذكراً ما حدث مع أبيه كأثار مدمرة لحياته بسبب خطية الزنا.
أمثال,7,2,"الإصحاح السابع إصحاح آخر ضد الزنى فالله يعلم خطورة هذه الخطية\'a1 والله بهذا يفتح عيني كل شاب وكل فتاة ليرى الشراك التي تنصب له\'a1 ونلاحظ أن سليمان هنا قد يكون متذكراً ما حدث مع أبيه كأثار مدمرة لحياته بسبب خطية الزنا.
أمثال,7,3,"الإصحاح السابع إصحاح آخر ضد الزنى فالله يعلم خطورة هذه الخطية\'a1 والله بهذا يفتح عيني كل شاب وكل فتاة ليرى الشراك التي تنصب له\'a1 ونلاحظ أن سليمان هنا قد يكون متذكراً ما حدث مع أبيه كأثار مدمرة لحياته بسبب خطية الزنا.
أمثال,7,4,"الإصحاح السابع إصحاح آخر ضد الزنى فالله يعلم خطورة هذه الخطية\'a1 والله بهذا يفتح عيني كل شاب وكل فتاة ليرى الشراك التي تنصب له\'a1 ونلاحظ أن سليمان هنا قد يكون متذكراً ما حدث مع أبيه كأثار مدمرة لحياته بسبب خطية الزنا.
أمثال,7,5,"الإصحاح السابع إصحاح آخر ضد الزنى فالله يعلم خطورة هذه الخطية\'a1 والله بهذا يفتح عيني كل شاب وكل فتاة ليرى الشراك التي تنصب له\'a1 ونلاحظ أن سليمان هنا قد يكون متذكراً ما حدث مع أبيه كأثار مدمرة لحياته بسبب خطية الزنا.
أمثال,7,6,"الإصحاح السابع إصحاح آخر ضد الزنى فالله يعلم خطورة هذه الخطية\'a1 والله بهذا يفتح عيني كل شاب وكل فتاة ليرى الشراك التي تنصب له\'a1 ونلاحظ أن سليمان هنا قد يكون متذكراً ما حدث مع أبيه كأثار مدمرة لحياته بسبب خطية الزنا.
أمثال,7,7,"الإصحاح السابع إصحاح آخر ضد الزنى فالله يعلم خطورة هذه الخطية\'a1 والله بهذا يفتح عيني كل شاب وكل فتاة ليرى الشراك التي تنصب له\'a1 ونلاحظ أن سليمان هنا قد يكون متذكراً ما حدث مع أبيه كأثار مدمرة لحياته بسبب خطية الزنا.
أمثال,7,8,"الإصحاح السابع إصحاح آخر ضد الزنى فالله يعلم خطورة هذه الخطية\'a1 والله بهذا يفتح عيني كل شاب وكل فتاة ليرى الشراك التي تنصب له\'a1 ونلاحظ أن سليمان هنا قد يكون متذكراً ما حدث مع أبيه كأثار مدمرة لحياته بسبب خطية الزنا.
أمثال,7,9,"الإصحاح السابع إصحاح آخر ضد الزنى فالله يعلم خطورة هذه الخطية\'a1 والله بهذا يفتح عيني كل شاب وكل فتاة ليرى الشراك التي تنصب له\'a1 ونلاحظ أن سليمان هنا قد يكون متذكراً ما حدث مع أبيه كأثار مدمرة لحياته بسبب خطية الزنا.
أمثال,7,10,"الإصحاح السابع إصحاح آخر ضد الزنى فالله يعلم خطورة هذه الخطية\'a1 والله بهذا يفتح عيني كل شاب وكل فتاة ليرى الشراك التي تنصب له\'a1 ونلاحظ أن سليمان هنا قد يكون متذكراً ما حدث مع أبيه كأثار مدمرة لحياته بسبب خطية الزنا.
أمثال,7,11,"الإصحاح السابع إصحاح آخر ضد الزنى فالله يعلم خطورة هذه الخطية\'a1 والله بهذا يفتح عيني كل شاب وكل فتاة ليرى الشراك التي تنصب له\'a1 ونلاحظ أن سليمان هنا قد يكون متذكراً ما حدث مع أبيه كأثار مدمرة لحياته بسبب خطية الزنا.
أمثال,7,12,"الإصحاح السابع إصحاح آخر ضد الزنى فالله يعلم خطورة هذه الخطية\'a1 والله بهذا يفتح عيني كل شاب وكل فتاة ليرى الشراك التي تنصب له\'a1 ونلاحظ أن سليمان هنا قد يكون متذكراً ما حدث مع أبيه كأثار مدمرة لحياته بسبب خطية الزنا.
أمثال,7,13,"الإصحاح السابع إصحاح آخر ضد الزنى فالله يعلم خطورة هذه الخطية\'a1 والله بهذا يفتح عيني كل شاب وكل فتاة ليرى الشراك التي تنصب له\'a1 ونلاحظ أن سليمان هنا قد يكون متذكراً ما حدث مع أبيه كأثار مدمرة لحياته بسبب خطية الزنا.
أمثال,7,14,"الإصحاح السابع إصحاح آخر ضد الزنى فالله يعلم خطورة هذه الخطية\'a1 والله بهذا يفتح عيني كل شاب وكل فتاة ليرى الشراك التي تنصب له\'a1 ونلاحظ أن سليمان هنا قد يكون متذكراً ما حدث مع أبيه كأثار مدمرة لحياته بسبب خطية الزنا.
أمثال,7,15,"الإصحاح السابع إصحاح آخر ضد الزنى فالله يعلم خطورة هذه الخطية\'a1 والله بهذا يفتح عيني كل شاب وكل فتاة ليرى الشراك التي تنصب له\'a1 ونلاحظ أن سليمان هنا قد يكون متذكراً ما حدث مع أبيه كأثار مدمرة لحياته بسبب خطية الزنا.
أمثال,7,16,"الإصحاح السابع إصحاح آخر ضد الزنى فالله يعلم خطورة هذه الخطية\'a1 والله بهذا يفتح عيني كل شاب وكل فتاة ليرى الشراك التي تنصب له\'a1 ونلاحظ أن سليمان هنا قد يكون متذكراً ما حدث مع أبيه كأثار مدمرة لحياته بسبب خطية الزنا.
أمثال,7,17,"الإصحاح السابع إصحاح آخر ضد الزنى فالله يعلم خطورة هذه الخطية\'a1 والله بهذا يفتح عيني كل شاب وكل فتاة ليرى الشراك التي تنصب له\'a1 ونلاحظ أن سليمان هنا قد يكون متذكراً ما حدث مع أبيه كأثار مدمرة لحياته بسبب خطية الزنا.
أمثال,7,18,"الإصحاح السابع إصحاح آخر ضد الزنى فالله يعلم خطورة هذه الخطية\'a1 والله بهذا يفتح عيني كل شاب وكل فتاة ليرى الشراك التي تنصب له\'a1 ونلاحظ أن سليمان هنا قد يكون متذكراً ما حدث مع أبيه كأثار مدمرة لحياته بسبب خطية الزنا.
أمثال,7,19,"الإصحاح السابع إصحاح آخر ضد الزنى فالله يعلم خطورة هذه الخطية\'a1 والله بهذا يفتح عيني كل شاب وكل فتاة ليرى الشراك التي تنصب له\'a1 ونلاحظ أن سليمان هنا قد يكون متذكراً ما حدث مع أبيه كأثار مدمرة لحياته بسبب خطية الزنا.
أمثال,7,20,"الإصحاح السابع إصحاح آخر ضد الزنى فالله يعلم خطورة هذه الخطية\'a1 والله بهذا يفتح عيني كل شاب وكل فتاة ليرى الشراك التي تنصب له\'a1 ونلاحظ أن سليمان هنا قد يكون متذكراً ما حدث مع أبيه كأثار مدمرة لحياته بسبب خطية الزنا.
أمثال,7,21,"الإصحاح السابع إصحاح آخر ضد الزنى فالله يعلم خطورة هذه الخطية\'a1 والله بهذا يفتح عيني كل شاب وكل فتاة ليرى الشراك التي تنصب له\'a1 ونلاحظ أن سليمان هنا قد يكون متذكراً ما حدث مع أبيه كأثار مدمرة لحياته بسبب خطية الزنا.
أمثال,7,22,"الإصحاح السابع إصحاح آخر ضد الزنى فالله يعلم خطورة هذه الخطية\'a1 والله بهذا يفتح عيني كل شاب وكل فتاة ليرى الشراك التي تنصب له\'a1 ونلاحظ أن سليمان هنا قد يكون متذكراً ما حدث مع أبيه كأثار مدمرة لحياته بسبب خطية الزنا.
أمثال,7,23,"الإصحاح السابع إصحاح آخر ضد الزنى فالله يعلم خطورة هذه الخطية\'a1 والله بهذا يفتح عيني كل شاب وكل فتاة ليرى الشراك التي تنصب له\'a1 ونلاحظ أن سليمان هنا قد يكون متذكراً ما حدث مع أبيه كأثار مدمرة لحياته بسبب خطية الزنا.
أمثال,7,24,"الإصحاح السابع إصحاح آخر ضد الزنى فالله يعلم خطورة هذه الخطية\'a1 والله بهذا يفتح عيني كل شاب وكل فتاة ليرى الشراك التي تنصب له\'a1 ونلاحظ أن سليمان هنا قد يكون متذكراً ما حدث مع أبيه كأثار مدمرة لحياته بسبب خطية الزنا.
أمثال,7,25,"الإصحاح السابع إصحاح آخر ضد الزنى فالله يعلم خطورة هذه الخطية\'a1 والله بهذا يفتح عيني كل شاب وكل فتاة ليرى الشراك التي تنصب له\'a1 ونلاحظ أن سليمان هنا قد يكون متذكراً ما حدث مع أبيه كأثار مدمرة لحياته بسبب خطية الزنا.
أمثال,7,26,"الإصحاح السابع إصحاح آخر ضد الزنى فالله يعلم خطورة هذه الخطية\'a1 والله بهذا يفتح عيني كل شاب وكل فتاة ليرى الشراك التي تنصب له\'a1 ونلاحظ أن سليمان هنا قد يكون متذكراً ما حدث مع أبيه كأثار مدمرة لحياته بسبب خطية الزنا.
أمثال,7,27,"الإصحاح السابع إصحاح آخر ضد الزنى فالله يعلم خطورة هذه الخطية\'a1 والله بهذا يفتح عيني كل شاب وكل فتاة ليرى الشراك التي تنصب له\'a1 ونلاحظ أن سليمان هنا قد يكون متذكراً ما حدث مع أبيه كأثار مدمرة لحياته بسبب خطية الزنا.
أمثال,7,28,"الإصحاح السابع إصحاح آخر ضد الزنى فالله يعلم خطورة هذه الخطية\'a1 والله بهذا يفتح عيني كل شاب وكل فتاة ليرى الشراك التي تنصب له\'a1 ونلاحظ أن سليمان هنا قد يكون متذكراً ما حدث مع أبيه كأثار مدمرة لحياته بسبب خطية الزنا.
أمثال,7,29,"الإصحاح السابع إصحاح آخر ضد الزنى فالله يعلم خطورة هذه الخطية\'a1 والله بهذا يفتح عيني كل شاب وكل فتاة ليرى الشراك التي تنصب له\'a1 ونلاحظ أن سليمان هنا قد يكون متذكراً ما حدث مع أبيه كأثار مدمرة لحياته بسبب خطية الزنا.
أمثال,7,30,"الإصحاح السابع إصحاح آخر ضد الزنى فالله يعلم خطورة هذه الخطية\'a1 والله بهذا يفتح عيني كل شاب وكل فتاة ليرى الشراك التي تنصب له\'a1 ونلاحظ أن سليمان هنا قد يكون متذكراً ما حدث مع أبيه كأثار مدمرة لحياته بسبب خطية الزنا.
أمثال,7,31,"الإصحاح السابع إصحاح آخر ضد الزنى فالله يعلم خطورة هذه الخطية\'a1 والله بهذا يفتح عيني كل شاب وكل فتاة ليرى الشراك التي تنصب له\'a1 ونلاحظ أن سليمان هنا قد يكون متذكراً ما حدث مع أبيه كأثار مدمرة لحياته بسبب خطية الزنا.
أمثال,7,32,"الإصحاح السابع إصحاح آخر ضد الزنى فالله يعلم خطورة هذه الخطية\'a1 والله بهذا يفتح عيني كل شاب وكل فتاة ليرى الشراك التي تنصب له\'a1 ونلاحظ أن سليمان هنا قد يكون متذكراً ما حدث مع أبيه كأثار مدمرة لحياته بسبب خطية الزنا.
أمثال,7,33,"الإصحاح السابع إصحاح آخر ضد الزنى فالله يعلم خطورة هذه الخطية\'a1 والله بهذا يفتح عيني كل شاب وكل فتاة ليرى الشراك التي تنصب له\'a1 ونلاحظ أن سليمان هنا قد يكون متذكراً ما حدث مع أبيه كأثار مدمرة لحياته بسبب خطية الزنا.
أمثال,7,34,"الإصحاح السابع إصحاح آخر ضد الزنى فالله يعلم خطورة هذه الخطية\'a1 والله بهذا يفتح عيني كل شاب وكل فتاة ليرى الشراك التي تنصب له\'a1 ونلاحظ أن سليمان هنا قد يكون متذكراً ما حدث مع أبيه كأثار مدمرة لحياته بسبب خطية الزنا.
أمثال,7,35,"الإصحاح السابع إصحاح آخر ضد الزنى فالله يعلم خطورة هذه الخطية\'a1 والله بهذا يفتح عيني كل شاب وكل فتاة ليرى الشراك التي تنصب له\'a1 ونلاحظ أن سليمان هنا قد يكون متذكراً ما حدث مع أبيه كأثار مدمرة لحياته بسبب خطية الزنا.
أمثال,7,36,"الإصحاح السابع إصحاح آخر ضد الزنى فالله يعلم خطورة هذه الخطية\'a1 والله بهذا يفتح عيني كل شاب وكل فتاة ليرى الشراك التي تنصب له\'a1 ونلاحظ أن سليمان هنا قد يكون متذكراً ما حدث مع أبيه كأثار مدمرة لحياته بسبب خطية الزنا.
أمثال,7,37,"الإصحاح السابع إصحاح آخر ضد الزنى فالله يعلم خطورة هذه الخطية\'a1 والله بهذا يفتح عيني كل شاب وكل فتاة ليرى الشراك التي تنصب له\'a1 ونلاحظ أن سليمان هنا قد يكون متذكراً ما حدث مع أبيه كأثار مدمرة لحياته بسبب خطية الزنا.
أمثال,7,38,"الإصحاح السابع إصحاح آخر ضد الزنى فالله يعلم خطورة هذه الخطية\'a1 والله بهذا يفتح عيني كل شاب وكل فتاة ليرى الشراك التي تنصب له\'a1 ونلاحظ أن سليمان هنا قد يكون متذكراً ما حدث مع أبيه كأثار مدمرة لحياته بسبب خطية الزنا.
أمثال,7,39,"الإصحاح السابع إصحاح آخر ضد الزنى فالله يعلم خطورة هذه الخطية\'a1 والله بهذا يفتح عيني كل شاب وكل فتاة ليرى الشراك التي تنصب له\'a1 ونلاحظ أن سليمان هنا قد يكون متذكراً ما حدث مع أبيه كأثار مدمرة لحياته بسبب خطية الزنا.
أمثال,7,40,"الإصحاح السابع إصحاح آخر ضد الزنى فالله يعلم خطورة هذه الخطية\'a1 والله بهذا يفتح عيني كل شاب وكل فتاة ليرى الشراك التي تنصب له\'a1 ونلاحظ أن سليمان هنا قد يكون متذكراً ما حدث مع أبيه كأثار مدمرة لحياته بسبب خطية الزنا.
أمثال,7,41,"الإصحاح السابع إصحاح آخر ضد الزنى فالله يعلم خطورة هذه الخطية\'a1 والله بهذا يفتح عيني كل شاب وكل فتاة ليرى الشراك التي تنصب له\'a1 ونلاحظ أن سليمان هنا قد يكون متذكراً ما حدث مع أبيه كأثار مدمرة لحياته بسبب خطية الزنا.
أمثال,7,42,"الإصحاح السابع إصحاح آخر ضد الزنى فالله يعلم خطورة هذه الخطية\'a1 والله بهذا يفتح عيني كل شاب وكل فتاة ليرى الشراك التي تنصب له\'a1 ونلاحظ أن سليمان هنا قد يكون متذكراً ما حدث مع أبيه كأثار مدمرة لحياته بسبب خطية الزنا.
أمثال,7,43,"الإصحاح السابع إصحاح آخر ضد الزنى فالله يعلم خطورة هذه الخطية\'a1 والله بهذا يفتح عيني كل شاب وكل فتاة ليرى الشراك التي تنصب له\'a1 ونلاحظ أن سليمان هنا قد يكون متذكراً ما حدث مع أبيه كأثار مدمرة لحياته بسبب خطية الزنا.
أمثال,7,44,"الإصحاح السابع إصحاح آخر ضد الزنى فالله يعلم خطورة هذه الخطية\'a1 والله بهذا يفتح عيني كل شاب وكل فتاة ليرى الشراك التي تنصب له\'a1 ونلاحظ أن سليمان هنا قد يكون متذكراً ما حدث مع أبيه كأثار مدمرة لحياته بسبب خطية الزنا.
أمثال,7,45,"الإصحاح السابع إصحاح آخر ضد الزنى فالله يعلم خطورة هذه الخطية\'a1 والله بهذا يفتح عيني كل شاب وكل فتاة ليرى الشراك التي تنصب له\'a1 ونلاحظ أن سليمان هنا قد يكون متذكراً ما حدث مع أبيه كأثار مدمرة لحياته بسبب خطية الزنا.
أمثال,7,46,"الإصحاح السابع إصحاح آخر ضد الزنى فالله يعلم خطورة هذه الخطية\'a1 والله بهذا يفتح عيني كل شاب وكل فتاة ليرى الشراك التي تنصب له\'a1 ونلاحظ أن سليمان هنا قد يكون متذكراً ما حدث مع أبيه كأثار مدمرة لحياته بسبب خطية الزنا.
أمثال,7,47,"الإصحاح السابع إصحاح آخر ضد الزنى فالله يعلم خطورة هذه الخطية\'a1 والله بهذا يفتح عيني كل شاب وكل فتاة ليرى الشراك التي تنصب له\'a1 ونلاحظ أن سليمان هنا قد يكون متذكراً ما حدث مع أبيه كأثار مدمرة لحياته بسبب خطية الزنا.
أمثال,7,48,"الإصحاح السابع إصحاح آخر ضد الزنى فالله يعلم خطورة هذه الخطية\'a1 والله بهذا يفتح عيني كل شاب وكل فتاة ليرى الشراك التي تنصب له\'a1 ونلاحظ أن سليمان هنا قد يكون متذكراً ما حدث مع أبيه كأثار مدمرة لحياته بسبب خطية الزنا.
أمثال,7,49,"الإصحاح السابع إصحاح آخر ضد الزنى فالله يعلم خطورة هذه الخطية\'a1 والله بهذا يفتح عيني كل شاب وكل فتاة ليرى الشراك التي تنصب له\'a1 ونلاحظ أن سليمان هنا قد يكون متذكراً ما حدث مع أبيه كأثار مدمرة لحياته بسبب خطية الزنا.
أمثال,7,50,"الإصحاح السابع إصحاح آخر ضد الزنى فالله يعلم خطورة هذه الخطية\'a1 والله بهذا يفتح عيني كل شاب وكل فتاة ليرى الشراك التي تنصب له\'a1 ونلاحظ أن سليمان هنا قد يكون متذكراً ما حدث مع أبيه كأثار مدمرة لحياته بسبب خطية الزنا.
أمثال,7,51,"الإصحاح السابع إصحاح آخر ضد الزنى فالله يعلم خطورة هذه الخطية\'a1 والله بهذا يفتح عيني كل شاب وكل فتاة ليرى الشراك التي تنصب له\'a1 ونلاحظ أن سليمان هنا قد يكون متذكراً ما حدث مع أبيه كأثار مدمرة لحياته بسبب خطية الزنا.
أمثال,7,52,"الإصحاح السابع إصحاح آخر ضد الزنى فالله يعلم خطورة هذه الخطية\'a1 والله بهذا يفتح عيني كل شاب وكل فتاة ليرى الشراك التي تنصب له\'a1 ونلاحظ أن سليمان هنا قد يكون متذكراً ما حدث مع أبيه كأثار مدمرة لحياته بسبب خطية الزنا.
أمثال,7,53,"الإصحاح السابع إصحاح آخر ضد الزنى فالله يعلم خطورة هذه الخطية\'a1 والله بهذا يفتح عيني كل شاب وكل فتاة ليرى الشراك التي تنصب له\'a1 ونلاحظ أن سليمان هنا قد يكون متذكراً ما حدث مع أبيه كأثار مدمرة لحياته بسبب خطية الزنا.
أمثال,7,54,"الإصحاح السابع إصحاح آخر ضد الزنى فالله يعلم خطورة هذه الخطية\'a1 والله بهذا يفتح عيني كل شاب وكل فتاة ليرى الشراك التي تنصب له\'a1 ونلاحظ أن سليمان هنا قد يكون متذكراً ما حدث مع أبيه كأثار مدمرة لحياته بسبب خطية الزنا.
أمثال,7,55,"الإصحاح السابع إصحاح آخر ضد الزنى فالله يعلم خطورة هذه الخطية\'a1 والله بهذا يفتح عيني كل شاب وكل فتاة ليرى الشراك التي تنصب له\'a1 ونلاحظ أن سليمان هنا قد يكون متذكراً ما حدث مع أبيه كأثار مدمرة لحياته بسبب خطية الزنا.
أمثال,7,56,"الإصحاح السابع إصحاح آخر ضد الزنى فالله يعلم خطورة هذه الخطية\'a1 والله بهذا يفتح عيني كل شاب وكل فتاة ليرى الشراك التي تنصب له\'a1 ونلاحظ أن سليمان هنا قد يكون متذكراً ما حدث مع أبيه كأثار مدمرة لحياته بسبب خطية الزنا.
أمثال,7,57,"الإصحاح السابع إصحاح آخر ضد الزنى فالله يعلم خطورة هذه الخطية\'a1 والله بهذا يفتح عيني كل شاب وكل فتاة ليرى الشراك التي تنصب له\'a1 ونلاحظ أن سليمان هنا قد يكون متذكراً ما حدث مع أبيه كأثار مدمرة لحياته بسبب خطية الزنا.
أمثال,7,58,"الإصحاح السابع إصحاح آخر ضد الزنى فالله يعلم خطورة هذه الخطية\'a1 والله بهذا يفتح عيني كل شاب وكل فتاة ليرى الشراك التي تنصب له\'a1 ونلاحظ أن سليمان هنا قد يكون متذكراً ما حدث مع أبيه كأثار مدمرة لحياته بسبب خطية الزنا.
أمثال,7,59,"الإصحاح السابع إصحاح آخر ضد الزنى فالله يعلم خطورة هذه الخطية\'a1 والله بهذا يفتح عيني كل شاب وكل فتاة ليرى الشراك التي تنصب له\'a1 ونلاحظ أن سليمان هنا قد يكون متذكراً ما حدث مع أبيه كأثار مدمرة لحياته بسبب خطية الزنا.
أمثال,7,60,"الإصحاح السابع إصحاح آخر ضد الزنى فالله يعلم خطورة هذه الخطية\'a1 والله بهذا يفتح عيني كل شاب وكل فتاة ليرى الشراك التي تنصب له\'a1 ونلاحظ أن سليمان هنا قد يكون متذكراً ما حدث مع أبيه كأثار مدمرة لحياته بسبب خطية الزنا.
أمثال,7,61,"الإصحاح السابع إصحاح آخر ضد الزنى فالله يعلم خطورة هذه الخطية\'a1 والله بهذا يفتح عيني كل شاب وكل فتاة ليرى الشراك التي تنصب له\'a1 ونلاحظ أن سليمان هنا قد يكون متذكراً ما حدث مع أبيه كأثار مدمرة لحياته بسبب خطية الزنا.
أمثال,7,62,"الإصحاح السابع إصحاح آخر ضد الزنى فالله يعلم خطورة هذه الخطية\'a1 والله بهذا يفتح عيني كل شاب وكل فتاة ليرى الشراك التي تنصب له\'a1 ونلاحظ أن سليمان هنا قد يكون متذكراً ما حدث مع أبيه كأثار مدمرة لحياته بسبب خطية الزنا.
أمثال,7,63,"الإصحاح السابع إصحاح آخر ضد الزنى فالله يعلم خطورة هذه الخطية\'a1 والله بهذا يفتح عيني كل شاب وكل فتاة ليرى الشراك التي تنصب له\'a1 ونلاحظ أن سليمان هنا قد يكون متذكراً ما حدث مع أبيه كأثار مدمرة لحياته بسبب خطية الزنا.
أمثال,7,64,"الإصحاح السابع إصحاح آخر ضد الزنى فالله يعلم خطورة هذه الخطية\'a1 والله بهذا يفتح عيني كل شاب وكل فتاة ليرى الشراك التي تنصب له\'a1 ونلاحظ أن سليمان هنا قد يكون متذكراً ما حدث مع أبيه كأثار مدمرة لحياته بسبب خطية الزنا.
أمثال,7,65,"الإصحاح السابع إصحاح آخر ضد الزنى فالله يعلم خطورة هذه الخطية\'a1 والله بهذا يفتح عيني كل شاب وكل فتاة ليرى الشراك التي تنصب له\'a1 ونلاحظ أن سليمان هنا قد يكون متذكراً ما حدث مع أبيه كأثار مدمرة لحياته بسبب خطية الزنا.
أمثال,7,66,"الإصحاح السابع إصحاح آخر ضد الزنى فالله يعلم خطورة هذه الخطية\'a1 والله بهذا يفتح عيني كل شاب وكل فتاة ليرى الشراك التي تنصب له\'a1 ونلاحظ أن سليمان هنا قد يكون متذكراً ما حدث مع أبيه كأثار مدمرة لحياته بسبب خطية الزنا.
أمثال,7,67,"الإصحاح السابع إصحاح آخر ضد الزنى فالله يعلم خطورة هذه الخطية\'a1 والله بهذا يفتح عيني كل شاب وكل فتاة ليرى الشراك التي تنصب له\'a1 ونلاحظ أن سليمان هنا قد يكون متذكراً ما حدث مع أبيه كأثار مدمرة لحياته بسبب خطية الزنا.
أمثال,7,68,"الإصحاح السابع إصحاح آخر ضد الزنى فالله يعلم خطورة هذه الخطية\'a1 والله بهذا يفتح عيني كل شاب وكل فتاة ليرى الشراك التي تنصب له\'a1 ونلاحظ أن سليمان هنا قد يكون متذكراً ما حدث مع أبيه كأثار مدمرة لحياته بسبب خطية الزنا.
أمثال,7,69,"الإصحاح السابع إصحاح آخر ضد الزنى فالله يعلم خطورة هذه الخطية\'a1 والله بهذا يفتح عيني كل شاب وكل فتاة ليرى الشراك التي تنصب له\'a1 ونلاحظ أن سليمان هنا قد يكون متذكراً ما حدث مع أبيه كأثار مدمرة لحياته بسبب خطية الزنا.
أمثال,7,70,"الإصحاح السابع إصحاح آخر ضد الزنى فالله يعلم خطورة هذه الخطية\'a1 والله بهذا يفتح عيني كل شاب وكل فتاة ليرى الشراك التي تنصب له\'a1 ونلاحظ أن سليمان هنا قد يكون متذكراً ما حدث مع أبيه كأثار مدمرة لحياته بسبب خطية الزنا.
أمثال,7,71,"الإصحاح السابع إصحاح آخر ضد الزنى فالله يعلم خطورة هذه الخطية\'a1 والله بهذا يفتح عيني كل شاب وكل فتاة ليرى الشراك التي تنصب له\'a1 ونلاحظ أن سليمان هنا قد يكون متذكراً ما حدث مع أبيه كأثار مدمرة لحياته بسبب خطية الزنا.
أمثال,7,72,"الإصحاح السابع إصحاح آخر ضد الزنى فالله يعلم خطورة هذه الخطية\'a1 والله بهذا يفتح عيني كل شاب وكل فتاة ليرى الشراك التي تنصب له\'a1 ونلاحظ أن سليمان هنا قد يكون متذكراً ما حدث مع أبيه كأثار مدمرة لحياته بسبب خطية الزنا.
أمثال,7,73,"الإصحاح السابع إصحاح آخر ضد الزنى فالله يعلم خطورة هذه الخطية\'a1 والله بهذا يفتح عيني كل شاب وكل فتاة ليرى الشراك التي تنصب له\'a1 ونلاحظ أن سليمان هنا قد يكون متذكراً ما حدث مع أبيه كأثار مدمرة لحياته بسبب خطية الزنا.
أمثال,7,74,"الإصحاح السابع إصحاح آخر ضد الزنى فالله يعلم خطورة هذه الخطية\'a1 والله بهذا يفتح عيني كل شاب وكل فتاة ليرى الشراك التي تنصب له\'a1 ونلاحظ أن سليمان هنا قد يكون متذكراً ما حدث مع أبيه كأثار مدمرة لحياته بسبب خطية الزنا.
أمثال,7,75,"الإصحاح السابع إصحاح آخر ضد الزنى فالله يعلم خطورة هذه الخطية\'a1 والله بهذا يفتح عيني كل شاب وكل فتاة ليرى الشراك التي تنصب له\'a1 ونلاحظ أن سليمان هنا قد يكون متذكراً ما حدث مع أبيه كأثار مدمرة لحياته بسبب خطية الزنا.
أمثال,7,76,"الإصحاح السابع إصحاح آخر ضد الزنى فالله يعلم خطورة هذه الخطية\'a1 والله بهذا يفتح عيني كل شاب وكل فتاة ليرى الشراك التي تنصب له\'a1 ونلاحظ أن سليمان هنا قد يكون متذكراً ما حدث مع أبيه كأثار مدمرة لحياته بسبب خطية الزنا.
أمثال,7,77,"الإصحاح السابع إصحاح آخر ضد الزنى فالله يعلم خطورة هذه الخطية\'a1 والله بهذا يفتح عيني كل شاب وكل فتاة ليرى الشراك التي تنصب له\'a1 ونلاحظ أن سليمان هنا قد يكون متذكراً ما حدث مع أبيه كأثار مدمرة لحياته بسبب خطية الزنا.
أمثال,7,78,"الإصحاح السابع إصحاح آخر ضد الزنى فالله يعلم خطورة هذه الخطية\'a1 والله بهذا يفتح عيني كل شاب وكل فتاة ليرى الشراك التي تنصب له\'a1 ونلاحظ أن سليمان هنا قد يكون متذكراً ما حدث مع أبيه كأثار مدمرة لحياته بسبب خطية الزنا.
أمثال,7,79,"الإصحاح السابع إصحاح آخر ضد الزنى فالله يعلم خطورة هذه الخطية\'a1 والله بهذا يفتح عيني كل شاب وكل فتاة ليرى الشراك التي تنصب له\'a1 ونلاحظ أن سليمان هنا قد يكون متذكراً ما حدث مع أبيه كأثار مدمرة لحياته بسبب خطية الزنا.
أمثال,7,80,"الإصحاح السابع إصحاح آخر ضد الزنى فالله يعلم خطورة هذه الخطية\'a1 والله بهذا يفتح عيني كل شاب وكل فتاة ليرى الشراك التي تنصب له\'a1 ونلاحظ أن سليمان هنا قد يكون متذكراً ما حدث مع أبيه كأثار مدمرة لحياته بسبب خطية الزنا.
أمثال,7,81,"الإصحاح السابع إصحاح آخر ضد الزنى فالله يعلم خطورة هذه الخطية\'a1 والله بهذا يفتح عيني كل شاب وكل فتاة ليرى الشراك التي تنصب له\'a1 ونلاحظ أن سليمان هنا قد يكون متذكراً ما حدث مع أبيه كأثار مدمرة لحياته بسبب خطية الزنا.
أمثال,7,82,"الإصحاح السابع إصحاح آخر ضد الزنى فالله يعلم خطورة هذه الخطية\'a1 والله بهذا يفتح عيني كل شاب وكل فتاة ليرى الشراك التي تنصب له\'a1 ونلاحظ أن سليمان هنا قد يكون متذكراً ما حدث مع أبيه كأثار مدمرة لحياته بسبب خطية الزنا.
أمثال,7,83,"الإصحاح السابع إصحاح آخر ضد الزنى فالله يعلم خطورة هذه الخطية\'a1 والله بهذا يفتح عيني كل شاب وكل فتاة ليرى الشراك التي تنصب له\'a1 ونلاحظ أن سليمان هنا قد يكون متذكراً ما حدث مع أبيه كأثار مدمرة لحياته بسبب خطية الزنا.
أمثال,7,84,"الإصحاح السابع إصحاح آخر ضد الزنى فالله يعلم خطورة هذه الخطية\'a1 والله بهذا يفتح عيني كل شاب وكل فتاة ليرى الشراك التي تنصب له\'a1 ونلاحظ أن سليمان هنا قد يكون متذكراً ما حدث مع أبيه كأثار مدمرة لحياته بسبب خطية الزنا.
أمثال,7,85,"الإصحاح السابع إصحاح آخر ضد الزنى فالله يعلم خطورة هذه الخطية\'a1 والله بهذا يفتح عيني كل شاب وكل فتاة ليرى الشراك التي تنصب له\'a1 ونلاحظ أن سليمان هنا قد يكون متذكراً ما حدث مع أبيه كأثار مدمرة لحياته بسبب خطية الزنا.
أمثال,7,86,"الإصحاح السابع إصحاح آخر ضد الزنى فالله يعلم خطورة هذه الخطية\'a1 والله بهذا يفتح عيني كل شاب وكل فتاة ليرى الشراك التي تنصب له\'a1 ونلاحظ أن سليمان هنا قد يكون متذكراً ما حدث مع أبيه كأثار مدمرة لحياته بسبب خطية الزنا.
أمثال,7,87,"الإصحاح السابع إصحاح آخر ضد الزنى فالله يعلم خطورة هذه الخطية\'a1 والله بهذا يفتح عيني كل شاب وكل فتاة ليرى الشراك التي تنصب له\'a1 ونلاحظ أن سليمان هنا قد يكون متذكراً ما حدث مع أبيه كأثار مدمرة لحياته بسبب خطية الزنا.
أمثال,7,88,"الإصحاح السابع إصحاح آخر ضد الزنى فالله يعلم خطورة هذه الخطية\'a1 والله بهذا يفتح عيني كل شاب وكل فتاة ليرى الشراك التي تنصب له\'a1 ونلاحظ أن سليمان هنا قد يكون متذكراً ما حدث مع أبيه كأثار مدمرة لحياته بسبب خطية الزنا.
أمثال,7,89,"الإصحاح السابع إصحاح آخر ضد الزنى فالله يعلم خطورة هذه الخطية\'a1 والله بهذا يفتح عيني كل شاب وكل فتاة ليرى الشراك التي تنصب له\'a1 ونلاحظ أن سليمان هنا قد يكون متذكراً ما حدث مع أبيه كأثار مدمرة لحياته بسبب خطية الزنا.
أمثال,7,90,"الإصحاح السابع إصحاح آخر ضد الزنى فالله يعلم خطورة هذه الخطية\'a1 والله بهذا يفتح عيني كل شاب وكل فتاة ليرى الشراك التي تنصب له\'a1 ونلاحظ أن سليمان هنا قد يكون متذكراً ما حدث مع أبيه كأثار مدمرة لحياته بسبب خطية الزنا.
أمثال,7,91,"الإصحاح السابع إصحاح آخر ضد الزنى فالله يعلم خطورة هذه الخطية\'a1 والله بهذا يفتح عيني كل شاب وكل فتاة ليرى الشراك التي تنصب له\'a1 ونلاحظ أن سليمان هنا قد يكون متذكراً ما حدث مع أبيه كأثار مدمرة لحياته بسبب خطية الزنا.
أمثال,7,92,"الإصحاح السابع إصحاح آخر ضد الزنى فالله يعلم خطورة هذه الخطية\'a1 والله بهذا يفتح عيني كل شاب وكل فتاة ليرى الشراك التي تنصب له\'a1 ونلاحظ أن سليمان هنا قد يكون متذكراً ما حدث مع أبيه كأثار مدمرة لحياته بسبب خطية الزنا.
أمثال,7,93,"الإصحاح السابع إصحاح آخر ضد الزنى فالله يعلم خطورة هذه الخطية\'a1 والله بهذا يفتح عيني كل شاب وكل فتاة ليرى الشراك التي تنصب له\'a1 ونلاحظ أن سليمان هنا قد يكون متذكراً ما حدث مع أبيه كأثار مدمرة لحياته بسبب خطية الزنا.
أمثال,7,94,"الإصحاح السابع إصحاح آخر ضد الزنى فالله يعلم خطورة هذه الخطية\'a1 والله بهذا يفتح عيني كل شاب وكل فتاة ليرى الشراك التي تنصب له\'a1 ونلاحظ أن سليمان هنا قد يكون متذكراً ما حدث مع أبيه كأثار مدمرة لحياته بسبب خطية الزنا.
أمثال,7,95,"الإصحاح السابع إصحاح آخر ضد الزنى فالله يعلم خطورة هذه الخطية\'a1 والله بهذا يفتح عيني كل شاب وكل فتاة ليرى الشراك التي تنصب له\'a1 ونلاحظ أن سليمان هنا قد يكون متذكراً ما حدث مع أبيه كأثار مدمرة لحياته بسبب خطية الزنا.
أمثال,7,96,"الإصحاح السابع إصحاح آخر ضد الزنى فالله يعلم خطورة هذه الخطية\'a1 والله بهذا يفتح عيني كل شاب وكل فتاة ليرى الشراك التي تنصب له\'a1 ونلاحظ أن سليمان هنا قد يكون متذكراً ما حدث مع أبيه كأثار مدمرة لحياته بسبب خطية الزنا.
أمثال,7,97,"الإصحاح السابع إصحاح آخر ضد الزنى فالله يعلم خطورة هذه الخطية\'a1 والله بهذا يفتح عيني كل شاب وكل فتاة ليرى الشراك التي تنصب له\'a1 ونلاحظ أن سليمان هنا قد يكون متذكراً ما حدث مع أبيه كأثار مدمرة لحياته بسبب خطية الزنا.
أمثال,7,98,"الإصحاح السابع إصحاح آخر ضد الزنى فالله يعلم خطورة هذه الخطية\'a1 والله بهذا يفتح عيني كل شاب وكل فتاة ليرى الشراك التي تنصب له\'a1 ونلاحظ أن سليمان هنا قد يكون متذكراً ما حدث مع أبيه كأثار مدمرة لحياته بسبب خطية الزنا.
أمثال,7,99,"الإصحاح السابع إصحاح آخر ضد الزنى فالله يعلم خطورة هذه الخطية\'a1 والله بهذا يفتح عيني كل شاب وكل فتاة ليرى الشراك التي تنصب له\'a1 ونلاحظ أن سليمان هنا قد يكون متذكراً ما حدث مع أبيه كأثار مدمرة لحياته بسبب خطية الزنا.
أمثال,8,1,"الإصحاح الثامن على النقيض من الإصحاح السابق نصل هنا للتأمل في الحكمة ونميز شخص المسيح اللوغوس وراء كلمة الحكمة. المسيح الذي يحاول أن يجذب كل نفس إليه لتترك طريق الجهل وتسلك طريق المعرفة والفهم. نصل في هذا الإصحاح إلى ذروة السلسلة عن الحكمة والحديث عن الحكمة. ونجدها في صورة مخالفة تماماً للمرأة الشريرة\'a1 فهذه أسلوبها ملق مخادع وحبها فاسد يقود للموت. أما الحكمة فهي تنادي بكل جلاء ووقار في الأماكن العامة\'a1 تدعو كل الناس أن يقبلوها وتعلن لهم أن من يقبلها تكون هناك كنوز من نصيبه. ولقد أجمع معظم المفسرين أن هذا الإصحاح يتكلم عن المسيح أقنوم الحكمة\'a1 وهذا هو تفسير كنيستنا الأرثوذكسية لهذا الإصحاح. وفي الإصحاح آيات وعبارات لا يتحقق معناها الكامل إلا في المسيح قوة الله وحكمة الله فهو حكمة الله المشخصة أو المتجسدة ( 1كو1:24 +  لو11:49) وفي ( لو11:49) نرى حكمة الله شخصاً يرسل الأنبياء للعالم.
أمثال,8,2,"الإصحاح الثامن على النقيض من الإصحاح السابق نصل هنا للتأمل في الحكمة ونميز شخص المسيح اللوغوس وراء كلمة الحكمة. المسيح الذي يحاول أن يجذب كل نفس إليه لتترك طريق الجهل وتسلك طريق المعرفة والفهم. نصل في هذا الإصحاح إلى ذروة السلسلة عن الحكمة والحديث عن الحكمة. ونجدها في صورة مخالفة تماماً للمرأة الشريرة\'a1 فهذه أسلوبها ملق مخادع وحبها فاسد يقود للموت. أما الحكمة فهي تنادي بكل جلاء ووقار في الأماكن العامة\'a1 تدعو كل الناس أن يقبلوها وتعلن لهم أن من يقبلها تكون هناك كنوز من نصيبه. ولقد أجمع معظم المفسرين أن هذا الإصحاح يتكلم عن المسيح أقنوم الحكمة\'a1 وهذا هو تفسير كنيستنا الأرثوذكسية لهذا الإصحاح. وفي الإصحاح آيات وعبارات لا يتحقق معناها الكامل إلا في المسيح قوة الله وحكمة الله فهو حكمة الله المشخصة أو المتجسدة ( 1كو1:24 +  لو11:49) وفي ( لو11:49) نرى حكمة الله شخصاً يرسل الأنبياء للعالم.
أمثال,8,3,"الإصحاح الثامن على النقيض من الإصحاح السابق نصل هنا للتأمل في الحكمة ونميز شخص المسيح اللوغوس وراء كلمة الحكمة. المسيح الذي يحاول أن يجذب كل نفس إليه لتترك طريق الجهل وتسلك طريق المعرفة والفهم. نصل في هذا الإصحاح إلى ذروة السلسلة عن الحكمة والحديث عن الحكمة. ونجدها في صورة مخالفة تماماً للمرأة الشريرة\'a1 فهذه أسلوبها ملق مخادع وحبها فاسد يقود للموت. أما الحكمة فهي تنادي بكل جلاء ووقار في الأماكن العامة\'a1 تدعو كل الناس أن يقبلوها وتعلن لهم أن من يقبلها تكون هناك كنوز من نصيبه. ولقد أجمع معظم المفسرين أن هذا الإصحاح يتكلم عن المسيح أقنوم الحكمة\'a1 وهذا هو تفسير كنيستنا الأرثوذكسية لهذا الإصحاح. وفي الإصحاح آيات وعبارات لا يتحقق معناها الكامل إلا في المسيح قوة الله وحكمة الله فهو حكمة الله المشخصة أو المتجسدة ( 1كو1:24 +  لو11:49) وفي ( لو11:49) نرى حكمة الله شخصاً يرسل الأنبياء للعالم.
أمثال,8,4,"الإصحاح الثامن على النقيض من الإصحاح السابق نصل هنا للتأمل في الحكمة ونميز شخص المسيح اللوغوس وراء كلمة الحكمة. المسيح الذي يحاول أن يجذب كل نفس إليه لتترك طريق الجهل وتسلك طريق المعرفة والفهم. نصل في هذا الإصحاح إلى ذروة السلسلة عن الحكمة والحديث عن الحكمة. ونجدها في صورة مخالفة تماماً للمرأة الشريرة\'a1 فهذه أسلوبها ملق مخادع وحبها فاسد يقود للموت. أما الحكمة فهي تنادي بكل جلاء ووقار في الأماكن العامة\'a1 تدعو كل الناس أن يقبلوها وتعلن لهم أن من يقبلها تكون هناك كنوز من نصيبه. ولقد أجمع معظم المفسرين أن هذا الإصحاح يتكلم عن المسيح أقنوم الحكمة\'a1 وهذا هو تفسير كنيستنا الأرثوذكسية لهذا الإصحاح. وفي الإصحاح آيات وعبارات لا يتحقق معناها الكامل إلا في المسيح قوة الله وحكمة الله فهو حكمة الله المشخصة أو المتجسدة ( 1كو1:24 +  لو11:49) وفي ( لو11:49) نرى حكمة الله شخصاً يرسل الأنبياء للعالم.
أمثال,8,5,"الإصحاح الثامن على النقيض من الإصحاح السابق نصل هنا للتأمل في الحكمة ونميز شخص المسيح اللوغوس وراء كلمة الحكمة. المسيح الذي يحاول أن يجذب كل نفس إليه لتترك طريق الجهل وتسلك طريق المعرفة والفهم. نصل في هذا الإصحاح إلى ذروة السلسلة عن الحكمة والحديث عن الحكمة. ونجدها في صورة مخالفة تماماً للمرأة الشريرة\'a1 فهذه أسلوبها ملق مخادع وحبها فاسد يقود للموت. أما الحكمة فهي تنادي بكل جلاء ووقار في الأماكن العامة\'a1 تدعو كل الناس أن يقبلوها وتعلن لهم أن من يقبلها تكون هناك كنوز من نصيبه. ولقد أجمع معظم المفسرين أن هذا الإصحاح يتكلم عن المسيح أقنوم الحكمة\'a1 وهذا هو تفسير كنيستنا الأرثوذكسية لهذا الإصحاح. وفي الإصحاح آيات وعبارات لا يتحقق معناها الكامل إلا في المسيح قوة الله وحكمة الله فهو حكمة الله المشخصة أو المتجسدة ( 1كو1:24 +  لو11:49) وفي ( لو11:49) نرى حكمة الله شخصاً يرسل الأنبياء للعالم.
أمثال,8,6,"الإصحاح الثامن على النقيض من الإصحاح السابق نصل هنا للتأمل في الحكمة ونميز شخص المسيح اللوغوس وراء كلمة الحكمة. المسيح الذي يحاول أن يجذب كل نفس إليه لتترك طريق الجهل وتسلك طريق المعرفة والفهم. نصل في هذا الإصحاح إلى ذروة السلسلة عن الحكمة والحديث عن الحكمة. ونجدها في صورة مخالفة تماماً للمرأة الشريرة\'a1 فهذه أسلوبها ملق مخادع وحبها فاسد يقود للموت. أما الحكمة فهي تنادي بكل جلاء ووقار في الأماكن العامة\'a1 تدعو كل الناس أن يقبلوها وتعلن لهم أن من يقبلها تكون هناك كنوز من نصيبه. ولقد أجمع معظم المفسرين أن هذا الإصحاح يتكلم عن المسيح أقنوم الحكمة\'a1 وهذا هو تفسير كنيستنا الأرثوذكسية لهذا الإصحاح. وفي الإصحاح آيات وعبارات لا يتحقق معناها الكامل إلا في المسيح قوة الله وحكمة الله فهو حكمة الله المشخصة أو المتجسدة ( 1كو1:24 +  لو11:49) وفي ( لو11:49) نرى حكمة الله شخصاً يرسل الأنبياء للعالم.
أمثال,8,7,"الإصحاح الثامن على النقيض من الإصحاح السابق نصل هنا للتأمل في الحكمة ونميز شخص المسيح اللوغوس وراء كلمة الحكمة. المسيح الذي يحاول أن يجذب كل نفس إليه لتترك طريق الجهل وتسلك طريق المعرفة والفهم. نصل في هذا الإصحاح إلى ذروة السلسلة عن الحكمة والحديث عن الحكمة. ونجدها في صورة مخالفة تماماً للمرأة الشريرة\'a1 فهذه أسلوبها ملق مخادع وحبها فاسد يقود للموت. أما الحكمة فهي تنادي بكل جلاء ووقار في الأماكن العامة\'a1 تدعو كل الناس أن يقبلوها وتعلن لهم أن من يقبلها تكون هناك كنوز من نصيبه. ولقد أجمع معظم المفسرين أن هذا الإصحاح يتكلم عن المسيح أقنوم الحكمة\'a1 وهذا هو تفسير كنيستنا الأرثوذكسية لهذا الإصحاح. وفي الإصحاح آيات وعبارات لا يتحقق معناها الكامل إلا في المسيح قوة الله وحكمة الله فهو حكمة الله المشخصة أو المتجسدة ( 1كو1:24 +  لو11:49) وفي ( لو11:49) نرى حكمة الله شخصاً يرسل الأنبياء للعالم.
أمثال,8,8,"الإصحاح الثامن على النقيض من الإصحاح السابق نصل هنا للتأمل في الحكمة ونميز شخص المسيح اللوغوس وراء كلمة الحكمة. المسيح الذي يحاول أن يجذب كل نفس إليه لتترك طريق الجهل وتسلك طريق المعرفة والفهم. نصل في هذا الإصحاح إلى ذروة السلسلة عن الحكمة والحديث عن الحكمة. ونجدها في صورة مخالفة تماماً للمرأة الشريرة\'a1 فهذه أسلوبها ملق مخادع وحبها فاسد يقود للموت. أما الحكمة فهي تنادي بكل جلاء ووقار في الأماكن العامة\'a1 تدعو كل الناس أن يقبلوها وتعلن لهم أن من يقبلها تكون هناك كنوز من نصيبه. ولقد أجمع معظم المفسرين أن هذا الإصحاح يتكلم عن المسيح أقنوم الحكمة\'a1 وهذا هو تفسير كنيستنا الأرثوذكسية لهذا الإصحاح. وفي الإصحاح آيات وعبارات لا يتحقق معناها الكامل إلا في المسيح قوة الله وحكمة الله فهو حكمة الله المشخصة أو المتجسدة ( 1كو1:24 +  لو11:49) وفي ( لو11:49) نرى حكمة الله شخصاً يرسل الأنبياء للعالم.
أمثال,8,9,"الإصحاح الثامن على النقيض من الإصحاح السابق نصل هنا للتأمل في الحكمة ونميز شخص المسيح اللوغوس وراء كلمة الحكمة. المسيح الذي يحاول أن يجذب كل نفس إليه لتترك طريق الجهل وتسلك طريق المعرفة والفهم. نصل في هذا الإصحاح إلى ذروة السلسلة عن الحكمة والحديث عن الحكمة. ونجدها في صورة مخالفة تماماً للمرأة الشريرة\'a1 فهذه أسلوبها ملق مخادع وحبها فاسد يقود للموت. أما الحكمة فهي تنادي بكل جلاء ووقار في الأماكن العامة\'a1 تدعو كل الناس أن يقبلوها وتعلن لهم أن من يقبلها تكون هناك كنوز من نصيبه. ولقد أجمع معظم المفسرين أن هذا الإصحاح يتكلم عن المسيح أقنوم الحكمة\'a1 وهذا هو تفسير كنيستنا الأرثوذكسية لهذا الإصحاح. وفي الإصحاح آيات وعبارات لا يتحقق معناها الكامل إلا في المسيح قوة الله وحكمة الله فهو حكمة الله المشخصة أو المتجسدة ( 1كو1:24 +  لو11:49) وفي ( لو11:49) نرى حكمة الله شخصاً يرسل الأنبياء للعالم.
أمثال,8,10,"الإصحاح الثامن على النقيض من الإصحاح السابق نصل هنا للتأمل في الحكمة ونميز شخص المسيح اللوغوس وراء كلمة الحكمة. المسيح الذي يحاول أن يجذب كل نفس إليه لتترك طريق الجهل وتسلك طريق المعرفة والفهم. نصل في هذا الإصحاح إلى ذروة السلسلة عن الحكمة والحديث عن الحكمة. ونجدها في صورة مخالفة تماماً للمرأة الشريرة\'a1 فهذه أسلوبها ملق مخادع وحبها فاسد يقود للموت. أما الحكمة فهي تنادي بكل جلاء ووقار في الأماكن العامة\'a1 تدعو كل الناس أن يقبلوها وتعلن لهم أن من يقبلها تكون هناك كنوز من نصيبه. ولقد أجمع معظم المفسرين أن هذا الإصحاح يتكلم عن المسيح أقنوم الحكمة\'a1 وهذا هو تفسير كنيستنا الأرثوذكسية لهذا الإصحاح. وفي الإصحاح آيات وعبارات لا يتحقق معناها الكامل إلا في المسيح قوة الله وحكمة الله فهو حكمة الله المشخصة أو المتجسدة ( 1كو1:24 +  لو11:49) وفي ( لو11:49) نرى حكمة الله شخصاً يرسل الأنبياء للعالم.
أمثال,8,11,"الإصحاح الثامن على النقيض من الإصحاح السابق نصل هنا للتأمل في الحكمة ونميز شخص المسيح اللوغوس وراء كلمة الحكمة. المسيح الذي يحاول أن يجذب كل نفس إليه لتترك طريق الجهل وتسلك طريق المعرفة والفهم. نصل في هذا الإصحاح إلى ذروة السلسلة عن الحكمة والحديث عن الحكمة. ونجدها في صورة مخالفة تماماً للمرأة الشريرة\'a1 فهذه أسلوبها ملق مخادع وحبها فاسد يقود للموت. أما الحكمة فهي تنادي بكل جلاء ووقار في الأماكن العامة\'a1 تدعو كل الناس أن يقبلوها وتعلن لهم أن من يقبلها تكون هناك كنوز من نصيبه. ولقد أجمع معظم المفسرين أن هذا الإصحاح يتكلم عن المسيح أقنوم الحكمة\'a1 وهذا هو تفسير كنيستنا الأرثوذكسية لهذا الإصحاح. وفي الإصحاح آيات وعبارات لا يتحقق معناها الكامل إلا في المسيح قوة الله وحكمة الله فهو حكمة الله المشخصة أو المتجسدة ( 1كو1:24 +  لو11:49) وفي ( لو11:49) نرى حكمة الله شخصاً يرسل الأنبياء للعالم.
أمثال,8,12,"الإصحاح الثامن على النقيض من الإصحاح السابق نصل هنا للتأمل في الحكمة ونميز شخص المسيح اللوغوس وراء كلمة الحكمة. المسيح الذي يحاول أن يجذب كل نفس إليه لتترك طريق الجهل وتسلك طريق المعرفة والفهم. نصل في هذا الإصحاح إلى ذروة السلسلة عن الحكمة والحديث عن الحكمة. ونجدها في صورة مخالفة تماماً للمرأة الشريرة\'a1 فهذه أسلوبها ملق مخادع وحبها فاسد يقود للموت. أما الحكمة فهي تنادي بكل جلاء ووقار في الأماكن العامة\'a1 تدعو كل الناس أن يقبلوها وتعلن لهم أن من يقبلها تكون هناك كنوز من نصيبه. ولقد أجمع معظم المفسرين أن هذا الإصحاح يتكلم عن المسيح أقنوم الحكمة\'a1 وهذا هو تفسير كنيستنا الأرثوذكسية لهذا الإصحاح. وفي الإصحاح آيات وعبارات لا يتحقق معناها الكامل إلا في المسيح قوة الله وحكمة الله فهو حكمة الله المشخصة أو المتجسدة ( 1كو1:24 +  لو11:49) وفي ( لو11:49) نرى حكمة الله شخصاً يرسل الأنبياء للعالم.
أمثال,8,13,"الإصحاح الثامن على النقيض من الإصحاح السابق نصل هنا للتأمل في الحكمة ونميز شخص المسيح اللوغوس وراء كلمة الحكمة. المسيح الذي يحاول أن يجذب كل نفس إليه لتترك طريق الجهل وتسلك طريق المعرفة والفهم. نصل في هذا الإصحاح إلى ذروة السلسلة عن الحكمة والحديث عن الحكمة. ونجدها في صورة مخالفة تماماً للمرأة الشريرة\'a1 فهذه أسلوبها ملق مخادع وحبها فاسد يقود للموت. أما الحكمة فهي تنادي بكل جلاء ووقار في الأماكن العامة\'a1 تدعو كل الناس أن يقبلوها وتعلن لهم أن من يقبلها تكون هناك كنوز من نصيبه. ولقد أجمع معظم المفسرين أن هذا الإصحاح يتكلم عن المسيح أقنوم الحكمة\'a1 وهذا هو تفسير كنيستنا الأرثوذكسية لهذا الإصحاح. وفي الإصحاح آيات وعبارات لا يتحقق معناها الكامل إلا في المسيح قوة الله وحكمة الله فهو حكمة الله المشخصة أو المتجسدة ( 1كو1:24 +  لو11:49) وفي ( لو11:49) نرى حكمة الله شخصاً يرسل الأنبياء للعالم.
أمثال,8,14,"الإصحاح الثامن على النقيض من الإصحاح السابق نصل هنا للتأمل في الحكمة ونميز شخص المسيح اللوغوس وراء كلمة الحكمة. المسيح الذي يحاول أن يجذب كل نفس إليه لتترك طريق الجهل وتسلك طريق المعرفة والفهم. نصل في هذا الإصحاح إلى ذروة السلسلة عن الحكمة والحديث عن الحكمة. ونجدها في صورة مخالفة تماماً للمرأة الشريرة\'a1 فهذه أسلوبها ملق مخادع وحبها فاسد يقود للموت. أما الحكمة فهي تنادي بكل جلاء ووقار في الأماكن العامة\'a1 تدعو كل الناس أن يقبلوها وتعلن لهم أن من يقبلها تكون هناك كنوز من نصيبه. ولقد أجمع معظم المفسرين أن هذا الإصحاح يتكلم عن المسيح أقنوم الحكمة\'a1 وهذا هو تفسير كنيستنا الأرثوذكسية لهذا الإصحاح. وفي الإصحاح آيات وعبارات لا يتحقق معناها الكامل إلا في المسيح قوة الله وحكمة الله فهو حكمة الله المشخصة أو المتجسدة ( 1كو1:24 +  لو11:49) وفي ( لو11:49) نرى حكمة الله شخصاً يرسل الأنبياء للعالم.
أمثال,8,15,"الإصحاح الثامن على النقيض من الإصحاح السابق نصل هنا للتأمل في الحكمة ونميز شخص المسيح اللوغوس وراء كلمة الحكمة. المسيح الذي يحاول أن يجذب كل نفس إليه لتترك طريق الجهل وتسلك طريق المعرفة والفهم. نصل في هذا الإصحاح إلى ذروة السلسلة عن الحكمة والحديث عن الحكمة. ونجدها في صورة مخالفة تماماً للمرأة الشريرة\'a1 فهذه أسلوبها ملق مخادع وحبها فاسد يقود للموت. أما الحكمة فهي تنادي بكل جلاء ووقار في الأماكن العامة\'a1 تدعو كل الناس أن يقبلوها وتعلن لهم أن من يقبلها تكون هناك كنوز من نصيبه. ولقد أجمع معظم المفسرين أن هذا الإصحاح يتكلم عن المسيح أقنوم الحكمة\'a1 وهذا هو تفسير كنيستنا الأرثوذكسية لهذا الإصحاح. وفي الإصحاح آيات وعبارات لا يتحقق معناها الكامل إلا في المسيح قوة الله وحكمة الله فهو حكمة الله المشخصة أو المتجسدة ( 1كو1:24 +  لو11:49) وفي ( لو11:49) نرى حكمة الله شخصاً يرسل الأنبياء للعالم.
أمثال,8,16,"الإصحاح الثامن على النقيض من الإصحاح السابق نصل هنا للتأمل في الحكمة ونميز شخص المسيح اللوغوس وراء كلمة الحكمة. المسيح الذي يحاول أن يجذب كل نفس إليه لتترك طريق الجهل وتسلك طريق المعرفة والفهم. نصل في هذا الإصحاح إلى ذروة السلسلة عن الحكمة والحديث عن الحكمة. ونجدها في صورة مخالفة تماماً للمرأة الشريرة\'a1 فهذه أسلوبها ملق مخادع وحبها فاسد يقود للموت. أما الحكمة فهي تنادي بكل جلاء ووقار في الأماكن العامة\'a1 تدعو كل الناس أن يقبلوها وتعلن لهم أن من يقبلها تكون هناك كنوز من نصيبه. ولقد أجمع معظم المفسرين أن هذا الإصحاح يتكلم عن المسيح أقنوم الحكمة\'a1 وهذا هو تفسير كنيستنا الأرثوذكسية لهذا الإصحاح. وفي الإصحاح آيات وعبارات لا يتحقق معناها الكامل إلا في المسيح قوة الله وحكمة الله فهو حكمة الله المشخصة أو المتجسدة ( 1كو1:24 +  لو11:49) وفي ( لو11:49) نرى حكمة الله شخصاً يرسل الأنبياء للعالم.
أمثال,8,17,"الإصحاح الثامن على النقيض من الإصحاح السابق نصل هنا للتأمل في الحكمة ونميز شخص المسيح اللوغوس وراء كلمة الحكمة. المسيح الذي يحاول أن يجذب كل نفس إليه لتترك طريق الجهل وتسلك طريق المعرفة والفهم. نصل في هذا الإصحاح إلى ذروة السلسلة عن الحكمة والحديث عن الحكمة. ونجدها في صورة مخالفة تماماً للمرأة الشريرة\'a1 فهذه أسلوبها ملق مخادع وحبها فاسد يقود للموت. أما الحكمة فهي تنادي بكل جلاء ووقار في الأماكن العامة\'a1 تدعو كل الناس أن يقبلوها وتعلن لهم أن من يقبلها تكون هناك كنوز من نصيبه. ولقد أجمع معظم المفسرين أن هذا الإصحاح يتكلم عن المسيح أقنوم الحكمة\'a1 وهذا هو تفسير كنيستنا الأرثوذكسية لهذا الإصحاح. وفي الإصحاح آيات وعبارات لا يتحقق معناها الكامل إلا في المسيح قوة الله وحكمة الله فهو حكمة الله المشخصة أو المتجسدة ( 1كو1:24 +  لو11:49) وفي ( لو11:49) نرى حكمة الله شخصاً يرسل الأنبياء للعالم.
أمثال,8,18,"الإصحاح الثامن على النقيض من الإصحاح السابق نصل هنا للتأمل في الحكمة ونميز شخص المسيح اللوغوس وراء كلمة الحكمة. المسيح الذي يحاول أن يجذب كل نفس إليه لتترك طريق الجهل وتسلك طريق المعرفة والفهم. نصل في هذا الإصحاح إلى ذروة السلسلة عن الحكمة والحديث عن الحكمة. ونجدها في صورة مخالفة تماماً للمرأة الشريرة\'a1 فهذه أسلوبها ملق مخادع وحبها فاسد يقود للموت. أما الحكمة فهي تنادي بكل جلاء ووقار في الأماكن العامة\'a1 تدعو كل الناس أن يقبلوها وتعلن لهم أن من يقبلها تكون هناك كنوز من نصيبه. ولقد أجمع معظم المفسرين أن هذا الإصحاح يتكلم عن المسيح أقنوم الحكمة\'a1 وهذا هو تفسير كنيستنا الأرثوذكسية لهذا الإصحاح. وفي الإصحاح آيات وعبارات لا يتحقق معناها الكامل إلا في المسيح قوة الله وحكمة الله فهو حكمة الله المشخصة أو المتجسدة ( 1كو1:24 +  لو11:49) وفي ( لو11:49) نرى حكمة الله شخصاً يرسل الأنبياء للعالم.
أمثال,8,19,"الإصحاح الثامن على النقيض من الإصحاح السابق نصل هنا للتأمل في الحكمة ونميز شخص المسيح اللوغوس وراء كلمة الحكمة. المسيح الذي يحاول أن يجذب كل نفس إليه لتترك طريق الجهل وتسلك طريق المعرفة والفهم. نصل في هذا الإصحاح إلى ذروة السلسلة عن الحكمة والحديث عن الحكمة. ونجدها في صورة مخالفة تماماً للمرأة الشريرة\'a1 فهذه أسلوبها ملق مخادع وحبها فاسد يقود للموت. أما الحكمة فهي تنادي بكل جلاء ووقار في الأماكن العامة\'a1 تدعو كل الناس أن يقبلوها وتعلن لهم أن من يقبلها تكون هناك كنوز من نصيبه. ولقد أجمع معظم المفسرين أن هذا الإصحاح يتكلم عن المسيح أقنوم الحكمة\'a1 وهذا هو تفسير كنيستنا الأرثوذكسية لهذا الإصحاح. وفي الإصحاح آيات وعبارات لا يتحقق معناها الكامل إلا في المسيح قوة الله وحكمة الله فهو حكمة الله المشخصة أو المتجسدة ( 1كو1:24 +  لو11:49) وفي ( لو11:49) نرى حكمة الله شخصاً يرسل الأنبياء للعالم.
أمثال,8,20,"الإصحاح الثامن على النقيض من الإصحاح السابق نصل هنا للتأمل في الحكمة ونميز شخص المسيح اللوغوس وراء كلمة الحكمة. المسيح الذي يحاول أن يجذب كل نفس إليه لتترك طريق الجهل وتسلك طريق المعرفة والفهم. نصل في هذا الإصحاح إلى ذروة السلسلة عن الحكمة والحديث عن الحكمة. ونجدها في صورة مخالفة تماماً للمرأة الشريرة\'a1 فهذه أسلوبها ملق مخادع وحبها فاسد يقود للموت. أما الحكمة فهي تنادي بكل جلاء ووقار في الأماكن العامة\'a1 تدعو كل الناس أن يقبلوها وتعلن لهم أن من يقبلها تكون هناك كنوز من نصيبه. ولقد أجمع معظم المفسرين أن هذا الإصحاح يتكلم عن المسيح أقنوم الحكمة\'a1 وهذا هو تفسير كنيستنا الأرثوذكسية لهذا الإصحاح. وفي الإصحاح آيات وعبارات لا يتحقق معناها الكامل إلا في المسيح قوة الله وحكمة الله فهو حكمة الله المشخصة أو المتجسدة ( 1كو1:24 +  لو11:49) وفي ( لو11:49) نرى حكمة الله شخصاً يرسل الأنبياء للعالم.
أمثال,8,21,"الإصحاح الثامن على النقيض من الإصحاح السابق نصل هنا للتأمل في الحكمة ونميز شخص المسيح اللوغوس وراء كلمة الحكمة. المسيح الذي يحاول أن يجذب كل نفس إليه لتترك طريق الجهل وتسلك طريق المعرفة والفهم. نصل في هذا الإصحاح إلى ذروة السلسلة عن الحكمة والحديث عن الحكمة. ونجدها في صورة مخالفة تماماً للمرأة الشريرة\'a1 فهذه أسلوبها ملق مخادع وحبها فاسد يقود للموت. أما الحكمة فهي تنادي بكل جلاء ووقار في الأماكن العامة\'a1 تدعو كل الناس أن يقبلوها وتعلن لهم أن من يقبلها تكون هناك كنوز من نصيبه. ولقد أجمع معظم المفسرين أن هذا الإصحاح يتكلم عن المسيح أقنوم الحكمة\'a1 وهذا هو تفسير كنيستنا الأرثوذكسية لهذا الإصحاح. وفي الإصحاح آيات وعبارات لا يتحقق معناها الكامل إلا في المسيح قوة الله وحكمة الله فهو حكمة الله المشخصة أو المتجسدة ( 1كو1:24 +  لو11:49) وفي ( لو11:49) نرى حكمة الله شخصاً يرسل الأنبياء للعالم.
أمثال,8,22,"الإصحاح الثامن على النقيض من الإصحاح السابق نصل هنا للتأمل في الحكمة ونميز شخص المسيح اللوغوس وراء كلمة الحكمة. المسيح الذي يحاول أن يجذب كل نفس إليه لتترك طريق الجهل وتسلك طريق المعرفة والفهم. نصل في هذا الإصحاح إلى ذروة السلسلة عن الحكمة والحديث عن الحكمة. ونجدها في صورة مخالفة تماماً للمرأة الشريرة\'a1 فهذه أسلوبها ملق مخادع وحبها فاسد يقود للموت. أما الحكمة فهي تنادي بكل جلاء ووقار في الأماكن العامة\'a1 تدعو كل الناس أن يقبلوها وتعلن لهم أن من يقبلها تكون هناك كنوز من نصيبه. ولقد أجمع معظم المفسرين أن هذا الإصحاح يتكلم عن المسيح أقنوم الحكمة\'a1 وهذا هو تفسير كنيستنا الأرثوذكسية لهذا الإصحاح. وفي الإصحاح آيات وعبارات لا يتحقق معناها الكامل إلا في المسيح قوة الله وحكمة الله فهو حكمة الله المشخصة أو المتجسدة ( 1كو1:24 +  لو11:49) وفي ( لو11:49) نرى حكمة الله شخصاً يرسل الأنبياء للعالم.
أمثال,8,23,"الإصحاح الثامن على النقيض من الإصحاح السابق نصل هنا للتأمل في الحكمة ونميز شخص المسيح اللوغوس وراء كلمة الحكمة. المسيح الذي يحاول أن يجذب كل نفس إليه لتترك طريق الجهل وتسلك طريق المعرفة والفهم. نصل في هذا الإصحاح إلى ذروة السلسلة عن الحكمة والحديث عن الحكمة. ونجدها في صورة مخالفة تماماً للمرأة الشريرة\'a1 فهذه أسلوبها ملق مخادع وحبها فاسد يقود للموت. أما الحكمة فهي تنادي بكل جلاء ووقار في الأماكن العامة\'a1 تدعو كل الناس أن يقبلوها وتعلن لهم أن من يقبلها تكون هناك كنوز من نصيبه. ولقد أجمع معظم المفسرين أن هذا الإصحاح يتكلم عن المسيح أقنوم الحكمة\'a1 وهذا هو تفسير كنيستنا الأرثوذكسية لهذا الإصحاح. وفي الإصحاح آيات وعبارات لا يتحقق معناها الكامل إلا في المسيح قوة الله وحكمة الله فهو حكمة الله المشخصة أو المتجسدة ( 1كو1:24 +  لو11:49) وفي ( لو11:49) نرى حكمة الله شخصاً يرسل الأنبياء للعالم.
أمثال,8,24,"الإصحاح الثامن على النقيض من الإصحاح السابق نصل هنا للتأمل في الحكمة ونميز شخص المسيح اللوغوس وراء كلمة الحكمة. المسيح الذي يحاول أن يجذب كل نفس إليه لتترك طريق الجهل وتسلك طريق المعرفة والفهم. نصل في هذا الإصحاح إلى ذروة السلسلة عن الحكمة والحديث عن الحكمة. ونجدها في صورة مخالفة تماماً للمرأة الشريرة\'a1 فهذه أسلوبها ملق مخادع وحبها فاسد يقود للموت. أما الحكمة فهي تنادي بكل جلاء ووقار في الأماكن العامة\'a1 تدعو كل الناس أن يقبلوها وتعلن لهم أن من يقبلها تكون هناك كنوز من نصيبه. ولقد أجمع معظم المفسرين أن هذا الإصحاح يتكلم عن المسيح أقنوم الحكمة\'a1 وهذا هو تفسير كنيستنا الأرثوذكسية لهذا الإصحاح. وفي الإصحاح آيات وعبارات لا يتحقق معناها الكامل إلا في المسيح قوة الله وحكمة الله فهو حكمة الله المشخصة أو المتجسدة ( 1كو1:24 +  لو11:49) وفي ( لو11:49) نرى حكمة الله شخصاً يرسل الأنبياء للعالم.
أمثال,8,25,"الإصحاح الثامن على النقيض من الإصحاح السابق نصل هنا للتأمل في الحكمة ونميز شخص المسيح اللوغوس وراء كلمة الحكمة. المسيح الذي يحاول أن يجذب كل نفس إليه لتترك طريق الجهل وتسلك طريق المعرفة والفهم. نصل في هذا الإصحاح إلى ذروة السلسلة عن الحكمة والحديث عن الحكمة. ونجدها في صورة مخالفة تماماً للمرأة الشريرة\'a1 فهذه أسلوبها ملق مخادع وحبها فاسد يقود للموت. أما الحكمة فهي تنادي بكل جلاء ووقار في الأماكن العامة\'a1 تدعو كل الناس أن يقبلوها وتعلن لهم أن من يقبلها تكون هناك كنوز من نصيبه. ولقد أجمع معظم المفسرين أن هذا الإصحاح يتكلم عن المسيح أقنوم الحكمة\'a1 وهذا هو تفسير كنيستنا الأرثوذكسية لهذا الإصحاح. وفي الإصحاح آيات وعبارات لا يتحقق معناها الكامل إلا في المسيح قوة الله وحكمة الله فهو حكمة الله المشخصة أو المتجسدة ( 1كو1:24 +  لو11:49) وفي ( لو11:49) نرى حكمة الله شخصاً يرسل الأنبياء للعالم.
أمثال,8,26,"الإصحاح الثامن على النقيض من الإصحاح السابق نصل هنا للتأمل في الحكمة ونميز شخص المسيح اللوغوس وراء كلمة الحكمة. المسيح الذي يحاول أن يجذب كل نفس إليه لتترك طريق الجهل وتسلك طريق المعرفة والفهم. نصل في هذا الإصحاح إلى ذروة السلسلة عن الحكمة والحديث عن الحكمة. ونجدها في صورة مخالفة تماماً للمرأة الشريرة\'a1 فهذه أسلوبها ملق مخادع وحبها فاسد يقود للموت. أما الحكمة فهي تنادي بكل جلاء ووقار في الأماكن العامة\'a1 تدعو كل الناس أن يقبلوها وتعلن لهم أن من يقبلها تكون هناك كنوز من نصيبه. ولقد أجمع معظم المفسرين أن هذا الإصحاح يتكلم عن المسيح أقنوم الحكمة\'a1 وهذا هو تفسير كنيستنا الأرثوذكسية لهذا الإصحاح. وفي الإصحاح آيات وعبارات لا يتحقق معناها الكامل إلا في المسيح قوة الله وحكمة الله فهو حكمة الله المشخصة أو المتجسدة ( 1كو1:24 +  لو11:49) وفي ( لو11:49) نرى حكمة الله شخصاً يرسل الأنبياء للعالم.
أمثال,8,27,"الإصحاح الثامن على النقيض من الإصحاح السابق نصل هنا للتأمل في الحكمة ونميز شخص المسيح اللوغوس وراء كلمة الحكمة. المسيح الذي يحاول أن يجذب كل نفس إليه لتترك طريق الجهل وتسلك طريق المعرفة والفهم. نصل في هذا الإصحاح إلى ذروة السلسلة عن الحكمة والحديث عن الحكمة. ونجدها في صورة مخالفة تماماً للمرأة الشريرة\'a1 فهذه أسلوبها ملق مخادع وحبها فاسد يقود للموت. أما الحكمة فهي تنادي بكل جلاء ووقار في الأماكن العامة\'a1 تدعو كل الناس أن يقبلوها وتعلن لهم أن من يقبلها تكون هناك كنوز من نصيبه. ولقد أجمع معظم المفسرين أن هذا الإصحاح يتكلم عن المسيح أقنوم الحكمة\'a1 وهذا هو تفسير كنيستنا الأرثوذكسية لهذا الإصحاح. وفي الإصحاح آيات وعبارات لا يتحقق معناها الكامل إلا في المسيح قوة الله وحكمة الله فهو حكمة الله المشخصة أو المتجسدة ( 1كو1:24 +  لو11:49) وفي ( لو11:49) نرى حكمة الله شخصاً يرسل الأنبياء للعالم.
أمثال,8,28,"الإصحاح الثامن على النقيض من الإصحاح السابق نصل هنا للتأمل في الحكمة ونميز شخص المسيح اللوغوس وراء كلمة الحكمة. المسيح الذي يحاول أن يجذب كل نفس إليه لتترك طريق الجهل وتسلك طريق المعرفة والفهم. نصل في هذا الإصحاح إلى ذروة السلسلة عن الحكمة والحديث عن الحكمة. ونجدها في صورة مخالفة تماماً للمرأة الشريرة\'a1 فهذه أسلوبها ملق مخادع وحبها فاسد يقود للموت. أما الحكمة فهي تنادي بكل جلاء ووقار في الأماكن العامة\'a1 تدعو كل الناس أن يقبلوها وتعلن لهم أن من يقبلها تكون هناك كنوز من نصيبه. ولقد أجمع معظم المفسرين أن هذا الإصحاح يتكلم عن المسيح أقنوم الحكمة\'a1 وهذا هو تفسير كنيستنا الأرثوذكسية لهذا الإصحاح. وفي الإصحاح آيات وعبارات لا يتحقق معناها الكامل إلا في المسيح قوة الله وحكمة الله فهو حكمة الله المشخصة أو المتجسدة ( 1كو1:24 +  لو11:49) وفي ( لو11:49) نرى حكمة الله شخصاً يرسل الأنبياء للعالم.
أمثال,8,29,"الإصحاح الثامن على النقيض من الإصحاح السابق نصل هنا للتأمل في الحكمة ونميز شخص المسيح اللوغوس وراء كلمة الحكمة. المسيح الذي يحاول أن يجذب كل نفس إليه لتترك طريق الجهل وتسلك طريق المعرفة والفهم. نصل في هذا الإصحاح إلى ذروة السلسلة عن الحكمة والحديث عن الحكمة. ونجدها في صورة مخالفة تماماً للمرأة الشريرة\'a1 فهذه أسلوبها ملق مخادع وحبها فاسد يقود للموت. أما الحكمة فهي تنادي بكل جلاء ووقار في الأماكن العامة\'a1 تدعو كل الناس أن يقبلوها وتعلن لهم أن من يقبلها تكون هناك كنوز من نصيبه. ولقد أجمع معظم المفسرين أن هذا الإصحاح يتكلم عن المسيح أقنوم الحكمة\'a1 وهذا هو تفسير كنيستنا الأرثوذكسية لهذا الإصحاح. وفي الإصحاح آيات وعبارات لا يتحقق معناها الكامل إلا في المسيح قوة الله وحكمة الله فهو حكمة الله المشخصة أو المتجسدة ( 1كو1:24 +  لو11:49) وفي ( لو11:49) نرى حكمة الله شخصاً يرسل الأنبياء للعالم.
أمثال,8,30,"الإصحاح الثامن على النقيض من الإصحاح السابق نصل هنا للتأمل في الحكمة ونميز شخص المسيح اللوغوس وراء كلمة الحكمة. المسيح الذي يحاول أن يجذب كل نفس إليه لتترك طريق الجهل وتسلك طريق المعرفة والفهم. نصل في هذا الإصحاح إلى ذروة السلسلة عن الحكمة والحديث عن الحكمة. ونجدها في صورة مخالفة تماماً للمرأة الشريرة\'a1 فهذه أسلوبها ملق مخادع وحبها فاسد يقود للموت. أما الحكمة فهي تنادي بكل جلاء ووقار في الأماكن العامة\'a1 تدعو كل الناس أن يقبلوها وتعلن لهم أن من يقبلها تكون هناك كنوز من نصيبه. ولقد أجمع معظم المفسرين أن هذا الإصحاح يتكلم عن المسيح أقنوم الحكمة\'a1 وهذا هو تفسير كنيستنا الأرثوذكسية لهذا الإصحاح. وفي الإصحاح آيات وعبارات لا يتحقق معناها الكامل إلا في المسيح قوة الله وحكمة الله فهو حكمة الله المشخصة أو المتجسدة ( 1كو1:24 +  لو11:49) وفي ( لو11:49) نرى حكمة الله شخصاً يرسل الأنبياء للعالم.
أمثال,8,31,"الإصحاح الثامن على النقيض من الإصحاح السابق نصل هنا للتأمل في الحكمة ونميز شخص المسيح اللوغوس وراء كلمة الحكمة. المسيح الذي يحاول أن يجذب كل نفس إليه لتترك طريق الجهل وتسلك طريق المعرفة والفهم. نصل في هذا الإصحاح إلى ذروة السلسلة عن الحكمة والحديث عن الحكمة. ونجدها في صورة مخالفة تماماً للمرأة الشريرة\'a1 فهذه أسلوبها ملق مخادع وحبها فاسد يقود للموت. أما الحكمة فهي تنادي بكل جلاء ووقار في الأماكن العامة\'a1 تدعو كل الناس أن يقبلوها وتعلن لهم أن من يقبلها تكون هناك كنوز من نصيبه. ولقد أجمع معظم المفسرين أن هذا الإصحاح يتكلم عن المسيح أقنوم الحكمة\'a1 وهذا هو تفسير كنيستنا الأرثوذكسية لهذا الإصحاح. وفي الإصحاح آيات وعبارات لا يتحقق معناها الكامل إلا في المسيح قوة الله وحكمة الله فهو حكمة الله المشخصة أو المتجسدة ( 1كو1:24 +  لو11:49) وفي ( لو11:49) نرى حكمة الله شخصاً يرسل الأنبياء للعالم.
أمثال,8,32,"الإصحاح الثامن على النقيض من الإصحاح السابق نصل هنا للتأمل في الحكمة ونميز شخص المسيح اللوغوس وراء كلمة الحكمة. المسيح الذي يحاول أن يجذب كل نفس إليه لتترك طريق الجهل وتسلك طريق المعرفة والفهم. نصل في هذا الإصحاح إلى ذروة السلسلة عن الحكمة والحديث عن الحكمة. ونجدها في صورة مخالفة تماماً للمرأة الشريرة\'a1 فهذه أسلوبها ملق مخادع وحبها فاسد يقود للموت. أما الحكمة فهي تنادي بكل جلاء ووقار في الأماكن العامة\'a1 تدعو كل الناس أن يقبلوها وتعلن لهم أن من يقبلها تكون هناك كنوز من نصيبه. ولقد أجمع معظم المفسرين أن هذا الإصحاح يتكلم عن المسيح أقنوم الحكمة\'a1 وهذا هو تفسير كنيستنا الأرثوذكسية لهذا الإصحاح. وفي الإصحاح آيات وعبارات لا يتحقق معناها الكامل إلا في المسيح قوة الله وحكمة الله فهو حكمة الله المشخصة أو المتجسدة ( 1كو1:24 +  لو11:49) وفي ( لو11:49) نرى حكمة الله شخصاً يرسل الأنبياء للعالم.
أمثال,8,33,"الإصحاح الثامن على النقيض من الإصحاح السابق نصل هنا للتأمل في الحكمة ونميز شخص المسيح اللوغوس وراء كلمة الحكمة. المسيح الذي يحاول أن يجذب كل نفس إليه لتترك طريق الجهل وتسلك طريق المعرفة والفهم. نصل في هذا الإصحاح إلى ذروة السلسلة عن الحكمة والحديث عن الحكمة. ونجدها في صورة مخالفة تماماً للمرأة الشريرة\'a1 فهذه أسلوبها ملق مخادع وحبها فاسد يقود للموت. أما الحكمة فهي تنادي بكل جلاء ووقار في الأماكن العامة\'a1 تدعو كل الناس أن يقبلوها وتعلن لهم أن من يقبلها تكون هناك كنوز من نصيبه. ولقد أجمع معظم المفسرين أن هذا الإصحاح يتكلم عن المسيح أقنوم الحكمة\'a1 وهذا هو تفسير كنيستنا الأرثوذكسية لهذا الإصحاح. وفي الإصحاح آيات وعبارات لا يتحقق معناها الكامل إلا في المسيح قوة الله وحكمة الله فهو حكمة الله المشخصة أو المتجسدة ( 1كو1:24 +  لو11:49) وفي ( لو11:49) نرى حكمة الله شخصاً يرسل الأنبياء للعالم.
أمثال,8,34,"الإصحاح الثامن على النقيض من الإصحاح السابق نصل هنا للتأمل في الحكمة ونميز شخص المسيح اللوغوس وراء كلمة الحكمة. المسيح الذي يحاول أن يجذب كل نفس إليه لتترك طريق الجهل وتسلك طريق المعرفة والفهم. نصل في هذا الإصحاح إلى ذروة السلسلة عن الحكمة والحديث عن الحكمة. ونجدها في صورة مخالفة تماماً للمرأة الشريرة\'a1 فهذه أسلوبها ملق مخادع وحبها فاسد يقود للموت. أما الحكمة فهي تنادي بكل جلاء ووقار في الأماكن العامة\'a1 تدعو كل الناس أن يقبلوها وتعلن لهم أن من يقبلها تكون هناك كنوز من نصيبه. ولقد أجمع معظم المفسرين أن هذا الإصحاح يتكلم عن المسيح أقنوم الحكمة\'a1 وهذا هو تفسير كنيستنا الأرثوذكسية لهذا الإصحاح. وفي الإصحاح آيات وعبارات لا يتحقق معناها الكامل إلا في المسيح قوة الله وحكمة الله فهو حكمة الله المشخصة أو المتجسدة ( 1كو1:24 +  لو11:49) وفي ( لو11:49) نرى حكمة الله شخصاً يرسل الأنبياء للعالم.
أمثال,8,35,"الإصحاح الثامن على النقيض من الإصحاح السابق نصل هنا للتأمل في الحكمة ونميز شخص المسيح اللوغوس وراء كلمة الحكمة. المسيح الذي يحاول أن يجذب كل نفس إليه لتترك طريق الجهل وتسلك طريق المعرفة والفهم. نصل في هذا الإصحاح إلى ذروة السلسلة عن الحكمة والحديث عن الحكمة. ونجدها في صورة مخالفة تماماً للمرأة الشريرة\'a1 فهذه أسلوبها ملق مخادع وحبها فاسد يقود للموت. أما الحكمة فهي تنادي بكل جلاء ووقار في الأماكن العامة\'a1 تدعو كل الناس أن يقبلوها وتعلن لهم أن من يقبلها تكون هناك كنوز من نصيبه. ولقد أجمع معظم المفسرين أن هذا الإصحاح يتكلم عن المسيح أقنوم الحكمة\'a1 وهذا هو تفسير كنيستنا الأرثوذكسية لهذا الإصحاح. وفي الإصحاح آيات وعبارات لا يتحقق معناها الكامل إلا في المسيح قوة الله وحكمة الله فهو حكمة الله المشخصة أو المتجسدة ( 1كو1:24 +  لو11:49) وفي ( لو11:49) نرى حكمة الله شخصاً يرسل الأنبياء للعالم.
أمثال,8,36,"الإصحاح الثامن على النقيض من الإصحاح السابق نصل هنا للتأمل في الحكمة ونميز شخص المسيح اللوغوس وراء كلمة الحكمة. المسيح الذي يحاول أن يجذب كل نفس إليه لتترك طريق الجهل وتسلك طريق المعرفة والفهم. نصل في هذا الإصحاح إلى ذروة السلسلة عن الحكمة والحديث عن الحكمة. ونجدها في صورة مخالفة تماماً للمرأة الشريرة\'a1 فهذه أسلوبها ملق مخادع وحبها فاسد يقود للموت. أما الحكمة فهي تنادي بكل جلاء ووقار في الأماكن العامة\'a1 تدعو كل الناس أن يقبلوها وتعلن لهم أن من يقبلها تكون هناك كنوز من نصيبه. ولقد أجمع معظم المفسرين أن هذا الإصحاح يتكلم عن المسيح أقنوم الحكمة\'a1 وهذا هو تفسير كنيستنا الأرثوذكسية لهذا الإصحاح. وفي الإصحاح آيات وعبارات لا يتحقق معناها الكامل إلا في المسيح قوة الله وحكمة الله فهو حكمة الله المشخصة أو المتجسدة ( 1كو1:24 +  لو11:49) وفي ( لو11:49) نرى حكمة الله شخصاً يرسل الأنبياء للعالم.
أمثال,8,37,"الإصحاح الثامن على النقيض من الإصحاح السابق نصل هنا للتأمل في الحكمة ونميز شخص المسيح اللوغوس وراء كلمة الحكمة. المسيح الذي يحاول أن يجذب كل نفس إليه لتترك طريق الجهل وتسلك طريق المعرفة والفهم. نصل في هذا الإصحاح إلى ذروة السلسلة عن الحكمة والحديث عن الحكمة. ونجدها في صورة مخالفة تماماً للمرأة الشريرة\'a1 فهذه أسلوبها ملق مخادع وحبها فاسد يقود للموت. أما الحكمة فهي تنادي بكل جلاء ووقار في الأماكن العامة\'a1 تدعو كل الناس أن يقبلوها وتعلن لهم أن من يقبلها تكون هناك كنوز من نصيبه. ولقد أجمع معظم المفسرين أن هذا الإصحاح يتكلم عن المسيح أقنوم الحكمة\'a1 وهذا هو تفسير كنيستنا الأرثوذكسية لهذا الإصحاح. وفي الإصحاح آيات وعبارات لا يتحقق معناها الكامل إلا في المسيح قوة الله وحكمة الله فهو حكمة الله المشخصة أو المتجسدة ( 1كو1:24 +  لو11:49) وفي ( لو11:49) نرى حكمة الله شخصاً يرسل الأنبياء للعالم.
أمثال,8,38,"الإصحاح الثامن على النقيض من الإصحاح السابق نصل هنا للتأمل في الحكمة ونميز شخص المسيح اللوغوس وراء كلمة الحكمة. المسيح الذي يحاول أن يجذب كل نفس إليه لتترك طريق الجهل وتسلك طريق المعرفة والفهم. نصل في هذا الإصحاح إلى ذروة السلسلة عن الحكمة والحديث عن الحكمة. ونجدها في صورة مخالفة تماماً للمرأة الشريرة\'a1 فهذه أسلوبها ملق مخادع وحبها فاسد يقود للموت. أما الحكمة فهي تنادي بكل جلاء ووقار في الأماكن العامة\'a1 تدعو كل الناس أن يقبلوها وتعلن لهم أن من يقبلها تكون هناك كنوز من نصيبه. ولقد أجمع معظم المفسرين أن هذا الإصحاح يتكلم عن المسيح أقنوم الحكمة\'a1 وهذا هو تفسير كنيستنا الأرثوذكسية لهذا الإصحاح. وفي الإصحاح آيات وعبارات لا يتحقق معناها الكامل إلا في المسيح قوة الله وحكمة الله فهو حكمة الله المشخصة أو المتجسدة ( 1كو1:24 +  لو11:49) وفي ( لو11:49) نرى حكمة الله شخصاً يرسل الأنبياء للعالم.
أمثال,8,39,"الإصحاح الثامن على النقيض من الإصحاح السابق نصل هنا للتأمل في الحكمة ونميز شخص المسيح اللوغوس وراء كلمة الحكمة. المسيح الذي يحاول أن يجذب كل نفس إليه لتترك طريق الجهل وتسلك طريق المعرفة والفهم. نصل في هذا الإصحاح إلى ذروة السلسلة عن الحكمة والحديث عن الحكمة. ونجدها في صورة مخالفة تماماً للمرأة الشريرة\'a1 فهذه أسلوبها ملق مخادع وحبها فاسد يقود للموت. أما الحكمة فهي تنادي بكل جلاء ووقار في الأماكن العامة\'a1 تدعو كل الناس أن يقبلوها وتعلن لهم أن من يقبلها تكون هناك كنوز من نصيبه. ولقد أجمع معظم المفسرين أن هذا الإصحاح يتكلم عن المسيح أقنوم الحكمة\'a1 وهذا هو تفسير كنيستنا الأرثوذكسية لهذا الإصحاح. وفي الإصحاح آيات وعبارات لا يتحقق معناها الكامل إلا في المسيح قوة الله وحكمة الله فهو حكمة الله المشخصة أو المتجسدة ( 1كو1:24 +  لو11:49) وفي ( لو11:49) نرى حكمة الله شخصاً يرسل الأنبياء للعالم.
أمثال,8,40,"الإصحاح الثامن على النقيض من الإصحاح السابق نصل هنا للتأمل في الحكمة ونميز شخص المسيح اللوغوس وراء كلمة الحكمة. المسيح الذي يحاول أن يجذب كل نفس إليه لتترك طريق الجهل وتسلك طريق المعرفة والفهم. نصل في هذا الإصحاح إلى ذروة السلسلة عن الحكمة والحديث عن الحكمة. ونجدها في صورة مخالفة تماماً للمرأة الشريرة\'a1 فهذه أسلوبها ملق مخادع وحبها فاسد يقود للموت. أما الحكمة فهي تنادي بكل جلاء ووقار في الأماكن العامة\'a1 تدعو كل الناس أن يقبلوها وتعلن لهم أن من يقبلها تكون هناك كنوز من نصيبه. ولقد أجمع معظم المفسرين أن هذا الإصحاح يتكلم عن المسيح أقنوم الحكمة\'a1 وهذا هو تفسير كنيستنا الأرثوذكسية لهذا الإصحاح. وفي الإصحاح آيات وعبارات لا يتحقق معناها الكامل إلا في المسيح قوة الله وحكمة الله فهو حكمة الله المشخصة أو المتجسدة ( 1كو1:24 +  لو11:49) وفي ( لو11:49) نرى حكمة الله شخصاً يرسل الأنبياء للعالم.
أمثال,8,41,"الإصحاح الثامن على النقيض من الإصحاح السابق نصل هنا للتأمل في الحكمة ونميز شخص المسيح اللوغوس وراء كلمة الحكمة. المسيح الذي يحاول أن يجذب كل نفس إليه لتترك طريق الجهل وتسلك طريق المعرفة والفهم. نصل في هذا الإصحاح إلى ذروة السلسلة عن الحكمة والحديث عن الحكمة. ونجدها في صورة مخالفة تماماً للمرأة الشريرة\'a1 فهذه أسلوبها ملق مخادع وحبها فاسد يقود للموت. أما الحكمة فهي تنادي بكل جلاء ووقار في الأماكن العامة\'a1 تدعو كل الناس أن يقبلوها وتعلن لهم أن من يقبلها تكون هناك كنوز من نصيبه. ولقد أجمع معظم المفسرين أن هذا الإصحاح يتكلم عن المسيح أقنوم الحكمة\'a1 وهذا هو تفسير كنيستنا الأرثوذكسية لهذا الإصحاح. وفي الإصحاح آيات وعبارات لا يتحقق معناها الكامل إلا في المسيح قوة الله وحكمة الله فهو حكمة الله المشخصة أو المتجسدة ( 1كو1:24 +  لو11:49) وفي ( لو11:49) نرى حكمة الله شخصاً يرسل الأنبياء للعالم.
أمثال,8,42,"الإصحاح الثامن على النقيض من الإصحاح السابق نصل هنا للتأمل في الحكمة ونميز شخص المسيح اللوغوس وراء كلمة الحكمة. المسيح الذي يحاول أن يجذب كل نفس إليه لتترك طريق الجهل وتسلك طريق المعرفة والفهم. نصل في هذا الإصحاح إلى ذروة السلسلة عن الحكمة والحديث عن الحكمة. ونجدها في صورة مخالفة تماماً للمرأة الشريرة\'a1 فهذه أسلوبها ملق مخادع وحبها فاسد يقود للموت. أما الحكمة فهي تنادي بكل جلاء ووقار في الأماكن العامة\'a1 تدعو كل الناس أن يقبلوها وتعلن لهم أن من يقبلها تكون هناك كنوز من نصيبه. ولقد أجمع معظم المفسرين أن هذا الإصحاح يتكلم عن المسيح أقنوم الحكمة\'a1 وهذا هو تفسير كنيستنا الأرثوذكسية لهذا الإصحاح. وفي الإصحاح آيات وعبارات لا يتحقق معناها الكامل إلا في المسيح قوة الله وحكمة الله فهو حكمة الله المشخصة أو المتجسدة ( 1كو1:24 +  لو11:49) وفي ( لو11:49) نرى حكمة الله شخصاً يرسل الأنبياء للعالم.
أمثال,8,43,"الإصحاح الثامن على النقيض من الإصحاح السابق نصل هنا للتأمل في الحكمة ونميز شخص المسيح اللوغوس وراء كلمة الحكمة. المسيح الذي يحاول أن يجذب كل نفس إليه لتترك طريق الجهل وتسلك طريق المعرفة والفهم. نصل في هذا الإصحاح إلى ذروة السلسلة عن الحكمة والحديث عن الحكمة. ونجدها في صورة مخالفة تماماً للمرأة الشريرة\'a1 فهذه أسلوبها ملق مخادع وحبها فاسد يقود للموت. أما الحكمة فهي تنادي بكل جلاء ووقار في الأماكن العامة\'a1 تدعو كل الناس أن يقبلوها وتعلن لهم أن من يقبلها تكون هناك كنوز من نصيبه. ولقد أجمع معظم المفسرين أن هذا الإصحاح يتكلم عن المسيح أقنوم الحكمة\'a1 وهذا هو تفسير كنيستنا الأرثوذكسية لهذا الإصحاح. وفي الإصحاح آيات وعبارات لا يتحقق معناها الكامل إلا في المسيح قوة الله وحكمة الله فهو حكمة الله المشخصة أو المتجسدة ( 1كو1:24 +  لو11:49) وفي ( لو11:49) نرى حكمة الله شخصاً يرسل الأنبياء للعالم.
أمثال,8,44,"الإصحاح الثامن على النقيض من الإصحاح السابق نصل هنا للتأمل في الحكمة ونميز شخص المسيح اللوغوس وراء كلمة الحكمة. المسيح الذي يحاول أن يجذب كل نفس إليه لتترك طريق الجهل وتسلك طريق المعرفة والفهم. نصل في هذا الإصحاح إلى ذروة السلسلة عن الحكمة والحديث عن الحكمة. ونجدها في صورة مخالفة تماماً للمرأة الشريرة\'a1 فهذه أسلوبها ملق مخادع وحبها فاسد يقود للموت. أما الحكمة فهي تنادي بكل جلاء ووقار في الأماكن العامة\'a1 تدعو كل الناس أن يقبلوها وتعلن لهم أن من يقبلها تكون هناك كنوز من نصيبه. ولقد أجمع معظم المفسرين أن هذا الإصحاح يتكلم عن المسيح أقنوم الحكمة\'a1 وهذا هو تفسير كنيستنا الأرثوذكسية لهذا الإصحاح. وفي الإصحاح آيات وعبارات لا يتحقق معناها الكامل إلا في المسيح قوة الله وحكمة الله فهو حكمة الله المشخصة أو المتجسدة ( 1كو1:24 +  لو11:49) وفي ( لو11:49) نرى حكمة الله شخصاً يرسل الأنبياء للعالم.
أمثال,8,45,"الإصحاح الثامن على النقيض من الإصحاح السابق نصل هنا للتأمل في الحكمة ونميز شخص المسيح اللوغوس وراء كلمة الحكمة. المسيح الذي يحاول أن يجذب كل نفس إليه لتترك طريق الجهل وتسلك طريق المعرفة والفهم. نصل في هذا الإصحاح إلى ذروة السلسلة عن الحكمة والحديث عن الحكمة. ونجدها في صورة مخالفة تماماً للمرأة الشريرة\'a1 فهذه أسلوبها ملق مخادع وحبها فاسد يقود للموت. أما الحكمة فهي تنادي بكل جلاء ووقار في الأماكن العامة\'a1 تدعو كل الناس أن يقبلوها وتعلن لهم أن من يقبلها تكون هناك كنوز من نصيبه. ولقد أجمع معظم المفسرين أن هذا الإصحاح يتكلم عن المسيح أقنوم الحكمة\'a1 وهذا هو تفسير كنيستنا الأرثوذكسية لهذا الإصحاح. وفي الإصحاح آيات وعبارات لا يتحقق معناها الكامل إلا في المسيح قوة الله وحكمة الله فهو حكمة الله المشخصة أو المتجسدة ( 1كو1:24 +  لو11:49) وفي ( لو11:49) نرى حكمة الله شخصاً يرسل الأنبياء للعالم.
أمثال,8,46,"الإصحاح الثامن على النقيض من الإصحاح السابق نصل هنا للتأمل في الحكمة ونميز شخص المسيح اللوغوس وراء كلمة الحكمة. المسيح الذي يحاول أن يجذب كل نفس إليه لتترك طريق الجهل وتسلك طريق المعرفة والفهم. نصل في هذا الإصحاح إلى ذروة السلسلة عن الحكمة والحديث عن الحكمة. ونجدها في صورة مخالفة تماماً للمرأة الشريرة\'a1 فهذه أسلوبها ملق مخادع وحبها فاسد يقود للموت. أما الحكمة فهي تنادي بكل جلاء ووقار في الأماكن العامة\'a1 تدعو كل الناس أن يقبلوها وتعلن لهم أن من يقبلها تكون هناك كنوز من نصيبه. ولقد أجمع معظم المفسرين أن هذا الإصحاح يتكلم عن المسيح أقنوم الحكمة\'a1 وهذا هو تفسير كنيستنا الأرثوذكسية لهذا الإصحاح. وفي الإصحاح آيات وعبارات لا يتحقق معناها الكامل إلا في المسيح قوة الله وحكمة الله فهو حكمة الله المشخصة أو المتجسدة ( 1كو1:24 +  لو11:49) وفي ( لو11:49) نرى حكمة الله شخصاً يرسل الأنبياء للعالم.
أمثال,8,47,"الإصحاح الثامن على النقيض من الإصحاح السابق نصل هنا للتأمل في الحكمة ونميز شخص المسيح اللوغوس وراء كلمة الحكمة. المسيح الذي يحاول أن يجذب كل نفس إليه لتترك طريق الجهل وتسلك طريق المعرفة والفهم. نصل في هذا الإصحاح إلى ذروة السلسلة عن الحكمة والحديث عن الحكمة. ونجدها في صورة مخالفة تماماً للمرأة الشريرة\'a1 فهذه أسلوبها ملق مخادع وحبها فاسد يقود للموت. أما الحكمة فهي تنادي بكل جلاء ووقار في الأماكن العامة\'a1 تدعو كل الناس أن يقبلوها وتعلن لهم أن من يقبلها تكون هناك كنوز من نصيبه. ولقد أجمع معظم المفسرين أن هذا الإصحاح يتكلم عن المسيح أقنوم الحكمة\'a1 وهذا هو تفسير كنيستنا الأرثوذكسية لهذا الإصحاح. وفي الإصحاح آيات وعبارات لا يتحقق معناها الكامل إلا في المسيح قوة الله وحكمة الله فهو حكمة الله المشخصة أو المتجسدة ( 1كو1:24 +  لو11:49) وفي ( لو11:49) نرى حكمة الله شخصاً يرسل الأنبياء للعالم.
أمثال,8,48,"الإصحاح الثامن على النقيض من الإصحاح السابق نصل هنا للتأمل في الحكمة ونميز شخص المسيح اللوغوس وراء كلمة الحكمة. المسيح الذي يحاول أن يجذب كل نفس إليه لتترك طريق الجهل وتسلك طريق المعرفة والفهم. نصل في هذا الإصحاح إلى ذروة السلسلة عن الحكمة والحديث عن الحكمة. ونجدها في صورة مخالفة تماماً للمرأة الشريرة\'a1 فهذه أسلوبها ملق مخادع وحبها فاسد يقود للموت. أما الحكمة فهي تنادي بكل جلاء ووقار في الأماكن العامة\'a1 تدعو كل الناس أن يقبلوها وتعلن لهم أن من يقبلها تكون هناك كنوز من نصيبه. ولقد أجمع معظم المفسرين أن هذا الإصحاح يتكلم عن المسيح أقنوم الحكمة\'a1 وهذا هو تفسير كنيستنا الأرثوذكسية لهذا الإصحاح. وفي الإصحاح آيات وعبارات لا يتحقق معناها الكامل إلا في المسيح قوة الله وحكمة الله فهو حكمة الله المشخصة أو المتجسدة ( 1كو1:24 +  لو11:49) وفي ( لو11:49) نرى حكمة الله شخصاً يرسل الأنبياء للعالم.
أمثال,8,49,"الإصحاح الثامن على النقيض من الإصحاح السابق نصل هنا للتأمل في الحكمة ونميز شخص المسيح اللوغوس وراء كلمة الحكمة. المسيح الذي يحاول أن يجذب كل نفس إليه لتترك طريق الجهل وتسلك طريق المعرفة والفهم. نصل في هذا الإصحاح إلى ذروة السلسلة عن الحكمة والحديث عن الحكمة. ونجدها في صورة مخالفة تماماً للمرأة الشريرة\'a1 فهذه أسلوبها ملق مخادع وحبها فاسد يقود للموت. أما الحكمة فهي تنادي بكل جلاء ووقار في الأماكن العامة\'a1 تدعو كل الناس أن يقبلوها وتعلن لهم أن من يقبلها تكون هناك كنوز من نصيبه. ولقد أجمع معظم المفسرين أن هذا الإصحاح يتكلم عن المسيح أقنوم الحكمة\'a1 وهذا هو تفسير كنيستنا الأرثوذكسية لهذا الإصحاح. وفي الإصحاح آيات وعبارات لا يتحقق معناها الكامل إلا في المسيح قوة الله وحكمة الله فهو حكمة الله المشخصة أو المتجسدة ( 1كو1:24 +  لو11:49) وفي ( لو11:49) نرى حكمة الله شخصاً يرسل الأنبياء للعالم.
أمثال,8,50,"الإصحاح الثامن على النقيض من الإصحاح السابق نصل هنا للتأمل في الحكمة ونميز شخص المسيح اللوغوس وراء كلمة الحكمة. المسيح الذي يحاول أن يجذب كل نفس إليه لتترك طريق الجهل وتسلك طريق المعرفة والفهم. نصل في هذا الإصحاح إلى ذروة السلسلة عن الحكمة والحديث عن الحكمة. ونجدها في صورة مخالفة تماماً للمرأة الشريرة\'a1 فهذه أسلوبها ملق مخادع وحبها فاسد يقود للموت. أما الحكمة فهي تنادي بكل جلاء ووقار في الأماكن العامة\'a1 تدعو كل الناس أن يقبلوها وتعلن لهم أن من يقبلها تكون هناك كنوز من نصيبه. ولقد أجمع معظم المفسرين أن هذا الإصحاح يتكلم عن المسيح أقنوم الحكمة\'a1 وهذا هو تفسير كنيستنا الأرثوذكسية لهذا الإصحاح. وفي الإصحاح آيات وعبارات لا يتحقق معناها الكامل إلا في المسيح قوة الله وحكمة الله فهو حكمة الله المشخصة أو المتجسدة ( 1كو1:24 +  لو11:49) وفي ( لو11:49) نرى حكمة الله شخصاً يرسل الأنبياء للعالم.
أمثال,8,51,"الإصحاح الثامن على النقيض من الإصحاح السابق نصل هنا للتأمل في الحكمة ونميز شخص المسيح اللوغوس وراء كلمة الحكمة. المسيح الذي يحاول أن يجذب كل نفس إليه لتترك طريق الجهل وتسلك طريق المعرفة والفهم. نصل في هذا الإصحاح إلى ذروة السلسلة عن الحكمة والحديث عن الحكمة. ونجدها في صورة مخالفة تماماً للمرأة الشريرة\'a1 فهذه أسلوبها ملق مخادع وحبها فاسد يقود للموت. أما الحكمة فهي تنادي بكل جلاء ووقار في الأماكن العامة\'a1 تدعو كل الناس أن يقبلوها وتعلن لهم أن من يقبلها تكون هناك كنوز من نصيبه. ولقد أجمع معظم المفسرين أن هذا الإصحاح يتكلم عن المسيح أقنوم الحكمة\'a1 وهذا هو تفسير كنيستنا الأرثوذكسية لهذا الإصحاح. وفي الإصحاح آيات وعبارات لا يتحقق معناها الكامل إلا في المسيح قوة الله وحكمة الله فهو حكمة الله المشخصة أو المتجسدة ( 1كو1:24 +  لو11:49) وفي ( لو11:49) نرى حكمة الله شخصاً يرسل الأنبياء للعالم.
أمثال,8,52,"الإصحاح الثامن على النقيض من الإصحاح السابق نصل هنا للتأمل في الحكمة ونميز شخص المسيح اللوغوس وراء كلمة الحكمة. المسيح الذي يحاول أن يجذب كل نفس إليه لتترك طريق الجهل وتسلك طريق المعرفة والفهم. نصل في هذا الإصحاح إلى ذروة السلسلة عن الحكمة والحديث عن الحكمة. ونجدها في صورة مخالفة تماماً للمرأة الشريرة\'a1 فهذه أسلوبها ملق مخادع وحبها فاسد يقود للموت. أما الحكمة فهي تنادي بكل جلاء ووقار في الأماكن العامة\'a1 تدعو كل الناس أن يقبلوها وتعلن لهم أن من يقبلها تكون هناك كنوز من نصيبه. ولقد أجمع معظم المفسرين أن هذا الإصحاح يتكلم عن المسيح أقنوم الحكمة\'a1 وهذا هو تفسير كنيستنا الأرثوذكسية لهذا الإصحاح. وفي الإصحاح آيات وعبارات لا يتحقق معناها الكامل إلا في المسيح قوة الله وحكمة الله فهو حكمة الله المشخصة أو المتجسدة ( 1كو1:24 +  لو11:49) وفي ( لو11:49) نرى حكمة الله شخصاً يرسل الأنبياء للعالم.
أمثال,8,53,"الإصحاح الثامن على النقيض من الإصحاح السابق نصل هنا للتأمل في الحكمة ونميز شخص المسيح اللوغوس وراء كلمة الحكمة. المسيح الذي يحاول أن يجذب كل نفس إليه لتترك طريق الجهل وتسلك طريق المعرفة والفهم. نصل في هذا الإصحاح إلى ذروة السلسلة عن الحكمة والحديث عن الحكمة. ونجدها في صورة مخالفة تماماً للمرأة الشريرة\'a1 فهذه أسلوبها ملق مخادع وحبها فاسد يقود للموت. أما الحكمة فهي تنادي بكل جلاء ووقار في الأماكن العامة\'a1 تدعو كل الناس أن يقبلوها وتعلن لهم أن من يقبلها تكون هناك كنوز من نصيبه. ولقد أجمع معظم المفسرين أن هذا الإصحاح يتكلم عن المسيح أقنوم الحكمة\'a1 وهذا هو تفسير كنيستنا الأرثوذكسية لهذا الإصحاح. وفي الإصحاح آيات وعبارات لا يتحقق معناها الكامل إلا في المسيح قوة الله وحكمة الله فهو حكمة الله المشخصة أو المتجسدة ( 1كو1:24 +  لو11:49) وفي ( لو11:49) نرى حكمة الله شخصاً يرسل الأنبياء للعالم.
أمثال,8,54,"الإصحاح الثامن على النقيض من الإصحاح السابق نصل هنا للتأمل في الحكمة ونميز شخص المسيح اللوغوس وراء كلمة الحكمة. المسيح الذي يحاول أن يجذب كل نفس إليه لتترك طريق الجهل وتسلك طريق المعرفة والفهم. نصل في هذا الإصحاح إلى ذروة السلسلة عن الحكمة والحديث عن الحكمة. ونجدها في صورة مخالفة تماماً للمرأة الشريرة\'a1 فهذه أسلوبها ملق مخادع وحبها فاسد يقود للموت. أما الحكمة فهي تنادي بكل جلاء ووقار في الأماكن العامة\'a1 تدعو كل الناس أن يقبلوها وتعلن لهم أن من يقبلها تكون هناك كنوز من نصيبه. ولقد أجمع معظم المفسرين أن هذا الإصحاح يتكلم عن المسيح أقنوم الحكمة\'a1 وهذا هو تفسير كنيستنا الأرثوذكسية لهذا الإصحاح. وفي الإصحاح آيات وعبارات لا يتحقق معناها الكامل إلا في المسيح قوة الله وحكمة الله فهو حكمة الله المشخصة أو المتجسدة ( 1كو1:24 +  لو11:49) وفي ( لو11:49) نرى حكمة الله شخصاً يرسل الأنبياء للعالم.
أمثال,8,55,"الإصحاح الثامن على النقيض من الإصحاح السابق نصل هنا للتأمل في الحكمة ونميز شخص المسيح اللوغوس وراء كلمة الحكمة. المسيح الذي يحاول أن يجذب كل نفس إليه لتترك طريق الجهل وتسلك طريق المعرفة والفهم. نصل في هذا الإصحاح إلى ذروة السلسلة عن الحكمة والحديث عن الحكمة. ونجدها في صورة مخالفة تماماً للمرأة الشريرة\'a1 فهذه أسلوبها ملق مخادع وحبها فاسد يقود للموت. أما الحكمة فهي تنادي بكل جلاء ووقار في الأماكن العامة\'a1 تدعو كل الناس أن يقبلوها وتعلن لهم أن من يقبلها تكون هناك كنوز من نصيبه. ولقد أجمع معظم المفسرين أن هذا الإصحاح يتكلم عن المسيح أقنوم الحكمة\'a1 وهذا هو تفسير كنيستنا الأرثوذكسية لهذا الإصحاح. وفي الإصحاح آيات وعبارات لا يتحقق معناها الكامل إلا في المسيح قوة الله وحكمة الله فهو حكمة الله المشخصة أو المتجسدة ( 1كو1:24 +  لو11:49) وفي ( لو11:49) نرى حكمة الله شخصاً يرسل الأنبياء للعالم.
أمثال,8,56,"الإصحاح الثامن على النقيض من الإصحاح السابق نصل هنا للتأمل في الحكمة ونميز شخص المسيح اللوغوس وراء كلمة الحكمة. المسيح الذي يحاول أن يجذب كل نفس إليه لتترك طريق الجهل وتسلك طريق المعرفة والفهم. نصل في هذا الإصحاح إلى ذروة السلسلة عن الحكمة والحديث عن الحكمة. ونجدها في صورة مخالفة تماماً للمرأة الشريرة\'a1 فهذه أسلوبها ملق مخادع وحبها فاسد يقود للموت. أما الحكمة فهي تنادي بكل جلاء ووقار في الأماكن العامة\'a1 تدعو كل الناس أن يقبلوها وتعلن لهم أن من يقبلها تكون هناك كنوز من نصيبه. ولقد أجمع معظم المفسرين أن هذا الإصحاح يتكلم عن المسيح أقنوم الحكمة\'a1 وهذا هو تفسير كنيستنا الأرثوذكسية لهذا الإصحاح. وفي الإصحاح آيات وعبارات لا يتحقق معناها الكامل إلا في المسيح قوة الله وحكمة الله فهو حكمة الله المشخصة أو المتجسدة ( 1كو1:24 +  لو11:49) وفي ( لو11:49) نرى حكمة الله شخصاً يرسل الأنبياء للعالم.
أمثال,8,57,"الإصحاح الثامن على النقيض من الإصحاح السابق نصل هنا للتأمل في الحكمة ونميز شخص المسيح اللوغوس وراء كلمة الحكمة. المسيح الذي يحاول أن يجذب كل نفس إليه لتترك طريق الجهل وتسلك طريق المعرفة والفهم. نصل في هذا الإصحاح إلى ذروة السلسلة عن الحكمة والحديث عن الحكمة. ونجدها في صورة مخالفة تماماً للمرأة الشريرة\'a1 فهذه أسلوبها ملق مخادع وحبها فاسد يقود للموت. أما الحكمة فهي تنادي بكل جلاء ووقار في الأماكن العامة\'a1 تدعو كل الناس أن يقبلوها وتعلن لهم أن من يقبلها تكون هناك كنوز من نصيبه. ولقد أجمع معظم المفسرين أن هذا الإصحاح يتكلم عن المسيح أقنوم الحكمة\'a1 وهذا هو تفسير كنيستنا الأرثوذكسية لهذا الإصحاح. وفي الإصحاح آيات وعبارات لا يتحقق معناها الكامل إلا في المسيح قوة الله وحكمة الله فهو حكمة الله المشخصة أو المتجسدة ( 1كو1:24 +  لو11:49) وفي ( لو11:49) نرى حكمة الله شخصاً يرسل الأنبياء للعالم.
أمثال,8,58,"الإصحاح الثامن على النقيض من الإصحاح السابق نصل هنا للتأمل في الحكمة ونميز شخص المسيح اللوغوس وراء كلمة الحكمة. المسيح الذي يحاول أن يجذب كل نفس إليه لتترك طريق الجهل وتسلك طريق المعرفة والفهم. نصل في هذا الإصحاح إلى ذروة السلسلة عن الحكمة والحديث عن الحكمة. ونجدها في صورة مخالفة تماماً للمرأة الشريرة\'a1 فهذه أسلوبها ملق مخادع وحبها فاسد يقود للموت. أما الحكمة فهي تنادي بكل جلاء ووقار في الأماكن العامة\'a1 تدعو كل الناس أن يقبلوها وتعلن لهم أن من يقبلها تكون هناك كنوز من نصيبه. ولقد أجمع معظم المفسرين أن هذا الإصحاح يتكلم عن المسيح أقنوم الحكمة\'a1 وهذا هو تفسير كنيستنا الأرثوذكسية لهذا الإصحاح. وفي الإصحاح آيات وعبارات لا يتحقق معناها الكامل إلا في المسيح قوة الله وحكمة الله فهو حكمة الله المشخصة أو المتجسدة ( 1كو1:24 +  لو11:49) وفي ( لو11:49) نرى حكمة الله شخصاً يرسل الأنبياء للعالم.
أمثال,8,59,"الإصحاح الثامن على النقيض من الإصحاح السابق نصل هنا للتأمل في الحكمة ونميز شخص المسيح اللوغوس وراء كلمة الحكمة. المسيح الذي يحاول أن يجذب كل نفس إليه لتترك طريق الجهل وتسلك طريق المعرفة والفهم. نصل في هذا الإصحاح إلى ذروة السلسلة عن الحكمة والحديث عن الحكمة. ونجدها في صورة مخالفة تماماً للمرأة الشريرة\'a1 فهذه أسلوبها ملق مخادع وحبها فاسد يقود للموت. أما الحكمة فهي تنادي بكل جلاء ووقار في الأماكن العامة\'a1 تدعو كل الناس أن يقبلوها وتعلن لهم أن من يقبلها تكون هناك كنوز من نصيبه. ولقد أجمع معظم المفسرين أن هذا الإصحاح يتكلم عن المسيح أقنوم الحكمة\'a1 وهذا هو تفسير كنيستنا الأرثوذكسية لهذا الإصحاح. وفي الإصحاح آيات وعبارات لا يتحقق معناها الكامل إلا في المسيح قوة الله وحكمة الله فهو حكمة الله المشخصة أو المتجسدة ( 1كو1:24 +  لو11:49) وفي ( لو11:49) نرى حكمة الله شخصاً يرسل الأنبياء للعالم.
أمثال,8,60,"الإصحاح الثامن على النقيض من الإصحاح السابق نصل هنا للتأمل في الحكمة ونميز شخص المسيح اللوغوس وراء كلمة الحكمة. المسيح الذي يحاول أن يجذب كل نفس إليه لتترك طريق الجهل وتسلك طريق المعرفة والفهم. نصل في هذا الإصحاح إلى ذروة السلسلة عن الحكمة والحديث عن الحكمة. ونجدها في صورة مخالفة تماماً للمرأة الشريرة\'a1 فهذه أسلوبها ملق مخادع وحبها فاسد يقود للموت. أما الحكمة فهي تنادي بكل جلاء ووقار في الأماكن العامة\'a1 تدعو كل الناس أن يقبلوها وتعلن لهم أن من يقبلها تكون هناك كنوز من نصيبه. ولقد أجمع معظم المفسرين أن هذا الإصحاح يتكلم عن المسيح أقنوم الحكمة\'a1 وهذا هو تفسير كنيستنا الأرثوذكسية لهذا الإصحاح. وفي الإصحاح آيات وعبارات لا يتحقق معناها الكامل إلا في المسيح قوة الله وحكمة الله فهو حكمة الله المشخصة أو المتجسدة ( 1كو1:24 +  لو11:49) وفي ( لو11:49) نرى حكمة الله شخصاً يرسل الأنبياء للعالم.
أمثال,8,61,"الإصحاح الثامن على النقيض من الإصحاح السابق نصل هنا للتأمل في الحكمة ونميز شخص المسيح اللوغوس وراء كلمة الحكمة. المسيح الذي يحاول أن يجذب كل نفس إليه لتترك طريق الجهل وتسلك طريق المعرفة والفهم. نصل في هذا الإصحاح إلى ذروة السلسلة عن الحكمة والحديث عن الحكمة. ونجدها في صورة مخالفة تماماً للمرأة الشريرة\'a1 فهذه أسلوبها ملق مخادع وحبها فاسد يقود للموت. أما الحكمة فهي تنادي بكل جلاء ووقار في الأماكن العامة\'a1 تدعو كل الناس أن يقبلوها وتعلن لهم أن من يقبلها تكون هناك كنوز من نصيبه. ولقد أجمع معظم المفسرين أن هذا الإصحاح يتكلم عن المسيح أقنوم الحكمة\'a1 وهذا هو تفسير كنيستنا الأرثوذكسية لهذا الإصحاح. وفي الإصحاح آيات وعبارات لا يتحقق معناها الكامل إلا في المسيح قوة الله وحكمة الله فهو حكمة الله المشخصة أو المتجسدة ( 1كو1:24 +  لو11:49) وفي ( لو11:49) نرى حكمة الله شخصاً يرسل الأنبياء للعالم.
أمثال,8,62,"الإصحاح الثامن على النقيض من الإصحاح السابق نصل هنا للتأمل في الحكمة ونميز شخص المسيح اللوغوس وراء كلمة الحكمة. المسيح الذي يحاول أن يجذب كل نفس إليه لتترك طريق الجهل وتسلك طريق المعرفة والفهم. نصل في هذا الإصحاح إلى ذروة السلسلة عن الحكمة والحديث عن الحكمة. ونجدها في صورة مخالفة تماماً للمرأة الشريرة\'a1 فهذه أسلوبها ملق مخادع وحبها فاسد يقود للموت. أما الحكمة فهي تنادي بكل جلاء ووقار في الأماكن العامة\'a1 تدعو كل الناس أن يقبلوها وتعلن لهم أن من يقبلها تكون هناك كنوز من نصيبه. ولقد أجمع معظم المفسرين أن هذا الإصحاح يتكلم عن المسيح أقنوم الحكمة\'a1 وهذا هو تفسير كنيستنا الأرثوذكسية لهذا الإصحاح. وفي الإصحاح آيات وعبارات لا يتحقق معناها الكامل إلا في المسيح قوة الله وحكمة الله فهو حكمة الله المشخصة أو المتجسدة ( 1كو1:24 +  لو11:49) وفي ( لو11:49) نرى حكمة الله شخصاً يرسل الأنبياء للعالم.
أمثال,8,63,"الإصحاح الثامن على النقيض من الإصحاح السابق نصل هنا للتأمل في الحكمة ونميز شخص المسيح اللوغوس وراء كلمة الحكمة. المسيح الذي يحاول أن يجذب كل نفس إليه لتترك طريق الجهل وتسلك طريق المعرفة والفهم. نصل في هذا الإصحاح إلى ذروة السلسلة عن الحكمة والحديث عن الحكمة. ونجدها في صورة مخالفة تماماً للمرأة الشريرة\'a1 فهذه أسلوبها ملق مخادع وحبها فاسد يقود للموت. أما الحكمة فهي تنادي بكل جلاء ووقار في الأماكن العامة\'a1 تدعو كل الناس أن يقبلوها وتعلن لهم أن من يقبلها تكون هناك كنوز من نصيبه. ولقد أجمع معظم المفسرين أن هذا الإصحاح يتكلم عن المسيح أقنوم الحكمة\'a1 وهذا هو تفسير كنيستنا الأرثوذكسية لهذا الإصحاح. وفي الإصحاح آيات وعبارات لا يتحقق معناها الكامل إلا في المسيح قوة الله وحكمة الله فهو حكمة الله المشخصة أو المتجسدة ( 1كو1:24 +  لو11:49) وفي ( لو11:49) نرى حكمة الله شخصاً يرسل الأنبياء للعالم.
أمثال,8,64,"الإصحاح الثامن على النقيض من الإصحاح السابق نصل هنا للتأمل في الحكمة ونميز شخص المسيح اللوغوس وراء كلمة الحكمة. المسيح الذي يحاول أن يجذب كل نفس إليه لتترك طريق الجهل وتسلك طريق المعرفة والفهم. نصل في هذا الإصحاح إلى ذروة السلسلة عن الحكمة والحديث عن الحكمة. ونجدها في صورة مخالفة تماماً للمرأة الشريرة\'a1 فهذه أسلوبها ملق مخادع وحبها فاسد يقود للموت. أما الحكمة فهي تنادي بكل جلاء ووقار في الأماكن العامة\'a1 تدعو كل الناس أن يقبلوها وتعلن لهم أن من يقبلها تكون هناك كنوز من نصيبه. ولقد أجمع معظم المفسرين أن هذا الإصحاح يتكلم عن المسيح أقنوم الحكمة\'a1 وهذا هو تفسير كنيستنا الأرثوذكسية لهذا الإصحاح. وفي الإصحاح آيات وعبارات لا يتحقق معناها الكامل إلا في المسيح قوة الله وحكمة الله فهو حكمة الله المشخصة أو المتجسدة ( 1كو1:24 +  لو11:49) وفي ( لو11:49) نرى حكمة الله شخصاً يرسل الأنبياء للعالم.
أمثال,8,65,"الإصحاح الثامن على النقيض من الإصحاح السابق نصل هنا للتأمل في الحكمة ونميز شخص المسيح اللوغوس وراء كلمة الحكمة. المسيح الذي يحاول أن يجذب كل نفس إليه لتترك طريق الجهل وتسلك طريق المعرفة والفهم. نصل في هذا الإصحاح إلى ذروة السلسلة عن الحكمة والحديث عن الحكمة. ونجدها في صورة مخالفة تماماً للمرأة الشريرة\'a1 فهذه أسلوبها ملق مخادع وحبها فاسد يقود للموت. أما الحكمة فهي تنادي بكل جلاء ووقار في الأماكن العامة\'a1 تدعو كل الناس أن يقبلوها وتعلن لهم أن من يقبلها تكون هناك كنوز من نصيبه. ولقد أجمع معظم المفسرين أن هذا الإصحاح يتكلم عن المسيح أقنوم الحكمة\'a1 وهذا هو تفسير كنيستنا الأرثوذكسية لهذا الإصحاح. وفي الإصحاح آيات وعبارات لا يتحقق معناها الكامل إلا في المسيح قوة الله وحكمة الله فهو حكمة الله المشخصة أو المتجسدة ( 1كو1:24 +  لو11:49) وفي ( لو11:49) نرى حكمة الله شخصاً يرسل الأنبياء للعالم.
أمثال,8,66,"الإصحاح الثامن على النقيض من الإصحاح السابق نصل هنا للتأمل في الحكمة ونميز شخص المسيح اللوغوس وراء كلمة الحكمة. المسيح الذي يحاول أن يجذب كل نفس إليه لتترك طريق الجهل وتسلك طريق المعرفة والفهم. نصل في هذا الإصحاح إلى ذروة السلسلة عن الحكمة والحديث عن الحكمة. ونجدها في صورة مخالفة تماماً للمرأة الشريرة\'a1 فهذه أسلوبها ملق مخادع وحبها فاسد يقود للموت. أما الحكمة فهي تنادي بكل جلاء ووقار في الأماكن العامة\'a1 تدعو كل الناس أن يقبلوها وتعلن لهم أن من يقبلها تكون هناك كنوز من نصيبه. ولقد أجمع معظم المفسرين أن هذا الإصحاح يتكلم عن المسيح أقنوم الحكمة\'a1 وهذا هو تفسير كنيستنا الأرثوذكسية لهذا الإصحاح. وفي الإصحاح آيات وعبارات لا يتحقق معناها الكامل إلا في المسيح قوة الله وحكمة الله فهو حكمة الله المشخصة أو المتجسدة ( 1كو1:24 +  لو11:49) وفي ( لو11:49) نرى حكمة الله شخصاً يرسل الأنبياء للعالم.
أمثال,8,67,"الإصحاح الثامن على النقيض من الإصحاح السابق نصل هنا للتأمل في الحكمة ونميز شخص المسيح اللوغوس وراء كلمة الحكمة. المسيح الذي يحاول أن يجذب كل نفس إليه لتترك طريق الجهل وتسلك طريق المعرفة والفهم. نصل في هذا الإصحاح إلى ذروة السلسلة عن الحكمة والحديث عن الحكمة. ونجدها في صورة مخالفة تماماً للمرأة الشريرة\'a1 فهذه أسلوبها ملق مخادع وحبها فاسد يقود للموت. أما الحكمة فهي تنادي بكل جلاء ووقار في الأماكن العامة\'a1 تدعو كل الناس أن يقبلوها وتعلن لهم أن من يقبلها تكون هناك كنوز من نصيبه. ولقد أجمع معظم المفسرين أن هذا الإصحاح يتكلم عن المسيح أقنوم الحكمة\'a1 وهذا هو تفسير كنيستنا الأرثوذكسية لهذا الإصحاح. وفي الإصحاح آيات وعبارات لا يتحقق معناها الكامل إلا في المسيح قوة الله وحكمة الله فهو حكمة الله المشخصة أو المتجسدة ( 1كو1:24 +  لو11:49) وفي ( لو11:49) نرى حكمة الله شخصاً يرسل الأنبياء للعالم.
أمثال,8,68,"الإصحاح الثامن على النقيض من الإصحاح السابق نصل هنا للتأمل في الحكمة ونميز شخص المسيح اللوغوس وراء كلمة الحكمة. المسيح الذي يحاول أن يجذب كل نفس إليه لتترك طريق الجهل وتسلك طريق المعرفة والفهم. نصل في هذا الإصحاح إلى ذروة السلسلة عن الحكمة والحديث عن الحكمة. ونجدها في صورة مخالفة تماماً للمرأة الشريرة\'a1 فهذه أسلوبها ملق مخادع وحبها فاسد يقود للموت. أما الحكمة فهي تنادي بكل جلاء ووقار في الأماكن العامة\'a1 تدعو كل الناس أن يقبلوها وتعلن لهم أن من يقبلها تكون هناك كنوز من نصيبه. ولقد أجمع معظم المفسرين أن هذا الإصحاح يتكلم عن المسيح أقنوم الحكمة\'a1 وهذا هو تفسير كنيستنا الأرثوذكسية لهذا الإصحاح. وفي الإصحاح آيات وعبارات لا يتحقق معناها الكامل إلا في المسيح قوة الله وحكمة الله فهو حكمة الله المشخصة أو المتجسدة ( 1كو1:24 +  لو11:49) وفي ( لو11:49) نرى حكمة الله شخصاً يرسل الأنبياء للعالم.
أمثال,8,69,"الإصحاح الثامن على النقيض من الإصحاح السابق نصل هنا للتأمل في الحكمة ونميز شخص المسيح اللوغوس وراء كلمة الحكمة. المسيح الذي يحاول أن يجذب كل نفس إليه لتترك طريق الجهل وتسلك طريق المعرفة والفهم. نصل في هذا الإصحاح إلى ذروة السلسلة عن الحكمة والحديث عن الحكمة. ونجدها في صورة مخالفة تماماً للمرأة الشريرة\'a1 فهذه أسلوبها ملق مخادع وحبها فاسد يقود للموت. أما الحكمة فهي تنادي بكل جلاء ووقار في الأماكن العامة\'a1 تدعو كل الناس أن يقبلوها وتعلن لهم أن من يقبلها تكون هناك كنوز من نصيبه. ولقد أجمع معظم المفسرين أن هذا الإصحاح يتكلم عن المسيح أقنوم الحكمة\'a1 وهذا هو تفسير كنيستنا الأرثوذكسية لهذا الإصحاح. وفي الإصحاح آيات وعبارات لا يتحقق معناها الكامل إلا في المسيح قوة الله وحكمة الله فهو حكمة الله المشخصة أو المتجسدة ( 1كو1:24 +  لو11:49) وفي ( لو11:49) نرى حكمة الله شخصاً يرسل الأنبياء للعالم.
أمثال,8,70,"الإصحاح الثامن على النقيض من الإصحاح السابق نصل هنا للتأمل في الحكمة ونميز شخص المسيح اللوغوس وراء كلمة الحكمة. المسيح الذي يحاول أن يجذب كل نفس إليه لتترك طريق الجهل وتسلك طريق المعرفة والفهم. نصل في هذا الإصحاح إلى ذروة السلسلة عن الحكمة والحديث عن الحكمة. ونجدها في صورة مخالفة تماماً للمرأة الشريرة\'a1 فهذه أسلوبها ملق مخادع وحبها فاسد يقود للموت. أما الحكمة فهي تنادي بكل جلاء ووقار في الأماكن العامة\'a1 تدعو كل الناس أن يقبلوها وتعلن لهم أن من يقبلها تكون هناك كنوز من نصيبه. ولقد أجمع معظم المفسرين أن هذا الإصحاح يتكلم عن المسيح أقنوم الحكمة\'a1 وهذا هو تفسير كنيستنا الأرثوذكسية لهذا الإصحاح. وفي الإصحاح آيات وعبارات لا يتحقق معناها الكامل إلا في المسيح قوة الله وحكمة الله فهو حكمة الله المشخصة أو المتجسدة ( 1كو1:24 +  لو11:49) وفي ( لو11:49) نرى حكمة الله شخصاً يرسل الأنبياء للعالم.
أمثال,8,71,"الإصحاح الثامن على النقيض من الإصحاح السابق نصل هنا للتأمل في الحكمة ونميز شخص المسيح اللوغوس وراء كلمة الحكمة. المسيح الذي يحاول أن يجذب كل نفس إليه لتترك طريق الجهل وتسلك طريق المعرفة والفهم. نصل في هذا الإصحاح إلى ذروة السلسلة عن الحكمة والحديث عن الحكمة. ونجدها في صورة مخالفة تماماً للمرأة الشريرة\'a1 فهذه أسلوبها ملق مخادع وحبها فاسد يقود للموت. أما الحكمة فهي تنادي بكل جلاء ووقار في الأماكن العامة\'a1 تدعو كل الناس أن يقبلوها وتعلن لهم أن من يقبلها تكون هناك كنوز من نصيبه. ولقد أجمع معظم المفسرين أن هذا الإصحاح يتكلم عن المسيح أقنوم الحكمة\'a1 وهذا هو تفسير كنيستنا الأرثوذكسية لهذا الإصحاح. وفي الإصحاح آيات وعبارات لا يتحقق معناها الكامل إلا في المسيح قوة الله وحكمة الله فهو حكمة الله المشخصة أو المتجسدة ( 1كو1:24 +  لو11:49) وفي ( لو11:49) نرى حكمة الله شخصاً يرسل الأنبياء للعالم.
أمثال,8,72,"الإصحاح الثامن على النقيض من الإصحاح السابق نصل هنا للتأمل في الحكمة ونميز شخص المسيح اللوغوس وراء كلمة الحكمة. المسيح الذي يحاول أن يجذب كل نفس إليه لتترك طريق الجهل وتسلك طريق المعرفة والفهم. نصل في هذا الإصحاح إلى ذروة السلسلة عن الحكمة والحديث عن الحكمة. ونجدها في صورة مخالفة تماماً للمرأة الشريرة\'a1 فهذه أسلوبها ملق مخادع وحبها فاسد يقود للموت. أما الحكمة فهي تنادي بكل جلاء ووقار في الأماكن العامة\'a1 تدعو كل الناس أن يقبلوها وتعلن لهم أن من يقبلها تكون هناك كنوز من نصيبه. ولقد أجمع معظم المفسرين أن هذا الإصحاح يتكلم عن المسيح أقنوم الحكمة\'a1 وهذا هو تفسير كنيستنا الأرثوذكسية لهذا الإصحاح. وفي الإصحاح آيات وعبارات لا يتحقق معناها الكامل إلا في المسيح قوة الله وحكمة الله فهو حكمة الله المشخصة أو المتجسدة ( 1كو1:24 +  لو11:49) وفي ( لو11:49) نرى حكمة الله شخصاً يرسل الأنبياء للعالم.
أمثال,8,73,"الإصحاح الثامن على النقيض من الإصحاح السابق نصل هنا للتأمل في الحكمة ونميز شخص المسيح اللوغوس وراء كلمة الحكمة. المسيح الذي يحاول أن يجذب كل نفس إليه لتترك طريق الجهل وتسلك طريق المعرفة والفهم. نصل في هذا الإصحاح إلى ذروة السلسلة عن الحكمة والحديث عن الحكمة. ونجدها في صورة مخالفة تماماً للمرأة الشريرة\'a1 فهذه أسلوبها ملق مخادع وحبها فاسد يقود للموت. أما الحكمة فهي تنادي بكل جلاء ووقار في الأماكن العامة\'a1 تدعو كل الناس أن يقبلوها وتعلن لهم أن من يقبلها تكون هناك كنوز من نصيبه. ولقد أجمع معظم المفسرين أن هذا الإصحاح يتكلم عن المسيح أقنوم الحكمة\'a1 وهذا هو تفسير كنيستنا الأرثوذكسية لهذا الإصحاح. وفي الإصحاح آيات وعبارات لا يتحقق معناها الكامل إلا في المسيح قوة الله وحكمة الله فهو حكمة الله المشخصة أو المتجسدة ( 1كو1:24 +  لو11:49) وفي ( لو11:49) نرى حكمة الله شخصاً يرسل الأنبياء للعالم.
أمثال,8,74,"الإصحاح الثامن على النقيض من الإصحاح السابق نصل هنا للتأمل في الحكمة ونميز شخص المسيح اللوغوس وراء كلمة الحكمة. المسيح الذي يحاول أن يجذب كل نفس إليه لتترك طريق الجهل وتسلك طريق المعرفة والفهم. نصل في هذا الإصحاح إلى ذروة السلسلة عن الحكمة والحديث عن الحكمة. ونجدها في صورة مخالفة تماماً للمرأة الشريرة\'a1 فهذه أسلوبها ملق مخادع وحبها فاسد يقود للموت. أما الحكمة فهي تنادي بكل جلاء ووقار في الأماكن العامة\'a1 تدعو كل الناس أن يقبلوها وتعلن لهم أن من يقبلها تكون هناك كنوز من نصيبه. ولقد أجمع معظم المفسرين أن هذا الإصحاح يتكلم عن المسيح أقنوم الحكمة\'a1 وهذا هو تفسير كنيستنا الأرثوذكسية لهذا الإصحاح. وفي الإصحاح آيات وعبارات لا يتحقق معناها الكامل إلا في المسيح قوة الله وحكمة الله فهو حكمة الله المشخصة أو المتجسدة ( 1كو1:24 +  لو11:49) وفي ( لو11:49) نرى حكمة الله شخصاً يرسل الأنبياء للعالم.
أمثال,8,75,"الإصحاح الثامن على النقيض من الإصحاح السابق نصل هنا للتأمل في الحكمة ونميز شخص المسيح اللوغوس وراء كلمة الحكمة. المسيح الذي يحاول أن يجذب كل نفس إليه لتترك طريق الجهل وتسلك طريق المعرفة والفهم. نصل في هذا الإصحاح إلى ذروة السلسلة عن الحكمة والحديث عن الحكمة. ونجدها في صورة مخالفة تماماً للمرأة الشريرة\'a1 فهذه أسلوبها ملق مخادع وحبها فاسد يقود للموت. أما الحكمة فهي تنادي بكل جلاء ووقار في الأماكن العامة\'a1 تدعو كل الناس أن يقبلوها وتعلن لهم أن من يقبلها تكون هناك كنوز من نصيبه. ولقد أجمع معظم المفسرين أن هذا الإصحاح يتكلم عن المسيح أقنوم الحكمة\'a1 وهذا هو تفسير كنيستنا الأرثوذكسية لهذا الإصحاح. وفي الإصحاح آيات وعبارات لا يتحقق معناها الكامل إلا في المسيح قوة الله وحكمة الله فهو حكمة الله المشخصة أو المتجسدة ( 1كو1:24 +  لو11:49) وفي ( لو11:49) نرى حكمة الله شخصاً يرسل الأنبياء للعالم.
أمثال,8,76,"الإصحاح الثامن على النقيض من الإصحاح السابق نصل هنا للتأمل في الحكمة ونميز شخص المسيح اللوغوس وراء كلمة الحكمة. المسيح الذي يحاول أن يجذب كل نفس إليه لتترك طريق الجهل وتسلك طريق المعرفة والفهم. نصل في هذا الإصحاح إلى ذروة السلسلة عن الحكمة والحديث عن الحكمة. ونجدها في صورة مخالفة تماماً للمرأة الشريرة\'a1 فهذه أسلوبها ملق مخادع وحبها فاسد يقود للموت. أما الحكمة فهي تنادي بكل جلاء ووقار في الأماكن العامة\'a1 تدعو كل الناس أن يقبلوها وتعلن لهم أن من يقبلها تكون هناك كنوز من نصيبه. ولقد أجمع معظم المفسرين أن هذا الإصحاح يتكلم عن المسيح أقنوم الحكمة\'a1 وهذا هو تفسير كنيستنا الأرثوذكسية لهذا الإصحاح. وفي الإصحاح آيات وعبارات لا يتحقق معناها الكامل إلا في المسيح قوة الله وحكمة الله فهو حكمة الله المشخصة أو المتجسدة ( 1كو1:24 +  لو11:49) وفي ( لو11:49) نرى حكمة الله شخصاً يرسل الأنبياء للعالم.
أمثال,8,77,"الإصحاح الثامن على النقيض من الإصحاح السابق نصل هنا للتأمل في الحكمة ونميز شخص المسيح اللوغوس وراء كلمة الحكمة. المسيح الذي يحاول أن يجذب كل نفس إليه لتترك طريق الجهل وتسلك طريق المعرفة والفهم. نصل في هذا الإصحاح إلى ذروة السلسلة عن الحكمة والحديث عن الحكمة. ونجدها في صورة مخالفة تماماً للمرأة الشريرة\'a1 فهذه أسلوبها ملق مخادع وحبها فاسد يقود للموت. أما الحكمة فهي تنادي بكل جلاء ووقار في الأماكن العامة\'a1 تدعو كل الناس أن يقبلوها وتعلن لهم أن من يقبلها تكون هناك كنوز من نصيبه. ولقد أجمع معظم المفسرين أن هذا الإصحاح يتكلم عن المسيح أقنوم الحكمة\'a1 وهذا هو تفسير كنيستنا الأرثوذكسية لهذا الإصحاح. وفي الإصحاح آيات وعبارات لا يتحقق معناها الكامل إلا في المسيح قوة الله وحكمة الله فهو حكمة الله المشخصة أو المتجسدة ( 1كو1:24 +  لو11:49) وفي ( لو11:49) نرى حكمة الله شخصاً يرسل الأنبياء للعالم.
أمثال,8,78,"الإصحاح الثامن على النقيض من الإصحاح السابق نصل هنا للتأمل في الحكمة ونميز شخص المسيح اللوغوس وراء كلمة الحكمة. المسيح الذي يحاول أن يجذب كل نفس إليه لتترك طريق الجهل وتسلك طريق المعرفة والفهم. نصل في هذا الإصحاح إلى ذروة السلسلة عن الحكمة والحديث عن الحكمة. ونجدها في صورة مخالفة تماماً للمرأة الشريرة\'a1 فهذه أسلوبها ملق مخادع وحبها فاسد يقود للموت. أما الحكمة فهي تنادي بكل جلاء ووقار في الأماكن العامة\'a1 تدعو كل الناس أن يقبلوها وتعلن لهم أن من يقبلها تكون هناك كنوز من نصيبه. ولقد أجمع معظم المفسرين أن هذا الإصحاح يتكلم عن المسيح أقنوم الحكمة\'a1 وهذا هو تفسير كنيستنا الأرثوذكسية لهذا الإصحاح. وفي الإصحاح آيات وعبارات لا يتحقق معناها الكامل إلا في المسيح قوة الله وحكمة الله فهو حكمة الله المشخصة أو المتجسدة ( 1كو1:24 +  لو11:49) وفي ( لو11:49) نرى حكمة الله شخصاً يرسل الأنبياء للعالم.
أمثال,8,79,"الإصحاح الثامن على النقيض من الإصحاح السابق نصل هنا للتأمل في الحكمة ونميز شخص المسيح اللوغوس وراء كلمة الحكمة. المسيح الذي يحاول أن يجذب كل نفس إليه لتترك طريق الجهل وتسلك طريق المعرفة والفهم. نصل في هذا الإصحاح إلى ذروة السلسلة عن الحكمة والحديث عن الحكمة. ونجدها في صورة مخالفة تماماً للمرأة الشريرة\'a1 فهذه أسلوبها ملق مخادع وحبها فاسد يقود للموت. أما الحكمة فهي تنادي بكل جلاء ووقار في الأماكن العامة\'a1 تدعو كل الناس أن يقبلوها وتعلن لهم أن من يقبلها تكون هناك كنوز من نصيبه. ولقد أجمع معظم المفسرين أن هذا الإصحاح يتكلم عن المسيح أقنوم الحكمة\'a1 وهذا هو تفسير كنيستنا الأرثوذكسية لهذا الإصحاح. وفي الإصحاح آيات وعبارات لا يتحقق معناها الكامل إلا في المسيح قوة الله وحكمة الله فهو حكمة الله المشخصة أو المتجسدة ( 1كو1:24 +  لو11:49) وفي ( لو11:49) نرى حكمة الله شخصاً يرسل الأنبياء للعالم.
أمثال,8,80,"الإصحاح الثامن على النقيض من الإصحاح السابق نصل هنا للتأمل في الحكمة ونميز شخص المسيح اللوغوس وراء كلمة الحكمة. المسيح الذي يحاول أن يجذب كل نفس إليه لتترك طريق الجهل وتسلك طريق المعرفة والفهم. نصل في هذا الإصحاح إلى ذروة السلسلة عن الحكمة والحديث عن الحكمة. ونجدها في صورة مخالفة تماماً للمرأة الشريرة\'a1 فهذه أسلوبها ملق مخادع وحبها فاسد يقود للموت. أما الحكمة فهي تنادي بكل جلاء ووقار في الأماكن العامة\'a1 تدعو كل الناس أن يقبلوها وتعلن لهم أن من يقبلها تكون هناك كنوز من نصيبه. ولقد أجمع معظم المفسرين أن هذا الإصحاح يتكلم عن المسيح أقنوم الحكمة\'a1 وهذا هو تفسير كنيستنا الأرثوذكسية لهذا الإصحاح. وفي الإصحاح آيات وعبارات لا يتحقق معناها الكامل إلا في المسيح قوة الله وحكمة الله فهو حكمة الله المشخصة أو المتجسدة ( 1كو1:24 +  لو11:49) وفي ( لو11:49) نرى حكمة الله شخصاً يرسل الأنبياء للعالم.
أمثال,8,81,"الإصحاح الثامن على النقيض من الإصحاح السابق نصل هنا للتأمل في الحكمة ونميز شخص المسيح اللوغوس وراء كلمة الحكمة. المسيح الذي يحاول أن يجذب كل نفس إليه لتترك طريق الجهل وتسلك طريق المعرفة والفهم. نصل في هذا الإصحاح إلى ذروة السلسلة عن الحكمة والحديث عن الحكمة. ونجدها في صورة مخالفة تماماً للمرأة الشريرة\'a1 فهذه أسلوبها ملق مخادع وحبها فاسد يقود للموت. أما الحكمة فهي تنادي بكل جلاء ووقار في الأماكن العامة\'a1 تدعو كل الناس أن يقبلوها وتعلن لهم أن من يقبلها تكون هناك كنوز من نصيبه. ولقد أجمع معظم المفسرين أن هذا الإصحاح يتكلم عن المسيح أقنوم الحكمة\'a1 وهذا هو تفسير كنيستنا الأرثوذكسية لهذا الإصحاح. وفي الإصحاح آيات وعبارات لا يتحقق معناها الكامل إلا في المسيح قوة الله وحكمة الله فهو حكمة الله المشخصة أو المتجسدة ( 1كو1:24 +  لو11:49) وفي ( لو11:49) نرى حكمة الله شخصاً يرسل الأنبياء للعالم.
أمثال,8,82,"الإصحاح الثامن على النقيض من الإصحاح السابق نصل هنا للتأمل في الحكمة ونميز شخص المسيح اللوغوس وراء كلمة الحكمة. المسيح الذي يحاول أن يجذب كل نفس إليه لتترك طريق الجهل وتسلك طريق المعرفة والفهم. نصل في هذا الإصحاح إلى ذروة السلسلة عن الحكمة والحديث عن الحكمة. ونجدها في صورة مخالفة تماماً للمرأة الشريرة\'a1 فهذه أسلوبها ملق مخادع وحبها فاسد يقود للموت. أما الحكمة فهي تنادي بكل جلاء ووقار في الأماكن العامة\'a1 تدعو كل الناس أن يقبلوها وتعلن لهم أن من يقبلها تكون هناك كنوز من نصيبه. ولقد أجمع معظم المفسرين أن هذا الإصحاح يتكلم عن المسيح أقنوم الحكمة\'a1 وهذا هو تفسير كنيستنا الأرثوذكسية لهذا الإصحاح. وفي الإصحاح آيات وعبارات لا يتحقق معناها الكامل إلا في المسيح قوة الله وحكمة الله فهو حكمة الله المشخصة أو المتجسدة ( 1كو1:24 +  لو11:49) وفي ( لو11:49) نرى حكمة الله شخصاً يرسل الأنبياء للعالم.
أمثال,8,83,"الإصحاح الثامن على النقيض من الإصحاح السابق نصل هنا للتأمل في الحكمة ونميز شخص المسيح اللوغوس وراء كلمة الحكمة. المسيح الذي يحاول أن يجذب كل نفس إليه لتترك طريق الجهل وتسلك طريق المعرفة والفهم. نصل في هذا الإصحاح إلى ذروة السلسلة عن الحكمة والحديث عن الحكمة. ونجدها في صورة مخالفة تماماً للمرأة الشريرة\'a1 فهذه أسلوبها ملق مخادع وحبها فاسد يقود للموت. أما الحكمة فهي تنادي بكل جلاء ووقار في الأماكن العامة\'a1 تدعو كل الناس أن يقبلوها وتعلن لهم أن من يقبلها تكون هناك كنوز من نصيبه. ولقد أجمع معظم المفسرين أن هذا الإصحاح يتكلم عن المسيح أقنوم الحكمة\'a1 وهذا هو تفسير كنيستنا الأرثوذكسية لهذا الإصحاح. وفي الإصحاح آيات وعبارات لا يتحقق معناها الكامل إلا في المسيح قوة الله وحكمة الله فهو حكمة الله المشخصة أو المتجسدة ( 1كو1:24 +  لو11:49) وفي ( لو11:49) نرى حكمة الله شخصاً يرسل الأنبياء للعالم.
أمثال,8,84,"الإصحاح الثامن على النقيض من الإصحاح السابق نصل هنا للتأمل في الحكمة ونميز شخص المسيح اللوغوس وراء كلمة الحكمة. المسيح الذي يحاول أن يجذب كل نفس إليه لتترك طريق الجهل وتسلك طريق المعرفة والفهم. نصل في هذا الإصحاح إلى ذروة السلسلة عن الحكمة والحديث عن الحكمة. ونجدها في صورة مخالفة تماماً للمرأة الشريرة\'a1 فهذه أسلوبها ملق مخادع وحبها فاسد يقود للموت. أما الحكمة فهي تنادي بكل جلاء ووقار في الأماكن العامة\'a1 تدعو كل الناس أن يقبلوها وتعلن لهم أن من يقبلها تكون هناك كنوز من نصيبه. ولقد أجمع معظم المفسرين أن هذا الإصحاح يتكلم عن المسيح أقنوم الحكمة\'a1 وهذا هو تفسير كنيستنا الأرثوذكسية لهذا الإصحاح. وفي الإصحاح آيات وعبارات لا يتحقق معناها الكامل إلا في المسيح قوة الله وحكمة الله فهو حكمة الله المشخصة أو المتجسدة ( 1كو1:24 +  لو11:49) وفي ( لو11:49) نرى حكمة الله شخصاً يرسل الأنبياء للعالم.
أمثال,8,85,"الإصحاح الثامن على النقيض من الإصحاح السابق نصل هنا للتأمل في الحكمة ونميز شخص المسيح اللوغوس وراء كلمة الحكمة. المسيح الذي يحاول أن يجذب كل نفس إليه لتترك طريق الجهل وتسلك طريق المعرفة والفهم. نصل في هذا الإصحاح إلى ذروة السلسلة عن الحكمة والحديث عن الحكمة. ونجدها في صورة مخالفة تماماً للمرأة الشريرة\'a1 فهذه أسلوبها ملق مخادع وحبها فاسد يقود للموت. أما الحكمة فهي تنادي بكل جلاء ووقار في الأماكن العامة\'a1 تدعو كل الناس أن يقبلوها وتعلن لهم أن من يقبلها تكون هناك كنوز من نصيبه. ولقد أجمع معظم المفسرين أن هذا الإصحاح يتكلم عن المسيح أقنوم الحكمة\'a1 وهذا هو تفسير كنيستنا الأرثوذكسية لهذا الإصحاح. وفي الإصحاح آيات وعبارات لا يتحقق معناها الكامل إلا في المسيح قوة الله وحكمة الله فهو حكمة الله المشخصة أو المتجسدة ( 1كو1:24 +  لو11:49) وفي ( لو11:49) نرى حكمة الله شخصاً يرسل الأنبياء للعالم.
أمثال,8,86,"الإصحاح الثامن على النقيض من الإصحاح السابق نصل هنا للتأمل في الحكمة ونميز شخص المسيح اللوغوس وراء كلمة الحكمة. المسيح الذي يحاول أن يجذب كل نفس إليه لتترك طريق الجهل وتسلك طريق المعرفة والفهم. نصل في هذا الإصحاح إلى ذروة السلسلة عن الحكمة والحديث عن الحكمة. ونجدها في صورة مخالفة تماماً للمرأة الشريرة\'a1 فهذه أسلوبها ملق مخادع وحبها فاسد يقود للموت. أما الحكمة فهي تنادي بكل جلاء ووقار في الأماكن العامة\'a1 تدعو كل الناس أن يقبلوها وتعلن لهم أن من يقبلها تكون هناك كنوز من نصيبه. ولقد أجمع معظم المفسرين أن هذا الإصحاح يتكلم عن المسيح أقنوم الحكمة\'a1 وهذا هو تفسير كنيستنا الأرثوذكسية لهذا الإصحاح. وفي الإصحاح آيات وعبارات لا يتحقق معناها الكامل إلا في المسيح قوة الله وحكمة الله فهو حكمة الله المشخصة أو المتجسدة ( 1كو1:24 +  لو11:49) وفي ( لو11:49) نرى حكمة الله شخصاً يرسل الأنبياء للعالم.
أمثال,8,87,"الإصحاح الثامن على النقيض من الإصحاح السابق نصل هنا للتأمل في الحكمة ونميز شخص المسيح اللوغوس وراء كلمة الحكمة. المسيح الذي يحاول أن يجذب كل نفس إليه لتترك طريق الجهل وتسلك طريق المعرفة والفهم. نصل في هذا الإصحاح إلى ذروة السلسلة عن الحكمة والحديث عن الحكمة. ونجدها في صورة مخالفة تماماً للمرأة الشريرة\'a1 فهذه أسلوبها ملق مخادع وحبها فاسد يقود للموت. أما الحكمة فهي تنادي بكل جلاء ووقار في الأماكن العامة\'a1 تدعو كل الناس أن يقبلوها وتعلن لهم أن من يقبلها تكون هناك كنوز من نصيبه. ولقد أجمع معظم المفسرين أن هذا الإصحاح يتكلم عن المسيح أقنوم الحكمة\'a1 وهذا هو تفسير كنيستنا الأرثوذكسية لهذا الإصحاح. وفي الإصحاح آيات وعبارات لا يتحقق معناها الكامل إلا في المسيح قوة الله وحكمة الله فهو حكمة الله المشخصة أو المتجسدة ( 1كو1:24 +  لو11:49) وفي ( لو11:49) نرى حكمة الله شخصاً يرسل الأنبياء للعالم.
أمثال,8,88,"الإصحاح الثامن على النقيض من الإصحاح السابق نصل هنا للتأمل في الحكمة ونميز شخص المسيح اللوغوس وراء كلمة الحكمة. المسيح الذي يحاول أن يجذب كل نفس إليه لتترك طريق الجهل وتسلك طريق المعرفة والفهم. نصل في هذا الإصحاح إلى ذروة السلسلة عن الحكمة والحديث عن الحكمة. ونجدها في صورة مخالفة تماماً للمرأة الشريرة\'a1 فهذه أسلوبها ملق مخادع وحبها فاسد يقود للموت. أما الحكمة فهي تنادي بكل جلاء ووقار في الأماكن العامة\'a1 تدعو كل الناس أن يقبلوها وتعلن لهم أن من يقبلها تكون هناك كنوز من نصيبه. ولقد أجمع معظم المفسرين أن هذا الإصحاح يتكلم عن المسيح أقنوم الحكمة\'a1 وهذا هو تفسير كنيستنا الأرثوذكسية لهذا الإصحاح. وفي الإصحاح آيات وعبارات لا يتحقق معناها الكامل إلا في المسيح قوة الله وحكمة الله فهو حكمة الله المشخصة أو المتجسدة ( 1كو1:24 +  لو11:49) وفي ( لو11:49) نرى حكمة الله شخصاً يرسل الأنبياء للعالم.
أمثال,8,89,"الإصحاح الثامن على النقيض من الإصحاح السابق نصل هنا للتأمل في الحكمة ونميز شخص المسيح اللوغوس وراء كلمة الحكمة. المسيح الذي يحاول أن يجذب كل نفس إليه لتترك طريق الجهل وتسلك طريق المعرفة والفهم. نصل في هذا الإصحاح إلى ذروة السلسلة عن الحكمة والحديث عن الحكمة. ونجدها في صورة مخالفة تماماً للمرأة الشريرة\'a1 فهذه أسلوبها ملق مخادع وحبها فاسد يقود للموت. أما الحكمة فهي تنادي بكل جلاء ووقار في الأماكن العامة\'a1 تدعو كل الناس أن يقبلوها وتعلن لهم أن من يقبلها تكون هناك كنوز من نصيبه. ولقد أجمع معظم المفسرين أن هذا الإصحاح يتكلم عن المسيح أقنوم الحكمة\'a1 وهذا هو تفسير كنيستنا الأرثوذكسية لهذا الإصحاح. وفي الإصحاح آيات وعبارات لا يتحقق معناها الكامل إلا في المسيح قوة الله وحكمة الله فهو حكمة الله المشخصة أو المتجسدة ( 1كو1:24 +  لو11:49) وفي ( لو11:49) نرى حكمة الله شخصاً يرسل الأنبياء للعالم.
أمثال,8,90,"الإصحاح الثامن على النقيض من الإصحاح السابق نصل هنا للتأمل في الحكمة ونميز شخص المسيح اللوغوس وراء كلمة الحكمة. المسيح الذي يحاول أن يجذب كل نفس إليه لتترك طريق الجهل وتسلك طريق المعرفة والفهم. نصل في هذا الإصحاح إلى ذروة السلسلة عن الحكمة والحديث عن الحكمة. ونجدها في صورة مخالفة تماماً للمرأة الشريرة\'a1 فهذه أسلوبها ملق مخادع وحبها فاسد يقود للموت. أما الحكمة فهي تنادي بكل جلاء ووقار في الأماكن العامة\'a1 تدعو كل الناس أن يقبلوها وتعلن لهم أن من يقبلها تكون هناك كنوز من نصيبه. ولقد أجمع معظم المفسرين أن هذا الإصحاح يتكلم عن المسيح أقنوم الحكمة\'a1 وهذا هو تفسير كنيستنا الأرثوذكسية لهذا الإصحاح. وفي الإصحاح آيات وعبارات لا يتحقق معناها الكامل إلا في المسيح قوة الله وحكمة الله فهو حكمة الله المشخصة أو المتجسدة ( 1كو1:24 +  لو11:49) وفي ( لو11:49) نرى حكمة الله شخصاً يرسل الأنبياء للعالم.
أمثال,8,91,"الإصحاح الثامن على النقيض من الإصحاح السابق نصل هنا للتأمل في الحكمة ونميز شخص المسيح اللوغوس وراء كلمة الحكمة. المسيح الذي يحاول أن يجذب كل نفس إليه لتترك طريق الجهل وتسلك طريق المعرفة والفهم. نصل في هذا الإصحاح إلى ذروة السلسلة عن الحكمة والحديث عن الحكمة. ونجدها في صورة مخالفة تماماً للمرأة الشريرة\'a1 فهذه أسلوبها ملق مخادع وحبها فاسد يقود للموت. أما الحكمة فهي تنادي بكل جلاء ووقار في الأماكن العامة\'a1 تدعو كل الناس أن يقبلوها وتعلن لهم أن من يقبلها تكون هناك كنوز من نصيبه. ولقد أجمع معظم المفسرين أن هذا الإصحاح يتكلم عن المسيح أقنوم الحكمة\'a1 وهذا هو تفسير كنيستنا الأرثوذكسية لهذا الإصحاح. وفي الإصحاح آيات وعبارات لا يتحقق معناها الكامل إلا في المسيح قوة الله وحكمة الله فهو حكمة الله المشخصة أو المتجسدة ( 1كو1:24 +  لو11:49) وفي ( لو11:49) نرى حكمة الله شخصاً يرسل الأنبياء للعالم.
أمثال,8,92,"الإصحاح الثامن على النقيض من الإصحاح السابق نصل هنا للتأمل في الحكمة ونميز شخص المسيح اللوغوس وراء كلمة الحكمة. المسيح الذي يحاول أن يجذب كل نفس إليه لتترك طريق الجهل وتسلك طريق المعرفة والفهم. نصل في هذا الإصحاح إلى ذروة السلسلة عن الحكمة والحديث عن الحكمة. ونجدها في صورة مخالفة تماماً للمرأة الشريرة\'a1 فهذه أسلوبها ملق مخادع وحبها فاسد يقود للموت. أما الحكمة فهي تنادي بكل جلاء ووقار في الأماكن العامة\'a1 تدعو كل الناس أن يقبلوها وتعلن لهم أن من يقبلها تكون هناك كنوز من نصيبه. ولقد أجمع معظم المفسرين أن هذا الإصحاح يتكلم عن المسيح أقنوم الحكمة\'a1 وهذا هو تفسير كنيستنا الأرثوذكسية لهذا الإصحاح. وفي الإصحاح آيات وعبارات لا يتحقق معناها الكامل إلا في المسيح قوة الله وحكمة الله فهو حكمة الله المشخصة أو المتجسدة ( 1كو1:24 +  لو11:49) وفي ( لو11:49) نرى حكمة الله شخصاً يرسل الأنبياء للعالم.
أمثال,8,93,"الإصحاح الثامن على النقيض من الإصحاح السابق نصل هنا للتأمل في الحكمة ونميز شخص المسيح اللوغوس وراء كلمة الحكمة. المسيح الذي يحاول أن يجذب كل نفس إليه لتترك طريق الجهل وتسلك طريق المعرفة والفهم. نصل في هذا الإصحاح إلى ذروة السلسلة عن الحكمة والحديث عن الحكمة. ونجدها في صورة مخالفة تماماً للمرأة الشريرة\'a1 فهذه أسلوبها ملق مخادع وحبها فاسد يقود للموت. أما الحكمة فهي تنادي بكل جلاء ووقار في الأماكن العامة\'a1 تدعو كل الناس أن يقبلوها وتعلن لهم أن من يقبلها تكون هناك كنوز من نصيبه. ولقد أجمع معظم المفسرين أن هذا الإصحاح يتكلم عن المسيح أقنوم الحكمة\'a1 وهذا هو تفسير كنيستنا الأرثوذكسية لهذا الإصحاح. وفي الإصحاح آيات وعبارات لا يتحقق معناها الكامل إلا في المسيح قوة الله وحكمة الله فهو حكمة الله المشخصة أو المتجسدة ( 1كو1:24 +  لو11:49) وفي ( لو11:49) نرى حكمة الله شخصاً يرسل الأنبياء للعالم.
أمثال,8,94,"الإصحاح الثامن على النقيض من الإصحاح السابق نصل هنا للتأمل في الحكمة ونميز شخص المسيح اللوغوس وراء كلمة الحكمة. المسيح الذي يحاول أن يجذب كل نفس إليه لتترك طريق الجهل وتسلك طريق المعرفة والفهم. نصل في هذا الإصحاح إلى ذروة السلسلة عن الحكمة والحديث عن الحكمة. ونجدها في صورة مخالفة تماماً للمرأة الشريرة\'a1 فهذه أسلوبها ملق مخادع وحبها فاسد يقود للموت. أما الحكمة فهي تنادي بكل جلاء ووقار في الأماكن العامة\'a1 تدعو كل الناس أن يقبلوها وتعلن لهم أن من يقبلها تكون هناك كنوز من نصيبه. ولقد أجمع معظم المفسرين أن هذا الإصحاح يتكلم عن المسيح أقنوم الحكمة\'a1 وهذا هو تفسير كنيستنا الأرثوذكسية لهذا الإصحاح. وفي الإصحاح آيات وعبارات لا يتحقق معناها الكامل إلا في المسيح قوة الله وحكمة الله فهو حكمة الله المشخصة أو المتجسدة ( 1كو1:24 +  لو11:49) وفي ( لو11:49) نرى حكمة الله شخصاً يرسل الأنبياء للعالم.
أمثال,8,95,"الإصحاح الثامن على النقيض من الإصحاح السابق نصل هنا للتأمل في الحكمة ونميز شخص المسيح اللوغوس وراء كلمة الحكمة. المسيح الذي يحاول أن يجذب كل نفس إليه لتترك طريق الجهل وتسلك طريق المعرفة والفهم. نصل في هذا الإصحاح إلى ذروة السلسلة عن الحكمة والحديث عن الحكمة. ونجدها في صورة مخالفة تماماً للمرأة الشريرة\'a1 فهذه أسلوبها ملق مخادع وحبها فاسد يقود للموت. أما الحكمة فهي تنادي بكل جلاء ووقار في الأماكن العامة\'a1 تدعو كل الناس أن يقبلوها وتعلن لهم أن من يقبلها تكون هناك كنوز من نصيبه. ولقد أجمع معظم المفسرين أن هذا الإصحاح يتكلم عن المسيح أقنوم الحكمة\'a1 وهذا هو تفسير كنيستنا الأرثوذكسية لهذا الإصحاح. وفي الإصحاح آيات وعبارات لا يتحقق معناها الكامل إلا في المسيح قوة الله وحكمة الله فهو حكمة الله المشخصة أو المتجسدة ( 1كو1:24 +  لو11:49) وفي ( لو11:49) نرى حكمة الله شخصاً يرسل الأنبياء للعالم.
أمثال,8,96,"الإصحاح الثامن على النقيض من الإصحاح السابق نصل هنا للتأمل في الحكمة ونميز شخص المسيح اللوغوس وراء كلمة الحكمة. المسيح الذي يحاول أن يجذب كل نفس إليه لتترك طريق الجهل وتسلك طريق المعرفة والفهم. نصل في هذا الإصحاح إلى ذروة السلسلة عن الحكمة والحديث عن الحكمة. ونجدها في صورة مخالفة تماماً للمرأة الشريرة\'a1 فهذه أسلوبها ملق مخادع وحبها فاسد يقود للموت. أما الحكمة فهي تنادي بكل جلاء ووقار في الأماكن العامة\'a1 تدعو كل الناس أن يقبلوها وتعلن لهم أن من يقبلها تكون هناك كنوز من نصيبه. ولقد أجمع معظم المفسرين أن هذا الإصحاح يتكلم عن المسيح أقنوم الحكمة\'a1 وهذا هو تفسير كنيستنا الأرثوذكسية لهذا الإصحاح. وفي الإصحاح آيات وعبارات لا يتحقق معناها الكامل إلا في المسيح قوة الله وحكمة الله فهو حكمة الله المشخصة أو المتجسدة ( 1كو1:24 +  لو11:49) وفي ( لو11:49) نرى حكمة الله شخصاً يرسل الأنبياء للعالم.
أمثال,8,97,"الإصحاح الثامن على النقيض من الإصحاح السابق نصل هنا للتأمل في الحكمة ونميز شخص المسيح اللوغوس وراء كلمة الحكمة. المسيح الذي يحاول أن يجذب كل نفس إليه لتترك طريق الجهل وتسلك طريق المعرفة والفهم. نصل في هذا الإصحاح إلى ذروة السلسلة عن الحكمة والحديث عن الحكمة. ونجدها في صورة مخالفة تماماً للمرأة الشريرة\'a1 فهذه أسلوبها ملق مخادع وحبها فاسد يقود للموت. أما الحكمة فهي تنادي بكل جلاء ووقار في الأماكن العامة\'a1 تدعو كل الناس أن يقبلوها وتعلن لهم أن من يقبلها تكون هناك كنوز من نصيبه. ولقد أجمع معظم المفسرين أن هذا الإصحاح يتكلم عن المسيح أقنوم الحكمة\'a1 وهذا هو تفسير كنيستنا الأرثوذكسية لهذا الإصحاح. وفي الإصحاح آيات وعبارات لا يتحقق معناها الكامل إلا في المسيح قوة الله وحكمة الله فهو حكمة الله المشخصة أو المتجسدة ( 1كو1:24 +  لو11:49) وفي ( لو11:49) نرى حكمة الله شخصاً يرسل الأنبياء للعالم.
أمثال,8,98,"الإصحاح الثامن على النقيض من الإصحاح السابق نصل هنا للتأمل في الحكمة ونميز شخص المسيح اللوغوس وراء كلمة الحكمة. المسيح الذي يحاول أن يجذب كل نفس إليه لتترك طريق الجهل وتسلك طريق المعرفة والفهم. نصل في هذا الإصحاح إلى ذروة السلسلة عن الحكمة والحديث عن الحكمة. ونجدها في صورة مخالفة تماماً للمرأة الشريرة\'a1 فهذه أسلوبها ملق مخادع وحبها فاسد يقود للموت. أما الحكمة فهي تنادي بكل جلاء ووقار في الأماكن العامة\'a1 تدعو كل الناس أن يقبلوها وتعلن لهم أن من يقبلها تكون هناك كنوز من نصيبه. ولقد أجمع معظم المفسرين أن هذا الإصحاح يتكلم عن المسيح أقنوم الحكمة\'a1 وهذا هو تفسير كنيستنا الأرثوذكسية لهذا الإصحاح. وفي الإصحاح آيات وعبارات لا يتحقق معناها الكامل إلا في المسيح قوة الله وحكمة الله فهو حكمة الله المشخصة أو المتجسدة ( 1كو1:24 +  لو11:49) وفي ( لو11:49) نرى حكمة الله شخصاً يرسل الأنبياء للعالم.
أمثال,8,99,"الإصحاح الثامن على النقيض من الإصحاح السابق نصل هنا للتأمل في الحكمة ونميز شخص المسيح اللوغوس وراء كلمة الحكمة. المسيح الذي يحاول أن يجذب كل نفس إليه لتترك طريق الجهل وتسلك طريق المعرفة والفهم. نصل في هذا الإصحاح إلى ذروة السلسلة عن الحكمة والحديث عن الحكمة. ونجدها في صورة مخالفة تماماً للمرأة الشريرة\'a1 فهذه أسلوبها ملق مخادع وحبها فاسد يقود للموت. أما الحكمة فهي تنادي بكل جلاء ووقار في الأماكن العامة\'a1 تدعو كل الناس أن يقبلوها وتعلن لهم أن من يقبلها تكون هناك كنوز من نصيبه. ولقد أجمع معظم المفسرين أن هذا الإصحاح يتكلم عن المسيح أقنوم الحكمة\'a1 وهذا هو تفسير كنيستنا الأرثوذكسية لهذا الإصحاح. وفي الإصحاح آيات وعبارات لا يتحقق معناها الكامل إلا في المسيح قوة الله وحكمة الله فهو حكمة الله المشخصة أو المتجسدة ( 1كو1:24 +  لو11:49) وفي ( لو11:49) نرى حكمة الله شخصاً يرسل الأنبياء للعالم.
أمثال,9,1,"الإصحاح التاسع رأينا في الإصحاح الثامن\'a1 المسيح أقنوم الحكمة\'a1 ومن يتبعه يجد حياة\'a1 ومن يرفضه يموت. وهنا نجد الحكيم يشدد على هذه الفكرة. ويُصَّوِرْ هنا صراع بين المسيح (الحكمة) وبين إبليس (عدو الخير الذي هو الجهالة والحماقة). وكلاهما يتنافسان في جذب النفس البشرية ليملكا عليها. والقصد من هذه الصورة أن يوضح أن الحياة والموت\'a1 الشر والخير كلاهما أمام كل واحد منا. ونحن أحرار أن نختار أيهما لنسلم له القلب. والتصوير تم هنا بأن كلاً منهما أقام وليمة للنفس ويدعوها لتقبل إلى وليمته.
أمثال,9,2,"الإصحاح التاسع رأينا في الإصحاح الثامن\'a1 المسيح أقنوم الحكمة\'a1 ومن يتبعه يجد حياة\'a1 ومن يرفضه يموت. وهنا نجد الحكيم يشدد على هذه الفكرة. ويُصَّوِرْ هنا صراع بين المسيح (الحكمة) وبين إبليس (عدو الخير الذي هو الجهالة والحماقة). وكلاهما يتنافسان في جذب النفس البشرية ليملكا عليها. والقصد من هذه الصورة أن يوضح أن الحياة والموت\'a1 الشر والخير كلاهما أمام كل واحد منا. ونحن أحرار أن نختار أيهما لنسلم له القلب. والتصوير تم هنا بأن كلاً منهما أقام وليمة للنفس ويدعوها لتقبل إلى وليمته.
أمثال,9,3,"الإصحاح التاسع رأينا في الإصحاح الثامن\'a1 المسيح أقنوم الحكمة\'a1 ومن يتبعه يجد حياة\'a1 ومن يرفضه يموت. وهنا نجد الحكيم يشدد على هذه الفكرة. ويُصَّوِرْ هنا صراع بين المسيح (الحكمة) وبين إبليس (عدو الخير الذي هو الجهالة والحماقة). وكلاهما يتنافسان في جذب النفس البشرية ليملكا عليها. والقصد من هذه الصورة أن يوضح أن الحياة والموت\'a1 الشر والخير كلاهما أمام كل واحد منا. ونحن أحرار أن نختار أيهما لنسلم له القلب. والتصوير تم هنا بأن كلاً منهما أقام وليمة للنفس ويدعوها لتقبل إلى وليمته.
أمثال,9,4,"الإصحاح التاسع رأينا في الإصحاح الثامن\'a1 المسيح أقنوم الحكمة\'a1 ومن يتبعه يجد حياة\'a1 ومن يرفضه يموت. وهنا نجد الحكيم يشدد على هذه الفكرة. ويُصَّوِرْ هنا صراع بين المسيح (الحكمة) وبين إبليس (عدو الخير الذي هو الجهالة والحماقة). وكلاهما يتنافسان في جذب النفس البشرية ليملكا عليها. والقصد من هذه الصورة أن يوضح أن الحياة والموت\'a1 الشر والخير كلاهما أمام كل واحد منا. ونحن أحرار أن نختار أيهما لنسلم له القلب. والتصوير تم هنا بأن كلاً منهما أقام وليمة للنفس ويدعوها لتقبل إلى وليمته.
أمثال,9,5,"الإصحاح التاسع رأينا في الإصحاح الثامن\'a1 المسيح أقنوم الحكمة\'a1 ومن يتبعه يجد حياة\'a1 ومن يرفضه يموت. وهنا نجد الحكيم يشدد على هذه الفكرة. ويُصَّوِرْ هنا صراع بين المسيح (الحكمة) وبين إبليس (عدو الخير الذي هو الجهالة والحماقة). وكلاهما يتنافسان في جذب النفس البشرية ليملكا عليها. والقصد من هذه الصورة أن يوضح أن الحياة والموت\'a1 الشر والخير كلاهما أمام كل واحد منا. ونحن أحرار أن نختار أيهما لنسلم له القلب. والتصوير تم هنا بأن كلاً منهما أقام وليمة للنفس ويدعوها لتقبل إلى وليمته.
أمثال,9,6,"الإصحاح التاسع رأينا في الإصحاح الثامن\'a1 المسيح أقنوم الحكمة\'a1 ومن يتبعه يجد حياة\'a1 ومن يرفضه يموت. وهنا نجد الحكيم يشدد على هذه الفكرة. ويُصَّوِرْ هنا صراع بين المسيح (الحكمة) وبين إبليس (عدو الخير الذي هو الجهالة والحماقة). وكلاهما يتنافسان في جذب النفس البشرية ليملكا عليها. والقصد من هذه الصورة أن يوضح أن الحياة والموت\'a1 الشر والخير كلاهما أمام كل واحد منا. ونحن أحرار أن نختار أيهما لنسلم له القلب. والتصوير تم هنا بأن كلاً منهما أقام وليمة للنفس ويدعوها لتقبل إلى وليمته.
أمثال,9,7,"الإصحاح التاسع رأينا في الإصحاح الثامن\'a1 المسيح أقنوم الحكمة\'a1 ومن يتبعه يجد حياة\'a1 ومن يرفضه يموت. وهنا نجد الحكيم يشدد على هذه الفكرة. ويُصَّوِرْ هنا صراع بين المسيح (الحكمة) وبين إبليس (عدو الخير الذي هو الجهالة والحماقة). وكلاهما يتنافسان في جذب النفس البشرية ليملكا عليها. والقصد من هذه الصورة أن يوضح أن الحياة والموت\'a1 الشر والخير كلاهما أمام كل واحد منا. ونحن أحرار أن نختار أيهما لنسلم له القلب. والتصوير تم هنا بأن كلاً منهما أقام وليمة للنفس ويدعوها لتقبل إلى وليمته.
أمثال,9,8,"الإصحاح التاسع رأينا في الإصحاح الثامن\'a1 المسيح أقنوم الحكمة\'a1 ومن يتبعه يجد حياة\'a1 ومن يرفضه يموت. وهنا نجد الحكيم يشدد على هذه الفكرة. ويُصَّوِرْ هنا صراع بين المسيح (الحكمة) وبين إبليس (عدو الخير الذي هو الجهالة والحماقة). وكلاهما يتنافسان في جذب النفس البشرية ليملكا عليها. والقصد من هذه الصورة أن يوضح أن الحياة والموت\'a1 الشر والخير كلاهما أمام كل واحد منا. ونحن أحرار أن نختار أيهما لنسلم له القلب. والتصوير تم هنا بأن كلاً منهما أقام وليمة للنفس ويدعوها لتقبل إلى وليمته.
أمثال,9,9,"الإصحاح التاسع رأينا في الإصحاح الثامن\'a1 المسيح أقنوم الحكمة\'a1 ومن يتبعه يجد حياة\'a1 ومن يرفضه يموت. وهنا نجد الحكيم يشدد على هذه الفكرة. ويُصَّوِرْ هنا صراع بين المسيح (الحكمة) وبين إبليس (عدو الخير الذي هو الجهالة والحماقة). وكلاهما يتنافسان في جذب النفس البشرية ليملكا عليها. والقصد من هذه الصورة أن يوضح أن الحياة والموت\'a1 الشر والخير كلاهما أمام كل واحد منا. ونحن أحرار أن نختار أيهما لنسلم له القلب. والتصوير تم هنا بأن كلاً منهما أقام وليمة للنفس ويدعوها لتقبل إلى وليمته.
أمثال,9,10,"الإصحاح التاسع رأينا في الإصحاح الثامن\'a1 المسيح أقنوم الحكمة\'a1 ومن يتبعه يجد حياة\'a1 ومن يرفضه يموت. وهنا نجد الحكيم يشدد على هذه الفكرة. ويُصَّوِرْ هنا صراع بين المسيح (الحكمة) وبين إبليس (عدو الخير الذي هو الجهالة والحماقة). وكلاهما يتنافسان في جذب النفس البشرية ليملكا عليها. والقصد من هذه الصورة أن يوضح أن الحياة والموت\'a1 الشر والخير كلاهما أمام كل واحد منا. ونحن أحرار أن نختار أيهما لنسلم له القلب. والتصوير تم هنا بأن كلاً منهما أقام وليمة للنفس ويدعوها لتقبل إلى وليمته.
أمثال,9,11,"الإصحاح التاسع رأينا في الإصحاح الثامن\'a1 المسيح أقنوم الحكمة\'a1 ومن يتبعه يجد حياة\'a1 ومن يرفضه يموت. وهنا نجد الحكيم يشدد على هذه الفكرة. ويُصَّوِرْ هنا صراع بين المسيح (الحكمة) وبين إبليس (عدو الخير الذي هو الجهالة والحماقة). وكلاهما يتنافسان في جذب النفس البشرية ليملكا عليها. والقصد من هذه الصورة أن يوضح أن الحياة والموت\'a1 الشر والخير كلاهما أمام كل واحد منا. ونحن أحرار أن نختار أيهما لنسلم له القلب. والتصوير تم هنا بأن كلاً منهما أقام وليمة للنفس ويدعوها لتقبل إلى وليمته.
أمثال,9,12,"الإصحاح التاسع رأينا في الإصحاح الثامن\'a1 المسيح أقنوم الحكمة\'a1 ومن يتبعه يجد حياة\'a1 ومن يرفضه يموت. وهنا نجد الحكيم يشدد على هذه الفكرة. ويُصَّوِرْ هنا صراع بين المسيح (الحكمة) وبين إبليس (عدو الخير الذي هو الجهالة والحماقة). وكلاهما يتنافسان في جذب النفس البشرية ليملكا عليها. والقصد من هذه الصورة أن يوضح أن الحياة والموت\'a1 الشر والخير كلاهما أمام كل واحد منا. ونحن أحرار أن نختار أيهما لنسلم له القلب. والتصوير تم هنا بأن كلاً منهما أقام وليمة للنفس ويدعوها لتقبل إلى وليمته.
أمثال,9,13,"الإصحاح التاسع رأينا في الإصحاح الثامن\'a1 المسيح أقنوم الحكمة\'a1 ومن يتبعه يجد حياة\'a1 ومن يرفضه يموت. وهنا نجد الحكيم يشدد على هذه الفكرة. ويُصَّوِرْ هنا صراع بين المسيح (الحكمة) وبين إبليس (عدو الخير الذي هو الجهالة والحماقة). وكلاهما يتنافسان في جذب النفس البشرية ليملكا عليها. والقصد من هذه الصورة أن يوضح أن الحياة والموت\'a1 الشر والخير كلاهما أمام كل واحد منا. ونحن أحرار أن نختار أيهما لنسلم له القلب. والتصوير تم هنا بأن كلاً منهما أقام وليمة للنفس ويدعوها لتقبل إلى وليمته.
أمثال,9,14,"الإصحاح التاسع رأينا في الإصحاح الثامن\'a1 المسيح أقنوم الحكمة\'a1 ومن يتبعه يجد حياة\'a1 ومن يرفضه يموت. وهنا نجد الحكيم يشدد على هذه الفكرة. ويُصَّوِرْ هنا صراع بين المسيح (الحكمة) وبين إبليس (عدو الخير الذي هو الجهالة والحماقة). وكلاهما يتنافسان في جذب النفس البشرية ليملكا عليها. والقصد من هذه الصورة أن يوضح أن الحياة والموت\'a1 الشر والخير كلاهما أمام كل واحد منا. ونحن أحرار أن نختار أيهما لنسلم له القلب. والتصوير تم هنا بأن كلاً منهما أقام وليمة للنفس ويدعوها لتقبل إلى وليمته.
أمثال,9,15,"الإصحاح التاسع رأينا في الإصحاح الثامن\'a1 المسيح أقنوم الحكمة\'a1 ومن يتبعه يجد حياة\'a1 ومن يرفضه يموت. وهنا نجد الحكيم يشدد على هذه الفكرة. ويُصَّوِرْ هنا صراع بين المسيح (الحكمة) وبين إبليس (عدو الخير الذي هو الجهالة والحماقة). وكلاهما يتنافسان في جذب النفس البشرية ليملكا عليها. والقصد من هذه الصورة أن يوضح أن الحياة والموت\'a1 الشر والخير كلاهما أمام كل واحد منا. ونحن أحرار أن نختار أيهما لنسلم له القلب. والتصوير تم هنا بأن كلاً منهما أقام وليمة للنفس ويدعوها لتقبل إلى وليمته.
أمثال,9,16,"الإصحاح التاسع رأينا في الإصحاح الثامن\'a1 المسيح أقنوم الحكمة\'a1 ومن يتبعه يجد حياة\'a1 ومن يرفضه يموت. وهنا نجد الحكيم يشدد على هذه الفكرة. ويُصَّوِرْ هنا صراع بين المسيح (الحكمة) وبين إبليس (عدو الخير الذي هو الجهالة والحماقة). وكلاهما يتنافسان في جذب النفس البشرية ليملكا عليها. والقصد من هذه الصورة أن يوضح أن الحياة والموت\'a1 الشر والخير كلاهما أمام كل واحد منا. ونحن أحرار أن نختار أيهما لنسلم له القلب. والتصوير تم هنا بأن كلاً منهما أقام وليمة للنفس ويدعوها لتقبل إلى وليمته.
أمثال,9,17,"الإصحاح التاسع رأينا في الإصحاح الثامن\'a1 المسيح أقنوم الحكمة\'a1 ومن يتبعه يجد حياة\'a1 ومن يرفضه يموت. وهنا نجد الحكيم يشدد على هذه الفكرة. ويُصَّوِرْ هنا صراع بين المسيح (الحكمة) وبين إبليس (عدو الخير الذي هو الجهالة والحماقة). وكلاهما يتنافسان في جذب النفس البشرية ليملكا عليها. والقصد من هذه الصورة أن يوضح أن الحياة والموت\'a1 الشر والخير كلاهما أمام كل واحد منا. ونحن أحرار أن نختار أيهما لنسلم له القلب. والتصوير تم هنا بأن كلاً منهما أقام وليمة للنفس ويدعوها لتقبل إلى وليمته.
أمثال,9,18,"الإصحاح التاسع رأينا في الإصحاح الثامن\'a1 المسيح أقنوم الحكمة\'a1 ومن يتبعه يجد حياة\'a1 ومن يرفضه يموت. وهنا نجد الحكيم يشدد على هذه الفكرة. ويُصَّوِرْ هنا صراع بين المسيح (الحكمة) وبين إبليس (عدو الخير الذي هو الجهالة والحماقة). وكلاهما يتنافسان في جذب النفس البشرية ليملكا عليها. والقصد من هذه الصورة أن يوضح أن الحياة والموت\'a1 الشر والخير كلاهما أمام كل واحد منا. ونحن أحرار أن نختار أيهما لنسلم له القلب. والتصوير تم هنا بأن كلاً منهما أقام وليمة للنفس ويدعوها لتقبل إلى وليمته.
أمثال,9,19,"الإصحاح التاسع رأينا في الإصحاح الثامن\'a1 المسيح أقنوم الحكمة\'a1 ومن يتبعه يجد حياة\'a1 ومن يرفضه يموت. وهنا نجد الحكيم يشدد على هذه الفكرة. ويُصَّوِرْ هنا صراع بين المسيح (الحكمة) وبين إبليس (عدو الخير الذي هو الجهالة والحماقة). وكلاهما يتنافسان في جذب النفس البشرية ليملكا عليها. والقصد من هذه الصورة أن يوضح أن الحياة والموت\'a1 الشر والخير كلاهما أمام كل واحد منا. ونحن أحرار أن نختار أيهما لنسلم له القلب. والتصوير تم هنا بأن كلاً منهما أقام وليمة للنفس ويدعوها لتقبل إلى وليمته.
أمثال,9,20,"الإصحاح التاسع رأينا في الإصحاح الثامن\'a1 المسيح أقنوم الحكمة\'a1 ومن يتبعه يجد حياة\'a1 ومن يرفضه يموت. وهنا نجد الحكيم يشدد على هذه الفكرة. ويُصَّوِرْ هنا صراع بين المسيح (الحكمة) وبين إبليس (عدو الخير الذي هو الجهالة والحماقة). وكلاهما يتنافسان في جذب النفس البشرية ليملكا عليها. والقصد من هذه الصورة أن يوضح أن الحياة والموت\'a1 الشر والخير كلاهما أمام كل واحد منا. ونحن أحرار أن نختار أيهما لنسلم له القلب. والتصوير تم هنا بأن كلاً منهما أقام وليمة للنفس ويدعوها لتقبل إلى وليمته.
أمثال,9,21,"الإصحاح التاسع رأينا في الإصحاح الثامن\'a1 المسيح أقنوم الحكمة\'a1 ومن يتبعه يجد حياة\'a1 ومن يرفضه يموت. وهنا نجد الحكيم يشدد على هذه الفكرة. ويُصَّوِرْ هنا صراع بين المسيح (الحكمة) وبين إبليس (عدو الخير الذي هو الجهالة والحماقة). وكلاهما يتنافسان في جذب النفس البشرية ليملكا عليها. والقصد من هذه الصورة أن يوضح أن الحياة والموت\'a1 الشر والخير كلاهما أمام كل واحد منا. ونحن أحرار أن نختار أيهما لنسلم له القلب. والتصوير تم هنا بأن كلاً منهما أقام وليمة للنفس ويدعوها لتقبل إلى وليمته.
أمثال,9,22,"الإصحاح التاسع رأينا في الإصحاح الثامن\'a1 المسيح أقنوم الحكمة\'a1 ومن يتبعه يجد حياة\'a1 ومن يرفضه يموت. وهنا نجد الحكيم يشدد على هذه الفكرة. ويُصَّوِرْ هنا صراع بين المسيح (الحكمة) وبين إبليس (عدو الخير الذي هو الجهالة والحماقة). وكلاهما يتنافسان في جذب النفس البشرية ليملكا عليها. والقصد من هذه الصورة أن يوضح أن الحياة والموت\'a1 الشر والخير كلاهما أمام كل واحد منا. ونحن أحرار أن نختار أيهما لنسلم له القلب. والتصوير تم هنا بأن كلاً منهما أقام وليمة للنفس ويدعوها لتقبل إلى وليمته.
أمثال,9,23,"الإصحاح التاسع رأينا في الإصحاح الثامن\'a1 المسيح أقنوم الحكمة\'a1 ومن يتبعه يجد حياة\'a1 ومن يرفضه يموت. وهنا نجد الحكيم يشدد على هذه الفكرة. ويُصَّوِرْ هنا صراع بين المسيح (الحكمة) وبين إبليس (عدو الخير الذي هو الجهالة والحماقة). وكلاهما يتنافسان في جذب النفس البشرية ليملكا عليها. والقصد من هذه الصورة أن يوضح أن الحياة والموت\'a1 الشر والخير كلاهما أمام كل واحد منا. ونحن أحرار أن نختار أيهما لنسلم له القلب. والتصوير تم هنا بأن كلاً منهما أقام وليمة للنفس ويدعوها لتقبل إلى وليمته.
أمثال,9,24,"الإصحاح التاسع رأينا في الإصحاح الثامن\'a1 المسيح أقنوم الحكمة\'a1 ومن يتبعه يجد حياة\'a1 ومن يرفضه يموت. وهنا نجد الحكيم يشدد على هذه الفكرة. ويُصَّوِرْ هنا صراع بين المسيح (الحكمة) وبين إبليس (عدو الخير الذي هو الجهالة والحماقة). وكلاهما يتنافسان في جذب النفس البشرية ليملكا عليها. والقصد من هذه الصورة أن يوضح أن الحياة والموت\'a1 الشر والخير كلاهما أمام كل واحد منا. ونحن أحرار أن نختار أيهما لنسلم له القلب. والتصوير تم هنا بأن كلاً منهما أقام وليمة للنفس ويدعوها لتقبل إلى وليمته.
أمثال,9,25,"الإصحاح التاسع رأينا في الإصحاح الثامن\'a1 المسيح أقنوم الحكمة\'a1 ومن يتبعه يجد حياة\'a1 ومن يرفضه يموت. وهنا نجد الحكيم يشدد على هذه الفكرة. ويُصَّوِرْ هنا صراع بين المسيح (الحكمة) وبين إبليس (عدو الخير الذي هو الجهالة والحماقة). وكلاهما يتنافسان في جذب النفس البشرية ليملكا عليها. والقصد من هذه الصورة أن يوضح أن الحياة والموت\'a1 الشر والخير كلاهما أمام كل واحد منا. ونحن أحرار أن نختار أيهما لنسلم له القلب. والتصوير تم هنا بأن كلاً منهما أقام وليمة للنفس ويدعوها لتقبل إلى وليمته.
أمثال,9,26,"الإصحاح التاسع رأينا في الإصحاح الثامن\'a1 المسيح أقنوم الحكمة\'a1 ومن يتبعه يجد حياة\'a1 ومن يرفضه يموت. وهنا نجد الحكيم يشدد على هذه الفكرة. ويُصَّوِرْ هنا صراع بين المسيح (الحكمة) وبين إبليس (عدو الخير الذي هو الجهالة والحماقة). وكلاهما يتنافسان في جذب النفس البشرية ليملكا عليها. والقصد من هذه الصورة أن يوضح أن الحياة والموت\'a1 الشر والخير كلاهما أمام كل واحد منا. ونحن أحرار أن نختار أيهما لنسلم له القلب. والتصوير تم هنا بأن كلاً منهما أقام وليمة للنفس ويدعوها لتقبل إلى وليمته.
أمثال,9,27,"الإصحاح التاسع رأينا في الإصحاح الثامن\'a1 المسيح أقنوم الحكمة\'a1 ومن يتبعه يجد حياة\'a1 ومن يرفضه يموت. وهنا نجد الحكيم يشدد على هذه الفكرة. ويُصَّوِرْ هنا صراع بين المسيح (الحكمة) وبين إبليس (عدو الخير الذي هو الجهالة والحماقة). وكلاهما يتنافسان في جذب النفس البشرية ليملكا عليها. والقصد من هذه الصورة أن يوضح أن الحياة والموت\'a1 الشر والخير كلاهما أمام كل واحد منا. ونحن أحرار أن نختار أيهما لنسلم له القلب. والتصوير تم هنا بأن كلاً منهما أقام وليمة للنفس ويدعوها لتقبل إلى وليمته.
أمثال,9,28,"الإصحاح التاسع رأينا في الإصحاح الثامن\'a1 المسيح أقنوم الحكمة\'a1 ومن يتبعه يجد حياة\'a1 ومن يرفضه يموت. وهنا نجد الحكيم يشدد على هذه الفكرة. ويُصَّوِرْ هنا صراع بين المسيح (الحكمة) وبين إبليس (عدو الخير الذي هو الجهالة والحماقة). وكلاهما يتنافسان في جذب النفس البشرية ليملكا عليها. والقصد من هذه الصورة أن يوضح أن الحياة والموت\'a1 الشر والخير كلاهما أمام كل واحد منا. ونحن أحرار أن نختار أيهما لنسلم له القلب. والتصوير تم هنا بأن كلاً منهما أقام وليمة للنفس ويدعوها لتقبل إلى وليمته.
أمثال,9,29,"الإصحاح التاسع رأينا في الإصحاح الثامن\'a1 المسيح أقنوم الحكمة\'a1 ومن يتبعه يجد حياة\'a1 ومن يرفضه يموت. وهنا نجد الحكيم يشدد على هذه الفكرة. ويُصَّوِرْ هنا صراع بين المسيح (الحكمة) وبين إبليس (عدو الخير الذي هو الجهالة والحماقة). وكلاهما يتنافسان في جذب النفس البشرية ليملكا عليها. والقصد من هذه الصورة أن يوضح أن الحياة والموت\'a1 الشر والخير كلاهما أمام كل واحد منا. ونحن أحرار أن نختار أيهما لنسلم له القلب. والتصوير تم هنا بأن كلاً منهما أقام وليمة للنفس ويدعوها لتقبل إلى وليمته.
أمثال,9,30,"الإصحاح التاسع رأينا في الإصحاح الثامن\'a1 المسيح أقنوم الحكمة\'a1 ومن يتبعه يجد حياة\'a1 ومن يرفضه يموت. وهنا نجد الحكيم يشدد على هذه الفكرة. ويُصَّوِرْ هنا صراع بين المسيح (الحكمة) وبين إبليس (عدو الخير الذي هو الجهالة والحماقة). وكلاهما يتنافسان في جذب النفس البشرية ليملكا عليها. والقصد من هذه الصورة أن يوضح أن الحياة والموت\'a1 الشر والخير كلاهما أمام كل واحد منا. ونحن أحرار أن نختار أيهما لنسلم له القلب. والتصوير تم هنا بأن كلاً منهما أقام وليمة للنفس ويدعوها لتقبل إلى وليمته.
أمثال,9,31,"الإصحاح التاسع رأينا في الإصحاح الثامن\'a1 المسيح أقنوم الحكمة\'a1 ومن يتبعه يجد حياة\'a1 ومن يرفضه يموت. وهنا نجد الحكيم يشدد على هذه الفكرة. ويُصَّوِرْ هنا صراع بين المسيح (الحكمة) وبين إبليس (عدو الخير الذي هو الجهالة والحماقة). وكلاهما يتنافسان في جذب النفس البشرية ليملكا عليها. والقصد من هذه الصورة أن يوضح أن الحياة والموت\'a1 الشر والخير كلاهما أمام كل واحد منا. ونحن أحرار أن نختار أيهما لنسلم له القلب. والتصوير تم هنا بأن كلاً منهما أقام وليمة للنفس ويدعوها لتقبل إلى وليمته.
أمثال,9,32,"الإصحاح التاسع رأينا في الإصحاح الثامن\'a1 المسيح أقنوم الحكمة\'a1 ومن يتبعه يجد حياة\'a1 ومن يرفضه يموت. وهنا نجد الحكيم يشدد على هذه الفكرة. ويُصَّوِرْ هنا صراع بين المسيح (الحكمة) وبين إبليس (عدو الخير الذي هو الجهالة والحماقة). وكلاهما يتنافسان في جذب النفس البشرية ليملكا عليها. والقصد من هذه الصورة أن يوضح أن الحياة والموت\'a1 الشر والخير كلاهما أمام كل واحد منا. ونحن أحرار أن نختار أيهما لنسلم له القلب. والتصوير تم هنا بأن كلاً منهما أقام وليمة للنفس ويدعوها لتقبل إلى وليمته.
أمثال,9,33,"الإصحاح التاسع رأينا في الإصحاح الثامن\'a1 المسيح أقنوم الحكمة\'a1 ومن يتبعه يجد حياة\'a1 ومن يرفضه يموت. وهنا نجد الحكيم يشدد على هذه الفكرة. ويُصَّوِرْ هنا صراع بين المسيح (الحكمة) وبين إبليس (عدو الخير الذي هو الجهالة والحماقة). وكلاهما يتنافسان في جذب النفس البشرية ليملكا عليها. والقصد من هذه الصورة أن يوضح أن الحياة والموت\'a1 الشر والخير كلاهما أمام كل واحد منا. ونحن أحرار أن نختار أيهما لنسلم له القلب. والتصوير تم هنا بأن كلاً منهما أقام وليمة للنفس ويدعوها لتقبل إلى وليمته.
أمثال,9,34,"الإصحاح التاسع رأينا في الإصحاح الثامن\'a1 المسيح أقنوم الحكمة\'a1 ومن يتبعه يجد حياة\'a1 ومن يرفضه يموت. وهنا نجد الحكيم يشدد على هذه الفكرة. ويُصَّوِرْ هنا صراع بين المسيح (الحكمة) وبين إبليس (عدو الخير الذي هو الجهالة والحماقة). وكلاهما يتنافسان في جذب النفس البشرية ليملكا عليها. والقصد من هذه الصورة أن يوضح أن الحياة والموت\'a1 الشر والخير كلاهما أمام كل واحد منا. ونحن أحرار أن نختار أيهما لنسلم له القلب. والتصوير تم هنا بأن كلاً منهما أقام وليمة للنفس ويدعوها لتقبل إلى وليمته.
أمثال,9,35,"الإصحاح التاسع رأينا في الإصحاح الثامن\'a1 المسيح أقنوم الحكمة\'a1 ومن يتبعه يجد حياة\'a1 ومن يرفضه يموت. وهنا نجد الحكيم يشدد على هذه الفكرة. ويُصَّوِرْ هنا صراع بين المسيح (الحكمة) وبين إبليس (عدو الخير الذي هو الجهالة والحماقة). وكلاهما يتنافسان في جذب النفس البشرية ليملكا عليها. والقصد من هذه الصورة أن يوضح أن الحياة والموت\'a1 الشر والخير كلاهما أمام كل واحد منا. ونحن أحرار أن نختار أيهما لنسلم له القلب. والتصوير تم هنا بأن كلاً منهما أقام وليمة للنفس ويدعوها لتقبل إلى وليمته.
أمثال,9,36,"الإصحاح التاسع رأينا في الإصحاح الثامن\'a1 المسيح أقنوم الحكمة\'a1 ومن يتبعه يجد حياة\'a1 ومن يرفضه يموت. وهنا نجد الحكيم يشدد على هذه الفكرة. ويُصَّوِرْ هنا صراع بين المسيح (الحكمة) وبين إبليس (عدو الخير الذي هو الجهالة والحماقة). وكلاهما يتنافسان في جذب النفس البشرية ليملكا عليها. والقصد من هذه الصورة أن يوضح أن الحياة والموت\'a1 الشر والخير كلاهما أمام كل واحد منا. ونحن أحرار أن نختار أيهما لنسلم له القلب. والتصوير تم هنا بأن كلاً منهما أقام وليمة للنفس ويدعوها لتقبل إلى وليمته.
أمثال,9,37,"الإصحاح التاسع رأينا في الإصحاح الثامن\'a1 المسيح أقنوم الحكمة\'a1 ومن يتبعه يجد حياة\'a1 ومن يرفضه يموت. وهنا نجد الحكيم يشدد على هذه الفكرة. ويُصَّوِرْ هنا صراع بين المسيح (الحكمة) وبين إبليس (عدو الخير الذي هو الجهالة والحماقة). وكلاهما يتنافسان في جذب النفس البشرية ليملكا عليها. والقصد من هذه الصورة أن يوضح أن الحياة والموت\'a1 الشر والخير كلاهما أمام كل واحد منا. ونحن أحرار أن نختار أيهما لنسلم له القلب. والتصوير تم هنا بأن كلاً منهما أقام وليمة للنفس ويدعوها لتقبل إلى وليمته.
أمثال,9,38,"الإصحاح التاسع رأينا في الإصحاح الثامن\'a1 المسيح أقنوم الحكمة\'a1 ومن يتبعه يجد حياة\'a1 ومن يرفضه يموت. وهنا نجد الحكيم يشدد على هذه الفكرة. ويُصَّوِرْ هنا صراع بين المسيح (الحكمة) وبين إبليس (عدو الخير الذي هو الجهالة والحماقة). وكلاهما يتنافسان في جذب النفس البشرية ليملكا عليها. والقصد من هذه الصورة أن يوضح أن الحياة والموت\'a1 الشر والخير كلاهما أمام كل واحد منا. ونحن أحرار أن نختار أيهما لنسلم له القلب. والتصوير تم هنا بأن كلاً منهما أقام وليمة للنفس ويدعوها لتقبل إلى وليمته.
أمثال,9,39,"الإصحاح التاسع رأينا في الإصحاح الثامن\'a1 المسيح أقنوم الحكمة\'a1 ومن يتبعه يجد حياة\'a1 ومن يرفضه يموت. وهنا نجد الحكيم يشدد على هذه الفكرة. ويُصَّوِرْ هنا صراع بين المسيح (الحكمة) وبين إبليس (عدو الخير الذي هو الجهالة والحماقة). وكلاهما يتنافسان في جذب النفس البشرية ليملكا عليها. والقصد من هذه الصورة أن يوضح أن الحياة والموت\'a1 الشر والخير كلاهما أمام كل واحد منا. ونحن أحرار أن نختار أيهما لنسلم له القلب. والتصوير تم هنا بأن كلاً منهما أقام وليمة للنفس ويدعوها لتقبل إلى وليمته.
أمثال,9,40,"الإصحاح التاسع رأينا في الإصحاح الثامن\'a1 المسيح أقنوم الحكمة\'a1 ومن يتبعه يجد حياة\'a1 ومن يرفضه يموت. وهنا نجد الحكيم يشدد على هذه الفكرة. ويُصَّوِرْ هنا صراع بين المسيح (الحكمة) وبين إبليس (عدو الخير الذي هو الجهالة والحماقة). وكلاهما يتنافسان في جذب النفس البشرية ليملكا عليها. والقصد من هذه الصورة أن يوضح أن الحياة والموت\'a1 الشر والخير كلاهما أمام كل واحد منا. ونحن أحرار أن نختار أيهما لنسلم له القلب. والتصوير تم هنا بأن كلاً منهما أقام وليمة للنفس ويدعوها لتقبل إلى وليمته.
أمثال,9,41,"الإصحاح التاسع رأينا في الإصحاح الثامن\'a1 المسيح أقنوم الحكمة\'a1 ومن يتبعه يجد حياة\'a1 ومن يرفضه يموت. وهنا نجد الحكيم يشدد على هذه الفكرة. ويُصَّوِرْ هنا صراع بين المسيح (الحكمة) وبين إبليس (عدو الخير الذي هو الجهالة والحماقة). وكلاهما يتنافسان في جذب النفس البشرية ليملكا عليها. والقصد من هذه الصورة أن يوضح أن الحياة والموت\'a1 الشر والخير كلاهما أمام كل واحد منا. ونحن أحرار أن نختار أيهما لنسلم له القلب. والتصوير تم هنا بأن كلاً منهما أقام وليمة للنفس ويدعوها لتقبل إلى وليمته.
أمثال,9,42,"الإصحاح التاسع رأينا في الإصحاح الثامن\'a1 المسيح أقنوم الحكمة\'a1 ومن يتبعه يجد حياة\'a1 ومن يرفضه يموت. وهنا نجد الحكيم يشدد على هذه الفكرة. ويُصَّوِرْ هنا صراع بين المسيح (الحكمة) وبين إبليس (عدو الخير الذي هو الجهالة والحماقة). وكلاهما يتنافسان في جذب النفس البشرية ليملكا عليها. والقصد من هذه الصورة أن يوضح أن الحياة والموت\'a1 الشر والخير كلاهما أمام كل واحد منا. ونحن أحرار أن نختار أيهما لنسلم له القلب. والتصوير تم هنا بأن كلاً منهما أقام وليمة للنفس ويدعوها لتقبل إلى وليمته.
أمثال,9,43,"الإصحاح التاسع رأينا في الإصحاح الثامن\'a1 المسيح أقنوم الحكمة\'a1 ومن يتبعه يجد حياة\'a1 ومن يرفضه يموت. وهنا نجد الحكيم يشدد على هذه الفكرة. ويُصَّوِرْ هنا صراع بين المسيح (الحكمة) وبين إبليس (عدو الخير الذي هو الجهالة والحماقة). وكلاهما يتنافسان في جذب النفس البشرية ليملكا عليها. والقصد من هذه الصورة أن يوضح أن الحياة والموت\'a1 الشر والخير كلاهما أمام كل واحد منا. ونحن أحرار أن نختار أيهما لنسلم له القلب. والتصوير تم هنا بأن كلاً منهما أقام وليمة للنفس ويدعوها لتقبل إلى وليمته.
أمثال,9,44,"الإصحاح التاسع رأينا في الإصحاح الثامن\'a1 المسيح أقنوم الحكمة\'a1 ومن يتبعه يجد حياة\'a1 ومن يرفضه يموت. وهنا نجد الحكيم يشدد على هذه الفكرة. ويُصَّوِرْ هنا صراع بين المسيح (الحكمة) وبين إبليس (عدو الخير الذي هو الجهالة والحماقة). وكلاهما يتنافسان في جذب النفس البشرية ليملكا عليها. والقصد من هذه الصورة أن يوضح أن الحياة والموت\'a1 الشر والخير كلاهما أمام كل واحد منا. ونحن أحرار أن نختار أيهما لنسلم له القلب. والتصوير تم هنا بأن كلاً منهما أقام وليمة للنفس ويدعوها لتقبل إلى وليمته.
أمثال,9,45,"الإصحاح التاسع رأينا في الإصحاح الثامن\'a1 المسيح أقنوم الحكمة\'a1 ومن يتبعه يجد حياة\'a1 ومن يرفضه يموت. وهنا نجد الحكيم يشدد على هذه الفكرة. ويُصَّوِرْ هنا صراع بين المسيح (الحكمة) وبين إبليس (عدو الخير الذي هو الجهالة والحماقة). وكلاهما يتنافسان في جذب النفس البشرية ليملكا عليها. والقصد من هذه الصورة أن يوضح أن الحياة والموت\'a1 الشر والخير كلاهما أمام كل واحد منا. ونحن أحرار أن نختار أيهما لنسلم له القلب. والتصوير تم هنا بأن كلاً منهما أقام وليمة للنفس ويدعوها لتقبل إلى وليمته.
أمثال,9,46,"الإصحاح التاسع رأينا في الإصحاح الثامن\'a1 المسيح أقنوم الحكمة\'a1 ومن يتبعه يجد حياة\'a1 ومن يرفضه يموت. وهنا نجد الحكيم يشدد على هذه الفكرة. ويُصَّوِرْ هنا صراع بين المسيح (الحكمة) وبين إبليس (عدو الخير الذي هو الجهالة والحماقة). وكلاهما يتنافسان في جذب النفس البشرية ليملكا عليها. والقصد من هذه الصورة أن يوضح أن الحياة والموت\'a1 الشر والخير كلاهما أمام كل واحد منا. ونحن أحرار أن نختار أيهما لنسلم له القلب. والتصوير تم هنا بأن كلاً منهما أقام وليمة للنفس ويدعوها لتقبل إلى وليمته.
أمثال,9,47,"الإصحاح التاسع رأينا في الإصحاح الثامن\'a1 المسيح أقنوم الحكمة\'a1 ومن يتبعه يجد حياة\'a1 ومن يرفضه يموت. وهنا نجد الحكيم يشدد على هذه الفكرة. ويُصَّوِرْ هنا صراع بين المسيح (الحكمة) وبين إبليس (عدو الخير الذي هو الجهالة والحماقة). وكلاهما يتنافسان في جذب النفس البشرية ليملكا عليها. والقصد من هذه الصورة أن يوضح أن الحياة والموت\'a1 الشر والخير كلاهما أمام كل واحد منا. ونحن أحرار أن نختار أيهما لنسلم له القلب. والتصوير تم هنا بأن كلاً منهما أقام وليمة للنفس ويدعوها لتقبل إلى وليمته.
أمثال,9,48,"الإصحاح التاسع رأينا في الإصحاح الثامن\'a1 المسيح أقنوم الحكمة\'a1 ومن يتبعه يجد حياة\'a1 ومن يرفضه يموت. وهنا نجد الحكيم يشدد على هذه الفكرة. ويُصَّوِرْ هنا صراع بين المسيح (الحكمة) وبين إبليس (عدو الخير الذي هو الجهالة والحماقة). وكلاهما يتنافسان في جذب النفس البشرية ليملكا عليها. والقصد من هذه الصورة أن يوضح أن الحياة والموت\'a1 الشر والخير كلاهما أمام كل واحد منا. ونحن أحرار أن نختار أيهما لنسلم له القلب. والتصوير تم هنا بأن كلاً منهما أقام وليمة للنفس ويدعوها لتقبل إلى وليمته.
أمثال,9,49,"الإصحاح التاسع رأينا في الإصحاح الثامن\'a1 المسيح أقنوم الحكمة\'a1 ومن يتبعه يجد حياة\'a1 ومن يرفضه يموت. وهنا نجد الحكيم يشدد على هذه الفكرة. ويُصَّوِرْ هنا صراع بين المسيح (الحكمة) وبين إبليس (عدو الخير الذي هو الجهالة والحماقة). وكلاهما يتنافسان في جذب النفس البشرية ليملكا عليها. والقصد من هذه الصورة أن يوضح أن الحياة والموت\'a1 الشر والخير كلاهما أمام كل واحد منا. ونحن أحرار أن نختار أيهما لنسلم له القلب. والتصوير تم هنا بأن كلاً منهما أقام وليمة للنفس ويدعوها لتقبل إلى وليمته.
أمثال,9,50,"الإصحاح التاسع رأينا في الإصحاح الثامن\'a1 المسيح أقنوم الحكمة\'a1 ومن يتبعه يجد حياة\'a1 ومن يرفضه يموت. وهنا نجد الحكيم يشدد على هذه الفكرة. ويُصَّوِرْ هنا صراع بين المسيح (الحكمة) وبين إبليس (عدو الخير الذي هو الجهالة والحماقة). وكلاهما يتنافسان في جذب النفس البشرية ليملكا عليها. والقصد من هذه الصورة أن يوضح أن الحياة والموت\'a1 الشر والخير كلاهما أمام كل واحد منا. ونحن أحرار أن نختار أيهما لنسلم له القلب. والتصوير تم هنا بأن كلاً منهما أقام وليمة للنفس ويدعوها لتقبل إلى وليمته.
أمثال,9,51,"الإصحاح التاسع رأينا في الإصحاح الثامن\'a1 المسيح أقنوم الحكمة\'a1 ومن يتبعه يجد حياة\'a1 ومن يرفضه يموت. وهنا نجد الحكيم يشدد على هذه الفكرة. ويُصَّوِرْ هنا صراع بين المسيح (الحكمة) وبين إبليس (عدو الخير الذي هو الجهالة والحماقة). وكلاهما يتنافسان في جذب النفس البشرية ليملكا عليها. والقصد من هذه الصورة أن يوضح أن الحياة والموت\'a1 الشر والخير كلاهما أمام كل واحد منا. ونحن أحرار أن نختار أيهما لنسلم له القلب. والتصوير تم هنا بأن كلاً منهما أقام وليمة للنفس ويدعوها لتقبل إلى وليمته.
أمثال,9,52,"الإصحاح التاسع رأينا في الإصحاح الثامن\'a1 المسيح أقنوم الحكمة\'a1 ومن يتبعه يجد حياة\'a1 ومن يرفضه يموت. وهنا نجد الحكيم يشدد على هذه الفكرة. ويُصَّوِرْ هنا صراع بين المسيح (الحكمة) وبين إبليس (عدو الخير الذي هو الجهالة والحماقة). وكلاهما يتنافسان في جذب النفس البشرية ليملكا عليها. والقصد من هذه الصورة أن يوضح أن الحياة والموت\'a1 الشر والخير كلاهما أمام كل واحد منا. ونحن أحرار أن نختار أيهما لنسلم له القلب. والتصوير تم هنا بأن كلاً منهما أقام وليمة للنفس ويدعوها لتقبل إلى وليمته.
أمثال,9,53,"الإصحاح التاسع رأينا في الإصحاح الثامن\'a1 المسيح أقنوم الحكمة\'a1 ومن يتبعه يجد حياة\'a1 ومن يرفضه يموت. وهنا نجد الحكيم يشدد على هذه الفكرة. ويُصَّوِرْ هنا صراع بين المسيح (الحكمة) وبين إبليس (عدو الخير الذي هو الجهالة والحماقة). وكلاهما يتنافسان في جذب النفس البشرية ليملكا عليها. والقصد من هذه الصورة أن يوضح أن الحياة والموت\'a1 الشر والخير كلاهما أمام كل واحد منا. ونحن أحرار أن نختار أيهما لنسلم له القلب. والتصوير تم هنا بأن كلاً منهما أقام وليمة للنفس ويدعوها لتقبل إلى وليمته.
أمثال,9,54,"الإصحاح التاسع رأينا في الإصحاح الثامن\'a1 المسيح أقنوم الحكمة\'a1 ومن يتبعه يجد حياة\'a1 ومن يرفضه يموت. وهنا نجد الحكيم يشدد على هذه الفكرة. ويُصَّوِرْ هنا صراع بين المسيح (الحكمة) وبين إبليس (عدو الخير الذي هو الجهالة والحماقة). وكلاهما يتنافسان في جذب النفس البشرية ليملكا عليها. والقصد من هذه الصورة أن يوضح أن الحياة والموت\'a1 الشر والخير كلاهما أمام كل واحد منا. ونحن أحرار أن نختار أيهما لنسلم له القلب. والتصوير تم هنا بأن كلاً منهما أقام وليمة للنفس ويدعوها لتقبل إلى وليمته.
أمثال,9,55,"الإصحاح التاسع رأينا في الإصحاح الثامن\'a1 المسيح أقنوم الحكمة\'a1 ومن يتبعه يجد حياة\'a1 ومن يرفضه يموت. وهنا نجد الحكيم يشدد على هذه الفكرة. ويُصَّوِرْ هنا صراع بين المسيح (الحكمة) وبين إبليس (عدو الخير الذي هو الجهالة والحماقة). وكلاهما يتنافسان في جذب النفس البشرية ليملكا عليها. والقصد من هذه الصورة أن يوضح أن الحياة والموت\'a1 الشر والخير كلاهما أمام كل واحد منا. ونحن أحرار أن نختار أيهما لنسلم له القلب. والتصوير تم هنا بأن كلاً منهما أقام وليمة للنفس ويدعوها لتقبل إلى وليمته.
أمثال,9,56,"الإصحاح التاسع رأينا في الإصحاح الثامن\'a1 المسيح أقنوم الحكمة\'a1 ومن يتبعه يجد حياة\'a1 ومن يرفضه يموت. وهنا نجد الحكيم يشدد على هذه الفكرة. ويُصَّوِرْ هنا صراع بين المسيح (الحكمة) وبين إبليس (عدو الخير الذي هو الجهالة والحماقة). وكلاهما يتنافسان في جذب النفس البشرية ليملكا عليها. والقصد من هذه الصورة أن يوضح أن الحياة والموت\'a1 الشر والخير كلاهما أمام كل واحد منا. ونحن أحرار أن نختار أيهما لنسلم له القلب. والتصوير تم هنا بأن كلاً منهما أقام وليمة للنفس ويدعوها لتقبل إلى وليمته.
أمثال,9,57,"الإصحاح التاسع رأينا في الإصحاح الثامن\'a1 المسيح أقنوم الحكمة\'a1 ومن يتبعه يجد حياة\'a1 ومن يرفضه يموت. وهنا نجد الحكيم يشدد على هذه الفكرة. ويُصَّوِرْ هنا صراع بين المسيح (الحكمة) وبين إبليس (عدو الخير الذي هو الجهالة والحماقة). وكلاهما يتنافسان في جذب النفس البشرية ليملكا عليها. والقصد من هذه الصورة أن يوضح أن الحياة والموت\'a1 الشر والخير كلاهما أمام كل واحد منا. ونحن أحرار أن نختار أيهما لنسلم له القلب. والتصوير تم هنا بأن كلاً منهما أقام وليمة للنفس ويدعوها لتقبل إلى وليمته.
أمثال,9,58,"الإصحاح التاسع رأينا في الإصحاح الثامن\'a1 المسيح أقنوم الحكمة\'a1 ومن يتبعه يجد حياة\'a1 ومن يرفضه يموت. وهنا نجد الحكيم يشدد على هذه الفكرة. ويُصَّوِرْ هنا صراع بين المسيح (الحكمة) وبين إبليس (عدو الخير الذي هو الجهالة والحماقة). وكلاهما يتنافسان في جذب النفس البشرية ليملكا عليها. والقصد من هذه الصورة أن يوضح أن الحياة والموت\'a1 الشر والخير كلاهما أمام كل واحد منا. ونحن أحرار أن نختار أيهما لنسلم له القلب. والتصوير تم هنا بأن كلاً منهما أقام وليمة للنفس ويدعوها لتقبل إلى وليمته.
أمثال,9,59,"الإصحاح التاسع رأينا في الإصحاح الثامن\'a1 المسيح أقنوم الحكمة\'a1 ومن يتبعه يجد حياة\'a1 ومن يرفضه يموت. وهنا نجد الحكيم يشدد على هذه الفكرة. ويُصَّوِرْ هنا صراع بين المسيح (الحكمة) وبين إبليس (عدو الخير الذي هو الجهالة والحماقة). وكلاهما يتنافسان في جذب النفس البشرية ليملكا عليها. والقصد من هذه الصورة أن يوضح أن الحياة والموت\'a1 الشر والخير كلاهما أمام كل واحد منا. ونحن أحرار أن نختار أيهما لنسلم له القلب. والتصوير تم هنا بأن كلاً منهما أقام وليمة للنفس ويدعوها لتقبل إلى وليمته.
أمثال,9,60,"الإصحاح التاسع رأينا في الإصحاح الثامن\'a1 المسيح أقنوم الحكمة\'a1 ومن يتبعه يجد حياة\'a1 ومن يرفضه يموت. وهنا نجد الحكيم يشدد على هذه الفكرة. ويُصَّوِرْ هنا صراع بين المسيح (الحكمة) وبين إبليس (عدو الخير الذي هو الجهالة والحماقة). وكلاهما يتنافسان في جذب النفس البشرية ليملكا عليها. والقصد من هذه الصورة أن يوضح أن الحياة والموت\'a1 الشر والخير كلاهما أمام كل واحد منا. ونحن أحرار أن نختار أيهما لنسلم له القلب. والتصوير تم هنا بأن كلاً منهما أقام وليمة للنفس ويدعوها لتقبل إلى وليمته.
أمثال,9,61,"الإصحاح التاسع رأينا في الإصحاح الثامن\'a1 المسيح أقنوم الحكمة\'a1 ومن يتبعه يجد حياة\'a1 ومن يرفضه يموت. وهنا نجد الحكيم يشدد على هذه الفكرة. ويُصَّوِرْ هنا صراع بين المسيح (الحكمة) وبين إبليس (عدو الخير الذي هو الجهالة والحماقة). وكلاهما يتنافسان في جذب النفس البشرية ليملكا عليها. والقصد من هذه الصورة أن يوضح أن الحياة والموت\'a1 الشر والخير كلاهما أمام كل واحد منا. ونحن أحرار أن نختار أيهما لنسلم له القلب. والتصوير تم هنا بأن كلاً منهما أقام وليمة للنفس ويدعوها لتقبل إلى وليمته.
أمثال,9,62,"الإصحاح التاسع رأينا في الإصحاح الثامن\'a1 المسيح أقنوم الحكمة\'a1 ومن يتبعه يجد حياة\'a1 ومن يرفضه يموت. وهنا نجد الحكيم يشدد على هذه الفكرة. ويُصَّوِرْ هنا صراع بين المسيح (الحكمة) وبين إبليس (عدو الخير الذي هو الجهالة والحماقة). وكلاهما يتنافسان في جذب النفس البشرية ليملكا عليها. والقصد من هذه الصورة أن يوضح أن الحياة والموت\'a1 الشر والخير كلاهما أمام كل واحد منا. ونحن أحرار أن نختار أيهما لنسلم له القلب. والتصوير تم هنا بأن كلاً منهما أقام وليمة للنفس ويدعوها لتقبل إلى وليمته.
أمثال,9,63,"الإصحاح التاسع رأينا في الإصحاح الثامن\'a1 المسيح أقنوم الحكمة\'a1 ومن يتبعه يجد حياة\'a1 ومن يرفضه يموت. وهنا نجد الحكيم يشدد على هذه الفكرة. ويُصَّوِرْ هنا صراع بين المسيح (الحكمة) وبين إبليس (عدو الخير الذي هو الجهالة والحماقة). وكلاهما يتنافسان في جذب النفس البشرية ليملكا عليها. والقصد من هذه الصورة أن يوضح أن الحياة والموت\'a1 الشر والخير كلاهما أمام كل واحد منا. ونحن أحرار أن نختار أيهما لنسلم له القلب. والتصوير تم هنا بأن كلاً منهما أقام وليمة للنفس ويدعوها لتقبل إلى وليمته.
أمثال,9,64,"الإصحاح التاسع رأينا في الإصحاح الثامن\'a1 المسيح أقنوم الحكمة\'a1 ومن يتبعه يجد حياة\'a1 ومن يرفضه يموت. وهنا نجد الحكيم يشدد على هذه الفكرة. ويُصَّوِرْ هنا صراع بين المسيح (الحكمة) وبين إبليس (عدو الخير الذي هو الجهالة والحماقة). وكلاهما يتنافسان في جذب النفس البشرية ليملكا عليها. والقصد من هذه الصورة أن يوضح أن الحياة والموت\'a1 الشر والخير كلاهما أمام كل واحد منا. ونحن أحرار أن نختار أيهما لنسلم له القلب. والتصوير تم هنا بأن كلاً منهما أقام وليمة للنفس ويدعوها لتقبل إلى وليمته.
أمثال,9,65,"الإصحاح التاسع رأينا في الإصحاح الثامن\'a1 المسيح أقنوم الحكمة\'a1 ومن يتبعه يجد حياة\'a1 ومن يرفضه يموت. وهنا نجد الحكيم يشدد على هذه الفكرة. ويُصَّوِرْ هنا صراع بين المسيح (الحكمة) وبين إبليس (عدو الخير الذي هو الجهالة والحماقة). وكلاهما يتنافسان في جذب النفس البشرية ليملكا عليها. والقصد من هذه الصورة أن يوضح أن الحياة والموت\'a1 الشر والخير كلاهما أمام كل واحد منا. ونحن أحرار أن نختار أيهما لنسلم له القلب. والتصوير تم هنا بأن كلاً منهما أقام وليمة للنفس ويدعوها لتقبل إلى وليمته.
أمثال,9,66,"الإصحاح التاسع رأينا في الإصحاح الثامن\'a1 المسيح أقنوم الحكمة\'a1 ومن يتبعه يجد حياة\'a1 ومن يرفضه يموت. وهنا نجد الحكيم يشدد على هذه الفكرة. ويُصَّوِرْ هنا صراع بين المسيح (الحكمة) وبين إبليس (عدو الخير الذي هو الجهالة والحماقة). وكلاهما يتنافسان في جذب النفس البشرية ليملكا عليها. والقصد من هذه الصورة أن يوضح أن الحياة والموت\'a1 الشر والخير كلاهما أمام كل واحد منا. ونحن أحرار أن نختار أيهما لنسلم له القلب. والتصوير تم هنا بأن كلاً منهما أقام وليمة للنفس ويدعوها لتقبل إلى وليمته.
أمثال,9,67,"الإصحاح التاسع رأينا في الإصحاح الثامن\'a1 المسيح أقنوم الحكمة\'a1 ومن يتبعه يجد حياة\'a1 ومن يرفضه يموت. وهنا نجد الحكيم يشدد على هذه الفكرة. ويُصَّوِرْ هنا صراع بين المسيح (الحكمة) وبين إبليس (عدو الخير الذي هو الجهالة والحماقة). وكلاهما يتنافسان في جذب النفس البشرية ليملكا عليها. والقصد من هذه الصورة أن يوضح أن الحياة والموت\'a1 الشر والخير كلاهما أمام كل واحد منا. ونحن أحرار أن نختار أيهما لنسلم له القلب. والتصوير تم هنا بأن كلاً منهما أقام وليمة للنفس ويدعوها لتقبل إلى وليمته.
أمثال,9,68,"الإصحاح التاسع رأينا في الإصحاح الثامن\'a1 المسيح أقنوم الحكمة\'a1 ومن يتبعه يجد حياة\'a1 ومن يرفضه يموت. وهنا نجد الحكيم يشدد على هذه الفكرة. ويُصَّوِرْ هنا صراع بين المسيح (الحكمة) وبين إبليس (عدو الخير الذي هو الجهالة والحماقة). وكلاهما يتنافسان في جذب النفس البشرية ليملكا عليها. والقصد من هذه الصورة أن يوضح أن الحياة والموت\'a1 الشر والخير كلاهما أمام كل واحد منا. ونحن أحرار أن نختار أيهما لنسلم له القلب. والتصوير تم هنا بأن كلاً منهما أقام وليمة للنفس ويدعوها لتقبل إلى وليمته.
أمثال,9,69,"الإصحاح التاسع رأينا في الإصحاح الثامن\'a1 المسيح أقنوم الحكمة\'a1 ومن يتبعه يجد حياة\'a1 ومن يرفضه يموت. وهنا نجد الحكيم يشدد على هذه الفكرة. ويُصَّوِرْ هنا صراع بين المسيح (الحكمة) وبين إبليس (عدو الخير الذي هو الجهالة والحماقة). وكلاهما يتنافسان في جذب النفس البشرية ليملكا عليها. والقصد من هذه الصورة أن يوضح أن الحياة والموت\'a1 الشر والخير كلاهما أمام كل واحد منا. ونحن أحرار أن نختار أيهما لنسلم له القلب. والتصوير تم هنا بأن كلاً منهما أقام وليمة للنفس ويدعوها لتقبل إلى وليمته.
أمثال,9,70,"الإصحاح التاسع رأينا في الإصحاح الثامن\'a1 المسيح أقنوم الحكمة\'a1 ومن يتبعه يجد حياة\'a1 ومن يرفضه يموت. وهنا نجد الحكيم يشدد على هذه الفكرة. ويُصَّوِرْ هنا صراع بين المسيح (الحكمة) وبين إبليس (عدو الخير الذي هو الجهالة والحماقة). وكلاهما يتنافسان في جذب النفس البشرية ليملكا عليها. والقصد من هذه الصورة أن يوضح أن الحياة والموت\'a1 الشر والخير كلاهما أمام كل واحد منا. ونحن أحرار أن نختار أيهما لنسلم له القلب. والتصوير تم هنا بأن كلاً منهما أقام وليمة للنفس ويدعوها لتقبل إلى وليمته.
أمثال,9,71,"الإصحاح التاسع رأينا في الإصحاح الثامن\'a1 المسيح أقنوم الحكمة\'a1 ومن يتبعه يجد حياة\'a1 ومن يرفضه يموت. وهنا نجد الحكيم يشدد على هذه الفكرة. ويُصَّوِرْ هنا صراع بين المسيح (الحكمة) وبين إبليس (عدو الخير الذي هو الجهالة والحماقة). وكلاهما يتنافسان في جذب النفس البشرية ليملكا عليها. والقصد من هذه الصورة أن يوضح أن الحياة والموت\'a1 الشر والخير كلاهما أمام كل واحد منا. ونحن أحرار أن نختار أيهما لنسلم له القلب. والتصوير تم هنا بأن كلاً منهما أقام وليمة للنفس ويدعوها لتقبل إلى وليمته.
أمثال,9,72,"الإصحاح التاسع رأينا في الإصحاح الثامن\'a1 المسيح أقنوم الحكمة\'a1 ومن يتبعه يجد حياة\'a1 ومن يرفضه يموت. وهنا نجد الحكيم يشدد على هذه الفكرة. ويُصَّوِرْ هنا صراع بين المسيح (الحكمة) وبين إبليس (عدو الخير الذي هو الجهالة والحماقة). وكلاهما يتنافسان في جذب النفس البشرية ليملكا عليها. والقصد من هذه الصورة أن يوضح أن الحياة والموت\'a1 الشر والخير كلاهما أمام كل واحد منا. ونحن أحرار أن نختار أيهما لنسلم له القلب. والتصوير تم هنا بأن كلاً منهما أقام وليمة للنفس ويدعوها لتقبل إلى وليمته.
أمثال,9,73,"الإصحاح التاسع رأينا في الإصحاح الثامن\'a1 المسيح أقنوم الحكمة\'a1 ومن يتبعه يجد حياة\'a1 ومن يرفضه يموت. وهنا نجد الحكيم يشدد على هذه الفكرة. ويُصَّوِرْ هنا صراع بين المسيح (الحكمة) وبين إبليس (عدو الخير الذي هو الجهالة والحماقة). وكلاهما يتنافسان في جذب النفس البشرية ليملكا عليها. والقصد من هذه الصورة أن يوضح أن الحياة والموت\'a1 الشر والخير كلاهما أمام كل واحد منا. ونحن أحرار أن نختار أيهما لنسلم له القلب. والتصوير تم هنا بأن كلاً منهما أقام وليمة للنفس ويدعوها لتقبل إلى وليمته.
أمثال,9,74,"الإصحاح التاسع رأينا في الإصحاح الثامن\'a1 المسيح أقنوم الحكمة\'a1 ومن يتبعه يجد حياة\'a1 ومن يرفضه يموت. وهنا نجد الحكيم يشدد على هذه الفكرة. ويُصَّوِرْ هنا صراع بين المسيح (الحكمة) وبين إبليس (عدو الخير الذي هو الجهالة والحماقة). وكلاهما يتنافسان في جذب النفس البشرية ليملكا عليها. والقصد من هذه الصورة أن يوضح أن الحياة والموت\'a1 الشر والخير كلاهما أمام كل واحد منا. ونحن أحرار أن نختار أيهما لنسلم له القلب. والتصوير تم هنا بأن كلاً منهما أقام وليمة للنفس ويدعوها لتقبل إلى وليمته.
أمثال,9,75,"الإصحاح التاسع رأينا في الإصحاح الثامن\'a1 المسيح أقنوم الحكمة\'a1 ومن يتبعه يجد حياة\'a1 ومن يرفضه يموت. وهنا نجد الحكيم يشدد على هذه الفكرة. ويُصَّوِرْ هنا صراع بين المسيح (الحكمة) وبين إبليس (عدو الخير الذي هو الجهالة والحماقة). وكلاهما يتنافسان في جذب النفس البشرية ليملكا عليها. والقصد من هذه الصورة أن يوضح أن الحياة والموت\'a1 الشر والخير كلاهما أمام كل واحد منا. ونحن أحرار أن نختار أيهما لنسلم له القلب. والتصوير تم هنا بأن كلاً منهما أقام وليمة للنفس ويدعوها لتقبل إلى وليمته.
أمثال,9,76,"الإصحاح التاسع رأينا في الإصحاح الثامن\'a1 المسيح أقنوم الحكمة\'a1 ومن يتبعه يجد حياة\'a1 ومن يرفضه يموت. وهنا نجد الحكيم يشدد على هذه الفكرة. ويُصَّوِرْ هنا صراع بين المسيح (الحكمة) وبين إبليس (عدو الخير الذي هو الجهالة والحماقة). وكلاهما يتنافسان في جذب النفس البشرية ليملكا عليها. والقصد من هذه الصورة أن يوضح أن الحياة والموت\'a1 الشر والخير كلاهما أمام كل واحد منا. ونحن أحرار أن نختار أيهما لنسلم له القلب. والتصوير تم هنا بأن كلاً منهما أقام وليمة للنفس ويدعوها لتقبل إلى وليمته.
أمثال,9,77,"الإصحاح التاسع رأينا في الإصحاح الثامن\'a1 المسيح أقنوم الحكمة\'a1 ومن يتبعه يجد حياة\'a1 ومن يرفضه يموت. وهنا نجد الحكيم يشدد على هذه الفكرة. ويُصَّوِرْ هنا صراع بين المسيح (الحكمة) وبين إبليس (عدو الخير الذي هو الجهالة والحماقة). وكلاهما يتنافسان في جذب النفس البشرية ليملكا عليها. والقصد من هذه الصورة أن يوضح أن الحياة والموت\'a1 الشر والخير كلاهما أمام كل واحد منا. ونحن أحرار أن نختار أيهما لنسلم له القلب. والتصوير تم هنا بأن كلاً منهما أقام وليمة للنفس ويدعوها لتقبل إلى وليمته.
أمثال,9,78,"الإصحاح التاسع رأينا في الإصحاح الثامن\'a1 المسيح أقنوم الحكمة\'a1 ومن يتبعه يجد حياة\'a1 ومن يرفضه يموت. وهنا نجد الحكيم يشدد على هذه الفكرة. ويُصَّوِرْ هنا صراع بين المسيح (الحكمة) وبين إبليس (عدو الخير الذي هو الجهالة والحماقة). وكلاهما يتنافسان في جذب النفس البشرية ليملكا عليها. والقصد من هذه الصورة أن يوضح أن الحياة والموت\'a1 الشر والخير كلاهما أمام كل واحد منا. ونحن أحرار أن نختار أيهما لنسلم له القلب. والتصوير تم هنا بأن كلاً منهما أقام وليمة للنفس ويدعوها لتقبل إلى وليمته.
أمثال,9,79,"الإصحاح التاسع رأينا في الإصحاح الثامن\'a1 المسيح أقنوم الحكمة\'a1 ومن يتبعه يجد حياة\'a1 ومن يرفضه يموت. وهنا نجد الحكيم يشدد على هذه الفكرة. ويُصَّوِرْ هنا صراع بين المسيح (الحكمة) وبين إبليس (عدو الخير الذي هو الجهالة والحماقة). وكلاهما يتنافسان في جذب النفس البشرية ليملكا عليها. والقصد من هذه الصورة أن يوضح أن الحياة والموت\'a1 الشر والخير كلاهما أمام كل واحد منا. ونحن أحرار أن نختار أيهما لنسلم له القلب. والتصوير تم هنا بأن كلاً منهما أقام وليمة للنفس ويدعوها لتقبل إلى وليمته.
أمثال,9,80,"الإصحاح التاسع رأينا في الإصحاح الثامن\'a1 المسيح أقنوم الحكمة\'a1 ومن يتبعه يجد حياة\'a1 ومن يرفضه يموت. وهنا نجد الحكيم يشدد على هذه الفكرة. ويُصَّوِرْ هنا صراع بين المسيح (الحكمة) وبين إبليس (عدو الخير الذي هو الجهالة والحماقة). وكلاهما يتنافسان في جذب النفس البشرية ليملكا عليها. والقصد من هذه الصورة أن يوضح أن الحياة والموت\'a1 الشر والخير كلاهما أمام كل واحد منا. ونحن أحرار أن نختار أيهما لنسلم له القلب. والتصوير تم هنا بأن كلاً منهما أقام وليمة للنفس ويدعوها لتقبل إلى وليمته.
أمثال,9,81,"الإصحاح التاسع رأينا في الإصحاح الثامن\'a1 المسيح أقنوم الحكمة\'a1 ومن يتبعه يجد حياة\'a1 ومن يرفضه يموت. وهنا نجد الحكيم يشدد على هذه الفكرة. ويُصَّوِرْ هنا صراع بين المسيح (الحكمة) وبين إبليس (عدو الخير الذي هو الجهالة والحماقة). وكلاهما يتنافسان في جذب النفس البشرية ليملكا عليها. والقصد من هذه الصورة أن يوضح أن الحياة والموت\'a1 الشر والخير كلاهما أمام كل واحد منا. ونحن أحرار أن نختار أيهما لنسلم له القلب. والتصوير تم هنا بأن كلاً منهما أقام وليمة للنفس ويدعوها لتقبل إلى وليمته.
أمثال,9,82,"الإصحاح التاسع رأينا في الإصحاح الثامن\'a1 المسيح أقنوم الحكمة\'a1 ومن يتبعه يجد حياة\'a1 ومن يرفضه يموت. وهنا نجد الحكيم يشدد على هذه الفكرة. ويُصَّوِرْ هنا صراع بين المسيح (الحكمة) وبين إبليس (عدو الخير الذي هو الجهالة والحماقة). وكلاهما يتنافسان في جذب النفس البشرية ليملكا عليها. والقصد من هذه الصورة أن يوضح أن الحياة والموت\'a1 الشر والخير كلاهما أمام كل واحد منا. ونحن أحرار أن نختار أيهما لنسلم له القلب. والتصوير تم هنا بأن كلاً منهما أقام وليمة للنفس ويدعوها لتقبل إلى وليمته.
أمثال,9,83,"الإصحاح التاسع رأينا في الإصحاح الثامن\'a1 المسيح أقنوم الحكمة\'a1 ومن يتبعه يجد حياة\'a1 ومن يرفضه يموت. وهنا نجد الحكيم يشدد على هذه الفكرة. ويُصَّوِرْ هنا صراع بين المسيح (الحكمة) وبين إبليس (عدو الخير الذي هو الجهالة والحماقة). وكلاهما يتنافسان في جذب النفس البشرية ليملكا عليها. والقصد من هذه الصورة أن يوضح أن الحياة والموت\'a1 الشر والخير كلاهما أمام كل واحد منا. ونحن أحرار أن نختار أيهما لنسلم له القلب. والتصوير تم هنا بأن كلاً منهما أقام وليمة للنفس ويدعوها لتقبل إلى وليمته.
أمثال,9,84,"الإصحاح التاسع رأينا في الإصحاح الثامن\'a1 المسيح أقنوم الحكمة\'a1 ومن يتبعه يجد حياة\'a1 ومن يرفضه يموت. وهنا نجد الحكيم يشدد على هذه الفكرة. ويُصَّوِرْ هنا صراع بين المسيح (الحكمة) وبين إبليس (عدو الخير الذي هو الجهالة والحماقة). وكلاهما يتنافسان في جذب النفس البشرية ليملكا عليها. والقصد من هذه الصورة أن يوضح أن الحياة والموت\'a1 الشر والخير كلاهما أمام كل واحد منا. ونحن أحرار أن نختار أيهما لنسلم له القلب. والتصوير تم هنا بأن كلاً منهما أقام وليمة للنفس ويدعوها لتقبل إلى وليمته.
أمثال,9,85,"الإصحاح التاسع رأينا في الإصحاح الثامن\'a1 المسيح أقنوم الحكمة\'a1 ومن يتبعه يجد حياة\'a1 ومن يرفضه يموت. وهنا نجد الحكيم يشدد على هذه الفكرة. ويُصَّوِرْ هنا صراع بين المسيح (الحكمة) وبين إبليس (عدو الخير الذي هو الجهالة والحماقة). وكلاهما يتنافسان في جذب النفس البشرية ليملكا عليها. والقصد من هذه الصورة أن يوضح أن الحياة والموت\'a1 الشر والخير كلاهما أمام كل واحد منا. ونحن أحرار أن نختار أيهما لنسلم له القلب. والتصوير تم هنا بأن كلاً منهما أقام وليمة للنفس ويدعوها لتقبل إلى وليمته.
أمثال,9,86,"الإصحاح التاسع رأينا في الإصحاح الثامن\'a1 المسيح أقنوم الحكمة\'a1 ومن يتبعه يجد حياة\'a1 ومن يرفضه يموت. وهنا نجد الحكيم يشدد على هذه الفكرة. ويُصَّوِرْ هنا صراع بين المسيح (الحكمة) وبين إبليس (عدو الخير الذي هو الجهالة والحماقة). وكلاهما يتنافسان في جذب النفس البشرية ليملكا عليها. والقصد من هذه الصورة أن يوضح أن الحياة والموت\'a1 الشر والخير كلاهما أمام كل واحد منا. ونحن أحرار أن نختار أيهما لنسلم له القلب. والتصوير تم هنا بأن كلاً منهما أقام وليمة للنفس ويدعوها لتقبل إلى وليمته.
أمثال,9,87,"الإصحاح التاسع رأينا في الإصحاح الثامن\'a1 المسيح أقنوم الحكمة\'a1 ومن يتبعه يجد حياة\'a1 ومن يرفضه يموت. وهنا نجد الحكيم يشدد على هذه الفكرة. ويُصَّوِرْ هنا صراع بين المسيح (الحكمة) وبين إبليس (عدو الخير الذي هو الجهالة والحماقة). وكلاهما يتنافسان في جذب النفس البشرية ليملكا عليها. والقصد من هذه الصورة أن يوضح أن الحياة والموت\'a1 الشر والخير كلاهما أمام كل واحد منا. ونحن أحرار أن نختار أيهما لنسلم له القلب. والتصوير تم هنا بأن كلاً منهما أقام وليمة للنفس ويدعوها لتقبل إلى وليمته.
أمثال,9,88,"الإصحاح التاسع رأينا في الإصحاح الثامن\'a1 المسيح أقنوم الحكمة\'a1 ومن يتبعه يجد حياة\'a1 ومن يرفضه يموت. وهنا نجد الحكيم يشدد على هذه الفكرة. ويُصَّوِرْ هنا صراع بين المسيح (الحكمة) وبين إبليس (عدو الخير الذي هو الجهالة والحماقة). وكلاهما يتنافسان في جذب النفس البشرية ليملكا عليها. والقصد من هذه الصورة أن يوضح أن الحياة والموت\'a1 الشر والخير كلاهما أمام كل واحد منا. ونحن أحرار أن نختار أيهما لنسلم له القلب. والتصوير تم هنا بأن كلاً منهما أقام وليمة للنفس ويدعوها لتقبل إلى وليمته.
أمثال,9,89,"الإصحاح التاسع رأينا في الإصحاح الثامن\'a1 المسيح أقنوم الحكمة\'a1 ومن يتبعه يجد حياة\'a1 ومن يرفضه يموت. وهنا نجد الحكيم يشدد على هذه الفكرة. ويُصَّوِرْ هنا صراع بين المسيح (الحكمة) وبين إبليس (عدو الخير الذي هو الجهالة والحماقة). وكلاهما يتنافسان في جذب النفس البشرية ليملكا عليها. والقصد من هذه الصورة أن يوضح أن الحياة والموت\'a1 الشر والخير كلاهما أمام كل واحد منا. ونحن أحرار أن نختار أيهما لنسلم له القلب. والتصوير تم هنا بأن كلاً منهما أقام وليمة للنفس ويدعوها لتقبل إلى وليمته.
أمثال,9,90,"الإصحاح التاسع رأينا في الإصحاح الثامن\'a1 المسيح أقنوم الحكمة\'a1 ومن يتبعه يجد حياة\'a1 ومن يرفضه يموت. وهنا نجد الحكيم يشدد على هذه الفكرة. ويُصَّوِرْ هنا صراع بين المسيح (الحكمة) وبين إبليس (عدو الخير الذي هو الجهالة والحماقة). وكلاهما يتنافسان في جذب النفس البشرية ليملكا عليها. والقصد من هذه الصورة أن يوضح أن الحياة والموت\'a1 الشر والخير كلاهما أمام كل واحد منا. ونحن أحرار أن نختار أيهما لنسلم له القلب. والتصوير تم هنا بأن كلاً منهما أقام وليمة للنفس ويدعوها لتقبل إلى وليمته.
أمثال,9,91,"الإصحاح التاسع رأينا في الإصحاح الثامن\'a1 المسيح أقنوم الحكمة\'a1 ومن يتبعه يجد حياة\'a1 ومن يرفضه يموت. وهنا نجد الحكيم يشدد على هذه الفكرة. ويُصَّوِرْ هنا صراع بين المسيح (الحكمة) وبين إبليس (عدو الخير الذي هو الجهالة والحماقة). وكلاهما يتنافسان في جذب النفس البشرية ليملكا عليها. والقصد من هذه الصورة أن يوضح أن الحياة والموت\'a1 الشر والخير كلاهما أمام كل واحد منا. ونحن أحرار أن نختار أيهما لنسلم له القلب. والتصوير تم هنا بأن كلاً منهما أقام وليمة للنفس ويدعوها لتقبل إلى وليمته.
أمثال,9,92,"الإصحاح التاسع رأينا في الإصحاح الثامن\'a1 المسيح أقنوم الحكمة\'a1 ومن يتبعه يجد حياة\'a1 ومن يرفضه يموت. وهنا نجد الحكيم يشدد على هذه الفكرة. ويُصَّوِرْ هنا صراع بين المسيح (الحكمة) وبين إبليس (عدو الخير الذي هو الجهالة والحماقة). وكلاهما يتنافسان في جذب النفس البشرية ليملكا عليها. والقصد من هذه الصورة أن يوضح أن الحياة والموت\'a1 الشر والخير كلاهما أمام كل واحد منا. ونحن أحرار أن نختار أيهما لنسلم له القلب. والتصوير تم هنا بأن كلاً منهما أقام وليمة للنفس ويدعوها لتقبل إلى وليمته.
أمثال,9,93,"الإصحاح التاسع رأينا في الإصحاح الثامن\'a1 المسيح أقنوم الحكمة\'a1 ومن يتبعه يجد حياة\'a1 ومن يرفضه يموت. وهنا نجد الحكيم يشدد على هذه الفكرة. ويُصَّوِرْ هنا صراع بين المسيح (الحكمة) وبين إبليس (عدو الخير الذي هو الجهالة والحماقة). وكلاهما يتنافسان في جذب النفس البشرية ليملكا عليها. والقصد من هذه الصورة أن يوضح أن الحياة والموت\'a1 الشر والخير كلاهما أمام كل واحد منا. ونحن أحرار أن نختار أيهما لنسلم له القلب. والتصوير تم هنا بأن كلاً منهما أقام وليمة للنفس ويدعوها لتقبل إلى وليمته.
أمثال,9,94,"الإصحاح التاسع رأينا في الإصحاح الثامن\'a1 المسيح أقنوم الحكمة\'a1 ومن يتبعه يجد حياة\'a1 ومن يرفضه يموت. وهنا نجد الحكيم يشدد على هذه الفكرة. ويُصَّوِرْ هنا صراع بين المسيح (الحكمة) وبين إبليس (عدو الخير الذي هو الجهالة والحماقة). وكلاهما يتنافسان في جذب النفس البشرية ليملكا عليها. والقصد من هذه الصورة أن يوضح أن الحياة والموت\'a1 الشر والخير كلاهما أمام كل واحد منا. ونحن أحرار أن نختار أيهما لنسلم له القلب. والتصوير تم هنا بأن كلاً منهما أقام وليمة للنفس ويدعوها لتقبل إلى وليمته.
أمثال,9,95,"الإصحاح التاسع رأينا في الإصحاح الثامن\'a1 المسيح أقنوم الحكمة\'a1 ومن يتبعه يجد حياة\'a1 ومن يرفضه يموت. وهنا نجد الحكيم يشدد على هذه الفكرة. ويُصَّوِرْ هنا صراع بين المسيح (الحكمة) وبين إبليس (عدو الخير الذي هو الجهالة والحماقة). وكلاهما يتنافسان في جذب النفس البشرية ليملكا عليها. والقصد من هذه الصورة أن يوضح أن الحياة والموت\'a1 الشر والخير كلاهما أمام كل واحد منا. ونحن أحرار أن نختار أيهما لنسلم له القلب. والتصوير تم هنا بأن كلاً منهما أقام وليمة للنفس ويدعوها لتقبل إلى وليمته.
أمثال,9,96,"الإصحاح التاسع رأينا في الإصحاح الثامن\'a1 المسيح أقنوم الحكمة\'a1 ومن يتبعه يجد حياة\'a1 ومن يرفضه يموت. وهنا نجد الحكيم يشدد على هذه الفكرة. ويُصَّوِرْ هنا صراع بين المسيح (الحكمة) وبين إبليس (عدو الخير الذي هو الجهالة والحماقة). وكلاهما يتنافسان في جذب النفس البشرية ليملكا عليها. والقصد من هذه الصورة أن يوضح أن الحياة والموت\'a1 الشر والخير كلاهما أمام كل واحد منا. ونحن أحرار أن نختار أيهما لنسلم له القلب. والتصوير تم هنا بأن كلاً منهما أقام وليمة للنفس ويدعوها لتقبل إلى وليمته.
أمثال,9,97,"الإصحاح التاسع رأينا في الإصحاح الثامن\'a1 المسيح أقنوم الحكمة\'a1 ومن يتبعه يجد حياة\'a1 ومن يرفضه يموت. وهنا نجد الحكيم يشدد على هذه الفكرة. ويُصَّوِرْ هنا صراع بين المسيح (الحكمة) وبين إبليس (عدو الخير الذي هو الجهالة والحماقة). وكلاهما يتنافسان في جذب النفس البشرية ليملكا عليها. والقصد من هذه الصورة أن يوضح أن الحياة والموت\'a1 الشر والخير كلاهما أمام كل واحد منا. ونحن أحرار أن نختار أيهما لنسلم له القلب. والتصوير تم هنا بأن كلاً منهما أقام وليمة للنفس ويدعوها لتقبل إلى وليمته.
أمثال,9,98,"الإصحاح التاسع رأينا في الإصحاح الثامن\'a1 المسيح أقنوم الحكمة\'a1 ومن يتبعه يجد حياة\'a1 ومن يرفضه يموت. وهنا نجد الحكيم يشدد على هذه الفكرة. ويُصَّوِرْ هنا صراع بين المسيح (الحكمة) وبين إبليس (عدو الخير الذي هو الجهالة والحماقة). وكلاهما يتنافسان في جذب النفس البشرية ليملكا عليها. والقصد من هذه الصورة أن يوضح أن الحياة والموت\'a1 الشر والخير كلاهما أمام كل واحد منا. ونحن أحرار أن نختار أيهما لنسلم له القلب. والتصوير تم هنا بأن كلاً منهما أقام وليمة للنفس ويدعوها لتقبل إلى وليمته.
أمثال,9,99,"الإصحاح التاسع رأينا في الإصحاح الثامن\'a1 المسيح أقنوم الحكمة\'a1 ومن يتبعه يجد حياة\'a1 ومن يرفضه يموت. وهنا نجد الحكيم يشدد على هذه الفكرة. ويُصَّوِرْ هنا صراع بين المسيح (الحكمة) وبين إبليس (عدو الخير الذي هو الجهالة والحماقة). وكلاهما يتنافسان في جذب النفس البشرية ليملكا عليها. والقصد من هذه الصورة أن يوضح أن الحياة والموت\'a1 الشر والخير كلاهما أمام كل واحد منا. ونحن أحرار أن نختار أيهما لنسلم له القلب. والتصوير تم هنا بأن كلاً منهما أقام وليمة للنفس ويدعوها لتقبل إلى وليمته.
أمثال,10,1,"الإصحاح العاشر يبدأ من هنا الجزء الثاني من سفر الأمثال وهو الخاص بأمثال سليمان الحكيم. فالجزء الأول كان كمقدمة\'a1 فيها نرى الحكمة تنادي لكل إنسان ليتعلم ونرى هنا ماذا تقول الحكمة. وهذا الجزء عبارة عن أمثال في صورة جمل قصيرة ولكنها مشحونة حكمة\'a1 فالحكمة هي التي تنادي. وكل آية مكونة من مقطعين أو جملتين قد تفسر الجملة الثانية الجملة الأولى وقد يكون معنى الثانية التصوير المضاد للجملة الأولى (مثال: فم الصديق ينبت حكمة\'a1 أما لسان الأكاذيب فيقطع). وكل الأمثال تحث على فعل الخير وتحذر من فعل الشر وهي أمثال متفرقة لا داعي لمحاولة الربط بينها.
أمثال,10,2,"الإصحاح العاشر يبدأ من هنا الجزء الثاني من سفر الأمثال وهو الخاص بأمثال سليمان الحكيم. فالجزء الأول كان كمقدمة\'a1 فيها نرى الحكمة تنادي لكل إنسان ليتعلم ونرى هنا ماذا تقول الحكمة. وهذا الجزء عبارة عن أمثال في صورة جمل قصيرة ولكنها مشحونة حكمة\'a1 فالحكمة هي التي تنادي. وكل آية مكونة من مقطعين أو جملتين قد تفسر الجملة الثانية الجملة الأولى وقد يكون معنى الثانية التصوير المضاد للجملة الأولى (مثال: فم الصديق ينبت حكمة\'a1 أما لسان الأكاذيب فيقطع). وكل الأمثال تحث على فعل الخير وتحذر من فعل الشر وهي أمثال متفرقة لا داعي لمحاولة الربط بينها.
أمثال,10,3,"الإصحاح العاشر يبدأ من هنا الجزء الثاني من سفر الأمثال وهو الخاص بأمثال سليمان الحكيم. فالجزء الأول كان كمقدمة\'a1 فيها نرى الحكمة تنادي لكل إنسان ليتعلم ونرى هنا ماذا تقول الحكمة. وهذا الجزء عبارة عن أمثال في صورة جمل قصيرة ولكنها مشحونة حكمة\'a1 فالحكمة هي التي تنادي. وكل آية مكونة من مقطعين أو جملتين قد تفسر الجملة الثانية الجملة الأولى وقد يكون معنى الثانية التصوير المضاد للجملة الأولى (مثال: فم الصديق ينبت حكمة\'a1 أما لسان الأكاذيب فيقطع). وكل الأمثال تحث على فعل الخير وتحذر من فعل الشر وهي أمثال متفرقة لا داعي لمحاولة الربط بينها.
أمثال,10,4,"الإصحاح العاشر يبدأ من هنا الجزء الثاني من سفر الأمثال وهو الخاص بأمثال سليمان الحكيم. فالجزء الأول كان كمقدمة\'a1 فيها نرى الحكمة تنادي لكل إنسان ليتعلم ونرى هنا ماذا تقول الحكمة. وهذا الجزء عبارة عن أمثال في صورة جمل قصيرة ولكنها مشحونة حكمة\'a1 فالحكمة هي التي تنادي. وكل آية مكونة من مقطعين أو جملتين قد تفسر الجملة الثانية الجملة الأولى وقد يكون معنى الثانية التصوير المضاد للجملة الأولى (مثال: فم الصديق ينبت حكمة\'a1 أما لسان الأكاذيب فيقطع). وكل الأمثال تحث على فعل الخير وتحذر من فعل الشر وهي أمثال متفرقة لا داعي لمحاولة الربط بينها.
أمثال,10,5,"الإصحاح العاشر يبدأ من هنا الجزء الثاني من سفر الأمثال وهو الخاص بأمثال سليمان الحكيم. فالجزء الأول كان كمقدمة\'a1 فيها نرى الحكمة تنادي لكل إنسان ليتعلم ونرى هنا ماذا تقول الحكمة. وهذا الجزء عبارة عن أمثال في صورة جمل قصيرة ولكنها مشحونة حكمة\'a1 فالحكمة هي التي تنادي. وكل آية مكونة من مقطعين أو جملتين قد تفسر الجملة الثانية الجملة الأولى وقد يكون معنى الثانية التصوير المضاد للجملة الأولى (مثال: فم الصديق ينبت حكمة\'a1 أما لسان الأكاذيب فيقطع). وكل الأمثال تحث على فعل الخير وتحذر من فعل الشر وهي أمثال متفرقة لا داعي لمحاولة الربط بينها.
أمثال,10,6,"الإصحاح العاشر يبدأ من هنا الجزء الثاني من سفر الأمثال وهو الخاص بأمثال سليمان الحكيم. فالجزء الأول كان كمقدمة\'a1 فيها نرى الحكمة تنادي لكل إنسان ليتعلم ونرى هنا ماذا تقول الحكمة. وهذا الجزء عبارة عن أمثال في صورة جمل قصيرة ولكنها مشحونة حكمة\'a1 فالحكمة هي التي تنادي. وكل آية مكونة من مقطعين أو جملتين قد تفسر الجملة الثانية الجملة الأولى وقد يكون معنى الثانية التصوير المضاد للجملة الأولى (مثال: فم الصديق ينبت حكمة\'a1 أما لسان الأكاذيب فيقطع). وكل الأمثال تحث على فعل الخير وتحذر من فعل الشر وهي أمثال متفرقة لا داعي لمحاولة الربط بينها.
أمثال,10,7,"الإصحاح العاشر يبدأ من هنا الجزء الثاني من سفر الأمثال وهو الخاص بأمثال سليمان الحكيم. فالجزء الأول كان كمقدمة\'a1 فيها نرى الحكمة تنادي لكل إنسان ليتعلم ونرى هنا ماذا تقول الحكمة. وهذا الجزء عبارة عن أمثال في صورة جمل قصيرة ولكنها مشحونة حكمة\'a1 فالحكمة هي التي تنادي. وكل آية مكونة من مقطعين أو جملتين قد تفسر الجملة الثانية الجملة الأولى وقد يكون معنى الثانية التصوير المضاد للجملة الأولى (مثال: فم الصديق ينبت حكمة\'a1 أما لسان الأكاذيب فيقطع). وكل الأمثال تحث على فعل الخير وتحذر من فعل الشر وهي أمثال متفرقة لا داعي لمحاولة الربط بينها.
أمثال,10,8,"الإصحاح العاشر يبدأ من هنا الجزء الثاني من سفر الأمثال وهو الخاص بأمثال سليمان الحكيم. فالجزء الأول كان كمقدمة\'a1 فيها نرى الحكمة تنادي لكل إنسان ليتعلم ونرى هنا ماذا تقول الحكمة. وهذا الجزء عبارة عن أمثال في صورة جمل قصيرة ولكنها مشحونة حكمة\'a1 فالحكمة هي التي تنادي. وكل آية مكونة من مقطعين أو جملتين قد تفسر الجملة الثانية الجملة الأولى وقد يكون معنى الثانية التصوير المضاد للجملة الأولى (مثال: فم الصديق ينبت حكمة\'a1 أما لسان الأكاذيب فيقطع). وكل الأمثال تحث على فعل الخير وتحذر من فعل الشر وهي أمثال متفرقة لا داعي لمحاولة الربط بينها.
أمثال,10,9,"الإصحاح العاشر يبدأ من هنا الجزء الثاني من سفر الأمثال وهو الخاص بأمثال سليمان الحكيم. فالجزء الأول كان كمقدمة\'a1 فيها نرى الحكمة تنادي لكل إنسان ليتعلم ونرى هنا ماذا تقول الحكمة. وهذا الجزء عبارة عن أمثال في صورة جمل قصيرة ولكنها مشحونة حكمة\'a1 فالحكمة هي التي تنادي. وكل آية مكونة من مقطعين أو جملتين قد تفسر الجملة الثانية الجملة الأولى وقد يكون معنى الثانية التصوير المضاد للجملة الأولى (مثال: فم الصديق ينبت حكمة\'a1 أما لسان الأكاذيب فيقطع). وكل الأمثال تحث على فعل الخير وتحذر من فعل الشر وهي أمثال متفرقة لا داعي لمحاولة الربط بينها.
أمثال,10,10,"الإصحاح العاشر يبدأ من هنا الجزء الثاني من سفر الأمثال وهو الخاص بأمثال سليمان الحكيم. فالجزء الأول كان كمقدمة\'a1 فيها نرى الحكمة تنادي لكل إنسان ليتعلم ونرى هنا ماذا تقول الحكمة. وهذا الجزء عبارة عن أمثال في صورة جمل قصيرة ولكنها مشحونة حكمة\'a1 فالحكمة هي التي تنادي. وكل آية مكونة من مقطعين أو جملتين قد تفسر الجملة الثانية الجملة الأولى وقد يكون معنى الثانية التصوير المضاد للجملة الأولى (مثال: فم الصديق ينبت حكمة\'a1 أما لسان الأكاذيب فيقطع). وكل الأمثال تحث على فعل الخير وتحذر من فعل الشر وهي أمثال متفرقة لا داعي لمحاولة الربط بينها.
أمثال,10,11,"الإصحاح العاشر يبدأ من هنا الجزء الثاني من سفر الأمثال وهو الخاص بأمثال سليمان الحكيم. فالجزء الأول كان كمقدمة\'a1 فيها نرى الحكمة تنادي لكل إنسان ليتعلم ونرى هنا ماذا تقول الحكمة. وهذا الجزء عبارة عن أمثال في صورة جمل قصيرة ولكنها مشحونة حكمة\'a1 فالحكمة هي التي تنادي. وكل آية مكونة من مقطعين أو جملتين قد تفسر الجملة الثانية الجملة الأولى وقد يكون معنى الثانية التصوير المضاد للجملة الأولى (مثال: فم الصديق ينبت حكمة\'a1 أما لسان الأكاذيب فيقطع). وكل الأمثال تحث على فعل الخير وتحذر من فعل الشر وهي أمثال متفرقة لا داعي لمحاولة الربط بينها.
أمثال,10,12,"الإصحاح العاشر يبدأ من هنا الجزء الثاني من سفر الأمثال وهو الخاص بأمثال سليمان الحكيم. فالجزء الأول كان كمقدمة\'a1 فيها نرى الحكمة تنادي لكل إنسان ليتعلم ونرى هنا ماذا تقول الحكمة. وهذا الجزء عبارة عن أمثال في صورة جمل قصيرة ولكنها مشحونة حكمة\'a1 فالحكمة هي التي تنادي. وكل آية مكونة من مقطعين أو جملتين قد تفسر الجملة الثانية الجملة الأولى وقد يكون معنى الثانية التصوير المضاد للجملة الأولى (مثال: فم الصديق ينبت حكمة\'a1 أما لسان الأكاذيب فيقطع). وكل الأمثال تحث على فعل الخير وتحذر من فعل الشر وهي أمثال متفرقة لا داعي لمحاولة الربط بينها.
أمثال,10,13,"الإصحاح العاشر يبدأ من هنا الجزء الثاني من سفر الأمثال وهو الخاص بأمثال سليمان الحكيم. فالجزء الأول كان كمقدمة\'a1 فيها نرى الحكمة تنادي لكل إنسان ليتعلم ونرى هنا ماذا تقول الحكمة. وهذا الجزء عبارة عن أمثال في صورة جمل قصيرة ولكنها مشحونة حكمة\'a1 فالحكمة هي التي تنادي. وكل آية مكونة من مقطعين أو جملتين قد تفسر الجملة الثانية الجملة الأولى وقد يكون معنى الثانية التصوير المضاد للجملة الأولى (مثال: فم الصديق ينبت حكمة\'a1 أما لسان الأكاذيب فيقطع). وكل الأمثال تحث على فعل الخير وتحذر من فعل الشر وهي أمثال متفرقة لا داعي لمحاولة الربط بينها.
أمثال,10,14,"الإصحاح العاشر يبدأ من هنا الجزء الثاني من سفر الأمثال وهو الخاص بأمثال سليمان الحكيم. فالجزء الأول كان كمقدمة\'a1 فيها نرى الحكمة تنادي لكل إنسان ليتعلم ونرى هنا ماذا تقول الحكمة. وهذا الجزء عبارة عن أمثال في صورة جمل قصيرة ولكنها مشحونة حكمة\'a1 فالحكمة هي التي تنادي. وكل آية مكونة من مقطعين أو جملتين قد تفسر الجملة الثانية الجملة الأولى وقد يكون معنى الثانية التصوير المضاد للجملة الأولى (مثال: فم الصديق ينبت حكمة\'a1 أما لسان الأكاذيب فيقطع). وكل الأمثال تحث على فعل الخير وتحذر من فعل الشر وهي أمثال متفرقة لا داعي لمحاولة الربط بينها.
أمثال,10,15,"الإصحاح العاشر يبدأ من هنا الجزء الثاني من سفر الأمثال وهو الخاص بأمثال سليمان الحكيم. فالجزء الأول كان كمقدمة\'a1 فيها نرى الحكمة تنادي لكل إنسان ليتعلم ونرى هنا ماذا تقول الحكمة. وهذا الجزء عبارة عن أمثال في صورة جمل قصيرة ولكنها مشحونة حكمة\'a1 فالحكمة هي التي تنادي. وكل آية مكونة من مقطعين أو جملتين قد تفسر الجملة الثانية الجملة الأولى وقد يكون معنى الثانية التصوير المضاد للجملة الأولى (مثال: فم الصديق ينبت حكمة\'a1 أما لسان الأكاذيب فيقطع). وكل الأمثال تحث على فعل الخير وتحذر من فعل الشر وهي أمثال متفرقة لا داعي لمحاولة الربط بينها.
أمثال,10,16,"الإصحاح العاشر يبدأ من هنا الجزء الثاني من سفر الأمثال وهو الخاص بأمثال سليمان الحكيم. فالجزء الأول كان كمقدمة\'a1 فيها نرى الحكمة تنادي لكل إنسان ليتعلم ونرى هنا ماذا تقول الحكمة. وهذا الجزء عبارة عن أمثال في صورة جمل قصيرة ولكنها مشحونة حكمة\'a1 فالحكمة هي التي تنادي. وكل آية مكونة من مقطعين أو جملتين قد تفسر الجملة الثانية الجملة الأولى وقد يكون معنى الثانية التصوير المضاد للجملة الأولى (مثال: فم الصديق ينبت حكمة\'a1 أما لسان الأكاذيب فيقطع). وكل الأمثال تحث على فعل الخير وتحذر من فعل الشر وهي أمثال متفرقة لا داعي لمحاولة الربط بينها.
أمثال,10,17,"الإصحاح العاشر يبدأ من هنا الجزء الثاني من سفر الأمثال وهو الخاص بأمثال سليمان الحكيم. فالجزء الأول كان كمقدمة\'a1 فيها نرى الحكمة تنادي لكل إنسان ليتعلم ونرى هنا ماذا تقول الحكمة. وهذا الجزء عبارة عن أمثال في صورة جمل قصيرة ولكنها مشحونة حكمة\'a1 فالحكمة هي التي تنادي. وكل آية مكونة من مقطعين أو جملتين قد تفسر الجملة الثانية الجملة الأولى وقد يكون معنى الثانية التصوير المضاد للجملة الأولى (مثال: فم الصديق ينبت حكمة\'a1 أما لسان الأكاذيب فيقطع). وكل الأمثال تحث على فعل الخير وتحذر من فعل الشر وهي أمثال متفرقة لا داعي لمحاولة الربط بينها.
أمثال,10,18,"الإصحاح العاشر يبدأ من هنا الجزء الثاني من سفر الأمثال وهو الخاص بأمثال سليمان الحكيم. فالجزء الأول كان كمقدمة\'a1 فيها نرى الحكمة تنادي لكل إنسان ليتعلم ونرى هنا ماذا تقول الحكمة. وهذا الجزء عبارة عن أمثال في صورة جمل قصيرة ولكنها مشحونة حكمة\'a1 فالحكمة هي التي تنادي. وكل آية مكونة من مقطعين أو جملتين قد تفسر الجملة الثانية الجملة الأولى وقد يكون معنى الثانية التصوير المضاد للجملة الأولى (مثال: فم الصديق ينبت حكمة\'a1 أما لسان الأكاذيب فيقطع). وكل الأمثال تحث على فعل الخير وتحذر من فعل الشر وهي أمثال متفرقة لا داعي لمحاولة الربط بينها.
أمثال,10,19,"الإصحاح العاشر يبدأ من هنا الجزء الثاني من سفر الأمثال وهو الخاص بأمثال سليمان الحكيم. فالجزء الأول كان كمقدمة\'a1 فيها نرى الحكمة تنادي لكل إنسان ليتعلم ونرى هنا ماذا تقول الحكمة. وهذا الجزء عبارة عن أمثال في صورة جمل قصيرة ولكنها مشحونة حكمة\'a1 فالحكمة هي التي تنادي. وكل آية مكونة من مقطعين أو جملتين قد تفسر الجملة الثانية الجملة الأولى وقد يكون معنى الثانية التصوير المضاد للجملة الأولى (مثال: فم الصديق ينبت حكمة\'a1 أما لسان الأكاذيب فيقطع). وكل الأمثال تحث على فعل الخير وتحذر من فعل الشر وهي أمثال متفرقة لا داعي لمحاولة الربط بينها.
أمثال,10,20,"الإصحاح العاشر يبدأ من هنا الجزء الثاني من سفر الأمثال وهو الخاص بأمثال سليمان الحكيم. فالجزء الأول كان كمقدمة\'a1 فيها نرى الحكمة تنادي لكل إنسان ليتعلم ونرى هنا ماذا تقول الحكمة. وهذا الجزء عبارة عن أمثال في صورة جمل قصيرة ولكنها مشحونة حكمة\'a1 فالحكمة هي التي تنادي. وكل آية مكونة من مقطعين أو جملتين قد تفسر الجملة الثانية الجملة الأولى وقد يكون معنى الثانية التصوير المضاد للجملة الأولى (مثال: فم الصديق ينبت حكمة\'a1 أما لسان الأكاذيب فيقطع). وكل الأمثال تحث على فعل الخير وتحذر من فعل الشر وهي أمثال متفرقة لا داعي لمحاولة الربط بينها.
أمثال,10,21,"الإصحاح العاشر يبدأ من هنا الجزء الثاني من سفر الأمثال وهو الخاص بأمثال سليمان الحكيم. فالجزء الأول كان كمقدمة\'a1 فيها نرى الحكمة تنادي لكل إنسان ليتعلم ونرى هنا ماذا تقول الحكمة. وهذا الجزء عبارة عن أمثال في صورة جمل قصيرة ولكنها مشحونة حكمة\'a1 فالحكمة هي التي تنادي. وكل آية مكونة من مقطعين أو جملتين قد تفسر الجملة الثانية الجملة الأولى وقد يكون معنى الثانية التصوير المضاد للجملة الأولى (مثال: فم الصديق ينبت حكمة\'a1 أما لسان الأكاذيب فيقطع). وكل الأمثال تحث على فعل الخير وتحذر من فعل الشر وهي أمثال متفرقة لا داعي لمحاولة الربط بينها.
أمثال,10,22,"الإصحاح العاشر يبدأ من هنا الجزء الثاني من سفر الأمثال وهو الخاص بأمثال سليمان الحكيم. فالجزء الأول كان كمقدمة\'a1 فيها نرى الحكمة تنادي لكل إنسان ليتعلم ونرى هنا ماذا تقول الحكمة. وهذا الجزء عبارة عن أمثال في صورة جمل قصيرة ولكنها مشحونة حكمة\'a1 فالحكمة هي التي تنادي. وكل آية مكونة من مقطعين أو جملتين قد تفسر الجملة الثانية الجملة الأولى وقد يكون معنى الثانية التصوير المضاد للجملة الأولى (مثال: فم الصديق ينبت حكمة\'a1 أما لسان الأكاذيب فيقطع). وكل الأمثال تحث على فعل الخير وتحذر من فعل الشر وهي أمثال متفرقة لا داعي لمحاولة الربط بينها.
أمثال,10,23,"الإصحاح العاشر يبدأ من هنا الجزء الثاني من سفر الأمثال وهو الخاص بأمثال سليمان الحكيم. فالجزء الأول كان كمقدمة\'a1 فيها نرى الحكمة تنادي لكل إنسان ليتعلم ونرى هنا ماذا تقول الحكمة. وهذا الجزء عبارة عن أمثال في صورة جمل قصيرة ولكنها مشحونة حكمة\'a1 فالحكمة هي التي تنادي. وكل آية مكونة من مقطعين أو جملتين قد تفسر الجملة الثانية الجملة الأولى وقد يكون معنى الثانية التصوير المضاد للجملة الأولى (مثال: فم الصديق ينبت حكمة\'a1 أما لسان الأكاذيب فيقطع). وكل الأمثال تحث على فعل الخير وتحذر من فعل الشر وهي أمثال متفرقة لا داعي لمحاولة الربط بينها.
أمثال,10,24,"الإصحاح العاشر يبدأ من هنا الجزء الثاني من سفر الأمثال وهو الخاص بأمثال سليمان الحكيم. فالجزء الأول كان كمقدمة\'a1 فيها نرى الحكمة تنادي لكل إنسان ليتعلم ونرى هنا ماذا تقول الحكمة. وهذا الجزء عبارة عن أمثال في صورة جمل قصيرة ولكنها مشحونة حكمة\'a1 فالحكمة هي التي تنادي. وكل آية مكونة من مقطعين أو جملتين قد تفسر الجملة الثانية الجملة الأولى وقد يكون معنى الثانية التصوير المضاد للجملة الأولى (مثال: فم الصديق ينبت حكمة\'a1 أما لسان الأكاذيب فيقطع). وكل الأمثال تحث على فعل الخير وتحذر من فعل الشر وهي أمثال متفرقة لا داعي لمحاولة الربط بينها.
أمثال,10,25,"الإصحاح العاشر يبدأ من هنا الجزء الثاني من سفر الأمثال وهو الخاص بأمثال سليمان الحكيم. فالجزء الأول كان كمقدمة\'a1 فيها نرى الحكمة تنادي لكل إنسان ليتعلم ونرى هنا ماذا تقول الحكمة. وهذا الجزء عبارة عن أمثال في صورة جمل قصيرة ولكنها مشحونة حكمة\'a1 فالحكمة هي التي تنادي. وكل آية مكونة من مقطعين أو جملتين قد تفسر الجملة الثانية الجملة الأولى وقد يكون معنى الثانية التصوير المضاد للجملة الأولى (مثال: فم الصديق ينبت حكمة\'a1 أما لسان الأكاذيب فيقطع). وكل الأمثال تحث على فعل الخير وتحذر من فعل الشر وهي أمثال متفرقة لا داعي لمحاولة الربط بينها.
أمثال,10,26,"الإصحاح العاشر يبدأ من هنا الجزء الثاني من سفر الأمثال وهو الخاص بأمثال سليمان الحكيم. فالجزء الأول كان كمقدمة\'a1 فيها نرى الحكمة تنادي لكل إنسان ليتعلم ونرى هنا ماذا تقول الحكمة. وهذا الجزء عبارة عن أمثال في صورة جمل قصيرة ولكنها مشحونة حكمة\'a1 فالحكمة هي التي تنادي. وكل آية مكونة من مقطعين أو جملتين قد تفسر الجملة الثانية الجملة الأولى وقد يكون معنى الثانية التصوير المضاد للجملة الأولى (مثال: فم الصديق ينبت حكمة\'a1 أما لسان الأكاذيب فيقطع). وكل الأمثال تحث على فعل الخير وتحذر من فعل الشر وهي أمثال متفرقة لا داعي لمحاولة الربط بينها.
أمثال,10,27,"الإصحاح العاشر يبدأ من هنا الجزء الثاني من سفر الأمثال وهو الخاص بأمثال سليمان الحكيم. فالجزء الأول كان كمقدمة\'a1 فيها نرى الحكمة تنادي لكل إنسان ليتعلم ونرى هنا ماذا تقول الحكمة. وهذا الجزء عبارة عن أمثال في صورة جمل قصيرة ولكنها مشحونة حكمة\'a1 فالحكمة هي التي تنادي. وكل آية مكونة من مقطعين أو جملتين قد تفسر الجملة الثانية الجملة الأولى وقد يكون معنى الثانية التصوير المضاد للجملة الأولى (مثال: فم الصديق ينبت حكمة\'a1 أما لسان الأكاذيب فيقطع). وكل الأمثال تحث على فعل الخير وتحذر من فعل الشر وهي أمثال متفرقة لا داعي لمحاولة الربط بينها.
أمثال,10,28,"الإصحاح العاشر يبدأ من هنا الجزء الثاني من سفر الأمثال وهو الخاص بأمثال سليمان الحكيم. فالجزء الأول كان كمقدمة\'a1 فيها نرى الحكمة تنادي لكل إنسان ليتعلم ونرى هنا ماذا تقول الحكمة. وهذا الجزء عبارة عن أمثال في صورة جمل قصيرة ولكنها مشحونة حكمة\'a1 فالحكمة هي التي تنادي. وكل آية مكونة من مقطعين أو جملتين قد تفسر الجملة الثانية الجملة الأولى وقد يكون معنى الثانية التصوير المضاد للجملة الأولى (مثال: فم الصديق ينبت حكمة\'a1 أما لسان الأكاذيب فيقطع). وكل الأمثال تحث على فعل الخير وتحذر من فعل الشر وهي أمثال متفرقة لا داعي لمحاولة الربط بينها.
أمثال,10,29,"الإصحاح العاشر يبدأ من هنا الجزء الثاني من سفر الأمثال وهو الخاص بأمثال سليمان الحكيم. فالجزء الأول كان كمقدمة\'a1 فيها نرى الحكمة تنادي لكل إنسان ليتعلم ونرى هنا ماذا تقول الحكمة. وهذا الجزء عبارة عن أمثال في صورة جمل قصيرة ولكنها مشحونة حكمة\'a1 فالحكمة هي التي تنادي. وكل آية مكونة من مقطعين أو جملتين قد تفسر الجملة الثانية الجملة الأولى وقد يكون معنى الثانية التصوير المضاد للجملة الأولى (مثال: فم الصديق ينبت حكمة\'a1 أما لسان الأكاذيب فيقطع). وكل الأمثال تحث على فعل الخير وتحذر من فعل الشر وهي أمثال متفرقة لا داعي لمحاولة الربط بينها.
أمثال,10,30,"الإصحاح العاشر يبدأ من هنا الجزء الثاني من سفر الأمثال وهو الخاص بأمثال سليمان الحكيم. فالجزء الأول كان كمقدمة\'a1 فيها نرى الحكمة تنادي لكل إنسان ليتعلم ونرى هنا ماذا تقول الحكمة. وهذا الجزء عبارة عن أمثال في صورة جمل قصيرة ولكنها مشحونة حكمة\'a1 فالحكمة هي التي تنادي. وكل آية مكونة من مقطعين أو جملتين قد تفسر الجملة الثانية الجملة الأولى وقد يكون معنى الثانية التصوير المضاد للجملة الأولى (مثال: فم الصديق ينبت حكمة\'a1 أما لسان الأكاذيب فيقطع). وكل الأمثال تحث على فعل الخير وتحذر من فعل الشر وهي أمثال متفرقة لا داعي لمحاولة الربط بينها.
أمثال,10,31,"الإصحاح العاشر يبدأ من هنا الجزء الثاني من سفر الأمثال وهو الخاص بأمثال سليمان الحكيم. فالجزء الأول كان كمقدمة\'a1 فيها نرى الحكمة تنادي لكل إنسان ليتعلم ونرى هنا ماذا تقول الحكمة. وهذا الجزء عبارة عن أمثال في صورة جمل قصيرة ولكنها مشحونة حكمة\'a1 فالحكمة هي التي تنادي. وكل آية مكونة من مقطعين أو جملتين قد تفسر الجملة الثانية الجملة الأولى وقد يكون معنى الثانية التصوير المضاد للجملة الأولى (مثال: فم الصديق ينبت حكمة\'a1 أما لسان الأكاذيب فيقطع). وكل الأمثال تحث على فعل الخير وتحذر من فعل الشر وهي أمثال متفرقة لا داعي لمحاولة الربط بينها.
أمثال,10,32,"الإصحاح العاشر يبدأ من هنا الجزء الثاني من سفر الأمثال وهو الخاص بأمثال سليمان الحكيم. فالجزء الأول كان كمقدمة\'a1 فيها نرى الحكمة تنادي لكل إنسان ليتعلم ونرى هنا ماذا تقول الحكمة. وهذا الجزء عبارة عن أمثال في صورة جمل قصيرة ولكنها مشحونة حكمة\'a1 فالحكمة هي التي تنادي. وكل آية مكونة من مقطعين أو جملتين قد تفسر الجملة الثانية الجملة الأولى وقد يكون معنى الثانية التصوير المضاد للجملة الأولى (مثال: فم الصديق ينبت حكمة\'a1 أما لسان الأكاذيب فيقطع). وكل الأمثال تحث على فعل الخير وتحذر من فعل الشر وهي أمثال متفرقة لا داعي لمحاولة الربط بينها.
أمثال,10,33,"الإصحاح العاشر يبدأ من هنا الجزء الثاني من سفر الأمثال وهو الخاص بأمثال سليمان الحكيم. فالجزء الأول كان كمقدمة\'a1 فيها نرى الحكمة تنادي لكل إنسان ليتعلم ونرى هنا ماذا تقول الحكمة. وهذا الجزء عبارة عن أمثال في صورة جمل قصيرة ولكنها مشحونة حكمة\'a1 فالحكمة هي التي تنادي. وكل آية مكونة من مقطعين أو جملتين قد تفسر الجملة الثانية الجملة الأولى وقد يكون معنى الثانية التصوير المضاد للجملة الأولى (مثال: فم الصديق ينبت حكمة\'a1 أما لسان الأكاذيب فيقطع). وكل الأمثال تحث على فعل الخير وتحذر من فعل الشر وهي أمثال متفرقة لا داعي لمحاولة الربط بينها.
أمثال,10,34,"الإصحاح العاشر يبدأ من هنا الجزء الثاني من سفر الأمثال وهو الخاص بأمثال سليمان الحكيم. فالجزء الأول كان كمقدمة\'a1 فيها نرى الحكمة تنادي لكل إنسان ليتعلم ونرى هنا ماذا تقول الحكمة. وهذا الجزء عبارة عن أمثال في صورة جمل قصيرة ولكنها مشحونة حكمة\'a1 فالحكمة هي التي تنادي. وكل آية مكونة من مقطعين أو جملتين قد تفسر الجملة الثانية الجملة الأولى وقد يكون معنى الثانية التصوير المضاد للجملة الأولى (مثال: فم الصديق ينبت حكمة\'a1 أما لسان الأكاذيب فيقطع). وكل الأمثال تحث على فعل الخير وتحذر من فعل الشر وهي أمثال متفرقة لا داعي لمحاولة الربط بينها.
أمثال,10,35,"الإصحاح العاشر يبدأ من هنا الجزء الثاني من سفر الأمثال وهو الخاص بأمثال سليمان الحكيم. فالجزء الأول كان كمقدمة\'a1 فيها نرى الحكمة تنادي لكل إنسان ليتعلم ونرى هنا ماذا تقول الحكمة. وهذا الجزء عبارة عن أمثال في صورة جمل قصيرة ولكنها مشحونة حكمة\'a1 فالحكمة هي التي تنادي. وكل آية مكونة من مقطعين أو جملتين قد تفسر الجملة الثانية الجملة الأولى وقد يكون معنى الثانية التصوير المضاد للجملة الأولى (مثال: فم الصديق ينبت حكمة\'a1 أما لسان الأكاذيب فيقطع). وكل الأمثال تحث على فعل الخير وتحذر من فعل الشر وهي أمثال متفرقة لا داعي لمحاولة الربط بينها.
أمثال,10,36,"الإصحاح العاشر يبدأ من هنا الجزء الثاني من سفر الأمثال وهو الخاص بأمثال سليمان الحكيم. فالجزء الأول كان كمقدمة\'a1 فيها نرى الحكمة تنادي لكل إنسان ليتعلم ونرى هنا ماذا تقول الحكمة. وهذا الجزء عبارة عن أمثال في صورة جمل قصيرة ولكنها مشحونة حكمة\'a1 فالحكمة هي التي تنادي. وكل آية مكونة من مقطعين أو جملتين قد تفسر الجملة الثانية الجملة الأولى وقد يكون معنى الثانية التصوير المضاد للجملة الأولى (مثال: فم الصديق ينبت حكمة\'a1 أما لسان الأكاذيب فيقطع). وكل الأمثال تحث على فعل الخير وتحذر من فعل الشر وهي أمثال متفرقة لا داعي لمحاولة الربط بينها.
أمثال,10,37,"الإصحاح العاشر يبدأ من هنا الجزء الثاني من سفر الأمثال وهو الخاص بأمثال سليمان الحكيم. فالجزء الأول كان كمقدمة\'a1 فيها نرى الحكمة تنادي لكل إنسان ليتعلم ونرى هنا ماذا تقول الحكمة. وهذا الجزء عبارة عن أمثال في صورة جمل قصيرة ولكنها مشحونة حكمة\'a1 فالحكمة هي التي تنادي. وكل آية مكونة من مقطعين أو جملتين قد تفسر الجملة الثانية الجملة الأولى وقد يكون معنى الثانية التصوير المضاد للجملة الأولى (مثال: فم الصديق ينبت حكمة\'a1 أما لسان الأكاذيب فيقطع). وكل الأمثال تحث على فعل الخير وتحذر من فعل الشر وهي أمثال متفرقة لا داعي لمحاولة الربط بينها.
أمثال,10,38,"الإصحاح العاشر يبدأ من هنا الجزء الثاني من سفر الأمثال وهو الخاص بأمثال سليمان الحكيم. فالجزء الأول كان كمقدمة\'a1 فيها نرى الحكمة تنادي لكل إنسان ليتعلم ونرى هنا ماذا تقول الحكمة. وهذا الجزء عبارة عن أمثال في صورة جمل قصيرة ولكنها مشحونة حكمة\'a1 فالحكمة هي التي تنادي. وكل آية مكونة من مقطعين أو جملتين قد تفسر الجملة الثانية الجملة الأولى وقد يكون معنى الثانية التصوير المضاد للجملة الأولى (مثال: فم الصديق ينبت حكمة\'a1 أما لسان الأكاذيب فيقطع). وكل الأمثال تحث على فعل الخير وتحذر من فعل الشر وهي أمثال متفرقة لا داعي لمحاولة الربط بينها.
أمثال,10,39,"الإصحاح العاشر يبدأ من هنا الجزء الثاني من سفر الأمثال وهو الخاص بأمثال سليمان الحكيم. فالجزء الأول كان كمقدمة\'a1 فيها نرى الحكمة تنادي لكل إنسان ليتعلم ونرى هنا ماذا تقول الحكمة. وهذا الجزء عبارة عن أمثال في صورة جمل قصيرة ولكنها مشحونة حكمة\'a1 فالحكمة هي التي تنادي. وكل آية مكونة من مقطعين أو جملتين قد تفسر الجملة الثانية الجملة الأولى وقد يكون معنى الثانية التصوير المضاد للجملة الأولى (مثال: فم الصديق ينبت حكمة\'a1 أما لسان الأكاذيب فيقطع). وكل الأمثال تحث على فعل الخير وتحذر من فعل الشر وهي أمثال متفرقة لا داعي لمحاولة الربط بينها.
أمثال,10,40,"الإصحاح العاشر يبدأ من هنا الجزء الثاني من سفر الأمثال وهو الخاص بأمثال سليمان الحكيم. فالجزء الأول كان كمقدمة\'a1 فيها نرى الحكمة تنادي لكل إنسان ليتعلم ونرى هنا ماذا تقول الحكمة. وهذا الجزء عبارة عن أمثال في صورة جمل قصيرة ولكنها مشحونة حكمة\'a1 فالحكمة هي التي تنادي. وكل آية مكونة من مقطعين أو جملتين قد تفسر الجملة الثانية الجملة الأولى وقد يكون معنى الثانية التصوير المضاد للجملة الأولى (مثال: فم الصديق ينبت حكمة\'a1 أما لسان الأكاذيب فيقطع). وكل الأمثال تحث على فعل الخير وتحذر من فعل الشر وهي أمثال متفرقة لا داعي لمحاولة الربط بينها.
أمثال,10,41,"الإصحاح العاشر يبدأ من هنا الجزء الثاني من سفر الأمثال وهو الخاص بأمثال سليمان الحكيم. فالجزء الأول كان كمقدمة\'a1 فيها نرى الحكمة تنادي لكل إنسان ليتعلم ونرى هنا ماذا تقول الحكمة. وهذا الجزء عبارة عن أمثال في صورة جمل قصيرة ولكنها مشحونة حكمة\'a1 فالحكمة هي التي تنادي. وكل آية مكونة من مقطعين أو جملتين قد تفسر الجملة الثانية الجملة الأولى وقد يكون معنى الثانية التصوير المضاد للجملة الأولى (مثال: فم الصديق ينبت حكمة\'a1 أما لسان الأكاذيب فيقطع). وكل الأمثال تحث على فعل الخير وتحذر من فعل الشر وهي أمثال متفرقة لا داعي لمحاولة الربط بينها.
أمثال,10,42,"الإصحاح العاشر يبدأ من هنا الجزء الثاني من سفر الأمثال وهو الخاص بأمثال سليمان الحكيم. فالجزء الأول كان كمقدمة\'a1 فيها نرى الحكمة تنادي لكل إنسان ليتعلم ونرى هنا ماذا تقول الحكمة. وهذا الجزء عبارة عن أمثال في صورة جمل قصيرة ولكنها مشحونة حكمة\'a1 فالحكمة هي التي تنادي. وكل آية مكونة من مقطعين أو جملتين قد تفسر الجملة الثانية الجملة الأولى وقد يكون معنى الثانية التصوير المضاد للجملة الأولى (مثال: فم الصديق ينبت حكمة\'a1 أما لسان الأكاذيب فيقطع). وكل الأمثال تحث على فعل الخير وتحذر من فعل الشر وهي أمثال متفرقة لا داعي لمحاولة الربط بينها.
أمثال,10,43,"الإصحاح العاشر يبدأ من هنا الجزء الثاني من سفر الأمثال وهو الخاص بأمثال سليمان الحكيم. فالجزء الأول كان كمقدمة\'a1 فيها نرى الحكمة تنادي لكل إنسان ليتعلم ونرى هنا ماذا تقول الحكمة. وهذا الجزء عبارة عن أمثال في صورة جمل قصيرة ولكنها مشحونة حكمة\'a1 فالحكمة هي التي تنادي. وكل آية مكونة من مقطعين أو جملتين قد تفسر الجملة الثانية الجملة الأولى وقد يكون معنى الثانية التصوير المضاد للجملة الأولى (مثال: فم الصديق ينبت حكمة\'a1 أما لسان الأكاذيب فيقطع). وكل الأمثال تحث على فعل الخير وتحذر من فعل الشر وهي أمثال متفرقة لا داعي لمحاولة الربط بينها.
أمثال,10,44,"الإصحاح العاشر يبدأ من هنا الجزء الثاني من سفر الأمثال وهو الخاص بأمثال سليمان الحكيم. فالجزء الأول كان كمقدمة\'a1 فيها نرى الحكمة تنادي لكل إنسان ليتعلم ونرى هنا ماذا تقول الحكمة. وهذا الجزء عبارة عن أمثال في صورة جمل قصيرة ولكنها مشحونة حكمة\'a1 فالحكمة هي التي تنادي. وكل آية مكونة من مقطعين أو جملتين قد تفسر الجملة الثانية الجملة الأولى وقد يكون معنى الثانية التصوير المضاد للجملة الأولى (مثال: فم الصديق ينبت حكمة\'a1 أما لسان الأكاذيب فيقطع). وكل الأمثال تحث على فعل الخير وتحذر من فعل الشر وهي أمثال متفرقة لا داعي لمحاولة الربط بينها.
أمثال,10,45,"الإصحاح العاشر يبدأ من هنا الجزء الثاني من سفر الأمثال وهو الخاص بأمثال سليمان الحكيم. فالجزء الأول كان كمقدمة\'a1 فيها نرى الحكمة تنادي لكل إنسان ليتعلم ونرى هنا ماذا تقول الحكمة. وهذا الجزء عبارة عن أمثال في صورة جمل قصيرة ولكنها مشحونة حكمة\'a1 فالحكمة هي التي تنادي. وكل آية مكونة من مقطعين أو جملتين قد تفسر الجملة الثانية الجملة الأولى وقد يكون معنى الثانية التصوير المضاد للجملة الأولى (مثال: فم الصديق ينبت حكمة\'a1 أما لسان الأكاذيب فيقطع). وكل الأمثال تحث على فعل الخير وتحذر من فعل الشر وهي أمثال متفرقة لا داعي لمحاولة الربط بينها.
أمثال,10,46,"الإصحاح العاشر يبدأ من هنا الجزء الثاني من سفر الأمثال وهو الخاص بأمثال سليمان الحكيم. فالجزء الأول كان كمقدمة\'a1 فيها نرى الحكمة تنادي لكل إنسان ليتعلم ونرى هنا ماذا تقول الحكمة. وهذا الجزء عبارة عن أمثال في صورة جمل قصيرة ولكنها مشحونة حكمة\'a1 فالحكمة هي التي تنادي. وكل آية مكونة من مقطعين أو جملتين قد تفسر الجملة الثانية الجملة الأولى وقد يكون معنى الثانية التصوير المضاد للجملة الأولى (مثال: فم الصديق ينبت حكمة\'a1 أما لسان الأكاذيب فيقطع). وكل الأمثال تحث على فعل الخير وتحذر من فعل الشر وهي أمثال متفرقة لا داعي لمحاولة الربط بينها.
أمثال,10,47,"الإصحاح العاشر يبدأ من هنا الجزء الثاني من سفر الأمثال وهو الخاص بأمثال سليمان الحكيم. فالجزء الأول كان كمقدمة\'a1 فيها نرى الحكمة تنادي لكل إنسان ليتعلم ونرى هنا ماذا تقول الحكمة. وهذا الجزء عبارة عن أمثال في صورة جمل قصيرة ولكنها مشحونة حكمة\'a1 فالحكمة هي التي تنادي. وكل آية مكونة من مقطعين أو جملتين قد تفسر الجملة الثانية الجملة الأولى وقد يكون معنى الثانية التصوير المضاد للجملة الأولى (مثال: فم الصديق ينبت حكمة\'a1 أما لسان الأكاذيب فيقطع). وكل الأمثال تحث على فعل الخير وتحذر من فعل الشر وهي أمثال متفرقة لا داعي لمحاولة الربط بينها.
أمثال,10,48,"الإصحاح العاشر يبدأ من هنا الجزء الثاني من سفر الأمثال وهو الخاص بأمثال سليمان الحكيم. فالجزء الأول كان كمقدمة\'a1 فيها نرى الحكمة تنادي لكل إنسان ليتعلم ونرى هنا ماذا تقول الحكمة. وهذا الجزء عبارة عن أمثال في صورة جمل قصيرة ولكنها مشحونة حكمة\'a1 فالحكمة هي التي تنادي. وكل آية مكونة من مقطعين أو جملتين قد تفسر الجملة الثانية الجملة الأولى وقد يكون معنى الثانية التصوير المضاد للجملة الأولى (مثال: فم الصديق ينبت حكمة\'a1 أما لسان الأكاذيب فيقطع). وكل الأمثال تحث على فعل الخير وتحذر من فعل الشر وهي أمثال متفرقة لا داعي لمحاولة الربط بينها.
أمثال,10,49,"الإصحاح العاشر يبدأ من هنا الجزء الثاني من سفر الأمثال وهو الخاص بأمثال سليمان الحكيم. فالجزء الأول كان كمقدمة\'a1 فيها نرى الحكمة تنادي لكل إنسان ليتعلم ونرى هنا ماذا تقول الحكمة. وهذا الجزء عبارة عن أمثال في صورة جمل قصيرة ولكنها مشحونة حكمة\'a1 فالحكمة هي التي تنادي. وكل آية مكونة من مقطعين أو جملتين قد تفسر الجملة الثانية الجملة الأولى وقد يكون معنى الثانية التصوير المضاد للجملة الأولى (مثال: فم الصديق ينبت حكمة\'a1 أما لسان الأكاذيب فيقطع). وكل الأمثال تحث على فعل الخير وتحذر من فعل الشر وهي أمثال متفرقة لا داعي لمحاولة الربط بينها.
أمثال,10,50,"الإصحاح العاشر يبدأ من هنا الجزء الثاني من سفر الأمثال وهو الخاص بأمثال سليمان الحكيم. فالجزء الأول كان كمقدمة\'a1 فيها نرى الحكمة تنادي لكل إنسان ليتعلم ونرى هنا ماذا تقول الحكمة. وهذا الجزء عبارة عن أمثال في صورة جمل قصيرة ولكنها مشحونة حكمة\'a1 فالحكمة هي التي تنادي. وكل آية مكونة من مقطعين أو جملتين قد تفسر الجملة الثانية الجملة الأولى وقد يكون معنى الثانية التصوير المضاد للجملة الأولى (مثال: فم الصديق ينبت حكمة\'a1 أما لسان الأكاذيب فيقطع). وكل الأمثال تحث على فعل الخير وتحذر من فعل الشر وهي أمثال متفرقة لا داعي لمحاولة الربط بينها.
أمثال,10,51,"الإصحاح العاشر يبدأ من هنا الجزء الثاني من سفر الأمثال وهو الخاص بأمثال سليمان الحكيم. فالجزء الأول كان كمقدمة\'a1 فيها نرى الحكمة تنادي لكل إنسان ليتعلم ونرى هنا ماذا تقول الحكمة. وهذا الجزء عبارة عن أمثال في صورة جمل قصيرة ولكنها مشحونة حكمة\'a1 فالحكمة هي التي تنادي. وكل آية مكونة من مقطعين أو جملتين قد تفسر الجملة الثانية الجملة الأولى وقد يكون معنى الثانية التصوير المضاد للجملة الأولى (مثال: فم الصديق ينبت حكمة\'a1 أما لسان الأكاذيب فيقطع). وكل الأمثال تحث على فعل الخير وتحذر من فعل الشر وهي أمثال متفرقة لا داعي لمحاولة الربط بينها.
أمثال,10,52,"الإصحاح العاشر يبدأ من هنا الجزء الثاني من سفر الأمثال وهو الخاص بأمثال سليمان الحكيم. فالجزء الأول كان كمقدمة\'a1 فيها نرى الحكمة تنادي لكل إنسان ليتعلم ونرى هنا ماذا تقول الحكمة. وهذا الجزء عبارة عن أمثال في صورة جمل قصيرة ولكنها مشحونة حكمة\'a1 فالحكمة هي التي تنادي. وكل آية مكونة من مقطعين أو جملتين قد تفسر الجملة الثانية الجملة الأولى وقد يكون معنى الثانية التصوير المضاد للجملة الأولى (مثال: فم الصديق ينبت حكمة\'a1 أما لسان الأكاذيب فيقطع). وكل الأمثال تحث على فعل الخير وتحذر من فعل الشر وهي أمثال متفرقة لا داعي لمحاولة الربط بينها.
أمثال,10,53,"الإصحاح العاشر يبدأ من هنا الجزء الثاني من سفر الأمثال وهو الخاص بأمثال سليمان الحكيم. فالجزء الأول كان كمقدمة\'a1 فيها نرى الحكمة تنادي لكل إنسان ليتعلم ونرى هنا ماذا تقول الحكمة. وهذا الجزء عبارة عن أمثال في صورة جمل قصيرة ولكنها مشحونة حكمة\'a1 فالحكمة هي التي تنادي. وكل آية مكونة من مقطعين أو جملتين قد تفسر الجملة الثانية الجملة الأولى وقد يكون معنى الثانية التصوير المضاد للجملة الأولى (مثال: فم الصديق ينبت حكمة\'a1 أما لسان الأكاذيب فيقطع). وكل الأمثال تحث على فعل الخير وتحذر من فعل الشر وهي أمثال متفرقة لا داعي لمحاولة الربط بينها.
أمثال,10,54,"الإصحاح العاشر يبدأ من هنا الجزء الثاني من سفر الأمثال وهو الخاص بأمثال سليمان الحكيم. فالجزء الأول كان كمقدمة\'a1 فيها نرى الحكمة تنادي لكل إنسان ليتعلم ونرى هنا ماذا تقول الحكمة. وهذا الجزء عبارة عن أمثال في صورة جمل قصيرة ولكنها مشحونة حكمة\'a1 فالحكمة هي التي تنادي. وكل آية مكونة من مقطعين أو جملتين قد تفسر الجملة الثانية الجملة الأولى وقد يكون معنى الثانية التصوير المضاد للجملة الأولى (مثال: فم الصديق ينبت حكمة\'a1 أما لسان الأكاذيب فيقطع). وكل الأمثال تحث على فعل الخير وتحذر من فعل الشر وهي أمثال متفرقة لا داعي لمحاولة الربط بينها.
أمثال,10,55,"الإصحاح العاشر يبدأ من هنا الجزء الثاني من سفر الأمثال وهو الخاص بأمثال سليمان الحكيم. فالجزء الأول كان كمقدمة\'a1 فيها نرى الحكمة تنادي لكل إنسان ليتعلم ونرى هنا ماذا تقول الحكمة. وهذا الجزء عبارة عن أمثال في صورة جمل قصيرة ولكنها مشحونة حكمة\'a1 فالحكمة هي التي تنادي. وكل آية مكونة من مقطعين أو جملتين قد تفسر الجملة الثانية الجملة الأولى وقد يكون معنى الثانية التصوير المضاد للجملة الأولى (مثال: فم الصديق ينبت حكمة\'a1 أما لسان الأكاذيب فيقطع). وكل الأمثال تحث على فعل الخير وتحذر من فعل الشر وهي أمثال متفرقة لا داعي لمحاولة الربط بينها.
أمثال,10,56,"الإصحاح العاشر يبدأ من هنا الجزء الثاني من سفر الأمثال وهو الخاص بأمثال سليمان الحكيم. فالجزء الأول كان كمقدمة\'a1 فيها نرى الحكمة تنادي لكل إنسان ليتعلم ونرى هنا ماذا تقول الحكمة. وهذا الجزء عبارة عن أمثال في صورة جمل قصيرة ولكنها مشحونة حكمة\'a1 فالحكمة هي التي تنادي. وكل آية مكونة من مقطعين أو جملتين قد تفسر الجملة الثانية الجملة الأولى وقد يكون معنى الثانية التصوير المضاد للجملة الأولى (مثال: فم الصديق ينبت حكمة\'a1 أما لسان الأكاذيب فيقطع). وكل الأمثال تحث على فعل الخير وتحذر من فعل الشر وهي أمثال متفرقة لا داعي لمحاولة الربط بينها.
أمثال,10,57,"الإصحاح العاشر يبدأ من هنا الجزء الثاني من سفر الأمثال وهو الخاص بأمثال سليمان الحكيم. فالجزء الأول كان كمقدمة\'a1 فيها نرى الحكمة تنادي لكل إنسان ليتعلم ونرى هنا ماذا تقول الحكمة. وهذا الجزء عبارة عن أمثال في صورة جمل قصيرة ولكنها مشحونة حكمة\'a1 فالحكمة هي التي تنادي. وكل آية مكونة من مقطعين أو جملتين قد تفسر الجملة الثانية الجملة الأولى وقد يكون معنى الثانية التصوير المضاد للجملة الأولى (مثال: فم الصديق ينبت حكمة\'a1 أما لسان الأكاذيب فيقطع). وكل الأمثال تحث على فعل الخير وتحذر من فعل الشر وهي أمثال متفرقة لا داعي لمحاولة الربط بينها.
أمثال,10,58,"الإصحاح العاشر يبدأ من هنا الجزء الثاني من سفر الأمثال وهو الخاص بأمثال سليمان الحكيم. فالجزء الأول كان كمقدمة\'a1 فيها نرى الحكمة تنادي لكل إنسان ليتعلم ونرى هنا ماذا تقول الحكمة. وهذا الجزء عبارة عن أمثال في صورة جمل قصيرة ولكنها مشحونة حكمة\'a1 فالحكمة هي التي تنادي. وكل آية مكونة من مقطعين أو جملتين قد تفسر الجملة الثانية الجملة الأولى وقد يكون معنى الثانية التصوير المضاد للجملة الأولى (مثال: فم الصديق ينبت حكمة\'a1 أما لسان الأكاذيب فيقطع). وكل الأمثال تحث على فعل الخير وتحذر من فعل الشر وهي أمثال متفرقة لا داعي لمحاولة الربط بينها.
أمثال,10,59,"الإصحاح العاشر يبدأ من هنا الجزء الثاني من سفر الأمثال وهو الخاص بأمثال سليمان الحكيم. فالجزء الأول كان كمقدمة\'a1 فيها نرى الحكمة تنادي لكل إنسان ليتعلم ونرى هنا ماذا تقول الحكمة. وهذا الجزء عبارة عن أمثال في صورة جمل قصيرة ولكنها مشحونة حكمة\'a1 فالحكمة هي التي تنادي. وكل آية مكونة من مقطعين أو جملتين قد تفسر الجملة الثانية الجملة الأولى وقد يكون معنى الثانية التصوير المضاد للجملة الأولى (مثال: فم الصديق ينبت حكمة\'a1 أما لسان الأكاذيب فيقطع). وكل الأمثال تحث على فعل الخير وتحذر من فعل الشر وهي أمثال متفرقة لا داعي لمحاولة الربط بينها.
أمثال,10,60,"الإصحاح العاشر يبدأ من هنا الجزء الثاني من سفر الأمثال وهو الخاص بأمثال سليمان الحكيم. فالجزء الأول كان كمقدمة\'a1 فيها نرى الحكمة تنادي لكل إنسان ليتعلم ونرى هنا ماذا تقول الحكمة. وهذا الجزء عبارة عن أمثال في صورة جمل قصيرة ولكنها مشحونة حكمة\'a1 فالحكمة هي التي تنادي. وكل آية مكونة من مقطعين أو جملتين قد تفسر الجملة الثانية الجملة الأولى وقد يكون معنى الثانية التصوير المضاد للجملة الأولى (مثال: فم الصديق ينبت حكمة\'a1 أما لسان الأكاذيب فيقطع). وكل الأمثال تحث على فعل الخير وتحذر من فعل الشر وهي أمثال متفرقة لا داعي لمحاولة الربط بينها.
أمثال,10,61,"الإصحاح العاشر يبدأ من هنا الجزء الثاني من سفر الأمثال وهو الخاص بأمثال سليمان الحكيم. فالجزء الأول كان كمقدمة\'a1 فيها نرى الحكمة تنادي لكل إنسان ليتعلم ونرى هنا ماذا تقول الحكمة. وهذا الجزء عبارة عن أمثال في صورة جمل قصيرة ولكنها مشحونة حكمة\'a1 فالحكمة هي التي تنادي. وكل آية مكونة من مقطعين أو جملتين قد تفسر الجملة الثانية الجملة الأولى وقد يكون معنى الثانية التصوير المضاد للجملة الأولى (مثال: فم الصديق ينبت حكمة\'a1 أما لسان الأكاذيب فيقطع). وكل الأمثال تحث على فعل الخير وتحذر من فعل الشر وهي أمثال متفرقة لا داعي لمحاولة الربط بينها.
أمثال,10,62,"الإصحاح العاشر يبدأ من هنا الجزء الثاني من سفر الأمثال وهو الخاص بأمثال سليمان الحكيم. فالجزء الأول كان كمقدمة\'a1 فيها نرى الحكمة تنادي لكل إنسان ليتعلم ونرى هنا ماذا تقول الحكمة. وهذا الجزء عبارة عن أمثال في صورة جمل قصيرة ولكنها مشحونة حكمة\'a1 فالحكمة هي التي تنادي. وكل آية مكونة من مقطعين أو جملتين قد تفسر الجملة الثانية الجملة الأولى وقد يكون معنى الثانية التصوير المضاد للجملة الأولى (مثال: فم الصديق ينبت حكمة\'a1 أما لسان الأكاذيب فيقطع). وكل الأمثال تحث على فعل الخير وتحذر من فعل الشر وهي أمثال متفرقة لا داعي لمحاولة الربط بينها.
أمثال,10,63,"الإصحاح العاشر يبدأ من هنا الجزء الثاني من سفر الأمثال وهو الخاص بأمثال سليمان الحكيم. فالجزء الأول كان كمقدمة\'a1 فيها نرى الحكمة تنادي لكل إنسان ليتعلم ونرى هنا ماذا تقول الحكمة. وهذا الجزء عبارة عن أمثال في صورة جمل قصيرة ولكنها مشحونة حكمة\'a1 فالحكمة هي التي تنادي. وكل آية مكونة من مقطعين أو جملتين قد تفسر الجملة الثانية الجملة الأولى وقد يكون معنى الثانية التصوير المضاد للجملة الأولى (مثال: فم الصديق ينبت حكمة\'a1 أما لسان الأكاذيب فيقطع). وكل الأمثال تحث على فعل الخير وتحذر من فعل الشر وهي أمثال متفرقة لا داعي لمحاولة الربط بينها.
أمثال,10,64,"الإصحاح العاشر يبدأ من هنا الجزء الثاني من سفر الأمثال وهو الخاص بأمثال سليمان الحكيم. فالجزء الأول كان كمقدمة\'a1 فيها نرى الحكمة تنادي لكل إنسان ليتعلم ونرى هنا ماذا تقول الحكمة. وهذا الجزء عبارة عن أمثال في صورة جمل قصيرة ولكنها مشحونة حكمة\'a1 فالحكمة هي التي تنادي. وكل آية مكونة من مقطعين أو جملتين قد تفسر الجملة الثانية الجملة الأولى وقد يكون معنى الثانية التصوير المضاد للجملة الأولى (مثال: فم الصديق ينبت حكمة\'a1 أما لسان الأكاذيب فيقطع). وكل الأمثال تحث على فعل الخير وتحذر من فعل الشر وهي أمثال متفرقة لا داعي لمحاولة الربط بينها.
أمثال,10,65,"الإصحاح العاشر يبدأ من هنا الجزء الثاني من سفر الأمثال وهو الخاص بأمثال سليمان الحكيم. فالجزء الأول كان كمقدمة\'a1 فيها نرى الحكمة تنادي لكل إنسان ليتعلم ونرى هنا ماذا تقول الحكمة. وهذا الجزء عبارة عن أمثال في صورة جمل قصيرة ولكنها مشحونة حكمة\'a1 فالحكمة هي التي تنادي. وكل آية مكونة من مقطعين أو جملتين قد تفسر الجملة الثانية الجملة الأولى وقد يكون معنى الثانية التصوير المضاد للجملة الأولى (مثال: فم الصديق ينبت حكمة\'a1 أما لسان الأكاذيب فيقطع). وكل الأمثال تحث على فعل الخير وتحذر من فعل الشر وهي أمثال متفرقة لا داعي لمحاولة الربط بينها.
أمثال,10,66,"الإصحاح العاشر يبدأ من هنا الجزء الثاني من سفر الأمثال وهو الخاص بأمثال سليمان الحكيم. فالجزء الأول كان كمقدمة\'a1 فيها نرى الحكمة تنادي لكل إنسان ليتعلم ونرى هنا ماذا تقول الحكمة. وهذا الجزء عبارة عن أمثال في صورة جمل قصيرة ولكنها مشحونة حكمة\'a1 فالحكمة هي التي تنادي. وكل آية مكونة من مقطعين أو جملتين قد تفسر الجملة الثانية الجملة الأولى وقد يكون معنى الثانية التصوير المضاد للجملة الأولى (مثال: فم الصديق ينبت حكمة\'a1 أما لسان الأكاذيب فيقطع). وكل الأمثال تحث على فعل الخير وتحذر من فعل الشر وهي أمثال متفرقة لا داعي لمحاولة الربط بينها.
أمثال,10,67,"الإصحاح العاشر يبدأ من هنا الجزء الثاني من سفر الأمثال وهو الخاص بأمثال سليمان الحكيم. فالجزء الأول كان كمقدمة\'a1 فيها نرى الحكمة تنادي لكل إنسان ليتعلم ونرى هنا ماذا تقول الحكمة. وهذا الجزء عبارة عن أمثال في صورة جمل قصيرة ولكنها مشحونة حكمة\'a1 فالحكمة هي التي تنادي. وكل آية مكونة من مقطعين أو جملتين قد تفسر الجملة الثانية الجملة الأولى وقد يكون معنى الثانية التصوير المضاد للجملة الأولى (مثال: فم الصديق ينبت حكمة\'a1 أما لسان الأكاذيب فيقطع). وكل الأمثال تحث على فعل الخير وتحذر من فعل الشر وهي أمثال متفرقة لا داعي لمحاولة الربط بينها.
أمثال,10,68,"الإصحاح العاشر يبدأ من هنا الجزء الثاني من سفر الأمثال وهو الخاص بأمثال سليمان الحكيم. فالجزء الأول كان كمقدمة\'a1 فيها نرى الحكمة تنادي لكل إنسان ليتعلم ونرى هنا ماذا تقول الحكمة. وهذا الجزء عبارة عن أمثال في صورة جمل قصيرة ولكنها مشحونة حكمة\'a1 فالحكمة هي التي تنادي. وكل آية مكونة من مقطعين أو جملتين قد تفسر الجملة الثانية الجملة الأولى وقد يكون معنى الثانية التصوير المضاد للجملة الأولى (مثال: فم الصديق ينبت حكمة\'a1 أما لسان الأكاذيب فيقطع). وكل الأمثال تحث على فعل الخير وتحذر من فعل الشر وهي أمثال متفرقة لا داعي لمحاولة الربط بينها.
أمثال,10,69,"الإصحاح العاشر يبدأ من هنا الجزء الثاني من سفر الأمثال وهو الخاص بأمثال سليمان الحكيم. فالجزء الأول كان كمقدمة\'a1 فيها نرى الحكمة تنادي لكل إنسان ليتعلم ونرى هنا ماذا تقول الحكمة. وهذا الجزء عبارة عن أمثال في صورة جمل قصيرة ولكنها مشحونة حكمة\'a1 فالحكمة هي التي تنادي. وكل آية مكونة من مقطعين أو جملتين قد تفسر الجملة الثانية الجملة الأولى وقد يكون معنى الثانية التصوير المضاد للجملة الأولى (مثال: فم الصديق ينبت حكمة\'a1 أما لسان الأكاذيب فيقطع). وكل الأمثال تحث على فعل الخير وتحذر من فعل الشر وهي أمثال متفرقة لا داعي لمحاولة الربط بينها.
أمثال,10,70,"الإصحاح العاشر يبدأ من هنا الجزء الثاني من سفر الأمثال وهو الخاص بأمثال سليمان الحكيم. فالجزء الأول كان كمقدمة\'a1 فيها نرى الحكمة تنادي لكل إنسان ليتعلم ونرى هنا ماذا تقول الحكمة. وهذا الجزء عبارة عن أمثال في صورة جمل قصيرة ولكنها مشحونة حكمة\'a1 فالحكمة هي التي تنادي. وكل آية مكونة من مقطعين أو جملتين قد تفسر الجملة الثانية الجملة الأولى وقد يكون معنى الثانية التصوير المضاد للجملة الأولى (مثال: فم الصديق ينبت حكمة\'a1 أما لسان الأكاذيب فيقطع). وكل الأمثال تحث على فعل الخير وتحذر من فعل الشر وهي أمثال متفرقة لا داعي لمحاولة الربط بينها.
أمثال,10,71,"الإصحاح العاشر يبدأ من هنا الجزء الثاني من سفر الأمثال وهو الخاص بأمثال سليمان الحكيم. فالجزء الأول كان كمقدمة\'a1 فيها نرى الحكمة تنادي لكل إنسان ليتعلم ونرى هنا ماذا تقول الحكمة. وهذا الجزء عبارة عن أمثال في صورة جمل قصيرة ولكنها مشحونة حكمة\'a1 فالحكمة هي التي تنادي. وكل آية مكونة من مقطعين أو جملتين قد تفسر الجملة الثانية الجملة الأولى وقد يكون معنى الثانية التصوير المضاد للجملة الأولى (مثال: فم الصديق ينبت حكمة\'a1 أما لسان الأكاذيب فيقطع). وكل الأمثال تحث على فعل الخير وتحذر من فعل الشر وهي أمثال متفرقة لا داعي لمحاولة الربط بينها.
أمثال,10,72,"الإصحاح العاشر يبدأ من هنا الجزء الثاني من سفر الأمثال وهو الخاص بأمثال سليمان الحكيم. فالجزء الأول كان كمقدمة\'a1 فيها نرى الحكمة تنادي لكل إنسان ليتعلم ونرى هنا ماذا تقول الحكمة. وهذا الجزء عبارة عن أمثال في صورة جمل قصيرة ولكنها مشحونة حكمة\'a1 فالحكمة هي التي تنادي. وكل آية مكونة من مقطعين أو جملتين قد تفسر الجملة الثانية الجملة الأولى وقد يكون معنى الثانية التصوير المضاد للجملة الأولى (مثال: فم الصديق ينبت حكمة\'a1 أما لسان الأكاذيب فيقطع). وكل الأمثال تحث على فعل الخير وتحذر من فعل الشر وهي أمثال متفرقة لا داعي لمحاولة الربط بينها.
أمثال,10,73,"الإصحاح العاشر يبدأ من هنا الجزء الثاني من سفر الأمثال وهو الخاص بأمثال سليمان الحكيم. فالجزء الأول كان كمقدمة\'a1 فيها نرى الحكمة تنادي لكل إنسان ليتعلم ونرى هنا ماذا تقول الحكمة. وهذا الجزء عبارة عن أمثال في صورة جمل قصيرة ولكنها مشحونة حكمة\'a1 فالحكمة هي التي تنادي. وكل آية مكونة من مقطعين أو جملتين قد تفسر الجملة الثانية الجملة الأولى وقد يكون معنى الثانية التصوير المضاد للجملة الأولى (مثال: فم الصديق ينبت حكمة\'a1 أما لسان الأكاذيب فيقطع). وكل الأمثال تحث على فعل الخير وتحذر من فعل الشر وهي أمثال متفرقة لا داعي لمحاولة الربط بينها.
أمثال,10,74,"الإصحاح العاشر يبدأ من هنا الجزء الثاني من سفر الأمثال وهو الخاص بأمثال سليمان الحكيم. فالجزء الأول كان كمقدمة\'a1 فيها نرى الحكمة تنادي لكل إنسان ليتعلم ونرى هنا ماذا تقول الحكمة. وهذا الجزء عبارة عن أمثال في صورة جمل قصيرة ولكنها مشحونة حكمة\'a1 فالحكمة هي التي تنادي. وكل آية مكونة من مقطعين أو جملتين قد تفسر الجملة الثانية الجملة الأولى وقد يكون معنى الثانية التصوير المضاد للجملة الأولى (مثال: فم الصديق ينبت حكمة\'a1 أما لسان الأكاذيب فيقطع). وكل الأمثال تحث على فعل الخير وتحذر من فعل الشر وهي أمثال متفرقة لا داعي لمحاولة الربط بينها.
أمثال,10,75,"الإصحاح العاشر يبدأ من هنا الجزء الثاني من سفر الأمثال وهو الخاص بأمثال سليمان الحكيم. فالجزء الأول كان كمقدمة\'a1 فيها نرى الحكمة تنادي لكل إنسان ليتعلم ونرى هنا ماذا تقول الحكمة. وهذا الجزء عبارة عن أمثال في صورة جمل قصيرة ولكنها مشحونة حكمة\'a1 فالحكمة هي التي تنادي. وكل آية مكونة من مقطعين أو جملتين قد تفسر الجملة الثانية الجملة الأولى وقد يكون معنى الثانية التصوير المضاد للجملة الأولى (مثال: فم الصديق ينبت حكمة\'a1 أما لسان الأكاذيب فيقطع). وكل الأمثال تحث على فعل الخير وتحذر من فعل الشر وهي أمثال متفرقة لا داعي لمحاولة الربط بينها.
أمثال,10,76,"الإصحاح العاشر يبدأ من هنا الجزء الثاني من سفر الأمثال وهو الخاص بأمثال سليمان الحكيم. فالجزء الأول كان كمقدمة\'a1 فيها نرى الحكمة تنادي لكل إنسان ليتعلم ونرى هنا ماذا تقول الحكمة. وهذا الجزء عبارة عن أمثال في صورة جمل قصيرة ولكنها مشحونة حكمة\'a1 فالحكمة هي التي تنادي. وكل آية مكونة من مقطعين أو جملتين قد تفسر الجملة الثانية الجملة الأولى وقد يكون معنى الثانية التصوير المضاد للجملة الأولى (مثال: فم الصديق ينبت حكمة\'a1 أما لسان الأكاذيب فيقطع). وكل الأمثال تحث على فعل الخير وتحذر من فعل الشر وهي أمثال متفرقة لا داعي لمحاولة الربط بينها.
أمثال,10,77,"الإصحاح العاشر يبدأ من هنا الجزء الثاني من سفر الأمثال وهو الخاص بأمثال سليمان الحكيم. فالجزء الأول كان كمقدمة\'a1 فيها نرى الحكمة تنادي لكل إنسان ليتعلم ونرى هنا ماذا تقول الحكمة. وهذا الجزء عبارة عن أمثال في صورة جمل قصيرة ولكنها مشحونة حكمة\'a1 فالحكمة هي التي تنادي. وكل آية مكونة من مقطعين أو جملتين قد تفسر الجملة الثانية الجملة الأولى وقد يكون معنى الثانية التصوير المضاد للجملة الأولى (مثال: فم الصديق ينبت حكمة\'a1 أما لسان الأكاذيب فيقطع). وكل الأمثال تحث على فعل الخير وتحذر من فعل الشر وهي أمثال متفرقة لا داعي لمحاولة الربط بينها.
أمثال,10,78,"الإصحاح العاشر يبدأ من هنا الجزء الثاني من سفر الأمثال وهو الخاص بأمثال سليمان الحكيم. فالجزء الأول كان كمقدمة\'a1 فيها نرى الحكمة تنادي لكل إنسان ليتعلم ونرى هنا ماذا تقول الحكمة. وهذا الجزء عبارة عن أمثال في صورة جمل قصيرة ولكنها مشحونة حكمة\'a1 فالحكمة هي التي تنادي. وكل آية مكونة من مقطعين أو جملتين قد تفسر الجملة الثانية الجملة الأولى وقد يكون معنى الثانية التصوير المضاد للجملة الأولى (مثال: فم الصديق ينبت حكمة\'a1 أما لسان الأكاذيب فيقطع). وكل الأمثال تحث على فعل الخير وتحذر من فعل الشر وهي أمثال متفرقة لا داعي لمحاولة الربط بينها.
أمثال,10,79,"الإصحاح العاشر يبدأ من هنا الجزء الثاني من سفر الأمثال وهو الخاص بأمثال سليمان الحكيم. فالجزء الأول كان كمقدمة\'a1 فيها نرى الحكمة تنادي لكل إنسان ليتعلم ونرى هنا ماذا تقول الحكمة. وهذا الجزء عبارة عن أمثال في صورة جمل قصيرة ولكنها مشحونة حكمة\'a1 فالحكمة هي التي تنادي. وكل آية مكونة من مقطعين أو جملتين قد تفسر الجملة الثانية الجملة الأولى وقد يكون معنى الثانية التصوير المضاد للجملة الأولى (مثال: فم الصديق ينبت حكمة\'a1 أما لسان الأكاذيب فيقطع). وكل الأمثال تحث على فعل الخير وتحذر من فعل الشر وهي أمثال متفرقة لا داعي لمحاولة الربط بينها.
أمثال,10,80,"الإصحاح العاشر يبدأ من هنا الجزء الثاني من سفر الأمثال وهو الخاص بأمثال سليمان الحكيم. فالجزء الأول كان كمقدمة\'a1 فيها نرى الحكمة تنادي لكل إنسان ليتعلم ونرى هنا ماذا تقول الحكمة. وهذا الجزء عبارة عن أمثال في صورة جمل قصيرة ولكنها مشحونة حكمة\'a1 فالحكمة هي التي تنادي. وكل آية مكونة من مقطعين أو جملتين قد تفسر الجملة الثانية الجملة الأولى وقد يكون معنى الثانية التصوير المضاد للجملة الأولى (مثال: فم الصديق ينبت حكمة\'a1 أما لسان الأكاذيب فيقطع). وكل الأمثال تحث على فعل الخير وتحذر من فعل الشر وهي أمثال متفرقة لا داعي لمحاولة الربط بينها.
أمثال,10,81,"الإصحاح العاشر يبدأ من هنا الجزء الثاني من سفر الأمثال وهو الخاص بأمثال سليمان الحكيم. فالجزء الأول كان كمقدمة\'a1 فيها نرى الحكمة تنادي لكل إنسان ليتعلم ونرى هنا ماذا تقول الحكمة. وهذا الجزء عبارة عن أمثال في صورة جمل قصيرة ولكنها مشحونة حكمة\'a1 فالحكمة هي التي تنادي. وكل آية مكونة من مقطعين أو جملتين قد تفسر الجملة الثانية الجملة الأولى وقد يكون معنى الثانية التصوير المضاد للجملة الأولى (مثال: فم الصديق ينبت حكمة\'a1 أما لسان الأكاذيب فيقطع). وكل الأمثال تحث على فعل الخير وتحذر من فعل الشر وهي أمثال متفرقة لا داعي لمحاولة الربط بينها.
أمثال,10,82,"الإصحاح العاشر يبدأ من هنا الجزء الثاني من سفر الأمثال وهو الخاص بأمثال سليمان الحكيم. فالجزء الأول كان كمقدمة\'a1 فيها نرى الحكمة تنادي لكل إنسان ليتعلم ونرى هنا ماذا تقول الحكمة. وهذا الجزء عبارة عن أمثال في صورة جمل قصيرة ولكنها مشحونة حكمة\'a1 فالحكمة هي التي تنادي. وكل آية مكونة من مقطعين أو جملتين قد تفسر الجملة الثانية الجملة الأولى وقد يكون معنى الثانية التصوير المضاد للجملة الأولى (مثال: فم الصديق ينبت حكمة\'a1 أما لسان الأكاذيب فيقطع). وكل الأمثال تحث على فعل الخير وتحذر من فعل الشر وهي أمثال متفرقة لا داعي لمحاولة الربط بينها.
أمثال,10,83,"الإصحاح العاشر يبدأ من هنا الجزء الثاني من سفر الأمثال وهو الخاص بأمثال سليمان الحكيم. فالجزء الأول كان كمقدمة\'a1 فيها نرى الحكمة تنادي لكل إنسان ليتعلم ونرى هنا ماذا تقول الحكمة. وهذا الجزء عبارة عن أمثال في صورة جمل قصيرة ولكنها مشحونة حكمة\'a1 فالحكمة هي التي تنادي. وكل آية مكونة من مقطعين أو جملتين قد تفسر الجملة الثانية الجملة الأولى وقد يكون معنى الثانية التصوير المضاد للجملة الأولى (مثال: فم الصديق ينبت حكمة\'a1 أما لسان الأكاذيب فيقطع). وكل الأمثال تحث على فعل الخير وتحذر من فعل الشر وهي أمثال متفرقة لا داعي لمحاولة الربط بينها.
أمثال,10,84,"الإصحاح العاشر يبدأ من هنا الجزء الثاني من سفر الأمثال وهو الخاص بأمثال سليمان الحكيم. فالجزء الأول كان كمقدمة\'a1 فيها نرى الحكمة تنادي لكل إنسان ليتعلم ونرى هنا ماذا تقول الحكمة. وهذا الجزء عبارة عن أمثال في صورة جمل قصيرة ولكنها مشحونة حكمة\'a1 فالحكمة هي التي تنادي. وكل آية مكونة من مقطعين أو جملتين قد تفسر الجملة الثانية الجملة الأولى وقد يكون معنى الثانية التصوير المضاد للجملة الأولى (مثال: فم الصديق ينبت حكمة\'a1 أما لسان الأكاذيب فيقطع). وكل الأمثال تحث على فعل الخير وتحذر من فعل الشر وهي أمثال متفرقة لا داعي لمحاولة الربط بينها.
أمثال,10,85,"الإصحاح العاشر يبدأ من هنا الجزء الثاني من سفر الأمثال وهو الخاص بأمثال سليمان الحكيم. فالجزء الأول كان كمقدمة\'a1 فيها نرى الحكمة تنادي لكل إنسان ليتعلم ونرى هنا ماذا تقول الحكمة. وهذا الجزء عبارة عن أمثال في صورة جمل قصيرة ولكنها مشحونة حكمة\'a1 فالحكمة هي التي تنادي. وكل آية مكونة من مقطعين أو جملتين قد تفسر الجملة الثانية الجملة الأولى وقد يكون معنى الثانية التصوير المضاد للجملة الأولى (مثال: فم الصديق ينبت حكمة\'a1 أما لسان الأكاذيب فيقطع). وكل الأمثال تحث على فعل الخير وتحذر من فعل الشر وهي أمثال متفرقة لا داعي لمحاولة الربط بينها.
أمثال,10,86,"الإصحاح العاشر يبدأ من هنا الجزء الثاني من سفر الأمثال وهو الخاص بأمثال سليمان الحكيم. فالجزء الأول كان كمقدمة\'a1 فيها نرى الحكمة تنادي لكل إنسان ليتعلم ونرى هنا ماذا تقول الحكمة. وهذا الجزء عبارة عن أمثال في صورة جمل قصيرة ولكنها مشحونة حكمة\'a1 فالحكمة هي التي تنادي. وكل آية مكونة من مقطعين أو جملتين قد تفسر الجملة الثانية الجملة الأولى وقد يكون معنى الثانية التصوير المضاد للجملة الأولى (مثال: فم الصديق ينبت حكمة\'a1 أما لسان الأكاذيب فيقطع). وكل الأمثال تحث على فعل الخير وتحذر من فعل الشر وهي أمثال متفرقة لا داعي لمحاولة الربط بينها.
أمثال,10,87,"الإصحاح العاشر يبدأ من هنا الجزء الثاني من سفر الأمثال وهو الخاص بأمثال سليمان الحكيم. فالجزء الأول كان كمقدمة\'a1 فيها نرى الحكمة تنادي لكل إنسان ليتعلم ونرى هنا ماذا تقول الحكمة. وهذا الجزء عبارة عن أمثال في صورة جمل قصيرة ولكنها مشحونة حكمة\'a1 فالحكمة هي التي تنادي. وكل آية مكونة من مقطعين أو جملتين قد تفسر الجملة الثانية الجملة الأولى وقد يكون معنى الثانية التصوير المضاد للجملة الأولى (مثال: فم الصديق ينبت حكمة\'a1 أما لسان الأكاذيب فيقطع). وكل الأمثال تحث على فعل الخير وتحذر من فعل الشر وهي أمثال متفرقة لا داعي لمحاولة الربط بينها.
أمثال,10,88,"الإصحاح العاشر يبدأ من هنا الجزء الثاني من سفر الأمثال وهو الخاص بأمثال سليمان الحكيم. فالجزء الأول كان كمقدمة\'a1 فيها نرى الحكمة تنادي لكل إنسان ليتعلم ونرى هنا ماذا تقول الحكمة. وهذا الجزء عبارة عن أمثال في صورة جمل قصيرة ولكنها مشحونة حكمة\'a1 فالحكمة هي التي تنادي. وكل آية مكونة من مقطعين أو جملتين قد تفسر الجملة الثانية الجملة الأولى وقد يكون معنى الثانية التصوير المضاد للجملة الأولى (مثال: فم الصديق ينبت حكمة\'a1 أما لسان الأكاذيب فيقطع). وكل الأمثال تحث على فعل الخير وتحذر من فعل الشر وهي أمثال متفرقة لا داعي لمحاولة الربط بينها.
أمثال,10,89,"الإصحاح العاشر يبدأ من هنا الجزء الثاني من سفر الأمثال وهو الخاص بأمثال سليمان الحكيم. فالجزء الأول كان كمقدمة\'a1 فيها نرى الحكمة تنادي لكل إنسان ليتعلم ونرى هنا ماذا تقول الحكمة. وهذا الجزء عبارة عن أمثال في صورة جمل قصيرة ولكنها مشحونة حكمة\'a1 فالحكمة هي التي تنادي. وكل آية مكونة من مقطعين أو جملتين قد تفسر الجملة الثانية الجملة الأولى وقد يكون معنى الثانية التصوير المضاد للجملة الأولى (مثال: فم الصديق ينبت حكمة\'a1 أما لسان الأكاذيب فيقطع). وكل الأمثال تحث على فعل الخير وتحذر من فعل الشر وهي أمثال متفرقة لا داعي لمحاولة الربط بينها.
أمثال,10,90,"الإصحاح العاشر يبدأ من هنا الجزء الثاني من سفر الأمثال وهو الخاص بأمثال سليمان الحكيم. فالجزء الأول كان كمقدمة\'a1 فيها نرى الحكمة تنادي لكل إنسان ليتعلم ونرى هنا ماذا تقول الحكمة. وهذا الجزء عبارة عن أمثال في صورة جمل قصيرة ولكنها مشحونة حكمة\'a1 فالحكمة هي التي تنادي. وكل آية مكونة من مقطعين أو جملتين قد تفسر الجملة الثانية الجملة الأولى وقد يكون معنى الثانية التصوير المضاد للجملة الأولى (مثال: فم الصديق ينبت حكمة\'a1 أما لسان الأكاذيب فيقطع). وكل الأمثال تحث على فعل الخير وتحذر من فعل الشر وهي أمثال متفرقة لا داعي لمحاولة الربط بينها.
أمثال,10,91,"الإصحاح العاشر يبدأ من هنا الجزء الثاني من سفر الأمثال وهو الخاص بأمثال سليمان الحكيم. فالجزء الأول كان كمقدمة\'a1 فيها نرى الحكمة تنادي لكل إنسان ليتعلم ونرى هنا ماذا تقول الحكمة. وهذا الجزء عبارة عن أمثال في صورة جمل قصيرة ولكنها مشحونة حكمة\'a1 فالحكمة هي التي تنادي. وكل آية مكونة من مقطعين أو جملتين قد تفسر الجملة الثانية الجملة الأولى وقد يكون معنى الثانية التصوير المضاد للجملة الأولى (مثال: فم الصديق ينبت حكمة\'a1 أما لسان الأكاذيب فيقطع). وكل الأمثال تحث على فعل الخير وتحذر من فعل الشر وهي أمثال متفرقة لا داعي لمحاولة الربط بينها.
أمثال,10,92,"الإصحاح العاشر يبدأ من هنا الجزء الثاني من سفر الأمثال وهو الخاص بأمثال سليمان الحكيم. فالجزء الأول كان كمقدمة\'a1 فيها نرى الحكمة تنادي لكل إنسان ليتعلم ونرى هنا ماذا تقول الحكمة. وهذا الجزء عبارة عن أمثال في صورة جمل قصيرة ولكنها مشحونة حكمة\'a1 فالحكمة هي التي تنادي. وكل آية مكونة من مقطعين أو جملتين قد تفسر الجملة الثانية الجملة الأولى وقد يكون معنى الثانية التصوير المضاد للجملة الأولى (مثال: فم الصديق ينبت حكمة\'a1 أما لسان الأكاذيب فيقطع). وكل الأمثال تحث على فعل الخير وتحذر من فعل الشر وهي أمثال متفرقة لا داعي لمحاولة الربط بينها.
أمثال,10,93,"الإصحاح العاشر يبدأ من هنا الجزء الثاني من سفر الأمثال وهو الخاص بأمثال سليمان الحكيم. فالجزء الأول كان كمقدمة\'a1 فيها نرى الحكمة تنادي لكل إنسان ليتعلم ونرى هنا ماذا تقول الحكمة. وهذا الجزء عبارة عن أمثال في صورة جمل قصيرة ولكنها مشحونة حكمة\'a1 فالحكمة هي التي تنادي. وكل آية مكونة من مقطعين أو جملتين قد تفسر الجملة الثانية الجملة الأولى وقد يكون معنى الثانية التصوير المضاد للجملة الأولى (مثال: فم الصديق ينبت حكمة\'a1 أما لسان الأكاذيب فيقطع). وكل الأمثال تحث على فعل الخير وتحذر من فعل الشر وهي أمثال متفرقة لا داعي لمحاولة الربط بينها.
أمثال,10,94,"الإصحاح العاشر يبدأ من هنا الجزء الثاني من سفر الأمثال وهو الخاص بأمثال سليمان الحكيم. فالجزء الأول كان كمقدمة\'a1 فيها نرى الحكمة تنادي لكل إنسان ليتعلم ونرى هنا ماذا تقول الحكمة. وهذا الجزء عبارة عن أمثال في صورة جمل قصيرة ولكنها مشحونة حكمة\'a1 فالحكمة هي التي تنادي. وكل آية مكونة من مقطعين أو جملتين قد تفسر الجملة الثانية الجملة الأولى وقد يكون معنى الثانية التصوير المضاد للجملة الأولى (مثال: فم الصديق ينبت حكمة\'a1 أما لسان الأكاذيب فيقطع). وكل الأمثال تحث على فعل الخير وتحذر من فعل الشر وهي أمثال متفرقة لا داعي لمحاولة الربط بينها.
أمثال,10,95,"الإصحاح العاشر يبدأ من هنا الجزء الثاني من سفر الأمثال وهو الخاص بأمثال سليمان الحكيم. فالجزء الأول كان كمقدمة\'a1 فيها نرى الحكمة تنادي لكل إنسان ليتعلم ونرى هنا ماذا تقول الحكمة. وهذا الجزء عبارة عن أمثال في صورة جمل قصيرة ولكنها مشحونة حكمة\'a1 فالحكمة هي التي تنادي. وكل آية مكونة من مقطعين أو جملتين قد تفسر الجملة الثانية الجملة الأولى وقد يكون معنى الثانية التصوير المضاد للجملة الأولى (مثال: فم الصديق ينبت حكمة\'a1 أما لسان الأكاذيب فيقطع). وكل الأمثال تحث على فعل الخير وتحذر من فعل الشر وهي أمثال متفرقة لا داعي لمحاولة الربط بينها.
أمثال,10,96,"الإصحاح العاشر يبدأ من هنا الجزء الثاني من سفر الأمثال وهو الخاص بأمثال سليمان الحكيم. فالجزء الأول كان كمقدمة\'a1 فيها نرى الحكمة تنادي لكل إنسان ليتعلم ونرى هنا ماذا تقول الحكمة. وهذا الجزء عبارة عن أمثال في صورة جمل قصيرة ولكنها مشحونة حكمة\'a1 فالحكمة هي التي تنادي. وكل آية مكونة من مقطعين أو جملتين قد تفسر الجملة الثانية الجملة الأولى وقد يكون معنى الثانية التصوير المضاد للجملة الأولى (مثال: فم الصديق ينبت حكمة\'a1 أما لسان الأكاذيب فيقطع). وكل الأمثال تحث على فعل الخير وتحذر من فعل الشر وهي أمثال متفرقة لا داعي لمحاولة الربط بينها.
أمثال,10,97,"الإصحاح العاشر يبدأ من هنا الجزء الثاني من سفر الأمثال وهو الخاص بأمثال سليمان الحكيم. فالجزء الأول كان كمقدمة\'a1 فيها نرى الحكمة تنادي لكل إنسان ليتعلم ونرى هنا ماذا تقول الحكمة. وهذا الجزء عبارة عن أمثال في صورة جمل قصيرة ولكنها مشحونة حكمة\'a1 فالحكمة هي التي تنادي. وكل آية مكونة من مقطعين أو جملتين قد تفسر الجملة الثانية الجملة الأولى وقد يكون معنى الثانية التصوير المضاد للجملة الأولى (مثال: فم الصديق ينبت حكمة\'a1 أما لسان الأكاذيب فيقطع). وكل الأمثال تحث على فعل الخير وتحذر من فعل الشر وهي أمثال متفرقة لا داعي لمحاولة الربط بينها.
أمثال,10,98,"الإصحاح العاشر يبدأ من هنا الجزء الثاني من سفر الأمثال وهو الخاص بأمثال سليمان الحكيم. فالجزء الأول كان كمقدمة\'a1 فيها نرى الحكمة تنادي لكل إنسان ليتعلم ونرى هنا ماذا تقول الحكمة. وهذا الجزء عبارة عن أمثال في صورة جمل قصيرة ولكنها مشحونة حكمة\'a1 فالحكمة هي التي تنادي. وكل آية مكونة من مقطعين أو جملتين قد تفسر الجملة الثانية الجملة الأولى وقد يكون معنى الثانية التصوير المضاد للجملة الأولى (مثال: فم الصديق ينبت حكمة\'a1 أما لسان الأكاذيب فيقطع). وكل الأمثال تحث على فعل الخير وتحذر من فعل الشر وهي أمثال متفرقة لا داعي لمحاولة الربط بينها.
أمثال,10,99,"الإصحاح العاشر يبدأ من هنا الجزء الثاني من سفر الأمثال وهو الخاص بأمثال سليمان الحكيم. فالجزء الأول كان كمقدمة\'a1 فيها نرى الحكمة تنادي لكل إنسان ليتعلم ونرى هنا ماذا تقول الحكمة. وهذا الجزء عبارة عن أمثال في صورة جمل قصيرة ولكنها مشحونة حكمة\'a1 فالحكمة هي التي تنادي. وكل آية مكونة من مقطعين أو جملتين قد تفسر الجملة الثانية الجملة الأولى وقد يكون معنى الثانية التصوير المضاد للجملة الأولى (مثال: فم الصديق ينبت حكمة\'a1 أما لسان الأكاذيب فيقطع). وكل الأمثال تحث على فعل الخير وتحذر من فعل الشر وهي أمثال متفرقة لا داعي لمحاولة الربط بينها.
أمثال,11,1,"الإصحاح الحادي عشر آية (1): ""موازين غش مكرهة الرب والوزن الصحيح رضاه.""
أمثال,11,2,"الإصحاح الحادي عشر آية (1): ""موازين غش مكرهة الرب والوزن الصحيح رضاه.""
أمثال,11,3,"الإصحاح الحادي عشر آية (1): ""موازين غش مكرهة الرب والوزن الصحيح رضاه.""
أمثال,11,4,"الإصحاح الحادي عشر آية (1): ""موازين غش مكرهة الرب والوزن الصحيح رضاه.""
أمثال,11,5,"الإصحاح الحادي عشر آية (1): ""موازين غش مكرهة الرب والوزن الصحيح رضاه.""
أمثال,11,6,"الإصحاح الحادي عشر آية (1): ""موازين غش مكرهة الرب والوزن الصحيح رضاه.""
أمثال,11,7,"الإصحاح الحادي عشر آية (1): ""موازين غش مكرهة الرب والوزن الصحيح رضاه.""
أمثال,11,8,"الإصحاح الحادي عشر آية (1): ""موازين غش مكرهة الرب والوزن الصحيح رضاه.""
أمثال,11,9,"الإصحاح الحادي عشر آية (1): ""موازين غش مكرهة الرب والوزن الصحيح رضاه.""
أمثال,11,10,"الإصحاح الحادي عشر آية (1): ""موازين غش مكرهة الرب والوزن الصحيح رضاه.""
أمثال,11,11,"الإصحاح الحادي عشر آية (1): ""موازين غش مكرهة الرب والوزن الصحيح رضاه.""
أمثال,11,12,"الإصحاح الحادي عشر آية (1): ""موازين غش مكرهة الرب والوزن الصحيح رضاه.""
أمثال,11,13,"الإصحاح الحادي عشر آية (1): ""موازين غش مكرهة الرب والوزن الصحيح رضاه.""
أمثال,11,14,"الإصحاح الحادي عشر آية (1): ""موازين غش مكرهة الرب والوزن الصحيح رضاه.""
أمثال,11,15,"الإصحاح الحادي عشر آية (1): ""موازين غش مكرهة الرب والوزن الصحيح رضاه.""
أمثال,11,16,"الإصحاح الحادي عشر آية (1): ""موازين غش مكرهة الرب والوزن الصحيح رضاه.""
أمثال,11,17,"الإصحاح الحادي عشر آية (1): ""موازين غش مكرهة الرب والوزن الصحيح رضاه.""
أمثال,11,18,"الإصحاح الحادي عشر آية (1): ""موازين غش مكرهة الرب والوزن الصحيح رضاه.""
أمثال,11,19,"الإصحاح الحادي عشر آية (1): ""موازين غش مكرهة الرب والوزن الصحيح رضاه.""
أمثال,11,20,"الإصحاح الحادي عشر آية (1): ""موازين غش مكرهة الرب والوزن الصحيح رضاه.""
أمثال,11,21,"الإصحاح الحادي عشر آية (1): ""موازين غش مكرهة الرب والوزن الصحيح رضاه.""
أمثال,11,22,"الإصحاح الحادي عشر آية (1): ""موازين غش مكرهة الرب والوزن الصحيح رضاه.""
أمثال,11,23,"الإصحاح الحادي عشر آية (1): ""موازين غش مكرهة الرب والوزن الصحيح رضاه.""
أمثال,11,24,"الإصحاح الحادي عشر آية (1): ""موازين غش مكرهة الرب والوزن الصحيح رضاه.""
أمثال,11,25,"الإصحاح الحادي عشر آية (1): ""موازين غش مكرهة الرب والوزن الصحيح رضاه.""
أمثال,11,26,"الإصحاح الحادي عشر آية (1): ""موازين غش مكرهة الرب والوزن الصحيح رضاه.""
أمثال,11,27,"الإصحاح الحادي عشر آية (1): ""موازين غش مكرهة الرب والوزن الصحيح رضاه.""
أمثال,11,28,"الإصحاح الحادي عشر آية (1): ""موازين غش مكرهة الرب والوزن الصحيح رضاه.""
أمثال,11,29,"الإصحاح الحادي عشر آية (1): ""موازين غش مكرهة الرب والوزن الصحيح رضاه.""
أمثال,11,30,"الإصحاح الحادي عشر آية (1): ""موازين غش مكرهة الرب والوزن الصحيح رضاه.""
أمثال,11,31,"الإصحاح الحادي عشر آية (1): ""موازين غش مكرهة الرب والوزن الصحيح رضاه.""
أمثال,11,32,"الإصحاح الحادي عشر آية (1): ""موازين غش مكرهة الرب والوزن الصحيح رضاه.""
أمثال,11,33,"الإصحاح الحادي عشر آية (1): ""موازين غش مكرهة الرب والوزن الصحيح رضاه.""
أمثال,11,34,"الإصحاح الحادي عشر آية (1): ""موازين غش مكرهة الرب والوزن الصحيح رضاه.""
أمثال,11,35,"الإصحاح الحادي عشر آية (1): ""موازين غش مكرهة الرب والوزن الصحيح رضاه.""
أمثال,11,36,"الإصحاح الحادي عشر آية (1): ""موازين غش مكرهة الرب والوزن الصحيح رضاه.""
أمثال,11,37,"الإصحاح الحادي عشر آية (1): ""موازين غش مكرهة الرب والوزن الصحيح رضاه.""
أمثال,11,38,"الإصحاح الحادي عشر آية (1): ""موازين غش مكرهة الرب والوزن الصحيح رضاه.""
أمثال,11,39,"الإصحاح الحادي عشر آية (1): ""موازين غش مكرهة الرب والوزن الصحيح رضاه.""
أمثال,11,40,"الإصحاح الحادي عشر آية (1): ""موازين غش مكرهة الرب والوزن الصحيح رضاه.""
أمثال,11,41,"الإصحاح الحادي عشر آية (1): ""موازين غش مكرهة الرب والوزن الصحيح رضاه.""
أمثال,11,42,"الإصحاح الحادي عشر آية (1): ""موازين غش مكرهة الرب والوزن الصحيح رضاه.""
أمثال,11,43,"الإصحاح الحادي عشر آية (1): ""موازين غش مكرهة الرب والوزن الصحيح رضاه.""
أمثال,11,44,"الإصحاح الحادي عشر آية (1): ""موازين غش مكرهة الرب والوزن الصحيح رضاه.""
أمثال,11,45,"الإصحاح الحادي عشر آية (1): ""موازين غش مكرهة الرب والوزن الصحيح رضاه.""
أمثال,11,46,"الإصحاح الحادي عشر آية (1): ""موازين غش مكرهة الرب والوزن الصحيح رضاه.""
أمثال,11,47,"الإصحاح الحادي عشر آية (1): ""موازين غش مكرهة الرب والوزن الصحيح رضاه.""
أمثال,11,48,"الإصحاح الحادي عشر آية (1): ""موازين غش مكرهة الرب والوزن الصحيح رضاه.""
أمثال,11,49,"الإصحاح الحادي عشر آية (1): ""موازين غش مكرهة الرب والوزن الصحيح رضاه.""
أمثال,11,50,"الإصحاح الحادي عشر آية (1): ""موازين غش مكرهة الرب والوزن الصحيح رضاه.""
أمثال,11,51,"الإصحاح الحادي عشر آية (1): ""موازين غش مكرهة الرب والوزن الصحيح رضاه.""
أمثال,11,52,"الإصحاح الحادي عشر آية (1): ""موازين غش مكرهة الرب والوزن الصحيح رضاه.""
أمثال,11,53,"الإصحاح الحادي عشر آية (1): ""موازين غش مكرهة الرب والوزن الصحيح رضاه.""
أمثال,11,54,"الإصحاح الحادي عشر آية (1): ""موازين غش مكرهة الرب والوزن الصحيح رضاه.""
أمثال,11,55,"الإصحاح الحادي عشر آية (1): ""موازين غش مكرهة الرب والوزن الصحيح رضاه.""
أمثال,11,56,"الإصحاح الحادي عشر آية (1): ""موازين غش مكرهة الرب والوزن الصحيح رضاه.""
أمثال,11,57,"الإصحاح الحادي عشر آية (1): ""موازين غش مكرهة الرب والوزن الصحيح رضاه.""
أمثال,11,58,"الإصحاح الحادي عشر آية (1): ""موازين غش مكرهة الرب والوزن الصحيح رضاه.""
أمثال,11,59,"الإصحاح الحادي عشر آية (1): ""موازين غش مكرهة الرب والوزن الصحيح رضاه.""
أمثال,11,60,"الإصحاح الحادي عشر آية (1): ""موازين غش مكرهة الرب والوزن الصحيح رضاه.""
أمثال,11,61,"الإصحاح الحادي عشر آية (1): ""موازين غش مكرهة الرب والوزن الصحيح رضاه.""
أمثال,11,62,"الإصحاح الحادي عشر آية (1): ""موازين غش مكرهة الرب والوزن الصحيح رضاه.""
أمثال,11,63,"الإصحاح الحادي عشر آية (1): ""موازين غش مكرهة الرب والوزن الصحيح رضاه.""
أمثال,11,64,"الإصحاح الحادي عشر آية (1): ""موازين غش مكرهة الرب والوزن الصحيح رضاه.""
أمثال,11,65,"الإصحاح الحادي عشر آية (1): ""موازين غش مكرهة الرب والوزن الصحيح رضاه.""
أمثال,11,66,"الإصحاح الحادي عشر آية (1): ""موازين غش مكرهة الرب والوزن الصحيح رضاه.""
أمثال,11,67,"الإصحاح الحادي عشر آية (1): ""موازين غش مكرهة الرب والوزن الصحيح رضاه.""
أمثال,11,68,"الإصحاح الحادي عشر آية (1): ""موازين غش مكرهة الرب والوزن الصحيح رضاه.""
أمثال,11,69,"الإصحاح الحادي عشر آية (1): ""موازين غش مكرهة الرب والوزن الصحيح رضاه.""
أمثال,11,70,"الإصحاح الحادي عشر آية (1): ""موازين غش مكرهة الرب والوزن الصحيح رضاه.""
أمثال,11,71,"الإصحاح الحادي عشر آية (1): ""موازين غش مكرهة الرب والوزن الصحيح رضاه.""
أمثال,11,72,"الإصحاح الحادي عشر آية (1): ""موازين غش مكرهة الرب والوزن الصحيح رضاه.""
أمثال,11,73,"الإصحاح الحادي عشر آية (1): ""موازين غش مكرهة الرب والوزن الصحيح رضاه.""
أمثال,11,74,"الإصحاح الحادي عشر آية (1): ""موازين غش مكرهة الرب والوزن الصحيح رضاه.""
أمثال,11,75,"الإصحاح الحادي عشر آية (1): ""موازين غش مكرهة الرب والوزن الصحيح رضاه.""
أمثال,11,76,"الإصحاح الحادي عشر آية (1): ""موازين غش مكرهة الرب والوزن الصحيح رضاه.""
أمثال,11,77,"الإصحاح الحادي عشر آية (1): ""موازين غش مكرهة الرب والوزن الصحيح رضاه.""
أمثال,11,78,"الإصحاح الحادي عشر آية (1): ""موازين غش مكرهة الرب والوزن الصحيح رضاه.""
أمثال,11,79,"الإصحاح الحادي عشر آية (1): ""موازين غش مكرهة الرب والوزن الصحيح رضاه.""
أمثال,11,80,"الإصحاح الحادي عشر آية (1): ""موازين غش مكرهة الرب والوزن الصحيح رضاه.""
أمثال,11,81,"الإصحاح الحادي عشر آية (1): ""موازين غش مكرهة الرب والوزن الصحيح رضاه.""
أمثال,11,82,"الإصحاح الحادي عشر آية (1): ""موازين غش مكرهة الرب والوزن الصحيح رضاه.""
أمثال,11,83,"الإصحاح الحادي عشر آية (1): ""موازين غش مكرهة الرب والوزن الصحيح رضاه.""
أمثال,11,84,"الإصحاح الحادي عشر آية (1): ""موازين غش مكرهة الرب والوزن الصحيح رضاه.""
أمثال,11,85,"الإصحاح الحادي عشر آية (1): ""موازين غش مكرهة الرب والوزن الصحيح رضاه.""
أمثال,11,86,"الإصحاح الحادي عشر آية (1): ""موازين غش مكرهة الرب والوزن الصحيح رضاه.""
أمثال,11,87,"الإصحاح الحادي عشر آية (1): ""موازين غش مكرهة الرب والوزن الصحيح رضاه.""
أمثال,11,88,"الإصحاح الحادي عشر آية (1): ""موازين غش مكرهة الرب والوزن الصحيح رضاه.""
أمثال,11,89,"الإصحاح الحادي عشر آية (1): ""موازين غش مكرهة الرب والوزن الصحيح رضاه.""
أمثال,11,90,"الإصحاح الحادي عشر آية (1): ""موازين غش مكرهة الرب والوزن الصحيح رضاه.""
أمثال,11,91,"الإصحاح الحادي عشر آية (1): ""موازين غش مكرهة الرب والوزن الصحيح رضاه.""
أمثال,11,92,"الإصحاح الحادي عشر آية (1): ""موازين غش مكرهة الرب والوزن الصحيح رضاه.""
أمثال,11,93,"الإصحاح الحادي عشر آية (1): ""موازين غش مكرهة الرب والوزن الصحيح رضاه.""
أمثال,11,94,"الإصحاح الحادي عشر آية (1): ""موازين غش مكرهة الرب والوزن الصحيح رضاه.""
أمثال,11,95,"الإصحاح الحادي عشر آية (1): ""موازين غش مكرهة الرب والوزن الصحيح رضاه.""
أمثال,11,96,"الإصحاح الحادي عشر آية (1): ""موازين غش مكرهة الرب والوزن الصحيح رضاه.""
أمثال,11,97,"الإصحاح الحادي عشر آية (1): ""موازين غش مكرهة الرب والوزن الصحيح رضاه.""
أمثال,11,98,"الإصحاح الحادي عشر آية (1): ""موازين غش مكرهة الرب والوزن الصحيح رضاه.""
أمثال,11,99,"الإصحاح الحادي عشر آية (1): ""موازين غش مكرهة الرب والوزن الصحيح رضاه.""
أمثال,12,1,"الإصحاح الثاني عشر آية (1): ""من يحب التأديب يحب المعرفة ومن يبغض التوبيخ فهو بليد.""
أمثال,12,2,"الإصحاح الثاني عشر آية (1): ""من يحب التأديب يحب المعرفة ومن يبغض التوبيخ فهو بليد.""
أمثال,12,3,"الإصحاح الثاني عشر آية (1): ""من يحب التأديب يحب المعرفة ومن يبغض التوبيخ فهو بليد.""
أمثال,12,4,"الإصحاح الثاني عشر آية (1): ""من يحب التأديب يحب المعرفة ومن يبغض التوبيخ فهو بليد.""
أمثال,12,5,"الإصحاح الثاني عشر آية (1): ""من يحب التأديب يحب المعرفة ومن يبغض التوبيخ فهو بليد.""
أمثال,12,6,"الإصحاح الثاني عشر آية (1): ""من يحب التأديب يحب المعرفة ومن يبغض التوبيخ فهو بليد.""
أمثال,12,7,"الإصحاح الثاني عشر آية (1): ""من يحب التأديب يحب المعرفة ومن يبغض التوبيخ فهو بليد.""
أمثال,12,8,"الإصحاح الثاني عشر آية (1): ""من يحب التأديب يحب المعرفة ومن يبغض التوبيخ فهو بليد.""
أمثال,12,9,"الإصحاح الثاني عشر آية (1): ""من يحب التأديب يحب المعرفة ومن يبغض التوبيخ فهو بليد.""
أمثال,12,10,"الإصحاح الثاني عشر آية (1): ""من يحب التأديب يحب المعرفة ومن يبغض التوبيخ فهو بليد.""
أمثال,12,11,"الإصحاح الثاني عشر آية (1): ""من يحب التأديب يحب المعرفة ومن يبغض التوبيخ فهو بليد.""
أمثال,12,12,"الإصحاح الثاني عشر آية (1): ""من يحب التأديب يحب المعرفة ومن يبغض التوبيخ فهو بليد.""
أمثال,12,13,"الإصحاح الثاني عشر آية (1): ""من يحب التأديب يحب المعرفة ومن يبغض التوبيخ فهو بليد.""
أمثال,12,14,"الإصحاح الثاني عشر آية (1): ""من يحب التأديب يحب المعرفة ومن يبغض التوبيخ فهو بليد.""
أمثال,12,15,"الإصحاح الثاني عشر آية (1): ""من يحب التأديب يحب المعرفة ومن يبغض التوبيخ فهو بليد.""
أمثال,12,16,"الإصحاح الثاني عشر آية (1): ""من يحب التأديب يحب المعرفة ومن يبغض التوبيخ فهو بليد.""
أمثال,12,17,"الإصحاح الثاني عشر آية (1): ""من يحب التأديب يحب المعرفة ومن يبغض التوبيخ فهو بليد.""
أمثال,12,18,"الإصحاح الثاني عشر آية (1): ""من يحب التأديب يحب المعرفة ومن يبغض التوبيخ فهو بليد.""
أمثال,12,19,"الإصحاح الثاني عشر آية (1): ""من يحب التأديب يحب المعرفة ومن يبغض التوبيخ فهو بليد.""
أمثال,12,20,"الإصحاح الثاني عشر آية (1): ""من يحب التأديب يحب المعرفة ومن يبغض التوبيخ فهو بليد.""
أمثال,12,21,"الإصحاح الثاني عشر آية (1): ""من يحب التأديب يحب المعرفة ومن يبغض التوبيخ فهو بليد.""
أمثال,12,22,"الإصحاح الثاني عشر آية (1): ""من يحب التأديب يحب المعرفة ومن يبغض التوبيخ فهو بليد.""
أمثال,12,23,"الإصحاح الثاني عشر آية (1): ""من يحب التأديب يحب المعرفة ومن يبغض التوبيخ فهو بليد.""
أمثال,12,24,"الإصحاح الثاني عشر آية (1): ""من يحب التأديب يحب المعرفة ومن يبغض التوبيخ فهو بليد.""
أمثال,12,25,"الإصحاح الثاني عشر آية (1): ""من يحب التأديب يحب المعرفة ومن يبغض التوبيخ فهو بليد.""
أمثال,12,26,"الإصحاح الثاني عشر آية (1): ""من يحب التأديب يحب المعرفة ومن يبغض التوبيخ فهو بليد.""
أمثال,12,27,"الإصحاح الثاني عشر آية (1): ""من يحب التأديب يحب المعرفة ومن يبغض التوبيخ فهو بليد.""
أمثال,12,28,"الإصحاح الثاني عشر آية (1): ""من يحب التأديب يحب المعرفة ومن يبغض التوبيخ فهو بليد.""
أمثال,12,29,"الإصحاح الثاني عشر آية (1): ""من يحب التأديب يحب المعرفة ومن يبغض التوبيخ فهو بليد.""
أمثال,12,30,"الإصحاح الثاني عشر آية (1): ""من يحب التأديب يحب المعرفة ومن يبغض التوبيخ فهو بليد.""
أمثال,12,31,"الإصحاح الثاني عشر آية (1): ""من يحب التأديب يحب المعرفة ومن يبغض التوبيخ فهو بليد.""
أمثال,12,32,"الإصحاح الثاني عشر آية (1): ""من يحب التأديب يحب المعرفة ومن يبغض التوبيخ فهو بليد.""
أمثال,12,33,"الإصحاح الثاني عشر آية (1): ""من يحب التأديب يحب المعرفة ومن يبغض التوبيخ فهو بليد.""
أمثال,12,34,"الإصحاح الثاني عشر آية (1): ""من يحب التأديب يحب المعرفة ومن يبغض التوبيخ فهو بليد.""
أمثال,12,35,"الإصحاح الثاني عشر آية (1): ""من يحب التأديب يحب المعرفة ومن يبغض التوبيخ فهو بليد.""
أمثال,12,36,"الإصحاح الثاني عشر آية (1): ""من يحب التأديب يحب المعرفة ومن يبغض التوبيخ فهو بليد.""
أمثال,12,37,"الإصحاح الثاني عشر آية (1): ""من يحب التأديب يحب المعرفة ومن يبغض التوبيخ فهو بليد.""
أمثال,12,38,"الإصحاح الثاني عشر آية (1): ""من يحب التأديب يحب المعرفة ومن يبغض التوبيخ فهو بليد.""
أمثال,12,39,"الإصحاح الثاني عشر آية (1): ""من يحب التأديب يحب المعرفة ومن يبغض التوبيخ فهو بليد.""
أمثال,12,40,"الإصحاح الثاني عشر آية (1): ""من يحب التأديب يحب المعرفة ومن يبغض التوبيخ فهو بليد.""
أمثال,12,41,"الإصحاح الثاني عشر آية (1): ""من يحب التأديب يحب المعرفة ومن يبغض التوبيخ فهو بليد.""
أمثال,12,42,"الإصحاح الثاني عشر آية (1): ""من يحب التأديب يحب المعرفة ومن يبغض التوبيخ فهو بليد.""
أمثال,12,43,"الإصحاح الثاني عشر آية (1): ""من يحب التأديب يحب المعرفة ومن يبغض التوبيخ فهو بليد.""
أمثال,12,44,"الإصحاح الثاني عشر آية (1): ""من يحب التأديب يحب المعرفة ومن يبغض التوبيخ فهو بليد.""
أمثال,12,45,"الإصحاح الثاني عشر آية (1): ""من يحب التأديب يحب المعرفة ومن يبغض التوبيخ فهو بليد.""
أمثال,12,46,"الإصحاح الثاني عشر آية (1): ""من يحب التأديب يحب المعرفة ومن يبغض التوبيخ فهو بليد.""
أمثال,12,47,"الإصحاح الثاني عشر آية (1): ""من يحب التأديب يحب المعرفة ومن يبغض التوبيخ فهو بليد.""
أمثال,12,48,"الإصحاح الثاني عشر آية (1): ""من يحب التأديب يحب المعرفة ومن يبغض التوبيخ فهو بليد.""
أمثال,12,49,"الإصحاح الثاني عشر آية (1): ""من يحب التأديب يحب المعرفة ومن يبغض التوبيخ فهو بليد.""
أمثال,12,50,"الإصحاح الثاني عشر آية (1): ""من يحب التأديب يحب المعرفة ومن يبغض التوبيخ فهو بليد.""
أمثال,12,51,"الإصحاح الثاني عشر آية (1): ""من يحب التأديب يحب المعرفة ومن يبغض التوبيخ فهو بليد.""
أمثال,12,52,"الإصحاح الثاني عشر آية (1): ""من يحب التأديب يحب المعرفة ومن يبغض التوبيخ فهو بليد.""
أمثال,12,53,"الإصحاح الثاني عشر آية (1): ""من يحب التأديب يحب المعرفة ومن يبغض التوبيخ فهو بليد.""
أمثال,12,54,"الإصحاح الثاني عشر آية (1): ""من يحب التأديب يحب المعرفة ومن يبغض التوبيخ فهو بليد.""
أمثال,12,55,"الإصحاح الثاني عشر آية (1): ""من يحب التأديب يحب المعرفة ومن يبغض التوبيخ فهو بليد.""
أمثال,12,56,"الإصحاح الثاني عشر آية (1): ""من يحب التأديب يحب المعرفة ومن يبغض التوبيخ فهو بليد.""
أمثال,12,57,"الإصحاح الثاني عشر آية (1): ""من يحب التأديب يحب المعرفة ومن يبغض التوبيخ فهو بليد.""
أمثال,12,58,"الإصحاح الثاني عشر آية (1): ""من يحب التأديب يحب المعرفة ومن يبغض التوبيخ فهو بليد.""
أمثال,12,59,"الإصحاح الثاني عشر آية (1): ""من يحب التأديب يحب المعرفة ومن يبغض التوبيخ فهو بليد.""
أمثال,12,60,"الإصحاح الثاني عشر آية (1): ""من يحب التأديب يحب المعرفة ومن يبغض التوبيخ فهو بليد.""
أمثال,12,61,"الإصحاح الثاني عشر آية (1): ""من يحب التأديب يحب المعرفة ومن يبغض التوبيخ فهو بليد.""
أمثال,12,62,"الإصحاح الثاني عشر آية (1): ""من يحب التأديب يحب المعرفة ومن يبغض التوبيخ فهو بليد.""
أمثال,12,63,"الإصحاح الثاني عشر آية (1): ""من يحب التأديب يحب المعرفة ومن يبغض التوبيخ فهو بليد.""
أمثال,12,64,"الإصحاح الثاني عشر آية (1): ""من يحب التأديب يحب المعرفة ومن يبغض التوبيخ فهو بليد.""
أمثال,12,65,"الإصحاح الثاني عشر آية (1): ""من يحب التأديب يحب المعرفة ومن يبغض التوبيخ فهو بليد.""
أمثال,12,66,"الإصحاح الثاني عشر آية (1): ""من يحب التأديب يحب المعرفة ومن يبغض التوبيخ فهو بليد.""
أمثال,12,67,"الإصحاح الثاني عشر آية (1): ""من يحب التأديب يحب المعرفة ومن يبغض التوبيخ فهو بليد.""
أمثال,12,68,"الإصحاح الثاني عشر آية (1): ""من يحب التأديب يحب المعرفة ومن يبغض التوبيخ فهو بليد.""
أمثال,12,69,"الإصحاح الثاني عشر آية (1): ""من يحب التأديب يحب المعرفة ومن يبغض التوبيخ فهو بليد.""
أمثال,12,70,"الإصحاح الثاني عشر آية (1): ""من يحب التأديب يحب المعرفة ومن يبغض التوبيخ فهو بليد.""
أمثال,12,71,"الإصحاح الثاني عشر آية (1): ""من يحب التأديب يحب المعرفة ومن يبغض التوبيخ فهو بليد.""
أمثال,12,72,"الإصحاح الثاني عشر آية (1): ""من يحب التأديب يحب المعرفة ومن يبغض التوبيخ فهو بليد.""
أمثال,12,73,"الإصحاح الثاني عشر آية (1): ""من يحب التأديب يحب المعرفة ومن يبغض التوبيخ فهو بليد.""
أمثال,12,74,"الإصحاح الثاني عشر آية (1): ""من يحب التأديب يحب المعرفة ومن يبغض التوبيخ فهو بليد.""
أمثال,12,75,"الإصحاح الثاني عشر آية (1): ""من يحب التأديب يحب المعرفة ومن يبغض التوبيخ فهو بليد.""
أمثال,12,76,"الإصحاح الثاني عشر آية (1): ""من يحب التأديب يحب المعرفة ومن يبغض التوبيخ فهو بليد.""
أمثال,12,77,"الإصحاح الثاني عشر آية (1): ""من يحب التأديب يحب المعرفة ومن يبغض التوبيخ فهو بليد.""
أمثال,12,78,"الإصحاح الثاني عشر آية (1): ""من يحب التأديب يحب المعرفة ومن يبغض التوبيخ فهو بليد.""
أمثال,12,79,"الإصحاح الثاني عشر آية (1): ""من يحب التأديب يحب المعرفة ومن يبغض التوبيخ فهو بليد.""
أمثال,12,80,"الإصحاح الثاني عشر آية (1): ""من يحب التأديب يحب المعرفة ومن يبغض التوبيخ فهو بليد.""
أمثال,12,81,"الإصحاح الثاني عشر آية (1): ""من يحب التأديب يحب المعرفة ومن يبغض التوبيخ فهو بليد.""
أمثال,12,82,"الإصحاح الثاني عشر آية (1): ""من يحب التأديب يحب المعرفة ومن يبغض التوبيخ فهو بليد.""
أمثال,12,83,"الإصحاح الثاني عشر آية (1): ""من يحب التأديب يحب المعرفة ومن يبغض التوبيخ فهو بليد.""
أمثال,12,84,"الإصحاح الثاني عشر آية (1): ""من يحب التأديب يحب المعرفة ومن يبغض التوبيخ فهو بليد.""
أمثال,12,85,"الإصحاح الثاني عشر آية (1): ""من يحب التأديب يحب المعرفة ومن يبغض التوبيخ فهو بليد.""
أمثال,12,86,"الإصحاح الثاني عشر آية (1): ""من يحب التأديب يحب المعرفة ومن يبغض التوبيخ فهو بليد.""
أمثال,12,87,"الإصحاح الثاني عشر آية (1): ""من يحب التأديب يحب المعرفة ومن يبغض التوبيخ فهو بليد.""
أمثال,12,88,"الإصحاح الثاني عشر آية (1): ""من يحب التأديب يحب المعرفة ومن يبغض التوبيخ فهو بليد.""
أمثال,12,89,"الإصحاح الثاني عشر آية (1): ""من يحب التأديب يحب المعرفة ومن يبغض التوبيخ فهو بليد.""
أمثال,12,90,"الإصحاح الثاني عشر آية (1): ""من يحب التأديب يحب المعرفة ومن يبغض التوبيخ فهو بليد.""
أمثال,12,91,"الإصحاح الثاني عشر آية (1): ""من يحب التأديب يحب المعرفة ومن يبغض التوبيخ فهو بليد.""
أمثال,12,92,"الإصحاح الثاني عشر آية (1): ""من يحب التأديب يحب المعرفة ومن يبغض التوبيخ فهو بليد.""
أمثال,12,93,"الإصحاح الثاني عشر آية (1): ""من يحب التأديب يحب المعرفة ومن يبغض التوبيخ فهو بليد.""
أمثال,12,94,"الإصحاح الثاني عشر آية (1): ""من يحب التأديب يحب المعرفة ومن يبغض التوبيخ فهو بليد.""
أمثال,12,95,"الإصحاح الثاني عشر آية (1): ""من يحب التأديب يحب المعرفة ومن يبغض التوبيخ فهو بليد.""
أمثال,12,96,"الإصحاح الثاني عشر آية (1): ""من يحب التأديب يحب المعرفة ومن يبغض التوبيخ فهو بليد.""
أمثال,12,97,"الإصحاح الثاني عشر آية (1): ""من يحب التأديب يحب المعرفة ومن يبغض التوبيخ فهو بليد.""
أمثال,12,98,"الإصحاح الثاني عشر آية (1): ""من يحب التأديب يحب المعرفة ومن يبغض التوبيخ فهو بليد.""
أمثال,12,99,"الإصحاح الثاني عشر آية (1): ""من يحب التأديب يحب المعرفة ومن يبغض التوبيخ فهو بليد.""
أمثال,13,1,"الإصحاح الثالث عشر آية (1): ""الابن الحكيم يقبل تأديب أبيه والمستهزئ لا يسمع انتهاراً.""
أمثال,13,2,"الإصحاح الثالث عشر آية (1): ""الابن الحكيم يقبل تأديب أبيه والمستهزئ لا يسمع انتهاراً.""
أمثال,13,3,"الإصحاح الثالث عشر آية (1): ""الابن الحكيم يقبل تأديب أبيه والمستهزئ لا يسمع انتهاراً.""
أمثال,13,4,"الإصحاح الثالث عشر آية (1): ""الابن الحكيم يقبل تأديب أبيه والمستهزئ لا يسمع انتهاراً.""
أمثال,13,5,"الإصحاح الثالث عشر آية (1): ""الابن الحكيم يقبل تأديب أبيه والمستهزئ لا يسمع انتهاراً.""
أمثال,13,6,"الإصحاح الثالث عشر آية (1): ""الابن الحكيم يقبل تأديب أبيه والمستهزئ لا يسمع انتهاراً.""
أمثال,13,7,"الإصحاح الثالث عشر آية (1): ""الابن الحكيم يقبل تأديب أبيه والمستهزئ لا يسمع انتهاراً.""
أمثال,13,8,"الإصحاح الثالث عشر آية (1): ""الابن الحكيم يقبل تأديب أبيه والمستهزئ لا يسمع انتهاراً.""
أمثال,13,9,"الإصحاح الثالث عشر آية (1): ""الابن الحكيم يقبل تأديب أبيه والمستهزئ لا يسمع انتهاراً.""
أمثال,13,10,"الإصحاح الثالث عشر آية (1): ""الابن الحكيم يقبل تأديب أبيه والمستهزئ لا يسمع انتهاراً.""
أمثال,13,11,"الإصحاح الثالث عشر آية (1): ""الابن الحكيم يقبل تأديب أبيه والمستهزئ لا يسمع انتهاراً.""
أمثال,13,12,"الإصحاح الثالث عشر آية (1): ""الابن الحكيم يقبل تأديب أبيه والمستهزئ لا يسمع انتهاراً.""
أمثال,13,13,"الإصحاح الثالث عشر آية (1): ""الابن الحكيم يقبل تأديب أبيه والمستهزئ لا يسمع انتهاراً.""
أمثال,13,14,"الإصحاح الثالث عشر آية (1): ""الابن الحكيم يقبل تأديب أبيه والمستهزئ لا يسمع انتهاراً.""
أمثال,13,15,"الإصحاح الثالث عشر آية (1): ""الابن الحكيم يقبل تأديب أبيه والمستهزئ لا يسمع انتهاراً.""
أمثال,13,16,"الإصحاح الثالث عشر آية (1): ""الابن الحكيم يقبل تأديب أبيه والمستهزئ لا يسمع انتهاراً.""
أمثال,13,17,"الإصحاح الثالث عشر آية (1): ""الابن الحكيم يقبل تأديب أبيه والمستهزئ لا يسمع انتهاراً.""
أمثال,13,18,"الإصحاح الثالث عشر آية (1): ""الابن الحكيم يقبل تأديب أبيه والمستهزئ لا يسمع انتهاراً.""
أمثال,13,19,"الإصحاح الثالث عشر آية (1): ""الابن الحكيم يقبل تأديب أبيه والمستهزئ لا يسمع انتهاراً.""
أمثال,13,20,"الإصحاح الثالث عشر آية (1): ""الابن الحكيم يقبل تأديب أبيه والمستهزئ لا يسمع انتهاراً.""
أمثال,13,21,"الإصحاح الثالث عشر آية (1): ""الابن الحكيم يقبل تأديب أبيه والمستهزئ لا يسمع انتهاراً.""
أمثال,13,22,"الإصحاح الثالث عشر آية (1): ""الابن الحكيم يقبل تأديب أبيه والمستهزئ لا يسمع انتهاراً.""
أمثال,13,23,"الإصحاح الثالث عشر آية (1): ""الابن الحكيم يقبل تأديب أبيه والمستهزئ لا يسمع انتهاراً.""
أمثال,13,24,"الإصحاح الثالث عشر آية (1): ""الابن الحكيم يقبل تأديب أبيه والمستهزئ لا يسمع انتهاراً.""
أمثال,13,25,"الإصحاح الثالث عشر آية (1): ""الابن الحكيم يقبل تأديب أبيه والمستهزئ لا يسمع انتهاراً.""
أمثال,13,26,"الإصحاح الثالث عشر آية (1): ""الابن الحكيم يقبل تأديب أبيه والمستهزئ لا يسمع انتهاراً.""
أمثال,13,27,"الإصحاح الثالث عشر آية (1): ""الابن الحكيم يقبل تأديب أبيه والمستهزئ لا يسمع انتهاراً.""
أمثال,13,28,"الإصحاح الثالث عشر آية (1): ""الابن الحكيم يقبل تأديب أبيه والمستهزئ لا يسمع انتهاراً.""
أمثال,13,29,"الإصحاح الثالث عشر آية (1): ""الابن الحكيم يقبل تأديب أبيه والمستهزئ لا يسمع انتهاراً.""
أمثال,13,30,"الإصحاح الثالث عشر آية (1): ""الابن الحكيم يقبل تأديب أبيه والمستهزئ لا يسمع انتهاراً.""
أمثال,13,31,"الإصحاح الثالث عشر آية (1): ""الابن الحكيم يقبل تأديب أبيه والمستهزئ لا يسمع انتهاراً.""
أمثال,13,32,"الإصحاح الثالث عشر آية (1): ""الابن الحكيم يقبل تأديب أبيه والمستهزئ لا يسمع انتهاراً.""
أمثال,13,33,"الإصحاح الثالث عشر آية (1): ""الابن الحكيم يقبل تأديب أبيه والمستهزئ لا يسمع انتهاراً.""
أمثال,13,34,"الإصحاح الثالث عشر آية (1): ""الابن الحكيم يقبل تأديب أبيه والمستهزئ لا يسمع انتهاراً.""
أمثال,13,35,"الإصحاح الثالث عشر آية (1): ""الابن الحكيم يقبل تأديب أبيه والمستهزئ لا يسمع انتهاراً.""
أمثال,13,36,"الإصحاح الثالث عشر آية (1): ""الابن الحكيم يقبل تأديب أبيه والمستهزئ لا يسمع انتهاراً.""
أمثال,13,37,"الإصحاح الثالث عشر آية (1): ""الابن الحكيم يقبل تأديب أبيه والمستهزئ لا يسمع انتهاراً.""
أمثال,13,38,"الإصحاح الثالث عشر آية (1): ""الابن الحكيم يقبل تأديب أبيه والمستهزئ لا يسمع انتهاراً.""
أمثال,13,39,"الإصحاح الثالث عشر آية (1): ""الابن الحكيم يقبل تأديب أبيه والمستهزئ لا يسمع انتهاراً.""
أمثال,13,40,"الإصحاح الثالث عشر آية (1): ""الابن الحكيم يقبل تأديب أبيه والمستهزئ لا يسمع انتهاراً.""
أمثال,13,41,"الإصحاح الثالث عشر آية (1): ""الابن الحكيم يقبل تأديب أبيه والمستهزئ لا يسمع انتهاراً.""
أمثال,13,42,"الإصحاح الثالث عشر آية (1): ""الابن الحكيم يقبل تأديب أبيه والمستهزئ لا يسمع انتهاراً.""
أمثال,13,43,"الإصحاح الثالث عشر آية (1): ""الابن الحكيم يقبل تأديب أبيه والمستهزئ لا يسمع انتهاراً.""
أمثال,13,44,"الإصحاح الثالث عشر آية (1): ""الابن الحكيم يقبل تأديب أبيه والمستهزئ لا يسمع انتهاراً.""
أمثال,13,45,"الإصحاح الثالث عشر آية (1): ""الابن الحكيم يقبل تأديب أبيه والمستهزئ لا يسمع انتهاراً.""
أمثال,13,46,"الإصحاح الثالث عشر آية (1): ""الابن الحكيم يقبل تأديب أبيه والمستهزئ لا يسمع انتهاراً.""
أمثال,13,47,"الإصحاح الثالث عشر آية (1): ""الابن الحكيم يقبل تأديب أبيه والمستهزئ لا يسمع انتهاراً.""
أمثال,13,48,"الإصحاح الثالث عشر آية (1): ""الابن الحكيم يقبل تأديب أبيه والمستهزئ لا يسمع انتهاراً.""
أمثال,13,49,"الإصحاح الثالث عشر آية (1): ""الابن الحكيم يقبل تأديب أبيه والمستهزئ لا يسمع انتهاراً.""
أمثال,13,50,"الإصحاح الثالث عشر آية (1): ""الابن الحكيم يقبل تأديب أبيه والمستهزئ لا يسمع انتهاراً.""
أمثال,13,51,"الإصحاح الثالث عشر آية (1): ""الابن الحكيم يقبل تأديب أبيه والمستهزئ لا يسمع انتهاراً.""
أمثال,13,52,"الإصحاح الثالث عشر آية (1): ""الابن الحكيم يقبل تأديب أبيه والمستهزئ لا يسمع انتهاراً.""
أمثال,13,53,"الإصحاح الثالث عشر آية (1): ""الابن الحكيم يقبل تأديب أبيه والمستهزئ لا يسمع انتهاراً.""
أمثال,13,54,"الإصحاح الثالث عشر آية (1): ""الابن الحكيم يقبل تأديب أبيه والمستهزئ لا يسمع انتهاراً.""
أمثال,13,55,"الإصحاح الثالث عشر آية (1): ""الابن الحكيم يقبل تأديب أبيه والمستهزئ لا يسمع انتهاراً.""
أمثال,13,56,"الإصحاح الثالث عشر آية (1): ""الابن الحكيم يقبل تأديب أبيه والمستهزئ لا يسمع انتهاراً.""
أمثال,13,57,"الإصحاح الثالث عشر آية (1): ""الابن الحكيم يقبل تأديب أبيه والمستهزئ لا يسمع انتهاراً.""
أمثال,13,58,"الإصحاح الثالث عشر آية (1): ""الابن الحكيم يقبل تأديب أبيه والمستهزئ لا يسمع انتهاراً.""
أمثال,13,59,"الإصحاح الثالث عشر آية (1): ""الابن الحكيم يقبل تأديب أبيه والمستهزئ لا يسمع انتهاراً.""
أمثال,13,60,"الإصحاح الثالث عشر آية (1): ""الابن الحكيم يقبل تأديب أبيه والمستهزئ لا يسمع انتهاراً.""
أمثال,13,61,"الإصحاح الثالث عشر آية (1): ""الابن الحكيم يقبل تأديب أبيه والمستهزئ لا يسمع انتهاراً.""
أمثال,13,62,"الإصحاح الثالث عشر آية (1): ""الابن الحكيم يقبل تأديب أبيه والمستهزئ لا يسمع انتهاراً.""
أمثال,13,63,"الإصحاح الثالث عشر آية (1): ""الابن الحكيم يقبل تأديب أبيه والمستهزئ لا يسمع انتهاراً.""
أمثال,13,64,"الإصحاح الثالث عشر آية (1): ""الابن الحكيم يقبل تأديب أبيه والمستهزئ لا يسمع انتهاراً.""
أمثال,13,65,"الإصحاح الثالث عشر آية (1): ""الابن الحكيم يقبل تأديب أبيه والمستهزئ لا يسمع انتهاراً.""
أمثال,13,66,"الإصحاح الثالث عشر آية (1): ""الابن الحكيم يقبل تأديب أبيه والمستهزئ لا يسمع انتهاراً.""
أمثال,13,67,"الإصحاح الثالث عشر آية (1): ""الابن الحكيم يقبل تأديب أبيه والمستهزئ لا يسمع انتهاراً.""
أمثال,13,68,"الإصحاح الثالث عشر آية (1): ""الابن الحكيم يقبل تأديب أبيه والمستهزئ لا يسمع انتهاراً.""
أمثال,13,69,"الإصحاح الثالث عشر آية (1): ""الابن الحكيم يقبل تأديب أبيه والمستهزئ لا يسمع انتهاراً.""
أمثال,13,70,"الإصحاح الثالث عشر آية (1): ""الابن الحكيم يقبل تأديب أبيه والمستهزئ لا يسمع انتهاراً.""
أمثال,13,71,"الإصحاح الثالث عشر آية (1): ""الابن الحكيم يقبل تأديب أبيه والمستهزئ لا يسمع انتهاراً.""
أمثال,13,72,"الإصحاح الثالث عشر آية (1): ""الابن الحكيم يقبل تأديب أبيه والمستهزئ لا يسمع انتهاراً.""
أمثال,13,73,"الإصحاح الثالث عشر آية (1): ""الابن الحكيم يقبل تأديب أبيه والمستهزئ لا يسمع انتهاراً.""
أمثال,13,74,"الإصحاح الثالث عشر آية (1): ""الابن الحكيم يقبل تأديب أبيه والمستهزئ لا يسمع انتهاراً.""
أمثال,13,75,"الإصحاح الثالث عشر آية (1): ""الابن الحكيم يقبل تأديب أبيه والمستهزئ لا يسمع انتهاراً.""
أمثال,13,76,"الإصحاح الثالث عشر آية (1): ""الابن الحكيم يقبل تأديب أبيه والمستهزئ لا يسمع انتهاراً.""
أمثال,13,77,"الإصحاح الثالث عشر آية (1): ""الابن الحكيم يقبل تأديب أبيه والمستهزئ لا يسمع انتهاراً.""
أمثال,13,78,"الإصحاح الثالث عشر آية (1): ""الابن الحكيم يقبل تأديب أبيه والمستهزئ لا يسمع انتهاراً.""
أمثال,13,79,"الإصحاح الثالث عشر آية (1): ""الابن الحكيم يقبل تأديب أبيه والمستهزئ لا يسمع انتهاراً.""
أمثال,13,80,"الإصحاح الثالث عشر آية (1): ""الابن الحكيم يقبل تأديب أبيه والمستهزئ لا يسمع انتهاراً.""
أمثال,13,81,"الإصحاح الثالث عشر آية (1): ""الابن الحكيم يقبل تأديب أبيه والمستهزئ لا يسمع انتهاراً.""
أمثال,13,82,"الإصحاح الثالث عشر آية (1): ""الابن الحكيم يقبل تأديب أبيه والمستهزئ لا يسمع انتهاراً.""
أمثال,13,83,"الإصحاح الثالث عشر آية (1): ""الابن الحكيم يقبل تأديب أبيه والمستهزئ لا يسمع انتهاراً.""
أمثال,13,84,"الإصحاح الثالث عشر آية (1): ""الابن الحكيم يقبل تأديب أبيه والمستهزئ لا يسمع انتهاراً.""
أمثال,13,85,"الإصحاح الثالث عشر آية (1): ""الابن الحكيم يقبل تأديب أبيه والمستهزئ لا يسمع انتهاراً.""
أمثال,13,86,"الإصحاح الثالث عشر آية (1): ""الابن الحكيم يقبل تأديب أبيه والمستهزئ لا يسمع انتهاراً.""
أمثال,13,87,"الإصحاح الثالث عشر آية (1): ""الابن الحكيم يقبل تأديب أبيه والمستهزئ لا يسمع انتهاراً.""
أمثال,13,88,"الإصحاح الثالث عشر آية (1): ""الابن الحكيم يقبل تأديب أبيه والمستهزئ لا يسمع انتهاراً.""
أمثال,13,89,"الإصحاح الثالث عشر آية (1): ""الابن الحكيم يقبل تأديب أبيه والمستهزئ لا يسمع انتهاراً.""
أمثال,13,90,"الإصحاح الثالث عشر آية (1): ""الابن الحكيم يقبل تأديب أبيه والمستهزئ لا يسمع انتهاراً.""
أمثال,13,91,"الإصحاح الثالث عشر آية (1): ""الابن الحكيم يقبل تأديب أبيه والمستهزئ لا يسمع انتهاراً.""
أمثال,13,92,"الإصحاح الثالث عشر آية (1): ""الابن الحكيم يقبل تأديب أبيه والمستهزئ لا يسمع انتهاراً.""
أمثال,13,93,"الإصحاح الثالث عشر آية (1): ""الابن الحكيم يقبل تأديب أبيه والمستهزئ لا يسمع انتهاراً.""
أمثال,13,94,"الإصحاح الثالث عشر آية (1): ""الابن الحكيم يقبل تأديب أبيه والمستهزئ لا يسمع انتهاراً.""
أمثال,13,95,"الإصحاح الثالث عشر آية (1): ""الابن الحكيم يقبل تأديب أبيه والمستهزئ لا يسمع انتهاراً.""
أمثال,13,96,"الإصحاح الثالث عشر آية (1): ""الابن الحكيم يقبل تأديب أبيه والمستهزئ لا يسمع انتهاراً.""
أمثال,13,97,"الإصحاح الثالث عشر آية (1): ""الابن الحكيم يقبل تأديب أبيه والمستهزئ لا يسمع انتهاراً.""
أمثال,13,98,"الإصحاح الثالث عشر آية (1): ""الابن الحكيم يقبل تأديب أبيه والمستهزئ لا يسمع انتهاراً.""
أمثال,13,99,"الإصحاح الثالث عشر آية (1): ""الابن الحكيم يقبل تأديب أبيه والمستهزئ لا يسمع انتهاراً.""
أمثال,14,1,"الإصحاح الرابع عشر آية (1): ""حكمة المرأة تبني بيتها والحماقة تهدمه بيدها.""
أمثال,14,2,"الإصحاح الرابع عشر آية (1): ""حكمة المرأة تبني بيتها والحماقة تهدمه بيدها.""
أمثال,14,3,"الإصحاح الرابع عشر آية (1): ""حكمة المرأة تبني بيتها والحماقة تهدمه بيدها.""
أمثال,14,4,"الإصحاح الرابع عشر آية (1): ""حكمة المرأة تبني بيتها والحماقة تهدمه بيدها.""
أمثال,14,5,"الإصحاح الرابع عشر آية (1): ""حكمة المرأة تبني بيتها والحماقة تهدمه بيدها.""
أمثال,14,6,"الإصحاح الرابع عشر آية (1): ""حكمة المرأة تبني بيتها والحماقة تهدمه بيدها.""
أمثال,14,7,"الإصحاح الرابع عشر آية (1): ""حكمة المرأة تبني بيتها والحماقة تهدمه بيدها.""
أمثال,14,8,"الإصحاح الرابع عشر آية (1): ""حكمة المرأة تبني بيتها والحماقة تهدمه بيدها.""
أمثال,14,9,"الإصحاح الرابع عشر آية (1): ""حكمة المرأة تبني بيتها والحماقة تهدمه بيدها.""
أمثال,14,10,"الإصحاح الرابع عشر آية (1): ""حكمة المرأة تبني بيتها والحماقة تهدمه بيدها.""
أمثال,14,11,"الإصحاح الرابع عشر آية (1): ""حكمة المرأة تبني بيتها والحماقة تهدمه بيدها.""
أمثال,14,12,"الإصحاح الرابع عشر آية (1): ""حكمة المرأة تبني بيتها والحماقة تهدمه بيدها.""
أمثال,14,13,"الإصحاح الرابع عشر آية (1): ""حكمة المرأة تبني بيتها والحماقة تهدمه بيدها.""
أمثال,14,14,"الإصحاح الرابع عشر آية (1): ""حكمة المرأة تبني بيتها والحماقة تهدمه بيدها.""
أمثال,14,15,"الإصحاح الرابع عشر آية (1): ""حكمة المرأة تبني بيتها والحماقة تهدمه بيدها.""
أمثال,14,16,"الإصحاح الرابع عشر آية (1): ""حكمة المرأة تبني بيتها والحماقة تهدمه بيدها.""
أمثال,14,17,"الإصحاح الرابع عشر آية (1): ""حكمة المرأة تبني بيتها والحماقة تهدمه بيدها.""
أمثال,14,18,"الإصحاح الرابع عشر آية (1): ""حكمة المرأة تبني بيتها والحماقة تهدمه بيدها.""
أمثال,14,19,"الإصحاح الرابع عشر آية (1): ""حكمة المرأة تبني بيتها والحماقة تهدمه بيدها.""
أمثال,14,20,"الإصحاح الرابع عشر آية (1): ""حكمة المرأة تبني بيتها والحماقة تهدمه بيدها.""
أمثال,14,21,"الإصحاح الرابع عشر آية (1): ""حكمة المرأة تبني بيتها والحماقة تهدمه بيدها.""
أمثال,14,22,"الإصحاح الرابع عشر آية (1): ""حكمة المرأة تبني بيتها والحماقة تهدمه بيدها.""
أمثال,14,23,"الإصحاح الرابع عشر آية (1): ""حكمة المرأة تبني بيتها والحماقة تهدمه بيدها.""
أمثال,14,24,"الإصحاح الرابع عشر آية (1): ""حكمة المرأة تبني بيتها والحماقة تهدمه بيدها.""
أمثال,14,25,"الإصحاح الرابع عشر آية (1): ""حكمة المرأة تبني بيتها والحماقة تهدمه بيدها.""
أمثال,14,26,"الإصحاح الرابع عشر آية (1): ""حكمة المرأة تبني بيتها والحماقة تهدمه بيدها.""
أمثال,14,27,"الإصحاح الرابع عشر آية (1): ""حكمة المرأة تبني بيتها والحماقة تهدمه بيدها.""
أمثال,14,28,"الإصحاح الرابع عشر آية (1): ""حكمة المرأة تبني بيتها والحماقة تهدمه بيدها.""
أمثال,14,29,"الإصحاح الرابع عشر آية (1): ""حكمة المرأة تبني بيتها والحماقة تهدمه بيدها.""
أمثال,14,30,"الإصحاح الرابع عشر آية (1): ""حكمة المرأة تبني بيتها والحماقة تهدمه بيدها.""
أمثال,14,31,"الإصحاح الرابع عشر آية (1): ""حكمة المرأة تبني بيتها والحماقة تهدمه بيدها.""
أمثال,14,32,"الإصحاح الرابع عشر آية (1): ""حكمة المرأة تبني بيتها والحماقة تهدمه بيدها.""
أمثال,14,33,"الإصحاح الرابع عشر آية (1): ""حكمة المرأة تبني بيتها والحماقة تهدمه بيدها.""
أمثال,14,34,"الإصحاح الرابع عشر آية (1): ""حكمة المرأة تبني بيتها والحماقة تهدمه بيدها.""
أمثال,14,35,"الإصحاح الرابع عشر آية (1): ""حكمة المرأة تبني بيتها والحماقة تهدمه بيدها.""
أمثال,14,36,"الإصحاح الرابع عشر آية (1): ""حكمة المرأة تبني بيتها والحماقة تهدمه بيدها.""
أمثال,14,37,"الإصحاح الرابع عشر آية (1): ""حكمة المرأة تبني بيتها والحماقة تهدمه بيدها.""
أمثال,14,38,"الإصحاح الرابع عشر آية (1): ""حكمة المرأة تبني بيتها والحماقة تهدمه بيدها.""
أمثال,14,39,"الإصحاح الرابع عشر آية (1): ""حكمة المرأة تبني بيتها والحماقة تهدمه بيدها.""
أمثال,14,40,"الإصحاح الرابع عشر آية (1): ""حكمة المرأة تبني بيتها والحماقة تهدمه بيدها.""
أمثال,14,41,"الإصحاح الرابع عشر آية (1): ""حكمة المرأة تبني بيتها والحماقة تهدمه بيدها.""
أمثال,14,42,"الإصحاح الرابع عشر آية (1): ""حكمة المرأة تبني بيتها والحماقة تهدمه بيدها.""
أمثال,14,43,"الإصحاح الرابع عشر آية (1): ""حكمة المرأة تبني بيتها والحماقة تهدمه بيدها.""
أمثال,14,44,"الإصحاح الرابع عشر آية (1): ""حكمة المرأة تبني بيتها والحماقة تهدمه بيدها.""
أمثال,14,45,"الإصحاح الرابع عشر آية (1): ""حكمة المرأة تبني بيتها والحماقة تهدمه بيدها.""
أمثال,14,46,"الإصحاح الرابع عشر آية (1): ""حكمة المرأة تبني بيتها والحماقة تهدمه بيدها.""
أمثال,14,47,"الإصحاح الرابع عشر آية (1): ""حكمة المرأة تبني بيتها والحماقة تهدمه بيدها.""
أمثال,14,48,"الإصحاح الرابع عشر آية (1): ""حكمة المرأة تبني بيتها والحماقة تهدمه بيدها.""
أمثال,14,49,"الإصحاح الرابع عشر آية (1): ""حكمة المرأة تبني بيتها والحماقة تهدمه بيدها.""
أمثال,14,50,"الإصحاح الرابع عشر آية (1): ""حكمة المرأة تبني بيتها والحماقة تهدمه بيدها.""
أمثال,14,51,"الإصحاح الرابع عشر آية (1): ""حكمة المرأة تبني بيتها والحماقة تهدمه بيدها.""
أمثال,14,52,"الإصحاح الرابع عشر آية (1): ""حكمة المرأة تبني بيتها والحماقة تهدمه بيدها.""
أمثال,14,53,"الإصحاح الرابع عشر آية (1): ""حكمة المرأة تبني بيتها والحماقة تهدمه بيدها.""
أمثال,14,54,"الإصحاح الرابع عشر آية (1): ""حكمة المرأة تبني بيتها والحماقة تهدمه بيدها.""
أمثال,14,55,"الإصحاح الرابع عشر آية (1): ""حكمة المرأة تبني بيتها والحماقة تهدمه بيدها.""
أمثال,14,56,"الإصحاح الرابع عشر آية (1): ""حكمة المرأة تبني بيتها والحماقة تهدمه بيدها.""
أمثال,14,57,"الإصحاح الرابع عشر آية (1): ""حكمة المرأة تبني بيتها والحماقة تهدمه بيدها.""
أمثال,14,58,"الإصحاح الرابع عشر آية (1): ""حكمة المرأة تبني بيتها والحماقة تهدمه بيدها.""
أمثال,14,59,"الإصحاح الرابع عشر آية (1): ""حكمة المرأة تبني بيتها والحماقة تهدمه بيدها.""
أمثال,14,60,"الإصحاح الرابع عشر آية (1): ""حكمة المرأة تبني بيتها والحماقة تهدمه بيدها.""
أمثال,14,61,"الإصحاح الرابع عشر آية (1): ""حكمة المرأة تبني بيتها والحماقة تهدمه بيدها.""
أمثال,14,62,"الإصحاح الرابع عشر آية (1): ""حكمة المرأة تبني بيتها والحماقة تهدمه بيدها.""
أمثال,14,63,"الإصحاح الرابع عشر آية (1): ""حكمة المرأة تبني بيتها والحماقة تهدمه بيدها.""
أمثال,14,64,"الإصحاح الرابع عشر آية (1): ""حكمة المرأة تبني بيتها والحماقة تهدمه بيدها.""
أمثال,14,65,"الإصحاح الرابع عشر آية (1): ""حكمة المرأة تبني بيتها والحماقة تهدمه بيدها.""
أمثال,14,66,"الإصحاح الرابع عشر آية (1): ""حكمة المرأة تبني بيتها والحماقة تهدمه بيدها.""
أمثال,14,67,"الإصحاح الرابع عشر آية (1): ""حكمة المرأة تبني بيتها والحماقة تهدمه بيدها.""
أمثال,14,68,"الإصحاح الرابع عشر آية (1): ""حكمة المرأة تبني بيتها والحماقة تهدمه بيدها.""
أمثال,14,69,"الإصحاح الرابع عشر آية (1): ""حكمة المرأة تبني بيتها والحماقة تهدمه بيدها.""
أمثال,14,70,"الإصحاح الرابع عشر آية (1): ""حكمة المرأة تبني بيتها والحماقة تهدمه بيدها.""
أمثال,14,71,"الإصحاح الرابع عشر آية (1): ""حكمة المرأة تبني بيتها والحماقة تهدمه بيدها.""
أمثال,14,72,"الإصحاح الرابع عشر آية (1): ""حكمة المرأة تبني بيتها والحماقة تهدمه بيدها.""
أمثال,14,73,"الإصحاح الرابع عشر آية (1): ""حكمة المرأة تبني بيتها والحماقة تهدمه بيدها.""
أمثال,14,74,"الإصحاح الرابع عشر آية (1): ""حكمة المرأة تبني بيتها والحماقة تهدمه بيدها.""
أمثال,14,75,"الإصحاح الرابع عشر آية (1): ""حكمة المرأة تبني بيتها والحماقة تهدمه بيدها.""
أمثال,14,76,"الإصحاح الرابع عشر آية (1): ""حكمة المرأة تبني بيتها والحماقة تهدمه بيدها.""
أمثال,14,77,"الإصحاح الرابع عشر آية (1): ""حكمة المرأة تبني بيتها والحماقة تهدمه بيدها.""
أمثال,14,78,"الإصحاح الرابع عشر آية (1): ""حكمة المرأة تبني بيتها والحماقة تهدمه بيدها.""
أمثال,14,79,"الإصحاح الرابع عشر آية (1): ""حكمة المرأة تبني بيتها والحماقة تهدمه بيدها.""
أمثال,14,80,"الإصحاح الرابع عشر آية (1): ""حكمة المرأة تبني بيتها والحماقة تهدمه بيدها.""
أمثال,14,81,"الإصحاح الرابع عشر آية (1): ""حكمة المرأة تبني بيتها والحماقة تهدمه بيدها.""
أمثال,14,82,"الإصحاح الرابع عشر آية (1): ""حكمة المرأة تبني بيتها والحماقة تهدمه بيدها.""
أمثال,14,83,"الإصحاح الرابع عشر آية (1): ""حكمة المرأة تبني بيتها والحماقة تهدمه بيدها.""
أمثال,14,84,"الإصحاح الرابع عشر آية (1): ""حكمة المرأة تبني بيتها والحماقة تهدمه بيدها.""
أمثال,14,85,"الإصحاح الرابع عشر آية (1): ""حكمة المرأة تبني بيتها والحماقة تهدمه بيدها.""
أمثال,14,86,"الإصحاح الرابع عشر آية (1): ""حكمة المرأة تبني بيتها والحماقة تهدمه بيدها.""
أمثال,14,87,"الإصحاح الرابع عشر آية (1): ""حكمة المرأة تبني بيتها والحماقة تهدمه بيدها.""
أمثال,14,88,"الإصحاح الرابع عشر آية (1): ""حكمة المرأة تبني بيتها والحماقة تهدمه بيدها.""
أمثال,14,89,"الإصحاح الرابع عشر آية (1): ""حكمة المرأة تبني بيتها والحماقة تهدمه بيدها.""
أمثال,14,90,"الإصحاح الرابع عشر آية (1): ""حكمة المرأة تبني بيتها والحماقة تهدمه بيدها.""
أمثال,14,91,"الإصحاح الرابع عشر آية (1): ""حكمة المرأة تبني بيتها والحماقة تهدمه بيدها.""
أمثال,14,92,"الإصحاح الرابع عشر آية (1): ""حكمة المرأة تبني بيتها والحماقة تهدمه بيدها.""
أمثال,14,93,"الإصحاح الرابع عشر آية (1): ""حكمة المرأة تبني بيتها والحماقة تهدمه بيدها.""
أمثال,14,94,"الإصحاح الرابع عشر آية (1): ""حكمة المرأة تبني بيتها والحماقة تهدمه بيدها.""
أمثال,14,95,"الإصحاح الرابع عشر آية (1): ""حكمة المرأة تبني بيتها والحماقة تهدمه بيدها.""
أمثال,14,96,"الإصحاح الرابع عشر آية (1): ""حكمة المرأة تبني بيتها والحماقة تهدمه بيدها.""
أمثال,14,97,"الإصحاح الرابع عشر آية (1): ""حكمة المرأة تبني بيتها والحماقة تهدمه بيدها.""
أمثال,14,98,"الإصحاح الرابع عشر آية (1): ""حكمة المرأة تبني بيتها والحماقة تهدمه بيدها.""
أمثال,14,99,"الإصحاح الرابع عشر آية (1): ""حكمة المرأة تبني بيتها والحماقة تهدمه بيدها.""
أمثال,15,1,"الإصحاح الخامس عشر الآيات (1\'a12): ""الجواب اللين يصرف الغضب والكلام الموجع يهيج السخط. لسان الحكماء يحسن المعرفة وفم الجهال ينبع حماقة.""
أمثال,15,2,"الإصحاح الخامس عشر الآيات (1\'a12): ""الجواب اللين يصرف الغضب والكلام الموجع يهيج السخط. لسان الحكماء يحسن المعرفة وفم الجهال ينبع حماقة.""
أمثال,15,3,"الإصحاح الخامس عشر الآيات (1\'a12): ""الجواب اللين يصرف الغضب والكلام الموجع يهيج السخط. لسان الحكماء يحسن المعرفة وفم الجهال ينبع حماقة.""
أمثال,15,4,"الإصحاح الخامس عشر الآيات (1\'a12): ""الجواب اللين يصرف الغضب والكلام الموجع يهيج السخط. لسان الحكماء يحسن المعرفة وفم الجهال ينبع حماقة.""
أمثال,15,5,"الإصحاح الخامس عشر الآيات (1\'a12): ""الجواب اللين يصرف الغضب والكلام الموجع يهيج السخط. لسان الحكماء يحسن المعرفة وفم الجهال ينبع حماقة.""
أمثال,15,6,"الإصحاح الخامس عشر الآيات (1\'a12): ""الجواب اللين يصرف الغضب والكلام الموجع يهيج السخط. لسان الحكماء يحسن المعرفة وفم الجهال ينبع حماقة.""
أمثال,15,7,"الإصحاح الخامس عشر الآيات (1\'a12): ""الجواب اللين يصرف الغضب والكلام الموجع يهيج السخط. لسان الحكماء يحسن المعرفة وفم الجهال ينبع حماقة.""
أمثال,15,8,"الإصحاح الخامس عشر الآيات (1\'a12): ""الجواب اللين يصرف الغضب والكلام الموجع يهيج السخط. لسان الحكماء يحسن المعرفة وفم الجهال ينبع حماقة.""
أمثال,15,9,"الإصحاح الخامس عشر الآيات (1\'a12): ""الجواب اللين يصرف الغضب والكلام الموجع يهيج السخط. لسان الحكماء يحسن المعرفة وفم الجهال ينبع حماقة.""
أمثال,15,10,"الإصحاح الخامس عشر الآيات (1\'a12): ""الجواب اللين يصرف الغضب والكلام الموجع يهيج السخط. لسان الحكماء يحسن المعرفة وفم الجهال ينبع حماقة.""
أمثال,15,11,"الإصحاح الخامس عشر الآيات (1\'a12): ""الجواب اللين يصرف الغضب والكلام الموجع يهيج السخط. لسان الحكماء يحسن المعرفة وفم الجهال ينبع حماقة.""
أمثال,15,12,"الإصحاح الخامس عشر الآيات (1\'a12): ""الجواب اللين يصرف الغضب والكلام الموجع يهيج السخط. لسان الحكماء يحسن المعرفة وفم الجهال ينبع حماقة.""
أمثال,15,13,"الإصحاح الخامس عشر الآيات (1\'a12): ""الجواب اللين يصرف الغضب والكلام الموجع يهيج السخط. لسان الحكماء يحسن المعرفة وفم الجهال ينبع حماقة.""
أمثال,15,14,"الإصحاح الخامس عشر الآيات (1\'a12): ""الجواب اللين يصرف الغضب والكلام الموجع يهيج السخط. لسان الحكماء يحسن المعرفة وفم الجهال ينبع حماقة.""
أمثال,15,15,"الإصحاح الخامس عشر الآيات (1\'a12): ""الجواب اللين يصرف الغضب والكلام الموجع يهيج السخط. لسان الحكماء يحسن المعرفة وفم الجهال ينبع حماقة.""
أمثال,15,16,"الإصحاح الخامس عشر الآيات (1\'a12): ""الجواب اللين يصرف الغضب والكلام الموجع يهيج السخط. لسان الحكماء يحسن المعرفة وفم الجهال ينبع حماقة.""
أمثال,15,17,"الإصحاح الخامس عشر الآيات (1\'a12): ""الجواب اللين يصرف الغضب والكلام الموجع يهيج السخط. لسان الحكماء يحسن المعرفة وفم الجهال ينبع حماقة.""
أمثال,15,18,"الإصحاح الخامس عشر الآيات (1\'a12): ""الجواب اللين يصرف الغضب والكلام الموجع يهيج السخط. لسان الحكماء يحسن المعرفة وفم الجهال ينبع حماقة.""
أمثال,15,19,"الإصحاح الخامس عشر الآيات (1\'a12): ""الجواب اللين يصرف الغضب والكلام الموجع يهيج السخط. لسان الحكماء يحسن المعرفة وفم الجهال ينبع حماقة.""
أمثال,15,20,"الإصحاح الخامس عشر الآيات (1\'a12): ""الجواب اللين يصرف الغضب والكلام الموجع يهيج السخط. لسان الحكماء يحسن المعرفة وفم الجهال ينبع حماقة.""
أمثال,15,21,"الإصحاح الخامس عشر الآيات (1\'a12): ""الجواب اللين يصرف الغضب والكلام الموجع يهيج السخط. لسان الحكماء يحسن المعرفة وفم الجهال ينبع حماقة.""
أمثال,15,22,"الإصحاح الخامس عشر الآيات (1\'a12): ""الجواب اللين يصرف الغضب والكلام الموجع يهيج السخط. لسان الحكماء يحسن المعرفة وفم الجهال ينبع حماقة.""
أمثال,15,23,"الإصحاح الخامس عشر الآيات (1\'a12): ""الجواب اللين يصرف الغضب والكلام الموجع يهيج السخط. لسان الحكماء يحسن المعرفة وفم الجهال ينبع حماقة.""
أمثال,15,24,"الإصحاح الخامس عشر الآيات (1\'a12): ""الجواب اللين يصرف الغضب والكلام الموجع يهيج السخط. لسان الحكماء يحسن المعرفة وفم الجهال ينبع حماقة.""
أمثال,15,25,"الإصحاح الخامس عشر الآيات (1\'a12): ""الجواب اللين يصرف الغضب والكلام الموجع يهيج السخط. لسان الحكماء يحسن المعرفة وفم الجهال ينبع حماقة.""
أمثال,15,26,"الإصحاح الخامس عشر الآيات (1\'a12): ""الجواب اللين يصرف الغضب والكلام الموجع يهيج السخط. لسان الحكماء يحسن المعرفة وفم الجهال ينبع حماقة.""
أمثال,15,27,"الإصحاح الخامس عشر الآيات (1\'a12): ""الجواب اللين يصرف الغضب والكلام الموجع يهيج السخط. لسان الحكماء يحسن المعرفة وفم الجهال ينبع حماقة.""
أمثال,15,28,"الإصحاح الخامس عشر الآيات (1\'a12): ""الجواب اللين يصرف الغضب والكلام الموجع يهيج السخط. لسان الحكماء يحسن المعرفة وفم الجهال ينبع حماقة.""
أمثال,15,29,"الإصحاح الخامس عشر الآيات (1\'a12): ""الجواب اللين يصرف الغضب والكلام الموجع يهيج السخط. لسان الحكماء يحسن المعرفة وفم الجهال ينبع حماقة.""
أمثال,15,30,"الإصحاح الخامس عشر الآيات (1\'a12): ""الجواب اللين يصرف الغضب والكلام الموجع يهيج السخط. لسان الحكماء يحسن المعرفة وفم الجهال ينبع حماقة.""
أمثال,15,31,"الإصحاح الخامس عشر الآيات (1\'a12): ""الجواب اللين يصرف الغضب والكلام الموجع يهيج السخط. لسان الحكماء يحسن المعرفة وفم الجهال ينبع حماقة.""
أمثال,15,32,"الإصحاح الخامس عشر الآيات (1\'a12): ""الجواب اللين يصرف الغضب والكلام الموجع يهيج السخط. لسان الحكماء يحسن المعرفة وفم الجهال ينبع حماقة.""
أمثال,15,33,"الإصحاح الخامس عشر الآيات (1\'a12): ""الجواب اللين يصرف الغضب والكلام الموجع يهيج السخط. لسان الحكماء يحسن المعرفة وفم الجهال ينبع حماقة.""
أمثال,15,34,"الإصحاح الخامس عشر الآيات (1\'a12): ""الجواب اللين يصرف الغضب والكلام الموجع يهيج السخط. لسان الحكماء يحسن المعرفة وفم الجهال ينبع حماقة.""
أمثال,15,35,"الإصحاح الخامس عشر الآيات (1\'a12): ""الجواب اللين يصرف الغضب والكلام الموجع يهيج السخط. لسان الحكماء يحسن المعرفة وفم الجهال ينبع حماقة.""
أمثال,15,36,"الإصحاح الخامس عشر الآيات (1\'a12): ""الجواب اللين يصرف الغضب والكلام الموجع يهيج السخط. لسان الحكماء يحسن المعرفة وفم الجهال ينبع حماقة.""
أمثال,15,37,"الإصحاح الخامس عشر الآيات (1\'a12): ""الجواب اللين يصرف الغضب والكلام الموجع يهيج السخط. لسان الحكماء يحسن المعرفة وفم الجهال ينبع حماقة.""
أمثال,15,38,"الإصحاح الخامس عشر الآيات (1\'a12): ""الجواب اللين يصرف الغضب والكلام الموجع يهيج السخط. لسان الحكماء يحسن المعرفة وفم الجهال ينبع حماقة.""
أمثال,15,39,"الإصحاح الخامس عشر الآيات (1\'a12): ""الجواب اللين يصرف الغضب والكلام الموجع يهيج السخط. لسان الحكماء يحسن المعرفة وفم الجهال ينبع حماقة.""
أمثال,15,40,"الإصحاح الخامس عشر الآيات (1\'a12): ""الجواب اللين يصرف الغضب والكلام الموجع يهيج السخط. لسان الحكماء يحسن المعرفة وفم الجهال ينبع حماقة.""
أمثال,15,41,"الإصحاح الخامس عشر الآيات (1\'a12): ""الجواب اللين يصرف الغضب والكلام الموجع يهيج السخط. لسان الحكماء يحسن المعرفة وفم الجهال ينبع حماقة.""
أمثال,15,42,"الإصحاح الخامس عشر الآيات (1\'a12): ""الجواب اللين يصرف الغضب والكلام الموجع يهيج السخط. لسان الحكماء يحسن المعرفة وفم الجهال ينبع حماقة.""
أمثال,15,43,"الإصحاح الخامس عشر الآيات (1\'a12): ""الجواب اللين يصرف الغضب والكلام الموجع يهيج السخط. لسان الحكماء يحسن المعرفة وفم الجهال ينبع حماقة.""
أمثال,15,44,"الإصحاح الخامس عشر الآيات (1\'a12): ""الجواب اللين يصرف الغضب والكلام الموجع يهيج السخط. لسان الحكماء يحسن المعرفة وفم الجهال ينبع حماقة.""
أمثال,15,45,"الإصحاح الخامس عشر الآيات (1\'a12): ""الجواب اللين يصرف الغضب والكلام الموجع يهيج السخط. لسان الحكماء يحسن المعرفة وفم الجهال ينبع حماقة.""
أمثال,15,46,"الإصحاح الخامس عشر الآيات (1\'a12): ""الجواب اللين يصرف الغضب والكلام الموجع يهيج السخط. لسان الحكماء يحسن المعرفة وفم الجهال ينبع حماقة.""
أمثال,15,47,"الإصحاح الخامس عشر الآيات (1\'a12): ""الجواب اللين يصرف الغضب والكلام الموجع يهيج السخط. لسان الحكماء يحسن المعرفة وفم الجهال ينبع حماقة.""
أمثال,15,48,"الإصحاح الخامس عشر الآيات (1\'a12): ""الجواب اللين يصرف الغضب والكلام الموجع يهيج السخط. لسان الحكماء يحسن المعرفة وفم الجهال ينبع حماقة.""
أمثال,15,49,"الإصحاح الخامس عشر الآيات (1\'a12): ""الجواب اللين يصرف الغضب والكلام الموجع يهيج السخط. لسان الحكماء يحسن المعرفة وفم الجهال ينبع حماقة.""
أمثال,15,50,"الإصحاح الخامس عشر الآيات (1\'a12): ""الجواب اللين يصرف الغضب والكلام الموجع يهيج السخط. لسان الحكماء يحسن المعرفة وفم الجهال ينبع حماقة.""
أمثال,15,51,"الإصحاح الخامس عشر الآيات (1\'a12): ""الجواب اللين يصرف الغضب والكلام الموجع يهيج السخط. لسان الحكماء يحسن المعرفة وفم الجهال ينبع حماقة.""
أمثال,15,52,"الإصحاح الخامس عشر الآيات (1\'a12): ""الجواب اللين يصرف الغضب والكلام الموجع يهيج السخط. لسان الحكماء يحسن المعرفة وفم الجهال ينبع حماقة.""
أمثال,15,53,"الإصحاح الخامس عشر الآيات (1\'a12): ""الجواب اللين يصرف الغضب والكلام الموجع يهيج السخط. لسان الحكماء يحسن المعرفة وفم الجهال ينبع حماقة.""
أمثال,15,54,"الإصحاح الخامس عشر الآيات (1\'a12): ""الجواب اللين يصرف الغضب والكلام الموجع يهيج السخط. لسان الحكماء يحسن المعرفة وفم الجهال ينبع حماقة.""
أمثال,15,55,"الإصحاح الخامس عشر الآيات (1\'a12): ""الجواب اللين يصرف الغضب والكلام الموجع يهيج السخط. لسان الحكماء يحسن المعرفة وفم الجهال ينبع حماقة.""
أمثال,15,56,"الإصحاح الخامس عشر الآيات (1\'a12): ""الجواب اللين يصرف الغضب والكلام الموجع يهيج السخط. لسان الحكماء يحسن المعرفة وفم الجهال ينبع حماقة.""
أمثال,15,57,"الإصحاح الخامس عشر الآيات (1\'a12): ""الجواب اللين يصرف الغضب والكلام الموجع يهيج السخط. لسان الحكماء يحسن المعرفة وفم الجهال ينبع حماقة.""
أمثال,15,58,"الإصحاح الخامس عشر الآيات (1\'a12): ""الجواب اللين يصرف الغضب والكلام الموجع يهيج السخط. لسان الحكماء يحسن المعرفة وفم الجهال ينبع حماقة.""
أمثال,15,59,"الإصحاح الخامس عشر الآيات (1\'a12): ""الجواب اللين يصرف الغضب والكلام الموجع يهيج السخط. لسان الحكماء يحسن المعرفة وفم الجهال ينبع حماقة.""
أمثال,15,60,"الإصحاح الخامس عشر الآيات (1\'a12): ""الجواب اللين يصرف الغضب والكلام الموجع يهيج السخط. لسان الحكماء يحسن المعرفة وفم الجهال ينبع حماقة.""
أمثال,15,61,"الإصحاح الخامس عشر الآيات (1\'a12): ""الجواب اللين يصرف الغضب والكلام الموجع يهيج السخط. لسان الحكماء يحسن المعرفة وفم الجهال ينبع حماقة.""
أمثال,15,62,"الإصحاح الخامس عشر الآيات (1\'a12): ""الجواب اللين يصرف الغضب والكلام الموجع يهيج السخط. لسان الحكماء يحسن المعرفة وفم الجهال ينبع حماقة.""
أمثال,15,63,"الإصحاح الخامس عشر الآيات (1\'a12): ""الجواب اللين يصرف الغضب والكلام الموجع يهيج السخط. لسان الحكماء يحسن المعرفة وفم الجهال ينبع حماقة.""
أمثال,15,64,"الإصحاح الخامس عشر الآيات (1\'a12): ""الجواب اللين يصرف الغضب والكلام الموجع يهيج السخط. لسان الحكماء يحسن المعرفة وفم الجهال ينبع حماقة.""
أمثال,15,65,"الإصحاح الخامس عشر الآيات (1\'a12): ""الجواب اللين يصرف الغضب والكلام الموجع يهيج السخط. لسان الحكماء يحسن المعرفة وفم الجهال ينبع حماقة.""
أمثال,15,66,"الإصحاح الخامس عشر الآيات (1\'a12): ""الجواب اللين يصرف الغضب والكلام الموجع يهيج السخط. لسان الحكماء يحسن المعرفة وفم الجهال ينبع حماقة.""
أمثال,15,67,"الإصحاح الخامس عشر الآيات (1\'a12): ""الجواب اللين يصرف الغضب والكلام الموجع يهيج السخط. لسان الحكماء يحسن المعرفة وفم الجهال ينبع حماقة.""
أمثال,15,68,"الإصحاح الخامس عشر الآيات (1\'a12): ""الجواب اللين يصرف الغضب والكلام الموجع يهيج السخط. لسان الحكماء يحسن المعرفة وفم الجهال ينبع حماقة.""
أمثال,15,69,"الإصحاح الخامس عشر الآيات (1\'a12): ""الجواب اللين يصرف الغضب والكلام الموجع يهيج السخط. لسان الحكماء يحسن المعرفة وفم الجهال ينبع حماقة.""
أمثال,15,70,"الإصحاح الخامس عشر الآيات (1\'a12): ""الجواب اللين يصرف الغضب والكلام الموجع يهيج السخط. لسان الحكماء يحسن المعرفة وفم الجهال ينبع حماقة.""
أمثال,15,71,"الإصحاح الخامس عشر الآيات (1\'a12): ""الجواب اللين يصرف الغضب والكلام الموجع يهيج السخط. لسان الحكماء يحسن المعرفة وفم الجهال ينبع حماقة.""
أمثال,15,72,"الإصحاح الخامس عشر الآيات (1\'a12): ""الجواب اللين يصرف الغضب والكلام الموجع يهيج السخط. لسان الحكماء يحسن المعرفة وفم الجهال ينبع حماقة.""
أمثال,15,73,"الإصحاح الخامس عشر الآيات (1\'a12): ""الجواب اللين يصرف الغضب والكلام الموجع يهيج السخط. لسان الحكماء يحسن المعرفة وفم الجهال ينبع حماقة.""
أمثال,15,74,"الإصحاح الخامس عشر الآيات (1\'a12): ""الجواب اللين يصرف الغضب والكلام الموجع يهيج السخط. لسان الحكماء يحسن المعرفة وفم الجهال ينبع حماقة.""
أمثال,15,75,"الإصحاح الخامس عشر الآيات (1\'a12): ""الجواب اللين يصرف الغضب والكلام الموجع يهيج السخط. لسان الحكماء يحسن المعرفة وفم الجهال ينبع حماقة.""
أمثال,15,76,"الإصحاح الخامس عشر الآيات (1\'a12): ""الجواب اللين يصرف الغضب والكلام الموجع يهيج السخط. لسان الحكماء يحسن المعرفة وفم الجهال ينبع حماقة.""
أمثال,15,77,"الإصحاح الخامس عشر الآيات (1\'a12): ""الجواب اللين يصرف الغضب والكلام الموجع يهيج السخط. لسان الحكماء يحسن المعرفة وفم الجهال ينبع حماقة.""
أمثال,15,78,"الإصحاح الخامس عشر الآيات (1\'a12): ""الجواب اللين يصرف الغضب والكلام الموجع يهيج السخط. لسان الحكماء يحسن المعرفة وفم الجهال ينبع حماقة.""
أمثال,15,79,"الإصحاح الخامس عشر الآيات (1\'a12): ""الجواب اللين يصرف الغضب والكلام الموجع يهيج السخط. لسان الحكماء يحسن المعرفة وفم الجهال ينبع حماقة.""
أمثال,15,80,"الإصحاح الخامس عشر الآيات (1\'a12): ""الجواب اللين يصرف الغضب والكلام الموجع يهيج السخط. لسان الحكماء يحسن المعرفة وفم الجهال ينبع حماقة.""
أمثال,15,81,"الإصحاح الخامس عشر الآيات (1\'a12): ""الجواب اللين يصرف الغضب والكلام الموجع يهيج السخط. لسان الحكماء يحسن المعرفة وفم الجهال ينبع حماقة.""
أمثال,15,82,"الإصحاح الخامس عشر الآيات (1\'a12): ""الجواب اللين يصرف الغضب والكلام الموجع يهيج السخط. لسان الحكماء يحسن المعرفة وفم الجهال ينبع حماقة.""
أمثال,15,83,"الإصحاح الخامس عشر الآيات (1\'a12): ""الجواب اللين يصرف الغضب والكلام الموجع يهيج السخط. لسان الحكماء يحسن المعرفة وفم الجهال ينبع حماقة.""
أمثال,15,84,"الإصحاح الخامس عشر الآيات (1\'a12): ""الجواب اللين يصرف الغضب والكلام الموجع يهيج السخط. لسان الحكماء يحسن المعرفة وفم الجهال ينبع حماقة.""
أمثال,15,85,"الإصحاح الخامس عشر الآيات (1\'a12): ""الجواب اللين يصرف الغضب والكلام الموجع يهيج السخط. لسان الحكماء يحسن المعرفة وفم الجهال ينبع حماقة.""
أمثال,15,86,"الإصحاح الخامس عشر الآيات (1\'a12): ""الجواب اللين يصرف الغضب والكلام الموجع يهيج السخط. لسان الحكماء يحسن المعرفة وفم الجهال ينبع حماقة.""
أمثال,15,87,"الإصحاح الخامس عشر الآيات (1\'a12): ""الجواب اللين يصرف الغضب والكلام الموجع يهيج السخط. لسان الحكماء يحسن المعرفة وفم الجهال ينبع حماقة.""
أمثال,15,88,"الإصحاح الخامس عشر الآيات (1\'a12): ""الجواب اللين يصرف الغضب والكلام الموجع يهيج السخط. لسان الحكماء يحسن المعرفة وفم الجهال ينبع حماقة.""
أمثال,15,89,"الإصحاح الخامس عشر الآيات (1\'a12): ""الجواب اللين يصرف الغضب والكلام الموجع يهيج السخط. لسان الحكماء يحسن المعرفة وفم الجهال ينبع حماقة.""
أمثال,15,90,"الإصحاح الخامس عشر الآيات (1\'a12): ""الجواب اللين يصرف الغضب والكلام الموجع يهيج السخط. لسان الحكماء يحسن المعرفة وفم الجهال ينبع حماقة.""
أمثال,15,91,"الإصحاح الخامس عشر الآيات (1\'a12): ""الجواب اللين يصرف الغضب والكلام الموجع يهيج السخط. لسان الحكماء يحسن المعرفة وفم الجهال ينبع حماقة.""
أمثال,15,92,"الإصحاح الخامس عشر الآيات (1\'a12): ""الجواب اللين يصرف الغضب والكلام الموجع يهيج السخط. لسان الحكماء يحسن المعرفة وفم الجهال ينبع حماقة.""
أمثال,15,93,"الإصحاح الخامس عشر الآيات (1\'a12): ""الجواب اللين يصرف الغضب والكلام الموجع يهيج السخط. لسان الحكماء يحسن المعرفة وفم الجهال ينبع حماقة.""
أمثال,15,94,"الإصحاح الخامس عشر الآيات (1\'a12): ""الجواب اللين يصرف الغضب والكلام الموجع يهيج السخط. لسان الحكماء يحسن المعرفة وفم الجهال ينبع حماقة.""
أمثال,15,95,"الإصحاح الخامس عشر الآيات (1\'a12): ""الجواب اللين يصرف الغضب والكلام الموجع يهيج السخط. لسان الحكماء يحسن المعرفة وفم الجهال ينبع حماقة.""
أمثال,15,96,"الإصحاح الخامس عشر الآيات (1\'a12): ""الجواب اللين يصرف الغضب والكلام الموجع يهيج السخط. لسان الحكماء يحسن المعرفة وفم الجهال ينبع حماقة.""
أمثال,15,97,"الإصحاح الخامس عشر الآيات (1\'a12): ""الجواب اللين يصرف الغضب والكلام الموجع يهيج السخط. لسان الحكماء يحسن المعرفة وفم الجهال ينبع حماقة.""
أمثال,15,98,"الإصحاح الخامس عشر الآيات (1\'a12): ""الجواب اللين يصرف الغضب والكلام الموجع يهيج السخط. لسان الحكماء يحسن المعرفة وفم الجهال ينبع حماقة.""
أمثال,15,99,"الإصحاح الخامس عشر الآيات (1\'a12): ""الجواب اللين يصرف الغضب والكلام الموجع يهيج السخط. لسان الحكماء يحسن المعرفة وفم الجهال ينبع حماقة.""
أمثال,16,1,"الإصحاح السادس عشر آية (1): ""للإنسان تدابير القلب ومن الرب جواب اللسان.""
أمثال,16,2,"الإصحاح السادس عشر آية (1): ""للإنسان تدابير القلب ومن الرب جواب اللسان.""
أمثال,16,3,"الإصحاح السادس عشر آية (1): ""للإنسان تدابير القلب ومن الرب جواب اللسان.""
أمثال,16,4,"الإصحاح السادس عشر آية (1): ""للإنسان تدابير القلب ومن الرب جواب اللسان.""
أمثال,16,5,"الإصحاح السادس عشر آية (1): ""للإنسان تدابير القلب ومن الرب جواب اللسان.""
أمثال,16,6,"الإصحاح السادس عشر آية (1): ""للإنسان تدابير القلب ومن الرب جواب اللسان.""
أمثال,16,7,"الإصحاح السادس عشر آية (1): ""للإنسان تدابير القلب ومن الرب جواب اللسان.""
أمثال,16,8,"الإصحاح السادس عشر آية (1): ""للإنسان تدابير القلب ومن الرب جواب اللسان.""
أمثال,16,9,"الإصحاح السادس عشر آية (1): ""للإنسان تدابير القلب ومن الرب جواب اللسان.""
أمثال,16,10,"الإصحاح السادس عشر آية (1): ""للإنسان تدابير القلب ومن الرب جواب اللسان.""
أمثال,16,11,"الإصحاح السادس عشر آية (1): ""للإنسان تدابير القلب ومن الرب جواب اللسان.""
أمثال,16,12,"الإصحاح السادس عشر آية (1): ""للإنسان تدابير القلب ومن الرب جواب اللسان.""
أمثال,16,13,"الإصحاح السادس عشر آية (1): ""للإنسان تدابير القلب ومن الرب جواب اللسان.""
أمثال,16,14,"الإصحاح السادس عشر آية (1): ""للإنسان تدابير القلب ومن الرب جواب اللسان.""
أمثال,16,15,"الإصحاح السادس عشر آية (1): ""للإنسان تدابير القلب ومن الرب جواب اللسان.""
أمثال,16,16,"الإصحاح السادس عشر آية (1): ""للإنسان تدابير القلب ومن الرب جواب اللسان.""
أمثال,16,17,"الإصحاح السادس عشر آية (1): ""للإنسان تدابير القلب ومن الرب جواب اللسان.""
أمثال,16,18,"الإصحاح السادس عشر آية (1): ""للإنسان تدابير القلب ومن الرب جواب اللسان.""
أمثال,16,19,"الإصحاح السادس عشر آية (1): ""للإنسان تدابير القلب ومن الرب جواب اللسان.""
أمثال,16,20,"الإصحاح السادس عشر آية (1): ""للإنسان تدابير القلب ومن الرب جواب اللسان.""
أمثال,16,21,"الإصحاح السادس عشر آية (1): ""للإنسان تدابير القلب ومن الرب جواب اللسان.""
أمثال,16,22,"الإصحاح السادس عشر آية (1): ""للإنسان تدابير القلب ومن الرب جواب اللسان.""
أمثال,16,23,"الإصحاح السادس عشر آية (1): ""للإنسان تدابير القلب ومن الرب جواب اللسان.""
أمثال,16,24,"الإصحاح السادس عشر آية (1): ""للإنسان تدابير القلب ومن الرب جواب اللسان.""
أمثال,16,25,"الإصحاح السادس عشر آية (1): ""للإنسان تدابير القلب ومن الرب جواب اللسان.""
أمثال,16,26,"الإصحاح السادس عشر آية (1): ""للإنسان تدابير القلب ومن الرب جواب اللسان.""
أمثال,16,27,"الإصحاح السادس عشر آية (1): ""للإنسان تدابير القلب ومن الرب جواب اللسان.""
أمثال,16,28,"الإصحاح السادس عشر آية (1): ""للإنسان تدابير القلب ومن الرب جواب اللسان.""
أمثال,16,29,"الإصحاح السادس عشر آية (1): ""للإنسان تدابير القلب ومن الرب جواب اللسان.""
أمثال,16,30,"الإصحاح السادس عشر آية (1): ""للإنسان تدابير القلب ومن الرب جواب اللسان.""
أمثال,16,31,"الإصحاح السادس عشر آية (1): ""للإنسان تدابير القلب ومن الرب جواب اللسان.""
أمثال,16,32,"الإصحاح السادس عشر آية (1): ""للإنسان تدابير القلب ومن الرب جواب اللسان.""
أمثال,16,33,"الإصحاح السادس عشر آية (1): ""للإنسان تدابير القلب ومن الرب جواب اللسان.""
أمثال,16,34,"الإصحاح السادس عشر آية (1): ""للإنسان تدابير القلب ومن الرب جواب اللسان.""
أمثال,16,35,"الإصحاح السادس عشر آية (1): ""للإنسان تدابير القلب ومن الرب جواب اللسان.""
أمثال,16,36,"الإصحاح السادس عشر آية (1): ""للإنسان تدابير القلب ومن الرب جواب اللسان.""
أمثال,16,37,"الإصحاح السادس عشر آية (1): ""للإنسان تدابير القلب ومن الرب جواب اللسان.""
أمثال,16,38,"الإصحاح السادس عشر آية (1): ""للإنسان تدابير القلب ومن الرب جواب اللسان.""
أمثال,16,39,"الإصحاح السادس عشر آية (1): ""للإنسان تدابير القلب ومن الرب جواب اللسان.""
أمثال,16,40,"الإصحاح السادس عشر آية (1): ""للإنسان تدابير القلب ومن الرب جواب اللسان.""
أمثال,16,41,"الإصحاح السادس عشر آية (1): ""للإنسان تدابير القلب ومن الرب جواب اللسان.""
أمثال,16,42,"الإصحاح السادس عشر آية (1): ""للإنسان تدابير القلب ومن الرب جواب اللسان.""
أمثال,16,43,"الإصحاح السادس عشر آية (1): ""للإنسان تدابير القلب ومن الرب جواب اللسان.""
أمثال,16,44,"الإصحاح السادس عشر آية (1): ""للإنسان تدابير القلب ومن الرب جواب اللسان.""
أمثال,16,45,"الإصحاح السادس عشر آية (1): ""للإنسان تدابير القلب ومن الرب جواب اللسان.""
أمثال,16,46,"الإصحاح السادس عشر آية (1): ""للإنسان تدابير القلب ومن الرب جواب اللسان.""
أمثال,16,47,"الإصحاح السادس عشر آية (1): ""للإنسان تدابير القلب ومن الرب جواب اللسان.""
أمثال,16,48,"الإصحاح السادس عشر آية (1): ""للإنسان تدابير القلب ومن الرب جواب اللسان.""
أمثال,16,49,"الإصحاح السادس عشر آية (1): ""للإنسان تدابير القلب ومن الرب جواب اللسان.""
أمثال,16,50,"الإصحاح السادس عشر آية (1): ""للإنسان تدابير القلب ومن الرب جواب اللسان.""
أمثال,16,51,"الإصحاح السادس عشر آية (1): ""للإنسان تدابير القلب ومن الرب جواب اللسان.""
أمثال,16,52,"الإصحاح السادس عشر آية (1): ""للإنسان تدابير القلب ومن الرب جواب اللسان.""
أمثال,16,53,"الإصحاح السادس عشر آية (1): ""للإنسان تدابير القلب ومن الرب جواب اللسان.""
أمثال,16,54,"الإصحاح السادس عشر آية (1): ""للإنسان تدابير القلب ومن الرب جواب اللسان.""
أمثال,16,55,"الإصحاح السادس عشر آية (1): ""للإنسان تدابير القلب ومن الرب جواب اللسان.""
أمثال,16,56,"الإصحاح السادس عشر آية (1): ""للإنسان تدابير القلب ومن الرب جواب اللسان.""
أمثال,16,57,"الإصحاح السادس عشر آية (1): ""للإنسان تدابير القلب ومن الرب جواب اللسان.""
أمثال,16,58,"الإصحاح السادس عشر آية (1): ""للإنسان تدابير القلب ومن الرب جواب اللسان.""
أمثال,16,59,"الإصحاح السادس عشر آية (1): ""للإنسان تدابير القلب ومن الرب جواب اللسان.""
أمثال,16,60,"الإصحاح السادس عشر آية (1): ""للإنسان تدابير القلب ومن الرب جواب اللسان.""
أمثال,16,61,"الإصحاح السادس عشر آية (1): ""للإنسان تدابير القلب ومن الرب جواب اللسان.""
أمثال,16,62,"الإصحاح السادس عشر آية (1): ""للإنسان تدابير القلب ومن الرب جواب اللسان.""
أمثال,16,63,"الإصحاح السادس عشر آية (1): ""للإنسان تدابير القلب ومن الرب جواب اللسان.""
أمثال,16,64,"الإصحاح السادس عشر آية (1): ""للإنسان تدابير القلب ومن الرب جواب اللسان.""
أمثال,16,65,"الإصحاح السادس عشر آية (1): ""للإنسان تدابير القلب ومن الرب جواب اللسان.""
أمثال,16,66,"الإصحاح السادس عشر آية (1): ""للإنسان تدابير القلب ومن الرب جواب اللسان.""
أمثال,16,67,"الإصحاح السادس عشر آية (1): ""للإنسان تدابير القلب ومن الرب جواب اللسان.""
أمثال,16,68,"الإصحاح السادس عشر آية (1): ""للإنسان تدابير القلب ومن الرب جواب اللسان.""
أمثال,16,69,"الإصحاح السادس عشر آية (1): ""للإنسان تدابير القلب ومن الرب جواب اللسان.""
أمثال,16,70,"الإصحاح السادس عشر آية (1): ""للإنسان تدابير القلب ومن الرب جواب اللسان.""
أمثال,16,71,"الإصحاح السادس عشر آية (1): ""للإنسان تدابير القلب ومن الرب جواب اللسان.""
أمثال,16,72,"الإصحاح السادس عشر آية (1): ""للإنسان تدابير القلب ومن الرب جواب اللسان.""
أمثال,16,73,"الإصحاح السادس عشر آية (1): ""للإنسان تدابير القلب ومن الرب جواب اللسان.""
أمثال,16,74,"الإصحاح السادس عشر آية (1): ""للإنسان تدابير القلب ومن الرب جواب اللسان.""
أمثال,16,75,"الإصحاح السادس عشر آية (1): ""للإنسان تدابير القلب ومن الرب جواب اللسان.""
أمثال,16,76,"الإصحاح السادس عشر آية (1): ""للإنسان تدابير القلب ومن الرب جواب اللسان.""
أمثال,16,77,"الإصحاح السادس عشر آية (1): ""للإنسان تدابير القلب ومن الرب جواب اللسان.""
أمثال,16,78,"الإصحاح السادس عشر آية (1): ""للإنسان تدابير القلب ومن الرب جواب اللسان.""
أمثال,16,79,"الإصحاح السادس عشر آية (1): ""للإنسان تدابير القلب ومن الرب جواب اللسان.""
أمثال,16,80,"الإصحاح السادس عشر آية (1): ""للإنسان تدابير القلب ومن الرب جواب اللسان.""
أمثال,16,81,"الإصحاح السادس عشر آية (1): ""للإنسان تدابير القلب ومن الرب جواب اللسان.""
أمثال,16,82,"الإصحاح السادس عشر آية (1): ""للإنسان تدابير القلب ومن الرب جواب اللسان.""
أمثال,16,83,"الإصحاح السادس عشر آية (1): ""للإنسان تدابير القلب ومن الرب جواب اللسان.""
أمثال,16,84,"الإصحاح السادس عشر آية (1): ""للإنسان تدابير القلب ومن الرب جواب اللسان.""
أمثال,16,85,"الإصحاح السادس عشر آية (1): ""للإنسان تدابير القلب ومن الرب جواب اللسان.""
أمثال,16,86,"الإصحاح السادس عشر آية (1): ""للإنسان تدابير القلب ومن الرب جواب اللسان.""
أمثال,16,87,"الإصحاح السادس عشر آية (1): ""للإنسان تدابير القلب ومن الرب جواب اللسان.""
أمثال,16,88,"الإصحاح السادس عشر آية (1): ""للإنسان تدابير القلب ومن الرب جواب اللسان.""
أمثال,16,89,"الإصحاح السادس عشر آية (1): ""للإنسان تدابير القلب ومن الرب جواب اللسان.""
أمثال,16,90,"الإصحاح السادس عشر آية (1): ""للإنسان تدابير القلب ومن الرب جواب اللسان.""
أمثال,16,91,"الإصحاح السادس عشر آية (1): ""للإنسان تدابير القلب ومن الرب جواب اللسان.""
أمثال,16,92,"الإصحاح السادس عشر آية (1): ""للإنسان تدابير القلب ومن الرب جواب اللسان.""
أمثال,16,93,"الإصحاح السادس عشر آية (1): ""للإنسان تدابير القلب ومن الرب جواب اللسان.""
أمثال,16,94,"الإصحاح السادس عشر آية (1): ""للإنسان تدابير القلب ومن الرب جواب اللسان.""
أمثال,16,95,"الإصحاح السادس عشر آية (1): ""للإنسان تدابير القلب ومن الرب جواب اللسان.""
أمثال,16,96,"الإصحاح السادس عشر آية (1): ""للإنسان تدابير القلب ومن الرب جواب اللسان.""
أمثال,16,97,"الإصحاح السادس عشر آية (1): ""للإنسان تدابير القلب ومن الرب جواب اللسان.""
أمثال,16,98,"الإصحاح السادس عشر آية (1): ""للإنسان تدابير القلب ومن الرب جواب اللسان.""
أمثال,16,99,"الإصحاح السادس عشر آية (1): ""للإنسان تدابير القلب ومن الرب جواب اللسان.""
أمثال,17,1,"الإصحاح السابع عشر آية (1): ""لقمة يابسة ومعها سلامة خير من بيت ملآن ذبائح مع خصام.""
أمثال,17,2,"الإصحاح السابع عشر آية (1): ""لقمة يابسة ومعها سلامة خير من بيت ملآن ذبائح مع خصام.""
أمثال,17,3,"الإصحاح السابع عشر آية (1): ""لقمة يابسة ومعها سلامة خير من بيت ملآن ذبائح مع خصام.""
أمثال,17,4,"الإصحاح السابع عشر آية (1): ""لقمة يابسة ومعها سلامة خير من بيت ملآن ذبائح مع خصام.""
أمثال,17,5,"الإصحاح السابع عشر آية (1): ""لقمة يابسة ومعها سلامة خير من بيت ملآن ذبائح مع خصام.""
أمثال,17,6,"الإصحاح السابع عشر آية (1): ""لقمة يابسة ومعها سلامة خير من بيت ملآن ذبائح مع خصام.""
أمثال,17,7,"الإصحاح السابع عشر آية (1): ""لقمة يابسة ومعها سلامة خير من بيت ملآن ذبائح مع خصام.""
أمثال,17,8,"الإصحاح السابع عشر آية (1): ""لقمة يابسة ومعها سلامة خير من بيت ملآن ذبائح مع خصام.""
أمثال,17,9,"الإصحاح السابع عشر آية (1): ""لقمة يابسة ومعها سلامة خير من بيت ملآن ذبائح مع خصام.""
أمثال,17,10,"الإصحاح السابع عشر آية (1): ""لقمة يابسة ومعها سلامة خير من بيت ملآن ذبائح مع خصام.""
أمثال,17,11,"الإصحاح السابع عشر آية (1): ""لقمة يابسة ومعها سلامة خير من بيت ملآن ذبائح مع خصام.""
أمثال,17,12,"الإصحاح السابع عشر آية (1): ""لقمة يابسة ومعها سلامة خير من بيت ملآن ذبائح مع خصام.""
أمثال,17,13,"الإصحاح السابع عشر آية (1): ""لقمة يابسة ومعها سلامة خير من بيت ملآن ذبائح مع خصام.""
أمثال,17,14,"الإصحاح السابع عشر آية (1): ""لقمة يابسة ومعها سلامة خير من بيت ملآن ذبائح مع خصام.""
أمثال,17,15,"الإصحاح السابع عشر آية (1): ""لقمة يابسة ومعها سلامة خير من بيت ملآن ذبائح مع خصام.""
أمثال,17,16,"الإصحاح السابع عشر آية (1): ""لقمة يابسة ومعها سلامة خير من بيت ملآن ذبائح مع خصام.""
أمثال,17,17,"الإصحاح السابع عشر آية (1): ""لقمة يابسة ومعها سلامة خير من بيت ملآن ذبائح مع خصام.""
أمثال,17,18,"الإصحاح السابع عشر آية (1): ""لقمة يابسة ومعها سلامة خير من بيت ملآن ذبائح مع خصام.""
أمثال,17,19,"الإصحاح السابع عشر آية (1): ""لقمة يابسة ومعها سلامة خير من بيت ملآن ذبائح مع خصام.""
أمثال,17,20,"الإصحاح السابع عشر آية (1): ""لقمة يابسة ومعها سلامة خير من بيت ملآن ذبائح مع خصام.""
أمثال,17,21,"الإصحاح السابع عشر آية (1): ""لقمة يابسة ومعها سلامة خير من بيت ملآن ذبائح مع خصام.""
أمثال,17,22,"الإصحاح السابع عشر آية (1): ""لقمة يابسة ومعها سلامة خير من بيت ملآن ذبائح مع خصام.""
أمثال,17,23,"الإصحاح السابع عشر آية (1): ""لقمة يابسة ومعها سلامة خير من بيت ملآن ذبائح مع خصام.""
أمثال,17,24,"الإصحاح السابع عشر آية (1): ""لقمة يابسة ومعها سلامة خير من بيت ملآن ذبائح مع خصام.""
أمثال,17,25,"الإصحاح السابع عشر آية (1): ""لقمة يابسة ومعها سلامة خير من بيت ملآن ذبائح مع خصام.""
أمثال,17,26,"الإصحاح السابع عشر آية (1): ""لقمة يابسة ومعها سلامة خير من بيت ملآن ذبائح مع خصام.""
أمثال,17,27,"الإصحاح السابع عشر آية (1): ""لقمة يابسة ومعها سلامة خير من بيت ملآن ذبائح مع خصام.""
أمثال,17,28,"الإصحاح السابع عشر آية (1): ""لقمة يابسة ومعها سلامة خير من بيت ملآن ذبائح مع خصام.""
أمثال,17,29,"الإصحاح السابع عشر آية (1): ""لقمة يابسة ومعها سلامة خير من بيت ملآن ذبائح مع خصام.""
أمثال,17,30,"الإصحاح السابع عشر آية (1): ""لقمة يابسة ومعها سلامة خير من بيت ملآن ذبائح مع خصام.""
أمثال,17,31,"الإصحاح السابع عشر آية (1): ""لقمة يابسة ومعها سلامة خير من بيت ملآن ذبائح مع خصام.""
أمثال,17,32,"الإصحاح السابع عشر آية (1): ""لقمة يابسة ومعها سلامة خير من بيت ملآن ذبائح مع خصام.""
أمثال,17,33,"الإصحاح السابع عشر آية (1): ""لقمة يابسة ومعها سلامة خير من بيت ملآن ذبائح مع خصام.""
أمثال,17,34,"الإصحاح السابع عشر آية (1): ""لقمة يابسة ومعها سلامة خير من بيت ملآن ذبائح مع خصام.""
أمثال,17,35,"الإصحاح السابع عشر آية (1): ""لقمة يابسة ومعها سلامة خير من بيت ملآن ذبائح مع خصام.""
أمثال,17,36,"الإصحاح السابع عشر آية (1): ""لقمة يابسة ومعها سلامة خير من بيت ملآن ذبائح مع خصام.""
أمثال,17,37,"الإصحاح السابع عشر آية (1): ""لقمة يابسة ومعها سلامة خير من بيت ملآن ذبائح مع خصام.""
أمثال,17,38,"الإصحاح السابع عشر آية (1): ""لقمة يابسة ومعها سلامة خير من بيت ملآن ذبائح مع خصام.""
أمثال,17,39,"الإصحاح السابع عشر آية (1): ""لقمة يابسة ومعها سلامة خير من بيت ملآن ذبائح مع خصام.""
أمثال,17,40,"الإصحاح السابع عشر آية (1): ""لقمة يابسة ومعها سلامة خير من بيت ملآن ذبائح مع خصام.""
أمثال,17,41,"الإصحاح السابع عشر آية (1): ""لقمة يابسة ومعها سلامة خير من بيت ملآن ذبائح مع خصام.""
أمثال,17,42,"الإصحاح السابع عشر آية (1): ""لقمة يابسة ومعها سلامة خير من بيت ملآن ذبائح مع خصام.""
أمثال,17,43,"الإصحاح السابع عشر آية (1): ""لقمة يابسة ومعها سلامة خير من بيت ملآن ذبائح مع خصام.""
أمثال,17,44,"الإصحاح السابع عشر آية (1): ""لقمة يابسة ومعها سلامة خير من بيت ملآن ذبائح مع خصام.""
أمثال,17,45,"الإصحاح السابع عشر آية (1): ""لقمة يابسة ومعها سلامة خير من بيت ملآن ذبائح مع خصام.""
أمثال,17,46,"الإصحاح السابع عشر آية (1): ""لقمة يابسة ومعها سلامة خير من بيت ملآن ذبائح مع خصام.""
أمثال,17,47,"الإصحاح السابع عشر آية (1): ""لقمة يابسة ومعها سلامة خير من بيت ملآن ذبائح مع خصام.""
أمثال,17,48,"الإصحاح السابع عشر آية (1): ""لقمة يابسة ومعها سلامة خير من بيت ملآن ذبائح مع خصام.""
أمثال,17,49,"الإصحاح السابع عشر آية (1): ""لقمة يابسة ومعها سلامة خير من بيت ملآن ذبائح مع خصام.""
أمثال,17,50,"الإصحاح السابع عشر آية (1): ""لقمة يابسة ومعها سلامة خير من بيت ملآن ذبائح مع خصام.""
أمثال,17,51,"الإصحاح السابع عشر آية (1): ""لقمة يابسة ومعها سلامة خير من بيت ملآن ذبائح مع خصام.""
أمثال,17,52,"الإصحاح السابع عشر آية (1): ""لقمة يابسة ومعها سلامة خير من بيت ملآن ذبائح مع خصام.""
أمثال,17,53,"الإصحاح السابع عشر آية (1): ""لقمة يابسة ومعها سلامة خير من بيت ملآن ذبائح مع خصام.""
أمثال,17,54,"الإصحاح السابع عشر آية (1): ""لقمة يابسة ومعها سلامة خير من بيت ملآن ذبائح مع خصام.""
أمثال,17,55,"الإصحاح السابع عشر آية (1): ""لقمة يابسة ومعها سلامة خير من بيت ملآن ذبائح مع خصام.""
أمثال,17,56,"الإصحاح السابع عشر آية (1): ""لقمة يابسة ومعها سلامة خير من بيت ملآن ذبائح مع خصام.""
أمثال,17,57,"الإصحاح السابع عشر آية (1): ""لقمة يابسة ومعها سلامة خير من بيت ملآن ذبائح مع خصام.""
أمثال,17,58,"الإصحاح السابع عشر آية (1): ""لقمة يابسة ومعها سلامة خير من بيت ملآن ذبائح مع خصام.""
أمثال,17,59,"الإصحاح السابع عشر آية (1): ""لقمة يابسة ومعها سلامة خير من بيت ملآن ذبائح مع خصام.""
أمثال,17,60,"الإصحاح السابع عشر آية (1): ""لقمة يابسة ومعها سلامة خير من بيت ملآن ذبائح مع خصام.""
أمثال,17,61,"الإصحاح السابع عشر آية (1): ""لقمة يابسة ومعها سلامة خير من بيت ملآن ذبائح مع خصام.""
أمثال,17,62,"الإصحاح السابع عشر آية (1): ""لقمة يابسة ومعها سلامة خير من بيت ملآن ذبائح مع خصام.""
أمثال,17,63,"الإصحاح السابع عشر آية (1): ""لقمة يابسة ومعها سلامة خير من بيت ملآن ذبائح مع خصام.""
أمثال,17,64,"الإصحاح السابع عشر آية (1): ""لقمة يابسة ومعها سلامة خير من بيت ملآن ذبائح مع خصام.""
أمثال,17,65,"الإصحاح السابع عشر آية (1): ""لقمة يابسة ومعها سلامة خير من بيت ملآن ذبائح مع خصام.""
أمثال,17,66,"الإصحاح السابع عشر آية (1): ""لقمة يابسة ومعها سلامة خير من بيت ملآن ذبائح مع خصام.""
أمثال,17,67,"الإصحاح السابع عشر آية (1): ""لقمة يابسة ومعها سلامة خير من بيت ملآن ذبائح مع خصام.""
أمثال,17,68,"الإصحاح السابع عشر آية (1): ""لقمة يابسة ومعها سلامة خير من بيت ملآن ذبائح مع خصام.""
أمثال,17,69,"الإصحاح السابع عشر آية (1): ""لقمة يابسة ومعها سلامة خير من بيت ملآن ذبائح مع خصام.""
أمثال,17,70,"الإصحاح السابع عشر آية (1): ""لقمة يابسة ومعها سلامة خير من بيت ملآن ذبائح مع خصام.""
أمثال,17,71,"الإصحاح السابع عشر آية (1): ""لقمة يابسة ومعها سلامة خير من بيت ملآن ذبائح مع خصام.""
أمثال,17,72,"الإصحاح السابع عشر آية (1): ""لقمة يابسة ومعها سلامة خير من بيت ملآن ذبائح مع خصام.""
أمثال,17,73,"الإصحاح السابع عشر آية (1): ""لقمة يابسة ومعها سلامة خير من بيت ملآن ذبائح مع خصام.""
أمثال,17,74,"الإصحاح السابع عشر آية (1): ""لقمة يابسة ومعها سلامة خير من بيت ملآن ذبائح مع خصام.""
أمثال,17,75,"الإصحاح السابع عشر آية (1): ""لقمة يابسة ومعها سلامة خير من بيت ملآن ذبائح مع خصام.""
أمثال,17,76,"الإصحاح السابع عشر آية (1): ""لقمة يابسة ومعها سلامة خير من بيت ملآن ذبائح مع خصام.""
أمثال,17,77,"الإصحاح السابع عشر آية (1): ""لقمة يابسة ومعها سلامة خير من بيت ملآن ذبائح مع خصام.""
أمثال,17,78,"الإصحاح السابع عشر آية (1): ""لقمة يابسة ومعها سلامة خير من بيت ملآن ذبائح مع خصام.""
أمثال,17,79,"الإصحاح السابع عشر آية (1): ""لقمة يابسة ومعها سلامة خير من بيت ملآن ذبائح مع خصام.""
أمثال,17,80,"الإصحاح السابع عشر آية (1): ""لقمة يابسة ومعها سلامة خير من بيت ملآن ذبائح مع خصام.""
أمثال,17,81,"الإصحاح السابع عشر آية (1): ""لقمة يابسة ومعها سلامة خير من بيت ملآن ذبائح مع خصام.""
أمثال,17,82,"الإصحاح السابع عشر آية (1): ""لقمة يابسة ومعها سلامة خير من بيت ملآن ذبائح مع خصام.""
أمثال,17,83,"الإصحاح السابع عشر آية (1): ""لقمة يابسة ومعها سلامة خير من بيت ملآن ذبائح مع خصام.""
أمثال,17,84,"الإصحاح السابع عشر آية (1): ""لقمة يابسة ومعها سلامة خير من بيت ملآن ذبائح مع خصام.""
أمثال,17,85,"الإصحاح السابع عشر آية (1): ""لقمة يابسة ومعها سلامة خير من بيت ملآن ذبائح مع خصام.""
أمثال,17,86,"الإصحاح السابع عشر آية (1): ""لقمة يابسة ومعها سلامة خير من بيت ملآن ذبائح مع خصام.""
أمثال,17,87,"الإصحاح السابع عشر آية (1): ""لقمة يابسة ومعها سلامة خير من بيت ملآن ذبائح مع خصام.""
أمثال,17,88,"الإصحاح السابع عشر آية (1): ""لقمة يابسة ومعها سلامة خير من بيت ملآن ذبائح مع خصام.""
أمثال,17,89,"الإصحاح السابع عشر آية (1): ""لقمة يابسة ومعها سلامة خير من بيت ملآن ذبائح مع خصام.""
أمثال,17,90,"الإصحاح السابع عشر آية (1): ""لقمة يابسة ومعها سلامة خير من بيت ملآن ذبائح مع خصام.""
أمثال,17,91,"الإصحاح السابع عشر آية (1): ""لقمة يابسة ومعها سلامة خير من بيت ملآن ذبائح مع خصام.""
أمثال,17,92,"الإصحاح السابع عشر آية (1): ""لقمة يابسة ومعها سلامة خير من بيت ملآن ذبائح مع خصام.""
أمثال,17,93,"الإصحاح السابع عشر آية (1): ""لقمة يابسة ومعها سلامة خير من بيت ملآن ذبائح مع خصام.""
أمثال,17,94,"الإصحاح السابع عشر آية (1): ""لقمة يابسة ومعها سلامة خير من بيت ملآن ذبائح مع خصام.""
أمثال,17,95,"الإصحاح السابع عشر آية (1): ""لقمة يابسة ومعها سلامة خير من بيت ملآن ذبائح مع خصام.""
أمثال,17,96,"الإصحاح السابع عشر آية (1): ""لقمة يابسة ومعها سلامة خير من بيت ملآن ذبائح مع خصام.""
أمثال,17,97,"الإصحاح السابع عشر آية (1): ""لقمة يابسة ومعها سلامة خير من بيت ملآن ذبائح مع خصام.""
أمثال,17,98,"الإصحاح السابع عشر آية (1): ""لقمة يابسة ومعها سلامة خير من بيت ملآن ذبائح مع خصام.""
أمثال,17,99,"الإصحاح السابع عشر آية (1): ""لقمة يابسة ومعها سلامة خير من بيت ملآن ذبائح مع خصام.""
أمثال,18,1,"الإصحاح الثامن عشر آية (1): ""المعتزل يطلب شهوته بكل مشورة يغتاظ.""
أمثال,18,2,"الإصحاح الثامن عشر آية (1): ""المعتزل يطلب شهوته بكل مشورة يغتاظ.""
أمثال,18,3,"الإصحاح الثامن عشر آية (1): ""المعتزل يطلب شهوته بكل مشورة يغتاظ.""
أمثال,18,4,"الإصحاح الثامن عشر آية (1): ""المعتزل يطلب شهوته بكل مشورة يغتاظ.""
أمثال,18,5,"الإصحاح الثامن عشر آية (1): ""المعتزل يطلب شهوته بكل مشورة يغتاظ.""
أمثال,18,6,"الإصحاح الثامن عشر آية (1): ""المعتزل يطلب شهوته بكل مشورة يغتاظ.""
أمثال,18,7,"الإصحاح الثامن عشر آية (1): ""المعتزل يطلب شهوته بكل مشورة يغتاظ.""
أمثال,18,8,"الإصحاح الثامن عشر آية (1): ""المعتزل يطلب شهوته بكل مشورة يغتاظ.""
أمثال,18,9,"الإصحاح الثامن عشر آية (1): ""المعتزل يطلب شهوته بكل مشورة يغتاظ.""
أمثال,18,10,"الإصحاح الثامن عشر آية (1): ""المعتزل يطلب شهوته بكل مشورة يغتاظ.""
أمثال,18,11,"الإصحاح الثامن عشر آية (1): ""المعتزل يطلب شهوته بكل مشورة يغتاظ.""
أمثال,18,12,"الإصحاح الثامن عشر آية (1): ""المعتزل يطلب شهوته بكل مشورة يغتاظ.""
أمثال,18,13,"الإصحاح الثامن عشر آية (1): ""المعتزل يطلب شهوته بكل مشورة يغتاظ.""
أمثال,18,14,"الإصحاح الثامن عشر آية (1): ""المعتزل يطلب شهوته بكل مشورة يغتاظ.""
أمثال,18,15,"الإصحاح الثامن عشر آية (1): ""المعتزل يطلب شهوته بكل مشورة يغتاظ.""
أمثال,18,16,"الإصحاح الثامن عشر آية (1): ""المعتزل يطلب شهوته بكل مشورة يغتاظ.""
أمثال,18,17,"الإصحاح الثامن عشر آية (1): ""المعتزل يطلب شهوته بكل مشورة يغتاظ.""
أمثال,18,18,"الإصحاح الثامن عشر آية (1): ""المعتزل يطلب شهوته بكل مشورة يغتاظ.""
أمثال,18,19,"الإصحاح الثامن عشر آية (1): ""المعتزل يطلب شهوته بكل مشورة يغتاظ.""
أمثال,18,20,"الإصحاح الثامن عشر آية (1): ""المعتزل يطلب شهوته بكل مشورة يغتاظ.""
أمثال,18,21,"الإصحاح الثامن عشر آية (1): ""المعتزل يطلب شهوته بكل مشورة يغتاظ.""
أمثال,18,22,"الإصحاح الثامن عشر آية (1): ""المعتزل يطلب شهوته بكل مشورة يغتاظ.""
أمثال,18,23,"الإصحاح الثامن عشر آية (1): ""المعتزل يطلب شهوته بكل مشورة يغتاظ.""
أمثال,18,24,"الإصحاح الثامن عشر آية (1): ""المعتزل يطلب شهوته بكل مشورة يغتاظ.""
أمثال,18,25,"الإصحاح الثامن عشر آية (1): ""المعتزل يطلب شهوته بكل مشورة يغتاظ.""
أمثال,18,26,"الإصحاح الثامن عشر آية (1): ""المعتزل يطلب شهوته بكل مشورة يغتاظ.""
أمثال,18,27,"الإصحاح الثامن عشر آية (1): ""المعتزل يطلب شهوته بكل مشورة يغتاظ.""
أمثال,18,28,"الإصحاح الثامن عشر آية (1): ""المعتزل يطلب شهوته بكل مشورة يغتاظ.""
أمثال,18,29,"الإصحاح الثامن عشر آية (1): ""المعتزل يطلب شهوته بكل مشورة يغتاظ.""
أمثال,18,30,"الإصحاح الثامن عشر آية (1): ""المعتزل يطلب شهوته بكل مشورة يغتاظ.""
أمثال,18,31,"الإصحاح الثامن عشر آية (1): ""المعتزل يطلب شهوته بكل مشورة يغتاظ.""
أمثال,18,32,"الإصحاح الثامن عشر آية (1): ""المعتزل يطلب شهوته بكل مشورة يغتاظ.""
أمثال,18,33,"الإصحاح الثامن عشر آية (1): ""المعتزل يطلب شهوته بكل مشورة يغتاظ.""
أمثال,18,34,"الإصحاح الثامن عشر آية (1): ""المعتزل يطلب شهوته بكل مشورة يغتاظ.""
أمثال,18,35,"الإصحاح الثامن عشر آية (1): ""المعتزل يطلب شهوته بكل مشورة يغتاظ.""
أمثال,18,36,"الإصحاح الثامن عشر آية (1): ""المعتزل يطلب شهوته بكل مشورة يغتاظ.""
أمثال,18,37,"الإصحاح الثامن عشر آية (1): ""المعتزل يطلب شهوته بكل مشورة يغتاظ.""
أمثال,18,38,"الإصحاح الثامن عشر آية (1): ""المعتزل يطلب شهوته بكل مشورة يغتاظ.""
أمثال,18,39,"الإصحاح الثامن عشر آية (1): ""المعتزل يطلب شهوته بكل مشورة يغتاظ.""
أمثال,18,40,"الإصحاح الثامن عشر آية (1): ""المعتزل يطلب شهوته بكل مشورة يغتاظ.""
أمثال,18,41,"الإصحاح الثامن عشر آية (1): ""المعتزل يطلب شهوته بكل مشورة يغتاظ.""
أمثال,18,42,"الإصحاح الثامن عشر آية (1): ""المعتزل يطلب شهوته بكل مشورة يغتاظ.""
أمثال,18,43,"الإصحاح الثامن عشر آية (1): ""المعتزل يطلب شهوته بكل مشورة يغتاظ.""
أمثال,18,44,"الإصحاح الثامن عشر آية (1): ""المعتزل يطلب شهوته بكل مشورة يغتاظ.""
أمثال,18,45,"الإصحاح الثامن عشر آية (1): ""المعتزل يطلب شهوته بكل مشورة يغتاظ.""
أمثال,18,46,"الإصحاح الثامن عشر آية (1): ""المعتزل يطلب شهوته بكل مشورة يغتاظ.""
أمثال,18,47,"الإصحاح الثامن عشر آية (1): ""المعتزل يطلب شهوته بكل مشورة يغتاظ.""
أمثال,18,48,"الإصحاح الثامن عشر آية (1): ""المعتزل يطلب شهوته بكل مشورة يغتاظ.""
أمثال,18,49,"الإصحاح الثامن عشر آية (1): ""المعتزل يطلب شهوته بكل مشورة يغتاظ.""
أمثال,18,50,"الإصحاح الثامن عشر آية (1): ""المعتزل يطلب شهوته بكل مشورة يغتاظ.""
أمثال,18,51,"الإصحاح الثامن عشر آية (1): ""المعتزل يطلب شهوته بكل مشورة يغتاظ.""
أمثال,18,52,"الإصحاح الثامن عشر آية (1): ""المعتزل يطلب شهوته بكل مشورة يغتاظ.""
أمثال,18,53,"الإصحاح الثامن عشر آية (1): ""المعتزل يطلب شهوته بكل مشورة يغتاظ.""
أمثال,18,54,"الإصحاح الثامن عشر آية (1): ""المعتزل يطلب شهوته بكل مشورة يغتاظ.""
أمثال,18,55,"الإصحاح الثامن عشر آية (1): ""المعتزل يطلب شهوته بكل مشورة يغتاظ.""
أمثال,18,56,"الإصحاح الثامن عشر آية (1): ""المعتزل يطلب شهوته بكل مشورة يغتاظ.""
أمثال,18,57,"الإصحاح الثامن عشر آية (1): ""المعتزل يطلب شهوته بكل مشورة يغتاظ.""
أمثال,18,58,"الإصحاح الثامن عشر آية (1): ""المعتزل يطلب شهوته بكل مشورة يغتاظ.""
أمثال,18,59,"الإصحاح الثامن عشر آية (1): ""المعتزل يطلب شهوته بكل مشورة يغتاظ.""
أمثال,18,60,"الإصحاح الثامن عشر آية (1): ""المعتزل يطلب شهوته بكل مشورة يغتاظ.""
أمثال,18,61,"الإصحاح الثامن عشر آية (1): ""المعتزل يطلب شهوته بكل مشورة يغتاظ.""
أمثال,18,62,"الإصحاح الثامن عشر آية (1): ""المعتزل يطلب شهوته بكل مشورة يغتاظ.""
أمثال,18,63,"الإصحاح الثامن عشر آية (1): ""المعتزل يطلب شهوته بكل مشورة يغتاظ.""
أمثال,18,64,"الإصحاح الثامن عشر آية (1): ""المعتزل يطلب شهوته بكل مشورة يغتاظ.""
أمثال,18,65,"الإصحاح الثامن عشر آية (1): ""المعتزل يطلب شهوته بكل مشورة يغتاظ.""
أمثال,18,66,"الإصحاح الثامن عشر آية (1): ""المعتزل يطلب شهوته بكل مشورة يغتاظ.""
أمثال,18,67,"الإصحاح الثامن عشر آية (1): ""المعتزل يطلب شهوته بكل مشورة يغتاظ.""
أمثال,18,68,"الإصحاح الثامن عشر آية (1): ""المعتزل يطلب شهوته بكل مشورة يغتاظ.""
أمثال,18,69,"الإصحاح الثامن عشر آية (1): ""المعتزل يطلب شهوته بكل مشورة يغتاظ.""
أمثال,18,70,"الإصحاح الثامن عشر آية (1): ""المعتزل يطلب شهوته بكل مشورة يغتاظ.""
أمثال,18,71,"الإصحاح الثامن عشر آية (1): ""المعتزل يطلب شهوته بكل مشورة يغتاظ.""
أمثال,18,72,"الإصحاح الثامن عشر آية (1): ""المعتزل يطلب شهوته بكل مشورة يغتاظ.""
أمثال,18,73,"الإصحاح الثامن عشر آية (1): ""المعتزل يطلب شهوته بكل مشورة يغتاظ.""
أمثال,18,74,"الإصحاح الثامن عشر آية (1): ""المعتزل يطلب شهوته بكل مشورة يغتاظ.""
أمثال,18,75,"الإصحاح الثامن عشر آية (1): ""المعتزل يطلب شهوته بكل مشورة يغتاظ.""
أمثال,18,76,"الإصحاح الثامن عشر آية (1): ""المعتزل يطلب شهوته بكل مشورة يغتاظ.""
أمثال,18,77,"الإصحاح الثامن عشر آية (1): ""المعتزل يطلب شهوته بكل مشورة يغتاظ.""
أمثال,18,78,"الإصحاح الثامن عشر آية (1): ""المعتزل يطلب شهوته بكل مشورة يغتاظ.""
أمثال,18,79,"الإصحاح الثامن عشر آية (1): ""المعتزل يطلب شهوته بكل مشورة يغتاظ.""
أمثال,18,80,"الإصحاح الثامن عشر آية (1): ""المعتزل يطلب شهوته بكل مشورة يغتاظ.""
أمثال,18,81,"الإصحاح الثامن عشر آية (1): ""المعتزل يطلب شهوته بكل مشورة يغتاظ.""
أمثال,18,82,"الإصحاح الثامن عشر آية (1): ""المعتزل يطلب شهوته بكل مشورة يغتاظ.""
أمثال,18,83,"الإصحاح الثامن عشر آية (1): ""المعتزل يطلب شهوته بكل مشورة يغتاظ.""
أمثال,18,84,"الإصحاح الثامن عشر آية (1): ""المعتزل يطلب شهوته بكل مشورة يغتاظ.""
أمثال,18,85,"الإصحاح الثامن عشر آية (1): ""المعتزل يطلب شهوته بكل مشورة يغتاظ.""
أمثال,18,86,"الإصحاح الثامن عشر آية (1): ""المعتزل يطلب شهوته بكل مشورة يغتاظ.""
أمثال,18,87,"الإصحاح الثامن عشر آية (1): ""المعتزل يطلب شهوته بكل مشورة يغتاظ.""
أمثال,18,88,"الإصحاح الثامن عشر آية (1): ""المعتزل يطلب شهوته بكل مشورة يغتاظ.""
أمثال,18,89,"الإصحاح الثامن عشر آية (1): ""المعتزل يطلب شهوته بكل مشورة يغتاظ.""
أمثال,18,90,"الإصحاح الثامن عشر آية (1): ""المعتزل يطلب شهوته بكل مشورة يغتاظ.""
أمثال,18,91,"الإصحاح الثامن عشر آية (1): ""المعتزل يطلب شهوته بكل مشورة يغتاظ.""
أمثال,18,92,"الإصحاح الثامن عشر آية (1): ""المعتزل يطلب شهوته بكل مشورة يغتاظ.""
أمثال,18,93,"الإصحاح الثامن عشر آية (1): ""المعتزل يطلب شهوته بكل مشورة يغتاظ.""
أمثال,18,94,"الإصحاح الثامن عشر آية (1): ""المعتزل يطلب شهوته بكل مشورة يغتاظ.""
أمثال,18,95,"الإصحاح الثامن عشر آية (1): ""المعتزل يطلب شهوته بكل مشورة يغتاظ.""
أمثال,18,96,"الإصحاح الثامن عشر آية (1): ""المعتزل يطلب شهوته بكل مشورة يغتاظ.""
أمثال,18,97,"الإصحاح الثامن عشر آية (1): ""المعتزل يطلب شهوته بكل مشورة يغتاظ.""
أمثال,18,98,"الإصحاح الثامن عشر آية (1): ""المعتزل يطلب شهوته بكل مشورة يغتاظ.""
أمثال,18,99,"الإصحاح الثامن عشر آية (1): ""المعتزل يطلب شهوته بكل مشورة يغتاظ.""
أمثال,19,1,"الإصحاح التاسع عشر الآيات (1-3): ""الفقير السالك بكماله خير من ملتوي الشفتين وهو جاهل. أيضاً كون النفس بلا معرفة ليس حسنا والمستعجل برجليه يخطا. حماقة الرجل تعوج طريقه وعلى الرب يحنق قلبه.""
أمثال,19,2,"الإصحاح التاسع عشر الآيات (1-3): ""الفقير السالك بكماله خير من ملتوي الشفتين وهو جاهل. أيضاً كون النفس بلا معرفة ليس حسنا والمستعجل برجليه يخطا. حماقة الرجل تعوج طريقه وعلى الرب يحنق قلبه.""
أمثال,19,3,"الإصحاح التاسع عشر الآيات (1-3): ""الفقير السالك بكماله خير من ملتوي الشفتين وهو جاهل. أيضاً كون النفس بلا معرفة ليس حسنا والمستعجل برجليه يخطا. حماقة الرجل تعوج طريقه وعلى الرب يحنق قلبه.""
أمثال,19,4,"الإصحاح التاسع عشر الآيات (1-3): ""الفقير السالك بكماله خير من ملتوي الشفتين وهو جاهل. أيضاً كون النفس بلا معرفة ليس حسنا والمستعجل برجليه يخطا. حماقة الرجل تعوج طريقه وعلى الرب يحنق قلبه.""
أمثال,19,5,"الإصحاح التاسع عشر الآيات (1-3): ""الفقير السالك بكماله خير من ملتوي الشفتين وهو جاهل. أيضاً كون النفس بلا معرفة ليس حسنا والمستعجل برجليه يخطا. حماقة الرجل تعوج طريقه وعلى الرب يحنق قلبه.""
أمثال,19,6,"الإصحاح التاسع عشر الآيات (1-3): ""الفقير السالك بكماله خير من ملتوي الشفتين وهو جاهل. أيضاً كون النفس بلا معرفة ليس حسنا والمستعجل برجليه يخطا. حماقة الرجل تعوج طريقه وعلى الرب يحنق قلبه.""
أمثال,19,7,"الإصحاح التاسع عشر الآيات (1-3): ""الفقير السالك بكماله خير من ملتوي الشفتين وهو جاهل. أيضاً كون النفس بلا معرفة ليس حسنا والمستعجل برجليه يخطا. حماقة الرجل تعوج طريقه وعلى الرب يحنق قلبه.""
أمثال,19,8,"الإصحاح التاسع عشر الآيات (1-3): ""الفقير السالك بكماله خير من ملتوي الشفتين وهو جاهل. أيضاً كون النفس بلا معرفة ليس حسنا والمستعجل برجليه يخطا. حماقة الرجل تعوج طريقه وعلى الرب يحنق قلبه.""
أمثال,19,9,"الإصحاح التاسع عشر الآيات (1-3): ""الفقير السالك بكماله خير من ملتوي الشفتين وهو جاهل. أيضاً كون النفس بلا معرفة ليس حسنا والمستعجل برجليه يخطا. حماقة الرجل تعوج طريقه وعلى الرب يحنق قلبه.""
أمثال,19,10,"الإصحاح التاسع عشر الآيات (1-3): ""الفقير السالك بكماله خير من ملتوي الشفتين وهو جاهل. أيضاً كون النفس بلا معرفة ليس حسنا والمستعجل برجليه يخطا. حماقة الرجل تعوج طريقه وعلى الرب يحنق قلبه.""
أمثال,19,11,"الإصحاح التاسع عشر الآيات (1-3): ""الفقير السالك بكماله خير من ملتوي الشفتين وهو جاهل. أيضاً كون النفس بلا معرفة ليس حسنا والمستعجل برجليه يخطا. حماقة الرجل تعوج طريقه وعلى الرب يحنق قلبه.""
أمثال,19,12,"الإصحاح التاسع عشر الآيات (1-3): ""الفقير السالك بكماله خير من ملتوي الشفتين وهو جاهل. أيضاً كون النفس بلا معرفة ليس حسنا والمستعجل برجليه يخطا. حماقة الرجل تعوج طريقه وعلى الرب يحنق قلبه.""
أمثال,19,13,"الإصحاح التاسع عشر الآيات (1-3): ""الفقير السالك بكماله خير من ملتوي الشفتين وهو جاهل. أيضاً كون النفس بلا معرفة ليس حسنا والمستعجل برجليه يخطا. حماقة الرجل تعوج طريقه وعلى الرب يحنق قلبه.""
أمثال,19,14,"الإصحاح التاسع عشر الآيات (1-3): ""الفقير السالك بكماله خير من ملتوي الشفتين وهو جاهل. أيضاً كون النفس بلا معرفة ليس حسنا والمستعجل برجليه يخطا. حماقة الرجل تعوج طريقه وعلى الرب يحنق قلبه.""
أمثال,19,15,"الإصحاح التاسع عشر الآيات (1-3): ""الفقير السالك بكماله خير من ملتوي الشفتين وهو جاهل. أيضاً كون النفس بلا معرفة ليس حسنا والمستعجل برجليه يخطا. حماقة الرجل تعوج طريقه وعلى الرب يحنق قلبه.""
أمثال,19,16,"الإصحاح التاسع عشر الآيات (1-3): ""الفقير السالك بكماله خير من ملتوي الشفتين وهو جاهل. أيضاً كون النفس بلا معرفة ليس حسنا والمستعجل برجليه يخطا. حماقة الرجل تعوج طريقه وعلى الرب يحنق قلبه.""
أمثال,19,17,"الإصحاح التاسع عشر الآيات (1-3): ""الفقير السالك بكماله خير من ملتوي الشفتين وهو جاهل. أيضاً كون النفس بلا معرفة ليس حسنا والمستعجل برجليه يخطا. حماقة الرجل تعوج طريقه وعلى الرب يحنق قلبه.""
أمثال,19,18,"الإصحاح التاسع عشر الآيات (1-3): ""الفقير السالك بكماله خير من ملتوي الشفتين وهو جاهل. أيضاً كون النفس بلا معرفة ليس حسنا والمستعجل برجليه يخطا. حماقة الرجل تعوج طريقه وعلى الرب يحنق قلبه.""
أمثال,19,19,"الإصحاح التاسع عشر الآيات (1-3): ""الفقير السالك بكماله خير من ملتوي الشفتين وهو جاهل. أيضاً كون النفس بلا معرفة ليس حسنا والمستعجل برجليه يخطا. حماقة الرجل تعوج طريقه وعلى الرب يحنق قلبه.""
أمثال,19,20,"الإصحاح التاسع عشر الآيات (1-3): ""الفقير السالك بكماله خير من ملتوي الشفتين وهو جاهل. أيضاً كون النفس بلا معرفة ليس حسنا والمستعجل برجليه يخطا. حماقة الرجل تعوج طريقه وعلى الرب يحنق قلبه.""
أمثال,19,21,"الإصحاح التاسع عشر الآيات (1-3): ""الفقير السالك بكماله خير من ملتوي الشفتين وهو جاهل. أيضاً كون النفس بلا معرفة ليس حسنا والمستعجل برجليه يخطا. حماقة الرجل تعوج طريقه وعلى الرب يحنق قلبه.""
أمثال,19,22,"الإصحاح التاسع عشر الآيات (1-3): ""الفقير السالك بكماله خير من ملتوي الشفتين وهو جاهل. أيضاً كون النفس بلا معرفة ليس حسنا والمستعجل برجليه يخطا. حماقة الرجل تعوج طريقه وعلى الرب يحنق قلبه.""
أمثال,19,23,"الإصحاح التاسع عشر الآيات (1-3): ""الفقير السالك بكماله خير من ملتوي الشفتين وهو جاهل. أيضاً كون النفس بلا معرفة ليس حسنا والمستعجل برجليه يخطا. حماقة الرجل تعوج طريقه وعلى الرب يحنق قلبه.""
أمثال,19,24,"الإصحاح التاسع عشر الآيات (1-3): ""الفقير السالك بكماله خير من ملتوي الشفتين وهو جاهل. أيضاً كون النفس بلا معرفة ليس حسنا والمستعجل برجليه يخطا. حماقة الرجل تعوج طريقه وعلى الرب يحنق قلبه.""
أمثال,19,25,"الإصحاح التاسع عشر الآيات (1-3): ""الفقير السالك بكماله خير من ملتوي الشفتين وهو جاهل. أيضاً كون النفس بلا معرفة ليس حسنا والمستعجل برجليه يخطا. حماقة الرجل تعوج طريقه وعلى الرب يحنق قلبه.""
أمثال,19,26,"الإصحاح التاسع عشر الآيات (1-3): ""الفقير السالك بكماله خير من ملتوي الشفتين وهو جاهل. أيضاً كون النفس بلا معرفة ليس حسنا والمستعجل برجليه يخطا. حماقة الرجل تعوج طريقه وعلى الرب يحنق قلبه.""
أمثال,19,27,"الإصحاح التاسع عشر الآيات (1-3): ""الفقير السالك بكماله خير من ملتوي الشفتين وهو جاهل. أيضاً كون النفس بلا معرفة ليس حسنا والمستعجل برجليه يخطا. حماقة الرجل تعوج طريقه وعلى الرب يحنق قلبه.""
أمثال,19,28,"الإصحاح التاسع عشر الآيات (1-3): ""الفقير السالك بكماله خير من ملتوي الشفتين وهو جاهل. أيضاً كون النفس بلا معرفة ليس حسنا والمستعجل برجليه يخطا. حماقة الرجل تعوج طريقه وعلى الرب يحنق قلبه.""
أمثال,19,29,"الإصحاح التاسع عشر الآيات (1-3): ""الفقير السالك بكماله خير من ملتوي الشفتين وهو جاهل. أيضاً كون النفس بلا معرفة ليس حسنا والمستعجل برجليه يخطا. حماقة الرجل تعوج طريقه وعلى الرب يحنق قلبه.""
أمثال,19,30,"الإصحاح التاسع عشر الآيات (1-3): ""الفقير السالك بكماله خير من ملتوي الشفتين وهو جاهل. أيضاً كون النفس بلا معرفة ليس حسنا والمستعجل برجليه يخطا. حماقة الرجل تعوج طريقه وعلى الرب يحنق قلبه.""
أمثال,19,31,"الإصحاح التاسع عشر الآيات (1-3): ""الفقير السالك بكماله خير من ملتوي الشفتين وهو جاهل. أيضاً كون النفس بلا معرفة ليس حسنا والمستعجل برجليه يخطا. حماقة الرجل تعوج طريقه وعلى الرب يحنق قلبه.""
أمثال,19,32,"الإصحاح التاسع عشر الآيات (1-3): ""الفقير السالك بكماله خير من ملتوي الشفتين وهو جاهل. أيضاً كون النفس بلا معرفة ليس حسنا والمستعجل برجليه يخطا. حماقة الرجل تعوج طريقه وعلى الرب يحنق قلبه.""
أمثال,19,33,"الإصحاح التاسع عشر الآيات (1-3): ""الفقير السالك بكماله خير من ملتوي الشفتين وهو جاهل. أيضاً كون النفس بلا معرفة ليس حسنا والمستعجل برجليه يخطا. حماقة الرجل تعوج طريقه وعلى الرب يحنق قلبه.""
أمثال,19,34,"الإصحاح التاسع عشر الآيات (1-3): ""الفقير السالك بكماله خير من ملتوي الشفتين وهو جاهل. أيضاً كون النفس بلا معرفة ليس حسنا والمستعجل برجليه يخطا. حماقة الرجل تعوج طريقه وعلى الرب يحنق قلبه.""
أمثال,19,35,"الإصحاح التاسع عشر الآيات (1-3): ""الفقير السالك بكماله خير من ملتوي الشفتين وهو جاهل. أيضاً كون النفس بلا معرفة ليس حسنا والمستعجل برجليه يخطا. حماقة الرجل تعوج طريقه وعلى الرب يحنق قلبه.""
أمثال,19,36,"الإصحاح التاسع عشر الآيات (1-3): ""الفقير السالك بكماله خير من ملتوي الشفتين وهو جاهل. أيضاً كون النفس بلا معرفة ليس حسنا والمستعجل برجليه يخطا. حماقة الرجل تعوج طريقه وعلى الرب يحنق قلبه.""
أمثال,19,37,"الإصحاح التاسع عشر الآيات (1-3): ""الفقير السالك بكماله خير من ملتوي الشفتين وهو جاهل. أيضاً كون النفس بلا معرفة ليس حسنا والمستعجل برجليه يخطا. حماقة الرجل تعوج طريقه وعلى الرب يحنق قلبه.""
أمثال,19,38,"الإصحاح التاسع عشر الآيات (1-3): ""الفقير السالك بكماله خير من ملتوي الشفتين وهو جاهل. أيضاً كون النفس بلا معرفة ليس حسنا والمستعجل برجليه يخطا. حماقة الرجل تعوج طريقه وعلى الرب يحنق قلبه.""
أمثال,19,39,"الإصحاح التاسع عشر الآيات (1-3): ""الفقير السالك بكماله خير من ملتوي الشفتين وهو جاهل. أيضاً كون النفس بلا معرفة ليس حسنا والمستعجل برجليه يخطا. حماقة الرجل تعوج طريقه وعلى الرب يحنق قلبه.""
أمثال,19,40,"الإصحاح التاسع عشر الآيات (1-3): ""الفقير السالك بكماله خير من ملتوي الشفتين وهو جاهل. أيضاً كون النفس بلا معرفة ليس حسنا والمستعجل برجليه يخطا. حماقة الرجل تعوج طريقه وعلى الرب يحنق قلبه.""
أمثال,19,41,"الإصحاح التاسع عشر الآيات (1-3): ""الفقير السالك بكماله خير من ملتوي الشفتين وهو جاهل. أيضاً كون النفس بلا معرفة ليس حسنا والمستعجل برجليه يخطا. حماقة الرجل تعوج طريقه وعلى الرب يحنق قلبه.""
أمثال,19,42,"الإصحاح التاسع عشر الآيات (1-3): ""الفقير السالك بكماله خير من ملتوي الشفتين وهو جاهل. أيضاً كون النفس بلا معرفة ليس حسنا والمستعجل برجليه يخطا. حماقة الرجل تعوج طريقه وعلى الرب يحنق قلبه.""
أمثال,19,43,"الإصحاح التاسع عشر الآيات (1-3): ""الفقير السالك بكماله خير من ملتوي الشفتين وهو جاهل. أيضاً كون النفس بلا معرفة ليس حسنا والمستعجل برجليه يخطا. حماقة الرجل تعوج طريقه وعلى الرب يحنق قلبه.""
أمثال,19,44,"الإصحاح التاسع عشر الآيات (1-3): ""الفقير السالك بكماله خير من ملتوي الشفتين وهو جاهل. أيضاً كون النفس بلا معرفة ليس حسنا والمستعجل برجليه يخطا. حماقة الرجل تعوج طريقه وعلى الرب يحنق قلبه.""
أمثال,19,45,"الإصحاح التاسع عشر الآيات (1-3): ""الفقير السالك بكماله خير من ملتوي الشفتين وهو جاهل. أيضاً كون النفس بلا معرفة ليس حسنا والمستعجل برجليه يخطا. حماقة الرجل تعوج طريقه وعلى الرب يحنق قلبه.""
أمثال,19,46,"الإصحاح التاسع عشر الآيات (1-3): ""الفقير السالك بكماله خير من ملتوي الشفتين وهو جاهل. أيضاً كون النفس بلا معرفة ليس حسنا والمستعجل برجليه يخطا. حماقة الرجل تعوج طريقه وعلى الرب يحنق قلبه.""
أمثال,19,47,"الإصحاح التاسع عشر الآيات (1-3): ""الفقير السالك بكماله خير من ملتوي الشفتين وهو جاهل. أيضاً كون النفس بلا معرفة ليس حسنا والمستعجل برجليه يخطا. حماقة الرجل تعوج طريقه وعلى الرب يحنق قلبه.""
أمثال,19,48,"الإصحاح التاسع عشر الآيات (1-3): ""الفقير السالك بكماله خير من ملتوي الشفتين وهو جاهل. أيضاً كون النفس بلا معرفة ليس حسنا والمستعجل برجليه يخطا. حماقة الرجل تعوج طريقه وعلى الرب يحنق قلبه.""
أمثال,19,49,"الإصحاح التاسع عشر الآيات (1-3): ""الفقير السالك بكماله خير من ملتوي الشفتين وهو جاهل. أيضاً كون النفس بلا معرفة ليس حسنا والمستعجل برجليه يخطا. حماقة الرجل تعوج طريقه وعلى الرب يحنق قلبه.""
أمثال,19,50,"الإصحاح التاسع عشر الآيات (1-3): ""الفقير السالك بكماله خير من ملتوي الشفتين وهو جاهل. أيضاً كون النفس بلا معرفة ليس حسنا والمستعجل برجليه يخطا. حماقة الرجل تعوج طريقه وعلى الرب يحنق قلبه.""
أمثال,19,51,"الإصحاح التاسع عشر الآيات (1-3): ""الفقير السالك بكماله خير من ملتوي الشفتين وهو جاهل. أيضاً كون النفس بلا معرفة ليس حسنا والمستعجل برجليه يخطا. حماقة الرجل تعوج طريقه وعلى الرب يحنق قلبه.""
أمثال,19,52,"الإصحاح التاسع عشر الآيات (1-3): ""الفقير السالك بكماله خير من ملتوي الشفتين وهو جاهل. أيضاً كون النفس بلا معرفة ليس حسنا والمستعجل برجليه يخطا. حماقة الرجل تعوج طريقه وعلى الرب يحنق قلبه.""
أمثال,19,53,"الإصحاح التاسع عشر الآيات (1-3): ""الفقير السالك بكماله خير من ملتوي الشفتين وهو جاهل. أيضاً كون النفس بلا معرفة ليس حسنا والمستعجل برجليه يخطا. حماقة الرجل تعوج طريقه وعلى الرب يحنق قلبه.""
أمثال,19,54,"الإصحاح التاسع عشر الآيات (1-3): ""الفقير السالك بكماله خير من ملتوي الشفتين وهو جاهل. أيضاً كون النفس بلا معرفة ليس حسنا والمستعجل برجليه يخطا. حماقة الرجل تعوج طريقه وعلى الرب يحنق قلبه.""
أمثال,19,55,"الإصحاح التاسع عشر الآيات (1-3): ""الفقير السالك بكماله خير من ملتوي الشفتين وهو جاهل. أيضاً كون النفس بلا معرفة ليس حسنا والمستعجل برجليه يخطا. حماقة الرجل تعوج طريقه وعلى الرب يحنق قلبه.""
أمثال,19,56,"الإصحاح التاسع عشر الآيات (1-3): ""الفقير السالك بكماله خير من ملتوي الشفتين وهو جاهل. أيضاً كون النفس بلا معرفة ليس حسنا والمستعجل برجليه يخطا. حماقة الرجل تعوج طريقه وعلى الرب يحنق قلبه.""
أمثال,19,57,"الإصحاح التاسع عشر الآيات (1-3): ""الفقير السالك بكماله خير من ملتوي الشفتين وهو جاهل. أيضاً كون النفس بلا معرفة ليس حسنا والمستعجل برجليه يخطا. حماقة الرجل تعوج طريقه وعلى الرب يحنق قلبه.""
أمثال,19,58,"الإصحاح التاسع عشر الآيات (1-3): ""الفقير السالك بكماله خير من ملتوي الشفتين وهو جاهل. أيضاً كون النفس بلا معرفة ليس حسنا والمستعجل برجليه يخطا. حماقة الرجل تعوج طريقه وعلى الرب يحنق قلبه.""
أمثال,19,59,"الإصحاح التاسع عشر الآيات (1-3): ""الفقير السالك بكماله خير من ملتوي الشفتين وهو جاهل. أيضاً كون النفس بلا معرفة ليس حسنا والمستعجل برجليه يخطا. حماقة الرجل تعوج طريقه وعلى الرب يحنق قلبه.""
أمثال,19,60,"الإصحاح التاسع عشر الآيات (1-3): ""الفقير السالك بكماله خير من ملتوي الشفتين وهو جاهل. أيضاً كون النفس بلا معرفة ليس حسنا والمستعجل برجليه يخطا. حماقة الرجل تعوج طريقه وعلى الرب يحنق قلبه.""
أمثال,19,61,"الإصحاح التاسع عشر الآيات (1-3): ""الفقير السالك بكماله خير من ملتوي الشفتين وهو جاهل. أيضاً كون النفس بلا معرفة ليس حسنا والمستعجل برجليه يخطا. حماقة الرجل تعوج طريقه وعلى الرب يحنق قلبه.""
أمثال,19,62,"الإصحاح التاسع عشر الآيات (1-3): ""الفقير السالك بكماله خير من ملتوي الشفتين وهو جاهل. أيضاً كون النفس بلا معرفة ليس حسنا والمستعجل برجليه يخطا. حماقة الرجل تعوج طريقه وعلى الرب يحنق قلبه.""
أمثال,19,63,"الإصحاح التاسع عشر الآيات (1-3): ""الفقير السالك بكماله خير من ملتوي الشفتين وهو جاهل. أيضاً كون النفس بلا معرفة ليس حسنا والمستعجل برجليه يخطا. حماقة الرجل تعوج طريقه وعلى الرب يحنق قلبه.""
أمثال,19,64,"الإصحاح التاسع عشر الآيات (1-3): ""الفقير السالك بكماله خير من ملتوي الشفتين وهو جاهل. أيضاً كون النفس بلا معرفة ليس حسنا والمستعجل برجليه يخطا. حماقة الرجل تعوج طريقه وعلى الرب يحنق قلبه.""
أمثال,19,65,"الإصحاح التاسع عشر الآيات (1-3): ""الفقير السالك بكماله خير من ملتوي الشفتين وهو جاهل. أيضاً كون النفس بلا معرفة ليس حسنا والمستعجل برجليه يخطا. حماقة الرجل تعوج طريقه وعلى الرب يحنق قلبه.""
أمثال,19,66,"الإصحاح التاسع عشر الآيات (1-3): ""الفقير السالك بكماله خير من ملتوي الشفتين وهو جاهل. أيضاً كون النفس بلا معرفة ليس حسنا والمستعجل برجليه يخطا. حماقة الرجل تعوج طريقه وعلى الرب يحنق قلبه.""
أمثال,19,67,"الإصحاح التاسع عشر الآيات (1-3): ""الفقير السالك بكماله خير من ملتوي الشفتين وهو جاهل. أيضاً كون النفس بلا معرفة ليس حسنا والمستعجل برجليه يخطا. حماقة الرجل تعوج طريقه وعلى الرب يحنق قلبه.""
أمثال,19,68,"الإصحاح التاسع عشر الآيات (1-3): ""الفقير السالك بكماله خير من ملتوي الشفتين وهو جاهل. أيضاً كون النفس بلا معرفة ليس حسنا والمستعجل برجليه يخطا. حماقة الرجل تعوج طريقه وعلى الرب يحنق قلبه.""
أمثال,19,69,"الإصحاح التاسع عشر الآيات (1-3): ""الفقير السالك بكماله خير من ملتوي الشفتين وهو جاهل. أيضاً كون النفس بلا معرفة ليس حسنا والمستعجل برجليه يخطا. حماقة الرجل تعوج طريقه وعلى الرب يحنق قلبه.""
أمثال,19,70,"الإصحاح التاسع عشر الآيات (1-3): ""الفقير السالك بكماله خير من ملتوي الشفتين وهو جاهل. أيضاً كون النفس بلا معرفة ليس حسنا والمستعجل برجليه يخطا. حماقة الرجل تعوج طريقه وعلى الرب يحنق قلبه.""
أمثال,19,71,"الإصحاح التاسع عشر الآيات (1-3): ""الفقير السالك بكماله خير من ملتوي الشفتين وهو جاهل. أيضاً كون النفس بلا معرفة ليس حسنا والمستعجل برجليه يخطا. حماقة الرجل تعوج طريقه وعلى الرب يحنق قلبه.""
أمثال,19,72,"الإصحاح التاسع عشر الآيات (1-3): ""الفقير السالك بكماله خير من ملتوي الشفتين وهو جاهل. أيضاً كون النفس بلا معرفة ليس حسنا والمستعجل برجليه يخطا. حماقة الرجل تعوج طريقه وعلى الرب يحنق قلبه.""
أمثال,19,73,"الإصحاح التاسع عشر الآيات (1-3): ""الفقير السالك بكماله خير من ملتوي الشفتين وهو جاهل. أيضاً كون النفس بلا معرفة ليس حسنا والمستعجل برجليه يخطا. حماقة الرجل تعوج طريقه وعلى الرب يحنق قلبه.""
أمثال,19,74,"الإصحاح التاسع عشر الآيات (1-3): ""الفقير السالك بكماله خير من ملتوي الشفتين وهو جاهل. أيضاً كون النفس بلا معرفة ليس حسنا والمستعجل برجليه يخطا. حماقة الرجل تعوج طريقه وعلى الرب يحنق قلبه.""
أمثال,19,75,"الإصحاح التاسع عشر الآيات (1-3): ""الفقير السالك بكماله خير من ملتوي الشفتين وهو جاهل. أيضاً كون النفس بلا معرفة ليس حسنا والمستعجل برجليه يخطا. حماقة الرجل تعوج طريقه وعلى الرب يحنق قلبه.""
أمثال,19,76,"الإصحاح التاسع عشر الآيات (1-3): ""الفقير السالك بكماله خير من ملتوي الشفتين وهو جاهل. أيضاً كون النفس بلا معرفة ليس حسنا والمستعجل برجليه يخطا. حماقة الرجل تعوج طريقه وعلى الرب يحنق قلبه.""
أمثال,19,77,"الإصحاح التاسع عشر الآيات (1-3): ""الفقير السالك بكماله خير من ملتوي الشفتين وهو جاهل. أيضاً كون النفس بلا معرفة ليس حسنا والمستعجل برجليه يخطا. حماقة الرجل تعوج طريقه وعلى الرب يحنق قلبه.""
أمثال,19,78,"الإصحاح التاسع عشر الآيات (1-3): ""الفقير السالك بكماله خير من ملتوي الشفتين وهو جاهل. أيضاً كون النفس بلا معرفة ليس حسنا والمستعجل برجليه يخطا. حماقة الرجل تعوج طريقه وعلى الرب يحنق قلبه.""
أمثال,19,79,"الإصحاح التاسع عشر الآيات (1-3): ""الفقير السالك بكماله خير من ملتوي الشفتين وهو جاهل. أيضاً كون النفس بلا معرفة ليس حسنا والمستعجل برجليه يخطا. حماقة الرجل تعوج طريقه وعلى الرب يحنق قلبه.""
أمثال,19,80,"الإصحاح التاسع عشر الآيات (1-3): ""الفقير السالك بكماله خير من ملتوي الشفتين وهو جاهل. أيضاً كون النفس بلا معرفة ليس حسنا والمستعجل برجليه يخطا. حماقة الرجل تعوج طريقه وعلى الرب يحنق قلبه.""
أمثال,19,81,"الإصحاح التاسع عشر الآيات (1-3): ""الفقير السالك بكماله خير من ملتوي الشفتين وهو جاهل. أيضاً كون النفس بلا معرفة ليس حسنا والمستعجل برجليه يخطا. حماقة الرجل تعوج طريقه وعلى الرب يحنق قلبه.""
أمثال,19,82,"الإصحاح التاسع عشر الآيات (1-3): ""الفقير السالك بكماله خير من ملتوي الشفتين وهو جاهل. أيضاً كون النفس بلا معرفة ليس حسنا والمستعجل برجليه يخطا. حماقة الرجل تعوج طريقه وعلى الرب يحنق قلبه.""
أمثال,19,83,"الإصحاح التاسع عشر الآيات (1-3): ""الفقير السالك بكماله خير من ملتوي الشفتين وهو جاهل. أيضاً كون النفس بلا معرفة ليس حسنا والمستعجل برجليه يخطا. حماقة الرجل تعوج طريقه وعلى الرب يحنق قلبه.""
أمثال,19,84,"الإصحاح التاسع عشر الآيات (1-3): ""الفقير السالك بكماله خير من ملتوي الشفتين وهو جاهل. أيضاً كون النفس بلا معرفة ليس حسنا والمستعجل برجليه يخطا. حماقة الرجل تعوج طريقه وعلى الرب يحنق قلبه.""
أمثال,19,85,"الإصحاح التاسع عشر الآيات (1-3): ""الفقير السالك بكماله خير من ملتوي الشفتين وهو جاهل. أيضاً كون النفس بلا معرفة ليس حسنا والمستعجل برجليه يخطا. حماقة الرجل تعوج طريقه وعلى الرب يحنق قلبه.""
أمثال,19,86,"الإصحاح التاسع عشر الآيات (1-3): ""الفقير السالك بكماله خير من ملتوي الشفتين وهو جاهل. أيضاً كون النفس بلا معرفة ليس حسنا والمستعجل برجليه يخطا. حماقة الرجل تعوج طريقه وعلى الرب يحنق قلبه.""
أمثال,19,87,"الإصحاح التاسع عشر الآيات (1-3): ""الفقير السالك بكماله خير من ملتوي الشفتين وهو جاهل. أيضاً كون النفس بلا معرفة ليس حسنا والمستعجل برجليه يخطا. حماقة الرجل تعوج طريقه وعلى الرب يحنق قلبه.""
أمثال,19,88,"الإصحاح التاسع عشر الآيات (1-3): ""الفقير السالك بكماله خير من ملتوي الشفتين وهو جاهل. أيضاً كون النفس بلا معرفة ليس حسنا والمستعجل برجليه يخطا. حماقة الرجل تعوج طريقه وعلى الرب يحنق قلبه.""
أمثال,19,89,"الإصحاح التاسع عشر الآيات (1-3): ""الفقير السالك بكماله خير من ملتوي الشفتين وهو جاهل. أيضاً كون النفس بلا معرفة ليس حسنا والمستعجل برجليه يخطا. حماقة الرجل تعوج طريقه وعلى الرب يحنق قلبه.""
أمثال,19,90,"الإصحاح التاسع عشر الآيات (1-3): ""الفقير السالك بكماله خير من ملتوي الشفتين وهو جاهل. أيضاً كون النفس بلا معرفة ليس حسنا والمستعجل برجليه يخطا. حماقة الرجل تعوج طريقه وعلى الرب يحنق قلبه.""
أمثال,19,91,"الإصحاح التاسع عشر الآيات (1-3): ""الفقير السالك بكماله خير من ملتوي الشفتين وهو جاهل. أيضاً كون النفس بلا معرفة ليس حسنا والمستعجل برجليه يخطا. حماقة الرجل تعوج طريقه وعلى الرب يحنق قلبه.""
أمثال,19,92,"الإصحاح التاسع عشر الآيات (1-3): ""الفقير السالك بكماله خير من ملتوي الشفتين وهو جاهل. أيضاً كون النفس بلا معرفة ليس حسنا والمستعجل برجليه يخطا. حماقة الرجل تعوج طريقه وعلى الرب يحنق قلبه.""
أمثال,19,93,"الإصحاح التاسع عشر الآيات (1-3): ""الفقير السالك بكماله خير من ملتوي الشفتين وهو جاهل. أيضاً كون النفس بلا معرفة ليس حسنا والمستعجل برجليه يخطا. حماقة الرجل تعوج طريقه وعلى الرب يحنق قلبه.""
أمثال,19,94,"الإصحاح التاسع عشر الآيات (1-3): ""الفقير السالك بكماله خير من ملتوي الشفتين وهو جاهل. أيضاً كون النفس بلا معرفة ليس حسنا والمستعجل برجليه يخطا. حماقة الرجل تعوج طريقه وعلى الرب يحنق قلبه.""
أمثال,19,95,"الإصحاح التاسع عشر الآيات (1-3): ""الفقير السالك بكماله خير من ملتوي الشفتين وهو جاهل. أيضاً كون النفس بلا معرفة ليس حسنا والمستعجل برجليه يخطا. حماقة الرجل تعوج طريقه وعلى الرب يحنق قلبه.""
أمثال,19,96,"الإصحاح التاسع عشر الآيات (1-3): ""الفقير السالك بكماله خير من ملتوي الشفتين وهو جاهل. أيضاً كون النفس بلا معرفة ليس حسنا والمستعجل برجليه يخطا. حماقة الرجل تعوج طريقه وعلى الرب يحنق قلبه.""
أمثال,19,97,"الإصحاح التاسع عشر الآيات (1-3): ""الفقير السالك بكماله خير من ملتوي الشفتين وهو جاهل. أيضاً كون النفس بلا معرفة ليس حسنا والمستعجل برجليه يخطا. حماقة الرجل تعوج طريقه وعلى الرب يحنق قلبه.""
أمثال,19,98,"الإصحاح التاسع عشر الآيات (1-3): ""الفقير السالك بكماله خير من ملتوي الشفتين وهو جاهل. أيضاً كون النفس بلا معرفة ليس حسنا والمستعجل برجليه يخطا. حماقة الرجل تعوج طريقه وعلى الرب يحنق قلبه.""
أمثال,19,99,"الإصحاح التاسع عشر الآيات (1-3): ""الفقير السالك بكماله خير من ملتوي الشفتين وهو جاهل. أيضاً كون النفس بلا معرفة ليس حسنا والمستعجل برجليه يخطا. حماقة الرجل تعوج طريقه وعلى الرب يحنق قلبه.""
أمثال,20,1,"الإصحاح العشرون آية (1): ""الخمر مستهزئة المسكر عجاج ومن يترنح بهما فليس بحكيم.""
أمثال,20,2,"الإصحاح العشرون آية (1): ""الخمر مستهزئة المسكر عجاج ومن يترنح بهما فليس بحكيم.""
أمثال,20,3,"الإصحاح العشرون آية (1): ""الخمر مستهزئة المسكر عجاج ومن يترنح بهما فليس بحكيم.""
أمثال,20,4,"الإصحاح العشرون آية (1): ""الخمر مستهزئة المسكر عجاج ومن يترنح بهما فليس بحكيم.""
أمثال,20,5,"الإصحاح العشرون آية (1): ""الخمر مستهزئة المسكر عجاج ومن يترنح بهما فليس بحكيم.""
أمثال,20,6,"الإصحاح العشرون آية (1): ""الخمر مستهزئة المسكر عجاج ومن يترنح بهما فليس بحكيم.""
أمثال,20,7,"الإصحاح العشرون آية (1): ""الخمر مستهزئة المسكر عجاج ومن يترنح بهما فليس بحكيم.""
أمثال,20,8,"الإصحاح العشرون آية (1): ""الخمر مستهزئة المسكر عجاج ومن يترنح بهما فليس بحكيم.""
أمثال,20,9,"الإصحاح العشرون آية (1): ""الخمر مستهزئة المسكر عجاج ومن يترنح بهما فليس بحكيم.""
أمثال,20,10,"الإصحاح العشرون آية (1): ""الخمر مستهزئة المسكر عجاج ومن يترنح بهما فليس بحكيم.""
أمثال,20,11,"الإصحاح العشرون آية (1): ""الخمر مستهزئة المسكر عجاج ومن يترنح بهما فليس بحكيم.""
أمثال,20,12,"الإصحاح العشرون آية (1): ""الخمر مستهزئة المسكر عجاج ومن يترنح بهما فليس بحكيم.""
أمثال,20,13,"الإصحاح العشرون آية (1): ""الخمر مستهزئة المسكر عجاج ومن يترنح بهما فليس بحكيم.""
أمثال,20,14,"الإصحاح العشرون آية (1): ""الخمر مستهزئة المسكر عجاج ومن يترنح بهما فليس بحكيم.""
أمثال,20,15,"الإصحاح العشرون آية (1): ""الخمر مستهزئة المسكر عجاج ومن يترنح بهما فليس بحكيم.""
أمثال,20,16,"الإصحاح العشرون آية (1): ""الخمر مستهزئة المسكر عجاج ومن يترنح بهما فليس بحكيم.""
أمثال,20,17,"الإصحاح العشرون آية (1): ""الخمر مستهزئة المسكر عجاج ومن يترنح بهما فليس بحكيم.""
أمثال,20,18,"الإصحاح العشرون آية (1): ""الخمر مستهزئة المسكر عجاج ومن يترنح بهما فليس بحكيم.""
أمثال,20,19,"الإصحاح العشرون آية (1): ""الخمر مستهزئة المسكر عجاج ومن يترنح بهما فليس بحكيم.""
أمثال,20,20,"الإصحاح العشرون آية (1): ""الخمر مستهزئة المسكر عجاج ومن يترنح بهما فليس بحكيم.""
أمثال,20,21,"الإصحاح العشرون آية (1): ""الخمر مستهزئة المسكر عجاج ومن يترنح بهما فليس بحكيم.""
أمثال,20,22,"الإصحاح العشرون آية (1): ""الخمر مستهزئة المسكر عجاج ومن يترنح بهما فليس بحكيم.""
أمثال,20,23,"الإصحاح العشرون آية (1): ""الخمر مستهزئة المسكر عجاج ومن يترنح بهما فليس بحكيم.""
أمثال,20,24,"الإصحاح العشرون آية (1): ""الخمر مستهزئة المسكر عجاج ومن يترنح بهما فليس بحكيم.""
أمثال,20,25,"الإصحاح العشرون آية (1): ""الخمر مستهزئة المسكر عجاج ومن يترنح بهما فليس بحكيم.""
أمثال,20,26,"الإصحاح العشرون آية (1): ""الخمر مستهزئة المسكر عجاج ومن يترنح بهما فليس بحكيم.""
أمثال,20,27,"الإصحاح العشرون آية (1): ""الخمر مستهزئة المسكر عجاج ومن يترنح بهما فليس بحكيم.""
أمثال,20,28,"الإصحاح العشرون آية (1): ""الخمر مستهزئة المسكر عجاج ومن يترنح بهما فليس بحكيم.""
أمثال,20,29,"الإصحاح العشرون آية (1): ""الخمر مستهزئة المسكر عجاج ومن يترنح بهما فليس بحكيم.""
أمثال,20,30,"الإصحاح العشرون آية (1): ""الخمر مستهزئة المسكر عجاج ومن يترنح بهما فليس بحكيم.""
أمثال,20,31,"الإصحاح العشرون آية (1): ""الخمر مستهزئة المسكر عجاج ومن يترنح بهما فليس بحكيم.""
أمثال,20,32,"الإصحاح العشرون آية (1): ""الخمر مستهزئة المسكر عجاج ومن يترنح بهما فليس بحكيم.""
أمثال,20,33,"الإصحاح العشرون آية (1): ""الخمر مستهزئة المسكر عجاج ومن يترنح بهما فليس بحكيم.""
أمثال,20,34,"الإصحاح العشرون آية (1): ""الخمر مستهزئة المسكر عجاج ومن يترنح بهما فليس بحكيم.""
أمثال,20,35,"الإصحاح العشرون آية (1): ""الخمر مستهزئة المسكر عجاج ومن يترنح بهما فليس بحكيم.""
أمثال,20,36,"الإصحاح العشرون آية (1): ""الخمر مستهزئة المسكر عجاج ومن يترنح بهما فليس بحكيم.""
أمثال,20,37,"الإصحاح العشرون آية (1): ""الخمر مستهزئة المسكر عجاج ومن يترنح بهما فليس بحكيم.""
أمثال,20,38,"الإصحاح العشرون آية (1): ""الخمر مستهزئة المسكر عجاج ومن يترنح بهما فليس بحكيم.""
أمثال,20,39,"الإصحاح العشرون آية (1): ""الخمر مستهزئة المسكر عجاج ومن يترنح بهما فليس بحكيم.""
أمثال,20,40,"الإصحاح العشرون آية (1): ""الخمر مستهزئة المسكر عجاج ومن يترنح بهما فليس بحكيم.""
أمثال,20,41,"الإصحاح العشرون آية (1): ""الخمر مستهزئة المسكر عجاج ومن يترنح بهما فليس بحكيم.""
أمثال,20,42,"الإصحاح العشرون آية (1): ""الخمر مستهزئة المسكر عجاج ومن يترنح بهما فليس بحكيم.""
أمثال,20,43,"الإصحاح العشرون آية (1): ""الخمر مستهزئة المسكر عجاج ومن يترنح بهما فليس بحكيم.""
أمثال,20,44,"الإصحاح العشرون آية (1): ""الخمر مستهزئة المسكر عجاج ومن يترنح بهما فليس بحكيم.""
أمثال,20,45,"الإصحاح العشرون آية (1): ""الخمر مستهزئة المسكر عجاج ومن يترنح بهما فليس بحكيم.""
أمثال,20,46,"الإصحاح العشرون آية (1): ""الخمر مستهزئة المسكر عجاج ومن يترنح بهما فليس بحكيم.""
أمثال,20,47,"الإصحاح العشرون آية (1): ""الخمر مستهزئة المسكر عجاج ومن يترنح بهما فليس بحكيم.""
أمثال,20,48,"الإصحاح العشرون آية (1): ""الخمر مستهزئة المسكر عجاج ومن يترنح بهما فليس بحكيم.""
أمثال,20,49,"الإصحاح العشرون آية (1): ""الخمر مستهزئة المسكر عجاج ومن يترنح بهما فليس بحكيم.""
أمثال,20,50,"الإصحاح العشرون آية (1): ""الخمر مستهزئة المسكر عجاج ومن يترنح بهما فليس بحكيم.""
أمثال,20,51,"الإصحاح العشرون آية (1): ""الخمر مستهزئة المسكر عجاج ومن يترنح بهما فليس بحكيم.""
أمثال,20,52,"الإصحاح العشرون آية (1): ""الخمر مستهزئة المسكر عجاج ومن يترنح بهما فليس بحكيم.""
أمثال,20,53,"الإصحاح العشرون آية (1): ""الخمر مستهزئة المسكر عجاج ومن يترنح بهما فليس بحكيم.""
أمثال,20,54,"الإصحاح العشرون آية (1): ""الخمر مستهزئة المسكر عجاج ومن يترنح بهما فليس بحكيم.""
أمثال,20,55,"الإصحاح العشرون آية (1): ""الخمر مستهزئة المسكر عجاج ومن يترنح بهما فليس بحكيم.""
أمثال,20,56,"الإصحاح العشرون آية (1): ""الخمر مستهزئة المسكر عجاج ومن يترنح بهما فليس بحكيم.""
أمثال,20,57,"الإصحاح العشرون آية (1): ""الخمر مستهزئة المسكر عجاج ومن يترنح بهما فليس بحكيم.""
أمثال,20,58,"الإصحاح العشرون آية (1): ""الخمر مستهزئة المسكر عجاج ومن يترنح بهما فليس بحكيم.""
أمثال,20,59,"الإصحاح العشرون آية (1): ""الخمر مستهزئة المسكر عجاج ومن يترنح بهما فليس بحكيم.""
أمثال,20,60,"الإصحاح العشرون آية (1): ""الخمر مستهزئة المسكر عجاج ومن يترنح بهما فليس بحكيم.""
أمثال,20,61,"الإصحاح العشرون آية (1): ""الخمر مستهزئة المسكر عجاج ومن يترنح بهما فليس بحكيم.""
أمثال,20,62,"الإصحاح العشرون آية (1): ""الخمر مستهزئة المسكر عجاج ومن يترنح بهما فليس بحكيم.""
أمثال,20,63,"الإصحاح العشرون آية (1): ""الخمر مستهزئة المسكر عجاج ومن يترنح بهما فليس بحكيم.""
أمثال,20,64,"الإصحاح العشرون آية (1): ""الخمر مستهزئة المسكر عجاج ومن يترنح بهما فليس بحكيم.""
أمثال,20,65,"الإصحاح العشرون آية (1): ""الخمر مستهزئة المسكر عجاج ومن يترنح بهما فليس بحكيم.""
أمثال,20,66,"الإصحاح العشرون آية (1): ""الخمر مستهزئة المسكر عجاج ومن يترنح بهما فليس بحكيم.""
أمثال,20,67,"الإصحاح العشرون آية (1): ""الخمر مستهزئة المسكر عجاج ومن يترنح بهما فليس بحكيم.""
أمثال,20,68,"الإصحاح العشرون آية (1): ""الخمر مستهزئة المسكر عجاج ومن يترنح بهما فليس بحكيم.""
أمثال,20,69,"الإصحاح العشرون آية (1): ""الخمر مستهزئة المسكر عجاج ومن يترنح بهما فليس بحكيم.""
أمثال,20,70,"الإصحاح العشرون آية (1): ""الخمر مستهزئة المسكر عجاج ومن يترنح بهما فليس بحكيم.""
أمثال,20,71,"الإصحاح العشرون آية (1): ""الخمر مستهزئة المسكر عجاج ومن يترنح بهما فليس بحكيم.""
أمثال,20,72,"الإصحاح العشرون آية (1): ""الخمر مستهزئة المسكر عجاج ومن يترنح بهما فليس بحكيم.""
أمثال,20,73,"الإصحاح العشرون آية (1): ""الخمر مستهزئة المسكر عجاج ومن يترنح بهما فليس بحكيم.""
أمثال,20,74,"الإصحاح العشرون آية (1): ""الخمر مستهزئة المسكر عجاج ومن يترنح بهما فليس بحكيم.""
أمثال,20,75,"الإصحاح العشرون آية (1): ""الخمر مستهزئة المسكر عجاج ومن يترنح بهما فليس بحكيم.""
أمثال,20,76,"الإصحاح العشرون آية (1): ""الخمر مستهزئة المسكر عجاج ومن يترنح بهما فليس بحكيم.""
أمثال,20,77,"الإصحاح العشرون آية (1): ""الخمر مستهزئة المسكر عجاج ومن يترنح بهما فليس بحكيم.""
أمثال,20,78,"الإصحاح العشرون آية (1): ""الخمر مستهزئة المسكر عجاج ومن يترنح بهما فليس بحكيم.""
أمثال,20,79,"الإصحاح العشرون آية (1): ""الخمر مستهزئة المسكر عجاج ومن يترنح بهما فليس بحكيم.""
أمثال,20,80,"الإصحاح العشرون آية (1): ""الخمر مستهزئة المسكر عجاج ومن يترنح بهما فليس بحكيم.""
أمثال,20,81,"الإصحاح العشرون آية (1): ""الخمر مستهزئة المسكر عجاج ومن يترنح بهما فليس بحكيم.""
أمثال,20,82,"الإصحاح العشرون آية (1): ""الخمر مستهزئة المسكر عجاج ومن يترنح بهما فليس بحكيم.""
أمثال,20,83,"الإصحاح العشرون آية (1): ""الخمر مستهزئة المسكر عجاج ومن يترنح بهما فليس بحكيم.""
أمثال,20,84,"الإصحاح العشرون آية (1): ""الخمر مستهزئة المسكر عجاج ومن يترنح بهما فليس بحكيم.""
أمثال,20,85,"الإصحاح العشرون آية (1): ""الخمر مستهزئة المسكر عجاج ومن يترنح بهما فليس بحكيم.""
أمثال,20,86,"الإصحاح العشرون آية (1): ""الخمر مستهزئة المسكر عجاج ومن يترنح بهما فليس بحكيم.""
أمثال,20,87,"الإصحاح العشرون آية (1): ""الخمر مستهزئة المسكر عجاج ومن يترنح بهما فليس بحكيم.""
أمثال,20,88,"الإصحاح العشرون آية (1): ""الخمر مستهزئة المسكر عجاج ومن يترنح بهما فليس بحكيم.""
أمثال,20,89,"الإصحاح العشرون آية (1): ""الخمر مستهزئة المسكر عجاج ومن يترنح بهما فليس بحكيم.""
أمثال,20,90,"الإصحاح العشرون آية (1): ""الخمر مستهزئة المسكر عجاج ومن يترنح بهما فليس بحكيم.""
أمثال,20,91,"الإصحاح العشرون آية (1): ""الخمر مستهزئة المسكر عجاج ومن يترنح بهما فليس بحكيم.""
أمثال,20,92,"الإصحاح العشرون آية (1): ""الخمر مستهزئة المسكر عجاج ومن يترنح بهما فليس بحكيم.""
أمثال,20,93,"الإصحاح العشرون آية (1): ""الخمر مستهزئة المسكر عجاج ومن يترنح بهما فليس بحكيم.""
أمثال,20,94,"الإصحاح العشرون آية (1): ""الخمر مستهزئة المسكر عجاج ومن يترنح بهما فليس بحكيم.""
أمثال,20,95,"الإصحاح العشرون آية (1): ""الخمر مستهزئة المسكر عجاج ومن يترنح بهما فليس بحكيم.""
أمثال,20,96,"الإصحاح العشرون آية (1): ""الخمر مستهزئة المسكر عجاج ومن يترنح بهما فليس بحكيم.""
أمثال,20,97,"الإصحاح العشرون آية (1): ""الخمر مستهزئة المسكر عجاج ومن يترنح بهما فليس بحكيم.""
أمثال,20,98,"الإصحاح العشرون آية (1): ""الخمر مستهزئة المسكر عجاج ومن يترنح بهما فليس بحكيم.""
أمثال,20,99,"الإصحاح العشرون آية (1): ""الخمر مستهزئة المسكر عجاج ومن يترنح بهما فليس بحكيم.""
أمثال,21,1,"الإصحاح الحادي والعشرون آية (1): ""قلب الملك في يد الرب كجداول مياه حيثما شاء يميله.""
أمثال,21,2,"الإصحاح الحادي والعشرون آية (1): ""قلب الملك في يد الرب كجداول مياه حيثما شاء يميله.""
أمثال,21,3,"الإصحاح الحادي والعشرون آية (1): ""قلب الملك في يد الرب كجداول مياه حيثما شاء يميله.""
أمثال,21,4,"الإصحاح الحادي والعشرون آية (1): ""قلب الملك في يد الرب كجداول مياه حيثما شاء يميله.""
أمثال,21,5,"الإصحاح الحادي والعشرون آية (1): ""قلب الملك في يد الرب كجداول مياه حيثما شاء يميله.""
أمثال,21,6,"الإصحاح الحادي والعشرون آية (1): ""قلب الملك في يد الرب كجداول مياه حيثما شاء يميله.""
أمثال,21,7,"الإصحاح الحادي والعشرون آية (1): ""قلب الملك في يد الرب كجداول مياه حيثما شاء يميله.""
أمثال,21,8,"الإصحاح الحادي والعشرون آية (1): ""قلب الملك في يد الرب كجداول مياه حيثما شاء يميله.""
أمثال,21,9,"الإصحاح الحادي والعشرون آية (1): ""قلب الملك في يد الرب كجداول مياه حيثما شاء يميله.""
أمثال,21,10,"الإصحاح الحادي والعشرون آية (1): ""قلب الملك في يد الرب كجداول مياه حيثما شاء يميله.""
أمثال,21,11,"الإصحاح الحادي والعشرون آية (1): ""قلب الملك في يد الرب كجداول مياه حيثما شاء يميله.""
أمثال,21,12,"الإصحاح الحادي والعشرون آية (1): ""قلب الملك في يد الرب كجداول مياه حيثما شاء يميله.""
أمثال,21,13,"الإصحاح الحادي والعشرون آية (1): ""قلب الملك في يد الرب كجداول مياه حيثما شاء يميله.""
أمثال,21,14,"الإصحاح الحادي والعشرون آية (1): ""قلب الملك في يد الرب كجداول مياه حيثما شاء يميله.""
أمثال,21,15,"الإصحاح الحادي والعشرون آية (1): ""قلب الملك في يد الرب كجداول مياه حيثما شاء يميله.""
أمثال,21,16,"الإصحاح الحادي والعشرون آية (1): ""قلب الملك في يد الرب كجداول مياه حيثما شاء يميله.""
أمثال,21,17,"الإصحاح الحادي والعشرون آية (1): ""قلب الملك في يد الرب كجداول مياه حيثما شاء يميله.""
أمثال,21,18,"الإصحاح الحادي والعشرون آية (1): ""قلب الملك في يد الرب كجداول مياه حيثما شاء يميله.""
أمثال,21,19,"الإصحاح الحادي والعشرون آية (1): ""قلب الملك في يد الرب كجداول مياه حيثما شاء يميله.""
أمثال,21,20,"الإصحاح الحادي والعشرون آية (1): ""قلب الملك في يد الرب كجداول مياه حيثما شاء يميله.""
أمثال,21,21,"الإصحاح الحادي والعشرون آية (1): ""قلب الملك في يد الرب كجداول مياه حيثما شاء يميله.""
أمثال,21,22,"الإصحاح الحادي والعشرون آية (1): ""قلب الملك في يد الرب كجداول مياه حيثما شاء يميله.""
أمثال,21,23,"الإصحاح الحادي والعشرون آية (1): ""قلب الملك في يد الرب كجداول مياه حيثما شاء يميله.""
أمثال,21,24,"الإصحاح الحادي والعشرون آية (1): ""قلب الملك في يد الرب كجداول مياه حيثما شاء يميله.""
أمثال,21,25,"الإصحاح الحادي والعشرون آية (1): ""قلب الملك في يد الرب كجداول مياه حيثما شاء يميله.""
أمثال,21,26,"الإصحاح الحادي والعشرون آية (1): ""قلب الملك في يد الرب كجداول مياه حيثما شاء يميله.""
أمثال,21,27,"الإصحاح الحادي والعشرون آية (1): ""قلب الملك في يد الرب كجداول مياه حيثما شاء يميله.""
أمثال,21,28,"الإصحاح الحادي والعشرون آية (1): ""قلب الملك في يد الرب كجداول مياه حيثما شاء يميله.""
أمثال,21,29,"الإصحاح الحادي والعشرون آية (1): ""قلب الملك في يد الرب كجداول مياه حيثما شاء يميله.""
أمثال,21,30,"الإصحاح الحادي والعشرون آية (1): ""قلب الملك في يد الرب كجداول مياه حيثما شاء يميله.""
أمثال,21,31,"الإصحاح الحادي والعشرون آية (1): ""قلب الملك في يد الرب كجداول مياه حيثما شاء يميله.""
أمثال,21,32,"الإصحاح الحادي والعشرون آية (1): ""قلب الملك في يد الرب كجداول مياه حيثما شاء يميله.""
أمثال,21,33,"الإصحاح الحادي والعشرون آية (1): ""قلب الملك في يد الرب كجداول مياه حيثما شاء يميله.""
أمثال,21,34,"الإصحاح الحادي والعشرون آية (1): ""قلب الملك في يد الرب كجداول مياه حيثما شاء يميله.""
أمثال,21,35,"الإصحاح الحادي والعشرون آية (1): ""قلب الملك في يد الرب كجداول مياه حيثما شاء يميله.""
أمثال,21,36,"الإصحاح الحادي والعشرون آية (1): ""قلب الملك في يد الرب كجداول مياه حيثما شاء يميله.""
أمثال,21,37,"الإصحاح الحادي والعشرون آية (1): ""قلب الملك في يد الرب كجداول مياه حيثما شاء يميله.""
أمثال,21,38,"الإصحاح الحادي والعشرون آية (1): ""قلب الملك في يد الرب كجداول مياه حيثما شاء يميله.""
أمثال,21,39,"الإصحاح الحادي والعشرون آية (1): ""قلب الملك في يد الرب كجداول مياه حيثما شاء يميله.""
أمثال,21,40,"الإصحاح الحادي والعشرون آية (1): ""قلب الملك في يد الرب كجداول مياه حيثما شاء يميله.""
أمثال,21,41,"الإصحاح الحادي والعشرون آية (1): ""قلب الملك في يد الرب كجداول مياه حيثما شاء يميله.""
أمثال,21,42,"الإصحاح الحادي والعشرون آية (1): ""قلب الملك في يد الرب كجداول مياه حيثما شاء يميله.""
أمثال,21,43,"الإصحاح الحادي والعشرون آية (1): ""قلب الملك في يد الرب كجداول مياه حيثما شاء يميله.""
أمثال,21,44,"الإصحاح الحادي والعشرون آية (1): ""قلب الملك في يد الرب كجداول مياه حيثما شاء يميله.""
أمثال,21,45,"الإصحاح الحادي والعشرون آية (1): ""قلب الملك في يد الرب كجداول مياه حيثما شاء يميله.""
أمثال,21,46,"الإصحاح الحادي والعشرون آية (1): ""قلب الملك في يد الرب كجداول مياه حيثما شاء يميله.""
أمثال,21,47,"الإصحاح الحادي والعشرون آية (1): ""قلب الملك في يد الرب كجداول مياه حيثما شاء يميله.""
أمثال,21,48,"الإصحاح الحادي والعشرون آية (1): ""قلب الملك في يد الرب كجداول مياه حيثما شاء يميله.""
أمثال,21,49,"الإصحاح الحادي والعشرون آية (1): ""قلب الملك في يد الرب كجداول مياه حيثما شاء يميله.""
أمثال,21,50,"الإصحاح الحادي والعشرون آية (1): ""قلب الملك في يد الرب كجداول مياه حيثما شاء يميله.""
أمثال,21,51,"الإصحاح الحادي والعشرون آية (1): ""قلب الملك في يد الرب كجداول مياه حيثما شاء يميله.""
أمثال,21,52,"الإصحاح الحادي والعشرون آية (1): ""قلب الملك في يد الرب كجداول مياه حيثما شاء يميله.""
أمثال,21,53,"الإصحاح الحادي والعشرون آية (1): ""قلب الملك في يد الرب كجداول مياه حيثما شاء يميله.""
أمثال,21,54,"الإصحاح الحادي والعشرون آية (1): ""قلب الملك في يد الرب كجداول مياه حيثما شاء يميله.""
أمثال,21,55,"الإصحاح الحادي والعشرون آية (1): ""قلب الملك في يد الرب كجداول مياه حيثما شاء يميله.""
أمثال,21,56,"الإصحاح الحادي والعشرون آية (1): ""قلب الملك في يد الرب كجداول مياه حيثما شاء يميله.""
أمثال,21,57,"الإصحاح الحادي والعشرون آية (1): ""قلب الملك في يد الرب كجداول مياه حيثما شاء يميله.""
أمثال,21,58,"الإصحاح الحادي والعشرون آية (1): ""قلب الملك في يد الرب كجداول مياه حيثما شاء يميله.""
أمثال,21,59,"الإصحاح الحادي والعشرون آية (1): ""قلب الملك في يد الرب كجداول مياه حيثما شاء يميله.""
أمثال,21,60,"الإصحاح الحادي والعشرون آية (1): ""قلب الملك في يد الرب كجداول مياه حيثما شاء يميله.""
أمثال,21,61,"الإصحاح الحادي والعشرون آية (1): ""قلب الملك في يد الرب كجداول مياه حيثما شاء يميله.""
أمثال,21,62,"الإصحاح الحادي والعشرون آية (1): ""قلب الملك في يد الرب كجداول مياه حيثما شاء يميله.""
أمثال,21,63,"الإصحاح الحادي والعشرون آية (1): ""قلب الملك في يد الرب كجداول مياه حيثما شاء يميله.""
أمثال,21,64,"الإصحاح الحادي والعشرون آية (1): ""قلب الملك في يد الرب كجداول مياه حيثما شاء يميله.""
أمثال,21,65,"الإصحاح الحادي والعشرون آية (1): ""قلب الملك في يد الرب كجداول مياه حيثما شاء يميله.""
أمثال,21,66,"الإصحاح الحادي والعشرون آية (1): ""قلب الملك في يد الرب كجداول مياه حيثما شاء يميله.""
أمثال,21,67,"الإصحاح الحادي والعشرون آية (1): ""قلب الملك في يد الرب كجداول مياه حيثما شاء يميله.""
أمثال,21,68,"الإصحاح الحادي والعشرون آية (1): ""قلب الملك في يد الرب كجداول مياه حيثما شاء يميله.""
أمثال,21,69,"الإصحاح الحادي والعشرون آية (1): ""قلب الملك في يد الرب كجداول مياه حيثما شاء يميله.""
أمثال,21,70,"الإصحاح الحادي والعشرون آية (1): ""قلب الملك في يد الرب كجداول مياه حيثما شاء يميله.""
أمثال,21,71,"الإصحاح الحادي والعشرون آية (1): ""قلب الملك في يد الرب كجداول مياه حيثما شاء يميله.""
أمثال,21,72,"الإصحاح الحادي والعشرون آية (1): ""قلب الملك في يد الرب كجداول مياه حيثما شاء يميله.""
أمثال,21,73,"الإصحاح الحادي والعشرون آية (1): ""قلب الملك في يد الرب كجداول مياه حيثما شاء يميله.""
أمثال,21,74,"الإصحاح الحادي والعشرون آية (1): ""قلب الملك في يد الرب كجداول مياه حيثما شاء يميله.""
أمثال,21,75,"الإصحاح الحادي والعشرون آية (1): ""قلب الملك في يد الرب كجداول مياه حيثما شاء يميله.""
أمثال,21,76,"الإصحاح الحادي والعشرون آية (1): ""قلب الملك في يد الرب كجداول مياه حيثما شاء يميله.""
أمثال,21,77,"الإصحاح الحادي والعشرون آية (1): ""قلب الملك في يد الرب كجداول مياه حيثما شاء يميله.""
أمثال,21,78,"الإصحاح الحادي والعشرون آية (1): ""قلب الملك في يد الرب كجداول مياه حيثما شاء يميله.""
أمثال,21,79,"الإصحاح الحادي والعشرون آية (1): ""قلب الملك في يد الرب كجداول مياه حيثما شاء يميله.""
أمثال,21,80,"الإصحاح الحادي والعشرون آية (1): ""قلب الملك في يد الرب كجداول مياه حيثما شاء يميله.""
أمثال,21,81,"الإصحاح الحادي والعشرون آية (1): ""قلب الملك في يد الرب كجداول مياه حيثما شاء يميله.""
أمثال,21,82,"الإصحاح الحادي والعشرون آية (1): ""قلب الملك في يد الرب كجداول مياه حيثما شاء يميله.""
أمثال,21,83,"الإصحاح الحادي والعشرون آية (1): ""قلب الملك في يد الرب كجداول مياه حيثما شاء يميله.""
أمثال,21,84,"الإصحاح الحادي والعشرون آية (1): ""قلب الملك في يد الرب كجداول مياه حيثما شاء يميله.""
أمثال,21,85,"الإصحاح الحادي والعشرون آية (1): ""قلب الملك في يد الرب كجداول مياه حيثما شاء يميله.""
أمثال,21,86,"الإصحاح الحادي والعشرون آية (1): ""قلب الملك في يد الرب كجداول مياه حيثما شاء يميله.""
أمثال,21,87,"الإصحاح الحادي والعشرون آية (1): ""قلب الملك في يد الرب كجداول مياه حيثما شاء يميله.""
أمثال,21,88,"الإصحاح الحادي والعشرون آية (1): ""قلب الملك في يد الرب كجداول مياه حيثما شاء يميله.""
أمثال,21,89,"الإصحاح الحادي والعشرون آية (1): ""قلب الملك في يد الرب كجداول مياه حيثما شاء يميله.""
أمثال,21,90,"الإصحاح الحادي والعشرون آية (1): ""قلب الملك في يد الرب كجداول مياه حيثما شاء يميله.""
أمثال,21,91,"الإصحاح الحادي والعشرون آية (1): ""قلب الملك في يد الرب كجداول مياه حيثما شاء يميله.""
أمثال,21,92,"الإصحاح الحادي والعشرون آية (1): ""قلب الملك في يد الرب كجداول مياه حيثما شاء يميله.""
أمثال,21,93,"الإصحاح الحادي والعشرون آية (1): ""قلب الملك في يد الرب كجداول مياه حيثما شاء يميله.""
أمثال,21,94,"الإصحاح الحادي والعشرون آية (1): ""قلب الملك في يد الرب كجداول مياه حيثما شاء يميله.""
أمثال,21,95,"الإصحاح الحادي والعشرون آية (1): ""قلب الملك في يد الرب كجداول مياه حيثما شاء يميله.""
أمثال,21,96,"الإصحاح الحادي والعشرون آية (1): ""قلب الملك في يد الرب كجداول مياه حيثما شاء يميله.""
أمثال,21,97,"الإصحاح الحادي والعشرون آية (1): ""قلب الملك في يد الرب كجداول مياه حيثما شاء يميله.""
أمثال,21,98,"الإصحاح الحادي والعشرون آية (1): ""قلب الملك في يد الرب كجداول مياه حيثما شاء يميله.""
أمثال,21,99,"الإصحاح الحادي والعشرون آية (1): ""قلب الملك في يد الرب كجداول مياه حيثما شاء يميله.""
أمثال,22,1,"الإصحاح الثاني والعشرون آية (1): ""الصيت افضل من الغنى العظيم والنعمة الصالحة افضل من الفضة والذهب.""
أمثال,22,2,"الإصحاح الثاني والعشرون آية (1): ""الصيت افضل من الغنى العظيم والنعمة الصالحة افضل من الفضة والذهب.""
أمثال,22,3,"الإصحاح الثاني والعشرون آية (1): ""الصيت افضل من الغنى العظيم والنعمة الصالحة افضل من الفضة والذهب.""
أمثال,22,4,"الإصحاح الثاني والعشرون آية (1): ""الصيت افضل من الغنى العظيم والنعمة الصالحة افضل من الفضة والذهب.""
أمثال,22,5,"الإصحاح الثاني والعشرون آية (1): ""الصيت افضل من الغنى العظيم والنعمة الصالحة افضل من الفضة والذهب.""
أمثال,22,6,"الإصحاح الثاني والعشرون آية (1): ""الصيت افضل من الغنى العظيم والنعمة الصالحة افضل من الفضة والذهب.""
أمثال,22,7,"الإصحاح الثاني والعشرون آية (1): ""الصيت افضل من الغنى العظيم والنعمة الصالحة افضل من الفضة والذهب.""
أمثال,22,8,"الإصحاح الثاني والعشرون آية (1): ""الصيت افضل من الغنى العظيم والنعمة الصالحة افضل من الفضة والذهب.""
أمثال,22,9,"الإصحاح الثاني والعشرون آية (1): ""الصيت افضل من الغنى العظيم والنعمة الصالحة افضل من الفضة والذهب.""
أمثال,22,10,"الإصحاح الثاني والعشرون آية (1): ""الصيت افضل من الغنى العظيم والنعمة الصالحة افضل من الفضة والذهب.""
أمثال,22,11,"الإصحاح الثاني والعشرون آية (1): ""الصيت افضل من الغنى العظيم والنعمة الصالحة افضل من الفضة والذهب.""
أمثال,22,12,"الإصحاح الثاني والعشرون آية (1): ""الصيت افضل من الغنى العظيم والنعمة الصالحة افضل من الفضة والذهب.""
أمثال,22,13,"الإصحاح الثاني والعشرون آية (1): ""الصيت افضل من الغنى العظيم والنعمة الصالحة افضل من الفضة والذهب.""
أمثال,22,14,"الإصحاح الثاني والعشرون آية (1): ""الصيت افضل من الغنى العظيم والنعمة الصالحة افضل من الفضة والذهب.""
أمثال,22,15,"الإصحاح الثاني والعشرون آية (1): ""الصيت افضل من الغنى العظيم والنعمة الصالحة افضل من الفضة والذهب.""
أمثال,22,16,"الإصحاح الثاني والعشرون آية (1): ""الصيت افضل من الغنى العظيم والنعمة الصالحة افضل من الفضة والذهب.""
أمثال,22,17,"الإصحاح الثاني والعشرون آية (1): ""الصيت افضل من الغنى العظيم والنعمة الصالحة افضل من الفضة والذهب.""
أمثال,22,18,"الإصحاح الثاني والعشرون آية (1): ""الصيت افضل من الغنى العظيم والنعمة الصالحة افضل من الفضة والذهب.""
أمثال,22,19,"الإصحاح الثاني والعشرون آية (1): ""الصيت افضل من الغنى العظيم والنعمة الصالحة افضل من الفضة والذهب.""
أمثال,22,20,"الإصحاح الثاني والعشرون آية (1): ""الصيت افضل من الغنى العظيم والنعمة الصالحة افضل من الفضة والذهب.""
أمثال,22,21,"الإصحاح الثاني والعشرون آية (1): ""الصيت افضل من الغنى العظيم والنعمة الصالحة افضل من الفضة والذهب.""
أمثال,22,22,"الإصحاح الثاني والعشرون آية (1): ""الصيت افضل من الغنى العظيم والنعمة الصالحة افضل من الفضة والذهب.""
أمثال,22,23,"الإصحاح الثاني والعشرون آية (1): ""الصيت افضل من الغنى العظيم والنعمة الصالحة افضل من الفضة والذهب.""
أمثال,22,24,"الإصحاح الثاني والعشرون آية (1): ""الصيت افضل من الغنى العظيم والنعمة الصالحة افضل من الفضة والذهب.""
أمثال,22,25,"الإصحاح الثاني والعشرون آية (1): ""الصيت افضل من الغنى العظيم والنعمة الصالحة افضل من الفضة والذهب.""
أمثال,22,26,"الإصحاح الثاني والعشرون آية (1): ""الصيت افضل من الغنى العظيم والنعمة الصالحة افضل من الفضة والذهب.""
أمثال,22,27,"الإصحاح الثاني والعشرون آية (1): ""الصيت افضل من الغنى العظيم والنعمة الصالحة افضل من الفضة والذهب.""
أمثال,22,28,"الإصحاح الثاني والعشرون آية (1): ""الصيت افضل من الغنى العظيم والنعمة الصالحة افضل من الفضة والذهب.""
أمثال,22,29,"الإصحاح الثاني والعشرون آية (1): ""الصيت افضل من الغنى العظيم والنعمة الصالحة افضل من الفضة والذهب.""
أمثال,22,30,"الإصحاح الثاني والعشرون آية (1): ""الصيت افضل من الغنى العظيم والنعمة الصالحة افضل من الفضة والذهب.""
أمثال,22,31,"الإصحاح الثاني والعشرون آية (1): ""الصيت افضل من الغنى العظيم والنعمة الصالحة افضل من الفضة والذهب.""
أمثال,22,32,"الإصحاح الثاني والعشرون آية (1): ""الصيت افضل من الغنى العظيم والنعمة الصالحة افضل من الفضة والذهب.""
أمثال,22,33,"الإصحاح الثاني والعشرون آية (1): ""الصيت افضل من الغنى العظيم والنعمة الصالحة افضل من الفضة والذهب.""
أمثال,22,34,"الإصحاح الثاني والعشرون آية (1): ""الصيت افضل من الغنى العظيم والنعمة الصالحة افضل من الفضة والذهب.""
أمثال,22,35,"الإصحاح الثاني والعشرون آية (1): ""الصيت افضل من الغنى العظيم والنعمة الصالحة افضل من الفضة والذهب.""
أمثال,22,36,"الإصحاح الثاني والعشرون آية (1): ""الصيت افضل من الغنى العظيم والنعمة الصالحة افضل من الفضة والذهب.""
أمثال,22,37,"الإصحاح الثاني والعشرون آية (1): ""الصيت افضل من الغنى العظيم والنعمة الصالحة افضل من الفضة والذهب.""
أمثال,22,38,"الإصحاح الثاني والعشرون آية (1): ""الصيت افضل من الغنى العظيم والنعمة الصالحة افضل من الفضة والذهب.""
أمثال,22,39,"الإصحاح الثاني والعشرون آية (1): ""الصيت افضل من الغنى العظيم والنعمة الصالحة افضل من الفضة والذهب.""
أمثال,22,40,"الإصحاح الثاني والعشرون آية (1): ""الصيت افضل من الغنى العظيم والنعمة الصالحة افضل من الفضة والذهب.""
أمثال,22,41,"الإصحاح الثاني والعشرون آية (1): ""الصيت افضل من الغنى العظيم والنعمة الصالحة افضل من الفضة والذهب.""
أمثال,22,42,"الإصحاح الثاني والعشرون آية (1): ""الصيت افضل من الغنى العظيم والنعمة الصالحة افضل من الفضة والذهب.""
أمثال,22,43,"الإصحاح الثاني والعشرون آية (1): ""الصيت افضل من الغنى العظيم والنعمة الصالحة افضل من الفضة والذهب.""
أمثال,22,44,"الإصحاح الثاني والعشرون آية (1): ""الصيت افضل من الغنى العظيم والنعمة الصالحة افضل من الفضة والذهب.""
أمثال,22,45,"الإصحاح الثاني والعشرون آية (1): ""الصيت افضل من الغنى العظيم والنعمة الصالحة افضل من الفضة والذهب.""
أمثال,22,46,"الإصحاح الثاني والعشرون آية (1): ""الصيت افضل من الغنى العظيم والنعمة الصالحة افضل من الفضة والذهب.""
أمثال,22,47,"الإصحاح الثاني والعشرون آية (1): ""الصيت افضل من الغنى العظيم والنعمة الصالحة افضل من الفضة والذهب.""
أمثال,22,48,"الإصحاح الثاني والعشرون آية (1): ""الصيت افضل من الغنى العظيم والنعمة الصالحة افضل من الفضة والذهب.""
أمثال,22,49,"الإصحاح الثاني والعشرون آية (1): ""الصيت افضل من الغنى العظيم والنعمة الصالحة افضل من الفضة والذهب.""
أمثال,22,50,"الإصحاح الثاني والعشرون آية (1): ""الصيت افضل من الغنى العظيم والنعمة الصالحة افضل من الفضة والذهب.""
أمثال,22,51,"الإصحاح الثاني والعشرون آية (1): ""الصيت افضل من الغنى العظيم والنعمة الصالحة افضل من الفضة والذهب.""
أمثال,22,52,"الإصحاح الثاني والعشرون آية (1): ""الصيت افضل من الغنى العظيم والنعمة الصالحة افضل من الفضة والذهب.""
أمثال,22,53,"الإصحاح الثاني والعشرون آية (1): ""الصيت افضل من الغنى العظيم والنعمة الصالحة افضل من الفضة والذهب.""
أمثال,22,54,"الإصحاح الثاني والعشرون آية (1): ""الصيت افضل من الغنى العظيم والنعمة الصالحة افضل من الفضة والذهب.""
أمثال,22,55,"الإصحاح الثاني والعشرون آية (1): ""الصيت افضل من الغنى العظيم والنعمة الصالحة افضل من الفضة والذهب.""
أمثال,22,56,"الإصحاح الثاني والعشرون آية (1): ""الصيت افضل من الغنى العظيم والنعمة الصالحة افضل من الفضة والذهب.""
أمثال,22,57,"الإصحاح الثاني والعشرون آية (1): ""الصيت افضل من الغنى العظيم والنعمة الصالحة افضل من الفضة والذهب.""
أمثال,22,58,"الإصحاح الثاني والعشرون آية (1): ""الصيت افضل من الغنى العظيم والنعمة الصالحة افضل من الفضة والذهب.""
أمثال,22,59,"الإصحاح الثاني والعشرون آية (1): ""الصيت افضل من الغنى العظيم والنعمة الصالحة افضل من الفضة والذهب.""
أمثال,22,60,"الإصحاح الثاني والعشرون آية (1): ""الصيت افضل من الغنى العظيم والنعمة الصالحة افضل من الفضة والذهب.""
أمثال,22,61,"الإصحاح الثاني والعشرون آية (1): ""الصيت افضل من الغنى العظيم والنعمة الصالحة افضل من الفضة والذهب.""
أمثال,22,62,"الإصحاح الثاني والعشرون آية (1): ""الصيت افضل من الغنى العظيم والنعمة الصالحة افضل من الفضة والذهب.""
أمثال,22,63,"الإصحاح الثاني والعشرون آية (1): ""الصيت افضل من الغنى العظيم والنعمة الصالحة افضل من الفضة والذهب.""
أمثال,22,64,"الإصحاح الثاني والعشرون آية (1): ""الصيت افضل من الغنى العظيم والنعمة الصالحة افضل من الفضة والذهب.""
أمثال,22,65,"الإصحاح الثاني والعشرون آية (1): ""الصيت افضل من الغنى العظيم والنعمة الصالحة افضل من الفضة والذهب.""
أمثال,22,66,"الإصحاح الثاني والعشرون آية (1): ""الصيت افضل من الغنى العظيم والنعمة الصالحة افضل من الفضة والذهب.""
أمثال,22,67,"الإصحاح الثاني والعشرون آية (1): ""الصيت افضل من الغنى العظيم والنعمة الصالحة افضل من الفضة والذهب.""
أمثال,22,68,"الإصحاح الثاني والعشرون آية (1): ""الصيت افضل من الغنى العظيم والنعمة الصالحة افضل من الفضة والذهب.""
أمثال,22,69,"الإصحاح الثاني والعشرون آية (1): ""الصيت افضل من الغنى العظيم والنعمة الصالحة افضل من الفضة والذهب.""
أمثال,22,70,"الإصحاح الثاني والعشرون آية (1): ""الصيت افضل من الغنى العظيم والنعمة الصالحة افضل من الفضة والذهب.""
أمثال,22,71,"الإصحاح الثاني والعشرون آية (1): ""الصيت افضل من الغنى العظيم والنعمة الصالحة افضل من الفضة والذهب.""
أمثال,22,72,"الإصحاح الثاني والعشرون آية (1): ""الصيت افضل من الغنى العظيم والنعمة الصالحة افضل من الفضة والذهب.""
أمثال,22,73,"الإصحاح الثاني والعشرون آية (1): ""الصيت افضل من الغنى العظيم والنعمة الصالحة افضل من الفضة والذهب.""
أمثال,22,74,"الإصحاح الثاني والعشرون آية (1): ""الصيت افضل من الغنى العظيم والنعمة الصالحة افضل من الفضة والذهب.""
أمثال,22,75,"الإصحاح الثاني والعشرون آية (1): ""الصيت افضل من الغنى العظيم والنعمة الصالحة افضل من الفضة والذهب.""
أمثال,22,76,"الإصحاح الثاني والعشرون آية (1): ""الصيت افضل من الغنى العظيم والنعمة الصالحة افضل من الفضة والذهب.""
أمثال,22,77,"الإصحاح الثاني والعشرون آية (1): ""الصيت افضل من الغنى العظيم والنعمة الصالحة افضل من الفضة والذهب.""
أمثال,22,78,"الإصحاح الثاني والعشرون آية (1): ""الصيت افضل من الغنى العظيم والنعمة الصالحة افضل من الفضة والذهب.""
أمثال,22,79,"الإصحاح الثاني والعشرون آية (1): ""الصيت افضل من الغنى العظيم والنعمة الصالحة افضل من الفضة والذهب.""
أمثال,22,80,"الإصحاح الثاني والعشرون آية (1): ""الصيت افضل من الغنى العظيم والنعمة الصالحة افضل من الفضة والذهب.""
أمثال,22,81,"الإصحاح الثاني والعشرون آية (1): ""الصيت افضل من الغنى العظيم والنعمة الصالحة افضل من الفضة والذهب.""
أمثال,22,82,"الإصحاح الثاني والعشرون آية (1): ""الصيت افضل من الغنى العظيم والنعمة الصالحة افضل من الفضة والذهب.""
أمثال,22,83,"الإصحاح الثاني والعشرون آية (1): ""الصيت افضل من الغنى العظيم والنعمة الصالحة افضل من الفضة والذهب.""
أمثال,22,84,"الإصحاح الثاني والعشرون آية (1): ""الصيت افضل من الغنى العظيم والنعمة الصالحة افضل من الفضة والذهب.""
أمثال,22,85,"الإصحاح الثاني والعشرون آية (1): ""الصيت افضل من الغنى العظيم والنعمة الصالحة افضل من الفضة والذهب.""
أمثال,22,86,"الإصحاح الثاني والعشرون آية (1): ""الصيت افضل من الغنى العظيم والنعمة الصالحة افضل من الفضة والذهب.""
أمثال,22,87,"الإصحاح الثاني والعشرون آية (1): ""الصيت افضل من الغنى العظيم والنعمة الصالحة افضل من الفضة والذهب.""
أمثال,22,88,"الإصحاح الثاني والعشرون آية (1): ""الصيت افضل من الغنى العظيم والنعمة الصالحة افضل من الفضة والذهب.""
أمثال,22,89,"الإصحاح الثاني والعشرون آية (1): ""الصيت افضل من الغنى العظيم والنعمة الصالحة افضل من الفضة والذهب.""
أمثال,22,90,"الإصحاح الثاني والعشرون آية (1): ""الصيت افضل من الغنى العظيم والنعمة الصالحة افضل من الفضة والذهب.""
أمثال,22,91,"الإصحاح الثاني والعشرون آية (1): ""الصيت افضل من الغنى العظيم والنعمة الصالحة افضل من الفضة والذهب.""
أمثال,22,92,"الإصحاح الثاني والعشرون آية (1): ""الصيت افضل من الغنى العظيم والنعمة الصالحة افضل من الفضة والذهب.""
أمثال,22,93,"الإصحاح الثاني والعشرون آية (1): ""الصيت افضل من الغنى العظيم والنعمة الصالحة افضل من الفضة والذهب.""
أمثال,22,94,"الإصحاح الثاني والعشرون آية (1): ""الصيت افضل من الغنى العظيم والنعمة الصالحة افضل من الفضة والذهب.""
أمثال,22,95,"الإصحاح الثاني والعشرون آية (1): ""الصيت افضل من الغنى العظيم والنعمة الصالحة افضل من الفضة والذهب.""
أمثال,22,96,"الإصحاح الثاني والعشرون آية (1): ""الصيت افضل من الغنى العظيم والنعمة الصالحة افضل من الفضة والذهب.""
أمثال,22,97,"الإصحاح الثاني والعشرون آية (1): ""الصيت افضل من الغنى العظيم والنعمة الصالحة افضل من الفضة والذهب.""
أمثال,22,98,"الإصحاح الثاني والعشرون آية (1): ""الصيت افضل من الغنى العظيم والنعمة الصالحة افضل من الفضة والذهب.""
أمثال,22,99,"الإصحاح الثاني والعشرون آية (1): ""الصيت افضل من الغنى العظيم والنعمة الصالحة افضل من الفضة والذهب.""
أمثال,23,1,"الإصحاح الثالث والعشرون الآيات (1-3): ""إذا جلست تآكل مع متسلط فتأمل ما هو أمامك تأملاً. وضع سكيناً لحنجرتك أن كنت شرها. لا تشته أطايبه لأنها خبز أكاذيب.""
أمثال,23,2,"الإصحاح الثالث والعشرون الآيات (1-3): ""إذا جلست تآكل مع متسلط فتأمل ما هو أمامك تأملاً. وضع سكيناً لحنجرتك أن كنت شرها. لا تشته أطايبه لأنها خبز أكاذيب.""
أمثال,23,3,"الإصحاح الثالث والعشرون الآيات (1-3): ""إذا جلست تآكل مع متسلط فتأمل ما هو أمامك تأملاً. وضع سكيناً لحنجرتك أن كنت شرها. لا تشته أطايبه لأنها خبز أكاذيب.""
أمثال,23,4,"الإصحاح الثالث والعشرون الآيات (1-3): ""إذا جلست تآكل مع متسلط فتأمل ما هو أمامك تأملاً. وضع سكيناً لحنجرتك أن كنت شرها. لا تشته أطايبه لأنها خبز أكاذيب.""
أمثال,23,5,"الإصحاح الثالث والعشرون الآيات (1-3): ""إذا جلست تآكل مع متسلط فتأمل ما هو أمامك تأملاً. وضع سكيناً لحنجرتك أن كنت شرها. لا تشته أطايبه لأنها خبز أكاذيب.""
أمثال,23,6,"الإصحاح الثالث والعشرون الآيات (1-3): ""إذا جلست تآكل مع متسلط فتأمل ما هو أمامك تأملاً. وضع سكيناً لحنجرتك أن كنت شرها. لا تشته أطايبه لأنها خبز أكاذيب.""
أمثال,23,7,"الإصحاح الثالث والعشرون الآيات (1-3): ""إذا جلست تآكل مع متسلط فتأمل ما هو أمامك تأملاً. وضع سكيناً لحنجرتك أن كنت شرها. لا تشته أطايبه لأنها خبز أكاذيب.""
أمثال,23,8,"الإصحاح الثالث والعشرون الآيات (1-3): ""إذا جلست تآكل مع متسلط فتأمل ما هو أمامك تأملاً. وضع سكيناً لحنجرتك أن كنت شرها. لا تشته أطايبه لأنها خبز أكاذيب.""
أمثال,23,9,"الإصحاح الثالث والعشرون الآيات (1-3): ""إذا جلست تآكل مع متسلط فتأمل ما هو أمامك تأملاً. وضع سكيناً لحنجرتك أن كنت شرها. لا تشته أطايبه لأنها خبز أكاذيب.""
أمثال,23,10,"الإصحاح الثالث والعشرون الآيات (1-3): ""إذا جلست تآكل مع متسلط فتأمل ما هو أمامك تأملاً. وضع سكيناً لحنجرتك أن كنت شرها. لا تشته أطايبه لأنها خبز أكاذيب.""
أمثال,23,11,"الإصحاح الثالث والعشرون الآيات (1-3): ""إذا جلست تآكل مع متسلط فتأمل ما هو أمامك تأملاً. وضع سكيناً لحنجرتك أن كنت شرها. لا تشته أطايبه لأنها خبز أكاذيب.""
أمثال,23,12,"الإصحاح الثالث والعشرون الآيات (1-3): ""إذا جلست تآكل مع متسلط فتأمل ما هو أمامك تأملاً. وضع سكيناً لحنجرتك أن كنت شرها. لا تشته أطايبه لأنها خبز أكاذيب.""
أمثال,23,13,"الإصحاح الثالث والعشرون الآيات (1-3): ""إذا جلست تآكل مع متسلط فتأمل ما هو أمامك تأملاً. وضع سكيناً لحنجرتك أن كنت شرها. لا تشته أطايبه لأنها خبز أكاذيب.""
أمثال,23,14,"الإصحاح الثالث والعشرون الآيات (1-3): ""إذا جلست تآكل مع متسلط فتأمل ما هو أمامك تأملاً. وضع سكيناً لحنجرتك أن كنت شرها. لا تشته أطايبه لأنها خبز أكاذيب.""
أمثال,23,15,"الإصحاح الثالث والعشرون الآيات (1-3): ""إذا جلست تآكل مع متسلط فتأمل ما هو أمامك تأملاً. وضع سكيناً لحنجرتك أن كنت شرها. لا تشته أطايبه لأنها خبز أكاذيب.""
أمثال,23,16,"الإصحاح الثالث والعشرون الآيات (1-3): ""إذا جلست تآكل مع متسلط فتأمل ما هو أمامك تأملاً. وضع سكيناً لحنجرتك أن كنت شرها. لا تشته أطايبه لأنها خبز أكاذيب.""
أمثال,23,17,"الإصحاح الثالث والعشرون الآيات (1-3): ""إذا جلست تآكل مع متسلط فتأمل ما هو أمامك تأملاً. وضع سكيناً لحنجرتك أن كنت شرها. لا تشته أطايبه لأنها خبز أكاذيب.""
أمثال,23,18,"الإصحاح الثالث والعشرون الآيات (1-3): ""إذا جلست تآكل مع متسلط فتأمل ما هو أمامك تأملاً. وضع سكيناً لحنجرتك أن كنت شرها. لا تشته أطايبه لأنها خبز أكاذيب.""
أمثال,23,19,"الإصحاح الثالث والعشرون الآيات (1-3): ""إذا جلست تآكل مع متسلط فتأمل ما هو أمامك تأملاً. وضع سكيناً لحنجرتك أن كنت شرها. لا تشته أطايبه لأنها خبز أكاذيب.""
أمثال,23,20,"الإصحاح الثالث والعشرون الآيات (1-3): ""إذا جلست تآكل مع متسلط فتأمل ما هو أمامك تأملاً. وضع سكيناً لحنجرتك أن كنت شرها. لا تشته أطايبه لأنها خبز أكاذيب.""
أمثال,23,21,"الإصحاح الثالث والعشرون الآيات (1-3): ""إذا جلست تآكل مع متسلط فتأمل ما هو أمامك تأملاً. وضع سكيناً لحنجرتك أن كنت شرها. لا تشته أطايبه لأنها خبز أكاذيب.""
أمثال,23,22,"الإصحاح الثالث والعشرون الآيات (1-3): ""إذا جلست تآكل مع متسلط فتأمل ما هو أمامك تأملاً. وضع سكيناً لحنجرتك أن كنت شرها. لا تشته أطايبه لأنها خبز أكاذيب.""
أمثال,23,23,"الإصحاح الثالث والعشرون الآيات (1-3): ""إذا جلست تآكل مع متسلط فتأمل ما هو أمامك تأملاً. وضع سكيناً لحنجرتك أن كنت شرها. لا تشته أطايبه لأنها خبز أكاذيب.""
أمثال,23,24,"الإصحاح الثالث والعشرون الآيات (1-3): ""إذا جلست تآكل مع متسلط فتأمل ما هو أمامك تأملاً. وضع سكيناً لحنجرتك أن كنت شرها. لا تشته أطايبه لأنها خبز أكاذيب.""
أمثال,23,25,"الإصحاح الثالث والعشرون الآيات (1-3): ""إذا جلست تآكل مع متسلط فتأمل ما هو أمامك تأملاً. وضع سكيناً لحنجرتك أن كنت شرها. لا تشته أطايبه لأنها خبز أكاذيب.""
أمثال,23,26,"الإصحاح الثالث والعشرون الآيات (1-3): ""إذا جلست تآكل مع متسلط فتأمل ما هو أمامك تأملاً. وضع سكيناً لحنجرتك أن كنت شرها. لا تشته أطايبه لأنها خبز أكاذيب.""
أمثال,23,27,"الإصحاح الثالث والعشرون الآيات (1-3): ""إذا جلست تآكل مع متسلط فتأمل ما هو أمامك تأملاً. وضع سكيناً لحنجرتك أن كنت شرها. لا تشته أطايبه لأنها خبز أكاذيب.""
أمثال,23,28,"الإصحاح الثالث والعشرون الآيات (1-3): ""إذا جلست تآكل مع متسلط فتأمل ما هو أمامك تأملاً. وضع سكيناً لحنجرتك أن كنت شرها. لا تشته أطايبه لأنها خبز أكاذيب.""
أمثال,23,29,"الإصحاح الثالث والعشرون الآيات (1-3): ""إذا جلست تآكل مع متسلط فتأمل ما هو أمامك تأملاً. وضع سكيناً لحنجرتك أن كنت شرها. لا تشته أطايبه لأنها خبز أكاذيب.""
أمثال,23,30,"الإصحاح الثالث والعشرون الآيات (1-3): ""إذا جلست تآكل مع متسلط فتأمل ما هو أمامك تأملاً. وضع سكيناً لحنجرتك أن كنت شرها. لا تشته أطايبه لأنها خبز أكاذيب.""
أمثال,23,31,"الإصحاح الثالث والعشرون الآيات (1-3): ""إذا جلست تآكل مع متسلط فتأمل ما هو أمامك تأملاً. وضع سكيناً لحنجرتك أن كنت شرها. لا تشته أطايبه لأنها خبز أكاذيب.""
أمثال,23,32,"الإصحاح الثالث والعشرون الآيات (1-3): ""إذا جلست تآكل مع متسلط فتأمل ما هو أمامك تأملاً. وضع سكيناً لحنجرتك أن كنت شرها. لا تشته أطايبه لأنها خبز أكاذيب.""
أمثال,23,33,"الإصحاح الثالث والعشرون الآيات (1-3): ""إذا جلست تآكل مع متسلط فتأمل ما هو أمامك تأملاً. وضع سكيناً لحنجرتك أن كنت شرها. لا تشته أطايبه لأنها خبز أكاذيب.""
أمثال,23,34,"الإصحاح الثالث والعشرون الآيات (1-3): ""إذا جلست تآكل مع متسلط فتأمل ما هو أمامك تأملاً. وضع سكيناً لحنجرتك أن كنت شرها. لا تشته أطايبه لأنها خبز أكاذيب.""
أمثال,23,35,"الإصحاح الثالث والعشرون الآيات (1-3): ""إذا جلست تآكل مع متسلط فتأمل ما هو أمامك تأملاً. وضع سكيناً لحنجرتك أن كنت شرها. لا تشته أطايبه لأنها خبز أكاذيب.""
أمثال,23,36,"الإصحاح الثالث والعشرون الآيات (1-3): ""إذا جلست تآكل مع متسلط فتأمل ما هو أمامك تأملاً. وضع سكيناً لحنجرتك أن كنت شرها. لا تشته أطايبه لأنها خبز أكاذيب.""
أمثال,23,37,"الإصحاح الثالث والعشرون الآيات (1-3): ""إذا جلست تآكل مع متسلط فتأمل ما هو أمامك تأملاً. وضع سكيناً لحنجرتك أن كنت شرها. لا تشته أطايبه لأنها خبز أكاذيب.""
أمثال,23,38,"الإصحاح الثالث والعشرون الآيات (1-3): ""إذا جلست تآكل مع متسلط فتأمل ما هو أمامك تأملاً. وضع سكيناً لحنجرتك أن كنت شرها. لا تشته أطايبه لأنها خبز أكاذيب.""
أمثال,23,39,"الإصحاح الثالث والعشرون الآيات (1-3): ""إذا جلست تآكل مع متسلط فتأمل ما هو أمامك تأملاً. وضع سكيناً لحنجرتك أن كنت شرها. لا تشته أطايبه لأنها خبز أكاذيب.""
أمثال,23,40,"الإصحاح الثالث والعشرون الآيات (1-3): ""إذا جلست تآكل مع متسلط فتأمل ما هو أمامك تأملاً. وضع سكيناً لحنجرتك أن كنت شرها. لا تشته أطايبه لأنها خبز أكاذيب.""
أمثال,23,41,"الإصحاح الثالث والعشرون الآيات (1-3): ""إذا جلست تآكل مع متسلط فتأمل ما هو أمامك تأملاً. وضع سكيناً لحنجرتك أن كنت شرها. لا تشته أطايبه لأنها خبز أكاذيب.""
أمثال,23,42,"الإصحاح الثالث والعشرون الآيات (1-3): ""إذا جلست تآكل مع متسلط فتأمل ما هو أمامك تأملاً. وضع سكيناً لحنجرتك أن كنت شرها. لا تشته أطايبه لأنها خبز أكاذيب.""
أمثال,23,43,"الإصحاح الثالث والعشرون الآيات (1-3): ""إذا جلست تآكل مع متسلط فتأمل ما هو أمامك تأملاً. وضع سكيناً لحنجرتك أن كنت شرها. لا تشته أطايبه لأنها خبز أكاذيب.""
أمثال,23,44,"الإصحاح الثالث والعشرون الآيات (1-3): ""إذا جلست تآكل مع متسلط فتأمل ما هو أمامك تأملاً. وضع سكيناً لحنجرتك أن كنت شرها. لا تشته أطايبه لأنها خبز أكاذيب.""
أمثال,23,45,"الإصحاح الثالث والعشرون الآيات (1-3): ""إذا جلست تآكل مع متسلط فتأمل ما هو أمامك تأملاً. وضع سكيناً لحنجرتك أن كنت شرها. لا تشته أطايبه لأنها خبز أكاذيب.""
أمثال,23,46,"الإصحاح الثالث والعشرون الآيات (1-3): ""إذا جلست تآكل مع متسلط فتأمل ما هو أمامك تأملاً. وضع سكيناً لحنجرتك أن كنت شرها. لا تشته أطايبه لأنها خبز أكاذيب.""
أمثال,23,47,"الإصحاح الثالث والعشرون الآيات (1-3): ""إذا جلست تآكل مع متسلط فتأمل ما هو أمامك تأملاً. وضع سكيناً لحنجرتك أن كنت شرها. لا تشته أطايبه لأنها خبز أكاذيب.""
أمثال,23,48,"الإصحاح الثالث والعشرون الآيات (1-3): ""إذا جلست تآكل مع متسلط فتأمل ما هو أمامك تأملاً. وضع سكيناً لحنجرتك أن كنت شرها. لا تشته أطايبه لأنها خبز أكاذيب.""
أمثال,23,49,"الإصحاح الثالث والعشرون الآيات (1-3): ""إذا جلست تآكل مع متسلط فتأمل ما هو أمامك تأملاً. وضع سكيناً لحنجرتك أن كنت شرها. لا تشته أطايبه لأنها خبز أكاذيب.""
أمثال,23,50,"الإصحاح الثالث والعشرون الآيات (1-3): ""إذا جلست تآكل مع متسلط فتأمل ما هو أمامك تأملاً. وضع سكيناً لحنجرتك أن كنت شرها. لا تشته أطايبه لأنها خبز أكاذيب.""
أمثال,23,51,"الإصحاح الثالث والعشرون الآيات (1-3): ""إذا جلست تآكل مع متسلط فتأمل ما هو أمامك تأملاً. وضع سكيناً لحنجرتك أن كنت شرها. لا تشته أطايبه لأنها خبز أكاذيب.""
أمثال,23,52,"الإصحاح الثالث والعشرون الآيات (1-3): ""إذا جلست تآكل مع متسلط فتأمل ما هو أمامك تأملاً. وضع سكيناً لحنجرتك أن كنت شرها. لا تشته أطايبه لأنها خبز أكاذيب.""
أمثال,23,53,"الإصحاح الثالث والعشرون الآيات (1-3): ""إذا جلست تآكل مع متسلط فتأمل ما هو أمامك تأملاً. وضع سكيناً لحنجرتك أن كنت شرها. لا تشته أطايبه لأنها خبز أكاذيب.""
أمثال,23,54,"الإصحاح الثالث والعشرون الآيات (1-3): ""إذا جلست تآكل مع متسلط فتأمل ما هو أمامك تأملاً. وضع سكيناً لحنجرتك أن كنت شرها. لا تشته أطايبه لأنها خبز أكاذيب.""
أمثال,23,55,"الإصحاح الثالث والعشرون الآيات (1-3): ""إذا جلست تآكل مع متسلط فتأمل ما هو أمامك تأملاً. وضع سكيناً لحنجرتك أن كنت شرها. لا تشته أطايبه لأنها خبز أكاذيب.""
أمثال,23,56,"الإصحاح الثالث والعشرون الآيات (1-3): ""إذا جلست تآكل مع متسلط فتأمل ما هو أمامك تأملاً. وضع سكيناً لحنجرتك أن كنت شرها. لا تشته أطايبه لأنها خبز أكاذيب.""
أمثال,23,57,"الإصحاح الثالث والعشرون الآيات (1-3): ""إذا جلست تآكل مع متسلط فتأمل ما هو أمامك تأملاً. وضع سكيناً لحنجرتك أن كنت شرها. لا تشته أطايبه لأنها خبز أكاذيب.""
أمثال,23,58,"الإصحاح الثالث والعشرون الآيات (1-3): ""إذا جلست تآكل مع متسلط فتأمل ما هو أمامك تأملاً. وضع سكيناً لحنجرتك أن كنت شرها. لا تشته أطايبه لأنها خبز أكاذيب.""
أمثال,23,59,"الإصحاح الثالث والعشرون الآيات (1-3): ""إذا جلست تآكل مع متسلط فتأمل ما هو أمامك تأملاً. وضع سكيناً لحنجرتك أن كنت شرها. لا تشته أطايبه لأنها خبز أكاذيب.""
أمثال,23,60,"الإصحاح الثالث والعشرون الآيات (1-3): ""إذا جلست تآكل مع متسلط فتأمل ما هو أمامك تأملاً. وضع سكيناً لحنجرتك أن كنت شرها. لا تشته أطايبه لأنها خبز أكاذيب.""
أمثال,23,61,"الإصحاح الثالث والعشرون الآيات (1-3): ""إذا جلست تآكل مع متسلط فتأمل ما هو أمامك تأملاً. وضع سكيناً لحنجرتك أن كنت شرها. لا تشته أطايبه لأنها خبز أكاذيب.""
أمثال,23,62,"الإصحاح الثالث والعشرون الآيات (1-3): ""إذا جلست تآكل مع متسلط فتأمل ما هو أمامك تأملاً. وضع سكيناً لحنجرتك أن كنت شرها. لا تشته أطايبه لأنها خبز أكاذيب.""
أمثال,23,63,"الإصحاح الثالث والعشرون الآيات (1-3): ""إذا جلست تآكل مع متسلط فتأمل ما هو أمامك تأملاً. وضع سكيناً لحنجرتك أن كنت شرها. لا تشته أطايبه لأنها خبز أكاذيب.""
أمثال,23,64,"الإصحاح الثالث والعشرون الآيات (1-3): ""إذا جلست تآكل مع متسلط فتأمل ما هو أمامك تأملاً. وضع سكيناً لحنجرتك أن كنت شرها. لا تشته أطايبه لأنها خبز أكاذيب.""
أمثال,23,65,"الإصحاح الثالث والعشرون الآيات (1-3): ""إذا جلست تآكل مع متسلط فتأمل ما هو أمامك تأملاً. وضع سكيناً لحنجرتك أن كنت شرها. لا تشته أطايبه لأنها خبز أكاذيب.""
أمثال,23,66,"الإصحاح الثالث والعشرون الآيات (1-3): ""إذا جلست تآكل مع متسلط فتأمل ما هو أمامك تأملاً. وضع سكيناً لحنجرتك أن كنت شرها. لا تشته أطايبه لأنها خبز أكاذيب.""
أمثال,23,67,"الإصحاح الثالث والعشرون الآيات (1-3): ""إذا جلست تآكل مع متسلط فتأمل ما هو أمامك تأملاً. وضع سكيناً لحنجرتك أن كنت شرها. لا تشته أطايبه لأنها خبز أكاذيب.""
أمثال,23,68,"الإصحاح الثالث والعشرون الآيات (1-3): ""إذا جلست تآكل مع متسلط فتأمل ما هو أمامك تأملاً. وضع سكيناً لحنجرتك أن كنت شرها. لا تشته أطايبه لأنها خبز أكاذيب.""
أمثال,23,69,"الإصحاح الثالث والعشرون الآيات (1-3): ""إذا جلست تآكل مع متسلط فتأمل ما هو أمامك تأملاً. وضع سكيناً لحنجرتك أن كنت شرها. لا تشته أطايبه لأنها خبز أكاذيب.""
أمثال,23,70,"الإصحاح الثالث والعشرون الآيات (1-3): ""إذا جلست تآكل مع متسلط فتأمل ما هو أمامك تأملاً. وضع سكيناً لحنجرتك أن كنت شرها. لا تشته أطايبه لأنها خبز أكاذيب.""
أمثال,23,71,"الإصحاح الثالث والعشرون الآيات (1-3): ""إذا جلست تآكل مع متسلط فتأمل ما هو أمامك تأملاً. وضع سكيناً لحنجرتك أن كنت شرها. لا تشته أطايبه لأنها خبز أكاذيب.""
أمثال,23,72,"الإصحاح الثالث والعشرون الآيات (1-3): ""إذا جلست تآكل مع متسلط فتأمل ما هو أمامك تأملاً. وضع سكيناً لحنجرتك أن كنت شرها. لا تشته أطايبه لأنها خبز أكاذيب.""
أمثال,23,73,"الإصحاح الثالث والعشرون الآيات (1-3): ""إذا جلست تآكل مع متسلط فتأمل ما هو أمامك تأملاً. وضع سكيناً لحنجرتك أن كنت شرها. لا تشته أطايبه لأنها خبز أكاذيب.""
أمثال,23,74,"الإصحاح الثالث والعشرون الآيات (1-3): ""إذا جلست تآكل مع متسلط فتأمل ما هو أمامك تأملاً. وضع سكيناً لحنجرتك أن كنت شرها. لا تشته أطايبه لأنها خبز أكاذيب.""
أمثال,23,75,"الإصحاح الثالث والعشرون الآيات (1-3): ""إذا جلست تآكل مع متسلط فتأمل ما هو أمامك تأملاً. وضع سكيناً لحنجرتك أن كنت شرها. لا تشته أطايبه لأنها خبز أكاذيب.""
أمثال,23,76,"الإصحاح الثالث والعشرون الآيات (1-3): ""إذا جلست تآكل مع متسلط فتأمل ما هو أمامك تأملاً. وضع سكيناً لحنجرتك أن كنت شرها. لا تشته أطايبه لأنها خبز أكاذيب.""
أمثال,23,77,"الإصحاح الثالث والعشرون الآيات (1-3): ""إذا جلست تآكل مع متسلط فتأمل ما هو أمامك تأملاً. وضع سكيناً لحنجرتك أن كنت شرها. لا تشته أطايبه لأنها خبز أكاذيب.""
أمثال,23,78,"الإصحاح الثالث والعشرون الآيات (1-3): ""إذا جلست تآكل مع متسلط فتأمل ما هو أمامك تأملاً. وضع سكيناً لحنجرتك أن كنت شرها. لا تشته أطايبه لأنها خبز أكاذيب.""
أمثال,23,79,"الإصحاح الثالث والعشرون الآيات (1-3): ""إذا جلست تآكل مع متسلط فتأمل ما هو أمامك تأملاً. وضع سكيناً لحنجرتك أن كنت شرها. لا تشته أطايبه لأنها خبز أكاذيب.""
أمثال,23,80,"الإصحاح الثالث والعشرون الآيات (1-3): ""إذا جلست تآكل مع متسلط فتأمل ما هو أمامك تأملاً. وضع سكيناً لحنجرتك أن كنت شرها. لا تشته أطايبه لأنها خبز أكاذيب.""
أمثال,23,81,"الإصحاح الثالث والعشرون الآيات (1-3): ""إذا جلست تآكل مع متسلط فتأمل ما هو أمامك تأملاً. وضع سكيناً لحنجرتك أن كنت شرها. لا تشته أطايبه لأنها خبز أكاذيب.""
أمثال,23,82,"الإصحاح الثالث والعشرون الآيات (1-3): ""إذا جلست تآكل مع متسلط فتأمل ما هو أمامك تأملاً. وضع سكيناً لحنجرتك أن كنت شرها. لا تشته أطايبه لأنها خبز أكاذيب.""
أمثال,23,83,"الإصحاح الثالث والعشرون الآيات (1-3): ""إذا جلست تآكل مع متسلط فتأمل ما هو أمامك تأملاً. وضع سكيناً لحنجرتك أن كنت شرها. لا تشته أطايبه لأنها خبز أكاذيب.""
أمثال,23,84,"الإصحاح الثالث والعشرون الآيات (1-3): ""إذا جلست تآكل مع متسلط فتأمل ما هو أمامك تأملاً. وضع سكيناً لحنجرتك أن كنت شرها. لا تشته أطايبه لأنها خبز أكاذيب.""
أمثال,23,85,"الإصحاح الثالث والعشرون الآيات (1-3): ""إذا جلست تآكل مع متسلط فتأمل ما هو أمامك تأملاً. وضع سكيناً لحنجرتك أن كنت شرها. لا تشته أطايبه لأنها خبز أكاذيب.""
أمثال,23,86,"الإصحاح الثالث والعشرون الآيات (1-3): ""إذا جلست تآكل مع متسلط فتأمل ما هو أمامك تأملاً. وضع سكيناً لحنجرتك أن كنت شرها. لا تشته أطايبه لأنها خبز أكاذيب.""
أمثال,23,87,"الإصحاح الثالث والعشرون الآيات (1-3): ""إذا جلست تآكل مع متسلط فتأمل ما هو أمامك تأملاً. وضع سكيناً لحنجرتك أن كنت شرها. لا تشته أطايبه لأنها خبز أكاذيب.""
أمثال,23,88,"الإصحاح الثالث والعشرون الآيات (1-3): ""إذا جلست تآكل مع متسلط فتأمل ما هو أمامك تأملاً. وضع سكيناً لحنجرتك أن كنت شرها. لا تشته أطايبه لأنها خبز أكاذيب.""
أمثال,23,89,"الإصحاح الثالث والعشرون الآيات (1-3): ""إذا جلست تآكل مع متسلط فتأمل ما هو أمامك تأملاً. وضع سكيناً لحنجرتك أن كنت شرها. لا تشته أطايبه لأنها خبز أكاذيب.""
أمثال,23,90,"الإصحاح الثالث والعشرون الآيات (1-3): ""إذا جلست تآكل مع متسلط فتأمل ما هو أمامك تأملاً. وضع سكيناً لحنجرتك أن كنت شرها. لا تشته أطايبه لأنها خبز أكاذيب.""
أمثال,23,91,"الإصحاح الثالث والعشرون الآيات (1-3): ""إذا جلست تآكل مع متسلط فتأمل ما هو أمامك تأملاً. وضع سكيناً لحنجرتك أن كنت شرها. لا تشته أطايبه لأنها خبز أكاذيب.""
أمثال,23,92,"الإصحاح الثالث والعشرون الآيات (1-3): ""إذا جلست تآكل مع متسلط فتأمل ما هو أمامك تأملاً. وضع سكيناً لحنجرتك أن كنت شرها. لا تشته أطايبه لأنها خبز أكاذيب.""
أمثال,23,93,"الإصحاح الثالث والعشرون الآيات (1-3): ""إذا جلست تآكل مع متسلط فتأمل ما هو أمامك تأملاً. وضع سكيناً لحنجرتك أن كنت شرها. لا تشته أطايبه لأنها خبز أكاذيب.""
أمثال,23,94,"الإصحاح الثالث والعشرون الآيات (1-3): ""إذا جلست تآكل مع متسلط فتأمل ما هو أمامك تأملاً. وضع سكيناً لحنجرتك أن كنت شرها. لا تشته أطايبه لأنها خبز أكاذيب.""
أمثال,23,95,"الإصحاح الثالث والعشرون الآيات (1-3): ""إذا جلست تآكل مع متسلط فتأمل ما هو أمامك تأملاً. وضع سكيناً لحنجرتك أن كنت شرها. لا تشته أطايبه لأنها خبز أكاذيب.""
أمثال,23,96,"الإصحاح الثالث والعشرون الآيات (1-3): ""إذا جلست تآكل مع متسلط فتأمل ما هو أمامك تأملاً. وضع سكيناً لحنجرتك أن كنت شرها. لا تشته أطايبه لأنها خبز أكاذيب.""
أمثال,23,97,"الإصحاح الثالث والعشرون الآيات (1-3): ""إذا جلست تآكل مع متسلط فتأمل ما هو أمامك تأملاً. وضع سكيناً لحنجرتك أن كنت شرها. لا تشته أطايبه لأنها خبز أكاذيب.""
أمثال,23,98,"الإصحاح الثالث والعشرون الآيات (1-3): ""إذا جلست تآكل مع متسلط فتأمل ما هو أمامك تأملاً. وضع سكيناً لحنجرتك أن كنت شرها. لا تشته أطايبه لأنها خبز أكاذيب.""
أمثال,23,99,"الإصحاح الثالث والعشرون الآيات (1-3): ""إذا جلست تآكل مع متسلط فتأمل ما هو أمامك تأملاً. وضع سكيناً لحنجرتك أن كنت شرها. لا تشته أطايبه لأنها خبز أكاذيب.""
أمثال,24,1,"الإصحاح الرابع والعشرون الآيات (1\'a12): ""لا تحسد أهل الشر ولا تشته أن تكون معهم. لأن قلبهم يلهج بالاغتصاب وشفاههم تتكلم بالمشقة.""
أمثال,24,2,"الإصحاح الرابع والعشرون الآيات (1\'a12): ""لا تحسد أهل الشر ولا تشته أن تكون معهم. لأن قلبهم يلهج بالاغتصاب وشفاههم تتكلم بالمشقة.""
أمثال,24,3,"الإصحاح الرابع والعشرون الآيات (1\'a12): ""لا تحسد أهل الشر ولا تشته أن تكون معهم. لأن قلبهم يلهج بالاغتصاب وشفاههم تتكلم بالمشقة.""
أمثال,24,4,"الإصحاح الرابع والعشرون الآيات (1\'a12): ""لا تحسد أهل الشر ولا تشته أن تكون معهم. لأن قلبهم يلهج بالاغتصاب وشفاههم تتكلم بالمشقة.""
أمثال,24,5,"الإصحاح الرابع والعشرون الآيات (1\'a12): ""لا تحسد أهل الشر ولا تشته أن تكون معهم. لأن قلبهم يلهج بالاغتصاب وشفاههم تتكلم بالمشقة.""
أمثال,24,6,"الإصحاح الرابع والعشرون الآيات (1\'a12): ""لا تحسد أهل الشر ولا تشته أن تكون معهم. لأن قلبهم يلهج بالاغتصاب وشفاههم تتكلم بالمشقة.""
أمثال,24,7,"الإصحاح الرابع والعشرون الآيات (1\'a12): ""لا تحسد أهل الشر ولا تشته أن تكون معهم. لأن قلبهم يلهج بالاغتصاب وشفاههم تتكلم بالمشقة.""
أمثال,24,8,"الإصحاح الرابع والعشرون الآيات (1\'a12): ""لا تحسد أهل الشر ولا تشته أن تكون معهم. لأن قلبهم يلهج بالاغتصاب وشفاههم تتكلم بالمشقة.""
أمثال,24,9,"الإصحاح الرابع والعشرون الآيات (1\'a12): ""لا تحسد أهل الشر ولا تشته أن تكون معهم. لأن قلبهم يلهج بالاغتصاب وشفاههم تتكلم بالمشقة.""
أمثال,24,10,"الإصحاح الرابع والعشرون الآيات (1\'a12): ""لا تحسد أهل الشر ولا تشته أن تكون معهم. لأن قلبهم يلهج بالاغتصاب وشفاههم تتكلم بالمشقة.""
أمثال,24,11,"الإصحاح الرابع والعشرون الآيات (1\'a12): ""لا تحسد أهل الشر ولا تشته أن تكون معهم. لأن قلبهم يلهج بالاغتصاب وشفاههم تتكلم بالمشقة.""
أمثال,24,12,"الإصحاح الرابع والعشرون الآيات (1\'a12): ""لا تحسد أهل الشر ولا تشته أن تكون معهم. لأن قلبهم يلهج بالاغتصاب وشفاههم تتكلم بالمشقة.""
أمثال,24,13,"الإصحاح الرابع والعشرون الآيات (1\'a12): ""لا تحسد أهل الشر ولا تشته أن تكون معهم. لأن قلبهم يلهج بالاغتصاب وشفاههم تتكلم بالمشقة.""
أمثال,24,14,"الإصحاح الرابع والعشرون الآيات (1\'a12): ""لا تحسد أهل الشر ولا تشته أن تكون معهم. لأن قلبهم يلهج بالاغتصاب وشفاههم تتكلم بالمشقة.""
أمثال,24,15,"الإصحاح الرابع والعشرون الآيات (1\'a12): ""لا تحسد أهل الشر ولا تشته أن تكون معهم. لأن قلبهم يلهج بالاغتصاب وشفاههم تتكلم بالمشقة.""
أمثال,24,16,"الإصحاح الرابع والعشرون الآيات (1\'a12): ""لا تحسد أهل الشر ولا تشته أن تكون معهم. لأن قلبهم يلهج بالاغتصاب وشفاههم تتكلم بالمشقة.""
أمثال,24,17,"الإصحاح الرابع والعشرون الآيات (1\'a12): ""لا تحسد أهل الشر ولا تشته أن تكون معهم. لأن قلبهم يلهج بالاغتصاب وشفاههم تتكلم بالمشقة.""
أمثال,24,18,"الإصحاح الرابع والعشرون الآيات (1\'a12): ""لا تحسد أهل الشر ولا تشته أن تكون معهم. لأن قلبهم يلهج بالاغتصاب وشفاههم تتكلم بالمشقة.""
أمثال,24,19,"الإصحاح الرابع والعشرون الآيات (1\'a12): ""لا تحسد أهل الشر ولا تشته أن تكون معهم. لأن قلبهم يلهج بالاغتصاب وشفاههم تتكلم بالمشقة.""
أمثال,24,20,"الإصحاح الرابع والعشرون الآيات (1\'a12): ""لا تحسد أهل الشر ولا تشته أن تكون معهم. لأن قلبهم يلهج بالاغتصاب وشفاههم تتكلم بالمشقة.""
أمثال,24,21,"الإصحاح الرابع والعشرون الآيات (1\'a12): ""لا تحسد أهل الشر ولا تشته أن تكون معهم. لأن قلبهم يلهج بالاغتصاب وشفاههم تتكلم بالمشقة.""
أمثال,24,22,"الإصحاح الرابع والعشرون الآيات (1\'a12): ""لا تحسد أهل الشر ولا تشته أن تكون معهم. لأن قلبهم يلهج بالاغتصاب وشفاههم تتكلم بالمشقة.""
أمثال,24,23,"الإصحاح الرابع والعشرون الآيات (1\'a12): ""لا تحسد أهل الشر ولا تشته أن تكون معهم. لأن قلبهم يلهج بالاغتصاب وشفاههم تتكلم بالمشقة.""
أمثال,24,24,"الإصحاح الرابع والعشرون الآيات (1\'a12): ""لا تحسد أهل الشر ولا تشته أن تكون معهم. لأن قلبهم يلهج بالاغتصاب وشفاههم تتكلم بالمشقة.""
أمثال,24,25,"الإصحاح الرابع والعشرون الآيات (1\'a12): ""لا تحسد أهل الشر ولا تشته أن تكون معهم. لأن قلبهم يلهج بالاغتصاب وشفاههم تتكلم بالمشقة.""
أمثال,24,26,"الإصحاح الرابع والعشرون الآيات (1\'a12): ""لا تحسد أهل الشر ولا تشته أن تكون معهم. لأن قلبهم يلهج بالاغتصاب وشفاههم تتكلم بالمشقة.""
أمثال,24,27,"الإصحاح الرابع والعشرون الآيات (1\'a12): ""لا تحسد أهل الشر ولا تشته أن تكون معهم. لأن قلبهم يلهج بالاغتصاب وشفاههم تتكلم بالمشقة.""
أمثال,24,28,"الإصحاح الرابع والعشرون الآيات (1\'a12): ""لا تحسد أهل الشر ولا تشته أن تكون معهم. لأن قلبهم يلهج بالاغتصاب وشفاههم تتكلم بالمشقة.""
أمثال,24,29,"الإصحاح الرابع والعشرون الآيات (1\'a12): ""لا تحسد أهل الشر ولا تشته أن تكون معهم. لأن قلبهم يلهج بالاغتصاب وشفاههم تتكلم بالمشقة.""
أمثال,24,30,"الإصحاح الرابع والعشرون الآيات (1\'a12): ""لا تحسد أهل الشر ولا تشته أن تكون معهم. لأن قلبهم يلهج بالاغتصاب وشفاههم تتكلم بالمشقة.""
أمثال,24,31,"الإصحاح الرابع والعشرون الآيات (1\'a12): ""لا تحسد أهل الشر ولا تشته أن تكون معهم. لأن قلبهم يلهج بالاغتصاب وشفاههم تتكلم بالمشقة.""
أمثال,24,32,"الإصحاح الرابع والعشرون الآيات (1\'a12): ""لا تحسد أهل الشر ولا تشته أن تكون معهم. لأن قلبهم يلهج بالاغتصاب وشفاههم تتكلم بالمشقة.""
أمثال,24,33,"الإصحاح الرابع والعشرون الآيات (1\'a12): ""لا تحسد أهل الشر ولا تشته أن تكون معهم. لأن قلبهم يلهج بالاغتصاب وشفاههم تتكلم بالمشقة.""
أمثال,24,34,"الإصحاح الرابع والعشرون الآيات (1\'a12): ""لا تحسد أهل الشر ولا تشته أن تكون معهم. لأن قلبهم يلهج بالاغتصاب وشفاههم تتكلم بالمشقة.""
أمثال,24,35,"الإصحاح الرابع والعشرون الآيات (1\'a12): ""لا تحسد أهل الشر ولا تشته أن تكون معهم. لأن قلبهم يلهج بالاغتصاب وشفاههم تتكلم بالمشقة.""
أمثال,24,36,"الإصحاح الرابع والعشرون الآيات (1\'a12): ""لا تحسد أهل الشر ولا تشته أن تكون معهم. لأن قلبهم يلهج بالاغتصاب وشفاههم تتكلم بالمشقة.""
أمثال,24,37,"الإصحاح الرابع والعشرون الآيات (1\'a12): ""لا تحسد أهل الشر ولا تشته أن تكون معهم. لأن قلبهم يلهج بالاغتصاب وشفاههم تتكلم بالمشقة.""
أمثال,24,38,"الإصحاح الرابع والعشرون الآيات (1\'a12): ""لا تحسد أهل الشر ولا تشته أن تكون معهم. لأن قلبهم يلهج بالاغتصاب وشفاههم تتكلم بالمشقة.""
أمثال,24,39,"الإصحاح الرابع والعشرون الآيات (1\'a12): ""لا تحسد أهل الشر ولا تشته أن تكون معهم. لأن قلبهم يلهج بالاغتصاب وشفاههم تتكلم بالمشقة.""
أمثال,24,40,"الإصحاح الرابع والعشرون الآيات (1\'a12): ""لا تحسد أهل الشر ولا تشته أن تكون معهم. لأن قلبهم يلهج بالاغتصاب وشفاههم تتكلم بالمشقة.""
أمثال,24,41,"الإصحاح الرابع والعشرون الآيات (1\'a12): ""لا تحسد أهل الشر ولا تشته أن تكون معهم. لأن قلبهم يلهج بالاغتصاب وشفاههم تتكلم بالمشقة.""
أمثال,24,42,"الإصحاح الرابع والعشرون الآيات (1\'a12): ""لا تحسد أهل الشر ولا تشته أن تكون معهم. لأن قلبهم يلهج بالاغتصاب وشفاههم تتكلم بالمشقة.""
أمثال,24,43,"الإصحاح الرابع والعشرون الآيات (1\'a12): ""لا تحسد أهل الشر ولا تشته أن تكون معهم. لأن قلبهم يلهج بالاغتصاب وشفاههم تتكلم بالمشقة.""
أمثال,24,44,"الإصحاح الرابع والعشرون الآيات (1\'a12): ""لا تحسد أهل الشر ولا تشته أن تكون معهم. لأن قلبهم يلهج بالاغتصاب وشفاههم تتكلم بالمشقة.""
أمثال,24,45,"الإصحاح الرابع والعشرون الآيات (1\'a12): ""لا تحسد أهل الشر ولا تشته أن تكون معهم. لأن قلبهم يلهج بالاغتصاب وشفاههم تتكلم بالمشقة.""
أمثال,24,46,"الإصحاح الرابع والعشرون الآيات (1\'a12): ""لا تحسد أهل الشر ولا تشته أن تكون معهم. لأن قلبهم يلهج بالاغتصاب وشفاههم تتكلم بالمشقة.""
أمثال,24,47,"الإصحاح الرابع والعشرون الآيات (1\'a12): ""لا تحسد أهل الشر ولا تشته أن تكون معهم. لأن قلبهم يلهج بالاغتصاب وشفاههم تتكلم بالمشقة.""
أمثال,24,48,"الإصحاح الرابع والعشرون الآيات (1\'a12): ""لا تحسد أهل الشر ولا تشته أن تكون معهم. لأن قلبهم يلهج بالاغتصاب وشفاههم تتكلم بالمشقة.""
أمثال,24,49,"الإصحاح الرابع والعشرون الآيات (1\'a12): ""لا تحسد أهل الشر ولا تشته أن تكون معهم. لأن قلبهم يلهج بالاغتصاب وشفاههم تتكلم بالمشقة.""
أمثال,24,50,"الإصحاح الرابع والعشرون الآيات (1\'a12): ""لا تحسد أهل الشر ولا تشته أن تكون معهم. لأن قلبهم يلهج بالاغتصاب وشفاههم تتكلم بالمشقة.""
أمثال,24,51,"الإصحاح الرابع والعشرون الآيات (1\'a12): ""لا تحسد أهل الشر ولا تشته أن تكون معهم. لأن قلبهم يلهج بالاغتصاب وشفاههم تتكلم بالمشقة.""
أمثال,24,52,"الإصحاح الرابع والعشرون الآيات (1\'a12): ""لا تحسد أهل الشر ولا تشته أن تكون معهم. لأن قلبهم يلهج بالاغتصاب وشفاههم تتكلم بالمشقة.""
أمثال,24,53,"الإصحاح الرابع والعشرون الآيات (1\'a12): ""لا تحسد أهل الشر ولا تشته أن تكون معهم. لأن قلبهم يلهج بالاغتصاب وشفاههم تتكلم بالمشقة.""
أمثال,24,54,"الإصحاح الرابع والعشرون الآيات (1\'a12): ""لا تحسد أهل الشر ولا تشته أن تكون معهم. لأن قلبهم يلهج بالاغتصاب وشفاههم تتكلم بالمشقة.""
أمثال,24,55,"الإصحاح الرابع والعشرون الآيات (1\'a12): ""لا تحسد أهل الشر ولا تشته أن تكون معهم. لأن قلبهم يلهج بالاغتصاب وشفاههم تتكلم بالمشقة.""
أمثال,24,56,"الإصحاح الرابع والعشرون الآيات (1\'a12): ""لا تحسد أهل الشر ولا تشته أن تكون معهم. لأن قلبهم يلهج بالاغتصاب وشفاههم تتكلم بالمشقة.""
أمثال,24,57,"الإصحاح الرابع والعشرون الآيات (1\'a12): ""لا تحسد أهل الشر ولا تشته أن تكون معهم. لأن قلبهم يلهج بالاغتصاب وشفاههم تتكلم بالمشقة.""
أمثال,24,58,"الإصحاح الرابع والعشرون الآيات (1\'a12): ""لا تحسد أهل الشر ولا تشته أن تكون معهم. لأن قلبهم يلهج بالاغتصاب وشفاههم تتكلم بالمشقة.""
أمثال,24,59,"الإصحاح الرابع والعشرون الآيات (1\'a12): ""لا تحسد أهل الشر ولا تشته أن تكون معهم. لأن قلبهم يلهج بالاغتصاب وشفاههم تتكلم بالمشقة.""
أمثال,24,60,"الإصحاح الرابع والعشرون الآيات (1\'a12): ""لا تحسد أهل الشر ولا تشته أن تكون معهم. لأن قلبهم يلهج بالاغتصاب وشفاههم تتكلم بالمشقة.""
أمثال,24,61,"الإصحاح الرابع والعشرون الآيات (1\'a12): ""لا تحسد أهل الشر ولا تشته أن تكون معهم. لأن قلبهم يلهج بالاغتصاب وشفاههم تتكلم بالمشقة.""
أمثال,24,62,"الإصحاح الرابع والعشرون الآيات (1\'a12): ""لا تحسد أهل الشر ولا تشته أن تكون معهم. لأن قلبهم يلهج بالاغتصاب وشفاههم تتكلم بالمشقة.""
أمثال,24,63,"الإصحاح الرابع والعشرون الآيات (1\'a12): ""لا تحسد أهل الشر ولا تشته أن تكون معهم. لأن قلبهم يلهج بالاغتصاب وشفاههم تتكلم بالمشقة.""
أمثال,24,64,"الإصحاح الرابع والعشرون الآيات (1\'a12): ""لا تحسد أهل الشر ولا تشته أن تكون معهم. لأن قلبهم يلهج بالاغتصاب وشفاههم تتكلم بالمشقة.""
أمثال,24,65,"الإصحاح الرابع والعشرون الآيات (1\'a12): ""لا تحسد أهل الشر ولا تشته أن تكون معهم. لأن قلبهم يلهج بالاغتصاب وشفاههم تتكلم بالمشقة.""
أمثال,24,66,"الإصحاح الرابع والعشرون الآيات (1\'a12): ""لا تحسد أهل الشر ولا تشته أن تكون معهم. لأن قلبهم يلهج بالاغتصاب وشفاههم تتكلم بالمشقة.""
أمثال,24,67,"الإصحاح الرابع والعشرون الآيات (1\'a12): ""لا تحسد أهل الشر ولا تشته أن تكون معهم. لأن قلبهم يلهج بالاغتصاب وشفاههم تتكلم بالمشقة.""
أمثال,24,68,"الإصحاح الرابع والعشرون الآيات (1\'a12): ""لا تحسد أهل الشر ولا تشته أن تكون معهم. لأن قلبهم يلهج بالاغتصاب وشفاههم تتكلم بالمشقة.""
أمثال,24,69,"الإصحاح الرابع والعشرون الآيات (1\'a12): ""لا تحسد أهل الشر ولا تشته أن تكون معهم. لأن قلبهم يلهج بالاغتصاب وشفاههم تتكلم بالمشقة.""
أمثال,24,70,"الإصحاح الرابع والعشرون الآيات (1\'a12): ""لا تحسد أهل الشر ولا تشته أن تكون معهم. لأن قلبهم يلهج بالاغتصاب وشفاههم تتكلم بالمشقة.""
أمثال,24,71,"الإصحاح الرابع والعشرون الآيات (1\'a12): ""لا تحسد أهل الشر ولا تشته أن تكون معهم. لأن قلبهم يلهج بالاغتصاب وشفاههم تتكلم بالمشقة.""
أمثال,24,72,"الإصحاح الرابع والعشرون الآيات (1\'a12): ""لا تحسد أهل الشر ولا تشته أن تكون معهم. لأن قلبهم يلهج بالاغتصاب وشفاههم تتكلم بالمشقة.""
أمثال,24,73,"الإصحاح الرابع والعشرون الآيات (1\'a12): ""لا تحسد أهل الشر ولا تشته أن تكون معهم. لأن قلبهم يلهج بالاغتصاب وشفاههم تتكلم بالمشقة.""
أمثال,24,74,"الإصحاح الرابع والعشرون الآيات (1\'a12): ""لا تحسد أهل الشر ولا تشته أن تكون معهم. لأن قلبهم يلهج بالاغتصاب وشفاههم تتكلم بالمشقة.""
أمثال,24,75,"الإصحاح الرابع والعشرون الآيات (1\'a12): ""لا تحسد أهل الشر ولا تشته أن تكون معهم. لأن قلبهم يلهج بالاغتصاب وشفاههم تتكلم بالمشقة.""
أمثال,24,76,"الإصحاح الرابع والعشرون الآيات (1\'a12): ""لا تحسد أهل الشر ولا تشته أن تكون معهم. لأن قلبهم يلهج بالاغتصاب وشفاههم تتكلم بالمشقة.""
أمثال,24,77,"الإصحاح الرابع والعشرون الآيات (1\'a12): ""لا تحسد أهل الشر ولا تشته أن تكون معهم. لأن قلبهم يلهج بالاغتصاب وشفاههم تتكلم بالمشقة.""
أمثال,24,78,"الإصحاح الرابع والعشرون الآيات (1\'a12): ""لا تحسد أهل الشر ولا تشته أن تكون معهم. لأن قلبهم يلهج بالاغتصاب وشفاههم تتكلم بالمشقة.""
أمثال,24,79,"الإصحاح الرابع والعشرون الآيات (1\'a12): ""لا تحسد أهل الشر ولا تشته أن تكون معهم. لأن قلبهم يلهج بالاغتصاب وشفاههم تتكلم بالمشقة.""
أمثال,24,80,"الإصحاح الرابع والعشرون الآيات (1\'a12): ""لا تحسد أهل الشر ولا تشته أن تكون معهم. لأن قلبهم يلهج بالاغتصاب وشفاههم تتكلم بالمشقة.""
أمثال,24,81,"الإصحاح الرابع والعشرون الآيات (1\'a12): ""لا تحسد أهل الشر ولا تشته أن تكون معهم. لأن قلبهم يلهج بالاغتصاب وشفاههم تتكلم بالمشقة.""
أمثال,24,82,"الإصحاح الرابع والعشرون الآيات (1\'a12): ""لا تحسد أهل الشر ولا تشته أن تكون معهم. لأن قلبهم يلهج بالاغتصاب وشفاههم تتكلم بالمشقة.""
أمثال,24,83,"الإصحاح الرابع والعشرون الآيات (1\'a12): ""لا تحسد أهل الشر ولا تشته أن تكون معهم. لأن قلبهم يلهج بالاغتصاب وشفاههم تتكلم بالمشقة.""
أمثال,24,84,"الإصحاح الرابع والعشرون الآيات (1\'a12): ""لا تحسد أهل الشر ولا تشته أن تكون معهم. لأن قلبهم يلهج بالاغتصاب وشفاههم تتكلم بالمشقة.""
أمثال,24,85,"الإصحاح الرابع والعشرون الآيات (1\'a12): ""لا تحسد أهل الشر ولا تشته أن تكون معهم. لأن قلبهم يلهج بالاغتصاب وشفاههم تتكلم بالمشقة.""
أمثال,24,86,"الإصحاح الرابع والعشرون الآيات (1\'a12): ""لا تحسد أهل الشر ولا تشته أن تكون معهم. لأن قلبهم يلهج بالاغتصاب وشفاههم تتكلم بالمشقة.""
أمثال,24,87,"الإصحاح الرابع والعشرون الآيات (1\'a12): ""لا تحسد أهل الشر ولا تشته أن تكون معهم. لأن قلبهم يلهج بالاغتصاب وشفاههم تتكلم بالمشقة.""
أمثال,24,88,"الإصحاح الرابع والعشرون الآيات (1\'a12): ""لا تحسد أهل الشر ولا تشته أن تكون معهم. لأن قلبهم يلهج بالاغتصاب وشفاههم تتكلم بالمشقة.""
أمثال,24,89,"الإصحاح الرابع والعشرون الآيات (1\'a12): ""لا تحسد أهل الشر ولا تشته أن تكون معهم. لأن قلبهم يلهج بالاغتصاب وشفاههم تتكلم بالمشقة.""
أمثال,24,90,"الإصحاح الرابع والعشرون الآيات (1\'a12): ""لا تحسد أهل الشر ولا تشته أن تكون معهم. لأن قلبهم يلهج بالاغتصاب وشفاههم تتكلم بالمشقة.""
أمثال,24,91,"الإصحاح الرابع والعشرون الآيات (1\'a12): ""لا تحسد أهل الشر ولا تشته أن تكون معهم. لأن قلبهم يلهج بالاغتصاب وشفاههم تتكلم بالمشقة.""
أمثال,24,92,"الإصحاح الرابع والعشرون الآيات (1\'a12): ""لا تحسد أهل الشر ولا تشته أن تكون معهم. لأن قلبهم يلهج بالاغتصاب وشفاههم تتكلم بالمشقة.""
أمثال,24,93,"الإصحاح الرابع والعشرون الآيات (1\'a12): ""لا تحسد أهل الشر ولا تشته أن تكون معهم. لأن قلبهم يلهج بالاغتصاب وشفاههم تتكلم بالمشقة.""
أمثال,24,94,"الإصحاح الرابع والعشرون الآيات (1\'a12): ""لا تحسد أهل الشر ولا تشته أن تكون معهم. لأن قلبهم يلهج بالاغتصاب وشفاههم تتكلم بالمشقة.""
أمثال,24,95,"الإصحاح الرابع والعشرون الآيات (1\'a12): ""لا تحسد أهل الشر ولا تشته أن تكون معهم. لأن قلبهم يلهج بالاغتصاب وشفاههم تتكلم بالمشقة.""
أمثال,24,96,"الإصحاح الرابع والعشرون الآيات (1\'a12): ""لا تحسد أهل الشر ولا تشته أن تكون معهم. لأن قلبهم يلهج بالاغتصاب وشفاههم تتكلم بالمشقة.""
أمثال,24,97,"الإصحاح الرابع والعشرون الآيات (1\'a12): ""لا تحسد أهل الشر ولا تشته أن تكون معهم. لأن قلبهم يلهج بالاغتصاب وشفاههم تتكلم بالمشقة.""
أمثال,24,98,"الإصحاح الرابع والعشرون الآيات (1\'a12): ""لا تحسد أهل الشر ولا تشته أن تكون معهم. لأن قلبهم يلهج بالاغتصاب وشفاههم تتكلم بالمشقة.""
أمثال,24,99,"الإصحاح الرابع والعشرون الآيات (1\'a12): ""لا تحسد أهل الشر ولا تشته أن تكون معهم. لأن قلبهم يلهج بالاغتصاب وشفاههم تتكلم بالمشقة.""
أمثال,25,1,"الإصحاح الخامس والعشرون آية (1): ""هذه أيضاً أمثال سليمان التي نقلها رجال حزقيا ملك يهوذا.""
أمثال,25,2,"الإصحاح الخامس والعشرون آية (1): ""هذه أيضاً أمثال سليمان التي نقلها رجال حزقيا ملك يهوذا.""
أمثال,25,3,"الإصحاح الخامس والعشرون آية (1): ""هذه أيضاً أمثال سليمان التي نقلها رجال حزقيا ملك يهوذا.""
أمثال,25,4,"الإصحاح الخامس والعشرون آية (1): ""هذه أيضاً أمثال سليمان التي نقلها رجال حزقيا ملك يهوذا.""
أمثال,25,5,"الإصحاح الخامس والعشرون آية (1): ""هذه أيضاً أمثال سليمان التي نقلها رجال حزقيا ملك يهوذا.""
أمثال,25,6,"الإصحاح الخامس والعشرون آية (1): ""هذه أيضاً أمثال سليمان التي نقلها رجال حزقيا ملك يهوذا.""
أمثال,25,7,"الإصحاح الخامس والعشرون آية (1): ""هذه أيضاً أمثال سليمان التي نقلها رجال حزقيا ملك يهوذا.""
أمثال,25,8,"الإصحاح الخامس والعشرون آية (1): ""هذه أيضاً أمثال سليمان التي نقلها رجال حزقيا ملك يهوذا.""
أمثال,25,9,"الإصحاح الخامس والعشرون آية (1): ""هذه أيضاً أمثال سليمان التي نقلها رجال حزقيا ملك يهوذا.""
أمثال,25,10,"الإصحاح الخامس والعشرون آية (1): ""هذه أيضاً أمثال سليمان التي نقلها رجال حزقيا ملك يهوذا.""
أمثال,25,11,"الإصحاح الخامس والعشرون آية (1): ""هذه أيضاً أمثال سليمان التي نقلها رجال حزقيا ملك يهوذا.""
أمثال,25,12,"الإصحاح الخامس والعشرون آية (1): ""هذه أيضاً أمثال سليمان التي نقلها رجال حزقيا ملك يهوذا.""
أمثال,25,13,"الإصحاح الخامس والعشرون آية (1): ""هذه أيضاً أمثال سليمان التي نقلها رجال حزقيا ملك يهوذا.""
أمثال,25,14,"الإصحاح الخامس والعشرون آية (1): ""هذه أيضاً أمثال سليمان التي نقلها رجال حزقيا ملك يهوذا.""
أمثال,25,15,"الإصحاح الخامس والعشرون آية (1): ""هذه أيضاً أمثال سليمان التي نقلها رجال حزقيا ملك يهوذا.""
أمثال,25,16,"الإصحاح الخامس والعشرون آية (1): ""هذه أيضاً أمثال سليمان التي نقلها رجال حزقيا ملك يهوذا.""
أمثال,25,17,"الإصحاح الخامس والعشرون آية (1): ""هذه أيضاً أمثال سليمان التي نقلها رجال حزقيا ملك يهوذا.""
أمثال,25,18,"الإصحاح الخامس والعشرون آية (1): ""هذه أيضاً أمثال سليمان التي نقلها رجال حزقيا ملك يهوذا.""
أمثال,25,19,"الإصحاح الخامس والعشرون آية (1): ""هذه أيضاً أمثال سليمان التي نقلها رجال حزقيا ملك يهوذا.""
أمثال,25,20,"الإصحاح الخامس والعشرون آية (1): ""هذه أيضاً أمثال سليمان التي نقلها رجال حزقيا ملك يهوذا.""
أمثال,25,21,"الإصحاح الخامس والعشرون آية (1): ""هذه أيضاً أمثال سليمان التي نقلها رجال حزقيا ملك يهوذا.""
أمثال,25,22,"الإصحاح الخامس والعشرون آية (1): ""هذه أيضاً أمثال سليمان التي نقلها رجال حزقيا ملك يهوذا.""
أمثال,25,23,"الإصحاح الخامس والعشرون آية (1): ""هذه أيضاً أمثال سليمان التي نقلها رجال حزقيا ملك يهوذا.""
أمثال,25,24,"الإصحاح الخامس والعشرون آية (1): ""هذه أيضاً أمثال سليمان التي نقلها رجال حزقيا ملك يهوذا.""
أمثال,25,25,"الإصحاح الخامس والعشرون آية (1): ""هذه أيضاً أمثال سليمان التي نقلها رجال حزقيا ملك يهوذا.""
أمثال,25,26,"الإصحاح الخامس والعشرون آية (1): ""هذه أيضاً أمثال سليمان التي نقلها رجال حزقيا ملك يهوذا.""
أمثال,25,27,"الإصحاح الخامس والعشرون آية (1): ""هذه أيضاً أمثال سليمان التي نقلها رجال حزقيا ملك يهوذا.""
أمثال,25,28,"الإصحاح الخامس والعشرون آية (1): ""هذه أيضاً أمثال سليمان التي نقلها رجال حزقيا ملك يهوذا.""
أمثال,25,29,"الإصحاح الخامس والعشرون آية (1): ""هذه أيضاً أمثال سليمان التي نقلها رجال حزقيا ملك يهوذا.""
أمثال,25,30,"الإصحاح الخامس والعشرون آية (1): ""هذه أيضاً أمثال سليمان التي نقلها رجال حزقيا ملك يهوذا.""
أمثال,25,31,"الإصحاح الخامس والعشرون آية (1): ""هذه أيضاً أمثال سليمان التي نقلها رجال حزقيا ملك يهوذا.""
أمثال,25,32,"الإصحاح الخامس والعشرون آية (1): ""هذه أيضاً أمثال سليمان التي نقلها رجال حزقيا ملك يهوذا.""
أمثال,25,33,"الإصحاح الخامس والعشرون آية (1): ""هذه أيضاً أمثال سليمان التي نقلها رجال حزقيا ملك يهوذا.""
أمثال,25,34,"الإصحاح الخامس والعشرون آية (1): ""هذه أيضاً أمثال سليمان التي نقلها رجال حزقيا ملك يهوذا.""
أمثال,25,35,"الإصحاح الخامس والعشرون آية (1): ""هذه أيضاً أمثال سليمان التي نقلها رجال حزقيا ملك يهوذا.""
أمثال,25,36,"الإصحاح الخامس والعشرون آية (1): ""هذه أيضاً أمثال سليمان التي نقلها رجال حزقيا ملك يهوذا.""
أمثال,25,37,"الإصحاح الخامس والعشرون آية (1): ""هذه أيضاً أمثال سليمان التي نقلها رجال حزقيا ملك يهوذا.""
أمثال,25,38,"الإصحاح الخامس والعشرون آية (1): ""هذه أيضاً أمثال سليمان التي نقلها رجال حزقيا ملك يهوذا.""
أمثال,25,39,"الإصحاح الخامس والعشرون آية (1): ""هذه أيضاً أمثال سليمان التي نقلها رجال حزقيا ملك يهوذا.""
أمثال,25,40,"الإصحاح الخامس والعشرون آية (1): ""هذه أيضاً أمثال سليمان التي نقلها رجال حزقيا ملك يهوذا.""
أمثال,25,41,"الإصحاح الخامس والعشرون آية (1): ""هذه أيضاً أمثال سليمان التي نقلها رجال حزقيا ملك يهوذا.""
أمثال,25,42,"الإصحاح الخامس والعشرون آية (1): ""هذه أيضاً أمثال سليمان التي نقلها رجال حزقيا ملك يهوذا.""
أمثال,25,43,"الإصحاح الخامس والعشرون آية (1): ""هذه أيضاً أمثال سليمان التي نقلها رجال حزقيا ملك يهوذا.""
أمثال,25,44,"الإصحاح الخامس والعشرون آية (1): ""هذه أيضاً أمثال سليمان التي نقلها رجال حزقيا ملك يهوذا.""
أمثال,25,45,"الإصحاح الخامس والعشرون آية (1): ""هذه أيضاً أمثال سليمان التي نقلها رجال حزقيا ملك يهوذا.""
أمثال,25,46,"الإصحاح الخامس والعشرون آية (1): ""هذه أيضاً أمثال سليمان التي نقلها رجال حزقيا ملك يهوذا.""
أمثال,25,47,"الإصحاح الخامس والعشرون آية (1): ""هذه أيضاً أمثال سليمان التي نقلها رجال حزقيا ملك يهوذا.""
أمثال,25,48,"الإصحاح الخامس والعشرون آية (1): ""هذه أيضاً أمثال سليمان التي نقلها رجال حزقيا ملك يهوذا.""
أمثال,25,49,"الإصحاح الخامس والعشرون آية (1): ""هذه أيضاً أمثال سليمان التي نقلها رجال حزقيا ملك يهوذا.""
أمثال,25,50,"الإصحاح الخامس والعشرون آية (1): ""هذه أيضاً أمثال سليمان التي نقلها رجال حزقيا ملك يهوذا.""
أمثال,25,51,"الإصحاح الخامس والعشرون آية (1): ""هذه أيضاً أمثال سليمان التي نقلها رجال حزقيا ملك يهوذا.""
أمثال,25,52,"الإصحاح الخامس والعشرون آية (1): ""هذه أيضاً أمثال سليمان التي نقلها رجال حزقيا ملك يهوذا.""
أمثال,25,53,"الإصحاح الخامس والعشرون آية (1): ""هذه أيضاً أمثال سليمان التي نقلها رجال حزقيا ملك يهوذا.""
أمثال,25,54,"الإصحاح الخامس والعشرون آية (1): ""هذه أيضاً أمثال سليمان التي نقلها رجال حزقيا ملك يهوذا.""
أمثال,25,55,"الإصحاح الخامس والعشرون آية (1): ""هذه أيضاً أمثال سليمان التي نقلها رجال حزقيا ملك يهوذا.""
أمثال,25,56,"الإصحاح الخامس والعشرون آية (1): ""هذه أيضاً أمثال سليمان التي نقلها رجال حزقيا ملك يهوذا.""
أمثال,25,57,"الإصحاح الخامس والعشرون آية (1): ""هذه أيضاً أمثال سليمان التي نقلها رجال حزقيا ملك يهوذا.""
أمثال,25,58,"الإصحاح الخامس والعشرون آية (1): ""هذه أيضاً أمثال سليمان التي نقلها رجال حزقيا ملك يهوذا.""
أمثال,25,59,"الإصحاح الخامس والعشرون آية (1): ""هذه أيضاً أمثال سليمان التي نقلها رجال حزقيا ملك يهوذا.""
أمثال,25,60,"الإصحاح الخامس والعشرون آية (1): ""هذه أيضاً أمثال سليمان التي نقلها رجال حزقيا ملك يهوذا.""
أمثال,25,61,"الإصحاح الخامس والعشرون آية (1): ""هذه أيضاً أمثال سليمان التي نقلها رجال حزقيا ملك يهوذا.""
أمثال,25,62,"الإصحاح الخامس والعشرون آية (1): ""هذه أيضاً أمثال سليمان التي نقلها رجال حزقيا ملك يهوذا.""
أمثال,25,63,"الإصحاح الخامس والعشرون آية (1): ""هذه أيضاً أمثال سليمان التي نقلها رجال حزقيا ملك يهوذا.""
أمثال,25,64,"الإصحاح الخامس والعشرون آية (1): ""هذه أيضاً أمثال سليمان التي نقلها رجال حزقيا ملك يهوذا.""
أمثال,25,65,"الإصحاح الخامس والعشرون آية (1): ""هذه أيضاً أمثال سليمان التي نقلها رجال حزقيا ملك يهوذا.""
أمثال,25,66,"الإصحاح الخامس والعشرون آية (1): ""هذه أيضاً أمثال سليمان التي نقلها رجال حزقيا ملك يهوذا.""
أمثال,25,67,"الإصحاح الخامس والعشرون آية (1): ""هذه أيضاً أمثال سليمان التي نقلها رجال حزقيا ملك يهوذا.""
أمثال,25,68,"الإصحاح الخامس والعشرون آية (1): ""هذه أيضاً أمثال سليمان التي نقلها رجال حزقيا ملك يهوذا.""
أمثال,25,69,"الإصحاح الخامس والعشرون آية (1): ""هذه أيضاً أمثال سليمان التي نقلها رجال حزقيا ملك يهوذا.""
أمثال,25,70,"الإصحاح الخامس والعشرون آية (1): ""هذه أيضاً أمثال سليمان التي نقلها رجال حزقيا ملك يهوذا.""
أمثال,25,71,"الإصحاح الخامس والعشرون آية (1): ""هذه أيضاً أمثال سليمان التي نقلها رجال حزقيا ملك يهوذا.""
أمثال,25,72,"الإصحاح الخامس والعشرون آية (1): ""هذه أيضاً أمثال سليمان التي نقلها رجال حزقيا ملك يهوذا.""
أمثال,25,73,"الإصحاح الخامس والعشرون آية (1): ""هذه أيضاً أمثال سليمان التي نقلها رجال حزقيا ملك يهوذا.""
أمثال,25,74,"الإصحاح الخامس والعشرون آية (1): ""هذه أيضاً أمثال سليمان التي نقلها رجال حزقيا ملك يهوذا.""
أمثال,25,75,"الإصحاح الخامس والعشرون آية (1): ""هذه أيضاً أمثال سليمان التي نقلها رجال حزقيا ملك يهوذا.""
أمثال,25,76,"الإصحاح الخامس والعشرون آية (1): ""هذه أيضاً أمثال سليمان التي نقلها رجال حزقيا ملك يهوذا.""
أمثال,25,77,"الإصحاح الخامس والعشرون آية (1): ""هذه أيضاً أمثال سليمان التي نقلها رجال حزقيا ملك يهوذا.""
أمثال,25,78,"الإصحاح الخامس والعشرون آية (1): ""هذه أيضاً أمثال سليمان التي نقلها رجال حزقيا ملك يهوذا.""
أمثال,25,79,"الإصحاح الخامس والعشرون آية (1): ""هذه أيضاً أمثال سليمان التي نقلها رجال حزقيا ملك يهوذا.""
أمثال,25,80,"الإصحاح الخامس والعشرون آية (1): ""هذه أيضاً أمثال سليمان التي نقلها رجال حزقيا ملك يهوذا.""
أمثال,25,81,"الإصحاح الخامس والعشرون آية (1): ""هذه أيضاً أمثال سليمان التي نقلها رجال حزقيا ملك يهوذا.""
أمثال,25,82,"الإصحاح الخامس والعشرون آية (1): ""هذه أيضاً أمثال سليمان التي نقلها رجال حزقيا ملك يهوذا.""
أمثال,25,83,"الإصحاح الخامس والعشرون آية (1): ""هذه أيضاً أمثال سليمان التي نقلها رجال حزقيا ملك يهوذا.""
أمثال,25,84,"الإصحاح الخامس والعشرون آية (1): ""هذه أيضاً أمثال سليمان التي نقلها رجال حزقيا ملك يهوذا.""
أمثال,25,85,"الإصحاح الخامس والعشرون آية (1): ""هذه أيضاً أمثال سليمان التي نقلها رجال حزقيا ملك يهوذا.""
أمثال,25,86,"الإصحاح الخامس والعشرون آية (1): ""هذه أيضاً أمثال سليمان التي نقلها رجال حزقيا ملك يهوذا.""
أمثال,25,87,"الإصحاح الخامس والعشرون آية (1): ""هذه أيضاً أمثال سليمان التي نقلها رجال حزقيا ملك يهوذا.""
أمثال,25,88,"الإصحاح الخامس والعشرون آية (1): ""هذه أيضاً أمثال سليمان التي نقلها رجال حزقيا ملك يهوذا.""
أمثال,25,89,"الإصحاح الخامس والعشرون آية (1): ""هذه أيضاً أمثال سليمان التي نقلها رجال حزقيا ملك يهوذا.""
أمثال,25,90,"الإصحاح الخامس والعشرون آية (1): ""هذه أيضاً أمثال سليمان التي نقلها رجال حزقيا ملك يهوذا.""
أمثال,25,91,"الإصحاح الخامس والعشرون آية (1): ""هذه أيضاً أمثال سليمان التي نقلها رجال حزقيا ملك يهوذا.""
أمثال,25,92,"الإصحاح الخامس والعشرون آية (1): ""هذه أيضاً أمثال سليمان التي نقلها رجال حزقيا ملك يهوذا.""
أمثال,25,93,"الإصحاح الخامس والعشرون آية (1): ""هذه أيضاً أمثال سليمان التي نقلها رجال حزقيا ملك يهوذا.""
أمثال,25,94,"الإصحاح الخامس والعشرون آية (1): ""هذه أيضاً أمثال سليمان التي نقلها رجال حزقيا ملك يهوذا.""
أمثال,25,95,"الإصحاح الخامس والعشرون آية (1): ""هذه أيضاً أمثال سليمان التي نقلها رجال حزقيا ملك يهوذا.""
أمثال,25,96,"الإصحاح الخامس والعشرون آية (1): ""هذه أيضاً أمثال سليمان التي نقلها رجال حزقيا ملك يهوذا.""
أمثال,25,97,"الإصحاح الخامس والعشرون آية (1): ""هذه أيضاً أمثال سليمان التي نقلها رجال حزقيا ملك يهوذا.""
أمثال,25,98,"الإصحاح الخامس والعشرون آية (1): ""هذه أيضاً أمثال سليمان التي نقلها رجال حزقيا ملك يهوذا.""
أمثال,25,99,"الإصحاح الخامس والعشرون آية (1): ""هذه أيضاً أمثال سليمان التي نقلها رجال حزقيا ملك يهوذا.""
أمثال,26,1,"الإصحاح السادس والعشرون الآيات (1-12) هنا تعالج موضوع الجاهل. والمقصود بالجاهل والأحمق في هذا السفر الشخص الخاطئ المعاند الذي لا يريد أن يقدم توبة بل يفرح بالإثم رافضاً صوت الحكمة.
أمثال,26,2,"الإصحاح السادس والعشرون الآيات (1-12) هنا تعالج موضوع الجاهل. والمقصود بالجاهل والأحمق في هذا السفر الشخص الخاطئ المعاند الذي لا يريد أن يقدم توبة بل يفرح بالإثم رافضاً صوت الحكمة.
أمثال,26,3,"الإصحاح السادس والعشرون الآيات (1-12) هنا تعالج موضوع الجاهل. والمقصود بالجاهل والأحمق في هذا السفر الشخص الخاطئ المعاند الذي لا يريد أن يقدم توبة بل يفرح بالإثم رافضاً صوت الحكمة.
أمثال,26,4,"الإصحاح السادس والعشرون الآيات (1-12) هنا تعالج موضوع الجاهل. والمقصود بالجاهل والأحمق في هذا السفر الشخص الخاطئ المعاند الذي لا يريد أن يقدم توبة بل يفرح بالإثم رافضاً صوت الحكمة.
أمثال,26,5,"الإصحاح السادس والعشرون الآيات (1-12) هنا تعالج موضوع الجاهل. والمقصود بالجاهل والأحمق في هذا السفر الشخص الخاطئ المعاند الذي لا يريد أن يقدم توبة بل يفرح بالإثم رافضاً صوت الحكمة.
أمثال,26,6,"الإصحاح السادس والعشرون الآيات (1-12) هنا تعالج موضوع الجاهل. والمقصود بالجاهل والأحمق في هذا السفر الشخص الخاطئ المعاند الذي لا يريد أن يقدم توبة بل يفرح بالإثم رافضاً صوت الحكمة.
أمثال,26,7,"الإصحاح السادس والعشرون الآيات (1-12) هنا تعالج موضوع الجاهل. والمقصود بالجاهل والأحمق في هذا السفر الشخص الخاطئ المعاند الذي لا يريد أن يقدم توبة بل يفرح بالإثم رافضاً صوت الحكمة.
أمثال,26,8,"الإصحاح السادس والعشرون الآيات (1-12) هنا تعالج موضوع الجاهل. والمقصود بالجاهل والأحمق في هذا السفر الشخص الخاطئ المعاند الذي لا يريد أن يقدم توبة بل يفرح بالإثم رافضاً صوت الحكمة.
أمثال,26,9,"الإصحاح السادس والعشرون الآيات (1-12) هنا تعالج موضوع الجاهل. والمقصود بالجاهل والأحمق في هذا السفر الشخص الخاطئ المعاند الذي لا يريد أن يقدم توبة بل يفرح بالإثم رافضاً صوت الحكمة.
أمثال,26,10,"الإصحاح السادس والعشرون الآيات (1-12) هنا تعالج موضوع الجاهل. والمقصود بالجاهل والأحمق في هذا السفر الشخص الخاطئ المعاند الذي لا يريد أن يقدم توبة بل يفرح بالإثم رافضاً صوت الحكمة.
أمثال,26,11,"الإصحاح السادس والعشرون الآيات (1-12) هنا تعالج موضوع الجاهل. والمقصود بالجاهل والأحمق في هذا السفر الشخص الخاطئ المعاند الذي لا يريد أن يقدم توبة بل يفرح بالإثم رافضاً صوت الحكمة.
أمثال,26,12,"الإصحاح السادس والعشرون الآيات (1-12) هنا تعالج موضوع الجاهل. والمقصود بالجاهل والأحمق في هذا السفر الشخص الخاطئ المعاند الذي لا يريد أن يقدم توبة بل يفرح بالإثم رافضاً صوت الحكمة.
أمثال,26,13,"الإصحاح السادس والعشرون الآيات (1-12) هنا تعالج موضوع الجاهل. والمقصود بالجاهل والأحمق في هذا السفر الشخص الخاطئ المعاند الذي لا يريد أن يقدم توبة بل يفرح بالإثم رافضاً صوت الحكمة.
أمثال,26,14,"الإصحاح السادس والعشرون الآيات (1-12) هنا تعالج موضوع الجاهل. والمقصود بالجاهل والأحمق في هذا السفر الشخص الخاطئ المعاند الذي لا يريد أن يقدم توبة بل يفرح بالإثم رافضاً صوت الحكمة.
أمثال,26,15,"الإصحاح السادس والعشرون الآيات (1-12) هنا تعالج موضوع الجاهل. والمقصود بالجاهل والأحمق في هذا السفر الشخص الخاطئ المعاند الذي لا يريد أن يقدم توبة بل يفرح بالإثم رافضاً صوت الحكمة.
أمثال,26,16,"الإصحاح السادس والعشرون الآيات (1-12) هنا تعالج موضوع الجاهل. والمقصود بالجاهل والأحمق في هذا السفر الشخص الخاطئ المعاند الذي لا يريد أن يقدم توبة بل يفرح بالإثم رافضاً صوت الحكمة.
أمثال,26,17,"الإصحاح السادس والعشرون الآيات (1-12) هنا تعالج موضوع الجاهل. والمقصود بالجاهل والأحمق في هذا السفر الشخص الخاطئ المعاند الذي لا يريد أن يقدم توبة بل يفرح بالإثم رافضاً صوت الحكمة.
أمثال,26,18,"الإصحاح السادس والعشرون الآيات (1-12) هنا تعالج موضوع الجاهل. والمقصود بالجاهل والأحمق في هذا السفر الشخص الخاطئ المعاند الذي لا يريد أن يقدم توبة بل يفرح بالإثم رافضاً صوت الحكمة.
أمثال,26,19,"الإصحاح السادس والعشرون الآيات (1-12) هنا تعالج موضوع الجاهل. والمقصود بالجاهل والأحمق في هذا السفر الشخص الخاطئ المعاند الذي لا يريد أن يقدم توبة بل يفرح بالإثم رافضاً صوت الحكمة.
أمثال,26,20,"الإصحاح السادس والعشرون الآيات (1-12) هنا تعالج موضوع الجاهل. والمقصود بالجاهل والأحمق في هذا السفر الشخص الخاطئ المعاند الذي لا يريد أن يقدم توبة بل يفرح بالإثم رافضاً صوت الحكمة.
أمثال,26,21,"الإصحاح السادس والعشرون الآيات (1-12) هنا تعالج موضوع الجاهل. والمقصود بالجاهل والأحمق في هذا السفر الشخص الخاطئ المعاند الذي لا يريد أن يقدم توبة بل يفرح بالإثم رافضاً صوت الحكمة.
أمثال,26,22,"الإصحاح السادس والعشرون الآيات (1-12) هنا تعالج موضوع الجاهل. والمقصود بالجاهل والأحمق في هذا السفر الشخص الخاطئ المعاند الذي لا يريد أن يقدم توبة بل يفرح بالإثم رافضاً صوت الحكمة.
أمثال,26,23,"الإصحاح السادس والعشرون الآيات (1-12) هنا تعالج موضوع الجاهل. والمقصود بالجاهل والأحمق في هذا السفر الشخص الخاطئ المعاند الذي لا يريد أن يقدم توبة بل يفرح بالإثم رافضاً صوت الحكمة.
أمثال,26,24,"الإصحاح السادس والعشرون الآيات (1-12) هنا تعالج موضوع الجاهل. والمقصود بالجاهل والأحمق في هذا السفر الشخص الخاطئ المعاند الذي لا يريد أن يقدم توبة بل يفرح بالإثم رافضاً صوت الحكمة.
أمثال,26,25,"الإصحاح السادس والعشرون الآيات (1-12) هنا تعالج موضوع الجاهل. والمقصود بالجاهل والأحمق في هذا السفر الشخص الخاطئ المعاند الذي لا يريد أن يقدم توبة بل يفرح بالإثم رافضاً صوت الحكمة.
أمثال,26,26,"الإصحاح السادس والعشرون الآيات (1-12) هنا تعالج موضوع الجاهل. والمقصود بالجاهل والأحمق في هذا السفر الشخص الخاطئ المعاند الذي لا يريد أن يقدم توبة بل يفرح بالإثم رافضاً صوت الحكمة.
أمثال,26,27,"الإصحاح السادس والعشرون الآيات (1-12) هنا تعالج موضوع الجاهل. والمقصود بالجاهل والأحمق في هذا السفر الشخص الخاطئ المعاند الذي لا يريد أن يقدم توبة بل يفرح بالإثم رافضاً صوت الحكمة.
أمثال,26,28,"الإصحاح السادس والعشرون الآيات (1-12) هنا تعالج موضوع الجاهل. والمقصود بالجاهل والأحمق في هذا السفر الشخص الخاطئ المعاند الذي لا يريد أن يقدم توبة بل يفرح بالإثم رافضاً صوت الحكمة.
أمثال,26,29,"الإصحاح السادس والعشرون الآيات (1-12) هنا تعالج موضوع الجاهل. والمقصود بالجاهل والأحمق في هذا السفر الشخص الخاطئ المعاند الذي لا يريد أن يقدم توبة بل يفرح بالإثم رافضاً صوت الحكمة.
أمثال,26,30,"الإصحاح السادس والعشرون الآيات (1-12) هنا تعالج موضوع الجاهل. والمقصود بالجاهل والأحمق في هذا السفر الشخص الخاطئ المعاند الذي لا يريد أن يقدم توبة بل يفرح بالإثم رافضاً صوت الحكمة.
أمثال,26,31,"الإصحاح السادس والعشرون الآيات (1-12) هنا تعالج موضوع الجاهل. والمقصود بالجاهل والأحمق في هذا السفر الشخص الخاطئ المعاند الذي لا يريد أن يقدم توبة بل يفرح بالإثم رافضاً صوت الحكمة.
أمثال,26,32,"الإصحاح السادس والعشرون الآيات (1-12) هنا تعالج موضوع الجاهل. والمقصود بالجاهل والأحمق في هذا السفر الشخص الخاطئ المعاند الذي لا يريد أن يقدم توبة بل يفرح بالإثم رافضاً صوت الحكمة.
أمثال,26,33,"الإصحاح السادس والعشرون الآيات (1-12) هنا تعالج موضوع الجاهل. والمقصود بالجاهل والأحمق في هذا السفر الشخص الخاطئ المعاند الذي لا يريد أن يقدم توبة بل يفرح بالإثم رافضاً صوت الحكمة.
أمثال,26,34,"الإصحاح السادس والعشرون الآيات (1-12) هنا تعالج موضوع الجاهل. والمقصود بالجاهل والأحمق في هذا السفر الشخص الخاطئ المعاند الذي لا يريد أن يقدم توبة بل يفرح بالإثم رافضاً صوت الحكمة.
أمثال,26,35,"الإصحاح السادس والعشرون الآيات (1-12) هنا تعالج موضوع الجاهل. والمقصود بالجاهل والأحمق في هذا السفر الشخص الخاطئ المعاند الذي لا يريد أن يقدم توبة بل يفرح بالإثم رافضاً صوت الحكمة.
أمثال,26,36,"الإصحاح السادس والعشرون الآيات (1-12) هنا تعالج موضوع الجاهل. والمقصود بالجاهل والأحمق في هذا السفر الشخص الخاطئ المعاند الذي لا يريد أن يقدم توبة بل يفرح بالإثم رافضاً صوت الحكمة.
أمثال,26,37,"الإصحاح السادس والعشرون الآيات (1-12) هنا تعالج موضوع الجاهل. والمقصود بالجاهل والأحمق في هذا السفر الشخص الخاطئ المعاند الذي لا يريد أن يقدم توبة بل يفرح بالإثم رافضاً صوت الحكمة.
أمثال,26,38,"الإصحاح السادس والعشرون الآيات (1-12) هنا تعالج موضوع الجاهل. والمقصود بالجاهل والأحمق في هذا السفر الشخص الخاطئ المعاند الذي لا يريد أن يقدم توبة بل يفرح بالإثم رافضاً صوت الحكمة.
أمثال,26,39,"الإصحاح السادس والعشرون الآيات (1-12) هنا تعالج موضوع الجاهل. والمقصود بالجاهل والأحمق في هذا السفر الشخص الخاطئ المعاند الذي لا يريد أن يقدم توبة بل يفرح بالإثم رافضاً صوت الحكمة.
أمثال,26,40,"الإصحاح السادس والعشرون الآيات (1-12) هنا تعالج موضوع الجاهل. والمقصود بالجاهل والأحمق في هذا السفر الشخص الخاطئ المعاند الذي لا يريد أن يقدم توبة بل يفرح بالإثم رافضاً صوت الحكمة.
أمثال,26,41,"الإصحاح السادس والعشرون الآيات (1-12) هنا تعالج موضوع الجاهل. والمقصود بالجاهل والأحمق في هذا السفر الشخص الخاطئ المعاند الذي لا يريد أن يقدم توبة بل يفرح بالإثم رافضاً صوت الحكمة.
أمثال,26,42,"الإصحاح السادس والعشرون الآيات (1-12) هنا تعالج موضوع الجاهل. والمقصود بالجاهل والأحمق في هذا السفر الشخص الخاطئ المعاند الذي لا يريد أن يقدم توبة بل يفرح بالإثم رافضاً صوت الحكمة.
أمثال,26,43,"الإصحاح السادس والعشرون الآيات (1-12) هنا تعالج موضوع الجاهل. والمقصود بالجاهل والأحمق في هذا السفر الشخص الخاطئ المعاند الذي لا يريد أن يقدم توبة بل يفرح بالإثم رافضاً صوت الحكمة.
أمثال,26,44,"الإصحاح السادس والعشرون الآيات (1-12) هنا تعالج موضوع الجاهل. والمقصود بالجاهل والأحمق في هذا السفر الشخص الخاطئ المعاند الذي لا يريد أن يقدم توبة بل يفرح بالإثم رافضاً صوت الحكمة.
أمثال,26,45,"الإصحاح السادس والعشرون الآيات (1-12) هنا تعالج موضوع الجاهل. والمقصود بالجاهل والأحمق في هذا السفر الشخص الخاطئ المعاند الذي لا يريد أن يقدم توبة بل يفرح بالإثم رافضاً صوت الحكمة.
أمثال,26,46,"الإصحاح السادس والعشرون الآيات (1-12) هنا تعالج موضوع الجاهل. والمقصود بالجاهل والأحمق في هذا السفر الشخص الخاطئ المعاند الذي لا يريد أن يقدم توبة بل يفرح بالإثم رافضاً صوت الحكمة.
أمثال,26,47,"الإصحاح السادس والعشرون الآيات (1-12) هنا تعالج موضوع الجاهل. والمقصود بالجاهل والأحمق في هذا السفر الشخص الخاطئ المعاند الذي لا يريد أن يقدم توبة بل يفرح بالإثم رافضاً صوت الحكمة.
أمثال,26,48,"الإصحاح السادس والعشرون الآيات (1-12) هنا تعالج موضوع الجاهل. والمقصود بالجاهل والأحمق في هذا السفر الشخص الخاطئ المعاند الذي لا يريد أن يقدم توبة بل يفرح بالإثم رافضاً صوت الحكمة.
أمثال,26,49,"الإصحاح السادس والعشرون الآيات (1-12) هنا تعالج موضوع الجاهل. والمقصود بالجاهل والأحمق في هذا السفر الشخص الخاطئ المعاند الذي لا يريد أن يقدم توبة بل يفرح بالإثم رافضاً صوت الحكمة.
أمثال,26,50,"الإصحاح السادس والعشرون الآيات (1-12) هنا تعالج موضوع الجاهل. والمقصود بالجاهل والأحمق في هذا السفر الشخص الخاطئ المعاند الذي لا يريد أن يقدم توبة بل يفرح بالإثم رافضاً صوت الحكمة.
أمثال,26,51,"الإصحاح السادس والعشرون الآيات (1-12) هنا تعالج موضوع الجاهل. والمقصود بالجاهل والأحمق في هذا السفر الشخص الخاطئ المعاند الذي لا يريد أن يقدم توبة بل يفرح بالإثم رافضاً صوت الحكمة.
أمثال,26,52,"الإصحاح السادس والعشرون الآيات (1-12) هنا تعالج موضوع الجاهل. والمقصود بالجاهل والأحمق في هذا السفر الشخص الخاطئ المعاند الذي لا يريد أن يقدم توبة بل يفرح بالإثم رافضاً صوت الحكمة.
أمثال,26,53,"الإصحاح السادس والعشرون الآيات (1-12) هنا تعالج موضوع الجاهل. والمقصود بالجاهل والأحمق في هذا السفر الشخص الخاطئ المعاند الذي لا يريد أن يقدم توبة بل يفرح بالإثم رافضاً صوت الحكمة.
أمثال,26,54,"الإصحاح السادس والعشرون الآيات (1-12) هنا تعالج موضوع الجاهل. والمقصود بالجاهل والأحمق في هذا السفر الشخص الخاطئ المعاند الذي لا يريد أن يقدم توبة بل يفرح بالإثم رافضاً صوت الحكمة.
أمثال,26,55,"الإصحاح السادس والعشرون الآيات (1-12) هنا تعالج موضوع الجاهل. والمقصود بالجاهل والأحمق في هذا السفر الشخص الخاطئ المعاند الذي لا يريد أن يقدم توبة بل يفرح بالإثم رافضاً صوت الحكمة.
أمثال,26,56,"الإصحاح السادس والعشرون الآيات (1-12) هنا تعالج موضوع الجاهل. والمقصود بالجاهل والأحمق في هذا السفر الشخص الخاطئ المعاند الذي لا يريد أن يقدم توبة بل يفرح بالإثم رافضاً صوت الحكمة.
أمثال,26,57,"الإصحاح السادس والعشرون الآيات (1-12) هنا تعالج موضوع الجاهل. والمقصود بالجاهل والأحمق في هذا السفر الشخص الخاطئ المعاند الذي لا يريد أن يقدم توبة بل يفرح بالإثم رافضاً صوت الحكمة.
أمثال,26,58,"الإصحاح السادس والعشرون الآيات (1-12) هنا تعالج موضوع الجاهل. والمقصود بالجاهل والأحمق في هذا السفر الشخص الخاطئ المعاند الذي لا يريد أن يقدم توبة بل يفرح بالإثم رافضاً صوت الحكمة.
أمثال,26,59,"الإصحاح السادس والعشرون الآيات (1-12) هنا تعالج موضوع الجاهل. والمقصود بالجاهل والأحمق في هذا السفر الشخص الخاطئ المعاند الذي لا يريد أن يقدم توبة بل يفرح بالإثم رافضاً صوت الحكمة.
أمثال,26,60,"الإصحاح السادس والعشرون الآيات (1-12) هنا تعالج موضوع الجاهل. والمقصود بالجاهل والأحمق في هذا السفر الشخص الخاطئ المعاند الذي لا يريد أن يقدم توبة بل يفرح بالإثم رافضاً صوت الحكمة.
أمثال,26,61,"الإصحاح السادس والعشرون الآيات (1-12) هنا تعالج موضوع الجاهل. والمقصود بالجاهل والأحمق في هذا السفر الشخص الخاطئ المعاند الذي لا يريد أن يقدم توبة بل يفرح بالإثم رافضاً صوت الحكمة.
أمثال,26,62,"الإصحاح السادس والعشرون الآيات (1-12) هنا تعالج موضوع الجاهل. والمقصود بالجاهل والأحمق في هذا السفر الشخص الخاطئ المعاند الذي لا يريد أن يقدم توبة بل يفرح بالإثم رافضاً صوت الحكمة.
أمثال,26,63,"الإصحاح السادس والعشرون الآيات (1-12) هنا تعالج موضوع الجاهل. والمقصود بالجاهل والأحمق في هذا السفر الشخص الخاطئ المعاند الذي لا يريد أن يقدم توبة بل يفرح بالإثم رافضاً صوت الحكمة.
أمثال,26,64,"الإصحاح السادس والعشرون الآيات (1-12) هنا تعالج موضوع الجاهل. والمقصود بالجاهل والأحمق في هذا السفر الشخص الخاطئ المعاند الذي لا يريد أن يقدم توبة بل يفرح بالإثم رافضاً صوت الحكمة.
أمثال,26,65,"الإصحاح السادس والعشرون الآيات (1-12) هنا تعالج موضوع الجاهل. والمقصود بالجاهل والأحمق في هذا السفر الشخص الخاطئ المعاند الذي لا يريد أن يقدم توبة بل يفرح بالإثم رافضاً صوت الحكمة.
أمثال,26,66,"الإصحاح السادس والعشرون الآيات (1-12) هنا تعالج موضوع الجاهل. والمقصود بالجاهل والأحمق في هذا السفر الشخص الخاطئ المعاند الذي لا يريد أن يقدم توبة بل يفرح بالإثم رافضاً صوت الحكمة.
أمثال,26,67,"الإصحاح السادس والعشرون الآيات (1-12) هنا تعالج موضوع الجاهل. والمقصود بالجاهل والأحمق في هذا السفر الشخص الخاطئ المعاند الذي لا يريد أن يقدم توبة بل يفرح بالإثم رافضاً صوت الحكمة.
أمثال,26,68,"الإصحاح السادس والعشرون الآيات (1-12) هنا تعالج موضوع الجاهل. والمقصود بالجاهل والأحمق في هذا السفر الشخص الخاطئ المعاند الذي لا يريد أن يقدم توبة بل يفرح بالإثم رافضاً صوت الحكمة.
أمثال,26,69,"الإصحاح السادس والعشرون الآيات (1-12) هنا تعالج موضوع الجاهل. والمقصود بالجاهل والأحمق في هذا السفر الشخص الخاطئ المعاند الذي لا يريد أن يقدم توبة بل يفرح بالإثم رافضاً صوت الحكمة.
أمثال,26,70,"الإصحاح السادس والعشرون الآيات (1-12) هنا تعالج موضوع الجاهل. والمقصود بالجاهل والأحمق في هذا السفر الشخص الخاطئ المعاند الذي لا يريد أن يقدم توبة بل يفرح بالإثم رافضاً صوت الحكمة.
أمثال,26,71,"الإصحاح السادس والعشرون الآيات (1-12) هنا تعالج موضوع الجاهل. والمقصود بالجاهل والأحمق في هذا السفر الشخص الخاطئ المعاند الذي لا يريد أن يقدم توبة بل يفرح بالإثم رافضاً صوت الحكمة.
أمثال,26,72,"الإصحاح السادس والعشرون الآيات (1-12) هنا تعالج موضوع الجاهل. والمقصود بالجاهل والأحمق في هذا السفر الشخص الخاطئ المعاند الذي لا يريد أن يقدم توبة بل يفرح بالإثم رافضاً صوت الحكمة.
أمثال,26,73,"الإصحاح السادس والعشرون الآيات (1-12) هنا تعالج موضوع الجاهل. والمقصود بالجاهل والأحمق في هذا السفر الشخص الخاطئ المعاند الذي لا يريد أن يقدم توبة بل يفرح بالإثم رافضاً صوت الحكمة.
أمثال,26,74,"الإصحاح السادس والعشرون الآيات (1-12) هنا تعالج موضوع الجاهل. والمقصود بالجاهل والأحمق في هذا السفر الشخص الخاطئ المعاند الذي لا يريد أن يقدم توبة بل يفرح بالإثم رافضاً صوت الحكمة.
أمثال,26,75,"الإصحاح السادس والعشرون الآيات (1-12) هنا تعالج موضوع الجاهل. والمقصود بالجاهل والأحمق في هذا السفر الشخص الخاطئ المعاند الذي لا يريد أن يقدم توبة بل يفرح بالإثم رافضاً صوت الحكمة.
أمثال,26,76,"الإصحاح السادس والعشرون الآيات (1-12) هنا تعالج موضوع الجاهل. والمقصود بالجاهل والأحمق في هذا السفر الشخص الخاطئ المعاند الذي لا يريد أن يقدم توبة بل يفرح بالإثم رافضاً صوت الحكمة.
أمثال,26,77,"الإصحاح السادس والعشرون الآيات (1-12) هنا تعالج موضوع الجاهل. والمقصود بالجاهل والأحمق في هذا السفر الشخص الخاطئ المعاند الذي لا يريد أن يقدم توبة بل يفرح بالإثم رافضاً صوت الحكمة.
أمثال,26,78,"الإصحاح السادس والعشرون الآيات (1-12) هنا تعالج موضوع الجاهل. والمقصود بالجاهل والأحمق في هذا السفر الشخص الخاطئ المعاند الذي لا يريد أن يقدم توبة بل يفرح بالإثم رافضاً صوت الحكمة.
أمثال,26,79,"الإصحاح السادس والعشرون الآيات (1-12) هنا تعالج موضوع الجاهل. والمقصود بالجاهل والأحمق في هذا السفر الشخص الخاطئ المعاند الذي لا يريد أن يقدم توبة بل يفرح بالإثم رافضاً صوت الحكمة.
أمثال,26,80,"الإصحاح السادس والعشرون الآيات (1-12) هنا تعالج موضوع الجاهل. والمقصود بالجاهل والأحمق في هذا السفر الشخص الخاطئ المعاند الذي لا يريد أن يقدم توبة بل يفرح بالإثم رافضاً صوت الحكمة.
أمثال,26,81,"الإصحاح السادس والعشرون الآيات (1-12) هنا تعالج موضوع الجاهل. والمقصود بالجاهل والأحمق في هذا السفر الشخص الخاطئ المعاند الذي لا يريد أن يقدم توبة بل يفرح بالإثم رافضاً صوت الحكمة.
أمثال,26,82,"الإصحاح السادس والعشرون الآيات (1-12) هنا تعالج موضوع الجاهل. والمقصود بالجاهل والأحمق في هذا السفر الشخص الخاطئ المعاند الذي لا يريد أن يقدم توبة بل يفرح بالإثم رافضاً صوت الحكمة.
أمثال,26,83,"الإصحاح السادس والعشرون الآيات (1-12) هنا تعالج موضوع الجاهل. والمقصود بالجاهل والأحمق في هذا السفر الشخص الخاطئ المعاند الذي لا يريد أن يقدم توبة بل يفرح بالإثم رافضاً صوت الحكمة.
أمثال,26,84,"الإصحاح السادس والعشرون الآيات (1-12) هنا تعالج موضوع الجاهل. والمقصود بالجاهل والأحمق في هذا السفر الشخص الخاطئ المعاند الذي لا يريد أن يقدم توبة بل يفرح بالإثم رافضاً صوت الحكمة.
أمثال,26,85,"الإصحاح السادس والعشرون الآيات (1-12) هنا تعالج موضوع الجاهل. والمقصود بالجاهل والأحمق في هذا السفر الشخص الخاطئ المعاند الذي لا يريد أن يقدم توبة بل يفرح بالإثم رافضاً صوت الحكمة.
أمثال,26,86,"الإصحاح السادس والعشرون الآيات (1-12) هنا تعالج موضوع الجاهل. والمقصود بالجاهل والأحمق في هذا السفر الشخص الخاطئ المعاند الذي لا يريد أن يقدم توبة بل يفرح بالإثم رافضاً صوت الحكمة.
أمثال,26,87,"الإصحاح السادس والعشرون الآيات (1-12) هنا تعالج موضوع الجاهل. والمقصود بالجاهل والأحمق في هذا السفر الشخص الخاطئ المعاند الذي لا يريد أن يقدم توبة بل يفرح بالإثم رافضاً صوت الحكمة.
أمثال,26,88,"الإصحاح السادس والعشرون الآيات (1-12) هنا تعالج موضوع الجاهل. والمقصود بالجاهل والأحمق في هذا السفر الشخص الخاطئ المعاند الذي لا يريد أن يقدم توبة بل يفرح بالإثم رافضاً صوت الحكمة.
أمثال,26,89,"الإصحاح السادس والعشرون الآيات (1-12) هنا تعالج موضوع الجاهل. والمقصود بالجاهل والأحمق في هذا السفر الشخص الخاطئ المعاند الذي لا يريد أن يقدم توبة بل يفرح بالإثم رافضاً صوت الحكمة.
أمثال,26,90,"الإصحاح السادس والعشرون الآيات (1-12) هنا تعالج موضوع الجاهل. والمقصود بالجاهل والأحمق في هذا السفر الشخص الخاطئ المعاند الذي لا يريد أن يقدم توبة بل يفرح بالإثم رافضاً صوت الحكمة.
أمثال,26,91,"الإصحاح السادس والعشرون الآيات (1-12) هنا تعالج موضوع الجاهل. والمقصود بالجاهل والأحمق في هذا السفر الشخص الخاطئ المعاند الذي لا يريد أن يقدم توبة بل يفرح بالإثم رافضاً صوت الحكمة.
أمثال,26,92,"الإصحاح السادس والعشرون الآيات (1-12) هنا تعالج موضوع الجاهل. والمقصود بالجاهل والأحمق في هذا السفر الشخص الخاطئ المعاند الذي لا يريد أن يقدم توبة بل يفرح بالإثم رافضاً صوت الحكمة.
أمثال,26,93,"الإصحاح السادس والعشرون الآيات (1-12) هنا تعالج موضوع الجاهل. والمقصود بالجاهل والأحمق في هذا السفر الشخص الخاطئ المعاند الذي لا يريد أن يقدم توبة بل يفرح بالإثم رافضاً صوت الحكمة.
أمثال,26,94,"الإصحاح السادس والعشرون الآيات (1-12) هنا تعالج موضوع الجاهل. والمقصود بالجاهل والأحمق في هذا السفر الشخص الخاطئ المعاند الذي لا يريد أن يقدم توبة بل يفرح بالإثم رافضاً صوت الحكمة.
أمثال,26,95,"الإصحاح السادس والعشرون الآيات (1-12) هنا تعالج موضوع الجاهل. والمقصود بالجاهل والأحمق في هذا السفر الشخص الخاطئ المعاند الذي لا يريد أن يقدم توبة بل يفرح بالإثم رافضاً صوت الحكمة.
أمثال,26,96,"الإصحاح السادس والعشرون الآيات (1-12) هنا تعالج موضوع الجاهل. والمقصود بالجاهل والأحمق في هذا السفر الشخص الخاطئ المعاند الذي لا يريد أن يقدم توبة بل يفرح بالإثم رافضاً صوت الحكمة.
أمثال,26,97,"الإصحاح السادس والعشرون الآيات (1-12) هنا تعالج موضوع الجاهل. والمقصود بالجاهل والأحمق في هذا السفر الشخص الخاطئ المعاند الذي لا يريد أن يقدم توبة بل يفرح بالإثم رافضاً صوت الحكمة.
أمثال,26,98,"الإصحاح السادس والعشرون الآيات (1-12) هنا تعالج موضوع الجاهل. والمقصود بالجاهل والأحمق في هذا السفر الشخص الخاطئ المعاند الذي لا يريد أن يقدم توبة بل يفرح بالإثم رافضاً صوت الحكمة.
أمثال,26,99,"الإصحاح السادس والعشرون الآيات (1-12) هنا تعالج موضوع الجاهل. والمقصود بالجاهل والأحمق في هذا السفر الشخص الخاطئ المعاند الذي لا يريد أن يقدم توبة بل يفرح بالإثم رافضاً صوت الحكمة.
أمثال,27,1,"الإصحاح السابع والعشرون آية (1): ""لا تفتخر بالغد لأنك لا تعلم ماذا يلده يوم.""
أمثال,27,2,"الإصحاح السابع والعشرون آية (1): ""لا تفتخر بالغد لأنك لا تعلم ماذا يلده يوم.""
أمثال,27,3,"الإصحاح السابع والعشرون آية (1): ""لا تفتخر بالغد لأنك لا تعلم ماذا يلده يوم.""
أمثال,27,4,"الإصحاح السابع والعشرون آية (1): ""لا تفتخر بالغد لأنك لا تعلم ماذا يلده يوم.""
أمثال,27,5,"الإصحاح السابع والعشرون آية (1): ""لا تفتخر بالغد لأنك لا تعلم ماذا يلده يوم.""
أمثال,27,6,"الإصحاح السابع والعشرون آية (1): ""لا تفتخر بالغد لأنك لا تعلم ماذا يلده يوم.""
أمثال,27,7,"الإصحاح السابع والعشرون آية (1): ""لا تفتخر بالغد لأنك لا تعلم ماذا يلده يوم.""
أمثال,27,8,"الإصحاح السابع والعشرون آية (1): ""لا تفتخر بالغد لأنك لا تعلم ماذا يلده يوم.""
أمثال,27,9,"الإصحاح السابع والعشرون آية (1): ""لا تفتخر بالغد لأنك لا تعلم ماذا يلده يوم.""
أمثال,27,10,"الإصحاح السابع والعشرون آية (1): ""لا تفتخر بالغد لأنك لا تعلم ماذا يلده يوم.""
أمثال,27,11,"الإصحاح السابع والعشرون آية (1): ""لا تفتخر بالغد لأنك لا تعلم ماذا يلده يوم.""
أمثال,27,12,"الإصحاح السابع والعشرون آية (1): ""لا تفتخر بالغد لأنك لا تعلم ماذا يلده يوم.""
أمثال,27,13,"الإصحاح السابع والعشرون آية (1): ""لا تفتخر بالغد لأنك لا تعلم ماذا يلده يوم.""
أمثال,27,14,"الإصحاح السابع والعشرون آية (1): ""لا تفتخر بالغد لأنك لا تعلم ماذا يلده يوم.""
أمثال,27,15,"الإصحاح السابع والعشرون آية (1): ""لا تفتخر بالغد لأنك لا تعلم ماذا يلده يوم.""
أمثال,27,16,"الإصحاح السابع والعشرون آية (1): ""لا تفتخر بالغد لأنك لا تعلم ماذا يلده يوم.""
أمثال,27,17,"الإصحاح السابع والعشرون آية (1): ""لا تفتخر بالغد لأنك لا تعلم ماذا يلده يوم.""
أمثال,27,18,"الإصحاح السابع والعشرون آية (1): ""لا تفتخر بالغد لأنك لا تعلم ماذا يلده يوم.""
أمثال,27,19,"الإصحاح السابع والعشرون آية (1): ""لا تفتخر بالغد لأنك لا تعلم ماذا يلده يوم.""
أمثال,27,20,"الإصحاح السابع والعشرون آية (1): ""لا تفتخر بالغد لأنك لا تعلم ماذا يلده يوم.""
أمثال,27,21,"الإصحاح السابع والعشرون آية (1): ""لا تفتخر بالغد لأنك لا تعلم ماذا يلده يوم.""
أمثال,27,22,"الإصحاح السابع والعشرون آية (1): ""لا تفتخر بالغد لأنك لا تعلم ماذا يلده يوم.""
أمثال,27,23,"الإصحاح السابع والعشرون آية (1): ""لا تفتخر بالغد لأنك لا تعلم ماذا يلده يوم.""
أمثال,27,24,"الإصحاح السابع والعشرون آية (1): ""لا تفتخر بالغد لأنك لا تعلم ماذا يلده يوم.""
أمثال,27,25,"الإصحاح السابع والعشرون آية (1): ""لا تفتخر بالغد لأنك لا تعلم ماذا يلده يوم.""
أمثال,27,26,"الإصحاح السابع والعشرون آية (1): ""لا تفتخر بالغد لأنك لا تعلم ماذا يلده يوم.""
أمثال,27,27,"الإصحاح السابع والعشرون آية (1): ""لا تفتخر بالغد لأنك لا تعلم ماذا يلده يوم.""
أمثال,27,28,"الإصحاح السابع والعشرون آية (1): ""لا تفتخر بالغد لأنك لا تعلم ماذا يلده يوم.""
أمثال,27,29,"الإصحاح السابع والعشرون آية (1): ""لا تفتخر بالغد لأنك لا تعلم ماذا يلده يوم.""
أمثال,27,30,"الإصحاح السابع والعشرون آية (1): ""لا تفتخر بالغد لأنك لا تعلم ماذا يلده يوم.""
أمثال,27,31,"الإصحاح السابع والعشرون آية (1): ""لا تفتخر بالغد لأنك لا تعلم ماذا يلده يوم.""
أمثال,27,32,"الإصحاح السابع والعشرون آية (1): ""لا تفتخر بالغد لأنك لا تعلم ماذا يلده يوم.""
أمثال,27,33,"الإصحاح السابع والعشرون آية (1): ""لا تفتخر بالغد لأنك لا تعلم ماذا يلده يوم.""
أمثال,27,34,"الإصحاح السابع والعشرون آية (1): ""لا تفتخر بالغد لأنك لا تعلم ماذا يلده يوم.""
أمثال,27,35,"الإصحاح السابع والعشرون آية (1): ""لا تفتخر بالغد لأنك لا تعلم ماذا يلده يوم.""
أمثال,27,36,"الإصحاح السابع والعشرون آية (1): ""لا تفتخر بالغد لأنك لا تعلم ماذا يلده يوم.""
أمثال,27,37,"الإصحاح السابع والعشرون آية (1): ""لا تفتخر بالغد لأنك لا تعلم ماذا يلده يوم.""
أمثال,27,38,"الإصحاح السابع والعشرون آية (1): ""لا تفتخر بالغد لأنك لا تعلم ماذا يلده يوم.""
أمثال,27,39,"الإصحاح السابع والعشرون آية (1): ""لا تفتخر بالغد لأنك لا تعلم ماذا يلده يوم.""
أمثال,27,40,"الإصحاح السابع والعشرون آية (1): ""لا تفتخر بالغد لأنك لا تعلم ماذا يلده يوم.""
أمثال,27,41,"الإصحاح السابع والعشرون آية (1): ""لا تفتخر بالغد لأنك لا تعلم ماذا يلده يوم.""
أمثال,27,42,"الإصحاح السابع والعشرون آية (1): ""لا تفتخر بالغد لأنك لا تعلم ماذا يلده يوم.""
أمثال,27,43,"الإصحاح السابع والعشرون آية (1): ""لا تفتخر بالغد لأنك لا تعلم ماذا يلده يوم.""
أمثال,27,44,"الإصحاح السابع والعشرون آية (1): ""لا تفتخر بالغد لأنك لا تعلم ماذا يلده يوم.""
أمثال,27,45,"الإصحاح السابع والعشرون آية (1): ""لا تفتخر بالغد لأنك لا تعلم ماذا يلده يوم.""
أمثال,27,46,"الإصحاح السابع والعشرون آية (1): ""لا تفتخر بالغد لأنك لا تعلم ماذا يلده يوم.""
أمثال,27,47,"الإصحاح السابع والعشرون آية (1): ""لا تفتخر بالغد لأنك لا تعلم ماذا يلده يوم.""
أمثال,27,48,"الإصحاح السابع والعشرون آية (1): ""لا تفتخر بالغد لأنك لا تعلم ماذا يلده يوم.""
أمثال,27,49,"الإصحاح السابع والعشرون آية (1): ""لا تفتخر بالغد لأنك لا تعلم ماذا يلده يوم.""
أمثال,27,50,"الإصحاح السابع والعشرون آية (1): ""لا تفتخر بالغد لأنك لا تعلم ماذا يلده يوم.""
أمثال,27,51,"الإصحاح السابع والعشرون آية (1): ""لا تفتخر بالغد لأنك لا تعلم ماذا يلده يوم.""
أمثال,27,52,"الإصحاح السابع والعشرون آية (1): ""لا تفتخر بالغد لأنك لا تعلم ماذا يلده يوم.""
أمثال,27,53,"الإصحاح السابع والعشرون آية (1): ""لا تفتخر بالغد لأنك لا تعلم ماذا يلده يوم.""
أمثال,27,54,"الإصحاح السابع والعشرون آية (1): ""لا تفتخر بالغد لأنك لا تعلم ماذا يلده يوم.""
أمثال,27,55,"الإصحاح السابع والعشرون آية (1): ""لا تفتخر بالغد لأنك لا تعلم ماذا يلده يوم.""
أمثال,27,56,"الإصحاح السابع والعشرون آية (1): ""لا تفتخر بالغد لأنك لا تعلم ماذا يلده يوم.""
أمثال,27,57,"الإصحاح السابع والعشرون آية (1): ""لا تفتخر بالغد لأنك لا تعلم ماذا يلده يوم.""
أمثال,27,58,"الإصحاح السابع والعشرون آية (1): ""لا تفتخر بالغد لأنك لا تعلم ماذا يلده يوم.""
أمثال,27,59,"الإصحاح السابع والعشرون آية (1): ""لا تفتخر بالغد لأنك لا تعلم ماذا يلده يوم.""
أمثال,27,60,"الإصحاح السابع والعشرون آية (1): ""لا تفتخر بالغد لأنك لا تعلم ماذا يلده يوم.""
أمثال,27,61,"الإصحاح السابع والعشرون آية (1): ""لا تفتخر بالغد لأنك لا تعلم ماذا يلده يوم.""
أمثال,27,62,"الإصحاح السابع والعشرون آية (1): ""لا تفتخر بالغد لأنك لا تعلم ماذا يلده يوم.""
أمثال,27,63,"الإصحاح السابع والعشرون آية (1): ""لا تفتخر بالغد لأنك لا تعلم ماذا يلده يوم.""
أمثال,27,64,"الإصحاح السابع والعشرون آية (1): ""لا تفتخر بالغد لأنك لا تعلم ماذا يلده يوم.""
أمثال,27,65,"الإصحاح السابع والعشرون آية (1): ""لا تفتخر بالغد لأنك لا تعلم ماذا يلده يوم.""
أمثال,27,66,"الإصحاح السابع والعشرون آية (1): ""لا تفتخر بالغد لأنك لا تعلم ماذا يلده يوم.""
أمثال,27,67,"الإصحاح السابع والعشرون آية (1): ""لا تفتخر بالغد لأنك لا تعلم ماذا يلده يوم.""
أمثال,27,68,"الإصحاح السابع والعشرون آية (1): ""لا تفتخر بالغد لأنك لا تعلم ماذا يلده يوم.""
أمثال,27,69,"الإصحاح السابع والعشرون آية (1): ""لا تفتخر بالغد لأنك لا تعلم ماذا يلده يوم.""
أمثال,27,70,"الإصحاح السابع والعشرون آية (1): ""لا تفتخر بالغد لأنك لا تعلم ماذا يلده يوم.""
أمثال,27,71,"الإصحاح السابع والعشرون آية (1): ""لا تفتخر بالغد لأنك لا تعلم ماذا يلده يوم.""
أمثال,27,72,"الإصحاح السابع والعشرون آية (1): ""لا تفتخر بالغد لأنك لا تعلم ماذا يلده يوم.""
أمثال,27,73,"الإصحاح السابع والعشرون آية (1): ""لا تفتخر بالغد لأنك لا تعلم ماذا يلده يوم.""
أمثال,27,74,"الإصحاح السابع والعشرون آية (1): ""لا تفتخر بالغد لأنك لا تعلم ماذا يلده يوم.""
أمثال,27,75,"الإصحاح السابع والعشرون آية (1): ""لا تفتخر بالغد لأنك لا تعلم ماذا يلده يوم.""
أمثال,27,76,"الإصحاح السابع والعشرون آية (1): ""لا تفتخر بالغد لأنك لا تعلم ماذا يلده يوم.""
أمثال,27,77,"الإصحاح السابع والعشرون آية (1): ""لا تفتخر بالغد لأنك لا تعلم ماذا يلده يوم.""
أمثال,27,78,"الإصحاح السابع والعشرون آية (1): ""لا تفتخر بالغد لأنك لا تعلم ماذا يلده يوم.""
أمثال,27,79,"الإصحاح السابع والعشرون آية (1): ""لا تفتخر بالغد لأنك لا تعلم ماذا يلده يوم.""
أمثال,27,80,"الإصحاح السابع والعشرون آية (1): ""لا تفتخر بالغد لأنك لا تعلم ماذا يلده يوم.""
أمثال,27,81,"الإصحاح السابع والعشرون آية (1): ""لا تفتخر بالغد لأنك لا تعلم ماذا يلده يوم.""
أمثال,27,82,"الإصحاح السابع والعشرون آية (1): ""لا تفتخر بالغد لأنك لا تعلم ماذا يلده يوم.""
أمثال,27,83,"الإصحاح السابع والعشرون آية (1): ""لا تفتخر بالغد لأنك لا تعلم ماذا يلده يوم.""
أمثال,27,84,"الإصحاح السابع والعشرون آية (1): ""لا تفتخر بالغد لأنك لا تعلم ماذا يلده يوم.""
أمثال,27,85,"الإصحاح السابع والعشرون آية (1): ""لا تفتخر بالغد لأنك لا تعلم ماذا يلده يوم.""
أمثال,27,86,"الإصحاح السابع والعشرون آية (1): ""لا تفتخر بالغد لأنك لا تعلم ماذا يلده يوم.""
أمثال,27,87,"الإصحاح السابع والعشرون آية (1): ""لا تفتخر بالغد لأنك لا تعلم ماذا يلده يوم.""
أمثال,27,88,"الإصحاح السابع والعشرون آية (1): ""لا تفتخر بالغد لأنك لا تعلم ماذا يلده يوم.""
أمثال,27,89,"الإصحاح السابع والعشرون آية (1): ""لا تفتخر بالغد لأنك لا تعلم ماذا يلده يوم.""
أمثال,27,90,"الإصحاح السابع والعشرون آية (1): ""لا تفتخر بالغد لأنك لا تعلم ماذا يلده يوم.""
أمثال,27,91,"الإصحاح السابع والعشرون آية (1): ""لا تفتخر بالغد لأنك لا تعلم ماذا يلده يوم.""
أمثال,27,92,"الإصحاح السابع والعشرون آية (1): ""لا تفتخر بالغد لأنك لا تعلم ماذا يلده يوم.""
أمثال,27,93,"الإصحاح السابع والعشرون آية (1): ""لا تفتخر بالغد لأنك لا تعلم ماذا يلده يوم.""
أمثال,27,94,"الإصحاح السابع والعشرون آية (1): ""لا تفتخر بالغد لأنك لا تعلم ماذا يلده يوم.""
أمثال,27,95,"الإصحاح السابع والعشرون آية (1): ""لا تفتخر بالغد لأنك لا تعلم ماذا يلده يوم.""
أمثال,27,96,"الإصحاح السابع والعشرون آية (1): ""لا تفتخر بالغد لأنك لا تعلم ماذا يلده يوم.""
أمثال,27,97,"الإصحاح السابع والعشرون آية (1): ""لا تفتخر بالغد لأنك لا تعلم ماذا يلده يوم.""
أمثال,27,98,"الإصحاح السابع والعشرون آية (1): ""لا تفتخر بالغد لأنك لا تعلم ماذا يلده يوم.""
أمثال,27,99,"الإصحاح السابع والعشرون آية (1): ""لا تفتخر بالغد لأنك لا تعلم ماذا يلده يوم.""
أمثال,28,1,"الإصحاح الثامن والعشرون آية (1): ""الشرير يهرب ولا طارد أما الصديقون فكشبل ثبيت.""
أمثال,28,2,"الإصحاح الثامن والعشرون آية (1): ""الشرير يهرب ولا طارد أما الصديقون فكشبل ثبيت.""
أمثال,28,3,"الإصحاح الثامن والعشرون آية (1): ""الشرير يهرب ولا طارد أما الصديقون فكشبل ثبيت.""
أمثال,28,4,"الإصحاح الثامن والعشرون آية (1): ""الشرير يهرب ولا طارد أما الصديقون فكشبل ثبيت.""
أمثال,28,5,"الإصحاح الثامن والعشرون آية (1): ""الشرير يهرب ولا طارد أما الصديقون فكشبل ثبيت.""
أمثال,28,6,"الإصحاح الثامن والعشرون آية (1): ""الشرير يهرب ولا طارد أما الصديقون فكشبل ثبيت.""
أمثال,28,7,"الإصحاح الثامن والعشرون آية (1): ""الشرير يهرب ولا طارد أما الصديقون فكشبل ثبيت.""
أمثال,28,8,"الإصحاح الثامن والعشرون آية (1): ""الشرير يهرب ولا طارد أما الصديقون فكشبل ثبيت.""
أمثال,28,9,"الإصحاح الثامن والعشرون آية (1): ""الشرير يهرب ولا طارد أما الصديقون فكشبل ثبيت.""
أمثال,28,10,"الإصحاح الثامن والعشرون آية (1): ""الشرير يهرب ولا طارد أما الصديقون فكشبل ثبيت.""
أمثال,28,11,"الإصحاح الثامن والعشرون آية (1): ""الشرير يهرب ولا طارد أما الصديقون فكشبل ثبيت.""
أمثال,28,12,"الإصحاح الثامن والعشرون آية (1): ""الشرير يهرب ولا طارد أما الصديقون فكشبل ثبيت.""
أمثال,28,13,"الإصحاح الثامن والعشرون آية (1): ""الشرير يهرب ولا طارد أما الصديقون فكشبل ثبيت.""
أمثال,28,14,"الإصحاح الثامن والعشرون آية (1): ""الشرير يهرب ولا طارد أما الصديقون فكشبل ثبيت.""
أمثال,28,15,"الإصحاح الثامن والعشرون آية (1): ""الشرير يهرب ولا طارد أما الصديقون فكشبل ثبيت.""
أمثال,28,16,"الإصحاح الثامن والعشرون آية (1): ""الشرير يهرب ولا طارد أما الصديقون فكشبل ثبيت.""
أمثال,28,17,"الإصحاح الثامن والعشرون آية (1): ""الشرير يهرب ولا طارد أما الصديقون فكشبل ثبيت.""
أمثال,28,18,"الإصحاح الثامن والعشرون آية (1): ""الشرير يهرب ولا طارد أما الصديقون فكشبل ثبيت.""
أمثال,28,19,"الإصحاح الثامن والعشرون آية (1): ""الشرير يهرب ولا طارد أما الصديقون فكشبل ثبيت.""
أمثال,28,20,"الإصحاح الثامن والعشرون آية (1): ""الشرير يهرب ولا طارد أما الصديقون فكشبل ثبيت.""
أمثال,28,21,"الإصحاح الثامن والعشرون آية (1): ""الشرير يهرب ولا طارد أما الصديقون فكشبل ثبيت.""
أمثال,28,22,"الإصحاح الثامن والعشرون آية (1): ""الشرير يهرب ولا طارد أما الصديقون فكشبل ثبيت.""
أمثال,28,23,"الإصحاح الثامن والعشرون آية (1): ""الشرير يهرب ولا طارد أما الصديقون فكشبل ثبيت.""
أمثال,28,24,"الإصحاح الثامن والعشرون آية (1): ""الشرير يهرب ولا طارد أما الصديقون فكشبل ثبيت.""
أمثال,28,25,"الإصحاح الثامن والعشرون آية (1): ""الشرير يهرب ولا طارد أما الصديقون فكشبل ثبيت.""
أمثال,28,26,"الإصحاح الثامن والعشرون آية (1): ""الشرير يهرب ولا طارد أما الصديقون فكشبل ثبيت.""
أمثال,28,27,"الإصحاح الثامن والعشرون آية (1): ""الشرير يهرب ولا طارد أما الصديقون فكشبل ثبيت.""
أمثال,28,28,"الإصحاح الثامن والعشرون آية (1): ""الشرير يهرب ولا طارد أما الصديقون فكشبل ثبيت.""
أمثال,28,29,"الإصحاح الثامن والعشرون آية (1): ""الشرير يهرب ولا طارد أما الصديقون فكشبل ثبيت.""
أمثال,28,30,"الإصحاح الثامن والعشرون آية (1): ""الشرير يهرب ولا طارد أما الصديقون فكشبل ثبيت.""
أمثال,28,31,"الإصحاح الثامن والعشرون آية (1): ""الشرير يهرب ولا طارد أما الصديقون فكشبل ثبيت.""
أمثال,28,32,"الإصحاح الثامن والعشرون آية (1): ""الشرير يهرب ولا طارد أما الصديقون فكشبل ثبيت.""
أمثال,28,33,"الإصحاح الثامن والعشرون آية (1): ""الشرير يهرب ولا طارد أما الصديقون فكشبل ثبيت.""
أمثال,28,34,"الإصحاح الثامن والعشرون آية (1): ""الشرير يهرب ولا طارد أما الصديقون فكشبل ثبيت.""
أمثال,28,35,"الإصحاح الثامن والعشرون آية (1): ""الشرير يهرب ولا طارد أما الصديقون فكشبل ثبيت.""
أمثال,28,36,"الإصحاح الثامن والعشرون آية (1): ""الشرير يهرب ولا طارد أما الصديقون فكشبل ثبيت.""
أمثال,28,37,"الإصحاح الثامن والعشرون آية (1): ""الشرير يهرب ولا طارد أما الصديقون فكشبل ثبيت.""
أمثال,28,38,"الإصحاح الثامن والعشرون آية (1): ""الشرير يهرب ولا طارد أما الصديقون فكشبل ثبيت.""
أمثال,28,39,"الإصحاح الثامن والعشرون آية (1): ""الشرير يهرب ولا طارد أما الصديقون فكشبل ثبيت.""
أمثال,28,40,"الإصحاح الثامن والعشرون آية (1): ""الشرير يهرب ولا طارد أما الصديقون فكشبل ثبيت.""
أمثال,28,41,"الإصحاح الثامن والعشرون آية (1): ""الشرير يهرب ولا طارد أما الصديقون فكشبل ثبيت.""
أمثال,28,42,"الإصحاح الثامن والعشرون آية (1): ""الشرير يهرب ولا طارد أما الصديقون فكشبل ثبيت.""
أمثال,28,43,"الإصحاح الثامن والعشرون آية (1): ""الشرير يهرب ولا طارد أما الصديقون فكشبل ثبيت.""
أمثال,28,44,"الإصحاح الثامن والعشرون آية (1): ""الشرير يهرب ولا طارد أما الصديقون فكشبل ثبيت.""
أمثال,28,45,"الإصحاح الثامن والعشرون آية (1): ""الشرير يهرب ولا طارد أما الصديقون فكشبل ثبيت.""
أمثال,28,46,"الإصحاح الثامن والعشرون آية (1): ""الشرير يهرب ولا طارد أما الصديقون فكشبل ثبيت.""
أمثال,28,47,"الإصحاح الثامن والعشرون آية (1): ""الشرير يهرب ولا طارد أما الصديقون فكشبل ثبيت.""
أمثال,28,48,"الإصحاح الثامن والعشرون آية (1): ""الشرير يهرب ولا طارد أما الصديقون فكشبل ثبيت.""
أمثال,28,49,"الإصحاح الثامن والعشرون آية (1): ""الشرير يهرب ولا طارد أما الصديقون فكشبل ثبيت.""
أمثال,28,50,"الإصحاح الثامن والعشرون آية (1): ""الشرير يهرب ولا طارد أما الصديقون فكشبل ثبيت.""
أمثال,28,51,"الإصحاح الثامن والعشرون آية (1): ""الشرير يهرب ولا طارد أما الصديقون فكشبل ثبيت.""
أمثال,28,52,"الإصحاح الثامن والعشرون آية (1): ""الشرير يهرب ولا طارد أما الصديقون فكشبل ثبيت.""
أمثال,28,53,"الإصحاح الثامن والعشرون آية (1): ""الشرير يهرب ولا طارد أما الصديقون فكشبل ثبيت.""
أمثال,28,54,"الإصحاح الثامن والعشرون آية (1): ""الشرير يهرب ولا طارد أما الصديقون فكشبل ثبيت.""
أمثال,28,55,"الإصحاح الثامن والعشرون آية (1): ""الشرير يهرب ولا طارد أما الصديقون فكشبل ثبيت.""
أمثال,28,56,"الإصحاح الثامن والعشرون آية (1): ""الشرير يهرب ولا طارد أما الصديقون فكشبل ثبيت.""
أمثال,28,57,"الإصحاح الثامن والعشرون آية (1): ""الشرير يهرب ولا طارد أما الصديقون فكشبل ثبيت.""
أمثال,28,58,"الإصحاح الثامن والعشرون آية (1): ""الشرير يهرب ولا طارد أما الصديقون فكشبل ثبيت.""
أمثال,28,59,"الإصحاح الثامن والعشرون آية (1): ""الشرير يهرب ولا طارد أما الصديقون فكشبل ثبيت.""
أمثال,28,60,"الإصحاح الثامن والعشرون آية (1): ""الشرير يهرب ولا طارد أما الصديقون فكشبل ثبيت.""
أمثال,28,61,"الإصحاح الثامن والعشرون آية (1): ""الشرير يهرب ولا طارد أما الصديقون فكشبل ثبيت.""
أمثال,28,62,"الإصحاح الثامن والعشرون آية (1): ""الشرير يهرب ولا طارد أما الصديقون فكشبل ثبيت.""
أمثال,28,63,"الإصحاح الثامن والعشرون آية (1): ""الشرير يهرب ولا طارد أما الصديقون فكشبل ثبيت.""
أمثال,28,64,"الإصحاح الثامن والعشرون آية (1): ""الشرير يهرب ولا طارد أما الصديقون فكشبل ثبيت.""
أمثال,28,65,"الإصحاح الثامن والعشرون آية (1): ""الشرير يهرب ولا طارد أما الصديقون فكشبل ثبيت.""
أمثال,28,66,"الإصحاح الثامن والعشرون آية (1): ""الشرير يهرب ولا طارد أما الصديقون فكشبل ثبيت.""
أمثال,28,67,"الإصحاح الثامن والعشرون آية (1): ""الشرير يهرب ولا طارد أما الصديقون فكشبل ثبيت.""
أمثال,28,68,"الإصحاح الثامن والعشرون آية (1): ""الشرير يهرب ولا طارد أما الصديقون فكشبل ثبيت.""
أمثال,28,69,"الإصحاح الثامن والعشرون آية (1): ""الشرير يهرب ولا طارد أما الصديقون فكشبل ثبيت.""
أمثال,28,70,"الإصحاح الثامن والعشرون آية (1): ""الشرير يهرب ولا طارد أما الصديقون فكشبل ثبيت.""
أمثال,28,71,"الإصحاح الثامن والعشرون آية (1): ""الشرير يهرب ولا طارد أما الصديقون فكشبل ثبيت.""
أمثال,28,72,"الإصحاح الثامن والعشرون آية (1): ""الشرير يهرب ولا طارد أما الصديقون فكشبل ثبيت.""
أمثال,28,73,"الإصحاح الثامن والعشرون آية (1): ""الشرير يهرب ولا طارد أما الصديقون فكشبل ثبيت.""
أمثال,28,74,"الإصحاح الثامن والعشرون آية (1): ""الشرير يهرب ولا طارد أما الصديقون فكشبل ثبيت.""
أمثال,28,75,"الإصحاح الثامن والعشرون آية (1): ""الشرير يهرب ولا طارد أما الصديقون فكشبل ثبيت.""
أمثال,28,76,"الإصحاح الثامن والعشرون آية (1): ""الشرير يهرب ولا طارد أما الصديقون فكشبل ثبيت.""
أمثال,28,77,"الإصحاح الثامن والعشرون آية (1): ""الشرير يهرب ولا طارد أما الصديقون فكشبل ثبيت.""
أمثال,28,78,"الإصحاح الثامن والعشرون آية (1): ""الشرير يهرب ولا طارد أما الصديقون فكشبل ثبيت.""
أمثال,28,79,"الإصحاح الثامن والعشرون آية (1): ""الشرير يهرب ولا طارد أما الصديقون فكشبل ثبيت.""
أمثال,28,80,"الإصحاح الثامن والعشرون آية (1): ""الشرير يهرب ولا طارد أما الصديقون فكشبل ثبيت.""
أمثال,28,81,"الإصحاح الثامن والعشرون آية (1): ""الشرير يهرب ولا طارد أما الصديقون فكشبل ثبيت.""
أمثال,28,82,"الإصحاح الثامن والعشرون آية (1): ""الشرير يهرب ولا طارد أما الصديقون فكشبل ثبيت.""
أمثال,28,83,"الإصحاح الثامن والعشرون آية (1): ""الشرير يهرب ولا طارد أما الصديقون فكشبل ثبيت.""
أمثال,28,84,"الإصحاح الثامن والعشرون آية (1): ""الشرير يهرب ولا طارد أما الصديقون فكشبل ثبيت.""
أمثال,28,85,"الإصحاح الثامن والعشرون آية (1): ""الشرير يهرب ولا طارد أما الصديقون فكشبل ثبيت.""
أمثال,28,86,"الإصحاح الثامن والعشرون آية (1): ""الشرير يهرب ولا طارد أما الصديقون فكشبل ثبيت.""
أمثال,28,87,"الإصحاح الثامن والعشرون آية (1): ""الشرير يهرب ولا طارد أما الصديقون فكشبل ثبيت.""
أمثال,28,88,"الإصحاح الثامن والعشرون آية (1): ""الشرير يهرب ولا طارد أما الصديقون فكشبل ثبيت.""
أمثال,28,89,"الإصحاح الثامن والعشرون آية (1): ""الشرير يهرب ولا طارد أما الصديقون فكشبل ثبيت.""
أمثال,28,90,"الإصحاح الثامن والعشرون آية (1): ""الشرير يهرب ولا طارد أما الصديقون فكشبل ثبيت.""
أمثال,28,91,"الإصحاح الثامن والعشرون آية (1): ""الشرير يهرب ولا طارد أما الصديقون فكشبل ثبيت.""
أمثال,28,92,"الإصحاح الثامن والعشرون آية (1): ""الشرير يهرب ولا طارد أما الصديقون فكشبل ثبيت.""
أمثال,28,93,"الإصحاح الثامن والعشرون آية (1): ""الشرير يهرب ولا طارد أما الصديقون فكشبل ثبيت.""
أمثال,28,94,"الإصحاح الثامن والعشرون آية (1): ""الشرير يهرب ولا طارد أما الصديقون فكشبل ثبيت.""
أمثال,28,95,"الإصحاح الثامن والعشرون آية (1): ""الشرير يهرب ولا طارد أما الصديقون فكشبل ثبيت.""
أمثال,28,96,"الإصحاح الثامن والعشرون آية (1): ""الشرير يهرب ولا طارد أما الصديقون فكشبل ثبيت.""
أمثال,28,97,"الإصحاح الثامن والعشرون آية (1): ""الشرير يهرب ولا طارد أما الصديقون فكشبل ثبيت.""
أمثال,28,98,"الإصحاح الثامن والعشرون آية (1): ""الشرير يهرب ولا طارد أما الصديقون فكشبل ثبيت.""
أمثال,28,99,"الإصحاح الثامن والعشرون آية (1): ""الشرير يهرب ولا طارد أما الصديقون فكشبل ثبيت.""
أمثال,29,1,"الإصحاح التاسع والعشرون آية (1): ""الكثير التوبخ المقسي عنقه بغتة يكسر ولا شفاء.""
أمثال,29,2,"الإصحاح التاسع والعشرون آية (1): ""الكثير التوبخ المقسي عنقه بغتة يكسر ولا شفاء.""
أمثال,29,3,"الإصحاح التاسع والعشرون آية (1): ""الكثير التوبخ المقسي عنقه بغتة يكسر ولا شفاء.""
أمثال,29,4,"الإصحاح التاسع والعشرون آية (1): ""الكثير التوبخ المقسي عنقه بغتة يكسر ولا شفاء.""
أمثال,29,5,"الإصحاح التاسع والعشرون آية (1): ""الكثير التوبخ المقسي عنقه بغتة يكسر ولا شفاء.""
أمثال,29,6,"الإصحاح التاسع والعشرون آية (1): ""الكثير التوبخ المقسي عنقه بغتة يكسر ولا شفاء.""
أمثال,29,7,"الإصحاح التاسع والعشرون آية (1): ""الكثير التوبخ المقسي عنقه بغتة يكسر ولا شفاء.""
أمثال,29,8,"الإصحاح التاسع والعشرون آية (1): ""الكثير التوبخ المقسي عنقه بغتة يكسر ولا شفاء.""
أمثال,29,9,"الإصحاح التاسع والعشرون آية (1): ""الكثير التوبخ المقسي عنقه بغتة يكسر ولا شفاء.""
أمثال,29,10,"الإصحاح التاسع والعشرون آية (1): ""الكثير التوبخ المقسي عنقه بغتة يكسر ولا شفاء.""
أمثال,29,11,"الإصحاح التاسع والعشرون آية (1): ""الكثير التوبخ المقسي عنقه بغتة يكسر ولا شفاء.""
أمثال,29,12,"الإصحاح التاسع والعشرون آية (1): ""الكثير التوبخ المقسي عنقه بغتة يكسر ولا شفاء.""
أمثال,29,13,"الإصحاح التاسع والعشرون آية (1): ""الكثير التوبخ المقسي عنقه بغتة يكسر ولا شفاء.""
أمثال,29,14,"الإصحاح التاسع والعشرون آية (1): ""الكثير التوبخ المقسي عنقه بغتة يكسر ولا شفاء.""
أمثال,29,15,"الإصحاح التاسع والعشرون آية (1): ""الكثير التوبخ المقسي عنقه بغتة يكسر ولا شفاء.""
أمثال,29,16,"الإصحاح التاسع والعشرون آية (1): ""الكثير التوبخ المقسي عنقه بغتة يكسر ولا شفاء.""
أمثال,29,17,"الإصحاح التاسع والعشرون آية (1): ""الكثير التوبخ المقسي عنقه بغتة يكسر ولا شفاء.""
أمثال,29,18,"الإصحاح التاسع والعشرون آية (1): ""الكثير التوبخ المقسي عنقه بغتة يكسر ولا شفاء.""
أمثال,29,19,"الإصحاح التاسع والعشرون آية (1): ""الكثير التوبخ المقسي عنقه بغتة يكسر ولا شفاء.""
أمثال,29,20,"الإصحاح التاسع والعشرون آية (1): ""الكثير التوبخ المقسي عنقه بغتة يكسر ولا شفاء.""
أمثال,29,21,"الإصحاح التاسع والعشرون آية (1): ""الكثير التوبخ المقسي عنقه بغتة يكسر ولا شفاء.""
أمثال,29,22,"الإصحاح التاسع والعشرون آية (1): ""الكثير التوبخ المقسي عنقه بغتة يكسر ولا شفاء.""
أمثال,29,23,"الإصحاح التاسع والعشرون آية (1): ""الكثير التوبخ المقسي عنقه بغتة يكسر ولا شفاء.""
أمثال,29,24,"الإصحاح التاسع والعشرون آية (1): ""الكثير التوبخ المقسي عنقه بغتة يكسر ولا شفاء.""
أمثال,29,25,"الإصحاح التاسع والعشرون آية (1): ""الكثير التوبخ المقسي عنقه بغتة يكسر ولا شفاء.""
أمثال,29,26,"الإصحاح التاسع والعشرون آية (1): ""الكثير التوبخ المقسي عنقه بغتة يكسر ولا شفاء.""
أمثال,29,27,"الإصحاح التاسع والعشرون آية (1): ""الكثير التوبخ المقسي عنقه بغتة يكسر ولا شفاء.""
أمثال,29,28,"الإصحاح التاسع والعشرون آية (1): ""الكثير التوبخ المقسي عنقه بغتة يكسر ولا شفاء.""
أمثال,29,29,"الإصحاح التاسع والعشرون آية (1): ""الكثير التوبخ المقسي عنقه بغتة يكسر ولا شفاء.""
أمثال,29,30,"الإصحاح التاسع والعشرون آية (1): ""الكثير التوبخ المقسي عنقه بغتة يكسر ولا شفاء.""
أمثال,29,31,"الإصحاح التاسع والعشرون آية (1): ""الكثير التوبخ المقسي عنقه بغتة يكسر ولا شفاء.""
أمثال,29,32,"الإصحاح التاسع والعشرون آية (1): ""الكثير التوبخ المقسي عنقه بغتة يكسر ولا شفاء.""
أمثال,29,33,"الإصحاح التاسع والعشرون آية (1): ""الكثير التوبخ المقسي عنقه بغتة يكسر ولا شفاء.""
أمثال,29,34,"الإصحاح التاسع والعشرون آية (1): ""الكثير التوبخ المقسي عنقه بغتة يكسر ولا شفاء.""
أمثال,29,35,"الإصحاح التاسع والعشرون آية (1): ""الكثير التوبخ المقسي عنقه بغتة يكسر ولا شفاء.""
أمثال,29,36,"الإصحاح التاسع والعشرون آية (1): ""الكثير التوبخ المقسي عنقه بغتة يكسر ولا شفاء.""
أمثال,29,37,"الإصحاح التاسع والعشرون آية (1): ""الكثير التوبخ المقسي عنقه بغتة يكسر ولا شفاء.""
أمثال,29,38,"الإصحاح التاسع والعشرون آية (1): ""الكثير التوبخ المقسي عنقه بغتة يكسر ولا شفاء.""
أمثال,29,39,"الإصحاح التاسع والعشرون آية (1): ""الكثير التوبخ المقسي عنقه بغتة يكسر ولا شفاء.""
أمثال,29,40,"الإصحاح التاسع والعشرون آية (1): ""الكثير التوبخ المقسي عنقه بغتة يكسر ولا شفاء.""
أمثال,29,41,"الإصحاح التاسع والعشرون آية (1): ""الكثير التوبخ المقسي عنقه بغتة يكسر ولا شفاء.""
أمثال,29,42,"الإصحاح التاسع والعشرون آية (1): ""الكثير التوبخ المقسي عنقه بغتة يكسر ولا شفاء.""
أمثال,29,43,"الإصحاح التاسع والعشرون آية (1): ""الكثير التوبخ المقسي عنقه بغتة يكسر ولا شفاء.""
أمثال,29,44,"الإصحاح التاسع والعشرون آية (1): ""الكثير التوبخ المقسي عنقه بغتة يكسر ولا شفاء.""
أمثال,29,45,"الإصحاح التاسع والعشرون آية (1): ""الكثير التوبخ المقسي عنقه بغتة يكسر ولا شفاء.""
أمثال,29,46,"الإصحاح التاسع والعشرون آية (1): ""الكثير التوبخ المقسي عنقه بغتة يكسر ولا شفاء.""
أمثال,29,47,"الإصحاح التاسع والعشرون آية (1): ""الكثير التوبخ المقسي عنقه بغتة يكسر ولا شفاء.""
أمثال,29,48,"الإصحاح التاسع والعشرون آية (1): ""الكثير التوبخ المقسي عنقه بغتة يكسر ولا شفاء.""
أمثال,29,49,"الإصحاح التاسع والعشرون آية (1): ""الكثير التوبخ المقسي عنقه بغتة يكسر ولا شفاء.""
أمثال,29,50,"الإصحاح التاسع والعشرون آية (1): ""الكثير التوبخ المقسي عنقه بغتة يكسر ولا شفاء.""
أمثال,29,51,"الإصحاح التاسع والعشرون آية (1): ""الكثير التوبخ المقسي عنقه بغتة يكسر ولا شفاء.""
أمثال,29,52,"الإصحاح التاسع والعشرون آية (1): ""الكثير التوبخ المقسي عنقه بغتة يكسر ولا شفاء.""
أمثال,29,53,"الإصحاح التاسع والعشرون آية (1): ""الكثير التوبخ المقسي عنقه بغتة يكسر ولا شفاء.""
أمثال,29,54,"الإصحاح التاسع والعشرون آية (1): ""الكثير التوبخ المقسي عنقه بغتة يكسر ولا شفاء.""
أمثال,29,55,"الإصحاح التاسع والعشرون آية (1): ""الكثير التوبخ المقسي عنقه بغتة يكسر ولا شفاء.""
أمثال,29,56,"الإصحاح التاسع والعشرون آية (1): ""الكثير التوبخ المقسي عنقه بغتة يكسر ولا شفاء.""
أمثال,29,57,"الإصحاح التاسع والعشرون آية (1): ""الكثير التوبخ المقسي عنقه بغتة يكسر ولا شفاء.""
أمثال,29,58,"الإصحاح التاسع والعشرون آية (1): ""الكثير التوبخ المقسي عنقه بغتة يكسر ولا شفاء.""
أمثال,29,59,"الإصحاح التاسع والعشرون آية (1): ""الكثير التوبخ المقسي عنقه بغتة يكسر ولا شفاء.""
أمثال,29,60,"الإصحاح التاسع والعشرون آية (1): ""الكثير التوبخ المقسي عنقه بغتة يكسر ولا شفاء.""
أمثال,29,61,"الإصحاح التاسع والعشرون آية (1): ""الكثير التوبخ المقسي عنقه بغتة يكسر ولا شفاء.""
أمثال,29,62,"الإصحاح التاسع والعشرون آية (1): ""الكثير التوبخ المقسي عنقه بغتة يكسر ولا شفاء.""
أمثال,29,63,"الإصحاح التاسع والعشرون آية (1): ""الكثير التوبخ المقسي عنقه بغتة يكسر ولا شفاء.""
أمثال,29,64,"الإصحاح التاسع والعشرون آية (1): ""الكثير التوبخ المقسي عنقه بغتة يكسر ولا شفاء.""
أمثال,29,65,"الإصحاح التاسع والعشرون آية (1): ""الكثير التوبخ المقسي عنقه بغتة يكسر ولا شفاء.""
أمثال,29,66,"الإصحاح التاسع والعشرون آية (1): ""الكثير التوبخ المقسي عنقه بغتة يكسر ولا شفاء.""
أمثال,29,67,"الإصحاح التاسع والعشرون آية (1): ""الكثير التوبخ المقسي عنقه بغتة يكسر ولا شفاء.""
أمثال,29,68,"الإصحاح التاسع والعشرون آية (1): ""الكثير التوبخ المقسي عنقه بغتة يكسر ولا شفاء.""
أمثال,29,69,"الإصحاح التاسع والعشرون آية (1): ""الكثير التوبخ المقسي عنقه بغتة يكسر ولا شفاء.""
أمثال,29,70,"الإصحاح التاسع والعشرون آية (1): ""الكثير التوبخ المقسي عنقه بغتة يكسر ولا شفاء.""
أمثال,29,71,"الإصحاح التاسع والعشرون آية (1): ""الكثير التوبخ المقسي عنقه بغتة يكسر ولا شفاء.""
أمثال,29,72,"الإصحاح التاسع والعشرون آية (1): ""الكثير التوبخ المقسي عنقه بغتة يكسر ولا شفاء.""
أمثال,29,73,"الإصحاح التاسع والعشرون آية (1): ""الكثير التوبخ المقسي عنقه بغتة يكسر ولا شفاء.""
أمثال,29,74,"الإصحاح التاسع والعشرون آية (1): ""الكثير التوبخ المقسي عنقه بغتة يكسر ولا شفاء.""
أمثال,29,75,"الإصحاح التاسع والعشرون آية (1): ""الكثير التوبخ المقسي عنقه بغتة يكسر ولا شفاء.""
أمثال,29,76,"الإصحاح التاسع والعشرون آية (1): ""الكثير التوبخ المقسي عنقه بغتة يكسر ولا شفاء.""
أمثال,29,77,"الإصحاح التاسع والعشرون آية (1): ""الكثير التوبخ المقسي عنقه بغتة يكسر ولا شفاء.""
أمثال,29,78,"الإصحاح التاسع والعشرون آية (1): ""الكثير التوبخ المقسي عنقه بغتة يكسر ولا شفاء.""
أمثال,29,79,"الإصحاح التاسع والعشرون آية (1): ""الكثير التوبخ المقسي عنقه بغتة يكسر ولا شفاء.""
أمثال,29,80,"الإصحاح التاسع والعشرون آية (1): ""الكثير التوبخ المقسي عنقه بغتة يكسر ولا شفاء.""
أمثال,29,81,"الإصحاح التاسع والعشرون آية (1): ""الكثير التوبخ المقسي عنقه بغتة يكسر ولا شفاء.""
أمثال,29,82,"الإصحاح التاسع والعشرون آية (1): ""الكثير التوبخ المقسي عنقه بغتة يكسر ولا شفاء.""
أمثال,29,83,"الإصحاح التاسع والعشرون آية (1): ""الكثير التوبخ المقسي عنقه بغتة يكسر ولا شفاء.""
أمثال,29,84,"الإصحاح التاسع والعشرون آية (1): ""الكثير التوبخ المقسي عنقه بغتة يكسر ولا شفاء.""
أمثال,29,85,"الإصحاح التاسع والعشرون آية (1): ""الكثير التوبخ المقسي عنقه بغتة يكسر ولا شفاء.""
أمثال,29,86,"الإصحاح التاسع والعشرون آية (1): ""الكثير التوبخ المقسي عنقه بغتة يكسر ولا شفاء.""
أمثال,29,87,"الإصحاح التاسع والعشرون آية (1): ""الكثير التوبخ المقسي عنقه بغتة يكسر ولا شفاء.""
أمثال,29,88,"الإصحاح التاسع والعشرون آية (1): ""الكثير التوبخ المقسي عنقه بغتة يكسر ولا شفاء.""
أمثال,29,89,"الإصحاح التاسع والعشرون آية (1): ""الكثير التوبخ المقسي عنقه بغتة يكسر ولا شفاء.""
أمثال,29,90,"الإصحاح التاسع والعشرون آية (1): ""الكثير التوبخ المقسي عنقه بغتة يكسر ولا شفاء.""
أمثال,29,91,"الإصحاح التاسع والعشرون آية (1): ""الكثير التوبخ المقسي عنقه بغتة يكسر ولا شفاء.""
أمثال,29,92,"الإصحاح التاسع والعشرون آية (1): ""الكثير التوبخ المقسي عنقه بغتة يكسر ولا شفاء.""
أمثال,29,93,"الإصحاح التاسع والعشرون آية (1): ""الكثير التوبخ المقسي عنقه بغتة يكسر ولا شفاء.""
أمثال,29,94,"الإصحاح التاسع والعشرون آية (1): ""الكثير التوبخ المقسي عنقه بغتة يكسر ولا شفاء.""
أمثال,29,95,"الإصحاح التاسع والعشرون آية (1): ""الكثير التوبخ المقسي عنقه بغتة يكسر ولا شفاء.""
أمثال,29,96,"الإصحاح التاسع والعشرون آية (1): ""الكثير التوبخ المقسي عنقه بغتة يكسر ولا شفاء.""
أمثال,29,97,"الإصحاح التاسع والعشرون آية (1): ""الكثير التوبخ المقسي عنقه بغتة يكسر ولا شفاء.""
أمثال,29,98,"الإصحاح التاسع والعشرون آية (1): ""الكثير التوبخ المقسي عنقه بغتة يكسر ولا شفاء.""
أمثال,29,99,"الإصحاح التاسع والعشرون آية (1): ""الكثير التوبخ المقسي عنقه بغتة يكسر ولا شفاء.""
أمثال,30,1,"الإصحاح الثلاثون آية (1): ""كلام أجور ابن متقية مسا وحي هذا الرجل إلى ايثيئيل إلى ايثيئيل واكال.""
أمثال,30,2,"الإصحاح الثلاثون آية (1): ""كلام أجور ابن متقية مسا وحي هذا الرجل إلى ايثيئيل إلى ايثيئيل واكال.""
أمثال,30,3,"الإصحاح الثلاثون آية (1): ""كلام أجور ابن متقية مسا وحي هذا الرجل إلى ايثيئيل إلى ايثيئيل واكال.""
أمثال,30,4,"الإصحاح الثلاثون آية (1): ""كلام أجور ابن متقية مسا وحي هذا الرجل إلى ايثيئيل إلى ايثيئيل واكال.""
أمثال,30,5,"الإصحاح الثلاثون آية (1): ""كلام أجور ابن متقية مسا وحي هذا الرجل إلى ايثيئيل إلى ايثيئيل واكال.""
أمثال,30,6,"الإصحاح الثلاثون آية (1): ""كلام أجور ابن متقية مسا وحي هذا الرجل إلى ايثيئيل إلى ايثيئيل واكال.""
أمثال,30,7,"الإصحاح الثلاثون آية (1): ""كلام أجور ابن متقية مسا وحي هذا الرجل إلى ايثيئيل إلى ايثيئيل واكال.""
أمثال,30,8,"الإصحاح الثلاثون آية (1): ""كلام أجور ابن متقية مسا وحي هذا الرجل إلى ايثيئيل إلى ايثيئيل واكال.""
أمثال,30,9,"الإصحاح الثلاثون آية (1): ""كلام أجور ابن متقية مسا وحي هذا الرجل إلى ايثيئيل إلى ايثيئيل واكال.""
أمثال,30,10,"الإصحاح الثلاثون آية (1): ""كلام أجور ابن متقية مسا وحي هذا الرجل إلى ايثيئيل إلى ايثيئيل واكال.""
أمثال,30,11,"الإصحاح الثلاثون آية (1): ""كلام أجور ابن متقية مسا وحي هذا الرجل إلى ايثيئيل إلى ايثيئيل واكال.""
أمثال,30,12,"الإصحاح الثلاثون آية (1): ""كلام أجور ابن متقية مسا وحي هذا الرجل إلى ايثيئيل إلى ايثيئيل واكال.""
أمثال,30,13,"الإصحاح الثلاثون آية (1): ""كلام أجور ابن متقية مسا وحي هذا الرجل إلى ايثيئيل إلى ايثيئيل واكال.""
أمثال,30,14,"الإصحاح الثلاثون آية (1): ""كلام أجور ابن متقية مسا وحي هذا الرجل إلى ايثيئيل إلى ايثيئيل واكال.""
أمثال,30,15,"الإصحاح الثلاثون آية (1): ""كلام أجور ابن متقية مسا وحي هذا الرجل إلى ايثيئيل إلى ايثيئيل واكال.""
أمثال,30,16,"الإصحاح الثلاثون آية (1): ""كلام أجور ابن متقية مسا وحي هذا الرجل إلى ايثيئيل إلى ايثيئيل واكال.""
أمثال,30,17,"الإصحاح الثلاثون آية (1): ""كلام أجور ابن متقية مسا وحي هذا الرجل إلى ايثيئيل إلى ايثيئيل واكال.""
أمثال,30,18,"الإصحاح الثلاثون آية (1): ""كلام أجور ابن متقية مسا وحي هذا الرجل إلى ايثيئيل إلى ايثيئيل واكال.""
أمثال,30,19,"الإصحاح الثلاثون آية (1): ""كلام أجور ابن متقية مسا وحي هذا الرجل إلى ايثيئيل إلى ايثيئيل واكال.""
أمثال,30,20,"الإصحاح الثلاثون آية (1): ""كلام أجور ابن متقية مسا وحي هذا الرجل إلى ايثيئيل إلى ايثيئيل واكال.""
أمثال,30,21,"الإصحاح الثلاثون آية (1): ""كلام أجور ابن متقية مسا وحي هذا الرجل إلى ايثيئيل إلى ايثيئيل واكال.""
أمثال,30,22,"الإصحاح الثلاثون آية (1): ""كلام أجور ابن متقية مسا وحي هذا الرجل إلى ايثيئيل إلى ايثيئيل واكال.""
أمثال,30,23,"الإصحاح الثلاثون آية (1): ""كلام أجور ابن متقية مسا وحي هذا الرجل إلى ايثيئيل إلى ايثيئيل واكال.""
أمثال,30,24,"الإصحاح الثلاثون آية (1): ""كلام أجور ابن متقية مسا وحي هذا الرجل إلى ايثيئيل إلى ايثيئيل واكال.""
أمثال,30,25,"الإصحاح الثلاثون آية (1): ""كلام أجور ابن متقية مسا وحي هذا الرجل إلى ايثيئيل إلى ايثيئيل واكال.""
أمثال,30,26,"الإصحاح الثلاثون آية (1): ""كلام أجور ابن متقية مسا وحي هذا الرجل إلى ايثيئيل إلى ايثيئيل واكال.""
أمثال,30,27,"الإصحاح الثلاثون آية (1): ""كلام أجور ابن متقية مسا وحي هذا الرجل إلى ايثيئيل إلى ايثيئيل واكال.""
أمثال,30,28,"الإصحاح الثلاثون آية (1): ""كلام أجور ابن متقية مسا وحي هذا الرجل إلى ايثيئيل إلى ايثيئيل واكال.""
أمثال,30,29,"الإصحاح الثلاثون آية (1): ""كلام أجور ابن متقية مسا وحي هذا الرجل إلى ايثيئيل إلى ايثيئيل واكال.""
أمثال,30,30,"الإصحاح الثلاثون آية (1): ""كلام أجور ابن متقية مسا وحي هذا الرجل إلى ايثيئيل إلى ايثيئيل واكال.""
أمثال,30,31,"الإصحاح الثلاثون آية (1): ""كلام أجور ابن متقية مسا وحي هذا الرجل إلى ايثيئيل إلى ايثيئيل واكال.""
أمثال,30,32,"الإصحاح الثلاثون آية (1): ""كلام أجور ابن متقية مسا وحي هذا الرجل إلى ايثيئيل إلى ايثيئيل واكال.""
أمثال,30,33,"الإصحاح الثلاثون آية (1): ""كلام أجور ابن متقية مسا وحي هذا الرجل إلى ايثيئيل إلى ايثيئيل واكال.""
أمثال,30,34,"الإصحاح الثلاثون آية (1): ""كلام أجور ابن متقية مسا وحي هذا الرجل إلى ايثيئيل إلى ايثيئيل واكال.""
أمثال,30,35,"الإصحاح الثلاثون آية (1): ""كلام أجور ابن متقية مسا وحي هذا الرجل إلى ايثيئيل إلى ايثيئيل واكال.""
أمثال,30,36,"الإصحاح الثلاثون آية (1): ""كلام أجور ابن متقية مسا وحي هذا الرجل إلى ايثيئيل إلى ايثيئيل واكال.""
أمثال,30,37,"الإصحاح الثلاثون آية (1): ""كلام أجور ابن متقية مسا وحي هذا الرجل إلى ايثيئيل إلى ايثيئيل واكال.""
أمثال,30,38,"الإصحاح الثلاثون آية (1): ""كلام أجور ابن متقية مسا وحي هذا الرجل إلى ايثيئيل إلى ايثيئيل واكال.""
أمثال,30,39,"الإصحاح الثلاثون آية (1): ""كلام أجور ابن متقية مسا وحي هذا الرجل إلى ايثيئيل إلى ايثيئيل واكال.""
أمثال,30,40,"الإصحاح الثلاثون آية (1): ""كلام أجور ابن متقية مسا وحي هذا الرجل إلى ايثيئيل إلى ايثيئيل واكال.""
أمثال,30,41,"الإصحاح الثلاثون آية (1): ""كلام أجور ابن متقية مسا وحي هذا الرجل إلى ايثيئيل إلى ايثيئيل واكال.""
أمثال,30,42,"الإصحاح الثلاثون آية (1): ""كلام أجور ابن متقية مسا وحي هذا الرجل إلى ايثيئيل إلى ايثيئيل واكال.""
أمثال,30,43,"الإصحاح الثلاثون آية (1): ""كلام أجور ابن متقية مسا وحي هذا الرجل إلى ايثيئيل إلى ايثيئيل واكال.""
أمثال,30,44,"الإصحاح الثلاثون آية (1): ""كلام أجور ابن متقية مسا وحي هذا الرجل إلى ايثيئيل إلى ايثيئيل واكال.""
أمثال,30,45,"الإصحاح الثلاثون آية (1): ""كلام أجور ابن متقية مسا وحي هذا الرجل إلى ايثيئيل إلى ايثيئيل واكال.""
أمثال,30,46,"الإصحاح الثلاثون آية (1): ""كلام أجور ابن متقية مسا وحي هذا الرجل إلى ايثيئيل إلى ايثيئيل واكال.""
أمثال,30,47,"الإصحاح الثلاثون آية (1): ""كلام أجور ابن متقية مسا وحي هذا الرجل إلى ايثيئيل إلى ايثيئيل واكال.""
أمثال,30,48,"الإصحاح الثلاثون آية (1): ""كلام أجور ابن متقية مسا وحي هذا الرجل إلى ايثيئيل إلى ايثيئيل واكال.""
أمثال,30,49,"الإصحاح الثلاثون آية (1): ""كلام أجور ابن متقية مسا وحي هذا الرجل إلى ايثيئيل إلى ايثيئيل واكال.""
أمثال,30,50,"الإصحاح الثلاثون آية (1): ""كلام أجور ابن متقية مسا وحي هذا الرجل إلى ايثيئيل إلى ايثيئيل واكال.""
أمثال,30,51,"الإصحاح الثلاثون آية (1): ""كلام أجور ابن متقية مسا وحي هذا الرجل إلى ايثيئيل إلى ايثيئيل واكال.""
أمثال,30,52,"الإصحاح الثلاثون آية (1): ""كلام أجور ابن متقية مسا وحي هذا الرجل إلى ايثيئيل إلى ايثيئيل واكال.""
أمثال,30,53,"الإصحاح الثلاثون آية (1): ""كلام أجور ابن متقية مسا وحي هذا الرجل إلى ايثيئيل إلى ايثيئيل واكال.""
أمثال,30,54,"الإصحاح الثلاثون آية (1): ""كلام أجور ابن متقية مسا وحي هذا الرجل إلى ايثيئيل إلى ايثيئيل واكال.""
أمثال,30,55,"الإصحاح الثلاثون آية (1): ""كلام أجور ابن متقية مسا وحي هذا الرجل إلى ايثيئيل إلى ايثيئيل واكال.""
أمثال,30,56,"الإصحاح الثلاثون آية (1): ""كلام أجور ابن متقية مسا وحي هذا الرجل إلى ايثيئيل إلى ايثيئيل واكال.""
أمثال,30,57,"الإصحاح الثلاثون آية (1): ""كلام أجور ابن متقية مسا وحي هذا الرجل إلى ايثيئيل إلى ايثيئيل واكال.""
أمثال,30,58,"الإصحاح الثلاثون آية (1): ""كلام أجور ابن متقية مسا وحي هذا الرجل إلى ايثيئيل إلى ايثيئيل واكال.""
أمثال,30,59,"الإصحاح الثلاثون آية (1): ""كلام أجور ابن متقية مسا وحي هذا الرجل إلى ايثيئيل إلى ايثيئيل واكال.""
أمثال,30,60,"الإصحاح الثلاثون آية (1): ""كلام أجور ابن متقية مسا وحي هذا الرجل إلى ايثيئيل إلى ايثيئيل واكال.""
أمثال,30,61,"الإصحاح الثلاثون آية (1): ""كلام أجور ابن متقية مسا وحي هذا الرجل إلى ايثيئيل إلى ايثيئيل واكال.""
أمثال,30,62,"الإصحاح الثلاثون آية (1): ""كلام أجور ابن متقية مسا وحي هذا الرجل إلى ايثيئيل إلى ايثيئيل واكال.""
أمثال,30,63,"الإصحاح الثلاثون آية (1): ""كلام أجور ابن متقية مسا وحي هذا الرجل إلى ايثيئيل إلى ايثيئيل واكال.""
أمثال,30,64,"الإصحاح الثلاثون آية (1): ""كلام أجور ابن متقية مسا وحي هذا الرجل إلى ايثيئيل إلى ايثيئيل واكال.""
أمثال,30,65,"الإصحاح الثلاثون آية (1): ""كلام أجور ابن متقية مسا وحي هذا الرجل إلى ايثيئيل إلى ايثيئيل واكال.""
أمثال,30,66,"الإصحاح الثلاثون آية (1): ""كلام أجور ابن متقية مسا وحي هذا الرجل إلى ايثيئيل إلى ايثيئيل واكال.""
أمثال,30,67,"الإصحاح الثلاثون آية (1): ""كلام أجور ابن متقية مسا وحي هذا الرجل إلى ايثيئيل إلى ايثيئيل واكال.""
أمثال,30,68,"الإصحاح الثلاثون آية (1): ""كلام أجور ابن متقية مسا وحي هذا الرجل إلى ايثيئيل إلى ايثيئيل واكال.""
أمثال,30,69,"الإصحاح الثلاثون آية (1): ""كلام أجور ابن متقية مسا وحي هذا الرجل إلى ايثيئيل إلى ايثيئيل واكال.""
أمثال,30,70,"الإصحاح الثلاثون آية (1): ""كلام أجور ابن متقية مسا وحي هذا الرجل إلى ايثيئيل إلى ايثيئيل واكال.""
أمثال,30,71,"الإصحاح الثلاثون آية (1): ""كلام أجور ابن متقية مسا وحي هذا الرجل إلى ايثيئيل إلى ايثيئيل واكال.""
أمثال,30,72,"الإصحاح الثلاثون آية (1): ""كلام أجور ابن متقية مسا وحي هذا الرجل إلى ايثيئيل إلى ايثيئيل واكال.""
أمثال,30,73,"الإصحاح الثلاثون آية (1): ""كلام أجور ابن متقية مسا وحي هذا الرجل إلى ايثيئيل إلى ايثيئيل واكال.""
أمثال,30,74,"الإصحاح الثلاثون آية (1): ""كلام أجور ابن متقية مسا وحي هذا الرجل إلى ايثيئيل إلى ايثيئيل واكال.""
أمثال,30,75,"الإصحاح الثلاثون آية (1): ""كلام أجور ابن متقية مسا وحي هذا الرجل إلى ايثيئيل إلى ايثيئيل واكال.""
أمثال,30,76,"الإصحاح الثلاثون آية (1): ""كلام أجور ابن متقية مسا وحي هذا الرجل إلى ايثيئيل إلى ايثيئيل واكال.""
أمثال,30,77,"الإصحاح الثلاثون آية (1): ""كلام أجور ابن متقية مسا وحي هذا الرجل إلى ايثيئيل إلى ايثيئيل واكال.""
أمثال,30,78,"الإصحاح الثلاثون آية (1): ""كلام أجور ابن متقية مسا وحي هذا الرجل إلى ايثيئيل إلى ايثيئيل واكال.""
أمثال,30,79,"الإصحاح الثلاثون آية (1): ""كلام أجور ابن متقية مسا وحي هذا الرجل إلى ايثيئيل إلى ايثيئيل واكال.""
أمثال,30,80,"الإصحاح الثلاثون آية (1): ""كلام أجور ابن متقية مسا وحي هذا الرجل إلى ايثيئيل إلى ايثيئيل واكال.""
أمثال,30,81,"الإصحاح الثلاثون آية (1): ""كلام أجور ابن متقية مسا وحي هذا الرجل إلى ايثيئيل إلى ايثيئيل واكال.""
أمثال,30,82,"الإصحاح الثلاثون آية (1): ""كلام أجور ابن متقية مسا وحي هذا الرجل إلى ايثيئيل إلى ايثيئيل واكال.""
أمثال,30,83,"الإصحاح الثلاثون آية (1): ""كلام أجور ابن متقية مسا وحي هذا الرجل إلى ايثيئيل إلى ايثيئيل واكال.""
أمثال,30,84,"الإصحاح الثلاثون آية (1): ""كلام أجور ابن متقية مسا وحي هذا الرجل إلى ايثيئيل إلى ايثيئيل واكال.""
أمثال,30,85,"الإصحاح الثلاثون آية (1): ""كلام أجور ابن متقية مسا وحي هذا الرجل إلى ايثيئيل إلى ايثيئيل واكال.""
أمثال,30,86,"الإصحاح الثلاثون آية (1): ""كلام أجور ابن متقية مسا وحي هذا الرجل إلى ايثيئيل إلى ايثيئيل واكال.""
أمثال,30,87,"الإصحاح الثلاثون آية (1): ""كلام أجور ابن متقية مسا وحي هذا الرجل إلى ايثيئيل إلى ايثيئيل واكال.""
أمثال,30,88,"الإصحاح الثلاثون آية (1): ""كلام أجور ابن متقية مسا وحي هذا الرجل إلى ايثيئيل إلى ايثيئيل واكال.""
أمثال,30,89,"الإصحاح الثلاثون آية (1): ""كلام أجور ابن متقية مسا وحي هذا الرجل إلى ايثيئيل إلى ايثيئيل واكال.""
أمثال,30,90,"الإصحاح الثلاثون آية (1): ""كلام أجور ابن متقية مسا وحي هذا الرجل إلى ايثيئيل إلى ايثيئيل واكال.""
أمثال,30,91,"الإصحاح الثلاثون آية (1): ""كلام أجور ابن متقية مسا وحي هذا الرجل إلى ايثيئيل إلى ايثيئيل واكال.""
أمثال,30,92,"الإصحاح الثلاثون آية (1): ""كلام أجور ابن متقية مسا وحي هذا الرجل إلى ايثيئيل إلى ايثيئيل واكال.""
أمثال,30,93,"الإصحاح الثلاثون آية (1): ""كلام أجور ابن متقية مسا وحي هذا الرجل إلى ايثيئيل إلى ايثيئيل واكال.""
أمثال,30,94,"الإصحاح الثلاثون آية (1): ""كلام أجور ابن متقية مسا وحي هذا الرجل إلى ايثيئيل إلى ايثيئيل واكال.""
أمثال,30,95,"الإصحاح الثلاثون آية (1): ""كلام أجور ابن متقية مسا وحي هذا الرجل إلى ايثيئيل إلى ايثيئيل واكال.""
أمثال,30,96,"الإصحاح الثلاثون آية (1): ""كلام أجور ابن متقية مسا وحي هذا الرجل إلى ايثيئيل إلى ايثيئيل واكال.""
أمثال,30,97,"الإصحاح الثلاثون آية (1): ""كلام أجور ابن متقية مسا وحي هذا الرجل إلى ايثيئيل إلى ايثيئيل واكال.""
أمثال,30,98,"الإصحاح الثلاثون آية (1): ""كلام أجور ابن متقية مسا وحي هذا الرجل إلى ايثيئيل إلى ايثيئيل واكال.""
أمثال,30,99,"الإصحاح الثلاثون آية (1): ""كلام أجور ابن متقية مسا وحي هذا الرجل إلى ايثيئيل إلى ايثيئيل واكال.""
أمثال,31,1,"الإصحاح الحادي والثلاثون آية (1): ""كلام لموئيل ملك مسا علمته إياه أمه.""
أمثال,31,2,"الإصحاح الحادي والثلاثون آية (1): ""كلام لموئيل ملك مسا علمته إياه أمه.""
أمثال,31,3,"الإصحاح الحادي والثلاثون آية (1): ""كلام لموئيل ملك مسا علمته إياه أمه.""
أمثال,31,4,"الإصحاح الحادي والثلاثون آية (1): ""كلام لموئيل ملك مسا علمته إياه أمه.""
أمثال,31,5,"الإصحاح الحادي والثلاثون آية (1): ""كلام لموئيل ملك مسا علمته إياه أمه.""
أمثال,31,6,"الإصحاح الحادي والثلاثون آية (1): ""كلام لموئيل ملك مسا علمته إياه أمه.""
أمثال,31,7,"الإصحاح الحادي والثلاثون آية (1): ""كلام لموئيل ملك مسا علمته إياه أمه.""
أمثال,31,8,"الإصحاح الحادي والثلاثون آية (1): ""كلام لموئيل ملك مسا علمته إياه أمه.""
أمثال,31,9,"الإصحاح الحادي والثلاثون آية (1): ""كلام لموئيل ملك مسا علمته إياه أمه.""
أمثال,31,10,"الإصحاح الحادي والثلاثون آية (1): ""كلام لموئيل ملك مسا علمته إياه أمه.""
أمثال,31,11,"الإصحاح الحادي والثلاثون آية (1): ""كلام لموئيل ملك مسا علمته إياه أمه.""
أمثال,31,12,"الإصحاح الحادي والثلاثون آية (1): ""كلام لموئيل ملك مسا علمته إياه أمه.""
أمثال,31,13,"الإصحاح الحادي والثلاثون آية (1): ""كلام لموئيل ملك مسا علمته إياه أمه.""
أمثال,31,14,"الإصحاح الحادي والثلاثون آية (1): ""كلام لموئيل ملك مسا علمته إياه أمه.""
أمثال,31,15,"الإصحاح الحادي والثلاثون آية (1): ""كلام لموئيل ملك مسا علمته إياه أمه.""
أمثال,31,16,"الإصحاح الحادي والثلاثون آية (1): ""كلام لموئيل ملك مسا علمته إياه أمه.""
أمثال,31,17,"الإصحاح الحادي والثلاثون آية (1): ""كلام لموئيل ملك مسا علمته إياه أمه.""
أمثال,31,18,"الإصحاح الحادي والثلاثون آية (1): ""كلام لموئيل ملك مسا علمته إياه أمه.""
أمثال,31,19,"الإصحاح الحادي والثلاثون آية (1): ""كلام لموئيل ملك مسا علمته إياه أمه.""
أمثال,31,20,"الإصحاح الحادي والثلاثون آية (1): ""كلام لموئيل ملك مسا علمته إياه أمه.""
أمثال,31,21,"الإصحاح الحادي والثلاثون آية (1): ""كلام لموئيل ملك مسا علمته إياه أمه.""
أمثال,31,22,"الإصحاح الحادي والثلاثون آية (1): ""كلام لموئيل ملك مسا علمته إياه أمه.""
أمثال,31,23,"الإصحاح الحادي والثلاثون آية (1): ""كلام لموئيل ملك مسا علمته إياه أمه.""
أمثال,31,24,"الإصحاح الحادي والثلاثون آية (1): ""كلام لموئيل ملك مسا علمته إياه أمه.""
أمثال,31,25,"الإصحاح الحادي والثلاثون آية (1): ""كلام لموئيل ملك مسا علمته إياه أمه.""
أمثال,31,26,"الإصحاح الحادي والثلاثون آية (1): ""كلام لموئيل ملك مسا علمته إياه أمه.""
أمثال,31,27,"الإصحاح الحادي والثلاثون آية (1): ""كلام لموئيل ملك مسا علمته إياه أمه.""
أمثال,31,28,"الإصحاح الحادي والثلاثون آية (1): ""كلام لموئيل ملك مسا علمته إياه أمه.""
أمثال,31,29,"الإصحاح الحادي والثلاثون آية (1): ""كلام لموئيل ملك مسا علمته إياه أمه.""
أمثال,31,30,"الإصحاح الحادي والثلاثون آية (1): ""كلام لموئيل ملك مسا علمته إياه أمه.""
أمثال,31,31,"الإصحاح الحادي والثلاثون آية (1): ""كلام لموئيل ملك مسا علمته إياه أمه.""
أمثال,31,32,"الإصحاح الحادي والثلاثون آية (1): ""كلام لموئيل ملك مسا علمته إياه أمه.""
أمثال,31,33,"الإصحاح الحادي والثلاثون آية (1): ""كلام لموئيل ملك مسا علمته إياه أمه.""
أمثال,31,34,"الإصحاح الحادي والثلاثون آية (1): ""كلام لموئيل ملك مسا علمته إياه أمه.""
أمثال,31,35,"الإصحاح الحادي والثلاثون آية (1): ""كلام لموئيل ملك مسا علمته إياه أمه.""
أمثال,31,36,"الإصحاح الحادي والثلاثون آية (1): ""كلام لموئيل ملك مسا علمته إياه أمه.""
أمثال,31,37,"الإصحاح الحادي والثلاثون آية (1): ""كلام لموئيل ملك مسا علمته إياه أمه.""
أمثال,31,38,"الإصحاح الحادي والثلاثون آية (1): ""كلام لموئيل ملك مسا علمته إياه أمه.""
أمثال,31,39,"الإصحاح الحادي والثلاثون آية (1): ""كلام لموئيل ملك مسا علمته إياه أمه.""
أمثال,31,40,"الإصحاح الحادي والثلاثون آية (1): ""كلام لموئيل ملك مسا علمته إياه أمه.""
أمثال,31,41,"الإصحاح الحادي والثلاثون آية (1): ""كلام لموئيل ملك مسا علمته إياه أمه.""
أمثال,31,42,"الإصحاح الحادي والثلاثون آية (1): ""كلام لموئيل ملك مسا علمته إياه أمه.""
أمثال,31,43,"الإصحاح الحادي والثلاثون آية (1): ""كلام لموئيل ملك مسا علمته إياه أمه.""
أمثال,31,44,"الإصحاح الحادي والثلاثون آية (1): ""كلام لموئيل ملك مسا علمته إياه أمه.""
أمثال,31,45,"الإصحاح الحادي والثلاثون آية (1): ""كلام لموئيل ملك مسا علمته إياه أمه.""
أمثال,31,46,"الإصحاح الحادي والثلاثون آية (1): ""كلام لموئيل ملك مسا علمته إياه أمه.""
أمثال,31,47,"الإصحاح الحادي والثلاثون آية (1): ""كلام لموئيل ملك مسا علمته إياه أمه.""
أمثال,31,48,"الإصحاح الحادي والثلاثون آية (1): ""كلام لموئيل ملك مسا علمته إياه أمه.""
أمثال,31,49,"الإصحاح الحادي والثلاثون آية (1): ""كلام لموئيل ملك مسا علمته إياه أمه.""
أمثال,31,50,"الإصحاح الحادي والثلاثون آية (1): ""كلام لموئيل ملك مسا علمته إياه أمه.""
أمثال,31,51,"الإصحاح الحادي والثلاثون آية (1): ""كلام لموئيل ملك مسا علمته إياه أمه.""
أمثال,31,52,"الإصحاح الحادي والثلاثون آية (1): ""كلام لموئيل ملك مسا علمته إياه أمه.""
أمثال,31,53,"الإصحاح الحادي والثلاثون آية (1): ""كلام لموئيل ملك مسا علمته إياه أمه.""
أمثال,31,54,"الإصحاح الحادي والثلاثون آية (1): ""كلام لموئيل ملك مسا علمته إياه أمه.""
أمثال,31,55,"الإصحاح الحادي والثلاثون آية (1): ""كلام لموئيل ملك مسا علمته إياه أمه.""
أمثال,31,56,"الإصحاح الحادي والثلاثون آية (1): ""كلام لموئيل ملك مسا علمته إياه أمه.""
أمثال,31,57,"الإصحاح الحادي والثلاثون آية (1): ""كلام لموئيل ملك مسا علمته إياه أمه.""
أمثال,31,58,"الإصحاح الحادي والثلاثون آية (1): ""كلام لموئيل ملك مسا علمته إياه أمه.""
أمثال,31,59,"الإصحاح الحادي والثلاثون آية (1): ""كلام لموئيل ملك مسا علمته إياه أمه.""
أمثال,31,60,"الإصحاح الحادي والثلاثون آية (1): ""كلام لموئيل ملك مسا علمته إياه أمه.""
أمثال,31,61,"الإصحاح الحادي والثلاثون آية (1): ""كلام لموئيل ملك مسا علمته إياه أمه.""
أمثال,31,62,"الإصحاح الحادي والثلاثون آية (1): ""كلام لموئيل ملك مسا علمته إياه أمه.""
أمثال,31,63,"الإصحاح الحادي والثلاثون آية (1): ""كلام لموئيل ملك مسا علمته إياه أمه.""
أمثال,31,64,"الإصحاح الحادي والثلاثون آية (1): ""كلام لموئيل ملك مسا علمته إياه أمه.""
أمثال,31,65,"الإصحاح الحادي والثلاثون آية (1): ""كلام لموئيل ملك مسا علمته إياه أمه.""
أمثال,31,66,"الإصحاح الحادي والثلاثون آية (1): ""كلام لموئيل ملك مسا علمته إياه أمه.""
أمثال,31,67,"الإصحاح الحادي والثلاثون آية (1): ""كلام لموئيل ملك مسا علمته إياه أمه.""
أمثال,31,68,"الإصحاح الحادي والثلاثون آية (1): ""كلام لموئيل ملك مسا علمته إياه أمه.""
أمثال,31,69,"الإصحاح الحادي والثلاثون آية (1): ""كلام لموئيل ملك مسا علمته إياه أمه.""
أمثال,31,70,"الإصحاح الحادي والثلاثون آية (1): ""كلام لموئيل ملك مسا علمته إياه أمه.""
أمثال,31,71,"الإصحاح الحادي والثلاثون آية (1): ""كلام لموئيل ملك مسا علمته إياه أمه.""
أمثال,31,72,"الإصحاح الحادي والثلاثون آية (1): ""كلام لموئيل ملك مسا علمته إياه أمه.""
أمثال,31,73,"الإصحاح الحادي والثلاثون آية (1): ""كلام لموئيل ملك مسا علمته إياه أمه.""
أمثال,31,74,"الإصحاح الحادي والثلاثون آية (1): ""كلام لموئيل ملك مسا علمته إياه أمه.""
أمثال,31,75,"الإصحاح الحادي والثلاثون آية (1): ""كلام لموئيل ملك مسا علمته إياه أمه.""
أمثال,31,76,"الإصحاح الحادي والثلاثون آية (1): ""كلام لموئيل ملك مسا علمته إياه أمه.""
أمثال,31,77,"الإصحاح الحادي والثلاثون آية (1): ""كلام لموئيل ملك مسا علمته إياه أمه.""
أمثال,31,78,"الإصحاح الحادي والثلاثون آية (1): ""كلام لموئيل ملك مسا علمته إياه أمه.""
أمثال,31,79,"الإصحاح الحادي والثلاثون آية (1): ""كلام لموئيل ملك مسا علمته إياه أمه.""
أمثال,31,80,"الإصحاح الحادي والثلاثون آية (1): ""كلام لموئيل ملك مسا علمته إياه أمه.""
أمثال,31,81,"الإصحاح الحادي والثلاثون آية (1): ""كلام لموئيل ملك مسا علمته إياه أمه.""
أمثال,31,82,"الإصحاح الحادي والثلاثون آية (1): ""كلام لموئيل ملك مسا علمته إياه أمه.""
أمثال,31,83,"الإصحاح الحادي والثلاثون آية (1): ""كلام لموئيل ملك مسا علمته إياه أمه.""
أمثال,31,84,"الإصحاح الحادي والثلاثون آية (1): ""كلام لموئيل ملك مسا علمته إياه أمه.""
أمثال,31,85,"الإصحاح الحادي والثلاثون آية (1): ""كلام لموئيل ملك مسا علمته إياه أمه.""
أمثال,31,86,"الإصحاح الحادي والثلاثون آية (1): ""كلام لموئيل ملك مسا علمته إياه أمه.""
أمثال,31,87,"الإصحاح الحادي والثلاثون آية (1): ""كلام لموئيل ملك مسا علمته إياه أمه.""
أمثال,31,88,"الإصحاح الحادي والثلاثون آية (1): ""كلام لموئيل ملك مسا علمته إياه أمه.""
أمثال,31,89,"الإصحاح الحادي والثلاثون آية (1): ""كلام لموئيل ملك مسا علمته إياه أمه.""
أمثال,31,90,"الإصحاح الحادي والثلاثون آية (1): ""كلام لموئيل ملك مسا علمته إياه أمه.""
أمثال,31,91,"الإصحاح الحادي والثلاثون آية (1): ""كلام لموئيل ملك مسا علمته إياه أمه.""
أمثال,31,92,"الإصحاح الحادي والثلاثون آية (1): ""كلام لموئيل ملك مسا علمته إياه أمه.""
أمثال,31,93,"الإصحاح الحادي والثلاثون آية (1): ""كلام لموئيل ملك مسا علمته إياه أمه.""
أمثال,31,94,"الإصحاح الحادي والثلاثون آية (1): ""كلام لموئيل ملك مسا علمته إياه أمه.""
أمثال,31,95,"الإصحاح الحادي والثلاثون آية (1): ""كلام لموئيل ملك مسا علمته إياه أمه.""
أمثال,31,96,"الإصحاح الحادي والثلاثون آية (1): ""كلام لموئيل ملك مسا علمته إياه أمه.""
أمثال,31,97,"الإصحاح الحادي والثلاثون آية (1): ""كلام لموئيل ملك مسا علمته إياه أمه.""
أمثال,31,98,"الإصحاح الحادي والثلاثون آية (1): ""كلام لموئيل ملك مسا علمته إياه أمه.""
أمثال,31,99,"الإصحاح الحادي والثلاثون آية (1): ""كلام لموئيل ملك مسا علمته إياه أمه.""