book,chapter,verse,tafsir
أيوب,1,1,"مقدمة
أيوب,1,2,"الإصحاح الأول
أيوب,1,3,"الإصحاح الأول
أيوب,1,4,"الإصحاح الأول
أيوب,1,5,"الإصحاح الأول
أيوب,1,6,"الإصحاح الأول
أيوب,1,7,"الإصحاح الأول
أيوب,1,8,"الإصحاح الأول
أيوب,1,9,"الإصحاح الأول
أيوب,1,10,"الإصحاح الأول
أيوب,1,11,"الإصحاح الأول
أيوب,1,12,"الإصحاح الأول
أيوب,1,13,"الإصحاح الأول
أيوب,1,14,"الإصحاح الأول
أيوب,1,15,"الإصحاح الأول
أيوب,1,16,"الإصحاح الأول
أيوب,1,17,"الإصحاح الأول
أيوب,1,18,"الإصحاح الأول
أيوب,1,19,"الإصحاح الأول
أيوب,1,20,"الإصحاح الأول
أيوب,1,21,"الإصحاح الأول
أيوب,1,22,"الإصحاح الأول
أيوب,1,23,"الإصحاح الأول
أيوب,1,24,"الإصحاح الأول
أيوب,1,25,"الإصحاح الأول
أيوب,1,26,"الإصحاح الأول
أيوب,1,27,"الإصحاح الأول
أيوب,1,28,"الإصحاح الأول
أيوب,1,29,"الإصحاح الأول
أيوب,1,30,"الإصحاح الأول
أيوب,1,31,"الإصحاح الأول
أيوب,1,32,"الإصحاح الأول
أيوب,1,33,"الإصحاح الأول
أيوب,1,34,"الإصحاح الأول
أيوب,1,35,"الإصحاح الأول
أيوب,1,36,"الإصحاح الأول
أيوب,1,37,"الإصحاح الأول
أيوب,1,38,"الإصحاح الأول
أيوب,1,39,"الإصحاح الأول
أيوب,1,40,"الإصحاح الأول
أيوب,1,41,"الإصحاح الأول
أيوب,1,42,"الإصحاح الأول
أيوب,1,43,"الإصحاح الأول
أيوب,1,44,"الإصحاح الأول
أيوب,1,45,"الإصحاح الأول
أيوب,1,46,"الإصحاح الأول
أيوب,1,47,"الإصحاح الأول
أيوب,1,48,"الإصحاح الأول
أيوب,1,49,"الإصحاح الأول
أيوب,1,50,"الإصحاح الأول
أيوب,1,51,"الإصحاح الأول
أيوب,1,52,"الإصحاح الأول
أيوب,1,53,"الإصحاح الأول
أيوب,1,54,"الإصحاح الأول
أيوب,1,55,"الإصحاح الأول
أيوب,1,56,"الإصحاح الأول
أيوب,1,57,"الإصحاح الأول
أيوب,1,58,"الإصحاح الأول
أيوب,1,59,"الإصحاح الأول
أيوب,1,60,"الإصحاح الأول
أيوب,1,61,"الإصحاح الأول
أيوب,1,62,"الإصحاح الأول
أيوب,1,63,"الإصحاح الأول
أيوب,1,64,"الإصحاح الأول
أيوب,1,65,"الإصحاح الأول
أيوب,1,66,"الإصحاح الأول
أيوب,1,67,"الإصحاح الأول
أيوب,1,68,"الإصحاح الأول
أيوب,1,69,"الإصحاح الأول
أيوب,1,70,"الإصحاح الأول
أيوب,1,71,"الإصحاح الأول
أيوب,1,72,"الإصحاح الأول
أيوب,1,73,"الإصحاح الأول
أيوب,1,74,"الإصحاح الأول
أيوب,1,75,"الإصحاح الأول
أيوب,1,76,"الإصحاح الأول
أيوب,1,77,"الإصحاح الأول
أيوب,1,78,"الإصحاح الأول
أيوب,1,79,"الإصحاح الأول
أيوب,1,80,"الإصحاح الأول
أيوب,1,81,"الإصحاح الأول
أيوب,1,82,"الإصحاح الأول
أيوب,1,83,"الإصحاح الأول
أيوب,1,84,"الإصحاح الأول
أيوب,1,85,"الإصحاح الأول
أيوب,1,86,"الإصحاح الأول
أيوب,1,87,"الإصحاح الأول
أيوب,1,88,"الإصحاح الأول
أيوب,1,89,"الإصحاح الأول
أيوب,1,90,"الإصحاح الأول
أيوب,1,91,"الإصحاح الأول
أيوب,1,92,"الإصحاح الأول
أيوب,1,93,"الإصحاح الأول
أيوب,1,94,"الإصحاح الأول
أيوب,1,95,"الإصحاح الأول
أيوب,1,96,"الإصحاح الأول
أيوب,1,97,"الإصحاح الأول
أيوب,1,98,"الإصحاح الأول
أيوب,1,99,"الإصحاح الأول
أيوب,2,1,"الإصحاح الثاني
أيوب,2,2,"الإصحاح الثاني
أيوب,2,3,"الإصحاح الثاني
أيوب,2,4,"الإصحاح الثاني
أيوب,2,5,"الإصحاح الثاني
أيوب,2,6,"الإصحاح الثاني
أيوب,2,7,"الإصحاح الثاني
أيوب,2,8,"الإصحاح الثاني
أيوب,2,9,"الإصحاح الثاني
أيوب,2,10,"الإصحاح الثاني
أيوب,2,11,"الإصحاح الثاني
أيوب,2,12,"الإصحاح الثاني
أيوب,2,13,"الإصحاح الثاني
أيوب,2,14,"الإصحاح الثاني
أيوب,2,15,"الإصحاح الثاني
أيوب,2,16,"الإصحاح الثاني
أيوب,2,17,"الإصحاح الثاني
أيوب,2,18,"الإصحاح الثاني
أيوب,2,19,"الإصحاح الثاني
أيوب,2,20,"الإصحاح الثاني
أيوب,2,21,"الإصحاح الثاني
أيوب,2,22,"الإصحاح الثاني
أيوب,2,23,"الإصحاح الثاني
أيوب,2,24,"الإصحاح الثاني
أيوب,2,25,"الإصحاح الثاني
أيوب,2,26,"الإصحاح الثاني
أيوب,2,27,"الإصحاح الثاني
أيوب,2,28,"الإصحاح الثاني
أيوب,2,29,"الإصحاح الثاني
أيوب,2,30,"الإصحاح الثاني
أيوب,2,31,"الإصحاح الثاني
أيوب,2,32,"الإصحاح الثاني
أيوب,2,33,"الإصحاح الثاني
أيوب,2,34,"الإصحاح الثاني
أيوب,2,35,"الإصحاح الثاني
أيوب,2,36,"الإصحاح الثاني
أيوب,2,37,"الإصحاح الثاني
أيوب,2,38,"الإصحاح الثاني
أيوب,2,39,"الإصحاح الثاني
أيوب,2,40,"الإصحاح الثاني
أيوب,2,41,"الإصحاح الثاني
أيوب,2,42,"الإصحاح الثاني
أيوب,2,43,"الإصحاح الثاني
أيوب,2,44,"الإصحاح الثاني
أيوب,2,45,"الإصحاح الثاني
أيوب,2,46,"الإصحاح الثاني
أيوب,2,47,"الإصحاح الثاني
أيوب,2,48,"الإصحاح الثاني
أيوب,2,49,"الإصحاح الثاني
أيوب,2,50,"الإصحاح الثاني
أيوب,2,51,"الإصحاح الثاني
أيوب,2,52,"الإصحاح الثاني
أيوب,2,53,"الإصحاح الثاني
أيوب,2,54,"الإصحاح الثاني
أيوب,2,55,"الإصحاح الثاني
أيوب,2,56,"الإصحاح الثاني
أيوب,2,57,"الإصحاح الثاني
أيوب,2,58,"الإصحاح الثاني
أيوب,2,59,"الإصحاح الثاني
أيوب,2,60,"الإصحاح الثاني
أيوب,2,61,"الإصحاح الثاني
أيوب,2,62,"الإصحاح الثاني
أيوب,2,63,"الإصحاح الثاني
أيوب,2,64,"الإصحاح الثاني
أيوب,2,65,"الإصحاح الثاني
أيوب,2,66,"الإصحاح الثاني
أيوب,2,67,"الإصحاح الثاني
أيوب,2,68,"الإصحاح الثاني
أيوب,2,69,"الإصحاح الثاني
أيوب,2,70,"الإصحاح الثاني
أيوب,2,71,"الإصحاح الثاني
أيوب,2,72,"الإصحاح الثاني
أيوب,2,73,"الإصحاح الثاني
أيوب,2,74,"الإصحاح الثاني
أيوب,2,75,"الإصحاح الثاني
أيوب,2,76,"الإصحاح الثاني
أيوب,2,77,"الإصحاح الثاني
أيوب,2,78,"الإصحاح الثاني
أيوب,2,79,"الإصحاح الثاني
أيوب,2,80,"الإصحاح الثاني
أيوب,2,81,"الإصحاح الثاني
أيوب,2,82,"الإصحاح الثاني
أيوب,2,83,"الإصحاح الثاني
أيوب,2,84,"الإصحاح الثاني
أيوب,2,85,"الإصحاح الثاني
أيوب,2,86,"الإصحاح الثاني
أيوب,2,87,"الإصحاح الثاني
أيوب,2,88,"الإصحاح الثاني
أيوب,2,89,"الإصحاح الثاني
أيوب,2,90,"الإصحاح الثاني
أيوب,2,91,"الإصحاح الثاني
أيوب,2,92,"الإصحاح الثاني
أيوب,2,93,"الإصحاح الثاني
أيوب,2,94,"الإصحاح الثاني
أيوب,2,95,"الإصحاح الثاني
أيوب,2,96,"الإصحاح الثاني
أيوب,2,97,"الإصحاح الثاني
أيوب,2,98,"الإصحاح الثاني
أيوب,2,99,"الإصحاح الثاني
أيوب,3,1,"الإصحاح الثالث
أيوب,3,2,"الإصحاح الثالث
أيوب,3,3,"الإصحاح الثالث
أيوب,3,4,"الإصحاح الثالث
أيوب,3,5,"الإصحاح الثالث
أيوب,3,6,"الإصحاح الثالث
أيوب,3,7,"الإصحاح الثالث
أيوب,3,8,"الإصحاح الثالث
أيوب,3,9,"الإصحاح الثالث
أيوب,3,10,"الإصحاح الثالث
أيوب,3,11,"الإصحاح الثالث
أيوب,3,12,"الإصحاح الثالث
أيوب,3,13,"الإصحاح الثالث
أيوب,3,14,"الإصحاح الثالث
أيوب,3,15,"الإصحاح الثالث
أيوب,3,16,"الإصحاح الثالث
أيوب,3,17,"الإصحاح الثالث
أيوب,3,18,"الإصحاح الثالث
أيوب,3,19,"الإصحاح الثالث
أيوب,3,20,"الإصحاح الثالث
أيوب,3,21,"الإصحاح الثالث
أيوب,3,22,"الإصحاح الثالث
أيوب,3,23,"الإصحاح الثالث
أيوب,3,24,"الإصحاح الثالث
أيوب,3,25,"الإصحاح الثالث
أيوب,3,26,"الإصحاح الثالث
أيوب,3,27,"الإصحاح الثالث
أيوب,3,28,"الإصحاح الثالث
أيوب,3,29,"الإصحاح الثالث
أيوب,3,30,"الإصحاح الثالث
أيوب,3,31,"الإصحاح الثالث
أيوب,3,32,"الإصحاح الثالث
أيوب,3,33,"الإصحاح الثالث
أيوب,3,34,"الإصحاح الثالث
أيوب,3,35,"الإصحاح الثالث
أيوب,3,36,"الإصحاح الثالث
أيوب,3,37,"الإصحاح الثالث
أيوب,3,38,"الإصحاح الثالث
أيوب,3,39,"الإصحاح الثالث
أيوب,3,40,"الإصحاح الثالث
أيوب,3,41,"الإصحاح الثالث
أيوب,3,42,"الإصحاح الثالث
أيوب,3,43,"الإصحاح الثالث
أيوب,3,44,"الإصحاح الثالث
أيوب,3,45,"الإصحاح الثالث
أيوب,3,46,"الإصحاح الثالث
أيوب,3,47,"الإصحاح الثالث
أيوب,3,48,"الإصحاح الثالث
أيوب,3,49,"الإصحاح الثالث
أيوب,3,50,"الإصحاح الثالث
أيوب,3,51,"الإصحاح الثالث
أيوب,3,52,"الإصحاح الثالث
أيوب,3,53,"الإصحاح الثالث
أيوب,3,54,"الإصحاح الثالث
أيوب,3,55,"الإصحاح الثالث
أيوب,3,56,"الإصحاح الثالث
أيوب,3,57,"الإصحاح الثالث
أيوب,3,58,"الإصحاح الثالث
أيوب,3,59,"الإصحاح الثالث
أيوب,3,60,"الإصحاح الثالث
أيوب,3,61,"الإصحاح الثالث
أيوب,3,62,"الإصحاح الثالث
أيوب,3,63,"الإصحاح الثالث
أيوب,3,64,"الإصحاح الثالث
أيوب,3,65,"الإصحاح الثالث
أيوب,3,66,"الإصحاح الثالث
أيوب,3,67,"الإصحاح الثالث
أيوب,3,68,"الإصحاح الثالث
أيوب,3,69,"الإصحاح الثالث
أيوب,3,70,"الإصحاح الثالث
أيوب,3,71,"الإصحاح الثالث
أيوب,3,72,"الإصحاح الثالث
أيوب,3,73,"الإصحاح الثالث
أيوب,3,74,"الإصحاح الثالث
أيوب,3,75,"الإصحاح الثالث
أيوب,3,76,"الإصحاح الثالث
أيوب,3,77,"الإصحاح الثالث
أيوب,3,78,"الإصحاح الثالث
أيوب,3,79,"الإصحاح الثالث
أيوب,3,80,"الإصحاح الثالث
أيوب,3,81,"الإصحاح الثالث
أيوب,3,82,"الإصحاح الثالث
أيوب,3,83,"الإصحاح الثالث
أيوب,3,84,"الإصحاح الثالث
أيوب,3,85,"الإصحاح الثالث
أيوب,3,86,"الإصحاح الثالث
أيوب,3,87,"الإصحاح الثالث
أيوب,3,88,"الإصحاح الثالث
أيوب,3,89,"الإصحاح الثالث
أيوب,3,90,"الإصحاح الثالث
أيوب,3,91,"الإصحاح الثالث
أيوب,3,92,"الإصحاح الثالث
أيوب,3,93,"الإصحاح الثالث
أيوب,3,94,"الإصحاح الثالث
أيوب,3,95,"الإصحاح الثالث
أيوب,3,96,"الإصحاح الثالث
أيوب,3,97,"الإصحاح الثالث
أيوب,3,98,"الإصحاح الثالث
أيوب,3,99,"الإصحاح الثالث
أيوب,4,1,"الإصحاح الرابع
أيوب,4,2,"الإصحاح الرابع
أيوب,4,3,"الإصحاح الرابع
أيوب,4,4,"الإصحاح الرابع
أيوب,4,5,"الإصحاح الرابع
أيوب,4,6,"الإصحاح الرابع
أيوب,4,7,"الإصحاح الرابع
أيوب,4,8,"الإصحاح الرابع
أيوب,4,9,"الإصحاح الرابع
أيوب,4,10,"الإصحاح الرابع
أيوب,4,11,"الإصحاح الرابع
أيوب,4,12,"الإصحاح الرابع
أيوب,4,13,"الإصحاح الرابع
أيوب,4,14,"الإصحاح الرابع
أيوب,4,15,"الإصحاح الرابع
أيوب,4,16,"الإصحاح الرابع
أيوب,4,17,"الإصحاح الرابع
أيوب,4,18,"الإصحاح الرابع
أيوب,4,19,"الإصحاح الرابع
أيوب,4,20,"الإصحاح الرابع
أيوب,4,21,"الإصحاح الرابع
أيوب,4,22,"الإصحاح الرابع
أيوب,4,23,"الإصحاح الرابع
أيوب,4,24,"الإصحاح الرابع
أيوب,4,25,"الإصحاح الرابع
أيوب,4,26,"الإصحاح الرابع
أيوب,4,27,"الإصحاح الرابع
أيوب,4,28,"الإصحاح الرابع
أيوب,4,29,"الإصحاح الرابع
أيوب,4,30,"الإصحاح الرابع
أيوب,4,31,"الإصحاح الرابع
أيوب,4,32,"الإصحاح الرابع
أيوب,4,33,"الإصحاح الرابع
أيوب,4,34,"الإصحاح الرابع
أيوب,4,35,"الإصحاح الرابع
أيوب,4,36,"الإصحاح الرابع
أيوب,4,37,"الإصحاح الرابع
أيوب,4,38,"الإصحاح الرابع
أيوب,4,39,"الإصحاح الرابع
أيوب,4,40,"الإصحاح الرابع
أيوب,4,41,"الإصحاح الرابع
أيوب,4,42,"الإصحاح الرابع
أيوب,4,43,"الإصحاح الرابع
أيوب,4,44,"الإصحاح الرابع
أيوب,4,45,"الإصحاح الرابع
أيوب,4,46,"الإصحاح الرابع
أيوب,4,47,"الإصحاح الرابع
أيوب,4,48,"الإصحاح الرابع
أيوب,4,49,"الإصحاح الرابع
أيوب,4,50,"الإصحاح الرابع
أيوب,4,51,"الإصحاح الرابع
أيوب,4,52,"الإصحاح الرابع
أيوب,4,53,"الإصحاح الرابع
أيوب,4,54,"الإصحاح الرابع
أيوب,4,55,"الإصحاح الرابع
أيوب,4,56,"الإصحاح الرابع
أيوب,4,57,"الإصحاح الرابع
أيوب,4,58,"الإصحاح الرابع
أيوب,4,59,"الإصحاح الرابع
أيوب,4,60,"الإصحاح الرابع
أيوب,4,61,"الإصحاح الرابع
أيوب,4,62,"الإصحاح الرابع
أيوب,4,63,"الإصحاح الرابع
أيوب,4,64,"الإصحاح الرابع
أيوب,4,65,"الإصحاح الرابع
أيوب,4,66,"الإصحاح الرابع
أيوب,4,67,"الإصحاح الرابع
أيوب,4,68,"الإصحاح الرابع
أيوب,4,69,"الإصحاح الرابع
أيوب,4,70,"الإصحاح الرابع
أيوب,4,71,"الإصحاح الرابع
أيوب,4,72,"الإصحاح الرابع
أيوب,4,73,"الإصحاح الرابع
أيوب,4,74,"الإصحاح الرابع
أيوب,4,75,"الإصحاح الرابع
أيوب,4,76,"الإصحاح الرابع
أيوب,4,77,"الإصحاح الرابع
أيوب,4,78,"الإصحاح الرابع
أيوب,4,79,"الإصحاح الرابع
أيوب,4,80,"الإصحاح الرابع
أيوب,4,81,"الإصحاح الرابع
أيوب,4,82,"الإصحاح الرابع
أيوب,4,83,"الإصحاح الرابع
أيوب,4,84,"الإصحاح الرابع
أيوب,4,85,"الإصحاح الرابع
أيوب,4,86,"الإصحاح الرابع
أيوب,4,87,"الإصحاح الرابع
أيوب,4,88,"الإصحاح الرابع
أيوب,4,89,"الإصحاح الرابع
أيوب,4,90,"الإصحاح الرابع
أيوب,4,91,"الإصحاح الرابع
أيوب,4,92,"الإصحاح الرابع
أيوب,4,93,"الإصحاح الرابع
أيوب,4,94,"الإصحاح الرابع
أيوب,4,95,"الإصحاح الرابع
أيوب,4,96,"الإصحاح الرابع
أيوب,4,97,"الإصحاح الرابع
أيوب,4,98,"الإصحاح الرابع
أيوب,4,99,"الإصحاح الرابع
أيوب,5,1,"الإصحاح الخامس
أيوب,5,2,"الإصحاح الخامس
أيوب,5,3,"الإصحاح الخامس
أيوب,5,4,"الإصحاح الخامس
أيوب,5,5,"الإصحاح الخامس
أيوب,5,6,"الإصحاح الخامس
أيوب,5,7,"الإصحاح الخامس
أيوب,5,8,"الإصحاح الخامس
أيوب,5,9,"الإصحاح الخامس
أيوب,5,10,"الإصحاح الخامس
أيوب,5,11,"الإصحاح الخامس
أيوب,5,12,"الإصحاح الخامس
أيوب,5,13,"الإصحاح الخامس
أيوب,5,14,"الإصحاح الخامس
أيوب,5,15,"الإصحاح الخامس
أيوب,5,16,"الإصحاح الخامس
أيوب,5,17,"الإصحاح الخامس
أيوب,5,18,"الإصحاح الخامس
أيوب,5,19,"الإصحاح الخامس
أيوب,5,20,"الإصحاح الخامس
أيوب,5,21,"الإصحاح الخامس
أيوب,5,22,"الإصحاح الخامس
أيوب,5,23,"الإصحاح الخامس
أيوب,5,24,"الإصحاح الخامس
أيوب,5,25,"الإصحاح الخامس
أيوب,5,26,"الإصحاح الخامس
أيوب,5,27,"الإصحاح الخامس
أيوب,5,28,"الإصحاح الخامس
أيوب,5,29,"الإصحاح الخامس
أيوب,5,30,"الإصحاح الخامس
أيوب,5,31,"الإصحاح الخامس
أيوب,5,32,"الإصحاح الخامس
أيوب,5,33,"الإصحاح الخامس
أيوب,5,34,"الإصحاح الخامس
أيوب,5,35,"الإصحاح الخامس
أيوب,5,36,"الإصحاح الخامس
أيوب,5,37,"الإصحاح الخامس
أيوب,5,38,"الإصحاح الخامس
أيوب,5,39,"الإصحاح الخامس
أيوب,5,40,"الإصحاح الخامس
أيوب,5,41,"الإصحاح الخامس
أيوب,5,42,"الإصحاح الخامس
أيوب,5,43,"الإصحاح الخامس
أيوب,5,44,"الإصحاح الخامس
أيوب,5,45,"الإصحاح الخامس
أيوب,5,46,"الإصحاح الخامس
أيوب,5,47,"الإصحاح الخامس
أيوب,5,48,"الإصحاح الخامس
أيوب,5,49,"الإصحاح الخامس
أيوب,5,50,"الإصحاح الخامس
أيوب,5,51,"الإصحاح الخامس
أيوب,5,52,"الإصحاح الخامس
أيوب,5,53,"الإصحاح الخامس
أيوب,5,54,"الإصحاح الخامس
أيوب,5,55,"الإصحاح الخامس
أيوب,5,56,"الإصحاح الخامس
أيوب,5,57,"الإصحاح الخامس
أيوب,5,58,"الإصحاح الخامس
أيوب,5,59,"الإصحاح الخامس
أيوب,5,60,"الإصحاح الخامس
أيوب,5,61,"الإصحاح الخامس
أيوب,5,62,"الإصحاح الخامس
أيوب,5,63,"الإصحاح الخامس
أيوب,5,64,"الإصحاح الخامس
أيوب,5,65,"الإصحاح الخامس
أيوب,5,66,"الإصحاح الخامس
أيوب,5,67,"الإصحاح الخامس
أيوب,5,68,"الإصحاح الخامس
أيوب,5,69,"الإصحاح الخامس
أيوب,5,70,"الإصحاح الخامس
أيوب,5,71,"الإصحاح الخامس
أيوب,5,72,"الإصحاح الخامس
أيوب,5,73,"الإصحاح الخامس
أيوب,5,74,"الإصحاح الخامس
أيوب,5,75,"الإصحاح الخامس
أيوب,5,76,"الإصحاح الخامس
أيوب,5,77,"الإصحاح الخامس
أيوب,5,78,"الإصحاح الخامس
أيوب,5,79,"الإصحاح الخامس
أيوب,5,80,"الإصحاح الخامس
أيوب,5,81,"الإصحاح الخامس
أيوب,5,82,"الإصحاح الخامس
أيوب,5,83,"الإصحاح الخامس
أيوب,5,84,"الإصحاح الخامس
أيوب,5,85,"الإصحاح الخامس
أيوب,5,86,"الإصحاح الخامس
أيوب,5,87,"الإصحاح الخامس
أيوب,5,88,"الإصحاح الخامس
أيوب,5,89,"الإصحاح الخامس
أيوب,5,90,"الإصحاح الخامس
أيوب,5,91,"الإصحاح الخامس
أيوب,5,92,"الإصحاح الخامس
أيوب,5,93,"الإصحاح الخامس
أيوب,5,94,"الإصحاح الخامس
أيوب,5,95,"الإصحاح الخامس
أيوب,5,96,"الإصحاح الخامس
أيوب,5,97,"الإصحاح الخامس
أيوب,5,98,"الإصحاح الخامس
أيوب,5,99,"الإصحاح الخامس
أيوب,6,1,"الإصحاح السادس
أيوب,6,2,"الإصحاح السادس
أيوب,6,3,"الإصحاح السادس
أيوب,6,4,"الإصحاح السادس
أيوب,6,5,"الإصحاح السادس
أيوب,6,6,"الإصحاح السادس
أيوب,6,7,"الإصحاح السادس
أيوب,6,8,"الإصحاح السادس
أيوب,6,9,"الإصحاح السادس
أيوب,6,10,"الإصحاح السادس
أيوب,6,11,"الإصحاح السادس
أيوب,6,12,"الإصحاح السادس
أيوب,6,13,"الإصحاح السادس
أيوب,6,14,"الإصحاح السادس
أيوب,6,15,"الإصحاح السادس
أيوب,6,16,"الإصحاح السادس
أيوب,6,17,"الإصحاح السادس
أيوب,6,18,"الإصحاح السادس
أيوب,6,19,"الإصحاح السادس
أيوب,6,20,"الإصحاح السادس
أيوب,6,21,"الإصحاح السادس
أيوب,6,22,"الإصحاح السادس
أيوب,6,23,"الإصحاح السادس
أيوب,6,24,"الإصحاح السادس
أيوب,6,25,"الإصحاح السادس
أيوب,6,26,"الإصحاح السادس
أيوب,6,27,"الإصحاح السادس
أيوب,6,28,"الإصحاح السادس
أيوب,6,29,"الإصحاح السادس
أيوب,6,30,"الإصحاح السادس
أيوب,6,31,"الإصحاح السادس
أيوب,6,32,"الإصحاح السادس
أيوب,6,33,"الإصحاح السادس
أيوب,6,34,"الإصحاح السادس
أيوب,6,35,"الإصحاح السادس
أيوب,6,36,"الإصحاح السادس
أيوب,6,37,"الإصحاح السادس
أيوب,6,38,"الإصحاح السادس
أيوب,6,39,"الإصحاح السادس
أيوب,6,40,"الإصحاح السادس
أيوب,6,41,"الإصحاح السادس
أيوب,6,42,"الإصحاح السادس
أيوب,6,43,"الإصحاح السادس
أيوب,6,44,"الإصحاح السادس
أيوب,6,45,"الإصحاح السادس
أيوب,6,46,"الإصحاح السادس
أيوب,6,47,"الإصحاح السادس
أيوب,6,48,"الإصحاح السادس
أيوب,6,49,"الإصحاح السادس
أيوب,6,50,"الإصحاح السادس
أيوب,6,51,"الإصحاح السادس
أيوب,6,52,"الإصحاح السادس
أيوب,6,53,"الإصحاح السادس
أيوب,6,54,"الإصحاح السادس
أيوب,6,55,"الإصحاح السادس
أيوب,6,56,"الإصحاح السادس
أيوب,6,57,"الإصحاح السادس
أيوب,6,58,"الإصحاح السادس
أيوب,6,59,"الإصحاح السادس
أيوب,6,60,"الإصحاح السادس
أيوب,6,61,"الإصحاح السادس
أيوب,6,62,"الإصحاح السادس
أيوب,6,63,"الإصحاح السادس
أيوب,6,64,"الإصحاح السادس
أيوب,6,65,"الإصحاح السادس
أيوب,6,66,"الإصحاح السادس
أيوب,6,67,"الإصحاح السادس
أيوب,6,68,"الإصحاح السادس
أيوب,6,69,"الإصحاح السادس
أيوب,6,70,"الإصحاح السادس
أيوب,6,71,"الإصحاح السادس
أيوب,6,72,"الإصحاح السادس
أيوب,6,73,"الإصحاح السادس
أيوب,6,74,"الإصحاح السادس
أيوب,6,75,"الإصحاح السادس
أيوب,6,76,"الإصحاح السادس
أيوب,6,77,"الإصحاح السادس
أيوب,6,78,"الإصحاح السادس
أيوب,6,79,"الإصحاح السادس
أيوب,6,80,"الإصحاح السادس
أيوب,6,81,"الإصحاح السادس
أيوب,6,82,"الإصحاح السادس
أيوب,6,83,"الإصحاح السادس
أيوب,6,84,"الإصحاح السادس
أيوب,6,85,"الإصحاح السادس
أيوب,6,86,"الإصحاح السادس
أيوب,6,87,"الإصحاح السادس
أيوب,6,88,"الإصحاح السادس
أيوب,6,89,"الإصحاح السادس
أيوب,6,90,"الإصحاح السادس
أيوب,6,91,"الإصحاح السادس
أيوب,6,92,"الإصحاح السادس
أيوب,6,93,"الإصحاح السادس
أيوب,6,94,"الإصحاح السادس
أيوب,6,95,"الإصحاح السادس
أيوب,6,96,"الإصحاح السادس
أيوب,6,97,"الإصحاح السادس
أيوب,6,98,"الإصحاح السادس
أيوب,6,99,"الإصحاح السادس
أيوب,7,1,"الإصحاح السابع
أيوب,7,2,"الإصحاح السابع
أيوب,7,3,"الإصحاح السابع
أيوب,7,4,"الإصحاح السابع
أيوب,7,5,"الإصحاح السابع
أيوب,7,6,"الإصحاح السابع
أيوب,7,7,"الإصحاح السابع
أيوب,7,8,"الإصحاح السابع
أيوب,7,9,"الإصحاح السابع
أيوب,7,10,"الإصحاح السابع
أيوب,7,11,"الإصحاح السابع
أيوب,7,12,"الإصحاح السابع
أيوب,7,13,"الإصحاح السابع
أيوب,7,14,"الإصحاح السابع
أيوب,7,15,"الإصحاح السابع
أيوب,7,16,"الإصحاح السابع
أيوب,7,17,"الإصحاح السابع
أيوب,7,18,"الإصحاح السابع
أيوب,7,19,"الإصحاح السابع
أيوب,7,20,"الإصحاح السابع
أيوب,7,21,"الإصحاح السابع
أيوب,7,22,"الإصحاح السابع
أيوب,7,23,"الإصحاح السابع
أيوب,7,24,"الإصحاح السابع
أيوب,7,25,"الإصحاح السابع
أيوب,7,26,"الإصحاح السابع
أيوب,7,27,"الإصحاح السابع
أيوب,7,28,"الإصحاح السابع
أيوب,7,29,"الإصحاح السابع
أيوب,7,30,"الإصحاح السابع
أيوب,7,31,"الإصحاح السابع
أيوب,7,32,"الإصحاح السابع
أيوب,7,33,"الإصحاح السابع
أيوب,7,34,"الإصحاح السابع
أيوب,7,35,"الإصحاح السابع
أيوب,7,36,"الإصحاح السابع
أيوب,7,37,"الإصحاح السابع
أيوب,7,38,"الإصحاح السابع
أيوب,7,39,"الإصحاح السابع
أيوب,7,40,"الإصحاح السابع
أيوب,7,41,"الإصحاح السابع
أيوب,7,42,"الإصحاح السابع
أيوب,7,43,"الإصحاح السابع
أيوب,7,44,"الإصحاح السابع
أيوب,7,45,"الإصحاح السابع
أيوب,7,46,"الإصحاح السابع
أيوب,7,47,"الإصحاح السابع
أيوب,7,48,"الإصحاح السابع
أيوب,7,49,"الإصحاح السابع
أيوب,7,50,"الإصحاح السابع
أيوب,7,51,"الإصحاح السابع
أيوب,7,52,"الإصحاح السابع
أيوب,7,53,"الإصحاح السابع
أيوب,7,54,"الإصحاح السابع
أيوب,7,55,"الإصحاح السابع
أيوب,7,56,"الإصحاح السابع
أيوب,7,57,"الإصحاح السابع
أيوب,7,58,"الإصحاح السابع
أيوب,7,59,"الإصحاح السابع
أيوب,7,60,"الإصحاح السابع
أيوب,7,61,"الإصحاح السابع
أيوب,7,62,"الإصحاح السابع
أيوب,7,63,"الإصحاح السابع
أيوب,7,64,"الإصحاح السابع
أيوب,7,65,"الإصحاح السابع
أيوب,7,66,"الإصحاح السابع
أيوب,7,67,"الإصحاح السابع
أيوب,7,68,"الإصحاح السابع
أيوب,7,69,"الإصحاح السابع
أيوب,7,70,"الإصحاح السابع
أيوب,7,71,"الإصحاح السابع
أيوب,7,72,"الإصحاح السابع
أيوب,7,73,"الإصحاح السابع
أيوب,7,74,"الإصحاح السابع
أيوب,7,75,"الإصحاح السابع
أيوب,7,76,"الإصحاح السابع
أيوب,7,77,"الإصحاح السابع
أيوب,7,78,"الإصحاح السابع
أيوب,7,79,"الإصحاح السابع
أيوب,7,80,"الإصحاح السابع
أيوب,7,81,"الإصحاح السابع
أيوب,7,82,"الإصحاح السابع
أيوب,7,83,"الإصحاح السابع
أيوب,7,84,"الإصحاح السابع
أيوب,7,85,"الإصحاح السابع
أيوب,7,86,"الإصحاح السابع
أيوب,7,87,"الإصحاح السابع
أيوب,7,88,"الإصحاح السابع
أيوب,7,89,"الإصحاح السابع
أيوب,7,90,"الإصحاح السابع
أيوب,7,91,"الإصحاح السابع
أيوب,7,92,"الإصحاح السابع
أيوب,7,93,"الإصحاح السابع
أيوب,7,94,"الإصحاح السابع
أيوب,7,95,"الإصحاح السابع
أيوب,7,96,"الإصحاح السابع
أيوب,7,97,"الإصحاح السابع
أيوب,7,98,"الإصحاح السابع
أيوب,7,99,"الإصحاح السابع
أيوب,8,1,"الإصحاح الثامن
أيوب,8,2,"الإصحاح الثامن
أيوب,8,3,"الإصحاح الثامن
أيوب,8,4,"الإصحاح الثامن
أيوب,8,5,"الإصحاح الثامن
أيوب,8,6,"الإصحاح الثامن
أيوب,8,7,"الإصحاح الثامن
أيوب,8,8,"الإصحاح الثامن
أيوب,8,9,"الإصحاح الثامن
أيوب,8,10,"الإصحاح الثامن
أيوب,8,11,"الإصحاح الثامن
أيوب,8,12,"الإصحاح الثامن
أيوب,8,13,"الإصحاح الثامن
أيوب,8,14,"الإصحاح الثامن
أيوب,8,15,"الإصحاح الثامن
أيوب,8,16,"الإصحاح الثامن
أيوب,8,17,"الإصحاح الثامن
أيوب,8,18,"الإصحاح الثامن
أيوب,8,19,"الإصحاح الثامن
أيوب,8,20,"الإصحاح الثامن
أيوب,8,21,"الإصحاح الثامن
أيوب,8,22,"الإصحاح الثامن
أيوب,8,23,"الإصحاح الثامن
أيوب,8,24,"الإصحاح الثامن
أيوب,8,25,"الإصحاح الثامن
أيوب,8,26,"الإصحاح الثامن
أيوب,8,27,"الإصحاح الثامن
أيوب,8,28,"الإصحاح الثامن
أيوب,8,29,"الإصحاح الثامن
أيوب,8,30,"الإصحاح الثامن
أيوب,8,31,"الإصحاح الثامن
أيوب,8,32,"الإصحاح الثامن
أيوب,8,33,"الإصحاح الثامن
أيوب,8,34,"الإصحاح الثامن
أيوب,8,35,"الإصحاح الثامن
أيوب,8,36,"الإصحاح الثامن
أيوب,8,37,"الإصحاح الثامن
أيوب,8,38,"الإصحاح الثامن
أيوب,8,39,"الإصحاح الثامن
أيوب,8,40,"الإصحاح الثامن
أيوب,8,41,"الإصحاح الثامن
أيوب,8,42,"الإصحاح الثامن
أيوب,8,43,"الإصحاح الثامن
أيوب,8,44,"الإصحاح الثامن
أيوب,8,45,"الإصحاح الثامن
أيوب,8,46,"الإصحاح الثامن
أيوب,8,47,"الإصحاح الثامن
أيوب,8,48,"الإصحاح الثامن
أيوب,8,49,"الإصحاح الثامن
أيوب,8,50,"الإصحاح الثامن
أيوب,8,51,"الإصحاح الثامن
أيوب,8,52,"الإصحاح الثامن
أيوب,8,53,"الإصحاح الثامن
أيوب,8,54,"الإصحاح الثامن
أيوب,8,55,"الإصحاح الثامن
أيوب,8,56,"الإصحاح الثامن
أيوب,8,57,"الإصحاح الثامن
أيوب,8,58,"الإصحاح الثامن
أيوب,8,59,"الإصحاح الثامن
أيوب,8,60,"الإصحاح الثامن
أيوب,8,61,"الإصحاح الثامن
أيوب,8,62,"الإصحاح الثامن
أيوب,8,63,"الإصحاح الثامن
أيوب,8,64,"الإصحاح الثامن
أيوب,8,65,"الإصحاح الثامن
أيوب,8,66,"الإصحاح الثامن
أيوب,8,67,"الإصحاح الثامن
أيوب,8,68,"الإصحاح الثامن
أيوب,8,69,"الإصحاح الثامن
أيوب,8,70,"الإصحاح الثامن
أيوب,8,71,"الإصحاح الثامن
أيوب,8,72,"الإصحاح الثامن
أيوب,8,73,"الإصحاح الثامن
أيوب,8,74,"الإصحاح الثامن
أيوب,8,75,"الإصحاح الثامن
أيوب,8,76,"الإصحاح الثامن
أيوب,8,77,"الإصحاح الثامن
أيوب,8,78,"الإصحاح الثامن
أيوب,8,79,"الإصحاح الثامن
أيوب,8,80,"الإصحاح الثامن
أيوب,8,81,"الإصحاح الثامن
أيوب,8,82,"الإصحاح الثامن
أيوب,8,83,"الإصحاح الثامن
أيوب,8,84,"الإصحاح الثامن
أيوب,8,85,"الإصحاح الثامن
أيوب,8,86,"الإصحاح الثامن
أيوب,8,87,"الإصحاح الثامن
أيوب,8,88,"الإصحاح الثامن
أيوب,8,89,"الإصحاح الثامن
أيوب,8,90,"الإصحاح الثامن
أيوب,8,91,"الإصحاح الثامن
أيوب,8,92,"الإصحاح الثامن
أيوب,8,93,"الإصحاح الثامن
أيوب,8,94,"الإصحاح الثامن
أيوب,8,95,"الإصحاح الثامن
أيوب,8,96,"الإصحاح الثامن
أيوب,8,97,"الإصحاح الثامن
أيوب,8,98,"الإصحاح الثامن
أيوب,8,99,"الإصحاح الثامن
أيوب,9,1,"الإصحاح التاسع
أيوب,9,2,"الإصحاح التاسع
أيوب,9,3,"الإصحاح التاسع
أيوب,9,4,"الإصحاح التاسع
أيوب,9,5,"الإصحاح التاسع
أيوب,9,6,"الإصحاح التاسع
أيوب,9,7,"الإصحاح التاسع
أيوب,9,8,"الإصحاح التاسع
أيوب,9,9,"الإصحاح التاسع
أيوب,9,10,"الإصحاح التاسع
أيوب,9,11,"الإصحاح التاسع
أيوب,9,12,"الإصحاح التاسع
أيوب,9,13,"الإصحاح التاسع
أيوب,9,14,"الإصحاح التاسع
أيوب,9,15,"الإصحاح التاسع
أيوب,9,16,"الإصحاح التاسع
أيوب,9,17,"الإصحاح التاسع
أيوب,9,18,"الإصحاح التاسع
أيوب,9,19,"الإصحاح التاسع
أيوب,9,20,"الإصحاح التاسع
أيوب,9,21,"الإصحاح التاسع
أيوب,9,22,"الإصحاح التاسع
أيوب,9,23,"الإصحاح التاسع
أيوب,9,24,"الإصحاح التاسع
أيوب,9,25,"الإصحاح التاسع
أيوب,9,26,"الإصحاح التاسع
أيوب,9,27,"الإصحاح التاسع
أيوب,9,28,"الإصحاح التاسع
أيوب,9,29,"الإصحاح التاسع
أيوب,9,30,"الإصحاح التاسع
أيوب,9,31,"الإصحاح التاسع
أيوب,9,32,"الإصحاح التاسع
أيوب,9,33,"الإصحاح التاسع
أيوب,9,34,"الإصحاح التاسع
أيوب,9,35,"الإصحاح التاسع
أيوب,9,36,"الإصحاح التاسع
أيوب,9,37,"الإصحاح التاسع
أيوب,9,38,"الإصحاح التاسع
أيوب,9,39,"الإصحاح التاسع
أيوب,9,40,"الإصحاح التاسع
أيوب,9,41,"الإصحاح التاسع
أيوب,9,42,"الإصحاح التاسع
أيوب,9,43,"الإصحاح التاسع
أيوب,9,44,"الإصحاح التاسع
أيوب,9,45,"الإصحاح التاسع
أيوب,9,46,"الإصحاح التاسع
أيوب,9,47,"الإصحاح التاسع
أيوب,9,48,"الإصحاح التاسع
أيوب,9,49,"الإصحاح التاسع
أيوب,9,50,"الإصحاح التاسع
أيوب,9,51,"الإصحاح التاسع
أيوب,9,52,"الإصحاح التاسع
أيوب,9,53,"الإصحاح التاسع
أيوب,9,54,"الإصحاح التاسع
أيوب,9,55,"الإصحاح التاسع
أيوب,9,56,"الإصحاح التاسع
أيوب,9,57,"الإصحاح التاسع
أيوب,9,58,"الإصحاح التاسع
أيوب,9,59,"الإصحاح التاسع
أيوب,9,60,"الإصحاح التاسع
أيوب,9,61,"الإصحاح التاسع
أيوب,9,62,"الإصحاح التاسع
أيوب,9,63,"الإصحاح التاسع
أيوب,9,64,"الإصحاح التاسع
أيوب,9,65,"الإصحاح التاسع
أيوب,9,66,"الإصحاح التاسع
أيوب,9,67,"الإصحاح التاسع
أيوب,9,68,"الإصحاح التاسع
أيوب,9,69,"الإصحاح التاسع
أيوب,9,70,"الإصحاح التاسع
أيوب,9,71,"الإصحاح التاسع
أيوب,9,72,"الإصحاح التاسع
أيوب,9,73,"الإصحاح التاسع
أيوب,9,74,"الإصحاح التاسع
أيوب,9,75,"الإصحاح التاسع
أيوب,9,76,"الإصحاح التاسع
أيوب,9,77,"الإصحاح التاسع
أيوب,9,78,"الإصحاح التاسع
أيوب,9,79,"الإصحاح التاسع
أيوب,9,80,"الإصحاح التاسع
أيوب,9,81,"الإصحاح التاسع
أيوب,9,82,"الإصحاح التاسع
أيوب,9,83,"الإصحاح التاسع
أيوب,9,84,"الإصحاح التاسع
أيوب,9,85,"الإصحاح التاسع
أيوب,9,86,"الإصحاح التاسع
أيوب,9,87,"الإصحاح التاسع
أيوب,9,88,"الإصحاح التاسع
أيوب,9,89,"الإصحاح التاسع
أيوب,9,90,"الإصحاح التاسع
أيوب,9,91,"الإصحاح التاسع
أيوب,9,92,"الإصحاح التاسع
أيوب,9,93,"الإصحاح التاسع
أيوب,9,94,"الإصحاح التاسع
أيوب,9,95,"الإصحاح التاسع
أيوب,9,96,"الإصحاح التاسع
أيوب,9,97,"الإصحاح التاسع
أيوب,9,98,"الإصحاح التاسع
أيوب,9,99,"الإصحاح التاسع
أيوب,10,1,"الإصحاح العاشر
أيوب,10,2,"الإصحاح العاشر
أيوب,10,3,"الإصحاح العاشر
أيوب,10,4,"الإصحاح العاشر
أيوب,10,5,"الإصحاح العاشر
أيوب,10,6,"الإصحاح العاشر
أيوب,10,7,"الإصحاح العاشر
أيوب,10,8,"الإصحاح العاشر
أيوب,10,9,"الإصحاح العاشر
أيوب,10,10,"الإصحاح العاشر
أيوب,10,11,"الإصحاح العاشر
أيوب,10,12,"الإصحاح العاشر
أيوب,10,13,"الإصحاح العاشر
أيوب,10,14,"الإصحاح العاشر
أيوب,10,15,"الإصحاح العاشر
أيوب,10,16,"الإصحاح العاشر
أيوب,10,17,"الإصحاح العاشر
أيوب,10,18,"الإصحاح العاشر
أيوب,10,19,"الإصحاح العاشر
أيوب,10,20,"الإصحاح العاشر
أيوب,10,21,"الإصحاح العاشر
أيوب,10,22,"الإصحاح العاشر
أيوب,10,23,"الإصحاح العاشر
أيوب,10,24,"الإصحاح العاشر
أيوب,10,25,"الإصحاح العاشر
أيوب,10,26,"الإصحاح العاشر
أيوب,10,27,"الإصحاح العاشر
أيوب,10,28,"الإصحاح العاشر
أيوب,10,29,"الإصحاح العاشر
أيوب,10,30,"الإصحاح العاشر
أيوب,10,31,"الإصحاح العاشر
أيوب,10,32,"الإصحاح العاشر
أيوب,10,33,"الإصحاح العاشر
أيوب,10,34,"الإصحاح العاشر
أيوب,10,35,"الإصحاح العاشر
أيوب,10,36,"الإصحاح العاشر
أيوب,10,37,"الإصحاح العاشر
أيوب,10,38,"الإصحاح العاشر
أيوب,10,39,"الإصحاح العاشر
أيوب,10,40,"الإصحاح العاشر
أيوب,10,41,"الإصحاح العاشر
أيوب,10,42,"الإصحاح العاشر
أيوب,10,43,"الإصحاح العاشر
أيوب,10,44,"الإصحاح العاشر
أيوب,10,45,"الإصحاح العاشر
أيوب,10,46,"الإصحاح العاشر
أيوب,10,47,"الإصحاح العاشر
أيوب,10,48,"الإصحاح العاشر
أيوب,10,49,"الإصحاح العاشر
أيوب,10,50,"الإصحاح العاشر
أيوب,10,51,"الإصحاح العاشر
أيوب,10,52,"الإصحاح العاشر
أيوب,10,53,"الإصحاح العاشر
أيوب,10,54,"الإصحاح العاشر
أيوب,10,55,"الإصحاح العاشر
أيوب,10,56,"الإصحاح العاشر
أيوب,10,57,"الإصحاح العاشر
أيوب,10,58,"الإصحاح العاشر
أيوب,10,59,"الإصحاح العاشر
أيوب,10,60,"الإصحاح العاشر
أيوب,10,61,"الإصحاح العاشر
أيوب,10,62,"الإصحاح العاشر
أيوب,10,63,"الإصحاح العاشر
أيوب,10,64,"الإصحاح العاشر
أيوب,10,65,"الإصحاح العاشر
أيوب,10,66,"الإصحاح العاشر
أيوب,10,67,"الإصحاح العاشر
أيوب,10,68,"الإصحاح العاشر
أيوب,10,69,"الإصحاح العاشر
أيوب,10,70,"الإصحاح العاشر
أيوب,10,71,"الإصحاح العاشر
أيوب,10,72,"الإصحاح العاشر
أيوب,10,73,"الإصحاح العاشر
أيوب,10,74,"الإصحاح العاشر
أيوب,10,75,"الإصحاح العاشر
أيوب,10,76,"الإصحاح العاشر
أيوب,10,77,"الإصحاح العاشر
أيوب,10,78,"الإصحاح العاشر
أيوب,10,79,"الإصحاح العاشر
أيوب,10,80,"الإصحاح العاشر
أيوب,10,81,"الإصحاح العاشر
أيوب,10,82,"الإصحاح العاشر
أيوب,10,83,"الإصحاح العاشر
أيوب,10,84,"الإصحاح العاشر
أيوب,10,85,"الإصحاح العاشر
أيوب,10,86,"الإصحاح العاشر
أيوب,10,87,"الإصحاح العاشر
أيوب,10,88,"الإصحاح العاشر
أيوب,10,89,"الإصحاح العاشر
أيوب,10,90,"الإصحاح العاشر
أيوب,10,91,"الإصحاح العاشر
أيوب,10,92,"الإصحاح العاشر
أيوب,10,93,"الإصحاح العاشر
أيوب,10,94,"الإصحاح العاشر
أيوب,10,95,"الإصحاح العاشر
أيوب,10,96,"الإصحاح العاشر
أيوب,10,97,"الإصحاح العاشر
أيوب,10,98,"الإصحاح العاشر
أيوب,10,99,"الإصحاح العاشر
أيوب,11,1,"الإصحاح الحادي عشر
أيوب,11,2,"الإصحاح الحادي عشر
أيوب,11,3,"الإصحاح الحادي عشر
أيوب,11,4,"الإصحاح الحادي عشر
أيوب,11,5,"الإصحاح الحادي عشر
أيوب,11,6,"الإصحاح الحادي عشر
أيوب,11,7,"الإصحاح الحادي عشر
أيوب,11,8,"الإصحاح الحادي عشر
أيوب,11,9,"الإصحاح الحادي عشر
أيوب,11,10,"الإصحاح الحادي عشر
أيوب,11,11,"الإصحاح الحادي عشر
أيوب,11,12,"الإصحاح الحادي عشر
أيوب,11,13,"الإصحاح الحادي عشر
أيوب,11,14,"الإصحاح الحادي عشر
أيوب,11,15,"الإصحاح الحادي عشر
أيوب,11,16,"الإصحاح الحادي عشر
أيوب,11,17,"الإصحاح الحادي عشر
أيوب,11,18,"الإصحاح الحادي عشر
أيوب,11,19,"الإصحاح الحادي عشر
أيوب,11,20,"الإصحاح الحادي عشر
أيوب,11,21,"الإصحاح الحادي عشر
أيوب,11,22,"الإصحاح الحادي عشر
أيوب,11,23,"الإصحاح الحادي عشر
أيوب,11,24,"الإصحاح الحادي عشر
أيوب,11,25,"الإصحاح الحادي عشر
أيوب,11,26,"الإصحاح الحادي عشر
أيوب,11,27,"الإصحاح الحادي عشر
أيوب,11,28,"الإصحاح الحادي عشر
أيوب,11,29,"الإصحاح الحادي عشر
أيوب,11,30,"الإصحاح الحادي عشر
أيوب,11,31,"الإصحاح الحادي عشر
أيوب,11,32,"الإصحاح الحادي عشر
أيوب,11,33,"الإصحاح الحادي عشر
أيوب,11,34,"الإصحاح الحادي عشر
أيوب,11,35,"الإصحاح الحادي عشر
أيوب,11,36,"الإصحاح الحادي عشر
أيوب,11,37,"الإصحاح الحادي عشر
أيوب,11,38,"الإصحاح الحادي عشر
أيوب,11,39,"الإصحاح الحادي عشر
أيوب,11,40,"الإصحاح الحادي عشر
أيوب,11,41,"الإصحاح الحادي عشر
أيوب,11,42,"الإصحاح الحادي عشر
أيوب,11,43,"الإصحاح الحادي عشر
أيوب,11,44,"الإصحاح الحادي عشر
أيوب,11,45,"الإصحاح الحادي عشر
أيوب,11,46,"الإصحاح الحادي عشر
أيوب,11,47,"الإصحاح الحادي عشر
أيوب,11,48,"الإصحاح الحادي عشر
أيوب,11,49,"الإصحاح الحادي عشر
أيوب,11,50,"الإصحاح الحادي عشر
أيوب,11,51,"الإصحاح الحادي عشر
أيوب,11,52,"الإصحاح الحادي عشر
أيوب,11,53,"الإصحاح الحادي عشر
أيوب,11,54,"الإصحاح الحادي عشر
أيوب,11,55,"الإصحاح الحادي عشر
أيوب,11,56,"الإصحاح الحادي عشر
أيوب,11,57,"الإصحاح الحادي عشر
أيوب,11,58,"الإصحاح الحادي عشر
أيوب,11,59,"الإصحاح الحادي عشر
أيوب,11,60,"الإصحاح الحادي عشر
أيوب,11,61,"الإصحاح الحادي عشر
أيوب,11,62,"الإصحاح الحادي عشر
أيوب,11,63,"الإصحاح الحادي عشر
أيوب,11,64,"الإصحاح الحادي عشر
أيوب,11,65,"الإصحاح الحادي عشر
أيوب,11,66,"الإصحاح الحادي عشر
أيوب,11,67,"الإصحاح الحادي عشر
أيوب,11,68,"الإصحاح الحادي عشر
أيوب,11,69,"الإصحاح الحادي عشر
أيوب,11,70,"الإصحاح الحادي عشر
أيوب,11,71,"الإصحاح الحادي عشر
أيوب,11,72,"الإصحاح الحادي عشر
أيوب,11,73,"الإصحاح الحادي عشر
أيوب,11,74,"الإصحاح الحادي عشر
أيوب,11,75,"الإصحاح الحادي عشر
أيوب,11,76,"الإصحاح الحادي عشر
أيوب,11,77,"الإصحاح الحادي عشر
أيوب,11,78,"الإصحاح الحادي عشر
أيوب,11,79,"الإصحاح الحادي عشر
أيوب,11,80,"الإصحاح الحادي عشر
أيوب,11,81,"الإصحاح الحادي عشر
أيوب,11,82,"الإصحاح الحادي عشر
أيوب,11,83,"الإصحاح الحادي عشر
أيوب,11,84,"الإصحاح الحادي عشر
أيوب,11,85,"الإصحاح الحادي عشر
أيوب,11,86,"الإصحاح الحادي عشر
أيوب,11,87,"الإصحاح الحادي عشر
أيوب,11,88,"الإصحاح الحادي عشر
أيوب,11,89,"الإصحاح الحادي عشر
أيوب,11,90,"الإصحاح الحادي عشر
أيوب,11,91,"الإصحاح الحادي عشر
أيوب,11,92,"الإصحاح الحادي عشر
أيوب,11,93,"الإصحاح الحادي عشر
أيوب,11,94,"الإصحاح الحادي عشر
أيوب,11,95,"الإصحاح الحادي عشر
أيوب,11,96,"الإصحاح الحادي عشر
أيوب,11,97,"الإصحاح الحادي عشر
أيوب,11,98,"الإصحاح الحادي عشر
أيوب,11,99,"الإصحاح الحادي عشر
أيوب,12,1,"الإصحاح الثاني عشر
أيوب,12,2,"الإصحاح الثاني عشر
أيوب,12,3,"الإصحاح الثاني عشر
أيوب,12,4,"الإصحاح الثاني عشر
أيوب,12,5,"الإصحاح الثاني عشر
أيوب,12,6,"الإصحاح الثاني عشر
أيوب,12,7,"الإصحاح الثاني عشر
أيوب,12,8,"الإصحاح الثاني عشر
أيوب,12,9,"الإصحاح الثاني عشر
أيوب,12,10,"الإصحاح الثاني عشر
أيوب,12,11,"الإصحاح الثاني عشر
أيوب,12,12,"الإصحاح الثاني عشر
أيوب,12,13,"الإصحاح الثاني عشر
أيوب,12,14,"الإصحاح الثاني عشر
أيوب,12,15,"الإصحاح الثاني عشر
أيوب,12,16,"الإصحاح الثاني عشر
أيوب,12,17,"الإصحاح الثاني عشر
أيوب,12,18,"الإصحاح الثاني عشر
أيوب,12,19,"الإصحاح الثاني عشر
أيوب,12,20,"الإصحاح الثاني عشر
أيوب,12,21,"الإصحاح الثاني عشر
أيوب,12,22,"الإصحاح الثاني عشر
أيوب,12,23,"الإصحاح الثاني عشر
أيوب,12,24,"الإصحاح الثاني عشر
أيوب,12,25,"الإصحاح الثاني عشر
أيوب,12,26,"الإصحاح الثاني عشر
أيوب,12,27,"الإصحاح الثاني عشر
أيوب,12,28,"الإصحاح الثاني عشر
أيوب,12,29,"الإصحاح الثاني عشر
أيوب,12,30,"الإصحاح الثاني عشر
أيوب,12,31,"الإصحاح الثاني عشر
أيوب,12,32,"الإصحاح الثاني عشر
أيوب,12,33,"الإصحاح الثاني عشر
أيوب,12,34,"الإصحاح الثاني عشر
أيوب,12,35,"الإصحاح الثاني عشر
أيوب,12,36,"الإصحاح الثاني عشر
أيوب,12,37,"الإصحاح الثاني عشر
أيوب,12,38,"الإصحاح الثاني عشر
أيوب,12,39,"الإصحاح الثاني عشر
أيوب,12,40,"الإصحاح الثاني عشر
أيوب,12,41,"الإصحاح الثاني عشر
أيوب,12,42,"الإصحاح الثاني عشر
أيوب,12,43,"الإصحاح الثاني عشر
أيوب,12,44,"الإصحاح الثاني عشر
أيوب,12,45,"الإصحاح الثاني عشر
أيوب,12,46,"الإصحاح الثاني عشر
أيوب,12,47,"الإصحاح الثاني عشر
أيوب,12,48,"الإصحاح الثاني عشر
أيوب,12,49,"الإصحاح الثاني عشر
أيوب,12,50,"الإصحاح الثاني عشر
أيوب,12,51,"الإصحاح الثاني عشر
أيوب,12,52,"الإصحاح الثاني عشر
أيوب,12,53,"الإصحاح الثاني عشر
أيوب,12,54,"الإصحاح الثاني عشر
أيوب,12,55,"الإصحاح الثاني عشر
أيوب,12,56,"الإصحاح الثاني عشر
أيوب,12,57,"الإصحاح الثاني عشر
أيوب,12,58,"الإصحاح الثاني عشر
أيوب,12,59,"الإصحاح الثاني عشر
أيوب,12,60,"الإصحاح الثاني عشر
أيوب,12,61,"الإصحاح الثاني عشر
أيوب,12,62,"الإصحاح الثاني عشر
أيوب,12,63,"الإصحاح الثاني عشر
أيوب,12,64,"الإصحاح الثاني عشر
أيوب,12,65,"الإصحاح الثاني عشر
أيوب,12,66,"الإصحاح الثاني عشر
أيوب,12,67,"الإصحاح الثاني عشر
أيوب,12,68,"الإصحاح الثاني عشر
أيوب,12,69,"الإصحاح الثاني عشر
أيوب,12,70,"الإصحاح الثاني عشر
أيوب,12,71,"الإصحاح الثاني عشر
أيوب,12,72,"الإصحاح الثاني عشر
أيوب,12,73,"الإصحاح الثاني عشر
أيوب,12,74,"الإصحاح الثاني عشر
أيوب,12,75,"الإصحاح الثاني عشر
أيوب,12,76,"الإصحاح الثاني عشر
أيوب,12,77,"الإصحاح الثاني عشر
أيوب,12,78,"الإصحاح الثاني عشر
أيوب,12,79,"الإصحاح الثاني عشر
أيوب,12,80,"الإصحاح الثاني عشر
أيوب,12,81,"الإصحاح الثاني عشر
أيوب,12,82,"الإصحاح الثاني عشر
أيوب,12,83,"الإصحاح الثاني عشر
أيوب,12,84,"الإصحاح الثاني عشر
أيوب,12,85,"الإصحاح الثاني عشر
أيوب,12,86,"الإصحاح الثاني عشر
أيوب,12,87,"الإصحاح الثاني عشر
أيوب,12,88,"الإصحاح الثاني عشر
أيوب,12,89,"الإصحاح الثاني عشر
أيوب,12,90,"الإصحاح الثاني عشر
أيوب,12,91,"الإصحاح الثاني عشر
أيوب,12,92,"الإصحاح الثاني عشر
أيوب,12,93,"الإصحاح الثاني عشر
أيوب,12,94,"الإصحاح الثاني عشر
أيوب,12,95,"الإصحاح الثاني عشر
أيوب,12,96,"الإصحاح الثاني عشر
أيوب,12,97,"الإصحاح الثاني عشر
أيوب,12,98,"الإصحاح الثاني عشر
أيوب,12,99,"الإصحاح الثاني عشر
أيوب,13,1,"الإصحاح الثالث عشر
أيوب,13,2,"الإصحاح الثالث عشر
أيوب,13,3,"الإصحاح الثالث عشر
أيوب,13,4,"الإصحاح الثالث عشر
أيوب,13,5,"الإصحاح الثالث عشر
أيوب,13,6,"الإصحاح الثالث عشر
أيوب,13,7,"الإصحاح الثالث عشر
أيوب,13,8,"الإصحاح الثالث عشر
أيوب,13,9,"الإصحاح الثالث عشر
أيوب,13,10,"الإصحاح الثالث عشر
أيوب,13,11,"الإصحاح الثالث عشر
أيوب,13,12,"الإصحاح الثالث عشر
أيوب,13,13,"الإصحاح الثالث عشر
أيوب,13,14,"الإصحاح الثالث عشر
أيوب,13,15,"الإصحاح الثالث عشر
أيوب,13,16,"الإصحاح الثالث عشر
أيوب,13,17,"الإصحاح الثالث عشر
أيوب,13,18,"الإصحاح الثالث عشر
أيوب,13,19,"الإصحاح الثالث عشر
أيوب,13,20,"الإصحاح الثالث عشر
أيوب,13,21,"الإصحاح الثالث عشر
أيوب,13,22,"الإصحاح الثالث عشر
أيوب,13,23,"الإصحاح الثالث عشر
أيوب,13,24,"الإصحاح الثالث عشر
أيوب,13,25,"الإصحاح الثالث عشر
أيوب,13,26,"الإصحاح الثالث عشر
أيوب,13,27,"الإصحاح الثالث عشر
أيوب,13,28,"الإصحاح الثالث عشر
أيوب,13,29,"الإصحاح الثالث عشر
أيوب,13,30,"الإصحاح الثالث عشر
أيوب,13,31,"الإصحاح الثالث عشر
أيوب,13,32,"الإصحاح الثالث عشر
أيوب,13,33,"الإصحاح الثالث عشر
أيوب,13,34,"الإصحاح الثالث عشر
أيوب,13,35,"الإصحاح الثالث عشر
أيوب,13,36,"الإصحاح الثالث عشر
أيوب,13,37,"الإصحاح الثالث عشر
أيوب,13,38,"الإصحاح الثالث عشر
أيوب,13,39,"الإصحاح الثالث عشر
أيوب,13,40,"الإصحاح الثالث عشر
أيوب,13,41,"الإصحاح الثالث عشر
أيوب,13,42,"الإصحاح الثالث عشر
أيوب,13,43,"الإصحاح الثالث عشر
أيوب,13,44,"الإصحاح الثالث عشر
أيوب,13,45,"الإصحاح الثالث عشر
أيوب,13,46,"الإصحاح الثالث عشر
أيوب,13,47,"الإصحاح الثالث عشر
أيوب,13,48,"الإصحاح الثالث عشر
أيوب,13,49,"الإصحاح الثالث عشر
أيوب,13,50,"الإصحاح الثالث عشر
أيوب,13,51,"الإصحاح الثالث عشر
أيوب,13,52,"الإصحاح الثالث عشر
أيوب,13,53,"الإصحاح الثالث عشر
أيوب,13,54,"الإصحاح الثالث عشر
أيوب,13,55,"الإصحاح الثالث عشر
أيوب,13,56,"الإصحاح الثالث عشر
أيوب,13,57,"الإصحاح الثالث عشر
أيوب,13,58,"الإصحاح الثالث عشر
أيوب,13,59,"الإصحاح الثالث عشر
أيوب,13,60,"الإصحاح الثالث عشر
أيوب,13,61,"الإصحاح الثالث عشر
أيوب,13,62,"الإصحاح الثالث عشر
أيوب,13,63,"الإصحاح الثالث عشر
أيوب,13,64,"الإصحاح الثالث عشر
أيوب,13,65,"الإصحاح الثالث عشر
أيوب,13,66,"الإصحاح الثالث عشر
أيوب,13,67,"الإصحاح الثالث عشر
أيوب,13,68,"الإصحاح الثالث عشر
أيوب,13,69,"الإصحاح الثالث عشر
أيوب,13,70,"الإصحاح الثالث عشر
أيوب,13,71,"الإصحاح الثالث عشر
أيوب,13,72,"الإصحاح الثالث عشر
أيوب,13,73,"الإصحاح الثالث عشر
أيوب,13,74,"الإصحاح الثالث عشر
أيوب,13,75,"الإصحاح الثالث عشر
أيوب,13,76,"الإصحاح الثالث عشر
أيوب,13,77,"الإصحاح الثالث عشر
أيوب,13,78,"الإصحاح الثالث عشر
أيوب,13,79,"الإصحاح الثالث عشر
أيوب,13,80,"الإصحاح الثالث عشر
أيوب,13,81,"الإصحاح الثالث عشر
أيوب,13,82,"الإصحاح الثالث عشر
أيوب,13,83,"الإصحاح الثالث عشر
أيوب,13,84,"الإصحاح الثالث عشر
أيوب,13,85,"الإصحاح الثالث عشر
أيوب,13,86,"الإصحاح الثالث عشر
أيوب,13,87,"الإصحاح الثالث عشر
أيوب,13,88,"الإصحاح الثالث عشر
أيوب,13,89,"الإصحاح الثالث عشر
أيوب,13,90,"الإصحاح الثالث عشر
أيوب,13,91,"الإصحاح الثالث عشر
أيوب,13,92,"الإصحاح الثالث عشر
أيوب,13,93,"الإصحاح الثالث عشر
أيوب,13,94,"الإصحاح الثالث عشر
أيوب,13,95,"الإصحاح الثالث عشر
أيوب,13,96,"الإصحاح الثالث عشر
أيوب,13,97,"الإصحاح الثالث عشر
أيوب,13,98,"الإصحاح الثالث عشر
أيوب,13,99,"الإصحاح الثالث عشر
أيوب,14,1,"الإصحاح الرابع عشر
أيوب,14,2,"الإصحاح الرابع عشر
أيوب,14,3,"الإصحاح الرابع عشر
أيوب,14,4,"الإصحاح الرابع عشر
أيوب,14,5,"الإصحاح الرابع عشر
أيوب,14,6,"الإصحاح الرابع عشر
أيوب,14,7,"الإصحاح الرابع عشر
أيوب,14,8,"الإصحاح الرابع عشر
أيوب,14,9,"الإصحاح الرابع عشر
أيوب,14,10,"الإصحاح الرابع عشر
أيوب,14,11,"الإصحاح الرابع عشر
أيوب,14,12,"الإصحاح الرابع عشر
أيوب,14,13,"الإصحاح الرابع عشر
أيوب,14,14,"الإصحاح الرابع عشر
أيوب,14,15,"الإصحاح الرابع عشر
أيوب,14,16,"الإصحاح الرابع عشر
أيوب,14,17,"الإصحاح الرابع عشر
أيوب,14,18,"الإصحاح الرابع عشر
أيوب,14,19,"الإصحاح الرابع عشر
أيوب,14,20,"الإصحاح الرابع عشر
أيوب,14,21,"الإصحاح الرابع عشر
أيوب,14,22,"الإصحاح الرابع عشر
أيوب,14,23,"الإصحاح الرابع عشر
أيوب,14,24,"الإصحاح الرابع عشر
أيوب,14,25,"الإصحاح الرابع عشر
أيوب,14,26,"الإصحاح الرابع عشر
أيوب,14,27,"الإصحاح الرابع عشر
أيوب,14,28,"الإصحاح الرابع عشر
أيوب,14,29,"الإصحاح الرابع عشر
أيوب,14,30,"الإصحاح الرابع عشر
أيوب,14,31,"الإصحاح الرابع عشر
أيوب,14,32,"الإصحاح الرابع عشر
أيوب,14,33,"الإصحاح الرابع عشر
أيوب,14,34,"الإصحاح الرابع عشر
أيوب,14,35,"الإصحاح الرابع عشر
أيوب,14,36,"الإصحاح الرابع عشر
أيوب,14,37,"الإصحاح الرابع عشر
أيوب,14,38,"الإصحاح الرابع عشر
أيوب,14,39,"الإصحاح الرابع عشر
أيوب,14,40,"الإصحاح الرابع عشر
أيوب,14,41,"الإصحاح الرابع عشر
أيوب,14,42,"الإصحاح الرابع عشر
أيوب,14,43,"الإصحاح الرابع عشر
أيوب,14,44,"الإصحاح الرابع عشر
أيوب,14,45,"الإصحاح الرابع عشر
أيوب,14,46,"الإصحاح الرابع عشر
أيوب,14,47,"الإصحاح الرابع عشر
أيوب,14,48,"الإصحاح الرابع عشر
أيوب,14,49,"الإصحاح الرابع عشر
أيوب,14,50,"الإصحاح الرابع عشر
أيوب,14,51,"الإصحاح الرابع عشر
أيوب,14,52,"الإصحاح الرابع عشر
أيوب,14,53,"الإصحاح الرابع عشر
أيوب,14,54,"الإصحاح الرابع عشر
أيوب,14,55,"الإصحاح الرابع عشر
أيوب,14,56,"الإصحاح الرابع عشر
أيوب,14,57,"الإصحاح الرابع عشر
أيوب,14,58,"الإصحاح الرابع عشر
أيوب,14,59,"الإصحاح الرابع عشر
أيوب,14,60,"الإصحاح الرابع عشر
أيوب,14,61,"الإصحاح الرابع عشر
أيوب,14,62,"الإصحاح الرابع عشر
أيوب,14,63,"الإصحاح الرابع عشر
أيوب,14,64,"الإصحاح الرابع عشر
أيوب,14,65,"الإصحاح الرابع عشر
أيوب,14,66,"الإصحاح الرابع عشر
أيوب,14,67,"الإصحاح الرابع عشر
أيوب,14,68,"الإصحاح الرابع عشر
أيوب,14,69,"الإصحاح الرابع عشر
أيوب,14,70,"الإصحاح الرابع عشر
أيوب,14,71,"الإصحاح الرابع عشر
أيوب,14,72,"الإصحاح الرابع عشر
أيوب,14,73,"الإصحاح الرابع عشر
أيوب,14,74,"الإصحاح الرابع عشر
أيوب,14,75,"الإصحاح الرابع عشر
أيوب,14,76,"الإصحاح الرابع عشر
أيوب,14,77,"الإصحاح الرابع عشر
أيوب,14,78,"الإصحاح الرابع عشر
أيوب,14,79,"الإصحاح الرابع عشر
أيوب,14,80,"الإصحاح الرابع عشر
أيوب,14,81,"الإصحاح الرابع عشر
أيوب,14,82,"الإصحاح الرابع عشر
أيوب,14,83,"الإصحاح الرابع عشر
أيوب,14,84,"الإصحاح الرابع عشر
أيوب,14,85,"الإصحاح الرابع عشر
أيوب,14,86,"الإصحاح الرابع عشر
أيوب,14,87,"الإصحاح الرابع عشر
أيوب,14,88,"الإصحاح الرابع عشر
أيوب,14,89,"الإصحاح الرابع عشر
أيوب,14,90,"الإصحاح الرابع عشر
أيوب,14,91,"الإصحاح الرابع عشر
أيوب,14,92,"الإصحاح الرابع عشر
أيوب,14,93,"الإصحاح الرابع عشر
أيوب,14,94,"الإصحاح الرابع عشر
أيوب,14,95,"الإصحاح الرابع عشر
أيوب,14,96,"الإصحاح الرابع عشر
أيوب,14,97,"الإصحاح الرابع عشر
أيوب,14,98,"الإصحاح الرابع عشر
أيوب,14,99,"الإصحاح الرابع عشر
أيوب,15,1,"الإصحاح الخامس عشر
أيوب,15,2,"الإصحاح الخامس عشر
أيوب,15,3,"الإصحاح الخامس عشر
أيوب,15,4,"الإصحاح الخامس عشر
أيوب,15,5,"الإصحاح الخامس عشر
أيوب,15,6,"الإصحاح الخامس عشر
أيوب,15,7,"الإصحاح الخامس عشر
أيوب,15,8,"الإصحاح الخامس عشر
أيوب,15,9,"الإصحاح الخامس عشر
أيوب,15,10,"الإصحاح الخامس عشر
أيوب,15,11,"الإصحاح الخامس عشر
أيوب,15,12,"الإصحاح الخامس عشر
أيوب,15,13,"الإصحاح الخامس عشر
أيوب,15,14,"الإصحاح الخامس عشر
أيوب,15,15,"الإصحاح الخامس عشر
أيوب,15,16,"الإصحاح الخامس عشر
أيوب,15,17,"الإصحاح الخامس عشر
أيوب,15,18,"الإصحاح الخامس عشر
أيوب,15,19,"الإصحاح الخامس عشر
أيوب,15,20,"الإصحاح الخامس عشر
أيوب,15,21,"الإصحاح الخامس عشر
أيوب,15,22,"الإصحاح الخامس عشر
أيوب,15,23,"الإصحاح الخامس عشر
أيوب,15,24,"الإصحاح الخامس عشر
أيوب,15,25,"الإصحاح الخامس عشر
أيوب,15,26,"الإصحاح الخامس عشر
أيوب,15,27,"الإصحاح الخامس عشر
أيوب,15,28,"الإصحاح الخامس عشر
أيوب,15,29,"الإصحاح الخامس عشر
أيوب,15,30,"الإصحاح الخامس عشر
أيوب,15,31,"الإصحاح الخامس عشر
أيوب,15,32,"الإصحاح الخامس عشر
أيوب,15,33,"الإصحاح الخامس عشر
أيوب,15,34,"الإصحاح الخامس عشر
أيوب,15,35,"الإصحاح الخامس عشر
أيوب,15,36,"الإصحاح الخامس عشر
أيوب,15,37,"الإصحاح الخامس عشر
أيوب,15,38,"الإصحاح الخامس عشر
أيوب,15,39,"الإصحاح الخامس عشر
أيوب,15,40,"الإصحاح الخامس عشر
أيوب,15,41,"الإصحاح الخامس عشر
أيوب,15,42,"الإصحاح الخامس عشر
أيوب,15,43,"الإصحاح الخامس عشر
أيوب,15,44,"الإصحاح الخامس عشر
أيوب,15,45,"الإصحاح الخامس عشر
أيوب,15,46,"الإصحاح الخامس عشر
أيوب,15,47,"الإصحاح الخامس عشر
أيوب,15,48,"الإصحاح الخامس عشر
أيوب,15,49,"الإصحاح الخامس عشر
أيوب,15,50,"الإصحاح الخامس عشر
أيوب,15,51,"الإصحاح الخامس عشر
أيوب,15,52,"الإصحاح الخامس عشر
أيوب,15,53,"الإصحاح الخامس عشر
أيوب,15,54,"الإصحاح الخامس عشر
أيوب,15,55,"الإصحاح الخامس عشر
أيوب,15,56,"الإصحاح الخامس عشر
أيوب,15,57,"الإصحاح الخامس عشر
أيوب,15,58,"الإصحاح الخامس عشر
أيوب,15,59,"الإصحاح الخامس عشر
أيوب,15,60,"الإصحاح الخامس عشر
أيوب,15,61,"الإصحاح الخامس عشر
أيوب,15,62,"الإصحاح الخامس عشر
أيوب,15,63,"الإصحاح الخامس عشر
أيوب,15,64,"الإصحاح الخامس عشر
أيوب,15,65,"الإصحاح الخامس عشر
أيوب,15,66,"الإصحاح الخامس عشر
أيوب,15,67,"الإصحاح الخامس عشر
أيوب,15,68,"الإصحاح الخامس عشر
أيوب,15,69,"الإصحاح الخامس عشر
أيوب,15,70,"الإصحاح الخامس عشر
أيوب,15,71,"الإصحاح الخامس عشر
أيوب,15,72,"الإصحاح الخامس عشر
أيوب,15,73,"الإصحاح الخامس عشر
أيوب,15,74,"الإصحاح الخامس عشر
أيوب,15,75,"الإصحاح الخامس عشر
أيوب,15,76,"الإصحاح الخامس عشر
أيوب,15,77,"الإصحاح الخامس عشر
أيوب,15,78,"الإصحاح الخامس عشر
أيوب,15,79,"الإصحاح الخامس عشر
أيوب,15,80,"الإصحاح الخامس عشر
أيوب,15,81,"الإصحاح الخامس عشر
أيوب,15,82,"الإصحاح الخامس عشر
أيوب,15,83,"الإصحاح الخامس عشر
أيوب,15,84,"الإصحاح الخامس عشر
أيوب,15,85,"الإصحاح الخامس عشر
أيوب,15,86,"الإصحاح الخامس عشر
أيوب,15,87,"الإصحاح الخامس عشر
أيوب,15,88,"الإصحاح الخامس عشر
أيوب,15,89,"الإصحاح الخامس عشر
أيوب,15,90,"الإصحاح الخامس عشر
أيوب,15,91,"الإصحاح الخامس عشر
أيوب,15,92,"الإصحاح الخامس عشر
أيوب,15,93,"الإصحاح الخامس عشر
أيوب,15,94,"الإصحاح الخامس عشر
أيوب,15,95,"الإصحاح الخامس عشر
أيوب,15,96,"الإصحاح الخامس عشر
أيوب,15,97,"الإصحاح الخامس عشر
أيوب,15,98,"الإصحاح الخامس عشر
أيوب,15,99,"الإصحاح الخامس عشر
أيوب,16,1,"الإصحاح السادس عشر
أيوب,16,2,"الإصحاح السادس عشر
أيوب,16,3,"الإصحاح السادس عشر
أيوب,16,4,"الإصحاح السادس عشر
أيوب,16,5,"الإصحاح السادس عشر
أيوب,16,6,"الإصحاح السادس عشر
أيوب,16,7,"الإصحاح السادس عشر
أيوب,16,8,"الإصحاح السادس عشر
أيوب,16,9,"الإصحاح السادس عشر
أيوب,16,10,"الإصحاح السادس عشر
أيوب,16,11,"الإصحاح السادس عشر
أيوب,16,12,"الإصحاح السادس عشر
أيوب,16,13,"الإصحاح السادس عشر
أيوب,16,14,"الإصحاح السادس عشر
أيوب,16,15,"الإصحاح السادس عشر
أيوب,16,16,"الإصحاح السادس عشر
أيوب,16,17,"الإصحاح السادس عشر
أيوب,16,18,"الإصحاح السادس عشر
أيوب,16,19,"الإصحاح السادس عشر
أيوب,16,20,"الإصحاح السادس عشر
أيوب,16,21,"الإصحاح السادس عشر
أيوب,16,22,"الإصحاح السادس عشر
أيوب,16,23,"الإصحاح السادس عشر
أيوب,16,24,"الإصحاح السادس عشر
أيوب,16,25,"الإصحاح السادس عشر
أيوب,16,26,"الإصحاح السادس عشر
أيوب,16,27,"الإصحاح السادس عشر
أيوب,16,28,"الإصحاح السادس عشر
أيوب,16,29,"الإصحاح السادس عشر
أيوب,16,30,"الإصحاح السادس عشر
أيوب,16,31,"الإصحاح السادس عشر
أيوب,16,32,"الإصحاح السادس عشر
أيوب,16,33,"الإصحاح السادس عشر
أيوب,16,34,"الإصحاح السادس عشر
أيوب,16,35,"الإصحاح السادس عشر
أيوب,16,36,"الإصحاح السادس عشر
أيوب,16,37,"الإصحاح السادس عشر
أيوب,16,38,"الإصحاح السادس عشر
أيوب,16,39,"الإصحاح السادس عشر
أيوب,16,40,"الإصحاح السادس عشر
أيوب,16,41,"الإصحاح السادس عشر
أيوب,16,42,"الإصحاح السادس عشر
أيوب,16,43,"الإصحاح السادس عشر
أيوب,16,44,"الإصحاح السادس عشر
أيوب,16,45,"الإصحاح السادس عشر
أيوب,16,46,"الإصحاح السادس عشر
أيوب,16,47,"الإصحاح السادس عشر
أيوب,16,48,"الإصحاح السادس عشر
أيوب,16,49,"الإصحاح السادس عشر
أيوب,16,50,"الإصحاح السادس عشر
أيوب,16,51,"الإصحاح السادس عشر
أيوب,16,52,"الإصحاح السادس عشر
أيوب,16,53,"الإصحاح السادس عشر
أيوب,16,54,"الإصحاح السادس عشر
أيوب,16,55,"الإصحاح السادس عشر
أيوب,16,56,"الإصحاح السادس عشر
أيوب,16,57,"الإصحاح السادس عشر
أيوب,16,58,"الإصحاح السادس عشر
أيوب,16,59,"الإصحاح السادس عشر
أيوب,16,60,"الإصحاح السادس عشر
أيوب,16,61,"الإصحاح السادس عشر
أيوب,16,62,"الإصحاح السادس عشر
أيوب,16,63,"الإصحاح السادس عشر
أيوب,16,64,"الإصحاح السادس عشر
أيوب,16,65,"الإصحاح السادس عشر
أيوب,16,66,"الإصحاح السادس عشر
أيوب,16,67,"الإصحاح السادس عشر
أيوب,16,68,"الإصحاح السادس عشر
أيوب,16,69,"الإصحاح السادس عشر
أيوب,16,70,"الإصحاح السادس عشر
أيوب,16,71,"الإصحاح السادس عشر
أيوب,16,72,"الإصحاح السادس عشر
أيوب,16,73,"الإصحاح السادس عشر
أيوب,16,74,"الإصحاح السادس عشر
أيوب,16,75,"الإصحاح السادس عشر
أيوب,16,76,"الإصحاح السادس عشر
أيوب,16,77,"الإصحاح السادس عشر
أيوب,16,78,"الإصحاح السادس عشر
أيوب,16,79,"الإصحاح السادس عشر
أيوب,16,80,"الإصحاح السادس عشر
أيوب,16,81,"الإصحاح السادس عشر
أيوب,16,82,"الإصحاح السادس عشر
أيوب,16,83,"الإصحاح السادس عشر
أيوب,16,84,"الإصحاح السادس عشر
أيوب,16,85,"الإصحاح السادس عشر
أيوب,16,86,"الإصحاح السادس عشر
أيوب,16,87,"الإصحاح السادس عشر
أيوب,16,88,"الإصحاح السادس عشر
أيوب,16,89,"الإصحاح السادس عشر
أيوب,16,90,"الإصحاح السادس عشر
أيوب,16,91,"الإصحاح السادس عشر
أيوب,16,92,"الإصحاح السادس عشر
أيوب,16,93,"الإصحاح السادس عشر
أيوب,16,94,"الإصحاح السادس عشر
أيوب,16,95,"الإصحاح السادس عشر
أيوب,16,96,"الإصحاح السادس عشر
أيوب,16,97,"الإصحاح السادس عشر
أيوب,16,98,"الإصحاح السادس عشر
أيوب,16,99,"الإصحاح السادس عشر
أيوب,17,1,"الإصحاح السابع عشر
أيوب,17,2,"الإصحاح السابع عشر
أيوب,17,3,"الإصحاح السابع عشر
أيوب,17,4,"الإصحاح السابع عشر
أيوب,17,5,"الإصحاح السابع عشر
أيوب,17,6,"الإصحاح السابع عشر
أيوب,17,7,"الإصحاح السابع عشر
أيوب,17,8,"الإصحاح السابع عشر
أيوب,17,9,"الإصحاح السابع عشر
أيوب,17,10,"الإصحاح السابع عشر
أيوب,17,11,"الإصحاح السابع عشر
أيوب,17,12,"الإصحاح السابع عشر
أيوب,17,13,"الإصحاح السابع عشر
أيوب,17,14,"الإصحاح السابع عشر
أيوب,17,15,"الإصحاح السابع عشر
أيوب,17,16,"الإصحاح السابع عشر
أيوب,17,17,"الإصحاح السابع عشر
أيوب,17,18,"الإصحاح السابع عشر
أيوب,17,19,"الإصحاح السابع عشر
أيوب,17,20,"الإصحاح السابع عشر
أيوب,17,21,"الإصحاح السابع عشر
أيوب,17,22,"الإصحاح السابع عشر
أيوب,17,23,"الإصحاح السابع عشر
أيوب,17,24,"الإصحاح السابع عشر
أيوب,17,25,"الإصحاح السابع عشر
أيوب,17,26,"الإصحاح السابع عشر
أيوب,17,27,"الإصحاح السابع عشر
أيوب,17,28,"الإصحاح السابع عشر
أيوب,17,29,"الإصحاح السابع عشر
أيوب,17,30,"الإصحاح السابع عشر
أيوب,17,31,"الإصحاح السابع عشر
أيوب,17,32,"الإصحاح السابع عشر
أيوب,17,33,"الإصحاح السابع عشر
أيوب,17,34,"الإصحاح السابع عشر
أيوب,17,35,"الإصحاح السابع عشر
أيوب,17,36,"الإصحاح السابع عشر
أيوب,17,37,"الإصحاح السابع عشر
أيوب,17,38,"الإصحاح السابع عشر
أيوب,17,39,"الإصحاح السابع عشر
أيوب,17,40,"الإصحاح السابع عشر
أيوب,17,41,"الإصحاح السابع عشر
أيوب,17,42,"الإصحاح السابع عشر
أيوب,17,43,"الإصحاح السابع عشر
أيوب,17,44,"الإصحاح السابع عشر
أيوب,17,45,"الإصحاح السابع عشر
أيوب,17,46,"الإصحاح السابع عشر
أيوب,17,47,"الإصحاح السابع عشر
أيوب,17,48,"الإصحاح السابع عشر
أيوب,17,49,"الإصحاح السابع عشر
أيوب,17,50,"الإصحاح السابع عشر
أيوب,17,51,"الإصحاح السابع عشر
أيوب,17,52,"الإصحاح السابع عشر
أيوب,17,53,"الإصحاح السابع عشر
أيوب,17,54,"الإصحاح السابع عشر
أيوب,17,55,"الإصحاح السابع عشر
أيوب,17,56,"الإصحاح السابع عشر
أيوب,17,57,"الإصحاح السابع عشر
أيوب,17,58,"الإصحاح السابع عشر
أيوب,17,59,"الإصحاح السابع عشر
أيوب,17,60,"الإصحاح السابع عشر
أيوب,17,61,"الإصحاح السابع عشر
أيوب,17,62,"الإصحاح السابع عشر
أيوب,17,63,"الإصحاح السابع عشر
أيوب,17,64,"الإصحاح السابع عشر
أيوب,17,65,"الإصحاح السابع عشر
أيوب,17,66,"الإصحاح السابع عشر
أيوب,17,67,"الإصحاح السابع عشر
أيوب,17,68,"الإصحاح السابع عشر
أيوب,17,69,"الإصحاح السابع عشر
أيوب,17,70,"الإصحاح السابع عشر
أيوب,17,71,"الإصحاح السابع عشر
أيوب,17,72,"الإصحاح السابع عشر
أيوب,17,73,"الإصحاح السابع عشر
أيوب,17,74,"الإصحاح السابع عشر
أيوب,17,75,"الإصحاح السابع عشر
أيوب,17,76,"الإصحاح السابع عشر
أيوب,17,77,"الإصحاح السابع عشر
أيوب,17,78,"الإصحاح السابع عشر
أيوب,17,79,"الإصحاح السابع عشر
أيوب,17,80,"الإصحاح السابع عشر
أيوب,17,81,"الإصحاح السابع عشر
أيوب,17,82,"الإصحاح السابع عشر
أيوب,17,83,"الإصحاح السابع عشر
أيوب,17,84,"الإصحاح السابع عشر
أيوب,17,85,"الإصحاح السابع عشر
أيوب,17,86,"الإصحاح السابع عشر
أيوب,17,87,"الإصحاح السابع عشر
أيوب,17,88,"الإصحاح السابع عشر
أيوب,17,89,"الإصحاح السابع عشر
أيوب,17,90,"الإصحاح السابع عشر
أيوب,17,91,"الإصحاح السابع عشر
أيوب,17,92,"الإصحاح السابع عشر
أيوب,17,93,"الإصحاح السابع عشر
أيوب,17,94,"الإصحاح السابع عشر
أيوب,17,95,"الإصحاح السابع عشر
أيوب,17,96,"الإصحاح السابع عشر
أيوب,17,97,"الإصحاح السابع عشر
أيوب,17,98,"الإصحاح السابع عشر
أيوب,17,99,"الإصحاح السابع عشر
أيوب,18,1,"الإصحاح الثامن عشر
أيوب,18,2,"الإصحاح الثامن عشر
أيوب,18,3,"الإصحاح الثامن عشر
أيوب,18,4,"الإصحاح الثامن عشر
أيوب,18,5,"الإصحاح الثامن عشر
أيوب,18,6,"الإصحاح الثامن عشر
أيوب,18,7,"الإصحاح الثامن عشر
أيوب,18,8,"الإصحاح الثامن عشر
أيوب,18,9,"الإصحاح الثامن عشر
أيوب,18,10,"الإصحاح الثامن عشر
أيوب,18,11,"الإصحاح الثامن عشر
أيوب,18,12,"الإصحاح الثامن عشر
أيوب,18,13,"الإصحاح الثامن عشر
أيوب,18,14,"الإصحاح الثامن عشر
أيوب,18,15,"الإصحاح الثامن عشر
أيوب,18,16,"الإصحاح الثامن عشر
أيوب,18,17,"الإصحاح الثامن عشر
أيوب,18,18,"الإصحاح الثامن عشر
أيوب,18,19,"الإصحاح الثامن عشر
أيوب,18,20,"الإصحاح الثامن عشر
أيوب,18,21,"الإصحاح الثامن عشر
أيوب,18,22,"الإصحاح الثامن عشر
أيوب,18,23,"الإصحاح الثامن عشر
أيوب,18,24,"الإصحاح الثامن عشر
أيوب,18,25,"الإصحاح الثامن عشر
أيوب,18,26,"الإصحاح الثامن عشر
أيوب,18,27,"الإصحاح الثامن عشر
أيوب,18,28,"الإصحاح الثامن عشر
أيوب,18,29,"الإصحاح الثامن عشر
أيوب,18,30,"الإصحاح الثامن عشر
أيوب,18,31,"الإصحاح الثامن عشر
أيوب,18,32,"الإصحاح الثامن عشر
أيوب,18,33,"الإصحاح الثامن عشر
أيوب,18,34,"الإصحاح الثامن عشر
أيوب,18,35,"الإصحاح الثامن عشر
أيوب,18,36,"الإصحاح الثامن عشر
أيوب,18,37,"الإصحاح الثامن عشر
أيوب,18,38,"الإصحاح الثامن عشر
أيوب,18,39,"الإصحاح الثامن عشر
أيوب,18,40,"الإصحاح الثامن عشر
أيوب,18,41,"الإصحاح الثامن عشر
أيوب,18,42,"الإصحاح الثامن عشر
أيوب,18,43,"الإصحاح الثامن عشر
أيوب,18,44,"الإصحاح الثامن عشر
أيوب,18,45,"الإصحاح الثامن عشر
أيوب,18,46,"الإصحاح الثامن عشر
أيوب,18,47,"الإصحاح الثامن عشر
أيوب,18,48,"الإصحاح الثامن عشر
أيوب,18,49,"الإصحاح الثامن عشر
أيوب,18,50,"الإصحاح الثامن عشر
أيوب,18,51,"الإصحاح الثامن عشر
أيوب,18,52,"الإصحاح الثامن عشر
أيوب,18,53,"الإصحاح الثامن عشر
أيوب,18,54,"الإصحاح الثامن عشر
أيوب,18,55,"الإصحاح الثامن عشر
أيوب,18,56,"الإصحاح الثامن عشر
أيوب,18,57,"الإصحاح الثامن عشر
أيوب,18,58,"الإصحاح الثامن عشر
أيوب,18,59,"الإصحاح الثامن عشر
أيوب,18,60,"الإصحاح الثامن عشر
أيوب,18,61,"الإصحاح الثامن عشر
أيوب,18,62,"الإصحاح الثامن عشر
أيوب,18,63,"الإصحاح الثامن عشر
أيوب,18,64,"الإصحاح الثامن عشر
أيوب,18,65,"الإصحاح الثامن عشر
أيوب,18,66,"الإصحاح الثامن عشر
أيوب,18,67,"الإصحاح الثامن عشر
أيوب,18,68,"الإصحاح الثامن عشر
أيوب,18,69,"الإصحاح الثامن عشر
أيوب,18,70,"الإصحاح الثامن عشر
أيوب,18,71,"الإصحاح الثامن عشر
أيوب,18,72,"الإصحاح الثامن عشر
أيوب,18,73,"الإصحاح الثامن عشر
أيوب,18,74,"الإصحاح الثامن عشر
أيوب,18,75,"الإصحاح الثامن عشر
أيوب,18,76,"الإصحاح الثامن عشر
أيوب,18,77,"الإصحاح الثامن عشر
أيوب,18,78,"الإصحاح الثامن عشر
أيوب,18,79,"الإصحاح الثامن عشر
أيوب,18,80,"الإصحاح الثامن عشر
أيوب,18,81,"الإصحاح الثامن عشر
أيوب,18,82,"الإصحاح الثامن عشر
أيوب,18,83,"الإصحاح الثامن عشر
أيوب,18,84,"الإصحاح الثامن عشر
أيوب,18,85,"الإصحاح الثامن عشر
أيوب,18,86,"الإصحاح الثامن عشر
أيوب,18,87,"الإصحاح الثامن عشر
أيوب,18,88,"الإصحاح الثامن عشر
أيوب,18,89,"الإصحاح الثامن عشر
أيوب,18,90,"الإصحاح الثامن عشر
أيوب,18,91,"الإصحاح الثامن عشر
أيوب,18,92,"الإصحاح الثامن عشر
أيوب,18,93,"الإصحاح الثامن عشر
أيوب,18,94,"الإصحاح الثامن عشر
أيوب,18,95,"الإصحاح الثامن عشر
أيوب,18,96,"الإصحاح الثامن عشر
أيوب,18,97,"الإصحاح الثامن عشر
أيوب,18,98,"الإصحاح الثامن عشر
أيوب,18,99,"الإصحاح الثامن عشر
أيوب,19,1,"الأصحاح التاسع عشر
أيوب,19,2,"الأصحاح التاسع عشر
أيوب,19,3,"الأصحاح التاسع عشر
أيوب,19,4,"الأصحاح التاسع عشر
أيوب,19,5,"الأصحاح التاسع عشر
أيوب,19,6,"الأصحاح التاسع عشر
أيوب,19,7,"الأصحاح التاسع عشر
أيوب,19,8,"الأصحاح التاسع عشر
أيوب,19,9,"الأصحاح التاسع عشر
أيوب,19,10,"الأصحاح التاسع عشر
أيوب,19,11,"الأصحاح التاسع عشر
أيوب,19,12,"الأصحاح التاسع عشر
أيوب,19,13,"الأصحاح التاسع عشر
أيوب,19,14,"الأصحاح التاسع عشر
أيوب,19,15,"الأصحاح التاسع عشر
أيوب,19,16,"الأصحاح التاسع عشر
أيوب,19,17,"الأصحاح التاسع عشر
أيوب,19,18,"الأصحاح التاسع عشر
أيوب,19,19,"الأصحاح التاسع عشر
أيوب,19,20,"الأصحاح التاسع عشر
أيوب,19,21,"الأصحاح التاسع عشر
أيوب,19,22,"الأصحاح التاسع عشر
أيوب,19,23,"الأصحاح التاسع عشر
أيوب,19,24,"الأصحاح التاسع عشر
أيوب,19,25,"الأصحاح التاسع عشر
أيوب,19,26,"الأصحاح التاسع عشر
أيوب,19,27,"الأصحاح التاسع عشر
أيوب,19,28,"الأصحاح التاسع عشر
أيوب,19,29,"الأصحاح التاسع عشر
أيوب,19,30,"الأصحاح التاسع عشر
أيوب,19,31,"الأصحاح التاسع عشر
أيوب,19,32,"الأصحاح التاسع عشر
أيوب,19,33,"الأصحاح التاسع عشر
أيوب,19,34,"الأصحاح التاسع عشر
أيوب,19,35,"الأصحاح التاسع عشر
أيوب,19,36,"الأصحاح التاسع عشر
أيوب,19,37,"الأصحاح التاسع عشر
أيوب,19,38,"الأصحاح التاسع عشر
أيوب,19,39,"الأصحاح التاسع عشر
أيوب,19,40,"الأصحاح التاسع عشر
أيوب,19,41,"الأصحاح التاسع عشر
أيوب,19,42,"الأصحاح التاسع عشر
أيوب,19,43,"الأصحاح التاسع عشر
أيوب,19,44,"الأصحاح التاسع عشر
أيوب,19,45,"الأصحاح التاسع عشر
أيوب,19,46,"الأصحاح التاسع عشر
أيوب,19,47,"الأصحاح التاسع عشر
أيوب,19,48,"الأصحاح التاسع عشر
أيوب,19,49,"الأصحاح التاسع عشر
أيوب,19,50,"الأصحاح التاسع عشر
أيوب,19,51,"الأصحاح التاسع عشر
أيوب,19,52,"الأصحاح التاسع عشر
أيوب,19,53,"الأصحاح التاسع عشر
أيوب,19,54,"الأصحاح التاسع عشر
أيوب,19,55,"الأصحاح التاسع عشر
أيوب,19,56,"الأصحاح التاسع عشر
أيوب,19,57,"الأصحاح التاسع عشر
أيوب,19,58,"الأصحاح التاسع عشر
أيوب,19,59,"الأصحاح التاسع عشر
أيوب,19,60,"الأصحاح التاسع عشر
أيوب,19,61,"الأصحاح التاسع عشر
أيوب,19,62,"الأصحاح التاسع عشر
أيوب,19,63,"الأصحاح التاسع عشر
أيوب,19,64,"الأصحاح التاسع عشر
أيوب,19,65,"الأصحاح التاسع عشر
أيوب,19,66,"الأصحاح التاسع عشر
أيوب,19,67,"الأصحاح التاسع عشر
أيوب,19,68,"الأصحاح التاسع عشر
أيوب,19,69,"الأصحاح التاسع عشر
أيوب,19,70,"الأصحاح التاسع عشر
أيوب,19,71,"الأصحاح التاسع عشر
أيوب,19,72,"الأصحاح التاسع عشر
أيوب,19,73,"الأصحاح التاسع عشر
أيوب,19,74,"الأصحاح التاسع عشر
أيوب,19,75,"الأصحاح التاسع عشر
أيوب,19,76,"الأصحاح التاسع عشر
أيوب,19,77,"الأصحاح التاسع عشر
أيوب,19,78,"الأصحاح التاسع عشر
أيوب,19,79,"الأصحاح التاسع عشر
أيوب,19,80,"الأصحاح التاسع عشر
أيوب,19,81,"الأصحاح التاسع عشر
أيوب,19,82,"الأصحاح التاسع عشر
أيوب,19,83,"الأصحاح التاسع عشر
أيوب,19,84,"الأصحاح التاسع عشر
أيوب,19,85,"الأصحاح التاسع عشر
أيوب,19,86,"الأصحاح التاسع عشر
أيوب,19,87,"الأصحاح التاسع عشر
أيوب,19,88,"الأصحاح التاسع عشر
أيوب,19,89,"الأصحاح التاسع عشر
أيوب,19,90,"الأصحاح التاسع عشر
أيوب,19,91,"الأصحاح التاسع عشر
أيوب,19,92,"الأصحاح التاسع عشر
أيوب,19,93,"الأصحاح التاسع عشر
أيوب,19,94,"الأصحاح التاسع عشر
أيوب,19,95,"الأصحاح التاسع عشر
أيوب,19,96,"الأصحاح التاسع عشر
أيوب,19,97,"الأصحاح التاسع عشر
أيوب,19,98,"الأصحاح التاسع عشر
أيوب,19,99,"الأصحاح التاسع عشر
أيوب,20,1,"الإصحاح العشرون
أيوب,20,2,"الإصحاح العشرون
أيوب,20,3,"الإصحاح العشرون
أيوب,20,4,"الإصحاح العشرون
أيوب,20,5,"الإصحاح العشرون
أيوب,20,6,"الإصحاح العشرون
أيوب,20,7,"الإصحاح العشرون
أيوب,20,8,"الإصحاح العشرون
أيوب,20,9,"الإصحاح العشرون
أيوب,20,10,"الإصحاح العشرون
أيوب,20,11,"الإصحاح العشرون
أيوب,20,12,"الإصحاح العشرون
أيوب,20,13,"الإصحاح العشرون
أيوب,20,14,"الإصحاح العشرون
أيوب,20,15,"الإصحاح العشرون
أيوب,20,16,"الإصحاح العشرون
أيوب,20,17,"الإصحاح العشرون
أيوب,20,18,"الإصحاح العشرون
أيوب,20,19,"الإصحاح العشرون
أيوب,20,20,"الإصحاح العشرون
أيوب,20,21,"الإصحاح العشرون
أيوب,20,22,"الإصحاح العشرون
أيوب,20,23,"الإصحاح العشرون
أيوب,20,24,"الإصحاح العشرون
أيوب,20,25,"الإصحاح العشرون
أيوب,20,26,"الإصحاح العشرون
أيوب,20,27,"الإصحاح العشرون
أيوب,20,28,"الإصحاح العشرون
أيوب,20,29,"الإصحاح العشرون
أيوب,20,30,"الإصحاح العشرون
أيوب,20,31,"الإصحاح العشرون
أيوب,20,32,"الإصحاح العشرون
أيوب,20,33,"الإصحاح العشرون
أيوب,20,34,"الإصحاح العشرون
أيوب,20,35,"الإصحاح العشرون
أيوب,20,36,"الإصحاح العشرون
أيوب,20,37,"الإصحاح العشرون
أيوب,20,38,"الإصحاح العشرون
أيوب,20,39,"الإصحاح العشرون
أيوب,20,40,"الإصحاح العشرون
أيوب,20,41,"الإصحاح العشرون
أيوب,20,42,"الإصحاح العشرون
أيوب,20,43,"الإصحاح العشرون
أيوب,20,44,"الإصحاح العشرون
أيوب,20,45,"الإصحاح العشرون
أيوب,20,46,"الإصحاح العشرون
أيوب,20,47,"الإصحاح العشرون
أيوب,20,48,"الإصحاح العشرون
أيوب,20,49,"الإصحاح العشرون
أيوب,20,50,"الإصحاح العشرون
أيوب,20,51,"الإصحاح العشرون
أيوب,20,52,"الإصحاح العشرون
أيوب,20,53,"الإصحاح العشرون
أيوب,20,54,"الإصحاح العشرون
أيوب,20,55,"الإصحاح العشرون
أيوب,20,56,"الإصحاح العشرون
أيوب,20,57,"الإصحاح العشرون
أيوب,20,58,"الإصحاح العشرون
أيوب,20,59,"الإصحاح العشرون
أيوب,20,60,"الإصحاح العشرون
أيوب,20,61,"الإصحاح العشرون
أيوب,20,62,"الإصحاح العشرون
أيوب,20,63,"الإصحاح العشرون
أيوب,20,64,"الإصحاح العشرون
أيوب,20,65,"الإصحاح العشرون
أيوب,20,66,"الإصحاح العشرون
أيوب,20,67,"الإصحاح العشرون
أيوب,20,68,"الإصحاح العشرون
أيوب,20,69,"الإصحاح العشرون
أيوب,20,70,"الإصحاح العشرون
أيوب,20,71,"الإصحاح العشرون
أيوب,20,72,"الإصحاح العشرون
أيوب,20,73,"الإصحاح العشرون
أيوب,20,74,"الإصحاح العشرون
أيوب,20,75,"الإصحاح العشرون
أيوب,20,76,"الإصحاح العشرون
أيوب,20,77,"الإصحاح العشرون
أيوب,20,78,"الإصحاح العشرون
أيوب,20,79,"الإصحاح العشرون
أيوب,20,80,"الإصحاح العشرون
أيوب,20,81,"الإصحاح العشرون
أيوب,20,82,"الإصحاح العشرون
أيوب,20,83,"الإصحاح العشرون
أيوب,20,84,"الإصحاح العشرون
أيوب,20,85,"الإصحاح العشرون
أيوب,20,86,"الإصحاح العشرون
أيوب,20,87,"الإصحاح العشرون
أيوب,20,88,"الإصحاح العشرون
أيوب,20,89,"الإصحاح العشرون
أيوب,20,90,"الإصحاح العشرون
أيوب,20,91,"الإصحاح العشرون
أيوب,20,92,"الإصحاح العشرون
أيوب,20,93,"الإصحاح العشرون
أيوب,20,94,"الإصحاح العشرون
أيوب,20,95,"الإصحاح العشرون
أيوب,20,96,"الإصحاح العشرون
أيوب,20,97,"الإصحاح العشرون
أيوب,20,98,"الإصحاح العشرون
أيوب,20,99,"الإصحاح العشرون
أيوب,21,1,"الإصحاح الحادي والعشرون
أيوب,21,2,"الإصحاح الحادي والعشرون
أيوب,21,3,"الإصحاح الحادي والعشرون
أيوب,21,4,"الإصحاح الحادي والعشرون
أيوب,21,5,"الإصحاح الحادي والعشرون
أيوب,21,6,"الإصحاح الحادي والعشرون
أيوب,21,7,"الإصحاح الحادي والعشرون
أيوب,21,8,"الإصحاح الحادي والعشرون
أيوب,21,9,"الإصحاح الحادي والعشرون
أيوب,21,10,"الإصحاح الحادي والعشرون
أيوب,21,11,"الإصحاح الحادي والعشرون
أيوب,21,12,"الإصحاح الحادي والعشرون
أيوب,21,13,"الإصحاح الحادي والعشرون
أيوب,21,14,"الإصحاح الحادي والعشرون
أيوب,21,15,"الإصحاح الحادي والعشرون
أيوب,21,16,"الإصحاح الحادي والعشرون
أيوب,21,17,"الإصحاح الحادي والعشرون
أيوب,21,18,"الإصحاح الحادي والعشرون
أيوب,21,19,"الإصحاح الحادي والعشرون
أيوب,21,20,"الإصحاح الحادي والعشرون
أيوب,21,21,"الإصحاح الحادي والعشرون
أيوب,21,22,"الإصحاح الحادي والعشرون
أيوب,21,23,"الإصحاح الحادي والعشرون
أيوب,21,24,"الإصحاح الحادي والعشرون
أيوب,21,25,"الإصحاح الحادي والعشرون
أيوب,21,26,"الإصحاح الحادي والعشرون
أيوب,21,27,"الإصحاح الحادي والعشرون
أيوب,21,28,"الإصحاح الحادي والعشرون
أيوب,21,29,"الإصحاح الحادي والعشرون
أيوب,21,30,"الإصحاح الحادي والعشرون
أيوب,21,31,"الإصحاح الحادي والعشرون
أيوب,21,32,"الإصحاح الحادي والعشرون
أيوب,21,33,"الإصحاح الحادي والعشرون
أيوب,21,34,"الإصحاح الحادي والعشرون
أيوب,21,35,"الإصحاح الحادي والعشرون
أيوب,21,36,"الإصحاح الحادي والعشرون
أيوب,21,37,"الإصحاح الحادي والعشرون
أيوب,21,38,"الإصحاح الحادي والعشرون
أيوب,21,39,"الإصحاح الحادي والعشرون
أيوب,21,40,"الإصحاح الحادي والعشرون
أيوب,21,41,"الإصحاح الحادي والعشرون
أيوب,21,42,"الإصحاح الحادي والعشرون
أيوب,21,43,"الإصحاح الحادي والعشرون
أيوب,21,44,"الإصحاح الحادي والعشرون
أيوب,21,45,"الإصحاح الحادي والعشرون
أيوب,21,46,"الإصحاح الحادي والعشرون
أيوب,21,47,"الإصحاح الحادي والعشرون
أيوب,21,48,"الإصحاح الحادي والعشرون
أيوب,21,49,"الإصحاح الحادي والعشرون
أيوب,21,50,"الإصحاح الحادي والعشرون
أيوب,21,51,"الإصحاح الحادي والعشرون
أيوب,21,52,"الإصحاح الحادي والعشرون
أيوب,21,53,"الإصحاح الحادي والعشرون
أيوب,21,54,"الإصحاح الحادي والعشرون
أيوب,21,55,"الإصحاح الحادي والعشرون
أيوب,21,56,"الإصحاح الحادي والعشرون
أيوب,21,57,"الإصحاح الحادي والعشرون
أيوب,21,58,"الإصحاح الحادي والعشرون
أيوب,21,59,"الإصحاح الحادي والعشرون
أيوب,21,60,"الإصحاح الحادي والعشرون
أيوب,21,61,"الإصحاح الحادي والعشرون
أيوب,21,62,"الإصحاح الحادي والعشرون
أيوب,21,63,"الإصحاح الحادي والعشرون
أيوب,21,64,"الإصحاح الحادي والعشرون
أيوب,21,65,"الإصحاح الحادي والعشرون
أيوب,21,66,"الإصحاح الحادي والعشرون
أيوب,21,67,"الإصحاح الحادي والعشرون
أيوب,21,68,"الإصحاح الحادي والعشرون
أيوب,21,69,"الإصحاح الحادي والعشرون
أيوب,21,70,"الإصحاح الحادي والعشرون
أيوب,21,71,"الإصحاح الحادي والعشرون
أيوب,21,72,"الإصحاح الحادي والعشرون
أيوب,21,73,"الإصحاح الحادي والعشرون
أيوب,21,74,"الإصحاح الحادي والعشرون
أيوب,21,75,"الإصحاح الحادي والعشرون
أيوب,21,76,"الإصحاح الحادي والعشرون
أيوب,21,77,"الإصحاح الحادي والعشرون
أيوب,21,78,"الإصحاح الحادي والعشرون
أيوب,21,79,"الإصحاح الحادي والعشرون
أيوب,21,80,"الإصحاح الحادي والعشرون
أيوب,21,81,"الإصحاح الحادي والعشرون
أيوب,21,82,"الإصحاح الحادي والعشرون
أيوب,21,83,"الإصحاح الحادي والعشرون
أيوب,21,84,"الإصحاح الحادي والعشرون
أيوب,21,85,"الإصحاح الحادي والعشرون
أيوب,21,86,"الإصحاح الحادي والعشرون
أيوب,21,87,"الإصحاح الحادي والعشرون
أيوب,21,88,"الإصحاح الحادي والعشرون
أيوب,21,89,"الإصحاح الحادي والعشرون
أيوب,21,90,"الإصحاح الحادي والعشرون
أيوب,21,91,"الإصحاح الحادي والعشرون
أيوب,21,92,"الإصحاح الحادي والعشرون
أيوب,21,93,"الإصحاح الحادي والعشرون
أيوب,21,94,"الإصحاح الحادي والعشرون
أيوب,21,95,"الإصحاح الحادي والعشرون
أيوب,21,96,"الإصحاح الحادي والعشرون
أيوب,21,97,"الإصحاح الحادي والعشرون
أيوب,21,98,"الإصحاح الحادي والعشرون
أيوب,21,99,"الإصحاح الحادي والعشرون
أيوب,22,1,"الإصحاح الثاني والعشرون
أيوب,22,2,"الإصحاح الثاني والعشرون
أيوب,22,3,"الإصحاح الثاني والعشرون
أيوب,22,4,"الإصحاح الثاني والعشرون
أيوب,22,5,"الإصحاح الثاني والعشرون
أيوب,22,6,"الإصحاح الثاني والعشرون
أيوب,22,7,"الإصحاح الثاني والعشرون
أيوب,22,8,"الإصحاح الثاني والعشرون
أيوب,22,9,"الإصحاح الثاني والعشرون
أيوب,22,10,"الإصحاح الثاني والعشرون
أيوب,22,11,"الإصحاح الثاني والعشرون
أيوب,22,12,"الإصحاح الثاني والعشرون
أيوب,22,13,"الإصحاح الثاني والعشرون
أيوب,22,14,"الإصحاح الثاني والعشرون
أيوب,22,15,"الإصحاح الثاني والعشرون
أيوب,22,16,"الإصحاح الثاني والعشرون
أيوب,22,17,"الإصحاح الثاني والعشرون
أيوب,22,18,"الإصحاح الثاني والعشرون
أيوب,22,19,"الإصحاح الثاني والعشرون
أيوب,22,20,"الإصحاح الثاني والعشرون
أيوب,22,21,"الإصحاح الثاني والعشرون
أيوب,22,22,"الإصحاح الثاني والعشرون
أيوب,22,23,"الإصحاح الثاني والعشرون
أيوب,22,24,"الإصحاح الثاني والعشرون
أيوب,22,25,"الإصحاح الثاني والعشرون
أيوب,22,26,"الإصحاح الثاني والعشرون
أيوب,22,27,"الإصحاح الثاني والعشرون
أيوب,22,28,"الإصحاح الثاني والعشرون
أيوب,22,29,"الإصحاح الثاني والعشرون
أيوب,22,30,"الإصحاح الثاني والعشرون
أيوب,22,31,"الإصحاح الثاني والعشرون
أيوب,22,32,"الإصحاح الثاني والعشرون
أيوب,22,33,"الإصحاح الثاني والعشرون
أيوب,22,34,"الإصحاح الثاني والعشرون
أيوب,22,35,"الإصحاح الثاني والعشرون
أيوب,22,36,"الإصحاح الثاني والعشرون
أيوب,22,37,"الإصحاح الثاني والعشرون
أيوب,22,38,"الإصحاح الثاني والعشرون
أيوب,22,39,"الإصحاح الثاني والعشرون
أيوب,22,40,"الإصحاح الثاني والعشرون
أيوب,22,41,"الإصحاح الثاني والعشرون
أيوب,22,42,"الإصحاح الثاني والعشرون
أيوب,22,43,"الإصحاح الثاني والعشرون
أيوب,22,44,"الإصحاح الثاني والعشرون
أيوب,22,45,"الإصحاح الثاني والعشرون
أيوب,22,46,"الإصحاح الثاني والعشرون
أيوب,22,47,"الإصحاح الثاني والعشرون
أيوب,22,48,"الإصحاح الثاني والعشرون
أيوب,22,49,"الإصحاح الثاني والعشرون
أيوب,22,50,"الإصحاح الثاني والعشرون
أيوب,22,51,"الإصحاح الثاني والعشرون
أيوب,22,52,"الإصحاح الثاني والعشرون
أيوب,22,53,"الإصحاح الثاني والعشرون
أيوب,22,54,"الإصحاح الثاني والعشرون
أيوب,22,55,"الإصحاح الثاني والعشرون
أيوب,22,56,"الإصحاح الثاني والعشرون
أيوب,22,57,"الإصحاح الثاني والعشرون
أيوب,22,58,"الإصحاح الثاني والعشرون
أيوب,22,59,"الإصحاح الثاني والعشرون
أيوب,22,60,"الإصحاح الثاني والعشرون
أيوب,22,61,"الإصحاح الثاني والعشرون
أيوب,22,62,"الإصحاح الثاني والعشرون
أيوب,22,63,"الإصحاح الثاني والعشرون
أيوب,22,64,"الإصحاح الثاني والعشرون
أيوب,22,65,"الإصحاح الثاني والعشرون
أيوب,22,66,"الإصحاح الثاني والعشرون
أيوب,22,67,"الإصحاح الثاني والعشرون
أيوب,22,68,"الإصحاح الثاني والعشرون
أيوب,22,69,"الإصحاح الثاني والعشرون
أيوب,22,70,"الإصحاح الثاني والعشرون
أيوب,22,71,"الإصحاح الثاني والعشرون
أيوب,22,72,"الإصحاح الثاني والعشرون
أيوب,22,73,"الإصحاح الثاني والعشرون
أيوب,22,74,"الإصحاح الثاني والعشرون
أيوب,22,75,"الإصحاح الثاني والعشرون
أيوب,22,76,"الإصحاح الثاني والعشرون
أيوب,22,77,"الإصحاح الثاني والعشرون
أيوب,22,78,"الإصحاح الثاني والعشرون
أيوب,22,79,"الإصحاح الثاني والعشرون
أيوب,22,80,"الإصحاح الثاني والعشرون
أيوب,22,81,"الإصحاح الثاني والعشرون
أيوب,22,82,"الإصحاح الثاني والعشرون
أيوب,22,83,"الإصحاح الثاني والعشرون
أيوب,22,84,"الإصحاح الثاني والعشرون
أيوب,22,85,"الإصحاح الثاني والعشرون
أيوب,22,86,"الإصحاح الثاني والعشرون
أيوب,22,87,"الإصحاح الثاني والعشرون
أيوب,22,88,"الإصحاح الثاني والعشرون
أيوب,22,89,"الإصحاح الثاني والعشرون
أيوب,22,90,"الإصحاح الثاني والعشرون
أيوب,22,91,"الإصحاح الثاني والعشرون
أيوب,22,92,"الإصحاح الثاني والعشرون
أيوب,22,93,"الإصحاح الثاني والعشرون
أيوب,22,94,"الإصحاح الثاني والعشرون
أيوب,22,95,"الإصحاح الثاني والعشرون
أيوب,22,96,"الإصحاح الثاني والعشرون
أيوب,22,97,"الإصحاح الثاني والعشرون
أيوب,22,98,"الإصحاح الثاني والعشرون
أيوب,22,99,"الإصحاح الثاني والعشرون
أيوب,23,1,"الإصحاح الثالث والعشرون
أيوب,23,2,"الإصحاح الثالث والعشرون
أيوب,23,3,"الإصحاح الثالث والعشرون
أيوب,23,4,"الإصحاح الثالث والعشرون
أيوب,23,5,"الإصحاح الثالث والعشرون
أيوب,23,6,"الإصحاح الثالث والعشرون
أيوب,23,7,"الإصحاح الثالث والعشرون
أيوب,23,8,"الإصحاح الثالث والعشرون
أيوب,23,9,"الإصحاح الثالث والعشرون
أيوب,23,10,"الإصحاح الثالث والعشرون
أيوب,23,11,"الإصحاح الثالث والعشرون
أيوب,23,12,"الإصحاح الثالث والعشرون
أيوب,23,13,"الإصحاح الثالث والعشرون
أيوب,23,14,"الإصحاح الثالث والعشرون
أيوب,23,15,"الإصحاح الثالث والعشرون
أيوب,23,16,"الإصحاح الثالث والعشرون
أيوب,23,17,"الإصحاح الثالث والعشرون
أيوب,23,18,"الإصحاح الثالث والعشرون
أيوب,23,19,"الإصحاح الثالث والعشرون
أيوب,23,20,"الإصحاح الثالث والعشرون
أيوب,23,21,"الإصحاح الثالث والعشرون
أيوب,23,22,"الإصحاح الثالث والعشرون
أيوب,23,23,"الإصحاح الثالث والعشرون
أيوب,23,24,"الإصحاح الثالث والعشرون
أيوب,23,25,"الإصحاح الثالث والعشرون
أيوب,23,26,"الإصحاح الثالث والعشرون
أيوب,23,27,"الإصحاح الثالث والعشرون
أيوب,23,28,"الإصحاح الثالث والعشرون
أيوب,23,29,"الإصحاح الثالث والعشرون
أيوب,23,30,"الإصحاح الثالث والعشرون
أيوب,23,31,"الإصحاح الثالث والعشرون
أيوب,23,32,"الإصحاح الثالث والعشرون
أيوب,23,33,"الإصحاح الثالث والعشرون
أيوب,23,34,"الإصحاح الثالث والعشرون
أيوب,23,35,"الإصحاح الثالث والعشرون
أيوب,23,36,"الإصحاح الثالث والعشرون
أيوب,23,37,"الإصحاح الثالث والعشرون
أيوب,23,38,"الإصحاح الثالث والعشرون
أيوب,23,39,"الإصحاح الثالث والعشرون
أيوب,23,40,"الإصحاح الثالث والعشرون
أيوب,23,41,"الإصحاح الثالث والعشرون
أيوب,23,42,"الإصحاح الثالث والعشرون
أيوب,23,43,"الإصحاح الثالث والعشرون
أيوب,23,44,"الإصحاح الثالث والعشرون
أيوب,23,45,"الإصحاح الثالث والعشرون
أيوب,23,46,"الإصحاح الثالث والعشرون
أيوب,23,47,"الإصحاح الثالث والعشرون
أيوب,23,48,"الإصحاح الثالث والعشرون
أيوب,23,49,"الإصحاح الثالث والعشرون
أيوب,23,50,"الإصحاح الثالث والعشرون
أيوب,23,51,"الإصحاح الثالث والعشرون
أيوب,23,52,"الإصحاح الثالث والعشرون
أيوب,23,53,"الإصحاح الثالث والعشرون
أيوب,23,54,"الإصحاح الثالث والعشرون
أيوب,23,55,"الإصحاح الثالث والعشرون
أيوب,23,56,"الإصحاح الثالث والعشرون
أيوب,23,57,"الإصحاح الثالث والعشرون
أيوب,23,58,"الإصحاح الثالث والعشرون
أيوب,23,59,"الإصحاح الثالث والعشرون
أيوب,23,60,"الإصحاح الثالث والعشرون
أيوب,23,61,"الإصحاح الثالث والعشرون
أيوب,23,62,"الإصحاح الثالث والعشرون
أيوب,23,63,"الإصحاح الثالث والعشرون
أيوب,23,64,"الإصحاح الثالث والعشرون
أيوب,23,65,"الإصحاح الثالث والعشرون
أيوب,23,66,"الإصحاح الثالث والعشرون
أيوب,23,67,"الإصحاح الثالث والعشرون
أيوب,23,68,"الإصحاح الثالث والعشرون
أيوب,23,69,"الإصحاح الثالث والعشرون
أيوب,23,70,"الإصحاح الثالث والعشرون
أيوب,23,71,"الإصحاح الثالث والعشرون
أيوب,23,72,"الإصحاح الثالث والعشرون
أيوب,23,73,"الإصحاح الثالث والعشرون
أيوب,23,74,"الإصحاح الثالث والعشرون
أيوب,23,75,"الإصحاح الثالث والعشرون
أيوب,23,76,"الإصحاح الثالث والعشرون
أيوب,23,77,"الإصحاح الثالث والعشرون
أيوب,23,78,"الإصحاح الثالث والعشرون
أيوب,23,79,"الإصحاح الثالث والعشرون
أيوب,23,80,"الإصحاح الثالث والعشرون
أيوب,23,81,"الإصحاح الثالث والعشرون
أيوب,23,82,"الإصحاح الثالث والعشرون
أيوب,23,83,"الإصحاح الثالث والعشرون
أيوب,23,84,"الإصحاح الثالث والعشرون
أيوب,23,85,"الإصحاح الثالث والعشرون
أيوب,23,86,"الإصحاح الثالث والعشرون
أيوب,23,87,"الإصحاح الثالث والعشرون
أيوب,23,88,"الإصحاح الثالث والعشرون
أيوب,23,89,"الإصحاح الثالث والعشرون
أيوب,23,90,"الإصحاح الثالث والعشرون
أيوب,23,91,"الإصحاح الثالث والعشرون
أيوب,23,92,"الإصحاح الثالث والعشرون
أيوب,23,93,"الإصحاح الثالث والعشرون
أيوب,23,94,"الإصحاح الثالث والعشرون
أيوب,23,95,"الإصحاح الثالث والعشرون
أيوب,23,96,"الإصحاح الثالث والعشرون
أيوب,23,97,"الإصحاح الثالث والعشرون
أيوب,23,98,"الإصحاح الثالث والعشرون
أيوب,23,99,"الإصحاح الثالث والعشرون
أيوب,24,1,"الإصحاح الرابع والعشرون
أيوب,24,2,"الإصحاح الرابع والعشرون
أيوب,24,3,"الإصحاح الرابع والعشرون
أيوب,24,4,"الإصحاح الرابع والعشرون
أيوب,24,5,"الإصحاح الرابع والعشرون
أيوب,24,6,"الإصحاح الرابع والعشرون
أيوب,24,7,"الإصحاح الرابع والعشرون
أيوب,24,8,"الإصحاح الرابع والعشرون
أيوب,24,9,"الإصحاح الرابع والعشرون
أيوب,24,10,"الإصحاح الرابع والعشرون
أيوب,24,11,"الإصحاح الرابع والعشرون
أيوب,24,12,"الإصحاح الرابع والعشرون
أيوب,24,13,"الإصحاح الرابع والعشرون
أيوب,24,14,"الإصحاح الرابع والعشرون
أيوب,24,15,"الإصحاح الرابع والعشرون
أيوب,24,16,"الإصحاح الرابع والعشرون
أيوب,24,17,"الإصحاح الرابع والعشرون
أيوب,24,18,"الإصحاح الرابع والعشرون
أيوب,24,19,"الإصحاح الرابع والعشرون
أيوب,24,20,"الإصحاح الرابع والعشرون
أيوب,24,21,"الإصحاح الرابع والعشرون
أيوب,24,22,"الإصحاح الرابع والعشرون
أيوب,24,23,"الإصحاح الرابع والعشرون
أيوب,24,24,"الإصحاح الرابع والعشرون
أيوب,24,25,"الإصحاح الرابع والعشرون
أيوب,24,26,"الإصحاح الرابع والعشرون
أيوب,24,27,"الإصحاح الرابع والعشرون
أيوب,24,28,"الإصحاح الرابع والعشرون
أيوب,24,29,"الإصحاح الرابع والعشرون
أيوب,24,30,"الإصحاح الرابع والعشرون
أيوب,24,31,"الإصحاح الرابع والعشرون
أيوب,24,32,"الإصحاح الرابع والعشرون
أيوب,24,33,"الإصحاح الرابع والعشرون
أيوب,24,34,"الإصحاح الرابع والعشرون
أيوب,24,35,"الإصحاح الرابع والعشرون
أيوب,24,36,"الإصحاح الرابع والعشرون
أيوب,24,37,"الإصحاح الرابع والعشرون
أيوب,24,38,"الإصحاح الرابع والعشرون
أيوب,24,39,"الإصحاح الرابع والعشرون
أيوب,24,40,"الإصحاح الرابع والعشرون
أيوب,24,41,"الإصحاح الرابع والعشرون
أيوب,24,42,"الإصحاح الرابع والعشرون
أيوب,24,43,"الإصحاح الرابع والعشرون
أيوب,24,44,"الإصحاح الرابع والعشرون
أيوب,24,45,"الإصحاح الرابع والعشرون
أيوب,24,46,"الإصحاح الرابع والعشرون
أيوب,24,47,"الإصحاح الرابع والعشرون
أيوب,24,48,"الإصحاح الرابع والعشرون
أيوب,24,49,"الإصحاح الرابع والعشرون
أيوب,24,50,"الإصحاح الرابع والعشرون
أيوب,24,51,"الإصحاح الرابع والعشرون
أيوب,24,52,"الإصحاح الرابع والعشرون
أيوب,24,53,"الإصحاح الرابع والعشرون
أيوب,24,54,"الإصحاح الرابع والعشرون
أيوب,24,55,"الإصحاح الرابع والعشرون
أيوب,24,56,"الإصحاح الرابع والعشرون
أيوب,24,57,"الإصحاح الرابع والعشرون
أيوب,24,58,"الإصحاح الرابع والعشرون
أيوب,24,59,"الإصحاح الرابع والعشرون
أيوب,24,60,"الإصحاح الرابع والعشرون
أيوب,24,61,"الإصحاح الرابع والعشرون
أيوب,24,62,"الإصحاح الرابع والعشرون
أيوب,24,63,"الإصحاح الرابع والعشرون
أيوب,24,64,"الإصحاح الرابع والعشرون
أيوب,24,65,"الإصحاح الرابع والعشرون
أيوب,24,66,"الإصحاح الرابع والعشرون
أيوب,24,67,"الإصحاح الرابع والعشرون
أيوب,24,68,"الإصحاح الرابع والعشرون
أيوب,24,69,"الإصحاح الرابع والعشرون
أيوب,24,70,"الإصحاح الرابع والعشرون
أيوب,24,71,"الإصحاح الرابع والعشرون
أيوب,24,72,"الإصحاح الرابع والعشرون
أيوب,24,73,"الإصحاح الرابع والعشرون
أيوب,24,74,"الإصحاح الرابع والعشرون
أيوب,24,75,"الإصحاح الرابع والعشرون
أيوب,24,76,"الإصحاح الرابع والعشرون
أيوب,24,77,"الإصحاح الرابع والعشرون
أيوب,24,78,"الإصحاح الرابع والعشرون
أيوب,24,79,"الإصحاح الرابع والعشرون
أيوب,24,80,"الإصحاح الرابع والعشرون
أيوب,24,81,"الإصحاح الرابع والعشرون
أيوب,24,82,"الإصحاح الرابع والعشرون
أيوب,24,83,"الإصحاح الرابع والعشرون
أيوب,24,84,"الإصحاح الرابع والعشرون
أيوب,24,85,"الإصحاح الرابع والعشرون
أيوب,24,86,"الإصحاح الرابع والعشرون
أيوب,24,87,"الإصحاح الرابع والعشرون
أيوب,24,88,"الإصحاح الرابع والعشرون
أيوب,24,89,"الإصحاح الرابع والعشرون
أيوب,24,90,"الإصحاح الرابع والعشرون
أيوب,24,91,"الإصحاح الرابع والعشرون
أيوب,24,92,"الإصحاح الرابع والعشرون
أيوب,24,93,"الإصحاح الرابع والعشرون
أيوب,24,94,"الإصحاح الرابع والعشرون
أيوب,24,95,"الإصحاح الرابع والعشرون
أيوب,24,96,"الإصحاح الرابع والعشرون
أيوب,24,97,"الإصحاح الرابع والعشرون
أيوب,24,98,"الإصحاح الرابع والعشرون
أيوب,24,99,"الإصحاح الرابع والعشرون
أيوب,25,1,"الإصحاح الخامس والعشرون
أيوب,25,2,"الإصحاح الخامس والعشرون
أيوب,25,3,"الإصحاح الخامس والعشرون
أيوب,25,4,"الإصحاح الخامس والعشرون
أيوب,25,5,"الإصحاح الخامس والعشرون
أيوب,25,6,"الإصحاح الخامس والعشرون
أيوب,25,7,"الإصحاح الخامس والعشرون
أيوب,25,8,"الإصحاح الخامس والعشرون
أيوب,25,9,"الإصحاح الخامس والعشرون
أيوب,25,10,"الإصحاح الخامس والعشرون
أيوب,25,11,"الإصحاح الخامس والعشرون
أيوب,25,12,"الإصحاح الخامس والعشرون
أيوب,25,13,"الإصحاح الخامس والعشرون
أيوب,25,14,"الإصحاح الخامس والعشرون
أيوب,25,15,"الإصحاح الخامس والعشرون
أيوب,25,16,"الإصحاح الخامس والعشرون
أيوب,25,17,"الإصحاح الخامس والعشرون
أيوب,25,18,"الإصحاح الخامس والعشرون
أيوب,25,19,"الإصحاح الخامس والعشرون
أيوب,25,20,"الإصحاح الخامس والعشرون
أيوب,25,21,"الإصحاح الخامس والعشرون
أيوب,25,22,"الإصحاح الخامس والعشرون
أيوب,25,23,"الإصحاح الخامس والعشرون
أيوب,25,24,"الإصحاح الخامس والعشرون
أيوب,25,25,"الإصحاح الخامس والعشرون
أيوب,25,26,"الإصحاح الخامس والعشرون
أيوب,25,27,"الإصحاح الخامس والعشرون
أيوب,25,28,"الإصحاح الخامس والعشرون
أيوب,25,29,"الإصحاح الخامس والعشرون
أيوب,25,30,"الإصحاح الخامس والعشرون
أيوب,25,31,"الإصحاح الخامس والعشرون
أيوب,25,32,"الإصحاح الخامس والعشرون
أيوب,25,33,"الإصحاح الخامس والعشرون
أيوب,25,34,"الإصحاح الخامس والعشرون
أيوب,25,35,"الإصحاح الخامس والعشرون
أيوب,25,36,"الإصحاح الخامس والعشرون
أيوب,25,37,"الإصحاح الخامس والعشرون
أيوب,25,38,"الإصحاح الخامس والعشرون
أيوب,25,39,"الإصحاح الخامس والعشرون
أيوب,25,40,"الإصحاح الخامس والعشرون
أيوب,25,41,"الإصحاح الخامس والعشرون
أيوب,25,42,"الإصحاح الخامس والعشرون
أيوب,25,43,"الإصحاح الخامس والعشرون
أيوب,25,44,"الإصحاح الخامس والعشرون
أيوب,25,45,"الإصحاح الخامس والعشرون
أيوب,25,46,"الإصحاح الخامس والعشرون
أيوب,25,47,"الإصحاح الخامس والعشرون
أيوب,25,48,"الإصحاح الخامس والعشرون
أيوب,25,49,"الإصحاح الخامس والعشرون
أيوب,25,50,"الإصحاح الخامس والعشرون
أيوب,25,51,"الإصحاح الخامس والعشرون
أيوب,25,52,"الإصحاح الخامس والعشرون
أيوب,25,53,"الإصحاح الخامس والعشرون
أيوب,25,54,"الإصحاح الخامس والعشرون
أيوب,25,55,"الإصحاح الخامس والعشرون
أيوب,25,56,"الإصحاح الخامس والعشرون
أيوب,25,57,"الإصحاح الخامس والعشرون
أيوب,25,58,"الإصحاح الخامس والعشرون
أيوب,25,59,"الإصحاح الخامس والعشرون
أيوب,25,60,"الإصحاح الخامس والعشرون
أيوب,25,61,"الإصحاح الخامس والعشرون
أيوب,25,62,"الإصحاح الخامس والعشرون
أيوب,25,63,"الإصحاح الخامس والعشرون
أيوب,25,64,"الإصحاح الخامس والعشرون
أيوب,25,65,"الإصحاح الخامس والعشرون
أيوب,25,66,"الإصحاح الخامس والعشرون
أيوب,25,67,"الإصحاح الخامس والعشرون
أيوب,25,68,"الإصحاح الخامس والعشرون
أيوب,25,69,"الإصحاح الخامس والعشرون
أيوب,25,70,"الإصحاح الخامس والعشرون
أيوب,25,71,"الإصحاح الخامس والعشرون
أيوب,25,72,"الإصحاح الخامس والعشرون
أيوب,25,73,"الإصحاح الخامس والعشرون
أيوب,25,74,"الإصحاح الخامس والعشرون
أيوب,25,75,"الإصحاح الخامس والعشرون
أيوب,25,76,"الإصحاح الخامس والعشرون
أيوب,25,77,"الإصحاح الخامس والعشرون
أيوب,25,78,"الإصحاح الخامس والعشرون
أيوب,25,79,"الإصحاح الخامس والعشرون
أيوب,25,80,"الإصحاح الخامس والعشرون
أيوب,25,81,"الإصحاح الخامس والعشرون
أيوب,25,82,"الإصحاح الخامس والعشرون
أيوب,25,83,"الإصحاح الخامس والعشرون
أيوب,25,84,"الإصحاح الخامس والعشرون
أيوب,25,85,"الإصحاح الخامس والعشرون
أيوب,25,86,"الإصحاح الخامس والعشرون
أيوب,25,87,"الإصحاح الخامس والعشرون
أيوب,25,88,"الإصحاح الخامس والعشرون
أيوب,25,89,"الإصحاح الخامس والعشرون
أيوب,25,90,"الإصحاح الخامس والعشرون
أيوب,25,91,"الإصحاح الخامس والعشرون
أيوب,25,92,"الإصحاح الخامس والعشرون
أيوب,25,93,"الإصحاح الخامس والعشرون
أيوب,25,94,"الإصحاح الخامس والعشرون
أيوب,25,95,"الإصحاح الخامس والعشرون
أيوب,25,96,"الإصحاح الخامس والعشرون
أيوب,25,97,"الإصحاح الخامس والعشرون
أيوب,25,98,"الإصحاح الخامس والعشرون
أيوب,25,99,"الإصحاح الخامس والعشرون
أيوب,26,1,"الإصحاح السادس والعشرون
أيوب,26,2,"الإصحاح السادس والعشرون
أيوب,26,3,"الإصحاح السادس والعشرون
أيوب,26,4,"الإصحاح السادس والعشرون
أيوب,26,5,"الإصحاح السادس والعشرون
أيوب,26,6,"الإصحاح السادس والعشرون
أيوب,26,7,"الإصحاح السادس والعشرون
أيوب,26,8,"الإصحاح السادس والعشرون
أيوب,26,9,"الإصحاح السادس والعشرون
أيوب,26,10,"الإصحاح السادس والعشرون
أيوب,26,11,"الإصحاح السادس والعشرون
أيوب,26,12,"الإصحاح السادس والعشرون
أيوب,26,13,"الإصحاح السادس والعشرون
أيوب,26,14,"الإصحاح السادس والعشرون
أيوب,26,15,"الإصحاح السادس والعشرون
أيوب,26,16,"الإصحاح السادس والعشرون
أيوب,26,17,"الإصحاح السادس والعشرون
أيوب,26,18,"الإصحاح السادس والعشرون
أيوب,26,19,"الإصحاح السادس والعشرون
أيوب,26,20,"الإصحاح السادس والعشرون
أيوب,26,21,"الإصحاح السادس والعشرون
أيوب,26,22,"الإصحاح السادس والعشرون
أيوب,26,23,"الإصحاح السادس والعشرون
أيوب,26,24,"الإصحاح السادس والعشرون
أيوب,26,25,"الإصحاح السادس والعشرون
أيوب,26,26,"الإصحاح السادس والعشرون
أيوب,26,27,"الإصحاح السادس والعشرون
أيوب,26,28,"الإصحاح السادس والعشرون
أيوب,26,29,"الإصحاح السادس والعشرون
أيوب,26,30,"الإصحاح السادس والعشرون
أيوب,26,31,"الإصحاح السادس والعشرون
أيوب,26,32,"الإصحاح السادس والعشرون
أيوب,26,33,"الإصحاح السادس والعشرون
أيوب,26,34,"الإصحاح السادس والعشرون
أيوب,26,35,"الإصحاح السادس والعشرون
أيوب,26,36,"الإصحاح السادس والعشرون
أيوب,26,37,"الإصحاح السادس والعشرون
أيوب,26,38,"الإصحاح السادس والعشرون
أيوب,26,39,"الإصحاح السادس والعشرون
أيوب,26,40,"الإصحاح السادس والعشرون
أيوب,26,41,"الإصحاح السادس والعشرون
أيوب,26,42,"الإصحاح السادس والعشرون
أيوب,26,43,"الإصحاح السادس والعشرون
أيوب,26,44,"الإصحاح السادس والعشرون
أيوب,26,45,"الإصحاح السادس والعشرون
أيوب,26,46,"الإصحاح السادس والعشرون
أيوب,26,47,"الإصحاح السادس والعشرون
أيوب,26,48,"الإصحاح السادس والعشرون
أيوب,26,49,"الإصحاح السادس والعشرون
أيوب,26,50,"الإصحاح السادس والعشرون
أيوب,26,51,"الإصحاح السادس والعشرون
أيوب,26,52,"الإصحاح السادس والعشرون
أيوب,26,53,"الإصحاح السادس والعشرون
أيوب,26,54,"الإصحاح السادس والعشرون
أيوب,26,55,"الإصحاح السادس والعشرون
أيوب,26,56,"الإصحاح السادس والعشرون
أيوب,26,57,"الإصحاح السادس والعشرون
أيوب,26,58,"الإصحاح السادس والعشرون
أيوب,26,59,"الإصحاح السادس والعشرون
أيوب,26,60,"الإصحاح السادس والعشرون
أيوب,26,61,"الإصحاح السادس والعشرون
أيوب,26,62,"الإصحاح السادس والعشرون
أيوب,26,63,"الإصحاح السادس والعشرون
أيوب,26,64,"الإصحاح السادس والعشرون
أيوب,26,65,"الإصحاح السادس والعشرون
أيوب,26,66,"الإصحاح السادس والعشرون
أيوب,26,67,"الإصحاح السادس والعشرون
أيوب,26,68,"الإصحاح السادس والعشرون
أيوب,26,69,"الإصحاح السادس والعشرون
أيوب,26,70,"الإصحاح السادس والعشرون
أيوب,26,71,"الإصحاح السادس والعشرون
أيوب,26,72,"الإصحاح السادس والعشرون
أيوب,26,73,"الإصحاح السادس والعشرون
أيوب,26,74,"الإصحاح السادس والعشرون
أيوب,26,75,"الإصحاح السادس والعشرون
أيوب,26,76,"الإصحاح السادس والعشرون
أيوب,26,77,"الإصحاح السادس والعشرون
أيوب,26,78,"الإصحاح السادس والعشرون
أيوب,26,79,"الإصحاح السادس والعشرون
أيوب,26,80,"الإصحاح السادس والعشرون
أيوب,26,81,"الإصحاح السادس والعشرون
أيوب,26,82,"الإصحاح السادس والعشرون
أيوب,26,83,"الإصحاح السادس والعشرون
أيوب,26,84,"الإصحاح السادس والعشرون
أيوب,26,85,"الإصحاح السادس والعشرون
أيوب,26,86,"الإصحاح السادس والعشرون
أيوب,26,87,"الإصحاح السادس والعشرون
أيوب,26,88,"الإصحاح السادس والعشرون
أيوب,26,89,"الإصحاح السادس والعشرون
أيوب,26,90,"الإصحاح السادس والعشرون
أيوب,26,91,"الإصحاح السادس والعشرون
أيوب,26,92,"الإصحاح السادس والعشرون
أيوب,26,93,"الإصحاح السادس والعشرون
أيوب,26,94,"الإصحاح السادس والعشرون
أيوب,26,95,"الإصحاح السادس والعشرون
أيوب,26,96,"الإصحاح السادس والعشرون
أيوب,26,97,"الإصحاح السادس والعشرون
أيوب,26,98,"الإصحاح السادس والعشرون
أيوب,26,99,"الإصحاح السادس والعشرون
أيوب,27,1,"الإصحاح السابع والعشرون
أيوب,27,2,"الإصحاح السابع والعشرون
أيوب,27,3,"الإصحاح السابع والعشرون
أيوب,27,4,"الإصحاح السابع والعشرون
أيوب,27,5,"الإصحاح السابع والعشرون
أيوب,27,6,"الإصحاح السابع والعشرون
أيوب,27,7,"الإصحاح السابع والعشرون
أيوب,27,8,"الإصحاح السابع والعشرون
أيوب,27,9,"الإصحاح السابع والعشرون
أيوب,27,10,"الإصحاح السابع والعشرون
أيوب,27,11,"الإصحاح السابع والعشرون
أيوب,27,12,"الإصحاح السابع والعشرون
أيوب,27,13,"الإصحاح السابع والعشرون
أيوب,27,14,"الإصحاح السابع والعشرون
أيوب,27,15,"الإصحاح السابع والعشرون
أيوب,27,16,"الإصحاح السابع والعشرون
أيوب,27,17,"الإصحاح السابع والعشرون
أيوب,27,18,"الإصحاح السابع والعشرون
أيوب,27,19,"الإصحاح السابع والعشرون
أيوب,27,20,"الإصحاح السابع والعشرون
أيوب,27,21,"الإصحاح السابع والعشرون
أيوب,27,22,"الإصحاح السابع والعشرون
أيوب,27,23,"الإصحاح السابع والعشرون
أيوب,27,24,"الإصحاح السابع والعشرون
أيوب,27,25,"الإصحاح السابع والعشرون
أيوب,27,26,"الإصحاح السابع والعشرون
أيوب,27,27,"الإصحاح السابع والعشرون
أيوب,27,28,"الإصحاح السابع والعشرون
أيوب,27,29,"الإصحاح السابع والعشرون
أيوب,27,30,"الإصحاح السابع والعشرون
أيوب,27,31,"الإصحاح السابع والعشرون
أيوب,27,32,"الإصحاح السابع والعشرون
أيوب,27,33,"الإصحاح السابع والعشرون
أيوب,27,34,"الإصحاح السابع والعشرون
أيوب,27,35,"الإصحاح السابع والعشرون
أيوب,27,36,"الإصحاح السابع والعشرون
أيوب,27,37,"الإصحاح السابع والعشرون
أيوب,27,38,"الإصحاح السابع والعشرون
أيوب,27,39,"الإصحاح السابع والعشرون
أيوب,27,40,"الإصحاح السابع والعشرون
أيوب,27,41,"الإصحاح السابع والعشرون
أيوب,27,42,"الإصحاح السابع والعشرون
أيوب,27,43,"الإصحاح السابع والعشرون
أيوب,27,44,"الإصحاح السابع والعشرون
أيوب,27,45,"الإصحاح السابع والعشرون
أيوب,27,46,"الإصحاح السابع والعشرون
أيوب,27,47,"الإصحاح السابع والعشرون
أيوب,27,48,"الإصحاح السابع والعشرون
أيوب,27,49,"الإصحاح السابع والعشرون
أيوب,27,50,"الإصحاح السابع والعشرون
أيوب,27,51,"الإصحاح السابع والعشرون
أيوب,27,52,"الإصحاح السابع والعشرون
أيوب,27,53,"الإصحاح السابع والعشرون
أيوب,27,54,"الإصحاح السابع والعشرون
أيوب,27,55,"الإصحاح السابع والعشرون
أيوب,27,56,"الإصحاح السابع والعشرون
أيوب,27,57,"الإصحاح السابع والعشرون
أيوب,27,58,"الإصحاح السابع والعشرون
أيوب,27,59,"الإصحاح السابع والعشرون
أيوب,27,60,"الإصحاح السابع والعشرون
أيوب,27,61,"الإصحاح السابع والعشرون
أيوب,27,62,"الإصحاح السابع والعشرون
أيوب,27,63,"الإصحاح السابع والعشرون
أيوب,27,64,"الإصحاح السابع والعشرون
أيوب,27,65,"الإصحاح السابع والعشرون
أيوب,27,66,"الإصحاح السابع والعشرون
أيوب,27,67,"الإصحاح السابع والعشرون
أيوب,27,68,"الإصحاح السابع والعشرون
أيوب,27,69,"الإصحاح السابع والعشرون
أيوب,27,70,"الإصحاح السابع والعشرون
أيوب,27,71,"الإصحاح السابع والعشرون
أيوب,27,72,"الإصحاح السابع والعشرون
أيوب,27,73,"الإصحاح السابع والعشرون
أيوب,27,74,"الإصحاح السابع والعشرون
أيوب,27,75,"الإصحاح السابع والعشرون
أيوب,27,76,"الإصحاح السابع والعشرون
أيوب,27,77,"الإصحاح السابع والعشرون
أيوب,27,78,"الإصحاح السابع والعشرون
أيوب,27,79,"الإصحاح السابع والعشرون
أيوب,27,80,"الإصحاح السابع والعشرون
أيوب,27,81,"الإصحاح السابع والعشرون
أيوب,27,82,"الإصحاح السابع والعشرون
أيوب,27,83,"الإصحاح السابع والعشرون
أيوب,27,84,"الإصحاح السابع والعشرون
أيوب,27,85,"الإصحاح السابع والعشرون
أيوب,27,86,"الإصحاح السابع والعشرون
أيوب,27,87,"الإصحاح السابع والعشرون
أيوب,27,88,"الإصحاح السابع والعشرون
أيوب,27,89,"الإصحاح السابع والعشرون
أيوب,27,90,"الإصحاح السابع والعشرون
أيوب,27,91,"الإصحاح السابع والعشرون
أيوب,27,92,"الإصحاح السابع والعشرون
أيوب,27,93,"الإصحاح السابع والعشرون
أيوب,27,94,"الإصحاح السابع والعشرون
أيوب,27,95,"الإصحاح السابع والعشرون
أيوب,27,96,"الإصحاح السابع والعشرون
أيوب,27,97,"الإصحاح السابع والعشرون
أيوب,27,98,"الإصحاح السابع والعشرون
أيوب,27,99,"الإصحاح السابع والعشرون
أيوب,28,1,"الإصحاح الثامن والعشرون
أيوب,28,2,"الإصحاح الثامن والعشرون
أيوب,28,3,"الإصحاح الثامن والعشرون
أيوب,28,4,"الإصحاح الثامن والعشرون
أيوب,28,5,"الإصحاح الثامن والعشرون
أيوب,28,6,"الإصحاح الثامن والعشرون
أيوب,28,7,"الإصحاح الثامن والعشرون
أيوب,28,8,"الإصحاح الثامن والعشرون
أيوب,28,9,"الإصحاح الثامن والعشرون
أيوب,28,10,"الإصحاح الثامن والعشرون
أيوب,28,11,"الإصحاح الثامن والعشرون
أيوب,28,12,"الإصحاح الثامن والعشرون
أيوب,28,13,"الإصحاح الثامن والعشرون
أيوب,28,14,"الإصحاح الثامن والعشرون
أيوب,28,15,"الإصحاح الثامن والعشرون
أيوب,28,16,"الإصحاح الثامن والعشرون
أيوب,28,17,"الإصحاح الثامن والعشرون
أيوب,28,18,"الإصحاح الثامن والعشرون
أيوب,28,19,"الإصحاح الثامن والعشرون
أيوب,28,20,"الإصحاح الثامن والعشرون
أيوب,28,21,"الإصحاح الثامن والعشرون
أيوب,28,22,"الإصحاح الثامن والعشرون
أيوب,28,23,"الإصحاح الثامن والعشرون
أيوب,28,24,"الإصحاح الثامن والعشرون
أيوب,28,25,"الإصحاح الثامن والعشرون
أيوب,28,26,"الإصحاح الثامن والعشرون
أيوب,28,27,"الإصحاح الثامن والعشرون
أيوب,28,28,"الإصحاح الثامن والعشرون
أيوب,28,29,"الإصحاح الثامن والعشرون
أيوب,28,30,"الإصحاح الثامن والعشرون
أيوب,28,31,"الإصحاح الثامن والعشرون
أيوب,28,32,"الإصحاح الثامن والعشرون
أيوب,28,33,"الإصحاح الثامن والعشرون
أيوب,28,34,"الإصحاح الثامن والعشرون
أيوب,28,35,"الإصحاح الثامن والعشرون
أيوب,28,36,"الإصحاح الثامن والعشرون
أيوب,28,37,"الإصحاح الثامن والعشرون
أيوب,28,38,"الإصحاح الثامن والعشرون
أيوب,28,39,"الإصحاح الثامن والعشرون
أيوب,28,40,"الإصحاح الثامن والعشرون
أيوب,28,41,"الإصحاح الثامن والعشرون
أيوب,28,42,"الإصحاح الثامن والعشرون
أيوب,28,43,"الإصحاح الثامن والعشرون
أيوب,28,44,"الإصحاح الثامن والعشرون
أيوب,28,45,"الإصحاح الثامن والعشرون
أيوب,28,46,"الإصحاح الثامن والعشرون
أيوب,28,47,"الإصحاح الثامن والعشرون
أيوب,28,48,"الإصحاح الثامن والعشرون
أيوب,28,49,"الإصحاح الثامن والعشرون
أيوب,28,50,"الإصحاح الثامن والعشرون
أيوب,28,51,"الإصحاح الثامن والعشرون
أيوب,28,52,"الإصحاح الثامن والعشرون
أيوب,28,53,"الإصحاح الثامن والعشرون
أيوب,28,54,"الإصحاح الثامن والعشرون
أيوب,28,55,"الإصحاح الثامن والعشرون
أيوب,28,56,"الإصحاح الثامن والعشرون
أيوب,28,57,"الإصحاح الثامن والعشرون
أيوب,28,58,"الإصحاح الثامن والعشرون
أيوب,28,59,"الإصحاح الثامن والعشرون
أيوب,28,60,"الإصحاح الثامن والعشرون
أيوب,28,61,"الإصحاح الثامن والعشرون
أيوب,28,62,"الإصحاح الثامن والعشرون
أيوب,28,63,"الإصحاح الثامن والعشرون
أيوب,28,64,"الإصحاح الثامن والعشرون
أيوب,28,65,"الإصحاح الثامن والعشرون
أيوب,28,66,"الإصحاح الثامن والعشرون
أيوب,28,67,"الإصحاح الثامن والعشرون
أيوب,28,68,"الإصحاح الثامن والعشرون
أيوب,28,69,"الإصحاح الثامن والعشرون
أيوب,28,70,"الإصحاح الثامن والعشرون
أيوب,28,71,"الإصحاح الثامن والعشرون
أيوب,28,72,"الإصحاح الثامن والعشرون
أيوب,28,73,"الإصحاح الثامن والعشرون
أيوب,28,74,"الإصحاح الثامن والعشرون
أيوب,28,75,"الإصحاح الثامن والعشرون
أيوب,28,76,"الإصحاح الثامن والعشرون
أيوب,28,77,"الإصحاح الثامن والعشرون
أيوب,28,78,"الإصحاح الثامن والعشرون
أيوب,28,79,"الإصحاح الثامن والعشرون
أيوب,28,80,"الإصحاح الثامن والعشرون
أيوب,28,81,"الإصحاح الثامن والعشرون
أيوب,28,82,"الإصحاح الثامن والعشرون
أيوب,28,83,"الإصحاح الثامن والعشرون
أيوب,28,84,"الإصحاح الثامن والعشرون
أيوب,28,85,"الإصحاح الثامن والعشرون
أيوب,28,86,"الإصحاح الثامن والعشرون
أيوب,28,87,"الإصحاح الثامن والعشرون
أيوب,28,88,"الإصحاح الثامن والعشرون
أيوب,28,89,"الإصحاح الثامن والعشرون
أيوب,28,90,"الإصحاح الثامن والعشرون
أيوب,28,91,"الإصحاح الثامن والعشرون
أيوب,28,92,"الإصحاح الثامن والعشرون
أيوب,28,93,"الإصحاح الثامن والعشرون
أيوب,28,94,"الإصحاح الثامن والعشرون
أيوب,28,95,"الإصحاح الثامن والعشرون
أيوب,28,96,"الإصحاح الثامن والعشرون
أيوب,28,97,"الإصحاح الثامن والعشرون
أيوب,28,98,"الإصحاح الثامن والعشرون
أيوب,28,99,"الإصحاح الثامن والعشرون
أيوب,29,1,"الإصحاح التاسع والعشرون
أيوب,29,2,"الإصحاح التاسع والعشرون
أيوب,29,3,"الإصحاح التاسع والعشرون
أيوب,29,4,"الإصحاح التاسع والعشرون
أيوب,29,5,"الإصحاح التاسع والعشرون
أيوب,29,6,"الإصحاح التاسع والعشرون
أيوب,29,7,"الإصحاح التاسع والعشرون
أيوب,29,8,"الإصحاح التاسع والعشرون
أيوب,29,9,"الإصحاح التاسع والعشرون
أيوب,29,10,"الإصحاح التاسع والعشرون
أيوب,29,11,"الإصحاح التاسع والعشرون
أيوب,29,12,"الإصحاح التاسع والعشرون
أيوب,29,13,"الإصحاح التاسع والعشرون
أيوب,29,14,"الإصحاح التاسع والعشرون
أيوب,29,15,"الإصحاح التاسع والعشرون
أيوب,29,16,"الإصحاح التاسع والعشرون
أيوب,29,17,"الإصحاح التاسع والعشرون
أيوب,29,18,"الإصحاح التاسع والعشرون
أيوب,29,19,"الإصحاح التاسع والعشرون
أيوب,29,20,"الإصحاح التاسع والعشرون
أيوب,29,21,"الإصحاح التاسع والعشرون
أيوب,29,22,"الإصحاح التاسع والعشرون
أيوب,29,23,"الإصحاح التاسع والعشرون
أيوب,29,24,"الإصحاح التاسع والعشرون
أيوب,29,25,"الإصحاح التاسع والعشرون
أيوب,29,26,"الإصحاح التاسع والعشرون
أيوب,29,27,"الإصحاح التاسع والعشرون
أيوب,29,28,"الإصحاح التاسع والعشرون
أيوب,29,29,"الإصحاح التاسع والعشرون
أيوب,29,30,"الإصحاح التاسع والعشرون
أيوب,29,31,"الإصحاح التاسع والعشرون
أيوب,29,32,"الإصحاح التاسع والعشرون
أيوب,29,33,"الإصحاح التاسع والعشرون
أيوب,29,34,"الإصحاح التاسع والعشرون
أيوب,29,35,"الإصحاح التاسع والعشرون
أيوب,29,36,"الإصحاح التاسع والعشرون
أيوب,29,37,"الإصحاح التاسع والعشرون
أيوب,29,38,"الإصحاح التاسع والعشرون
أيوب,29,39,"الإصحاح التاسع والعشرون
أيوب,29,40,"الإصحاح التاسع والعشرون
أيوب,29,41,"الإصحاح التاسع والعشرون
أيوب,29,42,"الإصحاح التاسع والعشرون
أيوب,29,43,"الإصحاح التاسع والعشرون
أيوب,29,44,"الإصحاح التاسع والعشرون
أيوب,29,45,"الإصحاح التاسع والعشرون
أيوب,29,46,"الإصحاح التاسع والعشرون
أيوب,29,47,"الإصحاح التاسع والعشرون
أيوب,29,48,"الإصحاح التاسع والعشرون
أيوب,29,49,"الإصحاح التاسع والعشرون
أيوب,29,50,"الإصحاح التاسع والعشرون
أيوب,29,51,"الإصحاح التاسع والعشرون
أيوب,29,52,"الإصحاح التاسع والعشرون
أيوب,29,53,"الإصحاح التاسع والعشرون
أيوب,29,54,"الإصحاح التاسع والعشرون
أيوب,29,55,"الإصحاح التاسع والعشرون
أيوب,29,56,"الإصحاح التاسع والعشرون
أيوب,29,57,"الإصحاح التاسع والعشرون
أيوب,29,58,"الإصحاح التاسع والعشرون
أيوب,29,59,"الإصحاح التاسع والعشرون
أيوب,29,60,"الإصحاح التاسع والعشرون
أيوب,29,61,"الإصحاح التاسع والعشرون
أيوب,29,62,"الإصحاح التاسع والعشرون
أيوب,29,63,"الإصحاح التاسع والعشرون
أيوب,29,64,"الإصحاح التاسع والعشرون
أيوب,29,65,"الإصحاح التاسع والعشرون
أيوب,29,66,"الإصحاح التاسع والعشرون
أيوب,29,67,"الإصحاح التاسع والعشرون
أيوب,29,68,"الإصحاح التاسع والعشرون
أيوب,29,69,"الإصحاح التاسع والعشرون
أيوب,29,70,"الإصحاح التاسع والعشرون
أيوب,29,71,"الإصحاح التاسع والعشرون
أيوب,29,72,"الإصحاح التاسع والعشرون
أيوب,29,73,"الإصحاح التاسع والعشرون
أيوب,29,74,"الإصحاح التاسع والعشرون
أيوب,29,75,"الإصحاح التاسع والعشرون
أيوب,29,76,"الإصحاح التاسع والعشرون
أيوب,29,77,"الإصحاح التاسع والعشرون
أيوب,29,78,"الإصحاح التاسع والعشرون
أيوب,29,79,"الإصحاح التاسع والعشرون
أيوب,29,80,"الإصحاح التاسع والعشرون
أيوب,29,81,"الإصحاح التاسع والعشرون
أيوب,29,82,"الإصحاح التاسع والعشرون
أيوب,29,83,"الإصحاح التاسع والعشرون
أيوب,29,84,"الإصحاح التاسع والعشرون
أيوب,29,85,"الإصحاح التاسع والعشرون
أيوب,29,86,"الإصحاح التاسع والعشرون
أيوب,29,87,"الإصحاح التاسع والعشرون
أيوب,29,88,"الإصحاح التاسع والعشرون
أيوب,29,89,"الإصحاح التاسع والعشرون
أيوب,29,90,"الإصحاح التاسع والعشرون
أيوب,29,91,"الإصحاح التاسع والعشرون
أيوب,29,92,"الإصحاح التاسع والعشرون
أيوب,29,93,"الإصحاح التاسع والعشرون
أيوب,29,94,"الإصحاح التاسع والعشرون
أيوب,29,95,"الإصحاح التاسع والعشرون
أيوب,29,96,"الإصحاح التاسع والعشرون
أيوب,29,97,"الإصحاح التاسع والعشرون
أيوب,29,98,"الإصحاح التاسع والعشرون
أيوب,29,99,"الإصحاح التاسع والعشرون
أيوب,30,1,"الإصحاح الثلاثون
أيوب,30,2,"الإصحاح الثلاثون
أيوب,30,3,"الإصحاح الثلاثون
أيوب,30,4,"الإصحاح الثلاثون
أيوب,30,5,"الإصحاح الثلاثون
أيوب,30,6,"الإصحاح الثلاثون
أيوب,30,7,"الإصحاح الثلاثون
أيوب,30,8,"الإصحاح الثلاثون
أيوب,30,9,"الإصحاح الثلاثون
أيوب,30,10,"الإصحاح الثلاثون
أيوب,30,11,"الإصحاح الثلاثون
أيوب,30,12,"الإصحاح الثلاثون
أيوب,30,13,"الإصحاح الثلاثون
أيوب,30,14,"الإصحاح الثلاثون
أيوب,30,15,"الإصحاح الثلاثون
أيوب,30,16,"الإصحاح الثلاثون
أيوب,30,17,"الإصحاح الثلاثون
أيوب,30,18,"الإصحاح الثلاثون
أيوب,30,19,"الإصحاح الثلاثون
أيوب,30,20,"الإصحاح الثلاثون
أيوب,30,21,"الإصحاح الثلاثون
أيوب,30,22,"الإصحاح الثلاثون
أيوب,30,23,"الإصحاح الثلاثون
أيوب,30,24,"الإصحاح الثلاثون
أيوب,30,25,"الإصحاح الثلاثون
أيوب,30,26,"الإصحاح الثلاثون
أيوب,30,27,"الإصحاح الثلاثون
أيوب,30,28,"الإصحاح الثلاثون
أيوب,30,29,"الإصحاح الثلاثون
أيوب,30,30,"الإصحاح الثلاثون
أيوب,30,31,"الإصحاح الثلاثون
أيوب,30,32,"الإصحاح الثلاثون
أيوب,30,33,"الإصحاح الثلاثون
أيوب,30,34,"الإصحاح الثلاثون
أيوب,30,35,"الإصحاح الثلاثون
أيوب,30,36,"الإصحاح الثلاثون
أيوب,30,37,"الإصحاح الثلاثون
أيوب,30,38,"الإصحاح الثلاثون
أيوب,30,39,"الإصحاح الثلاثون
أيوب,30,40,"الإصحاح الثلاثون
أيوب,30,41,"الإصحاح الثلاثون
أيوب,30,42,"الإصحاح الثلاثون
أيوب,30,43,"الإصحاح الثلاثون
أيوب,30,44,"الإصحاح الثلاثون
أيوب,30,45,"الإصحاح الثلاثون
أيوب,30,46,"الإصحاح الثلاثون
أيوب,30,47,"الإصحاح الثلاثون
أيوب,30,48,"الإصحاح الثلاثون
أيوب,30,49,"الإصحاح الثلاثون
أيوب,30,50,"الإصحاح الثلاثون
أيوب,30,51,"الإصحاح الثلاثون
أيوب,30,52,"الإصحاح الثلاثون
أيوب,30,53,"الإصحاح الثلاثون
أيوب,30,54,"الإصحاح الثلاثون
أيوب,30,55,"الإصحاح الثلاثون
أيوب,30,56,"الإصحاح الثلاثون
أيوب,30,57,"الإصحاح الثلاثون
أيوب,30,58,"الإصحاح الثلاثون
أيوب,30,59,"الإصحاح الثلاثون
أيوب,30,60,"الإصحاح الثلاثون
أيوب,30,61,"الإصحاح الثلاثون
أيوب,30,62,"الإصحاح الثلاثون
أيوب,30,63,"الإصحاح الثلاثون
أيوب,30,64,"الإصحاح الثلاثون
أيوب,30,65,"الإصحاح الثلاثون
أيوب,30,66,"الإصحاح الثلاثون
أيوب,30,67,"الإصحاح الثلاثون
أيوب,30,68,"الإصحاح الثلاثون
أيوب,30,69,"الإصحاح الثلاثون
أيوب,30,70,"الإصحاح الثلاثون
أيوب,30,71,"الإصحاح الثلاثون
أيوب,30,72,"الإصحاح الثلاثون
أيوب,30,73,"الإصحاح الثلاثون
أيوب,30,74,"الإصحاح الثلاثون
أيوب,30,75,"الإصحاح الثلاثون
أيوب,30,76,"الإصحاح الثلاثون
أيوب,30,77,"الإصحاح الثلاثون
أيوب,30,78,"الإصحاح الثلاثون
أيوب,30,79,"الإصحاح الثلاثون
أيوب,30,80,"الإصحاح الثلاثون
أيوب,30,81,"الإصحاح الثلاثون
أيوب,30,82,"الإصحاح الثلاثون
أيوب,30,83,"الإصحاح الثلاثون
أيوب,30,84,"الإصحاح الثلاثون
أيوب,30,85,"الإصحاح الثلاثون
أيوب,30,86,"الإصحاح الثلاثون
أيوب,30,87,"الإصحاح الثلاثون
أيوب,30,88,"الإصحاح الثلاثون
أيوب,30,89,"الإصحاح الثلاثون
أيوب,30,90,"الإصحاح الثلاثون
أيوب,30,91,"الإصحاح الثلاثون
أيوب,30,92,"الإصحاح الثلاثون
أيوب,30,93,"الإصحاح الثلاثون
أيوب,30,94,"الإصحاح الثلاثون
أيوب,30,95,"الإصحاح الثلاثون
أيوب,30,96,"الإصحاح الثلاثون
أيوب,30,97,"الإصحاح الثلاثون
أيوب,30,98,"الإصحاح الثلاثون
أيوب,30,99,"الإصحاح الثلاثون
أيوب,31,1,"الإصحاح الحادي والثلاثون
أيوب,31,2,"الإصحاح الحادي والثلاثون
أيوب,31,3,"الإصحاح الحادي والثلاثون
أيوب,31,4,"الإصحاح الحادي والثلاثون
أيوب,31,5,"الإصحاح الحادي والثلاثون
أيوب,31,6,"الإصحاح الحادي والثلاثون
أيوب,31,7,"الإصحاح الحادي والثلاثون
أيوب,31,8,"الإصحاح الحادي والثلاثون
أيوب,31,9,"الإصحاح الحادي والثلاثون
أيوب,31,10,"الإصحاح الحادي والثلاثون
أيوب,31,11,"الإصحاح الحادي والثلاثون
أيوب,31,12,"الإصحاح الحادي والثلاثون
أيوب,31,13,"الإصحاح الحادي والثلاثون
أيوب,31,14,"الإصحاح الحادي والثلاثون
أيوب,31,15,"الإصحاح الحادي والثلاثون
أيوب,31,16,"الإصحاح الحادي والثلاثون
أيوب,31,17,"الإصحاح الحادي والثلاثون
أيوب,31,18,"الإصحاح الحادي والثلاثون
أيوب,31,19,"الإصحاح الحادي والثلاثون
أيوب,31,20,"الإصحاح الحادي والثلاثون
أيوب,31,21,"الإصحاح الحادي والثلاثون
أيوب,31,22,"الإصحاح الحادي والثلاثون
أيوب,31,23,"الإصحاح الحادي والثلاثون
أيوب,31,24,"الإصحاح الحادي والثلاثون
أيوب,31,25,"الإصحاح الحادي والثلاثون
أيوب,31,26,"الإصحاح الحادي والثلاثون
أيوب,31,27,"الإصحاح الحادي والثلاثون
أيوب,31,28,"الإصحاح الحادي والثلاثون
أيوب,31,29,"الإصحاح الحادي والثلاثون
أيوب,31,30,"الإصحاح الحادي والثلاثون
أيوب,31,31,"الإصحاح الحادي والثلاثون
أيوب,31,32,"الإصحاح الحادي والثلاثون
أيوب,31,33,"الإصحاح الحادي والثلاثون
أيوب,31,34,"الإصحاح الحادي والثلاثون
أيوب,31,35,"الإصحاح الحادي والثلاثون
أيوب,31,36,"الإصحاح الحادي والثلاثون
أيوب,31,37,"الإصحاح الحادي والثلاثون
أيوب,31,38,"الإصحاح الحادي والثلاثون
أيوب,31,39,"الإصحاح الحادي والثلاثون
أيوب,31,40,"الإصحاح الحادي والثلاثون
أيوب,31,41,"الإصحاح الحادي والثلاثون
أيوب,31,42,"الإصحاح الحادي والثلاثون
أيوب,31,43,"الإصحاح الحادي والثلاثون
أيوب,31,44,"الإصحاح الحادي والثلاثون
أيوب,31,45,"الإصحاح الحادي والثلاثون
أيوب,31,46,"الإصحاح الحادي والثلاثون
أيوب,31,47,"الإصحاح الحادي والثلاثون
أيوب,31,48,"الإصحاح الحادي والثلاثون
أيوب,31,49,"الإصحاح الحادي والثلاثون
أيوب,31,50,"الإصحاح الحادي والثلاثون
أيوب,31,51,"الإصحاح الحادي والثلاثون
أيوب,31,52,"الإصحاح الحادي والثلاثون
أيوب,31,53,"الإصحاح الحادي والثلاثون
أيوب,31,54,"الإصحاح الحادي والثلاثون
أيوب,31,55,"الإصحاح الحادي والثلاثون
أيوب,31,56,"الإصحاح الحادي والثلاثون
أيوب,31,57,"الإصحاح الحادي والثلاثون
أيوب,31,58,"الإصحاح الحادي والثلاثون
أيوب,31,59,"الإصحاح الحادي والثلاثون
أيوب,31,60,"الإصحاح الحادي والثلاثون
أيوب,31,61,"الإصحاح الحادي والثلاثون
أيوب,31,62,"الإصحاح الحادي والثلاثون
أيوب,31,63,"الإصحاح الحادي والثلاثون
أيوب,31,64,"الإصحاح الحادي والثلاثون
أيوب,31,65,"الإصحاح الحادي والثلاثون
أيوب,31,66,"الإصحاح الحادي والثلاثون
أيوب,31,67,"الإصحاح الحادي والثلاثون
أيوب,31,68,"الإصحاح الحادي والثلاثون
أيوب,31,69,"الإصحاح الحادي والثلاثون
أيوب,31,70,"الإصحاح الحادي والثلاثون
أيوب,31,71,"الإصحاح الحادي والثلاثون
أيوب,31,72,"الإصحاح الحادي والثلاثون
أيوب,31,73,"الإصحاح الحادي والثلاثون
أيوب,31,74,"الإصحاح الحادي والثلاثون
أيوب,31,75,"الإصحاح الحادي والثلاثون
أيوب,31,76,"الإصحاح الحادي والثلاثون
أيوب,31,77,"الإصحاح الحادي والثلاثون
أيوب,31,78,"الإصحاح الحادي والثلاثون
أيوب,31,79,"الإصحاح الحادي والثلاثون
أيوب,31,80,"الإصحاح الحادي والثلاثون
أيوب,31,81,"الإصحاح الحادي والثلاثون
أيوب,31,82,"الإصحاح الحادي والثلاثون
أيوب,31,83,"الإصحاح الحادي والثلاثون
أيوب,31,84,"الإصحاح الحادي والثلاثون
أيوب,31,85,"الإصحاح الحادي والثلاثون
أيوب,31,86,"الإصحاح الحادي والثلاثون
أيوب,31,87,"الإصحاح الحادي والثلاثون
أيوب,31,88,"الإصحاح الحادي والثلاثون
أيوب,31,89,"الإصحاح الحادي والثلاثون
أيوب,31,90,"الإصحاح الحادي والثلاثون
أيوب,31,91,"الإصحاح الحادي والثلاثون
أيوب,31,92,"الإصحاح الحادي والثلاثون
أيوب,31,93,"الإصحاح الحادي والثلاثون
أيوب,31,94,"الإصحاح الحادي والثلاثون
أيوب,31,95,"الإصحاح الحادي والثلاثون
أيوب,31,96,"الإصحاح الحادي والثلاثون
أيوب,31,97,"الإصحاح الحادي والثلاثون
أيوب,31,98,"الإصحاح الحادي والثلاثون
أيوب,31,99,"الإصحاح الحادي والثلاثون
أيوب,32,1,"الإصحاح الثاني والثلاثون
أيوب,32,2,"الإصحاح الثاني والثلاثون
أيوب,32,3,"الإصحاح الثاني والثلاثون
أيوب,32,4,"الإصحاح الثاني والثلاثون
أيوب,32,5,"الإصحاح الثاني والثلاثون
أيوب,32,6,"الإصحاح الثاني والثلاثون
أيوب,32,7,"الإصحاح الثاني والثلاثون
أيوب,32,8,"الإصحاح الثاني والثلاثون
أيوب,32,9,"الإصحاح الثاني والثلاثون
أيوب,32,10,"الإصحاح الثاني والثلاثون
أيوب,32,11,"الإصحاح الثاني والثلاثون
أيوب,32,12,"الإصحاح الثاني والثلاثون
أيوب,32,13,"الإصحاح الثاني والثلاثون
أيوب,32,14,"الإصحاح الثاني والثلاثون
أيوب,32,15,"الإصحاح الثاني والثلاثون
أيوب,32,16,"الإصحاح الثاني والثلاثون
أيوب,32,17,"الإصحاح الثاني والثلاثون
أيوب,32,18,"الإصحاح الثاني والثلاثون
أيوب,32,19,"الإصحاح الثاني والثلاثون
أيوب,32,20,"الإصحاح الثاني والثلاثون
أيوب,32,21,"الإصحاح الثاني والثلاثون
أيوب,32,22,"الإصحاح الثاني والثلاثون
أيوب,32,23,"الإصحاح الثاني والثلاثون
أيوب,32,24,"الإصحاح الثاني والثلاثون
أيوب,32,25,"الإصحاح الثاني والثلاثون
أيوب,32,26,"الإصحاح الثاني والثلاثون
أيوب,32,27,"الإصحاح الثاني والثلاثون
أيوب,32,28,"الإصحاح الثاني والثلاثون
أيوب,32,29,"الإصحاح الثاني والثلاثون
أيوب,32,30,"الإصحاح الثاني والثلاثون
أيوب,32,31,"الإصحاح الثاني والثلاثون
أيوب,32,32,"الإصحاح الثاني والثلاثون
أيوب,32,33,"الإصحاح الثاني والثلاثون
أيوب,32,34,"الإصحاح الثاني والثلاثون
أيوب,32,35,"الإصحاح الثاني والثلاثون
أيوب,32,36,"الإصحاح الثاني والثلاثون
أيوب,32,37,"الإصحاح الثاني والثلاثون
أيوب,32,38,"الإصحاح الثاني والثلاثون
أيوب,32,39,"الإصحاح الثاني والثلاثون
أيوب,32,40,"الإصحاح الثاني والثلاثون
أيوب,32,41,"الإصحاح الثاني والثلاثون
أيوب,32,42,"الإصحاح الثاني والثلاثون
أيوب,32,43,"الإصحاح الثاني والثلاثون
أيوب,32,44,"الإصحاح الثاني والثلاثون
أيوب,32,45,"الإصحاح الثاني والثلاثون
أيوب,32,46,"الإصحاح الثاني والثلاثون
أيوب,32,47,"الإصحاح الثاني والثلاثون
أيوب,32,48,"الإصحاح الثاني والثلاثون
أيوب,32,49,"الإصحاح الثاني والثلاثون
أيوب,32,50,"الإصحاح الثاني والثلاثون
أيوب,32,51,"الإصحاح الثاني والثلاثون
أيوب,32,52,"الإصحاح الثاني والثلاثون
أيوب,32,53,"الإصحاح الثاني والثلاثون
أيوب,32,54,"الإصحاح الثاني والثلاثون
أيوب,32,55,"الإصحاح الثاني والثلاثون
أيوب,32,56,"الإصحاح الثاني والثلاثون
أيوب,32,57,"الإصحاح الثاني والثلاثون
أيوب,32,58,"الإصحاح الثاني والثلاثون
أيوب,32,59,"الإصحاح الثاني والثلاثون
أيوب,32,60,"الإصحاح الثاني والثلاثون
أيوب,32,61,"الإصحاح الثاني والثلاثون
أيوب,32,62,"الإصحاح الثاني والثلاثون
أيوب,32,63,"الإصحاح الثاني والثلاثون
أيوب,32,64,"الإصحاح الثاني والثلاثون
أيوب,32,65,"الإصحاح الثاني والثلاثون
أيوب,32,66,"الإصحاح الثاني والثلاثون
أيوب,32,67,"الإصحاح الثاني والثلاثون
أيوب,32,68,"الإصحاح الثاني والثلاثون
أيوب,32,69,"الإصحاح الثاني والثلاثون
أيوب,32,70,"الإصحاح الثاني والثلاثون
أيوب,32,71,"الإصحاح الثاني والثلاثون
أيوب,32,72,"الإصحاح الثاني والثلاثون
أيوب,32,73,"الإصحاح الثاني والثلاثون
أيوب,32,74,"الإصحاح الثاني والثلاثون
أيوب,32,75,"الإصحاح الثاني والثلاثون
أيوب,32,76,"الإصحاح الثاني والثلاثون
أيوب,32,77,"الإصحاح الثاني والثلاثون
أيوب,32,78,"الإصحاح الثاني والثلاثون
أيوب,32,79,"الإصحاح الثاني والثلاثون
أيوب,32,80,"الإصحاح الثاني والثلاثون
أيوب,32,81,"الإصحاح الثاني والثلاثون
أيوب,32,82,"الإصحاح الثاني والثلاثون
أيوب,32,83,"الإصحاح الثاني والثلاثون
أيوب,32,84,"الإصحاح الثاني والثلاثون
أيوب,32,85,"الإصحاح الثاني والثلاثون
أيوب,32,86,"الإصحاح الثاني والثلاثون
أيوب,32,87,"الإصحاح الثاني والثلاثون
أيوب,32,88,"الإصحاح الثاني والثلاثون
أيوب,32,89,"الإصحاح الثاني والثلاثون
أيوب,32,90,"الإصحاح الثاني والثلاثون
أيوب,32,91,"الإصحاح الثاني والثلاثون
أيوب,32,92,"الإصحاح الثاني والثلاثون
أيوب,32,93,"الإصحاح الثاني والثلاثون
أيوب,32,94,"الإصحاح الثاني والثلاثون
أيوب,32,95,"الإصحاح الثاني والثلاثون
أيوب,32,96,"الإصحاح الثاني والثلاثون
أيوب,32,97,"الإصحاح الثاني والثلاثون
أيوب,32,98,"الإصحاح الثاني والثلاثون
أيوب,32,99,"الإصحاح الثاني والثلاثون
أيوب,33,1,"الإصحاح الثالث والثلاثون
أيوب,33,2,"الإصحاح الثالث والثلاثون
أيوب,33,3,"الإصحاح الثالث والثلاثون
أيوب,33,4,"الإصحاح الثالث والثلاثون
أيوب,33,5,"الإصحاح الثالث والثلاثون
أيوب,33,6,"الإصحاح الثالث والثلاثون
أيوب,33,7,"الإصحاح الثالث والثلاثون
أيوب,33,8,"الإصحاح الثالث والثلاثون
أيوب,33,9,"الإصحاح الثالث والثلاثون
أيوب,33,10,"الإصحاح الثالث والثلاثون
أيوب,33,11,"الإصحاح الثالث والثلاثون
أيوب,33,12,"الإصحاح الثالث والثلاثون
أيوب,33,13,"الإصحاح الثالث والثلاثون
أيوب,33,14,"الإصحاح الثالث والثلاثون
أيوب,33,15,"الإصحاح الثالث والثلاثون
أيوب,33,16,"الإصحاح الثالث والثلاثون
أيوب,33,17,"الإصحاح الثالث والثلاثون
أيوب,33,18,"الإصحاح الثالث والثلاثون
أيوب,33,19,"الإصحاح الثالث والثلاثون
أيوب,33,20,"الإصحاح الثالث والثلاثون
أيوب,33,21,"الإصحاح الثالث والثلاثون
أيوب,33,22,"الإصحاح الثالث والثلاثون
أيوب,33,23,"الإصحاح الثالث والثلاثون
أيوب,33,24,"الإصحاح الثالث والثلاثون
أيوب,33,25,"الإصحاح الثالث والثلاثون
أيوب,33,26,"الإصحاح الثالث والثلاثون
أيوب,33,27,"الإصحاح الثالث والثلاثون
أيوب,33,28,"الإصحاح الثالث والثلاثون
أيوب,33,29,"الإصحاح الثالث والثلاثون
أيوب,33,30,"الإصحاح الثالث والثلاثون
أيوب,33,31,"الإصحاح الثالث والثلاثون
أيوب,33,32,"الإصحاح الثالث والثلاثون
أيوب,33,33,"الإصحاح الثالث والثلاثون
أيوب,33,34,"الإصحاح الثالث والثلاثون
أيوب,33,35,"الإصحاح الثالث والثلاثون
أيوب,33,36,"الإصحاح الثالث والثلاثون
أيوب,33,37,"الإصحاح الثالث والثلاثون
أيوب,33,38,"الإصحاح الثالث والثلاثون
أيوب,33,39,"الإصحاح الثالث والثلاثون
أيوب,33,40,"الإصحاح الثالث والثلاثون
أيوب,33,41,"الإصحاح الثالث والثلاثون
أيوب,33,42,"الإصحاح الثالث والثلاثون
أيوب,33,43,"الإصحاح الثالث والثلاثون
أيوب,33,44,"الإصحاح الثالث والثلاثون
أيوب,33,45,"الإصحاح الثالث والثلاثون
أيوب,33,46,"الإصحاح الثالث والثلاثون
أيوب,33,47,"الإصحاح الثالث والثلاثون
أيوب,33,48,"الإصحاح الثالث والثلاثون
أيوب,33,49,"الإصحاح الثالث والثلاثون
أيوب,33,50,"الإصحاح الثالث والثلاثون
أيوب,33,51,"الإصحاح الثالث والثلاثون
أيوب,33,52,"الإصحاح الثالث والثلاثون
أيوب,33,53,"الإصحاح الثالث والثلاثون
أيوب,33,54,"الإصحاح الثالث والثلاثون
أيوب,33,55,"الإصحاح الثالث والثلاثون
أيوب,33,56,"الإصحاح الثالث والثلاثون
أيوب,33,57,"الإصحاح الثالث والثلاثون
أيوب,33,58,"الإصحاح الثالث والثلاثون
أيوب,33,59,"الإصحاح الثالث والثلاثون
أيوب,33,60,"الإصحاح الثالث والثلاثون
أيوب,33,61,"الإصحاح الثالث والثلاثون
أيوب,33,62,"الإصحاح الثالث والثلاثون
أيوب,33,63,"الإصحاح الثالث والثلاثون
أيوب,33,64,"الإصحاح الثالث والثلاثون
أيوب,33,65,"الإصحاح الثالث والثلاثون
أيوب,33,66,"الإصحاح الثالث والثلاثون
أيوب,33,67,"الإصحاح الثالث والثلاثون
أيوب,33,68,"الإصحاح الثالث والثلاثون
أيوب,33,69,"الإصحاح الثالث والثلاثون
أيوب,33,70,"الإصحاح الثالث والثلاثون
أيوب,33,71,"الإصحاح الثالث والثلاثون
أيوب,33,72,"الإصحاح الثالث والثلاثون
أيوب,33,73,"الإصحاح الثالث والثلاثون
أيوب,33,74,"الإصحاح الثالث والثلاثون
أيوب,33,75,"الإصحاح الثالث والثلاثون
أيوب,33,76,"الإصحاح الثالث والثلاثون
أيوب,33,77,"الإصحاح الثالث والثلاثون
أيوب,33,78,"الإصحاح الثالث والثلاثون
أيوب,33,79,"الإصحاح الثالث والثلاثون
أيوب,33,80,"الإصحاح الثالث والثلاثون
أيوب,33,81,"الإصحاح الثالث والثلاثون
أيوب,33,82,"الإصحاح الثالث والثلاثون
أيوب,33,83,"الإصحاح الثالث والثلاثون
أيوب,33,84,"الإصحاح الثالث والثلاثون
أيوب,33,85,"الإصحاح الثالث والثلاثون
أيوب,33,86,"الإصحاح الثالث والثلاثون
أيوب,33,87,"الإصحاح الثالث والثلاثون
أيوب,33,88,"الإصحاح الثالث والثلاثون
أيوب,33,89,"الإصحاح الثالث والثلاثون
أيوب,33,90,"الإصحاح الثالث والثلاثون
أيوب,33,91,"الإصحاح الثالث والثلاثون
أيوب,33,92,"الإصحاح الثالث والثلاثون
أيوب,33,93,"الإصحاح الثالث والثلاثون
أيوب,33,94,"الإصحاح الثالث والثلاثون
أيوب,33,95,"الإصحاح الثالث والثلاثون
أيوب,33,96,"الإصحاح الثالث والثلاثون
أيوب,33,97,"الإصحاح الثالث والثلاثون
أيوب,33,98,"الإصحاح الثالث والثلاثون
أيوب,33,99,"الإصحاح الثالث والثلاثون
أيوب,34,1,"الإصحاح الرابع والثلاثين
أيوب,34,2,"الإصحاح الرابع والثلاثين
أيوب,34,3,"الإصحاح الرابع والثلاثين
أيوب,34,4,"الإصحاح الرابع والثلاثين
أيوب,34,5,"الإصحاح الرابع والثلاثين
أيوب,34,6,"الإصحاح الرابع والثلاثين
أيوب,34,7,"الإصحاح الرابع والثلاثين
أيوب,34,8,"الإصحاح الرابع والثلاثين
أيوب,34,9,"الإصحاح الرابع والثلاثين
أيوب,34,10,"الإصحاح الرابع والثلاثين
أيوب,34,11,"الإصحاح الرابع والثلاثين
أيوب,34,12,"الإصحاح الرابع والثلاثين
أيوب,34,13,"الإصحاح الرابع والثلاثين
أيوب,34,14,"الإصحاح الرابع والثلاثين
أيوب,34,15,"الإصحاح الرابع والثلاثين
أيوب,34,16,"الإصحاح الرابع والثلاثين
أيوب,34,17,"الإصحاح الرابع والثلاثين
أيوب,34,18,"الإصحاح الرابع والثلاثين
أيوب,34,19,"الإصحاح الرابع والثلاثين
أيوب,34,20,"الإصحاح الرابع والثلاثين
أيوب,34,21,"الإصحاح الرابع والثلاثين
أيوب,34,22,"الإصحاح الرابع والثلاثين
أيوب,34,23,"الإصحاح الرابع والثلاثين
أيوب,34,24,"الإصحاح الرابع والثلاثين
أيوب,34,25,"الإصحاح الرابع والثلاثين
أيوب,34,26,"الإصحاح الرابع والثلاثين
أيوب,34,27,"الإصحاح الرابع والثلاثين
أيوب,34,28,"الإصحاح الرابع والثلاثين
أيوب,34,29,"الإصحاح الرابع والثلاثين
أيوب,34,30,"الإصحاح الرابع والثلاثين
أيوب,34,31,"الإصحاح الرابع والثلاثين
أيوب,34,32,"الإصحاح الرابع والثلاثين
أيوب,34,33,"الإصحاح الرابع والثلاثين
أيوب,34,34,"الإصحاح الرابع والثلاثين
أيوب,34,35,"الإصحاح الرابع والثلاثين
أيوب,34,36,"الإصحاح الرابع والثلاثين
أيوب,34,37,"الإصحاح الرابع والثلاثين
أيوب,34,38,"الإصحاح الرابع والثلاثين
أيوب,34,39,"الإصحاح الرابع والثلاثين
أيوب,34,40,"الإصحاح الرابع والثلاثين
أيوب,34,41,"الإصحاح الرابع والثلاثين
أيوب,34,42,"الإصحاح الرابع والثلاثين
أيوب,34,43,"الإصحاح الرابع والثلاثين
أيوب,34,44,"الإصحاح الرابع والثلاثين
أيوب,34,45,"الإصحاح الرابع والثلاثين
أيوب,34,46,"الإصحاح الرابع والثلاثين
أيوب,34,47,"الإصحاح الرابع والثلاثين
أيوب,34,48,"الإصحاح الرابع والثلاثين
أيوب,34,49,"الإصحاح الرابع والثلاثين
أيوب,34,50,"الإصحاح الرابع والثلاثين
أيوب,34,51,"الإصحاح الرابع والثلاثين
أيوب,34,52,"الإصحاح الرابع والثلاثين
أيوب,34,53,"الإصحاح الرابع والثلاثين
أيوب,34,54,"الإصحاح الرابع والثلاثين
أيوب,34,55,"الإصحاح الرابع والثلاثين
أيوب,34,56,"الإصحاح الرابع والثلاثين
أيوب,34,57,"الإصحاح الرابع والثلاثين
أيوب,34,58,"الإصحاح الرابع والثلاثين
أيوب,34,59,"الإصحاح الرابع والثلاثين
أيوب,34,60,"الإصحاح الرابع والثلاثين
أيوب,34,61,"الإصحاح الرابع والثلاثين
أيوب,34,62,"الإصحاح الرابع والثلاثين
أيوب,34,63,"الإصحاح الرابع والثلاثين
أيوب,34,64,"الإصحاح الرابع والثلاثين
أيوب,34,65,"الإصحاح الرابع والثلاثين
أيوب,34,66,"الإصحاح الرابع والثلاثين
أيوب,34,67,"الإصحاح الرابع والثلاثين
أيوب,34,68,"الإصحاح الرابع والثلاثين
أيوب,34,69,"الإصحاح الرابع والثلاثين
أيوب,34,70,"الإصحاح الرابع والثلاثين
أيوب,34,71,"الإصحاح الرابع والثلاثين
أيوب,34,72,"الإصحاح الرابع والثلاثين
أيوب,34,73,"الإصحاح الرابع والثلاثين
أيوب,34,74,"الإصحاح الرابع والثلاثين
أيوب,34,75,"الإصحاح الرابع والثلاثين
أيوب,34,76,"الإصحاح الرابع والثلاثين
أيوب,34,77,"الإصحاح الرابع والثلاثين
أيوب,34,78,"الإصحاح الرابع والثلاثين
أيوب,34,79,"الإصحاح الرابع والثلاثين
أيوب,34,80,"الإصحاح الرابع والثلاثين
أيوب,34,81,"الإصحاح الرابع والثلاثين
أيوب,34,82,"الإصحاح الرابع والثلاثين
أيوب,34,83,"الإصحاح الرابع والثلاثين
أيوب,34,84,"الإصحاح الرابع والثلاثين
أيوب,34,85,"الإصحاح الرابع والثلاثين
أيوب,34,86,"الإصحاح الرابع والثلاثين
أيوب,34,87,"الإصحاح الرابع والثلاثين
أيوب,34,88,"الإصحاح الرابع والثلاثين
أيوب,34,89,"الإصحاح الرابع والثلاثين
أيوب,34,90,"الإصحاح الرابع والثلاثين
أيوب,34,91,"الإصحاح الرابع والثلاثين
أيوب,34,92,"الإصحاح الرابع والثلاثين
أيوب,34,93,"الإصحاح الرابع والثلاثين
أيوب,34,94,"الإصحاح الرابع والثلاثين
أيوب,34,95,"الإصحاح الرابع والثلاثين
أيوب,34,96,"الإصحاح الرابع والثلاثين
أيوب,34,97,"الإصحاح الرابع والثلاثين
أيوب,34,98,"الإصحاح الرابع والثلاثين
أيوب,34,99,"الإصحاح الرابع والثلاثين
أيوب,35,1,"الإصحاح الخامس والثلاثين
أيوب,35,2,"الإصحاح الخامس والثلاثين
أيوب,35,3,"الإصحاح الخامس والثلاثين
أيوب,35,4,"الإصحاح الخامس والثلاثين
أيوب,35,5,"الإصحاح الخامس والثلاثين
أيوب,35,6,"الإصحاح الخامس والثلاثين
أيوب,35,7,"الإصحاح الخامس والثلاثين
أيوب,35,8,"الإصحاح الخامس والثلاثين
أيوب,35,9,"الإصحاح الخامس والثلاثين
أيوب,35,10,"الإصحاح الخامس والثلاثين
أيوب,35,11,"الإصحاح الخامس والثلاثين
أيوب,35,12,"الإصحاح الخامس والثلاثين
أيوب,35,13,"الإصحاح الخامس والثلاثين
أيوب,35,14,"الإصحاح الخامس والثلاثين
أيوب,35,15,"الإصحاح الخامس والثلاثين
أيوب,35,16,"الإصحاح الخامس والثلاثين
أيوب,35,17,"الإصحاح الخامس والثلاثين
أيوب,35,18,"الإصحاح الخامس والثلاثين
أيوب,35,19,"الإصحاح الخامس والثلاثين
أيوب,35,20,"الإصحاح الخامس والثلاثين
أيوب,35,21,"الإصحاح الخامس والثلاثين
أيوب,35,22,"الإصحاح الخامس والثلاثين
أيوب,35,23,"الإصحاح الخامس والثلاثين
أيوب,35,24,"الإصحاح الخامس والثلاثين
أيوب,35,25,"الإصحاح الخامس والثلاثين
أيوب,35,26,"الإصحاح الخامس والثلاثين
أيوب,35,27,"الإصحاح الخامس والثلاثين
أيوب,35,28,"الإصحاح الخامس والثلاثين
أيوب,35,29,"الإصحاح الخامس والثلاثين
أيوب,35,30,"الإصحاح الخامس والثلاثين
أيوب,35,31,"الإصحاح الخامس والثلاثين
أيوب,35,32,"الإصحاح الخامس والثلاثين
أيوب,35,33,"الإصحاح الخامس والثلاثين
أيوب,35,34,"الإصحاح الخامس والثلاثين
أيوب,35,35,"الإصحاح الخامس والثلاثين
أيوب,35,36,"الإصحاح الخامس والثلاثين
أيوب,35,37,"الإصحاح الخامس والثلاثين
أيوب,35,38,"الإصحاح الخامس والثلاثين
أيوب,35,39,"الإصحاح الخامس والثلاثين
أيوب,35,40,"الإصحاح الخامس والثلاثين
أيوب,35,41,"الإصحاح الخامس والثلاثين
أيوب,35,42,"الإصحاح الخامس والثلاثين
أيوب,35,43,"الإصحاح الخامس والثلاثين
أيوب,35,44,"الإصحاح الخامس والثلاثين
أيوب,35,45,"الإصحاح الخامس والثلاثين
أيوب,35,46,"الإصحاح الخامس والثلاثين
أيوب,35,47,"الإصحاح الخامس والثلاثين
أيوب,35,48,"الإصحاح الخامس والثلاثين
أيوب,35,49,"الإصحاح الخامس والثلاثين
أيوب,35,50,"الإصحاح الخامس والثلاثين
أيوب,35,51,"الإصحاح الخامس والثلاثين
أيوب,35,52,"الإصحاح الخامس والثلاثين
أيوب,35,53,"الإصحاح الخامس والثلاثين
أيوب,35,54,"الإصحاح الخامس والثلاثين
أيوب,35,55,"الإصحاح الخامس والثلاثين
أيوب,35,56,"الإصحاح الخامس والثلاثين
أيوب,35,57,"الإصحاح الخامس والثلاثين
أيوب,35,58,"الإصحاح الخامس والثلاثين
أيوب,35,59,"الإصحاح الخامس والثلاثين
أيوب,35,60,"الإصحاح الخامس والثلاثين
أيوب,35,61,"الإصحاح الخامس والثلاثين
أيوب,35,62,"الإصحاح الخامس والثلاثين
أيوب,35,63,"الإصحاح الخامس والثلاثين
أيوب,35,64,"الإصحاح الخامس والثلاثين
أيوب,35,65,"الإصحاح الخامس والثلاثين
أيوب,35,66,"الإصحاح الخامس والثلاثين
أيوب,35,67,"الإصحاح الخامس والثلاثين
أيوب,35,68,"الإصحاح الخامس والثلاثين
أيوب,35,69,"الإصحاح الخامس والثلاثين
أيوب,35,70,"الإصحاح الخامس والثلاثين
أيوب,35,71,"الإصحاح الخامس والثلاثين
أيوب,35,72,"الإصحاح الخامس والثلاثين
أيوب,35,73,"الإصحاح الخامس والثلاثين
أيوب,35,74,"الإصحاح الخامس والثلاثين
أيوب,35,75,"الإصحاح الخامس والثلاثين
أيوب,35,76,"الإصحاح الخامس والثلاثين
أيوب,35,77,"الإصحاح الخامس والثلاثين
أيوب,35,78,"الإصحاح الخامس والثلاثين
أيوب,35,79,"الإصحاح الخامس والثلاثين
أيوب,35,80,"الإصحاح الخامس والثلاثين
أيوب,35,81,"الإصحاح الخامس والثلاثين
أيوب,35,82,"الإصحاح الخامس والثلاثين
أيوب,35,83,"الإصحاح الخامس والثلاثين
أيوب,35,84,"الإصحاح الخامس والثلاثين
أيوب,35,85,"الإصحاح الخامس والثلاثين
أيوب,35,86,"الإصحاح الخامس والثلاثين
أيوب,35,87,"الإصحاح الخامس والثلاثين
أيوب,35,88,"الإصحاح الخامس والثلاثين
أيوب,35,89,"الإصحاح الخامس والثلاثين
أيوب,35,90,"الإصحاح الخامس والثلاثين
أيوب,35,91,"الإصحاح الخامس والثلاثين
أيوب,35,92,"الإصحاح الخامس والثلاثين
أيوب,35,93,"الإصحاح الخامس والثلاثين
أيوب,35,94,"الإصحاح الخامس والثلاثين
أيوب,35,95,"الإصحاح الخامس والثلاثين
أيوب,35,96,"الإصحاح الخامس والثلاثين
أيوب,35,97,"الإصحاح الخامس والثلاثين
أيوب,35,98,"الإصحاح الخامس والثلاثين
أيوب,35,99,"الإصحاح الخامس والثلاثين
أيوب,36,1,"الإصحاح السادس والثلاثين
أيوب,36,2,"الإصحاح السادس والثلاثين
أيوب,36,3,"الإصحاح السادس والثلاثين
أيوب,36,4,"الإصحاح السادس والثلاثين
أيوب,36,5,"الإصحاح السادس والثلاثين
أيوب,36,6,"الإصحاح السادس والثلاثين
أيوب,36,7,"الإصحاح السادس والثلاثين
أيوب,36,8,"الإصحاح السادس والثلاثين
أيوب,36,9,"الإصحاح السادس والثلاثين
أيوب,36,10,"الإصحاح السادس والثلاثين
أيوب,36,11,"الإصحاح السادس والثلاثين
أيوب,36,12,"الإصحاح السادس والثلاثين
أيوب,36,13,"الإصحاح السادس والثلاثين
أيوب,36,14,"الإصحاح السادس والثلاثين
أيوب,36,15,"الإصحاح السادس والثلاثين
أيوب,36,16,"الإصحاح السادس والثلاثين
أيوب,36,17,"الإصحاح السادس والثلاثين
أيوب,36,18,"الإصحاح السادس والثلاثين
أيوب,36,19,"الإصحاح السادس والثلاثين
أيوب,36,20,"الإصحاح السادس والثلاثين
أيوب,36,21,"الإصحاح السادس والثلاثين
أيوب,36,22,"الإصحاح السادس والثلاثين
أيوب,36,23,"الإصحاح السادس والثلاثين
أيوب,36,24,"الإصحاح السادس والثلاثين
أيوب,36,25,"الإصحاح السادس والثلاثين
أيوب,36,26,"الإصحاح السادس والثلاثين
أيوب,36,27,"الإصحاح السادس والثلاثين
أيوب,36,28,"الإصحاح السادس والثلاثين
أيوب,36,29,"الإصحاح السادس والثلاثين
أيوب,36,30,"الإصحاح السادس والثلاثين
أيوب,36,31,"الإصحاح السادس والثلاثين
أيوب,36,32,"الإصحاح السادس والثلاثين
أيوب,36,33,"الإصحاح السادس والثلاثين
أيوب,36,34,"الإصحاح السادس والثلاثين
أيوب,36,35,"الإصحاح السادس والثلاثين
أيوب,36,36,"الإصحاح السادس والثلاثين
أيوب,36,37,"الإصحاح السادس والثلاثين
أيوب,36,38,"الإصحاح السادس والثلاثين
أيوب,36,39,"الإصحاح السادس والثلاثين
أيوب,36,40,"الإصحاح السادس والثلاثين
أيوب,36,41,"الإصحاح السادس والثلاثين
أيوب,36,42,"الإصحاح السادس والثلاثين
أيوب,36,43,"الإصحاح السادس والثلاثين
أيوب,36,44,"الإصحاح السادس والثلاثين
أيوب,36,45,"الإصحاح السادس والثلاثين
أيوب,36,46,"الإصحاح السادس والثلاثين
أيوب,36,47,"الإصحاح السادس والثلاثين
أيوب,36,48,"الإصحاح السادس والثلاثين
أيوب,36,49,"الإصحاح السادس والثلاثين
أيوب,36,50,"الإصحاح السادس والثلاثين
أيوب,36,51,"الإصحاح السادس والثلاثين
أيوب,36,52,"الإصحاح السادس والثلاثين
أيوب,36,53,"الإصحاح السادس والثلاثين
أيوب,36,54,"الإصحاح السادس والثلاثين
أيوب,36,55,"الإصحاح السادس والثلاثين
أيوب,36,56,"الإصحاح السادس والثلاثين
أيوب,36,57,"الإصحاح السادس والثلاثين
أيوب,36,58,"الإصحاح السادس والثلاثين
أيوب,36,59,"الإصحاح السادس والثلاثين
أيوب,36,60,"الإصحاح السادس والثلاثين
أيوب,36,61,"الإصحاح السادس والثلاثين
أيوب,36,62,"الإصحاح السادس والثلاثين
أيوب,36,63,"الإصحاح السادس والثلاثين
أيوب,36,64,"الإصحاح السادس والثلاثين
أيوب,36,65,"الإصحاح السادس والثلاثين
أيوب,36,66,"الإصحاح السادس والثلاثين
أيوب,36,67,"الإصحاح السادس والثلاثين
أيوب,36,68,"الإصحاح السادس والثلاثين
أيوب,36,69,"الإصحاح السادس والثلاثين
أيوب,36,70,"الإصحاح السادس والثلاثين
أيوب,36,71,"الإصحاح السادس والثلاثين
أيوب,36,72,"الإصحاح السادس والثلاثين
أيوب,36,73,"الإصحاح السادس والثلاثين
أيوب,36,74,"الإصحاح السادس والثلاثين
أيوب,36,75,"الإصحاح السادس والثلاثين
أيوب,36,76,"الإصحاح السادس والثلاثين
أيوب,36,77,"الإصحاح السادس والثلاثين
أيوب,36,78,"الإصحاح السادس والثلاثين
أيوب,36,79,"الإصحاح السادس والثلاثين
أيوب,36,80,"الإصحاح السادس والثلاثين
أيوب,36,81,"الإصحاح السادس والثلاثين
أيوب,36,82,"الإصحاح السادس والثلاثين
أيوب,36,83,"الإصحاح السادس والثلاثين
أيوب,36,84,"الإصحاح السادس والثلاثين
أيوب,36,85,"الإصحاح السادس والثلاثين
أيوب,36,86,"الإصحاح السادس والثلاثين
أيوب,36,87,"الإصحاح السادس والثلاثين
أيوب,36,88,"الإصحاح السادس والثلاثين
أيوب,36,89,"الإصحاح السادس والثلاثين
أيوب,36,90,"الإصحاح السادس والثلاثين
أيوب,36,91,"الإصحاح السادس والثلاثين
أيوب,36,92,"الإصحاح السادس والثلاثين
أيوب,36,93,"الإصحاح السادس والثلاثين
أيوب,36,94,"الإصحاح السادس والثلاثين
أيوب,36,95,"الإصحاح السادس والثلاثين
أيوب,36,96,"الإصحاح السادس والثلاثين
أيوب,36,97,"الإصحاح السادس والثلاثين
أيوب,36,98,"الإصحاح السادس والثلاثين
أيوب,36,99,"الإصحاح السادس والثلاثين
أيوب,37,1,"الإصحاح السابع والثلاثين
أيوب,37,2,"الإصحاح السابع والثلاثين
أيوب,37,3,"الإصحاح السابع والثلاثين
أيوب,37,4,"الإصحاح السابع والثلاثين
أيوب,37,5,"الإصحاح السابع والثلاثين
أيوب,37,6,"الإصحاح السابع والثلاثين
أيوب,37,7,"الإصحاح السابع والثلاثين
أيوب,37,8,"الإصحاح السابع والثلاثين
أيوب,37,9,"الإصحاح السابع والثلاثين
أيوب,37,10,"الإصحاح السابع والثلاثين
أيوب,37,11,"الإصحاح السابع والثلاثين
أيوب,37,12,"الإصحاح السابع والثلاثين
أيوب,37,13,"الإصحاح السابع والثلاثين
أيوب,37,14,"الإصحاح السابع والثلاثين
أيوب,37,15,"الإصحاح السابع والثلاثين
أيوب,37,16,"الإصحاح السابع والثلاثين
أيوب,37,17,"الإصحاح السابع والثلاثين
أيوب,37,18,"الإصحاح السابع والثلاثين
أيوب,37,19,"الإصحاح السابع والثلاثين
أيوب,37,20,"الإصحاح السابع والثلاثين
أيوب,37,21,"الإصحاح السابع والثلاثين
أيوب,37,22,"الإصحاح السابع والثلاثين
أيوب,37,23,"الإصحاح السابع والثلاثين
أيوب,37,24,"الإصحاح السابع والثلاثين
أيوب,37,25,"الإصحاح السابع والثلاثين
أيوب,37,26,"الإصحاح السابع والثلاثين
أيوب,37,27,"الإصحاح السابع والثلاثين
أيوب,37,28,"الإصحاح السابع والثلاثين
أيوب,37,29,"الإصحاح السابع والثلاثين
أيوب,37,30,"الإصحاح السابع والثلاثين
أيوب,37,31,"الإصحاح السابع والثلاثين
أيوب,37,32,"الإصحاح السابع والثلاثين
أيوب,37,33,"الإصحاح السابع والثلاثين
أيوب,37,34,"الإصحاح السابع والثلاثين
أيوب,37,35,"الإصحاح السابع والثلاثين
أيوب,37,36,"الإصحاح السابع والثلاثين
أيوب,37,37,"الإصحاح السابع والثلاثين
أيوب,37,38,"الإصحاح السابع والثلاثين
أيوب,37,39,"الإصحاح السابع والثلاثين
أيوب,37,40,"الإصحاح السابع والثلاثين
أيوب,37,41,"الإصحاح السابع والثلاثين
أيوب,37,42,"الإصحاح السابع والثلاثين
أيوب,37,43,"الإصحاح السابع والثلاثين
أيوب,37,44,"الإصحاح السابع والثلاثين
أيوب,37,45,"الإصحاح السابع والثلاثين
أيوب,37,46,"الإصحاح السابع والثلاثين
أيوب,37,47,"الإصحاح السابع والثلاثين
أيوب,37,48,"الإصحاح السابع والثلاثين
أيوب,37,49,"الإصحاح السابع والثلاثين
أيوب,37,50,"الإصحاح السابع والثلاثين
أيوب,37,51,"الإصحاح السابع والثلاثين
أيوب,37,52,"الإصحاح السابع والثلاثين
أيوب,37,53,"الإصحاح السابع والثلاثين
أيوب,37,54,"الإصحاح السابع والثلاثين
أيوب,37,55,"الإصحاح السابع والثلاثين
أيوب,37,56,"الإصحاح السابع والثلاثين
أيوب,37,57,"الإصحاح السابع والثلاثين
أيوب,37,58,"الإصحاح السابع والثلاثين
أيوب,37,59,"الإصحاح السابع والثلاثين
أيوب,37,60,"الإصحاح السابع والثلاثين
أيوب,37,61,"الإصحاح السابع والثلاثين
أيوب,37,62,"الإصحاح السابع والثلاثين
أيوب,37,63,"الإصحاح السابع والثلاثين
أيوب,37,64,"الإصحاح السابع والثلاثين
أيوب,37,65,"الإصحاح السابع والثلاثين
أيوب,37,66,"الإصحاح السابع والثلاثين
أيوب,37,67,"الإصحاح السابع والثلاثين
أيوب,37,68,"الإصحاح السابع والثلاثين
أيوب,37,69,"الإصحاح السابع والثلاثين
أيوب,37,70,"الإصحاح السابع والثلاثين
أيوب,37,71,"الإصحاح السابع والثلاثين
أيوب,37,72,"الإصحاح السابع والثلاثين
أيوب,37,73,"الإصحاح السابع والثلاثين
أيوب,37,74,"الإصحاح السابع والثلاثين
أيوب,37,75,"الإصحاح السابع والثلاثين
أيوب,37,76,"الإصحاح السابع والثلاثين
أيوب,37,77,"الإصحاح السابع والثلاثين
أيوب,37,78,"الإصحاح السابع والثلاثين
أيوب,37,79,"الإصحاح السابع والثلاثين
أيوب,37,80,"الإصحاح السابع والثلاثين
أيوب,37,81,"الإصحاح السابع والثلاثين
أيوب,37,82,"الإصحاح السابع والثلاثين
أيوب,37,83,"الإصحاح السابع والثلاثين
أيوب,37,84,"الإصحاح السابع والثلاثين
أيوب,37,85,"الإصحاح السابع والثلاثين
أيوب,37,86,"الإصحاح السابع والثلاثين
أيوب,37,87,"الإصحاح السابع والثلاثين
أيوب,37,88,"الإصحاح السابع والثلاثين
أيوب,37,89,"الإصحاح السابع والثلاثين
أيوب,37,90,"الإصحاح السابع والثلاثين
أيوب,37,91,"الإصحاح السابع والثلاثين
أيوب,37,92,"الإصحاح السابع والثلاثين
أيوب,37,93,"الإصحاح السابع والثلاثين
أيوب,37,94,"الإصحاح السابع والثلاثين
أيوب,37,95,"الإصحاح السابع والثلاثين
أيوب,37,96,"الإصحاح السابع والثلاثين
أيوب,37,97,"الإصحاح السابع والثلاثين
أيوب,37,98,"الإصحاح السابع والثلاثين
أيوب,37,99,"الإصحاح السابع والثلاثين
أيوب,38,1,"الإصحاح الثامن والثلاثون
أيوب,38,2,"الإصحاح الثامن والثلاثون
أيوب,38,3,"الإصحاح الثامن والثلاثون
أيوب,38,4,"الإصحاح الثامن والثلاثون
أيوب,38,5,"الإصحاح الثامن والثلاثون
أيوب,38,6,"الإصحاح الثامن والثلاثون
أيوب,38,7,"الإصحاح الثامن والثلاثون
أيوب,38,8,"الإصحاح الثامن والثلاثون
أيوب,38,9,"الإصحاح الثامن والثلاثون
أيوب,38,10,"الإصحاح الثامن والثلاثون
أيوب,38,11,"الإصحاح الثامن والثلاثون
أيوب,38,12,"الإصحاح الثامن والثلاثون
أيوب,38,13,"الإصحاح الثامن والثلاثون
أيوب,38,14,"الإصحاح الثامن والثلاثون
أيوب,38,15,"الإصحاح الثامن والثلاثون
أيوب,38,16,"الإصحاح الثامن والثلاثون
أيوب,38,17,"الإصحاح الثامن والثلاثون
أيوب,38,18,"الإصحاح الثامن والثلاثون
أيوب,38,19,"الإصحاح الثامن والثلاثون
أيوب,38,20,"الإصحاح الثامن والثلاثون
أيوب,38,21,"الإصحاح الثامن والثلاثون
أيوب,38,22,"الإصحاح الثامن والثلاثون
أيوب,38,23,"الإصحاح الثامن والثلاثون
أيوب,38,24,"الإصحاح الثامن والثلاثون
أيوب,38,25,"الإصحاح الثامن والثلاثون
أيوب,38,26,"الإصحاح الثامن والثلاثون
أيوب,38,27,"الإصحاح الثامن والثلاثون
أيوب,38,28,"الإصحاح الثامن والثلاثون
أيوب,38,29,"الإصحاح الثامن والثلاثون
أيوب,38,30,"الإصحاح الثامن والثلاثون
أيوب,38,31,"الإصحاح الثامن والثلاثون
أيوب,38,32,"الإصحاح الثامن والثلاثون
أيوب,38,33,"الإصحاح الثامن والثلاثون
أيوب,38,34,"الإصحاح الثامن والثلاثون
أيوب,38,35,"الإصحاح الثامن والثلاثون
أيوب,38,36,"الإصحاح الثامن والثلاثون
أيوب,38,37,"الإصحاح الثامن والثلاثون
أيوب,38,38,"الإصحاح الثامن والثلاثون
أيوب,38,39,"الإصحاح الثامن والثلاثون
أيوب,38,40,"الإصحاح الثامن والثلاثون
أيوب,38,41,"الإصحاح الثامن والثلاثون
أيوب,38,42,"الإصحاح الثامن والثلاثون
أيوب,38,43,"الإصحاح الثامن والثلاثون
أيوب,38,44,"الإصحاح الثامن والثلاثون
أيوب,38,45,"الإصحاح الثامن والثلاثون
أيوب,38,46,"الإصحاح الثامن والثلاثون
أيوب,38,47,"الإصحاح الثامن والثلاثون
أيوب,38,48,"الإصحاح الثامن والثلاثون
أيوب,38,49,"الإصحاح الثامن والثلاثون
أيوب,38,50,"الإصحاح الثامن والثلاثون
أيوب,38,51,"الإصحاح الثامن والثلاثون
أيوب,38,52,"الإصحاح الثامن والثلاثون
أيوب,38,53,"الإصحاح الثامن والثلاثون
أيوب,38,54,"الإصحاح الثامن والثلاثون
أيوب,38,55,"الإصحاح الثامن والثلاثون
أيوب,38,56,"الإصحاح الثامن والثلاثون
أيوب,38,57,"الإصحاح الثامن والثلاثون
أيوب,38,58,"الإصحاح الثامن والثلاثون
أيوب,38,59,"الإصحاح الثامن والثلاثون
أيوب,38,60,"الإصحاح الثامن والثلاثون
أيوب,38,61,"الإصحاح الثامن والثلاثون
أيوب,38,62,"الإصحاح الثامن والثلاثون
أيوب,38,63,"الإصحاح الثامن والثلاثون
أيوب,38,64,"الإصحاح الثامن والثلاثون
أيوب,38,65,"الإصحاح الثامن والثلاثون
أيوب,38,66,"الإصحاح الثامن والثلاثون
أيوب,38,67,"الإصحاح الثامن والثلاثون
أيوب,38,68,"الإصحاح الثامن والثلاثون
أيوب,38,69,"الإصحاح الثامن والثلاثون
أيوب,38,70,"الإصحاح الثامن والثلاثون
أيوب,38,71,"الإصحاح الثامن والثلاثون
أيوب,38,72,"الإصحاح الثامن والثلاثون
أيوب,38,73,"الإصحاح الثامن والثلاثون
أيوب,38,74,"الإصحاح الثامن والثلاثون
أيوب,38,75,"الإصحاح الثامن والثلاثون
أيوب,38,76,"الإصحاح الثامن والثلاثون
أيوب,38,77,"الإصحاح الثامن والثلاثون
أيوب,38,78,"الإصحاح الثامن والثلاثون
أيوب,38,79,"الإصحاح الثامن والثلاثون
أيوب,38,80,"الإصحاح الثامن والثلاثون
أيوب,38,81,"الإصحاح الثامن والثلاثون
أيوب,38,82,"الإصحاح الثامن والثلاثون
أيوب,38,83,"الإصحاح الثامن والثلاثون
أيوب,38,84,"الإصحاح الثامن والثلاثون
أيوب,38,85,"الإصحاح الثامن والثلاثون
أيوب,38,86,"الإصحاح الثامن والثلاثون
أيوب,38,87,"الإصحاح الثامن والثلاثون
أيوب,38,88,"الإصحاح الثامن والثلاثون
أيوب,38,89,"الإصحاح الثامن والثلاثون
أيوب,38,90,"الإصحاح الثامن والثلاثون
أيوب,38,91,"الإصحاح الثامن والثلاثون
أيوب,38,92,"الإصحاح الثامن والثلاثون
أيوب,38,93,"الإصحاح الثامن والثلاثون
أيوب,38,94,"الإصحاح الثامن والثلاثون
أيوب,38,95,"الإصحاح الثامن والثلاثون
أيوب,38,96,"الإصحاح الثامن والثلاثون
أيوب,38,97,"الإصحاح الثامن والثلاثون
أيوب,38,98,"الإصحاح الثامن والثلاثون
أيوب,38,99,"الإصحاح الثامن والثلاثون
أيوب,39,1,"الإصحاح التاسع والثلاثون
أيوب,39,2,"الإصحاح التاسع والثلاثون
أيوب,39,3,"الإصحاح التاسع والثلاثون
أيوب,39,4,"الإصحاح التاسع والثلاثون
أيوب,39,5,"الإصحاح التاسع والثلاثون
أيوب,39,6,"الإصحاح التاسع والثلاثون
أيوب,39,7,"الإصحاح التاسع والثلاثون
أيوب,39,8,"الإصحاح التاسع والثلاثون
أيوب,39,9,"الإصحاح التاسع والثلاثون
أيوب,39,10,"الإصحاح التاسع والثلاثون
أيوب,39,11,"الإصحاح التاسع والثلاثون
أيوب,39,12,"الإصحاح التاسع والثلاثون
أيوب,39,13,"الإصحاح التاسع والثلاثون
أيوب,39,14,"الإصحاح التاسع والثلاثون
أيوب,39,15,"الإصحاح التاسع والثلاثون
أيوب,39,16,"الإصحاح التاسع والثلاثون
أيوب,39,17,"الإصحاح التاسع والثلاثون
أيوب,39,18,"الإصحاح التاسع والثلاثون
أيوب,39,19,"الإصحاح التاسع والثلاثون
أيوب,39,20,"الإصحاح التاسع والثلاثون
أيوب,39,21,"الإصحاح التاسع والثلاثون
أيوب,39,22,"الإصحاح التاسع والثلاثون
أيوب,39,23,"الإصحاح التاسع والثلاثون
أيوب,39,24,"الإصحاح التاسع والثلاثون
أيوب,39,25,"الإصحاح التاسع والثلاثون
أيوب,39,26,"الإصحاح التاسع والثلاثون
أيوب,39,27,"الإصحاح التاسع والثلاثون
أيوب,39,28,"الإصحاح التاسع والثلاثون
أيوب,39,29,"الإصحاح التاسع والثلاثون
أيوب,39,30,"الإصحاح التاسع والثلاثون
أيوب,39,31,"الإصحاح التاسع والثلاثون
أيوب,39,32,"الإصحاح التاسع والثلاثون
أيوب,39,33,"الإصحاح التاسع والثلاثون
أيوب,39,34,"الإصحاح التاسع والثلاثون
أيوب,39,35,"الإصحاح التاسع والثلاثون
أيوب,39,36,"الإصحاح التاسع والثلاثون
أيوب,39,37,"الإصحاح التاسع والثلاثون
أيوب,39,38,"الإصحاح التاسع والثلاثون
أيوب,39,39,"الإصحاح التاسع والثلاثون
أيوب,39,40,"الإصحاح التاسع والثلاثون
أيوب,39,41,"الإصحاح التاسع والثلاثون
أيوب,39,42,"الإصحاح التاسع والثلاثون
أيوب,39,43,"الإصحاح التاسع والثلاثون
أيوب,39,44,"الإصحاح التاسع والثلاثون
أيوب,39,45,"الإصحاح التاسع والثلاثون
أيوب,39,46,"الإصحاح التاسع والثلاثون
أيوب,39,47,"الإصحاح التاسع والثلاثون
أيوب,39,48,"الإصحاح التاسع والثلاثون
أيوب,39,49,"الإصحاح التاسع والثلاثون
أيوب,39,50,"الإصحاح التاسع والثلاثون
أيوب,39,51,"الإصحاح التاسع والثلاثون
أيوب,39,52,"الإصحاح التاسع والثلاثون
أيوب,39,53,"الإصحاح التاسع والثلاثون
أيوب,39,54,"الإصحاح التاسع والثلاثون
أيوب,39,55,"الإصحاح التاسع والثلاثون
أيوب,39,56,"الإصحاح التاسع والثلاثون
أيوب,39,57,"الإصحاح التاسع والثلاثون
أيوب,39,58,"الإصحاح التاسع والثلاثون
أيوب,39,59,"الإصحاح التاسع والثلاثون
أيوب,39,60,"الإصحاح التاسع والثلاثون
أيوب,39,61,"الإصحاح التاسع والثلاثون
أيوب,39,62,"الإصحاح التاسع والثلاثون
أيوب,39,63,"الإصحاح التاسع والثلاثون
أيوب,39,64,"الإصحاح التاسع والثلاثون
أيوب,39,65,"الإصحاح التاسع والثلاثون
أيوب,39,66,"الإصحاح التاسع والثلاثون
أيوب,39,67,"الإصحاح التاسع والثلاثون
أيوب,39,68,"الإصحاح التاسع والثلاثون
أيوب,39,69,"الإصحاح التاسع والثلاثون
أيوب,39,70,"الإصحاح التاسع والثلاثون
أيوب,39,71,"الإصحاح التاسع والثلاثون
أيوب,39,72,"الإصحاح التاسع والثلاثون
أيوب,39,73,"الإصحاح التاسع والثلاثون
أيوب,39,74,"الإصحاح التاسع والثلاثون
أيوب,39,75,"الإصحاح التاسع والثلاثون
أيوب,39,76,"الإصحاح التاسع والثلاثون
أيوب,39,77,"الإصحاح التاسع والثلاثون
أيوب,39,78,"الإصحاح التاسع والثلاثون
أيوب,39,79,"الإصحاح التاسع والثلاثون
أيوب,39,80,"الإصحاح التاسع والثلاثون
أيوب,39,81,"الإصحاح التاسع والثلاثون
أيوب,39,82,"الإصحاح التاسع والثلاثون
أيوب,39,83,"الإصحاح التاسع والثلاثون
أيوب,39,84,"الإصحاح التاسع والثلاثون
أيوب,39,85,"الإصحاح التاسع والثلاثون
أيوب,39,86,"الإصحاح التاسع والثلاثون
أيوب,39,87,"الإصحاح التاسع والثلاثون
أيوب,39,88,"الإصحاح التاسع والثلاثون
أيوب,39,89,"الإصحاح التاسع والثلاثون
أيوب,39,90,"الإصحاح التاسع والثلاثون
أيوب,39,91,"الإصحاح التاسع والثلاثون
أيوب,39,92,"الإصحاح التاسع والثلاثون
أيوب,39,93,"الإصحاح التاسع والثلاثون
أيوب,39,94,"الإصحاح التاسع والثلاثون
أيوب,39,95,"الإصحاح التاسع والثلاثون
أيوب,39,96,"الإصحاح التاسع والثلاثون
أيوب,39,97,"الإصحاح التاسع والثلاثون
أيوب,39,98,"الإصحاح التاسع والثلاثون
أيوب,39,99,"الإصحاح التاسع والثلاثون
أيوب,40,1,"الإصحاح الأربعون
أيوب,40,2,"الإصحاح الأربعون
أيوب,40,3,"الإصحاح الأربعون
أيوب,40,4,"الإصحاح الأربعون
أيوب,40,5,"الإصحاح الأربعون
أيوب,40,6,"الإصحاح الأربعون
أيوب,40,7,"الإصحاح الأربعون
أيوب,40,8,"الإصحاح الأربعون
أيوب,40,9,"الإصحاح الأربعون
أيوب,40,10,"الإصحاح الأربعون
أيوب,40,11,"الإصحاح الأربعون
أيوب,40,12,"الإصحاح الأربعون
أيوب,40,13,"الإصحاح الأربعون
أيوب,40,14,"الإصحاح الأربعون
أيوب,40,15,"الإصحاح الأربعون
أيوب,40,16,"الإصحاح الأربعون
أيوب,40,17,"الإصحاح الأربعون
أيوب,40,18,"الإصحاح الأربعون
أيوب,40,19,"الإصحاح الأربعون
أيوب,40,20,"الإصحاح الأربعون
أيوب,40,21,"الإصحاح الأربعون
أيوب,40,22,"الإصحاح الأربعون
أيوب,40,23,"الإصحاح الأربعون
أيوب,40,24,"الإصحاح الأربعون
أيوب,40,25,"الإصحاح الأربعون
أيوب,40,26,"الإصحاح الأربعون
أيوب,40,27,"الإصحاح الأربعون
أيوب,40,28,"الإصحاح الأربعون
أيوب,40,29,"الإصحاح الأربعون
أيوب,40,30,"الإصحاح الأربعون
أيوب,40,31,"الإصحاح الأربعون
أيوب,40,32,"الإصحاح الأربعون
أيوب,40,33,"الإصحاح الأربعون
أيوب,40,34,"الإصحاح الأربعون
أيوب,40,35,"الإصحاح الأربعون
أيوب,40,36,"الإصحاح الأربعون
أيوب,40,37,"الإصحاح الأربعون
أيوب,40,38,"الإصحاح الأربعون
أيوب,40,39,"الإصحاح الأربعون
أيوب,40,40,"الإصحاح الأربعون
أيوب,40,41,"الإصحاح الأربعون
أيوب,40,42,"الإصحاح الأربعون
أيوب,40,43,"الإصحاح الأربعون
أيوب,40,44,"الإصحاح الأربعون
أيوب,40,45,"الإصحاح الأربعون
أيوب,40,46,"الإصحاح الأربعون
أيوب,40,47,"الإصحاح الأربعون
أيوب,40,48,"الإصحاح الأربعون
أيوب,40,49,"الإصحاح الأربعون
أيوب,40,50,"الإصحاح الأربعون
أيوب,40,51,"الإصحاح الأربعون
أيوب,40,52,"الإصحاح الأربعون
أيوب,40,53,"الإصحاح الأربعون
أيوب,40,54,"الإصحاح الأربعون
أيوب,40,55,"الإصحاح الأربعون
أيوب,40,56,"الإصحاح الأربعون
أيوب,40,57,"الإصحاح الأربعون
أيوب,40,58,"الإصحاح الأربعون
أيوب,40,59,"الإصحاح الأربعون
أيوب,40,60,"الإصحاح الأربعون
أيوب,40,61,"الإصحاح الأربعون
أيوب,40,62,"الإصحاح الأربعون
أيوب,40,63,"الإصحاح الأربعون
أيوب,40,64,"الإصحاح الأربعون
أيوب,40,65,"الإصحاح الأربعون
أيوب,40,66,"الإصحاح الأربعون
أيوب,40,67,"الإصحاح الأربعون
أيوب,40,68,"الإصحاح الأربعون
أيوب,40,69,"الإصحاح الأربعون
أيوب,40,70,"الإصحاح الأربعون
أيوب,40,71,"الإصحاح الأربعون
أيوب,40,72,"الإصحاح الأربعون
أيوب,40,73,"الإصحاح الأربعون
أيوب,40,74,"الإصحاح الأربعون
أيوب,40,75,"الإصحاح الأربعون
أيوب,40,76,"الإصحاح الأربعون
أيوب,40,77,"الإصحاح الأربعون
أيوب,40,78,"الإصحاح الأربعون
أيوب,40,79,"الإصحاح الأربعون
أيوب,40,80,"الإصحاح الأربعون
أيوب,40,81,"الإصحاح الأربعون
أيوب,40,82,"الإصحاح الأربعون
أيوب,40,83,"الإصحاح الأربعون
أيوب,40,84,"الإصحاح الأربعون
أيوب,40,85,"الإصحاح الأربعون
أيوب,40,86,"الإصحاح الأربعون
أيوب,40,87,"الإصحاح الأربعون
أيوب,40,88,"الإصحاح الأربعون
أيوب,40,89,"الإصحاح الأربعون
أيوب,40,90,"الإصحاح الأربعون
أيوب,40,91,"الإصحاح الأربعون
أيوب,40,92,"الإصحاح الأربعون
أيوب,40,93,"الإصحاح الأربعون
أيوب,40,94,"الإصحاح الأربعون
أيوب,40,95,"الإصحاح الأربعون
أيوب,40,96,"الإصحاح الأربعون
أيوب,40,97,"الإصحاح الأربعون
أيوب,40,98,"الإصحاح الأربعون
أيوب,40,99,"الإصحاح الأربعون
أيوب,41,1,"الإصحاح الحادي والأربعون
أيوب,41,2,"الإصحاح الحادي والأربعون
أيوب,41,3,"الإصحاح الحادي والأربعون
أيوب,41,4,"الإصحاح الحادي والأربعون
أيوب,41,5,"الإصحاح الحادي والأربعون
أيوب,41,6,"الإصحاح الحادي والأربعون
أيوب,41,7,"الإصحاح الحادي والأربعون
أيوب,41,8,"الإصحاح الحادي والأربعون
أيوب,41,9,"الإصحاح الحادي والأربعون
أيوب,41,10,"الإصحاح الحادي والأربعون
أيوب,41,11,"الإصحاح الحادي والأربعون
أيوب,41,12,"الإصحاح الحادي والأربعون
أيوب,41,13,"الإصحاح الحادي والأربعون
أيوب,41,14,"الإصحاح الحادي والأربعون
أيوب,41,15,"الإصحاح الحادي والأربعون
أيوب,41,16,"الإصحاح الحادي والأربعون
أيوب,41,17,"الإصحاح الحادي والأربعون
أيوب,41,18,"الإصحاح الحادي والأربعون
أيوب,41,19,"الإصحاح الحادي والأربعون
أيوب,41,20,"الإصحاح الحادي والأربعون
أيوب,41,21,"الإصحاح الحادي والأربعون
أيوب,41,22,"الإصحاح الحادي والأربعون
أيوب,41,23,"الإصحاح الحادي والأربعون
أيوب,41,24,"الإصحاح الحادي والأربعون
أيوب,41,25,"الإصحاح الحادي والأربعون
أيوب,41,26,"الإصحاح الحادي والأربعون
أيوب,41,27,"الإصحاح الحادي والأربعون
أيوب,41,28,"الإصحاح الحادي والأربعون
أيوب,41,29,"الإصحاح الحادي والأربعون
أيوب,41,30,"الإصحاح الحادي والأربعون
أيوب,41,31,"الإصحاح الحادي والأربعون
أيوب,41,32,"الإصحاح الحادي والأربعون
أيوب,41,33,"الإصحاح الحادي والأربعون
أيوب,41,34,"الإصحاح الحادي والأربعون
أيوب,41,35,"الإصحاح الحادي والأربعون
أيوب,41,36,"الإصحاح الحادي والأربعون
أيوب,41,37,"الإصحاح الحادي والأربعون
أيوب,41,38,"الإصحاح الحادي والأربعون
أيوب,41,39,"الإصحاح الحادي والأربعون
أيوب,41,40,"الإصحاح الحادي والأربعون
أيوب,41,41,"الإصحاح الحادي والأربعون
أيوب,41,42,"الإصحاح الحادي والأربعون
أيوب,41,43,"الإصحاح الحادي والأربعون
أيوب,41,44,"الإصحاح الحادي والأربعون
أيوب,41,45,"الإصحاح الحادي والأربعون
أيوب,41,46,"الإصحاح الحادي والأربعون
أيوب,41,47,"الإصحاح الحادي والأربعون
أيوب,41,48,"الإصحاح الحادي والأربعون
أيوب,41,49,"الإصحاح الحادي والأربعون
أيوب,41,50,"الإصحاح الحادي والأربعون
أيوب,41,51,"الإصحاح الحادي والأربعون
أيوب,41,52,"الإصحاح الحادي والأربعون
أيوب,41,53,"الإصحاح الحادي والأربعون
أيوب,41,54,"الإصحاح الحادي والأربعون
أيوب,41,55,"الإصحاح الحادي والأربعون
أيوب,41,56,"الإصحاح الحادي والأربعون
أيوب,41,57,"الإصحاح الحادي والأربعون
أيوب,41,58,"الإصحاح الحادي والأربعون
أيوب,41,59,"الإصحاح الحادي والأربعون
أيوب,41,60,"الإصحاح الحادي والأربعون
أيوب,41,61,"الإصحاح الحادي والأربعون
أيوب,41,62,"الإصحاح الحادي والأربعون
أيوب,41,63,"الإصحاح الحادي والأربعون
أيوب,41,64,"الإصحاح الحادي والأربعون
أيوب,41,65,"الإصحاح الحادي والأربعون
أيوب,41,66,"الإصحاح الحادي والأربعون
أيوب,41,67,"الإصحاح الحادي والأربعون
أيوب,41,68,"الإصحاح الحادي والأربعون
أيوب,41,69,"الإصحاح الحادي والأربعون
أيوب,41,70,"الإصحاح الحادي والأربعون
أيوب,41,71,"الإصحاح الحادي والأربعون
أيوب,41,72,"الإصحاح الحادي والأربعون
أيوب,41,73,"الإصحاح الحادي والأربعون
أيوب,41,74,"الإصحاح الحادي والأربعون
أيوب,41,75,"الإصحاح الحادي والأربعون
أيوب,41,76,"الإصحاح الحادي والأربعون
أيوب,41,77,"الإصحاح الحادي والأربعون
أيوب,41,78,"الإصحاح الحادي والأربعون
أيوب,41,79,"الإصحاح الحادي والأربعون
أيوب,41,80,"الإصحاح الحادي والأربعون
أيوب,41,81,"الإصحاح الحادي والأربعون
أيوب,41,82,"الإصحاح الحادي والأربعون
أيوب,41,83,"الإصحاح الحادي والأربعون
أيوب,41,84,"الإصحاح الحادي والأربعون
أيوب,41,85,"الإصحاح الحادي والأربعون
أيوب,41,86,"الإصحاح الحادي والأربعون
أيوب,41,87,"الإصحاح الحادي والأربعون
أيوب,41,88,"الإصحاح الحادي والأربعون
أيوب,41,89,"الإصحاح الحادي والأربعون
أيوب,41,90,"الإصحاح الحادي والأربعون
أيوب,41,91,"الإصحاح الحادي والأربعون
أيوب,41,92,"الإصحاح الحادي والأربعون
أيوب,41,93,"الإصحاح الحادي والأربعون
أيوب,41,94,"الإصحاح الحادي والأربعون
أيوب,41,95,"الإصحاح الحادي والأربعون
أيوب,41,96,"الإصحاح الحادي والأربعون
أيوب,41,97,"الإصحاح الحادي والأربعون
أيوب,41,98,"الإصحاح الحادي والأربعون
أيوب,41,99,"الإصحاح الحادي والأربعون
أيوب,42,1,"الإصحاح الثاني والأربعون
أيوب,42,2,"الإصحاح الثاني والأربعون
أيوب,42,3,"الإصحاح الثاني والأربعون
أيوب,42,4,"الإصحاح الثاني والأربعون
أيوب,42,5,"الإصحاح الثاني والأربعون
أيوب,42,6,"الإصحاح الثاني والأربعون
أيوب,42,7,"الإصحاح الثاني والأربعون
أيوب,42,8,"الإصحاح الثاني والأربعون
أيوب,42,9,"الإصحاح الثاني والأربعون
أيوب,42,10,"الإصحاح الثاني والأربعون
أيوب,42,11,"الإصحاح الثاني والأربعون
أيوب,42,12,"الإصحاح الثاني والأربعون
أيوب,42,13,"الإصحاح الثاني والأربعون
أيوب,42,14,"الإصحاح الثاني والأربعون
أيوب,42,15,"الإصحاح الثاني والأربعون
أيوب,42,16,"الإصحاح الثاني والأربعون
أيوب,42,17,"الإصحاح الثاني والأربعون
أيوب,42,18,"الإصحاح الثاني والأربعون
أيوب,42,19,"الإصحاح الثاني والأربعون
أيوب,42,20,"الإصحاح الثاني والأربعون
أيوب,42,21,"الإصحاح الثاني والأربعون
أيوب,42,22,"الإصحاح الثاني والأربعون
أيوب,42,23,"الإصحاح الثاني والأربعون
أيوب,42,24,"الإصحاح الثاني والأربعون
أيوب,42,25,"الإصحاح الثاني والأربعون
أيوب,42,26,"الإصحاح الثاني والأربعون
أيوب,42,27,"الإصحاح الثاني والأربعون
أيوب,42,28,"الإصحاح الثاني والأربعون
أيوب,42,29,"الإصحاح الثاني والأربعون
أيوب,42,30,"الإصحاح الثاني والأربعون
أيوب,42,31,"الإصحاح الثاني والأربعون
أيوب,42,32,"الإصحاح الثاني والأربعون
أيوب,42,33,"الإصحاح الثاني والأربعون
أيوب,42,34,"الإصحاح الثاني والأربعون
أيوب,42,35,"الإصحاح الثاني والأربعون
أيوب,42,36,"الإصحاح الثاني والأربعون
أيوب,42,37,"الإصحاح الثاني والأربعون
أيوب,42,38,"الإصحاح الثاني والأربعون
أيوب,42,39,"الإصحاح الثاني والأربعون
أيوب,42,40,"الإصحاح الثاني والأربعون
أيوب,42,41,"الإصحاح الثاني والأربعون
أيوب,42,42,"الإصحاح الثاني والأربعون
أيوب,42,43,"الإصحاح الثاني والأربعون
أيوب,42,44,"الإصحاح الثاني والأربعون
أيوب,42,45,"الإصحاح الثاني والأربعون
أيوب,42,46,"الإصحاح الثاني والأربعون
أيوب,42,47,"الإصحاح الثاني والأربعون
أيوب,42,48,"الإصحاح الثاني والأربعون
أيوب,42,49,"الإصحاح الثاني والأربعون
أيوب,42,50,"الإصحاح الثاني والأربعون
أيوب,42,51,"الإصحاح الثاني والأربعون
أيوب,42,52,"الإصحاح الثاني والأربعون
أيوب,42,53,"الإصحاح الثاني والأربعون
أيوب,42,54,"الإصحاح الثاني والأربعون
أيوب,42,55,"الإصحاح الثاني والأربعون
أيوب,42,56,"الإصحاح الثاني والأربعون
أيوب,42,57,"الإصحاح الثاني والأربعون
أيوب,42,58,"الإصحاح الثاني والأربعون
أيوب,42,59,"الإصحاح الثاني والأربعون
أيوب,42,60,"الإصحاح الثاني والأربعون
أيوب,42,61,"الإصحاح الثاني والأربعون
أيوب,42,62,"الإصحاح الثاني والأربعون
أيوب,42,63,"الإصحاح الثاني والأربعون
أيوب,42,64,"الإصحاح الثاني والأربعون
أيوب,42,65,"الإصحاح الثاني والأربعون
أيوب,42,66,"الإصحاح الثاني والأربعون
أيوب,42,67,"الإصحاح الثاني والأربعون
أيوب,42,68,"الإصحاح الثاني والأربعون
أيوب,42,69,"الإصحاح الثاني والأربعون
أيوب,42,70,"الإصحاح الثاني والأربعون
أيوب,42,71,"الإصحاح الثاني والأربعون
أيوب,42,72,"الإصحاح الثاني والأربعون
أيوب,42,73,"الإصحاح الثاني والأربعون
أيوب,42,74,"الإصحاح الثاني والأربعون
أيوب,42,75,"الإصحاح الثاني والأربعون
أيوب,42,76,"الإصحاح الثاني والأربعون
أيوب,42,77,"الإصحاح الثاني والأربعون
أيوب,42,78,"الإصحاح الثاني والأربعون
أيوب,42,79,"الإصحاح الثاني والأربعون
أيوب,42,80,"الإصحاح الثاني والأربعون
أيوب,42,81,"الإصحاح الثاني والأربعون
أيوب,42,82,"الإصحاح الثاني والأربعون
أيوب,42,83,"الإصحاح الثاني والأربعون
أيوب,42,84,"الإصحاح الثاني والأربعون
أيوب,42,85,"الإصحاح الثاني والأربعون
أيوب,42,86,"الإصحاح الثاني والأربعون
أيوب,42,87,"الإصحاح الثاني والأربعون
أيوب,42,88,"الإصحاح الثاني والأربعون
أيوب,42,89,"الإصحاح الثاني والأربعون
أيوب,42,90,"الإصحاح الثاني والأربعون
أيوب,42,91,"الإصحاح الثاني والأربعون
أيوب,42,92,"الإصحاح الثاني والأربعون
أيوب,42,93,"الإصحاح الثاني والأربعون
أيوب,42,94,"الإصحاح الثاني والأربعون
أيوب,42,95,"الإصحاح الثاني والأربعون
أيوب,42,96,"الإصحاح الثاني والأربعون
أيوب,42,97,"الإصحاح الثاني والأربعون
أيوب,42,98,"الإصحاح الثاني والأربعون
أيوب,42,99,"الإصحاح الثاني والأربعون