book,chapter,verse,tafsir
حزقيال,1,1,"المقدمة
حزقيال,1,2,"الإصحاح الأول
حزقيال,1,3,"الإصحاح الأول
حزقيال,1,4,"الإصحاح الأول
حزقيال,1,5,"الإصحاح الأول
حزقيال,1,6,"الإصحاح الأول
حزقيال,1,7,"الإصحاح الأول
حزقيال,1,8,"الإصحاح الأول
حزقيال,1,9,"الإصحاح الأول
حزقيال,1,10,"الإصحاح الأول
حزقيال,1,11,"الإصحاح الأول
حزقيال,1,12,"الإصحاح الأول
حزقيال,1,13,"الإصحاح الأول
حزقيال,1,14,"الإصحاح الأول
حزقيال,1,15,"الإصحاح الأول
حزقيال,1,16,"الإصحاح الأول
حزقيال,1,17,"الإصحاح الأول
حزقيال,1,18,"الإصحاح الأول
حزقيال,1,19,"الإصحاح الأول
حزقيال,1,20,"الإصحاح الأول
حزقيال,1,21,"الإصحاح الأول
حزقيال,1,22,"الإصحاح الأول
حزقيال,1,23,"الإصحاح الأول
حزقيال,1,24,"الإصحاح الأول
حزقيال,1,25,"الإصحاح الأول
حزقيال,1,26,"الإصحاح الأول
حزقيال,1,27,"الإصحاح الأول
حزقيال,1,28,"الإصحاح الأول
حزقيال,1,29,"الإصحاح الأول
حزقيال,1,30,"الإصحاح الأول
حزقيال,1,31,"الإصحاح الأول
حزقيال,1,32,"الإصحاح الأول
حزقيال,1,33,"الإصحاح الأول
حزقيال,1,34,"الإصحاح الأول
حزقيال,1,35,"الإصحاح الأول
حزقيال,1,36,"الإصحاح الأول
حزقيال,1,37,"الإصحاح الأول
حزقيال,1,38,"الإصحاح الأول
حزقيال,1,39,"الإصحاح الأول
حزقيال,1,40,"الإصحاح الأول
حزقيال,1,41,"الإصحاح الأول
حزقيال,1,42,"الإصحاح الأول
حزقيال,1,43,"الإصحاح الأول
حزقيال,1,44,"الإصحاح الأول
حزقيال,1,45,"الإصحاح الأول
حزقيال,1,46,"الإصحاح الأول
حزقيال,1,47,"الإصحاح الأول
حزقيال,1,48,"الإصحاح الأول
حزقيال,1,49,"الإصحاح الأول
حزقيال,1,50,"الإصحاح الأول
حزقيال,1,51,"الإصحاح الأول
حزقيال,1,52,"الإصحاح الأول
حزقيال,1,53,"الإصحاح الأول
حزقيال,1,54,"الإصحاح الأول
حزقيال,1,55,"الإصحاح الأول
حزقيال,1,56,"الإصحاح الأول
حزقيال,1,57,"الإصحاح الأول
حزقيال,1,58,"الإصحاح الأول
حزقيال,1,59,"الإصحاح الأول
حزقيال,1,60,"الإصحاح الأول
حزقيال,1,61,"الإصحاح الأول
حزقيال,1,62,"الإصحاح الأول
حزقيال,1,63,"الإصحاح الأول
حزقيال,1,64,"الإصحاح الأول
حزقيال,1,65,"الإصحاح الأول
حزقيال,1,66,"الإصحاح الأول
حزقيال,1,67,"الإصحاح الأول
حزقيال,1,68,"الإصحاح الأول
حزقيال,1,69,"الإصحاح الأول
حزقيال,1,70,"الإصحاح الأول
حزقيال,1,71,"الإصحاح الأول
حزقيال,1,72,"الإصحاح الأول
حزقيال,1,73,"الإصحاح الأول
حزقيال,1,74,"الإصحاح الأول
حزقيال,1,75,"الإصحاح الأول
حزقيال,1,76,"الإصحاح الأول
حزقيال,1,77,"الإصحاح الأول
حزقيال,1,78,"الإصحاح الأول
حزقيال,1,79,"الإصحاح الأول
حزقيال,1,80,"الإصحاح الأول
حزقيال,1,81,"الإصحاح الأول
حزقيال,1,82,"الإصحاح الأول
حزقيال,1,83,"الإصحاح الأول
حزقيال,1,84,"الإصحاح الأول
حزقيال,1,85,"الإصحاح الأول
حزقيال,1,86,"الإصحاح الأول
حزقيال,1,87,"الإصحاح الأول
حزقيال,1,88,"الإصحاح الأول
حزقيال,1,89,"الإصحاح الأول
حزقيال,1,90,"الإصحاح الأول
حزقيال,1,91,"الإصحاح الأول
حزقيال,1,92,"الإصحاح الأول
حزقيال,1,93,"الإصحاح الأول
حزقيال,1,94,"الإصحاح الأول
حزقيال,1,95,"الإصحاح الأول
حزقيال,1,96,"الإصحاح الأول
حزقيال,1,97,"الإصحاح الأول
حزقيال,1,98,"الإصحاح الأول
حزقيال,1,99,"الإصحاح الأول
حزقيال,2,1,"الإصحاح الثانى
حزقيال,2,2,"الإصحاح الثانى
حزقيال,2,3,"الإصحاح الثانى
حزقيال,2,4,"الإصحاح الثانى
حزقيال,2,5,"الإصحاح الثانى
حزقيال,2,6,"الإصحاح الثانى
حزقيال,2,7,"الإصحاح الثانى
حزقيال,2,8,"الإصحاح الثانى
حزقيال,2,9,"الإصحاح الثانى
حزقيال,2,10,"الإصحاح الثانى
حزقيال,2,11,"الإصحاح الثانى
حزقيال,2,12,"الإصحاح الثانى
حزقيال,2,13,"الإصحاح الثانى
حزقيال,2,14,"الإصحاح الثانى
حزقيال,2,15,"الإصحاح الثانى
حزقيال,2,16,"الإصحاح الثانى
حزقيال,2,17,"الإصحاح الثانى
حزقيال,2,18,"الإصحاح الثانى
حزقيال,2,19,"الإصحاح الثانى
حزقيال,2,20,"الإصحاح الثانى
حزقيال,2,21,"الإصحاح الثانى
حزقيال,2,22,"الإصحاح الثانى
حزقيال,2,23,"الإصحاح الثانى
حزقيال,2,24,"الإصحاح الثانى
حزقيال,2,25,"الإصحاح الثانى
حزقيال,2,26,"الإصحاح الثانى
حزقيال,2,27,"الإصحاح الثانى
حزقيال,2,28,"الإصحاح الثانى
حزقيال,2,29,"الإصحاح الثانى
حزقيال,2,30,"الإصحاح الثانى
حزقيال,2,31,"الإصحاح الثانى
حزقيال,2,32,"الإصحاح الثانى
حزقيال,2,33,"الإصحاح الثانى
حزقيال,2,34,"الإصحاح الثانى
حزقيال,2,35,"الإصحاح الثانى
حزقيال,2,36,"الإصحاح الثانى
حزقيال,2,37,"الإصحاح الثانى
حزقيال,2,38,"الإصحاح الثانى
حزقيال,2,39,"الإصحاح الثانى
حزقيال,2,40,"الإصحاح الثانى
حزقيال,2,41,"الإصحاح الثانى
حزقيال,2,42,"الإصحاح الثانى
حزقيال,2,43,"الإصحاح الثانى
حزقيال,2,44,"الإصحاح الثانى
حزقيال,2,45,"الإصحاح الثانى
حزقيال,2,46,"الإصحاح الثانى
حزقيال,2,47,"الإصحاح الثانى
حزقيال,2,48,"الإصحاح الثانى
حزقيال,2,49,"الإصحاح الثانى
حزقيال,2,50,"الإصحاح الثانى
حزقيال,2,51,"الإصحاح الثانى
حزقيال,2,52,"الإصحاح الثانى
حزقيال,2,53,"الإصحاح الثانى
حزقيال,2,54,"الإصحاح الثانى
حزقيال,2,55,"الإصحاح الثانى
حزقيال,2,56,"الإصحاح الثانى
حزقيال,2,57,"الإصحاح الثانى
حزقيال,2,58,"الإصحاح الثانى
حزقيال,2,59,"الإصحاح الثانى
حزقيال,2,60,"الإصحاح الثانى
حزقيال,2,61,"الإصحاح الثانى
حزقيال,2,62,"الإصحاح الثانى
حزقيال,2,63,"الإصحاح الثانى
حزقيال,2,64,"الإصحاح الثانى
حزقيال,2,65,"الإصحاح الثانى
حزقيال,2,66,"الإصحاح الثانى
حزقيال,2,67,"الإصحاح الثانى
حزقيال,2,68,"الإصحاح الثانى
حزقيال,2,69,"الإصحاح الثانى
حزقيال,2,70,"الإصحاح الثانى
حزقيال,2,71,"الإصحاح الثانى
حزقيال,2,72,"الإصحاح الثانى
حزقيال,2,73,"الإصحاح الثانى
حزقيال,2,74,"الإصحاح الثانى
حزقيال,2,75,"الإصحاح الثانى
حزقيال,2,76,"الإصحاح الثانى
حزقيال,2,77,"الإصحاح الثانى
حزقيال,2,78,"الإصحاح الثانى
حزقيال,2,79,"الإصحاح الثانى
حزقيال,2,80,"الإصحاح الثانى
حزقيال,2,81,"الإصحاح الثانى
حزقيال,2,82,"الإصحاح الثانى
حزقيال,2,83,"الإصحاح الثانى
حزقيال,2,84,"الإصحاح الثانى
حزقيال,2,85,"الإصحاح الثانى
حزقيال,2,86,"الإصحاح الثانى
حزقيال,2,87,"الإصحاح الثانى
حزقيال,2,88,"الإصحاح الثانى
حزقيال,2,89,"الإصحاح الثانى
حزقيال,2,90,"الإصحاح الثانى
حزقيال,2,91,"الإصحاح الثانى
حزقيال,2,92,"الإصحاح الثانى
حزقيال,2,93,"الإصحاح الثانى
حزقيال,2,94,"الإصحاح الثانى
حزقيال,2,95,"الإصحاح الثانى
حزقيال,2,96,"الإصحاح الثانى
حزقيال,2,97,"الإصحاح الثانى
حزقيال,2,98,"الإصحاح الثانى
حزقيال,2,99,"الإصحاح الثانى
حزقيال,3,1,"الإصحاح الثانى
حزقيال,3,2,"الإصحاح الثانى
حزقيال,3,3,"الإصحاح الثانى
حزقيال,3,4,"الإصحاح الثانى
حزقيال,3,5,"الإصحاح الثانى
حزقيال,3,6,"الإصحاح الثانى
حزقيال,3,7,"الإصحاح الثانى
حزقيال,3,8,"الإصحاح الثانى
حزقيال,3,9,"الإصحاح الثانى
حزقيال,3,10,"الإصحاح الثانى
حزقيال,3,11,"الإصحاح الثانى
حزقيال,3,12,"الإصحاح الثانى
حزقيال,3,13,"الإصحاح الثانى
حزقيال,3,14,"الإصحاح الثانى
حزقيال,3,15,"الإصحاح الثانى
حزقيال,3,16,"الإصحاح الثانى
حزقيال,3,17,"الإصحاح الثانى
حزقيال,3,18,"الإصحاح الثانى
حزقيال,3,19,"الإصحاح الثانى
حزقيال,3,20,"الإصحاح الثانى
حزقيال,3,21,"الإصحاح الثانى
حزقيال,3,22,"الإصحاح الثانى
حزقيال,3,23,"الإصحاح الثانى
حزقيال,3,24,"الإصحاح الثانى
حزقيال,3,25,"الإصحاح الثانى
حزقيال,3,26,"الإصحاح الثانى
حزقيال,3,27,"الإصحاح الثانى
حزقيال,3,28,"الإصحاح الثانى
حزقيال,3,29,"الإصحاح الثانى
حزقيال,3,30,"الإصحاح الثانى
حزقيال,3,31,"الإصحاح الثانى
حزقيال,3,32,"الإصحاح الثانى
حزقيال,3,33,"الإصحاح الثانى
حزقيال,3,34,"الإصحاح الثانى
حزقيال,3,35,"الإصحاح الثانى
حزقيال,3,36,"الإصحاح الثانى
حزقيال,3,37,"الإصحاح الثانى
حزقيال,3,38,"الإصحاح الثانى
حزقيال,3,39,"الإصحاح الثانى
حزقيال,3,40,"الإصحاح الثانى
حزقيال,3,41,"الإصحاح الثانى
حزقيال,3,42,"الإصحاح الثانى
حزقيال,3,43,"الإصحاح الثانى
حزقيال,3,44,"الإصحاح الثانى
حزقيال,3,45,"الإصحاح الثانى
حزقيال,3,46,"الإصحاح الثانى
حزقيال,3,47,"الإصحاح الثانى
حزقيال,3,48,"الإصحاح الثانى
حزقيال,3,49,"الإصحاح الثانى
حزقيال,3,50,"الإصحاح الثانى
حزقيال,3,51,"الإصحاح الثانى
حزقيال,3,52,"الإصحاح الثانى
حزقيال,3,53,"الإصحاح الثانى
حزقيال,3,54,"الإصحاح الثانى
حزقيال,3,55,"الإصحاح الثانى
حزقيال,3,56,"الإصحاح الثانى
حزقيال,3,57,"الإصحاح الثانى
حزقيال,3,58,"الإصحاح الثانى
حزقيال,3,59,"الإصحاح الثانى
حزقيال,3,60,"الإصحاح الثانى
حزقيال,3,61,"الإصحاح الثانى
حزقيال,3,62,"الإصحاح الثانى
حزقيال,3,63,"الإصحاح الثانى
حزقيال,3,64,"الإصحاح الثانى
حزقيال,3,65,"الإصحاح الثانى
حزقيال,3,66,"الإصحاح الثانى
حزقيال,3,67,"الإصحاح الثانى
حزقيال,3,68,"الإصحاح الثانى
حزقيال,3,69,"الإصحاح الثانى
حزقيال,3,70,"الإصحاح الثانى
حزقيال,3,71,"الإصحاح الثانى
حزقيال,3,72,"الإصحاح الثانى
حزقيال,3,73,"الإصحاح الثانى
حزقيال,3,74,"الإصحاح الثانى
حزقيال,3,75,"الإصحاح الثانى
حزقيال,3,76,"الإصحاح الثانى
حزقيال,3,77,"الإصحاح الثانى
حزقيال,3,78,"الإصحاح الثانى
حزقيال,3,79,"الإصحاح الثانى
حزقيال,3,80,"الإصحاح الثانى
حزقيال,3,81,"الإصحاح الثانى
حزقيال,3,82,"الإصحاح الثانى
حزقيال,3,83,"الإصحاح الثانى
حزقيال,3,84,"الإصحاح الثانى
حزقيال,3,85,"الإصحاح الثانى
حزقيال,3,86,"الإصحاح الثانى
حزقيال,3,87,"الإصحاح الثانى
حزقيال,3,88,"الإصحاح الثانى
حزقيال,3,89,"الإصحاح الثانى
حزقيال,3,90,"الإصحاح الثانى
حزقيال,3,91,"الإصحاح الثانى
حزقيال,3,92,"الإصحاح الثانى
حزقيال,3,93,"الإصحاح الثانى
حزقيال,3,94,"الإصحاح الثانى
حزقيال,3,95,"الإصحاح الثانى
حزقيال,3,96,"الإصحاح الثانى
حزقيال,3,97,"الإصحاح الثانى
حزقيال,3,98,"الإصحاح الثانى
حزقيال,3,99,"الإصحاح الثانى
حزقيال,4,1,"الإصحاح الرابع
حزقيال,4,2,"الإصحاح الرابع
حزقيال,4,3,"الإصحاح الرابع
حزقيال,4,4,"الإصحاح الرابع
حزقيال,4,5,"الإصحاح الرابع
حزقيال,4,6,"الإصحاح الرابع
حزقيال,4,7,"الإصحاح الرابع
حزقيال,4,8,"الإصحاح الرابع
حزقيال,4,9,"الإصحاح الرابع
حزقيال,4,10,"الإصحاح الرابع
حزقيال,4,11,"الإصحاح الرابع
حزقيال,4,12,"الإصحاح الرابع
حزقيال,4,13,"الإصحاح الرابع
حزقيال,4,14,"الإصحاح الرابع
حزقيال,4,15,"الإصحاح الرابع
حزقيال,4,16,"الإصحاح الرابع
حزقيال,4,17,"الإصحاح الرابع
حزقيال,4,18,"الإصحاح الرابع
حزقيال,4,19,"الإصحاح الرابع
حزقيال,4,20,"الإصحاح الرابع
حزقيال,4,21,"الإصحاح الرابع
حزقيال,4,22,"الإصحاح الرابع
حزقيال,4,23,"الإصحاح الرابع
حزقيال,4,24,"الإصحاح الرابع
حزقيال,4,25,"الإصحاح الرابع
حزقيال,4,26,"الإصحاح الرابع
حزقيال,4,27,"الإصحاح الرابع
حزقيال,4,28,"الإصحاح الرابع
حزقيال,4,29,"الإصحاح الرابع
حزقيال,4,30,"الإصحاح الرابع
حزقيال,4,31,"الإصحاح الرابع
حزقيال,4,32,"الإصحاح الرابع
حزقيال,4,33,"الإصحاح الرابع
حزقيال,4,34,"الإصحاح الرابع
حزقيال,4,35,"الإصحاح الرابع
حزقيال,4,36,"الإصحاح الرابع
حزقيال,4,37,"الإصحاح الرابع
حزقيال,4,38,"الإصحاح الرابع
حزقيال,4,39,"الإصحاح الرابع
حزقيال,4,40,"الإصحاح الرابع
حزقيال,4,41,"الإصحاح الرابع
حزقيال,4,42,"الإصحاح الرابع
حزقيال,4,43,"الإصحاح الرابع
حزقيال,4,44,"الإصحاح الرابع
حزقيال,4,45,"الإصحاح الرابع
حزقيال,4,46,"الإصحاح الرابع
حزقيال,4,47,"الإصحاح الرابع
حزقيال,4,48,"الإصحاح الرابع
حزقيال,4,49,"الإصحاح الرابع
حزقيال,4,50,"الإصحاح الرابع
حزقيال,4,51,"الإصحاح الرابع
حزقيال,4,52,"الإصحاح الرابع
حزقيال,4,53,"الإصحاح الرابع
حزقيال,4,54,"الإصحاح الرابع
حزقيال,4,55,"الإصحاح الرابع
حزقيال,4,56,"الإصحاح الرابع
حزقيال,4,57,"الإصحاح الرابع
حزقيال,4,58,"الإصحاح الرابع
حزقيال,4,59,"الإصحاح الرابع
حزقيال,4,60,"الإصحاح الرابع
حزقيال,4,61,"الإصحاح الرابع
حزقيال,4,62,"الإصحاح الرابع
حزقيال,4,63,"الإصحاح الرابع
حزقيال,4,64,"الإصحاح الرابع
حزقيال,4,65,"الإصحاح الرابع
حزقيال,4,66,"الإصحاح الرابع
حزقيال,4,67,"الإصحاح الرابع
حزقيال,4,68,"الإصحاح الرابع
حزقيال,4,69,"الإصحاح الرابع
حزقيال,4,70,"الإصحاح الرابع
حزقيال,4,71,"الإصحاح الرابع
حزقيال,4,72,"الإصحاح الرابع
حزقيال,4,73,"الإصحاح الرابع
حزقيال,4,74,"الإصحاح الرابع
حزقيال,4,75,"الإصحاح الرابع
حزقيال,4,76,"الإصحاح الرابع
حزقيال,4,77,"الإصحاح الرابع
حزقيال,4,78,"الإصحاح الرابع
حزقيال,4,79,"الإصحاح الرابع
حزقيال,4,80,"الإصحاح الرابع
حزقيال,4,81,"الإصحاح الرابع
حزقيال,4,82,"الإصحاح الرابع
حزقيال,4,83,"الإصحاح الرابع
حزقيال,4,84,"الإصحاح الرابع
حزقيال,4,85,"الإصحاح الرابع
حزقيال,4,86,"الإصحاح الرابع
حزقيال,4,87,"الإصحاح الرابع
حزقيال,4,88,"الإصحاح الرابع
حزقيال,4,89,"الإصحاح الرابع
حزقيال,4,90,"الإصحاح الرابع
حزقيال,4,91,"الإصحاح الرابع
حزقيال,4,92,"الإصحاح الرابع
حزقيال,4,93,"الإصحاح الرابع
حزقيال,4,94,"الإصحاح الرابع
حزقيال,4,95,"الإصحاح الرابع
حزقيال,4,96,"الإصحاح الرابع
حزقيال,4,97,"الإصحاح الرابع
حزقيال,4,98,"الإصحاح الرابع
حزقيال,4,99,"الإصحاح الرابع
حزقيال,5,1,"الإصحاح الخامس
حزقيال,5,2,"الإصحاح الخامس
حزقيال,5,3,"الإصحاح الخامس
حزقيال,5,4,"الإصحاح الخامس
حزقيال,5,5,"الإصحاح الخامس
حزقيال,5,6,"الإصحاح الخامس
حزقيال,5,7,"الإصحاح الخامس
حزقيال,5,8,"الإصحاح الخامس
حزقيال,5,9,"الإصحاح الخامس
حزقيال,5,10,"الإصحاح الخامس
حزقيال,5,11,"الإصحاح الخامس
حزقيال,5,12,"الإصحاح الخامس
حزقيال,5,13,"الإصحاح الخامس
حزقيال,5,14,"الإصحاح الخامس
حزقيال,5,15,"الإصحاح الخامس
حزقيال,5,16,"الإصحاح الخامس
حزقيال,5,17,"الإصحاح الخامس
حزقيال,5,18,"الإصحاح الخامس
حزقيال,5,19,"الإصحاح الخامس
حزقيال,5,20,"الإصحاح الخامس
حزقيال,5,21,"الإصحاح الخامس
حزقيال,5,22,"الإصحاح الخامس
حزقيال,5,23,"الإصحاح الخامس
حزقيال,5,24,"الإصحاح الخامس
حزقيال,5,25,"الإصحاح الخامس
حزقيال,5,26,"الإصحاح الخامس
حزقيال,5,27,"الإصحاح الخامس
حزقيال,5,28,"الإصحاح الخامس
حزقيال,5,29,"الإصحاح الخامس
حزقيال,5,30,"الإصحاح الخامس
حزقيال,5,31,"الإصحاح الخامس
حزقيال,5,32,"الإصحاح الخامس
حزقيال,5,33,"الإصحاح الخامس
حزقيال,5,34,"الإصحاح الخامس
حزقيال,5,35,"الإصحاح الخامس
حزقيال,5,36,"الإصحاح الخامس
حزقيال,5,37,"الإصحاح الخامس
حزقيال,5,38,"الإصحاح الخامس
حزقيال,5,39,"الإصحاح الخامس
حزقيال,5,40,"الإصحاح الخامس
حزقيال,5,41,"الإصحاح الخامس
حزقيال,5,42,"الإصحاح الخامس
حزقيال,5,43,"الإصحاح الخامس
حزقيال,5,44,"الإصحاح الخامس
حزقيال,5,45,"الإصحاح الخامس
حزقيال,5,46,"الإصحاح الخامس
حزقيال,5,47,"الإصحاح الخامس
حزقيال,5,48,"الإصحاح الخامس
حزقيال,5,49,"الإصحاح الخامس
حزقيال,5,50,"الإصحاح الخامس
حزقيال,5,51,"الإصحاح الخامس
حزقيال,5,52,"الإصحاح الخامس
حزقيال,5,53,"الإصحاح الخامس
حزقيال,5,54,"الإصحاح الخامس
حزقيال,5,55,"الإصحاح الخامس
حزقيال,5,56,"الإصحاح الخامس
حزقيال,5,57,"الإصحاح الخامس
حزقيال,5,58,"الإصحاح الخامس
حزقيال,5,59,"الإصحاح الخامس
حزقيال,5,60,"الإصحاح الخامس
حزقيال,5,61,"الإصحاح الخامس
حزقيال,5,62,"الإصحاح الخامس
حزقيال,5,63,"الإصحاح الخامس
حزقيال,5,64,"الإصحاح الخامس
حزقيال,5,65,"الإصحاح الخامس
حزقيال,5,66,"الإصحاح الخامس
حزقيال,5,67,"الإصحاح الخامس
حزقيال,5,68,"الإصحاح الخامس
حزقيال,5,69,"الإصحاح الخامس
حزقيال,5,70,"الإصحاح الخامس
حزقيال,5,71,"الإصحاح الخامس
حزقيال,5,72,"الإصحاح الخامس
حزقيال,5,73,"الإصحاح الخامس
حزقيال,5,74,"الإصحاح الخامس
حزقيال,5,75,"الإصحاح الخامس
حزقيال,5,76,"الإصحاح الخامس
حزقيال,5,77,"الإصحاح الخامس
حزقيال,5,78,"الإصحاح الخامس
حزقيال,5,79,"الإصحاح الخامس
حزقيال,5,80,"الإصحاح الخامس
حزقيال,5,81,"الإصحاح الخامس
حزقيال,5,82,"الإصحاح الخامس
حزقيال,5,83,"الإصحاح الخامس
حزقيال,5,84,"الإصحاح الخامس
حزقيال,5,85,"الإصحاح الخامس
حزقيال,5,86,"الإصحاح الخامس
حزقيال,5,87,"الإصحاح الخامس
حزقيال,5,88,"الإصحاح الخامس
حزقيال,5,89,"الإصحاح الخامس
حزقيال,5,90,"الإصحاح الخامس
حزقيال,5,91,"الإصحاح الخامس
حزقيال,5,92,"الإصحاح الخامس
حزقيال,5,93,"الإصحاح الخامس
حزقيال,5,94,"الإصحاح الخامس
حزقيال,5,95,"الإصحاح الخامس
حزقيال,5,96,"الإصحاح الخامس
حزقيال,5,97,"الإصحاح الخامس
حزقيال,5,98,"الإصحاح الخامس
حزقيال,5,99,"الإصحاح الخامس
حزقيال,6,1,"الإصحاح السادس
حزقيال,6,2,"الإصحاح السادس
حزقيال,6,3,"الإصحاح السادس
حزقيال,6,4,"الإصحاح السادس
حزقيال,6,5,"الإصحاح السادس
حزقيال,6,6,"الإصحاح السادس
حزقيال,6,7,"الإصحاح السادس
حزقيال,6,8,"الإصحاح السادس
حزقيال,6,9,"الإصحاح السادس
حزقيال,6,10,"الإصحاح السادس
حزقيال,6,11,"الإصحاح السادس
حزقيال,6,12,"الإصحاح السادس
حزقيال,6,13,"الإصحاح السادس
حزقيال,6,14,"الإصحاح السادس
حزقيال,6,15,"الإصحاح السادس
حزقيال,6,16,"الإصحاح السادس
حزقيال,6,17,"الإصحاح السادس
حزقيال,6,18,"الإصحاح السادس
حزقيال,6,19,"الإصحاح السادس
حزقيال,6,20,"الإصحاح السادس
حزقيال,6,21,"الإصحاح السادس
حزقيال,6,22,"الإصحاح السادس
حزقيال,6,23,"الإصحاح السادس
حزقيال,6,24,"الإصحاح السادس
حزقيال,6,25,"الإصحاح السادس
حزقيال,6,26,"الإصحاح السادس
حزقيال,6,27,"الإصحاح السادس
حزقيال,6,28,"الإصحاح السادس
حزقيال,6,29,"الإصحاح السادس
حزقيال,6,30,"الإصحاح السادس
حزقيال,6,31,"الإصحاح السادس
حزقيال,6,32,"الإصحاح السادس
حزقيال,6,33,"الإصحاح السادس
حزقيال,6,34,"الإصحاح السادس
حزقيال,6,35,"الإصحاح السادس
حزقيال,6,36,"الإصحاح السادس
حزقيال,6,37,"الإصحاح السادس
حزقيال,6,38,"الإصحاح السادس
حزقيال,6,39,"الإصحاح السادس
حزقيال,6,40,"الإصحاح السادس
حزقيال,6,41,"الإصحاح السادس
حزقيال,6,42,"الإصحاح السادس
حزقيال,6,43,"الإصحاح السادس
حزقيال,6,44,"الإصحاح السادس
حزقيال,6,45,"الإصحاح السادس
حزقيال,6,46,"الإصحاح السادس
حزقيال,6,47,"الإصحاح السادس
حزقيال,6,48,"الإصحاح السادس
حزقيال,6,49,"الإصحاح السادس
حزقيال,6,50,"الإصحاح السادس
حزقيال,6,51,"الإصحاح السادس
حزقيال,6,52,"الإصحاح السادس
حزقيال,6,53,"الإصحاح السادس
حزقيال,6,54,"الإصحاح السادس
حزقيال,6,55,"الإصحاح السادس
حزقيال,6,56,"الإصحاح السادس
حزقيال,6,57,"الإصحاح السادس
حزقيال,6,58,"الإصحاح السادس
حزقيال,6,59,"الإصحاح السادس
حزقيال,6,60,"الإصحاح السادس
حزقيال,6,61,"الإصحاح السادس
حزقيال,6,62,"الإصحاح السادس
حزقيال,6,63,"الإصحاح السادس
حزقيال,6,64,"الإصحاح السادس
حزقيال,6,65,"الإصحاح السادس
حزقيال,6,66,"الإصحاح السادس
حزقيال,6,67,"الإصحاح السادس
حزقيال,6,68,"الإصحاح السادس
حزقيال,6,69,"الإصحاح السادس
حزقيال,6,70,"الإصحاح السادس
حزقيال,6,71,"الإصحاح السادس
حزقيال,6,72,"الإصحاح السادس
حزقيال,6,73,"الإصحاح السادس
حزقيال,6,74,"الإصحاح السادس
حزقيال,6,75,"الإصحاح السادس
حزقيال,6,76,"الإصحاح السادس
حزقيال,6,77,"الإصحاح السادس
حزقيال,6,78,"الإصحاح السادس
حزقيال,6,79,"الإصحاح السادس
حزقيال,6,80,"الإصحاح السادس
حزقيال,6,81,"الإصحاح السادس
حزقيال,6,82,"الإصحاح السادس
حزقيال,6,83,"الإصحاح السادس
حزقيال,6,84,"الإصحاح السادس
حزقيال,6,85,"الإصحاح السادس
حزقيال,6,86,"الإصحاح السادس
حزقيال,6,87,"الإصحاح السادس
حزقيال,6,88,"الإصحاح السادس
حزقيال,6,89,"الإصحاح السادس
حزقيال,6,90,"الإصحاح السادس
حزقيال,6,91,"الإصحاح السادس
حزقيال,6,92,"الإصحاح السادس
حزقيال,6,93,"الإصحاح السادس
حزقيال,6,94,"الإصحاح السادس
حزقيال,6,95,"الإصحاح السادس
حزقيال,6,96,"الإصحاح السادس
حزقيال,6,97,"الإصحاح السادس
حزقيال,6,98,"الإصحاح السادس
حزقيال,6,99,"الإصحاح السادس
حزقيال,7,1,"الإصحاح السابع
حزقيال,7,2,"الإصحاح السابع
حزقيال,7,3,"الإصحاح السابع
حزقيال,7,4,"الإصحاح السابع
حزقيال,7,5,"الإصحاح السابع
حزقيال,7,6,"الإصحاح السابع
حزقيال,7,7,"الإصحاح السابع
حزقيال,7,8,"الإصحاح السابع
حزقيال,7,9,"الإصحاح السابع
حزقيال,7,10,"الإصحاح السابع
حزقيال,7,11,"الإصحاح السابع
حزقيال,7,12,"الإصحاح السابع
حزقيال,7,13,"الإصحاح السابع
حزقيال,7,14,"الإصحاح السابع
حزقيال,7,15,"الإصحاح السابع
حزقيال,7,16,"الإصحاح السابع
حزقيال,7,17,"الإصحاح السابع
حزقيال,7,18,"الإصحاح السابع
حزقيال,7,19,"الإصحاح السابع
حزقيال,7,20,"الإصحاح السابع
حزقيال,7,21,"الإصحاح السابع
حزقيال,7,22,"الإصحاح السابع
حزقيال,7,23,"الإصحاح السابع
حزقيال,7,24,"الإصحاح السابع
حزقيال,7,25,"الإصحاح السابع
حزقيال,7,26,"الإصحاح السابع
حزقيال,7,27,"الإصحاح السابع
حزقيال,7,28,"الإصحاح السابع
حزقيال,7,29,"الإصحاح السابع
حزقيال,7,30,"الإصحاح السابع
حزقيال,7,31,"الإصحاح السابع
حزقيال,7,32,"الإصحاح السابع
حزقيال,7,33,"الإصحاح السابع
حزقيال,7,34,"الإصحاح السابع
حزقيال,7,35,"الإصحاح السابع
حزقيال,7,36,"الإصحاح السابع
حزقيال,7,37,"الإصحاح السابع
حزقيال,7,38,"الإصحاح السابع
حزقيال,7,39,"الإصحاح السابع
حزقيال,7,40,"الإصحاح السابع
حزقيال,7,41,"الإصحاح السابع
حزقيال,7,42,"الإصحاح السابع
حزقيال,7,43,"الإصحاح السابع
حزقيال,7,44,"الإصحاح السابع
حزقيال,7,45,"الإصحاح السابع
حزقيال,7,46,"الإصحاح السابع
حزقيال,7,47,"الإصحاح السابع
حزقيال,7,48,"الإصحاح السابع
حزقيال,7,49,"الإصحاح السابع
حزقيال,7,50,"الإصحاح السابع
حزقيال,7,51,"الإصحاح السابع
حزقيال,7,52,"الإصحاح السابع
حزقيال,7,53,"الإصحاح السابع
حزقيال,7,54,"الإصحاح السابع
حزقيال,7,55,"الإصحاح السابع
حزقيال,7,56,"الإصحاح السابع
حزقيال,7,57,"الإصحاح السابع
حزقيال,7,58,"الإصحاح السابع
حزقيال,7,59,"الإصحاح السابع
حزقيال,7,60,"الإصحاح السابع
حزقيال,7,61,"الإصحاح السابع
حزقيال,7,62,"الإصحاح السابع
حزقيال,7,63,"الإصحاح السابع
حزقيال,7,64,"الإصحاح السابع
حزقيال,7,65,"الإصحاح السابع
حزقيال,7,66,"الإصحاح السابع
حزقيال,7,67,"الإصحاح السابع
حزقيال,7,68,"الإصحاح السابع
حزقيال,7,69,"الإصحاح السابع
حزقيال,7,70,"الإصحاح السابع
حزقيال,7,71,"الإصحاح السابع
حزقيال,7,72,"الإصحاح السابع
حزقيال,7,73,"الإصحاح السابع
حزقيال,7,74,"الإصحاح السابع
حزقيال,7,75,"الإصحاح السابع
حزقيال,7,76,"الإصحاح السابع
حزقيال,7,77,"الإصحاح السابع
حزقيال,7,78,"الإصحاح السابع
حزقيال,7,79,"الإصحاح السابع
حزقيال,7,80,"الإصحاح السابع
حزقيال,7,81,"الإصحاح السابع
حزقيال,7,82,"الإصحاح السابع
حزقيال,7,83,"الإصحاح السابع
حزقيال,7,84,"الإصحاح السابع
حزقيال,7,85,"الإصحاح السابع
حزقيال,7,86,"الإصحاح السابع
حزقيال,7,87,"الإصحاح السابع
حزقيال,7,88,"الإصحاح السابع
حزقيال,7,89,"الإصحاح السابع
حزقيال,7,90,"الإصحاح السابع
حزقيال,7,91,"الإصحاح السابع
حزقيال,7,92,"الإصحاح السابع
حزقيال,7,93,"الإصحاح السابع
حزقيال,7,94,"الإصحاح السابع
حزقيال,7,95,"الإصحاح السابع
حزقيال,7,96,"الإصحاح السابع
حزقيال,7,97,"الإصحاح السابع
حزقيال,7,98,"الإصحاح السابع
حزقيال,7,99,"الإصحاح السابع
حزقيال,8,1,"الإصحاح الثامن
حزقيال,8,2,"الإصحاح الثامن
حزقيال,8,3,"الإصحاح الثامن
حزقيال,8,4,"الإصحاح الثامن
حزقيال,8,5,"الإصحاح الثامن
حزقيال,8,6,"الإصحاح الثامن
حزقيال,8,7,"الإصحاح الثامن
حزقيال,8,8,"الإصحاح الثامن
حزقيال,8,9,"الإصحاح الثامن
حزقيال,8,10,"الإصحاح الثامن
حزقيال,8,11,"الإصحاح الثامن
حزقيال,8,12,"الإصحاح الثامن
حزقيال,8,13,"الإصحاح الثامن
حزقيال,8,14,"الإصحاح الثامن
حزقيال,8,15,"الإصحاح الثامن
حزقيال,8,16,"الإصحاح الثامن
حزقيال,8,17,"الإصحاح الثامن
حزقيال,8,18,"الإصحاح الثامن
حزقيال,8,19,"الإصحاح الثامن
حزقيال,8,20,"الإصحاح الثامن
حزقيال,8,21,"الإصحاح الثامن
حزقيال,8,22,"الإصحاح الثامن
حزقيال,8,23,"الإصحاح الثامن
حزقيال,8,24,"الإصحاح الثامن
حزقيال,8,25,"الإصحاح الثامن
حزقيال,8,26,"الإصحاح الثامن
حزقيال,8,27,"الإصحاح الثامن
حزقيال,8,28,"الإصحاح الثامن
حزقيال,8,29,"الإصحاح الثامن
حزقيال,8,30,"الإصحاح الثامن
حزقيال,8,31,"الإصحاح الثامن
حزقيال,8,32,"الإصحاح الثامن
حزقيال,8,33,"الإصحاح الثامن
حزقيال,8,34,"الإصحاح الثامن
حزقيال,8,35,"الإصحاح الثامن
حزقيال,8,36,"الإصحاح الثامن
حزقيال,8,37,"الإصحاح الثامن
حزقيال,8,38,"الإصحاح الثامن
حزقيال,8,39,"الإصحاح الثامن
حزقيال,8,40,"الإصحاح الثامن
حزقيال,8,41,"الإصحاح الثامن
حزقيال,8,42,"الإصحاح الثامن
حزقيال,8,43,"الإصحاح الثامن
حزقيال,8,44,"الإصحاح الثامن
حزقيال,8,45,"الإصحاح الثامن
حزقيال,8,46,"الإصحاح الثامن
حزقيال,8,47,"الإصحاح الثامن
حزقيال,8,48,"الإصحاح الثامن
حزقيال,8,49,"الإصحاح الثامن
حزقيال,8,50,"الإصحاح الثامن
حزقيال,8,51,"الإصحاح الثامن
حزقيال,8,52,"الإصحاح الثامن
حزقيال,8,53,"الإصحاح الثامن
حزقيال,8,54,"الإصحاح الثامن
حزقيال,8,55,"الإصحاح الثامن
حزقيال,8,56,"الإصحاح الثامن
حزقيال,8,57,"الإصحاح الثامن
حزقيال,8,58,"الإصحاح الثامن
حزقيال,8,59,"الإصحاح الثامن
حزقيال,8,60,"الإصحاح الثامن
حزقيال,8,61,"الإصحاح الثامن
حزقيال,8,62,"الإصحاح الثامن
حزقيال,8,63,"الإصحاح الثامن
حزقيال,8,64,"الإصحاح الثامن
حزقيال,8,65,"الإصحاح الثامن
حزقيال,8,66,"الإصحاح الثامن
حزقيال,8,67,"الإصحاح الثامن
حزقيال,8,68,"الإصحاح الثامن
حزقيال,8,69,"الإصحاح الثامن
حزقيال,8,70,"الإصحاح الثامن
حزقيال,8,71,"الإصحاح الثامن
حزقيال,8,72,"الإصحاح الثامن
حزقيال,8,73,"الإصحاح الثامن
حزقيال,8,74,"الإصحاح الثامن
حزقيال,8,75,"الإصحاح الثامن
حزقيال,8,76,"الإصحاح الثامن
حزقيال,8,77,"الإصحاح الثامن
حزقيال,8,78,"الإصحاح الثامن
حزقيال,8,79,"الإصحاح الثامن
حزقيال,8,80,"الإصحاح الثامن
حزقيال,8,81,"الإصحاح الثامن
حزقيال,8,82,"الإصحاح الثامن
حزقيال,8,83,"الإصحاح الثامن
حزقيال,8,84,"الإصحاح الثامن
حزقيال,8,85,"الإصحاح الثامن
حزقيال,8,86,"الإصحاح الثامن
حزقيال,8,87,"الإصحاح الثامن
حزقيال,8,88,"الإصحاح الثامن
حزقيال,8,89,"الإصحاح الثامن
حزقيال,8,90,"الإصحاح الثامن
حزقيال,8,91,"الإصحاح الثامن
حزقيال,8,92,"الإصحاح الثامن
حزقيال,8,93,"الإصحاح الثامن
حزقيال,8,94,"الإصحاح الثامن
حزقيال,8,95,"الإصحاح الثامن
حزقيال,8,96,"الإصحاح الثامن
حزقيال,8,97,"الإصحاح الثامن
حزقيال,8,98,"الإصحاح الثامن
حزقيال,8,99,"الإصحاح الثامن
حزقيال,9,1,"الإصحاح التاسع
حزقيال,9,2,"الإصحاح التاسع
حزقيال,9,3,"الإصحاح التاسع
حزقيال,9,4,"الإصحاح التاسع
حزقيال,9,5,"الإصحاح التاسع
حزقيال,9,6,"الإصحاح التاسع
حزقيال,9,7,"الإصحاح التاسع
حزقيال,9,8,"الإصحاح التاسع
حزقيال,9,9,"الإصحاح التاسع
حزقيال,9,10,"الإصحاح التاسع
حزقيال,9,11,"الإصحاح التاسع
حزقيال,9,12,"الإصحاح التاسع
حزقيال,9,13,"الإصحاح التاسع
حزقيال,9,14,"الإصحاح التاسع
حزقيال,9,15,"الإصحاح التاسع
حزقيال,9,16,"الإصحاح التاسع
حزقيال,9,17,"الإصحاح التاسع
حزقيال,9,18,"الإصحاح التاسع
حزقيال,9,19,"الإصحاح التاسع
حزقيال,9,20,"الإصحاح التاسع
حزقيال,9,21,"الإصحاح التاسع
حزقيال,9,22,"الإصحاح التاسع
حزقيال,9,23,"الإصحاح التاسع
حزقيال,9,24,"الإصحاح التاسع
حزقيال,9,25,"الإصحاح التاسع
حزقيال,9,26,"الإصحاح التاسع
حزقيال,9,27,"الإصحاح التاسع
حزقيال,9,28,"الإصحاح التاسع
حزقيال,9,29,"الإصحاح التاسع
حزقيال,9,30,"الإصحاح التاسع
حزقيال,9,31,"الإصحاح التاسع
حزقيال,9,32,"الإصحاح التاسع
حزقيال,9,33,"الإصحاح التاسع
حزقيال,9,34,"الإصحاح التاسع
حزقيال,9,35,"الإصحاح التاسع
حزقيال,9,36,"الإصحاح التاسع
حزقيال,9,37,"الإصحاح التاسع
حزقيال,9,38,"الإصحاح التاسع
حزقيال,9,39,"الإصحاح التاسع
حزقيال,9,40,"الإصحاح التاسع
حزقيال,9,41,"الإصحاح التاسع
حزقيال,9,42,"الإصحاح التاسع
حزقيال,9,43,"الإصحاح التاسع
حزقيال,9,44,"الإصحاح التاسع
حزقيال,9,45,"الإصحاح التاسع
حزقيال,9,46,"الإصحاح التاسع
حزقيال,9,47,"الإصحاح التاسع
حزقيال,9,48,"الإصحاح التاسع
حزقيال,9,49,"الإصحاح التاسع
حزقيال,9,50,"الإصحاح التاسع
حزقيال,9,51,"الإصحاح التاسع
حزقيال,9,52,"الإصحاح التاسع
حزقيال,9,53,"الإصحاح التاسع
حزقيال,9,54,"الإصحاح التاسع
حزقيال,9,55,"الإصحاح التاسع
حزقيال,9,56,"الإصحاح التاسع
حزقيال,9,57,"الإصحاح التاسع
حزقيال,9,58,"الإصحاح التاسع
حزقيال,9,59,"الإصحاح التاسع
حزقيال,9,60,"الإصحاح التاسع
حزقيال,9,61,"الإصحاح التاسع
حزقيال,9,62,"الإصحاح التاسع
حزقيال,9,63,"الإصحاح التاسع
حزقيال,9,64,"الإصحاح التاسع
حزقيال,9,65,"الإصحاح التاسع
حزقيال,9,66,"الإصحاح التاسع
حزقيال,9,67,"الإصحاح التاسع
حزقيال,9,68,"الإصحاح التاسع
حزقيال,9,69,"الإصحاح التاسع
حزقيال,9,70,"الإصحاح التاسع
حزقيال,9,71,"الإصحاح التاسع
حزقيال,9,72,"الإصحاح التاسع
حزقيال,9,73,"الإصحاح التاسع
حزقيال,9,74,"الإصحاح التاسع
حزقيال,9,75,"الإصحاح التاسع
حزقيال,9,76,"الإصحاح التاسع
حزقيال,9,77,"الإصحاح التاسع
حزقيال,9,78,"الإصحاح التاسع
حزقيال,9,79,"الإصحاح التاسع
حزقيال,9,80,"الإصحاح التاسع
حزقيال,9,81,"الإصحاح التاسع
حزقيال,9,82,"الإصحاح التاسع
حزقيال,9,83,"الإصحاح التاسع
حزقيال,9,84,"الإصحاح التاسع
حزقيال,9,85,"الإصحاح التاسع
حزقيال,9,86,"الإصحاح التاسع
حزقيال,9,87,"الإصحاح التاسع
حزقيال,9,88,"الإصحاح التاسع
حزقيال,9,89,"الإصحاح التاسع
حزقيال,9,90,"الإصحاح التاسع
حزقيال,9,91,"الإصحاح التاسع
حزقيال,9,92,"الإصحاح التاسع
حزقيال,9,93,"الإصحاح التاسع
حزقيال,9,94,"الإصحاح التاسع
حزقيال,9,95,"الإصحاح التاسع
حزقيال,9,96,"الإصحاح التاسع
حزقيال,9,97,"الإصحاح التاسع
حزقيال,9,98,"الإصحاح التاسع
حزقيال,9,99,"الإصحاح التاسع
حزقيال,10,1,"الإصحاح العاشر
حزقيال,10,2,"الإصحاح العاشر
حزقيال,10,3,"الإصحاح العاشر
حزقيال,10,4,"الإصحاح العاشر
حزقيال,10,5,"الإصحاح العاشر
حزقيال,10,6,"الإصحاح العاشر
حزقيال,10,7,"الإصحاح العاشر
حزقيال,10,8,"الإصحاح العاشر
حزقيال,10,9,"الإصحاح العاشر
حزقيال,10,10,"الإصحاح العاشر
حزقيال,10,11,"الإصحاح العاشر
حزقيال,10,12,"الإصحاح العاشر
حزقيال,10,13,"الإصحاح العاشر
حزقيال,10,14,"الإصحاح العاشر
حزقيال,10,15,"الإصحاح العاشر
حزقيال,10,16,"الإصحاح العاشر
حزقيال,10,17,"الإصحاح العاشر
حزقيال,10,18,"الإصحاح العاشر
حزقيال,10,19,"الإصحاح العاشر
حزقيال,10,20,"الإصحاح العاشر
حزقيال,10,21,"الإصحاح العاشر
حزقيال,10,22,"الإصحاح العاشر
حزقيال,10,23,"الإصحاح العاشر
حزقيال,10,24,"الإصحاح العاشر
حزقيال,10,25,"الإصحاح العاشر
حزقيال,10,26,"الإصحاح العاشر
حزقيال,10,27,"الإصحاح العاشر
حزقيال,10,28,"الإصحاح العاشر
حزقيال,10,29,"الإصحاح العاشر
حزقيال,10,30,"الإصحاح العاشر
حزقيال,10,31,"الإصحاح العاشر
حزقيال,10,32,"الإصحاح العاشر
حزقيال,10,33,"الإصحاح العاشر
حزقيال,10,34,"الإصحاح العاشر
حزقيال,10,35,"الإصحاح العاشر
حزقيال,10,36,"الإصحاح العاشر
حزقيال,10,37,"الإصحاح العاشر
حزقيال,10,38,"الإصحاح العاشر
حزقيال,10,39,"الإصحاح العاشر
حزقيال,10,40,"الإصحاح العاشر
حزقيال,10,41,"الإصحاح العاشر
حزقيال,10,42,"الإصحاح العاشر
حزقيال,10,43,"الإصحاح العاشر
حزقيال,10,44,"الإصحاح العاشر
حزقيال,10,45,"الإصحاح العاشر
حزقيال,10,46,"الإصحاح العاشر
حزقيال,10,47,"الإصحاح العاشر
حزقيال,10,48,"الإصحاح العاشر
حزقيال,10,49,"الإصحاح العاشر
حزقيال,10,50,"الإصحاح العاشر
حزقيال,10,51,"الإصحاح العاشر
حزقيال,10,52,"الإصحاح العاشر
حزقيال,10,53,"الإصحاح العاشر
حزقيال,10,54,"الإصحاح العاشر
حزقيال,10,55,"الإصحاح العاشر
حزقيال,10,56,"الإصحاح العاشر
حزقيال,10,57,"الإصحاح العاشر
حزقيال,10,58,"الإصحاح العاشر
حزقيال,10,59,"الإصحاح العاشر
حزقيال,10,60,"الإصحاح العاشر
حزقيال,10,61,"الإصحاح العاشر
حزقيال,10,62,"الإصحاح العاشر
حزقيال,10,63,"الإصحاح العاشر
حزقيال,10,64,"الإصحاح العاشر
حزقيال,10,65,"الإصحاح العاشر
حزقيال,10,66,"الإصحاح العاشر
حزقيال,10,67,"الإصحاح العاشر
حزقيال,10,68,"الإصحاح العاشر
حزقيال,10,69,"الإصحاح العاشر
حزقيال,10,70,"الإصحاح العاشر
حزقيال,10,71,"الإصحاح العاشر
حزقيال,10,72,"الإصحاح العاشر
حزقيال,10,73,"الإصحاح العاشر
حزقيال,10,74,"الإصحاح العاشر
حزقيال,10,75,"الإصحاح العاشر
حزقيال,10,76,"الإصحاح العاشر
حزقيال,10,77,"الإصحاح العاشر
حزقيال,10,78,"الإصحاح العاشر
حزقيال,10,79,"الإصحاح العاشر
حزقيال,10,80,"الإصحاح العاشر
حزقيال,10,81,"الإصحاح العاشر
حزقيال,10,82,"الإصحاح العاشر
حزقيال,10,83,"الإصحاح العاشر
حزقيال,10,84,"الإصحاح العاشر
حزقيال,10,85,"الإصحاح العاشر
حزقيال,10,86,"الإصحاح العاشر
حزقيال,10,87,"الإصحاح العاشر
حزقيال,10,88,"الإصحاح العاشر
حزقيال,10,89,"الإصحاح العاشر
حزقيال,10,90,"الإصحاح العاشر
حزقيال,10,91,"الإصحاح العاشر
حزقيال,10,92,"الإصحاح العاشر
حزقيال,10,93,"الإصحاح العاشر
حزقيال,10,94,"الإصحاح العاشر
حزقيال,10,95,"الإصحاح العاشر
حزقيال,10,96,"الإصحاح العاشر
حزقيال,10,97,"الإصحاح العاشر
حزقيال,10,98,"الإصحاح العاشر
حزقيال,10,99,"الإصحاح العاشر
حزقيال,11,1,"الإصحاح الحادى عشر
حزقيال,11,2,"الإصحاح الحادى عشر
حزقيال,11,3,"الإصحاح الحادى عشر
حزقيال,11,4,"الإصحاح الحادى عشر
حزقيال,11,5,"الإصحاح الحادى عشر
حزقيال,11,6,"الإصحاح الحادى عشر
حزقيال,11,7,"الإصحاح الحادى عشر
حزقيال,11,8,"الإصحاح الحادى عشر
حزقيال,11,9,"الإصحاح الحادى عشر
حزقيال,11,10,"الإصحاح الحادى عشر
حزقيال,11,11,"الإصحاح الحادى عشر
حزقيال,11,12,"الإصحاح الحادى عشر
حزقيال,11,13,"الإصحاح الحادى عشر
حزقيال,11,14,"الإصحاح الحادى عشر
حزقيال,11,15,"الإصحاح الحادى عشر
حزقيال,11,16,"الإصحاح الحادى عشر
حزقيال,11,17,"الإصحاح الحادى عشر
حزقيال,11,18,"الإصحاح الحادى عشر
حزقيال,11,19,"الإصحاح الحادى عشر
حزقيال,11,20,"الإصحاح الحادى عشر
حزقيال,11,21,"الإصحاح الحادى عشر
حزقيال,11,22,"الإصحاح الحادى عشر
حزقيال,11,23,"الإصحاح الحادى عشر
حزقيال,11,24,"الإصحاح الحادى عشر
حزقيال,11,25,"الإصحاح الحادى عشر
حزقيال,11,26,"الإصحاح الحادى عشر
حزقيال,11,27,"الإصحاح الحادى عشر
حزقيال,11,28,"الإصحاح الحادى عشر
حزقيال,11,29,"الإصحاح الحادى عشر
حزقيال,11,30,"الإصحاح الحادى عشر
حزقيال,11,31,"الإصحاح الحادى عشر
حزقيال,11,32,"الإصحاح الحادى عشر
حزقيال,11,33,"الإصحاح الحادى عشر
حزقيال,11,34,"الإصحاح الحادى عشر
حزقيال,11,35,"الإصحاح الحادى عشر
حزقيال,11,36,"الإصحاح الحادى عشر
حزقيال,11,37,"الإصحاح الحادى عشر
حزقيال,11,38,"الإصحاح الحادى عشر
حزقيال,11,39,"الإصحاح الحادى عشر
حزقيال,11,40,"الإصحاح الحادى عشر
حزقيال,11,41,"الإصحاح الحادى عشر
حزقيال,11,42,"الإصحاح الحادى عشر
حزقيال,11,43,"الإصحاح الحادى عشر
حزقيال,11,44,"الإصحاح الحادى عشر
حزقيال,11,45,"الإصحاح الحادى عشر
حزقيال,11,46,"الإصحاح الحادى عشر
حزقيال,11,47,"الإصحاح الحادى عشر
حزقيال,11,48,"الإصحاح الحادى عشر
حزقيال,11,49,"الإصحاح الحادى عشر
حزقيال,11,50,"الإصحاح الحادى عشر
حزقيال,11,51,"الإصحاح الحادى عشر
حزقيال,11,52,"الإصحاح الحادى عشر
حزقيال,11,53,"الإصحاح الحادى عشر
حزقيال,11,54,"الإصحاح الحادى عشر
حزقيال,11,55,"الإصحاح الحادى عشر
حزقيال,11,56,"الإصحاح الحادى عشر
حزقيال,11,57,"الإصحاح الحادى عشر
حزقيال,11,58,"الإصحاح الحادى عشر
حزقيال,11,59,"الإصحاح الحادى عشر
حزقيال,11,60,"الإصحاح الحادى عشر
حزقيال,11,61,"الإصحاح الحادى عشر
حزقيال,11,62,"الإصحاح الحادى عشر
حزقيال,11,63,"الإصحاح الحادى عشر
حزقيال,11,64,"الإصحاح الحادى عشر
حزقيال,11,65,"الإصحاح الحادى عشر
حزقيال,11,66,"الإصحاح الحادى عشر
حزقيال,11,67,"الإصحاح الحادى عشر
حزقيال,11,68,"الإصحاح الحادى عشر
حزقيال,11,69,"الإصحاح الحادى عشر
حزقيال,11,70,"الإصحاح الحادى عشر
حزقيال,11,71,"الإصحاح الحادى عشر
حزقيال,11,72,"الإصحاح الحادى عشر
حزقيال,11,73,"الإصحاح الحادى عشر
حزقيال,11,74,"الإصحاح الحادى عشر
حزقيال,11,75,"الإصحاح الحادى عشر
حزقيال,11,76,"الإصحاح الحادى عشر
حزقيال,11,77,"الإصحاح الحادى عشر
حزقيال,11,78,"الإصحاح الحادى عشر
حزقيال,11,79,"الإصحاح الحادى عشر
حزقيال,11,80,"الإصحاح الحادى عشر
حزقيال,11,81,"الإصحاح الحادى عشر
حزقيال,11,82,"الإصحاح الحادى عشر
حزقيال,11,83,"الإصحاح الحادى عشر
حزقيال,11,84,"الإصحاح الحادى عشر
حزقيال,11,85,"الإصحاح الحادى عشر
حزقيال,11,86,"الإصحاح الحادى عشر
حزقيال,11,87,"الإصحاح الحادى عشر
حزقيال,11,88,"الإصحاح الحادى عشر
حزقيال,11,89,"الإصحاح الحادى عشر
حزقيال,11,90,"الإصحاح الحادى عشر
حزقيال,11,91,"الإصحاح الحادى عشر
حزقيال,11,92,"الإصحاح الحادى عشر
حزقيال,11,93,"الإصحاح الحادى عشر
حزقيال,11,94,"الإصحاح الحادى عشر
حزقيال,11,95,"الإصحاح الحادى عشر
حزقيال,11,96,"الإصحاح الحادى عشر
حزقيال,11,97,"الإصحاح الحادى عشر
حزقيال,11,98,"الإصحاح الحادى عشر
حزقيال,11,99,"الإصحاح الحادى عشر
حزقيال,12,1,"الإصحاح الثانى عشر
حزقيال,12,2,"الإصحاح الثانى عشر
حزقيال,12,3,"الإصحاح الثانى عشر
حزقيال,12,4,"الإصحاح الثانى عشر
حزقيال,12,5,"الإصحاح الثانى عشر
حزقيال,12,6,"الإصحاح الثانى عشر
حزقيال,12,7,"الإصحاح الثانى عشر
حزقيال,12,8,"الإصحاح الثانى عشر
حزقيال,12,9,"الإصحاح الثانى عشر
حزقيال,12,10,"الإصحاح الثانى عشر
حزقيال,12,11,"الإصحاح الثانى عشر
حزقيال,12,12,"الإصحاح الثانى عشر
حزقيال,12,13,"الإصحاح الثانى عشر
حزقيال,12,14,"الإصحاح الثانى عشر
حزقيال,12,15,"الإصحاح الثانى عشر
حزقيال,12,16,"الإصحاح الثانى عشر
حزقيال,12,17,"الإصحاح الثانى عشر
حزقيال,12,18,"الإصحاح الثانى عشر
حزقيال,12,19,"الإصحاح الثانى عشر
حزقيال,12,20,"الإصحاح الثانى عشر
حزقيال,12,21,"الإصحاح الثانى عشر
حزقيال,12,22,"الإصحاح الثانى عشر
حزقيال,12,23,"الإصحاح الثانى عشر
حزقيال,12,24,"الإصحاح الثانى عشر
حزقيال,12,25,"الإصحاح الثانى عشر
حزقيال,12,26,"الإصحاح الثانى عشر
حزقيال,12,27,"الإصحاح الثانى عشر
حزقيال,12,28,"الإصحاح الثانى عشر
حزقيال,12,29,"الإصحاح الثانى عشر
حزقيال,12,30,"الإصحاح الثانى عشر
حزقيال,12,31,"الإصحاح الثانى عشر
حزقيال,12,32,"الإصحاح الثانى عشر
حزقيال,12,33,"الإصحاح الثانى عشر
حزقيال,12,34,"الإصحاح الثانى عشر
حزقيال,12,35,"الإصحاح الثانى عشر
حزقيال,12,36,"الإصحاح الثانى عشر
حزقيال,12,37,"الإصحاح الثانى عشر
حزقيال,12,38,"الإصحاح الثانى عشر
حزقيال,12,39,"الإصحاح الثانى عشر
حزقيال,12,40,"الإصحاح الثانى عشر
حزقيال,12,41,"الإصحاح الثانى عشر
حزقيال,12,42,"الإصحاح الثانى عشر
حزقيال,12,43,"الإصحاح الثانى عشر
حزقيال,12,44,"الإصحاح الثانى عشر
حزقيال,12,45,"الإصحاح الثانى عشر
حزقيال,12,46,"الإصحاح الثانى عشر
حزقيال,12,47,"الإصحاح الثانى عشر
حزقيال,12,48,"الإصحاح الثانى عشر
حزقيال,12,49,"الإصحاح الثانى عشر
حزقيال,12,50,"الإصحاح الثانى عشر
حزقيال,12,51,"الإصحاح الثانى عشر
حزقيال,12,52,"الإصحاح الثانى عشر
حزقيال,12,53,"الإصحاح الثانى عشر
حزقيال,12,54,"الإصحاح الثانى عشر
حزقيال,12,55,"الإصحاح الثانى عشر
حزقيال,12,56,"الإصحاح الثانى عشر
حزقيال,12,57,"الإصحاح الثانى عشر
حزقيال,12,58,"الإصحاح الثانى عشر
حزقيال,12,59,"الإصحاح الثانى عشر
حزقيال,12,60,"الإصحاح الثانى عشر
حزقيال,12,61,"الإصحاح الثانى عشر
حزقيال,12,62,"الإصحاح الثانى عشر
حزقيال,12,63,"الإصحاح الثانى عشر
حزقيال,12,64,"الإصحاح الثانى عشر
حزقيال,12,65,"الإصحاح الثانى عشر
حزقيال,12,66,"الإصحاح الثانى عشر
حزقيال,12,67,"الإصحاح الثانى عشر
حزقيال,12,68,"الإصحاح الثانى عشر
حزقيال,12,69,"الإصحاح الثانى عشر
حزقيال,12,70,"الإصحاح الثانى عشر
حزقيال,12,71,"الإصحاح الثانى عشر
حزقيال,12,72,"الإصحاح الثانى عشر
حزقيال,12,73,"الإصحاح الثانى عشر
حزقيال,12,74,"الإصحاح الثانى عشر
حزقيال,12,75,"الإصحاح الثانى عشر
حزقيال,12,76,"الإصحاح الثانى عشر
حزقيال,12,77,"الإصحاح الثانى عشر
حزقيال,12,78,"الإصحاح الثانى عشر
حزقيال,12,79,"الإصحاح الثانى عشر
حزقيال,12,80,"الإصحاح الثانى عشر
حزقيال,12,81,"الإصحاح الثانى عشر
حزقيال,12,82,"الإصحاح الثانى عشر
حزقيال,12,83,"الإصحاح الثانى عشر
حزقيال,12,84,"الإصحاح الثانى عشر
حزقيال,12,85,"الإصحاح الثانى عشر
حزقيال,12,86,"الإصحاح الثانى عشر
حزقيال,12,87,"الإصحاح الثانى عشر
حزقيال,12,88,"الإصحاح الثانى عشر
حزقيال,12,89,"الإصحاح الثانى عشر
حزقيال,12,90,"الإصحاح الثانى عشر
حزقيال,12,91,"الإصحاح الثانى عشر
حزقيال,12,92,"الإصحاح الثانى عشر
حزقيال,12,93,"الإصحاح الثانى عشر
حزقيال,12,94,"الإصحاح الثانى عشر
حزقيال,12,95,"الإصحاح الثانى عشر
حزقيال,12,96,"الإصحاح الثانى عشر
حزقيال,12,97,"الإصحاح الثانى عشر
حزقيال,12,98,"الإصحاح الثانى عشر
حزقيال,12,99,"الإصحاح الثانى عشر
حزقيال,13,1,"الإصحاح الثالث عشر
حزقيال,13,2,"الإصحاح الثالث عشر
حزقيال,13,3,"الإصحاح الثالث عشر
حزقيال,13,4,"الإصحاح الثالث عشر
حزقيال,13,5,"الإصحاح الثالث عشر
حزقيال,13,6,"الإصحاح الثالث عشر
حزقيال,13,7,"الإصحاح الثالث عشر
حزقيال,13,8,"الإصحاح الثالث عشر
حزقيال,13,9,"الإصحاح الثالث عشر
حزقيال,13,10,"الإصحاح الثالث عشر
حزقيال,13,11,"الإصحاح الثالث عشر
حزقيال,13,12,"الإصحاح الثالث عشر
حزقيال,13,13,"الإصحاح الثالث عشر
حزقيال,13,14,"الإصحاح الثالث عشر
حزقيال,13,15,"الإصحاح الثالث عشر
حزقيال,13,16,"الإصحاح الثالث عشر
حزقيال,13,17,"الإصحاح الثالث عشر
حزقيال,13,18,"الإصحاح الثالث عشر
حزقيال,13,19,"الإصحاح الثالث عشر
حزقيال,13,20,"الإصحاح الثالث عشر
حزقيال,13,21,"الإصحاح الثالث عشر
حزقيال,13,22,"الإصحاح الثالث عشر
حزقيال,13,23,"الإصحاح الثالث عشر
حزقيال,13,24,"الإصحاح الثالث عشر
حزقيال,13,25,"الإصحاح الثالث عشر
حزقيال,13,26,"الإصحاح الثالث عشر
حزقيال,13,27,"الإصحاح الثالث عشر
حزقيال,13,28,"الإصحاح الثالث عشر
حزقيال,13,29,"الإصحاح الثالث عشر
حزقيال,13,30,"الإصحاح الثالث عشر
حزقيال,13,31,"الإصحاح الثالث عشر
حزقيال,13,32,"الإصحاح الثالث عشر
حزقيال,13,33,"الإصحاح الثالث عشر
حزقيال,13,34,"الإصحاح الثالث عشر
حزقيال,13,35,"الإصحاح الثالث عشر
حزقيال,13,36,"الإصحاح الثالث عشر
حزقيال,13,37,"الإصحاح الثالث عشر
حزقيال,13,38,"الإصحاح الثالث عشر
حزقيال,13,39,"الإصحاح الثالث عشر
حزقيال,13,40,"الإصحاح الثالث عشر
حزقيال,13,41,"الإصحاح الثالث عشر
حزقيال,13,42,"الإصحاح الثالث عشر
حزقيال,13,43,"الإصحاح الثالث عشر
حزقيال,13,44,"الإصحاح الثالث عشر
حزقيال,13,45,"الإصحاح الثالث عشر
حزقيال,13,46,"الإصحاح الثالث عشر
حزقيال,13,47,"الإصحاح الثالث عشر
حزقيال,13,48,"الإصحاح الثالث عشر
حزقيال,13,49,"الإصحاح الثالث عشر
حزقيال,13,50,"الإصحاح الثالث عشر
حزقيال,13,51,"الإصحاح الثالث عشر
حزقيال,13,52,"الإصحاح الثالث عشر
حزقيال,13,53,"الإصحاح الثالث عشر
حزقيال,13,54,"الإصحاح الثالث عشر
حزقيال,13,55,"الإصحاح الثالث عشر
حزقيال,13,56,"الإصحاح الثالث عشر
حزقيال,13,57,"الإصحاح الثالث عشر
حزقيال,13,58,"الإصحاح الثالث عشر
حزقيال,13,59,"الإصحاح الثالث عشر
حزقيال,13,60,"الإصحاح الثالث عشر
حزقيال,13,61,"الإصحاح الثالث عشر
حزقيال,13,62,"الإصحاح الثالث عشر
حزقيال,13,63,"الإصحاح الثالث عشر
حزقيال,13,64,"الإصحاح الثالث عشر
حزقيال,13,65,"الإصحاح الثالث عشر
حزقيال,13,66,"الإصحاح الثالث عشر
حزقيال,13,67,"الإصحاح الثالث عشر
حزقيال,13,68,"الإصحاح الثالث عشر
حزقيال,13,69,"الإصحاح الثالث عشر
حزقيال,13,70,"الإصحاح الثالث عشر
حزقيال,13,71,"الإصحاح الثالث عشر
حزقيال,13,72,"الإصحاح الثالث عشر
حزقيال,13,73,"الإصحاح الثالث عشر
حزقيال,13,74,"الإصحاح الثالث عشر
حزقيال,13,75,"الإصحاح الثالث عشر
حزقيال,13,76,"الإصحاح الثالث عشر
حزقيال,13,77,"الإصحاح الثالث عشر
حزقيال,13,78,"الإصحاح الثالث عشر
حزقيال,13,79,"الإصحاح الثالث عشر
حزقيال,13,80,"الإصحاح الثالث عشر
حزقيال,13,81,"الإصحاح الثالث عشر
حزقيال,13,82,"الإصحاح الثالث عشر
حزقيال,13,83,"الإصحاح الثالث عشر
حزقيال,13,84,"الإصحاح الثالث عشر
حزقيال,13,85,"الإصحاح الثالث عشر
حزقيال,13,86,"الإصحاح الثالث عشر
حزقيال,13,87,"الإصحاح الثالث عشر
حزقيال,13,88,"الإصحاح الثالث عشر
حزقيال,13,89,"الإصحاح الثالث عشر
حزقيال,13,90,"الإصحاح الثالث عشر
حزقيال,13,91,"الإصحاح الثالث عشر
حزقيال,13,92,"الإصحاح الثالث عشر
حزقيال,13,93,"الإصحاح الثالث عشر
حزقيال,13,94,"الإصحاح الثالث عشر
حزقيال,13,95,"الإصحاح الثالث عشر
حزقيال,13,96,"الإصحاح الثالث عشر
حزقيال,13,97,"الإصحاح الثالث عشر
حزقيال,13,98,"الإصحاح الثالث عشر
حزقيال,13,99,"الإصحاح الثالث عشر
حزقيال,14,1,"الإصحاح الرابع عشر
حزقيال,14,2,"الإصحاح الرابع عشر
حزقيال,14,3,"الإصحاح الرابع عشر
حزقيال,14,4,"الإصحاح الرابع عشر
حزقيال,14,5,"الإصحاح الرابع عشر
حزقيال,14,6,"الإصحاح الرابع عشر
حزقيال,14,7,"الإصحاح الرابع عشر
حزقيال,14,8,"الإصحاح الرابع عشر
حزقيال,14,9,"الإصحاح الرابع عشر
حزقيال,14,10,"الإصحاح الرابع عشر
حزقيال,14,11,"الإصحاح الرابع عشر
حزقيال,14,12,"الإصحاح الرابع عشر
حزقيال,14,13,"الإصحاح الرابع عشر
حزقيال,14,14,"الإصحاح الرابع عشر
حزقيال,14,15,"الإصحاح الرابع عشر
حزقيال,14,16,"الإصحاح الرابع عشر
حزقيال,14,17,"الإصحاح الرابع عشر
حزقيال,14,18,"الإصحاح الرابع عشر
حزقيال,14,19,"الإصحاح الرابع عشر
حزقيال,14,20,"الإصحاح الرابع عشر
حزقيال,14,21,"الإصحاح الرابع عشر
حزقيال,14,22,"الإصحاح الرابع عشر
حزقيال,14,23,"الإصحاح الرابع عشر
حزقيال,14,24,"الإصحاح الرابع عشر
حزقيال,14,25,"الإصحاح الرابع عشر
حزقيال,14,26,"الإصحاح الرابع عشر
حزقيال,14,27,"الإصحاح الرابع عشر
حزقيال,14,28,"الإصحاح الرابع عشر
حزقيال,14,29,"الإصحاح الرابع عشر
حزقيال,14,30,"الإصحاح الرابع عشر
حزقيال,14,31,"الإصحاح الرابع عشر
حزقيال,14,32,"الإصحاح الرابع عشر
حزقيال,14,33,"الإصحاح الرابع عشر
حزقيال,14,34,"الإصحاح الرابع عشر
حزقيال,14,35,"الإصحاح الرابع عشر
حزقيال,14,36,"الإصحاح الرابع عشر
حزقيال,14,37,"الإصحاح الرابع عشر
حزقيال,14,38,"الإصحاح الرابع عشر
حزقيال,14,39,"الإصحاح الرابع عشر
حزقيال,14,40,"الإصحاح الرابع عشر
حزقيال,14,41,"الإصحاح الرابع عشر
حزقيال,14,42,"الإصحاح الرابع عشر
حزقيال,14,43,"الإصحاح الرابع عشر
حزقيال,14,44,"الإصحاح الرابع عشر
حزقيال,14,45,"الإصحاح الرابع عشر
حزقيال,14,46,"الإصحاح الرابع عشر
حزقيال,14,47,"الإصحاح الرابع عشر
حزقيال,14,48,"الإصحاح الرابع عشر
حزقيال,14,49,"الإصحاح الرابع عشر
حزقيال,14,50,"الإصحاح الرابع عشر
حزقيال,14,51,"الإصحاح الرابع عشر
حزقيال,14,52,"الإصحاح الرابع عشر
حزقيال,14,53,"الإصحاح الرابع عشر
حزقيال,14,54,"الإصحاح الرابع عشر
حزقيال,14,55,"الإصحاح الرابع عشر
حزقيال,14,56,"الإصحاح الرابع عشر
حزقيال,14,57,"الإصحاح الرابع عشر
حزقيال,14,58,"الإصحاح الرابع عشر
حزقيال,14,59,"الإصحاح الرابع عشر
حزقيال,14,60,"الإصحاح الرابع عشر
حزقيال,14,61,"الإصحاح الرابع عشر
حزقيال,14,62,"الإصحاح الرابع عشر
حزقيال,14,63,"الإصحاح الرابع عشر
حزقيال,14,64,"الإصحاح الرابع عشر
حزقيال,14,65,"الإصحاح الرابع عشر
حزقيال,14,66,"الإصحاح الرابع عشر
حزقيال,14,67,"الإصحاح الرابع عشر
حزقيال,14,68,"الإصحاح الرابع عشر
حزقيال,14,69,"الإصحاح الرابع عشر
حزقيال,14,70,"الإصحاح الرابع عشر
حزقيال,14,71,"الإصحاح الرابع عشر
حزقيال,14,72,"الإصحاح الرابع عشر
حزقيال,14,73,"الإصحاح الرابع عشر
حزقيال,14,74,"الإصحاح الرابع عشر
حزقيال,14,75,"الإصحاح الرابع عشر
حزقيال,14,76,"الإصحاح الرابع عشر
حزقيال,14,77,"الإصحاح الرابع عشر
حزقيال,14,78,"الإصحاح الرابع عشر
حزقيال,14,79,"الإصحاح الرابع عشر
حزقيال,14,80,"الإصحاح الرابع عشر
حزقيال,14,81,"الإصحاح الرابع عشر
حزقيال,14,82,"الإصحاح الرابع عشر
حزقيال,14,83,"الإصحاح الرابع عشر
حزقيال,14,84,"الإصحاح الرابع عشر
حزقيال,14,85,"الإصحاح الرابع عشر
حزقيال,14,86,"الإصحاح الرابع عشر
حزقيال,14,87,"الإصحاح الرابع عشر
حزقيال,14,88,"الإصحاح الرابع عشر
حزقيال,14,89,"الإصحاح الرابع عشر
حزقيال,14,90,"الإصحاح الرابع عشر
حزقيال,14,91,"الإصحاح الرابع عشر
حزقيال,14,92,"الإصحاح الرابع عشر
حزقيال,14,93,"الإصحاح الرابع عشر
حزقيال,14,94,"الإصحاح الرابع عشر
حزقيال,14,95,"الإصحاح الرابع عشر
حزقيال,14,96,"الإصحاح الرابع عشر
حزقيال,14,97,"الإصحاح الرابع عشر
حزقيال,14,98,"الإصحاح الرابع عشر
حزقيال,14,99,"الإصحاح الرابع عشر
حزقيال,15,1,"الإصحاح الخامس عشر
حزقيال,15,2,"الإصحاح الخامس عشر
حزقيال,15,3,"الإصحاح الخامس عشر
حزقيال,15,4,"الإصحاح الخامس عشر
حزقيال,15,5,"الإصحاح الخامس عشر
حزقيال,15,6,"الإصحاح الخامس عشر
حزقيال,15,7,"الإصحاح الخامس عشر
حزقيال,15,8,"الإصحاح الخامس عشر
حزقيال,15,9,"الإصحاح الخامس عشر
حزقيال,15,10,"الإصحاح الخامس عشر
حزقيال,15,11,"الإصحاح الخامس عشر
حزقيال,15,12,"الإصحاح الخامس عشر
حزقيال,15,13,"الإصحاح الخامس عشر
حزقيال,15,14,"الإصحاح الخامس عشر
حزقيال,15,15,"الإصحاح الخامس عشر
حزقيال,15,16,"الإصحاح الخامس عشر
حزقيال,15,17,"الإصحاح الخامس عشر
حزقيال,15,18,"الإصحاح الخامس عشر
حزقيال,15,19,"الإصحاح الخامس عشر
حزقيال,15,20,"الإصحاح الخامس عشر
حزقيال,15,21,"الإصحاح الخامس عشر
حزقيال,15,22,"الإصحاح الخامس عشر
حزقيال,15,23,"الإصحاح الخامس عشر
حزقيال,15,24,"الإصحاح الخامس عشر
حزقيال,15,25,"الإصحاح الخامس عشر
حزقيال,15,26,"الإصحاح الخامس عشر
حزقيال,15,27,"الإصحاح الخامس عشر
حزقيال,15,28,"الإصحاح الخامس عشر
حزقيال,15,29,"الإصحاح الخامس عشر
حزقيال,15,30,"الإصحاح الخامس عشر
حزقيال,15,31,"الإصحاح الخامس عشر
حزقيال,15,32,"الإصحاح الخامس عشر
حزقيال,15,33,"الإصحاح الخامس عشر
حزقيال,15,34,"الإصحاح الخامس عشر
حزقيال,15,35,"الإصحاح الخامس عشر
حزقيال,15,36,"الإصحاح الخامس عشر
حزقيال,15,37,"الإصحاح الخامس عشر
حزقيال,15,38,"الإصحاح الخامس عشر
حزقيال,15,39,"الإصحاح الخامس عشر
حزقيال,15,40,"الإصحاح الخامس عشر
حزقيال,15,41,"الإصحاح الخامس عشر
حزقيال,15,42,"الإصحاح الخامس عشر
حزقيال,15,43,"الإصحاح الخامس عشر
حزقيال,15,44,"الإصحاح الخامس عشر
حزقيال,15,45,"الإصحاح الخامس عشر
حزقيال,15,46,"الإصحاح الخامس عشر
حزقيال,15,47,"الإصحاح الخامس عشر
حزقيال,15,48,"الإصحاح الخامس عشر
حزقيال,15,49,"الإصحاح الخامس عشر
حزقيال,15,50,"الإصحاح الخامس عشر
حزقيال,15,51,"الإصحاح الخامس عشر
حزقيال,15,52,"الإصحاح الخامس عشر
حزقيال,15,53,"الإصحاح الخامس عشر
حزقيال,15,54,"الإصحاح الخامس عشر
حزقيال,15,55,"الإصحاح الخامس عشر
حزقيال,15,56,"الإصحاح الخامس عشر
حزقيال,15,57,"الإصحاح الخامس عشر
حزقيال,15,58,"الإصحاح الخامس عشر
حزقيال,15,59,"الإصحاح الخامس عشر
حزقيال,15,60,"الإصحاح الخامس عشر
حزقيال,15,61,"الإصحاح الخامس عشر
حزقيال,15,62,"الإصحاح الخامس عشر
حزقيال,15,63,"الإصحاح الخامس عشر
حزقيال,15,64,"الإصحاح الخامس عشر
حزقيال,15,65,"الإصحاح الخامس عشر
حزقيال,15,66,"الإصحاح الخامس عشر
حزقيال,15,67,"الإصحاح الخامس عشر
حزقيال,15,68,"الإصحاح الخامس عشر
حزقيال,15,69,"الإصحاح الخامس عشر
حزقيال,15,70,"الإصحاح الخامس عشر
حزقيال,15,71,"الإصحاح الخامس عشر
حزقيال,15,72,"الإصحاح الخامس عشر
حزقيال,15,73,"الإصحاح الخامس عشر
حزقيال,15,74,"الإصحاح الخامس عشر
حزقيال,15,75,"الإصحاح الخامس عشر
حزقيال,15,76,"الإصحاح الخامس عشر
حزقيال,15,77,"الإصحاح الخامس عشر
حزقيال,15,78,"الإصحاح الخامس عشر
حزقيال,15,79,"الإصحاح الخامس عشر
حزقيال,15,80,"الإصحاح الخامس عشر
حزقيال,15,81,"الإصحاح الخامس عشر
حزقيال,15,82,"الإصحاح الخامس عشر
حزقيال,15,83,"الإصحاح الخامس عشر
حزقيال,15,84,"الإصحاح الخامس عشر
حزقيال,15,85,"الإصحاح الخامس عشر
حزقيال,15,86,"الإصحاح الخامس عشر
حزقيال,15,87,"الإصحاح الخامس عشر
حزقيال,15,88,"الإصحاح الخامس عشر
حزقيال,15,89,"الإصحاح الخامس عشر
حزقيال,15,90,"الإصحاح الخامس عشر
حزقيال,15,91,"الإصحاح الخامس عشر
حزقيال,15,92,"الإصحاح الخامس عشر
حزقيال,15,93,"الإصحاح الخامس عشر
حزقيال,15,94,"الإصحاح الخامس عشر
حزقيال,15,95,"الإصحاح الخامس عشر
حزقيال,15,96,"الإصحاح الخامس عشر
حزقيال,15,97,"الإصحاح الخامس عشر
حزقيال,15,98,"الإصحاح الخامس عشر
حزقيال,15,99,"الإصحاح الخامس عشر
حزقيال,16,1,"الإصحاح السادس عشر
حزقيال,16,2,"الإصحاح السادس عشر
حزقيال,16,3,"الإصحاح السادس عشر
حزقيال,16,4,"الإصحاح السادس عشر
حزقيال,16,5,"الإصحاح السادس عشر
حزقيال,16,6,"الإصحاح السادس عشر
حزقيال,16,7,"الإصحاح السادس عشر
حزقيال,16,8,"الإصحاح السادس عشر
حزقيال,16,9,"الإصحاح السادس عشر
حزقيال,16,10,"الإصحاح السادس عشر
حزقيال,16,11,"الإصحاح السادس عشر
حزقيال,16,12,"الإصحاح السادس عشر
حزقيال,16,13,"الإصحاح السادس عشر
حزقيال,16,14,"الإصحاح السادس عشر
حزقيال,16,15,"الإصحاح السادس عشر
حزقيال,16,16,"الإصحاح السادس عشر
حزقيال,16,17,"الإصحاح السادس عشر
حزقيال,16,18,"الإصحاح السادس عشر
حزقيال,16,19,"الإصحاح السادس عشر
حزقيال,16,20,"الإصحاح السادس عشر
حزقيال,16,21,"الإصحاح السادس عشر
حزقيال,16,22,"الإصحاح السادس عشر
حزقيال,16,23,"الإصحاح السادس عشر
حزقيال,16,24,"الإصحاح السادس عشر
حزقيال,16,25,"الإصحاح السادس عشر
حزقيال,16,26,"الإصحاح السادس عشر
حزقيال,16,27,"الإصحاح السادس عشر
حزقيال,16,28,"الإصحاح السادس عشر
حزقيال,16,29,"الإصحاح السادس عشر
حزقيال,16,30,"الإصحاح السادس عشر
حزقيال,16,31,"الإصحاح السادس عشر
حزقيال,16,32,"الإصحاح السادس عشر
حزقيال,16,33,"الإصحاح السادس عشر
حزقيال,16,34,"الإصحاح السادس عشر
حزقيال,16,35,"الإصحاح السادس عشر
حزقيال,16,36,"الإصحاح السادس عشر
حزقيال,16,37,"الإصحاح السادس عشر
حزقيال,16,38,"الإصحاح السادس عشر
حزقيال,16,39,"الإصحاح السادس عشر
حزقيال,16,40,"الإصحاح السادس عشر
حزقيال,16,41,"الإصحاح السادس عشر
حزقيال,16,42,"الإصحاح السادس عشر
حزقيال,16,43,"الإصحاح السادس عشر
حزقيال,16,44,"الإصحاح السادس عشر
حزقيال,16,45,"الإصحاح السادس عشر
حزقيال,16,46,"الإصحاح السادس عشر
حزقيال,16,47,"الإصحاح السادس عشر
حزقيال,16,48,"الإصحاح السادس عشر
حزقيال,16,49,"الإصحاح السادس عشر
حزقيال,16,50,"الإصحاح السادس عشر
حزقيال,16,51,"الإصحاح السادس عشر
حزقيال,16,52,"الإصحاح السادس عشر
حزقيال,16,53,"الإصحاح السادس عشر
حزقيال,16,54,"الإصحاح السادس عشر
حزقيال,16,55,"الإصحاح السادس عشر
حزقيال,16,56,"الإصحاح السادس عشر
حزقيال,16,57,"الإصحاح السادس عشر
حزقيال,16,58,"الإصحاح السادس عشر
حزقيال,16,59,"الإصحاح السادس عشر
حزقيال,16,60,"الإصحاح السادس عشر
حزقيال,16,61,"الإصحاح السادس عشر
حزقيال,16,62,"الإصحاح السادس عشر
حزقيال,16,63,"الإصحاح السادس عشر
حزقيال,16,64,"الإصحاح السادس عشر
حزقيال,16,65,"الإصحاح السادس عشر
حزقيال,16,66,"الإصحاح السادس عشر
حزقيال,16,67,"الإصحاح السادس عشر
حزقيال,16,68,"الإصحاح السادس عشر
حزقيال,16,69,"الإصحاح السادس عشر
حزقيال,16,70,"الإصحاح السادس عشر
حزقيال,16,71,"الإصحاح السادس عشر
حزقيال,16,72,"الإصحاح السادس عشر
حزقيال,16,73,"الإصحاح السادس عشر
حزقيال,16,74,"الإصحاح السادس عشر
حزقيال,16,75,"الإصحاح السادس عشر
حزقيال,16,76,"الإصحاح السادس عشر
حزقيال,16,77,"الإصحاح السادس عشر
حزقيال,16,78,"الإصحاح السادس عشر
حزقيال,16,79,"الإصحاح السادس عشر
حزقيال,16,80,"الإصحاح السادس عشر
حزقيال,16,81,"الإصحاح السادس عشر
حزقيال,16,82,"الإصحاح السادس عشر
حزقيال,16,83,"الإصحاح السادس عشر
حزقيال,16,84,"الإصحاح السادس عشر
حزقيال,16,85,"الإصحاح السادس عشر
حزقيال,16,86,"الإصحاح السادس عشر
حزقيال,16,87,"الإصحاح السادس عشر
حزقيال,16,88,"الإصحاح السادس عشر
حزقيال,16,89,"الإصحاح السادس عشر
حزقيال,16,90,"الإصحاح السادس عشر
حزقيال,16,91,"الإصحاح السادس عشر
حزقيال,16,92,"الإصحاح السادس عشر
حزقيال,16,93,"الإصحاح السادس عشر
حزقيال,16,94,"الإصحاح السادس عشر
حزقيال,16,95,"الإصحاح السادس عشر
حزقيال,16,96,"الإصحاح السادس عشر
حزقيال,16,97,"الإصحاح السادس عشر
حزقيال,16,98,"الإصحاح السادس عشر
حزقيال,16,99,"الإصحاح السادس عشر
حزقيال,17,1,"الإصحاح السابع عشر
حزقيال,17,2,"الإصحاح السابع عشر
حزقيال,17,3,"الإصحاح السابع عشر
حزقيال,17,4,"الإصحاح السابع عشر
حزقيال,17,5,"الإصحاح السابع عشر
حزقيال,17,6,"الإصحاح السابع عشر
حزقيال,17,7,"الإصحاح السابع عشر
حزقيال,17,8,"الإصحاح السابع عشر
حزقيال,17,9,"الإصحاح السابع عشر
حزقيال,17,10,"الإصحاح السابع عشر
حزقيال,17,11,"الإصحاح السابع عشر
حزقيال,17,12,"الإصحاح السابع عشر
حزقيال,17,13,"الإصحاح السابع عشر
حزقيال,17,14,"الإصحاح السابع عشر
حزقيال,17,15,"الإصحاح السابع عشر
حزقيال,17,16,"الإصحاح السابع عشر
حزقيال,17,17,"الإصحاح السابع عشر
حزقيال,17,18,"الإصحاح السابع عشر
حزقيال,17,19,"الإصحاح السابع عشر
حزقيال,17,20,"الإصحاح السابع عشر
حزقيال,17,21,"الإصحاح السابع عشر
حزقيال,17,22,"الإصحاح السابع عشر
حزقيال,17,23,"الإصحاح السابع عشر
حزقيال,17,24,"الإصحاح السابع عشر
حزقيال,17,25,"الإصحاح السابع عشر
حزقيال,17,26,"الإصحاح السابع عشر
حزقيال,17,27,"الإصحاح السابع عشر
حزقيال,17,28,"الإصحاح السابع عشر
حزقيال,17,29,"الإصحاح السابع عشر
حزقيال,17,30,"الإصحاح السابع عشر
حزقيال,17,31,"الإصحاح السابع عشر
حزقيال,17,32,"الإصحاح السابع عشر
حزقيال,17,33,"الإصحاح السابع عشر
حزقيال,17,34,"الإصحاح السابع عشر
حزقيال,17,35,"الإصحاح السابع عشر
حزقيال,17,36,"الإصحاح السابع عشر
حزقيال,17,37,"الإصحاح السابع عشر
حزقيال,17,38,"الإصحاح السابع عشر
حزقيال,17,39,"الإصحاح السابع عشر
حزقيال,17,40,"الإصحاح السابع عشر
حزقيال,17,41,"الإصحاح السابع عشر
حزقيال,17,42,"الإصحاح السابع عشر
حزقيال,17,43,"الإصحاح السابع عشر
حزقيال,17,44,"الإصحاح السابع عشر
حزقيال,17,45,"الإصحاح السابع عشر
حزقيال,17,46,"الإصحاح السابع عشر
حزقيال,17,47,"الإصحاح السابع عشر
حزقيال,17,48,"الإصحاح السابع عشر
حزقيال,17,49,"الإصحاح السابع عشر
حزقيال,17,50,"الإصحاح السابع عشر
حزقيال,17,51,"الإصحاح السابع عشر
حزقيال,17,52,"الإصحاح السابع عشر
حزقيال,17,53,"الإصحاح السابع عشر
حزقيال,17,54,"الإصحاح السابع عشر
حزقيال,17,55,"الإصحاح السابع عشر
حزقيال,17,56,"الإصحاح السابع عشر
حزقيال,17,57,"الإصحاح السابع عشر
حزقيال,17,58,"الإصحاح السابع عشر
حزقيال,17,59,"الإصحاح السابع عشر
حزقيال,17,60,"الإصحاح السابع عشر
حزقيال,17,61,"الإصحاح السابع عشر
حزقيال,17,62,"الإصحاح السابع عشر
حزقيال,17,63,"الإصحاح السابع عشر
حزقيال,17,64,"الإصحاح السابع عشر
حزقيال,17,65,"الإصحاح السابع عشر
حزقيال,17,66,"الإصحاح السابع عشر
حزقيال,17,67,"الإصحاح السابع عشر
حزقيال,17,68,"الإصحاح السابع عشر
حزقيال,17,69,"الإصحاح السابع عشر
حزقيال,17,70,"الإصحاح السابع عشر
حزقيال,17,71,"الإصحاح السابع عشر
حزقيال,17,72,"الإصحاح السابع عشر
حزقيال,17,73,"الإصحاح السابع عشر
حزقيال,17,74,"الإصحاح السابع عشر
حزقيال,17,75,"الإصحاح السابع عشر
حزقيال,17,76,"الإصحاح السابع عشر
حزقيال,17,77,"الإصحاح السابع عشر
حزقيال,17,78,"الإصحاح السابع عشر
حزقيال,17,79,"الإصحاح السابع عشر
حزقيال,17,80,"الإصحاح السابع عشر
حزقيال,17,81,"الإصحاح السابع عشر
حزقيال,17,82,"الإصحاح السابع عشر
حزقيال,17,83,"الإصحاح السابع عشر
حزقيال,17,84,"الإصحاح السابع عشر
حزقيال,17,85,"الإصحاح السابع عشر
حزقيال,17,86,"الإصحاح السابع عشر
حزقيال,17,87,"الإصحاح السابع عشر
حزقيال,17,88,"الإصحاح السابع عشر
حزقيال,17,89,"الإصحاح السابع عشر
حزقيال,17,90,"الإصحاح السابع عشر
حزقيال,17,91,"الإصحاح السابع عشر
حزقيال,17,92,"الإصحاح السابع عشر
حزقيال,17,93,"الإصحاح السابع عشر
حزقيال,17,94,"الإصحاح السابع عشر
حزقيال,17,95,"الإصحاح السابع عشر
حزقيال,17,96,"الإصحاح السابع عشر
حزقيال,17,97,"الإصحاح السابع عشر
حزقيال,17,98,"الإصحاح السابع عشر
حزقيال,17,99,"الإصحاح السابع عشر
حزقيال,18,1,"الإصحاح الثامن عشر
حزقيال,18,2,"الإصحاح الثامن عشر
حزقيال,18,3,"الإصحاح الثامن عشر
حزقيال,18,4,"الإصحاح الثامن عشر
حزقيال,18,5,"الإصحاح الثامن عشر
حزقيال,18,6,"الإصحاح الثامن عشر
حزقيال,18,7,"الإصحاح الثامن عشر
حزقيال,18,8,"الإصحاح الثامن عشر
حزقيال,18,9,"الإصحاح الثامن عشر
حزقيال,18,10,"الإصحاح الثامن عشر
حزقيال,18,11,"الإصحاح الثامن عشر
حزقيال,18,12,"الإصحاح الثامن عشر
حزقيال,18,13,"الإصحاح الثامن عشر
حزقيال,18,14,"الإصحاح الثامن عشر
حزقيال,18,15,"الإصحاح الثامن عشر
حزقيال,18,16,"الإصحاح الثامن عشر
حزقيال,18,17,"الإصحاح الثامن عشر
حزقيال,18,18,"الإصحاح الثامن عشر
حزقيال,18,19,"الإصحاح الثامن عشر
حزقيال,18,20,"الإصحاح الثامن عشر
حزقيال,18,21,"الإصحاح الثامن عشر
حزقيال,18,22,"الإصحاح الثامن عشر
حزقيال,18,23,"الإصحاح الثامن عشر
حزقيال,18,24,"الإصحاح الثامن عشر
حزقيال,18,25,"الإصحاح الثامن عشر
حزقيال,18,26,"الإصحاح الثامن عشر
حزقيال,18,27,"الإصحاح الثامن عشر
حزقيال,18,28,"الإصحاح الثامن عشر
حزقيال,18,29,"الإصحاح الثامن عشر
حزقيال,18,30,"الإصحاح الثامن عشر
حزقيال,18,31,"الإصحاح الثامن عشر
حزقيال,18,32,"الإصحاح الثامن عشر
حزقيال,18,33,"الإصحاح الثامن عشر
حزقيال,18,34,"الإصحاح الثامن عشر
حزقيال,18,35,"الإصحاح الثامن عشر
حزقيال,18,36,"الإصحاح الثامن عشر
حزقيال,18,37,"الإصحاح الثامن عشر
حزقيال,18,38,"الإصحاح الثامن عشر
حزقيال,18,39,"الإصحاح الثامن عشر
حزقيال,18,40,"الإصحاح الثامن عشر
حزقيال,18,41,"الإصحاح الثامن عشر
حزقيال,18,42,"الإصحاح الثامن عشر
حزقيال,18,43,"الإصحاح الثامن عشر
حزقيال,18,44,"الإصحاح الثامن عشر
حزقيال,18,45,"الإصحاح الثامن عشر
حزقيال,18,46,"الإصحاح الثامن عشر
حزقيال,18,47,"الإصحاح الثامن عشر
حزقيال,18,48,"الإصحاح الثامن عشر
حزقيال,18,49,"الإصحاح الثامن عشر
حزقيال,18,50,"الإصحاح الثامن عشر
حزقيال,18,51,"الإصحاح الثامن عشر
حزقيال,18,52,"الإصحاح الثامن عشر
حزقيال,18,53,"الإصحاح الثامن عشر
حزقيال,18,54,"الإصحاح الثامن عشر
حزقيال,18,55,"الإصحاح الثامن عشر
حزقيال,18,56,"الإصحاح الثامن عشر
حزقيال,18,57,"الإصحاح الثامن عشر
حزقيال,18,58,"الإصحاح الثامن عشر
حزقيال,18,59,"الإصحاح الثامن عشر
حزقيال,18,60,"الإصحاح الثامن عشر
حزقيال,18,61,"الإصحاح الثامن عشر
حزقيال,18,62,"الإصحاح الثامن عشر
حزقيال,18,63,"الإصحاح الثامن عشر
حزقيال,18,64,"الإصحاح الثامن عشر
حزقيال,18,65,"الإصحاح الثامن عشر
حزقيال,18,66,"الإصحاح الثامن عشر
حزقيال,18,67,"الإصحاح الثامن عشر
حزقيال,18,68,"الإصحاح الثامن عشر
حزقيال,18,69,"الإصحاح الثامن عشر
حزقيال,18,70,"الإصحاح الثامن عشر
حزقيال,18,71,"الإصحاح الثامن عشر
حزقيال,18,72,"الإصحاح الثامن عشر
حزقيال,18,73,"الإصحاح الثامن عشر
حزقيال,18,74,"الإصحاح الثامن عشر
حزقيال,18,75,"الإصحاح الثامن عشر
حزقيال,18,76,"الإصحاح الثامن عشر
حزقيال,18,77,"الإصحاح الثامن عشر
حزقيال,18,78,"الإصحاح الثامن عشر
حزقيال,18,79,"الإصحاح الثامن عشر
حزقيال,18,80,"الإصحاح الثامن عشر
حزقيال,18,81,"الإصحاح الثامن عشر
حزقيال,18,82,"الإصحاح الثامن عشر
حزقيال,18,83,"الإصحاح الثامن عشر
حزقيال,18,84,"الإصحاح الثامن عشر
حزقيال,18,85,"الإصحاح الثامن عشر
حزقيال,18,86,"الإصحاح الثامن عشر
حزقيال,18,87,"الإصحاح الثامن عشر
حزقيال,18,88,"الإصحاح الثامن عشر
حزقيال,18,89,"الإصحاح الثامن عشر
حزقيال,18,90,"الإصحاح الثامن عشر
حزقيال,18,91,"الإصحاح الثامن عشر
حزقيال,18,92,"الإصحاح الثامن عشر
حزقيال,18,93,"الإصحاح الثامن عشر
حزقيال,18,94,"الإصحاح الثامن عشر
حزقيال,18,95,"الإصحاح الثامن عشر
حزقيال,18,96,"الإصحاح الثامن عشر
حزقيال,18,97,"الإصحاح الثامن عشر
حزقيال,18,98,"الإصحاح الثامن عشر
حزقيال,18,99,"الإصحاح الثامن عشر
حزقيال,19,1,"الإصحاح التاسع عشر
حزقيال,19,2,"الإصحاح التاسع عشر
حزقيال,19,3,"الإصحاح التاسع عشر
حزقيال,19,4,"الإصحاح التاسع عشر
حزقيال,19,5,"الإصحاح التاسع عشر
حزقيال,19,6,"الإصحاح التاسع عشر
حزقيال,19,7,"الإصحاح التاسع عشر
حزقيال,19,8,"الإصحاح التاسع عشر
حزقيال,19,9,"الإصحاح التاسع عشر
حزقيال,19,10,"الإصحاح التاسع عشر
حزقيال,19,11,"الإصحاح التاسع عشر
حزقيال,19,12,"الإصحاح التاسع عشر
حزقيال,19,13,"الإصحاح التاسع عشر
حزقيال,19,14,"الإصحاح التاسع عشر
حزقيال,19,15,"الإصحاح التاسع عشر
حزقيال,19,16,"الإصحاح التاسع عشر
حزقيال,19,17,"الإصحاح التاسع عشر
حزقيال,19,18,"الإصحاح التاسع عشر
حزقيال,19,19,"الإصحاح التاسع عشر
حزقيال,19,20,"الإصحاح التاسع عشر
حزقيال,19,21,"الإصحاح التاسع عشر
حزقيال,19,22,"الإصحاح التاسع عشر
حزقيال,19,23,"الإصحاح التاسع عشر
حزقيال,19,24,"الإصحاح التاسع عشر
حزقيال,19,25,"الإصحاح التاسع عشر
حزقيال,19,26,"الإصحاح التاسع عشر
حزقيال,19,27,"الإصحاح التاسع عشر
حزقيال,19,28,"الإصحاح التاسع عشر
حزقيال,19,29,"الإصحاح التاسع عشر
حزقيال,19,30,"الإصحاح التاسع عشر
حزقيال,19,31,"الإصحاح التاسع عشر
حزقيال,19,32,"الإصحاح التاسع عشر
حزقيال,19,33,"الإصحاح التاسع عشر
حزقيال,19,34,"الإصحاح التاسع عشر
حزقيال,19,35,"الإصحاح التاسع عشر
حزقيال,19,36,"الإصحاح التاسع عشر
حزقيال,19,37,"الإصحاح التاسع عشر
حزقيال,19,38,"الإصحاح التاسع عشر
حزقيال,19,39,"الإصحاح التاسع عشر
حزقيال,19,40,"الإصحاح التاسع عشر
حزقيال,19,41,"الإصحاح التاسع عشر
حزقيال,19,42,"الإصحاح التاسع عشر
حزقيال,19,43,"الإصحاح التاسع عشر
حزقيال,19,44,"الإصحاح التاسع عشر
حزقيال,19,45,"الإصحاح التاسع عشر
حزقيال,19,46,"الإصحاح التاسع عشر
حزقيال,19,47,"الإصحاح التاسع عشر
حزقيال,19,48,"الإصحاح التاسع عشر
حزقيال,19,49,"الإصحاح التاسع عشر
حزقيال,19,50,"الإصحاح التاسع عشر
حزقيال,19,51,"الإصحاح التاسع عشر
حزقيال,19,52,"الإصحاح التاسع عشر
حزقيال,19,53,"الإصحاح التاسع عشر
حزقيال,19,54,"الإصحاح التاسع عشر
حزقيال,19,55,"الإصحاح التاسع عشر
حزقيال,19,56,"الإصحاح التاسع عشر
حزقيال,19,57,"الإصحاح التاسع عشر
حزقيال,19,58,"الإصحاح التاسع عشر
حزقيال,19,59,"الإصحاح التاسع عشر
حزقيال,19,60,"الإصحاح التاسع عشر
حزقيال,19,61,"الإصحاح التاسع عشر
حزقيال,19,62,"الإصحاح التاسع عشر
حزقيال,19,63,"الإصحاح التاسع عشر
حزقيال,19,64,"الإصحاح التاسع عشر
حزقيال,19,65,"الإصحاح التاسع عشر
حزقيال,19,66,"الإصحاح التاسع عشر
حزقيال,19,67,"الإصحاح التاسع عشر
حزقيال,19,68,"الإصحاح التاسع عشر
حزقيال,19,69,"الإصحاح التاسع عشر
حزقيال,19,70,"الإصحاح التاسع عشر
حزقيال,19,71,"الإصحاح التاسع عشر
حزقيال,19,72,"الإصحاح التاسع عشر
حزقيال,19,73,"الإصحاح التاسع عشر
حزقيال,19,74,"الإصحاح التاسع عشر
حزقيال,19,75,"الإصحاح التاسع عشر
حزقيال,19,76,"الإصحاح التاسع عشر
حزقيال,19,77,"الإصحاح التاسع عشر
حزقيال,19,78,"الإصحاح التاسع عشر
حزقيال,19,79,"الإصحاح التاسع عشر
حزقيال,19,80,"الإصحاح التاسع عشر
حزقيال,19,81,"الإصحاح التاسع عشر
حزقيال,19,82,"الإصحاح التاسع عشر
حزقيال,19,83,"الإصحاح التاسع عشر
حزقيال,19,84,"الإصحاح التاسع عشر
حزقيال,19,85,"الإصحاح التاسع عشر
حزقيال,19,86,"الإصحاح التاسع عشر
حزقيال,19,87,"الإصحاح التاسع عشر
حزقيال,19,88,"الإصحاح التاسع عشر
حزقيال,19,89,"الإصحاح التاسع عشر
حزقيال,19,90,"الإصحاح التاسع عشر
حزقيال,19,91,"الإصحاح التاسع عشر
حزقيال,19,92,"الإصحاح التاسع عشر
حزقيال,19,93,"الإصحاح التاسع عشر
حزقيال,19,94,"الإصحاح التاسع عشر
حزقيال,19,95,"الإصحاح التاسع عشر
حزقيال,19,96,"الإصحاح التاسع عشر
حزقيال,19,97,"الإصحاح التاسع عشر
حزقيال,19,98,"الإصحاح التاسع عشر
حزقيال,19,99,"الإصحاح التاسع عشر
حزقيال,20,1,"الإصحاح العشرون
حزقيال,20,2,"الإصحاح العشرون
حزقيال,20,3,"الإصحاح العشرون
حزقيال,20,4,"الإصحاح العشرون
حزقيال,20,5,"الإصحاح العشرون
حزقيال,20,6,"الإصحاح العشرون
حزقيال,20,7,"الإصحاح العشرون
حزقيال,20,8,"الإصحاح العشرون
حزقيال,20,9,"الإصحاح العشرون
حزقيال,20,10,"الإصحاح العشرون
حزقيال,20,11,"الإصحاح العشرون
حزقيال,20,12,"الإصحاح العشرون
حزقيال,20,13,"الإصحاح العشرون
حزقيال,20,14,"الإصحاح العشرون
حزقيال,20,15,"الإصحاح العشرون
حزقيال,20,16,"الإصحاح العشرون
حزقيال,20,17,"الإصحاح العشرون
حزقيال,20,18,"الإصحاح العشرون
حزقيال,20,19,"الإصحاح العشرون
حزقيال,20,20,"الإصحاح العشرون
حزقيال,20,21,"الإصحاح العشرون
حزقيال,20,22,"الإصحاح العشرون
حزقيال,20,23,"الإصحاح العشرون
حزقيال,20,24,"الإصحاح العشرون
حزقيال,20,25,"الإصحاح العشرون
حزقيال,20,26,"الإصحاح العشرون
حزقيال,20,27,"الإصحاح العشرون
حزقيال,20,28,"الإصحاح العشرون
حزقيال,20,29,"الإصحاح العشرون
حزقيال,20,30,"الإصحاح العشرون
حزقيال,20,31,"الإصحاح العشرون
حزقيال,20,32,"الإصحاح العشرون
حزقيال,20,33,"الإصحاح العشرون
حزقيال,20,34,"الإصحاح العشرون
حزقيال,20,35,"الإصحاح العشرون
حزقيال,20,36,"الإصحاح العشرون
حزقيال,20,37,"الإصحاح العشرون
حزقيال,20,38,"الإصحاح العشرون
حزقيال,20,39,"الإصحاح العشرون
حزقيال,20,40,"الإصحاح العشرون
حزقيال,20,41,"الإصحاح العشرون
حزقيال,20,42,"الإصحاح العشرون
حزقيال,20,43,"الإصحاح العشرون
حزقيال,20,44,"الإصحاح العشرون
حزقيال,20,45,"الإصحاح العشرون
حزقيال,20,46,"الإصحاح العشرون
حزقيال,20,47,"الإصحاح العشرون
حزقيال,20,48,"الإصحاح العشرون
حزقيال,20,49,"الإصحاح العشرون
حزقيال,20,50,"الإصحاح العشرون
حزقيال,20,51,"الإصحاح العشرون
حزقيال,20,52,"الإصحاح العشرون
حزقيال,20,53,"الإصحاح العشرون
حزقيال,20,54,"الإصحاح العشرون
حزقيال,20,55,"الإصحاح العشرون
حزقيال,20,56,"الإصحاح العشرون
حزقيال,20,57,"الإصحاح العشرون
حزقيال,20,58,"الإصحاح العشرون
حزقيال,20,59,"الإصحاح العشرون
حزقيال,20,60,"الإصحاح العشرون
حزقيال,20,61,"الإصحاح العشرون
حزقيال,20,62,"الإصحاح العشرون
حزقيال,20,63,"الإصحاح العشرون
حزقيال,20,64,"الإصحاح العشرون
حزقيال,20,65,"الإصحاح العشرون
حزقيال,20,66,"الإصحاح العشرون
حزقيال,20,67,"الإصحاح العشرون
حزقيال,20,68,"الإصحاح العشرون
حزقيال,20,69,"الإصحاح العشرون
حزقيال,20,70,"الإصحاح العشرون
حزقيال,20,71,"الإصحاح العشرون
حزقيال,20,72,"الإصحاح العشرون
حزقيال,20,73,"الإصحاح العشرون
حزقيال,20,74,"الإصحاح العشرون
حزقيال,20,75,"الإصحاح العشرون
حزقيال,20,76,"الإصحاح العشرون
حزقيال,20,77,"الإصحاح العشرون
حزقيال,20,78,"الإصحاح العشرون
حزقيال,20,79,"الإصحاح العشرون
حزقيال,20,80,"الإصحاح العشرون
حزقيال,20,81,"الإصحاح العشرون
حزقيال,20,82,"الإصحاح العشرون
حزقيال,20,83,"الإصحاح العشرون
حزقيال,20,84,"الإصحاح العشرون
حزقيال,20,85,"الإصحاح العشرون
حزقيال,20,86,"الإصحاح العشرون
حزقيال,20,87,"الإصحاح العشرون
حزقيال,20,88,"الإصحاح العشرون
حزقيال,20,89,"الإصحاح العشرون
حزقيال,20,90,"الإصحاح العشرون
حزقيال,20,91,"الإصحاح العشرون
حزقيال,20,92,"الإصحاح العشرون
حزقيال,20,93,"الإصحاح العشرون
حزقيال,20,94,"الإصحاح العشرون
حزقيال,20,95,"الإصحاح العشرون
حزقيال,20,96,"الإصحاح العشرون
حزقيال,20,97,"الإصحاح العشرون
حزقيال,20,98,"الإصحاح العشرون
حزقيال,20,99,"الإصحاح العشرون
حزقيال,21,1,"الإصحاح الحادى والعشرون
حزقيال,21,2,"الإصحاح الحادى والعشرون
حزقيال,21,3,"الإصحاح الحادى والعشرون
حزقيال,21,4,"الإصحاح الحادى والعشرون
حزقيال,21,5,"الإصحاح الحادى والعشرون
حزقيال,21,6,"الإصحاح الحادى والعشرون
حزقيال,21,7,"الإصحاح الحادى والعشرون
حزقيال,21,8,"الإصحاح الحادى والعشرون
حزقيال,21,9,"الإصحاح الحادى والعشرون
حزقيال,21,10,"الإصحاح الحادى والعشرون
حزقيال,21,11,"الإصحاح الحادى والعشرون
حزقيال,21,12,"الإصحاح الحادى والعشرون
حزقيال,21,13,"الإصحاح الحادى والعشرون
حزقيال,21,14,"الإصحاح الحادى والعشرون
حزقيال,21,15,"الإصحاح الحادى والعشرون
حزقيال,21,16,"الإصحاح الحادى والعشرون
حزقيال,21,17,"الإصحاح الحادى والعشرون
حزقيال,21,18,"الإصحاح الحادى والعشرون
حزقيال,21,19,"الإصحاح الحادى والعشرون
حزقيال,21,20,"الإصحاح الحادى والعشرون
حزقيال,21,21,"الإصحاح الحادى والعشرون
حزقيال,21,22,"الإصحاح الحادى والعشرون
حزقيال,21,23,"الإصحاح الحادى والعشرون
حزقيال,21,24,"الإصحاح الحادى والعشرون
حزقيال,21,25,"الإصحاح الحادى والعشرون
حزقيال,21,26,"الإصحاح الحادى والعشرون
حزقيال,21,27,"الإصحاح الحادى والعشرون
حزقيال,21,28,"الإصحاح الحادى والعشرون
حزقيال,21,29,"الإصحاح الحادى والعشرون
حزقيال,21,30,"الإصحاح الحادى والعشرون
حزقيال,21,31,"الإصحاح الحادى والعشرون
حزقيال,21,32,"الإصحاح الحادى والعشرون
حزقيال,21,33,"الإصحاح الحادى والعشرون
حزقيال,21,34,"الإصحاح الحادى والعشرون
حزقيال,21,35,"الإصحاح الحادى والعشرون
حزقيال,21,36,"الإصحاح الحادى والعشرون
حزقيال,21,37,"الإصحاح الحادى والعشرون
حزقيال,21,38,"الإصحاح الحادى والعشرون
حزقيال,21,39,"الإصحاح الحادى والعشرون
حزقيال,21,40,"الإصحاح الحادى والعشرون
حزقيال,21,41,"الإصحاح الحادى والعشرون
حزقيال,21,42,"الإصحاح الحادى والعشرون
حزقيال,21,43,"الإصحاح الحادى والعشرون
حزقيال,21,44,"الإصحاح الحادى والعشرون
حزقيال,21,45,"الإصحاح الحادى والعشرون
حزقيال,21,46,"الإصحاح الحادى والعشرون
حزقيال,21,47,"الإصحاح الحادى والعشرون
حزقيال,21,48,"الإصحاح الحادى والعشرون
حزقيال,21,49,"الإصحاح الحادى والعشرون
حزقيال,21,50,"الإصحاح الحادى والعشرون
حزقيال,21,51,"الإصحاح الحادى والعشرون
حزقيال,21,52,"الإصحاح الحادى والعشرون
حزقيال,21,53,"الإصحاح الحادى والعشرون
حزقيال,21,54,"الإصحاح الحادى والعشرون
حزقيال,21,55,"الإصحاح الحادى والعشرون
حزقيال,21,56,"الإصحاح الحادى والعشرون
حزقيال,21,57,"الإصحاح الحادى والعشرون
حزقيال,21,58,"الإصحاح الحادى والعشرون
حزقيال,21,59,"الإصحاح الحادى والعشرون
حزقيال,21,60,"الإصحاح الحادى والعشرون
حزقيال,21,61,"الإصحاح الحادى والعشرون
حزقيال,21,62,"الإصحاح الحادى والعشرون
حزقيال,21,63,"الإصحاح الحادى والعشرون
حزقيال,21,64,"الإصحاح الحادى والعشرون
حزقيال,21,65,"الإصحاح الحادى والعشرون
حزقيال,21,66,"الإصحاح الحادى والعشرون
حزقيال,21,67,"الإصحاح الحادى والعشرون
حزقيال,21,68,"الإصحاح الحادى والعشرون
حزقيال,21,69,"الإصحاح الحادى والعشرون
حزقيال,21,70,"الإصحاح الحادى والعشرون
حزقيال,21,71,"الإصحاح الحادى والعشرون
حزقيال,21,72,"الإصحاح الحادى والعشرون
حزقيال,21,73,"الإصحاح الحادى والعشرون
حزقيال,21,74,"الإصحاح الحادى والعشرون
حزقيال,21,75,"الإصحاح الحادى والعشرون
حزقيال,21,76,"الإصحاح الحادى والعشرون
حزقيال,21,77,"الإصحاح الحادى والعشرون
حزقيال,21,78,"الإصحاح الحادى والعشرون
حزقيال,21,79,"الإصحاح الحادى والعشرون
حزقيال,21,80,"الإصحاح الحادى والعشرون
حزقيال,21,81,"الإصحاح الحادى والعشرون
حزقيال,21,82,"الإصحاح الحادى والعشرون
حزقيال,21,83,"الإصحاح الحادى والعشرون
حزقيال,21,84,"الإصحاح الحادى والعشرون
حزقيال,21,85,"الإصحاح الحادى والعشرون
حزقيال,21,86,"الإصحاح الحادى والعشرون
حزقيال,21,87,"الإصحاح الحادى والعشرون
حزقيال,21,88,"الإصحاح الحادى والعشرون
حزقيال,21,89,"الإصحاح الحادى والعشرون
حزقيال,21,90,"الإصحاح الحادى والعشرون
حزقيال,21,91,"الإصحاح الحادى والعشرون
حزقيال,21,92,"الإصحاح الحادى والعشرون
حزقيال,21,93,"الإصحاح الحادى والعشرون
حزقيال,21,94,"الإصحاح الحادى والعشرون
حزقيال,21,95,"الإصحاح الحادى والعشرون
حزقيال,21,96,"الإصحاح الحادى والعشرون
حزقيال,21,97,"الإصحاح الحادى والعشرون
حزقيال,21,98,"الإصحاح الحادى والعشرون
حزقيال,21,99,"الإصحاح الحادى والعشرون
حزقيال,22,1,"الإصحاح الثانى والعشرون
حزقيال,22,2,"الإصحاح الثانى والعشرون
حزقيال,22,3,"الإصحاح الثانى والعشرون
حزقيال,22,4,"الإصحاح الثانى والعشرون
حزقيال,22,5,"الإصحاح الثانى والعشرون
حزقيال,22,6,"الإصحاح الثانى والعشرون
حزقيال,22,7,"الإصحاح الثانى والعشرون
حزقيال,22,8,"الإصحاح الثانى والعشرون
حزقيال,22,9,"الإصحاح الثانى والعشرون
حزقيال,22,10,"الإصحاح الثانى والعشرون
حزقيال,22,11,"الإصحاح الثانى والعشرون
حزقيال,22,12,"الإصحاح الثانى والعشرون
حزقيال,22,13,"الإصحاح الثانى والعشرون
حزقيال,22,14,"الإصحاح الثانى والعشرون
حزقيال,22,15,"الإصحاح الثانى والعشرون
حزقيال,22,16,"الإصحاح الثانى والعشرون
حزقيال,22,17,"الإصحاح الثانى والعشرون
حزقيال,22,18,"الإصحاح الثانى والعشرون
حزقيال,22,19,"الإصحاح الثانى والعشرون
حزقيال,22,20,"الإصحاح الثانى والعشرون
حزقيال,22,21,"الإصحاح الثانى والعشرون
حزقيال,22,22,"الإصحاح الثانى والعشرون
حزقيال,22,23,"الإصحاح الثانى والعشرون
حزقيال,22,24,"الإصحاح الثانى والعشرون
حزقيال,22,25,"الإصحاح الثانى والعشرون
حزقيال,22,26,"الإصحاح الثانى والعشرون
حزقيال,22,27,"الإصحاح الثانى والعشرون
حزقيال,22,28,"الإصحاح الثانى والعشرون
حزقيال,22,29,"الإصحاح الثانى والعشرون
حزقيال,22,30,"الإصحاح الثانى والعشرون
حزقيال,22,31,"الإصحاح الثانى والعشرون
حزقيال,22,32,"الإصحاح الثانى والعشرون
حزقيال,22,33,"الإصحاح الثانى والعشرون
حزقيال,22,34,"الإصحاح الثانى والعشرون
حزقيال,22,35,"الإصحاح الثانى والعشرون
حزقيال,22,36,"الإصحاح الثانى والعشرون
حزقيال,22,37,"الإصحاح الثانى والعشرون
حزقيال,22,38,"الإصحاح الثانى والعشرون
حزقيال,22,39,"الإصحاح الثانى والعشرون
حزقيال,22,40,"الإصحاح الثانى والعشرون
حزقيال,22,41,"الإصحاح الثانى والعشرون
حزقيال,22,42,"الإصحاح الثانى والعشرون
حزقيال,22,43,"الإصحاح الثانى والعشرون
حزقيال,22,44,"الإصحاح الثانى والعشرون
حزقيال,22,45,"الإصحاح الثانى والعشرون
حزقيال,22,46,"الإصحاح الثانى والعشرون
حزقيال,22,47,"الإصحاح الثانى والعشرون
حزقيال,22,48,"الإصحاح الثانى والعشرون
حزقيال,22,49,"الإصحاح الثانى والعشرون
حزقيال,22,50,"الإصحاح الثانى والعشرون
حزقيال,22,51,"الإصحاح الثانى والعشرون
حزقيال,22,52,"الإصحاح الثانى والعشرون
حزقيال,22,53,"الإصحاح الثانى والعشرون
حزقيال,22,54,"الإصحاح الثانى والعشرون
حزقيال,22,55,"الإصحاح الثانى والعشرون
حزقيال,22,56,"الإصحاح الثانى والعشرون
حزقيال,22,57,"الإصحاح الثانى والعشرون
حزقيال,22,58,"الإصحاح الثانى والعشرون
حزقيال,22,59,"الإصحاح الثانى والعشرون
حزقيال,22,60,"الإصحاح الثانى والعشرون
حزقيال,22,61,"الإصحاح الثانى والعشرون
حزقيال,22,62,"الإصحاح الثانى والعشرون
حزقيال,22,63,"الإصحاح الثانى والعشرون
حزقيال,22,64,"الإصحاح الثانى والعشرون
حزقيال,22,65,"الإصحاح الثانى والعشرون
حزقيال,22,66,"الإصحاح الثانى والعشرون
حزقيال,22,67,"الإصحاح الثانى والعشرون
حزقيال,22,68,"الإصحاح الثانى والعشرون
حزقيال,22,69,"الإصحاح الثانى والعشرون
حزقيال,22,70,"الإصحاح الثانى والعشرون
حزقيال,22,71,"الإصحاح الثانى والعشرون
حزقيال,22,72,"الإصحاح الثانى والعشرون
حزقيال,22,73,"الإصحاح الثانى والعشرون
حزقيال,22,74,"الإصحاح الثانى والعشرون
حزقيال,22,75,"الإصحاح الثانى والعشرون
حزقيال,22,76,"الإصحاح الثانى والعشرون
حزقيال,22,77,"الإصحاح الثانى والعشرون
حزقيال,22,78,"الإصحاح الثانى والعشرون
حزقيال,22,79,"الإصحاح الثانى والعشرون
حزقيال,22,80,"الإصحاح الثانى والعشرون
حزقيال,22,81,"الإصحاح الثانى والعشرون
حزقيال,22,82,"الإصحاح الثانى والعشرون
حزقيال,22,83,"الإصحاح الثانى والعشرون
حزقيال,22,84,"الإصحاح الثانى والعشرون
حزقيال,22,85,"الإصحاح الثانى والعشرون
حزقيال,22,86,"الإصحاح الثانى والعشرون
حزقيال,22,87,"الإصحاح الثانى والعشرون
حزقيال,22,88,"الإصحاح الثانى والعشرون
حزقيال,22,89,"الإصحاح الثانى والعشرون
حزقيال,22,90,"الإصحاح الثانى والعشرون
حزقيال,22,91,"الإصحاح الثانى والعشرون
حزقيال,22,92,"الإصحاح الثانى والعشرون
حزقيال,22,93,"الإصحاح الثانى والعشرون
حزقيال,22,94,"الإصحاح الثانى والعشرون
حزقيال,22,95,"الإصحاح الثانى والعشرون
حزقيال,22,96,"الإصحاح الثانى والعشرون
حزقيال,22,97,"الإصحاح الثانى والعشرون
حزقيال,22,98,"الإصحاح الثانى والعشرون
حزقيال,22,99,"الإصحاح الثانى والعشرون
حزقيال,23,1,"الإصحاح الثالث والعشرون
حزقيال,23,2,"الإصحاح الثالث والعشرون
حزقيال,23,3,"الإصحاح الثالث والعشرون
حزقيال,23,4,"الإصحاح الثالث والعشرون
حزقيال,23,5,"الإصحاح الثالث والعشرون
حزقيال,23,6,"الإصحاح الثالث والعشرون
حزقيال,23,7,"الإصحاح الثالث والعشرون
حزقيال,23,8,"الإصحاح الثالث والعشرون
حزقيال,23,9,"الإصحاح الثالث والعشرون
حزقيال,23,10,"الإصحاح الثالث والعشرون
حزقيال,23,11,"الإصحاح الثالث والعشرون
حزقيال,23,12,"الإصحاح الثالث والعشرون
حزقيال,23,13,"الإصحاح الثالث والعشرون
حزقيال,23,14,"الإصحاح الثالث والعشرون
حزقيال,23,15,"الإصحاح الثالث والعشرون
حزقيال,23,16,"الإصحاح الثالث والعشرون
حزقيال,23,17,"الإصحاح الثالث والعشرون
حزقيال,23,18,"الإصحاح الثالث والعشرون
حزقيال,23,19,"الإصحاح الثالث والعشرون
حزقيال,23,20,"الإصحاح الثالث والعشرون
حزقيال,23,21,"الإصحاح الثالث والعشرون
حزقيال,23,22,"الإصحاح الثالث والعشرون
حزقيال,23,23,"الإصحاح الثالث والعشرون
حزقيال,23,24,"الإصحاح الثالث والعشرون
حزقيال,23,25,"الإصحاح الثالث والعشرون
حزقيال,23,26,"الإصحاح الثالث والعشرون
حزقيال,23,27,"الإصحاح الثالث والعشرون
حزقيال,23,28,"الإصحاح الثالث والعشرون
حزقيال,23,29,"الإصحاح الثالث والعشرون
حزقيال,23,30,"الإصحاح الثالث والعشرون
حزقيال,23,31,"الإصحاح الثالث والعشرون
حزقيال,23,32,"الإصحاح الثالث والعشرون
حزقيال,23,33,"الإصحاح الثالث والعشرون
حزقيال,23,34,"الإصحاح الثالث والعشرون
حزقيال,23,35,"الإصحاح الثالث والعشرون
حزقيال,23,36,"الإصحاح الثالث والعشرون
حزقيال,23,37,"الإصحاح الثالث والعشرون
حزقيال,23,38,"الإصحاح الثالث والعشرون
حزقيال,23,39,"الإصحاح الثالث والعشرون
حزقيال,23,40,"الإصحاح الثالث والعشرون
حزقيال,23,41,"الإصحاح الثالث والعشرون
حزقيال,23,42,"الإصحاح الثالث والعشرون
حزقيال,23,43,"الإصحاح الثالث والعشرون
حزقيال,23,44,"الإصحاح الثالث والعشرون
حزقيال,23,45,"الإصحاح الثالث والعشرون
حزقيال,23,46,"الإصحاح الثالث والعشرون
حزقيال,23,47,"الإصحاح الثالث والعشرون
حزقيال,23,48,"الإصحاح الثالث والعشرون
حزقيال,23,49,"الإصحاح الثالث والعشرون
حزقيال,23,50,"الإصحاح الثالث والعشرون
حزقيال,23,51,"الإصحاح الثالث والعشرون
حزقيال,23,52,"الإصحاح الثالث والعشرون
حزقيال,23,53,"الإصحاح الثالث والعشرون
حزقيال,23,54,"الإصحاح الثالث والعشرون
حزقيال,23,55,"الإصحاح الثالث والعشرون
حزقيال,23,56,"الإصحاح الثالث والعشرون
حزقيال,23,57,"الإصحاح الثالث والعشرون
حزقيال,23,58,"الإصحاح الثالث والعشرون
حزقيال,23,59,"الإصحاح الثالث والعشرون
حزقيال,23,60,"الإصحاح الثالث والعشرون
حزقيال,23,61,"الإصحاح الثالث والعشرون
حزقيال,23,62,"الإصحاح الثالث والعشرون
حزقيال,23,63,"الإصحاح الثالث والعشرون
حزقيال,23,64,"الإصحاح الثالث والعشرون
حزقيال,23,65,"الإصحاح الثالث والعشرون
حزقيال,23,66,"الإصحاح الثالث والعشرون
حزقيال,23,67,"الإصحاح الثالث والعشرون
حزقيال,23,68,"الإصحاح الثالث والعشرون
حزقيال,23,69,"الإصحاح الثالث والعشرون
حزقيال,23,70,"الإصحاح الثالث والعشرون
حزقيال,23,71,"الإصحاح الثالث والعشرون
حزقيال,23,72,"الإصحاح الثالث والعشرون
حزقيال,23,73,"الإصحاح الثالث والعشرون
حزقيال,23,74,"الإصحاح الثالث والعشرون
حزقيال,23,75,"الإصحاح الثالث والعشرون
حزقيال,23,76,"الإصحاح الثالث والعشرون
حزقيال,23,77,"الإصحاح الثالث والعشرون
حزقيال,23,78,"الإصحاح الثالث والعشرون
حزقيال,23,79,"الإصحاح الثالث والعشرون
حزقيال,23,80,"الإصحاح الثالث والعشرون
حزقيال,23,81,"الإصحاح الثالث والعشرون
حزقيال,23,82,"الإصحاح الثالث والعشرون
حزقيال,23,83,"الإصحاح الثالث والعشرون
حزقيال,23,84,"الإصحاح الثالث والعشرون
حزقيال,23,85,"الإصحاح الثالث والعشرون
حزقيال,23,86,"الإصحاح الثالث والعشرون
حزقيال,23,87,"الإصحاح الثالث والعشرون
حزقيال,23,88,"الإصحاح الثالث والعشرون
حزقيال,23,89,"الإصحاح الثالث والعشرون
حزقيال,23,90,"الإصحاح الثالث والعشرون
حزقيال,23,91,"الإصحاح الثالث والعشرون
حزقيال,23,92,"الإصحاح الثالث والعشرون
حزقيال,23,93,"الإصحاح الثالث والعشرون
حزقيال,23,94,"الإصحاح الثالث والعشرون
حزقيال,23,95,"الإصحاح الثالث والعشرون
حزقيال,23,96,"الإصحاح الثالث والعشرون
حزقيال,23,97,"الإصحاح الثالث والعشرون
حزقيال,23,98,"الإصحاح الثالث والعشرون
حزقيال,23,99,"الإصحاح الثالث والعشرون
حزقيال,24,1,"الإصحاح الرابع والعشرون
حزقيال,24,2,"الإصحاح الرابع والعشرون
حزقيال,24,3,"الإصحاح الرابع والعشرون
حزقيال,24,4,"الإصحاح الرابع والعشرون
حزقيال,24,5,"الإصحاح الرابع والعشرون
حزقيال,24,6,"الإصحاح الرابع والعشرون
حزقيال,24,7,"الإصحاح الرابع والعشرون
حزقيال,24,8,"الإصحاح الرابع والعشرون
حزقيال,24,9,"الإصحاح الرابع والعشرون
حزقيال,24,10,"الإصحاح الرابع والعشرون
حزقيال,24,11,"الإصحاح الرابع والعشرون
حزقيال,24,12,"الإصحاح الرابع والعشرون
حزقيال,24,13,"الإصحاح الرابع والعشرون
حزقيال,24,14,"الإصحاح الرابع والعشرون
حزقيال,24,15,"الإصحاح الرابع والعشرون
حزقيال,24,16,"الإصحاح الرابع والعشرون
حزقيال,24,17,"الإصحاح الرابع والعشرون
حزقيال,24,18,"الإصحاح الرابع والعشرون
حزقيال,24,19,"الإصحاح الرابع والعشرون
حزقيال,24,20,"الإصحاح الرابع والعشرون
حزقيال,24,21,"الإصحاح الرابع والعشرون
حزقيال,24,22,"الإصحاح الرابع والعشرون
حزقيال,24,23,"الإصحاح الرابع والعشرون
حزقيال,24,24,"الإصحاح الرابع والعشرون
حزقيال,24,25,"الإصحاح الرابع والعشرون
حزقيال,24,26,"الإصحاح الرابع والعشرون
حزقيال,24,27,"الإصحاح الرابع والعشرون
حزقيال,24,28,"الإصحاح الرابع والعشرون
حزقيال,24,29,"الإصحاح الرابع والعشرون
حزقيال,24,30,"الإصحاح الرابع والعشرون
حزقيال,24,31,"الإصحاح الرابع والعشرون
حزقيال,24,32,"الإصحاح الرابع والعشرون
حزقيال,24,33,"الإصحاح الرابع والعشرون
حزقيال,24,34,"الإصحاح الرابع والعشرون
حزقيال,24,35,"الإصحاح الرابع والعشرون
حزقيال,24,36,"الإصحاح الرابع والعشرون
حزقيال,24,37,"الإصحاح الرابع والعشرون
حزقيال,24,38,"الإصحاح الرابع والعشرون
حزقيال,24,39,"الإصحاح الرابع والعشرون
حزقيال,24,40,"الإصحاح الرابع والعشرون
حزقيال,24,41,"الإصحاح الرابع والعشرون
حزقيال,24,42,"الإصحاح الرابع والعشرون
حزقيال,24,43,"الإصحاح الرابع والعشرون
حزقيال,24,44,"الإصحاح الرابع والعشرون
حزقيال,24,45,"الإصحاح الرابع والعشرون
حزقيال,24,46,"الإصحاح الرابع والعشرون
حزقيال,24,47,"الإصحاح الرابع والعشرون
حزقيال,24,48,"الإصحاح الرابع والعشرون
حزقيال,24,49,"الإصحاح الرابع والعشرون
حزقيال,24,50,"الإصحاح الرابع والعشرون
حزقيال,24,51,"الإصحاح الرابع والعشرون
حزقيال,24,52,"الإصحاح الرابع والعشرون
حزقيال,24,53,"الإصحاح الرابع والعشرون
حزقيال,24,54,"الإصحاح الرابع والعشرون
حزقيال,24,55,"الإصحاح الرابع والعشرون
حزقيال,24,56,"الإصحاح الرابع والعشرون
حزقيال,24,57,"الإصحاح الرابع والعشرون
حزقيال,24,58,"الإصحاح الرابع والعشرون
حزقيال,24,59,"الإصحاح الرابع والعشرون
حزقيال,24,60,"الإصحاح الرابع والعشرون
حزقيال,24,61,"الإصحاح الرابع والعشرون
حزقيال,24,62,"الإصحاح الرابع والعشرون
حزقيال,24,63,"الإصحاح الرابع والعشرون
حزقيال,24,64,"الإصحاح الرابع والعشرون
حزقيال,24,65,"الإصحاح الرابع والعشرون
حزقيال,24,66,"الإصحاح الرابع والعشرون
حزقيال,24,67,"الإصحاح الرابع والعشرون
حزقيال,24,68,"الإصحاح الرابع والعشرون
حزقيال,24,69,"الإصحاح الرابع والعشرون
حزقيال,24,70,"الإصحاح الرابع والعشرون
حزقيال,24,71,"الإصحاح الرابع والعشرون
حزقيال,24,72,"الإصحاح الرابع والعشرون
حزقيال,24,73,"الإصحاح الرابع والعشرون
حزقيال,24,74,"الإصحاح الرابع والعشرون
حزقيال,24,75,"الإصحاح الرابع والعشرون
حزقيال,24,76,"الإصحاح الرابع والعشرون
حزقيال,24,77,"الإصحاح الرابع والعشرون
حزقيال,24,78,"الإصحاح الرابع والعشرون
حزقيال,24,79,"الإصحاح الرابع والعشرون
حزقيال,24,80,"الإصحاح الرابع والعشرون
حزقيال,24,81,"الإصحاح الرابع والعشرون
حزقيال,24,82,"الإصحاح الرابع والعشرون
حزقيال,24,83,"الإصحاح الرابع والعشرون
حزقيال,24,84,"الإصحاح الرابع والعشرون
حزقيال,24,85,"الإصحاح الرابع والعشرون
حزقيال,24,86,"الإصحاح الرابع والعشرون
حزقيال,24,87,"الإصحاح الرابع والعشرون
حزقيال,24,88,"الإصحاح الرابع والعشرون
حزقيال,24,89,"الإصحاح الرابع والعشرون
حزقيال,24,90,"الإصحاح الرابع والعشرون
حزقيال,24,91,"الإصحاح الرابع والعشرون
حزقيال,24,92,"الإصحاح الرابع والعشرون
حزقيال,24,93,"الإصحاح الرابع والعشرون
حزقيال,24,94,"الإصحاح الرابع والعشرون
حزقيال,24,95,"الإصحاح الرابع والعشرون
حزقيال,24,96,"الإصحاح الرابع والعشرون
حزقيال,24,97,"الإصحاح الرابع والعشرون
حزقيال,24,98,"الإصحاح الرابع والعشرون
حزقيال,24,99,"الإصحاح الرابع والعشرون
حزقيال,25,1,"الإصحاح الخامس والعشرون
حزقيال,25,2,"الإصحاح الخامس والعشرون
حزقيال,25,3,"الإصحاح الخامس والعشرون
حزقيال,25,4,"الإصحاح الخامس والعشرون
حزقيال,25,5,"الإصحاح الخامس والعشرون
حزقيال,25,6,"الإصحاح الخامس والعشرون
حزقيال,25,7,"الإصحاح الخامس والعشرون
حزقيال,25,8,"الإصحاح الخامس والعشرون
حزقيال,25,9,"الإصحاح الخامس والعشرون
حزقيال,25,10,"الإصحاح الخامس والعشرون
حزقيال,25,11,"الإصحاح الخامس والعشرون
حزقيال,25,12,"الإصحاح الخامس والعشرون
حزقيال,25,13,"الإصحاح الخامس والعشرون
حزقيال,25,14,"الإصحاح الخامس والعشرون
حزقيال,25,15,"الإصحاح الخامس والعشرون
حزقيال,25,16,"الإصحاح الخامس والعشرون
حزقيال,25,17,"الإصحاح الخامس والعشرون
حزقيال,25,18,"الإصحاح الخامس والعشرون
حزقيال,25,19,"الإصحاح الخامس والعشرون
حزقيال,25,20,"الإصحاح الخامس والعشرون
حزقيال,25,21,"الإصحاح الخامس والعشرون
حزقيال,25,22,"الإصحاح الخامس والعشرون
حزقيال,25,23,"الإصحاح الخامس والعشرون
حزقيال,25,24,"الإصحاح الخامس والعشرون
حزقيال,25,25,"الإصحاح الخامس والعشرون
حزقيال,25,26,"الإصحاح الخامس والعشرون
حزقيال,25,27,"الإصحاح الخامس والعشرون
حزقيال,25,28,"الإصحاح الخامس والعشرون
حزقيال,25,29,"الإصحاح الخامس والعشرون
حزقيال,25,30,"الإصحاح الخامس والعشرون
حزقيال,25,31,"الإصحاح الخامس والعشرون
حزقيال,25,32,"الإصحاح الخامس والعشرون
حزقيال,25,33,"الإصحاح الخامس والعشرون
حزقيال,25,34,"الإصحاح الخامس والعشرون
حزقيال,25,35,"الإصحاح الخامس والعشرون
حزقيال,25,36,"الإصحاح الخامس والعشرون
حزقيال,25,37,"الإصحاح الخامس والعشرون
حزقيال,25,38,"الإصحاح الخامس والعشرون
حزقيال,25,39,"الإصحاح الخامس والعشرون
حزقيال,25,40,"الإصحاح الخامس والعشرون
حزقيال,25,41,"الإصحاح الخامس والعشرون
حزقيال,25,42,"الإصحاح الخامس والعشرون
حزقيال,25,43,"الإصحاح الخامس والعشرون
حزقيال,25,44,"الإصحاح الخامس والعشرون
حزقيال,25,45,"الإصحاح الخامس والعشرون
حزقيال,25,46,"الإصحاح الخامس والعشرون
حزقيال,25,47,"الإصحاح الخامس والعشرون
حزقيال,25,48,"الإصحاح الخامس والعشرون
حزقيال,25,49,"الإصحاح الخامس والعشرون
حزقيال,25,50,"الإصحاح الخامس والعشرون
حزقيال,25,51,"الإصحاح الخامس والعشرون
حزقيال,25,52,"الإصحاح الخامس والعشرون
حزقيال,25,53,"الإصحاح الخامس والعشرون
حزقيال,25,54,"الإصحاح الخامس والعشرون
حزقيال,25,55,"الإصحاح الخامس والعشرون
حزقيال,25,56,"الإصحاح الخامس والعشرون
حزقيال,25,57,"الإصحاح الخامس والعشرون
حزقيال,25,58,"الإصحاح الخامس والعشرون
حزقيال,25,59,"الإصحاح الخامس والعشرون
حزقيال,25,60,"الإصحاح الخامس والعشرون
حزقيال,25,61,"الإصحاح الخامس والعشرون
حزقيال,25,62,"الإصحاح الخامس والعشرون
حزقيال,25,63,"الإصحاح الخامس والعشرون
حزقيال,25,64,"الإصحاح الخامس والعشرون
حزقيال,25,65,"الإصحاح الخامس والعشرون
حزقيال,25,66,"الإصحاح الخامس والعشرون
حزقيال,25,67,"الإصحاح الخامس والعشرون
حزقيال,25,68,"الإصحاح الخامس والعشرون
حزقيال,25,69,"الإصحاح الخامس والعشرون
حزقيال,25,70,"الإصحاح الخامس والعشرون
حزقيال,25,71,"الإصحاح الخامس والعشرون
حزقيال,25,72,"الإصحاح الخامس والعشرون
حزقيال,25,73,"الإصحاح الخامس والعشرون
حزقيال,25,74,"الإصحاح الخامس والعشرون
حزقيال,25,75,"الإصحاح الخامس والعشرون
حزقيال,25,76,"الإصحاح الخامس والعشرون
حزقيال,25,77,"الإصحاح الخامس والعشرون
حزقيال,25,78,"الإصحاح الخامس والعشرون
حزقيال,25,79,"الإصحاح الخامس والعشرون
حزقيال,25,80,"الإصحاح الخامس والعشرون
حزقيال,25,81,"الإصحاح الخامس والعشرون
حزقيال,25,82,"الإصحاح الخامس والعشرون
حزقيال,25,83,"الإصحاح الخامس والعشرون
حزقيال,25,84,"الإصحاح الخامس والعشرون
حزقيال,25,85,"الإصحاح الخامس والعشرون
حزقيال,25,86,"الإصحاح الخامس والعشرون
حزقيال,25,87,"الإصحاح الخامس والعشرون
حزقيال,25,88,"الإصحاح الخامس والعشرون
حزقيال,25,89,"الإصحاح الخامس والعشرون
حزقيال,25,90,"الإصحاح الخامس والعشرون
حزقيال,25,91,"الإصحاح الخامس والعشرون
حزقيال,25,92,"الإصحاح الخامس والعشرون
حزقيال,25,93,"الإصحاح الخامس والعشرون
حزقيال,25,94,"الإصحاح الخامس والعشرون
حزقيال,25,95,"الإصحاح الخامس والعشرون
حزقيال,25,96,"الإصحاح الخامس والعشرون
حزقيال,25,97,"الإصحاح الخامس والعشرون
حزقيال,25,98,"الإصحاح الخامس والعشرون
حزقيال,25,99,"الإصحاح الخامس والعشرون
حزقيال,26,1,"الإصحاح السادس والعشرون
حزقيال,26,2,"الإصحاح السادس والعشرون
حزقيال,26,3,"الإصحاح السادس والعشرون
حزقيال,26,4,"الإصحاح السادس والعشرون
حزقيال,26,5,"الإصحاح السادس والعشرون
حزقيال,26,6,"الإصحاح السادس والعشرون
حزقيال,26,7,"الإصحاح السادس والعشرون
حزقيال,26,8,"الإصحاح السادس والعشرون
حزقيال,26,9,"الإصحاح السادس والعشرون
حزقيال,26,10,"الإصحاح السادس والعشرون
حزقيال,26,11,"الإصحاح السادس والعشرون
حزقيال,26,12,"الإصحاح السادس والعشرون
حزقيال,26,13,"الإصحاح السادس والعشرون
حزقيال,26,14,"الإصحاح السادس والعشرون
حزقيال,26,15,"الإصحاح السادس والعشرون
حزقيال,26,16,"الإصحاح السادس والعشرون
حزقيال,26,17,"الإصحاح السادس والعشرون
حزقيال,26,18,"الإصحاح السادس والعشرون
حزقيال,26,19,"الإصحاح السادس والعشرون
حزقيال,26,20,"الإصحاح السادس والعشرون
حزقيال,26,21,"الإصحاح السادس والعشرون
حزقيال,26,22,"الإصحاح السادس والعشرون
حزقيال,26,23,"الإصحاح السادس والعشرون
حزقيال,26,24,"الإصحاح السادس والعشرون
حزقيال,26,25,"الإصحاح السادس والعشرون
حزقيال,26,26,"الإصحاح السادس والعشرون
حزقيال,26,27,"الإصحاح السادس والعشرون
حزقيال,26,28,"الإصحاح السادس والعشرون
حزقيال,26,29,"الإصحاح السادس والعشرون
حزقيال,26,30,"الإصحاح السادس والعشرون
حزقيال,26,31,"الإصحاح السادس والعشرون
حزقيال,26,32,"الإصحاح السادس والعشرون
حزقيال,26,33,"الإصحاح السادس والعشرون
حزقيال,26,34,"الإصحاح السادس والعشرون
حزقيال,26,35,"الإصحاح السادس والعشرون
حزقيال,26,36,"الإصحاح السادس والعشرون
حزقيال,26,37,"الإصحاح السادس والعشرون
حزقيال,26,38,"الإصحاح السادس والعشرون
حزقيال,26,39,"الإصحاح السادس والعشرون
حزقيال,26,40,"الإصحاح السادس والعشرون
حزقيال,26,41,"الإصحاح السادس والعشرون
حزقيال,26,42,"الإصحاح السادس والعشرون
حزقيال,26,43,"الإصحاح السادس والعشرون
حزقيال,26,44,"الإصحاح السادس والعشرون
حزقيال,26,45,"الإصحاح السادس والعشرون
حزقيال,26,46,"الإصحاح السادس والعشرون
حزقيال,26,47,"الإصحاح السادس والعشرون
حزقيال,26,48,"الإصحاح السادس والعشرون
حزقيال,26,49,"الإصحاح السادس والعشرون
حزقيال,26,50,"الإصحاح السادس والعشرون
حزقيال,26,51,"الإصحاح السادس والعشرون
حزقيال,26,52,"الإصحاح السادس والعشرون
حزقيال,26,53,"الإصحاح السادس والعشرون
حزقيال,26,54,"الإصحاح السادس والعشرون
حزقيال,26,55,"الإصحاح السادس والعشرون
حزقيال,26,56,"الإصحاح السادس والعشرون
حزقيال,26,57,"الإصحاح السادس والعشرون
حزقيال,26,58,"الإصحاح السادس والعشرون
حزقيال,26,59,"الإصحاح السادس والعشرون
حزقيال,26,60,"الإصحاح السادس والعشرون
حزقيال,26,61,"الإصحاح السادس والعشرون
حزقيال,26,62,"الإصحاح السادس والعشرون
حزقيال,26,63,"الإصحاح السادس والعشرون
حزقيال,26,64,"الإصحاح السادس والعشرون
حزقيال,26,65,"الإصحاح السادس والعشرون
حزقيال,26,66,"الإصحاح السادس والعشرون
حزقيال,26,67,"الإصحاح السادس والعشرون
حزقيال,26,68,"الإصحاح السادس والعشرون
حزقيال,26,69,"الإصحاح السادس والعشرون
حزقيال,26,70,"الإصحاح السادس والعشرون
حزقيال,26,71,"الإصحاح السادس والعشرون
حزقيال,26,72,"الإصحاح السادس والعشرون
حزقيال,26,73,"الإصحاح السادس والعشرون
حزقيال,26,74,"الإصحاح السادس والعشرون
حزقيال,26,75,"الإصحاح السادس والعشرون
حزقيال,26,76,"الإصحاح السادس والعشرون
حزقيال,26,77,"الإصحاح السادس والعشرون
حزقيال,26,78,"الإصحاح السادس والعشرون
حزقيال,26,79,"الإصحاح السادس والعشرون
حزقيال,26,80,"الإصحاح السادس والعشرون
حزقيال,26,81,"الإصحاح السادس والعشرون
حزقيال,26,82,"الإصحاح السادس والعشرون
حزقيال,26,83,"الإصحاح السادس والعشرون
حزقيال,26,84,"الإصحاح السادس والعشرون
حزقيال,26,85,"الإصحاح السادس والعشرون
حزقيال,26,86,"الإصحاح السادس والعشرون
حزقيال,26,87,"الإصحاح السادس والعشرون
حزقيال,26,88,"الإصحاح السادس والعشرون
حزقيال,26,89,"الإصحاح السادس والعشرون
حزقيال,26,90,"الإصحاح السادس والعشرون
حزقيال,26,91,"الإصحاح السادس والعشرون
حزقيال,26,92,"الإصحاح السادس والعشرون
حزقيال,26,93,"الإصحاح السادس والعشرون
حزقيال,26,94,"الإصحاح السادس والعشرون
حزقيال,26,95,"الإصحاح السادس والعشرون
حزقيال,26,96,"الإصحاح السادس والعشرون
حزقيال,26,97,"الإصحاح السادس والعشرون
حزقيال,26,98,"الإصحاح السادس والعشرون
حزقيال,26,99,"الإصحاح السادس والعشرون
حزقيال,27,1,"الإصحاح السابع والعشرون
حزقيال,27,2,"الإصحاح السابع والعشرون
حزقيال,27,3,"الإصحاح السابع والعشرون
حزقيال,27,4,"الإصحاح السابع والعشرون
حزقيال,27,5,"الإصحاح السابع والعشرون
حزقيال,27,6,"الإصحاح السابع والعشرون
حزقيال,27,7,"الإصحاح السابع والعشرون
حزقيال,27,8,"الإصحاح السابع والعشرون
حزقيال,27,9,"الإصحاح السابع والعشرون
حزقيال,27,10,"الإصحاح السابع والعشرون
حزقيال,27,11,"الإصحاح السابع والعشرون
حزقيال,27,12,"الإصحاح السابع والعشرون
حزقيال,27,13,"الإصحاح السابع والعشرون
حزقيال,27,14,"الإصحاح السابع والعشرون
حزقيال,27,15,"الإصحاح السابع والعشرون
حزقيال,27,16,"الإصحاح السابع والعشرون
حزقيال,27,17,"الإصحاح السابع والعشرون
حزقيال,27,18,"الإصحاح السابع والعشرون
حزقيال,27,19,"الإصحاح السابع والعشرون
حزقيال,27,20,"الإصحاح السابع والعشرون
حزقيال,27,21,"الإصحاح السابع والعشرون
حزقيال,27,22,"الإصحاح السابع والعشرون
حزقيال,27,23,"الإصحاح السابع والعشرون
حزقيال,27,24,"الإصحاح السابع والعشرون
حزقيال,27,25,"الإصحاح السابع والعشرون
حزقيال,27,26,"الإصحاح السابع والعشرون
حزقيال,27,27,"الإصحاح السابع والعشرون
حزقيال,27,28,"الإصحاح السابع والعشرون
حزقيال,27,29,"الإصحاح السابع والعشرون
حزقيال,27,30,"الإصحاح السابع والعشرون
حزقيال,27,31,"الإصحاح السابع والعشرون
حزقيال,27,32,"الإصحاح السابع والعشرون
حزقيال,27,33,"الإصحاح السابع والعشرون
حزقيال,27,34,"الإصحاح السابع والعشرون
حزقيال,27,35,"الإصحاح السابع والعشرون
حزقيال,27,36,"الإصحاح السابع والعشرون
حزقيال,27,37,"الإصحاح السابع والعشرون
حزقيال,27,38,"الإصحاح السابع والعشرون
حزقيال,27,39,"الإصحاح السابع والعشرون
حزقيال,27,40,"الإصحاح السابع والعشرون
حزقيال,27,41,"الإصحاح السابع والعشرون
حزقيال,27,42,"الإصحاح السابع والعشرون
حزقيال,27,43,"الإصحاح السابع والعشرون
حزقيال,27,44,"الإصحاح السابع والعشرون
حزقيال,27,45,"الإصحاح السابع والعشرون
حزقيال,27,46,"الإصحاح السابع والعشرون
حزقيال,27,47,"الإصحاح السابع والعشرون
حزقيال,27,48,"الإصحاح السابع والعشرون
حزقيال,27,49,"الإصحاح السابع والعشرون
حزقيال,27,50,"الإصحاح السابع والعشرون
حزقيال,27,51,"الإصحاح السابع والعشرون
حزقيال,27,52,"الإصحاح السابع والعشرون
حزقيال,27,53,"الإصحاح السابع والعشرون
حزقيال,27,54,"الإصحاح السابع والعشرون
حزقيال,27,55,"الإصحاح السابع والعشرون
حزقيال,27,56,"الإصحاح السابع والعشرون
حزقيال,27,57,"الإصحاح السابع والعشرون
حزقيال,27,58,"الإصحاح السابع والعشرون
حزقيال,27,59,"الإصحاح السابع والعشرون
حزقيال,27,60,"الإصحاح السابع والعشرون
حزقيال,27,61,"الإصحاح السابع والعشرون
حزقيال,27,62,"الإصحاح السابع والعشرون
حزقيال,27,63,"الإصحاح السابع والعشرون
حزقيال,27,64,"الإصحاح السابع والعشرون
حزقيال,27,65,"الإصحاح السابع والعشرون
حزقيال,27,66,"الإصحاح السابع والعشرون
حزقيال,27,67,"الإصحاح السابع والعشرون
حزقيال,27,68,"الإصحاح السابع والعشرون
حزقيال,27,69,"الإصحاح السابع والعشرون
حزقيال,27,70,"الإصحاح السابع والعشرون
حزقيال,27,71,"الإصحاح السابع والعشرون
حزقيال,27,72,"الإصحاح السابع والعشرون
حزقيال,27,73,"الإصحاح السابع والعشرون
حزقيال,27,74,"الإصحاح السابع والعشرون
حزقيال,27,75,"الإصحاح السابع والعشرون
حزقيال,27,76,"الإصحاح السابع والعشرون
حزقيال,27,77,"الإصحاح السابع والعشرون
حزقيال,27,78,"الإصحاح السابع والعشرون
حزقيال,27,79,"الإصحاح السابع والعشرون
حزقيال,27,80,"الإصحاح السابع والعشرون
حزقيال,27,81,"الإصحاح السابع والعشرون
حزقيال,27,82,"الإصحاح السابع والعشرون
حزقيال,27,83,"الإصحاح السابع والعشرون
حزقيال,27,84,"الإصحاح السابع والعشرون
حزقيال,27,85,"الإصحاح السابع والعشرون
حزقيال,27,86,"الإصحاح السابع والعشرون
حزقيال,27,87,"الإصحاح السابع والعشرون
حزقيال,27,88,"الإصحاح السابع والعشرون
حزقيال,27,89,"الإصحاح السابع والعشرون
حزقيال,27,90,"الإصحاح السابع والعشرون
حزقيال,27,91,"الإصحاح السابع والعشرون
حزقيال,27,92,"الإصحاح السابع والعشرون
حزقيال,27,93,"الإصحاح السابع والعشرون
حزقيال,27,94,"الإصحاح السابع والعشرون
حزقيال,27,95,"الإصحاح السابع والعشرون
حزقيال,27,96,"الإصحاح السابع والعشرون
حزقيال,27,97,"الإصحاح السابع والعشرون
حزقيال,27,98,"الإصحاح السابع والعشرون
حزقيال,27,99,"الإصحاح السابع والعشرون
حزقيال,28,1,"الإصحاح الثامن والعشرون
حزقيال,28,2,"الإصحاح الثامن والعشرون
حزقيال,28,3,"الإصحاح الثامن والعشرون
حزقيال,28,4,"الإصحاح الثامن والعشرون
حزقيال,28,5,"الإصحاح الثامن والعشرون
حزقيال,28,6,"الإصحاح الثامن والعشرون
حزقيال,28,7,"الإصحاح الثامن والعشرون
حزقيال,28,8,"الإصحاح الثامن والعشرون
حزقيال,28,9,"الإصحاح الثامن والعشرون
حزقيال,28,10,"الإصحاح الثامن والعشرون
حزقيال,28,11,"الإصحاح الثامن والعشرون
حزقيال,28,12,"الإصحاح الثامن والعشرون
حزقيال,28,13,"الإصحاح الثامن والعشرون
حزقيال,28,14,"الإصحاح الثامن والعشرون
حزقيال,28,15,"الإصحاح الثامن والعشرون
حزقيال,28,16,"الإصحاح الثامن والعشرون
حزقيال,28,17,"الإصحاح الثامن والعشرون
حزقيال,28,18,"الإصحاح الثامن والعشرون
حزقيال,28,19,"الإصحاح الثامن والعشرون
حزقيال,28,20,"الإصحاح الثامن والعشرون
حزقيال,28,21,"الإصحاح الثامن والعشرون
حزقيال,28,22,"الإصحاح الثامن والعشرون
حزقيال,28,23,"الإصحاح الثامن والعشرون
حزقيال,28,24,"الإصحاح الثامن والعشرون
حزقيال,28,25,"الإصحاح الثامن والعشرون
حزقيال,28,26,"الإصحاح الثامن والعشرون
حزقيال,28,27,"الإصحاح الثامن والعشرون
حزقيال,28,28,"الإصحاح الثامن والعشرون
حزقيال,28,29,"الإصحاح الثامن والعشرون
حزقيال,28,30,"الإصحاح الثامن والعشرون
حزقيال,28,31,"الإصحاح الثامن والعشرون
حزقيال,28,32,"الإصحاح الثامن والعشرون
حزقيال,28,33,"الإصحاح الثامن والعشرون
حزقيال,28,34,"الإصحاح الثامن والعشرون
حزقيال,28,35,"الإصحاح الثامن والعشرون
حزقيال,28,36,"الإصحاح الثامن والعشرون
حزقيال,28,37,"الإصحاح الثامن والعشرون
حزقيال,28,38,"الإصحاح الثامن والعشرون
حزقيال,28,39,"الإصحاح الثامن والعشرون
حزقيال,28,40,"الإصحاح الثامن والعشرون
حزقيال,28,41,"الإصحاح الثامن والعشرون
حزقيال,28,42,"الإصحاح الثامن والعشرون
حزقيال,28,43,"الإصحاح الثامن والعشرون
حزقيال,28,44,"الإصحاح الثامن والعشرون
حزقيال,28,45,"الإصحاح الثامن والعشرون
حزقيال,28,46,"الإصحاح الثامن والعشرون
حزقيال,28,47,"الإصحاح الثامن والعشرون
حزقيال,28,48,"الإصحاح الثامن والعشرون
حزقيال,28,49,"الإصحاح الثامن والعشرون
حزقيال,28,50,"الإصحاح الثامن والعشرون
حزقيال,28,51,"الإصحاح الثامن والعشرون
حزقيال,28,52,"الإصحاح الثامن والعشرون
حزقيال,28,53,"الإصحاح الثامن والعشرون
حزقيال,28,54,"الإصحاح الثامن والعشرون
حزقيال,28,55,"الإصحاح الثامن والعشرون
حزقيال,28,56,"الإصحاح الثامن والعشرون
حزقيال,28,57,"الإصحاح الثامن والعشرون
حزقيال,28,58,"الإصحاح الثامن والعشرون
حزقيال,28,59,"الإصحاح الثامن والعشرون
حزقيال,28,60,"الإصحاح الثامن والعشرون
حزقيال,28,61,"الإصحاح الثامن والعشرون
حزقيال,28,62,"الإصحاح الثامن والعشرون
حزقيال,28,63,"الإصحاح الثامن والعشرون
حزقيال,28,64,"الإصحاح الثامن والعشرون
حزقيال,28,65,"الإصحاح الثامن والعشرون
حزقيال,28,66,"الإصحاح الثامن والعشرون
حزقيال,28,67,"الإصحاح الثامن والعشرون
حزقيال,28,68,"الإصحاح الثامن والعشرون
حزقيال,28,69,"الإصحاح الثامن والعشرون
حزقيال,28,70,"الإصحاح الثامن والعشرون
حزقيال,28,71,"الإصحاح الثامن والعشرون
حزقيال,28,72,"الإصحاح الثامن والعشرون
حزقيال,28,73,"الإصحاح الثامن والعشرون
حزقيال,28,74,"الإصحاح الثامن والعشرون
حزقيال,28,75,"الإصحاح الثامن والعشرون
حزقيال,28,76,"الإصحاح الثامن والعشرون
حزقيال,28,77,"الإصحاح الثامن والعشرون
حزقيال,28,78,"الإصحاح الثامن والعشرون
حزقيال,28,79,"الإصحاح الثامن والعشرون
حزقيال,28,80,"الإصحاح الثامن والعشرون
حزقيال,28,81,"الإصحاح الثامن والعشرون
حزقيال,28,82,"الإصحاح الثامن والعشرون
حزقيال,28,83,"الإصحاح الثامن والعشرون
حزقيال,28,84,"الإصحاح الثامن والعشرون
حزقيال,28,85,"الإصحاح الثامن والعشرون
حزقيال,28,86,"الإصحاح الثامن والعشرون
حزقيال,28,87,"الإصحاح الثامن والعشرون
حزقيال,28,88,"الإصحاح الثامن والعشرون
حزقيال,28,89,"الإصحاح الثامن والعشرون
حزقيال,28,90,"الإصحاح الثامن والعشرون
حزقيال,28,91,"الإصحاح الثامن والعشرون
حزقيال,28,92,"الإصحاح الثامن والعشرون
حزقيال,28,93,"الإصحاح الثامن والعشرون
حزقيال,28,94,"الإصحاح الثامن والعشرون
حزقيال,28,95,"الإصحاح الثامن والعشرون
حزقيال,28,96,"الإصحاح الثامن والعشرون
حزقيال,28,97,"الإصحاح الثامن والعشرون
حزقيال,28,98,"الإصحاح الثامن والعشرون
حزقيال,28,99,"الإصحاح الثامن والعشرون
حزقيال,29,1,"الإصحاح التاسع والعشرون
حزقيال,29,2,"الإصحاح التاسع والعشرون
حزقيال,29,3,"الإصحاح التاسع والعشرون
حزقيال,29,4,"الإصحاح التاسع والعشرون
حزقيال,29,5,"الإصحاح التاسع والعشرون
حزقيال,29,6,"الإصحاح التاسع والعشرون
حزقيال,29,7,"الإصحاح التاسع والعشرون
حزقيال,29,8,"الإصحاح التاسع والعشرون
حزقيال,29,9,"الإصحاح التاسع والعشرون
حزقيال,29,10,"الإصحاح التاسع والعشرون
حزقيال,29,11,"الإصحاح التاسع والعشرون
حزقيال,29,12,"الإصحاح التاسع والعشرون
حزقيال,29,13,"الإصحاح التاسع والعشرون
حزقيال,29,14,"الإصحاح التاسع والعشرون
حزقيال,29,15,"الإصحاح التاسع والعشرون
حزقيال,29,16,"الإصحاح التاسع والعشرون
حزقيال,29,17,"الإصحاح التاسع والعشرون
حزقيال,29,18,"الإصحاح التاسع والعشرون
حزقيال,29,19,"الإصحاح التاسع والعشرون
حزقيال,29,20,"الإصحاح التاسع والعشرون
حزقيال,29,21,"الإصحاح التاسع والعشرون
حزقيال,29,22,"الإصحاح التاسع والعشرون
حزقيال,29,23,"الإصحاح التاسع والعشرون
حزقيال,29,24,"الإصحاح التاسع والعشرون
حزقيال,29,25,"الإصحاح التاسع والعشرون
حزقيال,29,26,"الإصحاح التاسع والعشرون
حزقيال,29,27,"الإصحاح التاسع والعشرون
حزقيال,29,28,"الإصحاح التاسع والعشرون
حزقيال,29,29,"الإصحاح التاسع والعشرون
حزقيال,29,30,"الإصحاح التاسع والعشرون
حزقيال,29,31,"الإصحاح التاسع والعشرون
حزقيال,29,32,"الإصحاح التاسع والعشرون
حزقيال,29,33,"الإصحاح التاسع والعشرون
حزقيال,29,34,"الإصحاح التاسع والعشرون
حزقيال,29,35,"الإصحاح التاسع والعشرون
حزقيال,29,36,"الإصحاح التاسع والعشرون
حزقيال,29,37,"الإصحاح التاسع والعشرون
حزقيال,29,38,"الإصحاح التاسع والعشرون
حزقيال,29,39,"الإصحاح التاسع والعشرون
حزقيال,29,40,"الإصحاح التاسع والعشرون
حزقيال,29,41,"الإصحاح التاسع والعشرون
حزقيال,29,42,"الإصحاح التاسع والعشرون
حزقيال,29,43,"الإصحاح التاسع والعشرون
حزقيال,29,44,"الإصحاح التاسع والعشرون
حزقيال,29,45,"الإصحاح التاسع والعشرون
حزقيال,29,46,"الإصحاح التاسع والعشرون
حزقيال,29,47,"الإصحاح التاسع والعشرون
حزقيال,29,48,"الإصحاح التاسع والعشرون
حزقيال,29,49,"الإصحاح التاسع والعشرون
حزقيال,29,50,"الإصحاح التاسع والعشرون
حزقيال,29,51,"الإصحاح التاسع والعشرون
حزقيال,29,52,"الإصحاح التاسع والعشرون
حزقيال,29,53,"الإصحاح التاسع والعشرون
حزقيال,29,54,"الإصحاح التاسع والعشرون
حزقيال,29,55,"الإصحاح التاسع والعشرون
حزقيال,29,56,"الإصحاح التاسع والعشرون
حزقيال,29,57,"الإصحاح التاسع والعشرون
حزقيال,29,58,"الإصحاح التاسع والعشرون
حزقيال,29,59,"الإصحاح التاسع والعشرون
حزقيال,29,60,"الإصحاح التاسع والعشرون
حزقيال,29,61,"الإصحاح التاسع والعشرون
حزقيال,29,62,"الإصحاح التاسع والعشرون
حزقيال,29,63,"الإصحاح التاسع والعشرون
حزقيال,29,64,"الإصحاح التاسع والعشرون
حزقيال,29,65,"الإصحاح التاسع والعشرون
حزقيال,29,66,"الإصحاح التاسع والعشرون
حزقيال,29,67,"الإصحاح التاسع والعشرون
حزقيال,29,68,"الإصحاح التاسع والعشرون
حزقيال,29,69,"الإصحاح التاسع والعشرون
حزقيال,29,70,"الإصحاح التاسع والعشرون
حزقيال,29,71,"الإصحاح التاسع والعشرون
حزقيال,29,72,"الإصحاح التاسع والعشرون
حزقيال,29,73,"الإصحاح التاسع والعشرون
حزقيال,29,74,"الإصحاح التاسع والعشرون
حزقيال,29,75,"الإصحاح التاسع والعشرون
حزقيال,29,76,"الإصحاح التاسع والعشرون
حزقيال,29,77,"الإصحاح التاسع والعشرون
حزقيال,29,78,"الإصحاح التاسع والعشرون
حزقيال,29,79,"الإصحاح التاسع والعشرون
حزقيال,29,80,"الإصحاح التاسع والعشرون
حزقيال,29,81,"الإصحاح التاسع والعشرون
حزقيال,29,82,"الإصحاح التاسع والعشرون
حزقيال,29,83,"الإصحاح التاسع والعشرون
حزقيال,29,84,"الإصحاح التاسع والعشرون
حزقيال,29,85,"الإصحاح التاسع والعشرون
حزقيال,29,86,"الإصحاح التاسع والعشرون
حزقيال,29,87,"الإصحاح التاسع والعشرون
حزقيال,29,88,"الإصحاح التاسع والعشرون
حزقيال,29,89,"الإصحاح التاسع والعشرون
حزقيال,29,90,"الإصحاح التاسع والعشرون
حزقيال,29,91,"الإصحاح التاسع والعشرون
حزقيال,29,92,"الإصحاح التاسع والعشرون
حزقيال,29,93,"الإصحاح التاسع والعشرون
حزقيال,29,94,"الإصحاح التاسع والعشرون
حزقيال,29,95,"الإصحاح التاسع والعشرون
حزقيال,29,96,"الإصحاح التاسع والعشرون
حزقيال,29,97,"الإصحاح التاسع والعشرون
حزقيال,29,98,"الإصحاح التاسع والعشرون
حزقيال,29,99,"الإصحاح التاسع والعشرون
حزقيال,30,1,"الإصحاح الثلاثون
حزقيال,30,2,"الإصحاح الثلاثون
حزقيال,30,3,"الإصحاح الثلاثون
حزقيال,30,4,"الإصحاح الثلاثون
حزقيال,30,5,"الإصحاح الثلاثون
حزقيال,30,6,"الإصحاح الثلاثون
حزقيال,30,7,"الإصحاح الثلاثون
حزقيال,30,8,"الإصحاح الثلاثون
حزقيال,30,9,"الإصحاح الثلاثون
حزقيال,30,10,"الإصحاح الثلاثون
حزقيال,30,11,"الإصحاح الثلاثون
حزقيال,30,12,"الإصحاح الثلاثون
حزقيال,30,13,"الإصحاح الثلاثون
حزقيال,30,14,"الإصحاح الثلاثون
حزقيال,30,15,"الإصحاح الثلاثون
حزقيال,30,16,"الإصحاح الثلاثون
حزقيال,30,17,"الإصحاح الثلاثون
حزقيال,30,18,"الإصحاح الثلاثون
حزقيال,30,19,"الإصحاح الثلاثون
حزقيال,30,20,"الإصحاح الثلاثون
حزقيال,30,21,"الإصحاح الثلاثون
حزقيال,30,22,"الإصحاح الثلاثون
حزقيال,30,23,"الإصحاح الثلاثون
حزقيال,30,24,"الإصحاح الثلاثون
حزقيال,30,25,"الإصحاح الثلاثون
حزقيال,30,26,"الإصحاح الثلاثون
حزقيال,30,27,"الإصحاح الثلاثون
حزقيال,30,28,"الإصحاح الثلاثون
حزقيال,30,29,"الإصحاح الثلاثون
حزقيال,30,30,"الإصحاح الثلاثون
حزقيال,30,31,"الإصحاح الثلاثون
حزقيال,30,32,"الإصحاح الثلاثون
حزقيال,30,33,"الإصحاح الثلاثون
حزقيال,30,34,"الإصحاح الثلاثون
حزقيال,30,35,"الإصحاح الثلاثون
حزقيال,30,36,"الإصحاح الثلاثون
حزقيال,30,37,"الإصحاح الثلاثون
حزقيال,30,38,"الإصحاح الثلاثون
حزقيال,30,39,"الإصحاح الثلاثون
حزقيال,30,40,"الإصحاح الثلاثون
حزقيال,30,41,"الإصحاح الثلاثون
حزقيال,30,42,"الإصحاح الثلاثون
حزقيال,30,43,"الإصحاح الثلاثون
حزقيال,30,44,"الإصحاح الثلاثون
حزقيال,30,45,"الإصحاح الثلاثون
حزقيال,30,46,"الإصحاح الثلاثون
حزقيال,30,47,"الإصحاح الثلاثون
حزقيال,30,48,"الإصحاح الثلاثون
حزقيال,30,49,"الإصحاح الثلاثون
حزقيال,30,50,"الإصحاح الثلاثون
حزقيال,30,51,"الإصحاح الثلاثون
حزقيال,30,52,"الإصحاح الثلاثون
حزقيال,30,53,"الإصحاح الثلاثون
حزقيال,30,54,"الإصحاح الثلاثون
حزقيال,30,55,"الإصحاح الثلاثون
حزقيال,30,56,"الإصحاح الثلاثون
حزقيال,30,57,"الإصحاح الثلاثون
حزقيال,30,58,"الإصحاح الثلاثون
حزقيال,30,59,"الإصحاح الثلاثون
حزقيال,30,60,"الإصحاح الثلاثون
حزقيال,30,61,"الإصحاح الثلاثون
حزقيال,30,62,"الإصحاح الثلاثون
حزقيال,30,63,"الإصحاح الثلاثون
حزقيال,30,64,"الإصحاح الثلاثون
حزقيال,30,65,"الإصحاح الثلاثون
حزقيال,30,66,"الإصحاح الثلاثون
حزقيال,30,67,"الإصحاح الثلاثون
حزقيال,30,68,"الإصحاح الثلاثون
حزقيال,30,69,"الإصحاح الثلاثون
حزقيال,30,70,"الإصحاح الثلاثون
حزقيال,30,71,"الإصحاح الثلاثون
حزقيال,30,72,"الإصحاح الثلاثون
حزقيال,30,73,"الإصحاح الثلاثون
حزقيال,30,74,"الإصحاح الثلاثون
حزقيال,30,75,"الإصحاح الثلاثون
حزقيال,30,76,"الإصحاح الثلاثون
حزقيال,30,77,"الإصحاح الثلاثون
حزقيال,30,78,"الإصحاح الثلاثون
حزقيال,30,79,"الإصحاح الثلاثون
حزقيال,30,80,"الإصحاح الثلاثون
حزقيال,30,81,"الإصحاح الثلاثون
حزقيال,30,82,"الإصحاح الثلاثون
حزقيال,30,83,"الإصحاح الثلاثون
حزقيال,30,84,"الإصحاح الثلاثون
حزقيال,30,85,"الإصحاح الثلاثون
حزقيال,30,86,"الإصحاح الثلاثون
حزقيال,30,87,"الإصحاح الثلاثون
حزقيال,30,88,"الإصحاح الثلاثون
حزقيال,30,89,"الإصحاح الثلاثون
حزقيال,30,90,"الإصحاح الثلاثون
حزقيال,30,91,"الإصحاح الثلاثون
حزقيال,30,92,"الإصحاح الثلاثون
حزقيال,30,93,"الإصحاح الثلاثون
حزقيال,30,94,"الإصحاح الثلاثون
حزقيال,30,95,"الإصحاح الثلاثون
حزقيال,30,96,"الإصحاح الثلاثون
حزقيال,30,97,"الإصحاح الثلاثون
حزقيال,30,98,"الإصحاح الثلاثون
حزقيال,30,99,"الإصحاح الثلاثون
حزقيال,31,1,"الإصحاح الحادى والثلاثون
حزقيال,31,2,"الإصحاح الحادى والثلاثون
حزقيال,31,3,"الإصحاح الحادى والثلاثون
حزقيال,31,4,"الإصحاح الحادى والثلاثون
حزقيال,31,5,"الإصحاح الحادى والثلاثون
حزقيال,31,6,"الإصحاح الحادى والثلاثون
حزقيال,31,7,"الإصحاح الحادى والثلاثون
حزقيال,31,8,"الإصحاح الحادى والثلاثون
حزقيال,31,9,"الإصحاح الحادى والثلاثون
حزقيال,31,10,"الإصحاح الحادى والثلاثون
حزقيال,31,11,"الإصحاح الحادى والثلاثون
حزقيال,31,12,"الإصحاح الحادى والثلاثون
حزقيال,31,13,"الإصحاح الحادى والثلاثون
حزقيال,31,14,"الإصحاح الحادى والثلاثون
حزقيال,31,15,"الإصحاح الحادى والثلاثون
حزقيال,31,16,"الإصحاح الحادى والثلاثون
حزقيال,31,17,"الإصحاح الحادى والثلاثون
حزقيال,31,18,"الإصحاح الحادى والثلاثون
حزقيال,31,19,"الإصحاح الحادى والثلاثون
حزقيال,31,20,"الإصحاح الحادى والثلاثون
حزقيال,31,21,"الإصحاح الحادى والثلاثون
حزقيال,31,22,"الإصحاح الحادى والثلاثون
حزقيال,31,23,"الإصحاح الحادى والثلاثون
حزقيال,31,24,"الإصحاح الحادى والثلاثون
حزقيال,31,25,"الإصحاح الحادى والثلاثون
حزقيال,31,26,"الإصحاح الحادى والثلاثون
حزقيال,31,27,"الإصحاح الحادى والثلاثون
حزقيال,31,28,"الإصحاح الحادى والثلاثون
حزقيال,31,29,"الإصحاح الحادى والثلاثون
حزقيال,31,30,"الإصحاح الحادى والثلاثون
حزقيال,31,31,"الإصحاح الحادى والثلاثون
حزقيال,31,32,"الإصحاح الحادى والثلاثون
حزقيال,31,33,"الإصحاح الحادى والثلاثون
حزقيال,31,34,"الإصحاح الحادى والثلاثون
حزقيال,31,35,"الإصحاح الحادى والثلاثون
حزقيال,31,36,"الإصحاح الحادى والثلاثون
حزقيال,31,37,"الإصحاح الحادى والثلاثون
حزقيال,31,38,"الإصحاح الحادى والثلاثون
حزقيال,31,39,"الإصحاح الحادى والثلاثون
حزقيال,31,40,"الإصحاح الحادى والثلاثون
حزقيال,31,41,"الإصحاح الحادى والثلاثون
حزقيال,31,42,"الإصحاح الحادى والثلاثون
حزقيال,31,43,"الإصحاح الحادى والثلاثون
حزقيال,31,44,"الإصحاح الحادى والثلاثون
حزقيال,31,45,"الإصحاح الحادى والثلاثون
حزقيال,31,46,"الإصحاح الحادى والثلاثون
حزقيال,31,47,"الإصحاح الحادى والثلاثون
حزقيال,31,48,"الإصحاح الحادى والثلاثون
حزقيال,31,49,"الإصحاح الحادى والثلاثون
حزقيال,31,50,"الإصحاح الحادى والثلاثون
حزقيال,31,51,"الإصحاح الحادى والثلاثون
حزقيال,31,52,"الإصحاح الحادى والثلاثون
حزقيال,31,53,"الإصحاح الحادى والثلاثون
حزقيال,31,54,"الإصحاح الحادى والثلاثون
حزقيال,31,55,"الإصحاح الحادى والثلاثون
حزقيال,31,56,"الإصحاح الحادى والثلاثون
حزقيال,31,57,"الإصحاح الحادى والثلاثون
حزقيال,31,58,"الإصحاح الحادى والثلاثون
حزقيال,31,59,"الإصحاح الحادى والثلاثون
حزقيال,31,60,"الإصحاح الحادى والثلاثون
حزقيال,31,61,"الإصحاح الحادى والثلاثون
حزقيال,31,62,"الإصحاح الحادى والثلاثون
حزقيال,31,63,"الإصحاح الحادى والثلاثون
حزقيال,31,64,"الإصحاح الحادى والثلاثون
حزقيال,31,65,"الإصحاح الحادى والثلاثون
حزقيال,31,66,"الإصحاح الحادى والثلاثون
حزقيال,31,67,"الإصحاح الحادى والثلاثون
حزقيال,31,68,"الإصحاح الحادى والثلاثون
حزقيال,31,69,"الإصحاح الحادى والثلاثون
حزقيال,31,70,"الإصحاح الحادى والثلاثون
حزقيال,31,71,"الإصحاح الحادى والثلاثون
حزقيال,31,72,"الإصحاح الحادى والثلاثون
حزقيال,31,73,"الإصحاح الحادى والثلاثون
حزقيال,31,74,"الإصحاح الحادى والثلاثون
حزقيال,31,75,"الإصحاح الحادى والثلاثون
حزقيال,31,76,"الإصحاح الحادى والثلاثون
حزقيال,31,77,"الإصحاح الحادى والثلاثون
حزقيال,31,78,"الإصحاح الحادى والثلاثون
حزقيال,31,79,"الإصحاح الحادى والثلاثون
حزقيال,31,80,"الإصحاح الحادى والثلاثون
حزقيال,31,81,"الإصحاح الحادى والثلاثون
حزقيال,31,82,"الإصحاح الحادى والثلاثون
حزقيال,31,83,"الإصحاح الحادى والثلاثون
حزقيال,31,84,"الإصحاح الحادى والثلاثون
حزقيال,31,85,"الإصحاح الحادى والثلاثون
حزقيال,31,86,"الإصحاح الحادى والثلاثون
حزقيال,31,87,"الإصحاح الحادى والثلاثون
حزقيال,31,88,"الإصحاح الحادى والثلاثون
حزقيال,31,89,"الإصحاح الحادى والثلاثون
حزقيال,31,90,"الإصحاح الحادى والثلاثون
حزقيال,31,91,"الإصحاح الحادى والثلاثون
حزقيال,31,92,"الإصحاح الحادى والثلاثون
حزقيال,31,93,"الإصحاح الحادى والثلاثون
حزقيال,31,94,"الإصحاح الحادى والثلاثون
حزقيال,31,95,"الإصحاح الحادى والثلاثون
حزقيال,31,96,"الإصحاح الحادى والثلاثون
حزقيال,31,97,"الإصحاح الحادى والثلاثون
حزقيال,31,98,"الإصحاح الحادى والثلاثون
حزقيال,31,99,"الإصحاح الحادى والثلاثون
حزقيال,32,1,"الإصحاح الثانى والثلاثون
حزقيال,32,2,"الإصحاح الثانى والثلاثون
حزقيال,32,3,"الإصحاح الثانى والثلاثون
حزقيال,32,4,"الإصحاح الثانى والثلاثون
حزقيال,32,5,"الإصحاح الثانى والثلاثون
حزقيال,32,6,"الإصحاح الثانى والثلاثون
حزقيال,32,7,"الإصحاح الثانى والثلاثون
حزقيال,32,8,"الإصحاح الثانى والثلاثون
حزقيال,32,9,"الإصحاح الثانى والثلاثون
حزقيال,32,10,"الإصحاح الثانى والثلاثون
حزقيال,32,11,"الإصحاح الثانى والثلاثون
حزقيال,32,12,"الإصحاح الثانى والثلاثون
حزقيال,32,13,"الإصحاح الثانى والثلاثون
حزقيال,32,14,"الإصحاح الثانى والثلاثون
حزقيال,32,15,"الإصحاح الثانى والثلاثون
حزقيال,32,16,"الإصحاح الثانى والثلاثون
حزقيال,32,17,"الإصحاح الثانى والثلاثون
حزقيال,32,18,"الإصحاح الثانى والثلاثون
حزقيال,32,19,"الإصحاح الثانى والثلاثون
حزقيال,32,20,"الإصحاح الثانى والثلاثون
حزقيال,32,21,"الإصحاح الثانى والثلاثون
حزقيال,32,22,"الإصحاح الثانى والثلاثون
حزقيال,32,23,"الإصحاح الثانى والثلاثون
حزقيال,32,24,"الإصحاح الثانى والثلاثون
حزقيال,32,25,"الإصحاح الثانى والثلاثون
حزقيال,32,26,"الإصحاح الثانى والثلاثون
حزقيال,32,27,"الإصحاح الثانى والثلاثون
حزقيال,32,28,"الإصحاح الثانى والثلاثون
حزقيال,32,29,"الإصحاح الثانى والثلاثون
حزقيال,32,30,"الإصحاح الثانى والثلاثون
حزقيال,32,31,"الإصحاح الثانى والثلاثون
حزقيال,32,32,"الإصحاح الثانى والثلاثون
حزقيال,32,33,"الإصحاح الثانى والثلاثون
حزقيال,32,34,"الإصحاح الثانى والثلاثون
حزقيال,32,35,"الإصحاح الثانى والثلاثون
حزقيال,32,36,"الإصحاح الثانى والثلاثون
حزقيال,32,37,"الإصحاح الثانى والثلاثون
حزقيال,32,38,"الإصحاح الثانى والثلاثون
حزقيال,32,39,"الإصحاح الثانى والثلاثون
حزقيال,32,40,"الإصحاح الثانى والثلاثون
حزقيال,32,41,"الإصحاح الثانى والثلاثون
حزقيال,32,42,"الإصحاح الثانى والثلاثون
حزقيال,32,43,"الإصحاح الثانى والثلاثون
حزقيال,32,44,"الإصحاح الثانى والثلاثون
حزقيال,32,45,"الإصحاح الثانى والثلاثون
حزقيال,32,46,"الإصحاح الثانى والثلاثون
حزقيال,32,47,"الإصحاح الثانى والثلاثون
حزقيال,32,48,"الإصحاح الثانى والثلاثون
حزقيال,32,49,"الإصحاح الثانى والثلاثون
حزقيال,32,50,"الإصحاح الثانى والثلاثون
حزقيال,32,51,"الإصحاح الثانى والثلاثون
حزقيال,32,52,"الإصحاح الثانى والثلاثون
حزقيال,32,53,"الإصحاح الثانى والثلاثون
حزقيال,32,54,"الإصحاح الثانى والثلاثون
حزقيال,32,55,"الإصحاح الثانى والثلاثون
حزقيال,32,56,"الإصحاح الثانى والثلاثون
حزقيال,32,57,"الإصحاح الثانى والثلاثون
حزقيال,32,58,"الإصحاح الثانى والثلاثون
حزقيال,32,59,"الإصحاح الثانى والثلاثون
حزقيال,32,60,"الإصحاح الثانى والثلاثون
حزقيال,32,61,"الإصحاح الثانى والثلاثون
حزقيال,32,62,"الإصحاح الثانى والثلاثون
حزقيال,32,63,"الإصحاح الثانى والثلاثون
حزقيال,32,64,"الإصحاح الثانى والثلاثون
حزقيال,32,65,"الإصحاح الثانى والثلاثون
حزقيال,32,66,"الإصحاح الثانى والثلاثون
حزقيال,32,67,"الإصحاح الثانى والثلاثون
حزقيال,32,68,"الإصحاح الثانى والثلاثون
حزقيال,32,69,"الإصحاح الثانى والثلاثون
حزقيال,32,70,"الإصحاح الثانى والثلاثون
حزقيال,32,71,"الإصحاح الثانى والثلاثون
حزقيال,32,72,"الإصحاح الثانى والثلاثون
حزقيال,32,73,"الإصحاح الثانى والثلاثون
حزقيال,32,74,"الإصحاح الثانى والثلاثون
حزقيال,32,75,"الإصحاح الثانى والثلاثون
حزقيال,32,76,"الإصحاح الثانى والثلاثون
حزقيال,32,77,"الإصحاح الثانى والثلاثون
حزقيال,32,78,"الإصحاح الثانى والثلاثون
حزقيال,32,79,"الإصحاح الثانى والثلاثون
حزقيال,32,80,"الإصحاح الثانى والثلاثون
حزقيال,32,81,"الإصحاح الثانى والثلاثون
حزقيال,32,82,"الإصحاح الثانى والثلاثون
حزقيال,32,83,"الإصحاح الثانى والثلاثون
حزقيال,32,84,"الإصحاح الثانى والثلاثون
حزقيال,32,85,"الإصحاح الثانى والثلاثون
حزقيال,32,86,"الإصحاح الثانى والثلاثون
حزقيال,32,87,"الإصحاح الثانى والثلاثون
حزقيال,32,88,"الإصحاح الثانى والثلاثون
حزقيال,32,89,"الإصحاح الثانى والثلاثون
حزقيال,32,90,"الإصحاح الثانى والثلاثون
حزقيال,32,91,"الإصحاح الثانى والثلاثون
حزقيال,32,92,"الإصحاح الثانى والثلاثون
حزقيال,32,93,"الإصحاح الثانى والثلاثون
حزقيال,32,94,"الإصحاح الثانى والثلاثون
حزقيال,32,95,"الإصحاح الثانى والثلاثون
حزقيال,32,96,"الإصحاح الثانى والثلاثون
حزقيال,32,97,"الإصحاح الثانى والثلاثون
حزقيال,32,98,"الإصحاح الثانى والثلاثون
حزقيال,32,99,"الإصحاح الثانى والثلاثون
حزقيال,33,1,"الإصحاح الثالث والثلاثون
حزقيال,33,2,"الإصحاح الثالث والثلاثون
حزقيال,33,3,"الإصحاح الثالث والثلاثون
حزقيال,33,4,"الإصحاح الثالث والثلاثون
حزقيال,33,5,"الإصحاح الثالث والثلاثون
حزقيال,33,6,"الإصحاح الثالث والثلاثون
حزقيال,33,7,"الإصحاح الثالث والثلاثون
حزقيال,33,8,"الإصحاح الثالث والثلاثون
حزقيال,33,9,"الإصحاح الثالث والثلاثون
حزقيال,33,10,"الإصحاح الثالث والثلاثون
حزقيال,33,11,"الإصحاح الثالث والثلاثون
حزقيال,33,12,"الإصحاح الثالث والثلاثون
حزقيال,33,13,"الإصحاح الثالث والثلاثون
حزقيال,33,14,"الإصحاح الثالث والثلاثون
حزقيال,33,15,"الإصحاح الثالث والثلاثون
حزقيال,33,16,"الإصحاح الثالث والثلاثون
حزقيال,33,17,"الإصحاح الثالث والثلاثون
حزقيال,33,18,"الإصحاح الثالث والثلاثون
حزقيال,33,19,"الإصحاح الثالث والثلاثون
حزقيال,33,20,"الإصحاح الثالث والثلاثون
حزقيال,33,21,"الإصحاح الثالث والثلاثون
حزقيال,33,22,"الإصحاح الثالث والثلاثون
حزقيال,33,23,"الإصحاح الثالث والثلاثون
حزقيال,33,24,"الإصحاح الثالث والثلاثون
حزقيال,33,25,"الإصحاح الثالث والثلاثون
حزقيال,33,26,"الإصحاح الثالث والثلاثون
حزقيال,33,27,"الإصحاح الثالث والثلاثون
حزقيال,33,28,"الإصحاح الثالث والثلاثون
حزقيال,33,29,"الإصحاح الثالث والثلاثون
حزقيال,33,30,"الإصحاح الثالث والثلاثون
حزقيال,33,31,"الإصحاح الثالث والثلاثون
حزقيال,33,32,"الإصحاح الثالث والثلاثون
حزقيال,33,33,"الإصحاح الثالث والثلاثون
حزقيال,33,34,"الإصحاح الثالث والثلاثون
حزقيال,33,35,"الإصحاح الثالث والثلاثون
حزقيال,33,36,"الإصحاح الثالث والثلاثون
حزقيال,33,37,"الإصحاح الثالث والثلاثون
حزقيال,33,38,"الإصحاح الثالث والثلاثون
حزقيال,33,39,"الإصحاح الثالث والثلاثون
حزقيال,33,40,"الإصحاح الثالث والثلاثون
حزقيال,33,41,"الإصحاح الثالث والثلاثون
حزقيال,33,42,"الإصحاح الثالث والثلاثون
حزقيال,33,43,"الإصحاح الثالث والثلاثون
حزقيال,33,44,"الإصحاح الثالث والثلاثون
حزقيال,33,45,"الإصحاح الثالث والثلاثون
حزقيال,33,46,"الإصحاح الثالث والثلاثون
حزقيال,33,47,"الإصحاح الثالث والثلاثون
حزقيال,33,48,"الإصحاح الثالث والثلاثون
حزقيال,33,49,"الإصحاح الثالث والثلاثون
حزقيال,33,50,"الإصحاح الثالث والثلاثون
حزقيال,33,51,"الإصحاح الثالث والثلاثون
حزقيال,33,52,"الإصحاح الثالث والثلاثون
حزقيال,33,53,"الإصحاح الثالث والثلاثون
حزقيال,33,54,"الإصحاح الثالث والثلاثون
حزقيال,33,55,"الإصحاح الثالث والثلاثون
حزقيال,33,56,"الإصحاح الثالث والثلاثون
حزقيال,33,57,"الإصحاح الثالث والثلاثون
حزقيال,33,58,"الإصحاح الثالث والثلاثون
حزقيال,33,59,"الإصحاح الثالث والثلاثون
حزقيال,33,60,"الإصحاح الثالث والثلاثون
حزقيال,33,61,"الإصحاح الثالث والثلاثون
حزقيال,33,62,"الإصحاح الثالث والثلاثون
حزقيال,33,63,"الإصحاح الثالث والثلاثون
حزقيال,33,64,"الإصحاح الثالث والثلاثون
حزقيال,33,65,"الإصحاح الثالث والثلاثون
حزقيال,33,66,"الإصحاح الثالث والثلاثون
حزقيال,33,67,"الإصحاح الثالث والثلاثون
حزقيال,33,68,"الإصحاح الثالث والثلاثون
حزقيال,33,69,"الإصحاح الثالث والثلاثون
حزقيال,33,70,"الإصحاح الثالث والثلاثون
حزقيال,33,71,"الإصحاح الثالث والثلاثون
حزقيال,33,72,"الإصحاح الثالث والثلاثون
حزقيال,33,73,"الإصحاح الثالث والثلاثون
حزقيال,33,74,"الإصحاح الثالث والثلاثون
حزقيال,33,75,"الإصحاح الثالث والثلاثون
حزقيال,33,76,"الإصحاح الثالث والثلاثون
حزقيال,33,77,"الإصحاح الثالث والثلاثون
حزقيال,33,78,"الإصحاح الثالث والثلاثون
حزقيال,33,79,"الإصحاح الثالث والثلاثون
حزقيال,33,80,"الإصحاح الثالث والثلاثون
حزقيال,33,81,"الإصحاح الثالث والثلاثون
حزقيال,33,82,"الإصحاح الثالث والثلاثون
حزقيال,33,83,"الإصحاح الثالث والثلاثون
حزقيال,33,84,"الإصحاح الثالث والثلاثون
حزقيال,33,85,"الإصحاح الثالث والثلاثون
حزقيال,33,86,"الإصحاح الثالث والثلاثون
حزقيال,33,87,"الإصحاح الثالث والثلاثون
حزقيال,33,88,"الإصحاح الثالث والثلاثون
حزقيال,33,89,"الإصحاح الثالث والثلاثون
حزقيال,33,90,"الإصحاح الثالث والثلاثون
حزقيال,33,91,"الإصحاح الثالث والثلاثون
حزقيال,33,92,"الإصحاح الثالث والثلاثون
حزقيال,33,93,"الإصحاح الثالث والثلاثون
حزقيال,33,94,"الإصحاح الثالث والثلاثون
حزقيال,33,95,"الإصحاح الثالث والثلاثون
حزقيال,33,96,"الإصحاح الثالث والثلاثون
حزقيال,33,97,"الإصحاح الثالث والثلاثون
حزقيال,33,98,"الإصحاح الثالث والثلاثون
حزقيال,33,99,"الإصحاح الثالث والثلاثون
حزقيال,34,1,"الإصحاح الرابع والثلاثون
حزقيال,34,2,"الإصحاح الرابع والثلاثون
حزقيال,34,3,"الإصحاح الرابع والثلاثون
حزقيال,34,4,"الإصحاح الرابع والثلاثون
حزقيال,34,5,"الإصحاح الرابع والثلاثون
حزقيال,34,6,"الإصحاح الرابع والثلاثون
حزقيال,34,7,"الإصحاح الرابع والثلاثون
حزقيال,34,8,"الإصحاح الرابع والثلاثون
حزقيال,34,9,"الإصحاح الرابع والثلاثون
حزقيال,34,10,"الإصحاح الرابع والثلاثون
حزقيال,34,11,"الإصحاح الرابع والثلاثون
حزقيال,34,12,"الإصحاح الرابع والثلاثون
حزقيال,34,13,"الإصحاح الرابع والثلاثون
حزقيال,34,14,"الإصحاح الرابع والثلاثون
حزقيال,34,15,"الإصحاح الرابع والثلاثون
حزقيال,34,16,"الإصحاح الرابع والثلاثون
حزقيال,34,17,"الإصحاح الرابع والثلاثون
حزقيال,34,18,"الإصحاح الرابع والثلاثون
حزقيال,34,19,"الإصحاح الرابع والثلاثون
حزقيال,34,20,"الإصحاح الرابع والثلاثون
حزقيال,34,21,"الإصحاح الرابع والثلاثون
حزقيال,34,22,"الإصحاح الرابع والثلاثون
حزقيال,34,23,"الإصحاح الرابع والثلاثون
حزقيال,34,24,"الإصحاح الرابع والثلاثون
حزقيال,34,25,"الإصحاح الرابع والثلاثون
حزقيال,34,26,"الإصحاح الرابع والثلاثون
حزقيال,34,27,"الإصحاح الرابع والثلاثون
حزقيال,34,28,"الإصحاح الرابع والثلاثون
حزقيال,34,29,"الإصحاح الرابع والثلاثون
حزقيال,34,30,"الإصحاح الرابع والثلاثون
حزقيال,34,31,"الإصحاح الرابع والثلاثون
حزقيال,34,32,"الإصحاح الرابع والثلاثون
حزقيال,34,33,"الإصحاح الرابع والثلاثون
حزقيال,34,34,"الإصحاح الرابع والثلاثون
حزقيال,34,35,"الإصحاح الرابع والثلاثون
حزقيال,34,36,"الإصحاح الرابع والثلاثون
حزقيال,34,37,"الإصحاح الرابع والثلاثون
حزقيال,34,38,"الإصحاح الرابع والثلاثون
حزقيال,34,39,"الإصحاح الرابع والثلاثون
حزقيال,34,40,"الإصحاح الرابع والثلاثون
حزقيال,34,41,"الإصحاح الرابع والثلاثون
حزقيال,34,42,"الإصحاح الرابع والثلاثون
حزقيال,34,43,"الإصحاح الرابع والثلاثون
حزقيال,34,44,"الإصحاح الرابع والثلاثون
حزقيال,34,45,"الإصحاح الرابع والثلاثون
حزقيال,34,46,"الإصحاح الرابع والثلاثون
حزقيال,34,47,"الإصحاح الرابع والثلاثون
حزقيال,34,48,"الإصحاح الرابع والثلاثون
حزقيال,34,49,"الإصحاح الرابع والثلاثون
حزقيال,34,50,"الإصحاح الرابع والثلاثون
حزقيال,34,51,"الإصحاح الرابع والثلاثون
حزقيال,34,52,"الإصحاح الرابع والثلاثون
حزقيال,34,53,"الإصحاح الرابع والثلاثون
حزقيال,34,54,"الإصحاح الرابع والثلاثون
حزقيال,34,55,"الإصحاح الرابع والثلاثون
حزقيال,34,56,"الإصحاح الرابع والثلاثون
حزقيال,34,57,"الإصحاح الرابع والثلاثون
حزقيال,34,58,"الإصحاح الرابع والثلاثون
حزقيال,34,59,"الإصحاح الرابع والثلاثون
حزقيال,34,60,"الإصحاح الرابع والثلاثون
حزقيال,34,61,"الإصحاح الرابع والثلاثون
حزقيال,34,62,"الإصحاح الرابع والثلاثون
حزقيال,34,63,"الإصحاح الرابع والثلاثون
حزقيال,34,64,"الإصحاح الرابع والثلاثون
حزقيال,34,65,"الإصحاح الرابع والثلاثون
حزقيال,34,66,"الإصحاح الرابع والثلاثون
حزقيال,34,67,"الإصحاح الرابع والثلاثون
حزقيال,34,68,"الإصحاح الرابع والثلاثون
حزقيال,34,69,"الإصحاح الرابع والثلاثون
حزقيال,34,70,"الإصحاح الرابع والثلاثون
حزقيال,34,71,"الإصحاح الرابع والثلاثون
حزقيال,34,72,"الإصحاح الرابع والثلاثون
حزقيال,34,73,"الإصحاح الرابع والثلاثون
حزقيال,34,74,"الإصحاح الرابع والثلاثون
حزقيال,34,75,"الإصحاح الرابع والثلاثون
حزقيال,34,76,"الإصحاح الرابع والثلاثون
حزقيال,34,77,"الإصحاح الرابع والثلاثون
حزقيال,34,78,"الإصحاح الرابع والثلاثون
حزقيال,34,79,"الإصحاح الرابع والثلاثون
حزقيال,34,80,"الإصحاح الرابع والثلاثون
حزقيال,34,81,"الإصحاح الرابع والثلاثون
حزقيال,34,82,"الإصحاح الرابع والثلاثون
حزقيال,34,83,"الإصحاح الرابع والثلاثون
حزقيال,34,84,"الإصحاح الرابع والثلاثون
حزقيال,34,85,"الإصحاح الرابع والثلاثون
حزقيال,34,86,"الإصحاح الرابع والثلاثون
حزقيال,34,87,"الإصحاح الرابع والثلاثون
حزقيال,34,88,"الإصحاح الرابع والثلاثون
حزقيال,34,89,"الإصحاح الرابع والثلاثون
حزقيال,34,90,"الإصحاح الرابع والثلاثون
حزقيال,34,91,"الإصحاح الرابع والثلاثون
حزقيال,34,92,"الإصحاح الرابع والثلاثون
حزقيال,34,93,"الإصحاح الرابع والثلاثون
حزقيال,34,94,"الإصحاح الرابع والثلاثون
حزقيال,34,95,"الإصحاح الرابع والثلاثون
حزقيال,34,96,"الإصحاح الرابع والثلاثون
حزقيال,34,97,"الإصحاح الرابع والثلاثون
حزقيال,34,98,"الإصحاح الرابع والثلاثون
حزقيال,34,99,"الإصحاح الرابع والثلاثون
حزقيال,35,1,"الإصحاح الخامس والثلاثون
حزقيال,35,2,"الإصحاح الخامس والثلاثون
حزقيال,35,3,"الإصحاح الخامس والثلاثون
حزقيال,35,4,"الإصحاح الخامس والثلاثون
حزقيال,35,5,"الإصحاح الخامس والثلاثون
حزقيال,35,6,"الإصحاح الخامس والثلاثون
حزقيال,35,7,"الإصحاح الخامس والثلاثون
حزقيال,35,8,"الإصحاح الخامس والثلاثون
حزقيال,35,9,"الإصحاح الخامس والثلاثون
حزقيال,35,10,"الإصحاح الخامس والثلاثون
حزقيال,35,11,"الإصحاح الخامس والثلاثون
حزقيال,35,12,"الإصحاح الخامس والثلاثون
حزقيال,35,13,"الإصحاح الخامس والثلاثون
حزقيال,35,14,"الإصحاح الخامس والثلاثون
حزقيال,35,15,"الإصحاح الخامس والثلاثون
حزقيال,35,16,"الإصحاح الخامس والثلاثون
حزقيال,35,17,"الإصحاح الخامس والثلاثون
حزقيال,35,18,"الإصحاح الخامس والثلاثون
حزقيال,35,19,"الإصحاح الخامس والثلاثون
حزقيال,35,20,"الإصحاح الخامس والثلاثون
حزقيال,35,21,"الإصحاح الخامس والثلاثون
حزقيال,35,22,"الإصحاح الخامس والثلاثون
حزقيال,35,23,"الإصحاح الخامس والثلاثون
حزقيال,35,24,"الإصحاح الخامس والثلاثون
حزقيال,35,25,"الإصحاح الخامس والثلاثون
حزقيال,35,26,"الإصحاح الخامس والثلاثون
حزقيال,35,27,"الإصحاح الخامس والثلاثون
حزقيال,35,28,"الإصحاح الخامس والثلاثون
حزقيال,35,29,"الإصحاح الخامس والثلاثون
حزقيال,35,30,"الإصحاح الخامس والثلاثون
حزقيال,35,31,"الإصحاح الخامس والثلاثون
حزقيال,35,32,"الإصحاح الخامس والثلاثون
حزقيال,35,33,"الإصحاح الخامس والثلاثون
حزقيال,35,34,"الإصحاح الخامس والثلاثون
حزقيال,35,35,"الإصحاح الخامس والثلاثون
حزقيال,35,36,"الإصحاح الخامس والثلاثون
حزقيال,35,37,"الإصحاح الخامس والثلاثون
حزقيال,35,38,"الإصحاح الخامس والثلاثون
حزقيال,35,39,"الإصحاح الخامس والثلاثون
حزقيال,35,40,"الإصحاح الخامس والثلاثون
حزقيال,35,41,"الإصحاح الخامس والثلاثون
حزقيال,35,42,"الإصحاح الخامس والثلاثون
حزقيال,35,43,"الإصحاح الخامس والثلاثون
حزقيال,35,44,"الإصحاح الخامس والثلاثون
حزقيال,35,45,"الإصحاح الخامس والثلاثون
حزقيال,35,46,"الإصحاح الخامس والثلاثون
حزقيال,35,47,"الإصحاح الخامس والثلاثون
حزقيال,35,48,"الإصحاح الخامس والثلاثون
حزقيال,35,49,"الإصحاح الخامس والثلاثون
حزقيال,35,50,"الإصحاح الخامس والثلاثون
حزقيال,35,51,"الإصحاح الخامس والثلاثون
حزقيال,35,52,"الإصحاح الخامس والثلاثون
حزقيال,35,53,"الإصحاح الخامس والثلاثون
حزقيال,35,54,"الإصحاح الخامس والثلاثون
حزقيال,35,55,"الإصحاح الخامس والثلاثون
حزقيال,35,56,"الإصحاح الخامس والثلاثون
حزقيال,35,57,"الإصحاح الخامس والثلاثون
حزقيال,35,58,"الإصحاح الخامس والثلاثون
حزقيال,35,59,"الإصحاح الخامس والثلاثون
حزقيال,35,60,"الإصحاح الخامس والثلاثون
حزقيال,35,61,"الإصحاح الخامس والثلاثون
حزقيال,35,62,"الإصحاح الخامس والثلاثون
حزقيال,35,63,"الإصحاح الخامس والثلاثون
حزقيال,35,64,"الإصحاح الخامس والثلاثون
حزقيال,35,65,"الإصحاح الخامس والثلاثون
حزقيال,35,66,"الإصحاح الخامس والثلاثون
حزقيال,35,67,"الإصحاح الخامس والثلاثون
حزقيال,35,68,"الإصحاح الخامس والثلاثون
حزقيال,35,69,"الإصحاح الخامس والثلاثون
حزقيال,35,70,"الإصحاح الخامس والثلاثون
حزقيال,35,71,"الإصحاح الخامس والثلاثون
حزقيال,35,72,"الإصحاح الخامس والثلاثون
حزقيال,35,73,"الإصحاح الخامس والثلاثون
حزقيال,35,74,"الإصحاح الخامس والثلاثون
حزقيال,35,75,"الإصحاح الخامس والثلاثون
حزقيال,35,76,"الإصحاح الخامس والثلاثون
حزقيال,35,77,"الإصحاح الخامس والثلاثون
حزقيال,35,78,"الإصحاح الخامس والثلاثون
حزقيال,35,79,"الإصحاح الخامس والثلاثون
حزقيال,35,80,"الإصحاح الخامس والثلاثون
حزقيال,35,81,"الإصحاح الخامس والثلاثون
حزقيال,35,82,"الإصحاح الخامس والثلاثون
حزقيال,35,83,"الإصحاح الخامس والثلاثون
حزقيال,35,84,"الإصحاح الخامس والثلاثون
حزقيال,35,85,"الإصحاح الخامس والثلاثون
حزقيال,35,86,"الإصحاح الخامس والثلاثون
حزقيال,35,87,"الإصحاح الخامس والثلاثون
حزقيال,35,88,"الإصحاح الخامس والثلاثون
حزقيال,35,89,"الإصحاح الخامس والثلاثون
حزقيال,35,90,"الإصحاح الخامس والثلاثون
حزقيال,35,91,"الإصحاح الخامس والثلاثون
حزقيال,35,92,"الإصحاح الخامس والثلاثون
حزقيال,35,93,"الإصحاح الخامس والثلاثون
حزقيال,35,94,"الإصحاح الخامس والثلاثون
حزقيال,35,95,"الإصحاح الخامس والثلاثون
حزقيال,35,96,"الإصحاح الخامس والثلاثون
حزقيال,35,97,"الإصحاح الخامس والثلاثون
حزقيال,35,98,"الإصحاح الخامس والثلاثون
حزقيال,35,99,"الإصحاح الخامس والثلاثون
حزقيال,36,1,"الإصحاح السادس والثلاثون
حزقيال,36,2,"الإصحاح السادس والثلاثون
حزقيال,36,3,"الإصحاح السادس والثلاثون
حزقيال,36,4,"الإصحاح السادس والثلاثون
حزقيال,36,5,"الإصحاح السادس والثلاثون
حزقيال,36,6,"الإصحاح السادس والثلاثون
حزقيال,36,7,"الإصحاح السادس والثلاثون
حزقيال,36,8,"الإصحاح السادس والثلاثون
حزقيال,36,9,"الإصحاح السادس والثلاثون
حزقيال,36,10,"الإصحاح السادس والثلاثون
حزقيال,36,11,"الإصحاح السادس والثلاثون
حزقيال,36,12,"الإصحاح السادس والثلاثون
حزقيال,36,13,"الإصحاح السادس والثلاثون
حزقيال,36,14,"الإصحاح السادس والثلاثون
حزقيال,36,15,"الإصحاح السادس والثلاثون
حزقيال,36,16,"الإصحاح السادس والثلاثون
حزقيال,36,17,"الإصحاح السادس والثلاثون
حزقيال,36,18,"الإصحاح السادس والثلاثون
حزقيال,36,19,"الإصحاح السادس والثلاثون
حزقيال,36,20,"الإصحاح السادس والثلاثون
حزقيال,36,21,"الإصحاح السادس والثلاثون
حزقيال,36,22,"الإصحاح السادس والثلاثون
حزقيال,36,23,"الإصحاح السادس والثلاثون
حزقيال,36,24,"الإصحاح السادس والثلاثون
حزقيال,36,25,"الإصحاح السادس والثلاثون
حزقيال,36,26,"الإصحاح السادس والثلاثون
حزقيال,36,27,"الإصحاح السادس والثلاثون
حزقيال,36,28,"الإصحاح السادس والثلاثون
حزقيال,36,29,"الإصحاح السادس والثلاثون
حزقيال,36,30,"الإصحاح السادس والثلاثون
حزقيال,36,31,"الإصحاح السادس والثلاثون
حزقيال,36,32,"الإصحاح السادس والثلاثون
حزقيال,36,33,"الإصحاح السادس والثلاثون
حزقيال,36,34,"الإصحاح السادس والثلاثون
حزقيال,36,35,"الإصحاح السادس والثلاثون
حزقيال,36,36,"الإصحاح السادس والثلاثون
حزقيال,36,37,"الإصحاح السادس والثلاثون
حزقيال,36,38,"الإصحاح السادس والثلاثون
حزقيال,36,39,"الإصحاح السادس والثلاثون
حزقيال,36,40,"الإصحاح السادس والثلاثون
حزقيال,36,41,"الإصحاح السادس والثلاثون
حزقيال,36,42,"الإصحاح السادس والثلاثون
حزقيال,36,43,"الإصحاح السادس والثلاثون
حزقيال,36,44,"الإصحاح السادس والثلاثون
حزقيال,36,45,"الإصحاح السادس والثلاثون
حزقيال,36,46,"الإصحاح السادس والثلاثون
حزقيال,36,47,"الإصحاح السادس والثلاثون
حزقيال,36,48,"الإصحاح السادس والثلاثون
حزقيال,36,49,"الإصحاح السادس والثلاثون
حزقيال,36,50,"الإصحاح السادس والثلاثون
حزقيال,36,51,"الإصحاح السادس والثلاثون
حزقيال,36,52,"الإصحاح السادس والثلاثون
حزقيال,36,53,"الإصحاح السادس والثلاثون
حزقيال,36,54,"الإصحاح السادس والثلاثون
حزقيال,36,55,"الإصحاح السادس والثلاثون
حزقيال,36,56,"الإصحاح السادس والثلاثون
حزقيال,36,57,"الإصحاح السادس والثلاثون
حزقيال,36,58,"الإصحاح السادس والثلاثون
حزقيال,36,59,"الإصحاح السادس والثلاثون
حزقيال,36,60,"الإصحاح السادس والثلاثون
حزقيال,36,61,"الإصحاح السادس والثلاثون
حزقيال,36,62,"الإصحاح السادس والثلاثون
حزقيال,36,63,"الإصحاح السادس والثلاثون
حزقيال,36,64,"الإصحاح السادس والثلاثون
حزقيال,36,65,"الإصحاح السادس والثلاثون
حزقيال,36,66,"الإصحاح السادس والثلاثون
حزقيال,36,67,"الإصحاح السادس والثلاثون
حزقيال,36,68,"الإصحاح السادس والثلاثون
حزقيال,36,69,"الإصحاح السادس والثلاثون
حزقيال,36,70,"الإصحاح السادس والثلاثون
حزقيال,36,71,"الإصحاح السادس والثلاثون
حزقيال,36,72,"الإصحاح السادس والثلاثون
حزقيال,36,73,"الإصحاح السادس والثلاثون
حزقيال,36,74,"الإصحاح السادس والثلاثون
حزقيال,36,75,"الإصحاح السادس والثلاثون
حزقيال,36,76,"الإصحاح السادس والثلاثون
حزقيال,36,77,"الإصحاح السادس والثلاثون
حزقيال,36,78,"الإصحاح السادس والثلاثون
حزقيال,36,79,"الإصحاح السادس والثلاثون
حزقيال,36,80,"الإصحاح السادس والثلاثون
حزقيال,36,81,"الإصحاح السادس والثلاثون
حزقيال,36,82,"الإصحاح السادس والثلاثون
حزقيال,36,83,"الإصحاح السادس والثلاثون
حزقيال,36,84,"الإصحاح السادس والثلاثون
حزقيال,36,85,"الإصحاح السادس والثلاثون
حزقيال,36,86,"الإصحاح السادس والثلاثون
حزقيال,36,87,"الإصحاح السادس والثلاثون
حزقيال,36,88,"الإصحاح السادس والثلاثون
حزقيال,36,89,"الإصحاح السادس والثلاثون
حزقيال,36,90,"الإصحاح السادس والثلاثون
حزقيال,36,91,"الإصحاح السادس والثلاثون
حزقيال,36,92,"الإصحاح السادس والثلاثون
حزقيال,36,93,"الإصحاح السادس والثلاثون
حزقيال,36,94,"الإصحاح السادس والثلاثون
حزقيال,36,95,"الإصحاح السادس والثلاثون
حزقيال,36,96,"الإصحاح السادس والثلاثون
حزقيال,36,97,"الإصحاح السادس والثلاثون
حزقيال,36,98,"الإصحاح السادس والثلاثون
حزقيال,36,99,"الإصحاح السادس والثلاثون
حزقيال,37,1,"الإصحاح السابع والثلاثون
حزقيال,37,2,"الإصحاح السابع والثلاثون
حزقيال,37,3,"الإصحاح السابع والثلاثون
حزقيال,37,4,"الإصحاح السابع والثلاثون
حزقيال,37,5,"الإصحاح السابع والثلاثون
حزقيال,37,6,"الإصحاح السابع والثلاثون
حزقيال,37,7,"الإصحاح السابع والثلاثون
حزقيال,37,8,"الإصحاح السابع والثلاثون
حزقيال,37,9,"الإصحاح السابع والثلاثون
حزقيال,37,10,"الإصحاح السابع والثلاثون
حزقيال,37,11,"الإصحاح السابع والثلاثون
حزقيال,37,12,"الإصحاح السابع والثلاثون
حزقيال,37,13,"الإصحاح السابع والثلاثون
حزقيال,37,14,"الإصحاح السابع والثلاثون
حزقيال,37,15,"الإصحاح السابع والثلاثون
حزقيال,37,16,"الإصحاح السابع والثلاثون
حزقيال,37,17,"الإصحاح السابع والثلاثون
حزقيال,37,18,"الإصحاح السابع والثلاثون
حزقيال,37,19,"الإصحاح السابع والثلاثون
حزقيال,37,20,"الإصحاح السابع والثلاثون
حزقيال,37,21,"الإصحاح السابع والثلاثون
حزقيال,37,22,"الإصحاح السابع والثلاثون
حزقيال,37,23,"الإصحاح السابع والثلاثون
حزقيال,37,24,"الإصحاح السابع والثلاثون
حزقيال,37,25,"الإصحاح السابع والثلاثون
حزقيال,37,26,"الإصحاح السابع والثلاثون
حزقيال,37,27,"الإصحاح السابع والثلاثون
حزقيال,37,28,"الإصحاح السابع والثلاثون
حزقيال,37,29,"الإصحاح السابع والثلاثون
حزقيال,37,30,"الإصحاح السابع والثلاثون
حزقيال,37,31,"الإصحاح السابع والثلاثون
حزقيال,37,32,"الإصحاح السابع والثلاثون
حزقيال,37,33,"الإصحاح السابع والثلاثون
حزقيال,37,34,"الإصحاح السابع والثلاثون
حزقيال,37,35,"الإصحاح السابع والثلاثون
حزقيال,37,36,"الإصحاح السابع والثلاثون
حزقيال,37,37,"الإصحاح السابع والثلاثون
حزقيال,37,38,"الإصحاح السابع والثلاثون
حزقيال,37,39,"الإصحاح السابع والثلاثون
حزقيال,37,40,"الإصحاح السابع والثلاثون
حزقيال,37,41,"الإصحاح السابع والثلاثون
حزقيال,37,42,"الإصحاح السابع والثلاثون
حزقيال,37,43,"الإصحاح السابع والثلاثون
حزقيال,37,44,"الإصحاح السابع والثلاثون
حزقيال,37,45,"الإصحاح السابع والثلاثون
حزقيال,37,46,"الإصحاح السابع والثلاثون
حزقيال,37,47,"الإصحاح السابع والثلاثون
حزقيال,37,48,"الإصحاح السابع والثلاثون
حزقيال,37,49,"الإصحاح السابع والثلاثون
حزقيال,37,50,"الإصحاح السابع والثلاثون
حزقيال,37,51,"الإصحاح السابع والثلاثون
حزقيال,37,52,"الإصحاح السابع والثلاثون
حزقيال,37,53,"الإصحاح السابع والثلاثون
حزقيال,37,54,"الإصحاح السابع والثلاثون
حزقيال,37,55,"الإصحاح السابع والثلاثون
حزقيال,37,56,"الإصحاح السابع والثلاثون
حزقيال,37,57,"الإصحاح السابع والثلاثون
حزقيال,37,58,"الإصحاح السابع والثلاثون
حزقيال,37,59,"الإصحاح السابع والثلاثون
حزقيال,37,60,"الإصحاح السابع والثلاثون
حزقيال,37,61,"الإصحاح السابع والثلاثون
حزقيال,37,62,"الإصحاح السابع والثلاثون
حزقيال,37,63,"الإصحاح السابع والثلاثون
حزقيال,37,64,"الإصحاح السابع والثلاثون
حزقيال,37,65,"الإصحاح السابع والثلاثون
حزقيال,37,66,"الإصحاح السابع والثلاثون
حزقيال,37,67,"الإصحاح السابع والثلاثون
حزقيال,37,68,"الإصحاح السابع والثلاثون
حزقيال,37,69,"الإصحاح السابع والثلاثون
حزقيال,37,70,"الإصحاح السابع والثلاثون
حزقيال,37,71,"الإصحاح السابع والثلاثون
حزقيال,37,72,"الإصحاح السابع والثلاثون
حزقيال,37,73,"الإصحاح السابع والثلاثون
حزقيال,37,74,"الإصحاح السابع والثلاثون
حزقيال,37,75,"الإصحاح السابع والثلاثون
حزقيال,37,76,"الإصحاح السابع والثلاثون
حزقيال,37,77,"الإصحاح السابع والثلاثون
حزقيال,37,78,"الإصحاح السابع والثلاثون
حزقيال,37,79,"الإصحاح السابع والثلاثون
حزقيال,37,80,"الإصحاح السابع والثلاثون
حزقيال,37,81,"الإصحاح السابع والثلاثون
حزقيال,37,82,"الإصحاح السابع والثلاثون
حزقيال,37,83,"الإصحاح السابع والثلاثون
حزقيال,37,84,"الإصحاح السابع والثلاثون
حزقيال,37,85,"الإصحاح السابع والثلاثون
حزقيال,37,86,"الإصحاح السابع والثلاثون
حزقيال,37,87,"الإصحاح السابع والثلاثون
حزقيال,37,88,"الإصحاح السابع والثلاثون
حزقيال,37,89,"الإصحاح السابع والثلاثون
حزقيال,37,90,"الإصحاح السابع والثلاثون
حزقيال,37,91,"الإصحاح السابع والثلاثون
حزقيال,37,92,"الإصحاح السابع والثلاثون
حزقيال,37,93,"الإصحاح السابع والثلاثون
حزقيال,37,94,"الإصحاح السابع والثلاثون
حزقيال,37,95,"الإصحاح السابع والثلاثون
حزقيال,37,96,"الإصحاح السابع والثلاثون
حزقيال,37,97,"الإصحاح السابع والثلاثون
حزقيال,37,98,"الإصحاح السابع والثلاثون
حزقيال,37,99,"الإصحاح السابع والثلاثون
حزقيال,38,1,"الإصحاح الثامن والثلاثون
حزقيال,38,2,"الإصحاح الثامن والثلاثون
حزقيال,38,3,"الإصحاح الثامن والثلاثون
حزقيال,38,4,"الإصحاح الثامن والثلاثون
حزقيال,38,5,"الإصحاح الثامن والثلاثون
حزقيال,38,6,"الإصحاح الثامن والثلاثون
حزقيال,38,7,"الإصحاح الثامن والثلاثون
حزقيال,38,8,"الإصحاح الثامن والثلاثون
حزقيال,38,9,"الإصحاح الثامن والثلاثون
حزقيال,38,10,"الإصحاح الثامن والثلاثون
حزقيال,38,11,"الإصحاح الثامن والثلاثون
حزقيال,38,12,"الإصحاح الثامن والثلاثون
حزقيال,38,13,"الإصحاح الثامن والثلاثون
حزقيال,38,14,"الإصحاح الثامن والثلاثون
حزقيال,38,15,"الإصحاح الثامن والثلاثون
حزقيال,38,16,"الإصحاح الثامن والثلاثون
حزقيال,38,17,"الإصحاح الثامن والثلاثون
حزقيال,38,18,"الإصحاح الثامن والثلاثون
حزقيال,38,19,"الإصحاح الثامن والثلاثون
حزقيال,38,20,"الإصحاح الثامن والثلاثون
حزقيال,38,21,"الإصحاح الثامن والثلاثون
حزقيال,38,22,"الإصحاح الثامن والثلاثون
حزقيال,38,23,"الإصحاح الثامن والثلاثون
حزقيال,38,24,"الإصحاح الثامن والثلاثون
حزقيال,38,25,"الإصحاح الثامن والثلاثون
حزقيال,38,26,"الإصحاح الثامن والثلاثون
حزقيال,38,27,"الإصحاح الثامن والثلاثون
حزقيال,38,28,"الإصحاح الثامن والثلاثون
حزقيال,38,29,"الإصحاح الثامن والثلاثون
حزقيال,38,30,"الإصحاح الثامن والثلاثون
حزقيال,38,31,"الإصحاح الثامن والثلاثون
حزقيال,38,32,"الإصحاح الثامن والثلاثون
حزقيال,38,33,"الإصحاح الثامن والثلاثون
حزقيال,38,34,"الإصحاح الثامن والثلاثون
حزقيال,38,35,"الإصحاح الثامن والثلاثون
حزقيال,38,36,"الإصحاح الثامن والثلاثون
حزقيال,38,37,"الإصحاح الثامن والثلاثون
حزقيال,38,38,"الإصحاح الثامن والثلاثون
حزقيال,38,39,"الإصحاح الثامن والثلاثون
حزقيال,38,40,"الإصحاح الثامن والثلاثون
حزقيال,38,41,"الإصحاح الثامن والثلاثون
حزقيال,38,42,"الإصحاح الثامن والثلاثون
حزقيال,38,43,"الإصحاح الثامن والثلاثون
حزقيال,38,44,"الإصحاح الثامن والثلاثون
حزقيال,38,45,"الإصحاح الثامن والثلاثون
حزقيال,38,46,"الإصحاح الثامن والثلاثون
حزقيال,38,47,"الإصحاح الثامن والثلاثون
حزقيال,38,48,"الإصحاح الثامن والثلاثون
حزقيال,38,49,"الإصحاح الثامن والثلاثون
حزقيال,38,50,"الإصحاح الثامن والثلاثون
حزقيال,38,51,"الإصحاح الثامن والثلاثون
حزقيال,38,52,"الإصحاح الثامن والثلاثون
حزقيال,38,53,"الإصحاح الثامن والثلاثون
حزقيال,38,54,"الإصحاح الثامن والثلاثون
حزقيال,38,55,"الإصحاح الثامن والثلاثون
حزقيال,38,56,"الإصحاح الثامن والثلاثون
حزقيال,38,57,"الإصحاح الثامن والثلاثون
حزقيال,38,58,"الإصحاح الثامن والثلاثون
حزقيال,38,59,"الإصحاح الثامن والثلاثون
حزقيال,38,60,"الإصحاح الثامن والثلاثون
حزقيال,38,61,"الإصحاح الثامن والثلاثون
حزقيال,38,62,"الإصحاح الثامن والثلاثون
حزقيال,38,63,"الإصحاح الثامن والثلاثون
حزقيال,38,64,"الإصحاح الثامن والثلاثون
حزقيال,38,65,"الإصحاح الثامن والثلاثون
حزقيال,38,66,"الإصحاح الثامن والثلاثون
حزقيال,38,67,"الإصحاح الثامن والثلاثون
حزقيال,38,68,"الإصحاح الثامن والثلاثون
حزقيال,38,69,"الإصحاح الثامن والثلاثون
حزقيال,38,70,"الإصحاح الثامن والثلاثون
حزقيال,38,71,"الإصحاح الثامن والثلاثون
حزقيال,38,72,"الإصحاح الثامن والثلاثون
حزقيال,38,73,"الإصحاح الثامن والثلاثون
حزقيال,38,74,"الإصحاح الثامن والثلاثون
حزقيال,38,75,"الإصحاح الثامن والثلاثون
حزقيال,38,76,"الإصحاح الثامن والثلاثون
حزقيال,38,77,"الإصحاح الثامن والثلاثون
حزقيال,38,78,"الإصحاح الثامن والثلاثون
حزقيال,38,79,"الإصحاح الثامن والثلاثون
حزقيال,38,80,"الإصحاح الثامن والثلاثون
حزقيال,38,81,"الإصحاح الثامن والثلاثون
حزقيال,38,82,"الإصحاح الثامن والثلاثون
حزقيال,38,83,"الإصحاح الثامن والثلاثون
حزقيال,38,84,"الإصحاح الثامن والثلاثون
حزقيال,38,85,"الإصحاح الثامن والثلاثون
حزقيال,38,86,"الإصحاح الثامن والثلاثون
حزقيال,38,87,"الإصحاح الثامن والثلاثون
حزقيال,38,88,"الإصحاح الثامن والثلاثون
حزقيال,38,89,"الإصحاح الثامن والثلاثون
حزقيال,38,90,"الإصحاح الثامن والثلاثون
حزقيال,38,91,"الإصحاح الثامن والثلاثون
حزقيال,38,92,"الإصحاح الثامن والثلاثون
حزقيال,38,93,"الإصحاح الثامن والثلاثون
حزقيال,38,94,"الإصحاح الثامن والثلاثون
حزقيال,38,95,"الإصحاح الثامن والثلاثون
حزقيال,38,96,"الإصحاح الثامن والثلاثون
حزقيال,38,97,"الإصحاح الثامن والثلاثون
حزقيال,38,98,"الإصحاح الثامن والثلاثون
حزقيال,38,99,"الإصحاح الثامن والثلاثون
حزقيال,39,1,"الإصحاح التاسع والثلاثون
حزقيال,39,2,"الإصحاح التاسع والثلاثون
حزقيال,39,3,"الإصحاح التاسع والثلاثون
حزقيال,39,4,"الإصحاح التاسع والثلاثون
حزقيال,39,5,"الإصحاح التاسع والثلاثون
حزقيال,39,6,"الإصحاح التاسع والثلاثون
حزقيال,39,7,"الإصحاح التاسع والثلاثون
حزقيال,39,8,"الإصحاح التاسع والثلاثون
حزقيال,39,9,"الإصحاح التاسع والثلاثون
حزقيال,39,10,"الإصحاح التاسع والثلاثون
حزقيال,39,11,"الإصحاح التاسع والثلاثون
حزقيال,39,12,"الإصحاح التاسع والثلاثون
حزقيال,39,13,"الإصحاح التاسع والثلاثون
حزقيال,39,14,"الإصحاح التاسع والثلاثون
حزقيال,39,15,"الإصحاح التاسع والثلاثون
حزقيال,39,16,"الإصحاح التاسع والثلاثون
حزقيال,39,17,"الإصحاح التاسع والثلاثون
حزقيال,39,18,"الإصحاح التاسع والثلاثون
حزقيال,39,19,"الإصحاح التاسع والثلاثون
حزقيال,39,20,"الإصحاح التاسع والثلاثون
حزقيال,39,21,"الإصحاح التاسع والثلاثون
حزقيال,39,22,"الإصحاح التاسع والثلاثون
حزقيال,39,23,"الإصحاح التاسع والثلاثون
حزقيال,39,24,"الإصحاح التاسع والثلاثون
حزقيال,39,25,"الإصحاح التاسع والثلاثون
حزقيال,39,26,"الإصحاح التاسع والثلاثون
حزقيال,39,27,"الإصحاح التاسع والثلاثون
حزقيال,39,28,"الإصحاح التاسع والثلاثون
حزقيال,39,29,"الإصحاح التاسع والثلاثون
حزقيال,39,30,"الإصحاح التاسع والثلاثون
حزقيال,39,31,"الإصحاح التاسع والثلاثون
حزقيال,39,32,"الإصحاح التاسع والثلاثون
حزقيال,39,33,"الإصحاح التاسع والثلاثون
حزقيال,39,34,"الإصحاح التاسع والثلاثون
حزقيال,39,35,"الإصحاح التاسع والثلاثون
حزقيال,39,36,"الإصحاح التاسع والثلاثون
حزقيال,39,37,"الإصحاح التاسع والثلاثون
حزقيال,39,38,"الإصحاح التاسع والثلاثون
حزقيال,39,39,"الإصحاح التاسع والثلاثون
حزقيال,39,40,"الإصحاح التاسع والثلاثون
حزقيال,39,41,"الإصحاح التاسع والثلاثون
حزقيال,39,42,"الإصحاح التاسع والثلاثون
حزقيال,39,43,"الإصحاح التاسع والثلاثون
حزقيال,39,44,"الإصحاح التاسع والثلاثون
حزقيال,39,45,"الإصحاح التاسع والثلاثون
حزقيال,39,46,"الإصحاح التاسع والثلاثون
حزقيال,39,47,"الإصحاح التاسع والثلاثون
حزقيال,39,48,"الإصحاح التاسع والثلاثون
حزقيال,39,49,"الإصحاح التاسع والثلاثون
حزقيال,39,50,"الإصحاح التاسع والثلاثون
حزقيال,39,51,"الإصحاح التاسع والثلاثون
حزقيال,39,52,"الإصحاح التاسع والثلاثون
حزقيال,39,53,"الإصحاح التاسع والثلاثون
حزقيال,39,54,"الإصحاح التاسع والثلاثون
حزقيال,39,55,"الإصحاح التاسع والثلاثون
حزقيال,39,56,"الإصحاح التاسع والثلاثون
حزقيال,39,57,"الإصحاح التاسع والثلاثون
حزقيال,39,58,"الإصحاح التاسع والثلاثون
حزقيال,39,59,"الإصحاح التاسع والثلاثون
حزقيال,39,60,"الإصحاح التاسع والثلاثون
حزقيال,39,61,"الإصحاح التاسع والثلاثون
حزقيال,39,62,"الإصحاح التاسع والثلاثون
حزقيال,39,63,"الإصحاح التاسع والثلاثون
حزقيال,39,64,"الإصحاح التاسع والثلاثون
حزقيال,39,65,"الإصحاح التاسع والثلاثون
حزقيال,39,66,"الإصحاح التاسع والثلاثون
حزقيال,39,67,"الإصحاح التاسع والثلاثون
حزقيال,39,68,"الإصحاح التاسع والثلاثون
حزقيال,39,69,"الإصحاح التاسع والثلاثون
حزقيال,39,70,"الإصحاح التاسع والثلاثون
حزقيال,39,71,"الإصحاح التاسع والثلاثون
حزقيال,39,72,"الإصحاح التاسع والثلاثون
حزقيال,39,73,"الإصحاح التاسع والثلاثون
حزقيال,39,74,"الإصحاح التاسع والثلاثون
حزقيال,39,75,"الإصحاح التاسع والثلاثون
حزقيال,39,76,"الإصحاح التاسع والثلاثون
حزقيال,39,77,"الإصحاح التاسع والثلاثون
حزقيال,39,78,"الإصحاح التاسع والثلاثون
حزقيال,39,79,"الإصحاح التاسع والثلاثون
حزقيال,39,80,"الإصحاح التاسع والثلاثون
حزقيال,39,81,"الإصحاح التاسع والثلاثون
حزقيال,39,82,"الإصحاح التاسع والثلاثون
حزقيال,39,83,"الإصحاح التاسع والثلاثون
حزقيال,39,84,"الإصحاح التاسع والثلاثون
حزقيال,39,85,"الإصحاح التاسع والثلاثون
حزقيال,39,86,"الإصحاح التاسع والثلاثون
حزقيال,39,87,"الإصحاح التاسع والثلاثون
حزقيال,39,88,"الإصحاح التاسع والثلاثون
حزقيال,39,89,"الإصحاح التاسع والثلاثون
حزقيال,39,90,"الإصحاح التاسع والثلاثون
حزقيال,39,91,"الإصحاح التاسع والثلاثون
حزقيال,39,92,"الإصحاح التاسع والثلاثون
حزقيال,39,93,"الإصحاح التاسع والثلاثون
حزقيال,39,94,"الإصحاح التاسع والثلاثون
حزقيال,39,95,"الإصحاح التاسع والثلاثون
حزقيال,39,96,"الإصحاح التاسع والثلاثون
حزقيال,39,97,"الإصحاح التاسع والثلاثون
حزقيال,39,98,"الإصحاح التاسع والثلاثون
حزقيال,39,99,"الإصحاح التاسع والثلاثون
حزقيال,40,1,"الهيكل الجديد
حزقيال,40,2,"الهيكل الجديد
حزقيال,40,3,"الهيكل الجديد
حزقيال,40,4,"الهيكل الجديد
حزقيال,40,5,"الهيكل الجديد
حزقيال,40,6,"الهيكل الجديد
حزقيال,40,7,"الهيكل الجديد
حزقيال,40,8,"الهيكل الجديد
حزقيال,40,9,"الهيكل الجديد
حزقيال,40,10,"الهيكل الجديد
حزقيال,40,11,"الهيكل الجديد
حزقيال,40,12,"الهيكل الجديد
حزقيال,40,13,"الهيكل الجديد
حزقيال,40,14,"الهيكل الجديد
حزقيال,40,15,"الهيكل الجديد
حزقيال,40,16,"الهيكل الجديد
حزقيال,40,17,"الهيكل الجديد
حزقيال,40,18,"الهيكل الجديد
حزقيال,40,19,"الهيكل الجديد
حزقيال,40,20,"الهيكل الجديد
حزقيال,40,21,"الهيكل الجديد
حزقيال,40,22,"الهيكل الجديد
حزقيال,40,23,"الهيكل الجديد
حزقيال,40,24,"الهيكل الجديد
حزقيال,40,25,"الهيكل الجديد
حزقيال,40,26,"الهيكل الجديد
حزقيال,40,27,"الهيكل الجديد
حزقيال,40,28,"الهيكل الجديد
حزقيال,40,29,"الهيكل الجديد
حزقيال,40,30,"الهيكل الجديد
حزقيال,40,31,"الهيكل الجديد
حزقيال,40,32,"الهيكل الجديد
حزقيال,40,33,"الهيكل الجديد
حزقيال,40,34,"الهيكل الجديد
حزقيال,40,35,"الهيكل الجديد
حزقيال,40,36,"الهيكل الجديد
حزقيال,40,37,"الهيكل الجديد
حزقيال,40,38,"الهيكل الجديد
حزقيال,40,39,"الهيكل الجديد
حزقيال,40,40,"الهيكل الجديد
حزقيال,40,41,"الهيكل الجديد
حزقيال,40,42,"الهيكل الجديد
حزقيال,40,43,"الهيكل الجديد
حزقيال,40,44,"الهيكل الجديد
حزقيال,40,45,"الهيكل الجديد
حزقيال,40,46,"الهيكل الجديد
حزقيال,40,47,"الهيكل الجديد
حزقيال,40,48,"الهيكل الجديد
حزقيال,40,49,"الهيكل الجديد
حزقيال,40,50,"الهيكل الجديد
حزقيال,40,51,"الهيكل الجديد
حزقيال,40,52,"الهيكل الجديد
حزقيال,40,53,"الهيكل الجديد
حزقيال,40,54,"الهيكل الجديد
حزقيال,40,55,"الهيكل الجديد
حزقيال,40,56,"الهيكل الجديد
حزقيال,40,57,"الهيكل الجديد
حزقيال,40,58,"الهيكل الجديد
حزقيال,40,59,"الهيكل الجديد
حزقيال,40,60,"الهيكل الجديد
حزقيال,40,61,"الهيكل الجديد
حزقيال,40,62,"الهيكل الجديد
حزقيال,40,63,"الهيكل الجديد
حزقيال,40,64,"الهيكل الجديد
حزقيال,40,65,"الهيكل الجديد
حزقيال,40,66,"الهيكل الجديد
حزقيال,40,67,"الهيكل الجديد
حزقيال,40,68,"الهيكل الجديد
حزقيال,40,69,"الهيكل الجديد
حزقيال,40,70,"الهيكل الجديد
حزقيال,40,71,"الهيكل الجديد
حزقيال,40,72,"الهيكل الجديد
حزقيال,40,73,"الهيكل الجديد
حزقيال,40,74,"الهيكل الجديد
حزقيال,40,75,"الهيكل الجديد
حزقيال,40,76,"الهيكل الجديد
حزقيال,40,77,"الهيكل الجديد
حزقيال,40,78,"الهيكل الجديد
حزقيال,40,79,"الهيكل الجديد
حزقيال,40,80,"الهيكل الجديد
حزقيال,40,81,"الهيكل الجديد
حزقيال,40,82,"الهيكل الجديد
حزقيال,40,83,"الهيكل الجديد
حزقيال,40,84,"الهيكل الجديد
حزقيال,40,85,"الهيكل الجديد
حزقيال,40,86,"الهيكل الجديد
حزقيال,40,87,"الهيكل الجديد
حزقيال,40,88,"الهيكل الجديد
حزقيال,40,89,"الهيكل الجديد
حزقيال,40,90,"الهيكل الجديد
حزقيال,40,91,"الهيكل الجديد
حزقيال,40,92,"الهيكل الجديد
حزقيال,40,93,"الهيكل الجديد
حزقيال,40,94,"الهيكل الجديد
حزقيال,40,95,"الهيكل الجديد
حزقيال,40,96,"الهيكل الجديد
حزقيال,40,97,"الهيكل الجديد
حزقيال,40,98,"الهيكل الجديد
حزقيال,40,99,"الهيكل الجديد
حزقيال,41,1,"يلاحظ فى الرسم السابق أنه غريب بعض الشئ عن المألوف فسمك الحوائط أكبر من عرض الحجرات. وهذا مما يعطى أحساس بإستحالة تنفيذه عملياً كما كما يتصور مفسرى الملك الألفى فما معنى تكديس حجرات 4 × 4 ذراع وتصور أنها محاطة بحوائط أسمك منها فكيف الدخول إليها وكما يلاحظ أنه فى هذا الهيكل لا يحدد إرتفاعات ولذلك يبدو منطقياً أن نلجأ للتفسير الروحى فهذا هو المقصود بهذه الأبعاد ولنتأمل فى هذا :- 
حزقيال,41,2,"يلاحظ فى الرسم السابق أنه غريب بعض الشئ عن المألوف فسمك الحوائط أكبر من عرض الحجرات. وهذا مما يعطى أحساس بإستحالة تنفيذه عملياً كما كما يتصور مفسرى الملك الألفى فما معنى تكديس حجرات 4 × 4 ذراع وتصور أنها محاطة بحوائط أسمك منها فكيف الدخول إليها وكما يلاحظ أنه فى هذا الهيكل لا يحدد إرتفاعات ولذلك يبدو منطقياً أن نلجأ للتفسير الروحى فهذا هو المقصود بهذه الأبعاد ولنتأمل فى هذا :- 
حزقيال,41,3,"يلاحظ فى الرسم السابق أنه غريب بعض الشئ عن المألوف فسمك الحوائط أكبر من عرض الحجرات. وهذا مما يعطى أحساس بإستحالة تنفيذه عملياً كما كما يتصور مفسرى الملك الألفى فما معنى تكديس حجرات 4 × 4 ذراع وتصور أنها محاطة بحوائط أسمك منها فكيف الدخول إليها وكما يلاحظ أنه فى هذا الهيكل لا يحدد إرتفاعات ولذلك يبدو منطقياً أن نلجأ للتفسير الروحى فهذا هو المقصود بهذه الأبعاد ولنتأمل فى هذا :- 
حزقيال,41,4,"يلاحظ فى الرسم السابق أنه غريب بعض الشئ عن المألوف فسمك الحوائط أكبر من عرض الحجرات. وهذا مما يعطى أحساس بإستحالة تنفيذه عملياً كما كما يتصور مفسرى الملك الألفى فما معنى تكديس حجرات 4 × 4 ذراع وتصور أنها محاطة بحوائط أسمك منها فكيف الدخول إليها وكما يلاحظ أنه فى هذا الهيكل لا يحدد إرتفاعات ولذلك يبدو منطقياً أن نلجأ للتفسير الروحى فهذا هو المقصود بهذه الأبعاد ولنتأمل فى هذا :- 
حزقيال,41,5,"يلاحظ فى الرسم السابق أنه غريب بعض الشئ عن المألوف فسمك الحوائط أكبر من عرض الحجرات. وهذا مما يعطى أحساس بإستحالة تنفيذه عملياً كما كما يتصور مفسرى الملك الألفى فما معنى تكديس حجرات 4 × 4 ذراع وتصور أنها محاطة بحوائط أسمك منها فكيف الدخول إليها وكما يلاحظ أنه فى هذا الهيكل لا يحدد إرتفاعات ولذلك يبدو منطقياً أن نلجأ للتفسير الروحى فهذا هو المقصود بهذه الأبعاد ولنتأمل فى هذا :- 
حزقيال,41,6,"يلاحظ فى الرسم السابق أنه غريب بعض الشئ عن المألوف فسمك الحوائط أكبر من عرض الحجرات. وهذا مما يعطى أحساس بإستحالة تنفيذه عملياً كما كما يتصور مفسرى الملك الألفى فما معنى تكديس حجرات 4 × 4 ذراع وتصور أنها محاطة بحوائط أسمك منها فكيف الدخول إليها وكما يلاحظ أنه فى هذا الهيكل لا يحدد إرتفاعات ولذلك يبدو منطقياً أن نلجأ للتفسير الروحى فهذا هو المقصود بهذه الأبعاد ولنتأمل فى هذا :- 
حزقيال,41,7,"يلاحظ فى الرسم السابق أنه غريب بعض الشئ عن المألوف فسمك الحوائط أكبر من عرض الحجرات. وهذا مما يعطى أحساس بإستحالة تنفيذه عملياً كما كما يتصور مفسرى الملك الألفى فما معنى تكديس حجرات 4 × 4 ذراع وتصور أنها محاطة بحوائط أسمك منها فكيف الدخول إليها وكما يلاحظ أنه فى هذا الهيكل لا يحدد إرتفاعات ولذلك يبدو منطقياً أن نلجأ للتفسير الروحى فهذا هو المقصود بهذه الأبعاد ولنتأمل فى هذا :- 
حزقيال,41,8,"يلاحظ فى الرسم السابق أنه غريب بعض الشئ عن المألوف فسمك الحوائط أكبر من عرض الحجرات. وهذا مما يعطى أحساس بإستحالة تنفيذه عملياً كما كما يتصور مفسرى الملك الألفى فما معنى تكديس حجرات 4 × 4 ذراع وتصور أنها محاطة بحوائط أسمك منها فكيف الدخول إليها وكما يلاحظ أنه فى هذا الهيكل لا يحدد إرتفاعات ولذلك يبدو منطقياً أن نلجأ للتفسير الروحى فهذا هو المقصود بهذه الأبعاد ولنتأمل فى هذا :- 
حزقيال,41,9,"يلاحظ فى الرسم السابق أنه غريب بعض الشئ عن المألوف فسمك الحوائط أكبر من عرض الحجرات. وهذا مما يعطى أحساس بإستحالة تنفيذه عملياً كما كما يتصور مفسرى الملك الألفى فما معنى تكديس حجرات 4 × 4 ذراع وتصور أنها محاطة بحوائط أسمك منها فكيف الدخول إليها وكما يلاحظ أنه فى هذا الهيكل لا يحدد إرتفاعات ولذلك يبدو منطقياً أن نلجأ للتفسير الروحى فهذا هو المقصود بهذه الأبعاد ولنتأمل فى هذا :- 
حزقيال,41,10,"يلاحظ فى الرسم السابق أنه غريب بعض الشئ عن المألوف فسمك الحوائط أكبر من عرض الحجرات. وهذا مما يعطى أحساس بإستحالة تنفيذه عملياً كما كما يتصور مفسرى الملك الألفى فما معنى تكديس حجرات 4 × 4 ذراع وتصور أنها محاطة بحوائط أسمك منها فكيف الدخول إليها وكما يلاحظ أنه فى هذا الهيكل لا يحدد إرتفاعات ولذلك يبدو منطقياً أن نلجأ للتفسير الروحى فهذا هو المقصود بهذه الأبعاد ولنتأمل فى هذا :- 
حزقيال,41,11,"يلاحظ فى الرسم السابق أنه غريب بعض الشئ عن المألوف فسمك الحوائط أكبر من عرض الحجرات. وهذا مما يعطى أحساس بإستحالة تنفيذه عملياً كما كما يتصور مفسرى الملك الألفى فما معنى تكديس حجرات 4 × 4 ذراع وتصور أنها محاطة بحوائط أسمك منها فكيف الدخول إليها وكما يلاحظ أنه فى هذا الهيكل لا يحدد إرتفاعات ولذلك يبدو منطقياً أن نلجأ للتفسير الروحى فهذا هو المقصود بهذه الأبعاد ولنتأمل فى هذا :- 
حزقيال,41,12,"يلاحظ فى الرسم السابق أنه غريب بعض الشئ عن المألوف فسمك الحوائط أكبر من عرض الحجرات. وهذا مما يعطى أحساس بإستحالة تنفيذه عملياً كما كما يتصور مفسرى الملك الألفى فما معنى تكديس حجرات 4 × 4 ذراع وتصور أنها محاطة بحوائط أسمك منها فكيف الدخول إليها وكما يلاحظ أنه فى هذا الهيكل لا يحدد إرتفاعات ولذلك يبدو منطقياً أن نلجأ للتفسير الروحى فهذا هو المقصود بهذه الأبعاد ولنتأمل فى هذا :- 
حزقيال,41,13,"يلاحظ فى الرسم السابق أنه غريب بعض الشئ عن المألوف فسمك الحوائط أكبر من عرض الحجرات. وهذا مما يعطى أحساس بإستحالة تنفيذه عملياً كما كما يتصور مفسرى الملك الألفى فما معنى تكديس حجرات 4 × 4 ذراع وتصور أنها محاطة بحوائط أسمك منها فكيف الدخول إليها وكما يلاحظ أنه فى هذا الهيكل لا يحدد إرتفاعات ولذلك يبدو منطقياً أن نلجأ للتفسير الروحى فهذا هو المقصود بهذه الأبعاد ولنتأمل فى هذا :- 
حزقيال,41,14,"يلاحظ فى الرسم السابق أنه غريب بعض الشئ عن المألوف فسمك الحوائط أكبر من عرض الحجرات. وهذا مما يعطى أحساس بإستحالة تنفيذه عملياً كما كما يتصور مفسرى الملك الألفى فما معنى تكديس حجرات 4 × 4 ذراع وتصور أنها محاطة بحوائط أسمك منها فكيف الدخول إليها وكما يلاحظ أنه فى هذا الهيكل لا يحدد إرتفاعات ولذلك يبدو منطقياً أن نلجأ للتفسير الروحى فهذا هو المقصود بهذه الأبعاد ولنتأمل فى هذا :- 
حزقيال,41,15,"يلاحظ فى الرسم السابق أنه غريب بعض الشئ عن المألوف فسمك الحوائط أكبر من عرض الحجرات. وهذا مما يعطى أحساس بإستحالة تنفيذه عملياً كما كما يتصور مفسرى الملك الألفى فما معنى تكديس حجرات 4 × 4 ذراع وتصور أنها محاطة بحوائط أسمك منها فكيف الدخول إليها وكما يلاحظ أنه فى هذا الهيكل لا يحدد إرتفاعات ولذلك يبدو منطقياً أن نلجأ للتفسير الروحى فهذا هو المقصود بهذه الأبعاد ولنتأمل فى هذا :- 
حزقيال,41,16,"يلاحظ فى الرسم السابق أنه غريب بعض الشئ عن المألوف فسمك الحوائط أكبر من عرض الحجرات. وهذا مما يعطى أحساس بإستحالة تنفيذه عملياً كما كما يتصور مفسرى الملك الألفى فما معنى تكديس حجرات 4 × 4 ذراع وتصور أنها محاطة بحوائط أسمك منها فكيف الدخول إليها وكما يلاحظ أنه فى هذا الهيكل لا يحدد إرتفاعات ولذلك يبدو منطقياً أن نلجأ للتفسير الروحى فهذا هو المقصود بهذه الأبعاد ولنتأمل فى هذا :- 
حزقيال,41,17,"يلاحظ فى الرسم السابق أنه غريب بعض الشئ عن المألوف فسمك الحوائط أكبر من عرض الحجرات. وهذا مما يعطى أحساس بإستحالة تنفيذه عملياً كما كما يتصور مفسرى الملك الألفى فما معنى تكديس حجرات 4 × 4 ذراع وتصور أنها محاطة بحوائط أسمك منها فكيف الدخول إليها وكما يلاحظ أنه فى هذا الهيكل لا يحدد إرتفاعات ولذلك يبدو منطقياً أن نلجأ للتفسير الروحى فهذا هو المقصود بهذه الأبعاد ولنتأمل فى هذا :- 
حزقيال,41,18,"يلاحظ فى الرسم السابق أنه غريب بعض الشئ عن المألوف فسمك الحوائط أكبر من عرض الحجرات. وهذا مما يعطى أحساس بإستحالة تنفيذه عملياً كما كما يتصور مفسرى الملك الألفى فما معنى تكديس حجرات 4 × 4 ذراع وتصور أنها محاطة بحوائط أسمك منها فكيف الدخول إليها وكما يلاحظ أنه فى هذا الهيكل لا يحدد إرتفاعات ولذلك يبدو منطقياً أن نلجأ للتفسير الروحى فهذا هو المقصود بهذه الأبعاد ولنتأمل فى هذا :- 
حزقيال,41,19,"يلاحظ فى الرسم السابق أنه غريب بعض الشئ عن المألوف فسمك الحوائط أكبر من عرض الحجرات. وهذا مما يعطى أحساس بإستحالة تنفيذه عملياً كما كما يتصور مفسرى الملك الألفى فما معنى تكديس حجرات 4 × 4 ذراع وتصور أنها محاطة بحوائط أسمك منها فكيف الدخول إليها وكما يلاحظ أنه فى هذا الهيكل لا يحدد إرتفاعات ولذلك يبدو منطقياً أن نلجأ للتفسير الروحى فهذا هو المقصود بهذه الأبعاد ولنتأمل فى هذا :- 
حزقيال,41,20,"يلاحظ فى الرسم السابق أنه غريب بعض الشئ عن المألوف فسمك الحوائط أكبر من عرض الحجرات. وهذا مما يعطى أحساس بإستحالة تنفيذه عملياً كما كما يتصور مفسرى الملك الألفى فما معنى تكديس حجرات 4 × 4 ذراع وتصور أنها محاطة بحوائط أسمك منها فكيف الدخول إليها وكما يلاحظ أنه فى هذا الهيكل لا يحدد إرتفاعات ولذلك يبدو منطقياً أن نلجأ للتفسير الروحى فهذا هو المقصود بهذه الأبعاد ولنتأمل فى هذا :- 
حزقيال,41,21,"يلاحظ فى الرسم السابق أنه غريب بعض الشئ عن المألوف فسمك الحوائط أكبر من عرض الحجرات. وهذا مما يعطى أحساس بإستحالة تنفيذه عملياً كما كما يتصور مفسرى الملك الألفى فما معنى تكديس حجرات 4 × 4 ذراع وتصور أنها محاطة بحوائط أسمك منها فكيف الدخول إليها وكما يلاحظ أنه فى هذا الهيكل لا يحدد إرتفاعات ولذلك يبدو منطقياً أن نلجأ للتفسير الروحى فهذا هو المقصود بهذه الأبعاد ولنتأمل فى هذا :- 
حزقيال,41,22,"يلاحظ فى الرسم السابق أنه غريب بعض الشئ عن المألوف فسمك الحوائط أكبر من عرض الحجرات. وهذا مما يعطى أحساس بإستحالة تنفيذه عملياً كما كما يتصور مفسرى الملك الألفى فما معنى تكديس حجرات 4 × 4 ذراع وتصور أنها محاطة بحوائط أسمك منها فكيف الدخول إليها وكما يلاحظ أنه فى هذا الهيكل لا يحدد إرتفاعات ولذلك يبدو منطقياً أن نلجأ للتفسير الروحى فهذا هو المقصود بهذه الأبعاد ولنتأمل فى هذا :- 
حزقيال,41,23,"يلاحظ فى الرسم السابق أنه غريب بعض الشئ عن المألوف فسمك الحوائط أكبر من عرض الحجرات. وهذا مما يعطى أحساس بإستحالة تنفيذه عملياً كما كما يتصور مفسرى الملك الألفى فما معنى تكديس حجرات 4 × 4 ذراع وتصور أنها محاطة بحوائط أسمك منها فكيف الدخول إليها وكما يلاحظ أنه فى هذا الهيكل لا يحدد إرتفاعات ولذلك يبدو منطقياً أن نلجأ للتفسير الروحى فهذا هو المقصود بهذه الأبعاد ولنتأمل فى هذا :- 
حزقيال,41,24,"يلاحظ فى الرسم السابق أنه غريب بعض الشئ عن المألوف فسمك الحوائط أكبر من عرض الحجرات. وهذا مما يعطى أحساس بإستحالة تنفيذه عملياً كما كما يتصور مفسرى الملك الألفى فما معنى تكديس حجرات 4 × 4 ذراع وتصور أنها محاطة بحوائط أسمك منها فكيف الدخول إليها وكما يلاحظ أنه فى هذا الهيكل لا يحدد إرتفاعات ولذلك يبدو منطقياً أن نلجأ للتفسير الروحى فهذا هو المقصود بهذه الأبعاد ولنتأمل فى هذا :- 
حزقيال,41,25,"يلاحظ فى الرسم السابق أنه غريب بعض الشئ عن المألوف فسمك الحوائط أكبر من عرض الحجرات. وهذا مما يعطى أحساس بإستحالة تنفيذه عملياً كما كما يتصور مفسرى الملك الألفى فما معنى تكديس حجرات 4 × 4 ذراع وتصور أنها محاطة بحوائط أسمك منها فكيف الدخول إليها وكما يلاحظ أنه فى هذا الهيكل لا يحدد إرتفاعات ولذلك يبدو منطقياً أن نلجأ للتفسير الروحى فهذا هو المقصود بهذه الأبعاد ولنتأمل فى هذا :- 
حزقيال,41,26,"يلاحظ فى الرسم السابق أنه غريب بعض الشئ عن المألوف فسمك الحوائط أكبر من عرض الحجرات. وهذا مما يعطى أحساس بإستحالة تنفيذه عملياً كما كما يتصور مفسرى الملك الألفى فما معنى تكديس حجرات 4 × 4 ذراع وتصور أنها محاطة بحوائط أسمك منها فكيف الدخول إليها وكما يلاحظ أنه فى هذا الهيكل لا يحدد إرتفاعات ولذلك يبدو منطقياً أن نلجأ للتفسير الروحى فهذا هو المقصود بهذه الأبعاد ولنتأمل فى هذا :- 
حزقيال,41,27,"يلاحظ فى الرسم السابق أنه غريب بعض الشئ عن المألوف فسمك الحوائط أكبر من عرض الحجرات. وهذا مما يعطى أحساس بإستحالة تنفيذه عملياً كما كما يتصور مفسرى الملك الألفى فما معنى تكديس حجرات 4 × 4 ذراع وتصور أنها محاطة بحوائط أسمك منها فكيف الدخول إليها وكما يلاحظ أنه فى هذا الهيكل لا يحدد إرتفاعات ولذلك يبدو منطقياً أن نلجأ للتفسير الروحى فهذا هو المقصود بهذه الأبعاد ولنتأمل فى هذا :- 
حزقيال,41,28,"يلاحظ فى الرسم السابق أنه غريب بعض الشئ عن المألوف فسمك الحوائط أكبر من عرض الحجرات. وهذا مما يعطى أحساس بإستحالة تنفيذه عملياً كما كما يتصور مفسرى الملك الألفى فما معنى تكديس حجرات 4 × 4 ذراع وتصور أنها محاطة بحوائط أسمك منها فكيف الدخول إليها وكما يلاحظ أنه فى هذا الهيكل لا يحدد إرتفاعات ولذلك يبدو منطقياً أن نلجأ للتفسير الروحى فهذا هو المقصود بهذه الأبعاد ولنتأمل فى هذا :- 
حزقيال,41,29,"يلاحظ فى الرسم السابق أنه غريب بعض الشئ عن المألوف فسمك الحوائط أكبر من عرض الحجرات. وهذا مما يعطى أحساس بإستحالة تنفيذه عملياً كما كما يتصور مفسرى الملك الألفى فما معنى تكديس حجرات 4 × 4 ذراع وتصور أنها محاطة بحوائط أسمك منها فكيف الدخول إليها وكما يلاحظ أنه فى هذا الهيكل لا يحدد إرتفاعات ولذلك يبدو منطقياً أن نلجأ للتفسير الروحى فهذا هو المقصود بهذه الأبعاد ولنتأمل فى هذا :- 
حزقيال,41,30,"يلاحظ فى الرسم السابق أنه غريب بعض الشئ عن المألوف فسمك الحوائط أكبر من عرض الحجرات. وهذا مما يعطى أحساس بإستحالة تنفيذه عملياً كما كما يتصور مفسرى الملك الألفى فما معنى تكديس حجرات 4 × 4 ذراع وتصور أنها محاطة بحوائط أسمك منها فكيف الدخول إليها وكما يلاحظ أنه فى هذا الهيكل لا يحدد إرتفاعات ولذلك يبدو منطقياً أن نلجأ للتفسير الروحى فهذا هو المقصود بهذه الأبعاد ولنتأمل فى هذا :- 
حزقيال,41,31,"يلاحظ فى الرسم السابق أنه غريب بعض الشئ عن المألوف فسمك الحوائط أكبر من عرض الحجرات. وهذا مما يعطى أحساس بإستحالة تنفيذه عملياً كما كما يتصور مفسرى الملك الألفى فما معنى تكديس حجرات 4 × 4 ذراع وتصور أنها محاطة بحوائط أسمك منها فكيف الدخول إليها وكما يلاحظ أنه فى هذا الهيكل لا يحدد إرتفاعات ولذلك يبدو منطقياً أن نلجأ للتفسير الروحى فهذا هو المقصود بهذه الأبعاد ولنتأمل فى هذا :- 
حزقيال,41,32,"يلاحظ فى الرسم السابق أنه غريب بعض الشئ عن المألوف فسمك الحوائط أكبر من عرض الحجرات. وهذا مما يعطى أحساس بإستحالة تنفيذه عملياً كما كما يتصور مفسرى الملك الألفى فما معنى تكديس حجرات 4 × 4 ذراع وتصور أنها محاطة بحوائط أسمك منها فكيف الدخول إليها وكما يلاحظ أنه فى هذا الهيكل لا يحدد إرتفاعات ولذلك يبدو منطقياً أن نلجأ للتفسير الروحى فهذا هو المقصود بهذه الأبعاد ولنتأمل فى هذا :- 
حزقيال,41,33,"يلاحظ فى الرسم السابق أنه غريب بعض الشئ عن المألوف فسمك الحوائط أكبر من عرض الحجرات. وهذا مما يعطى أحساس بإستحالة تنفيذه عملياً كما كما يتصور مفسرى الملك الألفى فما معنى تكديس حجرات 4 × 4 ذراع وتصور أنها محاطة بحوائط أسمك منها فكيف الدخول إليها وكما يلاحظ أنه فى هذا الهيكل لا يحدد إرتفاعات ولذلك يبدو منطقياً أن نلجأ للتفسير الروحى فهذا هو المقصود بهذه الأبعاد ولنتأمل فى هذا :- 
حزقيال,41,34,"يلاحظ فى الرسم السابق أنه غريب بعض الشئ عن المألوف فسمك الحوائط أكبر من عرض الحجرات. وهذا مما يعطى أحساس بإستحالة تنفيذه عملياً كما كما يتصور مفسرى الملك الألفى فما معنى تكديس حجرات 4 × 4 ذراع وتصور أنها محاطة بحوائط أسمك منها فكيف الدخول إليها وكما يلاحظ أنه فى هذا الهيكل لا يحدد إرتفاعات ولذلك يبدو منطقياً أن نلجأ للتفسير الروحى فهذا هو المقصود بهذه الأبعاد ولنتأمل فى هذا :- 
حزقيال,41,35,"يلاحظ فى الرسم السابق أنه غريب بعض الشئ عن المألوف فسمك الحوائط أكبر من عرض الحجرات. وهذا مما يعطى أحساس بإستحالة تنفيذه عملياً كما كما يتصور مفسرى الملك الألفى فما معنى تكديس حجرات 4 × 4 ذراع وتصور أنها محاطة بحوائط أسمك منها فكيف الدخول إليها وكما يلاحظ أنه فى هذا الهيكل لا يحدد إرتفاعات ولذلك يبدو منطقياً أن نلجأ للتفسير الروحى فهذا هو المقصود بهذه الأبعاد ولنتأمل فى هذا :- 
حزقيال,41,36,"يلاحظ فى الرسم السابق أنه غريب بعض الشئ عن المألوف فسمك الحوائط أكبر من عرض الحجرات. وهذا مما يعطى أحساس بإستحالة تنفيذه عملياً كما كما يتصور مفسرى الملك الألفى فما معنى تكديس حجرات 4 × 4 ذراع وتصور أنها محاطة بحوائط أسمك منها فكيف الدخول إليها وكما يلاحظ أنه فى هذا الهيكل لا يحدد إرتفاعات ولذلك يبدو منطقياً أن نلجأ للتفسير الروحى فهذا هو المقصود بهذه الأبعاد ولنتأمل فى هذا :- 
حزقيال,41,37,"يلاحظ فى الرسم السابق أنه غريب بعض الشئ عن المألوف فسمك الحوائط أكبر من عرض الحجرات. وهذا مما يعطى أحساس بإستحالة تنفيذه عملياً كما كما يتصور مفسرى الملك الألفى فما معنى تكديس حجرات 4 × 4 ذراع وتصور أنها محاطة بحوائط أسمك منها فكيف الدخول إليها وكما يلاحظ أنه فى هذا الهيكل لا يحدد إرتفاعات ولذلك يبدو منطقياً أن نلجأ للتفسير الروحى فهذا هو المقصود بهذه الأبعاد ولنتأمل فى هذا :- 
حزقيال,41,38,"يلاحظ فى الرسم السابق أنه غريب بعض الشئ عن المألوف فسمك الحوائط أكبر من عرض الحجرات. وهذا مما يعطى أحساس بإستحالة تنفيذه عملياً كما كما يتصور مفسرى الملك الألفى فما معنى تكديس حجرات 4 × 4 ذراع وتصور أنها محاطة بحوائط أسمك منها فكيف الدخول إليها وكما يلاحظ أنه فى هذا الهيكل لا يحدد إرتفاعات ولذلك يبدو منطقياً أن نلجأ للتفسير الروحى فهذا هو المقصود بهذه الأبعاد ولنتأمل فى هذا :- 
حزقيال,41,39,"يلاحظ فى الرسم السابق أنه غريب بعض الشئ عن المألوف فسمك الحوائط أكبر من عرض الحجرات. وهذا مما يعطى أحساس بإستحالة تنفيذه عملياً كما كما يتصور مفسرى الملك الألفى فما معنى تكديس حجرات 4 × 4 ذراع وتصور أنها محاطة بحوائط أسمك منها فكيف الدخول إليها وكما يلاحظ أنه فى هذا الهيكل لا يحدد إرتفاعات ولذلك يبدو منطقياً أن نلجأ للتفسير الروحى فهذا هو المقصود بهذه الأبعاد ولنتأمل فى هذا :- 
حزقيال,41,40,"يلاحظ فى الرسم السابق أنه غريب بعض الشئ عن المألوف فسمك الحوائط أكبر من عرض الحجرات. وهذا مما يعطى أحساس بإستحالة تنفيذه عملياً كما كما يتصور مفسرى الملك الألفى فما معنى تكديس حجرات 4 × 4 ذراع وتصور أنها محاطة بحوائط أسمك منها فكيف الدخول إليها وكما يلاحظ أنه فى هذا الهيكل لا يحدد إرتفاعات ولذلك يبدو منطقياً أن نلجأ للتفسير الروحى فهذا هو المقصود بهذه الأبعاد ولنتأمل فى هذا :- 
حزقيال,41,41,"يلاحظ فى الرسم السابق أنه غريب بعض الشئ عن المألوف فسمك الحوائط أكبر من عرض الحجرات. وهذا مما يعطى أحساس بإستحالة تنفيذه عملياً كما كما يتصور مفسرى الملك الألفى فما معنى تكديس حجرات 4 × 4 ذراع وتصور أنها محاطة بحوائط أسمك منها فكيف الدخول إليها وكما يلاحظ أنه فى هذا الهيكل لا يحدد إرتفاعات ولذلك يبدو منطقياً أن نلجأ للتفسير الروحى فهذا هو المقصود بهذه الأبعاد ولنتأمل فى هذا :- 
حزقيال,41,42,"يلاحظ فى الرسم السابق أنه غريب بعض الشئ عن المألوف فسمك الحوائط أكبر من عرض الحجرات. وهذا مما يعطى أحساس بإستحالة تنفيذه عملياً كما كما يتصور مفسرى الملك الألفى فما معنى تكديس حجرات 4 × 4 ذراع وتصور أنها محاطة بحوائط أسمك منها فكيف الدخول إليها وكما يلاحظ أنه فى هذا الهيكل لا يحدد إرتفاعات ولذلك يبدو منطقياً أن نلجأ للتفسير الروحى فهذا هو المقصود بهذه الأبعاد ولنتأمل فى هذا :- 
حزقيال,41,43,"يلاحظ فى الرسم السابق أنه غريب بعض الشئ عن المألوف فسمك الحوائط أكبر من عرض الحجرات. وهذا مما يعطى أحساس بإستحالة تنفيذه عملياً كما كما يتصور مفسرى الملك الألفى فما معنى تكديس حجرات 4 × 4 ذراع وتصور أنها محاطة بحوائط أسمك منها فكيف الدخول إليها وكما يلاحظ أنه فى هذا الهيكل لا يحدد إرتفاعات ولذلك يبدو منطقياً أن نلجأ للتفسير الروحى فهذا هو المقصود بهذه الأبعاد ولنتأمل فى هذا :- 
حزقيال,41,44,"يلاحظ فى الرسم السابق أنه غريب بعض الشئ عن المألوف فسمك الحوائط أكبر من عرض الحجرات. وهذا مما يعطى أحساس بإستحالة تنفيذه عملياً كما كما يتصور مفسرى الملك الألفى فما معنى تكديس حجرات 4 × 4 ذراع وتصور أنها محاطة بحوائط أسمك منها فكيف الدخول إليها وكما يلاحظ أنه فى هذا الهيكل لا يحدد إرتفاعات ولذلك يبدو منطقياً أن نلجأ للتفسير الروحى فهذا هو المقصود بهذه الأبعاد ولنتأمل فى هذا :- 
حزقيال,41,45,"يلاحظ فى الرسم السابق أنه غريب بعض الشئ عن المألوف فسمك الحوائط أكبر من عرض الحجرات. وهذا مما يعطى أحساس بإستحالة تنفيذه عملياً كما كما يتصور مفسرى الملك الألفى فما معنى تكديس حجرات 4 × 4 ذراع وتصور أنها محاطة بحوائط أسمك منها فكيف الدخول إليها وكما يلاحظ أنه فى هذا الهيكل لا يحدد إرتفاعات ولذلك يبدو منطقياً أن نلجأ للتفسير الروحى فهذا هو المقصود بهذه الأبعاد ولنتأمل فى هذا :- 
حزقيال,41,46,"يلاحظ فى الرسم السابق أنه غريب بعض الشئ عن المألوف فسمك الحوائط أكبر من عرض الحجرات. وهذا مما يعطى أحساس بإستحالة تنفيذه عملياً كما كما يتصور مفسرى الملك الألفى فما معنى تكديس حجرات 4 × 4 ذراع وتصور أنها محاطة بحوائط أسمك منها فكيف الدخول إليها وكما يلاحظ أنه فى هذا الهيكل لا يحدد إرتفاعات ولذلك يبدو منطقياً أن نلجأ للتفسير الروحى فهذا هو المقصود بهذه الأبعاد ولنتأمل فى هذا :- 
حزقيال,41,47,"يلاحظ فى الرسم السابق أنه غريب بعض الشئ عن المألوف فسمك الحوائط أكبر من عرض الحجرات. وهذا مما يعطى أحساس بإستحالة تنفيذه عملياً كما كما يتصور مفسرى الملك الألفى فما معنى تكديس حجرات 4 × 4 ذراع وتصور أنها محاطة بحوائط أسمك منها فكيف الدخول إليها وكما يلاحظ أنه فى هذا الهيكل لا يحدد إرتفاعات ولذلك يبدو منطقياً أن نلجأ للتفسير الروحى فهذا هو المقصود بهذه الأبعاد ولنتأمل فى هذا :- 
حزقيال,41,48,"يلاحظ فى الرسم السابق أنه غريب بعض الشئ عن المألوف فسمك الحوائط أكبر من عرض الحجرات. وهذا مما يعطى أحساس بإستحالة تنفيذه عملياً كما كما يتصور مفسرى الملك الألفى فما معنى تكديس حجرات 4 × 4 ذراع وتصور أنها محاطة بحوائط أسمك منها فكيف الدخول إليها وكما يلاحظ أنه فى هذا الهيكل لا يحدد إرتفاعات ولذلك يبدو منطقياً أن نلجأ للتفسير الروحى فهذا هو المقصود بهذه الأبعاد ولنتأمل فى هذا :- 
حزقيال,41,49,"يلاحظ فى الرسم السابق أنه غريب بعض الشئ عن المألوف فسمك الحوائط أكبر من عرض الحجرات. وهذا مما يعطى أحساس بإستحالة تنفيذه عملياً كما كما يتصور مفسرى الملك الألفى فما معنى تكديس حجرات 4 × 4 ذراع وتصور أنها محاطة بحوائط أسمك منها فكيف الدخول إليها وكما يلاحظ أنه فى هذا الهيكل لا يحدد إرتفاعات ولذلك يبدو منطقياً أن نلجأ للتفسير الروحى فهذا هو المقصود بهذه الأبعاد ولنتأمل فى هذا :- 
حزقيال,41,50,"يلاحظ فى الرسم السابق أنه غريب بعض الشئ عن المألوف فسمك الحوائط أكبر من عرض الحجرات. وهذا مما يعطى أحساس بإستحالة تنفيذه عملياً كما كما يتصور مفسرى الملك الألفى فما معنى تكديس حجرات 4 × 4 ذراع وتصور أنها محاطة بحوائط أسمك منها فكيف الدخول إليها وكما يلاحظ أنه فى هذا الهيكل لا يحدد إرتفاعات ولذلك يبدو منطقياً أن نلجأ للتفسير الروحى فهذا هو المقصود بهذه الأبعاد ولنتأمل فى هذا :- 
حزقيال,41,51,"يلاحظ فى الرسم السابق أنه غريب بعض الشئ عن المألوف فسمك الحوائط أكبر من عرض الحجرات. وهذا مما يعطى أحساس بإستحالة تنفيذه عملياً كما كما يتصور مفسرى الملك الألفى فما معنى تكديس حجرات 4 × 4 ذراع وتصور أنها محاطة بحوائط أسمك منها فكيف الدخول إليها وكما يلاحظ أنه فى هذا الهيكل لا يحدد إرتفاعات ولذلك يبدو منطقياً أن نلجأ للتفسير الروحى فهذا هو المقصود بهذه الأبعاد ولنتأمل فى هذا :- 
حزقيال,41,52,"يلاحظ فى الرسم السابق أنه غريب بعض الشئ عن المألوف فسمك الحوائط أكبر من عرض الحجرات. وهذا مما يعطى أحساس بإستحالة تنفيذه عملياً كما كما يتصور مفسرى الملك الألفى فما معنى تكديس حجرات 4 × 4 ذراع وتصور أنها محاطة بحوائط أسمك منها فكيف الدخول إليها وكما يلاحظ أنه فى هذا الهيكل لا يحدد إرتفاعات ولذلك يبدو منطقياً أن نلجأ للتفسير الروحى فهذا هو المقصود بهذه الأبعاد ولنتأمل فى هذا :- 
حزقيال,41,53,"يلاحظ فى الرسم السابق أنه غريب بعض الشئ عن المألوف فسمك الحوائط أكبر من عرض الحجرات. وهذا مما يعطى أحساس بإستحالة تنفيذه عملياً كما كما يتصور مفسرى الملك الألفى فما معنى تكديس حجرات 4 × 4 ذراع وتصور أنها محاطة بحوائط أسمك منها فكيف الدخول إليها وكما يلاحظ أنه فى هذا الهيكل لا يحدد إرتفاعات ولذلك يبدو منطقياً أن نلجأ للتفسير الروحى فهذا هو المقصود بهذه الأبعاد ولنتأمل فى هذا :- 
حزقيال,41,54,"يلاحظ فى الرسم السابق أنه غريب بعض الشئ عن المألوف فسمك الحوائط أكبر من عرض الحجرات. وهذا مما يعطى أحساس بإستحالة تنفيذه عملياً كما كما يتصور مفسرى الملك الألفى فما معنى تكديس حجرات 4 × 4 ذراع وتصور أنها محاطة بحوائط أسمك منها فكيف الدخول إليها وكما يلاحظ أنه فى هذا الهيكل لا يحدد إرتفاعات ولذلك يبدو منطقياً أن نلجأ للتفسير الروحى فهذا هو المقصود بهذه الأبعاد ولنتأمل فى هذا :- 
حزقيال,41,55,"يلاحظ فى الرسم السابق أنه غريب بعض الشئ عن المألوف فسمك الحوائط أكبر من عرض الحجرات. وهذا مما يعطى أحساس بإستحالة تنفيذه عملياً كما كما يتصور مفسرى الملك الألفى فما معنى تكديس حجرات 4 × 4 ذراع وتصور أنها محاطة بحوائط أسمك منها فكيف الدخول إليها وكما يلاحظ أنه فى هذا الهيكل لا يحدد إرتفاعات ولذلك يبدو منطقياً أن نلجأ للتفسير الروحى فهذا هو المقصود بهذه الأبعاد ولنتأمل فى هذا :- 
حزقيال,41,56,"يلاحظ فى الرسم السابق أنه غريب بعض الشئ عن المألوف فسمك الحوائط أكبر من عرض الحجرات. وهذا مما يعطى أحساس بإستحالة تنفيذه عملياً كما كما يتصور مفسرى الملك الألفى فما معنى تكديس حجرات 4 × 4 ذراع وتصور أنها محاطة بحوائط أسمك منها فكيف الدخول إليها وكما يلاحظ أنه فى هذا الهيكل لا يحدد إرتفاعات ولذلك يبدو منطقياً أن نلجأ للتفسير الروحى فهذا هو المقصود بهذه الأبعاد ولنتأمل فى هذا :- 
حزقيال,41,57,"يلاحظ فى الرسم السابق أنه غريب بعض الشئ عن المألوف فسمك الحوائط أكبر من عرض الحجرات. وهذا مما يعطى أحساس بإستحالة تنفيذه عملياً كما كما يتصور مفسرى الملك الألفى فما معنى تكديس حجرات 4 × 4 ذراع وتصور أنها محاطة بحوائط أسمك منها فكيف الدخول إليها وكما يلاحظ أنه فى هذا الهيكل لا يحدد إرتفاعات ولذلك يبدو منطقياً أن نلجأ للتفسير الروحى فهذا هو المقصود بهذه الأبعاد ولنتأمل فى هذا :- 
حزقيال,41,58,"يلاحظ فى الرسم السابق أنه غريب بعض الشئ عن المألوف فسمك الحوائط أكبر من عرض الحجرات. وهذا مما يعطى أحساس بإستحالة تنفيذه عملياً كما كما يتصور مفسرى الملك الألفى فما معنى تكديس حجرات 4 × 4 ذراع وتصور أنها محاطة بحوائط أسمك منها فكيف الدخول إليها وكما يلاحظ أنه فى هذا الهيكل لا يحدد إرتفاعات ولذلك يبدو منطقياً أن نلجأ للتفسير الروحى فهذا هو المقصود بهذه الأبعاد ولنتأمل فى هذا :- 
حزقيال,41,59,"يلاحظ فى الرسم السابق أنه غريب بعض الشئ عن المألوف فسمك الحوائط أكبر من عرض الحجرات. وهذا مما يعطى أحساس بإستحالة تنفيذه عملياً كما كما يتصور مفسرى الملك الألفى فما معنى تكديس حجرات 4 × 4 ذراع وتصور أنها محاطة بحوائط أسمك منها فكيف الدخول إليها وكما يلاحظ أنه فى هذا الهيكل لا يحدد إرتفاعات ولذلك يبدو منطقياً أن نلجأ للتفسير الروحى فهذا هو المقصود بهذه الأبعاد ولنتأمل فى هذا :- 
حزقيال,41,60,"يلاحظ فى الرسم السابق أنه غريب بعض الشئ عن المألوف فسمك الحوائط أكبر من عرض الحجرات. وهذا مما يعطى أحساس بإستحالة تنفيذه عملياً كما كما يتصور مفسرى الملك الألفى فما معنى تكديس حجرات 4 × 4 ذراع وتصور أنها محاطة بحوائط أسمك منها فكيف الدخول إليها وكما يلاحظ أنه فى هذا الهيكل لا يحدد إرتفاعات ولذلك يبدو منطقياً أن نلجأ للتفسير الروحى فهذا هو المقصود بهذه الأبعاد ولنتأمل فى هذا :- 
حزقيال,41,61,"يلاحظ فى الرسم السابق أنه غريب بعض الشئ عن المألوف فسمك الحوائط أكبر من عرض الحجرات. وهذا مما يعطى أحساس بإستحالة تنفيذه عملياً كما كما يتصور مفسرى الملك الألفى فما معنى تكديس حجرات 4 × 4 ذراع وتصور أنها محاطة بحوائط أسمك منها فكيف الدخول إليها وكما يلاحظ أنه فى هذا الهيكل لا يحدد إرتفاعات ولذلك يبدو منطقياً أن نلجأ للتفسير الروحى فهذا هو المقصود بهذه الأبعاد ولنتأمل فى هذا :- 
حزقيال,41,62,"يلاحظ فى الرسم السابق أنه غريب بعض الشئ عن المألوف فسمك الحوائط أكبر من عرض الحجرات. وهذا مما يعطى أحساس بإستحالة تنفيذه عملياً كما كما يتصور مفسرى الملك الألفى فما معنى تكديس حجرات 4 × 4 ذراع وتصور أنها محاطة بحوائط أسمك منها فكيف الدخول إليها وكما يلاحظ أنه فى هذا الهيكل لا يحدد إرتفاعات ولذلك يبدو منطقياً أن نلجأ للتفسير الروحى فهذا هو المقصود بهذه الأبعاد ولنتأمل فى هذا :- 
حزقيال,41,63,"يلاحظ فى الرسم السابق أنه غريب بعض الشئ عن المألوف فسمك الحوائط أكبر من عرض الحجرات. وهذا مما يعطى أحساس بإستحالة تنفيذه عملياً كما كما يتصور مفسرى الملك الألفى فما معنى تكديس حجرات 4 × 4 ذراع وتصور أنها محاطة بحوائط أسمك منها فكيف الدخول إليها وكما يلاحظ أنه فى هذا الهيكل لا يحدد إرتفاعات ولذلك يبدو منطقياً أن نلجأ للتفسير الروحى فهذا هو المقصود بهذه الأبعاد ولنتأمل فى هذا :- 
حزقيال,41,64,"يلاحظ فى الرسم السابق أنه غريب بعض الشئ عن المألوف فسمك الحوائط أكبر من عرض الحجرات. وهذا مما يعطى أحساس بإستحالة تنفيذه عملياً كما كما يتصور مفسرى الملك الألفى فما معنى تكديس حجرات 4 × 4 ذراع وتصور أنها محاطة بحوائط أسمك منها فكيف الدخول إليها وكما يلاحظ أنه فى هذا الهيكل لا يحدد إرتفاعات ولذلك يبدو منطقياً أن نلجأ للتفسير الروحى فهذا هو المقصود بهذه الأبعاد ولنتأمل فى هذا :- 
حزقيال,41,65,"يلاحظ فى الرسم السابق أنه غريب بعض الشئ عن المألوف فسمك الحوائط أكبر من عرض الحجرات. وهذا مما يعطى أحساس بإستحالة تنفيذه عملياً كما كما يتصور مفسرى الملك الألفى فما معنى تكديس حجرات 4 × 4 ذراع وتصور أنها محاطة بحوائط أسمك منها فكيف الدخول إليها وكما يلاحظ أنه فى هذا الهيكل لا يحدد إرتفاعات ولذلك يبدو منطقياً أن نلجأ للتفسير الروحى فهذا هو المقصود بهذه الأبعاد ولنتأمل فى هذا :- 
حزقيال,41,66,"يلاحظ فى الرسم السابق أنه غريب بعض الشئ عن المألوف فسمك الحوائط أكبر من عرض الحجرات. وهذا مما يعطى أحساس بإستحالة تنفيذه عملياً كما كما يتصور مفسرى الملك الألفى فما معنى تكديس حجرات 4 × 4 ذراع وتصور أنها محاطة بحوائط أسمك منها فكيف الدخول إليها وكما يلاحظ أنه فى هذا الهيكل لا يحدد إرتفاعات ولذلك يبدو منطقياً أن نلجأ للتفسير الروحى فهذا هو المقصود بهذه الأبعاد ولنتأمل فى هذا :- 
حزقيال,41,67,"يلاحظ فى الرسم السابق أنه غريب بعض الشئ عن المألوف فسمك الحوائط أكبر من عرض الحجرات. وهذا مما يعطى أحساس بإستحالة تنفيذه عملياً كما كما يتصور مفسرى الملك الألفى فما معنى تكديس حجرات 4 × 4 ذراع وتصور أنها محاطة بحوائط أسمك منها فكيف الدخول إليها وكما يلاحظ أنه فى هذا الهيكل لا يحدد إرتفاعات ولذلك يبدو منطقياً أن نلجأ للتفسير الروحى فهذا هو المقصود بهذه الأبعاد ولنتأمل فى هذا :- 
حزقيال,41,68,"يلاحظ فى الرسم السابق أنه غريب بعض الشئ عن المألوف فسمك الحوائط أكبر من عرض الحجرات. وهذا مما يعطى أحساس بإستحالة تنفيذه عملياً كما كما يتصور مفسرى الملك الألفى فما معنى تكديس حجرات 4 × 4 ذراع وتصور أنها محاطة بحوائط أسمك منها فكيف الدخول إليها وكما يلاحظ أنه فى هذا الهيكل لا يحدد إرتفاعات ولذلك يبدو منطقياً أن نلجأ للتفسير الروحى فهذا هو المقصود بهذه الأبعاد ولنتأمل فى هذا :- 
حزقيال,41,69,"يلاحظ فى الرسم السابق أنه غريب بعض الشئ عن المألوف فسمك الحوائط أكبر من عرض الحجرات. وهذا مما يعطى أحساس بإستحالة تنفيذه عملياً كما كما يتصور مفسرى الملك الألفى فما معنى تكديس حجرات 4 × 4 ذراع وتصور أنها محاطة بحوائط أسمك منها فكيف الدخول إليها وكما يلاحظ أنه فى هذا الهيكل لا يحدد إرتفاعات ولذلك يبدو منطقياً أن نلجأ للتفسير الروحى فهذا هو المقصود بهذه الأبعاد ولنتأمل فى هذا :- 
حزقيال,41,70,"يلاحظ فى الرسم السابق أنه غريب بعض الشئ عن المألوف فسمك الحوائط أكبر من عرض الحجرات. وهذا مما يعطى أحساس بإستحالة تنفيذه عملياً كما كما يتصور مفسرى الملك الألفى فما معنى تكديس حجرات 4 × 4 ذراع وتصور أنها محاطة بحوائط أسمك منها فكيف الدخول إليها وكما يلاحظ أنه فى هذا الهيكل لا يحدد إرتفاعات ولذلك يبدو منطقياً أن نلجأ للتفسير الروحى فهذا هو المقصود بهذه الأبعاد ولنتأمل فى هذا :- 
حزقيال,41,71,"يلاحظ فى الرسم السابق أنه غريب بعض الشئ عن المألوف فسمك الحوائط أكبر من عرض الحجرات. وهذا مما يعطى أحساس بإستحالة تنفيذه عملياً كما كما يتصور مفسرى الملك الألفى فما معنى تكديس حجرات 4 × 4 ذراع وتصور أنها محاطة بحوائط أسمك منها فكيف الدخول إليها وكما يلاحظ أنه فى هذا الهيكل لا يحدد إرتفاعات ولذلك يبدو منطقياً أن نلجأ للتفسير الروحى فهذا هو المقصود بهذه الأبعاد ولنتأمل فى هذا :- 
حزقيال,41,72,"يلاحظ فى الرسم السابق أنه غريب بعض الشئ عن المألوف فسمك الحوائط أكبر من عرض الحجرات. وهذا مما يعطى أحساس بإستحالة تنفيذه عملياً كما كما يتصور مفسرى الملك الألفى فما معنى تكديس حجرات 4 × 4 ذراع وتصور أنها محاطة بحوائط أسمك منها فكيف الدخول إليها وكما يلاحظ أنه فى هذا الهيكل لا يحدد إرتفاعات ولذلك يبدو منطقياً أن نلجأ للتفسير الروحى فهذا هو المقصود بهذه الأبعاد ولنتأمل فى هذا :- 
حزقيال,41,73,"يلاحظ فى الرسم السابق أنه غريب بعض الشئ عن المألوف فسمك الحوائط أكبر من عرض الحجرات. وهذا مما يعطى أحساس بإستحالة تنفيذه عملياً كما كما يتصور مفسرى الملك الألفى فما معنى تكديس حجرات 4 × 4 ذراع وتصور أنها محاطة بحوائط أسمك منها فكيف الدخول إليها وكما يلاحظ أنه فى هذا الهيكل لا يحدد إرتفاعات ولذلك يبدو منطقياً أن نلجأ للتفسير الروحى فهذا هو المقصود بهذه الأبعاد ولنتأمل فى هذا :- 
حزقيال,41,74,"يلاحظ فى الرسم السابق أنه غريب بعض الشئ عن المألوف فسمك الحوائط أكبر من عرض الحجرات. وهذا مما يعطى أحساس بإستحالة تنفيذه عملياً كما كما يتصور مفسرى الملك الألفى فما معنى تكديس حجرات 4 × 4 ذراع وتصور أنها محاطة بحوائط أسمك منها فكيف الدخول إليها وكما يلاحظ أنه فى هذا الهيكل لا يحدد إرتفاعات ولذلك يبدو منطقياً أن نلجأ للتفسير الروحى فهذا هو المقصود بهذه الأبعاد ولنتأمل فى هذا :- 
حزقيال,41,75,"يلاحظ فى الرسم السابق أنه غريب بعض الشئ عن المألوف فسمك الحوائط أكبر من عرض الحجرات. وهذا مما يعطى أحساس بإستحالة تنفيذه عملياً كما كما يتصور مفسرى الملك الألفى فما معنى تكديس حجرات 4 × 4 ذراع وتصور أنها محاطة بحوائط أسمك منها فكيف الدخول إليها وكما يلاحظ أنه فى هذا الهيكل لا يحدد إرتفاعات ولذلك يبدو منطقياً أن نلجأ للتفسير الروحى فهذا هو المقصود بهذه الأبعاد ولنتأمل فى هذا :- 
حزقيال,41,76,"يلاحظ فى الرسم السابق أنه غريب بعض الشئ عن المألوف فسمك الحوائط أكبر من عرض الحجرات. وهذا مما يعطى أحساس بإستحالة تنفيذه عملياً كما كما يتصور مفسرى الملك الألفى فما معنى تكديس حجرات 4 × 4 ذراع وتصور أنها محاطة بحوائط أسمك منها فكيف الدخول إليها وكما يلاحظ أنه فى هذا الهيكل لا يحدد إرتفاعات ولذلك يبدو منطقياً أن نلجأ للتفسير الروحى فهذا هو المقصود بهذه الأبعاد ولنتأمل فى هذا :- 
حزقيال,41,77,"يلاحظ فى الرسم السابق أنه غريب بعض الشئ عن المألوف فسمك الحوائط أكبر من عرض الحجرات. وهذا مما يعطى أحساس بإستحالة تنفيذه عملياً كما كما يتصور مفسرى الملك الألفى فما معنى تكديس حجرات 4 × 4 ذراع وتصور أنها محاطة بحوائط أسمك منها فكيف الدخول إليها وكما يلاحظ أنه فى هذا الهيكل لا يحدد إرتفاعات ولذلك يبدو منطقياً أن نلجأ للتفسير الروحى فهذا هو المقصود بهذه الأبعاد ولنتأمل فى هذا :- 
حزقيال,41,78,"يلاحظ فى الرسم السابق أنه غريب بعض الشئ عن المألوف فسمك الحوائط أكبر من عرض الحجرات. وهذا مما يعطى أحساس بإستحالة تنفيذه عملياً كما كما يتصور مفسرى الملك الألفى فما معنى تكديس حجرات 4 × 4 ذراع وتصور أنها محاطة بحوائط أسمك منها فكيف الدخول إليها وكما يلاحظ أنه فى هذا الهيكل لا يحدد إرتفاعات ولذلك يبدو منطقياً أن نلجأ للتفسير الروحى فهذا هو المقصود بهذه الأبعاد ولنتأمل فى هذا :- 
حزقيال,41,79,"يلاحظ فى الرسم السابق أنه غريب بعض الشئ عن المألوف فسمك الحوائط أكبر من عرض الحجرات. وهذا مما يعطى أحساس بإستحالة تنفيذه عملياً كما كما يتصور مفسرى الملك الألفى فما معنى تكديس حجرات 4 × 4 ذراع وتصور أنها محاطة بحوائط أسمك منها فكيف الدخول إليها وكما يلاحظ أنه فى هذا الهيكل لا يحدد إرتفاعات ولذلك يبدو منطقياً أن نلجأ للتفسير الروحى فهذا هو المقصود بهذه الأبعاد ولنتأمل فى هذا :- 
حزقيال,41,80,"يلاحظ فى الرسم السابق أنه غريب بعض الشئ عن المألوف فسمك الحوائط أكبر من عرض الحجرات. وهذا مما يعطى أحساس بإستحالة تنفيذه عملياً كما كما يتصور مفسرى الملك الألفى فما معنى تكديس حجرات 4 × 4 ذراع وتصور أنها محاطة بحوائط أسمك منها فكيف الدخول إليها وكما يلاحظ أنه فى هذا الهيكل لا يحدد إرتفاعات ولذلك يبدو منطقياً أن نلجأ للتفسير الروحى فهذا هو المقصود بهذه الأبعاد ولنتأمل فى هذا :- 
حزقيال,41,81,"يلاحظ فى الرسم السابق أنه غريب بعض الشئ عن المألوف فسمك الحوائط أكبر من عرض الحجرات. وهذا مما يعطى أحساس بإستحالة تنفيذه عملياً كما كما يتصور مفسرى الملك الألفى فما معنى تكديس حجرات 4 × 4 ذراع وتصور أنها محاطة بحوائط أسمك منها فكيف الدخول إليها وكما يلاحظ أنه فى هذا الهيكل لا يحدد إرتفاعات ولذلك يبدو منطقياً أن نلجأ للتفسير الروحى فهذا هو المقصود بهذه الأبعاد ولنتأمل فى هذا :- 
حزقيال,41,82,"يلاحظ فى الرسم السابق أنه غريب بعض الشئ عن المألوف فسمك الحوائط أكبر من عرض الحجرات. وهذا مما يعطى أحساس بإستحالة تنفيذه عملياً كما كما يتصور مفسرى الملك الألفى فما معنى تكديس حجرات 4 × 4 ذراع وتصور أنها محاطة بحوائط أسمك منها فكيف الدخول إليها وكما يلاحظ أنه فى هذا الهيكل لا يحدد إرتفاعات ولذلك يبدو منطقياً أن نلجأ للتفسير الروحى فهذا هو المقصود بهذه الأبعاد ولنتأمل فى هذا :- 
حزقيال,41,83,"يلاحظ فى الرسم السابق أنه غريب بعض الشئ عن المألوف فسمك الحوائط أكبر من عرض الحجرات. وهذا مما يعطى أحساس بإستحالة تنفيذه عملياً كما كما يتصور مفسرى الملك الألفى فما معنى تكديس حجرات 4 × 4 ذراع وتصور أنها محاطة بحوائط أسمك منها فكيف الدخول إليها وكما يلاحظ أنه فى هذا الهيكل لا يحدد إرتفاعات ولذلك يبدو منطقياً أن نلجأ للتفسير الروحى فهذا هو المقصود بهذه الأبعاد ولنتأمل فى هذا :- 
حزقيال,41,84,"يلاحظ فى الرسم السابق أنه غريب بعض الشئ عن المألوف فسمك الحوائط أكبر من عرض الحجرات. وهذا مما يعطى أحساس بإستحالة تنفيذه عملياً كما كما يتصور مفسرى الملك الألفى فما معنى تكديس حجرات 4 × 4 ذراع وتصور أنها محاطة بحوائط أسمك منها فكيف الدخول إليها وكما يلاحظ أنه فى هذا الهيكل لا يحدد إرتفاعات ولذلك يبدو منطقياً أن نلجأ للتفسير الروحى فهذا هو المقصود بهذه الأبعاد ولنتأمل فى هذا :- 
حزقيال,41,85,"يلاحظ فى الرسم السابق أنه غريب بعض الشئ عن المألوف فسمك الحوائط أكبر من عرض الحجرات. وهذا مما يعطى أحساس بإستحالة تنفيذه عملياً كما كما يتصور مفسرى الملك الألفى فما معنى تكديس حجرات 4 × 4 ذراع وتصور أنها محاطة بحوائط أسمك منها فكيف الدخول إليها وكما يلاحظ أنه فى هذا الهيكل لا يحدد إرتفاعات ولذلك يبدو منطقياً أن نلجأ للتفسير الروحى فهذا هو المقصود بهذه الأبعاد ولنتأمل فى هذا :- 
حزقيال,41,86,"يلاحظ فى الرسم السابق أنه غريب بعض الشئ عن المألوف فسمك الحوائط أكبر من عرض الحجرات. وهذا مما يعطى أحساس بإستحالة تنفيذه عملياً كما كما يتصور مفسرى الملك الألفى فما معنى تكديس حجرات 4 × 4 ذراع وتصور أنها محاطة بحوائط أسمك منها فكيف الدخول إليها وكما يلاحظ أنه فى هذا الهيكل لا يحدد إرتفاعات ولذلك يبدو منطقياً أن نلجأ للتفسير الروحى فهذا هو المقصود بهذه الأبعاد ولنتأمل فى هذا :- 
حزقيال,41,87,"يلاحظ فى الرسم السابق أنه غريب بعض الشئ عن المألوف فسمك الحوائط أكبر من عرض الحجرات. وهذا مما يعطى أحساس بإستحالة تنفيذه عملياً كما كما يتصور مفسرى الملك الألفى فما معنى تكديس حجرات 4 × 4 ذراع وتصور أنها محاطة بحوائط أسمك منها فكيف الدخول إليها وكما يلاحظ أنه فى هذا الهيكل لا يحدد إرتفاعات ولذلك يبدو منطقياً أن نلجأ للتفسير الروحى فهذا هو المقصود بهذه الأبعاد ولنتأمل فى هذا :- 
حزقيال,41,88,"يلاحظ فى الرسم السابق أنه غريب بعض الشئ عن المألوف فسمك الحوائط أكبر من عرض الحجرات. وهذا مما يعطى أحساس بإستحالة تنفيذه عملياً كما كما يتصور مفسرى الملك الألفى فما معنى تكديس حجرات 4 × 4 ذراع وتصور أنها محاطة بحوائط أسمك منها فكيف الدخول إليها وكما يلاحظ أنه فى هذا الهيكل لا يحدد إرتفاعات ولذلك يبدو منطقياً أن نلجأ للتفسير الروحى فهذا هو المقصود بهذه الأبعاد ولنتأمل فى هذا :- 
حزقيال,41,89,"يلاحظ فى الرسم السابق أنه غريب بعض الشئ عن المألوف فسمك الحوائط أكبر من عرض الحجرات. وهذا مما يعطى أحساس بإستحالة تنفيذه عملياً كما كما يتصور مفسرى الملك الألفى فما معنى تكديس حجرات 4 × 4 ذراع وتصور أنها محاطة بحوائط أسمك منها فكيف الدخول إليها وكما يلاحظ أنه فى هذا الهيكل لا يحدد إرتفاعات ولذلك يبدو منطقياً أن نلجأ للتفسير الروحى فهذا هو المقصود بهذه الأبعاد ولنتأمل فى هذا :- 
حزقيال,41,90,"يلاحظ فى الرسم السابق أنه غريب بعض الشئ عن المألوف فسمك الحوائط أكبر من عرض الحجرات. وهذا مما يعطى أحساس بإستحالة تنفيذه عملياً كما كما يتصور مفسرى الملك الألفى فما معنى تكديس حجرات 4 × 4 ذراع وتصور أنها محاطة بحوائط أسمك منها فكيف الدخول إليها وكما يلاحظ أنه فى هذا الهيكل لا يحدد إرتفاعات ولذلك يبدو منطقياً أن نلجأ للتفسير الروحى فهذا هو المقصود بهذه الأبعاد ولنتأمل فى هذا :- 
حزقيال,41,91,"يلاحظ فى الرسم السابق أنه غريب بعض الشئ عن المألوف فسمك الحوائط أكبر من عرض الحجرات. وهذا مما يعطى أحساس بإستحالة تنفيذه عملياً كما كما يتصور مفسرى الملك الألفى فما معنى تكديس حجرات 4 × 4 ذراع وتصور أنها محاطة بحوائط أسمك منها فكيف الدخول إليها وكما يلاحظ أنه فى هذا الهيكل لا يحدد إرتفاعات ولذلك يبدو منطقياً أن نلجأ للتفسير الروحى فهذا هو المقصود بهذه الأبعاد ولنتأمل فى هذا :- 
حزقيال,41,92,"يلاحظ فى الرسم السابق أنه غريب بعض الشئ عن المألوف فسمك الحوائط أكبر من عرض الحجرات. وهذا مما يعطى أحساس بإستحالة تنفيذه عملياً كما كما يتصور مفسرى الملك الألفى فما معنى تكديس حجرات 4 × 4 ذراع وتصور أنها محاطة بحوائط أسمك منها فكيف الدخول إليها وكما يلاحظ أنه فى هذا الهيكل لا يحدد إرتفاعات ولذلك يبدو منطقياً أن نلجأ للتفسير الروحى فهذا هو المقصود بهذه الأبعاد ولنتأمل فى هذا :- 
حزقيال,41,93,"يلاحظ فى الرسم السابق أنه غريب بعض الشئ عن المألوف فسمك الحوائط أكبر من عرض الحجرات. وهذا مما يعطى أحساس بإستحالة تنفيذه عملياً كما كما يتصور مفسرى الملك الألفى فما معنى تكديس حجرات 4 × 4 ذراع وتصور أنها محاطة بحوائط أسمك منها فكيف الدخول إليها وكما يلاحظ أنه فى هذا الهيكل لا يحدد إرتفاعات ولذلك يبدو منطقياً أن نلجأ للتفسير الروحى فهذا هو المقصود بهذه الأبعاد ولنتأمل فى هذا :- 
حزقيال,41,94,"يلاحظ فى الرسم السابق أنه غريب بعض الشئ عن المألوف فسمك الحوائط أكبر من عرض الحجرات. وهذا مما يعطى أحساس بإستحالة تنفيذه عملياً كما كما يتصور مفسرى الملك الألفى فما معنى تكديس حجرات 4 × 4 ذراع وتصور أنها محاطة بحوائط أسمك منها فكيف الدخول إليها وكما يلاحظ أنه فى هذا الهيكل لا يحدد إرتفاعات ولذلك يبدو منطقياً أن نلجأ للتفسير الروحى فهذا هو المقصود بهذه الأبعاد ولنتأمل فى هذا :- 
حزقيال,41,95,"يلاحظ فى الرسم السابق أنه غريب بعض الشئ عن المألوف فسمك الحوائط أكبر من عرض الحجرات. وهذا مما يعطى أحساس بإستحالة تنفيذه عملياً كما كما يتصور مفسرى الملك الألفى فما معنى تكديس حجرات 4 × 4 ذراع وتصور أنها محاطة بحوائط أسمك منها فكيف الدخول إليها وكما يلاحظ أنه فى هذا الهيكل لا يحدد إرتفاعات ولذلك يبدو منطقياً أن نلجأ للتفسير الروحى فهذا هو المقصود بهذه الأبعاد ولنتأمل فى هذا :- 
حزقيال,41,96,"يلاحظ فى الرسم السابق أنه غريب بعض الشئ عن المألوف فسمك الحوائط أكبر من عرض الحجرات. وهذا مما يعطى أحساس بإستحالة تنفيذه عملياً كما كما يتصور مفسرى الملك الألفى فما معنى تكديس حجرات 4 × 4 ذراع وتصور أنها محاطة بحوائط أسمك منها فكيف الدخول إليها وكما يلاحظ أنه فى هذا الهيكل لا يحدد إرتفاعات ولذلك يبدو منطقياً أن نلجأ للتفسير الروحى فهذا هو المقصود بهذه الأبعاد ولنتأمل فى هذا :- 
حزقيال,41,97,"يلاحظ فى الرسم السابق أنه غريب بعض الشئ عن المألوف فسمك الحوائط أكبر من عرض الحجرات. وهذا مما يعطى أحساس بإستحالة تنفيذه عملياً كما كما يتصور مفسرى الملك الألفى فما معنى تكديس حجرات 4 × 4 ذراع وتصور أنها محاطة بحوائط أسمك منها فكيف الدخول إليها وكما يلاحظ أنه فى هذا الهيكل لا يحدد إرتفاعات ولذلك يبدو منطقياً أن نلجأ للتفسير الروحى فهذا هو المقصود بهذه الأبعاد ولنتأمل فى هذا :- 
حزقيال,41,98,"يلاحظ فى الرسم السابق أنه غريب بعض الشئ عن المألوف فسمك الحوائط أكبر من عرض الحجرات. وهذا مما يعطى أحساس بإستحالة تنفيذه عملياً كما كما يتصور مفسرى الملك الألفى فما معنى تكديس حجرات 4 × 4 ذراع وتصور أنها محاطة بحوائط أسمك منها فكيف الدخول إليها وكما يلاحظ أنه فى هذا الهيكل لا يحدد إرتفاعات ولذلك يبدو منطقياً أن نلجأ للتفسير الروحى فهذا هو المقصود بهذه الأبعاد ولنتأمل فى هذا :- 
حزقيال,41,99,"يلاحظ فى الرسم السابق أنه غريب بعض الشئ عن المألوف فسمك الحوائط أكبر من عرض الحجرات. وهذا مما يعطى أحساس بإستحالة تنفيذه عملياً كما كما يتصور مفسرى الملك الألفى فما معنى تكديس حجرات 4 × 4 ذراع وتصور أنها محاطة بحوائط أسمك منها فكيف الدخول إليها وكما يلاحظ أنه فى هذا الهيكل لا يحدد إرتفاعات ولذلك يبدو منطقياً أن نلجأ للتفسير الروحى فهذا هو المقصود بهذه الأبعاد ولنتأمل فى هذا :- 
حزقيال,42,1,"الأيات 1 - 12 :- اخرجني الى الدار الخارجية من طريق جهة الشمال و ادخلني الى المخدع الذي هو تجاه المكان المنفصل و الذي هو قدام البناء الى الشمال.الى قدام طول مئة ذراع مدخل الشمال و العرض خمسون ذراعا.تجاه العشرين التي للدار الداخلية و تجاه المجزع الذي للدار الخارجية اسطوانة تجاه اسطوانة في الطبقات الثلاث. و امام المخادع ممشى عشر اذرع عرضا و الى الداخلية طريق ذراع واحد عرضا و ابوابها نحو الشمال. و المخادع العليا اقصر لان الاساطين اكلت من هذه من اسافل البناء و من اواسطه. لانها ثلاث طبقات و لم يكن لها اعمدة كاعمدة الدور لذلك تضيق من الاسافل و من الاواسط من الارض. و الحائط الذي من خارج مع المخادع نحو الدار الخارجية الى قدام المخادع طوله خمسون ذراعا. لان طول المخادع التي للدار الخارجية خمسون ذراعا و هوذا امام الهيكل مئة ذراع. و من تحت هذه المخادع مدخل من الشرق من حيث يدخل اليها من الدار الخارجية. المخادع كانت في عرض جدار الدار نحو الشرق قدام المكان المنفصل و قبالة البناء. و امامها طريق كمثل المخادع التي نحو الشمال كطولها هكذا عرضها و جميع مخارجها و كاشكالها و كابوابها. و كابواب المخادع التي نحو الجنوب باب على راس الطريق الطريق امام الجدار الموافق نحو الشرق من حيث يدخل اليه
حزقيال,42,2,"الأيات 1 - 12 :- اخرجني الى الدار الخارجية من طريق جهة الشمال و ادخلني الى المخدع الذي هو تجاه المكان المنفصل و الذي هو قدام البناء الى الشمال.الى قدام طول مئة ذراع مدخل الشمال و العرض خمسون ذراعا.تجاه العشرين التي للدار الداخلية و تجاه المجزع الذي للدار الخارجية اسطوانة تجاه اسطوانة في الطبقات الثلاث. و امام المخادع ممشى عشر اذرع عرضا و الى الداخلية طريق ذراع واحد عرضا و ابوابها نحو الشمال. و المخادع العليا اقصر لان الاساطين اكلت من هذه من اسافل البناء و من اواسطه. لانها ثلاث طبقات و لم يكن لها اعمدة كاعمدة الدور لذلك تضيق من الاسافل و من الاواسط من الارض. و الحائط الذي من خارج مع المخادع نحو الدار الخارجية الى قدام المخادع طوله خمسون ذراعا. لان طول المخادع التي للدار الخارجية خمسون ذراعا و هوذا امام الهيكل مئة ذراع. و من تحت هذه المخادع مدخل من الشرق من حيث يدخل اليها من الدار الخارجية. المخادع كانت في عرض جدار الدار نحو الشرق قدام المكان المنفصل و قبالة البناء. و امامها طريق كمثل المخادع التي نحو الشمال كطولها هكذا عرضها و جميع مخارجها و كاشكالها و كابوابها. و كابواب المخادع التي نحو الجنوب باب على راس الطريق الطريق امام الجدار الموافق نحو الشرق من حيث يدخل اليه
حزقيال,42,3,"الأيات 1 - 12 :- اخرجني الى الدار الخارجية من طريق جهة الشمال و ادخلني الى المخدع الذي هو تجاه المكان المنفصل و الذي هو قدام البناء الى الشمال.الى قدام طول مئة ذراع مدخل الشمال و العرض خمسون ذراعا.تجاه العشرين التي للدار الداخلية و تجاه المجزع الذي للدار الخارجية اسطوانة تجاه اسطوانة في الطبقات الثلاث. و امام المخادع ممشى عشر اذرع عرضا و الى الداخلية طريق ذراع واحد عرضا و ابوابها نحو الشمال. و المخادع العليا اقصر لان الاساطين اكلت من هذه من اسافل البناء و من اواسطه. لانها ثلاث طبقات و لم يكن لها اعمدة كاعمدة الدور لذلك تضيق من الاسافل و من الاواسط من الارض. و الحائط الذي من خارج مع المخادع نحو الدار الخارجية الى قدام المخادع طوله خمسون ذراعا. لان طول المخادع التي للدار الخارجية خمسون ذراعا و هوذا امام الهيكل مئة ذراع. و من تحت هذه المخادع مدخل من الشرق من حيث يدخل اليها من الدار الخارجية. المخادع كانت في عرض جدار الدار نحو الشرق قدام المكان المنفصل و قبالة البناء. و امامها طريق كمثل المخادع التي نحو الشمال كطولها هكذا عرضها و جميع مخارجها و كاشكالها و كابوابها. و كابواب المخادع التي نحو الجنوب باب على راس الطريق الطريق امام الجدار الموافق نحو الشرق من حيث يدخل اليه
حزقيال,42,4,"الأيات 1 - 12 :- اخرجني الى الدار الخارجية من طريق جهة الشمال و ادخلني الى المخدع الذي هو تجاه المكان المنفصل و الذي هو قدام البناء الى الشمال.الى قدام طول مئة ذراع مدخل الشمال و العرض خمسون ذراعا.تجاه العشرين التي للدار الداخلية و تجاه المجزع الذي للدار الخارجية اسطوانة تجاه اسطوانة في الطبقات الثلاث. و امام المخادع ممشى عشر اذرع عرضا و الى الداخلية طريق ذراع واحد عرضا و ابوابها نحو الشمال. و المخادع العليا اقصر لان الاساطين اكلت من هذه من اسافل البناء و من اواسطه. لانها ثلاث طبقات و لم يكن لها اعمدة كاعمدة الدور لذلك تضيق من الاسافل و من الاواسط من الارض. و الحائط الذي من خارج مع المخادع نحو الدار الخارجية الى قدام المخادع طوله خمسون ذراعا. لان طول المخادع التي للدار الخارجية خمسون ذراعا و هوذا امام الهيكل مئة ذراع. و من تحت هذه المخادع مدخل من الشرق من حيث يدخل اليها من الدار الخارجية. المخادع كانت في عرض جدار الدار نحو الشرق قدام المكان المنفصل و قبالة البناء. و امامها طريق كمثل المخادع التي نحو الشمال كطولها هكذا عرضها و جميع مخارجها و كاشكالها و كابوابها. و كابواب المخادع التي نحو الجنوب باب على راس الطريق الطريق امام الجدار الموافق نحو الشرق من حيث يدخل اليه
حزقيال,42,5,"الأيات 1 - 12 :- اخرجني الى الدار الخارجية من طريق جهة الشمال و ادخلني الى المخدع الذي هو تجاه المكان المنفصل و الذي هو قدام البناء الى الشمال.الى قدام طول مئة ذراع مدخل الشمال و العرض خمسون ذراعا.تجاه العشرين التي للدار الداخلية و تجاه المجزع الذي للدار الخارجية اسطوانة تجاه اسطوانة في الطبقات الثلاث. و امام المخادع ممشى عشر اذرع عرضا و الى الداخلية طريق ذراع واحد عرضا و ابوابها نحو الشمال. و المخادع العليا اقصر لان الاساطين اكلت من هذه من اسافل البناء و من اواسطه. لانها ثلاث طبقات و لم يكن لها اعمدة كاعمدة الدور لذلك تضيق من الاسافل و من الاواسط من الارض. و الحائط الذي من خارج مع المخادع نحو الدار الخارجية الى قدام المخادع طوله خمسون ذراعا. لان طول المخادع التي للدار الخارجية خمسون ذراعا و هوذا امام الهيكل مئة ذراع. و من تحت هذه المخادع مدخل من الشرق من حيث يدخل اليها من الدار الخارجية. المخادع كانت في عرض جدار الدار نحو الشرق قدام المكان المنفصل و قبالة البناء. و امامها طريق كمثل المخادع التي نحو الشمال كطولها هكذا عرضها و جميع مخارجها و كاشكالها و كابوابها. و كابواب المخادع التي نحو الجنوب باب على راس الطريق الطريق امام الجدار الموافق نحو الشرق من حيث يدخل اليه
حزقيال,42,6,"الأيات 1 - 12 :- اخرجني الى الدار الخارجية من طريق جهة الشمال و ادخلني الى المخدع الذي هو تجاه المكان المنفصل و الذي هو قدام البناء الى الشمال.الى قدام طول مئة ذراع مدخل الشمال و العرض خمسون ذراعا.تجاه العشرين التي للدار الداخلية و تجاه المجزع الذي للدار الخارجية اسطوانة تجاه اسطوانة في الطبقات الثلاث. و امام المخادع ممشى عشر اذرع عرضا و الى الداخلية طريق ذراع واحد عرضا و ابوابها نحو الشمال. و المخادع العليا اقصر لان الاساطين اكلت من هذه من اسافل البناء و من اواسطه. لانها ثلاث طبقات و لم يكن لها اعمدة كاعمدة الدور لذلك تضيق من الاسافل و من الاواسط من الارض. و الحائط الذي من خارج مع المخادع نحو الدار الخارجية الى قدام المخادع طوله خمسون ذراعا. لان طول المخادع التي للدار الخارجية خمسون ذراعا و هوذا امام الهيكل مئة ذراع. و من تحت هذه المخادع مدخل من الشرق من حيث يدخل اليها من الدار الخارجية. المخادع كانت في عرض جدار الدار نحو الشرق قدام المكان المنفصل و قبالة البناء. و امامها طريق كمثل المخادع التي نحو الشمال كطولها هكذا عرضها و جميع مخارجها و كاشكالها و كابوابها. و كابواب المخادع التي نحو الجنوب باب على راس الطريق الطريق امام الجدار الموافق نحو الشرق من حيث يدخل اليه
حزقيال,42,7,"الأيات 1 - 12 :- اخرجني الى الدار الخارجية من طريق جهة الشمال و ادخلني الى المخدع الذي هو تجاه المكان المنفصل و الذي هو قدام البناء الى الشمال.الى قدام طول مئة ذراع مدخل الشمال و العرض خمسون ذراعا.تجاه العشرين التي للدار الداخلية و تجاه المجزع الذي للدار الخارجية اسطوانة تجاه اسطوانة في الطبقات الثلاث. و امام المخادع ممشى عشر اذرع عرضا و الى الداخلية طريق ذراع واحد عرضا و ابوابها نحو الشمال. و المخادع العليا اقصر لان الاساطين اكلت من هذه من اسافل البناء و من اواسطه. لانها ثلاث طبقات و لم يكن لها اعمدة كاعمدة الدور لذلك تضيق من الاسافل و من الاواسط من الارض. و الحائط الذي من خارج مع المخادع نحو الدار الخارجية الى قدام المخادع طوله خمسون ذراعا. لان طول المخادع التي للدار الخارجية خمسون ذراعا و هوذا امام الهيكل مئة ذراع. و من تحت هذه المخادع مدخل من الشرق من حيث يدخل اليها من الدار الخارجية. المخادع كانت في عرض جدار الدار نحو الشرق قدام المكان المنفصل و قبالة البناء. و امامها طريق كمثل المخادع التي نحو الشمال كطولها هكذا عرضها و جميع مخارجها و كاشكالها و كابوابها. و كابواب المخادع التي نحو الجنوب باب على راس الطريق الطريق امام الجدار الموافق نحو الشرق من حيث يدخل اليه
حزقيال,42,8,"الأيات 1 - 12 :- اخرجني الى الدار الخارجية من طريق جهة الشمال و ادخلني الى المخدع الذي هو تجاه المكان المنفصل و الذي هو قدام البناء الى الشمال.الى قدام طول مئة ذراع مدخل الشمال و العرض خمسون ذراعا.تجاه العشرين التي للدار الداخلية و تجاه المجزع الذي للدار الخارجية اسطوانة تجاه اسطوانة في الطبقات الثلاث. و امام المخادع ممشى عشر اذرع عرضا و الى الداخلية طريق ذراع واحد عرضا و ابوابها نحو الشمال. و المخادع العليا اقصر لان الاساطين اكلت من هذه من اسافل البناء و من اواسطه. لانها ثلاث طبقات و لم يكن لها اعمدة كاعمدة الدور لذلك تضيق من الاسافل و من الاواسط من الارض. و الحائط الذي من خارج مع المخادع نحو الدار الخارجية الى قدام المخادع طوله خمسون ذراعا. لان طول المخادع التي للدار الخارجية خمسون ذراعا و هوذا امام الهيكل مئة ذراع. و من تحت هذه المخادع مدخل من الشرق من حيث يدخل اليها من الدار الخارجية. المخادع كانت في عرض جدار الدار نحو الشرق قدام المكان المنفصل و قبالة البناء. و امامها طريق كمثل المخادع التي نحو الشمال كطولها هكذا عرضها و جميع مخارجها و كاشكالها و كابوابها. و كابواب المخادع التي نحو الجنوب باب على راس الطريق الطريق امام الجدار الموافق نحو الشرق من حيث يدخل اليه
حزقيال,42,9,"الأيات 1 - 12 :- اخرجني الى الدار الخارجية من طريق جهة الشمال و ادخلني الى المخدع الذي هو تجاه المكان المنفصل و الذي هو قدام البناء الى الشمال.الى قدام طول مئة ذراع مدخل الشمال و العرض خمسون ذراعا.تجاه العشرين التي للدار الداخلية و تجاه المجزع الذي للدار الخارجية اسطوانة تجاه اسطوانة في الطبقات الثلاث. و امام المخادع ممشى عشر اذرع عرضا و الى الداخلية طريق ذراع واحد عرضا و ابوابها نحو الشمال. و المخادع العليا اقصر لان الاساطين اكلت من هذه من اسافل البناء و من اواسطه. لانها ثلاث طبقات و لم يكن لها اعمدة كاعمدة الدور لذلك تضيق من الاسافل و من الاواسط من الارض. و الحائط الذي من خارج مع المخادع نحو الدار الخارجية الى قدام المخادع طوله خمسون ذراعا. لان طول المخادع التي للدار الخارجية خمسون ذراعا و هوذا امام الهيكل مئة ذراع. و من تحت هذه المخادع مدخل من الشرق من حيث يدخل اليها من الدار الخارجية. المخادع كانت في عرض جدار الدار نحو الشرق قدام المكان المنفصل و قبالة البناء. و امامها طريق كمثل المخادع التي نحو الشمال كطولها هكذا عرضها و جميع مخارجها و كاشكالها و كابوابها. و كابواب المخادع التي نحو الجنوب باب على راس الطريق الطريق امام الجدار الموافق نحو الشرق من حيث يدخل اليه
حزقيال,42,10,"الأيات 1 - 12 :- اخرجني الى الدار الخارجية من طريق جهة الشمال و ادخلني الى المخدع الذي هو تجاه المكان المنفصل و الذي هو قدام البناء الى الشمال.الى قدام طول مئة ذراع مدخل الشمال و العرض خمسون ذراعا.تجاه العشرين التي للدار الداخلية و تجاه المجزع الذي للدار الخارجية اسطوانة تجاه اسطوانة في الطبقات الثلاث. و امام المخادع ممشى عشر اذرع عرضا و الى الداخلية طريق ذراع واحد عرضا و ابوابها نحو الشمال. و المخادع العليا اقصر لان الاساطين اكلت من هذه من اسافل البناء و من اواسطه. لانها ثلاث طبقات و لم يكن لها اعمدة كاعمدة الدور لذلك تضيق من الاسافل و من الاواسط من الارض. و الحائط الذي من خارج مع المخادع نحو الدار الخارجية الى قدام المخادع طوله خمسون ذراعا. لان طول المخادع التي للدار الخارجية خمسون ذراعا و هوذا امام الهيكل مئة ذراع. و من تحت هذه المخادع مدخل من الشرق من حيث يدخل اليها من الدار الخارجية. المخادع كانت في عرض جدار الدار نحو الشرق قدام المكان المنفصل و قبالة البناء. و امامها طريق كمثل المخادع التي نحو الشمال كطولها هكذا عرضها و جميع مخارجها و كاشكالها و كابوابها. و كابواب المخادع التي نحو الجنوب باب على راس الطريق الطريق امام الجدار الموافق نحو الشرق من حيث يدخل اليه
حزقيال,42,11,"الأيات 1 - 12 :- اخرجني الى الدار الخارجية من طريق جهة الشمال و ادخلني الى المخدع الذي هو تجاه المكان المنفصل و الذي هو قدام البناء الى الشمال.الى قدام طول مئة ذراع مدخل الشمال و العرض خمسون ذراعا.تجاه العشرين التي للدار الداخلية و تجاه المجزع الذي للدار الخارجية اسطوانة تجاه اسطوانة في الطبقات الثلاث. و امام المخادع ممشى عشر اذرع عرضا و الى الداخلية طريق ذراع واحد عرضا و ابوابها نحو الشمال. و المخادع العليا اقصر لان الاساطين اكلت من هذه من اسافل البناء و من اواسطه. لانها ثلاث طبقات و لم يكن لها اعمدة كاعمدة الدور لذلك تضيق من الاسافل و من الاواسط من الارض. و الحائط الذي من خارج مع المخادع نحو الدار الخارجية الى قدام المخادع طوله خمسون ذراعا. لان طول المخادع التي للدار الخارجية خمسون ذراعا و هوذا امام الهيكل مئة ذراع. و من تحت هذه المخادع مدخل من الشرق من حيث يدخل اليها من الدار الخارجية. المخادع كانت في عرض جدار الدار نحو الشرق قدام المكان المنفصل و قبالة البناء. و امامها طريق كمثل المخادع التي نحو الشمال كطولها هكذا عرضها و جميع مخارجها و كاشكالها و كابوابها. و كابواب المخادع التي نحو الجنوب باب على راس الطريق الطريق امام الجدار الموافق نحو الشرق من حيث يدخل اليه
حزقيال,42,12,"الأيات 1 - 12 :- اخرجني الى الدار الخارجية من طريق جهة الشمال و ادخلني الى المخدع الذي هو تجاه المكان المنفصل و الذي هو قدام البناء الى الشمال.الى قدام طول مئة ذراع مدخل الشمال و العرض خمسون ذراعا.تجاه العشرين التي للدار الداخلية و تجاه المجزع الذي للدار الخارجية اسطوانة تجاه اسطوانة في الطبقات الثلاث. و امام المخادع ممشى عشر اذرع عرضا و الى الداخلية طريق ذراع واحد عرضا و ابوابها نحو الشمال. و المخادع العليا اقصر لان الاساطين اكلت من هذه من اسافل البناء و من اواسطه. لانها ثلاث طبقات و لم يكن لها اعمدة كاعمدة الدور لذلك تضيق من الاسافل و من الاواسط من الارض. و الحائط الذي من خارج مع المخادع نحو الدار الخارجية الى قدام المخادع طوله خمسون ذراعا. لان طول المخادع التي للدار الخارجية خمسون ذراعا و هوذا امام الهيكل مئة ذراع. و من تحت هذه المخادع مدخل من الشرق من حيث يدخل اليها من الدار الخارجية. المخادع كانت في عرض جدار الدار نحو الشرق قدام المكان المنفصل و قبالة البناء. و امامها طريق كمثل المخادع التي نحو الشمال كطولها هكذا عرضها و جميع مخارجها و كاشكالها و كابوابها. و كابواب المخادع التي نحو الجنوب باب على راس الطريق الطريق امام الجدار الموافق نحو الشرق من حيث يدخل اليه
حزقيال,42,13,"الأيات 1 - 12 :- اخرجني الى الدار الخارجية من طريق جهة الشمال و ادخلني الى المخدع الذي هو تجاه المكان المنفصل و الذي هو قدام البناء الى الشمال.الى قدام طول مئة ذراع مدخل الشمال و العرض خمسون ذراعا.تجاه العشرين التي للدار الداخلية و تجاه المجزع الذي للدار الخارجية اسطوانة تجاه اسطوانة في الطبقات الثلاث. و امام المخادع ممشى عشر اذرع عرضا و الى الداخلية طريق ذراع واحد عرضا و ابوابها نحو الشمال. و المخادع العليا اقصر لان الاساطين اكلت من هذه من اسافل البناء و من اواسطه. لانها ثلاث طبقات و لم يكن لها اعمدة كاعمدة الدور لذلك تضيق من الاسافل و من الاواسط من الارض. و الحائط الذي من خارج مع المخادع نحو الدار الخارجية الى قدام المخادع طوله خمسون ذراعا. لان طول المخادع التي للدار الخارجية خمسون ذراعا و هوذا امام الهيكل مئة ذراع. و من تحت هذه المخادع مدخل من الشرق من حيث يدخل اليها من الدار الخارجية. المخادع كانت في عرض جدار الدار نحو الشرق قدام المكان المنفصل و قبالة البناء. و امامها طريق كمثل المخادع التي نحو الشمال كطولها هكذا عرضها و جميع مخارجها و كاشكالها و كابوابها. و كابواب المخادع التي نحو الجنوب باب على راس الطريق الطريق امام الجدار الموافق نحو الشرق من حيث يدخل اليه
حزقيال,42,14,"الأيات 1 - 12 :- اخرجني الى الدار الخارجية من طريق جهة الشمال و ادخلني الى المخدع الذي هو تجاه المكان المنفصل و الذي هو قدام البناء الى الشمال.الى قدام طول مئة ذراع مدخل الشمال و العرض خمسون ذراعا.تجاه العشرين التي للدار الداخلية و تجاه المجزع الذي للدار الخارجية اسطوانة تجاه اسطوانة في الطبقات الثلاث. و امام المخادع ممشى عشر اذرع عرضا و الى الداخلية طريق ذراع واحد عرضا و ابوابها نحو الشمال. و المخادع العليا اقصر لان الاساطين اكلت من هذه من اسافل البناء و من اواسطه. لانها ثلاث طبقات و لم يكن لها اعمدة كاعمدة الدور لذلك تضيق من الاسافل و من الاواسط من الارض. و الحائط الذي من خارج مع المخادع نحو الدار الخارجية الى قدام المخادع طوله خمسون ذراعا. لان طول المخادع التي للدار الخارجية خمسون ذراعا و هوذا امام الهيكل مئة ذراع. و من تحت هذه المخادع مدخل من الشرق من حيث يدخل اليها من الدار الخارجية. المخادع كانت في عرض جدار الدار نحو الشرق قدام المكان المنفصل و قبالة البناء. و امامها طريق كمثل المخادع التي نحو الشمال كطولها هكذا عرضها و جميع مخارجها و كاشكالها و كابوابها. و كابواب المخادع التي نحو الجنوب باب على راس الطريق الطريق امام الجدار الموافق نحو الشرق من حيث يدخل اليه
حزقيال,42,15,"الأيات 1 - 12 :- اخرجني الى الدار الخارجية من طريق جهة الشمال و ادخلني الى المخدع الذي هو تجاه المكان المنفصل و الذي هو قدام البناء الى الشمال.الى قدام طول مئة ذراع مدخل الشمال و العرض خمسون ذراعا.تجاه العشرين التي للدار الداخلية و تجاه المجزع الذي للدار الخارجية اسطوانة تجاه اسطوانة في الطبقات الثلاث. و امام المخادع ممشى عشر اذرع عرضا و الى الداخلية طريق ذراع واحد عرضا و ابوابها نحو الشمال. و المخادع العليا اقصر لان الاساطين اكلت من هذه من اسافل البناء و من اواسطه. لانها ثلاث طبقات و لم يكن لها اعمدة كاعمدة الدور لذلك تضيق من الاسافل و من الاواسط من الارض. و الحائط الذي من خارج مع المخادع نحو الدار الخارجية الى قدام المخادع طوله خمسون ذراعا. لان طول المخادع التي للدار الخارجية خمسون ذراعا و هوذا امام الهيكل مئة ذراع. و من تحت هذه المخادع مدخل من الشرق من حيث يدخل اليها من الدار الخارجية. المخادع كانت في عرض جدار الدار نحو الشرق قدام المكان المنفصل و قبالة البناء. و امامها طريق كمثل المخادع التي نحو الشمال كطولها هكذا عرضها و جميع مخارجها و كاشكالها و كابوابها. و كابواب المخادع التي نحو الجنوب باب على راس الطريق الطريق امام الجدار الموافق نحو الشرق من حيث يدخل اليه
حزقيال,42,16,"الأيات 1 - 12 :- اخرجني الى الدار الخارجية من طريق جهة الشمال و ادخلني الى المخدع الذي هو تجاه المكان المنفصل و الذي هو قدام البناء الى الشمال.الى قدام طول مئة ذراع مدخل الشمال و العرض خمسون ذراعا.تجاه العشرين التي للدار الداخلية و تجاه المجزع الذي للدار الخارجية اسطوانة تجاه اسطوانة في الطبقات الثلاث. و امام المخادع ممشى عشر اذرع عرضا و الى الداخلية طريق ذراع واحد عرضا و ابوابها نحو الشمال. و المخادع العليا اقصر لان الاساطين اكلت من هذه من اسافل البناء و من اواسطه. لانها ثلاث طبقات و لم يكن لها اعمدة كاعمدة الدور لذلك تضيق من الاسافل و من الاواسط من الارض. و الحائط الذي من خارج مع المخادع نحو الدار الخارجية الى قدام المخادع طوله خمسون ذراعا. لان طول المخادع التي للدار الخارجية خمسون ذراعا و هوذا امام الهيكل مئة ذراع. و من تحت هذه المخادع مدخل من الشرق من حيث يدخل اليها من الدار الخارجية. المخادع كانت في عرض جدار الدار نحو الشرق قدام المكان المنفصل و قبالة البناء. و امامها طريق كمثل المخادع التي نحو الشمال كطولها هكذا عرضها و جميع مخارجها و كاشكالها و كابوابها. و كابواب المخادع التي نحو الجنوب باب على راس الطريق الطريق امام الجدار الموافق نحو الشرق من حيث يدخل اليه
حزقيال,42,17,"الأيات 1 - 12 :- اخرجني الى الدار الخارجية من طريق جهة الشمال و ادخلني الى المخدع الذي هو تجاه المكان المنفصل و الذي هو قدام البناء الى الشمال.الى قدام طول مئة ذراع مدخل الشمال و العرض خمسون ذراعا.تجاه العشرين التي للدار الداخلية و تجاه المجزع الذي للدار الخارجية اسطوانة تجاه اسطوانة في الطبقات الثلاث. و امام المخادع ممشى عشر اذرع عرضا و الى الداخلية طريق ذراع واحد عرضا و ابوابها نحو الشمال. و المخادع العليا اقصر لان الاساطين اكلت من هذه من اسافل البناء و من اواسطه. لانها ثلاث طبقات و لم يكن لها اعمدة كاعمدة الدور لذلك تضيق من الاسافل و من الاواسط من الارض. و الحائط الذي من خارج مع المخادع نحو الدار الخارجية الى قدام المخادع طوله خمسون ذراعا. لان طول المخادع التي للدار الخارجية خمسون ذراعا و هوذا امام الهيكل مئة ذراع. و من تحت هذه المخادع مدخل من الشرق من حيث يدخل اليها من الدار الخارجية. المخادع كانت في عرض جدار الدار نحو الشرق قدام المكان المنفصل و قبالة البناء. و امامها طريق كمثل المخادع التي نحو الشمال كطولها هكذا عرضها و جميع مخارجها و كاشكالها و كابوابها. و كابواب المخادع التي نحو الجنوب باب على راس الطريق الطريق امام الجدار الموافق نحو الشرق من حيث يدخل اليه
حزقيال,42,18,"الأيات 1 - 12 :- اخرجني الى الدار الخارجية من طريق جهة الشمال و ادخلني الى المخدع الذي هو تجاه المكان المنفصل و الذي هو قدام البناء الى الشمال.الى قدام طول مئة ذراع مدخل الشمال و العرض خمسون ذراعا.تجاه العشرين التي للدار الداخلية و تجاه المجزع الذي للدار الخارجية اسطوانة تجاه اسطوانة في الطبقات الثلاث. و امام المخادع ممشى عشر اذرع عرضا و الى الداخلية طريق ذراع واحد عرضا و ابوابها نحو الشمال. و المخادع العليا اقصر لان الاساطين اكلت من هذه من اسافل البناء و من اواسطه. لانها ثلاث طبقات و لم يكن لها اعمدة كاعمدة الدور لذلك تضيق من الاسافل و من الاواسط من الارض. و الحائط الذي من خارج مع المخادع نحو الدار الخارجية الى قدام المخادع طوله خمسون ذراعا. لان طول المخادع التي للدار الخارجية خمسون ذراعا و هوذا امام الهيكل مئة ذراع. و من تحت هذه المخادع مدخل من الشرق من حيث يدخل اليها من الدار الخارجية. المخادع كانت في عرض جدار الدار نحو الشرق قدام المكان المنفصل و قبالة البناء. و امامها طريق كمثل المخادع التي نحو الشمال كطولها هكذا عرضها و جميع مخارجها و كاشكالها و كابوابها. و كابواب المخادع التي نحو الجنوب باب على راس الطريق الطريق امام الجدار الموافق نحو الشرق من حيث يدخل اليه
حزقيال,42,19,"الأيات 1 - 12 :- اخرجني الى الدار الخارجية من طريق جهة الشمال و ادخلني الى المخدع الذي هو تجاه المكان المنفصل و الذي هو قدام البناء الى الشمال.الى قدام طول مئة ذراع مدخل الشمال و العرض خمسون ذراعا.تجاه العشرين التي للدار الداخلية و تجاه المجزع الذي للدار الخارجية اسطوانة تجاه اسطوانة في الطبقات الثلاث. و امام المخادع ممشى عشر اذرع عرضا و الى الداخلية طريق ذراع واحد عرضا و ابوابها نحو الشمال. و المخادع العليا اقصر لان الاساطين اكلت من هذه من اسافل البناء و من اواسطه. لانها ثلاث طبقات و لم يكن لها اعمدة كاعمدة الدور لذلك تضيق من الاسافل و من الاواسط من الارض. و الحائط الذي من خارج مع المخادع نحو الدار الخارجية الى قدام المخادع طوله خمسون ذراعا. لان طول المخادع التي للدار الخارجية خمسون ذراعا و هوذا امام الهيكل مئة ذراع. و من تحت هذه المخادع مدخل من الشرق من حيث يدخل اليها من الدار الخارجية. المخادع كانت في عرض جدار الدار نحو الشرق قدام المكان المنفصل و قبالة البناء. و امامها طريق كمثل المخادع التي نحو الشمال كطولها هكذا عرضها و جميع مخارجها و كاشكالها و كابوابها. و كابواب المخادع التي نحو الجنوب باب على راس الطريق الطريق امام الجدار الموافق نحو الشرق من حيث يدخل اليه
حزقيال,42,20,"الأيات 1 - 12 :- اخرجني الى الدار الخارجية من طريق جهة الشمال و ادخلني الى المخدع الذي هو تجاه المكان المنفصل و الذي هو قدام البناء الى الشمال.الى قدام طول مئة ذراع مدخل الشمال و العرض خمسون ذراعا.تجاه العشرين التي للدار الداخلية و تجاه المجزع الذي للدار الخارجية اسطوانة تجاه اسطوانة في الطبقات الثلاث. و امام المخادع ممشى عشر اذرع عرضا و الى الداخلية طريق ذراع واحد عرضا و ابوابها نحو الشمال. و المخادع العليا اقصر لان الاساطين اكلت من هذه من اسافل البناء و من اواسطه. لانها ثلاث طبقات و لم يكن لها اعمدة كاعمدة الدور لذلك تضيق من الاسافل و من الاواسط من الارض. و الحائط الذي من خارج مع المخادع نحو الدار الخارجية الى قدام المخادع طوله خمسون ذراعا. لان طول المخادع التي للدار الخارجية خمسون ذراعا و هوذا امام الهيكل مئة ذراع. و من تحت هذه المخادع مدخل من الشرق من حيث يدخل اليها من الدار الخارجية. المخادع كانت في عرض جدار الدار نحو الشرق قدام المكان المنفصل و قبالة البناء. و امامها طريق كمثل المخادع التي نحو الشمال كطولها هكذا عرضها و جميع مخارجها و كاشكالها و كابوابها. و كابواب المخادع التي نحو الجنوب باب على راس الطريق الطريق امام الجدار الموافق نحو الشرق من حيث يدخل اليه
حزقيال,42,21,"الأيات 1 - 12 :- اخرجني الى الدار الخارجية من طريق جهة الشمال و ادخلني الى المخدع الذي هو تجاه المكان المنفصل و الذي هو قدام البناء الى الشمال.الى قدام طول مئة ذراع مدخل الشمال و العرض خمسون ذراعا.تجاه العشرين التي للدار الداخلية و تجاه المجزع الذي للدار الخارجية اسطوانة تجاه اسطوانة في الطبقات الثلاث. و امام المخادع ممشى عشر اذرع عرضا و الى الداخلية طريق ذراع واحد عرضا و ابوابها نحو الشمال. و المخادع العليا اقصر لان الاساطين اكلت من هذه من اسافل البناء و من اواسطه. لانها ثلاث طبقات و لم يكن لها اعمدة كاعمدة الدور لذلك تضيق من الاسافل و من الاواسط من الارض. و الحائط الذي من خارج مع المخادع نحو الدار الخارجية الى قدام المخادع طوله خمسون ذراعا. لان طول المخادع التي للدار الخارجية خمسون ذراعا و هوذا امام الهيكل مئة ذراع. و من تحت هذه المخادع مدخل من الشرق من حيث يدخل اليها من الدار الخارجية. المخادع كانت في عرض جدار الدار نحو الشرق قدام المكان المنفصل و قبالة البناء. و امامها طريق كمثل المخادع التي نحو الشمال كطولها هكذا عرضها و جميع مخارجها و كاشكالها و كابوابها. و كابواب المخادع التي نحو الجنوب باب على راس الطريق الطريق امام الجدار الموافق نحو الشرق من حيث يدخل اليه
حزقيال,42,22,"الأيات 1 - 12 :- اخرجني الى الدار الخارجية من طريق جهة الشمال و ادخلني الى المخدع الذي هو تجاه المكان المنفصل و الذي هو قدام البناء الى الشمال.الى قدام طول مئة ذراع مدخل الشمال و العرض خمسون ذراعا.تجاه العشرين التي للدار الداخلية و تجاه المجزع الذي للدار الخارجية اسطوانة تجاه اسطوانة في الطبقات الثلاث. و امام المخادع ممشى عشر اذرع عرضا و الى الداخلية طريق ذراع واحد عرضا و ابوابها نحو الشمال. و المخادع العليا اقصر لان الاساطين اكلت من هذه من اسافل البناء و من اواسطه. لانها ثلاث طبقات و لم يكن لها اعمدة كاعمدة الدور لذلك تضيق من الاسافل و من الاواسط من الارض. و الحائط الذي من خارج مع المخادع نحو الدار الخارجية الى قدام المخادع طوله خمسون ذراعا. لان طول المخادع التي للدار الخارجية خمسون ذراعا و هوذا امام الهيكل مئة ذراع. و من تحت هذه المخادع مدخل من الشرق من حيث يدخل اليها من الدار الخارجية. المخادع كانت في عرض جدار الدار نحو الشرق قدام المكان المنفصل و قبالة البناء. و امامها طريق كمثل المخادع التي نحو الشمال كطولها هكذا عرضها و جميع مخارجها و كاشكالها و كابوابها. و كابواب المخادع التي نحو الجنوب باب على راس الطريق الطريق امام الجدار الموافق نحو الشرق من حيث يدخل اليه
حزقيال,42,23,"الأيات 1 - 12 :- اخرجني الى الدار الخارجية من طريق جهة الشمال و ادخلني الى المخدع الذي هو تجاه المكان المنفصل و الذي هو قدام البناء الى الشمال.الى قدام طول مئة ذراع مدخل الشمال و العرض خمسون ذراعا.تجاه العشرين التي للدار الداخلية و تجاه المجزع الذي للدار الخارجية اسطوانة تجاه اسطوانة في الطبقات الثلاث. و امام المخادع ممشى عشر اذرع عرضا و الى الداخلية طريق ذراع واحد عرضا و ابوابها نحو الشمال. و المخادع العليا اقصر لان الاساطين اكلت من هذه من اسافل البناء و من اواسطه. لانها ثلاث طبقات و لم يكن لها اعمدة كاعمدة الدور لذلك تضيق من الاسافل و من الاواسط من الارض. و الحائط الذي من خارج مع المخادع نحو الدار الخارجية الى قدام المخادع طوله خمسون ذراعا. لان طول المخادع التي للدار الخارجية خمسون ذراعا و هوذا امام الهيكل مئة ذراع. و من تحت هذه المخادع مدخل من الشرق من حيث يدخل اليها من الدار الخارجية. المخادع كانت في عرض جدار الدار نحو الشرق قدام المكان المنفصل و قبالة البناء. و امامها طريق كمثل المخادع التي نحو الشمال كطولها هكذا عرضها و جميع مخارجها و كاشكالها و كابوابها. و كابواب المخادع التي نحو الجنوب باب على راس الطريق الطريق امام الجدار الموافق نحو الشرق من حيث يدخل اليه
حزقيال,42,24,"الأيات 1 - 12 :- اخرجني الى الدار الخارجية من طريق جهة الشمال و ادخلني الى المخدع الذي هو تجاه المكان المنفصل و الذي هو قدام البناء الى الشمال.الى قدام طول مئة ذراع مدخل الشمال و العرض خمسون ذراعا.تجاه العشرين التي للدار الداخلية و تجاه المجزع الذي للدار الخارجية اسطوانة تجاه اسطوانة في الطبقات الثلاث. و امام المخادع ممشى عشر اذرع عرضا و الى الداخلية طريق ذراع واحد عرضا و ابوابها نحو الشمال. و المخادع العليا اقصر لان الاساطين اكلت من هذه من اسافل البناء و من اواسطه. لانها ثلاث طبقات و لم يكن لها اعمدة كاعمدة الدور لذلك تضيق من الاسافل و من الاواسط من الارض. و الحائط الذي من خارج مع المخادع نحو الدار الخارجية الى قدام المخادع طوله خمسون ذراعا. لان طول المخادع التي للدار الخارجية خمسون ذراعا و هوذا امام الهيكل مئة ذراع. و من تحت هذه المخادع مدخل من الشرق من حيث يدخل اليها من الدار الخارجية. المخادع كانت في عرض جدار الدار نحو الشرق قدام المكان المنفصل و قبالة البناء. و امامها طريق كمثل المخادع التي نحو الشمال كطولها هكذا عرضها و جميع مخارجها و كاشكالها و كابوابها. و كابواب المخادع التي نحو الجنوب باب على راس الطريق الطريق امام الجدار الموافق نحو الشرق من حيث يدخل اليه
حزقيال,42,25,"الأيات 1 - 12 :- اخرجني الى الدار الخارجية من طريق جهة الشمال و ادخلني الى المخدع الذي هو تجاه المكان المنفصل و الذي هو قدام البناء الى الشمال.الى قدام طول مئة ذراع مدخل الشمال و العرض خمسون ذراعا.تجاه العشرين التي للدار الداخلية و تجاه المجزع الذي للدار الخارجية اسطوانة تجاه اسطوانة في الطبقات الثلاث. و امام المخادع ممشى عشر اذرع عرضا و الى الداخلية طريق ذراع واحد عرضا و ابوابها نحو الشمال. و المخادع العليا اقصر لان الاساطين اكلت من هذه من اسافل البناء و من اواسطه. لانها ثلاث طبقات و لم يكن لها اعمدة كاعمدة الدور لذلك تضيق من الاسافل و من الاواسط من الارض. و الحائط الذي من خارج مع المخادع نحو الدار الخارجية الى قدام المخادع طوله خمسون ذراعا. لان طول المخادع التي للدار الخارجية خمسون ذراعا و هوذا امام الهيكل مئة ذراع. و من تحت هذه المخادع مدخل من الشرق من حيث يدخل اليها من الدار الخارجية. المخادع كانت في عرض جدار الدار نحو الشرق قدام المكان المنفصل و قبالة البناء. و امامها طريق كمثل المخادع التي نحو الشمال كطولها هكذا عرضها و جميع مخارجها و كاشكالها و كابوابها. و كابواب المخادع التي نحو الجنوب باب على راس الطريق الطريق امام الجدار الموافق نحو الشرق من حيث يدخل اليه
حزقيال,42,26,"الأيات 1 - 12 :- اخرجني الى الدار الخارجية من طريق جهة الشمال و ادخلني الى المخدع الذي هو تجاه المكان المنفصل و الذي هو قدام البناء الى الشمال.الى قدام طول مئة ذراع مدخل الشمال و العرض خمسون ذراعا.تجاه العشرين التي للدار الداخلية و تجاه المجزع الذي للدار الخارجية اسطوانة تجاه اسطوانة في الطبقات الثلاث. و امام المخادع ممشى عشر اذرع عرضا و الى الداخلية طريق ذراع واحد عرضا و ابوابها نحو الشمال. و المخادع العليا اقصر لان الاساطين اكلت من هذه من اسافل البناء و من اواسطه. لانها ثلاث طبقات و لم يكن لها اعمدة كاعمدة الدور لذلك تضيق من الاسافل و من الاواسط من الارض. و الحائط الذي من خارج مع المخادع نحو الدار الخارجية الى قدام المخادع طوله خمسون ذراعا. لان طول المخادع التي للدار الخارجية خمسون ذراعا و هوذا امام الهيكل مئة ذراع. و من تحت هذه المخادع مدخل من الشرق من حيث يدخل اليها من الدار الخارجية. المخادع كانت في عرض جدار الدار نحو الشرق قدام المكان المنفصل و قبالة البناء. و امامها طريق كمثل المخادع التي نحو الشمال كطولها هكذا عرضها و جميع مخارجها و كاشكالها و كابوابها. و كابواب المخادع التي نحو الجنوب باب على راس الطريق الطريق امام الجدار الموافق نحو الشرق من حيث يدخل اليه
حزقيال,42,27,"الأيات 1 - 12 :- اخرجني الى الدار الخارجية من طريق جهة الشمال و ادخلني الى المخدع الذي هو تجاه المكان المنفصل و الذي هو قدام البناء الى الشمال.الى قدام طول مئة ذراع مدخل الشمال و العرض خمسون ذراعا.تجاه العشرين التي للدار الداخلية و تجاه المجزع الذي للدار الخارجية اسطوانة تجاه اسطوانة في الطبقات الثلاث. و امام المخادع ممشى عشر اذرع عرضا و الى الداخلية طريق ذراع واحد عرضا و ابوابها نحو الشمال. و المخادع العليا اقصر لان الاساطين اكلت من هذه من اسافل البناء و من اواسطه. لانها ثلاث طبقات و لم يكن لها اعمدة كاعمدة الدور لذلك تضيق من الاسافل و من الاواسط من الارض. و الحائط الذي من خارج مع المخادع نحو الدار الخارجية الى قدام المخادع طوله خمسون ذراعا. لان طول المخادع التي للدار الخارجية خمسون ذراعا و هوذا امام الهيكل مئة ذراع. و من تحت هذه المخادع مدخل من الشرق من حيث يدخل اليها من الدار الخارجية. المخادع كانت في عرض جدار الدار نحو الشرق قدام المكان المنفصل و قبالة البناء. و امامها طريق كمثل المخادع التي نحو الشمال كطولها هكذا عرضها و جميع مخارجها و كاشكالها و كابوابها. و كابواب المخادع التي نحو الجنوب باب على راس الطريق الطريق امام الجدار الموافق نحو الشرق من حيث يدخل اليه
حزقيال,42,28,"الأيات 1 - 12 :- اخرجني الى الدار الخارجية من طريق جهة الشمال و ادخلني الى المخدع الذي هو تجاه المكان المنفصل و الذي هو قدام البناء الى الشمال.الى قدام طول مئة ذراع مدخل الشمال و العرض خمسون ذراعا.تجاه العشرين التي للدار الداخلية و تجاه المجزع الذي للدار الخارجية اسطوانة تجاه اسطوانة في الطبقات الثلاث. و امام المخادع ممشى عشر اذرع عرضا و الى الداخلية طريق ذراع واحد عرضا و ابوابها نحو الشمال. و المخادع العليا اقصر لان الاساطين اكلت من هذه من اسافل البناء و من اواسطه. لانها ثلاث طبقات و لم يكن لها اعمدة كاعمدة الدور لذلك تضيق من الاسافل و من الاواسط من الارض. و الحائط الذي من خارج مع المخادع نحو الدار الخارجية الى قدام المخادع طوله خمسون ذراعا. لان طول المخادع التي للدار الخارجية خمسون ذراعا و هوذا امام الهيكل مئة ذراع. و من تحت هذه المخادع مدخل من الشرق من حيث يدخل اليها من الدار الخارجية. المخادع كانت في عرض جدار الدار نحو الشرق قدام المكان المنفصل و قبالة البناء. و امامها طريق كمثل المخادع التي نحو الشمال كطولها هكذا عرضها و جميع مخارجها و كاشكالها و كابوابها. و كابواب المخادع التي نحو الجنوب باب على راس الطريق الطريق امام الجدار الموافق نحو الشرق من حيث يدخل اليه
حزقيال,42,29,"الأيات 1 - 12 :- اخرجني الى الدار الخارجية من طريق جهة الشمال و ادخلني الى المخدع الذي هو تجاه المكان المنفصل و الذي هو قدام البناء الى الشمال.الى قدام طول مئة ذراع مدخل الشمال و العرض خمسون ذراعا.تجاه العشرين التي للدار الداخلية و تجاه المجزع الذي للدار الخارجية اسطوانة تجاه اسطوانة في الطبقات الثلاث. و امام المخادع ممشى عشر اذرع عرضا و الى الداخلية طريق ذراع واحد عرضا و ابوابها نحو الشمال. و المخادع العليا اقصر لان الاساطين اكلت من هذه من اسافل البناء و من اواسطه. لانها ثلاث طبقات و لم يكن لها اعمدة كاعمدة الدور لذلك تضيق من الاسافل و من الاواسط من الارض. و الحائط الذي من خارج مع المخادع نحو الدار الخارجية الى قدام المخادع طوله خمسون ذراعا. لان طول المخادع التي للدار الخارجية خمسون ذراعا و هوذا امام الهيكل مئة ذراع. و من تحت هذه المخادع مدخل من الشرق من حيث يدخل اليها من الدار الخارجية. المخادع كانت في عرض جدار الدار نحو الشرق قدام المكان المنفصل و قبالة البناء. و امامها طريق كمثل المخادع التي نحو الشمال كطولها هكذا عرضها و جميع مخارجها و كاشكالها و كابوابها. و كابواب المخادع التي نحو الجنوب باب على راس الطريق الطريق امام الجدار الموافق نحو الشرق من حيث يدخل اليه
حزقيال,42,30,"الأيات 1 - 12 :- اخرجني الى الدار الخارجية من طريق جهة الشمال و ادخلني الى المخدع الذي هو تجاه المكان المنفصل و الذي هو قدام البناء الى الشمال.الى قدام طول مئة ذراع مدخل الشمال و العرض خمسون ذراعا.تجاه العشرين التي للدار الداخلية و تجاه المجزع الذي للدار الخارجية اسطوانة تجاه اسطوانة في الطبقات الثلاث. و امام المخادع ممشى عشر اذرع عرضا و الى الداخلية طريق ذراع واحد عرضا و ابوابها نحو الشمال. و المخادع العليا اقصر لان الاساطين اكلت من هذه من اسافل البناء و من اواسطه. لانها ثلاث طبقات و لم يكن لها اعمدة كاعمدة الدور لذلك تضيق من الاسافل و من الاواسط من الارض. و الحائط الذي من خارج مع المخادع نحو الدار الخارجية الى قدام المخادع طوله خمسون ذراعا. لان طول المخادع التي للدار الخارجية خمسون ذراعا و هوذا امام الهيكل مئة ذراع. و من تحت هذه المخادع مدخل من الشرق من حيث يدخل اليها من الدار الخارجية. المخادع كانت في عرض جدار الدار نحو الشرق قدام المكان المنفصل و قبالة البناء. و امامها طريق كمثل المخادع التي نحو الشمال كطولها هكذا عرضها و جميع مخارجها و كاشكالها و كابوابها. و كابواب المخادع التي نحو الجنوب باب على راس الطريق الطريق امام الجدار الموافق نحو الشرق من حيث يدخل اليه
حزقيال,42,31,"الأيات 1 - 12 :- اخرجني الى الدار الخارجية من طريق جهة الشمال و ادخلني الى المخدع الذي هو تجاه المكان المنفصل و الذي هو قدام البناء الى الشمال.الى قدام طول مئة ذراع مدخل الشمال و العرض خمسون ذراعا.تجاه العشرين التي للدار الداخلية و تجاه المجزع الذي للدار الخارجية اسطوانة تجاه اسطوانة في الطبقات الثلاث. و امام المخادع ممشى عشر اذرع عرضا و الى الداخلية طريق ذراع واحد عرضا و ابوابها نحو الشمال. و المخادع العليا اقصر لان الاساطين اكلت من هذه من اسافل البناء و من اواسطه. لانها ثلاث طبقات و لم يكن لها اعمدة كاعمدة الدور لذلك تضيق من الاسافل و من الاواسط من الارض. و الحائط الذي من خارج مع المخادع نحو الدار الخارجية الى قدام المخادع طوله خمسون ذراعا. لان طول المخادع التي للدار الخارجية خمسون ذراعا و هوذا امام الهيكل مئة ذراع. و من تحت هذه المخادع مدخل من الشرق من حيث يدخل اليها من الدار الخارجية. المخادع كانت في عرض جدار الدار نحو الشرق قدام المكان المنفصل و قبالة البناء. و امامها طريق كمثل المخادع التي نحو الشمال كطولها هكذا عرضها و جميع مخارجها و كاشكالها و كابوابها. و كابواب المخادع التي نحو الجنوب باب على راس الطريق الطريق امام الجدار الموافق نحو الشرق من حيث يدخل اليه
حزقيال,42,32,"الأيات 1 - 12 :- اخرجني الى الدار الخارجية من طريق جهة الشمال و ادخلني الى المخدع الذي هو تجاه المكان المنفصل و الذي هو قدام البناء الى الشمال.الى قدام طول مئة ذراع مدخل الشمال و العرض خمسون ذراعا.تجاه العشرين التي للدار الداخلية و تجاه المجزع الذي للدار الخارجية اسطوانة تجاه اسطوانة في الطبقات الثلاث. و امام المخادع ممشى عشر اذرع عرضا و الى الداخلية طريق ذراع واحد عرضا و ابوابها نحو الشمال. و المخادع العليا اقصر لان الاساطين اكلت من هذه من اسافل البناء و من اواسطه. لانها ثلاث طبقات و لم يكن لها اعمدة كاعمدة الدور لذلك تضيق من الاسافل و من الاواسط من الارض. و الحائط الذي من خارج مع المخادع نحو الدار الخارجية الى قدام المخادع طوله خمسون ذراعا. لان طول المخادع التي للدار الخارجية خمسون ذراعا و هوذا امام الهيكل مئة ذراع. و من تحت هذه المخادع مدخل من الشرق من حيث يدخل اليها من الدار الخارجية. المخادع كانت في عرض جدار الدار نحو الشرق قدام المكان المنفصل و قبالة البناء. و امامها طريق كمثل المخادع التي نحو الشمال كطولها هكذا عرضها و جميع مخارجها و كاشكالها و كابوابها. و كابواب المخادع التي نحو الجنوب باب على راس الطريق الطريق امام الجدار الموافق نحو الشرق من حيث يدخل اليه
حزقيال,42,33,"الأيات 1 - 12 :- اخرجني الى الدار الخارجية من طريق جهة الشمال و ادخلني الى المخدع الذي هو تجاه المكان المنفصل و الذي هو قدام البناء الى الشمال.الى قدام طول مئة ذراع مدخل الشمال و العرض خمسون ذراعا.تجاه العشرين التي للدار الداخلية و تجاه المجزع الذي للدار الخارجية اسطوانة تجاه اسطوانة في الطبقات الثلاث. و امام المخادع ممشى عشر اذرع عرضا و الى الداخلية طريق ذراع واحد عرضا و ابوابها نحو الشمال. و المخادع العليا اقصر لان الاساطين اكلت من هذه من اسافل البناء و من اواسطه. لانها ثلاث طبقات و لم يكن لها اعمدة كاعمدة الدور لذلك تضيق من الاسافل و من الاواسط من الارض. و الحائط الذي من خارج مع المخادع نحو الدار الخارجية الى قدام المخادع طوله خمسون ذراعا. لان طول المخادع التي للدار الخارجية خمسون ذراعا و هوذا امام الهيكل مئة ذراع. و من تحت هذه المخادع مدخل من الشرق من حيث يدخل اليها من الدار الخارجية. المخادع كانت في عرض جدار الدار نحو الشرق قدام المكان المنفصل و قبالة البناء. و امامها طريق كمثل المخادع التي نحو الشمال كطولها هكذا عرضها و جميع مخارجها و كاشكالها و كابوابها. و كابواب المخادع التي نحو الجنوب باب على راس الطريق الطريق امام الجدار الموافق نحو الشرق من حيث يدخل اليه
حزقيال,42,34,"الأيات 1 - 12 :- اخرجني الى الدار الخارجية من طريق جهة الشمال و ادخلني الى المخدع الذي هو تجاه المكان المنفصل و الذي هو قدام البناء الى الشمال.الى قدام طول مئة ذراع مدخل الشمال و العرض خمسون ذراعا.تجاه العشرين التي للدار الداخلية و تجاه المجزع الذي للدار الخارجية اسطوانة تجاه اسطوانة في الطبقات الثلاث. و امام المخادع ممشى عشر اذرع عرضا و الى الداخلية طريق ذراع واحد عرضا و ابوابها نحو الشمال. و المخادع العليا اقصر لان الاساطين اكلت من هذه من اسافل البناء و من اواسطه. لانها ثلاث طبقات و لم يكن لها اعمدة كاعمدة الدور لذلك تضيق من الاسافل و من الاواسط من الارض. و الحائط الذي من خارج مع المخادع نحو الدار الخارجية الى قدام المخادع طوله خمسون ذراعا. لان طول المخادع التي للدار الخارجية خمسون ذراعا و هوذا امام الهيكل مئة ذراع. و من تحت هذه المخادع مدخل من الشرق من حيث يدخل اليها من الدار الخارجية. المخادع كانت في عرض جدار الدار نحو الشرق قدام المكان المنفصل و قبالة البناء. و امامها طريق كمثل المخادع التي نحو الشمال كطولها هكذا عرضها و جميع مخارجها و كاشكالها و كابوابها. و كابواب المخادع التي نحو الجنوب باب على راس الطريق الطريق امام الجدار الموافق نحو الشرق من حيث يدخل اليه
حزقيال,42,35,"الأيات 1 - 12 :- اخرجني الى الدار الخارجية من طريق جهة الشمال و ادخلني الى المخدع الذي هو تجاه المكان المنفصل و الذي هو قدام البناء الى الشمال.الى قدام طول مئة ذراع مدخل الشمال و العرض خمسون ذراعا.تجاه العشرين التي للدار الداخلية و تجاه المجزع الذي للدار الخارجية اسطوانة تجاه اسطوانة في الطبقات الثلاث. و امام المخادع ممشى عشر اذرع عرضا و الى الداخلية طريق ذراع واحد عرضا و ابوابها نحو الشمال. و المخادع العليا اقصر لان الاساطين اكلت من هذه من اسافل البناء و من اواسطه. لانها ثلاث طبقات و لم يكن لها اعمدة كاعمدة الدور لذلك تضيق من الاسافل و من الاواسط من الارض. و الحائط الذي من خارج مع المخادع نحو الدار الخارجية الى قدام المخادع طوله خمسون ذراعا. لان طول المخادع التي للدار الخارجية خمسون ذراعا و هوذا امام الهيكل مئة ذراع. و من تحت هذه المخادع مدخل من الشرق من حيث يدخل اليها من الدار الخارجية. المخادع كانت في عرض جدار الدار نحو الشرق قدام المكان المنفصل و قبالة البناء. و امامها طريق كمثل المخادع التي نحو الشمال كطولها هكذا عرضها و جميع مخارجها و كاشكالها و كابوابها. و كابواب المخادع التي نحو الجنوب باب على راس الطريق الطريق امام الجدار الموافق نحو الشرق من حيث يدخل اليه
حزقيال,42,36,"الأيات 1 - 12 :- اخرجني الى الدار الخارجية من طريق جهة الشمال و ادخلني الى المخدع الذي هو تجاه المكان المنفصل و الذي هو قدام البناء الى الشمال.الى قدام طول مئة ذراع مدخل الشمال و العرض خمسون ذراعا.تجاه العشرين التي للدار الداخلية و تجاه المجزع الذي للدار الخارجية اسطوانة تجاه اسطوانة في الطبقات الثلاث. و امام المخادع ممشى عشر اذرع عرضا و الى الداخلية طريق ذراع واحد عرضا و ابوابها نحو الشمال. و المخادع العليا اقصر لان الاساطين اكلت من هذه من اسافل البناء و من اواسطه. لانها ثلاث طبقات و لم يكن لها اعمدة كاعمدة الدور لذلك تضيق من الاسافل و من الاواسط من الارض. و الحائط الذي من خارج مع المخادع نحو الدار الخارجية الى قدام المخادع طوله خمسون ذراعا. لان طول المخادع التي للدار الخارجية خمسون ذراعا و هوذا امام الهيكل مئة ذراع. و من تحت هذه المخادع مدخل من الشرق من حيث يدخل اليها من الدار الخارجية. المخادع كانت في عرض جدار الدار نحو الشرق قدام المكان المنفصل و قبالة البناء. و امامها طريق كمثل المخادع التي نحو الشمال كطولها هكذا عرضها و جميع مخارجها و كاشكالها و كابوابها. و كابواب المخادع التي نحو الجنوب باب على راس الطريق الطريق امام الجدار الموافق نحو الشرق من حيث يدخل اليه
حزقيال,42,37,"الأيات 1 - 12 :- اخرجني الى الدار الخارجية من طريق جهة الشمال و ادخلني الى المخدع الذي هو تجاه المكان المنفصل و الذي هو قدام البناء الى الشمال.الى قدام طول مئة ذراع مدخل الشمال و العرض خمسون ذراعا.تجاه العشرين التي للدار الداخلية و تجاه المجزع الذي للدار الخارجية اسطوانة تجاه اسطوانة في الطبقات الثلاث. و امام المخادع ممشى عشر اذرع عرضا و الى الداخلية طريق ذراع واحد عرضا و ابوابها نحو الشمال. و المخادع العليا اقصر لان الاساطين اكلت من هذه من اسافل البناء و من اواسطه. لانها ثلاث طبقات و لم يكن لها اعمدة كاعمدة الدور لذلك تضيق من الاسافل و من الاواسط من الارض. و الحائط الذي من خارج مع المخادع نحو الدار الخارجية الى قدام المخادع طوله خمسون ذراعا. لان طول المخادع التي للدار الخارجية خمسون ذراعا و هوذا امام الهيكل مئة ذراع. و من تحت هذه المخادع مدخل من الشرق من حيث يدخل اليها من الدار الخارجية. المخادع كانت في عرض جدار الدار نحو الشرق قدام المكان المنفصل و قبالة البناء. و امامها طريق كمثل المخادع التي نحو الشمال كطولها هكذا عرضها و جميع مخارجها و كاشكالها و كابوابها. و كابواب المخادع التي نحو الجنوب باب على راس الطريق الطريق امام الجدار الموافق نحو الشرق من حيث يدخل اليه
حزقيال,42,38,"الأيات 1 - 12 :- اخرجني الى الدار الخارجية من طريق جهة الشمال و ادخلني الى المخدع الذي هو تجاه المكان المنفصل و الذي هو قدام البناء الى الشمال.الى قدام طول مئة ذراع مدخل الشمال و العرض خمسون ذراعا.تجاه العشرين التي للدار الداخلية و تجاه المجزع الذي للدار الخارجية اسطوانة تجاه اسطوانة في الطبقات الثلاث. و امام المخادع ممشى عشر اذرع عرضا و الى الداخلية طريق ذراع واحد عرضا و ابوابها نحو الشمال. و المخادع العليا اقصر لان الاساطين اكلت من هذه من اسافل البناء و من اواسطه. لانها ثلاث طبقات و لم يكن لها اعمدة كاعمدة الدور لذلك تضيق من الاسافل و من الاواسط من الارض. و الحائط الذي من خارج مع المخادع نحو الدار الخارجية الى قدام المخادع طوله خمسون ذراعا. لان طول المخادع التي للدار الخارجية خمسون ذراعا و هوذا امام الهيكل مئة ذراع. و من تحت هذه المخادع مدخل من الشرق من حيث يدخل اليها من الدار الخارجية. المخادع كانت في عرض جدار الدار نحو الشرق قدام المكان المنفصل و قبالة البناء. و امامها طريق كمثل المخادع التي نحو الشمال كطولها هكذا عرضها و جميع مخارجها و كاشكالها و كابوابها. و كابواب المخادع التي نحو الجنوب باب على راس الطريق الطريق امام الجدار الموافق نحو الشرق من حيث يدخل اليه
حزقيال,42,39,"الأيات 1 - 12 :- اخرجني الى الدار الخارجية من طريق جهة الشمال و ادخلني الى المخدع الذي هو تجاه المكان المنفصل و الذي هو قدام البناء الى الشمال.الى قدام طول مئة ذراع مدخل الشمال و العرض خمسون ذراعا.تجاه العشرين التي للدار الداخلية و تجاه المجزع الذي للدار الخارجية اسطوانة تجاه اسطوانة في الطبقات الثلاث. و امام المخادع ممشى عشر اذرع عرضا و الى الداخلية طريق ذراع واحد عرضا و ابوابها نحو الشمال. و المخادع العليا اقصر لان الاساطين اكلت من هذه من اسافل البناء و من اواسطه. لانها ثلاث طبقات و لم يكن لها اعمدة كاعمدة الدور لذلك تضيق من الاسافل و من الاواسط من الارض. و الحائط الذي من خارج مع المخادع نحو الدار الخارجية الى قدام المخادع طوله خمسون ذراعا. لان طول المخادع التي للدار الخارجية خمسون ذراعا و هوذا امام الهيكل مئة ذراع. و من تحت هذه المخادع مدخل من الشرق من حيث يدخل اليها من الدار الخارجية. المخادع كانت في عرض جدار الدار نحو الشرق قدام المكان المنفصل و قبالة البناء. و امامها طريق كمثل المخادع التي نحو الشمال كطولها هكذا عرضها و جميع مخارجها و كاشكالها و كابوابها. و كابواب المخادع التي نحو الجنوب باب على راس الطريق الطريق امام الجدار الموافق نحو الشرق من حيث يدخل اليه
حزقيال,42,40,"الأيات 1 - 12 :- اخرجني الى الدار الخارجية من طريق جهة الشمال و ادخلني الى المخدع الذي هو تجاه المكان المنفصل و الذي هو قدام البناء الى الشمال.الى قدام طول مئة ذراع مدخل الشمال و العرض خمسون ذراعا.تجاه العشرين التي للدار الداخلية و تجاه المجزع الذي للدار الخارجية اسطوانة تجاه اسطوانة في الطبقات الثلاث. و امام المخادع ممشى عشر اذرع عرضا و الى الداخلية طريق ذراع واحد عرضا و ابوابها نحو الشمال. و المخادع العليا اقصر لان الاساطين اكلت من هذه من اسافل البناء و من اواسطه. لانها ثلاث طبقات و لم يكن لها اعمدة كاعمدة الدور لذلك تضيق من الاسافل و من الاواسط من الارض. و الحائط الذي من خارج مع المخادع نحو الدار الخارجية الى قدام المخادع طوله خمسون ذراعا. لان طول المخادع التي للدار الخارجية خمسون ذراعا و هوذا امام الهيكل مئة ذراع. و من تحت هذه المخادع مدخل من الشرق من حيث يدخل اليها من الدار الخارجية. المخادع كانت في عرض جدار الدار نحو الشرق قدام المكان المنفصل و قبالة البناء. و امامها طريق كمثل المخادع التي نحو الشمال كطولها هكذا عرضها و جميع مخارجها و كاشكالها و كابوابها. و كابواب المخادع التي نحو الجنوب باب على راس الطريق الطريق امام الجدار الموافق نحو الشرق من حيث يدخل اليه
حزقيال,42,41,"الأيات 1 - 12 :- اخرجني الى الدار الخارجية من طريق جهة الشمال و ادخلني الى المخدع الذي هو تجاه المكان المنفصل و الذي هو قدام البناء الى الشمال.الى قدام طول مئة ذراع مدخل الشمال و العرض خمسون ذراعا.تجاه العشرين التي للدار الداخلية و تجاه المجزع الذي للدار الخارجية اسطوانة تجاه اسطوانة في الطبقات الثلاث. و امام المخادع ممشى عشر اذرع عرضا و الى الداخلية طريق ذراع واحد عرضا و ابوابها نحو الشمال. و المخادع العليا اقصر لان الاساطين اكلت من هذه من اسافل البناء و من اواسطه. لانها ثلاث طبقات و لم يكن لها اعمدة كاعمدة الدور لذلك تضيق من الاسافل و من الاواسط من الارض. و الحائط الذي من خارج مع المخادع نحو الدار الخارجية الى قدام المخادع طوله خمسون ذراعا. لان طول المخادع التي للدار الخارجية خمسون ذراعا و هوذا امام الهيكل مئة ذراع. و من تحت هذه المخادع مدخل من الشرق من حيث يدخل اليها من الدار الخارجية. المخادع كانت في عرض جدار الدار نحو الشرق قدام المكان المنفصل و قبالة البناء. و امامها طريق كمثل المخادع التي نحو الشمال كطولها هكذا عرضها و جميع مخارجها و كاشكالها و كابوابها. و كابواب المخادع التي نحو الجنوب باب على راس الطريق الطريق امام الجدار الموافق نحو الشرق من حيث يدخل اليه
حزقيال,42,42,"الأيات 1 - 12 :- اخرجني الى الدار الخارجية من طريق جهة الشمال و ادخلني الى المخدع الذي هو تجاه المكان المنفصل و الذي هو قدام البناء الى الشمال.الى قدام طول مئة ذراع مدخل الشمال و العرض خمسون ذراعا.تجاه العشرين التي للدار الداخلية و تجاه المجزع الذي للدار الخارجية اسطوانة تجاه اسطوانة في الطبقات الثلاث. و امام المخادع ممشى عشر اذرع عرضا و الى الداخلية طريق ذراع واحد عرضا و ابوابها نحو الشمال. و المخادع العليا اقصر لان الاساطين اكلت من هذه من اسافل البناء و من اواسطه. لانها ثلاث طبقات و لم يكن لها اعمدة كاعمدة الدور لذلك تضيق من الاسافل و من الاواسط من الارض. و الحائط الذي من خارج مع المخادع نحو الدار الخارجية الى قدام المخادع طوله خمسون ذراعا. لان طول المخادع التي للدار الخارجية خمسون ذراعا و هوذا امام الهيكل مئة ذراع. و من تحت هذه المخادع مدخل من الشرق من حيث يدخل اليها من الدار الخارجية. المخادع كانت في عرض جدار الدار نحو الشرق قدام المكان المنفصل و قبالة البناء. و امامها طريق كمثل المخادع التي نحو الشمال كطولها هكذا عرضها و جميع مخارجها و كاشكالها و كابوابها. و كابواب المخادع التي نحو الجنوب باب على راس الطريق الطريق امام الجدار الموافق نحو الشرق من حيث يدخل اليه
حزقيال,42,43,"الأيات 1 - 12 :- اخرجني الى الدار الخارجية من طريق جهة الشمال و ادخلني الى المخدع الذي هو تجاه المكان المنفصل و الذي هو قدام البناء الى الشمال.الى قدام طول مئة ذراع مدخل الشمال و العرض خمسون ذراعا.تجاه العشرين التي للدار الداخلية و تجاه المجزع الذي للدار الخارجية اسطوانة تجاه اسطوانة في الطبقات الثلاث. و امام المخادع ممشى عشر اذرع عرضا و الى الداخلية طريق ذراع واحد عرضا و ابوابها نحو الشمال. و المخادع العليا اقصر لان الاساطين اكلت من هذه من اسافل البناء و من اواسطه. لانها ثلاث طبقات و لم يكن لها اعمدة كاعمدة الدور لذلك تضيق من الاسافل و من الاواسط من الارض. و الحائط الذي من خارج مع المخادع نحو الدار الخارجية الى قدام المخادع طوله خمسون ذراعا. لان طول المخادع التي للدار الخارجية خمسون ذراعا و هوذا امام الهيكل مئة ذراع. و من تحت هذه المخادع مدخل من الشرق من حيث يدخل اليها من الدار الخارجية. المخادع كانت في عرض جدار الدار نحو الشرق قدام المكان المنفصل و قبالة البناء. و امامها طريق كمثل المخادع التي نحو الشمال كطولها هكذا عرضها و جميع مخارجها و كاشكالها و كابوابها. و كابواب المخادع التي نحو الجنوب باب على راس الطريق الطريق امام الجدار الموافق نحو الشرق من حيث يدخل اليه
حزقيال,42,44,"الأيات 1 - 12 :- اخرجني الى الدار الخارجية من طريق جهة الشمال و ادخلني الى المخدع الذي هو تجاه المكان المنفصل و الذي هو قدام البناء الى الشمال.الى قدام طول مئة ذراع مدخل الشمال و العرض خمسون ذراعا.تجاه العشرين التي للدار الداخلية و تجاه المجزع الذي للدار الخارجية اسطوانة تجاه اسطوانة في الطبقات الثلاث. و امام المخادع ممشى عشر اذرع عرضا و الى الداخلية طريق ذراع واحد عرضا و ابوابها نحو الشمال. و المخادع العليا اقصر لان الاساطين اكلت من هذه من اسافل البناء و من اواسطه. لانها ثلاث طبقات و لم يكن لها اعمدة كاعمدة الدور لذلك تضيق من الاسافل و من الاواسط من الارض. و الحائط الذي من خارج مع المخادع نحو الدار الخارجية الى قدام المخادع طوله خمسون ذراعا. لان طول المخادع التي للدار الخارجية خمسون ذراعا و هوذا امام الهيكل مئة ذراع. و من تحت هذه المخادع مدخل من الشرق من حيث يدخل اليها من الدار الخارجية. المخادع كانت في عرض جدار الدار نحو الشرق قدام المكان المنفصل و قبالة البناء. و امامها طريق كمثل المخادع التي نحو الشمال كطولها هكذا عرضها و جميع مخارجها و كاشكالها و كابوابها. و كابواب المخادع التي نحو الجنوب باب على راس الطريق الطريق امام الجدار الموافق نحو الشرق من حيث يدخل اليه
حزقيال,42,45,"الأيات 1 - 12 :- اخرجني الى الدار الخارجية من طريق جهة الشمال و ادخلني الى المخدع الذي هو تجاه المكان المنفصل و الذي هو قدام البناء الى الشمال.الى قدام طول مئة ذراع مدخل الشمال و العرض خمسون ذراعا.تجاه العشرين التي للدار الداخلية و تجاه المجزع الذي للدار الخارجية اسطوانة تجاه اسطوانة في الطبقات الثلاث. و امام المخادع ممشى عشر اذرع عرضا و الى الداخلية طريق ذراع واحد عرضا و ابوابها نحو الشمال. و المخادع العليا اقصر لان الاساطين اكلت من هذه من اسافل البناء و من اواسطه. لانها ثلاث طبقات و لم يكن لها اعمدة كاعمدة الدور لذلك تضيق من الاسافل و من الاواسط من الارض. و الحائط الذي من خارج مع المخادع نحو الدار الخارجية الى قدام المخادع طوله خمسون ذراعا. لان طول المخادع التي للدار الخارجية خمسون ذراعا و هوذا امام الهيكل مئة ذراع. و من تحت هذه المخادع مدخل من الشرق من حيث يدخل اليها من الدار الخارجية. المخادع كانت في عرض جدار الدار نحو الشرق قدام المكان المنفصل و قبالة البناء. و امامها طريق كمثل المخادع التي نحو الشمال كطولها هكذا عرضها و جميع مخارجها و كاشكالها و كابوابها. و كابواب المخادع التي نحو الجنوب باب على راس الطريق الطريق امام الجدار الموافق نحو الشرق من حيث يدخل اليه
حزقيال,42,46,"الأيات 1 - 12 :- اخرجني الى الدار الخارجية من طريق جهة الشمال و ادخلني الى المخدع الذي هو تجاه المكان المنفصل و الذي هو قدام البناء الى الشمال.الى قدام طول مئة ذراع مدخل الشمال و العرض خمسون ذراعا.تجاه العشرين التي للدار الداخلية و تجاه المجزع الذي للدار الخارجية اسطوانة تجاه اسطوانة في الطبقات الثلاث. و امام المخادع ممشى عشر اذرع عرضا و الى الداخلية طريق ذراع واحد عرضا و ابوابها نحو الشمال. و المخادع العليا اقصر لان الاساطين اكلت من هذه من اسافل البناء و من اواسطه. لانها ثلاث طبقات و لم يكن لها اعمدة كاعمدة الدور لذلك تضيق من الاسافل و من الاواسط من الارض. و الحائط الذي من خارج مع المخادع نحو الدار الخارجية الى قدام المخادع طوله خمسون ذراعا. لان طول المخادع التي للدار الخارجية خمسون ذراعا و هوذا امام الهيكل مئة ذراع. و من تحت هذه المخادع مدخل من الشرق من حيث يدخل اليها من الدار الخارجية. المخادع كانت في عرض جدار الدار نحو الشرق قدام المكان المنفصل و قبالة البناء. و امامها طريق كمثل المخادع التي نحو الشمال كطولها هكذا عرضها و جميع مخارجها و كاشكالها و كابوابها. و كابواب المخادع التي نحو الجنوب باب على راس الطريق الطريق امام الجدار الموافق نحو الشرق من حيث يدخل اليه
حزقيال,42,47,"الأيات 1 - 12 :- اخرجني الى الدار الخارجية من طريق جهة الشمال و ادخلني الى المخدع الذي هو تجاه المكان المنفصل و الذي هو قدام البناء الى الشمال.الى قدام طول مئة ذراع مدخل الشمال و العرض خمسون ذراعا.تجاه العشرين التي للدار الداخلية و تجاه المجزع الذي للدار الخارجية اسطوانة تجاه اسطوانة في الطبقات الثلاث. و امام المخادع ممشى عشر اذرع عرضا و الى الداخلية طريق ذراع واحد عرضا و ابوابها نحو الشمال. و المخادع العليا اقصر لان الاساطين اكلت من هذه من اسافل البناء و من اواسطه. لانها ثلاث طبقات و لم يكن لها اعمدة كاعمدة الدور لذلك تضيق من الاسافل و من الاواسط من الارض. و الحائط الذي من خارج مع المخادع نحو الدار الخارجية الى قدام المخادع طوله خمسون ذراعا. لان طول المخادع التي للدار الخارجية خمسون ذراعا و هوذا امام الهيكل مئة ذراع. و من تحت هذه المخادع مدخل من الشرق من حيث يدخل اليها من الدار الخارجية. المخادع كانت في عرض جدار الدار نحو الشرق قدام المكان المنفصل و قبالة البناء. و امامها طريق كمثل المخادع التي نحو الشمال كطولها هكذا عرضها و جميع مخارجها و كاشكالها و كابوابها. و كابواب المخادع التي نحو الجنوب باب على راس الطريق الطريق امام الجدار الموافق نحو الشرق من حيث يدخل اليه
حزقيال,42,48,"الأيات 1 - 12 :- اخرجني الى الدار الخارجية من طريق جهة الشمال و ادخلني الى المخدع الذي هو تجاه المكان المنفصل و الذي هو قدام البناء الى الشمال.الى قدام طول مئة ذراع مدخل الشمال و العرض خمسون ذراعا.تجاه العشرين التي للدار الداخلية و تجاه المجزع الذي للدار الخارجية اسطوانة تجاه اسطوانة في الطبقات الثلاث. و امام المخادع ممشى عشر اذرع عرضا و الى الداخلية طريق ذراع واحد عرضا و ابوابها نحو الشمال. و المخادع العليا اقصر لان الاساطين اكلت من هذه من اسافل البناء و من اواسطه. لانها ثلاث طبقات و لم يكن لها اعمدة كاعمدة الدور لذلك تضيق من الاسافل و من الاواسط من الارض. و الحائط الذي من خارج مع المخادع نحو الدار الخارجية الى قدام المخادع طوله خمسون ذراعا. لان طول المخادع التي للدار الخارجية خمسون ذراعا و هوذا امام الهيكل مئة ذراع. و من تحت هذه المخادع مدخل من الشرق من حيث يدخل اليها من الدار الخارجية. المخادع كانت في عرض جدار الدار نحو الشرق قدام المكان المنفصل و قبالة البناء. و امامها طريق كمثل المخادع التي نحو الشمال كطولها هكذا عرضها و جميع مخارجها و كاشكالها و كابوابها. و كابواب المخادع التي نحو الجنوب باب على راس الطريق الطريق امام الجدار الموافق نحو الشرق من حيث يدخل اليه
حزقيال,42,49,"الأيات 1 - 12 :- اخرجني الى الدار الخارجية من طريق جهة الشمال و ادخلني الى المخدع الذي هو تجاه المكان المنفصل و الذي هو قدام البناء الى الشمال.الى قدام طول مئة ذراع مدخل الشمال و العرض خمسون ذراعا.تجاه العشرين التي للدار الداخلية و تجاه المجزع الذي للدار الخارجية اسطوانة تجاه اسطوانة في الطبقات الثلاث. و امام المخادع ممشى عشر اذرع عرضا و الى الداخلية طريق ذراع واحد عرضا و ابوابها نحو الشمال. و المخادع العليا اقصر لان الاساطين اكلت من هذه من اسافل البناء و من اواسطه. لانها ثلاث طبقات و لم يكن لها اعمدة كاعمدة الدور لذلك تضيق من الاسافل و من الاواسط من الارض. و الحائط الذي من خارج مع المخادع نحو الدار الخارجية الى قدام المخادع طوله خمسون ذراعا. لان طول المخادع التي للدار الخارجية خمسون ذراعا و هوذا امام الهيكل مئة ذراع. و من تحت هذه المخادع مدخل من الشرق من حيث يدخل اليها من الدار الخارجية. المخادع كانت في عرض جدار الدار نحو الشرق قدام المكان المنفصل و قبالة البناء. و امامها طريق كمثل المخادع التي نحو الشمال كطولها هكذا عرضها و جميع مخارجها و كاشكالها و كابوابها. و كابواب المخادع التي نحو الجنوب باب على راس الطريق الطريق امام الجدار الموافق نحو الشرق من حيث يدخل اليه
حزقيال,42,50,"الأيات 1 - 12 :- اخرجني الى الدار الخارجية من طريق جهة الشمال و ادخلني الى المخدع الذي هو تجاه المكان المنفصل و الذي هو قدام البناء الى الشمال.الى قدام طول مئة ذراع مدخل الشمال و العرض خمسون ذراعا.تجاه العشرين التي للدار الداخلية و تجاه المجزع الذي للدار الخارجية اسطوانة تجاه اسطوانة في الطبقات الثلاث. و امام المخادع ممشى عشر اذرع عرضا و الى الداخلية طريق ذراع واحد عرضا و ابوابها نحو الشمال. و المخادع العليا اقصر لان الاساطين اكلت من هذه من اسافل البناء و من اواسطه. لانها ثلاث طبقات و لم يكن لها اعمدة كاعمدة الدور لذلك تضيق من الاسافل و من الاواسط من الارض. و الحائط الذي من خارج مع المخادع نحو الدار الخارجية الى قدام المخادع طوله خمسون ذراعا. لان طول المخادع التي للدار الخارجية خمسون ذراعا و هوذا امام الهيكل مئة ذراع. و من تحت هذه المخادع مدخل من الشرق من حيث يدخل اليها من الدار الخارجية. المخادع كانت في عرض جدار الدار نحو الشرق قدام المكان المنفصل و قبالة البناء. و امامها طريق كمثل المخادع التي نحو الشمال كطولها هكذا عرضها و جميع مخارجها و كاشكالها و كابوابها. و كابواب المخادع التي نحو الجنوب باب على راس الطريق الطريق امام الجدار الموافق نحو الشرق من حيث يدخل اليه
حزقيال,42,51,"الأيات 1 - 12 :- اخرجني الى الدار الخارجية من طريق جهة الشمال و ادخلني الى المخدع الذي هو تجاه المكان المنفصل و الذي هو قدام البناء الى الشمال.الى قدام طول مئة ذراع مدخل الشمال و العرض خمسون ذراعا.تجاه العشرين التي للدار الداخلية و تجاه المجزع الذي للدار الخارجية اسطوانة تجاه اسطوانة في الطبقات الثلاث. و امام المخادع ممشى عشر اذرع عرضا و الى الداخلية طريق ذراع واحد عرضا و ابوابها نحو الشمال. و المخادع العليا اقصر لان الاساطين اكلت من هذه من اسافل البناء و من اواسطه. لانها ثلاث طبقات و لم يكن لها اعمدة كاعمدة الدور لذلك تضيق من الاسافل و من الاواسط من الارض. و الحائط الذي من خارج مع المخادع نحو الدار الخارجية الى قدام المخادع طوله خمسون ذراعا. لان طول المخادع التي للدار الخارجية خمسون ذراعا و هوذا امام الهيكل مئة ذراع. و من تحت هذه المخادع مدخل من الشرق من حيث يدخل اليها من الدار الخارجية. المخادع كانت في عرض جدار الدار نحو الشرق قدام المكان المنفصل و قبالة البناء. و امامها طريق كمثل المخادع التي نحو الشمال كطولها هكذا عرضها و جميع مخارجها و كاشكالها و كابوابها. و كابواب المخادع التي نحو الجنوب باب على راس الطريق الطريق امام الجدار الموافق نحو الشرق من حيث يدخل اليه
حزقيال,42,52,"الأيات 1 - 12 :- اخرجني الى الدار الخارجية من طريق جهة الشمال و ادخلني الى المخدع الذي هو تجاه المكان المنفصل و الذي هو قدام البناء الى الشمال.الى قدام طول مئة ذراع مدخل الشمال و العرض خمسون ذراعا.تجاه العشرين التي للدار الداخلية و تجاه المجزع الذي للدار الخارجية اسطوانة تجاه اسطوانة في الطبقات الثلاث. و امام المخادع ممشى عشر اذرع عرضا و الى الداخلية طريق ذراع واحد عرضا و ابوابها نحو الشمال. و المخادع العليا اقصر لان الاساطين اكلت من هذه من اسافل البناء و من اواسطه. لانها ثلاث طبقات و لم يكن لها اعمدة كاعمدة الدور لذلك تضيق من الاسافل و من الاواسط من الارض. و الحائط الذي من خارج مع المخادع نحو الدار الخارجية الى قدام المخادع طوله خمسون ذراعا. لان طول المخادع التي للدار الخارجية خمسون ذراعا و هوذا امام الهيكل مئة ذراع. و من تحت هذه المخادع مدخل من الشرق من حيث يدخل اليها من الدار الخارجية. المخادع كانت في عرض جدار الدار نحو الشرق قدام المكان المنفصل و قبالة البناء. و امامها طريق كمثل المخادع التي نحو الشمال كطولها هكذا عرضها و جميع مخارجها و كاشكالها و كابوابها. و كابواب المخادع التي نحو الجنوب باب على راس الطريق الطريق امام الجدار الموافق نحو الشرق من حيث يدخل اليه
حزقيال,42,53,"الأيات 1 - 12 :- اخرجني الى الدار الخارجية من طريق جهة الشمال و ادخلني الى المخدع الذي هو تجاه المكان المنفصل و الذي هو قدام البناء الى الشمال.الى قدام طول مئة ذراع مدخل الشمال و العرض خمسون ذراعا.تجاه العشرين التي للدار الداخلية و تجاه المجزع الذي للدار الخارجية اسطوانة تجاه اسطوانة في الطبقات الثلاث. و امام المخادع ممشى عشر اذرع عرضا و الى الداخلية طريق ذراع واحد عرضا و ابوابها نحو الشمال. و المخادع العليا اقصر لان الاساطين اكلت من هذه من اسافل البناء و من اواسطه. لانها ثلاث طبقات و لم يكن لها اعمدة كاعمدة الدور لذلك تضيق من الاسافل و من الاواسط من الارض. و الحائط الذي من خارج مع المخادع نحو الدار الخارجية الى قدام المخادع طوله خمسون ذراعا. لان طول المخادع التي للدار الخارجية خمسون ذراعا و هوذا امام الهيكل مئة ذراع. و من تحت هذه المخادع مدخل من الشرق من حيث يدخل اليها من الدار الخارجية. المخادع كانت في عرض جدار الدار نحو الشرق قدام المكان المنفصل و قبالة البناء. و امامها طريق كمثل المخادع التي نحو الشمال كطولها هكذا عرضها و جميع مخارجها و كاشكالها و كابوابها. و كابواب المخادع التي نحو الجنوب باب على راس الطريق الطريق امام الجدار الموافق نحو الشرق من حيث يدخل اليه
حزقيال,42,54,"الأيات 1 - 12 :- اخرجني الى الدار الخارجية من طريق جهة الشمال و ادخلني الى المخدع الذي هو تجاه المكان المنفصل و الذي هو قدام البناء الى الشمال.الى قدام طول مئة ذراع مدخل الشمال و العرض خمسون ذراعا.تجاه العشرين التي للدار الداخلية و تجاه المجزع الذي للدار الخارجية اسطوانة تجاه اسطوانة في الطبقات الثلاث. و امام المخادع ممشى عشر اذرع عرضا و الى الداخلية طريق ذراع واحد عرضا و ابوابها نحو الشمال. و المخادع العليا اقصر لان الاساطين اكلت من هذه من اسافل البناء و من اواسطه. لانها ثلاث طبقات و لم يكن لها اعمدة كاعمدة الدور لذلك تضيق من الاسافل و من الاواسط من الارض. و الحائط الذي من خارج مع المخادع نحو الدار الخارجية الى قدام المخادع طوله خمسون ذراعا. لان طول المخادع التي للدار الخارجية خمسون ذراعا و هوذا امام الهيكل مئة ذراع. و من تحت هذه المخادع مدخل من الشرق من حيث يدخل اليها من الدار الخارجية. المخادع كانت في عرض جدار الدار نحو الشرق قدام المكان المنفصل و قبالة البناء. و امامها طريق كمثل المخادع التي نحو الشمال كطولها هكذا عرضها و جميع مخارجها و كاشكالها و كابوابها. و كابواب المخادع التي نحو الجنوب باب على راس الطريق الطريق امام الجدار الموافق نحو الشرق من حيث يدخل اليه
حزقيال,42,55,"الأيات 1 - 12 :- اخرجني الى الدار الخارجية من طريق جهة الشمال و ادخلني الى المخدع الذي هو تجاه المكان المنفصل و الذي هو قدام البناء الى الشمال.الى قدام طول مئة ذراع مدخل الشمال و العرض خمسون ذراعا.تجاه العشرين التي للدار الداخلية و تجاه المجزع الذي للدار الخارجية اسطوانة تجاه اسطوانة في الطبقات الثلاث. و امام المخادع ممشى عشر اذرع عرضا و الى الداخلية طريق ذراع واحد عرضا و ابوابها نحو الشمال. و المخادع العليا اقصر لان الاساطين اكلت من هذه من اسافل البناء و من اواسطه. لانها ثلاث طبقات و لم يكن لها اعمدة كاعمدة الدور لذلك تضيق من الاسافل و من الاواسط من الارض. و الحائط الذي من خارج مع المخادع نحو الدار الخارجية الى قدام المخادع طوله خمسون ذراعا. لان طول المخادع التي للدار الخارجية خمسون ذراعا و هوذا امام الهيكل مئة ذراع. و من تحت هذه المخادع مدخل من الشرق من حيث يدخل اليها من الدار الخارجية. المخادع كانت في عرض جدار الدار نحو الشرق قدام المكان المنفصل و قبالة البناء. و امامها طريق كمثل المخادع التي نحو الشمال كطولها هكذا عرضها و جميع مخارجها و كاشكالها و كابوابها. و كابواب المخادع التي نحو الجنوب باب على راس الطريق الطريق امام الجدار الموافق نحو الشرق من حيث يدخل اليه
حزقيال,42,56,"الأيات 1 - 12 :- اخرجني الى الدار الخارجية من طريق جهة الشمال و ادخلني الى المخدع الذي هو تجاه المكان المنفصل و الذي هو قدام البناء الى الشمال.الى قدام طول مئة ذراع مدخل الشمال و العرض خمسون ذراعا.تجاه العشرين التي للدار الداخلية و تجاه المجزع الذي للدار الخارجية اسطوانة تجاه اسطوانة في الطبقات الثلاث. و امام المخادع ممشى عشر اذرع عرضا و الى الداخلية طريق ذراع واحد عرضا و ابوابها نحو الشمال. و المخادع العليا اقصر لان الاساطين اكلت من هذه من اسافل البناء و من اواسطه. لانها ثلاث طبقات و لم يكن لها اعمدة كاعمدة الدور لذلك تضيق من الاسافل و من الاواسط من الارض. و الحائط الذي من خارج مع المخادع نحو الدار الخارجية الى قدام المخادع طوله خمسون ذراعا. لان طول المخادع التي للدار الخارجية خمسون ذراعا و هوذا امام الهيكل مئة ذراع. و من تحت هذه المخادع مدخل من الشرق من حيث يدخل اليها من الدار الخارجية. المخادع كانت في عرض جدار الدار نحو الشرق قدام المكان المنفصل و قبالة البناء. و امامها طريق كمثل المخادع التي نحو الشمال كطولها هكذا عرضها و جميع مخارجها و كاشكالها و كابوابها. و كابواب المخادع التي نحو الجنوب باب على راس الطريق الطريق امام الجدار الموافق نحو الشرق من حيث يدخل اليه
حزقيال,42,57,"الأيات 1 - 12 :- اخرجني الى الدار الخارجية من طريق جهة الشمال و ادخلني الى المخدع الذي هو تجاه المكان المنفصل و الذي هو قدام البناء الى الشمال.الى قدام طول مئة ذراع مدخل الشمال و العرض خمسون ذراعا.تجاه العشرين التي للدار الداخلية و تجاه المجزع الذي للدار الخارجية اسطوانة تجاه اسطوانة في الطبقات الثلاث. و امام المخادع ممشى عشر اذرع عرضا و الى الداخلية طريق ذراع واحد عرضا و ابوابها نحو الشمال. و المخادع العليا اقصر لان الاساطين اكلت من هذه من اسافل البناء و من اواسطه. لانها ثلاث طبقات و لم يكن لها اعمدة كاعمدة الدور لذلك تضيق من الاسافل و من الاواسط من الارض. و الحائط الذي من خارج مع المخادع نحو الدار الخارجية الى قدام المخادع طوله خمسون ذراعا. لان طول المخادع التي للدار الخارجية خمسون ذراعا و هوذا امام الهيكل مئة ذراع. و من تحت هذه المخادع مدخل من الشرق من حيث يدخل اليها من الدار الخارجية. المخادع كانت في عرض جدار الدار نحو الشرق قدام المكان المنفصل و قبالة البناء. و امامها طريق كمثل المخادع التي نحو الشمال كطولها هكذا عرضها و جميع مخارجها و كاشكالها و كابوابها. و كابواب المخادع التي نحو الجنوب باب على راس الطريق الطريق امام الجدار الموافق نحو الشرق من حيث يدخل اليه
حزقيال,42,58,"الأيات 1 - 12 :- اخرجني الى الدار الخارجية من طريق جهة الشمال و ادخلني الى المخدع الذي هو تجاه المكان المنفصل و الذي هو قدام البناء الى الشمال.الى قدام طول مئة ذراع مدخل الشمال و العرض خمسون ذراعا.تجاه العشرين التي للدار الداخلية و تجاه المجزع الذي للدار الخارجية اسطوانة تجاه اسطوانة في الطبقات الثلاث. و امام المخادع ممشى عشر اذرع عرضا و الى الداخلية طريق ذراع واحد عرضا و ابوابها نحو الشمال. و المخادع العليا اقصر لان الاساطين اكلت من هذه من اسافل البناء و من اواسطه. لانها ثلاث طبقات و لم يكن لها اعمدة كاعمدة الدور لذلك تضيق من الاسافل و من الاواسط من الارض. و الحائط الذي من خارج مع المخادع نحو الدار الخارجية الى قدام المخادع طوله خمسون ذراعا. لان طول المخادع التي للدار الخارجية خمسون ذراعا و هوذا امام الهيكل مئة ذراع. و من تحت هذه المخادع مدخل من الشرق من حيث يدخل اليها من الدار الخارجية. المخادع كانت في عرض جدار الدار نحو الشرق قدام المكان المنفصل و قبالة البناء. و امامها طريق كمثل المخادع التي نحو الشمال كطولها هكذا عرضها و جميع مخارجها و كاشكالها و كابوابها. و كابواب المخادع التي نحو الجنوب باب على راس الطريق الطريق امام الجدار الموافق نحو الشرق من حيث يدخل اليه
حزقيال,42,59,"الأيات 1 - 12 :- اخرجني الى الدار الخارجية من طريق جهة الشمال و ادخلني الى المخدع الذي هو تجاه المكان المنفصل و الذي هو قدام البناء الى الشمال.الى قدام طول مئة ذراع مدخل الشمال و العرض خمسون ذراعا.تجاه العشرين التي للدار الداخلية و تجاه المجزع الذي للدار الخارجية اسطوانة تجاه اسطوانة في الطبقات الثلاث. و امام المخادع ممشى عشر اذرع عرضا و الى الداخلية طريق ذراع واحد عرضا و ابوابها نحو الشمال. و المخادع العليا اقصر لان الاساطين اكلت من هذه من اسافل البناء و من اواسطه. لانها ثلاث طبقات و لم يكن لها اعمدة كاعمدة الدور لذلك تضيق من الاسافل و من الاواسط من الارض. و الحائط الذي من خارج مع المخادع نحو الدار الخارجية الى قدام المخادع طوله خمسون ذراعا. لان طول المخادع التي للدار الخارجية خمسون ذراعا و هوذا امام الهيكل مئة ذراع. و من تحت هذه المخادع مدخل من الشرق من حيث يدخل اليها من الدار الخارجية. المخادع كانت في عرض جدار الدار نحو الشرق قدام المكان المنفصل و قبالة البناء. و امامها طريق كمثل المخادع التي نحو الشمال كطولها هكذا عرضها و جميع مخارجها و كاشكالها و كابوابها. و كابواب المخادع التي نحو الجنوب باب على راس الطريق الطريق امام الجدار الموافق نحو الشرق من حيث يدخل اليه
حزقيال,42,60,"الأيات 1 - 12 :- اخرجني الى الدار الخارجية من طريق جهة الشمال و ادخلني الى المخدع الذي هو تجاه المكان المنفصل و الذي هو قدام البناء الى الشمال.الى قدام طول مئة ذراع مدخل الشمال و العرض خمسون ذراعا.تجاه العشرين التي للدار الداخلية و تجاه المجزع الذي للدار الخارجية اسطوانة تجاه اسطوانة في الطبقات الثلاث. و امام المخادع ممشى عشر اذرع عرضا و الى الداخلية طريق ذراع واحد عرضا و ابوابها نحو الشمال. و المخادع العليا اقصر لان الاساطين اكلت من هذه من اسافل البناء و من اواسطه. لانها ثلاث طبقات و لم يكن لها اعمدة كاعمدة الدور لذلك تضيق من الاسافل و من الاواسط من الارض. و الحائط الذي من خارج مع المخادع نحو الدار الخارجية الى قدام المخادع طوله خمسون ذراعا. لان طول المخادع التي للدار الخارجية خمسون ذراعا و هوذا امام الهيكل مئة ذراع. و من تحت هذه المخادع مدخل من الشرق من حيث يدخل اليها من الدار الخارجية. المخادع كانت في عرض جدار الدار نحو الشرق قدام المكان المنفصل و قبالة البناء. و امامها طريق كمثل المخادع التي نحو الشمال كطولها هكذا عرضها و جميع مخارجها و كاشكالها و كابوابها. و كابواب المخادع التي نحو الجنوب باب على راس الطريق الطريق امام الجدار الموافق نحو الشرق من حيث يدخل اليه
حزقيال,42,61,"الأيات 1 - 12 :- اخرجني الى الدار الخارجية من طريق جهة الشمال و ادخلني الى المخدع الذي هو تجاه المكان المنفصل و الذي هو قدام البناء الى الشمال.الى قدام طول مئة ذراع مدخل الشمال و العرض خمسون ذراعا.تجاه العشرين التي للدار الداخلية و تجاه المجزع الذي للدار الخارجية اسطوانة تجاه اسطوانة في الطبقات الثلاث. و امام المخادع ممشى عشر اذرع عرضا و الى الداخلية طريق ذراع واحد عرضا و ابوابها نحو الشمال. و المخادع العليا اقصر لان الاساطين اكلت من هذه من اسافل البناء و من اواسطه. لانها ثلاث طبقات و لم يكن لها اعمدة كاعمدة الدور لذلك تضيق من الاسافل و من الاواسط من الارض. و الحائط الذي من خارج مع المخادع نحو الدار الخارجية الى قدام المخادع طوله خمسون ذراعا. لان طول المخادع التي للدار الخارجية خمسون ذراعا و هوذا امام الهيكل مئة ذراع. و من تحت هذه المخادع مدخل من الشرق من حيث يدخل اليها من الدار الخارجية. المخادع كانت في عرض جدار الدار نحو الشرق قدام المكان المنفصل و قبالة البناء. و امامها طريق كمثل المخادع التي نحو الشمال كطولها هكذا عرضها و جميع مخارجها و كاشكالها و كابوابها. و كابواب المخادع التي نحو الجنوب باب على راس الطريق الطريق امام الجدار الموافق نحو الشرق من حيث يدخل اليه
حزقيال,42,62,"الأيات 1 - 12 :- اخرجني الى الدار الخارجية من طريق جهة الشمال و ادخلني الى المخدع الذي هو تجاه المكان المنفصل و الذي هو قدام البناء الى الشمال.الى قدام طول مئة ذراع مدخل الشمال و العرض خمسون ذراعا.تجاه العشرين التي للدار الداخلية و تجاه المجزع الذي للدار الخارجية اسطوانة تجاه اسطوانة في الطبقات الثلاث. و امام المخادع ممشى عشر اذرع عرضا و الى الداخلية طريق ذراع واحد عرضا و ابوابها نحو الشمال. و المخادع العليا اقصر لان الاساطين اكلت من هذه من اسافل البناء و من اواسطه. لانها ثلاث طبقات و لم يكن لها اعمدة كاعمدة الدور لذلك تضيق من الاسافل و من الاواسط من الارض. و الحائط الذي من خارج مع المخادع نحو الدار الخارجية الى قدام المخادع طوله خمسون ذراعا. لان طول المخادع التي للدار الخارجية خمسون ذراعا و هوذا امام الهيكل مئة ذراع. و من تحت هذه المخادع مدخل من الشرق من حيث يدخل اليها من الدار الخارجية. المخادع كانت في عرض جدار الدار نحو الشرق قدام المكان المنفصل و قبالة البناء. و امامها طريق كمثل المخادع التي نحو الشمال كطولها هكذا عرضها و جميع مخارجها و كاشكالها و كابوابها. و كابواب المخادع التي نحو الجنوب باب على راس الطريق الطريق امام الجدار الموافق نحو الشرق من حيث يدخل اليه
حزقيال,42,63,"الأيات 1 - 12 :- اخرجني الى الدار الخارجية من طريق جهة الشمال و ادخلني الى المخدع الذي هو تجاه المكان المنفصل و الذي هو قدام البناء الى الشمال.الى قدام طول مئة ذراع مدخل الشمال و العرض خمسون ذراعا.تجاه العشرين التي للدار الداخلية و تجاه المجزع الذي للدار الخارجية اسطوانة تجاه اسطوانة في الطبقات الثلاث. و امام المخادع ممشى عشر اذرع عرضا و الى الداخلية طريق ذراع واحد عرضا و ابوابها نحو الشمال. و المخادع العليا اقصر لان الاساطين اكلت من هذه من اسافل البناء و من اواسطه. لانها ثلاث طبقات و لم يكن لها اعمدة كاعمدة الدور لذلك تضيق من الاسافل و من الاواسط من الارض. و الحائط الذي من خارج مع المخادع نحو الدار الخارجية الى قدام المخادع طوله خمسون ذراعا. لان طول المخادع التي للدار الخارجية خمسون ذراعا و هوذا امام الهيكل مئة ذراع. و من تحت هذه المخادع مدخل من الشرق من حيث يدخل اليها من الدار الخارجية. المخادع كانت في عرض جدار الدار نحو الشرق قدام المكان المنفصل و قبالة البناء. و امامها طريق كمثل المخادع التي نحو الشمال كطولها هكذا عرضها و جميع مخارجها و كاشكالها و كابوابها. و كابواب المخادع التي نحو الجنوب باب على راس الطريق الطريق امام الجدار الموافق نحو الشرق من حيث يدخل اليه
حزقيال,42,64,"الأيات 1 - 12 :- اخرجني الى الدار الخارجية من طريق جهة الشمال و ادخلني الى المخدع الذي هو تجاه المكان المنفصل و الذي هو قدام البناء الى الشمال.الى قدام طول مئة ذراع مدخل الشمال و العرض خمسون ذراعا.تجاه العشرين التي للدار الداخلية و تجاه المجزع الذي للدار الخارجية اسطوانة تجاه اسطوانة في الطبقات الثلاث. و امام المخادع ممشى عشر اذرع عرضا و الى الداخلية طريق ذراع واحد عرضا و ابوابها نحو الشمال. و المخادع العليا اقصر لان الاساطين اكلت من هذه من اسافل البناء و من اواسطه. لانها ثلاث طبقات و لم يكن لها اعمدة كاعمدة الدور لذلك تضيق من الاسافل و من الاواسط من الارض. و الحائط الذي من خارج مع المخادع نحو الدار الخارجية الى قدام المخادع طوله خمسون ذراعا. لان طول المخادع التي للدار الخارجية خمسون ذراعا و هوذا امام الهيكل مئة ذراع. و من تحت هذه المخادع مدخل من الشرق من حيث يدخل اليها من الدار الخارجية. المخادع كانت في عرض جدار الدار نحو الشرق قدام المكان المنفصل و قبالة البناء. و امامها طريق كمثل المخادع التي نحو الشمال كطولها هكذا عرضها و جميع مخارجها و كاشكالها و كابوابها. و كابواب المخادع التي نحو الجنوب باب على راس الطريق الطريق امام الجدار الموافق نحو الشرق من حيث يدخل اليه
حزقيال,42,65,"الأيات 1 - 12 :- اخرجني الى الدار الخارجية من طريق جهة الشمال و ادخلني الى المخدع الذي هو تجاه المكان المنفصل و الذي هو قدام البناء الى الشمال.الى قدام طول مئة ذراع مدخل الشمال و العرض خمسون ذراعا.تجاه العشرين التي للدار الداخلية و تجاه المجزع الذي للدار الخارجية اسطوانة تجاه اسطوانة في الطبقات الثلاث. و امام المخادع ممشى عشر اذرع عرضا و الى الداخلية طريق ذراع واحد عرضا و ابوابها نحو الشمال. و المخادع العليا اقصر لان الاساطين اكلت من هذه من اسافل البناء و من اواسطه. لانها ثلاث طبقات و لم يكن لها اعمدة كاعمدة الدور لذلك تضيق من الاسافل و من الاواسط من الارض. و الحائط الذي من خارج مع المخادع نحو الدار الخارجية الى قدام المخادع طوله خمسون ذراعا. لان طول المخادع التي للدار الخارجية خمسون ذراعا و هوذا امام الهيكل مئة ذراع. و من تحت هذه المخادع مدخل من الشرق من حيث يدخل اليها من الدار الخارجية. المخادع كانت في عرض جدار الدار نحو الشرق قدام المكان المنفصل و قبالة البناء. و امامها طريق كمثل المخادع التي نحو الشمال كطولها هكذا عرضها و جميع مخارجها و كاشكالها و كابوابها. و كابواب المخادع التي نحو الجنوب باب على راس الطريق الطريق امام الجدار الموافق نحو الشرق من حيث يدخل اليه
حزقيال,42,66,"الأيات 1 - 12 :- اخرجني الى الدار الخارجية من طريق جهة الشمال و ادخلني الى المخدع الذي هو تجاه المكان المنفصل و الذي هو قدام البناء الى الشمال.الى قدام طول مئة ذراع مدخل الشمال و العرض خمسون ذراعا.تجاه العشرين التي للدار الداخلية و تجاه المجزع الذي للدار الخارجية اسطوانة تجاه اسطوانة في الطبقات الثلاث. و امام المخادع ممشى عشر اذرع عرضا و الى الداخلية طريق ذراع واحد عرضا و ابوابها نحو الشمال. و المخادع العليا اقصر لان الاساطين اكلت من هذه من اسافل البناء و من اواسطه. لانها ثلاث طبقات و لم يكن لها اعمدة كاعمدة الدور لذلك تضيق من الاسافل و من الاواسط من الارض. و الحائط الذي من خارج مع المخادع نحو الدار الخارجية الى قدام المخادع طوله خمسون ذراعا. لان طول المخادع التي للدار الخارجية خمسون ذراعا و هوذا امام الهيكل مئة ذراع. و من تحت هذه المخادع مدخل من الشرق من حيث يدخل اليها من الدار الخارجية. المخادع كانت في عرض جدار الدار نحو الشرق قدام المكان المنفصل و قبالة البناء. و امامها طريق كمثل المخادع التي نحو الشمال كطولها هكذا عرضها و جميع مخارجها و كاشكالها و كابوابها. و كابواب المخادع التي نحو الجنوب باب على راس الطريق الطريق امام الجدار الموافق نحو الشرق من حيث يدخل اليه
حزقيال,42,67,"الأيات 1 - 12 :- اخرجني الى الدار الخارجية من طريق جهة الشمال و ادخلني الى المخدع الذي هو تجاه المكان المنفصل و الذي هو قدام البناء الى الشمال.الى قدام طول مئة ذراع مدخل الشمال و العرض خمسون ذراعا.تجاه العشرين التي للدار الداخلية و تجاه المجزع الذي للدار الخارجية اسطوانة تجاه اسطوانة في الطبقات الثلاث. و امام المخادع ممشى عشر اذرع عرضا و الى الداخلية طريق ذراع واحد عرضا و ابوابها نحو الشمال. و المخادع العليا اقصر لان الاساطين اكلت من هذه من اسافل البناء و من اواسطه. لانها ثلاث طبقات و لم يكن لها اعمدة كاعمدة الدور لذلك تضيق من الاسافل و من الاواسط من الارض. و الحائط الذي من خارج مع المخادع نحو الدار الخارجية الى قدام المخادع طوله خمسون ذراعا. لان طول المخادع التي للدار الخارجية خمسون ذراعا و هوذا امام الهيكل مئة ذراع. و من تحت هذه المخادع مدخل من الشرق من حيث يدخل اليها من الدار الخارجية. المخادع كانت في عرض جدار الدار نحو الشرق قدام المكان المنفصل و قبالة البناء. و امامها طريق كمثل المخادع التي نحو الشمال كطولها هكذا عرضها و جميع مخارجها و كاشكالها و كابوابها. و كابواب المخادع التي نحو الجنوب باب على راس الطريق الطريق امام الجدار الموافق نحو الشرق من حيث يدخل اليه
حزقيال,42,68,"الأيات 1 - 12 :- اخرجني الى الدار الخارجية من طريق جهة الشمال و ادخلني الى المخدع الذي هو تجاه المكان المنفصل و الذي هو قدام البناء الى الشمال.الى قدام طول مئة ذراع مدخل الشمال و العرض خمسون ذراعا.تجاه العشرين التي للدار الداخلية و تجاه المجزع الذي للدار الخارجية اسطوانة تجاه اسطوانة في الطبقات الثلاث. و امام المخادع ممشى عشر اذرع عرضا و الى الداخلية طريق ذراع واحد عرضا و ابوابها نحو الشمال. و المخادع العليا اقصر لان الاساطين اكلت من هذه من اسافل البناء و من اواسطه. لانها ثلاث طبقات و لم يكن لها اعمدة كاعمدة الدور لذلك تضيق من الاسافل و من الاواسط من الارض. و الحائط الذي من خارج مع المخادع نحو الدار الخارجية الى قدام المخادع طوله خمسون ذراعا. لان طول المخادع التي للدار الخارجية خمسون ذراعا و هوذا امام الهيكل مئة ذراع. و من تحت هذه المخادع مدخل من الشرق من حيث يدخل اليها من الدار الخارجية. المخادع كانت في عرض جدار الدار نحو الشرق قدام المكان المنفصل و قبالة البناء. و امامها طريق كمثل المخادع التي نحو الشمال كطولها هكذا عرضها و جميع مخارجها و كاشكالها و كابوابها. و كابواب المخادع التي نحو الجنوب باب على راس الطريق الطريق امام الجدار الموافق نحو الشرق من حيث يدخل اليه
حزقيال,42,69,"الأيات 1 - 12 :- اخرجني الى الدار الخارجية من طريق جهة الشمال و ادخلني الى المخدع الذي هو تجاه المكان المنفصل و الذي هو قدام البناء الى الشمال.الى قدام طول مئة ذراع مدخل الشمال و العرض خمسون ذراعا.تجاه العشرين التي للدار الداخلية و تجاه المجزع الذي للدار الخارجية اسطوانة تجاه اسطوانة في الطبقات الثلاث. و امام المخادع ممشى عشر اذرع عرضا و الى الداخلية طريق ذراع واحد عرضا و ابوابها نحو الشمال. و المخادع العليا اقصر لان الاساطين اكلت من هذه من اسافل البناء و من اواسطه. لانها ثلاث طبقات و لم يكن لها اعمدة كاعمدة الدور لذلك تضيق من الاسافل و من الاواسط من الارض. و الحائط الذي من خارج مع المخادع نحو الدار الخارجية الى قدام المخادع طوله خمسون ذراعا. لان طول المخادع التي للدار الخارجية خمسون ذراعا و هوذا امام الهيكل مئة ذراع. و من تحت هذه المخادع مدخل من الشرق من حيث يدخل اليها من الدار الخارجية. المخادع كانت في عرض جدار الدار نحو الشرق قدام المكان المنفصل و قبالة البناء. و امامها طريق كمثل المخادع التي نحو الشمال كطولها هكذا عرضها و جميع مخارجها و كاشكالها و كابوابها. و كابواب المخادع التي نحو الجنوب باب على راس الطريق الطريق امام الجدار الموافق نحو الشرق من حيث يدخل اليه
حزقيال,42,70,"الأيات 1 - 12 :- اخرجني الى الدار الخارجية من طريق جهة الشمال و ادخلني الى المخدع الذي هو تجاه المكان المنفصل و الذي هو قدام البناء الى الشمال.الى قدام طول مئة ذراع مدخل الشمال و العرض خمسون ذراعا.تجاه العشرين التي للدار الداخلية و تجاه المجزع الذي للدار الخارجية اسطوانة تجاه اسطوانة في الطبقات الثلاث. و امام المخادع ممشى عشر اذرع عرضا و الى الداخلية طريق ذراع واحد عرضا و ابوابها نحو الشمال. و المخادع العليا اقصر لان الاساطين اكلت من هذه من اسافل البناء و من اواسطه. لانها ثلاث طبقات و لم يكن لها اعمدة كاعمدة الدور لذلك تضيق من الاسافل و من الاواسط من الارض. و الحائط الذي من خارج مع المخادع نحو الدار الخارجية الى قدام المخادع طوله خمسون ذراعا. لان طول المخادع التي للدار الخارجية خمسون ذراعا و هوذا امام الهيكل مئة ذراع. و من تحت هذه المخادع مدخل من الشرق من حيث يدخل اليها من الدار الخارجية. المخادع كانت في عرض جدار الدار نحو الشرق قدام المكان المنفصل و قبالة البناء. و امامها طريق كمثل المخادع التي نحو الشمال كطولها هكذا عرضها و جميع مخارجها و كاشكالها و كابوابها. و كابواب المخادع التي نحو الجنوب باب على راس الطريق الطريق امام الجدار الموافق نحو الشرق من حيث يدخل اليه
حزقيال,42,71,"الأيات 1 - 12 :- اخرجني الى الدار الخارجية من طريق جهة الشمال و ادخلني الى المخدع الذي هو تجاه المكان المنفصل و الذي هو قدام البناء الى الشمال.الى قدام طول مئة ذراع مدخل الشمال و العرض خمسون ذراعا.تجاه العشرين التي للدار الداخلية و تجاه المجزع الذي للدار الخارجية اسطوانة تجاه اسطوانة في الطبقات الثلاث. و امام المخادع ممشى عشر اذرع عرضا و الى الداخلية طريق ذراع واحد عرضا و ابوابها نحو الشمال. و المخادع العليا اقصر لان الاساطين اكلت من هذه من اسافل البناء و من اواسطه. لانها ثلاث طبقات و لم يكن لها اعمدة كاعمدة الدور لذلك تضيق من الاسافل و من الاواسط من الارض. و الحائط الذي من خارج مع المخادع نحو الدار الخارجية الى قدام المخادع طوله خمسون ذراعا. لان طول المخادع التي للدار الخارجية خمسون ذراعا و هوذا امام الهيكل مئة ذراع. و من تحت هذه المخادع مدخل من الشرق من حيث يدخل اليها من الدار الخارجية. المخادع كانت في عرض جدار الدار نحو الشرق قدام المكان المنفصل و قبالة البناء. و امامها طريق كمثل المخادع التي نحو الشمال كطولها هكذا عرضها و جميع مخارجها و كاشكالها و كابوابها. و كابواب المخادع التي نحو الجنوب باب على راس الطريق الطريق امام الجدار الموافق نحو الشرق من حيث يدخل اليه
حزقيال,42,72,"الأيات 1 - 12 :- اخرجني الى الدار الخارجية من طريق جهة الشمال و ادخلني الى المخدع الذي هو تجاه المكان المنفصل و الذي هو قدام البناء الى الشمال.الى قدام طول مئة ذراع مدخل الشمال و العرض خمسون ذراعا.تجاه العشرين التي للدار الداخلية و تجاه المجزع الذي للدار الخارجية اسطوانة تجاه اسطوانة في الطبقات الثلاث. و امام المخادع ممشى عشر اذرع عرضا و الى الداخلية طريق ذراع واحد عرضا و ابوابها نحو الشمال. و المخادع العليا اقصر لان الاساطين اكلت من هذه من اسافل البناء و من اواسطه. لانها ثلاث طبقات و لم يكن لها اعمدة كاعمدة الدور لذلك تضيق من الاسافل و من الاواسط من الارض. و الحائط الذي من خارج مع المخادع نحو الدار الخارجية الى قدام المخادع طوله خمسون ذراعا. لان طول المخادع التي للدار الخارجية خمسون ذراعا و هوذا امام الهيكل مئة ذراع. و من تحت هذه المخادع مدخل من الشرق من حيث يدخل اليها من الدار الخارجية. المخادع كانت في عرض جدار الدار نحو الشرق قدام المكان المنفصل و قبالة البناء. و امامها طريق كمثل المخادع التي نحو الشمال كطولها هكذا عرضها و جميع مخارجها و كاشكالها و كابوابها. و كابواب المخادع التي نحو الجنوب باب على راس الطريق الطريق امام الجدار الموافق نحو الشرق من حيث يدخل اليه
حزقيال,42,73,"الأيات 1 - 12 :- اخرجني الى الدار الخارجية من طريق جهة الشمال و ادخلني الى المخدع الذي هو تجاه المكان المنفصل و الذي هو قدام البناء الى الشمال.الى قدام طول مئة ذراع مدخل الشمال و العرض خمسون ذراعا.تجاه العشرين التي للدار الداخلية و تجاه المجزع الذي للدار الخارجية اسطوانة تجاه اسطوانة في الطبقات الثلاث. و امام المخادع ممشى عشر اذرع عرضا و الى الداخلية طريق ذراع واحد عرضا و ابوابها نحو الشمال. و المخادع العليا اقصر لان الاساطين اكلت من هذه من اسافل البناء و من اواسطه. لانها ثلاث طبقات و لم يكن لها اعمدة كاعمدة الدور لذلك تضيق من الاسافل و من الاواسط من الارض. و الحائط الذي من خارج مع المخادع نحو الدار الخارجية الى قدام المخادع طوله خمسون ذراعا. لان طول المخادع التي للدار الخارجية خمسون ذراعا و هوذا امام الهيكل مئة ذراع. و من تحت هذه المخادع مدخل من الشرق من حيث يدخل اليها من الدار الخارجية. المخادع كانت في عرض جدار الدار نحو الشرق قدام المكان المنفصل و قبالة البناء. و امامها طريق كمثل المخادع التي نحو الشمال كطولها هكذا عرضها و جميع مخارجها و كاشكالها و كابوابها. و كابواب المخادع التي نحو الجنوب باب على راس الطريق الطريق امام الجدار الموافق نحو الشرق من حيث يدخل اليه
حزقيال,42,74,"الأيات 1 - 12 :- اخرجني الى الدار الخارجية من طريق جهة الشمال و ادخلني الى المخدع الذي هو تجاه المكان المنفصل و الذي هو قدام البناء الى الشمال.الى قدام طول مئة ذراع مدخل الشمال و العرض خمسون ذراعا.تجاه العشرين التي للدار الداخلية و تجاه المجزع الذي للدار الخارجية اسطوانة تجاه اسطوانة في الطبقات الثلاث. و امام المخادع ممشى عشر اذرع عرضا و الى الداخلية طريق ذراع واحد عرضا و ابوابها نحو الشمال. و المخادع العليا اقصر لان الاساطين اكلت من هذه من اسافل البناء و من اواسطه. لانها ثلاث طبقات و لم يكن لها اعمدة كاعمدة الدور لذلك تضيق من الاسافل و من الاواسط من الارض. و الحائط الذي من خارج مع المخادع نحو الدار الخارجية الى قدام المخادع طوله خمسون ذراعا. لان طول المخادع التي للدار الخارجية خمسون ذراعا و هوذا امام الهيكل مئة ذراع. و من تحت هذه المخادع مدخل من الشرق من حيث يدخل اليها من الدار الخارجية. المخادع كانت في عرض جدار الدار نحو الشرق قدام المكان المنفصل و قبالة البناء. و امامها طريق كمثل المخادع التي نحو الشمال كطولها هكذا عرضها و جميع مخارجها و كاشكالها و كابوابها. و كابواب المخادع التي نحو الجنوب باب على راس الطريق الطريق امام الجدار الموافق نحو الشرق من حيث يدخل اليه
حزقيال,42,75,"الأيات 1 - 12 :- اخرجني الى الدار الخارجية من طريق جهة الشمال و ادخلني الى المخدع الذي هو تجاه المكان المنفصل و الذي هو قدام البناء الى الشمال.الى قدام طول مئة ذراع مدخل الشمال و العرض خمسون ذراعا.تجاه العشرين التي للدار الداخلية و تجاه المجزع الذي للدار الخارجية اسطوانة تجاه اسطوانة في الطبقات الثلاث. و امام المخادع ممشى عشر اذرع عرضا و الى الداخلية طريق ذراع واحد عرضا و ابوابها نحو الشمال. و المخادع العليا اقصر لان الاساطين اكلت من هذه من اسافل البناء و من اواسطه. لانها ثلاث طبقات و لم يكن لها اعمدة كاعمدة الدور لذلك تضيق من الاسافل و من الاواسط من الارض. و الحائط الذي من خارج مع المخادع نحو الدار الخارجية الى قدام المخادع طوله خمسون ذراعا. لان طول المخادع التي للدار الخارجية خمسون ذراعا و هوذا امام الهيكل مئة ذراع. و من تحت هذه المخادع مدخل من الشرق من حيث يدخل اليها من الدار الخارجية. المخادع كانت في عرض جدار الدار نحو الشرق قدام المكان المنفصل و قبالة البناء. و امامها طريق كمثل المخادع التي نحو الشمال كطولها هكذا عرضها و جميع مخارجها و كاشكالها و كابوابها. و كابواب المخادع التي نحو الجنوب باب على راس الطريق الطريق امام الجدار الموافق نحو الشرق من حيث يدخل اليه
حزقيال,42,76,"الأيات 1 - 12 :- اخرجني الى الدار الخارجية من طريق جهة الشمال و ادخلني الى المخدع الذي هو تجاه المكان المنفصل و الذي هو قدام البناء الى الشمال.الى قدام طول مئة ذراع مدخل الشمال و العرض خمسون ذراعا.تجاه العشرين التي للدار الداخلية و تجاه المجزع الذي للدار الخارجية اسطوانة تجاه اسطوانة في الطبقات الثلاث. و امام المخادع ممشى عشر اذرع عرضا و الى الداخلية طريق ذراع واحد عرضا و ابوابها نحو الشمال. و المخادع العليا اقصر لان الاساطين اكلت من هذه من اسافل البناء و من اواسطه. لانها ثلاث طبقات و لم يكن لها اعمدة كاعمدة الدور لذلك تضيق من الاسافل و من الاواسط من الارض. و الحائط الذي من خارج مع المخادع نحو الدار الخارجية الى قدام المخادع طوله خمسون ذراعا. لان طول المخادع التي للدار الخارجية خمسون ذراعا و هوذا امام الهيكل مئة ذراع. و من تحت هذه المخادع مدخل من الشرق من حيث يدخل اليها من الدار الخارجية. المخادع كانت في عرض جدار الدار نحو الشرق قدام المكان المنفصل و قبالة البناء. و امامها طريق كمثل المخادع التي نحو الشمال كطولها هكذا عرضها و جميع مخارجها و كاشكالها و كابوابها. و كابواب المخادع التي نحو الجنوب باب على راس الطريق الطريق امام الجدار الموافق نحو الشرق من حيث يدخل اليه
حزقيال,42,77,"الأيات 1 - 12 :- اخرجني الى الدار الخارجية من طريق جهة الشمال و ادخلني الى المخدع الذي هو تجاه المكان المنفصل و الذي هو قدام البناء الى الشمال.الى قدام طول مئة ذراع مدخل الشمال و العرض خمسون ذراعا.تجاه العشرين التي للدار الداخلية و تجاه المجزع الذي للدار الخارجية اسطوانة تجاه اسطوانة في الطبقات الثلاث. و امام المخادع ممشى عشر اذرع عرضا و الى الداخلية طريق ذراع واحد عرضا و ابوابها نحو الشمال. و المخادع العليا اقصر لان الاساطين اكلت من هذه من اسافل البناء و من اواسطه. لانها ثلاث طبقات و لم يكن لها اعمدة كاعمدة الدور لذلك تضيق من الاسافل و من الاواسط من الارض. و الحائط الذي من خارج مع المخادع نحو الدار الخارجية الى قدام المخادع طوله خمسون ذراعا. لان طول المخادع التي للدار الخارجية خمسون ذراعا و هوذا امام الهيكل مئة ذراع. و من تحت هذه المخادع مدخل من الشرق من حيث يدخل اليها من الدار الخارجية. المخادع كانت في عرض جدار الدار نحو الشرق قدام المكان المنفصل و قبالة البناء. و امامها طريق كمثل المخادع التي نحو الشمال كطولها هكذا عرضها و جميع مخارجها و كاشكالها و كابوابها. و كابواب المخادع التي نحو الجنوب باب على راس الطريق الطريق امام الجدار الموافق نحو الشرق من حيث يدخل اليه
حزقيال,42,78,"الأيات 1 - 12 :- اخرجني الى الدار الخارجية من طريق جهة الشمال و ادخلني الى المخدع الذي هو تجاه المكان المنفصل و الذي هو قدام البناء الى الشمال.الى قدام طول مئة ذراع مدخل الشمال و العرض خمسون ذراعا.تجاه العشرين التي للدار الداخلية و تجاه المجزع الذي للدار الخارجية اسطوانة تجاه اسطوانة في الطبقات الثلاث. و امام المخادع ممشى عشر اذرع عرضا و الى الداخلية طريق ذراع واحد عرضا و ابوابها نحو الشمال. و المخادع العليا اقصر لان الاساطين اكلت من هذه من اسافل البناء و من اواسطه. لانها ثلاث طبقات و لم يكن لها اعمدة كاعمدة الدور لذلك تضيق من الاسافل و من الاواسط من الارض. و الحائط الذي من خارج مع المخادع نحو الدار الخارجية الى قدام المخادع طوله خمسون ذراعا. لان طول المخادع التي للدار الخارجية خمسون ذراعا و هوذا امام الهيكل مئة ذراع. و من تحت هذه المخادع مدخل من الشرق من حيث يدخل اليها من الدار الخارجية. المخادع كانت في عرض جدار الدار نحو الشرق قدام المكان المنفصل و قبالة البناء. و امامها طريق كمثل المخادع التي نحو الشمال كطولها هكذا عرضها و جميع مخارجها و كاشكالها و كابوابها. و كابواب المخادع التي نحو الجنوب باب على راس الطريق الطريق امام الجدار الموافق نحو الشرق من حيث يدخل اليه
حزقيال,42,79,"الأيات 1 - 12 :- اخرجني الى الدار الخارجية من طريق جهة الشمال و ادخلني الى المخدع الذي هو تجاه المكان المنفصل و الذي هو قدام البناء الى الشمال.الى قدام طول مئة ذراع مدخل الشمال و العرض خمسون ذراعا.تجاه العشرين التي للدار الداخلية و تجاه المجزع الذي للدار الخارجية اسطوانة تجاه اسطوانة في الطبقات الثلاث. و امام المخادع ممشى عشر اذرع عرضا و الى الداخلية طريق ذراع واحد عرضا و ابوابها نحو الشمال. و المخادع العليا اقصر لان الاساطين اكلت من هذه من اسافل البناء و من اواسطه. لانها ثلاث طبقات و لم يكن لها اعمدة كاعمدة الدور لذلك تضيق من الاسافل و من الاواسط من الارض. و الحائط الذي من خارج مع المخادع نحو الدار الخارجية الى قدام المخادع طوله خمسون ذراعا. لان طول المخادع التي للدار الخارجية خمسون ذراعا و هوذا امام الهيكل مئة ذراع. و من تحت هذه المخادع مدخل من الشرق من حيث يدخل اليها من الدار الخارجية. المخادع كانت في عرض جدار الدار نحو الشرق قدام المكان المنفصل و قبالة البناء. و امامها طريق كمثل المخادع التي نحو الشمال كطولها هكذا عرضها و جميع مخارجها و كاشكالها و كابوابها. و كابواب المخادع التي نحو الجنوب باب على راس الطريق الطريق امام الجدار الموافق نحو الشرق من حيث يدخل اليه
حزقيال,42,80,"الأيات 1 - 12 :- اخرجني الى الدار الخارجية من طريق جهة الشمال و ادخلني الى المخدع الذي هو تجاه المكان المنفصل و الذي هو قدام البناء الى الشمال.الى قدام طول مئة ذراع مدخل الشمال و العرض خمسون ذراعا.تجاه العشرين التي للدار الداخلية و تجاه المجزع الذي للدار الخارجية اسطوانة تجاه اسطوانة في الطبقات الثلاث. و امام المخادع ممشى عشر اذرع عرضا و الى الداخلية طريق ذراع واحد عرضا و ابوابها نحو الشمال. و المخادع العليا اقصر لان الاساطين اكلت من هذه من اسافل البناء و من اواسطه. لانها ثلاث طبقات و لم يكن لها اعمدة كاعمدة الدور لذلك تضيق من الاسافل و من الاواسط من الارض. و الحائط الذي من خارج مع المخادع نحو الدار الخارجية الى قدام المخادع طوله خمسون ذراعا. لان طول المخادع التي للدار الخارجية خمسون ذراعا و هوذا امام الهيكل مئة ذراع. و من تحت هذه المخادع مدخل من الشرق من حيث يدخل اليها من الدار الخارجية. المخادع كانت في عرض جدار الدار نحو الشرق قدام المكان المنفصل و قبالة البناء. و امامها طريق كمثل المخادع التي نحو الشمال كطولها هكذا عرضها و جميع مخارجها و كاشكالها و كابوابها. و كابواب المخادع التي نحو الجنوب باب على راس الطريق الطريق امام الجدار الموافق نحو الشرق من حيث يدخل اليه
حزقيال,42,81,"الأيات 1 - 12 :- اخرجني الى الدار الخارجية من طريق جهة الشمال و ادخلني الى المخدع الذي هو تجاه المكان المنفصل و الذي هو قدام البناء الى الشمال.الى قدام طول مئة ذراع مدخل الشمال و العرض خمسون ذراعا.تجاه العشرين التي للدار الداخلية و تجاه المجزع الذي للدار الخارجية اسطوانة تجاه اسطوانة في الطبقات الثلاث. و امام المخادع ممشى عشر اذرع عرضا و الى الداخلية طريق ذراع واحد عرضا و ابوابها نحو الشمال. و المخادع العليا اقصر لان الاساطين اكلت من هذه من اسافل البناء و من اواسطه. لانها ثلاث طبقات و لم يكن لها اعمدة كاعمدة الدور لذلك تضيق من الاسافل و من الاواسط من الارض. و الحائط الذي من خارج مع المخادع نحو الدار الخارجية الى قدام المخادع طوله خمسون ذراعا. لان طول المخادع التي للدار الخارجية خمسون ذراعا و هوذا امام الهيكل مئة ذراع. و من تحت هذه المخادع مدخل من الشرق من حيث يدخل اليها من الدار الخارجية. المخادع كانت في عرض جدار الدار نحو الشرق قدام المكان المنفصل و قبالة البناء. و امامها طريق كمثل المخادع التي نحو الشمال كطولها هكذا عرضها و جميع مخارجها و كاشكالها و كابوابها. و كابواب المخادع التي نحو الجنوب باب على راس الطريق الطريق امام الجدار الموافق نحو الشرق من حيث يدخل اليه
حزقيال,42,82,"الأيات 1 - 12 :- اخرجني الى الدار الخارجية من طريق جهة الشمال و ادخلني الى المخدع الذي هو تجاه المكان المنفصل و الذي هو قدام البناء الى الشمال.الى قدام طول مئة ذراع مدخل الشمال و العرض خمسون ذراعا.تجاه العشرين التي للدار الداخلية و تجاه المجزع الذي للدار الخارجية اسطوانة تجاه اسطوانة في الطبقات الثلاث. و امام المخادع ممشى عشر اذرع عرضا و الى الداخلية طريق ذراع واحد عرضا و ابوابها نحو الشمال. و المخادع العليا اقصر لان الاساطين اكلت من هذه من اسافل البناء و من اواسطه. لانها ثلاث طبقات و لم يكن لها اعمدة كاعمدة الدور لذلك تضيق من الاسافل و من الاواسط من الارض. و الحائط الذي من خارج مع المخادع نحو الدار الخارجية الى قدام المخادع طوله خمسون ذراعا. لان طول المخادع التي للدار الخارجية خمسون ذراعا و هوذا امام الهيكل مئة ذراع. و من تحت هذه المخادع مدخل من الشرق من حيث يدخل اليها من الدار الخارجية. المخادع كانت في عرض جدار الدار نحو الشرق قدام المكان المنفصل و قبالة البناء. و امامها طريق كمثل المخادع التي نحو الشمال كطولها هكذا عرضها و جميع مخارجها و كاشكالها و كابوابها. و كابواب المخادع التي نحو الجنوب باب على راس الطريق الطريق امام الجدار الموافق نحو الشرق من حيث يدخل اليه
حزقيال,42,83,"الأيات 1 - 12 :- اخرجني الى الدار الخارجية من طريق جهة الشمال و ادخلني الى المخدع الذي هو تجاه المكان المنفصل و الذي هو قدام البناء الى الشمال.الى قدام طول مئة ذراع مدخل الشمال و العرض خمسون ذراعا.تجاه العشرين التي للدار الداخلية و تجاه المجزع الذي للدار الخارجية اسطوانة تجاه اسطوانة في الطبقات الثلاث. و امام المخادع ممشى عشر اذرع عرضا و الى الداخلية طريق ذراع واحد عرضا و ابوابها نحو الشمال. و المخادع العليا اقصر لان الاساطين اكلت من هذه من اسافل البناء و من اواسطه. لانها ثلاث طبقات و لم يكن لها اعمدة كاعمدة الدور لذلك تضيق من الاسافل و من الاواسط من الارض. و الحائط الذي من خارج مع المخادع نحو الدار الخارجية الى قدام المخادع طوله خمسون ذراعا. لان طول المخادع التي للدار الخارجية خمسون ذراعا و هوذا امام الهيكل مئة ذراع. و من تحت هذه المخادع مدخل من الشرق من حيث يدخل اليها من الدار الخارجية. المخادع كانت في عرض جدار الدار نحو الشرق قدام المكان المنفصل و قبالة البناء. و امامها طريق كمثل المخادع التي نحو الشمال كطولها هكذا عرضها و جميع مخارجها و كاشكالها و كابوابها. و كابواب المخادع التي نحو الجنوب باب على راس الطريق الطريق امام الجدار الموافق نحو الشرق من حيث يدخل اليه
حزقيال,42,84,"الأيات 1 - 12 :- اخرجني الى الدار الخارجية من طريق جهة الشمال و ادخلني الى المخدع الذي هو تجاه المكان المنفصل و الذي هو قدام البناء الى الشمال.الى قدام طول مئة ذراع مدخل الشمال و العرض خمسون ذراعا.تجاه العشرين التي للدار الداخلية و تجاه المجزع الذي للدار الخارجية اسطوانة تجاه اسطوانة في الطبقات الثلاث. و امام المخادع ممشى عشر اذرع عرضا و الى الداخلية طريق ذراع واحد عرضا و ابوابها نحو الشمال. و المخادع العليا اقصر لان الاساطين اكلت من هذه من اسافل البناء و من اواسطه. لانها ثلاث طبقات و لم يكن لها اعمدة كاعمدة الدور لذلك تضيق من الاسافل و من الاواسط من الارض. و الحائط الذي من خارج مع المخادع نحو الدار الخارجية الى قدام المخادع طوله خمسون ذراعا. لان طول المخادع التي للدار الخارجية خمسون ذراعا و هوذا امام الهيكل مئة ذراع. و من تحت هذه المخادع مدخل من الشرق من حيث يدخل اليها من الدار الخارجية. المخادع كانت في عرض جدار الدار نحو الشرق قدام المكان المنفصل و قبالة البناء. و امامها طريق كمثل المخادع التي نحو الشمال كطولها هكذا عرضها و جميع مخارجها و كاشكالها و كابوابها. و كابواب المخادع التي نحو الجنوب باب على راس الطريق الطريق امام الجدار الموافق نحو الشرق من حيث يدخل اليه
حزقيال,42,85,"الأيات 1 - 12 :- اخرجني الى الدار الخارجية من طريق جهة الشمال و ادخلني الى المخدع الذي هو تجاه المكان المنفصل و الذي هو قدام البناء الى الشمال.الى قدام طول مئة ذراع مدخل الشمال و العرض خمسون ذراعا.تجاه العشرين التي للدار الداخلية و تجاه المجزع الذي للدار الخارجية اسطوانة تجاه اسطوانة في الطبقات الثلاث. و امام المخادع ممشى عشر اذرع عرضا و الى الداخلية طريق ذراع واحد عرضا و ابوابها نحو الشمال. و المخادع العليا اقصر لان الاساطين اكلت من هذه من اسافل البناء و من اواسطه. لانها ثلاث طبقات و لم يكن لها اعمدة كاعمدة الدور لذلك تضيق من الاسافل و من الاواسط من الارض. و الحائط الذي من خارج مع المخادع نحو الدار الخارجية الى قدام المخادع طوله خمسون ذراعا. لان طول المخادع التي للدار الخارجية خمسون ذراعا و هوذا امام الهيكل مئة ذراع. و من تحت هذه المخادع مدخل من الشرق من حيث يدخل اليها من الدار الخارجية. المخادع كانت في عرض جدار الدار نحو الشرق قدام المكان المنفصل و قبالة البناء. و امامها طريق كمثل المخادع التي نحو الشمال كطولها هكذا عرضها و جميع مخارجها و كاشكالها و كابوابها. و كابواب المخادع التي نحو الجنوب باب على راس الطريق الطريق امام الجدار الموافق نحو الشرق من حيث يدخل اليه
حزقيال,42,86,"الأيات 1 - 12 :- اخرجني الى الدار الخارجية من طريق جهة الشمال و ادخلني الى المخدع الذي هو تجاه المكان المنفصل و الذي هو قدام البناء الى الشمال.الى قدام طول مئة ذراع مدخل الشمال و العرض خمسون ذراعا.تجاه العشرين التي للدار الداخلية و تجاه المجزع الذي للدار الخارجية اسطوانة تجاه اسطوانة في الطبقات الثلاث. و امام المخادع ممشى عشر اذرع عرضا و الى الداخلية طريق ذراع واحد عرضا و ابوابها نحو الشمال. و المخادع العليا اقصر لان الاساطين اكلت من هذه من اسافل البناء و من اواسطه. لانها ثلاث طبقات و لم يكن لها اعمدة كاعمدة الدور لذلك تضيق من الاسافل و من الاواسط من الارض. و الحائط الذي من خارج مع المخادع نحو الدار الخارجية الى قدام المخادع طوله خمسون ذراعا. لان طول المخادع التي للدار الخارجية خمسون ذراعا و هوذا امام الهيكل مئة ذراع. و من تحت هذه المخادع مدخل من الشرق من حيث يدخل اليها من الدار الخارجية. المخادع كانت في عرض جدار الدار نحو الشرق قدام المكان المنفصل و قبالة البناء. و امامها طريق كمثل المخادع التي نحو الشمال كطولها هكذا عرضها و جميع مخارجها و كاشكالها و كابوابها. و كابواب المخادع التي نحو الجنوب باب على راس الطريق الطريق امام الجدار الموافق نحو الشرق من حيث يدخل اليه
حزقيال,42,87,"الأيات 1 - 12 :- اخرجني الى الدار الخارجية من طريق جهة الشمال و ادخلني الى المخدع الذي هو تجاه المكان المنفصل و الذي هو قدام البناء الى الشمال.الى قدام طول مئة ذراع مدخل الشمال و العرض خمسون ذراعا.تجاه العشرين التي للدار الداخلية و تجاه المجزع الذي للدار الخارجية اسطوانة تجاه اسطوانة في الطبقات الثلاث. و امام المخادع ممشى عشر اذرع عرضا و الى الداخلية طريق ذراع واحد عرضا و ابوابها نحو الشمال. و المخادع العليا اقصر لان الاساطين اكلت من هذه من اسافل البناء و من اواسطه. لانها ثلاث طبقات و لم يكن لها اعمدة كاعمدة الدور لذلك تضيق من الاسافل و من الاواسط من الارض. و الحائط الذي من خارج مع المخادع نحو الدار الخارجية الى قدام المخادع طوله خمسون ذراعا. لان طول المخادع التي للدار الخارجية خمسون ذراعا و هوذا امام الهيكل مئة ذراع. و من تحت هذه المخادع مدخل من الشرق من حيث يدخل اليها من الدار الخارجية. المخادع كانت في عرض جدار الدار نحو الشرق قدام المكان المنفصل و قبالة البناء. و امامها طريق كمثل المخادع التي نحو الشمال كطولها هكذا عرضها و جميع مخارجها و كاشكالها و كابوابها. و كابواب المخادع التي نحو الجنوب باب على راس الطريق الطريق امام الجدار الموافق نحو الشرق من حيث يدخل اليه
حزقيال,42,88,"الأيات 1 - 12 :- اخرجني الى الدار الخارجية من طريق جهة الشمال و ادخلني الى المخدع الذي هو تجاه المكان المنفصل و الذي هو قدام البناء الى الشمال.الى قدام طول مئة ذراع مدخل الشمال و العرض خمسون ذراعا.تجاه العشرين التي للدار الداخلية و تجاه المجزع الذي للدار الخارجية اسطوانة تجاه اسطوانة في الطبقات الثلاث. و امام المخادع ممشى عشر اذرع عرضا و الى الداخلية طريق ذراع واحد عرضا و ابوابها نحو الشمال. و المخادع العليا اقصر لان الاساطين اكلت من هذه من اسافل البناء و من اواسطه. لانها ثلاث طبقات و لم يكن لها اعمدة كاعمدة الدور لذلك تضيق من الاسافل و من الاواسط من الارض. و الحائط الذي من خارج مع المخادع نحو الدار الخارجية الى قدام المخادع طوله خمسون ذراعا. لان طول المخادع التي للدار الخارجية خمسون ذراعا و هوذا امام الهيكل مئة ذراع. و من تحت هذه المخادع مدخل من الشرق من حيث يدخل اليها من الدار الخارجية. المخادع كانت في عرض جدار الدار نحو الشرق قدام المكان المنفصل و قبالة البناء. و امامها طريق كمثل المخادع التي نحو الشمال كطولها هكذا عرضها و جميع مخارجها و كاشكالها و كابوابها. و كابواب المخادع التي نحو الجنوب باب على راس الطريق الطريق امام الجدار الموافق نحو الشرق من حيث يدخل اليه
حزقيال,42,89,"الأيات 1 - 12 :- اخرجني الى الدار الخارجية من طريق جهة الشمال و ادخلني الى المخدع الذي هو تجاه المكان المنفصل و الذي هو قدام البناء الى الشمال.الى قدام طول مئة ذراع مدخل الشمال و العرض خمسون ذراعا.تجاه العشرين التي للدار الداخلية و تجاه المجزع الذي للدار الخارجية اسطوانة تجاه اسطوانة في الطبقات الثلاث. و امام المخادع ممشى عشر اذرع عرضا و الى الداخلية طريق ذراع واحد عرضا و ابوابها نحو الشمال. و المخادع العليا اقصر لان الاساطين اكلت من هذه من اسافل البناء و من اواسطه. لانها ثلاث طبقات و لم يكن لها اعمدة كاعمدة الدور لذلك تضيق من الاسافل و من الاواسط من الارض. و الحائط الذي من خارج مع المخادع نحو الدار الخارجية الى قدام المخادع طوله خمسون ذراعا. لان طول المخادع التي للدار الخارجية خمسون ذراعا و هوذا امام الهيكل مئة ذراع. و من تحت هذه المخادع مدخل من الشرق من حيث يدخل اليها من الدار الخارجية. المخادع كانت في عرض جدار الدار نحو الشرق قدام المكان المنفصل و قبالة البناء. و امامها طريق كمثل المخادع التي نحو الشمال كطولها هكذا عرضها و جميع مخارجها و كاشكالها و كابوابها. و كابواب المخادع التي نحو الجنوب باب على راس الطريق الطريق امام الجدار الموافق نحو الشرق من حيث يدخل اليه
حزقيال,42,90,"الأيات 1 - 12 :- اخرجني الى الدار الخارجية من طريق جهة الشمال و ادخلني الى المخدع الذي هو تجاه المكان المنفصل و الذي هو قدام البناء الى الشمال.الى قدام طول مئة ذراع مدخل الشمال و العرض خمسون ذراعا.تجاه العشرين التي للدار الداخلية و تجاه المجزع الذي للدار الخارجية اسطوانة تجاه اسطوانة في الطبقات الثلاث. و امام المخادع ممشى عشر اذرع عرضا و الى الداخلية طريق ذراع واحد عرضا و ابوابها نحو الشمال. و المخادع العليا اقصر لان الاساطين اكلت من هذه من اسافل البناء و من اواسطه. لانها ثلاث طبقات و لم يكن لها اعمدة كاعمدة الدور لذلك تضيق من الاسافل و من الاواسط من الارض. و الحائط الذي من خارج مع المخادع نحو الدار الخارجية الى قدام المخادع طوله خمسون ذراعا. لان طول المخادع التي للدار الخارجية خمسون ذراعا و هوذا امام الهيكل مئة ذراع. و من تحت هذه المخادع مدخل من الشرق من حيث يدخل اليها من الدار الخارجية. المخادع كانت في عرض جدار الدار نحو الشرق قدام المكان المنفصل و قبالة البناء. و امامها طريق كمثل المخادع التي نحو الشمال كطولها هكذا عرضها و جميع مخارجها و كاشكالها و كابوابها. و كابواب المخادع التي نحو الجنوب باب على راس الطريق الطريق امام الجدار الموافق نحو الشرق من حيث يدخل اليه
حزقيال,42,91,"الأيات 1 - 12 :- اخرجني الى الدار الخارجية من طريق جهة الشمال و ادخلني الى المخدع الذي هو تجاه المكان المنفصل و الذي هو قدام البناء الى الشمال.الى قدام طول مئة ذراع مدخل الشمال و العرض خمسون ذراعا.تجاه العشرين التي للدار الداخلية و تجاه المجزع الذي للدار الخارجية اسطوانة تجاه اسطوانة في الطبقات الثلاث. و امام المخادع ممشى عشر اذرع عرضا و الى الداخلية طريق ذراع واحد عرضا و ابوابها نحو الشمال. و المخادع العليا اقصر لان الاساطين اكلت من هذه من اسافل البناء و من اواسطه. لانها ثلاث طبقات و لم يكن لها اعمدة كاعمدة الدور لذلك تضيق من الاسافل و من الاواسط من الارض. و الحائط الذي من خارج مع المخادع نحو الدار الخارجية الى قدام المخادع طوله خمسون ذراعا. لان طول المخادع التي للدار الخارجية خمسون ذراعا و هوذا امام الهيكل مئة ذراع. و من تحت هذه المخادع مدخل من الشرق من حيث يدخل اليها من الدار الخارجية. المخادع كانت في عرض جدار الدار نحو الشرق قدام المكان المنفصل و قبالة البناء. و امامها طريق كمثل المخادع التي نحو الشمال كطولها هكذا عرضها و جميع مخارجها و كاشكالها و كابوابها. و كابواب المخادع التي نحو الجنوب باب على راس الطريق الطريق امام الجدار الموافق نحو الشرق من حيث يدخل اليه
حزقيال,42,92,"الأيات 1 - 12 :- اخرجني الى الدار الخارجية من طريق جهة الشمال و ادخلني الى المخدع الذي هو تجاه المكان المنفصل و الذي هو قدام البناء الى الشمال.الى قدام طول مئة ذراع مدخل الشمال و العرض خمسون ذراعا.تجاه العشرين التي للدار الداخلية و تجاه المجزع الذي للدار الخارجية اسطوانة تجاه اسطوانة في الطبقات الثلاث. و امام المخادع ممشى عشر اذرع عرضا و الى الداخلية طريق ذراع واحد عرضا و ابوابها نحو الشمال. و المخادع العليا اقصر لان الاساطين اكلت من هذه من اسافل البناء و من اواسطه. لانها ثلاث طبقات و لم يكن لها اعمدة كاعمدة الدور لذلك تضيق من الاسافل و من الاواسط من الارض. و الحائط الذي من خارج مع المخادع نحو الدار الخارجية الى قدام المخادع طوله خمسون ذراعا. لان طول المخادع التي للدار الخارجية خمسون ذراعا و هوذا امام الهيكل مئة ذراع. و من تحت هذه المخادع مدخل من الشرق من حيث يدخل اليها من الدار الخارجية. المخادع كانت في عرض جدار الدار نحو الشرق قدام المكان المنفصل و قبالة البناء. و امامها طريق كمثل المخادع التي نحو الشمال كطولها هكذا عرضها و جميع مخارجها و كاشكالها و كابوابها. و كابواب المخادع التي نحو الجنوب باب على راس الطريق الطريق امام الجدار الموافق نحو الشرق من حيث يدخل اليه
حزقيال,42,93,"الأيات 1 - 12 :- اخرجني الى الدار الخارجية من طريق جهة الشمال و ادخلني الى المخدع الذي هو تجاه المكان المنفصل و الذي هو قدام البناء الى الشمال.الى قدام طول مئة ذراع مدخل الشمال و العرض خمسون ذراعا.تجاه العشرين التي للدار الداخلية و تجاه المجزع الذي للدار الخارجية اسطوانة تجاه اسطوانة في الطبقات الثلاث. و امام المخادع ممشى عشر اذرع عرضا و الى الداخلية طريق ذراع واحد عرضا و ابوابها نحو الشمال. و المخادع العليا اقصر لان الاساطين اكلت من هذه من اسافل البناء و من اواسطه. لانها ثلاث طبقات و لم يكن لها اعمدة كاعمدة الدور لذلك تضيق من الاسافل و من الاواسط من الارض. و الحائط الذي من خارج مع المخادع نحو الدار الخارجية الى قدام المخادع طوله خمسون ذراعا. لان طول المخادع التي للدار الخارجية خمسون ذراعا و هوذا امام الهيكل مئة ذراع. و من تحت هذه المخادع مدخل من الشرق من حيث يدخل اليها من الدار الخارجية. المخادع كانت في عرض جدار الدار نحو الشرق قدام المكان المنفصل و قبالة البناء. و امامها طريق كمثل المخادع التي نحو الشمال كطولها هكذا عرضها و جميع مخارجها و كاشكالها و كابوابها. و كابواب المخادع التي نحو الجنوب باب على راس الطريق الطريق امام الجدار الموافق نحو الشرق من حيث يدخل اليه
حزقيال,42,94,"الأيات 1 - 12 :- اخرجني الى الدار الخارجية من طريق جهة الشمال و ادخلني الى المخدع الذي هو تجاه المكان المنفصل و الذي هو قدام البناء الى الشمال.الى قدام طول مئة ذراع مدخل الشمال و العرض خمسون ذراعا.تجاه العشرين التي للدار الداخلية و تجاه المجزع الذي للدار الخارجية اسطوانة تجاه اسطوانة في الطبقات الثلاث. و امام المخادع ممشى عشر اذرع عرضا و الى الداخلية طريق ذراع واحد عرضا و ابوابها نحو الشمال. و المخادع العليا اقصر لان الاساطين اكلت من هذه من اسافل البناء و من اواسطه. لانها ثلاث طبقات و لم يكن لها اعمدة كاعمدة الدور لذلك تضيق من الاسافل و من الاواسط من الارض. و الحائط الذي من خارج مع المخادع نحو الدار الخارجية الى قدام المخادع طوله خمسون ذراعا. لان طول المخادع التي للدار الخارجية خمسون ذراعا و هوذا امام الهيكل مئة ذراع. و من تحت هذه المخادع مدخل من الشرق من حيث يدخل اليها من الدار الخارجية. المخادع كانت في عرض جدار الدار نحو الشرق قدام المكان المنفصل و قبالة البناء. و امامها طريق كمثل المخادع التي نحو الشمال كطولها هكذا عرضها و جميع مخارجها و كاشكالها و كابوابها. و كابواب المخادع التي نحو الجنوب باب على راس الطريق الطريق امام الجدار الموافق نحو الشرق من حيث يدخل اليه
حزقيال,42,95,"الأيات 1 - 12 :- اخرجني الى الدار الخارجية من طريق جهة الشمال و ادخلني الى المخدع الذي هو تجاه المكان المنفصل و الذي هو قدام البناء الى الشمال.الى قدام طول مئة ذراع مدخل الشمال و العرض خمسون ذراعا.تجاه العشرين التي للدار الداخلية و تجاه المجزع الذي للدار الخارجية اسطوانة تجاه اسطوانة في الطبقات الثلاث. و امام المخادع ممشى عشر اذرع عرضا و الى الداخلية طريق ذراع واحد عرضا و ابوابها نحو الشمال. و المخادع العليا اقصر لان الاساطين اكلت من هذه من اسافل البناء و من اواسطه. لانها ثلاث طبقات و لم يكن لها اعمدة كاعمدة الدور لذلك تضيق من الاسافل و من الاواسط من الارض. و الحائط الذي من خارج مع المخادع نحو الدار الخارجية الى قدام المخادع طوله خمسون ذراعا. لان طول المخادع التي للدار الخارجية خمسون ذراعا و هوذا امام الهيكل مئة ذراع. و من تحت هذه المخادع مدخل من الشرق من حيث يدخل اليها من الدار الخارجية. المخادع كانت في عرض جدار الدار نحو الشرق قدام المكان المنفصل و قبالة البناء. و امامها طريق كمثل المخادع التي نحو الشمال كطولها هكذا عرضها و جميع مخارجها و كاشكالها و كابوابها. و كابواب المخادع التي نحو الجنوب باب على راس الطريق الطريق امام الجدار الموافق نحو الشرق من حيث يدخل اليه
حزقيال,42,96,"الأيات 1 - 12 :- اخرجني الى الدار الخارجية من طريق جهة الشمال و ادخلني الى المخدع الذي هو تجاه المكان المنفصل و الذي هو قدام البناء الى الشمال.الى قدام طول مئة ذراع مدخل الشمال و العرض خمسون ذراعا.تجاه العشرين التي للدار الداخلية و تجاه المجزع الذي للدار الخارجية اسطوانة تجاه اسطوانة في الطبقات الثلاث. و امام المخادع ممشى عشر اذرع عرضا و الى الداخلية طريق ذراع واحد عرضا و ابوابها نحو الشمال. و المخادع العليا اقصر لان الاساطين اكلت من هذه من اسافل البناء و من اواسطه. لانها ثلاث طبقات و لم يكن لها اعمدة كاعمدة الدور لذلك تضيق من الاسافل و من الاواسط من الارض. و الحائط الذي من خارج مع المخادع نحو الدار الخارجية الى قدام المخادع طوله خمسون ذراعا. لان طول المخادع التي للدار الخارجية خمسون ذراعا و هوذا امام الهيكل مئة ذراع. و من تحت هذه المخادع مدخل من الشرق من حيث يدخل اليها من الدار الخارجية. المخادع كانت في عرض جدار الدار نحو الشرق قدام المكان المنفصل و قبالة البناء. و امامها طريق كمثل المخادع التي نحو الشمال كطولها هكذا عرضها و جميع مخارجها و كاشكالها و كابوابها. و كابواب المخادع التي نحو الجنوب باب على راس الطريق الطريق امام الجدار الموافق نحو الشرق من حيث يدخل اليه
حزقيال,42,97,"الأيات 1 - 12 :- اخرجني الى الدار الخارجية من طريق جهة الشمال و ادخلني الى المخدع الذي هو تجاه المكان المنفصل و الذي هو قدام البناء الى الشمال.الى قدام طول مئة ذراع مدخل الشمال و العرض خمسون ذراعا.تجاه العشرين التي للدار الداخلية و تجاه المجزع الذي للدار الخارجية اسطوانة تجاه اسطوانة في الطبقات الثلاث. و امام المخادع ممشى عشر اذرع عرضا و الى الداخلية طريق ذراع واحد عرضا و ابوابها نحو الشمال. و المخادع العليا اقصر لان الاساطين اكلت من هذه من اسافل البناء و من اواسطه. لانها ثلاث طبقات و لم يكن لها اعمدة كاعمدة الدور لذلك تضيق من الاسافل و من الاواسط من الارض. و الحائط الذي من خارج مع المخادع نحو الدار الخارجية الى قدام المخادع طوله خمسون ذراعا. لان طول المخادع التي للدار الخارجية خمسون ذراعا و هوذا امام الهيكل مئة ذراع. و من تحت هذه المخادع مدخل من الشرق من حيث يدخل اليها من الدار الخارجية. المخادع كانت في عرض جدار الدار نحو الشرق قدام المكان المنفصل و قبالة البناء. و امامها طريق كمثل المخادع التي نحو الشمال كطولها هكذا عرضها و جميع مخارجها و كاشكالها و كابوابها. و كابواب المخادع التي نحو الجنوب باب على راس الطريق الطريق امام الجدار الموافق نحو الشرق من حيث يدخل اليه
حزقيال,42,98,"الأيات 1 - 12 :- اخرجني الى الدار الخارجية من طريق جهة الشمال و ادخلني الى المخدع الذي هو تجاه المكان المنفصل و الذي هو قدام البناء الى الشمال.الى قدام طول مئة ذراع مدخل الشمال و العرض خمسون ذراعا.تجاه العشرين التي للدار الداخلية و تجاه المجزع الذي للدار الخارجية اسطوانة تجاه اسطوانة في الطبقات الثلاث. و امام المخادع ممشى عشر اذرع عرضا و الى الداخلية طريق ذراع واحد عرضا و ابوابها نحو الشمال. و المخادع العليا اقصر لان الاساطين اكلت من هذه من اسافل البناء و من اواسطه. لانها ثلاث طبقات و لم يكن لها اعمدة كاعمدة الدور لذلك تضيق من الاسافل و من الاواسط من الارض. و الحائط الذي من خارج مع المخادع نحو الدار الخارجية الى قدام المخادع طوله خمسون ذراعا. لان طول المخادع التي للدار الخارجية خمسون ذراعا و هوذا امام الهيكل مئة ذراع. و من تحت هذه المخادع مدخل من الشرق من حيث يدخل اليها من الدار الخارجية. المخادع كانت في عرض جدار الدار نحو الشرق قدام المكان المنفصل و قبالة البناء. و امامها طريق كمثل المخادع التي نحو الشمال كطولها هكذا عرضها و جميع مخارجها و كاشكالها و كابوابها. و كابواب المخادع التي نحو الجنوب باب على راس الطريق الطريق امام الجدار الموافق نحو الشرق من حيث يدخل اليه
حزقيال,42,99,"الأيات 1 - 12 :- اخرجني الى الدار الخارجية من طريق جهة الشمال و ادخلني الى المخدع الذي هو تجاه المكان المنفصل و الذي هو قدام البناء الى الشمال.الى قدام طول مئة ذراع مدخل الشمال و العرض خمسون ذراعا.تجاه العشرين التي للدار الداخلية و تجاه المجزع الذي للدار الخارجية اسطوانة تجاه اسطوانة في الطبقات الثلاث. و امام المخادع ممشى عشر اذرع عرضا و الى الداخلية طريق ذراع واحد عرضا و ابوابها نحو الشمال. و المخادع العليا اقصر لان الاساطين اكلت من هذه من اسافل البناء و من اواسطه. لانها ثلاث طبقات و لم يكن لها اعمدة كاعمدة الدور لذلك تضيق من الاسافل و من الاواسط من الارض. و الحائط الذي من خارج مع المخادع نحو الدار الخارجية الى قدام المخادع طوله خمسون ذراعا. لان طول المخادع التي للدار الخارجية خمسون ذراعا و هوذا امام الهيكل مئة ذراع. و من تحت هذه المخادع مدخل من الشرق من حيث يدخل اليها من الدار الخارجية. المخادع كانت في عرض جدار الدار نحو الشرق قدام المكان المنفصل و قبالة البناء. و امامها طريق كمثل المخادع التي نحو الشمال كطولها هكذا عرضها و جميع مخارجها و كاشكالها و كابوابها. و كابواب المخادع التي نحو الجنوب باب على راس الطريق الطريق امام الجدار الموافق نحو الشرق من حيث يدخل اليه
حزقيال,43,1,"الإصحاح الثالث والأربعون
حزقيال,43,2,"الإصحاح الثالث والأربعون
حزقيال,43,3,"الإصحاح الثالث والأربعون
حزقيال,43,4,"الإصحاح الثالث والأربعون
حزقيال,43,5,"الإصحاح الثالث والأربعون
حزقيال,43,6,"الإصحاح الثالث والأربعون
حزقيال,43,7,"الإصحاح الثالث والأربعون
حزقيال,43,8,"الإصحاح الثالث والأربعون
حزقيال,43,9,"الإصحاح الثالث والأربعون
حزقيال,43,10,"الإصحاح الثالث والأربعون
حزقيال,43,11,"الإصحاح الثالث والأربعون
حزقيال,43,12,"الإصحاح الثالث والأربعون
حزقيال,43,13,"الإصحاح الثالث والأربعون
حزقيال,43,14,"الإصحاح الثالث والأربعون
حزقيال,43,15,"الإصحاح الثالث والأربعون
حزقيال,43,16,"الإصحاح الثالث والأربعون
حزقيال,43,17,"الإصحاح الثالث والأربعون
حزقيال,43,18,"الإصحاح الثالث والأربعون
حزقيال,43,19,"الإصحاح الثالث والأربعون
حزقيال,43,20,"الإصحاح الثالث والأربعون
حزقيال,43,21,"الإصحاح الثالث والأربعون
حزقيال,43,22,"الإصحاح الثالث والأربعون
حزقيال,43,23,"الإصحاح الثالث والأربعون
حزقيال,43,24,"الإصحاح الثالث والأربعون
حزقيال,43,25,"الإصحاح الثالث والأربعون
حزقيال,43,26,"الإصحاح الثالث والأربعون
حزقيال,43,27,"الإصحاح الثالث والأربعون
حزقيال,43,28,"الإصحاح الثالث والأربعون
حزقيال,43,29,"الإصحاح الثالث والأربعون
حزقيال,43,30,"الإصحاح الثالث والأربعون
حزقيال,43,31,"الإصحاح الثالث والأربعون
حزقيال,43,32,"الإصحاح الثالث والأربعون
حزقيال,43,33,"الإصحاح الثالث والأربعون
حزقيال,43,34,"الإصحاح الثالث والأربعون
حزقيال,43,35,"الإصحاح الثالث والأربعون
حزقيال,43,36,"الإصحاح الثالث والأربعون
حزقيال,43,37,"الإصحاح الثالث والأربعون
حزقيال,43,38,"الإصحاح الثالث والأربعون
حزقيال,43,39,"الإصحاح الثالث والأربعون
حزقيال,43,40,"الإصحاح الثالث والأربعون
حزقيال,43,41,"الإصحاح الثالث والأربعون
حزقيال,43,42,"الإصحاح الثالث والأربعون
حزقيال,43,43,"الإصحاح الثالث والأربعون
حزقيال,43,44,"الإصحاح الثالث والأربعون
حزقيال,43,45,"الإصحاح الثالث والأربعون
حزقيال,43,46,"الإصحاح الثالث والأربعون
حزقيال,43,47,"الإصحاح الثالث والأربعون
حزقيال,43,48,"الإصحاح الثالث والأربعون
حزقيال,43,49,"الإصحاح الثالث والأربعون
حزقيال,43,50,"الإصحاح الثالث والأربعون
حزقيال,43,51,"الإصحاح الثالث والأربعون
حزقيال,43,52,"الإصحاح الثالث والأربعون
حزقيال,43,53,"الإصحاح الثالث والأربعون
حزقيال,43,54,"الإصحاح الثالث والأربعون
حزقيال,43,55,"الإصحاح الثالث والأربعون
حزقيال,43,56,"الإصحاح الثالث والأربعون
حزقيال,43,57,"الإصحاح الثالث والأربعون
حزقيال,43,58,"الإصحاح الثالث والأربعون
حزقيال,43,59,"الإصحاح الثالث والأربعون
حزقيال,43,60,"الإصحاح الثالث والأربعون
حزقيال,43,61,"الإصحاح الثالث والأربعون
حزقيال,43,62,"الإصحاح الثالث والأربعون
حزقيال,43,63,"الإصحاح الثالث والأربعون
حزقيال,43,64,"الإصحاح الثالث والأربعون
حزقيال,43,65,"الإصحاح الثالث والأربعون
حزقيال,43,66,"الإصحاح الثالث والأربعون
حزقيال,43,67,"الإصحاح الثالث والأربعون
حزقيال,43,68,"الإصحاح الثالث والأربعون
حزقيال,43,69,"الإصحاح الثالث والأربعون
حزقيال,43,70,"الإصحاح الثالث والأربعون
حزقيال,43,71,"الإصحاح الثالث والأربعون
حزقيال,43,72,"الإصحاح الثالث والأربعون
حزقيال,43,73,"الإصحاح الثالث والأربعون
حزقيال,43,74,"الإصحاح الثالث والأربعون
حزقيال,43,75,"الإصحاح الثالث والأربعون
حزقيال,43,76,"الإصحاح الثالث والأربعون
حزقيال,43,77,"الإصحاح الثالث والأربعون
حزقيال,43,78,"الإصحاح الثالث والأربعون
حزقيال,43,79,"الإصحاح الثالث والأربعون
حزقيال,43,80,"الإصحاح الثالث والأربعون
حزقيال,43,81,"الإصحاح الثالث والأربعون
حزقيال,43,82,"الإصحاح الثالث والأربعون
حزقيال,43,83,"الإصحاح الثالث والأربعون
حزقيال,43,84,"الإصحاح الثالث والأربعون
حزقيال,43,85,"الإصحاح الثالث والأربعون
حزقيال,43,86,"الإصحاح الثالث والأربعون
حزقيال,43,87,"الإصحاح الثالث والأربعون
حزقيال,43,88,"الإصحاح الثالث والأربعون
حزقيال,43,89,"الإصحاح الثالث والأربعون
حزقيال,43,90,"الإصحاح الثالث والأربعون
حزقيال,43,91,"الإصحاح الثالث والأربعون
حزقيال,43,92,"الإصحاح الثالث والأربعون
حزقيال,43,93,"الإصحاح الثالث والأربعون
حزقيال,43,94,"الإصحاح الثالث والأربعون
حزقيال,43,95,"الإصحاح الثالث والأربعون
حزقيال,43,96,"الإصحاح الثالث والأربعون
حزقيال,43,97,"الإصحاح الثالث والأربعون
حزقيال,43,98,"الإصحاح الثالث والأربعون
حزقيال,43,99,"الإصحاح الثالث والأربعون
حزقيال,44,1,"الإصحاح الرابع والأربعون
حزقيال,44,2,"الإصحاح الرابع والأربعون
حزقيال,44,3,"الإصحاح الرابع والأربعون
حزقيال,44,4,"الإصحاح الرابع والأربعون
حزقيال,44,5,"الإصحاح الرابع والأربعون
حزقيال,44,6,"الإصحاح الرابع والأربعون
حزقيال,44,7,"الإصحاح الرابع والأربعون
حزقيال,44,8,"الإصحاح الرابع والأربعون
حزقيال,44,9,"الإصحاح الرابع والأربعون
حزقيال,44,10,"الإصحاح الرابع والأربعون
حزقيال,44,11,"الإصحاح الرابع والأربعون
حزقيال,44,12,"الإصحاح الرابع والأربعون
حزقيال,44,13,"الإصحاح الرابع والأربعون
حزقيال,44,14,"الإصحاح الرابع والأربعون
حزقيال,44,15,"الإصحاح الرابع والأربعون
حزقيال,44,16,"الإصحاح الرابع والأربعون
حزقيال,44,17,"الإصحاح الرابع والأربعون
حزقيال,44,18,"الإصحاح الرابع والأربعون
حزقيال,44,19,"الإصحاح الرابع والأربعون
حزقيال,44,20,"الإصحاح الرابع والأربعون
حزقيال,44,21,"الإصحاح الرابع والأربعون
حزقيال,44,22,"الإصحاح الرابع والأربعون
حزقيال,44,23,"الإصحاح الرابع والأربعون
حزقيال,44,24,"الإصحاح الرابع والأربعون
حزقيال,44,25,"الإصحاح الرابع والأربعون
حزقيال,44,26,"الإصحاح الرابع والأربعون
حزقيال,44,27,"الإصحاح الرابع والأربعون
حزقيال,44,28,"الإصحاح الرابع والأربعون
حزقيال,44,29,"الإصحاح الرابع والأربعون
حزقيال,44,30,"الإصحاح الرابع والأربعون
حزقيال,44,31,"الإصحاح الرابع والأربعون
حزقيال,44,32,"الإصحاح الرابع والأربعون
حزقيال,44,33,"الإصحاح الرابع والأربعون
حزقيال,44,34,"الإصحاح الرابع والأربعون
حزقيال,44,35,"الإصحاح الرابع والأربعون
حزقيال,44,36,"الإصحاح الرابع والأربعون
حزقيال,44,37,"الإصحاح الرابع والأربعون
حزقيال,44,38,"الإصحاح الرابع والأربعون
حزقيال,44,39,"الإصحاح الرابع والأربعون
حزقيال,44,40,"الإصحاح الرابع والأربعون
حزقيال,44,41,"الإصحاح الرابع والأربعون
حزقيال,44,42,"الإصحاح الرابع والأربعون
حزقيال,44,43,"الإصحاح الرابع والأربعون
حزقيال,44,44,"الإصحاح الرابع والأربعون
حزقيال,44,45,"الإصحاح الرابع والأربعون
حزقيال,44,46,"الإصحاح الرابع والأربعون
حزقيال,44,47,"الإصحاح الرابع والأربعون
حزقيال,44,48,"الإصحاح الرابع والأربعون
حزقيال,44,49,"الإصحاح الرابع والأربعون
حزقيال,44,50,"الإصحاح الرابع والأربعون
حزقيال,44,51,"الإصحاح الرابع والأربعون
حزقيال,44,52,"الإصحاح الرابع والأربعون
حزقيال,44,53,"الإصحاح الرابع والأربعون
حزقيال,44,54,"الإصحاح الرابع والأربعون
حزقيال,44,55,"الإصحاح الرابع والأربعون
حزقيال,44,56,"الإصحاح الرابع والأربعون
حزقيال,44,57,"الإصحاح الرابع والأربعون
حزقيال,44,58,"الإصحاح الرابع والأربعون
حزقيال,44,59,"الإصحاح الرابع والأربعون
حزقيال,44,60,"الإصحاح الرابع والأربعون
حزقيال,44,61,"الإصحاح الرابع والأربعون
حزقيال,44,62,"الإصحاح الرابع والأربعون
حزقيال,44,63,"الإصحاح الرابع والأربعون
حزقيال,44,64,"الإصحاح الرابع والأربعون
حزقيال,44,65,"الإصحاح الرابع والأربعون
حزقيال,44,66,"الإصحاح الرابع والأربعون
حزقيال,44,67,"الإصحاح الرابع والأربعون
حزقيال,44,68,"الإصحاح الرابع والأربعون
حزقيال,44,69,"الإصحاح الرابع والأربعون
حزقيال,44,70,"الإصحاح الرابع والأربعون
حزقيال,44,71,"الإصحاح الرابع والأربعون
حزقيال,44,72,"الإصحاح الرابع والأربعون
حزقيال,44,73,"الإصحاح الرابع والأربعون
حزقيال,44,74,"الإصحاح الرابع والأربعون
حزقيال,44,75,"الإصحاح الرابع والأربعون
حزقيال,44,76,"الإصحاح الرابع والأربعون
حزقيال,44,77,"الإصحاح الرابع والأربعون
حزقيال,44,78,"الإصحاح الرابع والأربعون
حزقيال,44,79,"الإصحاح الرابع والأربعون
حزقيال,44,80,"الإصحاح الرابع والأربعون
حزقيال,44,81,"الإصحاح الرابع والأربعون
حزقيال,44,82,"الإصحاح الرابع والأربعون
حزقيال,44,83,"الإصحاح الرابع والأربعون
حزقيال,44,84,"الإصحاح الرابع والأربعون
حزقيال,44,85,"الإصحاح الرابع والأربعون
حزقيال,44,86,"الإصحاح الرابع والأربعون
حزقيال,44,87,"الإصحاح الرابع والأربعون
حزقيال,44,88,"الإصحاح الرابع والأربعون
حزقيال,44,89,"الإصحاح الرابع والأربعون
حزقيال,44,90,"الإصحاح الرابع والأربعون
حزقيال,44,91,"الإصحاح الرابع والأربعون
حزقيال,44,92,"الإصحاح الرابع والأربعون
حزقيال,44,93,"الإصحاح الرابع والأربعون
حزقيال,44,94,"الإصحاح الرابع والأربعون
حزقيال,44,95,"الإصحاح الرابع والأربعون
حزقيال,44,96,"الإصحاح الرابع والأربعون
حزقيال,44,97,"الإصحاح الرابع والأربعون
حزقيال,44,98,"الإصحاح الرابع والأربعون
حزقيال,44,99,"الإصحاح الرابع والأربعون
حزقيال,45,1,"الإصحاح الخامس والأربعون
حزقيال,45,2,"الإصحاح الخامس والأربعون
حزقيال,45,3,"الإصحاح الخامس والأربعون
حزقيال,45,4,"الإصحاح الخامس والأربعون
حزقيال,45,5,"الإصحاح الخامس والأربعون
حزقيال,45,6,"الإصحاح الخامس والأربعون
حزقيال,45,7,"الإصحاح الخامس والأربعون
حزقيال,45,8,"الإصحاح الخامس والأربعون
حزقيال,45,9,"الإصحاح الخامس والأربعون
حزقيال,45,10,"الإصحاح الخامس والأربعون
حزقيال,45,11,"الإصحاح الخامس والأربعون
حزقيال,45,12,"الإصحاح الخامس والأربعون
حزقيال,45,13,"الإصحاح الخامس والأربعون
حزقيال,45,14,"الإصحاح الخامس والأربعون
حزقيال,45,15,"الإصحاح الخامس والأربعون
حزقيال,45,16,"الإصحاح الخامس والأربعون
حزقيال,45,17,"الإصحاح الخامس والأربعون
حزقيال,45,18,"الإصحاح الخامس والأربعون
حزقيال,45,19,"الإصحاح الخامس والأربعون
حزقيال,45,20,"الإصحاح الخامس والأربعون
حزقيال,45,21,"الإصحاح الخامس والأربعون
حزقيال,45,22,"الإصحاح الخامس والأربعون
حزقيال,45,23,"الإصحاح الخامس والأربعون
حزقيال,45,24,"الإصحاح الخامس والأربعون
حزقيال,45,25,"الإصحاح الخامس والأربعون
حزقيال,45,26,"الإصحاح الخامس والأربعون
حزقيال,45,27,"الإصحاح الخامس والأربعون
حزقيال,45,28,"الإصحاح الخامس والأربعون
حزقيال,45,29,"الإصحاح الخامس والأربعون
حزقيال,45,30,"الإصحاح الخامس والأربعون
حزقيال,45,31,"الإصحاح الخامس والأربعون
حزقيال,45,32,"الإصحاح الخامس والأربعون
حزقيال,45,33,"الإصحاح الخامس والأربعون
حزقيال,45,34,"الإصحاح الخامس والأربعون
حزقيال,45,35,"الإصحاح الخامس والأربعون
حزقيال,45,36,"الإصحاح الخامس والأربعون
حزقيال,45,37,"الإصحاح الخامس والأربعون
حزقيال,45,38,"الإصحاح الخامس والأربعون
حزقيال,45,39,"الإصحاح الخامس والأربعون
حزقيال,45,40,"الإصحاح الخامس والأربعون
حزقيال,45,41,"الإصحاح الخامس والأربعون
حزقيال,45,42,"الإصحاح الخامس والأربعون
حزقيال,45,43,"الإصحاح الخامس والأربعون
حزقيال,45,44,"الإصحاح الخامس والأربعون
حزقيال,45,45,"الإصحاح الخامس والأربعون
حزقيال,45,46,"الإصحاح الخامس والأربعون
حزقيال,45,47,"الإصحاح الخامس والأربعون
حزقيال,45,48,"الإصحاح الخامس والأربعون
حزقيال,45,49,"الإصحاح الخامس والأربعون
حزقيال,45,50,"الإصحاح الخامس والأربعون
حزقيال,45,51,"الإصحاح الخامس والأربعون
حزقيال,45,52,"الإصحاح الخامس والأربعون
حزقيال,45,53,"الإصحاح الخامس والأربعون
حزقيال,45,54,"الإصحاح الخامس والأربعون
حزقيال,45,55,"الإصحاح الخامس والأربعون
حزقيال,45,56,"الإصحاح الخامس والأربعون
حزقيال,45,57,"الإصحاح الخامس والأربعون
حزقيال,45,58,"الإصحاح الخامس والأربعون
حزقيال,45,59,"الإصحاح الخامس والأربعون
حزقيال,45,60,"الإصحاح الخامس والأربعون
حزقيال,45,61,"الإصحاح الخامس والأربعون
حزقيال,45,62,"الإصحاح الخامس والأربعون
حزقيال,45,63,"الإصحاح الخامس والأربعون
حزقيال,45,64,"الإصحاح الخامس والأربعون
حزقيال,45,65,"الإصحاح الخامس والأربعون
حزقيال,45,66,"الإصحاح الخامس والأربعون
حزقيال,45,67,"الإصحاح الخامس والأربعون
حزقيال,45,68,"الإصحاح الخامس والأربعون
حزقيال,45,69,"الإصحاح الخامس والأربعون
حزقيال,45,70,"الإصحاح الخامس والأربعون
حزقيال,45,71,"الإصحاح الخامس والأربعون
حزقيال,45,72,"الإصحاح الخامس والأربعون
حزقيال,45,73,"الإصحاح الخامس والأربعون
حزقيال,45,74,"الإصحاح الخامس والأربعون
حزقيال,45,75,"الإصحاح الخامس والأربعون
حزقيال,45,76,"الإصحاح الخامس والأربعون
حزقيال,45,77,"الإصحاح الخامس والأربعون
حزقيال,45,78,"الإصحاح الخامس والأربعون
حزقيال,45,79,"الإصحاح الخامس والأربعون
حزقيال,45,80,"الإصحاح الخامس والأربعون
حزقيال,45,81,"الإصحاح الخامس والأربعون
حزقيال,45,82,"الإصحاح الخامس والأربعون
حزقيال,45,83,"الإصحاح الخامس والأربعون
حزقيال,45,84,"الإصحاح الخامس والأربعون
حزقيال,45,85,"الإصحاح الخامس والأربعون
حزقيال,45,86,"الإصحاح الخامس والأربعون
حزقيال,45,87,"الإصحاح الخامس والأربعون
حزقيال,45,88,"الإصحاح الخامس والأربعون
حزقيال,45,89,"الإصحاح الخامس والأربعون
حزقيال,45,90,"الإصحاح الخامس والأربعون
حزقيال,45,91,"الإصحاح الخامس والأربعون
حزقيال,45,92,"الإصحاح الخامس والأربعون
حزقيال,45,93,"الإصحاح الخامس والأربعون
حزقيال,45,94,"الإصحاح الخامس والأربعون
حزقيال,45,95,"الإصحاح الخامس والأربعون
حزقيال,45,96,"الإصحاح الخامس والأربعون
حزقيال,45,97,"الإصحاح الخامس والأربعون
حزقيال,45,98,"الإصحاح الخامس والأربعون
حزقيال,45,99,"الإصحاح الخامس والأربعون
حزقيال,46,1,"الإصحاح السادس والأربعون
حزقيال,46,2,"الإصحاح السادس والأربعون
حزقيال,46,3,"الإصحاح السادس والأربعون
حزقيال,46,4,"الإصحاح السادس والأربعون
حزقيال,46,5,"الإصحاح السادس والأربعون
حزقيال,46,6,"الإصحاح السادس والأربعون
حزقيال,46,7,"الإصحاح السادس والأربعون
حزقيال,46,8,"الإصحاح السادس والأربعون
حزقيال,46,9,"الإصحاح السادس والأربعون
حزقيال,46,10,"الإصحاح السادس والأربعون
حزقيال,46,11,"الإصحاح السادس والأربعون
حزقيال,46,12,"الإصحاح السادس والأربعون
حزقيال,46,13,"الإصحاح السادس والأربعون
حزقيال,46,14,"الإصحاح السادس والأربعون
حزقيال,46,15,"الإصحاح السادس والأربعون
حزقيال,46,16,"الإصحاح السادس والأربعون
حزقيال,46,17,"الإصحاح السادس والأربعون
حزقيال,46,18,"الإصحاح السادس والأربعون
حزقيال,46,19,"الإصحاح السادس والأربعون
حزقيال,46,20,"الإصحاح السادس والأربعون
حزقيال,46,21,"الإصحاح السادس والأربعون
حزقيال,46,22,"الإصحاح السادس والأربعون
حزقيال,46,23,"الإصحاح السادس والأربعون
حزقيال,46,24,"الإصحاح السادس والأربعون
حزقيال,46,25,"الإصحاح السادس والأربعون
حزقيال,46,26,"الإصحاح السادس والأربعون
حزقيال,46,27,"الإصحاح السادس والأربعون
حزقيال,46,28,"الإصحاح السادس والأربعون
حزقيال,46,29,"الإصحاح السادس والأربعون
حزقيال,46,30,"الإصحاح السادس والأربعون
حزقيال,46,31,"الإصحاح السادس والأربعون
حزقيال,46,32,"الإصحاح السادس والأربعون
حزقيال,46,33,"الإصحاح السادس والأربعون
حزقيال,46,34,"الإصحاح السادس والأربعون
حزقيال,46,35,"الإصحاح السادس والأربعون
حزقيال,46,36,"الإصحاح السادس والأربعون
حزقيال,46,37,"الإصحاح السادس والأربعون
حزقيال,46,38,"الإصحاح السادس والأربعون
حزقيال,46,39,"الإصحاح السادس والأربعون
حزقيال,46,40,"الإصحاح السادس والأربعون
حزقيال,46,41,"الإصحاح السادس والأربعون
حزقيال,46,42,"الإصحاح السادس والأربعون
حزقيال,46,43,"الإصحاح السادس والأربعون
حزقيال,46,44,"الإصحاح السادس والأربعون
حزقيال,46,45,"الإصحاح السادس والأربعون
حزقيال,46,46,"الإصحاح السادس والأربعون
حزقيال,46,47,"الإصحاح السادس والأربعون
حزقيال,46,48,"الإصحاح السادس والأربعون
حزقيال,46,49,"الإصحاح السادس والأربعون
حزقيال,46,50,"الإصحاح السادس والأربعون
حزقيال,46,51,"الإصحاح السادس والأربعون
حزقيال,46,52,"الإصحاح السادس والأربعون
حزقيال,46,53,"الإصحاح السادس والأربعون
حزقيال,46,54,"الإصحاح السادس والأربعون
حزقيال,46,55,"الإصحاح السادس والأربعون
حزقيال,46,56,"الإصحاح السادس والأربعون
حزقيال,46,57,"الإصحاح السادس والأربعون
حزقيال,46,58,"الإصحاح السادس والأربعون
حزقيال,46,59,"الإصحاح السادس والأربعون
حزقيال,46,60,"الإصحاح السادس والأربعون
حزقيال,46,61,"الإصحاح السادس والأربعون
حزقيال,46,62,"الإصحاح السادس والأربعون
حزقيال,46,63,"الإصحاح السادس والأربعون
حزقيال,46,64,"الإصحاح السادس والأربعون
حزقيال,46,65,"الإصحاح السادس والأربعون
حزقيال,46,66,"الإصحاح السادس والأربعون
حزقيال,46,67,"الإصحاح السادس والأربعون
حزقيال,46,68,"الإصحاح السادس والأربعون
حزقيال,46,69,"الإصحاح السادس والأربعون
حزقيال,46,70,"الإصحاح السادس والأربعون
حزقيال,46,71,"الإصحاح السادس والأربعون
حزقيال,46,72,"الإصحاح السادس والأربعون
حزقيال,46,73,"الإصحاح السادس والأربعون
حزقيال,46,74,"الإصحاح السادس والأربعون
حزقيال,46,75,"الإصحاح السادس والأربعون
حزقيال,46,76,"الإصحاح السادس والأربعون
حزقيال,46,77,"الإصحاح السادس والأربعون
حزقيال,46,78,"الإصحاح السادس والأربعون
حزقيال,46,79,"الإصحاح السادس والأربعون
حزقيال,46,80,"الإصحاح السادس والأربعون
حزقيال,46,81,"الإصحاح السادس والأربعون
حزقيال,46,82,"الإصحاح السادس والأربعون
حزقيال,46,83,"الإصحاح السادس والأربعون
حزقيال,46,84,"الإصحاح السادس والأربعون
حزقيال,46,85,"الإصحاح السادس والأربعون
حزقيال,46,86,"الإصحاح السادس والأربعون
حزقيال,46,87,"الإصحاح السادس والأربعون
حزقيال,46,88,"الإصحاح السادس والأربعون
حزقيال,46,89,"الإصحاح السادس والأربعون
حزقيال,46,90,"الإصحاح السادس والأربعون
حزقيال,46,91,"الإصحاح السادس والأربعون
حزقيال,46,92,"الإصحاح السادس والأربعون
حزقيال,46,93,"الإصحاح السادس والأربعون
حزقيال,46,94,"الإصحاح السادس والأربعون
حزقيال,46,95,"الإصحاح السادس والأربعون
حزقيال,46,96,"الإصحاح السادس والأربعون
حزقيال,46,97,"الإصحاح السادس والأربعون
حزقيال,46,98,"الإصحاح السادس والأربعون
حزقيال,46,99,"الإصحاح السادس والأربعون
حزقيال,47,1,"الإصحاح السابع والأربعون
حزقيال,47,2,"الإصحاح السابع والأربعون
حزقيال,47,3,"الإصحاح السابع والأربعون
حزقيال,47,4,"الإصحاح السابع والأربعون
حزقيال,47,5,"الإصحاح السابع والأربعون
حزقيال,47,6,"الإصحاح السابع والأربعون
حزقيال,47,7,"الإصحاح السابع والأربعون
حزقيال,47,8,"الإصحاح السابع والأربعون
حزقيال,47,9,"الإصحاح السابع والأربعون
حزقيال,47,10,"الإصحاح السابع والأربعون
حزقيال,47,11,"الإصحاح السابع والأربعون
حزقيال,47,12,"الإصحاح السابع والأربعون
حزقيال,47,13,"الإصحاح السابع والأربعون
حزقيال,47,14,"الإصحاح السابع والأربعون
حزقيال,47,15,"الإصحاح السابع والأربعون
حزقيال,47,16,"الإصحاح السابع والأربعون
حزقيال,47,17,"الإصحاح السابع والأربعون
حزقيال,47,18,"الإصحاح السابع والأربعون
حزقيال,47,19,"الإصحاح السابع والأربعون
حزقيال,47,20,"الإصحاح السابع والأربعون
حزقيال,47,21,"الإصحاح السابع والأربعون
حزقيال,47,22,"الإصحاح السابع والأربعون
حزقيال,47,23,"الإصحاح السابع والأربعون
حزقيال,47,24,"الإصحاح السابع والأربعون
حزقيال,47,25,"الإصحاح السابع والأربعون
حزقيال,47,26,"الإصحاح السابع والأربعون
حزقيال,47,27,"الإصحاح السابع والأربعون
حزقيال,47,28,"الإصحاح السابع والأربعون
حزقيال,47,29,"الإصحاح السابع والأربعون
حزقيال,47,30,"الإصحاح السابع والأربعون
حزقيال,47,31,"الإصحاح السابع والأربعون
حزقيال,47,32,"الإصحاح السابع والأربعون
حزقيال,47,33,"الإصحاح السابع والأربعون
حزقيال,47,34,"الإصحاح السابع والأربعون
حزقيال,47,35,"الإصحاح السابع والأربعون
حزقيال,47,36,"الإصحاح السابع والأربعون
حزقيال,47,37,"الإصحاح السابع والأربعون
حزقيال,47,38,"الإصحاح السابع والأربعون
حزقيال,47,39,"الإصحاح السابع والأربعون
حزقيال,47,40,"الإصحاح السابع والأربعون
حزقيال,47,41,"الإصحاح السابع والأربعون
حزقيال,47,42,"الإصحاح السابع والأربعون
حزقيال,47,43,"الإصحاح السابع والأربعون
حزقيال,47,44,"الإصحاح السابع والأربعون
حزقيال,47,45,"الإصحاح السابع والأربعون
حزقيال,47,46,"الإصحاح السابع والأربعون
حزقيال,47,47,"الإصحاح السابع والأربعون
حزقيال,47,48,"الإصحاح السابع والأربعون
حزقيال,47,49,"الإصحاح السابع والأربعون
حزقيال,47,50,"الإصحاح السابع والأربعون
حزقيال,47,51,"الإصحاح السابع والأربعون
حزقيال,47,52,"الإصحاح السابع والأربعون
حزقيال,47,53,"الإصحاح السابع والأربعون
حزقيال,47,54,"الإصحاح السابع والأربعون
حزقيال,47,55,"الإصحاح السابع والأربعون
حزقيال,47,56,"الإصحاح السابع والأربعون
حزقيال,47,57,"الإصحاح السابع والأربعون
حزقيال,47,58,"الإصحاح السابع والأربعون
حزقيال,47,59,"الإصحاح السابع والأربعون
حزقيال,47,60,"الإصحاح السابع والأربعون
حزقيال,47,61,"الإصحاح السابع والأربعون
حزقيال,47,62,"الإصحاح السابع والأربعون
حزقيال,47,63,"الإصحاح السابع والأربعون
حزقيال,47,64,"الإصحاح السابع والأربعون
حزقيال,47,65,"الإصحاح السابع والأربعون
حزقيال,47,66,"الإصحاح السابع والأربعون
حزقيال,47,67,"الإصحاح السابع والأربعون
حزقيال,47,68,"الإصحاح السابع والأربعون
حزقيال,47,69,"الإصحاح السابع والأربعون
حزقيال,47,70,"الإصحاح السابع والأربعون
حزقيال,47,71,"الإصحاح السابع والأربعون
حزقيال,47,72,"الإصحاح السابع والأربعون
حزقيال,47,73,"الإصحاح السابع والأربعون
حزقيال,47,74,"الإصحاح السابع والأربعون
حزقيال,47,75,"الإصحاح السابع والأربعون
حزقيال,47,76,"الإصحاح السابع والأربعون
حزقيال,47,77,"الإصحاح السابع والأربعون
حزقيال,47,78,"الإصحاح السابع والأربعون
حزقيال,47,79,"الإصحاح السابع والأربعون
حزقيال,47,80,"الإصحاح السابع والأربعون
حزقيال,47,81,"الإصحاح السابع والأربعون
حزقيال,47,82,"الإصحاح السابع والأربعون
حزقيال,47,83,"الإصحاح السابع والأربعون
حزقيال,47,84,"الإصحاح السابع والأربعون
حزقيال,47,85,"الإصحاح السابع والأربعون
حزقيال,47,86,"الإصحاح السابع والأربعون
حزقيال,47,87,"الإصحاح السابع والأربعون
حزقيال,47,88,"الإصحاح السابع والأربعون
حزقيال,47,89,"الإصحاح السابع والأربعون
حزقيال,47,90,"الإصحاح السابع والأربعون
حزقيال,47,91,"الإصحاح السابع والأربعون
حزقيال,47,92,"الإصحاح السابع والأربعون
حزقيال,47,93,"الإصحاح السابع والأربعون
حزقيال,47,94,"الإصحاح السابع والأربعون
حزقيال,47,95,"الإصحاح السابع والأربعون
حزقيال,47,96,"الإصحاح السابع والأربعون
حزقيال,47,97,"الإصحاح السابع والأربعون
حزقيال,47,98,"الإصحاح السابع والأربعون
حزقيال,47,99,"الإصحاح السابع والأربعون
حزقيال,48,1,"الإصحاح الثامن والأربعون
حزقيال,48,2,"الإصحاح الثامن والأربعون
حزقيال,48,3,"الإصحاح الثامن والأربعون
حزقيال,48,4,"الإصحاح الثامن والأربعون
حزقيال,48,5,"الإصحاح الثامن والأربعون
حزقيال,48,6,"الإصحاح الثامن والأربعون
حزقيال,48,7,"الإصحاح الثامن والأربعون
حزقيال,48,8,"الإصحاح الثامن والأربعون
حزقيال,48,9,"الإصحاح الثامن والأربعون
حزقيال,48,10,"الإصحاح الثامن والأربعون
حزقيال,48,11,"الإصحاح الثامن والأربعون
حزقيال,48,12,"الإصحاح الثامن والأربعون
حزقيال,48,13,"الإصحاح الثامن والأربعون
حزقيال,48,14,"الإصحاح الثامن والأربعون
حزقيال,48,15,"الإصحاح الثامن والأربعون
حزقيال,48,16,"الإصحاح الثامن والأربعون
حزقيال,48,17,"الإصحاح الثامن والأربعون
حزقيال,48,18,"الإصحاح الثامن والأربعون
حزقيال,48,19,"الإصحاح الثامن والأربعون
حزقيال,48,20,"الإصحاح الثامن والأربعون
حزقيال,48,21,"الإصحاح الثامن والأربعون
حزقيال,48,22,"الإصحاح الثامن والأربعون
حزقيال,48,23,"الإصحاح الثامن والأربعون
حزقيال,48,24,"الإصحاح الثامن والأربعون
حزقيال,48,25,"الإصحاح الثامن والأربعون
حزقيال,48,26,"الإصحاح الثامن والأربعون
حزقيال,48,27,"الإصحاح الثامن والأربعون
حزقيال,48,28,"الإصحاح الثامن والأربعون
حزقيال,48,29,"الإصحاح الثامن والأربعون
حزقيال,48,30,"الإصحاح الثامن والأربعون
حزقيال,48,31,"الإصحاح الثامن والأربعون
حزقيال,48,32,"الإصحاح الثامن والأربعون
حزقيال,48,33,"الإصحاح الثامن والأربعون
حزقيال,48,34,"الإصحاح الثامن والأربعون
حزقيال,48,35,"الإصحاح الثامن والأربعون
حزقيال,48,36,"الإصحاح الثامن والأربعون
حزقيال,48,37,"الإصحاح الثامن والأربعون
حزقيال,48,38,"الإصحاح الثامن والأربعون
حزقيال,48,39,"الإصحاح الثامن والأربعون
حزقيال,48,40,"الإصحاح الثامن والأربعون
حزقيال,48,41,"الإصحاح الثامن والأربعون
حزقيال,48,42,"الإصحاح الثامن والأربعون
حزقيال,48,43,"الإصحاح الثامن والأربعون
حزقيال,48,44,"الإصحاح الثامن والأربعون
حزقيال,48,45,"الإصحاح الثامن والأربعون
حزقيال,48,46,"الإصحاح الثامن والأربعون
حزقيال,48,47,"الإصحاح الثامن والأربعون
حزقيال,48,48,"الإصحاح الثامن والأربعون
حزقيال,48,49,"الإصحاح الثامن والأربعون
حزقيال,48,50,"الإصحاح الثامن والأربعون
حزقيال,48,51,"الإصحاح الثامن والأربعون
حزقيال,48,52,"الإصحاح الثامن والأربعون
حزقيال,48,53,"الإصحاح الثامن والأربعون
حزقيال,48,54,"الإصحاح الثامن والأربعون
حزقيال,48,55,"الإصحاح الثامن والأربعون
حزقيال,48,56,"الإصحاح الثامن والأربعون
حزقيال,48,57,"الإصحاح الثامن والأربعون
حزقيال,48,58,"الإصحاح الثامن والأربعون
حزقيال,48,59,"الإصحاح الثامن والأربعون
حزقيال,48,60,"الإصحاح الثامن والأربعون
حزقيال,48,61,"الإصحاح الثامن والأربعون
حزقيال,48,62,"الإصحاح الثامن والأربعون
حزقيال,48,63,"الإصحاح الثامن والأربعون
حزقيال,48,64,"الإصحاح الثامن والأربعون
حزقيال,48,65,"الإصحاح الثامن والأربعون
حزقيال,48,66,"الإصحاح الثامن والأربعون
حزقيال,48,67,"الإصحاح الثامن والأربعون
حزقيال,48,68,"الإصحاح الثامن والأربعون
حزقيال,48,69,"الإصحاح الثامن والأربعون
حزقيال,48,70,"الإصحاح الثامن والأربعون
حزقيال,48,71,"الإصحاح الثامن والأربعون
حزقيال,48,72,"الإصحاح الثامن والأربعون
حزقيال,48,73,"الإصحاح الثامن والأربعون
حزقيال,48,74,"الإصحاح الثامن والأربعون
حزقيال,48,75,"الإصحاح الثامن والأربعون
حزقيال,48,76,"الإصحاح الثامن والأربعون
حزقيال,48,77,"الإصحاح الثامن والأربعون
حزقيال,48,78,"الإصحاح الثامن والأربعون
حزقيال,48,79,"الإصحاح الثامن والأربعون
حزقيال,48,80,"الإصحاح الثامن والأربعون
حزقيال,48,81,"الإصحاح الثامن والأربعون
حزقيال,48,82,"الإصحاح الثامن والأربعون
حزقيال,48,83,"الإصحاح الثامن والأربعون
حزقيال,48,84,"الإصحاح الثامن والأربعون
حزقيال,48,85,"الإصحاح الثامن والأربعون
حزقيال,48,86,"الإصحاح الثامن والأربعون
حزقيال,48,87,"الإصحاح الثامن والأربعون
حزقيال,48,88,"الإصحاح الثامن والأربعون
حزقيال,48,89,"الإصحاح الثامن والأربعون
حزقيال,48,90,"الإصحاح الثامن والأربعون
حزقيال,48,91,"الإصحاح الثامن والأربعون
حزقيال,48,92,"الإصحاح الثامن والأربعون
حزقيال,48,93,"الإصحاح الثامن والأربعون
حزقيال,48,94,"الإصحاح الثامن والأربعون
حزقيال,48,95,"الإصحاح الثامن والأربعون
حزقيال,48,96,"الإصحاح الثامن والأربعون
حزقيال,48,97,"الإصحاح الثامن والأربعون
حزقيال,48,98,"الإصحاح الثامن والأربعون
حزقيال,48,99,"الإصحاح الثامن والأربعون