book,chapter,verse,tafsir
خروج,1,1,"المقدمة
خروج,1,2,"الإصحاح الأول
خروج,1,3,"الإصحاح الأول
خروج,1,4,"الإصحاح الأول
خروج,1,5,"الإصحاح الأول
خروج,1,6,"الإصحاح الأول
خروج,1,7,"الإصحاح الأول
خروج,1,8,"الإصحاح الأول
خروج,1,9,"الإصحاح الأول
خروج,1,10,"الإصحاح الأول
خروج,1,11,"الإصحاح الأول
خروج,1,12,"الإصحاح الأول
خروج,1,13,"الإصحاح الأول
خروج,1,14,"الإصحاح الأول
خروج,1,15,"الإصحاح الأول
خروج,1,16,"الإصحاح الأول
خروج,1,17,"الإصحاح الأول
خروج,1,18,"الإصحاح الأول
خروج,1,19,"الإصحاح الأول
خروج,1,20,"الإصحاح الأول
خروج,1,21,"الإصحاح الأول
خروج,1,22,"الإصحاح الأول
خروج,1,23,"الإصحاح الأول
خروج,1,24,"الإصحاح الأول
خروج,1,25,"الإصحاح الأول
خروج,1,26,"الإصحاح الأول
خروج,1,27,"الإصحاح الأول
خروج,1,28,"الإصحاح الأول
خروج,1,29,"الإصحاح الأول
خروج,1,30,"الإصحاح الأول
خروج,1,31,"الإصحاح الأول
خروج,1,32,"الإصحاح الأول
خروج,1,33,"الإصحاح الأول
خروج,1,34,"الإصحاح الأول
خروج,1,35,"الإصحاح الأول
خروج,1,36,"الإصحاح الأول
خروج,1,37,"الإصحاح الأول
خروج,1,38,"الإصحاح الأول
خروج,1,39,"الإصحاح الأول
خروج,1,40,"الإصحاح الأول
خروج,1,41,"الإصحاح الأول
خروج,1,42,"الإصحاح الأول
خروج,1,43,"الإصحاح الأول
خروج,1,44,"الإصحاح الأول
خروج,1,45,"الإصحاح الأول
خروج,1,46,"الإصحاح الأول
خروج,1,47,"الإصحاح الأول
خروج,1,48,"الإصحاح الأول
خروج,1,49,"الإصحاح الأول
خروج,1,50,"الإصحاح الأول
خروج,1,51,"الإصحاح الأول
خروج,1,52,"الإصحاح الأول
خروج,1,53,"الإصحاح الأول
خروج,1,54,"الإصحاح الأول
خروج,1,55,"الإصحاح الأول
خروج,1,56,"الإصحاح الأول
خروج,1,57,"الإصحاح الأول
خروج,1,58,"الإصحاح الأول
خروج,1,59,"الإصحاح الأول
خروج,1,60,"الإصحاح الأول
خروج,1,61,"الإصحاح الأول
خروج,1,62,"الإصحاح الأول
خروج,1,63,"الإصحاح الأول
خروج,1,64,"الإصحاح الأول
خروج,1,65,"الإصحاح الأول
خروج,1,66,"الإصحاح الأول
خروج,1,67,"الإصحاح الأول
خروج,1,68,"الإصحاح الأول
خروج,1,69,"الإصحاح الأول
خروج,1,70,"الإصحاح الأول
خروج,1,71,"الإصحاح الأول
خروج,1,72,"الإصحاح الأول
خروج,1,73,"الإصحاح الأول
خروج,1,74,"الإصحاح الأول
خروج,1,75,"الإصحاح الأول
خروج,1,76,"الإصحاح الأول
خروج,1,77,"الإصحاح الأول
خروج,1,78,"الإصحاح الأول
خروج,1,79,"الإصحاح الأول
خروج,1,80,"الإصحاح الأول
خروج,1,81,"الإصحاح الأول
خروج,1,82,"الإصحاح الأول
خروج,1,83,"الإصحاح الأول
خروج,1,84,"الإصحاح الأول
خروج,1,85,"الإصحاح الأول
خروج,1,86,"الإصحاح الأول
خروج,1,87,"الإصحاح الأول
خروج,1,88,"الإصحاح الأول
خروج,1,89,"الإصحاح الأول
خروج,1,90,"الإصحاح الأول
خروج,1,91,"الإصحاح الأول
خروج,1,92,"الإصحاح الأول
خروج,1,93,"الإصحاح الأول
خروج,1,94,"الإصحاح الأول
خروج,1,95,"الإصحاح الأول
خروج,1,96,"الإصحاح الأول
خروج,1,97,"الإصحاح الأول
خروج,1,98,"الإصحاح الأول
خروج,1,99,"الإصحاح الأول
خروج,2,1,"الإصحاح الثاني
خروج,2,2,"الإصحاح الثاني
خروج,2,3,"الإصحاح الثاني
خروج,2,4,"الإصحاح الثاني
خروج,2,5,"الإصحاح الثاني
خروج,2,6,"الإصحاح الثاني
خروج,2,7,"الإصحاح الثاني
خروج,2,8,"الإصحاح الثاني
خروج,2,9,"الإصحاح الثاني
خروج,2,10,"الإصحاح الثاني
خروج,2,11,"الإصحاح الثاني
خروج,2,12,"الإصحاح الثاني
خروج,2,13,"الإصحاح الثاني
خروج,2,14,"الإصحاح الثاني
خروج,2,15,"الإصحاح الثاني
خروج,2,16,"الإصحاح الثاني
خروج,2,17,"الإصحاح الثاني
خروج,2,18,"الإصحاح الثاني
خروج,2,19,"الإصحاح الثاني
خروج,2,20,"الإصحاح الثاني
خروج,2,21,"الإصحاح الثاني
خروج,2,22,"الإصحاح الثاني
خروج,2,23,"الإصحاح الثاني
خروج,2,24,"الإصحاح الثاني
خروج,2,25,"الإصحاح الثاني
خروج,2,26,"الإصحاح الثاني
خروج,2,27,"الإصحاح الثاني
خروج,2,28,"الإصحاح الثاني
خروج,2,29,"الإصحاح الثاني
خروج,2,30,"الإصحاح الثاني
خروج,2,31,"الإصحاح الثاني
خروج,2,32,"الإصحاح الثاني
خروج,2,33,"الإصحاح الثاني
خروج,2,34,"الإصحاح الثاني
خروج,2,35,"الإصحاح الثاني
خروج,2,36,"الإصحاح الثاني
خروج,2,37,"الإصحاح الثاني
خروج,2,38,"الإصحاح الثاني
خروج,2,39,"الإصحاح الثاني
خروج,2,40,"الإصحاح الثاني
خروج,2,41,"الإصحاح الثاني
خروج,2,42,"الإصحاح الثاني
خروج,2,43,"الإصحاح الثاني
خروج,2,44,"الإصحاح الثاني
خروج,2,45,"الإصحاح الثاني
خروج,2,46,"الإصحاح الثاني
خروج,2,47,"الإصحاح الثاني
خروج,2,48,"الإصحاح الثاني
خروج,2,49,"الإصحاح الثاني
خروج,2,50,"الإصحاح الثاني
خروج,2,51,"الإصحاح الثاني
خروج,2,52,"الإصحاح الثاني
خروج,2,53,"الإصحاح الثاني
خروج,2,54,"الإصحاح الثاني
خروج,2,55,"الإصحاح الثاني
خروج,2,56,"الإصحاح الثاني
خروج,2,57,"الإصحاح الثاني
خروج,2,58,"الإصحاح الثاني
خروج,2,59,"الإصحاح الثاني
خروج,2,60,"الإصحاح الثاني
خروج,2,61,"الإصحاح الثاني
خروج,2,62,"الإصحاح الثاني
خروج,2,63,"الإصحاح الثاني
خروج,2,64,"الإصحاح الثاني
خروج,2,65,"الإصحاح الثاني
خروج,2,66,"الإصحاح الثاني
خروج,2,67,"الإصحاح الثاني
خروج,2,68,"الإصحاح الثاني
خروج,2,69,"الإصحاح الثاني
خروج,2,70,"الإصحاح الثاني
خروج,2,71,"الإصحاح الثاني
خروج,2,72,"الإصحاح الثاني
خروج,2,73,"الإصحاح الثاني
خروج,2,74,"الإصحاح الثاني
خروج,2,75,"الإصحاح الثاني
خروج,2,76,"الإصحاح الثاني
خروج,2,77,"الإصحاح الثاني
خروج,2,78,"الإصحاح الثاني
خروج,2,79,"الإصحاح الثاني
خروج,2,80,"الإصحاح الثاني
خروج,2,81,"الإصحاح الثاني
خروج,2,82,"الإصحاح الثاني
خروج,2,83,"الإصحاح الثاني
خروج,2,84,"الإصحاح الثاني
خروج,2,85,"الإصحاح الثاني
خروج,2,86,"الإصحاح الثاني
خروج,2,87,"الإصحاح الثاني
خروج,2,88,"الإصحاح الثاني
خروج,2,89,"الإصحاح الثاني
خروج,2,90,"الإصحاح الثاني
خروج,2,91,"الإصحاح الثاني
خروج,2,92,"الإصحاح الثاني
خروج,2,93,"الإصحاح الثاني
خروج,2,94,"الإصحاح الثاني
خروج,2,95,"الإصحاح الثاني
خروج,2,96,"الإصحاح الثاني
خروج,2,97,"الإصحاح الثاني
خروج,2,98,"الإصحاح الثاني
خروج,2,99,"الإصحاح الثاني
خروج,3,1,"الإصحاح الثالث 
خروج,3,2,"الإصحاح الثالث 
خروج,3,3,"الإصحاح الثالث 
خروج,3,4,"الإصحاح الثالث 
خروج,3,5,"الإصحاح الثالث 
خروج,3,6,"الإصحاح الثالث 
خروج,3,7,"الإصحاح الثالث 
خروج,3,8,"الإصحاح الثالث 
خروج,3,9,"الإصحاح الثالث 
خروج,3,10,"الإصحاح الثالث 
خروج,3,11,"الإصحاح الثالث 
خروج,3,12,"الإصحاح الثالث 
خروج,3,13,"الإصحاح الثالث 
خروج,3,14,"الإصحاح الثالث 
خروج,3,15,"الإصحاح الثالث 
خروج,3,16,"الإصحاح الثالث 
خروج,3,17,"الإصحاح الثالث 
خروج,3,18,"الإصحاح الثالث 
خروج,3,19,"الإصحاح الثالث 
خروج,3,20,"الإصحاح الثالث 
خروج,3,21,"الإصحاح الثالث 
خروج,3,22,"الإصحاح الثالث 
خروج,3,23,"الإصحاح الثالث 
خروج,3,24,"الإصحاح الثالث 
خروج,3,25,"الإصحاح الثالث 
خروج,3,26,"الإصحاح الثالث 
خروج,3,27,"الإصحاح الثالث 
خروج,3,28,"الإصحاح الثالث 
خروج,3,29,"الإصحاح الثالث 
خروج,3,30,"الإصحاح الثالث 
خروج,3,31,"الإصحاح الثالث 
خروج,3,32,"الإصحاح الثالث 
خروج,3,33,"الإصحاح الثالث 
خروج,3,34,"الإصحاح الثالث 
خروج,3,35,"الإصحاح الثالث 
خروج,3,36,"الإصحاح الثالث 
خروج,3,37,"الإصحاح الثالث 
خروج,3,38,"الإصحاح الثالث 
خروج,3,39,"الإصحاح الثالث 
خروج,3,40,"الإصحاح الثالث 
خروج,3,41,"الإصحاح الثالث 
خروج,3,42,"الإصحاح الثالث 
خروج,3,43,"الإصحاح الثالث 
خروج,3,44,"الإصحاح الثالث 
خروج,3,45,"الإصحاح الثالث 
خروج,3,46,"الإصحاح الثالث 
خروج,3,47,"الإصحاح الثالث 
خروج,3,48,"الإصحاح الثالث 
خروج,3,49,"الإصحاح الثالث 
خروج,3,50,"الإصحاح الثالث 
خروج,3,51,"الإصحاح الثالث 
خروج,3,52,"الإصحاح الثالث 
خروج,3,53,"الإصحاح الثالث 
خروج,3,54,"الإصحاح الثالث 
خروج,3,55,"الإصحاح الثالث 
خروج,3,56,"الإصحاح الثالث 
خروج,3,57,"الإصحاح الثالث 
خروج,3,58,"الإصحاح الثالث 
خروج,3,59,"الإصحاح الثالث 
خروج,3,60,"الإصحاح الثالث 
خروج,3,61,"الإصحاح الثالث 
خروج,3,62,"الإصحاح الثالث 
خروج,3,63,"الإصحاح الثالث 
خروج,3,64,"الإصحاح الثالث 
خروج,3,65,"الإصحاح الثالث 
خروج,3,66,"الإصحاح الثالث 
خروج,3,67,"الإصحاح الثالث 
خروج,3,68,"الإصحاح الثالث 
خروج,3,69,"الإصحاح الثالث 
خروج,3,70,"الإصحاح الثالث 
خروج,3,71,"الإصحاح الثالث 
خروج,3,72,"الإصحاح الثالث 
خروج,3,73,"الإصحاح الثالث 
خروج,3,74,"الإصحاح الثالث 
خروج,3,75,"الإصحاح الثالث 
خروج,3,76,"الإصحاح الثالث 
خروج,3,77,"الإصحاح الثالث 
خروج,3,78,"الإصحاح الثالث 
خروج,3,79,"الإصحاح الثالث 
خروج,3,80,"الإصحاح الثالث 
خروج,3,81,"الإصحاح الثالث 
خروج,3,82,"الإصحاح الثالث 
خروج,3,83,"الإصحاح الثالث 
خروج,3,84,"الإصحاح الثالث 
خروج,3,85,"الإصحاح الثالث 
خروج,3,86,"الإصحاح الثالث 
خروج,3,87,"الإصحاح الثالث 
خروج,3,88,"الإصحاح الثالث 
خروج,3,89,"الإصحاح الثالث 
خروج,3,90,"الإصحاح الثالث 
خروج,3,91,"الإصحاح الثالث 
خروج,3,92,"الإصحاح الثالث 
خروج,3,93,"الإصحاح الثالث 
خروج,3,94,"الإصحاح الثالث 
خروج,3,95,"الإصحاح الثالث 
خروج,3,96,"الإصحاح الثالث 
خروج,3,97,"الإصحاح الثالث 
خروج,3,98,"الإصحاح الثالث 
خروج,3,99,"الإصحاح الثالث 
خروج,4,1,"الإصحاح الرابع 
خروج,4,2,"الإصحاح الرابع 
خروج,4,3,"الإصحاح الرابع 
خروج,4,4,"الإصحاح الرابع 
خروج,4,5,"الإصحاح الرابع 
خروج,4,6,"الإصحاح الرابع 
خروج,4,7,"الإصحاح الرابع 
خروج,4,8,"الإصحاح الرابع 
خروج,4,9,"الإصحاح الرابع 
خروج,4,10,"الإصحاح الرابع 
خروج,4,11,"الإصحاح الرابع 
خروج,4,12,"الإصحاح الرابع 
خروج,4,13,"الإصحاح الرابع 
خروج,4,14,"الإصحاح الرابع 
خروج,4,15,"الإصحاح الرابع 
خروج,4,16,"الإصحاح الرابع 
خروج,4,17,"الإصحاح الرابع 
خروج,4,18,"الإصحاح الرابع 
خروج,4,19,"الإصحاح الرابع 
خروج,4,20,"الإصحاح الرابع 
خروج,4,21,"الإصحاح الرابع 
خروج,4,22,"الإصحاح الرابع 
خروج,4,23,"الإصحاح الرابع 
خروج,4,24,"الإصحاح الرابع 
خروج,4,25,"الإصحاح الرابع 
خروج,4,26,"الإصحاح الرابع 
خروج,4,27,"الإصحاح الرابع 
خروج,4,28,"الإصحاح الرابع 
خروج,4,29,"الإصحاح الرابع 
خروج,4,30,"الإصحاح الرابع 
خروج,4,31,"الإصحاح الرابع 
خروج,4,32,"الإصحاح الرابع 
خروج,4,33,"الإصحاح الرابع 
خروج,4,34,"الإصحاح الرابع 
خروج,4,35,"الإصحاح الرابع 
خروج,4,36,"الإصحاح الرابع 
خروج,4,37,"الإصحاح الرابع 
خروج,4,38,"الإصحاح الرابع 
خروج,4,39,"الإصحاح الرابع 
خروج,4,40,"الإصحاح الرابع 
خروج,4,41,"الإصحاح الرابع 
خروج,4,42,"الإصحاح الرابع 
خروج,4,43,"الإصحاح الرابع 
خروج,4,44,"الإصحاح الرابع 
خروج,4,45,"الإصحاح الرابع 
خروج,4,46,"الإصحاح الرابع 
خروج,4,47,"الإصحاح الرابع 
خروج,4,48,"الإصحاح الرابع 
خروج,4,49,"الإصحاح الرابع 
خروج,4,50,"الإصحاح الرابع 
خروج,4,51,"الإصحاح الرابع 
خروج,4,52,"الإصحاح الرابع 
خروج,4,53,"الإصحاح الرابع 
خروج,4,54,"الإصحاح الرابع 
خروج,4,55,"الإصحاح الرابع 
خروج,4,56,"الإصحاح الرابع 
خروج,4,57,"الإصحاح الرابع 
خروج,4,58,"الإصحاح الرابع 
خروج,4,59,"الإصحاح الرابع 
خروج,4,60,"الإصحاح الرابع 
خروج,4,61,"الإصحاح الرابع 
خروج,4,62,"الإصحاح الرابع 
خروج,4,63,"الإصحاح الرابع 
خروج,4,64,"الإصحاح الرابع 
خروج,4,65,"الإصحاح الرابع 
خروج,4,66,"الإصحاح الرابع 
خروج,4,67,"الإصحاح الرابع 
خروج,4,68,"الإصحاح الرابع 
خروج,4,69,"الإصحاح الرابع 
خروج,4,70,"الإصحاح الرابع 
خروج,4,71,"الإصحاح الرابع 
خروج,4,72,"الإصحاح الرابع 
خروج,4,73,"الإصحاح الرابع 
خروج,4,74,"الإصحاح الرابع 
خروج,4,75,"الإصحاح الرابع 
خروج,4,76,"الإصحاح الرابع 
خروج,4,77,"الإصحاح الرابع 
خروج,4,78,"الإصحاح الرابع 
خروج,4,79,"الإصحاح الرابع 
خروج,4,80,"الإصحاح الرابع 
خروج,4,81,"الإصحاح الرابع 
خروج,4,82,"الإصحاح الرابع 
خروج,4,83,"الإصحاح الرابع 
خروج,4,84,"الإصحاح الرابع 
خروج,4,85,"الإصحاح الرابع 
خروج,4,86,"الإصحاح الرابع 
خروج,4,87,"الإصحاح الرابع 
خروج,4,88,"الإصحاح الرابع 
خروج,4,89,"الإصحاح الرابع 
خروج,4,90,"الإصحاح الرابع 
خروج,4,91,"الإصحاح الرابع 
خروج,4,92,"الإصحاح الرابع 
خروج,4,93,"الإصحاح الرابع 
خروج,4,94,"الإصحاح الرابع 
خروج,4,95,"الإصحاح الرابع 
خروج,4,96,"الإصحاح الرابع 
خروج,4,97,"الإصحاح الرابع 
خروج,4,98,"الإصحاح الرابع 
خروج,4,99,"الإصحاح الرابع 
خروج,5,1,"الإصحاح الخامس
خروج,5,2,"الإصحاح الخامس
خروج,5,3,"الإصحاح الخامس
خروج,5,4,"الإصحاح الخامس
خروج,5,5,"الإصحاح الخامس
خروج,5,6,"الإصحاح الخامس
خروج,5,7,"الإصحاح الخامس
خروج,5,8,"الإصحاح الخامس
خروج,5,9,"الإصحاح الخامس
خروج,5,10,"الإصحاح الخامس
خروج,5,11,"الإصحاح الخامس
خروج,5,12,"الإصحاح الخامس
خروج,5,13,"الإصحاح الخامس
خروج,5,14,"الإصحاح الخامس
خروج,5,15,"الإصحاح الخامس
خروج,5,16,"الإصحاح الخامس
خروج,5,17,"الإصحاح الخامس
خروج,5,18,"الإصحاح الخامس
خروج,5,19,"الإصحاح الخامس
خروج,5,20,"الإصحاح الخامس
خروج,5,21,"الإصحاح الخامس
خروج,5,22,"الإصحاح الخامس
خروج,5,23,"الإصحاح الخامس
خروج,5,24,"الإصحاح الخامس
خروج,5,25,"الإصحاح الخامس
خروج,5,26,"الإصحاح الخامس
خروج,5,27,"الإصحاح الخامس
خروج,5,28,"الإصحاح الخامس
خروج,5,29,"الإصحاح الخامس
خروج,5,30,"الإصحاح الخامس
خروج,5,31,"الإصحاح الخامس
خروج,5,32,"الإصحاح الخامس
خروج,5,33,"الإصحاح الخامس
خروج,5,34,"الإصحاح الخامس
خروج,5,35,"الإصحاح الخامس
خروج,5,36,"الإصحاح الخامس
خروج,5,37,"الإصحاح الخامس
خروج,5,38,"الإصحاح الخامس
خروج,5,39,"الإصحاح الخامس
خروج,5,40,"الإصحاح الخامس
خروج,5,41,"الإصحاح الخامس
خروج,5,42,"الإصحاح الخامس
خروج,5,43,"الإصحاح الخامس
خروج,5,44,"الإصحاح الخامس
خروج,5,45,"الإصحاح الخامس
خروج,5,46,"الإصحاح الخامس
خروج,5,47,"الإصحاح الخامس
خروج,5,48,"الإصحاح الخامس
خروج,5,49,"الإصحاح الخامس
خروج,5,50,"الإصحاح الخامس
خروج,5,51,"الإصحاح الخامس
خروج,5,52,"الإصحاح الخامس
خروج,5,53,"الإصحاح الخامس
خروج,5,54,"الإصحاح الخامس
خروج,5,55,"الإصحاح الخامس
خروج,5,56,"الإصحاح الخامس
خروج,5,57,"الإصحاح الخامس
خروج,5,58,"الإصحاح الخامس
خروج,5,59,"الإصحاح الخامس
خروج,5,60,"الإصحاح الخامس
خروج,5,61,"الإصحاح الخامس
خروج,5,62,"الإصحاح الخامس
خروج,5,63,"الإصحاح الخامس
خروج,5,64,"الإصحاح الخامس
خروج,5,65,"الإصحاح الخامس
خروج,5,66,"الإصحاح الخامس
خروج,5,67,"الإصحاح الخامس
خروج,5,68,"الإصحاح الخامس
خروج,5,69,"الإصحاح الخامس
خروج,5,70,"الإصحاح الخامس
خروج,5,71,"الإصحاح الخامس
خروج,5,72,"الإصحاح الخامس
خروج,5,73,"الإصحاح الخامس
خروج,5,74,"الإصحاح الخامس
خروج,5,75,"الإصحاح الخامس
خروج,5,76,"الإصحاح الخامس
خروج,5,77,"الإصحاح الخامس
خروج,5,78,"الإصحاح الخامس
خروج,5,79,"الإصحاح الخامس
خروج,5,80,"الإصحاح الخامس
خروج,5,81,"الإصحاح الخامس
خروج,5,82,"الإصحاح الخامس
خروج,5,83,"الإصحاح الخامس
خروج,5,84,"الإصحاح الخامس
خروج,5,85,"الإصحاح الخامس
خروج,5,86,"الإصحاح الخامس
خروج,5,87,"الإصحاح الخامس
خروج,5,88,"الإصحاح الخامس
خروج,5,89,"الإصحاح الخامس
خروج,5,90,"الإصحاح الخامس
خروج,5,91,"الإصحاح الخامس
خروج,5,92,"الإصحاح الخامس
خروج,5,93,"الإصحاح الخامس
خروج,5,94,"الإصحاح الخامس
خروج,5,95,"الإصحاح الخامس
خروج,5,96,"الإصحاح الخامس
خروج,5,97,"الإصحاح الخامس
خروج,5,98,"الإصحاح الخامس
خروج,5,99,"الإصحاح الخامس
خروج,6,1,"الإصحاح السادس
خروج,6,2,"الإصحاح السادس
خروج,6,3,"الإصحاح السادس
خروج,6,4,"الإصحاح السادس
خروج,6,5,"الإصحاح السادس
خروج,6,6,"الإصحاح السادس
خروج,6,7,"الإصحاح السادس
خروج,6,8,"الإصحاح السادس
خروج,6,9,"الإصحاح السادس
خروج,6,10,"الإصحاح السادس
خروج,6,11,"الإصحاح السادس
خروج,6,12,"الإصحاح السادس
خروج,6,13,"الإصحاح السادس
خروج,6,14,"الإصحاح السادس
خروج,6,15,"الإصحاح السادس
خروج,6,16,"الإصحاح السادس
خروج,6,17,"الإصحاح السادس
خروج,6,18,"الإصحاح السادس
خروج,6,19,"الإصحاح السادس
خروج,6,20,"الإصحاح السادس
خروج,6,21,"الإصحاح السادس
خروج,6,22,"الإصحاح السادس
خروج,6,23,"الإصحاح السادس
خروج,6,24,"الإصحاح السادس
خروج,6,25,"الإصحاح السادس
خروج,6,26,"الإصحاح السادس
خروج,6,27,"الإصحاح السادس
خروج,6,28,"الإصحاح السادس
خروج,6,29,"الإصحاح السادس
خروج,6,30,"الإصحاح السادس
خروج,6,31,"الإصحاح السادس
خروج,6,32,"الإصحاح السادس
خروج,6,33,"الإصحاح السادس
خروج,6,34,"الإصحاح السادس
خروج,6,35,"الإصحاح السادس
خروج,6,36,"الإصحاح السادس
خروج,6,37,"الإصحاح السادس
خروج,6,38,"الإصحاح السادس
خروج,6,39,"الإصحاح السادس
خروج,6,40,"الإصحاح السادس
خروج,6,41,"الإصحاح السادس
خروج,6,42,"الإصحاح السادس
خروج,6,43,"الإصحاح السادس
خروج,6,44,"الإصحاح السادس
خروج,6,45,"الإصحاح السادس
خروج,6,46,"الإصحاح السادس
خروج,6,47,"الإصحاح السادس
خروج,6,48,"الإصحاح السادس
خروج,6,49,"الإصحاح السادس
خروج,6,50,"الإصحاح السادس
خروج,6,51,"الإصحاح السادس
خروج,6,52,"الإصحاح السادس
خروج,6,53,"الإصحاح السادس
خروج,6,54,"الإصحاح السادس
خروج,6,55,"الإصحاح السادس
خروج,6,56,"الإصحاح السادس
خروج,6,57,"الإصحاح السادس
خروج,6,58,"الإصحاح السادس
خروج,6,59,"الإصحاح السادس
خروج,6,60,"الإصحاح السادس
خروج,6,61,"الإصحاح السادس
خروج,6,62,"الإصحاح السادس
خروج,6,63,"الإصحاح السادس
خروج,6,64,"الإصحاح السادس
خروج,6,65,"الإصحاح السادس
خروج,6,66,"الإصحاح السادس
خروج,6,67,"الإصحاح السادس
خروج,6,68,"الإصحاح السادس
خروج,6,69,"الإصحاح السادس
خروج,6,70,"الإصحاح السادس
خروج,6,71,"الإصحاح السادس
خروج,6,72,"الإصحاح السادس
خروج,6,73,"الإصحاح السادس
خروج,6,74,"الإصحاح السادس
خروج,6,75,"الإصحاح السادس
خروج,6,76,"الإصحاح السادس
خروج,6,77,"الإصحاح السادس
خروج,6,78,"الإصحاح السادس
خروج,6,79,"الإصحاح السادس
خروج,6,80,"الإصحاح السادس
خروج,6,81,"الإصحاح السادس
خروج,6,82,"الإصحاح السادس
خروج,6,83,"الإصحاح السادس
خروج,6,84,"الإصحاح السادس
خروج,6,85,"الإصحاح السادس
خروج,6,86,"الإصحاح السادس
خروج,6,87,"الإصحاح السادس
خروج,6,88,"الإصحاح السادس
خروج,6,89,"الإصحاح السادس
خروج,6,90,"الإصحاح السادس
خروج,6,91,"الإصحاح السادس
خروج,6,92,"الإصحاح السادس
خروج,6,93,"الإصحاح السادس
خروج,6,94,"الإصحاح السادس
خروج,6,95,"الإصحاح السادس
خروج,6,96,"الإصحاح السادس
خروج,6,97,"الإصحاح السادس
خروج,6,98,"الإصحاح السادس
خروج,6,99,"الإصحاح السادس
خروج,7,1,"الإصحاح السابع
خروج,7,2,"الإصحاح السابع
خروج,7,3,"الإصحاح السابع
خروج,7,4,"الإصحاح السابع
خروج,7,5,"الإصحاح السابع
خروج,7,6,"الإصحاح السابع
خروج,7,7,"الإصحاح السابع
خروج,7,8,"الإصحاح السابع
خروج,7,9,"الإصحاح السابع
خروج,7,10,"الإصحاح السابع
خروج,7,11,"الإصحاح السابع
خروج,7,12,"الإصحاح السابع
خروج,7,13,"الإصحاح السابع
خروج,7,14,"الإصحاح السابع
خروج,7,15,"الإصحاح السابع
خروج,7,16,"الإصحاح السابع
خروج,7,17,"الإصحاح السابع
خروج,7,18,"الإصحاح السابع
خروج,7,19,"الإصحاح السابع
خروج,7,20,"الإصحاح السابع
خروج,7,21,"الإصحاح السابع
خروج,7,22,"الإصحاح السابع
خروج,7,23,"الإصحاح السابع
خروج,7,24,"الإصحاح السابع
خروج,7,25,"الإصحاح السابع
خروج,7,26,"الإصحاح السابع
خروج,7,27,"الإصحاح السابع
خروج,7,28,"الإصحاح السابع
خروج,7,29,"الإصحاح السابع
خروج,7,30,"الإصحاح السابع
خروج,7,31,"الإصحاح السابع
خروج,7,32,"الإصحاح السابع
خروج,7,33,"الإصحاح السابع
خروج,7,34,"الإصحاح السابع
خروج,7,35,"الإصحاح السابع
خروج,7,36,"الإصحاح السابع
خروج,7,37,"الإصحاح السابع
خروج,7,38,"الإصحاح السابع
خروج,7,39,"الإصحاح السابع
خروج,7,40,"الإصحاح السابع
خروج,7,41,"الإصحاح السابع
خروج,7,42,"الإصحاح السابع
خروج,7,43,"الإصحاح السابع
خروج,7,44,"الإصحاح السابع
خروج,7,45,"الإصحاح السابع
خروج,7,46,"الإصحاح السابع
خروج,7,47,"الإصحاح السابع
خروج,7,48,"الإصحاح السابع
خروج,7,49,"الإصحاح السابع
خروج,7,50,"الإصحاح السابع
خروج,7,51,"الإصحاح السابع
خروج,7,52,"الإصحاح السابع
خروج,7,53,"الإصحاح السابع
خروج,7,54,"الإصحاح السابع
خروج,7,55,"الإصحاح السابع
خروج,7,56,"الإصحاح السابع
خروج,7,57,"الإصحاح السابع
خروج,7,58,"الإصحاح السابع
خروج,7,59,"الإصحاح السابع
خروج,7,60,"الإصحاح السابع
خروج,7,61,"الإصحاح السابع
خروج,7,62,"الإصحاح السابع
خروج,7,63,"الإصحاح السابع
خروج,7,64,"الإصحاح السابع
خروج,7,65,"الإصحاح السابع
خروج,7,66,"الإصحاح السابع
خروج,7,67,"الإصحاح السابع
خروج,7,68,"الإصحاح السابع
خروج,7,69,"الإصحاح السابع
خروج,7,70,"الإصحاح السابع
خروج,7,71,"الإصحاح السابع
خروج,7,72,"الإصحاح السابع
خروج,7,73,"الإصحاح السابع
خروج,7,74,"الإصحاح السابع
خروج,7,75,"الإصحاح السابع
خروج,7,76,"الإصحاح السابع
خروج,7,77,"الإصحاح السابع
خروج,7,78,"الإصحاح السابع
خروج,7,79,"الإصحاح السابع
خروج,7,80,"الإصحاح السابع
خروج,7,81,"الإصحاح السابع
خروج,7,82,"الإصحاح السابع
خروج,7,83,"الإصحاح السابع
خروج,7,84,"الإصحاح السابع
خروج,7,85,"الإصحاح السابع
خروج,7,86,"الإصحاح السابع
خروج,7,87,"الإصحاح السابع
خروج,7,88,"الإصحاح السابع
خروج,7,89,"الإصحاح السابع
خروج,7,90,"الإصحاح السابع
خروج,7,91,"الإصحاح السابع
خروج,7,92,"الإصحاح السابع
خروج,7,93,"الإصحاح السابع
خروج,7,94,"الإصحاح السابع
خروج,7,95,"الإصحاح السابع
خروج,7,96,"الإصحاح السابع
خروج,7,97,"الإصحاح السابع
خروج,7,98,"الإصحاح السابع
خروج,7,99,"الإصحاح السابع
خروج,8,1,"الإصحاح الثامن 
خروج,8,2,"الإصحاح الثامن 
خروج,8,3,"الإصحاح الثامن 
خروج,8,4,"الإصحاح الثامن 
خروج,8,5,"الإصحاح الثامن 
خروج,8,6,"الإصحاح الثامن 
خروج,8,7,"الإصحاح الثامن 
خروج,8,8,"الإصحاح الثامن 
خروج,8,9,"الإصحاح الثامن 
خروج,8,10,"الإصحاح الثامن 
خروج,8,11,"الإصحاح الثامن 
خروج,8,12,"الإصحاح الثامن 
خروج,8,13,"الإصحاح الثامن 
خروج,8,14,"الإصحاح الثامن 
خروج,8,15,"الإصحاح الثامن 
خروج,8,16,"الإصحاح الثامن 
خروج,8,17,"الإصحاح الثامن 
خروج,8,18,"الإصحاح الثامن 
خروج,8,19,"الإصحاح الثامن 
خروج,8,20,"الإصحاح الثامن 
خروج,8,21,"الإصحاح الثامن 
خروج,8,22,"الإصحاح الثامن 
خروج,8,23,"الإصحاح الثامن 
خروج,8,24,"الإصحاح الثامن 
خروج,8,25,"الإصحاح الثامن 
خروج,8,26,"الإصحاح الثامن 
خروج,8,27,"الإصحاح الثامن 
خروج,8,28,"الإصحاح الثامن 
خروج,8,29,"الإصحاح الثامن 
خروج,8,30,"الإصحاح الثامن 
خروج,8,31,"الإصحاح الثامن 
خروج,8,32,"الإصحاح الثامن 
خروج,8,33,"الإصحاح الثامن 
خروج,8,34,"الإصحاح الثامن 
خروج,8,35,"الإصحاح الثامن 
خروج,8,36,"الإصحاح الثامن 
خروج,8,37,"الإصحاح الثامن 
خروج,8,38,"الإصحاح الثامن 
خروج,8,39,"الإصحاح الثامن 
خروج,8,40,"الإصحاح الثامن 
خروج,8,41,"الإصحاح الثامن 
خروج,8,42,"الإصحاح الثامن 
خروج,8,43,"الإصحاح الثامن 
خروج,8,44,"الإصحاح الثامن 
خروج,8,45,"الإصحاح الثامن 
خروج,8,46,"الإصحاح الثامن 
خروج,8,47,"الإصحاح الثامن 
خروج,8,48,"الإصحاح الثامن 
خروج,8,49,"الإصحاح الثامن 
خروج,8,50,"الإصحاح الثامن 
خروج,8,51,"الإصحاح الثامن 
خروج,8,52,"الإصحاح الثامن 
خروج,8,53,"الإصحاح الثامن 
خروج,8,54,"الإصحاح الثامن 
خروج,8,55,"الإصحاح الثامن 
خروج,8,56,"الإصحاح الثامن 
خروج,8,57,"الإصحاح الثامن 
خروج,8,58,"الإصحاح الثامن 
خروج,8,59,"الإصحاح الثامن 
خروج,8,60,"الإصحاح الثامن 
خروج,8,61,"الإصحاح الثامن 
خروج,8,62,"الإصحاح الثامن 
خروج,8,63,"الإصحاح الثامن 
خروج,8,64,"الإصحاح الثامن 
خروج,8,65,"الإصحاح الثامن 
خروج,8,66,"الإصحاح الثامن 
خروج,8,67,"الإصحاح الثامن 
خروج,8,68,"الإصحاح الثامن 
خروج,8,69,"الإصحاح الثامن 
خروج,8,70,"الإصحاح الثامن 
خروج,8,71,"الإصحاح الثامن 
خروج,8,72,"الإصحاح الثامن 
خروج,8,73,"الإصحاح الثامن 
خروج,8,74,"الإصحاح الثامن 
خروج,8,75,"الإصحاح الثامن 
خروج,8,76,"الإصحاح الثامن 
خروج,8,77,"الإصحاح الثامن 
خروج,8,78,"الإصحاح الثامن 
خروج,8,79,"الإصحاح الثامن 
خروج,8,80,"الإصحاح الثامن 
خروج,8,81,"الإصحاح الثامن 
خروج,8,82,"الإصحاح الثامن 
خروج,8,83,"الإصحاح الثامن 
خروج,8,84,"الإصحاح الثامن 
خروج,8,85,"الإصحاح الثامن 
خروج,8,86,"الإصحاح الثامن 
خروج,8,87,"الإصحاح الثامن 
خروج,8,88,"الإصحاح الثامن 
خروج,8,89,"الإصحاح الثامن 
خروج,8,90,"الإصحاح الثامن 
خروج,8,91,"الإصحاح الثامن 
خروج,8,92,"الإصحاح الثامن 
خروج,8,93,"الإصحاح الثامن 
خروج,8,94,"الإصحاح الثامن 
خروج,8,95,"الإصحاح الثامن 
خروج,8,96,"الإصحاح الثامن 
خروج,8,97,"الإصحاح الثامن 
خروج,8,98,"الإصحاح الثامن 
خروج,8,99,"الإصحاح الثامن 
خروج,9,1,"الإصحاح التاسع 
خروج,9,2,"الإصحاح التاسع 
خروج,9,3,"الإصحاح التاسع 
خروج,9,4,"الإصحاح التاسع 
خروج,9,5,"الإصحاح التاسع 
خروج,9,6,"الإصحاح التاسع 
خروج,9,7,"الإصحاح التاسع 
خروج,9,8,"الإصحاح التاسع 
خروج,9,9,"الإصحاح التاسع 
خروج,9,10,"الإصحاح التاسع 
خروج,9,11,"الإصحاح التاسع 
خروج,9,12,"الإصحاح التاسع 
خروج,9,13,"الإصحاح التاسع 
خروج,9,14,"الإصحاح التاسع 
خروج,9,15,"الإصحاح التاسع 
خروج,9,16,"الإصحاح التاسع 
خروج,9,17,"الإصحاح التاسع 
خروج,9,18,"الإصحاح التاسع 
خروج,9,19,"الإصحاح التاسع 
خروج,9,20,"الإصحاح التاسع 
خروج,9,21,"الإصحاح التاسع 
خروج,9,22,"الإصحاح التاسع 
خروج,9,23,"الإصحاح التاسع 
خروج,9,24,"الإصحاح التاسع 
خروج,9,25,"الإصحاح التاسع 
خروج,9,26,"الإصحاح التاسع 
خروج,9,27,"الإصحاح التاسع 
خروج,9,28,"الإصحاح التاسع 
خروج,9,29,"الإصحاح التاسع 
خروج,9,30,"الإصحاح التاسع 
خروج,9,31,"الإصحاح التاسع 
خروج,9,32,"الإصحاح التاسع 
خروج,9,33,"الإصحاح التاسع 
خروج,9,34,"الإصحاح التاسع 
خروج,9,35,"الإصحاح التاسع 
خروج,9,36,"الإصحاح التاسع 
خروج,9,37,"الإصحاح التاسع 
خروج,9,38,"الإصحاح التاسع 
خروج,9,39,"الإصحاح التاسع 
خروج,9,40,"الإصحاح التاسع 
خروج,9,41,"الإصحاح التاسع 
خروج,9,42,"الإصحاح التاسع 
خروج,9,43,"الإصحاح التاسع 
خروج,9,44,"الإصحاح التاسع 
خروج,9,45,"الإصحاح التاسع 
خروج,9,46,"الإصحاح التاسع 
خروج,9,47,"الإصحاح التاسع 
خروج,9,48,"الإصحاح التاسع 
خروج,9,49,"الإصحاح التاسع 
خروج,9,50,"الإصحاح التاسع 
خروج,9,51,"الإصحاح التاسع 
خروج,9,52,"الإصحاح التاسع 
خروج,9,53,"الإصحاح التاسع 
خروج,9,54,"الإصحاح التاسع 
خروج,9,55,"الإصحاح التاسع 
خروج,9,56,"الإصحاح التاسع 
خروج,9,57,"الإصحاح التاسع 
خروج,9,58,"الإصحاح التاسع 
خروج,9,59,"الإصحاح التاسع 
خروج,9,60,"الإصحاح التاسع 
خروج,9,61,"الإصحاح التاسع 
خروج,9,62,"الإصحاح التاسع 
خروج,9,63,"الإصحاح التاسع 
خروج,9,64,"الإصحاح التاسع 
خروج,9,65,"الإصحاح التاسع 
خروج,9,66,"الإصحاح التاسع 
خروج,9,67,"الإصحاح التاسع 
خروج,9,68,"الإصحاح التاسع 
خروج,9,69,"الإصحاح التاسع 
خروج,9,70,"الإصحاح التاسع 
خروج,9,71,"الإصحاح التاسع 
خروج,9,72,"الإصحاح التاسع 
خروج,9,73,"الإصحاح التاسع 
خروج,9,74,"الإصحاح التاسع 
خروج,9,75,"الإصحاح التاسع 
خروج,9,76,"الإصحاح التاسع 
خروج,9,77,"الإصحاح التاسع 
خروج,9,78,"الإصحاح التاسع 
خروج,9,79,"الإصحاح التاسع 
خروج,9,80,"الإصحاح التاسع 
خروج,9,81,"الإصحاح التاسع 
خروج,9,82,"الإصحاح التاسع 
خروج,9,83,"الإصحاح التاسع 
خروج,9,84,"الإصحاح التاسع 
خروج,9,85,"الإصحاح التاسع 
خروج,9,86,"الإصحاح التاسع 
خروج,9,87,"الإصحاح التاسع 
خروج,9,88,"الإصحاح التاسع 
خروج,9,89,"الإصحاح التاسع 
خروج,9,90,"الإصحاح التاسع 
خروج,9,91,"الإصحاح التاسع 
خروج,9,92,"الإصحاح التاسع 
خروج,9,93,"الإصحاح التاسع 
خروج,9,94,"الإصحاح التاسع 
خروج,9,95,"الإصحاح التاسع 
خروج,9,96,"الإصحاح التاسع 
خروج,9,97,"الإصحاح التاسع 
خروج,9,98,"الإصحاح التاسع 
خروج,9,99,"الإصحاح التاسع 
خروج,10,1,"الإصحاح العاشر 
خروج,10,2,"الإصحاح العاشر 
خروج,10,3,"الإصحاح العاشر 
خروج,10,4,"الإصحاح العاشر 
خروج,10,5,"الإصحاح العاشر 
خروج,10,6,"الإصحاح العاشر 
خروج,10,7,"الإصحاح العاشر 
خروج,10,8,"الإصحاح العاشر 
خروج,10,9,"الإصحاح العاشر 
خروج,10,10,"الإصحاح العاشر 
خروج,10,11,"الإصحاح العاشر 
خروج,10,12,"الإصحاح العاشر 
خروج,10,13,"الإصحاح العاشر 
خروج,10,14,"الإصحاح العاشر 
خروج,10,15,"الإصحاح العاشر 
خروج,10,16,"الإصحاح العاشر 
خروج,10,17,"الإصحاح العاشر 
خروج,10,18,"الإصحاح العاشر 
خروج,10,19,"الإصحاح العاشر 
خروج,10,20,"الإصحاح العاشر 
خروج,10,21,"الإصحاح العاشر 
خروج,10,22,"الإصحاح العاشر 
خروج,10,23,"الإصحاح العاشر 
خروج,10,24,"الإصحاح العاشر 
خروج,10,25,"الإصحاح العاشر 
خروج,10,26,"الإصحاح العاشر 
خروج,10,27,"الإصحاح العاشر 
خروج,10,28,"الإصحاح العاشر 
خروج,10,29,"الإصحاح العاشر 
خروج,10,30,"الإصحاح العاشر 
خروج,10,31,"الإصحاح العاشر 
خروج,10,32,"الإصحاح العاشر 
خروج,10,33,"الإصحاح العاشر 
خروج,10,34,"الإصحاح العاشر 
خروج,10,35,"الإصحاح العاشر 
خروج,10,36,"الإصحاح العاشر 
خروج,10,37,"الإصحاح العاشر 
خروج,10,38,"الإصحاح العاشر 
خروج,10,39,"الإصحاح العاشر 
خروج,10,40,"الإصحاح العاشر 
خروج,10,41,"الإصحاح العاشر 
خروج,10,42,"الإصحاح العاشر 
خروج,10,43,"الإصحاح العاشر 
خروج,10,44,"الإصحاح العاشر 
خروج,10,45,"الإصحاح العاشر 
خروج,10,46,"الإصحاح العاشر 
خروج,10,47,"الإصحاح العاشر 
خروج,10,48,"الإصحاح العاشر 
خروج,10,49,"الإصحاح العاشر 
خروج,10,50,"الإصحاح العاشر 
خروج,10,51,"الإصحاح العاشر 
خروج,10,52,"الإصحاح العاشر 
خروج,10,53,"الإصحاح العاشر 
خروج,10,54,"الإصحاح العاشر 
خروج,10,55,"الإصحاح العاشر 
خروج,10,56,"الإصحاح العاشر 
خروج,10,57,"الإصحاح العاشر 
خروج,10,58,"الإصحاح العاشر 
خروج,10,59,"الإصحاح العاشر 
خروج,10,60,"الإصحاح العاشر 
خروج,10,61,"الإصحاح العاشر 
خروج,10,62,"الإصحاح العاشر 
خروج,10,63,"الإصحاح العاشر 
خروج,10,64,"الإصحاح العاشر 
خروج,10,65,"الإصحاح العاشر 
خروج,10,66,"الإصحاح العاشر 
خروج,10,67,"الإصحاح العاشر 
خروج,10,68,"الإصحاح العاشر 
خروج,10,69,"الإصحاح العاشر 
خروج,10,70,"الإصحاح العاشر 
خروج,10,71,"الإصحاح العاشر 
خروج,10,72,"الإصحاح العاشر 
خروج,10,73,"الإصحاح العاشر 
خروج,10,74,"الإصحاح العاشر 
خروج,10,75,"الإصحاح العاشر 
خروج,10,76,"الإصحاح العاشر 
خروج,10,77,"الإصحاح العاشر 
خروج,10,78,"الإصحاح العاشر 
خروج,10,79,"الإصحاح العاشر 
خروج,10,80,"الإصحاح العاشر 
خروج,10,81,"الإصحاح العاشر 
خروج,10,82,"الإصحاح العاشر 
خروج,10,83,"الإصحاح العاشر 
خروج,10,84,"الإصحاح العاشر 
خروج,10,85,"الإصحاح العاشر 
خروج,10,86,"الإصحاح العاشر 
خروج,10,87,"الإصحاح العاشر 
خروج,10,88,"الإصحاح العاشر 
خروج,10,89,"الإصحاح العاشر 
خروج,10,90,"الإصحاح العاشر 
خروج,10,91,"الإصحاح العاشر 
خروج,10,92,"الإصحاح العاشر 
خروج,10,93,"الإصحاح العاشر 
خروج,10,94,"الإصحاح العاشر 
خروج,10,95,"الإصحاح العاشر 
خروج,10,96,"الإصحاح العاشر 
خروج,10,97,"الإصحاح العاشر 
خروج,10,98,"الإصحاح العاشر 
خروج,10,99,"الإصحاح العاشر 
خروج,11,1,"الإصحاح الحادي عشر 
خروج,11,2,"الإصحاح الحادي عشر 
خروج,11,3,"الإصحاح الحادي عشر 
خروج,11,4,"الإصحاح الحادي عشر 
خروج,11,5,"الإصحاح الحادي عشر 
خروج,11,6,"الإصحاح الحادي عشر 
خروج,11,7,"الإصحاح الحادي عشر 
خروج,11,8,"الإصحاح الحادي عشر 
خروج,11,9,"الإصحاح الحادي عشر 
خروج,11,10,"الإصحاح الحادي عشر 
خروج,11,11,"الإصحاح الحادي عشر 
خروج,11,12,"الإصحاح الحادي عشر 
خروج,11,13,"الإصحاح الحادي عشر 
خروج,11,14,"الإصحاح الحادي عشر 
خروج,11,15,"الإصحاح الحادي عشر 
خروج,11,16,"الإصحاح الحادي عشر 
خروج,11,17,"الإصحاح الحادي عشر 
خروج,11,18,"الإصحاح الحادي عشر 
خروج,11,19,"الإصحاح الحادي عشر 
خروج,11,20,"الإصحاح الحادي عشر 
خروج,11,21,"الإصحاح الحادي عشر 
خروج,11,22,"الإصحاح الحادي عشر 
خروج,11,23,"الإصحاح الحادي عشر 
خروج,11,24,"الإصحاح الحادي عشر 
خروج,11,25,"الإصحاح الحادي عشر 
خروج,11,26,"الإصحاح الحادي عشر 
خروج,11,27,"الإصحاح الحادي عشر 
خروج,11,28,"الإصحاح الحادي عشر 
خروج,11,29,"الإصحاح الحادي عشر 
خروج,11,30,"الإصحاح الحادي عشر 
خروج,11,31,"الإصحاح الحادي عشر 
خروج,11,32,"الإصحاح الحادي عشر 
خروج,11,33,"الإصحاح الحادي عشر 
خروج,11,34,"الإصحاح الحادي عشر 
خروج,11,35,"الإصحاح الحادي عشر 
خروج,11,36,"الإصحاح الحادي عشر 
خروج,11,37,"الإصحاح الحادي عشر 
خروج,11,38,"الإصحاح الحادي عشر 
خروج,11,39,"الإصحاح الحادي عشر 
خروج,11,40,"الإصحاح الحادي عشر 
خروج,11,41,"الإصحاح الحادي عشر 
خروج,11,42,"الإصحاح الحادي عشر 
خروج,11,43,"الإصحاح الحادي عشر 
خروج,11,44,"الإصحاح الحادي عشر 
خروج,11,45,"الإصحاح الحادي عشر 
خروج,11,46,"الإصحاح الحادي عشر 
خروج,11,47,"الإصحاح الحادي عشر 
خروج,11,48,"الإصحاح الحادي عشر 
خروج,11,49,"الإصحاح الحادي عشر 
خروج,11,50,"الإصحاح الحادي عشر 
خروج,11,51,"الإصحاح الحادي عشر 
خروج,11,52,"الإصحاح الحادي عشر 
خروج,11,53,"الإصحاح الحادي عشر 
خروج,11,54,"الإصحاح الحادي عشر 
خروج,11,55,"الإصحاح الحادي عشر 
خروج,11,56,"الإصحاح الحادي عشر 
خروج,11,57,"الإصحاح الحادي عشر 
خروج,11,58,"الإصحاح الحادي عشر 
خروج,11,59,"الإصحاح الحادي عشر 
خروج,11,60,"الإصحاح الحادي عشر 
خروج,11,61,"الإصحاح الحادي عشر 
خروج,11,62,"الإصحاح الحادي عشر 
خروج,11,63,"الإصحاح الحادي عشر 
خروج,11,64,"الإصحاح الحادي عشر 
خروج,11,65,"الإصحاح الحادي عشر 
خروج,11,66,"الإصحاح الحادي عشر 
خروج,11,67,"الإصحاح الحادي عشر 
خروج,11,68,"الإصحاح الحادي عشر 
خروج,11,69,"الإصحاح الحادي عشر 
خروج,11,70,"الإصحاح الحادي عشر 
خروج,11,71,"الإصحاح الحادي عشر 
خروج,11,72,"الإصحاح الحادي عشر 
خروج,11,73,"الإصحاح الحادي عشر 
خروج,11,74,"الإصحاح الحادي عشر 
خروج,11,75,"الإصحاح الحادي عشر 
خروج,11,76,"الإصحاح الحادي عشر 
خروج,11,77,"الإصحاح الحادي عشر 
خروج,11,78,"الإصحاح الحادي عشر 
خروج,11,79,"الإصحاح الحادي عشر 
خروج,11,80,"الإصحاح الحادي عشر 
خروج,11,81,"الإصحاح الحادي عشر 
خروج,11,82,"الإصحاح الحادي عشر 
خروج,11,83,"الإصحاح الحادي عشر 
خروج,11,84,"الإصحاح الحادي عشر 
خروج,11,85,"الإصحاح الحادي عشر 
خروج,11,86,"الإصحاح الحادي عشر 
خروج,11,87,"الإصحاح الحادي عشر 
خروج,11,88,"الإصحاح الحادي عشر 
خروج,11,89,"الإصحاح الحادي عشر 
خروج,11,90,"الإصحاح الحادي عشر 
خروج,11,91,"الإصحاح الحادي عشر 
خروج,11,92,"الإصحاح الحادي عشر 
خروج,11,93,"الإصحاح الحادي عشر 
خروج,11,94,"الإصحاح الحادي عشر 
خروج,11,95,"الإصحاح الحادي عشر 
خروج,11,96,"الإصحاح الحادي عشر 
خروج,11,97,"الإصحاح الحادي عشر 
خروج,11,98,"الإصحاح الحادي عشر 
خروج,11,99,"الإصحاح الحادي عشر 
خروج,12,1,"الإصحاح الثاني عشر
خروج,12,2,"الإصحاح الثاني عشر
خروج,12,3,"الإصحاح الثاني عشر
خروج,12,4,"الإصحاح الثاني عشر
خروج,12,5,"الإصحاح الثاني عشر
خروج,12,6,"الإصحاح الثاني عشر
خروج,12,7,"الإصحاح الثاني عشر
خروج,12,8,"الإصحاح الثاني عشر
خروج,12,9,"الإصحاح الثاني عشر
خروج,12,10,"الإصحاح الثاني عشر
خروج,12,11,"الإصحاح الثاني عشر
خروج,12,12,"الإصحاح الثاني عشر
خروج,12,13,"الإصحاح الثاني عشر
خروج,12,14,"الإصحاح الثاني عشر
خروج,12,15,"الإصحاح الثاني عشر
خروج,12,16,"الإصحاح الثاني عشر
خروج,12,17,"الإصحاح الثاني عشر
خروج,12,18,"الإصحاح الثاني عشر
خروج,12,19,"الإصحاح الثاني عشر
خروج,12,20,"الإصحاح الثاني عشر
خروج,12,21,"الإصحاح الثاني عشر
خروج,12,22,"الإصحاح الثاني عشر
خروج,12,23,"الإصحاح الثاني عشر
خروج,12,24,"الإصحاح الثاني عشر
خروج,12,25,"الإصحاح الثاني عشر
خروج,12,26,"الإصحاح الثاني عشر
خروج,12,27,"الإصحاح الثاني عشر
خروج,12,28,"الإصحاح الثاني عشر
خروج,12,29,"الإصحاح الثاني عشر
خروج,12,30,"الإصحاح الثاني عشر
خروج,12,31,"الإصحاح الثاني عشر
خروج,12,32,"الإصحاح الثاني عشر
خروج,12,33,"الإصحاح الثاني عشر
خروج,12,34,"الإصحاح الثاني عشر
خروج,12,35,"الإصحاح الثاني عشر
خروج,12,36,"الإصحاح الثاني عشر
خروج,12,37,"الإصحاح الثاني عشر
خروج,12,38,"الإصحاح الثاني عشر
خروج,12,39,"الإصحاح الثاني عشر
خروج,12,40,"الإصحاح الثاني عشر
خروج,12,41,"الإصحاح الثاني عشر
خروج,12,42,"الإصحاح الثاني عشر
خروج,12,43,"الإصحاح الثاني عشر
خروج,12,44,"الإصحاح الثاني عشر
خروج,12,45,"الإصحاح الثاني عشر
خروج,12,46,"الإصحاح الثاني عشر
خروج,12,47,"الإصحاح الثاني عشر
خروج,12,48,"الإصحاح الثاني عشر
خروج,12,49,"الإصحاح الثاني عشر
خروج,12,50,"الإصحاح الثاني عشر
خروج,12,51,"الإصحاح الثاني عشر
خروج,12,52,"الإصحاح الثاني عشر
خروج,12,53,"الإصحاح الثاني عشر
خروج,12,54,"الإصحاح الثاني عشر
خروج,12,55,"الإصحاح الثاني عشر
خروج,12,56,"الإصحاح الثاني عشر
خروج,12,57,"الإصحاح الثاني عشر
خروج,12,58,"الإصحاح الثاني عشر
خروج,12,59,"الإصحاح الثاني عشر
خروج,12,60,"الإصحاح الثاني عشر
خروج,12,61,"الإصحاح الثاني عشر
خروج,12,62,"الإصحاح الثاني عشر
خروج,12,63,"الإصحاح الثاني عشر
خروج,12,64,"الإصحاح الثاني عشر
خروج,12,65,"الإصحاح الثاني عشر
خروج,12,66,"الإصحاح الثاني عشر
خروج,12,67,"الإصحاح الثاني عشر
خروج,12,68,"الإصحاح الثاني عشر
خروج,12,69,"الإصحاح الثاني عشر
خروج,12,70,"الإصحاح الثاني عشر
خروج,12,71,"الإصحاح الثاني عشر
خروج,12,72,"الإصحاح الثاني عشر
خروج,12,73,"الإصحاح الثاني عشر
خروج,12,74,"الإصحاح الثاني عشر
خروج,12,75,"الإصحاح الثاني عشر
خروج,12,76,"الإصحاح الثاني عشر
خروج,12,77,"الإصحاح الثاني عشر
خروج,12,78,"الإصحاح الثاني عشر
خروج,12,79,"الإصحاح الثاني عشر
خروج,12,80,"الإصحاح الثاني عشر
خروج,12,81,"الإصحاح الثاني عشر
خروج,12,82,"الإصحاح الثاني عشر
خروج,12,83,"الإصحاح الثاني عشر
خروج,12,84,"الإصحاح الثاني عشر
خروج,12,85,"الإصحاح الثاني عشر
خروج,12,86,"الإصحاح الثاني عشر
خروج,12,87,"الإصحاح الثاني عشر
خروج,12,88,"الإصحاح الثاني عشر
خروج,12,89,"الإصحاح الثاني عشر
خروج,12,90,"الإصحاح الثاني عشر
خروج,12,91,"الإصحاح الثاني عشر
خروج,12,92,"الإصحاح الثاني عشر
خروج,12,93,"الإصحاح الثاني عشر
خروج,12,94,"الإصحاح الثاني عشر
خروج,12,95,"الإصحاح الثاني عشر
خروج,12,96,"الإصحاح الثاني عشر
خروج,12,97,"الإصحاح الثاني عشر
خروج,12,98,"الإصحاح الثاني عشر
خروج,12,99,"الإصحاح الثاني عشر
خروج,13,1,"الإصحاح الثالث عشر 
خروج,13,2,"الإصحاح الثالث عشر 
خروج,13,3,"الإصحاح الثالث عشر 
خروج,13,4,"الإصحاح الثالث عشر 
خروج,13,5,"الإصحاح الثالث عشر 
خروج,13,6,"الإصحاح الثالث عشر 
خروج,13,7,"الإصحاح الثالث عشر 
خروج,13,8,"الإصحاح الثالث عشر 
خروج,13,9,"الإصحاح الثالث عشر 
خروج,13,10,"الإصحاح الثالث عشر 
خروج,13,11,"الإصحاح الثالث عشر 
خروج,13,12,"الإصحاح الثالث عشر 
خروج,13,13,"الإصحاح الثالث عشر 
خروج,13,14,"الإصحاح الثالث عشر 
خروج,13,15,"الإصحاح الثالث عشر 
خروج,13,16,"الإصحاح الثالث عشر 
خروج,13,17,"الإصحاح الثالث عشر 
خروج,13,18,"الإصحاح الثالث عشر 
خروج,13,19,"الإصحاح الثالث عشر 
خروج,13,20,"الإصحاح الثالث عشر 
خروج,13,21,"الإصحاح الثالث عشر 
خروج,13,22,"الإصحاح الثالث عشر 
خروج,13,23,"الإصحاح الثالث عشر 
خروج,13,24,"الإصحاح الثالث عشر 
خروج,13,25,"الإصحاح الثالث عشر 
خروج,13,26,"الإصحاح الثالث عشر 
خروج,13,27,"الإصحاح الثالث عشر 
خروج,13,28,"الإصحاح الثالث عشر 
خروج,13,29,"الإصحاح الثالث عشر 
خروج,13,30,"الإصحاح الثالث عشر 
خروج,13,31,"الإصحاح الثالث عشر 
خروج,13,32,"الإصحاح الثالث عشر 
خروج,13,33,"الإصحاح الثالث عشر 
خروج,13,34,"الإصحاح الثالث عشر 
خروج,13,35,"الإصحاح الثالث عشر 
خروج,13,36,"الإصحاح الثالث عشر 
خروج,13,37,"الإصحاح الثالث عشر 
خروج,13,38,"الإصحاح الثالث عشر 
خروج,13,39,"الإصحاح الثالث عشر 
خروج,13,40,"الإصحاح الثالث عشر 
خروج,13,41,"الإصحاح الثالث عشر 
خروج,13,42,"الإصحاح الثالث عشر 
خروج,13,43,"الإصحاح الثالث عشر 
خروج,13,44,"الإصحاح الثالث عشر 
خروج,13,45,"الإصحاح الثالث عشر 
خروج,13,46,"الإصحاح الثالث عشر 
خروج,13,47,"الإصحاح الثالث عشر 
خروج,13,48,"الإصحاح الثالث عشر 
خروج,13,49,"الإصحاح الثالث عشر 
خروج,13,50,"الإصحاح الثالث عشر 
خروج,13,51,"الإصحاح الثالث عشر 
خروج,13,52,"الإصحاح الثالث عشر 
خروج,13,53,"الإصحاح الثالث عشر 
خروج,13,54,"الإصحاح الثالث عشر 
خروج,13,55,"الإصحاح الثالث عشر 
خروج,13,56,"الإصحاح الثالث عشر 
خروج,13,57,"الإصحاح الثالث عشر 
خروج,13,58,"الإصحاح الثالث عشر 
خروج,13,59,"الإصحاح الثالث عشر 
خروج,13,60,"الإصحاح الثالث عشر 
خروج,13,61,"الإصحاح الثالث عشر 
خروج,13,62,"الإصحاح الثالث عشر 
خروج,13,63,"الإصحاح الثالث عشر 
خروج,13,64,"الإصحاح الثالث عشر 
خروج,13,65,"الإصحاح الثالث عشر 
خروج,13,66,"الإصحاح الثالث عشر 
خروج,13,67,"الإصحاح الثالث عشر 
خروج,13,68,"الإصحاح الثالث عشر 
خروج,13,69,"الإصحاح الثالث عشر 
خروج,13,70,"الإصحاح الثالث عشر 
خروج,13,71,"الإصحاح الثالث عشر 
خروج,13,72,"الإصحاح الثالث عشر 
خروج,13,73,"الإصحاح الثالث عشر 
خروج,13,74,"الإصحاح الثالث عشر 
خروج,13,75,"الإصحاح الثالث عشر 
خروج,13,76,"الإصحاح الثالث عشر 
خروج,13,77,"الإصحاح الثالث عشر 
خروج,13,78,"الإصحاح الثالث عشر 
خروج,13,79,"الإصحاح الثالث عشر 
خروج,13,80,"الإصحاح الثالث عشر 
خروج,13,81,"الإصحاح الثالث عشر 
خروج,13,82,"الإصحاح الثالث عشر 
خروج,13,83,"الإصحاح الثالث عشر 
خروج,13,84,"الإصحاح الثالث عشر 
خروج,13,85,"الإصحاح الثالث عشر 
خروج,13,86,"الإصحاح الثالث عشر 
خروج,13,87,"الإصحاح الثالث عشر 
خروج,13,88,"الإصحاح الثالث عشر 
خروج,13,89,"الإصحاح الثالث عشر 
خروج,13,90,"الإصحاح الثالث عشر 
خروج,13,91,"الإصحاح الثالث عشر 
خروج,13,92,"الإصحاح الثالث عشر 
خروج,13,93,"الإصحاح الثالث عشر 
خروج,13,94,"الإصحاح الثالث عشر 
خروج,13,95,"الإصحاح الثالث عشر 
خروج,13,96,"الإصحاح الثالث عشر 
خروج,13,97,"الإصحاح الثالث عشر 
خروج,13,98,"الإصحاح الثالث عشر 
خروج,13,99,"الإصحاح الثالث عشر 
خروج,14,1,"الإصحاح الرابع عشر 
خروج,14,2,"الإصحاح الرابع عشر 
خروج,14,3,"الإصحاح الرابع عشر 
خروج,14,4,"الإصحاح الرابع عشر 
خروج,14,5,"الإصحاح الرابع عشر 
خروج,14,6,"الإصحاح الرابع عشر 
خروج,14,7,"الإصحاح الرابع عشر 
خروج,14,8,"الإصحاح الرابع عشر 
خروج,14,9,"الإصحاح الرابع عشر 
خروج,14,10,"الإصحاح الرابع عشر 
خروج,14,11,"الإصحاح الرابع عشر 
خروج,14,12,"الإصحاح الرابع عشر 
خروج,14,13,"الإصحاح الرابع عشر 
خروج,14,14,"الإصحاح الرابع عشر 
خروج,14,15,"الإصحاح الرابع عشر 
خروج,14,16,"الإصحاح الرابع عشر 
خروج,14,17,"الإصحاح الرابع عشر 
خروج,14,18,"الإصحاح الرابع عشر 
خروج,14,19,"الإصحاح الرابع عشر 
خروج,14,20,"الإصحاح الرابع عشر 
خروج,14,21,"الإصحاح الرابع عشر 
خروج,14,22,"الإصحاح الرابع عشر 
خروج,14,23,"الإصحاح الرابع عشر 
خروج,14,24,"الإصحاح الرابع عشر 
خروج,14,25,"الإصحاح الرابع عشر 
خروج,14,26,"الإصحاح الرابع عشر 
خروج,14,27,"الإصحاح الرابع عشر 
خروج,14,28,"الإصحاح الرابع عشر 
خروج,14,29,"الإصحاح الرابع عشر 
خروج,14,30,"الإصحاح الرابع عشر 
خروج,14,31,"الإصحاح الرابع عشر 
خروج,14,32,"الإصحاح الرابع عشر 
خروج,14,33,"الإصحاح الرابع عشر 
خروج,14,34,"الإصحاح الرابع عشر 
خروج,14,35,"الإصحاح الرابع عشر 
خروج,14,36,"الإصحاح الرابع عشر 
خروج,14,37,"الإصحاح الرابع عشر 
خروج,14,38,"الإصحاح الرابع عشر 
خروج,14,39,"الإصحاح الرابع عشر 
خروج,14,40,"الإصحاح الرابع عشر 
خروج,14,41,"الإصحاح الرابع عشر 
خروج,14,42,"الإصحاح الرابع عشر 
خروج,14,43,"الإصحاح الرابع عشر 
خروج,14,44,"الإصحاح الرابع عشر 
خروج,14,45,"الإصحاح الرابع عشر 
خروج,14,46,"الإصحاح الرابع عشر 
خروج,14,47,"الإصحاح الرابع عشر 
خروج,14,48,"الإصحاح الرابع عشر 
خروج,14,49,"الإصحاح الرابع عشر 
خروج,14,50,"الإصحاح الرابع عشر 
خروج,14,51,"الإصحاح الرابع عشر 
خروج,14,52,"الإصحاح الرابع عشر 
خروج,14,53,"الإصحاح الرابع عشر 
خروج,14,54,"الإصحاح الرابع عشر 
خروج,14,55,"الإصحاح الرابع عشر 
خروج,14,56,"الإصحاح الرابع عشر 
خروج,14,57,"الإصحاح الرابع عشر 
خروج,14,58,"الإصحاح الرابع عشر 
خروج,14,59,"الإصحاح الرابع عشر 
خروج,14,60,"الإصحاح الرابع عشر 
خروج,14,61,"الإصحاح الرابع عشر 
خروج,14,62,"الإصحاح الرابع عشر 
خروج,14,63,"الإصحاح الرابع عشر 
خروج,14,64,"الإصحاح الرابع عشر 
خروج,14,65,"الإصحاح الرابع عشر 
خروج,14,66,"الإصحاح الرابع عشر 
خروج,14,67,"الإصحاح الرابع عشر 
خروج,14,68,"الإصحاح الرابع عشر 
خروج,14,69,"الإصحاح الرابع عشر 
خروج,14,70,"الإصحاح الرابع عشر 
خروج,14,71,"الإصحاح الرابع عشر 
خروج,14,72,"الإصحاح الرابع عشر 
خروج,14,73,"الإصحاح الرابع عشر 
خروج,14,74,"الإصحاح الرابع عشر 
خروج,14,75,"الإصحاح الرابع عشر 
خروج,14,76,"الإصحاح الرابع عشر 
خروج,14,77,"الإصحاح الرابع عشر 
خروج,14,78,"الإصحاح الرابع عشر 
خروج,14,79,"الإصحاح الرابع عشر 
خروج,14,80,"الإصحاح الرابع عشر 
خروج,14,81,"الإصحاح الرابع عشر 
خروج,14,82,"الإصحاح الرابع عشر 
خروج,14,83,"الإصحاح الرابع عشر 
خروج,14,84,"الإصحاح الرابع عشر 
خروج,14,85,"الإصحاح الرابع عشر 
خروج,14,86,"الإصحاح الرابع عشر 
خروج,14,87,"الإصحاح الرابع عشر 
خروج,14,88,"الإصحاح الرابع عشر 
خروج,14,89,"الإصحاح الرابع عشر 
خروج,14,90,"الإصحاح الرابع عشر 
خروج,14,91,"الإصحاح الرابع عشر 
خروج,14,92,"الإصحاح الرابع عشر 
خروج,14,93,"الإصحاح الرابع عشر 
خروج,14,94,"الإصحاح الرابع عشر 
خروج,14,95,"الإصحاح الرابع عشر 
خروج,14,96,"الإصحاح الرابع عشر 
خروج,14,97,"الإصحاح الرابع عشر 
خروج,14,98,"الإصحاح الرابع عشر 
خروج,14,99,"الإصحاح الرابع عشر 
خروج,15,1,"الإصحاح الخامس عشر
خروج,15,2,"الإصحاح الخامس عشر
خروج,15,3,"الإصحاح الخامس عشر
خروج,15,4,"الإصحاح الخامس عشر
خروج,15,5,"الإصحاح الخامس عشر
خروج,15,6,"الإصحاح الخامس عشر
خروج,15,7,"الإصحاح الخامس عشر
خروج,15,8,"الإصحاح الخامس عشر
خروج,15,9,"الإصحاح الخامس عشر
خروج,15,10,"الإصحاح الخامس عشر
خروج,15,11,"الإصحاح الخامس عشر
خروج,15,12,"الإصحاح الخامس عشر
خروج,15,13,"الإصحاح الخامس عشر
خروج,15,14,"الإصحاح الخامس عشر
خروج,15,15,"الإصحاح الخامس عشر
خروج,15,16,"الإصحاح الخامس عشر
خروج,15,17,"الإصحاح الخامس عشر
خروج,15,18,"الإصحاح الخامس عشر
خروج,15,19,"الإصحاح الخامس عشر
خروج,15,20,"الإصحاح الخامس عشر
خروج,15,21,"الإصحاح الخامس عشر
خروج,15,22,"الإصحاح الخامس عشر
خروج,15,23,"الإصحاح الخامس عشر
خروج,15,24,"الإصحاح الخامس عشر
خروج,15,25,"الإصحاح الخامس عشر
خروج,15,26,"الإصحاح الخامس عشر
خروج,15,27,"الإصحاح الخامس عشر
خروج,15,28,"الإصحاح الخامس عشر
خروج,15,29,"الإصحاح الخامس عشر
خروج,15,30,"الإصحاح الخامس عشر
خروج,15,31,"الإصحاح الخامس عشر
خروج,15,32,"الإصحاح الخامس عشر
خروج,15,33,"الإصحاح الخامس عشر
خروج,15,34,"الإصحاح الخامس عشر
خروج,15,35,"الإصحاح الخامس عشر
خروج,15,36,"الإصحاح الخامس عشر
خروج,15,37,"الإصحاح الخامس عشر
خروج,15,38,"الإصحاح الخامس عشر
خروج,15,39,"الإصحاح الخامس عشر
خروج,15,40,"الإصحاح الخامس عشر
خروج,15,41,"الإصحاح الخامس عشر
خروج,15,42,"الإصحاح الخامس عشر
خروج,15,43,"الإصحاح الخامس عشر
خروج,15,44,"الإصحاح الخامس عشر
خروج,15,45,"الإصحاح الخامس عشر
خروج,15,46,"الإصحاح الخامس عشر
خروج,15,47,"الإصحاح الخامس عشر
خروج,15,48,"الإصحاح الخامس عشر
خروج,15,49,"الإصحاح الخامس عشر
خروج,15,50,"الإصحاح الخامس عشر
خروج,15,51,"الإصحاح الخامس عشر
خروج,15,52,"الإصحاح الخامس عشر
خروج,15,53,"الإصحاح الخامس عشر
خروج,15,54,"الإصحاح الخامس عشر
خروج,15,55,"الإصحاح الخامس عشر
خروج,15,56,"الإصحاح الخامس عشر
خروج,15,57,"الإصحاح الخامس عشر
خروج,15,58,"الإصحاح الخامس عشر
خروج,15,59,"الإصحاح الخامس عشر
خروج,15,60,"الإصحاح الخامس عشر
خروج,15,61,"الإصحاح الخامس عشر
خروج,15,62,"الإصحاح الخامس عشر
خروج,15,63,"الإصحاح الخامس عشر
خروج,15,64,"الإصحاح الخامس عشر
خروج,15,65,"الإصحاح الخامس عشر
خروج,15,66,"الإصحاح الخامس عشر
خروج,15,67,"الإصحاح الخامس عشر
خروج,15,68,"الإصحاح الخامس عشر
خروج,15,69,"الإصحاح الخامس عشر
خروج,15,70,"الإصحاح الخامس عشر
خروج,15,71,"الإصحاح الخامس عشر
خروج,15,72,"الإصحاح الخامس عشر
خروج,15,73,"الإصحاح الخامس عشر
خروج,15,74,"الإصحاح الخامس عشر
خروج,15,75,"الإصحاح الخامس عشر
خروج,15,76,"الإصحاح الخامس عشر
خروج,15,77,"الإصحاح الخامس عشر
خروج,15,78,"الإصحاح الخامس عشر
خروج,15,79,"الإصحاح الخامس عشر
خروج,15,80,"الإصحاح الخامس عشر
خروج,15,81,"الإصحاح الخامس عشر
خروج,15,82,"الإصحاح الخامس عشر
خروج,15,83,"الإصحاح الخامس عشر
خروج,15,84,"الإصحاح الخامس عشر
خروج,15,85,"الإصحاح الخامس عشر
خروج,15,86,"الإصحاح الخامس عشر
خروج,15,87,"الإصحاح الخامس عشر
خروج,15,88,"الإصحاح الخامس عشر
خروج,15,89,"الإصحاح الخامس عشر
خروج,15,90,"الإصحاح الخامس عشر
خروج,15,91,"الإصحاح الخامس عشر
خروج,15,92,"الإصحاح الخامس عشر
خروج,15,93,"الإصحاح الخامس عشر
خروج,15,94,"الإصحاح الخامس عشر
خروج,15,95,"الإصحاح الخامس عشر
خروج,15,96,"الإصحاح الخامس عشر
خروج,15,97,"الإصحاح الخامس عشر
خروج,15,98,"الإصحاح الخامس عشر
خروج,15,99,"الإصحاح الخامس عشر
خروج,16,1,"الإصحاح السادس عشر
خروج,16,2,"الإصحاح السادس عشر
خروج,16,3,"الإصحاح السادس عشر
خروج,16,4,"الإصحاح السادس عشر
خروج,16,5,"الإصحاح السادس عشر
خروج,16,6,"الإصحاح السادس عشر
خروج,16,7,"الإصحاح السادس عشر
خروج,16,8,"الإصحاح السادس عشر
خروج,16,9,"الإصحاح السادس عشر
خروج,16,10,"الإصحاح السادس عشر
خروج,16,11,"الإصحاح السادس عشر
خروج,16,12,"الإصحاح السادس عشر
خروج,16,13,"الإصحاح السادس عشر
خروج,16,14,"الإصحاح السادس عشر
خروج,16,15,"الإصحاح السادس عشر
خروج,16,16,"الإصحاح السادس عشر
خروج,16,17,"الإصحاح السادس عشر
خروج,16,18,"الإصحاح السادس عشر
خروج,16,19,"الإصحاح السادس عشر
خروج,16,20,"الإصحاح السادس عشر
خروج,16,21,"الإصحاح السادس عشر
خروج,16,22,"الإصحاح السادس عشر
خروج,16,23,"الإصحاح السادس عشر
خروج,16,24,"الإصحاح السادس عشر
خروج,16,25,"الإصحاح السادس عشر
خروج,16,26,"الإصحاح السادس عشر
خروج,16,27,"الإصحاح السادس عشر
خروج,16,28,"الإصحاح السادس عشر
خروج,16,29,"الإصحاح السادس عشر
خروج,16,30,"الإصحاح السادس عشر
خروج,16,31,"الإصحاح السادس عشر
خروج,16,32,"الإصحاح السادس عشر
خروج,16,33,"الإصحاح السادس عشر
خروج,16,34,"الإصحاح السادس عشر
خروج,16,35,"الإصحاح السادس عشر
خروج,16,36,"الإصحاح السادس عشر
خروج,16,37,"الإصحاح السادس عشر
خروج,16,38,"الإصحاح السادس عشر
خروج,16,39,"الإصحاح السادس عشر
خروج,16,40,"الإصحاح السادس عشر
خروج,16,41,"الإصحاح السادس عشر
خروج,16,42,"الإصحاح السادس عشر
خروج,16,43,"الإصحاح السادس عشر
خروج,16,44,"الإصحاح السادس عشر
خروج,16,45,"الإصحاح السادس عشر
خروج,16,46,"الإصحاح السادس عشر
خروج,16,47,"الإصحاح السادس عشر
خروج,16,48,"الإصحاح السادس عشر
خروج,16,49,"الإصحاح السادس عشر
خروج,16,50,"الإصحاح السادس عشر
خروج,16,51,"الإصحاح السادس عشر
خروج,16,52,"الإصحاح السادس عشر
خروج,16,53,"الإصحاح السادس عشر
خروج,16,54,"الإصحاح السادس عشر
خروج,16,55,"الإصحاح السادس عشر
خروج,16,56,"الإصحاح السادس عشر
خروج,16,57,"الإصحاح السادس عشر
خروج,16,58,"الإصحاح السادس عشر
خروج,16,59,"الإصحاح السادس عشر
خروج,16,60,"الإصحاح السادس عشر
خروج,16,61,"الإصحاح السادس عشر
خروج,16,62,"الإصحاح السادس عشر
خروج,16,63,"الإصحاح السادس عشر
خروج,16,64,"الإصحاح السادس عشر
خروج,16,65,"الإصحاح السادس عشر
خروج,16,66,"الإصحاح السادس عشر
خروج,16,67,"الإصحاح السادس عشر
خروج,16,68,"الإصحاح السادس عشر
خروج,16,69,"الإصحاح السادس عشر
خروج,16,70,"الإصحاح السادس عشر
خروج,16,71,"الإصحاح السادس عشر
خروج,16,72,"الإصحاح السادس عشر
خروج,16,73,"الإصحاح السادس عشر
خروج,16,74,"الإصحاح السادس عشر
خروج,16,75,"الإصحاح السادس عشر
خروج,16,76,"الإصحاح السادس عشر
خروج,16,77,"الإصحاح السادس عشر
خروج,16,78,"الإصحاح السادس عشر
خروج,16,79,"الإصحاح السادس عشر
خروج,16,80,"الإصحاح السادس عشر
خروج,16,81,"الإصحاح السادس عشر
خروج,16,82,"الإصحاح السادس عشر
خروج,16,83,"الإصحاح السادس عشر
خروج,16,84,"الإصحاح السادس عشر
خروج,16,85,"الإصحاح السادس عشر
خروج,16,86,"الإصحاح السادس عشر
خروج,16,87,"الإصحاح السادس عشر
خروج,16,88,"الإصحاح السادس عشر
خروج,16,89,"الإصحاح السادس عشر
خروج,16,90,"الإصحاح السادس عشر
خروج,16,91,"الإصحاح السادس عشر
خروج,16,92,"الإصحاح السادس عشر
خروج,16,93,"الإصحاح السادس عشر
خروج,16,94,"الإصحاح السادس عشر
خروج,16,95,"الإصحاح السادس عشر
خروج,16,96,"الإصحاح السادس عشر
خروج,16,97,"الإصحاح السادس عشر
خروج,16,98,"الإصحاح السادس عشر
خروج,16,99,"الإصحاح السادس عشر
خروج,17,1,"الإصحاح السابع عشر
خروج,17,2,"الإصحاح السابع عشر
خروج,17,3,"الإصحاح السابع عشر
خروج,17,4,"الإصحاح السابع عشر
خروج,17,5,"الإصحاح السابع عشر
خروج,17,6,"الإصحاح السابع عشر
خروج,17,7,"الإصحاح السابع عشر
خروج,17,8,"الإصحاح السابع عشر
خروج,17,9,"الإصحاح السابع عشر
خروج,17,10,"الإصحاح السابع عشر
خروج,17,11,"الإصحاح السابع عشر
خروج,17,12,"الإصحاح السابع عشر
خروج,17,13,"الإصحاح السابع عشر
خروج,17,14,"الإصحاح السابع عشر
خروج,17,15,"الإصحاح السابع عشر
خروج,17,16,"الإصحاح السابع عشر
خروج,17,17,"الإصحاح السابع عشر
خروج,17,18,"الإصحاح السابع عشر
خروج,17,19,"الإصحاح السابع عشر
خروج,17,20,"الإصحاح السابع عشر
خروج,17,21,"الإصحاح السابع عشر
خروج,17,22,"الإصحاح السابع عشر
خروج,17,23,"الإصحاح السابع عشر
خروج,17,24,"الإصحاح السابع عشر
خروج,17,25,"الإصحاح السابع عشر
خروج,17,26,"الإصحاح السابع عشر
خروج,17,27,"الإصحاح السابع عشر
خروج,17,28,"الإصحاح السابع عشر
خروج,17,29,"الإصحاح السابع عشر
خروج,17,30,"الإصحاح السابع عشر
خروج,17,31,"الإصحاح السابع عشر
خروج,17,32,"الإصحاح السابع عشر
خروج,17,33,"الإصحاح السابع عشر
خروج,17,34,"الإصحاح السابع عشر
خروج,17,35,"الإصحاح السابع عشر
خروج,17,36,"الإصحاح السابع عشر
خروج,17,37,"الإصحاح السابع عشر
خروج,17,38,"الإصحاح السابع عشر
خروج,17,39,"الإصحاح السابع عشر
خروج,17,40,"الإصحاح السابع عشر
خروج,17,41,"الإصحاح السابع عشر
خروج,17,42,"الإصحاح السابع عشر
خروج,17,43,"الإصحاح السابع عشر
خروج,17,44,"الإصحاح السابع عشر
خروج,17,45,"الإصحاح السابع عشر
خروج,17,46,"الإصحاح السابع عشر
خروج,17,47,"الإصحاح السابع عشر
خروج,17,48,"الإصحاح السابع عشر
خروج,17,49,"الإصحاح السابع عشر
خروج,17,50,"الإصحاح السابع عشر
خروج,17,51,"الإصحاح السابع عشر
خروج,17,52,"الإصحاح السابع عشر
خروج,17,53,"الإصحاح السابع عشر
خروج,17,54,"الإصحاح السابع عشر
خروج,17,55,"الإصحاح السابع عشر
خروج,17,56,"الإصحاح السابع عشر
خروج,17,57,"الإصحاح السابع عشر
خروج,17,58,"الإصحاح السابع عشر
خروج,17,59,"الإصحاح السابع عشر
خروج,17,60,"الإصحاح السابع عشر
خروج,17,61,"الإصحاح السابع عشر
خروج,17,62,"الإصحاح السابع عشر
خروج,17,63,"الإصحاح السابع عشر
خروج,17,64,"الإصحاح السابع عشر
خروج,17,65,"الإصحاح السابع عشر
خروج,17,66,"الإصحاح السابع عشر
خروج,17,67,"الإصحاح السابع عشر
خروج,17,68,"الإصحاح السابع عشر
خروج,17,69,"الإصحاح السابع عشر
خروج,17,70,"الإصحاح السابع عشر
خروج,17,71,"الإصحاح السابع عشر
خروج,17,72,"الإصحاح السابع عشر
خروج,17,73,"الإصحاح السابع عشر
خروج,17,74,"الإصحاح السابع عشر
خروج,17,75,"الإصحاح السابع عشر
خروج,17,76,"الإصحاح السابع عشر
خروج,17,77,"الإصحاح السابع عشر
خروج,17,78,"الإصحاح السابع عشر
خروج,17,79,"الإصحاح السابع عشر
خروج,17,80,"الإصحاح السابع عشر
خروج,17,81,"الإصحاح السابع عشر
خروج,17,82,"الإصحاح السابع عشر
خروج,17,83,"الإصحاح السابع عشر
خروج,17,84,"الإصحاح السابع عشر
خروج,17,85,"الإصحاح السابع عشر
خروج,17,86,"الإصحاح السابع عشر
خروج,17,87,"الإصحاح السابع عشر
خروج,17,88,"الإصحاح السابع عشر
خروج,17,89,"الإصحاح السابع عشر
خروج,17,90,"الإصحاح السابع عشر
خروج,17,91,"الإصحاح السابع عشر
خروج,17,92,"الإصحاح السابع عشر
خروج,17,93,"الإصحاح السابع عشر
خروج,17,94,"الإصحاح السابع عشر
خروج,17,95,"الإصحاح السابع عشر
خروج,17,96,"الإصحاح السابع عشر
خروج,17,97,"الإصحاح السابع عشر
خروج,17,98,"الإصحاح السابع عشر
خروج,17,99,"الإصحاح السابع عشر
خروج,18,1,"الإصحاح الثامن عشر
خروج,18,2,"الإصحاح الثامن عشر
خروج,18,3,"الإصحاح الثامن عشر
خروج,18,4,"الإصحاح الثامن عشر
خروج,18,5,"الإصحاح الثامن عشر
خروج,18,6,"الإصحاح الثامن عشر
خروج,18,7,"الإصحاح الثامن عشر
خروج,18,8,"الإصحاح الثامن عشر
خروج,18,9,"الإصحاح الثامن عشر
خروج,18,10,"الإصحاح الثامن عشر
خروج,18,11,"الإصحاح الثامن عشر
خروج,18,12,"الإصحاح الثامن عشر
خروج,18,13,"الإصحاح الثامن عشر
خروج,18,14,"الإصحاح الثامن عشر
خروج,18,15,"الإصحاح الثامن عشر
خروج,18,16,"الإصحاح الثامن عشر
خروج,18,17,"الإصحاح الثامن عشر
خروج,18,18,"الإصحاح الثامن عشر
خروج,18,19,"الإصحاح الثامن عشر
خروج,18,20,"الإصحاح الثامن عشر
خروج,18,21,"الإصحاح الثامن عشر
خروج,18,22,"الإصحاح الثامن عشر
خروج,18,23,"الإصحاح الثامن عشر
خروج,18,24,"الإصحاح الثامن عشر
خروج,18,25,"الإصحاح الثامن عشر
خروج,18,26,"الإصحاح الثامن عشر
خروج,18,27,"الإصحاح الثامن عشر
خروج,18,28,"الإصحاح الثامن عشر
خروج,18,29,"الإصحاح الثامن عشر
خروج,18,30,"الإصحاح الثامن عشر
خروج,18,31,"الإصحاح الثامن عشر
خروج,18,32,"الإصحاح الثامن عشر
خروج,18,33,"الإصحاح الثامن عشر
خروج,18,34,"الإصحاح الثامن عشر
خروج,18,35,"الإصحاح الثامن عشر
خروج,18,36,"الإصحاح الثامن عشر
خروج,18,37,"الإصحاح الثامن عشر
خروج,18,38,"الإصحاح الثامن عشر
خروج,18,39,"الإصحاح الثامن عشر
خروج,18,40,"الإصحاح الثامن عشر
خروج,18,41,"الإصحاح الثامن عشر
خروج,18,42,"الإصحاح الثامن عشر
خروج,18,43,"الإصحاح الثامن عشر
خروج,18,44,"الإصحاح الثامن عشر
خروج,18,45,"الإصحاح الثامن عشر
خروج,18,46,"الإصحاح الثامن عشر
خروج,18,47,"الإصحاح الثامن عشر
خروج,18,48,"الإصحاح الثامن عشر
خروج,18,49,"الإصحاح الثامن عشر
خروج,18,50,"الإصحاح الثامن عشر
خروج,18,51,"الإصحاح الثامن عشر
خروج,18,52,"الإصحاح الثامن عشر
خروج,18,53,"الإصحاح الثامن عشر
خروج,18,54,"الإصحاح الثامن عشر
خروج,18,55,"الإصحاح الثامن عشر
خروج,18,56,"الإصحاح الثامن عشر
خروج,18,57,"الإصحاح الثامن عشر
خروج,18,58,"الإصحاح الثامن عشر
خروج,18,59,"الإصحاح الثامن عشر
خروج,18,60,"الإصحاح الثامن عشر
خروج,18,61,"الإصحاح الثامن عشر
خروج,18,62,"الإصحاح الثامن عشر
خروج,18,63,"الإصحاح الثامن عشر
خروج,18,64,"الإصحاح الثامن عشر
خروج,18,65,"الإصحاح الثامن عشر
خروج,18,66,"الإصحاح الثامن عشر
خروج,18,67,"الإصحاح الثامن عشر
خروج,18,68,"الإصحاح الثامن عشر
خروج,18,69,"الإصحاح الثامن عشر
خروج,18,70,"الإصحاح الثامن عشر
خروج,18,71,"الإصحاح الثامن عشر
خروج,18,72,"الإصحاح الثامن عشر
خروج,18,73,"الإصحاح الثامن عشر
خروج,18,74,"الإصحاح الثامن عشر
خروج,18,75,"الإصحاح الثامن عشر
خروج,18,76,"الإصحاح الثامن عشر
خروج,18,77,"الإصحاح الثامن عشر
خروج,18,78,"الإصحاح الثامن عشر
خروج,18,79,"الإصحاح الثامن عشر
خروج,18,80,"الإصحاح الثامن عشر
خروج,18,81,"الإصحاح الثامن عشر
خروج,18,82,"الإصحاح الثامن عشر
خروج,18,83,"الإصحاح الثامن عشر
خروج,18,84,"الإصحاح الثامن عشر
خروج,18,85,"الإصحاح الثامن عشر
خروج,18,86,"الإصحاح الثامن عشر
خروج,18,87,"الإصحاح الثامن عشر
خروج,18,88,"الإصحاح الثامن عشر
خروج,18,89,"الإصحاح الثامن عشر
خروج,18,90,"الإصحاح الثامن عشر
خروج,18,91,"الإصحاح الثامن عشر
خروج,18,92,"الإصحاح الثامن عشر
خروج,18,93,"الإصحاح الثامن عشر
خروج,18,94,"الإصحاح الثامن عشر
خروج,18,95,"الإصحاح الثامن عشر
خروج,18,96,"الإصحاح الثامن عشر
خروج,18,97,"الإصحاح الثامن عشر
خروج,18,98,"الإصحاح الثامن عشر
خروج,18,99,"الإصحاح الثامن عشر
خروج,19,1,"الإصحاح التاسع عشر
خروج,19,2,"الإصحاح التاسع عشر
خروج,19,3,"الإصحاح التاسع عشر
خروج,19,4,"الإصحاح التاسع عشر
خروج,19,5,"الإصحاح التاسع عشر
خروج,19,6,"الإصحاح التاسع عشر
خروج,19,7,"الإصحاح التاسع عشر
خروج,19,8,"الإصحاح التاسع عشر
خروج,19,9,"الإصحاح التاسع عشر
خروج,19,10,"الإصحاح التاسع عشر
خروج,19,11,"الإصحاح التاسع عشر
خروج,19,12,"الإصحاح التاسع عشر
خروج,19,13,"الإصحاح التاسع عشر
خروج,19,14,"الإصحاح التاسع عشر
خروج,19,15,"الإصحاح التاسع عشر
خروج,19,16,"الإصحاح التاسع عشر
خروج,19,17,"الإصحاح التاسع عشر
خروج,19,18,"الإصحاح التاسع عشر
خروج,19,19,"الإصحاح التاسع عشر
خروج,19,20,"الإصحاح التاسع عشر
خروج,19,21,"الإصحاح التاسع عشر
خروج,19,22,"الإصحاح التاسع عشر
خروج,19,23,"الإصحاح التاسع عشر
خروج,19,24,"الإصحاح التاسع عشر
خروج,19,25,"الإصحاح التاسع عشر
خروج,19,26,"الإصحاح التاسع عشر
خروج,19,27,"الإصحاح التاسع عشر
خروج,19,28,"الإصحاح التاسع عشر
خروج,19,29,"الإصحاح التاسع عشر
خروج,19,30,"الإصحاح التاسع عشر
خروج,19,31,"الإصحاح التاسع عشر
خروج,19,32,"الإصحاح التاسع عشر
خروج,19,33,"الإصحاح التاسع عشر
خروج,19,34,"الإصحاح التاسع عشر
خروج,19,35,"الإصحاح التاسع عشر
خروج,19,36,"الإصحاح التاسع عشر
خروج,19,37,"الإصحاح التاسع عشر
خروج,19,38,"الإصحاح التاسع عشر
خروج,19,39,"الإصحاح التاسع عشر
خروج,19,40,"الإصحاح التاسع عشر
خروج,19,41,"الإصحاح التاسع عشر
خروج,19,42,"الإصحاح التاسع عشر
خروج,19,43,"الإصحاح التاسع عشر
خروج,19,44,"الإصحاح التاسع عشر
خروج,19,45,"الإصحاح التاسع عشر
خروج,19,46,"الإصحاح التاسع عشر
خروج,19,47,"الإصحاح التاسع عشر
خروج,19,48,"الإصحاح التاسع عشر
خروج,19,49,"الإصحاح التاسع عشر
خروج,19,50,"الإصحاح التاسع عشر
خروج,19,51,"الإصحاح التاسع عشر
خروج,19,52,"الإصحاح التاسع عشر
خروج,19,53,"الإصحاح التاسع عشر
خروج,19,54,"الإصحاح التاسع عشر
خروج,19,55,"الإصحاح التاسع عشر
خروج,19,56,"الإصحاح التاسع عشر
خروج,19,57,"الإصحاح التاسع عشر
خروج,19,58,"الإصحاح التاسع عشر
خروج,19,59,"الإصحاح التاسع عشر
خروج,19,60,"الإصحاح التاسع عشر
خروج,19,61,"الإصحاح التاسع عشر
خروج,19,62,"الإصحاح التاسع عشر
خروج,19,63,"الإصحاح التاسع عشر
خروج,19,64,"الإصحاح التاسع عشر
خروج,19,65,"الإصحاح التاسع عشر
خروج,19,66,"الإصحاح التاسع عشر
خروج,19,67,"الإصحاح التاسع عشر
خروج,19,68,"الإصحاح التاسع عشر
خروج,19,69,"الإصحاح التاسع عشر
خروج,19,70,"الإصحاح التاسع عشر
خروج,19,71,"الإصحاح التاسع عشر
خروج,19,72,"الإصحاح التاسع عشر
خروج,19,73,"الإصحاح التاسع عشر
خروج,19,74,"الإصحاح التاسع عشر
خروج,19,75,"الإصحاح التاسع عشر
خروج,19,76,"الإصحاح التاسع عشر
خروج,19,77,"الإصحاح التاسع عشر
خروج,19,78,"الإصحاح التاسع عشر
خروج,19,79,"الإصحاح التاسع عشر
خروج,19,80,"الإصحاح التاسع عشر
خروج,19,81,"الإصحاح التاسع عشر
خروج,19,82,"الإصحاح التاسع عشر
خروج,19,83,"الإصحاح التاسع عشر
خروج,19,84,"الإصحاح التاسع عشر
خروج,19,85,"الإصحاح التاسع عشر
خروج,19,86,"الإصحاح التاسع عشر
خروج,19,87,"الإصحاح التاسع عشر
خروج,19,88,"الإصحاح التاسع عشر
خروج,19,89,"الإصحاح التاسع عشر
خروج,19,90,"الإصحاح التاسع عشر
خروج,19,91,"الإصحاح التاسع عشر
خروج,19,92,"الإصحاح التاسع عشر
خروج,19,93,"الإصحاح التاسع عشر
خروج,19,94,"الإصحاح التاسع عشر
خروج,19,95,"الإصحاح التاسع عشر
خروج,19,96,"الإصحاح التاسع عشر
خروج,19,97,"الإصحاح التاسع عشر
خروج,19,98,"الإصحاح التاسع عشر
خروج,19,99,"الإصحاح التاسع عشر
خروج,20,1,"الإصحاح العشرون
خروج,20,2,"الإصحاح العشرون
خروج,20,3,"الإصحاح العشرون
خروج,20,4,"الإصحاح العشرون
خروج,20,5,"الإصحاح العشرون
خروج,20,6,"الإصحاح العشرون
خروج,20,7,"الإصحاح العشرون
خروج,20,8,"الإصحاح العشرون
خروج,20,9,"الإصحاح العشرون
خروج,20,10,"الإصحاح العشرون
خروج,20,11,"الإصحاح العشرون
خروج,20,12,"الإصحاح العشرون
خروج,20,13,"الإصحاح العشرون
خروج,20,14,"الإصحاح العشرون
خروج,20,15,"الإصحاح العشرون
خروج,20,16,"الإصحاح العشرون
خروج,20,17,"الإصحاح العشرون
خروج,20,18,"الإصحاح العشرون
خروج,20,19,"الإصحاح العشرون
خروج,20,20,"الإصحاح العشرون
خروج,20,21,"الإصحاح العشرون
خروج,20,22,"الإصحاح العشرون
خروج,20,23,"الإصحاح العشرون
خروج,20,24,"الإصحاح العشرون
خروج,20,25,"الإصحاح العشرون
خروج,20,26,"الإصحاح العشرون
خروج,20,27,"الإصحاح العشرون
خروج,20,28,"الإصحاح العشرون
خروج,20,29,"الإصحاح العشرون
خروج,20,30,"الإصحاح العشرون
خروج,20,31,"الإصحاح العشرون
خروج,20,32,"الإصحاح العشرون
خروج,20,33,"الإصحاح العشرون
خروج,20,34,"الإصحاح العشرون
خروج,20,35,"الإصحاح العشرون
خروج,20,36,"الإصحاح العشرون
خروج,20,37,"الإصحاح العشرون
خروج,20,38,"الإصحاح العشرون
خروج,20,39,"الإصحاح العشرون
خروج,20,40,"الإصحاح العشرون
خروج,20,41,"الإصحاح العشرون
خروج,20,42,"الإصحاح العشرون
خروج,20,43,"الإصحاح العشرون
خروج,20,44,"الإصحاح العشرون
خروج,20,45,"الإصحاح العشرون
خروج,20,46,"الإصحاح العشرون
خروج,20,47,"الإصحاح العشرون
خروج,20,48,"الإصحاح العشرون
خروج,20,49,"الإصحاح العشرون
خروج,20,50,"الإصحاح العشرون
خروج,20,51,"الإصحاح العشرون
خروج,20,52,"الإصحاح العشرون
خروج,20,53,"الإصحاح العشرون
خروج,20,54,"الإصحاح العشرون
خروج,20,55,"الإصحاح العشرون
خروج,20,56,"الإصحاح العشرون
خروج,20,57,"الإصحاح العشرون
خروج,20,58,"الإصحاح العشرون
خروج,20,59,"الإصحاح العشرون
خروج,20,60,"الإصحاح العشرون
خروج,20,61,"الإصحاح العشرون
خروج,20,62,"الإصحاح العشرون
خروج,20,63,"الإصحاح العشرون
خروج,20,64,"الإصحاح العشرون
خروج,20,65,"الإصحاح العشرون
خروج,20,66,"الإصحاح العشرون
خروج,20,67,"الإصحاح العشرون
خروج,20,68,"الإصحاح العشرون
خروج,20,69,"الإصحاح العشرون
خروج,20,70,"الإصحاح العشرون
خروج,20,71,"الإصحاح العشرون
خروج,20,72,"الإصحاح العشرون
خروج,20,73,"الإصحاح العشرون
خروج,20,74,"الإصحاح العشرون
خروج,20,75,"الإصحاح العشرون
خروج,20,76,"الإصحاح العشرون
خروج,20,77,"الإصحاح العشرون
خروج,20,78,"الإصحاح العشرون
خروج,20,79,"الإصحاح العشرون
خروج,20,80,"الإصحاح العشرون
خروج,20,81,"الإصحاح العشرون
خروج,20,82,"الإصحاح العشرون
خروج,20,83,"الإصحاح العشرون
خروج,20,84,"الإصحاح العشرون
خروج,20,85,"الإصحاح العشرون
خروج,20,86,"الإصحاح العشرون
خروج,20,87,"الإصحاح العشرون
خروج,20,88,"الإصحاح العشرون
خروج,20,89,"الإصحاح العشرون
خروج,20,90,"الإصحاح العشرون
خروج,20,91,"الإصحاح العشرون
خروج,20,92,"الإصحاح العشرون
خروج,20,93,"الإصحاح العشرون
خروج,20,94,"الإصحاح العشرون
خروج,20,95,"الإصحاح العشرون
خروج,20,96,"الإصحاح العشرون
خروج,20,97,"الإصحاح العشرون
خروج,20,98,"الإصحاح العشرون
خروج,20,99,"الإصحاح العشرون
خروج,21,1,"الإصحاح الحادي والعشرون
خروج,21,2,"الإصحاح الحادي والعشرون
خروج,21,3,"الإصحاح الحادي والعشرون
خروج,21,4,"الإصحاح الحادي والعشرون
خروج,21,5,"الإصحاح الحادي والعشرون
خروج,21,6,"الإصحاح الحادي والعشرون
خروج,21,7,"الإصحاح الحادي والعشرون
خروج,21,8,"الإصحاح الحادي والعشرون
خروج,21,9,"الإصحاح الحادي والعشرون
خروج,21,10,"الإصحاح الحادي والعشرون
خروج,21,11,"الإصحاح الحادي والعشرون
خروج,21,12,"الإصحاح الحادي والعشرون
خروج,21,13,"الإصحاح الحادي والعشرون
خروج,21,14,"الإصحاح الحادي والعشرون
خروج,21,15,"الإصحاح الحادي والعشرون
خروج,21,16,"الإصحاح الحادي والعشرون
خروج,21,17,"الإصحاح الحادي والعشرون
خروج,21,18,"الإصحاح الحادي والعشرون
خروج,21,19,"الإصحاح الحادي والعشرون
خروج,21,20,"الإصحاح الحادي والعشرون
خروج,21,21,"الإصحاح الحادي والعشرون
خروج,21,22,"الإصحاح الحادي والعشرون
خروج,21,23,"الإصحاح الحادي والعشرون
خروج,21,24,"الإصحاح الحادي والعشرون
خروج,21,25,"الإصحاح الحادي والعشرون
خروج,21,26,"الإصحاح الحادي والعشرون
خروج,21,27,"الإصحاح الحادي والعشرون
خروج,21,28,"الإصحاح الحادي والعشرون
خروج,21,29,"الإصحاح الحادي والعشرون
خروج,21,30,"الإصحاح الحادي والعشرون
خروج,21,31,"الإصحاح الحادي والعشرون
خروج,21,32,"الإصحاح الحادي والعشرون
خروج,21,33,"الإصحاح الحادي والعشرون
خروج,21,34,"الإصحاح الحادي والعشرون
خروج,21,35,"الإصحاح الحادي والعشرون
خروج,21,36,"الإصحاح الحادي والعشرون
خروج,21,37,"الإصحاح الحادي والعشرون
خروج,21,38,"الإصحاح الحادي والعشرون
خروج,21,39,"الإصحاح الحادي والعشرون
خروج,21,40,"الإصحاح الحادي والعشرون
خروج,21,41,"الإصحاح الحادي والعشرون
خروج,21,42,"الإصحاح الحادي والعشرون
خروج,21,43,"الإصحاح الحادي والعشرون
خروج,21,44,"الإصحاح الحادي والعشرون
خروج,21,45,"الإصحاح الحادي والعشرون
خروج,21,46,"الإصحاح الحادي والعشرون
خروج,21,47,"الإصحاح الحادي والعشرون
خروج,21,48,"الإصحاح الحادي والعشرون
خروج,21,49,"الإصحاح الحادي والعشرون
خروج,21,50,"الإصحاح الحادي والعشرون
خروج,21,51,"الإصحاح الحادي والعشرون
خروج,21,52,"الإصحاح الحادي والعشرون
خروج,21,53,"الإصحاح الحادي والعشرون
خروج,21,54,"الإصحاح الحادي والعشرون
خروج,21,55,"الإصحاح الحادي والعشرون
خروج,21,56,"الإصحاح الحادي والعشرون
خروج,21,57,"الإصحاح الحادي والعشرون
خروج,21,58,"الإصحاح الحادي والعشرون
خروج,21,59,"الإصحاح الحادي والعشرون
خروج,21,60,"الإصحاح الحادي والعشرون
خروج,21,61,"الإصحاح الحادي والعشرون
خروج,21,62,"الإصحاح الحادي والعشرون
خروج,21,63,"الإصحاح الحادي والعشرون
خروج,21,64,"الإصحاح الحادي والعشرون
خروج,21,65,"الإصحاح الحادي والعشرون
خروج,21,66,"الإصحاح الحادي والعشرون
خروج,21,67,"الإصحاح الحادي والعشرون
خروج,21,68,"الإصحاح الحادي والعشرون
خروج,21,69,"الإصحاح الحادي والعشرون
خروج,21,70,"الإصحاح الحادي والعشرون
خروج,21,71,"الإصحاح الحادي والعشرون
خروج,21,72,"الإصحاح الحادي والعشرون
خروج,21,73,"الإصحاح الحادي والعشرون
خروج,21,74,"الإصحاح الحادي والعشرون
خروج,21,75,"الإصحاح الحادي والعشرون
خروج,21,76,"الإصحاح الحادي والعشرون
خروج,21,77,"الإصحاح الحادي والعشرون
خروج,21,78,"الإصحاح الحادي والعشرون
خروج,21,79,"الإصحاح الحادي والعشرون
خروج,21,80,"الإصحاح الحادي والعشرون
خروج,21,81,"الإصحاح الحادي والعشرون
خروج,21,82,"الإصحاح الحادي والعشرون
خروج,21,83,"الإصحاح الحادي والعشرون
خروج,21,84,"الإصحاح الحادي والعشرون
خروج,21,85,"الإصحاح الحادي والعشرون
خروج,21,86,"الإصحاح الحادي والعشرون
خروج,21,87,"الإصحاح الحادي والعشرون
خروج,21,88,"الإصحاح الحادي والعشرون
خروج,21,89,"الإصحاح الحادي والعشرون
خروج,21,90,"الإصحاح الحادي والعشرون
خروج,21,91,"الإصحاح الحادي والعشرون
خروج,21,92,"الإصحاح الحادي والعشرون
خروج,21,93,"الإصحاح الحادي والعشرون
خروج,21,94,"الإصحاح الحادي والعشرون
خروج,21,95,"الإصحاح الحادي والعشرون
خروج,21,96,"الإصحاح الحادي والعشرون
خروج,21,97,"الإصحاح الحادي والعشرون
خروج,21,98,"الإصحاح الحادي والعشرون
خروج,21,99,"الإصحاح الحادي والعشرون
خروج,22,1,"الإصحاح الثاني والعشرون
خروج,22,2,"الإصحاح الثاني والعشرون
خروج,22,3,"الإصحاح الثاني والعشرون
خروج,22,4,"الإصحاح الثاني والعشرون
خروج,22,5,"الإصحاح الثاني والعشرون
خروج,22,6,"الإصحاح الثاني والعشرون
خروج,22,7,"الإصحاح الثاني والعشرون
خروج,22,8,"الإصحاح الثاني والعشرون
خروج,22,9,"الإصحاح الثاني والعشرون
خروج,22,10,"الإصحاح الثاني والعشرون
خروج,22,11,"الإصحاح الثاني والعشرون
خروج,22,12,"الإصحاح الثاني والعشرون
خروج,22,13,"الإصحاح الثاني والعشرون
خروج,22,14,"الإصحاح الثاني والعشرون
خروج,22,15,"الإصحاح الثاني والعشرون
خروج,22,16,"الإصحاح الثاني والعشرون
خروج,22,17,"الإصحاح الثاني والعشرون
خروج,22,18,"الإصحاح الثاني والعشرون
خروج,22,19,"الإصحاح الثاني والعشرون
خروج,22,20,"الإصحاح الثاني والعشرون
خروج,22,21,"الإصحاح الثاني والعشرون
خروج,22,22,"الإصحاح الثاني والعشرون
خروج,22,23,"الإصحاح الثاني والعشرون
خروج,22,24,"الإصحاح الثاني والعشرون
خروج,22,25,"الإصحاح الثاني والعشرون
خروج,22,26,"الإصحاح الثاني والعشرون
خروج,22,27,"الإصحاح الثاني والعشرون
خروج,22,28,"الإصحاح الثاني والعشرون
خروج,22,29,"الإصحاح الثاني والعشرون
خروج,22,30,"الإصحاح الثاني والعشرون
خروج,22,31,"الإصحاح الثاني والعشرون
خروج,22,32,"الإصحاح الثاني والعشرون
خروج,22,33,"الإصحاح الثاني والعشرون
خروج,22,34,"الإصحاح الثاني والعشرون
خروج,22,35,"الإصحاح الثاني والعشرون
خروج,22,36,"الإصحاح الثاني والعشرون
خروج,22,37,"الإصحاح الثاني والعشرون
خروج,22,38,"الإصحاح الثاني والعشرون
خروج,22,39,"الإصحاح الثاني والعشرون
خروج,22,40,"الإصحاح الثاني والعشرون
خروج,22,41,"الإصحاح الثاني والعشرون
خروج,22,42,"الإصحاح الثاني والعشرون
خروج,22,43,"الإصحاح الثاني والعشرون
خروج,22,44,"الإصحاح الثاني والعشرون
خروج,22,45,"الإصحاح الثاني والعشرون
خروج,22,46,"الإصحاح الثاني والعشرون
خروج,22,47,"الإصحاح الثاني والعشرون
خروج,22,48,"الإصحاح الثاني والعشرون
خروج,22,49,"الإصحاح الثاني والعشرون
خروج,22,50,"الإصحاح الثاني والعشرون
خروج,22,51,"الإصحاح الثاني والعشرون
خروج,22,52,"الإصحاح الثاني والعشرون
خروج,22,53,"الإصحاح الثاني والعشرون
خروج,22,54,"الإصحاح الثاني والعشرون
خروج,22,55,"الإصحاح الثاني والعشرون
خروج,22,56,"الإصحاح الثاني والعشرون
خروج,22,57,"الإصحاح الثاني والعشرون
خروج,22,58,"الإصحاح الثاني والعشرون
خروج,22,59,"الإصحاح الثاني والعشرون
خروج,22,60,"الإصحاح الثاني والعشرون
خروج,22,61,"الإصحاح الثاني والعشرون
خروج,22,62,"الإصحاح الثاني والعشرون
خروج,22,63,"الإصحاح الثاني والعشرون
خروج,22,64,"الإصحاح الثاني والعشرون
خروج,22,65,"الإصحاح الثاني والعشرون
خروج,22,66,"الإصحاح الثاني والعشرون
خروج,22,67,"الإصحاح الثاني والعشرون
خروج,22,68,"الإصحاح الثاني والعشرون
خروج,22,69,"الإصحاح الثاني والعشرون
خروج,22,70,"الإصحاح الثاني والعشرون
خروج,22,71,"الإصحاح الثاني والعشرون
خروج,22,72,"الإصحاح الثاني والعشرون
خروج,22,73,"الإصحاح الثاني والعشرون
خروج,22,74,"الإصحاح الثاني والعشرون
خروج,22,75,"الإصحاح الثاني والعشرون
خروج,22,76,"الإصحاح الثاني والعشرون
خروج,22,77,"الإصحاح الثاني والعشرون
خروج,22,78,"الإصحاح الثاني والعشرون
خروج,22,79,"الإصحاح الثاني والعشرون
خروج,22,80,"الإصحاح الثاني والعشرون
خروج,22,81,"الإصحاح الثاني والعشرون
خروج,22,82,"الإصحاح الثاني والعشرون
خروج,22,83,"الإصحاح الثاني والعشرون
خروج,22,84,"الإصحاح الثاني والعشرون
خروج,22,85,"الإصحاح الثاني والعشرون
خروج,22,86,"الإصحاح الثاني والعشرون
خروج,22,87,"الإصحاح الثاني والعشرون
خروج,22,88,"الإصحاح الثاني والعشرون
خروج,22,89,"الإصحاح الثاني والعشرون
خروج,22,90,"الإصحاح الثاني والعشرون
خروج,22,91,"الإصحاح الثاني والعشرون
خروج,22,92,"الإصحاح الثاني والعشرون
خروج,22,93,"الإصحاح الثاني والعشرون
خروج,22,94,"الإصحاح الثاني والعشرون
خروج,22,95,"الإصحاح الثاني والعشرون
خروج,22,96,"الإصحاح الثاني والعشرون
خروج,22,97,"الإصحاح الثاني والعشرون
خروج,22,98,"الإصحاح الثاني والعشرون
خروج,22,99,"الإصحاح الثاني والعشرون
خروج,23,1,"الإصحاح الثالث والعشرون
خروج,23,2,"الإصحاح الثالث والعشرون
خروج,23,3,"الإصحاح الثالث والعشرون
خروج,23,4,"الإصحاح الثالث والعشرون
خروج,23,5,"الإصحاح الثالث والعشرون
خروج,23,6,"الإصحاح الثالث والعشرون
خروج,23,7,"الإصحاح الثالث والعشرون
خروج,23,8,"الإصحاح الثالث والعشرون
خروج,23,9,"الإصحاح الثالث والعشرون
خروج,23,10,"الإصحاح الثالث والعشرون
خروج,23,11,"الإصحاح الثالث والعشرون
خروج,23,12,"الإصحاح الثالث والعشرون
خروج,23,13,"الإصحاح الثالث والعشرون
خروج,23,14,"الإصحاح الثالث والعشرون
خروج,23,15,"الإصحاح الثالث والعشرون
خروج,23,16,"الإصحاح الثالث والعشرون
خروج,23,17,"الإصحاح الثالث والعشرون
خروج,23,18,"الإصحاح الثالث والعشرون
خروج,23,19,"الإصحاح الثالث والعشرون
خروج,23,20,"الإصحاح الثالث والعشرون
خروج,23,21,"الإصحاح الثالث والعشرون
خروج,23,22,"الإصحاح الثالث والعشرون
خروج,23,23,"الإصحاح الثالث والعشرون
خروج,23,24,"الإصحاح الثالث والعشرون
خروج,23,25,"الإصحاح الثالث والعشرون
خروج,23,26,"الإصحاح الثالث والعشرون
خروج,23,27,"الإصحاح الثالث والعشرون
خروج,23,28,"الإصحاح الثالث والعشرون
خروج,23,29,"الإصحاح الثالث والعشرون
خروج,23,30,"الإصحاح الثالث والعشرون
خروج,23,31,"الإصحاح الثالث والعشرون
خروج,23,32,"الإصحاح الثالث والعشرون
خروج,23,33,"الإصحاح الثالث والعشرون
خروج,23,34,"الإصحاح الثالث والعشرون
خروج,23,35,"الإصحاح الثالث والعشرون
خروج,23,36,"الإصحاح الثالث والعشرون
خروج,23,37,"الإصحاح الثالث والعشرون
خروج,23,38,"الإصحاح الثالث والعشرون
خروج,23,39,"الإصحاح الثالث والعشرون
خروج,23,40,"الإصحاح الثالث والعشرون
خروج,23,41,"الإصحاح الثالث والعشرون
خروج,23,42,"الإصحاح الثالث والعشرون
خروج,23,43,"الإصحاح الثالث والعشرون
خروج,23,44,"الإصحاح الثالث والعشرون
خروج,23,45,"الإصحاح الثالث والعشرون
خروج,23,46,"الإصحاح الثالث والعشرون
خروج,23,47,"الإصحاح الثالث والعشرون
خروج,23,48,"الإصحاح الثالث والعشرون
خروج,23,49,"الإصحاح الثالث والعشرون
خروج,23,50,"الإصحاح الثالث والعشرون
خروج,23,51,"الإصحاح الثالث والعشرون
خروج,23,52,"الإصحاح الثالث والعشرون
خروج,23,53,"الإصحاح الثالث والعشرون
خروج,23,54,"الإصحاح الثالث والعشرون
خروج,23,55,"الإصحاح الثالث والعشرون
خروج,23,56,"الإصحاح الثالث والعشرون
خروج,23,57,"الإصحاح الثالث والعشرون
خروج,23,58,"الإصحاح الثالث والعشرون
خروج,23,59,"الإصحاح الثالث والعشرون
خروج,23,60,"الإصحاح الثالث والعشرون
خروج,23,61,"الإصحاح الثالث والعشرون
خروج,23,62,"الإصحاح الثالث والعشرون
خروج,23,63,"الإصحاح الثالث والعشرون
خروج,23,64,"الإصحاح الثالث والعشرون
خروج,23,65,"الإصحاح الثالث والعشرون
خروج,23,66,"الإصحاح الثالث والعشرون
خروج,23,67,"الإصحاح الثالث والعشرون
خروج,23,68,"الإصحاح الثالث والعشرون
خروج,23,69,"الإصحاح الثالث والعشرون
خروج,23,70,"الإصحاح الثالث والعشرون
خروج,23,71,"الإصحاح الثالث والعشرون
خروج,23,72,"الإصحاح الثالث والعشرون
خروج,23,73,"الإصحاح الثالث والعشرون
خروج,23,74,"الإصحاح الثالث والعشرون
خروج,23,75,"الإصحاح الثالث والعشرون
خروج,23,76,"الإصحاح الثالث والعشرون
خروج,23,77,"الإصحاح الثالث والعشرون
خروج,23,78,"الإصحاح الثالث والعشرون
خروج,23,79,"الإصحاح الثالث والعشرون
خروج,23,80,"الإصحاح الثالث والعشرون
خروج,23,81,"الإصحاح الثالث والعشرون
خروج,23,82,"الإصحاح الثالث والعشرون
خروج,23,83,"الإصحاح الثالث والعشرون
خروج,23,84,"الإصحاح الثالث والعشرون
خروج,23,85,"الإصحاح الثالث والعشرون
خروج,23,86,"الإصحاح الثالث والعشرون
خروج,23,87,"الإصحاح الثالث والعشرون
خروج,23,88,"الإصحاح الثالث والعشرون
خروج,23,89,"الإصحاح الثالث والعشرون
خروج,23,90,"الإصحاح الثالث والعشرون
خروج,23,91,"الإصحاح الثالث والعشرون
خروج,23,92,"الإصحاح الثالث والعشرون
خروج,23,93,"الإصحاح الثالث والعشرون
خروج,23,94,"الإصحاح الثالث والعشرون
خروج,23,95,"الإصحاح الثالث والعشرون
خروج,23,96,"الإصحاح الثالث والعشرون
خروج,23,97,"الإصحاح الثالث والعشرون
خروج,23,98,"الإصحاح الثالث والعشرون
خروج,23,99,"الإصحاح الثالث والعشرون
خروج,24,1,"الإصحاح الرابع والعشرون
خروج,24,2,"الإصحاح الرابع والعشرون
خروج,24,3,"الإصحاح الرابع والعشرون
خروج,24,4,"الإصحاح الرابع والعشرون
خروج,24,5,"الإصحاح الرابع والعشرون
خروج,24,6,"الإصحاح الرابع والعشرون
خروج,24,7,"الإصحاح الرابع والعشرون
خروج,24,8,"الإصحاح الرابع والعشرون
خروج,24,9,"الإصحاح الرابع والعشرون
خروج,24,10,"الإصحاح الرابع والعشرون
خروج,24,11,"الإصحاح الرابع والعشرون
خروج,24,12,"الإصحاح الرابع والعشرون
خروج,24,13,"الإصحاح الرابع والعشرون
خروج,24,14,"الإصحاح الرابع والعشرون
خروج,24,15,"الإصحاح الرابع والعشرون
خروج,24,16,"الإصحاح الرابع والعشرون
خروج,24,17,"الإصحاح الرابع والعشرون
خروج,24,18,"الإصحاح الرابع والعشرون
خروج,24,19,"الإصحاح الرابع والعشرون
خروج,24,20,"الإصحاح الرابع والعشرون
خروج,24,21,"الإصحاح الرابع والعشرون
خروج,24,22,"الإصحاح الرابع والعشرون
خروج,24,23,"الإصحاح الرابع والعشرون
خروج,24,24,"الإصحاح الرابع والعشرون
خروج,24,25,"الإصحاح الرابع والعشرون
خروج,24,26,"الإصحاح الرابع والعشرون
خروج,24,27,"الإصحاح الرابع والعشرون
خروج,24,28,"الإصحاح الرابع والعشرون
خروج,24,29,"الإصحاح الرابع والعشرون
خروج,24,30,"الإصحاح الرابع والعشرون
خروج,24,31,"الإصحاح الرابع والعشرون
خروج,24,32,"الإصحاح الرابع والعشرون
خروج,24,33,"الإصحاح الرابع والعشرون
خروج,24,34,"الإصحاح الرابع والعشرون
خروج,24,35,"الإصحاح الرابع والعشرون
خروج,24,36,"الإصحاح الرابع والعشرون
خروج,24,37,"الإصحاح الرابع والعشرون
خروج,24,38,"الإصحاح الرابع والعشرون
خروج,24,39,"الإصحاح الرابع والعشرون
خروج,24,40,"الإصحاح الرابع والعشرون
خروج,24,41,"الإصحاح الرابع والعشرون
خروج,24,42,"الإصحاح الرابع والعشرون
خروج,24,43,"الإصحاح الرابع والعشرون
خروج,24,44,"الإصحاح الرابع والعشرون
خروج,24,45,"الإصحاح الرابع والعشرون
خروج,24,46,"الإصحاح الرابع والعشرون
خروج,24,47,"الإصحاح الرابع والعشرون
خروج,24,48,"الإصحاح الرابع والعشرون
خروج,24,49,"الإصحاح الرابع والعشرون
خروج,24,50,"الإصحاح الرابع والعشرون
خروج,24,51,"الإصحاح الرابع والعشرون
خروج,24,52,"الإصحاح الرابع والعشرون
خروج,24,53,"الإصحاح الرابع والعشرون
خروج,24,54,"الإصحاح الرابع والعشرون
خروج,24,55,"الإصحاح الرابع والعشرون
خروج,24,56,"الإصحاح الرابع والعشرون
خروج,24,57,"الإصحاح الرابع والعشرون
خروج,24,58,"الإصحاح الرابع والعشرون
خروج,24,59,"الإصحاح الرابع والعشرون
خروج,24,60,"الإصحاح الرابع والعشرون
خروج,24,61,"الإصحاح الرابع والعشرون
خروج,24,62,"الإصحاح الرابع والعشرون
خروج,24,63,"الإصحاح الرابع والعشرون
خروج,24,64,"الإصحاح الرابع والعشرون
خروج,24,65,"الإصحاح الرابع والعشرون
خروج,24,66,"الإصحاح الرابع والعشرون
خروج,24,67,"الإصحاح الرابع والعشرون
خروج,24,68,"الإصحاح الرابع والعشرون
خروج,24,69,"الإصحاح الرابع والعشرون
خروج,24,70,"الإصحاح الرابع والعشرون
خروج,24,71,"الإصحاح الرابع والعشرون
خروج,24,72,"الإصحاح الرابع والعشرون
خروج,24,73,"الإصحاح الرابع والعشرون
خروج,24,74,"الإصحاح الرابع والعشرون
خروج,24,75,"الإصحاح الرابع والعشرون
خروج,24,76,"الإصحاح الرابع والعشرون
خروج,24,77,"الإصحاح الرابع والعشرون
خروج,24,78,"الإصحاح الرابع والعشرون
خروج,24,79,"الإصحاح الرابع والعشرون
خروج,24,80,"الإصحاح الرابع والعشرون
خروج,24,81,"الإصحاح الرابع والعشرون
خروج,24,82,"الإصحاح الرابع والعشرون
خروج,24,83,"الإصحاح الرابع والعشرون
خروج,24,84,"الإصحاح الرابع والعشرون
خروج,24,85,"الإصحاح الرابع والعشرون
خروج,24,86,"الإصحاح الرابع والعشرون
خروج,24,87,"الإصحاح الرابع والعشرون
خروج,24,88,"الإصحاح الرابع والعشرون
خروج,24,89,"الإصحاح الرابع والعشرون
خروج,24,90,"الإصحاح الرابع والعشرون
خروج,24,91,"الإصحاح الرابع والعشرون
خروج,24,92,"الإصحاح الرابع والعشرون
خروج,24,93,"الإصحاح الرابع والعشرون
خروج,24,94,"الإصحاح الرابع والعشرون
خروج,24,95,"الإصحاح الرابع والعشرون
خروج,24,96,"الإصحاح الرابع والعشرون
خروج,24,97,"الإصحاح الرابع والعشرون
خروج,24,98,"الإصحاح الرابع والعشرون
خروج,24,99,"الإصحاح الرابع والعشرون
خروج,25,1,"الإصحاح الخامس والعشرون 
خروج,25,2,"الإصحاح الخامس والعشرون 
خروج,25,3,"الإصحاح الخامس والعشرون 
خروج,25,4,"الإصحاح الخامس والعشرون 
خروج,25,5,"الإصحاح الخامس والعشرون 
خروج,25,6,"الإصحاح الخامس والعشرون 
خروج,25,7,"الإصحاح الخامس والعشرون 
خروج,25,8,"الإصحاح الخامس والعشرون 
خروج,25,9,"الإصحاح الخامس والعشرون 
خروج,25,10,"الإصحاح الخامس والعشرون 
خروج,25,11,"الإصحاح الخامس والعشرون 
خروج,25,12,"الإصحاح الخامس والعشرون 
خروج,25,13,"الإصحاح الخامس والعشرون 
خروج,25,14,"الإصحاح الخامس والعشرون 
خروج,25,15,"الإصحاح الخامس والعشرون 
خروج,25,16,"الإصحاح الخامس والعشرون 
خروج,25,17,"الإصحاح الخامس والعشرون 
خروج,25,18,"الإصحاح الخامس والعشرون 
خروج,25,19,"الإصحاح الخامس والعشرون 
خروج,25,20,"الإصحاح الخامس والعشرون 
خروج,25,21,"الإصحاح الخامس والعشرون 
خروج,25,22,"الإصحاح الخامس والعشرون 
خروج,25,23,"الإصحاح الخامس والعشرون 
خروج,25,24,"الإصحاح الخامس والعشرون 
خروج,25,25,"الإصحاح الخامس والعشرون 
خروج,25,26,"الإصحاح الخامس والعشرون 
خروج,25,27,"الإصحاح الخامس والعشرون 
خروج,25,28,"الإصحاح الخامس والعشرون 
خروج,25,29,"الإصحاح الخامس والعشرون 
خروج,25,30,"الإصحاح الخامس والعشرون 
خروج,25,31,"الإصحاح الخامس والعشرون 
خروج,25,32,"الإصحاح الخامس والعشرون 
خروج,25,33,"الإصحاح الخامس والعشرون 
خروج,25,34,"الإصحاح الخامس والعشرون 
خروج,25,35,"الإصحاح الخامس والعشرون 
خروج,25,36,"الإصحاح الخامس والعشرون 
خروج,25,37,"الإصحاح الخامس والعشرون 
خروج,25,38,"الإصحاح الخامس والعشرون 
خروج,25,39,"الإصحاح الخامس والعشرون 
خروج,25,40,"الإصحاح الخامس والعشرون 
خروج,25,41,"الإصحاح الخامس والعشرون 
خروج,25,42,"الإصحاح الخامس والعشرون 
خروج,25,43,"الإصحاح الخامس والعشرون 
خروج,25,44,"الإصحاح الخامس والعشرون 
خروج,25,45,"الإصحاح الخامس والعشرون 
خروج,25,46,"الإصحاح الخامس والعشرون 
خروج,25,47,"الإصحاح الخامس والعشرون 
خروج,25,48,"الإصحاح الخامس والعشرون 
خروج,25,49,"الإصحاح الخامس والعشرون 
خروج,25,50,"الإصحاح الخامس والعشرون 
خروج,25,51,"الإصحاح الخامس والعشرون 
خروج,25,52,"الإصحاح الخامس والعشرون 
خروج,25,53,"الإصحاح الخامس والعشرون 
خروج,25,54,"الإصحاح الخامس والعشرون 
خروج,25,55,"الإصحاح الخامس والعشرون 
خروج,25,56,"الإصحاح الخامس والعشرون 
خروج,25,57,"الإصحاح الخامس والعشرون 
خروج,25,58,"الإصحاح الخامس والعشرون 
خروج,25,59,"الإصحاح الخامس والعشرون 
خروج,25,60,"الإصحاح الخامس والعشرون 
خروج,25,61,"الإصحاح الخامس والعشرون 
خروج,25,62,"الإصحاح الخامس والعشرون 
خروج,25,63,"الإصحاح الخامس والعشرون 
خروج,25,64,"الإصحاح الخامس والعشرون 
خروج,25,65,"الإصحاح الخامس والعشرون 
خروج,25,66,"الإصحاح الخامس والعشرون 
خروج,25,67,"الإصحاح الخامس والعشرون 
خروج,25,68,"الإصحاح الخامس والعشرون 
خروج,25,69,"الإصحاح الخامس والعشرون 
خروج,25,70,"الإصحاح الخامس والعشرون 
خروج,25,71,"الإصحاح الخامس والعشرون 
خروج,25,72,"الإصحاح الخامس والعشرون 
خروج,25,73,"الإصحاح الخامس والعشرون 
خروج,25,74,"الإصحاح الخامس والعشرون 
خروج,25,75,"الإصحاح الخامس والعشرون 
خروج,25,76,"الإصحاح الخامس والعشرون 
خروج,25,77,"الإصحاح الخامس والعشرون 
خروج,25,78,"الإصحاح الخامس والعشرون 
خروج,25,79,"الإصحاح الخامس والعشرون 
خروج,25,80,"الإصحاح الخامس والعشرون 
خروج,25,81,"الإصحاح الخامس والعشرون 
خروج,25,82,"الإصحاح الخامس والعشرون 
خروج,25,83,"الإصحاح الخامس والعشرون 
خروج,25,84,"الإصحاح الخامس والعشرون 
خروج,25,85,"الإصحاح الخامس والعشرون 
خروج,25,86,"الإصحاح الخامس والعشرون 
خروج,25,87,"الإصحاح الخامس والعشرون 
خروج,25,88,"الإصحاح الخامس والعشرون 
خروج,25,89,"الإصحاح الخامس والعشرون 
خروج,25,90,"الإصحاح الخامس والعشرون 
خروج,25,91,"الإصحاح الخامس والعشرون 
خروج,25,92,"الإصحاح الخامس والعشرون 
خروج,25,93,"الإصحاح الخامس والعشرون 
خروج,25,94,"الإصحاح الخامس والعشرون 
خروج,25,95,"الإصحاح الخامس والعشرون 
خروج,25,96,"الإصحاح الخامس والعشرون 
خروج,25,97,"الإصحاح الخامس والعشرون 
خروج,25,98,"الإصحاح الخامس والعشرون 
خروج,25,99,"الإصحاح الخامس والعشرون 
خروج,26,1,"الإصحاح السادس والعشرون
خروج,26,2,"الإصحاح السادس والعشرون
خروج,26,3,"الإصحاح السادس والعشرون
خروج,26,4,"الإصحاح السادس والعشرون
خروج,26,5,"الإصحاح السادس والعشرون
خروج,26,6,"الإصحاح السادس والعشرون
خروج,26,7,"الإصحاح السادس والعشرون
خروج,26,8,"الإصحاح السادس والعشرون
خروج,26,9,"الإصحاح السادس والعشرون
خروج,26,10,"الإصحاح السادس والعشرون
خروج,26,11,"الإصحاح السادس والعشرون
خروج,26,12,"الإصحاح السادس والعشرون
خروج,26,13,"الإصحاح السادس والعشرون
خروج,26,14,"الإصحاح السادس والعشرون
خروج,26,15,"الإصحاح السادس والعشرون
خروج,26,16,"الإصحاح السادس والعشرون
خروج,26,17,"الإصحاح السادس والعشرون
خروج,26,18,"الإصحاح السادس والعشرون
خروج,26,19,"الإصحاح السادس والعشرون
خروج,26,20,"الإصحاح السادس والعشرون
خروج,26,21,"الإصحاح السادس والعشرون
خروج,26,22,"الإصحاح السادس والعشرون
خروج,26,23,"الإصحاح السادس والعشرون
خروج,26,24,"الإصحاح السادس والعشرون
خروج,26,25,"الإصحاح السادس والعشرون
خروج,26,26,"الإصحاح السادس والعشرون
خروج,26,27,"الإصحاح السادس والعشرون
خروج,26,28,"الإصحاح السادس والعشرون
خروج,26,29,"الإصحاح السادس والعشرون
خروج,26,30,"الإصحاح السادس والعشرون
خروج,26,31,"الإصحاح السادس والعشرون
خروج,26,32,"الإصحاح السادس والعشرون
خروج,26,33,"الإصحاح السادس والعشرون
خروج,26,34,"الإصحاح السادس والعشرون
خروج,26,35,"الإصحاح السادس والعشرون
خروج,26,36,"الإصحاح السادس والعشرون
خروج,26,37,"الإصحاح السادس والعشرون
خروج,26,38,"الإصحاح السادس والعشرون
خروج,26,39,"الإصحاح السادس والعشرون
خروج,26,40,"الإصحاح السادس والعشرون
خروج,26,41,"الإصحاح السادس والعشرون
خروج,26,42,"الإصحاح السادس والعشرون
خروج,26,43,"الإصحاح السادس والعشرون
خروج,26,44,"الإصحاح السادس والعشرون
خروج,26,45,"الإصحاح السادس والعشرون
خروج,26,46,"الإصحاح السادس والعشرون
خروج,26,47,"الإصحاح السادس والعشرون
خروج,26,48,"الإصحاح السادس والعشرون
خروج,26,49,"الإصحاح السادس والعشرون
خروج,26,50,"الإصحاح السادس والعشرون
خروج,26,51,"الإصحاح السادس والعشرون
خروج,26,52,"الإصحاح السادس والعشرون
خروج,26,53,"الإصحاح السادس والعشرون
خروج,26,54,"الإصحاح السادس والعشرون
خروج,26,55,"الإصحاح السادس والعشرون
خروج,26,56,"الإصحاح السادس والعشرون
خروج,26,57,"الإصحاح السادس والعشرون
خروج,26,58,"الإصحاح السادس والعشرون
خروج,26,59,"الإصحاح السادس والعشرون
خروج,26,60,"الإصحاح السادس والعشرون
خروج,26,61,"الإصحاح السادس والعشرون
خروج,26,62,"الإصحاح السادس والعشرون
خروج,26,63,"الإصحاح السادس والعشرون
خروج,26,64,"الإصحاح السادس والعشرون
خروج,26,65,"الإصحاح السادس والعشرون
خروج,26,66,"الإصحاح السادس والعشرون
خروج,26,67,"الإصحاح السادس والعشرون
خروج,26,68,"الإصحاح السادس والعشرون
خروج,26,69,"الإصحاح السادس والعشرون
خروج,26,70,"الإصحاح السادس والعشرون
خروج,26,71,"الإصحاح السادس والعشرون
خروج,26,72,"الإصحاح السادس والعشرون
خروج,26,73,"الإصحاح السادس والعشرون
خروج,26,74,"الإصحاح السادس والعشرون
خروج,26,75,"الإصحاح السادس والعشرون
خروج,26,76,"الإصحاح السادس والعشرون
خروج,26,77,"الإصحاح السادس والعشرون
خروج,26,78,"الإصحاح السادس والعشرون
خروج,26,79,"الإصحاح السادس والعشرون
خروج,26,80,"الإصحاح السادس والعشرون
خروج,26,81,"الإصحاح السادس والعشرون
خروج,26,82,"الإصحاح السادس والعشرون
خروج,26,83,"الإصحاح السادس والعشرون
خروج,26,84,"الإصحاح السادس والعشرون
خروج,26,85,"الإصحاح السادس والعشرون
خروج,26,86,"الإصحاح السادس والعشرون
خروج,26,87,"الإصحاح السادس والعشرون
خروج,26,88,"الإصحاح السادس والعشرون
خروج,26,89,"الإصحاح السادس والعشرون
خروج,26,90,"الإصحاح السادس والعشرون
خروج,26,91,"الإصحاح السادس والعشرون
خروج,26,92,"الإصحاح السادس والعشرون
خروج,26,93,"الإصحاح السادس والعشرون
خروج,26,94,"الإصحاح السادس والعشرون
خروج,26,95,"الإصحاح السادس والعشرون
خروج,26,96,"الإصحاح السادس والعشرون
خروج,26,97,"الإصحاح السادس والعشرون
خروج,26,98,"الإصحاح السادس والعشرون
خروج,26,99,"الإصحاح السادس والعشرون
خروج,27,1,"الإصحاح السابع والعشرون
خروج,27,2,"الإصحاح السابع والعشرون
خروج,27,3,"الإصحاح السابع والعشرون
خروج,27,4,"الإصحاح السابع والعشرون
خروج,27,5,"الإصحاح السابع والعشرون
خروج,27,6,"الإصحاح السابع والعشرون
خروج,27,7,"الإصحاح السابع والعشرون
خروج,27,8,"الإصحاح السابع والعشرون
خروج,27,9,"الإصحاح السابع والعشرون
خروج,27,10,"الإصحاح السابع والعشرون
خروج,27,11,"الإصحاح السابع والعشرون
خروج,27,12,"الإصحاح السابع والعشرون
خروج,27,13,"الإصحاح السابع والعشرون
خروج,27,14,"الإصحاح السابع والعشرون
خروج,27,15,"الإصحاح السابع والعشرون
خروج,27,16,"الإصحاح السابع والعشرون
خروج,27,17,"الإصحاح السابع والعشرون
خروج,27,18,"الإصحاح السابع والعشرون
خروج,27,19,"الإصحاح السابع والعشرون
خروج,27,20,"الإصحاح السابع والعشرون
خروج,27,21,"الإصحاح السابع والعشرون
خروج,27,22,"الإصحاح السابع والعشرون
خروج,27,23,"الإصحاح السابع والعشرون
خروج,27,24,"الإصحاح السابع والعشرون
خروج,27,25,"الإصحاح السابع والعشرون
خروج,27,26,"الإصحاح السابع والعشرون
خروج,27,27,"الإصحاح السابع والعشرون
خروج,27,28,"الإصحاح السابع والعشرون
خروج,27,29,"الإصحاح السابع والعشرون
خروج,27,30,"الإصحاح السابع والعشرون
خروج,27,31,"الإصحاح السابع والعشرون
خروج,27,32,"الإصحاح السابع والعشرون
خروج,27,33,"الإصحاح السابع والعشرون
خروج,27,34,"الإصحاح السابع والعشرون
خروج,27,35,"الإصحاح السابع والعشرون
خروج,27,36,"الإصحاح السابع والعشرون
خروج,27,37,"الإصحاح السابع والعشرون
خروج,27,38,"الإصحاح السابع والعشرون
خروج,27,39,"الإصحاح السابع والعشرون
خروج,27,40,"الإصحاح السابع والعشرون
خروج,27,41,"الإصحاح السابع والعشرون
خروج,27,42,"الإصحاح السابع والعشرون
خروج,27,43,"الإصحاح السابع والعشرون
خروج,27,44,"الإصحاح السابع والعشرون
خروج,27,45,"الإصحاح السابع والعشرون
خروج,27,46,"الإصحاح السابع والعشرون
خروج,27,47,"الإصحاح السابع والعشرون
خروج,27,48,"الإصحاح السابع والعشرون
خروج,27,49,"الإصحاح السابع والعشرون
خروج,27,50,"الإصحاح السابع والعشرون
خروج,27,51,"الإصحاح السابع والعشرون
خروج,27,52,"الإصحاح السابع والعشرون
خروج,27,53,"الإصحاح السابع والعشرون
خروج,27,54,"الإصحاح السابع والعشرون
خروج,27,55,"الإصحاح السابع والعشرون
خروج,27,56,"الإصحاح السابع والعشرون
خروج,27,57,"الإصحاح السابع والعشرون
خروج,27,58,"الإصحاح السابع والعشرون
خروج,27,59,"الإصحاح السابع والعشرون
خروج,27,60,"الإصحاح السابع والعشرون
خروج,27,61,"الإصحاح السابع والعشرون
خروج,27,62,"الإصحاح السابع والعشرون
خروج,27,63,"الإصحاح السابع والعشرون
خروج,27,64,"الإصحاح السابع والعشرون
خروج,27,65,"الإصحاح السابع والعشرون
خروج,27,66,"الإصحاح السابع والعشرون
خروج,27,67,"الإصحاح السابع والعشرون
خروج,27,68,"الإصحاح السابع والعشرون
خروج,27,69,"الإصحاح السابع والعشرون
خروج,27,70,"الإصحاح السابع والعشرون
خروج,27,71,"الإصحاح السابع والعشرون
خروج,27,72,"الإصحاح السابع والعشرون
خروج,27,73,"الإصحاح السابع والعشرون
خروج,27,74,"الإصحاح السابع والعشرون
خروج,27,75,"الإصحاح السابع والعشرون
خروج,27,76,"الإصحاح السابع والعشرون
خروج,27,77,"الإصحاح السابع والعشرون
خروج,27,78,"الإصحاح السابع والعشرون
خروج,27,79,"الإصحاح السابع والعشرون
خروج,27,80,"الإصحاح السابع والعشرون
خروج,27,81,"الإصحاح السابع والعشرون
خروج,27,82,"الإصحاح السابع والعشرون
خروج,27,83,"الإصحاح السابع والعشرون
خروج,27,84,"الإصحاح السابع والعشرون
خروج,27,85,"الإصحاح السابع والعشرون
خروج,27,86,"الإصحاح السابع والعشرون
خروج,27,87,"الإصحاح السابع والعشرون
خروج,27,88,"الإصحاح السابع والعشرون
خروج,27,89,"الإصحاح السابع والعشرون
خروج,27,90,"الإصحاح السابع والعشرون
خروج,27,91,"الإصحاح السابع والعشرون
خروج,27,92,"الإصحاح السابع والعشرون
خروج,27,93,"الإصحاح السابع والعشرون
خروج,27,94,"الإصحاح السابع والعشرون
خروج,27,95,"الإصحاح السابع والعشرون
خروج,27,96,"الإصحاح السابع والعشرون
خروج,27,97,"الإصحاح السابع والعشرون
خروج,27,98,"الإصحاح السابع والعشرون
خروج,27,99,"الإصحاح السابع والعشرون
خروج,28,1,"الإصحاح الثامن والعشرون
خروج,28,2,"الإصحاح الثامن والعشرون
خروج,28,3,"الإصحاح الثامن والعشرون
خروج,28,4,"الإصحاح الثامن والعشرون
خروج,28,5,"الإصحاح الثامن والعشرون
خروج,28,6,"الإصحاح الثامن والعشرون
خروج,28,7,"الإصحاح الثامن والعشرون
خروج,28,8,"الإصحاح الثامن والعشرون
خروج,28,9,"الإصحاح الثامن والعشرون
خروج,28,10,"الإصحاح الثامن والعشرون
خروج,28,11,"الإصحاح الثامن والعشرون
خروج,28,12,"الإصحاح الثامن والعشرون
خروج,28,13,"الإصحاح الثامن والعشرون
خروج,28,14,"الإصحاح الثامن والعشرون
خروج,28,15,"الإصحاح الثامن والعشرون
خروج,28,16,"الإصحاح الثامن والعشرون
خروج,28,17,"الإصحاح الثامن والعشرون
خروج,28,18,"الإصحاح الثامن والعشرون
خروج,28,19,"الإصحاح الثامن والعشرون
خروج,28,20,"الإصحاح الثامن والعشرون
خروج,28,21,"الإصحاح الثامن والعشرون
خروج,28,22,"الإصحاح الثامن والعشرون
خروج,28,23,"الإصحاح الثامن والعشرون
خروج,28,24,"الإصحاح الثامن والعشرون
خروج,28,25,"الإصحاح الثامن والعشرون
خروج,28,26,"الإصحاح الثامن والعشرون
خروج,28,27,"الإصحاح الثامن والعشرون
خروج,28,28,"الإصحاح الثامن والعشرون
خروج,28,29,"الإصحاح الثامن والعشرون
خروج,28,30,"الإصحاح الثامن والعشرون
خروج,28,31,"الإصحاح الثامن والعشرون
خروج,28,32,"الإصحاح الثامن والعشرون
خروج,28,33,"الإصحاح الثامن والعشرون
خروج,28,34,"الإصحاح الثامن والعشرون
خروج,28,35,"الإصحاح الثامن والعشرون
خروج,28,36,"الإصحاح الثامن والعشرون
خروج,28,37,"الإصحاح الثامن والعشرون
خروج,28,38,"الإصحاح الثامن والعشرون
خروج,28,39,"الإصحاح الثامن والعشرون
خروج,28,40,"الإصحاح الثامن والعشرون
خروج,28,41,"الإصحاح الثامن والعشرون
خروج,28,42,"الإصحاح الثامن والعشرون
خروج,28,43,"الإصحاح الثامن والعشرون
خروج,28,44,"الإصحاح الثامن والعشرون
خروج,28,45,"الإصحاح الثامن والعشرون
خروج,28,46,"الإصحاح الثامن والعشرون
خروج,28,47,"الإصحاح الثامن والعشرون
خروج,28,48,"الإصحاح الثامن والعشرون
خروج,28,49,"الإصحاح الثامن والعشرون
خروج,28,50,"الإصحاح الثامن والعشرون
خروج,28,51,"الإصحاح الثامن والعشرون
خروج,28,52,"الإصحاح الثامن والعشرون
خروج,28,53,"الإصحاح الثامن والعشرون
خروج,28,54,"الإصحاح الثامن والعشرون
خروج,28,55,"الإصحاح الثامن والعشرون
خروج,28,56,"الإصحاح الثامن والعشرون
خروج,28,57,"الإصحاح الثامن والعشرون
خروج,28,58,"الإصحاح الثامن والعشرون
خروج,28,59,"الإصحاح الثامن والعشرون
خروج,28,60,"الإصحاح الثامن والعشرون
خروج,28,61,"الإصحاح الثامن والعشرون
خروج,28,62,"الإصحاح الثامن والعشرون
خروج,28,63,"الإصحاح الثامن والعشرون
خروج,28,64,"الإصحاح الثامن والعشرون
خروج,28,65,"الإصحاح الثامن والعشرون
خروج,28,66,"الإصحاح الثامن والعشرون
خروج,28,67,"الإصحاح الثامن والعشرون
خروج,28,68,"الإصحاح الثامن والعشرون
خروج,28,69,"الإصحاح الثامن والعشرون
خروج,28,70,"الإصحاح الثامن والعشرون
خروج,28,71,"الإصحاح الثامن والعشرون
خروج,28,72,"الإصحاح الثامن والعشرون
خروج,28,73,"الإصحاح الثامن والعشرون
خروج,28,74,"الإصحاح الثامن والعشرون
خروج,28,75,"الإصحاح الثامن والعشرون
خروج,28,76,"الإصحاح الثامن والعشرون
خروج,28,77,"الإصحاح الثامن والعشرون
خروج,28,78,"الإصحاح الثامن والعشرون
خروج,28,79,"الإصحاح الثامن والعشرون
خروج,28,80,"الإصحاح الثامن والعشرون
خروج,28,81,"الإصحاح الثامن والعشرون
خروج,28,82,"الإصحاح الثامن والعشرون
خروج,28,83,"الإصحاح الثامن والعشرون
خروج,28,84,"الإصحاح الثامن والعشرون
خروج,28,85,"الإصحاح الثامن والعشرون
خروج,28,86,"الإصحاح الثامن والعشرون
خروج,28,87,"الإصحاح الثامن والعشرون
خروج,28,88,"الإصحاح الثامن والعشرون
خروج,28,89,"الإصحاح الثامن والعشرون
خروج,28,90,"الإصحاح الثامن والعشرون
خروج,28,91,"الإصحاح الثامن والعشرون
خروج,28,92,"الإصحاح الثامن والعشرون
خروج,28,93,"الإصحاح الثامن والعشرون
خروج,28,94,"الإصحاح الثامن والعشرون
خروج,28,95,"الإصحاح الثامن والعشرون
خروج,28,96,"الإصحاح الثامن والعشرون
خروج,28,97,"الإصحاح الثامن والعشرون
خروج,28,98,"الإصحاح الثامن والعشرون
خروج,28,99,"الإصحاح الثامن والعشرون
خروج,29,1,"الإصحاح التاسع والعشرون
خروج,29,2,"الإصحاح التاسع والعشرون
خروج,29,3,"الإصحاح التاسع والعشرون
خروج,29,4,"الإصحاح التاسع والعشرون
خروج,29,5,"الإصحاح التاسع والعشرون
خروج,29,6,"الإصحاح التاسع والعشرون
خروج,29,7,"الإصحاح التاسع والعشرون
خروج,29,8,"الإصحاح التاسع والعشرون
خروج,29,9,"الإصحاح التاسع والعشرون
خروج,29,10,"الإصحاح التاسع والعشرون
خروج,29,11,"الإصحاح التاسع والعشرون
خروج,29,12,"الإصحاح التاسع والعشرون
خروج,29,13,"الإصحاح التاسع والعشرون
خروج,29,14,"الإصحاح التاسع والعشرون
خروج,29,15,"الإصحاح التاسع والعشرون
خروج,29,16,"الإصحاح التاسع والعشرون
خروج,29,17,"الإصحاح التاسع والعشرون
خروج,29,18,"الإصحاح التاسع والعشرون
خروج,29,19,"الإصحاح التاسع والعشرون
خروج,29,20,"الإصحاح التاسع والعشرون
خروج,29,21,"الإصحاح التاسع والعشرون
خروج,29,22,"الإصحاح التاسع والعشرون
خروج,29,23,"الإصحاح التاسع والعشرون
خروج,29,24,"الإصحاح التاسع والعشرون
خروج,29,25,"الإصحاح التاسع والعشرون
خروج,29,26,"الإصحاح التاسع والعشرون
خروج,29,27,"الإصحاح التاسع والعشرون
خروج,29,28,"الإصحاح التاسع والعشرون
خروج,29,29,"الإصحاح التاسع والعشرون
خروج,29,30,"الإصحاح التاسع والعشرون
خروج,29,31,"الإصحاح التاسع والعشرون
خروج,29,32,"الإصحاح التاسع والعشرون
خروج,29,33,"الإصحاح التاسع والعشرون
خروج,29,34,"الإصحاح التاسع والعشرون
خروج,29,35,"الإصحاح التاسع والعشرون
خروج,29,36,"الإصحاح التاسع والعشرون
خروج,29,37,"الإصحاح التاسع والعشرون
خروج,29,38,"الإصحاح التاسع والعشرون
خروج,29,39,"الإصحاح التاسع والعشرون
خروج,29,40,"الإصحاح التاسع والعشرون
خروج,29,41,"الإصحاح التاسع والعشرون
خروج,29,42,"الإصحاح التاسع والعشرون
خروج,29,43,"الإصحاح التاسع والعشرون
خروج,29,44,"الإصحاح التاسع والعشرون
خروج,29,45,"الإصحاح التاسع والعشرون
خروج,29,46,"الإصحاح التاسع والعشرون
خروج,29,47,"الإصحاح التاسع والعشرون
خروج,29,48,"الإصحاح التاسع والعشرون
خروج,29,49,"الإصحاح التاسع والعشرون
خروج,29,50,"الإصحاح التاسع والعشرون
خروج,29,51,"الإصحاح التاسع والعشرون
خروج,29,52,"الإصحاح التاسع والعشرون
خروج,29,53,"الإصحاح التاسع والعشرون
خروج,29,54,"الإصحاح التاسع والعشرون
خروج,29,55,"الإصحاح التاسع والعشرون
خروج,29,56,"الإصحاح التاسع والعشرون
خروج,29,57,"الإصحاح التاسع والعشرون
خروج,29,58,"الإصحاح التاسع والعشرون
خروج,29,59,"الإصحاح التاسع والعشرون
خروج,29,60,"الإصحاح التاسع والعشرون
خروج,29,61,"الإصحاح التاسع والعشرون
خروج,29,62,"الإصحاح التاسع والعشرون
خروج,29,63,"الإصحاح التاسع والعشرون
خروج,29,64,"الإصحاح التاسع والعشرون
خروج,29,65,"الإصحاح التاسع والعشرون
خروج,29,66,"الإصحاح التاسع والعشرون
خروج,29,67,"الإصحاح التاسع والعشرون
خروج,29,68,"الإصحاح التاسع والعشرون
خروج,29,69,"الإصحاح التاسع والعشرون
خروج,29,70,"الإصحاح التاسع والعشرون
خروج,29,71,"الإصحاح التاسع والعشرون
خروج,29,72,"الإصحاح التاسع والعشرون
خروج,29,73,"الإصحاح التاسع والعشرون
خروج,29,74,"الإصحاح التاسع والعشرون
خروج,29,75,"الإصحاح التاسع والعشرون
خروج,29,76,"الإصحاح التاسع والعشرون
خروج,29,77,"الإصحاح التاسع والعشرون
خروج,29,78,"الإصحاح التاسع والعشرون
خروج,29,79,"الإصحاح التاسع والعشرون
خروج,29,80,"الإصحاح التاسع والعشرون
خروج,29,81,"الإصحاح التاسع والعشرون
خروج,29,82,"الإصحاح التاسع والعشرون
خروج,29,83,"الإصحاح التاسع والعشرون
خروج,29,84,"الإصحاح التاسع والعشرون
خروج,29,85,"الإصحاح التاسع والعشرون
خروج,29,86,"الإصحاح التاسع والعشرون
خروج,29,87,"الإصحاح التاسع والعشرون
خروج,29,88,"الإصحاح التاسع والعشرون
خروج,29,89,"الإصحاح التاسع والعشرون
خروج,29,90,"الإصحاح التاسع والعشرون
خروج,29,91,"الإصحاح التاسع والعشرون
خروج,29,92,"الإصحاح التاسع والعشرون
خروج,29,93,"الإصحاح التاسع والعشرون
خروج,29,94,"الإصحاح التاسع والعشرون
خروج,29,95,"الإصحاح التاسع والعشرون
خروج,29,96,"الإصحاح التاسع والعشرون
خروج,29,97,"الإصحاح التاسع والعشرون
خروج,29,98,"الإصحاح التاسع والعشرون
خروج,29,99,"الإصحاح التاسع والعشرون
خروج,30,1,"الإصحاح الثلاثون 
خروج,30,2,"الإصحاح الثلاثون 
خروج,30,3,"الإصحاح الثلاثون 
خروج,30,4,"الإصحاح الثلاثون 
خروج,30,5,"الإصحاح الثلاثون 
خروج,30,6,"الإصحاح الثلاثون 
خروج,30,7,"الإصحاح الثلاثون 
خروج,30,8,"الإصحاح الثلاثون 
خروج,30,9,"الإصحاح الثلاثون 
خروج,30,10,"الإصحاح الثلاثون 
خروج,30,11,"الإصحاح الثلاثون 
خروج,30,12,"الإصحاح الثلاثون 
خروج,30,13,"الإصحاح الثلاثون 
خروج,30,14,"الإصحاح الثلاثون 
خروج,30,15,"الإصحاح الثلاثون 
خروج,30,16,"الإصحاح الثلاثون 
خروج,30,17,"الإصحاح الثلاثون 
خروج,30,18,"الإصحاح الثلاثون 
خروج,30,19,"الإصحاح الثلاثون 
خروج,30,20,"الإصحاح الثلاثون 
خروج,30,21,"الإصحاح الثلاثون 
خروج,30,22,"الإصحاح الثلاثون 
خروج,30,23,"الإصحاح الثلاثون 
خروج,30,24,"الإصحاح الثلاثون 
خروج,30,25,"الإصحاح الثلاثون 
خروج,30,26,"الإصحاح الثلاثون 
خروج,30,27,"الإصحاح الثلاثون 
خروج,30,28,"الإصحاح الثلاثون 
خروج,30,29,"الإصحاح الثلاثون 
خروج,30,30,"الإصحاح الثلاثون 
خروج,30,31,"الإصحاح الثلاثون 
خروج,30,32,"الإصحاح الثلاثون 
خروج,30,33,"الإصحاح الثلاثون 
خروج,30,34,"الإصحاح الثلاثون 
خروج,30,35,"الإصحاح الثلاثون 
خروج,30,36,"الإصحاح الثلاثون 
خروج,30,37,"الإصحاح الثلاثون 
خروج,30,38,"الإصحاح الثلاثون 
خروج,30,39,"الإصحاح الثلاثون 
خروج,30,40,"الإصحاح الثلاثون 
خروج,30,41,"الإصحاح الثلاثون 
خروج,30,42,"الإصحاح الثلاثون 
خروج,30,43,"الإصحاح الثلاثون 
خروج,30,44,"الإصحاح الثلاثون 
خروج,30,45,"الإصحاح الثلاثون 
خروج,30,46,"الإصحاح الثلاثون 
خروج,30,47,"الإصحاح الثلاثون 
خروج,30,48,"الإصحاح الثلاثون 
خروج,30,49,"الإصحاح الثلاثون 
خروج,30,50,"الإصحاح الثلاثون 
خروج,30,51,"الإصحاح الثلاثون 
خروج,30,52,"الإصحاح الثلاثون 
خروج,30,53,"الإصحاح الثلاثون 
خروج,30,54,"الإصحاح الثلاثون 
خروج,30,55,"الإصحاح الثلاثون 
خروج,30,56,"الإصحاح الثلاثون 
خروج,30,57,"الإصحاح الثلاثون 
خروج,30,58,"الإصحاح الثلاثون 
خروج,30,59,"الإصحاح الثلاثون 
خروج,30,60,"الإصحاح الثلاثون 
خروج,30,61,"الإصحاح الثلاثون 
خروج,30,62,"الإصحاح الثلاثون 
خروج,30,63,"الإصحاح الثلاثون 
خروج,30,64,"الإصحاح الثلاثون 
خروج,30,65,"الإصحاح الثلاثون 
خروج,30,66,"الإصحاح الثلاثون 
خروج,30,67,"الإصحاح الثلاثون 
خروج,30,68,"الإصحاح الثلاثون 
خروج,30,69,"الإصحاح الثلاثون 
خروج,30,70,"الإصحاح الثلاثون 
خروج,30,71,"الإصحاح الثلاثون 
خروج,30,72,"الإصحاح الثلاثون 
خروج,30,73,"الإصحاح الثلاثون 
خروج,30,74,"الإصحاح الثلاثون 
خروج,30,75,"الإصحاح الثلاثون 
خروج,30,76,"الإصحاح الثلاثون 
خروج,30,77,"الإصحاح الثلاثون 
خروج,30,78,"الإصحاح الثلاثون 
خروج,30,79,"الإصحاح الثلاثون 
خروج,30,80,"الإصحاح الثلاثون 
خروج,30,81,"الإصحاح الثلاثون 
خروج,30,82,"الإصحاح الثلاثون 
خروج,30,83,"الإصحاح الثلاثون 
خروج,30,84,"الإصحاح الثلاثون 
خروج,30,85,"الإصحاح الثلاثون 
خروج,30,86,"الإصحاح الثلاثون 
خروج,30,87,"الإصحاح الثلاثون 
خروج,30,88,"الإصحاح الثلاثون 
خروج,30,89,"الإصحاح الثلاثون 
خروج,30,90,"الإصحاح الثلاثون 
خروج,30,91,"الإصحاح الثلاثون 
خروج,30,92,"الإصحاح الثلاثون 
خروج,30,93,"الإصحاح الثلاثون 
خروج,30,94,"الإصحاح الثلاثون 
خروج,30,95,"الإصحاح الثلاثون 
خروج,30,96,"الإصحاح الثلاثون 
خروج,30,97,"الإصحاح الثلاثون 
خروج,30,98,"الإصحاح الثلاثون 
خروج,30,99,"الإصحاح الثلاثون 
خروج,31,1,"الإصحاح الحادي والثلاثون
خروج,31,2,"الإصحاح الحادي والثلاثون
خروج,31,3,"الإصحاح الحادي والثلاثون
خروج,31,4,"الإصحاح الحادي والثلاثون
خروج,31,5,"الإصحاح الحادي والثلاثون
خروج,31,6,"الإصحاح الحادي والثلاثون
خروج,31,7,"الإصحاح الحادي والثلاثون
خروج,31,8,"الإصحاح الحادي والثلاثون
خروج,31,9,"الإصحاح الحادي والثلاثون
خروج,31,10,"الإصحاح الحادي والثلاثون
خروج,31,11,"الإصحاح الحادي والثلاثون
خروج,31,12,"الإصحاح الحادي والثلاثون
خروج,31,13,"الإصحاح الحادي والثلاثون
خروج,31,14,"الإصحاح الحادي والثلاثون
خروج,31,15,"الإصحاح الحادي والثلاثون
خروج,31,16,"الإصحاح الحادي والثلاثون
خروج,31,17,"الإصحاح الحادي والثلاثون
خروج,31,18,"الإصحاح الحادي والثلاثون
خروج,31,19,"الإصحاح الحادي والثلاثون
خروج,31,20,"الإصحاح الحادي والثلاثون
خروج,31,21,"الإصحاح الحادي والثلاثون
خروج,31,22,"الإصحاح الحادي والثلاثون
خروج,31,23,"الإصحاح الحادي والثلاثون
خروج,31,24,"الإصحاح الحادي والثلاثون
خروج,31,25,"الإصحاح الحادي والثلاثون
خروج,31,26,"الإصحاح الحادي والثلاثون
خروج,31,27,"الإصحاح الحادي والثلاثون
خروج,31,28,"الإصحاح الحادي والثلاثون
خروج,31,29,"الإصحاح الحادي والثلاثون
خروج,31,30,"الإصحاح الحادي والثلاثون
خروج,31,31,"الإصحاح الحادي والثلاثون
خروج,31,32,"الإصحاح الحادي والثلاثون
خروج,31,33,"الإصحاح الحادي والثلاثون
خروج,31,34,"الإصحاح الحادي والثلاثون
خروج,31,35,"الإصحاح الحادي والثلاثون
خروج,31,36,"الإصحاح الحادي والثلاثون
خروج,31,37,"الإصحاح الحادي والثلاثون
خروج,31,38,"الإصحاح الحادي والثلاثون
خروج,31,39,"الإصحاح الحادي والثلاثون
خروج,31,40,"الإصحاح الحادي والثلاثون
خروج,31,41,"الإصحاح الحادي والثلاثون
خروج,31,42,"الإصحاح الحادي والثلاثون
خروج,31,43,"الإصحاح الحادي والثلاثون
خروج,31,44,"الإصحاح الحادي والثلاثون
خروج,31,45,"الإصحاح الحادي والثلاثون
خروج,31,46,"الإصحاح الحادي والثلاثون
خروج,31,47,"الإصحاح الحادي والثلاثون
خروج,31,48,"الإصحاح الحادي والثلاثون
خروج,31,49,"الإصحاح الحادي والثلاثون
خروج,31,50,"الإصحاح الحادي والثلاثون
خروج,31,51,"الإصحاح الحادي والثلاثون
خروج,31,52,"الإصحاح الحادي والثلاثون
خروج,31,53,"الإصحاح الحادي والثلاثون
خروج,31,54,"الإصحاح الحادي والثلاثون
خروج,31,55,"الإصحاح الحادي والثلاثون
خروج,31,56,"الإصحاح الحادي والثلاثون
خروج,31,57,"الإصحاح الحادي والثلاثون
خروج,31,58,"الإصحاح الحادي والثلاثون
خروج,31,59,"الإصحاح الحادي والثلاثون
خروج,31,60,"الإصحاح الحادي والثلاثون
خروج,31,61,"الإصحاح الحادي والثلاثون
خروج,31,62,"الإصحاح الحادي والثلاثون
خروج,31,63,"الإصحاح الحادي والثلاثون
خروج,31,64,"الإصحاح الحادي والثلاثون
خروج,31,65,"الإصحاح الحادي والثلاثون
خروج,31,66,"الإصحاح الحادي والثلاثون
خروج,31,67,"الإصحاح الحادي والثلاثون
خروج,31,68,"الإصحاح الحادي والثلاثون
خروج,31,69,"الإصحاح الحادي والثلاثون
خروج,31,70,"الإصحاح الحادي والثلاثون
خروج,31,71,"الإصحاح الحادي والثلاثون
خروج,31,72,"الإصحاح الحادي والثلاثون
خروج,31,73,"الإصحاح الحادي والثلاثون
خروج,31,74,"الإصحاح الحادي والثلاثون
خروج,31,75,"الإصحاح الحادي والثلاثون
خروج,31,76,"الإصحاح الحادي والثلاثون
خروج,31,77,"الإصحاح الحادي والثلاثون
خروج,31,78,"الإصحاح الحادي والثلاثون
خروج,31,79,"الإصحاح الحادي والثلاثون
خروج,31,80,"الإصحاح الحادي والثلاثون
خروج,31,81,"الإصحاح الحادي والثلاثون
خروج,31,82,"الإصحاح الحادي والثلاثون
خروج,31,83,"الإصحاح الحادي والثلاثون
خروج,31,84,"الإصحاح الحادي والثلاثون
خروج,31,85,"الإصحاح الحادي والثلاثون
خروج,31,86,"الإصحاح الحادي والثلاثون
خروج,31,87,"الإصحاح الحادي والثلاثون
خروج,31,88,"الإصحاح الحادي والثلاثون
خروج,31,89,"الإصحاح الحادي والثلاثون
خروج,31,90,"الإصحاح الحادي والثلاثون
خروج,31,91,"الإصحاح الحادي والثلاثون
خروج,31,92,"الإصحاح الحادي والثلاثون
خروج,31,93,"الإصحاح الحادي والثلاثون
خروج,31,94,"الإصحاح الحادي والثلاثون
خروج,31,95,"الإصحاح الحادي والثلاثون
خروج,31,96,"الإصحاح الحادي والثلاثون
خروج,31,97,"الإصحاح الحادي والثلاثون
خروج,31,98,"الإصحاح الحادي والثلاثون
خروج,31,99,"الإصحاح الحادي والثلاثون
خروج,32,1,"الإصحاح الثاني والثلاثون
خروج,32,2,"الإصحاح الثاني والثلاثون
خروج,32,3,"الإصحاح الثاني والثلاثون
خروج,32,4,"الإصحاح الثاني والثلاثون
خروج,32,5,"الإصحاح الثاني والثلاثون
خروج,32,6,"الإصحاح الثاني والثلاثون
خروج,32,7,"الإصحاح الثاني والثلاثون
خروج,32,8,"الإصحاح الثاني والثلاثون
خروج,32,9,"الإصحاح الثاني والثلاثون
خروج,32,10,"الإصحاح الثاني والثلاثون
خروج,32,11,"الإصحاح الثاني والثلاثون
خروج,32,12,"الإصحاح الثاني والثلاثون
خروج,32,13,"الإصحاح الثاني والثلاثون
خروج,32,14,"الإصحاح الثاني والثلاثون
خروج,32,15,"الإصحاح الثاني والثلاثون
خروج,32,16,"الإصحاح الثاني والثلاثون
خروج,32,17,"الإصحاح الثاني والثلاثون
خروج,32,18,"الإصحاح الثاني والثلاثون
خروج,32,19,"الإصحاح الثاني والثلاثون
خروج,32,20,"الإصحاح الثاني والثلاثون
خروج,32,21,"الإصحاح الثاني والثلاثون
خروج,32,22,"الإصحاح الثاني والثلاثون
خروج,32,23,"الإصحاح الثاني والثلاثون
خروج,32,24,"الإصحاح الثاني والثلاثون
خروج,32,25,"الإصحاح الثاني والثلاثون
خروج,32,26,"الإصحاح الثاني والثلاثون
خروج,32,27,"الإصحاح الثاني والثلاثون
خروج,32,28,"الإصحاح الثاني والثلاثون
خروج,32,29,"الإصحاح الثاني والثلاثون
خروج,32,30,"الإصحاح الثاني والثلاثون
خروج,32,31,"الإصحاح الثاني والثلاثون
خروج,32,32,"الإصحاح الثاني والثلاثون
خروج,32,33,"الإصحاح الثاني والثلاثون
خروج,32,34,"الإصحاح الثاني والثلاثون
خروج,32,35,"الإصحاح الثاني والثلاثون
خروج,32,36,"الإصحاح الثاني والثلاثون
خروج,32,37,"الإصحاح الثاني والثلاثون
خروج,32,38,"الإصحاح الثاني والثلاثون
خروج,32,39,"الإصحاح الثاني والثلاثون
خروج,32,40,"الإصحاح الثاني والثلاثون
خروج,32,41,"الإصحاح الثاني والثلاثون
خروج,32,42,"الإصحاح الثاني والثلاثون
خروج,32,43,"الإصحاح الثاني والثلاثون
خروج,32,44,"الإصحاح الثاني والثلاثون
خروج,32,45,"الإصحاح الثاني والثلاثون
خروج,32,46,"الإصحاح الثاني والثلاثون
خروج,32,47,"الإصحاح الثاني والثلاثون
خروج,32,48,"الإصحاح الثاني والثلاثون
خروج,32,49,"الإصحاح الثاني والثلاثون
خروج,32,50,"الإصحاح الثاني والثلاثون
خروج,32,51,"الإصحاح الثاني والثلاثون
خروج,32,52,"الإصحاح الثاني والثلاثون
خروج,32,53,"الإصحاح الثاني والثلاثون
خروج,32,54,"الإصحاح الثاني والثلاثون
خروج,32,55,"الإصحاح الثاني والثلاثون
خروج,32,56,"الإصحاح الثاني والثلاثون
خروج,32,57,"الإصحاح الثاني والثلاثون
خروج,32,58,"الإصحاح الثاني والثلاثون
خروج,32,59,"الإصحاح الثاني والثلاثون
خروج,32,60,"الإصحاح الثاني والثلاثون
خروج,32,61,"الإصحاح الثاني والثلاثون
خروج,32,62,"الإصحاح الثاني والثلاثون
خروج,32,63,"الإصحاح الثاني والثلاثون
خروج,32,64,"الإصحاح الثاني والثلاثون
خروج,32,65,"الإصحاح الثاني والثلاثون
خروج,32,66,"الإصحاح الثاني والثلاثون
خروج,32,67,"الإصحاح الثاني والثلاثون
خروج,32,68,"الإصحاح الثاني والثلاثون
خروج,32,69,"الإصحاح الثاني والثلاثون
خروج,32,70,"الإصحاح الثاني والثلاثون
خروج,32,71,"الإصحاح الثاني والثلاثون
خروج,32,72,"الإصحاح الثاني والثلاثون
خروج,32,73,"الإصحاح الثاني والثلاثون
خروج,32,74,"الإصحاح الثاني والثلاثون
خروج,32,75,"الإصحاح الثاني والثلاثون
خروج,32,76,"الإصحاح الثاني والثلاثون
خروج,32,77,"الإصحاح الثاني والثلاثون
خروج,32,78,"الإصحاح الثاني والثلاثون
خروج,32,79,"الإصحاح الثاني والثلاثون
خروج,32,80,"الإصحاح الثاني والثلاثون
خروج,32,81,"الإصحاح الثاني والثلاثون
خروج,32,82,"الإصحاح الثاني والثلاثون
خروج,32,83,"الإصحاح الثاني والثلاثون
خروج,32,84,"الإصحاح الثاني والثلاثون
خروج,32,85,"الإصحاح الثاني والثلاثون
خروج,32,86,"الإصحاح الثاني والثلاثون
خروج,32,87,"الإصحاح الثاني والثلاثون
خروج,32,88,"الإصحاح الثاني والثلاثون
خروج,32,89,"الإصحاح الثاني والثلاثون
خروج,32,90,"الإصحاح الثاني والثلاثون
خروج,32,91,"الإصحاح الثاني والثلاثون
خروج,32,92,"الإصحاح الثاني والثلاثون
خروج,32,93,"الإصحاح الثاني والثلاثون
خروج,32,94,"الإصحاح الثاني والثلاثون
خروج,32,95,"الإصحاح الثاني والثلاثون
خروج,32,96,"الإصحاح الثاني والثلاثون
خروج,32,97,"الإصحاح الثاني والثلاثون
خروج,32,98,"الإصحاح الثاني والثلاثون
خروج,32,99,"الإصحاح الثاني والثلاثون
خروج,33,1,"الإصحاح الثالث والثلاثون
خروج,33,2,"الإصحاح الثالث والثلاثون
خروج,33,3,"الإصحاح الثالث والثلاثون
خروج,33,4,"الإصحاح الثالث والثلاثون
خروج,33,5,"الإصحاح الثالث والثلاثون
خروج,33,6,"الإصحاح الثالث والثلاثون
خروج,33,7,"الإصحاح الثالث والثلاثون
خروج,33,8,"الإصحاح الثالث والثلاثون
خروج,33,9,"الإصحاح الثالث والثلاثون
خروج,33,10,"الإصحاح الثالث والثلاثون
خروج,33,11,"الإصحاح الثالث والثلاثون
خروج,33,12,"الإصحاح الثالث والثلاثون
خروج,33,13,"الإصحاح الثالث والثلاثون
خروج,33,14,"الإصحاح الثالث والثلاثون
خروج,33,15,"الإصحاح الثالث والثلاثون
خروج,33,16,"الإصحاح الثالث والثلاثون
خروج,33,17,"الإصحاح الثالث والثلاثون
خروج,33,18,"الإصحاح الثالث والثلاثون
خروج,33,19,"الإصحاح الثالث والثلاثون
خروج,33,20,"الإصحاح الثالث والثلاثون
خروج,33,21,"الإصحاح الثالث والثلاثون
خروج,33,22,"الإصحاح الثالث والثلاثون
خروج,33,23,"الإصحاح الثالث والثلاثون
خروج,33,24,"الإصحاح الثالث والثلاثون
خروج,33,25,"الإصحاح الثالث والثلاثون
خروج,33,26,"الإصحاح الثالث والثلاثون
خروج,33,27,"الإصحاح الثالث والثلاثون
خروج,33,28,"الإصحاح الثالث والثلاثون
خروج,33,29,"الإصحاح الثالث والثلاثون
خروج,33,30,"الإصحاح الثالث والثلاثون
خروج,33,31,"الإصحاح الثالث والثلاثون
خروج,33,32,"الإصحاح الثالث والثلاثون
خروج,33,33,"الإصحاح الثالث والثلاثون
خروج,33,34,"الإصحاح الثالث والثلاثون
خروج,33,35,"الإصحاح الثالث والثلاثون
خروج,33,36,"الإصحاح الثالث والثلاثون
خروج,33,37,"الإصحاح الثالث والثلاثون
خروج,33,38,"الإصحاح الثالث والثلاثون
خروج,33,39,"الإصحاح الثالث والثلاثون
خروج,33,40,"الإصحاح الثالث والثلاثون
خروج,33,41,"الإصحاح الثالث والثلاثون
خروج,33,42,"الإصحاح الثالث والثلاثون
خروج,33,43,"الإصحاح الثالث والثلاثون
خروج,33,44,"الإصحاح الثالث والثلاثون
خروج,33,45,"الإصحاح الثالث والثلاثون
خروج,33,46,"الإصحاح الثالث والثلاثون
خروج,33,47,"الإصحاح الثالث والثلاثون
خروج,33,48,"الإصحاح الثالث والثلاثون
خروج,33,49,"الإصحاح الثالث والثلاثون
خروج,33,50,"الإصحاح الثالث والثلاثون
خروج,33,51,"الإصحاح الثالث والثلاثون
خروج,33,52,"الإصحاح الثالث والثلاثون
خروج,33,53,"الإصحاح الثالث والثلاثون
خروج,33,54,"الإصحاح الثالث والثلاثون
خروج,33,55,"الإصحاح الثالث والثلاثون
خروج,33,56,"الإصحاح الثالث والثلاثون
خروج,33,57,"الإصحاح الثالث والثلاثون
خروج,33,58,"الإصحاح الثالث والثلاثون
خروج,33,59,"الإصحاح الثالث والثلاثون
خروج,33,60,"الإصحاح الثالث والثلاثون
خروج,33,61,"الإصحاح الثالث والثلاثون
خروج,33,62,"الإصحاح الثالث والثلاثون
خروج,33,63,"الإصحاح الثالث والثلاثون
خروج,33,64,"الإصحاح الثالث والثلاثون
خروج,33,65,"الإصحاح الثالث والثلاثون
خروج,33,66,"الإصحاح الثالث والثلاثون
خروج,33,67,"الإصحاح الثالث والثلاثون
خروج,33,68,"الإصحاح الثالث والثلاثون
خروج,33,69,"الإصحاح الثالث والثلاثون
خروج,33,70,"الإصحاح الثالث والثلاثون
خروج,33,71,"الإصحاح الثالث والثلاثون
خروج,33,72,"الإصحاح الثالث والثلاثون
خروج,33,73,"الإصحاح الثالث والثلاثون
خروج,33,74,"الإصحاح الثالث والثلاثون
خروج,33,75,"الإصحاح الثالث والثلاثون
خروج,33,76,"الإصحاح الثالث والثلاثون
خروج,33,77,"الإصحاح الثالث والثلاثون
خروج,33,78,"الإصحاح الثالث والثلاثون
خروج,33,79,"الإصحاح الثالث والثلاثون
خروج,33,80,"الإصحاح الثالث والثلاثون
خروج,33,81,"الإصحاح الثالث والثلاثون
خروج,33,82,"الإصحاح الثالث والثلاثون
خروج,33,83,"الإصحاح الثالث والثلاثون
خروج,33,84,"الإصحاح الثالث والثلاثون
خروج,33,85,"الإصحاح الثالث والثلاثون
خروج,33,86,"الإصحاح الثالث والثلاثون
خروج,33,87,"الإصحاح الثالث والثلاثون
خروج,33,88,"الإصحاح الثالث والثلاثون
خروج,33,89,"الإصحاح الثالث والثلاثون
خروج,33,90,"الإصحاح الثالث والثلاثون
خروج,33,91,"الإصحاح الثالث والثلاثون
خروج,33,92,"الإصحاح الثالث والثلاثون
خروج,33,93,"الإصحاح الثالث والثلاثون
خروج,33,94,"الإصحاح الثالث والثلاثون
خروج,33,95,"الإصحاح الثالث والثلاثون
خروج,33,96,"الإصحاح الثالث والثلاثون
خروج,33,97,"الإصحاح الثالث والثلاثون
خروج,33,98,"الإصحاح الثالث والثلاثون
خروج,33,99,"الإصحاح الثالث والثلاثون
خروج,34,1,"الإصحاح الرابع والثلاثون
خروج,34,2,"الإصحاح الرابع والثلاثون
خروج,34,3,"الإصحاح الرابع والثلاثون
خروج,34,4,"الإصحاح الرابع والثلاثون
خروج,34,5,"الإصحاح الرابع والثلاثون
خروج,34,6,"الإصحاح الرابع والثلاثون
خروج,34,7,"الإصحاح الرابع والثلاثون
خروج,34,8,"الإصحاح الرابع والثلاثون
خروج,34,9,"الإصحاح الرابع والثلاثون
خروج,34,10,"الإصحاح الرابع والثلاثون
خروج,34,11,"الإصحاح الرابع والثلاثون
خروج,34,12,"الإصحاح الرابع والثلاثون
خروج,34,13,"الإصحاح الرابع والثلاثون
خروج,34,14,"الإصحاح الرابع والثلاثون
خروج,34,15,"الإصحاح الرابع والثلاثون
خروج,34,16,"الإصحاح الرابع والثلاثون
خروج,34,17,"الإصحاح الرابع والثلاثون
خروج,34,18,"الإصحاح الرابع والثلاثون
خروج,34,19,"الإصحاح الرابع والثلاثون
خروج,34,20,"الإصحاح الرابع والثلاثون
خروج,34,21,"الإصحاح الرابع والثلاثون
خروج,34,22,"الإصحاح الرابع والثلاثون
خروج,34,23,"الإصحاح الرابع والثلاثون
خروج,34,24,"الإصحاح الرابع والثلاثون
خروج,34,25,"الإصحاح الرابع والثلاثون
خروج,34,26,"الإصحاح الرابع والثلاثون
خروج,34,27,"الإصحاح الرابع والثلاثون
خروج,34,28,"الإصحاح الرابع والثلاثون
خروج,34,29,"الإصحاح الرابع والثلاثون
خروج,34,30,"الإصحاح الرابع والثلاثون
خروج,34,31,"الإصحاح الرابع والثلاثون
خروج,34,32,"الإصحاح الرابع والثلاثون
خروج,34,33,"الإصحاح الرابع والثلاثون
خروج,34,34,"الإصحاح الرابع والثلاثون
خروج,34,35,"الإصحاح الرابع والثلاثون
خروج,34,36,"الإصحاح الرابع والثلاثون
خروج,34,37,"الإصحاح الرابع والثلاثون
خروج,34,38,"الإصحاح الرابع والثلاثون
خروج,34,39,"الإصحاح الرابع والثلاثون
خروج,34,40,"الإصحاح الرابع والثلاثون
خروج,34,41,"الإصحاح الرابع والثلاثون
خروج,34,42,"الإصحاح الرابع والثلاثون
خروج,34,43,"الإصحاح الرابع والثلاثون
خروج,34,44,"الإصحاح الرابع والثلاثون
خروج,34,45,"الإصحاح الرابع والثلاثون
خروج,34,46,"الإصحاح الرابع والثلاثون
خروج,34,47,"الإصحاح الرابع والثلاثون
خروج,34,48,"الإصحاح الرابع والثلاثون
خروج,34,49,"الإصحاح الرابع والثلاثون
خروج,34,50,"الإصحاح الرابع والثلاثون
خروج,34,51,"الإصحاح الرابع والثلاثون
خروج,34,52,"الإصحاح الرابع والثلاثون
خروج,34,53,"الإصحاح الرابع والثلاثون
خروج,34,54,"الإصحاح الرابع والثلاثون
خروج,34,55,"الإصحاح الرابع والثلاثون
خروج,34,56,"الإصحاح الرابع والثلاثون
خروج,34,57,"الإصحاح الرابع والثلاثون
خروج,34,58,"الإصحاح الرابع والثلاثون
خروج,34,59,"الإصحاح الرابع والثلاثون
خروج,34,60,"الإصحاح الرابع والثلاثون
خروج,34,61,"الإصحاح الرابع والثلاثون
خروج,34,62,"الإصحاح الرابع والثلاثون
خروج,34,63,"الإصحاح الرابع والثلاثون
خروج,34,64,"الإصحاح الرابع والثلاثون
خروج,34,65,"الإصحاح الرابع والثلاثون
خروج,34,66,"الإصحاح الرابع والثلاثون
خروج,34,67,"الإصحاح الرابع والثلاثون
خروج,34,68,"الإصحاح الرابع والثلاثون
خروج,34,69,"الإصحاح الرابع والثلاثون
خروج,34,70,"الإصحاح الرابع والثلاثون
خروج,34,71,"الإصحاح الرابع والثلاثون
خروج,34,72,"الإصحاح الرابع والثلاثون
خروج,34,73,"الإصحاح الرابع والثلاثون
خروج,34,74,"الإصحاح الرابع والثلاثون
خروج,34,75,"الإصحاح الرابع والثلاثون
خروج,34,76,"الإصحاح الرابع والثلاثون
خروج,34,77,"الإصحاح الرابع والثلاثون
خروج,34,78,"الإصحاح الرابع والثلاثون
خروج,34,79,"الإصحاح الرابع والثلاثون
خروج,34,80,"الإصحاح الرابع والثلاثون
خروج,34,81,"الإصحاح الرابع والثلاثون
خروج,34,82,"الإصحاح الرابع والثلاثون
خروج,34,83,"الإصحاح الرابع والثلاثون
خروج,34,84,"الإصحاح الرابع والثلاثون
خروج,34,85,"الإصحاح الرابع والثلاثون
خروج,34,86,"الإصحاح الرابع والثلاثون
خروج,34,87,"الإصحاح الرابع والثلاثون
خروج,34,88,"الإصحاح الرابع والثلاثون
خروج,34,89,"الإصحاح الرابع والثلاثون
خروج,34,90,"الإصحاح الرابع والثلاثون
خروج,34,91,"الإصحاح الرابع والثلاثون
خروج,34,92,"الإصحاح الرابع والثلاثون
خروج,34,93,"الإصحاح الرابع والثلاثون
خروج,34,94,"الإصحاح الرابع والثلاثون
خروج,34,95,"الإصحاح الرابع والثلاثون
خروج,34,96,"الإصحاح الرابع والثلاثون
خروج,34,97,"الإصحاح الرابع والثلاثون
خروج,34,98,"الإصحاح الرابع والثلاثون
خروج,34,99,"الإصحاح الرابع والثلاثون
خروج,35,1,"الإصحاحات 35 - 40 نجد هنا إعادة لما سبق فخطة الله لا شئ يُعَوِّقها\'a1 والله يريد أن يقيم وسط شعبه وهو سيفعل هذا. بالإضافة لأن الوحي أراد إظهار أن كل شئ تمَّ حسب أمر الله تماماً. وهنا نلاحظ طاعة الشعب في تنفيذ أوامر الله\'a1 وهذا يعطينا شعور بأن بطاعة الله تكتب أسماءنا في سفر الحياة والخلود كما سُجِّلَ هنا طاعة الشعب. ولاحظ تكرار كلمة بحسب ما أمر الرب كثيراً.
خروج,35,2,"الإصحاحات 35 - 40 نجد هنا إعادة لما سبق فخطة الله لا شئ يُعَوِّقها\'a1 والله يريد أن يقيم وسط شعبه وهو سيفعل هذا. بالإضافة لأن الوحي أراد إظهار أن كل شئ تمَّ حسب أمر الله تماماً. وهنا نلاحظ طاعة الشعب في تنفيذ أوامر الله\'a1 وهذا يعطينا شعور بأن بطاعة الله تكتب أسماءنا في سفر الحياة والخلود كما سُجِّلَ هنا طاعة الشعب. ولاحظ تكرار كلمة بحسب ما أمر الرب كثيراً.
خروج,35,3,"الإصحاحات 35 - 40 نجد هنا إعادة لما سبق فخطة الله لا شئ يُعَوِّقها\'a1 والله يريد أن يقيم وسط شعبه وهو سيفعل هذا. بالإضافة لأن الوحي أراد إظهار أن كل شئ تمَّ حسب أمر الله تماماً. وهنا نلاحظ طاعة الشعب في تنفيذ أوامر الله\'a1 وهذا يعطينا شعور بأن بطاعة الله تكتب أسماءنا في سفر الحياة والخلود كما سُجِّلَ هنا طاعة الشعب. ولاحظ تكرار كلمة بحسب ما أمر الرب كثيراً.
خروج,35,4,"الإصحاحات 35 - 40 نجد هنا إعادة لما سبق فخطة الله لا شئ يُعَوِّقها\'a1 والله يريد أن يقيم وسط شعبه وهو سيفعل هذا. بالإضافة لأن الوحي أراد إظهار أن كل شئ تمَّ حسب أمر الله تماماً. وهنا نلاحظ طاعة الشعب في تنفيذ أوامر الله\'a1 وهذا يعطينا شعور بأن بطاعة الله تكتب أسماءنا في سفر الحياة والخلود كما سُجِّلَ هنا طاعة الشعب. ولاحظ تكرار كلمة بحسب ما أمر الرب كثيراً.
خروج,35,5,"الإصحاحات 35 - 40 نجد هنا إعادة لما سبق فخطة الله لا شئ يُعَوِّقها\'a1 والله يريد أن يقيم وسط شعبه وهو سيفعل هذا. بالإضافة لأن الوحي أراد إظهار أن كل شئ تمَّ حسب أمر الله تماماً. وهنا نلاحظ طاعة الشعب في تنفيذ أوامر الله\'a1 وهذا يعطينا شعور بأن بطاعة الله تكتب أسماءنا في سفر الحياة والخلود كما سُجِّلَ هنا طاعة الشعب. ولاحظ تكرار كلمة بحسب ما أمر الرب كثيراً.
خروج,35,6,"الإصحاحات 35 - 40 نجد هنا إعادة لما سبق فخطة الله لا شئ يُعَوِّقها\'a1 والله يريد أن يقيم وسط شعبه وهو سيفعل هذا. بالإضافة لأن الوحي أراد إظهار أن كل شئ تمَّ حسب أمر الله تماماً. وهنا نلاحظ طاعة الشعب في تنفيذ أوامر الله\'a1 وهذا يعطينا شعور بأن بطاعة الله تكتب أسماءنا في سفر الحياة والخلود كما سُجِّلَ هنا طاعة الشعب. ولاحظ تكرار كلمة بحسب ما أمر الرب كثيراً.
خروج,35,7,"الإصحاحات 35 - 40 نجد هنا إعادة لما سبق فخطة الله لا شئ يُعَوِّقها\'a1 والله يريد أن يقيم وسط شعبه وهو سيفعل هذا. بالإضافة لأن الوحي أراد إظهار أن كل شئ تمَّ حسب أمر الله تماماً. وهنا نلاحظ طاعة الشعب في تنفيذ أوامر الله\'a1 وهذا يعطينا شعور بأن بطاعة الله تكتب أسماءنا في سفر الحياة والخلود كما سُجِّلَ هنا طاعة الشعب. ولاحظ تكرار كلمة بحسب ما أمر الرب كثيراً.
خروج,35,8,"الإصحاحات 35 - 40 نجد هنا إعادة لما سبق فخطة الله لا شئ يُعَوِّقها\'a1 والله يريد أن يقيم وسط شعبه وهو سيفعل هذا. بالإضافة لأن الوحي أراد إظهار أن كل شئ تمَّ حسب أمر الله تماماً. وهنا نلاحظ طاعة الشعب في تنفيذ أوامر الله\'a1 وهذا يعطينا شعور بأن بطاعة الله تكتب أسماءنا في سفر الحياة والخلود كما سُجِّلَ هنا طاعة الشعب. ولاحظ تكرار كلمة بحسب ما أمر الرب كثيراً.
خروج,35,9,"الإصحاحات 35 - 40 نجد هنا إعادة لما سبق فخطة الله لا شئ يُعَوِّقها\'a1 والله يريد أن يقيم وسط شعبه وهو سيفعل هذا. بالإضافة لأن الوحي أراد إظهار أن كل شئ تمَّ حسب أمر الله تماماً. وهنا نلاحظ طاعة الشعب في تنفيذ أوامر الله\'a1 وهذا يعطينا شعور بأن بطاعة الله تكتب أسماءنا في سفر الحياة والخلود كما سُجِّلَ هنا طاعة الشعب. ولاحظ تكرار كلمة بحسب ما أمر الرب كثيراً.
خروج,35,10,"الإصحاحات 35 - 40 نجد هنا إعادة لما سبق فخطة الله لا شئ يُعَوِّقها\'a1 والله يريد أن يقيم وسط شعبه وهو سيفعل هذا. بالإضافة لأن الوحي أراد إظهار أن كل شئ تمَّ حسب أمر الله تماماً. وهنا نلاحظ طاعة الشعب في تنفيذ أوامر الله\'a1 وهذا يعطينا شعور بأن بطاعة الله تكتب أسماءنا في سفر الحياة والخلود كما سُجِّلَ هنا طاعة الشعب. ولاحظ تكرار كلمة بحسب ما أمر الرب كثيراً.
خروج,35,11,"الإصحاحات 35 - 40 نجد هنا إعادة لما سبق فخطة الله لا شئ يُعَوِّقها\'a1 والله يريد أن يقيم وسط شعبه وهو سيفعل هذا. بالإضافة لأن الوحي أراد إظهار أن كل شئ تمَّ حسب أمر الله تماماً. وهنا نلاحظ طاعة الشعب في تنفيذ أوامر الله\'a1 وهذا يعطينا شعور بأن بطاعة الله تكتب أسماءنا في سفر الحياة والخلود كما سُجِّلَ هنا طاعة الشعب. ولاحظ تكرار كلمة بحسب ما أمر الرب كثيراً.
خروج,35,12,"الإصحاحات 35 - 40 نجد هنا إعادة لما سبق فخطة الله لا شئ يُعَوِّقها\'a1 والله يريد أن يقيم وسط شعبه وهو سيفعل هذا. بالإضافة لأن الوحي أراد إظهار أن كل شئ تمَّ حسب أمر الله تماماً. وهنا نلاحظ طاعة الشعب في تنفيذ أوامر الله\'a1 وهذا يعطينا شعور بأن بطاعة الله تكتب أسماءنا في سفر الحياة والخلود كما سُجِّلَ هنا طاعة الشعب. ولاحظ تكرار كلمة بحسب ما أمر الرب كثيراً.
خروج,35,13,"الإصحاحات 35 - 40 نجد هنا إعادة لما سبق فخطة الله لا شئ يُعَوِّقها\'a1 والله يريد أن يقيم وسط شعبه وهو سيفعل هذا. بالإضافة لأن الوحي أراد إظهار أن كل شئ تمَّ حسب أمر الله تماماً. وهنا نلاحظ طاعة الشعب في تنفيذ أوامر الله\'a1 وهذا يعطينا شعور بأن بطاعة الله تكتب أسماءنا في سفر الحياة والخلود كما سُجِّلَ هنا طاعة الشعب. ولاحظ تكرار كلمة بحسب ما أمر الرب كثيراً.
خروج,35,14,"الإصحاحات 35 - 40 نجد هنا إعادة لما سبق فخطة الله لا شئ يُعَوِّقها\'a1 والله يريد أن يقيم وسط شعبه وهو سيفعل هذا. بالإضافة لأن الوحي أراد إظهار أن كل شئ تمَّ حسب أمر الله تماماً. وهنا نلاحظ طاعة الشعب في تنفيذ أوامر الله\'a1 وهذا يعطينا شعور بأن بطاعة الله تكتب أسماءنا في سفر الحياة والخلود كما سُجِّلَ هنا طاعة الشعب. ولاحظ تكرار كلمة بحسب ما أمر الرب كثيراً.
خروج,35,15,"الإصحاحات 35 - 40 نجد هنا إعادة لما سبق فخطة الله لا شئ يُعَوِّقها\'a1 والله يريد أن يقيم وسط شعبه وهو سيفعل هذا. بالإضافة لأن الوحي أراد إظهار أن كل شئ تمَّ حسب أمر الله تماماً. وهنا نلاحظ طاعة الشعب في تنفيذ أوامر الله\'a1 وهذا يعطينا شعور بأن بطاعة الله تكتب أسماءنا في سفر الحياة والخلود كما سُجِّلَ هنا طاعة الشعب. ولاحظ تكرار كلمة بحسب ما أمر الرب كثيراً.
خروج,35,16,"الإصحاحات 35 - 40 نجد هنا إعادة لما سبق فخطة الله لا شئ يُعَوِّقها\'a1 والله يريد أن يقيم وسط شعبه وهو سيفعل هذا. بالإضافة لأن الوحي أراد إظهار أن كل شئ تمَّ حسب أمر الله تماماً. وهنا نلاحظ طاعة الشعب في تنفيذ أوامر الله\'a1 وهذا يعطينا شعور بأن بطاعة الله تكتب أسماءنا في سفر الحياة والخلود كما سُجِّلَ هنا طاعة الشعب. ولاحظ تكرار كلمة بحسب ما أمر الرب كثيراً.
خروج,35,17,"الإصحاحات 35 - 40 نجد هنا إعادة لما سبق فخطة الله لا شئ يُعَوِّقها\'a1 والله يريد أن يقيم وسط شعبه وهو سيفعل هذا. بالإضافة لأن الوحي أراد إظهار أن كل شئ تمَّ حسب أمر الله تماماً. وهنا نلاحظ طاعة الشعب في تنفيذ أوامر الله\'a1 وهذا يعطينا شعور بأن بطاعة الله تكتب أسماءنا في سفر الحياة والخلود كما سُجِّلَ هنا طاعة الشعب. ولاحظ تكرار كلمة بحسب ما أمر الرب كثيراً.
خروج,35,18,"الإصحاحات 35 - 40 نجد هنا إعادة لما سبق فخطة الله لا شئ يُعَوِّقها\'a1 والله يريد أن يقيم وسط شعبه وهو سيفعل هذا. بالإضافة لأن الوحي أراد إظهار أن كل شئ تمَّ حسب أمر الله تماماً. وهنا نلاحظ طاعة الشعب في تنفيذ أوامر الله\'a1 وهذا يعطينا شعور بأن بطاعة الله تكتب أسماءنا في سفر الحياة والخلود كما سُجِّلَ هنا طاعة الشعب. ولاحظ تكرار كلمة بحسب ما أمر الرب كثيراً.
خروج,35,19,"الإصحاحات 35 - 40 نجد هنا إعادة لما سبق فخطة الله لا شئ يُعَوِّقها\'a1 والله يريد أن يقيم وسط شعبه وهو سيفعل هذا. بالإضافة لأن الوحي أراد إظهار أن كل شئ تمَّ حسب أمر الله تماماً. وهنا نلاحظ طاعة الشعب في تنفيذ أوامر الله\'a1 وهذا يعطينا شعور بأن بطاعة الله تكتب أسماءنا في سفر الحياة والخلود كما سُجِّلَ هنا طاعة الشعب. ولاحظ تكرار كلمة بحسب ما أمر الرب كثيراً.
خروج,35,20,"الإصحاحات 35 - 40 نجد هنا إعادة لما سبق فخطة الله لا شئ يُعَوِّقها\'a1 والله يريد أن يقيم وسط شعبه وهو سيفعل هذا. بالإضافة لأن الوحي أراد إظهار أن كل شئ تمَّ حسب أمر الله تماماً. وهنا نلاحظ طاعة الشعب في تنفيذ أوامر الله\'a1 وهذا يعطينا شعور بأن بطاعة الله تكتب أسماءنا في سفر الحياة والخلود كما سُجِّلَ هنا طاعة الشعب. ولاحظ تكرار كلمة بحسب ما أمر الرب كثيراً.
خروج,35,21,"الإصحاحات 35 - 40 نجد هنا إعادة لما سبق فخطة الله لا شئ يُعَوِّقها\'a1 والله يريد أن يقيم وسط شعبه وهو سيفعل هذا. بالإضافة لأن الوحي أراد إظهار أن كل شئ تمَّ حسب أمر الله تماماً. وهنا نلاحظ طاعة الشعب في تنفيذ أوامر الله\'a1 وهذا يعطينا شعور بأن بطاعة الله تكتب أسماءنا في سفر الحياة والخلود كما سُجِّلَ هنا طاعة الشعب. ولاحظ تكرار كلمة بحسب ما أمر الرب كثيراً.
خروج,35,22,"الإصحاحات 35 - 40 نجد هنا إعادة لما سبق فخطة الله لا شئ يُعَوِّقها\'a1 والله يريد أن يقيم وسط شعبه وهو سيفعل هذا. بالإضافة لأن الوحي أراد إظهار أن كل شئ تمَّ حسب أمر الله تماماً. وهنا نلاحظ طاعة الشعب في تنفيذ أوامر الله\'a1 وهذا يعطينا شعور بأن بطاعة الله تكتب أسماءنا في سفر الحياة والخلود كما سُجِّلَ هنا طاعة الشعب. ولاحظ تكرار كلمة بحسب ما أمر الرب كثيراً.
خروج,35,23,"الإصحاحات 35 - 40 نجد هنا إعادة لما سبق فخطة الله لا شئ يُعَوِّقها\'a1 والله يريد أن يقيم وسط شعبه وهو سيفعل هذا. بالإضافة لأن الوحي أراد إظهار أن كل شئ تمَّ حسب أمر الله تماماً. وهنا نلاحظ طاعة الشعب في تنفيذ أوامر الله\'a1 وهذا يعطينا شعور بأن بطاعة الله تكتب أسماءنا في سفر الحياة والخلود كما سُجِّلَ هنا طاعة الشعب. ولاحظ تكرار كلمة بحسب ما أمر الرب كثيراً.
خروج,35,24,"الإصحاحات 35 - 40 نجد هنا إعادة لما سبق فخطة الله لا شئ يُعَوِّقها\'a1 والله يريد أن يقيم وسط شعبه وهو سيفعل هذا. بالإضافة لأن الوحي أراد إظهار أن كل شئ تمَّ حسب أمر الله تماماً. وهنا نلاحظ طاعة الشعب في تنفيذ أوامر الله\'a1 وهذا يعطينا شعور بأن بطاعة الله تكتب أسماءنا في سفر الحياة والخلود كما سُجِّلَ هنا طاعة الشعب. ولاحظ تكرار كلمة بحسب ما أمر الرب كثيراً.
خروج,35,25,"الإصحاحات 35 - 40 نجد هنا إعادة لما سبق فخطة الله لا شئ يُعَوِّقها\'a1 والله يريد أن يقيم وسط شعبه وهو سيفعل هذا. بالإضافة لأن الوحي أراد إظهار أن كل شئ تمَّ حسب أمر الله تماماً. وهنا نلاحظ طاعة الشعب في تنفيذ أوامر الله\'a1 وهذا يعطينا شعور بأن بطاعة الله تكتب أسماءنا في سفر الحياة والخلود كما سُجِّلَ هنا طاعة الشعب. ولاحظ تكرار كلمة بحسب ما أمر الرب كثيراً.
خروج,35,26,"الإصحاحات 35 - 40 نجد هنا إعادة لما سبق فخطة الله لا شئ يُعَوِّقها\'a1 والله يريد أن يقيم وسط شعبه وهو سيفعل هذا. بالإضافة لأن الوحي أراد إظهار أن كل شئ تمَّ حسب أمر الله تماماً. وهنا نلاحظ طاعة الشعب في تنفيذ أوامر الله\'a1 وهذا يعطينا شعور بأن بطاعة الله تكتب أسماءنا في سفر الحياة والخلود كما سُجِّلَ هنا طاعة الشعب. ولاحظ تكرار كلمة بحسب ما أمر الرب كثيراً.
خروج,35,27,"الإصحاحات 35 - 40 نجد هنا إعادة لما سبق فخطة الله لا شئ يُعَوِّقها\'a1 والله يريد أن يقيم وسط شعبه وهو سيفعل هذا. بالإضافة لأن الوحي أراد إظهار أن كل شئ تمَّ حسب أمر الله تماماً. وهنا نلاحظ طاعة الشعب في تنفيذ أوامر الله\'a1 وهذا يعطينا شعور بأن بطاعة الله تكتب أسماءنا في سفر الحياة والخلود كما سُجِّلَ هنا طاعة الشعب. ولاحظ تكرار كلمة بحسب ما أمر الرب كثيراً.
خروج,35,28,"الإصحاحات 35 - 40 نجد هنا إعادة لما سبق فخطة الله لا شئ يُعَوِّقها\'a1 والله يريد أن يقيم وسط شعبه وهو سيفعل هذا. بالإضافة لأن الوحي أراد إظهار أن كل شئ تمَّ حسب أمر الله تماماً. وهنا نلاحظ طاعة الشعب في تنفيذ أوامر الله\'a1 وهذا يعطينا شعور بأن بطاعة الله تكتب أسماءنا في سفر الحياة والخلود كما سُجِّلَ هنا طاعة الشعب. ولاحظ تكرار كلمة بحسب ما أمر الرب كثيراً.
خروج,35,29,"الإصحاحات 35 - 40 نجد هنا إعادة لما سبق فخطة الله لا شئ يُعَوِّقها\'a1 والله يريد أن يقيم وسط شعبه وهو سيفعل هذا. بالإضافة لأن الوحي أراد إظهار أن كل شئ تمَّ حسب أمر الله تماماً. وهنا نلاحظ طاعة الشعب في تنفيذ أوامر الله\'a1 وهذا يعطينا شعور بأن بطاعة الله تكتب أسماءنا في سفر الحياة والخلود كما سُجِّلَ هنا طاعة الشعب. ولاحظ تكرار كلمة بحسب ما أمر الرب كثيراً.
خروج,35,30,"الإصحاحات 35 - 40 نجد هنا إعادة لما سبق فخطة الله لا شئ يُعَوِّقها\'a1 والله يريد أن يقيم وسط شعبه وهو سيفعل هذا. بالإضافة لأن الوحي أراد إظهار أن كل شئ تمَّ حسب أمر الله تماماً. وهنا نلاحظ طاعة الشعب في تنفيذ أوامر الله\'a1 وهذا يعطينا شعور بأن بطاعة الله تكتب أسماءنا في سفر الحياة والخلود كما سُجِّلَ هنا طاعة الشعب. ولاحظ تكرار كلمة بحسب ما أمر الرب كثيراً.
خروج,35,31,"الإصحاحات 35 - 40 نجد هنا إعادة لما سبق فخطة الله لا شئ يُعَوِّقها\'a1 والله يريد أن يقيم وسط شعبه وهو سيفعل هذا. بالإضافة لأن الوحي أراد إظهار أن كل شئ تمَّ حسب أمر الله تماماً. وهنا نلاحظ طاعة الشعب في تنفيذ أوامر الله\'a1 وهذا يعطينا شعور بأن بطاعة الله تكتب أسماءنا في سفر الحياة والخلود كما سُجِّلَ هنا طاعة الشعب. ولاحظ تكرار كلمة بحسب ما أمر الرب كثيراً.
خروج,35,32,"الإصحاحات 35 - 40 نجد هنا إعادة لما سبق فخطة الله لا شئ يُعَوِّقها\'a1 والله يريد أن يقيم وسط شعبه وهو سيفعل هذا. بالإضافة لأن الوحي أراد إظهار أن كل شئ تمَّ حسب أمر الله تماماً. وهنا نلاحظ طاعة الشعب في تنفيذ أوامر الله\'a1 وهذا يعطينا شعور بأن بطاعة الله تكتب أسماءنا في سفر الحياة والخلود كما سُجِّلَ هنا طاعة الشعب. ولاحظ تكرار كلمة بحسب ما أمر الرب كثيراً.
خروج,35,33,"الإصحاحات 35 - 40 نجد هنا إعادة لما سبق فخطة الله لا شئ يُعَوِّقها\'a1 والله يريد أن يقيم وسط شعبه وهو سيفعل هذا. بالإضافة لأن الوحي أراد إظهار أن كل شئ تمَّ حسب أمر الله تماماً. وهنا نلاحظ طاعة الشعب في تنفيذ أوامر الله\'a1 وهذا يعطينا شعور بأن بطاعة الله تكتب أسماءنا في سفر الحياة والخلود كما سُجِّلَ هنا طاعة الشعب. ولاحظ تكرار كلمة بحسب ما أمر الرب كثيراً.
خروج,35,34,"الإصحاحات 35 - 40 نجد هنا إعادة لما سبق فخطة الله لا شئ يُعَوِّقها\'a1 والله يريد أن يقيم وسط شعبه وهو سيفعل هذا. بالإضافة لأن الوحي أراد إظهار أن كل شئ تمَّ حسب أمر الله تماماً. وهنا نلاحظ طاعة الشعب في تنفيذ أوامر الله\'a1 وهذا يعطينا شعور بأن بطاعة الله تكتب أسماءنا في سفر الحياة والخلود كما سُجِّلَ هنا طاعة الشعب. ولاحظ تكرار كلمة بحسب ما أمر الرب كثيراً.
خروج,35,35,"الإصحاحات 35 - 40 نجد هنا إعادة لما سبق فخطة الله لا شئ يُعَوِّقها\'a1 والله يريد أن يقيم وسط شعبه وهو سيفعل هذا. بالإضافة لأن الوحي أراد إظهار أن كل شئ تمَّ حسب أمر الله تماماً. وهنا نلاحظ طاعة الشعب في تنفيذ أوامر الله\'a1 وهذا يعطينا شعور بأن بطاعة الله تكتب أسماءنا في سفر الحياة والخلود كما سُجِّلَ هنا طاعة الشعب. ولاحظ تكرار كلمة بحسب ما أمر الرب كثيراً.
خروج,35,36,"الإصحاحات 35 - 40 نجد هنا إعادة لما سبق فخطة الله لا شئ يُعَوِّقها\'a1 والله يريد أن يقيم وسط شعبه وهو سيفعل هذا. بالإضافة لأن الوحي أراد إظهار أن كل شئ تمَّ حسب أمر الله تماماً. وهنا نلاحظ طاعة الشعب في تنفيذ أوامر الله\'a1 وهذا يعطينا شعور بأن بطاعة الله تكتب أسماءنا في سفر الحياة والخلود كما سُجِّلَ هنا طاعة الشعب. ولاحظ تكرار كلمة بحسب ما أمر الرب كثيراً.
خروج,35,37,"الإصحاحات 35 - 40 نجد هنا إعادة لما سبق فخطة الله لا شئ يُعَوِّقها\'a1 والله يريد أن يقيم وسط شعبه وهو سيفعل هذا. بالإضافة لأن الوحي أراد إظهار أن كل شئ تمَّ حسب أمر الله تماماً. وهنا نلاحظ طاعة الشعب في تنفيذ أوامر الله\'a1 وهذا يعطينا شعور بأن بطاعة الله تكتب أسماءنا في سفر الحياة والخلود كما سُجِّلَ هنا طاعة الشعب. ولاحظ تكرار كلمة بحسب ما أمر الرب كثيراً.
خروج,35,38,"الإصحاحات 35 - 40 نجد هنا إعادة لما سبق فخطة الله لا شئ يُعَوِّقها\'a1 والله يريد أن يقيم وسط شعبه وهو سيفعل هذا. بالإضافة لأن الوحي أراد إظهار أن كل شئ تمَّ حسب أمر الله تماماً. وهنا نلاحظ طاعة الشعب في تنفيذ أوامر الله\'a1 وهذا يعطينا شعور بأن بطاعة الله تكتب أسماءنا في سفر الحياة والخلود كما سُجِّلَ هنا طاعة الشعب. ولاحظ تكرار كلمة بحسب ما أمر الرب كثيراً.
خروج,35,39,"الإصحاحات 35 - 40 نجد هنا إعادة لما سبق فخطة الله لا شئ يُعَوِّقها\'a1 والله يريد أن يقيم وسط شعبه وهو سيفعل هذا. بالإضافة لأن الوحي أراد إظهار أن كل شئ تمَّ حسب أمر الله تماماً. وهنا نلاحظ طاعة الشعب في تنفيذ أوامر الله\'a1 وهذا يعطينا شعور بأن بطاعة الله تكتب أسماءنا في سفر الحياة والخلود كما سُجِّلَ هنا طاعة الشعب. ولاحظ تكرار كلمة بحسب ما أمر الرب كثيراً.
خروج,35,40,"الإصحاحات 35 - 40 نجد هنا إعادة لما سبق فخطة الله لا شئ يُعَوِّقها\'a1 والله يريد أن يقيم وسط شعبه وهو سيفعل هذا. بالإضافة لأن الوحي أراد إظهار أن كل شئ تمَّ حسب أمر الله تماماً. وهنا نلاحظ طاعة الشعب في تنفيذ أوامر الله\'a1 وهذا يعطينا شعور بأن بطاعة الله تكتب أسماءنا في سفر الحياة والخلود كما سُجِّلَ هنا طاعة الشعب. ولاحظ تكرار كلمة بحسب ما أمر الرب كثيراً.
خروج,35,41,"الإصحاحات 35 - 40 نجد هنا إعادة لما سبق فخطة الله لا شئ يُعَوِّقها\'a1 والله يريد أن يقيم وسط شعبه وهو سيفعل هذا. بالإضافة لأن الوحي أراد إظهار أن كل شئ تمَّ حسب أمر الله تماماً. وهنا نلاحظ طاعة الشعب في تنفيذ أوامر الله\'a1 وهذا يعطينا شعور بأن بطاعة الله تكتب أسماءنا في سفر الحياة والخلود كما سُجِّلَ هنا طاعة الشعب. ولاحظ تكرار كلمة بحسب ما أمر الرب كثيراً.
خروج,35,42,"الإصحاحات 35 - 40 نجد هنا إعادة لما سبق فخطة الله لا شئ يُعَوِّقها\'a1 والله يريد أن يقيم وسط شعبه وهو سيفعل هذا. بالإضافة لأن الوحي أراد إظهار أن كل شئ تمَّ حسب أمر الله تماماً. وهنا نلاحظ طاعة الشعب في تنفيذ أوامر الله\'a1 وهذا يعطينا شعور بأن بطاعة الله تكتب أسماءنا في سفر الحياة والخلود كما سُجِّلَ هنا طاعة الشعب. ولاحظ تكرار كلمة بحسب ما أمر الرب كثيراً.
خروج,35,43,"الإصحاحات 35 - 40 نجد هنا إعادة لما سبق فخطة الله لا شئ يُعَوِّقها\'a1 والله يريد أن يقيم وسط شعبه وهو سيفعل هذا. بالإضافة لأن الوحي أراد إظهار أن كل شئ تمَّ حسب أمر الله تماماً. وهنا نلاحظ طاعة الشعب في تنفيذ أوامر الله\'a1 وهذا يعطينا شعور بأن بطاعة الله تكتب أسماءنا في سفر الحياة والخلود كما سُجِّلَ هنا طاعة الشعب. ولاحظ تكرار كلمة بحسب ما أمر الرب كثيراً.
خروج,35,44,"الإصحاحات 35 - 40 نجد هنا إعادة لما سبق فخطة الله لا شئ يُعَوِّقها\'a1 والله يريد أن يقيم وسط شعبه وهو سيفعل هذا. بالإضافة لأن الوحي أراد إظهار أن كل شئ تمَّ حسب أمر الله تماماً. وهنا نلاحظ طاعة الشعب في تنفيذ أوامر الله\'a1 وهذا يعطينا شعور بأن بطاعة الله تكتب أسماءنا في سفر الحياة والخلود كما سُجِّلَ هنا طاعة الشعب. ولاحظ تكرار كلمة بحسب ما أمر الرب كثيراً.
خروج,35,45,"الإصحاحات 35 - 40 نجد هنا إعادة لما سبق فخطة الله لا شئ يُعَوِّقها\'a1 والله يريد أن يقيم وسط شعبه وهو سيفعل هذا. بالإضافة لأن الوحي أراد إظهار أن كل شئ تمَّ حسب أمر الله تماماً. وهنا نلاحظ طاعة الشعب في تنفيذ أوامر الله\'a1 وهذا يعطينا شعور بأن بطاعة الله تكتب أسماءنا في سفر الحياة والخلود كما سُجِّلَ هنا طاعة الشعب. ولاحظ تكرار كلمة بحسب ما أمر الرب كثيراً.
خروج,35,46,"الإصحاحات 35 - 40 نجد هنا إعادة لما سبق فخطة الله لا شئ يُعَوِّقها\'a1 والله يريد أن يقيم وسط شعبه وهو سيفعل هذا. بالإضافة لأن الوحي أراد إظهار أن كل شئ تمَّ حسب أمر الله تماماً. وهنا نلاحظ طاعة الشعب في تنفيذ أوامر الله\'a1 وهذا يعطينا شعور بأن بطاعة الله تكتب أسماءنا في سفر الحياة والخلود كما سُجِّلَ هنا طاعة الشعب. ولاحظ تكرار كلمة بحسب ما أمر الرب كثيراً.
خروج,35,47,"الإصحاحات 35 - 40 نجد هنا إعادة لما سبق فخطة الله لا شئ يُعَوِّقها\'a1 والله يريد أن يقيم وسط شعبه وهو سيفعل هذا. بالإضافة لأن الوحي أراد إظهار أن كل شئ تمَّ حسب أمر الله تماماً. وهنا نلاحظ طاعة الشعب في تنفيذ أوامر الله\'a1 وهذا يعطينا شعور بأن بطاعة الله تكتب أسماءنا في سفر الحياة والخلود كما سُجِّلَ هنا طاعة الشعب. ولاحظ تكرار كلمة بحسب ما أمر الرب كثيراً.
خروج,35,48,"الإصحاحات 35 - 40 نجد هنا إعادة لما سبق فخطة الله لا شئ يُعَوِّقها\'a1 والله يريد أن يقيم وسط شعبه وهو سيفعل هذا. بالإضافة لأن الوحي أراد إظهار أن كل شئ تمَّ حسب أمر الله تماماً. وهنا نلاحظ طاعة الشعب في تنفيذ أوامر الله\'a1 وهذا يعطينا شعور بأن بطاعة الله تكتب أسماءنا في سفر الحياة والخلود كما سُجِّلَ هنا طاعة الشعب. ولاحظ تكرار كلمة بحسب ما أمر الرب كثيراً.
خروج,35,49,"الإصحاحات 35 - 40 نجد هنا إعادة لما سبق فخطة الله لا شئ يُعَوِّقها\'a1 والله يريد أن يقيم وسط شعبه وهو سيفعل هذا. بالإضافة لأن الوحي أراد إظهار أن كل شئ تمَّ حسب أمر الله تماماً. وهنا نلاحظ طاعة الشعب في تنفيذ أوامر الله\'a1 وهذا يعطينا شعور بأن بطاعة الله تكتب أسماءنا في سفر الحياة والخلود كما سُجِّلَ هنا طاعة الشعب. ولاحظ تكرار كلمة بحسب ما أمر الرب كثيراً.
خروج,35,50,"الإصحاحات 35 - 40 نجد هنا إعادة لما سبق فخطة الله لا شئ يُعَوِّقها\'a1 والله يريد أن يقيم وسط شعبه وهو سيفعل هذا. بالإضافة لأن الوحي أراد إظهار أن كل شئ تمَّ حسب أمر الله تماماً. وهنا نلاحظ طاعة الشعب في تنفيذ أوامر الله\'a1 وهذا يعطينا شعور بأن بطاعة الله تكتب أسماءنا في سفر الحياة والخلود كما سُجِّلَ هنا طاعة الشعب. ولاحظ تكرار كلمة بحسب ما أمر الرب كثيراً.
خروج,35,51,"الإصحاحات 35 - 40 نجد هنا إعادة لما سبق فخطة الله لا شئ يُعَوِّقها\'a1 والله يريد أن يقيم وسط شعبه وهو سيفعل هذا. بالإضافة لأن الوحي أراد إظهار أن كل شئ تمَّ حسب أمر الله تماماً. وهنا نلاحظ طاعة الشعب في تنفيذ أوامر الله\'a1 وهذا يعطينا شعور بأن بطاعة الله تكتب أسماءنا في سفر الحياة والخلود كما سُجِّلَ هنا طاعة الشعب. ولاحظ تكرار كلمة بحسب ما أمر الرب كثيراً.
خروج,35,52,"الإصحاحات 35 - 40 نجد هنا إعادة لما سبق فخطة الله لا شئ يُعَوِّقها\'a1 والله يريد أن يقيم وسط شعبه وهو سيفعل هذا. بالإضافة لأن الوحي أراد إظهار أن كل شئ تمَّ حسب أمر الله تماماً. وهنا نلاحظ طاعة الشعب في تنفيذ أوامر الله\'a1 وهذا يعطينا شعور بأن بطاعة الله تكتب أسماءنا في سفر الحياة والخلود كما سُجِّلَ هنا طاعة الشعب. ولاحظ تكرار كلمة بحسب ما أمر الرب كثيراً.
خروج,35,53,"الإصحاحات 35 - 40 نجد هنا إعادة لما سبق فخطة الله لا شئ يُعَوِّقها\'a1 والله يريد أن يقيم وسط شعبه وهو سيفعل هذا. بالإضافة لأن الوحي أراد إظهار أن كل شئ تمَّ حسب أمر الله تماماً. وهنا نلاحظ طاعة الشعب في تنفيذ أوامر الله\'a1 وهذا يعطينا شعور بأن بطاعة الله تكتب أسماءنا في سفر الحياة والخلود كما سُجِّلَ هنا طاعة الشعب. ولاحظ تكرار كلمة بحسب ما أمر الرب كثيراً.
خروج,35,54,"الإصحاحات 35 - 40 نجد هنا إعادة لما سبق فخطة الله لا شئ يُعَوِّقها\'a1 والله يريد أن يقيم وسط شعبه وهو سيفعل هذا. بالإضافة لأن الوحي أراد إظهار أن كل شئ تمَّ حسب أمر الله تماماً. وهنا نلاحظ طاعة الشعب في تنفيذ أوامر الله\'a1 وهذا يعطينا شعور بأن بطاعة الله تكتب أسماءنا في سفر الحياة والخلود كما سُجِّلَ هنا طاعة الشعب. ولاحظ تكرار كلمة بحسب ما أمر الرب كثيراً.
خروج,35,55,"الإصحاحات 35 - 40 نجد هنا إعادة لما سبق فخطة الله لا شئ يُعَوِّقها\'a1 والله يريد أن يقيم وسط شعبه وهو سيفعل هذا. بالإضافة لأن الوحي أراد إظهار أن كل شئ تمَّ حسب أمر الله تماماً. وهنا نلاحظ طاعة الشعب في تنفيذ أوامر الله\'a1 وهذا يعطينا شعور بأن بطاعة الله تكتب أسماءنا في سفر الحياة والخلود كما سُجِّلَ هنا طاعة الشعب. ولاحظ تكرار كلمة بحسب ما أمر الرب كثيراً.
خروج,35,56,"الإصحاحات 35 - 40 نجد هنا إعادة لما سبق فخطة الله لا شئ يُعَوِّقها\'a1 والله يريد أن يقيم وسط شعبه وهو سيفعل هذا. بالإضافة لأن الوحي أراد إظهار أن كل شئ تمَّ حسب أمر الله تماماً. وهنا نلاحظ طاعة الشعب في تنفيذ أوامر الله\'a1 وهذا يعطينا شعور بأن بطاعة الله تكتب أسماءنا في سفر الحياة والخلود كما سُجِّلَ هنا طاعة الشعب. ولاحظ تكرار كلمة بحسب ما أمر الرب كثيراً.
خروج,35,57,"الإصحاحات 35 - 40 نجد هنا إعادة لما سبق فخطة الله لا شئ يُعَوِّقها\'a1 والله يريد أن يقيم وسط شعبه وهو سيفعل هذا. بالإضافة لأن الوحي أراد إظهار أن كل شئ تمَّ حسب أمر الله تماماً. وهنا نلاحظ طاعة الشعب في تنفيذ أوامر الله\'a1 وهذا يعطينا شعور بأن بطاعة الله تكتب أسماءنا في سفر الحياة والخلود كما سُجِّلَ هنا طاعة الشعب. ولاحظ تكرار كلمة بحسب ما أمر الرب كثيراً.
خروج,35,58,"الإصحاحات 35 - 40 نجد هنا إعادة لما سبق فخطة الله لا شئ يُعَوِّقها\'a1 والله يريد أن يقيم وسط شعبه وهو سيفعل هذا. بالإضافة لأن الوحي أراد إظهار أن كل شئ تمَّ حسب أمر الله تماماً. وهنا نلاحظ طاعة الشعب في تنفيذ أوامر الله\'a1 وهذا يعطينا شعور بأن بطاعة الله تكتب أسماءنا في سفر الحياة والخلود كما سُجِّلَ هنا طاعة الشعب. ولاحظ تكرار كلمة بحسب ما أمر الرب كثيراً.
خروج,35,59,"الإصحاحات 35 - 40 نجد هنا إعادة لما سبق فخطة الله لا شئ يُعَوِّقها\'a1 والله يريد أن يقيم وسط شعبه وهو سيفعل هذا. بالإضافة لأن الوحي أراد إظهار أن كل شئ تمَّ حسب أمر الله تماماً. وهنا نلاحظ طاعة الشعب في تنفيذ أوامر الله\'a1 وهذا يعطينا شعور بأن بطاعة الله تكتب أسماءنا في سفر الحياة والخلود كما سُجِّلَ هنا طاعة الشعب. ولاحظ تكرار كلمة بحسب ما أمر الرب كثيراً.
خروج,35,60,"الإصحاحات 35 - 40 نجد هنا إعادة لما سبق فخطة الله لا شئ يُعَوِّقها\'a1 والله يريد أن يقيم وسط شعبه وهو سيفعل هذا. بالإضافة لأن الوحي أراد إظهار أن كل شئ تمَّ حسب أمر الله تماماً. وهنا نلاحظ طاعة الشعب في تنفيذ أوامر الله\'a1 وهذا يعطينا شعور بأن بطاعة الله تكتب أسماءنا في سفر الحياة والخلود كما سُجِّلَ هنا طاعة الشعب. ولاحظ تكرار كلمة بحسب ما أمر الرب كثيراً.
خروج,35,61,"الإصحاحات 35 - 40 نجد هنا إعادة لما سبق فخطة الله لا شئ يُعَوِّقها\'a1 والله يريد أن يقيم وسط شعبه وهو سيفعل هذا. بالإضافة لأن الوحي أراد إظهار أن كل شئ تمَّ حسب أمر الله تماماً. وهنا نلاحظ طاعة الشعب في تنفيذ أوامر الله\'a1 وهذا يعطينا شعور بأن بطاعة الله تكتب أسماءنا في سفر الحياة والخلود كما سُجِّلَ هنا طاعة الشعب. ولاحظ تكرار كلمة بحسب ما أمر الرب كثيراً.
خروج,35,62,"الإصحاحات 35 - 40 نجد هنا إعادة لما سبق فخطة الله لا شئ يُعَوِّقها\'a1 والله يريد أن يقيم وسط شعبه وهو سيفعل هذا. بالإضافة لأن الوحي أراد إظهار أن كل شئ تمَّ حسب أمر الله تماماً. وهنا نلاحظ طاعة الشعب في تنفيذ أوامر الله\'a1 وهذا يعطينا شعور بأن بطاعة الله تكتب أسماءنا في سفر الحياة والخلود كما سُجِّلَ هنا طاعة الشعب. ولاحظ تكرار كلمة بحسب ما أمر الرب كثيراً.
خروج,35,63,"الإصحاحات 35 - 40 نجد هنا إعادة لما سبق فخطة الله لا شئ يُعَوِّقها\'a1 والله يريد أن يقيم وسط شعبه وهو سيفعل هذا. بالإضافة لأن الوحي أراد إظهار أن كل شئ تمَّ حسب أمر الله تماماً. وهنا نلاحظ طاعة الشعب في تنفيذ أوامر الله\'a1 وهذا يعطينا شعور بأن بطاعة الله تكتب أسماءنا في سفر الحياة والخلود كما سُجِّلَ هنا طاعة الشعب. ولاحظ تكرار كلمة بحسب ما أمر الرب كثيراً.
خروج,35,64,"الإصحاحات 35 - 40 نجد هنا إعادة لما سبق فخطة الله لا شئ يُعَوِّقها\'a1 والله يريد أن يقيم وسط شعبه وهو سيفعل هذا. بالإضافة لأن الوحي أراد إظهار أن كل شئ تمَّ حسب أمر الله تماماً. وهنا نلاحظ طاعة الشعب في تنفيذ أوامر الله\'a1 وهذا يعطينا شعور بأن بطاعة الله تكتب أسماءنا في سفر الحياة والخلود كما سُجِّلَ هنا طاعة الشعب. ولاحظ تكرار كلمة بحسب ما أمر الرب كثيراً.
خروج,35,65,"الإصحاحات 35 - 40 نجد هنا إعادة لما سبق فخطة الله لا شئ يُعَوِّقها\'a1 والله يريد أن يقيم وسط شعبه وهو سيفعل هذا. بالإضافة لأن الوحي أراد إظهار أن كل شئ تمَّ حسب أمر الله تماماً. وهنا نلاحظ طاعة الشعب في تنفيذ أوامر الله\'a1 وهذا يعطينا شعور بأن بطاعة الله تكتب أسماءنا في سفر الحياة والخلود كما سُجِّلَ هنا طاعة الشعب. ولاحظ تكرار كلمة بحسب ما أمر الرب كثيراً.
خروج,35,66,"الإصحاحات 35 - 40 نجد هنا إعادة لما سبق فخطة الله لا شئ يُعَوِّقها\'a1 والله يريد أن يقيم وسط شعبه وهو سيفعل هذا. بالإضافة لأن الوحي أراد إظهار أن كل شئ تمَّ حسب أمر الله تماماً. وهنا نلاحظ طاعة الشعب في تنفيذ أوامر الله\'a1 وهذا يعطينا شعور بأن بطاعة الله تكتب أسماءنا في سفر الحياة والخلود كما سُجِّلَ هنا طاعة الشعب. ولاحظ تكرار كلمة بحسب ما أمر الرب كثيراً.
خروج,35,67,"الإصحاحات 35 - 40 نجد هنا إعادة لما سبق فخطة الله لا شئ يُعَوِّقها\'a1 والله يريد أن يقيم وسط شعبه وهو سيفعل هذا. بالإضافة لأن الوحي أراد إظهار أن كل شئ تمَّ حسب أمر الله تماماً. وهنا نلاحظ طاعة الشعب في تنفيذ أوامر الله\'a1 وهذا يعطينا شعور بأن بطاعة الله تكتب أسماءنا في سفر الحياة والخلود كما سُجِّلَ هنا طاعة الشعب. ولاحظ تكرار كلمة بحسب ما أمر الرب كثيراً.
خروج,35,68,"الإصحاحات 35 - 40 نجد هنا إعادة لما سبق فخطة الله لا شئ يُعَوِّقها\'a1 والله يريد أن يقيم وسط شعبه وهو سيفعل هذا. بالإضافة لأن الوحي أراد إظهار أن كل شئ تمَّ حسب أمر الله تماماً. وهنا نلاحظ طاعة الشعب في تنفيذ أوامر الله\'a1 وهذا يعطينا شعور بأن بطاعة الله تكتب أسماءنا في سفر الحياة والخلود كما سُجِّلَ هنا طاعة الشعب. ولاحظ تكرار كلمة بحسب ما أمر الرب كثيراً.
خروج,35,69,"الإصحاحات 35 - 40 نجد هنا إعادة لما سبق فخطة الله لا شئ يُعَوِّقها\'a1 والله يريد أن يقيم وسط شعبه وهو سيفعل هذا. بالإضافة لأن الوحي أراد إظهار أن كل شئ تمَّ حسب أمر الله تماماً. وهنا نلاحظ طاعة الشعب في تنفيذ أوامر الله\'a1 وهذا يعطينا شعور بأن بطاعة الله تكتب أسماءنا في سفر الحياة والخلود كما سُجِّلَ هنا طاعة الشعب. ولاحظ تكرار كلمة بحسب ما أمر الرب كثيراً.
خروج,35,70,"الإصحاحات 35 - 40 نجد هنا إعادة لما سبق فخطة الله لا شئ يُعَوِّقها\'a1 والله يريد أن يقيم وسط شعبه وهو سيفعل هذا. بالإضافة لأن الوحي أراد إظهار أن كل شئ تمَّ حسب أمر الله تماماً. وهنا نلاحظ طاعة الشعب في تنفيذ أوامر الله\'a1 وهذا يعطينا شعور بأن بطاعة الله تكتب أسماءنا في سفر الحياة والخلود كما سُجِّلَ هنا طاعة الشعب. ولاحظ تكرار كلمة بحسب ما أمر الرب كثيراً.
خروج,35,71,"الإصحاحات 35 - 40 نجد هنا إعادة لما سبق فخطة الله لا شئ يُعَوِّقها\'a1 والله يريد أن يقيم وسط شعبه وهو سيفعل هذا. بالإضافة لأن الوحي أراد إظهار أن كل شئ تمَّ حسب أمر الله تماماً. وهنا نلاحظ طاعة الشعب في تنفيذ أوامر الله\'a1 وهذا يعطينا شعور بأن بطاعة الله تكتب أسماءنا في سفر الحياة والخلود كما سُجِّلَ هنا طاعة الشعب. ولاحظ تكرار كلمة بحسب ما أمر الرب كثيراً.
خروج,35,72,"الإصحاحات 35 - 40 نجد هنا إعادة لما سبق فخطة الله لا شئ يُعَوِّقها\'a1 والله يريد أن يقيم وسط شعبه وهو سيفعل هذا. بالإضافة لأن الوحي أراد إظهار أن كل شئ تمَّ حسب أمر الله تماماً. وهنا نلاحظ طاعة الشعب في تنفيذ أوامر الله\'a1 وهذا يعطينا شعور بأن بطاعة الله تكتب أسماءنا في سفر الحياة والخلود كما سُجِّلَ هنا طاعة الشعب. ولاحظ تكرار كلمة بحسب ما أمر الرب كثيراً.
خروج,35,73,"الإصحاحات 35 - 40 نجد هنا إعادة لما سبق فخطة الله لا شئ يُعَوِّقها\'a1 والله يريد أن يقيم وسط شعبه وهو سيفعل هذا. بالإضافة لأن الوحي أراد إظهار أن كل شئ تمَّ حسب أمر الله تماماً. وهنا نلاحظ طاعة الشعب في تنفيذ أوامر الله\'a1 وهذا يعطينا شعور بأن بطاعة الله تكتب أسماءنا في سفر الحياة والخلود كما سُجِّلَ هنا طاعة الشعب. ولاحظ تكرار كلمة بحسب ما أمر الرب كثيراً.
خروج,35,74,"الإصحاحات 35 - 40 نجد هنا إعادة لما سبق فخطة الله لا شئ يُعَوِّقها\'a1 والله يريد أن يقيم وسط شعبه وهو سيفعل هذا. بالإضافة لأن الوحي أراد إظهار أن كل شئ تمَّ حسب أمر الله تماماً. وهنا نلاحظ طاعة الشعب في تنفيذ أوامر الله\'a1 وهذا يعطينا شعور بأن بطاعة الله تكتب أسماءنا في سفر الحياة والخلود كما سُجِّلَ هنا طاعة الشعب. ولاحظ تكرار كلمة بحسب ما أمر الرب كثيراً.
خروج,35,75,"الإصحاحات 35 - 40 نجد هنا إعادة لما سبق فخطة الله لا شئ يُعَوِّقها\'a1 والله يريد أن يقيم وسط شعبه وهو سيفعل هذا. بالإضافة لأن الوحي أراد إظهار أن كل شئ تمَّ حسب أمر الله تماماً. وهنا نلاحظ طاعة الشعب في تنفيذ أوامر الله\'a1 وهذا يعطينا شعور بأن بطاعة الله تكتب أسماءنا في سفر الحياة والخلود كما سُجِّلَ هنا طاعة الشعب. ولاحظ تكرار كلمة بحسب ما أمر الرب كثيراً.
خروج,35,76,"الإصحاحات 35 - 40 نجد هنا إعادة لما سبق فخطة الله لا شئ يُعَوِّقها\'a1 والله يريد أن يقيم وسط شعبه وهو سيفعل هذا. بالإضافة لأن الوحي أراد إظهار أن كل شئ تمَّ حسب أمر الله تماماً. وهنا نلاحظ طاعة الشعب في تنفيذ أوامر الله\'a1 وهذا يعطينا شعور بأن بطاعة الله تكتب أسماءنا في سفر الحياة والخلود كما سُجِّلَ هنا طاعة الشعب. ولاحظ تكرار كلمة بحسب ما أمر الرب كثيراً.
خروج,35,77,"الإصحاحات 35 - 40 نجد هنا إعادة لما سبق فخطة الله لا شئ يُعَوِّقها\'a1 والله يريد أن يقيم وسط شعبه وهو سيفعل هذا. بالإضافة لأن الوحي أراد إظهار أن كل شئ تمَّ حسب أمر الله تماماً. وهنا نلاحظ طاعة الشعب في تنفيذ أوامر الله\'a1 وهذا يعطينا شعور بأن بطاعة الله تكتب أسماءنا في سفر الحياة والخلود كما سُجِّلَ هنا طاعة الشعب. ولاحظ تكرار كلمة بحسب ما أمر الرب كثيراً.
خروج,35,78,"الإصحاحات 35 - 40 نجد هنا إعادة لما سبق فخطة الله لا شئ يُعَوِّقها\'a1 والله يريد أن يقيم وسط شعبه وهو سيفعل هذا. بالإضافة لأن الوحي أراد إظهار أن كل شئ تمَّ حسب أمر الله تماماً. وهنا نلاحظ طاعة الشعب في تنفيذ أوامر الله\'a1 وهذا يعطينا شعور بأن بطاعة الله تكتب أسماءنا في سفر الحياة والخلود كما سُجِّلَ هنا طاعة الشعب. ولاحظ تكرار كلمة بحسب ما أمر الرب كثيراً.
خروج,35,79,"الإصحاحات 35 - 40 نجد هنا إعادة لما سبق فخطة الله لا شئ يُعَوِّقها\'a1 والله يريد أن يقيم وسط شعبه وهو سيفعل هذا. بالإضافة لأن الوحي أراد إظهار أن كل شئ تمَّ حسب أمر الله تماماً. وهنا نلاحظ طاعة الشعب في تنفيذ أوامر الله\'a1 وهذا يعطينا شعور بأن بطاعة الله تكتب أسماءنا في سفر الحياة والخلود كما سُجِّلَ هنا طاعة الشعب. ولاحظ تكرار كلمة بحسب ما أمر الرب كثيراً.
خروج,35,80,"الإصحاحات 35 - 40 نجد هنا إعادة لما سبق فخطة الله لا شئ يُعَوِّقها\'a1 والله يريد أن يقيم وسط شعبه وهو سيفعل هذا. بالإضافة لأن الوحي أراد إظهار أن كل شئ تمَّ حسب أمر الله تماماً. وهنا نلاحظ طاعة الشعب في تنفيذ أوامر الله\'a1 وهذا يعطينا شعور بأن بطاعة الله تكتب أسماءنا في سفر الحياة والخلود كما سُجِّلَ هنا طاعة الشعب. ولاحظ تكرار كلمة بحسب ما أمر الرب كثيراً.
خروج,35,81,"الإصحاحات 35 - 40 نجد هنا إعادة لما سبق فخطة الله لا شئ يُعَوِّقها\'a1 والله يريد أن يقيم وسط شعبه وهو سيفعل هذا. بالإضافة لأن الوحي أراد إظهار أن كل شئ تمَّ حسب أمر الله تماماً. وهنا نلاحظ طاعة الشعب في تنفيذ أوامر الله\'a1 وهذا يعطينا شعور بأن بطاعة الله تكتب أسماءنا في سفر الحياة والخلود كما سُجِّلَ هنا طاعة الشعب. ولاحظ تكرار كلمة بحسب ما أمر الرب كثيراً.
خروج,35,82,"الإصحاحات 35 - 40 نجد هنا إعادة لما سبق فخطة الله لا شئ يُعَوِّقها\'a1 والله يريد أن يقيم وسط شعبه وهو سيفعل هذا. بالإضافة لأن الوحي أراد إظهار أن كل شئ تمَّ حسب أمر الله تماماً. وهنا نلاحظ طاعة الشعب في تنفيذ أوامر الله\'a1 وهذا يعطينا شعور بأن بطاعة الله تكتب أسماءنا في سفر الحياة والخلود كما سُجِّلَ هنا طاعة الشعب. ولاحظ تكرار كلمة بحسب ما أمر الرب كثيراً.
خروج,35,83,"الإصحاحات 35 - 40 نجد هنا إعادة لما سبق فخطة الله لا شئ يُعَوِّقها\'a1 والله يريد أن يقيم وسط شعبه وهو سيفعل هذا. بالإضافة لأن الوحي أراد إظهار أن كل شئ تمَّ حسب أمر الله تماماً. وهنا نلاحظ طاعة الشعب في تنفيذ أوامر الله\'a1 وهذا يعطينا شعور بأن بطاعة الله تكتب أسماءنا في سفر الحياة والخلود كما سُجِّلَ هنا طاعة الشعب. ولاحظ تكرار كلمة بحسب ما أمر الرب كثيراً.
خروج,35,84,"الإصحاحات 35 - 40 نجد هنا إعادة لما سبق فخطة الله لا شئ يُعَوِّقها\'a1 والله يريد أن يقيم وسط شعبه وهو سيفعل هذا. بالإضافة لأن الوحي أراد إظهار أن كل شئ تمَّ حسب أمر الله تماماً. وهنا نلاحظ طاعة الشعب في تنفيذ أوامر الله\'a1 وهذا يعطينا شعور بأن بطاعة الله تكتب أسماءنا في سفر الحياة والخلود كما سُجِّلَ هنا طاعة الشعب. ولاحظ تكرار كلمة بحسب ما أمر الرب كثيراً.
خروج,35,85,"الإصحاحات 35 - 40 نجد هنا إعادة لما سبق فخطة الله لا شئ يُعَوِّقها\'a1 والله يريد أن يقيم وسط شعبه وهو سيفعل هذا. بالإضافة لأن الوحي أراد إظهار أن كل شئ تمَّ حسب أمر الله تماماً. وهنا نلاحظ طاعة الشعب في تنفيذ أوامر الله\'a1 وهذا يعطينا شعور بأن بطاعة الله تكتب أسماءنا في سفر الحياة والخلود كما سُجِّلَ هنا طاعة الشعب. ولاحظ تكرار كلمة بحسب ما أمر الرب كثيراً.
خروج,35,86,"الإصحاحات 35 - 40 نجد هنا إعادة لما سبق فخطة الله لا شئ يُعَوِّقها\'a1 والله يريد أن يقيم وسط شعبه وهو سيفعل هذا. بالإضافة لأن الوحي أراد إظهار أن كل شئ تمَّ حسب أمر الله تماماً. وهنا نلاحظ طاعة الشعب في تنفيذ أوامر الله\'a1 وهذا يعطينا شعور بأن بطاعة الله تكتب أسماءنا في سفر الحياة والخلود كما سُجِّلَ هنا طاعة الشعب. ولاحظ تكرار كلمة بحسب ما أمر الرب كثيراً.
خروج,35,87,"الإصحاحات 35 - 40 نجد هنا إعادة لما سبق فخطة الله لا شئ يُعَوِّقها\'a1 والله يريد أن يقيم وسط شعبه وهو سيفعل هذا. بالإضافة لأن الوحي أراد إظهار أن كل شئ تمَّ حسب أمر الله تماماً. وهنا نلاحظ طاعة الشعب في تنفيذ أوامر الله\'a1 وهذا يعطينا شعور بأن بطاعة الله تكتب أسماءنا في سفر الحياة والخلود كما سُجِّلَ هنا طاعة الشعب. ولاحظ تكرار كلمة بحسب ما أمر الرب كثيراً.
خروج,35,88,"الإصحاحات 35 - 40 نجد هنا إعادة لما سبق فخطة الله لا شئ يُعَوِّقها\'a1 والله يريد أن يقيم وسط شعبه وهو سيفعل هذا. بالإضافة لأن الوحي أراد إظهار أن كل شئ تمَّ حسب أمر الله تماماً. وهنا نلاحظ طاعة الشعب في تنفيذ أوامر الله\'a1 وهذا يعطينا شعور بأن بطاعة الله تكتب أسماءنا في سفر الحياة والخلود كما سُجِّلَ هنا طاعة الشعب. ولاحظ تكرار كلمة بحسب ما أمر الرب كثيراً.
خروج,35,89,"الإصحاحات 35 - 40 نجد هنا إعادة لما سبق فخطة الله لا شئ يُعَوِّقها\'a1 والله يريد أن يقيم وسط شعبه وهو سيفعل هذا. بالإضافة لأن الوحي أراد إظهار أن كل شئ تمَّ حسب أمر الله تماماً. وهنا نلاحظ طاعة الشعب في تنفيذ أوامر الله\'a1 وهذا يعطينا شعور بأن بطاعة الله تكتب أسماءنا في سفر الحياة والخلود كما سُجِّلَ هنا طاعة الشعب. ولاحظ تكرار كلمة بحسب ما أمر الرب كثيراً.
خروج,35,90,"الإصحاحات 35 - 40 نجد هنا إعادة لما سبق فخطة الله لا شئ يُعَوِّقها\'a1 والله يريد أن يقيم وسط شعبه وهو سيفعل هذا. بالإضافة لأن الوحي أراد إظهار أن كل شئ تمَّ حسب أمر الله تماماً. وهنا نلاحظ طاعة الشعب في تنفيذ أوامر الله\'a1 وهذا يعطينا شعور بأن بطاعة الله تكتب أسماءنا في سفر الحياة والخلود كما سُجِّلَ هنا طاعة الشعب. ولاحظ تكرار كلمة بحسب ما أمر الرب كثيراً.
خروج,35,91,"الإصحاحات 35 - 40 نجد هنا إعادة لما سبق فخطة الله لا شئ يُعَوِّقها\'a1 والله يريد أن يقيم وسط شعبه وهو سيفعل هذا. بالإضافة لأن الوحي أراد إظهار أن كل شئ تمَّ حسب أمر الله تماماً. وهنا نلاحظ طاعة الشعب في تنفيذ أوامر الله\'a1 وهذا يعطينا شعور بأن بطاعة الله تكتب أسماءنا في سفر الحياة والخلود كما سُجِّلَ هنا طاعة الشعب. ولاحظ تكرار كلمة بحسب ما أمر الرب كثيراً.
خروج,35,92,"الإصحاحات 35 - 40 نجد هنا إعادة لما سبق فخطة الله لا شئ يُعَوِّقها\'a1 والله يريد أن يقيم وسط شعبه وهو سيفعل هذا. بالإضافة لأن الوحي أراد إظهار أن كل شئ تمَّ حسب أمر الله تماماً. وهنا نلاحظ طاعة الشعب في تنفيذ أوامر الله\'a1 وهذا يعطينا شعور بأن بطاعة الله تكتب أسماءنا في سفر الحياة والخلود كما سُجِّلَ هنا طاعة الشعب. ولاحظ تكرار كلمة بحسب ما أمر الرب كثيراً.
خروج,35,93,"الإصحاحات 35 - 40 نجد هنا إعادة لما سبق فخطة الله لا شئ يُعَوِّقها\'a1 والله يريد أن يقيم وسط شعبه وهو سيفعل هذا. بالإضافة لأن الوحي أراد إظهار أن كل شئ تمَّ حسب أمر الله تماماً. وهنا نلاحظ طاعة الشعب في تنفيذ أوامر الله\'a1 وهذا يعطينا شعور بأن بطاعة الله تكتب أسماءنا في سفر الحياة والخلود كما سُجِّلَ هنا طاعة الشعب. ولاحظ تكرار كلمة بحسب ما أمر الرب كثيراً.
خروج,35,94,"الإصحاحات 35 - 40 نجد هنا إعادة لما سبق فخطة الله لا شئ يُعَوِّقها\'a1 والله يريد أن يقيم وسط شعبه وهو سيفعل هذا. بالإضافة لأن الوحي أراد إظهار أن كل شئ تمَّ حسب أمر الله تماماً. وهنا نلاحظ طاعة الشعب في تنفيذ أوامر الله\'a1 وهذا يعطينا شعور بأن بطاعة الله تكتب أسماءنا في سفر الحياة والخلود كما سُجِّلَ هنا طاعة الشعب. ولاحظ تكرار كلمة بحسب ما أمر الرب كثيراً.
خروج,35,95,"الإصحاحات 35 - 40 نجد هنا إعادة لما سبق فخطة الله لا شئ يُعَوِّقها\'a1 والله يريد أن يقيم وسط شعبه وهو سيفعل هذا. بالإضافة لأن الوحي أراد إظهار أن كل شئ تمَّ حسب أمر الله تماماً. وهنا نلاحظ طاعة الشعب في تنفيذ أوامر الله\'a1 وهذا يعطينا شعور بأن بطاعة الله تكتب أسماءنا في سفر الحياة والخلود كما سُجِّلَ هنا طاعة الشعب. ولاحظ تكرار كلمة بحسب ما أمر الرب كثيراً.
خروج,35,96,"الإصحاحات 35 - 40 نجد هنا إعادة لما سبق فخطة الله لا شئ يُعَوِّقها\'a1 والله يريد أن يقيم وسط شعبه وهو سيفعل هذا. بالإضافة لأن الوحي أراد إظهار أن كل شئ تمَّ حسب أمر الله تماماً. وهنا نلاحظ طاعة الشعب في تنفيذ أوامر الله\'a1 وهذا يعطينا شعور بأن بطاعة الله تكتب أسماءنا في سفر الحياة والخلود كما سُجِّلَ هنا طاعة الشعب. ولاحظ تكرار كلمة بحسب ما أمر الرب كثيراً.
خروج,35,97,"الإصحاحات 35 - 40 نجد هنا إعادة لما سبق فخطة الله لا شئ يُعَوِّقها\'a1 والله يريد أن يقيم وسط شعبه وهو سيفعل هذا. بالإضافة لأن الوحي أراد إظهار أن كل شئ تمَّ حسب أمر الله تماماً. وهنا نلاحظ طاعة الشعب في تنفيذ أوامر الله\'a1 وهذا يعطينا شعور بأن بطاعة الله تكتب أسماءنا في سفر الحياة والخلود كما سُجِّلَ هنا طاعة الشعب. ولاحظ تكرار كلمة بحسب ما أمر الرب كثيراً.
خروج,35,98,"الإصحاحات 35 - 40 نجد هنا إعادة لما سبق فخطة الله لا شئ يُعَوِّقها\'a1 والله يريد أن يقيم وسط شعبه وهو سيفعل هذا. بالإضافة لأن الوحي أراد إظهار أن كل شئ تمَّ حسب أمر الله تماماً. وهنا نلاحظ طاعة الشعب في تنفيذ أوامر الله\'a1 وهذا يعطينا شعور بأن بطاعة الله تكتب أسماءنا في سفر الحياة والخلود كما سُجِّلَ هنا طاعة الشعب. ولاحظ تكرار كلمة بحسب ما أمر الرب كثيراً.
خروج,35,99,"الإصحاحات 35 - 40 نجد هنا إعادة لما سبق فخطة الله لا شئ يُعَوِّقها\'a1 والله يريد أن يقيم وسط شعبه وهو سيفعل هذا. بالإضافة لأن الوحي أراد إظهار أن كل شئ تمَّ حسب أمر الله تماماً. وهنا نلاحظ طاعة الشعب في تنفيذ أوامر الله\'a1 وهذا يعطينا شعور بأن بطاعة الله تكتب أسماءنا في سفر الحياة والخلود كما سُجِّلَ هنا طاعة الشعب. ولاحظ تكرار كلمة بحسب ما أمر الرب كثيراً.
خروج,36,1,"( 36:3): ""فاخذوا من قدام موسى كل التقدمة التي جاء بها بنو إسرائيل لصنعة عمل المقدس لكي يصنعوه وهم جاءوا إليه أيضاً بشيء تبرعاً كل صباح.""
خروج,36,2,"( 36:3): ""فاخذوا من قدام موسى كل التقدمة التي جاء بها بنو إسرائيل لصنعة عمل المقدس لكي يصنعوه وهم جاءوا إليه أيضاً بشيء تبرعاً كل صباح.""
خروج,36,3,"( 36:3): ""فاخذوا من قدام موسى كل التقدمة التي جاء بها بنو إسرائيل لصنعة عمل المقدس لكي يصنعوه وهم جاءوا إليه أيضاً بشيء تبرعاً كل صباح.""
خروج,36,4,"( 36:3): ""فاخذوا من قدام موسى كل التقدمة التي جاء بها بنو إسرائيل لصنعة عمل المقدس لكي يصنعوه وهم جاءوا إليه أيضاً بشيء تبرعاً كل صباح.""
خروج,36,5,"( 36:3): ""فاخذوا من قدام موسى كل التقدمة التي جاء بها بنو إسرائيل لصنعة عمل المقدس لكي يصنعوه وهم جاءوا إليه أيضاً بشيء تبرعاً كل صباح.""
خروج,36,6,"( 36:3): ""فاخذوا من قدام موسى كل التقدمة التي جاء بها بنو إسرائيل لصنعة عمل المقدس لكي يصنعوه وهم جاءوا إليه أيضاً بشيء تبرعاً كل صباح.""
خروج,36,7,"( 36:3): ""فاخذوا من قدام موسى كل التقدمة التي جاء بها بنو إسرائيل لصنعة عمل المقدس لكي يصنعوه وهم جاءوا إليه أيضاً بشيء تبرعاً كل صباح.""
خروج,36,8,"( 36:3): ""فاخذوا من قدام موسى كل التقدمة التي جاء بها بنو إسرائيل لصنعة عمل المقدس لكي يصنعوه وهم جاءوا إليه أيضاً بشيء تبرعاً كل صباح.""
خروج,36,9,"( 36:3): ""فاخذوا من قدام موسى كل التقدمة التي جاء بها بنو إسرائيل لصنعة عمل المقدس لكي يصنعوه وهم جاءوا إليه أيضاً بشيء تبرعاً كل صباح.""
خروج,36,10,"( 36:3): ""فاخذوا من قدام موسى كل التقدمة التي جاء بها بنو إسرائيل لصنعة عمل المقدس لكي يصنعوه وهم جاءوا إليه أيضاً بشيء تبرعاً كل صباح.""
خروج,36,11,"( 36:3): ""فاخذوا من قدام موسى كل التقدمة التي جاء بها بنو إسرائيل لصنعة عمل المقدس لكي يصنعوه وهم جاءوا إليه أيضاً بشيء تبرعاً كل صباح.""
خروج,36,12,"( 36:3): ""فاخذوا من قدام موسى كل التقدمة التي جاء بها بنو إسرائيل لصنعة عمل المقدس لكي يصنعوه وهم جاءوا إليه أيضاً بشيء تبرعاً كل صباح.""
خروج,36,13,"( 36:3): ""فاخذوا من قدام موسى كل التقدمة التي جاء بها بنو إسرائيل لصنعة عمل المقدس لكي يصنعوه وهم جاءوا إليه أيضاً بشيء تبرعاً كل صباح.""
خروج,36,14,"( 36:3): ""فاخذوا من قدام موسى كل التقدمة التي جاء بها بنو إسرائيل لصنعة عمل المقدس لكي يصنعوه وهم جاءوا إليه أيضاً بشيء تبرعاً كل صباح.""
خروج,36,15,"( 36:3): ""فاخذوا من قدام موسى كل التقدمة التي جاء بها بنو إسرائيل لصنعة عمل المقدس لكي يصنعوه وهم جاءوا إليه أيضاً بشيء تبرعاً كل صباح.""
خروج,36,16,"( 36:3): ""فاخذوا من قدام موسى كل التقدمة التي جاء بها بنو إسرائيل لصنعة عمل المقدس لكي يصنعوه وهم جاءوا إليه أيضاً بشيء تبرعاً كل صباح.""
خروج,36,17,"( 36:3): ""فاخذوا من قدام موسى كل التقدمة التي جاء بها بنو إسرائيل لصنعة عمل المقدس لكي يصنعوه وهم جاءوا إليه أيضاً بشيء تبرعاً كل صباح.""
خروج,36,18,"( 36:3): ""فاخذوا من قدام موسى كل التقدمة التي جاء بها بنو إسرائيل لصنعة عمل المقدس لكي يصنعوه وهم جاءوا إليه أيضاً بشيء تبرعاً كل صباح.""
خروج,36,19,"( 36:3): ""فاخذوا من قدام موسى كل التقدمة التي جاء بها بنو إسرائيل لصنعة عمل المقدس لكي يصنعوه وهم جاءوا إليه أيضاً بشيء تبرعاً كل صباح.""
خروج,36,20,"( 36:3): ""فاخذوا من قدام موسى كل التقدمة التي جاء بها بنو إسرائيل لصنعة عمل المقدس لكي يصنعوه وهم جاءوا إليه أيضاً بشيء تبرعاً كل صباح.""
خروج,36,21,"( 36:3): ""فاخذوا من قدام موسى كل التقدمة التي جاء بها بنو إسرائيل لصنعة عمل المقدس لكي يصنعوه وهم جاءوا إليه أيضاً بشيء تبرعاً كل صباح.""
خروج,36,22,"( 36:3): ""فاخذوا من قدام موسى كل التقدمة التي جاء بها بنو إسرائيل لصنعة عمل المقدس لكي يصنعوه وهم جاءوا إليه أيضاً بشيء تبرعاً كل صباح.""
خروج,36,23,"( 36:3): ""فاخذوا من قدام موسى كل التقدمة التي جاء بها بنو إسرائيل لصنعة عمل المقدس لكي يصنعوه وهم جاءوا إليه أيضاً بشيء تبرعاً كل صباح.""
خروج,36,24,"( 36:3): ""فاخذوا من قدام موسى كل التقدمة التي جاء بها بنو إسرائيل لصنعة عمل المقدس لكي يصنعوه وهم جاءوا إليه أيضاً بشيء تبرعاً كل صباح.""
خروج,36,25,"( 36:3): ""فاخذوا من قدام موسى كل التقدمة التي جاء بها بنو إسرائيل لصنعة عمل المقدس لكي يصنعوه وهم جاءوا إليه أيضاً بشيء تبرعاً كل صباح.""
خروج,36,26,"( 36:3): ""فاخذوا من قدام موسى كل التقدمة التي جاء بها بنو إسرائيل لصنعة عمل المقدس لكي يصنعوه وهم جاءوا إليه أيضاً بشيء تبرعاً كل صباح.""
خروج,36,27,"( 36:3): ""فاخذوا من قدام موسى كل التقدمة التي جاء بها بنو إسرائيل لصنعة عمل المقدس لكي يصنعوه وهم جاءوا إليه أيضاً بشيء تبرعاً كل صباح.""
خروج,36,28,"( 36:3): ""فاخذوا من قدام موسى كل التقدمة التي جاء بها بنو إسرائيل لصنعة عمل المقدس لكي يصنعوه وهم جاءوا إليه أيضاً بشيء تبرعاً كل صباح.""
خروج,36,29,"( 36:3): ""فاخذوا من قدام موسى كل التقدمة التي جاء بها بنو إسرائيل لصنعة عمل المقدس لكي يصنعوه وهم جاءوا إليه أيضاً بشيء تبرعاً كل صباح.""
خروج,36,30,"( 36:3): ""فاخذوا من قدام موسى كل التقدمة التي جاء بها بنو إسرائيل لصنعة عمل المقدس لكي يصنعوه وهم جاءوا إليه أيضاً بشيء تبرعاً كل صباح.""
خروج,36,31,"( 36:3): ""فاخذوا من قدام موسى كل التقدمة التي جاء بها بنو إسرائيل لصنعة عمل المقدس لكي يصنعوه وهم جاءوا إليه أيضاً بشيء تبرعاً كل صباح.""
خروج,36,32,"( 36:3): ""فاخذوا من قدام موسى كل التقدمة التي جاء بها بنو إسرائيل لصنعة عمل المقدس لكي يصنعوه وهم جاءوا إليه أيضاً بشيء تبرعاً كل صباح.""
خروج,36,33,"( 36:3): ""فاخذوا من قدام موسى كل التقدمة التي جاء بها بنو إسرائيل لصنعة عمل المقدس لكي يصنعوه وهم جاءوا إليه أيضاً بشيء تبرعاً كل صباح.""
خروج,36,34,"( 36:3): ""فاخذوا من قدام موسى كل التقدمة التي جاء بها بنو إسرائيل لصنعة عمل المقدس لكي يصنعوه وهم جاءوا إليه أيضاً بشيء تبرعاً كل صباح.""
خروج,36,35,"( 36:3): ""فاخذوا من قدام موسى كل التقدمة التي جاء بها بنو إسرائيل لصنعة عمل المقدس لكي يصنعوه وهم جاءوا إليه أيضاً بشيء تبرعاً كل صباح.""
خروج,36,36,"( 36:3): ""فاخذوا من قدام موسى كل التقدمة التي جاء بها بنو إسرائيل لصنعة عمل المقدس لكي يصنعوه وهم جاءوا إليه أيضاً بشيء تبرعاً كل صباح.""
خروج,36,37,"( 36:3): ""فاخذوا من قدام موسى كل التقدمة التي جاء بها بنو إسرائيل لصنعة عمل المقدس لكي يصنعوه وهم جاءوا إليه أيضاً بشيء تبرعاً كل صباح.""
خروج,36,38,"( 36:3): ""فاخذوا من قدام موسى كل التقدمة التي جاء بها بنو إسرائيل لصنعة عمل المقدس لكي يصنعوه وهم جاءوا إليه أيضاً بشيء تبرعاً كل صباح.""
خروج,36,39,"( 36:3): ""فاخذوا من قدام موسى كل التقدمة التي جاء بها بنو إسرائيل لصنعة عمل المقدس لكي يصنعوه وهم جاءوا إليه أيضاً بشيء تبرعاً كل صباح.""
خروج,36,40,"( 36:3): ""فاخذوا من قدام موسى كل التقدمة التي جاء بها بنو إسرائيل لصنعة عمل المقدس لكي يصنعوه وهم جاءوا إليه أيضاً بشيء تبرعاً كل صباح.""
خروج,36,41,"( 36:3): ""فاخذوا من قدام موسى كل التقدمة التي جاء بها بنو إسرائيل لصنعة عمل المقدس لكي يصنعوه وهم جاءوا إليه أيضاً بشيء تبرعاً كل صباح.""
خروج,36,42,"( 36:3): ""فاخذوا من قدام موسى كل التقدمة التي جاء بها بنو إسرائيل لصنعة عمل المقدس لكي يصنعوه وهم جاءوا إليه أيضاً بشيء تبرعاً كل صباح.""
خروج,36,43,"( 36:3): ""فاخذوا من قدام موسى كل التقدمة التي جاء بها بنو إسرائيل لصنعة عمل المقدس لكي يصنعوه وهم جاءوا إليه أيضاً بشيء تبرعاً كل صباح.""
خروج,36,44,"( 36:3): ""فاخذوا من قدام موسى كل التقدمة التي جاء بها بنو إسرائيل لصنعة عمل المقدس لكي يصنعوه وهم جاءوا إليه أيضاً بشيء تبرعاً كل صباح.""
خروج,36,45,"( 36:3): ""فاخذوا من قدام موسى كل التقدمة التي جاء بها بنو إسرائيل لصنعة عمل المقدس لكي يصنعوه وهم جاءوا إليه أيضاً بشيء تبرعاً كل صباح.""
خروج,36,46,"( 36:3): ""فاخذوا من قدام موسى كل التقدمة التي جاء بها بنو إسرائيل لصنعة عمل المقدس لكي يصنعوه وهم جاءوا إليه أيضاً بشيء تبرعاً كل صباح.""
خروج,36,47,"( 36:3): ""فاخذوا من قدام موسى كل التقدمة التي جاء بها بنو إسرائيل لصنعة عمل المقدس لكي يصنعوه وهم جاءوا إليه أيضاً بشيء تبرعاً كل صباح.""
خروج,36,48,"( 36:3): ""فاخذوا من قدام موسى كل التقدمة التي جاء بها بنو إسرائيل لصنعة عمل المقدس لكي يصنعوه وهم جاءوا إليه أيضاً بشيء تبرعاً كل صباح.""
خروج,36,49,"( 36:3): ""فاخذوا من قدام موسى كل التقدمة التي جاء بها بنو إسرائيل لصنعة عمل المقدس لكي يصنعوه وهم جاءوا إليه أيضاً بشيء تبرعاً كل صباح.""
خروج,36,50,"( 36:3): ""فاخذوا من قدام موسى كل التقدمة التي جاء بها بنو إسرائيل لصنعة عمل المقدس لكي يصنعوه وهم جاءوا إليه أيضاً بشيء تبرعاً كل صباح.""
خروج,36,51,"( 36:3): ""فاخذوا من قدام موسى كل التقدمة التي جاء بها بنو إسرائيل لصنعة عمل المقدس لكي يصنعوه وهم جاءوا إليه أيضاً بشيء تبرعاً كل صباح.""
خروج,36,52,"( 36:3): ""فاخذوا من قدام موسى كل التقدمة التي جاء بها بنو إسرائيل لصنعة عمل المقدس لكي يصنعوه وهم جاءوا إليه أيضاً بشيء تبرعاً كل صباح.""
خروج,36,53,"( 36:3): ""فاخذوا من قدام موسى كل التقدمة التي جاء بها بنو إسرائيل لصنعة عمل المقدس لكي يصنعوه وهم جاءوا إليه أيضاً بشيء تبرعاً كل صباح.""
خروج,36,54,"( 36:3): ""فاخذوا من قدام موسى كل التقدمة التي جاء بها بنو إسرائيل لصنعة عمل المقدس لكي يصنعوه وهم جاءوا إليه أيضاً بشيء تبرعاً كل صباح.""
خروج,36,55,"( 36:3): ""فاخذوا من قدام موسى كل التقدمة التي جاء بها بنو إسرائيل لصنعة عمل المقدس لكي يصنعوه وهم جاءوا إليه أيضاً بشيء تبرعاً كل صباح.""
خروج,36,56,"( 36:3): ""فاخذوا من قدام موسى كل التقدمة التي جاء بها بنو إسرائيل لصنعة عمل المقدس لكي يصنعوه وهم جاءوا إليه أيضاً بشيء تبرعاً كل صباح.""
خروج,36,57,"( 36:3): ""فاخذوا من قدام موسى كل التقدمة التي جاء بها بنو إسرائيل لصنعة عمل المقدس لكي يصنعوه وهم جاءوا إليه أيضاً بشيء تبرعاً كل صباح.""
خروج,36,58,"( 36:3): ""فاخذوا من قدام موسى كل التقدمة التي جاء بها بنو إسرائيل لصنعة عمل المقدس لكي يصنعوه وهم جاءوا إليه أيضاً بشيء تبرعاً كل صباح.""
خروج,36,59,"( 36:3): ""فاخذوا من قدام موسى كل التقدمة التي جاء بها بنو إسرائيل لصنعة عمل المقدس لكي يصنعوه وهم جاءوا إليه أيضاً بشيء تبرعاً كل صباح.""
خروج,36,60,"( 36:3): ""فاخذوا من قدام موسى كل التقدمة التي جاء بها بنو إسرائيل لصنعة عمل المقدس لكي يصنعوه وهم جاءوا إليه أيضاً بشيء تبرعاً كل صباح.""
خروج,36,61,"( 36:3): ""فاخذوا من قدام موسى كل التقدمة التي جاء بها بنو إسرائيل لصنعة عمل المقدس لكي يصنعوه وهم جاءوا إليه أيضاً بشيء تبرعاً كل صباح.""
خروج,36,62,"( 36:3): ""فاخذوا من قدام موسى كل التقدمة التي جاء بها بنو إسرائيل لصنعة عمل المقدس لكي يصنعوه وهم جاءوا إليه أيضاً بشيء تبرعاً كل صباح.""
خروج,36,63,"( 36:3): ""فاخذوا من قدام موسى كل التقدمة التي جاء بها بنو إسرائيل لصنعة عمل المقدس لكي يصنعوه وهم جاءوا إليه أيضاً بشيء تبرعاً كل صباح.""
خروج,36,64,"( 36:3): ""فاخذوا من قدام موسى كل التقدمة التي جاء بها بنو إسرائيل لصنعة عمل المقدس لكي يصنعوه وهم جاءوا إليه أيضاً بشيء تبرعاً كل صباح.""
خروج,36,65,"( 36:3): ""فاخذوا من قدام موسى كل التقدمة التي جاء بها بنو إسرائيل لصنعة عمل المقدس لكي يصنعوه وهم جاءوا إليه أيضاً بشيء تبرعاً كل صباح.""
خروج,36,66,"( 36:3): ""فاخذوا من قدام موسى كل التقدمة التي جاء بها بنو إسرائيل لصنعة عمل المقدس لكي يصنعوه وهم جاءوا إليه أيضاً بشيء تبرعاً كل صباح.""
خروج,36,67,"( 36:3): ""فاخذوا من قدام موسى كل التقدمة التي جاء بها بنو إسرائيل لصنعة عمل المقدس لكي يصنعوه وهم جاءوا إليه أيضاً بشيء تبرعاً كل صباح.""
خروج,36,68,"( 36:3): ""فاخذوا من قدام موسى كل التقدمة التي جاء بها بنو إسرائيل لصنعة عمل المقدس لكي يصنعوه وهم جاءوا إليه أيضاً بشيء تبرعاً كل صباح.""
خروج,36,69,"( 36:3): ""فاخذوا من قدام موسى كل التقدمة التي جاء بها بنو إسرائيل لصنعة عمل المقدس لكي يصنعوه وهم جاءوا إليه أيضاً بشيء تبرعاً كل صباح.""
خروج,36,70,"( 36:3): ""فاخذوا من قدام موسى كل التقدمة التي جاء بها بنو إسرائيل لصنعة عمل المقدس لكي يصنعوه وهم جاءوا إليه أيضاً بشيء تبرعاً كل صباح.""
خروج,36,71,"( 36:3): ""فاخذوا من قدام موسى كل التقدمة التي جاء بها بنو إسرائيل لصنعة عمل المقدس لكي يصنعوه وهم جاءوا إليه أيضاً بشيء تبرعاً كل صباح.""
خروج,36,72,"( 36:3): ""فاخذوا من قدام موسى كل التقدمة التي جاء بها بنو إسرائيل لصنعة عمل المقدس لكي يصنعوه وهم جاءوا إليه أيضاً بشيء تبرعاً كل صباح.""
خروج,36,73,"( 36:3): ""فاخذوا من قدام موسى كل التقدمة التي جاء بها بنو إسرائيل لصنعة عمل المقدس لكي يصنعوه وهم جاءوا إليه أيضاً بشيء تبرعاً كل صباح.""
خروج,36,74,"( 36:3): ""فاخذوا من قدام موسى كل التقدمة التي جاء بها بنو إسرائيل لصنعة عمل المقدس لكي يصنعوه وهم جاءوا إليه أيضاً بشيء تبرعاً كل صباح.""
خروج,36,75,"( 36:3): ""فاخذوا من قدام موسى كل التقدمة التي جاء بها بنو إسرائيل لصنعة عمل المقدس لكي يصنعوه وهم جاءوا إليه أيضاً بشيء تبرعاً كل صباح.""
خروج,36,76,"( 36:3): ""فاخذوا من قدام موسى كل التقدمة التي جاء بها بنو إسرائيل لصنعة عمل المقدس لكي يصنعوه وهم جاءوا إليه أيضاً بشيء تبرعاً كل صباح.""
خروج,36,77,"( 36:3): ""فاخذوا من قدام موسى كل التقدمة التي جاء بها بنو إسرائيل لصنعة عمل المقدس لكي يصنعوه وهم جاءوا إليه أيضاً بشيء تبرعاً كل صباح.""
خروج,36,78,"( 36:3): ""فاخذوا من قدام موسى كل التقدمة التي جاء بها بنو إسرائيل لصنعة عمل المقدس لكي يصنعوه وهم جاءوا إليه أيضاً بشيء تبرعاً كل صباح.""
خروج,36,79,"( 36:3): ""فاخذوا من قدام موسى كل التقدمة التي جاء بها بنو إسرائيل لصنعة عمل المقدس لكي يصنعوه وهم جاءوا إليه أيضاً بشيء تبرعاً كل صباح.""
خروج,36,80,"( 36:3): ""فاخذوا من قدام موسى كل التقدمة التي جاء بها بنو إسرائيل لصنعة عمل المقدس لكي يصنعوه وهم جاءوا إليه أيضاً بشيء تبرعاً كل صباح.""
خروج,36,81,"( 36:3): ""فاخذوا من قدام موسى كل التقدمة التي جاء بها بنو إسرائيل لصنعة عمل المقدس لكي يصنعوه وهم جاءوا إليه أيضاً بشيء تبرعاً كل صباح.""
خروج,36,82,"( 36:3): ""فاخذوا من قدام موسى كل التقدمة التي جاء بها بنو إسرائيل لصنعة عمل المقدس لكي يصنعوه وهم جاءوا إليه أيضاً بشيء تبرعاً كل صباح.""
خروج,36,83,"( 36:3): ""فاخذوا من قدام موسى كل التقدمة التي جاء بها بنو إسرائيل لصنعة عمل المقدس لكي يصنعوه وهم جاءوا إليه أيضاً بشيء تبرعاً كل صباح.""
خروج,36,84,"( 36:3): ""فاخذوا من قدام موسى كل التقدمة التي جاء بها بنو إسرائيل لصنعة عمل المقدس لكي يصنعوه وهم جاءوا إليه أيضاً بشيء تبرعاً كل صباح.""
خروج,36,85,"( 36:3): ""فاخذوا من قدام موسى كل التقدمة التي جاء بها بنو إسرائيل لصنعة عمل المقدس لكي يصنعوه وهم جاءوا إليه أيضاً بشيء تبرعاً كل صباح.""
خروج,36,86,"( 36:3): ""فاخذوا من قدام موسى كل التقدمة التي جاء بها بنو إسرائيل لصنعة عمل المقدس لكي يصنعوه وهم جاءوا إليه أيضاً بشيء تبرعاً كل صباح.""
خروج,36,87,"( 36:3): ""فاخذوا من قدام موسى كل التقدمة التي جاء بها بنو إسرائيل لصنعة عمل المقدس لكي يصنعوه وهم جاءوا إليه أيضاً بشيء تبرعاً كل صباح.""
خروج,36,88,"( 36:3): ""فاخذوا من قدام موسى كل التقدمة التي جاء بها بنو إسرائيل لصنعة عمل المقدس لكي يصنعوه وهم جاءوا إليه أيضاً بشيء تبرعاً كل صباح.""
خروج,36,89,"( 36:3): ""فاخذوا من قدام موسى كل التقدمة التي جاء بها بنو إسرائيل لصنعة عمل المقدس لكي يصنعوه وهم جاءوا إليه أيضاً بشيء تبرعاً كل صباح.""
خروج,36,90,"( 36:3): ""فاخذوا من قدام موسى كل التقدمة التي جاء بها بنو إسرائيل لصنعة عمل المقدس لكي يصنعوه وهم جاءوا إليه أيضاً بشيء تبرعاً كل صباح.""
خروج,36,91,"( 36:3): ""فاخذوا من قدام موسى كل التقدمة التي جاء بها بنو إسرائيل لصنعة عمل المقدس لكي يصنعوه وهم جاءوا إليه أيضاً بشيء تبرعاً كل صباح.""
خروج,36,92,"( 36:3): ""فاخذوا من قدام موسى كل التقدمة التي جاء بها بنو إسرائيل لصنعة عمل المقدس لكي يصنعوه وهم جاءوا إليه أيضاً بشيء تبرعاً كل صباح.""
خروج,36,93,"( 36:3): ""فاخذوا من قدام موسى كل التقدمة التي جاء بها بنو إسرائيل لصنعة عمل المقدس لكي يصنعوه وهم جاءوا إليه أيضاً بشيء تبرعاً كل صباح.""
خروج,36,94,"( 36:3): ""فاخذوا من قدام موسى كل التقدمة التي جاء بها بنو إسرائيل لصنعة عمل المقدس لكي يصنعوه وهم جاءوا إليه أيضاً بشيء تبرعاً كل صباح.""
خروج,36,95,"( 36:3): ""فاخذوا من قدام موسى كل التقدمة التي جاء بها بنو إسرائيل لصنعة عمل المقدس لكي يصنعوه وهم جاءوا إليه أيضاً بشيء تبرعاً كل صباح.""
خروج,36,96,"( 36:3): ""فاخذوا من قدام موسى كل التقدمة التي جاء بها بنو إسرائيل لصنعة عمل المقدس لكي يصنعوه وهم جاءوا إليه أيضاً بشيء تبرعاً كل صباح.""
خروج,36,97,"( 36:3): ""فاخذوا من قدام موسى كل التقدمة التي جاء بها بنو إسرائيل لصنعة عمل المقدس لكي يصنعوه وهم جاءوا إليه أيضاً بشيء تبرعاً كل صباح.""
خروج,36,98,"( 36:3): ""فاخذوا من قدام موسى كل التقدمة التي جاء بها بنو إسرائيل لصنعة عمل المقدس لكي يصنعوه وهم جاءوا إليه أيضاً بشيء تبرعاً كل صباح.""
خروج,36,99,"( 36:3): ""فاخذوا من قدام موسى كل التقدمة التي جاء بها بنو إسرائيل لصنعة عمل المقدس لكي يصنعوه وهم جاءوا إليه أيضاً بشيء تبرعاً كل صباح.""
خروج,37,1,"الإصحاحات 25 - 40
خروج,37,2,"الإصحاحات 25 - 40
خروج,37,3,"الإصحاحات 25 - 40
خروج,37,4,"الإصحاحات 25 - 40
خروج,37,5,"الإصحاحات 25 - 40
خروج,37,6,"الإصحاحات 25 - 40
خروج,37,7,"الإصحاحات 25 - 40
خروج,37,8,"الإصحاحات 25 - 40
خروج,37,9,"الإصحاحات 25 - 40
خروج,37,10,"الإصحاحات 25 - 40
خروج,37,11,"الإصحاحات 25 - 40
خروج,37,12,"الإصحاحات 25 - 40
خروج,37,13,"الإصحاحات 25 - 40
خروج,37,14,"الإصحاحات 25 - 40
خروج,37,15,"الإصحاحات 25 - 40
خروج,37,16,"الإصحاحات 25 - 40
خروج,37,17,"الإصحاحات 25 - 40
خروج,37,18,"الإصحاحات 25 - 40
خروج,37,19,"الإصحاحات 25 - 40
خروج,37,20,"الإصحاحات 25 - 40
خروج,37,21,"الإصحاحات 25 - 40
خروج,37,22,"الإصحاحات 25 - 40
خروج,37,23,"الإصحاحات 25 - 40
خروج,37,24,"الإصحاحات 25 - 40
خروج,37,25,"الإصحاحات 25 - 40
خروج,37,26,"الإصحاحات 25 - 40
خروج,37,27,"الإصحاحات 25 - 40
خروج,37,28,"الإصحاحات 25 - 40
خروج,37,29,"الإصحاحات 25 - 40
خروج,37,30,"الإصحاحات 25 - 40
خروج,37,31,"الإصحاحات 25 - 40
خروج,37,32,"الإصحاحات 25 - 40
خروج,37,33,"الإصحاحات 25 - 40
خروج,37,34,"الإصحاحات 25 - 40
خروج,37,35,"الإصحاحات 25 - 40
خروج,37,36,"الإصحاحات 25 - 40
خروج,37,37,"الإصحاحات 25 - 40
خروج,37,38,"الإصحاحات 25 - 40
خروج,37,39,"الإصحاحات 25 - 40
خروج,37,40,"الإصحاحات 25 - 40
خروج,37,41,"الإصحاحات 25 - 40
خروج,37,42,"الإصحاحات 25 - 40
خروج,37,43,"الإصحاحات 25 - 40
خروج,37,44,"الإصحاحات 25 - 40
خروج,37,45,"الإصحاحات 25 - 40
خروج,37,46,"الإصحاحات 25 - 40
خروج,37,47,"الإصحاحات 25 - 40
خروج,37,48,"الإصحاحات 25 - 40
خروج,37,49,"الإصحاحات 25 - 40
خروج,37,50,"الإصحاحات 25 - 40
خروج,37,51,"الإصحاحات 25 - 40
خروج,37,52,"الإصحاحات 25 - 40
خروج,37,53,"الإصحاحات 25 - 40
خروج,37,54,"الإصحاحات 25 - 40
خروج,37,55,"الإصحاحات 25 - 40
خروج,37,56,"الإصحاحات 25 - 40
خروج,37,57,"الإصحاحات 25 - 40
خروج,37,58,"الإصحاحات 25 - 40
خروج,37,59,"الإصحاحات 25 - 40
خروج,37,60,"الإصحاحات 25 - 40
خروج,37,61,"الإصحاحات 25 - 40
خروج,37,62,"الإصحاحات 25 - 40
خروج,37,63,"الإصحاحات 25 - 40
خروج,37,64,"الإصحاحات 25 - 40
خروج,37,65,"الإصحاحات 25 - 40
خروج,37,66,"الإصحاحات 25 - 40
خروج,37,67,"الإصحاحات 25 - 40
خروج,37,68,"الإصحاحات 25 - 40
خروج,37,69,"الإصحاحات 25 - 40
خروج,37,70,"الإصحاحات 25 - 40
خروج,37,71,"الإصحاحات 25 - 40
خروج,37,72,"الإصحاحات 25 - 40
خروج,37,73,"الإصحاحات 25 - 40
خروج,37,74,"الإصحاحات 25 - 40
خروج,37,75,"الإصحاحات 25 - 40
خروج,37,76,"الإصحاحات 25 - 40
خروج,37,77,"الإصحاحات 25 - 40
خروج,37,78,"الإصحاحات 25 - 40
خروج,37,79,"الإصحاحات 25 - 40
خروج,37,80,"الإصحاحات 25 - 40
خروج,37,81,"الإصحاحات 25 - 40
خروج,37,82,"الإصحاحات 25 - 40
خروج,37,83,"الإصحاحات 25 - 40
خروج,37,84,"الإصحاحات 25 - 40
خروج,37,85,"الإصحاحات 25 - 40
خروج,37,86,"الإصحاحات 25 - 40
خروج,37,87,"الإصحاحات 25 - 40
خروج,37,88,"الإصحاحات 25 - 40
خروج,37,89,"الإصحاحات 25 - 40
خروج,37,90,"الإصحاحات 25 - 40
خروج,37,91,"الإصحاحات 25 - 40
خروج,37,92,"الإصحاحات 25 - 40
خروج,37,93,"الإصحاحات 25 - 40
خروج,37,94,"الإصحاحات 25 - 40
خروج,37,95,"الإصحاحات 25 - 40
خروج,37,96,"الإصحاحات 25 - 40
خروج,37,97,"الإصحاحات 25 - 40
خروج,37,98,"الإصحاحات 25 - 40
خروج,37,99,"الإصحاحات 25 - 40
خروج,38,1,"( 38:26): ""للرأس نصف نصف الشاقل بشاقل المقدس لكل من اجتاز إلى المعدودين من ابن عشرين سنة فصاعداً لست مئة ألف وثلاثة آلاف وخمس مئة وخمسين.""
خروج,38,2,"( 38:26): ""للرأس نصف نصف الشاقل بشاقل المقدس لكل من اجتاز إلى المعدودين من ابن عشرين سنة فصاعداً لست مئة ألف وثلاثة آلاف وخمس مئة وخمسين.""
خروج,38,3,"( 38:26): ""للرأس نصف نصف الشاقل بشاقل المقدس لكل من اجتاز إلى المعدودين من ابن عشرين سنة فصاعداً لست مئة ألف وثلاثة آلاف وخمس مئة وخمسين.""
خروج,38,4,"( 38:26): ""للرأس نصف نصف الشاقل بشاقل المقدس لكل من اجتاز إلى المعدودين من ابن عشرين سنة فصاعداً لست مئة ألف وثلاثة آلاف وخمس مئة وخمسين.""
خروج,38,5,"( 38:26): ""للرأس نصف نصف الشاقل بشاقل المقدس لكل من اجتاز إلى المعدودين من ابن عشرين سنة فصاعداً لست مئة ألف وثلاثة آلاف وخمس مئة وخمسين.""
خروج,38,6,"( 38:26): ""للرأس نصف نصف الشاقل بشاقل المقدس لكل من اجتاز إلى المعدودين من ابن عشرين سنة فصاعداً لست مئة ألف وثلاثة آلاف وخمس مئة وخمسين.""
خروج,38,7,"( 38:26): ""للرأس نصف نصف الشاقل بشاقل المقدس لكل من اجتاز إلى المعدودين من ابن عشرين سنة فصاعداً لست مئة ألف وثلاثة آلاف وخمس مئة وخمسين.""
خروج,38,8,"( 38:26): ""للرأس نصف نصف الشاقل بشاقل المقدس لكل من اجتاز إلى المعدودين من ابن عشرين سنة فصاعداً لست مئة ألف وثلاثة آلاف وخمس مئة وخمسين.""
خروج,38,9,"( 38:26): ""للرأس نصف نصف الشاقل بشاقل المقدس لكل من اجتاز إلى المعدودين من ابن عشرين سنة فصاعداً لست مئة ألف وثلاثة آلاف وخمس مئة وخمسين.""
خروج,38,10,"( 38:26): ""للرأس نصف نصف الشاقل بشاقل المقدس لكل من اجتاز إلى المعدودين من ابن عشرين سنة فصاعداً لست مئة ألف وثلاثة آلاف وخمس مئة وخمسين.""
خروج,38,11,"( 38:26): ""للرأس نصف نصف الشاقل بشاقل المقدس لكل من اجتاز إلى المعدودين من ابن عشرين سنة فصاعداً لست مئة ألف وثلاثة آلاف وخمس مئة وخمسين.""
خروج,38,12,"( 38:26): ""للرأس نصف نصف الشاقل بشاقل المقدس لكل من اجتاز إلى المعدودين من ابن عشرين سنة فصاعداً لست مئة ألف وثلاثة آلاف وخمس مئة وخمسين.""
خروج,38,13,"( 38:26): ""للرأس نصف نصف الشاقل بشاقل المقدس لكل من اجتاز إلى المعدودين من ابن عشرين سنة فصاعداً لست مئة ألف وثلاثة آلاف وخمس مئة وخمسين.""
خروج,38,14,"( 38:26): ""للرأس نصف نصف الشاقل بشاقل المقدس لكل من اجتاز إلى المعدودين من ابن عشرين سنة فصاعداً لست مئة ألف وثلاثة آلاف وخمس مئة وخمسين.""
خروج,38,15,"( 38:26): ""للرأس نصف نصف الشاقل بشاقل المقدس لكل من اجتاز إلى المعدودين من ابن عشرين سنة فصاعداً لست مئة ألف وثلاثة آلاف وخمس مئة وخمسين.""
خروج,38,16,"( 38:26): ""للرأس نصف نصف الشاقل بشاقل المقدس لكل من اجتاز إلى المعدودين من ابن عشرين سنة فصاعداً لست مئة ألف وثلاثة آلاف وخمس مئة وخمسين.""
خروج,38,17,"( 38:26): ""للرأس نصف نصف الشاقل بشاقل المقدس لكل من اجتاز إلى المعدودين من ابن عشرين سنة فصاعداً لست مئة ألف وثلاثة آلاف وخمس مئة وخمسين.""
خروج,38,18,"( 38:26): ""للرأس نصف نصف الشاقل بشاقل المقدس لكل من اجتاز إلى المعدودين من ابن عشرين سنة فصاعداً لست مئة ألف وثلاثة آلاف وخمس مئة وخمسين.""
خروج,38,19,"( 38:26): ""للرأس نصف نصف الشاقل بشاقل المقدس لكل من اجتاز إلى المعدودين من ابن عشرين سنة فصاعداً لست مئة ألف وثلاثة آلاف وخمس مئة وخمسين.""
خروج,38,20,"( 38:26): ""للرأس نصف نصف الشاقل بشاقل المقدس لكل من اجتاز إلى المعدودين من ابن عشرين سنة فصاعداً لست مئة ألف وثلاثة آلاف وخمس مئة وخمسين.""
خروج,38,21,"( 38:26): ""للرأس نصف نصف الشاقل بشاقل المقدس لكل من اجتاز إلى المعدودين من ابن عشرين سنة فصاعداً لست مئة ألف وثلاثة آلاف وخمس مئة وخمسين.""
خروج,38,22,"( 38:26): ""للرأس نصف نصف الشاقل بشاقل المقدس لكل من اجتاز إلى المعدودين من ابن عشرين سنة فصاعداً لست مئة ألف وثلاثة آلاف وخمس مئة وخمسين.""
خروج,38,23,"( 38:26): ""للرأس نصف نصف الشاقل بشاقل المقدس لكل من اجتاز إلى المعدودين من ابن عشرين سنة فصاعداً لست مئة ألف وثلاثة آلاف وخمس مئة وخمسين.""
خروج,38,24,"( 38:26): ""للرأس نصف نصف الشاقل بشاقل المقدس لكل من اجتاز إلى المعدودين من ابن عشرين سنة فصاعداً لست مئة ألف وثلاثة آلاف وخمس مئة وخمسين.""
خروج,38,25,"( 38:26): ""للرأس نصف نصف الشاقل بشاقل المقدس لكل من اجتاز إلى المعدودين من ابن عشرين سنة فصاعداً لست مئة ألف وثلاثة آلاف وخمس مئة وخمسين.""
خروج,38,26,"( 38:26): ""للرأس نصف نصف الشاقل بشاقل المقدس لكل من اجتاز إلى المعدودين من ابن عشرين سنة فصاعداً لست مئة ألف وثلاثة آلاف وخمس مئة وخمسين.""
خروج,38,27,"( 38:26): ""للرأس نصف نصف الشاقل بشاقل المقدس لكل من اجتاز إلى المعدودين من ابن عشرين سنة فصاعداً لست مئة ألف وثلاثة آلاف وخمس مئة وخمسين.""
خروج,38,28,"( 38:26): ""للرأس نصف نصف الشاقل بشاقل المقدس لكل من اجتاز إلى المعدودين من ابن عشرين سنة فصاعداً لست مئة ألف وثلاثة آلاف وخمس مئة وخمسين.""
خروج,38,29,"( 38:26): ""للرأس نصف نصف الشاقل بشاقل المقدس لكل من اجتاز إلى المعدودين من ابن عشرين سنة فصاعداً لست مئة ألف وثلاثة آلاف وخمس مئة وخمسين.""
خروج,38,30,"( 38:26): ""للرأس نصف نصف الشاقل بشاقل المقدس لكل من اجتاز إلى المعدودين من ابن عشرين سنة فصاعداً لست مئة ألف وثلاثة آلاف وخمس مئة وخمسين.""
خروج,38,31,"( 38:26): ""للرأس نصف نصف الشاقل بشاقل المقدس لكل من اجتاز إلى المعدودين من ابن عشرين سنة فصاعداً لست مئة ألف وثلاثة آلاف وخمس مئة وخمسين.""
خروج,38,32,"( 38:26): ""للرأس نصف نصف الشاقل بشاقل المقدس لكل من اجتاز إلى المعدودين من ابن عشرين سنة فصاعداً لست مئة ألف وثلاثة آلاف وخمس مئة وخمسين.""
خروج,38,33,"( 38:26): ""للرأس نصف نصف الشاقل بشاقل المقدس لكل من اجتاز إلى المعدودين من ابن عشرين سنة فصاعداً لست مئة ألف وثلاثة آلاف وخمس مئة وخمسين.""
خروج,38,34,"( 38:26): ""للرأس نصف نصف الشاقل بشاقل المقدس لكل من اجتاز إلى المعدودين من ابن عشرين سنة فصاعداً لست مئة ألف وثلاثة آلاف وخمس مئة وخمسين.""
خروج,38,35,"( 38:26): ""للرأس نصف نصف الشاقل بشاقل المقدس لكل من اجتاز إلى المعدودين من ابن عشرين سنة فصاعداً لست مئة ألف وثلاثة آلاف وخمس مئة وخمسين.""
خروج,38,36,"( 38:26): ""للرأس نصف نصف الشاقل بشاقل المقدس لكل من اجتاز إلى المعدودين من ابن عشرين سنة فصاعداً لست مئة ألف وثلاثة آلاف وخمس مئة وخمسين.""
خروج,38,37,"( 38:26): ""للرأس نصف نصف الشاقل بشاقل المقدس لكل من اجتاز إلى المعدودين من ابن عشرين سنة فصاعداً لست مئة ألف وثلاثة آلاف وخمس مئة وخمسين.""
خروج,38,38,"( 38:26): ""للرأس نصف نصف الشاقل بشاقل المقدس لكل من اجتاز إلى المعدودين من ابن عشرين سنة فصاعداً لست مئة ألف وثلاثة آلاف وخمس مئة وخمسين.""
خروج,38,39,"( 38:26): ""للرأس نصف نصف الشاقل بشاقل المقدس لكل من اجتاز إلى المعدودين من ابن عشرين سنة فصاعداً لست مئة ألف وثلاثة آلاف وخمس مئة وخمسين.""
خروج,38,40,"( 38:26): ""للرأس نصف نصف الشاقل بشاقل المقدس لكل من اجتاز إلى المعدودين من ابن عشرين سنة فصاعداً لست مئة ألف وثلاثة آلاف وخمس مئة وخمسين.""
خروج,38,41,"( 38:26): ""للرأس نصف نصف الشاقل بشاقل المقدس لكل من اجتاز إلى المعدودين من ابن عشرين سنة فصاعداً لست مئة ألف وثلاثة آلاف وخمس مئة وخمسين.""
خروج,38,42,"( 38:26): ""للرأس نصف نصف الشاقل بشاقل المقدس لكل من اجتاز إلى المعدودين من ابن عشرين سنة فصاعداً لست مئة ألف وثلاثة آلاف وخمس مئة وخمسين.""
خروج,38,43,"( 38:26): ""للرأس نصف نصف الشاقل بشاقل المقدس لكل من اجتاز إلى المعدودين من ابن عشرين سنة فصاعداً لست مئة ألف وثلاثة آلاف وخمس مئة وخمسين.""
خروج,38,44,"( 38:26): ""للرأس نصف نصف الشاقل بشاقل المقدس لكل من اجتاز إلى المعدودين من ابن عشرين سنة فصاعداً لست مئة ألف وثلاثة آلاف وخمس مئة وخمسين.""
خروج,38,45,"( 38:26): ""للرأس نصف نصف الشاقل بشاقل المقدس لكل من اجتاز إلى المعدودين من ابن عشرين سنة فصاعداً لست مئة ألف وثلاثة آلاف وخمس مئة وخمسين.""
خروج,38,46,"( 38:26): ""للرأس نصف نصف الشاقل بشاقل المقدس لكل من اجتاز إلى المعدودين من ابن عشرين سنة فصاعداً لست مئة ألف وثلاثة آلاف وخمس مئة وخمسين.""
خروج,38,47,"( 38:26): ""للرأس نصف نصف الشاقل بشاقل المقدس لكل من اجتاز إلى المعدودين من ابن عشرين سنة فصاعداً لست مئة ألف وثلاثة آلاف وخمس مئة وخمسين.""
خروج,38,48,"( 38:26): ""للرأس نصف نصف الشاقل بشاقل المقدس لكل من اجتاز إلى المعدودين من ابن عشرين سنة فصاعداً لست مئة ألف وثلاثة آلاف وخمس مئة وخمسين.""
خروج,38,49,"( 38:26): ""للرأس نصف نصف الشاقل بشاقل المقدس لكل من اجتاز إلى المعدودين من ابن عشرين سنة فصاعداً لست مئة ألف وثلاثة آلاف وخمس مئة وخمسين.""
خروج,38,50,"( 38:26): ""للرأس نصف نصف الشاقل بشاقل المقدس لكل من اجتاز إلى المعدودين من ابن عشرين سنة فصاعداً لست مئة ألف وثلاثة آلاف وخمس مئة وخمسين.""
خروج,38,51,"( 38:26): ""للرأس نصف نصف الشاقل بشاقل المقدس لكل من اجتاز إلى المعدودين من ابن عشرين سنة فصاعداً لست مئة ألف وثلاثة آلاف وخمس مئة وخمسين.""
خروج,38,52,"( 38:26): ""للرأس نصف نصف الشاقل بشاقل المقدس لكل من اجتاز إلى المعدودين من ابن عشرين سنة فصاعداً لست مئة ألف وثلاثة آلاف وخمس مئة وخمسين.""
خروج,38,53,"( 38:26): ""للرأس نصف نصف الشاقل بشاقل المقدس لكل من اجتاز إلى المعدودين من ابن عشرين سنة فصاعداً لست مئة ألف وثلاثة آلاف وخمس مئة وخمسين.""
خروج,38,54,"( 38:26): ""للرأس نصف نصف الشاقل بشاقل المقدس لكل من اجتاز إلى المعدودين من ابن عشرين سنة فصاعداً لست مئة ألف وثلاثة آلاف وخمس مئة وخمسين.""
خروج,38,55,"( 38:26): ""للرأس نصف نصف الشاقل بشاقل المقدس لكل من اجتاز إلى المعدودين من ابن عشرين سنة فصاعداً لست مئة ألف وثلاثة آلاف وخمس مئة وخمسين.""
خروج,38,56,"( 38:26): ""للرأس نصف نصف الشاقل بشاقل المقدس لكل من اجتاز إلى المعدودين من ابن عشرين سنة فصاعداً لست مئة ألف وثلاثة آلاف وخمس مئة وخمسين.""
خروج,38,57,"( 38:26): ""للرأس نصف نصف الشاقل بشاقل المقدس لكل من اجتاز إلى المعدودين من ابن عشرين سنة فصاعداً لست مئة ألف وثلاثة آلاف وخمس مئة وخمسين.""
خروج,38,58,"( 38:26): ""للرأس نصف نصف الشاقل بشاقل المقدس لكل من اجتاز إلى المعدودين من ابن عشرين سنة فصاعداً لست مئة ألف وثلاثة آلاف وخمس مئة وخمسين.""
خروج,38,59,"( 38:26): ""للرأس نصف نصف الشاقل بشاقل المقدس لكل من اجتاز إلى المعدودين من ابن عشرين سنة فصاعداً لست مئة ألف وثلاثة آلاف وخمس مئة وخمسين.""
خروج,38,60,"( 38:26): ""للرأس نصف نصف الشاقل بشاقل المقدس لكل من اجتاز إلى المعدودين من ابن عشرين سنة فصاعداً لست مئة ألف وثلاثة آلاف وخمس مئة وخمسين.""
خروج,38,61,"( 38:26): ""للرأس نصف نصف الشاقل بشاقل المقدس لكل من اجتاز إلى المعدودين من ابن عشرين سنة فصاعداً لست مئة ألف وثلاثة آلاف وخمس مئة وخمسين.""
خروج,38,62,"( 38:26): ""للرأس نصف نصف الشاقل بشاقل المقدس لكل من اجتاز إلى المعدودين من ابن عشرين سنة فصاعداً لست مئة ألف وثلاثة آلاف وخمس مئة وخمسين.""
خروج,38,63,"( 38:26): ""للرأس نصف نصف الشاقل بشاقل المقدس لكل من اجتاز إلى المعدودين من ابن عشرين سنة فصاعداً لست مئة ألف وثلاثة آلاف وخمس مئة وخمسين.""
خروج,38,64,"( 38:26): ""للرأس نصف نصف الشاقل بشاقل المقدس لكل من اجتاز إلى المعدودين من ابن عشرين سنة فصاعداً لست مئة ألف وثلاثة آلاف وخمس مئة وخمسين.""
خروج,38,65,"( 38:26): ""للرأس نصف نصف الشاقل بشاقل المقدس لكل من اجتاز إلى المعدودين من ابن عشرين سنة فصاعداً لست مئة ألف وثلاثة آلاف وخمس مئة وخمسين.""
خروج,38,66,"( 38:26): ""للرأس نصف نصف الشاقل بشاقل المقدس لكل من اجتاز إلى المعدودين من ابن عشرين سنة فصاعداً لست مئة ألف وثلاثة آلاف وخمس مئة وخمسين.""
خروج,38,67,"( 38:26): ""للرأس نصف نصف الشاقل بشاقل المقدس لكل من اجتاز إلى المعدودين من ابن عشرين سنة فصاعداً لست مئة ألف وثلاثة آلاف وخمس مئة وخمسين.""
خروج,38,68,"( 38:26): ""للرأس نصف نصف الشاقل بشاقل المقدس لكل من اجتاز إلى المعدودين من ابن عشرين سنة فصاعداً لست مئة ألف وثلاثة آلاف وخمس مئة وخمسين.""
خروج,38,69,"( 38:26): ""للرأس نصف نصف الشاقل بشاقل المقدس لكل من اجتاز إلى المعدودين من ابن عشرين سنة فصاعداً لست مئة ألف وثلاثة آلاف وخمس مئة وخمسين.""
خروج,38,70,"( 38:26): ""للرأس نصف نصف الشاقل بشاقل المقدس لكل من اجتاز إلى المعدودين من ابن عشرين سنة فصاعداً لست مئة ألف وثلاثة آلاف وخمس مئة وخمسين.""
خروج,38,71,"( 38:26): ""للرأس نصف نصف الشاقل بشاقل المقدس لكل من اجتاز إلى المعدودين من ابن عشرين سنة فصاعداً لست مئة ألف وثلاثة آلاف وخمس مئة وخمسين.""
خروج,38,72,"( 38:26): ""للرأس نصف نصف الشاقل بشاقل المقدس لكل من اجتاز إلى المعدودين من ابن عشرين سنة فصاعداً لست مئة ألف وثلاثة آلاف وخمس مئة وخمسين.""
خروج,38,73,"( 38:26): ""للرأس نصف نصف الشاقل بشاقل المقدس لكل من اجتاز إلى المعدودين من ابن عشرين سنة فصاعداً لست مئة ألف وثلاثة آلاف وخمس مئة وخمسين.""
خروج,38,74,"( 38:26): ""للرأس نصف نصف الشاقل بشاقل المقدس لكل من اجتاز إلى المعدودين من ابن عشرين سنة فصاعداً لست مئة ألف وثلاثة آلاف وخمس مئة وخمسين.""
خروج,38,75,"( 38:26): ""للرأس نصف نصف الشاقل بشاقل المقدس لكل من اجتاز إلى المعدودين من ابن عشرين سنة فصاعداً لست مئة ألف وثلاثة آلاف وخمس مئة وخمسين.""
خروج,38,76,"( 38:26): ""للرأس نصف نصف الشاقل بشاقل المقدس لكل من اجتاز إلى المعدودين من ابن عشرين سنة فصاعداً لست مئة ألف وثلاثة آلاف وخمس مئة وخمسين.""
خروج,38,77,"( 38:26): ""للرأس نصف نصف الشاقل بشاقل المقدس لكل من اجتاز إلى المعدودين من ابن عشرين سنة فصاعداً لست مئة ألف وثلاثة آلاف وخمس مئة وخمسين.""
خروج,38,78,"( 38:26): ""للرأس نصف نصف الشاقل بشاقل المقدس لكل من اجتاز إلى المعدودين من ابن عشرين سنة فصاعداً لست مئة ألف وثلاثة آلاف وخمس مئة وخمسين.""
خروج,38,79,"( 38:26): ""للرأس نصف نصف الشاقل بشاقل المقدس لكل من اجتاز إلى المعدودين من ابن عشرين سنة فصاعداً لست مئة ألف وثلاثة آلاف وخمس مئة وخمسين.""
خروج,38,80,"( 38:26): ""للرأس نصف نصف الشاقل بشاقل المقدس لكل من اجتاز إلى المعدودين من ابن عشرين سنة فصاعداً لست مئة ألف وثلاثة آلاف وخمس مئة وخمسين.""
خروج,38,81,"( 38:26): ""للرأس نصف نصف الشاقل بشاقل المقدس لكل من اجتاز إلى المعدودين من ابن عشرين سنة فصاعداً لست مئة ألف وثلاثة آلاف وخمس مئة وخمسين.""
خروج,38,82,"( 38:26): ""للرأس نصف نصف الشاقل بشاقل المقدس لكل من اجتاز إلى المعدودين من ابن عشرين سنة فصاعداً لست مئة ألف وثلاثة آلاف وخمس مئة وخمسين.""
خروج,38,83,"( 38:26): ""للرأس نصف نصف الشاقل بشاقل المقدس لكل من اجتاز إلى المعدودين من ابن عشرين سنة فصاعداً لست مئة ألف وثلاثة آلاف وخمس مئة وخمسين.""
خروج,38,84,"( 38:26): ""للرأس نصف نصف الشاقل بشاقل المقدس لكل من اجتاز إلى المعدودين من ابن عشرين سنة فصاعداً لست مئة ألف وثلاثة آلاف وخمس مئة وخمسين.""
خروج,38,85,"( 38:26): ""للرأس نصف نصف الشاقل بشاقل المقدس لكل من اجتاز إلى المعدودين من ابن عشرين سنة فصاعداً لست مئة ألف وثلاثة آلاف وخمس مئة وخمسين.""
خروج,38,86,"( 38:26): ""للرأس نصف نصف الشاقل بشاقل المقدس لكل من اجتاز إلى المعدودين من ابن عشرين سنة فصاعداً لست مئة ألف وثلاثة آلاف وخمس مئة وخمسين.""
خروج,38,87,"( 38:26): ""للرأس نصف نصف الشاقل بشاقل المقدس لكل من اجتاز إلى المعدودين من ابن عشرين سنة فصاعداً لست مئة ألف وثلاثة آلاف وخمس مئة وخمسين.""
خروج,38,88,"( 38:26): ""للرأس نصف نصف الشاقل بشاقل المقدس لكل من اجتاز إلى المعدودين من ابن عشرين سنة فصاعداً لست مئة ألف وثلاثة آلاف وخمس مئة وخمسين.""
خروج,38,89,"( 38:26): ""للرأس نصف نصف الشاقل بشاقل المقدس لكل من اجتاز إلى المعدودين من ابن عشرين سنة فصاعداً لست مئة ألف وثلاثة آلاف وخمس مئة وخمسين.""
خروج,38,90,"( 38:26): ""للرأس نصف نصف الشاقل بشاقل المقدس لكل من اجتاز إلى المعدودين من ابن عشرين سنة فصاعداً لست مئة ألف وثلاثة آلاف وخمس مئة وخمسين.""
خروج,38,91,"( 38:26): ""للرأس نصف نصف الشاقل بشاقل المقدس لكل من اجتاز إلى المعدودين من ابن عشرين سنة فصاعداً لست مئة ألف وثلاثة آلاف وخمس مئة وخمسين.""
خروج,38,92,"( 38:26): ""للرأس نصف نصف الشاقل بشاقل المقدس لكل من اجتاز إلى المعدودين من ابن عشرين سنة فصاعداً لست مئة ألف وثلاثة آلاف وخمس مئة وخمسين.""
خروج,38,93,"( 38:26): ""للرأس نصف نصف الشاقل بشاقل المقدس لكل من اجتاز إلى المعدودين من ابن عشرين سنة فصاعداً لست مئة ألف وثلاثة آلاف وخمس مئة وخمسين.""
خروج,38,94,"( 38:26): ""للرأس نصف نصف الشاقل بشاقل المقدس لكل من اجتاز إلى المعدودين من ابن عشرين سنة فصاعداً لست مئة ألف وثلاثة آلاف وخمس مئة وخمسين.""
خروج,38,95,"( 38:26): ""للرأس نصف نصف الشاقل بشاقل المقدس لكل من اجتاز إلى المعدودين من ابن عشرين سنة فصاعداً لست مئة ألف وثلاثة آلاف وخمس مئة وخمسين.""
خروج,38,96,"( 38:26): ""للرأس نصف نصف الشاقل بشاقل المقدس لكل من اجتاز إلى المعدودين من ابن عشرين سنة فصاعداً لست مئة ألف وثلاثة آلاف وخمس مئة وخمسين.""
خروج,38,97,"( 38:26): ""للرأس نصف نصف الشاقل بشاقل المقدس لكل من اجتاز إلى المعدودين من ابن عشرين سنة فصاعداً لست مئة ألف وثلاثة آلاف وخمس مئة وخمسين.""
خروج,38,98,"( 38:26): ""للرأس نصف نصف الشاقل بشاقل المقدس لكل من اجتاز إلى المعدودين من ابن عشرين سنة فصاعداً لست مئة ألف وثلاثة آلاف وخمس مئة وخمسين.""
خروج,38,99,"( 38:26): ""للرأس نصف نصف الشاقل بشاقل المقدس لكل من اجتاز إلى المعدودين من ابن عشرين سنة فصاعداً لست مئة ألف وثلاثة آلاف وخمس مئة وخمسين.""
خروج,39,1,"خيمة الاجتماع · من كان يصدق أن هذه الخيمة البسيطة المسقوفة بجلود تخس وشعر معزى المقامة على عصى وأوتدة\'a1 المحمولة على الظهور والأكتاف تحوى في ظاهرها وفي باطنها سر الكنيسة وخلاص العالم.
خروج,39,2,"خيمة الاجتماع · من كان يصدق أن هذه الخيمة البسيطة المسقوفة بجلود تخس وشعر معزى المقامة على عصى وأوتدة\'a1 المحمولة على الظهور والأكتاف تحوى في ظاهرها وفي باطنها سر الكنيسة وخلاص العالم.
خروج,39,3,"خيمة الاجتماع · من كان يصدق أن هذه الخيمة البسيطة المسقوفة بجلود تخس وشعر معزى المقامة على عصى وأوتدة\'a1 المحمولة على الظهور والأكتاف تحوى في ظاهرها وفي باطنها سر الكنيسة وخلاص العالم.
خروج,39,4,"خيمة الاجتماع · من كان يصدق أن هذه الخيمة البسيطة المسقوفة بجلود تخس وشعر معزى المقامة على عصى وأوتدة\'a1 المحمولة على الظهور والأكتاف تحوى في ظاهرها وفي باطنها سر الكنيسة وخلاص العالم.
خروج,39,5,"خيمة الاجتماع · من كان يصدق أن هذه الخيمة البسيطة المسقوفة بجلود تخس وشعر معزى المقامة على عصى وأوتدة\'a1 المحمولة على الظهور والأكتاف تحوى في ظاهرها وفي باطنها سر الكنيسة وخلاص العالم.
خروج,39,6,"خيمة الاجتماع · من كان يصدق أن هذه الخيمة البسيطة المسقوفة بجلود تخس وشعر معزى المقامة على عصى وأوتدة\'a1 المحمولة على الظهور والأكتاف تحوى في ظاهرها وفي باطنها سر الكنيسة وخلاص العالم.
خروج,39,7,"خيمة الاجتماع · من كان يصدق أن هذه الخيمة البسيطة المسقوفة بجلود تخس وشعر معزى المقامة على عصى وأوتدة\'a1 المحمولة على الظهور والأكتاف تحوى في ظاهرها وفي باطنها سر الكنيسة وخلاص العالم.
خروج,39,8,"خيمة الاجتماع · من كان يصدق أن هذه الخيمة البسيطة المسقوفة بجلود تخس وشعر معزى المقامة على عصى وأوتدة\'a1 المحمولة على الظهور والأكتاف تحوى في ظاهرها وفي باطنها سر الكنيسة وخلاص العالم.
خروج,39,9,"خيمة الاجتماع · من كان يصدق أن هذه الخيمة البسيطة المسقوفة بجلود تخس وشعر معزى المقامة على عصى وأوتدة\'a1 المحمولة على الظهور والأكتاف تحوى في ظاهرها وفي باطنها سر الكنيسة وخلاص العالم.
خروج,39,10,"خيمة الاجتماع · من كان يصدق أن هذه الخيمة البسيطة المسقوفة بجلود تخس وشعر معزى المقامة على عصى وأوتدة\'a1 المحمولة على الظهور والأكتاف تحوى في ظاهرها وفي باطنها سر الكنيسة وخلاص العالم.
خروج,39,11,"خيمة الاجتماع · من كان يصدق أن هذه الخيمة البسيطة المسقوفة بجلود تخس وشعر معزى المقامة على عصى وأوتدة\'a1 المحمولة على الظهور والأكتاف تحوى في ظاهرها وفي باطنها سر الكنيسة وخلاص العالم.
خروج,39,12,"خيمة الاجتماع · من كان يصدق أن هذه الخيمة البسيطة المسقوفة بجلود تخس وشعر معزى المقامة على عصى وأوتدة\'a1 المحمولة على الظهور والأكتاف تحوى في ظاهرها وفي باطنها سر الكنيسة وخلاص العالم.
خروج,39,13,"خيمة الاجتماع · من كان يصدق أن هذه الخيمة البسيطة المسقوفة بجلود تخس وشعر معزى المقامة على عصى وأوتدة\'a1 المحمولة على الظهور والأكتاف تحوى في ظاهرها وفي باطنها سر الكنيسة وخلاص العالم.
خروج,39,14,"خيمة الاجتماع · من كان يصدق أن هذه الخيمة البسيطة المسقوفة بجلود تخس وشعر معزى المقامة على عصى وأوتدة\'a1 المحمولة على الظهور والأكتاف تحوى في ظاهرها وفي باطنها سر الكنيسة وخلاص العالم.
خروج,39,15,"خيمة الاجتماع · من كان يصدق أن هذه الخيمة البسيطة المسقوفة بجلود تخس وشعر معزى المقامة على عصى وأوتدة\'a1 المحمولة على الظهور والأكتاف تحوى في ظاهرها وفي باطنها سر الكنيسة وخلاص العالم.
خروج,39,16,"خيمة الاجتماع · من كان يصدق أن هذه الخيمة البسيطة المسقوفة بجلود تخس وشعر معزى المقامة على عصى وأوتدة\'a1 المحمولة على الظهور والأكتاف تحوى في ظاهرها وفي باطنها سر الكنيسة وخلاص العالم.
خروج,39,17,"خيمة الاجتماع · من كان يصدق أن هذه الخيمة البسيطة المسقوفة بجلود تخس وشعر معزى المقامة على عصى وأوتدة\'a1 المحمولة على الظهور والأكتاف تحوى في ظاهرها وفي باطنها سر الكنيسة وخلاص العالم.
خروج,39,18,"خيمة الاجتماع · من كان يصدق أن هذه الخيمة البسيطة المسقوفة بجلود تخس وشعر معزى المقامة على عصى وأوتدة\'a1 المحمولة على الظهور والأكتاف تحوى في ظاهرها وفي باطنها سر الكنيسة وخلاص العالم.
خروج,39,19,"خيمة الاجتماع · من كان يصدق أن هذه الخيمة البسيطة المسقوفة بجلود تخس وشعر معزى المقامة على عصى وأوتدة\'a1 المحمولة على الظهور والأكتاف تحوى في ظاهرها وفي باطنها سر الكنيسة وخلاص العالم.
خروج,39,20,"خيمة الاجتماع · من كان يصدق أن هذه الخيمة البسيطة المسقوفة بجلود تخس وشعر معزى المقامة على عصى وأوتدة\'a1 المحمولة على الظهور والأكتاف تحوى في ظاهرها وفي باطنها سر الكنيسة وخلاص العالم.
خروج,39,21,"خيمة الاجتماع · من كان يصدق أن هذه الخيمة البسيطة المسقوفة بجلود تخس وشعر معزى المقامة على عصى وأوتدة\'a1 المحمولة على الظهور والأكتاف تحوى في ظاهرها وفي باطنها سر الكنيسة وخلاص العالم.
خروج,39,22,"خيمة الاجتماع · من كان يصدق أن هذه الخيمة البسيطة المسقوفة بجلود تخس وشعر معزى المقامة على عصى وأوتدة\'a1 المحمولة على الظهور والأكتاف تحوى في ظاهرها وفي باطنها سر الكنيسة وخلاص العالم.
خروج,39,23,"خيمة الاجتماع · من كان يصدق أن هذه الخيمة البسيطة المسقوفة بجلود تخس وشعر معزى المقامة على عصى وأوتدة\'a1 المحمولة على الظهور والأكتاف تحوى في ظاهرها وفي باطنها سر الكنيسة وخلاص العالم.
خروج,39,24,"خيمة الاجتماع · من كان يصدق أن هذه الخيمة البسيطة المسقوفة بجلود تخس وشعر معزى المقامة على عصى وأوتدة\'a1 المحمولة على الظهور والأكتاف تحوى في ظاهرها وفي باطنها سر الكنيسة وخلاص العالم.
خروج,39,25,"خيمة الاجتماع · من كان يصدق أن هذه الخيمة البسيطة المسقوفة بجلود تخس وشعر معزى المقامة على عصى وأوتدة\'a1 المحمولة على الظهور والأكتاف تحوى في ظاهرها وفي باطنها سر الكنيسة وخلاص العالم.
خروج,39,26,"خيمة الاجتماع · من كان يصدق أن هذه الخيمة البسيطة المسقوفة بجلود تخس وشعر معزى المقامة على عصى وأوتدة\'a1 المحمولة على الظهور والأكتاف تحوى في ظاهرها وفي باطنها سر الكنيسة وخلاص العالم.
خروج,39,27,"خيمة الاجتماع · من كان يصدق أن هذه الخيمة البسيطة المسقوفة بجلود تخس وشعر معزى المقامة على عصى وأوتدة\'a1 المحمولة على الظهور والأكتاف تحوى في ظاهرها وفي باطنها سر الكنيسة وخلاص العالم.
خروج,39,28,"خيمة الاجتماع · من كان يصدق أن هذه الخيمة البسيطة المسقوفة بجلود تخس وشعر معزى المقامة على عصى وأوتدة\'a1 المحمولة على الظهور والأكتاف تحوى في ظاهرها وفي باطنها سر الكنيسة وخلاص العالم.
خروج,39,29,"خيمة الاجتماع · من كان يصدق أن هذه الخيمة البسيطة المسقوفة بجلود تخس وشعر معزى المقامة على عصى وأوتدة\'a1 المحمولة على الظهور والأكتاف تحوى في ظاهرها وفي باطنها سر الكنيسة وخلاص العالم.
خروج,39,30,"خيمة الاجتماع · من كان يصدق أن هذه الخيمة البسيطة المسقوفة بجلود تخس وشعر معزى المقامة على عصى وأوتدة\'a1 المحمولة على الظهور والأكتاف تحوى في ظاهرها وفي باطنها سر الكنيسة وخلاص العالم.
خروج,39,31,"خيمة الاجتماع · من كان يصدق أن هذه الخيمة البسيطة المسقوفة بجلود تخس وشعر معزى المقامة على عصى وأوتدة\'a1 المحمولة على الظهور والأكتاف تحوى في ظاهرها وفي باطنها سر الكنيسة وخلاص العالم.
خروج,39,32,"خيمة الاجتماع · من كان يصدق أن هذه الخيمة البسيطة المسقوفة بجلود تخس وشعر معزى المقامة على عصى وأوتدة\'a1 المحمولة على الظهور والأكتاف تحوى في ظاهرها وفي باطنها سر الكنيسة وخلاص العالم.
خروج,39,33,"خيمة الاجتماع · من كان يصدق أن هذه الخيمة البسيطة المسقوفة بجلود تخس وشعر معزى المقامة على عصى وأوتدة\'a1 المحمولة على الظهور والأكتاف تحوى في ظاهرها وفي باطنها سر الكنيسة وخلاص العالم.
خروج,39,34,"خيمة الاجتماع · من كان يصدق أن هذه الخيمة البسيطة المسقوفة بجلود تخس وشعر معزى المقامة على عصى وأوتدة\'a1 المحمولة على الظهور والأكتاف تحوى في ظاهرها وفي باطنها سر الكنيسة وخلاص العالم.
خروج,39,35,"خيمة الاجتماع · من كان يصدق أن هذه الخيمة البسيطة المسقوفة بجلود تخس وشعر معزى المقامة على عصى وأوتدة\'a1 المحمولة على الظهور والأكتاف تحوى في ظاهرها وفي باطنها سر الكنيسة وخلاص العالم.
خروج,39,36,"خيمة الاجتماع · من كان يصدق أن هذه الخيمة البسيطة المسقوفة بجلود تخس وشعر معزى المقامة على عصى وأوتدة\'a1 المحمولة على الظهور والأكتاف تحوى في ظاهرها وفي باطنها سر الكنيسة وخلاص العالم.
خروج,39,37,"خيمة الاجتماع · من كان يصدق أن هذه الخيمة البسيطة المسقوفة بجلود تخس وشعر معزى المقامة على عصى وأوتدة\'a1 المحمولة على الظهور والأكتاف تحوى في ظاهرها وفي باطنها سر الكنيسة وخلاص العالم.
خروج,39,38,"خيمة الاجتماع · من كان يصدق أن هذه الخيمة البسيطة المسقوفة بجلود تخس وشعر معزى المقامة على عصى وأوتدة\'a1 المحمولة على الظهور والأكتاف تحوى في ظاهرها وفي باطنها سر الكنيسة وخلاص العالم.
خروج,39,39,"خيمة الاجتماع · من كان يصدق أن هذه الخيمة البسيطة المسقوفة بجلود تخس وشعر معزى المقامة على عصى وأوتدة\'a1 المحمولة على الظهور والأكتاف تحوى في ظاهرها وفي باطنها سر الكنيسة وخلاص العالم.
خروج,39,40,"خيمة الاجتماع · من كان يصدق أن هذه الخيمة البسيطة المسقوفة بجلود تخس وشعر معزى المقامة على عصى وأوتدة\'a1 المحمولة على الظهور والأكتاف تحوى في ظاهرها وفي باطنها سر الكنيسة وخلاص العالم.
خروج,39,41,"خيمة الاجتماع · من كان يصدق أن هذه الخيمة البسيطة المسقوفة بجلود تخس وشعر معزى المقامة على عصى وأوتدة\'a1 المحمولة على الظهور والأكتاف تحوى في ظاهرها وفي باطنها سر الكنيسة وخلاص العالم.
خروج,39,42,"خيمة الاجتماع · من كان يصدق أن هذه الخيمة البسيطة المسقوفة بجلود تخس وشعر معزى المقامة على عصى وأوتدة\'a1 المحمولة على الظهور والأكتاف تحوى في ظاهرها وفي باطنها سر الكنيسة وخلاص العالم.
خروج,39,43,"خيمة الاجتماع · من كان يصدق أن هذه الخيمة البسيطة المسقوفة بجلود تخس وشعر معزى المقامة على عصى وأوتدة\'a1 المحمولة على الظهور والأكتاف تحوى في ظاهرها وفي باطنها سر الكنيسة وخلاص العالم.
خروج,39,44,"خيمة الاجتماع · من كان يصدق أن هذه الخيمة البسيطة المسقوفة بجلود تخس وشعر معزى المقامة على عصى وأوتدة\'a1 المحمولة على الظهور والأكتاف تحوى في ظاهرها وفي باطنها سر الكنيسة وخلاص العالم.
خروج,39,45,"خيمة الاجتماع · من كان يصدق أن هذه الخيمة البسيطة المسقوفة بجلود تخس وشعر معزى المقامة على عصى وأوتدة\'a1 المحمولة على الظهور والأكتاف تحوى في ظاهرها وفي باطنها سر الكنيسة وخلاص العالم.
خروج,39,46,"خيمة الاجتماع · من كان يصدق أن هذه الخيمة البسيطة المسقوفة بجلود تخس وشعر معزى المقامة على عصى وأوتدة\'a1 المحمولة على الظهور والأكتاف تحوى في ظاهرها وفي باطنها سر الكنيسة وخلاص العالم.
خروج,39,47,"خيمة الاجتماع · من كان يصدق أن هذه الخيمة البسيطة المسقوفة بجلود تخس وشعر معزى المقامة على عصى وأوتدة\'a1 المحمولة على الظهور والأكتاف تحوى في ظاهرها وفي باطنها سر الكنيسة وخلاص العالم.
خروج,39,48,"خيمة الاجتماع · من كان يصدق أن هذه الخيمة البسيطة المسقوفة بجلود تخس وشعر معزى المقامة على عصى وأوتدة\'a1 المحمولة على الظهور والأكتاف تحوى في ظاهرها وفي باطنها سر الكنيسة وخلاص العالم.
خروج,39,49,"خيمة الاجتماع · من كان يصدق أن هذه الخيمة البسيطة المسقوفة بجلود تخس وشعر معزى المقامة على عصى وأوتدة\'a1 المحمولة على الظهور والأكتاف تحوى في ظاهرها وفي باطنها سر الكنيسة وخلاص العالم.
خروج,39,50,"خيمة الاجتماع · من كان يصدق أن هذه الخيمة البسيطة المسقوفة بجلود تخس وشعر معزى المقامة على عصى وأوتدة\'a1 المحمولة على الظهور والأكتاف تحوى في ظاهرها وفي باطنها سر الكنيسة وخلاص العالم.
خروج,39,51,"خيمة الاجتماع · من كان يصدق أن هذه الخيمة البسيطة المسقوفة بجلود تخس وشعر معزى المقامة على عصى وأوتدة\'a1 المحمولة على الظهور والأكتاف تحوى في ظاهرها وفي باطنها سر الكنيسة وخلاص العالم.
خروج,39,52,"خيمة الاجتماع · من كان يصدق أن هذه الخيمة البسيطة المسقوفة بجلود تخس وشعر معزى المقامة على عصى وأوتدة\'a1 المحمولة على الظهور والأكتاف تحوى في ظاهرها وفي باطنها سر الكنيسة وخلاص العالم.
خروج,39,53,"خيمة الاجتماع · من كان يصدق أن هذه الخيمة البسيطة المسقوفة بجلود تخس وشعر معزى المقامة على عصى وأوتدة\'a1 المحمولة على الظهور والأكتاف تحوى في ظاهرها وفي باطنها سر الكنيسة وخلاص العالم.
خروج,39,54,"خيمة الاجتماع · من كان يصدق أن هذه الخيمة البسيطة المسقوفة بجلود تخس وشعر معزى المقامة على عصى وأوتدة\'a1 المحمولة على الظهور والأكتاف تحوى في ظاهرها وفي باطنها سر الكنيسة وخلاص العالم.
خروج,39,55,"خيمة الاجتماع · من كان يصدق أن هذه الخيمة البسيطة المسقوفة بجلود تخس وشعر معزى المقامة على عصى وأوتدة\'a1 المحمولة على الظهور والأكتاف تحوى في ظاهرها وفي باطنها سر الكنيسة وخلاص العالم.
خروج,39,56,"خيمة الاجتماع · من كان يصدق أن هذه الخيمة البسيطة المسقوفة بجلود تخس وشعر معزى المقامة على عصى وأوتدة\'a1 المحمولة على الظهور والأكتاف تحوى في ظاهرها وفي باطنها سر الكنيسة وخلاص العالم.
خروج,39,57,"خيمة الاجتماع · من كان يصدق أن هذه الخيمة البسيطة المسقوفة بجلود تخس وشعر معزى المقامة على عصى وأوتدة\'a1 المحمولة على الظهور والأكتاف تحوى في ظاهرها وفي باطنها سر الكنيسة وخلاص العالم.
خروج,39,58,"خيمة الاجتماع · من كان يصدق أن هذه الخيمة البسيطة المسقوفة بجلود تخس وشعر معزى المقامة على عصى وأوتدة\'a1 المحمولة على الظهور والأكتاف تحوى في ظاهرها وفي باطنها سر الكنيسة وخلاص العالم.
خروج,39,59,"خيمة الاجتماع · من كان يصدق أن هذه الخيمة البسيطة المسقوفة بجلود تخس وشعر معزى المقامة على عصى وأوتدة\'a1 المحمولة على الظهور والأكتاف تحوى في ظاهرها وفي باطنها سر الكنيسة وخلاص العالم.
خروج,39,60,"خيمة الاجتماع · من كان يصدق أن هذه الخيمة البسيطة المسقوفة بجلود تخس وشعر معزى المقامة على عصى وأوتدة\'a1 المحمولة على الظهور والأكتاف تحوى في ظاهرها وفي باطنها سر الكنيسة وخلاص العالم.
خروج,39,61,"خيمة الاجتماع · من كان يصدق أن هذه الخيمة البسيطة المسقوفة بجلود تخس وشعر معزى المقامة على عصى وأوتدة\'a1 المحمولة على الظهور والأكتاف تحوى في ظاهرها وفي باطنها سر الكنيسة وخلاص العالم.
خروج,39,62,"خيمة الاجتماع · من كان يصدق أن هذه الخيمة البسيطة المسقوفة بجلود تخس وشعر معزى المقامة على عصى وأوتدة\'a1 المحمولة على الظهور والأكتاف تحوى في ظاهرها وفي باطنها سر الكنيسة وخلاص العالم.
خروج,39,63,"خيمة الاجتماع · من كان يصدق أن هذه الخيمة البسيطة المسقوفة بجلود تخس وشعر معزى المقامة على عصى وأوتدة\'a1 المحمولة على الظهور والأكتاف تحوى في ظاهرها وفي باطنها سر الكنيسة وخلاص العالم.
خروج,39,64,"خيمة الاجتماع · من كان يصدق أن هذه الخيمة البسيطة المسقوفة بجلود تخس وشعر معزى المقامة على عصى وأوتدة\'a1 المحمولة على الظهور والأكتاف تحوى في ظاهرها وفي باطنها سر الكنيسة وخلاص العالم.
خروج,39,65,"خيمة الاجتماع · من كان يصدق أن هذه الخيمة البسيطة المسقوفة بجلود تخس وشعر معزى المقامة على عصى وأوتدة\'a1 المحمولة على الظهور والأكتاف تحوى في ظاهرها وفي باطنها سر الكنيسة وخلاص العالم.
خروج,39,66,"خيمة الاجتماع · من كان يصدق أن هذه الخيمة البسيطة المسقوفة بجلود تخس وشعر معزى المقامة على عصى وأوتدة\'a1 المحمولة على الظهور والأكتاف تحوى في ظاهرها وفي باطنها سر الكنيسة وخلاص العالم.
خروج,39,67,"خيمة الاجتماع · من كان يصدق أن هذه الخيمة البسيطة المسقوفة بجلود تخس وشعر معزى المقامة على عصى وأوتدة\'a1 المحمولة على الظهور والأكتاف تحوى في ظاهرها وفي باطنها سر الكنيسة وخلاص العالم.
خروج,39,68,"خيمة الاجتماع · من كان يصدق أن هذه الخيمة البسيطة المسقوفة بجلود تخس وشعر معزى المقامة على عصى وأوتدة\'a1 المحمولة على الظهور والأكتاف تحوى في ظاهرها وفي باطنها سر الكنيسة وخلاص العالم.
خروج,39,69,"خيمة الاجتماع · من كان يصدق أن هذه الخيمة البسيطة المسقوفة بجلود تخس وشعر معزى المقامة على عصى وأوتدة\'a1 المحمولة على الظهور والأكتاف تحوى في ظاهرها وفي باطنها سر الكنيسة وخلاص العالم.
خروج,39,70,"خيمة الاجتماع · من كان يصدق أن هذه الخيمة البسيطة المسقوفة بجلود تخس وشعر معزى المقامة على عصى وأوتدة\'a1 المحمولة على الظهور والأكتاف تحوى في ظاهرها وفي باطنها سر الكنيسة وخلاص العالم.
خروج,39,71,"خيمة الاجتماع · من كان يصدق أن هذه الخيمة البسيطة المسقوفة بجلود تخس وشعر معزى المقامة على عصى وأوتدة\'a1 المحمولة على الظهور والأكتاف تحوى في ظاهرها وفي باطنها سر الكنيسة وخلاص العالم.
خروج,39,72,"خيمة الاجتماع · من كان يصدق أن هذه الخيمة البسيطة المسقوفة بجلود تخس وشعر معزى المقامة على عصى وأوتدة\'a1 المحمولة على الظهور والأكتاف تحوى في ظاهرها وفي باطنها سر الكنيسة وخلاص العالم.
خروج,39,73,"خيمة الاجتماع · من كان يصدق أن هذه الخيمة البسيطة المسقوفة بجلود تخس وشعر معزى المقامة على عصى وأوتدة\'a1 المحمولة على الظهور والأكتاف تحوى في ظاهرها وفي باطنها سر الكنيسة وخلاص العالم.
خروج,39,74,"خيمة الاجتماع · من كان يصدق أن هذه الخيمة البسيطة المسقوفة بجلود تخس وشعر معزى المقامة على عصى وأوتدة\'a1 المحمولة على الظهور والأكتاف تحوى في ظاهرها وفي باطنها سر الكنيسة وخلاص العالم.
خروج,39,75,"خيمة الاجتماع · من كان يصدق أن هذه الخيمة البسيطة المسقوفة بجلود تخس وشعر معزى المقامة على عصى وأوتدة\'a1 المحمولة على الظهور والأكتاف تحوى في ظاهرها وفي باطنها سر الكنيسة وخلاص العالم.
خروج,39,76,"خيمة الاجتماع · من كان يصدق أن هذه الخيمة البسيطة المسقوفة بجلود تخس وشعر معزى المقامة على عصى وأوتدة\'a1 المحمولة على الظهور والأكتاف تحوى في ظاهرها وفي باطنها سر الكنيسة وخلاص العالم.
خروج,39,77,"خيمة الاجتماع · من كان يصدق أن هذه الخيمة البسيطة المسقوفة بجلود تخس وشعر معزى المقامة على عصى وأوتدة\'a1 المحمولة على الظهور والأكتاف تحوى في ظاهرها وفي باطنها سر الكنيسة وخلاص العالم.
خروج,39,78,"خيمة الاجتماع · من كان يصدق أن هذه الخيمة البسيطة المسقوفة بجلود تخس وشعر معزى المقامة على عصى وأوتدة\'a1 المحمولة على الظهور والأكتاف تحوى في ظاهرها وفي باطنها سر الكنيسة وخلاص العالم.
خروج,39,79,"خيمة الاجتماع · من كان يصدق أن هذه الخيمة البسيطة المسقوفة بجلود تخس وشعر معزى المقامة على عصى وأوتدة\'a1 المحمولة على الظهور والأكتاف تحوى في ظاهرها وفي باطنها سر الكنيسة وخلاص العالم.
خروج,39,80,"خيمة الاجتماع · من كان يصدق أن هذه الخيمة البسيطة المسقوفة بجلود تخس وشعر معزى المقامة على عصى وأوتدة\'a1 المحمولة على الظهور والأكتاف تحوى في ظاهرها وفي باطنها سر الكنيسة وخلاص العالم.
خروج,39,81,"خيمة الاجتماع · من كان يصدق أن هذه الخيمة البسيطة المسقوفة بجلود تخس وشعر معزى المقامة على عصى وأوتدة\'a1 المحمولة على الظهور والأكتاف تحوى في ظاهرها وفي باطنها سر الكنيسة وخلاص العالم.
خروج,39,82,"خيمة الاجتماع · من كان يصدق أن هذه الخيمة البسيطة المسقوفة بجلود تخس وشعر معزى المقامة على عصى وأوتدة\'a1 المحمولة على الظهور والأكتاف تحوى في ظاهرها وفي باطنها سر الكنيسة وخلاص العالم.
خروج,39,83,"خيمة الاجتماع · من كان يصدق أن هذه الخيمة البسيطة المسقوفة بجلود تخس وشعر معزى المقامة على عصى وأوتدة\'a1 المحمولة على الظهور والأكتاف تحوى في ظاهرها وفي باطنها سر الكنيسة وخلاص العالم.
خروج,39,84,"خيمة الاجتماع · من كان يصدق أن هذه الخيمة البسيطة المسقوفة بجلود تخس وشعر معزى المقامة على عصى وأوتدة\'a1 المحمولة على الظهور والأكتاف تحوى في ظاهرها وفي باطنها سر الكنيسة وخلاص العالم.
خروج,39,85,"خيمة الاجتماع · من كان يصدق أن هذه الخيمة البسيطة المسقوفة بجلود تخس وشعر معزى المقامة على عصى وأوتدة\'a1 المحمولة على الظهور والأكتاف تحوى في ظاهرها وفي باطنها سر الكنيسة وخلاص العالم.
خروج,39,86,"خيمة الاجتماع · من كان يصدق أن هذه الخيمة البسيطة المسقوفة بجلود تخس وشعر معزى المقامة على عصى وأوتدة\'a1 المحمولة على الظهور والأكتاف تحوى في ظاهرها وفي باطنها سر الكنيسة وخلاص العالم.
خروج,39,87,"خيمة الاجتماع · من كان يصدق أن هذه الخيمة البسيطة المسقوفة بجلود تخس وشعر معزى المقامة على عصى وأوتدة\'a1 المحمولة على الظهور والأكتاف تحوى في ظاهرها وفي باطنها سر الكنيسة وخلاص العالم.
خروج,39,88,"خيمة الاجتماع · من كان يصدق أن هذه الخيمة البسيطة المسقوفة بجلود تخس وشعر معزى المقامة على عصى وأوتدة\'a1 المحمولة على الظهور والأكتاف تحوى في ظاهرها وفي باطنها سر الكنيسة وخلاص العالم.
خروج,39,89,"خيمة الاجتماع · من كان يصدق أن هذه الخيمة البسيطة المسقوفة بجلود تخس وشعر معزى المقامة على عصى وأوتدة\'a1 المحمولة على الظهور والأكتاف تحوى في ظاهرها وفي باطنها سر الكنيسة وخلاص العالم.
خروج,39,90,"خيمة الاجتماع · من كان يصدق أن هذه الخيمة البسيطة المسقوفة بجلود تخس وشعر معزى المقامة على عصى وأوتدة\'a1 المحمولة على الظهور والأكتاف تحوى في ظاهرها وفي باطنها سر الكنيسة وخلاص العالم.
خروج,39,91,"خيمة الاجتماع · من كان يصدق أن هذه الخيمة البسيطة المسقوفة بجلود تخس وشعر معزى المقامة على عصى وأوتدة\'a1 المحمولة على الظهور والأكتاف تحوى في ظاهرها وفي باطنها سر الكنيسة وخلاص العالم.
خروج,39,92,"خيمة الاجتماع · من كان يصدق أن هذه الخيمة البسيطة المسقوفة بجلود تخس وشعر معزى المقامة على عصى وأوتدة\'a1 المحمولة على الظهور والأكتاف تحوى في ظاهرها وفي باطنها سر الكنيسة وخلاص العالم.
خروج,39,93,"خيمة الاجتماع · من كان يصدق أن هذه الخيمة البسيطة المسقوفة بجلود تخس وشعر معزى المقامة على عصى وأوتدة\'a1 المحمولة على الظهور والأكتاف تحوى في ظاهرها وفي باطنها سر الكنيسة وخلاص العالم.
خروج,39,94,"خيمة الاجتماع · من كان يصدق أن هذه الخيمة البسيطة المسقوفة بجلود تخس وشعر معزى المقامة على عصى وأوتدة\'a1 المحمولة على الظهور والأكتاف تحوى في ظاهرها وفي باطنها سر الكنيسة وخلاص العالم.
خروج,39,95,"خيمة الاجتماع · من كان يصدق أن هذه الخيمة البسيطة المسقوفة بجلود تخس وشعر معزى المقامة على عصى وأوتدة\'a1 المحمولة على الظهور والأكتاف تحوى في ظاهرها وفي باطنها سر الكنيسة وخلاص العالم.
خروج,39,96,"خيمة الاجتماع · من كان يصدق أن هذه الخيمة البسيطة المسقوفة بجلود تخس وشعر معزى المقامة على عصى وأوتدة\'a1 المحمولة على الظهور والأكتاف تحوى في ظاهرها وفي باطنها سر الكنيسة وخلاص العالم.
خروج,39,97,"خيمة الاجتماع · من كان يصدق أن هذه الخيمة البسيطة المسقوفة بجلود تخس وشعر معزى المقامة على عصى وأوتدة\'a1 المحمولة على الظهور والأكتاف تحوى في ظاهرها وفي باطنها سر الكنيسة وخلاص العالم.
خروج,39,98,"خيمة الاجتماع · من كان يصدق أن هذه الخيمة البسيطة المسقوفة بجلود تخس وشعر معزى المقامة على عصى وأوتدة\'a1 المحمولة على الظهور والأكتاف تحوى في ظاهرها وفي باطنها سر الكنيسة وخلاص العالم.
خروج,39,99,"خيمة الاجتماع · من كان يصدق أن هذه الخيمة البسيطة المسقوفة بجلود تخس وشعر معزى المقامة على عصى وأوتدة\'a1 المحمولة على الظهور والأكتاف تحوى في ظاهرها وفي باطنها سر الكنيسة وخلاص العالم.
خروج,40,1,"( 40:34): ""ثم غطت السحابة خيمة الاجتماع وملأ بهاء الرب المسكن.""
خروج,40,2,"( 40:34): ""ثم غطت السحابة خيمة الاجتماع وملأ بهاء الرب المسكن.""
خروج,40,3,"( 40:34): ""ثم غطت السحابة خيمة الاجتماع وملأ بهاء الرب المسكن.""
خروج,40,4,"( 40:34): ""ثم غطت السحابة خيمة الاجتماع وملأ بهاء الرب المسكن.""
خروج,40,5,"( 40:34): ""ثم غطت السحابة خيمة الاجتماع وملأ بهاء الرب المسكن.""
خروج,40,6,"( 40:34): ""ثم غطت السحابة خيمة الاجتماع وملأ بهاء الرب المسكن.""
خروج,40,7,"( 40:34): ""ثم غطت السحابة خيمة الاجتماع وملأ بهاء الرب المسكن.""
خروج,40,8,"( 40:34): ""ثم غطت السحابة خيمة الاجتماع وملأ بهاء الرب المسكن.""
خروج,40,9,"( 40:34): ""ثم غطت السحابة خيمة الاجتماع وملأ بهاء الرب المسكن.""
خروج,40,10,"( 40:34): ""ثم غطت السحابة خيمة الاجتماع وملأ بهاء الرب المسكن.""
خروج,40,11,"( 40:34): ""ثم غطت السحابة خيمة الاجتماع وملأ بهاء الرب المسكن.""
خروج,40,12,"( 40:34): ""ثم غطت السحابة خيمة الاجتماع وملأ بهاء الرب المسكن.""
خروج,40,13,"( 40:34): ""ثم غطت السحابة خيمة الاجتماع وملأ بهاء الرب المسكن.""
خروج,40,14,"( 40:34): ""ثم غطت السحابة خيمة الاجتماع وملأ بهاء الرب المسكن.""
خروج,40,15,"( 40:34): ""ثم غطت السحابة خيمة الاجتماع وملأ بهاء الرب المسكن.""
خروج,40,16,"( 40:34): ""ثم غطت السحابة خيمة الاجتماع وملأ بهاء الرب المسكن.""
خروج,40,17,"( 40:34): ""ثم غطت السحابة خيمة الاجتماع وملأ بهاء الرب المسكن.""
خروج,40,18,"( 40:34): ""ثم غطت السحابة خيمة الاجتماع وملأ بهاء الرب المسكن.""
خروج,40,19,"( 40:34): ""ثم غطت السحابة خيمة الاجتماع وملأ بهاء الرب المسكن.""
خروج,40,20,"( 40:34): ""ثم غطت السحابة خيمة الاجتماع وملأ بهاء الرب المسكن.""
خروج,40,21,"( 40:34): ""ثم غطت السحابة خيمة الاجتماع وملأ بهاء الرب المسكن.""
خروج,40,22,"( 40:34): ""ثم غطت السحابة خيمة الاجتماع وملأ بهاء الرب المسكن.""
خروج,40,23,"( 40:34): ""ثم غطت السحابة خيمة الاجتماع وملأ بهاء الرب المسكن.""
خروج,40,24,"( 40:34): ""ثم غطت السحابة خيمة الاجتماع وملأ بهاء الرب المسكن.""
خروج,40,25,"( 40:34): ""ثم غطت السحابة خيمة الاجتماع وملأ بهاء الرب المسكن.""
خروج,40,26,"( 40:34): ""ثم غطت السحابة خيمة الاجتماع وملأ بهاء الرب المسكن.""
خروج,40,27,"( 40:34): ""ثم غطت السحابة خيمة الاجتماع وملأ بهاء الرب المسكن.""
خروج,40,28,"( 40:34): ""ثم غطت السحابة خيمة الاجتماع وملأ بهاء الرب المسكن.""
خروج,40,29,"( 40:34): ""ثم غطت السحابة خيمة الاجتماع وملأ بهاء الرب المسكن.""
خروج,40,30,"( 40:34): ""ثم غطت السحابة خيمة الاجتماع وملأ بهاء الرب المسكن.""
خروج,40,31,"( 40:34): ""ثم غطت السحابة خيمة الاجتماع وملأ بهاء الرب المسكن.""
خروج,40,32,"( 40:34): ""ثم غطت السحابة خيمة الاجتماع وملأ بهاء الرب المسكن.""
خروج,40,33,"( 40:34): ""ثم غطت السحابة خيمة الاجتماع وملأ بهاء الرب المسكن.""
خروج,40,34,"( 40:34): ""ثم غطت السحابة خيمة الاجتماع وملأ بهاء الرب المسكن.""
خروج,40,35,"( 40:34): ""ثم غطت السحابة خيمة الاجتماع وملأ بهاء الرب المسكن.""
خروج,40,36,"( 40:34): ""ثم غطت السحابة خيمة الاجتماع وملأ بهاء الرب المسكن.""
خروج,40,37,"( 40:34): ""ثم غطت السحابة خيمة الاجتماع وملأ بهاء الرب المسكن.""
خروج,40,38,"( 40:34): ""ثم غطت السحابة خيمة الاجتماع وملأ بهاء الرب المسكن.""
خروج,40,39,"( 40:34): ""ثم غطت السحابة خيمة الاجتماع وملأ بهاء الرب المسكن.""
خروج,40,40,"( 40:34): ""ثم غطت السحابة خيمة الاجتماع وملأ بهاء الرب المسكن.""
خروج,40,41,"( 40:34): ""ثم غطت السحابة خيمة الاجتماع وملأ بهاء الرب المسكن.""
خروج,40,42,"( 40:34): ""ثم غطت السحابة خيمة الاجتماع وملأ بهاء الرب المسكن.""
خروج,40,43,"( 40:34): ""ثم غطت السحابة خيمة الاجتماع وملأ بهاء الرب المسكن.""
خروج,40,44,"( 40:34): ""ثم غطت السحابة خيمة الاجتماع وملأ بهاء الرب المسكن.""
خروج,40,45,"( 40:34): ""ثم غطت السحابة خيمة الاجتماع وملأ بهاء الرب المسكن.""
خروج,40,46,"( 40:34): ""ثم غطت السحابة خيمة الاجتماع وملأ بهاء الرب المسكن.""
خروج,40,47,"( 40:34): ""ثم غطت السحابة خيمة الاجتماع وملأ بهاء الرب المسكن.""
خروج,40,48,"( 40:34): ""ثم غطت السحابة خيمة الاجتماع وملأ بهاء الرب المسكن.""
خروج,40,49,"( 40:34): ""ثم غطت السحابة خيمة الاجتماع وملأ بهاء الرب المسكن.""
خروج,40,50,"( 40:34): ""ثم غطت السحابة خيمة الاجتماع وملأ بهاء الرب المسكن.""
خروج,40,51,"( 40:34): ""ثم غطت السحابة خيمة الاجتماع وملأ بهاء الرب المسكن.""
خروج,40,52,"( 40:34): ""ثم غطت السحابة خيمة الاجتماع وملأ بهاء الرب المسكن.""
خروج,40,53,"( 40:34): ""ثم غطت السحابة خيمة الاجتماع وملأ بهاء الرب المسكن.""
خروج,40,54,"( 40:34): ""ثم غطت السحابة خيمة الاجتماع وملأ بهاء الرب المسكن.""
خروج,40,55,"( 40:34): ""ثم غطت السحابة خيمة الاجتماع وملأ بهاء الرب المسكن.""
خروج,40,56,"( 40:34): ""ثم غطت السحابة خيمة الاجتماع وملأ بهاء الرب المسكن.""
خروج,40,57,"( 40:34): ""ثم غطت السحابة خيمة الاجتماع وملأ بهاء الرب المسكن.""
خروج,40,58,"( 40:34): ""ثم غطت السحابة خيمة الاجتماع وملأ بهاء الرب المسكن.""
خروج,40,59,"( 40:34): ""ثم غطت السحابة خيمة الاجتماع وملأ بهاء الرب المسكن.""
خروج,40,60,"( 40:34): ""ثم غطت السحابة خيمة الاجتماع وملأ بهاء الرب المسكن.""
خروج,40,61,"( 40:34): ""ثم غطت السحابة خيمة الاجتماع وملأ بهاء الرب المسكن.""
خروج,40,62,"( 40:34): ""ثم غطت السحابة خيمة الاجتماع وملأ بهاء الرب المسكن.""
خروج,40,63,"( 40:34): ""ثم غطت السحابة خيمة الاجتماع وملأ بهاء الرب المسكن.""
خروج,40,64,"( 40:34): ""ثم غطت السحابة خيمة الاجتماع وملأ بهاء الرب المسكن.""
خروج,40,65,"( 40:34): ""ثم غطت السحابة خيمة الاجتماع وملأ بهاء الرب المسكن.""
خروج,40,66,"( 40:34): ""ثم غطت السحابة خيمة الاجتماع وملأ بهاء الرب المسكن.""
خروج,40,67,"( 40:34): ""ثم غطت السحابة خيمة الاجتماع وملأ بهاء الرب المسكن.""
خروج,40,68,"( 40:34): ""ثم غطت السحابة خيمة الاجتماع وملأ بهاء الرب المسكن.""
خروج,40,69,"( 40:34): ""ثم غطت السحابة خيمة الاجتماع وملأ بهاء الرب المسكن.""
خروج,40,70,"( 40:34): ""ثم غطت السحابة خيمة الاجتماع وملأ بهاء الرب المسكن.""
خروج,40,71,"( 40:34): ""ثم غطت السحابة خيمة الاجتماع وملأ بهاء الرب المسكن.""
خروج,40,72,"( 40:34): ""ثم غطت السحابة خيمة الاجتماع وملأ بهاء الرب المسكن.""
خروج,40,73,"( 40:34): ""ثم غطت السحابة خيمة الاجتماع وملأ بهاء الرب المسكن.""
خروج,40,74,"( 40:34): ""ثم غطت السحابة خيمة الاجتماع وملأ بهاء الرب المسكن.""
خروج,40,75,"( 40:34): ""ثم غطت السحابة خيمة الاجتماع وملأ بهاء الرب المسكن.""
خروج,40,76,"( 40:34): ""ثم غطت السحابة خيمة الاجتماع وملأ بهاء الرب المسكن.""
خروج,40,77,"( 40:34): ""ثم غطت السحابة خيمة الاجتماع وملأ بهاء الرب المسكن.""
خروج,40,78,"( 40:34): ""ثم غطت السحابة خيمة الاجتماع وملأ بهاء الرب المسكن.""
خروج,40,79,"( 40:34): ""ثم غطت السحابة خيمة الاجتماع وملأ بهاء الرب المسكن.""
خروج,40,80,"( 40:34): ""ثم غطت السحابة خيمة الاجتماع وملأ بهاء الرب المسكن.""
خروج,40,81,"( 40:34): ""ثم غطت السحابة خيمة الاجتماع وملأ بهاء الرب المسكن.""
خروج,40,82,"( 40:34): ""ثم غطت السحابة خيمة الاجتماع وملأ بهاء الرب المسكن.""
خروج,40,83,"( 40:34): ""ثم غطت السحابة خيمة الاجتماع وملأ بهاء الرب المسكن.""
خروج,40,84,"( 40:34): ""ثم غطت السحابة خيمة الاجتماع وملأ بهاء الرب المسكن.""
خروج,40,85,"( 40:34): ""ثم غطت السحابة خيمة الاجتماع وملأ بهاء الرب المسكن.""
خروج,40,86,"( 40:34): ""ثم غطت السحابة خيمة الاجتماع وملأ بهاء الرب المسكن.""
خروج,40,87,"( 40:34): ""ثم غطت السحابة خيمة الاجتماع وملأ بهاء الرب المسكن.""
خروج,40,88,"( 40:34): ""ثم غطت السحابة خيمة الاجتماع وملأ بهاء الرب المسكن.""
خروج,40,89,"( 40:34): ""ثم غطت السحابة خيمة الاجتماع وملأ بهاء الرب المسكن.""
خروج,40,90,"( 40:34): ""ثم غطت السحابة خيمة الاجتماع وملأ بهاء الرب المسكن.""
خروج,40,91,"( 40:34): ""ثم غطت السحابة خيمة الاجتماع وملأ بهاء الرب المسكن.""
خروج,40,92,"( 40:34): ""ثم غطت السحابة خيمة الاجتماع وملأ بهاء الرب المسكن.""
خروج,40,93,"( 40:34): ""ثم غطت السحابة خيمة الاجتماع وملأ بهاء الرب المسكن.""
خروج,40,94,"( 40:34): ""ثم غطت السحابة خيمة الاجتماع وملأ بهاء الرب المسكن.""
خروج,40,95,"( 40:34): ""ثم غطت السحابة خيمة الاجتماع وملأ بهاء الرب المسكن.""
خروج,40,96,"( 40:34): ""ثم غطت السحابة خيمة الاجتماع وملأ بهاء الرب المسكن.""
خروج,40,97,"( 40:34): ""ثم غطت السحابة خيمة الاجتماع وملأ بهاء الرب المسكن.""
خروج,40,98,"( 40:34): ""ثم غطت السحابة خيمة الاجتماع وملأ بهاء الرب المسكن.""
خروج,40,99,"( 40:34): ""ثم غطت السحابة خيمة الاجتماع وملأ بهاء الرب المسكن.""